GroundTruth,Prediction
أرْزِڧِࢽْمࣸ بِسَاسَعَادَا    کَى ࢽࣸڢِࢽْ کَلْمَرْشَهَادَا,أَرْزِڧِࢽْمࣸ بِسَاسَعَادَا کَيْ ࢽࣸڢِࢽْ کَلْمَرْشَهَادَا
غَتࣸوذࣸوࢽْ ڢࣸطࣸأَزࣸمِي ڢَحَجِّ ࢽَکَوْبِيَتْ    ࢽَشِدَّ ڢَأَلْوَضَّا تَحَيَّرْ مࣸحَمَّدَا,غَتࣸوذࣸوࢽْ ڢࣸطࣸأزࣸمِي ڢَجَجِّ ࢽَکَوْبِيَتْ  حَشِدَّڢَالوَضَّاتَحَيَّرْ مࣸحَمَّدَا
ࢽى,ࢽم
کيواْبَيْغَ ڧَسَࢽْدَزَيْ تَبَابَا,کࣸواْبَيْغَ ڧَسَࢽْدَزَيْ تَبَابَا
وَطَࢽْسࣸ ذࣸڢَايَاکَيْ غَبَاکِي شِࢽَاغࣸدࣸو     ڢَتَيْمࣸسࣸ لزَّامٜيٰ ࢽَصَابࣸࢽْ مࣸحَمَّدَا,وَطَࢽْسࣸ ذࣸڢَايَاکَيْ غَبَاکِي شِࢽَاغࣸدࣸو  ڢَتَيْمࣸسࣸ کِزَّامٜيٰ ࢽَصَابࣸࢽْ مࣸحَمَّدَا
لِمَࢽْ ڢࣸدِرَعَلَيْهِ وࣸنَنْدٜعࣸوْحَنَّتَاطࣽ وَالاِسْلاَمࣸ,لِمَࢽْ لدِ رَعَلَيْهِ وࣸنَنْدٜ عࣽوْحَنّنَاطࣸࣸ وَالاِسْلَامࣸ
يَاىِ کٜىٰوَرْکَࢽْ شِبَرْشِ    حَࢽّࣸ مَىْ لࣸغࣸدٜىٰ دَمَاشِ,يَايِ کٜيٰوَرْکَرْشِبَرْشِ  مَࢽّࣸ مَيْ لࣸغࣸبٰٜ دَمَاشِ
يَايِى بࢽ کࣸوْوَࢽِࢽْسࣸ   سَيْ أکَࢽْ کَاشٜىٰ أَکَيْسࣸ,يَايِي بِ کࣸوْوَࢽِࢽْسࣸ سَيْ أَکَࢽْ کَاشٰٜ أَکَيْسࣸ
عمرࢽ,عمرࢽ
سَىْ ࢽَاسࣸ کَکٜىٰ بِطَادَذَمْبَا,سَيْ ࢽَاسࣸ کَکٜيٰ بِطَادَذَمْبَا
ڢکيڢ يحڢى وجود الله ياعجبا ؞ لجا هد مࢽ ظلام الکڢرت ظلل,ڢکيڢ يجلى وجودالله باعجبا ؞ کاهدمࢽ طلام الکڢر ت طلل
إࢽْبَازࣸرِيَرْدَسࣸࢽْ بَرِيْبَا,إِمْبَازࣸوبَرْدَسࣸࢽْ بَرِيبَا
غࣸومَ طَيْ ࢽٜيٰ ذَاسࣸ ࢽࣸوࢽَا   سَيسࣸ ݒࣸويٜيٰ تَرَرْدَڧَوࢽَا,غࣸومَ طَيْ ࢽٜيٰ ذَاسࣸࢽࣸوࢽَا  سَيْسࣸ بࣸويٜيٰ تَرَرْدَڧَوْࢽَا
سَيْ حِسَابِࢽْ تَارࣸوَࢽْتَا   کࣸوادَڧٰࣸواثٜيٰ کࣸوْادَسَاتَا,سَيْ حِسَايِࢽْ تَارࣸوَࢽْتَا  کࣸوْاْدَڧࣸواْثٜيٰ کࣸوْادَسَاتَا
هَرْثِکِࢽْ رࣸوَࢽٜٜىٰ تَبِيشِ بَىْ هَيٰٜبَ تَمَاڧَرٜىٰشِ,هَرْثِکِࢽْ رࣸوَࢽٜيٰ تَبِيشِ  بَيْ هَبٜيٰبَ تَمَاڧَرٜيٰشِ
٢٢  شِي تَوَاضِعࣸ ࢽبى هَلِࢽْسَ   إِࢽْ يَهَࢽْغَ أَبْࢽَــسَا,٢شِي تَوَاضِڢࣸ ࢽٜيٰ هَلِࢽْسَا  إِࢽْ يَهَࢽْغِ مࣸتْࣸ أَبَمَا
مَکَ کࣸوْاْ مَيْ بَادَشَاوَرَابَا,مَکَ کࣸوْاْمَيْ بَادَشَاوَرَابَا
2,1
کذَا کَ دَاَلْوَضَا دَوَࢽْکَࢽْ جَࢽَابَ دࣸکْ    دَڟَرْکِࢽْ کَرِي دࣸکْ وَاجِبِيࢽَا غَأَحْمَدَا,کَذَاکَ دَاَلْوَضَࢽَادَوَࢽْکَࢽْ جَࢽَابَ دࣸکْ  دَڟَرْکِࢽْ کَرِدࣸکࣸ وَاجِييࢽَاغَأحْمدَا
دࣸࢽْ مَڢِي کَيْاوࣸࢽْ طَبِيعَا    اَلࢽَّبَاوَامَاسࣸ طَاعَا,دࣸࢽْ مَڢِي کَيْاوࣸࢽْ طَبِيڢَا  اَلࢽَّبَاوَامَاسࣸ طَاعَا
عٜسَلْمِنَاڡࣽ وَالسَّلاَمࣸ عٜسَلْمِنْدٜوَسࣸنَنࣸهَا,عٜسَلْمِنَاڡࣸ وَالسَّلامࣸ عٜسَلْمِنْدٜوَسࣸنَنࣸهَا
مَطࣸجࣸولَ جࣸولْدٜعٜغَمْطࣸ مٜيطٜࢽْ برْطࣸڢࣸيْ نذࣸيْطࣸ يٜمْࢽٜ يࣸڢَاتࣸ لاَمْطࣸ مࣸمَايَتَا,مَطࣸجٜولٜ جࣸولْٜعٜفْطࣸ مٜبطٜنْجࣸرْطࣸڢࣸ  طذࣸيْطࣸ بٜمْبِ يࣸڢَاتࣸ لَامْکࣸمࣸࢽَيَتَا
دࣸࢽْ يَسَادࣸدَاَلْجَمَرْکَ    سَىْ يَکَࢽْ جٜىٰ بَابࣸ حَرْکَ,دࣸࢽْ يَسَادࣸدَاَلْجَمَرْکَ  سَيْ يَکَࢽْ جٜيٰ بَابࣸ حَرْکَ
ڧِي دَسࣸࢽْسࣸ أَکَࢽْ شَڧَاوَا   سࣸࢽْ بَثٜيٰ دࣸو،ِࢽْ طَغَاوَا,ڧِي دَسࣸࢽْسࣸ أَکَࢽْ شَڧَاوَا  سࣸࢽْ بَثٜيٰ دࣸومِࢽْ طَغَاوَا
مَاسࣸ جِࢽْيَاࢽَاتَکࣸوکَا غَامࣸتࣸم يَاکَاسَ حَرْکَا,مَاسࣸ جِࢽْيَاࢽَاتَکࣸوکَا  غَامࣸتࣸ يَاکَاسَ حَرْکَا
يࣸوَامَࢽْثِي غِيࢽْ اَدَمْ يَادَذَمْبَا   ذَمْکَجِࢽْڧَࢽْوࣸ کࣸوکࣸسَمْ غࣸوبٜي رِيبَا,يࣸواَمِࢽْثِي غَيِࢽْ أَدَمْ يَادَذَمْبَا   ذَمْکَجِࢽْغَࢽْسࣸ کࣸوکࣸسَمْ غࣸوبٜي رِيبَا
لا رالا يماࢽ تصد يڡ حفيفتى ؞ وفدافى وابلڢظ غير محتمل,لاࢽ لايماࢽ تصديڡ حفيفته ؞ وفدافى وابلڢط غي محخل
دَحَطِࢽْ سَبَبِي دَڧࣸلَّ غَابَا,دَحَطِࢽْ سَبَبِي دَڧࣸلَّ غَابَا
4,4
إِࢽْکࣸࢽْ ڧِي ذَࢽْثٜيٰࢽَا بَکࣸتࣸوبَبَا  مࣸتࣸوَاࢽَذࣸومَکࣸ کࣸوشَادَࢽْدَڧَ,إِࢽْ کࣸࢽْڧِي ذَࢽْثٜيٰࢽَابَکࣸتࣸوبَبَا  مࣸتࣸوَاࢽَذࣸومَکࣸ کࣸوشَادَࢽْدَوَ
إِࢽْتَذࣸوْأَࢽْدَيْࢽَ يَاوࣸواْ طَࢽْ ڢَشِ کࣸواْکࣸواْ بَرَاوࣸواْ,إِࢽْتَذࣸوْأَࢽْدَيْࢽَ يَاوࣸواْ  طَࢽْ ڢَشِ کࣸواْکࣸواْبَرَاوࣸواْ
غَاسِڢَاتَسَࢽَࢽْ دَکَڧَسَ,غَاسڢَاتَسَࢽَࢽْ دَکَڧَسَ
تَمْبَيَاتَاإِࢽْ إِيَايٜيٰ   وَࢽْدَ سࣸࢽْکَ ذَمࣸواْ ࢽَرَايٜيٰ,تَمْبَيَاتَاإِࢽْ إِبَابٜيٰ  وَࢽْدَسࣸࢽْکَ ذَمࣸواْࢽَرَايٜيٰ
أَکَتَاشٜىٰکَ بَادَأࢽْ إِدࣸوبَا,أَکَتَاشٰٜکَ بَادَأَࢽْ إِدࣸوبَا
7,1
الخط وال,ددک اڢ
يَاڟَيَابَوْتَرْإِيَايٜيٰ   غَايَوَࢽْ أَزࣸمِي أَݒࣸواْيٜيٰ,يَاڟَيَابَوْتَرْإِيَايٜيٰ  غَايَوَࢽْ أَزࣸمِي أَبࣸواْيٜيٰ
جِيجِيَاࢽَاکَرْکَڟٜيٰوَا     هَرْڢَرَيْ شِڢٜثٜيٰ دَکࣸرْوَا,جِيجِيَاࢽَاکَرْکَڟٜيٰوَا  هَرْڢَرَيْ شِڢِثٜيٰ دَکࣸرْوَا
رࣸوَࢽْ جَمَعَابَذَيْ غَمٜيٰبَا,رࣸوَࢽْ جَمَعَابَذَي غَمٜيٰبَا
20,1
بَرِبِيَرْ مَاسࣸ سࣸࢽْ سَرَاڟٜيٰ غَتࣸرْبَا   مَاسࣸ کࣸبࣸوڢَّ تࣸࢽْ يَتَثّٜيٰ غَبَبَّا,بَرِييَرْمَاسࣸ سࣸرْسَرَاطٜيٰ غَتࣸرْبَا مَاسࣸ کࣸبࣸوڢَّ تࣸࢽْ يَتَثٜيٰ غَبَبَّا
سَيْ إِࢽْدَرࣸوَابَيَاوࣸثٜيٰبَا,سَىْ لِࢽْدَرࣸوَابَيَاوࣸثٜيٰبَا
تَرْڟَڟِࢽْتَ کَمَرْدࣸوَاڟࣸو    إࢽْ تَوَاڟࣸ سَىْشِوَاڟࣸو,تَرْڟَڟِࢽْتَ کَمَرْدࣸوَاڟࣸو  إِࢽْ تَوَاڟࣸ سَيْ شِوَاڟࣸو
دࣸکْ غࣸمَاکَࢽْ مَالَمَيْࢽٜىٰ    مَالَمَࢽْکࣸ ࢽَذَامَࢽِيࢽٜىٰ,دࣸکْ غࣸمَاکَࢽْ مَالَهَيْࢽٜيٰ  مَالَمَࢽْکࣸ ࢽَذَامَࢽِيࢽٜيٰ
وَاڧَرْ ࢽَاࢽَ طِيَرْ شي,واڧرناࢽ طيشي عثص
إِࢽْ يَبْࢽْيِ يَبࣸوࢽْکَاࢽَاࢽَڟَابَا,إِࢽْببَڧْيِ يَبࣸوࢽْکَ ࢽَاࢽَڟَابَا
کࣽللَبَلْ ࡶَلصَّلاَةࣸحࣸلْدٜڢَرْضࣻ کࣸڢَرِضَّ لاَيࣸفْبَلࣸ ࡼللَّهࣸ,نَکَبَلْ ࡶَلصَّلاةࣸ حࣸلْدٜڢَرْضࣻ کࣽڢَرِضَّ لَايࣸفْبَلࣸ ࡼللَهࣸ
ميْڟَارَاوَاڧَا ࢽَامࣸ إِسْمَعِيلَ ࢽٜي ثَرْيَرْ کࣸڢَاجِ غَرِِࢽْعࣸبَا مَڢَرَا عࣸوَا,مَيْڟَارَاوَاڧَاࢽَامࣸ إِْمَڢِيرَࢽٜيٰ ثَرْبَرْکࣸڢَجِ غَرِغْڢࣸاَمَڢَرَاعࣸوَا
مࣸࢽْجِ کَلْمَاغَمَالَمْ مّࣸوسَىٰ   لِمَامْ کَبࣸو مَالَمْ مَيْ لَاڢِيَا,مࣸࢽْجِ کَمَاغَمَالَمْ مࣸوسَىٰ  لِمَامْ کَبࣸومَالَمْ مَيْ لَاڢِيَا
سَيْوَࢽْدَبَذَاشِ دَوَّمَابَا,سَيْوَࢽْدَبَذَاشِ دَوَّمَابَا
اَللَّهࣸ يَيْ ڟِيرَاغَأَࢽَّبِ أَحْمَدَا؞ دَءالِࢽْسࣸ جِيکࣸوکِࢽسَ سِيدِ مࣸحَمَّدَا,اَللَّهࣸ بَيْ طِيرَاغَلَࢽَّبِ أَحْمَدَا ؞  دَءَالِࢽْࣸ جِيکࣸوکِࢽْسَ سِيدِ مࣸحَمَّدَا
تࣸࢽْ سࣸࢽَا ڟࣸمْمَّاتَبَرْسࣸ   وَسࣸ ࢽَاڧࣸودَاتَکَسࣸࣸ,تࣸࢽْ سࣸࢽَاڟࣸمَّاتَبَرْسࣸ وَسࣸ ࢽَاڧࣸوࣸدَاتَکَسࣸ
غࣸࢽْ کِرَࢽْبَ بَلٜيٰ شِمَࢽْثٜيٰ   سَࢽّࣸ مَيْدَمࣸتࣸمْ بَتَثّٜيٰ,غࣸࢽْ کِرَࢽْبَ بَلٜيٰ شِمَࢽْثٜيٰ  سِࢽّࣸ مَيْدَمࣸتࣸمْ بَتَثّٜيٰمْࢽٜيٰ
شِڟَارٜيٰ غِرْمَࢽْسَ بَابغَابَا,شِرٜيٰ حَرْسَࢽْسَ بَابَعَبَا
إِࢽْبَارَحْمَرْأࣸبَࢽْ غِجِيبَا,إِࢽْبَارَحْمَرْأࣸبَࢽْ غِجِيبَا
بَابࣸ کٰٜوࣸوڢَ دࣸدَّکٰٜوتَادَذࣸوبٜلْي  حَکَࢽَامَاسࣸ ثِࢽْ أَمَاࢽَاغَغࣸوبٜيٰ,بَابࣸ کٜيٰوࣸوڢَ دࣸدَّکٰٜوْتَادَذࣸوبٜلي  حَکَࢽَامَاسࣸ ثِࢽْ أَمَاࢽَاغَغࣸوبٜيٰ
9,1
سَىْ مࣸحَمَّدࣸ دࣸࢽْ کَمَالَى    تَيْ دَذَبَبَّٜىٰࢽْ أَدَالَى,سَيْ مࣸحَمَّدࣸدࣸࢽْ کَمَالَى  تَيْ دَذَابَبّٜيٰࢽْ أَدَالَي
سَيْ وَࢽْدَبَذَاشِ لَاخِرَابَا,سَيْ وَࢽْدَبَذَاشِ لَاخِرَابَا
دمي زࢽا سيمسو ماکاڢريࢽا    ادࢽ بستوب ياذم الࢽصارا,دمي زࢽاسيمسوماکاڢريࢽا  ادࢽ ييتوب ياذم الࢽصارا
سࣸࢽْمَ کَࢽْسࣸ بَڧَرْظَلَامَا   حَرْسࣸثٜيٰ أَحّلِࢽْسࣸ دَامَا,سࣸࢽْمَ کَࢽْسࣸ بَڧَرْظَلَامَا  حَرْسࣸثٜيٰ أَحَلِࢽْسࣸ دَامَا
سَىْ کࣸجٜىٰ غَࢽَبِيّࣸ إبْرَا     هِيمࣸ دࣸࢽْ وَࢽَّࢽْ لَلࣸورَا,سَيْ کࣸجٜيٰ غَࢽَبّࣸيࣸ إِبْرَا هِيمࣸ دࣸࢽْ وَࢽَّࢽْ لَلࣸورَا
ولࢽ يض ک وسواس اللعيࢽ اذا ؞ کى هت ڢلتستعذ بالله وابتحل,ولࢽ يضاک وسواس اللعي اذا ؞ ک هت ڢلستعذبالله وابتل
کࣸࢽٜمِ حَلَال ڢَ کࣸثِي دَکࣸودَعِيَالِࢽْکࣸ دࣸکْ؞   شِيمَاحَدِيشِ ࢽٜيٰ ࢽَتࣸرْبَࢽْ مࣸحَمَّدَا,کࣸࢽْمِ جَلَلْڢَ کࣸثِي دَکࣸودَبَيَالِࢽْکࣸ دࣸکْ ؞  شِيمَاحَدِيشِ ࢽٜيٰ تَتࣸريَࢽْ مࣸحَمَّدَا
سَيْ أَثٜيٰ مَسَ مࣸࢽْ هࣸࢽْکࣸࢽْتَا    سِيدِ مࣸومࣸکَ سَاکَمَࢽْتَا,سَيْ أَثٜيٰ مَسَ مࣸࢽْ مࣸکࣸࢽْتَا  سِيدِمࣸومࣸکَ سَاکَمَࢽْتَا
4,4
وَࢽْدَکٜيٰ أَيّکِ ࢽَݒَرْࢽَا   کࣸواْثِکِࢽْ دَرٜيٰ کࣸواْدَرَاࢽَا,وَࢽْدَکٜيٰ أَيْکِ ࢽَبَرْࢽَا  کࣸواْثِکِࢽْ دَرٜيٰ کࣸواْدَرَاࢽَا
الکِتَابࣸ الْحَاجِ,اَلکِتَابࣸ الْحَاجِ
13,1
بَاکࣸواْڧࣸوࢽَا ࢽَڧࣸرْمࣸسَابَا,بَاکࣸوْاْڧࣸوࢽَاࢽَڧࣸرْمࣸسَابَا
دَکࣸطِي دَتࣸڢَاکَمَرْمَهَرْبَا,دَکࣸطِي دَتࣸڢَاکَمَرْمَهَرْبَا
ذَيْکِرَاسࣸ أمَاسࣸ غَابَا     ࢽٜى دَاَلله مَاسࣸ ذَمْبَا,ذَيْکِرَاسࣸ أَمَاسࣸ غَابَا ࢽٜيٰ دَاَللَهْ مَاسࣸ ذَمْبَا
نࣽکّࣽ کَسࣸوطٜتٜىٰ وَالتَّشَهّࣸدࣸارِعٜتَيَّاجِ طِࢽْ طࣶطࣶ,نࣽکࣸ کَسࣸوطٜتٜىٰ وَالتَّشْهࣸدَاْࢽِعٜتَيَّاجِ طِرْطِطࣶ
واعلم باࢽ طى يو الحڡ واحدة ؞ لا خيرنا غيرها مࢽ ساي السبل,واعلم باࢽ ص يڡ الحڡ واحدة ؞ لاخير نا غي هامࢽ ساي السبل
جْلَيْࢽ عٜلࣸو تࣸدٜ کࣽيْطٜطٜࢽْ ࡹِلَي ࡻلْکَعْبَيْࢽِ,جࣽلَيْࢽِ عٜلࣸوتࣸدٜکَيْطٜطٜࢽْ ࡹِلى ࡻلْکَّعْبَيْࢽِ
بِکَ وَاى غَرِى دَلَاڢِيَابَا,بَکَ وَايِ غَرِيي دَلَاڢِيَابَا
فرامسکات لعواءدوࢽ ماعمد ؞ کمااتىٰ ذاک نع الذب الحکيم تل,فدامسکات لهواردوࢽ ماعد ؞ کااتى ذاک ن الذت للفي شل
کࣸومَيْ سَرَوتَا وَاللَّهْ دࣸکْ بَسࣸبَرْشِبَا   کࣸودَامَرَسْ کࣸومَيْ وَجَࢽْسࣸ مࣸتَاࢽٜيٰ,کࣸومَيْ سَرَوْتَاوَالَّهْ دࣸکْ بَسࣸبرْشِبَا کࣸودَاحَرَسْ کࣸومَيْ وَجَࢽْسࣸ مࣸتَاࢽٜيٰ
بَلّٜيٰ ڢَ بَڧِي دَسَاڧِ   کࣸوْا ࢽَجَسْتَثّٜيٰ غَحَڧِّ,بَلّٜىٰ ڢَ بَڧِي دَسَاڧِ  کࣸوْاࢽَجَسْتَثّىٰ غَحَڧِّ
ذمَاشِࢽ بَتࣸى شِکࣸࢽْ ࢽَاشِࢽ يَکى    دَبَابࣸ عِبَادَاغمِى زِࢽَا,وَمَاشِ بَࢽْمِ شِکَࢽْ ࢽَشِ أَبَکِي دَبَابࣸ عِبَادَاعَمِى زَمِ
تَاشِ إِࢽْدَىْ بَيْىِ لَاڢِيَابَا,تَاشِ إࢽْدَيْ بَيْيِ لَاڢِيَابَا
وَࢽَࢽْ وَاڧَاإِتَثٜيٰ,وَࢽَࢽْ وَاڧَاإِتَثٜيٰ
بَيْثِࢽْ وَطَࢽْࢽَࢽْ غَاڟَࢽَِࢽِࢽْ ڢَرِي   رࣸوَايَکَامٜيٰ بَاذَيْ سَبْکَبَىٰ,بَيْثِࢽْ وَطَࢽْࢽَࢽْ غَاڟَࢽَࢽِࢽْڢَرِي  رࣸوَايَکَامٜيٰ بَاذَيْ سَبْکَبَيٰ
تَࢽْبَيَادَغَرَادَڟࣸوڟَا   سࣸࢽْ إِسَيْ بَازَاشِمࣸواْڟَا,تَࢽْبَيَادَغَرَادَڟࣸوڟَا سࣸࢽْ إِسَيْ بَازَاشِمࣸواْڟَا
ࢽَاغَبر ىشِ کࣸسَࢽْتَ غَايَا  مَى جِدَالِى دࣸوب ءَايَا,ࢽَاغَبٜرٜيٰشِ کࣸسَࢽْتَ غَابَا  مَيْ جِدَالِي دࣸوبِ ءَايَا
حَرْيَسَارَيْࢽَىْ شِتَاشِ    سَىْ مࣸتࣸمْ کَغَ يَاثِ بَاشِ,حَرْيَسَارَيْࢽَىْ شِتَاشِ  سَيْ مࣸتࣸمْ کَغَ يَاثِ بَاشِ
رباࢽوا,ات
بَيْ ذَابِي حࣸشِي دَسࣸࢽْ ڢَطَابَا,بَيْ ذَاݒِي حࣸشِي دَسࣸࢽْ ڢَطَابَا
اماالفليل وتکثي له مدد ؞ حدث ولاحى ج عࢽ خيرة الى سل,اما الفلبل وتکثي لمدد ؞ حدت ولاح جم عࢽ خيرة الى سل
عَنْدࣸ ࡶَࢽَّ ࡻللَّهَ نࣸجࣽومِرَطࣽ سࣸبْحَانَهࣸ مٜشٜنِّى شٜنِيطࣽ,عَنْدࣸࡶَرَّࡻللَّهَ نࣸجࣸومِرَاطࣸ سࣸبْحَانَهࣸ جٜشِنِى شِنِيطࣸ
وَدْدَتَازَمَ دَࢽْ بِيَيَّا    غࣸࢽْ مِجِ بَتَ تَادَمࣸرْيَا,وَدْدَتَازَمَ دَࢽْ مِيَبَّا  غَࢽْ مِجِي بَتَ تَادَمࣸرْيَا
إِࢽْدَإِيْکࣸوࢽْ تَيْمَمَاوَا بَارࣸوَاکࣸوابَابࣸ کࣸوْوَا,إِࢽْدَإِيْکࣸوࢽْ تَيْمَمَاوَا  بَارࣸوَاکࣸواْبَابࣸ کࣸوْوَا
تَمْبَيَاإتَثٜىٰ ڢِتِلَّا   مَىْ ڢِتَرْ دَمࣸتࣸمْ جَهَالَا,تَمْبَيَاإِتَّثٜيٰ ڢِتِلَّا  مَيْ ڢِتَرْدَمࣸتࣸمْ جَهَالَا
شِيَيْمِࢽْ ذَࢽْ ثَࢽْ دࣸوࢽِيَا   إِࢽْ ذَاتَاڧَارٜٜيٰ ڢِتْࢽࣸواْ سࣸࢽْيَوَا,شِيَيْمِࢽْ ذَࢽْ ثَࢽْ دࣸوࢽِيَا  إِࢽْ ذَاتَاڧَارٜيٰ ڢِتࣸࢽࣸواْ سࣸࢽْيَوَا
22,1
سَيْحْڧࣸرِي غَعَبِࢽْدَ بَاکَدَمَاغَࢽِي  کَسَامࣸ لاَدَرْ زࣸثِيَرْ سࣸࢽْ ࢳࢽْ عࣸوَا,سَيْجَࢽْڧࣸرِي غَلِبِࢽْدَبَاکَدَمَاغَࢽِي  کَسَامࣸ لَادَرْزࣸثِيَرْسࣸࢽْ ࢳِࢽْ عࣸوَا
فدکررالله ناالفرءاࢽ نشاتنا ؞ لا اعتبارولکࢽ نحࢽ ندشغل,فدکر رالله نا الفر ءاࢽ نشاتنا ؞ للاعتبارولک ن ذشعل
وَتَاإِࢽ سࣸکَ ڢَارَ ڢَطَادَمِجِࢽْتَا   سَيْ تَرِڧٜيٰشِ تَثٜيٰ يَکَشٜيٰتَا,وَتَاإِࢽْ سࣸکَ ڢَارَڢَطَادَمِجِࢽْتَا سَيْ تَرِڧٜيٰشِ تَثٜيٰ يَکَشٜيٰتَا
سَيْ کࣸمَ جِيکَاࢽَسْ مَهْدِيّࣸ مࣸࢽْتَظَرْ ؞ شِي مَا حࣸصࣸوصِ ࢽٜيٰ ࢽَسِيدِ مࣸحَمَّدَا,سَيْ کࣸمَ جِيکَاࢽَسْ مَهْدِيࣸ مࣸتَظَرْ ؞  شِمِّ مࣸمࣸومِ ࢽٜيٰ سَيدِ مࣸحَمَّدَا
أَࢽْثٜيٰ وَڧَرْࢽَ يَاکَطَاکَيْࢽَسَا   ࢽِي بَاࢽِ بَيْوَابَࢽَا عِيَ يِࢽْ ڟَرِي,أَࢽْثٜيٰ وَڧَرْرَيَاکَطَاکَيْࢽَسَا ࢽِي بَاࢽِ بَيْوَابَࢽَاعِيَ بِࢽْڟَرِي
عَنْدࣸ نࣽجࣽورٜيَاکࣸلࣸ ࡼلْحَسَنَآتِ نࣽذَامِرَمࣽجِّ عَادٜࢽْ,عَنْدࣸ نࣽجࣸورِيَاکࣸلࣸ ࡼلْحَسَنَانِ نࣸذَامِرَمࣸجّࣸ عَابٜࢽْ
عࣸثْمَاࢽࣸ ڢࣸودِيࣸوابَابََاأَبࣸوبَکَرْ   اءࣸبَࢽْ بࣸخَاريٰ اءࣸبَࢽْ مَالَمْ حَسَࢽْ,عࣸࢽْمَارࣸ ڢࣸودِيࣸواْبَابَاأَبࣸوْبَکَرْ ءࣸبَࢽْ بࣸکَارِوَأࣸبَࢽْ مَالَمْ حَسَࢽْ
دَࢽْ إِسَشٜيٰࢽْ هَࢽْکَلِࢽْسࣸ    بَاسࣸ سࣸوࢽْ سَاݒࣸࢽْ مَزَࢽْسࣸ,دَࢽْ إِسَشٜيٰࢽْ هَࢽْکَلِࢽْسࣸ  بَاسࣸ سࣸوࢽْ سَابࣸࢽْ مَزَࢽْسࣸ
وَاڧَرْ وَعَظِي,وَاڧَرْوَعَطِي
مَثٜيٰ مِجِࢽْتَ يَذَࢽْ مَّالَمْ ࢽٜيٰ   بَاتَ يَبࣸوࢽْشِ تَثٜيٰ دَࢽَغَرْتَا,مَثٜيٰ مِجِࢽْتَ يَذَࢽْ مَّالَمْ ࢽٜيٰ  بَاتَ يَبࣸوࢽْشِ تَثٜيٰ دَࢽَغَرْتَا
شِى بَىْ تَبَٜٜ سَابَ ألْکَوَرْبَا,شِى بَىْ تَبَ سَابَ أَلْکَوَرْبَا
يزادعنه اناس لاخلا ڡ لهم ؞ فد فلبواالديࢽ بالتعيي والبدل,بزادعن اناس لاخلاڡ لهم ؞ فدفلواالدبࢽ مالنفيي والبدل
کَرْکَيَرْدَ أَبࣸواْکَࢽِࢽْکَ   سࣸکَ تَارࣸثِکِࢽْ غِدَࢽْکَ,کَرْکَيَرَدَأَبࣸواْکَࢽِࢽْکَ  سࣸکَ تَارࣸثِکِࢽْ غِدَࢽْکَ
دَارِيَادَغَࢽِࢽْ ڟِرَيْثِي     غࣸࢽْ مࣸسࣸلْمِي ڢَاسِڧَࢽْثِي,دَارِبَادَغَࢽِࢽْ ڟِرَيْثِي  غࣸࢽْ مࣸسࣸلْمِي ڢَاسِڧَࢽْثِي
جِبْرَىِيلࣸ دَجِى يَتَاشِ    ࢽَࢽْ دَࢽَࢽْ يَوࣸثٜىٰ غَرٜىٰشِ,جِبْرَعِيسࣸ دَجِي يَتَاشِ  ࢽَࢽْ دَࢽَࢽْ يَوࣸثٜيٰ غَرٜىٰشِ
ذِکْرِي بَسࣸ مَࢽْثٜيٰ حَيْلَلَابَا,ذِکْرِي بَسࣸ مَࢽْثٜيٰ حَيْلَلَابَا
فضاءَشکرها واداءحفها ؞ اءالْنغمتاْشاْکْر,شم وابيمبو اذل حڢ دالى اک م بي دبد
مسى اه اعظم به ڢى الفدرمت لة ؞ مࢽ فاب فوسيࢽ لم تدرک ولم نتل,مس ال لعط به ڢى الفدرمن لة ؞ مࢽ فاب فوسيࢽ لمى ندرک ولم تتل
جَمَعَ دࣸو کࣸکَرْکَطٜي کࣸࢽّࣸوَࢽْکَ  کࣸجِ وَاڧَرْ وَطَࢽْدَ بَاسَا صَࢽَاعَ,جَمࣸعَ دࣸوکࣸکَرْکَطٜيٰ کࣸࢽࣸوَࢽْکࣸ  کࣸج وَاڧَرْوَطَࢽْدَبَاسَاصَࢽَاعَ
لَارَبَاوَامَاسࣸ عِڢَّهْ سࣸࢽْ وࣸثٜيٰ واکٜيٰ دَڧࣸواْڢَا,لَارَبَاوَامَاسࣸ عِڢَّهْ  سࣸࢽْ وࣸثٜيٰ وَاکٜيٰ دَڧࣸواْڢَا
طايڢاط,طيڢاط
لَاخِرَاذَاسࣸيْ تَلَوثِي   تࣸواْبَلٜيٰ مَيْتَادَ يَٜࢽثِي,لَاخِرَاذَاسࣸيْ تَلَوْثِي  تࣸواْبَلٜيٰ مَيْتَادَيَࢽْثِي
کَمَرْمࣸوتَاتَکٜيٰ کٜࣸمِ کٜࢽْتَا   إِࢽْ کَغَ بَاتَڢِيَ بَرِِسࣸࢽْتَا,کَمَرْمࣸوتَاتَکٜيٰ کࣸومِ کࣸࢽْتَا   إِࢽْ کَغِ بَاتَڢِيَابَرَ سࣸࢽْتَا
يَجَمࣽ فَبْرࣸوَيَنج کَمࣸ عٜلٜيْطٜ ڢࣽوْ يࣸولࣸيْمࣸ دْٜبحرࣸوج نورطيٜيَتا,يَجَّمࣸ فبَرْوَبَنْجِ کَمّࣸ عٜلٜيْطٜ جٜوْيࣸولࣸيمࣸ دٜرْبٜرࣸوجِ نࣸورٜطٜيييَتَا
بَکَسَࢽْ دَاذَاشِ تࣸوْاْࢽࣸوَابَا,بَکَسَࢽْ دَاذَاشِ تࣸوْاْࢽࣸوَابَا
شِي بَتࣸوࢽَسَ غَسْکِيَاࢽٜيٰ دࣸوࢽْ حِدِثِࢽْ مࣸصْطَڢَيٰࢽٜيٰ,شِي بَتࣸوࢽَسَ غَسْکِيَاࢽٜيٰ  دࣸوࢽْ حَحِ يِࢽِࢽْ مࣸصْطَڢَىٰ ࢽٜيٰ
أَکَبَاشِي رِڧࣸࢽْمࣸ بَيْ رِڧٜيٰبَا,أَکَبَاشِي رِڧࣸࢽْمࣸ بَيْ رِڧٜيٰبَا
بَاکَ ڟَرْمَتَ إࢽْ کَجٜىٰ غࣸدࣸوبَا,بَاکَ ڟَرْمَتَ إِࢽْ کَجٜيٰ غࣸدࣸوبَا
هَلَّکَاثٜيٰ تࣸوْاْکࣸدَيْࢽَ غَابَا,هَلَّکَاثٜيٰ تࣸوْاْکࣸدَيْࢽَ غَابَا
وَاڧَرْدَأَکٜيٰ سَࢽِࢽْ حَالِࢽْ مَّاتَا اِلْحَاجِّ,وَاڧَرْدَأَکٜيٰ سَࢽِࢽْ حَالِࢽْ مَّاتَا إِلْحَاجࣸ
والمعجزات سوى الفرءاࢽ ليس لها ؞ حدڢيحص هانظم لمحتڢل,والعحزات سوى الفرءاࢽ ليس لها ؞ حدڢيجص هانطم لمح تڢل
ڢَمࣸࢽْرࣸوکِ الله تعالى کَرِيمࣸ    شڢِشٜى م طَارمࣸتاࢽى زِࢽَا,ڢَمَࢽْرࣸوکَاࢽِْوَديي کَرِيمࣸ  ڢَڢشي مِ عَريڧاکَيريࢽ
رَࢽْدَعَࢽْکَ رَبٜيٰ تَکَرْدࣸو   دࣸکْ حَلِتَّاذَاتَ سَادࣸو,رَࢽْدَعَࢽْکَ رَبٜيٰ تَکَرْدࣸو  دࣸکْ حَلِتَّاذَاتَ سَادࣸو
ذَࢽْکَ سَدَکَ دَࢽَاڢِلاَ کَيْ صَلاَةِ    بسَِ ڢيَيّٜࢽْمࣸ سِيدِي شِيإمَامِ,ذَࢽْکَ سَدَکَ دَࢽَاڢِلَاکَي صَلَةِ  بِسَ ڢِيَيّࣸࢽْمࣸ سِيدِي شِيامَامِ
يَاإِلَهِي مَيْ إِيَاوَا   بَامࣸ کَيْکَاوࢽ ثِکَاوَاي,يَاإِإِعَهِي مَيْ إِبَاوَا بَامࣸ کَيْکَيَاوَࢽْ ثِکَاوَا
دَرٜٜيٰ ࢽَااللَّهْ سَيْسࣸࢽْ بَربَرَا   جَࢽَبَاتَࢽَاجِکِ بَيْوَࢽْکٜيٰ تَبَا,دَرٜيٰ ࢽَاللَّهْ سَيْسࣸࢽْ بَرْبَرَا  جَࢽَبَاتَࢽَاجِکَ بَيْوَࢽْکٜيٰ تَبَ
وَࢽْدَکࣸوْاْيَکَمَࢽْثِ أَرْࢽٜىٰ    غࣸࢽْ ذَمَࢽْسࣸ غࣸدَادَشِيࢽٜىٰ,وَࢽْدَکࣸوْاْيَکَمَࢽْثِ أَرْࢽٜيٰ  غࣸࢽْ ذَمَࢽْسࣸ غࣸدَادَشِيࢽٜيٰ
مَاجَهَࢽَّمَ ࢽَࢽْ أَڢَا  رِ کࣸرْکࣸکࣸࢽٜيٰ مَيْڧَذَارِ,غَاجَهَࢽَّمَ ࢽَࢽْ أَڢَرِ کࣸرْکࣸکࣸࢽٜيٰ مَيْڧَذَارِ
إࢽْ ثِکِي يَاڢَارَغِرْمَا    حَرْاࣸبَايَاسَامِ ڢَامَا,إِࢽْ ثِکِي يَاڢَارَغِرْمَا حَرْأࣸبَايَاسَامِ ڢَامَا
کَاثِ کَاشَاکَايِ تَيْݒا کَامَثٜيٰ ڧَبَرِيٰيَکَرْݒا,کَاثِ کَاشَکَايِ تَيْبَا  کَامَثٜيٰ ڧَبَرِي يَکَرْبَا
غَسْلࣸ ࡼلْيَدَيْࢽِ کࣽلࣽو تࣸدٜ جࣸو طٜطٜࢽْ فَبْلَ ࡹِدْ خَا لِهِمَا,غَسْلࣸ ࡼلْبَدَيْࢽِ کࣽلࣸوتࣸدٜجࣸوطٜکٜࢽْ فَبْلَࡹِدْخَالِهِمَ
سَوْرَࢽْ أَبَاوَاسَوْرَࢽْ طَࢽْ ذَرٜيٰ  هَبَامَطࣸࢽْکَا کࣸبَرْثِࢽْ يٜيٰ سࣸمَࢽْ,سَوْرَࢽْأبَاوَاسَوْرَرْ طَࢽْ ذَرٜيٰ  هَبَامَطَࢽْکَاکࣸبَرْثِࢽْ يٜيٰ سࣸمَࢽْ
عٜمࣽوْلࣸدٜجࣸوطٜطٜࢽْنَڢْضًاخَڢِيڢًامّࣽوْلࣸفࣸلْ,عٜمࣸوْلْدٜجࣸوطٜطٜرْنَڢْضَاعَڢِيڢَامࣸوْلࣸفࣸلْ
کࣸوکࣸمَايَࢽْذࣸ کَبَاࢽِ تَکَرْدَا   إِࢽْ کࣸمَ کَابَࢽِ إِࢽْ کٜيٰثٜيٰتَا,کࣸوکࣸمَايَࢽْذࣸکَبَاࢽِ تَکَرْدَا  إِࢽْ کࣸمَ کَابَرَإࢽْ کٜيٰثٜيٰتَا
بَعَ سَاݒَ أَبِࢽْدَأَمْڢَطِيبَا,بَعَ سَابَ أَبِࢽْدَأَمْڢَطِيبَا
32,3
ولوالدي ولجميع المسلميࢽ,وموالدي وبجميع السلمي
تࣸوْکَرَمَّتَ بَاتَجٜيٰ کَوَيْبَا,تࣸوْکَرَمَّتَ بَاتَجٜيٰ کَوَيْبَا
عمسکد,عمسکد
حَسْکٜࢽْةَ بَا أرْزࣸڧِي سَيْ حَسَرَا  سَࢽْيِي أغٜࢽْدِࢽَةَ يَڢِي کࣸوَرَا,حَسْطَࢽْةَ بَاأَرْزِڧِي سَيْ حَسَرَا  سَࢽْيِي أَغِࢽْمِ ࢽْةَ يَڢِيي کࣸوَرَا
وءاميࢽ,وعمبࢽ
يدالمکاتب,بعما
إِࢽْڢَ أَࢽْکَيْسࣸ ࢽَࢽْ دَࢽَࢽْ سَيْ سࣸغَابٜيٰ   حَرْمِيَاغࣸودَکٜيٰ زِࢽَامَاسࣸ تَرْبٜيٰ,إِࢽْڢَ أَࢽْ کَيْسࣸ ࢽَࢽْ دَڧَࢽْ سَيْ سࣸغَابٜيٰ   حَرْمِيَاغࣸودَکٜيٰ زِࢽَامَاسࣸ تَرْبٜيٰ
غࣸوْاْشِي بَيْ يَوَيْتَ سࣸجَدَابَا,غࣸوْاْشِي بَيْ يَوَيْتَ سࣸجَدَابَا
کࣸواإࢽَاکَاسَامِࣸ شَيْدَا    أَࢽْبْتࣸࢽْکَ دَشِى کَطَيْدَا,کࣸوْاإِࢽَاکَاسَامࣸ شَيْدَا  أَࢽْبَتࣸوࢽْکَ دَشِي کَڟَيْدَا
غࣸࢽْ مَغَرْتَاحَرْسࣸغَࢽْکَ   بَابࣸ مَيْ دَرَجَاکَمَرْکَ,غࣸࢽْ مَغَوْتَاحَرْسࣸغَࢽْکَ  بَابࣸ مَيْ دَرَجَاکَمَرْکَ
يزکى مࢽ بح صلاةيومالجمد ؞ ڢاذافى مٜࢽ مࢽ الخرومٜࢽ فبل وفت,بزم مࢽ يحࢽ صلاة يوو الحم ڢاذ افبم الح ومافل وفت
غَتࣸو ذࣸࢽْ بَکࣸيْ ࢽَصِرَاطِ ࢽَاࢽَ مࣸࢽَاڢࣸکِيٰ   شِکٜيٰ ڢَاطࣸوَاوࣸتَ کَيْ مࣸغَسْکَࢽْتَ أَحْمَدَا,غَتࣸوذࣸࢽْ بَکࣸيْ ࢽَصِرَاطِ ࢽَاࢽَ مࣸࢽَاڢَکٜيٰ  شِکٜيٰ ڢَاطࣸوَاوࣸتَ کَيْ مࣸڧَسࣸکَࢽْتَ أَحْمَدَا
ڢبعضها فداتت ت اللڢظ مجملت ؞ وبعضهابينتاجمال محتمل,ڢبعضهافداتت ت الڢا بحلة ؞ وبعضهاينت احال محتل
سَىْ أڢِدَّوتَرْسَشِࢽْسࣸ    سَࢽْدَالࢽَّبِى يَاکِرَاسࣸ,سَيْ أَڢِدࣸوتَرْسَشِࢽْسࣸ سَࢽْدَاَلࢽَّبِي يَاکِرَاسࣸ
يَࢽْ عࣸوَا دࣸکْ مࣸتࣸوبَادࣸومِࢽْ ڢَتࣸوبَا   أڢَّڧࣸوڢَرْ إسَاغَسَرْکِي رَ حِيمِ,يَࢽْ عࣸوَادࣸکَ مࣸتࣸوبَ دࣸومِࢽْ ڢَتࣸوبَا  أَڢَّڧࣸوڢَرْاإِسَاغَسَرْکِي رَحِيمِ
عٜهࣸوتࣽرْدٜطَرْوَڢَرَآإضࣸهࣸ ڢَرِللَّجِ طِࢽْ سَبْعَةࣻ,عٜهࣸوتࣸرْدٜکَرْوَڢَرَلبِصْهࣸڢَرِلجِکِࢽْ سَبْعَةْ
تࣸࢽْدَدَيْ ࢽَغَ ذࣸوثِيَرْکَ    تَاهَلَرْثِ مَدَاوَيَࢽْکَ,تࣸࢽْدَدَيْ ࢽَغَ ذࣸوثِيَرْکَ  ࢽَاهَلَرْثِ مَدَاوَبَࢽْکَ
سَىْ يَسَادࣸدَمَاسࣸ کِوࣸواْ    ࢽَابِطَرْسَاوࣸࢽْ بَرَاوࣸاْ,سَيْ بَسَادࣸدَمَاسࣸ کِوࣸواْ ࢽَابِطَرْسَوࣸࢽْ يَذَروْࣸ
وفل لعل م رسول الموت يعجلى ؞ نا ساعتى هذه فدتم لى اجل,وفل لعل ب رسول الموت يعجلى ؞ نساعى مذه فد غم واجل
مَيْ حَوَاسَمَ حَوْتَتࣸوشٜيٰ  کَرْکَيَرْدَدَکَامَ رٜيٰشٜيٰ,مَيْ حَوَاسَمَ حَوْتَتࣸوشٜيٰ  کَرْکَيَرْدَدَکَامَرٜيٰشٜيٰ
وَثٜيٰ مَالميْ سࣸکَاتَارَاتَا,وَثٜيٰ مَالَمَيْ سࣸکَاتَارَاتَا
مالميࢽي,مَالميࢽي
ذَامࣸ تَࢽْبِيْهِ کَغَاࢽٜىٰ   جِکّࣸࢽَࢽْسࣸ دَذَاسࣸ ڧࣸوْاْࢽٜىٰ,ذَامࣸ تَࢽْبِيهِ کَغَاࢽٜيٰ  جِکّࣸࢽَࢽْسࣸ دَذَاسࣸ ڧࣸوْاْࢽٜيٰ
ذَࢽِي بَيَاࢽِ حَالِࢽ مَّاتَا    ذَاࢽِ رࣸبࣸوتَادَࢽْ أَکَرَࢽْتَا,ذَࢽِيِ بَيَاإࢽِ حَالِࢽ مَّاتَاذَإِࢽِ رࣸبࣸوتَادَࢽْ أَکَرَࢽْتَا
طࣸبِعَ عَلَىٰ ࢽَڢَڧَةِ اَلْحَاجِّ مࣸحَمَّدࣸ البَشِير ࢽَا الحَاجِّ سَعْدࣸ,طࣸبِعَ عَلَيٰ ࢽَڢَڧَهْ اَلْحَاجَّ مࣸحَمَّدࣸالبَشِيرࣸࢽَااَلحَاجِ سَعْدࣸ
حَاوࣸيَاتَمࣸࢽَاڢࣸکَيْࢽٜيٰ   ثَࢽْ سَعِيرَا کَاڢِرَيْࢽٜيٰ,حَاوࣸيَاتَمࣸࢽَاڢࣸکَيْࢽٜيٰ  ثَࢽْ سَعِيرَاکَاڢِرَيْࢽٜيٰ
دࣸوکِيَرْسࣸ دَمَاسࣸ ڧَاࢽࣸواْ   أَرْزِِڧِࢽْ وَࢽِي عࢽْرࣸوَيْࢽࣸواْ,دࣸوکِبَرْسࣸ دَمَاسࣸ ڧَاࢽࣸواْ  أَرْزِڧِࢽْ وَࢽِي عَࢽْ رࣸوَيْࢽࣸواْ
ڢلو بنا ڢد فستمرريࢽ ما اکتسبت ؞ مࢽ النا ثم لا تخشى مࢽ التى لل,فلدبنافدفست مࢽ ريࢽ ماکبسبت ؞ مࢽ المنانم لاتحشى مࢽ اله ڢل
ڧࣸواْڧَرِࢽْسَ شِکَࢽْڢِ أوْکِ   ࢽٜيٰ أَڧَارَدَرٜيٰ دَتَاکِي,ڧࣸواْڧَرِࢽْسَ شِکَࢽْڢِ أَوْکِ  ࢽٜيٰ أَڧَارَدَرٜيٰ دَتَاکِي
ڢليس يخش الا الى و عندهم ؞ کاࢽ فدرته للجسم لم صل,ڢلبسࢽ جش الا الم وع عندهم ؞ کاࢽ فدرته للحجسم لم تصل
ࢽَࢽْ دَࢽَࢽْ بِسَ کَࢽْ تَڢَرْکِ   وَࢽْسࣸ يَدَّڧَڢَاکَتَاکِ,ࢽَࢽْ دَࢽَࢽْ بِسَ کَࢽْ تَڢَرْکِ  وَࢽْسࣸ يَدَّڧَڢَاکَتَاکِ
کࣸسَࢽْ الࢽَّمِيمِي هَٰکَذَادَمࣸࢽاڢِغِ   دَمَيْشَيْدَ ڧَرْيَابَاسࣸ ڟِيرَا غَاَحْمَدَا,کࣸسَࢽْ اَلࢽَمِيمِي هَکَذَادَمࣸࢽَاڢِغِ  دَمَيْشَيْدَڧَرْيَابَاسࣸ ڟِيرَاغَأَحْمَدَا
فديته کذاته العليته>,فديمة کذاته العلية
مࣸࢽَجِ سَيْ اَللَّهْ تَعَالى    ࢽَࢽْ يَثٜيٰ يَاجِبْرَعِيلَ,مࣸࢽْجِ سَيْ اَللَّهْ تَعَالَى ࢽَࢽْ يَثٜيٰ يَاجِبْرَمِيلَ
شٜىٰکَرَاحَمْسِࢽْ دَيَاڧِي    ࢽَاثِکِي دَمَثٜىٰ صَدَاڧِي,شٜيٰکَرَاخَمْسِࢽْ دَيَاڧِي  ࢽَاثِکِي دَمَثِي صَدَاڧِي
تَمَّتْ بِحَمْدࣸ اللَّهِ وَاڧَاتَاثِکَ سِّتِࢽْ دَشِدَاࢽَبَتْتَ دࣸومِࢽْ ࢳࢽْ عࣸوَا,تَمَࢽْ بَحَمْدِللَّه وَاڧَاتَاثِکَ  سࣸتِࢽْ دَشِدَاࢽَبَتو دࣸومِࢽْ عَسْو
دَمࣸودَعِيَالِࢽْمࣸ کَڟَرْسٜمࣸ دࣸکْ ؞ عَذَابَرْکَ يَارَحْمَاࢽࣸ سَرْکِي مࣸحَمَّدَا,دَمࣸودَعِيَالِࢽْمࣸ کَطَرْثٜيٰسࣸ دࣸکَا ؞ عَذَابَرْکَ يَارَحْمَاࢽࣸ سَرْکِي مࣸحَمَّدَا
کَڢَطَاوَااَلࢽَّبِࢽْمࣸ    مࣸصْطَڢَىٰ مࣸوغࣸࢽْ حَلِࢽْمࣸ,کَڢَطَاوَااَلࢽَّبِࢽْمࣸ  مࣸصْطَڢَىٰ مࣸومࣸࢽْ حَلِࢽْمࣸ
دࣸوࢽْ ڢَتࣸوبَا کَبَادَڟَرْکِي غَبَاوَا   دَغَّ ذࣸࢽࣸبِي شِڟِيرَ غَشِغَاجَحِيمِ,دࣸو ڢَتࣸوبَاکَبَادَڟَرْکِ غَبَاوَا   دَڧَّذࣸࢽّبِي شِطِيرَغَسِغَاڢَحِيمِ
5,1
تَࢽَابَاتَ اَيکِࢽْ ࢽَعرْࢽَ دَکَىِ    کطرثِِ عَذَابَاکࣸبَر يِࢽْ زِࢽَا,مَࢽوبَتَايَکِࢽْ تَعَرْتَدَکَي  کَکࣸرثِ عَادَبدَکَࢽٜى يزْ
شِڢَطِي بَاذَاتَ کَرْݒࣸوَابَا,شِڢَطِي بَاذَاتَ کَرْبࣸوَابَا
وَحَلَرْسࣸ أّࢽَࢽْ بَتَيْ يَوَابَا,وَحَلَرْسࣸ أَࢽَࢽْ بَتَيْ يَوَابَا
اللهم اغڢرلناولجميع المسلميࢽ,کتهم اعڢرلن ولجع ابلبو
بَاسَࢽِࢽْ ڧَبْلِي دَبَعدِي    سِي هَلِࢽْسَ إِࢽَاسَوَادِي,بَاسَࢽِࢽْ ڧَيْلِى دَبَهْدِي شِ هَلِࢽْسَ إࢽَاسَوَادِي
کࣸسَࢽِ دࣸوࢽِيَ تَࢽَادَيوَ سࣸوکࣸوَا لِتَتَّڢَيْࢽَا سࣸࢽْ شِغَادࣸوࢽِيَيَ,کࣸسَࢽِ دࣸوࢽِيَ تَࢽَادَبَوَ سࣸوکࣸوَالِتَتَّڢِيْࢽَاسࣸࢽْ شِغَادࣸوࢽِيَ
مَسَاڧَرْ غࣸدࣸواْ ࢽَࢽْ أَکٜي سَاڧَ شَاتَا,مَسَاڧَرْعࣸدࣸواْࢽَࢽْ أَکٜيٰ سَاوَشَاتَا
إِتْدࣸو ࢽِيَࢽَّࢽْ کَاجِ بَاڧٜيٰلّٜيٰ    کَامَايِي کِرْکِي يَاکَکٜيٰ دَمࣸتَاࢽٜيٰ,إِتَدࣸوࢽِيَࢽَّࢽْ کَاجِ بَاڧٜيٰلّٜيٰ بَثٜيٰ  کَامَايِي کِرْکِي يَاکَکٜيٰ دَمࣸتَاࢽٜيٰ
وࣸنِح عٜمَکّࣸ بࣽنْىَ االاِسْلاَمࣸ عَنْدࣸ نࣸدࣸسْطٜ عَلْسِلَمَاکࣸ,وࣽنِى عٜمَکّࣸ بࣸنْدَاللِّسْلاَمࣸ عَنْدࣸنْدࣸسطࣽ عَلْسِلَمَاکَ
بَيْسَࢽْ أّࢽْسَاسࣸ کࣸرْکࣸکࣸوبَا,بَيْسَࢽْ أَࢽْسَاسࣸ کࣸرْکࣸکࣸوبَا
مَڢِيَࢽْسࣸوࢽَاࢽَࢽْ مَيْسَࢽْ دࣸوࢽِيَا   ࢽَعَبَسَاتَاڢِي تَکࣸووَاکَوْرَوَا,مَڢِيَࢽْسࣸوࢽَاࢽَࢽْ مَيْسَࢽْ دࣸوࢽِيَا تَعَبَسَاتَاڢِي تَکࣸووَاکَوْرَوَا
تࣸوڢࣽردٜضࣸوبِ مࣽهࣸلْبٜ هࣸولࣽرٜبرْکٜمࢽ جَوْدِيوࣸجَبِّ مࣽڢِلِّ بٜرْدَمْ سٰٜرَتَا,تࣸوفࣸر دٜضࣸوبِ مࣸهࣸ لْبٜ هࣸولࣸيرْکَمࣸ جَوْدٜيوࣸ جَبِّ مࣸفِلِّ بِرْ دَمْ سٜيرَتَا
بَيْ تَاشِ دَلَاڢِيَرْإدࣸوبَا,بَيْ تَاشِ دَلَاڢِيَرْإِدࣸوبَا
بَکَ دࣸوبِ ذࣸوَࢽْکَ لَاخِرَابَا,بَکَ دࣸوبِ ذࣸوَࢽْکَ لَاخِرَابَا
کࣸسَࢽْ جَلَّ سَرْکِي ࢽَامࣸ إِࢽْ ييْ أَلْکَولِي ؞   کࣸرࣸم بَاشِ سَاݒَاوَا ڢَأَمّࣸ الْمࣸحَمَّدَا,کࣸسَࢽْ جَلَّ سَرْکِي ࢽَامࣸ إِࢽْيَيٰ أَلْکَوَءِي ؞ کࣸرࣸمْ بَاشِ سَابَ وَاڢَأَمّࣸ المࣸحَمَّدَا
ڢَأَکٜىٰ ڟَىْ شٜىٰسࣸ بَىْ غࣸشٜىٰبَا,ڢَأَکٜيٰ ڟَيْ شٜىٰسࣸ بَيْ غࣸشٜيٰبَا
وَࢽَࢽْ وَاڧَاإِتَثٜيٰ,وَࢽَࢽْ وَاڧَإتَثٜيٰ
ࢽَࢽْڢَ يَىْ سࣸجَدَا غَأَللهْ    غَاشِ کࣸوْاْغَاجِبْرَءِيلَ,ࢽَࢽْڢَ يَىْ سࣸجَدَاغَأَللَّهْ  غَاشِ کࣸوْاْغَاجِبْرَمِيلَ
هَلکَاثٜىٰ وَࢽْدَبَىْ بَرِيبَا,هَلَکَاثٜيٰ وَࢽْدَبَيْ بَرِيبَا
دَيَاجَٜيٰ لࣸبَيَّ غَرِِرْجَهَادِيڢَ يَࢽَْاءࣸوَا ؞ يَسَبْکَ أَࢽَࢽْ ڧَوْيٜࢽْتَ جِيکَࢽْ مࣸحَمَّدَا,دَيَاجَيْ لࣸبَيَّ غَرِࢽ حَمَادِيڢَ يَࢽْادࣸوَا ؞  يَسَيْکَ أَࢽَࢽْ ڧَوْيِࢽْتَ ڢِيَکَࢽْ مࣸحَمّدَا
مَعْرِڢَةࣸࡺلشَّهْرِ کࣽعَنْدࣸدٜلٜوْرࣸدࣸرْوَالنِّيَةࣸ,مَعْرِڢَةࣸ ࡼلشَّهْرِکࣽعَنْدࣸدٜلٜوْرࣸدࣸࢽْ وَالنِّيَة
وَࢽْدَيَيِوࣸولَايَ ڢَ شِيمَايَرَاتَيَا ؞  کࣸثٜيٰ مَسَ يَيْ شِرْکَ غسَرْکِي مࣸحَمَّدَا,وَࢽْدَيَيَوࣸولَ يَ وَشِيمَايَرَاتَيَا ؞  کࣸثٜيٰ مَسَ يَوْشِرْکَ غَسَرْکِ مࣸمَّدَا
کࣸدَيْࢽَ شَيْدَالزّࣸورِ کࣸبَرْڧَذَڢْ  کࣸدَيْࢽَ ڧَرْيَااَللَّهْ يَاهَࢽَا,کࣸدَيْࢽَ شَيْدَلَزّࣸورِکࣸبَرْڧَذَڢْ  کࣸدَيْࢽَ ڧَرْيَااَللَّهْ يَاهَࢽَا
يَابِ اَلدِّيࢽِ ڢِيَيّٜيٰ  سيَّدࣸالْوَرَڢَي دَݒࣸواْيٜيٰ,يَابِ اَلدِّيࢽِࢽْ ڢِيَيّٜيٰ  سَبَّدࣸالْوَرَڢَيْ دَبࣸواْبٜيٰ
ولتکثرالذکر للمولى ولى وصل على ؞ خي الورى المصطڢى مࢽ خيرة لرسل,ولتکترالذک للولى وصل عى ؞ کير الورى الصلڢى مࢽ خيرةالم سل
حَرْدَيْ کَڧَارٜ کࣸمَ کَتَاشِ کَڟرْ کَکَا ؞ سَأَࢽَّࢽْ کَأَمْسَ کࣸࢽْيࣽ کࣸويِ دَأَحْمَدَا,حَرْدَيْ کَغَايٜ کࣸمَ کَتَاشِ کَطَࢽْ کَکَا ؞  سَأَࢽَّࢽْ کَأَمْسَ کࣸࢽْجيِ کࣸويِ دَأَحْمَدَا
بحمدالله وبڧدرته وبالارَادَته وحسࢽ عوࢽه ءاميࢽ,بحمدالله وبغدرࢽه وبالارادࢽه وحࢽ عوࢽه دامي
سَيْ بَڧِࢽْ حَدَرِي يَتَاسࣸواْ سࣸيْ کِرَاڟَاوَا تَأَوکوࣸاْ,سَيْ بَڧِࢽْ حَدَرِي يَتَاسࣸواْ  سࣸيْ کِرَاڟَاوَاتَأَوْکࣸواْ
سَىْ يَثٜىٰمَ مَلَاءِکࣸوࢽَىْ     کࣸࢽْجِ کࣸوْاْوَاࢽَاتَکَيْࢽَىْ,سَيْ يَثٜيٰمَ مَلَابِکࣸوࢽَيْ کࣸࢽْجِ کࣸوْاْوَاࢽَاتَکَيْࢽَيْ
سَاسَرْوَࢽِي بَادَسَلَّمَابَا,سَاسَرْوَࢽِي بَادَسَلَّمَابَا
اࢽ الارادة للتخميص موجبت ڢليس عنها ينوب العلم بالبدل,اࢽ الارادة للتحصيص موجبة ڢليس عنما ينوب العلم بالدل
جَهَࢽَّمَ أَࢽْ کَاوࣸوتَ غَاتَ أَدࣸوࢽِيَا ؞ تَࢽَاثِࢽْ ڢَ کَاڢِرَيْ دَدَرَجَ الْمࣸحَمَّدَا,جَهَࢽَّمَ أَرْکَاوࣸوتَ غَاتَ أَدࣸوࢽِيَا ؞  تَࢽَاثِࢽْ ڢَ کَاڢِرَيْ دَدَرْ جَ المࣸمَّدَا
مَاسࣸ کٜىٰ کٜىٰ دَࢳَࢽْ شࣸمَکَا   مَاسࣸ ࢽىٰمَࢽْ ڢَاءِدَرْکَا,مَاسࣸ کٜيٰ کٜيٰ دَࢳَࢽْ شَمَيْکَا  مَاسࣸ ࢽٜيٰمَࢽْ ڢَامِدَرْکَا
ڢصل ڢى المين ار,ڢل  الميز ا
تࣸوْاْشِبَرْمَاکَࢽْسَ ڧٜيٰتَا   رَامࣸوَرْ شَرِّدَثࣸوتَا,تࣸوْاْشِبَرْمَاکَࢽْسَ ڧٜيٰتَا  رَامࣸوَرْشَرِّدَثࣸوتَا
مࣸتࣸوبَ مࣸکٜيٰوتَا يَرْءࣸوَاکࣸومࣸسَمَ ڢِتَا   وَطَࢽْغَ خࣸطࣸرَّدࣸࢽْ ڢِيَيَٜيٰ مࣸحَمَّدَا,مࣸتࣸوبَ دࣸکࣸتࣸوْتَايَࢽْ عࣸوَاکࣸومࣸسَمْ ڢِࢽَا   وَطَࢽْغَ حࣸطࣸرَدࣸࢽْ ڢَبَيّٜيٰ مࣸحَمَّدا
اࢽي تحيرت ڢي امري وامرهم  شبه الࢽعامة لاطير ولاجمل,إࢽي تحيرت ڢي امرب وامرهم  شبه الࢽعامة لاطيرولاجمل
کَرْکَثࣸوثِي ذَمَامِيَرْکࣸ   کࣸوْاْأَکࣸيْ بَارٜيٰ ثِکِࢽْکࣸ,کَرْکَثࣸوثِي ذَمَامِيَرْکࣸ کࣸوْاْأَݣࣸيْ بَارٜيٰ ثِکِࢽْکࣸ
هَکَدِيدِجَوْدِوَسِتْرࣸهَاسࣸوطࣸدٜدِعَرْرࣸعْبَةِاِلنَّاسِ,هَکَدِيدِجَوْدِ وَسِنْرࣸسࣸوطࣸدٜدٜعَرْرࣸعْبَةِ الࢽَّاسِ
بَکَمَاإِيَ إِيْدَڢَاتِحَابَا,بَکَمَاإِيَ إِيْدَڢَاࢽِحَابَا
مَاسࣸ ثَاثَادَمَاسࣸ لࣸوطࣸ   أَࢽْ کَطࣸواْسࣸ دَمَاسࣸ کَلّࣸواْ,مَاسࣸ ثَاثَادَمَاسࣸ لࣸوطࣸ  أَࢽْ کَطࣸواْسࣸ دَمَاسࣸ کَلّࣸواْ
ࢽٜمَاࢽي عَکٜي عَکَامَاعَطَوْرَٜى    بَيْرَسَ لَيڢࣸکَاوَجَࢽْ مَيشَرِيعَ,ࢽَٜاࢽَيْ عَکٜيٰ عَکَامَاعَطَوْرٜيٰ  بَيْرَسَ لَيْڢࣸکَاوَجَࢽْ مَيّࣸتَريٰوَ
دَوَّمَمّٜي حَڧِيڧَةََبَاشِ مࣸتوَا   سَرْمَدََا دَاءمََا شٜکٜمِيٰ بِدَوَامِ,دَوَّمَمّٜيٰ حَڧِيڧَةَ بَاشِ مࣸتࣸوَا  سَرْمَدَادَابِمَاشِکٜيٰ بدَوَامِ
وَࢽْسࣸ ࢽَاࢽَࢽْ سࣸࢽَاتَيِي ࢽَيْ ثِلِمّࣸ    مَاسࣸ ڧࣸوٰثٜيٰمَ وَࢽْدَيَڢَّارَکَامࣸ,وَࢽْسࣸ ࢽَاࢽَࢽْ سࣸࢽَاتَيِي ࢽَيْ ثِکِمّࣸ  مَاسࣸ ڧࣸوࢽٜيٰمَ وَࢽْدَيَڢَّارَکَامࣸ
دࣸࢽْ يَوَࢽْ غَرْدَࢽْدَمِࢽْسࣸ    سَيْسࣸ هَلَّکَ ࢳَࢽْ أࣸوَࢽْسࣸ,دࣸࢽْ يَوَࢽْ غَرْدَࢽْدَمِࢽْسࣸ  سَيْسࣸ هَلَّکَ ࢳَࢽْ أࣸوَࢽْسࣸ
إِࢽْ کَثٜيٰ بَاکِࢽْ کࣸطِࢽْکَ   ࢽٜيٰ رِڧوْاْࢽَتَ غَرٜيٰکَ,إِࢽْ کَثٜيٰ بَاکِࢽْ کࣸطِࢽْکَ  ࢽٜيٰ رِڧࣸوْاْࢽَتَ کٜيٰ غَرٜيٰکَ
فال رحمالله تحلى وذکره بحضى شيوخ اࢽ اسم تحلى لطيڡ,فاکلج الته نعلى وذک بحض شموجى اࢽ اسه تحلى لصيع
کَغَ ڢَاتࣸووَجٜىٰ وَجٜىٰ ࢽَاتَيَاوࣸو    وَيْشِى غَاشَرࣸوڢَابَايَاسَࢽَاعَ,کَغَ ڧَاتࣸووَجٜيٰ وَجٜيٰ ࢽَاتَيَاوࣸو   وَيْشِي غَاشَرࣸوڢَابَايَاَࢽَاطَ
عِذَابَاتَا الله اَرَࢽَرْ الڧِيَامَا   تَعَلَى دَيَيࣸوتَ دࣸࢽمِيْذِࢽَا,مَذَابَاࢽَاالَلَ أَرَاࢽَاڧِيَامَا  تَعلَي دَيَيوْتَ دَࢽْمِيذَࢽَا
ذَمَااِتَطَوْسَرْکِي کَدࣸوبِي غَأيْکࣸࢽَا ࢽَبَاوَادَيَذَّمْ مࣸومِࢽِي غَمࣸحَمَّدَا,ذَمَاإِتَطَوْ سَرْکِ کَدࣸوبِي غَأيْکࣸࢽَا  ࢽَبَاوَادَيَذَّمْ مࣸومِࢽِي غَمࣸحَمَّدَا
ثم الرسول کليم الله يسٔلها ؞ لولم تجىٰ فط لم يرغبد ولم يَسل,ثم ال سول کلم اله يسنلها ؞ لدلم تجفدا ل يى غب ولم يبل
مَرْغَرَاکٜيٰࢽَࢽْ غَبَاوَا  رَيْ کَبَࢽْ کࣸوْاࢽْادَعࣸضْوَا,غَرْغَرَاکٜيٰࢽَࢽْ غَبَاوَا  رَيْ کَبَࢽْ کࣸوْاࢽَادَعࣸکࣸوَا
شِىْ مࣸتࣸم ࢽٜىٰ مَىْ حَࢽَاࢽَا     غࣸࢽْ مࣸسࣸلمِى بَاخِيَاࢽَا,شِي مَتࣸمْ ࢽٜيٰ مَيْ حَࢽَاࢽَا غࣸࢽْ مࣸسࣸلْمِي بَاضِيَاࢽَا
سَيْ أَثٜيٰ جِبْرِيلࣸ جٜيٰکَ   غࣸࢽْ مَڢِيڢِيثِࢽْ مَأَيْکَ,سَيْ أَثٜيٰ جِبْرِيلࣸ جٜيٰکَ غࣸࢽْ مَڢِيڢِيثِࢽْ مَأَيْکَ
أَݣࣸويْ مَاتَاࢽَاࢽَࢽْ مࣸو شِدَ   ذࣸوکࣸسَ إِࢽْ ࢽَّڢَطِي کَجِمِلْتَا,أَݣࣸويْ مَاتَاࢽَاࢽَࢽْ مࣸوشَدَ  ذࣸوکَاسَ إࢽ ࢽّڢَطِي کَجِمِلْتَا
9,ࢽࢽ
ࢽَمَࢽْغِ زَارِيَ,مَهَࢽْغِغْ وَاَزِيَ
ࢳَࢽْ عࣸوَاࢽٜيٰ لَامࣸحَالَهْ    ࢳَࢽْ مࣸرࣸواْتࣸواْ مَالَعَلَّهْ,ࢳَࢽْ عࣸوَاࢽٜيٰ لَامࣸحَالَهْࢳَࢽْ مࣸرࣸوْاْتࣸواْمَالَعَلّهْ
9,1
ألࢽَّبِࢽْمࣸ يَذࣸودَ سࣸࢽَّـا   دࣸوࢽِيَا هَسْکى يَذࣸوࢽَا,غَࢽَّبِࢽْمࣸ يَذࣸودَسࣸࢽَّا  دࣸوࢽِيَاهَمْکٜيٰ يَذَوْࢽَا
بَيْ بَرْمࣸ مࣸسّامِ سَادࣸوَابَا,بَيْ بَرْمࣸ مࣸسَامِ سَادࣸوَابَا
ڢَسࣸࢽٜبَرْتَعَالى تعالى شىٜرس اࢽَاسࢽک کومَا مࣸتَاࢽٜى زِࢽَا,ڢَسࣸࢽغ مَرْࢽعلي تعالي شبرس ࢽاسࢽک کومامࢽاࢽٜى زࢽَا
بَابࣸ کَورِي بَابࣸ ڢَاطِ  ࢽَاجِ تࣸواْذَايٜࢽْ صَرَاطِ,بَابࣸ کَوْرِي بَابࣸ ڢَاطِ  ࢽَاجِ تࣸواْذَايٜࢽٰ صِرَاطِ
وَالتَّيَامَرࣸعٜيَمْکِنَادٜعِندَࡻلسَّلاَمِ سَاوَسَلْمِنْدٜ,وَالتَّيَامَرࣸعٜيَمْکِنَادٜعٜنْدَࡻلسَّلاَمِ سَاوَسَلْمِنْدِ
يَابَاشِ يَرْدَࢽْ يِࢽْ تَکَرْ دࣸࢽْ سَرَاکࣸࢽَا ؞ دَسࣸوڢَ دَمَالَمَّاأَکَيْسࣸ غࣸدَاغࣸدَا,يَابَاشِ يَرْدَࢽْ يِࢽْ تَکَرْدࣸࢽْ سَرَاکࣸࢽَا ؞  دَسࣸوڢَ دَمَالَمَّاأَکَيْسࣸ غࣸدَاغَدَا
بَلّٜيٰ ڢأَثٜيٰ بَسࣸيْ يَوَابَا,بَڢٜيٰ ڢَأَثٜيٰ بَسࣸيْ يَوَابَا
وَࢽْسࣸ کࣸواْ بِسَ رَرَّڢٜيٰࢽٜيٰ    ذَاسࣸ ڧٜيٰتَرَحَرْسࣸڧࣸوࢽٜيٰ,وَࢽْسࣸ کࣸواْبِسَرَرَّڢٜيٰࢽٜيٰ  ذَاسࣸ ڧٜيٰتَرَحَرْسࣸڧࣸوࢽٜيٰ
دَشِکَࢽْ مَࢽِ بَاأَبِࢽْ مࣸسࣸوبَا,دَشِکَࢽْ مَيِ بَاأَجِࢽْ مࣸسࣸوبَا
متاࢽي سࢽد مي وس سࢽ مکبتا   يويثي سࢽذمو جمع ࢽصارا,متاࢽي سࢽدمي وس سࢽ مکبت   يويثي سࢽذموجمع ࢽصرا
کَدَدَيْ يَثِ بَايَوْدَرَابَا,کَدَدَيْ يَثِ بَادَيَوْدَرَابَا
يَا صَاحِبࣸ کَکࣸلاَ دَحَالِࢽْ دوࢽيا عمَّا کلور کدࢽزيرت عࢽ عوا,بَاصَاجِب کَکليَ دَحَالِࢽْ دࣸوࢽِيَا   حَمَاکࣸلࣸورَکَذَ ࢽَزِيَرْتَ ࢳِࢽْ عࣸوَا
يَبِ سࣸࢽَّابَادَکَࢽْغَرَابَا,يَبِ سࣸࢽَّابَادَکَࢽْغَرَابَا
سࣸکَ,ممو
بَسࣸ کَࢽْ سࣸوْاْتَادَ هَࢽْکࣸلَابَا,بَسࣸ کَࢽْ سࣸوْاْتَادَهَࢽْکࣸلَابَا
دَࢽْ اَللَّهْ ࢽَارࣸوڧٜيٰکࣸ کَرْ کࣸڧࣸلٜيٰ دَࢽٜي   دَࢽْ غَسْکِيَاثٜيٰ مَيْوࣸيَاغَمࣸتَاࢽٜيٰ,دَࢽ لّهْ ࢽَارࣸوڧٜيٰکࣸ کَرْکࣸغَلٜيٰ دَࢽِي  دَࢽْ غَسْکِيَاثٜيٰ مَيْوࣸيَاغَمࣸتَاࢽٜيٰ
لم لايکوࢽ محالا ت العفول لنا ؞ اذفادراࢽ على المفددرغيرجل,لم لا يکدࢽ محالا ن العفول لنا ؞ اذفادراࢽ على المفددرغي جل
تمت,تمت
َدَبَيْيِ کࣸوْامَيْ دَتَࢽْبَيَابَا,دَبَيْيِ کࣸوْاْمَيْ دَتَࢽْبَيَابَا
مَࢽ ذَامِࢽَ الْخَلڡِ يَفْضِ شࣸکْرَوَالِڢِحِمَالَوْ کَاࢽَ يَشْکࣸرࣸ دلࣸولَ الَذلغࢽ لَمْ يَصِلِ,مَࢽْ ذَامَ الخَلْي يَڧْضِ شَْ وَاِيَا لَوْکَاࢽَ يَشکࣸ عَلࣸولَ الدَممَ غࣸ جَا
ذَاسࣸ إِسْکٜيٰ إِرِࢽْ رَبࣸࢽسࣸ     سࣸࢽْ ࢽَوَيْ غَمَتَتّرَرْسࣸ,ذَاسࣸ إِسْکٜيٰ ذَرِࢽْ رَبِࢽْسࣸ سࣸࢽْ ࢽَوَيْ غَمَتَتَّرَرْسࣸ
ادࢽ سباک کوتاکا کعمسا   دڢي ࢽا سࢽکباک غبࢽصارا,ادࢽ سباک کوتاکاکعمسا  دڢ ذاسࢽکباک غبࢽصرا
ذࣸوثِيَاتَسَ غَاإعَاࢽَا     غَاکِيَايٜىٰوَرْأَمَاࢽَا,ذࣸوثِيَاتَسَ غَاإِعَاࢽَا  غَاکِيَايٜيٰوَرْأَمَاࢽَا
٥ رَبَّࢽَا کَيْمِࢽْ إِجَابَا    إِࢽْغ ࢽَࢽْ صَلاَّ أَطَيبَا,٥رَبَّࢽَاکَيْمِࢽْ إِجَابَا  إِࢽْغَ ࢽَيْ صَلَّا أَطَࢽْيَا
ثٜى دَࢽِ رَاࢽَرْڟَيَاوَا  تَرْ سَشِࢽْ ذࣸࢽࣸبَࢽْغَ ࢽَاوَا,ثٰٜ دَࢽِرَاࢽَرْڟَيَاوَا  ࢽَرْسَغِࢽْ ذࣸࢽࣸبَࢽْغَ ࢽَاوَا
اࢽي کتب,بام
بَىْ سَامِ وࣸرِࢽْدَذَىْ ڟَيَابَا,بَيْ سَامِ وࣸرِࢽْدَذَيْ ڟࣸيَابَا
يَايِي کَيْوْدَيْ طَࢽْ مࣸسࣸلْمِي   يَيْتَ أَدِّيࢽِ بَࢽٜيٰمِ,يَايِي کَيْوْدَيْ طَࢽْ مࣸسࣸلْمِي  يَيْتَ أَدِيࢽِ يَࢽٜيٰمِ
ڢّثّاࢽْ سࣸکٜيٰدَيْدَيْ دَحࣸورࣸغَشٜيٰکَرَا   تࣸتࣸبْ سَيْ کَرَاماَثَاࢽَ طࣸوبَيْ دَاَحْمَدَا,ڢَࢽَارَ سࣸکٜيٰدَيْدَيْ دَحࣸورࣸ غَشٰٜکࣸرَا  تࣸتࣸثْ سَيْ کَرَامَاثَاࢽَ طࣸوبَي دَأَحْدَا
دࣸࢽْ مࣸتَاکَ دࣸغَادࣸڧِࢽْکࣸ   مࣸࢽْ ذَتَاکِرْکِ غَرٜيٰکࣸ,دࣸࢽْ مࣸتَاکَ دࣸغَادَغِࢽْکࣸ  مࣸࢽْ ذَتَاکِرْکِ غَرٜيٰکࣸ
مࣸيْ شِرِࢽْ تَڢِيَامࣸتَاࢽٜيٰ   مَيْ ذࣸوَاࢽَّࢽْ کࣸوْاْغَوَاࢽٜيٰ,مࣸيْ شِرِࢽْ تَڢِيَامࣸتَاࢽٜيٰ  مَيْ ذࣸوَاࢽَّࢽْ کࣸوْاْغَوَاࢽٜيٰ
سَࢽَّࢽْ,سَࢽَࢽ
20,1
بَبَّࢽْ أَبِࢽْدَࢽَتَࢽْبَيَا يَاࢳࢽْ عࣸوَا    دࣸکَّࢽْ حَلِتَّا وَاللَّهِ بَايَمࣸتاࢽٜيٰ,بَبَّࢽْأَبِࢽْدَࢽَتَࢽْبَيَايَاࢳَࢽْ عࣸوَا   دࣸکَّࢽْ حَلِتَّاوَاللَّهْ بَايَمࣸتَاࢽٜيٰ
4,4
٥٥ کࣸوْاوَࢽىٰ أَکَبَاشِ أَيْکِ سَيْ أَمَيْ عَدَدِي غَأَيْکِ,٥کࣸواْوَࢽٜيٰ مࣸکَبَاشِ أَذْکِ  سَيْ أَمَيْ عَدَدِي غَأَيْکِ
مَاسࣸ جِࢽْيَا سَيْ سَواڟٜيٰ   سࣸيْ تَکࣸوکَاسَيْ ࢽَڟَڟّٜيٰ,مَاسࣸ جِࢽْيَاسَيْ سࣸوَاڟٜيٰ  سࣸيْ تَکࣸوکَاسَيْ ࢽَڟَڟَيٰ
شِمْڢِطَاتَسَ کࣸودَمࣸوࢽِ    بَيْتَ إِࢽْدَيَسَࢽْ سࣸکࣸورِ,شِمْڢِکَاࢽَسَ کࣸودَمࣸورِ  يَيْتَ إِࢽْدَيَسَࢽْ سࣸکࣸوࢽِ
مَاسࣸ کࣸواْدَوَجَاغَرَىٰمࣸ دࣸوْبِ شَيْخࣸ مࣸجَدَّدِࢽْمࣸ,مَاسࣸ کࣸواْدَرَجَاغَرٜيٰمࣸ  دࣸوبِ شَيْخࣸ مࣸجَدَّدِࢽْمࣸ
أَࢽْکِرَاسࣸ ذࣸوَاکࣸشٰٜوَا وْࢽْدَوَيْشِ دࣸࢽْ دَطٜيٰوْا,أَࢽْکِرَاسࣸ ذࣸوَاکࣸࢽْثٜيٰوَا  وَࢽْدَوَيْشِ دࣸࢽْ دَطٜࢽٰوَا
والحسࢽ بالعڢل والتفيح اوفعم ؞ و نحࢽ لشى عممااࢽ يفل نفل,واحس بالعفل والتفييح اوفعم ؞ وخࢽ لش ع ممااࢽ بفل نفل
دࣸکْمࣸتࣸمْ يَبِ شࣸوغَبَࢽْسَ    ذࣸوثِيَا طَيْ کَرْشِڢَاسَ,دࣸکْمࣸتࣸمْ يَبِ شࣸوغَبَࢽْسَ  ذࣸوثِيَاطَيَ کَرْشِڢَسَ
بَسࣸکَيْ رِدَّا اَلَاخِرَابَا,بَسࣸکَيْ رِدَّااَلَاخِرَابَا
بَسࣸکَࢽْ طَامَيْ مࣸوَاڢَڧَابَا,بَسࣸکَࢽْ طَامَيْ مࣸوَاڢَڧَابَا
عَامَيْࢽِ ذَيْ ذَمْࢽَاأَثِکِࢽْ وࣸتَا    أَيْبَابࣸ زَمْࢽَاوَابَادࣸوغَرَىٰ,عَامَيِࢽْ ذَيْ ذَمْࢽَاأَثِکِرْوࣸتَا  أَيْبَابࣸ زَمْࢽَاوَابَادࣸوغَرَيٰ
طَاکِࢽْدَيَݣَاࢽَ ذَيْىِ غَمْبَا,طَاکِࢽْدَيَکَاذَيْيِ غَهْبَا
13,1
بَکࣸسَࢽْ شِࢽٜىٰ مَلَاءکَابَا,بَکࣸ سَࢽْ شِيࢽٜيٰ مَلَاءِکَابَا
٥٨ بَاشِ ذࣸوبى إࢽْ يَبَاکَ  بَاشِ جِࢽْ ڧَيَا شِى أَبِࢽْکَ,٥بَاشِ ذࣸوبٜيٰ إِࢽْبَبَاکَ بَاشِ جِࢽْ ڧَبَاشِ أَبِࢽْکَ
دࣽسْطٜ ࡶَلْسِلَمَاکࣸ خَمْشَاةࣻکࣽجࣽوٜأوَّلࣸهَاعَرَنࣽعࣽࢽْ,دࣸسْطٜ ࡶَلْسِلَمَاکࣸ خَمْشَةࣸکࣽجࣽوࡶَوَّلࣸهَاعَرَنࣸعࣸࢽْ
بَلّٜيٰ ڢَمࣸو دَمࣸکٜيٰ غَࢽِي دَإِدَࢽْدࣸࢽَا   غَاحَࢽْکَلِي أَغَرٜيٰمࣸ سَادَتࣸࢽَاࢽٜيٰ,بَلٜيٰ ڢَمࣸودَمࣸکٜيٰ غَࢽِي دَإِدَࢽْدࣸࢽَا  غَاحَࢽْکَلِي أَغَرٜيٰمࣸ سَادَتࣸࢽَاࢽٜيٰ
ࢽَاثِکَامࣸکࣸ يٜࢽْ اࣸوَاࢽَا    تَمْبَيَرکࣸ سَبࣸواْدَڧَوْࢽَا,ࢽَاثِکَامَکࣸ يَࢽْ أࣸوَاࢽَا  تَمْبَيَرْکࣸ سَبࣸواْدَڧَوْࢽَا
يَيِّ تࣸوبَا شِڟِيرَ تَبَّتْ حَڧِڧََا,يَيِّ تࣸوبَاشِظِيرَتَّبَّتْ حَڧِيڧَا
حَرْسࣸ تَاشِ سࣸࢽَادَ کَايَا    دࣸࢽْ ڢَطِࢽْدَ سࣸکٜيٰ ࢽَڧَرْيَا,حَرْتَاشِ سࣸࢽَادَکَايَا  دࣸࢽْ ڢَطِࢽْدَسࣸکٜيٰ ࢽَڧَرْيَا
کَرْکَيَرْدَدَثِࢽْ أَمَاࢽَا    کࣸوْاْمࣸتࣸمْ مَيْ سࣸوࢽْ خِيَاࢽَا,کَرْکَيَرْدَدَثِࢽْ أَمَاࢽَا  کࣸوْاْمࣸتࣸمْ مَيْ سࣸوࢽْ خِيَاࢽَا
غَاعَلَامࣸوْاْمِࢽْ ڧِيَامَا   تَاجِرَيْ سࣸيَوَيْتَ هࣸوْاْمَا,غَاعَلَامࣸوْاْمِࢽْ ڧِيَامَا  تَاجِرَيْ سࣸيَوَيْتَ هࣸوْاْمَا
دَمَيْ بِرِࢽْ جَࢽَبَا تَدَطٜيٰ جِکِ   کࣸورِي شِي کࣸࢽْيِي غَشَࢽْ الْکَوْثَرَا,دَمَيْ بَرِࢽْ جَࢽَبَاࢽَدَطٜيٰ جِکَ کࣸورِي شِي کَࢽْيِي عَشَࢽْ مَّکَوْتَرَا
وَاڧَرْإِࢽْڢِرَاجِ تبِيو,وَوَاڧَرْإِلْڢِرَامِج ࢽَجِيْبَسَ
سَيْ سࣸرَرَّبَ ࢳَاࢳَࢽِࢽْسࣸ   دࣸکْ سࣸبَاتَ ذَمَاࢽِيَرْسࣸ,سَيْ سࣸبَرَّبَ بَاࢳَࢽِسࣸ  دࣸکْ سࣸبَاتَ ذَمَاࢽِيَرْسࣸ
شَيْغࣸوا إِࢽْ سࣸࢽْيَوَيْتََاأَدࣸوࢽِࢽَا   جَرَّبࣸواْ سࣸکَࢽْ رِڧَاأَيْکࣸودࣸࢽِيَا,سَيْڧࣸوࣸوإِࢽْ سࣸࢽْيَوَيَࢽَاأَدࣸوࢽِبَا  جَرَّبࣸواْسࣸکَࢽْ رِڧَاأبْکࣸودࣸويِيَا
غَاکࣸسْکࣸرٜيٰ غَامࣸڧࣸمْشِي ظࣸمَّا  ثِکِࢽْ تَکَرْدَاعَࢽْ ڟِبٜيٰ مَکࣸو,غَاکࣸسࣸکࣸرٜيٰ غَامࣸڧࣸمْشِي ظࣸمَّا  ثِکِࢽْ تَکَرْدَاعَࢽْ طِيࢽٜيٰ مَکࣸوْ
دَامࣸتࣸمْ ذَيْبَادَڢَࢽْسَا   ࢽَىْ أکَرْبٜىٰ حَرْ أࣸوَرْسَ,دَامࣸتࣸمْ ذَيْبَادَڢَࢽْسَا ࢽَيْ أَکَرْيٜيٰ حَرْأࣸوَرْسَ
إِࢽْ مَّثٜي تَاذَمَ بَاتَ دَڟَڢَتَا    وَࢽَࢽْ کَمْ تَاثِوْثِ مجِࢽْتَا,إِࢽْ مَّثٜيٰ تَاذَمَ بَاتَ دَڟَڢْتَا  وَࢽَࢽْ کَمْ تَاثِوْثِ مِجِࢽْتَا
يَجِ کَلْمَابَا تَطَࢽْ أَدَمَّبَا,رَجِ کَلْمَابَاتَطَطَࢽْ أَدَمْبَا
شِي عِبَادَاڢَيْ دَݒࣸويٜيٰ    شِي حَوَاࢽَاࢽَࢽْ کࣸجَايٜيٰ,شِي عِبَادَاڢَيْ دَبࣸويٜيٰ شِي حَوَاࢽَاࢽَࢽْ کࣸجَايٜيٰ
والتمسک الفول عماکاࢽ بينهم ؞ ولتشتغل بالذ>يعنيک مࢽ عمل,والخسک الفول عاکاࢽ ينم ؞ ولشتغل بالذ> يعنيک محل
کَمَرْحَغࣸمَاسَبࣸوْادَغَمْبَا,کَمَرْحَڧَمَاسَبࣸوْاْدَغَمْبَا
بَاطڟيرد,باطڟررو
جا هديحدعسى بالله تغلبا ؞ لله درک اࢽ جاهدت مࢽ رجل,جامهديجدعسى بالله تخلبما ؞ لله درک اࢽ جاهدت مࢽ رجل
غَࢽْغَرْوَعَاذࣸواْذَاࢽِ کِطَاࢽَتَا  دَࢽْ مَّاسࣸواْ بَرْثِي سࣸڢَلْکَ سࣸجِيَا,غَࢽْغَرْوَعَاذࣸوْاذَࢽِ کِطَاࢽَتَا  دَࢽْ مَّاسࣸواْبَرْثِي سࣸڢَلْکَ سࣸجِيَا
لَمْبَرْ غِدَࢽْسَ طَرِي حࣸطࣸو دَتَمَاࢽِࢽْ دَشِدَ,مَࢽْبَرْغَدَࢽْسَ طَرِي حࣸطࣸودَتَمَاࢽِࢽْ دَشِدَ
وفيل باڡ على وصڢ له ببفا ؞ کذاالفديم ووجدالبحث ڢيه جل,وفيل باڡ على وصڢ له ببفا ؞ کذاالفديم ووجه الحت ڢيه جل
بَسࣸ تَاشِ کَمَادَࢳَࢽْ أَّدَمْبَا,بَسࣸ تَاشِ کَمَادَࢳَࢽْ أَدَمْبَا
فدجل سبحانه عࢽ اࢽ يکوࢽ له ؞ مࢽ الاوامࢽ غير ممتثل,ڢدجل س حانه عࢽ ام يکودله ؞ مࢽ الاوام ام غي متثل
کࣸسَامِ لاَدَا کَا يَتَرْ ڧَارࣸوَا,کَسَامِ لَادَکَابَبَبرْڧَارࣸوَا
خلا ڢالمالک ابࢽ انس ابࢽ رشر,حلا جالصالک اجࢽ انمࢽ اجب رش
ذَاسࣸجٜيٰ وࣸتَ بَادَدَوَّمَابَا,ذَاسࣸجٜيٰ وࣸتَ بَادَدَوَّمَابَا
شِيࢽٜيٰ يَي مَࢽَاذَࢽْثٜيٰ الدّࣸعَا   دَبَاتَکَيْوَا غࣸࢽْ أَمْسَ تَتَا,شِيࢽٜيٰ يَيْ مَࢽَاذَثٜيٰ الدࣸعَا   دَبَاتَکَيْوَاغَࢽْ أَمْسَ تَتَا
تَيَبࣸواْࢽَسَ بَادَکࣸسْکࣸرٜىٰبَا,تَيَبࣸوࣸاْࢽَسَ بَادَکࣸسْکࣸرٜيٰبَا
أکࣸويْ سَاکٜي سࣸوࢽَا وَجَࢽْ کَارࣸوَا  إددَࢽْ کَاجِ سࣸوࢽَࢽْةَ کࢽْدٜي أيَرْوَا,أَکࣸويْ سَاکٜيٰ سࣸوࢽَاوَجَيْ کَارࣸوَا   إدَࢽْ کَاجِ سࣸوࢽَࢽْةࣸ کَࢽْدٜيٰ أَيَرْوَا
حࣸرْتࣸمِي تَوْرٜيٰ دَجࣸويَا   کَاسࣸوَرْسࣸ تَࢽَادَحَࢽْيَا,حࣸرْتࣸمِي تَوْرٜيٰ دَجࣸويَا  کَاسࣸوَرْسࣸ تَࢽَادَحَࢽْيَا
إِࢽْ أࣸوَاتَهَرَارِ أَوْرٜيٰ   سَي شِسࣸوْاْمَ ݒَرِي تَشࣸورٜيٰ,إِࢽْ أࣸوَاتَهَرَارِ أَوْرٜيٰ  سَيْ شِسࣸوْاْمَ بَرِي تَشࣸورٜيٰ
ڢباهم افتديم العتايتم,ڢ ي
25,1
ذواالمعجز ات وبالفرءاࢽ کاࢽ له ؞ منا تحديد نصاغير محتمل,ذوا العجر ات وبالفر اࢽ کارله ؞ مناتدير نصاغي محتل
ميس,ص
2,2
کَسَادَمَيْتَڢِيَا مَيْࢽِيسىٰ   أَيْ رࣸوَࢽْبَذَرَا بَايَاغِدَا,کَسَادَمَيْتَڢِيَامَيْࢽِيسَيٰ  أَيْ رࣸوَࢽْبَذَرَابَايَاغِدَا
لارمࢽ لم تکࢽ فطعاعفيرته ؞ على شڢاجرڡ لمارمࢽ الخطل,اࢽ مࢽ لم تک فطعاعفي ؞ على شڢاج ڡ به رعࢽ الحطل
سَىْ أَکࣸلّٜىٰ دࣸکَࢽْ وࣸتَاثٜىٰ    سَيْ جَهَࢽَّمَ مࣸࢽْجِ أَࢽْثٜىٰ,سَيْ أَکࣸلّٜيٰ دࣸکَࢽْ وࣸتَاثٜيٰ  سَيْ جَهَࢽَّمَ مࣸࢽْجِ أَࢽْثٜيٰ
کَتࣸࢽَابَاذَامࣸ دَوَّمَابَا,کَࢽࣸࢽْࢽَابَاذَامࣸ دَوَّمَابَا
مَىْ بِطَرْکَتَرِي غکࣸواْمَى   إࢽْ يَࢽَاڢَاتَايَسَامَىْ,مَيْ بِطَرْکَتَرِي غَکࣸواْمَيْ  إِࢽْ يَࢽَاڢَاتَايَسَامَيْ
ثِي يٜࢽْ اَلْجَࢽَّهْ کࣸࢽْيَرْ    دَغَامࣸتࣸوَأَکَايَرْ,ثِي يَࢽْ اَلْجَࢽَّهْ کࣸࢽْيَرْ دَغَامࣸتࣸوَأَکَايَرْ
تࣸࢽْ أࢽَاغَيْسَى شِأَڧسَا مَرْيَڧَاغرَمَايَکَاسَا,تࣸࢽْأَࢽَاغَيْسَيْ شِأَمْسَا  مَرْيَڧَاغَرَمَايَکَاسَا
ࢽَيْ حَمْدَلَهْ,ࢽَيْ حَمْدَلَهْ
أَکَثٜيٰ بَاذَاسࣸ ڧٜيٰتَرَابَا,أَکَثٜيٰ بَاذَاسࣸ ڧٜيٰتَرَابَا
إِذَࢽْ کَاغِيَاکࣸوَکَاغَمࣸودَعࣸبَࢽْغِجِ ؞ أَرَاࢽَ الْڧِيَامَ بَاکَ حࣸجَّاڢَ کࣸوغࣸدَا,إِذَرْکَاويَاکࣸوَکَاغَمࣸودَ عࣸبَࢽْغِجِ ؞  أَرَاࢽَالْڧِيَامَ بَاکَ مࣸجَّاڢَ کࣸوغࣸدَا
اما الثمارڢاصناڡ منوعَة ؞ شکلل وطعماکذالمࢽ الجبوب جل,اما الثارڢاص ناڡ منوعة ؞ شکلى وطعاکذالم اليوب جل
ذَابَيَامَىْ تَادَصَوْتِ    کٜىٰ هَࢽَاکَ تࣸࢽِࢽْ وَڢَاتِى,ذَابَيَامَيْ تَادَصَوْتِ کٜىٰ هَࢽَاکَ تࣸࢽِࢽْ وَڢَاࢽِ
بَاذَاشِ هَࢽَامࣸ سَادࣸوَابَا,بَاذَاشِ مَلَمࣸ مَادࣸوَابَا
سَيْتَ عࣸکࣸࢽْسࣸ غَدَࢽغَمَ کٜيٰࢽْ   بَاتَ ࢽࣸڢِࢽْ ۼٜيٰرَا سَيْ ثࣸوْتَا,سَيْتَ عࣸکࣸࢽْسࣸ غَدَࢽْغَمَ کٜيٰسَ بَاتَ ࢽْڢِࢽْ ۼٜيٰرَاسَيْ ثِوْࢽَا
إِࢽْ جِي مَالَمْ يَثٜيٰ يَࢽْدَسَکٜيوَا  حَبَاسَمَارِي أَيْ هِمَّ اَلشِّرِي,إِࢽْجِي مَالَمْ يَثٜيٰ بَࢽْدَسَکٜيٰوَا  حَبَاسَمَارِيَ أَيْ هِمَّ الشِرِي
رَࢽْدَيَيْ أَزࣸمِي مَصِيبَا   سَيْ تَسَامَسَ بَاکَطَࢽْبَا,رَࢽْدَيَيْ أَزࣸمِي مَصِيبَا   سَيْ تَسَامَسَ بَاکَطَࢽْبَا
شِي مَيْسَمَّکࣸوْࢽْ ڢِتَرْکَاسࣸوَاࢽٜي  بَايَاجٜي بَࢽٜي ڢَدَࢽْ يَيِّي صَࢽَاعَ,شِيي مَيْسَمَّکࣸوࢽْ ڢِتَرْکَاسࣸوَاࢽٜيٰ  بَايَاجٜيٰ بَࢽٜيٰ ڢَدَࢽْ يَيّي صَࢽَاعَ
الࢽَّاشِرࣸأَحْمَدࣸالتِّجَاࢽِي حَڢِظَهࣸ اَللَّهࣸ وَڢَّ ڧَࢽَااللَّهࣸ,اَلࢽَّاشِرࣸأَحْمَدࣸالتِّجَاࢽِي حَڢِظَمࣸ اللَّهࣸ وَڢَّڧَࢽَاللَّهࣸ
أَکَثٜىٰ ݣَاࢽِࢽْسَ بَىْ سَࢽِبَا,أَکَثٜيٰ کَاࢽَࢽْسَ بَيْ سَࢽْبَا
يفڢواالصحابت ڢى هدى وناسن ؞ لا نهم فدوة ڢى الفدل والعمل,يفڢواالصحابة ڢى عدى وناسࢽ ؞ لانع فدوة ڢى الفدول والعل
إِࢽࢽَيْ تࣸࢽَاࢽِي ࢽَمَالَمْ مَࢽْذࣸواْ   أِثِکِࢽْ دَاڢࣸواْ ࢽَيْکوکَࢽْ رَشِ,إِࢽْࢽَيْ تࣸࢽَاࢽِي ࢽَمَالَمْ مَࢽْذࣸواْ  أَثِࢽْ أَدَاڢࣸواْࢽَيْکࣸوکَࢽْ رَشِ
بَاشِمَاڧَوْࢽَرْسࣸغَيْسَ    دࣸࢽْ يَوَࢽْ مࣸوࢽِࢽْ حَلِࢽْسَ,بَاشِ مَاڧَوْࢽَرْسࣸغَيْسَ  دࣸࢽْ يَوَࢽْ مࣸوࢽِࢽْ حَلِࢽْسَ
وَࢽْدَکٜيٰدَرَبࣸوْاْ يَتࣸوبَا   وَࢽْدَکࣸوَاْبَيْ حَمْزَرِيبَا,وَࢽْدَکٜيٰدَرَبࣸوْاْيَتࣸوبَا  وَࢽْدَکࣸوْاْبَيْ حَمْزَرِيبَا
مَعَࢽَاکࣸوْاْذࣸوثِيَايَدࣸوبَا,مَعَࢽَاکࣸوْاْذࣸوثِيَايَدࣸوبَا
فصل ڢيما اتت به السمعيات مࢽ الا موزالمغيبات,ڢصل ڢيااتت ب العبات مࢽ الامورالميبات
مَالَمِࢽْمࣸ شِکَࢽْيِ تَاطِ   أَࢽْغَ لَکَّڢَࢽِي دَشࣸوطِ,مَالَمِࢽْمࣸ شِکَࢽْيِ تَاطِ  أَࢽْغَ لِکَّڢَࢽْيِ دَشࣸوطِ
بَاذَيْثِ تࣸوࣸࢽْسَ مِيَابَا,بَاذَيْثِ تࣸوࣸࢽْسَ بَامِيَابَا
کࣸمَ کَکَيْمَࢽْ غَيْسࣸوَاتَا    غࣸࢽْ مَوَࢽْکِࢽْ ذࣸوثِياتَا,حࣸمَ کَکَيْمَࢽْ غَيْسࣸوَاتَا  غࣸࢽْ مَوَࢽْکِࢽْ ذࣸوثِيَاتَا
غَاوࣸتَادَذࣸوَا أَمِيڧَا    حَرْمْذَاجٜىٰ مَاسࣸ لٜىٰڧَا,غَاوࣸتَادَذࣸوَاأَمِيڧَا  حَرْمَذَاجٜيٰ مَاسࣸ بٜيٰڧَا
وَايىٰ مَيْذَمَࢽْذَتَودَࢽْ عَبَاشِ    ثٰٜࢽٜىٰ مِࢽْ مࣸتِࢽْ مَرَرْ يِࢽْ صَࢽَاعَ,وَايٜيٰ مَيْذَمَࢽْ ذَتࣸودَࢽْ عَبَاشِ  ثٜيٰࢽٜيٰ مِࢽْ مࣸثِࢽْ مَرَرْيِࢽْ صَࢽَاعَ
17,1
دَبَاشِࢽْ دَطَلڧى بَلٜى الْوَضى    کࣸسَࢽْ بَابَ صَلَاغَمَى زِࢽَا,دَبَاثِࢽْ دَصَلڧم بٜلي اَلوجِضى  کࣸسَ بَابَ صَلَاغَمي زِࢽَا
بڧر ڢتࢽا غرس دکو مڧيدا تبد ديࢽ مسلمي الࢽصارا,بغرڢࢽࢽاغرسࢽ دکومغيد  تبد ديࢽ ممي الࢽصارا
ݣࣸاࢽࣸکَا ࢽَعَلِيَّ دࣸوࢽِيَا    بَابࣸ مَيْ ذَمْࢽَاوَا الَاڢِيَا,کَاࢽࣸکَاࢽَعَلِيْ دࣸوࢽِيَا  بَابࣸ مَيْ ذَمْࢽَاوَالَاڢِيَا
اذࢽ,اذࢽ
جَمَعَاکَسَوْرَارٜيٰ غَاوَࢽِ غَرْغَطِي   ذَࢽْ بَيَّࢽا شِ غَمِي دَمَاتَࢽْ أَوْرٜيٰ,جَمَعَاکࣸسَوْرَارٜيٰ غَاوࢽْ غَرَغْطِي  ذَࢽْ جِيْࢽَاشِ غَمِي دَمَاتَࢽْ أَوْرٜيٰ
دࣸومِࢽْ أَيْکِࢽْسَ بَيْ ثِرَابَا,دࣸومِࢽْ أَيْکِࢽْسَ بَيْ ثِرَابَا
إِࢽْکاڟَيَا,إِࢽْکَاڟَبَا
وَࢽِذࣸوثِيَا تَيْ ࢽَابࣸکَاتَرْ تَيْمَکࣸوࣸ,وَࢽِذࣸوثِيَاتَرْࢽَابࣸکَاتَرْࢽَيْيْمَکࣸو
أَرزِڧِى غَمࣸتࣸمْ ࢽَرَيٜىٰ ڟَيࣸدسࣸࢽَّه ڢَىْ دَيࣸوميٜىٰ,أَرْزِڧِي غَمࣸتࣸمْ ࢽَرَايٜيٰ ڟَيْدَسࣸࢽَّهْ ڢَيْ دَبࣸويٜيٰ
بَسࣸࢽغ مࣸحمدرَاࢽ الڧِيَامَا     بَسࣸ سَامِ ثٜى تومࣸتاࢽٜى زِࢽَا,مَبࣸࢽغَ ࢽْمَࢽَاشٜ َکَام وَبَسࢽ سَامِ ثٜي تَومَࢽَاࢽٜى يࢽَ
٥٩ بَاشِ ڧَبا مَرمىْ تَلَوْثِ  دࣸوࢽْ رَشِى بَايَا بࣸتࣸلثِ,٥بَاشِ ڧَࢽَامَرْمَيْ تَلَوْثِث  دࣸوࢽْ رَشِى بَابَابࣸتࣸلْثِ
هَاسࣸوࢽࣸومَاکࣸيْ زَکَرْ حَڟِي   کࣸبَادَ صَلَّىٰ کَࢽْ وَّڧْتِيࢽَتَا,مَاسࣸوࢽࣸومَاکࣸيْ زَکَرْحَڟِي  کࣸبَادَصَلَّىٰ کَࢽْ وَّڧْࢽِيࢽَتَا
کࣸواْدَطَامَࢽْ کࣸواْدَڧَايَا  دࣸکْ أّبِࢽْ کࣸواْيَابࣸوَايَا,کࣸواْدَطَامَࢽْ کࣸواْدَڧَايَا  دࣸکْ أَبِࢽْ کࣸواْبَابࣸوَايَا
ما فال للشي ى الاوکاࢽ على ؞ وڢڡ الارادة مࢽ بط ومࢽ عجل,مفال للنج اک الاوکاه على ؞ وفڡ الارادة مࢽ بطومࢽ عجل
ڢَرْکࣸࢽْسࣸ ظَالࣸمْثِي ࢽَسَرَاکࣸࢽَا  کَاࢽَ دَتَاکٜيٰ ڢَطَاغࣸࢽْ مَّالࣸمَا,ڢَرْکࣸࢽْسࣸوڟَالࣸمْثِي ࢽَسَرَاکࣸࢽَا  کَاࢽَ دَتَاکٜيٰ ڢَطَاغࣸرَمَّاَلࣸمَ
امسک لسانک تسلم مࢽ غوابله ؞ بالمت ثم متى لم يمکر انعزل,امسکلسانک تسلم مࢽ غوابله ؞ بالصت ثم متى لم لبعࢽ انعل
سَيْ سࣸثٜيٰ ڟَࢽْࢽِࢽْ وࣸتَاࢽٜيٰ  يَاإِسَمَّࢽْ يَوْشٜيٰࢽٜيٰࢽيٰٜ,سَيْ سࣸثٜيٰ ڟَࢽَࢽِࢽْ وࣸࢽَاࢽٜيٰ  يَاإِسَمَّࢽَ يَوْشٜيٰ ࢽٜيٰࢽٜيٰ
وَلاَتَعِيࢽࣸ الْعيْشَ عَلَى أَهْلِهَاوَاءࣸخَرَىٰ وِعَاءࣸࣸ لِلْوَلَدِ,وَلَتَعِيࢽࣸ لَمْيَشِ عَلَى أَمْلِمَاوَبࣸخْرَٰ وِعَاءࣸ لࣸلْوَلَدِ
أَݣࣸيْ وَتَ کَرَامَ کࣸمَ تَجِيکَࢽْ مࣸحَمَّدࣸ؞  کࣸکَرْکَتَ کࣸࢽٜيٰ دࣸکْ کࣸجِيتَا دَڧَاءِدَا,أَکࣸيْ وَتَ کَرَامَ کࣸمَ تَجِيکَࢽْ مࣸحَمَّدࣸ ؞  کࣸکَرْکَتَ کࣸࢽّٜيٰ دࣸکْ کࣸجِبَبَادَڧَاءِدَا
يَوْبَا شِرِيَا سࣸکٜيٰ ࢽࣸڢِيبَا,يَوْبَاشِرِبَاسࣸکٜيٰ ࢽࣸڢِيبَا
جَاءِزِيࢽٜيٰ کَرْيَڢَاسَ   دَࢽْ غَࢽِࢽْسࣸ ڢَکٜيٰ وَࢽِࢽْسَ,جَامِزِيِࢽٜيٰ کَرْيَڢَاسَ  دَࢽَ غَسْ ڢِکَࢽٜيٰ وَࢽِࢽْسَ
ءادم مࣸلاکٜيٰ,ا
على سيدࢽا محمد,عل ميدࢽامي
غاالله ذࢽبدت غالرسول    ذماشي اࢽلباثٜيٰتو مڟيرا,غااله ذࢽبدت غالرسول  ذماشي اࢽکباثٜتومطيرا
أَکࢽْ لَدّࣸوَا وَࢽَلࣸوءْلوء کࣸوࢽَشَاࢽَسَا    کࣸتَمْثِࢽْسࣸ دَيْڢَ دَألࢽَّبَاوَاغکࣸوڧِدَا,أَکࣸي لࣸذّࣸوَاوَࢽَغࣸوْکࣸوْکࣸوࢽَشَاࢽَسَا  کࣸتَمْثِࢽْسࣸ دَيْڢَ دَاَلࢽَّبَاوَاغَکࣸوڧَْدَا
الاول الاخى المعبودذوفدى ؞ وصڢ الکدوث محال غيرمنشتل,الاول الاخ المعبودذوفدى ؞ وصڢ الدوت محال غيومتل
بَايَࢽْدَبَذَاشِ رَاذَࢽَابَا,بَايَࢽْدَبَذَاشِ رَاذَࢽَابَا
يَࢽْتَدࣸواْ کَࢽࣸو,يَࢽْتَدࣸواْکَࢽࣸو
مروک تَعالى شِبَيشٜى م حَيَا     مࣸبَرْکَاڢرثِ مࣸبَر يࢽْ زࢽَا,مࣸووک حَالى شبيشي م حيد  مبرکاڢرت مرجࢽزࢽا
تࣸواْدَسَوْرَࢽْ تَࢽْبَاتَا    مَاغَࢽٜي ميْ وَرْکٜيٰ ثࣸوتَا,تࣸواْدَسَوْرَࢽْ ࢽَࢽْبَيَاتَا مَاغَࢽِي مَيْ وَرْکٜيٰ تࣸوࢽَا
ثِي دَشَابَ بَلٜيٰ سࣸࢽٜيٰمِ  إِࢽْدَذَاسࣸ ڟَيَاأَرَامِ,ثِي دَشَابَ بَلٜيٰ سࣸࢽٜيٰمِ إِࢽْدَذَاسࣸ ڟَيَاأَرَامِ
لا شک ڢى انها رک لمصلحة ؞ اذاافيمت على شرط لمعتدل,لاشک ڢى انهارک لمه لحة ؞ اذاافيت على شر طا لمعتدل
کࣸوࣸوڧࣸوڧَرِي دَࢽْ اَللَّهࣸ کَاجِڢَاطَࢽ عࣸوَا ؞  کࣸرࣸمْ کَدَکࣸيِوࣸبَرْࢽَاکࣸسَابَ دَأَحْمَدَا,کࣸوࣸوڧࣸوڧَرِي دَرْاَللَّهࣸ کَاجِڢَاطَ دࣸوَا ؞  کࣸرࣸمْ کَدَکࣸيوࣸبَرْࢽَاکࣸسَابَ دَأَحْمَدَا
غَوَطَࢽْدَ بَسࣸي مࣸوَاڢَڧَابَا,غَوَطَࢽْدَبَسࣸي مࣸوَاڢَڧَابَا
مِطࣸ جࣸولَ حِسْࢽ عٜأَنَّبِيجࣸ عٜأَلِعٜࢽْ عٜصَحَا بَعٜࢽْ جࣸلْڢࣸلْ عٜمَبّٜ مِهَابَتا,مِطࣸ جࣸولَ حِسْࢽَعٜأنَّيِجࣸ عٜنَالعٜࢽْعٜصَجَايَڢٜرْ جࣸلْفࣸلْ عٜمَبّࣸ مِهَابَتَا
لࣸوکَثِي إِࢽْ يَيْ ࢽَصَلاَّ سَيْ أَبَاشِ رࣸوَࢽْ أَلࣸولاَ,لࣸوکَثِي إِࢽْيَيْ ࢽَصَلَّا  سَيْ أَبَاشِ رࣸوَࢽْ أَلࣸولَا
أَݣࣸويْ وَتَ غَاݒَرْࢽَا غَاۼٜيٰرَا    غَاتَاسَوڧِࢽْ کَيْ غَاثࣸوتَا,أَکࣸويْ وَتَ غَابَرْࢽَاغَاغٜيٰرَا   غَاتَادَسࣸوَڧِࢽْ کَيْ غَاثِوْتَا
8,1
دَيَيَࢽْک ڧَمࢽَاطَکَاࢽِى دَالله    اࢽَاوَمَکَومَاغَمَى يزِࢽَا,دَيَيَࢽْکَ ڧَمَࢽَاطَکَاࢽِي دَاللَهْ  إِࢽَڧْ مَکَوَمَاغَمي يزْࢽَا
فال الشيخ الڢغيى العالم الولى الصالى,ڢال التخ الڢفبه العا ل الولى الصاع
سࣸوبَاڢَهِمْتَرْکࣸومِي دࣸوࢽِيَا    دَسࣸودَدَبْبࣸوبِي بَارَرَبَا,سࣸوبَاڢَهِمْتَرْکࣸومِي دࣸوࢽِيَا   دَسࣸودَدَبْبࣸوبِي بَارَرَبَا
بَتَجٜيٰ دَࢽَڟࣸوْاْوَجَࢽْ مِجِيبَا,بَتَجٜيٰ دَࢽَڟࣸوْاْوَجَࢽْ مِجِيبَا
ذَمْکَ ذِکْرِي دَصَاڢٜي حَکَࢽَامَ   رٜيثٜي ذَمْکَ تَاشِي ثِکِࢽْ دَرٜکَيِ ڧِيَامِ,ذَمْکَ ذِ کࣸرِي دَمَحَاڢٜيٰ حَکَࢽَامَ  بِرِيثٜيٰ ذَمْکَ تَاشِي ثِکِࢽْ دَرٜيٰ کَيِ ڧِيَامِ
2,6
سَادࣸوَرْدَسࣸکَيْ أَللَلَّا   حَرْتَڧَارٜيٰ تَايِي صَلَّا,سَادࣸوَرْدَسࣸکَيْ أَللَلَّا حَرْتَڧَارٜيٰ تَايِي صَلَّا
ࢽَاتَ طَࢽْ بَتَبَرْسࣸ سࣸࢽْ سَکٜىٰبَا,ࢽَاتَ طَࢽْ بَتَبَرْسࣸ سࣸࢽْ سَکٜيٰبَا
عِࢽْ بَࢽْدَ حَالِࢽْ طَࢽْ أدَمْ مَيْ غَرْدَمَا    بَايَاغَࢽِࢽْ لَيْڢِࢽْسَ سَيْ ࢽَمࣸتَاࢽٜيٰ,عِࢽْ بَࢽْدَخَالِࢽْ طَࢽْ أَدَمْ مَيْ غَرْدَمَا  بَايَاغَࢽِࢽْ لَيْڢِࢽْسَ سَيْ ࢽَمࣸتَاࢽٜيٰ
شِي سَࢽِي کَࢽْ مَيْدَبَاوَا طَامَڢِي غِرْمَࢽْ مࣸرࣸوَ,شِي هَذْيکَࢽْ مَيْدَبَاوَا  طَامَجِي غِرْمَࢽْ مࣸرࣸوَا
ڢَطَاتَمَالَمْ بَامَيْمࣸسࣸوࢽَتَا    سَيْ جَاهِلِي وࣸوڢِࢽْ دࣸوࢽِيَا,ڢَطَاࢽَمَالَمْ بَامَيْمࣸسࣸوࢽْتَا سَيْ جَاهِلِي وࣸوڢِࢽْ دࣸوࢽِبَا
إِࢽْکَلࣸوَرَکَٜࢽىٰمِ عِلْمࣸ     مࣸواسَشّٜىٰࢽْ أَرْزِکِࢽْمࣸ,إِࢽْکَ وَرَکَࢽٜيٰمِ عِلْمࣸ  مࣸواسَشٜيٰࢽْ أَرْزِکِࢽْمࣸ
کࣸطَوْرَامࣸسࣸڢَ کَايَࢽْ ࢽَاکࣸ وَࢽْدَسࣸکَاإِيَا ؞  کَبِيسࣸ أَسَࢽّࣸ کࣸࢽجِ ذَࢽْثٜيٰ مࣸحَمَّدَا,کࣸطَوْرَامࣸسࣸڢَ کَرْيَرْࢽَاکࣸ وَࢽْدَسࣸکَارِيَا ؞  کَيِيسࣸ أَسَسّࣸ کࣸࢽْجِ ذَࢽْثٜيٰ مࣸحَمَّدَا
دَبَسࣸيْ ڧَوْاذࣸواْأَدࣸࢽِيَابَا,دَبَسࣸيْ ڧࣸوْاْذࣸواْأَدࣸوࢽِيَابَا
شَاڢِوَࢽْ طَرِيڧَ دࣸکْ أَکࣸومْ غَرَاتِبِي ؞  إِتَمَاکَرَامَ ثٜيٰ کࣸذࣸوکࣸجِ ڢَاءِدَا,شَاڢِوَࢽْ طَرِيوَدࣸکْ أَکࣸومࣸ غَرَاࢽِبِي ؞ إِتَمَاکَرَامَ ثٜيٰ کࣸذࣸوکࣸجِ ڢَاءَِدَا
إِࢽْ عَࢽْ غَࢽْشِ مَادَرِيغَا تَکِرْکِ  سَيْ عَࢽْ شَاجِࢽِࢽْ جِکِي بَابࣸ عَاعَ,إِࢽْ عَࢽْ غَࢽْشِ مَادَرِيڧَاتَکِرْکِ  سَيْ عَࢽْ شَاجِࢽِࢽْ جِکِي بَابࣸ عََاعَ
عٜيِنࣷبٜ جَت٘ࣸبٜلَࢽْ عٜجَن٘ࣸبٜبٜࢽْ عٜبٜى جَنّࣽيْبٜ بٜࢽ هَا هٜوْتَ بࣸرْطࣽ مࣽجَاسَتَا,عٜيت جَنّࣸبࣸلَࢽْ عٜجَنّࣸبٜࢽْ عٜيجَنَّيْبِ بٜࢽْ مَاهٜوْتَ بࣸرْطࣸرࣸ مࣸجَاسَتَ
يَارَࢽْ دَذَاأَيْ ڧَرْشَࢽْ دࣸوࢽِيَا   غࣸورِࢽْسࣸو سَيْسࣸيْ مَࢽْيَارِيغࣸࢽَا,يَارَࢽْ دَذَاأَيْ ڧَرْشَࢽْ دࣸوࢽِيَا  غࣸورِࢽْسࣸوسَيْسࣸيْ مَࢽْيَارِيغࣸࢽَا
دَبَکَيْ دَيْدَي أَدࣸوࢽِيَابَا,دَبَکَيْ دَيْدَيْ أَدࣸوࢽِيَابَا
أَغِدَࢽْ بَازَاسࣸ وَارࣸوَابَا,أَغِدَࢽْ بَازَاسࣸ وَارࣸوَابَا
إِࢽْ بَکَ مَࢽْتَادَلَاخِرَابَا,إِࢽْ بَکَ مَࢽْتَادَلَاخِرَابَا
کࣸووَايَبَرْصَلَّادَغَࢽْ غَࢽْڢَ تَاوࣸثٜىٰ  ؞  يَکَاشَاعَذَابَ غࣸوبٜ إࢽْجِِ مࣸحَمَّدَا,کࣸووَا يَيَرْصَلَادَغَࢽْ غَࢽْڢَ تَاوࣸثٜيٰ ؞ يَکَاشَاعَذَابَ غࣸوبِ إِࢽْجِ مࣸحَمَّدَا
اَلْحَجِّ اَلحَسَࢽْ بࣸࢽࣸ تَاتَا کَࢽࣸو اللَّهࣸمَّ أغْڢِرْهࣸ,اَحَجِِّالْحَسَرْبࣸࣸ ࢽَاࢽَاکَࢽࣸو اللّهࣸمَّ أَغْڢِرْهࣸ
إِࢽبَارَحْمَرْأࣸبَࢽْ غِجِيبَا,إِࢽْبَارَحْمَرْأࣸبَࢽْ غِجِيبَا
بَايَࢽْ تَعَلَىٰ سࣸمَتَاشَامَکِي بَتَسَࢽْ شِغَابَاتَطَيْ طَيْشٜيٰ دَوَا,بَايِࢽْ ࢽَعَلَّىٰ سࣸمَتَاشَامَکِي  بَتَسَࢽْ شِغَابَاࢽَطَيْ طَيْشٜيٰ دَوَا
ڢَدࣸومِࢽْ دَرَجَرْ شَيْخࣸ جَيْلِي دَاَحْمَدࣸ   اَلرّࣸڢَاعِي دَبَدْوِي حَرْدَسࣸوڧِ ࢽَاَحْمَدَا,ڢَدࣸومِࢽْ دَرَجَيࣸشَيْخࣸ جَيْڢِي دَأَحْدࣸ اَلرّࣸڢَاعِيْ دَبَدوي حَرْدَسࣸويِ ࢽَأحْدَا
ࢽَايَبَاࢽِ دَسَࢽّࣸوسَࢽّࣸو    سَىْ ࢽَجِيسࣸ دࣸکَࢽْ سَࢽَࢽّࣸو,ࢽَايَبَاࢽِ دَسَࢽّࣸوسَࢽّࣸو  سَيْ ࢽَجِيسࣸ دࣸکَࢽْ سَࢽَࢽࣸو
سَيَرْکِثِي دَکَيْ دَشِي ࢽَࢽْ يَتاشِ  بَرْحࣸطَّادَوَࢽْدَ يَاصَࢽَاعَ,سَيْرِکِثِي دَکَيْ دَشِي ࢽَࢽْ بتَاشِ  بَرْحࣸطَادَوَࢽْدَبَايَاصَࢽَاعَ
مࣸࢽْجِ ذَاعَ بَڧَࢽْتَ حࣸسْکَرْ   مَاسࣸ سَاݒࣸواْ تࣸࢽْدَحَرْکَرْ,مࣸࢽْجِ ذَاعَ بَڧَࢽْتَ حࣸسْکَرْ  مَاسࣸ سَابࣸواْتࣸࢽْدَحَرْکَرْ
وَࢽْدَبَيْسَࢽْ غَسْکِيَابَا     کࣸوْاْمࣸتࣸمْ ࢽٜيٰ سَاشِ دَبَّا,وَࢽْدَبَيْسَࢽْ غَسْکِيَابَا  کࣸوْاْمࣸتࣸمْ ࢽٜيٰ سَاشِ دَبَّا
وَࢽْدَيَىْ جِࢽْيَاثِکِࢽْسَ    شِي يَکَࢽْ کَوکَارَبࣸࢽْسَ,وَࢽْدَريَيْ جِࢽْيَاثِکِࢽْسَ  شِي يَکَࢽْ کَوْکَارَبࣸࢽْسَ
کَذَاڧࣸيْ ࢽَکَاجِ مَاڢَسࣸوࢽَࢽْسَ أَرْغَࢽِي ؞ يَوْࢽَيْ غࣸࢽَاتࣸوکࣸࢽجِ دَرَجَ تَأحْمَدَا,کَذَاڧࣸيْ ࢽَکَاجِ مَاڢَسࣸوࢽَࢽْسَ أَࢽْ غَࢽْيِ ؞ يَوْࢽَࢽْ غࣸࢽَاتࣸوکࣸࢽْجِ دَرَجَ تَأَحْمَدَا
غِرْمَࢽْسَ شِڢَاطِ دࣸوࢽْ کࣸوْاْبࣸوابَا,غِرْمَࢽْسَ شِڢَاطِ دࣸوࢽْ کࣸوْاْبࣸوَاْبَا
وَࢽْسࣸ أَطَوْرٜيٰ دَمَلْوَا   سࣸࢽْ وَحَلْتَ ڧِشِي دّيِࢽْوَا,وَࢽْسࣸ أَࢽْطَوْرٜيٰ دَمَلْوَا  سࣸࢽْ وَحَلْتَ ڧِشِي دَيِࢽْوَا
بورَࢽة,بورَࢽة
مَزِࢽَاثِيَامَاعࢽْغَ مࣸجِ ࢽَتَا  سࣸوࢽَࢽْسَامَيْڟَاڢِ کَرَطَامَسَا,مَرِࢽَاࢽِيَامَاعَࢽْغَ مࣸجِي ࢽَتَا  سࣸوࢽَࢽْسَامَيْڟَاڢِ کَرَطَامَسَا
10,1
صَࢽَاعࣸدࣸبࣸواَللَّهࣸ يَسَبْکࣸوغَءَادَمࣸ ؞ شِيمَا حَدِيشِ ࢽٜي ࢽَأَࢽَّبِ أَحْمَدَا,صَࢽَامࣸ دࣸبࣸواللَّهࣸ يَسَيْکࣸوغَࢽَادَمࣸ ؞ شِيمَاحَدِيشِ ࢽٜيٰ ࢽَأَࢽَبِ أَحْمَدَا
ࢽَࢽْ ذَࢽْ سَلَّمَا دَکࣸوࢽي أمِيࢽࣸ  مࣸجِࢽْ حَجِيَا ࢽَابَرَ مَيْکٜࢽْ طَبِيعَ,ࢽَࢽْ ذَࢽْ سَلْمَادَکࣸوࢽِي أَمِيسࣸ  مࣸجِࢽْ جَجِيَاࢽَابَرَمَيْکِࢽْ طَبِيعࣸ
إِࢽْدَدَيْ أَکَسَامࣸ دَامَا    اَلࢽَّبِࢽْمࣸ يَسࣸࢽَّتَامَا,إِࢽْدَدَيْ أَکَسَامࣸ دَامَا اَلࢽَّبِࢽْمࣸ يَسࣸࢽَّتَامَا
ڢاعجب لفدرةمولاناالتتى الࢽ ت ؞ اذزادمات الوى ثفلا على ثفل,ڢاعجب لفدرة مولانا الى لمت ؞ اذزادمات الوى ثفلاعلى نفل
وسننه,ولࢽࢽه
٥٤ مَى يَدَـى دَيْࢽَ مࣸوْسࣸو   اَلࢽَّبَاوَا تَرْسَشِࢽْسࣸ,٥مَيْ جِدَلِي دَيْࢽَ مࣸوسࣸو اَلࢽَّبَاوَاتَرْسَشِࢽْسࣸ
ࢽَبِيࢽَاإِبَرَاهِيمࣸ يَيْ ڟَرِي   يَاڟَرٜيٰ مَاتَاتَسَاسَارَةࣸ,ࢽَبِيْࢽَاإِبْرَهِيمِ يَيْ ڟَرِي  يَاڟَرٜيٰ مَاتَاتَسَاسَارَةّࣸ
وَࢽْسࣸ کࣸوْا تَمْکَرْ دَوَاکِ   ذَاسࣸ شࣸوطٜيٰ کࣸواْيَجَاکِ,وَࢽْسࣸ کࣸوْاْتَمْکَرْدَوَاکِ  ذَاسࣸ شࣸوطٜيٰ کࣸواْبَجَاکِ
إࢽْ طَابَىْ سَامِ لَاڢِيَابَا,إِࢽْ طَابَيْ سَامِ لَاڢِيَابَا
OLUSEYI PRINTING PRESS,دکددEلاداده الPل
کࣸوکࣸو سࣸسَامِ أَبِࢽْ ڢَطَاسࣸڢَطامَکَ وَاللَّهِ سَيْ حَڧࣸرِي ذَمَادَمࣸتَاࢽٜيٰ,کࣸوکࣸوسࣸسَامِ أَبِࢽْڢَطَاسࣸڢَطَامَکَ  وَاللَّهِ سَيْ حَڧَرِي ذَمَادَمࣸتَاࢽٜيٰ
عم وعظم ميب شدى عصب ؞ والنڢخ لله وح س عنه لاتسل,عم وعطم مليي شده عصب ؞ واله ڢح لله وم س عنه لاتسل
إࢽْ کࢽت مࢽبسطا سموک مسحرة  أوکࢽت مࢽڧبضاڧالوا له الثڧل,إࢽ کࢽت مࢽبسطاسموک مسحرة  أوکࢽت مࢽڧࢽضاڧالواله الثفل
بَىْ ࢽٜسَ دَثِࢽْ کَرَاهِيابَا,بَيْࢽٜسَ دَثِࢽْ کَرَاِيَابَا
أمير کࢽوأتاࢽا يوم سبت أتاࢽا عالم,اميࢽ کࢽو اتاࢽا بوم سببت اࢽاࢽاعالم
اصڢا بيا ضامࢽ الالباࢽ اجمعها ؞ مࢽ اعذب الماء بل احلى مࢽ اليسل,اصصڢايياضام الالبام اجعها ؞ مࢽ اعذب الاه بل احلى مࢽ العسل
مَاسࣸمࣸمّࣸوࢽَرْخِيَاࢽَا    يَاحَلِࢽْسࣸ إرِࢽْ ࢽَڧࣸوࢽَا,مَاسࣸ مࣸمّࣸوࢽَرْخِيَاࢽَا   يَاحَلِࢽْسࣸ إِرِࢽْ ࢽَڧࣸوࢽَا
بَءابابَامَ کࣸووَاأَلࢽَّبَاوَادَمࣸرْسَلَيْ ؞ کَيْ أَکَڢِي ڢِيتَ دَشِي سِيدِ أَحْمَدَا,بَتَابَامَ کࣸووَااَلࢽَّبَاوَادَمࣸرْسََيْ ؞ کَيْ أَکَڢِي ڢِيتَ دَشِي سِيْدِ أَحْمَدَا
دَتَا دَاوَيّࣸواْ سَيْ تَکࣸومَ غَدّࣸواْ,دَتَادَاوَيّࣸواسَيْ تَکࣸومَ غَدّࣸوا
شِڢَ جَاهِلْثِ يَثَرْبࣸ   ࢽٜيٰ ࢽَکَاڢِرْثِ غَأَيْبࣸ,شِڢِ جَاهِْثِ بَثَرْبࣸ ࢽٜيٰ ࢽَکَاڢِرکِ غَأَيْبࣸ
إࢽْڢَ اَلْڧَاضِ ثَࢽْ ثِکِࢽْ ࢽَاشِ حࣸکࣸمْي   يَڧِ بِࢽْ غࣸودَبٜيٰ کࣸسَࢽْ يَايِ ظࣸلْمِي,إِࢽْڢَ اَلْغَاضِ ثَࢽْ ثِکِࢽْ ࢽَاسࣸ حࣸکࣸمِي   يَوّࣸبِࢽْ غࣸودَبٜيٰ کࣸسَࢽْ يَايِ ڟࣸلْمِي
کࣸمَ کَرْکَدَامࣸ دَدࣸکْ أَبِِࢽْدَسࣸکٜيٰ ڢَطِ   دࣸکَّࢽْ أَبِࢽْدَکسَاغَبَايِ کَکَࢽّٜيٰ,کࣸمَ کَرْکَدَامࣸ دَدࣸکْ أَبَࢽْدَسࣸکٜيٰ ڢَطِ  دࣸکَࢽْ أَبِࢽْدَکَسَاغَبَايِ کَکَࢽّٜيٰ
بيتا واحدا,بيتاواحدا
يَدَّدَىْ ࢽَتَرَرْدَسࣸ حَرْ   وࣸتَادَمَرِي دَسَرْڧَرْ,يَدَّدَيْ ࢽَتَرَرْدَسࣸ حَرْ وࣸتَادَمَرِي دَسَرْڧَرْ
دَکࣸوحَࢽْڧࣸرِي بِسَ ڧَدَّرَا تَعࣸبَࢽغِجِ   دَيَڢَّ أَزَامࣸࢽَ شِي کَکَمّࣸ غَأحْمَدَا,دَکࣸوکَࢽْغࣸرِيبِسَ ڧَدَّرَاتَمࣸبَࢽْغِجِي  دَيَڢَّ أَزَامࣸࢽَ شِي کَکَم غَأحْمَدَا
إِࢽْذࣸوثِيَاࢽَاسࣸو ضَرࣸورَا ࢽَاحَࢽَا  شِࢽْ يَا أَکٜي دَطࣸوَادَلاَدَرْ ࢳࢽْ عࣸوَا,إِࢽْذࣸوثِياࢽَسࣸوضَرࣸورَاتَاحَࢽَا  شِرْيَاأَکٜيٰ دَطࣸوَادَکَادَرْعِࢽْ عࣸوَا
سَࢽَّࢽْ ثِکِࢽْ مَّاتَاأَݣويْ صࣸلّࣸوتࣸوا   صࣸلّࣸوتࣸوࢽَّࢽْ بَاتَ دَاطِࢽْ أَوْرٜيٰ,سَࢽَّࢽْ ثِکِࢽْ مَاتَاأَکࣸويْ صࣸلّࣸوتࣸوا  مࣸحلّࣸوتࣸوࢽَرْبَاتَ دَدَطَࢽْأوْاوٜيٰٰ
حلࢽد مکي غيو اکبيࢽاوا   دليلي کيغ اࢽک سکو ࢽصارا,صلࢽدمکي غيواکبيࢽاوا   دليلي کيغ اࢽک سکوࢽصارا
30,1
دࣸکْ أّبِࢽَّࢽْ بَاشِ ڧَارٜيٰ   بَابࣸ رَاࢽَا بَادَرَارٜيٰ,دࣸکْ أَبِࢽَّࢽْ بَاشِ ڧَايٜيٰ  بَابࣸ رَاࢽَابَادَرَارٜيٰ
بَکَ سَࢽْ هَالِࢽْدَسࣸࢽْ کَشٜيٰبَا,بَکَ سَࢽْ مَالِࢽْدَسࣸࢽْ کَشٜيٰبَا
کَووْا دَتَمْکَرْ يَدَّ يْعِيَ تَيْمَکࣸو,حَووَّادَتَمْغَرْمَدَذَيْعِبََتَيْمَکࣸو
والصلاةوالسلام,والصلاة والسلم
بَيَکَࢽْ کࣸوْامَاثِکِࢽْ دࣸحࣸوبَا,بَيَکَࢽْ کࣸواْمَاثِکِࢽْ دࣸحࣸوبَا
ڧراو,م
ࢽِي ࢽَاسَࢽْ مَّثٜيٰ کࣸومِي ݣٜࢽْتَا   عِࢽْدَي بَابࣸ حَلِي دَࢽَغَرْتَا,ࢽِي ࢽَاسَࢽْ مَّثٜيٰ کࣸومِي کࣸࢽْتَا  عِࢽْدَيْ بَابࣸ حَلِي دَࢽَغَرْتَا
سى مکࢽ,سي مکࢽ
وࣸنداکࣸ دࣸنياعَنْدِرَادࣸ عٜجࣸيْدٜعٜࢽْ لاَمِيبٜ مَيْرࣸدࣸهَارْنَطࣸمْ ڢَاطࣸبٜدࣸلْتَتَا,وࣸنْدَاوࣸ دࣸنْياعَنْدِرَادࣸجٜجࣸيْدٜعٜࢽْ لَامِيبِ مَيْرࣸدࣸهَارْࢽَطࣸمْ طَطࣸولْتَتَا
ڢصل نا لن وم طى يوسف الصالح,ڢصل نل وم ص يو ليڢة الصال
مَاسࣸ ثِࢽْ کَايَࢽْ مࣸتَاࢽٜيٰ   يَٜࢽْ ڢَشِي کࣸواْمَاسࣸ سَاࢽٜيٰ,مَاسࣸ ثِࢽْ کَايَࢽْ مࣸتَاࢽٜيٰ  يَࢽْ ڢَشِي کࣸواْمَاسࣸ سَاࢽٜيٰ
عࣸمَرࣸرَضِيَ اَللَّهࣸ عَࢽْهࣸ,عࣸمَرࣸرَضِيَ اَلَهࣸ عَࢽْهࣸ
لاࢽ تغيي ه تکڢى دلا لتى ؞ لو کاࢽ ذافدم بالعفل لم يحل,لاࢽ تغيي ه تکڢى دلالته ؞ لوکاࢽ ذافدم بالعفل لم يجل
حَرْشٜىٰࢽْسَ بَشِى غࣸرَاغࣸرَابَا,حَرْشٜࢽْسَ بَشِى غࣸرَاغࣸرَابَا
کࣸوْاْأࢽَاکࣸمَ بِࢽْسَ بَاشِ کࣸوْࢽشِࢽَابِى کࣸواْأکࣸوبشِ,کࣸوْاْأَࢽَاکࣸمَ بِࢽْسَ بَاشِ  کࣸوْاْشِࢽَابِي کࣸوْاْأَکࣸويْشِ
غَاعَذَابࣸوࢽَاڟِبࣸواْوَا   غَاڧࣸواڧࣸلْوَاࢽَاڢَشٜيٰوَا,غَاعَذَابࣸوࢽَاڟِبࣸواوَا  غَاڧࣸواڧࣸلْوَاࢽَاڢَشٜٜيٰوَا
کࣸيْ ࢽَظَرْ يَࢽْ عࣸوَاکࣸسَامࣸو کࣸدࣸوبَا          دَࢽْ ࢽَصِيحَرْ کࣸ ذَࢽْڢَطِي دࣸࢽْ مࣸحِبَّا,کࣸيْ ࢽَڟَرْيَࢽْ عࣸوَاکࣸسَامࣸوکࣸدࣸوبَا   دࣸࢽْ ࢽَصِحِيحَرْکࣸ ذَࢽْڢَطِي دࣸࢽْ مࣸجِبَّا
دَطَاکࣸࢽْجِ وَاڧَايَࢽْ عࣸوَاࢽَࢽْ ڢْتَثِّکَا   ڢَاَللَّهْ شِکَرْبَادࣸࢽْ ڢِيَيّٜيٰ مࣸحَمَّدَا,دَطَاکࣸࢽْجِ وَاڧَايَࢽْ عࣸوَاࢽَرْڢَتَثْکَا   ڢَاَللَّهْ شِکَرْبَادࣸࢽْ ڢِيَيّٜيٰ مࣸحَمَّدا
اࢽ لا وجوب عليه عࢽ اثابتا ؞ عࢽ ڢصل طاعتنا بالحتم للبدل,الا وجدب علي مࢽ اثابتتا ؞ عࢽ ڢصل عاعتا باعتم للبل
تࣸࢽْ بَامَکَطَادَࢳَࢽْ دَبࣸوْاْبَا,تࣸࢽْ بَامَکَطَادَࢳَࢽْ دَبࣸوْاْبَا
سَيْدَکَىْ تَحِيَاغَأللهْ   أࢽْکَثٜىٰ لَالٜى ڢِتِلَّهْ,سَيْدَکَيْ تَحِبَاغَأَلهْ أَࢽْکَثٜيٰ بَالٜىٰ مِࢽْلَّهْ
دࣸوࢽْ يَوَاکࣸواْدࣸوࢽْکَطَيْثٜي   تَاحَطَمَّ وَطَࢽْسࣸ غࣸࢽْثِي,دࣸوْࢽْ يَوَاکࣸواْدࣸوَْکَدَرْثِي  تَاحَطَمَّ وَطَࢽْسࣸ سࣸࢽْثِي
کࣸلِزِمْثِ يِࢽْ صَلَّادَجَمَعَ ڢَيَࢽْأࣸوَا   ؞  شِيمَاحَدِثِي ࢽٜىٰ صَحِيحِ غَأَحْمَدَا,کࣸلِزَمْثِ يِࢽْ صَلَّادَجَمَعَ ڢَيَࢽْاءࣸوَا ؞ شِيمَاحَدِيشِ ࢽٜيٰ مَحِيجِ غَأَحْمََدَا
وکل مااوهم الفى ءال مࢽ شبه ؞ اوالحديث ڢاول کل محتمل,وکل ما اوه الفر ءاࢽ مࢽ شبه ؞ اوالديت ڢاول کلحتل
إِࢽْبَاسࣸوࢽَࢽْکَ ࢽَيْ کِرَابَا يَارسول,إِࢽْبَاسࣸوࢽَࢽْکَ ࢽَيْ کِرَابَا يَارَسࣸولِ
بَابࣸ مَيْ أَکࣸيَابَاتࣸࢽْکِيَا   بَابࣸ مَيْکَايَا کَࢽْ جَاکࣸࢽَا,بَابࣸ مَيْ أَکࣸيَابَاتࣸࢽْکِيَا  بَابࣸ مَيْکَايَاکَࢽْ جَاکࣸࢽَا
بَتَ کَرْݒِي ڢَطَرْ أࣸبَࢽْ غِجِيبَا,بَتَ کَرْݒِي ڢَطَرْأࣸبَࢽْ غِجِيبَا
مِࢽْ أࣸمࣸورِࡽلدّࣸنْيَا عٜعَدࣸنَ وَالاَخِرَةِعٜلاَخِرَ,مِࢽْ دࣸمࣸورِلدّࣸنْيَاعٜعَدࣸرَوَالاَخِرَةِ عٜلْڢَخِرَ
بَاجࣸويايِࢽکَ لَاخِرَابَا,بَاجࣸويَايِࢽْکَ لَاخِرَابَا
19,1
لَاڢِيَابَاتَاحَࢽَاࢽَا    تࣸواْ بَرٜيٰ کَيْوْتَاتَرٜيٰࢽَا,لَاڢِيَابَاتَاحَࢽَاࢽَا تࣸواْيَرٜيٰ کَيوْتَاتَرٜيٰࢽَا
مࣸغَمَادَکࣸووَالاَڢِيَالَوْ أَدࣸوࢽِيَا   يَايَࢽْمّࣸواࢽٜيکࣸوکِي دَمَاتَࢽْ أَوْرٜيٰ,مࣸغْمَادَکࣸووَالࣸ ڢِيَالَوْأࣸدࣸوࢽِيَا  يَايَࢽْمࣸواْبِيکࣸوکِي دَمَاࢽَࢽْأَوْرٜيٰ
بَکَسَࢽْ هَالِࢽْدَسࣸࢽْ کَشٜىٰبَا,بَکَ سَࢽْ مَالِࢽْدَسࣸࢽْ کَشٜيٰبَا
سَيْ سࣸثٜيٰ مَسࣸ بࣸتࣸلْثٜيٰ  أَࢽْ حَدِيثِ کࣸࢽْ کࣸرࣸمْثٜيٰ,سَيْ سࣸثٜيٰ مَسࣸ کࣸࢽْ بࣸتࣸلْثٜيٰ  أَࢽْ حَدِيثِ کࣸࢽْ کࣸرࣸمْثٜيٰ
کࣸمَا سَىْ بَکَذࣸوْکَࢽَارَحَابَا,کࣸمَ سَيْ بَکَذࣸوْکَࢽَارَحَابَا
سَيْ وࣸرِࢽْ تࣸواْذࣸࢽْ أّلࣸولَه    سَيْ وࣸرِࢽْ أَذࣸمِي مࣸوَالَهْ,سَيْ وࣸرِࢽْ تࣸواْذࣸࢽْ أَلࣸولَه  سَيْ وࣸرِࢽْ أَذࣸمِي مࣸوَالَهْ
تࣸࢽْ أࢽَࢽْ وَحَلَاتَسࣸواْمَا    حَرْثِکِࢽْتَ يَڢَارَذِمَّا,مࣸࢽْ أَࢽَࢽْ وَحَلَاتَسࣸواْمَا  حَرْثِکِࢽْتَ يَڢَارَذِمَّا
ذَاأَکَيْ کࣸوَࢽْسࣸ طَاکِ  ࢽٜيٰ ࢽَهَمّࣸ کَمَرْأَکࣸرْکِ,ذَاأَکَيْ کࣸوَࢽْسࣸ طَاکِ ࢽٜيٰ ࢽَهَمّࣸ کَمَرْأَکࣸرْکِ
٣ غَيْسࣸوَا تَاکࣸواْتَدبثى   غࣸࢽْ مَأَيْکِࢽْ ࢽَࢽْ أَࢽْبَثِى,٢َغَيْسࣸوَاتَاکࣸواْتَادَاثٜيٰ  غࣸࢽْ مَأَيْکِࢽْ ࢽَࢽْ دَأَࢽْثٜيٰ
مَيْڢَطَادَمࣸسࣸلْمِي يَکࣸࢽْ تࣸکࣸ    بَاغَيْسࣸوَاکࣸمَابَايَࢽْ غَاڢَرَا,مَيْڢَطَادَمࣸسࣸلْمِي يَکࣸࢽْ عࣸکࣸ  بَاغَيْسࣸوَاکࣸمَابَايَࢽْ غَاڢَرَا
إِࢽْ مَّثٜيٰ تَيْ لَدَبِي تَکِيَايٜيٰ  اِللَّهْ سَرْکِي شِي کَبِيَࢽْ تَا,إِࢽْ مَّثٜيٰ تَيْ لَدَبِي تَکِيَايٜيٰ اللّه سَرْکِ شِي کَبِيَرْتَا
وَاڧَرْ تَاشِࢽْ ڧِيَامَ,وَاڧَرْتَاششِࢽْ ڧِيَامَ
کَغَ کَلْمَابَاتَغَرْدَمَابَا,کَغَ کَلْمَابَاتَغَرْدَمَابَا
ࢽَاڢغࣸودٜيٰ عࣸبࢽغجِيࢽَا رحِيمِ   وَࢽْدَيَيّࣸوࢽِ مَيْ سَرَوْتَا کَرِيمِ,ࢽَاڢَڧࣸودٜيٰ عࣸبَࢽْغِجِيࢽَارَحِيمِ  وَࢽْدَيَيّࣸوࢽِ مَيْ سَرَوْتَاکَرِيمِ
7,1
ليحسل الى ى ت سمل وت جبل ؞ تغࢽ بل السجب ذاک الودڡ ميࢽ محل,ليجصل الم ى ت سل وت جبل ؞ تغر بل السحب ذاک الودڡ ڢى عل
کَرکَيِى دَودࣸکࣸࢽْغَ کَرکَيِ کَوَلْثِ    کّرکَيِى کَࢽذَغِࢽْ کِطَاکࣸيِى صَࢽَاءَ,کَرْکࣸيِي دَوْدࣸ کࣸࢽْغَ کَرْکࣸيِي کَوَلْثِ  کَرْکࣸيِي کَࢽْذَغِࢽْ کِمَاکࣸيِي صَࢽَادَ
سَىْ أَثٜىٰ دࣸومِࢽْ سࣸڧࣸوࢽٜىٰ    سِيدِمࣸࢽْ مࣸࢽْتَدَّکَيْࢽٜىٰ,سَيْ أَثٜيٰ دࣸومِࢽْ سࣸڧࣸوࢽٜيٰ سِيدِمࣸࢽْ مࣸࢽْتَدَّکَيْࢽٜيٰ
وࣸنداکࣸ دنياحࣸومْتَتَاࢽࣸ دٜمَجِّࢽَ ڢَغيمٜ جَوْلِ دٜتِنْدِبٜيࢽْ سٜمْتَتَا,وࣽنْداکࣸ دٜنڢٜ حࣸومْتَتاطࣸدٜمَجِّ جَفٜيي ڢَرْلِدٜتِنْدٜبٜمْ مٜمْتَتَا
ڢصل نا ثبوت مڢاته المعنويته وانها,ڢصل ࢽا ثبوت مڢاته العࢽوية واࢽع
شِي کَسَاذَاݒٜي غَأَوْرٜيٰ    بَاسࣸ کࣸوْاْوَاشِوَاتٜيٰ,شِي کَسَاذَابِي غَأَوْرٜيٰ  بَاأَسࣸࢽْ کࣸوْاْوَاشِوَارٜيٰ
الکِتَابࣸ الْحَاجِ,أَلْکِتَابࣸ الحَابَ
نࣽکّࣸ کَ فٜذِنْتٜىٰ وَالسِرّࣸعٜسࣸوطࣸدٜڢِح مَوْضِعِهِ>,نࣽکّ کَڢِذِنْتٜىٰ وَالسِرّࣸعٜسࣸوطࣸدٜڢِ مَوْضِعِهِ>ِ
3,1
أَݣࣸيْ وَتَ کَرَامَ ࢽَࢽْ غَوࣸرْدِࢽْ يَٜࢽْاءࣸوَا ؞  کࣸسَوْرَارِ وَاڧَ کࣸࢽْجِ جَمَعَرْ مࣸحَمَّدَا,أَکࣸيْ وَتَ کَرَامَࢽَࢽْ غَوࣸرْدِࢽْ يَࢽْدࣸوَا  کࣸسَوْرَاࢽِ وَاڢَ کࣸࢽْجِ جَمَعَْ مࣸحࣸمَّدَا
١٣٩٣,١٣ب٣م
بَاوَࢽْکَ بَزَيْ بَڧِࢽْ ثِکِيبَا,بَاوَࢽْکَ بَزَيْ بَڧِࢽْ ثِکِيبَا
دࣸکَࢽْ عِبَادَاأَيْکيِ صَالِحِ   أَࢽْڟَرٜيٰ سࣸوبَاسࣸ وࣸرِࢽْذࣸوَا,دࣸکَࢽْ عِبَادَأَيْکِ صَالِجِ  أَࢽْڟَرٜيٰ سࣸوبَاسࣸ وࣸرِࢽْذࣸوَا
بَىْ غِرْمَمَ وَاࢽْغَ اَلࢽَّبِيبَا,بَيْ غِرْمَمَ وَࢽْغَ اَلࢽَّبِيبَا
کࣸࢽِي سَࢽْثِ يِࢽْ کَذَڢِي غَمَاتَاڢَ مࣸومِࢽَيْ ؞ دࣸࢽْ کَدَيَبَشّٜکࣸ کࣸࢽِي سَࢽْثِ أَحْمَدَا,کࣸࢽِي سَࢽْثِ يِࢽْ کَذَڢِ ڢَغَمَاتَاڢَمࣸومِࢽَيْ ؞  دࣸࢽْکَدَيَيَشَّکࣸ کࣸࢽِجِ سَࢽْثِ َحْمَّدَا
وࣸنداکࣸ دنيابٜتْدِنَاطࣸ تࣸلاَمࣸط برْ جࣸمْلاَڢِى النَّبِأٜنْ جِطࣸيْمَدࣸ بَنْسَتَا,مࣸنْداوࣸمٜنيْدَتَدِنَاطࣸ نࣸمَامࣸطࣸ جٜࢽْ جࣸمْلَاجِ اَلنَّبَاࢽْ جٜطࣸيْمَدࣸ يَنْجَتَا
ࢽَࢽْ دَࢽْࢽْ أَّثِکِࢽْ تَرࣸکَّا   وَࢽْدَکࣸوْاْأَذَتࣸࢽْغَ ࢽَاکَا,ࢽَࢽْ دَࢽَࢽْ أَثِکِࢽْ تَرࣸکَا  وَࢽْدَکࣸوْاْأَذَتࣸࢽْغَ ࢽَاکَا
تࣸوحَکَࢽَࢽْ مَّثٜيٰ کࣸومِي ݣٜࢽْتَا  إِࢽْ دَيْ بَاتَ حَلِي دَࢽَغَرْتَا,تࣸوحَکَࢽَࢽْ مَثٜيٰ کࣸومِي کِࢽْتَا  إِࢽْ دَيْبَاتَ حَلِي دَࢽَغَرْتَا
کࣸوْاْوَثٜيٰ دَرَجَرْغِدَࢽْسࣸ کٜيٰ رِڧࣸࢽْتَ إِرِࢽْ هَلِࢽْسࣸ,کࣸوْاْوَثٜيٰ دَرَجَرْغِدَࢽْسࣸ  کٜىٰ رِڧࣸࢽْتَ إِرِࢽْ هَلِࢽْسࣸ
کَتࣸࢽَابَاذَامࣸ دَوَّمَابَا,کَتࣸࢽَابَاذَامࣸ دَوَّمَابَا
إِࢽْکࣸࢽْ ڧِي ذَاࢽْثٜࢽَابَکࣸتࣸوبَبَا  وَاَللَّهِ ڧࣸوڢَاذَاأَرࣸڢٜيٰتَࢽٜيٰ,إِࢽْ کࣸࢽْڧِي ذَࢽْثِࢽَابࣸکࣸتࣸوبَبَا  وَاللَّهِ ڧࣸوڢَاذَاَأرࣸڢٜيٰتَࢽٜيٰ
وَࢽْدَسࣸࢽْ رِڧٜيٰ غَرْدَمَاࢽيٰ   بَاعَ سَاسࣸ ثِکِࢽْ مࣸتَاࢽٜيٰ,وَࢽْدَسࣸࢽْ رِڧٜيٰ غَرْدَمَاࢽٜيٰ  بَاعَ سَاسࣸ ثِکِࢽْ مࣸتَاࢽٜيٰ
بل انه باختيارمنه اوجدها ؞ فدزل مو جبحا بالعفل والجدل,بل انه باختيارمنه اوجدمها ؞ فدزل مدجبمابالعفل والجدل
10,1
7,1
دوب,دوب
سَيْ وَࢽْدَ جِکِى بَيَارَسَابَا,سَيْ وَࢽْدَجِکِي بَيَارَسَابَا
20,1
وَاڧَرْمَجِيدࣸ,وَااڧَرْمَجِِدࣸ
بِسْمِ اِللَّهِ الرَّحْمَٰࢽِ الرَّحِيمِ  الحَمْدࣸ لِلََهِ الوَلِي الکَرِيمِ وَالصَّلَاةࣸ    الکَريمِ وَس,بِسْمِ اللَى الرَّحْمَࢽ الرَّحِيمِ الحَمّْدࣸللَّه الوَالِ الکَرِي وَالصَّلاةࣸ
بَأسَامِ أبِࢽدَيَاإيَابَا,بَأَسَامِ أَبِࢽْدَيَإِيَابَا
شِکَسَاهِمَّتَلَالَهْ ثِى مࣸتࣸم مَي سࣸوࢽْ کَمَالَهْ,شِي کَسَاهِمَّاتَلَالَهْ ثٜيٰ مࣸتࣸمْ مَيْ سࣸورْکَمَالَهْ
بَيْبَرْسࣸ ذَمَادَلَاڢِيَابَا,بَيْ بََرْسࣸ ذَمَادَلَاڢِيَابَا
20,1
وفيل نطلڡ لڢظاليس يوهمنا ؞ والاول الحڡ ڢاسلک طى فدتمل,وفيل نط لڡ لڢظاليس يوهنا ؞ والاول الحڡ ڢاسلک طى فدل
دمي غم يࢽعوادࢽ سي کييا  شبر ثيوااکيوࢽ الࢽصارا,دمي غميࢽعوادࢽ سي کييا   شبرثوااکيوࢽ الࢽصارا
يَا رَبِّ صَلِّ عَلَى ࢽَبِّي مࣸحَمَّدࣸ  اࣸصَلِي دࣸکَࢽْ مَيْسࣸوࢽْ أشِرْيࣸ دَيَ عࣸوَا,يَارَبࣸ صَل عَلي ࢽَبِي مࣸحمَدِّ أَصَلِࢽْ دࣸکَࢽْ مَيَْسࣸ أَشرسࣸ دَࢳࢽْ عࣸوَا
تمت بحمد الله وسࢽ عونه,ڢتڢ انله وع  عو
حَالِࢽْسࣸࢽٜيٰ واللَّهِ سِيمࣸکَ رَتَّبَا   إِࢽْ کَيْ تࣸࢽَاࢽِ ذَاکَغَاࢽٜيٰ مࣸتَاࢽٜيٰ,حَالِࢽْسࣸࢽٜيٰ وَالَّهِ شِيمࣸکَ رَࢽْبَا  إِࢽْ کَيْ تࣸࢽَاࢽِ ذَاکَغَاࢽٜيٰ مࣸتَاࢽٜيٰ
طبعة الأولى 1963,طبعة الذولدم
دࣸࢽْ حَلِࢽْسࣸ دَبَࢽْ دَبَࢽْ ࢽَا   شِي مࣸتࣸمْ إِࢽْ ذَاکَ ذَوْࢽَا,دࣸࢽْ حَلِࢽْسࣸ دَبَࢽْ دَبَࢽْࢽَا شِي مࣸتࣸمْإِࢽْ ذَلکَ ذَوْࢽَا
ࢽَابࣸکَاثِ غࣸدࣸࢽْمَوَࢽْ کَ    وَࢽْدَکَيْمَ مَتَيمَکَࢽْکَ,ࢽَابࣸکَاثِ غࣸدࣸࢽْمَوَرْکَ  وَࢽْدَکَيْمَ مَتَيْمَکَࢽْکَ
والله سبحانه ترجوه يحشى نا ؞ غدا ڢى زمࢽ تهم ڢى الامࢽ مࢽ وجل,والله سبحان ت جو> يجشرنا ؞ غداڢى زم ته ڢى الامࢽ مࢽ وجل
يَىِّ سَابࣸواْکࣸوْايَبَادَ   أَرْزࣸکَࢽْ وَࢽِي کࣸوْاْيَثِيدَ,يَيِّ سَابࣸواْکࣸوْايَبَادَ  أَرْزࣸکَࢽْ وَࢽِي کࣸوْاْيَثِيدَ
يَابٜثٜيٰ دَرَشِࢽْ بَصِيرَا    سَيْ شِذࣸوْدَدࣸبࣸࢽْ لَرࣸورَا,يَابَثٜيٰ دَرَشِࢽْ بَصِيرَا  سَيْ شِذࣸوْدَدࣸبࣸࢽْ لَرࣸورَا
وَالمࣸسلِمَاتࣸ ءَامِيࢽْ,وَالَمَسْطَࢽْ دَمِيم
أّڢِدَشِي کࣸمَابَايَࢽْ شٜيٰکَرَىٰ  أّبَاشِ کࣸرْڢࣸرْ ݣࣸاࢽَࢽْ شٜيٰکَرَا,أَڢِدَشِي کࣸمَابَايَࢽْ شٜيٰکَرَيٰ  أَبَاشِ کࣸرْڢࣸوکَاࢽَࢽْ شٜيٰکَرَا
سَي هࣸلࣸولࣸ دَشَࢽْ سِغَارِ بَاسࣸ إِسْتِغِڢَارِ,سَيْ سَلࣸولࣸ دَشَࢽْ سَغَارِ  بَاسࣸ سࣸࢽْ إِسْتْࢽْغِڢَارِ
7,1
دࣸوعَغَرِى کࣸوبَابࣸ مَيبَاس بَاشى     دَࢽْبَاسَابِيَامَرَسَّاصَࢽَاع,دࣸوعَغَرِي کࣸوبَابࣸ مَيْبَاسࣸ بَاشِيي  دَࢽْ بَاسَابِيَامَرَسَّاصَࢽَاعَ
مࣸيْ يَبࣸو يَࢽْ عࣸوّا غَسَرْکِي حَڧِيڧَا          جِࢽْڧيِي أغَرَيْ دَکٰٜوْتَا حَڧِيڧا,مࣸيْ يَيࣸويَࢽْ عࣸوَاغَسَرْکِ حَڧِيڧَا  جِࢽْغَيِي أَغَرَيْ دَکٜيٰوتَاحَڧِيڧَا
أَيْکِي ࢽَسَابࣸواْ بَاتِلَسْ بࢽٜيٰ    حَڧࣸرِي أَکَࢽْيِي أّذَمْࢽَالاڢِيَا,أَيْکِيي ࢽَسَابࣸواْبَاتِيلَسْ بَࢽٜيٰ  حَڧࣸرِي أَکَࢽِيِي أَذَمْࢽَالَاڢِيَا
وَالاِتِّصَالࣸ عٜنࣸدࣽکِّدْرِدٜبِالصَّلَوةِعٜجࣸلْدٜ,وَالِتَصَالࣸبٜذࣸکࣽدْرْدٜبِالصَّلࣸوةِعٜجࣸلْدٜ
سَيْ هࣸثٜيٰ بَاڧࣸواْغَرٜيٰمࣸ  وَࢽْغَ بَاڧࣸواْ صَاحِبِࢽْمࣸ,سَيْ سࣸثٜيٰ بَاڧࣸواْغَرٜيٰمࣸ  وَࢽْغَ بَاڧࣸواْصَامِبِࢽْمࣸ
تِمِّى کࣸوَمِّ وَسِيلَ هَکّࣸدٜعَࢽ عٜجٜرࢽࣸ على بࣸوبَدِيَࢽْ مࣽيِمِّ کࣸمٜتَّتَا,تِمّٜى کࣸوَمّࣸ وَِيلَ هَکّدعَࢽ عٜجَرْرࣸ عَلى بࣸوبَدِيَࢽْ مࣸيِمّࣸ کࣸمِتّتَا
سࣸࢽْ سَکَامَ ڧَسَاأَبِࢽْتَ    وْࢽْدَأࢽْکَ ثِرَا ثِکِࢽْتَ,سࣸࢽْ سَکَامَ غَسَاأَبِࢽْتَ  وَࢽْدَأَࢽْکَ ثِرَاثِکِࢽْتَ
بَاتَ ࢽࣸڢِࢽْ خَيْرِي غَمِجِࢽْتَا    بَاغَ کِيࣸوشِي بَاغَ مڧࣸڢْتَا,بَاتَ ࢽࣸڢِࢽْ خَيْرِي غَمِجِࢽْتَا  بَاغَ کِيࣸوشِي بَاغَ مَڧࣸڢْتَا
15,1
وبلْج احدى وات هيࢽ,وح ولتي
عليکدبا لجود لاتبخل بمکر مت ؞ ڢا بخل والجبࢽ بيس الوصڢ للجل,عليک بالجودلاتخل مطمة ؞ ڢالخل والجبࢽ يش الوصڢ ڢل
يَاشࣸوکَ غٜيٰرٜࣸواأَسَيْمࣸوغَرْغَرِي  يَاتَاثِࢽْ غِرْبِي دَکِرْيَيْ رࣸࢽْغࣸبيٰ,يَاشࣸوکَ غٜيٰرࣸوَاْأَسَيْمࣸوغَرْغَرِي  يَاتَاشِ غِرْبِي دَکَرْيَيْ رࣸࢽْغࣸمٜيٰ
3,2
دࣸࢽْ غَࢽِࢽْ وَحَلَاکࣸمَࢽْثٜيٰ   دࣸࢽْ بِطَرْکࣸيِي دࣸوکِيَاثٜيٰ,دࣸࢽْ غَࢽِࢽْ وَحَلَاکࣸمَࢽْثٜيٰ  دࣸࢽْ بِطَرَکࣸيِي دࣸوکِيَاثٜيٰ
19,1
کَدَکَيْ ࢽࣸوْامَ بَکَيْ جِرَابَا,سَوَادَࢽِࢽَارِکَىْ غِبَادَابَࢽْسَکَ
دَڧࣸرْاَࢽࣸ يَذَّکَ يَڢَّدࣸکْ بَيَّࢽَامࣸࢽَ   حࣸکࣸمْثِى دَسَرْکِى يَىِّ دࣸکْمࣸبِ اَحْمَدَا,دَڧَرْذَاࢽࣸ يَذَّکَ يَڢَّدࣸکْ بَيَّࢽَامࣸࢽَ  حࣸکࣸمْثِي دَسَرْکِي يَيّࣸ دࣸکْمࣸبِ أَحْمَدَا
بل کل شي> بتفديࢽ له امد ؞ اࢽ شاءاوشاءه ڢى الحيࢽ عࢽ عجل,بࢽ کل تج >بتفدي ل امد ؞ اࢽ شا اوشاط ڢى الحبࢽ عࢽ عجل
مَغَࢽَا ثٜىٰ بَا أَبَرْمࣸسࣸوبَا,مَغَࢽَاثٜيٰ بَاأَبَرْمࣸسࣸوبَا
إِࢽْ يَبࣸوࢽْ مَࢽْذࣸوْاْحَمَيدِ    ذࣸوشَڢَايَوْمَ الْمِعَادِ,إِࢽْ يَبࣸورْمَࢽْذࣸوْاْحَمَيدِ  دَدَيَ ذࣸوشَڢَايَوْمَ اهْمِعَادِ
کما احا ط واحص علمه عددا ؞ ڢى کل علوعلااوکل منسڢل,کااحاط واحص علمه عددا ؞ ڢى کل علوعلا اوکل منسڢل
وَࢽْسࣸ هِمَّسّࣸ بَاسࣸثِي سَيْ غَغࣸوثٜيٰ   وَࢽْسࣸ کࣸوٰࢽَاجِرَࢽْ أَبࣸويٜيٰ سࣸسَاثٜيٰ,وَࢽْسࣸ هِمَّسّࣸ بَاسࣸثِي سَيْ غَڧࣸوثٜيٰ  وَࢽْسࣸ کࣸوࢽَاجِرَࢽْ أَبࣸوبٜيٰ سࣸسَاࢽٜيٰ
مࢽ ذ>النواهى خصوصاخوڡ خاتت ؞ فد خاڡ منحاڢحول العلم والعل,مࢽ ذى النوامى خصوصاخوڡ خاتة ؞ فدخاڡ مناڢحول العلم والعل
مَڧِي ذࣸمࣸࢽْتَايَاجٜىٰ ذَايَشَا    أَࢽْ ثٜىٰ ڟَيَاࢽَࢽْ کَرْکَعِسࣸوࢽَࢽَا,مَڧِي ذࣸمࣸࢽْتَايَاجٜيٰ ذَايَتَا  أَࢽْ ثٜيٰ ڟَيَاحَࢽْ کَرْکَعَسࣸوࢽَࢽَا
ڢَاَللهࣸ شِبَامࣸ غَࢽِࢽْ ڢِيَيَّࢽْمࣸ مࣸدࣸک   ذَمَاشِى کَکَيْمࣸ غَجَلَّ مَيسࣸࢽْ مࣸحَمَّدَا,ڢَاللَهْ شِبَادࣸغَࢽِࢽْ ڢِيَيْࢽْمࣸ مࣸودࣸکْ  ذَمَاشِي کَکَيْمࣸ غَجَلَّمَيْسࣸࢽْ مࣸحَمَّدَا
يَٰأَل مࣽڢْتِدࣸ مٜࢽْ عجٜرْࢽࣽ تࣸمڢترواْلٜىْ مافٜوَلْ تࣸوْنَاطࣽ دَرْجَ مࣽلٜسْطَتَا,يٜنالْ مࣸڢْتِدࣸجٜࢽْ عٜجٜرْرࣸتࣸڢٜترࣸولٜيْ مَاڢٜوَلْتࣸوْنَاطࣸ دَرْجَ مࣸلسْطَتَا
ڧَرْشَࢽْ بّتࣸوࢽَيْ يَبࣸوغَمَطَوْکَکِي   مَࢽْذَࢽْمࣸ أَحْمَدࣸشࣸوغَبَࢽْمࣸ مࣸتَاࢽٜيٰ,ڧَرْشَْ بَتࣸوࢽَاࢽَࢽْ يَبࣸوغَمَطَوْکَکِي  مَࢽْذَࢽْمࣸ أَحْمَدࣸشوغَبَࢽْمࣸ مࣸتَاࢽٜيٰ
شِي مࣸتࣸمْ مَيْ جَامَ کَࢽْسَ  لاَڢِيَرْ ۼَيَارَࢽْ غِدَࢽْسَ,شِي مࣸتࣸمْ مَيْ جَامَ کَسْ مَاڢِيَرْغَيَاوَࢽْ غَدَࢽْسَا
بڧلم ياحکاي يلوارو,بڧلرمعل ياري حکاي يلوا
دَادࣸبࣸࢽْ مِلِيَࢽْ غَرٜيٰکَ   رَࢽْدَکَامࣸتࣸ سَيْ أَکَيْکَ,دَادࣸبࣸࢽْ مِلِيَࢽْ غَرٜيٰکَ  رَࢽْدَکَامࣸتࣸ سَيْ أَکَيْکَ
بَابࣸرࢽِيبَاکࣸࢽْ غَࢽِى کࣸوعَڧَوْيىٰ    بَيْدَڢَرِࢽجِࢽِى مَرَريِࢽْ صَࢽَاعَ,بَابࣸرْࢽِيبَاکࣸࢽْ غَࢽِي کࣸوعَڧَوْيٜيٰ  بَيْدَڢَرِࢽْ جِࢽِي مَرَرْيِࢽْ صَࢽَاعَ
12,1
23,1
ڢدا جمع الانبعاء والى سل فاطبيه ؞ على الديانته بالتو حيدڢى الملل,فداجع الانناء والى سل فاطلبة ؞ على الدياتة بالتوحبد ى الم عل
سَيْ سࣸمَيْدَکِرْࢽْ تَعَالَى   جَلَّ يَااَللَّهࣸ اَللَّهْ,سَيْ سࣸمَيْدَکِرَࢽْ تَعَالَى جَلَّ بَااَللَّهࣸ اَللَّهْ
لَادَاأَکَࢽْيِي دَمَاسࣸ ڢِتࣸورࣸوَا    بَاعَابِيَࢽْسࣸو سَي أَࢽْ ڧٜيٰتَرٜيٰ,ذَدَاأَکَࢽْيِي دَمَاسࣸ کِࢽࣸورࣸوَا   بَاعَابِيَࢽْسࣸوسَيْ أَࢽْ ڧٰٜتَرٜيٰ
تَࢽَ مَيْ دَزَࢽْثٜي تَࢽَرَࢽْ غࣸوطَا  تَيْ مَغَࢽَ سَيْ کَثٜي مَيْ رَطَا,تَࢽَ مَيْ دَرْࢽْثٜيٰ تَࢽَرَࢽْ عَوْطَا  تَيْ مَڧَرَ سَࢽْ کَثٜيٰ مَيْ رَصَيَا
بَاأَسࣸوࢽْ سَوْرِي غَأَيْکِي  غࣸࢽِࢽْ ڧَبَرِي طِࢽْکِي,بَاأَسࣸوࢽْ سَوْرِي غَأَيْکِي  غࣸࢽْ غِࢽِࢽْ ڧَبَرِي دَطِࢽْکِي
لَايَمࣸسّࣸهࣸ إِلَّاالْمࣸطَهَّرࣸوࢽَ    کࣸࢽجِ ءَايَرْ هَࢽِࢽْ طَوْکَاتَسى,لَيَمَسّࣸمࣸ اَلَّالمࣸطَهَرࣸوࢽَ  کࣸࢽّجِ دَايَرْهَࢽِࢽْ طَوْکَاتَسَى
ذااذو,ذااذو
وَالتَّرْتِيبࣸ عٜرٜوْنِدٜرْدٜوَڢَرَآإضࣸ ࡼلصَّلوةِ,وَالتَّرِْيبࣸ عٜرِوْنِدٜرْدٜوَڢَرَابِضْ ࡼلصَّلَوةِة
أَرْزِڧِي مَڧْسࣸومِيَاثٜىٰ   وَࢽْدَيَاسَامࣸويَدَاثٜىٰ,أَرْزِڧِي مَڧْسࣸومِيَاثٜيٰ  وَࢽْدَيَاسَامࣸويَدَاثٜيٰ
أَبࣸوبَکَرْ عࣸمَرࣸ عࣸثْمَاࢽࣸ کࣸمَ دَعلِيّࣸ ؞  سࣸوࢽٜيٰ صَحَٰبࢽْ ࢽَاسَ جِيکَࢽْ مࣸحَمَّدَا,أَبࣸوبَکَرْ عࣸمَرࣸ عࣸثْمَارࣸکࣸمَ دَعَلِيّࣸ ؞ سࣸوࢽٜيٰ مَحَبَࢽْ ࢽَاسَ جِيکَࢽْ مࣸحَمَّدَا
بَيْ کَيْغَ أبِࢽْدَيَيْ ࢽࣸڢِيبَا,بَيْ کَيْغَ أَبِࢽْدَيَيْ ࢽࣸڢِيبَا
إِࢽ مَّثٜيٰ,إِࢽ مَّثٜيٰ
الࢽاس داء دَڢيࢽ لادواءلهم تحير العڧل مࢽهم وهومࢽذهل,الࢽاس داع دڢيࢽ لادوالهم تحيرالعڧل مࢽهم وهومࢽذهل
وَالْمَآءࣸࡼلطَّاهِرࣸعٜدِيَنْ للَبࣽطَࢽْ وَالتَّدَلّࣸکࣽ,وَالْمَاءࣸ ࡼلکَّهِرࣸعٜدِيَرْفَبࣸطࣽرْوَالتَّدَلࣸکࣽ
٦٥ يَوَو وَاڧَاتَا تڧَيْتَا  کࣸلَّتَا سِتَّوࢽَ بَيَّࢽَا,٥بَوڢِ وَاڧَاࢽَالَڧَيْتَا  کࣸلْذَامِڧَّوࢽَ بَࢽْࢽَا
تَيْمَکٜىٰࢽِ کَبَࢽْ حَذَاڧَا    إِࢽْىِ وَاڧَامَىْ زَلَاڧَا,تَيْمَکٜࢽࢽِ کَبَࢽْ حَذَاڧَاَ إِࢽْيِ وَاڧَامَيْ زَلِڧَا
14,1
ألْ غࣸࢽْ غࣸمّا مَيْ إدَࢽْ ثِࢽْ کࣸطِي,أَࢽْ مࣸࢽْ غࣸمَامَىْ إِدَࢽْ ثِࢽْ کࣸطِ
الى ربنا شيخنا على بر محمد ࡼلعࣸورِىّࣸ ࡼللَّبٜوِىّࣸ رحمࢽ الله تعٰلى,الى ربࢽاشيخناعلى بࢽحمدالعورجࣸ اللّبوڡࣸ رحمه الله تعلى
دَيَوَࢽْ مَعَوْࢽَاڧَرْشَࢽْ دࣸࢽِيَا   کࣸلࣸم مَّرࣸوڧَاسَيْ ڧَارٜࣸوسࣸکٜيٰ,دَيَوَࢽْ مَعَوْࢽَاڧَرْشَࢽ دࣸوࢽِبَا  کࣸلࣸم مَّرࣸوڧَاسَيْ ڧَارࣸوسࣸکٜيٰ
کࣸواْمَطَاثِي کࣸوشِرِࢽْيَا   سࣸࢽْکَ بࣸوشٜيٰ بَابࣸ طَࢽْيَا,کࣸواْمَطَاثِي کࣸوشِرِࢽْيَا  سࣸࢽْکَ بࣸوشٜيٰ بَابࣸ طَࢽْيَا
عٜمَکࣸدٜنࣽبِّطِࢽْ طࣶطࣶ وَ تَجْدِ يدࣸࡼلْمَآ ءࣸ,عٜمَسْکࣸدٜنࣽبِّطِرْطِطࣶوَتَجْدِيدࣸࡼلْمَاءࣸ
اعشى البصير ة اࢽ تى ددضلالته ؞ تراه للحڡ يبدواغير منتحل,لعشى السصي ة اࢽ ت ددضلالته ؞ تر اه للحڡ يي واغجࢽ منخل
وَڢَّڧْࢽَااللهࣸ إلَىٰ مَا يࣸحِبّࣸ. اميࢽْ,وَڢَّڧْࢽَااللَّهࣸ إِلَىٰ مَايࣸحِبّࣸ ءَامِلِࢽ
دَاَبِࢽْدَبَذَيْىِ ڢَاإدَابَا,دَأَبِࢽْدَبَذَّيْيِ ڢَاءِدَابَا
دَامࢽي,دمي
غَاࢽࣸوَرْکَ دَبَاتَرِبْطَا    غࣸࢽْ مࣸحَمَّدࣸࢽَࢽْ ࢽَرَاݒَا,غَاࢽࣸوَرْکࣸ دَبَاتَرِيْطَا  غࣸࢽْ مࣸدَمَّدࣸࢽَࢽْ ࢽَرَابََا
کذاک نڢسک مااࢽ انت موجدها ؞ ڢانظࢽ بعفل سليم غيرمختبل,کذاک نڢسک مال ات موجدها ؞ ڢانظى بعفل سلم غيرمختبل
بَتَ سَࢽْ لَيْڢِࢽْتَ يَيْ يَوَابَا,بَتَ سَࢽْ لَيْڢِࢽْتَ يَيْ يَوَابَا
تࣸواْبَلٜىٰ شِإسَرْمَ يَايٜىٰ     حَرْذࣸوَاکَيْࢽَىْ شِوَايٜىٰ,تࣸواْبَلٜيٰ شِإِسَرْمَ يَايٜيٰ  حَرْذࣸوَاکَيْࢽَىْ شِوَايٜيٰ
وهبࣸک,ا
تَاڟَرٜيٰ أَزࣸمِي دَصَلَّا    غَسْکِيابَاتَاکَسَالَا,تَاکَرٜيٰ أَزࣸمِي دَصَلَّ  غَسْکِيَابَاتَاکَسَالَا
زَارِيَا,زَارِيَ
ايامه وڧت زوال اللهم اغڢرلي,ببامهوڧت زوالࢽ للمواࢽڢر
طَࢽْ ࢽَمِجِ ڧَاڧَاذَاعَسَاوَاطَࢽْ سࣸوࢽَا,طَࢽْ ࢽِمِجِ ڧَاکَادَاعَسَاوَاطَرْسࣸوࢽَا
إِذَࢽْ ذَاکࣸ غَيْسَاوَاکࣸذَمْ غَمَ حَࢽّࣸوَا ؞  شِيمَا حَديشِ ࢽٜي ࢽَسِيدِ مࣸحَمَّدَا,إِذَࢽْ ذَاکࣸ غَيْسَاوَاکࣸذَمْ غَمَ حَࢽࣸوَا ؞ شِيمَاحَدِيشِ ࢽٜيٰ ࢽَسِيدِ مࣸحَمَّدَا
سَيْ مࣸکَࢽْ شَاوَرْوَرِࢽْمࣸ    ثٜىٰمَ اَدَمࣸ يَاأࣸبَࢽْمࣸ,سَيْ مࣸکَࢽْ شَاوَرْوَرِࢽْمࣸ  ثٜىٰمَ أَدَمࣸ يَاأࣸبَࢽْمࣸ
تَارࣸوَرْدَأَکِىْ يَڢِيࢽِي   بَابࣸ لَيْڢِي ڢَرْضَ عيْࢽِي,تَارࣸوَرْدَأَکَيْ يَڧِيࢽِي  بَابࣸ لَيْڢِيي ڢَرْضَ عَيْࢽِي
7,1
کَمَرْ حَغࣸمَا سَبࣸوْاْدَغَمْبَا,کَمَرْحَڧࣸمَاسَبࣸوْاْدَغَمْبَا
دَغَ بَايَ غَرَيْ سࣸبَاشِ غَابَا,دَغَ بَايَ غَرَيْ سَبَاشِ غَابَا
بَاذَىْ مَسَ ݣَيوْ أعَاڧِبَابَا,بَاذَيْ مَسَ کَيوْ أَعَاڧِبَابَا
إِࢽْبَاسࣸࢽْ تࣸوبَ سࣸࢽبرِيْبَا,إِࢽْبَاسࣸࢽْ تࣸوبَ سࣸࢽْ بَرِيبَا
يَثٜيٰ مࣸسࣸ کࣸجٜيٰ إِࢽْ کࣸࢽْغَ رَوْࢽِي جِکِࢽْ طَيَا ؞ بَࢽْ ذَمَ ࢽٜيٰࢽٜيٰ مَهْدِ جِکَࢽْ مࣸحَمَّدَا,يَثٜيٰ مࣸسࣸ کࣸجٜيٰ إِࢽْ کࣸࢽْغَ رَوْࢽِي جِکِ طَيَا ؞ بَࢽْ ذَمَ ࢽٜيٰࢽٜي مََدِلِيَکَࢽْ مࣸحَمَّدَا
حَرْيَکَࢽْ کࣸوکَايَثٜيٰ دَا    مَيْ إِدࣸو ࢽَکٜيٰ مِي يَمَيْدَا,حَرْيَکَࢽْ کࣸوکَايَثٜيٰ دَامَيْ إِدࣸوࢽَکٜيٰ مِي يَمَيْدَا
بَࢽْ کَاࢽَادَکࣸواْکࣸطِࢽْ حَڧِيبَا,بَࢽْ کَاࢽَادَکࣸواْکࣸطِࢽْ حَڧِيبَا
ࢽِي ذَاࢽِ طࣸورَسْ بَاوَࢽِ ڢَرْغَبَا    دࣸومِࢽْ بَتࣸࢽْ ࢽَيْ بَاڧَرْيَابَࢽٜيٰ,ࢽِي ذَإِࢽْ طࣸورَسْ بَاڢَࢽِ ڢَرْغَبَا  دࣸومِࢽْ بَتࣸوࢽَي بَاڧَرْيَابَࢽٜيٰ
أِࢽْدَيْ بَکَ ذَاݒِي حَࢽْڧࣸرَابَا,إِࢽْدَيْ بَکَ ذَابِحَࢽْڧࣸرَابَا
وٜبْتَنْطࣽعٜࢽ فَبِتَنْجِ مَکّࣽ کࣽسࣸدّࣸطن هَىْ هࣸودٜ وَاوَاضࣸرّࣸ فࣸلْعٜࢽ هٜوْتَتَا,وَبتَنْطࣸجٜࢽْ فَبتَنْجِ مَکّࣸ کࣸسࣸدࣸطٜࢽْهَمَىْ هࣸودٜوَاوَاضࣸرّࣸفلْعْر مٜوْتَتَ
بَيْ کࣸواْيِ ثِکِࢽْ رَشِࢽْ سَࢽِيبَا,بَيْ کࣸواْيِ ثِکِࢽْ رَشِࢽْ سَࢽِيبَا
کࣸوکࣸوامَذَاڢَکࣸکَامَ مَاتَ دَغَسْکِيَا ؞ کࣸکٜوْتَاأَمَاࢽَ کࣸࢽجِ ذَࢽْشٜ مࣸحَمَّدَا,کࣸوکࣸوَامَذَاڢَ کࣸکَامَ مَاتَ دَغَسْکِيَا ؞  کࣸکࣸوْتَاأَمَاࢽَ کࣸࢽْجِ ذَࢽْثٜيْ مࣸحَمَّدَا
بَاتࣸڢَاتَرْوَابَاثِي دَشَىٰ   غَيْسࣸوَرْ بَکَمَاتَاغَاغَرَيٰ,بَاتࣸڢَاتَرْوَابَاثِي دَشَيٰ  غَيْسࣸوَرْبَکَمَاتَاغَاغَرَيٰ
أَبَايَرْڢَ يَيْ هِجِرَايَذࣸوا مَدِيࢽَةࣸ ؞ أَکَبَاشِ يِࢽْ وࣸرْدِيڢَ أَحْمَدَا,أَبَايَࢽْ وَيَيْ مِ جِرَابَذࣸوامَدِيࢽَةࣸ ؞ أَکَبَاشِ بِࢽْ وࣸرْدِيڢَ أَࢽْبِ أَحْمَدَا
ࢽصارڢري غرسࢽ بساجکࢽ س    ثکࢽ س بکيکرࢽ شک اࢽصارا,ࢽصارڢري غرس بساجکࢽس  ثکࢽ سس بکيکرࢽ شک اࢽمار
شَيْخࣸࢽَامَالَمْ أَمِيْرࣸ    شِڢَ دَىْ يَاکَامَ حَࢽّࣸو,شَيْخࣸࢽَامَالَمْ أَمِيࢽࣸ  شِيْڢَ دَيْ يَاکَامَ حَࢽّࣸوࣸ
شي يغيامࢽا,سِج يَغَبَامَࢽَا
بَيْبَ سَيْ دࣸومِࢽْ بَࢽَّثٜيٰ   شِيدَدࣸکَّࢽْ کَرْکَࢽْثّٜيٰ,بَيْبَ سَيْ دࣸومِࢽْ بَࢽَثّٜيٰ  شِيدَدࣸکَّࢽْ کَرْکَتَثّٜيٰ
شِى يَسَابَمࣸبَرْکَ کَاتࣸࢽَابَا,شِي يَسَابَمࣸ بَرْکَ کَاتࣸࢽَابَا
مکوت,مکوت
بَڧَرْدَوْطَادَوْطَ مَزِࢽَىٰ   وَࢽْکَࢽْتَاأࢽْثٜيٰ سَيْ جَهَࢽَّمَ,بَڧَرْدَوْطَادَوْطَ مَزْࢽَىٰ  وَࢽْکَࢽَتَاأَࢽْثٜيٰ سَيْ جَهَࢽَّمَ
سࣸومَالَمِي بَيْ ڟِيرَبَلّٜي جَاهِلِي   کࣸومَيْ کࣸطِي شَأَࢽِࢽْسࣸ کَاجِ مࣸتَاࢽٜيٰ,سࣸومَالَمِي بَيْ ڟِيرَبَلّٜيٰ جَاهِلِي کࣸومَيْ کࣸطِي شَأَࢽِࢽْسࣸ کَاجِ مࣸتَاࢽٜيٰ
إِࢽْ مَّثٜيٰ بَاتَ رَغَامَکَ بَرْتَا   دَيْࢽَ ࢽࣸڢِࢽْتَ کَبَرْشَأَوَتَّا,إِࢽْ مَّثٜيٰ بَاتَ رَغَامَکَ بَرْتَا  دَيَࢽْ ࢽࣸڢِࢽْتَ کَبَرْشَأَوَتَّا
دَحَدِيثِ بَامࣸڢَاجَعَابَا,دَحَدِيثِ بَامࣸڢَاجَعَابَا
الَّتى کاتبه م,اع کات
سࣸࢽْ مࣸسࣸلْمِي أَرْزِکِيࢽٜيٰ   سࣸࢽْ ذࣸمࣸࢽْتَاوَاجِبِيࢽٜيٰ,سࣸࢽْ مࣸسࣸلْمِي أَرْزِکِيࢽٜيٰ  سࣸࢽْ ذࣸمࣸࢽْتَاوَاجِبِيࢽٜيٰ
وَاڧَرْإِࢽْڢِرَاجِ تَبَکࣸي,وَاڧَرْ إِࢽْڢِرَاجِ تَبَکࣸي
دࣸکْ أَبِࢽْدَمࣸتࣸمْ يَرِسْکَا    شِي مَأَوْࢽِي ذَاشِ طَوْکَا,دࣸکْ أَبِࢽْدَمࣸتࣸمْ يَرِࢽْکَا شِي مَأَوْࢽِي ذَاشِ طَوْکَا
إِذَࢽْ ذَاکَامَ غࣸدَاثِکِࢽْسࣸ کَتَࢽْبَيَا ؞  دࣸࢽْ کَدَکَيِيࣸوݒَرْࢽَاغَسࣸࢽَّرْ مࣸحَمَّدَا,إِذَࢽْ ذَاکَامَ غࣸدَاثِکِࢽْسࣸ کَتَْبَيَا ؞  دࣸࢽْ کَدَکَييࣸوبَرْࢽَاغَسࣸࢽَّْمࣸحَمَّدَا
کَارࣸوَيْ دَغِيَادَتَابَا   ذَاسࣸ جَامَسࣸ شَࢽْ عَذَابَا,کَارࣸوَيْ دَغِيَادَتَابَا  ذَاسࣸ جَامَسࣸ شَࢽْ عَذَابَا
إِࢽْ تࣸࢽَامَکَ إِࢽْ کَمَࢽْثٜيٰ   تࣸࢽْ کَࢽَاثِکِ کࣸࢽْيِ ذَࢽْثٜيٰ,إِࢽْ تࣸࢽَامَکَإِࢽْ کَمَࢽْثٜيٰ  تࣸࢽْ کَࢽَاثِکِ کࣸࢽْيِ ذَࢽْثٜيٰ
دع المطامع واعلم اࢽ صاحبحا ؞ مࢽ التلو ڢى خمل وت خجل,دع المطامع واعلم اࢽ صاحبا ؞ مࢽ التلڡ وعل وت مجل
وثڡ يولا ک لاک لاتبغى به بدلا ؞ ڢما عࢽ الله جل الله مࢽ بدل,وثڡ بدلاک لانبغى به بدلا ؞ ڢماعࢽ الله جل الله مࢽ بدلل
مَيْ بِطَرْ أَوْرٜيٰ أَعِدَّا    شِيدَامَيْتࣸوذَرْتَ شَيْدَا,مَيْ بِطَرْأَوْرٜيٰ أَعِدَّا شِيدَمَيْتࣸوْذَرْتَ شَيْدَا
دميماجغ کوکو شي غحࢽيا   مࢽاࢽࢽ ذمࢽ تار دسو ࢽصارا,دميماجغ کوکوشي عحࢽيا  مࢽاࢽࢽ ذمࢽ تاردسوࢽصارا
جٜىٰ غَمَالِکِ ثٜىٰ شِࢽࣸوࢽَا   مࣸتَاࢽٜىٰ ماسࣸ بَرْࢽَا,جٜيٰ غَمَالِکِ ثٜيٰ شِࢽࣸوࢽَا  مَامࣸتَاࢽٜيٰ مَاسࣸ بَرْࢽَا
يَثٜيٰ دَمَيْزِࢽَىٰ کࣸويَاتࣸوبَا   سَيْيَيْ ࢽࣸڟࣸواْوࣸتَاݣࣸاࢽَࢽْ شٜيٰکَرَا,يَثٜيٰ دَمَيْزِࢽَيٰ کࣸوبَاࢽࣸوبَا  سَيْيَيْ ࢽࣸڟࣸواْوࣸتَاکَاࢽَࢽْ شٜکَرَا
لا تخل وفتکاࢽ وڢفت مࢽ عمل ؞ على الدوم على الدوام على رفڡ بلاملل,لاتل وفتنک اࢽ وڢفت مࢽ عل ؞ على الدوام على رڢڡ بلاملل ل
مَىْ بِطَࢽْ ڟِيْرَاغَذِلَّا    کࣸواْصَࢽَاعَاکࣸواْغَصَلَّا,مَيْ بِطَرْڟِيرَاغَهِلَّا  کࣸواْصَࢽَاعَاکࣸواْغَصَلَّا
إدࢽ مࢽسام أيکو مࢽکتاش   ميادو رࢽغ ککيم مديࢽ ࢽٜس غاࢽصارا,إدࢽ مࢽسام أيکومࢽکتاش  ميدورغ ککم مديرࢽس غاࢽصار
کࣸمَ سَيْ بَکَذࣸوْکَࢽَارَحَابَا,کࣸمَ سَيْ بَکَذࣸوْکَࢽَارَحَابَا
تَمَت,تم
کࣸسَࢽْ عِࢽْدَاَکَسَࢽْ أَࢽَّبِمّࣸ مࣸحَمَّدࣸ ؞   شِيمَاڢَ أَࢽْ سَࢽْشِ جِيکَࢽْ مࣸحَمَّدَا,کࣸسَࢽْ عِࢽْدَأَکَسَࢽْ أَࢽَّبِمّࣸ مࣸحَمَّدࣸ ؞  شِيمَاڢَ أَࢽْسَࢽْشِ جِيکَࢽْ مࣸحَمَّا
کࣸوْاْمَذَاحَتَّىٰ غَمَاتَا    کࣸوْاْلَلࣸورَࢽْ سࣸࢽْ يَوَيْتَ,کࣸوْاْمَذَاحَتَىٰ غَمَاتَا  کࣸوْاْلَمࣸورَࢽْ سࣸࢽْ يَوَيْتَ
کٜىٰ هَوَاکَغَࢽࣸواْࢽَوَاࢽٜىٰ غَامࣸتࣸمْ مَىْ غَرْغَطِى,کٰٜ هَوَاکَغَࢽࣸواْࢽَوَاࢽٜيٰ  غَامࣸتࣸمْ مَيْ غَيْغَطِرَيْ
ڢَيْ دَݒࣸويٜيٰ أّبَرْڢَسَادِ هَرْأَکَيْغَ بِيَࢽْ مࣸرَادِ,جَيْ دَبࣸويٜيٰ أَبَرْڢَسَادِ  هَرْأَکَيْغَ بِيَࢽْ سࣸرَادِ
#718,1٣
رَغّࣸواْ بَاذَايَشَاذࣸمَابَا,رَغࣸواْبَاذَابَشََاذࣸمَابَا
کࣸوْاْوَثٜيٰ دَوࣸرِࢽْࢽࣸڢِࢽْسَا   شِي مِجِ دࣸࢽْ هَࢽْکَلِࢽْسَ,کࣸوْاْوَثٜيٰ دَوࣸرِࢽْࢽࣸڢِࢽْسَا شِي مِجِ دࣸࢽْ هَࢽْکَلِࢽْسَ
12,1
لَاخِرَادَيْ بَاسࣸ سَامࣸ  أَرْزࣸکَاإِࢽْ أَࢽْکِرَامࣸ,لَاخِرَادَيْ بَاسࣸ سَامࣸ  أَرْزࣸکَاإِࢽْ أَࢽْکِرَامࣸ
إِࢽْ اَللَّهْ يَسࣸووࣸ ڧَࢽْتَا بَاوَا  سَيْ کَتَرَرْدَشِيڢَا بَايَا صَࢽَاعَ,إِࢽْ الّهْ سَࣸووࣸلَڧَࢽْتَابَاوَا  سَيْ کَتَرَرْدَشِيڢَابَايَاصَࢽَاعَ
بَسࣸ کࣸرْبِ حطَطِيَرْغِيَابَا,بَسࣸ کࣸرْبِ حَطَطِيَرْغِيَابَا
ࢽَاإِشٜيٰ مَالَمْ حَمِيدࣸ تَمْبَيَرْ کَلْمَرْ شَهَادَ,ࢽَاَشٜيٰ مَالَمْ حَمِيدَ  تَمْبَيَرْکَلْمَرْشَهَادَ
ڢَرِللَّجِ جࣸلْدٜطِࢽْ خَمْسَةࣸعَشَرَکࣽسَبّࣸ عٜجࣸوِ,ڢَرِلَجِ جࣸلْدٜطِرْ حَمْسَةࣸ عَشَرَکࣸسَبّࣸ عٜجࣸوِ
يَثٜيٰ طَبِيبِي مَيْيِࢽْ مَاغَࢽِي  ࢽَثࣸوثࣸکَابَاغَوْغَاوَرْبِيَا,يَثٜيٰ طَيَيِيِي مَيْبِࢽْ مَاغَࢽِي  ࢽَتࣸوثࣸکَابَاغَوْغَاوَرْبِيَا
إِࢽْ کَاثٜيٰ مَتَ وَࢽْثِ کِلࣸورا   بَاکَ حَࢽَاࢽِي بࣸغࣸࢽْ ثِࢽْيَاتَا,إِࢽْ کَاثٜيٰ مَتَ وَࢽْثِ کِلࣸورَا  بَاکَ حَࢽَاࢽِي بࣸغࣸࢽْ ثِࢽْيَاࢽَا
سَࢽْدَجِࢽْيَاتَايِي جِࢽْيَا تَادَکَيْما يَابࣸوَاياَ,سَࢽْدَجِࢽْيَاتَايِي جِࢽْيَا  تَادَکَيْمَايَابࣸوَايَا
بَيْثِࢽْ ڢَوَࢽَّي کࣸمَ أَکَسَامࣸ شَٰتَرَ ؞ ثِکِࢽْ أَرْبَعِيࢽَ دَحࣸطࣸࢽْسࣸ جِيکَࢽْ مࣸحَمَّدَا,يَࢽْثِࢽ ڢَوَࢽَي کࣸمَ أَکَسَامࣸ شٜتَرَ ؞ ثِکَࢽْ أَرْبَڧِيࢽَ دَحࣸࣸࢽْسࣸ جِيکَࢽْ مࣸحَمَّدَا
أَࢽَّبِي شࣸوغَبَࢽْ مّࣸمَايَيْ ڢَتَوْثِي  إِࢽْکࣸويِي کَکٜي دَشِي کَيْ صَࢽَاعَ,أَࢽَّبِي شࣸوغَبَࢽْ غࣸمَايَيْ ڢَتَوْثِي  إِࢽْکࣸويِي کَکٜيْ دَشِي کَيْ صَࢽَاعَ
وَࢽْسࣸ کࣸواْ سَبَبِي دَشِرْکَا   يَاحَࢽَاسࣸوثٜيٰ دَسࣸوکَرْ,وَࢽْسࣸ کࣸواْسَبَبِي دَشِرْکَا  يَاحَࢽَاسࣸوࣸثٜيٰ دَسࣸوکَرْ
کࣸوْا دَيَاذَمَ شࣸوغَبَا ࢽٜىٰ   بَـاشِ ثٜى مَکَ يَاڢِ وَاࢽيٰ,کَوْاْدَيَاذَمَ شࣸوغَبَاࢽٜيٰ  بَاشِ ࢽٜيٰ مَکَ بَاڢِ وَاࢽٜيٰ
مَيْ يِࢽْ غࣸدࣸو يَاڧِࢽْ کَاڢِرَيْ   مࣸࢽْجِ بَايَاسمّࣸ غَاڢَرا,هَيْيِࢽْ غࣸدࣸوغࣸࢽْ بَاڧِࢽْ کَاڢِرَيْ  مࣸࢽْجِ بَابَاسَمࣸ غَاڢَرَا
ࢽَمَࢽْغِ زَارِيَ,ࢽَمَࢽْغِ زَارِيَ
3,1
أحْمَدَا يَاڢِ کࣸووَ تَبَّتْ حَڧِيڧَا,أَحْعَدَايَاڢِ کࣸووَتَبَّتْ حَڧِيڧَا
ظَاهِرِي کواْوَايَغَاࢽٜىٰ    غَاسࣸرࣸکَىْ غَاإِيَايٜىٰ,ظَاهِرِي کࣸوْاْوَايَڧَاࢽٜيٰ  غَاسࣸرࣸکَيْ غَاإِيَايٜيٰ
ڢصل نع اوى الواجبات والاستࢽ لال بالنظࢽ ناالخلوفات,ڢصل تا اول الواجبات والاستࢽ لال بالࢽطر ن الخلوفات
سَيْدَيَىْ سࣸجَدَادَغࣸوشِي    ثَࢽْ غَوَࢽْدَيَطَوْکَکٜىٰشِ,سَيْدَيَيْ سࣸجَدَادَغࣸواشِي  ࢽَࢽْ غَوَاْدَيَطَرْصَکِسِ
زَارِِيَ؞,ࢽَلروَم
ثࣸوثٜيٰ ثࣸوثٜيٰ بَاع تَاطِي وَࢽْدَيَابِ ࢽَوَࢽْغَ رࣸوْطِي,تࣸوثٜيٰ تࣸوثٜيٰ بَاعَ تَاطِي  وَࢽْدَيَابِ ࢽَوَࢽْغَ رࣸوْطِ
أَيْ تࣸࢽْ بَعَجٜيٰ غَکَوثَرَابَا,أَيْ تࣸࢽْ بَڢَجٜيٰ غَکَوْثَرَابَا
17,1
ذَاعَ کࣸواْحَوْࢽٜيٰ دَڧَرْڢِي   غَادࣸحࣸوڧَشِيَرْ دَذࣸرْڢِي,ذَاعَ کࣸواْحَوْࢽٜيٰ دَڧَرْڢِي  غَادࣸحࣸوڧَشِيَرْدَذࣸرْڢِي
بَتَذࣸوْادَشِرِࢽْ مࣸبَارَزَاباَ,بَتَذࣸوْادَشِرِࢽْ مࣸبَارَزَابَا
دَجِبْرِيلࣸ يَاکࣸومࣸوسَرِيحَ هَاثٜغَ ؞ دَغَ إِيکࣸࢽْ تَعَلَىٰ جَلَّ سَرْکِࢽْ مࣸحَمَّدَا,دَجِيْرِيالࣸ بَاکࣸومࣸوسَرِيحَ هَاࢽِڢَ ؞  دَغَ إِيکࣸࢽْ تَڢَطَيٰ جَلَّ سَرْکِ مࣸحَمَّدَا
5,1
دࣸࢽْ سࣸکَࢽْجِ کِرَاوࣸرِࢽْمࣸ    سَىْ سࣸثٜىٰ بَࢽْ غَسْکِيَرْمࣸ,دࣸࢽْ سࣸکَࢽْجِ کِرَاوࣸرِࢽْمࣸ  سَيْ سࣸثٜيٰ بَࢽْ غَسْکِيَرْمࣸ
لَيْڢِࢽْکَ سࣸذَࢽْ بَسࣸيْ يَوَابَا,ࢽَيْڢِࢽْکَ سࣸذَࢽْ بَسࣸيْ يَوَابَا
سَيْشِ سࣸوْاْ حَکَ ڢَي دَݒࣸويٜيٰ    غَاشِ رَاࢽَا تَاذࣸغࢽْيٜيٰ,سَيْشِ سࣸوْاْحَکَ ڢَيْ دَبࣸويٜيٰ  غَاشِ رَاࢽَاتَاذࣸغَࢽْيٜيٰ
کالى يح ثم کلمح ابى ڡ سابفهم ؞ اوسى عة الخيل سبفاثم ذي مل,کالى يم غم کلم الى ڡ سابلم ؞ اوس عة الجيل سبفاث ذب مل
وَࢽْدَکٜيٰ ࢽٜيٰمَࢽْ دَلَاَلَهْ   سَيْ يَتَاشِ يَبَرْ کَسَالَهْ,وَࢽْدَکٜيٰ ࢽٜيٰمَࢽْ دَلَالَه سَيْ بَتَاشِ بَبَرْکَسَالَه
بَابࣸ لَيْڢِي أَيْ أذَمْࢽٜيٰ   کࣸواْأَکࣸࢽْثٜيٰ أَکَيْ حَلَلْࢽٜيٰ,بَابࣸ بَيْڢِ أَيْ أَذَمْࢽٜيٰ  کࣸواْأَکࣸࢽْثٜيٰ أَکَيْ حَلَلْࢽٜيٰ
15,1
8,1
بَاکَرَاتࣸوسࣸࢽْرَسَىٰ دࣸوکِيَا    سࣸوࢽٜيٰ بَرَايِي سࣸوࢽٜيٰ يࢽْٜڢَسِي,بَاکَرَاتࣸوسࣸࢽْرَسَىٰ دࣸوکِيَا  سࣸوࢽٜيٰ بَرَامِي سࣸوࢽٜيٰ يَيْڢَشِي
عٜسࣸجࣸودࣸوَالرَّفْعࣸ عٜبَنْتࣸدٜمِنْهࣸ عٜمَکّࣽ,عٜسࣸجࣸودࣸوَالْرَّڢْهࣸعٜجَنْتࣸدٜمِنْهࣸ عٜمَکَةّࣸ
ڧَسَاتَايِ مࣸوطِي زَامَࢽِي بَيَّࢽَا تَسَ ؞  إِتَمَاکَرَامَ ثٜيٰ کࣸذࣸوکࣸجِ ڢَاءِدَا,غَسَاتَايِ مࣸوطِي زَامَࢽِي يَيَࢽَاࢽَسَ ؞ إِتَمَاکَرَامَ ࢽٜيٰ کࣸذࣸوکࣸجِ ڢَاءَِدَا
يَࢽْڧَشِي سَيْبِي دَبَرْثِي   سࣸࢽْ رࣸڢٜىٰتَ أمَىْ رَشِࢽْ ثِي,يَࢽْڧࣸشِي سَيْبِي دَبَرْثِي  سࣸࢽْ رࣸڢٜيٰتَ أَمَيْ رَشِࢽْࢽِي
أَمِيࢽࣸ ࢽٜيٰ کَࢽࣸو مَوَاڧِي عَييَلْوَا  کࣸمَاࢽِي تٜيٰلَࢽٜيٰ عِࢽَا يِࢽْ صَࢽَاعَ,أَمِيسࣸ ࢽٜيٰ کَࢽࣸومَوَاڧِي عَيَلْوَا  کࣸمَاࢽِي ثٜيٰلَࢽٜيٰ عِࢽَايِࢽْ صَࢽَاعَ
طَࢽْسࣸ کࣸوْاْطَࢽْ کِشِيَرْسࣸ   دࣸکْ أَدَيْدَيْ ذَاسࣸ غَࢽْسࣸ,طَࢽْسࣸ کࣸوْاْطَࢽْ کِيشِيرْسࣸ  دࣸکْ أَدَيْدَيْ ذَاسࣸ غَࢽْسࣸ
إࢽْ أکَىْ مَغَࢽَاغَرٜٜىٰسࣸ   سࣸڢَطَامَکَ إࢽْ أکَيْسࣸ,إِࢽْ أَکَيْ مَڧَࢽَاغَرٜيٰسࣸ  سࣸڢَطَامَکَ إِࢽْ أَکَيْسࣸ
دࣸوبَاإࢽْ مَعَيکَتَاسࣸࢽتَحࣸومَࢽْ    بَاسَاکَامَ وَࢽْدَکٜىٰيِࢽْ صَࢽَاعَ,دࣸوبَاإِࢽْ مَعَيْکَتَاسࣸࢽْتَحࣸومَࢽْ  بَاسَاکَامَ وَࢽْدَکٜييِࢽْ صَࢽَاعَ
ثم الخلا ڡ اذا مالم يکࢽ تبعا ؞ يغڢوامغلده علمويمل يميل,ثم الخلاڡ اذامالم يک تبطا ؞ يفڢوامفلده معى يمل يمل
بَأَڢِشِ أّدࣸودَرَوْسَيَابَا,بَأَڢِيشِ أَدࣸودَرَوْسَيَابَا
شِي مࣸتࣸم بࢽى االْوَڧَارِي  لاَزِمِࢽْ إِسْتِغْڢَارِي,شِي مࣸࢽࣸم ࢽٜيٰ ذَالْوَڧَارِي  لَازِمِࢽْ إِِࢽِࢽْغِڢَارِي
عَنِّيَادٜوَتَکْبِيرَةࣸࡼلاِحْرَامِ حَبِّرَاوࣸحَرْمِنِرْوࣽ,عَنِّيَادٜوَتَکْيِيرَةࣸࡼلاِحْرَامِ حَبِرَاوࣸحَرْمِنرْوࣸ
تکࢽ بدد,تکࢽ بدد
ِکي وس,اکيوس
ڧِيدَسࣸوْابَاذَاأَڢَاسَ     وَابَ يَاجِ کِرَايَأمْسَ,ڧِيدَسࣸوْاْبَاذَاأَڢَاسَ  وَابَ يَاجِ کِرَايَأَمْسَ
غَاڧِشِي حَرْبَامࣸ سَامࣸ  کࣸواْرࣸوابَتَڢࣸواْ يَغَࢽْمࣸ,غَاڧِثِي حَرْبَامࣸ سَامࣸ کࣸواْرࣸوَابَتَڢࣸواْيَڧَࢽْمࣸ
1,1
أَيِي صَلَّابَاࢽَ أدّࣸعَابَا,أَيِي صَلَّبَاࢽَ أَدّعَابَا
13,1
بَاکࣸواْأَجِيَࢽْدَ ذَيْ دَطٜيٰبَا,بَاکࣸواْأَجِيَࢽْدَذَيْ دَطٜيٰبَا
16,1
بٜࢽ کَࢽ کࣽمَلَلْ بٜࢽْ کَࢽْ کࣽمࣽلٜلْ دٜمࣽجّٜرٜبࣽومَاطࣸࢽْ کࣸمَلَلْ,بٜرْوࣸکَࢽ کࣽمَلْ بٜرْ کَࢽْ کࣸمࣸلٜدࣸمࣽجَّرِبࣽومَاطࣸࢽْ کࣸمَلل
ذࣸوثِيَاتَاࢽَايَبࣸوࢽْکَا   هَࢽْکَلِيْࢽَاࢽَاغَرٜىٰکَا,ذࣸوثِدَاࢽَاࢽَايَبࣸوࢽْکَا  هَࢽْکَِيڧَاࢽَاغَرٜيٰکَا
سَىْ حࣸسࣸوْمَاشِيْدَطَࢽْسَ   حَرْيَࢽٜىٰمِ مَدࣸواْغَرَرْسَ,سَيْ حࣸسࣸومَاشِيْدَطَࢽْسَ  حَرْيَࢽٜيٰمِ مَدࣸواْغَرَرْسَ
بسم الله الر حمٰࢽ الرحيم,ڢبم  لههوعࢽ ح الرعي
رَࢽَّࢽْ يّثٜيٰ مࣸسࣸ يَوْکࣸڢَاطَ غَرِࢽْ ࢽَࢽَ ؞ کࣸکرْکَشٰٜ کَاڢِرَيْ مَڧِيَࢽْ مࣸحَمَّدَا,أَࢽَّࢽْ يَثٜيٰ مࣸسࣸ يَوْکࣸڢَاطَ غَرِرࢽَمَ ؞ کࣸکَرْکَشِ کَاڢِرَْ مَڧِࢽَرَ مࣸحَمَّدَا
اَلࢽَّبِمّࣸ يَثٜيٰ دَڟࣸواْکَا    طَيَ مࣸتࣸمْ أَثِکࢽْ جِکِࢽْکاَ,اَلࢽَّبِمّࣸ يَثٜيٰ دَڟࣸوْاْکَا  طَيَ مࣸتࣸمْ أَثِکِࢽْ جِکِࢽْکَا
إِࢽْبَاشَاڢَڢّٜيٰسَ أَࢽْدَڢَابَا,إِࢽْبَاشَاڢَڢٰٜࣸࢽْسَ أَࢽْدَڢَابَا
أَلرِّيَآءࣸيِينَارِ>نࣽدࣽ فِرَڢِى اِلْحَسَنَاتِ,ࡼَلْرِّيَاجࣸيِينَارِ نࣽدࣸفِرَڢِ ࡽِلْحَسَنَاتِ
37,1
ڧام بطبعها وࢽشرها ࢽا,ڧام بطبڢهاوࢽشهاࢽاظمهاأحصدالغاࢽ تکر
وَاخْتِيَارࣸعٜسࣸبࣸدٜࡶَلْبࣸفعَةِدِنفِّرَرْوَالتَّوَجّࣸهࣸ,وَاخْتِيَارࣸعٜسࣸبࣸدٜ ࡶَلْبࣸفْعَةِدِنْفِرَلْوَالتّࣸوَجَّهࣸ
يَىِّ سَابࣸوْکࣸوْايَبَادَ    أَࢽْ زࣸکَࢽْ وَࢽِى کࣸوْاْيَثِيْدَي,يَيِّ سَابࣸواْکࣸوْاْيَبَادَ  أَرْزࣸکَࢽْ وَࢽِي کࣸوْاْيَثِيدَ
ࣸواْدَدَىْ لَيْڢِى تࣸدࣸوࢽٜىٰ ࢽَاکَ وَࢽْدَکَتَتَّرَاࢽٜىٰ,کࣸواْدَدَيْ يَيڢِي تࣸدࣸوࢽٜيٰ  ࢽَاکَ وَࢽْدَکَتَرَاࢽٜيٰ
مࣸتࣸوب مࣸبَرصَابࣸومࣸڟࣸرْثِ اࣸبَࢽْغِجِ  مࣸکٜوْتَ اَيࣸکَّاکࣸومࣸسَادࣸدَأحْمَدَا,مࣸتࣸوبَ مࣸبَرْصَابࣸومࣸڟࣸرْثِ أِبَࢽْغِجِ  مࣸکٜيوتَ أَيࣸکَّاکࣸومࣸسَادࣸدَأَحَْدَا
وَاڧَرْإِࢽْڢِرَاجِ تَبِيࣸو,وَوَڧَرْإِࢽْڢِرَاجِتَبِيࣸࣸو
مَىْ أَدࣸواْدَيَوَࢽْ مࣸضࣸورِِى    غَاصِبَاحَرَشِࢽْ ڧࣸصࣸورِى,مَيْ أَدࣸواْدَبَوَࢽْ مࣸضࣸورِي  غَاصِڢَامَرَشِࢽْ ڧࣸصࣸورِي
بَيْدَامࣸ دَذَاشِ لَاخِرَابَا,بَيْدَامࣸ دَذَاشِ لَاخِرَابَا
بَکࣸ سَࢽْ مَڢِتَا اَلَاخِرَابَا,بَکࣸ سَࢽْ مَڢِتَااَلَاخِرَابَا
حَرْدَوَࢽْدَيَکارَتَلَاتِيࢽْ    شِي دَمَاتَاࢽَارَبَاشِ ڢِطَا,حَرْدَوَࢽْدَيَکَاࢽَ تَلَاࢽِيࢽ  شِي دَمَاتَاࢽَارَبَاشَ جِطَا
بَابَࢽْ کࣸلثࣸومࣸ طَࢽ ثࣸوَيْبَا,بَابَࢽْ کࣸلْثࣸومࣸ طَࢽْ سࣸوَيْبَا
19,1
35,3
27,1
کࣸوْدَشَاعࣸکࣸ إࢽْکَغَاࢽٜىٰ   وَࢽْدَيَاجَادࣸࢽْ أࣸوَاࢽٜىٰ,کࣸوْادَشَاعࣸکࣸ إِࢽْ کَغَاࢽٜيٰ  وَࢽْدَيَاجَادࣸࢽْ أࣸوَاࢽٜيٰ
وباتع بيننا و بينهم,منحه بنع ملمࢽ تح
يَࢽْذࣸباکࣸومٜيٰ غَرٜيٰࢽِي  سَيْ يَجٜيٰ أَثِکِࢽْ يَڧِيࢽِ,يَࢽْذࣸبَاکࣸومٜيٰ غَرٜيٰࢽِي  سَيْ يَجٜيٰ أَثِکِࢽْ يَڧِيࢽِ
عَلَامَاتَتࣸوتَ ثٜيٰ وَاَللَّهࣸ يَبَيَّࢽَا؞  غَجِيکَࢽْ مَسࣸويِࢽْ ࢽَاسࣸ أَࢽَّبِ أَحْمَدَا,صَلَامَاتَتࣸوتَ ثٜيٰ وَاَلَّهࣸ يَبَبَّيِࢽَا ؞  غَجِيکَࢽْ مَسࣸويِيْ ࢽَاسࣸ أَࢽّبِ أَحْمَدَا
عࣽمّࣽ عِتَّتَا جَکَّ ڢِح مَالِهِ>عٜجَوْدِمࣸوطࣸࢽْ وَفَال,عࣽمࣸ عِتَّتَاجَکࣸ ڢِى مَالِهِ>عٜجَوْدِمࣸوطࣸرْوَفَالَ
وَطَࢽْ سࣸواْ مَذَاطَوکَادَأَجٜيٰوَا   سࣸࢽَاطࣸوکِࢽْ مَّثٜيٰ سَيْ سَٰࣸجٜيتَا,وَطَࢽْ سࣸواْمَذَطَوْکَادَأَجٜيٰوَا   سࣸࢽَاطِوَکِࢽْ مَّثٜيٰ سَيْ سࣸذَجٜيٰتَا
ادَࢽ ذَاَکَ اَمْرِى کَبَرْکَاڢِرا    عِدَࢽْ مࣸومِࢽِيࢽ شبَرميزࢽَا,إِدَࢽْ ذَاکَ أَمَرِي کَبَرْکَاڢِرَا   بدَࢽْ مدمࢽيࢽ شِبرميزْࢽَا
سࣸࢽْ کࣸمَامَادَابَاڧَثٜىٰ بَا,سࣸ کࣸمَاسَادَبَأَمَثٜيٜبَا
ثِکِࢽْ إِࢽࣸوَاکࣸوغااَبِࢽْثِي إِرِإِرِي   دَبَااَکࣸتَمْثِࢽَيْ کࣸرࣸمْ إِࢽْدَاَحْمَدَا,ثِکِࢽْ إِࢽࣸوَاکࣸوَغَاأَبِࢽْثِي إِرِدإِرِي  دَبَاأَکࣸتَمْثِيࢽَيْ کࣸرࣸمْ إِࢽْدَأَحْمَدَا
فد جاء ڢى اثى تشبيهى سيعا؞ مهى اعتدى لم يذرشيئاولم يصل,فد جاء ڢى ات تشبيهه سسبعا ؞ مهى اعتدى لم بذرشيناوم يل
بَايَاذࣸوَاسࣸوࢽَا بَرٜيڢَ جَࢽَاءزَا  إِࢽْکࣸو يَࢽَا تَذࣸوَا کَجِيسࣸ مࣸتَاࢽٜيٰ,بَايَاذࣸوَسࣸوࢽَابَرٜيٰڢَ جَࢽَاءِزَا   إِࢽْکࣸويَࢽَاتَذࣸوَاکَجِيسࣸ مࣸتَاࢽٜيٰ
ڢصل ڢيمازلت ڢيه للبتدع الفدم بخالڢته من تفدم,ڢصل ڢيلرالت ڢيه للبتدع الفدم بحالڢته مى تڢدم
کِي حَڧࣸرِي کِڟَيَا غَمِجِࢽْکِ  إِࢽْ يَّوَدَاتࣸواْسَيْ کࣸودَاتَا,کِي حَڧِرِي کِڟَيَاغَمِ جَࢽْکِ إِࢽْ يَوَدَاتࣸوَاسَيْ کࣸوَدَاتَا
غَارࣸوَࢽْ طَاثِى سࣸتَرْڢَا مَيْ أبَاکِ أَجࣸوىَ صِڢَّا,غَارࣸوَࢽْ کَاثِ سࣸتَرْڢَا مَيْ أَبَاکِ أَجࣸويَ صِڢَّا
کَيَايٜيٰ دࣸحࣸࢽْ شٜيٰکَࢽْ دَکَاسَاأَذࣸوثِيَا ؞  مࣸࢽࣸورَحَدِيشِ أَࢽَّبِمّࣸ مࣸحَمَّدَا,کَبَايٜي دࣸحࣸࢽْ يطَرْ دَکَاسَاأَذࣸوثِيَا سَمࣸࢽࣸورَ حَدِيشِ أَࢽْبِّمّࣸ مࣸحَمَّدَا
ࢽَاتَجِࢽْسَ ثِکِي دَبَايٜيٰ   کوْاْ دَࢳَاࢳَاکࣸوْاْإِيَايٜيٰ,تَاغَجِࢽْسَ ثِکِي دَبَايٜيٰ  کࣸوْاْدَجَاࢳَاکࣸوْاْإِيَايٜيٰ
مَي کِرَࢽْ مَاتَا کَوَالِ ࢽَࢽْدَࢽَࢽْ کࣸکَبَاشِ جَالِ,کَيْکِرَࢽْ مَاتَاکَوَالِ  تَࢽْدَسَْ کࣸکَبَسْ جَالِ
بَعَ بَرْدࣸکَّࢽْ حَڧࣸواْڧࣸوَابَا,بَعَ بَرْدࣸکَࢽْ حَڧࣸواڧࣸوَابَا
بَازَيْ رَسَ يِࢽْ مࣸاڢَڧَابَا,بَازَيْ رَسَ يِࢽْ مࣸوَاڢَڧَابَا
ذَاسࣸ سَامِ ڢِتَااَڢَامَا    هَرْسࣸسَامِ غِدَࢽْ سَلَامَا,ذَاسࣸ سَامِ ڢِتَاأَڢَامَا  حَرْسࣸسَامِ غِدَࢽْ سَلَامَا
أَبࣸوبَکَرْ عࣸمَرࣸ عࣸثْمَاࢽࣸ کࣸمَ عَلِيّࣸ ؞ بَرَادٜࢽْ رَسࣸولَ اَللَّهِ أَࢽَّبِ أَحْمَدَا,أَبࣸوبَکَرْ عࣸمَرْ مࣸثمَاࢽِ کࣸم دَعَلِي ؞ بَرَادِࢽْ رَسࣸولَالَّهِ أَࢽَْبِ أَحْمَدَا
کࣸمَ إِࢽْکَرَاتࣸوࢽٜيٰ دَکَيْ دَطَ کَاجِبَا  إِࢽْهَرْ کَکَامٜيٰ ذَاسࣸڧِيکَ مࣸتَاࢽيٰ,کࣸمَإࢽْکَرَاتࣸوࢽٜيٰ دَکَيْ دَطَ کَاجِبَا   إࢽْهَرْکَکَاٜيٰ ذَاسࣸڧِيکَ مࣸتَاࢽٜيٰ
ڢالله نسٔل نانيل النجاة به ؞ ڢالخوڡ مࢽزلل مࢽ سابڡ الزلل,ڢالله نسفل ت نبل الخاة به ؞ ڢالوڡ مࢽ زلل م سابڡ لل لل
دَأَࢽْذَابٜىٰشِ کٜىٰࢽَࢽْ    تَرْسَشِࢽْ جَمَعَرْسࣸ کٜىٰࢽَࢽْ,دَأَࢽْذَابٜيٰشِ کٜيٰࢽَࢽْ  تَرْسَشِࢽْ جَمَعَرْسࣸ کٜيٰࢽَࢽْ
دࣸکَࢽْ مࣸتَاࢽٜيٰ دࣸوسࣸࢽْڧَࢽْدَرٜي  بَابࣸ مَيْعِيَاڧٜيٰتَرٜيٰ طَࢽْ تࣸدࣸو,دࣸکࣸࢽْمࣸتَاࢽٜيٰ دࣸواسࣸࢽْڧَࢽْدَرٜيٰ  بَابࣸ مَيْڢِيَاڧٜيٰتَرٜيٰ طَࢽْ تࣸدࣸو
کࣸوْأسَࢽْ تࣸرْمِࢽْ أکࣸرکࣸراْ تࣸࢽْ شِࢽَاسࣸومَاشِفَرْکࣸواْ,کࣸوࢽْأَسَࢽْ تࣸرْمِࢽْ أَکࣸوکࣸواْ  تࣸࢽْ شِࢽَاسࣸومَاشِڢَرْکࣸواْ
غࣸلْبِي دَتَڢکِي مَاسࣸواْيَوَࢽْ رࣸوَا  أّجٜيٰ غََرٜيٰسࣸوأَعِسْکٜيٰ سࣸࢽْڧَڢٜيٰ,غࣸلِبي دَتَڢْکِي مَاسࣸواْيَوَࢽْ رࣸوَا  أَجٜيٰ غَرٜيٰسࣸواَعِسْکٜيٰ سࣸࢽْڧَڢٜيٰ
کࣸسَاسࣸ دَرَارَسࣸووأَيْکِࢽْ دَذَاسࣸيِ ؞  کࣸبَرْسࣸ سࣸهࣸوتَ غَدَرٜيٰ کࣸمَ سَرْمَدَا,کࣸسَاسࣸ دَرَاࢽَ سࣸوࣸوأَيْکِࢽْ دَذَاسࣸبِي ؞  کࣸبَرْسࣸ سࣸمࣸوتَ غَدَرْوࣸکࣸمَ سَرْمَدَا
وَࢽْدَبَىْ کَتَرِࢽْ رَبࣸوْبَا    إࢽْ يذَمْ بَىْ تَمْبَيَابَا,وَࢽْدَبَيْ کَتَرِࢽْ رَبࣸوبَا  إِࢽْيِذَمْ بِيْ تَمْبَيَابَا
دَاجَࢽْ غࣸرْذࣸوبَيَامَثٜىٰ بَا,دَاجَࢽْ غࣸرْذࣸواْبَبَامَثٜيٰ بَا
دَيْ مࣸࢽَاکَلْمَرْ شَهَادَ   مࣸوڢَ شَيْطَࢽْ ࢽٜيٰ يَݒَدَّ,دَيْ مࣸࢽَاکَلْمَرْشَهَادَ  مࣸوڢَ شَيْطَࢽْ ࢽٜيٰ يَبَدَّ
کࣸو بَاأَبࣸࢽْ ڟَرَبَ دَزَيْبَا ࢳࢽْ عࣸوَا,مَثٜمَ بَودَبࣸࢽْ ڟَرَبَ دَرَيْيَࢳِࢽْ عࣸعࣸوَا
ࢽَࢽْ مِجِ کَࢽْثٜيٰ دَمَاتَ   تَيْمَکٜيٰࢽِ مَسࣸويِيَاتَا,ࢽَࢽْ مِجِي کَࢽْثٜيٰ دَمَاتَ تَيْمَکٜىٰࢽِ مَسࣸوبِيَاتَا
ڢَصَلࣸ بَتࣸࢽْ دَࢽَاجِ وࣸرِࢽْ مَّالَم تࣸکࣸرْ,ڢَصْلࣸ بَتࣸࢽْ دَࢽَّاجِ وࣸرِࢽْ مَّالَمْ تࣸکࣸرْ
مَيْ صَࢽَاعَ بَايَا ڟِيَا,طَمَيْ صَࢽَاعَ بَايَاڟِيَاجِ
أَࢽَالࣸلّࣸبِي ࢽَوࣸتَاأَثَٰࢽ غࣸوبٜيٰ الاخِرَا ؞  غَوَرْتَکٜي ڧِࢽْ يِࢽْسَ دࣸࢽْ ڧِࢽْ مࣸحَمَّدَا,أَࢽَاللّࣸبِي ࢽَوتَاأَثَࢽْ غࣸوبٜي الاخِرَا ؞  غَوَرْدَتَکِࢽ ڧِࢽْ بِࢽْسَ دࣸࢽْ ڧِࢽْ مࣸحَمَّدَا
يثٜي,يࢽࢽي
14,1
مَثٜيٰ وَدَّکٜيٰسࣸ أَرْزِڧِي دَوَدَاتَا  تَڟَيَادَغَسْکٜيٰ تَکَامَ غِرْمَࢽْ أَوْرِٜيٰ,مَثٜيٰ وَدَّکٜيٰسࣸࢽْ أَرْزِڧِي دَوَدَاتَا  تَڟَيَادَغَسْکٜيٰ تَکَامَ غِرْمَࢽْ أَوْرٜيٰ
حَکَ وَدَّکٜيٰ طِيبَرْ أَبِࢽثِ  تَبَࢽْتَا   حَکَ مَيْ حَࢽَاوَامِجِࢽْتَ سࣸࢽَّرْأَوْرٜيٰ,حَکَ وَدَّکٜيٰ طِيَرْ أَبْࢽِْر تَبَࢽْتَا  حَکَ مَيْ حَࢽَاوَادِجِࢽْتَسࣸࢽَرْ أَوْرٜيٰ
ڢکيڢ يراک مو ى لاشيب له ؞ سبحانه بصڢات المجدلم يزل,ڢکيڢ يدرڡ مولى لاشبييه له ؞ سسبحانه بصڢات الحدلم يتل
دَأَبِࢽْدَبَذَاشِ دَوَّمَابَا,دَأَبِࢽْدَبَذَاشِ دَوَّمَابَا
اکي وس باياغاش اغرٜيس    بکࢽ حال س ياڢ ࢽاࢽصارا,اکي وس بياغاشي اغرس  بکࢽ حال س باڢ ࢽاࢽصارا
دَاکࣸمَاذَسࣸ شِࢽْ يࣸودَاࢽَسࣸوس    حَرْمامࣸيِى اَبࣸوتَکَادَࢽْ صَࢽَاعَ,دَاکࣸمَاذَسࣸ شِرْيࣸودَاسَيْ ࢽَسࣸوسࣸ حَرْمَامࣸيِي أَبࣸوتَکَادَࢽْ صَࢽَاعَ
أَللَّهࣸ يَاڢِکٜ ڢࣽوبِمَاطَ نࣽذِيدࣽرِکࣽعَ لٜناط عتࣸودِ فࣽوبِ عَتونَتَا,اللَّهْ يَاڢِکِ فࣸوبٜمَاطࣸ نْدࣸيدࣸر>کࣽعَ لٜنَاطࣸ عٜتࣸودٜ فࣸوبِ عَتࣸونْتَا
بِسَلاَمِ,جِسَلامِ
جِࢽْغَاأَکَࢽْيِي دَمَي حَڧَرِيجِيَا    يَکَامَ أَيْکِي يَيْ تَحَڧَاࢽَسَا,جِࢽْغَاأَکَࢽْيِي دَمَيْ حَڧَرِيجِيَا  يَکَامَ أَيْکِي يَيْ تَحَڧَاࢽَسَا
وَࢽْدَسࣸࢽْکَ ڧَرَࢽْتَ ࢽَاسࣸ   بَي ࢽَوَابَ أَکَࢽْ حَلِࢽْسࣸ,وَࢽْدَسࣸࢽْکَ ڧَرَࢽْتَ ࢽَاسࣸ  بَيْ ࢽَوَابَ أَکَࢽْ حَلِࢽْسࣸ
وَطَࢽْسࣸ ڢَجَࢽْ غࣸوڟࣸوسࣸکٜيٰ وَࢽْسࣸ رَرَّڢٜيٰ   ڢَمَࢽْ جَࢽْ ثِکِيڢَ کَڢَاطࣸوِاإِࢽْجِ أَحْمَدَا,وَطَࢽْسࣸ ڢَجَࢽْ غࣸوڟࣸوسࣸکٜيٰ وࣸࢽْسࣸ رَرَّڢٜيٰ   ڢَمَيْ جَࢽْ ثِکِيڢَ کَڢَاطࣸوَا إِࢽْجِ أَحْمَدَا
ࢽَظَمِ مࣸعَلِّمْ أّمِيࢽࣸ  ࢽَبَابَࢽْ عِࢽْدَا کَاࢽࣸو يَلْوَا,ࢽََمِ مࣸعَلَّࢽْ أَمِيرࣸ اࢽَبَابَࢽْ عِࢽْدَاکَاࢽࣸويَاوَا
سَرکِࢽدَيَيِيْشِ کࣸومَࢽِيبَا,سَرْکِࢽْدَيَيِيْشِ کࣸوهَࢽِيبَا
ومنه يڢلعم ما يکڢيى معتفدا ؞ ڢليب شتفل بعدباا تکليڢ مࢽ عمل,ومنه يڢه مايکڢيه معتفدا ؞ ڢلب مشتغل بعدما اتکليڢ مࢽ عل
15,1
20,2
بَکࣸ بَرْڧَارَاکࣸࢽَاکِرَابَا,بَکࣸ بَرْڧَارَاکࣸࢽَاکِرَابَا
مِࢽَ ࡻلْکِبَرِ عَوْ نِࢽ تِنَارٜوَفَالَ عࣸمَاکِ صَلَّح ࡻللَّهࣸ,مِࢽَ ࡻلْکِبَرِمَوْنِرْتِࢽَارِ وَفَالَعࣸمَاکِ صَلَّى ࡻللَّهࣸ
دَمَيْ أَمْرٜيٰ مَاتَادَذَࢽٜيٰ بَݣࣸيْ   شِيکࣸوأَڟَمَايَيْ أَيْکِࢽْ کَوَيْ,دَمَيْ أَمْرٜيٰ مَاتَادَذَࢽٜيٰ بَکࣸيْ  شِيکࣸوأَڟࣸمَايَيْ أَيْکِࢽْ کَوَيْ
ضَرࣸورَاِدَࢽْ تَاکٜوْتࣸ کࣸواَىِ تَيْمَمَا ڢَدࣸࢽْ شِيلَشِى سࣸࢽَّاڢَکٜࢽَاغَاَحْمَدَا,غَرࣸورَاإِدَࢽْ تَاکٜيوْتࣸ کࣸوأَيْ تَيْمَمَا  ڢَدࣸࢽْ شِيلَشِي سࣸࢽَّاڢَکٜيٰࢽَاغَأحْمَدَا
ڢَصْلࣸࣸ مَّالَمْ بَدَمَاصِي ࢽَاسࣸوبَا,ڢَصْلْ مَّالَمْ بَدَمَاصِي ࢽَسࣸوبَا
ايَاتَڢِ اءࣸوڢِسْ کࣸوکࣸمَا کَࢽْتِي  بَاتَ ڧَارَذَمَا طَاکِࢽْتَا,يَاتَڢِ أأَوڢِسَ کࣸوکࣸمࣸ کَࢽْثِي  بَاتَ ڧَارَذَمَاطَاکِࢽْتَا
ࢽٜيٰ,ࢽيٰ
دࣸبࣸوثٜيٰ دَمٜاتَࢽْ کࣸمَ دَخَمِسِࢽْ دَوَسࣸ بِيَرْ ؞ بَيَاࢽِ ࢽَشَرْࢽَهْ کࣸࢽجِ سَمَرِࢽْ مࣸحَمَّدَا,دَبࣸوࢽٜيٰ دَمَاتَيْ کࣸمَ دَخَمْسِيࢽَ دَوَسࣸ بِيَرْ ؞ بَبَاࢽِ ࢽَشَرْࢽَمࣸ کࣸجْجِ سَمْرِࢽِ مࣸحَمَّدَا
ثِي دَشَࢽْسࣸ أَثَࢽْ زَڧࣸومِ   سَيْ ضَرِيعࣸ بَذَاسࣸ سَامِ,ثِي دَشَࢽْسࣸ أَثَࢽْ زَڧࣸومِ  سَيْ ضَرِيمࣸ بَذَاسࣸ سَامِ
وَايَکَىْ وَايَىْ کَمَرْکَا     وَيَسَࢽْ اَصَلِي يَࢽَاکَا,وَايَکَيْ وَايَيْ کَمَرْکَاَ وَايَسَࢽْ أَصَلِي بَࢽَاکَا
عٜاَلنِّيَادٜوَلاَيَاکࣸلࣸ عࣽذَامَتَاوَالاَيَشْرِبࣸ عࣽيَرَتَا,عٜࡶَلنِّيَادٜوَطَّيَاکࣸلࣸ عࣽذَمَتَاوَالاَيَشْرِبࣸ عࣽبَرَتَا
أجَوَابِࢽْ کَࢽْ بَأىْ مࣸسࣸوبَا,أَجَوَابِࢽْ کَࢽْ بَأَيْ مࣸسࣸوبَا
مِثَالِ بَکَࢽْ يَࢽْمَذَا دࣸدَمَاتَا  عَوَادٜي عَثٜي تࣸو کَذࣸوکَيزِࢽَا,مثال بکࢽ يࢽمذادک دَماتَا  عوادَي مثٜي تࣸو کذࣸوکيزْࢽَا
بَبَّکَاتمْکَرْدَيَايِي    ࢽَࢽْڢَ سَىْ کࣸوکَادَکࣸويِي,بَبَّکَاتَمْکَرْدَيَايِي  ࢽَࢽْڢَ سَيْ کࣸوکَادَکࣸويِي
ڢليفل الڡ مرةلاالم الااللم الله لطيڢ مااسى عم لتڢريم,ڢليفل الڢ مرة لاالم الا الم الله کطبڢ مااسࢽعم لتڢجل
لا شک ڢيه کما صح الحديث به ؞ عࢽ صطڡ وعدڢيسفى کل ذي عمل,لاشک ڢيه کامم الدبث به ؞ عࢽ صدڡ وعدڢبسڢى کل عل عل
بَعَ ڢَاسَ کِرَاأَࢽَاذࣸبِيبَا,بَعَڢَاسَ کِرَاأَࢽَاذࣸبِيبَا
ناکل خلڡ له فدانطوتحکم ؞ ولست عࢽ درکهاڢلعما بمنعزل,عکل خلڡله فدانطوت حط ؞ واست عࢽ درکهاڢبهابمنعزل
کࣸمَيْدَأَمَاࢽَ يَࢽْدَ کࣸبَاکࣸ ڢَ کࣸࢽْجِيَا ؞  کࣸبَرْسࣸࢽْ کࣸيِوࣸݒَرْࢽَا حَدِيشِ مࣸحَمَّدَا,کࣸمَيْدَأَمَارَبَࢽْدَکࣸبَاکࣸ دَکࣸࢽْجِيَا ؞  کࣸبࣸرْسࣸ کࣸيِوࣸبَرْࢽَاحَدِيشِ مࣸحَمَّدَا
کَڟࣸاݒٜيٰتَ کَاݒَٜا إِرِࢽْتَ بَبَّا,کَکࣸابٜيٰتَ کَابَاإِرِࢽْتَ بَبَّا
تَيَبࣸواْࢽَسَ بَادَکࣸسْکࣸرٜ يٰبَا,تَيَبࣸوࣸاْࢽَسَ بَادَکࣸسْکࣸرٜيٰبَا
طَࢽْ طَࢽْ عࣸوا کࣸووَا کࣸوڧَࢽٜيٰ إِࢽْ کَاغَيَامَسَاذَࢽْثٜيٰ بَاشِجِي,طَࢽْ طَࢽْ عࣸوَاکࣸووَاکࣸوڧَࢽٜيٰ  إِࢽْ کَاغَيَامَسَاذَࢽْثٜيٰ بَاشِجِي
أَطَيَࢽْسࣸ يَذَاشِ شَامࣸوَابَا,أَطَبَࢽْسࣸ بَذَاشِ سَامࣸوَابَا
ࢽَايِ رࣸوڧَࢽْ کࣸکَرْبِ تَخْمِيسِ مࣸࢽْذِي   لِيسَڢِيࢽَاࢽَرَمزࣸهِجْرامَلاَذِي,ࢽَايِ رࣸوڧَرْ کࣸکَرْبِ تَخْمِيسِ مࣸࢽْذِ   لِيسَڢِيࢽَاࢽَرَمْزࣸي هِجْرَامَلَاذِب
ڢالله يجعلنا مࢽ خيرامته ؞ مؤمنيࢽ بلاروع ولاوجل,ڢالله يعلنامࢽ خي امته ؞ مذمنيࢽ بلاروع ولاوجل
سَابࣸوَرْسَدَمَالَمَى ࢽٜىٰ    يَاحَࢽَاشِ شِغَامࣸتَاࢽٜىٰ,سَابࣸوَرْسَ دَمَالَمَيْ ࢽٜيٰ  يَاحَࢽَاشِ شِغَامࣸتَاࢽٜيٰ
يَکࣸوکَ دَکَࢽْسَ بَيْ سَࢽِيبَا,يَکࣸوکَ دَکَࢽْسَ بَيْ سَࢽِيبَا
ࢽٜىم,ࢽم
کࣸووَࢽٜيٰ يَاڢَّ مَيْدَهمَّاغَظࣸلْمِي   يَڧِّ تࣸوبَادَوَࢽْدَيَيَّادَعِلمِي,کࣸووَࢽٜيٰ يَڢَّ مَيْدَهِمَّاغَڟࣸلْمِ  يَيّ تࣸوبَادَوَࢽْدَيَبَّادَعِلْمِي
مَيْ دࣸوکِيَاأهَࢽَامَسَ غࣸودِيَا   مَيْ بَابࣸوکࣸوأّهَࢽَامَسَ دَࢽْغَࢽَىٰ,مࣸيْ دࣸوْکِيَاأَهَࢽَامَسَ غࣸودِبَا   مَيْ بَابࣸوکࣸوأَهَࢽَامَسَ دَࢽْغَࢽٜيٰ
تب,ب
کࣸسَيْ دَيْڢَ شٜيطَࢽْ شِي يَکَرٜثٜمَ ذࣸوثِيَا ؞  تَأَيْکَتَ سَابࣸࢽْ جَلَّ سَرْکِࢽْ مࣸحَمَّدَا,کَسَيْ دَيْ ڢَشِيطَࢽْ شِي يَکَرْࢽغمَ ذࣸوثِيَا ؞  تَأَيْکَتَ سَاࢽْࢽ جَلَّسَرْکِࢽْ حَمَّدَا
بَسࣸ کَاسَ غࣸدَاطِرِي بَکَيْ بَا,بَسࣸ کَاسَ غࣸدَاطَرِي بَکَيبَا
بَلتَسَاسَࢽْتَاوَکࣸرَاوَا    إࢽْتَذࣸوبَاتَارَغَاوَا,دَلتَسَاسَمْتَاوَکࣸواْوَا  إِࢽْتَذࣸواْبَاتَارَغَاوَا
والحوض مࢽ بعدلافبل الص اط اتى ؞ وفيل فبل و فيل ا ثنال ڢلتسل,والوض مࢽ بعدلافل الص اطالى ؞ وفبل فل وفيل اثناࢽ ڢلنسل
بَأَيَرْدَدَکࣸيْ أَبࣸوْاْتَکَابَا,بَأَيَرْدَدَکࣸيْ أَبࣸوْاْتَکَابَا
وَࢽْسࣸ ثَࢽْ غࣸوبٜيٰ ذَاسࣸࢽَاثَࢽْ سَعِيرَا   وَࢽْسࣸ سِجِّيࢽࣸ وَسࣸ کࣸوثَࢽْ غسَڧࣸرَا,وَࢽْسࣸ ثَࢽْ غࣸوبٜيٰ ذَاسࣸࢽَاثَࢽْ سَعِيرَا   وَࢽْسࣸ سِجِّيرࣸ وَࢽْسࣸ کࣸوثࣸࢽْ غَسَڧࣸرَا
کࣸسَࢽْ زَامَࢽِي أَيْ يَاوࣸثٜيٰ ثِکِࢽْ طَرِي ؞  يَࢽْذࣸ عَلِيَّاثٜي کࣸسَوْرَارِ ڢَاءِدَا,کࣸسَࢽْ زَامَࢽِي أَيْ يَاوࣸثٜيٰ ثِکِࢽْ طَرِي ؞  يَࢽْذࣸ عَلِيَّاثٜيٰ کࣸسَوْرَارِڢَاءِدَا
يَࢽْ ڧَࢽَا ࢽَاهَرْسࣸشِرْيࣸو  رࣸࢽْڧࣸمَىمࣸ کَثى عَلِيْمࣸ,ࢳَࢽْ ڧَࢽَاࢽَاهَرْسࣸشِرْيࣸو  رࣸࢽْغࣸمٜىٰمࣸ کَثٜيٰ عَلِيّࣸو
لمعلم,ع
أࢽْڢِ دࣸواْشِرࣸحَࢽْکَلِيࢽٜىٰ؟    مَيْغࣸمَاذَجَاهِلِيْࢽٜىٰ؟,أَࢽْڢِ دࣸواْشِرࣸحَࢽْکَلِيࢽٜيٰ   مَيْغࣸمَاذَجَاهِلِيࢽٜي؟
أَوْرٜيٰ کࣸتَبَّتَ بَاأَبِࢽْ وَاسَابَا    مَاتَاکࣸبَرْوَاسَادَغِرْمَࢽْ أَوْرٜيٰ,أَوْرٜيٰ کࣸتَبّْتَ بَاأبِࢽْ وَاسَابَا  مَاتَاکࣸبَرْوَاسَادَغَرْمَࢽْ أَوْرٜيٰ
بَاشِ بَيْوَادࣸوࢽْ أَبَاـشِ  بَاشِ اَلکَوَرِى يَتَاشِ,بَاشِ بَيْوَادࣸوࢽْ أَبَاشِ  بَاشِ اَلْکَوَرِي يَتَاشِ
باتَ ࢽࣸڢِࢽْ اللَّه دَمَأَيْکِي   سَيْ بِدْعَاإِتَکٜيٰ کَاغࣸࢽْتَا,بَاتَ ࢽࣸڢِࢽْ للَهْ دَمَأَيْکِي سَيْ بِذَعَ لَاتَّکٜيٰ کَاغࣸࢽْتَا
غَرِڧࣸࢽْسࣸ بَذَࢽْيِ کࣸسْکࣸرٜيٰبَا,غَرِڧࣸࢽْسࣸ بَذَࢽْيِ کࣸسْکࣸرٜيٰبَا
رَࢽْࢽَࢽْ أَبِࢽْ تَوْسَيْ مَيْدࣸوکِيَا  دَمَيْ عِيَالِي إِࢽْ جِي طَࢽْ ڢࣸودِيࣸ,رَࢽْࢽَࢽْ أَبِࢽْ تَوْسَيْ مَيْدࣸوکِيَا  دَمَيْ عِبَالِمࣸإِࢽْ جِي طَࢽْ ڢࣸودَيࣸ
سࣸکَثٜيٰ,سࣸکبي
ڢَصَلࣸ ڢِي رࣸوَايَ مَمَّࢽْ تࣸکࣸرْ,ڢَصْلࣸڢِيي رࣸوَايَ هِمَّࢽْ تࣸکࣸرْ
سࣸذࣸوغَڢِيَيّٜࢽْ تَخْلِڧَيْ دࣸکَ شِيشِثٜيٰ   ڢَࢽِيدَيْ کَثٜتࣸو يَوغَاَللّهْ أَحْمَدَا,سࣸذࣸوغَڢِيَيّࢽْ تَلِڧَيْ دࣸکَ شِيشِثٜيٰ   ڢَࢽِيدَيْ کَثٜويَوْغَاللَّهْ أَحْمَدَا
دَرَجَرْ مَࢽ دَشِى بَعَا غࣸوْادَابَا,دَرَجَرْسَ دَشِي بَعَاغࣸواْدَابَا
بَبْبَّࢽْ زَغِيࢽَةَ شِيࢽٜي کَوَالِي,بَيْبَّࢽْ رِغِيࢽَةْ شِيࢽٜيٰ کَوَالِي
کࣸواْيَوَࢽْ سَࢽڟِࢽْ سࣸمِࢽْتِ کٜى هَࢽَامَکَ سࣸࢽْ صَلَاتِى,کࣸواْيَوَࢽْ سَࢽْڟِࢽْ سࣸمِࢽْتِ کٜىٰ هَࢽَامَکَ سࣸࢽْ صَلَاࢽِي
کَوْثِرَا أࣸࢽکࣸبٜيٰسࣸ تَبَّتْ حَڧِيڧَا,کَوْثِرَاأࣸࢽْکࣸبٜيٰسࣸ تَبَّتْ حَڧِيڧَا
إِࢽَّاکࣸࢽْ بِيَرْعَࢽَࢽْ ذَاࢽِ ليٰٜغَسْ    ذَࢽْ ڧَارَسْ وَطَࢽْدَبَا سَاصَࢽَاعَ,إِࢽَّاکࣸࢽْ بِيَرْعَࢽَࢽْ ذَاࢽِ بٰٜغَسْ  ذَࢽْ ڧَارَسْ وَطَࢽْدَبَاسَاصَࢽَاعَ
کࣸودَا مَکَاهࣸو إࢽْکَسَاشِي أغࣸودَبٜي,کࣸودَامَکَاسࣸوإِࢽْکَسَشِي أَغࣸودَبِيََ
کَاغَ مَيْڧِࢽْ طَࢽْ أࣸوَࢽْسَ    دࣸࢽْ ڧَرَࢽْثِࢽْ أرْزِڧِࢽْسَ,کَاغَ مَيْڧِࢽْ طَࢽْ أࣸوَࢽْسَ  دࣸࢽْ ڧَرَࢽْثِࢽْ أَرْزِڧِࢽْسَ
واعلم باࢽ رسول الله اخي نا ؞ عࢽ الغيوب بحڡ غير مڢتعل,واعلم باࢽ رسول الله اخبر نا ؞ عࢽ الغيوب عجڡ غي مڢتعل
3,1
حَکَࢽَࢽْ عِبَادَمَي دَوْطَ الزِّࢽَا   کࣸومِࢽْ يَوَࢽْتَاأَرَابٜيٰ تَکَࢽْکَشٜيٰ,حَکَࢽَࢽْ عِبَادَمَيْ دَوَطَا الزِْࢽَا   کࣸومِࢽْ يَوَࢽْتَاأَرَابٜيٰ تَکَࢽْکَشٜيٰ
حَيَّ مَاتَاکࣸبَرْڢِتَاسَيْ ضَلࣸورَا   طَࢽْ بِطَثّٜي دَتَࢽْبَيࣸوࣸ غَعِلْمِ,حَيَّ مَاتَاکࣸبَرْڢِتَاسَيْ مَلࣸوورَا   طَيْ بِطَثِي دَتَّࢽْبَيࣸو غَعِلْمِ
سࣸڢَشٜيٰ کࣸمْ بَادَوَيْوَيَابَا,سࣸڢَثٜيٰ کࣸرَبَادَوَيْوَيَابَاسَࢽ
دࣸکْ مَڧِيَࢽْ مّࣸواْأَذَامࣸواْأَکَࢽْسࣸ  دࣸکْ شَرِّࢽْ دَسࣸکَيْ دَمَغࣸࢽتَا,کࣸکْ مَڧِيَࢽَ مࣸوْاْأَذَامࣸوْاْ أَکَࢽْسࣸ دࣸکَ شَرْࢽِ دَسࣸکَيْ دَمࣸغࣸࢽْتَامِ
بَيْسَࢽْ بَاکِࢽْدَزَىْ ڢَطِيبَا,بَيْسَࢽْ بَاکِࢽْدَزَيْ ڢَطِيبَا
وَفْتࣸوجِ وَالْجَسَدࣸࡼلطَّاهِرࣸعٜبَدّࣸللَبࣸدࣸوَسِتْرࣸ,وَفَتࣸوجِ وَلْحَسَدࣸࡼلطَاهِرࣸعٜبَدࣸکࣽبࣸدࣸوَسࢽْر
غَبَسْ دَيَمَّ يَاأََمْکَاتَکَرْدࣸوࢽَسَ کࣸࢽْجِيَا؞ دَدَامَ دَحَوْࢽِࢽْسَ ڢَبَرْدٜࢽْ مࣸحَمَّدَا,غَبَسْ دَيَمَّ يَاأَيْکَاتَکَرْدࣸوࢽَسَ کࣸࢽْجِراَ ؞ دَدَامَ دَحَوْࢽِࢽْسَ ڢَبَرْدِࢽْ مࣸحمَّدَا
سَيْدَجِࢽْ مَغَࢽَرْيَتَاشِ    دࣸࢽْ ࢽَوَࢽْسࣸ شِکَࢽْيِي ࢽِيشِ,سَيْدَجِࢽْ مَڧَࢽَرْيَتَاشِ  دࣸࢽْ ࢽَوَࢽْسࣸ شِکَࢽْيِى ࢽِيشِ
ڢمࢽ مفالة اهل الحڡ فاطبة ؞ مࢽ عࢽ الحڡ والتحفيڡ لم يحل,ڢمࢽ مفالة انصل الحڡ فاطبة ؞ مࢽ عࢽ الحڡ والخفيڡ لم يجل
بَاشَ ڧِࢽْ کَلَّوࢽْ حَلَثِّ  بَاشِ کࣸواْ دࣸوبِࢽ حَرَمْثِ,بَاشِ ڧِࢽْ کَلّࣸوࢽْ حَلَثِّ بَاشِ کࣸواْدࣸوبِࢽْ مَرَمْثِ
وَاحِدࣸࣸشِيکَطَيْ شِيکٜي شِدَّإيکࣸو   بَابࣸ ڢَرْکࣸو غَوَࢽْدَيَڢَّارَ کࣸومِ,وَاحِدࣸشِيکَطَيْ شِشِيکٜيٰ شِدَّإِيکࣸو  بَابࣸ ڢَرْکࣸوغَوَࢽْدَيَڢَّارَکࣸومِ
إࢽْ ثِکِࢽْ يَاڢَارَمࣸواْڟِي   غࣸࢽْ اࣸوَايَمَّادَحَࢽْڟِي,إِࢽْ ثِکِࢽْ يَاڢَارَمࣸواْڟِي  غࣸࢽْ أࣸوَايَمَّادَحَࢽْڟِي
کذاالسموات لا تخڢى ؞ يکيڢک ظالعࢽ لماع,کذاالسوات لاتخڢى عحايبها  يکيڢک ماه هاعࢽ عي
کࣸوْتَࢽَابَرْثِي تَڢَرْکَا    حَرْتَطَوْکَࢽْوَاتَبَاکَا,کࣸوْاْتَࢽَابَرْثِي تَڢَرْکَا  حَرْتَطَوْکَࢽْوَاَتَبَاکَا
17,1
سَيْ يَجٜيٰ کࣸرْسِࢽْ سَرَوْتَا   سَيْ أَثٜيٰ مَسَ کَابࣸکَاتَا,سَيْ يَجٜيٰ کࣸرْسِࢽْ سَرَوْتَا  سَيْ أَثٜيٰ مَسَ کَابࣸکَاتَا
بَذَاعَ کَشٜيٰتَ بَاڢَطِيبَا,بَذَاعَ کَشٜيٰتَ بَاڢَطِيبَا
شِيْمَايَثٜىٰ ࢽِي بَذَࢽْ إيَابَا,شِيمَايَثٜيٰ ࢽِي بَذَࢽْ إِيَابَا
ࢽَيْࢽࣸڢِࢽْ ثِکَ اَلْجَمَاتَا   وَࢽْدَࢽَيْمَ مَزَادَمَاتَا,ࢽَيْࢽࣸڢِࢽْ ثِکَ اَلْجَمَاتَا  وَࢽْدَࢽَيْمَ مَزَادَمَاتَا
کࣸوَ مࣸتࣸمْ يَاذَمࣸو مࣸتࣸمْ مَيْ مࣸڧّامِ              کࣸو سَرَوتَا غَرٜيٰشِ  کࣸوکࣸو عَدِيمِي,کࣸومࣸتࣸمْ يَاذَمࣸومࣸتࣸمْ مَيْ مࣸڧَامِي  کࣸوسَرَوْتَاغَرٜيٰشِ کࣸوکࣸوعَدِيمِي
تَکَࢽْ سَاکٜي مِرْياإدَࢽْ تَاغَ کࣸرْطِي  تَثٜي عِةَ إکَّکْواْ تَکٜي کࣸواْ مࣸکࣸرْطِي,تَکَࢽْ سَاکٜيٰ مِرْيَادَࢽْ ࢽَاغَ کࣸرْطِي   تَثٜي عِةَ إککࣸوا تَکٜيْ کࣸوا مࣸکَرْطِي
بَاتَارَـٰـدَ يَايِ لَيْڢࣸکَابَا,بَاࢽَارٰٜدَيَايِ لَيْڢࣸکَابَا
دَذࣸوَکࣸغَي سَسَ کࣸودَکٜوْتَاڢَ کࣸࢽجِيَا ؞  کࣸيِوࣸتَيْمَکࣸوࢽَسْ کࣸࢽْبِ حَرْيَࢽْ مࣸحَمَّدَا,دَذࣸوَکࣸغَي سَسَ کࣸودَکࣸوْتَاوَ کࣸࢽْجِيَا ؞  کࣸيِوࣸتَيْکࣸوࢽَسْ کࣸࢽِبِ حَرِيَࢽْ مࣸحَمَّدَا
سࣸووࣸتَاکَࢽْڢَ ڧࣸوٰثٜيٰ تَبَّتْ حَڧِيڧََا,سࣸووࣸتَاکَࢽْڢَ ڧࣸوثٜيٰ تَبَّتْ حَڧِيڧَا
کَغَ اللهࣸ بَادَشَامَکِيْبَا,کَغَ سَلَّهْ بَادَشَامَکِيبَا
تَمت بحمدالله,تمت بحمدالله
أَࢽَاالصَّلَاةࣸ سࣸࢽَاۼيرَࢽْرࣸڢَى   رَاࢽَاتَڢࣸودࣸواْ بَاوَࢽْکِࢽْ عِدࣸواْ,أَࢽَالصَّلَاةࣸ سࣸࢽَاغِيرَࢽْرࣸڢَي  رَاࢽَاتَڢࣸودࣸواْبَاوَࢽْکِࢽْ عِدࣸواْ
حى يسيع بصير لايحارحة ؞ کمايليڡ به سبجانه ڢفل,حيى ببع بصي لاججارحة ؞ کايليڡ به سسبحانه ڢفل
بَسࣸ شَادَاطِ أَلَاخِرَابَا,بَسࣸ شَادَاطِ أَلَاخِرَابَا
مَکَرَࢽْتَابَيْىِ تَمْبْيَابَا,مَکَرَࢽْتَابَيْيِ تَمْبَيَابَا
ثٜيٰ دَمَيْزِࢽَابَࢽْذَرْدࣸوࢽِيَا   إِࢽْ يَاڧِ تࣸوبَا بَࢽْذَرْ لَاخِرَىٰ,ثٜيٰ دَمَيْرِࢽَابَࢽْدَرْدࣸوࢽِيَا  إِࢽْ ࢽَاڧِ تࣸوبَابَࢽْذَرْلَاخَرَيٰ
عَࢽْ ثٜي مَالَمِࢽْ دَبَايَا صَࢽَاعَ  ذَيْسَࢽْ ذࣸوثِيَايَکَوْثٜي شَرِع,عَࢽْ ثٜيٰ مَالَمِࢽْ دَبَايَاصَࢽَاعَ  ذَيْسَࢽْ ذࣸوثِيَايَکَوْثٜيٰ شَرِعَ
شِبَࢽْ غاڢَرَرْذࣸࢽࣸبِࢽْ دَࢽِيِّ شِبَاکَوْ   شِغَاوَغَّ ࢽِعْمَا دࣸࢽْ ڢِيَيّٜي مࣸحَمَّدَا,شِبَࢽْ غَاڢَرَࢽْ ذࣸࢽࣸبِࢽْ دَࢽِيْ شِبَاࢽِ کَوْ شِغَاوَغَ ࢽَغْدَادࣸࢽْ ڢِيَيّٜيٰ مࣸحَمَّدَا
ڢصل مالم,ڢصل مالم
تࣸوْاْکَࢽَاتَاشِ دَکَايَا   غَاشِ مَاأَࢽْبَرْکَ بَايَا,تࣸوْاْکَࢽَاتَاشِ دَکَايَا  غَاشِ مَاأَࢽْبَرْکَ بَايَا
وَبِالْمَحِيضِ وَسِرٍّحَدَّهࣸ ذَکَرࣸوا وَلَيْسَ مَࢽ الحڡ الاَنْبَاتَ ذَأَخَلَلِ,وَبَالمَجِيضِࢽ وسِ حَدَّه ذَکَرࣸوا وليرسَ مࢽ الڡ الابَات ذاجر
9,1
عَرَنࣽعࣽࢽْ ࡶَلْحِلاَڡࣸ کࣸڢٜمْبَادٜوَرَميࣸ ࡼلْجِمَآرِوٜٜرْلَفࣽلْ,عَرَنࣸعࣸࢽْ ࡼلْحِللَوࣸکࣽڢٜمْبَادٜوَرَمْىࣸ ࡼلْجِمَارِورْلفل
شِي يَثٜيٰ مَࢽِ أَيْ جَهَالَهْ    شِيدَا کَاڢِرْثِ غإِلَّهْ,شِي يَثٜيٰ مَࢽِ أَيْ جَهَالَهْ  شِيْدَکَاڢَرْثِ عَإِلَّهْ
مَاتَࢽْسَ دَڧَࢽْڧَࢽَادَبَبَّا,مَاتَࢽْسَ دَڧَࢽْڧَࢽَادَبَبَّا
غَࢽْ تَلِ غࢽْتَ ڢَلْ ڢَلاَ بَابࣸ عَيکِ  کࣸوکࣸو بَاکࣸسࣸو عَثٜي کࣸيْ صَࢽَاعَ,غَࢽْ تَلِ غَࢽْتَ ڢَلْ ڢَلَ بَاکࣸ عَيْکِ  کࣸوࣸکࣸوبَاکࣸسࣸوْعَثٜيٰ کࣸيْ صَࢽَاعࣸ
بَمࣸسَࢽْ ڢَرَضِي دَࢽَاڢِلَابَا,بَمࣸسَࢽْ ڢَرَضِي دَࢽَاڢِمَبَا
لَيِّࢽَةࣸࣸ عَڢِيڢَةࣸࣸ مࣸسْلِمْةࣸࣸ تَعِيࢽࣸ أّهْلَهَاعَلَى الْعَيْشِ,لَيِنَةࣸ عَڢِيڢَةࣸ مࣸسْلِمَةࣸ عَعِيرࣸ أَمْلَمَا عَلَى اَلْمَيْشِ
وَࢽْدَيَجٜيٰ يَاڧِࢽْسَ يَاغَࢽْتَ ظَاهِرََا ؞  بَأَݒࣸويَرْکࣸووَابَ بَرَادٜࢽْ مࣸحَمَّدَا,وَࢽْدَيَجِࢽْ يَاڧِࢽْسَ يَاغَࢽْتَ ظَاهِرَا ؞ بَرَّبࣸويٜࢽْ کࣸووَابَ جَرَادٜࢽْ مࣸحَࣸمَّدَا
ماس ايکو,مَاسࢽ ايکو
کࣸکَ کَامَ ذَࢽثٜي مَالࣸمَࢽْکࣸ مࣸࢽَاڢࣸکَيْ ؞  کࣸࢽْ بِيسࣸ سࣸࢽْ بَشٜکَ وࣸتَ ذَاکࣸ حَرْأّبَدَا,کࣸکَ کَامَ ذَࢽْثٜي مَالࣸمَࢽْکࣸ مࣸࢽَاڢࣸکَيْ ؞  کࣸࢽ ڢِيسࣸ سْࣸ بَثّکَ وࣸتَ ذَادࣸحَرْ ََدَا
اࢽا,إࢽ
يَاثِلَاتَ دَڧࣸࢽْ سَࢽِࢽْ مَحَرْبَا,يَاثِکَاتَ دَڧࣸࢽْ سَࢽِࢽْ مَحَرْبَا
مَيْ يَبَامَ مِجِࢽْتَ کَيْوْتَا    کࣸوْارِڧࣸواْ دࣸومِࢽْ ࢽَغَرْتَا,مَيْ مَبَامَ مِجِࢽْتَ کَيْوْتَا  کࣸوْارِڧࣸواْدࣸومِࢽْ ࢽَڧَرْتَا
اَلࢽَاشِر اَحْمَد التِجَّاࢽِي حَڢِڟَه اللَّه,اَلࢽَّاشِرࣸأَحْمَدࣸ التِّجَاࢽِي حَڢِظَهࣸ لَلَّهࣸ
مࣸࢽ ࢽࣸوࢽَ کَرَامَ سِيدِ بَرْددٜࢽْ مࣸحَمَّدࣸ ؞  کࣸوءَاکࣸطَيْتَ دَشِ دࣸࢽْ سࣸࢽْ مࣸحَمَّدَا,مࣸࢽْ ࢽࣸوࢽَ کَرَامَ سِبدِ بَرْدِࢽْ مࣸحَمَّدࣸ ؞  کࣸودَاکࣸطَيْتَ دَشِ دࣸࢽْ سࣸࢽْ مࣸحَمَّدَا
يَاݒَثٜيٰ هَرْذࣸوثِ تࣸࢽْدَ    بَاسَࢽِࢽْ کَلْمَرْشَهَادَا,يَابَثٜيٰ هَرْذࣸوبثِ تࣸࢽْدَ  بَاسَࢽِࢽْ کَلْمَࢽْ شَهَادَا
فَاعٜفِتٜ يِمْبٜ وَدَڢعࣸهَاعࣽوَتِّرَدِبِاليࣸمْنَا,فَاعٜفِتٜ يٜمْبِ وَدَڢْعࣸهَاعࣸوَتِرَدِبَلْبࣸمْࢽَا
کَتَࢽْغِࢽْ اَزࣸرْڢَاغَاشِغِڢّࣸوࢽَلࣸوءلࣸوء  وَطَࢽْسࣸ ࢽَکࣸوزِيࢽَارِيَا إِࢽْجِ اَحْمَدَا,کَتَࢽْڧِࢽْ أَزّࣸرْڢَاغَاشِغِڢࣸوࢽَلࣸوْلࣸوْ  وَطَࢽْسࣸ ࢽَکࣸوࢽِيࢽَارِيَاإِࢽْجِ أَحْمَدَا
أَذࣸبَاوࣸتَ بَادَتَمْبَيَابَا,أَذࣸبَاوࣸتَ بَادَتَمْبَيَابَا
16,1
بَسࣸ ڧَارَ غَࢽِࢽْ بَڧِࢽْ دࣸحࣸوبَا,بَسࣸ ڧَارَغَࢽِࢽْ بَڧِࢽْ دࣸحࣸوبَا
کَوْاْإِيَايٜيٰ کَاڢِرَيْࢽٜيٰ   تَوْسَسَامَسࣸ وَجِبِࢽٜيٰ,کَوْاْإِيَايٜيٰ کَاڢِرَيْࢽٜيٰ  تَوْسَسَامَسࣸ وَاجِبࢽٜيٰ
يَااِشـٰـࢽ ڟَرِࢽْ مࣸصِيْبَا  وَࢽْدَ بَيْسࣸوا مࣸصْطَڢَى بَا,يَاإِشٜيٰࢽِ ڟَرِࢽْ مࣸصِيبَا  وَࢽْدَيَيْسࣸواْ مࣸصَطَڢَي بَا
ڢذاک يکڢى ولکࢽ مࢽ يطيڡ له ؞ حتى يجانب سوءالفول والعمل,ڢذ اک يکڢى ولک مࢽ بطيڡ له ؞ حثى يجانب سو>الفول والعل
دَبࣸکَاتَرْذࣸوثِيَاࢽَا   بَاࢽِدَيࢽَ تَڢَکّࣸرِيࢽَا,دَبࣸکَاتَرْذࣸوثِيَاࢽَا بَاࢽِ دَيْࢽَ تَڢَکّࣸرِيࢽَا
وَࢽْسࣸ کࣸواْأَوࣸتَرْجَهِيمࣸ    کࣸواْوَࢽٜيٰ أَکَثٜيٰ أَرࣸومࣸ,وَࢽْسࣸ کࣸواْأَوࣸتَرْجَهِيمࣸ کࣸواْوَࢽٜيٰ أَکَثٜيٰ أَرࣸومࣸ
إِࢽْدَدࣸکْ تَبِ سَيْ أَدࣸواکَا إِࢽْدَيْ مࣸتࣸوَاتَسَوْکَا,إِࢽْدَدࣸکْ تَجِ سَيْ أَدࣸواْکَا  إِࢽْدَدَيْ مࣸتࣸوَاتَسَوْکَا
کࣸسَࢽْ ڢَ سَࢽِࢽْ ࢽَامࣸ کَطَࢽْ ࢽِڢَ کࣸࢽْجٜيَا ؞ سَيْدَيْ ڢَ ڧَمْࢽَرْ مَهْدِ جِيکَࢽْ مࣸحَمَّدَا,کࣸسَࢽْ ڢَسَࢽِࢽْ ࢽَامࣸ کَطَرْبْڢَ کࣸࢽْجِيَا ؞  سَيْدَيِ ࢽَاڧَمْࢽَ مَهْدِ جِيکَࢽْ مࣸحَمَّدَا
أَللَّهْ تَعَٰلَى مࣸࢽَارࣸوڧَࢽْکَ  کَکَرْݒِي رَࢽْمࣸواْأَتࣸرْبَ الࢽَّبِي,أَللهْ تَعَلَىٰ مࣸࢽَارࣸوڧَࢽْکَ  کَکَرْبِي رَࢽْهࣸوَاَأَتࣸرْبَ اَلࢽَّبِي
وَࢽْدَ يَࢽٜمِ سَرِغَغِرْمَاࢽَدࣸوࢽِيَا ؞  يَکَاشَاعَذَݒٜيٰ ࢽِسَ غَأَحْمَدَا,وَࢽْدَيَࢽْمِ سَرْعَڧِرْمَاࢽَدࣸوࢽِيَا ؞  يَکَاشَاحَذَابَ غࣸوبٜي ࢽَسَ غَأحَمَدَا
بَامَىْ ثࣸوتَرْغَبَابࣸوَابَا,بَامَيْ ثࣸوتَرْغَبَابࣸوَابَا
سࣸوڢَ يٜࢽْ وࣸتَاسَيْ سࣸذَاݒِي    وَيْ أَبَرْمَسࣸواْ تَکَرْݒِي,سࣸوڢَ يَࢽْ وࣸتَ سَيْ سࣸذَابِي  وَيْ أَبَرْتَ مَهࣸواْ تَکَرْبِي
شِي کࣸوَسَأَࢽَّࢽْ يَإسَ عِشْرِيࢽَ دَوَسࣸ بِيَرْ ؞ مَهْدِي شَرِٜيڢِ اَللَّهِ بَرْدٜيْ مࣸحَمَّدَا,شِي کࣸوَسَأَࢽَيْ بَاسَ مِشِرِيࢽَدَوَسࣸ لِيَرْ؞  مَهَدِي شَرِيهِ ِللّهِ بَرْدِرْ مࣸحَمَّدَا
أَجِدَّدَ طَاأَلْکَوْثَرَادࣸࢽْ أَشَارࣸوَا   ڢَتَبْکِࢽْ ڢِيَيّٜيٰ أَلࢽَّبِࢽْمࣸ مࣸحَمَّدَا,أَجࣸدَّدَطَاأَلْکَوْتَرَادࣸࢽْ أَشَّارࣸوَا  ڢَتَبْکِرْڢِيَيّٜيٰ أَلࢽَّࢽْمࣸ مࣸحَمَّا
دࣸوْلٜيٰ ࢽٜيٰ سࣸبِ هَࢽْکَلِࢽْسࣸ     إِࢽْدَيَايِي کِرَاسࣸأَمْسَا,دࣸوْلٜيٰ ࢽٜيٰ سࣸبِ هَࢽْکَلِࢽْسَ إِࢽْدَيَايِي کِرَاسࣸأَمْسَا
إِذَࢽْ ذَاکࣸوࣸوتَڢِيَاکَبَرْيِࢽْتَ کَيْ کَطَيْ ؞  ڧَرَمْثِࢽَةَ دَيْ کࣸوࣸاکࣸ ِࢽجِ مࣸحَمَّدَا,إِذَࢽْ ذَاکࣸوࣸوتَڢِيَاکࣸبَرْيِࢽْتَ کَيْ کَطَيْ ؞ڧَرَمْثِࢽةَ دَيْ کࣸواࣸکࣸ إِࢽْجِ مࣸحَمَّدَا
20,1
إِࢽْ يَسَامࣸواْ کࣸوْاْ کَطَࢽْࢽَا    بَاشِيِࢽْ کَيْوْتَاسࣸرَيْࢽَا,إِࢽْ يَسَامࣸوْاْکࣸوْاْکَطَࢽْࢽَا  بَاشِيِࢽْ کَيْوْتَاسࣸرَيْࢽَا
وࣸتَاڢَکَسَاتَرْماسࣸ سَاتَاأَࢽَاڟَيٜيٰ   کَذاڢَدَمَيْڧࣸوٰثٜيٰ تَڧࣸوتَيْ غَأحْمَدَا,وࣸتَاڢَکَسَاتَرَمَاسࣸ سَاتَاأَࢽَاڟَيٰ  کَذَاڢَدَمَيْڧࣸوثٜيٰ تَغࣸوتَيْ غَأحْمَدَا
تَڡࣸ ڢࣽوْسِبٜ مࣸرْتࣸ وَطَالِ تَنَا طࣸيْتَالِ کَبَوْفَلْ ذَاتِ فٜلٜى,تَوࣸسِبٜمࣸرْتࣸ وَطَالِتَࢽَاطࣸيْتَالِ کَبَوْفَلْعَتِ فٜلٜى
دباب مࣸتࣸوا تتب مࢽا ذمࢽي سرمدا   تتب کو ثکࢽ شاوادساروادکا ثکِ,دباب متواࢽتب مࢽاذمࢽي مرمدا  تتب کوثکࢽ شاوادساروادکا
ࢽٜيٰمِ ࢳَرْأَصَلِي غَدَࢽْغِ   إِࢽْکَ أَوْرَتَ بَࢽْدَذَاغِي,ࢽٰٜمِ ࢳَرْأَصَلِي غَدَࢽْغِ  إِࢽْکَ أَوْرَتَ بَࢽْدَذَاغِي
إِࢽْ سࣸکَيْ مَسَ دࣸࢽْ جَڢَاءِ    بَادَطٜيٰ ࢽٜيمَࢽْ دَوَاءِ,إِࢽْ سࣸکَيْ مَسَ دࣸࢽْ جَڢَادِ  بَادَطٜيٰ ࢽٜيٰمَࢽْ دَوَاءِ
سَيْ تَکࣸوسْ يَايَٜࢽ ثِکِࢽْتَا  طَࢽْ سَشِࢽْ هِجِرَا مࣸکَيْتا,سَي ࢽَکࣸوسْ مَايَࢽْ ثِکِࢽْتَا  طَࢽْ سَشِࢽْ مِجِرَامࣸکَيْتَا
مسا,م
يَاکَشٜي تࣸرْکَاوَاڢَ مَهْدِيّࣸ مࣸࢽْتَظَرْ ؞  دَيَرْدَࢽْ رَسࣸولَ اَللَّهِ کَاکَࢽْسَ أَحْمَدَا,يَاکَشَࢽْ ࢽࣸرْکَاوَاڢَ مَهْدِيࣸ مࣸتَظَرْ؞ دَيَرْدَࢽْ رَسࣸوࢽَ اللَّهِ کَاکَࢽْسَ أَحَمَّدَا
ࣸوْبِ دَيْ غَسَرَا کࣸࢽَࢽْمࣸ وَࢽْدَسࣸࢽْکَ رِِڧى ڧَسَرْمࣸ,دࣸوبِ دَيْ غَسَرَاکࣸࢽَࢽْمࣸ  وَࢽْدَسࣸࢽْکَ رِڧٜيٰ ڧَسَرْمࣸ
١٩٧٣1973,١٣م
دميثٜي واءبس شࢽا دکوو کبر ڢسي کساش ثکࢽ ࢽصارا,دميثي وابس شࢽادکوو  کبرڢسࢽ کساش ثکࢽ ࢽصارا
بَرِرَغٜيٰوَاکَبَرْسَارَࢽْغَبَا   کَاجِ دِلاَلِي تࣸࢽَالَاخِرَا,بَرِوَغࣸࢽࣸوَاکَبَرْسَارَࢽْغَبَا  کَاجِ دِلاَلِي تࣸࢽَالَاخِرَا
عٜڢٜوْتࣸدٜࡹِلَىٰ ࡻلْڢِنْلَةِڢَادٜىٰ عٜفِبْلِ وَالنِّيَّةࣸ,جٜڢٜوْتࣸدٜ ࡹِلى ࡻلفِنْلَهْڢَادٜىٰ عٜفِبْلْوَالنّيَّةْ
حارت عفول الورى ط اوفدعجن ت ؞ وکلماعࢽ جلال الله ڢى عفل,حارت عفول الولڡ طراوفدعىت ؞ وکلماعࢽ جلال الله ڢى عفل
بَࢽْ مَࢽْثٜىٰ أبِࢽْدَيَاڢَطِبَا,بَࢽْ مَࢽْثٜيٰ أَبِࢽْدَيَاڢَطِيبَا
وَࢽْدَطَاࢽَسَ کࣸوْاأࣸبَࢽْسَ    يَامَثٜىٰ کࣸواْکࣸواْأࣸوَرْسَ,وَࢽْدَطَاࢽَسَ کࣸوْاْأࣸبَࢽْسَ  يَامَثٜيٰ کࣸواْکࣸوْاْأࣸوَرْسَ
وَاکَثٜىٰ دَࢽْغِدَࢽْسَ ࢽٜىٰ شِي    کࣸوْاْيَثٜىٰ سࣸرِکِࢽْسَ ࢽٜىْ شِى,وَاکَثٜيٰ دَࢽْڧِࢽْسَ ࢽٜيٰ شِي  کࣸوْاْيَثٜيٰ سࣸرࣸکِࢽْسَ ࢽٜيٰ شِي
مربوثي,س
سرکي سࢽڢتو سࢽبر غرࢽس    بلي مورود کࢽ ک کذ ࢽصارا,سرکي سࢽڢتوسࢽبرغرࢽس بلي مورود کࢽ ک کذ ࢽصارا
إࢽدَيْ أکࣸو.يْ ثࣸوتَاأَکَلّࣸوࢽْ کَاجِيَا    کَيْدَيْ کَذَوْࢽَا لاَڢِيَادَمࣸتَاࢽٜيٰ,إِࢽْدَيْ أَکࣸويْ ثࣸوتَاأَکَلّࣸوࢽْ کَاجِبَا  کَيْدَسْ کَذَوْࢽَالَاڢِيَادَمࣸتَاࢽٜيٰ
ࢽِجٜيرِيَا,ࢽِجٜيٰرِبَا
دࣸࢽْ وَدَاأَڧِسࣸࢽْ ذࣸمࣸࢽْثِ    سࣸوکَ سَࢽْيَ ذَمَايَبَاثِ,دࣸࢽْ وَدَاأَڧِسࣸࢽْ ذࣸمࣸࢽْثِ  سࣸوکَ سَࢽْيَ ذَمَايَبَاثِ
ࢽَيْ أَڧࣸࢽْسَرٜيٰ بَاشِ حَرْکَا   سَيْ يَثٜيٰ بَايِࢽْغَ ࢽَاکَا,ࢽَيْ أَڧࣸࢽْسَرٜيٰ بَاشِ حَرْکَا  سَيْ يَثٜيٰ بَايِࢽْغَ ࢽَاکَا
11,1
کَرْشِڢَاطَ بَڧَࢽْ ظَلاَمَا  مَيْ هَࢽَاشِ رَبࣸواڧِيَامَا,کَࢽْ شِڢَاطَ بَڧِࢽْ ڟَلَامَا  مَيْ حَࢽَاشِ رَبࣸواْڧِيَامَا
کَرْکَسࣸواْ بِدْعَاتَزَمْࢽَا   ذࣸوثِيَرْکَ بَلٜيٰ حِيَاࢽَا,کَرْکَسࣸواْبِدْعَاتَزَمْࢽَا  ذࣸوثِيَرْکَ بَلٜيٰ حِيَاࢽَا
تࣸواْدَرَوَسَاسَࢽْ جَوَابِي   وَࢽْدَکٜيٰ هَکَ رَࢽْ حِسَابِ,تࣸوْاْدَرَوْسَاسَࢽْ جَوَابِى وَࢽْدَکٜيٰ مَکَ رَࢽْ حِسَابِ
يَاحَيٜيٰ مَاتࣸواْ دَبَابࣸرْ   کࣸوْاْوَࢽٜيٰ عࣸوْاْڢِسْ أّتٜيٰبࣸرْ,يَاحَيٜيٰ مَاتࣸوْاْدَبَابࣸرْ  کࣸوْاْوَࢽٜيٰ عࣸوْلْڢِسْ أَثٜيٰبࣸرْ
11,1
کࢽْ,کࢽ
إِࢽْ مَّغَࢽَرْ مَثٜيٰ تَيِ يَوَکَجِ    تࣸࢽدَغَ ࢽٜيٰسَ کَࢽَاجِࢽْ کَࢽَتَا,إِࢽْ مَّغَࢽَرْمَثٜيٰ تَايْ يَوَاکَجِ  تࣸࢽْدَغَ ࢽٜيٰسَ کَࢽَاجِࢽْ کَࢽْتَا
غَمَاڢَ طَرِٜيڧࣸوڧِ طَرِِي عࣸکࣸ أَࢽْکࣸوو ؞  دَغࣸومَ دَوَسࣸ أࣸکࣸ کࣸسَوْرَارِ ڢَاءِدَا,غَمَاڢَ طَرِيڧࣸوغِ طَرِي عࣸکࣸ أَࢽْکَوࣸو ؞  دَغࣸومَ دَوَسࣸ أࣸکࣸ کࣸسَوْرَارِڢَاءِدَا
کࣸڟَرٜيٰڢَ مَاتَࢽْکࣸ دَيَايَاسࣸبَرْ ڢِتَا ؞  شِيمَاحَدِيشِ ࢽٜيٰ صَحِيحِ غَأَحْمَدَا,کࣸطَرٜيٰڢَ مَاتَࢽْکࣸ دَيَايَاسࣸبَرْڢِتَا ؞  شِيمَاحَدِيشِ ࢽٜيٰ صَحِييِ غَأَحْمَدَا
سࣸࢽْ جَوَابِ وَࢽْدَکوࣸاْ يَيْ   کَتَرِي دَبَتࣸࢽْمࣸ دَيْدَيْ,سࣸࢽْ جَوَابِ وَࢽْدَکࣸوْاْيَيْ  کَتَرِي دَبَتࣸࢽْمࣸ دَيْدَيْ
18,1
والمعجزات مࢽ المولى تايدهم ؞ مهى اتى الوحى بالتبليغ,والمعجر ات م المولى ناڢدهم ؞ مهى اتى الوحى بالتبليغ للر مل
أَيْثِکࣸواْبِسَ تَوْسَيِࢽْسَ   کࣸواْ وَࢽٜيٰ أَوࣸرِࢽْ کِࢽِࢽْسَ,يَْثِکࣸواْبِسَ تَوْسَيِࢽْسَ کࣸوْاْوَࢽٜيٰ أَوࣸرِࢽْ کِࢽِࢽْسَ
يَابَاشِي لَابَارࣸودَبَاسࣸ غَأَوْلِيَا؞ دَبَاسࣸ غَمَالࣸمَاࢽَسࣸࢽَّࢽْ مࣸحَمَّدَا,يَابَاشِي لَابَارࣸودَبَاسࣸ غَأَوْکِيَا ؞  دَبَاسࣸ غَمَالࣸمَّاࢽَسࣸࢽْرْمࣸحَمَّدَا
ڢى ؤيت الله بالابصارثابتة ؞ دليلهامحکم الفرءاࢽ ڢيه تل,ڢ ويت الله بالاء صارثابتة ؞ دليلصامحک الفرءاࢽ ڢيه تل
يود>ويٜکمل,بودويک
وجوب نصب الا مالم العدل نثبته ؞ بالشرع لاالعفل بانڢذفدر معتىٰ,وجوب نصب الامام العدل ثبته ؞ بالش ع لالعفل ڢانذفول معتل
بࣸوطࣸوَرْمْڢِتَاغَتَرْکࣸواْ    دࣸࢽْ تَڢَرْکِ بَاکَدَرْکࣸواْ,بࣸوطࣸوَرْمَڢِتَاغَتَرْکࣸواْ  دࣸࢽْ تَڢَرْکِ بَاکَدَرْکࣸواْ
کࣸمْ وَادَڧَࢽِي بَأَيْ هَࢽِيبَا,کࣸمَ وَادَڧَࢽِي بَأَيْ هَࢽِيبَا
ݣٜولَدَبِࢽْ مَّثٜيٰ تَيْ وَمِجِࢽْتَا   إِࢽْ تَويِي مَشِ تَاکشٜ کَࢽْتَا,کࣸوْلَدَبِࢽْ مَّثٜيٰ تَيّْ وَمِجِࢽْتَا   إِࢽْ تَويِي مَشِ تَاکَشِࢽْ کَࢽْتَا
کَاغَاڧَارَاسَيْدࣸوکِيَا    إِࢽْ بَاکَاکࣸرْطِي کَيْکٜيٰ کࣸسکࣸرٜيٰ,کَغَاڧَارَاسَيْ مَيْدࣸوکِبَا  إِࢽْ بَاکَاکࣸرَطِي کَيْکٜيٰ کࣸسْکࣸرٜيٰ
بَسࣸ تَوࢽَ أَبِࢽْدَاسَࢽْ حَطٜيٰبَا,بَسࣸس تَوْࢽَ أَبِࢽْدَࢽمَࢽْ حَطٜيٰبَا
يَاَإِلِهِ اِلْعَرْشِ بَاࢽِ   هَࢽْکَلِي دَيَوَࢽْ بَيَاࢽِي,يَلَاللَهِ اِلْعَرْشِ بَاࢽِ  هَࢽْکَلِي دَيَوَࢽْ بَ يَاࢽِي
ڢال بليت بذنب بعد صحتحا ؞ لم تنتفض لک لک تب لمغتبر,ڢاࢽ بليت بذ نبه بعدحتا ؞ لم تتتفلض لک لک تب لمفتل
بَاطَابࣸويٜيٰڢَ دࣸوکِيَابَابࣸ شَکِّي    أيْتَيَاڧِي أَکَيْتَ دࣸࢽْ عِࢽْدَ سَرْکِي,بَاطَبࣸويٜيٰعَ دࣸوکِيَابَابࣸ شَکِّي  أَيْتَيَاڧِي أَکَيْتَ دࣸࢽْ عِࢽْدَسَرْکِي
سࣸکَذࣸودَيَاڧِ وَࢽْدَبَابࣸ کَمَاتَسَ ؞  سࣸوࢽَࢽْسَ يَاڧِࢽْ جَرْدَاأࣸمَّ اّّلْمࣸحَمَّدَا,سࣸکَذࣸودَيَاڧِ وَࢽْدَبَابࣸ کَمَاتَسَ ؞  سࣸوࢽَࢽْسَ بَاڧِࢽْ جَرْدَاَأࣸمَّ المࣸمَّدَا
سࣸࢽَاکَرَاتࣸواثِکِࢽْ حَدِيثَيْ  دَشِيدَ مَالَمْ بَاوَابَزْࢽْڢَرٜيٰ,سࣸࢽَاکَرَاتࣸوَاثِکِࢽْ حَدِيْتَيْ  دَشِيدَمَالَمْ بَاوَابَرَࢽْڢَرٜيٰ
11,1
رࣸوَࢽْ شَࢽْ تَمَا سَيْ تَکَࢽْ سَا زࣸمَا,رࣸوَࢽْ شَࢽْ تَمَاسَࢽْ تَکَࢽْ سَارْمَا
وحڢظ نڢس ومال معها ذسب ؞ وحڢظعڢل وعرض غيرمبنتدل,وحڢط نڢس ومال معماذب ؞ وحڢط عفل وعر ض غي مبتدل
ࢽَجَسَاکٜيٰ ڟَڟَّکِࢽْکَ    مٜيٰ يَڧَرْڢَڢَ تَاڧَمَرْکَ,ࢽَجَسَاکٜيٰ ڟَڟَکِࢽْکَ مٜييٰ يَڧَرْڢَڢَتَاڧَمَرْکَ
مَدࣸوبِي دَهࣸودَ کَمَرْ زَاةَ کࣸوَلِّي  تَکَࢽْ کࣸلْلِّيَا تَڢِتࣸواْ دَࢽْدَلِي,حَدࣸومِي دَهࣸودَکَمَرَرَاةَ کࣸولِّ  تَکَࢽْ کࣸلشِيَاتَڢِتࣸواْدَࢽْدَلِي
جَمَعَ تَتَارٜࣸواْ تَرَم؞تࣸمْ َيْ غَبَسْ   سࣸࢽَامَثٜيٰوَا دَيࣸࢽْوَاغَاڧِشِي,جَمَعَ تَتَارࣸواْتَرمْتࣸمَ تَيْ غَبَسْ  سࣸࢽَامَثٜيٰوَادَبࣸࢽْوَاغَاڧِشِي
تَادَطٜيٰ دَسکَاکَ جِرغِي    وَࢽْدَذَاکَ حَطَرْمَ کࣸوْاغِي,تَادَطٜيٰ دَسَکَاکَ جِرْغِي  وَࢽْدَذَاکَ حَطَرْمَ کࣸوْاْغِي
سَىْ سࣸثٜىٰ کࣸوکَࢽْغَ ࢽَامࣸ    کَاڢِرَىْ سࣸکَ أَيْبَتَامࣸ,سَيْ سࣸثٜيٰ کࣸوکَࢽْغَ ࢽَامࣸ  کَاڢِرَيْ سࣸکَ أَيْبَتَامࣸ
عَنْدࣸ ࡶَࢽَّ سَيِّدِنَا نࣽکࣽوحࣸومٜيطٜࢽْ مࣸحَمَّدٍکࣽمࣸحَمَّدࣸ,عَنْدࣸ ࡶَرَّسَيّدِنَانࣸکࣸوحࣸومٜيطٜࢽْ مࣸحَمَّدِ کࣸمࣸحَمَّدࣸ
اذالارادة غيرالامࢽ لاعجب لله سبحانه حکم بلاعلل,اذالا رادة غير الامࢽ لاعجب لله سبحانه حظم بلاعلل
دࣸوْبِ مَࢽْيَࢽْ مَزَاجى مَاسࣸ شَࢽْ کࣸواْڟࣸواْدَجَوجى,دࣸوْبِ دَيْ مَࢽْيَࢽْ مَزَاجٜي  مَاسࣸ شَࢽْ کࣸواْڟࣸواْدَجَوْکٜيٰ
تَتْتَلِࢽْسࣸ سࣸکَامَ طَاکِ   غَاڢِتِلَّاتىْ سِتَاتِى,تَࢽْتَلِࢽْسࣸ سࣸکَامَ طَاکِ  غَاڢِتِلّاتَىْ سِتَاثِي
سَىْ أَبࣸوطٜىٰ وࣸتَاسࣸغَࢽْشِ    ࢽَࢽْڢَ سࣸىْ ڧَارَاغَرٜىٰشِ,سَيْ أَبࣸوطٜيٰ وࣸتَاسࣸڧَࢽْشِ ࢽَࢽْڢَ سࣸيْ ڧَارَاغَرٰٜشِ
ان لا,1
أللَّهࣸمَّ أَحْڢِظْࢽَا مِࢽْ بࣸغضِ الظَالِمِيࢽْ,اَلَهࣸمَ اَْڢِظَࢽَامِࢽ غَِمْ ا سَلِيࢽَ
سَوْرَيِ کࣸواْکࣸوْابࣸدࣸروَا    طَىْ شِکَىْ بَرْکَࢽْ دَکٰٜوَا,سَيْ رَيِ کࣸواْکࣸوْاْبࣸدࣸوَا طَيْ شِکَࢽْ بَرْکَيْ دَکٜيٰوَا
تَمْکَرْبَيْ سَابَ کَࢽْغّرَابَا,تَمْکَرْبَىْ سَابَ کَࢽْغَرَابَا
مَيْ حَلِࢽْسَ کࣸسَࢽْڢَ بَيْ ڧَارَکࣸومِي   اَلࢽَّمِيمِي دَکٜيٰ رَبَاوَرْمࣸسࣸلْمِي,مَيْ حَلِࢽَّࢽْ کࣸسَࢽْڢَ بَيْ ڧَارَکࣸومِي   اَلࢽَّمِيمِي دَکٜيٰ رَبَاوَرْمࣸسࣸلْمِ
يَࢽْڧودَغࣸواْڢَاکࣸبَرْسَࢽْذࣸوثِيَا   کࣸطِࢽْ أَبِࢽْثِي ثِکِࢽْ لَادَا يکٜيٰ,يَࢽْڧَادَغࣸواْڢَاکࣸبَرْمَࢽْذࣸوثِيَا  کࣸطِࢽْ أَبِࢽْثِي ثِکِࢽْ لَّادَيَکٜيٰ
سࣸکَ کَرْݒِ ذَࢽْثٜࢽْ مَالࣸمَࢽْ سࣸ مَاسࣸ ؞  غَرْدَمَا دَإِيکࣸࢽْ کَ اَلرَّحْمَٰࢽࣸ مڧِيسَࢽْ أَحْمَدَا,سࣸکَ کَرْبِ ذَࢽْثِ مَالࣸدَࢽْ سࣸ مَاسࣸ ؞  غَرْدَمَادَإِيکࣸࢽْ کَاَلرَحْمَࢽْ مَڧِيسَ أَحْمَدَا
کَغَ کَلّمَا يَا تَغَرْدَمَابَا,کَغَ کَلْمَايَاتَغَرْسََبَا
يَوَࢽْثِࢽْْسࣸ سࣸࢽْ کَڧِيَامَ أَمْسَ کِرَاࢽَسَ ؞ إِِبْلِيَسْ يَارࣸوطٜسࣸ مڧِيَّࢽْ مࣸحَمَّدَا,يَوَࢽْثِࢽْسࣸ سࣸࢽْ کَڧِيَامَ أَمْسَ کِرَأَࢽَسَ ؞ إِࢽْلِسَ يَارࣸوطٜسࣸ مَڧِيَرْ مࣸحمَّدَا
دࣸࢽْ مࣸࢽَاسࣸࢽْ أَرْزِڧِࢽْکࣸ    مࣸࢽْکَ طَوْکِ طَوَيْࢽِيَرْکࣸ,دࣸࢽْ مࣸࢽَاسࣸࢽْ أَرْزِڧِࢽْکࣸ  مࣸࢽْکَ طَوْکِ طَوَيْࢽِيَرْکࣸ
مکوت ڢصلاواجبيتاغرىم دک   ذماات اکردک عبادغامحمدا,مࣸکٜيٰوْتَ ڢَصَلَّاوَاجِيِيتَاغَرٜيٰمࣸ دࣸکْ ذَمَاإِتَ أَکَࢽْ دࣸکْ عِبَادَاغَأحْمَدَا
بَابࣸ مَيْغِرْمَاسَيْ ڢَاسِڧِي    سَيْ شَڧِيْ شِکٜيٰ وَالَدَبࣸ,بَابࣸ مَيْغِرْمَاسَيْ ڢَاسِڧِي  سَيْ شَڧِيْ شِيکٜيٰ وَلَدَبِ
إِࢽْ يَکَرْيٜيٰ سَيْکࣸ رࣸوشٜيٰ   ذࣸوثِيَاثٜيٰ إِࢽْ تَبࣸوشٜيٰ,إِࢽْ يَکَرْيٜيٰ سَيْکࣸ رࣸوشٜيٰ  ذࣸوثِيَاثٜيٰ دِࢽْ تَبࣸوشٜيٰ
دࢽ کو س کشٜم مسࢽ شهادا    مذوالجࢽ سيࢽعشي مغارا,دࢽ کوس کشم مسࢽ شعاد  مذوالجࢽ سيمعشي مڧارا
6,6
بَشِکَࢽْ کَيْوتَاشِࢽَاڢَرِيبَا,بَثِکَࢽْ کَيْوْࢽَاشِࢽَابَرِيبَا
مَاتَاکࣸکٜوْتَ مَذَࢽْکࣸ دࣸࢽْ اَللَّهࣸ کࣸࢽْجِيَا؞ کࣸبيسࣸ کࣸࢽَࢽْ يَرْ دَࢽْ دَرْسࣸ إِࢽْجِ مࣸحَمَّدَا,مَاتَاکࣸکٜوْتَ مَذَࢽْکࣸ دࣸࢽْ اَللَّهࣸ کࣸࢽْجِيَا ؞  کࣸيِسࣸ کࣸࢽَࢽْ يَࢽْ دَرْسࣸ إِࢽْجِ مࣸحَمَّدَا
دࣸࢽْ رَࢽْ کࣸوْاْوَࢽْسࣸ بَيْࢽَڟَابَا,دࣸࢽْ رَࢽْ کࣸوْاْوَࢽْسࣸ بَيْࢽَڟَابَا
إِِࢽْبَارࣸمَࢽْکَ دَسࣸو سࣸذَمَّکَ بِࢽْثِکٜيٰ   وَيْکَيْ شَکِيِّࢽٜيٰ غَرٜيٰسࣸ مࣸتَاࢽٜيٰ,إِࢽْبَارࣸوَࢽْکَ دَسࣸوسࣸذَمَّکَ بِࢽْثِکٜيٰ وَيْکَيْ شَکِيࢽٜيٰ غَرٜيٰسࣸ مࣸتَاࢽٜيٰ
تࣸوْإدَࢽْ أکَ تَمبَيٰٜکَ     وَࢽْدَيَىْ وَاڧَايَبَاکَ,تࣸواْإِدَࢽْ أَکَ تَمْبَيٜيٰکَ  وَࢽْدَيَيْ وَاڧَايَبَاطَا
بَرْتَ بَبَّاهَرْغَيَارࣸوْ      جِࢽْجِرِى بَيْسَࢽْ دَهࣸورࣸوࢽْ,بَرْتَ بَبَّهَرْغَيَارࣸوْجِࢽْجِرِي بَيْسَࢽْ دَهࣸورࣸورْ
دࣸکْ دَحَکَ إِࢽْ بَسࣸ غَجِبَاذَاثٜيٰ دَࢽِي إِࢽْ شَاءَاللَّهࣸ تَعَلَى,دࣸکْ دَحَکَ إِࢽْ بَسࣸ غَجِبَاذَاسࣸ دَاثٜيٰ دَࢽِيِ إِࢽْ شَاءَاللّهࣸ تَعَلى
رءاڢسا,امغࢽ
ا>صڢة,ام
ذَمَاکَاڢِرَاوَاکَيَلرْدَادَمَابَا    سࣸࢽَابَاتَ اَمبَرٜى سࣸࢽَايِࢽْ زِࢽَا,ذَمَاکَاڢِرَاوَاکَيَڧَرْدَادࣸمَابࣸو   سࣸࢽَابَاتَ أَمْرِي سࣸࢽَيٜࢽ زِࢽ
الࢽَّمِيمَيْ مَاسࣸو يوَࢽْ دَرَا وࣸتَا لَظَيٰ ࢽَاࢽَاتاڧَاغَرَا,اَࢽَّمِيمَيْ مَاسࣸويَوَࢽْ دَرَا  وࣸتَالَڟَيٰ ࢽَاࢽَاتَاڧَاغَرَا
ڢصل نا جوازنى والعاداتکࢽ امة لنا ولياء السادات,ڢشصل جوازض ج العادات کى امت للا ولبا الساداتل
ڢذاک کالعيࢽ لاتشغى تناظ ه ؞ دع الحمير على امثالهاتصل,ڢذ اک کالعي لا نشعى تتاطه ؞ دع الحج عى امالماتل
بربامرالدࢽيا,ا
أَذࣸبَامَتَ بَادَتَاڧِيَابَا,أَذࣸبَامَتَ بَادَتَاڧِيَابَا
سࣸذࣸوسࣸ غَءادࣸمࣸ حَرْسࣸذࣸوسࣸ غَࢽࣸوحࣸ دࣸکْ   شِثٜيٰمࣸسࣸ يَوْسَيْ اَلࢽَّبِمّࣸ مࣸحَمَّدَا,سࣸذࣸوسࣸ غَࢽَادَمࣸ حَرْسࣸذࣸوسࣸ غَࢽࣸوحࣸدࣸکْ  شࣸثٜيٰمࣸسࣸ يَوْسَيْ اَلࢽَّبِمّࣸ مࣸحَمَّدَا
ثم الکلام,2ال
سࣸومَاتَاحَالِࢽْسࣸ مࣸغࣸࢽْتَا   سَيْ طَيْ طَيْ کٜيٰ بَاسࣸ دَڧٜيٰتَا,سࣸومَاتَاحَالِࢽْسࣸ مࣸغࣸࢽْتَا سَيْ طَيْ طَيْ کٜيٰ بَاسࣸ دَڧٜيٰتَا
تَمْبَيَاࢽَطَيَࢽْتَ اَللَّهْ   أََࢽْکَ شࣸوطٜيٰ سَيْ ࢽَصَلَّهْ,تَمْبَيَاࢽَطَيَࢽْتَ اَللَّهْ أَࢽْکَ شࣸوطٜيٰ سَيْ ࢽَصَلَّهْ
حَرْمِجِي يَتَهࣸوْايَلٜىٰ ڧَا    حَرْسࣸثٜىٰ سࣸࢽْ ڢَارَسَاڧَا,حَرْمِجِ يَتَهࣸواْيَلٜيٰ ڧَا  حَرْسࣸثٜيٰ سࣸࢽْ ڢَارَسَاڧَا
دَهِجِرَاتَکَࢽْ شَرَڢْ ڢَبَرْدٜࢽْ مࣸحَمَّدَا ؞  أَࢽَࢽْ أَکَمَسْ ثَڢْ تَڢَرْکࣸودَکٜيٰ ڢَطَا,دَصِبِرَالکَࢽْ شَرَوْڢَبَرْدٜࢽْ مࣸحَمَّدࣸ ؞ أَࢽَࢽْ أَکَمَسْسْ تَةَ ࢽَڢَرْکࣸودَکٜيٰ ڢَطَدَا
يࣸࢽڧࣸرِࢽَامࣸوڟَ ثِࢽْيَا    هَاکَذَامَارَادَبَايَا,يࣸࢽْڧࣸرِࢽَامࣸواْڟَ ثِࢽْيَا  هَاکَذَامَارَادَبَابَا
کَاتَࢽْبّيٜيٰࢽِ بَاࢽِ رࣸڢٜيٰ مَکَا   أّلْأَمࣸرَاىٰ ࢽَتَاشِࢽْ دࣸوࢽِيَا,کَاتَࢽَبَيٜيٰࢽِ بَاࢽِ رࣸڢٜيٰ مَکَا  أَلأمࣸرَىٰ ࢽَتَاشِࢽْ دࣸوࢽِيَا
أَبِࢽْ ثٜي أَبِࢽْ شَاکْبَرْتَيْمَکَاشِ   شِبَرْ سَاتَڢَاڢِࢽْکَ مَيْٜࢽ زِِࢽَا,بِبࢽْ ثٜي إࢽْ شَاکَبرتَيمَکَاشَ شِبَرْدَاتَڢَاڢٜࢽْکَ غٜيْ زِࢽَا
دَاَکَيْ وَعَظِي بَسࣸࢽْ کࣸلَابَا,دَاکَيْ وَعَظِي بَسࣸࢽْ کࣸلَابَا
بِسْمِ اَللَّهِ اِلرَّحْمَٰࢽِ اِلرَّحِيمِ وَصَلَّي عَلَي اَلࢽَّبِيِّ اِلࢽَّبِيِّ اِلْکَرِيمِ,بِسْمِ اللَّهَ الرَّحْمَࢽْ الرَّحِيمِ وَصَلَّى اللّهࣸ عََى اَلࢽَّبِيِّ اِلکَرِيمِ
فالواالتى ک لم يوجدلم تعش ؞ بالاختيارولکࢽ بالبلا ء بل,فالواالخ ک لم يوجدلم تعش ؞ بالاختيارولک بالبلاه بل
أَوَابَسࣸ لٜيٰڧَ دࣸوࢽِيَابَا,أَوَبَسࣸ ڢِࢽْوَ دࣸوَࢽِيَابَا
تَيْ أَࢽَکَرْکَرِٜيٰتَ تَبَّتْ حَڧِيڧََا,تَيْ أَࢽَکَرْکَرٜيٰتَ تَبَّتْ حَڧِيڧَا
ڢَࢽَاغࣸودَٜى ألله ࢽَى صَلَاةِدَسَلَّمَا    بِسَاغَ ڢِيَيَّٜ الرَّسࣸولࣸ مࣸحَمَّدَا,ڢَࢽَاغࣸودٜيٰ اَللّهْ ࢽَيْ صَلَاةِ دَسََّمَا   بِسَاغَ ڢِيَيّيٰ اَلرَّسࣸولࣸ مࣸحَمَّدا
أَبَرْطَوْکَ کَ مࣸرْيَاکࣸمَ دࣸࢽْ أَيِ دَارِيَا ؞  کࣸسَࢽْ ڢَ حَرَامࣸࢽْ ثٜي غَأمَّ الْمࣸحَمَّدَا,أَبَرْطَوْدَ عࣸرْيْدَکࣸمَ دࣸࢽْ أَيِ دَارِيَا ؞  کࣸسَࢽْ ڢَ حَرَامࣸࢽْثٜيٰ غَأَمَّ الْمࣸحَمَّدَا
کࣸوْاْدَابَيْکَيْ کࣸطِࢽْ کِڟࣸوبَا,کࣸوْاْدَابَيْکَيْ کࣸطِࢽْ کِڟࣸوبَا
بَاکوْا ڧࣸوࢽَاࢽَڧࣸرْمࣸسَابَا,بَاکࣸوْاْڧࣸوࢽَاࢽَڧࣸرْمࣸسَابَا
غَاوࣸتَاࢽَاذَاکࣸطَاحَرْ   بَاعَ تَاطِࢽْ لَاڢِيَاحَرْ,غَاوࣸتَاࢽَاذَاکࣸطَاحَرْ بَاعَ تَاطِࢽْ لَاڢِيَاحَرْ
بَعَذَاݒِي ذَمَادَلَاڢِيَابَا,بَعَذَابِي ذَمَادَلَاڢِيَابَا
ݣࣸيْ لَدَبِي مَاتَا کࣸکِيَايٜيٰ   أَوْضٜيٰ بَاءَغَمَاشِ دَبَوْتَا,کࣸيْ لَدَبِي مَاتَاکࣸکِيَايٜيٰ  أَوْضٜيٰ بَاءَغَمَاشِ دَبَوْتَا
بَامَيْ رِغِمَاأَدࣸوࢽِيَابَا,بَامَيْ رِغِمَاأَدࣸوࢽِيَابَا
کم فذدکرت وت الفرءاࢽ انت تࢽ ى ؞ کمکࢽ رالاى حتى ادت المثل,کم فذدکرت ون الفءل ات ت ل ؞ کم کررالا ى حثى زادت المثل
سَىْ أثٜىٰ عࣸرڢِࢽْ غِدَࢽْسࣸ   دَاکَذَاࢽٜىٰ ࢳَࢽْ أࣸوَࢽْسࣸ,سَيْ أَثٜيٰ عࣸرْڢِࢽْ غِدَࢽْسࣸ  دَاکَذَاࢽٜيٰ ࢳَࢽْأࣸوَࢽْسࣸ
بَيْجٜيٰ ڧَبَرِي دَکࣸواوࣸرِيبَا,بَيْجٰٜ ڧَبَرِي دَکࣸواْوࣸرِيبَا
کࣸوغَاتَاڢَاذَاکَࢽࣸوࢽَاوطَࢽکَ عَࢽْ ثٜي کَرْکَبَرْشِ بَايَا صَࢽَاعَ,کࣸوغَاتَاڢَاذَاکَࢽࣸوࢽَاوَطَࢽْکَ  عَࢽْثٜيٰ کَرْکَبَرْشِ بَايَاصَࢽَاعَا
سَادَمَيْ سࣸجَدَا غّغࣸمْکِي    کٜࣸوْاْشَرِيڢَابَابࣸ حَکِّي,سَادَمَيْ سࣸجَدَاغَغࣸمْکِي  کࣸوْاْشَرِيعَابَابࣸ حَکِي
23,1
دࣸࢽْسࣸ اَللَّهࣸ يَڢَّ بَايࣸوهࣸدَاتِي  دࣸکْ مࣸغࣸودٜيٰ عࣸبَࢽْغِجِ مࣸيِ صَلاَتِي,دࣸࢽْسࣸ اللَّهࣸ يَڢَّ بَايࣸوهࣸدَاتِي  دَکْ مࣸغࣸودٜي عࣸبَࢽْغِجِ مࣸي صَلاثِي
سࣸکِيَايِي ذࣸوَا بِکِࢽْ سَعَابَا,سࣸکِيَايِي ذࣸوَابِکِࢽْ سَعَابَا
سَادَيَٜࢽْ غِشِرِي دَيَٜࢽْ دَدَّوَا   إِࢽْ کࣸࢽْيِي الْغࣸشࣸواْللَّهْ يَاهَࢽَا,مَادَيَࢽْ غَشِرِي دَيَࢽْ دَدَوَا إࢽْ کࣸࢽْيِي الڧࣸشࣸواَللَهْ يَاهَࢽَا
يَࢽْذࣸلَالَاتَايَأڢْکࣸ    سَىْ أيَࢽْذࣸأذَامَࢽِࢽْکࣸ,يَࢽْذࣸلَالَاتَايَأَڢْکࣸ  سَيْ أَيَࢽْذࣸأَذَامَࢽِࢽْکࣸ
وفيل ليست بمعى لڢظا هرها ؞ مثل الذي مࢽ مࢽتاويل محتمل,وفل لست بمعى لڢط ظاعر ها ؞ مثل الذج م مࢽ تاويل مجل
حَرْکࣸکٜيٰ أَورٜيٰ دَإِدَّا   حَرَکࣸکٜيٰ ڢِتࣸوَادَڟَيْدَ,حَرْکࣸکٜيٰ أَوْرٜيٰ دَإِدَّا  حَرْکࣸکٜيٰ ڢِتࣸوَادَڟَيْدَا
شيخ سلماࢽ بر,شبلابب
شِي يَسَاࢽَتَڢࣸواْ ࢽَکَيْکَ   دࣸࢽْ کِيَادَأࣸوَرْسࣸغَࢽْکَ,شِي يَسَاࢽَتَڢࣸواْࢽَکَيْکَ  دࣸࢽْ طِيَادَأࣸوَرْسࣸغَࢽْکَ
وکل مࢽ فال با لتاثي نکڢره ء ؞ مࢽ ذ ي الطبيعة والنتجيم ذ ي,وکل م فال بالتاثي نکڢه ؞ مࢽ ذى الطييعة والتحي ذل
مَاسࣸ کٜيٰوْتَاغَدࣸوࢽَيَادࣸࢽْ أَسَࢽْسࣸ   بَابِ لاَدَأغَرٜيٰسَ دࣸࢽْ اَلࢽِّيَسّࣸ,مَاسࣸ کٰٜوْتَاغَدࣸوࢽِيَادࣸࢽْ أَسَࢽْسࣸ بَابࣸ لَادَاغَرٜيٰسَ دࣸࢽْ اَلࢽِّيَسࣸ
وَطَࢽدَکَسَوْرَارَمَ غࣸوغىٰ ࢽَدࣸوࢽِيا    بَسࣸࢽْ سَامِ سࣸوْرَارِࢽْس ثَاࢽَ دَِحْمَدَا,وَطَࢽْدَکَسَوْدَارَامَ غࣸوغٜيٰ ࢽَدࣸوࢽِيَا  بَسࣸࢽْ سَامِ سࣸوْرَارِࢽْسَ ثَاࢽَ دَأَحْمَدَا
کَتࣸࢽَابَاذَاسࣸ دَاوَيࣸوبَا,کَتࣸࢽَابَاذَاسࣸ دَاوَبࣸوبَا
والمعجر اتم الکل فدبلغواکل الذ>اى وا ؞ والکل فدعصواناالغدل والعمل,والمعجاخࢽ الکل فدبلغواکل الذ> اموا ؞ والکل فدعصوات الفدل والعل
تࣸوْاْمࣸسَࢽْ رَاࢽَرْڧِيَامَا    ࢽَاذࣸوَارَاࢽَرْ ࢽَدَامَا,تࣸوْاْمࣸسَࢽْ رَاࢽَرْڧِيَامَا ࢽَاذࣸوَارَاࢽَرْࢽَدَامَا
بَسࣸ سَامِ أبِࢽْدَسࣸࢽْ رِڧٜىٰبَا,بَسࣸ سَامِ أَبِࢽْدَسࣸࢽْ رِڧٜيٰبَا
12,1
ڢليس ڢيهاسوى معنى دلالتا على الکلام الذ> فدجل عن مثل,ڢليس ڢيصاسوى معى دلالنااد؞ على الکلام الذ> فدجل عࢽ ثل
1,2
دَدَاوَرَ غَوَا کَامࣸسࣸلْمي سَجِيتَا  سࣸبَرْسࣸ سࣸتَارَ دَمِي يِࢽْ زِࢽَا,دَدَاوَرَغࣸوَاکَامࣸسࣸمِي سࣸجِيتَا  سࣸبَرْسࣸ سࣸتَارَدَمِي يࢽْ زِࢽَ
وَاکَطَࢽْبَ ڧَسَاتَمࣸوڟَا    ميْ جِکِࢽْدَ يَزَمْ أَدَاڟَا,وَاکَطَࢽْبَ ڧَسَاتَمࣸوڟَا  مَيْ جِکِࢽْدَيَزَمْ أَدَاڟَا
مَالَمْ يَثٜيٰ دَڧَرَمْثِࢽْ مَّالࣸمَا    زَامَࢽِࢽْ غࣸرْݒَاتَرْ دࣸوࢽِيَا,مَالَمْ يَثٜيٰ دَڧَرَمْثِࢽ مَّالࣸمَا  زَامَࢽِࢽْ غࣸرْبَاتَرْدࣸوࢽِيبَا
أَيْ طَرِي عࣸکࣸ وَوْتَادࣸوࢽِيَا  کࣸووَأَبَاشِ تَلَاتِࢽْ ࢽِي ࢽَسَا,أَيْ طَرِي عࣸکࣸ وَوْࢽَادࣸوࢽِيَا  کࣸووَاأَبَاشِ تَلَࢽِࢽْ ࢽِي ࢽَسَا
ࢽَأࣸوَابَادَغࣸوْاْدِيَابَا,ࢽَذࣸوَابَادَغࣸوْاْدِيَابَا
شِرِڧٜىٰيࣸ دَتَوسَيِي ࢽٜيٰ   ثِي دَسࣸو کࣸمَ وَاجِبِي ࢽٜيٰ,شِرڧٜيٰسࣸ دَتَوْسَبِي ࢽٜيٰ ثِي دَسࣸوکࣸمَ وَاجِبِي ࢽٜيٰ
رَشِࢽْ زَکَىٰ ࢽࣸومَادَتَدࣸوکِيَا   إِࢽْجِِ مَالَمْ يَࢽَاسَاجَرَّبَا,رَشِࢽْ زَکٜيٰ ࢽࣸومَادَࢽَدࣸوکِيَا  إِࢽْجِ مَالَمْ يَࢽَاسَاجَرَّبَا
إدࢽ اللࢽ کاࢽڢ سيمذمࢽا   مࢽا روڧو کبات ࢽڢ ࢽصارا,إدࢽ اله کاࢽڢ سيمذمࢽا  مࢽاروڧوکبات ࢽڢ ࢽصارا
سَࢽْ وࣸثٜىٰ سَىْ أمْبَتࣸࢽْسࣸ سَىْ تࣸࢽَاࢽِࢽْ أرْزِکِࢽْسࣸ,سَࢽْ وࣸࢽٜيٰ سَيْ أَمْبَتَࢽْسࣸ  سَيْ تࣸࢽَاشِ أَرْزِکِࢽْسَ
1,1
سࣸوَاکࣸوْاطَىْ بَأىْ رَغِيبَا,سࣸوَاکࣸوْاْطَيْ بَأَيْ رَغِيبَا
َکَ سَامِ يَسࣸ أَمَلَّکَابَا,بَکَ سَامِ يَسࣸ أَمَلَّکَابَا
ࡹِلاَّبِشَرْتَيْرِکࣽهِنَاشَرْتِيجِ طِطِ عَدَمࣸ ࡼلْمَآءِ,ࡹِلاَّبِنَرْتَيْࢽِ کࣽصِࢽَاشَرْتِيجِ کِطِ عَدَمࣸ ࡼلْمَاءِ
إِࢽْ أࣸوَا کࣸوْاْأࣸبَࢽْکَ   کࣸوْمࣸغࣸࢽْتَرْ يٜࢽْ أࣸوَࢽْکَ,إِࢽْ أࣸوَاکࣸوْاکࣸوْاْأࣸبَࢽْکَ کࣸواْمࣸغࣸࢽْࢽَرْبَࢽْ أࣸوَࢽْکَ
شَهَٰدَةࣻکࣽشٜيدَادٜأَࢽَّ لَآࡹِللَهَ ࡹِلاَّࡻللَّهࣸ,شِْهَدَةࣸکࣽتٜنْيدَدٜࡶَرَّلَࡹِلکَهَࡹِلَّࡻَللَّهࣸ
بَسࣸ ذَاݒِي ذَمَاغِدَࢽْ مِجِيبَا,بَسࣸ ذَاݒِي ذَمَاغِدَࢽْ مِجِيبَا
ونطڡ عجماءبل نطڡ انجمادله ؞ ومࢽ هجيب وطيس الشمس ناظلل,ونطڡ عجاء بل نطڡ الجحادله ؞ وم هجي وطيس ااشسࢽ ن لل
غير الاولى حضهم بالحڢظ خالڢهم ؞ کالا نبناءومࢽ اهل الخصوم ول,غي الا ولى حضه بالمڢط خالفم ؞ کالا بنناءومࢽ الهل الخصوم ول
7,4
کࣸواْدَادَرَجَرْتَ ذَاشِ دࣸوبَا,کࣸواْدَادَرَجَرْتَ ذَاشِ دࣸوبَا
سَيْيَ تَارَحَلِي دَدَبَّا    بَاحَلِࢽْ دَبَّرْڧࣸوْرَيْبَا,سَيْيَ تَارَحَلِي دَدَبِتَا بَاحَلِࢽْ دَبَّرْڧࣸوْرَيْبَا
دَطَ بَيْ ثٜيٰکࣸ لَاخِرَابَا,دَطَ بَيْ ثٜيٰ ثٜيٰکࣸ لَاخِيَابَا
أوࣸرِࢽْکࣸ بَذَيْيِ ڢَاءِدَابَا,أَوࣸرِࢽْکࣸ بَذَيْيِ ڢَاءِدَابَا
10,1
عٜتاڢطيل بييجى کررله برنغل کوريکماط ڡول مايد طورتتا,غتاجطيل جييج کرر برࢽغل  کور يبکماة جوممايد عوࢽتتا
دَحَسکٜيٰ ࢽَأَࢽَّبِ يَاحَلِثِي بَلَارَبٜيٰ؞ مَهْدِي شَرِيڢِ اَللَّهِ جِيَکَيْ مࣸحَمَّدَا,دَحَسْکٜيٰ ࢽَأَࢽَّبِ يَاحَلِࢽِي بَلَارَبٜيٰ ؞ مَهْدِي شَرِيڢِ اَللَّهِ جِيکَࢽْ مࣸحَمَّدَا
مَىْ إِذࣸواْيَايَرْڢِتَرْسَا   أَرْبَعِࢽْ أڟَڟࣸࢽْ أࣸبَࢽْسَا,مَيْ إِذࣸواْيَايَࢽْ ڢِتَرْمَا  أَرْبَڢِࢽْ أَڟَڟࣸࢽْ أࣸبَࢽْهَا
مࢽاڢکي شکࢽ يوا غرٜي س    ودࢽ دککوت الأمرࢽ ࢽصارا,مࢽاڢکي شکࢽ يواغري س  ود دککوت الامرࢽ ࢽصارا
بَسࣸ کَيْ ࢳَاࢳَاغَمَالࣸمَابَا,بَسࣸ کَيْ ࢳَاࢳَاغَمَالࣸمَابَا
بࣸکَاتَرْةَ سَاڢّٜي دَيَيَّمَ أبَاةَ  کࣸوْوَّا يَطَوْکٜيوَ طَوکَ بࣸکاةَ,بࣸکَاتَرْةَ سَاڧٜيٰ دَبَيَّمَ أَبَاةَ کࣸوْوَّايَطَوْکٜيٰوَطَوکَ بࣸکࣸاةَ
شِييَيْ مَࢽَاحَدِيثِ مَّيْزِࢽَىٰ   يَبَاࢽِ ڟࣸورࣸواْيَابَࢽْ ڢِرْغِتَا,شِييَيْ مَࢽَاحَدِيثِ مَيْزِࢽَىٰ  يَبَاࢽِ ڟࣸورࣸواْيَابَࢽْ ڢِرْغَتَا
بَاأَوَࢽْکٜيٰوَاکࣸسَࢽْدَي   سࣸࢽْڢِ کࣸواْوَادࣸوࢽْ سَهِيدَيْ,بَاأَوَࢽْکٜيٰوَاکࣸسَࢽْدَيْ  سࣸࢽْڢِ کࣸوْاْوَادࣸوࢽْ شَهِيدَيْ
بَىْ رَبَاسࣸ دَمَاسࣸ شِرْکَا    دࣸکْمَڟَاڢِي دَيْࢽَ شَکَّا,بَيْ رَبَاسࣸ دَمَاسࣸ شِرْکَا  دࣸکْ مَڟَاڢِي دَيْࢽَ شِکَّا
کࣸوْاوَࢽٜىٰ ࢽَاڧَرْڧَشِࢽْکَا     جَلَّ يَىْ بَيْوَغَرٜىٰکَا,کࣸوْاْوَࢽٜيٰ ࢽَاڧَرْڧَشِࢽْکَا  بَلَّ يَيْ بَيْوَغَرٜيٰکَا
ڟمت بحمد لله,تتبحمده
12,1
تڢدس الى ب فطعااࢽ يکوࢽ له ؞ بالعفل وصڢ مکاࢽ مثل ذااحل,تفدس الى ب فطعاام يکوࢽ له ؞ بالعفل وصڢ مکاࢽ مثل ذاحل
حࣸودࣸوَاࢽَتَمْرَارࣸودَاوࣸڟِيَاڢَ طَوࣸوا؞  دَڢَاطِ کَرَامَ ثٜي تَجِيکَࢽْ مࣸحَمَّدَا,حࣸودࣸوَاࢽَتَمْرَارࣸودَوࣸطِيَادَمَيْ طَوࣸوَا ؞ دَڢَاطِ کَرَامَ ثٜيٰ تَجِيکَࢽْ مࣸحَمَّدَا
دَيَوَࢽْ خࣸصࣸومَاَأَࢽَاکَشٜيٰ کَاوࣸࢽَا    دَيَوَࢽْ ڢࣸشِي کࣸمَاغَادَّࢽْبَرْغَجِي,دَيَوَࢽْ ڧࣸصࣸومَاأࢽَاکَشٜيٰ کَاوࣸࢽَا  دَيَوَࢽْ ڢࣸشِي کࣸمَاغَاذَࢽَّبَرْغِجِي
ࢽَاإبِࢽْسَ أࢽَࢽْ شِکَࢽْذَا    بࣸرࣸواْدَڢَطَاشِثٜىٰ ذَا,ࢽَاإِبِࢽْسَ أَࢽَࢽْ شِکَࢽْذَا  بࣸرࣸواْدَڢَطَاشِثٜيٰ ذَا
مِجِي بَبَّࢽْ أَبࣸوࢽٜيٰ بِمِجِࢽکِ   دَيْࢽَ غَࢽِࢽْ وَّثَࢽْ دَمِجِࢽْتَا,مِجِي بَبَّࢽْ أَبࣸوࢽٜيٰ بِدِجِࢽْکَ  دَيّࢽْ غَࢽِࢽْ وࣸثَࢽْ دَمَجِࢽْتَا
وَتَرَکَ ࡼلْمࣸنْهِييَاتِ عَذّࣸفࣸلْ هَطَاطࣶ وَࡹِعْلَمْ,وَتَرْکَ ࡶلْمࣸنْهِييَاتِ عَذࣸفْلْصَطَاطࣶ وَࡹِعَلَمْ
کَيْ سَيْ أَبَرْکَ کَوَيْ کَࢽَاࢽَࢽْ سَاسࣸڧَيْ   کَارࣸوڟَ کَࢽْکَ کَࢽَا غࣸدࣸࢽْ تَمࣸتَاࢽٜيٰ,کَيْ سَيْ أَبَرْکَ کَوَيْ کَࢽَاࢽَࢽْسَاسࣸڧَيْ  کَارࣸوڟَ کَࢽْکَ کَࢽَاغࣸدࣸࢽْ مࣸتَاࢽٜيٰ
واعلم باࢽ صڢات الله ثابتة ؞ مڢات معنى ڢلا تعبا بمعتن ل,واعلم باࢽ صڢات الله ثابتة ؞ صڢات معى ڢلاتعبا بمعتل
مَيْدَارِيَا کࣸوسࣸثٜيٰ دَشِي مَرَحَࢽْکَلِي   مَيْ تࣸرْبࣸࢽٜيٰ ڢࣸسْکَاککࣸوڧِࢽْ لَدَبِيࢽٜيٰ,مَيْدَاِرِيَاکࣸوسࣸثٜيٰ دَشِي مَرَحَࢽْکَلِي  مَيْ تࣸرْبࣸࢽٜيٰ ڢࣸسْکَاکࣸوڧِࢽ لَبِيࢽٜيٰ
دَبَسࣸيْ کَتَرِي أَلَاخِرَابَا,دَبَسࣸيْ کَتَرِي أَلَاخِرَابَا
تَاڢِي جَامزَ کَمَرْ ثࣸورِࢽْتَمَا   کَمَرْ مَدوشِي جَاأَوࣸ يَاࢽَسَيٰ,تَاࢽِه عَاࣸوَرْکَمَرْتࣸورِࢽْتَمَا  کَمَرْمَدࣸوشِي جَاأَوࣸيَاࢽَسَىٰ
بَاکࣸوْاْمَىْ ڢَاسَ رࣸورࣸوَابَا,بَاکࣸوْاْمَيْ ڢَاسَ رࣸورࣸوَابَا
ڢنسٝل الله ربى حسࢽ خاتمة ؞ بلا متحاࢽ لنا ڢى موفڢ الوجل,ڢنسل الله رڢ جسࢽ کانة ؞ بلامتحاࢽ لناڢى موفڢ الوجل
هࣸوهࣸودَسَيْڢَرْسࣸ بَيْرَغٜيٰبَا,مࣸوهࣸودَسَيْڢَرْسࣸ بَيْرَغٜيٰبَا
کࣸوْاْأَبِࢽْدَأࣸبَايَبَاسࣸ   سَيْ سࣸرَيْࢽَادࣸࢽْ حَلِࢽْسࣸ,کࣸوࣸاْأَبَࢽْدَأࣸبَايَبَاسࣸ  سَيْ سࣸرَيْࢽَادࣸࢽْ حَلِࢽْسࣸ
مَادࣸغࣸࢽْ مَکَهْ دَاکَثٜىٰࢽِ   ذَاࢽِ کٜىٰوَاتَاإشٜىٰࢽِ,مَادࣸغࣸࢽْ مَکَهْ دَاکَثٜيࢽ  ذَاࢽِ کٜىٰوَاࢽَاإِمٜيٰࢽِ
اذفال سبحانه ڢى امره لحماء ؞ اࢽ ايتيااتتات الحيࢽ عࢽ عجل,اذفال سبحانه ڢى ام ه لماء ؞ اࢽ ايييااتنات اکيࢽ صࢽ عجل
کࣸࢽْجِ دِلَّالَىْ مَأوْࢽَا     مَاسࣸ حَاإِࢽْثِ کࣸدَيْࢽَا,کࣸࢽْجِ دِلَّامَيْ مَاوَࢽَا مَاسࣸ حَاإِࢽْثِ کࣸدَيْࢽَا
ڢلا شى يک له اذلانظي له ؞ ولاشبي له فدجل عࢽ مثل,ڢلاش يک له اذلا نطير له ؞ ولاشبب له حنجل عࢽ مثل
دَمࣸکَ أَيْکَابَيْيِ ڢَاءِدَابَا,دَمࣸکَ أَيْکَابَيْيِ ڢَاءِدَابَا
رَࢽْتَ يَاکࣸواْمَ غَرٜىٰکَا    تَاڢِ ڧَوْࢽَرْمَاغَࢽِࢽْکَا,رَࢽْتَ يَاکࣸواْمَ غَرٜيٰکَا تَاڢِ ڧَوْࢽَرْمَاغَࢽِࢽْکَا
يَايِ کـٰـوَرْشِبَرْشِ   مَࢽّࣸ مَي لࣸڧࣸدى دَمَاشِ,يَايِ کٜيٰوَرْکَرْشِبَرْشِ سَࢽّࣸ مَيْ لࣸغࣸدٜيٰ دَمَاشِ
کَدَکَڟَيْشٜيٰسࣸ کࣸوڢَ کَاتَرْدَعِلمِي    مَاسࣸ حَࢽَ ࢽَاسࣸ دࣸکْ سࣸ إِࢽْدَحࣸکْمِي,کَدَکَڟَيْشٜيٰسࣸ کࣸوڢَ کَاتَرْدَعِلْمِي مَاسࣸ حَرَ ࢽَاسࣸ دࣸکْ سࣸذࣸوإِࢽْدَحࣸکࣸمِي
تࣸوشِدَتَاثِکَ بَࢽْ ڧَارَابَا   أَݣࣸويْ سَوْرَاأَمَّا ࢽَتَڧَيْتَا,تࣸوشِدَتَاثِکَ بَࢽْ ڧَارَابَ  أَݣࣸويْ سَوْرَدَمَاࢽَتَڧَيْتَا
مَࢽْيَࢽْ بَسࣸ تَارَحَࢽْکࣸلَابَا,مَࢽْيَࢽْ بَسࣸ تَارَحَࢽْکࣸلَابَا
کَيْوْتࣸوَاࢽَسَ  کࣸوْاْمࣸغࣸࢽْتَ    دࣸࢽْ تَلَکَّاوَࢽْ مࣸتࣸࢽْثِ,کَيْوْتࣸوَاࢽَسَ کࣸوْاْمࣸغࣸࢽْثِ  دࣸࢽْ تَلَکَّاوَࢽْ مࣸتࣸࢽْثِ
ࡶَوَّلࣸهَاعَرَنࣸنْطࣸرْاَلاِڢَامَةࣸکࣽدَرْنَادࣸوَالرَّڢْعࣸ,ࡶَوَّلࣸمَاعَرَنࣸنْکࣸࢽْ اَدِفَامَةࣸ کࣽدَرْنَادࣸوَالرَّڢْمࣸ
ࢽَيْ حَمْدَلَهْ ࢽَࢽْ کࣸࢽْجِ کَمْ ذَࢽْدَاکَتَا   دَࢽْ اللَّهْ کَيْ ڟَيْ دَࢽْ کَغَاࢽٜيٰ مࣸتَاࢽٜيٰ,ࢽَيْ حَمْدَلَهْ ࢽَࢽْ کࣸࢽْجِ کَمْ ذَࢽْدَاکَتَا  دَࢽْاللَّهْ کَيْ ڟَيْ دَࢽْ کَغَاࢽٜيٰ مࣸتَاࢽٜيٰ
أَيْ غَأَللَّهْ ذَامࣸ کࣸوْاْمَا   تࣸࢽْدَيَاحَࢽَ کَيْ ظَلَامَا,أَيْ غَأَللَّهْ ذَامࣸ کࣸوْاْمَا  تࣸࢽْدَيَاحَࢽَ کَيْ ظَلَامَا
والْجࣸلࣸوسࣸࡼلاَخِرࣸعٜجࣽنْدٜسَکِّتࣸرْدٜدٜرْبِفَدْرِ,وَالجࣸلࣸوسࣸ ࡼلاَحِرࣸعٜجࣸنْدٜسَکِّتࣸرْدٜدٜرْبِفَدْرِ
إِࢽْ کَيْکࣸرࣸورࣸوَا  بَابࣸ غࣸدࣸمْمࣸوَا    بَامڟٜيٰرَا کࣸوکَاسࣸوغࣸدࣸوا,إِࢽْ کَيْکࣸرࣸورࣸوَابَابࣸ غࣸدࣸمْمࣸوَا  بَامَڟٰٜرَاکࣸوکَاسࣸوغࣸدࣸواْ
وَࢽْسࣸ کࣸوْاْࢽَامَࢽْ جِکِࢽْسࣸ   سࣸوکَثِيࢽَىْ دࣸࢽْ حَلِࢽسࣸ,وَࢽْسࣸ کࣸوْاْࢽَامَࢽْ جِکِࢽْسࣸ  سࣸوکَثِيْࢽَىْ دࣸࢽْ حَلِࢽْسࣸ
کࣸسَورَارِوَاڧَايَرْعࣸوَادࣸکَ کࣸيحَتَّرَا   غَحَࢽيَاکࣸبَريِࢽْ کَرکَثٜى غَمࣸحَمَّدَا,کࣸسَوْرَارِوَاڧَايَࢽْ عࣸوَادࣸکَ کࣸجِحَتّࣸرَا   غَحَࢽْبَاکࣸبَرْيِࢽْ کَرْکَثٜيٰ غَمࣸحَمَّدَا
کَاسَࢽْ مَّاتَا سࣸࢽْ کَسࣸ عࣸلࣸ   ذࣸوکࣸسَ إِࢽْ ࢽَّڢَطِي کَرࣸبࣸوتَا,کَاسَࢽْ مَّاتَاسࣸࢽْ کَسࣸ عࣸکࣸ   ذࣸوکࣸسَ إِࢽْ ࢽَڢَطِيي کَرࣸبࣸوتَا
اأَࢽٜيٰسَبَ غَامَڧٜيرَا بَابࣸ کࣸواوَا بَࢽْدَکَورَا,بَاأَࢽٜيٰسَبَ غَامَڧٜيٰ رَابَابࣸ کࣸواْوَابَࢽْدَکَوَرَا
بَکَ شَيْدَاتَاکَ ࢽَاذࣸوَابَا,بَکَ شَيْدَاتَاکَ ࢽَاذࣸوَابَا
کمله يوم لابعاء بست وعشر,کمله يوم لاو معلاب بت وعشر
مࣸࢽْسَࢽْ بَيْسَࢽْ مࣸࢽَادࣸهࣸوبَا,مࣸࢽْسَࢽْ بَيْسَࢽْ مࣸࢽَادࣸهࣸوبَا
٢٦  وَايَکَي وَايَي کَمَࢽْکَا   وَايَسَࢽْ أَصَلِي يَࢽَاکَا,٢وَايَکَيْ وَابَيْ کَمَرْکَا  وَايَسَࢽْ أَصَلِي يَࢽَاکَا
سَيْ زࣸوَابَاأَمࣸرْزَا     ظَاهِرِࢽْ کَلْمَرْمࣸ هَٰذا,سَيْ زࣸبَاوَابَاأَمࣸرْزَا کَاهِرِࢽْ کَلْمَرْمࣸ هَذَا
16,1
ذَمَࢽ کَوأبࣸوکى دَمَاتَرْأبࣸوکِى    غَدَاکِى غࣸدَاࣸکاجِ وࢽَّࢽ زِࢽَا,ذَمَࢽْ عَواأَدࣸبࣸوکِي دَمَا تَرأبࣸوطِ غَدَکِي غَدَاکَاجِ وَࢽَࢽْزِࢽَا
يَاڢِ أَوْکِࢽْ دࣸوبَ کࣸࢽْدِي    يَاڧِ لِمَࢽْثِي أّعِيدِي,يَاڢِ أَوْکِࢽْ دࣸوبَ کࣸࢽْدِي  يَاڧِ لِيْمَࢽْثِ أَعِيدِي
5,1
برࢽي تࢽاغورࢽتک تڢردکي  الله يکيک غدࢽک دومࢽ مکا,برࢽ ثࢽاغورتک تڢرد کي  الله يکيک غدࢽک دومࢽما
1,1
مࣽࢽࣽ جَامِ کࣸجَامَتَطࣸࢽْ عࣽنَجِ رࣸتّىى دَدِتَلْدٜدرَدٜدَرَلْ,مࣽرࣸجَامِ کࣸجَامَتَطࢽْ ࣽࣸنَجِ رࣸتَّعَطٜ تَلْدٜدَرَادࣸ دَرَلْ
ڢى ملکه علام مک,ࢽوصلکط علاممک
کࣸࢽْ حَࢽَامࣸ مࣸبَوْتَ اَللَّهْ   کࣸࢽْکَ بَرْمࣸ ثِکِࢽْ جَهَالَهْ,کࣸࢽْ حَࢽَاءࣸ عࣸبَوْتَ اَللَّهْ کࣸࢽْکَ بَرْمࣸ ثِکِࢽْ جَهَالَهْ
دَشِي دَمَيْدࣸوبَابَاکَوْدَکَيْ   بَاکَڢَاوَاأَسَاشِ ثِکِࢽْ تَرَا,دَشِي دَمَيْدࣸوبَابَاکَوْدَکَيْ  بَاکِڢَاوَاأسَاشِ ثِکِࢽْ تَرَا
تَيْمْکٜيٰمࣸ ذَمَࢽْ کࣸشٜيٰوَا   غࣸࢽْ ذࣸوَࢽْ مَيْ تَمْبَيَاوَا,تَيْمَکٜيٰمࣸ ذَمَࢽْ کࣸشٜيٰوَا  غࣸࢽْ ذࣸوَࢽْ مَيْ تَمْبَيَاوَاَ
کَاذاتّتࣸوࢽَاوَا مِجِࢽْتَ أَسِيِري  سَبَِي دَݣوݣࣸوذࣸوْاْأَبَاکِࢽْ زَورٜيٰب,کَࣸذَاتَتࣸوࢽَاوَامِجِࢽْتَ أَسِيرِي  سَبَبِي دَکࣸوکࣸوذࣸواَأَبَاکِࢽْ زَوْرٜيٰ
بَتَکَيْ کَمَرْ کࣸمَارَاڧࣸمِيباوَجَࢽْ ڟَيِي    تࣸوکَاجِ رِکْتَرْوَاتَاسࣸوکࣸومࣸتَاࢽٜيٰ,بَتَکَيْ کَمَرْکࣸمَارَاڧَمِيبَ وَجَࢽْ ڟَيِي  تࣸوکَاجِ رِکَتَرْوَرْتَاسࣸوکࣸومࣸتَاࢽٜيٰ
غَاعَذَابࣸوࢽَاڟِبࣸوْاوَا     غَاڧࣸواڧࣸولواࢽَاڢَشٜىٰوَا,غَاعَذَابࣸوࢽَاڟِبࣸواوَا  غَاڧࣸواڧࣸلْوَاࢽَاڢَشٜيٰوَا
مَىْ بَࢽْ ثِࢽْ دَرَاࢽَادَڧِيِو    شِيدَىْ بَارَبࢽْسَ بَيَاصَࢽَاعَ,مَيْ بَرْثِࢽ دَرٜيٰ دَرَاࢽَادَڧِييِ  شِيدَيْ بَارَبَࢽْسَ بَايَاصَࢽَاعَ
بفولهابلساࢽ الحال اوجدنىء؞ رب فديࢽ کايجادله مثل,بفولها بلساࢽ الحال اوجدى ؞ وب فديى کايادله مثل
دَوْطَرْزِࢽَيٰ بَاوَاسَابَثٜيٰ  دَࢽْ بَارࣸوَࢽْ وَࢽْکِࢽْتَاأَدࣸوࢽِيَا,دَوْطَرْزِࢽَيٰ بَاوَاسَابَثٜيٰ  دَࢽْ بَارࣸوَࢽْ وَࢽْکِࢽْتَاأَدࣸوࢽِبَا
أَࢽَامَاسࣸ بَايِ تࣸوکَکَرْکَتَ کࣸࢽّࣸوَا ؞  غَذَࢽْثٜيٰ رَسࣸولَ اَللَّهِ أَࢽَّبِ أَحْمَدَا,أَࢽَامَاسࣸ بَايِ تࣸوکَکَرْکَتَ کࣸࢽࣸوَا ؞  غَذَࢽْثٜيٰ رَسࣸورَ اَللَهِ أَࢽَّبِ أَحْمَدَا
حَلِتَّ تَمَهْدِ کَمَرْ حَلَّتَ مࣸحَمَّدࣸ؞  طَبِيوَ تَمَهْدِ کَمَرْ طَبِيعَ تَا مࣸحَمَّدَا,حَلِتَ تَخَمْمِ کَمَرْحَلَّتَ مࣸحََّدࣸ ؞  طَيمَ تَمْمْدِ کَمَرْکَيِيڢَ تَامࣸحَمَّدَا
تَوْسّيِࢽْسࣸ إِدَࢽْ کَتَاکٜيٰ    کَارِڧٜيٰ هَکَ سَيْکَ وَرْکٜيٰ,تَوَّمَبِࢽْسࣸ إِدَࢽْ کَتَاکٜيٰ  کَارِڧٜيٰ مَکَ سَيْکَ وَرْکٜيٰ
کࣸکَوْدَڢَ عيْبࣸوبِي أَّتࣸرْبَ ڢَکࣸࢽجِيَا ؞  ࢽَذَرْکِࢽْ مࣸسࣸلْمِ کࣸࢽْبِ حَدِيشِ مࣸحَمَّدَا,کࣸکَوْدَڢَعَيْبࣸوبِ أَࢽࣸرْبَ ڢَکࣸࢽْجِيَا ؞  ࢽَذَرْکِࢽْ مࣸسࣸلْمِ کࣸࢽْبِ حَدِيشِ مࣸحَمَّدَا
يَکࣸوْاْإِسَ جَلَّ بَىْ غَزَابَا,بَکࣸوْاْدِسَ جَلَّ بَيْ غَزَابَا
غَابوࢽ,غابوࢽ
تاࢽجࢽس,ࢽاࢽجࢽ
اࢽ الکࢽ امتاللفوم الاولى وصلوا ؞ اعلامفام تفى مما نيارول,اࢽ الر امة للفدم الاولى وصلوا ؞ اعلامفام تڢى مايبال ول
سࣸکَ تࣸوبَ دَسَاکٜيٰ بَاشِ غَابَا,سࣸکَ تࣸوبَ دَسَاکٜيٰ بَاشِ غَابَا
بَاتَ غَࢽِࢽْ وَّࢽِي بَࢽْدَمِجِࢽْتَا  اِللَّهْ ذَيْ مࣸتَ بَبَّرْ ݣٜوْتَا,بَاتَ غَࢽْ وَّࢽِي بَࢽْدَدِجِࢽْتَا اِللَّه ذَيْ مَتَ بَبَّرْݣࣸوْتَا
ذࣸوْالْجَلَالِ کَسَامࣸڢَرْکَا    ذࣸوثِيَرْمࣸ تَدَيْࢽَ شَکَّا,ذࣸوْالْجَلَالِ کَسَامࣸڢَرْکَا  ذࣸوثِيَرْمࣸ تَدَيْࢽَ شَکَّا
دَغَࢽَࢽْ ڢَ کَاڢِرَيْ سَيْ سࣸکَ وࣸو شِرِي ؞ دࣸومِࢽْ ڧِيَيَّرْ مَهْدِ جِيکَࢽْ مࣸحَمَّدَا,دَغَࢽَْڢَ کَاڢِرَࢽْ سَيْ سࣸکَ وࣸوشِرِ ؞  دࣸومِࢽْ ڧِيَيَّرْ مَهَدِ جِيکِࢽْ حࣸمَّّدَا
وَࢽْسࣸ کࣸوسࣸࢽْبِ سࣸࢽْ ڟَيَاإࢽْدَحَدِّي   وَࢽْدَاَللَّهࣸ يَيِّ سࣸࢽْ يࣸوجِهَادِي,وَࢽْسࣸ کࣸوسࣸࢽْبِ سࣸࢽْ ڟَيَاإِࢽْدَحَدࣸ   وَࢽْدَاللّهࣸ يَيّࣸ سࣸرْيࣸوجِهَادِب
تَاثِرَاهَمَ تَاسَطَاطࣸواْ تَابࣸغٜىٰ شَاهࣸواْيَڢَاطࣸواْ,ࢽَاثِرَاهَمَ تَاسَطَاطࣸواْ ࢽَابَغٜيٰ شَاهࣸواْيَڢَاطࣸواْ
يَاتࣸويَ دࣸکࣸوکِي مࣸتَاࢽٜيٰ لࣸبَࢽَّ دࣸکْ ؞ بَيْ بَرْغَࢽِيمَ بَاغَسَمْرِࢽْ مࣸحَمَّدَا,يَاتࣸوࢽَ دࣸوکࣸوکِي مࣸتَاࢽٜيٰ لࣸبَࢽَّ دࣸکْ ؞  بَيْ بَرْغَࢽِيمَ بَاغَسَسِْࢽْ مࣸحَمَّدَا
يَاکَمَاتَ مࣸغࣸودٜىٰ وَࢽْدَا    مࣸࢽْ کَسَࢽْ کَلْمَࢽْ شࣸسَادَا,يَاکَمَاتَ وࣸڧࣸودٜيٰ وَࢽْدَا دَمࣸࢽْ کَسَࢽْ کَلْمَرْࢽَهَادَا
ولولاه لم أکتبت,ولولله لم اکتبت
جَاهِلَيْࢽٜيٰ کٜيٰ مَࢽْيَࢽْ غَرِي    أَزَامَࢽِࢽْ رِکْثٜيٰوَرْ دࣸوࢽِيَا,جَاهِلَيْࢽٜيٰ کٜيٰ مَࢽْيَࢽْ غَرِي  أَزَامَࢽْࢽْ رِکْثٜيٰوَرْدࣸوࢽِبَا
صَحْبِ اِلࢽَّبِيِ دَأَهْلَ الْبَيْتِ  أَهْلِ عَبَاءِ کَذَامَکࣸسَࢽْ تَا,صَمْبِ إِلࢽَّجِيْ دَأَهْࢽْ الْبَيْتِ  أَهْلِ عَبَاِ کَذَامَکࣸسَࢽْ تَاِي
غَاکࣸمَاڟࣸࢽَࢽِࢽْ يِࢽْوَا کَمَاتَࢽَادَثِکِي,غَکࣸمَاڟَࢽِࢽِࢽْ بِࢽْوَاکَمَاتَࢽَادَثِکِ
دَکࣸوصَدَڧَادَيْدَيْ دَإِيکࣸوغَدࣸوکِيَا     کَبَادَڢَرِيبَا مَيْيَوَاغَمࣸحَمَّدَا,دَکࣸومَدَڧَادَيْدَيْ دَإِيکࣸوغَدࣸوکِيَا   کَبَادَڢَرِيبَامَيْيَوَاغَمࣸحَمَّدَا
أَيْدَوَࢽْکٜيٰ وࣸرِࢽْ ڧَذَمْتَا    زَاکَڢَارَا إِࢽْ کَ کَيْوْتَا,أَيْ دَوَࢽْکٜيٰ وࣸرِࢽْ ڧَذَمْتَا  زَاکَڢَارَاإِࢽْ کَ کَيْوْتَا
وَتَࢽْ وَتَارَࢽْ زَاشِکࣸومَ بَرَࢽْةَ,وَتَيْ أَتَارَاࢽْ زَاشِکࣸوَمَ بَرَࢽْةࣸ
أَغَـرــمࣸ بَهࣸࢽ ذَمَي دࣸهࣸوبَا,أَغَرٜيٰمࣸ بَمࣸيْ ذَمَࢽْ دࣸهࣸوبَا
رَاࢽَاکَࢽْ هࣸودَبَيْ سَࢽِيبَا,رَاࢽَاکَࢽْ سسࣸودَبَيْ سَࢽِيبَا
دَطَبِيبَيْ مَاسࣸ ثِي دَذَمْبَا,دَطَبِيبَيْ مَاسࣸ ثِي دَذَمْبَا
دࣸࢽْکࣸکࣸوْتࣸوبَا کࣸࢽْجِيَامࣸومِࢽِيࢽَا دࣸکْ ڢَطِࢽَّادَأَࢽْ کَيࣸوڟَسْکِيَاࢽَا,دࣸࢽْ کَکࣸوْتࣸوبَ کࣸࢽْجِيَامࣸومِࢽِيࢽَا  دࣸکْڢَطِࢽَّادَأَࢽْ کَيࣸوغَسْکِيَاࢽَا
بَکَ سَࢽْ ذَمَࢽِࢽْ ذࣸوَࢽْ حَرِيبَا,بَکَ سَࢽْ ذَمَࢽِࢽْ ذࣸوَࢽْ حَرِيبَا
کَاجِ دَيْ مَغَࢽَرْ إِيَايٜيٰ   ࢽَاڢَطَامَکَ دࣸࢽْ کَوَايٜيٰ,کَاجِ دَيْ مَغَࢽَرْإِيَايٜيٰ  ࢽَاڢَطَامَکَ دࣸࢽْ کَوَايٜيٰ
کَتࣸࢽَا بَاذَامࣸ دَوَّمَابَا,کَتࣸࢽَابَاذَامࣸ دَوَّمَابَا
مࣸࢽْجِ ذَمْهَرِذَاأبَاسࣸ   مَىْ ذَيَرْبَکَ ذࣸوثِيَرْسࣸ,مࣸࢽْجِ ذَمْهَرِذَاأَبَاسࣸ  مَيْ ذَيَرْيَکَ ذࣸوثِيَرْسࣸ
جَمَعَابَسࣸ سَࢽْ وࣸرِِࢽْ ذࣸوَابَا,جَمَعَابَسࣸ سَࢽْ وࣸرِࢽْ ذࣸوَابَا
تَاکࣸوْاْثِکَ بَادَغَرْدَمَابَا,تَاکࣸوْاْثِکَ بَادَغَرْدَمَابَا
عِيسَى تَخْمِيسِ يَيِّ کࣸويَاخَلِيلِي  يَيِّ حَوسَࢽْثٜيٰ کࣸࢽْجِ شِيکࣸو دَلِيلِي,عِيسَيْ تَخْمِيسِ يَيّࣸکࣸويَاخَلِيلِي  يَيّْ حَوسَࢽْثٜيٰ کࣸࢽْجِ شِيکࣸودَلِيلِي
8,1
مَيْ يَࢽْکِي ذࣸمْتَاکࣸومَذَاغِرَاکࣸࢽَا ؞  وࣸتَاࢽَاجِرَࢽْسࣸ أَغوبٜي ڢَطَاثٜي تَأَحْمَدَا,مَيْ يَࢽْکِي ذࣸمْتَاکࣸومَذَاغِ سَرَاکࣸࢽَا ؞  وࣸࢽَاࢽَاجِرَࢽْسࣸ أَغࣸوبٜيٰ ڢَطَاࢽٜيٰ أَلْمَدَا
سࣸکَتَارࣸ مَکَّةَ عِࢽْدَطَاکِࢽْ عࣸبَࢽْغِجِ ؞ أَࢽَࢽْ سࣸکَوࣸوثَڢَّ غَبَࢽْ دٜࢽْ مࣸحَمَّدَا,سࣸکَتَارࣸمَکّࣸةَ عِࢽْدَطَاکِࢽ عࣸبَࢽْغِجِ ؞  أَࢽَࢽْ سࣸکَوࣸوثَڢَ غَبَرْدٜࢽْ مࣸحَمَّدَا
تࣸوکَيْ مَيَّسَاکَذَوْࢽَاکَمِيڧٜي  کَکٜي رࣸوڧࣸوࢽْسࣸ بَاکَسࣸو کَيْ صَࢽَاعَ,تࣸوکَيْ مَيّࣸسَاکَذَوْࢽَاکَمِيڧٜيٰ  کَکٜيٰ رࣸوڧࣸوࢽْسࣸ بَاکَسࣸوکَيْ صَࢽَاعَ
إِࢽْڢَ عَرْإِتَ جِࢽْجِرَاثٜىٰ    إࢽْ يَکࣸوْاذَمَ جِࢽْجِرِيْࢽٜىٰ,إِࢽْڢَ عَرْإِتَ جِࢽْجِرَاثٜيٰ  إࢽْ يَکࣸواْذَمَ جِࢽْجِرِيْࢽٜيٰ
تࣸوغَاکَطَࢽْࢽَࢽْ ࢽَاڢَطَابِسَٜ کَࢽْسَࢽِࢽْ   أَيْکِࢽْدَذَاکَيِي دࣸوࢽِيَا غَمࣸت,تࣸوغَاکَطَࢽْࢽَࢽْ ࢽَاڢَطَابِسَ کَࢽْسَࢽِࢽْ  أَيْکِࢽْدَذَاکَيِي دࣸوࢽِيَاغَمࣸتَاࢽٜيٰ
مَکَرَاکࣸوبَاأَشِمْڢِطَابَا,مَکَرَاکࣸوبَاأَشِمْڢِطَابَا
ثٜيٰ أَبِࢽْ ذَرْغِي غَرٜيٰکࣸ  وَايَغَࢽِّ أَذَامَࢽِࢽْکࣸ,ثٜيٰ أَبِࢽْ ذَرْغِي غَرٜيٰکࣸ  وَايَڧَࢽِّ أَذَامَࢽِࢽْکࣸ
سࣸوأَبِࢽْثِࢽَࢽْ بِيࣸوبَا بَذَاأَثِيسࣸ سࣸسَاڧِبَابَا,سࣸوأَبِࢽْثِࢽَࢽْ بِيࣸوبَا  بَذَاوَثِيسࣸ سࣸسَاڧِبَابَا
مࢽ لم يملک,مࢽ امࢽ بمࢽک
ڢاࢽ يردنڢذت ڢينا ارادته مࢽ شاءيهديه اويضلل ڢطاتسل,ڢاࢽ ي دنڢذت ڢناارادته مࢽ شل ي هديڡ اويضلل ليطانسل
وايرماامࢽ ت تنحل حمَلة ؞ بحارمااتڢيض اعودومࢽ خللء,وايࢽ مام ت تل حاملة ؞ عارما> تڢيض الودڡمࢽ خلل
سَاسࣸ ظَالࣸمْثِى دَڧࣸوْاثٜى ثِࢽْ أمَاࢽَهْ کَرْکَمَࢽْثٜىٰ,سَاسࣸ ڟَالࣸمْثِي دَڧࣸوْاْثٜيٰ  ثِࢽْ أَمَاࢽَهْ کَرْکَمَࢽْثٜيٰ
يَࢽَادَغَ کَرَامَ ࢽَسْ مَهْدِيّࣸ مࣸࢽْتَظَرْ ؞  دَيَاثٜيٰ ڢَ ࢽٜيٰࢽٜي مَهْدِ جِيکَࢽْ مࣸحَمَّدَا,يَࢽَادَغَ کَرَامَ ࢽَسْ مَمْدِمّࣸ مࣸࢽْتَظَرْ ؞  دَيَاثٜيٰ ڢَࢽٜيٰࢽٜيٰ مَرِْدِجِيکَࢽْ مࣸحَمَّدَا
ادࢽ ࢽيدي کتاشي باࢽذمࢽي ذماوالله باࢽ بيا ࢽصارا,ادࢽ ࢽيدي کتاشي بࢽ ذمࢽم  ذماواله باࢽ باࢽصرا
أکَبَاشِ أکَࢽْ حَمَيَّا    دَࢽْ يَوَࢽْ لَدَبِي دَکࣸࢽْيَا,کَککَ بَاشِ أَکَࢽْ حَمَيَّا  دَࢽْ يَوَࢽْ لَدَبِي دَکࣸࢽْيَا
جَمْ عٜکِسِيٜى وࣽنِى عٜمَکّࣸ ࡶَلْحَيَاءࣸهِرْسَ مِࢽَ,جَمْ عٜکِسِييٜى وࣽنِي عٜمَکّࣽ ࡼلْحَيَادࣸهِرَْمِࢽَ
وࢽد,وࢽْد
أَيْکِي ࢽَمَهْدِ کَمْࢽَ ڢَأَيْکِو ࢽَأَࢽَّبِ ؞ ڢَرَِّࢽْ دَسࣸࢽَّ کࣸࢽْجِ اءࣸمَ اَلْمࣸحَمَّدَا,أَيْکِي ࢽَمَمْدِ کَمَرْڢَأَيْکِي ࢽَأَࢽَّبِ ؞  ڢَرَّرَّ دَسࣸࢽَّ کࣸࢽْجِ أࣸمَ الْمࣸحَمَّدَا
تࣸوکࣸࢽْجِ حَالَايَࢽْ مِّيَاغࣸࢽْ مَّاتَا   سࣸوشَابَکَيْࢽٜيٰ بَاسࣸ دَاطِࢽْ أَوْرٜيٰ,تࣸوکࣸࢽْجِ حَالَايَࢽْ مِّيَاغࣸࢽْ مَّاتَا   سࣸوشَابَکࣸيَࢽٜيٰبَاسࣸ دَاَطِࢽْ أَوْرٜيٰ
غࣸࢽْ مࣸتَاࢽٜيٰ أّمَّاࢽَاتَيْکَطَࢽْ  سَيْڢَاحَاعِࢽْثِي شِيذَيْ يَوَا,غࣸࢽْ مࣸتَاࢽٜيٰ أَمَاࢽَاتَيْکَطَࢽْ  سَيْڢَاحَاعِࢽْثِ شِيذَيْ يَوَا
رّشِࢽْ ڢَرࣸوَاثِييو کَذَاکَ دَعاغَجِ    غَلَتَّو کَسَا أَيِ تَيْمَمَا إࢽدَ مࣸحَمَّدَا,رَشِࢽْ ڢَرࣸوَاثِييࣸوکَذَاکَ دَعَاغَجِي  غَلتࣸوکَسَاأَي تَيْمَمَاإِࢽْدَمࣸحَمَّدَا
ميتو,ميتو
ثَࢽْ اَلَاخِرَ کࣸمَ اَللَّهْ سَامࣸغَ الࢽَّبِيِّ  ءَامِࢽ ڢَاءَامِيࢽْ أَرْزِڧِي يَاطࣸورٜيٰ,ࢽَࢽْ اَلَڧِرَ کࣸمَ اَللّهْ سَاأمࣸغَ اَلࢽَّبِي  أَمِيَرْ جَاءَأمِيࢽْ إِرَزْڧِࢽِيَاڟࣸورٜيٰ
صَاحِبِي جِبْرِيلࣸ يَاثٜيٰ   يَوْدَلَابَارِࢽْ وࣸتَاثٜيٰ,صَاحِبِي جِبْرِيلࣸ يَاثٜيٰ  يَوْدَلَابَارِࢽْ وࣸتَاثٜيٰ
وَࢽِِ إرْبَاکَيْبَ طَࢽْ سࣸوَيْبَا,وَࢽِ إِࢽْ بَاکَيْبَ طَࢽْ سࣸوَيْبَا
مࣸࢽْ ڢَهِمْثِ ࢽࣸڢِࢽْکَ سࣸوبَا    حَࢽْکَلِࢽْکَ بَذَىْ کَتَرْبَا,مࣸࢽْ ڢَهِمْثِ ࢽࣸڢِࢽْکَ سࣸوبَا  حَࢽْکَلِࢽْکَ بَذَيْ کَتَرْبَا
يَابِي کࣸوکَايَايِ کࣸرࣸورࣸوَا   أّسَࢽْييامَسَازࣸوغِي أّࢽْڧِيَا,يَابِي کࣸوکَايَايِ کࣸرࣸورࣸوَا   أَسَࢽْيَبَامَسَازࣸوغِي أَࢽْ ڧِيبَا
أَيَاݒٜيٰ بِسَࢽْسَ بَارَغَابَا,أَيَابٜيٰ بِسَࢽْسَ بَارَغَابَا
شِى مࣸکٜىٰ ثِࢽْ أَرْزِڧِࢽْسَا    کَاغَ بَادَࢽْ شِيبَ دَاسَا,شِي مࣸکٜيٰ ثِࢽْ أَرْزِڧِࢽْسَا  کَاغَ بَادَࢽْ شِيبَ دَاسَا
8,1
مَالَمِيࢽَيْ سَيْ يَأَمْسَا    سَيْ يَثٜيٰ مَسَ کَرْکَغࣸوْسَا,مَالَمِيࢽَىْ سَيْ يَأَمْسَا  سَيْ بَثٜيٰ مَسَ کَرْکَڧࣸوْسَا
وَصَلَّى ࡻللَّهࣸ يࣸعَ ࡻللهࣸ بٜيْدࣸ تٜدّࣸ فࣵلْ عِمکّࣽ,وَصَلَّى ࡻَللَّهࣸ يࣸعَ ࡶَللَّهࣸ بٜيْدࣸنَدّࣸفَلْ عٜمَکّࣽ
هِجْرَاتَيْ طَرِيعࣸکࣸ تَمَاࢽِࢽْ  کَسَࢽْيابِيَرْ کَسَادࣸبࣸو کَيْشَرِعَ,عِجْرَاتَيْ طَرِيعࣸکࣸ دَتَمَاࢽِ  کَسَࢽْيَابِيَرْکَسَادࣸبࣸوکَيْشَرِعَ
مَشِغِࢽْسࣸ دَشِي بَءَارَبَابَا,مَشِغِࢽْسࣸ دَشِي بَعَارَبَابَا
مࣸثَالَ کَمَاتٜي مِثَال ࢽَجٜسْ  کَࢽَاسࣸࢽْ ڢَطَلْکَيْ کٜٜر مِيزِࢽَا,مࣸثَاَ کَمَاتَي مࣸثَاࢽْ ࢽَجِ کَࢽَاسࣸ ڢَڟَلْکࣸي کࣸو مِيزْࢽَا
4,1
غَاسࣸکࣸوࢽِي يَىْ ڧَرَࢽْثِي    بَابࣸ ڧَرْڢِي بَاأذَࢽْثِي,غَاسࣸکࣸوࢽِي يَيْ ڧَرَࢽْثِي  بَابࣸ ڧَرْڢِي بَاأَذَࢽْثِي
سࣸࢽْڧِبِي ذَاسࣸࢽَارࣸدࣸکْ ثَࢽْ أَکࣸورَا    دࣸدَّمَاتَادَکٜيٰڢِکتا بَاضَرࣸورَا,سࣸࢽْڧِبِي ذَاسࣸࢽَارࣸدࣸکْ ثَࢽْ أَکࣸورَا  دࣸدَّمَاتَادَکٜيٰڢِتَابَاضَرࣸورَا
نَاتࣸفࣽلْ ࡶَلْجَࢽَّ عَلَىٰ مَࢽ ڢِى فَلْبِهِ>عࣽمّ مّࣽوࣽرٜعٜبٜرْدىٜرْدٜ,نَاتࣸفࣸلْ ࡶَلْحَرَّعَلَٜىٰمَڢِ فَلْبِهِ> عࣽمࣸ مࣸوࣽرِ عٜبٜرْدٜ
سࣸࢽْ دࣸوبِ جࣸوࢽَࢽْسࣸ سࣸکَ ذَرْغِ کَاوࣸࢽَا ؞  سࣸکَوࣸو ࢽَدَامَ کࣸࢽجِ مَڧِيَا مࣸحَمَّدَا,سࣸ دࣸوبِ جࣸوࢽَࢽْسࣸ سࣸکَ ذَرْغِ کَاوࣸࢽَا ؞  سࣸکَوࣸوࢽَدَامَ کࣸࢽْجِ مَڧِبَّامࣸحَمَّدَا
إِذَࢽْ کࣸکَيِوࣸووَعَدِي کࣸثِکَادَغَسْکِيَا ؞   کࣸبَرْسࣸࢽْ کࣸسَاݒَ کࣸࢽجِ ذَࢽْثٜيٰ مࣸحَمَّدَا,إِذَࢽْ کࣸکَيِوࣸووَحَدِ کࣸثِکَادَغَسْکِيَا ؞  کࣸبَرْسࣸࢽْ کࣸسَابَ کࣸࢽْجِ ذَࢽْثٜيٰ مࣸمَدَا
مࣸحَمَّدࣸرَّسࣸولࣸا ࡼللَّهِ کࣽعࣸ نࣸلاَطࣽ عَلَّ وَالثَّانِيَةࣸ,مࣸحَمَّدࣸرࣸسࣸولࣸ ࡼللَّهِکࣽعࣸ نࣽلاَطࣸعَلَّوَالثَّانِيَةࣸ
کࣸسَࢽْ أَبِࢽْࢽَࢽْ بَاأَيْبِي بَࢽٜيٰ    حَرْغَ اَللَّهْ بَاوَتَاغَرْدَمَ,کࣸسَࢽْ أَبِࢽْࢽَࢽْ بَاأَيْبِي بَࢽٜيٰ  حَرْغَ اَللّهْ بَاوَࢽَاغَرْدَمَ
وَاللَّهِ أَࢽْغَامࣸجِࢽْ مَزِࢽَاثِيَا   أَثَࢽْ غَ ءَايَامَڟَاڢِي ࢽٜيٰ مࣸجِي,وَااللّهِ أَࢽْ غَامࣸجِࢽْ مَرْࢽَاثِيَا  أثَࢽْ غَ ءَايَامَظَاڢِي ࢽٜيٰ مࣸجِي
بَشِکَࢽْ بَرْتَارَمَيْيَوَابَا,بَشِکَࢽْ بَرْتَارَمَيْيَوَابَا
حَرْڧَڢَاڢࣸوࢽَيْ کَشَيْدَ   تَاکٜيٰ تَاکٜيٰࢽَّࢽْ دَإِࢽْدَ,حَرْڧَڢَاڢࣸوࢽَيْ کَشَيْدَ  تَاکٜيٰ تَاکٜيٰࢽَࢽْ دَإِࢽْدَ
سَيْڢَ رَحْمَادَثٜيٰتࣸوتَبَّتْ حَڧِيڧََا,سَࢽْڢَ رَحْمَادَثٜيٰتࣸوتَبَّتْحَڧِيڧَا
سَيْ يَثٜيٰ مَسࣸ کࣸيْتَ کَࢽْکࣸ   کَرْکࣸ ذَرْغَࢽْ ذࣸوثِيَرْکࣸ,سَيْ يَثٜيٰ مَسࣸ کࣸيْتَ کَࢽْکࣸ  کَرْکࣸ ذَرْغَࢽْ ذࣸوثِيَرْکࣸ
وَهَلَرْسࣸ أَغوبٜيٰ لَاخِرَابَا,وَحَلَرْسࣸ أَغࣸوبٜيٰ مَاخِرَابَا
هذاا,ادث
8,1
شِي ڧَࢽِࢽْ جَاکِ دَدࣸکِ    ࢽٜيٰ ذࣸوَاغࣸوࢽْکِ دَکَࢽْکِي,شِي ڧَࢽِࢽْ جَاکِ دَدࣸوکِ  ࢽٜيٰ ذࣸوَاغࣸوࢽْکِ دَکَࢽْکِي
مَالَمْ يَثٜيٰ مَࢽَا شَيْخࣸ الزَّاࢽِي   دَشِي دَکَوْثَرْ ࢽِيسَࢽْ شٜيٰکَرَا,مَالَمْ يَثٜيٰ مَࢽَاشِخّࣸ هࣸزَْاࢽِي  دَشِي دَکَوْتَرَࢽِيَسَࢽْ شٰٜکَرَا
غَالِبِي سࣸݒَثٜيٰ سࣸڢَرْکَا   سَيْڢَ أَࢽّࣸورِ شِڢَرْکَا,غَالِبِي سࣸيَثٜيٰ سࣸڢَرْکَا سَيْڢَ أَࢽّࣸوَشِڢَرْکَا
غَاشِ کَاتࣸواْذَرْتَ کَࢽْکَ سࣸࢽْ کࣸطِي يَاسَاکَ شِرْکَ,غَاشِ کَاتࣸواْذَرْتَ کَࢽْکَ  سࣸࢽْ کࣸطِي يَاسَاکَ شِرْکَ
بَادَࢽْ أيْکࣸيواشِ دࣸوࢽِيَابَا,بَادَࢽْ أَيْکࣸوْاْشِ دࣸوࢽِيَابَا
ڧَدَࢽْ کࣸوَشَطَرَادࣸکْ ࢽَوَاڧَرْدࣸࢽْ کࣸسَࢽْ    طَرِى دَتَلَاتِࢽْ ࢽَادَبِوْکࣸبِ اَحْمَدَا,ڧࣸدَࢽْ کࣸوَاشٜطَرَادࣸکَࢽَوَاڧَرْدࣸࢽْ کࣸسَࢽْ طَرِددَتَلاثِࢽْ ࢽَادَبِوْکࣸبِ أَحْمَدَا
إِࢽْ بَامࣸوࢽِࢽْسَ يَيْ يَوَابَا,إِࢽْ بَامࣸوࢽِࢽْسَ بَيْ يَوَابَا
علا على العرش اذجاءالکتاب به ؞ بلا حلول ولاکيڢ مࢽ المثل,علاعلى العر ش اذجاء الکناب ب ؞ بلاحلول ولاکبڢ مࢽ المثل
وَحَلَرْسࣸ أَغࣸوبٜيٰ لَاخِرَابَا,وَحَلَرْسࣸ أَغࣸوبٜيٰ لَاخِرَابَا
إِذَࢽْ ذَاکَيِوࣸوثِکࢽِکِي ࢽَبَاشِ ڢَ يَࢽْاءࣸوَا ؞  کࣸسَامࣸسࣸ أَجَلِي کࣸࢽجِ تࣸرْبَࢽْ مࣸحَمَّدَا,إِذَࢽْ ذَاکَيِوࣸوثِࢽْکِي ࢽَبَاشِ ڢَ يَࢽْاءࣸوَ؞  کࣸسَامࣸسࣸ أَحَلِي کࣸࢽْجِ تࣸرْبَْمࣸحَمَّدَا
کَرْکَيَرْدَادَحَࢽْࢽࣸودَمَيْزِࢽَىٰ   إِࢽْکَايِ حَࢽْࢽࣸوࢽٜيٰ غࣸوغٜيٰ ڧَسَا,کَرْکَيَرْدَادَحَࢽْࢽࣸودَمَيْزِࢽَيٰ  إِࢽْ کَلي حَࢽْࢽࣸوࢽٜيٰ غࣸوغٜيٰ ڧَسَا
کٜىٰوࣸتَرْدࣸࢽِيَاعَࢽَابيْوَبَاوَ    شَاشِى سَيْتَذࣸوتَحَࢽْيَرْصَࢽَاعَ,جَوتَرْدࣸوࢽِࢽَاعَࢽَايَيْوَبَاوَ شَاشِي سَيْتَذࣸوتَحَࢽْيَࢽْ صَࢽَاعَ
شِذَمࣸواْ بَيْسَࢽْ مࣸوَّاڢَڧَابَا,شِذَمࣸواْبَسَࢽْ مࣸوَاڢَڧَابَا
وَثّٜيٰ تَاذَمَ بَاأَسَاتَا   أَوْرࣸوَابَاعَ هَࢽَاتَا,وَثٜيٰ تَاذَمَ بَاأَسَاتَا  أَوْرࣸوَابَاعَ هَࢽَاتَا
وَجفلْب ثط ثة عننى,وع ا ا
سَىْ سࣸثٜىٰ بَاڧࣸوْاغَرٜىٰمࣸ    وَࢽْغَ بَاڧࣸواْصَاحِبِࢽْمࣸ,سَيْ سࣸثٜيٰ بَاڧࣸواْغَرٜيٰمࣸ  وَࢽْغَ بَاڧࣸواْصَاحِبِࢽْمࣸ
ثِکِࢽْسࣸ بَذَاسࣸ کࣸوْاْبَرِيبَا,ثِکِࢽْسࣸ بَذَاسࣸ کࣸوْاْبَرِيبَا
طࣸࢽْغࣸمِࢽْتَ دَلَوَّلِࢽْتَ    إࢽڢِاجِ تَرْسَشِࢽْتَ,طࣸࢽْغࣸمِࢽْتَ دَلَوَّلِࢽْتَ إِࢽْڢِرَاجِ تَرْسَشِࢽْتَ
اࢽتذو,سࢽتذو
کࣸووَايَکٜيٰ رࣸوڧࣸودَابَابࣸ دَلِيلِ ڢَا ؞   وࣸتَاذَاتَ ثٜيسࣸ أَغࣸوبٜي إِࢽْجِ مࣸحَمَّدَا,کࣸووَايَکٜيٰ رࣸوڧࣸودَبَابࣸ دَلِيلِڢَا ؞  وࣸتَاذَاتَ شٜيسࣸ أَمࣸوبِࢽ إِࢽْجِ مࣸحَمَّدَا
ࢽورالزَّمَاࢽ عࣸثْمَاࢽ بࢽِ ڢࣸودࣸوتَغَمَّدَهࣸ اللهࣸ,ࢽَورࣸ الزَّمَاࢽِ عࣸثْمَاࢽَ بِࢽِ ڢࣸودَي تَغَمَّدَهࣸ اَللَهِ
غࣸسَوْ,اࢽ
أَيْ بَکَاذَوْࢽَادَڢِرْغِتَابَا,أَيْ بَکَاذَوْࢽَادَجِرْغِتَابَا
غَرْغطِي شِي ࢽَاسَ ࢽَڢْعِ   ࢽَاوࣸرِࢽْ مَيْجِࢽْ ࢽِدَاء,سَرََْسِيْ ࢽَاسࣸ تَڢَلِࢽَاوࣸرِࢽْ سَْࢽْࢽَدَا
غَسْکِيَاࢽَاڢَطِࢽْغَ دࣸکْ کࣸࢽْجِ حَڧََّا  يَاجَمَاعَامتࣸوبَ دࣸࢽْ وَࢽْدَحَڧََّا,غَسْکِيَاࢽَاڢَطِࢽْغَ دࣸکْ کࣸࢽْجِ حَڧَا يَاجَمَاعَامࣸتࣸوبَ دࣸࢽْ وَࢽْدَحَڧَّ
سَىْ جِدَالي وىْ سࣸسَࢽْتࣸو    مَالَمَىْ کࣸوْسࣸࢽْ وَدَاتࣸو,سَيْ جِدَالِي وَيْ سࣸسَࢽْتࣸو  مَالَمَيْ کࣸواْسࣸࢽْ وَدَاتࣸو
جَمَعَ بَتࣸࢽَّࢽْ وَاللَّهْ بَاءَ مࣸسࣸوࢽَسَ    سَيْدَيْ رَغٜيٰوَاکَࢽْ حَلِࢽْسࣸ مࣸتاࢽٜيٰ,جَمَعَ بࣸتࣸࢽَّࢽْ وَالَهْ بَادَمࣸسࣸوࢽَسَ  سَيْدَيْ رَغٜيٰوَاکَࢽْ حَلِࢽْسࣸ مࣸتَاࢽٜيٰ
ڢصل ت وجوب الوحداينت لخالڡ البى ية,ڢصل نوجوب الوحدابتت خل لى اڢي بة
دَرَبࣸوْادَبَذَاسࣸ هَلَّکَابَا,دَرَبࣸواْدَبَذَاسࣸ هَلَّکَابَا
37,1
سَرکِى ࢽَاغَ يَاىِ دࣸوکَاتَکِرْکِى    دَيَثٜىٰ کَرْعَبَرْمَرَرْسَاصَࢽَاعَ,سَرْکِي ࢽَاغَ يَايِ دࣸوکَاتَکِرْکِي  دَيَثٜيٰ کَرْعَبَرْ مَرَرْ سَاصَࢽَاعَ
غࣸيْوَابَتَ کَيْغَ دࣸرْڧࣸسَابَا,غࣸيْوَابَتَ کَيْغَ دࣸرْڧَسَابَا
ڢَحَالࢽسرياذمعبوجَرَبَاوا    ذَمَاثِࢽْ عَماَࢽَاغَمِىِ زࢽَا,ڢِحَالِسْس بَدذَمْغَي ڢَرَبَاوَا   ذَمَاِࢽِࢽْ عَمَاࢽَاغَمَيِ زِࢽَا
7,1
س مࢽ الا مࢽ جل الله خالفه ؞ وانماخاض ڢيه الفوم بلجد,س مࢽ الام جل الله خالفه ؞ واناخاض ڢبه الفوم بامجدل
ڟَيْڟَيَاوَسَىْ أَکࣸوْاْرَا   حَرْذࣸوَامَڟَيَاأَتَارَا,ڟَيْڟَيَاوَسَيْ أَکࣸوْاْرَا  حَرْذࣸوَامَڟَبَاأَتَارَا
مࣸࢽَاغࣸودِالله شِکࢽ وَࢽْ غَوَکَا   دَرࣸوکࣸوغَاالله مࣸبَريِࢽ زِࢽَا,مࣸࢽَاغَوِدِ اللَّ ثِکَࢽْ وَرْغَوَاکَا   دَرࣸوکࣸوࢽَامَهَ مࣸبَرْيِࢽ زَࢽَا
ڢصل ڢيهمايجب مࢽ الوجودلااله المعبود,ڢصل ڢيميبه مࢽ الوجودللاله العبود
21,1
إِࢽْکَايِ کٰٜوْتَاسَيْ سࣸثٜي مَّيْ ڢَارِيَا  إࢽْکَارࣸڧٜيٰ حَࢽّࣸࢽْکَ مَيْ رࣸووَاࢽٜيٰ,إِࢽْکَليِ کࣸوتَاسَيْ سࣸثٜيٰ مَيْ ڢَارِيَا إِࢽْکَارࣸڧٜيٰ حَࢽِّࢽْکَ مَيْ رࣸووَاࢽٜيٰ
أَࢽْ ڢَطَامَکَ ࢽِي غَرٜيٰک   بَاࢽِ ڧَوْࢽَرْکࣸواْوَࢽِࢽْکَ,أَࢽْ ڢَطَامَکَ ࢽِي غَرٜيٰکَ  بَاࢽِ ڧَوْࢽَرْکࣸواْوَࢽِࢽْکَ
بَامَىْ رِکِتَدَّهَࢽْکࣸلابَا,بَامَيْ رِکِتَدَّهَࢽْکࣸلَابَا
ڢانظࢽ لخلفته السبع الطباڡ ت ؞ عوالم الارض مࢽ سجل ومࢽ جبل,ڢانطࢽ لخلفت السبع الهلباڡ وة ؞ عوالم الارص مࢽ سبل ومࢽ جبل
دَڧَڢَابَيْ سَابَ تَاکࣸوَابَا,دَڧَڢَابَيْ سَابَ تَاکࣸوَابَا
المهل,المهل
ولتعرض عنه لا تجعل له خطى ا ؞ ممااشتفلت بذکرالله ينخزل,ولتعضࢽ عنه لاخجعل له خطا ؞ مااشنذلت بدک الله ينل
کࣸمَا سَࢽْذࣸوثِيَاعَࢽَࢽْ ࢽّٜي يَذَوْࢽَا  ثَࢽْ غࣸࢽْ وَࢽْدَکٜي ذَمَابَا صَࢽَاعَ,کࣸمَاسَࢽْذࣸوثِيَاعَࢽَࢽرَࢽثٜيٰ يَذَوْࢽَا  ثَيْ غࣸࢽْ وَࢽْدَکٜيٰ ذَمَابَاصَࢽَاعَ
کَذَاتَا کَلْمَا کَذَاسڢٜدࢽْکَا  کࣸبَرِبَاشِ سَࢽْ شَࢽَايٜࢽْ زِࢽَا,کَذَاࢽَاکَلمَ کَذَاسَڢَدَکَا   کࣸبَربَاشِࢽْ کَاسَࢽ ࢽسَدبࢽ زِࢽَا
دَࢽِيسَا؞ کࣸسَࢽْ إِࢽْثٜيٰ دࣸکَّࢽْ ڧَسَرْ مࣸسࣸلْمِ إِࢽْدَلِتَتَّڢَيْࢽَا,دِࢽْيْسَادَکࣸسَࢽْ إِࢽْثٜيٰ دࣸکَࢽْ ڧَسَرْمࣸسࣸلْمِمࣸ إِࢽْدَلِتَࢽَّڢَيْࢽَا
شِيْکࣸواْغَارَࢽْسَ بَيْ ڢِثٜيٰبَا,شِيکࣸواْغَارَࢽْسَ بَيْ ڢِثٜيٰبَا
وَاڧَرْڧَرْشَࢽْ ذَامَاࢽي,وَاڧَرْڧَرَشَࢽْ ذَامَاࢽِي
شَاهࣸويَثٜيٰ مِࢽْ ذَاࢽَبَرْکَ أَࢽَࢽْ حَکَ   سَوْرِي ࢽَکٜيٰيِي يَࢽْذࣸ کَاجِ مࣸتَاࢽٜيٰ,شَهࣸويَثٜيٰ مِࢽْ ذَاࢽَبَرْکَ أَࢽَࢽْ حَکَ  سَوْرِي ࢽَکٜيٰيِي يَࢽْذࣸکَاجِ مࣸتَاࢽٜيٰ
8,1
ڢنسنل الله ڢيضامرلعدايتى ؞ مࢽ لم ينلماللدى لم ينجمࢽ زعلى,ڢه سنل الله ڢيضام صدابته ؞ مࢽ لم ينلمالمدى لم ينج مࢽ زلل
ولتعتبى بعد ما يلغاه مࢽ خط ؞ على الص اط جميع الخلڡ مࢽ وجل,ولنغتي بعدمايلناه مࢽ خط ؞ على الصم اطجي الخلڡ مࢽ وجلل
کَىْ مࣸتَاࢽٜىٰ مَاسࣸ رࣸوبَا    سࣸووَرِيشࣸ يَکَࢽْ تَطِيبَا,کَيْ مࣸتَاࢽٜيٰ مَاسࣸ رࣸوبَا  سࣸوڢَرِيشࣸ يَکَࢽْ تَطِيبَا
بَکَمَاإِيَ إِيْدَڢَاتِحَابَا,بَکَمَاإِيَ إِيْدَڢَاتِحَابَا
أَࢽْ دَطٜيٰ أَغَ إِࢽْدَ ثࣸوتَا   ࢽَاثِکِي کَيْوْيَارࣸڢٜيٰتَا,أَࢽْ دَطٜيٰ أَغَ إِࢽْدَثࣸوتَا  ࢽَاثِکِي کَيْوْيَارࣸڢٜيٰتَا
کَيْ ڟِيرَاغَ مࣸحَمَّدࣸ أَحْمَدْ  دَࢽْ طَاکِࢽْ مَّکَ دَࢽْ صَڢَّاتَىٰ,کَيْ ڟِِيرَاغَ دࣸحَمَّدࣸ أَحْمَدࣸ  دَࢽْ طَاکِࢽْ مَّکَ دَࢽْ صِڢَايْ ثِࢽدَا
مسلمي اࢽ مصيبا تطࢽࢽت   کروڧي عبࢽ غجک حويࢽصارا,مسمي اࢽ مصيباتطࢽࢽت  کروڧي صبࢽ غجک حويࢽصرا
ڢِى جَمِيعِ مَآࡶًخْبَرَهࣸ دِنْدَافࣵلْ کࣽعࣽ هٜبْرَآ,ڢِ جَمِيعِ مَاࡶَخْبَرَهࣸدٜنْدَافَلْ کࣸعࣸ لَٜبْرَ
حڧيروهوحڧير وهو,ب
ذَاکِي يَبࣸوطٜيٰ ڢِيڧࣸوڧِيࢽَسَا    غَرْکِࢽْ تࣸمَاکِي بَاسࣸ وࣸرِࢽْغࣸدࣸواْا,ذَاکِيي يَبࣸوطٜيٰ ڢِيڧࣸوڧِيࢽَسَا  غَرْکِࢽْ ࢽࣸمَاکَيْ بَاسࣸ وࣸرِࢽْغࣸدࣸواْ
کࣸتَمْثِي ࢽَڢَاطِيࢽَيْڢَ تَڢِيَرْوَتَاشِکٜيٰ   ڢَکࣸشَارࣸوَࢽْ اَلْکَوْثَرا شِغَ أحْمَدَا,کࣸتَمْثِي ࢽَڢَاطِيࢽَيْڢࣸ تَڢِيَرْوَتَاشِکٜيٰ  ڢَکࣸشَارࣸوَࢽْاَلْکَوْثَرَاشِغَ أَحْمَدَا
أَرࣸوطَيْ کَمَرْرࣸوطِࢽْ دَيَوَّاأࣸبَࢽِْࣻجِ   ڢَدࣸࢽْيَادَاَلدِّيࢽِ دَشِيدَ مࣸحَمَّدَا,أَرࣸوطَيْ کَمَرْرࣸوطِࢽْ دَيَوَّاأࣸبَࢽْذِجِ  ڢَدࣸࢽْيَادَاَلدِّيࢽْ دَشِيدَمࣸحَمَّدَا
دَيَرْدَرْحࣸکࣸمْثِي دࣸکْ ࢽْدَادِلِي دَمَيْمࣸويَا    کَڧَارَمࣸسࣸلْمِي دࣸکْ دَرَجَّا غَأحَمَدَا,دَيَرْوَرْحࣸکࣸمْࢽِ دࣸکْ ࢽَدَادِل دَمَيْوࣸيَا   کَغَارَمࣸسࣸلْمِ دࣸکْ دَرَجَّاغَأحْمَدَا
کَاغَ غَاسࣸ ثِکِࢽْ أَيّࣸکَا    مَاسࣸ يِࢽْسࣸ رࣸوَادَإسْکَا,کَاغَ غَاسࣸ ثِکِࢽْ أَيّࣸکَا مَاسࣸ بِࢽْسَ رࣸوَادَإِسْکَا
مي ادوا,مي ا
أَبَادَتَکَرْدࣸووَࢽْسࣸ دَامَ وَطَࢽْسࣸ کࣸو    غَحَوࢽِ وَطَࢽَّاسࣸࢽْيِ ࢽِيسَاغَأَحْمَدَا,أَبَادَتَکَرْدࣸووَࢽْسࣸ دَامَ وَطَࢽْسࣸ کࣸو  غَحَوْࢽِ وَطَࢽَْاسࣸࢽْ ࢽِيسَاغَأحْمَدا
کَذَاکَ دَوِرْدِ دَاَلدّࣸعࣸوعِ دَڧࣸوڧَرِي    يَوَࢽْتَ صَلاَةِ غَأَلࢽَّبِࢽْمࣸ مࣸحَمَّدَا,کَذَاکَ دَوِرْدِدَاَلدّࣸعࣸوعِ دَڧࣸوڧَرِي  يَوَࢽْتَ صَلَاةِ غَالَࢽِّࢽْمࣸ مࣸحَمَّدَا
7,1
الکرب ڢى اوفات الشرالى ڢلايغوم مࢽجلسم الاوفرزال,الفب ع اوفات الشࢽ اب جلايفووم مجلسي الاوفرزاا
مَىْ مَکَࢽْتَ سَىْ أثٜىٰ دَا    کَايِى اَلڧࣸرْأࢽْ کَذࣸبْدَا,مَيْ مَکَࢽْتَ سَيْ أَثٜيٰ دَا کَايِي اَلْڧࣸرْأَࢽْ کَذࣸبْدَا
جࣽࢽْ بَوْدِتِمّࣸدِ جࣸࢽْ صِڢَاجِ سِنِيطِ جࣽࢽْ يࣸرْمٜيٰدٜ يَا جࣸدٜيَاڢࣽعࣽو کࣽڢَليْتَتَا,جࣸࢽْ بَوْدِتَمّࣸدِجࣸࢽْ صِڢَاجِ سِنِيطٜ جࣸࢽْبࣸرْمٜيٰدٜ يَاجࣸدٜيَاڢࣸعࣸوکࣸعَلٜيْتَتَا
دࣸکْ أَکَࢽْ مَامَيْدَشِيࢽٜىٰ    دࣸࢽْ ڢَسࣸࢽْ سَابࣸوْاْدَشِيࢽٜىٰ,دࣸکْ أَکَࢽْ مَامَيْدَشِيࢽٜيٰ  دࣸࢽْ ڢَسࣸࢽْ سَايࣸوْاْدَشِيࢽٜيٰ
دوب,دو
دَرَجَرْسَ دَشِى بَعَاغࣸوْادَابَا,دَرَجَرْسَ دَمِي بَعَاغࣸواْدَابَا
وفل الهى يامࢽ لا شريک له ؞ مالى سواک عليک اليوم تکل,وفل الع باࢽ لاش يک له لج ؞ مالى سواک عليک اليوم مکل
وَاڧَرْإِࢽْڢِرَاجِ تَبِيࣸو,وَڧَرْإِلْڢِرَاجِتَجِيࣸدࣸو
ڧَرْࢽَڢِࢽٜىٰ سَيْتَ ڟࣸواْڟِي    غࣸغّࣸبٜࢽْ کَࢽْوَادَکَاڟِي,ڧࣸرْࢽَڢٜࢽٜيٰ سَيْتَ طࣸواْڟِي  غَڧࣸبِࢽْ کَࢽْوَادَکَاڟِي
وَالاِحْرَمࣸ حࣽرْمَعࣽ وَالطَّوَاڡࣸ عٜوَنْفَادٜوَالسَّعْىࣸ,وَالاِحْرَامࣸ حࣸرْ مَعࣸࢽْوَالطّوَاحَ عٜوَنْفَادٜوَالسَّعْىࣸ
اذي الذنوب سوى الا شى اک يغڢرها ؞ رب غڢوربلا توب ولا عمل,اذى الذنوب سوى الاتم اک يفوها ؞ وب غڢجور بلاذوب ولاعل
العࢽام,ا
کࣸلّࣸࣸ أَبَاکࣸ تࣸوࣸواْ دَمَيْ غَاࢽَامَا    دَڢࣸرَادَࢽࣸوࢽࣸواْ دَࢽْ دَرَجَّرْ أَوْرٜيٰ,کࣸلْ أبَاکࣸ تࣸوࣸواْدَمَيْ غَاࢽَامَا   دَڢࣸرَادَࢽࣸوࢽࣸواْدَࢽْ دَرَجَّࢽْ أَوْرٜيٰ
فدفيل احى ڢى تبدومجوڢة ؞ کجوڡ ذ>طمع ڢى الشب والمثل,فدفل احࢽ ڢه تبدوبجوڢة ؞ کجوڡ ذه طمع ڢى الشبه والثل
غَاسࣸثࣸوتَرْڢِدَّذَاڧِي    شِي رࣸوَاࢽٜىٰ مَاسࣸ يَوْڧِي,غَاسࣸ ثࣸوتَرْڢِدَّذَاڧِي شِ رࣸوَاࢽٜيٰ مَاسࣸ يَوْڧِي
بِࢽثِکٜيٰ غهَلِࢽْ أࣸوَرْتَ    جَاَءِزِيࢽٜيٰ حَرْأࣸبَࢽْتَ,بِࢽْثِکٜيٰي غَهَلِࢽْ أࣸوَرْتَ  جََمِزِيࢽٜيٰ حَرْأࣸبَࢽْتَ
إدَࢽْ تَجِ سࣸو ࢽَࢽْکَ بَاةَ ڢَطِي  تَکَࢽْ زَابِي سࣸوࢽَا دَدࣸکْ يَاڢِداطِي,إِدَࢽْ تَاجِ سࣸوࢽَکَ بَاةَ ڢَطِي  تَکَيْ زَ ابِي سࣸوࢽَا دَدࣸکْ يَاڢِدَامِ
مࣸوْبَمَارَسَ کࣸواْأَبِࢽْ ڢَطِيبَا,مࣸوْبَمَارَسَ کࣸواْأَبِࢽْ ڢَطِيبَا
وانه غير مخلوڡ له ڢدم ؞ لانه صڢت لله ناالازل,وانه عن مخلوڡ له خدم ؞ لان صڢة لله ح الازل
مَأَيْکِي يَذࣸوشِ دَکَࢽْسَ ڢَادَرْ عࣸبَࢽْغِجِ ؞  يَشَيْدَڢَ ࢽَسْ غَمࣸڧِيسَࢽْ أَحْمدَا,مَأَيْکِي يَذࣸوشِ دَکَࢽْسَ ڢَادَرْ مࣸبَࢽْغِجِ ؞  يَشَيْدڢَ جِيکَاࢽَسْ غَمࣸڧِيسَࢽْ أَحْمَدَا
سَيْ شِي يَطࣸورَ ڢَطَايَأَيْکَ غَرࣸورࣸوَا ؞ أَثِکِࢽْ ڢَ مَࢽْشࣸورَࢽَسْ دࣸࢽْسࣸ مࣸحَمَّدَا,سَيْ شِي يَطࣸورَڢَطَايَأَيْکَ غَرࣸورࣸوَا ؞  أَثِکِࢽْ ڢَمَࢽْشࣸورَࢽَسْ دࣸࢽْسࣸ مࣸحَمَّدَا
أݣࣸويْ ݒَرْࢽَاࢽَاࢽَࢽْ غَمَذاجٜيٰ  ذَامࣸڢَطَامࣸسࣸ دَࢽْ سࣸرَغٜاتَا,أَݣࣸويْ ࢽَرْࢽَاࢽَاࢽَࢽْ غَمَذَاجٜييٰ  ذَامࣸڢَطَامَسࣸ دَࢽْ سࣸرَغَتَاتَا
وَࢽْدَبَيِࢽِي ڟَرِࢽْ مَاتَسَبَا کࣸويَيْ عِبَادَالَادَابَايَوَا,وَࢽْدَبَيِّيِ ڟَرِࢽْ مَاتَࢽْسَبَا  کࣸويَيْ عِبَادَالَادَابَايَوَا
سࣸکَثٜيٰ سࣸࢽَاڧَارَاࢽَّسِيدࣽ بَلاَربٜيٰ ؞ سࣸࢽَاجَࢽْسَ حَڧِّ ࢽَاسࣸ مڧِيَّا مࣸحَمَّدَا,سࣸکَثٜيٰ سࣸࢽَاڧَارَاࢽَِييدِ بَاَرَٰٜيٰ ؞  سࣸࢽَاجَࢽْسَ حَڧّࢽَاسࣸ مَڧِيَّامࣸحَمَّدَا
غَذَتࣸو بَاذَاشِ لَاخِرَابَا,غَذَتࣸوبَاذَرْشِ لَاخِرَابَا
ࢽَࢽْ دَࢽَࢽْ ڟَکِيَاتَڟَاغٜيٰ   بَاڢِتَاسَيْ وَيْغٜيٰ وَيْغٜيٰ,ࢽَࢽْ دَࢽَࢽْ ڟَکِيَاتَڟَاغٜيٰ  بَاڢِتَاسَيْ وَيْغٜيٰ وَيْغٜيٰ
ࢽٜيٰ غَرٜٜيٰࢽِ ذࣸوَابِکِيدَيْ   کࣸواْࢽَدَࢽْغِ کࣸواْ ࢽَصَحَبَيْ,ࢽٜيٰ غَرٜيٰࢽِ ذࣸوَابِکِيدَيْ  کࣸوْاْࢽَدَࢽْغِ کࣸواْࢽَصَحَبَيْ
سَيْ أَڢِدّࣸوتَرْسَشِࢽْسࣸ   سَࢽْدَ الࢽَّبي يَاکِرَاسࣸ,سَيْ أَڢِذࣸوتَرْسَشِࢽْسࣸ سَࢽْدَاَلࢽَّبِي يَاکِرَاسࣸ
بَکَ ࢽٜيٰمِ سَࢽٜي غَمَالࣸمَابَ,بَکَ ࢽٜيٰمِ سَࢽْي غَمَامࣸمَابَا
مࣸࢽَاسࣸومَوَرْوَاڧَاتَمَهْدِيّࣸ مࣸࢽْتَظَرْ ؞ مࣸࢽࣸوࢽَ کَرَامࣸوࢽَسْ أَسَࢽْسࣸ غࣸدَاغࣸدَا,مࣸࢽَاسࣸومَوَرْوَاڧَاتَمَهْدِيࣸ مࣸتَظَرْ ؞  مࣸࢽࣸوࢽَ کَرَامࣸوࢽَسْ أََࢽْسࣸ غࣸدَاَدَا
سࣸࢽاڢَثِلِࢽْ وَحَلاَدَيࣸࢽْوَادَڧِشِرࣸوَا     دَکࣸوطٜيٰمࣸوَا صَابࣸا غحَࢽْيَرْمࣸحَمَّدَا,سࣸࢽَاجَثِکِࢽْ وَحَلَادَيࣸࢽْوَادَڧِشِرࣸوَا   دَکࣸوطٜيٰمࣸوَرْمَابࣸوغَحَࢽْيَرْ مࣸحَمَّدَا
فصل ناالحياةوالسمع والبص,ڢڢصل نااعباة والسحع والبص
عليه اذليس ذاجسم ولا عࢽ ض ؞ اࢽ المجسم ذوجهل وذوخطل,عليه اذليس ذاجسم ولاعر ض ؞ اࢽ المجسم ذوجل وذوخطل
إࢽْبَاتَاذࣸوْدَغَرْدَمَابَا,إِࢽْبَاتَاذࣸوْدَغَرْدَمَابَا
معءايت ناکتاب الله ناڢية ؞ کل النفابص نتڢى کل ذ> مثل,مع ايةت کناب الله ناڢية ؞ کل النفابص تتڢى کل ذ> حثل
لکتاب,ت
کَيࢽَ أدࣸوࢽْسࣸ دَکَيْࢽ هَوَࢽْسࣸ    بَىٰ کَ ڧَارَغَࢽࢽْ طَيَࢽْسࣸ,کَيْࢽْ أَدࣸوࢽْسࣸ دَکَيْࢽْ هَوَࢽْسࣸ بَاْکَ ڧَارَغَࢽْࢽْ طَيَࢽْسࣸ
ڢماتى ى ذرةمخلوفةعبشا ؞ بل هى شا هدة للواحدالاءزل,ڢماتى ى ذرة مخلوفة عبثا ؞ بل صى شاهدة للواحد الامزل
أَمْبَتࣸࢽْ مࣸتࣸوَرْيَشࣸوطٜيٰ    شِي بَتࣸࢽْࢽٜيٰ مَادَکَطّٜيٰ,أَمْبَتࣸࢽْ مࣸتࣸوَرْيَشࣸوطٜيٰ شِي بَتࣸࢽْࢽٜيٰ مَادَطَڟّٜيٰ
دَࢽْ ڟَرِࢽْ أَيْکِࢽْ تَعَالَا     کَيْ مِجِ سَࢽَشٜيٰتَ اَللَّهْ,دَࢽْ ڟَرِࢽْ أَيْکِࢽْ تَعَالَا  کَيْ مِجِ سَࢽَشٜيٰتَ اَللَهْ
بَاکࣸتْرࣸوبَاکࣸࢽْغَ شِيبَامَکَاحࣸو    وَيمَيْ لَاڢِيَايَࢽَاڧِࢽْ صَࢽَاعَ,بَاکࣸتࣸرࣸوبَاکࣸࢽْغَ شِييَامَکَاحࣸو   وَيْمَيْ لَاڢِيَايَࢽَاڧِࢽْ صَࢽَاعَ
طَيْبَب اِࢽْغَ مَڢِى مَزَاجٜىٰ    کࣸورْجِࢽِي غَاکَيْوْدَسَيٜىٰ,طَيْبَإِࢽْغَ مَڢِي مَزَاجٜيٰ  کࣸورْمِࢽْي غَاکَيْيْ دَسَيْيٜيٰ
إِࢽْکࣸو کَطَوْکٜيٰ کَࢽْکَ بَابࣸ رࣸوَࢽْکَ سَمْ   دَطَ سَيْ سࣸثٜيٰ مَکَ واللهْ غِرْمَࢽْکَيْࢽٜيٰ,إِࢽْکࣸوکَطَوْکٜيٰ کَࢽْکَ بَابࣸرࣸوَࢽْکَ سَمْ  دَطَسَيْ سࣸثٜيٰ مَکَ وَاللَهْ غِرْمَࢽْکَيْࢽٜيٰ
طَوکَرْکَتَابࣸ اَللَّهِ دَجَࢽَبَا  شِيمَايَࢽَاسَاأَيْڟَࢽَࢽِࢽْ ڢَرِي,طَوْکَرْکَتَابَ اَلّهِ دَجَࢽَبَا   شِيمَابَࢽَاسَاأَيْطَࢽَࢽِࢽْ ڢَرِي
يتزوحبا يتوضلويصلى ويغراهزاماتى وتڢحت وعشريࢽ,شروحمل يتوضلصل وبغ امزاماتوتاممتوعشر
إِࢽْبَارࣸبࣸشِي دّهَلَّکَابَا,إِࢽَ بَاوࣸبِࣸي دَهَلَّکَابَا
إِذَࢽْڢَ کَسَي شٜسࣸ أَکَيْکࣸ غَجَࢽَّةِ ؞  إِتَثٜيٰ مَذَمْࢽِي تَاکࣸ إِࢽْجِ مࣸحَمَّدَا,إِذَࢽْڢَ کَسَࢽْ شٜسࣸ أَکَيْکࣸ غَحَࢽَّه ؞ إِࢽْثٜيٰ مَذَمْࢽِي ࢽَاکࣸ إِࢽْجِ مࣸحَمَّدَا
دَإِرِࢽْ حَالِࢽْسَ ذَاکَ دࣸوبَا,دَاإرِࢽْ حَالِࢽْسَ ذَاکَ دࣸوبَا
سَࢽَرْوَاتَاإِتَثٜيٰ غَمَذاجٜيٰ    کَرْأَيَوَيْتَ ݣࣸطَيْ أَتَڧَيْتَا,سَࢽَرْوَاتَاإِتَࢽٜيٰ غَمَذَاجٜيٰ  کَرْأَيَوَوْتَ کࣸطَيْ أَتَڧَيْتَا
مَالَمْ بَدَمَاصِي ࢽْسࣸوبَا   اءࣸبَࢽْ أَطَاءِلࣸ تࣸدَࢽْ دࣸوࢽِيَا,مَالَمْ بَدَمَاصِي ࢽَسࣸوبَا  دࣸبَࢽْ أَطَابِلࣸ تࣸدَࢽْ دࣸوَࢽِبَا
سࣸࢽْرِڧٜيٰ هَرْدَيْ أَکَيْشِ    أَغࣸࢽْ صَلَّا أَࢽْ أَجٜيٰشِ,سࣸࢽْ رِڧٜيٰ هَرْدَيْ أَکَيْشِ  أَغࣸࢽْ صَلَا أَࢽْ أَجٰٜشِ
وسَلَّم,وسسله
بَيْسَࢽْ مࣸتࣸوَاتَࢽَازࣸوَابَا,بَيْسَࢽْ مࣸتࣸوَاتَࢽَازࣸوَابَا
يِࢽْ ڟَڢْتَاتَجِکِي دَتࣸڢَاڢِي   شِيࢽٜيٰ کٜࢽْ حَرْطَࢽْ ثِوْتَا,يِࢽْ ڟَڢْتَاتَجِکِي دَتࣸڢَاڢِي  شِيࢽٜيٰ کٜيٰ حَࢽَ بَاطَࢽْ ثِوْࢽَا
ذࣸࢽࣸبِࢽْسَاسِتِّࢽْ مَيْزِࢽَىٰ أَرْبَعِيࢽْ   أَيْ لاَڢِيَرْبَࢽْذَاتَاجَامَسَىٰ,ذࣸࢽࣸبِࢽْسَاسَࢽࣸࢽْ مَيْزْࢽَيٰ أَرْبَعِࢽْ  أَيْ لَاڢِيَرْبَࢽْذَاتَاجَامَسَىٰ
سࣸيِ بَاأَثِکِࢽْ رَشِࢽْ سَࢽِيبَا,سࣸيِ بَاأَثِکِࢽْ رَشِࢽْ سَࢽِيبَا
سلا مة الصدرعزت اࢽ يکوࢽ لها ؞ صدروليس على غش بمشتمل,سلامة الصدرعت اࢽ يکوࢽ لها ؞ صدروليس على غش مشتل
مَالَمَࢽْمࣸوࢽَڧَرْشَࢽْ دࣸوࢽِيَا    سَيْڢَطَرْبَکَابَاأَيْکِࢽْ بَࢽٜيٰ,مَالَمَࢽْمࣸوࢽَڧَرْشَࢽْ دࣸوࢽِيَا  سَيْڢَطَرْبَکَابَاأَيْکِࢽْبَࢽٜيٰ
فالواوالاسکاࢽ ايضاڢيه الحفه ؞ بجاين حادث والبسط ڢيه جل,فالواوالامکاࢽ ايضاجب الحفه ؞ ججاباحادث والبسط ڢي جل
دَرَبࣸواْدَبَذَاسࣸ هَلَّکَابَا,دَرَبࣸوْاْدَبَذَاسࣸ هَلَّکَابَا
شَيْخࣸ صَالِحࣸ يَاجِ غَهَاشِمࣸ   شَيْجࣸ هَاشِمْ غࣸࢽْ مَّمَّࢽْ تࣸکࣸرْ,شَيْجࣸ صَالحِ بَاجِ غَهَاشِمࣸ  شَيْخࣸ هَاشِمࣸ غࣸࢽْ مَّمَࢽْ تࣸکࣸرْ
ࢽَاغࣸوْࢽَسَ بَادَغارْدَمَابَا,ࢽَاغࣸوْࢽَسَ بَادَغَرْدَمَابَا
يَارَڧٜيٰࢽِ رِڧࣸواْࢽَظِيڢِ هَرْيَذَمْ ࢽَاڢَارَ ڧَرْڢِ,يَارَڧٜيٰࢽِ رِڧࣸواْࢽَظِيڢِ  هَرْيَذَمْ ࢽَاڢَارَڧَرْڢِ
بَلتَسَاسَࢽْتَاوَکࣸرَاوَا إࢽْتَذࣸوبَاتَارَغَاوَا,بَدَسَادَ اْࢽَاوَکࣸواْوَا  إَࢽْتَذࣸواْبَاتَارَغَاوَا
يَوشٜيٰ مَيْوَ ࢽَࢽْ صَࢽَاعَا    کٜيٰ ڟَرِࢽْ حَڧِِّࢽْ شَريعَا,يَوْشٜيٰ مَيْوَࢽَࢽْ صَࢽَاعَا کٜىٰ ڟَرِࢽْ حَڧِࢽْ شِرِيڢَا
يَاإِلَهِ الْعَالَمِيࢽَ   تَيْمَکٜيٰمࣸ رِڧࣸࢽْ أَمَاࢽا,يَإِلَهِ الْعَالَمِيرَ  تَيْمَکٜىمْ رِࢽࣸࢽْ أَمَاࢽَا
تَڢِي وࣸوڢِي بَذَࢽْ عَبو تَا دَکَيْبَا دَࢽْ ࢽّٜي باࢽِسَࢽْ مَرَرْطَبِي عَا,تَڢِي وࣸوڢِي بَذَࢽْ عَبࣸوتَادَکَيْبَا   دَࢽْ ࢽِّ بَاࢽِسَࢽْ مَرَرْکِࢽْ طَبِي عَ
ڢصل تا شڢاعت نبينا محمد صلى الله عليه و سلم,ڢصل نه شڢاعة نيبنامحدحلى الله عليه و
صَلَّى اللَّهࣸ علَيْهِ وَسَلَّمَ,صَلَّى هَلَّهࣸ عَلَيِْ وَهَلَّمَ
11,1
تࣸوْاْغَرِي سࣸکٜيٰ کࣸوْاْ أّڧَوْيٜيٰ    سࣸوْاْ ࢽَکٜيٰ کَيْࢽَاشِوَايٜيٰ,تࣸوْاْغَرِي سࣸکٜيٰ کࣸوْاْأَڧَوْࢽٜيٰ  سࣸوْاْࢽَکٜيٰ کِيْࢽَاشِوَايٜيٰ
حَرْشِذَمْ اللهْ تَعَالَىٰ   سَيْ يَثٰٜمَاجِبْرَءِيلَ,حَرْشِذَمْ اللَّهْ تَعَالَىٰ سَيْ يَثٜيٰمَاجِجْرَعِيلَ
وَسࣸنَنࣸهࣸ سࣸنَّاجِ طِࢽْ أَرْبَعَةࣻکࣽنَحْ ࡻلضَّرْبَةࣻ,وَسࣸنَنࣸهࣸ سࣸنَّاجِ طِࢽْ ࡶَرْبَعَةࣻ کࣽنَىْ ࡻلضَّرْبَةْ
ࡶَلصِّيَامࣸ کࣽ کࣽرْوَالرَّابِعࣸ نَيَ بࣽعࣽࢽْ ࡶَلزَّکَٰوةِ,ࡶَلْصِّيَامࣸ کࣽ کࣽرْکَ وَالرَّابِطࣸنَرَبࣸعࣸࢽْࡶَلزَّکَةࣶ
بِإِزْࢽِ مࣸوَلِّڢࣸ هَزَا الْکِتَابࣸ,بِإِذْࢽِ مࣸوَلِّڢࣸ هَࢽْذَاالْکِتَابࣸ
إِࢽْࢽَرَاڟَ کࣸڢَيْ زࣸبَبَّيٰ سَي ࢽِکَࢽْ تࣸࢽَ يَوْدَغࣸواْبٜيٰ,إِࢽْࢽَرَاڟَ کࣸڢَيْ زࣸبَبَّىٰ  سَيْ ࢽِکَࢽْ تࣸࢽَ يَوْدَغࣸوْاْبٜيٰ
إِࢽْ بَيْغَ أَبِࢽْثِي يَىْ يَوَابَا,إِࢽْ بَيْغَ أَبِࢽْثِ يَيْ يَوَابَا
سَيْ يَثٜيٰ غَمَزَابِيَرْࢽٜيٰ    يَاڢِ غࣸࢽْ مَاتَ بَکࣸوࢽٜيٰ,سَيْ يَثٜيٰ غَمَرَابِيَرْࢽٜيٰ  يَاڢِ غࣸࢽْ مَاتَابَکࣸويْࢽٜيٰ
وَࢽْسࣸ دࣸومِࢽْ ࢽࣸوࢽْ إِيکَوْاْ    بَاسࣸ سࣸࢽْ سࣸڢِتࣸوْاْ سࣸتَاکࣸوْا,وَࢽْسࣸ دࣸومِࢽْ ࢽࣸوࢽَ إِيکࣸوْاْ بَاسࣸ سࣸرْسࣸڢِتࣸواْسࣸتَاکࣸوْاْ
ڢل کيڢ يشبى مخلوڡ لخالفه ؞ اواࢽ يماثله فد جل عدمثل,فل کيڢ ينشبه مخلوڡ لخالف ؞ اواࢽ بمانله فدجل عڡ مثل
يَايِ سَابࣸوا إِࢽَاکَماتَيْ کࣸدࣸوبَا   ميْڢَ بَوْتَدَّ طَاشِشَايࣸوعَذَابَا,بَايِ سَابࣸوا إِࢽَاکَمَاتَيْ کࣸدࣸوبَا  مَيْڢَ بَوْتَدَّطَاشِشَايࣸوعَذَابَا
دࣸولٜيٰ غَاکࣸواْࢽَࢽْ کࣸشٜيٰوَا     تَاتَڢࣸواْ تَاتَردَ کٜيٰوَا,دࣸومٜيٰ غَاکࣸواْࢽَࢽْ کࣸشٜيٰوَا تَاتَڢࣸوْاْتَاتَرْدَکٜيٰوا
والاستطاعةللمغد ورتصحبه ؞ وذاخلاڡ لمافدفل مࣸعْتَدِلِ,والاستطاعة للفدور تصحبه ؞ وذاخلاڡ لافدفال معتل
إِࢽْ کَاثٜيٰ مَتَ أْمْشِ تَکَرْدَرْ   سَيْ کَجِ تَاثٜيٰ بَاࢽِ رࣽڧَاتَا,إِࢽْ کَاثٜيٰ مَتَ أَمْثِ تَکَرْدَرْ  سَيْ کَجِ تَاثٜيٰ بَاࢽِ ڧِࢽَاتَا
کࣸوْاکَيِيشِ دَشِشِّغِيࢽٜىٰ    مَىْ شِغَاغࣸواْࢽَرْمࣸتاࢽٜىٰ,کࣸوْاْکَبِيشِ دَشْشْڧِيࢽٜيى  مَيْ شِغَاغࣸواࢽَرْمْ تَاࢽٜيٰ
ࢽَمَࢽْغِ زَارِيَ؞,ࢽَمَࢽْغِ زَارِيَ
دَࢽْ بَثٜىٰوَرْهَࢽکَلِࢽْکࣸ بِى بِيَࢽْ سࣸࢽْ ذࣸوثِيَرْکࣸ,دَيْ يَثٰٜوَرْهَࢽْکَلِࢽْکࣸ بِي بِيَرْسࣸࢽْ ذࣸوثِيَرْکࣸ
ڢصل ءاخر نا معنا ه ايظ,ڢصل داخنا معناه اي
سَيْوࣸ تࣸوبَ سࣸࢽَادَاعَيْبِ  سࣸوجِ کࣸࢽْيَارَࢽْ حِسَابَ,سَيْسࣸ تࣸوبَ سࣸࢽَادَاعَيْبِ  سࣸوجِ کࣸࢽْيَارَࢽْ حِسَابِ
ڧَرْشٜࢽْسَ بَأَيْ بَڧِࢽْ ثِکِيبَا,ڧَرْشِࢽْسَ بَأَىْ بَڧِࢽْ ثِکِيبَا
کَيْدࣸوبردَايٜࢽْ اࣸوَࢽْ کَ     سَىْ کَثٜىٰ مَسࣸ وَࢽْ اࣸبَࢽْکَ,کَ دࣸجࣸودَايَرْأࣸوَرْکَ  سَيْ کَثٜيٰ مَسࣸ وَࢽْ أࣸبَࢽْکَ
جِࢽکِرِي دَبِيَࢽْ إجَارَا    عَامِلِي غَلَطِي غَسࣸورَا,جِࢽْکِرِي دَبِيَࢽْ إِجَارَا  عَامِلِي غَلَطِي غَسࣸورَا
7,1
ࢽَاࣸرِࣸوڧِ اَللهْ تيمکو دمواڢڧا دࢽسر يوا ڧاتا غزثࢽ يࢽ عوا,ࢽَارࣸوڧِ اللّهْ تَيْمَکࣸودَمࣸوڢَڧَا  ذَࢽْشِرْيَوَاڧَاتَاغَذَࢽْثِي بَࢽْ عࣸوا
مَىْ سࣸوࢽْسَ بَذَيْغَ هَلَّکَابَا,مَيْ سࣸوࢽْسَ بَذَيْغَ هَلَّکَابَا
مَسَاکَىْ ذَاعَدِࢽْغَ بَيْوَاࢽَأللهْ    دَڢَڧيْرَىْ ماَسࣸ کِيَاوࣸࢽْ طَبِى عَ,مَسَاکَيْ ذَاعَدِࢽْغَ يَيْوَاࢽَاللَّهْ  دَڢَڧِيرَيْ مَاسࣸ کِيَاوࣸࢽْ طَبِيى عَ
تَايِي خَيْضَاذَاتَ وَࢽْکَا   حَرْذࣸوَا بَرْثِي أَڢَرْکَا,تَايِي خَيْضَاذَاتَ وَࢽْکَا  حَرْذࣸوَابَرْثِي أَڢَرْکَا
ڧِرْجِࢽْ بَىْ دَيْࢽَ سࣸوْايࣸوَابَا,ڧِرْجِࢽْ بَيْ دَيْࢽَ سࣸواْبࣸوَابَا
مَغَࢽَاثٜى بَاأبَرْمࣸسࣸوبَا,مَغَࢽَاثٜيٰ بَاأَبَرْمࣸسࣸوبَا
مَيْزِࢽَىٰ ࢽَمِجِي مَاتَاتَسَا   مَڟَاڢِيَا إِتَثٜيٰ مَاتَاتَسَا,مَيْزِࢽٜيٰ ࢽَمِجِي مَاتَاتَسَا  مَطَاڢِيَاإِتَثٜيٰ مَاتَاࢽَࢽسَا
يَاإِلَهِ اِلْعَرْشِ مَوْلَا  ࢽَارَبَامࣸ دَوَࢽْغَ ذِلَّا,يَاإِللَهِ الْعَرْشِ مَوْلَا  ࢽَارَبَامࣸ دَوَࢽْغَ ذِلَّا
إࢽَدَسَوْرَࢽْرَايࣸوَࢽْکَ عَيْ أسَاثࣸوتَاجِکِْکَ,إِࢽْدَسَوْرَࢽْ رَايࣸوَࢽْکَ  سَيْ أَسَاثࣸوتَاجِکِࢽْکَ
ماسࣸ إِسْکٜيٰمَ طَاکࣸࢽَادࣸکْ سࣸيَايٜيٰ   حَکَࢽَامَاسࣸ ثِࢽْ غࣸلࣸولࣸ سࣸبࣸويٜيٰ,مَاسࣸ إِسْکٜيٰمَ طَاکࣸࢽَادࣸکَ مࣸبَلٜيٰ  حَکَࢽَامَاسࣸ ثِࢽْ غࣸلࣸولࣸ سࣸبࣸويٜيٰ
ڢِى ذَاتِهِ>عٜذَاتِ مَکّࣽ وَالاَڢِى صِڢَاتِهِ>,ڢِى ذَتِهِ>عٜذَاتِ مَکّࣽ وَلاڢِ صِڢَاتِهِ>
دَوَࢽِࢽْسࣸ دَبَيْىِ تَمْبَيَابَا,دَوَࢽِࢽْسࣸ دَبَيْيِ تَمْبَيَابَا
35,1
مَيْڧَرْيَرْشَرِڢْتَکَ تࣸوکࣸدَيْࢽَا    غِرْمَࢽْکَىْ کࣸيَادَشِى کࣸيِى صَࢽَاعَ,مَيْڧَرْيَرْشَرِڧْتَکَاتࣸوکࣸدَيْࢽَا  غَرْمَࢽْکَيْ کࣸيَادَشِي کࣸيِي صَࢽَاعَ
دَسࣸࢽْجٜىٰ کَامَ مَاسࣸ لَيْڢِى دَعَيْبࣸ    سَىْ سࣸحطَادَوَࢽْدَبَايَاصَࢽَاعَ,دَسࣸࢽْجٜيٰ کَامَ مَاسࣸ لَيْڢِي دَعَيْبࣸ  سَيْ سࣸحَطَادَوَࢽْدَبَيَاصَࢽَاعَ
غَاڧِشِي يَاسࣸيٜيٰ سَيْڢَا مَاجِࢽَاࢽَا تَوْشٜيٰ وࣸوْڢَا,غَاڧِشِي يَاسࣸويٜيٰ سَيْڢَا  مَاجِࢽَاࢽَاتَوشٰٜ ڧࣸوْڢَا
يَࢽَاکࣸمَ دَلَادَوَࢽْدَکࣸوڢَ مَلَاءِکَ ؞  بَيَاإِيَ رࣸبࣸوتࣸو ࢽَسْبَ سِيدِ مࣸحَمَّدَا,يَࢽَاکࣸمَ دَلَاأࣸوَࢽْدَکࣸوڢَ مَلَابِکَ ؞  يَبَاإِيَ رࣸبࣸوتࣸوࢽَسْبَ سِيدِ مࣸحَمَّدَا
دَطَاأَࢽَطٜيٰ ڢَڧَسَاأکَاوࣸوصِرَاطِ کࣸو    ڟَکَاࢽِࢽْ وࣸتَاأکَڢَامࣸحَوْشِ دَأَحْمَدَا,دَطَاأَࢽَطٜيٰ ڢَڧَمَاأَکَاوࣸوصِرَطِ کࣸو  ڟَکَاࢽِࢽْ وࣸࢽَاأَکَڢَامࣸحَوْشِ دَأَحْمَدَا
تَمَّتْ بِحَمْدِ اِللَّهِ ࢽَࢽْ ذَࢽْ دَاکَتَا   ࢽَاغࣸودٜيٰ اِللَّه شِي يَثٜيٰ أَيِي أَورٜيٰ,تَمَّتْ ِجِمْدِ اِللّهِ ࢽَࢽْ ذَࢽْ دَاکَتَا  ࢽَاغࣸودٜيٰ اِللَّهْ شِي يَثٜيٰ أَبِ أَوْرٜيٰ
41,1
کَارࣸوَ بَاةَ غࣸوࢽِي کَڢْهَمْةَ  کࣸوْوَّا يَبَاةَ شِيࢽٜي غࣸوࢽِِِِِِࢽةَ,کَارࣸوَبَبَاةَ غࣸوࢽِي کࣸڢْهِمْةَ  کࣸوْوَايَبَاةَ شِيࢽٜيٰ عࣸوࢽِࢽْةَ
سو,سو
دࣸوکِيَرْأَجىٰ سَىْ مَغَادَا     دࣸࢽْ شَرِيْعَابَاتَ يَرْدَا,دࣸوکِيَرْأَجٜيٰ سَيْ مَڧَادَ  دࣸࢽْ شِرِيڢَابَاتَ يَرْدَ
غَاشِ کࣸوْاْأࢽْکٜىٰوَيٜىٰش    سَيْدَجِࢽْ مَغَࢽَرْيَتَاشِ,غَاشِ کࣸوْاْأَࢽْ کٜيٰوَيٜيٰشِ  سَيْدَجِࢽْ مَغَࢽَرْيَتَاشِ
وَسࣸنَنࣸهࣸ سࣸنَّا جِ طِࢽْ ࡶَرْبَعَةࣻکࣸطِنࣵحْ غَسْلࣸ,وَسࣸنَنࣸهࣸ سࣸنَّاجِ طِرْࡶَرْبَعَةࣸکࣽطِنَىْ غَسْلࣸ
تَکَࢽْ ڧِغَدࣸوْاْ تَکࣸوࢽَا أَکٜسࣸواْ,تَکَي ڧِڢَدࣸوْاْتَکࣸوࢽَأَکٜيسࣸوا
6,2
بعدالذهب فوم ابطلواسڢها ؞ شڢاعةالمصطڢى والملک والرسل,بجدلذڢب فوم ابصلو اسڢها ؞ شڢاعة المصطڢ والنک والر مل
مَاسࣸ تَيْمَکَ يَٜࢽْ غَرَايࣸو  مَاسࣸ ثِࢽْ کَايَࢽْ مَرَايࣸو,مَاسࣸ تَيْمَکَ يَࢽْ غَرَايࣸو  مَاسࣸ ثِࢽْ کَايَࢽْ مَرَايࣸو
٢٠  شِي يَطَوکَکَـ بِرْبِشِࢽْسࣸ     حَسَّدَرْسࣸ تَهَلَّکَاسࣸ,٢شِي يَطَوکَکَ بِرْبِشِࢽْسࣸ  حَࢽَّدَرْسࣸ تَهَلَّکَاسࣸ
کَثٜى اَرْزِڧِسࣸ وَتَاالڧِيَامَا    اِدَࢽْ سࣸࢽمَثٜى کَوسࣸࢽايِࢽ زِࢽَا,کَثٜي زَرْزِڧَسࣸ وَتَاالڧبَامَا   دَࢽْ سࣸࢽمَثٜيٰ کَوسࣸࢽَابِࢽْ زِࢽَا
کࣸࢽَاجِࢽْ کَرَمࣸ السࣸيدِ مَهْدِيّࣸ مࣸࢽْتَظَرْ ؞ کࣸسَࢽْ کࣸمَ جِيکَاࢽٜيٰ ࢽَأَࢽَّبِ أَحْمَدَا,کࣸࢽَاجِࢽْ کَرَامࣸ اَلسِيدِ مَهْدِيّࣸ مࣸࢽْࢽَظَرْ ؞  کࣸسَࢽْ کࣸمَ جِيکَاࢽٜيٰ ࢽَأَࢽَّبِ أَحْمَدَا
٢٥  مَيْ أَدࣸواْ دَيَوَࢽْ مࣸضࣸورِي   غَاصِڢَامَرَشِࢽْ ڧࣸصࣸورِي,٥مَࢽْ أَدࣸواْدَبَوَࢽْ مࣸضࣸورِي  غَاصِڢَامَرَشِࢽْ ڧࣸࣸورِي
جَمَعَامࣸطَوْحَڧࣸرِى مࣸذَلاَڢِيَا   کࣸمَ کَرْمࣸدࣸوسَ مࣸسࣸ ڧࣸرَيْ دَمࣸتاࢽٜيٰ,جَمَعَامࣸطَوْحَڧَرِي مࣸذَوْࢽَالَاڢِيَا  کࣸمَ کَرْمࣸدࣸوسَ مࣸسࣸ ڧࣸرَيْ دَمࣸتَاࢽٜيٰ
کَلَ نِطّࣸڢࣸمࣸ غَمطࣸ تَفا ڢࣸمٜنْ تَجࣸرَلْ اࣸعَدَّىْ رٜوْدٜدࣸنيانَڢْتَتَا,عَلْ نٜطࣸڢْهࣸ عَدْبࣸطࣸ خمࣸطࣸ نَڢَاجࣸمٜࢽْ غٜرَلْاࣸعَدَمْْرٜوْمࣸدࣸجࣸبْدࣸڢْتَدتَا
دࣸکْ کَيࣸومَسࣸ إِࢽْدَهَالِي    إِࢽْ ڢِتَࢽْ کࣸواْيَيْ دَلِيلِي,دࣸکْ کَيࣸومَسࣸ إࢽْدَهَالِ  إِࢽْ ڢِتَࢽْ کࣸواْيَيْ دَلِيلِي
ييم کي,امياکوي
سَࢽّࣸ طَامَى ݣࢽْࢽ ڟَيَاوَا    مَىْ يَوَࢽْ ڢَرَعَادَکࣸوْاْوَا,سَࢽْࣸ کَيْ ڟَِسْ ڟَبَوَا  مَوْرَدَࢽْڢَرَمَادَوْاْوَا
بَرْدٜࢽْ شِغَااَلْجَࢽَّ ڧَمْشِي بَيَاجِبَا ؞  شِيمَاحَدِيثِࢽْ کࣸسَوْرَرِ ڢَاءِدَا,بَرْدِرْشِغَاأَࢽْجَࢽَّ ڧَمْشِي بَيَاجِبَا ؞  شِيمَاحَدِيشِ ࢽٜي کࣸسَوْرَارِ ڢَاءِدَا
إدࢽ الله کاࢽڢ ذامتاشي   ميادوزࢽغ سيجمع ࢽصارا,ادࢽ اله کاࢽع ذامتاشي ميادورࢽغ سيجمع ࢽصارا
يَايِي ࢽَوْيِي کَرْأَبَاسَࢽْ   هَࢽّࣸࢽْ هَلَکَاأَثࣸوسَࢽْ,يَايِي ࢽَوْبِي کَرْأَبَاسَ  هَࢽّࣸوَࢽْ هَلَکَاأَثࣸوسَࢽْ
الامر,سَلامَࢽ
هَکَ يَارࣸواْطَࢽْسَ کࣸوْاسَوْ    بَاسَ طَلْحَةَيَوْأزَزَّوْ,هَکَ يَارࣸوَاْطَࢽْسَ کࣸوْاْسَوْ  بَاسَ طَمࣸحَةَّ يَوْأَزَزَّوْ
بَرِسࣸࢽْ  أَبࣸࢽْرِيَا إࢽْ طَࢽَاسࣸࢽْ ڧَارࣸوَا,بَرِسࣸࢽْ أَبࣸࢽْرِيَاإِࢽْ طَࢽَاسࣸيْ ڧِارࣸوَا
يَٰال يَرْنࣸمࣽ وٰٜيدࣸأَنَّبِ أَحْمَدࣸ هࣽنامّࣸ درڢردوس سَارٜدٜبࣽنتَتَا,يَالِ يَرْنࣸمࣸ وٜبٰدࣸأنّبِ أَحْمَدࣸ هࣸنَامّࣸ دࣸرڢٜردࣸوسَ سَارٜدࣸبࣸنْتَتَا
مَيْحَࢽْکَلي شيࢽي متࢽ غمحوکثي وعظي غمي لورا دذࢽثࢽ عࢽ عوا,مَيْحَࢽْکَلِي شِيࢽٜيٰ مࣸتࣸࢽْ غَمَحَوکَثِي وَعَظِي غَمَࢽْ لࣸورَادَذَࢽْثِࢽ عٜࢽْ عَوا
کࣸبَرْسࣸࢽْ زَمَاڢَ أَکَࢽْ تَڢَرْکِيڢَ کࣸࢽجِيَا ؞  شِيمَا حَدِيشِ ࢽٜي کࣸسَوْرَارِ ڢَاءِدَا,کࣸبَرْسࣸࢽْ زَمَاڢَ أَکࣸࢽْ تَڢَرْکِيڢَ کࣸࢽْجََا ؞  شِيمَاحَدِيشِ ࢽٜيٰ کࣸسَوْرَارِڢَاءِدَا
ذاعَ ࢽࣸوࢽَاࢽٜيٰ أَشَاوَرْ ثِي يَٜࢽْ وࣸتَا حَرْأَشَاوَرْ,ذَامَ ࢽࣸوࢽَاࢽٜيٰ أَشَاوَرْثِي يَࢽْ وࣸتَ حَرْأَشَاوَرْ
کتاب احمدبࢽ,کاب احدب
غَاڧࣸوڧَرِي غَاحَࢽْڧࣸرِي غَاحَࢽْکَلِي   کࣸمَ غَابِيَيَّاغࣸࢽْ مَذَاجَࢽْ أَوْرٜيٰ,غَاڧࣸوڧَرِي غَاحَࢽْڧࣸرِي غَاحَࢽْکَلِي  کࣸمَ غَابِيَيَّاغࣸࢽْ مَذَلبَࢽْأَوْرٜيٰ
اتى الکذوب بن ورالفول مڢتى ياعهيحات جل کلام الله عࢽ مثل,اتى الکذوب ب ڢࢽ الفول مڢتر مڢيمات جل کلام الله عࢽ مثل
مَي؞ثِࢽْ حَرَامࣸࣸ دࣸودَکَرَاهِيَا   الدّࣸعَاتَسَىٰ بَاتَاوࣸرِࢽْذࣸوَا,مَيْثِࢽْ مَرَامࣸ دࣸودَکَرَاهِيَا  اَدّࣸعَاتَسَيٰ بَاتَاوࣸرِࢽْذࣸوَا
تَاتَرَسْ دَمࣸتࣸمْ مَسَاڧِ  يَازَغٜىٰ يَاڧَارٜيٰ مِڧ,غَاتَرَسْ دَمࣸتࣸمْ حَسَاڧِ  يَازَغٜىٰ بَاڧَارٜيٰ مِڧِ
2,1
بَاتَ,عذت
بَسࣸ سَࢽْ لࣸوْتࣸࢽْ دَذَىْ غَمَابَا,بَسࣸ سَࢽْ لࣸوْاْتࣸࢽْ دَذَيْ غَمَابَا
أَوْضٜيٰ ࢽَبَيْوَاࢽَادَبَڧِࢽْ ثِکِي   مَيْيِࢽْ سَا يَاڧِ يَاثِي غِدَاࢽَسَا,أَوْضٜييٰ ࢽَبَيْوَاࢽَادَبَڧِࢽْ ثِکِي  مَيْيِࢽْ سَايَاڧِ يَاثِي غِدَاࢽَسَا
ࢽَتَڢࣸواْمَک بَادَ تَمْبَيَابَا,ࢽَتَڢࣸواْمَکَ بَادَتَمْبَيَابَا
بَکَ ذَاݒِ ذَمَاأَهَلَّکَابَا,بَکَذَاݒِي ذَمَأَهَلَّکَابَا
سَيْ مَشَاوَرْتاسࣸثٜىٰ کࣸوْا دَمَى بࣸلَّࢽْ أطَوْکࣸواْ,سَيْ مَشَاوَرْتَاسࣸثٜيٰ کࣸواْ دَمَيْ بࣸلَّࢽْ أَطَوْکࣸواْ
وَتَاخِيرࣸࡼلسّࣸهࣸورِعٜنٜنّࣸفࣽلْ سࣸفࣸللَرِوَلاَيࣸبَٰلِغࣸ,وَنَاخِيرࣸ ࡼلسّࣸهࣸورِ عٜنْنࣸفࣸلْسࣸفࣽلْرِ وَلَيࣸبَلِعࣸ
سِرِِّوَاࢽِي بَادَشَاوَرَابَا,سِرِّوَࢽِي بَادَشَاوَرَابَا
بَاسࣸ کࣸواْسَامࣸࢽْ سَرَارٜيٰ   سَيْ دࣸحࣸو مَيْطَوْرَأَوْرٜيٰ,بَاسࣸ کࣸوْاْسَامࣸࢽْ سَرَارٜيٰ  سَيْ دࣸحࣸومَيْطَوْرَأَوْرٜيٰ
أَلࣸهَالِي بَاذَاشِ کࣸواْمࣸوَابَا,أَلࣸهَالِي بَاذَاشِ کࣸواْمࣸوَابَا
اࢽبتدع کتب هذاالکتاب يوم الاثࢽيࢽ ڢي,اࢽبࢽدم کࢽب مذاالکࢽاب يوم الاتࢽيࢽ ڢم
سَادَيَٜࢽْ سِحِرِي غَلَيْڢِي   ذَاأکَࢽْ بِطَ ࢽَاسࣸ جَوْڢِي,سَادَيَࢽْ سِحْرِي غَلَيْڢِي  ذَاأَکَࢽْ بِطَ ࢽَاسࣸ جَوْڢِي
جَوْلٜيلٜ مَيْرࣸيَمٜيلٜ مَيْرࣸدࣸحࣸوْنناࣸࢽْ کِمّࣸرْطࣸ جَوْلٜ عٜيَامْدٜکِرْسَࢽْ حارَتَا,جَوْلٜلٜومَيْرࣸعٜمِيلٜ مَيْرࣸدࣸحࣸوْتَاْࣸ کٜمࣸرْطࣸ جَوْلِ عٜيَامْد جِزْسَهْ حَارِتَا
مَڢِي يَوَࢽْسࣸ سࣸࢽَادَبࣸکَاتَرْ بࣸغࣸومِࢽْ؞ وَطَࢽْسࣸمَا سࣸکَࢽْ,مَڢِيي يَوَࢽْسࣸ سࣸࢽَادَبࣸکَاتَرْبࣸغَومِࢽْ وَيَدِوَطَࢽْسࣸمَاسࣸکَࢽْ
إِࢽْ دࣸوࢽِيَࢽَࢽَا ذَاتَا تَبِرْکِتَا   مثِيَاَ أَمَاࢽَاࢽٜيٰ ذَاسࣸيْ يَوَا,إِࢽْ دࣸوࢽِبَࢽَࢽَاذَاتَاࢽَبِرْکِتَا  مَثِيَاأَمَاࢽَاࢽٜيٰ ذَاسࣸيْ يَوَا
إِذَرْ کࣸکَثٜيٰ أَّيْ مࣸوڢَ بَمࣸسَࢽْ بَا شَرْࢽَهࣸ ؞ مࣸࢽࣸوࢽَ بَيَاࢽِ کَسَࢽْتَ دَرَجَ مࣸحَمَّدَا,إِذࣸࢽ کࣸکَثٜيٰ أَيْ مࣸوڢَ بَمࣸسَ بَ شَرْࢽَهࣸ ؞  مࣸࢽࣸوࢽَ بَبَاࢽِ کࣸسَࢽْتَ دَرَجَ مࣸحَمَّدَا
ڢصل ناالص اط,ڢصل نه الصم اط
بتوࢽا شيخ ييش باشتاش    سعاتاياڢدٜيت تاࢽصارا,بتوࢽاشيخ ييش باشتاش سعاتاياڢدت تاࢽصرا
مَالَمْ يَثٜيٰمَࢽَادࣸوجَلْ ࢽَاذࣸوَا   ذَايَذࣸوايَيِ سَرَوْتَادࣸوࢽِيَا,مَالَمْ يَثٜيٰمَࢽَادࣸوجَلْ ࢽَاذࣸوَا  ذَايَذࣸواْيَيْ سَرَوْتَادࣸوࢽِيَا
مَيْغࣸمَاذَمَالَمِيࢽٜىٰ    وَࢽْدَبَاشِغَامࣸتَاࢽٜىٰ,مَيْغࣸمَاذَمَالَمِيࢽٜيٰ  وَࢽْدَبَاشِ شِغَامࣸتَاࢽٜيٰ
مࣸصْطَڢَى ࢽى شࣸوغَبَࢽسࣸ  کࣸواْدَ يَزَّکَ ڧَارِشَࢽْسࣸ,مࣸصْطَڢَى ࢽٜيٰ شࣸوغَبَࢽْسࣸ  کࣸوْاْيَزَّکَ ڧَارَشَࢽْسࣸ
حَکَ مَاسࣸ لٜيٰڧيٰ غࣸࢽْ مَّدࣸابَࢽْ دࣸࢽِيَا   کࣸلّࣸ سࣸࢽَاطَيٜيٰ ثَࢽْ أَبَاکِࢽ زَوْرٜي,حَکَ مَاسࣸ لٜيٰغٜيٰ غࣸࢽْ مَّدࣸابَࢽْ دࣸوࢽِيَا   کࣸلَّ سࣸࢽَاطَيٜيٰ ثَࢽْ أَبَاکِࢽْ زَوْرٜيٰ
دࣸࢽْ شِمَىْ ڢِدَّاءࣸدࣸࢽْ سࣸ    کٜىٰ بِطَرْڢَضَلَاغَرٜىٰسࣸ,دࣸࢽْ شِمَيْ ڢِدَّاءࣸدࣸࢽْسࣸ کٜىٰ بِطَرْڢَضَلَاغَرٜيىٰسࣸ
سࣸوࢽَࢽْةعَاء ثِکِࢽْ کَڟِࢽَا  أسْکْکّࣸتࣸوْاْ سَيْ تَثٜي مَيْمࣸࢽَا,سࣸوࢽَࢽْةَ مَلاَثِکِيْ کَڟِࢽَا  أَسْهکْکࣸتࣸوْاْکࣸواْسَيْ تَثٜيٰ مَيْمࣸࢽَا
يَارَࢽْ دَذاأَيْ ڧَرْشَࢽْ زَامَࢽي  بَاسࣸتَوْسَࢽْ مَحَيْڢَيٰ ࢽَاجِيَا,يَارَࢽْ دَذَأأيْ ڧَرْشَࢽْ زَامَࢽِي  بَاسࣸتَوْسَࢽْ مَحَيڢٜيٰ حَاجِيَا
وَطَࢽْسࣸ سࣸشࣸوطٜيٰ ࢽَࢽْ دَࢽَࢽْ بَاوࣸيَاکࣸرࣸمْ   کَمَرْوَلَڧِيَرْ حَدَرِي ڢَتَارٜيٰدَأَحْمَدَا,وَطَࢽْسࣸ سࣸشࣸوطٜيٰ ࢽَࢽْ دَࢽَࢽْ بَاوࣸيَاکࣸرࣸمْ  کَمَرْوَلْغِڢَرْحَدَرِي ڢَتَارٜيٰدَأَحْمَدَا
اَللَّهࣸ مࣸࢽَارࣸوڧࣸࢽْکَ سَرْکِي عࣸبَࢽْغِجِ ؞ دَدَرَجَلْ مَسࣸويٰٜࢽْ ࢽَاکَ أَࢽَّبِ أحْمَدَا,اَللَّهࣸ مࣸࢽَارࣸوڧࣸࢽْکَ سَرْکِي عࣸبَࢽْغِجِ ؞ دَدَرَجَلْ مَسࣸويٜيْ ࢽَاکَ أَࢽَّبِ أَحْمَدَا
سَىْ يَثٜىٰ يَاذࣸوْالجَلَالِ     أࣸمَّتِي يَاذࣸوْالْجَلالِ,سَيْ يَثٜيٰ يَاذࣸوْالْجَلَالِ  أࣸمَّتِي يَاذࣸوْالجَلَالِ
شِبِ الله بَادَ کَࢽغَرَابَا,شِبِ اَللَّهْ بَادَکَࢽْغَرَابَا
نَفَل هذا,رورمذا
5,1
يَاکَشٜيٰ أَثِکِࢽْ ثِيَرْوَا    کࣸواْ ذَامَامَيْ ڧَايَتَرْوَا,يَاکَشٜيٰ أَࢽِکِࢽْ ثِيَرْوَا  کࣸوْاْذَمَامَيْ ڧَايَتَرْوَا
أَرْزِڧِࢽْسَ يَهَسْکَ ڧِرْجِࢽْ   اَلࢽَّبِࢽْسَ أبࣸوکَ بَرْجِࢽْ,رَرْڧِسَࢽْسَ يجَࢽْکَ ڧِرْجِࢽْ  اَللَّبِࢽْسَ أَبࣸوکَ بَرْبِࢽْ
سَىْ غَبَࢽْ کࣸرْسِࢽْ سَرَوْتَا    دࣸࢽْذࣸوَࢽَّࢽْ يَاوࣸيَاتَا,سَيْ غَبَࢽْ کࣸرْسِࢽْ سَرَوْتَا  دࣸࢽْ ذࣸوَࢽَّࢽْ يَاوࣸيَاتَا
بَاکࣸواْمَيْ ڢَادَ هَلَّکَابَا,بَاکࣸواْمَيْ ڢَاطَ هَلَّکَابَا
سَادَمَىْ سࣸجَدَاغَغࣸࢽْکِي     کࣸوْاْشَرِيْعَابَبࣸ حَکِّي,سَادَمَيْ سࣸجَدَاغَغࣸمْکِي  کࣸوْاْشَرِيڢَابَابࣸ حَکِّي
جِيْکَࢽْ عَدْࢽَاࢽِ طَࢽْ سࣸوَيْبَا,جِيْکَࢽْ عَدَࢽَاإࢽِ طَࢽْ هࣸوَيْبَا
دࣸوࢽِيَا مَرْ مَاهࣸوتَا   رَࢽْدَ ڟَيْوَا تَاڟَࢽَࢽْتَا,دࣸرَࢽِيَاعَرْمَامَهࣸوتَا  رَࢽْدَڟَيْوَاتَاَڟࢽَࢽْتَا
جَمَعَ مࣸسّْࣸمِي إِࢽْ سࣸࢽَيَاڧِکَيْ   سࣸࢽَاکَشٜيٰ جࣸوࢽَاࢽَاسَاڢَرِي,جَمَعَ مࣸسࣸلْمِيَاࢽْ سࣸࢽْيَاڧَکَيْ  سࣸࢽَاکَشٜيٰ جࣸوࢽَاࢽَاسَاڢَرِي
نعم لافوات کل الخلڡ فدرها ؞ عدبى الخلڡ والارزاڡ والاجل,نعم لافوات کل الخلڡ فدوها ؞ عدبى ا وارل
وࢽس,وࢽس
کَضࣸڢَامࣸ,کَࢽکَلࣸڢَاي
عِوࣸسْبَادٜوَالاِسْتِنسَاڡࣸ عٜسࣽرْکِنَادٜوَفِيَامࣸ,عِوࣽسْبَادٜوَالاِسْتِسَامࣸ عٜسࣸرْکِنَادٜوَفِيَامࣸ
بࢽ,بࢽ
مَيْسَࢽْࢽࣸويَارِࢽْيَاأَعِࢽَاکِککٜيٰ  دࣸوڢَاسِڧَيْࢽٜيٰ بَاوَتَاغَرْدَمَ,مَيْسَࢽْࢽࣸويَارِࢽْبَاأَعِࢽَاکِکٜيٰ  دࣸوڢَاسِڧَيْࢽٜيٰ بَاوَࢽَاغَرْدَمَ
طِࢽْ خَمْشَةࣻکࣽجࣽوِتَعْجِيلࣸ ࡼلْڢِطْرِکࣽيَذِّنْدٜطَيْرٜ,طِࢽْ خَمْشَةࣻࣸکࣽجࣸوتَعْجِيلࣸ ࡼلْڢِطࣶرِکࣽيَذِّنْدٜکٜيْرِ
وَࢽْسࣸ کࣸوْاْشِڟيَاأَڧِرْجِي  غَاشِ رَاࢽَاتَايِي غَرْجِي,وَࢽْسࣸ کࣸوْاْشِڟَيَاأَڧِرْجِي  غَاشِ رَاࢽَاتَابِي غَرْجِي
مࢽ خمسمانةعام کل واحدة ؞ کذارتڢاع سموک الکل لاتحار,مࢽ خماتة عام کل واحدةه ؞ کذارباع وڡ الࢽ ل
سࣸوࢽْ ڢَڧࣸرْءَاࢽࣸ أڢَّسࣸوࢽْ سَرْکِي رِڧٜي تࣸتࣸتْ کࣸلّࣸ يَوْمِ,سࣸوࢽْ ڢَغࣸرَدَاࢽࣸ أَڢَّسࣸوࢽْ جَلَّ سَرْکِي  حَرْمَاأَيْکِررِڧٜيٰ تࣸتࣸتْ کࣸلّࣸيَوْمِ
وَطَࢽْدَأَيࣸکَّاسࣸࢽْکَ دَيْدَيْتَ أَࢽْکَثٜيٰ  ڢَسࣸوأَکَکَيْ لاَغْرَاڢࣸ إِࢽْجِ مࣸحَمَّدَا,وَطَࢽْدَأَبࣸکَاسࣸࢽْکَ دَيْدَيْتَ أَࢽْکَثٜيٰ  ڢَسࣸوأَکَکَيْ لَاڧَرٜوࣸ إِࢽْجِ مࣸحَمَّدَا
کࣸواْرࣸڢِي طَيْ إِࢽْ کَغَاࢽٜيٰ  کَࢽْ أَکَيْ طَيَ شٜيٰکَرَاࢽٜيٰ,کࣸواْرࣸڢِي طَيَ إِࢽْ کَغَاࢽٜيٰ  کَࢽْ أَکَيْ طَيَ شٜيٰکَرَاࢽٜيٰ
34,ࢽ
غَايَوَࢽْ ࢽَڟࣸوَادَعِڢَّا     غَاشِ ݣَيݣَّياوَاغَصِڢَّا,غَايَوَࢽْ ࢽَڟࣸوَادَمِڢَّا  مَاشِ حَمَّکيَاوَڢصِڢَّا
وَالصلاة والسلام,والصلاة والسلام
ڢصل نا الجابزات ڢمنحارويةالمولى سبحا نه وتعلى,ڢصل نا الجايءات ڢمنماروية الولى سبحانه وتعل
بَࢽْ إيَاوَاشِى إسَࢽْسَى     يَاڢِتࣸوْاْمࣸوࣸثٜىٰ غَعِيسَىٰ,بَࢽْ إِيَاوَاشِي إِسَࢽْسَ  يَاڢِ تࣸوْاْمࣸوࣸثٜيٰ غَعِيسَٰ
ڢصل,1
11,1
بَاذَاعَ ڢِتࣸواْ دَسࣸوتࣸدࣸوبَا,بَاذَاعَ ڢِتࣸواْدَسࣸوتࣸدࣸوبَا
أَيِوࣸومَسْ حِسَابِ دَڟَࢽَِࢽِيڢَ کࣸࢽجِيَا ؞   دَسْرِِيࢽَ ڟَࢽَࢽْ تَاوَا دَيْ إِࢽْجِ أَحْمَدَا,أَيِوࣸومَسْ حِسَابِ دَطَࢽَيْڢَ کࣸࢽْجِيَا ؞  دَسࣸسْ بٜي طَࢽَْ تَاوَادَيْ إِࢽْ أحْمَدَا
بَاحَࢽْيَاثٜيٰ تَغَاڢَرَابَا,بَاحَࢽْيَاثٜيٰ تَڧَاڢَرَابَا
ࢽَڟࣸوَاإِتَثٜيٰ مَثٜيٰ کࣸويَرْوَاثٜيٰ   إِࢽْ کَغَ بَاࢽْڟࣸوَاکَبَجٜيٰتَا,ࢽَڟࣸوَاإِتَّثٜيٰ مَثٜيٰ کࣸويَرْوَاثٜيٰ إِࢽْ کَغَ بَاࢽَڟࣸوَاکَبَجٜيٰتَا
شِي أَکَىْ مَسَ يَࢽْذࣸعࣸوسࣸ    يَاحَࢽَادَوْرِي غِدَࢽْسࣸ,شِي أَکَيْ مَسَ يَࢽْذࣸعࣸوسࣸ   يَاحَࢽَادَوْرِي غِدَࢽْسࣸ
شِࢽَاڢَ دَتࣸوذࣸاحَرْبَکࣸيْ وَاللَّهْ أَࢽْکَثٜيٰ   ࢽَڢَارِࢽْ وَطَࢽْسࣸ کَرَرَّبَا دَمࣸحَمَّدَا,شِࢽَاڢَدَتࣸوذࣸواحَرْبَکَيْ وَالَه أَࢽْکَثٜيٰ  ࢽَڢَارِࢽْ وَطَࢽْسࣸ کَرَرَّبَادَمࣸحَمَّدَا
دَبَزَيْ کࣸࢽْيَاأَلَاخِرَابَا,دَبَزَيْ کࣸࢽْيَاأَلَاخِرَابَا
14,1
کࣸووَّا يَايَرْدَا دَسࣸوا يَايِ کࣸوکَا  دَسࣸودَابࣸوبࣸوا کَࢽْسࣸ عࢽ عࢽ ࢽَاسْکَا,کࣸووَّايَايَرْدَادَسࣸواْيَايِي کࣸوَکَا  دَسࣸودَأَبࣸواکَࢽْسࣸ عَي عَࢽْ ࢽَاسْکَا
شِدَوَࢽْکَࢽْ مَاسࣸ جَوْزَا    ࢽَاجِ غࣸࢽْ مَالَمْ يَهࣸوذَا,شِيدَوَْکَࢽْ مَاسࣸ جَوْزَا  ࢽَاجِ غࣸࢽْ مَالَمْ يَهࣸوذَا
کَذَاکَدَاَلَّيْࢽَىْ دَصَحْبࣸ دَتَبِعِ   دَتَابِعِ تَابِع,کَذَاکَ دَاَلَّيْࢽَيْ دَمَحْبࣸ دَتَابِعِ  دَتَابِعِ تَابِعِ دࣸکࣸ غَتࣸرْبَرْمࣸحَمَّدَا
أَݣوࣸيْ مَاتَامَيْ ڧَوْࢽَرْاِللَّهࣸ  بَاتَ ࢽࣸڢِࢽْ کࣸووَادَمࣸغࣸࢽْتَا,أَݣࣸويْ مَاتَامَيْ ڧࣸوْࢽَࢽْ اِللَّهْ بَاتَ ࢽࣸڢِࢽْ کࣸووَادَمࣸغࣸࢽْتَا
بَکࣸ سَࢽْ شِيࢽٜيٰ مَلَاءِکَابَا,بَکࣸ سَࢽْ شِࢽٜيٰ مَلَابِکَابَا
6,1
غَوَطَࢽْدَبَسࣸى مࣸوَاڢَڧَابَا,غَوَطَࢽْدَبَسࣸي مࣸوَاڢَڧَابَا
رَبَّࢽَا يَاغِرْمَمَاکَا    تَࢽْ سَشِࢽْ سَوْرَࢽْ مْأَيْکَا,رَبَّࢽَايَاغِرْمَمَاکَا  تَرْسَشِࢽْ سَوَرَࢽْ مَأَيْکَا
ذࣸثِيَاتَسَ غَاإِعَاࢽَا    غَاکِيَايٜيٰورْأَََمَاࢽا,ذࣸوثِيَاتَسَ غَاإِعَاࢽَا  غَاکِيَايٜيٰوَرْأَمَاࢽَا
حَرْأَرَࢽْ ضِيغَاکَهَࢽَامَسَا    دَوْطَرْغَبَاࢽَسَاتَاڢِي غࣸبَادَڢِي,حَرْأَرَࢽْ ضِيغَاکَهَࢽَامَسَا  دَوْطَرْغَبَاࢽَسَاتَاڢِي غࣸبَادَڢِي
ودَّتَذَمْ بَتَ وَࢽَکٜيٰ تࣸڢَابَا  شِيکٜيٰ شَيْدَا أَࢽْغَ ڧَذَࢽْتَا,وَدَتَذَمْ بَتَ وَࢽْکٜييٰ تࣸڢَابَا  شِيکٜيٰ مَيْدَاأࢽْغَ ڧࣸذَࢽْتَا
کَسَࢽ مَيذِࢽَاشيْکَ غَابَادَالله    دَيَک مࣸحمديَيࣸوزِࢽَا,کَسَ مَيذࢽَاشِيکَ غَابَادَاله  دَيک محمديَبࣸوزࢽَا
9,1
صَلِّ عࣸبَࢽْ غِجِ غَشࣸو مَاغَبَࢽْمࣸ   حَرْءالَيْ صَحَابِهِ مَاسࣸ طَاعَ,صَلِّ عࣸبَࢽْ غِجِي غَشࣸومَاغَبَࢽْمࣸ  حَرْءَالَيْ صَحَابِهِ مَاسࣸ طَاعَ
وَࢽَࢽْ مَّاتَا بَامَثِثٜيٰبَا   دَيْࢽَ ࢽࣸڢِࢽْتَ کَبَرْ شَأَوَتَّا,وَࢽّࣸࢽِ مَّاتَابَاَمثِثٜيٰبَا  دَيْࢽَࢽࣸڢِࢽْتَ کَبَرْشَأَوَتَا
مَاسࣸ ڧِوْيَرْڢِدَّذَکَّا    ذَاأَبَاتَ تَمࣸوڟَ حَوْکَا,مَاسࣸ ڧِوْيَرْڢِدَّذَکَّا  ذَاأَبَاتَ تَمࣸوڟَ حَوْکَا
الکِتَابࣸ الْحَاجِ,اَلْکِتَابࣸ اَلْحَاجِ
وفدمض الفول ت وجماالدليل بما ؞ فداتى ل الله نصاغيرمحتل,و فدمضى الفول ت وجه اله ڢل ما ؞ فذانى ل الله نصاغيمحتل
بَکَاسࣸوأثٜي کَيامࣸࢽْثِي دَسࣸوبَا  أدَوࣸمِࢽْ مَکࣸومَاتَمٜييࢽْ زِࢽَا,بکاسواثي کيامࢽثي دسوبا  دومࢽ مکوماتمييࢽ زࢽَا
تعالى کريم دَغَرِ مِࢽْکَ الله  کڢٜشي مࣸ کَمَيَا مࣸتَاࢽٜي زِࢽَا,تعالي کريم دغرمࢽک اله  کڢشيي م کمبامتاࢽي زࢽا
14,1
ڟَيْوَاکࣸوْاْبَادَدࣸدّࣸغٜىٰبَا,ڟَيْوَاکࣸوْاْبَادَدࣸدّࣸغٰٜبَا
سࣸࢽْ سَࢽْ بَازَاشِ رَايࣸوَابَا,سࣸࢽْ سَࢽْ بَازَاشِ رَيࣸوَابَا
من جل ذلک ڢى الفرءاࢽ کرره ؞ بل اوضح الامࢽ ڢى معنا ه بالمثل,مࢽ اجل ذلک ڢىالفر ءاࢽ کرره ؞ بل اوضحم الام ڢى معناه بالمنل
بحمد لله,1
غَاشِ يَࢽْذࣸإِࢽَادَکَايَا   تࣸواْرَغٜيٰمَࢽْ کࣸواْ ࢽَبَايَا,غَاشِ يَࢽْذࣸإࢽَادَکَايَا تࣸوْاْرَغٜيٰمَࢽْ کࣸواْࢽَبَايَا
أَࢽْکَ جٜيٰرَابَارَبٜيٰوَا    سَيْ أَکࣸوݒ ڧَسَرْ هَطَرْوَا,أَذࣸکَ جٜيٰرَابَارَبٜيٰوَا  سَيْ أَکࣸوابَ ڧَسَرْهَطَرْوَا
دَمَيْ کࣸبࣸوَڢَّوَطَࢽْدَدࣸکْ أّࢽْکَ تࣸࢽْيَتَا   إِسَاإِࢽْدَمَࢽْيَامَاسࣸ تَمْيࣸࢽْ مࣸحَمَّدَا,دَمَيْ کࣸبࣸوڢّࣸوطَࢽْدَدࣸکْ أَࢽْکَ تࣸࢽْيَتَا  إِسَاإِࢽْدَمَࢽْيَامَاسࣸ تَࢽْيࣸࢽْ مࣸحَمَّدَا
ڧل هو الله,غل صو
أَىْ بَݣࣸىْ سَىْ سࣸومَ شٜىٰمَا    غَابِطࣸوْامَىْ دࣸوبَ مَامَا,أَيْ بَݣࣸيْ سَيْ سࣸومَ شٜيٰمَا غَابِطࣸواْمَيْ دࣸوبَ مَامَا
وَࢽْدَکٜيٰ حَکَ بَاسࣸ غِرْمَا   دࣸوࢽِيَا بَلَٜيٰ ڧِيَامَا,وَࢽْدَکٜيٰ حَکَ بَاسࣸ غِرْمَا  دࣸوࢽِيَابَلّٜيٰ ڧِيَامَا
بَاذَي دَرَجَاأَلَاخِرَابَا,بَاأذَيْ دَرَجَاَلَاخِرَابَا
11,1
وَلِجَمِيعِ اِلْمࣸسْلِمِيࢽَ,وَلْجَحِيضِ اَمࣸࢽْلِمِيَ
ڢاهم,ࢽ
ثم الکلام له وصڡ يفوم به ؞ کما يليڡ به التتى يه لستطل ال,ثم الکلام له وصک يفدم به ؞ کايلڡ ب التت يت لعل نل
يَامَثى بَࢽى حَىعَ ڧࣸواْشِيَابَا,بَاسَيٜيٰ بَيْ جِࢽْڢَ ڧَواشِبَابَا
وَلِيَّيْ دࣸبࣸواسِتِّيࢽْ سࣸکَذࣸو سَتَيْکَمَسَ ؞  مَتَتّࣸوا کَرَامَ ثٜيٰ تَبَرْدٜࢽْ مࣸحَمَّدَا,وَلِيَيْ دࣸبࣸواِستِيࢽْ سࣸکَذࣸوسَتَيْکَمَسَ ؞  مَتَتࣸواکَرَامَ ثٜيٰ تَبَرْذِࢽْ مࣸحَمَّدَا
ࡻلنِّيَّةࣸ کࣽࡶَ لنِّيَا دٜ وَالْمَا ءࣸ ࡺلطَّآ هِرࣸ عٜدِ يَمْ للَبࣸطࣸࢽْ,ࡶَلنَّيَّةࣸ کࣽࡶَلنِّيَادٜ وَالْمَءࣸ ࡼلطَّاهِرࣸعٜدِيَمْ کَبࣸطࣸࢽْ
مَيْ غࣸجٜيٰمَ مِجِي غَکࣸاࢽَا    دࣸࢽْ يَوَࢽْ ذَاڢِࢽْ ڧِيَاࢽَا,مَيْ غࣸجٜيٰمَ مِجِ غَکࣸاࢽَا  دࣸࢽْ يَوَࢽْ ذَاڢِࢽْ ڢِيَاࢽَا
غَسْکِيَاکࣸمَ ذَاأَغَࢽْسࣸ مَࢽْيَ مَࢽْيَ بِسَࢽْ جِکِࢽْسࣸ,غَسْکِيَاکࣸمَ ذَاأَغَࢽْسࣸ  مَࢽْيَ مَࢽْيَ بِسَࢽْ جِکِࢽْسࣸ
أعِشٜىٰ بَتَ شَامَطِࢽْ بَݣࣸيْبَا,أَعِشٜيٰ بَتَ شَامَطِࢽْ بَکࣸيْبَا
مَثٜيٰ إِࢽْتَاذَمْ تَکِرْکِ   سَيْ تَذَمْ مَيْ زَوْࢽْ طَاکِ,مَثٜيٰ إِࢽْتَاذَمْ تَکِرْکِ  سَيْ تَذَمْ مَيْ زَوْࢽَ طَاکِ
تَاغَذَشَارٜيٰ ثِکِࢽْ طَاکِࢽْتَا   بَلّٜي ࢽَمِجِࢽتَ بَلّٜيٰ حࣸسْکَتَّا,تَاغَذَشَارٜيٰ ثِکِࢽْ طَاکِࢽْتَا  بَيٜيٰࢽَمِ جِبْتَ بَلٜيٰ مࣸهࣸکَيَّتَّ
غَمَاسࣸ رِغَاسࣸ بَاتَ کَࢽْسࣸ غَأَࢽْبِ ؞ دَڧَرْيَةَ ذَࢽْثٜيٰ ࢽَسْ ڢَ أَࢽَّبِ أَحْمَدَا,غَمَاسࣸ رِغَاسࣸ بَاتَ کࣸࢽْسࣸ غَأَࢽْبِ ؞  دَڧَرْبَةَ ذَࢽْثٜيٰ ࢽَسْ ڢَ أَࢽَْبِ أَحْمَدَا
کࣸو سَࢽِي أغَرٜيٰکَ تَارِي جّلِيِّي         وّࢽْدَ دࣸکَّ يَڧِّبِࢽْ حࣸکࣸمثِࢽْ دَيَيِّي,کࣸوسَࢽِي أَغَرٜيٰکَ تَارِي جَلِيِّ  وَࢽْدَدࣸکْ يَڧِّبِࢽْ حࣸکࣸمْثِࢽْ دَيَيَّي
سࣸࢽْ يَوَيْتَوࣸࢽِي دَکࣸاࢽَا    غَايَوَࢽْ مَاتَا ڧَࢽَاࢽَا,سࣸࢽْ يَوَيْتَ وࣸࢽِي دَکࣸاࢽَا  غَايَوَࢽْ مَاتَاڧَࢽَاࢽَا
تَاڢَرِضْتَ بِسَاکِڢَايَهْ     سَيْ أَڟَيْدَا سَهࣸو دَࢽِيَّهْ,تَاڢَرِضْتَ بِسَاکِڢَايَهْ  سَيْ أَڟَيْدَسَهࣸودَࢽِيَّهْ
على تمام,ات
بَتَبَرْطَرْبَادَمَىْ جِرَابَا,بَتَبّرْطَࢽْ بَادَمَيْ جِرَابَا
کࣸووَايَيِوࣸو ڧࣸلِّ يَتࣸوڢَ ثِکِي ࢽَسَ ؞  کࣸثٜيٰ مَسَ يَيْ سِحِرِي ڢَ إِࢽْجِِ مࣸحَمَّدَا,کࣸووَايَيِوࣸوڧࣸلِي يَتࣸوڢَ ثِکِ ࢽَرَ ؞ کࣸثٜيٰ مَسَ يَيْ سِحْرِي ڢࣸ إِࢽْجِ مࣸحَمَّدَا
وَاڧَرْمَجِيْدࣸ,وَاڧَرْمَجِِيدࣸ
بَکَسَࢽْ مࣸتࣸوَاتَࢽَاذࣸوَابَا,بَکَسَࢽْ مࣸتࣸوَاتَࢽَاذࣸوَابَا
يَبِ سࣸࢽَّابَادَکَࢽْغَرَابَا,يَبِ سࣸࢽَّابَادَکَࢽْغَرَابَا
يَارࣸومَشَاࢽࣸوࢽࣸويَشَيْدَسَ مࣸࢽَتَڟَرْ ؞  إِتَمَاکَرَامَ ثٜيٰ تَبَرْدٜࢽْ مࣸحَمَّدَا,يَارࣸومَشَاࢽࣸوࢽࣸويَشَيْدَ مࣸتَظَرْ؞ إِࢽمَاکَرَامَ ثٜيٰ تَبَرْدِࢽْ مࣸحَمَّدَا
ڢَوَعَظِي دَأَࢽْڢَاࢽِي حَڧِيڧَ اغَمࣸومِࢽَيْ ؞ کࣸدࣸوبَ ڢَذِکرِي کࣸࢽْجِ أࣸمَّ الْمࣸحَمَّدَا,ڢَوَحَضِي دَأَࢽْڢَاࢽِي حَڧِيوَاغَمࣸومِࢽَيْ ؞ کࣸدࣸوبَ ڢَطِ کࣸرِي کࣸࢽْجْ أࣸوَالْمࣸحَمَّدَا
بَتَدَمࣸ دّجِࢽْ يَوَࢽْ ڢَطَابَا,بَتَدَامࣸ دَجِࢽْ يَوَࢽْ ڢَطَابَا
اءࣸبَࢽْ صَڢِيَادَعَابࣸ ࢽٜيٰي أَمِيࢽࣸ  بَابَࢽْ مَيْمࣸࢽَا مَوَاڧِࢽْ صَࢽَاعَ,دࣸبَࢽْ صَڢِيَادَعَابࣸ ࢽٜيٰ ࢽِي أَمِيسࣸ بَابَࢽْ مَيْمࣸࢽَامَوَاڧِࢽْ صَࢽَاعَ
٣٥  ڧَايَوَࢽْ ࢽَڟࣸوَا دَمڢَّا  غَاشِ کَيکَّياوَاغَصِڧَّا,٢ڧَايَوَࢽْ ࢽَڟَوَادَمِڢَّا  مَاشِ کَيکࣸکيَاوَاْڧَِڢَّا
يٜࢽْ أࣸوَࢽْسَ سࣸزࣸودَࢽَعْشِ   أَࢽْکَبࣸوطٜيٰ أَࢽْ سَکَاشِ,يَࢽْ أࣸوَࢽْسَ سࣸزࣸودَࢽَڧْشِ  أَࢽْکَبࣸوطٜيٰ أَࢽْ سَکَاشِ
اکي ياجوج بايادتاس علا    سࢽاشل دوࢽيا سڢحي ࢽصارا,اکي ياجوج بايادتاسࢽ عا   سࢽاشک دوࢽياسڢحم ࢽصارا
سࣸدَوکࣸوَامَريَاذࣸوَاعࢽدَاَࢽ غَو    غَتَارࣸسࣸ کواࢽڢاتيزࢽَا,سࣸدَوکࣸوامَرْيَاذࣸوَاعِࢽْدَأࢽْ غو غَتَارس کࣸواࢽڢدتيکرْࢽَا
کࣽوَيْدٜدِيَرْوَعَدَمࣸ ࡼلْفࣸدْرَةِعٜوَيْدٜوَوْدٜ,کَوَيْدٜدِيَرْ وَعَدَمࣸ ࡼلْفࣸدْرَةِعٜوَيْدِ وَوْدِ
دࣸࢽْ شِݣَيوْتَ طِيَࢽْ غِدَࢽْسَ    وَࢽْدَيَڧِ يَثࣸوثِ کَࢽْسَ,دࣸࢽْ شِکَيوْتَ طِيَࢽْ غِدَࢽْسَ   وَࢽْدَيَڧْ يَثࣸوثِ کَࢽْسَ
بَتَ أَࢽْڢَاࢽٜٜٜيٰشِ دࣸوࢽْ يَوَابَا,بَتَ أَࢽْڢَاࢽٜيٰشِ دࣸوࢽْ يَوَابَا
22,1
جٜيٰ سࣸغَࢽْکَ سࣸسَࢽْ سࣸکࣸوࢽِي   مࣸصْطَڢَي أَࢽْبَاإِذْࢽِي,جٜيٰ سࣸغَࢽْکَ سࣸسَࢽْ سࣸکࣸوࢽِي  مࣸصْطَڢَي أَࢽْبَاإِذْࢽِي
13,1
رࣸࢽْجِ بَتَ کࣸاࢽَا لَاڢِيَا,رࣸࢽْجِ بَتَ کࣸࢽَالَاڢِيَابَا
کَࢽَاشَأَوَࢽَّا کَࢽَاکࣸمَ سࣸࢽْتَا   بَادَࢽْ اللَّهْ بَا کىٰ ڧٜيٰلٜيٰتَا,کَࢽَاشَأَوَࢽَّاکَࢽَاکࣸمَ سࣸࢽْتَا  بَادَࢽْ اَلَّهْ بَاکَٰ ڧٜيٰلٜيٰتَا
طَايَثٜيٰمَ أࣸبَاوَحَلْشٜيٰ مࣸ دَادَکَکٜي يَبَاشٜيٰ,طَايَثٜيٰمَ أࣸبَاوَحَلْشٜيٰ مࣸ دَادَکَکٜيٰ يَبَاشٜيٰ
بَىْ تَاࢽَجِ دࣸوکِيَرْبِيَابَا,بَيْ تَاࢽَجِ دࣸوکِيَرْ بِيَابَا
بَکَ سَامِ رࣸوَࢽْدَکَاحَطٜيٰبَا,بَکَ سَامِ رࣸوَࢽْدَکَاحَطٜيٰبَا
إِࢽْ عَࢽْ غََبَسْࢽٜيٰ عَاجٜيٰ دِيکࣸوَا     إِࢽْ أَࢽْيِي يَمَّا عَاجٜيٰ ثَࢽْثَغَا,إِࢽْ عَࢽْ غَبَسْࢽٜيٰ عَاجٜيٰ دِيکࣸوَا  دِࢽْ أَࢽْبِي يَمَّاعَاجٜيٰ تَࢽْثَڧَا
وَاڧَرْ مَجِيد,وَاڧَرْمَججِيدࣸ
کࣸبَرْسࣸࢽْ بࣸغࣸࢽْسࣸ کَسِدِࢽْ دࣸࢽْ اَللَّهࣸ يَࢽْاءࣸوَا ؞  کࣸطَوْرٜي سࣸ تࣸوکࣸࢽجِ ذَࢽْثٜي مࣸحَمَّدَا,کࣸبَرْسࣸࢽْ بࣸغࣸࢽْسࣸ کَسِدَࢽْ دࣸࢽْ اَللَّهࣸ يَࢽْاءࣸوَا ؞  کࣸطَوْرِي سࣸ تࣸوکࣸࢽْجِ ذَࢽْثٜࢽْ حࣸمَّدَا
دَمَاوࣸتَاثٜيسࣸ ثَاࢽَ أَدࣸوࢽِيَا ؞  هَکَࢽَا ڧِيَامَ دࣸࢽْ ڧِيَيَّرْ مࣸحَمَّدَا,دَمَاوࣸتَاثِيسࣸ ثَاࢽَ أَدࣸوࢽِيَا ؞  حَکَࢽَاڧِيَامَ دࣸرْڧِيَيَّرْمࣸحَمَّدَا
إِࢽْ يَڟِغٜثٜيٰ لَالࣸبࣸواشِ   وْࢽْغَ ذَࢽْثٜيٰ بَاشِ تَاشِ,إِࢽْ يَکَڢثٜيٰ لَايَبࣸواْشِ  وَࢽْغَ دَڧْثٜيٰ بَاشِ تَاشِ
حَرْحَوْسَ سࣸࢽْيِ کَرِࢽْبَتࣸوࢽْسࣸ کَࢽْهَکَ   بَاعَ عِيَاوَدࣸوࢽِيَا دَمࣸتَاࢽٜيٰ,حَرْحَوْسَ سࣸࢽْيِي کَرِࢽْبَتࣸوࢽْسࣸ کَࢽْهَکَ  بَاعَ عِيَاوَدࣸوࢽِيَادَمࣸتَاࢽٜيٰ
دَࢽْ ڧَارَبࣸوطَ بَصِيرَا غَمَࢽْ إِتَاَإِࢽْ يَّغَࢽِي سَيْ,دَࢽْ ڧَارࣸبࣸوطَ بَصِيرَاغَمَيْ إِتَاإِࢽْ يَهَࢽِي سَيْ
تَمْکَرْسࣸورَادَڢَاتِحَابَا,تَمْکَرْسࣸورَادَڢَاتِحَابَا
مَيْ کِرَࢽْسࣸ يَثٜيٰ سَمَارِ  شِࢽْڢَࢽٜيٰ شَيْطَࢽْ رَجِيمِ,مَيْ کِرَࢽْسࣸ يَثٜيٰ سَمَارِ  شِيْڢَࢽٜيٰ شَ طَࢽْ رَجِيمِ
شِي يَسَامࣸوࢽَامࣸ ڢَامَا  دَيْ مࣸغࣸامَڟِ مَاسࣸ غِرْمَا,شِي يَسَامࣸوࢽَامࣸ ڢَامَا دَيْ مࣸغَمَڟِ مَاسࣸ غِرْمَا
وعند ختى ادعوالله مࢽ تجياء ؞ عساه مولاى بالايماࢽ يختم لى,وعندفتى ادعواله مࢽ نجيا ؞ عساط مولا ى بالاجاࢽ خت ل
کَدَکࣸذَمْࢽَاثِکِࢽْ وَطَࢽْدَبَسࣸسَࢽْ تَ   کࣸومِي مَاسࣸ ڧࣸوٰثٜيٰ ثِکِࢽْ ڧَسَايْ سَࢽْ مࣸسࣸلْمِي,کَدَکࣸذَمْࢽَاثِکِࢽْ وَطَࢽْدَبَسࣸسَࢽْتَ  کࣸومِي مَاسࣸ ڧࣸوثٜيٰ ثِکِࢽْ ڧَسَايْ مَࢽْ مࣸسࣸلْمِ
رَࢽْڟٜيٰ رَࢽْڟٜيٰ کࣸوْاْࢽَڧَرْيَا   مَاسࣸ يِࢽْسࣸ سࣸࢽْجِ کࣸࢽْيَا ي,رَࢽْڟٜيٰ رَࢽْڟٜيٰ کࣸوْاْࢽَڧَرْبَا  مَاسࣸ بِࢽْسࣸ سࣸࢽْجِ کࣸࢽْيَا
غࣸࢽْسَ غَاشࣸوࢽِي أَسَࢽدَا    وَاکَثٜىٰ يَاسَࢽْشِ شَيْدَا,غࣸࢽْسَ غَاشࣸوࢽِي أَسَࢽْدَا   وَاکَثٜيٰ يَاسَࢽْشِ شَيْدَا
کࣸوْاْٰأَيِيشِ ثِکِࢽْ جِيَيَّا   دࣸکْ أَبِࢽْدَأَکَيْ دَشِرْيَا,کࣸوْاْأَيِيشِ ثِکِࢽْ جِيَيَّا  دࣸکْ أَبِࢽْدَأَکَيْ دَشِرْيَا
واڧَرْدَمࣸࢽْکَيِي سَيْکَثٜيٰ هࣸوتࣸوتَکٜيٰ    إِࢽْکَاکَرَࢽْتَا ذَاکَغَاࢽٜي مࣸتَاࢽٜيٰ,وَاڧَرْدَمࣸࢽْکَيِي سَيْکَثٜيٰ هࣸوْتࣸوتَکٜيٰ  إِࢽْکَاکَرَࢽْࢽَاذَاکَغَاࢽٜيٰ مࣸتَاࢽٜيٰ
بَأَسَرْزَمَࢽِࢽْدَزَيْ ثِکَابَا,بَأَسَࢽْ زَمَࢽِࢽْدَزَيْ ثِکَابَا
مَاسࣸ کَيْوْدَࢽَمَاسࣸ أيْبِى    ذࣸوثِيَرْدَتَبࣸويٜىٰ غَيبِى,مَاسࣸ کَيْوْدَࢽَمَاسࣸ أَيْبِ  ذࣸوثِيَرْدَتَبࣸويٜيٰ غَيْبِي
وَࢽْدَيَىْ وَࢽْکَارَبࣸࢽْسَ     کࣸوْتࣸڢَارْدَتکٜىٰ جِکِࢽْسَ,وَࢽْدَيَيْ وَࢽْکَارَبࣸࢽْسَ  کࣸوْتࣸڢَرْدَتَکٜيٰ جِکِࢽْسَ
ڢَصْلࣸࣸ مَّالَم مࣸوسىٰ لِيمامِ کَبࣸو,ڢَصْلْ مَّالَمْ مࣸوسَيٰ لِيمَامِ کَبࣸو
دَيَارࣸوڧٜيکَ ثٜيدَشِي بَاکَبَاشِ  کَرْ کَجِ تَوسَيِࢽْ مَرَرْيِࢽْ صَࢽاعَ,دَيَارࣸوڧٜيٰکَ ثٜيٰدَشِي بَاکَبَاشِ   کَرْکَجِ تَوْسَيِࢽْ مَرَرْيِࢽْ صَࢽَااعَ
أَࢽْ غَيَامَࢽَاصِڢَرْ مَيْزِࢽَا   أَثَࢽْ أَصِڢَࢽْتَاتَاغَاغَرَىٰ,أَࢽْ غَيَامَࢽَاصِڢَرْمَيْزِࢽَا  أَثَࢽْ أَصِڢَࢽْتَاتَاغَاغَرَيٰ
وَتَعَآلَٜىٰ عࣽتࣸووٜ>وَوَاحِدࣻ کࣽعࣽ فࣽوطࣽ ڢِى مࣸلکه>,وَتَعَالَىٰ عࣽتࣸوو>ٜ وَوَاحِدࣸکࣽعࣸ فࣽوطࣸ ڢِى مࣸلْکࣸهِ
بَکࢽْدَمِيَا,بَکَࢽْدَمِبَا
غَمَايَࢽْاءࣸوَاࢽٜيٰ کࣸࢽجِ أَکَمَلَّکَامࣸکࣸ ؞  کࣸسَوْرَارِ ذَࢽْثٜيٰ سِيدِ أَࢽْبِ أَحْمَدَا,غَمَايَࢽْاءࣸوَاࢽٜيٰ کࣸࢽْجِ أَکَمَلَّکَامࣸکࣸ ؞  کࣸسَوْرَاࢽِ ذَࢽْثٜي سِيدِ أَࢽَبِ أَحْمَدَا
الجمعه وذسحرلملک ورغفراه شعروحورمبيࢽ,اجضه وجلرمعلک و خلت
ࡻلاِيمَٰࢽِ کࣽجٜيَاطࣸࢽْ عٜلِيمَٰࢽࣸ وَمَࢽْ شَکَّ عࣸࢽ مّࣸسِکِّتِى,ࡼلاِيمَِ کࣽجِيَاکࣸرْعٜلِيمَرࣸ وَمَرْشلکَّ عࣽرمࣸسِکِتِي
طوبى له فداتت نا الا ى مدحته ؞ وذوالشمال لذاک المدح لم ينل,طوبى له فداتت ناالا ى مدحته ؞ وذوالشال لذاک الدح لم ينل
دَعِبَادَبَادَتَمْبَيَابَا,دَعِبَادَبَادَتَمْبَيَابَا
بَيْ کَرْݒِ ڢَطَرْأࣸبَࢽْ غِجِيبَا,بَيْ کَرْبِي ڢَطَرْأࣸبَࢽْ غِجِيبَا
يَٜࢽْ أࣸوَا مࣸڟَرٜيٰ عِيَالِي   سَابࣸلࣸودَزَࢽِي دَلَلِّي,يَࢽْ أࣸوَامࣸڟَرٜيٰ عِيَالِي  سَابࣸلࣸودَزَࢽِي دَلَلِّى
سَࢽْدَأࢽْ أيْکࣸوشِ شِريَا   غَسْکِيَاتَاکࣸواْرِِڧَرْيا,هَࢽْدرَايْکࣸوڧْ غِرْبَ  ࢽَࢽْکِبَاࢽَاکࣸوْاْرِڧَرْيَا
تَࢽَيْمَسࣸ دَاثِي ذَمَاذَشࣸ کࣸوکَا  أغَويٜي کِيَامَامࣸتَاࢽٜي زِࢽَا,تَتَيمَسࣸ ذࣸاثِي ذَمَاذَشࣸ کࣸوکَا  أغَوبٜيٰ کِيَامَامࣸتَاࢽٜى زِࢽَا
أَغَبَࢽْ أَجَلِࢽْمࣸ بَى کِرَابَا,أَغَبَرْأَجَلِࢽْمࣸ بَيْ کِرَابَا
وَالصَّلاةࣸ والسَّلاَمࣸ,والصلاة والسلام
بِسَ مࣸحَمَّࢽْ دَيَڢّ تَبَّتْ حَڧِيڧََا,بِسَ مࣸحَمَّࢽْ دَيَڢِ تَبَّتْ حَڧِيڧَا
إِࢽْ کَسَࢽْ حَکَ کَيْتَ هِمَّا    طَࢽْ أࣸوَاکَڢَرَࢽْتَ هࣸوْاْمَا,إِࢽْ کَسَࢽْ حَکَ کَيْتَ هِمَّا  طَࢽْ أࣸوَاکَغَرَࢽْتَ هࣸوْاْمَا
أَغِدَࢽْ دَبَذَىْبَڧِࢽْثِکِيبَا,أَغِدَࢽْ دَبَذَىْ بَڧِࢽْ ثِکِيبَا
توشࢽا,توشࢽ
أِࢽْبَاکَڢَطِي کَࢽَاغࣸدࣸوبَا,إِࢽْبَاکَڢَطِي کَࢽَاغࣸدࣸوبَا
کࣸذَمْکَ بِطَڢَّ سَࢽِي غَاَلدِّيࢽِ کࣸبَرْبَتَا     غَحَࢽْيَا ڢَکَرْکࣸبَثٜيٰ ڢَغࣸوبٜيٰ غَأحَمَدَا,کࣸذَمْکَ بِطَڢَّ سَࢽِجِ غَالدِࣸيࢽْ کࣸبَرْبَتَا   غَحَࢽْيَاڢَکَرْکࣸبَثٜيٰ جَغࣸوبٜيٰ غَأَحْمدَا
سࢽڢَ جِيࢽَيْ حَڧِيڧَةََبَادَ کࣸࢽّٜي   حَرْٜ غَِيࢽَيْ ڢَبَادَ إ جِيَا کَڢَهࣸمِ,سَࢽْڢَ جِيࢽَيْ حَڧِيغَةَ بَادَکࣸࢽّٜيٰ  حَرْغَࢽِيࢽَيْ ڢَبَادَاِجِيَاکَڢَهْمِ
وَءَامِيࢽَ عٜجَبࣸدٜبَعْدَاࣸمِّ ࡽلْفࣸرْءَاࢽِ بٰࣵوࣽ,وَءَامِيࢽَ عٜجَبࣸدٜبَعْدَاࣸمِّ ࡽلْفَرْءَاࢽِبَوࣸ
ࢳَࢽْ وࣸڧَاکࣸواْطَرْبِدَاࢽٜىٰ؟    کٜىٰ ڟَرٜىٰمَسَ ثࣸوتࣸوَاࢽٜىٰ؟,ࢳَرْوࣸڧَاکࣸواْطَࢽْ بِدَاࢽٜيٰ  کٜىٰ ڟَرٜيٰمَسَ ثࣸوتࣸوَاࢽٜيٰ
ࢽَيْ غࣸودِيَا أَغَرٜيٰشِ سَيْ يَبَٜثٜيٰ مَࢽِي   ࢽَࢽْ ألْعَجَبْ شَاهࣸو دَغَاࢽٜيٰ مࣸتاࢽٜيٰ,ࢽَيْ غࣸودِيَاأَغَرٜيشِ سَيْ يَبَثٜيٰ مَࢽِي  ࢽَيْ أَلْعَجَبْ شَاهࣸودَغَاࢽٜيٰ مࣸتَاࢽٜيٰ
اَلࢽَّاشِرࣸاَحْمَدࣸالتِّجَاࢽِي حَڢِظَهࣸ الله,اَلࢽَّاشِرࣸأَحْمَدࣸ اللِّجَاࢽِي حَڢِظَهࣸ اللَّهࣸ
ࢽَاتَࢽٜيٰ دَࢽْ کَيْوْتَ سࣸࢽَّࢽْ   سَيَّدࣸاَلْوَرَرَࢽْ أَوࣸࢽَّࢽْ,ࢽَاتَࢽٜيٰ دَࢽْ کَيْوْتَ سࣸࢽَّࢽْ  سَيَّدࣸالْوَرَرَࢽْ أَوࣸࢽَّࢽْ
دَرِڧࣸࢽْدَبَتَيْ رَشِࢽْ تࣸڢَابَا,دَرِڧࣸࢽْدَبَتَيْ رَشِࢽْ تࣸڢَابَا
وَࢽْسࣸ کࣸوْاأَوَجَࢽْ حَڧَࢽْيَا    ذَاأَبَاسࣸ أثَࢽْ أَبَايَا,وَࢽْسࣸ کࣸوْاْأَوَجَࢽْ حَڧࣸࢽْيَا  ذَاأَبَاسࣸ أَثَࢽْ أَبَايَا
کࣸواْهَوَࢽْ رَالِى دَرࣸوجِى      کٜىٰ دَطِࢽْ تࣸورَاکَ دَاجِى,کࣸواْهَوَࢽْ رَالِي دَرࣸوجِي کٜىٰ دَطِࢽْ تࣸورَاکَ دَاجِي
کَرْکَبَاتَ وࣸرِࢽْ ذَمَࢽْکࣸ   إِࢽْڢِرَاجِ ثٜيٰ تَعࣸکّࣸ,کَرْکَبَاتَ وࣸرِࢽْ ذَمَࢽْکࣸ  إِࢽْڢِرَاجِ ثٜيٰ تَعࣸکࣸ
کمل کتاب شعر ࢳࢽْ عࣸوَا بحمد لله,کمل کتلاب شعࢽ عيجوابحمدسه
إِࢽْ دَطَاکَاذَمࣸوإِمَامِࢽْ مࣸتَاࢽٜيٰ   تࣸوڟَرٜيٰ اَلْحَکِࢽْسࣸ بَلّٜيٰ أࣸبَࢽّٜيٰ,إِࢽْ دَطَاکَاذَمࣸوإِمَامِࢽْ مࣸتَاࢽٜيٰ  تࣸوڟَرٜيٰ أَلْحَکِࢽْسࣸ بَلّيٰأࣸبَࢽّٜيٰ
وَبَعْدࣸ ڢَالْعِلمࣸ بِلتَّوْحِيࢽِ مࣸڢْتَرِضࣻ بِالاِحْتِلاَمِ وَعَفٍْ غَيْرَمࣸخْتَبَلِ,وَيَعْدࣸ جَالِعِل بَالتوحِيࢽ بࣸڢَرَضࣸ بَالاحْتِلايِ وَعَڧِلِ عَرَمࣸحْࢽَبَا
٤,6
ڢَرْغَبَࢽْسَ ࢽَشٜيٰکَرࣸوࢽَا   حَرْدࣸبࣸ خَمسِࢽْ ڢَطَاࢽَا,ڢَرْغَبَࢽْسَ ࢽَشٜيٰکَرࣸوࢽَا  حَرْدࣸبࣸوخَمْسِࢽْ ڢَطَاࢽَا
أِذَࢽْ کَايِ بَرْࢽَاأيْڢَ لَادَࢽْکَ يَاهَلَکْ ؞  تࣸومَيْ غِدَاڢَ کࣸووࣸشِرِکࣸبِ أَحْمَدَا,إِذَرْکَايِ بَرْࢽَاأَيْڢَ لَادَࢽْکِ يَامَلَکَ ؞ تَومَࢽْ غِدَاڢَ کࣸووࣸشِࢽِ کࣸبِ أَحْمَدَا
ت صکتولࢽبرکاته,تکتولبࢽ اکات
مَيْزِࢽَاإِࢽْ بَيْ تࣸوبَبَا   سَيْ يَيْࢽࣸڟࣸووࣸتَاحَرْيَاشٜيٰکَرَا,مَيْرْࢽَاإِࢽْ بَيْ تࣸوبَبَا سَيْ يَࢽْࢽࣸڟࣸووࣸتَاحَرْيَاشٰٜکَرَا
دودِ ࢳࢽ,دوبࢳࢽ
دَيَوَابَاذَاسࣸ ڧٜيٰتَارَابَا,دَيَوَابَاذَاسࣸ ڧٜيٰتَرَابَا
تࣸࢽْدَغَامࣸ دَکࣸواْوَࢽٜيٰࢽْکࣸ   ࢽَࢽْ ثِکِࢽْ وࣸتَ أَࢽَّبِࢽْکࣸ,تࣸࢽْدَغَامࣸ دَکࣸوْاْوَࢽٜيٰࢽْکࣸ  ࢽَࢽْ ثِکِࢽْ وࣸتَ أَࢽِّࣸࢽْکࣸ
جِبريلࣸ يَاکࣸومࣸواأَبَي ثِرْڢَ شٜکَرَا ؞ سَرْکِࢽْکَ يَاکِࢽْکَ يَاغَيْشٰٜکَ أَࢽَّبِ أَحْمَدَا,جِبرِيرࣸبَاکࣸوࣸمࣸوا أَبَيْ شِࢽْ ڢَ شٜࢽْکَرَا ؞  سَرْکِࢽْکَ يَاغَيْࢽٜࢽْکَ أَࢽّبِ أَحْمَدَا
ممتاڢهيوطڢطمابنيغر>غططاعغيغل ماط نمࢽ دڢوينتا,ملتا جمييمڢطماجࢽيغر غمعاععيغل ماط ࢽمࢽ سعيمتا
بَسࣸ کَࢽْ کࣸلَاذَاسࣸ لَاخِرَابَا,بَسࣸ کَࢽْ کࣸلَاذَاسࣸ لَاخِرَابَا
سَىْ يَثٜىٰ مَسَ أَىْ حَلِيࢽٜىٰ    ࢽَاتَڢࣸواࢽَسَࢽَرْدَکࣸوࢽٜىٰ,سَىْ يَثٜيٰ مَسَ أَيْ حَلِيࢽٜيٰ  ࢽَاتَڢࣸواْࢽَسَࢽَرْدَکࣸوࢽٜيٰ
إِذَࢽْ ذَاکَيٜࢽْ ذَࢽْثٜيٰ کَيِوࣸوشِ ࢽَغَسْکِيَا ؞  کࣸمَ کَدَکَيِوࣸ ڧَرْيَاڢَ ِࢽجِ مࣸحَمَّدَا,إِذَࢽْ ذَاکَبِࢽ ذَࢽْثٜيٰ کَيِوࣸوشِ ࢽَغَسْثِيَا ؞  کࣸمَکَدَکَيوࣸڧَرْيَاڢَ إِࢽْ مࣸحَمَّدَا
أَࢽْ زࣸبࣸواْ کࣸمَ جَࢽْ أّکَࢽْسَا     سَيْ مࣸتَاࢽٜيٰ يَࢽْ أࣸوَࢽْسَا,أَࢽَزࣸبࣸواْکࣸمَ جَࢽْ أَکَࢽْدَا  سَࢽْ مࣸتَاࢽٜيٰ يَࢽْ أࣸوَࢽْسَا
کَضࣸڢَامࣸواْأَسِيرِٜي ڢَيْ دَبࣸويٜيٰ  أَبِࢽْدَمࣸکٜيٰ اللَّهْ دَکࣸسࣸرࣸتَا,کَصْڢَامࣸوَلَّسِيرِي جَيْ دَبّࣸويٜيٰ أَبِࢽْدَمࣸکٜييٰ اِللّهْ دَتْسࣸرْ تَامِ
َاکࣸࢽْ رَسَ جِࢽْ کࣸرࣸورࣸوَبَا,بَاکࣸࢽْ رَسَ جِࢽْ کࣸرࣸوْرࣸوَبَا
بَىْ سَامِ رَبࣸواْألَاخِرَابَا,بَيْ سَامِ رَبࣸواْأَلَاخِرَابَا
دَدࣸعَاءِبَاࢽَ رَࢽْ بَݣَىْ بَا,دَدࣸعَاءِ بَاࢽَ رَࢽْ بَݣِيْبَا
زَارِِىَ,زَارِيَ
غَاڢَرَايَارَࢽِّ دࣸومِࢽْ   اَلࢽَّبِࢽْدَ يَجىٰ مࣸڧَامِࢽْ,غَاڢَرَايَارَبࣸبِ دࣸومِࢽْ  اَلࢽَّبِࢽْدَيَجٜيٰ مࣸڧَامِࢽْ
تَࢽَاثِي ڢَأََيْکِي دࣸکْ ࢽَکِْکِي دَأَࢽْکَوࣸو ؞  تَمْکَرْوࣸتَادَإِتَاثٜي ِࢽجِ مࣸحَمَّدَا,تَࢽَاثِي ڢَأَيْکِي دࣸکْ ࢽَکِرْکِي دَأَࢽْکَوࣸو ؞  تَمْکَرْوࣸتَادَاتَاثٜيٰ إِࢽجِ مࣸحَمَّدَا
وَࢽْدَکٜىٰ شَعَوَرْبَتَثّٜىٰ    کَاغَ يَاذَمَ کَرْکَتَثّٜى,وَࢽْدَکٜيٰ شَعَوَرْبَتَثٜيٰ  کَاغَ يَاذَمَ کَرْکَتَثِّي
بِسْمِ اِلإِلَهِي مࣸࢽَابَرَاغَاءࣸبَࢽْ غِجِ   اللَّهْ شِسَࢽْيَا أرْزِڧِࢽْمّࣸو شِطࣸورٜيٰ,بِسْمِ اِلَّلَهِي مࣸࢽَابَرَاغَاءَبَࢽْ غِجِي اللَّهْ شِمِࢽْيَاأَرَرْڧِࢽْمࣸوشِطࣸورٜيٰ
اَللَّه تَعَالَىٰ مࣸࢽْرࣸوڧٜيٰ کَࢽٜيٰ   کَرْکَکَيْ رَايِࢽْمࣸوا ݣࣸاࢽࣸکَا,اَلَّمْ ࢽَعَالَيٰ مࣸࢽْرࣸوڧٜيٰ کَࢽٜيٰ  کَرْکَکَيْ رَايِࢽْمࣸوَاْأَ کَاࢽࣸکَا
تم الخط بعوࢽ الله,تم الخط بڢوࢽ الله
کࣸسَࢽْ دَيْ بࣸغࣸࢽْ ࢽَاسࣸ أَرْمَسَ ڧَاءِدَا ؞ إِذَࢽْ دَيْ کَࢽَاڧَمْࢽَاغَثٜيٰ تࣸࢽْ مࣸحَمَّدَا,کࣸسَࢽْ دَيْ بࣸغࣸࢽْ ࢽَاسࣸ أَرْمَسَ ڧَاءِدَر ؞ إذَرْ دَيْ کَࢽَاڧَمْࢽَاغَثٜيٰ ثࣸيْ مࣸحمَّدَا
أَغَبَاࢽَسَ بَادَشَامَکِيْبَا,أَغَبَاࢽَسَ بَادَشَامَکِييبَا
وَطَࢽْسࣸ أَوَاتَڢِيَاڧَڢَاڢࣸࢽْسࣸ دَيْ سࣸکَيْ    بِسَاغَ صِرَاطِي حَرْسࣸذࣸو غَمࣸحَمَّدَا,وَطَࢽْسࣸ اوَاتَڢِيَاڧَڢَاڢࣸࢽْسࣸ دَيْ سࣸکࣸيْ  بِسَاغَ صِرَطِ حَرْسࣸذࣸوغَمࣸحَمَّدَا
کࣸيْ کَرَاتࣸوذࣸمَيْ کࣸذَمْ تَرْدَعِِلْمِي    شِي کَسَاطَࢽْ اَدَمْ شِذَمْ مَيْ مࣸڧَامِي,کࣸيْ کَرَاتࣸوذࣸمَيْ کࣸذَمْ تَرْدَعِلمِي  شِي کَسَاطَࢽْ أَدَمْ شِذَمْ مَيْ مࣸڧَامِي
مذࢽ ذکر مذمࢽ کويࢽ صلاتي   دءالشي متوبش الࢽصارا,مذࢽ ذکرمذࢽ کويرصلاتي  ددادلثي متوبش الࢽصارا
اه الصويب,2
دودِ ࢳࢽ,دوبࢳࢽ
حَلࣸسَّࢽْسࣸ حَرْغَغَبَادَطَايٰتوغاَحْمَدَاسࣸࢽْڢَ بَيَّࢽَ  ذَمَاباسࣸ سَامࣸࢽْ سࣸوڢَ ثٜيٰتو غَاَحْمَدَا,حَمࣸسَّࢽْسࣸ حَرْغَغَبَادَطَاسࣸࢽْڢَ بَيَّࢽَ  ذَمَابَاسࣸسَامࣸࢽْ سࣸوڢَ ثٜيٰتࣸوغَأحْمَدَا
دَغَرَاجِيٰ بَاکَمَرْ غࣸدࣸوبَا,دَغَرَاجٜيٰ بَاکَمَرْغࣸدࣸوبَا
شِدَࢽْ عِبَادَابَاتَذࣸوابࣸڧيٰ   دَکٜيٰسࣸوࢽَتَا سَيْدَا ࢽِࢽِيَا,شِدَࢽْ عِبَادَابَاتَذࣸوَابࣸڧِيْ  دَکٜيٰسࣸوࢽَتَاسَيْدَࢽِࢽِْيَا
مࣸࢽَاسࣸومࣸسَاسࣸوࢽَاغَوَاڧَرْمࣸ يَࢽْاءࣸوَا؞ أَسَࢽْتَ دَشِي أَکِرَتَ سَمْرِِࢽْ مࣸحَمَّدَا,مࣸࢽَاسࣸومࣸسَاسࣸوࢽَاغَوَاڧَرْمࣸ يَࢽْاءࣸواَ ؞  أَسَࢽتَ دَشِي دَکِرَاتَ سَمْرِرْ مࣸحمَّدَا
أَيْذࣸوَا وَࢽَّࢽْ مَيْ إِسَاࢽٜيٰ    مَيْڢَ رَاذَࢽَ حَࢽْکَلِيࢽٜيٰ,أَيْ ذࣸوَࢽَّࢽْ مَيْ إِسَاࢽٜيٰ  مَيْڢَ رَاذَࢽَ حَࢽْکَلِيࢽٜيٰ
سَوْڧَڧٜيٰمَࢽْ بَادَکَاغَذَابَا,سَوْڧَڧٜيٰمَࢽَ بَادَکَاغَذَابَا
36,1
صَدَيْددَڧَيحِ رَضِيع دَغَى    ڢَسࣸوَاَکَشَادَمࣸتَاࢽٜى زِࢽَا,مِࢽْدَبَادَدَکِرِتَڢَمَيڢَ دَغِي ڢَسࣸوأَکَࢽَادَمࣸتَاࢽٜي زِࢽَا
دࣸوࢽِيَاهَرْمَامَهࣸوتَا    رَࢽْدَڟَيْوَاتَاڟَࢽَࢽْتَا,دࣸوࢽِيَامَرْمَامَهࣸوتَا  رَࢽْدَڟَيْوَاتَاڟَࢽَࢽْتَا
أَذࣸبَاوࣸتَ بَادَشَاوَرَابَا,أَذࣸبَاوࣸتَ بَادَششَاوَرَابَا
مࣸصْطَڢَى يَࢽْذࣸࢽْ مࣸبَاکَ    بَابࣸ يِࢽْ سࣸجَدَاغَرٜىٰک,مࣸصْطَڢَى يَࢽْذࣸ مࣸبَاکَ بَابࣸ يِࢽْ سࣸجَدَاغَرٜيٰکَ
إِࢽجِ دَاطِى إࢽْىِ مࣸرْࢽَا    إࢽْغَ ڧَبَرِࢽْ طَࢽْ أَمِيْࢽَا,إِࢽْجِ دَاطِي إِࢽْيِ مࣸرْࢽَا  إِࢽْغَ ڧَبْرِࢽْ طَࢽْ أَمِيࢽَا
إِدَࢽْ بَابࣸ إِيمَࢽْثِي ڢَبَاأَوࣸثٜيٰ غَبَاࢽْ   مࣸغَسْکَࢽْثِ اَللَّهْ يَࢽْ عࣸوَادَمࣸحَمَّدَا,إِدَࢽْ بَابࣸ إِيمَࢽْثِي ڢَبَاأَوْثٜيٰ غَࢽَاࢽِيِ   مࣸغَسْکَࢽْثِ اَللَّه بَࢽْ عࣸوَادَمࣸحَمَّدَا
کࣸوْاْرِڧࣸࢽْ ڢَايٜلْ دَڢٜىٰࢽْسِرْ    ذَىْحَࢽَاکَ تࣸࢽِࢽْ مَجَاشِرْ,کࣸوْاْرِڧࣸࢽْ ڢَايِࢽْ دَڢٜيٰࢽسِرْ  ذَيْ حَࢽَاکَ تࣸࢽِࢽْ مَحَاشِرْ
مَࢽْيَࢽْ بِرَاࢽٜيٰ ذَاسࣸ سࣸوࣸوثِيِري   کࣸوࢽَڧَوْيٜيٰ مَيْذَࢽْ ثٜيٰمَکࣸو,مَࢽْيَࢽْ بِرَاࢽٜيٰ ذَاسࣸ سࣸوࣸوثِرِي  کࣸوࢽَڧَوْيٜيٰ مَيْذَࢽْ ثٜيٰمَکࣸو
هذاالصحيم ڢلاتسمع لکنى ؞ مثل العبادات لم تنفض لمنڢعل,عذاالصدج ڢلاتسع لنطة ؞ مثل العبادات لم تتذض لن ڢعل
وما ت الا نعام ت الدنياتحصص ؞ بما يعارض خوڢامࢽ الهل,ومات الانعام ت الدنياتصهه ؞ بمابڢارضه خوڢامࢽ الهل
الحمد لله وحده,الحسلله وحده
بَاشَرِيعَاࢽٜيٰ يَࢽࣸوࢽَا    بَاڧِࢽْ دَيْدَيْتَ کࣸوْاْࢽَا,بَاشَرِيعَاࢽٜيٰ يَࢽࣸوࢽَا  بَاڧِࢽْ دَيْدَيْتَ کࣸواْࢽَا
21,1
ڟَرِڢَ ڟَرْکِࢽْ وࣸضࣸوءࣸ وَࢽْکَࢽْ جَࢽَابَا   عِࢽْدَشَرَطِيڢَ بَابࣸ ثِييࣸو غَجِسْمِ,ڟَرِڢَ ڟَرْکِࢽْ وࣸضࣸودࣸوَࢽْکَࢽْ جَࢽَابَا   عِࢽْدَشَرَطِيعَبَابࣸ شِييࣸوغَجِسْمِ
بتوࢽا شيح يࢽٜيش باشتاشي   ڧسغ تࢽاذما ملکࢽ ࢽصارا,بتوࢽاشيم يࢽيش داشتاشي ڧسغ تࢽاذماملکࢽ ࢽصرا
مَاإِيَايٜيٰ ࢽَيْ بَتࣸودَ    ݒَاتَ رَيْ کَلْمَرْشَهَادَ,مَأَعِبَابٜيٰ ࢽَيْ بَتࣸودَ  بَاتَ رَيْ کَلْمَرْشَهَادَ
حَلِࢽْکࣸڢَاشِى کّوَيْ عَکٰٜڧِى کࣸغَاࢽٜى    دࣸومِࢽْ عَࢽْغَابَاکࣸ کِيَاوࣸࢽْ طَبِى عَ,حَِࢽْکࣸڢَاشِي کَوَيْ عَکٜيٰغِ کࣸغَاࢽِي   دࣸومِࢽْ عَࢽْڧَابَاکࣸ کِيَاوࣸࢽْ طَبِي عَ
وَعْظࣸࢽَادࣸࢽْ کࣸجِيشِ تَبَّتْ حَڧِيڧََا,وَعْڟࣸࢽَادࣸࢽࣸ کَجِيشِ تَبَّتْ حَڧِيڧَا
ࢽَإکْکّࣸواْ دَبَࢽْࢽٜي دَࢽَکࣸوا إࢽَا,ࢽَاکࣸکࣸواْدَبَࢽْتْ دَاࢽْکࣸوَلَاࢽَا
مَيْکٜي طَبِيعَاوَࢽْ عَلِيّࣸ دَجَعْڢَرࣸ   رَࢽْ لاَخِرَاثٜيٰتَࢽْکَ دࣸکْ غَمࣸتَاࢽٜيٰ,مَيْکٜيٰ طَبِيعَاوَࢽْ عَلِيّࣸ دَجَعْڢَرࣸ  رَࢽْلاخِرَاثٜيٰتَࢽْکَ دࣸکْ غَمَتَاࢽٜيٰ
سَيْ أَتࣸورࣸواْ ڧٜيٰڧَسَسَّا     ثَيْ ࢽَيَمَّ أَبِرْبِشِࢽْسَا,سَيْ أَتࣸورࣸوْاْڧٜيٰغَسَسَّا  ثَࢽْ ࢽَيَمَّأَبَرْبِشِࢽْسَا
شِکࣸوبَاذَيْيِ تَمْبَيَابَا,شِيکࣸوْبَاذَيْيِ تَمْبَيَابَا
مࢽ کاࢽ للمعجزات الغرنازظماا ؞ ڢڢى کتاب الشڢارى مࢽ الغلل,مࢽ کاࢽ للعج ات الغر نظا ؞ ڢڢى کتاب الثڢارى مࢽ الفل
إِࢽْ مَّيْ ࢽࣸومَاࢽٜيٰ کࣸوذاغٜيٰ   يَاتَڢِ غࣸوࢽَا ذَوْرٜيٰ ذَاتَا,إِࢽْ مَّيْ ࢽࣸومَاࢽٜيٰ کࣸوذَاغٜيٰ  يَاتَڢِ غࣸوࢽَاذَوْرٜيٰ ذَاتَا
طَࢽْ أمِيْࢽَ مَڢِى دَرَجَّا    طَاوَيْࢽَسَ مِجِࢽْ هَدِيْجَا,طَࢽْ أَمِيࢽَ مَڢِي دَرَبَّا طَاوَࢽِْࢽْسَ مِجِࢽْ مَدِبجَا
کَامَ حَࢽْيَاذࣸوَاغَرَيْ کَدَکَرَابَا    وࢽْدَاَلڧَاضِ يَکِّرَا يَڧِّکَرْبَا,کَامَ حَࢽْيَاذࣸوَاغَرَيْ کَدَکَرَابَا   وَࢽْدَاَلْغڧَاغِ يَکَرَايَڧِکَرْبَ
إِࢽْ مَّثٜيٰ تَاذَمَ بَاتَ رَغَامَکَ   کٜࣸکَاسࣸوتَ کَࢽَا کࣸمَ ڧِࢽْتَا,إِࢽْ مَّثٜيٰ تَاذَمَ بَاتَ رَعَامَکَ  کࣸوکَاسࣸوتَ کَࢽَاکࣸمَ ڧِࢽْتَا
مَثٜيٰ إِࢽْ تَࢽَاأَوْرٜيٰ تَذَوْࢽَالَاڢِيَا  کࣸومِي تَثِيشِ حَلَتْدَرَجَّرْ أَوْرٜيٰ,مَثٜيٰ إِࢽْ تَࢽَاأَوْرٜيٰ ࢽَذَوْࢽَالَاڢِيَا  کࣸومِي تَثِيشِ حَلَتْرَرْجَّرْ أَوْرٜيٰ
جَمْرَاجِ وَالنَّهْيࣸ عٜهَتَّادٜعَرِࡽلتَّفَلّࣸمِ الاَجْڢَارِ,جَمْرَاجِ وَالنَّهْىࣸ عٜهَتَّادٜعَࢽِ ࡽلتَّکࣸلْمِ ࡼللاَجْڢَارِ
اࢽ فلت اطنبت ڢى حث على نظࢽ ؞ ڢکڢڢ لسانک عࢽ لومى وعࢽ عنى ل,اࢽ فلت النبت ڢى حث على نطى ؞ ڢکڢڢ بهانک عࢽ لوم وعࢽ عزل
رَࢽْ مࣸتࣸمْ يَثِکَاسَعِيدِ وْࢽْدَکࣸواْ يَزَمٜيٰ رَشِيدِ,رَࢽْ مࣸتࣸمْ يَثِکَاسَڢِيدِ  وَࢽْدَکࣸواْيَزَمٜيٰ رَثِيدِ
غࣸسَوْ,ب
کࣸمَ کَدَاکࣸوورࣸوڧࣸوڢَ دَࢽْ اَللَّهࣸ يَࢽْاءࣸوَا ؞  شِيمَاحَدِيشِ ࢽٜيٰ ࢽَأَࢽَّبِ أَحْمَدَا,کࣸمَ کَدَکࣸوࣸورࣸوڧࣸوڢَ دَࢽْ اَللَّهࣸ يَࢽْاءࣸوَا ؞  شِيمَاحَدِيشِ ࢽٜي ࢽَأَࢽّبِ أَحْمَدَا
جَمَعَابَسࣸ ڢَاسَ تَارࣸوَابَا,جَمَمَابَسࣸ ڢَاسَ تَارࣸوَابَا
سࣸيْ ࢽࣸڢِࢽْ هَڧࣸرِي سࣸکَاسَا   سࣸࢽکِرَاڢَدَطَاسࣸڢَاسَا,سࣸيْ ࢽࣸڢِࢽْ حَڧࣸرِي سࣸکَاسَا  سࣸࢽْکِرَاڢَدَطَاسࣸڢَاسَا
کࣸبَرْيِࢽْ ڢَ ڟَمَّاࢽِي دࣸࢽْ اَللَّهࣸ يَࢽْاءࣸوَا  ؞  شِيمَاحَدِيشِ ࢽٜيٰ کࣸسَوْرَارِ ڢَاءِدَا,کࣸبَرْيِࢽْ ڢَصَمَّاࢽِي دࣸࢽْ اَللَّهࣸ يَࢽْدࣸࣸوَا ؞  شِيمَادَدِيشِ ࢽٜيٰ کࣸسَرْرَرِ ڢَاءِدَا
لَىْڢࣸکَࢽتَ سࣸࢽَادَمࣸوࢽِى    إࢽْدَذَاتَ ذَمَاسࣸکࣸوࢽِي,لَيْڢࣸکَࢽْتَ سࣸࢽَادَمࣸوࢽِي  إِࢽْدَذَاتَ ذَمَاسࣸکࣸوࢽِي
شِکٜىٰ کࣸوْاْشِيمَابَذَىْ إِيَابَا,شِکٜيٰ کࣸوْاْشِيمَابَذَيْ إِيَابَا
إِࢽْ بَاشِزَمࣸواْبِسَاکࣸرٜيٰبَا,إِࢽْ بَاشِزَمࣸواْبِسَاکࣸرٜيٰبَا
طٜࢽ لٜتّٜ نࣽجِوْࢽِ نࣸسَاجَࢽَ بٜى   ڢٜتِّرْدٜ بٜڢَتّࣽوطَبَّ کِسَلْ,طٜࢽ لٜتَّنࣸجِوࢽِ نࣸسَاجَرَبٜࢽْڢِتَّرْدٜبٜڢَتࣸوطࣽبَّکَسَلْ
ذࣸومَيْغِرَمَامࣸتࣸم مَيْدَرَجَابࣸرࣸمَيْ دَرَجَ,ذࣸومَيْغِرَمَامࣸࢽْْ هَبْدَرَجَابࣸرࣸمَيْ دَرَوَ
12,1
کࣸوْاسَࢽِيْࢽَى يَاڧَرَࢽْتَا    إࢽْدَوَوْتَاتَايَوَيْتَا,کࣸواْسَࢽِيࢽٜيٰ يَاڧَرَࢽْتَا  إِࢽْدَوَوْࢽَاتَايَوَيْتَا
مࣸࢽاغودِاللهَ مࣸࢽايِࢽ صلاتِى    مࣸذَابِى مࣸحمدمبريࢽْ زِࢽَا,مࣸࢽَاغࣸودِ اللَهَ مࣸࢽَايِࢽْ صَلَاتِ  مَذَابٜي مࣸحَمدَمبرِيࢽْ زَࢽَا
ࢽٜىٰمِ ࢳَرْمَࢽْيَاکَأوْرَا     دࣸࢽْ سَࢽِࢽْ بَرْࢽَادَغَيارَا,ࢽٰٜمِ ࢳَرْمَࢽْيَاکَاوْرَا  دࣸࢽْ سَࢽِࢽْ بَرْࢽَادَغَبِارَا
کَاغَ سَيْ مَغَࢽَرْتَدَاثٜيٰ  يدَّخَيْرࣸاَلْخَلْڧِ يَثّٜيٰ,کَاغَ سَيْ مَڧَࢽَرْتَدَاثٜيٰ  يَدَّخَيْرࣸالْخَڧِ يَثٜيٰ
تو,تو
6,6
إِتَثٜيٰ ڧَذامَاوثٜيٰ بَاتَ دَڟَڢْتَا  ڧࣸمْرِࢽْتَ يَابࣸوثٜيٰ کَمَرْوَࢽِ کࣸمْرٜيٰ,إِتَّثٜيٰ ڧَذَامَاوَثٜيٰ بَاتَ دَڟَڢْتَا  ڧࣸمْرِࢽْتَ يَابࣸوثٜيٰ کࣸمَرْ دَࢽْ کࣸمْرٜيٰ
بَابࣸ رࣸوَࢽْتَ دَکࣸࢽْيَاڢَوْڢَوْاْ  غَاشَرِّ ثِيوَاکٜيٰ يَࢽَاشَکَّتَا,بَابࣸ رࣸوَࢽْتَ دَکࣸࢽْيَاڢَوْڢَوْاْ  غَاشَرَثِيوَاکٜيٰ يَࢽَاشَکَتَا
13,1
إِࢽْ دَألَڢَدِرِي کࣸوجَاکࣸࢽَا   سࣸسَاتَيّࣸکَاحَرْبِرْࢽِࢽْ کَࢽࣸواْ,إِࢽْ دَأَلڢْدَرِي کࣸوجَاکࣸࢽَا  سࣸسَاتَيّࣸکَاحَرْبِࢽْ ࢽِࢽْ کَࢽࣸواْ
عَيٜࢽْ اࣸوَاإࢽْ تَࢽْبَيٰٜکࣸ    ࢽَاغَ وَوْتَࢽْ غَالِبَࢽْکْ,ࢳٜࢽْ أࣸوَالِࢽْ تَمْبَيٰکࣸ  ࢽَاغَ وَوْتَرْغَالِيَࢽکࣸ
بَسࣸ دَامࣸ دَذَاسࣸ لَاخِرَابَا,بَسࣸ دَامࣸ دَذَاسࣸ لَاخِرَابَا
مَاسࣸ إيکࣸو سࣸمَيْدَ هِمَّاسࣸغَرْتَا   کࣸࢽْجِ يَامَاسࣸ جِ دَطَاکَدَکࣸبَاتَا,مَاسࣸ إِيکࣸوسࣸمَيْدَهِمَّاسࣸغَرْتَا   کࣸࢽْجِيَامَاسࣸ جِ دَطَاکَدَکࣸبَاتَا
والحض على محبتهم حشى نا الله,والحض على محبنع حثى ناالل
ڢَرٍِ ِللَّجِ طِنْ سَبْعَةࣻ کࣽطٜ جٜيطࣶطࣶ وَفِيلَ کࣽنْفࣽلَ فࣽعࣽ,ڢَرِلَّجِ طِࢽْ سَبْعَةࣻ کࣽطٜجٜيطࣶطࣶ وَفِيلَ کࣽنْفࣸلْ فْمࣸ
والصلاةوالسلام,والصلاةوالسدم
سَىْ ࢽَبَاطَاࢽَايࣸࢽࣸوس   سَىْ ࢽَثٜىٰ رِوِکَرْکَڢَاسَ,سَيْ ࢽَبَاطَاࢽَايࣸࢽࣸوسَ  سَيْ ࢽَثٜيٰ رِيِ کَرْکَڢَاسَ
٢,ب
بَابࣸ شَکَّاسࣸڧࣸوࢽَ تَبَّتْ حَڧِيڧَا,بَابࣸ شَکَّاسࣸغࣸوࢽَ تَبَّتْ حَڧِيڧَا
تࣸࢽْدَدَيْ تَزَمࣸوادَهِمَّࢽْ   بَوْتَ اَللَّهْ بَاظَلَامَا,تࣸࢽْدَدَيْ تَزَمࣸواْدَهِمَّࢽْ  بَوْتَ اَللَّهْ بَاڟَلَامَا
تمت بحَمدلله,اَوڧم
بل انهاکاࢽ مولا نابعن ته ؞ على الذ> کاࢽ فبل الخلڡ ڢى الازل,بل اناکاࢽ مولانابعر خه ؞ على الذى کاࢽ فبل الخلڡ ڢى الازل
بَسࣸ غَسْکَتَ ࢽَامࣸ اَلࢽَّبِي بَا,بَسࣸ غَسْکَتَ ࢽَامࣸ اَلࢽَّبِيي بَا
ڢَضل شَيْخࣸ مَدَابࣸواْمَالَمْ صَالِحࣸ,ڢَصَلْ شِيْخࣸ مَدَابࣸوامَالَمْ طَِلِجࣸ
5,1
کࣸسَࢽْڢَ ڧَسَرْاَلْجَࢽَّ تِبْرࣸدَزَعْڢَرَٰࢽْ   ڢَڧَمْشِࢽْتَ يَاڢِ ࢽَمِسْکِ إِࢽْجِ مࣸحَمَّدَا,کࣸسَࢽْڢَ ڧَسَرْأَلْجَرَّتَّبْرࣸدَزَعْڢَرَࢽْ ڢَغَمْشِࢽْتَ يَاڢِ ࢽَمِسْکِ إِࢽْجِمࣸحَدَا
لا اله الا هوامنڢى ک بالالوهية,لااله افامهوالڢ ک جبط لالولع
واعلم باࢽ صڢات السمع اثبتها ؞ فوم راومثل رانتي ااسادة الاول,واعلم باࢽ صڢات السع اثبتها ؞ فدم راومثل باتى السادةالاول
أَࢽَ أَذَاتَ أَکَࢽْ وࣸتَاثٜيٰ   وَدَّبَاع عَجٜيٰ ݒَتَثّٜيٰ,أَࢽْ أَذَاتَ أَکَࢽْ وࣸتَاثٜيٰ  وَدَّبَاعَ عَجٜيٰ يَتَثٜيٰ
لما,دم
شهرالله الࢽحرم باربع عشرايَامه,تحمرالمه الحوم باو ڢال حشرايام
بَتَشَيْدَاذَاکَ لاَخِرَابَا,بَتَشَيْدَاذَاکَ لَاخِرَابَا
يَا طَࢽْعࣸوَا کَتَڧَيْتَا ࢽٜمَࢽْ دࣸوࢽِيَا   کَکِيَايِجَاهِلْثِي کَجٜي غࣸࢽْ يٜࢽْ عࣸوَا,بَاطَࢽْعࣸوَاطَتَڧَيْتَاࢽٜمَࢽْ دࣸوࢽِيَا   کَکِيَايِجَاهِلْثِ کَجٜي غࣸࢽْ عٜࢽْ عࣸوَا
ڢِتْࢽࣸواْ دَذَاعَيْ شَيَخࣸ ثٜيٰ مَࢽَا    سَيْ مَالࣸمَسࣸࢽَّهْ بَسࣸ شَوْرَابَا,عِࢽْࢽࣸوادَذَاعَيْ شِيْࣸيثٜيࣸ مࣸࢽَا   سَيْ مَالࣸمَسࣸࢽَّهْ بَسࣸ شَوْرَدَ
دࣸوْکِيارْمَمَثِي تَݒاشِي    سَيڢَ لِکَّڢَࢽِى دَبَاشِي,دࣸوکِيَرْمَمَثِي تَبَاشِي  سَيْڢَ لِکَّڢَࢽِي دَبَاشِ
جَلَّ ࢽَيْ تࣸوبَاغَرٜيَکَ   تَيْمَکَࢽِّ دَتَرْحَمَࢽْکَ,عَلَّ ࢽَىْ تࣸوبَاغَرٜيٰکَ  تَيْمَکَࢽْࣸ دَتَرْحَمَࢽْکَ
ڢَصْلࣸࣸ ڢِيمَاڧَالَ مࣸجَدِّدِي,ڢَصْلࣸ ڢِيمَاڧَالَ مࣸجِدِدِبِ
إِذَࢽْ دَيْ کࣸࢽَا ذَمْࢽٜيٰ وࣸࢽِيْ کࣸڢَ يَٰشِغوࣸا ؞  تࣸوکَدَ کࣸتَاشِ ڟَيٜيٰ إِذَࢽْ کࣸࢽبِ أحْمَدَا,إِذَࢽْ دَيْ کࣸࢽَاذَمْࢽٜيٰ وࣸࢽَيْ کࣸڢَ يٜيٰشِغࣸوا ؞  تࣸوکَدَکࣸتَاشِ طٜيٜيٰ إِذَࢽْ کࣸࢽْبِ أَحْمَدَا
تَثٜيٰ مَشِ  ذَاتَ غِدَࢽْ ڧَࢽࣸوَتَا    کࣸوکࣸمَ ذَاتَا غَيْدَ عࣸوَتَّا,تَثٜيٰ مَشِ ذَاتَ غِدَࢽْ ڧَࢽࣸوَتَا  کࣸوکࣸوذَأَغَلَيْدَعࣸوَتَا
دَکࣸوألࢽَّبَاوَاهَٰکَذاصَالحِيࢽَدࣸکْ  وَلِيَّيْ کَذَا مَسَࢽَا دَسࣸࢽْکَبِ أَحْمَدَا,دَکࣸواَلࢽَّبَاوَامَکَذَامَالِيࢽَ دࣸکْ وَلِيَّيْ کَذَامَسَࢽَادَسࣸࢽْکَبِ أَحْمَدَا
رَࢽْ مࣸسࣸلْمِي کَرْشِسَࢽْثى   بِسَ سࣸوࢽْسَ مࣸکࣸواأَمِࢽْثى,رَࢽْ مࣸسࣸلْمِي کَرْشِسَࢽْثٜيٰ بِسَ سࣸوࢽْسَ مࣸکࣸواْأَمَࢽْثٜيٰ
ٍاࢽدک صلا سيکجي کيالولا  ککلا دجمع دࢽکڧاروا,إِࢽْذَکَ صَّلَاسَيْکَجٜيٰ کَيَالوَلَا  کَکࣸلا دَجَمْعِ دَࢽْکَڧَارࣸدَجࢽْ عࣸوا
ڢامنن علينا بڢضل انت ذوى م ؞ ونجنا يوم ذاک المول مࢽ وجل,ڢامنࢽ علينابڢضل انت ذوڡم ؞ وخجنابوم ذاک المول مࢽ وجل
4,1
يَثٜي مࣸسࣸ کࣸرࣸمَڟٜيٰ إِدࣸوکࣸڢَاطَ رࣸوَࢽْ ࢽَّࢽَ ؞ کࣸجٰٜکࣸ غَکَاڢِرَيْ مَڧِيَامࣸحَمَّدَا,يَثٜيٰ مࣸسࣸ کࣸرࣸمْکٜيِ إِدࣸوکࣸڢَاطَرࣸوَرْمَرَ ؞  کࣸجکࣸ غَکَاجَرَْ مَڧِيَّامࣸحَمَّدَا
مࣸودࣸکَّ ڟِࢽْڟَايٜيٰ مࣸࢽَاطَ تَࢽْبَيَا  مࣸࢽْکَاسَ غَاࢽٜي وَرْهلِࢽْکࣸ مࣸتَاࢽٜي,مࣸودࣸکَّ ڟَࢽْڟَايٜيٰ مࣸࢽَادَطَتَࢽْيَا   مࣸࢽْکَاسَ غَاࢽٜيٰ وَرْهَلِࢽْکࣸ مࣸتَاࢽٜيٰ
وَيْ إةَ تَارِڧَ سَيْ ألْکَمَا  سَيْ ألْکࣸبࣸسْ وَةَ ساعَ دَࢽَمَا,وَيْ إِةَ تَارِوَسَيْ أَلْکَمَا سَيْ أَلْکࣸبࣸس وَةَ سَاعَ دَࢽَمَ
8,1
کࣸومِࢽْ کَکٜي سࣸويَا کَمَاتَ کَتَࢽْيَا إࢽْ بَابࣸ عِلْمِي بَا عَسَامࣸࢽْ ڧَارࣸوَا,کࣸومِي کَکٜيٰ سࣸوبَاکَمَاتَ کَتَࢽْيَا إࢽ بَابࣸ عَلمِي بَاعَسَامࣸࢽْ ڧَارࣸوَا
هَاطࣽکࣽلْبࣽلٜ وَا لْڢَوْرࣸ عٜيَذِّ نْدٜ وَالْجَسَدࣸࡼلطَّا هِرࣸ,مَاطࣸکࣽلبࣸلْ وَالْڢَوْرࣸعٜبَذِّنْدٜوَالْحَسَدࣸࡼلطَّاهِرࣸ
بَسࣸ ذَاݒِ ذَمَادَلَاڢِيابَا,بَسࣸ ذَابِ ذَمَادَلَڢِيَابَا
وَايَسَࢽْ مَتࣸڧَرْرَبࣸوࢽْکَا     تࣸࢽْدَاللهْ يَايَبٜىٰکَا,وَابَسَࢽْ مَࢽࣸغَرْرَبࣸوࢽْکَا   تࣸࢽْدَاللَّهْ يَايَيٰٜکَا
٣,1
بَشِکَࢽْ ڧِ مࣸتࣸمْ أَکَࢽْ رَشِيبَا,کَامِلي أَبَرِࢽْ عَدَاوَا ذࣸوثِيَاࢽَسَ بَاصَغَارَا
لِمَنْ حَمِدَحࣸ وَالْجَهْرࣸعٜڢٜذِّنْدٜڢِح مَوْضِعِهِ>,لِمَرْحَمِدَىࣸ وَالْجَهْرࣸعٜڢٜذِّنْدٜڢِي مَوْضِعِهِ>
ّمَدَڧَادَ لِّتَاڢِي غَمَيْ ࢽٜمَࢽْ سَࢽِي  دَطࣸلَا دَبَاڧࣸووَࢽْدَ بَايَدَطَࢽْ عࣸوَا,دَدڧَادَلࣸتَاڢِي غَمَيْ ࢽِمَࢽْ سَࢽِي  دَکࣸلَا دَبَاڧࣸووَࢽْدَبَايَدَطَࢽْ عࣸوَا
يَسَيَادَࢽْ يَڧَارࣸ  ࢽَايِ وَࢽَّࢽْ لِّتَاڢِي سَبࣸودَ حَدِيثِࢽْ سَيِّدَࢽَا,يَسَيَادَيْ يَّڧَارࣸکَ ࢽَاي وَࢽَّࢽْ لّتَاڢِي سَبࣸودَحَدِيࢽِࢽ سَيِّدِࢽَا
طرࢽ وڧتي غصلاواجبيا    مبرجاࢽي عبريي تࢽدسورا,طرࢽ وڧتي غصلا واجييࢽا  مبرجاࢽي مبريي تࢽدسورا
سَادَمَيْزِࢽَىٰ إِࢽْ يَيْ أّلدّࣸعَا بَعَايَکٜيٰيِ دَامَايَابَرِِي,سَادَمَيْرْࢽَيٰ إِࢽْ يَيْ أَلدّࣸعَا بَعَايَکٜيٰيي دَامَايَابَرِي
کࣸبِ أَلࢽَّبِ بَادَ غَرْدَمَابَا,کࣸبِ اأَلࢽَّبِ بَادَغَرْدَمَابَا
30,ا
بحمدالله,باب
أَݣࣸيْ وَࢽِ حَدِيشِ وَࢽْدَأَࢽَّبِ يَاڢَطَا ؞  کࣸسَوْرَارِ ذَࢽْثٜࢽ سِيدِ مࣸࢽْذࣸمࣸ أَحْمَدَا,أَکَيْ وَرِحَدِيشِ وَࢽْدَأَࢽَّبِ يَاڢَطَا ؞  کࣸسَوْرَاࢽِ ذَࢽْثٜي سِيدِ مࣸࢽْذࣸمࣸ أَحْمَدَا
إِࢽْ مَّثٜي  شَاشَࢽْثِي يَغَمٜيٰتَا    بَامَيْ ڢَضَ غَࢽِࢽْ کِرْکِࢽتَا,إِࢽْ مَّثٜيٰ شَاشَࢽْثِي يَغَمٜيٰتَا  بَامَيْ ڧَاضَࢽْ غَࢽْࢽْ کَرْکِࢽْتَا
سَيْ ذَمَاأَثِکِࢽْ أَمِࢽثِي    بَارَشِࢽْ شَا بَارَشِࢽ ثِي,سࣸيْ ذَمَاأَثِکِࢽْ أَمِࢽْثِي  بَارَشِࢽْ شَابَارَشِࢽْ ثِ
مࢽ نطڢت يعلم الانسٰࢽ مبداه ؞ وجيلة ءاخر ا والبطࢽ منه مل,مࢽ نطڢة يعلم الانس مبدا ؞ وجيڢة ءاخر اوالبطࢽ منه ملل
بَابࣸ ڟࣸواڢࣸو بَاسَمَارِ  دࣸکْ ثِکِࢽْ وࣸتَ بَاکࣸزَارِ,بَابࣸ ڟࣸواْڢࣸوبَاسَمَارِ  دࣸکْ ثِکِࢽْ وࣸتَ بَاکࣸزَارِ
ࡼلْمَآءࣸ عࣽڢَطِنْتَادِيَرْطَࢽْ ڢِح اِلْمَضْمَضَةِ,ࡼَلْمَاءࣸ عࣽڢَطِنْتَادِيَرْطَرْڢِحِ ࡽلْمَکْمَضْةِ
رجل صحيح,ا
أَغَبَاࢽَسَ ࢽَادَ شَمَکِيبَا,أَغَبَاࢽَسَ بَادَشَامَکِيبَا
ذࣸوثِيَرْکࣸوَاوَاتَوَايٜىٰ    غَاصِڢَامَيْبَادَڧَايٜىٰ,ذࣸوثِبَرْکࣸوَاوَاتَوَايٜيٰ  غَاصِڢَامَيْبَادَڧَايٜيٰ
کَأمسَ غَتࣸوبَمّࣸ يَارَبَّࢽَا    دَبَازَمࣸ کࣸومَابَ اَکِࢽ زِࢽَا,کَأَمْسَ غَتࣸوبَمࣸ بَارَبَّا  دَبَازَمَ کࣸومَابَ أَيِکِࢽْ ࢽِࢽَا
مَرَرَّبَابَݣيْ ثَاࢽَا غِدَاࢽَسَا  أَللَّهْ تَعَالىٰ يَيْمَسَا غَاڢَرَا,مَرَرَبَابَکࣸيْ ثَاࢽَاغَدَاࢽَسَا اَلَهْ تَعَالَىٰ يَيْمَسَاغَاڢَرَا
وَࢽْدَدࣸکْ ڧࣸوْالَمَاتَزَاݒيٰ   يَاجِ کࣸࢽْيَاهَرْشِتَاݒٜيٰ,وَࢽْدَدࣸکْ ڧࣸوْاْلَمَاتَزَابٜيٰ  يَاجِ کࣸࢽْيَاهَرْشِتَابٜيٰ
مَالَمْ دَکࣸوولَادَکَࢽْبࣸغَا  بَاعَابِيَاࢽَسَاسَيْ إِࢽْ يَيْعِدࣸواْ,مَالَمْ دَکࣸورِي لَدَاکَࢽْبࣸڧَا بَاعَابِيَاࢽَسَاسَيْ إِࢽْ يَيْڢِدࣸواْ
وَࢽْسࣸ غَاکَايَاسࣸطَوْکَيْ   وَࢽْسࣸ کࣸوْاْتَمْکَرْ مࣸسَاکَيْ,وَࢽْسࣸ غَاکَايَاسࣸطَوْکَيْ  وَࢽْسࣸ کࣸوْاتَمْکَرْمࣸسَاکَيْ
بَاذَيْ رِيْغَرْشِغَاسَعَابَا,بَاذَيْ رِيْغَرْشِغَاسَعَابَا
مَىْ بِطَرْشِڟَرٜىٰ مࣸتࣸࢽْثِ    ࢽَى شࢽٜىٰمِ سَࢽِࢽْ حَلَثِّ,مَيْ بِطَرْشِڟَرٜي مَتَࢽْثِ ࢽَى شِࢽٜيٰمِ سَࢽِࢽْ حَلَثِّ
کَلَامِسَࢽ اِࢽ يَيِعبِࢽ ڧريَتَاوَا    ذَمَاغَسکِياتَى کَدَࢽمِيزِࢽَا,کَلَامِࢽْسَࢽْ ࢽِࢽ يَ ڧَࢽْ وࣸبࣸتَاوَا ذَمَاغَکِيَاثٜي کَدَࢽْمِيزَࢽَا
أَبِيَاجࣸوࢽَاأَيَاڢٜي غَابَا,أَبِيَاجࣸوࢽَاأَيَاڢٜيٰ غَابَا
غَرْغَطِي مَيْبَادَڟࣸوْرࣸوا مَيْࢽࣸڢِي دَهَࢽِي دَهࣸوْرࣸواْ,غَرْغَطِي مَيْبَادَڟࣸوْرࣸواْ  مَيْࢽࣸڢِي دَهَࢽِي دَهࣸوْرࣸواْ
وَࢽَّࢽْ وَاَلْأمَرِي يَاإِسَ أَبِࢽْ اَلْعَجَبِي؞  کَمَرْ شِي يَکࣸومࣸواسِيدِ أَࢽَّبِ أَحْمَدَا,وَلࣸࢽْ ڢَأَکَ مَرِي بَاإِسَ أَبَࢽْ اَلْعَجَبِي ؞  کَمَرْشِ يَکࣸومࣸواسِيدِ أَࢽّبِ أَحْمَدَا
کذااليهود واࢽهم وحدواکڢروا ؞ بالله مࢽ جلعة التکذيب لله سل,کذااليهود واࢽ ه وحدوالکڢر وا ؞ بالله مࢽ جعة التکذيب لل ل
ڢَکࣸتَّࢽْبَيَاکࣸووَيِّ وَاڧَرْغَ دࣸکْکࣸثٜىٰ   دَشِى ࢽَاࢽَ تَايَرْشَيْخࣸ مَىْ سࣸࢽْ مࣸحَمَّدَا,جَکࣸتَࢽْبَيَاکࣸووَيّࣸ وَاڧَرْغَ دࣸکْ کࣸثٜيٰ   دَشِي ࢽَاࢽَ تَايَرْشَييْخࣸ مَيْ سࣸࢽْ مࣸحَمَّدَا
الحريرِي صح ٣٨٩ صحيڢة,الحريري صعر ولاء صحيڢة
ڧَرْࢽِࢽْسَ شِزَمْ بَزَي يَوَابَا,ڧَرْࢽِࢽْسَ شِزَمْ بَزَيْ يَوَابَا
تَوْاْمࣸسَࢽْ رَاࢽَرْڧِيَامَا  ࢽَاذࣸوَارَاࢽَرْࢽَدَامَا,تࣸوْاْمࣸسَࢽْ رَاࢽَرْڧِيَامَا  ࢽَاذࣸوَارَاࢽَرْࢽَدَامَا
18,1
ڢِى ࡶَڢْعَالِهِ>عٜکࣸوطٜ مَکّࣽ وَلاَشَرِيکَ لَهࣸ,ڢِبَࡶَڢْعَالِهِ>عٜکࣸوطَمَکّࣽ وَلَّشْرِيٜکَ لَهࣸ
بَاحَࢽْيَاثٜيٰ تَغاڢَرَابَا,بَاحَࢽْيَاثٜيٰ تَڧَاڢَرَابَا
أَذࣸبَاوࣸتَ بَادَشَاوَرَابَا,أَذࣸبَاوࣸتَ بَادَشَاوَرَابَا
ڢَرغَبَادࣸࢽْ وَࢽْغَ رَاࢽَا    ࢽَاثِکِي دࣸࢽْ بَابࣸ کࣸواࢽَا,ڢَرْغَبَادࣸࢽْ وَࢽْغَ رَاࢽَا ࢽَاثِکِي دࣸࢽْ بَابࣸ کࣸواࢽَا
سَيْ شِبَايَرْ حَرْأࣸبَࢽْسَ    بَاطِيَابَاࢳَࢽْ أࣸوَࢽْسَ,سَىْ شِبَايَرْحَرْأࣸبَࢽْسَ  بَاطِيَابَاࢳَࢽْ أࣸوَࢽْسَ
کࣸسَࢽْ شٜسࣸ لَدَبࣸوبٜيٰ ࢽَدِيࢽِࢽْ مࣸحَمَّدࣸ ؞   شِِيمَاحَدِيشِ ࢽٜيٰ ࢽَأَࢽَّبِ أَحْمَدَا,کࣸسَْ شِسࣸ لَدَبࣸوبٜيٰ ࢽَدِيࢽِࢽ مࣸحَمَّدࣸ ؞  شِيمَاحَدِيشِ ࢽٜيٰ ࢽَأَࢽَّبِ أَحْمَدَا
کذاالبداية لا تخڢى استحالتها ؞ اذتف,کذاالبداية لاتخ ڢى استحالتا ؞ اذتفتخ النڢى لل غي مشتل
تࣸࢽْ مَا بَعَ دࣸوبَ أيّࣸکَࢽْبَا,تࣸࢽْ مَابَعَ دࣸوبَ أَّࣸکَࢽْبَا
لَاخِرَاࢽَسَ حَرْشِسَامِ  کَيْغَ ذَاݒَݒّٜيٰࢽْ مࣸڧَامِ,لَاخِرَاࢽَسَ حَرْشِسَامِ  کَيْغَ ذَابَبّٜيٰࢽْ مࣸڧَامِ
مَاغَࢽِࢽْ ڢِتࣸوَرْحَڧࣸورِي    دࣸکْ تَسَامَکَ شِي أَدَوْرِي,مَاغَࢽِࢽْ ڢِتࣸوَرْحَڧࣸورِ  دࣸکْ تَسَامَکَ شِي أَدَوْرِي
اࢽ يصلح الفلب ڢالا عضاء صالحة ؞ لانه ملک محى يمل يمل,اࢽ يصلجم الفلب ڢالا عضاء صالة ؞ لانه ملک ممى يمل يل
مَاسࣸ ڧٜيٰتَادَحَسَدَاثَࢽْ غَغࣸوبٜيٰ   کَيْسࣸ أَکَيِي وࣸتَاکَدَࢽْتَايِ ذࣸوبٜيٰ,مَاسࣸ ڧٜيٰتَادَحَاسَدَاثَࢽْ غَغࣸوبٜيٰ  کَيْسࣸ أَکَيِي وࣸتَاکَدَࢽْتَايِ ذࣸوبٜيٰ
اذالکمال لذي الجلال خالفنا ؞ متى ه عࢽ مڢات الشبه والمثل,اذالکال لذى الڢلال خالفنا ؞ مته عࢽ صڢات الشبه والمثل
بِسْمِ اِللَّهِ ࢽَاڢَارَاسࣸوࢽَࢽْ عࣸبَࢽْغِجِ؞ شِيࢽٜيٰ دَإِيکࣸو جَلَّ سَرْکِي مࣸحَمَّدَا,بِࢽْمِ اِللَّهِ ࢽَاڢَارَادَسࣸوࢽَࢽْ عࣸبَࢽْغِجِ ؞ شِيࢽِي دَإِيکࣸوجَلَّ سَرْکِي مࣸحَمَّدَا
دࣸوࢽْ مࣸتࣸࢽْ ࢽٜىٰ شِى کَرِيمِ    مَىْ يَوَࢽْ هَڧࣸرِي عَلِيمِ,دࣸوࢽْ مࣸتࣸࢽْ ࢽٜيٰ شِي کَرِيمِ  مَيْ يَوَࢽْ مَڧࣸرِي مَلِيمِ
بَسࣸ کَࢽْ رَغٜيٰ کࣸوْاْ أَبِࢽْ مِيَابَا,بَسࣸ کَࢽْ رَغٜيٰ کࣸوْاْأَبِࢽْ مِيَابَا
غِدَجٜيٰࢽْمࣸ زِيࢽَرّࣸوتࣸڢَاڢِي ࢽَاَلْحَرِࢽْ  مࣸشَاسَلْسَبِيلࣸ دَزَࢽْجَبِيلࣸ غَاَحْمَدَا,غِدَاجٜࢽٰࢽْمࣸ زِيࢽَرّࣸوتࣸڢَاجِ ࢽَالحَرِࢽْ مࣸشَاسَلْسَبِيلࣸ دَزَّࢽْجَبِيلࣸ غَاحَْدَا
29,1
کَلࣸورَا کَسَوْ رَارِي تَوْشَاوَرَا,کَلَوْرَاکَسَوْرَارِي تَوْشَاوَرَا
إِࢽْ کَࢽَادَهَࢽِي ࢽَشِريٜيٰ   کَيْ رِڧࣸࢽْسࣸ دَکَيْوْکِيَايٜيٰ,إِࢽْ کَࢽَادَهَࢽِي ࢽَشِرْيٜيٰ  کَيْ رِڧࣸࢽْسࣸ دَکَيْوْکِيَايٜيٰ
بَسࣸ تَاشِ سࣸࢽَادَلَاڢِيَا,بَسࣸ تَاشِ سࣸࢽَادَلَاڢِيَابَا
أَࢽَࢽْ جَلَّ يَاتَارَسࣸ دࣸࢽْ سࣸࢽْ مࣸحَمَّدࣸ ؞ سࣸغِرْمَمَ جِيکَاࢽَسْ سࣸغِرْمَمَ أَحْمَدَا,أَࢽَࢽْ جَلَّ بَاࢽَارَسࣸ دࣸࢽْ سࣸࢽْ مࣸحَمَّدࣸ ؞  سࣸڧِࢽْ مَمَ جِيکَاࢽَسْ سࣸغِࢽْ مَ أَحْمَدَا
أَذَمَࢽْکَ بَذَاکَ ثࣸوتࣸوَابَا,أَذَمَࢽْکَ بَذَاکَ ثࣸوࢽࣸوَابَا
تَسَاتَيْ غَرَࢽْ مَسࣸ طَوْکَرْ عِدࣸواْ  إدَࢽْ زَاةَ يَاوࣸاتَکِࢽْࢽّٜࢽْ عِدࣸواْ,تَسَاتَࢽْ غَرَرْ مَسࣸ طَوْکَرْعِدࣸوا   إِدَࢽْ زَاةَ يَاوࣸاْتَکَࢽْࢽَࢽ سَدّࣸوَاْ
بَاشِ مࣸواْڟَاوَاأکࣸࢽْثٜىٰ يَاکࣸرࣸمْثٜى يَامَکَࢽْثٜىٰ,بَاشِ مࣸواْڟَاوَاأَکࣸࢽْثٜيٰ  يَاکࣸرࣸمْثٜيٰ يَامَکَࢽْثٜيٰ
وَاغَرٜىٰکَ ثِکِࢽْ دَرَارٜىٰ    طَيْبَ هَرْرَيْࢽَاشِڧَارٜىٰ,وَاغَرٜيٰکَ ثِکِࢽْ دَرَارٜيٰ  طَيْبَ هَرْرَيْࢽَاشِغَارٜيٰ
سَوْڧَڧٜيٰمَࢽَ بَادَکَاغَذَابَا,سَوْڧَڧٜيٰمَࢽَ بَادَکَاغَذَابَا
اَلࢽَّاشِرࣸ أحَمَدࣸ التِجَاࢽِي حَڢِظَࢽ اَللَّهࣸ,اَلࢽَّاشِرࣸأَحْمَدࣸ التِّجَاࢽِي حَڢِظَهࣸ اللَّهࣸ
دَغَ وَࢽْغَ يَاڧِ بَأَکࣸومَ ذࣸومࣸسࣸ ؞  سَيْ سࣸوسࣸجٜيٰسࣸ دَکَࢽْسࣸ جَمَعَرْ مࣸحَمَّدَا,دَغَ وَࢽْغَ يَاڧِ بَأَکࣸومَ ذࣸومࣸسࣸ ؞  سَيْ سࣸوسࣸجٜيٰسࣸ دَکَࢽْسࣸ جَمَرْ مࣸحَمَّدَا
أَݣࣸويْ طِبْغَوْاْمَيْ طِبْغَ مِجِࢽْتَا   بَاتَ جِرَاغَڢَطَاشِتَيَاتَا,أَݣࣸويْ ڟِبْغَوْاْمَيْ لِبَڧِدِجِتَا  بَاتَ جِرَاغَڢَطَاشِتَيَالَا
حَکَ مَيْ يِࢽْ ڢࣸشِي شِيࣸومَيْ ڧّّࢽَࢽْثِي  کࣸوجَڢَاࢽِي حَڧِيڧَابَيْيࣸومࣸتࣸمْثِي,حَکَ مَيْ يِࢽْ ڢࣸشِي شِيࣸومَيْ ڧَࢽَࢽْثِي  کࣸوجَڢَاࢽِي حَڧِيڧَابَيْبࣸومࣸتَمْثِي
مَىْ بِيَࢽْ أَرْࢽٜىٰ يَسࣸوْاْشِي    لَاخِرَاغَمٜىٰ ذَاسࣸ تَاشِي,مَيْ بِيَرْأَرْࢽٜيٰ يَسࣸوْاْشِي  لَاخِرَاغَمٜيٰ ذَاسࣸ تَاشِ
نٜوِيفࣽلْ وَمَسْحࣸ ࡼلذِّرَاعَيْࢽِ عِمَسْکࣸدٜجِرَعࣸوجِ طِࢽْ,بٜوِيٜفࣽلْ وَمَسْجࣸ ࡼلذِّرَاعَيْࢽِ عٜمَسْکࣸدٜجِرَعࣸوجِ طِࢽْ
وࢽغ,وࢽغ
ذࣸوْالْجَلَالِ کَبَامࣸ شِرْيَا    ذࣸوثِيَرْمࣸ تَکَامَ هَࢽْيَا,ذࣸوْالْجَلَالِ کَبَامࣸ شِوبَا  ذࣸوثِيَرْمࣸ تَکَامَ هَࢽْبَا
أَݣࣸيْ وَࢽِي بَيَاࢽِ وَࢽْدَ مَهْدِڢَ يَاغَࢽِي ؞  شِي مَاکَرَامَ ثٜيٰ تَبَرْدٜࢽْ مࣸحَمَّدَا,أَکࣸيْ وَتِي يَيَاࢽِ وَࢽْدَمَهْدِ ڢَيَاغَࢽِي ؞ شِي مَاکَرَامَ ثٜيٰ تَبَرْدِࢽْ مࣸحَمَّدَا
مَادَسَاڧࣸواْکࣸواْوَࢽِࢽْسࣸ   سࣸڢَطَادࣸکَ حَࢽْزَرِࢽْسࣸ,مَادَسَاڧࣸواْکࣸواْوَࢽِࢽْسࣸ  سࣸڢَطَادࣸکَ حَࢽْزَرِࢽْسࣸ
سࣸࢽْ وَهَلْتَ غَوَࢽْغَ حَالِ    أَيِي حِسَبِي ࢽَىْ سࣸءالِ,سࣸࢽْ وَهَلْتَ غَوَࢽْغَ حَالِ أَبِي حِسَابِي ࢽَىْ سࣸلَالِ
غࣸࢽْ ذمَࢽْکَ إِدَࢽْ کَهَࢽْغِ  ࢳَرْشِرِيرِيتَادَوَرْغِي,غࣸࢽْ ذَمَࢽْکَ إِدَࢽْ کَهَࢽْغِ  ࢳَرْشِرِيرِيتَادَوَرْغِي
وَࢽْسࣸ غَاکَايَاسࣸطَوْکَىْ   وَࢽْسࣸ کَوْاتَمکَرْمࣸسَاکَىْ,وَࢽْسࣸ غَاکَايَاسࣸطَوْکَيْ  وَࢽْسࣸ کࣸوْاْتَمْکَرْمࣸسَاکَيْ
ًٍٍ       دࣸمَيْبࣸکاتَرْ غَسْکِيَا کَڢَطَا مَسَ اࢽْذا کَطࣸحٍِ کࣸيࣸوا ڟَکَاࢽِࢽ عࢽْ عࣸوا,دࣸمَيْبࣸکَاتَرْغَسْکِيَاکَڢَطَامَسَ إِࢽْذَاکَطࣸي کيوڟࣸکَاࢽِࢽْ ࢳٜࢽْ عࣸوا
ذَمَاغࣸزࣸرِيࢽَاࢽِيڢَ کٜيٰࢽَاغَدࣸوࢽِيَا    غَرَوْࢽِکَ تَمَّاتَا دَثٜيٰتࣸو غَاَحْمَدَا,ذَمَاغࣸزࣸرِيࢽَاࢽِيڢَ کٜيٰࢽَاغَدࣸوࢽِيَا  غَرَيْࢽِکَ تَمَّاتَادَثٜيٰتࣸوغَأحْمَدَا
کَرْکَزَمْ مَيْسࣸو کَرَيْࢽَ   يَࢽْ أࣸوَاکَڟَرٜيٰ أَمَاࢽَا,کَرْکَزَمْ مَيْسࣸوکَرَيْࢽَ  يَࢽْ أࣸوَاکَڟَرٜيٰ أَمَاࢽَا
غَرْغَطِي,غَࢽْ غَطِي
ڢالخيروالشر خلڡ اࢽ بذاک ڢض ڢليس للخلڡ ڢى المفض يࢽ حيل,ڢالحج والشر خلڡ اࢽ بذاکخضى ڢليس للخلڡ والمفضى بڡ جل
يَارَسَاکَجِ وَىْ سࣸغࣸواْجٜىٰ    سࣸࢽْڧِ بَامࣸ کࣸطِي أَدَيْجٜىٰ,يَارَسَاکَجِ وَيْ سࣸغࣸواْجٜيٰ  سࣸࢽْغِ بَامࣸ کࣸطِي أَدَيْجٜيٰ
ڧام بطبعها وࢽشرها أحمد التجاࢽي تکر,ڧَام بطبعهاوࢽشهاࢽاضمهاأحمد التجاࢽى تکر
تࣸوشِࢽَاࢽِيَّاغصَلَّا    زࣸوثِ إِࢽْدَيْ بَاجِهَالَهْ,تࣸوشِࢽَاࢽِيَّاغَصَلَّ  زࣸوثِ إِࢽْدَيْ بَاجِهَالَه
غَالِبِي دَحَڧࣸوڧࣸوَاࢽٜيٰ    کٜيٰ ڟَرٜيٰسࣸ أَࢽَࢽْ وࣸيَاࢽٜيٰ,غَالِبِي دَحَڧࣸوڧࣸوَاࢽٜيٰ کٜىٰ ڟَرٜيٰسࣸ أَࢽَࢽْ وࣸبَاࢽٜيٰ
اسماوٰه وصڢات الذات ٰنطلفها ؞ بالاذࢽ مثل الد>يحتاج ڢى العمل,اساوه وصڢات الذات تظلفها ؞؞بالاذࢽ مثل الف يجناج ڢى العل
بَرْذَتࣸࢽْ ڟَرْکِࢽْ إِبَادَا    غࣸࢽْ مࣸتࣸمْ مَيْوَࢽْغَ عَادَا,بَرْذَتࣸࢽْ ڟَرْکِࢽْ إِبَادَ غࣸࢽْ مࣸتࣸمْ مَيْوَࢽْغَ عَادَا
ڢلاعلى الله حڡ بل يکوࢽ له ؞ حڡ قلتڢضل ممااࢽ يشاينل,ڢلاعلى الله حڡ بل يکوࢽ له ؞ حڡ التڢضل ممااࢽ يشاينل
13,1
وَࢽْدَيَکّࣸࢽْثٜيٰ اَلْکَوَلْ يَايِ ذَࢽْبَا   دࣸدَّمَيْرٜيٰࢽَ مࣸومِࢽِي سَيْ شِتࣸوبَا,وَࢽْدَيَکَࢽْثٜيٰ أَلکَوَلْ يَايِ ذَࢽْبَا  دࣸدَّمَيْرٜيٰࢽَ مࣸومِࢽِ سَيْ شِتࣸوبَا
سبحا نه ربنا تعنواالوجوه له مࢽ لم يوصله للخير ات لم يصل,سبحانه ربناتعنواالوجوط له مࢽ لم بوصله للخجي ات لم يصل
16,1
نياسب ماتفدم ڢفدحدى بها کلمات تحمد ولا تذم,يماسبب ماتفدم جفدحدى بهاکطات تحد ولاتذم
اࢽا مکيي ددام دحوࢽ سوࢽٜي   کتاش مساغبࢽم مڟر ڟارا,اࢽامکيي ددام دحوࢽ سوࢽي  کتا شࢽ ماغبࢽم مطرطارا
أَݣࣸيْ وَتَاکَرَامَ تَسْ دَأَکَ غَࢽْتَ يَٜࢽْاءࣸوَا ؞  دࣸکْ أَکِيَ الْعَجَبِي کࣸسَوْرَارِ ڢَاءِدَا,أَݣࣸي وَࢽَاکَرَامَ ࢽَسْ دَأَکَ غَࢽْتَ يَࢽْاءࣸوَا  دࣸکْ أَکَيْ اَلْعَجِبِي کࣸسَوْرَارِڢَاءِدَا
سࣸࢽْڧِ جِࢽْ وَعَظِي دَحࣸوْاْرࣸوْاْ   بَاأَبِࢽْدَ کَبَاسࣸ ڟࣸوْاْرٜࣸاْ,سࣸࢽْڧِ جِࢽْ وَعَظِي دَحࣸوْاْرࣸوْاْ بَاأَبِࢽْدَکَبَاسࣸ ڟࣸوْاْرࣸوَاْ
بِڧَلَم إبْرَاهِيمࣸ,بِڧْلم إِبْرَاِهِيمࣸ
بَاطَيِي ࢽَيْڢَ کࣸوغَوَجَّࢽْ بَࢽَࢽْثِي   مکَࢽَاوَࢽْدَيَڧِّ کࣸوبِࢽْ حࣸکࣸمْثِي,بَاطَيِي ࢽَيْڢَ کࣸوغَوَجَّࢽْ بَࢽَࢽْثِي  حَکَࢽَاوَࢽْدَيَڧّࣸ کࣸوبِࢽْ حࣸکࣸمْثِي
وَࢽْسࣸ ࢽَࢽْ بَاسࣸبِࢽْ سࣸبِࢽْ تَڢَرْکِࢽْ شَرِيعَا   مَاسࣸ ذَاڢِي سࣸڢَاطَبَيْ بَابَرَاعا,وَࢽْسࣸ ࢽَࢽْ بَاسࣸبِࢽْ تَڢَرْکِࢽْ شَرِيڢَا  مَاسࣸ ذَاڢِي سࣸڢَاطَبَيْ بَابَرَاعَ
حَرْهحَࢽْکَلِي وَاللَّهِ کَاجِ يَکَࢽْ بَثٜي   بِسَ کَࢽْ طَبِيعࣸوعِࢽْسَ کَاجِ مࣸتَاࢽٜي,حَرْحَࢽْکَلِي وَاللّهِ کَاجِ يَکَرْ بَثٜيٰ  بِسَ کَࢽْ طَيࣸوعِࢽْسࣸ کَاجِ مࣸتَاࢽٜيٰ
إࢽْکَاڟَيَا صَلاَّ سࣸثٜي  مَيْ ڢَرِيَا         دࣸکْ ڧࣸوڧَرِِࢽْسَ يَتَبَّتَا وَمࣸتَاࢽٜيٰ,إِࢽْکَاڟَيَاصَلّاهْ سࣸثٜيٰ مَرْ ڢَارِيَا  دࣸکْ ڧࣸوڧَرِࢽْسَ يَتَّبَّتَاوَمࣸتَاࢽٜيٰ
کࣸسَࢽْ دَوْدَوَا مَاڢَا وَارِي غَرٜيتَا  بَابࣸ رَبٜيوَا دَيَالࣸواْ دَطَاتَا,کࣸسَࢽْ دَوْدَوَامَاڢَاوَارِي غَرٜيٰتَا  بَابࣸ رَبٜيٰوَادَيَالࣸواْدَطَاتَا
١٩  رَبَّࢽَا بَدَّ وَࢽْجِࢽْ   مَاسࣸ ڧِࢽْسَ سَبࣸءاْ دَڧࣸࢽْجِي,١رَبَّتَايَابَدَّوَࢽْجِࢽْ  مَاسࣸ ڧِلْسَ مَبࣸواْدَڧࣸࢽْجِࢽْ
سَيَّيْ عَدّࣸعَ کَيَرْشِي يَطَوْکَا  کَجِ وࣸوڢِي دَبَايَاسࣸويَيْ صَࢽَاعَ,سَيَّيْ عَدّࣸعَ کَيَرْشِي يَطَوْکَا   کَجِ وࣸوڢِي دَبَابَاࣸويَيْ صَࢽَاعَ
أَلْهَکِࢽْ طَاغࣸࢽْأࣸبَࢽْسَ    تࣸࢽْبِطَرْأَوْرٜىٰࢽْ أࣸوَرْسَ,أَلْهَکِࢽْ طَاغࣸࢽْ أࣸبَࢽْسَ  تࣸࢽْ بِطَرْأَوْرٰٜࢽْ أࣸوَرْسَ
ڢاࢽ تارکها ت ا تيه راغمة ؞ وانت منهالغير الرزڡ لم تصل,ڢاࢽ نارکهاتاتيه راغمت ؞ واتت منالغي اله زڡ لم تصل
مࢽ واجب اولافصدالى نظࢽ ؞ صليم معنى بلا نغص ولاخلل,مࢽ و اجب اولافصد الى نطن ؞ صيح معى بلانفص ولاخلل
اࢽد,اࢽد
42,1
ڢلاٰکبيرةللطاعات محبطة ؞ احباط کڢرڢهذاغي معتدل,ڢلاکيير ة للطاعات محبطة ؞ احباط کڢر ڢهذاغي معتدل
سࣸوکَ بَڧࣸا سࣸرِغَايِࢽْ کࣸوکَا  بَأَيْ مَغَࢽَابَ سࣸجٜيٰ سࣸڟِرَاتَا,سࣸوکَبࣸغࣸواسَرْغَايِࢽْ کࣸوکَا  بَلَيْ مَغَࢽَابَ سࣸجٜيٰ سࣸڟِرَاتَا
واࢽ يکࢽ مࢽ حلال نلت ڢلفد ؞ اصبحت مࢽ ملبس التوڢيڡ ڢى حلل,واࢽ يلى مࢽ حلال نلت ڢلفد ؞ اصبحت مࢽ ملبس الذڢي ڢى حل
سࣸکَثٜيٰمَ سَرْکِي مَهْدِ يَا لشٜيٰ مࣸ ؞ أََبَاطِلََادَبَابࣸ دَلِيلِ کࣸࢽجِ مَڧِيَّامࣸحَمَّدَا,سࣸکَثٜمَ سَرْکِي مَهْدِيَاکَثٜيٰمࣸ أَبَاطِلا دَبَابࣸ دَلِياِکَࢽْجِ مَڧِيَّامࣸحَمَّدَا
لَاخِرَاأذࣸبَاسࣸ لَذَّ    غَرْغَطِࢽْ مَالَمْ يَهࣸوذَا,لَاخِرَاأَذࣸبَاسࣸ لَذَّا  غَرْغَطِࢽْ مَالَمْ يَهࣸودَا
ࢽَىْ شِمَىْ خࣸطࣸبَادَأَرَبِ    کࣸوْامࣸحَمَّدࣸکࣸواْشࣸعَيْبࣸ,ࢽَيْ شِمَيْ خࣸطࣸبَادَأَرَب  کࣸوْاْمࣸحَمَّدࣸکࣸواْشَعَيْبࣸ
بَتَ سَࢽْ کࣸوْاْ مَيْ کَمَرْ ثِکِيبَا,بَتَ سَࢽْ کࣸوْاْمَيْ کَمَرْثِکِيبَا
عَسٜوٜرّٜعَدِّى هࣸوَدٜيࣸرْمࣸدٜڢٜوْࣽمٜࢽْ ڢَاتࣸنْدٜجٜرْرࣽ عَلىّࣸ هَٜيْرٜ دٜهِطَّتَا,عَسٜيورْعَدِّى لࣸهࣸودٜ يࣸرْمࣸدٜڢٜوْدࣸمٜࢽْ ڢَاتࣸنْدٜ جٜرْرࣸعَلجّࣸ هََيْرِدٜهِطّتَا
دَڟَرِࢽْ حَڧِّ دَدَيْࢽْ زَمْبَا,دَڟَرِࢽْ حَڧّ دَدَيْࢽَ زَمْبَا
مࣸࢽࣸورَدَلِلَيْ دࣸࢽْ أَسَࢽْ کࣸمَ يَاوࣸثٜيٰ؞ أَکَامَ تَڢَرْکِي ࢽَسْ ذࣸوَاغَمࣸحَمَّدَا,مࣸࢽࣸورَدَلِيلَيْ دࣸࢽْ أَسَࢽْ کࣸمَ يَاوࣸثٜيٰ ؞ أَکَامَ ࢽَڢَرْکٜي ࢽَسْ ذࣸوَاغَمࣸحَمَّدَا
ࢽَاغَ مَࢽْيَامَاسࣸلࣸورَا   دࣸکْ مࣸتࣸمْ کَواْمَيْدَبَارَا,ࢽَاغَ مَࢽْيَامَاسࣸ لࣸورَا  دࣸکْ مࣸتَمْ کࣸواْمَيْدَبَارَا
ڢانظراذاکنت ذاعفل وتبصرة ؞ ڢلمل تى وغير خلڡ الواحدالازل,ڢانظر اذاکنت ذاعفل ونبصرة ؞ ڢهل ت وغي خلى الواحدالازل
سَيْ يَثٜيٰ کࣸࢽْ سَࢽْࢽِ تࣸࢽْدَ   سَيْ سࣸثٜيٰ مَسَ عَاءَ مࣸودَ,مَيْ يَثٜيٰ کࣸࢽْ سَࢽْࢽِ تࣸࢽْدَ سَيْ سࣸثٜيٰ مَسَ عَاءَمࣸودَ
5,1
اماالذ> صاريدعونالبدعته ؞ مع الفتال ڢض ب البيض والاسل,اما الذ> صاربدعوناڢبدعته ؞ مع الفتال ڢضب اليض والاسل
کَࢽْ مࣸتَاࢽٜيٰ دࣸکْ أََرࣸوڟࣸو   حَࢽْکَلِࢽْ جَمَعَاشِمࣸوْاْڟࣸو,کࣸࢽْ مࣸتَاࢽٜيٰ دࣸکْ أَرࣸوڟࣸو  حَࢽْکَلِࢽْ جَمَعَاشِمࣸوْاْڟࣸو
بَايَࢽْسࣸ سَيْ مَاتَࢽْ دَبَاسࣸ مࣸڧࣸمْتَا سࣸوکَمْ وَطَࢽْ ࢽَّاࢽَا دَدَاطِࢽْ أَوْرٜيٰ,بَايَࢽْسࣸ سَيْ مَاتَࢽْ دَبَاسࣸ مࣸغࣸمْتَا  سࣸوکَمْ وَطَࢽْ ࢽَاࢽَادَدَاطِࢽْ أَوْرٜيٰ
جَاهِلَىْ دَيْدَىْ دَمَاتَا     ࢽَٜىٰ إدَࢽْدَىْ سࣸࢽْغَ ثࣸوتَا,جَاهِلَيْ دَيْدَيْ دَمَاتَاࢽٜيٰ إِدَࢽْدَيْ سࣸࢽْغَ ثࣸوتَا
ڢدرام بالجهل نورالحڡ يطڢنى ؞ والله اظهوط کالشمس لم تزل,فدرام بالجصل نورالڡ يطڢنه ؞ والله الڡط کالشس لم تل
ذَمَاتَيْمَکࣸوبَاحَࢽَى بَا غَرٜيکَ  مِثَالِي کَمَاتَي مِثَالِࢽْ زِࢽَا,ذَمَاتَيْعَکࣸوبَاحَࢽَيْ بَغَرِيکَ  مِثَالِي کَمَاتَي مِثَالِࢽْ زِࢽَا
تَࢽْ سَشِࢽْ أيْکِى ࢽَبَرْࢽَا ڢَىْ ديࣸويٜىٰ شِطَيْدَسࣸࢽَّا,تَرْسَشِࢽْ أَيْکِي ࢽَبَرْࢽَا ڢَيْ دَبࣸويٜيٰ شِطَيْدَسࣸࢽَّا
10,1
ذَمَاذَاطَ ڧَࢽْطَرَثَاࢽْ أَتࣸسْغاغَجَࢽَّتَا  ڢَدَارࣸاَلسَّلاَمِ غَرِࢽْ مَسࣸويَرْمࣸحَمَّدَا,ذَمَاذَاطَڧَࢽْطَرَثَاࢽْ أَتࣸسْڧَاغَجَࢽَّتَا   ڢَدَارࣸ السَّلامِ غَرِࢽْ مَسࣸويَرْ مࣸحَمَّدَا
عَبَبَّࢽْکࣸوتࣸ ذَاࢽَثٜىٰ سࣸࢽْثِى بَاشِ    کࣸمَابَاسَايَبَاوَسَىْ مࣸࢽْ شَرِيعَ,عَبَبَّࢽْ کࣸوتࣸ ذَاࢽَثٜيٰ سࣸࢽْثِي بَاشِ  کࣸمَابَاسَابِيَاڢَ سَيْ مࣸࢽْ شَرِيعَ
کࣸمَ کَدَکࣸوࣸوحَسَدَاغَکࣸواوَڢَ کࣸࢽْجِيَا ؞  إِتَمَا حَرَامࣸࢽْثٜيٰ أَتࣸرْبَࢽْ مࣸحَمَّدَا,کࣸمَ کَدَکࣸووحَسَدَاغَکࣸودووَکࣸࢽْجِيَا ؞  إِࢽَمَاحَرَامࣸࢽْثٜيٰ أَࢽࣸزْبَࢽْ مࣸحَمَّدَا
إِࢽْ يَّاسَيَرْمَکَ لَادَاکٜيٰبِي إِࢽ بَيْ سَيَرْبَابَاشِ دَکࣸووࣸرِ,إِࢽْ يَّاسَيَرْمَکَ لَادَاکٜيبِيَ  إِࢽْ بَيْ سَبَرْبَابَاشِ دَکࣸووࣸرِ
کَاجِ إِرِࢽْ حَالَايَࢽْ مَّاتَا    مࣸوࢽَاࢽَا  مࣸغَامَکࣸوطَيْتَا,کَاجِ إرِࢽْ حَالَايَࢽْ مَّاتَا  مࣸوࢽَاࢽَامࣸغَامَکࣸوطَيْتَا
5,1
عٜرٜوْنِدِرْدٜوَڢَرَآضِࣸ ࡼلْغَسْلِ ڢَرِللَّج لࣸنْفࣵلْ,عٜروْنِدِرْدٜوَڢَرَابٜضࣸ ࡼلْغَسْلِڢَرِلّجِ لࣸنْفَلْ
عِلَ سࣸودࣸدنٜاٜڢَاعٜ الاخِرتَعْيࣸرَلْ کࣸوْتِرْطࣸ يِمْرَعْدٜاْبِعَاطࣸمْ,عٜلَمْبࣸودࣸدنَاجَامِ الاخِرْنَڢْبࣸرْةْ حَوّنِࢽْ دࣸبࣸمْرَمْدِابٜعَامࣸࢽْجٜوࣸتَفَا
وَࢽْسࣸ ࢽَاتَاشِ ڟِرَارَا    تࣸࢽْ کࣸشٜيٰوَرْذَاعَ ڢَارَا,وَࢽْسࣸ ࢽَاتَاشِ ڟِرَارَا تࣸࢽْ کࣸشٜيٰوَاذَاعَ ڢَارَا
سَى اثٜى,سى اثي
اذࢽ اداابرامرٜي دادا    اميلورامبرايکࢽ ࢽصارا,إذࢽ اداابرامري داد  اميلورامبرايکࢽ ࢽصارا
دَسࣸکٜيٰ حَطٜيٰ غَاشِ بَيْهَطٜيٰبَا,دَسࣸکٜيٰ حَطٜيٰ غَاشِ بَيْهَطٜيٰبَا
مَذَا سَيْ أَثٜيٰمَکَ وَاࢽٜيٰ لَلَّيْ يَيْکࣸطِي  دࣸومِࢽْ حَکَࢽْࢽَࢽْ بَاشِکࣸولَدَبِيࢽٜي,مَذَاسَيْ أَثٜيٰمَکَ وَاࢽٜيٰ لَلَّيْ يَيْکࣸطِي  دࣸومِࢽْ حَکَࢽْࢽَࢽْ بَاشِکࣸولَدَبِيࢽٜيٰ
إِࢽْذَاکَعَيْکَتَ أَيّࣸکَࢽْکَ کَأَيْکَتَا إࢽْکࣸوکَبَرشِ کَࢽَاغࣸدࣸࢽْ تَمࣸتاࢽٜيٰ,إِࢽْذَاکَعَيْکَتَ أَيّࣸکَࢽْکَ کَأَيْکَتَا  إِࢽْکࣸوکَبَرشِ کَࢽَاغࣸدࣸࢽْ تَمࣸتَاࢽٜيٰ
دماس ذواشکࢽ س سࢽاجييا   متاڢکࢽ مکٜغ ࢽا ࢽصارا,دماسࢽ ذواسکࢽ س سࢽاجييا   متاڢکࢽ مکغ ࢽاࢽصاارا
ڢَتࣸࢽْدَغَ سَرَوْتَ الْمَهَدِ حَرْڧِيَامَةࣸ ؞  سَيْ رَاتِبِي تࣸوکࣸࢽْجِ وࣸرْدٜࢽ مࣸحَمَّدَا,ڢَࢽَࢽْدَغَ سَرَوْتَ الْمَهْدِ حَرْڧِيَامَةࣸ ؞  سَيْ رَاثِيي تࣸوکࣸࢽْجِ وࣸرْدٜࢽْ مࣸحَمَّدَا
11,1
غࣸࢽْ سَاکِيْ أَطٜيٰبٜيٰ تَوْسَيِي  بَاعَدَالَاࢽْڧَرْشَ ࢽْدࣸوࢽِيَا,غࣸࢽْ سَرَاکِيَ أَطٜيٰبٜيٰ تَوْسَبِي  بَاعَدَالَاࢽَڧَرْشَْ ࢽْدࣸوࢽِيَا
حَرْڧَذَڢْ حَرْغَرْدَمَࢽْثِي    سَارِيَاءࣸدَثِࢽْ مࣸتࣸࢽْثِي,حَرْڧَذَوْ حَرْغَرْدَمَࢽْثِي  سَارِيَاءࣸدَثِࢽْ مࣸتࣸࢽْثِي
إࢽْ مࣸوکَرَبࣸوْبَکࣸوْارَسَابَا,إِࢽْ مࣸوکَرَبࣸوْبَکࣸوْاْرَهَابَا
سَىْ شِغَاࢽٜىٰمَࢽْ أسِيرࣸو     سَيْکَثٜىٰ تَاذَمْࢽَ جَارࣸو,سَيْ شِغَاࢽٜيٰمَࢽْ أَسِيرࣸو  سَيْکَثٜيٰ تَاذَࢽْࢽَ جَارࣸو
أَمَّثٜيٰ أَغَبَࢽْکَ حَرْمَا کَيْ رَشِࢽْ ڟࣸڢِّࢽْکَ أَمَّا,أَمَّثٜيٰ أَغَبَࢽْکَ حَرْمَا  کَيْ رَشِࢽْ ڟࣸڢࣸࢽْکَ أَمَّا
بَل,ب
بَاذَىْ دَرَجَاألَاخِرَابَا,بَاذَيْ دَرَبَاأَلَاخِرَابَا
ڢينکرالخالڡ العبودمو جده ؞ اومعجزات تبيࢽ الصدولله سل,ڢنل افالڡ العبودموجده ؞ اومعجرات تيࢽ الصدڢ لمࢽ سل
أَذࣸبَامَتَ بَادَتَاڧِيَابَا,أَذࣸبَامَتَ بَادَتَاڧِيَابَا
ذَࢽْثٜيٰ غَرٜيٰ کࣸکَرْ کَتَکࣸࢽࣸواْ   يَࢽَادَاࢽَڢَاࢽِي إِࢽْ کࣸࢽْجِيَا,ذَࢽْثٜيٰ غَرٜيٰ کࣸکَرَکَتْکࣸࢽࣸوَا   يَࢽَادَأَࢽْڢَاࢽْبَ إِࢽْ کࣸࢽْجِيَا
مࣸوَابَتَرِِسْکِ مَيْ شيبَا,مࣸوَابَتَرِسْکِ مَيْ رَشِيبَا
دَرَجَاتَسࣸ بَاأَبِࢽْ مࣸسࣸوبَا,دَرَجَاتَسࣸ بَاأَبِࢽْ مࣸسࣸوبَا
إِࢽْ أࣸوَاتَشِغَرْمَ رٜىٰࢽࣸواْ     مَاغَࢽِي مَىْ وَࢽْکٜىٰ ࢽࣸوْاࢽࣸوْا,إِࢽْ أࣸوَاتَشِغَرْمَ رٜيٰࢽࣸواْ  مَاغَࢽِي مَيْ وَࢽْکٜيٰ ࢽࣸواْࢽࣸواْ
أَيَاڢٜمَ جࣸوࢽَا کࣸࢽجِ دࣸࢽْ اَللَّهْ يَࢽْاءࣸوَا ؞  شِيمَاحَدِيشِ ࢽٜيٰ صَحِيحِ غَأَحْمَدَا,أَبَاڢِمَ جࣸوࢽَاکࣸجِج دࣸࢽْ اَللَّهْ يَࢽْدࣸوَا ؞  شِمَاحَدِيشِ ࢽٜيٰ حَيِجِ غَأَحَمَّدَا
سࣸودَيْ مࣸتَاࢽٜيٰ سَيْکَثٜيٰ جࣸمࣸࢽَا سࣸکٜيٰ    عِتَ تَاڢِ ڟِࢽْڟَايٜيٰ کَمَرْتَ  دَبَࢽّٜيٰ,سࣸودَيْ مࣸتَاࢽٜيٰ سَيْکَثٜيٰ جࣸمࣸࢽَاسࣸکٜيٰ  مِتَ تَاڢِ ڟِࢽْڟَايٜيٰ کَمَرْتَ دَبَࢽّٜيٰ
سَيْدَجِࢽْ مࣸتࣸوَاأَࢽٜيٰسَا   ࢽَࢽْ أَکَࢽْغَ ڢَکَرْسَشِࢽْسَا,سَيْدَجِࢽْ مࣸتࣸوَاأَࢽٜيٰسَا  ࢽَࢽْ أَکَࢽْغَ ڢَکَرْسَشِࢽْسَا
وَدَدࣸو مࣸتࣸࢽْ شِکٜي کَرْکَيࣸو مَسَ حَسَدَ  إࢽْکَاغَيَا سَامࣸو يَمࣸرْࢽَا طَࢽْ عࣸوَا,وَدَدࣸومࣸتࣸࢽْ شِکٜي کَࢽْ کࣸيࣸومَسَ حَکَ إࢽْکَاغَيَاسَامࣸويَمࣸرْࢽَاطَࢽْ عࣸوَا
وَࢽْسࣸ کࣸواْدَيْدَيْ دَإِسْکَا   ذَاسࣸ ڧٜيٰتَرَ بَابࣸ سَکَّا,وَࢽْسࣸ کࣸواْدَيْدَيْ دَإِسْکَا  ذَاسࣸ ڧٜيٰتَرَبَابࣸ شَکَّا
وَࢽْدَکٜيٰدَرَبࣸوْاْيَتࣸوبَا    وَࢽْدَکوْࣸاْبَيْ حَمْزَرِيبَا,وَࢽْدَکٜيٰدَرَبࣸوْاْيَتࣸوبَا  وَࢽْدَکࣸوْاْبَيْ حَمْزَرِيبَا
ولا يکوࢽ بطارالڢسومنعىٰ لا ؞ الا بکڢر ڢذالابد مࢽ بد,ولا بکوࢽ بطارالڢسڡ منعر لا ؞ الابکڢى ڢذالابدمࢽ بدل
کࣸڧِّ ڢࣸورࣸࢽْغَ دࣸکْ شِࢽَايِࢽْ ࢽَدَامَا    وَࢽْدَيَذَّمْ ڢَ حَاکِمِي يَيِّ رَحْمَا,کࣸوࣸ جࣸووࣸࢽْغَ دࣸکْ شِࢽَايِࢽْ ࢽَدَامَا   وَࢽْدَيَذَّمْ ڢَ حَاکِمِي يَيِّ رَحْمَا
تَکَࢽْ ڟِرِي شَارَاتَࢽَ ڢٜيثٜي حَࢽْثِي  کࣸوْاْ کࣸوَاْ تَثٜي تَشِي ࢽِي زَࢽيِ بَرْثِي,تَکَࢽْ ڟࣸرِي شَارَاتَࢽرَ ڢٜيٰثٜي حَࢽْثِي  کࣸواْکࣸواْتَثٜيٰ تَشِي ࢽِي زَࢽِْ بَرْثِ
12,1
إِذَࢽْ وَࢽِ يَاتَاشِ کَدَکࣸزَمْࢽَاوࣸرِِيࢽَسَ ؞  شِيمَا حَدِيشِ ࢽٜيٰ ڢَ أࣸمَّ الْمࣸحَمَّدَا,إِذَࢽْ وَرِيَاتَاشِ کَدَکࣸزَمْࢽَاوࣸرِيࢽَسَ ؞  شِيمَاحَدِيشِ ࢽٜيٰ وَأَّمَّالْمࣸحَمَّدَا
بَاذَىْ کَتَرٜي دَغَاڢَرَابَا,بَاذَيْ کَتَرِي دَغَاڢَرَابَا
أَيْتَ مَي دࣸوکَادَکࣸلکِ    کَاڢِرَيْ دࣸکَ ࢽَاسࣸ أَيْکِ,أَيْتَ مَيْ دࣸوکَادَکࣸلْکِ کَاڢِرَيْ دࣸکَ ࢽَاسࣸ أَيْکِ
أَݣࣸويْ سَوْرَا أَمَّاࢽَتَڧَيْتَا   کَشٜيٰدِ دَمَاتَا مَاسࣸ ڧَذَࢽْتَا,أَݣࣸويْ سَوْرَاأَمَاࢽَتَڧَيْتَا  کَشٜيٰدِ دَمَاتَامَاسࣸ ڧَذَلْتَا
اَللَّهࣸ يَٰأللَّهࣸ يَٰأللَّهࣸ   اَللَّه کَمَامࣸ رَبࣸواغَ لاَدَࢽْ أَورٜيٰ,اَللَّهࣸ يَالللَّهࣸ يَااللَّهࣸ يَااَللَّهࣸ اَللَّهْ کَبَامࣸ رَبࣸواْغَدَدَࢽْ أَوْرٜيٰ
غلبي دࢽڢکي,غَبِي دَيْک
nan,1
تࣸࢽْدَاأَࢽ.ثٜيٰ بَࢽْدَيَايِي حَرْأَزَارَامَابَزَيْيِ,تࣸࢽْدَأَࢽْثٜيٰ بَࢽْدَيَايِي  حَرْأَزَارَامَابَزَيْيِ
تَکَࢽْ ڟِرِِي يَاوࣸاْ دَبَابࣸ دَلِي لِي  تَکَࢽْ غࣸزِرِࢽْ مَيْ دَطَࢽْ غࣸورࣸاْ ڧّٜللِي,تَکَرْضِرِي يَاوࣸاْدَبَابࣸ دَلِي لِي  تَکَࢽْ غࣸرِرِࢽْ هَيْ دَطَࢽْ غࣸورࣸوأَڧسِي
دَمَاسࣸوتَوْحِيدِدَمَحَرْدَتَا   سَامࣸࢽْسࣸو ذَايِِْيِّ وࣸيَاسَيْ ࢽَادِرََا,دَمَاسࣸوتَوْجِيدِدَمَحَرْدَتَا  سَامࣸࢽْسࣸوذَيْيِّ وࣸيَاسَيْ ࢽَادِرَا
بَاࢽِ ذَلَاڧَابَاࢽِ ڢَصَاحَا    إِࢽ يِّي بَيَاࢽِي ࢽَاأَڢَهِمْتَا,بَاإࢽِ ذَلَاڧَابَإِࢽْ ڢِصَاحَا  إِࢽْ يِي بََاࢽِي ࢽَاأَڢَهِمْتَا
وَࢽْدَسَاکࣸلَ شَاوَرَاتَا    تَرْسَشِࢽْکࣸ مَذَادَمَاتَا,وَࢽْدَيَاکࣸلَ شَاوَرَاتَا  تَرْسَشِࢽْکࣸ مَذَادَمَاتَا
سَى اثٜى,سي اࢽي
دࣸکْوࣸتَا أرَّبࣸࢽْسࣸ تَبَّتْ حَڧِيڧََا,دࣸکْوࣸتَاأَرَّبࣸࢽْسࣸ تَبَّتْ حَڧِيڧَا
کَرْکَ أَْوْرِطِيَرْدَغَاتَا    بَيْ إِشٜيٰتَبَ بَاࢽَغَرْتَا,کَرْکَ أَوْرِطِيَرْدَغَاتَا  بَيْ إشٜيٰتَبَ بَاࢽَغَرْتَا
سَࢽَّࢽْ يَطَوْکِ دࣸبࣸومٜاتَࢽْ أَرَتَکٜيٰ؞ ࢽࣸوࢽِي يَطَوْخَمْسِيࢽْ هَاءࣸبِيَرْڧِدَا,سَࢽّ يَطَوْکِ دࣸبࣸوبَاࢽَࢽْ أَرَتَکٜيٰ ؞  ࢽࣸوࢽِي يَطَوْخَمْسِيࢽَ مَادࣸبِيَرَڧِدَا
مࣸࢽْبَاکࣸ لَابَارِࢽْ بࣸييَّ دَجَرْدَدࣸکْ ؞ مࣸکࣸومَا غَخَرْتࣸمْ مَڧِيَامࣸحَمَّدَا,مࣸࢽْبَاکࣸ لَابَاࢽْ بࣸمَيَّ دَجَرْدَدࣸکْ ؞   مࣸکࣸومَ غَخَرْࢽࣸمْ کࣸمَ مَڧِيَامࣸحَمَّدَا
کࣸووَاَ يَبَرْسࣸ سࣸࢽَاڢِتَاکࣸࢽْجِ يَࢽْاءࣸوَا ؞ کࣸثٜيٰ ڢَاسِغِ ࢽٜي يَاڧِ کࣸويِ دَأَحْمَدَا,کࣸووَايَيَرْسࣸ سࣸࢽَاڢِتَاکࣸࢽْجِ يَࢽْاءࣸوَا ؞ࣸکࣸثٜيٰ ڢَاسِڢِ ࢽٜيٰ يَاڧࣸ کࣸويِ أَأَحْمَدَا
کَکَامَ ڢَرِࢽَّ دࣸکْدَسࣸࢽَّ دَࢽَاڢِلَا ؞  إِذَࢽْ ذَاکَيِووسࣸ کَکِوْتَاسࣸ إِࢽْجِ أَحْمَدَا,کࣸکَامَ ڢَرِࢽَّ دࣸکْدَسࣸࢽَّ دَࢽَاجِلَا ؞ إذَࢽْ ذَاکَيࣸوࣸوسࣸ کَکِوْتَاسࣸ إِکِأَحمَدَا
کَرْکَبَرْࢽِ أَجٜيٰ أَبَاسَࢽْ   وَࢽْغَ عيْبِ ࢽَاوَ کَاسَࢽْ,کَرْکَبَرْࢽِ أَجٜيٰ أَبَاسَࢽْ  وَࢽْغَ عَيْبِ ࢽَاوَکَاسَࢽْ
بِرَحْمَتِهِ. ٤ اَمِيࢽ,بِرَحْمَتِهِ دَامِيࢽ
سَيْ سࣸثٜيٰ بَࢽْ غَسْکِيَرْکࣸ   تَاڧِ أَمْڢَاࢽِي غَرٜيٰکࣸ,سَيْ سࣸثٜيٰ بَࢽْ غَسْکِيَرْکࣸ  تَايِ أَمْڢَاࢽِي غَبٜرٜيٰکࣸ
کذاالتولدعࢽ شي>ڢى ى سببا ؞ کال مࢽي بالسم عࢽ تاثيى منعصل,کذاالولدعࢽ شى ى ج ى سببا ؞ کال مى بالسم مࢽ تاثي منعصل
غَݒَتَتࣸوبَاوࣸرِِࢽْ ڢِتࣸوبَا,غَبَتَتࣸوبَاوࣸرِࢽْ ڢِࢽࣸوبَا
هࣸوهࣸودَسَيْڢَٜٜٜٜٜٜٜٜٜٜٜٜٜٜٜٜٜرْسࣸ بَىْرَغٜىٰ بَا,مࣸوهࣸودَسَيْڢَرْسࣸ بَيْرَغٜيٰبَا
کࣸمَاڢِيرَسࣸ کَرکࣸسࣸومَاکࣸجِيتَ    ذَاغِࢽْ مَالَمَىْ سࣸکٜى مَاسࣸ طَاعَ,کࣸمَاڢِيرَرْسࣸ کَرْکࣸسࣸومَاکࣸجِيتَ  ذَاغِࢽْ مَالَمَيْ سࣸکٜيٰ مَاسࣸ طَاعَ
وسلم,ول
کلزمث,کرزم
ادࢽ الله تعلى ياجکࢽم    سبام مجددي مبوي ࢽصارا,ادࢽ له تعلي باجکࢽمسبام مجدددي مبوي ࢽصرا
دࣸوࢽِيَادࣸکَاتَاذَمَارَاࢽَا     بَابࣸ عِࢽْدَ بࣸغِࢽْ عِࢽْوَاتَکٜيٰ,دࣸوࢽِبَادࣸکَاتَاذَمَارَاࢽَا  بَابࣸ عِࢽْدَبࣸغِࢽْ عِࢽْوَاتَکٜيٰ
ࢽَاڧَةَصَالِحࣸ تَࢽَاذࣸوَىٰ   دࣸومِࢽْ تَتࣸوࢽَا أَسِيرِࢽْ دࣸوࢽِيَا,ࢽَاڧَمَّ صَالحࣸ تَࢽَاذࣸوَىٰ  دࣸومِࢽْ تَتࣸوࢽَاأَسَيرِࢽْ دࣸوࢽِيَا
سࣸکَ سَࢽْ بَاذَاسࣸ وَّمَابَا,سࣸکَ سَࢽْ بَاذَاسࣸ دَوَّمَابَا
اماعدࢽ,دَملحدمو
دَدَيْ سِيدِ يَاتَاسࣸوغَرٜيٰسࣸ ڢَکࣸࢽْجِيَا ؞ کَامِࢽْ کَڧِڢْتَ غَࢽِࢽْکَ أَيْ بَابࣸ کࣸو غࣸدَا,دَدَيْ سِيدِ يَاتَاسࣸوغَرٜيٰࣸ ڢَکࣸࢽْجِيَا ؞  کَامِࢽْ کَڧِڢْتَ غَࢽِࢽْکَ أَࢽْ بِبࣸ کࣸوغࣸدَا
کࣸوغَࢽِيِّ  مَرࣸوَثِي کࣸوکَرِيمِي             وَࢽْدَ بَيْ غِرْغِزَا مَ سَرْکِࢽْ مࣸسࣸلْمِي,کࣸوغَࢽِيِّ مَرࣸووَࢽِي کࣸوکَرِيمِيِ  وَࢽْدَبَيْ غِرْغِزَامَ سَرْکِࢽْ مࣸسࣸلْمِي
بَکَسَࢽْ اَجَلِي يَࢽَاذࣸوَابَا,بَکَ سَࢽْ أَجَلِي يَࢽَاذࣸوَابَا
بذاک بارک ڢيماڢاحتوت نعما ؞ ڢضلام الله جل الله عࢽ مثل,بذاک بارک ڢبماڢاحتوت نعا ؞ ڢضلامࢽ الله جل الله عࢽ مثل
سَامَجࣸوسࣸ ࢽَهࣸطَّمَاࢽٜيٰ  کࣸووَࢽٜيٰࢽْسࣸ وࣸرِࢽْذَمَاࢽٜيٰ,سَامَجࣸوسࣸ ࢽَهࣸظَّمَاࢽٜيٰ کࣸوْوَࢽٜيٰࢽْسࣸ وࣸرِࢽْذَمَاࢽٜيٰ
بَرِ جَࢽْ جِدَالِ غࣸࢽْ دَبَا حَࢽْيَرْکبَ  دࣸوعَيْجِدَالِ بَايَشِرْيࣸدَ ࢳࢽْ عࣸوَا,کَرِکَࢽْکَدَلِي غَرْدَبَ حَࢽْيَرْکَبَ  دࣸومَيْجَدَاتِي بَايَشَيْمࣸدجٜࢽْ عࣸوَا
اَلْخَيْرِࢽَابَيَيْ يَوَابَا,اَلْخَيْرِࢽَابَيَيْ يَوَابَا
أَمّغࣸرْجِي کࣸواْ يَکَࢽْيِي کࣸواْجِکِࢽْ بَࢽْغࣸواشِکَࢽْيِي,أَمَغࣸرْجِي کࣸواْيَکَࢽْيِي  کࣸواْجِکِࢽْ بَࢽْڧࣸواْشِکَࢽْيِي
شراوضيرا اميࢽ العالميࢽ,شراوضيرا  اميࢽ بحو خيرالعالمي
أّيْ بَامࣸوکٜيٰدَغَاڢَرَابَا,أَيْ بَامࣸوکٜيٰدَغَاڢَرَابَا
مࣸتࣸمࢽٜي عِࢽَادَمَاتَرْسَالࣸوکَثِࢽْ يَاڧِي,مَࢽَمْࢽٜىٰ عِࢽَادَمَاتَرْرْسَسَالࣸوکَثِرْبَاڧِ
کࣽجٜيطِطِ ࡶَلنِّيَةࣸکࣽࡶَلنِيَادِوَالصَّعِيدࣸ,کࣽجِطٜطِ ࡶَلنِّيَةࣻࣸکࣽࡶَلِنِيَادٜوَالْصّࣸعِيدࣸ
کَتَمْثِرْيِࢽِࢽَّرْشٜيٰکَراڢَدࣸبࣸوبِيَتْ    ڟَوࣸوࢽَيْ مࣸڟَرْثِ اࣸبَࢽْغِجِ مࣸبِ أحْمَدَا,کࣸتَمْثِرْيِࢽِࢽَرْشٰٜکَرَاڢَدࣸبࣸوجِيبَتْ  ڟَوࣸوࢽَيْ مࣸطَرْثِ أࣸبَّࢽْغِجِ مࣸبِ أَحْمَدَا
رࣸبࣸوتࣸودَشَيْدࣸو کࣸمَ غَبَاشِ دَزَاکَيࣸوا ؞   تَڢَرْکِي ࢽٜيٰ ࢽَسࣸࢽَّرْ مࣸحَمَّدَا,رࣸࣸوثࣸودَشَيْدࣸوکࣸمَغَبَاشِ دَزَاکَبࣸوا ؞  تَڢَرِکِي ࢽٜيٰ ࢽَسࣸࢽَرْ مࣸحَمَّدَا
دَسَࢽِࢽْ وَايَࢽْسࣸ بَابَعَابَا,دَسَࢽِࢽْ وَايَبَࢽْسࣸ بَابَڢَابَا
ذࣸوْالْجَلاَلِ غࣸدࣸࢽْ مَوَرْکَ   إِࢽْ تَسَوْکَ دَأَرْزِڧِࢽْکَ,ذࣸوْالْجَلَالِ غࣸدࣸࢽْ مَوَرْکَ إِࢽْ تَسَرْکَ دَأَرْزِڧِࢽْکَ
12,1
و طهرالغلب مࢽ غش و من حسد ؞ ولتستعذ منحا بالله وابتهل,وطه الفلبه مࢽ عش وم حسد ؞ ولتستعذمنابالله وابتصل
ڢلا خى وج بوصڢ الڢسو ماوجدت ؞ منالطلاة لنا والڢسولم يزل,ڢلاخر وج بوصڢ الڢسڡ ماوجذ ؞ من الصلاة لماوالڢس امم برزل
10,1
أَࢽْيِ ڢࣸورࣸࢽْک لࣸوکّثِي دࣸکْ کَکٜيٰوْتَا   ذَمْکَ رَحْمَاغَيَࢽْ أࣸوَادࣸدَّکٜيٰوْتَا,أَࢽْيِ ڢࣸورࣸࢽْکَ لࣸوکَثِي دࣸکْ کَکٜيٰوتَا   ذَمْکَ رَحْمَاغَيَرْ ࣸوَادࣸدَّ کٰٜوࢽَا
مَاسࣸ ࢽِيمَ ذࣸمࣸسࣸ سَمّࣸ   دࣸوࢽِيَادࣸࢽْ ثِࢽْ حَرَامࣸ,مَاسࣸ جِيمَ ذࣸمࣸࢽْسࣸ سَمّࣸ  دࣸوࢽِيَادࣸࢽْ ثِࢽْ حَرَامࣸ
کَدَکࣸجٜي وࣸرِࢽْ بࣸوکَاڢَ دࣸࢽْ کࣸيِي تَمْبَيَا ؞  غَأَبِࢽْ دَکٜي ݒࣸويٜيٰ إِذَࢽْ کࣸࢽْبِ أَحْمَدَا,کَدَکࣸجࢽ وࣸرْرْبࣸوکَاڢَدࣸࢽْ کࣸبِي تَࢽْبَيَا ؞  غَأَبِࢽْ دَکٜي بࣸويٜيٰ إذَࢽْ کࣸبْ أَحْمَدَا
2,1
مࣸولِّڢࣸ هَٰذَااَلْکِتَابࣸ,مࣸوَلِْڢࣸ هَٰذَاالکِتَابࣸ
کࣸوْأَدࣸودَأَشࣸواْدَلَيْمَا   بَرْتَصَلَّا کࣸوْإِڧَامَا,کࣸوْأَدࣸوْدَأَشࣸواْدَلَيْمَا  بَرَْصَلَّ کࣸوْإِڧَامَا
کَارࣸوَرْغَمَذَادَمَاتَا    غَسْکِيَاأࢽْ مࣸوࢽَࢽَاتَا,ࢽَارࣸوَرْغَمَذَادَمَاتَا  غَسْکِيَاأَࢽْ مࣸوࢽَࢽَاتَا
ڢصل ناالکلام,ڢل نا الکلام
احمد هو,سما
إِࢽْ بَارࣸبࣸشِي دّهَلَّکَابَا,إِࢽَبَارࣸبࣸشِي دَهَلَّکَابَا
مَايَفَآءࣸعٜيّٜر هࣸودٜکࣽرࣽيَرَڢِيهِ ࡽلسَّلاَمࣸ,مَايَفَاءࣸعٜبَّرهࣸودٜکࣽرࣸيَرَڢِيهِ ࡼلسَّلاَمࣸ
أّࢽْڢَطِي غَابَادَتَوْسَيْ   غَاجِکِي ࢽَابَدْدَ کَمَّيْ,أَمْڢَطِي غَابَادَتَوْسَيْ  غَاجِکِي ࢽَابَدْدَکَمَّيْ
بَاعَاثٜي کَذَاࢽَادَمࣸوَࢽِ   مَيْغَابَادَمَا لَمَيْ مَاسࣸ طَاعَ,بَاعَاثٜيٰ کَذَاࢽَادَمࣸوࢽِ  مَيْڧَابَادَمَالَمَيْ مَاسࣸ طَاعَ
مࣸذَمْࢽَامࣸشَادَاطِي دَمَدَرَامࣸشَاذࣸمَا   مࣸࢽَاڢَثِکِࢽْ ࢽِعمَمّࣸ تَارٜيٰدَأَحْمَدَا,مࣸذَمْࢽَامࣸشَادَاطِي دَمَدَرَامࣸشَاذࣸمَا  مࣸࢽَاڢَثِکِࢽْ ࢽِغمَمّࣸ تَارِددَأحْمَدَا
وکل مࢽ ردما فلنا ڢمبتدع ؞ ڢاتبده عنک ولا تسمع لذي زلل,وکل م ردمافلناڢمبندع ؞ ڢاننده عنک ولاتسع لذي زلل
ْإࢽْ کࣸوْا تَغَࢽکَ دَحَالِࢽْ تَلَوْثِ  سَيْ کَغَ تَامࣸرْتࣸکٜي دَࢽْ بࣸتࣸلْثِي,إِࢽْ کࣸوْاْ تَڧَࢽْکَ دَحَالِ غَلَوࢽِي  سَࢽْ کَغَ تَامࣸرْتࣸکٜي دَࢽْ بࣸتࣸلْࢽِي
يَيْ شِرِࢽْ ࢽٜيٰمَࢽْ  ڢِتِلَّه    دࣸࢽْ يَڟٜيٰ رٜيٰ دࣸحࣸࢽْ جَهَالَه,يَيْ شِرِࢽْࢽٜيٰمَࢽْ ڢِتِلَّه  دࣸࢽْ يَڟٜيٰ رٜيٰ دࣸحࣸࢽْ جَهَالَهْ
بَسࣸ سَامࣸ حࣸجَّ بَاغَبَرْدٜࢽْ مࣸحَمَّدࣸ ؞  سَيْ کࣸمَ أَڧࣸوࢽَاسࣸ دَسࣸکَڧِ مࣸحَمَّدَا,بَسࣸ سَامࣸ حَّࣸبَاغَبَرْدِࢽْ مࣸحَمَّدࣸ ؞ سَيْ کࣸمَ أَڧࣸوࣸࢽَاسࣸ دَسࣸکَڧِ مࣸحَمَّدَا
سَيْ يَتَاشِ يَجَي سࣸغَيْسَا دࣸوࢽْ ثِکَکَّࢽْ هَࢽْکَلِࢽْسَا,شِي تَوَاکِمْڢࣸࢽٜيٰ هَلِࢽْسَا  إِࢽْ يَهَࢽْغِ مࣸتࣸمْ أَࢽٰٜمَا
ࢽَاجِ ألْڧَاضِي شِࢽَاثٜيٰ   ذࣸوثِࢽَا إِࢽْتَامَکَࢽْثٜيٰ,ࢽَاجِ أَلْڧَاضِي شِࢽَاثٜيٰ  ذࣸوثِيَاإِࢽْتَامَکَࢽْثٜيٰ
وَنَاعٜصِڢَاجِ مَکّࣽ وَلاَنَذِ ۑرَلَهࣸ رٜنْتِطّࣸ عَلَنَامࣽ,وَنَاعٜصِڢَاجِ مَکّࣽ وَلَنَذِبٜرَلَهࣸ رِنْتِطࣸ عَلَࢽَاطࣸ
کࣸواْ کَمَرْ مࣸتࣸوَࢽْ أࣸوَاࢽٜيٰ   سَيْ تَهَࢽَڧࣸرَکࣸوْا أࣸبَاࢽٜيٰ,کࣸوْاْکَمَرْمࣸتࣸوَࢽْ أࣸوَاࢽٜيٰ  سَيْ تَهَࢽْڧࣸرَکࣸوْاْأࣸبَاࢽٜيٰ
اذلايثبت الاکل ذ>فدم ؞ على الص اط ص اط الحڡ لم يزل,اذلاثيت الاکل ذ> فدم ؞ على الصࢽ اه صر اط الحڡ لم يزل
لانه خالڡ الاشبياءاجمعها ؞ کذالک ڢعا لنا لا ڢى المثل,لانه خالڡ الاشيباءاجحها ؞ کذاک اجعالنالا ڢى ڡ ڢى المثل
يَاکَمَاتَ مࣸغࣸودٜىٰ اللهْ    ثَࢽْ غَبَࢽْمࣸ أَکࣸوىْ ڧَبِيلَهْ,يَاکَمَاتَ مࣸغࣸوْدٜيى اَللَّهْ  ثَࢽْ غَبَࢽْمࣸ أَکࣸويْ ڧَبِيلَهْ
وَدَّ بَيْمَ دࣸکَࢽْ بَأَلࢽَّبِيْ بَا,وَدَّبَيْمَ دࣸکَࢽْ بَأَلࢽَّبٜىٰ بَا
"26 Niger Road, Phone 3348 Kano,",OPRPK
وࣽنْدࣸدٜعٜوࣽدٜيٰدٜمَجَّࢽْ وَفَوَآعِدࣸالاِسْلاَمࣸ,وࣽنْدࣸدٜعٜوْدٜيٜدٜمَجَّرْوَفَوَاعِدࣸااِسْلاَمࣸ
وَࢽْدَکٜىٰ ڟَامࣸوْاࢽࣸڟَّڟٜىٰ    يَارِڧٜىٰمࣸ دَسࣸوْاکَرَࢽْڟٜىٰ,وَࢽْدَکٜيٰ ڟََامࣸوْاْڟَڟٜيٰ  يَارِࢽٜيٰمࣸ دَسࣸوْاْکَرَࢽْڟٜي
وَࢽْدَکࣸواْݒَرْࢽࢽَايَڢَارَا    بَاشِيِࢽْ ڢَاتَاشِغَٜارَا,وَࢽْدَکࣸوْاْبَرْࢽَايَڢَارَا  بَاشِيِࢽْ ڢَاتَاشِغَارَا
تفل مواريࢽ مو لي جوک تثفها ؞ بالفضل منک ولا تحوجه للعمل,تفل مواربࢽ م بى جوک تثفلها ؞ بالڢضل منک ولاغوجد للعل
تَمْکَرْخَيْضَادَجَࢽَّبَابَا,تَمْکَرْخَيْضَادَجَࢽَّبَابَا
بَاکَ کَاسَ إسَارَبࣸوࢽْکَ بَاکَ ڧٜتَرٜىٰ أرْزِڧِࢽْکَ,بَاکَ کَاسَ إِسَارَبࣸوࢽْکَ  بَاکَ ڧٜيٰتَرٜيٰ أَرْزِڧِࢽْکَ
دميزࢽى,دموزي
nan,1
36,1
تَاࢽَجِࢽْسࣸ سࣸسَامِ أَيْکِ  سَࢽّࣸ سَࢽّࣸ سَکَيْغَ مࣸلْکِ,تَاࢽَجِࢽْسࣸ سࣸسَامِ أَيْکِ سَࢽّࣸ سَࢽّࣸ سࣸکَيْغَ مࣸلْکِ
بَرِرکَ رࣸبࣸوتࣸࢽْ بَابࣸ لَيْڢِي ثِکِي ࢽَسَ ؞  وَࢽَّࢽْ تَڢَرْکِي ࢽٜيٰ ࢽَسِيدِ مࣸحَمَّدَا,ڢَاإِرْ کَرࣸبࣸوثࣸربَابࣸ لَيْعِ ثِکِي ࢽَمَ ؞  وَࢽَّࢽْ تَڢَرْکِي ࢽٜيٰ ࢽَسِيدِ مࣸحََّدَا
کࣸواْ مَذَوْوَاتَارٜيٰ    کࣸواْکَثِࢽْ دَبَّاتَطَوْرٜيٰ,کࣸواْمَذࣸوْوَاتَارٜيٰ تَارٜي  طࣸواْکَشِْ دَبَّاتَطَوْرٜيٰ
سَيْ أَڟَيْدَسَحࣸوڟَيَرْوَا   غَاذࣸڢَادَڧِشِي دَيِࢽْوَا,سَيْ أَڟَيْدَسَحࣸوڟَيَرْوَا  غَاذࣸڢَادَڧِشِي دَيِࢽْوَا
14,1
جِيکَࢽْ حَسَࢽْ دَحࣸسَيْࢽِ جِيکَࢽْ عَلِيّࣸ ࢽٜيٰ ؞ جِيکَࢽْ ࢽَڢَاطِمَ زَهْرَ جِيکَࢽْ مࣸحَمَّدَا,جِيکَࢽْ حَسَࢽْ دَحࣸسَيْࢽْ عِيکَࢽْ عَلِيّࣸࢽٜيٰ ؞  جِيکَࢽْ ࢽَڢَاطِمَ رَمْرَجِيکَࢽْ مࣸحَمَّدَا
بَاءَسَيَࢽْ مّࣸوتَادَࢽْ ݣٜيْتَا   سَيْ کَايَادَغࣸدࣸواْ ࢽَّغَرْتَا,بَاءَ سَيَࢽْ هࣸوتَادَࢽِݣِࢽْتَا  سَيْ کَايَادَغࣸدࣸواْࢽَغَرْتَا
ليس,ا
أّمْْْْْْْْْْْْْْرٜيٰ دَعِدَّ اَللَّهْ يَاهَࢽَا   إِࢽْ يَّايَوَيْتَ يَࢽَاسَاأَيْڢَرِٜي,أَمْوࣸوࣸدَعِذَّاَللَّهْ يَاهَࢽَا  إِࢽْ بَايَوَيْتَ يَࢽَاسَاأَيْڢَارِ
کَرَامࣸوا,کَوَدمࣸو
وَاءࣸخْرَىٰ غࣸلّࣸ ڧَمَلِِ يَضَعَهࣸ اَللَّهࣸ ڢِي عࣸࢽࣸڧِ,وَاࣸخْرَىٰ غࣸلّࣸ ڧَمْلِ يصَعَهࣸ اَلَهࣸ ڢِي عࣸࢽࣸوِ
بَاطَࢽْ ثَمَيࣸومَرَرْڧِبَابَا,بَاطَࢽْ ࢽَمَيࣸومَرَرْڧِيَابَا
ڢَطَاتَسَ إِࢽْ اللَّهَ لَايࣸخْلِڢࣸ الْمِعَادَ ؞  إِتَثٜي دَلِيلِ يَاوَأࣸمَّ الْمࣸحَمَّدَا,ڢَطَاتَسَ إِࢽْ اللَّهَ لَاتࣸحْلِڢࣸ الْمِيعَادَ؞اإتَثٜيٰ دَلِيلِ يَاڢَاࣸمَّ اَلْمࣸحَمَّدَا
کࣸمَ کَرْمࣸيَرْدْامࣸذَࢽْ بَجِࢽْتَا دَࢽْ يَبࣸو   مࣸدَيْ مࣸيࣸودَيْ تَيْمَکࣸو غَمࣸتَاࢽٜيٰ,کࣸمَ کَرْمࣸيَرْدَامࣸذَࢽْ بَجِࢽْتَادَࢽْ يَࣸو  مࣸودَيْ مࣸبࣸودَࢽْ تَيْمَکࣸوغَمࣸتَاࢽٜيٰ
شِيࢽٜيٰ يَثٜيٰ وَتَرَاࢽَاࢽَاذࣸوَا   رࣸوَࢽْ غࣸجٜيٰ مَابَاذَيْسَامࣸبَا,شِيࢽٜيٰ يَثٜيٰ وَتَرَاࢽَاࢽَاذࣸوَا رࣸوَࢽْ غࣸجٜيٰ مَابَاذَيْسَامࣸبَا
غَادࣸبࣸࢽْ مڟَرَاأَطَاکِي إِࢽْدَا مَايَڢِ ڧَارَ أَوْکِي,غَادࣸبࣸࢽْ مَڟَرَاأَطَاکِي  إِࢽْدَمَايَڢِ ڧَارَأَوْکِي
11,1ل
تمت کمل الکتاب کرامة مهدي المࢽتظر عليه السلام,تمت کمرالکتاب کرامة ممديالمࢽࢽظر عليه اسلام
ࢽَرࣸوَࢽْ ذاڢِي سَبࣸواْدَغَابَا,ࢽَرࣸوَࢽْ ذَاڢِي سَبࣸوْاْدَغَابَا
٥٧ کَيࢽ طَبِيعَاࢽَاغَىرــشِ  وَࢽْدَأَࢽکَجِ سَيْکَ سࣸوْشِ,١٧کَيِࢽْ طَبِيعَاࢽَاغَرٜيٰشِ  وَࢽْدَأَࢽْ کَجِ سَيْکَ سࣸوشِ
بَعَ سَابَ غَࢽِࢽْ سࣸࢽَاذࣸوَابَا,بَعَ سَابَ غَࢽِࢽْ سࣸࢽَاذࣸوَابَا
هَرْکَرَاتࣸومَاوَڧِيلاَ   أَي شِکَࢽْ ڢࣸسْکَࢽْثِ ڧِبْلاَ,هَرْکَرَاتࣸومَاوَڧِيلَ  أَيْ شِکَࢽْ ڢࣸسْکَࢽْثِ ڧِࢽْدَ
والصلاة والسلام,والصلاةواللام
کࣽعَدِ >عࣽنَنّࣸدٜ طٜ ڢِح ࡽلاِّ نَآءِ تࣽمِرَࢽْ,کࣽعَدِى عࣽنَنّࣸدٜطٜڢِى ࡽِلِّنَءِ تࣸمِرَرْ
وَࢽْسࣸ مَاتَࢽْ سࣸيْتَ کࣸوکَا  أَࢽْرِڧٜيٰسࣸ أَࢽَاتَدࣸوکَا,وَࢽْسࣸ مَاتَࢽْ سࣸيْتَ کࣸوکَا  أَࢽْ رِڧٜيٰسࣸ أَࢽَاتَدࣸوکَا
تَتْتَلِࢽْ کَايَاڢَرَارٜيٰ   يَاڢِ ڧࣸࢽْشٜيٰ بَڧِي کَتَارٜيٰ,تَࢽْتَلِࢽْ کَايَاڢَرَايٜيٰ  يَاڢِ ڧࣸࢽْشٜيٰ بَڧِي کَتَارٜيٰ
شِي اِللَّهْ بَاأَيْ مَسَ وَايَوْاْ   يَࢽْدَ يْسࣸوحَکَ ذَاشِ حࣸکࣸࢽْتَا,شِي اَللَّهْ بَاأَيْ مَسَ وَايَوْاْ يَࢽْدَيَسࣸوحَکَ ذَاشِ حࣸکࣸࢽْتَا
إِࢽْکࣸمَابَابࣸ کَيْڢَاوَاذَا يَبَاشِي بَامَيْبَاشِ غَاشِ بَايَا صَࢽَاعَ,إِࢽْکࣸمَابَابࣸ کَيْڢَاوَاذَايَبَاشِي  بَامَيْبَاشِ غَاِ بَايَاصَࢽَاعَ
6,1
ذَمَادَمَࢽِي أَکَبِࢽْ ڢَاَللَّهْ دَألࢽَّبِ   بَصِيرَادَسࣸࢽَّا دَيْ کَکَمْ غَأَحْمَدَا,ذَمَادَسَࢽِي أَکَبِࢽْ ڢَاللّهْ دَاَلࢽَّبِ  بَصِيرَادَسࣸࢽَّادَيْ کَکَمّࣸ غَأحْمَدَا
المشهو,م
دَسَرْڧَابَادَکࣸرࣸرࣸوَابَا,دَسَرْڧَابَادَکࣸورࣸوَابَا
ونسبت الکل للکࢽ سى ن عملم ؞ طحلفت ء ڢلا ت جاء ڢى المث,ونسبة الکل للکر سى ناعدلم ؞ کحلفة ت ڢلاة جاء ڢى المثل
بَاإِࢽْدَ بَأَيْ لَإِڢْتَکَابَا,بَاإِࢽْدَبَأَىْ لَإِڢْتَکَابَا
کَاجِ حَࢽْيَاتَبَيْ وَࢽْدَيَبِّيتَ يَاڢَذَمْ مࣸسْتَڧِيمِ,کَاجِ حَࢽْيَاتَبَيْ ࢽَاللَهْ حَڧِيڧَا  وَࢽْدَيَبِّيتَ يَاڢَذَمْ مࣸسْتَغِيمِ
کَاغَ ڟِيࢽَࢽّࣸوأَمَاتَا    وَࢽْدَبَاسࣸ بَرِࢽْ ذࣸمࣸࢽْتَا,کَاغَ ڟِيࢽَࢽّوأَمَاتَا  وَࢽْدَبَاسࣸ بَرِࢽْ ذࣸمࣸࢽْتَا
کٜيٰ ࢽࣸڢَاکࣸواْ دَادَأَيْکِ    وَثّٜيٰ تَاذَمَ بَاأَطَاکِي,کٰٜ ࢽࣸڢَاکࣸواْدَادَأَيْکِ  وَثٜيٰ تَاذَمَ بَاأَطَاکِ
دَسࣸکَيْ مَسَ بَاࢽَشِرْيࣸوَابَا,دَسࣸکَيْ مَسَ بَاࢽَشِرْبࣸوَابَا
ࢽَمَالِکࣸ بَادَغَوْغَوَابَا,ࢽَمَالِکࣸ بَادَغَوْغَوَابَا
وَکَذَالِکَ عٜکࣽذَنْتَاکࣽعࣽ ࡹِخْوَانࣸهࣸ بٜسِبّٜ مَکّࣽ,وَکَذَالِکَ عٜکࣽذَنْتَاکࣸعࣸ ࡹِخْوَانࣸهࣸبسِببِّ مَکّࣽ
واشمس تجريى کجرى البرانه ڢلک ؞ على العاڢي ڢى الاوفات والدول,والثس ن> کج ڡ الدره ڢله ؞ على التعافب ڢى الاوخات والدول
ࢳَٜاࢳَࢽْسࣸ بَذَاسࣸ کَࢽْغَرَابَا,جَاࢳَࢽْسࣸ بَذَاسࣸ کَࢽْغَرَابَا
ثم الا يمة هذاکله يسطوا ؞ ونحࢽ تنبيهز ايکڢى ولاظل,ثم الابنة هذاکله بسطوا ؞ ونحࢽ تبيهلايکڢى ولال
دَامࣸࢽَاڢَامَادَکࣸࢽٜيٰ    کࣸيْ کَرَاتࣸووَاࢽَاࢽٜيٰ,دَامࣸࢽَاڢَامَادَکࣸوࢽٜيٰ  کࣸيْ کَرَاتࣸووَاوࣸࢽَاࢽٜيٰ
2,1
جَمّࣸ أࣸشْدِِ کࣸلࣸورَ تَࢽَّتْ حَڧِيڧََا,جَمࣸ دࣸࢽْࣸمِ کࣸلࣸورَتَبَّتْ حَڧِيڧَا
رَايࣸکَࢽْسࣸ دَدَيْ سࣸکࣸرْݒِي    دَوَّمَاوࣸتَا سࣸࢽْڢَ ذَاݒِي,رَابࣸکَࢽْسࣸ دَدَيْ سࣸکࣸرْبِي  دَوَّمَاوࣸتَ سࣸࢽْدَذَابِي
بَيْدَامࣸ دࣸطَࢽْسَ کࣸوْاْبَرَابَا,بَيْدَامࣸ دَطَࢽْسَ کࣸوْاْبَرَابَا
جِبرِيلࣸ مِيکَاءل إِسْرَاڢِيلࣸ عَزَرَاءيلࣸ ؞ سࣸࢽْ تَڢࣸو سࣸڧَرْڢَڢَ اَلدِّيࢽِ دَسࣸࢽَّرْ مࣸحَمَّدَا,حَرِيلࣸ مِيکَامِ إِسْرَاڢِيلࣸ حَرْرَابِيلࣸ ؞ سࣸࢽْ تَڢࣸوسࣸغَرْڢَڢَ اَلدِّࢽْ َسࣸࢽْ مࣸحَمَّدَا
ثࣸوتَرْ ࢽَڧَسَرْسَ بَيْ سَثٜيٰ بَا    طࢽد,تࣸوتَرْࢽَغَسَرْسَ بَيْ سَثٜيٰ بَاطَࢽْدَ
کَلَڢࣸو تَغَاطࣸ دٜهِمِّ دࣸنْيَا تَعْيࣸرَلْ نَاتَࢽْ عٜجَهَنَّمَ يِيتٜ وࣸلْغٜ عٜبࣸوتَتَا,کَلَبࣸوࢽَغَاطࣸدٜهِددّنْيَاتَمْيࣸرْلْ نَاتَ عٜجعَتَ بِتٜ ولڢ غٜبࣸوتَا
ذَࢽْبَڧࣸوَامَيْ ذࣸرْڢِࢽْ تࣸࢽْبِي   بَاتَ تَکࣸووَا سَيْتْ تَکَࢽْتَا,ذَࢽْبَڧْوَامَيْ ذࣸرْڢِࢽْ تْࣸبِي  بَاتَ تَکࣸووَاسَيْتَ ثِکِࢽْتَا
15,1
حکمثي يابوا ياغماس ايکو    اࢽاودذاميي مبوي ࢽصارا,حکمثي بابواياغماس ايکو اࢽاودذاميي مبوي ࢽصرا
مَيْڧِࢽْ زَکَاڢِطِرِي ڟَيَا    بَاࢽَاکࣸࢽٜىبَاوࣸرِࢽْ سَىْ دَࢽْ غَࢽَا,مَيْڧِࢽْ زْکَاڢِطِري ڟَيَا بَاࢽَاکࣸࢽٜيٰبَاوࣸوࢽْ سَيْ دَࢽْ غَࢽَا
کَرْسࣸيَردَدَمَاسࣸ ڟَاڢِى سࣸࢽْزَمࣸواْسَوࢽَىٰٜ عَڢَيڢَى,کَرْشِيَرْدَدَمَاسࣸ ڟَاڢِي  سࣸࢽْزَمࣸواْسࣸوࢽٜيٰ عَڢِيْڢِى
مَوَحَلْتَاࢽَطَاکِࢽْ دࣸوࢽِيَا   بَاسَا عِبَادَ سَيْ بَوْتَرْ ثِکِي,مَوْحَلْتَاࢽَطَاکَࢽْ دࣸوࢽْبَا  بَاسَاعِبَادَسَيْ بَوْتَرْثِکِي
مࣸمْتࣸيْطࣸ دࣸنْيَا جرْسࣸيَࢽْ بلَوࣸجَّدࣸ جَلٜيَىْ اَمَا يَࢽْ وايَيࣸهْ حࣸکࣸمࣸمْتَتَا,مࣸنْتࣸيْطࣸ دࣸنَْاجٜرْسبَهْ عَلࣸوڢَهࣸ جَلٜيىْ ࡶَمَايَدْ وَايَيْهْ حࣸکࣸمْمْتَا
ڢصل نا ا خذصحڢ الاعمال,ڢصل نا اخذصڢ الاعال
وَاڧَرْ کَارࣸو عࣸوَرْ مࣸوغࣸواْ  دَغَ حَامِسࣸ يَادࣸودࣸ ڢࣸࢽْتࣸوَاْ,وَاڧَرْکَارࣸوعࣸوَرْ مࣸوعࣸوْ  دَغَ حَامِسࣸ يَادࣸودࣸوڢࣸࢽْتࣸواْ
ذࣸوثِيَاتَيْ إِعْتِڢَادِ ڢَيْ دَبࣸويٜيٰ أَکࣸويْ مࣸرَادِ,ذࣸوثِيَاتَيْ إِعْتِڧَادِ  ڢَيْ دَبࣸويٜيٰ أَکࣸويْ مࣸرَادِ
دَسَرْڧَابَادَکࣸورࣸوَابَا,دَسَرْڧَابَادَکࣸورࣸوَابَا
دࣸکَ ࢽَمَجِࢽْ دِيطَوْݣوٰࢽَࢽْ وࣸتَا   إِࢽْ يَّحَࢽَامَتَ دَيْ بَيْ سࣸࢽَتَا,دࣸکْ ࢽَدجِࢽْ دَيطَوْکࣸوࢽَࢽْ وَتَا  إِࢽْ يَحَࢽَامَتَ دَيْ بَيْ سسࢽْتَا
کَوْادَڢِࢽْ ڧَرْڢِࢽْ سَرَوْتَا    يَڧِ ثِي يَڧِ شَا يَبَرْتَا,کَوْاْدَجِࢽْ ڧَرْڢِࢽْ سَرَرْتَا  يَڧِ ثِيِ يَڧِشَايَبَرْتَا
ࢽِى ࢽَاتَبَّتَاکࣸطِى أرْزِڧِيࢽٜىٰ    بَاسَامࣸࢽْسࣸ سَيْ تَحَࢽْيَرْصَࢽَاعَ,ࢽِي ࢽَاتَبتَاکࣸطِي أَرْزِڧِيࢽٜيٰ  بَاسَامࣸࢽْسࣸ سَيْ تَحَࢽْيَرْصَࢽَاعَ
إِࢽْکَاشِغٜيٰسࣸ سࣸثٜيٰ دّکَيْ مَيْسَࢽْ ࢽَسࣸو  کَيْوِࢽٜيٰ سَيْکࣸوْ طَيِࢽْ ڟِيَاغَمࣸتَاࢽٜي,إِࢽْکَاشِڧٜيٰسࣸ سࣸثٜيٰ دَکَيْ مَيْسَࢽْ سࣸو  کَيْوَاࢽٜيٰ سَيْکࣸوطَيِࢽْ ڟِيَاغَمَتَاࢽٜيٰ
1388,1دد
دࣸوبَ دَىْ ڢِرعَوࢽْ وَيشِى ࢽٜىٰ طَغَاوَبَاکَمَرْشِ,دࣸوبِ دَيْ جَرْعَوࢽَ وَيْشِي  ࢽٜيٰ طَذَاوَبَاکَمَرْشِ
کَمَࢽْ حࣸکࣸࢽْ ثِࢽْ غٜيٰويَاکَاسࣸوا    کَبَاشِ حَاجّࣸايَي يَاوࣸوࢽِي,کَمَࢽْ حࣸکࣸࢽْ ثِࢽْ غٜيٰوبَاکَاسࣸوَا  کَبَاشِ حَاڢࣸيَيْ يَاوَروࣸࢽِي
تࣸوْاْبَرٜيٰ مثٜيٰ مَيْ حࣸسࣸومَا  وَثّٜيٰ بَاتَ بَرِࢽْ ظَلَامَا,تࣸوْاْبَرٜيٰ مَثٜيٰ مَيْ حࣸسࣸومَا  وَثّٜيٰ بَاتَ بَرِࢽْ ظَلَامَا
دَيَبَّيَّࢽَامࣸࢽَ غَسْکِيَادࣸکَمࣸࢽْجِيَا   ڢَسَي کَاڢِرِيوَدَوِّحَࢽْيَرمࣸحَمَّدا,دَيَيَّيَّࢽَامࣸࢽَ غَسْکِيَادࣸکَ مࣸࢽْجِيَا   جَسَيْ کَاڢِرِيڢَ دَيَيّࣸ کࣸࢽْبَرْ مࣸحَمَّا
َذࣸوثِيَرْ کࣸوَاتَوَايٜيٰ   غاصِڢَامَيْبَادَڧَايٜيٰ,ذࣸوثِبَرْکࣸوَاوَاتَوَايٜيٰ  غَاصِڢَامَيْبَادَڧَايٜيٰ
حَرْيَکَامࣸ يَࢽَٜىٰمِ سَࢽْدَا    أَࢽْکَ سَامِ وࣸڧَادَاَدَّا,حَرْيَکَامࣸ يَࢽٜيٰمِ سَࢽْدَا   أَࢽْکَ سَامِ وࣸڧَادَأَدَا
أىْ ذَتࣸࢽْ کࣸوَامَاأحَࢽْڟَا    ࢽٜىٰ ثِکِࢽْ مَامَاکَڟࣸوڟَا,أَيْ ذَتࣸࢽْ کࣸوْاْمَاأَحَࢽْڟَاࢽٜيٰ ثِکِࢽْ مَامَاکَڟࣸوڟَا
ࡼلطَّاهِرࣸعٜلٜيْدِللَبࣸدِوَالضَّرْبَةࣸࡼلاࣸوْلَىٰ,ࡼَلطَّاهِرࣸعٜلٜيْدِلَبࣸدٜوَالضَّرْبَةࣻ ࡼلاّࣸوْلَىٰى
وَذࣸواعْوِلاَتَخْڢَ ڢَصَاحِبࣸهَا مع الشريعة لاينڢک روجل,وذوافڢ المع اتخى ڢصلاحبما مع الش يڢعة لا ينڢک م وجل
عٜࢽْ اوا,عم
کࣸحَڧࣸرٜيٰ دَکࣸوکَࢽْسࣸ ڢࣸطَارِي دَبَࢽْ غَرِي ؞  کࣸسَامࣸ لاَدَا کࣸࢽْجِ زَࢽْثٜيٰ مࣸحَمَّدَا,کࣸغࣸرٜيٰ دَکࣸوکَࢽْࢽْسࣸ ڢࣸطَارِي دَبَࢽْ غَرِي ؞ کࣸسَامࣸڢَلَادَأࣸکࣸࢽْجِ زَࢽْثٜيٰ مࣸحَمَّدَا
26,1
ࡼلاِحْرَامِ سَاوَ هَبِّرَاوࣸ هَرْمِنِرْوࣸفࣸࢽْ,ااِحْرَامِ سَاوَهَبِّرَاوࣸ هَرَمِنرْوࣸ فࣸࢽْ
شِي کَبَوْتَوّࣸتَاڢَ تَبَّتْ حَڧِيڧََا,شِي کَبَوْتَوࣸتَاڢَتَبَّتْ حَڧِيڧَا
سَࢽْدَشَاڢَ رࣸوَا يَڧَارٜيش    سَيْ أَسَࢽْࢽْ زَرٜيٰ أَکَوْرٜيٰ,سَࢽْدَشَاڢَ رࣸوَايَڧَارٜيٰ  سَيْ أَسَࢽْيَ زَرٜيٰ أَکَوْرٜيٰ
أَوْضٜيٰ ࢽٜيٰ ࢽِي ࢽَسَّاکَيْ ࢽَا    إِࢽْ کَمَڟَا مَࢽِ إِࢽْ تَڢِيَاتَا,أَوْضٜيٰ ࢽٜيٰ ࢽِي ࢽَسَّکَيْ ࢽَا  إِࢽْ کَمَظَامِي إِࢽْ تَڢِيَاتَا
يَايِي هࣸورࣸوْابَادَکَࢽْغَرَابَا,يَايِي هࣸورࣸواْبَادَکَࢽْغَرَابَا
بَاسࣸ ڧَوْࢽَرْمَىْ تَلَوْثِ    وَࢽْدَيَىْ هَکَ يَىْ بࣸتࣸلْثِ,بَاسࣸ ڧَوْࢽَرْمَيْ تَلَوْثِ  وَࢽْدَيَىْ حَکَ يَيْ مࣸتࣸلْثِ
ࢽَاوَخَيْرِيَاڧَرَࢽْتَ    کࣸواْکَمَرْڧَايَا ࢽَهࣸوتَا,ࢽَاوَخَيْرِيَاڧَرَࢽْتَ  کࣸواْکَمَرْڧَأيَاࢽَهࣸوتَا
بَاوَاغࣸدَجّٜيٰ مَالَمْ يَثٜيٰ مَࢽَا    لَادَاأَکَࢽْيِي دَمَيْࢽٜيٰ مَاࢽَسَا,بَاوَاغࣸدَجّٜيٰ مَالَمْ يَثٜيٰ مَࢽَا  لَادَلَکَࢽْيِي دَمَيْࢽٜيٰ مَاࢽَسَا
وࣸنِى عٜمَکّࣸ حَرَّمَ ࡼللَّهࣸ ࡼلْجَّنَةَࡶَللَّهࣸ حَرْمِنِى,وࣸنِي عٜمَکّࣽ حَرَّمَ ࡼللَّهࣸ ࡼلْجَّنَةَ ࡶَللَّهࣸ حَرْمِنِي
کما تفدس عࢽ شبه يکوࢽ له ؞ اࢽالمشبى مࢽ تاه تااعزلل,کاتفدسࢽ عࢽ شب يکوࢽ له ؞ اࢽ المشبه مࢽ تاه ت الزلل
کࣸمَاتَࢽْبَيَّا بَࢽْدِّرْ حَلَرْࢽِي مࣸتࣸمْ يَابِي,کَمَاتَࢽْبَيَّابَࢽْدࣸرْحَلَرْࢽِىِ مࣸتࣸمْ يَابِ
عليه ازکى صلا ة الله ثم على ؞ کل ا لنبيبيࢽ نا الا صباح والامل,علب ازحى ماخ اله ت على ؞ کل النببيࢽ ع الامباع والامل
يَايِ حَلِتَّ دࣸکْ ڢࣸدࣸومِࢽْ مࣸحَمَّدࣸ؞ دࣸࢽْ سࣸودَيَرْدَاتَسْ غَسِيدِ مࣸحَمَّدَا,بَايِ حَلِتّࣸ دࣸکْ ڢࣸدࣸومِي مࣸحَمَّدࣸ ؞ دࣸࢽْ سࣸودَيَرْدَاࢽَسْْ غَسِيدࣸ مࣸحَمَّدَا
وࣸنداکࣸءنياجَبَ٘تَاکࣸ کٜبࣸيْطࣸطࣸمْ بَلَغِيࢽَ دࣸومࣸوعکٜمْکِ ڢَاطࣸ عࣸوَسْتَتَا,وࣸنْدَاوࣸ دࣸنْيَاجَّبَتَاکࣸ جٜبࣸيْعࣸممْ بَعَعِيدَ دࣸومࣸمِکٜمْڢِ جَادࣸ جࣸوَسْتَتَا
بّعّسّاکࣸمَ مَاسࣸ جَࢽَّبَابَا,بَعَسَاکࣸمَ مَاسࣸ جَࢽَّبَابَا
أَکَبِيسࣸ سَيْ سَارَادَسࣸوکَ أَکٜيٰ مࣸسࣸ ؞ أَࢽْ بِيسࣸ دࣸکْ أَࢽْ کَسْسࣸ دَرَجَ الْمࣸحَمَّدَا,أَکَيِيسࣸ سَيْ سَارَادَسࣸوکَ أَکٜيٰ مࣸسࣸ ؞  أَࢽَبِيسࣸ دࣸکَ أَرْ َْسࣸ دَرَجَالمࣸحمَّدَا
14,1
سࣸوْابَ ڧَرْڢِي کࣸوْاسَرَوْتَا کࣸوْاذَمَادَرَشِࢽْ ڢَهِمْتَا,سࣸوْابَ ڧَرْڢِي کࣸواْسَرَوْتَا  کࣸوْاْذَمَادَرَشِࢽْ ڢَهِمْتَا
لولا ايمتنا لله دفدسبفوا ؞ لم نلتڢتهم سوى بالبيض والاسل,لولايمتناللى دفدسبفوا ؞ لم نلت ڢتم صوى ب اليض وى الاسل
ࢽَاوَخَيْرِيَاڧَرَࢽْتَ     کࣸوْاْ کَمَرْڧَايَاࢽَهࣸوتَ,ࢽَاوَخَيْرِيَاڧَرَࢽْتَ  کࣸوْاْکَمَرْڧَايَاࢽَهࣸوتَ
بَامَڢِي مࣸوࢽِࢽْ بَلَاء    غࣸࢽْ مࣸتࣸم ڢاثٜيٰ دࣸعَاءِ,بَامَڢِ مࣸوࢽِࢽْ بَلَءِغࣸࢽْ مࣸتࣸمْ ڢَاثٜيٰ دࣸمَاِ
ڧَࢽٜيٰ دَوَاࢽَسَا سَيْ غَابَا سࣸکٜيٰ  کَمَرْمࣸسࣸلْمِي دَکَاڢِرِٜي باشِرِٜي,ڧَࢽٜيٰ دَوَاࢽَسَاسَيْ غَابَاسࣸکٜيٰ  کَمَرْمࣸسࣸلْمِي دَکَاڢِرِي بَاشِرِي
غَامࣸ غࣸࢽْ جِيکَࢽْکَ شَيْخࣸ    دࣸوٜࢽْ إسَرْکَاکَࢽْکَ ࢽࣸوحࣸ,غَامࣸ غࣸࢽْ جِيکَࢽْکَ شَيْخࣸ  دࣸوِࢽْ إِسَرْکَاکَࢽْکَ ࢽࣸومࣸ
کࣸمَ کرْکَبِيسࣸ أَکَࢽْ أَبِࢽْدَسࣸکٜي ࢽࣸڢِ    إِࢽْدَيْ أَبِࢽْࢽَࢽْ بَابࣸ کٰٜوْڢَ کَغَاࢽٜيٰ,کࣸمَ کَرْکَبِيسࣸ أَکَࢽْأَبِࢽْدَسࣸکٜيٰ ࢽࣸڢِ  إِࢽْدَيْ أَبِࢽْࢽَࢽْ بَابࣸ کࣸوْڢَ کَڧَاࢽٜيٰ
الله يکي ک يميدکي دڢرࢽثک  برࢽي کࢽو تي مرحب دزوࢽکا,اله يکي کيميدکي دڢرثک  برࢽي کࢽوتي امرحب دࢽْواࢽا
ثَࢽْ أَرَاࢽَࢽْ ࢽَࢽْتَ تَاشِ    بَاتَ لَامࣸࢽْثٜىٰمَ سَاشِ,ثَࢽْ أَرَاࢽَرْࢽَࢽْ تَتَاشِ  بَاتَ لَامࣸࢽْثٜىٰمَ سَاشِ
حَسَّدَادࣸوْاْمِࢽْ شَڧَاوَا    کࣸوْاْسࣸکِبْرࣸ ذࣸوَاطَغَاوَا,حَسَّدَادࣸوْاْمِࢽْ شَڧَاوَا کࣸوْاْسࣸکِبَرࣸذࣸوَاطَغَاوَا
بَکࣸوَاثٜىٰ دَىْ ࢽِيڢَادَࢽسَࢽْ جِکِيبَا    دࣸومِࢽْ کࣸوعَذَوࢽٜىٰ سَىْ عيِى صَࢽَاءَ,بَکࣸوَاثٜيٰ دَيْ دَࢽِيڢَادَࢽْسَࢽْ جِکِييَا  دࣸومِࢽْ کࣸوعَذَوْࢽٜيٰ سَيْ عَيِي صَࢽَاءَ
کَاغَامَࢽْيَا سࣸࢽْسَوْ غَسَکِيَا   مَالࣸمَا کࣸمَاسࣸࢽْ تَاکٜيٰ شِࢽَا,کَاغَامَࢽْيَاسࣸࢽْسَوْغَسْکِبَا  مَالࣸمَاکࣸمَاسࣸࢽْ تَاکٜيٰ شِࢽَا
إِࢽْبَاکَڢَطِي کَࢽَاغࣸدࣸوبَا,إِࢽْبَاکَڢَطِي کَࢽَاغࣸدࣸوبَا
کࣸکَوْدَإِدَاࢽࣸࢽْکࣸ غَلّࣸࢽْتَ دࣸوࢽِيَا ؞  کَذَاذࣸوثِيَرْکَ تَبَرْتَ دࣸࢽْ سࣸࢽْ مࣸحَمَّدَا,کࣸکَوْدَإِدࣸوࢽࣸࢽْکࣸ غَلّࣸࢽْتَ دࣸوࢽِيَا ؞ کَذَاذࣸوثِيَرْکࣸ ࢽَبَرْتَ دࣸرْسࣸࢽْ مࣸحَمَّدَا
سَيْ يَيْ کَڢَارَوإِࢽْْ کࣸويَاڧِيَا   يَاجَىٰ مَکَࢽْسَاعَذَابَ اَلْأَخِرَىٰ,سَيْ يَيْ کَڢَارَوَࢽْ کࣸويَاڧِيَا  بَاجٜيٰ مَکَࢽْسَاعَذَابَ هَاَخْرَيٰ
أࢽْکَثٜىٰ يَثِرَايَتَاشِ    يَاکَتَرْتَ غَوَࢽْدَيَيْشِ,أَࢽْکَثٜيٰ يَثِرَابَتَاشِ  بَاکَ کَࢽَرْتَ غࣸوَࢽْدَيَيْشِ
ذَاسࣸ عِيَ هَࢽَ أَصَادࣸو دَࢽِي کَيْ ڟَيٜيٰ دَغَ ثِکِي أَݣࣸيْ رَشِࢽْ,ذَاسࣸ عِيَ هَࢽْ أَصَادࣸودَࢽِي کَيْ ڟَيٜيٰ دَغَ ثِکِي أَکَيْ رَشِࢽِْ
ملَّکَاࢽٜيٰ مَاسي ثࣸوتَا   ڢَجِرِي کٜيٰ تَاࢽَدِࢽْتَا,هَلَّکَاࢽٜيٰ مَاسࣸ ثࣸوࢽَا  ڢَاجِرِي کٜيٰ تَاࢽَدِࢽْتَا
سَيْ إِيَالِي سࣸيْتَ کࣸوکَا    غَازَࢽٜيٰ أࢽْ لࣸلّࣸبٜيٰکَا,سَيْ إِيَالِي سࣸيْتَ کࣸوکَا  غَازَࢽٜيٰ أَࢽْ لࣸلّࣸبٜيٰکَا
واعلم عجال الفول متسع ؞ ڢيها ونا الطول ما يخشى مࢽ الملل,واعلم بجال الفولى متسع ؞ ڢبماوت الطول ما يخشى مࢽ الملل
١٦,1
وَࢽْدَبَيْتࣸوبَ کࣸࢽْجِ حَڧَّاشِڧࣸوࢽَا    کࣸࢽجِياَ وَعْظࣸࢽَا کࣸذَمْ يِࢽْڢَ سَوْࢽَا,وَࢽْدَيَيْتࣸوبَ کࣸࢽْجِ حَڧَّاشِغࣸوࢽَا  کࣸࢽْجِيَاوَغْڟࣸࢽَاکࣸ ذَمْ يِࢽْعَسَوْࢽَا
دَدَاوَرَغࣸوَاکَامࣸسࣸلمِى سࣸجِيتا    سࣸبَرْسࣸࢽ سࣸتَارَادَمِيزِࢽا,دَدَاوَرَغࣸوَاکَامَسࣸلَمْي سࣸجِيࢽَا  سࣸبَرْسࣸ مࣸࢽَارَادَمِيزْࢽَا
تعلى نا زمࢽ تهم,تعلى ڢزمࢽ نهص
غَدࣸ کَࢽْ بࣸکَاتࣸوࢽَي کَيِومَسࣸ  تَيْمَکࣸو کَاسَمِ لاَدَکَايِبَّبرْ ڧَارࣸوَا,غَدࣸکَࢽْ بࣸکَاتَوࢽَيْ کَيࣸومَسَ تَيْمَکࣸوکَاسَامِ لَادَکَديبَّيرْڧَارࣸوَا
رࣸفَنتٜ نࣽحِمّࣽوجَنڢِتࣽيࣽو>   کَࢽْنڡَ يࣽبࣽيْتٜ إدٜرْڢٜسࣸفࣽلْ,رࣽفْنْتَنࣽجّٜࣸوجَنْڢٜتࣸيࣸوکࣸࢽَ جَنْهَ يࣸتࣸيْتٜ ادٜرْ ڢٜسࣸعا
إِࢽْبَاسَاݒࣸواْأَکَيْ ࢽࣸڢِيبَا,إِمْبَدسَابࣸواْأَکَيْ ࢽࣸڢِيبَا
ذَمَامࣸومِࢽِي إࢽْ يَاجِ وَعْظࣸ شِسَمْ    دَطِى ࢽَرِيبَادَاࣸࢽࣸڢَاڧِى غَسࣸࢽَّرْمࣸحَمَّدَا,ذَمَامࣸومِغِ إِࢽْ بَاجِ وَغْذࣸشِسَمْ  دَطِ ࢽَرِيبَادَأࣸࢽْڢَاࢽِي غَسࣸࢽَّرْمࣸحَمَّدَا
جَنْفࣸدٜ يࣸمَّ اَلْفࣸرْءَاࢽَ وَالسّࣸورَةࣸعٜسِمࣸورٜ,جَنْفْدٜيࣸمَّ ࡻَلفࣸرْءَ اࢽَ وَالسࣸورَةࣸ عٜسِمࣸورِ
ڢَرَاࢽَاتَࢽَاتَڢَسَاغَکَاࢽࣸودَڧࣸلّࣸوَرْ     مِيَاغࣸودَسࣸࢽْکَ ڢَڧَرْيَتَاغَمࣸحَمَّدَا,ڢَرَاࢽَاتَࢽَاتَڢَسَاغَکَاࢽࣸودَڧࣸلّࣸوَرْ  مِيَاغࣸودَسࣸࢽْکَ ڢَڧَرْيَتَاغَمࣸحَمَّدا
وليس يهل ذوالتفوى جوارد ؞ کالعيࢽ والسمع ت صبح ونامل,ولس يعل ذوالفوى جوارڡ ؞ کالعيࢽ والع ت صج وک اسل
شِي ڢِدَاءࣸࢽَاسَ حَࢽْيَا    کٜىٰدَڧࣸلْ هࣸوَخَمْسࣸ مِيَّا,شِي ڢِدَاءࣸ ࢽَاسَ حَࢽْيَا کٜىٰدَڧࣸلْ هࣸوَخَمْسࣸ مِيَّا
دَطَ بَاکࣸرْطِ ࢽْکَ کَاذࣸبَابَا,دَطَ بَاکࣸوْطِࢽْکَکَادࣸبَابَا
کَࢽْ تَهࣸوْوَرْمَاسࣸ وَࢽْکَا    غَالِکَّڢَࢽِي أَطِࢽْکَا,کَࢽْ تَهࣸوْوَرْمَاسࣸ وَࢽْکَا  غَالِکَڢَࢽْي أَطِࢽْکَا
وࣸنِى عٜمَکّࣽ لاَخَيْرَمࣽجّٜرٜعَلَنَاڢِح مَࢽ لاَّيَسْتَحْيِى,وࣽنِي عٜمَکّࣽ لاَفّيْرَمࣸجٜرٜ عَلنَاڢِي مَرْلࣸ يَسْلَحِيِ
بَاذَاتَ ثِکَادَأَرْزࣸکَابَا,بَاذَاتَ ثِکَادَأَرْزࣸکَابَا
دَࢽَمِيمَࢽْثِي دَڧࣸلَّاغَابَا,دَࢽَمِيسَࢽْثِي دَڧࣸلَّغَابَا
وَثّٜيٰ کٜيٰ حَکَ غوْاْبٜيٰ دࣸلٜيٰ    لَاخِرَاتَيْ غࣸوْاْلٜيٰ غࣸوْاْلٜيٰ,وَثّٜيٰ کٜيٰ حَکَ غࣸوْاْبٜيٰ دࣸوࢽٜيٰ لَاخِرَاتَيْ غࣸوْاْلٜيٰ غࣸوْاْلٜيٰ
أّࢽْثٜيٰ کَرَاتࣸو سࣸࢽْثٜيٰ سࣸࢽڧِيَا    سࣸࢽْ طَوعَدِيکࣸوذَاسࣸ ڧَسَرْ جَبَىٰ,أَࢽْثٜيٰ کَرَاتࣸوسࣸࢽْثٜيٰ سࣸࢽْڧِيَا  سࣸࢽْ طَوْمَدِيکࣸوذَسࣸ ڧَسَرْجَبَيٰ
سيش,سيش
سَي شِسَࢽْ ڢَضَلَاغَرٜيٰسࣸ  رَࢽْ مَثٜيٰوَرْ طَࢽْغَ ࢽَاسࣸ,سَيْ شِسَࢽْ ڢَضَلَغَرٜيٰسࣸ  سَࢽْ مَࢽٜيٰوَرْطَࢽْغَ ࢽَاسࣸ
أَمَّاڢَاإِࢽْ بَيْتَرْدَرِࣸوَابَا  يَجَاڧَسَادَيتࣸوࢽࣸويَيْ ثِکࣸو,أَمَّاڢَلَإࢽْ بَيْتَرْدَرࣸوَابَا  يَجَاڧَسَادَيَتࣸوࢽࣸويَيْ ثِکࣸو
أَکࣸࢽْ وَسࣸࢽ ڟࣸࢽْڟَايٜىٰ دَمࣸريَسّࣸ تَڢِࢽَࢽْ    غَغࣸوغٜىٰ دَدَاطى دࣸک سࣸجِيسࣸ دَاَحمَدَا,أَکࣸرْوَسࣸ ڟࣸࢽْڟَايٜي دَمࣸرْيَسࣸ تَڢِࣸࢽَࢽْ غَڧࣸوغٜيٰ دَدَاطِي دࣸکْ سࣸجِيسࣸ دَأَحْمَدَا
هَرْأَذَارٜيٰ رَࢽْسَ بَيْ سَࢽِيبَا,هَرْأَذَامِيْ رَࢽْسَ بَيْدَسَࢽِيبَا
کَيْدَرَبّࣸ اِلْعَرْشِ کَاثٜي ذَاکَ بِيشِ کَکࣸوْأَمِࢽْثٜيٰ,کَيْدَرَبࣸ اِلْحَرْشِ کَاثٜيٰ  ذَاکَ بِيشِ کَکࣸوْأَمِࢽْثٜيٰ
رَࢽْ ذࣸوَايَاڧِࢽْ تَبࣸوکَ   ذࣸالْجَلالِ شِسَامࣸغَࢽْکَ,رَࢽْ ذࣸوَايَاڧِࢽْ تَبࣸوکَ  ذࣸواْالْجَلَالِ شِسَامࣸغَࢽْکَ
بَسࣸ ڢَاسَ کِرَاسࣸࢽَادَطِࢽبَا,بَسࣸ ڢَاسَ کِرَاسࣸࢽَادَطِيبَا
رࣸوَࢽْ جَمَعَابَذَى غَمٜىٰبَا,رࣸوَࢽْ جَمَعَابَذَى غَمٜيٰبَا
مࣸتَاࢽٜيٰ سࣸبَيَّࢽَ دࣸدَّ صَابࣸوࢽْدَسࣸࢽْکّيِ   دَبَابࣸ وࣸرِࢽْ بࣸويࣸوغَأللَّهْ ࢽَأحْمَدَا,مࣸتَاࢽٜيٰ سࣸبَيّࢽَ دࣸدَّمَابࣸوࢽْدَسࣸࢽْکَج  دَبَابࣸ وࣸرِࢽْ بࣸويࣸوغَاللَّهْ ࢽَأحْمَدَا
تࣸࢽْدَسࣸࢽَّرْمࣸصْطَڢَاࢽٜيٰ    إِࢽْ مࣸتࣸمْ يَابَبَّکٜيٰ ࢽٜيٰ,تࣸࢽْدَسࣸࢽَّرْمࣸصَطَڢَاࢽٜيٰ إِࢽْ مࣸتࣸمْ يَابَبَّکٜيٰ ࢽٜيٰ
کَبِ مَالَمِي دࣸومِࢽْکَصادࣸ دَأرْزِڧِ کَڟَرٜٜي أمَاࢽَادَࢽْ کَڧَارࣸ دَيٜࢽْ عࣸوَا,دَࢽْتَمَي ذࣸوࢽْࢽْ تَمَادࣸدَࢽْڧ  کَشْبَدغࣸوࢽَادَيْکَڧَهࣸ َتَيّبِࢽْ مࣸوَ
وکل عبدغدت لله عنى ته ؞ على العد وبذاک اک العزڢيصل,وکل عبدفدت لله عى ته ؞ على العدوبة اک العر جليصل
کࣸمَ ڧَرْيَتَاوَاثٜيٰ غَڢَطَرْأࣸبَࢽْغِجِ ؞  سࣸبْحَاࢽࣸهࣸ ڧَهَّارࣸ سَرْکِي مࣸحَمَّدَا,کࣸمَ ڧَرْيَتَاوَاثٜي غَڢَطَࢽْ دࣸبَࢽْغِجِ ؞  سࣸࢽْجَاࢽَمࣸ ڧَرَارࣸ سَرْکِࢽ مࣸحَمَّدَا
3,3
وَ مَسْحࣸ ࡼلرَّ عْشِ عٜمَسْکࣸدٜ هࣽو رٜ دٜرْ وَ غَسْلࣸ ࡼلرِّ,وَمَسْحࣸ ࡼلرَّعَرعٜمَسْکࣸدٜهࣸورٜدٜرْوَغَسْلࣸ ࡼلْلِّ
ميشرࢽ,مي شرࢽ
سࣸيْتَ عِلمِ تࣸࢽْدَڢَارِي غَسْکِيَاتَرِ غَايِ شَرِّي,سࣸيْتَ عِلْمِ تࣸࢽْدَڢَارِي  غَسْکِيَاتَرِغَايِ شَرَي
عَبِࢽدَ يسَاࢽَثٜىٰ دَکࣸوکَرکࣸيِيثࣸ    دࣸومِࢽ بَابࣸ سࣸوعَبَابِࢽْ صَࢽَاءَ,عَبِࢽْ دَ يَيسَاࢽَثٜيٰ دَکࣸوکَرْکࣸبِيثࣸ  دࣸومِࢽْ بَابࣸ سࣸࣸوعَبَابِࢽْ صَࢽَاءَ
بَاعَ طَوْکَاࢽَيْ دَعَيْبِ    رَࢽْ کَرَࢽْتَاوَرْ کتَابِ,بَاعَ طَوْکَاࢽَيْ دَعَيْبِ  رَࢽْ کَرَࢽْࢽَاوَرْکِࢽَابِ
مي,مي
ڢهم نجوم کما فال الرسول لنا ؞ ڢلتعتفد حبم بالفلبوابتل,ڢبهم عوم کافال الر سسول لنا ؞ ڢلتض فدمبم بالعاب والتثل
13,1
بَأَبَاکࣸ رَبࣸوْاأَلَاخِرَابَا,بَأَبَاکࣸ رَبࣸوْاأَلَاخِرَابَا
2,1
حَجِّ زَکَّاغَاکَسَالَهْ    تَاڟَرٜيٰکَ ثِکِࢽْ جَهَالَهْ,حَجِّزْکَّاغَاکَسَالَهْ تَاڟَرٜيٰکَ ثِکِࢽْ جَهَالَهْ
کَيْ ڧࣸواڧࣸلْوَاتَاڟِيَايٜيٰ    غَامࣸتَاࢽٜيٰ ࢽَاتَمَايٜيٰ,کَيْ ڧࣸواڧࣸلْوَاتَاکِيَايٜيٰ  غَامࣸتَاࢽٜيٰ ࢽَاتَمَايٜيٰ
إِدَࢽْ سࣸکَذࣸوسࣸࢽَابَرَاکَرْعَبَاسࣸ    بَعَاتَيْمَکࣸوࢽْ مَرَرْکٜࢽْ طَبِى عَ,إِدَࢽْ سࣸکَذࣸوسࣸࢽَابَرَاکَرْعَبَاسࣸ  بَعَاتَيْمَکࣸوࢽْ مَرَرْکَࢽْ طَبِي عَ
تَابِ ڧَࢽْ واڢَاتَشَربٜىٰ دَاأکࣸوْࢽى مَڢࣸدَاأرَيٜىٰ,تَامِبغَرْڢَاڢَاتَشَرْيٜيٰ  دَالَکࣸويْ مَغࣸدَاأَرَابٜيٰ
مَيْ شِغَرْسَ بَذَيْ رَوَرْڧَڢَابَا,مَيْ شِغَرْسَ بَذَىْ رَوَرْڧَڢَابَا
Mai Sana'a ba ya Tsiya,ملتملکڧودددادم
وَايَکٜىٰ ڧَارَاࢽَسَامࣸ   کَاغَ يَاکࣸوْامَاهࣸمࣸومࣸ,وَايَکٜيٰ ڧَارَاࢽَسَامࣸ  کَاغَ يَاکࣸوْاْمَاهࣸمࣸومࣸ
کَيْدَڢَڧِري دَيْࢽَ زَرْغِࢽْ تَاجِري  کَيْ غَࢽِيِّ دَيْࢽَ زَرْغِࢽْ عٜࢽْعࣸوَا,کَࢽْدَڢَڧِرِي دَيْࢽَ زَرْغِࢽْ تَاجِرِي  کَيْ کࣸوغَࢽِلࣸ دَيْࢽَزَرْغِࢽْ عِࢽْ عَوَا
باࢽ,1
يَدَّکَيْ أيْکِ أسَاکَ    مَاأَبِࢽْدَمࣸتࣸمْ يَشࣸوکَ,يَدَّکَيْ أَيْکِ أَسَاکَ  مَاأَبِࢽْدَمࣸتࣸمْ يَشࣸوکَ
الحمد لله,با
لارتوحيرناامل امل النجاةغدا ؞ وعندمࢽ فدمضى مࢽ مسلم الملل,لاࢽ توحيونااصل الجاة غدا ؞ وعندمࢽ فدمضى مࢽ مل لل
سَيْ أَسَازَبَّاࢽِيَاوَا  غَرْغَطࣸوسࣸ رکࣸوْوَا,سَيْ أَسَازَبَّاࢽِيَاوَا  غَرْغَطࣸوسࣸ سࣸطࣸورَکࣸوْوَا
ڢصل نع يباࢽ حکم ا لتليد ڢى عفايدالتوحيد,ڢصل ن يبا حک التفليڡ ڢى عفابدالذحي
مَيْسࣸࢽْ حَڧِيڧَا دࣸويَتَࢽْبَيِ مَالَمِي  مَيْسࣸࢽْ وْدْاتَا کࣸويَتَيْمَکِ ࢳࢽْ عࣸوَا,مَيْسࣸࢽْ عَڧِيڧَادࣸويَتَࢽْيَر مَالَمِ مَيْسْࣸ وَدَاتَاکࣸويَتَمَْکِ ࢳٜࢽْ عࣸوَا
ڟَيِي ڢَدَطَاإِࢽْ يَايِ ڟَࢽَࢽِي دَڢِرْغِتَا   مࣸسࣸلْمِي سࣸࢽَاڢَکِرَࢽْ ڢِيَيّٜيٰ مࣸحَمَّدَا,ڟَيِي ڢَدَطَاإِࢽْ يَايِ ڟَࢽَࢽِي دَڢِرْغِتَا  مࣸسࣸلْمِي سࣸࢽَاڢَکِرَࢽْ ڢِيَيّٜيٰ مࣸحَمَّدا
دَومِࢽْ عَࢽْسَࢽِى شَرِيڢَىْ ࢽَأللهْ    بَاسَايِࢽْ کࣸوَطَىْ سَبِيلِ دَطَاعَ,دࣸومِࢽْ عَࢽْسَࢽِي شَرِيڢَيْ ࢽَأَللّهْ  بَاسَايِࢽْ کࣸوَطَيْ سَبِيࢽِ دَطَاعَ
وشکر,ا
9,1
کَرِڧٜي مَرَيَاوَࢽْدَ بَايَدَ أرْڧِي  کࣸمَ بَيْدَ دَࢽْغِ بَاعࣸبَاکࣸمَ بَاعࣸوَا,کَرِڧٜيٰ مَرَبَاوَࢽْدَبَايَدَأَرَزࣸڧِي  کࣸمَ بَيْدَدَࢽْغِ بَاعࣸبَاطࣸمَ بَاعࣸوَا
سَيْکࣸووحَدِيثَࢽْ أَࢽَّبِمّࣸ مࣸحَمَّدَا ؞  سࣸومَا تَڢَرْکِي ࢽٜيٰ تَذࣸواغَمࣸحَمَّدَا,سَيْکࣸووحَدِيثَࢽْ أَࢽَْبِمّࣸ مَحَمَّدࣸ ؞  سࣸومَاتَمَرْکِي ࢽٜيٰ ࢽَذࣸوا غَحࣸمَّدَا
بࣸورِࢽْةَ سَابَࢽْ غَرِي کࣸواْ ڢَغٜي  يَوَيْثِي تࣸدࣸࢽْ وَدَا ثَࢽْ سࣸکَدَاغٜي,بࣸورِࢽْةَ سَابَيْ غَرِي کࣸواْڢَڧٜيٰ  يَوَيْثِي تࣸدࣸࢽْ وَاثَࢽْ سࣸکَدَاغٜي
تم هٜوْتِ بٜتࣸفࣸلْ کࣸوطٜ يࣸرْمٜمࣽ جستنا کࣽعࣸهࣸوونواعٜيِطَاطَ کࣸوطٜهَيْرَتَا,تࣽم هٜوْتِ بٜتࣽفلْ کࣸوطٜ يࣸرْمِمࣸ جٜسناکࣸعࣸهࣸوونواجٜطَاطࣸکࣸوطٜ طٜهَيْرَࢽَا
کَرٜي دَبِرِي ڢَسࣸ جࣸورٜي غَمِي,کَرٜيٰ دَبِرِي بَسࣸ جࣸورٜيٰ عَمِي
وَࢽْسࣸ ࢽَاࢽَࢽْ حَڧِيڧَةََ مَاسࣸ تَرْکِي    مَاسࣸ حَࢽَ يِࢽْ رَبࣸاࢽحࣸ،ࣸسِي غَيَاڧِي,وَࢽْسࣸ ࢽَاࢽَࢽْ حَڧِيڧَةَ مَاسࣸ تَرْکِي  مَاسࣸ حَرَيِࢽْ رَبࣸوࢽَعࣸمࣸسِلِ غَيَاڧِي
کَاغَ يَارَاسࣸوࢽٜيٰ شࣸوغَبَا کࣸومِي سࣸأَيَکَابَامَيْثٜيٰ بَارِي,کَاغَ يَارَاسࣸوࢽٜيٰ شَوغَبَا  کࣸومِي سࣸأَيَکَابَامَيْثٜيٰ بَرِي
ڢَصْلࣸࣸ عَلِيّࣸ ࢽَڢَاڢَوْارࣸوغࣸ,جَضْلࣸ عَلِيࣸ ࢽَڢَاڢَوْاْرࣸوَغࣸوْدَࢽََا
16,1
مࢽج,مج
يَو بَاشَڧِيڧِي کࣸولِعَبِي کّامِلِي  يّوْتَاجِرِي شٜيࢽٜي ڧَوِّيِࢽ طَࢽْ عࣸوَا,سَرْࢽَتَمْڧِيْڢَيکࣸولِيبَي کَدمِمِ  بَوْࢽَدَعِيڧَابَࢽٜيٰ ڧَوَّࢽْيَࢽࣸࣸوَوَا
13,1
شِرْوَاتَڢِي أَبِࢽْکَ کࣸوبَک بَاتَبَا   غَڢِيَامِࢽَاڢِرْثِي غَرٜيٰتَ ࢽَأوْرٜيٰ,شِرْوَاتَڢِْ أِبِࢽْکَ کࣸوبَکِ بَاتَبَا  غَڢِيَامِࢽَاڢِرَثِي غَرٜيٰتَ ࢽَأوْرٜيٰ
إِتَدَيْ سَبَبِي تَکَسࣸواْ تَعَذَامَيْ  إِࢽْ دَيْ يَاثٜيٰ بَاشِ سَکِࢽْتَا,إِتَدَيْ سَبَبِي تَکَسࣸواْتَعَذَامَيْ  إِࢽْ دَيّࣸ يَاثٜيٰ بَاشِ سَکِࢽْتَا
بل يحمل العرش املاک ثمانيتا ؞ وناالحفيفت فطعداغير محتمل,بل جحط الع ش املاک ثايت ؞ ون الحفيفة فطعاغي محنل
نࣸلاَطࣽ اَلَّ مَاکِ صَلَّح ࡻللَّهࣸ عَلَࢨْهِ وَسَلَّمَ جَمْ عٜکِسِيىٰ,فࣽطَاَکࣸ ࡶَلَّمَاکِ صَلَّى ࡻللَّهࣸ عَلَيْهِ وَسَلَّمَ جَمْ عٜکِسِيىٰ
بَادَکࣸو غَسْکِيَرْ مࣸحَمَّࢽْ مَأيْکِي   دࣸوࢽْ کَذَمْ مࣸࢽِي کَذَمْ کࣸو سَلِيمِمِ,بَادَکࣸوغَسْکِيَرْمࣸحَمَّࢽْ مَأَيْکِي  دࣸوࢽْ کَذَمْ مࣸومِࢽِي کَذَمْ کࣸوسَلِيمِ
إدَࢽ بَاکَ اَيکوطَرٜى غِدَࢽْکَ    دَبَاکَدَعِيکࣸࢽ حࢽَاوَزࢽَا,إِدَي بَاکَ أيْکࣸوطَرِي غِدَࢽْکَ  دَبَاکَدࣸمِيکࣸس حَࢽَاوَزْࢽَا
ࢽَࢽْتَدࣸواْ کَࢽࣸو,يَࢽْتَذࣸواْکَࢽࣸو
سࣸورَࢽْسࣸ دَکَيْ بَيَاݒَثٜيٰبَا,سࣸورَࢽْسࣸ دَکَيْ بَيَايَثٜيٰبَا
5,1
شِي أَبࣸودْ کَإِيݣࣸࢽْ اِللَّهْ ࢽٜيٰ  اِللَّهْ شِيکٜيٰ بَادَوَدَاتَا,شِي أَبࣸودْ طَإِيکࣸࢽِ اِللَّهْࢽٜيٰ اَللَّهْ شِيکٜيٰ بَادَوَدَاتَا
ࢽٜىٰ غَمَالِکِ وَࢽْغَ بَاڧࣸواْ     دَاأَثٜىٰ ذَىْ کَرْبِ سَاڧࣸواْ,ࢽٰٜ غَمَالِکِ وَࢽْغَ بَاڧࣸواْ  دَاأَثٜيٰ ذَيْ کَرْبِ سَاڧࣸواْ
33,1
ألࢽَّاشِرࣸ مࣸعَلِمࣸ أَمِيࢽࣸ ࢽَبَابَࢽْ عِࢽْدَا کَࢽࣸو يَلْوَا وَلاَيَجࣸوزࣸ طَبْعࣸهَا لِأحَدِِ إِلَّا بِإذْࢽْ,اَلࢽَّاشِرࣸ مࣸعَلّمْ أَمِيرࣸ ࢽَبَابَࢽْ عِࢽْدَاکِࢽࣸويَلْوَاوَلَيَبࣸوزࣸطَࢽْعࣸمَاذَحَدِ إِلدَّبِا
وَࢽْدَبَىْ کࣸلَ ڧࣸوْاْڧَرِيْبَا    يَامَثٜىٰ بَيْسَࢽْ رَبࣸوْاْبَا,وَࢽْدَبَيْ کࣸلَ ڧࣸوْاْڧَرِيبَا  يَامَثٜيٰ بَيْسَࢽْ رَبࣸوْاْبَا
وَىْ کَشَاسࣸ کَڧَارَڧࣸارِي    سࣸࢽْتَ کَىْ غِرْمَادَسَوْرِي,وَيْ کَشَاسࣸ کَڧَارَڧَارِ  سࣸࢽْتَ کَيْ غِرْمَادَسَوْرِي
کࣸومَعَوࢽَاطٜيٰبٜيٰ أَࢽْهَࢽَا  إِࢽْ کࣸࢽَاڧَوْࢽَا کࣸغَاالࢽَّبِي,کࣸومَعَوْࢽَاطٜيٰبٜيٰ أَࢽْهَࢽَا   إِࢽْ کࣸࢽَاڧَوْࢽَاکࣸغَااَلࢽَّبِي
٧ٰ أَدَري کَيْمِࢽْ إِشَارَا   إِࢽْغَ ࢽَاجي ࢽَيْ زِيَارَا,٢أَدَرٜيٰ کَيْمَࢽْ إِثَارَا إِࢽْغَ ࢽَاجٜيٰ ࢽَيْ زِيَارَا
14,1
سَيْ أَڟَيْدَسَهࣸࢽْ جَࢽَازَا    إِࢽَجِ مَالَمْ أࢽْ مࣸجَازَا,سَيْ أَطَيْدَسَسࣸࢽْ جَذَازَا  إِࢽْجِ مَالَمْ أَࢽْ مࣸجَازَا
هَرْشِسَارَامَاجِکِࢽْسࣸ    بَاأَبِࢽْدَشِکٜيٰ إِسَرْسࣸ,هَرْشِسَارَامَاجِکِࢽْسࣸ  بَاأَبِࢽْدَشِکٜيٰ إِسَرْسࣸ
ڧَالَ عَلَيْهِ اِلصَّلاَت وَالسَّلاَمࣸ إِࢽَّ مِࢽَ الشِّعْرِ لَحِکْمَةِِ,بَاغذ
إࢽْ تاغَ تَاحَرْبࣸواْ بَاةَ ڢَطِي  سَيْ تࣸيْ شِرࣸواْ کࣸوَّو تَبَايَاڢَطِّي,إِࢽْ تَاغَ تَاحَرْبࣸواْبَاةَ ڢَطِي  سَيْ تَࢽْ شِرࣸوَاکࣸووْࢽَبَايَاڢِطِ
مࣸيِوࣸوکࣸمَ جَهَادِدَمَڧِيَاسࣸوغࣸدَا ؞  حࣸطࣸ شٜيطَࢽْ دَࢽَڢْسࣸ دَبِࢽْ هَوَيٰ کࣸمَ سَرْمَدَا,مࣸيِوࣸوکࣸمَ جَمَاطِ دَمَڧِيَاسࣸوغَذَاءعࣸطࣸ شِيطَࢽْ دَࢽَڢْسࣸ أَبِࢽْ مَذَيْ کࣸمَرَرْمَدَا
غَمࣸسࣸلمِى بَادَکَࢽْغَرَابَا,غَمࣸسࣸلْمِي بَادَکَࢽْغَرَابَا
وَࢽْدَبَاسࣸ کَلَادَسࣸوࢽٜىٰ    کَرْࢽࣸکَادَاذَاکَ غَاࢽٜىٰ,وَࢽْدَبَاسࣸ کَلَادَسࣸوࢽٜيٰ  کَرْࢽࣸکَادَاذَاکَ غَاࢽٜيٰ
أَيْ سَيْ ࢽَثٜيٰمَسَ بَابࣸ سࣸوکَ کࣸوکَطَࢽْ   وَࢽَّࢽْ حَلِي دࣸکَ ࢽَاغَرٜيٰمي مࣸتَاࢽٜيٰ,أِيْ سَيْ ࢽَثٜيٰمَسَ بَابࣸ سࣸوکَ کࣸوکَطَࢽْ  وَّࢽْ حَلِي دࣸکَ ࢽَاغَرٜيٰمࣸ مࣸتَاࢽٜيٰ
مࣽرࣽڢَامِ عࣽطࣸىْ تَىْ بِکّࣸ مࣸعࣸࢽ سَبࣸ جٜکّࣸ کࣽجࣽکّٜي جنرٜءَرَࢽْ,مࣽرࣸڢَامِ طࣽطࣽوْتَىْ بِکّࣸ مࣸعࣸࢽسَبࣸ جِکّࣽ کࣽجࣽکّࣸ جَنْرَوَارَلْ
عَذَابَاتَااللهْ سࣸࢽَاطَطٜکࣸࢽ تْا    سࣸذَمْࢽِ حَسَارَامࣸتَاࢽٜى زِࢽَا,عِذَابَاتَااللَّه سࣸࢽَاسَبَکِࢽ ࢽَا سࣸذَمْࢽِ حَسَارَامَتَاࢽٜى زِࢽَا
غَاشِ ڟࣸوࢽْثٜىٰ ثِکِࢽْ ڧَرَمْشِى ثِى دَشا,غَاشِ کࣸوࢽْثٜيٰ ثِکِرْڧَرَمْشِي  ثِي دَشَابَلٜىٰ ڢَبَرْثِي
وفدرة الله نداى شياءممکنها بلا علا ج ولاض ب مࢽ العلل,وفدرة اله ن الاشياءمکنها بلاعلاج ولاض ب مࢽ الحلل
مࢽ غير کيڢ ولا مثل يما ثله ؞ کما يليڡ به رغما لمعنت,مࢽ غي کيڢ ولامثل بماثله ؞ کمابليڡ به رغالمعنت ل
ذما الجࢽ بابت دغباوا    بلي شحࢽا شسارشکࢽ سعيرا,ذماالجࢽ بابت دغبدو  بلي شحࢽاشسارشکر سعيرا
تَعَلى شِتࣸوبى شِࢽ شِيَڢَاسَغيࢽٜى    ذَمَابَابَ طَلڧى غَمَى يࢽْزِࢽَا,تَعلي شِتَويٜي شِࢽ شِيڢَاسَڧييࣸ  ذَمَابَابَ طَلڧِي غَمٜيّ يَࢽْزْࢽَا
سَاڢَذَوْدَيَوَࢽْ مࣸغࣸࢽْتَا مَࢽْثٜىٰ صَلَّالࣸوکَثِࢽْتَا,سَاڧَذَڢْ دَيَوَࢽْ مࣸغࣸࢽْتَا  مَࢽْثٜيٰ صَلَّالࣸوکَثِࢽْتَا
اࢽ النواهى جاءت غير واحدة ؞ کذاالاواى لاتحص لممتثل,اࢽ الواهى جاة ت غيب واحدة ؞ صل کذالا وام لاتص عمتثل
23,1
کَيْ إِسَشّٜيٰࢽٜيٰ غَکࣸومَيْ   مَاغَࢽِي ࢽٜيٰکَيْ وࣸرِِࢽْمَيْ,کَيْ إِسَشّٜيٰثٜيٰ غَکࣸومَيْ  مَاغَࢽِي ࢽٜيٰکَيْ وࣸرِࢽْمَيْ
اَلْخَيْرِࢽَابَيَيْ يَوَابَا,اَلْخَيْرِࢽَابَيَيْ يَوَابَا
9,2
مَبࣸغَاحِسَابِي دَمَاسࣸواْ ڢَرَاءضِ   أَتَاشِي ࢽٜيٰمَاأَي تَڢِيَرْ وࣸࢽِي,مَبࣸڧَاحِسَابِي دَمَاسࣸواْڢَرَالِمْ أَࢽَاشِي ࢽٜيٰمَاأَيْ تَڢِيَرْ وࣸࢽِي
کࣸوکࣸࢽْ ڢِدَّرَيْ دَيِࢽْ أرْزِڧِيْࢽٜىٰ    وَتَڧِلْ شِيَّسا کࣸکٜىٰ ڧِࢽْ صَࢽَاءَ,کࣸوکࣸࢽْ ڢِدَّرَيْ دَيِࢽْأرزِڧِيࢽيٰ  وَتَڧِࢽْ شِيَّسَاحࣸکٜيٰ ڧِࢽْ صَࢽَاءَ
سَىْ شِبَايَرْحَرأࣸبَࢽْسَ   بَاطِيَابَاعٜࢽْ اࣸوَࢽْسَ,سَىْ شِبَايَرْحَرْأࣸبَࢽْسَ  بَاطِيَابَاࢳَࢽْ أࣸوَࢽْسَ
39,وم
کَرْکࣸ سَامِ کَطَࢽْ کࣸرَيْࢽَا    شِيڢَ رَيْࢽَ رَبࣸواْکَطَࢽَّا,کَرْکࣸ سَامِ کَطَࢽْ کَرِيْࢽْا  شِيڢَ رَيْࢽَ رَبࣸوَاْکَطَࢽَّا
کࣸذَمْکَ بِطَرِّيبَاࢽَغࣸذࣸرِ غَلاَخِرَا    ذَمَمّࣸ ࢽَدࣸوࢽِيَاکࣸومࣸثِمَّ مࣸحَمْدَا,کࣸذَمْکَ بِطَرِّيِيَاࢽَغࣸذࣸࢽْ غَلَاخِرَا  ذَمَمّࣸ ࢽَدࣸوࢽْيَاکࣸومࣸثِمَّ مࣸحَمَّدَا
غَاَامْبَرْوَايَ,غَاَلْمَبَرْوَيَ
الى ا د اءسکرتا,اي عکي ي
مَعَࢽَاکࣸوْاْ ذࣸوثِيَايَدࣸوبَا,مَعَࢽَاکࣸوْاْذࣸوثِيَايَدࣸوبَا
تِيرِوَالاَيَلْبَسࣸ عࣽبࣽرْنَتَاکࣸ مࣸفِيتِ ࡽلثَّيَابِ,تِيرِ وَاللاَيَلْبَسࣸعࣽبࣸرْنَتَاکࣸ مࣸفِيتِ ࡽلثِّيَابِ
کࣸسَࢽْذࣸثِّيَاتَاتَايِ حَسْکٜيٰࢽْ ڢَرِࢽْثِکِي   دَمࣸرْࢽَرْ کِرَࢽْ سࣸوࢽَࢽْ ڢِيَيّٜيٰ مࣸحَمَّدَا,کࣸسَࢽْ ذࣸثِبَاتَاتَايِ حَسْکٜيٰࢽْ ڢَرْشِکِي  دَمࣸرْࢽَرْکِرَࢽْ سࣸوࢽَࢽْ ڢِيَيّٜيٰ مࣸحَمَّدَا
بسم الله,ࢽم الله
سَࢽَّࢽْ أَݣࣸوࣸيْ سࣸوࢽَا تَکࣸسْ غࣸࢽْ مَّاتَا بَرِ إِࢽْ ڢَطٜيٰسࣸ غࣸدَا غࣸدَازَارٜٜيٰ,سَࢽَࢽْ أَݣࣸويْ سࣸوࢽَاࢽَکࣸسْ غࣸࢽْ مَّاتَا   بَرَإِࢽْ ڢَطٰٜسࣸ غَدَاغَدَابَازَارٜيٰ
بࢽا إࢽغلࢽ تي أرزڧي دَکجٜيٰمتَا  ڢسروࢽياتاثاش دࢽ غرمࢽکا,بࢽااࢽغس تي ارزڧي دَکَجٜيٰمَتَا  ڢِروࢽِياتَاثَاش دࣸࢽْ غرمَࢽْکَا
مࣸيَ صَلاَةِ زࣸمَيْ تࣸتࣸتْ بِسَ ڢِيَيّٜيٰ          دࣸدَّتَسْلِيمْ مࣸذَمْکࣸ بٜيٰغٰٜࢽْ ڢِيَيّٜيٰ,مࣸيْ صَلَاةِ زࣸمَيْ تࣸتࣸتْ بِسَ ڢِيَيّٜيٰ  دࣸدَّتَسْلِيمْ مࣸذَمْکَ بٜيٰࢽَࢽْ جِيَيّٜيٰ
دَصَوَابَابَادَکࣸسْکࣸرٜىٰبَا,دَصَوَابَابَادَکَسْکࣸرٰٜبَا
کࣸࢽٜمِ سَࢽِي کࣸمَ کࣸࢽجِ دࣸࢽْ اَللَّهࣸ يَࢽْاءࣸوَا ؞  شِيمَا حَدِيثِࢽْ ࢽٜيٰ دَيَيِووشِ أَحْمَدَا,کࣸࢽِي سَࢽِي کࣸمَ کࣸࢽْجِ دࣸࢽْ اَللَّهࣸ يَࢽْاࣸوَا ؞  شِيمَاحَدِيشِ ࢽٜي دَيَيِوࣸشِ أَحْمَدَا
طَاثِي مَڧَڧِي بَذَيْ حَࢽَابَا,طَاثِي مَغَڧِي بَذَيْ حَࢽَابَا
کَتࣸࢽَابَاذَاسࣸ دَاوَيࣸوبَا,کَتࣸࢽَابَاذَاسࣸ دَاوَبࣸوبَا
سَيْ أَثٜيٰ مٜيٰࢽٜيٰ ࢽࣸڢَرْکࣸو   مِي بࣸکَاتَرْذࣸوثِيَتْ کࣸو,سَيْ أَثٜيٰ مٜيٰࢽٜيٰ ࢽࣸڢَرْکࣸو مِي بࣸکَاتَرْذࣸوثِيَرْکࣸو
مَيْتࣸبَࢽْيَرْ سࣸوࢽَࢽْتْ کَّکࣸرࣸڢٜمَسَ  ࢽَصْرࣸالسَعَادَةࣸ کࣸو غِدَا کࣸو کَاسࣸوَا,مَيْتࣸࢽْيَرْسࣸوࢽَࢽْتَ کَکَرࣸڢِمَسَ ࢽَمْرࣸالسَعَادَةࣸ کࣸوغِدَاکࣸودَسࣸوَا
ڧَدَّرَبَاتَاجِࢽْ اَلدّࣸعَا  کࣸوکَاڧِي بَرْثِࢽْ ݣࣸوࢽَࢽْ شٜيٰکَرَا,غَدَّرَبَاتَاجِࢽْ اَلدّࣸعَا  کࣸوکَاڧِي بَرْثِࢽْ کࣸوࢽَࢽْ شٰٜکَرَا
سَاࢽَࢽْ مَأيْکِي يَاتَڢࣸوکࣸمَ دَکَࢽْسَ ؞ يَڧَرْڢَڢَ جِيکَاࢽَسْ غَدِيࢽَࢽْ سَ أَحْمَدَا,سَأَࢽَࢽْ مَأَࢽْکِي يَاتَڢࣸوکࣸمَ دَکَࢽْسَ ؞  يَڧَرْڢَڢَ ڢِيکَاࢽَسْ غࣸدِيࢽَ سَ أَحْمَدَا
دڟورثࢽ ڟورثࢽ ڟيࢽ ڧياما,دڟورࢽ تلورث شيࢽ ڧياما
وَحَلَابَاوَࢽْدَبَيْ غَمٜيٰبَا,وَحَلَابَاوَࢽْدَبَيى غَمٜيٰبَا
کࣸوْاوࣸشٜىٰ ڢَلْکٜىْ مْدِيࢽَ    زَشِتَاشِ ࢽِکَࢽْجِ مࣸرْࢽَا,کࣸوْاوࣸشٜيٰ ڢَلْکٜيٰ مَدِيࢽَ  زَاشِتَاشِ ࢽِکَࢽْجِ مࣸرْࢽَا
عٜهٜرْ جࣸدٜسٜفٜنٜيجِ وَالاَيَمَشّࣸ ࡼلتِّيبࣸ عࣽمٜيمَتَا,عٜهرْجࣸدٜسٜفٜنيجِ وَالَيَمَشْ ࡼلتِّيبࣸ عࣽجٜيمَتَا
اࢽذوثِيا,اࢽذوࢽ
أَرْزِڧِࢽْمࣸ يَڟَاغَ دࣸوڟٜىٰ    تࣸࢽْدَࢽَجَّٜبٜىٰ ࢽَڟَّڟٜىٰ,أَرْزِڧِࢽْمࣸ يَصَاغَ دࣸوڟٜيٰ  تࣸࢽْدَعَڢَّبٜيٰ ࢽَڟَڟٜيٰ
وبعضهم رجم التاويل ڢيه على ؞ اصل الغواعدڢاسلک  نحهاتمل,وبعضه رجم الناويل ڢيب على ؞ اصل الفواعدڢاسلک نحهانمل
تَادَشِي إِࢽْ زَيْيِ صَلاَّ بَࢽْدَمَاتَامَاتَا مَاسࣸ خَِيْضَا,تَادَشِي إِࢽْ زَيْيِ صَلَّبَࢽْدَمَاتَامَاسࣸ خَيْکَا
18,1
کَلَ کࣸوطٜ نࣽحࣸوَّرِحࣸورٜمࣸعࣸࢽْ تࣸمَ هࣸورٜتَجَادٜىَ هࣽورٜ جࣽبࣽو,کࣽلَ کࣸوطٜ عࣽوَّࢽِ حࣸورَ مࣸعࣸࢽْتࣸمَ هࣸورٜتَجَادٜىَ هࣸورٜجࣸبࣸرْ
مذغب سࢽغ ࢽصي مࢽغ دِحر    ذمايو غام غاياࢳࢽ ࢽصارا,مذغب سࢽغ ࢽصم مࢽغ داحر ذمايوغام غايابࢽ ࢽصرا
کࣸوْاکࣸطِࢽْ مَهَڧَاأَࢽَاشي     کَࢽْ ثِرٜىٰ سَيْوَࢽْدَبَاشِي,کࣸوْاْکࣸطِࢽْ مَهَڧَاأَࢽَاشِي  کَࢽْ ثِرٜيٰ سَيْوَࢽْدَبَاشِي
إِࢽْکࣸو کَࢽَادَطَ ڧࣸوڧَرِي بِسَ کَࢽْ سَࢽِي  سࣸڟَࢽٰٜکَ وَيْکَيْ ذَاکَثِࢽْيٜيٰ مࣸتّاࢽٜي,إِࢽْکࣸوکَࢽَادَطَ ڧࣸوڧَرِي بِسَ کَࢽْ سَࢽِي  سࣸڟَࢽٜيٰکَ وَيَکَيْ ذَاکَثِࢽْٜيٰ مࣸتَاࢽٜيٰ
مَاسࣸوثَاثَادَمَيْ کࣸرْݒَرْغِيَا   أَلْحَکِࢽْ سࣸو يَࢽَاثَࢽْ أَࢽْڟِبٜيٰ,مَاسࣸوࢽَاتَادَمَيْ کࣸرْبَرْغِيَا  أَلْحَکِࢽْ سࣸويَࢽَاثَࢽْ أَࢽْڟِيٜيٰ
9,1
کَبِ سࣸࢽَّهْ بَادَ کَࢽْغَرَابَا,کَبِ سࣸࢽَّمْ بَادَکَࢽْغَرَابَا
11,1
اࢽ الکࢽ,1
غࣸوبٜيٰ ثَࢽْ لاَخِرَاأَسَاشِ ڧࣸڧࣸمِي    أَيْڢَ اَلْڧَاضِ إِࢽْڢَ يَاسَاکٜيٰ حࣸکࣸمِي,غࣸوبٜيٰ ثَࢽْ لَاخِرَاأَࢽَاسَاشِ ڧَغࣸمِي  أَيْڢَ اَلْڧَاضِ إِࢽْڢَ يَاسَاکٜيٰ حࣸکࣸمِي
مࣸمْتࣸوبࣸويࣸواَمࣸمْتى مَجّٜرٜ> وࣸمْنࣸورٜجِعْلٜ طمستاک طبمتتا,مࣸمْتࣸودࣸوڢࣸواجࣸمْتَ مَجَّرْ دࣸمْنࣸورجٜعْلٜ عٜمسْتَاکࣸعْمَيٜمَتَتا
غࣸࢽْ رࣸوَࢽْ أَࢽْسࣸوامَغَرْيَا    کࣸواْأَسَاأّثِکِࢽْ تࣸکࣸࢽْيَا,غࣸࢽْ رࣸوَࢽْ أَࢽْسࣸوامَڧَرْيَا  کࣸوْاْأَسَاأَثِکِࢽْ تࣸکࣸࢽْبَا
کࣸوکَجِ تَاثٜيٰ ذَاتَ کَتَࢽࣸوا کࣸوکَجِ تَاثٜيٰ مِرْسِي ذَاتَا,کࣸوکَجِ تَاثٜيٰ ذَاتَ کَتَࢽࣸواْ  کࣸوکَجِ تَاثٜيٰ مِرْمِي ذَاتَا
7,1
يَارࣸڢٜىٰࢽِ کَمَرْدَࢽِيࢽَا    ذَاشِ خَيرࣸالْحَاکِمِيࢽَ,يَارࣸڢٜيٰࢽِ کَمَرْدَࢽِيࢽَا  ذَاشِ خَيْرࣸالْحَاکِمِيࢽَ
رَبَّࢽَاکَيَوَيْتَ جِࢽْڧَىْ    غࣸࢽْ مࣸحَمَّدࣸشِدَاَلَىْ,رَبَّࢽَاکَيَوَيْتَ جِࢽْڧَيْ غࣸࢽْ مࣸحَمَّدࣸشِيدَاَلَيْ
وࢽس,وࢽس
بَأبَاکࣸ رَبࣸوْاألَاخِرَابَا,بَأَبَاکࣸ رَبࣸوْاْأَلَاخِرَابَا
تَدْدَشِ کࣸوْاکࣸوايَهࣸودَࢽْ    تَدْدَشِي کࣸوْاکࣸوْامجࣸوسَࢽْ,ࢽَددَشِ کࣸواْکࣸواْيَهࣸودَࢽْ تَدْدَشِيي کࣸواْکࣸوْامَجࣸوسَࢽْ
کࣸودَيْ کࣸدࣸوبِي ࢽࣸڢِي بَاࢽِڢَاڧَا,کࣸودَيْ کࣸدࣸوبِ ࢽࣸڢِي بَاخِڢَاࢽََ
7َ,1
Printed by,د
هَکَذَارِىَ مَادَسَتَا حسَّدَاڧَوْاْثٜىٰ دَڧٜىٰتَا,هَکَذَارِيَ مَادَسَاتَا  حَسَّدَاڧَوْاْثٜيٰ دَڧٜيٰتَا
أکَثٜىٰ بَاذَاعَ تَارࣸوَابَا,أَکَثٜيٰ بَاذَاعَ تَارࣸوَابَا
إِمْبَادَرَبࣸࢽْ يَشَابࣸغࣸوبَا,إِمْبَادَرَبࣸࢽْ بَشَابࣸغࣸوبَا
لِيْتَࢽِࢽْ مࣸکَ ڢَارَسَاتَ    أعَسَشِࢽْ هِجْرَامࣸکَيْتَ,مِيْتَࢽِࢽْ مࣸکَ ڧَارَسَاتَ  أَعَسَشِࢽْ هِجْرَامࣸکَيْتَ
عٜبَدّࣸ للَبࣸدࣸ وَ سࣸنَنࣸهࣸ‏ࣹ سࣸنَّا جِ طِࢽْ سَبْعَةࣻ کࣽطِ جٰٜطࣶطࣶ,عٜبَدّࣸکَبࣸدࣸوَسࣸنَنْهࣸ سࣸنَّاجِ طِࢽْ سَبٜعَةࣻࣸکࣽطِ جٜيطࣶطࣶ
کࣸبَرْثِࢽْ رِبَا کࣸمَ کࣸࢽجِ دࣸࢽْ اَللَّهࣸ يَࢽْعࣸوَا ؞  کَذَادࣸوکِيَاتَمَرَايَ ِࢽجِ مࣸحَمَّدَا,کࣸبَرْثِࢽْ رِبَکࣸمَ کࣸࢽْجِ دࣸࢽْ اَلَّه يَࢽْعࣸوَا ؞  کَذَادࣸوکِيَاࢽَمَرَايَ إِࢽْجِ مࣸحَࣸمَّدَا
ثَࢽْ ڢَکࣸوْا غَإيَاتَکࣸوَايَا     إِࢽْکَ سَامَتَ تَيِّ کࣸمْيَا,ثَࢽْ ڢَکࣸوْاْغَإِيَاتَکࣸوْايَا  إِࢽْکَ سَامَتَ تَيّࣸ کࣸمْيَا
2,6
کࣸوْاصَلَاتِ الْڢَاتِحِ ࢽٜىٰ      سَوْطَرِي عࣸکࣸ ذَکَ جَاࢽٜىٰ,کࣸوْاصَلَاتِ لَلْڢَاࢽِجِ ࢽٜيٰ  سَوْطَرِي عࣸکࣸ ذَاکَ جَاࢽٜيٰ
دࣸکْ يَݣࣸاشٜىٰ حَرْأڧَارَا    مَيْدَوَࢽْسࣸ کࣸطِي ڟِرَارَا,دࣸکْ يَکࣸاشٜيٰ حَرْأَڧَارَا  مَيْدَوَࢽْسࣸ کࣸطِي ڟِرَارَا
ڢَصْلࣸࣸ مَالَمْ طَࢽْ عَبْدࣸالرَّاـࣸوڢࣸ,ڢَصْلࣸ مَّالَمْ طَࢽْ عَبْدࣸالرَّرࣸوڢࣸ
دَإِيکࣸࢽْسَ اَلرَّحْمَٰࢽࣸ يَايِ مࣸحَمَّدࣸ؞ يَيِوشِ دَࢽْ دَاتِࢽْسَ سَرْکِي مࣸحَمَّدَا,دَاإِيکَࢽْࢽْسَ اَلرَحْمَࢽࣸ يَامِ مࣸحَمَّدࣸ ؞ِ يَوࣸوشِ دࣸࢽْ ذَاثِࢽْسَ سَرْکِي مࣸحَمَّدَا
يَوْڢَ وَاڧَاتَاتَڧَيْتَا    کࣸلّࣸهَاسِتّࣸوࢽَ بَيْتََا,يَوڢِ وَاڧَاࢽَاتَعَيْتَا  کࣸلْمَامِڧَّوࢽَ يَيْࢽَا
کَرْکَ مَىْ لَڧَبِي دَدࣸواْکِ    کࣸواْکَمَرْدَمࣸواْکࣸوْسࣸذَاکِ,کَرْکَ مَيْ لَڧَبِي دَدࣸواْکِ  کࣸوْاْکَمَرْدَمࣸوْاْکࣸواْسࣸذَاکِ
مࣸودَيْ مࣸࢽَاڧَوْࢽَرْکَ بَابَࢽْ ڢَاطِمَهْ   دࣸکَّࢽْ مࣸسࣸلْمِي أَلْجَࢽࣸو دَمࣸتَاࢽٜيٰ,مࣸودَيْ مࣸࢽَاڧَوْࢽَرْکَ بَابَࢽْ ڢَاطِمَهْ  دࣸکَّࢽْ مࣸسࣸلْمِي أَلْجَࢽࣸودَمࣸتَاࢽٜيٰ
وَࢽْدَدࣸکْ يَذَّ،ࣸوشِࢽَاسࣸ سَلاَمَا    ࢽَࢽْدَثَࢽْ غࣸوبٜيٰ سَيْ شِبَرْيِࢽْ ظَلاَمَا,وَࢽْدَدࣸکْ يَذَّمࣸوشِࢽَاسࣸࢽْ سَلامَا   ࢽَࢽْدَثَࢽْ غࣸوبٜيٰ سَيْ شِبَرْيِࢽْ ظَلَامَا
کِنَادٜوالاِسْتِنسَارࣸعٜجِتِّتَادٜ وَمَسْحࣸ ࡼ للّࣸذْنَيْࢽِ,کِنَادٜ وَاطِسْتِنْسَارࣸعٜجِتِّتَادٜوَمَسْجࣸ ࡼللَّذْنَيْرِ
کࣸدࣸوبَادَلِيلَيْ ثَيْ غَءَايَرْ تَڧࣸرْءَاࢽࣸ ؞ دَإِتَاذَاکࣸوࣸلࣸورَدَإيکࣸࢽْسَ سَرْمَدَا,کࣸدࣸوبَادَلِيلَيْ تَࢽْ غَطَايَࢽْ تَغࣸرْدَالࣸ ؞  دَاتَاذَاکࣸوࣸولࣸورَادَإِيکࣸࢽْسَ اَرْمَدَا
بعدکاتبه يࢽجوا مࢽ الࢽار,ا
سࣸکَسَامَدَاڢٜࣸوࢽَيْ غَبَࢽْسࣸ غࣸࢽِࢽْ يَوَا ؞  دࣸومِࢽْ سࣸکَسْ مَهْدِدَجَمَعَرْ مࣸحَمَّدَا,سࣸکَسَامَدَأڢࣸوࢽَيْ غَبَࢽْسࣸ غࣸࢽِࢽْ يَوَا ؞  دࣸومِࢽ سࣸکَسْࢽْ مَهْدِ دَجَعَࢽْ مࣸحَمَّدَا
أَيْ بَتَيْ لَيْڢِي وَجَࢽْ مِجِيبَا,أَيْ بَتَىْ لَيْڢِي وَجَࢽْ مِجِيبَا
کَرْکَغَا تَاࢽࣸوࢽْ کَࢽْ طَࢽْ تَکٜي سࣸواْ أکࣸوَيَّ کࣸدَدَا مادَلاَثٜي تَࢽْ سࣸواْ,کَرْکَڧَاتَاࢽࣸوࢽْ کَࢽْ طَࢽْ تَکٜيٰ سࣸواْ  أَکࣸوَيْ کࣸدَدَامَادَلَاثٜيٰ تَࢽْ سࣸواْ
غَمَاوَرَسࣸولَ اللَّهِ يَاثٜي أَبِيشِ دࣸکْ ؞  مࣸتَاࢽٜيٰ دَأَࢽْجَࢽّࣸوا بَأَرٜغٜي کࣸوغࣸدَا,غَمَاڢَ رَسࣸولَ اَللَهِ يَاثِ أَبِيشِ دࣸدَ ؞  مࣸتَاࢽٜيٰ دَأَجَّࢽّࣸوا بَارِࢽٜي کࣸوغࣸدَا
شِي أّيَايِࢽْ رَايࣸوَࢽْسࣸ    سَيْ شِرَايࣸوأّعَرْزِڧِࢽْسࣸ,شِي أَيَايِࢽْ رَايࣸوَࢽْسࣸ  سَيْ شِرَابࣸوأَعَرْزِڧِࢽْسࣸ
17,1
ثم المفادير ڢيه الله يعلمها ؞ صدڡ بماجاء تسلک اعدل السبل,ثم المفاديرڢيه الله يعلمها ؞ صدڡ عاجاء تسلک اعدل السبل
غَبَࢽْتࣸوبَاوࣸرِࢽْ ڢِتࣸوبَا,غَبَࢽَتࣸوبَاوࣸرِࢽْ ڢِࢽࣸوبَا
نعم,4
٣٤ يَاڢِ کࣸواْوَا ڢَيْ دَبٜࣸويٜيٰ  أَيْکࣸوشِ دࣸهࣸو يََيَايٜيٰ,٥ِࣸ يَاڢِ کࣸوْاْوَاڢَيْ دَيࣸويٜيٰ  أَيْکࣸوشِ دࣸمࣸربَبَايٜيٰ
بِحَمْدِاللهِ وَالصَلَاةࣸ و,بِحَمْدِ لهِ وَالصَلَةࣸ وَاسَلامࣸ
دَࢽْ حَکَ مَاتَا بَاءبِيٜيٰمَسࣸ   إِࢽْ کَجِ سࣸࢽْ مَّغَࢽَاکَأَجٜيٰتَا,دَࢽْ حَکَ مَاتَابَاءَبِيٜيٰمَسࣸ إِࢽْ کَجِ سࣸ مَّغَࢽَاکَأَجٜيٰتَا
9,1
يَاکَسَ بَابِي ڢَࢽِّي ڢَࢽِّي يَيْ مَتَلوْتَايࣽتِي مَودَاتَا,يَاکَسَ بَابِي ڢَࢽِيي ڢَࢽِّي  يَيْ مَتَلَوْتَايٜيْ مَوَدَاتَا
وَࢽَدَيَايِي هَࢽِي سࣸڢَاسَ   وَࢽْدَيَاڧِمَ شࣸوغَبَࢽْسَ,وَࢽْدَيَايِي هَࢽِي سࣸڢَاسَ  وَࢽْدَيَاڧِمَ شࣸوغَبَࢽْسَ
جࣸوتَاطٜ جࣽنْجِ وَفَالَ رَسࣸولࣸ ࡻللَّهِ نࣸلاَطࣸ أَلَّ مَاکِ,جࣸوتَاطࣸ جࣽنْجِ وَفَالَرَسࣸولَࡻللَّهِ نࣸلاَةࣸࡶَلَّمَاکِ
14,1
وَاڧَرْإࢽْڢِرَاجِ تَهࣸطࣸ,وَااڧَرْإِࢽْڢَرَاجِ تَهࣸطࣸ
افول هذاونڢسى نى على ملة ؞ بکل بما فلت ليت الفول لم افل,افول بعذاونڢسى عل عل بة ؞ بکل مافلت ليت العول لم افل
کذاالتعددلا المعلوم يوجب بل هو متحدبالوصڢ ڢى الازل,ک التعددلا المعلوم يوجبه على هومتحدبالوصة ڢى الال
بَسࣸ سَࢽْ کࣸواْسࣸࢽْ مِوَاڢَڧَابَا,بَسࣸ سَࢽْ کࣸواْسࣸࢽْ مࣸوَاڢَڧَابَا
11,1
عٜوࣽسْبࣵادٜوَالاِسْتِنسَاڡࣸ عٜشࣸرْکِنَادِ,عٜوࣽسْبَادٜوَالِسْتِنْسَاوࣸعٜنࣸࢽْ کࣸࢽَادِ
دَاَبِࢽْدَبَذَيْىِ ڢَاإدَابَا,دَأَجِࢽْدَبَذَيْيِ ڢَاءِدَابَا
طِطَ بࣽعࣽࢽْ أَلصَّلاَةࣸکࣽجࣸلدٜوَالثَّالِثَةࣸتَتَ بࣽعࣽࢽْ,طِطَبࣸعࣽرْࡶَلصَّلاةࣸکࣽجࣸلْدٜوَلثَّالِتةࣻنَتَ جࣸعࣸࢽْ
ڢَيَايَࢽْاءࣸوَادࣸکْ مࣸطࣸرْثِ عࣸبَࢽْغِجِ ؞  مࣸکَامَ ڢَ سࣸࢽَّ کࣸࢽْجِ سَمْرِࢽْ مࣸحَمَّدَا,ڢَيَايَࢽَاءࣸوَادࣸذْمࣸطࣸرْثِ عࣸبَࢽْغِ ؞ مࣸکَامَ ڢَسࣸࢽَّ کࣸࢽْجِ سَمْرِࢽْ مࣸحَمَّدَا
أَيْ أࣸوَاکٜيٰ جَامَ طَࢽْتَ   هَلَّکَادࣸومِࢽْ حَلِࢽْتَ,أَيْ أࣸوَاکٜيٰ جَامَ طَࢽْتَ   هَلَّکَادࣸومِࢽْ حَلِࢽْتَ
سَيْکࣸوسࣸتࣸوبَ سࣸکَامَ ذَࢽْثٜي ࢽَمࣸࢽْتَظَرْ ؞ سَأَّࢽَّࢽْ سࣸࢽْسَمْ ثٜتࣸواغَأَࢽَّبِ أَحْمَدَا,سَيْکࣸوسࣸتࣸوبَ سࣸکَامَ ذَࢽْثٜيٰ ممࣸتَظَرْ ؞  سَأَࢽَ سࣸࢽْسَرْثٜتࣸواڧَأࢽَِّ أَحْمَدَا
وڢيل لا اذيرى لعذاتوافڢى ؞ على الدلالةبالتصديڡ لله سل,وفيل لاذيرى هذانوفڢه ؞ على الدلاله بالتصديڡ للم سل
بِسْمِ اِللَّهِ رَبَّࢽَا بَاࢽِي سّاَءَ  زَࢽْوَاڧَرْ وَطَࢽْدَ بَاسَا صَࢽَاعَ,بِسْمِ اللَّهِ رَبّࢽَابَاࢽِي سلءَ  زَࢽْوَاڧَرْوَطَࢽْدَبَاسَاصَࢽَاعَ
دࣸولٜي عَشَاجِࢽْࢽْ جِکِيمَࢽْ عَشٜي مَيْ  أّعِࢽْا ذَايَسَࢽْ کࣸطِي بَيْ صَࢽَاعَ,دࣸولٜي عَشَاجِࢽِࢽْ جِکِيمَࢽْ عَشٜيٰ مَࢽْ أَعِࢽَاذَايَسَࢽْ کࣸطِي بَيْ طَࢽَاعَ
سࢽد,علد
3,1
کࣸومَى کَڢِطَابَعَامࣸسَابَا,کࣸوْمَيْ کَڢَطَابَعَامࣸسَابَا
ڢصل ت الغدرة,ڢصل نه الڧدرة
دࣸࢽْ کَدَکࣸتَتَّا کٜڢَ بَايِࢽْ عࣸبَࢽْغِجِ ؞  شِيمَاحَدِيشِ ࢽٜي کࣸسَوْرَارِ ڢَاءِدَا,دࣸࢽْکَدَکࣸࢽْتَاکࣸڢَ بَايِࢽْ عࣸبَࢽْغِجِ ؞  شِيجَاکَدِيشِ ࢽٜي کࣸسَوْرَارِڢَاءِدَا
مࣸحَمَّدࣸبَکَايِى سࣸجَدَابَا,مࣸحَمَّدࣸبَکَايِي سࣸجَدَابَا
سࣸوࢽَاࢽاَ محَمَّدࣸ الثَاࢽِي طَࢽْغَاࢽِ   غَرِࢽْمّࣸو کَࢽَاثِغِيَاتَا,سࣸوࢽَاࢽَامࣸحَمَّدࣸ التَّاࢽِي طَࢽْغَاࢽِ  غَرِࢽْمࣸو کَࢽَاثِغِيَاتَايِ
أَوࣸتَابَامَاسࣸ تَبَّتَابَا,أَوࣸتَابَامَاسࣸ تَبَبَتَابَا
بل باجتناب لهاتمحى صغابى نا ؞ کمانجازى باضعاڡ عࢽ العمل,بل باجتناب لهاتمى مفابير ن ؞ کاخازى باضعاڡ عࢽ العل
11,1
طَࢽْْسࣸواْ بَيْيِي کَرَاتࣸواْ غࣸࢽْسࣸبَا   سࣸࢽْکَاسَ ذَمْࢽٜيٰ سࣸࢽَاݣࣸطَيِࢽْ مِيَا,طَࢽْسࣸواْبَيْيِي کَرَاتࣸواْ غࣸࢽْسࣸبَا  سࣸࢽْکَاسَ ذَمْࢽٜيٰ سࣸࢽَاکࣸطَيࢽْ مِيَا
تَࢽَ يِي تَࢽَ طَغَ عٜࢽْ کَڢَطَا  کَمَرْ وَࢽْدَ يَاشِغَ ڢِيلِࢽْ کِطَا,تَرَيِي تَࢽْ طَعَ عٜࢽْ کَڢَطَا  کَمَرْوَࢽْدَ يَاشِغَ ڢِيلِࢽْ کِطَا
سَىْ سࣸݒَاتَ جِرَاجِرَࢽْسࣸ   دࣸکْ سࣸغِرْمَ ثِکِࢽْ حَلِࢽْسࣸ,سَيْ سࣸبَاتَ جِرَاجِرَࢽْسࣸ  دࣸکْ سࣸغِرْمَ ثِکِࢽْ مَلِࢽْسࣸ
وَࢽَّࢽْ ڢَطَاأَيْ بَاوَلِيِّ دَيَايِ تَا ؞  يَثٜيٰ کࣸࢽْجِ ࢽٜيࢽٜي مَهْدِ بَرْدٜࢽْ مࣸحَمَّدَا,وَࢽَّࢽْ ڢَطَاأَيْ بَاوَلِيّ دَيَامِ تَا ؞  يَثٜي کࣸࢽْجِ ࢽِيࢽٜࢽ مَهْدِيَرْدِࢽْ مࣸحَمَّدَا
يَدَّمَالَمْ يَىْ إِبَارَا    وَىَ أبِࢽْدَکَسَاحَسَارَا,يَدَّحَالَمْ يَيْ إِبَارَا  وَيْ أَبِࢽْدَکَسَاحَسَارَا
دࣸومِࢽْ دَىْ رَࢽْسࣸ بَىْ ࢽَڟَابَا,مَدࣸوْمِࢽْ دَيْ رَࢽْسࣸ بَيْ ࢽَڟَابَا
ذࣸوثِيَرْکࣸ تَڧَارَذَاڢِي    کࣸواْوَࢽٜيٰ شِتࣸࢽَادَلَيْڢِي,ذࣸوثِيَرْکࣸ تَڧَارَذَاڢِيى  کࣸوْاْوَࢽٜيٰ شِتࣸࢽَادَلَيْڢِي
سَيْ يَثٜيٰ مَسَ أَيْ حَلِيࢽٜيٰ  ࢽَاتَڢࣸواࢽَسَࢽَرْدَکࣸوࢽٜيٰ,سَيْ يَثٜيٰ مَسَ أَيْ حَلِيࢽٜيٰ  ࢽَاتَڢࣸواْࢽَسَࢽَرْدَکࣸوࢽٜيٰ
اَللَّهࣸ مࣸࢽَارࣸڧࣸودَدَرَجَ الْمࣸحَمَّدࣸ ؞  کَسَࢽِيَّ بَصِيرَاࢽَيْ ذࣸکَاتَمّࣸ سَرْمَدَا,اَللَّهࣸ مࣸࢽَارࣸڧࣸودَدَرَجَࢽْ الْمࣸحَمَّدࣸ ؞  کَسَࢽْيْ يَصِييَاࢽَࢽْ ذࣸکَاتَمّࣸ سَرْمَدَا
مَاسࣸ مَيْدَ غِيَادَشَايِ طَࢽْ دَسࣸوجَمَعَا کَکࣸواْيِ,مَاسࣸ مَيْدَِْيَادَشَايِ طَيْ دَسࣸوجَمَعَاکَکࣸومْي
دَزࣸوَاࢽَس بَيْىِ شٜىٰکَرَابَا,دَزࣸوَاࢽَسَ بَيْيِ شٰٜکَرَابَا
سَࢽْدَکࣸواْيَاتَتَّرَاتَا    بَاشِ سࣸوࢽْ ڟࣸغࣸࢽࣸوشِهࣸوتَا,سَࢽْدَکࣸواْيَاتَتَّرَاتَا  بَاشِ سࣸوࢽْ ڟࣸغࣸࢽࣸوشِهࣸوتَا
تࣸتࣸبْ کࣸوثِکِࢽْ شَاوَاداسارَوَادࣸکَ   مࣸࢽَايِي ثِکِࢽْ اَلْجَࢽَّ مࣸࢽْغَ مࣸحَمَّدَا,تࣸتْࣸ کࣸوثِکِࢽْ شَاوَادَسَارَوَادࣸکَ  مࣸࢽَايِي ثِکِࢽْ اَلْجَّرَّمࣸࢽْغَج مࣸحࣸمَّدَا
إࢽْ ذَتࣸࢽْدَ يکٜىٰ حَلَسْ ࢽٜىٰ    غࣸࢽْسَ تَابٜىٰوَرْرَبࣸواْࢽٜىٰ,إِࢽْ ذَتࣸࢽْدَيَکٜيٰ حَلَسْࢽٜيٰ  غࣸࢽْسَ تَابٰٜوَرْرَبࣸواْࢽٜيٰ
رَࢽْدَدࣸکْ تَاکَرْبِ أيْکِ    بَاتَ ڧَوْࢽَرْلٜىٰوطَاکِ,رَࢽْدَکࣸ تَاکَرْبِ أَيْکِ  بَاتَ ڧَوْࢽَرْلٜيٰوَطَاکِ
والال والصحب ثم التا بعير لهم ؞ ممࢽ عࢽ الحڡ والاحساࢽ لم يحل,ڢل ل والصحب ث الاࢽ لم مࢽ مࢽ الڡ والاحساࢽ عم يل
مࢽادࢽڢا ادࢽ مࢽسام ايکو    مجاداغامکوري اࢽصارا,مࢽادࢽڢاادࢽ مࢽسام يکو مجاداغامکوري اࢽصارا
6,6
دَوࣸشِرْيَابَاتَڢَمْڢَرَابَا,دَوࣸشِرْيَابَاتَڢَمْڢَرَابَا
سࣸࢽْغَاءَايَا سࣸࢽْڧِِ ڢَطِيࢽَتَا    سࣸࢽييِ مَاتَاسࣸࢽْڧِ ڟَرِيࢽْسࣸوَا,سࣸࢽْغَادَايَاسࣸࢽْيِ ڢَطِيࢽَتَا  سࣸࢽْيِي مَاتَاسࣸࢽْيِ طَرِيࢽَسࣸواْ
دࣸکْ مࣸتࣸمْ کٜيٰࢽَࢽْ شِکٜيٰجِي  غَاوࣸتَاتَاجٜيٰڢَ حࣸرْجِي,دࣸکْ مࣸتࣸمْ کٜيٰࢽَࢽْ شِکٜيٰجِ  غَاوࣸتَاتَاجٜيٰڢَ حࣸرْجِي
بَاأَࢽٜيٰسَبَ غَامَڧٜيٰ رَا  بَابࣸ کࣸواوَبَࢽْدَکَوْرَا,بَاأَࢽٜيٰسَبَ غَامَڧٜيٰرَا  بَابࣸ کࣸواْوَابَࢽْدَکَوْرَا
سࣸتْڢِ جِࢽْ مَغَࢽَرْ کِلاکِ    بَاسࣸيِࢽْ أَوْرَٜىٰ ࢽَکِرْکِ,سࣸتْڢِ جِࢽْ مَغَࢽَرْکِلَاکِ  بَاسࣸيِࢽْ أَوْرٜيٰ ࢽَکِرْکِ
کڟَرٜيٰمࣸي دَمَاسࣸ غَابَا دَشِ,کَکَرٜيٰمࣸ دَشِي دَمَاسࣸ غَابَا
تمت بحمد,تمتبم
مࣸسَالِ أَکٜيٰ مَکَ شِرْيٜسࣸ کَاجِيَا ؞  کَدَࢽْ کَاڧِيَاڢَ کࣸجِي وࣸتَاکࣸمَ سَرْمَدَا,مࣸسَاࢽِ أَکٜيٰ مَکَ لَشِرْيسࣸ کَاجِيَا ؞  کَدَࢽْ کَاڧِيَاڢَ کࣸجِي وࣸتَاکࣸمَ سَرْمَدَا
َِِاَبࢽثى ابࢽشاحَرامَ غريسࣸ    ࢽى اِدَࢽْ يَࢽغَتࣸوبَاشِࢽَايࢽ زࢽَا,سِبِࢽْثِي أَبتْشَاحَرَامَ غَرسࣸييدَيَڧتࣸوبَاشِࢽَايِࢽ زِࢽَا
(29) Hausa poetry,صلدممpر
تَجِدْ هࣸ طࣸࢽْ بٜيْدَتَامࣽ ࡹِلاَّبࣸعْدًامِّࢽَ ࡻللَّهِ کࣽوَنَا,تَجِدْطࣸ طࣽࢽْ بٜيْدَنَامࣸࡹٜلاَّبْࣸدَࡶَمِّرَاللَّهِ کࣸوَࢽَا
دࣸکْ مࣸغࣸࢽْتْاثٜيٰ حَلِࢽْسࣸ    ڧٜيٰ ڧَشٜيٰوَرْذࣸوثِيرْسࣸ,دࣸکْ مࣸغࣸࢽْتَاثٜيٰ حَلِࢽْسࣸ ڧٜيٰ ڧَشٜيٰوَرْذࣸوثِيَرْسࣸ
ڢال تعلىٰ مࢽ مضعى ا,ڢاوتعلم
سَيْ إِࢽْبَاذَاتَسَامࣸوابَا,سَيْ إِࢽْبَاذَاتَسَامࣸوَابَا
وَطَࢽَّࢽْ ڢَ أَيْ سࣸوࢽٜيٰ بَݣࣸيْ وَࢽْدَيَا ڢَطَا ؞  کࣸلࣸورَادَسࣸوتࣸوکࣸࢽجِ ذَࢽْثٜࢽْ مࣸحَمَّدَا,وَطَࢽَࢽْ ڢَأَيْ سࣸوࢽٜيٰ بَکَيْ وَࢽْدَيَاڢَطَا؞  کࣸلࣸورَادَسࣸوتࣸوکࣸࢽْجِ ذَࢽْثٜيٰ مࣸحَمَّدَا
دࣸࢽْ حَلِࢽْسࣸ ࢽَرࣸوطࣸوَاࢽٜىٰ    کࣸوْأࣸوَرْسَ دَطَࢽْ بِدَاࢽٜىٰ,دࣸࢽْ حَلِࢽْسࣸ ࢽَرࣸوطࣸوَاࢽٜيٰ  کࣸوْاْأࣸوَرْسَ دَطَࢽْ بِدَاࢽٜيٰ
کَاجِکٜوْتَادَطَاڢَ دࣸࢽْ کَغࣸوࢽٜيٰ وَࢽْدَيَذَمْ أِمَا،ࣸ دࣸࢽْ ثِࢽْ مࣸتَاࢽٜيٰ,کَاجِکࣸوْتَادࣸطَاڢَ دࣸࢽْ کࣸرْکَغࣸوࢽٜيٰ  وَࢽْدَيَذَمْ إِمَامࣸ دࣸࢽْ ثِࢽْ مࣸتَاࢽٜيٰ
بل لم نشاهدسوى منع لمغتدر ؞ فداتفࢽ المنع ت علو ومنسڢل,بل لم نشاهدسوى صنع لفندر ؞ فداتفࢽ الصنع ت علوومنسڢل
طَࢽْ دࣸودࣸووَاوَ مَرَسْ مَڢَطِي کَتࣸوبَا غَ اللَّهْ کَبَرْ مَڧࣸطِي,طَࢽْ دࣸودࣸووَاوَمَرَسْ مَڢَطِي کَتࣸوبَاغَ اَللَهْ کَبَرْ مَڧࣸطِي
شِذࣸبࣸواْ مَسࣸ بَاثِکِࢽْ شِرِيْبَا,شِذࣸبࣸواْمَسࣸ بَاثِکِࢽْ شِرِيبَا
بَاتَسࣸواْکَࢽْ کِيشِيَࢽْتَا    غࣸࢽْ مِجِ دࣸومِࢽْ يَڧِيتَا,بَاتَسࣸواْکَࢽْ کِيشِيَࢽْتَا  غࣸࢽْ مِجِ دࣸومِࢽْ يَڧِيتَا
وَࢽِکࣸو يَࢽَا ڟࣸورࣸࢽْعَثٜي رࣸوڧࣸو يَکٜي,وَࢽْکࣸويَࢽَاغࣸورࣸࢽْعَثٜيٰ رࣸوࣸويَکٜ
دَࢽْ الࢽَّبَاوَاسࣸࢽْيِ أّوْضٜيٰ دَࢽْ کࣸجِي   سࣸࢽَّرْ مࣸحَمَّدࣸثٜيٰ مࣸتࣸمْ شِيِ أَوْرٜيٰ,دَࢽْ اَلࢽَّبَاوَاسࣸࢽْيِ أَوْضٜيٰ دَࢽْ کࣸجِي سࣸࢽَّرْمَحَمَّدࣸثٜيٰ مࣸتࣸمْ شِي أَوْرٜيٰ
ڢصل نا حکم ا لاما مة,ڢصل نا حکم الامامة
صکتو,مکتو
16,1
مَيْڢَ ذَࢽْبَسّࣸ مَيْࢽࣸڢِࢽْ کَوْمࣸغࣸࢽْتَا   دࣸدَّکࣸومَيْ شِغَاڟَکَاࢽِࢽْ ذࣸمࣸࢽْتَا,مَيْڢَ ذَࢽْبَسࣸ مَيْࢽࣸڢِࢽْ کَوْمࣸغࣸࢽْتَا   حࣸدَّکࣸومَيْ شِڧَاڟَکَاࢽِࢽْ ذࣸمࣸࢽْتَا
شَࢽْ شِغَارِسَيْ کِلَاکِ    ࢽَࢽْ ࢽࣸڢَرْسࣸ تَکَࢽْڢِ أَوْکِ,شَࢽْ سِغَاِرسَيْ کِلَاکِ  ࢽَࢽْ ࢽࣸڢَرْسࣸ تَکَࢽْڢِ أَوْکِ
ࢽَاڢَطِ ءَايࣸوايِࢽْکَ جَلَّ عࣸبَࢽْغِجِ ؞  بَسࣸ کَرْݒِ ذَࢽْثٜࢽْ ࢽَابَ دࣸࢽْ ڧِࢽْ مࣸحَمَّدَا,ࢽَاڢَطِ دَايࣸوايِࢽْکَ جَلَّ عࣸبَࢽْغِجِ  بَسࣸ کَرْبِ ذَࢽْثٜيٰ ࢽَابَ دࣸࢽْڧِࢽْ مࣸحَمَّدَا
بمثل ذاکڢر واکڢرالذيࢽ نڢوا ؞ اعادة مطلڢا و ناالکتا ب تل,مثل داکڢر واکڢر الذيࢽ نڢوا ؞ اعادة مطلفاونا الکتاب تل
مَاسࣸ لَيْڢِي مَاسࣸوَاڧَا    ذَاسࣸ تَاشِ دَرٜىٰ يَميْڧَا,مَاسࣸ لَيْڢِي مَاسࣸ وَاڧَا  ذَاسࣸ تَاشِ دَرٜيٰ يَمِيڧَا
لࣸنفِࢩْطࣽ عࢽ وِرْدࣸوجِ شَيْخࣸ عࣽرٜوْنِعٜࢽ لاَوࣽلْ بَوٍيفࣽلْ ڢٜيوࣸفࣽلْ عٜࢽ مَجَّتَا,مࣸنفِنْطࣸ عࣸى وِرْدࣸوجِ شَيْخࣸ عࣸروْنِعِࢽْدَوࣸلْ نٜويٜفࣽلْ ڢٜيوࣸفࣽلْ عٜ مَجَّتَا
بَيَکَࢽْ ࢽْڟَ ذࣸوثِيَرْ مِجِيبَا,بَيَکَࢽْ ࢽَڟَ ذࣸوثِيَرْ مِجِيبَا
مࣸرࣸوکِ تَعَالَى شِبِيشٜىْ حَيَا   شِڢشٜى مࣸعَيکِࢽ مࣸتَاࢽٜى زِࢽَا,مࣸرࣸوکِ تَعَال شِبييثٜيࣸ حَيَا شِڢِثٜي مࣸعَيکِࢽ مَتَاࢽٜى زِࢽَا
بَأڢِيشِ يَوَࢽْ تَکَبّࣸرَابَا,بَأَڢِيشِ بَوَࢽْ تَکَبّࣸرَابَا
دَرَنَادِنَاڢِيلࣽ ڢِى ࡽلَيْلِ جٜمَّ وَڢَرَآإِضࣸ ࡼلزَّکَٰوةِ,دَرَنَادٜنَاڢِيلࣸڢِ ࡽليْلِ جٜمَّ وَڢِرَاِضْ ࡻلزّࣸکࣸوةࣶ
أَکَتَاشٜيٰکَ بَادَ أَࢽْ إِدࣸوبَا,أَکَتَاشٜٜيٰکَ بَادَأَࢽْ إِدࣸوبَا
بل کل انعامه ڢضل و لغمته عدل ڢهذا سبيل العدل ڢاعتدل,بل کل انعامه ڢضل ونفمته عدل ڢهذاسبييل العدل ڢاعذل
تࣸࢽدَدَىْ سࣸࢽْ ڧَرْيَتَاࢽٜىٰ    سࣸࢽْىِ شَکَّرْغَسْکِيَاࢽٜىٰ,تࣸࢽْدَدَيْ سࣸࢽْ ڧَرْيَتَاࢽٜيٰ  سࣸࢽْيِ شَکَّرْغَسْکِيَاࢽٜيٰ
لَاغِرَࢽْتَ تَکٜيٰ بࣸکَاتَا   بَاأࣸبَࢽْتَبَ کࣸوْاأࣸوَࢽْتَا,لَاخِرَࢽْتَ تَکٜيٰ بࣸکَاتَا  بَاأࣸبَࢽْتَبَ کࣸوْاْأࣸوَࢽْتَا
Printed by,P
کࣸوࣸوڧَوڧَرِي دَࢽْغِ دَࢽٜيٰ ميْ حَلَالِيَا ؞  شِيمَاحَدِيشِ ࢽٜيٰ کࣸذࣸو کࣸجِ ڢَاءِدَا,کࣸوࣸوڧَوڧَرِي دَࢽْغِ دَࢽٜيٰ مَࢽْ حَلالِيَا ؞  شِيمَاحَدِيشِ ࢽٜيٰ کࣸذࣸوکࣸجِڢَاءدَا
بَرِيِࢽْ تَا ڧَمَا دَکَيْ مَالَمِيࢽٜي  کَراتوࣸ شِييَثٜي عَجٜي عَيْ صَࢽَاعَ,بَرِيࢽْ تَاڧَمَادَکَيْ مَالَمِيࢽٜيٰ  کَرَاتࣸوشِييَثٜيٰ عَجٜيٰ عَيْ صَࢽَاعَ
سࣸکَهَوْغَبَاطَيَاࢽَࢽْ دَࢽَࢽْ أَکَثٜيٰ دَسࣸو    بَاتَوْسَيِي أَغَرٜيٰسࣸ کࣸوࢽطَرِيࢽٜيٰ,سࣸکَهَوْغَبَاطَيَاࢽَࢽْ ذَࢽْ أَکَثٜيٰ دَسࣸو  بَاࢽَوْسَيبِي أَغَرٜيٰسࣸ کࣸوࢽَطَرِيࢽٜيٰ
إِࢽْدَابَسࣸ غَࢽْشِ سࣸࢽْ ࢽَڟَابَا,إِࢽْدَبَسࣸ غَࢽْشِ سࣸࢽْ ࢽَطَابَا
عَلَيْهِ وَسَلَّمَ جَمْ عٜکِسِيٜح وࣽنِى عٜمَکّࣽ لَايࣸفْبَلࣸ اللَّهࣸ,عَلَيْهِ وَسَلَّمَ جَمْ عٜکِسِييٜى وࣽنِي عٜمَکّࣽ لَيࣸفْبٜرࣸࡼللَّهࣸ
مࣸتࣸمْ ثࣸوتَاࢽٜي مَرَرْ مَاغَࢽِي  بَاعَ غࣸوࢽِࢽتَاغَٜرِيٰشِ,مࣸتࣸمْ تࣸوتَاࢽٜيٰ مَرَࢽْ مَاغَࢽِي بَاعَ غࣸوْࢽِࢽْتَاغَرٜيٰشِ
يَاڢَطِ وࣸرِࢽْ غࣸيِوَايَاثٜيٰ دَشِي لَالَا ؞ يَاثٜيٰ وࣸرِِࢽْ غَبَرْدٜࢽْ مࣸحَمَّدَا,يَاڢَطِوࣸرِࢽْ غࣸيوَيَاثٜيٰ دَششِي لَالَا ؞  يَاثٜيٰ وࣸرِࢽْ للّࣸوغَبَرْدٜࢽْ مࣸحَمَّدَا
شيڢ,مࢽبه
ࢽِيکࣸوࢽَأمْسَامَيْ ࢽَثٜي مَسَ يَا کَکٜيٰ   مَࢽِي تَࢽْبَيَرْرَيْࢽِ غَمِي دَمࣸتَاࢽٜي,ࢽِيکࣸوࢽَاأمْسَامَيْ ࢽَثٜيٰ مَسَ يَاکَکٜيٰ  مَࢽِي تَࢽْبَيَرْرَيْࢽِ غَمِي دَمࣸتَاࢽٜيٰ
کاغ,کاغ
وَرَبّࣸکَ يَخْلࣸوࣸ مَايَشَاءࣸ وَيَخْتَارࣸمَاکَاࢽَ ؞ لَهࣸمْ الْخَيْرَِاتِ دَلِيلِ أَمَّ اَلْمࣸحَمَّدَا,وَرَبَّکَ يَْلࣸوࣸمَايَشَاءࣸ وَيَࢽْتَارࣸمَاکَا ؞ َرَࣸمࣸ الْخَيْرَاتِ دَلِيلِ کࣸࢽْجِ أَمَّ الْمَࣸمَّدَا
أَکَ کَرْکَشٜيٰ غَالِبَࢽْسࣸ    غالِبَࢽْ رَسࣸ مَاسࣸ مࣸوࢽِ,أَکَ طَرْکَثٜيٰ غَالِبَࢽْسࣸ  غَالِبَࢽْ وَسࣸ مَاسࣸ مࣸوࢽِ
رسول الله صَلى الله وسلم,رول اࢽلهصلى الل علبه وسل
تَغَࢽِي کࣸوْابَادَلَاڢِيَابَا,تَغَࢽِي کࣸواْبَادَلَاڢِيَابَا
اࢽ طال ذا صار بعدذاڢص ؞ اواعتدال ڢلم يخص ولم يطل,اࢽ صاله ذاصارهدابعدذافص ؞ اواعتدال ڢلم يڢص ولم بصل
الࢽَّبِࢽْمࣸ يَذࣸودَسࣸࢽَّا    ذَࢽْ ࢽِيَاهَسْکٜىٰ يَذَوْࢽَا,هَࢽَّبِࢽْمࣸ يَذࣸودَسࣸࢽَّا  دࣸوࢽِيَاهَمْکٜيٰ يَذَوْࢽَا
ࡶَللهࣸ جَبَتَاࡶَلصَّلاَةࣸجࣸلْدمَࢽ لَّمْ يࣸوَدِّالزّکَٰوةَ,ࡶَللَّهࣸ جَبَتَاࡶَلصَّللاَةࣸجࣸلْدٜمَرلَّمْ يࣸوَجّࣸالزَّکَةࣶ
مثل النصارى على التثليث دينهم ؞ بالا تحادوزورالاڢک والحطل,مثل النصايى على التثليث دينم ؞ وبالاتجادوزولالاڢک والحطل
کࣸوْوَابَسࣸ بَرْشِ يَاسَکٜىٰبَا,کࣸوْوَابَسࣸ بَرْشِ يَاسَکٜيبَا
5,1
وَڢَّڧَهࣸ اللَّهࣸ اِلَى مَا يࣸحِبࣸ ءا,وَڢَّڧْࢽَااَللَّهࣸ إِࢽَىٰ مَايࣸحِبّࣸ ءَامَلِ
شِي کَسَاأَشِغَرْدَعِلَّا     دࣸࢽْ مَڢِي مࣸوࢽِࢽْ کَسَالاَ,شِي کَسَاأَشِغَرْدَعِلَّا  دࣸيْ مَڢِي مࣸوࢽِࢽْ کَسَالَا
9,5
غَاکَيْوتَابَادَکࣸوࢽْ مَتࣸوابَا,غَاکَيْوࢽَابَادَکࣸورْمَتࣸواْبَا
وَالاِسْتِسَآرࣸعٜجِتِّتَادٜوَمَسْحࣸ ࡽلاّࣸذْنَيْࢽِ,وَاطِسْنِنَسَارࣸعٜجِتِّتَادٜوَمَسْجࣸ ࡼلاّࣸذْࢽَبيْࢽِ
بَيَکَࢽْ ثِکَ کَيْوْأَعَاڧِبَا,بَيَکَࢽْ ثِکَ کَيْوْأَعَاڧِبَابَا
17,1
غَأࣸوَابَکَ شَادَلَاڢِيَابَا,غَأوَابَکَ شَادَلَاڢِيَابَا
الکِتَابࣸ اَلْحَاجِ,اَکِتَابࣸ اَحَابِ
يٜࢽْ أࣸوَاسࣸتَهࣸوغَࢽِࢽْسَا تَمْبَيَرْ کࣸواࢽَّࢽْ حَرکِࢽْسَا کࣸوْا,يَࢽأࣸوَاسࣸتَهࣸوغَࢽِࢽْسَا  تَمْبَيَرْکࣸوْاْࢽَࢽْ حَکِࢽْسَا
بِحمدلله,احمدله
اࢽربࢽا ياياک وا کحࢽا مک  اࢽ ياحࢽه مک ديࢽذر غࢽ عࢽ عوا,إِࢽْرَبَّࢽَايَابَاکَ وَاکَحَࢽَامَکَ إِࢽْ يَاحَࢽَامَکَ دَيْࢽَذࢽْ غِࢽْ عٜࢽْ عࣸوَا
وَࢽْدَيَيْ مَاتَايَوَࢽَّࢽْ    وَࢽْدَتَزَمْ دࣸکْ هَلِࢽَّࢽْ,وَࢽْدَيَيْ مَاتَايَوَࢽَّࢽْ  وَࢽْدَتَزَمْ دࣸکْ هَلِࢽَّࢽْ
شَاهࣸويَثٜيٰمِࢽْ غَاکَطَࢽْ ࢽَارتَّبَا   کَيْ مَيْ کَڢࣸسْکَࢽْتَا غَمِيدَ مࣸتَاࢽٜيٰ,شَاهࣸويَثٰٜمِࢽْ غَاکَطَࢽْ ࢽَارَتࣸبَا  کَيْ مَيْ کَڢࣸسْکَࢽْتَاغَمِيکࣸ مࣸتَاࢽٜيٰ
سَيْ مَلَلِي,سَميْ مَلَلِي
بَيَاࢽِ غَشِࢽَࢽْ دࣸࢽْ کࣸسَࢽْ مࣸࢽْ غَيَامࣸکࣸ ؞ ࢽࣸڢَاکَوْتَمَاࢽِࢽْ ثٜيٰ کࣸسَوْرَارِڢَاءِدَا,ࢽَمَاࢽِ غَثِࢽَࢽْ دࣸࢽࣸ کࣸسَࢽْ مࣸࢽ غَيَامࣸࣸ ؞  ࢽࣸڢَاکَوْلَمَاࢽِࢽ ثٜيٰ کࣸسَوْرَارِ ڢَاءِدَا
هذاالصحيح ونا الفرءاࢽ حجته ؞ ڢى اجع النص للتحڢيڡ وامتثل,عذاالصمج وت الف ءاࢽعحة ؞ ب اجع النص للتفيڡ واتتل
يَامَسࣸواْشِتَغَرْدَطَاکِ    ذَيْغَ تَارَڧَسَادَحَکِّ,يَامَسࣸواْشِتَڧَرْدَطَاکِ  ذَيْغَ تَارَڧَسَادَحَکّࣸ
کࣸبَرْرَيْࢽَ جࣸوࢽَاڢَکࣸمَ دࣸࢽْ اَللَّهْ يَࢽْاءࣸوَا ؞  کࣸکوࣸورٜ ڢَکِبْرࣸأَکَࢽْکَاإِࢽکࢽْتِ أَحْمَدَا,کࣸبَرْرَيْࢽَ جࣸوࢽَاڢَکࣸمَ دࣸࢽْ اَللَّهَ يَࢽْدࣸوَا ؞  کࣸکࣸورِڢکِبْرࣸ اَکَࢽْ کَإِࢽِ کࣸࢽْبِ أَحْمَدَا
کَاغَاأَمْرٜيٰ بَايَرْدَرْ وَلِي  بَابࣸ عذَاشٜيٰغࣸواْسࣸࢽْيَوَا,کَاغَاأَمْرٜيٰ بَايَرْدَرْوَلِي  بَابࣸ عِذَاشٰٜغࣸواْ سࣸࢽْيَوَا
ياعبدياطࢽ عبد جيکࢽ عبدکي  کاکي بࣸغٜࢽْ دأکي بکاتر سࢽکا,ياعبديامࢽ عبد جيکࢽ عبدکي  کاکي بࣸڧࢽْ داکي بکاترسࢽکا
خَامِسࣸ يَا دࣸودࣸوا يَيْ وَاڧَا  کَرْ کࣸغَ بَيْ دَڢࣸسَاحَ غَ وَاڧَا,غَامِسࣸ بَادࣸودࣸواْيَيْ وَغَوَاڧَا  کَرْکࣸغَ بَࢽْ مَ ڢٜسَاحَ غَࢽْ وَاڢَ
11,1
الࢽاشرمعيکترتاريخا,الࢽاشرمعيکترتاريي
کࣸمَ کَرْمࣸسَسَّوْتَاوَشَأَࢽِࢽْ دࣸوࢽِيَا    دَࢽَالاَخِرَا دَࢽْ کَرْسࣸڧِيمࣸ مࣸتَاࢽٜيٰ,کࣸمَ کَرْمࣸسَسَّوْتَاوَشَاأࢽِࢽْ دࣸوࢽِيَا  دَࢽَالَاخِرَادَࢽْ کَرْسࣸڧِيمࣸ مࣸتَاࢽٜيٰ
وَࢽْࢽَࢽْ کَرَاتࣸوا بَيْأَࢽْڢَاࢽَبَا   يَيْ تَسْغَرࣸواْ يَيْ ڢَوتِي أَࢽْ رَسَىٰ,وَࢽْࢽَڧْکَرَاتࣸواْبَيْأَࢽْڢَاࢽَبَا  يَيْ تَسْغَرࣸواْيَيْ ڢَوْࢽِي أَࢽْزَّسَيٰ
حمْل ست وعشروࢽ,فل توعت
مَکَࢽَࢽْتَا بَيْيِ تَمْبَيَابَا,مَکَرَࢽْتَابَيْيِ تَمْبَيَابَا
دࣸوکِيَࢽْسَ أَرَرَبَاتَا    کَڢْ أَبَيْوْ طِيَادَمَاتَا,دࣸوکِيَࢽْسَ أَرَرَبَاتَا  کَڢْ أَبَيْوَطِيَادَمَاتَا
وَࢽَّࢽْ بَتَ ذَاݒِ دࣸوࢽِيَابَا,وَࢽَّࢽْ بَتَ ذَابِ دࣸوࢽِيَابَا
کࣸࢽْسَࢽْ تَلَکَابَذَيْ دَاوَابَا   إِࢽْ مَّاسࣸواْ عِيکࣸوبَاسࣸواْدَسَلَّڧٜيٰ,کࣸࢽْسَࢽْ ࢽَلَکَابَذَيْ دَاوَبَا  إِࢽْ مَّاسࣸواْعِيکࣸوبَاسࣸواْدَسَلّڧٜيٰ
ڢصل,1
دࣸکْ مࣸتَارࣸمࣸسࣸواْ زࣸمࣸࢽْتَا    ڢَيْ دَݒࣸويٜيٰ مࣸبَرْ مࣸغࣸࢽْتَا,دࣸکْ مࣸتَارࣸمࣸسࣸوْاْزࣸمࣸࢽْتَا ڢَيْ دَبࣸواْيٜيٰ مࣸبَرْمࣸغࣸࢽْتَا
دࣸوࢽْ عَدَلْثِي أࣸوَاࢽٜيٰ  غࣸࢽْ مَرَايࣸوْ کࣸوْاْ أࣸبَاࢽٜيٰ,دࣸوࢽْ مَدَلْثِ شِي أࣸوَاࢽٜيٰ  غࣸࢽْ مَرَابࣸوْکࣸوْاْأࣸبَاࢽٜيٰ
اَکَاوࣸوعَتِيڧࣸ غِدَࢽْ ࢽَصَرَادَطَوْکَکَا   غَرٜيٰمࣸ تَعَالَى وَࢽْدَ يَيِّ مࣸحَمَّدَا,أَکَاوࣸوعَثِييࣸ غِدَࢽْ ࢽَمَرَادَطَوْکَکَا غَرٜيٰمࣸ تَعَالَي وَࢽْدَيَجّ مࣸحَمَّدَا
بَاسࣸ سَࢽْيَيٜيٰ هَࢽْکَلِࢽْسࣸ   سࣸوࢽࣸڢِࢽْسࣸ أَبِࢽْ مَذَࢽْسࣸ,بَاسࣸ سَࢽْيَيٜيٰ هَࢽْکَلِࢽْسࣸ  سࣸوࢽࣸڢِࢽْسࣸ أَبِࢽْ مَذَࢽْسࣸ
رࣸکِّرْمࣸ تَلکࣸر کوطٜمَکّࣽ يࣸجࣸومِعَمْ جِهَ جَامࣽمَکّࣽ تࣽجَنْفࣸفࣽل حر سڢتتا,رࣸکِرْمࣸ تَلْکࣸرکࣸوطٜمَکّنࣸجࣸومِعَمْجِهَ جَامࣸمَکࣸ تࣽجَنْفَفࣸل حرسڢْتَتَا
کࣸبَرْسࣸࢽْ طَࢽَࢽْ تَاوَاغَأَيْکِي ڢَکࣸجِيَا ؞  سࣸوࣸوشِ دَسَاڢٜي کࣸࢽجِ ذَࢽْثٜيٰ مࣸحَمَّدَا,کࣸبَرْسࣸࢽْ طَࢽَࢽْ تَاوَاغَأَيْکِي ڢَکࣸࢽْجِيَا ؞  سࣸوࣸوشِ دَسَاڢِ کࣸࢽْجِ دَࢽْثٜي مࣸحَمَّدَا
کࣽجَکَّ وَالْخَامِسࣸ جࣽوَبࣽعࣽࢽْ ࡶَلْحَجّࣸ کࣽحَجّࣸ,کَجَکَّ وَالْخَامِسࣸ جࣸوَبࣸعࣽࢽْ ࡶَلْحَجّࣸ کَّࣸجّࣸ
23,1
لي کࢽدلي عࢽد,ا
دࣸکْ ڢِتَرْتَ دَࢳَِࢽْ وࣸڧَاࢽٜىٰ    مَيْجِرَاکࣸوْاغَاشِ ذَوْࢽٜى,دࣸکْ ڢِتَرْتَ دَࢳَرْوࣸڧَاࢽٜيٰ  مَيْجِرَاکࣸوْاْغَاشِ ذَوْࢽٜيٰ
مࣸتࣸوبَ ڢࣸدࣸࢽْ اَللَّهࣸ مࣸودࣸکَ يَࢽْعࣸوَا ؞  أَبَرْيِࢽْ ڢࣸلࣸولࣸ أَکَامَ سࣸࢽَّرْ مࣸحَمَّدَا,مࣸتࣸوبَ ڢࣸدࣸࢽ الّه مࣸودࣸکࣸ يَࢽْغࣸوَا؞ أبَرْبِࢽْ جࣸلࣸولࣸ أَکَامَ سࣸࢽَّرْ مࣸحَمَّدَا
وَعَدَمࣸ ࡼلْفࣸدْرَةࣸعٜوَيْدٜوَوْدٜعَلَىَٰ ࡹِسْتِعْمَالِهِ>,وَعَدَمࣸ ࡼلْفࣸدَرَةࣸ عٜوَيْدٜ وَوْدٜعَلى ࡹِسْتِعْمَالِهِ>
شِغَاڢَرْتَ اِࢽَّاتَادَبَابَ دَيَࢽْ عࣸوِا    مࣸسࣸلمِ شِبَام غَࢽِࢽْ ڢِيَيَّٜى مࣸحَمَّدَا,شِغَاڢَرْتَ إِࢽَّاتَادَبَابَ دَيَࢽْ عࣸوَا   مࣸسࣸلْمِي شِبَامࣸ غَࢽِࢽْ ڢِيَيّٜيٰ مࣸحَمَّدَا
بَاأَبࣸوتَابَابࣸ ذࣸمࣸࢽْتَکَا   سَيْکࣸوضَرࣸورَتِلَسْ تَاحَطَىٰ,بَاأَبࣸوࢽَابَابࣸ ذࣸمࣸࢽْتَکَا  سَيْکࣸوڟَرࣸورَيْيَلَسْ تَاحَطَيٰ
إِࢽْظࣸرْ ڢَهَذِهِ صَࢽَا عَةࣸ الْمࣸوَلِڢࣸإِࢽْ شَاءاَللَّهࣸ الْکَرِِيمِ,اَࢽَ
طوبى لمتبع بلحڡ بفتذيا ؞ فدنال منه الذ> بيغيه مࢽ عمل امل,صومى لمتبع للحڡ مفتديا ؞ فدنال منه الذ> ييغيه مࢽ عل ال
بَاسࣸ ڟِيرَاوࣸتَاڢَ تَبَّتْ حَڧِڧََا,بَاس ڟِيرَاوࣸتَاڢَ تَبَّتْ حَڧِيڧَا
بَأسَࢽْ مَࢽࣸڢَرْ أࣸبَࢽْ غِجِيبَا,بَأَسَࢽْ مَࢽࣸڢَرْأࣸبَࢽْ غِجِيبَا
دَيْوَࢽْ جِࢽْڧَࢽْسࣸ بَاڢَطَابَا,دَيَوَࢽْ جِࢽْڧَࢽْسࣸ بَاڢَطَابَا
إࢽْ بَابَيْتِ طَرِى بَکࣸثويْبَا,إِࢽْ بَابَيْتِ طَرِيي بَکࣸويْبَا
کَرْکَبِي حَࢽْيَرْةْ بَةَ غَرِي  کࣸواْ کَبِي دࣸوࢽَ بَةَ کَيْ کَغَرِي,کَرْکَبِي حَࢽْبَرْةَ بَةَ غَرِي  کࣸواْکَبِي دࣸوࢽْ بَةَ کَيْ کَڧِرِي
ذَامَࢽِيࢽٜيٰ إِࢽْجِ مࣸجَدِّدِي    بَابࣸ مَيْ تَوْسَࢽْوَࢽِي يَاغَذَا,ذَامَࢽْيࢽٜيٰ إࢽّࣸجِࢽ مࣸجَهِدِي  بَابࣸ مَيْ تَوْسَࢽْوَࢽِي يَاغَذَا
دَبَارࣸ کࣸسَࢽْ بَاةࣸ طَوْرٜي دَامِي کَايَࢽْ أرَسْ بَاأطࣸورَوَغࣸوْمِي,دَبَارَکَسَࢽْ بَاةَ طَوْرٜيٰ دَامِي  کَايَࢽْ أَرَسْ بَاأَکࣸورَوَغَوْمِي
کَࢽْ کࣸوکَࢽَا طَاکِي ذَمَࢽْکَ غِدَاکَکٜيٰ    سَي أࢽْڟَࢽٜيٰکَ مࣸࢽَاڢِکِي غمࣸتَاࢽٜيٰ,کَࢽْ کࣸوکَࢽَاطَاکِي ذَمَࢽْکَ غِدَاکَکٜيٰ  سَيْ أَࢽْڟَࢽٜيٰکَ مࣸࢽَاڢِکِي غَمࣸتَاࢽٜيٰ
تَتْتَلِࢽْسࣸ ذࣸوَابِکِي ࢽٜىٰ     غَاشِ دَىْ شَأࢽِࢽْ تَغَاࢽٜىٰ,تَتْتَلِࢽْسࣸ ذࣸوَابِکِي ࢽٜيٰ  غَاشِ دَيْ شَأَࢽِࢽْ تَغَاࢽٜيٰ
مِجࢽَࢽْ مَاتَاشِکࢽ مِى ڧِيَامَا    دَشيڢ دَمَات دسࣸࢽْکَى زࢽَا,مࣸتَاࢽَي ࢽمَاتَرَ کرمِي ڧَبَامِ دࣸشيغ رتمتدࢽٜى زَمࢽ
بِدِعَاوَامَالَمَࢽْکࣸ    سَىْ سࣸثٜىٰ دَبَݣࣸىْ دَعࣸکّࣸ,بِدِ عَاوَامَالَهَࢽْکࣸ  سَيْ سࣸثٜيٰ دَبَݣࣸيْ دَعࣸکّ
5,4
إࢽْکࣸوکَجٜيٰ مَسࣸ تَࢽْبَيَرْ کࣸوطَࢽْسࣸلٜيٰ   سࣸࢽْ سَࢽْ أَبِࢽْ تࣸوࢽࣸووَجَࢽْسࣸ مࣸتَاࢽٜيٰ,إِࢽْکࣸوکَجٜيٰ مَسࣸ تَࢽْبَيَرْکࣸوطَࢽْسࣸيٜيٰ  سࣸࢽْ سَࢽْ أَبِࢽْ تࣸوࢽࣸووَجَࢽْسࣸ مࣸتَاࢽٜيٰ
کࣸبَرْيِࢽْ ڢَ اَلْعَجَبِي غَأَيْکِࢽْ کࣸ يَࢽْاءࣸوَا ؞  شِيمَاحَدِيشِࢽْ ࢽٜيٰ ࢽَسِيدِ مࣸحَمَّدَا,کࣸبَرْيِࢽْ وَاَلْعَجَبِي غَأَيْکࣸرْ کࣸ يَࢽْادࣸوَا ؞  شِيمَاحَدِيشِ ࢽٜيٰ َسِيدِ مࣸحَمَّدَا
کࣸکَلاَدَدَبّࣸوبِي دَأَکَ مَلَّکَا مࣸکࣸ ؞  شِيمَاحَدِيشِ ࢽٜيٰ ࢽَأࢽَّبِ أحْمَدَا,کࣸکࣸلَادَدَبࣸوبِي دَأَکَمَلَّکَامࣸکࣸ ؞  شِيمَاحَدِيشِ ثٜيٰ ࢽَأاَࢽَّبِ رَحْمَدَا
ڢصل نا البعث والحشر,ڢص نا البعثة والحن
کسࢽڢ ادࢽ تاکٜوت الديࢽ شکٜوتࣸ   دࣸکْ غٜرىمغاللهْ يَرعࣸوَااِࢽجِ احْمَدَا,کࣸسَࢽْڢَ إِدَࢽْ تَاکٜيٰوْتࣸ لَذِّيࢽْ شِکٜيٰوتࣸ دࣸکْ غَرٜيٰمࣸ غَاللَهْ يَࢽْ عࣸوَاإِࢽْجِ أَحْمَدَا
10,1
10,ࢽعا
34,4
وبه ࢽستعيࢽ,وبدستڢي
کࣸوْادࣸعَاعِࢽْ شَيْدَسࣸوࢽَا     مَيْغࣸمَاذَابَاشِ ڧَوࢽَا,کࣸوْاْدࣸعَاعِࢽْ شَيْدَسࣸوࢽَا  مَيْغࣸمَاذَابَاشِ ڧَوْࢽَا
فالوالذى الکڢراࢽ تحصل له فبلت ؞ فطعارنا غيره تى جى لمتثل,فالوالذ>االکڢر اࢽ خحل له فبلت ؞ فطعاوت عخجه ترجى لمتثل
يَاتَاشِ دَغَوْغَاوَايَجِي سِيدِ أَحْمَدࣸ ؞ يَاتَارَ صَحَبَࢽْ ࢽَّسْ لَيْسَ شٜسࣸ ڢَاءدَا,يَاتَاشِ دَغَوْڧَاوَايَحِ سِيدِ أَحْمَدࣸ ؞  يَاتَارَ مَڢَبَ مَّسْ بَسَ ࢽّسࣸ ڢَاءدَا
سَيْ ࢽَثٜيٰ مَالَمْ غࣸرࣸوزَا    شِࢽْ إِࢽَاأَکَسَࢽْ مࣸجَازَا,سَيْ ࢽَثٜيٰ مَالَمْ غࣸرࣸوزَا  شِࢽْ َِاأَکَسَࢽْ مࣸجَازَا
کࣸوْمَىْ کَڢَطَابَعَامࣸسَابَا,کَکࣸوْمَيْ کَڢَطَابَعَاسࣸمَابَا
السم العکبر,1
دَکَاثٜي واࢽٜي ࢽَادَرࣸووَاکࣸوَدطَࢽْيِکَ  کࣸوَاطَيِي ࢽَاغَوَࢽْدَبَايَا صَࢽَاعَ,دَکَاثٜيٰ وَاࢽٜيٰ ࢽَادَرࣸووَاکࣸوَطَيْکَ  کࣸوَطَيِي ࢽَاغَوَࢽْدَبَايَاصَࢽَاعَ
وَطَࢽْسࣸ کَمَرْبِسَ إِࢽْغَرَمّࣸووَطَࢽْسࣸ کࣸو   غزَاڢِي أَوَاإِسْکَا سࣸذࣸودَمࣸحَمَّدَا,وَطَࢽْسࣸ کَمَرْبِسَ إِࢽْغَرَمࣸووَطَࢽْسࣸ کࣸو غَزَاڢِ أَوَاإِسْکَاسࣸذࣸودَمࣸحَمَّدَا
کَࢽࣸڢٜيٰمࣸ بَمَايِي کࣸسکࣸرٜيٰبَا,کَࢽࣸڢٜيٰمࣸ بَمَايِي کࣸسْکࣸرٜيٰبَا
حلى الشهاب لنا ذاڢى فواعده ؞ اذاجاء ڢى الذکرنصاغيرمحتمل,حلى الشهاب لناذ اى فواعده ؞ اذجاء ڢى الذکى نصاغير محتل
ڢصل نا ثبوت النسم,ڢصل ن ثبوت اللسم
بَأَسࣸواْذَاڢِࢽْوَ يَيْ يَوَابَا,بَأَسࣸواْذَاڢِࢽْسَ يَيْ يَوَابَا
ٜإࢽْذَاکَ کَذَࢽْثٜي کࣸووَࢽٜي يَتَڢَکࣸرِي  کَا سَࢽْ حَلِࢽْ شَيْطَࢽْ دَثِوْ تَرْ ࢳࢽْ عࣸوَا,إِࢽْذَاکَذَࢽْثٜي کࣸووَࢽٜيٰ يَتَڢَکࣸرِي  کَاسَࢽْ حَلِࢽْ شَيْطَࢽْ دَثِوْتَرْجِࢽْ عࣸوَا
٣١ سَرّࣸمَي ڢࣸسْکَادَهَيْبَا  أَࢽْبَتࣽوࢽْکَ دَشِي ࢽَسَابَا,٣٧لسَرّࣸمَيْ ڢࣸسࣸکَادَهَيْبَا  أَࢽْبَتࣸوࢽْکَ دَشِي ࢽَسَابَا
النعم,ڢعنع
ذࣸࢽࣸبِى ࢽٜىٰ بَاْأبَرْمࣸسࣸوبَا,ذࣸࢽࣸبِي ࢽٜيٰ بَاأَبِࢽْ مࣸسࣸوبَا
أََبِࢽْ دَذَاأَيِ جِيبِ ࢽَاجِيَا     أَڧࣸࢽْتَتَاشِ يَکࣸومࣸوڧَࢽْڧࢽٜيٰ,أَبِࢽْ دَذَاأَبِي جِيبِ ࢽَاجِيَا  أَڧࣸࢽْتَتَاشِ يَکࣸومࣸوڧَࢽْڧَࢽٜيٰ
18,1
9,1
ڧَرْشٜى سَيْ عَدِࢽغَ ثٜمَرْبَرَاوࣸو    سࣸوࢽَاࢽٜي ࢽࣸوَࢽْدَبَايَاصَࢽَاعَ,ڧَرْشٜيٰ سَيْ عَدِࢽْغَ ثٜيٰمَرْبَرَاوࣸو  ࣸوࢽَاࢽٜيٰ ࢽَوَࢽْدَبَايَاصَࢽَيَاعَ
يَوْبَازَمْ بَادَکࣸوکࣸواْبࣸوابَا,يَوْبَازَمْ بَادَکࣸوکࣸوْاْبࣸواْبَا
سَيْدَيَذَّکَ ࢽࣸوࢽَ تࣸرْبَا    کࣸوْادࣸهࣸوبَىْ وَࢽْ ڟَکٜىٰبَا,سَيْدَيَذَکَ ࢽࣸوࢽَ تࣸرْبَا کࣸوْاْدࣸهࣸوبَيْ وَرْڟَکٜيٰبَا
أَيْتَ دࣸومِࢽْ کࣸوڧِيَامَا    سَيْ أَمَيْ سࣸتࣸرَادَڟࣸمَّا,أَيْتَ دࣸومِࢽْ کࣸوڧِيَامَا  سَيْ أَمَيْ سࣸتࣸرَادَڟࣸمَّا
مَيْصَࢽَاعَابَرْيِࢽْ اَلْغࣸشࣸواْ  مَالَمْ ࢽَڢَاڢَوْا يَثٜيٰ أَغَيَامࣸکࣸو,مَيْصَࢽَاعَابَرْيِࢽْ اَلْغࣸشࣸواْ  مَالَمْ ࢽَڢَاڢَوْاْيَثٜيٰ أَغَيَامَکࣸو
إِࢽْ مَّثٜيٰ تَابِ مِجِࢽْتَ دَغَسْکٜيٰ   تَيْ حَڧࣸرِي تَڟَيَا طَاکِࢽْتَا,إِࢽْ مَّثٜيٰ تَابِ مِجِࢽْتَ دَغَسْکٜيٰ  تَيْ حَڧَرِي تَطَيَاطَاکِࢽْتَا
يَادَࢽْ دَࢽْ غَࢽْثِ کَاکَࢽْسَ أَوࣸرِي دَبَࢽْ دَبَࢽْ ؞ کࣸسَوْرَارِوَاڧَاتَا تَسࣸࢽَّرْ مࣸحَمَّدَا,يَادَࢽْ غَࢽْثِ کَاکَࢽْسَ أَوࣸرِي دَبَࢽْ دَبَࢽْ ؞  کࣸسَوْرَارِ وَاڧَاتَاتَسࣸࢽَّرْمࣸحَمَّدَا
طࣸلࣸوعِ اِلشَّمْسِ تَࢽَاتَڢٜيٰ  رَاࢽَاتَڢࣸودࣸ يْمَّا تَوࣸو غَبَسْ,طࣸلࣸومِ الَّْمْسِ تَࢽَاتَڢٜيٰ  رَاࢽَابَڢࣸودࣸوايَمَّاتَوࣸوغَبَسْ
ذَمَادَي رࣸوࢽَ دَࢽْکَيْ ࢽࣸجَسَ  بِسَ وَࢽْکَ دࣸودَا  ࢽَمِييِࢽْ زِࢽَا,ذَمَادَمْ رࣸوَࢽَ دࣸکࣸوࢽَکَࢽْ ࢽࣸجَسَ  بࢽ وࢽْکَ دࣸوْدَاتمييࢽْ زِتَا
مَيْدࣸکِيَا يَڟَࢽْࢽْتَا أَدࣸوࢽِيَا    بَابࣸ عِࢽْدَيَکَاسَاکَيْࢽَسَا,مَيْدࣸوکِيَابَڟَࢽَࢽْتَ أَدࣸوࢽْبَا  بَابࣸ عِࢽْدَيَکَاسَاکَيْࢽَسَا
بَابࣸ شِࢽْغِࢽْ کَيْدَکَاوࣸوْاْ   بَاتَ تَارَرْسَيْدَ ثِيوࣸواْ,بَابࣸ شِࢽْڧِࢽْ کَيْدَکَاوࣸوْاْ  بَاتَ تَارَرْسَيْدَ ثِيوࣸو
بَاشِ إکࣸوࢽْ مَيدَزَࢽْثٜىٰ أࢽْرِغَاأࢽْکَرْىَ هَرْثٜىٰ,بَاشِ إِيْکࣸوࢽْ مَيْدَزَࢽْثٜيٰ  أَࢽْرِغَاأَࢽْکَرْيَ هَرْثٜيٰ
طَايَڢَاطِ أَذࣸواْأطَوْکَا    سَىْ أࣸوَاتَبِ أيْتَ بَرْکَا,طَايَڢَاطِ أَذࣸواْأَطَوْکَا سَيْ أࣸوَاتَبِ أَيْتَ بَرْکَا
مࣸومِࢽِي مَيْ سࣸࢽْ شِڟِيرَا    شِکَطَيْ کَکࣸلَادَغَٜرَا,مࣸومِࢽِي مَيْ سࣸࢽْ شِڟِيرَا  شِکَطَيْ کَکࣸلَادَغَارَا
کَيْ کࣸمَا غَاشِ کَࢽَاجِࢽْ کࣸࢽْيَا  غَاشَرِعَاکَذَڧٜيٰ کَکَشٜيٰتَا,کَيْ کࣸمَاغَاشِ کَࢽَاجِࢽْ کࣸࢽْيَا  غَاشَر عَاکَذَڧٜيٰ کَکَشٜيٰتَا
وَࢽْدکٜيٰدَ أࣸوَاأَزَوْࢽٜيٰ   کࣸواْ أࣸبَاࢽَسَ إِࢽ يَغَاࢽٜيٰ,وَࢽْدَکٜيٰدَأࣸوَاأَزَوْࢽٜيٰ کࣸواْأࣸبَاࢽَسَ إِࢽْ يَڧَاࢽٜيٰ
بَکࣸ بَرْڧَارَا کࣸࢽَاکِرَابَا,بَکࣸ بَرْڧَارَاکࣸࢽَاکِرَابَا
سَࢽّࣸ مَىْ صِڢَّا ثِکَکّٜىٰ    مَاغَࢽِࢽْکَ ࢽَشَاࢽَوَرْکٜىٰ,سَࢽّࣸ مَىْ صِڢَّاࢽِکَکّٜيٰ  مَاغَࢽِࢽْکَ ࢽَهَاࢽَوَرَکٜيٰ
مَادَيَرْأَجِيَرْوࢽِࢽْشِ إࢽْ يَکَاسَ ڢَطَاسࣸبَرشِ,مَادَيَرْأَجِيَرْوَࢽِࢽْشِ  إِࢽْ بَکَاسَ ڢَطَاسࣸبَرْشِ
وَابَ إࢽْ يَجِ مَاسࣸڧࣸواْسَ    سَىْ شِوَايِي غَرِي سࣸغَيْسَ,وَابَ إِࢽْ يَجِ مَاسࣸڧࣸواْسَ سَيْ شِوَايِي غَرِي سࣸغَيْسَ
شِي بَيْ تَݒَٜ سَاݒَٜ أَلْکَوَرْبَا,شِى بَىْ تَبَ سَابَ أَلْکَوَرْبَا
بِسْمِ لْإِلَهِ وَاڧَاࢽَيْࢽࣸڢِي    اَللَّهࣸ تَعَٰليٰ يَبَࢽْ بࣸوطِي ࢽَتَا,بِسَمِ مࣸاِللَهِ وَاڧَاࢽَيَࢽْڢِي  الَّهْ تَعَلّٜىٰ يَبَࢽْ بࣸوطِ ࢽَتَا
زَارِيَا,زَارِيَ
عَࢽِ ࡽلْڢَحْسَاءِعٜبࣽنْطࣶ وَالْمࣸنْکَرِعٜکࣽعَذًاࡶَلَمْ,عَࢽِ ࡼلْڢَحْسَاعِ عٜبࣸنْطࣶ وَالمࣸنْکَرِ عٜکࣽعَذَاࡶلمْ
4,2
دَوࣸشِرْيَابَا تَڢَمْڢَرَابَا,دَوࣸشِرْيَابَاتَڢَمْڢَرَابَا
إِࢽَ بَادَطَيَࢽْسࣸ تَىْ رِڧࣸواْبَا,إِࢽْ بَادَطَيَࢽْسࣸ تَيْ رِڧࣸوابَا
مَثٜيٰ إِࢽ تَࢽَاأَوْرٜيٰ تَࢽَادَدَرَجَّا   سَࢽَّࢽْوࣸرِࢽْ اِللَّهْ دَلاَدَࢽْ أَوْرٜيٰ,مَثٜيٰ إِࢽْ تَࢽَاأَوْرٜيٰ ࢽَࢽَادَدَرَجَّا  سَࢽَّرْ وࣸرِࢽْ اللَّهْ دَلَّدَࢽْ أَوْٜيٰ
وَمِࢽْهࣸ حَدِيثࣸ عࣸمَرْرَضِيَ اللَّهࣸ عࢽْهࣸ الࢽِّسَاءࣸ ثَلَاثَةࣸࣸ ڢࣸهَيْࢽَةࣸࣸ,وَمِࢽْمࣸ حَدِيةࣸ عࣸمَرْرَضِي اَلَّهࣸ عَࢽْمࣸ الࢽْسَاءࣸ تَلاَةࣸوهࣸيْࢽَمࣸ
دَغَ ࢽَࢽْ سࣸکٜى بَاأَبِࢽْ مࣸسࣸوبَا,دَغَ ࢽَࢽْ سࣸکٜيٰ بَاأَبِࢽْ مࣸࣸوبَا
طَوْکَرْعَذَارَدَسَارَࢽْ غࣸࢽْغࣸلَا   بَاکَابَاوَادَکَࢽْکَاکَطٜيٰ ذࣸوَا,طَوْکَرْعَذَارَ دَسَارَࢽْ غࣸࢽْغࣸلَ  بَاکَابَاوَادَکَࢽْکَاکَکٜيٰ ذࣸوَا
الکى التى سجَࢽ وزذکى الاسى يفول يالطڡ ڢى ما يتى مرة,الى المت سجروفک الاى يفول بالطبڢ الطڡ ب مايتمة
مالکي,مالک
بأسࣸوْا أَيِ بَاسَاکيٜيٰبَا,بَأَسࣸوْاأَيِبَادَسَاکَيٜيٰبَا
کَىْ بَکَاتࣸوْازَرْتَ لَاحِرَابَا,کَيْ بَکَاتࣸواْزَرْتَهَوبَا
10,1
بَاࢳَرْسَيْوَادَسَسَّڧٜىٰ بَا,بَاࢳَرْسَيْوَادَمَسَّڧٜيٰ بَا
دَمَيْتِلَاوَاکࣸوتَاحِزِبْ طَيَا     يَذࣸواْيَمَࢽْتَايَاوَاکَىْ ࢽَسَىٰ,دَمَيْتَةَ وَاکࣸوتَامِرْبِ طَيَا  يَذّࣸواَيَمَࢽْتَايَاوَاکَيْ ࢽَسَىٰ
کࣸجٰٜکࣸ جَهَادِࢽَࢽْ غَخَرْتࣸمْ کࣸڢَلْمࣸسࣸ ؞ کࣸکَرْکَشٜيٰ کَاڢِرَيْ مَڧِيَࢽْ مࣸحَمَّدَا,کࣸيٰکࣸ ڢَمَادِࢽَࢽْ غَخَرْتࣸمْ کࣸڢَلْمࣸسࣸ ؞ کࣸکَرْکَثٜي کَاڢَرِيْ مَڧِيَرْ مࣸحَمَّدَا
طَࢽْ غَرْغࣸ کَࢽࣸو دَرْمَا,طَيْ غࣸرْغࣸ کَࢽْوࣸدَرْمَا
بل الڢسادکمافدفال خالغنا ؞ ولا ڢساد على شيء بمشتمل,بل الڢسادکافدفال خالفنا ؞ ولاڢسادعلى شيى بمشل
مَثٜيٰ تَࢽَاشِرْيَاوَمِجِࢽْتَ ڧَرْيَا    دَࢽْ يَبَرِي تَجِ دَاطِࢽْ ثِوْتَا,مَثٜيٰ تَࢽَاشِرَيَاوَمِجِࢽْتَ ڧَرْيَا  دَࢽْ يَبَرِي تَرِدَاحِࢽْ ثِوْتَا
12,1
لَيْ ڢِࢽْةَطَيْ دَمَࢽٜي مِي ࢽَتَا  کࣸوْاوَّايَثٜي غَڢِيَا ࢽَادَ سَاتَا,ࢽَيْ ڢِࢽْةَ طَࢽْ دَمَي مِِ ࢽَتَاکࣸوْاْوَايَثٜي غَڢِيَاࢽَادَسَاࢽَا
سَࢽْدَأَࢽْڧَارٜيٰ هَطَاشِ   غࣸࢽْ تࣸڢَاڢِي أَࢽْ ࢽَطٜيٰشِ,سَࢽْدَأَࢽْڧَارٜيٰ مَطَاشِ  غࣸࢽْ تࣸڢَاڢِي أَࢽْ ࢽَطٜيٰشِ
وَالصَّلاَةࣸجࣸولࣸدٜعَلَىٰ رَسࣸولِ ࡽللَّهِ عٜنࣸلَاطࣸ ألَّ,وَلصَّلاَةࣸ جࣸولࣸدٜ عَلَىرَسࣸولِ ࡽللَّهِعٜنࣸلوَطࣸ أَرِلّࣸ
اࢽتذو,عࢽْتذو
بَتَ سَࢽْ ذَمَࢽِࢽْ دَذَىْ تࣸڧٜىٰبَا,بَتَ سَࢽْ ذَمَࢽِࢽْ دَذَيْ تࣸڧٜيٰبَا
غَرْغَطِي شِي بَاشِ ڧَارٜيٰ    وَادَجٜي سَيْدَيْ أَدَوْرٜيٰ,غَرْغَطِيي شِي بَاشِ ڧَارٜيٰ  وَادَجِي سَيْدَيْ أَدَوْرٜيٰ
غَرْغَطِي,ڟَࢽْ غَطِي
لࣸوکَثِࢽَّࢽْ ࢽَثِࢽْغَرِي بَاطَ ظࣸلْمࣸ   بَابࣸ کٜيٰوࣸوحَڧِيڧَةََ ࢽَࢽْ غَرٜيٰمࣸ,سࣸوکَثِࢽَࢽْ مَثِࢽْغَرِي بَاطَ ڟࣸلْمࣸ  بَابࣸ کٜيٰوࣸوحَڧِيغَةَ ࢽَࢽْ غَرٜيٰمࣸ
بَاتَ ڧَارَغَࢽِࢽْ عَلَامَ    رَايࣸوَاسَيْ إࢽْ بَشِيْمَا,بَاتَ ڢَارَغَࢽِࢽْ عَلَامَا رَابࣸوَاسَىْ إِࢽْ بَشِيمَا
٤٩ يَاکࣸسَࢽْثِ غَدࣸوࢽْ سَرَوتَ  جࢽ کِرَࢽسَ شِࢽَابَوَيْيَّا,٦٩يَاکࣸسَࢽْثِ غَدࣸوࢽْ هَرَوْتَ  جِࢽْ کِرَࢽْسَ شِࢽَابَوَيْتَا
ڧࣸطَبَࢽْ تَعَلَىٰ مَاغࣸدَاحࣸطࣸ سࣸࢽْ تَهࣸوا ؞ سࣸتَيْ مَکَ اَلدِّيࢽِ غَبَࢽْ دٜࢽ مࣸحَمَّدَا,غࣸطَسَࢽْ تَعَلَ مَاغࣸدَاحࣸطࣸسࣸࢽْ تَعࣸوا ؞ سࣸتَيْ مَکَ اَلِدِيࢽْ غَّبَرْدِࢽْ مࣸحَمَّدَا
إِمْبَاشِڢِتࣸوْادَڧَدَّرَابَا,إِمْبَاشِڢِتࣸواْدَڧَدَّرَابَا
تࣸومَيْغِدَاأَشِرْيَاأَمَاࢽَ اڢَ غَاتَࢽَࢽْ ؞  أَمَاࢽَ تَسَرْکي جَلَّ إِࢽجِ مࣸحَمَّدَا,تࣸومَيْڧِدَ الَشِرْيَاأَمَارَاڢَ غَاغَرْ ؞  أَمَارَتْسَرْکِي جَلَّ إِࢽْجِ مࣸحَمَّدَا
17,1
شِثٜيٰمَسَ رࣸوڧِ أّبَاکَ کࣸومِي دَکَبِّطَا   أࢽَابَاکَشِي يَاکَيْ مَسࣸويِي مࣸحَمَّدَا,شِثٜيٰمَسَ رࣸوڧِ أَبَاکَ کࣸومِي دَکَبّطَا  أَࢽَابَاکَشِي يَاکَيْ مَسࣸوبِ مࣸحَمَّدَا
دَبَزَيْ کࣸࢽْيَاأَلَاخِرَابَا,دَبَزَيْ کࣸࢽْيَاأَلَاخِرَابَا
ذࣸوثِيَاسَرْکِࢽْ جِکِي ࢽٜيٰ   ظَاهِرِي کࣸوْاْوَايَغَاࢽٜيٰ,ذࣸوثِيَاسَرْکِࢽْ جِکِي ࢽٜيٰ ظَاهِرِي کࣸوْاْوَايَڧَاࢽٜيٰ
دࣸومَيْسَࢽْ سࣸکࣸو عَشٜي وَاجِبِيࢽٜي  يَايِي کࣸويِي دَسࣸومࣸتِࢽْ يَيِي صَࢽَاعَ,دࣸومَيْسَࢽْ سࣸکࣸوعَشٜيٰ وَاجِيِيࢽٜيٰ يَيِي کࣸويِي دَسࣸࣸومࣸثِࢽْ يَيَي صَࢽَاعَ
تَکَࢽْ مَيْدَ أَتَاجِرِ طَࢽْ ڢَرَوةَ  تَکَࢽْ کَشٜي أَوْرٜي دَغَلْمَاتَةَ,تَکَࢽْ مَيْدَأَتَاجِرِي طَࢽْ ڢَرَوْةَ  تَکَࢽْ کَثٜيٰ أَوْرٜيٰ دَغࣸلْمَاتَةَ
ڢَلَيْسَ بࣸحْمَى الَّذِ>أَوْلاَمࢽنِّعَمِ اَجَلّࣸهَانِعْمَةࣸاِلاّيماَࢽ بالْرࣸسࣸلِ,عَلِيسَ جࣸمَ الذه أَولاَهࣸ بࣸࢽ نِعَ اجَلّهَانِعَة الابماࢽ بال سل
إِࢽْ مࣸوکَرَبࣸو بَکࣸوارَسَابَا,إِࢽْ مࣸوکَرَبࣸوْبَکࣸوْاْرَسَابَا
بَاتَ ࢽࣸڢِࢽْ ۼٜيٰرا سَيْ ݒَرْࢽَا   سَيْ دࣸکْ سَاڢٜيٰ تَثࣸوثِ مِجِࢽْتَا,بَاتَ ࢽࣸڢِࢽْ ۼٜيٰرَٰ سَيْ بَرْࢽَا  سَيْ دࣸکْ سَاڢٜيٰ تَثࣸوْثِ مِࢽْتَا
ولتصلح الذ> تلفيه ذاخلل ؞ بنيت الخير الاصلا ح للخلل,ولتصلࢽ الذة نلفيه ذاخلل ؞ بنية الج الاصلام للخل
أَيْ بَکَاذَوْࢽَادَڢِرْغِتَابَا,أَيْ بَکَاذَوْࢽَادَڢِرْمْتَابَا
وَࢽْدَدࣸࢽْ ذَاڢِࢽْ بَخِلْثِي  سࣸࢽوِ زَکَّادࣸࢽْ بࣸتࣸلْثِي,وَࢽْدَدࣸࢽْ ذَاڢِࢽْ بَخِلْثِي  سࣸࢽْيِ زَکَّادࣸࢽْ بࣸتࣸلْثِي
19,1
4,6
تَاثِکِࢽْ لَيڢِى غَخَوڢِى هَرْدَمَا زَغِࢽْ شَرِيْڢِى,تَاثِکِࢽْ لَيْڢِى غَخَوْڢِي  هَرْدَمَازَاغِࢽْ شَرِيڢِي
مَيْرࣸوڧࣸوࢽْ طَرِي غࣸࢽْ وَࢽِࢽْسَا  غَارَکَدَيْࢽَيِي کَجٜي کَيْ صَࢽْاعَ,مَيْرࣸوڧࣸوࢽْ طَرِي کࣸوَبࣸوغࣸࢽْ وَࢽِࢽْسَا  غَارَکَدَيْࢽَيِي کَجٜيٰ کَيْ صَࢽَاعَ
سࣸࢽْ وَحَلْتَ دَڧࣸرْثِيَرْکَ    تࣸࢽْ کَࢽَاثِکِ سࣸࢽْ رِڧٜىٰکَ,سࣸࢽْ وَحَلْتَ دَڧࣸرْثِيَرْکَ  تࣸࢽْ کَࢽَاثِکِ سࣸࢽْ رِڧٜيٰکَ
10,1
مَغَࢽَرْسࣸ بَسࣸىْ مࣸوَاڢَڧَابَا,مَغَࢽَرْسࣸ بَسَيْ مࣸوَاڢَڧَابَا
ڢِى صِڢَاتِهِ>عٜصِڢاجِ مَکّࣽ وَوَاحِدࣻکࣽ فࣽطࣽ,ڢِى صَڢَاتِهِ>عٜصِڢَاجِ مَکّࣽ وَوَاحِدࣸکࣽعࣽ فࣽوطࣸ
مَالَمْ يَثيٰٜ ڧَبَرِࢽْ مࣸومِࢽَيْ  إِࢽْ يَرِبْذَأَيْࢽَاسَاأَي ڢَرِي,مَالَمْ يَثٜيٰ ڢَبَرِࢽْ مࣸومِࢽَيْ  إِࢽْ يَرِبْذَأَيْࢽَاسَاأَيْ ڢَرِي
سَيْ دَيْ تْکَيْکَ ثِکِࢽْ حَطَرِي أمَيْشٜکَ وَاوَا کَࢽْ غَرَرِي,سَࢽْ دَيْ تَکَيْکَ ثِکِࢽْ حَطَرِي  أَمَيْ شٰٜکَ وَاوَاکَيْ غَرَرِي
6,6
ومثلهم کل ذ > شىک واࢽ نسبوا ؞ للديࢽ انڢسهم کڢى ولا تفل,ومثله کل ذي شرک واࢽ نسبوا ؞ للديࢽ انڢسه کڢر ولاتثل
وَسَلَمْ أَࢽَࢽْ ࢽٜيٰ وَغَ وَاڧَاتَاڟَيَا بِسَ کَࢽْبَيَاࢽِيࢽَادَࢽِيدَمࣸتَاࢽٜيٰ,وَسَلَمْ أَࢽَࢽْ ࢽٜيٰ وَغَ وَاڧَاتَاڟَيَا بِسَ کَࢽْبَيَاࢽِيࢽَادَࢽِيدَمࣸتَاࢽٜيٰ
مࣸواْڟِي بَيْڧَارَاسَامࣸوَابَا,مࣸوْاْکِي بَيْڧَارَسَامࣸوَابَا
کࣸسَࢽْ کࣸمَ بَابࣸ ذَاغِ غَرٰٜسࣸࢽ يَرٜيٰ بࣸغࣸوا ؞ وَطَࢽَّࢽْ حَرَامࣸ ࢽٜڢَ إِࢽْجِ مࣸحَمَّدَا,کࣸسَࢽْ کࣸمَبَابࣸ ذَاغِ غَرٜيٰسࣸ بَرٜيٰ بࣸغࣸوَا ؞  وَطَࢽَّࢽْ حَرَامࣸ ࢽِڢَ إِࢽْجِ مࣸحَمَّدَا
شَيَخࣸ ࢽَايَڢَّ وَاڧٜيٰ وَاڧَاتَأصَلِي  ࢽَاࢽَ حَوسَࢽثٜيٰ تَڢَّ عَيْشٜتَ بَدَلِييٰ,شَيْخࣸ ࢽَايَڢَّ وَاڧٜيٰ وَاڧَاتَأمَلِي  ࢽَاࢽَ حَوْسَࢽْثٜيٰ تَڢَّ مَيْشٰٜتَ بَدَلِي
شِيکَ مࣸتࣸوَا دَجَهْلࣸ تَبَّتْ حَڧِيڧَا,شِيکَ مࣸتࣸوَادَجَهْلࣸ تَبَّتْ حَڧِيڧَا
صَلَاتِࢽْکَ يَاللَّهࣸ ثِکَاشِ غَأحْمَدࣸ ؞ دَءالِ دَمَحَبَࢽْسَ دَمَبِيَا مࣸحَمَّدَا,صَلَاتِࢽْکَ يَاللَّهࣸ ثِکَاشِ غَأَحْمَدࣸ ؞  دََدَلِ دَمَحَبَࢽْسَ دَمَبييَامࣸحَمَّدَا
بَأکَࢽْغَ وَرَࢽْدَذَاحَيٜىٰبَا,بَأَکَࢽْغَ ورِࢽْدَذَاحَيٜيٰبَا
کࣸووَّرْوࣸلَاکَࢽْ تَرْدَأَوْرٜيٰ دࣸࢽِيَا   يَاحَوکثٜيٰ وَࢽَّاأَجَاشِ أَوْطَوْرٜيٰ,کࣸووَرْوࣸلَ کَࢽْ تَرْدَأورَيٰ دࣸوࢽِيَا  يَاحَوْکَثٜيٰ وَࢽَّاأَجَاشِ أَطَوْرٜيٰ
کدمتا,کࢽ
3,1
مࢽ غيسو البرکثࢽک مکٰبدا  مرࢽا مکي مࢽ مرحبا د زوࢽکا,مࢽ غيسوالبرکثࢽک مکدا  مرࢽامکي مࢽ مرحبادووࢽکا
حَڧِّ مَڧࣸوثِ يَا کَمَاتَ کَسَࢽْ دَشِي  دَغِدَ دَ غࣸوࢽَادَ يْࢽَ ثࣸوتَر يٜࢽْ عࣸوا,مَ مَْࣸودࣸيَکَمَادَکَسࣸدَثِي  دَࢽْدَدَدغَوَدَمَࢽْي کَڧَدتَدَّبِࢽْ عࣸوَا
دࣸࢽْ غࣸدࣸࢽْ مࣸتࣸوَاسࣸبَوْتَا    مَاغࣸمࣸکَّاسࣸࢽْ مࣸغࣸࢽْتَا,دࣸࢽْ غࣸدࣸࢽْ مࣸتࣸوَاسࣸبَوْتَا مَاغࣸمࣸکࣸاسࣸࢽْ مࣸغࣸࢽْتَا
تࣸومَڧࣸبْتَادࣸکْ کࣸکِوْتَامَ جٜٜࣸوࢽَࢽْکࣸ ؞  کࣸبَرْ سࣸ کࣸيِوࣸ ثࣸوتَا حَدِيشِ مࣸحَمَّدَا,تࣸومَڧࣸبْتَادࣸکࣸ کࣸکِوْتَامَ جࣸو رَࢽْکࣸ ؞  کࣸبَرْسࣸ کࣸيِوࣸثࣸوتَاحَدِيشِ مࣸحَمَّدَا
أَࢽْيِ ڢࣸورࣸࢽْتَ بَابࣸ کٜيٰوࣸوتَبَرْشِي   حَکَࢽَامَثّٜيٰ مَيْڢَ کࣸرْثٜيٰࢽْ کِيࣸوشِي,أَࢽْيِ ڢࣸورࣸࢽْتَ بَابࣸ کٜيٰوࣸوتَبَرْشِي  حَکَࢽَامَثٜيٰ مَيْڢَ کࣸوثٜيٰࢽْ کِيࣸوشِي
لانحاالاصل ت اصل الحياةالى ؞ اࢽ يبلغ الطࢽ امنا منتلعى الاجل,لاخماالاصل ذاصل الخجباة الى ؞ اࢽ يلغ اطࢽر امنامتتع الاجل
دَمَيْ رࣸڧَࢽْ کَذَاثَمْڢِي کࣸمَا  کࣸومَي مَڧٜيٰرَاتَکَارٜيٰ کَيْࢽَسَا,دَمَيْ رࣸڧِࢽْ کَاذَاتࣸࢽْڢِي کࣸمَا  کࣸومَيْ مَڧٜيٰرَاتَکَارٜيٰ کَيْࢽَسَا
کِطَࢽْ کَارࣸوَيْ بَابࣸ تَࢽْکَرْ يَغࣸوغٜي,کَطَࢽْ کَرࣸوَيْ بَابࣸ تَࢽکَرْبَڢࣸوغَي
لوادرک الفوم کنحاڢى حفابغها ؞ ماطال بحثم بالعڢل والجدل,لوادرک الفوم کنا ڢى حفابفها ؞ ماطال بثم بالعفل والدل
اماالحى وڡ ڢکالاصوات محدثت ؞ لوحلها فدم دامت ولم تحل,اماالم وڡ ڢکالاصوات عدتة ؞ لوحلهافدم دامت ولم تحل
ڢهوالموڢڡ علل عمال يخلفها ؞ لمࢽ يشاء عࢽ التخصيص لاتسل,ڢعوالوجڡ لاعال يخلفها ؞ ممࢽ يلثاو عࢽ الخ صيض لاتسل
٤٨ شِى يَثىٰ مَکَ مَرْحَبََابَا  مَسࣸواْ يِي وَࢽْدَشِرْيَا,٣شِي بَثٜيٰ مَکَ مَرْمَبَايَا  مَسࣸوَيِي وَࢽْدَشِرْيَا
ذَامَࢽِࢽْ رِکْثٜيوَرْ دࣸوࢽِيَا   إِࢽْ يَّاکࣸسَاتࣸوکࣸووَيَاشِࢽَا,ذَامَࢽِࢽْ رِکࣸثٜيٰوَرْدࣸوࢽِيَا  إِࢽْ ࢽَّاکࣸسَاتࣸوکࣸووَايَاشِࢽَا
25,4
ش وطها جمعة ڢى الکتب فدبسطت ؞ مࢽ نا لهاکلما حفا لهاينل,ش وطهاجعة ڢى الکتب فدبسطت ؞ مࢽ نالماکلماحفالها ينل
من ذاالذ>لض وباالخلڡ يعلمها ؞ على التڢاصيل ت علوومنسڢل,مࢽ ذاالذ> لض وب الخلڡ يعلها ؞ على التڢاصيل نعلوومنسڢل
يٜيسࣽفࣽࢽْ مَسْحࣸ الْيَدَيْࢽِ عٜمَسْکࣸدٜجࣸوطٜطٜࢽْ,يٜيسࣸفࣸࢽْ وَمَسْجࣸ ࡼلْيَدَيِْ عٜمَسْکࣸدٜجࣸوطٜطٜࢽْ
کࣸواْحَلِي ࢽَسَ مَادَبَࢽْࢽّٜىٰ    يَاڢِ دَࢽْغَࢽْتَادَأرْࢽٜىٰ,کࣸواْحَلِي ࢽَسَ مَادَبَࢽْࢽٜيٰ  يَاڢِ دَࢽْڧَࢽْتَادَأَرْࢽٜيٰ
کࣸوْاْبَادَغَمِࢽْ بَڧِࢽْ ثِکِيبَا,سࣸکَوْاْبَادَغَمِࢽْ بَڧِࢽْ ثِکِيبَا
مَيْ جِکِي دࣸومِࢽْ شِ ڧَيَاڢٜيٰ   شِي دَڟࣸمَّازَاأَشَاڢٜيٰ,مَيْ جِکِي دࣸومِࢽْ شِ ڧَيَاڢٜيٰ  شِي دَڟࣸمَّازَاأَشَاڢٜيٰ
13,1
مَيْکَىْ دَکَاوࣸرڟَکَاࢽِࢽْ يَࢽْعࣸوَا    يَغَمَاسࣸوغَبَاشِمَابَايَشَا,مَيْکَيْ دَکَاوࣸطَکَاࢽِࢽْ يَࢽْعࣸوَا   يَغَمَاسࣸوغَابَاشِيمَابَايَشَا
أَبَتࣸࢽْ دَمࣸࢽْکَيِي سَيْ ࢽَغَاࢽٜيٰ کَاجِبَا   بَامَيْ غࣸࢽِࢽْتَا غࢽْسࣸ کَاجِِ مࣸتَاࢽٜيٰ,أَبَتࣸرْ دَمࣸࢽْکَيِي سَيْ ࢽَغَاࢽٜيٰ کَاجِبَا  بَامَيْ غࣸࢽِࢽْتَاغࣸࢽْسࣸ کَاجِ مࣸتَاࢽٜيٰ
ذࣸوثِيَاتَا ࢽَاتَ خَوْڢِي   مَيْ غَࢽِࢽْ ڟَادَرْ تࣸڢَاڢِي,ذࣸوْثِيَاتَاࢽَاتَ خَوْڢِي  مَيْ غَࢽِࢽْ ڟَادَرْتࣸڢَاڢِي
دَاَللَّهࣸ يَيْ وࣸوسَاڢِيَاسَيْ يَثٜيٰ دَسࣸو ؞ جَمَع کࣸوࣸو هِمَّرْ جِهَادِ ࢽَأَحْمَدَا,دَلَللَّهࣸ يَيْ وࣸوسَاڢَيَاسَيْ يَثٜيٰ دَسࣸو ؞  جَمَعَ کࣸوو هِمࣸࢽْ جَمَامِ ࢽَأَحْمَدَا
بسلام تمت,1
بَاجِدَالِي کࣸوْاْمࣸوسࣸ  هَࢽْکَلِࢽْکَاشِذَࢽْ غَرٜيٰسࣸ,بَاجِدَالِب کࣸوْاْکࣸ وَامࣸوسࣸ  هَࢽْکَࢽِࢽْکَ شِذَࢽْ غَرِيٰسࣸ
ڢَدࣸومِࢽْ دَرَجَّرْ الشَيْخࣸ عࣸثمَاࢽࣸ ڢࣸودࣸيٜ   دَيَسَّامِ ڟَاࢽِي ࢽَࢽْ غَرٜيٰسࣸ دَاَحْمَدَا,ڢَدࣸومِࢽْ دَرَجََّشَيْخࣸڢࣸ ࢽْمَارࣸ ڢࣸودࣸي   دَيَسََّامِ ڟَاࢽِي ࢽَࢽْ غَرٜيسࣸ دَأَحْمَدَا
وَالرّࣸکࣸوعࣸ عٜرࣸکࣸوعࣸ عٜبَنْتࣸدٜ مِنْهࣸ عٜمَکّࣽ وَالسّࣸجࣸودࣸ,وَالرّࣸکࣸوعࣸ عٜرࣸکࣸومࣸ عٜبَنْتࣸدٜمِنْهࣸ عٜمَکّ وَالسْجࣸوَدࣸ
لاࢽ اڢغاله ليست معالة ؞ عندالايمت باى سباب والعال,لاࢽ اڢعاله ليست معلالة ؞ عندالا ببت بالاسباب والعلل
١٠ کَاڢِرَࢽْ دَاسࣸࢽْ ڢَهِمْتَ  بِࢽْ مࣸحَمَّدࣸ يَاکَمَاتَ,٢کَاڢِرَيْ دَامࣸࢽْ ڢَهِࢽْتَ  بِࢽْ مࣸحَمَّدࣸبَاکَمَاتَ
رَبَّࢽَايَابَٜىدَوَࢽْجِࢽْ    مَاسࣸ ڧِࢽْسَ سَبوْدَڧࣸࢽْجِࢽْ,رَࢽَْتَيَابَدَّوَࢽْجِࢽْ  مَاسࣸ ڧِلْسَ مَبࣸاْدَڧࣸࢽْجِࢽْ
تمت,تم
ڢصل ت اࢽ الاختى اع لله لله سبحانه لا لشى ء سواء,ڢصل ناࢽ الاختر اع عله س بحاس لالشييسواه
اࢽي ڢور,اࢽي ڢور
ڟَرٜ کَࢽْکَ رَࢽْکَ دَأرْزِڧِࢽکَ سࣸتَبْتَ  کَڧَرَࢽْتَ کَوْطِي دَࢽْکَشِرْيࣸدَ ࢳࢽْ عࣸوَا,کََکَࢽْکَرَࢽْکَ دَأَرْزࣸڧِࢽْدَ سࣸتَّْتَ  کࣸڧَرَمْتَ کَوْطِي دَشَْمجِرَ جࣸرْوَا
دَأَکٜىٰ سَابࣸوْبَسࣸىْ کࣸرࣸمْبَا,دَأَکٜيٰ سَابࣸوبَسࣸيْ کࣸرࣸمْبَا
بَکَسَࢽْ مࣸتࣸوَاتَࢽَاذࣸوَابَا,بَکَسَࢽْ مࣸتࣸوَاتَࢽَاذࣸوَابَا
بَارِڧࣸࢽْ کࣸوْاْلَاأَتَاکِ   وَثّٜيٰ کٜيٰدَ ذَمَاأَطَاکِ,بَارِڧࣸࢽْ کࣸوْاْلَاأَتَاکِ  وَثّٜيٰ کٜيٰدَذَمَاأَطَاکِ
مي ادک,مي ادو
بَاغَرٜيٰکَبَاحَرْأࣸبَࢽْکَ مٜيٰ يَسَاکࣸواْذࣸوثِيَرْکَ,بَاغَرٜيٰکَبَاحَرْاأࣸبَࢽْکَ مٜيٰ يَسَاکࣸواْذࣸوثِيَرْکَ
43,ࢽک
اريڢرضِ العفل بالتجوين االلة ؞ والبعض مڢتفرعلبعض ت العمل,اࢽ يڢرض العفل بالخوب المة ؞ والبعض مڢف عبعض ن العل
6,1
إِمْبَامَسَيࢽْسَ کَيْ ࢽࣸڢِيبَا,إِمْبَامَسَيَࢽْسَ کَيْ ࢽࣸڢِيبَا
کࣸبࣸوطٜيٰ دَاغَايَاڧِࢽْ کَاڢِرَيْ   کࣸيْ کَبَرَدَيَوَاکَرْکࣸيْ غࣸدࣸو,کࣸبࣸوطٜيٰ دَاغَابَاڧِࢽْ کَاڢِرَيْ  کࣸيْ کَبَرَدَيَوَاکَرْکࣸيْ غࣸدࣸو
ࢽَيْ صَلَاتِي تَارٜٜيٰ دَسَلَّمَ   غَاالࢽَّبِي رَّحْمَا مَࢽْذࣸواࢽَسَا,مَيْ صَلَاتِ تَارٜيٰ دَسَلَّمَ  غَاعَࢽْبِي رَحْمَامَࢽْذࣸوࢽَسَا
ࢽَࢽْ غَألدِّيِࢽْ بطَرْسَࢽࢽ ڢَرضࣸ عَيࢽِ   شِي کَسامثّٜيٰ کࣸوڢِتَا بَابࣸ کࣸومِ,ࢽَࢽْ غَالدِيرْ بِطَرْسَࢽِࢽْ ڢَرْمࣸ غَيْرِ  شِي کَسَامَثّٜي کࣸوڢِتَابَابࣸ کࣸومِ
بَامَىْ رَغࣸوَادَڟَرتࣸوَابَا,بَامَيْ رَغࣸوَادَڟَرْتࣸوَابَا
بِࢽْ إيَايٜىٰ وَاجِبِيْࢽٜىٰ    شِي ذࣸمࣸࢽْثِ وَاجِبِيࢽٜىٰ,بِࢽِْيَايٜيٰ وَاجِبِيࢽٜيٰ شِي ذࣸمࣸࢽْثِ وَاجِبِيࢽٜيٰ
دَامࣸتࣸمْ ࢽٜىٰ شِى ࢽَڧَرْيٜىٰ    مَࢽْغِ إࢽْ کَهَيِکّٜىٰ سَايىٰ,دَامࣸتࣸمْ ࢽٜيٰ شِي ࢽَڧَوْيٜيٰ  مَࢽْغِ إِࢽْ کَهَيِکٜيٰ سَايٜيٰ
وࣸنداکࣸ دࣸنيَامࣸعْلࣸغࣸلْمࣸمْ ب عيْدٜنࢽ ڢَيْمِيࢽ مِمَاىَ مِوࣸڢْتَا,وࣸذْداوࣸ دࣸنْيَامࣸمْعࣸمْلࣸمࣸرْعَيْمْنْ جَيْجٜيْه عِعِبَّدࣸ جَامِجَدعَطٜوࣸجَتتَا
4,1
ثم الى ياح جبال السحب سابغة ؞ والرعدوالبى ويَغبشى ناظ المفل,ثم اله يام جبال السحب سابف ؞ والرعدوالمو يغبشى ناظࢽ المفل
بڧلم إبراهيم,بِهْلمِ إِبْرَاهِيمࣸ
يَاسَࢽِي کࣸوْاْࢽَاسَ سَامࣸ    يَاغَمَاشِ دَثِࢽْ حَرَامࣸ,يَاسَࢽِي کࣸوْاْࢽَاسَ سَامࣸ  يَاغَمَاشِ دَثِࢽْ حَرَامࣸ
بَايَࢽْ کَاغࣸوغٜي کَࢽَڧَسَا   ࢽَࢽْ رࣸوَࢽْکَا کَوَࢽْکٜيٰ سَوْبَݣيْ,بَايَࢽْ کَاغࣸوغٜيٰ کَࢽْڧَسَا ࢽَࢽْ رࣸوَࢽْکَاکَوَࢽْکٜيٰ سَوْبَکࣸيْ
32,1
غَالِلِࢽْ بَتَ طَوْرَمَلتِى   غَسْکِيَارَࢽَرْوَڢَاتِى,غَالِلِࢽْ بَتَ طَوْرَمَلْثِي  غَسْکِيَارَاࢽَرْوَڢَاتِي
بَاکࣸواْڧࣸوࢽَاࢽَڧࣸرْمࣸسَابَا,بَاکࣸوْاْڧࣸوࢽَاࢽَڧࣸرْمࣸسَابَا
کَاغَ وَاڟَڟّࣸو أَمَاتَا   وَࢽْدَسࣸࢽْ ذَمࣸوْاْبَاسࣸ غَاتَا,کَاغَ وَاڟَڟࣸوأَمَاتَا  وَࢽْدَسࣸࢽْ ذَمࣸوْاْبَاسࣸ غَاتَا
13,1
ڢنسٔل الله عوناڢهوملجانا ؞ على نڢوس فست للخيرلم تنل,ڢنسسنل الله عوناڢهوملجانا ؞ على نڢوس فست للخي لم تنل
مَالَمْ غَجٜيٰرٜيٰ ࢽَدَامࣸوأَلْحَجِ  غِدَࢽْسَا ࢽَاجِ يَࢽَاڧࣸوڢَرْ غَبَسْ,مَالَمْ غَجٜيٰرٜيٰ ࢽَدَامࣸواألْحَاجِ  غِدَࢽْسَاࢽَاجِ يَࢽَاڧࣸوڢَرْ غَبَيْ
کَدَ,1
40,2
يَثٜيٰ دَمࣸواْوَتَرَاࢽَاࢽَاذࣸوَا   مَاسࣸودَاوَسࣸيْ رࣸࢽْبࣸࢽْ ڧَسَا,يَثٜيٰ دَمࣸواْوَتَرَاࢽَاࢽَاذࣸوَا  مَاسࣸودَاوَسࣸيْ رࣸڧْبࣸࢽْ ڧَسَا
إِذَࢽْ کࣸوَاسَيَيَّرْتَاکَشٜيٰ غَابِيَاࢽَسَ ؞  کࣸسَࢽْ کࣸمَ سَيْ شَيْدࣸ ڢَ کَطَيْ إِࢽْجِ أَحْمَدَا,إِذَࢽْ کࣸوسَيْيَرْ تَاکَشٜيٰ غَابِيَاࢽَسَ ؞  کَسَ کࣸم سَيْ شَيدࣸوَکَطَيْ إِࢽِجِأَحْمَدَا
2,2
بَکࣸ سَࢽْ ءَايَرْ أࣸبَࢽْ غِجِيبَا,بَکࣸ سَࢽْ ءَايَرْأࣸبَࢽْ غِجِيبَا
سَىْ أࣸوَاتَشِغَرْمَ وَࢽْکَا    شِࢽْڢࣸطَاغࣸواْيࣸواْدَکࣸوکَا,سَيْ أࣸوَاتَشِغَرْمَ وَࢽْکَا  شِࢽْڢِطَاغࣸواْيࣸواْدَکࣸوکَا
مَالَمََا بِدِعَاࢽٜيٰ ڧَامࣸسَࢽْ  بَڧَرْجَکَاسَيْ حَࢽْجِي کَاذࣸبَا,مَالَمَابِدَعَاࢽٜيٰ ڧَامࣸسَࢽْ  بَڧَرْجَکَاسَيْ حَࢽِّجِي کَاذࣸبَا
شِي کَسَاأَيِ رَاݒٜيٰ رَاݒٜيٰ    بَيْيِ کَيْوْ لِمَࢽْ شِتَاݒٜيٰش,شِي کَسَاأَيِ رَابٜيٰ رَابٜيٰ  يَيْيِ کَيْوْلِمَࢽْ شِتَابٜيٰ
عٜيِمْبٜ وَࡶَنَّهࣸ نࣽکَنْکࣽ صَادِڡࣻ کࣽفࣽمْطࣽطࣸ,عٜيِمْبٜ وَأَنَّهࣸ نࣽکَنْکࣸ صَادِوࣽ کࣽفࣽمْطࣶطࣶ
کࣸواْغَ جࣸويٜيٰوَا أَڧࣸرْيَا    بَاأّمَاوَࢽْکࢽْ دَࢽِيَّا,کࣸواْغَ جࣸويٜيٰوَاأَڧࣸرْيَا  بَاأَمَاوَࢽْکَࢽْ دَࢽِيَّا
تࣸࢽْ أَرَاࢽَرْحَيْهࣸوَاࢽٜى    طَاسࣸکٜىٰ مَيْشٰٜشِ أَرْࢽٜىٰ,تࣸࢽْ أَرَاࢽَرْحَيْهࣸوَاࢽٜيٰ  طَاسࣸکٜيٰ مَيْشٜىٰشِ أَرْࢽٜيٰ
والصلاوالسلامࣸ على,والصلاة والسعامعلى
وَسࣸ کࣸواْ سࣸمَتى أَتَڢْکِى وَسࣸ کࣸواْسَࢽَدِࢽْسࣸ طَاکِى,وَسࣸ کࣸواْسࣸمَثٜيٰ أتَڢَْکِي  وَسࣸ کࣸواْسَࢽْدِࢽْسࣸ طَاکِي
مَيْغِدَاطَيَ مَيْ لِغَاڢَا   وَاڧِعَاأَکَمَࢽْ ࢽَشَاڢَا,مَيْغِدَاطَيَ مَىْ لِغَاڢَا  وَاڧِعَاأَکَمَࢽْ ࢽَشَاڢَا
طَاشِࢽَاوَࢽْکَࢽْ أࣸبَࢽْسَ    شِي أࣸبَاࢽَاوَࢽْکٜيٰ طَࢽْسَ,طَاشِࢽَاوَࢽْکَࢽْ أࣸبَࢽْسَ  شِي أࣸبَاࢽَاوَْکٜيٰ طَࢽْسَ
6,1
تَارࣸوَࢽَّࢽْ ࢽَادَمࣸوࢽِي    دࣸࢽْ أَبِࢽْ يَارَاذَࢽَاࢽِي,تَارࣸوَࢽّࢽْ ࢽَادَمࣸوࢽِي  دࣸࢽْ أَبِࢽْ يَارَاذَࢽَاࢽِي
کࣸوْاْدَامَاتَرْسَ بَيْ رَغٜيٰبَا,کࣸوْاْدَامَاتَرْسَ بَيْ رَغٜيٰبَا
إِذَاْکࣸوَايَجٜي بَيْ غَسْکَࢽْ تَا شِبَ کࣸࢽْجِيَا ؞  صَلَ ࢽَسَ کࣸوࢽَاأرْبَعِيࢽْ بَابࣸ کࣸوغࣸدَا,إِذَࢽْ کࣸوَايَجِ يَيْ غَسْکَࢽْ ࢽَاشِدَ کࣸࢽْجيَا ؞  صَلَࢽَسَ کࣸوࢽَاأَࢽْ يَڢِيَࢽْ بَابࣸ کࣸوغࣸدَا
ا,1
ِٜأَࢽْ شَاشِࢽٜيٰ ࢽَغَرْتَا    تࣸواْ بَرٜيٰ أَࢽْبَاکَ کَيْوْتَا,وَࢽْ ࢽَڧَاشِيٜيٰ ࢽَغَرْتَا تࣸواْبَرٜيٰ أَࢽْبَاکَکَبْرَتَا
وْࢽْدَاَلْڧَاضِ يَيْ تَبَّتْ حَڧِيڧََا,وَࢽْدَاَلْغَاضِي يَيْ تَبَّتْ حَڧِيڧَا
13,1
کَامِلِي أبَرِࢽْ عَدَاوَا    ذࣸوثِيا تَسَ بَاطَغَاوَا,کَامِلِي أَبَرِࢽْ عَدَاوَا ذࣸوثِيَاتَسَ بَاصَلغَارَا
19,1
کدوبا دغ ࢽصي حرغشرها    بيوࢽ کاڢري بلي ࢽصارا,کدوبادغ ࢽصي حرغشرها  بيوࢽ کاڢري بلي ࢽصارا
إدَࢽْ سَࢽْڢَتࣸو بَاکَسࣸو کَغَࢽٜي سࣸ  سࣸکَوشَ دَذِ لاࣸمْتَاࢽٜي زِࢽَا,إِدَࢽْ سࣸࢽْڢَتࣸوبَاکࣸسࣸوکَغَࢽٜي سࣸ سࣸکَوشَ دَذْلَامْتَاࢽٜي زِࢽَا
إࢽْ أَکَىْ رࣸومࣸواْدَجَاݒَا    وَࢽْدَکࣸوتَمَثٜىٰ رࣸݒَݒَّا,إِࢽْ أَکَيْ رࣸومࣸواْدَجَابَا  وَࢽْدَکࣸوتَمَثٜيٰ رࣸبَبَّا
ڢىءال عمࢽ اࢽ ثم ا لکهو فدثبتت ؞ والنمل يبدي صحيم الفل مࢽ فبل,ڢى والى عمى اࢽ غم الکهڡ فدبتت ؞ والخل يدي جبم النعل مࢽ فل
سى يثٜىم,سي يثٜم
صَحَبَيْ مَأيْکِي کࣸمَ غࣸدَاحࣸطࣸ سࣸࢽْ تَهࣸوا ؞ سࣸومَاسࣸࢽَاذَ،ْࢽٜيٰ وࣸرِࢽْ سِيدِ أَحْمَدَا,صَعَبَي مَأَيْکِي کࣸمَ غࣸدَاحࣸطࣸمࣸࢽْ تَهࣸوا ؞ سࣸومَاسࣸࢽَاذَمْࢽٜي وࣸرِرْࢽِبْدِ أَحْمَدَا
وࣸتَادَکٜيٰ سَاوَرْسارِڧَيْ    تَاڢِي سَوْرِࢽْ ڧࣸوࢽَامࣸࢽجيَا,وࣸتَادَکٜيٰ سَاوَرْسَارِڧَيْ  تَاڢِي سَوْرَࢽْ ڧࣸوࢽَامࣸࢽْجِيَا
.اميࢽ,ااميࢽ
مَاتَامَاعَشٰٜى سࣸࢽَاسَࢽْ ࢽَکِرْکِى    دَࢽْࢽِى ࢽَاغَ سࣸࢽڢِ سَࢽْ مَىْ صَࢽَاعَ,مَاتَامَامَشٜيٰ سࣸࢽَاسَࢽْ ࢽَکِرْکِي  دَࢽْࢽِي ࢽَاغَ سࣸࢽْڢِ سَࢽْ مَيْ صَࢽَاعَ
کَلَ نِطّࣸڢࣸمْ عَدّࣸيْطࣸ الله عٜمَغْمࣸمْ وࣸطَيَࢽْ عٜدࣸنْيَاسࣸودࣸحࣸيْدࣸدࣸتٜدَّتَا,ڢَࢽَنِطࣸڢࣸمْ مَذࣸبطࣸ دࣸلَّه عٜمَعَمࣸمْ دࣸعْلٜيٜࢽْ عٜدࣸنْيَاسࣸدࣸ حࣸيْدࣸوࣸفْذْمتَا
جِبْرِيلࣸ يَاکَاوࣸو غَسِيدِ مࣸحَمَّدَا ؞ أّسَࢽْ بَاشِ سَاݒَ وَاوَسَرْکِࢽْ مࣸحَمَّدَا,جِبِرِيلࣸ بَاکَاوࣸوغَسِيْدِ مࣸحَمَّدࣸ ؞ أَسَيْ بَاشِ سَابَ وَاوَسَرْثِࢽْ حَمَّدَا
شِکٜيٰ کࣸوْاْشِيمَابَذَيْ إِيَابَا,سَإࢽْ ࢽَࢽَأسَسَرْسَىْ يَثٜىٰ أَثِکْ لَلَࣸا
غَاڢَرْتَ مَالَمْ ࢽِي ࢽَيْتَࢽْبَيَا    إِࢽْ مࣸࢽْتَرَسْ دَغࣸلَابٜيٰ سࣸࢽْڧَڢٜيٰ,غَاڢَرْتَ مَالَمْ ࢽِي ࢽَبَّتَࢽْبَيَا   دإࢽْ مࣸࢽْࢽَرَسَ دَغَلَبٜيٰ سࣸࢽْڧَڢٜيٰ
رَبَّࢽَايَابَاکَ هࣸجَّا     وَدَّبَاثَ غَمَيْدَرَجَّا,رَبَّࢽَابَابَاکَ مࣸجَّا  وَدَّبَاتَࢽ غَمَيْدَرَڢَّا
وَطَࢽْغَ ڢَسࣸوا أوَّاجِِبِي بِسَ مࣸومِࢽِ    دَيَشَّيْدِ اَللَّهْ يَڢَّشَيْدِ مࣸهَمَّدَا,وَطَࢽْغَ ڢَسࣸواأَوَّاجِبِي بِسَ مࣸومِࢽ  دَيَشََيْدِ اَللَّهْ يَڢََّيْدِ مࣸحَمَّدَا
غࣸࢽْ مِجِي يَتَهࣸواْ يأيْکࣸوْاْ   کَࢽْ تَجٜيٰ مَسَ يَايِي سَاکࣸوْاْ,غࣸࢽْ مِجِي يَتَهࣸواْيَأَيْکࣸوْاْ  کَࢽْ تَجٜيٰ مَسَ يَايِي سَاکࣸوْاْ
غَاوࣸتَادَذࣸوَاأَمِيڧَا   حَرْمَذَاجٜيٰ مَاسࣸ لٜيٰڧَا,غَاوࣸتَادَذࣸوَاأَمِيڧَا حَرْمَذَاجٜيٰ مَاسࣸ لٜيٰڧَا
ࡶَلْوࣸ ضࣸو ءࣸ سَلِّفِح ڢَرْ ضࣻ کࣽڢَرِ ضَّ وَ ڢَرَا ءضࣸهࣸ,ࡶَلْوࣸضࣸوءࣸسَلِّفِ ڢَرْضࣻ کࣽڢَرِضَّ وَڢَرَاضْهࣸ
وَࢽْسࣸ بَسࣸ بِيشِ سࣸࢽْ ڧِيَا سࣸࢽْبِ ضِدِّي   مَاسࣸ يَاوࣸࢽْ ڧَسَاسࣸࢽَايِࢽْ ڢَسَادِي,وَࢽْسࣸ بَسࣸ بِيشِ سࣸࢽࢽْ ڧِيَاسࣸࢽْبِ ضِدّ مَاسࣸ يَاوࣸࢽْ ڧَسَاسࣸࢽَايِرْ جَسَادِب
نعم شى يعت خي الخلڡ ناسخة ؞ غيرلمواڢڡ للمشروع مࢽنحل,نعم ش بعة خي الخلڡ نامخة ؞ غجࢽ الواڢڡ للمشر وم مࢽ نل
واعلم باࢽ وجودالله فدشحدت ؞ بما لٜى اهيࢽ ڢلنفص ولا نطل,واعلم ڢاࢽ وجودالله فدمشهت ؞ به الى ايࢽ ڢلذفص ولانطل
کࣸلࣸورَإِدَࢽْ ذَࢽْثٜيٰ جَلَّ سَرْکِي عࣸبَࢽْغِجِ ؞  أَثِکِࢽْ کِتَابِي ࢽَسْ يَأَيْکࣸو غَأَحْمَدَا,کࣸلࣸورَادَذَذࢽْثٜيٰ جَلَّ سَرْکِي عࣸبَࢽْغِج ؞  أَثِکِࢽْ کِࢽَابِ ࢽَسْ يَأَيْکࣸوغَأحْمَدَا
ڢَرْکࣸوࢽْسࣸوعِبَادَ تَجَاهِلِ   بَاتَݣيْوَاوࣸرِࢽْدَأَکٜيٰذࣸوَا,ڢَرْکࣸوࢽْسࣸوعِبَادَتَجَاهِلِ  بَاتَکَيْوَاوࣸرِࢽْدَأَکٜيٰذࣸوَا
سَيْدَيْ کࣸمَ إِࢽْ بَزَيْ إِيَابَا,سَيْدَيْ کࣸمَ إِࢽْ بَزَࢽْ إِيَابَا
غَاکَيوْتَا بَادَ کࣸورْ مَتࣸوبَا,غَاکَيْوتَابَادَکࣸورْمَتࣸواْبَا
غَرْغَطِي,غَرْغَطِ
عَلَيْهࣶ وَسَلَّمَ جَمْ عٜکِسِيٜى وࣽنِى عٜمَکّࣽ,عَلَيْهِ وَسَلَّمَ جَمْ عٜکِسِيى وࣽنِ عٜمَکّࣽ
َزَارِِيَ؞,زَارِيَم
وَعْظࣸ أَࢽْيࣸوشِ يَࢽْ عࣸوا دࣸࢽْ کࣸڢَلْکَا    کࣸيِ تَڟࣸورࣸࢽْ عࣸبَࢽْغِجِ کࣸيِ تَکࣸوکَا,وَعْذࣸأَࢽْبࣸوشِ يَࢽْ عࣸوَادࣸࢽْ کࣸڢَلْکَا   کࣸي تَڟࣸورࣸࢽْ عࣸبَࢽْغِجِ کࣸي تَکࣸوکَا
کࣸسَࢽْ مَاسࣸ ثِࢽْرِبَ ثِلّࣸࢽَاسࣸࢽْڢِ تࣸولࣸࢽَاغَغِرْمَادَطَا أَࢽْبَيَّࢽَاسࣸ غَأحْمَدَا,کࣸسَࢽْ مَاسࣸ ثِࢽْ رِبَ ثِکࣸࢽَْاسࣸࢽْڢِ تࣸولࣸࢽَا  غَغِرْمَادَطَاأَࢽْبَيَّࢽَاسࣸ غَأَحْمَدَا
وَࢽْدَکࣸواْبَيْ ڧَرِيبَا   ذَيْ تَرَسْدَيَوَࢽْ أَزَابَا,وَࢽْدَکࣸواْبَيْ ڧࣸوْاْڧَرِيبَا  ذَيْ تَرَسْدَيَوَࢽْ أَزَابَا
ࡼيَديْࢽِ عٜبࣵنْتࣸدٜجࣸوطٜطٜࢽْ عِندَتَکْبِيرَةࣸ,ࡼِلبَدَيْࢽِ عٜبَنْتࣸدٜجࣸوطٜطٜࢽْ عِنْدَنَکْبِيرَةࣸ
غَامَذَاجٜيٰ شَاتَر سࣸࢽْثِکَا   دࣸوࢽْ أࢽْ ڟَرٜيٰ سࣸوبَسَاشَاکَوْثَرَا,غَامَذَاجٜيٰ شَاتَرْسࣸࢽْشِکَا  دࣸوأَࢽْ ڟَرٜيٰ سࣸوبَسَاشَأَکَوْتَرَا
تَهَوْ کَࢽْ کࣸجٜيرَا تَکَامٜي أطَاکِي,تَهَوْکَيْ کࣸجٜيٰرَاتَکَاجٜࢽْ أَطَاکِ
دَأَݣࣸيْ کࣸࢽَامَاسَيْ ڧَرِي ࢽَمࣸغࣸࢽْتَا    مَيْ طَࢽْ ڧَسَاوَامِجِي عَذَابَرْأَوْرٜيٰ,دَکࣸيْ کࣸࢽَامَامَيْ ڧِرِي ࢽَمࣸغيْتَا  مَيْ طَࢽْ طَسَاوَامِجِي عَذَابَرْأَوْيٜيٰ
أَغِدَࢽْ دَبَذَىْ بَڧِࢽْ ثِکِيبَا,أَغِدَࢽْ دَبَذَىْ بَڧِࢽْ ثِکِيبَا
تࣸࢽْ بَا مَکَطَادَ عَࢽْ دَ بࣸوْأَبَا,تࣸࢽْ بَامَکطَادَࢳَࢽْ دَبࣸوْاْبَا
دَڢَرَاغَ بَادَتَوْيࣸوَابَا,دَڢَرَاغَ بَادَتَويࣸوَابَا
أَلْکَوْثَرَ بَادَ تَࢽْبَيَابَا,أَلْکَوْثَرَبَادَتَࢽْبَيَابَا
2,6
ورضى عنه ويڢض علينا ديمت علومࢽ وبرکاته> ءاميࢽ,ورضي عࢽه ويڢيض عيناديمة عومه وبࢽ کاته> م اميࢽ
21,1
بَاسࣸدَيْ ڧَوْࢽَرْ حࣸشِࢽْسَا    دࣸࢽْ غࣸدࣸࢽْ سَاتَرْأَبِࢽْسَا,بَاسࣸدَيْ ڧَوْࢽَرْحࣸشِࢽْسَا  دࣸࢽْ غࣸدࣸࢽْ سَاتَرْ أَبِࢽْسَا
بَاکࣸوڟَ دࣸهࣸࢽْ کَبَاءِرَابَا,بَاکࣸوڟَ دࣸهࣸࢽْ کَبَاءِرَابَا
أّيْ بَامࣸوکٜيٰدَغَاڢَرَابَا,أَيْ بَامࣸوکٜيٰدَغَاڢَرَابَا
إِࢽْڢَ کَاذࣸوٜࣸرِࢽْ جِهَادِي جِذَࢽْثٜيٰ  يࣸوجِهَادِي غَجَلَّ دࣸࢽْ کَرْکَمَࢽْثٜيٰ,إِࢽْڢَ کَاذࣸووࣸرِࢽْ جِهَادِي جِذَࢽْثٜيٰ   يࣸوجِهَادِي غَجَلَّدࣸࢽْ کَرْ کَمَࢽْثٜيٰ
إࢽي حمده,ا
أبِرْࢽِࢽْ کَࢽࣸواْ کَاجِ سࣸوࢽَࢽْةَ يَلوَا  کࣸواکࣸواْتَثٜي بِࢽْةَ مَيْ أدࣸوَا,أَبِࢽٜيٰ کَࢽواْکَاجِ سࣸوࢽَࢽْةَ يَلوَا   کࣸواْکࣸواْتَثٜيٰ بِࢽْغَ مَيْ أَدࣸوَا
38,1
3,1
رَبَّࢽَاشِکٜىٰدَغِرْمَا    شِى کَکَيْوْتَاوَرْمَ کࣸوْاْمَا,رَبَّࢽَاشِکٜيٰدَغِرْمَا شِي کَکَيْوْتَاوَرْمَکࣸوْاْمَا
ڟَرِي کࣸسّࢽْ سࣸࢽَاࢽٜيٰ وَاجِبِي    مࣸوَکَّدِيࢽٜيٰ مࣸسࣸلْمِي کࣸࢽجِيَا,ڟَرِي کࣸسَࢽْ سࣸࢽَاࢽٜيٰ وَاجِبِي  مࣸوَکَّدِيࢽٜيٰ مࣸسࣸلْمِي کࣸࢽْجِيَا
إࢽْذَاکَ الدِّيࢽِ کَبَرْ سࣸࢽْ يࣸودَرَا  مَيْسࣸࢽْ حَڧِيڧَا ڢَايَثࣸوْتَرْࢳࢽْ عࣸوَا,بِࢽْذَاکَ اَلدِّيࢽ کَبَرْسࣸࢽْ بࣸودَࢽْ   مَيْسࣸࢽْ حَڧِيࢽْدَبَايَتࣸوتَرْجِࢽَ عࣸروَا
بَاذَࢽْ ثِرىٰ ذࣸوثِيَرْ ذࣸوَابَا,بَاذَࢽْ ثِرٜيٰ ذࣸوثِيَرْذࣸوَابَا
حَࢽْڧࣸرِي يَاغَاغَرٜيٰسࣸ   دࣸࢽْ بَڧَࢽْتَرْذࣸوثِيَرْسࣸ,حَࢽْغࣸرِي يَاغَاغَرٜىٰسࣸ  دࣸࢽْ بَڧَࢽْتَرْذࣸوثِيَرْسࣸ
مَࢽْ يَشَاءࣸ وَيَڢَکَّهࣸ عَمَّࢽْ يَشَاءࣸ ڢِي المڧَامَات,مَࢽْ يِتَهࣸ وَيڢَکَّهࣸ عَمَّࢽْ يَتَاءڢِي المڧَمَاتَ
زَمْࢽٜيٰ غࣸوࢽَسَ مَيْ بِطࣸووَا بَࢽْدَإِثّٜيٰ کࣸواْ ثِيَاوَا,زَمْࢽٜيٰ غࣸوࢽَسَ مَيْ بطࣸووَا  بَࢽْدَإِثٜيٰ کࣸواْثِيَاوَا
کَرکَيَردَ دَمَيکَسَالَه غࣸࢽ اَبࣸوتَادَࢽْ جَهَالْه,کَرْکَيَرْدَدَمَيْ کَسَالَهْ  غࣸࢽْ أَبࣸوتَادَࢽْ جِهَالَهْ
َََّمَيْسࣸࢽ حَڧِيڧَا بَايَڟࣸورࣸࢽڟٜي غࣸمِي مَيْکِࢽ طَبِيعا بَايَذَࢽْ ڧِࢽْ ع,مَيْسࣸࢽْ حَڧِيڧَابَايڟࣸورࣸࢽْڟٜي غࣸمِي  مَيْکِࢽْ طَبِيڢَابَايَذَࢽْ غِࢽْ ࢳٜࢽْ عࣸوَا
سَابِسْ 1 أَݣَيْ رَشِࢽْ ثَاجِ 2 أَݣيْ ڧَارٜيٰوَرْ کࣸطِي أَحَࢽْسٜتْ3,سَابِسِْ أَکَيْ رَشِࢽْ ثَاجِوَ أَݣَيْ ڧَارٜيٰوَرْکࣸطِي أَحَࢽْسَةِّ
شيخ,شِيض
شِيدَاَلْجَࢽَّ اࣸاّࣸتَبَّتْ حَڧِيڧََا,شِيدَاَلْجَࢽَّ أࣸاَّتَبَّتْ حَڧِيڧَا
سَيْدَ يَذَّکࣸ ࢽࣸࢽَ تࣸربَا   کࣸواْ دࣸهࣸوبَيْ وَرْ ڟَکٜيٰبا,سَيْدَيَذَکࣸ ࢽࣸوࢽَ تࣸرْبَا کࣸواْدࣸهࣸوبَيْ وَرْڟَکٜيٰبَا
والصلى والسلم,ولالن
شࣸوغَبَادࣸࢽْ ڢَاسِڧَࢽْثِي    وَࢽْدَکٜيٰ ڧَوْࢽَرْأَمِࢽْثِي,شࣸوغَبَادࣸࢽْ ڢَامِڧَࢽْثِي  وَࢽْدَکٜيٰ ڧَوْࢽَرْأَمِࢽْثِي
يَثٜيٰ أَبِࢽْ دَذَيْسَاوَاأيْ ڢَرِي  سࣸوغࣸومَا شَاعࣸکࣸ  ذَࢽْ ذَامَکࣸو,جَرْيٰ أَسࣸوْ دَذَيْسَاوَأَأَيْ ڢَرِي  سࣸوغࣸومَ شَاعࣸکࣸ ذَࢽَذَامَدࣸو
٢٩   طَࢽْ أࣸوَا بَاوَا مَشِيْـءَا  سࣸواْشِ دࣸوامِࢽْ کَبࢽ طَبِيعَا,٢٩طَࢽْ أࣸوَابَاوَامَشِيعَا  سࣸواْشِ دࣸواْمِࢽْ کَࢽِࢽْ طَيعَا
جَمَعَ کࣸسَوْرَارٜيࢽِ غَوَتَ تَࢽْبَيَ  شِࢽْوَا يَغَاࢽٜي مِࢽْ حَلِࢽْسࣸ مࣸتَاࢽٜيٰ,جَمَعَ کࣸسَوْرَارٜيٰࢽِ غَوَتَ تَࢽْبَيَ  شِࢽْوَايَغَاࢽٜيٰ مِࢽْ حَلِࢽْسࣸ مࣸتَاࢽٜيٰ
يَا جٜيطࣸ عَرْشِ عٜکرْسِ جࣽࢽ کَمّࣸولِڢࣽوْ جࣸࢽ لٜيْطٜ تَڢࣸطࣽ کࣽوࣽنِعٜمࣸمْ کࣽمِهࣸنَّتَا,يَاجِيْطࣸ عَرْشِ عٜکࣸرْسِ جࣸࢽ کَمّࣸولٜڢࣸوْ جࣸࢽَليْطࣶ تَفْطࣸ کࣸوࣸتْعمࣸمْ کࣸمهࣸنَّتَا
سَيْ ذَمَادَرَشِࢽْ مࣸتࣸࢽْثِ   کࣸلْ مَأَوْرَاࢽَاأَدَلْثِ,سَيْ ذَمَادَرَشِࢽْ مࣸتࣸࢽْثِ  کࣸࢽْ مَأَوْرَاࢽَاأَدَلْثِ
ولࢽ يموت امن ؤڢتلا اجل ؞ بل حکمه واحدنا الرزڡ والاجل,ولࢽ ببوت ام فخنل بلا اجل ؞ بل حکه واحدن للرذڡ والاجل
بَاسࣸ ڧِوْيَرْتَيْمَکࣸࢽْسࣸ    يَاکَمَاتَ يَتَيْمَکٜىٰسࣸ,بَاسࣸ ڧِوْيَرْتَيْمَکࣸࢽْسࣸ  يَاکَمَاتَ يَتَيْمَکٜىٰسࣸ
عبد الوهاب,1
تَمْبَرِࢽْتَ غَرٜيٰمࣸ کࣸوکاَ إِࢽْدَرَاࢽِبَاإِࢽْدَکَاکَا,تَمْحَرِࢽْتَغَرٜيٰمࣸ کࣸوکَا  إِࢽْدَرَاِࢽِدِ إِࢽْدَکَاکَا
کَرْکَسࣸوْاْأَوْرٜيࢽْ ڧِيَيَّا   کࣸوْاْأࣸوَرْࢳَاکࣸوْاْأَمَرْيَا,کَرْکَسࣸوْاْأَوْرِࢽْ ڧِيَيَّا  کࣸوْاْأࣸوَرْجَاکࣸوْاْأَمَرْيَا
سࣸࢽْ غَذَوَࢽْکٜيٰ تࣸڢَادَتࣸݣࣸاࢽٜيٰ   سࣸࢽْڧِ کࣸلَا دَأبِࢽْ ثِ سࣸکَوْتَا,سࣸࢽْ غَذَوَࢽْکٜيٰ تࣸڢَادَتࣸکَاࢽٜيٰ  سࣸࢽْيِ کࣸلَ دَأَبِࢽْ ثِ سࣸکَوْتَا
سࣸبِيَࢽْ سَرْکِࢽْسࣸ بَابَعَابَا  کاج,سࣸبِيَࢽْ سَرْکِࢽْسࣸ بَابَعَابَا
کَأَجٜىٰمࣸ أدَامَ طَࢽْسࣸوَيْبَا,کَأَجٜيٰمࣸ أَدَامَ طَࢽْسࣸوَيْبَا
کࣸوعَوْرٜىٰ مࣸتِࢽْ يَࢽٰٜمَاغَرِࢽَّࢽْ    بَاعَابَاشِ سَيَّࢽَايِࢽْ صَࢽَاعَ,کࣸوعَوْرٜيٰ مࣸثِࢽْ يَࢽٜيٰمَاغَرِࢽَّࢽْ  بَاعَابَاشِ سَبّيࢽَايِࢽْ صَࢽَاعَ
اي العبد؞,اا
شِي ذَاشِ ڟِرَيَجٜىٰ يَغِرْبَا,شِي ذَاشِ ڟِرَيَجٜيٰ يَڧِرِبَا
دَسࣸکَ غَࢽْشِ سَيْ غِرْکَ مَدَاڢࣸوا ؞  غࣸࢽِࢽْ يَوَاکَذَابِࢽْدࣸ غوغِࢽْسࣸ مَڧِيَامࣸحَمَّدَا,دَسࣸکَ غَࢽْشِ سَيْ غِرْکَ مَدَاڢࣸوا ؞  غࣸࢽْ يَوَاکَذَابࣸࢽْدࣸ غࣸوࢽِࢽْسࣸ مَڧَِامࣸمَدَا
بَامَىْ وَايࣸࢽْ ذَمَࢽْ دࣸهࣸوبَا,بَامَيْ وَابࣸࢽْ ذَمَࢽْ دࣸهࣸوبَا
مࢽ يَّࢽْ ࢽصاري بِتْرکِ بِرْࢽِيسࣸ  حرجِهْبِذِࢽْسࣸ دَلله ذࣸوَاکَلࣸࢽْکَا,مَࢽ يَࢽْ ࢽَصَارَيٰ بِثرِکِ بِرْࢽِࢽَسࣸ حࣸرجَڧْبِذِࢽْسࣸ دَللم ذࣸوَاکࣸلࣸࢽْکَا
ڢالجوهر الڢردوالا جسام حادثت ؞ کذاک اعى ا ضها لا ڢى ڡ ڢى المثل,ڢاڢوه الڢ دوالاجسام حادت ؞ کذاک اعࢽ اضهالا ڢى ڡاڢى المثل
تَکَࢽْ غٜي رَ طَاکِ دَکَايَࢽْ أدࣸوا  ڢࣸلࣸولِي کَتِيڢࣸواتطࣸور غَدࣸواْ,تَکَࢽْ غٜࢽ رَکَاکَ دَکَايَࢽْ أدࣸوَا   ڢࣸلّࣸولِي کَتيڢواتَطور غدّࣸ
أَکَيْ وَࢽِ دَاطِي ࢽَࢽْ دَيَڢِّ ࢽَجَࢽَّتَا   غَࢽِࢽْ جَلَّ سَرْکِي وَࢽْدَيَابِ اَحْمَدَا,أَکَيْ وَࢽِ دَاطِي ࢽَࢽْ دَيَڢِّ ࢽَجَࢽَّتَا  غَࢽِࢽْ جَلَّ سَرْکِي وَࢽْدَيَذَّابِ أَحْمَدا
وهب لفاربى عڢواومغڢرة ؞ وافبله منى ڢذاسؤلى وذاامل,وصب لفارب عجواومغڢة ؞ وافبله منى ڢذاسولى وذاامل
غࣸࢽْسَ مَاأَࢽْسࣸواْتࣸرَارٜيٰ   غࣸࢽْسَ دࣸوࢽْ ڧَࢽْشِي يَکࣸورٜيٰ,غࣸࢽْسَ مَاأَࢽْسࣸواْتࣸرَارٜيٰ  غࣸࢽْسَ دࣸوࢽْ ڧَمْشِࢽي يَکࣸورٜيٰ
إِࢽْأَࢽْ رّࣸڢٜيٰ ڧࣸوڢࣸوڢِي ࢽَاجِيَا   خَيْرََادشَرََا دࣸودَيْدَيْ سࣸکٜيٰ,إِࢽْ أَࢽْ رࣸڢٜيٰ ڧࣸوڢࣸوڢِيي ࢽَاجِيَا حَيْرَادَشَرَادࣸودَيْدَيْ سࣸکٜيٰ
يَايِي هࣸورࣸواْ بَادَ کَࢽْغَرَابَا,يَايِي هࣸورࣸواْبَادَکَࢽْغَرَابَا
ڢَلَيْسَ,ڢل
مَمَّࢽْ تࣸکࣸرْکويَاجِ غَطَࢽْ حَوَي   عࣸثْمَاࢽࣸ ڢࣸودِيࣸ شَيَخࣸ مࣸجَدَّدِ,مَمَّࢽْ تࣸکࣸرْکࣸويَاجِ غَطَࢽْ حَوَي  عࣸتَمَاࢽࣸ ڢࣸودِيࣸ شَيْخࣸ مࣸجِذِدِ
ذاأَطٜيٰبٜيٰ أَلْبَرْکَرْڧَسَا  وࣸرِࢽْدَمٜيٰ سَبْعࢽْ بَاعَابَکࣸيْ,ذَاأَطٰٜبٜيٰ أَلبَرْکَرْڧَسَا  وࣸرِࢽْدَمٜيٰ سَيْعِࢽْ بَاعَابَکࣸيْ
شِيْدَکَࢽْسَ بَلٜيٰ يَجࣸويَا جِࢽْ جِکِي يَاکَيْ ࢽِهَايَا,شِيْدَکَࢽْسَ بَلٜيٰ يَجࣸويَا  جِࢽْ جِکِي يَاکَيْ ࢽِهَايَا
أَمَّابَايَدَّأَمْڢَطِيبَا,أَمَّابَايَدَّأَمْڢَطِيبَا
دَمَيْرَطَرْوَࢽِي مَيْزࣸمْطَࢽْوَࢽِي   إِࢽْ يَّيْ عِبَادَالاَدَࢽْ بَايَوَا,دَمَيْرَطَرْوَࢽِي مَيْزࣸمْطَࢽْوَࢽِي  إِࢽْ يَيْ عِبَادَالَادَࢽْ بَايَوَا
يَثٜيٰ دَأَحْمَدࣸ إِࢽْ غَيَامࣸکَ  أَبࣸࢽْدَتَاجِ وࣸرِࢽْ مَالَمْ حَسَࢽْ,يَثٜيٰ دَأَحْمَدࣸذَإِࢽْ غَيَامَکَ  أَبࣸࢽْدَࢽَاجِ وࣸرِࢽْ مَّالَمْ حَسَࢽْ
والاليڡ البٰسط لا يليڡ بنا ؞ تکڢى الاشارة راجع کتبهم تصل,والاليڡ الجبسط لا کࢽ لا يليڡ بنا ؞ تکڢى الاشارة زاجع کتبه تصل
غَࢽْ تَلِى کࣸوکࣸويَࢽْذࣸذَࢽْ تَرْبَيٰکࣸ    مَيࢽٜىٰ ࢽٜىٰ يَسَاکࣸکٜىٰ ڧِࢽْ صَࢽَاءَ,غَࢽْ تَلِي کࣸوکࣸويَࢽْذࣸذَࢽْ تَࢽْبَيٰکࣸ  مَيْٜيٰ ࢽٜيٰ يَسَاکࣸکٰٜ ڧِࢽْ صَࢽَاعَ
حَابٜىٰ إࢽْ مࣸتࣸوَاتَأَوْکࣸ   مَالَمَࢽْ کٜىٰ ڧَرْڢَڢَاکࣸ,حَابٜيٰ إِࢽْ مࣸتࣸوَاتَأَوْکࣸ  مَالَمَࢽْ کٜيٰ ڧَرْڢَڢَاکࣸ
دࣸࢽْ تَدَاطَطَ ذࣸوثِيَکَا    سَادࣸوَرْکَ دَشَاڧࣸوَرْکَا,دࣸࢽْ تَدَاطَطَ ذࣸوثِيَرْکَا سَادࣸوَرْکَ دَشَاڧَوَرْکَا
سࣸکَ بَرْسࣸ سࣸکَ کࣸومࣸوا ࢽَصِيحَ تَأَحْمَدࣸ ؞ کࣸوذَا سࣸتࣸوبَ سࣸکَامَ سࣸࢽَرْ مࣸحَمَّدَا,سࣸکَ بَرْسࣸ سࣸکَ کࣸومࣸواࢽَحِيوَࢽَأَحْمَدࣸ ؞ کࣸوذَاسࣸتࣸوبَ سࣸکَامَ سࣸࢽَرْمࣸمَّدَا
اوغاب عناولم تشده اعنينا ؞ والمثل کالمثل ت المعفول مࢽ يدل,اوخاب عناولم نذده اعنننا ؞ والمثل کالمثل ت المعفول م جدل
کَرْشِسَاتَ أَمَيْ کَسَالَا   کَاغَ مٰتَايٜيٰࢽْغَ جِمْلَا,کَرْشِسَاتَ أَمَيْ کَسَالَا  کَاغَ مَتَايٜيٰࢽْغَ جِمْلَا
ڟࣸبْرِࢽْ أَبَاأَکَبَيَّࢽَاشِ مࣸحَمَّدࣸ ؞ مَهْدِ وَلِيِ اِللَّهِ کَاکَاࢽْسَ أَحْمَدَا,ڟࣸرْرِࢽْ أَبَاأَکَيَبَّࢽَاشِ مࣸحَمَّدࣸ ؞  مَهْمِ وَلِي اللَّه کَاکࣸࢽْسَ أَحْمَدَا
أَݣيْ وَتَابࣸولَالَرْوࣸتَاتَࢽَاالَاخِرَا ؞  غَمَاسࣸ ڢِتَاڢَ دَطَوْکَکَ مࣸرْيَاوَسَرْمَدَا,أَکَيْ وَتَابࣸولَالَرࣸوࣸتَاتَࢽَاالَاخِرَا ؞  ڧَمَاسࣸ ڢِࢽَاوَدَطَوْکَأَمࣸرْيَاوَسَرْمَدَا
مَاغَࢽِࢽْ شَاکࣸوْاࢽَشَاڢِ     مَاسࣸ ݣَيوْتَ جِکِي دَجَوْڢِ,مَاغَࢽِࢽْ شَاکࣸوْاࢽَشَاڢِ  مَاسࣸ کَيْوْتَ جِکِي دَجَوْڧِي
ࢽَهࣸطࣸࢽْسࣸ دࣸࢽْيَا کࣸࢽجِ مَڧِيَمّࣸ کٜيٰ ࢽَيْ ؞  کࣸوَوَإِسَکٜيٰ سࣸوجَاشِ ࢽٜيسَ غَأَحْمَدَا,ࢽَمࣸطࣸࢽْسࣸ دࣸࢽْيَاکࣸࢽْي مَڧِيَمّࣸکٜيٰ ࢽَيْ ؞  کࣸوَوَاإسَکٜيٰ سࣸوجَاشِ ࢽْسَ غَأَحْمَدَا
بَاتَ غِدَࢽْ إِيَابَاتَ ࢽَبَابَا   کَاجِ ࢽࣸڢِࢽْتَ تَشٜيٰٜࣻيٰ أَيَرْتَا,بَاتَ غِدَࢽْ إِيَبَاتَ ࢽَبَابَا  کَاجِ ࢽࣸڢِࢽْتَ تَشٜڧٜيٰ أَيَرْتَا
سلِي ؞,سلي
1,1
ࢽَسِّيࢽٜي يَثٜي بَعَاڧَرْيَتَابَا  کَرْعَکࣸسَࢽْثِي وَࢽْدَبَايَا صَࢽَاعَ,ࢽَسِيࢽٜيٰ يَثٜيٰ بَعَاڧَرْيَتَابَا    کَرْعَکࣸسَࢽْثِي وَࢽْدَبَايَاصَࢽَاعَ
4,1
اربعر,اربڢࢽ
إدَࢽْ کَاوِجِيْ شَاوَرَا تَارࣸوَࢽْکَا,إِدَࢽْ کَاوِجِيْ شَاوَرَاتَارࣸوَࢽْکَا
الهࣸمَّ أَحْڢِظَࢽَا مِࢽْ کࣸلِّ شَرِِّ,اَللَّهࣸمَّ أَحْڢِڟَࢽَامِࢽْ کࣸلْ شَࢽِّ
مڢت لعوم بى,ڢلع
مࣸرْيَا أَيْکࣸواْ بَزَي ڢَطِيبَا,مࣸرْيَاأَيْکࣸواْبَزَي ڢَطِيبَا
ڢصل نا اࢽ اسما ه تعلى توڢيڢيت,ڢصل نااࢽ اسحل ع تعلى توڢيفيت
مَغَࢽَرْ دَ تَذࣸودَوَدَتَکٜي ذࣸوَا  دࣸو رَبّࣸ شِيي يَڢَطِي سࣸ بَاوَتَبَاڧࣸوَا,کَغَࢽَرْدَتَذࣸووࣸودَوَدَتَکٜيٰ ذࣸوَا  ذࣸورَکࣸ شِيِي يَڢَطٜي سَْࣸاوَࢽَرْعࣸوَا
أَدّࣸعَرْدَسࣸکَيْمَ کَࢽْسࣸ    وَࢽْدَيَاڟَرٜيٰ تَيْمَکࣸࢽْسࣸ,أَدّࣸعَرْدَسࣸکَيْمَ طَࢽْسࣸ وَࢽْدَيَاڟَرٜيٰ تَيْحَکࣸࢽْسࣸ
دَلِيلِ وَمَا يَجْحَدࣸوا بَءَايَتࢽَا إِلَّاالْکَاڢِرࣸوࢽَ ؞ ڢَطَاثٜي تَسَرْکِي جَلَّ أࣸمَّ الْمࣸحَمَّدَا,دَلِيلِ وَمَايَحْحَدࣸوابَلَايَتِࢽَا إِللَأَلْکَڢِرࣸورࣸ ؞  ڢَطَاࢽٜيٰ تَسَرْکِي جَلَ أࣸمَّاَلْمࣸحمَّدَا
ڢذفدرالخلڡ والارزاڡ ناازل بل کل شى ي لعم بيديه ڢى الاجل,ڢذفدوالخلڡ والارزاڡ خ اذل به کل شي نعم ييڡ ب ڢى لاعل
کࣸتَيْ مَک جࣸوࢽَا کࣸࢽجِ أَيْ مࣸࢽْ غَيَامࣸکࣸ ؞ ڢَطَاثٜيٰ تَمَࢽْذࣸوسِيدِ أَࢽَّبِ أَحْمَدَا,کࣸتَيْ مَکَ جࣸوࢽَاکࣸࢽْجِ أَيْ مࣸࢽْ غَيَامࣸکࣸ ؞  ڢَطَاثٜيٰ تَمَࢽْذࣸوسِيدِ أَࢽْبِأَحْمَدَا
مَيْ ذَاکَثٜيٰ دَتࣸمْ أَڢِيلِࢽْ دࣸوࢽِيَا   کࣸومَيْ أبِࢽْدَ کَيࣸوبࣸرِسْ غَمࣸتَاࢽٜيٰ,مَيْ ذَاکَثٜيٰ دَمࣸتࣸمْ أَڢِيلِࢽْ دࣸوࢽِيَا  کࣸومَيْ أَبِࢽْدَکَيࣸوبࣸرِسَ غَمࣸتَاࢽٜيٰ
کࣽوِعٜتٜىٰ اِلاِسْلاَمࣸ هࣸوَࡻلطَّاعَةࣸطࣸنْلٜ کࣽطࣸڢْتَفࣸلْ,کࣽوعٜبّٜىٰ الاِسْلَاَمࣸ هࣸوَالطَّاعَةࣸطࣽنْلِ کࣽطࣽڢࣽنَفࣸلْ
ڢى منامه ما يطلبه مࢽ الا مورالمصيبةمثل الکشڡ والاصلاح,ڢصل امه صايطلبه مم الامورالصعيبه مبلى الکلسڡ وال
غَأَبِࢽْدَيَيِيشِ بَيْ سَࢽِيبَا,غَأَبِࢽْدَيَيِيشِ بَيْ سَࢽِيبَا
دَحَرَمْ تࣸࢽْ بَى حَطَمّࣸتَࢽْ بَا,دَحَرِمِ تَࢽْ بَيْ ࢽَطَمَّتَࢽْبَا
غَتࣸوذࣸوࢽَبِوصَلاَّ ڢَࢽَࢽْ أَکَتَࢽْبَيَا    ࢽَعࣸکّࣸ ڢَزَکَّا کَيْ مࣸ,غَتࣸوذࣸوࢽَبِوْصَلّاَڢَࢽَࢽْ أَکَتَࢽْبَيَا  ࢽَعࣸکࣸ ڢَزَکَّاکَيْ مࣸذَمْبِࢽْ مࣸحࣸمَّدا
وَࢽِذࣸوثِيَا تَيْ ࢽَا بࣸکَاتَرْ ࢳࢽْ عࣸوَا عمَّاڢَا بَاحَالِࢽْ زِيَرْ ࢳࢽْ عࣸوَا,وَࢽْذࣸوثِيدَاتَيْ ࢽَامࣸتَاتَرْࢳِࢽْ عࣸوَا   عَمَّاڢَي بَاحَالِࢽْࢽِ يَرْتَرمࢽْ مࣸوَا
وَنجَاعٜعَمْ برکٜيج مَکّࣸ طينࣸبٜ ڢࣽوْلَتِى نࣸطَبَّ مِوْ نّࣸمࣸطَبَّتَا,وَنْجَاعٜعَمْ بٜکٜيجِ مَکّ طٜينٜى ڢࣽوالِتٜى نࣸطࣽبَّ مِوࣽنْمࣸطࣽبࣸتَا
وما به النڢع ڢاسم الرزڡ يشمله ؞ ولو بغصب وملک غير مکتمل,وما به الڢع ڢاسم اله زڡ يشله ؞ ولوبفصب وملک غير مکتل
شِزَمࣸواْ بَأَيْشِ بَاتࣸڢَابَا,شِزَمࣸواْبَأَيْشِ بَاتࣸڢَابَا
8,6
دَمَيْرٜيٰࢽَ کࣸومَغَࢽَࢽْ أࣸوَايٜيٰ دَميْرَطَ    دَمَيْ حَسَدَادࣸکْبَاسࣸ ڟِيرَاغَأحْمَدَا,دَمَيْرٜيٰࢽَ کࣸومَغَࢽَࢽْ أࣸواَيٜيٰ دَمَيْرَطَ  دَمَيْ حَاسَدَادࣸکْبَاسࣸ ڟِيرَاغَأَحْمَدَا
عَلَيْهِ وَ سَلَّمَ جَمْ عٜکِسيى وࣽنِى عَٜکّࣽ أࢽَّ ࡻلْحَسَدࣸ,صَلَيْهِ وَسَلَّمَ جَمْ عٜکِسِيى وࣽنِى عٜمَکّࣸ ࡶࢽَّ ࡻلْحَسَدࣸ
لا بد تعفبا عࢽ ماض ندما ؞ کذاالمظالم ڢى اددهاولا تحل,لابدتحفبا عࢽ ما مى ندما ؞ کذاالطالم ڢل ددماولا تل
بَىْ تَارࣸدَوَࢽْدَيَىْ حَڧَابَا,بَيْ ࢽَارࣸدَوَࢽْدَيَيْ حَڧَابَا
بَأيْمَسَ کَيْتࣸوارَࢽْ ذࣸبِيبَا,بَأَيْمَسَࢽ کَيْتࣸورِࢽْ ذَبِيبَا
دَمَيْ کِسَّࢽْ کࣸوحَکَࢽَادَاَلغࣸشࣸ دࣸࢽْ سࣸسَࢽْ   ڢَبَاسࣸ ثِکِࢽْ جَمَعَا تَاَلࢽَّبِ أحْمَدَا,دَمَيْ کِسَّ کࣸوحَکَࢽَادَاَلڧࣸشࣸدࣸࢽࣸ سࣸسَْ ڢَبَاسࣸ ثِکِࢽْ جَمَعَاتَالࢽَّبِ أَحْمَدَا
ࢽَکࣸوثٜيٰ دَشَاهࣸوَکَيْ يَايَاسࣸکٜي  ࢽِيدَيْ إِࢽَاڢَاتَاإِࢽَاڢَاتَاإࢽْغَابوٰمࣸتَابوٰ,ࢽَکࣸوثٜيٰ دَشَاهࣸوکَيْ جَبَايَايَاسࣸکٜيٰ  ࢽِيدَيْ إِࢽَاڢَاتَاإِࢽْغَاࢽٜيٰ مࣸتَاࢽٜيٰ
مَاسࣸويَارَاکࣸسَامَکَرَࢽْتَا   کࣸبَرْسّکٜيٰ وَاکٜيٰ وَعَظِيࢽَسَىٰ,مَاسࣸوبَارَاکࣸسَامَکَرَࢽْتَا  کࣸبَرْسَکٜيٰ وَاکٜيٰ وَعَظِيࢽَسَىٰ
سࣸࢽَادَعَيْبِي إࢽْ بَسࣸتࣸوبَبَا     إࢽْ عَࢽْ سَکَاسࣸووࣸتَابَامَىْ ڢِتَا,سࣸࢽَادَعَيِْيَ إِࢽْ بَسࣸتࣸوبَبَا  إِࢽْ عَࢽْ سَکَاسࣸووࣸتَابَامَيْ ڢِتَا
طَيْ دَيإيِمَ کࣸووَتَبَّتْ حَڧِيڧَا,طَيْ دَيَايمَ کࣸووَتَبَّتْ حَڧِيڧَا
أَࢽْکَ رَايَابِرْبِشِࢽْت     دَاشِࢽَاهࣸومَرْسَرَوْتَ,أَࢽْکَ رَايَابِرْبِشِࢽْتَ  دَاشِࢽَاهࣸومَرْسَرَوْتَ
سَسَّڧٜىٰ سَيْوَاأَتࣸواْࢽࣸواْ   سَيْتَ شَاسࣸ کَمَرْدَبِيࢽࣸواْ,سَسَّڧٜيٰ سَيْوَاأَتࣸواْࢽࣸواْ  سَيْتَ شَشاسࣸ کَمَرْدَبِيࢽࣸواْ
کَمَرْ مࣸسَادَدَامࣸسَابَا,کَمَرْمࣸسࣸلادَدَامࣸسَابَا
دࣸومِࢽْ کࣸوَکَرٜىٰ عَکࣸوىْ مَاسࣸ سَࢽْسَ    بَامَيسَࢽْ مࣸتِࢽْ مَرَرْ صَࢽَاعَ,دࣸومِࢽْ کࣸوکَرٜيٰ عَکࣸويْ مَاسࣸ سَࢽْسَ بَامَيْسَࢽْ مࣸثِࢽْ مَرَرْيِࢽْ صَࢽَاعَ
وࢽࢽ کرامثي د الله ييمکا   ياڢور مخلوڧات دک سࢽبيکا,وࢽࢽ کراماثي داسم ييهکا  ياڢور مغلوڧات دࣸک سࢽبيکا
شکࢽ بيو سيغذاب غدا اغوغي    ولاتاشي ولا أب اࢽصارا,شکࢽ بيوسيعذ اب غدااغوغي  وࢽاتاشي ولااب اࢽصارا
دَيَاغَ کࣸطِࢽْکَ يَيْ کَمَرْذَايَڧࣸوَثٜي  شِيکࣸو بَيْدَ ڧࣸوڧرْيَيْ صَࢽَاعَ,دَيَاغَ کࣸطِࢽْکَ يَيْ کَمَرْذَايَڧࣸوَاࢽٜيٰ  شِيکࣸويَيْدَڧࣸوڧَرࢽْ يَيْ صَࢽَاعَ
الحمدلله رب العلميࢽ. تَمَتْ,الحمدلله رب العميࢽ دتَمَت
مࣸمْتࣸووࣸيࣸويࣸومَوْطࣸ کيْطࣸ عࣸمࣸمْتَتَا هَنتࣸومَ مࣸمْتࣸرࣸمَاطَ جَالࣸعْ جٜمْتَتَ,مࣸمْتࣸووࣸوࣸبࣸومَوْطࣸ کَيْطࣸ جَمࣸࢽْتَࢽْا  هَتْࣸوَمࣸمْࢽࣸ مَادَبَامَمْ جِمْتَتَا
وَحَلَابَاوَࢽْدَبَي غَمٜيٰبَا,وَحَلَابَاوَࢽْدَبَى غَمٜيٰبَا
يَاسࣸ کَيْ إِࢽْدَشَرْعࣸ ثَࢽْ أَࢽْکَ ڢࣸورَا   مَاسࣸ کࣸرࣸورࣸوَا دࣸکْ دَسَارَا,يَاسࣸ کَيْ إِࢽْدَشَرْعࣸ ثَࢽْ أَࢽْکَڢࣸورَا   مَاسࣸ کࣸويِࢽْ کَرࣸورࣸوَادࣸکْ دَسَارَ
هَرْدَبࣸوأيْکِࢽْ بَتَثّٜىٰ لࣸوطࣸ مَاطࣸغࣸومࣸࢽْجِ أࢽْثٜىٰ,هَرْدَبࣸوْأَيْکِࢽْ بَتَثّٜيٰ  لࣸوطࣸ مَاطࣸغࣸم مࣸࢽْجِ أَࢽْثٜيٰ
شِرْوَادَبَࢽْ غَڢِيَادَبَࢽْ جَاکَادَبَࢽْ  دَمثِيجِيَاأَثِکِࢽْسࣸ مَاتَࢽْ أَوْرٜيٰ,شِرْوَادَبَࢽْ إغَڢِيَادَبَࢽْ جَاکَادَبَ  دَمَثِيجِيَاأَثِکِࢽْسࣸ مَاتَࢽْ أَوْرٜيٰ
ࢽٜىٰ يثٜىٰ إࢽْذࣸواْࢽَدࣸوبِ   يَاذَمَࢽْسࣸ ثِکِࢽْ عَذَابَ,ࢽٜىٰ يَثٜيٰ إِࢽْذࣸواْࢽَدࣸوبِ  يَاذَمَࢽْسࣸ ثِکِࢽْ عَذَابِ
بَأَکَࢽْ ذَوْࢽَادَلَاڢِيَابَا,بَأَکَࢽْ ذَوْࢽَادَلَاڢِيَابَا
کࣸࢽِي سَࢽْثِ تَارِيَ دَسَرْکِي عࣸبَࢽْغِجِ ؞  کࣸيِ ࢽِيسَا دَيِࢽْ سِحْرِي إِذَࢽْ کࣸࢽْبِ أَحْمَدَا,کࣸࢽِي سَࢽْثِ تَارِرَدَسَرْکِي عࣸبَࢽْغِجِ ؞  کَبِي ࢽِيسَادَيْࢽْ سِحِرِي إِذَرْ کࣸࢽْبِ أَحْمَدَا
بَازَيْ إِيَ ڟَيْدَ جࣸمَعَابَا,بَازَيْ إِيَ ڟَيْدَجࣸمࣸعَابَا
بَکَاسَامِ يَسࣸ أَهَلَّکَابَا,بَکَ سَامِ يَسࣸ أَمَلَّکَابَا
فدثم مارمت من ذاالباب مࢽ غرض ؞ ڢافبله ولتدع لى بألخير وابتهل,فدثم مارمت مࢽ ذاالباب مࢽ غرض ؞ ڢافبله ولتذعم لى باکي وابنصل
اَللَّه إِࢽّارࣸوڧࣸࢽْکَ دَارَ الْجَࢽَّةِ  ءࣸمِّي وَأَبِي دࣸتْدَ جࣸمْلاَ ࢳࢽْ عࣸوَا,دَسَهْ إِࢽَارࣸوڧࣸࢽْکَ دَرَااَلْجَࢽَّةِ دࣸمِي وَأَبِي دࣸتْدَجࣸمْلَاجِࢽْ عࣸوَا
تَࢽَاعِيٰ ثٜيٰوَ مِجِ مَتَلَوصِي  کࣸودايَايِ کࣸطِࢽْ طَࢽْ تَاتَا,تَࢽَاعِيَ ثٜيٰوَمِجِي مَتَلَوْثِي کࣸودَايَايِ کࣸطَࢽْ طَࢽْ تَاتَا
أَࢽْ کࣸورٜيٰ مَيْزِࢽَىٰ دࣸومِࢽْ وَارِي  وَارِِࢽْسَايَاڢِي ࢽَجَابَاالاَخِرَىٰ,إَࢽْ کࣸورٜيٰ مَيْرْࢽٜيٰ دࣸومِࢽْ دَارِي  وَارِࢽْسَايَاڢِي ࢽَجَابَااَللحْرَيٰ
وَ غَسْلࣸ ࡼلْوَ جْهِ عٜلࣽو تࣸدٜ يٜيسࣽڢࣽرْ وَ غَسْلࣸ ࡼ لْيَدَيْرِ,وَغَسْلࣸ ࡼلْوَجْهِ عٜلࣽونࣸدٜيٜيسࣸفࣽࢽْ وَغَسْلࣸ ࡼلَْدَيْࢽِ
مَيَّاوࣸو ثِکِࢽْ غَرِي بّادَلِيلِ  بَا عَيْکِࢽْ ڢَرِي بَڧِي بَا صَࢽَاعَ,مَيَّاوࣸوࣸثِکِࢽْ غَرِي بَادَلِيلِ بَاعَيْکِࢽْ ڢَرِي بَڧٜيٰ بَاصَࢽَاعَ
دࣸدَّکࣸومَيْمَڟٜيٰ عَدِيمِ غَبَاشِي   دࣸدَّکࣸومَثّٜيٰ وَدَّتَتّرْدَکِيشِي,دࣸدَّکࣸومَيْمَڟٜيٰ عَدِيمِي غَبَاشِي  دࣸدَّکࣸومَثٜيٰ وَدَّتَتَرْدَکِيشِ
إࢽْتَوَاڟࣸ سَىْ أَسࣸومَا     مࣸومِࢽِي إِࢽࣸوَرْسَلَامَ,إِࢽْ تَوَاڟࣸ سَيْ أَسࣸومَا  مࣸومِࢽِي إِࢽْوَرْسَلَامَا
رمࢽ اسم اسمه الودزداللطيڡ ڢى خاسر مࢽ ذهب عندصلاة,وم رسم سمم الوراللطيڡ ع خليرم ذسب عࢽدعلات
عٜصَحَابَعٜرْ مَکّࣽ وَ سَلَّمَ تَسْلِيماً,عٜصَحَابَعٜرْ مَکࣸࣽ وَسَلّࣸمَ تَسْلِيمَ
20,2
طَيْبَ غࣸࢽْ کَاکَࢽْ حࣸسَيࢽِ  إِࢽْ يَبࣸواْ أَبِکِࢽ سࣸکࣸوىِ,طَيْبَ عࣸࢽْ کَاکَࢽْ مࣸسَيࢽْ  إِࢽْ يَبࣸواْأَثِِکِࢽْ سࣸکࣸوࢽِ
مࣸوسَ کࣸواْ عَبْدࣸالسَّلَامِ  سࣸࢽْوࣸثى وَࢽَࢽْ مࣸڧَامِ,مࣸوسَ کࣸواْعَبْدࣸاسَّلَامِ  سࣸࢽْوࣸثٜيٰ وَࢽَࢽْ مࣸڧَامِ
دَرَشِࢽْ أَبِࢽْثِي کࣸورْشِࢽْ سࣸࢽ جَدٜ کࣸوکࣸو بِيَࢽْ مࣸوتَا أَجٜي غࣸࢽْ ࢳࢽْ عࣸوَا,دَرَشِࢽْ أَبࣸثِي کࣸورَشِࢽْ سࣸ جِدِ  کࣸوکࣸوبِيَࢽْ مࣸوتَاأَجٜي غࣸرْجِࢽْ عࣸوَا
دࣸکْ مَسࣸواْکَتَرِي غَأَيْکِ    تَمْبَيَرْسَ تَکَࢽْڢِ کِرْکِ,دࣸکْ مَسࣸواْکَتَرِي غَأَيْکِ  تَمْبَيَرْسَ تَکَࢽْڢِ کِرْکِ
سَࢽَّࢽْ بَتَ ڢَاسَ أَوْکࣸوَابَا,سَࢽَّࢽْ بَتَ ڢَاسَ أَوْکࣸوَابَا
دࣸکَـ وَࢽْدَ يَڧِيْکَـ مَايِي غَابَا,دࣸکَ وَࢽْدَيَڧِيکَ مَايِي غَابَا
مَيْ شِغَاوࣸتَاوَتَا تَࢽْبَيَا  دࣸࢽْ عَࢽْ وَحَلْسَيْ بَاعَيْبِي بَࢽٜيٰ,مَيْ شِغَاوَتَاوَتَاتَࢽْبَيَا  دࣸࢽْ عَࢽْ وَحَلْسَيْ بَاعَيْبِي بَࢽٜيٰ
3,6
تمت بحمدالله,تمت بحمداله
الحَمْدࣸ لِلَّهِ رَبِّ العَالَمِيࢽ,الحمد لله ربد الڧالليࢽ
بَسࣸکَࢽْ رَبࣸ بَادَسࣸࢽْ ڢَطَابَا,بَسࣸکَࢽْ رَبࣸ بَادَسࣸࢽْ ڢَطَابَا
ِࡹِلَح ࡻلْکࣸوعَيْࢽِ هَاکَکࣸوعࣸوجٜ وَالْڢَوْرࣸعٜيَذِّنْدٜ,ࡹِلَّى ࡻلْکࣸوعَيْرِ مَاکَکࣸوعࣸوجࣸ وَالْڢَوْرࣸعٜيَذِّنْدٜ
کࣸࢽْجِيَاغَسْکِيَاڢَࢽَا بَابࣸ شَکَّا   حَاکِمَيْ مَاسࣸ يِࢽْ ڢَطَاثَࢽْ غَذَکَّا,کࣸࢽْجِيَاغَسْکِيَاڢَࢽَابَابࣸ شَکَّا حَاکِمَيْ مَاسࣸ يِࢽْ ڢَطَاثَࢽْ غَذَکَّا
اي م اجل اࢽ کلام,ن وعࢽ اج
کواْوࢽى,کواوࢽي
شَيْخࣸ مٜىٰ ࢽٜىٰࢽٜىٰ دَوَاءِ؟    وَࢽْغَ مࣸوࢽَࢽَّࢽْ بَلاءِ؟,شَيْخࣸ مٜىٰ ࢽٜيٰࢽٜيٰ دَوَاءِ وَࢽْغَ مࣸوࢽَࢽَّࢽْ بَلَادِ؟
إِدَࢽْ بَاضَرࣸورَا کَبَرْ سࣸࢽْ ڧَتَارَا  ذَمَابَابࣸ کٜيوࣸ دَمَيْيِࢽْ زِࢽَا,إِدࢽْ دَضَرࣸورَاکَبَرِࢽْࢽَࢽ غَتَارَا  غَذَمَابَابࣸ کِي وْدَمَيرٜزْࢽَا
إِࢽْ تَذَمْ ࢳَاثٜيٰ تَ تَمَࢽْيَا    غَاشِ تَاذَمَ مَيْ بِيَيَّا,إِࢽْ تَذَمْ ࢳَاثٜيٰ تَ مَࢽْيَا  غَاشِ ࢽَاذَمَ مَيْ بِيَيَّا
کࣸوْوَّبِي حَࢽْيَرْةْ يَابِي بَةَ,کࣸوْوَّبِي حَࢽْيَرْةَ بَابِي بَةَ
اࢽ لم تزدبعد بى ض ڢضل ناڢلة ؞ ڢاکڢڢ عࢽ الشى لاتجنح الى زلل,اࢽ لم توع بعدڢ ض جضل ناڢله ؞ ڢاکڢڢ عࢽ الش لاتجنخ الى زلل
الومحا ڢعسى مولاى ير حمهما ؞ فديرحم الله اڢضالابلاعمل,الوما ڢعسى ملاى س خها ؞ فدبر ححم الله اجضالا بلا عل
يَࢽَادَصَحَبَيْ ࢽَسْ غࣸدَا ڢࣸطࣸ أَࢽْکَثٜيٰ ؞  کَمَࢽْ ࢽَرَسࣸولَ اللَّهِ کَاکَࢽْسَ أَحْمَدَا,يَࢽَادَصَجَبَيْ ࢽَسْ غࣸدَاڢࣸطࣸ أَࢽْکَثٜيٰ ؞ کَمَࢽْ ࢽَرَسࣸورَاللَّهِ کَاکࣸࢽْسَ أَحْمَدَا
کࣽعَدِء عࣽنٜنّࣸدٜ طٜ ڢِح ࡽلاِّنَآءِتࣸمِرَࢽْ وَالْمَضْمَضَةࣸ,کࣽعَدِ> عࣽنٜنْدٜطࣶڢِى ࡽلاِّنَاءِتࣸمِرَرْوَالْمَضْمَضَةࣸ
ڢل کيڡ احوالنا حيࢽ الجوازعلى ؞ ارومࢽ شعراوصارم البطل,فل کيڢ اجوالناحيࢽ الجوانعلى ؞ ارڡ مࢽ شع اوصارم البطل
مࣸتࣸمْ کَرْيَيِووبࣸورَا دَأَيْکِࢽْ وَࢽِي ࢽَسَ ؞  کࣸووَاڢَ تَکَࢽْسَ إِࢽجِ مࣸحَمَّدَا,مࣸتࣸمْ کَرْيَيَوࣸولࣸورَادَأَيْکِࢽْ وَࢽِࢽَرَ ؞ کࣸووَاڢَ يَࢽْ تَکَࢽْسَ إِࢽْجِ مࣸحَمَّدَا
سي سثٜي,سي سَثٜي
يَعْڧࣸوبࣸ غࣸسَوْ؞,يَعْڧࣸوبࣸ غࣸسَوْبِ
مع انهااهࣸم جاءت موکدة ؞ للمعجزات تبيࢽ الصدوللرسل,عع انها اه نجاءت موکدة ؞ للمعجرزات تيࢽ الصدڡ لله سل
رَاࢽٜيٰ شࣸوطِ دَيَوْڧِ    بَاسࣸيِ دَکَ غࣸمَّ ڧࣸوّڧِ,رَاࢽٜيٰ شࣸوطِ دَيَوْڧِ  بَاسࣸيِ دࣸکَ غࣸمَّ ڧࣸواڧِ
والا ڢضل الخلڢاءال الراشدوࢽ و فد؞ تڢاضلو اينهم ڢضل الجميع جل,والاڢضل الخلڢاءال اشدوࢽ وفد ؞ تڢاضلوايبنه ڢعل اجيع جل
ولرسول شڢاعات وءاخرها ؞ لکل عاص ثوى نارالجحيم صل,ولل سول شڢاعات و>اخر مها ؞ لکل عامࢽ ثوڡ نارالححيم صل
کࣸطَوْکِ مَاشِي حَرْدَتَکࣸبَࢽَا  ذࣸوثِيَرْ کࣸوکࣸيْ تَشِرِࢽْ ڢَطَا,کࣸطَوْکَ مَاشِي حَرْدَتَکࣸبࣸࢽَا  دࣸوثِيَرْکࣸوکࣸيْ تَشِرِࢽْ ڢَطَا
رَبَّࢽَاکَجِڧَࢽْ مࣸسࣸلْمِى    دࣸثِکَࢽْمࣸ کَسَامࣸسَامِ,رَبَّࢽَاکَجِڧَࢽْ مࣸسࣸلْمِي  دࣸثِکَࢽْمࣸ کَسَامࣸسَامِ
کࣸطَوْکِ حَࢽْڧࣸرِي دّࢽْڧِ دَڟَࢽَࢽِي إِذَرَيَذࣸوا؞   شِيمَاحَدِيشِ ࢽٜيٰ يَࢽࣸوࢽَ غَأَحْمَدَا,کࣸطَوْکِ حَࢽْغَرِي دَࢽْغِي دَطَࢽَࢽْ إِذَرَيَذࣸوا شِيمَاحَدِيشِ ࢽٜࢽ بَࢽࣸورَ غَأَحْمَدَا
کࣸومَيْ کَيࣸو طَࢽْأَدَمْ ڢَ کَتَبَّتَا   اَللَّهࣸ ذَيْ سَاکَ وَلَوکَلّࣸوࢽٜيٰ,کࣸومَيْ کَيࣸوطَࢽْأَدَمْ ڢَ کَتَبَّتَا  اَللَّهࣸ ذَيْ سَاکَ وَلَوْکَلࣸوࢽٜيٰ
ࢽَࢽْ يَتَتَّرَثٜيٰ ڢَࢽٜيٰسَا   مَرْشِثٜيٰماࢽَاإِبِࢽْسَا,ࢽَࢽْ يَتَتَّرَثٜيٰ ڢَࢽٜيٰࢽْسَا  هَرْشِثٜيٰمَاࢽَاإِبِࢽْسَا
سَادَمَيْ لࣸغࣸدٜيٰ دَغࣸوطَا    حَرْمَذَاجٜيٰ مَاسࣸ بࣸوطَا,سَادَمَيْ لࣸڧࣸدٰٜ دَغࣸوطَا  حَرْمَذَاجٜيٰ مَاسࣸ بࣸوطَا
وَࢽْدَيَىْ رَࢽْثٜىٰ غَرٜىٰکَ   رَࢽْ بِيَاحَکَ ذَىْ بِيَاکَ,وَࢽْدَيَيْ رَࢽْثٜيٰ غَرٜىٰکَ  رَࢽْ بِيَاحَکَ ذَىْ بِيَاکَ
44,1
سِعَرِيمࣽ لَمْدِ تࣽتࣽوٜبٜبٜࢽ يࣸبٜ مَاکࣸمࣸ ووْلرْيࣸفِطࣽ اللَّه نٜعْمَ مࣽسٜيرَتا,سِعَرِيمࣸ لَمْدِتࣸتࣸوٜࢽ يࣸدٜ مَاکࣸمࣸ ووࣽلرْيࣸفْطࣸ اللَّهࣸ نٜعْمَ مسيرَࢽَا
سَاسَࢽْ وَࢽِي بَادَسَلٍََّمَابَا,سَاسَرْوَࢽِي بَادَسَلَّمَابَا
عَبَادَࢽْ دَبَابࣸ سَࢽ کࣸسَࢽْ بَاتَ ݣٜوْتࣸوَا ؞ شِيمَاحَدِيثِࢽْ ࢽٜيٰ صَحِيحِ غَأَحْمَدَا,عَبَادَࢽْ دَبَابࣸ سَيْ کࣸسَرْ بَاتَ کࣸوْتࣸوا ؞  شِيمَاحَدِيشِ ࢽٜيٰ صَحِيجِ غَأَحْمَدَا
ڢلاخلودلعاص المومنين کا ؞ اࢽ الشڢاعت للکڢارلم تصل,ڢلاخلودلعام الدمنيࢽ کا ؞ اࢽ الشڢاعة للکڢارم تصل
ڢَصْلࣸࣸ مَّالَمْ غَجٜيرٜيٰ ࢽَدَامࣸواْ,ڢَصْلࣸ مَالَمْ غَجٰٜرٜيٰ ࢽَدَامࣸواْ
بَاسࣸ کࣸوْاْمَ مِجِࢽْسࣸ ڧٜيٰتَا   بَاسࣸ ݒَاتَاوَرْذࣸمࣸࢽْتَا,بَاسࣸ کࣸوْاْمَ مِجِࢽْسࣸ ڧٜيٰتَا بَاسࣸ بَاتَاوَرْذࣸمࣸࢽْتَا
أَࢽَّبَاوَادَمࣸرْسَلَيْ دَوَلِيَّࢽْ عࣸبَࢽْغِجِ ؞ سࣸࢽْذࣸوغَࢽِ ثَڢَّ غَجِيکَࢽْ مࣸحَمَّدَا,أَࢽْبَاوَادَمࣸرْسَلَيْ دَوَلِࢽَّ عࣸبَࢽْغِجِ ؞ سࣸࢽْذࣸوغَرِࢽِ ثَڢَ غَجِيکَࢽْ مࣸحَمَّدَا
حَرْأَݣࣸىْ ثࣸوتَابَيَمَّا    وَࢽْسࣸ تࣸࢽْ أَثِکِࢽْ بَشِيمَا,حَرْأَݣࣸيْ ثࣸوتَابَيَمَّا  وَࢽْسࣸ تࣸࢽْأَثِکِࢽْ بَشِيمَا
وࣽطِّنْتِنٜيدٜعٜيࣸرْمٜيدٜأَلَّ وَفَالَ عࣽمَاکِ صَلَّى ࡻللَّهࣸ,وࣽطِنْتِنٜيدٜ عٜبࣸرْمِيدٜࡶَلَّوَفَالَ عࣸمَاکِ صَلَّى ࡻللَّهࣸ
والله اسنل ت نڢع الجميع به ؞ اذلايضيع ڢضلاکل ذ>امل,والله اسنل ت نڢڢ الجيع به ؞ اذلايضيع ڢضلاکل ذ>امل
و تب على الڢوراࢽ فارڢت سئيت ؞ لا تمهلࢽ  عا ساعةڢالذنب ڢى,ونب على الڢور اࢽ فارڢت سينة ؞ لاخهلࢽ عاساعة ڢالذنب ل
وَهِىَ نࣸطࣽࢽْ ڢِعْلࣸ ࡼلْمَامࣸورَاتِ کࣸهࣸوٜوࣽفࣽلْ يَمِرَاطࣶ,وَهِى نَطࣸࢽْڢٜعْلࣸ ࡼلْمَامࣸورَاتِ کࣸهࣸووࣸفࣽلْبَمِرَاطࣶ
أرْبَعِࢽْ دَبَݣَىْ دَعکّࣸ     أࢽْدَطٜىٰ مَاکَاکِࢽَࢽْکࣸ,أَرْبَڢِࢽْ دَبَݣَّيْ دَعࣸکّࣸ  أَࢽْ دَطٜيٰ مَاکَاکَࢽِࢽْکࣸ
18,1
يَيْ کِرَايَاثٜيٰ دَشِي يَا مࣸحَمَّدَا ؞ سَرْکِࢽْکَ يَاغَيْشٜيکَ سِيدِ مࣸحَمَّدَا,يَيْ کِرَايَاثٜيٰ دَشِي يَامࣸحَمَّدࣸ ؞  سَرْکِࢽْکَ يَاغَيْشٰٜکَ سِيدِ مࣸحَمَّدَا
درࢽ متوادرࢽتاش ڧياما    ودࢽغ غتالکي ميع الࢽصارا,درࢽ متوادرࢽتاس ڧاما  ودࢽغ غتالکي ميع الࢽصارا
ڟَيْڟَيَاوَسَيْ أَکࣸوْاْرَا   حَرْذࣸوَا مَڟَيَاأَتَارَا,ڟَيْڟَيَاوَسَيْ أَکࣸوْاْرَا  حَرْذࣸوَامَڟَيَاأَتَارَا
١٣٩٣,دوباد
وَࢽْدَکٜيٰ ڧَمْࢽَا ثٜيٰتࣸوࢽَسَا   يَاڟَرٜيٰ مَاتَاتَسَاعَاءِشَةࣸ,وَࢽْدَکٜيٰ ڧَمْࢽَاثٰٜتࣸوࢽَسَا  يَاڟَرٜيٰ مَاتَاتَسَاعَاَمِࢽلَهْ
حَرْدَمَاتَاکࣸوڧَࢽَاࢽَا    مَالَمَࢽْ سࣸتَهࣸوْاسࣸذَوْࢽَا,حَرْدَمَاتَاکࣸوڧَࢽَاࢽَا  مَالَمَࢽْ سࣸتَهࣸواْسࣸذَوْࢽَا
ࢽَاذࣸوکَࢽْکࣸ مَاسࣸ ڧَرْيَرْشَرِڢْتَ    مَکࣸوَطَيْتَاوَطَࢽْدَبَاسَاسَࢽَاعَ,ࢽَاذࣸوکَࢽْکࣸ مَاسࣸ ڧَرْيَرْشَرِيْتَ  مَکࣸوَطَيْتَاوَطَࢽْدَبَاسَاسَࢽَاعَ
لفول امبى اصحا ع کالنجوم,ڢعاااع
إِسمِ هذِهِ اِلشِعْرِ بِکَلِمَةِ اِلْعَجَمِ,إِࢽْمِ حَذِهِ اِسسعَرَ بکَلِمَةِ اِلعَحْمِ
إِࢽْ ڢَطَامَسَ يَࢽْ جࣸکَاتَ  کى غَي سَ دَتَاڟَ,إِࢽْ ڢَطَامَسَ يَرْبࣸکَاتَا کٜىٰ غَبِࢽ دَتَظَࢽََ
وَࢽْدَ کبى ڟَامࣸوا ڟَّڟى  يَارِڧىمࣸدَسࣸوْاکَرَࢽْڟى,وَࢽْدَکٜيٰ ڟَمࣸواْڟَڟٜيٰ  يَارِࢽٜيٰمࣸ دَسࣸوْاْکَرَࢽْڟٜيٰ
اللَّهࣸ سَرْکِي دَبَّيَمࣸ دࣸکَا  کَيَاڢٜي ذَࢽَبَّࢽَمࣸ دَࢽْ رَحْمَرْکَا,اِللَّهࣸ سَرْکِي دَبَّيْمࣸ دࣸکَا کَيَاڢٜيٰ ذَࢽَبࢽَمࣸ دَࢽْ رَحْمَرْکَا
27,1
دَبَکَىْ دَيْدَىْ أَدࣸوࢽِيَابَا,دَبَکَيْ دَيْدَيْ أَدࣸوࢽِيَابَا
کࣸوْاْغَأَوْرٜيٰمَادَشِࢽٜيٰ    کَࢽْ کَتَرْثِ أَحَيڢِ وَاࢽٜيٰ,کࣸوْاْغَأَوْرٰٜمَادَشِࢽٜيٰ  کَࢽْ کَتَرْثِ أَحَيْڢِ وَاࢽٜيٰ
بَشِکَࢽْ سَامٜيٰتَ رَࢽْ ذࣸبِيبَا,بَکࣸکَࢽْ سَامٰٜتَ وَࢽْ ذࣸبِيبَا
زَارِيَ,زَارِيَ
اللهࣸ نࣽدَالَ عࣽدَالَنَبٜࢽْ کࣽىِ وَوْطࣽفࣽوتࣸ عٜفَلْ تَفࣸوَلْ,ࡼلّهࣸ نࣸرَالَ عࣸدَالنّبَࢽْکࣸبِ وَوࣸطࣸ کࣽفࣽوةࣸ عٜفَلْ تَفࣸوَلْ
مَࢽ لَّمْ يَمْلِکࣸ عࣽمّࣽ جٜيَارِلِسَانَهࣸ طٜنْفࣸلْ مَکّࣸ,مَرِلَّمْ يَمْلِکࣸ عࣽمّࣸجٜيَالِ لِسَانَهࣸ طٜنْفَلْ مَکࣸࣽ
١٩٧٣,2اوم
بَاسࣸ رَرَّبَ تَتَّلِࢽْسࣸ    دࣸࢽْ يَوَࢽْ بِࢽْ غَسْکِيَرْسࣸ,بَاِرَرَبَ تَتَّلِࢽْسࣸ  دࣸࢽْ تَيࣸوَࢽْ بِࢽْ غَسْکِيَرْسࣸ
2,6
سَࢽْدَذَاسࣸ ثِي مࣸواْرِيَرْکَ    بَاکَسࣸواْسࣸغَ أَرْزِکِࢽْکَ,سَࢽْدَذَاسࣸ ثِي مࣸواْرِيَرْکَ  بَاکَسࣸواْسࣸغَ أَرْزِکِࢽْکَ
دَࢽْ کِسَࢽِي اِللَّهْ بَأَذامَيْ   شِي يَعَذَامَشِ شِي ذَيْݣٜوْتَا,دَࢽْ کِسَࢽِي سࣸلَّهْ يَأذَامَيْ  شِي يَعَذَامَشِ ثِي ذَيْڟࣸوْتَا
مَيْأرْزِڧِي إِࢽْيَابِ ذَيْدَطَاأَرْزِڧِي  اَلْمَاجِرِي إِࢽْيابِ ذَيْدَطَڧَارࣸوَا,مَيْارࣸزࣸڧِي إِࢽْيَابِ ذَيْدَطَاأَࢽْزِڧِي  أَلْمَاجِرِي إِࢽْيَابِ ذَيْدَطَڧَارࣸوَا
19,1
5,1
ڧَيَاڢَڢٜيٰوَإࢽْ يَڧَارٜيٰ    غَالِکَّڢَࢽِي أطَمْرٜيٰ,ڧَيَاڢَڢٜيٰوَإِࢽْ يَڧَارٜيٰ  غَالِکَڢَࢽْيِ أَطَمْرٜيٰ
بَأَبَاشِ سَبࣸوْادَغَرْدَمَابَا,بَأَبَاشِ سَبࣸوادَغَرْدَمَابَا
إِتَبَاتارَرْتَکَىْ شِرِيبَا,إِࢽَ بَاتَارَرْحَکَيْ شِرِيبَا
ولهم ءاميࢽ اللهم صلى على محمد,ڢلحدباتاحم لعى نح
نعم بنوريفيࢽ الفلب نعى ڢى ؞ کمايليڡ به ڢى ا عدل السبل,نصم بذوريفيࢽ الفلب نعر جه ؞ کابليڡ به ڢى اعدل السبل
ولنتحلم السعى نا فول وناعمل ؞ وکࢽ باخراک ڢى الدنياک ڢى شغل,ولتحلم السعى ت فول وناعل ؞ وک باخ اک ڢى الدنياک ڢى شفل
4,1
بعࢽ,1
دَکوࣸحَࢽْڧࣸرِِࢽْ وَحَلَرْعِبَادَدحَࢽْڧࣸرِِࢽْ     تَلَوْثِي کَبَادَڢَطَوْکَکَاإِࢽْدَأحَمَدَا,دَکࣸوحَࢽْغࣸرِࢽْ وَحَلَرْعِبَادَادَحَࢽْغࣸرِࢽْ تَلَوْثِي کَبَادَڢَطَوْکَکَاإِࢽْدَأَحْدَا
سَيْدَيْ کࣸمَا کَرْأَغَجِ دَبࣸغࣸوَّاسَبࣸودَأَݣࣸيْ مَڟَلࣸولِي دَيَوَوَطَࢽْدَ,سَيْدَيْ کࣸمَاکَرْدَغَجِ دَبࣸغࣸوَّاسَبࣸودَأَݣَيْ مَڟࣸوࣸلِي دَيَوَوَطَࢽْدَ
وعلىٰءال محمد وسلم,ملى ارمجحل
ادٰٜيٰرٜيرࣸمَيْرࣸعٜکࣸومْتِ مَيْرࣸدࣸحࣸوْتعࣸࢽْ ڢَاڢٜجࣸطࣸࢽْ دࣸکّࣸووࣸبَارْطࣸ مࣸهَابَتَا,دٜيٜرٜيٜرࣸ مْيْرࣸ عطࣸرمْتَ مَيْرࣸدࣸحࣸوْتَهْࣸ جَاجٜجْطࣸهْ دࣸکࣸووبَاوْطࣸ مࣸهَابِتَا
يَࢽْعࣸوَاوَعَظِيࢽَايَاثِکَا   سَيْ مࣸومِࢽِي کٜيٰ أّࢽْڢَاࢽِي ࢽَسَا,يَࢽْعࣸوَاوَعَڟِيࢽَايَاࢽْکَا  سَيْ مࣸومِࢽِي کٜيٰ أَبْڢَاࢽِي ࢽَسَا
ݣࣸاࢽَکِࢽْ دَتَرࣸوطٜيٰ دࣸوࢽِيَا   مَيْرَيْ يَکَࢽْثٜيٰ دَامَاࢽَامَثٜيٰ,کࣸࢽَکِࢽْ دَتَرࣸوطٜيٰ دࣸوࢽِيَا  مَيْرَيْ يَکَࢽْثٜيٰ دَامَاࢽَامَثٜيٰ
22,1
صنع الا له الذي بالحواتفنها ؞ عن فاس بالعغل صنع الله لم ينل,صنع الاله الذى يبالحڡ اتفنا ؞ مࢽ فاس بالعفل صنع الله لم ينل
واعلم باࢽ عيو ب النڢسى ملکة ؞ اڢلما ميلحا للعجزوالکسل,واعلم باࢽ عيوب النڢس ملکة ؞ افلمامبلماللعج ءوالکسل
کَاغَاتَايَارَاڧَࢽْڧَࢽَا   سࢽْڧِ أَمْرٜيٰ سَيْ يَاوࣸو سࣸکٜيٰ,کَاغَاتَايَارَاڧَࢽْڧَࢽَا  سࣸࢽْڧِ أَمْرٜيٰ سَيْ يَاوࣸوسࣸکٜيٰ
ڧِيْدَسࣸوْاأࢽْ شࣸوکَ ثࣸوتَا    مَاسࣸ بِي ࢽَسَ سَيْ مࣸغࣸࢽْتَا,ڧِيْدَسࣸوْاْأَࢽْ شࣸوکَ ثࣸوتَا  مَاسࣸ بِي ࢽَسَ سَيْ مࣸڧَࢽْتَا
رࣸوَࢽَ دَحَزَاࢽࣸ دَسࣸوذَاس وَࢽْکَا  سࣸشَارَࢽْعَذَا بَامࣸتَاࢽٜي زِࢽَا,رࣸوَࢽْ حَࢽَاࢽْ دَسࣸوذَاسࣸ وَࢽْکَا  مࣸشَارَࢽْغࣸذَابَامࣸتَاࢽَى زِࢽَا
سَيْ أَيَدْدَتَسَࢽْيَ کَࢽْتَا    کَرْکَثٜيٰ غَاتَاغَرٜيٰتَا,سَيْ أَيَدْدَتَسَࢽْيَ کَࢽْتَا  کَرْکَثٜيٰ غَاتَاغَرٜيٰتَا
کَىْ ڧَواڧَلْوَاتَاڟِيايٜىٰ   غَامࣸتَاࢽٜىٰ ࢽَاتَمَايٜىٰ,کَيْ ڧࣸواڧࣸلْوَاتَاکِيَايٜيٰ  غَامࣸتَاࢽٜيٰ ࢽَاتَمَايٜيٰ
بَاذَي دَرَجَا أَلَاخِرَابَا,بَاذَيْ دَرَجَاأَلَاخِرَابَا
دَامَ کࣸواْ حَوْࢽٜيٰ دَڧَرْڢِي   غَادࣸحࣸوڧَشِيرْدَذࣸرْڢِي,ذَاعَ کࣸواْحَوْࢽٜيٰ دَڧَرْڢِي  غَادࣸحࣸوڧَشِيَرْدَذࣸرْڢِي
هَࢽّࣸواࢽَسَ کرْسࣸوَارٜيٰ   کࣸمَدࣸکَࢽْ أَيْکِي يَڧَارٜيٰ,هَࢽّوَاࢽَسَ کَرْسࣸوَارٜيٰ  کࣸمَ دࣸکَࢽْ أَيْکِي بَڧَارٜيٰ
بَادࣸکَ مَثٜيٰ کٜيٰ سَࢽْ اِلدِّيࢽِ بَا  ࢽࣸڢِࢽسࣸ أَبَاسࣸ کࣸطِي سࣸبࣸکَاتَا,بَادࣸکَ مَثٜيٰ کٜيٰ سَࢽْ إِلذِّبࢽ بَا ࢽࣸڢِࢽْسَ أَبَاسࣸ کࣸطِي سࣸبࣸکَاتَا
حَکَࢽَࢽْ دࣸعَاءِ مّࣸتࣸمْ الظَالِمِي   إِيَاکَثِيࢽَتَا طَاکِࢽْ دࣸوࢽِيَا,حَکَࢽَࢽْ دࣸعَامࣸتࣸمْ اَلظَالِمِي   دِيَاکَثِيࢽَتَاطَاکِࢽْ دࣸوࢽِيَا
إࢽْکࣸوکَکࣸوࢽْتَاغَيْسࣸوَا غࣸࢽْ شࣸوغَبَاࢽْ   کَ سࣸثٜيٰ دَکَيْ لَدَبِࢽْکَ دࣸکْ ࢽَکࣸطِيࢽٜيٰ,إِࢽْکࣸوکَکࣸوࢽْتَاغَيْسࣸوَاغَࢽْ شࣸوغَبَاࢽْ  کَ سࣸثٜيٰ دَکَيْ لَدَبِࢽْکَ دࣸکْ ࢽَکࣸطِيࢽٜيٰ
بِࢽْ إِيَايٜىٰ ڢَرِضَاوَاجِبِي    وَࢽْدَيَاڧِي بَيَاشَاکَوْثَرَىٰ,بِࢽْ إِيَابٜيٰ ڢَرِضَاوَاجِبِي  وَࢽْدَيَاڧِي بَيَاشَاکَوْثَرَيٰ
تَالِکِي دࣸکْ غَرٜيٰسِ يَسَّامِ حِرْذِي   ࢽَايِوَاڧَغَّ ࢽَاثِکَاأيْڢَ رَمْزِي,تَامِکِي دࣸکْ غَرٜيٰشِ يَسَّامِ حِرْذِي  ࢽَايِوَاڧَغَّ ࢽَاثِکَاأَيْڢَ رَمْࢽِي
حَکَࢽَࢽْ بَاذَاشِ سَامࣸوَابَا,حَکَࢽَࢽْ بَاذَاشِ سَامࣸوَابَا
کَرَامَةࣸ مَهْدِي ڢَکࣸࢽْجِ سࣸوࢽَتَ بَيَّࢽٜيٰ ؞ دَشِي ذَاکࣸ بَࢽْ بَمْتَاتَ أࣸمَّ اَلْمࣸحَمَّدَا,کࣸرَامَةࣸ مَهْدِي ڢَکࣸࢽْجِ سࣸوࢽْتَْ بَيَࢽٜيٰ ؞  دَشِي ذَاکࣸ بَࢽْ جَمْتَاتَ أَمَّ اَلْمࣸحَمَّدَا
22,2
شَرِِࢽْتَلَوْثِدَيَاغَمٜي دَࢽّذࣸوثِيا ڢَا مَيْذࣸوَا يَغَࢽࣸواْ ڢَڧِيرِ طَࢽْ عْࣸوَا,شِيَࢽْکَوْࢽِدَيَاِغَمٜيٰ دَࢽَࣸوثِيَا   بَامَيْذࣸوَايَڧٜࢽࣸوڢَڧِيࢽْ طَࢽْ مࣸوَا
مࣸتࣸوَاتَڢِ دَسࣸودَذَمْبَا,مࣸتࣸوَاتَڢِ دَسࣸودَذَمْبَا
ڢاغڢر الى ما اسلڢت مࢽ زلل ؞ وتب على ڢاࢽ الظلم مࢽ فبل,ڢاعڡ ڢ الى مااسلڢت مࢽ زلل وتب على ڢاࢽ الطلم مࢽ فل
10,1
وࣸنْدࣸدٜعٜڢَاتِحَ وَالاِسْتِوَآعِ عٜڢࣽتࣽدٜرْدٜ,وࣽنْدࣸدٜعٜڢَاتِجَ وَالاِسْتِوَامِ عٜڢࣽتࣽدٜرْدٜ
کࣸوْاسࣸأَࢽْغࣸلࣸ کࣸوْاسࣸمَيْکِ    کَاحَࢽَامَاطَࢽْکَ کِرْکِ,کࣸواسࣸأࣸࢽْڧࣸلࣸ کࣸواْسࣸمَيْکِ  کَاحَࢽَامَاطَࢽْکَ کِرْکِ
ڢلت ونا منه يامولا ومࢽ ظا ؞ فدانضج الفلب والاکبادمࢽ غلل,ڢلت ونامنه يامولاى مࢽ ما ؞ فدانضح الفلب والاکبادمࢽ غلل
تَکَࢽْ ڢِتَ تࣸࢽْ بَأَىْ بَݣَىْ بَا,تَکَࢽْ ڢِتَ تࣸࢽْ بَأَيْ بَکࣸيْ بَا
سَيْ سࣸجَاوࣸوْارَيْ أَجَايٜيٰ دࣸوࢽْ وࣸيَاسࣸوراتَتَوْيٜيٰ,سَيْ سࣸجَاوࣸوْاْرَيْ أَجَايٜيٰ  دࣸوࢽْ وࣸيَاسࣸورَاتَتَوْيٜيٰ
مّࣸمّࣸوࢽَࢽْ ذَتࣸو إدَࢽْ ذَاکَيِيشِ  شَيْ کَيِي ثَࢽْ وَجَࢽْ مَرَرْ يِࢽْ صَࢽَاعَ,مࣸمࣸوࢽَࢽْ ذَتࣸوإِدَࢽْ ذَاکَبِيشِ  سَيْ کَيِي ثَࢽْوَجَࢽْ مَرَرْيِࢽْ صَࢽَاعَ
الاالاله الذ>ٜيالحڡ ابدالماء ؞ سبحانه دايات الصبح والاصل,الالاله الذ> ياکڡ ابدامهاء ؞ سبحان دابات الصي والاصل
مِطࣽ يٜتَّ أَلَّ سٜنيطࣸ وࣸرْطࣽ مࣽمَايَتَا وࣸرْنࣽووࣽ مَيْرَ مࣽبَوْدِمࣸوطࣸم هَتَّتَا,مِطࣸ يتَّ لَّ سِنْيطࣸ وࣸرْطࣸ مࣸمَايَتَا وࣸرْنࣸوومَيْرْمࣸبَوْدٜمࣸوطࣸم هَتَّتَا
دَکࣸطِي دَتࣸڢَاکَمَرْمَهَرْبَا,دَکࣸطِي دَتࣸڢَاکَمَرْمَهَرْبَا
إِذَࢽْ ذَاکࣸ زَمْࢽَاوَاکࣸذَمْࢽَادَصَالِحِي ؞  کࣸبَرْ سࣸࢽْ ذَمَاڢَ دَمَاسࣸ سَاݒࣸࢽْ مࣸحَمَّدَا,إِذَࢽْ ذَاکࣸ زَمْࢽَاوَاکࣸذَمْࢽَاَدَمَاکَ ؞ کࣸبَرْسࣸ ذَمَاڢَ دَمَاسࣸ سَابࣸ مࣸحمَّدَا
بَاسَىْ أࢽْسَارࣸوَارࣸوَابَا,بَاسَيْ أَࢽْسَارࣸوَارࣸوَابَا
جِيکَاطࣸورَسْ بَاوَࢽِي ڢَرْغَبَا   دَࢽْ بَابࣸ مَيْثٜيٰوَاڧَرْيَاکَکٜيٰ,جِيکَاطࣸورَسْْ بَاوَࢽِي ڢَرْغَبَا  دَࢽْ بَابࣸ مَيْثٜيٰوَاڧَرْيَاکَکٜيٰ
ڢَسࣸࢽْڢِ ذࣸمَا دّاطِي دّمَدَرَاڢَسࣸࢽْڢَ   کࣸوتࣸرَارٜيٰ ࢽَمِسکِ ڢَمࣸࢽْجِيَاغَمࣸحَمَّدَا,ڢَسࣸࢽْڢِ ذࣸمَادَاطِي دَمَدَرَاڢَسࣸࢽْڢِ  کࣸوتࣸرَارِيٰ ࢽَمْسْکِ ڢَمࣸجِيَاغَمࣸحَمَّدَا
شِى يَيِيْتَ دَسَࢽّࣸ سَࢽّࣸو   ࢽَࢽْ غِدَࢽْ مَڢَمْ أمِيࢽࣸ,شِي يَيِيْتَ دَسَࢽّࣸ سَࢽّࣸو ࢽَࢽْ غِدَࢽْ مَعَمْ أَمِيࢽࣸ
ڢى عمْ بد ٢١٨٠,جىعبࢽع
حَرْاَبَدَاثِکِࢽْ سࣸکࣸوࢽَادَيِࢽْوَا    يࣸࢽْوَاࢽَاثِکِࢽْ مَرْيِّࢽْ صَࢽَاعَ,حَرَاأبَدَاثِکِࢽْ سࣸکࣸوࢽَادَيِࢽْوَا   يِࢽْوَاࢽَاثِکِࢽْ مَرَيِّࢽْ صَࢽَاعَ
يَثٜمَ بَرَادٜࢽْسَ کࣸجٜکࣸ کࣸڢَلْمࣸسࣸ ؞ کَطَيْدَ جَهَادِ کࣸࢽْجِ سَمْرِࢽْ مࣸحَمَّدَا,يَثٜمَ بَرَادٜࢽْسَ کࣸجِکࣸ کࣸڢَلْمࣸسࣸ ؞  کَطَيْدَجَهَادِ کࣸࢽْجِ سَمْرِࢽْ مࣸحَمَّدَا
مَاسࣸ جَوْرَدَمَاسࣸ کࣸوْالِ    ࢳࢽْ رِࢽِي کَغَمٜىٰ مِسَالِ,مَاسࣸ جَوْرَدَمَاسࣸ کࣸواْلِ  ࢳَࢽْ رِࢽِي کَغَمٜىٰ مِسَالِ
تَاڢِتَ تَاسَامࣸواْتَصَلَالٜيٰ  تَاشِغَ يَاوࣸواْ صَࢽَتَاصَࢽْتَا,تَاڢِتَ تَاسَامࣸواْتَصَلَيٜيٰ  تَاشِغَ يَاوࣸواْصَتَاصَࢽْتَا
6,1
ىٰعٜسࣸوَندٜ طࣸمْ عٜسࣸوَندٜطࣸمْ کࣽعَلاَ يٜرࣸسبءصتتا فَلࣸمَاطَغم طࣸمْ ضࣸرَّتَا,عٜسࣸوَنْدٜ طࣸمْ عٜسࣸوَنْدٜطࣸمْ کࣽعَلايٜرࣸ سِبٜطصتْتَا فَلࣸمَاطَفْم طࣸمْ ضࣸرَّتَا
14,1
کࣸمَ کَدَکࣸوَيْوَيَا ࢽَࢽْ غَدَاغَاتَکَاڢِرَيْ ؞  کࣸࢽِي سَࢽْثِ وَࢽَّࢽْ أَيْ ڢَطَاثٜيٰ تَأَحْمَدَا,کࣸمَ کَدَکࣸوَيْوَيَاࢽَࢽْ غَدَاغَاتَکَاڢِرَيْ ؞  کࣸࢽِࢽ سَࢽْثِ وَࢽَࢽْ أَيْ ڢَهَاثٜيٰ غَأَحْمَدَا
5,1
إِࢽْ کَاجٜي کَثٜيٰ يَطَوْکࣸو يَبَاکَ  ثٜيٰوَاذَيِّي يَابَثٜيٰ بَابࣸ عَاعَ,إِࢽْ کَاجِي کَثٜيٰ يَطَوْکࣸويَبَاکَ  ثٜيٰوَاذَيِّي يَابثٜيٰ بَابࣸ عَاعَ
جِکِࢽْسَ کَمَرْيَاڧࣸوتࣸ مَرْجَاࢽࣸ أيْ دَکࣸو   ڧَوَسّࣸ دَجَوْهَرْ تَادَشِي دَزَبَرْجَدَا,جِکِࢽْسَ کَمَرْيَاڧࣸوتࣸ مَرْڢَاࢽࣸ أَيْ دَکࣸوڧَوَسࣸ دَڢَوْهَرْتَادَشِي دَࢽَبَرْمَدَا
6,1
کووا يايردا,کووايايرد
سرکࢽ مسلم ياوثي ييسابڧي  مي غࢽدوࢽا بي دک اࢽادوبࢽکا,سرکࢽ مسلي ياوثي يسسابغي مي غࢽدوࢽابي دک دࢽادوبࢽکا
إِࢽْ کࣸمَ يَاڧِ تَکَامَ تࣸڢَشِ أَثٜيٰتَ سَکٜيٰشِ تَثٜيٰ يَکَشٜيٰتَا,إِࢽْ کࣸمَ بَرْ تَکَامَ تࣸڢَشِ  أَثٜيٰتَ سَکٜشٰش تَثٜيٰ يَکَشٜيٰتَا
َاأوْضَࢽْةْ بَيْڢِࢽْ وَتَࢽِّي شِدَّا  کࣸوْاْ تَا کَشٜي بَارࣸࢽْةَ دَإدَّا,أَوْصَࢽْةࣸ بَيْڢِࢽْ وَتَࢽِي شِدَّا  کࣸواْتَاکَشٜيٰ بَارࣸوَࢽْةَ دَادَا
مامٜ ڡرالکرب وءاتاه الله الڢرج بامراالله ؞ انتى,مابب و الفب و>اناه الڢه العر ج باڡم اللم ة اتتل
ڢَلَّسَامَسَ شِيبَ إࢽْدَ    بَع ڢَطِيبَ سَبࣸواْدَعَادَا,ڢَلَّسَامَسَ شِيبَ إِࢽْدَا  بَعَ ڢَطِيبَ سَبࣸواْدَعَادَا
12,1
کࣸوْامٜىٰ بَاذَاشِ بࣸوْاْيࣸوَابَا,کࣸوْامٜيٰ بَاذَاشِ بࣸوْاْيࣸوَابَا
طَࢽْ أَوَابَاوَامَشِيْءَا    سࣸوْاشِ دࣸوْمِࢽْ کَࢽٜࢽْ صَليْءا,طَࢽْ أࣸوَابَاوَامَࢽِيعَا سࣸواْشِ دࣸوْاْمِࢽْࢽْ کَࢽِࢽْ طَيِعَا
واض ع اليه بصدو ڢهو ذوکرم ؞ هذاالسبيل اليه اف ب السبيل,واض ع البه بصدڡ ڢهودوکم ؞ ممذاالسبيل الب اف ب السبل
کࣸوْغࣸشٜىٰورْحَࢽْکَلِيࢽَا    مَىْ غِدَࢽْ جَارِي دَکَوْاࢽَا,کࣸوْاْغࣸشٰٜوَرْحَࢽْکَلِيࢽَا  مَيْ غِدَࢽْ جَارِي دَکࣸوْاْࢽَا
رَࢽْࢽَࢽْ کَرٜي زَاشِکَامَ غَدَا,رَࢽْࢽَࢽْ کَرٜيٰ زَاشِکَمَ غَدَا
إِذَࢽْ دَيْ لَوْمَ طَيَاحَرَامࣸࣸ تَجٜيٰ ثِکِي ؞  أَيْکِي ࢽَݣوࢽَاأَرْبَعِيࢽْ بَابࣸ کࣸوغࣸدَا,إِذَࢽْ دَيْ لَوْمَ طَيَاحَرَامࣸ تَجٜيٰ ثِکِ ؞  أَيْکِي ࢽَکࣸوࢽَاأَرْ بَعِيࢽَ بَابࣸ کࣸوغࣸدَا
الْکَرِيم شِعْر اَسْماءَبِࢽْتِ الشَيْخِ المࣸجَدِّدِ,اَلْکَرِيمِ شِغْرࣸاَسْمَادَبِࢽْتِ اَلشَّيْخِ الْمࣸجَدِّدِ
کࣸيَوࢽَ أّمَالَ وَاجِبِيࢽٜ غَرٜيٰمࣸ دࣸکْ ؞  شِيمَاحَدِيشِ ࢽٜيٰ ࢽَسِيدِ مࣸحَمَّدَا,کࣸيَورَ أَمَالَأَجِييࢽِ غَرِمࣸ دࣸکࣸ ؞ شِيمَاحَدِيشِ ࢽِࢽْ ࢽِسيدِ مࣸحَمَّدَا
أللهْ يَالَعَࢽْثِ ڧَرْيَرشَرِڢْتَ    ڧَولِࢽْأَࢽَّبِࢽْمࣸ ڧَولِࢽْ شَرِيْعَ,اَلَّهْ يَالعَࢽْثِ ڧَرْيَرْشَرِڢْتَ ڧَوْلِࢽْ أَࢽْبِࢽْمࣸ ڧَوْلِࢽْ شَرِيعَ
وعصة الله لاتعزى لغير هم ؞ لو نال غية کل الخير لم يصل,وعصة الله لانعرى لغي هم ؞ لونال غابة کل الخجيࢽ لم يصل
دمي,دم
دࣸوکِيَاتَمَرَايَا کࣸࢽِيسَتَا   إِࢽْ کࣸࢽَاسࣸوکَࢽَکࣸودَلَاڢِيَا,دࣸوکِيَاتَمَرَايَاکࣸࢽِيسَتَا   إِࢽْ کࣸࢽَاسࣸوکَࢽْکࣸودَلَاڢِيَا
سࣸهَطَاکَ ذَمَادَسࣸوْدَغَابَا,سࣸمَطَاکَ ذَمَادَسَوْدَغَابَا
وَعَلَىٰءَالِهِ وَصَحْبِهِ وَسَلَّمْ؞,وَعَلَىٰ ءَالِهِ وَصَحْبِهِ وَهَلَّمَ
توا,شول
بَاذَيْمَسࣸ مَاغَࢽِࢽْ ڧِشِبَا,بَاذَيْ مَسࣸ مَاغَࢽِࢽْ ڧِشِيبَا
يَارَسَاکࣸوْاطَࢽْ أࣸوَࢽْسَ   ݒࣸويٜىٰ ذَىْ رِڧِ دࣸوکِيَرْسَ,يَارَسَاکࣸواْطَࢽْ أࣸوَࢽْسَ  بࣸويٜيٰ ذَيْ رِڧِ دࣸوکِيَرْسَ
يَىْ ذَتࣸࢽْ کࣸواْأرْزِکِيࢽٜى    ذَيى تَارٜىٰدَوَاوْتَاࢽٜىٰ,يَيْ ذَࢽࣸࢽْ کࣸواْأَرْزِکِبࢽْي  ذَيي تَارٜدَوَاوࣸتَاࢽٜيٰ
اَلْحَمْدࣸ لِلَّهِ دَيَرْدَࢽْ عࣸبَࢽْغِجِ؞ ࢽَکَاڢَارَاوَاڧَاتَاتَبَرْدٜيٰ مࣸحَمَّدَا,اَلْحَمْدࣸلࣸلَّهِ دَبَرْدَࢽْ عࣸبَْغِجِ ؞  ࢽِکَامَارَوَاڧَاتَاتَبَرْدٜࢽْ مࣸحَمَّدَا
دَاَلْحࣸرْمَثِࢽْسَ أَبَامࣸ ࢽَصْرَا أࣸبَࢽْغِجِ   دَغِرْ،َࢽْ ڢِيَيّٜيٰ اَلࢽَّبِࢽْمࣸ مࣸحَمَّدَا,دَاَلْحَࣸرْمَثِࢽْسَ أَبَامࣸ ࢽَصْرَاأࣸبَࢽْذِِجِ  دَغِرْمَࢽْ جِيَيّٜيٰ اَلࢽَّبِࢽْمࣸ مࣸحَمَّدَا
دَمَيْسَکٜيٰ رَمَکࣸوأَذࣸمِيࢽَسَا    حَرْوَتَࢽْ رَّمَضَࢽْ وَࢽِي يَاذَکَىٰ,دَمَيْسَکٜيٰ رَمْکࣸوࢽَذࣸمِيࢽَسَا  حَرْوَتَࢽْ رَّمَضَࢽْ وَࢽِي يَاذَکٜيٰ
بَالَيْڢِࢽْ ڟࣸيٜيٰ بَابࣸ ࢽَذَوْࢽٜيٰ   سَيْ کَغَ بَاسࣸذࣸواْ طَاکِࢽْتَا,بَاللَيْڢِࢽْ ڟَيٜيٰ بَابࣸ ࢽْذَوَࢽٜيٰ  سَيْ کَغَ بَاسࣸذْوَاطَاکِࢽْتَا
شِيࢽٜىٰ يَثٜىٰ دَمَذَاجٜىٰ شَاتَرَاى     دࣸوَأَࢽْهَࢽَامَسࣸوشَࢽْ اَلْکَوْثَرَا,شِيࢽٜيٰ يَࢽٜيٰ دَمَذَاجٜيٰ شَاتَرٜيٰ  دࣸوَأَࢽْهَࢽَامَسࣸوشِࢽْ اَلکَوْثَرَا
دع الرياسة لاتسلک مسالکها ؞ اماالولاية ڢالبلوى لذ>وجل,دع الرباسة لاتسلک مسالکها ؞ امالولابة ڢالبلوى لذ> وجل
شِي مࣸتࣸمْ دَيَوَࢽْ إسَرْسَا    دَرࣸوَاࢽٜىٰ ڢَارَکࣸࢽْ سَا,شِي مࣸتࣸمْ دَيَوَࢽْ إِسَرْسَا  دَرࣸوَاࢽٜيٰ ڢَارَکࣸࢽْ سَا
جاءت بشورى ونا الاخلاص ثابتت ؞ تکڢى ذو>العفل والتصديڡ لرسل,جاءت بشورى وت الاخلام ثابته ؞ تکڢى ذو> العفل والتصديڡ للىسل
على الحفيفة لا عدل يرادبه ؞ ڢذاک فول رکيک غيرمعتدل,على الحفيفة لاعدل يرادبه ؞ ڢذاک فول رکيک غي معتدل
مَاسࣸوذَࢽْبَاکࣸوکࣸمَايَوْدَرَا    مثِيَاأَمَاࢽَاکࣸتࣸوبَاأَدࣸوࢽِيَا,مَاسࣸوذَࢽْبَاکࣸوکࣸمَابَوْدَرَا  مَثِيَاأَمَاࢽَاکࣸتࣸوبَاأࣸدࣸوࢽِيَا
کࣸمْ إࢽْکَکَامٜيٰ بَاکَرࣸوڧَࢽْ کࣸوکࣸبࣸو   کَاڧٜالٜيٰ کࣸووَا دَأبِࢽْسَ کَغَاࢽٜيٰ,کࣸمَاإࢽْ کَکَامٜيٰ بَاکَرࣸوڧَࢽْ کࣸوکࣸبࣸو  کَاڧَاࢽٜيٰ کࣸووَادَأَبَࢽْسَ کَغَاࢽٜيٰ
ڢَاَللَّهْ شِبَامࣸ مࣸشَاسࣸ رَࢽَّࢽْ مࣸڟِيَرَدࣸکْ     دَغِرْمَࢽْ ڢِيَيَّيٰ اَلࢽَّبِمࣸ مࣸحَمَّدَا,جَاَللْهْ شِبَامࣸ مࣸشَاسࣸ رَࢽَࢽْ مࣸڟِيرَدࣸک  ڢࣸ غِرْمَࢽْ ڢِيَّٜيٰ اَلࢽّبِࢽْمࣸ مࣸحَمَّدَا
رَࢽْدَࢽَاڧࣸودَاتَکَامَا    رَࢽْ أࣸوَامࣸتࣸوَايَکࣸواْمَا,رَࢽْدَࢽَاڧࣸودَاتَکَامَارَࢽْ أࣸوَامࣸتࣸوَايَکࣸواْمَا
بَکَ سَامࣸ رࣸوَࢽْدَکَاحَطٜىٰبَا,بَکَ سَامِ رࣸوَࢽْدَکَاحَطٜيٰبَا
غَمَادَيْڢَ ڟِيرَاࢽَتَ أَࢽَࢽْ يَکَࢽْ بِࢽْ مِجِ ؞ إِذَࢽْ تَاڧِي کࣸوبَابࣸ ثٜتࣸࢽْ مࣸحَمَّدَا,کَمَادَيْڢَ طِيرَاࢽَتَ أَࢽَࢽْ يَکَࢽْ بِࢽْ مِجِ ؞  إِذَرْتَاضِ کࣸوبَابࣸ ثٜتࣸࢽْ مࣸحَمَّدَا
اعمى ولوکاࢽ عا,ادک م
سࣸثٜيٰ يَوْکࣸذࣸوغخَلِيلࣸ سَرْکِࢽْمࣸ يَيْ ڢࣸشِيٰ يَوْسَيْ ڢِيَيّٜيٰ مࣸحَمَّدَا,سࣸثٜيٰ يَوْکࣸذࣸوغَخَلِيلࣸ سَرْکِࢽْمࣸ بَيْ ڢࣸشِي خَلِيلࣸ شِثٜيٰ يَوْسَيْ ڢِيَࢽّٜيٰ مࣸحَمَّدَا
دࣸࢽْ شِکࣸرْطَادَطَاثِکِࢽْ مَاسࣸ ثࣸوتَا     مَاسࣸ اَذَدࣸوکِيَا غَرِࢽْ بَࢽْ سَرَوْتَا,دࣸࢽْ شِکࣸرْطَادَطَاثِکِࢽ مَاسࣸ ثࣸوتَا  مَاسࣸ أَذَدࣸوکِيَاغَرِࢽْ بَࢽْ سَرَوْتَا
وڢرهب تسعة عشر,ڢل عل اع
وَࢽْغَ إِلْغَاذِي ࢽَطَاࢽٜىٰ    مَيْوَڟࣸواڢَڢِّࢽْسࣸ سَاࢽٜىٰ,وَࢽْغَ إِلْغَاذِي ࢽَطَاࢽٜيٰ  مَيْوَڟَواْڢَڢِࢽْسَ سَاࢽٜيٰ
سَيْ کࣸوسࣸتࣸوبَ سࣸکَامَ سࣸࢽَّرْ مࣸحَمَّدࣸ؞  تَعَلَىٰ يَڧَاڢَرْثٜسࣸ دࣸࢽْ سࣸࢽْبِ أَحْمَدَا,سَيْ کࣸوسࣸتࣸوبَ سࣸکَامَ سࣸࢽَرْمࣸحَمَّࣸ ؞ تَعَلَر يَڧَاڢَرْࢽٜسࣸ دࣸࢽْ سࣸࢽْبِ أَحْمَدَا
شِثٜيٰمَسّ رَبِّي أࣸمَّتِي أࣸمَّتِي دࣸکَ    کَرِيمِ شِثٜيٰ ࢽَابَاکَ ثٜيٰتࣸومࣸحَمَّدَا,شِثٜيٰمَسَ رَبِّي أࣸمَّثِي أَمَّتِي دࣸکَ  کَرِيَيِ شِثٜيٰ ࢽَابَاکَ ثٜيٰتࣸومࣸحَمَّدا
وَࢽْکَࢽْ جࣸوࢽَࢽْسࣸ بَأْهَࢽَابَا,وَࢽْکَࢽْ جࣸوࢽَࢽْسࣸ بَاهَࢽَابَا
سَࢽَّࢽ کࣸࢽْغَ دࣸومࣸتَاࢽٜى ࢽَکِرْکِ    بَاسࣸ عَمِࢽْثٜوَمَرَرْيِࢽ صَࢽَاعَ,سࣸࢽّࢽْ کࣸࢽْغَ دࣸومࣸتَاࢽٜيٰ ࢽَکِرْکِ  بَاسࣸ عَمِࢽْثٜوَمَرَرْيِࢽْ صࣸࢽَاعَ
کَاغَ أَمْضٜيٰ بَايَرْدَرْوَلِي   بَابࣸ عِدَّا شٜيٰغࣸواْ سࣸࢽَوَا,کَاغَ أَمْضٜيٰ بَايَرْدَرْوَلِي  بَابࣸ عِذَّاشٰٜغࣸواْسࣸࢽْيَوَ
وَلْڢَوْرࣸعٜيَذِّنْدٜوَالاِسْتِکْمَالِ عٜتِمِّنْدٜ,وَالْڢَوْرࣸعٜيَذّࣸنْدٜوَاالِسسْتِکَمَالِعٜتِمّنْدِ
تࣸࢽددي,تࢽددي
مَاتَاأَطٜيبٜيٰ  کࣸࢽْيَادَبِࢽْ مࣸجِي   أَبَرْسࣸووَاڟٜيٰ عَطَاکِࢽْ دࣸوࢽِيَا,مَاتَاأطٜࢽٜيٰ کࣸࢽْيَادَبِࢽْ مࣸجِي  أَبَرْسࣸووَاطٜييٰ عَطَاکِࢽْ دࣸوࢽْبَا
إِࢽْيِ مࣸرْࢽَابَادَ ڢَارِيَابَا,إِࢽْيِ مࣸرْࢽَابَادَڢَارِيَابَا
ولمخ النسخ ينکره ضڢ اليودومࢽ ؞ للکڢر نحلته مࢽ کل ذ> نحل,والسخ الهخ ينطره صنڢ البددوم ؞ للکڢ نلت مࢽ کل ذ> خل
بجاه خير الورى افدى وسابلنا ؞ وجاه کل نبى ثم کل ول,عاه خيࢽ الوي ى افدڡ وسابلنا ؞ وجاه کل نى ثم کلول
بَاتَ کࣸلَادَجِکِࢽْتَ إِتَ صࣸلّࣸوتࣸوَا طَاکِࢽْتَمَاسَيْ کَيْ مِجِ کَاشَارٜيٰ,بَاتَ کَلَ دَجِکِࢽْتَ إِتَ صࣸلࣸوتࣸوَا   طَاکِࢽْࢽَمَاسَيْ کَيْ مِجِر کَاشَارٜيٰ
يَاجࣸوجࣸ وَمَاجࣸوجࣸ ࢽَاذࣸوَا  ڧَࢽْڧَࢽَاࢽَادَمَࢽْيَࢽْ کࣸࢽْࢽࣸوَا,يَاجࣸوجࣸ وَمَاجࣸوجࣸ ࢽَاذࣸوَا   ڧَࢽْڧَࢽَاࢽَادَمَࢽْيَࢽْ کࣸࢽْࢽࣸوَا
دَکَجٜٜىٰ بَکَدَامَ شِمْڢِطَابَا,دَکَجٜيٰ بَکَدَامَ شِࢽْڢِطَابَا
وَࢽْسࣸ هِمَّرْسࣸ کَوْذࣸوَاإِࢽْدَغࣸوغٜيٰ  سࣸࢽْ غَذَاکࣸوسࣸدَاوَيࣸوعِࢽْدَبࣸوغٜيٰ,وَࢽْسࣸ هِمَّرْسࣸ کَوْذࣸوَا إِࢽْدَغࣸوغٜيٰ  سࣸࢽْ غَذَاکࣸوسࣸدَاوَبࣸوعِࢽْدَبࣸوغٜيٰ
صَلاةࣸࢽَاَللهࣸ شِدَوَّمَ هَکَذَا   سَلَامࣻ غَرَى ش يَعَّى کࣸووَامࣸحَمَّدا,صَلَاةࣸ ࢽَاللَهࣸ شِدَوَّمَ مَکَّذَا  سَلَمࣸ غَرَوْشِم يَڢّࣸ کࣸووَامࣸحَمَّدَا
وَࢽْدَاَلدِّيࢽِ خَࢽِيڢِ    ࢽَاغَرٜيٰشِ إِࢽَادَخَوْڢِ,وَࢽْدَالدِّيࢽِ خَࢽِيڢِ  ࢽَاغَرٜيٰشِ إِࢽَادَخَوْڢِ
وَالْمَضْمَضَةࣸ عٜوࣸسْبࣵا دٜ وَالاِسْتِنشَاڡࣸ عٜشࣽرْ,وَالْمَضْمَضَةࣸ عٜوࣸسْبَادٜوَالاِسْْتِشَوࣸعٜشَرْ
ࢽَا تَّبَّتَا مَيْأرْزِڧِي بَيْ حَسَدَا کࣸمَ بَيْکࣸلاَ دَتَجْتَ سࣸسِي غࣸࢽْ طَࢽْ عࣸوَا,ࢽَاتَبتَامَيْاَزࣸڧِي بَيْ حَسَدَاکࣸمَ بَيْکࣸلَا دَتَجْتَ سࣸسِي غࣸࢽْ طَࢽْ عࣸوا
ورعي اصح اتصغى بدعته ؞ ڢاننه مذهب ا يضا لمعنتى ل,ورعى اصلح انصغى لبدعته ؞ ڢانه مذهب ايضالعتل
ࢽَاغَ مࣸوࢽِࢽْ إذْغِلِࢽْسَ    بَامࣸتࣸمْ وَاوَاکَمَرْسَ,ࢽَاغَ مࣸوࢽِࢽْ إِذَغِلِࢽْسَ  بَامࣸتࣸمْ وَاوَاکَمَرْسَ
ࢽَاي وَڧَاتَوَاذࣸدࣸومِࢽْ کࣸکَرْبَا   دࣸوࢽْ کࣸاࣸࢽْڢَاࢽَ ࢽِيِّ جَمَعَرْمࣸسࣸلْمِ,ࢽَايِ وَاڧَاتَواذࣸدࣸومِࢽْ کࣸکَرْبَا  دࣸوࢽْ کࣸاࣸࢽْڢَارَ ࢽِيّࣸ جَمَعَرْمࣸسࣸلْمِ
تࣸوبَࢽْسَ بَذَا يَکَرْݒࣸوَابَا,تࣸوبَࢽْسَ بَذَايَکَرْبࣸوَابَا
تࣽوجَاطࣽ سِتَنبِرْتࣽوجٜ ڢٜلٜى  تَوْتࣽوجࣽطࣽفࣽى دٜنڢَنرٜدَرَلْ,تࣽوجَاطࣸ سستَّنبِرتࣸوجِ فٜلٰتَوّتࣸوجࣸطࣽفࣽى ردٜنڢَرِدَرَل
ࡶَلْحَطَبِ جَرْمَلّٜ ࡶَلرَّفِيڡِ جٜوْطِ وَفَارَعࣽمَاکِ,ࡼلْحَطَبِ جَرْمَلّࣸ اَلرَّفِيمِ جࣽوْطࣶ وَفَالَ عࣸمَاکِ
إِࢽْ کَابَاشِ کَاغَ کَاسَابٜٜي اَللَّهْ إࢽْکحَࢽَاشِ کَابِي شَرِعَ,إِࢽ کَابَاشِ کَاغَ کَاسَابِي اَللَّهْ إِࢽْکَحَࢽَاشِ کَابِ ڧَوْلِࢽْ شِرِعَ
إِࢽْ يَّايِ يَاوࣸو غࣸࢽْ ࢽٜيٰمَاࢽَسَا    إِࢽْ بَيْ غَࢽِيبَا يَداوࣸوابَاوࣸرِي,دࣸࢽْ يَّايِ يَاوࣸوغࣸࢽْ ࢽٜيٰمَاࢽَسَا  إِࢽْ بَيْ غَࢽِيبَايَدَاوࣸوَابَاوࣸرِ
اَࢽَاکࣸࣸمَ مَکَمَاتَࢽْسࣸ يَارَا کࣸذࣸوکࣸجِ  ؞  کَطَوْرَاَمَاࢽَ رْالجَلَّ سَرْکِى مࣸحَمَّدَا,أَࢽَاکࣸمَ مَکَمَاتَࢽْسࣸ يَارَاکࣸذࣸوکࣸجِ ؞  کَطَوْرَاأَمَارَرْاجَلَّ سَرْکِࢽ مࣸحَمَّدَا
يَٜاتَࢽَاوَࢽْکَࢽْ أࣸبَࢽْتَا    هَرْأࣸوَاࢽَاوَࢽْکٜيٰ طَࢽْتَ,يَاتَࢽَاوَࢽْکَࢽْ أࣸبَࢽْتَا  هَرْأࣸوَاࢽَاوَࢽْکٜيٰ طَࢽْتَ
شِࢽْ مَىْ کَرَبَاسࣸ بَاغࣸدࣸوبَا,شِࢽْ مِيْ کَرَبَاسࣸ بَاغࣸدࣸوبَا
أَحْمَدْ تࣸکࣸرْشِيࢽٜيٰ يَيࣸووَاڧَرْࢽَࢽَا    شِيمَامࣸتࣸمْࢽٜيٰ مَيْذْمَادَمࣸتَاࢽٜيٰ,أَحْمَدْتࣸکࣸرْشِيࢽٜيٰ يَيࣸووَاڧَرْࢽَࢽَا  شِيمَامࣸتࣸمْࢽٜيٰ مَيْذَمَادَمࣸتَاࢽٜيٰ
أَرَاࢽَࢽْ الْڧِيَامَ ذَايَذࣸوکࣸمࣸ أَسَࢽِشࣸ دࣸکْ ؞  ڢِسْکَࢽْسَ بَابࣸ ࢽَامَ حَدِيشِ مࣸحَمَّدَا,أَرَاࢽَي الْڧِيَامَ ذَيَذࣸوکࣸمࣸ أَسَࢽْشِ دࣸکࣸ ؞  ڢِسْکَࢽْسَ بَاࢽَامَ حَدِيشِ مࣸحَمَّدَا
وࣸنداکࣸ دنيانِعْمَ مࣸمْ اَنَدࣸومࣸيࣸواْ جٜمْنࣸوبٜ ڢَوْلِدٜجَسْتِطࣸمْ بٜࢽْ کَاَ نطَتَا,مࣸذَاکࣸ دٜنيانِعْ مࣸرْأَࢽَدࣸومࣸبࣸواْجٜمْنࣸودٜ ڢَوْلٜي بَسْتِطࣸبٜمْ کَاحْطَتَا
وَࢽغَ زَࢽْثٜيٰ ࢽَامࣸ ڧَرْڢٜيٰ    سَيْدَڧَارٜيٰوَاأشَاڢٜيٰ,وَࢽْغَزَࢽْثٜيٰ ࢽَامࣸ ڧَرْڢٜيٰ  سَيْدَڧَارٜيٰوَاأَشَاڢٜيٰ
مࣸوَابَتَرِسْکِ مَىْ رَشِيْبَا,مࣸوَابَتَرِسْکِ مَيْ رَشِيبَا
ࢽَاغࣸودٜأّللَّهْ ࢽَاࢽَࢽْ غَاڢَرَا  يَبَامࣸ إِيمَاࢽِ مَيْ تَبَّتَا,ࢽَاغࣸودِ اَللَّهْ ࢽَاࢽَࢽْ غَاڢَرَا  يَبَامࣸ إِيمَاࢽِ مَيْ تَبْࢽَا
يَارِڧَاتࣸوْکَرْشِذَرْثٜىٰ    شِي طَغَاوَاحَرْشِمَࢽْثٜىٰ,يَارِڧَاتࣸوْاْکَرْشِذَرْثٜيٰ  شِي طَغَاوَاحَرْشِمَࢽْثٜيٰ
إِࢽ,ذࢽ
بَاتَ کَطِي کࣸمَ بَاتَ صَࢽَاعَ   سَيْ ࢽَمِجِࢽْتَ يَبَاتَ تَسَاتَا,بَاتَ کَطِي کࣸمَ بَاتَ صَࢽَاعَ  سَيْ ࢽَمِ جِࢽْࢽَ يَبَاتَ تَسَاتَا
تَڢࣸوأَمِيࢽࣸ إِࢽْ مَّکَاذَࢽْثٜيٰ  إِࢽْ جِي مَالَمْ بَاوَابَزَࢽْڢَرٜيٰ,تَڢࣸواَمِيࢽࣸ إِࢽْمَّکَاذَࢽْثٜيٰ  إِࢽْ جِي مَالَم بَاوَابَزَࢽْڢَرٜيٰ
کࣸواْ تَثٜيٰ دَمِجِࢽْتَ دࣸوبِ   مࣸࢽْ ذَمَادَبَابࣸ عَيْبِ,کࣸواْتَثٜيٰ دَمِجِࢽْتَ دࣸوبِ  مࣸࢽْ ذَمَادَبَابࣸ عَيْبِ
10,1
دࣸکْ مࣸذَمْ کࣸوبِطَا غَأللهࣸ سَرْکِي   غَاڢَرَاکࣸو مࣸسَامِ يَرْدَعَّظِيمِ,دࣸکْ مࣸذَمْ کࣸوبِطَاغَاللَمࣸسَرْکِي  غَاڢَرَاکࣸومࣸسَامِ يَرْدَعَّظِيمِ
ڢِتِࢽَاکࣸوبَاذَاتَاتَعَبْکࣸبَا   سَيْ دࣸوࢽِيَادَوْطَاتَتَاتَيْيَوَا,ڢِتِࢽَاکࣸوَبَاذَاتَاتَعَبْکࣸبَا  سَيْ دࣸوࢽِيَادَوْطَاتَتَاتَيْيَوَا
سَيْ کࣸتࣸوبَادَسَاتَاسَارِڧَيْ   ࢽَاغَيَامَکࣸ تࣸࢽدَغَ دࣸوࢽِيَا,سَيْ کࣸتࣸوبَادَسَاتَاسَارِڧَيْ ࢽَاغَيَامَکࣸ تࣸࢽْدَغَ دࣸوࢽِيَا
عٜمࣽجِّ عَآدٜࢽْ کَمَايَجْر>ࡶَلنَّارࣸوَنࣽيِيتٜ جَامِرْتَ,عٜمࣸجّࣸ عَادٜࢽْ کَمَايَجْرِى ࡶَلنَّارࣸوَنّييةٜ جَامِرْتَ
ڢصل ڢيما يستحيل على الموى الجليل جل ثناواء وتفدست اسماواه,ڢصل ڢبا يسجل على الولى الجليل جل تاذدوتفدست اساوه
اذکل ما خاص الاوهام مࢽ مور ؞ مخلوفةمثلناتى ه ولاتهل,اذکل ماخاص الاوحهام مࢽ صور ؞ مخلوفة مثلنانره ولاتصل
کࣸوْاْدَابَاغࣸوْاْبٜىٰ لَاخِرَابَا,کࣸوْاْدَابَاغࣸوْاْبٜيٰ لَاخِرَابَا
وَڢَرَآإضࣸ ࡼلسَّوْمِ ڢَرِللَّجِ کࣽرْکَ خَمْشَةࣻکࣽجࣽوِ,وَڢَرَابِضࣸ ࡼلسَّوْمِ ڢَرِکّجِ کࣸرْکَ خَمْشةࣻ کࣽجࣸو
15,1
کَجِ ڧِرَوْتَوْاْ مَرَسْ مَڢَطَا,کَجِ ڧِرَوْتَوْاْحَرَسَ هَڢَطَا
کࣸمَاڢِيرَرْسࣸ ثَاسࣸکٜي وَࢽٜي رࣸووَا  سࣸيِي سࣸوکَا غَوَࢽْدَ کٜيࢽْ صَࢽَاعَ,کࣸمَاڢِيرَرْسࣸ ثَاسࣸکٜيٰ وَإيْ رࣸووَا   سࣸيِي سࣸوکَاغَوَࢽْدَکٜيࢽْ صَࢽَاعَ
اکي م دماغࢽي مطياغالله   غرٜي مک دوغرامبوي ࢽصارا,إکي م دماغࢽي مطياغراله  غدي مک دوغرامبوي صارا
1,1
سَيْ يَيَاڢَ رࣸوَࢽْ دَبَادَڢَابَا,سَيْ يَيَاڢَ رࣸوَࢽْ دَبَادَڢَابَا
ڢواجب کونى فطمعابلا عدم ؞ سبحانه وتعلى جل عࢽ مثل,ڢواجب کون فطعابلاعدم ؞ سبحانه ونعلى جلاعࢽ عثل
کࣸوعَجِيَاکَبَىْ مَرَيِّࢽْ صَࢽَاعَ    ڧَرْشٜىٰ کَيْدَشِى ڢَاسَىْ کࣸࢽْ شَرِيعَ,کࣸوعَجِيَاکَبَيْ مَرَيّࢽْ صَࢽَاعَ  ڧَرْشٜييٰ کَيْدَشِي ڢَاسَيْ کࣸࢽْ شَرِيعَ
ڢَࢽَࢽْ أکَ بَرْکَادࣸدَّغࣸوطَاأَࢽَارَوَا     دَمࣸرْࢽَاتَڟِيَرَا أࢽْغَ حَسْکٜيٰࢽْ مࣸحَمَّدَا,جَࢽَࢽْ أَکَ بَرْکَادࣸدَّغࣸوطَاأَࢽَارَوَا   دَمࣸرْࢽَاتَڟِيرَاأَࢽْغَ حَسْکٜࢽْ مࣸحَمَّدَا
شِي تَوَاضِعࣸ ࢽٜىٰ هَلِࢽْسَ إِࢽْ يَهَࢽْغِ مࣸتࣸمْ أَࢽٜـيٰـسَا,بَشِکَࢽْ يَ مࣸتࣸمْ أَکَࢽْ رَشِيبَا
دࣸࢽْ مَڢِي کَيْاوࣸࢽْ طَبِيعَا    اَلࢽَّبَاوَامَاسࣸ طَاعَا,دࣸࢽْ مَڢِي کَيْاوࣸࢽْ طَبِيڢَا  اَلࢽَّبَاوَامَاسࣸ طَاعَا
شٜيٰکَرَاخَمْسِࢽْ دَيَاڧِي    ࢽَاثِکِي دَمَثِي صَدَاڧِي,شٜيٰکَرَاخَمْسِࢽْ دَيَاڧِي  ࢽَاثِکِي دَمَثِي صَدَاڧِي
تࣸوْاْشِبَرْمَاکَࢽْسَ ڧٜيٰتَا   رَامࣸوَرْ شَرِّدَثࣸوتَا,تࣸوْاْشِبَرْمَاکَࢽْسَ ڧٜيٰتَا  رَامࣸوَرْشَرِّدَثࣸوتَا
بَاکَ ڟَرْمَتَ إِࢽْ کَجٜيٰ غࣸدࣸوبَا,بَاکَ ڟَرْمَتَ إِࢽْ کَجِي غࣸدࣸوبَا
ڧࣸواْڧَرِࢽْسَ شِکَࢽْڢِ أوْکِ ࢽٜيٰ أَڧَارَدَرٜيٰ دَتَاکِي,ڧࣸوْاڧَرِࢽْسَ شِکَࢽْڢِ أَوْکِ  ࢽٜيٰ أَڧَارَدَرٜيٰ دَتَاکِي
کَ بَاذَاتَ کَرْݒࣸوَابَا,شِْڢَطِي بَاذَاتَ کَرْبࣸوَابَا
تࣸࢽْ سࣸࢽَا ڟࣸمْمَّاتَبَرْسࣸ وَسࣸ ࢽَاڧࣸودَاتَکَسࣸ,تࣸࢽْ سࣸࢽَاڟࣸمَّاتَبَرْسࣸ  وَسࣸ ࢽَاڧࣸوْدَاتَکَسࣸ
ڢَأَکٜىٰ ڟَىْ شٜىٰسࣸ بَىْ غࣸشٜىٰبَا,ڢَأَکٜيٰ ڟَيْ شٰٜسࣸ بَيْ غࣸشٜيٰبَا
غَاجَهَࢽَّمَ ࢽَࢽْ أَڢَارِ   کࣸرْکࣸکࣸࢽٜيٰ مَيْڧَذَارِ,غَاجَهَࢽَّمَ ࢽَࢽْ أَڢَرِ  کࣸرْکࣸکࣸࢽٜيٰ مَيْڧَذَارِ
أَکَبَاشِي رِڧࣸࢽْمࣸ بَيْ رِڧٜيٰبَا,أَکَبَاشِ رِڧࣸࢽْمࣸ بَيْرِڧٜيٰبَا
إࢽي تحيرت ڢي أمري وأمرهم  شبه الࢽعامة لا طير ولا جملࣼ,اࢽي تحيرت ڢي امرب وامرهم  شبه الࢽعامة لاطيروࢽاجمل
شِي عِبَادَاڢَيْ دَݒࣸويٜيٰ    شِي هَوَاࢽَاࢽَࢽْ کࣸجَايٜيٰ,شِي عِبَادَاڢَيْ دَبࣸويٜيٰ  شِي حَوَاࢽَاࢽَࢽْ کࣸجَايٜيٰ
مَلَّکَاثٜيٰ تࣸوْاْکࣸدَيْࢽَ غَابَا,هَلَّکَاثٜيٰ تࣸوْاْکࣸدَيْࢽَ غَابَا
يَدَّدَيْ ࢽَتَرَرْدَسࣸ حَرْ  وࣸتَادَمَرِي دَسَرْڧَرْ,يَدَّدَيْ ࢽَتَرَرْدَسࣸ حَرْ وࣸتَادَمَرِي دَسَرْڧَرْ
ࢽَࢽْ دَࢽَࢽْ بِسَ کَࢽْ تَڢَرْکِ   وَࢽْسࣸ يَدَّڧَڢَاکَتَاکِ,ࢽَࢽْ دَࢽَࢽْ بِسَ کَࢽْ تَڢَرْکِ  وَࢽْسࣸ يَدَّڧَڢَاکَتَاکِ
کࣸمَ سَىْ بَکَذࣸوْکَࢽَارَحَابَا,کࣸمَ سَيْ بَکَذࣸوْکَࢽَارَحَابَا
ࢽَࢽْڢَ يَىْ سࣸجَدَاغَأَللهْ    غَاشِ کࣸوْاْغَاجِبْرَءِيلَ,ࢽَࢽْڢَ يَيْ سࣸجَدَاغَأَللَّهْ  غَاشِ کࣸوْاْغَاجِبْرَمِيلَ
تَمَتْ بِحَمْدِ لِلَّهِ وَحࣸسْࢽِ عَوْࢽِهِ,تَمَّتَ بِحَمْدِ اللَّهِ وَحࣸسْࢽِ عَوْࢽِمِ
ذِکْرِي بَسࣸ مَࢽْثٜىٰ حَيْلَلَابَا,ذِکْرِي بَسࣸ مَࢽْثٜيٰ حَيْلَلَابَا
دࣸࢽْ مࣸتَاکَ دࣸغَادࣸغِࢽْکࣸ   مࣸࢽْ تَاکِرْکِ غَرٜيٰکࣸ,دࣸࢽْ مࣸتَاکَ دࣸغَادࣸغِࢽْکࣸ  مࣸࢽْ ذَتَاکِرْکِ غَرٜيٰکࣸ
بَعَ ڢَاسَ کِرَاأَࢽَاذࣸوَابَا,بَعَ ڢَاسَ کِرَاأَࢽَاذࣸبِيبَا
بَاذَا شِى هَࢽَامࣸ سَادࣸوَابَا,بَاذَاشِ مَࢽَامࣸ هَادࣸوَابَا
بَاشِ ذࣸوبٜىٰ إࢽْ يَبَاکَ   بَاشِ جِࢽْ ڧَيَاشِࢽْ أَبِࢽْکَ,بَاشِ ذࣸوبٜيٰ إِࢽْ بَبَاکَ بَاشِ جِࢽْ ڧَيَاشِࢽْ أَبِࢽْکَ
شِي بَتࣸوࢽَسَ غَسْکِيَاࢽٜيٰ    دࣸوࢽْ حِدِثِࢽْ مࣸصْطَڢَيٰࢽٜيٰ,شِي بَتࣸوࢽَسَ غَسْکِيَابٜيٰ  دࣸوࢽْ حَدِ يِثِࢽْ مࣸصْطَڢَيٰ ࢽٜيٰ
اِࢽْ يَبࣸوࢽْ مَࢽْذࣸوْاْحَمَيدِ   ذࣸو شَڢَا يَوْمࣸ الْمِعَادِ,إِࢽْ يَبࣸورْمَࢽْذࣸوْاْحَمَيدِ  ذࣸوشَڢَايَوࣸمَ ڧْعَاطِ
ذَيْکِرَاسࣸ أَمَاسࣸ غَابَا     ࢽَٜىٰ دَالله مَاسࣸ ذَمْبَا,ذَيْکِرَاسࣸ أَمَاسࣸ غَابَا ࢽٜىٰ دَاَللَّهْ مَاسࣸ ذَمْبَا
مَيْ بِطَرْأَوْرٜيٰ أَعِدَّا    شِيدَمَيْتࣸوْذَرْتَ شَيْدَا,مَيْ بِطَرْأَوْرٜيٰ أَعِدَّ شِيدَمَيَتࣸوْذَرْتَ شَيْدَا
بَمسَࢽْ ڢَرَضِي دَࢽَاڢِلَابَا,بَمࣸسَࢽْ ڢَرَضِي دَࢽَاڢِلَابَا
٥١ سَيْدَ کَى تَحِيَا غَأَللَّه  أَࢽْکَثى بَابى ڢِتِلَّه,٥سَيْدَکَيْ تَحِيَاغَأَلَهْ أَࢽْکَثٜيٰ لَالٜىٰ ڢِࢽْلَّهْ
وَࢽْسࣸ أَࢽْطَوْرٜىْ دَمَلْوَا    سࣸࢽْ وَحَلْتَ ڧِشِي دَيࣸࢽْوَا,وَࢽْسࣸ أَࢽْطَوْرٜيٰ دَمَلْوَا  سࣸࢽْ وَحَلْتَ ڧِشِي دَيِࢽْوَا
کَدَکَيْ ࢽࣸوْاْمَ بَکَيْ جِرَابَا,کَدَکَيْ ࢽࣸوْاْمَ بَکَيْ جِرَابَا
وَࢽْدَسࣸࢽْ رِڧٜيٰ غَرْدَمَاࢽٜيٰ  بَاعَ سَاسࣸ ثِکِࢽْ مࣸتَاࢽٜيٰ,وَࢽْدَسࣸࢽْ رِڧٜيٰ غَرْدَمَاࢽٜيٰ  بَاعَ سَاسࣸ ثِکِࢽْ مࣸتَاࢽٜيٰ
سَيْ سࣸثٜيٰ مَسࣸ بࣸتࣸلْثٜيٰ أَࢽْ حَدِيثِ کࣸࢽْ کࣸرࣸمْثٜيٰ,سَيْ سࣸثٜيٰ مَسࣸ کࣸࢽْ بࣸتࣸلْثٜيٰ  أَࢽْ حَدِيثِ کࣸࢽْ کࣸرࣸمْثٜيٰ
مَىْ جِدَالِى دَيْࢽَ مࣸوسࣸو   اَلࢽَّبَاوَاتَرْسَشِࢽْسࣸ,مَيْ جِدَالِي دَيْࢽَ مࣸوسࣸو اَلࢽَّبَاوَاتَرْسَشِࢽْسࣸ
کَڢَطَاوَااَلࢽَّبِࢽْمࣸ   مࣸصْطَڢَىٰ مࣸوغࣸࢽْ حَلِࢽْمࣸ,کَڢَطَاوَااَلࢽَّبِࢽْمࣸ  مࣸصْطَڢَٜىٰ مࣸوهࣸࢽْ حَلِࢽْمࣸ
تمت بحمد الله وحسࢽ عوࢽه,ࢽمت بحمد الله وحسࢽ موࢽه
بَيْ تَاشِ دَلَاڢِيَرْإِدࣸوبَا,بَيْ تَاشِ دَلَاڢِيَرْإِدࣸوبَا
بَيْ کَيْغَ أبِࢽْدَيَيْ ࢽࣸڢِيبَا,بَيْ کَيْغَ أَبِࢽْدَيَيْ ࢽࣸڢِيبَا
ذَاسࣸجٜيٰ  وࣸتَ بَادَدَوَّمَابَا,ذَاسࣸجٜيٰ وࣸتَ بَادَدَوَّمَابَا
کَاثِ کَاشَاکَايِ تَيْݒا   کَامَثٜيٰ ڧَبَرِيٰيَکَرْݒا,کَاثِ کَاشَاکَيِ تَيْبَا  کَامَثٜيٰ ڧَبَرِيَکَرْبَا
دَحَطِࢽْ سَبَبِي دَڧࣸلَّ غَابَا,دَحَطِࢽْ سَبَبِي دَڧࣸلَّ غَابَا
ࢽَجَسَاکٜيٰ ڟَڟَّکِࢽْکَ مٜيٰ يَڧَرْڢَڢَ تَاڧَمَرْکَ,تَجَسَاکٜيٰ ڟَڟَمکِࢽْکَ مٜيٰ يَڧَرْڢَڢَتَاڧَمَرْکَ
سَيْ أَبࣸوطٜيٰ وࣸتَاسࣸغَࢽْشِ    ࢽَࢽْڢِ ڧَارَاغَرٜيٰشِ,سَيْ أَبࣸوطٜيٰ وࣸتَاسࣸغَࢽْشِ  ࢽَࢽْڢَ سࣸيْ ڧَارَاغَرٰٜشِ
تَيْمَکـࢽ کَبَࢽْ حَذَاڧَا   إِࢽْيِ وَاڧَ مَي زَلَاڧَا,تَيْمَکٰٜࢽِ کَبَࢽْ حَذَاڧَا  إِࢽْيِ وَاڧَامَيْ زَلِاڧَا
حَرْسࣸ تَاشِ سࣸࢽَادَ کَايَا    دࣸࢽْ ڢَطِࢽْدَ سࣸکٜيٰ ࢽَڧَرْيَا,حَرْتَاشِ سࣸࢽَادَکَايَا  دࣸࢽْ ڢَطِࢽْدَسࣸکٜيٰ ࢽَڧَرْيَا
وَࢽْدَکٜيٰ ࢽٜيٰمَࢽْ دَلَالَه    سَيْ يَتَاشِ يَبَرْکَسَالَه,وَࢽْدَکٜيٰ ࢽٜيٰمَࢽْ دَلَالَه سَيْ يَتَاشِ بَبَرْکَسَالَه
بَىْ غِرمَمَ وَࢽْغَ اَلࢽَّبِيبَا,بَيْ غِرْمَمَ وَࢽْغَ اَلࢽَّبِيبَا
يَࢽْذࣸبَاکࣸومٜيٰ غَرٜيٰࢽِي  سَيْ يَجٜيٰ أَثِکِࢽْ يَڧِيࢽِ,يَࢽْذࣸبَاکࣸومٜيٰ غَرٜيٰࢽِي  سَيْ يَجٜيٰ أَثِکِࢽْ يَڧِيࢽِ
کࣸواْدَطَامَࢽْ کࣸواْدَڧَايَا   دࣸکْ أَبِࢽْ کࣸواْ يَابࣸوايَا,کࣸواْدَطَامَࢽْ کࣸواْدَڧَايَا  دࣸکْ أَبِࢽْ کࣸواْيَابࣸوَايَا
رَاࢽَاکَࢽْ هࣸودَبَيْ سَࢽِيبَا,رَاࢽَاکَࢽْ هࣸودَبَيْ سَࢽِيبَا
شِڢَ جَاهِلْثِ يَثَرْبࣸ ࢽٜيٰ ࢽَکَاڢِرْثِ غَأَيْبࣸ,شِڢَ جَامِࢽْثِ بَࢽَرْبࣸ ࢽٜيٰ تَکَاڢَرْکِ غَذَيْبࣸ
شِي عِبَادَا ڢيْ دَݒࣸويٜيٰ   شِي هَوَاࢽَاࢽَࢽْ کࣸجَايٜيٰ,شِي عِبَادَاڢَيْ دَبࣸويٜيٰ  شِي حَوَاࢽَاࢽَࢽْ کࣸجَايٜيٰ
بَتَ کَرْبݒِي ڢَطَرْأࣸبَࢽْ غِجِيبَا,بَتَ کَرْبِي ڢَطَرْأࣸبَࢽْ غِجِيبَا
إِࢽْدَدࣸکْ تَبِ سَيْ أَدࣸواکَا   إِࢽْدَيْ مࣸتࣸوَاتَسَوْکَا,إِࢽْدَدࣸکْ تَجِ سَيْ أَدࣸواْکَا  إِࢽْدَدَيْ مࣸتࣸوَاتَسَوْکَا
طࣸبِعَ عَلَىٰ ࢽَڢَڧَةِ اَلْحَاجِّ مࣸحَمَّدࣸ البَشِير ࢽَا الحَاجِّ سَعْدࣸ,طَبعَ عَلَيٰ ࢽَڢَڧَمْ األحَاجَّ مࣸحَمَّدࣸ اَبَشِيرࣸࢽَالحَاجِِ سَحْدࣸ
غَاعَلَامࣸوْاْمِࢽْ ڧِيَامَا   تَاجِرَيْ سࣸيَوَيْتَ هࣸوْاْمَا,غَاعَلَامࣸوْاْمِࢽْ ڧِيَامَا  تَاجِرَيْ سࣸيَوَيْتَ هࣸوْاْمَا
بَکَ سَامِ يَسࣸ أَمَلَّکَابَا,بَکَ سَامِ يَسࣸ أَمَلَّکَابَا
أࢽْ ڢَطَامَکَ ࢽِٜي غَرٜيٰکَ  بَاࢽِ ڧَوْࢽَرْ کࣸواْ وَࢽِࢽْکَ,أَࢽْ ڢَطَامَکَ ࢽِي غَرٜيٰکَ  بَاࢽِ ڧَوْࢽَرْکࣸواْوَࢽِࢽْکَ
دَطَ بَيْ ثٜيٰکࣸ لَاخِرَابَا,دَطَ بَيْ ثٜيٰ ثٜيٰکࣸ لَاخِرَابَا
سَىْ أَثٜىٰ مَسَ مࣸࢽْ هࣸکࣸࢽْتَا    سِيدِمࣸومࣸکَ سَاکَمَࢽْتَا,سَيْ أَثٜيٰ مَسَ مࣸࢽْ مࣸکࣸࢽْتَا  سِيدِمࣸومࣸکَ سَاکَمَࢽْتَا
وَࢽْسࣸ کࣸواْ سَبَبِي دَشِرْکَا   يَاحَࢽَاسࣸوثٜيٰ دَسࣸوکَرْ,وَࢽْسࣸ کࣸواْسَبَبِي دَشِرْکَا  يَاحَࢽَاسࣸوࣸثٜيٰ دَسࣸوکَرْ
بَاأَࢽٜيٰسَبَ غَامَڧٜيرَا    بَابࣸ کࣸواوَا بَࢽْدَکَورَا,بَاأَࢽٜيٰسَبَ غَامَڧٜيٰرَا بَابࣸ کࣸواْوَابَࢽْدَکَورَا
شِي يَسَاࢽَتَڢࣸواْ ࢽَکَيْکَ   دࣸࢽْ طِيَادَأࣸوَرْ سࣸغَࢽْکَ,شِي يَسَاࢽَتَڢࣸواْࢽَکَيْکَ  دࣸࢽْ طِيَادَأࣸوَرْسࣸغَࢽْکَ
بَسࣸ ڧَارَ غَࢽَࢽْ بَڧِࢽْ دࣸحࣸوبَا,بَسࣸ ڧَارَغَࢽِࢽْ بَڧِࢽْ دࣸحࣸوبَا
مࣸࢽْجِِ سَىْ اَللهْ تَعَالى  ࢽَࢽْ يَثٜىٰ يَاجِبرَءِيْلَ,مࣸࢽْجِ سَىْ اَللَّهْ تَعَالَى ࢽَࢽْ يَثٜيٰ يَاجِبْرَمِيلَ
شِي يَطَوکَکَـ بِرْبِشِࢽْسࣸ حَسَّدَرْسࣸ تَهَلَّکَاسࣸ,شِييَطَوکَکَ بِرْبِشِࢽْسࣸ  حَࢽَّدَرْسࣸ ࢽَهَلَّکَاسࣸ
ثِکِࢽْسࣸ بَذَاسࣸ کࣸوْاْ بَرِيبَا,ثِکِࢽْسࣸ بَذَاسࣸ کࣸوْاْبَرِيبَا
مࣸيْ شِرِࢽْ تَڢِيَامࣸتَاࢽٜيٰ    مَيْ ذࣸوَاࢽَّࢽْ کࣸوْاْغَوَاࢽٜيٰ,مࣸيْ شِرِࢽْ تَڢِيَامࣸتَاࢽٜيٰ  مَيْ ذࣸوَاࢽَّࢽْ کࣸوْاْغَوَاࢽٜيٰ
سَيْ وَࢽْدَبَذَاشِ لَاخِرَابَا,سَيْ وَࢽْدَبَذَاشِ لَاخِرَابَا
بسم الله الرحمࢽ الرحيم,بلسم اله الحى الحي
دَاجَࢽْ غࣸرْذࣸواْ بَيَثٜي بَا,دَاجَࢽْ غࣸرْذࣸواْبَبَامَثٜيٰ بَا
مَاسࣸ ثِࢽْ کَايَࢽْ مࣸتَاࢽٜيٰ   يٜيْ ڢَشِي کࣸواْمَاسࣸ سَاࢽٜيٰ,مَاسࣸ ثِࢽْ کَايَࢽْ مࣸتَاࢽٜيٰ  بَࢽْ ڢَشِي کࣸواْمَاسࣸ سَاࢽٜيٰ
حَرْ شَࢽْسَ بَشِى غࣸرَاغࣸرَابَا,حَرْشٜࢽْسَ بَشِى غࣸرَاغࣸرَابَا
وَڢَّڧْࢽَااَللَّهࣸ إِلَىٰ مَايَحِبّࣸءَامِيࢽْ,وَڢَّڧْࢽَااَللَّهࣸ إِلَىٰ مَاِيࣸحِبّࣸ ءَامِيࢽِ
اَلࢽَّبِࢽْمࣸ يَثٜيٰ دَڟࣸوْاْکَا  طَيَ مࣸتࣸمْ أَثِکِࢽْ جِکِࢽْکَا,اَلࢽَّبِمّࣸ يَثٜيٰ دَڟࣸوْاْکَا  طَيَ مࣸتࣸمْ أَثِکِࢽْ جِکِࢽْکَا
أَࢽْکِرَاسࣸ ذࣸوَاکࣸشٰٜوَا   وْࢽْدَوَيْشِ دࣸࢽْ دَطٜيٰوْا,أَࢽْکِرَاسࣸ ذࣸوَاکࣸشٜٜيٰوَا  وَࢽْدَوَيْشِ دࣸࢽْدَطٜيٰوَا
سَيْ يَثٜيٰ مَسࣸ کࣸيْتَ کَࢽْکࣸ  کَرْکࣸ ذَرْغَࢽْ ذࣸوثِيَرْکࣸ,سَيْ يَثٜيٰ مَسࣸ کࣸيْتَ کَࢽْکࣸ  کَرْکࣸ ذَرْغَࢽْ ذࣸوثِيَرْکࣸ
سࢽَّࢽْ بَاذَاشِ کࣸوْاْمࣸوَاَبَا,سَࢽَّࢽْ بَاذَاشِ کࣸوْاْمࣸوَابَا
سَيْ مࣸکَࢽْ شَاوَرْوَرِࢽْمࣸ    ثٜىٰمَ اَدَمࣸ يَاأࣸبَࢽْمࣸ,سَيْ مࣸکَࢽْ شَاوَرْوَرِࢽْمࣸ  ثٜيٰمَ أَدَمࣸ يَاأࣸبَࢽْمࣸ
دَشِکَࢽْ مَࢽِ بَاأَبِࢽْ مࣸسࣸوبَا,دَشِکَࢽْ مَࢽِ بَاأَبِࢽْ مࣸسࣸوبَا
ثِي دَشَࢽْسࣸ أَثَࢽْ زَڧࣸومِ    سَيْ ضَرِيعࣸ بَذَاسࣸ سَامِ,ثِي دَشَࢽْسࣸ أَثَࢽْ ࢽَڧࣸومِ سَيْ ضَرِيغࣸ بَذَاسࣸ سَامِ
جِࢽْکِرِي دَبِيَࢽْ إِجَارَا   عَامِلي غَلَطِي غسࣸورَا,جِࢽْکِرِي دَبِيَࢽْ إِجَارَا  عَامِلِي غَلَطِي غَسࣸورَا
بَسࣸ تَوࢽَ أَبِࢽْدَاسَࢽْ حَطٜيٰبَا,بَسࣸ تࣸوْࢽَ أَبِࢽْدَسࣸࢽْ حَحَلٜيٰبَا
حَرْيَکَࢽْ کࣸوکَايَثٜىٰ دَا    مَىْ إدࣸوࢽَکٜىٰ مِى يَمَيْدَا,حَرْيَکَࢽْ کࣸوکَايَثٜيٰ دَامَيْ إِدࣸوࢽَکٜيٰ مِي يَمَيْدَا
حَرْڧَڢَاڢࣸوࢽَىْ کَشَيْدَ    تَاکٜىٰ تَاکٜىٰࢽَّࢽْ دَإِࢽْدَ,حَرْڧَڢَاڢࣸوࢽَيْ کَشَيْدَ  تَاکٜيٰ تَاکٜيٰࢽَࢽْ دَإِࢽْدَ
سࣸوأَبِࢽْثِࢽَࢽْ بِيࣸوبَا   بَذَاأَثِيسࣸ سࣸسَاڧِبَابَا,سࣸوأَبِࢽْثِࢽَࢽْ بِيࣸوبَا  بَذَاأَثِيسࣸ سࣸسَاغِبَابَا
سَىْ غَبَࢽْ کࣸرْسِࢽْ سَرَوْتَا    دࣸࢽْذࣸوَࢽَّࢽْ يَا وࣸيَاتَا,سَيْ غَبَࢽْ کࣸرْسِࢽْ سَرَوْتَا  دࣸࢽْ ذࣸوَࢽَّࢽْ يَاوࣸيَاتَا
بَيْبَ سَيْ دࣸومِࢽْ بَتَثّٜيٰ   شِيدَدࣸکَّࢽْ کَرْکَتَثّٜيٰ,بَيْبَ سَيْ دࣸومِࢽْ بَتَثٜيٰ  شِيدَدࣸکَࢽْ کَرْکَتَثّٜيٰ
صَلَّى اللَّهࣸ عَليْهِ وَسَلَّمَ,صَلَى اَلَّمࣸه حَڢَبْيِ دَسَلَّبَ
حࣸرتࣸمِي تَوْرٜىٰ دَجࣸويَا    کَاسࣸوَرْسࣸ تَࢽَادَحَࢽْيَا,حࣸرْتࣸمِي تَوْرٜيٰ دَجࣸويَا  کَاسࣸوَرْسࣸ تَࢽَادَحَࢽْيَا
٣٦ مَادࣸغࣸࢽْ مَکَهْ دَاکَثىي  ذَاࢽِ کىوَا تَاإِࢽتى,٣٦مَادࣸࣸࢽْ مَکَهْ دَاکَثٜيࢽ  ذَاࢽِ کٜيٰوَاتَاإِمٜيٰ
وَاڧَرْ تَاشِࢽْ ڧِيَامَ,وَاڧَرْتَاشِࢽْ ڧِيَامَ
سࣸࢽْ مࣸسࣸلْمِي أَرْزِکِيࢽٜيٰ   سࣸࢽْ ذࣸمࣸࢽْتَاوَاجِبِيࢽٜيٰ,سࣸࢽْ مࣸسࣸلْمِي أَرْزِکِيࢽٜيٰ  سࣸࢽْ ذࣸمࣸࢽْتَاوَاجِبِيࢽٜيٰ
کَدَکَيْ ࢽࣸوْاْمَ بَکَيْ جِرَابَا,کَدَکَيْ ࢽࣸوْاْمَ بَکَيْ جِرَابَا
غࣸومَ طَࢽْ ࢽٜيٰ ذَاسࣸ ࢽࣸوࢽَا   سَيْسࣸ ݒࣸويٜيٰ تَرَرْدَڧَوْࢽَا,غࣸومَ طَيْ ࢽٜيٰ ذَاسࣸ ࢽࣸوࢽَا سَيْسࣸ بࣸويٜيٰ تَرَرْدَڧَوْࢽَا
يَايِي بِࢽ کࣸووَࢽِࢽْسࣸ   سَيْ أَکَࢽْ کَاشٜيٰ أَکَيْسࣸ,يَايِي بِ کࣸوْوَࢽِࢽْسࣸ سَيْ أَکَࢽْ کَاشٜيٰ أَکَيْسࣸ
سَيْ أَبࣸوطٜيٰ وࣸتَاسࣸغَࢽْشِ  ࢽَࢽْڢَ سࣸيْ ڧَارَاغَرٜيٰشِ,سَيْ أَبࣸوطٜيٰ وࣸتَاسࣸغَࢽْشِ ࢽَࢽْڢَ سࣸيْ ڧَارَاغَرٰٜشِ
أَکَبَاشِ رِڧࣸࢽْمࣸ رِڧيٰبَا,اََسَي رَڧَࢽَمَسََڧََ
أَکَثٜيٰ بَاذَاسࣸ ڧٜيٰتَرَابَا,أَکَثٜيٰ بَاذَاسࣸ ڧٜيٰتَرَابَا
سࣸࢽْمَ کَࢽْسࣸ بَڧَرْظَلَاما   حَرْسࣸࢽثٜيٰ أَحَلِࢽْسࣸ دَامَا,سࣸࢽْمَ کَࢽْسࣸ بَڧَرْڟَلَامَا  حَرْسࣸثٜيٰ أَحَلِࢽْسࣸ دَامَا
سَىْ أَثٜىٰ جِبْرِيْلࣸ جٜىٰکَ    غࣸࢽْ مَڢِيڢِيثِࢽْ مَأَيْکَ,سَيْ أَثٜيٰ جِبْرِيلࣸ جٜيٰکَ  غࣸࢽْ مَڢِيڢِيثِࢽْ مَأَيْکَ
کࣸواْمَطَاثِي کࣸوشِرِࢽْيَا    سࣸکَ بࣸوشٜىٰ بَابࣸ طَࢽْيَا,کࣸواْمَطَاثِي کࣸوشِرِࢽْيَا  سࣸࢽْکَ بࣸوشٜيٰ بَابࣸ طَࢽْيَا
سَيْ وࣸرِࢽْ تࣸواْذࣸࢽْ اَلࣸولَه    سَيْ وࣸرِࢽْ أَذࣸمِي موَالَهْ,سَيْ وࣸرِࢽْ تࣸواْذࣸࢽْ أَلࣸولَه سَيْ وࣸرِࢽْ أَذࣸمِي مࣸوَالَهْ
دࣸوْبِ دَيْ غَسَرَا کࣸࢽَࢽْمࣸ  وَࢽْدَسࣸࢽْکَ رِِڧى ڧَسَرْمࣸ,سࣸجِ دَيْ غَسَرَاکࣸࢽَࢽْمࣸ  وَࢽْدَسࣸࢽْکَ رِڧٜيٰ ڧَسَرْمࣸ
سَيْ سࣸمَيْدَ کِرَࢽْ تَعَالَى  جَلَّ يَااَللَّه اَللَّهْ,سَىْ سࣸمَيْدَکِرَࢽْ تَعَالَى جَلَّ يَااَللَّهࣸ اَللَّهْ
ثٜيٰوَا بَاذَاشِ لَاخِرَابَا,ثٰٜوَبَاذَشِ لَاخِرَابَا
يَاإِلَهِ اِلْعرْشِ مَوْلَا  ࢽَارَبَامࣸ دَوَࢽْغَ ذِلَّا,يَاإِلَهِ اِلْڢَرْشِ مَوْلَا ࢽَارَبَامࣸ دَوَࢽْغَ ذِلَّا
دࣸࢽْ يَسَادࣸدَاَلْجَمَرْکَ    سَىْ يَکَࢽْ جٜىٰ بَابࣸ حَرْکَ,دࣸࢽْ يَسَادࣸدَاَلْجَمَرْکَ  سَيْ يَکَࢽْ جٜيٰ بَابࣸ حَرْکَ
بَابࣸ کَوْرِي بَابࣸ ڢَاطِ   ࢽَاجِ تࣸواْذَايٜࢽْ صِرَاطِ,بَابࣸ کَوْرِي بَابࣸ ڢَاطِ  ࢽَاجِ تࣸواْذَايٜࢽْ صِرَاطِ
سَىْ يَجٜىٰ کࣸرسِࢽْ سَرَوْتَا    سَىْ أَثٜىٰ مَسَ کَابࣸکَاتَا,سَيْ يَجٜيٰ کࣸرْسِࢽْ سَرَوْتَا  سَيْ أَثٜيٰ مَسَ کَابࣸکَاتَا
سَوْرَيِ کࣸواْکࣸوْابࣸدࣸروَا طَىْ شِکَىْ بَرْکَࢽْ دَکٰٜوَا,سَوْوَيِيعࣸواْکࣸواْبࣸدࣸوَا  طَيْ شِکَࢽْ بَرْطَيْ دَکٜيٰوَا
سࣸکَ تࣸوبَ دَسَاکٜيٰ بَاشِ غَابَا,سࣸکَ تࣸوبَ دَسَاکٜيٰ بَاشِ غَابَا
ذَاسࣸ سَامِ ڢِتَاأڢَامَا     حَرْسࣸسَامِ غِدَࢽْ سَلَامَا,ذَاسࣸ سَامِ ڢِتَاأَڢَامَا  حَرْسࣸسَامِ غِدَࢽْ سَلَامَا
غَذَتࣸو بَاذَاشِ لَاخِرَابَا,غَذَتࣸوبَاذَاشِ لَاخِرَابَا
إِࢽْبَاسࣸࢽْ تࣸوبَ سࣸࢽْ بَرِيبَا,إِࢽْبَاسࣸࢽْ تࣸوبَ سࣸࢽْ بَرِيبَا
يَاَإِلِهِ اِلْعَرْشِ بَاࢽِ هَࢽْکَلِي دَيَوَࢽْ بَيَاࢽِي,يَوَاحَهِ الْحَرْشِ بَاࢽِ  هَࢽْکَلِي دَيَوَࢽْ بَيَاࢽِي
صَکَوْادَيَاذَمَ شࣸوغَبَاࢽٜيٰ    بَاشِ ثٜيٰ مَکَ يَاڢِ وَاࢽٜيٰ,کِکوْاْدَيَاذَمَ شࣸوغَبَاࢽٜيٰ بَاشِ ࢽٜيٰ مَکَ بَالِ وَلٜيٰ
دࣸوْبِ مَࢽْيَࢽْ مَزَاجى  مَاسࣸ شَࢽْ کࣸواْڟࣸواْدَجَوجى,سࣸوْبِ دَيْ مَيْيَࢽْ مَزَاجٜي  مَاسࣸ شَࢽْ کࣸواْڟࣸواْدَجَوْجٜيٰ
بَکَسَࢽْ دَاذَاشِ تࣸوْاْࢽࣸوَابَا,بَکَسَࢽْ دَاذَاشِ تࣸوْاْࢽࣸوَابَا
صَاحِبِي جِبرِيلࣸ يَاثٜيٰ  يوْدَلَابَارِࢽْ وࣸتَاثٜيٰ,صَاحِبِي جِبْرِيلࣸ يَاثٜيٰ  يَوْدَࢽَابَارِࢽْ وࣸتَاثٜيٰ
دَاجَࢽْ غࣸرْذࣸواْ بَيَثٜي بَا,دَاجَࢽْ غࣸرْذࣸواْجَبَامَࢽٜيٰبَا
دࣸࢽْ رَࢽْ کࣸوْاْوَࢽْسࣸ بَيْࢽَڟَابَا,دࣸࢽْ رَرْ کࣸوْاْوَࢽْسࣸ بَيْࢽَڟَابَا
بَاکࣸࢽْ رَسَ جِࢽْ کࣸرࣸورࣸوَبَا,بَاکࣸࢽْ رَسَ جِࢽْ کࣸرࣸوْرࣸوبَا
بَسࣸ کَيْ ࢳَاࢳَاغَمَالࣸمَابَا,بَسࣸ کَيْ ࢳَاࢳَاغَمَالࣸمَابَا
کٜىٰ هَوَاکَغَࢽࣸواْࢽَوَاࢽٜىٰ     غَامࣸتࣸمْ مَىْ غَرْغَطِى,کٰٜ هَوَاکَڧَࢽࣸواْࢽَوَاࢽٜيٰ  غَامࣸتࣸمْ مَيْ غَرْغَطِرل
سَىْ يَثٜىٰ مَسَ أَىْ حَلِيࢽٜىٰ   ࢽَاتَڢࣸواْࢽَسَࢽَرْدَکࣸوࢽٜىٰ,سَيْ يَثٜيٰ مَسَ أَيْ حَلِيࢽٜيٰ  ࢽَاتَڢࣸواْࢽَسَࢽَرْدَکࣸوࢽٜيٰ
دࣸومِࢽْ أَيْکِࢽْسَ بَيْ ثِرَابَا,دࣸومِࢽْ أَيْکِࢽْسَ بَيْ ثِرَابَا
تمت بحمد الله وحسࢽ عوࢽه,تࢽ بححد اللࢽ وعرعوࢽ
سَيْ أَثٜيٰ مَسَ مࣸࢽْ هࣸکࣸࢽْتَا    سِيدِ مࣸومࣸکَ سَاکَمَࢽْتَا,سَيْ أَثٜىيٰ مَسَ مࣸࢽْ مࣸکࣸࢽْتَا سِيدِ مࣸومࣸکَ سَاکَمَࢽْتَا
ࢽٜيٰ غَرٜيٰࢽِ وَابِکِࢽدَيْ   کࣸواْ ࢽَدَࢽْغِ کࣸواْࢽَصَحَبَيْ,ࢽٰٜ غَرٜىٰࢽِ ذࣸوَابِکِيدَيْ کࣸوْاْࢽَدَࢽْغِ کࣸواْࢽَصَحِبَيْ
دَࢽْ بَثٜىٰوَرْهَࢽکَلِࢽْکࣸ    بِى بِيَࢽْ سࣸࢽْ ذࣸوثِيَرْکࣸ,دَࢽْ يَثٜيٰوَرْهَࢽْکَلِࢽْکࣸ بِي بِيَرْسࣸࢽْ ذࣸوثِبَرْکࣸ
دࣸࢽْ يَسَادࣸ دَاَلْجَمَرْکَ   سَيْ يَکَࢽْ جٜيٰ بَابࣸ حَرْکَ,دࣸࢽْ يَسَادࣸدَاَلْجَمَرْکَ  سَيْ يَکَࢽْ جٜي بَابࣸ حَرْکَ
وَࢽْدَسࣸࢽْکَ ڧَرَࢽْتَ ࢽَاسࣸ    بَيْ ࢽَوَابَ أَکَࢽْ حَلِࢽسࣸ,وَࢽْدَسࣸࢽْکَ ڧَرَࢽْتَ ࢽَاسࣸ  بَيْ ࢽَوَابَ أَکَࢽْ حَلِࢽْسࣸ
٣٢  شِيْ مࣸتࣸمْ ࢽى مَى حَࢽَاࢽَا  غࣸࢽ مࣸسࣸلمِى بَاڧِـيَاࢽَا,٢شِى مَتࣸم ࢽٜيٰ مَيْ حَࢽَاࢽَا  غࣸࢽْ مࣸسࣸلْمِي بَاخِييَاࢽَا
يَجِ کَلْمَابَاتَصطَࢽْ أدَمْبَا,بَجِ کَلْمَابَاتَطَطࢽْ أَدَمْبَا
بَشِکَࢽْ ڧِ مࣸتࣸمْ أَکَࢽْ رَشِيبَا,بَشِکَࢽْڧِ مࣸتࣸمْ أَکَࢽْ رَشِيبَا
شِي يَثٜيٰ مَࢽِ أَيْ جَهَالَهْ شِيدَا کَاڢِرْثِ غإِلَّهْ,شِي يَثٜيٰ مَࢽِ أَيْ جَهَالَهْ  شِيْدَکَاڢَرْثِ عَإِمَّهْ
کࣸواْرࣸڢٜي طَيَ إِࢽْ کَغَاࢽٜيٰ    کَࢽَ أَکَيْ طَيَ شٜيٰکَرَاࢽٜيٰ,کࣸوْاْرࣸڢِي طَيَ إࢽْ کَغَاࢽٜيٰ  کَࢽْ أَکَيْ طَيَ شٜيٰکَرَاࢽٜيٰ
بَسࣸ کࣸرْݒِ حَطَطِيَرْغِيَابَا,بَسࣸ کࣸرْبِ حَطَطِيَرْغِيَابَا
سَىْ يَثٜىٰمَ مَلَاءِکࣸوࢽَىْ   کࣸࢽْجِ کࣸوْاْوَاࢽَاتَکَيْࢽَىْ,سَيْ بَثٜيٰمَ مَلَابِکࣸوࢽَيْ کࣸࢽْجِ کࣸوْاْوَاࢽَاتَکَيْࢽَيْ
الࢽَّاشِرࣸأَحْمَدࣸالتِّجَاࢽِي حَڢِظَهࣸ اَللَّهࣸ وَڢَّ ڧَࢽَااللَّهࣸ,اَࢽَّاشِرࣸأَحْمَدࣸالتّجَاࢽِي حَڢِظَهࣸ اَحَّهࣸ وَڢَّ ڧَࢽَااللَّهࣸ
بَکࣸ سَࢽْ مَڢِتَا اَلَاخِرَابَا,بَکࣸ سَࢽْ مَڢِتَاأَلَاخِرَابَا
بَاکࣸواْمَيْ ڢَادَ هَلَّکَابَا,بَاکࣸواْمَيْ ڢَاطَ رَْلَّکَابَا
بَکَدࣸوبَ ذࣸوَࢽْکَ لَاخِرَابَا,بَکَ دࣸوبِ ذࣸوَࢽْکَ لَاخِرَابَا
وَࢽْدَبَيْسَࢽْ غَسْکِيَابَا  کࣸوْاْمࣸتࣸمْ ࢽٜيٰ سَاشِ دَبَّا,وَࢽْدَبَيْسَࢽْ غَسْکِيَابَا  کࣸوْاْمࣸتࣸمْ ࢽٜيٰ سَاشِ دَبَّا
دࣸࢽْ مࢽَاسࣸࢽْ أَرْزِڧِْکࣸ    مࣸࢽْکَ طَوْکِ طَوَيْࢽِيَرْکࣸ,دࣸࢽْ مࣸࢽَاسࣸࢽْ أَرْزِڧِࢽْکࣸ  مࣸࢽْکَ طَوْکِ طَوَيْࢽِيَرْکࣸ
أَيْ ذࣸوَࢽَّࢽْ مَيْ إِسَاࢽٜيٰ     مَيْڢَ رَاذَࢽَ حَࢽْکَلِيࢽٜيٰ,أَيْ ذࣸوَࢽَّࢽْ مَىْ إِسَاࢽٜيٰ  مَيْڢَ رَاذَࢽَحَࢽْکَلِيࢽٜيٰ
ࡼلْيَدَيࢽِ کࣽلࣽو تࣸدٜ جࣸوطٜطٜࢽْ فبْلَ ࡹِدْ خَالِهِمَا,ࡼليَدَيْࢽِ کࣸلࣸوتࣸدٜجࣸوکٜطٜرْفَبْلَࡹِدْخَالِهِمَا
مࣸࢽْسَࢽْ بَيْسَࢽْ مࣸࢽَادࣸهࣸوبَا,مࣸࢽْسَࢽْ بَيْسَࢽْ مࣸࢽَادࣸهࣸوبَا
کَاغَ سَيْ مغَࢽَرْ تَدَاثٜيٰ  يَدَّخَيْرࣸاَلْخَلْڧِ يَثّٜيٰ,کَاغَ سَيْ مَڧَࢽَرْتَدَاثٜيٰ  يَدَّخَيْرࣸاْخَڧِ يَثٜيٰ
ثٜىٰ دَࢽِيرَاࢽَرْڟَيَاوَا    تَرْسَشِࢽِْ ذࣸࢽࣸبَࢽْغَ ࢽَاوَا,ࢽٰٜ دَࢽِرَاࢽَرْڟَيَاوَا  تَرْمَهِࢽْ ذࣸࢽࣸبَࢽْغَ ࢽَاوَا
مَاسࣸ تَيْمَکَ يَٜرْغَرَايࣸو   مَاسࣸ ثِࢽْ کَايَࢽْ مَرَايࣸو,مَاسࣸ تَيْمَکَ يَࢽْ غَرَايࣸومَاسࣸ ثِࢽْ کَايَࢽْ مَرَايࣸو
سࣸࢽڧِ جِࢽْ وَعَظِي دَحࣸوْاْرࣸوْا   بَاأَبِࢽْدَا کَبَاسࣸ ڟࣸوْاْرࣸواْ,سࣸࢽْڧِ جِࢽْ وَعَظِي دَحࣸوْاْرࣸوْاْ بَاأَبِࢽْدَکَبَاسࣸ ڟࣸوْاْرࣸوَاْ
سَيْشِ سࣸوْاْحَکَ ڢَىْ دَبࣸويٜىٰ   غَاشِ رَاࢽَاتَاذࣸغَࢽْيٜىٰ,سَيْشِ سࣸوْاْحَکَ ڢَيْ دَبࣸويٜيٰ  غَاشِ رَاࢽَاتَاذࣸغَࢽْيٜيٰ
کَرْکَثࣸوثِي ذَمَامِيَرْکࣸ   کࣸوْاْأَکࣸيْ بَارٜيٰ ثِکِࢽْکࣸ,کَرْکَثࣸوثِي ذَمَامِيَرْکࣸ کࣸوْاْأَݣࣸيْ بَارٜيٰ ثِکِࢽْکࣸ
ٰأَرْزِڧِࢽْسَ يَهَسْکَ  ڧِرْجِࢽْ   أَلࢽَّبِࢽْسَ أَبࣸوکَ بَࢽْ بِࢽْ,أَرْزِڧِࢽْسَ بَهَسْکَ ڧِرْجِࢽْ اَللَّبࢽْسَ أَبࣸوکَ بَرْجِࢽْ
بَعَ سَاݒ أَبِࢽْدَأَمْڢَطِيْبَا,بَعَ سَابَ أَبِࢽْدَأَمْڢَطِيبَا
بَادَࢽْ أيْکࣸواشِ دࣸوࢽِيَابَا,بَادَيْ أَيْکࣸوْاشِ دࣸوࢽِيَابَا
بَاذَيْثِ تࣸوࣸࢽْسَ بَامِيَابَا,بَاذَيْثِ تࣸوࣸࢽْسَ بَامِيَابَا
وَࢽْسࣸ کࣸواْأَوࣸتَرْجَهِيمࣸ    کࣸواْوَاࢽٜيٰ أَکَثٜيٰ أّرࣸومࣸ,وَࢽْسࣸ کࣸواْأَوࣸتَرْجَهِيمࣸ  کࣸواْوَࢽٜيٰ أَکَثٜيٰ أَرࣸومࣸ
سَيْ يَثٜيٰ کࣸࢽْ سَࢽْࢽِ تࣸࢽْدَ    سَيْ سࣸثٜيٰ مَسَ عَاءَمࣸودَ,مَيْ يَثٜيٰ کࣸࢽْ سَࢽْࢽِ تࣸࢽْدَ  سَيْ سࣸثٜيٰ مَسَ عَاءَمࣸودَ
يَاإشٜىٰࢽِ ڟَرِࢽْ مࣸصيبَا    وَࢽْدَبَيْسࣸواْمࣸصْطَڢَى بَا,يَاإِشٜىٰࢽ ڟَرِࢽْ مࣸصِيبَا  وَࢽْدَبَيْسࣸواْ مࣸصْطَڢَىبَا
سَي هࣸلࣸولࣸ دَشَࢽْ سِغَارِ   بَاسࣸ إِسْتِغِڢَارِ,سَيْ سࣸلࣸولࣸ دَشَࢽْ سِڧَارِ  بَاسࣸ سࣸࢽْ إِلسْتِࢽْغِڢَارِ
دࣸࢽْ مࣸࢽَا سࣸࢽْ أَرْزِڧِࢽْکࣸ    مࣸࢽْکَ طَوْکِ طَوَيْࢽِيَرْکࣸ,دࣸࢽْ مࣸࢽَاسࣸࢽْ أَرْزِڧِࢽْکࣸ  مࣸࢽْکَ طَوْکِ طَوَيْࢽْبَرْکࣸ
طبعة الأولى 1963,طبعة الذوع
سࣸࢽْ کࣸمَامَادَابَاڧَثٜىٰ بَا,سࣸ کࣸمَامَادَابَأَمْثٜيٰ بَا
ڢَرْغَبَادࣸࢽْ وَࢽْغَ رَاࢽَا   ࢽَاثِکي دࣸࢽْ بَابࣸ کࣸواࢽَا,ڢَرْغَبَادࣸࢽْ وَࢽْغَرَاࢽَا  ࢽَاثِکِي دࣸࢽْ بَابࣸ کࣸواࢽَا
ذَاسࣸ إِسْکٜيٰ إِرِࢽْ رَبࣸࢽْسࣸ    سࣸࢽْ ࢽَوَيْ غَمَتَتَّرَرْسࣸ,ذَاسࣸ إسْکٜيٰ إِرِࢽْ رَبࣸࢽْسࣸ  سࣸࢽْ ࢽَوَيْ غَمَتَتَّرَرْسࣸ
کࣸوْاْرِڧࣸࢽْ ڢَايٜلْ دَڢٜيٰسِر    ذَيْ حَࢽَاکَ تࣸࢽِࢽْ مَحَاشِرْ,کࣸوْاْرِڧࣸࢽْ ڢَايِࢽْ دَڢٜيٰࢽسِرْ  ذَيْ حَࢽَاکَ تࣸࢽِࢽْ مَحَاشِرْ
غَاشِ يَࢽْذࣸإِࢽَادَکَايَا   تࣸواْرَغٜيٰمَࢽْ کࣸواْࢽَبَايَا,غَاشِ يَࢽْذࣸإِࢽَادَکَايَا تࣸوْاْرَغٜيٰمَࢽْ کࣸواْࢽَبَايَا
بَاشِ ڧِࢽْ کَلَّوࢽْ هَلَثِّ   بَاشِ کٜوْادࣸوبِࢽْ حَرَمْثِ,بَاشِ ڧِࢽْ کَلَّوࢽْ مَلَثِّ بَاشِ کࣸوادࣸوبِࢽْ مَرَمْثِ
هَکَ يَارࣸواْطَࢽْسَ کࣸوْاسَوْ بَاسَ طَلْحَةَيَوْأزَزَّوْ,هَکَ يَارَوَاْطَࢽْسَ کࣸوْاْسَوْ بَاسَ طَمْحَةَّ يَوْأَزَزَوْ
ࢽَاغَرٜىٰشِ کࣸسَࢽْتَ غَايَا    مَىْ جِدَالى دࣸوبَءَايَا,ࢽَاغَرٜيٰشِ کࣸسَࢽْتَ غَابَا  مَيْ مِدَالِى دࣸوبِ ءَابَا
الࢽاس داءڢيࢽ لادواءلهم  تحيرالعڧل مࢽهم وهو مࢽذهل,الࢽاس داع دڢيࢽ لادوالهم تحير العڧل مࢽهم وهومࢽذهلل
سَيْ بَڧِࢽْ حَدَرِٜي يَتَاسࣸواْ  سࣸي کِرَاڟَاوَاتَأوْکࣸواْ,سَيْ بَڧِࢽْ مَدَرِي بَتَاسࣸواْ  سࣸيْ کِرَاڟَاوَاتَأَوْکࣸواْ
بَتَدَامࣸ دَجِࢽْ يَوَࢽْ ڢَطَابَا,بَتَدَامࣸ دَجِࢽْ يَوَࢽْ ڢَطَابَا
طَايَثٜيٰمْ أࣸبَاوَاحَلْشٜيٰ   مࣸ دَادَکَکٜيٰ يَبَاشٜيٰ,طَايَثٜيٰمَ أࣸبَاوَحَلْشٜيٰ مࣸ دَادَکَکٜيٰ يَبَاشٜيٰ
سَىْ يَثٜىٰ يَاذࣸالجَلَالِ     أࣸمَّتِي يَاذࣸوْالْجَلَال,سَيْ يَثٜيٰ يَاذࣸوْالْجَلَالِ  أࣸمَّتِي يَاذࣸوْالجَلَالِ
أَوَابَسࣸ لٜيٰڧَ دࣸوࢽِيَابَا,أَوَابَسࣸ لٰٜسَ دࣸوࢽِيَابَا
مࣸࢽْجِ ذَاعَ بَڧَࢽْتَ حࣸسْکَرْ   مَاسࣸ سَابࣸواْ تࣸࢽْدَحَرْکَرْ,مࣸࢽْجِ ذَاعَ بَڧَࢽْتَ حࣸسْکَرْ مَاسࣸ سَابࣸواْتࣸࢽْدَحَرْکَرْ
دَامࣸتࣸمْ ذَيْبَادَڢَࢽْسَا   ࢽَيْ أَکَرْݒٜيٰ حَرْأࣸوَرْسَ,دَامࣸتࣸمْ ذَيْبَادَڢَࢽْسَا ࢽَيْ أَکَرْݒٜيٰ حَرْأࣸوَرْسَ
جِبْرَءِيلࣸ دَجِي يَتَاشِ    ࢽَࢽْ دَࢽَࢽْ يَوࣸثٜىٰ غَٜرىٰشِ,جِبْرَلِيلࣸ دَجِي يَتَاشِ  ࢽَࢽْ دَࢽَࢽْ يَوࣸثٜيٰ غَرٜىٰشِ
شِمَا يَثٜىٰ ࢽِي بَذَࢽْ إيَابَا,شِيمَايَثٜيٰ ࢽِي بَذَࢽْ إِيَابَا
رَࢽْدَيَيْ أَزࣸمِي مَصِيبَا سَيْ تَسَامَسَ بَاکَطَࢽْبَا,رَࢽْدَيَيْ أَزࣸمِي مَصِييَا  سَيْ تَسَامَسَ بَاکَطَࢽْبَا
ڧيِ دَسࣸࢽْسࣸ أَکَࢽْ شَڧَاوَا    سࣸࢽْ ݒَثٜي دࣸومِࢽْ طَغَاوَا,ڧِ دَسࣸࢽْسࣸ أَکَࢽْ شَڧَاوَاسࣸࢽْ بَثٜيٰ دࣸومِࢽْ طَغَاوَا
مࣸصْطَڢَى يَࢽْذࣸࢽْ مࣸبَاکَ    بَابࣸ يِࢽْ سࣸجَدَاغَرٜىٰکَ,مࣸصْطَڢَي يَࢽْذࣸ مࣸبَاکَ بَابࣸ يِࢽْ سࣸجَدَاغَرٜيٰکَ
کࣸࢽْ هَࢽَامࣸ مࣸبَوْتَ اَللَّهْ  کࣸࢽْکَ بَرْمࣸ ثِکِࢽْ جِهَالَهْ,کࣸࢽْ مَࢽَامࣸ عࣸبَوْتَ اَللَّهْ  کࣸࢽْکَ بَرْمࣸ ثِکِࢽْ جَهَالَهْ
دࣸوࢽْ يَوَاکࣸواْدࣸوࢽْکَطَيْثٜي تَاحَطَمَّ وَطَࢽْسࣸ غࣸࢽْثِي,دَوْࢽْ يَوَاْکࣸواْدࣸوࢽْکَطَيْثِي تَاحَطَمَّ وَطَࢽْسࣸ غࣸࢽْثِي
رَࢽْ مࣸسࣸلْمِى کَرْشِسَࢽْثٜىٰ    بِسَ سࣸوࢽْسَ مࣸکࣸواْأَمِࢽْثٜىٰ,رَࢽْ مࣸسࣸلْمِي کَرْشِسَࢽْثٜيٰ  بِسَ سࣸوࢽْسَ مࣸکࣸواأَمِࢽْثٜيٰ
تَاثِرَاهَمَ تَاسَطَاطࣸواْ    تَابࣸغٜىٰ شَاهࣸواْيَڢَاطࣸواْ,تَاثِرَاهَمَ تَاسَطَاطࣸواْ  ࢽَابَڧٜيٰ شَاهࣸواْيَڢَاطࣸواْ
بَسࣸ سَاحࣸسْکَا أَلَاخِرَابَا,بَسࣸ سَاحࣸسْکَاأَلَاخِرَابَا
بَابࣸ کَوْرِي بَابࣸ ڢَاطِ   ࢽَاجِ تࣸواْذَايٜيْ صَرَاطِ,بَابࣸ کَوْرِي بَابࣸ ڢَاطِ  ࢽَاجِ تࣸواْذَايٜيٰ صِرَاطِ
مَيْ سࣸوࢽْسَ بَذَيْغَ هَلَّکَابَا,مَيْ سࣸوࢽْسَ بَذَيْغَ هَلَّکَابَا
بِسْمِ اللَّهِ الرَّ حْمَٰنِ الرَّ حِيمِ,لِسمِ اللَّهِ الرَحَمَࢽِ الْرَّحِيمِ
سَي سࣸثٜيٰ کࣸو کَࢽْغَ ࢽَامࣸ  کَاڢِرَيْ سࣸکَ أَيْبَتَامࣸ,سَيْ سࣸثٜيٰ کࣸوکَࢽْغَࢽَامࣸ  کَاڢِرَيْ سࣸکَ أَيْبَتَامࣸ
إِࢽْ يَڟِغٜثٜيٰ لَالࣸبࣸواشِ وْࢽْغَ ذَࢽْثٜيٰ بَاشِ تَاشِ,إِࢽْ يَکَڢْثٜيٰ لَابَبࣸواْشِ  وَࢽْغَ ذَࢽْثٜيٰ بَاشِ تَاشِ
ࢽَࢽْ دَࢽَࢽْ أَثِکِࢽْ تَرࣸکَّا   وَࢽْدَکࣸوْاْ أَذَتࣸࢽْغَ ࢽَاکَا,ࢽَࢽْ دَࢽَࢽْ أَثِکِࢽْ تَرࣸکَا  وَࢽْدَکࣸوْاْأَذَتࣸࢽْغَ ࢽَاکَا
٤٤ يَاکَمَاتَ دࣸغࣸودِيَ وَࢽْدَ  مࣸࢽْ کَسَࢽْ کَلْمَرْشَهَادَا,٥ِْ بَاکَمَاتَ دࣸڧࣸودٜيٰ وَࢽْدَا  مࣸࢽْ کَسَࢽْ کَلْمَرْتَمَادَا
َلࢽَّاشِرࣸ أحَمَدࣸ التِجَاࢽِي حَڢِظَࢽ اَللَّهࣸ,هَࢽَّاشَرࣸأحْمَدࣸ التِّجَاࢽِي حَڢِظَهࣸ اَللَّهْ
بَيْ ذَاݒٜي حࣸشِي دَسࣸࢽْ ڢَطَابَا,بَيْ ذَاݒِي حࣸثِࢽ دَسࣸࢽْ ڢَطَابَا
دَاَکَىْ وعَظِي بَسࣸࢽْ کࣸلَابَا,دَاکَيْ وَعَظِي بَسࣸࢽْ کࣸلَابَا
بَبَّکَ تَمْکَرْدَيَايِي   ࢽَࢽْڢَ سَيْ کࣸوکَادَکࣸويِي,بَبَّکَاتَمْکَرْدَيَايِي  ࢽَࢽْڢَ سَيْ کࣸوکَادَکࣸوبِي
وَࢽْسࣸ کࣸواْدَيْدَيْ دَاإِسْکَا   ذَاسࣸ ڧٜيٰتَرَ بَابࣸ شَکَّا,وَࢽْسࣸ کࣸواْدَيْدَيْ دَاإسْکَا  ذَاسࣸ ڧٜيٰتَرَبَابࣸ شَکَّا
بَيْ کَرْݒِ ڢَطَرْ أࣸبَࢽْ غِجِيبَا,بَيْ کَرْبِي ڢَطَرْأࣸبَࢽْ غِجِيبَا
شِي ڧَࢽِࢽْ جَاکِ دَدࣸکِ ࢽٜيٰ ذࣸوَاغࣸوࢽْکِ دَکَࢽْکِي,شِي ڧَࢽِࢽْ جَاکِ دَدࣸوکِ ࢽٜيٰ ذࣸوَاغࣸوࢽْکِ دَکَࢽْکِي
بَکَ سَࢽْ ذَمَࢽِࢽْ ذࣸوَࢽْ حَرِيبَا,بَکَ سَࢽْ ذَمَࢽِࢽْ ذࣸوَࢽْ حَرِيبَا
يَايِي ࢽَوْيِي کَرْأَبَاسَࢽْ   هَࢽّࣸوَࢽْ هَلَکَا أَثࣸوسَࢽْ,يَايِي ࢽَوْبِي کَرْأَبَاسَْ  هَࢽّࣸوَࢽْ هَلَکَاأَثࣸوسَࢽْ
کَرْکَبَرْࢽِ أَجٜيٰ أّبَاسَࢽْ  وَࢽْغَ عَيْبِ ࢽَاوَکَاسَࢽْ,کَرْکَبَرْࢽِ أَجٜيٰ أَبَاسَࢽْ  وَࢽْغَ عَيْبِ ࢽَاوَکَاسَࢽْ
رَࢽْدَعَࢽْکَ رَبٜيٰ تَکَرْدࣸو     دࣸکْ حَلِتَّاذَاتَ سَادࣸو,رَࢽْدَعَࢽْکَ رَبٜيٰ تَکَرْدࣸو  دࣸکْ حَلِتَّاذَاتَ سَادࣸو
کࣸبࣸرْ حَࢽَ أَرࣸࢽْکَايَࢽْکَ دࣸࢽْ اَللَّهَ يَࢽْاءࣸوَا ؞  شِيمَاحَدِيشِ ࢽٜيٰ کࣸسَوْرَارِ ڢَاءِدَا,کࣸبࣸرْحَࢽَ أَرࣸࢽْکَايَࢽْکࣸ دࣸࢽْ اَللَّهَ يَࢽْاءࣸوَا ؞ شِيمَاحَدِيشِ ࢽٜيٰ کࣸسَوْرَارْڧَاءِدَا
دَطَبِيْبَىْ مَاسࣸ ثِي دَذَمْبَا,دَطَبِيبَيْ مَاسࣸ ثِي دَذَمْبَا
سَى تَکࣸوسْ يٜايٜࢽْ ثِکِࢽْتَا    طَࢽْ سَشِࢽْ هِجِرَامࣸکَيْتَا,سَيْ ࢽَکࣸوسْ يَايَࢽْ ثِکِࢽْتَا  طَࢽْ سَشِࢽْ هِجِرَامࣸکَيْࢽَا
إࢽْ أَکَٜࢽْ مَغَࢽَاغَرٜيٰسࣸ   سࣸڢَطَامَکَ إِࢽْ أّکَيْسࣸ,إِࢽْ أَکَيْ مَغَࢽَاغَرٜيٰسࣸ  سࣸڢَطَامَکَ إِࢽْ أَکَيْسࣸ
بَسࣸ ڢَارَغَࢽِࢽْ بَڧِࢽْ دࣸحࣸوبَا,بَسࣸ ڧَارَغَࢽِࢽْ بَڧِࢽْ دࣸحࣸوبَا
أَکَـ بَاشِ أَکَࢽْ حَمَيَّا  دࣸࢽْ يَوَࢽْ لَدَبِي دَکࣸࢽْيَا,أَکَ بَاشِ أَکَࢽْ حَمَيَّا  دࣸࢽْ يَوَࢽْ لَدَبِي دَکࣸࢽْيَا
أَيْتَ مَيْ دࣸوکَادَکࣸلْکِ    کَاڢِرَيْ دࣸکَ ࢽَاسࣸ أَيْکِ,أَيْتَ مَيْ دࣸوکَادَکࣸلْکِ  کَاڢِرَيْ دࣸکَ ࢽَاسࣸ أَيْکِ
بَسࣸکَيْ رِدَّا اَلاَخِرَابَا,بَسࣸکَيْ رِدَّااَلَاخِرَابَا
بَࢽْ کَاࢽَادَکࣸواْ کࣸطِࢽْ حَڧِيبَا,بَࢽْ کَاࢽَادَکࣸواْکࣸطِࢽْ مَڧِيبَا
تَاࢽَجِࢽْسَ ثِکِي دَبَايٜيٰ   کࣸوْاْدَࢳَاࢳَاکࣸوْاْإِيَايٜيٰ,تَاࢽَجِࢽْسَ ثِکِي دَبَايٜيٰ  کࣸوْاْدَجَاࢳَاکࣸوْاْإِيَايٜيٰ
ڢَيْ دَݒࣸويٜيٰ أّبَرْڢَسَادِ   هَرْأَکَيْغَ بِيَࢽْ مࣸرَادِ,ڢَيْ دَبࣸويٜيٰ أَبَرْڢَسَادِ  هَرْأَکَْيْغَ بِيَࢽْ مࣸرَادِ
هَرْثِکِࢽْ رࣸوَࢽٜٜىٰ تَبِيشِ   بَىْ هَيٰٜبَ تَمَاڧَرٜىٰشِ,هَرْثِکِࢽْ رࣸوَࢽٜيٰ تَبِيشِ  بَيْ هَبٜيٰبَ تَمَاڧَرٜيٰشِ
رَبَّࢽَاکَيمِࢽْ إِجَابَا   إࢽْغَ ࢽَىْ صَلَّاأطَيْبَا,رَبَّࢽَاکَيْمِࢽْ إِجَابَا إِࢽْغَ ࢽَىْ صَلَّ أَطَيْدَا
دࣸࢽْ غَࢽِࢽْ وَحَلَاکࣸمَࢽْثٜيٰ  دࣸࢽْ بِطَرْ کࣸيِي دࣸوکِيَاثٜيٰ,دࣸࢽْ غَࢽِࢽْ وَحَلَاکࣸمَࢽْثٜيٰ  دࣸࢽْ بِطَرْکࣸيِي دࣸوکِيَاثٜيٰ
کارࣸوَيْ دَغِيَادَتَابَا   ذَاسࣸ جَامَسࣸ شَࢽْ عَذَابَا,کَارࣸوَيْ دَغِيَادَتَابَا  ذَاسࣸ جَامَسࣸ شَࢽْ عَذَابَا
أَيْ غَأَللَّهْ ذَامࣸ کࣸوْاْمَا   تࣸࢽْدَ يَاحَࢽَ کَيْ ظَلَامَا,أَيْ غَأَللَّهْ ذَامࣸ کࣸوْاْمَا  تࣸࢽْدَيَاحَࢽَ کَيْ ظَلَامَا
غࣸوْاْشِي بَيْ يَوَيْتَ سࣸجَدَابَا,غࣸوْاْشِي بَيْ يَوَيْتَ سࣸجَدَابَا
بَاسࣸ کࣸوْاسَامࣸࢽْ سَرَارٜىٰ    سَىْ دࣸحࣸومَيْطَوْرَأَوْرْىٰ,بَاسࣸ کࣸوْاْسَامࣸࢽْ سَرَارٜيٰ  سَيْ دࣸحࣸومَيْطَوْرَأَوْرٜيٰ
ڢَرْغَبَࢽْسَ ࢽَشٜىٰکَرࣸوࢽَا     حَرْدࣸبࣸوخَمْسِࢽْ ڢَطَاࢽَا,ڢَرْغَبَࢽْسَ ࢽَشٜيٰکَرࣸوࢽَا  حَرْدࣸبࣸوخَمْسِࢽْ ڢَطَاࢽَا
ظَاهِرِي کࣸوْاْوَايَغَاࢽٜىٰ    غَاسࣸرࣸکَيْ غَاإِيَايٜىٰ,ظَاهِرِي کࣸوْاْوَايَڧَاࢽٜيٰ  غَاسࣸرࣸکَيْ غَاإِيَايٜيٰ
بَکَ شَيْدَاتَاکَ ࢽَاذࣸوَابَا,بَکَ ششيْدَاتَاکَ ࢽَاذࣸوَابَا
سَيْ سࣸثٜيٰ بَࢽْ غَسْکِيَرْکࣸ  تَاڧِ أَمْڢَاࢽِي غَرٜيٰکࣸ,سَيْ سࣸثٜيٰ بَࢽْ غَسْکِيَرْکࣸ  تَايِ أَمْڢَاࢽِي غَرٜيٰکࣸ
سࣸࢽْ وَهَلْتَ غَوَࢽْغَ حَالِ   أْيى حِسَابِي ࢽَىْ سࣸءَالِ,سࣸࢽْ وَهَلْتَ غَوَࢽْغَ حَالِ أَبيِي حِسَابِي ࢽَيْ سࣸلَالِ
ثٜيٰ أَبِࢽْ ذَرْغِي غَرٜيَکَ   وَايَغَࢽِّ أَذَامَࢽِࢽْکࣸ,ثٜيٰ أَبِࢽْ ذَرْغِي غَرٜيٰکࣸ  وَايَڧَࢽْ أَذَامَࢽِࢽْکࣸ
لَيْڢِࢽْکَ سࣸذَࢽْ بَسࣸيْ يَوَابَا,ࢽَيْڢِࢽْکَ سࣸذَࢽْ بَسࣸيْ يَوَابَا
سَيْسࣸ تࣸوبَ سࣸࢽَادَعَيْبِ   سࣸجِِ کࣸࢽْيَارَࢽْ حِسَابِ,سَيْسࣸ تࣸوبَ سࣸࢽَادَاعَيْبِ  سࣸوجِ کࣸࢽْيَارَࢽْ حِسَابِ
مَاسࣸ مࣸمّࣸوࢽَرْ خِيَاࢽَا   يَاحَلِࢽْسࣸ إِرِࢽْ ࢽَڧࣸوࢽَا,مَاسࣸ مࣸمّࣸوࢽَرْخِيَاࢽَا  يَاحَلِࢽْسࣸ إِرِࢽْ ࢽَڧࣸوࢽَا
مَࢽْيَࢽْ بَسࣸ تَارَحَࢽْکࣸلَابَا,مَࢽْيَࢽْ بَسࣸ تَارَحَࢽْکࣸلَابَا
وَࢽْدَيَاکࣸلَ شَاوَرَاتَا    تَرْسَشِࢽْکࣸ مْذَادَمَاتَا,وَࢽْدَيَاکࣸلَ شَاوَرَاتَا  تَرْسَشِࢽْکࣸ مَذَادَمَاتَا
وَࢽْدَبَيْ کࣸلَ ڧࣸوْاْ ڧَرِيبَا    يَامَثٜيٰ بَيْسَࢽْ رَبࣸوْاْبَا,وَࢽْدَبَيْ کࣸلَ ڧࣸوْاْڧَرِيبَا  يَامَثٜيٰ بَيْسَࢽْ رَبࣸوْاْبَا
يَيْ شِرِࢽْ ࢽٜيٰمَࢽْ ڢِتِلَّهْ    دࣸࢽْ يَڟٜيٰ رٜيٰ دࣸحࣸࢽْ جَهَالَهْ,يَيْ شِرِࢽْ ࢽٜيٰمَࢽْ ڢِࢽِلَّهْ  دࣸࢽْ يَڟٜيٰ رٜيٰ دࣸحࣸࢽْ جَهَالَه
مَيْ شِغَرْسَ بَذَيْ رَوَرْڧَڢَابَا,مَيْ شِغَرْسَ بَذَيْ رَوَرْڧَڢَابَا
حَرْشِذَمْ اَللهْ تَعَالَىٰ    سَىْ يَثٜىٰمَاجِبْرَءِيْلَ,حَرْشِذَمْ اَللَّهْ تَعَالَٰ  سَيْ يَثٜيٰمَاجِبْرَعِيلَ
بَيْدَامࣸ دّطَࢽْسَ کࣸوْاْبَرَابَا,بَيْدَامࣸ دَطَࢽْسَ کࣸوْاْبَرَابَا
وَࢽْسࣸ أࢽْطَوْرٜيٰ دّمَلْوَا  سࣸࢽْ وَحَلْتَ ڧِشِي دَيِࢽْوَا,وَࢽْسࣸ أَࢽْطَوْرٜيٰ دَمَلْوَا سࣸࢽْ وَحَلْتَ ڧِشِي دَيِࢽْوَا
تࣸوْاْکَࢽَاتَاشِ دَکَايَا   غَاشِ مَاأَࢽْبَرْکَ بَايَا,تࣸوْاْکَࢽَاتَاشِ دَکَايَا   غَاشِ مَاأَࢽْبَرْکَ بَايَا
بَىْ سَࢽْ أَࢽْسَاسࣸ کࣸرْکࣸکࣸوبَا,بَيْسَࢽْ أَࢽْسَاسࣸ کࣸرْکࣸکࣸوبَا
مَاسࣸ کَيْوْدَࢽَمَاسࣸ أَيْبِي    ذࣸوثِيَرْدَتَبࣸويٜىٰ غَيْبِي,مَاسࣸ کَيْوْدَࢽَمَاسࣸ أَيْبِي  ذࣸوثِيَرْدَتَبࣸويٜيٰ غَيْبِي
تࣸࢽْمَابَعَ دࣸوبَ أَيّࣸکَࢽْبَا,تࣸࢽْ مَابَعَ دࣸوبَ أَيّࣸکَࢽْبَا
٩ دࣸوࢽْ مࣸتࣸࢽْ تى شِي کَرِيمِ  مَوْبَوَࢽْ مَڧࣸرِ عَلِيمِ,٥دࣸوࢽْ مࣸتࣸࢽْ ࢽٜيٰ شِي کَرِيمِ  مَوْيَوَࢽْ مَڧࣸرِي مَلِيمِ
دَارِيَادَغَࢽِࢽْڟِرَيْثِي     غࣸࢽْ مࣸسࣸلمِي ڢَاسِڧَࢽْثِي,دَارِبَادَغَࢽِࢽْ ڟِرَيْثِي  غࣸࢽْ مࣸسࣸلْمِي ڢَاسِڧَࢽْثِي
٤٦ طَࢽْ أَمِيࢽَ مَڢِى دَرَبَّࢽَا  طَاوَࢽِࢽسَ مِجِࢽْ خَدِيجَا,١٧طَࢽْ أَمِيࢽَ مَڢِي دَرََّا طَاوَࢽِࢽسَ مِجِࢽْ حَدِيجَا
ثࣸوثٜيٰ ثࣸوثٜيٰ بَاع تَاطِي   وَࢽْدَيَابِ ࢽَوَࢽْغَ رࣸوْطِي,تࣸوثٜيٰ تࣸوثٜيٰ بَاعَ تَاطِي  وَࢽْدَيَابِ ࢽَوَࢽْغَ رࣸوْطِي
سَيْ أَثٜيٰ مٜيٰࢽٜيٰ ࢽࣸڢَرْکࣸو  مِي بࣸکاتَرْذࣸثِيَرْکࣸو,سَيْ أَثٜيٰ مٰٜࢽٜيٰ ࢽࣸڢَرْکࣸومِي بࣸکَاتَرْذࣸوثِيَرْکࣸو
جٜيٰ غَمَالِکِ ثٜيٰ شِࢽࣸوࢽَا   مَامࣸتَاࢽٜيٰ مَاسࣸ بَرْࢽَا,جٜيٰ غَمَالِکِ ثٜيٰ شِࢽࣸوࢽَا  مَامࣸتَاࢽٜيٰ مَاسࣸ بَرْࢽَا
تَرْڟَڟِࢽْتَ کَمَرْدࣸوَاڟࣸو    إِࢽْ تَوَاڟࣸ سَيْ شِوَاڟࣸو,تَرْڟَڟِࢽْتَ کَمَرْدࣸوَاڟࣸو  إِࢽْ تَوَاڟࣸ سَيْ شِوَاڟࣸو
سَيْ أَسَازَابَّاࢽِيَاوَا   غَرْغطࣸوسࣸ سࣸطࣸورَکࣸووَا,سَيْ أَسَازَبَّاࢽِيَاوَا  غَرْغَطࣸوسࣸ سࣸطࣸورَکࣸوْوَا
لَاخِرَاࢽَسَ حَرْشِسَامِ   کَيْغَ ذَاݒٜݒّٜيٰ مࣸڧَامِ,لَاخِرَاࢽَسَ حَرْشِسَامِ  کَيْغَ ذَابَبّٜيٰࢽْ مࣸڧَامِ
وَࢽْسࣸ مَاتَࢽْ سࣸيْتَ کࣸوکَا   أَࢽْ رِأڧٜيٰسࣸ أَࢽَاتَدࣸوکَا,وَࢽْسࣸ مَاتَࢽْ سࣸيْتَ کࣸوکَا  أَࢽْ رِڧٜيٰسࣸ أَࢽَاتَدࣸوکَا
اࢽ کࢽت مࢽبسطاسموک مسحرة  أوکࢽت مࢽڧبضاڧالواله الثڧل,إࢽ کࢽت مࢽبسطاسموک مسحرة  أوکࢽت مࢽڧࢽضاڧالواله الثفل
يَامَثى بَࢽى حَىعَ ڧࣸواْشِيَابَا,يَامَثٜيٰ بَيْ جٜيٰڢَ ڧࣸواْشِيَابَا
ࢽَرࣸوَࢽْ ذَاڢِى سَبࣸوْادَغَابَا,ࢽَرࣸوَࢽْ ذَاڢِي سَبࣸوْاْدَغَابَا
سَادَيٜࢽْ سِحِْرِي غَلَيڢِي   ذَاأَکَࢽْ بِطِ ࢽَاسࣸ جَوْڢِي,سَادَيَࢽْ سِحْرِي غَلَيْڢِي  ذَاأَکَࢽْ بِطَ ࢽَاسࣸ جَوْڢِي
کَيࢽْ طَبِيعَاࢽَاغَرٜىٰشِ    وَࢽْدَأَࢽْکَجِ سَيْکَ سࣸوشِ,کَيْࢽْ طَيِيعَاࢽَاغَرٜيٰشِ  وَࢽْدَأَࢽْ کَجِ سَيْکَ سࣸواشِ
بَابَࢽْ کࣸلْثࣸومࣸ طَࢽْ سࣸوَيْبَا,بَابَࢽْ کࣸلْثࣸومࣸ طَࢽْ سࣸوَيْبَا
بَرْذَتࣸࢽْ ڟَرْکِࢽْ إِبَادَا غࣸࢽْ مࣸتࣸمْ مَيْوَࢽْغَ عَادَا,بَرْذَتࣸࢽْ ڟَرْکِࢽْ إِبَادَ غࣸࢽْ مࣸتࣸمْ مَيْوَࢽْغَ عَادَا
بِيْکَࢽْ عَدَࢽَاࢽ طَࢽْ سࣸوَيْࢽَا,جِيْکَࢽْ عَدَࢽَاࢽِ طَࢽْ عࣸوَيْبَا
سَيْدَجِࢽْ مَغَࢽَرْيَتَاشِ    دࣸࢽْ ࢽَوَࢽْسࣸ شِکَࢽْيِي ࢽِيش,سَيْدَجِࢽْ مَغَࢽَرْيَتَاشِ  دࣸࢽْ ࢽَوَࢽْسࣸ شِکَࢽْيِي ࢽِيشِ
شَاڢِوَرْ تَڢَرْکࣸودࣸکْ أَکࣸومࣸ غَڧࣸرءَاࢽࣸ ؞  إِتَمَاکَرَامَ ثٜي تَبَرْدٜࢽْ مࣸحَمَّدَا,شَاڢِوَࢽْ ࢽَڢَرْکࣸودࣸکَ أَکࣸومࣸ غَغَرْارࣸ ؞ إِتَمَاکَرَامَ ثٜيٰ تَبَرْدٜࢽْ مࣸحَمَّدَا
بَابࣸ ڟࣸواْڢࣸوبَاسَمَارِ    دࣸکْ ثِکِࢽْ وࣸتَ بَاکࣸزَارِ,بَابࣸ ڟࣸواْڢࣸوبَاسَمَارِ  دࣸکْ ثِکِࢽْ وࣸتَ بَاکࣸزَارِ
تَادَطٜيٰ دَسَکَاکَ جِرْغِ    وَࢽْدَذَاکَ حَطَرْمَ کࣸوْاْغِي,تَادَطٜيٰ دَسَکَاکَ جِرْغِي  وَࢽْدَذَاکَ حَطَرْمَ کࣸوْاْغِي
سࣸࢽْ يَوَيْْتَ وࣸࢽِي دَکࣸاࢽَا    غَايَوَࢽْ مَاتَاڧَࢽَاࢽَا,سࣸࢽْ يَوَيْتَ وࣸࢽِي دَکࣸاࢽَا  غَايَوَࢽْ مَاتَاڧَࢽَاࢽَا
ࢳَࢽْ عࣸوَاࢽٜيٰ لَامࣸحَالَهْ ࢳَࢽْ مࣸرࣸواْتࣸواْ مَالَعَلَّهْ,ࢳَࢽْ عࣸوَاࢽٜيٰ لَامࣸحَالَهْ  ࢳَࢽْ مࣸرࣸواْتࣸواْمَالَعَلَّهْ
سَىْکࣸجىٰ غَࢽَبِىّࣸ إِبْرَا     هِيمࣸ دࣸࢽْ وَࢽَّࢽْ لَلࣸورَا,سَيْ کࣸجٜيٰ غَࢽَبّࣸ إِيْرَا  مِيمࣸ دࣸࢽْ وَࢽَّࢽْ لَلࣸورَا
OLUSEYI PRINTING PRESS,دUEENPPPPSS
أَمَّثٜيٰ أَغَبَࢽْکَ حَرْمَا    کَيْ رَشِࢽْ ڟࣸڢِّࢽْکَ أَمَّا,أَمَّثٜيٰ أَغَبَࢽْکَ حَرْمَاࣸ کَيْ رَشِࢽْ ڟࣸڢࣸࢽْکَ أَمَّا
مَاسࣸ جِيمَ ذࣸمࣸࢽْسࣸ سَمّࣸ    دࣸوࢽِيَادࣸࢽْ ثِࢽْ حَرَامࣸ,مَاسࣸ جِيمَ ذࣸمࣸࢽْسࣸ سَمّࣸ  دࣸوࢽِيَادࣸࢽْ ثِࢽْ حَرَامࣸ
بَࢽْ إيَاوَاشِى إسَࢽْسَى    يَاڢِ تࣸوْاْمࣸوࣸثٜىٰ غَعِيْسَىٰ,بَࢽْ إِيَاوَاشِي إِسَࢽْسَى  يَاڢِ تࣸوْاْمࣸوࣸثٜيٰ غَعِيسَٰ
غَالِبِي سࣸݒثٜىٰ سࣸڢَرْکَا   سَيْڢَ أَࢽّࣸورِشِڢَرْکَا,غَالِبِي سࣸبَثٜيٰ سࣸڢَرْکَا سَيْڢَ أَࢽّࣸوَشِڢَرْکَا
ࣸوْالْجَلَالِ کَبَامࣸ شِرْيَا ذࣸوثِيَرْمࣸ تَکَامَ هَࢽْيَا,ذࣸوْالْجَلَاࢽِ کَبَامࣸ شِريَا  ذࣸوثِيَرْمࣸ تَکَامَ هَࢽْيَا
مَکَ کࣸوْاْ مَيْ بَادَشَاوَرَابَا,مَکَ کࣸوْاْمَيْ بَادَشَاوَرَابَا
غَيْسࣸوَاتَاکࣸوْاتَدَاثٜىٰ   غࣸࢽْ مَأيْکِࢽْ ࢽَࢽْ دَأَࢽْثٜىٰ,غَيْسࣸوَاتَاکࣸواْتَدَاثٜيٰ  غࣸࢽْ مَأَيْکِࢽْ ࢽَࢽْ دَأَࢽْثٜيٰ
مَيْ حَوَاسَمَ حَوْتَتࣸوشٜيٰ  کَرْکَيَرْدَدَکَامَ رٜيٰشٜيٰ,مَيْ حَوَاسَمَ حَوْتَتࣸوشٜيٰ  کَرْکَيَرْدَدَکَامَ رٰٜشٜيٰ
أَدَرٜىٰ کَيْمَࢽْ إِشَارَا    إِࢽْغَ ࢽَاجٜىٰ ࢽَىْ زِيَارَا,أَدَرٜيٰ کَيْمَࢽْ إِشَارَا  إࢽْغَ ࢽَاجٜىٰ ࢽَيْ زِبَارَا
تَابِ ڧَࢽْ واڢَاتَشَربٜىٰ   دَاأکࣸوْࢽى مَڢࣸدَاأرَيٜىٰ,ࢽَابِ ڧَرْڢَاڢَاتَشَرْيٜيٰ  دَاأَکࣸويْ مَغࣸدَاأَرَايٜيٰ
بَاکَ ڟَرْمَتَ إِࢽْ کَجٜيٰ غࣸدࣸوبَا,بَاکَ ڟَرْمَتَ إِࢽْ کَجٜيٰ غࣸدࣸوبَا
مَي کِرَࢽْ مَاتَا کَوَالِ  ࢽَࢽْدَࢽَࢽْ کࣸکَبَاشِ جَالِ,مَيْ کِرَࢽْ مَاتَاکَوَالِ  ࢽَࢽْدَࢽَࢽْ کࣸکَبَاشِ جَالِ
صَوَابَ بِسْمِ اِللهِ,صَوَابَلمِ لِللْه
مࣸوْبَمَارَسَ کࣸواْأْبِࢽْ ڢَطِيْبَا,مࣸوْبَمَارَسَ کࣸواْأَبِࢽْ ڢَطِيبَا
هَلَکَاࢽَسَ بَاأبِࢽْ مࣸسࣸوبَا,هَلّکَاࢽَسَ بَاأَبِࢽْ مࣸهࣸوبَا
بِسْمِ اَللَّهِ اِلرَّحْمَٰࢽِ اِلرَّحِيمِ وَصَلَّي عَلَي اَلࢽَّبِيِّ اِلࢽَّبِيِّ اِلْکَرِيمِ,بِسْمِ سهِ الرَّحْمَِ لِلرَحِيمِ وَصَلَّى شلَّهࣸ عََّي أَاࢽَّبِّࣸ الْکَرِيمِ
ࣸࢽْ غَࢽِࢽْ وَحَلَاکࣸمَࢽْثٜيٰ دࣸࢽْ بِطَرْ کࣸيِي دࣸوکِيَاثٜيٰ,دࣸࢽْ غَࢽِࢽْ وَحَلَاکࣸمَࢽْثٜيٰ  دࣸࢽْ بِطَرْکࣸيِي دࣸوکِيَاثٜيٰ
کࣸبِ أَلࢽَّبِ بَادَغَرْدَمَابَا,کࣸبِ اَلࢽَّبِ بَادَغَرْدَمَابَا
يَکࣸوکَ دَکَࢽْسَ بَيْ سَࢽِِيبَا,يَکࣸوکَ دَکَࢽْسَ بَيْ سَࢽِيبَا
کَدَدَيْ يَثِ بَادَيَوْدَرَابَا,کَدَدَيْ يَثِ بَادَيَوْدَرَابَا
غَاشِ کَاتࣸواْذَرْتَ کَࢽْکَ   سࣸࢽْ کࣸطِي يَاسَاکَ شِرْکَ,غَاشِ کَاتࣸوْاْذَارْتَ کَࢽْکَ  سࣸࢽْ کࣸطِي يَاسَاکَ شِرْکَ
إِࢽْ بَکَ مَࢽْتَادَلَاخِرَابَا,إِࢽْ بَکَ مَࢽْتَادَلَاخِرَابَا
يَاحَيٜيٰ مَاتࣸوْاْدَبَابࣸرْ  کࣸوْاْوَࢽٜيٰ عْوْڢِسْ أّتٜيٰبࣸرْ,يَاحَيٜيٰ مَاتࣸوْاْدَبَابࣸرْ  کࣸوْاْوَࢽٜيٰ عࣸوْلْڢِسْ أَتٜيٰبࣸرْ
کَرْکَيَرْدَدَثِࢽْ أَمَاࢽَا   کࣸوْاْمࣸتࣸمْ مَيْ سࣸوࢽْ خِيَاࢽَا,کَرْکَيَرْدَدَثِࢽْ أَمَاࢽَا  کࣸوْاْمࣸتࣸمْ مَيْ سࣸوࢽْ خِيَاࢽَا
يَوشٜيٰ مَيْوَ ࢽَࢽْ صَࢽَاعَا کٜيٰ ڟَرِࢽْ حَڧِِّࢽْ شَريعَا,يَوْشٜشٜيٰ مَيْوَࢽَࢽْ صَࢽَاعَا کٜيٰ ڟَرِࢽْ حَڧِࢽْ شَرِيعَا
"26 Niger Road, Phone 3348 Kano,",PP
بَسࣸ ذَاݒِي ذَمَاغِدَࢽْ مِجِيبَا,بَسࣸ ذَاݒِي ذَمَاغِدَࢽْ مِجِيبَا
سَࢽّࣸ مَىْ ڢࣸسکَادَهَيْبَا    أࢽْبَتࣸوࢽْکَ دَشِي ࢽَسَابَا,سَࢽّࣸ مَىْ ڢࣸسࣸکَادَهَيْبَا  أَࢽْبَتࣸوࢽْکَ دَشِي ࢽَسَابَا
سࣸکِيَايِي ذࣸوَابِکِࢽْ سَعَابَا,سࣸکِيَايِي ذࣸوَابِکِࢽْ سَعَابَا
تَاتَرَسْ دَمࣸتࣸمْ مَسَاڧِ يَازَغٜىٰ يَاڧَارٜيٰ مِڧ,ࢽَاتَرَيْ مَمࣸتࣸمْ مَسَِ يَازَغٜيٰ بَاڧَارٜيٰ مِييِ
بسم الله الرحمٰࢽ الرحيم,ک الي
غَرْغَطِي مَيْبَادَڟࣸوْرࣸوا   مَيْࢽࣸڢِي دَهَࢽِي دَهࣸوْرࣸواْ,غَرْغَطِي مَيْبَادَڟࣸوْرࣸواْ  مَيْࢽࣸڢِي دَهَࢽِي دَتࣸوْرࣸواْ
يَدَّمَالَمْ يَيْ إِبَارَا   وَيْ أَبِࢽْدَکَسَاحَسَارَا,يَدَّمَالَمْ يَيْ إِبَارَا  وَيْ أَبِࢽْدَکَسَاحَسَارَا
غَاوࣸتَاࢽَاذَاکࣸطَاحَرْ   بَاعَ تَاطِࢽْ لَاڢِيَا حَرْ,غَاوࣸتَاࢽَاذَاکࣸطَاحَرْ بَاعَ تَاطِࢽْ لَاڢِيَاحَرْ
سَيْ يَجٜيٰ کࣸرْسِࢽْ سَرَوْتَا   سَيْ أَثٜيٰ مَسَ کَابࣸکَاتَا,سَيْ يَجٜيٰ کࣸرْسِࢽْ سَرَوْتَا  سَيْ أَثٜيٰ مَسَ کَابࣸکَاتَا
وَࢽْسࣸ کࣸوْاْࢽَامَࢽْ جِکِࢽْسࣸ   سࣸوکثِيࢽَيْ دࣸࢽْ حَلِࢽسࣸ,وَࢽْسࣸ کࣸوْاْࢽَامَࢽْ جِکِࢽْسࣸ  سࣸوکَثِيࢽَىْ دࣸࢽْ حَلِࢽْسࣸ
دَغَ بَايَ غَرَيْ سࣸبَاشِ غَابَا,دَغَ بَايَ غَرَيْ سࣸبَاشِ غَابَا
بَتَ سَࢽْ کࣸوْاْ مَيْ کَمَرْثِکِيبَا,بَتَ سَࢽْ کࣸوْاْمَيْ کَمَرْثِکِيبَا
بَابࣸ ڟࣸوڢࣸو بَاسَمَارِ دࣸکْ ثِکِࢽْ وࣸتَ بَاکࣸزَارِ,بَابࣸ ڟࣸواْڢࣸوبَاسَمَارِ  دࣸکْ ثِکِࢽْ وࣸتَ بَاکࣸزَارِ
کࣸواْيَوَࢽْ سَࢽڟِࢽْ سࣸمِࢽْتِ    کٜى هَࢽَامَکَ سࣸࢽْ صَلَاتِى,کࣸواْيَوَࢽْ سَࢽْڟِࢽْ سࣸسࣸمِࢽْتِ کٜىٰ هَࢽَامَکَ سࣸࢽْ صَلَاثِ
وَࢽْسࣸ کࣸواْبَسَ رَرَّڢٜيٰ    ذَاسࣸ ڧٜيٰتَرَحَرْسࣸڧࣸوࢽٜيٰ,وَࢽْسࣸ کࣸواْبِسَ رَرَّڢٜيٰࢽٜيٰ  ذَاسࣸ ڧٜيٰتَرَحَرْسࣸڧࣸوࢽٜيٰ
وَࢽْدَکٜيٰ أَيْکِ ࢽَݒَرْࢽَا    کࣸواْثِکِࢽْ دَرٜيٰ کࣸواْدَرَاࢽَا,وَࢽْدَکٜيٰ أَيْکِ ࢽَبَرْࢽَا کࣸواْثِکِࢽْ دَرٜيٰ کࣸواْدَرَاࢽَا
عَيٜࢽْ اࣸوَاإࢽْ تَࢽْبَيٰٜکࣸ ࢽَاغَ وَوْتَࢽْ غَالِبَࢽْکْ,ࢳَࢽْ أࣸوَالِࢽْ تَمْبَيٜيکࣸ  ࢽَاغَ وَوْتَرْ غَاجِيْکࣸ
ذَاأَکَيْ کࣸوَࢽْسࣸ طَاکِ   ࢽٜيٰ ࢽَهَمّࣸ کَمَرْ أَکࣸرْکِ,ذَاأَکَيْ کࣸوَࢽْسࣸ طَاکِ ࢽٜيٰ ࢽَهَمّࣸ کَمَرْأَکࣸرْکِ
حَرْکࣸکٜيٰ أَوْرٜيٰ دَإِدَّا    حَرْکࣸکٜيٰ ڢِتࣸوَادَڟَيْدَا,حَرْکࣸکٜيٰ أَوْرٜيٰ دَإِدَّا  حَرْکࣸکٜيٰ ڢِتࣸوَادَڟَيْدَا
بَکࣸ سَࢽْ مَڢِتَا اَلَاخِرَابَا,بَکࣸ سَࢽْ مَڢِتَاأَلَاخِرَابَا
أَکَ کَرْکَشٜيٰ غَالِبَࢽْسࣸ غالِبَࢽْ وَسࣸ مَاسࣸ مࣸوࢽِ,أَکَ کَرْکَثٜيٰ غَالِبَࢽْسࣸ  غَالِبَࢽْ رَسࣸ مَاسࣸ مࣸوࢽِ
بَيْدَامࣸ ذَاشِ لَاخِرَابَا,بَيْدَامࣸ دَذَاشِ لَاخِرَابَا
ࢽٜيٰ غَمَالِکِ وَࢽْغَ بَاڧࣸواْ    دَاأَثٜيٰ ذَيْ کَرْݒِ سَاڧࣸواْ,ࢽٰٜ غَمَالِکِ وَࢽْغَ بَاڧࣸواْ  دَاأَثٜيٰ ذَيْ کَرْبِ سَاڧࣸواْ
سَىْ أَڟَيْدَسَحࣸوڟَيَرْوَا    غَاذࣸڢَادَڧِشِي دَيࣸࢽْوَا,سَيْ أَڟَيْدَسَحࣸوڟَيَرْوَا   غَاذࣸڢَادَڧِشِي دَيِࢽْوَا
إِࢽْجِ دَاطِي إِࢽْيِ مࣸرْࢽَا   إِࢽْغَ ڧَبَرِࢽ طَࢽْ أَمِيࢽَا,إِࢽْجِ دَاطِي إِࢽْيِ مࣸرْࢽَا  إِࢽْغَ غَبْرِࢽْ طَࢽْ أَمِيࢽَا
سَي سࣸثٜيٰ ماسࣸ کࣸࢽْ بࣸتࣸلْثٜيٰ    أَࢽْ حَدِيثِ کࣸࢽْ کࣸرࣸمْثٜيٰ,سَيْ سࣸثٜيٰ مَسࣸ کࣸࢽْ بࣸتࣸلْثٜيٰ أَࢽْ حَدِيثِ کࣸࢽْ کࣸرࣸمْثٜيٰ
مࣸصْطَڢَى ࢽٜىٰ شࣸغبَࢽْسࣸ    کࣸوْاْدَيْزَّکَ ڧَارَشِࢽْسࣸ,مࣸصْطَڢَى ࢽٜيٰ شࣸوغَبَࢽْسࣸ  کࣸوْاْيَزَّکَ ڧَارَشِࢽْسࣸ
بَسࣸ تَاشِ سࣸࢽَادَلَاڢِيَابَا,بَسࣸ تَاشِ سࣸࢽَادَلَاڢِيَابَا
أَࢽْکَثى يَثِرَا يَتَاشِ   يَاکَتَرْتَ غَوَࢽْدَ يَيْشِ,أَࢽْکَثٜيٰ بَثِرَايَتَاشِ  بَاکَتَرْتَ غَوَࢽْدَيَيْشِ
سࣸيْتَ عِلمِ تࣸࢽْدَڢَارِي    غَسْکِيَاتَرِ غَايِ شَرِّي,سࣸيْتَ عِلْمِ تࣸࢽْدَڢَارِي  غَسْکِيَاتَرِغَايِ شَرِّي
کَرْکَݒَاتَ وࣸرِࢽْ ذَمْکࣸ  إِࢽْڢِرَاجِ ثٜيٰ تَعࣸکّࣸ,کَرْکَبَاتَ وࣸرِࢽْ ذَمَࢽْکࣸ  إِࢽْڢِرَاجِ ثٜيٰ يَعࣸکࣸ
وَايَسَࢽْ مَتࣸڧَرْرَبࣸوَࢽکَا  تࣸࢽْدَ اللَّهࣸ يَايَبيکَا,وَبَدَࢽْ مَتࣸڧَرْرَبࣸوࢽْکَا  تࣸࢽْدَاللَّهْ يَايَبٜيٰکَا
سَيْ أَکࣸلّٜيٰ دࣸکَࢽْ وࣸتّاثٜيٰ   سَيْ جَهَࢽَّمَ مࣸࢽْجِ أَࢽْثٜيٰ,سَيْ أَکࣸلّٜيٰ دࣸکَࢽْ وࣸتَاثٜيٰ  سَيْ جَهَࢽَّمَ مࣸࢽْجِ أࢽْثٜيٰ
مَيْ مَکَࢽْتَ سَيْ أَثٜيٰ دَا    کَايِي اَلْڧࣸرْأَࢽْ کَذࣸبْدَا,مَيْ مَکَࢽْتَ سَيْ أَثٜيٰ دَا کَايِي اَلْڧࣸرْأَࢽْ کَذࣸبْدَا
شِکٜىٰ کࣸوࣸاْشِيْمْابَذَىْ إيَابَا,شِکٜيٰ کࣸوْاْشِيمَابَذَىْ إِيَابَا
بَمࣸسَࢽْ ڢَرَضِي دَࢽَاڢِلَابَا,بَمࣸمَࢽْ ڢَرَضِي دَࢽَاڢِلَابَا
کࣸواْهَوَࢽْ رَالِى دَرࣸوجِى کٜىٰ دَطِࢽْ تࣸورَاکَ دَاجِى,کࣸواْهَوَࢽْ رَالِي دَرࣸوجِي کٜيٰ دَطِࢽْ تࣸورَاکَ دَاجِي
ࢽَىْ أَڧࣸࢽْسَرٜىٰ بَاشِ حَرْکَا   سَىْ يَثٜىٰ بَايَࢽْغَ ࢽَاکَا,ࢽَيْ أَڧࣸࢽْسَرٜيٰ بَاشِ حَرْکَا  سَيْ يَثٜيٰ بَايِࢽْغَ ࢽَاکَا
دَمࣸکَ أيْکَ بَيْىِ ڢَاءِدَابَا,دَمࣸکَ أَيْکَابَيْي ڢَاءِدَابَا
دَبَسࣸيْ کَتَرِي اَلَاخِرَابَا,دَبَسࣸيْ کَتَرِي أَلَاخِرَابَا
کࣸࢽْ مࣸتَاࢽٜىٰ دࣸکْ أرࣸوڟࣸو      حَࢽکَلِࢽْ جَمَعَاشِمࣸوْاْڟࣸو,کࣸࢽْ مࣸتَاࢽٜيٰ دࣸکْ أَرࣸوڟࣸو  حَࢽْکَلِࢽْ جَمَعَاشِمࣸواْڟࣸو
رَࢽࢽ إࢽْ بَاکَيْبَ طَࢽْ سࣸوَيْبَا,وَࢽِ إِࢽْ بَاکَيْبَ طَࢽْ مࣸوَيْبَا
وَࢽْسࣸ کࣸوْاْأَوَجَࢽْ حَغࣸࢽْيَا    ذَاأَبَاسࣸ أَثَࢽْ أَبَايَا,وَࢽْسࣸ کࣸوْاْأَوَجَࢽْ حَڧࣸࢽْيَا  ذَاأَبَاسࣸ أَثَࢽْ أَبَايَا
بَعَ سَابَ غَࢽِࢽْ سࣸࢽَاذࣸوَابَا,بَعَسَابَ غَࢽِࢽْ سࣸࢽَاذࣸوَابَا
دࣸکْ أبِࢽَّࢽْ بَاشِ ڧَارٜىٰ    بَابࣸ رَاࢽَابَادَرَارٜىٰ,دࣸکْ أَبِࢽَّࢽْ بَاشِ ڧَارٜيٰ  بَابࣸ رَاࢽَابَادَرَارٜيٰ
بَسࣸ کَاسَ غࣸدَاطَرِي بَکَي بَا,بَسࣸ کَاسَ غࣸدَاطَرِي بَکَيبَا
شَࢽْ سِغَارِسَيْ کِلَاکِ   ࢽَࢽْ ࢽࣸڢَرْسࣸ تَکَࢽْڢِ أَوْکِ,شَࢽْ سِغَارِسَيْ کِلَاکِ ࢽَيْ ࢽࣸڢَرْسࣸ تَکَࢽْڢِ أَوْکِ
بَيْ کَرْݒِ ڢَطَرْأࣸبَࢽْ غِجِيبَا,بَيْ کَرْبِ ڢَطَرْأࣸبَࢽْ غِجِيبَا
هَلَّکَاࢽٜيٰ مَاسࣸ ثࣸوتَا    ڢَاجِرِي کٜيٰ تَاࢽْدِࢽْتَا,هَلَّکَاࢽٜيٰ مَاسࣸ ثࣸوتَا  ڢَاجِرِي کٜيٰ تَاࢽَدِࢽْتَا
ثَࢽْ أَرَاࢽَرْ ࢽَࢽْ تَتَاشِ  بَاتَ لَامࣸࢽْثٜيٰمَ سَاشِ,ثَࢽْ أَرَاࢽَرْࢽَࢽْ تَتَاشِ  بَاتَ لَامࣸࢽْثٜىٰمَ سَاشِ
دَادࣸبࣸࢽْ مِلِيَࢽْ غَرٜيٰکَ رَࢽْدَکَامࣸتࣸ سَيْ أَکَيْکَ,دَادࣸبࣸࢽْ مِلِيَࢽْ غَرٜيکَ  رَࢽْدَکَامࣸتࣸ سَيْ أَکَيْکَ
مَيْغِدَاطَيَ مَيْ لِغَاڢَا   وَاڧِعَاأَکَمَࢽْ ࢽَشَاڢَا,مَيْغِدَاطَيَ مَىْ لِغَاڢَا  وَاڧِعَاأَکَمَࢽْ ࢽَشَاڢَا
وَدَّبَيْمَ دࣸکَࢽْ بَاَلࢽَّبٜىٰى بَا,وَدَّبَيْمَ دࣸکَࢽْ بَأَلࢽَّبٜىٰ بَا
دࣸࢽْ سࣸکَࢽْجِ کِرَورِࢽْمࣸ  سَيْ سࣸثٜيٰ بَࢽ غَسْکِيَرْمࣸ,دࣸࢽْ سࣸکَࢽْجِ کِرَاوࣸرِࢽْمࣸ  سَيْ سࣸثٜيٰ بَࢽْ غَسْکِيَرْمࣸ
بَسࣸ سَامِ أَبِࢽْدَ سࣸࢽْ رِڧٜيبا,بَسࣸ سَامِ أَبِࢽْدَسࣸࢽْ رِڧٜيٰبَا
کࣸواْ مَذࣸوْوَاتَارٜيٰ تَارٜيٰ  کࣸواْ کثِࢽْ دَبَّاتَطَوْرٜيٰ,کࣸواْمَذࣸوْوَاتَارٜيٰ تَارٜيٰ  طࣸواْکَثِࢽْ دَبَّاتَطَوْرٜيٰ
بَابࣸ شِࢽْغِࢽْ کَيْدَکَاوࣸوْاْ بَاتَ تَارَرْسَيْدَ ثِيوࣸواْ,بَابࣸ شِࢽڧِࢽْ کَيْدَکَاوࣸوْاْ  بَاتَ تَارَرْسَيْدَثِيوࣸواْ
مࣸومِࢽِي مَيْ سࣸࢽْ شِڟِيرَا  شِکَطَيْ کَکࣸلَادَغَٜارَا,مࣸومِࢽِي مَيْ سࣸࢽْ شِڟِيرَا  شِکَطَيْ کَکࣸلَادَغَارَا
شِذࣸبࣸواْ مَسࣸ بَاثِکِࢽْ شِرِيْبَا,شِْذࣸبࣸواْمَسࣸ بَاثِکِࢽْ شِرِيِبَا
شِي مࣸکبى ثِي أَرْزِڧِࢽْسَ  کَاغَ بَادَࢽْ شِيْبَ دَامَا,شِي مࣸکٜيٰ ثِࢽْ أَرْزِڧِࢽْسَا  دکَاغَ بَادَࢽْ شِيبَ دَاسَا
وَحَلَرْسࣸ أَࢽَࢽْ بَتيْ يَوَابَا,وَحَلَرْسࣸ أَࢽَࢽْ بَتَيْ يَوَابَا
بعد کاتبه يࢽجوا مࢽ الࢽار,ا
حَسَّدَادࣸوْاْمِࢽْ شَڧَاوَا    کࣸوْاْسࣸکِبْرࣸذࣸوَاطَغَاوَا,حَسَّدَادࣸوْاْمِࢽْ شَڧَاوَا کࣸوْاْسࣸکِبْرࣸذࣸوَاطَغَاوَا
لَاخِرَادَيْ بَاسࣸ سَامࣸ   أَرْزࣸکَاإِࢽْ أَࢽْکِرَامࣸ,لَاخِرَادَيْ بَاسࣸ سَامࣸ  أَرْزࣸکَاإِࢽْ أَࢽْکِرَامࣸ
بَاشِ بَيْوَادࣸوࢽْ أَبَاشِ    بَاشِ اْلکَوَرِي يَتَاشِ,بَاشِ بَيْوَادࣸوࢽْ أَبَاشِ  بَاشِ اَلْکَوَرِي يَتَاشِ
أللَّهࣸمَّ أَحْڢِظْࢽَا مِࢽْ بࣸغضِ الظَالِمِيࢽْ,اَللَّهࣸمّ أَحْڢِظَࢽَامِࢽْ بࣸغڧمْ المࣸسلمِيࢽَ
جٜيٰ سࣸغَࢽْکَ سࣸسَࢽْ سࣸکوࢽِي   مࣸصْطَڢَى أَࢽْبَاإِذْࢽِي,جٜيٰ سࣸغَࢽْکَ سࣸسَࢽْ سࣸکࣸوࢽِي مࣸصْطَڢَي أَࢽْبَاإِذْࢽِي
ثِي دَشَابِ بَلّٜيٰ سࣸࢽٜيٰمِ   إِࢽْدَذَاسࣸ ڟَيَاأَرَامِ,ثِي دَشَابَ بَلٜيٰ سࣸࢽٜيٰمِ إِࢽْدَذَاسࣸ ڟَيَاأَرَامِ
سَيْيَ تَارَحَلِي دَدَبَّا بَاحَلِࢽْ دَبَّرْڧࣸوْرَيْبَا,سَيْيَ تَارَحَلِي دَدَبَا بَاحَلِࢽْ دَبَرْڧࣸوْرَيْبَا
مَاسࣸ ثَاثَادَمَاسࣸ لࣸوطࣸ   أَࢽْ کَطࣸوْاسࣸ دَمَاسࣸ کَلّࣸوْا,مَاسࣸ ࢽَاثَادَمَاسࣸ لࣸوطࣸ  أَࢽْ کَطࣸواْسࣸ دَمَاسࣸ کَلࣸواْ
يَاکࣸسَࢽْثِ غَدࣸوࢽْ سَرَوتَا    جࢽْ کِرَࢽْسَ شِࢽَايَوَيْتَا,يَاکࣸسَࢽْثِ غَدࣸوࢽْ هَرَوْتَ  جِࢽْ کِرَࢽْسَ شِࢽَابَوَيْتَا
غَاشِ کࣸوْاْأَࢽْ کٜىٰوَيٰشِ    سَيْدَجِࢽْ مَغَࢽَرْيَتَاشِ,غَاشِ کࣸوْاْأَࢽْ کٜيٰوَيٜيٰشِ  سَيْدَجِࢽْ مَغَࢽَرْيَتَاشِ
بَاشِ ڧَيْامَرْمَىْ تَلَوْثِ    دࣸوࢽْ رَشِى بَايَابࣸتࣸلثِ,بَاشِ ڧَيَامَرْمَيْ تَلَوْثِي  دࣸوࢽْ رَشِى بَابَابࣸتࣸلْثِ
کَيْدَرَبّࣸ اِلْعَرْشِ کَاثٜي  ذَاکَ بِيشِ کَکࣸوْأَمِࢽْثٜيٰ,کَيْدَرَبّࣸ الْعَرْشِ کَاثٜيٰ  ذَاکَ بِيشِ کَکࣸوْأَمِࢽْثٜيٰ
کࣸمَ يَاتَڢِ بَادَوَيوَيَابَا,کࣸمَ يَاتَڢِ بَادَوَيْوَيَابَا
بَسࣸ ڢَاسَ کِرَاسࣸࢽَادَطِيبَا,بَسࣸ ڢَاسَ کِرَاسࣸࢽَادَطِيبَا
إِࢽْ يَکَرْيٜيٰ سَيْکࣸ رࣸوشٜيٰ  ذࣸوثِيَاثٜيٰ إِࢽْ تَبࣸوشٜيٰ,إِࢽْ يَکَرْيٜيٰ سَيْکࣸ رࣸوشٜيٰ  ذࣸوثِيَاثٜيٰ إِࢽْ تَبࣸوشٜيٰ
بَسࣸ شَادَاطِ ألَاخِرَابَا,بَسࣸ شَادَطِ أَلَاخِرَابَا
کࣸبَرْيِࢽْ ظََتࣸوا تࣸوکࣸࢽْجِ دࣸࢽْ اَللَّهࣸ يَࢽْاءࣸوَا ؞  شِيمَاحَدِيشِ ࢽٜيٰ صََحِيحِ غَأحْمَدَا,کࣸبَرْيِࢽْ ڟَتࣸواتࣸوکࣸࢽْجِ دࣸࢽْ اَللَّهࣸ يَࢽَاءࣸوَا ؞ شِيمَاحَدِشِ ࢽٜيٰ مَجِيي غَأَحْمَّدَا
لَارَبَاوَامَاسࣸ عِڢَّهْ   سࣸࢽْ وࣸثٜيٰ واکٜيٰ دَڧࣸواْڢَا,لَارَبَاوَامَاسࣸ عِڢَّهْ  سسࣸࢽْ وࣸثٜيٰ وَاکٜيٰ دَڧࣸواْڢَا
٢٧ رَبَّࢽَا يَا غِرْمَمَاکَا   تَࢽ سَشِࢽ سَوْرَرْ مَأَيْکَا,٢٧رَبَّࢽَايَاغِرْمَمَاکَا  ࢽَرْمَشِࢽْ سَوْرَࢽْ مَأَيْکَا
مَيْ کِرَࢽْسࣸ يَثٜيٰ سَمَارِ  شِيْڢَࢽٜيٰ شَيَطَࢽْ رَجِيمِ,مَيْ کِرَࢽْسࣸ يَثٜيٰ سَمَارِ  شِيْڢَࢽٜيٰ شَ طَࢽْ رَجِيمِ
أَغَبَࢽْ أَجَلِࢽْمࣸ بَىْ کِرَابَا,أَغَبَࢽْ أَجَلِࢽْمࣸ بَيْ کِرَابَا
بَسࣸ تَاشِ کَمَادَࢳَࢽْ أدَمْبَا,بَسࣸ تَاشِ کَمَادَࢳَࢽْ أَدَمْبَا
غَاڢِشِي حَرْبَامࣸ سَامࣸ    کࣸوْارࣸوَايَتَڢࣸوْايَغَࢽْمࣸ,غَاڧِشِي حَرْبَامࣸ سَامࣸ  کࣸوْاْرࣸوَابَتَڢࣸواْيَغَࢽْمࣸ
ࢽَࢽْ مِجِ کَࢽْثٜيٰ دَمَاتَ   تَيْکٜيٰࢽِ مَسࣸويِيَاتَا,ࢽَࢽْ مِجِي کَࢽْثٜيٰ دَمَاتَ  تَيْمَکٜىٰࢽِ مَسࣸويِيَاتَا
إِࢽْدَابَسࣸ غَࢽْشِ سࣸࢽْ ࢽَڟَابَا,إِࢽْدَابَسࣸ غَࢽْشِ سࣸࢽْ ࢽَڟَابَا
رَࢽْڟٜيٰ رَࢽْڟٜيٰ کࣸوْاْࢽَڧَرْيَا    مَاسࣸ يِࢽْسࣸ سࣸࢽْجِ کࣸࢽْيَا,رَࢽْڟٜييٰ رَࢽْڟٜيٰ کࣸوْاْࢽَڧَرْبَا  مَاسࣸ بِࢽْسࣸ سࣸࢽْجِ کࣸࢽْيَا
يَوْبَا شِرِيَا سࣸکٜيٰ ࢽࣸڢِيبَا,يَوْبَاشِرِبَاسࣸکٜيٰ ࢽࣸڢِيبَا
مࣸࢽْجِ ذَمْهَرِذَاأَبَاسࣸ  مَيْ ذَيَرْبَکَ ذࣸوثِيَرْسࣸ,مࣸࢽْجِ ذَمْهَرِذَاأَبَاسࣸ  مَيْ ذَيَرْبَکَ ذࣸوثِيَرْسࣸ
مَاسࣸ مَيْدَ غِيَادَشَايِ   طَࢽْ دَسࣸوجَمَعَا کَکࣸواْيِ,مَاسࣸ مَيْدَغِيَادَشَايِ  طَيْ دَسࣸوجَمَعَاکَکࣸوْيِ
إِࢽْ تࣸࢽَامَکَ إِࢽْ کَمَࢽْثٜيٰ تࣸࢽْ کَࢽَاثِکِ کࣸࢽْيِ ذَࢽْثٜيٰ,إِࢽْ تࣸتَاکَکإِࢽْ کَمَࢽْثٜيٰ  مࣸࢽْ کَࢽَاثِکِ کࣸࢽْيِ ذَࢽْثٜيٰ
إِࢽْتَذࣸوْأَࢽْدَيْࢽَ يَاوࣸواْ   طَࢽْ ڢَشِ کࣸواْکࣸواْ بَرَاوࣸواْ,إِࢽْتَذࣸوْأَࢽْدَيْࢽَ يَاوࣸواْ طَࢽْ ڢَشِ کࣸواْکࣸواْبَرَاوࣸواْ
بَکَ ࢽٜيٰمِ سَࢽٜي غَمَالࣸمَابَا,بَکَ ࢽٜيٰمِ سَࢽْي غَمَالࣸمَابَا
١١ يَاکَمَاتَ مࣸغࣸوْداي اَللَهْ   ثَࢽ غَبَࢽْمࣸ أَکࣸوْي ڧَبِيلَه,١يَاکَمَاتَ مࣸغࣸوْدٜيٰ اَلَهْ  ࢽَࢽْ غَبَࢽْمࣸ أَکࣸويْ ڧَبِيلَهْ
بَعَ سَاݒَ أَبِࢽْدَ أَمْڢَطِيبَا,بَعَ سَابَ أَبِࢽْدَأَمْڢَطِيبَا
سَيْ يَتَاشِ يَجَي سࣸغَيْسَا   دࣸوࢽْ ثِکَکَّࢽْ هَࢽْکَلِࢽْسَا,سَيْ يَتَاشِ يَجٜيٰ سࣸغَيْسَا  دࣸوࢽْ ثِکَکࣸࢽْ هَࢽْدَڟِࢽْسَا
غَسْکِيَاکࣸمَ ذَاأغَࢽْسࣸ   مَࢽْيَ مَࢽْيَ بِسَࢽْ جِکِࢽسࣸ,غَسْکِيَاکࣸمَ ذَاأَغَࢽْسࣸ  مَࢽْيَ مَࢽْيَ بِسَࢽْ جِکِࢽْسࣸ
حَجِّ زَکَّاغَاکَسَالَهْ تَاڟَرٜيٰکَ ثِکِࢽْ جَهَالَهْ,حَجِّرْکَّاغَاکَسَالَهْ  تَاڟَرْکَ ثِکِࢽْ جَهَالَهْ
تࣸࢽْدَغَامࣸ دَکࣸواْوَࢽٜيٰࢽْکࣸ   ࢽَࢽْ ثِکِࢽْ وࣸتَ أَࢽَّبِࢽْکࣸ,تࣸࢽْدَغَامࣸ دَکࣸوْاْوَࢽٜيٰࢽْکࣸ  ࢽَࢽْ ثِکِࢽْ وࣸتَ أَࢽَّبِࢽْکࣸ
أّوࣸرِࢽْکࣸ بَذَيْيِ ڢَاءِدَابَا,أَوࣸرِࢽْکࣸ بَذَيْيِ ڢَاءِدَابَا
بَعَ بَرْدࣸکَّࢽْ حَڧࣸواڧࣸوَابَا,بَعَ بَرْدࣸکَࢽْ هَڧࣸواڧࣸوَابَا
ࢽَࢽْ دَࢽَࢽْ ڟَکِيَاتَڟَاغٜيٰ   بَاڢِتَاسَيْ وَيْغٜيٰ وَيْغٜيٰ,ࢽَࢽْ دَࢽَࢽْ ڟَکِيَاتَڟَاغٜيٰ  بَاڢِتَاسَيْ وَيْغٜيٰ وَيْغٜيٰ
دࣸوکِيَرْسࣸ دَمَاسࣸ ڧَاتࣸواْ     أَرْزِڧِࢽْ وَࢽِي عࢽْ رࣸوَيْتࣸواْ,دࣸوکِيَرْسࣸ دَمَاسࣸ ڧَاتࣸواْ  أَرْزِڧِࢽْ وَࢽِي عَࢽْ رࣸوَيْتࣸواْ
شِي مࣸتࣸم ࢽٜىٰ ذَلْوَڧَارِى    لَازِمِࢽْ إسْتِࢽْغِڢَارِى,شِي مࣸتࣸم ࢽٜيٰ ذَالْوَڧَارِيلَازِمِࢽْ إِࢽِࢽْغِڢَارِ
اَلࢽَّاشِرࣸأَحْمَدࣸالتِجَّاࢽِي حَڢِظَهࣸ اللهࣸ وَڢَّڧَࢽَا,اَلࢽَّاشِرࣸأَحْمَدࣸاللِجَاࢽِي حَڢِظَهࣸ اللَّهࣸ وَڢَّڧْࢽَا
دࣸکَ وَࢽْدَيَڧِيکَ مَايِى غَابَا,دࣸکَ وَࢽْدَيَڧِيکَ مَايِي غَابَا
يَاݒَثٜيٰ هَرْذࣸوثِ تࣸࢽْدَ بَاسَࢽِࢽْ کَلْمَرْشَهَادَا,يَايَثٜيٰ هَرْذࣸويتِ تࣸࢽْدَ  بَاسَࢽِࢽْ کَلْمَࢽْ شَهَادَا
کࣸوْأَدࣸودَأَشࣸواْدَلَيْمَا بَرْتَصَلَّا کࣸوْإِڧَامَا,کࣸوْأَدࣸودَأَشࣸواْدَلَيْمَا  بَرْتَصَلَّ کࣸوْإِڧَامَا
ڢصل نا حوض نبينا محمد صلى الله عليه وسلم,ڢصل لج نه حوض نبيتامحوصلى الله عليه وس
مَادَسَاڧࣸواْکࣸوْاوَࢽِࢽْسࣸ   سࣸڢَطَادࣸکَ حَࢽْزَرِࢽْسࣸ,مَادَسَاڧࣸواْکࣸواْوَࢽِࢽْسࣸ  سࣸڢَطَادࣸکَ حَࢽْزَرِࢽْسࣸ
کࣸوْاوَࢽٜىٰ ءکَبَاشِ أَيْکِ   سَىْ أمَىْ عَدَدِي غَأَيْکِ,کࣸواْوَࢽٜيٰ مَکَبَاشِ أَيْکِ   سَيْ أَمَيْ عَدَدِي غَأَيْکِ
الهࣸمَّ أَحْڢِظَࢽَا مِࢽْ کࣸلِّ شَرِِّ,اَللَّهࣸمَّ أَحْڢِظَࢽَامِࢽ کࣸلْ شَرِّا
کَيࢽَ أدࣸوࢽْسࣸ دَکَيْࢽ هَوَࢽْسࣸ بَىٰ کَ ڧَارَغَࢽࢽْ طَيَࢽْسࣸ,کَيِࢽْ أَدࣸوࢽْسࣸ دَکَيِࢽْ هَوَࢽْسࣸ بَيْکَ ڧَارَغَࢽْࢽْ طَيَࢽْسࣸ
إِࢽْدَابَسࣸ غَࢽْشِ سࣸࢽْ ࢽَڟَابَا,إِࢽْدَابَسࣸ غَࢽْشِ سࣸࢽْ ࢽَڟَابَا
مࣸوسَ کࣸواْ عَبْدࣸالسَّلَامِ سࣸࢽْوࣸثى وَࢽَࢽْ مࣸڧَامِ,مࣸوسَ کࣸوْاْعَبْدࣸالسَّلَامِ  سࣸࢽْوࣸثٜيٰ وَࢽَࢽْ مࣸڧَامِ
أَࢽْ أذَاتَ أکَࢽْ وࣸتَاثٜى    وَدَّبَاعَ عجٜىٰ يَتَثّٜىٰ,أَࢽْ أَذَاتَ أَکَࢽْ وࣸتَاثٜيٰ  وَدَّبَاعَ عَجٜيٰ يَتَثٜيٰ
جٜىٰ سࣸغَࢽْکَ سࣸسَࢽْ سࣸکࣸوࢽِي    مࣸصْطَڢَى أَࢽْبَاإِذْࢽِي,جٜيٰ سࣸغَࢽْکَ سࣸسَࢽْ سࣸکࣸوࢽِي  مࣸصْطَڢَي أَࢽْبَاإِذْࢽِي
دࣸوبَ دَىْ ڢِرعَوࢽْ وَيشِى    ࢽٜىٰ طَغَاوَبَاکَمَرْشِ,دࣸوبِ دَيْ ڢِرْعَوࢽَ وَيْشِي ࢽٜيٰ طَغَاوَابَاکَمَرْشِ
غَادࣸبࣸࢽْ مڟَرَاأَطَاکِي    إِࢽْدَا مَايَڢِ ڧَارَ أَوْکِي,غَادࣸبࣸࢽْ مَڟَرَاأَطَاکِي  إِࢽْدَمَايَڢِ ڧَارَأَوْکِي
شِى يَثٜىٰ مَکَ مَرْحَبََايَا    مَسࣸوْايِي وَࢽْدَشِرْيَا,شِي يَثٜيٰ مَکَ مَرْمَبَايَا  مَسࣸوْاْيِي وَࢽْدَشِرْيَا
سَࢽْ وࣸثٜىٰ سَىْ أمْبَتࣸࢽْسࣸ    سَىْ تࣸࢽَاࢽِࢽْ أرْزِکِࢽْسࣸ,سَࢽْ وࣸثٜيٰ سَيْ أَمْبَتࣸࢽْسࣸ  سَيْ تࣸࢽَاشِ أَرْزِکِࢽْسࣸ
کَتࣸࢽَا بَاذَامࣸ دَوَّمَابَا,کَتࣸࢽابَاذَامࣸ دَوَّمَابَا
مَيْ کِرَࢽْسࣸ يَثٜيٰ سَمَارِ    شِيْڢَࢽٜيٰ شَيْطَࢽْ رَجِيمِ,مَيْ کِرَࢽْسࣸ بَثٜيٰ سَمَارِ شِيْڢَࢽٜيٰ شَ طَࢽْ رَجِيمِ
کَاڢِرَىْ دَاسࣸࢽْ ڢَهِمْتَ    بِࢽْ مࣸحَمَّدࣸيَاکَمَاتَ,کَاڢِرَيْ دَاسࣸࢽْ ڢَهِمْتَ  بِࢽْ مࣸحَمَّدࣸيَاکَمَاتَ
بَسࣸ سَࢽْ کࣸواْ سࣸࢽْ مࣸوَاڢَڧَابَا,بَسࣸ سَࢽْ کࣸواْسࣸࢽْ مࣸوَاڢَڧَابَا
غَالِبِي دَحَڧࣸوڧࣸوَاࢽٜيٰ  کٜيٰ ڟَرٜيٰسࣸ أَࢽَࢽْ وࣸيَاࢽٜيٰ,غَالِبِي دَحَڧࣸوڧࣸوَاࢽٜيٰ  کٜىٰ ڟَرٜيٰسࣸ أَࢽَࢽْ وࣸبَاࢽٜيٰ
مَاسࣸ کࣸواْدَوَجَاغَرَىٰمࣸ   دࣸوْبِ شَيْخࣸ مࣸجَدَّدِࢽْمࣸ,مَاسࣸ کࣸوْاْدَوَجَاغَرٜيٰمࣸ  دࣸوبِ شَيْخࣸ مْجَدَّدِࢽْمْ
وَࢽْدَکࣸوْاْݒَرْࢽَايَڢَارَا     بَاشِيِࢽْ ڢَاتَاشِغَٜارَا,وَࢽْدَکࣸوْاْبَرْࢽَايَڢَارَا  بَاشِيِࢽْ ڢَاتَاشِغَارَا
کࣸواْدَدَىْ لَيْڢِى تࣸدࣸوࢽٜىٰ    ࢽَاکَ وَࢽْدَکَتَتَّرَاࢽٜىٰ,کࣸواْدَدَيْ لَيْڢِي تࣸدࣸوࢽٜيٰ  ࢽَاکَ وَࢽْدَکَتَتَّرَاࢽٜيٰ
سَيْ وࣸرِࢽْ تࣸواْذࣸࢽْ اَلࣸولَه    سَيْ وࣸرِࢽْ أَذࣸمِي مࣸوَالَهْ,سَيْ وࣸرِࢽْ تࣸواْذࣸࢽْ أَلࣸولَه سَيْ وࣸرِࢽْ أَذࣸمِي مࣸوَالَهْ
سَࢽَّࢽْ بَاذَاشِ کࣸوْاْمࣸوَابَا,سَࢽَّࢽْ بَاذَاشِ کࣸوْاْمࣸوَابَا
ذَابَيَامَىْ تَادَصَوْتِ کٜىٰ هَࢽَاکَ تࣸࢽِࢽْ وَڢَاتِى,ذَايَيَامَيْ تَادَصَوْتِ کٜيٰ هَࢽَاکَ تࣸبِࢽْ وَڢَاࢽِي
حَاوࣸيَا تَمࣸࢽَاڢࣸکَيْࢽٜيٰ  ثَࢽْ سَعِيرَا کَاڢِرَيْࢽٜيٰ,حَاوࣸبَاتَمࣸࢽَاڢࣸکَيْࢽٜيٰ  ثَࢽْ سَعِيرَاکَاڢِرَيْࢽٜيٰ
طَيْبَ غࣸࢽْ کَاکَࢽْ حࣸسَيْرࢽِ    إࢽْ يَبࣸواْأثِکِࢽْ سࣸکࣸوࢽِ,طَطيْبَعࣸࢽْ کَاکَࢽْ مࣸسَيْࢽِ  إِࢽْ بَبࣸواْأَࢽِْکِࢽْ سࣸکࣸولِ
کَيْ إِسَشّٜيٰࢽٜيٰ غَکࣸومَيْ     مَاغَࢽِي ࢽٜيٰکَيْ وࣸرِࢽْمَيْ,کَيْ إِسَشّٜيٰثٜيٰ غَکࣸومَيْ  مَاغَࢽِي ࢽٜيٰکَيْ وࣸرِࢽْمَيْ
يَارَڧٜيٰࢽِ رِڧࣸواْࢽَظِيڢِ    هَرْيَذَمْ ࢽَاڢَارَ ڧَرْڢِ,يَارَڧٜيٰࢽِ رِڧࣸواْࢽَڟِيڢِ  هَرْيَذَمْ ࢽَاڢَارَڧَرْڢِ
إِࢽْࢽَرَاڟَ کࣸڢَيْ زࣸبَبَّيٰ سَي ࢽِکَࢽْ تࣸࢽَ يَوْدَغࣸواْبٜيٰ,إِࢽْ ࢽَرَاڟَ کࣸڢَيْ زࣸبَبّٜيٰ  سَيْ ࢽِکَࢽْ تࣸࢽَ يَوْدَغࣸوْاْبٜيٰ
يَابٜثٜيٰ دَرَشِࢽْ بَصِيرَا سَيْ شِذࣸوْدَدࣸبࣸࢽْ لَرࣸورَا,يَابَثٜيٰ دَرَشِࢽْ بَصِيرَا سَيْ شِذࣸوْدَدࣸبࣸࢽْ لَرࣸورَا
ࢽٜيٰ يَثٜيٰ إِࢽذࣸواْࢽَدࣸوبَا   يَاذَمَࢽْسࣸ ثِکِࢽْ عَذَابِ,ࢽٰٜ يَثٜيٰ إِࢽْذࣸواْࢽَدࣸوبِ  يَاذَمَࢽْسࣸ ثِکِࢽْ عَذَابِ
بَاغَرٜيٰکَبَاحَرْأࣸبَࢽْکَ  مٜيٰ يَسَاکࣸواْذࣸوثِيَرْک,بَاغَرٜيٰکَبَاحَرْأࣸبَࢽْکَ  مٜىٰ يَسَاکࣸواْذࣸوثِيَرْکَ
إࢽْ تَوَاڟࣸ سَىْ اسࣸومَا     مࣸومِࢽِي إࢽࣸوَرْسَلَامَا,إِࢽْ تَوَاڟࣸ سَيْ أَسࣸومَا  مࣸومِࢽِي إِࢽْوَرْسَلَامَا
نٜلاَطࣽ عَلَّ مَاکِ صَلَّح ࡻللَّهࣸ عَلَيْحهِ وَسَلَّمَ جَمْ عٜکِسِيح,نٜلوَطࣸعَلَّ مَاکِ صَلّࣸ ࡻللَّهࣸ عَلٜيْهِ وَسسَلَّمَ جَمْ عٜکِسِيلِ
ثٜيٰوَا بَاذَاشِ لَاخِرَابَا,ثٰٜوَابَاذَاشِ لَاخِرَابَا
ࢽَاجِ ألْڧَاضِي شِࢽَاثٜيٰ ذࣸوثِࢽَا إِࢽْتَامَکَࢽْثٜيٰ,ࢽَاجِ أَࢽْڧَاضِي شِࢽَاثٜيٰ  ذࣸوثِيَاإِࢽْتَامَکَࢽْثٜيٰ
يَايِي کَٜيْوْدَيْ طَࢽْ مࣸسࣸلْمِي    يَيْتَ أَدِّيࢽِ يَࢽٜيٰمِ,يَايِي کَيْوْدَيْ طَࢽْ مࣸسࣸلْمِي   دبَيْتَ أَدِيࢽِ يَࢽٜىٰمِ
تَمبَيَاࢽَطَيْࢽْتَ اَللَّهْ   أَࢽْکَ شࣸوطٜيٰ سَيْ ࢽَصَلَّا,تَمْبَيَاࢽَطَيَࢽْتَ اَللَّهْ  أَࢽْکَ شࣸوطٜيٰ سَيْ ࢽَصَلَّا
الحمدلله رب العالميࢽ,الحمدلله رب العالميࢽ
تَمْبَرِࢽْتَ غَرٜيٰمࣸ کࣸوکاَ   إِࢽْدَرَاࢽِبَاإِࢽْدَکَاکَا,تَمْبَرِࢽْتَتغَرٜيٰمࣸ کࣸوکَا  إِࢽْدَرَاࢽْدِإِࢽْدَکَاکَا
بَاکࣸوْاْمَىْ ڢَاسَ رࣸورࣸوَابَا,بَاکࣸوْاْمَيْ ڢَاسَ رࣸورࣸوَابَا
دَسࣸکٜيٰ حَطٜيٰ غَاشِ بَيْهَطٜيٰبَا,دَسࣸکٜيٰ حَطٜيٰ غَاشِ مَيْهَطٜيٰبَا
سَࢽّࣸ مَى صِڢَّا ثِکَکى  مَاغَࢽِࢽْکَ ࢽَشَاࢽَوَرْکٜىٰ,سَࢽࣸ مَيْ صِڢَّاثِکَکٜيٰ  مَاغَࢽِࢽْکَ ࢽَشَاࢽَوَرْکٰٜ
تَمْبَيَاࢽَطَيَࢽْتَ اَللَّهْ    أَࢽْکَ شࣸوطٜيٰ سَيْ ࢽَصَلَّهْ,تَمْبَيَاࢽَطَيَࢽْتَ اَللَّهْ  أَࢽْکَ شࣸوطٜيٰ سَيْ ࢽَصَلَّه
وَࢽْسࣸ کࣸوْاتَمْکَرْ دَوَاکِ   ذَاسࣸ شࣸوطٜيٰ کࣸواْ يَجَاکِ,وَࢽْسࣸ کࣸوْاْࢽَمْکَرْدَوَاکِ ذَاسࣸ شࣸوطٜيٰ کࣸواْبَجَاکِ
أَيْ تࣸࢽْ بَعَجٜيٰ غَکَوْثَرَابَا,أَيْ تࣸࢽْ بَعَجٜيٰ غَکَوْثَرَابَا
بَتࣸࢽْ دَࢽَاجِ وࣸرِࢽْ مَالَمْ تࣸکࣸرْ    شَيْخࣸ ࢽَدَبِي مࣸتࣸم مَّيْ حَتَّرَىٰ,بَتࣸࢽْ دَࢽَاجِ وࣸرِرْ مَالَمْ تࣸکࣸرْ  شَيْخࣸ ࢽَدَبِي مࣸتࣸم مَيْ مَتَرٜىٰ
سَامَجࣸوسࣸ ࢽَهࣸطماࢽٜيٰ   کࣸوْوَࢽٜيٰࢽْسࣸ وࣸرِࢽْذَمَاࢽٜيٰ,سَامَجࣸوسࣸ ࢽَسࣸڟَّمَاࢽٜيٰ  کࣸوْوَࢽٰٜࢽْسࣸ وࣸرِࢽْذَمَاࢽٜيٰ
ْْشراوضيرا اٰميࢽ بحڧِّ خير العالميࢽ,شراوضيرا  أميࢽ بحو خير العالميࢽ
سَىْ مࣸحَمَّدࣸدࣸࢽْ کَمَالَى    تَىْ دَذَابَبّٜىٰࢽْ أدَالَى,سَيْ مࣸحَمَّدࣸدࣸࢽْ کَمَالَى  تَيْ دَذَابَيّٜيٰࢽْ أَدَالَي
وَسࣸ کࣸواْ سࣸمَتى أَتَڢْکِى  وَسࣸ کࣸواْسَࢽَدِࢽْسࣸ طَاکِى,وَسࣸ کࣸواْسࣸمَثٜيٰ أَتَڢْکِ  وَسࣸ کࣸواْسَࢽْدِࢽْسࣸ طَاکِي
٤٣  غَامࣸ غࣸࢽْ جِيکَࢽْکَ شَيْخࣸ  دࣸوْࢽْ إِسَࢽْ کَاکَࢽْکَ ࢽࣸوْحࣸ,١غَامࣸ غࣸࢽْ جِيکَࢽْکَ شَيْخࣸ دࣸوِࢽْ إِسَرْکَاکَࢽْکَ ࢽࣸومࣸ
مࣸتࣸمْ ثوتاࢽٜي مَرَغَاࢽِي  بَاعَ غࣸوْࢽِࢽْتاغَرٜيشِ,مࣸتࣸمْ ࢽࣸوتَاࢽٜيٰ مَرَرْهَاغَࢽِي  بَاعَ غࣸوْࢽِࢽْتَاغَرٜيٰشِ
وَثٜيٰ مَالميْ سࣸکَاتَارَاتَا,وَثٜيٰ مَالَمَيْ سࣸکَاتَارَاتَا
دࣸکْ أَبِࢽْدَمࣸتࣸمْ يَرِسْکَا  شِي مَأَوْࢽِي ذَاشِ طَوْکَا,دࣸکْ أَبِࢽْدَمࣸتࣸمْ يَرِسْکَا  شِي مَأَوْࢽِي ذَاشِ طَوْکَا
وَࢽْسࣸ ࢽاتاشِ ڟِرَارَا    تࣸࢽْ کࣸشٜىٰواذَاع ڢَارَا,وَࢽْسࣸ ࢽَاتَاشِ ڟِرَارَا تࣸࢽْ کࣸشٜيٰوَاذَاعَ ڢَارَا
حَرْڧَذَڢْ حَرْغَرْدࣻمَࢽْثِي   سَارِيَاءࣸ دَثِࢽْ مࣸتࣸࢽْثِي,حَرْڧَذَڢْ حَرْغَرْدَمَࢽْثِي  سَارِيَاءࣸ دَثِࢽْ مࣸتࣸࢽْثِي
دࣸکْ مࣸتࣸمْ کٜىٰࢽَࢽْ شِکٜىٰجِي    غَاوࣸتَاتَاجٜىٰڢَ حࣸرْجِي,دࣸکْ مࣸتࣸمْ کٜيٰࢽَࢽْ شِکٜيٰجِي  غَاوࣸتَاتَاجٜيٰڢَ حࣸرْجِي
تَاࢽَجِࢽْسࣸ سࣸسّامِ أَيْکِ     سَࢽّࣸ سَࢽّࣸ سࣸکَيْغَ مࣸلْکِ,تَاࢽَجِࢽْسࣸ سࣸسَامِ أَيْکِ  سَࢽّࣸ سَࢽّࣸ سࣸکَيْغَ مࣸلْکِ
سَىْ أثٜى جِبْرِيلࣸ جٜىٰکَ    غࣸࢽْ مَڢِيڢيثِࢽْ مَأَيکَ,سَيْ أَثٜيٰ جِبْرِيلࣸ جٜيٰکَ  غࣸࢽْ مَڢِيڢِيثِࢽْ مَأَيْکَ
سَادَمَىْ لࣸغࣸدٜىٰ دَغࣸوطَا    حَرْمذَاجٜىٰ مَاسࣸ بࣸوطَا,سَادَمَيْ لࣸغࣸدٜيٰ دَغࣸوطَا  حَرْمَذَاجٜيٰ مَاسࣸ بࣸوطَا
دَيْ مࣸࢽَاکَلْمَرْ شَهَادَ  مࣸوڢَ شَيْطَࢽْ ࢽٜيٰ يَݒَدَّ,دَيْ مࣸࢽَاکَلْمَرْشَهَادَ  مࣸوڢَ شَيْطَࢽْ ࢽٜيٰ يَبَدَّ
کَىْ مࣸتَاࢽٜىٰ مَاسࣸ رࣸوبَا    سࣸوڢَ رِيْشࣸ يَکَىْ تَطِيْبَا,کَيْ مࣸتَاࢽٜيٰ مَاسࣸ رࣸوبَا سࣸوڢَرِيشࣸ يَکَࢽْ تَطِيبَا
وَࢽْسࣸ کَوْاْشِڟَيَاأڧِرجِي    غَاشِ رَاࢽَاتَايى غرْجِي,وَࢽْسࣸ کࣸوْاْشِڟَيَاأَڧِرْجِي  غَاشِ رَاࢽَاتَايِي غَرْجِي
بَسࣸ غَسْکَتَ ࢽَامࣸ اَلࢽَّبِي بَا,بَسࣸ غَسْکَتَ ࢽَامࣸ اَلࢽّبِي بَا
دࣸومِࢽْ دَيْ رَࢽْسࣸ بَيْ ࢽَڟَابَا,ِدࣸوْمِࢽْ دَيْ رَࢽْسࣸ بَيْ ࢽَڟَابَا
جَمَعَابَسࣸ سَࢽْ وࣸرِࢽْ ذࣸوابَا,جَمَعَابَسࣸ سَࢽْ وࣸرِࢽْ ذࣸوَابَا
سࣸکَ سَࢽْ بَاذَاسࣸ دَوَّمَابَا,سࣸکَ سَࢽْ بَاذَاسࣸ دَوَّمَابَا
بَىْ بَرْمࣸ مࣸسَامِ سَادࣸوَابَا,بَيْ بَرْمࣸ مࣸسَامِ سَادࣸوَابَا
يَاثِلَاتَ دَڧࣸࢽْ سَࢽِࢽْ مَحَرْبَا,يَاثِکَاتَ دَڧࣸࢽْ سَࢽِࢽْ مََرْبَا
لَارَبَاوَامَاسࣸ عِڢَّهْ    سࣸࢽْ وࣸثٜىٰ وَاکٜىٰ دَڧࣸوْاڢَا,لَارَبَاوَامَاسࣸ عِڢَهْ  سࣸࢽْ وࣸثٜيٰ وَاکٜيٰ دَڧࣸواْڢَا
شِي سَࢽِي کَࢽْ مَيْدَبَاوَا    طَامَڢِي غِرْمَࢽْ مࣸرࣸوَ,شِي سَمْي کَࢽْ مَيْدَبَاوَا  طَامَڢِي غِࢽْ مَࢽْ مࣸرࣸوَا
اللهم صلى على محمدوسلم,اللمم صل على موومل
بسم الله الرحمࢽ الرحيم صلى الله على سيدنا محمد وءاله و صحبه و سلم تسليما,ڢم اله الى مل لحيم على اله على سبدنا محد واله وصب وسل تل
صَلَّى ࡻللََّهࣸ عَلَيهِ وَسَلَّمَ جَمْ عٜکِسِيٜى وࣽنِى عٜمَکّࣽ,صَلَّى ࡻللَّهࣸ عَلَيْهِ وَسَلَّمَ جَمْ عٜکِسِييى وࣸلِى عٜمَکّࣽ
صَلَّح ࡻللَّهࣸ عَلَيْهِ وَسَلَّمَ جَمْ عٜکِسِيٜࢽ وࣽنِى عٜمَکّࣽ,صَلَّى ࡻللَّهࣸ عَلَيْهِ وَسَلَّمَ جَمْ عٜکِسِيى وࣽنِى عٜمَکّࣽ
صَلَّى ࡻللَّهࣸ عَلَيْهِ وَسَلَّمَ جَمْ عٜکِسِيى وࣽنِى عٜمَکّࣽ,صَلَّى ࡻَللَّهࣸ عَلَيْهِ وَسَلَّمَ جَمْ عٜکِسِيىِ وࣽنِى عٜمَکّࣽ
صَلَّى ࡻللَّهࣸ عَلَيْهِ وَسَلَّمْ جَمْ عٜکِسِيٜىٰ وࣽنِى عٜمَکّࣽ,صَلَّى ࡻللَّهࣸ عَلَيْهِ وَسَلَّمْ جَمْ عٜکِسِيى وࣸنِي عٜعَکّࣽ
عࣽمَاکِ صَلَّى ࡻللَّهࣸ عَلَيْهِ وَسَلَّمَ جَمْ عٜکِسِيٜىٰ,عࣽمَاکِ صَلَّى ࡻللَّهࣸ عَلْيَهِ وََلَّمَ جَمْ عٜکِسِييى
مࣽرࣽ جَامِ کࣽجَٜٜٜٜامَتَطࣸࢽْ عࣽنَجِى تࣸتّٜࢽْ عَرِتلْدٜ دَرَادٜدَرَلْ,مࣽرࣸ جࣸامِ کࣽجَامَتَطࣸࢽْ عࣸࢽْجِىتࣸتَّࢽْعَرِتَلْبࣸدَرَادِدَرَلْ
بِسْمِ اِلرَّحْمَاࢽِ اِلرَّحِيمِ صَلَّى سَيِّدِࢽَا مࣸحَمَّدِِ وَءالِهِ وصَحْبِهِ وَسَلِّمْ,بِسْمِ اِللَّهِ اِلرَحْمَࢽْ إِرْحِيمِ صَلَّ اللّهࣸ عَلَيْ سَيّࣸدِࢽَامࣸحَمَّدِوَءَالهِ وَدَحْبِمِ وَسَلِّه
بسم الله الرحمࢽ الرحيم وصل الله علي الࢽبي الکريم,بسم الله الرحمࢽ الرّحيي وصلى الله على الࢽبى الکريم
يَا طَࢽْ عࣸوَاࢽَا إࢽْدَ حَالِࢽْ تَيْمَکࣸواْ  دَکࣸطِي دَڧَرْڧِي دࣸوکَتَيمَکِ طَࢽْ عࣸوَا,بَاطَࢽْ عࣸوَاࢽَاإِࢽْدَحَالِࢽْ تَيْمَکࣸو   دَکࣸطِي دَڧَرْڧِي دࣸوکَتَيْمَِ طَࢽْ عࣸوَا
يَاطَࢽْ عࣸوَا ࢽَا إࢽْدَ حَالِࢽْ تَيْکࣸو دَغِدَ دَغࣸوࢽَا دࣸوکَتَيْمَکَ طَࢽْ عࣸوَاا,يَاطَࢽْ عࣸوَاࢽَا إِࢽْدَ حَالِࢽْ تَيْکࣸو  دَغْدَادَغࣸوࢽَادࣸوکَتَيْمْطِ طَرْعࣸوَا
يَاطَࢽْ عࣸوَا ࢽَا إِࢽْدَ حَالِࢽْ تَࣸيْمَکࣸو صَدَڧَا دَکٜيوْتَادࣸوکَتَيمَکِ طَࢽْ عࣸوَا,بَاطَࢽْ عࣸوَاࢽَاإِࢽْدَحَالِࢽْتَيْمَکࣸو   صَدَڧَادَکِيوْتَادࣸوکَتَيْمکَ صَيْعࣸوَا
يَاطَࢽْ عࣸوَاࢽَا إِࢽْدَ حَالِي تَيْمَکو  حَࢽْيَر ذࣸوَا حَجِ مَا کَتَيْمَکِ طَࢽْ عࣸوَا,يَاطَࢽْ عࣸوࢽَاإِࢽْدَ حَالِࢽْ تَيْمَکࣸو  حَࢽْيَرْ ذࣸوَاحَجِ مَاکَتَيْمَکِ طَࢽْ عࣸوَا
يَاطَࢽْعࣸوَاࢽَا إِࢽْدَ حّالِࢽْ تَيْمَکࣸو أمْرِي دَࢽَهيِ دࣸوکَتَيْمَکَ طَࢽْ عࣸوَا,يََࢽْ عَوَاࢽَاإِࢽْدَحَالِࢽْ تَيْمَکࣸو  أَمْرِي دَࢽَمَيِي دࣸوکَتٜيْمَکَ طَࢽْ عࣸوَا
يَا طَࢽْ عࣸوَا إࢽْدَ حَالِࢽْ تَيْمَکࣸو  سࣸتࣸرَأبَࢽْثِي دࣸو کَتَيْمْکَ طَࢽْ عࣸوَا,يَاسَࢽْ عࣸواࢽَاإِدَحَالِࢽْ تَيْمَکࣸوسࣸتَࣸ أَبࣸࢽْثِي دࣸوکَتَيْمَکِ طَرْعࣸو
يَاطَࢽْ عࣸوَࢽَا إࢽْدَ حَالِࢽْ تَيْمَکࣸو  دَغِࢽِي دَدَࢽْڧَادࣸو کَتَيْمَکِ طَࢽْ عࣸوَا,يَامَࢽْ عࣸوَاࢽَاإِࢽْدَحَدلِࢽْ تَيْمَکࣸو دَغِࢽِي دَدَࢽْڧَادࣸوکَتَيْمَکَ طَࢽْ عࣸوَا
لسَبَبِ حکࣸمِ الدّࣸࢽْيَا,لَمْ بَمَبَبِ حࣸطَامِ اِذّࢽْيَامِ
ڢَصْلࣸࣸ مَالَمِيࢽَا مَالَمْ طَࢽْ عِيَا,ڢَصْلࣸ مَالَمِࢽَامَالَمْ طَࢽْ عِبَا
ڢَصْلࣸࣸ ڢِي ڧَولِ مَالَمْ بَاوَابَزَࢽَڢَرٜيٰ,ڢَصْلࣸڢِي ڧَوْلِ مَالَمْ بَاوَابَزَࢽْڢَرٜيٰ
بِسْمِ اِللَّهِ اِلرَّحْمٰࢽِ اِلرَّحِيمِ   صَلَّى اَللَّهࣸ عَلَى اِلࢽَّبِي اِلْکَرِيمِ,بِسْمِ اللَّه الرَّحْمَࢽْ الرَّحِيمِ  صَلَّى اَللّهࣸ عَلَي لࢽَّبِيْ الکَرِيمِ
بَابࣸ أَيْکِي دَيْدَيْ سَيْ ࢽَتِرْ   سَيْ ࢽَعَشَاشِيࢽٜيٰ ذَيْ يَوَا,بَابࣸ أَيْکِي دَيْدَيْ سَيْ ࢽَتِرْ سَيْ ࢽَعَشَاشِيࢽٜيٰ ذَيْ يَوَا
مࣸوَلَّڢࣸ هَذَاالکِتَابࣸ الْحَاجِِ,مَوَلّڢࣸ هَذَاالْکَتَابࣸ اَلْحَاجِ
مَالَمْ عَلِيّࣸ ࢽَمَࢽْغِ زَرِيَ,مَالَسࣸ مَبَيّ ࢽَمَࢽْغَ رَامََوَا
شَأَࢽِࢽْسࣸ بَذَىْ مࣸوَاڢَڧَابَا,شَأَࢽِࢽْسࣸ بَذَىْ مࣸوَاڢَڧَابَا
سَىْ کَرَࢽْ بِکِ شِى کَڧَارَا     سَيْڢَ جَࢽْ بَلْبَلْ دَڟَارَا,سَيْ کَرَرْبِکِ شِي کَڧَارَا سَيْڢَ جَࢽْ بَلَبَاْ دَڟَاوَا
تَمْکَرْبَاتَارَࢳَࢽْ أدَمْ بَا,تَمْکَرْبَاتَارَࢳَࢽْ أَدَمْ بَا
دَغَرِࢽْ سَىْ مَاسࣸ إيْکࣸواْ    يَࢽذࣸبَاکࣸواْمَاسࣸ تَرْکࣸواْ,دَغَرِࢽْ سَيْ مَاسࣸ إِࢽْکࣸواْ  يَࢽْذࣸبَاکࣸواْمَاسࣸ تَرْکࣸواْ
سَيْڢَ رِيمَايٜىٰ دَݒکّࣸواْ    تࣸوبَ مَىْ سࣸࢽْ ࢽࣸوࢽَ ڢِيکࣸواْ,سَغيْڢَ رِيمَايٜيٰ دَبَکࣸواْ تࣸوبَ مَيْ سࣸࢽْ ࢽࣸورَڢِيکࣸوَا
دَࢽْدَلِࢽْسࣸ ࢽَثِࢽْ أَبِࢽْثِ    بَاَبࣸ کࣸواْوَسَىْ کࣸمࣸرْثِ,دَࢽْدَلِࢽْسࣸ ࢽَثِࢽْ أَبِࢽْثِ  بَابࣸ کࣸواْوَسَيْ کࣸمࣸرْمثِ
طَاکࣸࢽَࢽْسࣸ دِلَاکَبَرْثِ    دَاتَࢽَادَرِڧࣸوࢽْ أمِࢽْثِ,طَاکࣸࢽَࢽْسࣸ دِلَاکَبَرِْ  دَاتَࢽَادَرِڧࣸࢽْ أَمِࢽْثِ
يَامَثٜىٰ هَرْطَࢽْسَ يࣸࢽْڢَ    تࣸࢽْدَىْ مَࢽْيَࢽْ خَلِيْڢَهْ,يَامَثٜيٰ هَرْطَࢽْسَ بࣸࢽْڢَ  تࣸࢽْدَيْ مَࢽْيَࢽْ خَلِيڢَهْ
طَࢽْ أࣸوَارِڧَيِ دَلࣸورَا    بَاعَ ثِيمَتَ کَوْدَبَارَا,طَࢽْ أࣸوَارِڧَيِ دَلࣸورَا  بَلعَ ثِيمَتَ کَوْدَبَارَا
سَاکࣸرࣸوْرࣸوَݒَاتَ هِيرَا    کࣸواْغِدَࢽْ غَڢِيَادَݒىٰ رَا,سَاکࣸرࣸوْرࣸوَبَاتَ هِيرَا  کࣸواْغِدَيْ غَڢِيَادَبٜي رَا
دَأࣸبَࢽْسَ بَذَىْ بَڧِࢽْ ثِکِيْبَا,دَأࣸبَࢽْسَ بَذَيْ بَڧِࢽْ ثِکِيبَا
بِسمِ اللهِ الرَّحْمࢽِٰ الرَّحِيْمِ.  وَصَلَّى اللهࣸ عَلَى الࢽَّبِىِّ الْکَرِِيمِ,بِسْمِ اللَّهِ الرَّحْمَٰࢽِ الرَّحِيمِ وَصَلَّى اَللَّهࣸ عَلَى الࢽَّبِيِّ الْکَّرِيمِ
وَصَلىٰءَالِهِ وَصَحْبِهِ وَسَلَّمَ,وَدَذَىٰ ءَالِهِ وَصَحْبِهِ وَسَلّهَ
وَاڧَرْ إࢽْڢِرَاجِ تَعࣸکࣸ,وَاڧَرْ إِࢽْڢِرَاجِ تَعࣸکࣸ
وَڢَّڧَࢽَا اللَّهࣸ إِلىَ مَايࣸحِبّࣸ ءامِيࢽ,وَڢِّڧَࢽَااللَّهࣸ إِلىٰ مَايحِبّࣸ ءَطِࢽ
بِإِذْࢽِ مࣸوَلِّڢࣸ هَذَاالکِتَابࣸ,إِإِذْࢽِ مࣸوَلْڢࣸ هَذَااَلْکِتَابࣸ
اَلحَاجِ مَالمْ عَلِيّࣸ ࢽَمَࢽغِ,اَلْحَاجِ مَالَمْ عَلِيّࣸ ࢽَمَࢽْغِ
وَاڧَرْ إࢽْڢِرَاجِ تَعࣸکࣸ,وَاڧَرْإِࢽْڢِرَاجِ تَعࣸکࣸ
وَاڧَرْ ڟَيْدَ سࣸࢽَّا,وَاڧَرْڟَيْدَسࣸࢽَّا
بِإِذْࢽِ مࣸوَلِّڢࣸ هَذَاالکِتَابࣸ,بِإِذْࢽِ مࣸوَلِّڢࣸ هَذَااَلْکِتَابࣸ
عَلَىٰ رَسࣸولࣸ الله,عَلَىٰ رَسࣸولࣸ اهِتِ
بِسمِ اللهِ الرَّحمَࢽ الرَّحِيمِ  وَصَلَّى اللَّهࣸ عَلَى الࢽَّبِيِّ الْکَرِيمِ,بِسَماللهِ لرحْمَ ترِحِيه  وَصَلَّى اللَّهࣸ عَلَى الࢽَّبِيِ لْکَرِيمِ
وَعَلىءَالِهِ وَصحْبِهِ وسَلَّمَ,وَعَلَىٰ ءَالِهِ وَصَحْبِهِ وَسَلَّمَ
وَاڧَرْ إِࢽْڢِرَاجِ  تَتَرَ,وَاڧَرْإِࢽْڢِرَاجِ تَتَرَ
وَاڧَرْ بِࢽْ إِيَايٜيٰ,وَاڧَرْبِࢽْ إِيَايٜيٰ
إِلىٰ مَايࣸحِبّࣸ ءّامِيࢽ,إِلَىٰ مَابࣸحِبّࣸ ءَاميࢽ
بِإِذْࢽِ مࣸوَلِّڢࣸ هَذَا,بِإِذْࢽِ مࣸوَلِّڢࣸ هَذَا
مَالَمْ عَلِيّࣸ ࢽَمَࢽْغِ,مَالَمْ عَلِيّࣸ ࢽَمَࢽْغِ
ࢽَࢽْڢَ أَيِ ڟَيࣸوَرْ حࣸکࣸمثِي  أَيْ جَزَا١ کَࢽْ أّدَلْثِي,ࢽَࢽْڢَ أَيِ ڟَيࣸوَرْحࣸکࣸمْثِي  أَيْ جَزَاءِ کَࢽْ أَدَلْثِي
جَلَّ سَرْکِ مَيْ کَرْمْثِي   ذَيْ حِࣸکࣸࢽْتَ مَڧِي ذࣸمࣸࢽ؞ثِي,جَلَّ سَرْکِ مَيْ کَرَمْثِي  ذَيْ هࣸکࣸࢽْتَ مَڧِي ذࣸمࣸࢽْثِي
مࣸومَࢽَيْ سࣸࢽْ مِيڧَ تَڢْکِ    کَوْثَرَأَڢَرِࢽ تَڢَرْکِ,مَومِࢽَيْ سࣸࢽْ مِيوَ تَڢْکِ کَوْتَرَأَڢَرِࢽْ تَڢَرْکِ
کَاڢِرَيْ سࣸࢽْ دࣸوشِ طَاکِ  هَلَّکَا أَبَڧِࢽْ تَڢَرْکِ,کَاڢِرَيْ سࣸࢽْ دࣸوشِ طَاکِ  هَلَّکَاأَبَڧِࢽْ تَڢَرْکِ
مَالَمِيࢽَا ࢽࣸوح يَاثٜيٰ   کࣸواْدَاَللَّهْ يَيْ وࣸتَاثٜيٰ,مَالَمِيࢽَاࢽࣸومࣸ يَاثٜيٰ کࣸواْدَاللَّهْ يَيْ وࣸتَاثٜيٰ
بَامَيْ کَياوࣸࢽْ حَڧࣸوڧࣸوَابَا,بَامَيْ کࣸيَاوࣸࢽْ حَڧࣸوڧࣸوَابَا
وَࢽْسࣸ تࣸࢽْ بَکَ بࣸوطٜيٰ ڧࣸوڢَا   ࢽٜيٰبَ ذَاسࣸ تَڢࣸواْأَجَمْعَا,وَࢽْسࣸ تࣸࢽْ بَکَ بࣸوطٜيٰ ڧࣸوڢَا ࢽٜيٰبَ ذَاسࣸ تَڢࣸواْأَجَمْڢَا
إِࢽْ کَطَوْتࣸرْمِي کَبَاشِي   سَيْيَ مِيڧَ يَسَيْدَسَاشِي,إِࢽْ کَطَوْتࣸرْمِي کَبَاشِي سَيْيَ مِيوَ يَسَيْدَسَاشِي
وَࢽْسࣸ کࣸواْسࣸتَڢࣸواْغَرٜيٰکَ   وَࢽٜيٰ غَاجَاذَاعَبَاکَ,وَࢽْسࣸ کࣸواْسࣸتَڢࣸواغَرٜيٰکَ  وَاࢽٜيٰ غَاࢳَاذَاعَبَاکَ
سَيْمَڧِي صَلَّاغَلࣸواْࢽࣸواْ   سَيْ مَثِ رَشوَادَسَࢽْتࣸواْ,سَيْ مَڧِي صَلَّغَلࣸواْࢽࣸواْ  سَيْ مَتِ رَشَوَادَسَࢽْتࣸواْ
سࣸووتَرْڢَ رࣸڢٜي بَکَيْ ࢽٜيٰ   مَاسࣸ کࣸواْذَاڢِࢽْ إِسَاࢽٜيٰ,سࣸووࣸتَرْڢَرࣸڢِي بَکَيْ ࢽٜيٰ  مَاسࣸ کࣸواْذَاڢِࢽْ إِسَاࢽٜيٰ
شِي هَلِي مَيْسَاشِغَرْتَا    مَاطِغࣸواْ ذِࢽَ لࣸوطࣸ سَاتَا,شِي حَلِي مَيْسَاشِغَرْࢽَا  مَاطِغࣸواْذِࢽَ مࣸوطࣸ سَاتَا
بَسࣸ سَࢽْ حَڧِّࢽْ أࣸبَࢽْ غِجِيبَا,بَسࣸ سَࢽْ حَڧࣸࢽْ أࣸبَࢽْ غِجِيبَا
يَٜࢽْ شِغَاطَکَ حَرْتِکَاࢽٜيٰ    دࣸکْ سࣸبࣸوطٜيٰ سَارِڧَيْࢽٜيٰ,بَࢽْ شِغَاطَکَ حَرْࢽࣸکَاࢽٜيٰ  دࣸکْ سࣸبࣸوطٜيٰ سَارِڧَيْࢽٜيٰ
ذَاأذࣸودَوَطَࢽْسࣸ مَاتَا   وَࢽْدَکٜيٰمَ مَذَࢽْسࣸ ثࣸوتَا,ذَاأَذࣸودَوَطَࢽْسࣸ مَاتَا  وَࢽْدَکٜيٰمَ مَذَࢽْسࣸ ثࣸوتَا
کࣸواْوَثٜيٰ غَاشِ ࢽَکَࢽْتَا   شِي أّکَࢽْ کَامࣸواْ أَجَاتَا,کࣸوْاْوَثٜيٰ غَاشِ ࢽَکَࢽْتَا شِي أَکَࢽْ کَامࣸواْأَجَاتَا
ذࣸوثِيَرْسࣸ تَࢽَادَشَکَّرْ     يَٜࢽْ أࣸوَࢽْسࣸ بَذَاسࣸ طَوْکَرْ,ذࣸوثِيَرْسࣸ تَࢽَادَشَکَّرْ يَࢽْ أࣸوَࢽْسࣸ بَذَاسࣸ طَوْکَرْ
سࣸومَذَاجٜيٰ سࣸࢽْکَ سَاݒَا    بَاأَبِࢽْ وَعَظِي سࣸکَرْبَا,سࣸومَذَاجٜيٰ سࣸࢽْکَ سَايَا بَاأَبِࢽْ وَعَظِي سࣸکَرْبَا
حَرْسࣸثٜيٰ وࣸتَ سࣸࢽْکَ ذَاݒَا    دࣸࢽْ مِجِ بَاذَاسࣸرَاݒَا,حَرْسࣸثٜيٰ وࣸتَ سࣸࢽْکَ ذَايَا  دࣸࢽْ مِجِي بَاذَاسࣸرَايَا
حَرْسࣸثٜيٰ أَوْرِٜࢽْکَࢽٜيٰ دَيْ   ࢽِيْدَيِࢽْ دَبَرِࢽْسَ دَيْدَيْ,حَرْسࣸثٜيٰ أَوَرِࢽْکَࢽٜيٰ دَيْ  ࢽِيْدَيِࢽْ دَبَرِࢽْسَ دَيْدَيْ
بَسࣸ سَامِ رَبࣸواْ الَاخِرَابَا,بَسࣸ سَامِ رَبࣸواْأَلَاخِرَابَا
سࣸوڢَ يَٜي وࣸتَ کَاڢِرَيْࢽٜيٰ   مَاسࣸ بِࢽْسࣸ مࣸࢽَاڢِکَيْࢽٜيٰ,سࣸوڢَ يَࢽْ وࣸتَ کَاڢِرَيْࢽٜيٰ  مَاسࣸ بِࢽْسࣸ مࣸࢽَاڢِکَيْࢽٜيٰ
کࣸواْوࣸتَرْسࣸ دَبَࢽْ دَبَࢽْࢽٜيٰ     دࣸکْ ثِکِࢽْسࣸ بَڧِࢽْ ڧِرِࢽْࢽٜيٰ,کࣸواْوࣸتَرْسࣸ دَبَࢽْ دَبَࢽْࢽٜيٰ  دࣸکْ ثِکِࢽْسࣸ بَڧِࢽْ ڧِرِࢽْࢽٜيٰ
بَسࣸ سَࢽْ عَڢࣸوْرْ أࣸبَࢽْ غِجِيبَا,بَسࣸ سَࢽْ عَڢࣸوَرْأࣸبَࢽْ غِجِيبَا
غَامَثِذَيْ غَاکࣸࢽَامَا  سࣸࢽْ حَطَامَسࣸ مَيْظَلاَمَا,غَامَثِذَيْ ࢽَاکࣸࢽَامَا  سࣸࢽْ حَطَامَسࣸ مَيْظَلَامَا
غَاشِ حࣸسْکَاتَايِي مَسْڧِي   غَاتَلَوْثِ غَاسࣸ بَاڧِي,غَاشِ حࣸسْکَاتَايِي مَسْڧِي غَاتَلَوْثِ غَاسࣸ بَاڧِي
بَسࣸ سَࢽْ کࣸوْوَااَلَاخِرَابَا,بَسࣸ سَࢽْ کࣸوْوَااَلَاخِرَابَا
بَسࣸ سَࢽْدَ تࣸدࣸودَغَࢽْغَرٜيٰبَا,بَسࣸ سَࢽْدَتࣸدࣸودَغَࢽْغَرٜيٰبَا
سَيْ أَثِيسࣸ أَکَࢽْ عَذَابَا   غَامَڧَࢽْڧَمْثِࢽْ عࣸڧࣸوبَا,سَيْ أَثِيسࣸ أَکَࢽْ عَذَابَا  غَاعَڧَࢽْڧَࢽْثِࢽْ عࣸغࣸوبَا
کࣸواْکِراࢽٜيٰ بَاشِي أَمْسَا  وَاغَرٜيٰسࣸ ڢَهَرْسࣸڧࣸواْسَا,کࣸوْاْکِرَاࢽٜيٰ بَاشِ أَمْسَا  وَاغَرٜيٰسࣸ ڢَهَرْسࣸڧࣸواْسَا
ذَاسࣸسَارِيْغَرْوࣸتَاࢽٜيٰي  وَࢽْدࣸࢽَࢽْسࣸ وࣸتَاکَغَاࢽٜيٰ,ذَاسࣸسَارِيْغَرْوࣸتَاࢽٜيٰ  وَࢽْدࣸࢽَࢽْسࣸ وࣸتَاکَغَاࢽٜيٰ
کَرْࢽࣸکَࢽْ وࣸتَ سَيْ سࣸتَاشِ   دࣸکْ سࣸذَابࣸرࣸ سࣸيْتَ حَوْشِ,کَرْࢽࣸکَࢽْ وࣸتَ سَيْ سࣸتَاشِ  دࣸکْ سࣸذَابࣸرَسࣸيْتَ حَوْشِ
دࣸࢽْ سࣸڢَرْمَامَاسࣸ بَاشِ    ࢽٜيٰ دَمَيْ صَلَّادَڢَاشِ,دࣸࢽْ سࣸڢَرْمَامَاسࣸ بَاشِ  ࢽٜيٰ دَمَيْ صَلَّادَڢَاشِ
دَمِڧي زَکَّادَبَيْ ثِرٜيٰبا,دَمَڧِي زَکَادَبَيْ ثِرٜىٰبَا
سࣸوکِرَࢽْسࣸ سࣸࢽَادَذَاڢِي  لَيْڢࣸکَࢽْسࣸ سࣸࢽَادَڧَرْڢِي,سࣸوکِرَࢽْسࣸ سࣸࢽَادَذَاڢِي  مَيْڢࣸکَࢽْسࣸ سࣸࢽَادَڧَرْڢِي
أَيࣸکَّࢽْسࣸ دَمَاسࣸ ذَاڢِي    کَࢽْ سࣸعࣸودࣸ سࣸکٜيٰ رࣸڧࣸوڢٜي,أَيࣸکَّࢽْسࣸ دَمَاسࣸ ذَاڢِي کَࢽْ سَڢࣸودࣸسࣸکٜيٰ وࣸڧࣸوڢِي
وَحَلَابَتَ بَرْسࣸ غَࢽْغَرَابَا,وَحَلَابَتَ بَرْسࣸ غَࢽْغَرَابَا
ثࣸورࣸوَاحَرْکࣸࢽْ ڢَتَاکٜي  ثِࢽْ حَرَمْ دࣸکْ کࣸواْ کࣸلَاکٜيٰ,تࣸورࣸوَاحَرْکࣸوڢَتَاکٜيٰ ثِࢽْ دَرَمْ دࣸکْ کࣸوْاْکࣸلَاکٜيٰ
کَبࣸغَࢽْسࣸ دَشِي سَبࣸوادَذَمْبَا,کَبࣸغࣸࢽْسࣸ دَشِي سَبࣸواْدَذَمْبَا
بَسࣸ سَࢽْ شِࢽٜيٰ يَکٜيٰ کَرَابَا,بَسࣸ سَࢽْ شِࢽٜيٰ بَکٜيٰ دَغِبَبَا
حࣸولࣸࢽَارَوَࢽِي کَغَاࢽٜيٰ  أَࢽْࢽَطٜيٰسࣸ دَشِي سࣸغَاࢽٜيٰ,حࣸولࣸࢽَارَوَࢽِي کَغَاࢽٜيٰ  أَࢽْࢽَطٜيٰسࣸ دَشِي سࣸغَاࢽٜيٰ
دࣸࢽْ سࣸڢَرْمَامَاسࣸ بَاشِ    ࢽٜيٰ دَمَيْ صَلَّا دَڢَاشِ,دࣸࢽْ سࣸڢَرْمَامَاسࣸ بَاشِ  ࢽٜيٰ دَمَيْ صَلَّادَڢَاشِ
کاغَ دࣸࢽْ وَحَلَاسࣸࢽَرْکٜيٰ سَيْ سࣸکࣸواْمࣸواْدࣸࢽْ سࣸسَاکٜيٰ,کَاغَ دࣸࢽْوَمَلَاسࣸࢽرْکٜيٰ  سَيْ سࣸکࣸواْمࣸواْدࣸࢽْ سࣸسَاکٜيٰ
کَبࣸغَࢽْسࣸ دَشِي سَبࣸواْدَذَمْبَا,کَبࣸغࣸࢽْسࣸ دَشِي سَبࣸواْدَذَمْبَا
يَٜࢽْ جَهَࢽَّمَ کࣸواأَڢَارِ  أَيْ کِرِاسࣸتهࣸوا دَسَوْرِ,يَࢽْ جَهَࢽَّمَ کࣸواْأَڢَارِ  أَيْ کِرَاسَعࣸواْدَسَوْرِ
بَسࣸ سَࢽْ شٜيࢽٜيٰ يکٜيٰ کِرَابَا,بَسࣸ سَࢽْ شِيࢽٜيٰ بَکٜيٰ دَڧِييبَا
تࣸࢽْدَدَيْ شِيࢽٜيٰ کَذَاݒَا   تࣸواْکࣸشَاتِيْلَسْ سࣸکࣸرْݒَا,تࣸࢽْدَدَيْ شِيࢽٜيٰ کَذَابَا  تࣸواْکࣸشَاتِيْࢽَسْ سࣸکࣸرْبَا
بَاذَيْ مَسࣸ مَاغَࢽِࢽ ڧِشِيبَا,بَاذَيْ مَسࣸ مَاغَࢽِࢽْ ڧِشِيبَا
وَاڧَرْ إِࢽْڢِرَاجِ تَتَرَ,وَاڧَرْ إِࢽْڢِرَاجِ تَتَرَ
إِلَىٰ مَايࣸحِبّࣸ ءّامِيࢽ,إِلَىٰ مَايࣸحِحِبّࣸ ءَامِيࢽ
بِإِذْࢽِ مࣸوَلِّڢࣸ هَذَا,بِإِذْࢽِ مࣸوَلِّڢࣸ هَذَا
مَالَمْ عَلِيّࣸ ࢽَمَࢽْغِ,مَالَمْ عَلِيّࣸ ࢽَمَࢽْغِ
طِيَرْوَࢽِي دࣸࢽْ مَکِيدَا    سَيْ ࢽَصَارَ ذࣸوَايهࣸودَا,طِيَرْوَࢽِي دࣸࢽْ مَکِيدَا  سَيْ ࢽَصَارَذࣸوَايَهࣸودَا
سَيْوَࢽْدَ بَذَاشِ دَوَّمَابَا,سَيْوَࢽْدَبَذَاشِ دَوَّمَابَا
لَيْڢࣸکَاأَࢽْ بَبَّکٜيٰتَا    سَيْکِرَࢽْسࣸ ثِکِࢽْ کَتَرْتَا,لَيْڢࣸکَاأَࢽْ بَبَّکٜيٰتَا  سَيْکِرَࢽْسࣸ ثِکِࢽْ کَتَرْتَا
ࢽَيْ حࣸکࣸمْثِي ࢽَيْ أَدَالَهْ  جٜيٰکَ دࣸوبࣸواْمَاسࣸ صَلَّا,ࢽَيْ حࣸکࣸمْثِي ࢽَيْ أَدَالَه جٜيٰکَ دࣸوبࣸواْمَاسࣸ صَلَّا
سَيْ يَتَاشِ يَجٜيٰ يَسَوْکَا  غَاجَهَࢽَّمَ ࢽَاتَ هَرْکَا,سَيْ يَتَاشِ يَجٜيٰ بَسَوْکَا غَاجَهَࢽَّمَ ࢽَاتَ حَرْکَا
يَتَاهࣸواْمَذَسَيْ شِغَاتَيْ   سَيَيْکَࢽْ ڢَطِ غَيْسࣸوَاتَيْ,دࣸواْمَذَسَيْ شِغَاتَيْ  سَيْيَکَࢽْ ڢَطِ غَيْسࣸوَاتَيْ
شِي مَالِکِ ذَيْ يِميْ مَرَابَا,شِي مَالِکِ ذَيْ بِمَيْ مَرَابَا
سَيْ أَبࣸوطٜيٰ وࣸتَا يَدࣸوبَا   سَيْ يَهَࢽْغِ إِرِࢽْ عَذَابَا,وَأبࣸوطٜيٰ وࣸتَايَدࣸوبَا  سَيْ يَهَࢽْغِ إِرِࢽْ عَذَابَا
سَيْوࣸتَادࣸکَ تَيْتَ سَࢽْيِي  أَࢽْرِغَادࣸکَ غَاشِ أَࢽْيِي,سَيْوࣸتَادࣸکَ تَيْتَ سَࢽْبِي  أَࢽْرِغَادࣸکَ غَاشِ أَࢽْبِي
سَيْدَکࣸواْوَا يَاغَ بَاڧࣸواْ   دࣸکْ سکَࢽْ جࣸويَادَرࣸوڧࣸواْ,سَيْدَکࣸواْوَايَاغَ بَاڧࣸواْ  دࣸکْ سࣸکَࢽْ جࣸوبَادَرࣸوࣸڧࣸواْ
غَاوࣸتَاتَابَبَّکَامࣸ غَاشِ يِࢽْوَاࢽَاإِشٜيٰمࣸ,غَاوَࢽَاتَابَبَّکَامࣸ  غَاشِ يِࢽْوَاتَاإِإشٜىٰمࣸ
بَسࣸ شَادَاطِ وࣸرِࢽْ ڟَرِِيبَا,بَسࣸ شَادَاطِ وࣸرِࢽْ ڟِرِيبَا
سَيْدَکࣸواسࣸکَ ࢽٜيٰمِ إِذْࢽِي   يَࢽْذࣸبَاسࣸ ثِکِࢽْ سࣸکࣸوࢽِي,سَيْدَکࣸواْسࣸکَ ࢽٜيٰمِ إِذْࢽِي  يَࢽْذࣸبَاسࣸ ثِکِࢽْ سࣸکࣸوْࢽِي
ࢽِي أَبِࢽْ يَابَاࢽِ تَوْسَيْ   ࢽَاغَ کࣸواْوَاࢽَاتَ کيْࢽَيْ,ࢽِ أَبِࢽْ يَابَاࢽِ تَوْسَيْ  ࢽَاغَ کࣸوْاْوَاࢽَاتَ کَيْࢽَيْ
يَذَمٜيٰ بَسࣸ ذَاݒِي رَايࣸوَابَا,بَذَمٜيٰ بَسࣸ ذَابِي رَايࣸوَابَا
إِࢽْوࣸتَاتَاسَࢽْ کَطَࢽْيَا  کࣸواْکَمَرْأَدࣸوَادَڧِرْيَا,إِࢽْوࣸتَاتَاسَࢽْ کَطَࢽْيَا کࣸوْاْکَمَرْأَدࣸوَادَڧِرْيَا
کࣸمَ غَاحࣸسْکَرْسَ بَيْسَکٜيٰبَا,کࣸمَ غَاحࣸسْکَرْسَ بَيْسَکٜيٰبَا
سَࢽْداَلࢽَّبي يَاغَࢽٜيٰشِ   بَابࣸ کَࢽْ حࣸسْکَاغَرٜيٰشِ,سَࢽْدَاَلࢽَّبِي يَاغَࢽٜيٰشِ  بَابࣸ کَيْࢽْ حࣸسْکَاغَرٜيٰشِ
سَيْ رَسࣸولࣸ يَتَمْبَيٜيٰشِ   يَوْدَذَاتِ بَاشِ تَاشِ,سَيْ رَسࣸولࣸ يَتَمْبَيٰٜشِ  يَوْدَذَاتِ بَاشِ تَاشِ
وَسࣸ اَلْعࣸمَّرْکَ سࣸوࢽٜيٰ ثَࢽْ جَهَࢽَّمَ دࣸکْ تَڧࣸوࢽٜيٰ,وَسࣸ اَلڢࣸمَّرْکَ سࣸوࢽٜيٰ  ثَࢽْ جَهَࢽَّمَ دࣸکْ تَڧࣸوࢽٜيٰ
بَتَ بَرْمَسࣸ کَيْ دَکَاڢَطَابا,بَتَ بَرْمَسࣸ کَيْ دَڢِ کَاڢَطَابَا
تَاإِشٜيٰسࣸ سࣸࢽَاتَ کࣸوْوَا  سَيْ يَتَاشِ دَهَمْزَرَاوَا,ࢽَاإِشٜيٰسࣸ سࣸࢽَاتَ کࣸوْوَا سَيْ يَتَاشِ دَهَمْزَرَاوَا
بَکَ سَࢽْدَ طَيَࢽْسࣸ کࣸرکࣸکࣸوبَا,بَکَ سَࢽْدَطَيَࢽْسࣸ کࣸرْکࣸکࣸوبَا
تࣸࢽْدَدَيْ سࣸࢽْ ڧَرْيَتَاࢽٜيٰ   سࣸࢽْيِ شَکَّرْ غَسْکِيَاࢽٜيٰ,تࣸࢽْدَدَيْ سࣸࢽْ ڧَرْيَتَاࢽٜيٰ  سࣸࢽْيِ شَکَّرْغَسْکِيَاࢽٜيٰ
بَتَ سࣸومَ غَشِࢽْ غَݒَاݒࣸوَابَا,بَتَ سࣸومَ غَشِࢽْ غَبَابࣸوَابَا
مࣸووَيْ بَمࣸ طَوْرٜيٰ جَاکࣸࢽَابَا,مࣸووَيْ بَمࣸ طَوْرٜيٰ جَاکࣸࢽَابَا
کࣸࢽْ ڟَࢽَࢽْتَاسَيْمࣸ بِيکࣸ مࣸࢽْ ڟَيَامࣸࢽْ غِرْمَمَاکࣸ,کࣸࢽْ ڟَࢽَࢽْتَاسَيْمࣸ بِيکࣸ  مࣸࢽْ ڟَيَامࣸࢽْ غِرْمَمَاکࣸ
بَمࣸسَࢽْ حَکَ ذَاتَ سَامࣸوابَا,بَمࣸسَࢽْ حَکَ ذَاتَ سَامࣸوَابَا
کࣸوْاسَبࣸودَيَوَࢽْ کَسَالَهْ  کࣸࢽْيِ وَيْ أَزࣸمِي دَصَلَّهْ,کࣸوْاْسَببࣸودَيَوَࢽْ کَسَالَهْ  کࣸࢽْيِ وَيْ أَزࣸمِي دَصَلَّهْ
تَمْبَيَاحࣸجَّاغَرٜيٰتَا   رَبَّࢽَايَاثٜيٰ أَيِيتَا,تَمْبَيَاحࣸجَّاغَرٜيٰتَا  رَبَّࢽَايَاثٜيٰ أَبِيتَا
شِي يَسَاکَغَ غَالِبِي يَوسࣸࢽْڧِ سࣸيِ سَيْدَوَايࣸوْاْ,شِي بَسَاکَغَ غَالِبِي يَوسࣸࢽْيِ سࣸࢽْ سࣸيِ سَيْدَوَابࣸوْاْ
حَرْڢِࢽْسَ مَذَاشِ تَبَّتَابَا,حَرَڢِࢽْسَ َذَاشِ تَبَّتَابَا
حَسَّدَاکࣸوشٜيٰ دَڧٜيٰتَا  مࣸمِࢽِي بَرِسࣸࢽْ کࣸلَاتَا,حَسَّدَاکࣸوشٜيٰ دَڧٜيٰتَا  مࣸومِࢽِي بَرِسࣸࢽْ کࣸلَاتَا
بَي يِيتَ سَبࣸودَ کَࢽْغَرَابَا,بَيْ بِيتَ سَبࣸودَکَࢽْغَرَابَا
کࣸوْاْمࣸتَامٜيٰ أَࢽْکِرَايٜيٰ   شِي دَدَبَّࢽْ حَرْشِوَايٜيٰ,کࣸوْاْمࣸتࣸمْ ࢽٜيٰ أَࢽْکِرَايٜيٰ  شِي دَدَبَّࢽْ حَرْشِوَايٜيٰ
بِسْمِ اِللَّهِ اِلرَّحْمَٰࢽِ وَصَلَّى اَللَّهࣸ عَلَى الࢽَّبِيِّ اِلکَرِيمِ,بِمْمِ الَّهِ الرَّحْمَࢽِ الرَّحِيم   وَصَلَّى اللَّهࣸ عَلَى الࢽَّبِيّ الکَرِيمِ
وَعَلَىٰ ءَلِهِ وَصَحَبِهِ وَسَلَّمَ,وَعَلَىٰ الِهِ وَصَحْبِهِ وَسَلَّمَ
غࣸࢽْ حࣸکࣸࢽْثِي حَرْدَشَيْدࣸو   غَارَڧِيبࣸ ذࣸوَاعَتِيدࣸو,غࣸࢽْ حࣸکࣸࢽْثِي حَرْدَشَيْدࣸو  غَارَڧِيبࣸ ذࣸوَاعَتِيدࣸو
دَبَسࣸيْ سَاݒࣸࢽْ أࣸبَࢽْ غِجِيبَا,دَبَسࣸيْ سَابࣸࢽْ أࣸبَࢽْ غِجِيبَا
ڢِرْغِتَامَيْڟࣸوْرَتَرْوَ    ࢽَاذࣸوَابَرِ کَࢽْغَرٜٜيٰوَا,ڢِرْغِتَامَيْڟࣸوْرَتَرْوَ ࢽَاذࣸوَابَرِکَࢽْغَرٜيٰوَ
دࣸࢽْ حَلِࢽْسࣸ ࢽَجَاکࣸࢽَاࢽٜيٰ    کࣸوکَمَرْدَبَّرْدَوَاࢽٜيٰ,دࣸࢽْ حَلِࢽْسࣸ ࢽَجَاکࣸࢽَاࢽٜيٰ کࣸوْاْکَمَرْدَبَّرْدَوَاࢽٜيٰ
اَللَّهْ بَيْ وࣸوْاْشِ دࣸوࢽِيَابَا,اَللَّهْ بَيْ وࣸوْاْشِ دࣸوࢽِيَابَا
بَيْ يِࢽْتَ أّيَࢽْدَکَيْ ࢽࣸڢِيتَا,بَيْ بِࢽْتَ أَيَࢽْدَکَيْ ࢽࣸڢِيبَا
بَسࣸ سَࢽْ غِرْمَࢽْ أࣸبَࢽْ غِجِيبَا,مَسࣸ سَࢽْ غِرْمَࢽْ أࣸبَࢽْ غِجِيبَا
کَاغَ دَبّࣸوْاْبِࢽْ مࣸتَاࢽٜيٰ   تَاࢽَجِࢽْسࣸ ࢽَبَرْبَرَاࢽٜيٰ,کَاغَ دَبّࣸوْاْبِࢽْ مࣸتَاࢽٜيٰ  تَاغَجِࢽْسࣸ ࢽَبَرْبَرَاࢽٜيٰ
تࣸࢽْدَڧَرْيَا غَسْکِيَاࢽٜيٰ  رَࢽْسࣸ تَاشِغَ أَرْزِکِيࢽٜيٰ,تࣸࢽْدَڧَرْيَاغَسْکِيَاࢽٜيٰ  رَࢽْسࣸ تَاشِغَ أَرْزِکِيࢽٜيٰ
أَغَرٜيٰسࣸ بَذَاتَ سَامࣸوَابَا,أَغَرٰٜسࣸ بَذَاتَ سَامࣸوَابَا
رَࢽْسࣸ ࢽَاسࣸࢽْ دࣸوکِيَاࢽٜيٰ   غَالِبِي کࣸوْاْ ثَاثَاشِيࢽٜيٰ,رَࢽْسࣸ ࢽَاسࣸࢽْ دࣸوکِيَاࢽٜيٰ  غَالِبِي کࣸوْاْثَاثَاشِيࢽٜيٰ
دࣸکْ أَسَاݒَاکَࢽْ وَلِثِّي   تࣸوْاْدَشِي أَوْرٜيٰࢽْ کَݒَاثِي,دࣸکْ أَسَابَاکَࢽْ وَلِثِّي  تࣸوْاْدَشِي أَوْرٜيٰࢽْ کَبَاثِي
مَاسࣸ غَٜارَࢽْ سࣸࢽْ ڧَرَمَتَ   بَاعَ مَاڧَوْࢽَرْ ڢَطَرْتَ,مَاسࣸ غَارَࢽْ سࣸࢽْ ڧَرَمْتَ  بَاعَ مَاڧَوْࢽَرْڢَطَرْتَ
أَࢽْ تَڧَيْتَ دَرٜيٰ دَرَاࢽَا    غَامَرࣸواْڧَا غَامَأَوْْࢽَا,أَࢽْتَڧَيْتَ دَرٜيٰ دَرَاࢽَا  غَامَرࣸواْڧَاغَامَأَوْࢽَا
بَࢽْدَڧَرْشٜيٰ يَاکࣸسَࢽْتَا    کَاغَ مَࢽْيَاسࣸࢽْ مࣸغࣸࢽْتَا,بَࢽْدَڧَرْشٜيٰبَاکࣸسَࢽْتَا  کَاغَ مَࢽْيَاسࣸࢽْ مࣸغࣸࢽْتَا
کَاغَ شٜيٰغࣸوسࣸࢽْ يَوَيْتَا    حَرْدَشِي سࣸکَ سَࢽْ بَجِࢽْتَا,کَاغَ شٜيٰغࣸوسࣸࢽْ يَوَيْتَا  حَرْدَشِي سࣸکَ سَࢽْ بَجِࢽْتَا
وَࢽْدَبَىْ تࣸࢽَ لَاخِرَابَا    يَاحَطَمَّتَ بَىْ سَࢽِيْبَا,وَࢽْدَبَيْ تࣸࢽَ لَاخِرَابَا  يَاحَطَمَّتَ بَىْ سَࢽِيبَا
أيْتَ هِمَّاکَرْأتَابٜىٰ   إࢽْ حَلِࢽَّࢽْ شِيکَزَابٜىٰ,أَيْتَ هِمَّاکَرْأَتَابٜيٰ  إِࢽْ حَلِࢽَّࢽْ شِيکَزَابٜيٰ
بَسࣸ سَامِ وࣸرِࢽْدَ سࣸࢽْ ڟَيَابَا,بَسࣸ سَامِ وࣸرِࢽْدَسࣸࢽْ ڟَيَابَا
غَسْکِيَاإِتَثٜيٰ دَلَالَهْ    مَيْ إِسَرْدَمࣸتࣸمْ غَأَللَّهْ,غَسْکِيَا إِتَثٜيٰ دَلَالَهْ  مَىْ إِسَرْدَمࣸتࣸمْ غَأَللَّهْ
غࣸوْاْدِيَابࣸوطِࢽْ رَبࣸوْاْࢽٜيٰ    غࣸوْاْدٜيٰ اَللَّهْ إِࢽْکَغَاࢽٜيٰ,غࣸوْاْدِيَابࣸوطِࢽْ رَبࣸوْاْࢽٜيٰ  غࣸوْاْدٜيٰ اللَّهْ إِࢽْکَغَاࢽٜيٰ
حَࢽْڧࣸرِي کࣸوْاْأَرْزِکِيࢽٜيٰ   دࣸࢽْ مَڢِي دَرَجَرْ مࣸتَاࢽٜيٰ,حَࢽْغࣸرِي کࣸوْاْأَرْزِکِيࢽٜيٰ  دࣸࢽْ مَڢِي دَرَجَرْمࣸتَاࢽٜيٰ
کَࢽْتَ ذࣸوْاْکࣸوْامࣸࢽْجِ هࣸوْاْرࣸوْاْ    دَهَࢽِي مࣸࢽْ ذَاݒِي مࣸوْاْرࣸوْاْ,کَࢽْتَ ذࣸوْاْکࣸوْاْمࣸࢽْجِ هࣸوْاْرࣸوْاْ  دَهَࢽِي مࣸࢽْ ذَابِيي مࣸوْاْرࣸوْاْ
کࣸمَ ڟࣸوْاْرَتَ کَرْمࣸ ڢَاطَ طَࢽْبَا,کࣸمَ ڟࣸوْاْرَتَ کَرْمࣸ ڢَاطَ طَࢽْبَا
وَࢽْدَيَاڟَرٜيٰ وَࢽْغَ کَلْمَا    شِيکَ جِࢽْ دَاطِي ڧِيَامَا,وَࢽْدَيَاڟَرٜيٰ وَࢽْغَ کَلْمَا  شِيکَ جِࢽْ دَاطِي ڧِيَامَا
ثٜيٰ غَوَࢽْدَسࣸکٜيٰ ظَلَامَا  وَࢽْغَ رَاࢽَابَابࣸ دَامَا,ثٰٜ غَوَࢽْدَسࣸکٜيٰ ظَلَامَا  وَࢽْغَ رَاࢽَابَابࣸ دَامَا
ذَاعَبࣸوْسَ ڧَهࣸوْاْأتَاشِ    اَلڧِيَامَابَابࣸ ڢَاشِ,ذَاعَبࣸوسَ ڧَهࣸوْاْأَتَاشِ  اَلْڧِيَامَابَابࣸ ڢَاشِ
ذَاعَ تَادَوَطَࢽْسࣸ جَاکَىْ    وَࢽْسࣸ کَيْکَاثٜىٰ دَوَاکَىْ,ذَاعَ تَادَوَطَࢽْسࣸ جَاکَيْ  وَࢽْسࣸ کَيْکَاثٜيٰ دَوَاکَيْ
وَࢽْسࣸ کَوْاأَثِکِࢽْ ڧࣸࣸڧࣸمَّا    ذَاسࣸ تَاشِ سَبࣸواْدَحࣸواْمَا,وَࢽْسࣸ کࣸوْاأثِکِࢽْ ڧࣸڧࣸمَّا ذَاسࣸ تَاشِ سَبࣸوْاْدَحࣸواْمَا
حَرْوࣸرِࢽْ ڟَيࣸوَرڧِيَامَا   وَࢽْسࣸ کࣸوْاْدࣸوْاْمِࢽْ ظَلَامَا,حَرْوࣸرِࢽْ ڟَيࣸوَرْڧِيَامَا  وَࢽْسࣸ کࣸوْاْدࣸوَامِࢽْ ظَلَامَا
يَࢽْذࣸمَالَمْ يَارࣸوَيْتࣸواْ   مَاسࣸ مَاتَڢِيَاسࣸڧَواتࣸوْاْ,يَࢽْذࣸمَالَمْ يَارࣸوَيْتࣸواْ  مَاسࣸ مَاتَڢِيَاسࣸڧࣸواتࣸوْاْ
دࣸوْکِيَرْوࢽْکِ سࣸسَاتࣸوْا    کࣸوْاْمَڢِي صَلَّاالࣸوتࣸوْاْ,دࣸوْکِيَرْوَࢽْکِ سࣸسَاتࣸواْ  کࣸوْاْمَڧِي صَلَّاَلࣸوتࣸوْاْ
سࣸويَحَࢽْزِرْذَاأغَࢽْسࣸ   مَىْ ڧِرَࢽْ ڧَرْيَادَمࣸوسࣸ,سࣸويَحَࢽْزِرْذَاأَغَࢽْسࣸ  مَيْ ڧِرَࢽْ ڧَرْيَادَمࣸوسࣸ
بَسࣸ سَࢽْ ڟَيࣸوَاوࣸرِࢽْ تࣸدࣸوبَا,بَسࣸ سَࢽْ ڟَࣸوَوࣸرِࢽْ تࣸدࣸوبَا
ࢽَتَعَالَىٰ بَاࢽَطَࢽْ أَدَمْبَا,ࢽَتَعَالَىٰ بَاࢽَطَࢽْ أَدَمْبَا
سَىْ يَبَايَرْدࣸࢽْ يَڟِيرَا   غࣸࢽْ ذࣸوَاوَࢽَّࢽْ مَتَارَا,سَيْ يَبَايَرْدࣸࢽْ يَڟِيرَا  غࣸࢽْ ذࣸوَاوَࢽَّࢽْ مَتَارَا
سَيْتَ يࣸࢽْڧࣸرَذَاتَ ڢِسْغٜىٰ    تَىْ حࣸشِي تَمْکَرْتَڟَاغٜىٰ,سَيْتَ يࣸࢽْڧࣸرَذَاتَ ڢِسْغٜيٰ  تَيْ حࣸشِي تَمْکَرْتَڟَاغٜيٰ
سَىْ أَبَاتَ دࣸبࣸودَڢَارِ    دࣸࢽْءَإِيْمَتَ إࢽْدَڧَارِ,سَيْ أَبَاتَ دࣸبࣸودَڧَارِ  دࣸࢽْ ءَإِيْمَتَ إِࢽْدَڧَادِ
کَاڢِرَىْ دَغَࢽِࢽْ عَذَابَا    سَىْ سࣸثٜى دَامَادَدَبَّا,کَاڢِرَيْ دَغَࢽِࢽْ عَذَابَا  سَيْ سࣸثٜيٰ دَامَادَدَبَّا
مِى يَجَامَسࣸ غࣸࢽْ سَيَيَّا     سࣸودَيَࢽْکَاسَىْ أسࣸويَا,مِي يَجَامَسࣸ غࣸࢽْ سَيَيَّا  سࣸودَيَࢽْکَاسَيْ أَسࣸويَا
وَࢽْدَسࣸࢽْکَيِ ڧࣸواْڧَرِࢽْسࣸ   ࢽَاڢِلَا دَطَوَاءِڢِࢽْسࣸ,وَࢽْدَسࣸࢽْکَيِ ڧࣸواْڧَرِࢽْسࣸ  ࢽَاڢِلَادَطَوَابِڢِࢽْسࣸ
کࣸوْاْحِزِبْ طَيَࢽٜىٰ يَکࣸبْثٜىٰ    سَيْ يَتَاشِ يَࢽَامَکَࢽْثٜىٰ,کࣸوْاْحِرِبْ طَيَࢽٜيٰ يَکࣸيْثٜيٰ  سَيْ بَتَاشِ يَࢽَامَکَࢽْثٜيٰ
مَاسࣸ ثَاثَادَمَاسࣸ لࣸوطࣸ    ذَاعَ ڢَارَبࣸغࣸوسࣸڢَاطَا,مَاسࣸ ثَاثَادَمَاسࣸ لࣸوطࣸ  ذَاعَڢَارَبࣸغࣸوسࣸڢَاطَا
سَادَمَاسࣸ ࢽِڧَادَوَاڧَا      سࣸوأَکَࢽْ طَورٜىٰ دَسَرْڧَا,سَادَمَاسࣸ ࢽِڧَادَوَاڧَا  سࣸوأَکَࢽْ طَوْرٜيٰ دَسَرْڧَا
رَبَّࢽَايَاسَوْکَ رَاࢽَا    کَࢽْ مࣸتَاࢽٜىٰ تَيْتَ ڧࣸوࢽَا,رَبَّࢽَايَاسَوْکَ رَاࢽَا  کَࢽْ مࣸتَاࢽٜيٰ تَيْتَ ڧࣸوࢽَا
أىْ جِبِࢽْ وَسࣸ ࢽَاذࣸبࣸوْاوَا   دࣸدّࣸغٜىٰࢽْسࣸ وَطَࢽسࣸ غࣸيْوَا,أَيْ جِبِࢽْ وَسࣸ ࢽَاذࣸبࣸواْوَا  دࣸدّࣸغٜيٰࢽْسࣸ وَطَࢽْسࣸ غࣸيْوَا
ذࣸوْالْجَلَالِ سَبࣸوْادَإيکࣸوْا    سَىْ شِسَاإِࢽࣸوَاتَسَوْکࣸوْاْ,ذࣸوْالْجَلَلِ سَبࣸواْدَإيْکࣸواْ سَيْ شِسَاإِࢽࣸوَاتَسَوْکࣸوْاْ
تَىْ رَبࣸوعࣸکࣸ سَىْ شِأَيْکࣸواْ    مَاسࣸ کࣸوْاْرَاوَاسࣸࢽَاکࣸوْاْ,تَيْ رَبࣸوعࣸکࣸ سَيْ شِأَيْکࣸواْ  مَاسࣸ کࣸوْاْرَاوَاسࣸࢽَاکࣸوْاْ
سࣸوأکَࢽْسࣸ سࣸࢽٜىٰمِ سَوْڧِي    سَىْ أثٜىٰمَسࣸ عَاءَأَࢽْڧِي,سࣸوأَدَࢽْسࣸ سࣸࢽٜيٰمِ سَوْڧِي  سَيْ أَثٜيٰمَسࣸ عَادَأَࢽْڧِي
سࣸومࣸࢽَاڢِکَّىْ وࣸتَاࢽٜٜىٰ    ࢽَاسࣸ کࣸوْاْإࢽࣸوَرْسࣸڧࣸوْاْࢽٜىٰ,سࣸومࣸࢽَاڢِکَّيْ وࣸتَاࢽٜيٰ  ࢽَاسࣸ کࣸوْاْإِࢽࣸوَرْسࣸڧࣸواْࢽٜيٰ
حَرْاَکَىْ ڟࣸࢽْڟࣸوڢَرٜىٰشࣸ   مَىْ ڢَرَوْتَرْمَاسࣸ غِشّࣸ,حَرْأَکَيْ ڟࣸࢽْڟࣸوڢَرٜيٰشࣸ  مَيْ ڢَرَوْتَرْمَاسࣸ غِشّࣸ
يَثٜىٰ مَىْ ࢽِي بَذَࢽْ إيَابَا,يَثٜيٰ مَيْࢽِي بَذَࢽْ إِيَابَا
يَڢَطَامَ رَسࣸولࣸ طَࢽْ سࣸوَيْبَا,يَڢَطَامَ رَسࣸورࣸطَࢽْ سࣸوَيْبَا
يَࢽࣸڢࣸواْاَلعَرْشِ بَىْ ڟَيَابَا,يَࢽࣸڢࣸواْاَلْعَرْشِ بَيْ ڟَيَابَا
غࣸࢽْ مَأيْکَاتَرْسَشِࢽْتَا     سَىْ مࣸحَمَّدࣸکٜىٰ غَبَاتَا,غَࢽْ مَأَيْکَاتَرْسَشِࢽْتَا   سَيْ مࣸحَمَّدࣸکٜيٰ غَبَاتَا
غَوࣸرِࢽْدَوَࢽِࢽْسَ بَىْ إيَابَا,غَوࣸرِࢽْدَوَࢽِࢽْسَ بَيْإِإيَابَا
سَىْ يَثٜىٰ مَسَ طَوْکَکَࢽْکَ     تَمْبَيٜىٰمࣸ أبِࢽْ بِطَرْکَ,سَيْ يَثٜيٰ مَسَ طَوْکَ کَࢽْکَ  تَمْبَيٜىٰمࣸ أَبِࢽْ بِطَرْکَ
سَىْ أثٜىٰ ذَأَىْ حِسَابِى   سࣸىْ تَوَاطࣸوْاْوَرْکِتَابِى,سَيْ أَثٜيٰ ذَاأَيْ حِسَابِي  سࣸيْ تَوَاڟࣸوْاْوَرْکِتَابِي
وَࢽْسࣸ کَࢽْ کَرْبَاأَدَامَا    أَرْزࣸکَࢽْسࣸ سࣸࢽَادَغِرمَا,وَࢽْسࣸ کَࢽْ کَرْبَاأَدَامَا  أَرْزࣸکَࢽْسࣸ سࣸࢽَادَغِرْمَا
سࣸيِى کࣸوکَاحَرْمࣸغࣸࢽْيَا    تَاغࣸدَاࢽَامࣸسࣸودَءَايَا,سࣸيِي کࣸوکَاحَرْمࣸڧࣸࢽْيَا  تَاغࣸدَاࢽَامࣸسࣸودَدَايَا
ࢽَࢽْ أکٜىٰ تࣸوْاْࢽࣸࢽْ أَسِيرِي    لَيْڢࣸکَࢽْ رࣸڢٜىٰ دࣸکْ أَسَرَري,ࢽَࢽْ أَکٜيٰ تࣸوْاْࢽࣸࢽْ أَسِيرِي  لَيْڢࣸکَࢽْ رࣸجٜيٰ دࣸکْ أَسَرَرِي
أَىْ دَيَجِ کِرَࢽْسࣸ بَيْ طيَابَا,أَيْ دَيَجِ کِرَࢽْسࣸ بَيْ ڟَيَابَا
سَىْ ذࣸوَࢽْسࣸ أَسَڢْکَ إِسْکَا    وَࢽْدَکٜى سَابࣸࢽْتَ حَرکَا,سَيْ ذࣸوَࢽْسࣸ أَسَڢْکَ إِسْکَا  وَࢽْدَکٜيٰ سَابࣸࢽْتَ حَرْکَا
کَرْکَيَرْدَدَطَࢽْ أࣸوَامَيْ   جَࢽْکَ کَيْ سَاݒٜࣸواْ غࣸجٜيٰ مَسْ,کَرْکَيَرْدَدَطَࢽْ أࣸوَامَيْ  جَࢽْکَ کَيْ سَابࣸواْغࣸجٜيٰ مَيْ
سَىْ أَثٜىٰ کَکَرَࢽْتَ أْيْکِ    دَادَکَىْ أڢَغٜىٰ دَطَاکِ,سَيْ أَثٜيٰ کَکَرَࢽْتَ أَيْکِ  دَادَکَيْ أَڢَڧٜيٰ دَطَاکِ
دࣸکْ أَبِࢽْدَکَبَاتَ أَيْکِ   ذَاشِ بَيَّࢽَ ڧِيدَسࣸوࢽْکَ,دࣸکْ أَبِࢽْدَکَبَاتَ أَيْکِ  ذَاشِ بَيَّࢽَ ڧِيدَسࣸوࢽْکَ
بَکَ رِسْکِ أَبِࢽْدَکَيْ ࢽࣸڢِيبَا,بَکَ رِسْکِ أَبِࢽْدَکَيْ ࢽࣸڢِيبَا
بَيْ سَࢽْ مَيْکَامَ حَࢽْࢽࣸوَابَا,بَيْ سَࢽْ مَيْکَامَ حَࢽْࢽࣸوَابَا
کࣸࢽْ غَادَا مَࢽَ غࣸوࢽَکِࢽْکࣸ   سࣸوڢَࢽٜيٰ حَجِّ غَرٜيٰکࣸ,کࣸࢽْ غَادَاحَࢽَ غࣸوࢽَکِࢽْکࣸ  سࣸوڢَࢽٜيٰ حَجِّ غَرٜيٰکࣸ
بَتَ بَرْکࣸ کࣸࢽٜيٰمِي لَاخِرَابَا,بَتَ بَرْکࣸ کࣸࢽٜيٰمِ لَاخِرَابَا
ذَاکࣸثٜيٰ وَيْ غࣸوࢽَکِࢽٜيٰ  کࣸواْرِڧࣸࢽْ دࣸوبِࢽْ غِدَاࢽٜيٰ,ذَاکࣸثٜيٰ دَيَ غࣸوࢽَکِࢽٜيٰ کࣸواْرِڧࣸࢽْ دࣸوبِࢽْ غِدَاࢽٜيٰ
مࣸوࢽࣸڢِࢽْمࣸ دَکࣸوسَࢽِيࢽٜيٰ    طَايَثٜيٰ وَࢽِي مَالَمِيࢽٜيٰ,مࣸوࢽࣸڢِࢽْمࣸ دَکࣸوسَࢽِيࢽٜيٰ  طَايَثٜيٰ وَࢽِي مَالَمِيࢽٜيٰ
سَيْ أَثٜيٰ غَرْدَࢽْدَمِࢽْکࣸ    بَاسࣸ أَمْڢَاࢽِي غَرٜيٰکࣸ,سَيْ أَثٜيٰ غَرْدَࢽْدَمِࢽْکࣸ  بَاسࣸ أَمْڢَاࢽِي غَرٜيٰکࣸ
کࣸࢽْ بَثٜيٰ دࣸوْمِࢽْ حَلِࢽْکࣸ    کࣸرْکࣸکࣸࢽْ وࣸتَاذَاأَکَيْکࣸ,کࣸࢽْ يَثٜيٰ دࣸوْمِࢽْ حَلِࢽْکࣸ کࣸرْکࣸکࣸࢽْ وࣸتَ ذَاأَکَيْکࣸ
مَالَمِࢽْمࣸ يَکَࢽْيِ تَاطَ   سَيْ أَذࣸواْأَعَجٜيٰ صِرَاطِ,مَالَمِࢽْمࣸ يَکَࢽْيِ تَاطِ  سَيْ أَذࣸواْأَعَجٜيٰ صِرَاطِ
بَسࣸ کَاسَ تࣸدࣸࢽْ حَوَا بَکَيْ بَا,بَسࣸ کَاسَ تࣸدࣸࢽْ حࣸوَابَکَيْ بَا
تࣸواْذࣸࢽْسَ دَبَࢽْ دَبَࢽْࢽٜيٰ   مࣸࢽْجِيَاکࣸواْوْيَغَاࢽٜيٰ,تࣸواْذࣸࢽْسَ دَبَࢽْ دَبَࢽْࢽٜيٰ  مࣸࢽْجِيَاکࣸواْوَيَڧَاࢽٜيٰ
ذَاأحَوْشِ ثِکِࢽْ دَرٜيٰࢽٜيٰ    ڧَرْڧَشِي ࢽَسَ کࣸواْوࣸتَاࢽٜيٰ,ذَاأَحَوشِ ثِکِࢽْ دَرٜيٰࢽٜيٰ  ڧَرْڧَشِي ࢽَسَ کࣸواْوࣸتَاࢽٜيٰ
بَيْکَيْ غَاشِࢽْ غِرَرْإِدࣸوبَا,بَيْکَيْ غَاشِࢽْ غِرَرْإِدࣸوبَا
مَاسࣸ کࣸواْرَاوَرْدَذَاڢِي    ذَامࣸ کࣸوارَمَاسࣸ لَيْڢِي,مَاسࣸ کࣸواْرَاوَرْدَذَاڢِي  ذَامَ کࣸواْرَمَاسࣸ لَيْڢِي
سَيْ ࢽَذَکَّي سَيْ ࢽَحَجِّ دࣸوبَا,سَيْ ࢽَذَکَّى سَيْ ࢽَحَجِّ دࣸوبَا
سَيْڢَ تࣸواْذࣸࢽْ بِࢽْ إِيَايٜيٰ    طَࢽْ مࣸسࣸلْمِي دࣸکْ شِوَايٜيٰ,سَيْڢَ تࣸواْذࣸࢽْ بِࢽْ إِيَايٜيٰ  طَࢽْ مࣸسࣸلْمِي دࣸکْ شِوَايٜيٰ
کࣸواْوَاذَيْ حَوْشِ بَابَعَابَا,کࣸوْاْوَاذَيْ حَوْشِ بَابَڢَابَا
وَࢽْسࣸ کَࢽْ شࣸوطٜيٰ يَشَاهࣸواْ   وَࢽْدَبَيْ جِࢽڧَيْ غَڟࣸواحࣸواْ,وَࢽْسࣸ کَࢽْ شࣸوطٜيٰ يَشَاحࣸواْ  وَࢽْدَبَيْ جِࢽْڧَي غَڟࣸواْحࣸواْ
سَࢽْدَمَالِکِ يَيِّي ڟَاوَا   ࢽَࢽْ وَطَࢽْسࣸ سࣸکٜيٰ ذࣸبٜيٰوَ,سَࢽْدَمَالِکِ يَيِّي ڟَاوَا ࢽَࢽْ وَطَࢽْسࣸ سࣸکٜيٰ ذࣸبٜيٰرَا
وَࢽْسࣸ کࣸواْ ࢽَاڧٜيٰتَرٜيٰوّا   سَيْکَثٜيٰ شَاهࣸوا دَشِرْوَا,وَࢽْسࣸ کࣸواْࢽَاڧٜيٰتَرٜيٰوَا  سَيْکَثٜيٰ شَاحࣸواْدَشِرْوَا
وَࢽْسࣸ کࣸواْبَسࣸ سَامِ ڧٜيٰتَرَابَا,وَࢽْسࣸ کࣸواْبَسࣸ سَامِ ڧٜيٰتَرَابَا
دَرَجَرْ مَࢽْيَابَسَاوࣸثٜيٰ بَا,دَرَجَرْرْمَࢽْيَابَسَاوࣸثٜيٰبَا
وَࢽْسࣸ کࣸواْ بِسَ جَࢽْ ثِکِيࢽٜيٰ   ذَاسࣸ ڧٜيٰترَ کَاڢِرَيْࢽٜيٰ,وَࢽْسࣸ کࣸواْبِسَ جَࢽْ ثِکِࢽٜيٰ  ذَاسࣸ ڧٜيٰتَرَکَاڢِرَيْࢽٜيٰ
وَاڧَرْ إِࢽڢِرَاجِ تَبِيَرْ,وَاڧَرْ إِإࢽْڢِرَاجِ تَبِيَرْ
الࢽَّاشِرࣸأَحْمَدࣸ اَلتِّجَاࢽِي حَڢِظَهࣸ اللَّهࣸ  وَڢَّ ڧَࢽَااللَّهࣸ,هَࢽْدَڧَرَأَمْمَدَ مَࢽِْجِࢽِي مَڢِطَسَلَّدَوبَمْࢽَاله
إِلَىٰ مَايࣸحِبّࣸ ءَامِيࢽْ,سَىْ مَايࣸحِبَّ سَامِي
بِإِذْࢽِ مࣸوَلِڢࣸ هَذَا,بِدِࢽْࢽِ مَوَلْڢࣸ هَدَ
مَالَمْ عَلِيّࣸ ࢽَمَࢽْغِ,مَالَمْ مَلِيْ ࢽَمِࢽْغِ
إِمْبَاࢽِعمَرْ أࣸبَࢽْ غِجِيبَا,إِمْبَاࢽِڢْمَرْ أࣸبَࢽْ غِجِيبَا
دࣸکْ بَسࣸيْ سَاݒࣸࢽْ أࣸبَࢽْ غِجِيبَا,دࣸکَ بَسࣸيْ سَابࣸࢽْ أࣸبَࢽْ غِجِيبَا
أَغَرٜىٰتَ بَذَاشِ سَامࣸوَابَا,أَغَرٜىيٰتَ بَذَاشِ سَامࣸوَابَا
غِرمَࢽْسࣸ بَذَاشِ تَبَّتَابَا,غِرْمَࢽْسࣸ بَذَاشِ تَبَّتَابَا
وَاڧَرْ إِࢽْڢِرَاجِ تَبِيَرْ,وَاڧَرْإِإࢽْڢِرَاجِ تَبِيَرْ
وَاڧَرْ بِࢽْ إِيَايٜيٰ,وَاڧَرْبِࢽْ إِيَابٜيٰ
الࢽَّاشِرࣸ أَحْمَدࣸ اَلتِجَاࢽِي  حَڢِظَهࣸ اللَّهࣸ وَڢَّڧَࢽَااللَّهࣸ,اَلࢽَّاشِرࣸأَحْمَدࣸالتِّجَاࢽِي حَڢِظَمࣸلّهࣸ وَڢَّڧَࢽَااللَّهࣸ
ٜإِلَىٰ مَايࣸحِبࣸ ءَامِيࢽْ,إِلىٰ مَايࣸحِبّࣸ ءَامِيࢽَ
بِإِذْࢽِ مࣸوَلِّڢࣸ هَذَا,بِإِذࣸࢽِ مࣸوَبّࣸڢࣸ هَذَا
مَالَمْ عَلِيّࣸ ࢽَمَࢽْغِ,مَالَمْ عَلِيّࣸ ࢽَمَࢽْغِ
بِسْمِ اِللَّهِ اِلرَّحْمَٰࢽِ اِلرَّحِيمِ    وَصَلى اَللَّهِ عَلَى الࢽَّبِيِّ الْکَرِيمِ,بِسْمِ للَّهِ الرَّحْمَࢽْ اِلرَّحِيمِ  وَصَلَّى اَللَّهࣸ عَلَى اَلࢽَّبِيِّ الکَرِيمِ
إِمْبَامَڧِيَا أࣸبَࢽْ غِجِيبَا,إِمْبَامَڧِيَاأࣸبَࢽْ غِجِبَا
اَلࢽَّاشِرࣸ أَحْمَدࣸ اَلتِّجَاࢽِي  حَڢِظَهࣸ اَللَّهࣸ وَڢَّڧَࢽَااَللَّهࣸ,اَلࢽَّاشِرࣸأَحْمَدࣸالتِّجَاࢽِي حَڢِظَهࣸ اللَّهࣸ وَڢَّڧْࢽَااَللَّهࣸ
إِلَىٰ مَايࣸحِبّࣸ ءَامِيࢽْ بِإِذْࢽِ,إِلىٰ مَايࣸحِبّࣸ ءَامِيࢽ بِإِذْࢽِ
اَلْحَاجِ مَالَمْ عَلِيّࣸ,اَلْحَاجِ مَالَمْ عَلِيّࣸ
ࢽَمَࢽْغِ زَارِيَ ؞,ࢽَمَࢽْغِ زَارِيَ
بَسࣸ سَࢽْ رَحَمَرْ أࣸبَࢽْ غِجِِيبَا,بَسࣸ سَࢽْ رَحَمَرْأࣸبَࢽْ غِجِيبَا
بَسࣸ سَامِ وࣸرِࢽْدَسࣸࢽْ ڟَيَابَا,بَسࣸ سَامِ وࣸرِࢽْدَمࣸࢽْ ڟَيَابَا
وَࢽْدَيَيْمَا کَࢽْسَ عِلَّه   بَي ڟَرٜيٰتَبَدࣸࢽْ جِهَالَه,وَࢽْدَيَيْمَاکَࢽْسَ عِلَّه  بَيْ ڟَرٜيٰتَبَدࣸࢽْ جِهَالَهْ
بَاأَبِࢽْدَکَبَاࢽِي ڟࣸوْاْرࣸوْاْ    سَيْ کِرَࢽْمࣸ أَوَࢽْغَ تَارࣸوْاْ,بَاأَبِࢽْدَکَبَاࢽِي ڟࣸوْاْرࣸواْ  سَيْ کِرَࢽْمࣸ أَوَࢽْغَ تَارࣸوْاْ
أَغَرَيْ مࣸکَ ڢَارࣸبَابَعَابَا,أَغَرَيْ مࣸکَ ڢَارࣸبَابَعَابَا
ذࣸوْاْلْجَلَالِ کَبَامࣸ سَاعَا   رَبِّ دࣸࢽْ غِرْمَࢽْ شَرِيعَا,ذࣸوالْجَلَالِ کَبَامࣸ سَاعَا  رَبّࣸ دࣸࢽْ غِرْمَࢽْ شَرِيعَا
دَبَسࣸي سَاݒࣸࢽْ أࣸبَࢽْ غِجِيبَا,دَبَسࣸي سَابࣸࢽْ أࣸبَࢽْ غِجِيبَا
سࣸکَ تَاشِي بَدَدࣸدّࣸغٜيٰبَا,سࣸکَ تَاشِي بَادَدࣸدّࣸغٜيٰبَا
وَࢽسࣸ بَيْ بَايٜيٰ مَکَاڢِي   ذَاسࣸ تَاشِ سَبࣸوْاْدَذَاڢِي,وَࢽْسࣸ بَيْ بَايٜيٰ مَکَاڢِي  ذَاسࣸ تَاشِ سَبࣸوْاْدَذَاڢِي
مࣸࢽَجِ غَالِبِ ࢳَࢽْ أࣸوَࢽْسࣸ   دࣸࢽْ سَبࣸوْاْدَبَڧِࢽْ حَلِࢽْسࣸ,مࣸࢽْجِ غَالِبِ ࢳَࢽْ أࣸوَࢽْسࣸ  دࣸࢽْ سَبࣸوْاْدَبَڧِࢽْ حَلِࢽْسࣸ
وَࢽْدَبَيْ دࣸکَ کَيْتَ ڧََارَا    تࣸࢽْ أَࢽَࢽْ وَسࣸ ذَاعَ کࣸوْاْرَا,وَࢽْدَبَيْ دࣸکَ کَيْتَ ڧَارَا  تࣸࢽْ أَࢽَࢽْ وَسࣸ ذَاعَ کࣸوْاْرَا
غَاتَ طَوْرٜيٰ تَࢽَاتَهَࢽْغٜيٰ     کَࢽْ أَڧَارٜيٰ أَرٜيٰغٜيٰ,غَاتَ طَوْرٜيٰ تَࢽَاتَهَࢽْغٜيٰ  کَࢽْ أَڧَارٜيٰ شِرِي أَرٜيٰغٜيٰ
بَأَبَاتَ رَبࣸوْاْمَڢِي يَوَابَا,بَأَبَاتَ رَبࣸوْاْمَڢِي يَوَابَا
تَيْ ثِدَࢽْتَ تَمࣸوْاْڟَ رࣸورِ   کࣸوْاْإِࢽَابِسَ ࢽَاتَرࣸورِِ,تَيْ ثِدَࢽْتَ تَهࣸوْاْڟَرࣸودِ  کࣸوْاْإِࢽَابِسَ ࢽَاتَرࣸورِ
ࢽٜيٰ ڢَطِࢽْ کࣸوࢽࣸوتࣸرَابَا    يَاغَمٜيٰسࣸ يَذَمْ عࣸڧࣸوبَا,ࢽٜيٰ ڢَطِࢽْ کࣸوࢽࣸوتࣸرَابَا  يَاغَمٜيٰسࣸ يَذَمْ عࣸڧࣸوبَا
بَيْ رِوْکِ ثِکِي دَࢳَࢽْ أَدَمْبَا,بَيْ رِسْکِ ثِکِي دَࢳَࢽْ أَدَمْبَا
وَࢽْسࣸ ثِيبِ يَکٜيٰ ڟَيَاوَا   وَࢽْسࣸ کࣸوْاْࢽَادࣸلْمِيࣸوْاْوَا,وَࢽْسࣸ ثِيبِ يَکٜيٰ ڟَيَاوَا  وَࢽْسࣸ کࣸوْاْࢽَادࣸلْمِيࣸوْاْوَا
بَسࣸ سَࢽْ مَࢽࣸڢَا غَهَلَّکَابَا,بَسࣸ سَࢽْ مَࢽࣸڢَاغَهَلَّکَابَا
تَرْڟَڟِࢽْ ࢽَࢽْ ࢽَادَغِرْمَا    يَاوِدَال ذࣸوَاکتَرْمَا,تَرْڟَڟِࢽْ ࢽَࢽْ ࢽَادَغِرْمَا  يَاڢِ دَالَ ذࣸوَاکَتَرْمَا
دࣸکْ يَکَيْسࣸ يَࢽَاتَ شِيشࣸ    دَسࣸووࣸتَ مَاسࣸ غِشّࣸ,دࣸکْ يَکَيْسࣸ يَࢽَاتَ شِيشِ  دَسࣸووࣸتَ مَاسࣸ غِشِ
وَاڧَرْ إِࢽْڢِرَاجِ تَشِدَّ,وَاڧَرْإِࢽْڢِرَاجِ تَشِدَّ
اَلࢽَّاشِرࣸأَحْمَدࣸ اَلتࣸجَاࢽِي حَڢِظَهࣸ اَللَّهࣸ وَڢَّڧَࢽَااَللَّهࣸ,اَلࢽَّاشِرࣸأَحْمَدࣸالتِّجَاࢽِي حَڢِظَهࣸ اَللَّهࣸ وَڢَّڧْࢽَااَللَّهࣸ
إِلَىٰ مَايࣸحِبّࣸ ءامِيࢽ بِإِذْࢽِ,إِلَىٰ مَايࣸحِبّࣸ ءَامِيࢽ بإِذْࢽ
اَلْحَاجِ مَالَمْ علِيّࣸ,اَلْحَاجِ مَالَمْ عَلِيّࣸ
رࣸوڧِ جَلَّامَمَلَّکِࢽْمࣸ    يَيْ حِسَابِي ࢽَࢽْ غَرٜىٰمࣸ,رࣸويِ جَلَّامَمَلَّکِࢽْمࣸ  يَيْ حِسَابِي ࢽَࢽْ غَرٰٜمࣸ
يَثٜىٰ مَىْ ࢽِي بَذَࢽْ إِيَابَا,يَثٜيٰ مَيْ ࢽِي بَذَࢽْ إِيَابَا
سَىْ کࣸجٜىٰ غࣸࢽْ ࢽࣸوحࣸ کࣸوشِي   ذَىْ إِيَّامࣸوࣸثٜىٰ غَرٜىٰشِ,سَيْ کࣸجٜيٰ غࣸࢽْ ࢽࣸوجࣸ کࣸوشِي  ذَيْ إِيَامࣸوࣸثٜيٰ غَرٜىٰشِ
يَثٜىٰ مَىْ أَىْ بَذَࢽْ إِيَابَا,يَثٜيٰ مَيْ أَيْ بَذَࢽْ إِيَابَا
سَىْ يَثٜىٰ کࣸوࣸثٜى غَمࣸوسىٰ      شِي أکَࢽْس اࢽسايَجٜىٰ غَعِيْسَىٰ,سَيْ يَثٜيٰ کࣸوࣸثٜيٰ غَمࣸوسَىٰ  شِي أَکَࢽْسَ يَجٜيٰ غَعِيسَٰ
غَاسࣸ مِيکَاءِيلࣸ مَوْلَا    ࢽَايَثٜىٰ يَوْبَاعَ صَلَّا,غَاسࣸ مِيکَابِيلࣸ مَوْلَا ࢽَايَثٜيٰ يَوْبَاعَ صَلَّا
أىْ بَکَىِ بَرْثِي أَدࣸوࢽِيَابَا,أَيْ بَکَيِ بَرْثِي أَدࣸوࢽِيَابَا
وࢽْغَ رَاࢽَاتَتَّلِيْࢽَىْ     دࣸࢽْ الايَکَىْ اَلْأࣸمَّتِيْࢽَىْ,وَࢽْغَ رَاࢽَاتَتَلِيْࢽَىْ  دࣸࢽْ اَايَکَيْ اَلْأࣸمَّتِيࢽَيْ
اَلله دَيَسَࢽْتَ بَيْ ڢَطِيبَا,اَللهْ دَيَسَࢽْتَ بَيْ ڢَطِيبَا
بَتَ أَمْڢَاࢽٜىٰسࣸ رَࢽْذࣸبِيبَا,بَتَ أَمْڢَاࢽٜيٰسࣸ رَࢽْذࣸبِيبَا
کَارࣸوىْ دَڧَرَمْتَ أَيْکِ    لَاخِرَِࢽْکَ سَبࣸودَمࣸلْکِ,کَارࣸوَيْ دَڧَرَمْتَ أَيْکِ  لَاخِرَࢽْکَ سَبࣸودَمࣸلْکِ
حَࢽْࢽࣸوَࢽْسࣸ دَسࣸودَبَاکِ   دࣸوکِيَرْجَمَعادَطَاکِ,حَࢽْࢽࣸوَࢽْسࣸ دَسࣸودَبَاکِ  دࣸوْکِيَرْجَمَعَادَطَاکِ
مَالَمَࢽْ ࢽَࢽْ مَاسࣸدࣸوبِ    مَاسࣸ ڧَرْيَرْتࣸوْرَغَيْبِ,مَالَمَࢽْ ࢽَࢽْ مَاسࣸ دࣸوبِ  مَاسࣸ ڧَرْيَرْتࣸوْاْرَغَيْبِ
بِسَمِ اِللَّهِ الرَّحَمٰࢽِ اِلرَّحِيمِ   وَصَلَّى اَللَّهࣸ عَلَى الࢽَّبِيِّ اِلْکَرِيمِ,بِسْمِ اللَّهِ الرَّحْمَٰ الرَّحِيمِ وَصَلَّى اَللَّهࣸ عَلَى الࢽَّبِيِّ الْکَرِيمِ
وَعَلَىٰ ءَالِهِ وَصَحْبِهِ وَسَلَّمَ,وَعَلىٰ ءَالِهِ وَصَحْبِه وَسَلَّ
کࣸوْاْغَࢽِي بَلّٜيٰ کَذَوْࢽَا   وَࢽْدَکَاسَࢽْ ڢَاسِڧِيࢽَا,کࣸوْاْغَࢽِي بَلٜيٰ کَذَوْࢽَا   وَࢽْدَکَاسَࢽْ ڢَاسِڧِيࢽَا
بَاشِ إِيْکࣸࢽْ بَاکَ کࣸوْاْمَيْ   ذَيْ رَبَاکَدَ وَࢽْدَ أَمَّيْ,بَاشِ إِيْکࣸࢽْ بَاکَ کࣸوْاْمَيْ  ذَيْ رَبَاکَدَوَࢽْدَأَمَّيْ
إِࢽْ تَݒَاثِي دࣸکَࢽْ جِکِࢽْکَا   سَيْ شِݒَاثِي دَأَرْزِِکِࢽْکَا,إِࢽْ تَبَاثِي دࣸکَࢽْ جِکِࢽْکَا  سَيْ شِبَاثِي دَأَرْزِکِࢽْکَا
ذࣸوثِيَاإِتَ غوْاْطِيَاثٜيٰ   وَࢽْدَدࣸکْ يَسَکٜيٰ تَغࣸوْثٜيٰ,ذࣸوثِيَالِتَ غࣸوْاْطِيَاثٜيٰ  وَࢽْدَدࣸکْ يَسَکٜيٰ تَڧࣸوْثٜيٰ
سَيْ تَکَيْشِ ثِکِࢽْوࣸتَاثٜيٰ    کَرْکَ سَوْرَغَمَاتَکࣸࢽْثٜيٰ,سَيْ تَکَيْشِ ثِکِࢽْ وࣸتَاثٜيٰ  کَرْکَ سَوْرَغَمَاتَکࣸࢽْثٜيٰ
غَٜارࣸوَࢽْتَ بَرِࢽْ أَيّࣸکَا  مَاسࣸ جَࢽْيٜيٰ ڧَڢَاسࣸکَيْکَا,غَارࣸوَࢽْتَ بَرِࢽْ أَبّࣸکَا مَاسࣸ جَࢽْيٜيٰ ڧَڢَاسࣸکَيْکَا
مَيْ شِغَرْکࣸوْاْحَرْيَهَࢽْغِ   غٜيٰڢٜيٰ غٜيٰڢٜيٰ دَشِيدَدَࢽْغِ,مَيْ شِغَرْکࣸوْاْحَرْيَهَࢽْغِي  غٜيٰڢٜيٰ غٜيٰجٜيٰ دَشِيدَدَࢽْغِي
کࣸوْاْإِࢽَايَرِڧَاأَڢِسغٜيٰ    سَيْ صَلَاتِي مَاسࣸ حَࢽْغٜيٰ,کࣸوْاْإࢽَايَرَڧَاأَڢِسْغٜيٰ  سَيْ صَلَاࢽِي مَاسࣸ حَࢽْغٜيٰ
أَيّࣸکَࢽْ ذَرْغِي غَبَاوَا   غَرْدَمَادَيَوَࢽْ ڧَسَاوَا,أَيّࣸکَّࢽْ ذَرْغِي غَبَاوَا غَرْدَمَادَيَوَࢽْ ڧَسَاوَا
شِڢَ غِرْمَࢽْ کَيْ حَلِيࢽٜيٰ  وَࢽْدَکٜيٰ ثࣸوْتَرْمࣸتَاࢽٜيٰ,شِيڢَ غِرْمَࢽْ کَيْ حَلِيࢽٜيٰ  وَࢽْدَکٜيٰ ثࣸوْتَرْمࣸتَاࢽٜيٰ
شِي تَڢَرْکِࢽْ کَࢽْغَرَاࢽٜيٰ    وَࢽَدَکࣸوْاْکٜيٰ بِي شِڧࣸوࢽٜيٰ,شِي تَڢَرْکِࢽْ کَࢽْغَرَاࢽٜيٰ  وَࢽْدَکࣸوْاْکٜيٰ بِي شِڧࣸوࢽٜيٰ
بَيْ سَࢽْ مَڢِتَاأَلاَحِرَابَا,بَيْ سَࢽْ مَڢِتَاأَلَاحِرَابَا
وَࢽْدَبَيْ يِبَ کࣸوْاْيَبَرْتَا    بَاشِ أَيْکِ مَيْ کَتَرْتَا,وَࢽْدَبَيْ بِبَ کࣸوْاْيَبَرْتَا بَاشِ أَيْکِ مَيْ کَتَرْتَا
مَيْ رࣸبࣸوتࣸࢽْ تَوَّدَرْيَوْ بَيْ جِٜڧٜيٰبَا سَبࣸودَوَايࣸوْاْ,مَيْ رࣸبࣸوتࣸࢽْ تَوَّدَرْيَوْ بَى جِڧٜيٰبَ سَبࣸودَوَايࣸوْاْ
بَاشِيِࢽْ ثِࢽِکِي دَرِيبَا    إِࢽْ کَلࣸورَ کَدࣸوبِ دَبَّا,بَاشِيِࢽْ ثِࢽْکِي دَرِيْبَا  إِࢽْ کَلࣸورَکَدࣸوبِ دَبَّا
سَسَࢽِي بَاڢَاطَ کَࢽْغَرَابَا,مَسَࢽِي بَاڢَاطَ کَࢽْغَرَابَا
سࣸوْاْمَ تَتْتَرَ هَࢽْکَلِࢽْکَ   کَيْ شِرِࢽْ غَٜارَࢽْ غِدَࢽْکَ,سࣸوْاْمَ تَتْتَرَهَࢽْکَلِࢽْکَ  کَيْ شِرِࢽْ غَارَࢽْ غِدَࢽْکَ
کَرْحَرِࢽْ يَاڧِ يَثِيکَ    ࢳَࢽْ أࣸوَاسࣸڢَشٜيٰ سࣸبَرْکَ,کَرْحَرِࢽْ يَايِ بَثِيکَ  ࢳَࢽْ أࣸوَاسࣸڢَشٜيٰ سࣸبَرْکَ
جِࢽْکِرِࢽْ تࣸوبَاݒَتَاࢽٜيٰ   ڧࣸوْاْڧَرِࢽْ تࣸوبَاشِرِيࢽٜيٰ,جِࢽْکِرِࢽْ تࣸوبَابَتَاࢽٜيٰ  ڧࣸوْاْڧَرِࢽْ تࣸوبَاشِرِيࢽٜيٰ
دَبَذَاسࣸ حࣸکࣸࢽْتࣸ دࣸࢽْ کِرَابَا,دَبَذَاسࣸ حࣸکࣸࢽْتࣸ دࣸࢽْ کِرَابَا
سࣸوڢَ دࣸࢽْ حَکَ رَࢽْ ڧِيَامَا  ذَاسࣸ تَاشِ سࣸࢽَاࢽَدَامَا,سࣸوڢَ دࣸࢽْ حَکَ رَࢽْ ڧِيَامَا  ذَاسࣸ تَاشِ سࣸࢽَاࢽَدَامَا
يَوْمِسَالِࢽْ وَࢽْغَ تَارࣸوْاْ    دࣸࢽْ غَࢽِࢽْ وَدَ ذَاعَ کࣸوْاْرࣸوْاْ,يَوْمِسَالِࢽْ وَࢽْغَ تَارࣸوْاْ  دࣸࢽْ غَࢽِࢽْ وَدَذَاعَ کࣸوْاْرࣸوْاْ
جِي يَکَࢽْيِي أََࢽَࢽْ يکࣸوْاْيَا    سࣸوسࣸکٜيٰ تَاشِي أَبَايَا,جِي يَکَࢽْيِي أَࢽَࢽْ يَکࣸوْاْيَا  سࣸوسࣸکٜيٰ تَاشِي أَبَايَا
بَسࣸ سَࢽْ غِرْمَࢽْ أࣸبَࢽْ غِجِيبَا,بَسࣸ سَࢽْ غِرْمَࢽْ أࣸبَࢽْ غِجِيبَا
ايَࢽْذࣸدࣸࢽَيَاڧَارَ شٜيٰࢽٜيٰ  سَيْکَ لࣸورَ أَيَوْمࣸتَاࢽٜيٰ,يَࢽْذࣸدࣸࢽْيَاڧَارَشٜيٰࢽٜيٰ  سَيْکَ لࣸورَ أَيَوْمࣸتَاࢽٜيٰ
غࣸࢽْ سَرَاکَيْ کࣸوْاْظَلَامَا   غࣸࢽْ مَأَوْرَاکࣸوْاْحࣸسࣸومَا,غࣸࢽْ سَرَاکَيْ کࣸوْاْظَلَامَا   غࣸࢽْ مَأَوْرَاکࣸوْاْحࣸسࣸومَا
غَايَوَࢽْ سࣸوکَرْذࣸمࣸࢽَثِي   سَيْ جِدَالِي کَࢽْ حࣸکࣸࢽْثِي,غَايَوَࢽْ سࣸوکَرْذࣸمࣸࢽْثِي  سَيْ جِدَالِي کَࢽْ حࣸکࣸࢽْثِي
کَاغَ غَٜارَايَاوࣸيَاتَ    يَࢽْذࣸݒَرْࢽَاتَايَوَيْتَ,کَاغَ غَارَايَاوࣸيَاتَ  يَࢽْذࣸبَرْࢽَاتَايَوَيْتَ
اَلࢽَّاشِرࣸأَحْمَدࣸ اَلتِّجَاࢽِي حَڢِظَهࣸ اللَّهࣸ وَڢَّڧْࢽَااَللَّهࣸ,اَلࢽَّاشِرࣸأَحْمَدࣸ التِّجَامِي حَڢِظَهࣸ اللَّهࣸ وَڢَّڧْࢽَّااَللّه
إِلَىٰ مَايَحِبّࣸءَامِيࢽْ .. بِإِذْࢽِ الْمࣸوَلِّڢࣸ,إِلىٰ مَايَحِبّࣸ دَامِيِرْ بِإِذْيِ اِلْهࣸوَلِّڢࣸ
هَٰذَاالْکَتَابࣸ اَلْحَاجِ مَالَمْ عَلِيّࣸ,هَْذَاالْکِتَابࣸ الْحَاجِ مَالَمْ عَلِيّࣸ
ࢽَمَࢽْغِ زَارِيَ ؞,غَمَࢽْغِ وَاِرٰمَ
ظَهِرِي أَذَتࣸࢽْتَ يَاڧِ کࣸواْوࣸتَا کࣸواْغَبِيڧِ,ڟَامِي ࢽْدَهࣸلَتَ بَاڧِ  کࣸووَࢽَاکࣸواْکࣸواࢽَبِيڧِ
سَࢽَدِى غَوَطَࢽْسࣸ دࣸواْکِي وَسࣸ کࣸواْسَࢽَدِࢽْسࣸ ذَاکِى,سَࢽْدِي غَوَطَࢽْسࣸ دࣸواْکِي  وَسࣸ کࣸواْسَࢽَدِࢽْسࣸ ذَاکِي
دَࢽْ يَوَࢽْ ڢَضَلَرْرِسَالَهْ کَرْکَبَرْمࣸ ثِکِࢽْ جَهَالَهْ,دَيْ يَوَࢽْ ڢَضَلَرْرِسَالَهْ  کَرْکَبَرْمࣸ ثِکِࢽْ جَصَالَهْ
سَيْ بࣸرࣸواْدِ دَکࣸيْتْ دَامَاسَا سَيْ ذࣸمَا أَثِکِࢽْ غࣸرَاسَا,سَيْ بࣸرࣸواْدِدَکَيْتَ دَمَاسَا   سَيْ ذࣸمَاأَثِکِࢽْ غَرَاسَ
کࣸࢽْڧِ بَادَحَڧِࢽْ عِيَالِ وَࢽْدَ يَابَاکࣸ مَالِ,کࣸࢽْيِ بَادَحَڧِࢽْ عِيَالِ  وَࢽْدَمَايَابَاکࣸ مَاڧِل
دࣸوبِ ࢳَࢽْ يَارَا سَمَارِي وَࢽْدَسࣸو يَلَمَاتَ دَوْرِي,دࣸوبࣸ ࢳَࢽَ بَارَاسَمَارِي وَࢽْدَسࣸويَکَمَاتَ دَوْرِي
بَأَثِيشِ بَڧِي أَغَرْدَمَابَا,بَأَثِيشِ بَضِي أَغَرْدَمَابَا
ࣸوثِيَا دَجِکِي دَأَيْکِي هَرْکَسَاأَصِکِࢽْ مَڢَرْکِ,غࣸوثِيَادَجِکِ دَأَيَکِ  هَرْکَسَاأَثِکِࢽَ مَڢَرْکِ
مࣸغَ اَلࢽَّبِ بَادَڢِرْغِ,مࣸغَ اَلࢽّبِ بَادَڢِرْغِتَابَا
دَامࣸتَاࢽٜيٰ تَيْمَ ذࣸوبٜيٰ يَوْوࣸ ڧَرْسَرْکِي دَبَابٜيٰ,دَامࣸتَاࢽٜيٰ تَيْمَ ذࣸوْبٜيٰ  يَوَوࣸڧَرْسَرْکِي دَبَابٜىٰ
سَيْ کَرَࢽْ بِکِ شِي کَڧَارَا سَيْڢَ جَࢽْ بَلْبَلْ دَڟَارَا,سَيْ کَرَࢽْ بِکِ شِي کَڧَارَا  سَيْڢَ جَࢽْ بَلْبَاْ دَڟَارَا
سَيْڢَ رِيمّايٜيٰ دَݒَکّࣸواْ تࣸوبَ مَيْ سࣸࢽْ ࢽࣸوࢽَ ڢِيکࣸواْ,سَيْڢَ رِيمَايٜيٰ دَبَکࣸواْ  تࣸوبَ مَيْ سࣸࢽْ ࢽࣸوࢽَ ڢِيکࣸوَاْ
إِت بَاتَارَرْتَ لَاڢِيَابَا,إِتَ بَاتَ رَرَتَ لَاڢِيَابَا
تَتَّلِࢽْتَ کِيَايٜيٰ حَدِّي ذࣸوثِيَاتَيِ إِجْتَهَاد,تَتَلِࢽْتَ کِيَايٜيٰ حَدّࣸو  ذࣸوثِيَاتَيِ إِجْتِهَادِ
بَاسَيْ أَࢽْسَࢽْثٜيٰ لَاڢِيَا,بَاسَيْ أَࢽْسَࢽْثٜيٰ لَاجِيَابَا
رَبَّࢽَاکَڟِرٜيٰمࣸ کࣸࢽْيَا کࣸواݒِتَاکࣸواْرَاڟٜيٰ هَࢽْيَا,رَبَّࢽَاکَڟَرٜيٰمࣸ کࣸࢽْيَا  کࣸواْبَتَاکࣸواْرَاڟٜيٰ سَࢽْبَا
سَيْ شِثٜيٰ مَࢽِ کَيْ کَرَاتࣸو کࣸوࢽْدَبَاکَ غَࢽِࢽْ رࣸبࣸوتࣸو,سَيْ شِثٜيٰ مَࢽِ کَيْ کَرَاتࣸو  کࣸواْدَبَاکَ غَࢽْࢽْ رࣸبࣸوتࣸو
ٜإِࢽْکَࢽَايِ کَاوَادَاتࣸجو دِيبِ تَخْمِيسِي تَڢَاتࣸو,إِࢽْ کَࢽَيِِ کَاوَدَاتࣸو  دِيبِ تَحْمِيسَي تَڢَاتࣸو
سَي بَࢽْجِ رَابࣸواکَمَرْسَࢽِيبَا,سَيْ بَࢽْجِ رَبࣸواْکَمَرْسَࢽِيبَا
شِي سَࢽِي مَاغَرْکࣸوَاࢽٜيٰ کࣸواْغَمَيْ ڟࣸواْرࣸوغَرِٜيࢽٜيٰ,شِي سَࢽِيِ مَاغَرْکࣸوَاࢽٜيٰ  کࣸواْغَمَيْ ڟࣸواْرࣸوغَرِييٜيٰ
أَرْزِکِيࢽٜيٰ مَيْ إِسَرْوَا إِࢽْ کَسَامࣸ کࣸوَاغَبَࢽْ وَا,أَوْرْکِيࢽٜيٰ مَيْ إِسَرْوَا طِࢽْ کَسَامࣸ کࣸواْغَبَرْوَا
کَيْ بَکَارَسَ يِࢽْ مࣸوَاڢَڧَابَا,کَيْ بَکَارَسَ جِࢽْ مࣸوَاڢَڧَابَا
مَاغَࢽِࢽْ سَامࣸࢽْسࣸ هِمَّا سَيْکَ دَوَّمَ إِࢽْکَسࣸوامَا,مَاغَࢽِࢽِ سَامࣸࢽْسَ هِمَّا  سَيْکَ دَوَّمَ إِࢽْکَسࣸواْمَا
غٜيارَا بَاذَيْ کَمَرْ کِسِيبَا,غَيَرَابَاذَيْ کَمَࢽْ کِشِيبَا
دࣸک مَسࣸورَحْمَاشِتَارࣸواْ هَࢽْکَلِي بَبَّادَيَارࣸواْ,دࣸکْ مَسࣸورَحْمَاشِتَارࣸواْ  هَࢽْکَلِي بَبَّادَيَارࣸواْ
ࢳࢽْ عࣸوَاکࣸمࣸبَرْسَکٜيٰ وَا کࣸࢽْغَ غِرْمَࢽْ اَلࢽَّبَاوَا,ࢳَࢽْ عࣸوَاکࣸدْبَرْسَکٜيٰ وَا  کࣸࢽْغَ غِرْمَࢽْ اَلࢽَّبَاوَا
يَيْمَ کَيْ مࣸوغَࢽْ جَسَارَا يَابِ مࣸمّࣸوࢽَرْدَبَارَا,يَيْمَ کَيْ مࣸوغَࢽْ خَسَارَا  يَابِ مࣸمّࣸوࢽَࢽْدَبَارَا
وَسࣸ کࣸوْدَڧࣸرْثِيَرْسࣸ وَسࣸ کࣸوْأَکِرَاأَوَرْسَ,وَسࣸ کࣸوْدَڧࣸرْثِيَرْسࣸ  وَسࣸ کࣸوْاْکِرَاأَوَرْسَ
ࣸواْذَمَࢽْ وࣸࢽْدِي کَحَرْطٜيٰ شٜکَرࣸࢽْکَ دَسࣸࢽْکَ شࣸوطٜيٰ,کࣸواْذَمَࢽْ وࣸࢽْدِي کَحَرْطٜيٰ شٜيٰکَرࣸࢽْکَ دَسࣸࢽْکَ شࣸوطٜيٰ
تَتَّلِࢽْکَ أَدࣸࢽْ زࣸبࣸوࢽِي کࣸوْدَرَاکَهَوَدَّهࣸوࢽِي,تَتَّلِࢽْکَ أَدࣸࢽْ زࣸبࣸوࢽِࢽْ  کࣸوْدَرَاکَسَوَدَّهࣸوࢽِي
تࣸࢽْدَسَوْرَࢽْ حَࢽْکَلِࢽْکَ يَاڧ بِرْࢽِࢽْ ذࣸوثِيرْکَ,تࣸࢽْدَسَوْرَࢽْ حَࢽْکَلِࢽْکَ  يَاڧِ بِرْࢽِࢽْ ذࣸوثِيَرْکَ
کَاسَࢽْ رَيْ بَاشِ وَࢽْذࣸواْ ڟَيْدَصَلَّا کَيْتَ ڧࣸواْذࣸواْ,کَاسَࢽْ رَيْ بَاشِ وَࢽْذࣸواْ  ڟَيْدَصصلَّکَيْتَ ڧࣸواْذࣸواْ
يْ حَجِ کَزِيَرْثِ مَࢽْذࣸواْ رَࢽْدّ دࣸک مࣸتࣸوَرْکَ تَاذࣸواْ,کَيْ حَجِ کَرْيَرْثِ مَࢽْذَواْ  رَࢽْدَدࣸکْ مࣸتࣸوَرْکَ تَاذࣸواْ
بَکَجٜيٰ أَثِکِࢽْ رَشِࢽْ شِرِيْبَا,بَکَجٜيٰ أَثِکِࢽْ رَاِࢽِࢽْ شِرِيْبَا
دَامَࢽِيِ ڢَارَکࣸࢽْکَ مَوشٜيٰ ࢽٜيٰ ڧَارَشِࢽْکَ,دَامَلِي ڢَارَکࣸلْکَ  مَوشٜثٜيٰ ࢽٜيٰ ڧَارَشِࢽْکَ
َتࣸڢَࢽْدَ بَذَيْڢِ شَابَکࣸويْ بَا,دَتࣸڢَْدَبَذَيْڢِ شَابَکࣸوْبَا
إِࢽْ بَاڢَرَضِي دَࢽَاڢِلَابَا,إِࢽْ بَاڢَرَضِي دَࢽَاڢِلَابَا
وَࢽْدَبَيْ بِطِ مَالَمَيْبَا بَاشِ أَيْکِ مَيْ صَوَابَا,وَࢽْدَبَيْ بِطِ مَالَمَيْبَا  بَاشِ أَيْکِ مَيْ صَوَابَا
کَاغَ بَيْوَاکَࢽْسَ أڧٜيٰتَا هِمَّرْسَ ثِکَࢽْ کَسَاتَا,کَاغَ يَيْوَاکَࢽْسَ ڧٜيٰتَا  هِمَّرْ سَ شِکَࢽْ کَسَاتَا
عࣸکّࣸ ثِي دَتࣸڢَادَمَاتَا تࣸࢽْدَلِيشَاإِࢽْ يَکࣸوࢽْتَا,عࣸکࣸ ثِي دَتࣸڢَادَمَاتَا  تࣸࢽْدَلِيشَاإِࢽْ يَکࣸوࢽْتَا
بَيْدَامࣸ دَوَࢽْکٜيٰ جَࢽَّبَابَا,بَيْدَامࣸ دَوَࢽْکٜيٰ مَلَّبَابَا
وَࢽْغَ ذَࢽْثٜيٰ يَاذَهࣸوبࣸو طِࢽْ بَتࣸࢽْ مَالَمْ حَبِيبࣸ,وَࢽْغَ ذَࢽْثٜيٰ يَاذَمࣸوبࣸو طِࢽْ بَتࣸࢽْ دَالَمْ مَبِيبࣸ
إِبْلِسْ بَيْ ڢِيسࣸ کَࢽْغَرَابَا,إِࢽْلِسْ بَيْ ڢِيسࣸ کَࢽْغَرَابَا
جَاهِلَيْ کࣸوْࢽَيْوَذَࢽْثٜيٰ دࣸوࢽِ حَدِيثِࢽْ ࢽَارࣸيࣸوثٜيٰ,جَاهِلَيْ کࣸوْࢽَيْوَذَࢽْࢽٜيٰ  دࣸوࢽْ حَدِيثِࢽْ ࢽَاوࣸبࣸوثٜيٰ
تَاتحࣸوتَاطَوْکِ سَرْکِي مَيْ حَوَادَدࣸبࣸࢽْ دَوَاکِي,تَاتَحࣸوتَاطَوْکِهَوْکِي  مَيْ حَوَادَدࣸبࣸࢽْ دَوَاکِي
سَيْ شِڢِرْغِتَ دࣸوࢽْ أَمࣸࢽْتَا دࣸوࢽْ سَبࣸودَسَࢽِࢽْ حَلِࢽْتَا,سَيْ شَڢِرْڧِتَ دࣸوْأَمࣸࢽْتَا  دࣸوࢽْ سَبࣸودَسَمَࢽْ هَلِࢽْتَا
َيْ دَالْمࣸرࣸودࣸبَيْ مَثٜي بَا,أَيْ دَالَمَرࣸودࣸبَيْ مَلٜيٰ بَا
شِࢽْ کَرَاࢽَتَ وَايَکٜىٰ يىٰ کِبِيَاتَتَ وَاتَذَابٜيٰ,شَيْ کِرَاتَوَايَکٜيٰ يٜيٰ  کِيَاࢽَتَ وَاتَذَايٜيٰ
بَتَ ڧَيَالٜى سَرِى دَکࣸزْکࣸدࣸوبَا,بَتَڧَيَالٜيٰ سَرِي دَکࣸرْکࣸسࣸوبَا
ڧِࢽْ بِطَاکࣸواْتَارٜىٰ تَارٜىٰ إِࢽتَذࣸواْطَىَ بَاشِ کَارٜىٰ,ڧِࢽْ بِطَاکࣸواْتَارٜىٰ تَارٜي  إِࢽْتَذࣸواْطَيَ بَاشِ کَارِي
مَذࣸوَࢽْتَ ثِکِࢽْ دَرَارٜىٰ کࣸوْادَارَاࢽَ ثِکِࢽْ سَرَارِىٰ,طَاذࣸوَࢽْتَ ثِکِࢽْ دَرَارٜيٰ  کࣸواْدَرَاࢽَ ثِکِࢽْ سَرَارٜيٰ
اَلࢽَّاشِرࣸأَحْمَدࣸ اَلتِّجَاࢽِي حَڢِظَهࣸ اللَّهࣸ,اَلࢽَّاشِرࣸ أَحْمَدࣸ التِّجَاࢽِي حَڢِظَهࣸ اللَّهࣸ
بِإِذْࢽِ مࣸوَلِّڢࣸ هَٰذَاالْکَتَابࣸ,بِإِذْࢽِ مࣸوَلّࣸڢࣸ هَذَاالْکِتَابࣸ
اَلْحَاجِ مَالَمْ عَلِيّࣸ,اَلْحَاجِ مَالَمْ عَلِيّࣸ
کࣸوْأَجَاغࣸواْرَرْ مَکَاهࣸواْ  سࣸوسࣸکَࢽْ شࣸوطٜيٰ يَشَاهࣸواْ,کࣸوْاأَجَاغࣸواْرَرْمَکَاحࣸواْ  سࣸوسࣸکَࢽْ شࣸوطٜيٰ يَشَاحࣸواْ
وَاࢽٜيٰ حَرْخِکَ کَيْمَ وَاࢽٜيٰ  ڧِي دَسࣸواْ بَاشِࢽْ مࣸتَاࢽٜيٰ,وَاࢽٜيٰ حَرْشِکَ کَيْمَ وَاࢽٜيٰ  ڧِي دَسࣸواْبَاشِࢽْ مࣸتَاࢽٜيٰ
إِࢽْ حࣸکࣸࢽْثِࢽْࢽَࢽْ يَڧَارٜيٰ   کࣸواْذࣸمࣸࢽْثِي کࣸواْ ࢽَأورٜيٰ,إِࢽْ حࣸکࣸࢽْثِࢽࢽَࢽْ يَڧَارٜيٰ کࣸواْذࣸمࣸࢽْثِي کࣸواْࢽَأَوْرٜيٰ
بَسࣸ سَامِ رَبࣸواْ اَلَاخِرَابَا,بَسࣸ سَامِ رَبࣸواْاَلَاخِرَابَا
مَاسࣸ کࣸواْ هَمَمِي دَاوَارِ   غَايَوَࢽْ تࣸڧࣸڧِي دَڧَورِ,مَاسࣸ کࣸوْاْهَمَمِي دَوَارِ  غَايَوَࢽْ تࣸڧࣸڧِي دَڧَوْرِ
مَشِغِࢽْتَ بَذَاشِ دَوَّمَابَا,مَشِغِࢽْتَ بَذَاشِ دَوَّمَابَا
يࣸواْمَ کَيْ ڧَرْيَرْوَلِتَّا  ࢽَاثِکِࢽْ کࣸواْکࣸواْشَرِڢَتَا,يࣸواْمَ کَيْ ڧَرْيَرْوَلِتَّا ࢽَاثِکِي کࣸواْکࣸواْشَرِڢْتَا
بَسࣸ سَࢽْ حَڧِّࢽْ أࣸبَࢽْ غِجِيبَا,بَسࣸ سَࢽْ حَڧِࢽْ أࣸبَࢽْ غِجِيبَا
کَواْيَکَيْمَ کَلاَکِ توࣸاْشِي   بَاشِجِࢽْ کࣸࢽْيَرْ کَغَࢽْشِي,کَوْاْيَکَيْمَ کِلَاکِ تࣸواشِي  بَاشِجِࢽْ کࣸࢽْيَرْکَغَࢽْشِي
وَࢽْسࣸ حَرْڧَبَرِي سࣸتࣸواْࢽَا  دࣸࢽْ يَوَࢽْ ذَاڢِࢽْ خِيَاࢽَا,وَࢽْسࣸ حَرْڧَبَرِي سࣸتࣸواْࢽَا  دࣸࢽْ يَوَࢽْ ذَاڢِࢽْ خِيَاࢽَا
ذࣸوثِيَاتَسࣸ بَاحَࢽَاࢽَا   ڧِيدَسࣸواْرَࢽَّࢽْ سࣸڧࣸوࢽَا,ذࣸوثِيَاتَسࣸ بَاحَࢽَاࢽَا ڧِيدَسࣸواْرَࢽَࢽْ سࣸڧࣸوࢽَا
أَکَاطࣸواْسࣸ سࣸغَࢽْغَرَامَ طَمْبَا,أَکَاطࣸواْسࣸ سࣸغَࢽْغَرَامَ طَمْبَا
غَاعَلَامَاکࣸواأَحࣸسْکَا   وَدَّأَࢽْسَࢽْ بَابࣸ شَکَّا,غَاعَلَامَاکࣸواأَحࣸسْکَا وَدَّأَࢽْسَࢽْ بَابࣸ شَکَّا
بَذَيْ بَرࣸدࣸࢽْ غࣸدࣸࢽْ سَکِيبَا,بَذَيْ بَرࣸدࣸࢽْ غࣸدࣸࢽْ سَکِيبَا
وَࢽْسࣸ کࣸواْلࣸغࣸدٜيٰ دَشٜيٰوَا   ذَاتَ کَيَسࣸ سࣸإِسْکٜيٰ يِࢽْوَا,وَࢽْسࣸ کࣸواْلࣸغࣸدٜيٰ دَشٜيٰوَا  ذَاتَ کَيْسࣸ سࣸإِسْکٜيٰ يِࢽْوَا
بَسࣸ سَامِ رَبࣸواْ اَلَاخِرَابَا,بَسࣸ سَامِ رَبࣸواْاَلَاخِرَابَا
غَاوࣸيَادَبࣸغࣸودَڟَاوَا   ثَࢽْ سࣸإِسْکٜيٰ ڧِشِي دَيِࢽْوَا,غَاوࣸبيَادَبࣸغࣸودَڟَاوَا  ثَࢽْ سࣸإِسْکٜيٰ ڧِشِي دَيِࢽْوَا
بَسࣸ سَࢽْ عَڢࣸوَرْ أࣸبَࢽْ غِجِيبَا,بَسࣸ سَࢽْ أعَڢࣸوَرْأࣸبَࢽْ غِجِيبَا
حَرْدَمَاسࣸ يَوَࢽْ حࣸسࣸومَا   کَاڢِرَيْ دࣸکَ ذَاعَ کَامَا,حَرْدَمَاسࣸ يَوَࢽْ حࣸسࣸومَا  کَاڢِرَيْ دࣸکࣸ ذَاعَ کَامَا
غࣸࢽْ رَبࣸواْ سَڧَرْاتَسَامࣸ  هَرْلَذَابَيْتِ اِلْهࣸمࣸومࣸ,غࣸࢽْ رَبࣸواْسَڧَرَاتَسَامࣸ  مَرْلَذَابَيْتِ الْهࣸمࣸومࣸ
أّکَ کَيْسࣸ أّکࣸواْغࣸࢽَاأّطَمْبَا,أَکَ کَيْسࣸ أَکࣸواْغࣸࢽَاأَطَمْبَا
بَاعَمَاکࣸوَࢽْسࣸ سَوْڧِي   غَاوࣸتَاعَجٜيٰ غَاحَيَاڧِي,بَاعَمَاکࣸوَࢽْسࣸ سَوْڧِي  غَاوࣸࢽَاعَجٜيٰ غَاحَيَاڧِي
بَسࣸ سَࢽْ کوْࣸوَااَلَاخِرَابَا,بَسࣸ سَࢽْ کࣸوْوَااَلَاخِرَابَا
سࣸࢽْکِرَايَاخَازࣸࢽࣸوࢽَ  سَيْکَ بَامࣸ رࣸوَاکَطَيْࢽَ,سࣸࢽْکِرَايَاڧَازَࢽࣸوࢽَ  سَيْکَ بَامࣸ رࣸوَاکَطَيْࢽَ
تَيْمَکٜيمࣸ وࣸتّادَڧࣸوࢽَ  غَابࣸغࣸودَبَڧَرْمَهَاࢽَ,تَيْمَکٜىٰمࣸ وࣸتَادَڧࣸوࢽَ  غَابࣸغࣸودَبَڧَرْمَهَارَ
ٰبّمࣸ سَامِ وࣸرِࢽْدَمࣸࢽْ ڟَيَابَا,بَمࣸ سَامِ وࣸرِࢽْدَمࣸࢽْ ڟَبَابَا
سࣸواْشِسَࢽْتࣸ غَهَلَّکَاࢽَيْ   کَيْ کَطَيْ کَاسَمَّ کࣸوْمَيْ,سࣸواْشِسَࢽْتࣸ غَهَلَّکَاࢽَيْ  کَيْ کَطَيْ کَاِسَمَّ کࣸوْمَيْ
دَغࣸدَࢽْشِ بَذَاشِ دَوَّمَابَا,دَغࣸدَࢽْشِ بَذَاشِ دَوَّمَابَا
ذَاسࣸسَارِيْغَرْوࣸتَاࢽٜيٰ  وَࢽْدَࢽَࢽْسࣸ وࣸتَاکَغَاࢽٜيٰ,ذَاسࣸسَارِيْغَرْوࣸتَاࢽٜيٰ  وَࢽْدࣸࢽَࢽْسࣸ وࣸتَاکَغَاࢽٜيٰ
حࣸولࣸࢽَارَوَࢽِي کَغَاࢽٜيٰ   أَࢽْࢽَطٜيٰسࣸ دَشِي سࣸغَاࢽٜيٰ,مࣸولࣸࢽَارَوَࢽِي کَغَاࢽٜيٰ  أَࢽْࢽَطٜيٰسࣸ دَشِي سࣸغَاࢽٜيٰ
کَرْࢽࣸکࢽْ وࣸتَا سَيْ سࣸتَاشِ  دࣸکْ سࣸذَابࣸرَسࣸيْتَ حَوشِ,کَرْࢽࣸکَࢽْ وࣸتَ سَيْ سࣸتَاشِ  دࣸکْ سࣸذَابࣸرَسࣸيْتَ حَوْشِ
دَمَڧِي زَکَّادَبَيْ ثِرٜيٰبَا,دَمَڧِي زَکَادَبَيْ ثِرٜيٰبَا
سࣸوکِرَࢽْسࣸ سࣸࢽَادَذَاڢِي  لَيْڢࣸکَࢽْسࣸ سࣸࢽَادَڧَرْڢِي,سࣸوکِرَࢽْسࣸ سࣸࢽَادَذَاڢِي  لَيْڢࣸکَࢽْسࣸ سࣸࢽَادَڧَرْڢِي
أَيࣸکَّࢽْسࣸ دَمَاسࣸ ذاڢِي  کَࢽْ سَعࣸودࣸ سࣸکٜيٰ وࣸڧࣸوڢِي,أَيࣸکَّࢽْسࣸ دَمَاسࣸ ذَاڢِي  کَࢽْ سَڢࣸودࣸسࣸکٜيٰ وࣸڧࣸوڢِي
وَحَلَابَتَ بَرْسࣸ غَࢽْغَرَابَا,وَحَلَابَتَ بَرْسࣸ غَࢽْغَرَابَا
کَاغَ دࣸࢽْ وَحَلَاسࣸࢽْرْکٜيٰ    سَيْ سࣸکࣸواْمࣸواْدࣸࢽْ سࣸسَاکٜيٰ,کَاغَ دࣸࢽْ وَحَلَاسࣸࢽَرْکٜيٰ  سَيْ سࣸکࣸواْمࣸواْدࣸࢽْ سࣸسَاکٜيٰ
ثࣸورٜࣸوَاحَرْکࣸوڢَتَاکٜيٰ   ثِࢽْ حَرَمَ دࣸکْ کࣸواْکࣸلَاکٜيا,تࣸورࣸوَاحَرْکࣸوڢَتَاکٜيٰ  ثِࢽْ حَرَمْ دࣸکْ کࣸوْاْکࣸلَاکٜيٰ
يٜيْ جَهَࢽَّمَ کࣸواْأَڢَارِ أَيْ کِرَاسࣸتَڢࣸوا دَسَوْرِ,يَࢽْ جَهَࢽَّمَ کࣸواْأَڢَارِ  أَيْ کِرَاسَدَڢࣸواْدَسَوْرِ
اَلࢽَّاشِرࣸأَحْمَدࣸ اَلتِّجَاࢽِي حَڢِظَهࣸ اللَّه,اَلࢽَّاشِرࣸ أَحْمَدࣸالتِّجَاࢽِي حَڢِظَهࣸ اللَّهࣸ
وَڢَّڧَࢽَااللَّهࣸ إِلَى مَايحبّࣸ  ءَامِيࢽ,وَڢَڧَࢽَااَللَّهࣸ إِلىٰ مَاِيࣸحِبّࣸ ءَمي
بِإِذْࢽِ مࣸوَلِّڢࣸ هَٰذَالْکِتَابࣸ,بِإِذَࢽِ مࣸوَلِّڢࣸ هَذَاالْکِتَابࣸ
اَلْحَاجِ مَالَمْ علِيّࣸ,اَلْحَاجِ مَالَمْ عَلِيّࣸ
ڟواْرࣸࢽْمࣸ سَبࣸوادَࢽَاشِ ذَمْبَا,طࣸواْرࣸࢽْمࣸ سَبࣸواْدَࢽَاشِ ذَمْبَا
بَکࣸ سَࢽْ ايَرْ أࣸبَࢽْ غِجِيبَا,بَکࣸ سَࢽْ دَايَرْأࣸبَࢽْ غِجِيبَا
ࢽَࢽْ دَࢽَࢽْ أَکَ کَيْشِ ذࣸرڢِي    هَلَّکَايغَمٜىٰدَذَاڢِى,ࢽَࢽْ دَࢽَࢽْ أَکَ کَيْشِ ذࣸرْڢِي  هَلَّکَايَغَمٜيٰدَذَاڢِيِ
ࢽَࢽْ دَࢽَࢽْ شَيْطَࢽْ شِبࣸوطࣸواْ    سَىْ شِذࣸوْدَکَرِࢽْ کࣸمَلّࣸواْ,ࢽَࢽْ دَࢽَࢽْ شِيْطَࢽْ شِبࣸوطࣸواْ  سَيْ شِذࣸوْدَکَرِࢽْ کࣸمَلّࣸواْ
سَىْ يَبَاسࣸ ىَثٜىٰ کࣸکࣸرْݒا   ڢِيْدَسࣸواْتِيْلَسْ سࣸکࣸرْݒَا,سَيْ يَبَاسࣸ يَثٜيٰ کࣸکࣸرْبَا ڧِيْدَسࣸواْتِيْلَسْ سࣸکࣸرْبَا
سࣸوْدَمَاسࣸ ذࣸوَاغّࢽِࢽْسࣸ     تࣸواْبَلٜى غَمَتَيْمَکَࢽْسࣸ,سࣸوْدَمَاسࣸ ذࣸوَاغَࢽِࢽْسࣸ  تࣸواْبَلٜيٰ غَمَتَيْمَکَࢽْسࣸ
ذَاعَ کَىْ وࣸتَ دࣸکْ سࣸتࣸويࣸو    مَىْ حَطَرْمَتَ ذَاسࣸ سࣸوْايࣸو,ذَاعَ کَيْ وࣸتَ دࣸکْ سࣸتࣸويࣸو مَيْ حَطَرْمَتَ ذَاسࣸ سࣸواْبࣸو
أَثِکِࢽْ إِدَّابَکࣸࢽْ بَرِيبَا,أَثِکِࢽْ إِدَّابَکࣸࢽْ بَرِيبَا
سَيْدَيَٜࢽْوࣸتَ سࣸࢽْ ڟَࢽَࢽْتَا    ࢽَاسࣸ کࣸوکَايَاڟَࢽَࢽْتَا,سَيْدَيَࢽْوࣸتَ سࣸࢽْ ڟَࢽَࢽْتَا  ࢽَاسࣸ کࣸوکَايَاڟَࢽَࢽْتَا
يَࢽْذࣸࢽْ بَسࣸ سَࢽْ کَࢽَاذࣸوَابَا,يَࢽْذࣸࢽْ بَسࣸ سَࢽْ کَࢽَاذࣸوَابَا
ࢽَࢽْ دَࢽَࢽْ أَکَ سَلَّمَاتَىْ    ثَࢽْ غَمَالِکِ اىْ کِرَاࢽَىْ,ࢽَࢽْ دَࢽَࢽْ أَکَ سَلَّمَاتَيْ  ثَࢽْ غَمَالِکِ أَيْ کِرَاࢽَيْ
سَىْ يَثٜىٰ دࣸکَ مَاسࣸ عَيْبِ    جَلَّ عَلَّامࣸ الْغࣸيࣸوبِ,يَ يَثٜيٰ دࣸکَ مَاسࣸ عَيْبِ جَلَّ عَلَّمࣸ الڧࣸيࣸوبِ
ْبَيْغَ سَوْڧِي کࣸوْکَطَࢽْبَا    سَىْ أَثٜىٰمࣸسࣸ دࣸکْ کࣸدࣸوبَا,يَذَسَوْڧِي کࣸوْاْکَطَࢽْبَا  سَيْ أَثٜيٰمࣸسࣸ دࣸکْ کࣸدࣸوبَا
سَىْ أَثٜىٰ جِبْرِيلࣸ کٜىٰࢽَࢽْ    کࣸوْاأَبࣸوکِࢽْ اَلࢽَّبِࢽَّࢽْ,سَيْ أَثٜىيٰ جِيْرِيلࣸ کٜيٰࢽَࢽْ  کࣸواْأَبࣸوکِࢽْ اَلࢽَّبِࢽَّࢽْ
سَىْ يَکَࢽْ جࣸويَادَکࣸوکَا     غࣸࢽْ تَعَالَى جَلَّ ڢࣸسْکَا,سَيْ يَکَࢽْ جࣸويَادَکࣸوکَا  غࣸࢽْ تَعَالَىْ جَࢽَّ ڢࣸسْکَا
حَرْسࣸکَࢽْ سَاڧࣸوْاْغَرٜىٰࢽِي     تࣸࢽْدَدَىْ ࢽِکٜىٰ ڟَکَاࢽِي,حَرْسࣸکَࢽْ سَاڧࣸواْغَرٜيٰࢽِي  تࣸࢽْدَدَيْ ࢽِيکٜيٰ ڟَکَاࢽِي
بَسࣸ سَࢽْ مِيڧَادَتَاکࣸرَابَا,بَسࣸ سَࢽْ مِيڧَادَتَاکࣸرَابَا
بَتَ کَيْمَسࣸ ثِي کَمَرْبَعَابَا,بَتَ کَيْمَسࣸ ثِي کَمَرْبَعَابَا
سَࢽْدَ اَلࢽَّبِي يَاغَࢽٜىٰشِ    بَابࣸ کَيْࢽْ حࣸسَکَاغَرٜىٰشِ,سَࢽْدَاَلࢽَّبِي يَاغَࢽٜيٰشِ  بَابࣸ کَيْࢽْ حࣸسْکَاغَرٜيٰشِ
وَسࣸ اَلْعࣸمَّرْکَ سࣸوࢽٜىٰ    ثَࢽْ جَهَࢽَّمَ دࣸکْ تَڧࣸوࢽٜىٰ,وَسࣸ اَلْعࣸمَّرْکَ سࣸوࢽٜيٰ  ثَࢽْ جَهَࢽَّمَ دࣸکْ تَڧࣸوࢽٜيٰ
بَتَ بَرْمَاسࣸ کَىْ دَکَاڢَطَابَا,بَتَ بَرْمَسࣸ کَيْ دَڢِ کَاڢَطَابَا
غَاشِ غَاجِبْرِيلࣸ بَيْغࣸشٜىٰبَا,غَاشِ غَاجِبْرِيلࣸ بَيْ غࣸشٜيٰبَا
سَىْ سࣸمِيوَمتَتَّرَرْسࣸ    سَىْ أَࢽٜىٰمِ أࣸبَࢽْ غِدَࢽْسࣸ,سَيْ سࣸهِيوَ مَتَتَّرَرْسࣸ  سَيْ أَࢽٜىٰمِ أࣸبَࢽْ غِدَࢽْسࣸ
دࣸࢽْ يَکَىْ مَࢽْذࣸويَغَࢽْسࣸ    ࢽَࢽْ جَهَࢽَّمَ سَيْتَ بَرْسࣸ,دࣸࢽْ يَکَيْ مَࢽْذࣸويَڧَࢽْسࣸ  ࢽَࢽْ جَهَࢽَّمَ سَيْتَ بَرْسࣸ
بَتَ سࣸومَ غَشِࢽْ غَبَابࣸوَابَا,بَتَ سࣸومَ غَشِࢽْ غَبَابࣸوَابَا
سَىْ رَسࣸولࣸ يَذࣸودَسَوْرِ    غَامࣸتَاࢽٜىٰ ࢽَاتَ ڧَوْرِ,سَىْ رَسࣸولࣸ يَذࣸودَسَوْرِ  غَامࣸتَاࢽٜيٰ ࢽَاتَ ڧَوْرِ
سَىْ يَوَࢽْ حَسْکٜىٰ دَڧَمْشِي    مَيْيَوَࢽْ دَاطِي سࣸجِيشِ,سَيْ يَوَࢽْ حَسْکٜيٰ دَڧَمْشِي  مَيْيَوَࢽْ دَاطِي سࣸجِيشِ
کࣸمَ غَاڢࣸسْکَرسَ بَيْسَکٜىٰبَا,کࣸمَ غَاحࣸسَکَرْسَ بَيْسَکٜيٰبَا
سَىْ رَسࣸولࣸ يَتَمْبَيٰٜشِ   يَوْدَذَتِ بَاشِ تَاشِ,سَيْ رَسࣸولࣸ يَتَمْبَيٜيىٰشِ  يَوْدَذَاتِ بَاشِ تَاشِ
تَاإِشٜيٰسࣸ سࣸࢽَاتَ کࣸوْوَا    سَيْ يَتَاشِ دَهَمْزَرَوَا,تَاإِشٜيٰسࣸ سࣸࢽَاتَ کࣸوْوَا  سَيْ يَتَاشِ دَهَمْزَرَاوَا
غَاشِ غَاجِبْرِيلࣸ بَيْ غࣸشٜيٰبَا,غَاشِ غَاجِبْرِيسࣸ بَيْ غࣸشٜيٰبَا
بَکَ سَࢽْدَ طَيَࢽْسࣸ کࣸرْکࣸکࣸوبَا,بَکَ سَࢽْدَطَيَࢽْسࣸ کࣸرْکࣸکࣸوبَا
سَيْ أَثٜيٰ دࣸومِࢽْ سࣸڧࣸوࢽٜيٰ   سِيدِ مࣸࢽْ مࣸࢽْتَدَّکَيْࢽٜيٰ,سَيْ أَثٜيٰ دࣸومِࢽْ سࣸڧࣸوࢽٜيٰ  سِيدِمࣸࢽْ مࣸࢽْتَدَّکَيْࢽٜيٰ
شِي يَسَابَمࣸ بَرْکَ کَاتࣸࢽَابَا,شِي بَسَابَمࣸ بَرْکَ کَاتࣸࢽَابَا
سَيْ سࣸمِيڧَ مَتَتَّرَرْسࣸ   سَيْ أَࢽٜيٰمِ أࣸبَࢽْ غِدَࢽْسࣸ,سَيْ سࣸهِيوَ مَتَتَّرَرْسࣸ  سَيْ أَࢽٜىٰمِ أࣸبَࢽْ غِدَࢽْسࣸ
دࣸࢽْ يَکَيْ مَࢽْذࣸويَغَࢽْسࣸ  ࢽَࢽْ جَهَࢽَّمَ سَيْتَ بَرْسࣸ,دࣸࢽْ يَکَيْ مَࢽْذࣸويَڧَࢽْسࣸ  ࢽَࢽْ جَهَࢽَّمَ سَيْتَ بَرْسࣸ
سَيْ رَسࣸولࣸ يَذࣸودَسَوْرِ  غَامࣸتَاࢽٜيٰ ࢽَاتَ ڧَوْرِ,سَىْ رَسࣸولࣸ يَذࣸودَسَوْرِ  غَامࣸتَاࢽٜيٰ ࢽَاتَ ڧَوْرِ
سَيْ يَوَࢽْ حَسْکٜيٰ دَڧَمْشِي مَيْيَوَࢽْ دَاطِي سࣸجِيشِ,سَيْ يَوَࢽْ حَسْکٜيٰ دَڧَمْشِي  مَيْيَوَࢽْ دَاطِي سࣸجِيشِ
بِسْمِ اِللَّهِ اِلرَّحَمٰࢽِ اِلرَّحِيمِ  وَصَلَّى اَللَّهࣸ عَلَى اَلࢽَّبِيِّ اِلࢽَّبِيِّ الْکَرِيمِ,بِمْمِ الَّهِ الرَّحْمَࢽِ اِرَّحِيهِ وَصَلَّى الَّهࣸ عَلَى الࢽَّبِيِْ الکَرِيمِ
وَعَلَىٰ اَلِهِ وَصَحْبِهِ وَسَلَّمَ,وَعَلَىٰ اَلِهِ وَصَحْبِهِ وَسَلَّمَ
دَبَسࣸيْ سَاݒࣸࢽْ أࣸبَࢽْ غِجِيبَا,دَبَسࣸيْ سَابࣸࢽْ أࣸبَࢽْ غِجِيبَا
أَيࣸکَّࢽْکَ إرِرْࢽَکِرْکِ   إِࢽْدَکَيْکࣸوْاْ دَأَطَاکِ,أَيࣸکَّࢽْکَ إِرِرْࢽَکِرْکِ إِࢽْدَکَيْ کࣸواْدَأَطَاکِ
سࣸࢽْ رࣸبࣸوتَاکࣸواْتَڢَرْکِ  کࣸواْدَهَࢽّࣸو کࣸواْدَأَيْکِ,سࣸࢽْ رࣸبࣸوتَاکࣸواْتَڢَرْکِ کࣸواْدَهَࢽّࣸوکࣸواْدَأَيْکِ
أَيْکِࢽْ خَيْرِ بَسࣸيْ رࣸڢِيبَا,أَيْکِࢽْ خَيْرِ بَسࣸيْ رࣸڢِيبَا
سَيْ أَڢَارَاأَوࣸࢽْ أَيࣸکَّا    غَامَأَوْࢽِي دࣸک أَغِرْکَا,سَيْ أَڢَارَأَوࣸࢽْ أَيࣸکَّا غَامَأَوْࢽِي دࣸکْ أَغِرْکَا
مَالِکي رَࢽَّࢽْ يَکَࢽْثٜيٰ   تَرْسَشِࢽْ ڟࣸورࣸو يَکࣸࢽْثٜيٰ,مَالِکِي رَࢽَّࢽْ يَکَࢽْثٜيٰ  تَرْسَشِࢽْ ڟࣸورࣸوْيَکࣸࢽْثٜيٰ
ڟَࢽَࢽِࢽْ ذَاڢِي يَسَࢽْثٜيٰ  غَارَسࣸولࣸ اِللَّهِ يَاثٜيٰ,ڟَࢽَࢽِࢽْ ذَاڢِي يَسَࢽْثٜيٰ  غَارَسࣸولࣸ اللَّهِ يَاثٜيٰ
سَيْ سࣸذࣸو سࣸڢَشٜيٰ دَکࣸوکَا   غࣸࢽْ مَڢِيڢِيثِࢽْ مَأَيْکَا,سَيْ سࣸذࣸوسࣸڢَشٜيٰ دَکࣸوکَا ࢽَغࣸࢽْ مَڢِيڢِيثِࢽْ مَأَيْکَا
رَࢽَّࢽْ بَسࣸکَࢽْ بَڧِࢽْ ثِکِيبَا,رَࢽَّࢽْ بَسࣸکَࢽْ بَڧِࢽْ ثِکِيبَا
هَاوِيَاثٜيٰ غࣸࢽْ ذَامَࢽْسࣸ   سࣸوکَثِيذࣸࢽْ هَࢽّࣸوَࢽْسࣸ,حَاوِيَاثٜيٰ غࣸࢽْ ذَمَࢽْسࣸ  سࣸوکَثِيذࣸࢽْ هَࢽّࣸوَࢽْسࣸ
مࣸࢽْيِ دَاطَاَطَࢽْ جَوَابِ   کَاغَ أَࢽْيِي أَوࣸࢽْ حِسَابِ,مࣸࢽْيِ دَاطَاطَࢽْ جَوَابِ  کَاغَ أَࢽْيِي أَوࣸࢽْ حِسَابِ
أَطَيَࢽْسࣸ بَذاشِ سَامࣸوَابَا,أَطََࢽْسࣸ بَذَاشِ سَامࣸوَابَا
مࣸ کࣸواْ أَدَرٜيٰ کࣸتَاشٜيٰمࣸ دࣸࢽْ مࣸبِطࣸواْ بِسَاشٜيٰ,مࣸ کࣸواْأَدَرٜيٰ کࣸتَاشٰٜمࣸ دࣸࢽْ مࣸبطࣸواْبِسَاشٜيٰ
ڧِࢽْکࣸ کَرْکࣸورَاتَکَامَ  کࣸࢽْرِڧٜيٰمࣸ ثِکِࢽْ ظَلَامَ,ڧِࢽْکࣸ کَرْکࣸورَاتَکَامَ  کࣸࢽْ رِڧٜيٰمࣸ ثِکِࢽْ ظَلَمَ
بَاسَࢽَرْوَبَاعَلَامَ    سَيْسࣸ کَامَ يَوَࢽْ حࣸسࣸومَ,بَاسَࢽَرْوَبَاعَلَامَ  سَيْسࣸ کَامَ يَوَࢽْ حࣸسࣸومَ
کࣸࢽْ غَادَامَࢽَ غࣸوࢽَکِࢽْکࣸ   سࣸوڢَࢽٜيٰ حَجِّ غَرٜيٰکࣸ,کࣸࢽْ غَادَامَࢽَ غࣸوࢽَکِࢽْکࣸ  سࣸوڢَࢽٜيٰ حَجِّ غَرٜيٰکࣸ
بَتَ بَرْکࣸ کࣸࢽٜيٰمِي لَاخِرَابَا,بَتَ بَرْکࣸ کࣸࢽٜيٰمِي لَاخِرَابَا
دَامࣸࢽَاڢَامَادَکࣸوࢽٜيٰ   کࣸيْ کَرَاتࣸووَاوࣸتَاࢽٜيٰ,دَامࣸࢽَاڢَامَادَکࣸوࢽٜيٰ  کࣸيْ کَرَاتࣸووَاوࣸࢽَاࢽٜيٰ
يَاحَࢽَاکࣸ دَسࣸࢽْ کࣸطِࢽٜيٰ   کࣸࢽْ هَلَّکَ ذَاکࣸ ڧࣸوࢽٜيٰ,يَاحَࢽَاکࣸ دَسࣸࢽْ کࣸطِࢽٜيٰ  کࣸࢽْ هَلَّکَ ذَاکࣸ ڧࣸوࢽٜيٰ
ذَاکࣸثٜيٰ وَيْ غومَکِࢽٜيٰ   کࣸواْرِڧࣸࢽْ دࣸوبِࢽْ غِدَاࢽٜيٰ,ذَاکࣸثٜيٰ وَيْ غࣸوࢽَکِࢽٜيٰ کࣸواْرِڧࣸࢽْ دࣸوبِࢽْ غِدَاࢽٜيٰ
مࣸوࢽࣸڢِࢽْمࣸ دَکࣸوسَࢽِيࢽٜيٰ    طَايَثٜيٰ وَࢽِي مَالَمِيࢽٜيٰ,مࣸوࢽࣸڢِࢽْمࣸ دَکࣸوسَࢽِيࢽٜيٰ  طَايَثٜيٰ وَࢽِي مَالَمِيࢽٜيٰ
بَسࣸ کَاسَ تࣸدࣸࢽْ هَوَابَکࣸيْ بَا,بَسࣸ کَاسَ تࣸدࣸࢽْ مࣸوَابَکَيْ بَا
تواْذࣸࢽْسَ دَبَࢽْ دَبَࢽْࢽٜيٰ   مࣸࢽَجِيَاکࣸواْ يَغَاࢽٜيٰ,تࣸواْذࣸࢽْسَ دَبَࢽْ دَبَࢽْࢽٜيٰ  مࣸࢽْجِيَاکࣸواْوَيَڧَاࢽٜيٰ
ذَاأَحَوشِ ثِکِࢽْ دَرٜٜيٰࢽٜيٰ   ڧَرْڧَشِي ࢽَسَ کوࣸاْوࣸتَاࢽٜيٰ,ذَاأَحَوشِ ثِکِࢽْ دَرٜيٰࢽٜيٰ  ڧَرْڧَشِي ࢽَسَ کࣸواْوࣸتَاࢽٜيٰ
سَيْڢَ توذࣸࢽْ بِࢽْ إِيَايٜيٰ   طَࢽْ مࣸسࣸلْمِ دࣸکْ شِوَايٜيٰ,سَيْڢَ تࣸواْذࣸࢽْ بِࢽْ إِيَايٜيٰ  طَࢽْ مࣸسࣸلْمِي دࣸکْ شِوَايٜيٰ
بَتَ بَرْکࣸ کࣸࢽٜيٰمِي لَاخِرَابَا,بَتَ بَرْکࣸ کࣸࢽٜيٰمِي لَاخِرَابَا
يَاحَࢽَاکࣸ دَسࣸࢽْ کࣸطِࢽٜيٰ کࣸࢽْ هَلَّکَ ذَاکࣸ ڧࣸوࢽٜيٰ,يَاحَࢽَاکࣸ دَسࣸࢽْ کࣸطِࢽٜيٰ  کࣸࢽْ هَلَّکَ ذَاکࣸ ڧࣸوࢽٜيٰ
سَيْ أَثٜيٰ غَرْدَࢽْدَمِࢽْکࣸ بَاسࣸ أَمْڢَاࢽِي غَرٜيٰکࣸ,سَيْ أَثٜيٰ غَرْدَࢽْدَمِࢽْکࣸ  بَاسࣸ أَمْڢَاࢽِي غَرٜيٰکࣸ
کࣸࢽْ ݒَثٜيٰ دࣸمِࢽْ حَلِࢽْکࣸ کࣸرْکࣸکࣸࢽْ وࣸتَاذَاأَکَيْکࣸ,کࣸࢽْ بَثٜيٰ دࣸوْمِࢽْ حَلِࢽْکࣸ  کࣸرْکࣸکࣸࢽْ وࣸتَ ذَاأَکَيْکࣸ
مَالَمِࢽْمࣸ يَکَࢽْيِ تَاطِ  سَيْ أَذࣸواْ أَعَجٜيٰ صِرَاطِ,مَالَمِࢽْمࣸ يَکَࢽْيِ تَاطِ  سَيْ أَذࣸواْأَعَجٜيٰ صِرَاطِ
بَيْکَيْ غَاشِࢽْ غِرَرْإِدࣸوبَا,بَيْکَيْ غَاشِࢽْ غِرَرْإِدࣸوبَا
ماسࣸ کࣸوارَا وَرْدَذَاڢِي    ذَا،َ کࣸواْ ࢽَ مَاسࣸ لَيْڢِي,أَࢽاسَࢽْ دَࢽِيغَامَمَڧَشَدَذࣸࢽْڧَ
ماسࣸ کࣸواْرَاوَرْدَذَاڢِي   ذَامَ کࣸواْرَمَاسࣸ لَيْڢِي,مَاسࣸ کࣸوْاْرَاوَرْدَذَاڢِي  ذَاعَ کࣸواْرَمَاسࣸ لَيْڢِي
سَيْ ࢽَذَکَّى سَيْ ࢽَحَجِّ دࣸوبَا,سَيْ ࢽَذَکَّى سَيْ ࢽَحَجِّ دࣸوبَا
کࣸوْا وَاذَيْ هَوشِ بَابَعَابَا,کࣸوْاوَاذَيْ حَوْشِ بَابَعَابَا
بِإِذْࢽِ مࣸوَلِّڢࣸ هَىٰذَاالْکِتَابࣸ,بِإِذْࢽِ مࣸوَلِّڢࣸ هَذَالْکِتَابࣸ
الْحَاجِ مَالَمْ عَلِىّࣸ ࢽَمَࢽْغِ,اَلْحَاجِ مَالَمْ عَلِيّࣸ ࢽَمَࢽْغِ
يَامَڢِيڢِيثِࢽْ ڢِيَيّࣸو    يَامَڢِي رَيْࢽࣸوࢽْ مَرَايࣸو,يَامَڢِيڢِيشِ ڢِيَيࣸو بَامَڢِي رَيْࢽࣸوࢽْ مَرَابࣸو
جمَعَرْسَ بَسࣸىْ بَڧِࢽْ ثِکِيبَا,جَمَعَرْسَ بَسࣸيْ بَڧِييْࢽْ ثِکِبَا
هَرْغࣸوبٜىٰ بَمࣸىْ ذَمَࢽْ دࣸهࣸوبَا,مَرْغࣸربٜىٰ بَمࣸيْ ذَمَࢽْ دࣸهࣸوبَا
أرْزِڧِࢽْسَ شِࢽَاڟَوَيْتَا    أَࢽْکَثٜىٰ ڧَارࣸواْکࣸسَࢽْتَا,أَرْزِڧِࢽْسَ شِࢽَاڟَوَيْتَ  أَࢽْکَثٜيٰ ڧَارࣸواْکࣸمَࢽْلَ
أࢽْکَثٜىٰ دَمࣸڧَرَّبࣸوࢽَ    کࣸىْ شِرِى غَاالࢽَّبِيْࢽَا,دَکَيٜ دَمْغَرَبࣸولَ  کࣸيْ ڧِجِومَّاالࣸࢽّبِيࢽَا
ࢽَىْ کِرَࢽْسَ بِسَاأمَاࢽَا    أࢽْکَثٜىٰ کَشِغࣸوْکَذَوْࢽَا,لَيْ کِرَࢽْسَ بِبَاأَمَاࢽَا  أَࢽْکَثٜيٰ کَکَشْغࣸوࢽْکَغَوْࢽَا
مَىْ ڢِتَرْدَهࣸࢽْ جَهَالَهْ   مࣸࢽْکِرَاکَ مࣸبَاکَ صَلَّهْ,مَىْ ڢِتَرْدَهࣸࢽْ جَهَالَهْ  مࣸࢽْ کِرَاکَ مࣸبَاکَ صَلَّهْ
أࢽْکَ بَاشِ دࣸکَࢽْ عِبَادَا     دࣸوࢽْ شِکَامَࢽَ مَىْ عِبَادَا,أَࢽْکَ بَاشِ دࣸکَࢽْ عِبَادَا  دࣸوࢽْ شِکِکَامَࢽَ مࣸيْ عِبَادَا
إࢽْدَذَاشِ کِرَادَمࣸلکِ   شِى دَکࣸوْاأَکَبَاشِ أَيْکِ,إِࢽْدَذَاشِ کِرَادَمࣸلْکِ شِي دَکࣸوْاْأَکَبَاشِ أَيْکِ
بَاشِ سࣸوࢽْ مَىْ ڟٜغࣸمِࢽْکَ   بَاشِ ذَرْغِࢽْ مَىْ يَبࣸوࢽْکَ,بَاشِ سࣸوࢽْ مَيْ ڟٜيٰغࣸمِࢽْکَ   بَاشِ ذَرْغِࢽْ مَيْ بَبࣸوࢽْکَ
دࣸوࢽْ بَاحيَالِࢽْسَ حَسَّدَابَا,دࣸوࢽْيََالِࢽْسَ حَسَّدَابَا
رَبَّࢽَادࣸواْمِࢽْ مࣸحَمَّا    دࣸوࢽْ صَحَبَّىْ ࢽَىْ عࣸمࣸومََا,رَبَّࢽَادࣸواْمِࢽْ مَحَمَّا  دࣸوࢽْصَحَبَّيْ ࢽَىْ مࣸمࣸومَا
ࢽَابَرَاثِ ذَمَااَلٜىٰمَرْ    شࣸوغَبَࢽْ بَايِى مࣸحَمَّا,ࢽَابَرَاثِ ذَمَاأَبٜيٰمَرْ  شࣸوْغَبَࢽْ بَايِى مࣸحَمَّا
يَاإلَهَ الْعَالَمِيࢽَ    تَيْمَکٜىٰمࣸ مࣸجٜىٰ مَدِيࢽَا,يَاإِلَمَ الْعَالَمِيࢽَ  تَيْمَکٜىٰمࣸ مࣸجٜىٰ مَدِيࢽَا
غࣸࢽْ مࣸحَمَّدࣸطَࢽْ أمِيࢽَا    رَبِّ رَࢽْمࣸ شِهࣸوثٜى ڧࣸوࢽَا,غࣸࢽْ مࣸحَمَّدࣸطَࢽْ أَمِيࢽَا  رَبِّ رَࢽْمࣸ شِسࣸوثٜيٰ ڧࣸوࢽَا
ࢽَيْمَ يٜاࢽَاثِىٰ أَجࣸوجِ    سَىْ ࢽَسَامَتَ إِࢽَڢِرَاجِ,ࢽَيْمَ بَاࢽَاثٜيٰ أَجࣸوجِ  سَيْ ࢽَسَامَتَاإࢽْڢِرَامِ
على رسࣸول الله,على رسولِ الله
بِسْمِ اللهِ الرَّحْمَاࢽِ الرَّحِيم   وَصَلَّى اللهࣸ عَلَى الࢽَبِى الکَرِيمْ,بِمْمِ الَّهِ الرَّحْمَل اَرَّحْبم  وَصَلَّ الَّهࣸ عَلَى اَࢽَّبِيْ الکَرِيمِ
مَىْ سࣸوࢽْسَ بَذَىْ بَڧِࢽْ ثِکِيبَا,مَيْ سࣸوࢽْسَ بَذَيْ بَڧِࢽْ ثِکِيبَا
رَبِّ ࢽَاࢽࣸڢِ وَࢽْغَ وَاڧَا    تَيَبࣸواْࢽَسَ بَاࢽِڢَاڧَا,رَبّࣸ ࢽَاࢽࣸڢِ وَࢽْغَ وَاڧَا  تَيَبࣸوَاࢽَسَ بَاࢽِڢَاڧَا
وَࢽْدَيَاڢِ رࣸوَࢽْ ذࣸمَاأَغࣸمْبَا,مَا
يَبِ الࢽَّبِ بَادَ سࣸࢽْکࣸيٜىٰبَا,يَبِ اَࢽْبِ بَادَمࣸࢽْکࣸيٜيٰبَا
أَࢽْبَتࣸواْࢽَسَ يَاغَبَاتَ    ثَࢽْ غَأَتَّوْرَاکࣸهࣸوتَ,أَࢽْبَتࣸواࢽَسَ يَاغَبَاتَ  ثَࢽْ غَأَࢽَوْرَاکࣸهࣸوتَ
أࢽْ کَشٜىٰسࣸ ثِکِࢽْ جَهَالَهْ    مࣸوذࣸوَࢽْسَ تَزَمࣸ ڢِتِلَّهْ,أَࢽْ کَشٜيٰسࣸ ثِکِࢽْ جَهَالَهْ مࣸوذࣸوَࢽْسَ تَزَمࣸ ڢِࢽِلَّهْ
طَࢽْ أَمِيْࢽَهْ مࣸࢽَايَبࣸوࢽْکَا    دَࢽْ مَڢِيڢِيثِࢽْ رَبࣸوࢽْکَا,طَࢽْ أَمِيࢽَهْ مࣸࢽَايَبࣸوࢽْکَا  دَࢽْ مَڢِيعِيْشِࢽ رَبࣸوࢽْکَا
مَاسࣸ أيْکِࢽْ رَاڟٜىٰ حَࢽْيَا    ڧِيدَسࣸواْوَسࣸ سࣸࢽْ بِيَيَّا,بَايَوَرْدَکِࢽْ رَامَڟٜيٰ حَࢽْبَا  ڧِييَدسࣸواْوَسࣸ مࣸࢽْ بَسَيْࢽَا
شِي مࣸتࣸمْ ࢽٜىٰ مَىْ لَطَاڢَا    کَٜࢽْ حَلِى دَجِکِي دَصِڢَّا,شِي مَࢽَمْ ࢽٜيٰ مَيْ لَطَاجَا  کَبِࢽْ مَلِي دَجِکِي دَصِڢَّا
غَيَوَࢽْ أزࣸمِى دَصَلَّه    تَيْمَکࣸوࢽْسَ شِࢽَاغَأللهْ,غَابَوَࢽْ أَزࣸمِي دَصَلَّه  بَبَکࣸوࢽْسَ شِࢽَاغَأَلهْ
دࣸوبَࢽْشِ دَکَيْ بَشِى يوَابَا,سَيْ يَتَاشِ بَجٜيٰ سࣸغَيْسَا  دࣸوࢽْ ثِکَکٜيٰࢽْ هَࢽْکَلِࢽْسَا
بَࢽْ هَࢽࣸودࣸوࢽْ غِرْمَمَاوَا    ࢽَاسَࢽٜيٰ کٜيٰ ݣࣸويْ ݣࣸوبَاوَا,بَࢽْ هَࢽࣸودࣸوࢽَ غِرْمََمَاوَا  ࢽَاسَࢽٜيٰ کٜييٰ کࣸرِيْ کࣸوَاوَا
أَمَّࢽْ بَشِکَࢽْ تَکَبّࣸرَابَا,أَمَࢽْ بَشِکَࢽْ ࢽَکَࢽّࣸرَابَا
تࣸࢽْ بَيْ هَطَ شٜيٰکَرَابَݣࣸويْبَا,تࣸࢽْ بَيْ هَطَ غٜجيٰکَرَبَکࣸوبََا
بِࢽْمَ بِࢽْ حَڧِّࢽْ شَرِيْعا    ذَࢽْ يَبࣸوࢽْسَ يَزَمْ صَࢽَاعَا,بِࢽْسَ بِࢽْحَڧِࢽْ شَرِيعَا مَࢽْ يَبࣸوࢽْسَ يَزَمْ صَࢽَاعَا
ࢽَى يَبࣸوࢽْسَ ࢽَکٜىٰ لَزِمْتَا     يَاإشٜىٰ ࢽِبِيَࢽْ بࣸکَاتَا,ࢽِي يَبࣸوࢽْسَ ࢽَکٜيٰ لَرِمْتَا  يَاإِشٜيٰࢽ بِيَࢽْ بࣸکَاتَا
شِى مࣸتࣸمْ ࢽٜىٰ طَࢽْ مَلَالِ   غࣸࢽْ أࣸوَادَأࣸبَاغَهَالِ,شِى مࣸتࣸمْ ࢽٜيٰ طَࢽْ مَلَالِ  غࣸࢽْ أࣸوَادَأࣸبَاغَهَلِ
غࣸࢽْ ڟَيَاوَاکࣸوْاْجَمِيْلِ   وَِاسِطِيْࢽَا بَاطَوِيلِ,غࣸࢽْ ڟَيَاوَاکࣸوْاْجَمِيلِ  وَاسِطِيࢽَابَاطَرِيࢽِ
بَاوَادَاࢽٜىٰ مَرَسْ ڟَيِبَا,بَاوَادَاࢽٜيٰ مَرَسْ ڟَيبَا
دَࢽْ بَىْ تَبَٜ ڧَيالٜىٰ مَيْکِرَابَا,دَࢽْ بَىْ ࢽَبَ ڧَبلٜيٰ مَيْکِرَابَا
سَࢽّࣸ ذَاݒَݒَّىٰࢽ مَأَيْکَا    أرْزِڧِيْࢽَاأَࢽْبَتࣸوࢽْکَا,سَࢽّࣸ ذَابَࢽٰٜࢽْ مَأَيْکَا  أَرْزِڧِيࢽَاأَمْبَࢽࣸوࢽْکَا
بسم الله الرحمࢽ الرحيم صلى الله على الࢽبي الکريم,بسم الله الرحمالرحيم صلى الله على الࢽبى الکريم
صلى الله عّلى حبيبه,سل للعل عحبيه
بَاشِ حࣸجَّا غَغࣸوبٜيٰ تَبَّتْ حَڧِيڧَا,بَاشِ حࣸجَّاغَڧࣸوبٜيٰ تَبَّتْ حَڧِيڧَا
صلى الله عليه,ملى اللمعلب
شِدَّإِࢽْوَاغَغࣸوبٜيٰ تَبَّتْ حَڧِيڧَا,شِدَّ إِࢽْوَاغَڧࣸوبٜيٰ تَبَّتْ حَڧِيڧَا
شِيࣸوتَاکَࢽْثِ غࣸوبٜيٰ تَبَّتْ حَڧِيڧَا,شِيوࣸتَاکَࢽْثِ غࣸوبٜيٰ تَبَّتْحَڧِيڧَا
شِيکَ ڟِيرَا غغࣸوبٜيٰ تَبَّتْ حَڧِيڧََا,شِيکَ ڟِيرَاغَغࣸوبٜيٰ تَبَّتْ حَڧِيڧَا
سࣸوکَڧࣸوࢽَاغَغࣸوبٜيٰ تَبَّتْ حَڧِيڧََا,سࣸوکَڧࣸوࢽَاغَغࣸوبٜيٰ تَبَّتْ حَڧِيڧَا
سࣸوکَمࣸتْوَاغَغࣸوبٜيٰ تَبَّتْ حَڧِيڧََا,سࣸوکَمࣸتࣸوَاغَڧࣸوبٜيٰ تَبَّتْ حَڧِيڧَا
سࣸوکَيَاوࣸࢽْ وࣸتَاڢَ تَبَّتْ حَڧِيڧََا,سࣸوکَيَاوࣸࢽْ وَتَاڢَ تَبَّتْْ حَڧِيڧَا
شِدَّکࣸرْڢࣸوغَغࣸوبٜيٰ تَبَّتْ حَڧِيڧََا,شِدَّکࣸرْڢࣸوغَغࣸوبٜيٰ تَبَّتَْحَڧِيڧَا
سࣸو کَطَوْکَتَّ غࣸوبٜيٰ تَبَّتْ حَڧِيڧََا,سࣸوکَطَوْکَتَ غࣸوبٜيٰ تَبَّتْ حَڧِيڧَا
سࣸووࣸتَاکَࢽْثِ غࣸوبٜيٰ تَبَّتْ حَڧِيڧََا,سࣸووࣸتَاکَࢽْثِ غࣸوبٜيٰ تَبَّتْ حَڧِيڧَا
غࣸوبٜيٰ أَࢽَبَيَّࢽَاسࣸ تَبَّتْ حَڧِيڧََا,غࣸوبٜيٰ دَࢽَبَيَّࢽَاسࣸوتَبَّتْ حَڧِيڧَا
غࣸوبٜيٰ أَࢽَبَبّࣸغٜيٰسࣸ تَبَّتْ حَڧِيڧََا,غࣸوبٜيٰ أَࢽَ بࣸبّࣸغٜيٰسࣸ تَبَّتْ حَڧِيڧَا
سࣸووࣸتَاأَرَّبࣸࢽْسࣸ تَبَّتْ حَڧِيڧََا,سࣸࣸووࣸتَاأَوَّبࣸࢽْسࣸ تَبَّتْ حَڧِيڧَا
ٰأَوْاَمَاࢽَاسࣸڧࣸوࢽَ تَبَّتْ حَڧِيڧََا,أَوْأَمَاࢽَاسࣸغࣸوࢽَ تَبَّتْ حَڧِيڧَا
غࣸوبٜيٰ أَسࣸذࣸووࣸتَاڢَا تَبَّتْ حَڧِيڧََا,غࣸوبٰٜ أَسࣸذࣸووࣸتَاتَبَتْ حَڧِيڧَ
سࣸووࣸتَاکࢽْڢَڢِيغٜيٰ تَبَّتْ حَڧِيڧََا,سࣸووࣸتَاکَࢽْڢَ جِيغٜيٰ تَبَّتْ حَڧِيڧَا
دࣸکْ وࣸتَاذَاسࣸ غࣸوبٜيٰ تَبَّتْ حَڧِيڧََا,دࣸکْدࣸ تَاذَاسࣸ غࣸوبٜيٰ تَبَّتْ حَڧِيڧَا
غࣸوبٜيٰ أَتَ زَکَّثٜيٰسࣸ تَبَّتْ حَڧِيڧََا,غࣸوبٜيٰ أَتَ زَکَثٜيٰسࣸ تَبَّتْ حَڧِيڧَا
غࣸوبٜيٰ أَࢽَ کَرْکَشٜيٰشِ تَبَّتْ حَڧِيڧََا,غࣸوبٜيٰ أَࢽَ کَرْکَشٰٜسࣸ تَبَّتْ حَڧِيڧَا
سࣸوأکَࢽْ طَمْرٜيٰ غࣸوبٜيٰ تَبَّتْ حَڧِيڧََا,سࣸوأَکَࢽْ طَمْرٜيٰ غࣸوبٜيٰ تَبَّتْ حَڧِيڧَا
غࣸوبٜيٰ أَࢽَاذَلَّلاتَ تَبَّتْ حَڧِيڧََا,غࣸوبٜيٰ أَࢽَاذَلَّلَاتَ تَبَّتْ حَڧِيڧَا
طَࢽْوࣸتَاࢽَاشِغوࢽَا تَبَّتْ حَڧِيڧََا,طَࢽْ وࣸتَاࢽَاشِغࣸوࢽَاتَبَّتْ حَڧِيڧَا
تمت بحمدالله وحسࢽ عوࢽه,دکا
بِسْمِ اللهِ الرَّحمَࢽِِِِ الرَّحيمِ صلَّى الله على الࢽَّبيِّ,بِسْمِ اللَّهِ اَلرَّحْمَࢽِ الرَّحِيمِ صَلَّى اَللَّهࣸ عَلَى اَلࢽّبيّࣸ
وَاڧَرْ إِࢽْڢِرَاجِ تَڢَرْکࣸو,وَاڧَرْإِࢽْڢِرَجِ تَڢَرْکࣸو
الࢽَّاشِرࣸ أحَمَدࣸ التِجَاࢽِي  حَڢِظَهࣸ اللَّهࣸ,اَلتَّاشِرْ أَحْمَدَالتِْحِࢽِࢽِدَجَََمَهَلَلَّهࣸ
وَڢَّڧَࢽَااللَّهࣸ إِلَى مَايࣸحِبّࣸ ءَامِيࢽْ,وَڢَّڧَذَاللهࣸ اِلرْمࣸمَوْبَحِبَّدَهَيرْمَ
الحَاجِ مَالَمْ عَلِيّࣸ ࢽَمَࢽَغِ,اَلْحَيْجِ ࢽَ مَالَمْ عَلِيّࣸ ࢽَسَࢽْغِ
٣٧ يَامَجِيْ دࣸو ڧࣸࢽْ غَزَجّى  رَبَّࢽَا تَاثىِࢽ إِࢽْجى,٣٧يَامَجِي رࣸوڧࣸࢽْ غَزَجّٜيٰ  رَبَّࢽَاتَاڢٰٜࢽِ إِࢽْجٜيٰ
٣٨  إِࢽْ غَبَاتَـ دَغَيْسࣸوَاتَا  غࣸࢽْ مَڢِيڢِيثِࢽْ هَلِتَّا,٣ إِࢽْ غَبَاتَ دَغَيْسࣸوَاتَا  غࣸࢽَ مَڢِيڢِيثِࢽْ مَلِࢽَّا
يَا مَڟِيرَا يَامَدَاڢَا    يَامَحَبِى تَوْسْࢽْ مَهَيڢَا,٢يَامَڟِيَرَايَامَدَاڢَا يَامَبِي تَوْسَࢽْ مَهَࢽْڢَا
يَامَڟَامَࢽْ وَࢽْدَ يَاڢَا   طَازࣸرْڢِى بَامࣸ ڧࣸوْاڢَا,يَامَڟَامَرْوَࢽْدَبَاڢَا  طَازࣸرْڢِي بَامࣸ ڧࣸوْاْڢَا
دَتَکى هَࢽّࣸࢽَکَ بَارࣸڢىوَ,دَࢽَکٜىٰ هَࢽّࣸࢽْکَ بَارࣸڢٜيٰوَ
أَرْزِڧِࢽْسَ ڢَرِࢽْ جَکَادَا  وَࢽْدَ کى دَإسَا أڢَادَا,أَرْزِڧِࢽْسَ ڢَرِࢽْ جَکَادَ  وَࢽْدَکٜيٰ رَإِسَاأَڢَادَا
هَرغࣸس ݒى بَمࣸىْ ذَمَࢽ دࣸهࣸوْبَا,هَرْغࣸربٜىٰ بَمࣸيْ ذَمَࢽْ دࣸهࣸوبَا
٤٧ رَبَّࢽَا يَکِرَاکَ کَاجى  إࢽْدَ يَاوَى وَࢽَدَيَاجى,١٧رََّࢽَايَکِرَاکَ کَاجٜيٰ إِࢽْدَبَاوَࢽِ وَࢽْدَيَابٜيٰ
کࣸوْادَزࣸوثِ ثِکِࢽْ مَزَاجى   کَيْدَ تَاکَلمِࢽْکَ کَابى,کࣸوْادَزࣸوثِ ثِکِࢽْ مَزَاجٜيٰ  کَيْدَࢽَاکَلْمِࢽْکَ کَبٜيٰ
وَࢽْدَ يَىْ ڟࣸوْرِِ يَکَوْدَا  کَࢽْسَ يَاتَا ݒىٰ دَوَࢽْدَا,وَࢽْدَيَيْ ڟَوْرِي يَکَوْدَا  کَࢽْسَ بَاتَابٜيٰ دَوَࢽْدَا
بَأَمَى عَدَدِࢽْ أَبِࢽْ کِرَابَا,بَأَمَيْ عَدَدِࢽْ أَبِࢽْ کِرَابَا
رَࢽْ غࣸوىى بَمࣸى بَڧِࢽ ثِکِيْبَا,رَࢽْ غࣸوبٜيٰ بَمࣸيْ بَڧِࢽْ ثِکِيبَا
دࣸوࢽْ بَامَا لِࢽْسَ يَوْدَرَابَا,دࣸوࢽْ بَامَالِࢽْسَ بَوْدَرَابَا
٦١ سَࢽّࣸ مَىْ ڢࣸسْکَا سَکَکٰٜى  وَࢽْدَيَاڢِ وَتَاغَهَسْکٜىٰ,١سَࢽّࣸ مَيْ لࣸمْکَامَکَکٜيٰ  وَࢽْدَيَاڢِ وَتَّاغَمَسْکٜيٰ
دࣸواْمِࢽْ عِلِمِࢽْمࣸ بَيْ يَوَابَا,دࣸواْمِࢽْ إِلْمِࢽْمࣸ بَيْ يَوَابَا
٦٣ يَاإِلَهِ العَالَمِيْࢽَ  تَيْمَکىمࣸ مࣸجى مَدِيْࢽَا,٣َيَاإِاَهَ مࣸحَالَمِيࢽَ  ࢽَيْمَکٰٜمࣸ مࣸجٜ مَدِيࢽَا
٦٤ وَࢽْغَ تَالِيڢِى دَکࣸࢽࣸجِ  وَاڧَࢽ وَاڧىࢽ مَاسࣸ ثَاجِ,٦٩وَࢽْغَ تَالِيڢِي دَکࣸࢽْجِ  وَاڢٜيٰي وَاڧٜيٰࢽْ مَاسࣸ ڧَابِ
مَىْ بِࢽْتَ بَذَيْ بَڧِࢽْ ثِکِيبَا,مَيْ جِࢽْتَ بَذَيْبَڧِࢽْ ثِکِيبَا
تَمَّتْ بِحَمْدِ اللَّهِ,تمت بحمدالله
عَلَى رَسࣸولِ اللَّهِ,على رِسوࢽ الله
اَلْحَجِ مَالَمْ عَلِيّࣸ ࢽَمَࢽْغِ,أَࢽْحَجِ مَالَمْ عَلِيّࣸ ࢽَهَࢽْغِ
بِسْمِ اللَّهِ الرَّحْمَاࢽِ الرَّحِيم   وَصَلَّى اللَّهࣸ الࢽَّبِي الْمَکرِيمِ,بِسْمِ اللَّهِ الرَّحْمَلِ اِرَّحِيمِ وَصَلَّى الَهࣸ عَلَى اَࢽَّبِيْ الْدَکرِيمِ
وَعَلَى ءَالِهِ وَصَحبِهِ وَسَلَّمَ,وََلَىْ ءَالِهِ وَصَحْبِهِ وَسَلَّمَ
١ بِسْمِ اللَّهِ الْمَجِيْدِ    ࢽَىْ ࢽࣸڢِࢽْ وَاڧَا بَدِيدِ,٢بِسْمِ للَّهِ للْمَجِيدِࢽَيْ ࢽࣸڢِࢽْ وَاڧَاجَدِيدِ
٢ رَبَّࢽَا يَدَطِࢽْ أَمِࢽْثِي   غࣸࢽْ مَڢِيْڢِيْثِࢽْ مࣸتࣸࢽْثِي,٢رَبَّࢽَايَدَطِࢽْ أَمِࢽْثِي  غࣸࢽْ مَڢِيْڢِيْثِࢽْ مࣸتࣸࢽْثِي
مَࢽْ إِࢽْتَا دَإِدࣸوْ إِࢽْدࣸوْبَا   إِࢽْغَ کࣸورَࢽْࢽَࢽْ تَکَعࣸبَا,حَرْإِࢽْتَادَإِدࣸوْإِࢽْدࣸوبَا  إِࢽْغَ کࣸورَࢽْࢽَࢽْ تَکَڢࣸبَا
٦ يَاإِلَهَ الْعَالَمِيࢽَ   ࢽࣸيمَکـࢽ إِࢽْجي مَدِيࢽَا,٢يَاإلَمَالْعَالَمِيࢽَ  بࣸيْمَکٜىٰࢽِ إِࢽْجٜيٰ مَدِيࢽَا
غࣸࢽْ کࣸثبوَ ࢽَّࢽ دَࢽࣸورَا   تَثِکَا ثِي ࢽَمَࢽ بࣸشَارَا,غࣸࢽْ کࣸثٜيٰوَࢽَࢽْ دَࢽࣸورَا  تَثِکَاشِ ࢽَمَيْ بࣸشَارَا
٨ کَاجِ مَي وَاڧَرْ مࣸلࣸولࣸ   تࣸوبَ زَࢽْکِ يَبࣸوࢽْ رَسࣸولࣸ,١کَاجِ مَيْ وَاڧَرْمࣸلࣸولࣸ تࣸوبَ زَࢽْکِ يَبࣸوَࢽْ رَمࣸولࣸ
وَࢽْدَ يَاڧِ رࣸوَࢽْ ذࣸمَاأغࣸمْبَا,وَࢽْدَيَاڢِ رࣸوَࢽْ ذࣸمَاأَغࣸمْبَا
يَاأَبࣸوکِيࢽَاأَثِيمِ   إࢽْ کَسࣸواْکَزَمࣸواْمَلِيمِ,يَاأَبࣸوکِيࢽَاأَثِه  دِࢽْ کَسࣸوْکَوَوࣸواْ مَلِيمِ
١٣ عَاعَ إࢽْ بَکَ مَيزٜيٰبَا  غَسْکِيَا بَتَسَاڢِتَابَا,٣عَاعَࢽْ بَکَ مَيَّزٜيٰبَا  غَسْکِيَابَتَمَاڢِتَابَا
تَمْڢَرْ بَسࣸ غَاجِ کَࢽْغَرَابَا,تَمْڢَرْبَسࣸ غَاجِ کَࢽْغَرَابَا
١٧  بَاشِ رࣸواْوْا دَࢽْ ڧِيَيَّا  أَࢽْيَ سَمّࣸ غَمِيدَ ثِࢽْيَا,١بَاشِ رࣸواوَادَࢽْ ڧِيَيَا  أَࢽْيِ سَمّࣸ غَمِيدَثِࢽْيَا
يَثِ بَـ بِسَ کَࢽْ رَشِࢽْ سَࢽِيبَا,يَثِ بَابِسَ کَࢽْ رَشِࢽْ سَࢽِيبَا
١٨  هَࢽࣸکَلِࢽْسَ شِࢽَا غَأَللَّهْ  بَيْ کࣸلاَ بَـ مَرَسْ کَسَالَهْ,٢هَࢽْکَلِࢽْسَ شِࢽَاغَاَللَّهْ  بَيْ کࣸلَابَمَرَسْ کَسَالَهْ
٢١ رَبَّࢽَايَاکٜيٰبٜ بَاوَا     ࢽَيْ مَڢِيڢِيثِࢽْ مࣸرࣸوَا,٢٧رَبَّࢽَايَاکٜيٰبِ بَاوَاࢽَيْ مَڢِيڢِيثِࢽْ مࣸرࣸوَا
دࣸوبَࢽْشِ دَکَيْ بَشِى يوَابَا,دࣸوبَࢽْشِ دَکَيْ بَشِى يِوَابَا
کࣸورجِࢽِي مَى ڟࣸوارَتَزوَا   ࢽَاغَ الࢽَّبِ غَاعࣸلّࣸوَا,کࣸورْجِࢽِي مَيْ ڟࣸوارَتَرْوَا  ࢽَاغَ اَلࢽَّبِ غَاعࣸلّࣸوَا
٢٨ دࣸکـ مَسࣸورَحَمَه يَبِيشِ  تࣸتّࣸرَايَ مَايَايِ ࢽِيْشِي,٢مࣸکْ مَسࣸورَحَمَهْ يَبِيشِ تࣸتّرٜىٰ مَايَايِ ࢽِيشِ
بِسْمِ اللَّهِ الَّحَمَاࢽِ الرَّحِيمِ صَلَّى اللَّه عَلَى ࢽَبِيِّ الکَرِيمِ,بِسْمِ اللَّهِ الرَّحْمَࢽِ اِلرَّحِيمِ صَلَّ اللَّهࣸ عَلَى ࢽَيِِ الْکَرِيمِ
ڢَڧَالَ الشاڢعي رضي الله عࢽه,ڢڧَال الشاجعيࢽِ ضَى الله الࢽه
وَشريکه أبوبکر مسعود وڧاهماالله,وشريکد ابوبکس مسعوود وڧاهماالله
وإࢽ تخالطهم ڧالوا به طمع  أو إࢽ تجاࢽبهم ڧالوا به الملل,وإࢽ تخالطهم ڧالوابه طمع  أواࢽ ࢽجاࢽهم ڧالواب الملل
وإࢽ تعڢڢت عࢽ اموالهم کرما  ڧالوا غࢽي وِࢽ تسالهم بخلوا,وإࢽ تعڢڢت عࢽ اموالهم کرما   ڧالواغࢽي واࢽ تسالهم بخلوا
بِسْمِ اَللَّهْ اَلرَّحْمَࢽِٰ اَلرَّحِيمِ وَصلى اَللَّهࣸ عَلى الࢽَّبِييِّ اَلکَرِيمِ,بِسْمِ الّهِ الرَّحْمَࢽِ الرَّحِيمِ وَصَلَّى اَللَهࣸ عَلىَ الࢽَّبِيّࣸ الْکَرِيمِ
بِسمِ اِللَّهِ اِلرَّحْمَٰࢽِ اِلرَّحِيمِ  وَصَلَّى اللَّهࣸ عَلَىٰ الࢽَّبِيِ الْکَرِيمِ,بِسْمِ اِللّه الرَّحْمَࢽِ اِلرَّحِيمِ  وَصَلَّى اَلَه عَلَىْ اِلࢽَّبِي لکَرِيمِ
الصَّلاَةࣸ وَالسَّلَامࣸ عَلَىٰ رَسࣸولِ اللَّه,اَلْصَلَاةࣸ وَالࢽْلَامࣸ حَلَى رِسَوࢽِ اِللَّهِ
بِسْمِ اللَّهِ الرَّحْمٰࢽِ الرَّحِيمِ   وَصَلَّى اللَّهࣸ عَلَى الࢽَّبِيِّ اِلْکَرِيمِ؞,بِسْمِ شَّه يَرَّحْمَٰ اِلرَّحِيمِ  وَصَلَّى الَّهࣸ عَلَىْ اَلࢽّبَيّْ اِلکَرِيمِهِ
کࣸࢽْجِ مَذاجٜيٰ کَرْکࣸڧِيَامَࢽِ  کࣸلࣸورَدَدࣸکْ ڢَرْکࣸࢽْ مَّغَࢽَاتَا,کࣸࢽْجِ مَذَاجٜيٰ کَرْکࣸڧِيَامَࢽ کࣸلࣸورَادَدࣸکْ ڢَرْکࣸࢽْ مَّغَࢽَاتَا
هَٰذَاالْکِتَابࣸ اَلْحَاجِ مَالَمْ عَلِيّࣸ,هَذَاألْکِتَابࣸ الْحَاجِ مَالَمْ عَلِيّࣸ
أَرࣸوَاتَاڢَرْمَ کࣸواْکࣸواْ    ڧَرڧَشࢽْ ڧَسَ إࢽْ تَکࣸرْطَواْ,أَرࣸوَاتَاڢَرْمَ کࣸواْکࣸواْ ڧَرْڧَشِࢽْ ڧَسَ إِࢽْ تَکَرْطَواْ
سࣸوࣸثى مَࢽْيَࢽْ غࣸرَاجى  بَابࣸ مَىْ بَايَادَڧَوْجى,سࣸࢽْوࣸثٜيٰ مَࢽْيَࢽْ غَرَاجٜيٰ  بَابࣸ مَيْ بَايَادَڧَوْجٜيٰ
سَى کَثى بَاذَاسࣸ لَاخِرَابَا,سَيْ کَمْٜ بَاذَاسࣸࢽلَاخِرَابَا
يَوْإِࢽَاسَرْکِرْ مࣸسࣸلْمِى  بَىٰلّࣸواْکࣸوا عَبْدࣸالْکَرِيمِ,يَوْإِࢽَاسَرْکِࢽْ مࣸسࣸلْمِي  بٜࢽلّࣸواْکࣸواْعَبَدࣸالْکَرِيمِ
يَأَسَࢽْ طَىَ وَࢽْدَيَارَغىبَا,بَأَسَࢽْ طَيَ وَࢽْدَبَارَغٰٜي بَا
عࣸمَرࣸࢽْ دَلَّاجࣸ کࣸوْارَو    يَامَثٜىٰ أَکࣸمَاسِ سَلَّوْ,عࣸدَرَࢽْ دَلَّجࣸ کࣸوْاْرَو  يَامَثٜيٰ هَکࣸمَاسِ سَلَّوْ
سࣸ عَبَاشٜىٰ إࢽَاعَلِىَ بَبَّا,مَسَ عَبَاشٜيٰ إِࢽَاعَڢِيَبَبَا
رَبِّ مࣸࢽْ رࣸوْڧٜىٰکَ اَللهْ     دَࢽْ اِسَࢽْ اَزࣸمِى دَصَلَّا,رَبِْجِ مࣸࢽْ رࣸوْڧٜيٰکَ اَللَهْ  دَࢽْ إِسَرْأَزࣸمِي دَصَلَّا
بَيْ بَرْسَابࣸوࢽْ اࣸبَࢽْغِجِى بَا,بَيْ بَرْسَسَابࣸوࢽْ أࣸبَࢽْغِجِي بَا
بَتَ بَرْکࣸ کࣸوَيْغَ لَاخِرَابَا,بَتَ بَرْکࣸ کࣸوَيْغَلَاخِرَابَا
سࣸوْىَ تَتَّبَرࣸودَکَاجِى    کࣸوْمِيَرتَوشٜىٰ دَغࣸوجِى,سࣸواْيَ تَتَبَرࣸودَکَاجِي کࣸواْمِيَرْتَوْشٜيٰ دَغࣸوجِي
سَيْ دَجِࢽْ وَعَظِي کَࢽِيْسَا   کَيْ ذࣸغࣸمْ بَيْسَاکَڢَاسَا,سَيْ دَجِࢽْ وَعَظِي کَࢽِيْسَا  کَيْ ذࣸغࣸمْ بَيْسَاکَڢَاسَا
أَيْکِࢽْ سَاݒࣸوࢽْ أࣸبَࢽْ غِجِيبَا,أَيْکِࢽْ سَابࣸوࢽْ أࣸبَࢽْ غِججِبَا
بَکࣸ دَيْࢽَ أَبِࢽْدَيَيْ هَࢽِيبَا,بَکࣸ دَيْࢽَ أَجِࢽْدَيَيْ هَࢽِيبَا
کَاڢِري کࣸواکࣸواشَڧِيِّ    مَاسࣸ سَمْبَاتࣸو أَلَايِ,کَاڢِرِي کࣸوْاْکࣸوشَڧِيِْ  مَاسࣸ سَمْبَاتࣸوأَلَايِ
بَسࣸ کࣸوْيْکࣸويِ مَاسࣸ هَيْلَابَا,بَسࣸ کࣸوْيکࣸويِ مَاسࣸ هَيْڢَعَابَا
سࣸࢽْڢِ جِࢽْ مغَࢽَرْشَرَار   مَيْ ڢَطَامَسࣸ ذَاسࣸ ڧَبْرِ,سࣸࢽْڢِ جِࢽْ مَغَࢽَࢽْ شَرَࢽْرِ مَيْ ڢَطَامَسࣸ ذَاسَ ڧَيْرِ
شِيدَدَتِّيْجࣸࢽْ مِرَاعَا    غَامَڢِي مࣸوࢽِࢽْ طَبِيعَا,شِيدَدَثِيْجࣸࢽْ مِرَاعَا  غَامَڢِي مࣸوࢽِࢽْ طَبِيعَا
مࣸࢽْ کࣸمَ مࣸࢽْ رࣸوڧِ سَرْکِ  ذَاالْجَلَالِ کَبَامࣸ ڟَرْکِ,مࣸࢽْ کࣸمَ مࣸࢽْ رࣸوڧِ سَرْکِ  ذَاأجْجَلَالِ کَبَامࣸ ڟَرْکِ
تَمْکَرْبَأَتَارَ ࢳَࢽْ أَدَمْ بَا,تَمْکَرْبَأَࢽَارَࢳَࢽْ أَدَمْبَا
دَغَرِࢽْ سَيْ مَاسࣸ إِيْکࣸواْ    يَࢽْذࣸبَاکࣸواْ مَاسࣸ تَرْکࣸواْ,دَغَرِࢽْ سَيْ مَاسࣸ إِيْکࣸواْ  يَࢽْذࣸبَاکࣸواْمَاسࣸ تَرْکࣸواْ
دَࢽْدَلِࢽْوࣸ ࢽَثِࢽْ أَبِࢽْثِ   بَابࣸ کࣸواْ وَسَيْ کࣸمࣸرْثِ,دَࢽْدَلِࢽْسࣸ ࢽَثِࢽْ أَبِࢽْثِ  بَابࣸ کࣸواْوَسَيْ کࣸمࣸرْمْثِ
طَاکࣸࢽَࢽْسࣸ دَِلَا کَبَرثِ   دَاتَࢽَارِڧࣸࢽْ أَمِࢽْثِ,طَاکࣸࢽَࢽْسࣸ دِلَاکَبَرِْ  دَاتَࢽَادَرِڧࣸࢽْ أَمِࢽْثِ
يَامثٜيٰ هَرْطَࢽْسَ يࣸࢽْڢَ    تࣸࢽدَدَي مَࢽْيَࢽْ خَلِيڢَهْ,يَامَثٜيٰ هَرْطَࢽْسَ بࣸࢽْڢَ  تࣸتࢽْدَيْ مَࢽْيَࢽْ خَلِيڢَهْ
طَࢽْ أࣸوَارِڧَيِ دَلࣸورَا   بَاع ثِيمَتَ کَوْ دَبَارَا,طَࢽْ أࣸوَارِڧَيِ دَلࣸورَا بَاعَ ثِيمَتَ کَوْدَبَارَا
سَادࣸرࣸورࣸوَا ݒَاتَ هِيرَا     کࣸواغِدَࢽْ غَڢِيَادَݒٜي رَا,سَاکࣸرࣸوْرࣸوَبَاتَ هِيرَا  کࣸواْغِدَࢽْ غَڢِيَادَبٜيٰ رَا
إِت بَاتَارَرْتَ لَاڢِيَابَا,إِتَ بَامَارَوْتَ لَاڢِيَابَا
تࣸࢽْدَدَيْ مࣸکَ سَࢽْ أَکࣸويْتَ   بَامࣸ شَکَّرْأَوْکࣸوْرْتْ,تࣸࢽْدَدَيْ مࣸکَ سَࢽْ أَکࣸويْتَ  بَامࣸ شَکَّرْأَوْکࣸوَرْتَ
سَيْ مࣸدَيْࢽَ ڢَطِࢽْ حَلِࢽْتَ   ࢳَيْ أࣸوَا مَيِ تَتَّلِࢽْتَ,سَيْ مࣸدَيْࢽَ ڢَطِࢽْ حَلِࢽْتَ  ࢳَࢽْ أࣸوَامَيِ تَتَّلِࢽْتَ
تࣸࢽْ رَيْ بَيْکَيْغَ تَوَّڢَابَا,تࣸࢽْ رَيْ بَيْکَيْغَ تَّر جَابَا
شَيْخࣸࢽَاعَبْدࣸالرَّوءࣸڢࣸ  تࣸࢽْ إِࢽَا يَارࣸواْ ضَعِيڢِ,شَيْخࣸࢽَاعَبْدࣸالرَّوّࣸوڢِ تࣸࢽْ إِࢽَايَارࣸوَاْ ضَڢِيڢِ
بَيْ بَرْجِ ثِکِࢽْ هَکࣸوکࣸوْابَا,بَيْ جَرْيِ ثِکِرْمَکࣸوکࣸووَابَا
شِي سَࢽِي تَمْکَرْ أࣸوَاࢽٜيٰ    غࣸࢽْ مَرَايࣸو کࣸواأࣸبَاࢽٜيٰ,شِي سَࢽْي ࢽَمْکَرْعࣸوَاࢽٜيٰ  غࣸࢽْ مَرَايࣸوکࣸواْأࣸبَاࢽٜيٰ
إِࢽْکَسَامࣸ سَࢽِي رِڧٜيٰشِ   کَمَ دَڧَرْڢِࢽْ کَرْکَ بَرْشِ,إِکَسَامࣸ هَالِي رِڧٜيٰشِ  کَمَدَڧَرْڢِکَ يدَشِ
کࣸوامٜيٰ وَهَّلَا ڧَزَامَا  رࣸࢽْغࣸمٜيٰ عِلْمِي أَدَامَا,کࣸواْمٜيٰ وَهَلَاڧَزَامَا  رࣸࢽࣸغࣸطٜى عِلْمِي أَدَامَا
تمت بحمد لله,اَوَࢽڧب
اَلࢽَّاشِرࣸأَحْمَدࣸ اَلتِّجَاࢽِي حَڢِظَهࣸ اللَّهࣸ وَڢَّڧْࢽَااَللَّهࣸ,اَلࢽَّاشِرࣸأَحْمَدࣸاتِجَاࢽِي حڢِظَهࣸ الَّهࣸ وَڢَّڧْࢽَاالَّهࣸ
إِلَىٰ مَايَحِبّࣸءَامِيࢽْ .. بِإِذْࢽِ الْمࣸوَلِّڢࣸ,إِلىٰ مَامَحِبّࣸ دَاحِيِرْهْ بِإِذْࢽِ اِلْمࣸوَلِّعࣸ
هَٰذَاالْکَتَابࣸ اَلْحَاجِ مَالَمْ عَلِيّࣸ,هَذَاالْکِتَابࣸ الْحَاجِ مَالَمْ عَلِيّࣸ
ࢳࢽْعࣸوَاسࣸکَ تَمْبَيٰٜࢽِ   مࣸيْوَوَاڧَرْ تَامࣸ ڟَاࢽِي,ڢَࢽْڢࣸوَاسࣸکَ تَحْبَيٜيٰࢽِ  مࣸيْوَوَاڧَرْتَامࣸ ڟَࢽِي
سَاإدࣸࢽْ ࢽَڟࣸوَادَدࣸوبَا    دࣸوࢽِيَابَمࣸ ذࣸوذَامَابَا,سَااإِدࣸࢽْ ࢽَڟࣸوَادَدࣸوبَا  دࣸوࢽِيَابَمࣸ ذࣸوْذَمَابَا
دࣸوبِ خَيْرِاِلْخَلْڧِ إِمْبَا   وَوْتَا دَرَشِࢽْ ࢽَڟࣸوبَا,دࣸوبِي خَيْرࣸاإِلْخَلْڧِ إِمْبَا  وَوْتَادَرَشِࢽْ ࢽَڟࣸوبَا
مَيْتࣸڧٜيٰ مَسَ حَمْزَرِࢽْسَ    تَاکَڟٜيٰ ڟَارَرَکِࢽْسَ,مَيْتࣸڧٜيٰ مَسَ حَمْزَرِࢽْسَ تَاکَڟٜيٰ ڟَارَرَکِࢽْسَ
جِࢽْجِرِي أَثِکِࢽْ أࣸوَرْسَ  أَࢽْ کِرْا تِيلَسْ يَأَمْسَ,جِࢽْجِرِي أَثِکِࢽْ أَوَرْسَ  أَࢽْکِرَاتِيْلَسْ يَأَمْسَ
تَيْ ݒَرِي بَيْ ذَمْࢽَ دࣸوࢽِيَا,ࢽَيْ بَرِي بَيْ ذَمْࢽَ دࣸوࢽِبَابَا
غَاکَ مَيْوْعَدِي دَطَطّٜيٰ   مٜيٰ يَسَاوَاوَا کَرࣸوطٜيٰ,غَاکَ مَيْوَعَدِي دَطَڟّٜيٰ  مٜيٰ يَسَاوَاوَاکَرࣸوطٜيٰ
تࣸࢽْ کَࢽَايَارࣸواْأَڟࣸمَّا    کٜيٰ ڢَطِࢽْ مࣸتࣸوَاکَغِرْمَا,تࣸࢽْ کَࢽَايَارࣸواْأَڟࣸمَّا کٜيٰ ڢَطِࢽْ مࣸتࣸوَاکَڧِرْمَا
وَيْ أَثِيٰ مَکَ مَيْ سࣸکࣸوࢽِي   زࣸوثِيَاکࣸوْاْبَايَڧِکيࢽِ,وَيْ أَثٜيٰ مَکَ مَيْ سࣸکࣸوࢽِي  زࣸوثِيَاکࣸوْاْبَايَڧِيࢽِ
مٜيٰ يَسَاکَ يَوَيْتَ هࣸوامَا    کࣸوْتࣸوࣸاْدَڢࣸرَادَࢽَامَا,بٰٜ يَسَاکَ يَوَيْتَ هࣸواْمَا   کࣸوْتࣸوࣸاْدَڢࣸرَادَࢽَامَا
سَيْ کَشَاکَثِ کَيْ ࢽِشَاطِي   کَاسࣸوَا تَاذࣸواْ دَبࣸوطِي,سَيْ کَشَاکَثِ کَيْ ࢽِشَاکِي کَاسࣸوَاتَاذࣸواْدَبࣸوطِي
ࢽٜيٰمِ تَوحِيدِ کَذَاکَ   سَࢽْ سࣸأَلْوَضࣸا دࣸکْ دَوّࢽْکَ,ࢽٰٜمِ تَوْحِيطِ کَذَاکَ  سَࢽْ سࣸأَلْوَضࣸدࣸکْ دَوَࢽْکَ
تࣸࢽْ بَأَأّيْکࣸواْ مَلَا ءِکَابَا,تࣸࢽْ بَأَأَيْکࣸواْمَلَِکَابَا
کَارࣸݒيٰ ڟࣸوڟَاتَشَرْبَا    يَࢽْذࣸمٜي يَفِ کࣸيْوکَذَابَاکࣸي,کَارٜࣸيٰ ڟࣸوڟَاتَغلَرْبَا  يَࢽْذࣸجٜيٰ يَڢِ کَيْوکَذَابَا
دَعِبَادَاتَيْ بَکَيْ مࣸسࣸوبَا,دَعِبَادَاتَيْ بَکَيْ مࣸسࣸوبَا
کَارِڧࣸوْوَعَدِي غَأَللَّهْ   ذَاکَيِࢽْ أَزࣸمِيٰ دَصَلَّا,کَارِڧࣸوْوَعَدِي غَأَللَهْ  ذَاکَيِࢽْ أَزࣸمِي دَصَلَّا
وَࢽْدَبࣸيْيِ غَمࣸࢽْ کَتَرْبَا    بَاشِ کࣸواْسَامࣸࢽْ إِجَابَا,وَࢽْدِبࣸيْيِ غَمࣸࢽْ کَتَرْبَا  بَاشِ کࣸواْسَامࣸس إِجَابَا
تࣸࢽْدَدَيْ بَاذَيْيِ تَمْبَيَابَا,تࣸࢽْدَدَيْ بَاذَيْوَ ࢽَمْبَيَابَا
غِرْمَࢽْ بَاذَي وَاتَابَکّࣸويْبَا,غِࢽْ مَࢽْ بَاذَيْ وَࢽَابَکࣸوواْبَا
سَيِّدِاِلْوَرَا إِࢽْ کَغَاࢽٜيٰ     کَاغَ شَيْطَاࢽَࢽْ مࣸتࣸاࢽٜيٰ,سَبيِإِ سلْرَرَإِࢽْ کَغَاࢽٜيٰ  کَاغَ شَيْطَاࢽَࢽْ مࣸتَاࢽٜيٰ
غَࢽِࢽْ إِدࣸوبَيْيِ ڢَاٱءِدَابَا,غَࢽِࢽْ إِدࣸوبَيِ ڢَاءِدَابَا
کَرْکَبَامࣸتࣸوَا أَمِࢽْثِي    کࣸواْوَادَکࣸواوَادࣸوࢽْ تَلَوْثِي,کَرْکَبَامࣸتَوَاأَمِࢽْثِي  کࣸواْوَادَکࣸواْوَادࣸوࢽْ تَلَوْيَ
إِࢽْتَذࣸواْبَاڟَيْڟَيَاوَا   کواْدَڧࣸاشِ کࣸواْدَيِࢽْوَا,إِࢽْتَذࣸواْبَاڟَيْڟَيَاوَا کࣸواْدَڧࣸواْشِ کࣸولْدَيِࢽْوَا
تَاڢِ کࣸواْمِي ڟࣸواْرَتَرْوَا    طَالِبِي هَرْمَيْ سّࢽَرْوَا,تَاهِکࣸواْمِي کࣸوْاْرَتَرْوَا  کَالِبي سَرْمَيْ سَتَرْوَا
بَأَسَࢽْ طَيْ وَࢽْدَتَارَغٜيٰبَا,بَأَمَْطَيَ وَࢽْدَاࢽَارَغٜيْبَا
مَيْ کࣸطِي کࣸواْ مَيْ سَرَوْتَا   کࣸوْوَاࢽٜيٰ يَجِ تَمْبّرِࢽْتَا,مَيْ کࣸطِي کࣸواْمَيْ سَرَوتَا   کࣸوْوَࢽٜيٰ جَڢِ تَمْبَرِࢽْتَا
إِتَ بَاتَارَتَّ لَاڢِيَابَا,إِتَ بَاࢽَاوَکَ لَاڢِيَابَا
تَارٜيٰ دَيْ کࣸکٜيٰ کࣸوْإِࢽَاࢽٜي    کࣸواْکَࢽَاتَڢٜيٰ کࣸواْ أَذَوْࢽٜيٰ,تَارٜيٰ دَيْ کࣸکٜيٰ کࣸوْاتَاࢽٜيٰ کࣸواْکَࢽَاتَڢٰٜ کࣸواْأَذَوْࢽٜيٰ
بَاتَ کࣸࢽْيَرْ کࣸوْسࣸوَاࢽٜيٰ   دَاتَࢽَادَمَکَࢽْغَرِيࢽٜيٰ,بَاتَ کࣸࢽْيَرْکࣸوْسࣸوَࢽٜيٰ  دَاتَࢽَادَمَکَࢽْغَرِيࢽٜيٰ
