ImageID,GroundTruth,Prediction,CER,WER
Infiraji_3.pdf_page_13_line_007,تَمْکَرْسࣸورَادَڢَاتِحَابَا,تَمْکَرْسࣸورَادَڢَاتِحَابَا,0.0,0.0
Infiraji_12.pdf_page_10_line_006,بَاطَࢽْ ثَمَيࣸومَرَرْڧِبَابَا,بَاطَࢽْ ثَمَيࣸومَرَرْڧِبَابَا,0.0,0.0
Nana_Asmāʾu_The_Absolute_Truth_1_Nana_Asmāʾu_Tabbat_Haqiqan_1.pdf_page_10_line_015,20,20,0.0,0.0
Infiraji_7.pdf_page_14_line_017,14,14,0.0,0.0
Infiraji_8.pdf_page_9_line_006,بَيْکَيْ غَاشِࢽْ غِرَرْإِدࣸوبَا,بَيْکَيْ غَاشِࢽْ غِرَرْإِدࣸوبَا,0.0,0.0
Infiraji_3.pdf_page_10_line_009,تَمْکَرْخَيْضَادَجَࢽَّبَابَا,تَمْکَرْخَيْضَادَجَࢽَّبَابَا,0.0,0.0
Infiraji_8.pdf_page_8_line_008,يَاحَࢽَاکࣸ دَسࣸࢽْ کࣸطِࢽٜيٰ کࣸࢽْ هَلَّکَ ذَاکࣸ ڧࣸوࢽٜيٰ,يَاحَࢽَاکࣸ دَسࣸࢽْ کࣸطِࢽٜيٰ کࣸࢽْ هَلَّکَ ذَاکࣸ ڧࣸوࢽٜيٰ,0.0,0.0
The_Glorious_Majidu_Infiraji_1.pdf_page_1_line_002,وَاڧَرْمَجِيدࣸ,وَاڧَرْمَجِيدࣸ,0.0,0.0
Infiraji_8.pdf_page_8_line_006,بَتَ بَرْکࣸ کࣸࢽٜيٰمِي لَاخِرَابَا,بَتَ بَرْکࣸ کࣸࢽٜيٰمِي لَاخِرَابَا,0.0,0.0
MAF_286.pdf_page_9_line_010,بَسࣸ سَامࣸ حࣸجَّ بَاغَبَرْدٜࢽْ مࣸحَمَّدࣸ ؞  سَيْ کࣸمَ أَڧࣸوࢽَاسࣸ دَسࣸکَڧِ مࣸحَمَّدَا,بَسࣸ سَامࣸ حࣸجَّ بَاغَبَرْدٜࢽْ مࣸحَمَّدࣸ ؞  سَيْ کࣸمَ أَڧࣸوࢽَاسࣸ دَسࣸکَڧِ مࣸحَمَّدَا,0.0,0.0
Infiraji_5.pdf_page_12_line_016,10,10,0.0,0.0
Infiraji_11.pdf_page_13_line_016,12,12,0.0,0.0
Infiraji_12.pdf_page_18_line_003,دَسَࢽِࢽْ وَايَࢽْسࣸ بَابَعَابَا,دَسَࢽِࢽْ وَايَࢽْسࣸ بَابَعَابَا,0.0,0.0
Infiraji_4.pdf_page_4_line_013,اَلْخَيْرِࢽَابَيَيْ يَوَابَا,اَلْخَيْرِࢽَابَيَيْ يَوَابَا,0.0,0.0
Nana_Asmāʾu_The_Absolute_Truth_1_Nana_Asmāʾu_Tabbat_Haqiqan_1.pdf_page_9_line_016,19,19,0.0,0.0
Infiraji_3.pdf_page_9_line_017,7,7,0.0,0.0
Infiraji_4.pdf_page_1_line_005,بِإِذْࢽِ مࣸوَلِّڢࣸ هَذَا,بِإِذْࢽِ مࣸوَلِّڢࣸ هَذَا,0.0,0.0
Infiraji_4.pdf_page_22_line_006,بَعَ سَابَ غَࢽِࢽْ سࣸࢽَاذࣸوَابَا,بَعَ سَابَ غَࢽِࢽْ سࣸࢽَاذࣸوَابَا,0.0,0.0
Infiraji_5.pdf_page_9_line_017,7,7,0.0,0.0
Infiraji_4.pdf_page_10_line_004,أَيْ تࣸࢽْ بَعَجٜيٰ غَکَوْثَرَابَا,أَيْ تࣸࢽْ بَعَجٜيٰ غَکَوْثَرَابَا,0.0,0.0
Infiraji_4.pdf_page_3_line_014,دࣸکْ أَبِࢽْدَمࣸتࣸمْ يَرِسْکَا  شِي مَأَوْࢽِي ذَاشِ طَوْکَا,دࣸکْ أَبِࢽْدَمࣸتࣸمْ يَرِسْکَا  شِي مَأَوْࢽِي ذَاشِ طَوْکَا,0.0,0.0
Infiraji_8.pdf_page_15_line_015,دَسَرْڧَابَادَکࣸورࣸوَابَا,دَسَرْڧَابَادَکࣸورࣸوَابَا,0.0,0.0
Infiraji_4.pdf_page_20_line_012,بَسࣸ غَسْکَتَ ࢽَامࣸ اَلࢽَّبِي بَا,بَسࣸ غَسْکَتَ ࢽَامࣸ اَلࢽَّبِي بَا,0.0,0.0
Infiraji_11.pdf_page_11_line_012,کَغَ کَلْمَابَاتَغَرْدَمَابَا,کَغَ کَلْمَابَاتَغَرْدَمَابَا,0.0,0.0
Infiraji_10.pdf_page_8_line_018,7,7,0.0,0.0
Infiraji_7.pdf_page_8_line_016,دوب,دوب,0.0,0.0
Infiraji_8.pdf_page_24_line_009,سࣸکَ سَࢽْ بَاذَاسࣸ دَوَّمَابَا,سࣸکَ سَࢽْ بَاذَاسࣸ دَوَّمَابَا,0.0,0.0
Infiraji_3.pdf_page_9_line_009,ࢽَمَالِکࣸ بَادَغَوْغَوَابَا,ࢽَمَالِکࣸ بَادَغَوْغَوَابَا,0.0,0.0
Infiraji_5.pdf_page_5_line_003,دَسࣸکَيْ مَسَ بَاࢽَشِرْيࣸوَابَا,دَسࣸکَيْ مَسَ بَاࢽَشِرْيࣸوَابَا,0.0,0.0
Infiraji_10.pdf_page_7_line_014,تࣸوحَکَࢽَࢽْ مَّثٜيٰ کࣸومِي ݣٜࢽْتَا  إِࢽْ دَيْ بَاتَ حَلِي دَࢽَغَرْتَا,تࣸوحَکَࢽَࢽْ مَّثٜيٰ کࣸومِي ݣٜࢽْتَا  إِࢽْ دَيْ بَاتَ حَلِي دَࢽَغَرْتَا,0.0,0.0
Infiraji_5.pdf_page_8_line_016,6,6,0.0,0.0
Infiraji_7.pdf_page_2_line_010,کَتࣸࢽَابَاذَامࣸ دَوَّمَابَا,کَتࣸࢽَابَاذَامࣸ دَوَّمَابَا,0.0,0.0
Infiraji_9.pdf_page_12_line_014,10,10,0.0,0.0
Infiraji_5.pdf_page_2_line_006,الکِتَابࣸ الْحَاجِ,الکِتَابࣸ الْحَاجِ,0.0,0.0
Infiraji_4.pdf_page_6_line_013,دَسࣸکٜيٰ حَطٜيٰ غَاشِ بَيْهَطٜيٰبَا,دَسࣸکٜيٰ حَطٜيٰ غَاشِ بَيْهَطٜيٰبَا,0.0,0.0
Infiraji_4.pdf_page_1_line_007,مَالَمْ عَلِيّࣸ ࢽَمَࢽْغِ,مَالَمْ عَلِيّࣸ ࢽَمَࢽْغِ,0.0,0.0
Infiraji_6.pdf_page_15_line_012,أَذࣸبَامَتَ بَادَتَاڧِيَابَا,أَذࣸبَامَتَ بَادَتَاڧِيَابَا,0.0,0.0
Infiraji_8.pdf_page_29_line_008,دࣸࢽْ يَکَيْ مَࢽْذࣸويَغَࢽْسࣸ  ࢽَࢽْ جَهَࢽَّمَ سَيْتَ بَرْسࣸ,دࣸࢽْ يَکَيْ مَࢽْذࣸويَغَࢽْسࣸ  ࢽَࢽْ جَهَࢽَّمَ سَيْتَ بَرْسࣸ,0.0,0.0
Infiraji_3.pdf_page_18_line_012,بَيْ کࣸواْيِ ثِکِࢽْ رَشِࢽْ سَࢽِيبَا,بَيْ کࣸواْيِ ثِکِࢽْ رَشِࢽْ سَࢽِيبَا,0.0,0.0
Infiraji_8.pdf_page_11_line_006,أَبِيَاجࣸوࢽَاأَيَاڢٜي غَابَا,أَبِيَاجࣸوࢽَاأَيَاڢٜي غَابَا,0.0,0.0
Infiraji_4.pdf_page_17_line_009,وَحَلَابَتَ بَرْسࣸ غَࢽْغَرَابَا,وَحَلَابَتَ بَرْسࣸ غَࢽْغَرَابَا,0.0,0.0
Infiraji_4.pdf_page_17_line_012,کَبࣸغَࢽْسࣸ دَشِي سَبࣸوادَذَمْبَا,کَبࣸغَࢽْسࣸ دَشِي سَبࣸوادَذَمْبَا,0.0,0.0
Infiraji_4.pdf_page_18_line_002,حࣸولࣸࢽَارَوَࢽِي کَغَاࢽٜيٰ  أَࢽْࢽَطٜيٰسࣸ دَشِي سࣸغَاࢽٜيٰ,حࣸولࣸࢽَارَوَࢽِي کَغَاࢽٜيٰ  أَࢽْࢽَطٜيٰسࣸ دَشِي سࣸغَاࢽٜيٰ,0.0,0.0
Infiraji_4.pdf_page_11_line_004,بَࢽْ کَاࢽَادَکࣸواْکࣸطِࢽْ حَڧِيبَا,بَࢽْ کَاࢽَادَکࣸواْکࣸطِࢽْ حَڧِيبَا,0.0,0.0
Infiraji_8.pdf_page_29_line_003,شِي يَسَابَمࣸ بَرْکَ کَاتࣸࢽَابَا,شِي يَسَابَمࣸ بَرْکَ کَاتࣸࢽَابَا,0.0,0.0
Infiraji_5.pdf_page_7_line_006,دَحَدِيثِ بَامࣸڢَاجَعَابَا,دَحَدِيثِ بَامࣸڢَاجَعَابَا,0.0,0.0
Infiraji_4.pdf_page_2_line_001,وَاڧَرْ إِࢽْڢِرَاجِ تَتَرَ,وَاڧَرْ إِࢽْڢِرَاجِ تَتَرَ,0.0,0.0
Infiraji_4.pdf_page_2_line_005,بِإِذْࢽِ مࣸوَلِّڢࣸ هَذَا,بِإِذْࢽِ مࣸوَلِّڢࣸ هَذَا,0.0,0.0
Infiraji_4.pdf_page_2_line_007,مَالَمْ عَلِيّࣸ ࢽَمَࢽْغِ,مَالَمْ عَلِيّࣸ ࢽَمَࢽْغِ,0.0,0.0
Infiraji_4.pdf_page_23_line_001,سَيْوࣸتَادࣸکَ تَيْتَ سَࢽْيِي  أَࢽْرِغَادࣸکَ غَاشِ أَࢽْيِي,سَيْوࣸتَادࣸکَ تَيْتَ سَࢽْيِي  أَࢽْرِغَادࣸکَ غَاشِ أَࢽْيِي,0.0,0.0
Infiraji_4.pdf_page_25_line_006,کࣸمَ سَيْ بَکَذࣸوْکَࢽَارَحَابَا,کࣸمَ سَيْ بَکَذࣸوْکَࢽَارَحَابَا,0.0,0.0
Nana_Asmāʾu_The_Authentic_Path_Nana_Asmāʾu_Godaben_Gaskiya.pdf_page_2_line_015,مکوت,مکوت,0.0,0.0
Infiraji_5.pdf_page_9_line_006,دَرَجَاتَسࣸ بَاأَبِࢽْ مࣸسࣸوبَا,دَرَجَاتَسࣸ بَاأَبِࢽْ مࣸسࣸوبَا,0.0,0.0
Infiraji_4.pdf_page_38_line_007,أَذࣸبَاوࣸتَ بَادَشَاوَرَابَا,أَذࣸبَاوࣸتَ بَادَشَاوَرَابَا,0.0,0.0
Infiraji_10.pdf_page_8_line_001,7,7,0.0,0.0
Infiraji_8.pdf_page_6_line_006,بَتَ بَرْکࣸ کࣸࢽٜيٰمِي لَاخِرَابَا,بَتَ بَرْکࣸ کࣸࢽٜيٰمِي لَاخِرَابَا,0.0,0.0
Infiraji_6.pdf_page_4_line_012,دَسࣸکٜيٰ حَطٜيٰ غَاشِ بَيْهَطٜيٰبَا,دَسࣸکٜيٰ حَطٜيٰ غَاشِ بَيْهَطٜيٰبَا,0.0,0.0
ELIT_WAN_00130_003r_line_014,5,5,0.0,0.0
Infiraji_12.pdf_page_10_line_017,10,10,0.0,0.0
Infiraji_8.pdf_page_13_line_016,ذااذو,ذااذو,0.0,0.0
Infiraji_12.pdf_page_18_line_016,اࢽد,اࢽد,0.0,0.0
Warning_Gargaɗi_Infiraji_2.pdf_page_14_line_006,دَغَ بَايَ غَرَيْ سࣸبَاشِ غَابَا,دَغَ بَايَ غَرَيْ سࣸبَاشِ غَابَا,0.0,0.0
Infiraji_8.pdf_page_4_line_003,رَࢽَّࢽْ بَسࣸکَࢽْ بَڧِࢽْ ثِکِيبَا,رَࢽَّࢽْ بَسࣸکَࢽْ بَڧِࢽْ ثِکِيبَا,0.0,0.0
Infiraji_8.pdf_page_3_line_008,أَيْکِࢽْ خَيْرِ بَسࣸيْ رࣸڢِيبَا,أَيْکِࢽْ خَيْرِ بَسࣸيْ رࣸڢِيبَا,0.0,0.0
Infiraji_12.pdf_page_6_line_015,وࢽغ,وࢽغ,0.0,0.0
Infiraji_5.pdf_page_15_line_009,بَتَ سَࢽْ لَيْڢِࢽْتَ يَيْ يَوَابَا,بَتَ سَࢽْ لَيْڢِࢽْتَ يَيْ يَوَابَا,0.0,0.0
Infiraji_8.pdf_page_3_line_005,دَبَسࣸيْ سَاݒࣸࢽْ أࣸبَࢽْ غِجِيبَا,دَبَسࣸيْ سَاݒࣸࢽْ أࣸبَࢽْ غِجِيبَا,0.0,0.0
Infiraji_4.pdf_page_16_line_010,سَوْڧَڧٜيٰمَࢽَ بَادَکَاغَذَابَا,سَوْڧَڧٜيٰمَࢽَ بَادَکَاغَذَابَا,0.0,0.0
A_Letter_to_Malam_Ƙalarawi_Wasiƙa_zuwa_ga_Malam_Lawan_Ƙalarawi.pdf_page_1_line_011,طَࢽْ ࢽَمِجِ ڧَاڧَاذَاعَسَاوَاطَࢽْ سࣸوࢽَا,طَࢽْ ࢽَمِجِ ڧَاڧَاذَاعَسَاوَاطَࢽْ سࣸوࢽَا,0.0,0.0
Warning_Gargaɗi_Infiraji_2.pdf_page_2_line_002,غَرْغَطِي,غَرْغَطِي,0.0,0.0
Infiraji_6.pdf_page_9_line_009,إِࢽْبَاکَڢَطِي کَࢽَاغࣸدࣸوبَا,إِࢽْبَاکَڢَطِي کَࢽَاغࣸدࣸوبَا,0.0,0.0
Infiraji_5.pdf_page_16_line_009,بَاذَاتَ ثِکَادَأَرْزࣸکَابَا,بَاذَاتَ ثِکَادَأَرْزࣸکَابَا,0.0,0.0
Infiraji_6.pdf_page_15_line_016,سيش,سيش,0.0,0.0
Warning_Gargaɗi_Infiraji_2.pdf_page_6_line_016,5,5,0.0,0.0
Infiraji_8.pdf_page_6_line_003,بَمࣸسَࢽْ ڢَرَضِي دَࢽَاڢِلَابَا,بَمࣸسَࢽْ ڢَرَضِي دَࢽَاڢِلَابَا,0.0,0.0
Nana_Asmāʾu_The_Absolute_Truth_1_Nana_Asmāʾu_Tabbat_Haqiqan_1.pdf_page_7_line_009,غࣸوبٜيٰ أَتَ زَکَّثٜيٰسࣸ تَبَّتْ حَڧِيڧََا,غࣸوبٜيٰ أَتَ زَکَّثٜيٰسࣸ تَبَّتْ حَڧِيڧََا,0.0,0.0
Infiraji_8.pdf_page_11_line_016,کاغ,کاغ,0.0,0.0
Infiraji_4.pdf_page_26_line_015,إِࢽْدَابَسࣸ غَࢽْشِ سࣸࢽْ ࢽَڟَابَا,إِࢽْدَابَسࣸ غَࢽْشِ سࣸࢽْ ࢽَڟَابَا,0.0,0.0
Infiraji_6.pdf_page_4_line_003,مَعَࢽَاکࣸوْاْذࣸوثِيَايَدࣸوبَا,مَعَࢽَاکࣸوْاْذࣸوثِيَايَدࣸوبَا,0.0,0.0
Infiraji_4.pdf_page_36_line_013,بَسࣸ تَاشِ سࣸࢽَادَلَاڢِيَابَا,بَسࣸ تَاشِ سࣸࢽَادَلَاڢِيَابَا,0.0,0.0
Infiraji_4.pdf_page_28_line_016,دَبَسࣸيْ کَتَرِي اَلَاخِرَابَا,دَبَسࣸيْ کَتَرِي اَلَاخِرَابَا,0.0,0.0
Infiraji_12.pdf_page_3_line_003,بَيْ کَرْݒِ ڢَطَرْأࣸبَࢽْ غِجِيبَا,بَيْ کَرْݒِ ڢَطَرْأࣸبَࢽْ غِجِيبَا,0.0,0.0
Infiraji_7.pdf_page_5_line_005,دَادࣸبࣸࢽْ مِلِيَࢽْ غَرٜيٰکَ رَࢽْدَکَامࣸتࣸ سَيْ أَکَيْکَ,دَادࣸبࣸࢽْ مِلِيَࢽْ غَرٜيٰکَ رَࢽْدَکَامࣸتࣸ سَيْ أَکَيْکَ,0.0,0.0
MAF_286.pdf_page_16_line_017,اذࢽ,اذࢽ,0.0,0.0
Infiraji_4.pdf_page_4_line_010,دࣸومِࢽْ أَيْکِࢽْسَ بَيْ ثِرَابَا,دࣸومِࢽْ أَيْکِࢽْسَ بَيْ ثِرَابَا,0.0,0.0
Nana_Asmāʾu_The_Absolute_Truth_1_Nana_Asmāʾu_Tabbat_Haqiqan_1.pdf_page_5_line_006,سࣸووࣸتَاکَࢽْثِ غࣸوبٜيٰ تَبَّتْ حَڧِيڧََا,سࣸووࣸتَاکَࢽْثِ غࣸوبٜيٰ تَبَّتْ حَڧِيڧََا,0.0,0.0
Infiraji_11.pdf_page_9_line_009,دَوࣸشِرْيَابَاتَڢَمْڢَرَابَا,دَوࣸشِرْيَابَاتَڢَمْڢَرَابَا,0.0,0.0
Infiraji_4.pdf_page_12_line_007,بَسࣸ کَاسَ غࣸدَاطَرِي بَکَي بَا,بَسࣸ کَاسَ غࣸدَاطَرِي بَکَي بَا,0.0,0.0
Infiraji_7.pdf_page_6_line_017,6,6,0.0,0.0
Infiraji_10.pdf_page_10_line_001,9,9,0.0,0.0
Infiraji_8.pdf_page_8_line_015,بَکࣸ سَࢽْ مَڢِتَا اَلَاخِرَابَا,بَکࣸ سَࢽْ مَڢِتَا اَلَاخِرَابَا,0.0,0.0
Infiraji_12.pdf_page_14_line_016,اࢽتذو,اࢽتذو,0.0,0.0
Nana_Asmāʾu_The_Absolute_Truth_1_Nana_Asmāʾu_Tabbat_Haqiqan_1.pdf_page_2_line_017,12,12,0.0,0.0
Infiraji_3.pdf_page_12_line_016,10,10,0.0,0.0
Infiraji_8.pdf_page_29_line_016,مالکي,مالکي,0.0,0.0
ELIT_WAN_00130_002v_line_013,4,4,0.0,0.0
Infiraji_8.pdf_page_13_line_012,کَدَدَيْ يَثِ بَادَيَوْدَرَابَا,کَدَدَيْ يَثِ بَادَيَوْدَرَابَا,0.0,0.0
Infiraji_11.pdf_page_8_line_015,غَاکَيْوتَابَادَکࣸوࢽْ مَتࣸوابَا,غَاکَيْوتَابَادَکࣸوࢽْ مَتࣸوابَا,0.0,0.0
Infiraji_6.pdf_page_7_line_006,إِࢽْ بَکَ مَࢽْتَادَلَاخِرَابَا,إِࢽْ بَکَ مَࢽْتَادَلَاخِرَابَا,0.0,0.0
Infiraji_4.pdf_page_32_line_013,بَسࣸ ذَاݒِي ذَمَاغِدَࢽْ مِجِيبَا,بَسࣸ ذَاݒِي ذَمَاغِدَࢽْ مِجِيبَا,0.0,0.0
Infiraji_8.pdf_page_14_line_012,سࣸکِيَايِي ذࣸوَابِکِࢽْ سَعَابَا,سࣸکِيَايِي ذࣸوَابِکِࢽْ سَعَابَا,0.0,0.0
Nana_Asmāʾu_The_Absolute_Truth_1_Nana_Asmāʾu_Tabbat_Haqiqan_1.pdf_page_8_line_009,غࣸوبٜيٰ أَࢽَاذَلَّلاتَ تَبَّتْ حَڧِيڧََا,غࣸوبٜيٰ أَࢽَاذَلَّلاتَ تَبَّتْ حَڧِيڧََا,0.0,0.0
Infiraji_4.pdf_page_4_line_001,2,2,0.0,0.0
Infiraji_11.pdf_page_11_line_016,10,10,0.0,0.0
Infiraji_8.pdf_page_10_line_015,أَکَثٜيٰ بَاذَاسࣸ ڧٜيٰتَرَابَا,أَکَثٜيٰ بَاذَاسࣸ ڧٜيٰتَرَابَا,0.0,0.0
Infiraji_6.pdf_page_3_line_003,کَرْکَيَرْدَدَثِࢽْ أَمَاࢽَا   کࣸوْاْمࣸتࣸمْ مَيْ سࣸوࢽْ خِيَاࢽَا,کَرْکَيَرْدَدَثِࢽْ أَمَاࢽَا   کࣸوْاْمࣸتࣸمْ مَيْ سࣸوࢽْ خِيَاࢽَا,0.0,0.0
Nana_Asmāʾu_The_Absolute_Truth_1_Nana_Asmāʾu_Tabbat_Haqiqan_1.pdf_page_3_line_009,سࣸوکَيَاوࣸࢽْ وࣸتَاڢَ تَبَّتْ حَڧِيڧََا,سࣸوکَيَاوࣸࢽْ وࣸتَاڢَ تَبَّتْ حَڧِيڧََا,0.0,0.0
Nana_Asmāʾu_The_Absolute_Truth_1_Nana_Asmāʾu_Tabbat_Haqiqan_1.pdf_page_2_line_015,سࣸوکَڧࣸوࢽَاغَغࣸوبٜيٰ تَبَّتْ حَڧِيڧََا,سࣸوکَڧࣸوࢽَاغَغࣸوبٜيٰ تَبَّتْ حَڧِيڧََا,0.0,0.0
Infiraji_4.pdf_page_11_line_010,أَوࣸتَابَامَاسࣸ تَبَّتَابَا,أَوࣸتَابَامَاسࣸ تَبَّتَابَا,0.0,0.0
Infiraji_8.pdf_page_29_line_015,إِࢽْدَابَسࣸ غَࢽْشِ سࣸࢽْ ࢽَڟَابَا,إِࢽْدَابَسࣸ غَࢽْشِ سࣸࢽْ ࢽَڟَابَا,0.0,0.0
Infiraji_12.pdf_page_13_line_016,13,13,0.0,0.0
Infiraji_9.pdf_page_18_line_015,16,16,0.0,0.0
Nana_Asmāʾu_The_Authentic_Path_Nana_Asmāʾu_Godaben_Gaskiya.pdf_page_9_line_017,9,9,0.0,0.0
Infiraji_4.pdf_page_21_line_012,بَکَ سَࢽْ هَالِࢽْدَسࣸࢽْ کَشٜيٰبَا,بَکَ سَࢽْ هَالِࢽْدَسࣸࢽْ کَشٜيٰبَا,0.0,0.0
Infiraji_4.pdf_page_33_line_013,سَࢽَّࢽْ بَاذَاشِ کࣸوْاْمࣸوَابَا,سَࢽَّࢽْ بَاذَاشِ کࣸوْاْمࣸوَابَا,0.0,0.0
Infiraji_8.pdf_page_4_line_012,اَلْخَيْرِࢽَابَيَيْ يَوَابَا,اَلْخَيْرِࢽَابَيَيْ يَوَابَا,0.0,0.0
The_Glorious_Majidu_Infiraji_1.pdf_page_4_line_016,2,2,0.0,0.0
Infiraji_6.pdf_page_7_line_016,مي,مي,0.0,0.0
Infiraji_6.pdf_page_19_line_016,سى مکࢽ,سى مکࢽ,0.0,0.0
Knowledge_to_Follow_God_Gandal_Fii_Rewugol_Alla.pdf_page_3_line_001,3,3,0.0,0.0
Infiraji_4.pdf_page_41_line_016,رࣸوَࢽْ جَمَعَابَذَى غَمٜىٰبَا,رࣸوَࢽْ جَمَعَابَذَى غَمٜىٰبَا,0.0,0.0
Infiraji_5.pdf_page_5_line_011,هَرْأَذَارٜيٰ رَࢽْسَ بَيْ سَࢽِيبَا,هَرْأَذَارٜيٰ رَࢽْسَ بَيْ سَࢽِيبَا,0.0,0.0
Infiraji_11.pdf_page_9_line_003,حَرْشٜىٰࢽْسَ بَشِى غࣸرَاغࣸرَابَا,حَرْشٜىٰࢽْسَ بَشِى غࣸرَاغࣸرَابَا,0.0,0.0
Infiraji_6.pdf_page_19_line_003,بَأَبَاکࣸ رَبࣸوْاأَلَاخِرَابَا,بَأَبَاکࣸ رَبࣸوْاأَلَاخِرَابَا,0.0,0.0
Infiraji_7.pdf_page_5_line_014,حَجِّ زَکَّاغَاکَسَالَهْ تَاڟَرٜيٰکَ ثِکِࢽْ جَهَالَهْ,حَجِّ زَکَّاغَاکَسَالَهْ تَاڟَرٜيٰکَ ثِکِࢽْ جَهَالَهْ,0.0,0.0
Infiraji_7.pdf_page_3_line_012,کَتࣸࢽَابَاذَاسࣸ دَاوَيࣸوبَا,کَتࣸࢽَابَاذَاسࣸ دَاوَيࣸوبَا,0.0,0.0
Infiraji_4.pdf_page_15_line_016,وَحَلَابَاوَࢽْدَبَيْ غَمٜيٰبَا,وَحَلَابَاوَࢽْدَبَيْ غَمٜيٰبَا,0.0,0.0
Infiraji_12.pdf_page_15_line_003,بَايَࢽْدَبَذَاشِ رَاذَࢽَابَا,بَايَࢽْدَبَذَاشِ رَاذَࢽَابَا,0.0,0.0
Infiraji_9.pdf_page_2_line_006,يَࢽْتَدࣸواْ کَࢽࣸو,يَࢽْتَدࣸواْ کَࢽࣸو,0.0,0.0
Infiraji_12.pdf_page_1_line_001,وَاڧَرْإࢽْڢِرَاجِ تَهࣸطࣸ,وَاڧَرْإࢽْڢِرَاجِ تَهࣸطࣸ,0.0,0.0
Infiraji_9.pdf_page_17_line_013,سࣸوبَاڢَهِمْتَرْکࣸومِي دࣸوࢽِيَا    دَسࣸودَدَبْبࣸوبِي بَارَرَبَا,سࣸوبَاڢَهِمْتَرْکࣸومِي دࣸوࢽِيَا    دَسࣸودَدَبْبࣸوبِي بَارَرَبَا,0.0,0.0
Infiraji_3.pdf_page_19_line_016,17,17,0.0,0.0
Infiraji_5.pdf_page_17_line_009,ࢽَاتَ طَࢽْ بَتَبَرْسࣸ سࣸࢽْ سَکٜىٰبَا,ࢽَاتَ طَࢽْ بَتَبَرْسࣸ سࣸࢽْ سَکٜىٰبَا,0.0,0.0
Infiraji_4.pdf_page_16_line_013,بَسࣸ ڢَاسَ کِرَاسࣸࢽَادَطِيبَا,بَسࣸ ڢَاسَ کِرَاسࣸࢽَادَطِيبَا,0.0,0.0
Infiraji_6.pdf_page_3_line_013,إِࢽْ يَکَرْيٜيٰ سَيْکࣸ رࣸوشٜيٰ  ذࣸوثِيَاثٜيٰ إِࢽْ تَبࣸوشٜيٰ,إِࢽْ يَکَرْيٜيٰ سَيْکࣸ رࣸوشٜيٰ  ذࣸوثِيَاثٜيٰ إِࢽْ تَبࣸوشٜيٰ,0.0,0.0
Infiraji_3.pdf_page_8_line_015,أَغِدَࢽْ بَازَاسࣸ وَارࣸوَابَا,أَغِدَࢽْ بَازَاسࣸ وَارࣸوَابَا,0.0,0.0
Infiraji_4.pdf_page_30_line_007,إِࢽْ بَکَ مَࢽْتَادَلَاخِرَابَا,إِࢽْ بَکَ مَࢽْتَادَلَاخِرَابَا,0.0,0.0
Infiraji_8.pdf_page_9_line_016,وࢽس,وࢽس,0.0,0.0
Infiraji_11.pdf_page_6_line_012,أَمَّࢽْ بَشِکَࢽْ تَکَبّࣸرَابَا,أَمَّࢽْ بَشِکَࢽْ تَکَبّࣸرَابَا,0.0,0.0
Warning_Gargaɗi_Infiraji_2.pdf_page_10_line_016,9,9,0.0,0.0
Infiraji_8.pdf_page_27_line_015,إِࢽْدَابَسࣸ غَࢽْشِ سࣸࢽْ ࢽَڟَابَا,إِࢽْدَابَسࣸ غَࢽْشِ سࣸࢽْ ࢽَڟَابَا,0.0,0.0
Infiraji_4.pdf_page_19_line_010,مࣸࢽْجِ ذَمْهَرِذَاأَبَاسࣸ  مَيْ ذَيَرْبَکَ ذࣸوثِيَرْسࣸ,مࣸࢽْجِ ذَمْهَرِذَاأَبَاسࣸ  مَيْ ذَيَرْبَکَ ذࣸوثِيَرْسࣸ,0.0,0.0
Infiraji_8.pdf_page_20_line_012,بَسࣸ غَسْکَتَ ࢽَامࣸ اَلࢽَّبِي بَا,بَسࣸ غَسْکَتَ ࢽَامࣸ اَلࢽَّبِي بَا,0.0,0.0
Infiraji_7.pdf_page_1_line_002,غَرْغَطِي,غَرْغَطِي,0.0,0.0
Infiraji_5.pdf_page_16_line_006,بَسࣸ دَامࣸ دَذَاسࣸ لَاخِرَابَا,بَسࣸ دَامࣸ دَذَاسࣸ لَاخِرَابَا,0.0,0.0
A_Person_with_a_Livelihood_Will_Never_Be_Destitute_Mai_Sanaa_Ba_Ya_Tsiya.pdf_page_4_line_019,تو,تو,0.0,0.0
Infiraji_3.pdf_page_20_line_015,مَاتَࢽْسَ دَڧَࢽْڧَࢽَادَبَبَّا,مَاتَࢽْسَ دَڧَࢽْڧَࢽَادَبَبَّا,0.0,0.0
Infiraji_4.pdf_page_7_line_004,بَمࣸسَࢽْ ڢَرَضِي دَࢽَاڢِلَابَا,بَمࣸسَࢽْ ڢَرَضِي دَࢽَاڢِلَابَا,0.0,0.0
Infiraji_6.pdf_page_15_line_009,بَأَبَاتَ رَبࣸوْاْمَڢِي يَوَابَا,بَأَبَاتَ رَبࣸوْاْمَڢِي يَوَابَا,0.0,0.0
Nana_Asmāʾu_The_Absolute_Truth_1_Nana_Asmāʾu_Tabbat_Haqiqan_1.pdf_page_2_line_016,ماس ايکو,ماس ايکو,0.0,0.0
Infiraji_7.pdf_page_16_line_009,أَيْ بَکَاذَوْࢽَادَڢِرْغِتَابَا,أَيْ بَکَاذَوْࢽَادَڢِرْغِتَابَا,0.0,0.0
MAF_286.pdf_page_18_line_017,اࢽا,اࢽا,0.0,0.0
Infiraji_4.pdf_page_40_line_001,37,37,0.0,0.0
Infiraji_7.pdf_page_14_line_016,اࢽتذو,اࢽتذو,0.0,0.0
Infiraji_6.pdf_page_7_line_015,أَذࣸبَاوࣸتَ بَادَتَمْبَيَابَا,أَذࣸبَاوࣸتَ بَادَتَمْبَيَابَا,0.0,0.0
Infiraji_8.pdf_page_14_line_006,وَحَلَرْسࣸ أَغࣸوبٜيٰ لَاخِرَابَا,وَحَلَرْسࣸ أَغࣸوبٜيٰ لَاخِرَابَا,0.0,0.0
Infiraji_3.pdf_page_12_line_006,إِࢽْ بَامࣸوࢽِࢽْسَ يَيْ يَوَابَا,إِࢽْ بَامࣸوࢽِࢽْسَ يَيْ يَوَابَا,0.0,0.0
Infiraji_6.pdf_page_18_line_012,بَسࣸ سَࢽْ مَࢽࣸڢَا غَهَلَّکَابَا,بَسࣸ سَࢽْ مَࢽࣸڢَا غَهَلَّکَابَا,0.0,0.0
Infiraji_5.pdf_page_20_line_006,مَشِغِࢽْسࣸ دَشِي بَءَارَبَابَا,مَشِغِࢽْسࣸ دَشِي بَءَارَبَابَا,0.0,0.0
Infiraji_6.pdf_page_22_line_016,20,20,0.0,0.0
Infiraji_6.pdf_page_8_line_016,ثِکِࢽْسࣸ بَذَاسࣸ کࣸوْاْبَرِيبَا,ثِکِࢽْسࣸ بَذَاسࣸ کࣸوْاْبَرِيبَا,0.0,0.0
A_Person_with_a_Livelihood_Will_Never_Be_Destitute_Mai_Sanaa_Ba_Ya_Tsiya.pdf_page_2_line_018,ميتو,ميتو,0.0,0.0
Infiraji_12.pdf_page_8_line_009,غࣸيْوَابَتَ کَيْغَ دࣸرْڧࣸسَابَا,غࣸيْوَابَتَ کَيْغَ دࣸرْڧࣸسَابَا,0.0,0.0
Infiraji_9.pdf_page_7_line_015,ڢصل مالم,ڢصل مالم,0.0,0.0
Infiraji_4.pdf_page_23_line_006,مࣸوْبَمَارَسَ کࣸواْأَبِࢽْ ڢَطِيبَا,مࣸوْبَمَارَسَ کࣸواْأَبِࢽْ ڢَطِيبَا,0.0,0.0
Infiraji_6.pdf_page_1_line_006,اَلْحَاجِ مَالَمْ عَلِيّࣸ,اَلْحَاجِ مَالَمْ عَلِيّࣸ,0.0,0.0
Warning_Gargaɗi_Infiraji_2.pdf_page_2_line_001,وَاڧَرْإِࢽْڢِرَاجِ تَبِيࣸو,وَاڧَرْإِࢽْڢِرَاجِ تَبِيࣸو,0.0,0.0
Warning_Gargaɗi_Infiraji_2.pdf_page_9_line_016,دوب,دوب,0.0,0.0
Nana_Asmāʾu_The_Authentic_Path_Nana_Asmāʾu_Godaben_Gaskiya.pdf_page_7_line_017,7,7,0.0,0.0
Infiraji_11.pdf_page_6_line_016,مي ادوا,مي ادوا,0.0,0.0
Infiraji_11.pdf_page_10_line_017,9,9,0.0,0.0
Infiraji_6.pdf_page_11_line_006,بَسࣸ سَامِ وࣸرِࢽْدَسࣸࢽْ ڟَيَابَا,بَسࣸ سَامِ وࣸرِࢽْدَسࣸࢽْ ڟَيَابَا,0.0,0.0
Infiraji_8.pdf_page_12_line_009,مَشِغِࢽْتَ بَذَاشِ دَوَّمَابَا,مَشِغِࢽْتَ بَذَاشِ دَوَّمَابَا,0.0,0.0
Infiraji_6.pdf_page_12_line_009,أَغَرَيْ مࣸکَ ڢَارࣸبَابَعَابَا,أَغَرَيْ مࣸکَ ڢَارࣸبَابَعَابَا,0.0,0.0
ELIT_WAN_00130_013r_line_011,المهل,المهل,0.0,0.0
Infiraji_6.pdf_page_12_line_012,دَبَسࣸي سَاݒࣸࢽْ أࣸبَࢽْ غِجِيبَا,دَبَسࣸي سَاݒࣸࢽْ أࣸبَࢽْ غِجِيبَا,0.0,0.0
Infiraji_6.pdf_page_19_line_012,بَسࣸ شَادَاطِ أَلَاخِرَابَا,بَسࣸ شَادَاطِ أَلَاخِرَابَا,0.0,0.0
The_Glorious_Majidu_Infiraji_1.pdf_page_9_line_017,7,7,0.0,0.0
Infiraji_8.pdf_page_18_line_006,بَذَاعَ کَشٜيٰتَ بَاڢَطِيبَا,بَذَاعَ کَشٜيٰتَ بَاڢَطِيبَا,0.0,0.0
Infiraji_8.pdf_page_13_line_007,وَࢽْسࣸ حَرْڧَبَرِي سࣸتࣸواْࢽَا  دࣸࢽْ يَوَࢽْ ذَاڢِࢽْ خِيَاࢽَا,وَࢽْسࣸ حَرْڧَبَرِي سࣸتࣸواْࢽَا  دࣸࢽْ يَوَࢽْ ذَاڢِࢽْ خِيَاࢽَا,0.0,0.0
Infiraji_5.pdf_page_15_line_016,وࢽد,وࢽد,0.0,0.0
Infiraji_11.pdf_page_15_line_003,تَاکࣸوْاْثِکَ بَادَغَرْدَمَابَا,تَاکࣸوْاْثِکَ بَادَغَرْدَمَابَا,0.0,0.0
Infiraji_7.pdf_page_16_line_012,کَيْ بَکَارَسَ يِࢽْ مࣸوَاڢَڧَابَا,کَيْ بَکَارَسَ يِࢽْ مࣸوَاڢَڧَابَا,0.0,0.0
Infiraji_5.pdf_page_10_line_003,کࣸواْدَادَرَجَرْتَ ذَاشِ دࣸوبَا,کࣸواْدَادَرَجَرْتَ ذَاشِ دࣸوبَا,0.0,0.0
Infiraji_6.pdf_page_9_line_012,بَسࣸ ذَاݒِي ذَمَاغِدَࢽْ مِجِيبَا,بَسࣸ ذَاݒِي ذَمَاغِدَࢽْ مِجِيبَا,0.0,0.0
Infiraji_6.pdf_page_8_line_007,بَسࣸ سَࢽْ غِرْمَࢽْ أࣸبَࢽْ غِجِيبَا,بَسࣸ سَࢽْ غِرْمَࢽْ أࣸبَࢽْ غِجِيبَا,0.0,0.0
Infiraji_6.pdf_page_9_line_002,غࣸࢽْ سَرَاکَيْ کࣸوْاْظَلَامَا   غࣸࢽْ مَأَوْرَاکࣸوْاْحࣸسࣸومَا,غࣸࢽْ سَرَاکَيْ کࣸوْاْظَلَامَا   غࣸࢽْ مَأَوْرَاکࣸوْاْحࣸسࣸومَا,0.0,0.0
Infiraji_5.pdf_page_13_line_003,ࢽَأࣸوَابَادَغࣸوْاْدِيَابَا,ࢽَأࣸوَابَادَغࣸوْاْدِيَابَا,0.0,0.0
Infiraji_6.pdf_page_7_line_010,سࣸوڢَ دࣸࢽْ حَکَ رَࢽْ ڧِيَامَا  ذَاسࣸ تَاشِ سࣸࢽَاࢽَدَامَا,سࣸوڢَ دࣸࢽْ حَکَ رَࢽْ ڧِيَامَا  ذَاسࣸ تَاشِ سࣸࢽَاࢽَدَامَا,0.0,0.0
Infiraji_5.pdf_page_14_line_003,بَامَيْ رِغِمَاأَدࣸوࢽِيَابَا,بَامَيْ رِغِمَاأَدࣸوࢽِيَابَا,0.0,0.0
Infiraji_8.pdf_page_10_line_016,6,6,0.0,0.0
Infiraji_5.pdf_page_11_line_009,کࣸوْاْدَابَيْکَيْ کࣸطِࢽْ کِڟࣸوبَا,کࣸوْاْدَابَيْکَيْ کࣸطِࢽْ کِڟࣸوبَا,0.0,0.0
Infiraji_4.pdf_page_44_line_016,دࣸࢽْ رَࢽْ کࣸوْاْوَࢽْسࣸ بَيْࢽَڟَابَا,دࣸࢽْ رَࢽْ کࣸوْاْوَࢽْسࣸ بَيْࢽَڟَابَا,0.0,0.0
Warning_Gargaɗi_Infiraji_2.pdf_page_4_line_009,أَوَابَسࣸ لٜيٰڧَ دࣸوࢽِيَابَا,أَوَابَسࣸ لٜيٰڧَ دࣸوࢽِيَابَا,0.0,0.0
Infiraji_7.pdf_page_13_line_009,بَأَثِيشِ بَڧِي أَغَرْدَمَابَا,بَأَثِيشِ بَڧِي أَغَرْدَمَابَا,0.0,0.0
Infiraji_4.pdf_page_38_line_013,أَذࣸبَامَتَ بَادَتَاڧِيَابَا,أَذࣸبَامَتَ بَادَتَاڧِيَابَا,0.0,0.0
Infiraji_6.pdf_page_9_line_003,بَعَذَاݒِي ذَمَادَلَاڢِيَابَا,بَعَذَاݒِي ذَمَادَلَاڢِيَابَا,0.0,0.0
Infiraji_3.pdf_page_12_line_015,مَکَرَاکࣸوبَاأَشِمْڢِطَابَا,مَکَرَاکࣸوبَاأَشِمْڢِطَابَا,0.0,0.0
Infiraji_10.pdf_page_11_line_016,10,10,0.0,0.0
Infiraji_4.pdf_page_32_line_015,بَسࣸ کَيْ ࢳَاࢳَاغَمَالࣸمَابَا,بَسࣸ کَيْ ࢳَاࢳَاغَمَالࣸمَابَا,0.0,0.0
Infiraji_6.pdf_page_6_line_015,بَکَ سَࢽْ ذَمَࢽِࢽْ ذࣸوَࢽْ حَرِيبَا,بَکَ سَࢽْ ذَمَࢽِࢽْ ذࣸوَࢽْ حَرِيبَا,0.0,0.0
Infiraji_7.pdf_page_5_line_009,إِࢽْ بَاڢَرَضِي دَࢽَاڢِلَابَا,إِࢽْ بَاڢَرَضِي دَࢽَاڢِلَابَا,0.0,0.0
Warning_Gargaɗi_Infiraji_2.pdf_page_7_line_006,رَاࢽَاکَࢽْ هࣸودَبَيْ سَࢽِيبَا,رَاࢽَاکَࢽْ هࣸودَبَيْ سَࢽِيبَا,0.0,0.0
Infiraji_11.pdf_page_6_line_003,سࣸکَ تࣸوبَ دَسَاکٜيٰ بَاشِ غَابَا,سࣸکَ تࣸوبَ دَسَاکٜيٰ بَاشِ غَابَا,0.0,0.0
Infiraji_6.pdf_page_3_line_002,وَعَلَىٰ ءَالِهِ وَصَحْبِهِ وَسَلَّمَ,وَعَلَىٰ ءَالِهِ وَصَحْبِهِ وَسَلَّمَ,0.0,0.0
MAF_286.pdf_page_2_line_001,1,1,0.0,0.0
Infiraji_6.pdf_page_7_line_009,دَبَذَاسࣸ حࣸکࣸࢽْتࣸ دࣸࢽْ کِرَابَا,دَبَذَاسࣸ حࣸکࣸࢽْتࣸ دࣸࢽْ کِرَابَا,0.0,0.0
Infiraji_10.pdf_page_6_line_019,5,5,0.0,0.0
Infiraji_4.pdf_page_23_line_015,مࣸࢽْسَࢽْ بَيْسَࢽْ مࣸࢽَادࣸهࣸوبَا,مࣸࢽْسَࢽْ بَيْسَࢽْ مࣸࢽَادࣸهࣸوبَا,0.0,0.0
Infiraji_7.pdf_page_3_line_015,بَکَ شَيْدَاتَاکَ ࢽَاذࣸوَابَا,بَکَ شَيْدَاتَاکَ ࢽَاذࣸوَابَا,0.0,0.0
Infiraji_4.pdf_page_32_line_007,مَࢽْيَࢽْ بَسࣸ تَارَحَࢽْکࣸلَابَا,مَࢽْيَࢽْ بَسࣸ تَارَحَࢽْکࣸلَابَا,0.0,0.0
Infiraji_8.pdf_page_30_line_009,دَمࣸکَ أَيْکَابَيْيِ ڢَاءِدَابَا,دَمࣸکَ أَيْکَابَيْيِ ڢَاءِدَابَا,0.0,0.0
Infiraji_4.pdf_page_19_line_015,هࣸوهࣸودَسَيْڢَرْسࣸ بَيْرَغٜيٰبَا,هࣸوهࣸودَسَيْڢَرْسࣸ بَيْرَغٜيٰبَا,0.0,0.0
Infiraji_6.pdf_page_5_line_015,دَبَسࣸيْ کَتَرِي أَلَاخِرَابَا,دَبَسࣸيْ کَتَرِي أَلَاخِرَابَا,0.0,0.0
Infiraji_6.pdf_page_5_line_004,شِڢَ غِرْمَࢽْ کَيْ حَلِيࢽٜيٰ  وَࢽْدَکٜيٰ ثࣸوْتَرْمࣸتَاࢽٜيٰ,شِڢَ غِرْمَࢽْ کَيْ حَلِيࢽٜيٰ  وَࢽْدَکٜيٰ ثࣸوْتَرْمࣸتَاࢽٜيٰ,0.0,0.0
Infiraji_5.pdf_page_2_line_005,بِإِذْࢽِ مࣸوَلِّڢࣸ هَذَا,بِإِذْࢽِ مࣸوَلِّڢࣸ هَذَا,0.0,0.0
Infiraji_5.pdf_page_2_line_002,وَاڧَرْ بِࢽْ إِيَايٜيٰ,وَاڧَرْ بِࢽْ إِيَايٜيٰ,0.0,0.0
Infiraji_3.pdf_page_14_line_003,بَيْسَࢽْ مࣸتࣸوَاتَࢽَازࣸوَابَا,بَيْسَࢽْ مࣸتࣸوَاتَࢽَازࣸوَابَا,0.0,0.0
The_Harlots_Song_Waƙar_Karuwa.pdf_page_1_line_015,تکࢽ بدد,تکࢽ بدد,0.0,0.0
Infiraji_3.pdf_page_17_line_015,دَرِڧࣸࢽْدَبَتَيْ رَشِࢽْ تࣸڢَابَا,دَرِڧࣸࢽْدَبَتَيْ رَشِࢽْ تࣸڢَابَا,0.0,0.0
Infiraji_4.pdf_page_31_line_010,أَغَرٜيٰسࣸ بَذَاتَ سَامࣸوَابَا,أَغَرٜيٰسࣸ بَذَاتَ سَامࣸوَابَا,0.0,0.0
Infiraji_6.pdf_page_15_line_017,13,13,0.0,0.0
Warning_Gargaɗi_Infiraji_2.pdf_page_17_line_020,16,16,0.0,0.0
Infiraji_3.pdf_page_7_line_016,توشࢽا,توشࢽا,0.0,0.0
Infiraji_8.pdf_page_25_line_009,بَسࣸ سَࢽْ مِيڧَادَتَاکࣸرَابَا,بَسࣸ سَࢽْ مِيڧَادَتَاکࣸرَابَا,0.0,0.0
Infiraji_6.pdf_page_5_line_009,بَيْ کَرْݒِ ڢَطَرْأࣸبَࢽْ غِجِيبَا,بَيْ کَرْݒِ ڢَطَرْأࣸبَࢽْ غِجِيبَا,0.0,0.0
Infiraji_8.pdf_page_23_line_003,يَࢽْذࣸࢽْ بَسࣸ سَࢽْ کَࢽَاذࣸوَابَا,يَࢽْذࣸࢽْ بَسࣸ سَࢽْ کَࢽَاذࣸوَابَا,0.0,0.0
Infiraji_8.pdf_page_22_line_003,أَثِکِࢽْ إِدَّابَکࣸࢽْ بَرِيبَا,أَثِکِࢽْ إِدَّابَکࣸࢽْ بَرِيبَا,0.0,0.0
Infiraji_7.pdf_page_1_line_001,وَاڧَرْإِࢽْڢِرَاجِ تَبِيࣸو,وَاڧَرْإِࢽْڢِرَاجِ تَبِيࣸو,0.0,0.0
Infiraji_4.pdf_page_11_line_007,بَيْدَامࣸ دَذَاشِ لَاخِرَابَا,بَيْدَامࣸ دَذَاشِ لَاخِرَابَا,0.0,0.0
Infiraji_3.pdf_page_21_line_016,19,19,0.0,0.0
Infiraji_6.pdf_page_18_line_003,بَکَ سَامِ رࣸوَࢽْدَکَاحَطٜيٰبَا,بَکَ سَامِ رࣸوَࢽْدَکَاحَطٜيٰبَا,0.0,0.0
Infiraji_4.pdf_page_28_line_004,دَعِبَادَبَادَتَمْبَيَابَا,دَعِبَادَبَادَتَمْبَيَابَا,0.0,0.0
Infiraji_8.pdf_page_5_line_004,طَايَثٜيٰمَ أࣸبَاوَحَلْشٜيٰ مࣸ دَادَکَکٜي يَبَاشٜيٰ,طَايَثٜيٰمَ أࣸبَاوَحَلْشٜيٰ مࣸ دَادَکَکٜي يَبَاشٜيٰ,0.0,0.0
Infiraji_8.pdf_page_25_line_015,بَتَ کَيْمَسࣸ ثِي کَمَرْبَعَابَا,بَتَ کَيْمَسࣸ ثِي کَمَرْبَعَابَا,0.0,0.0
Infiraji_9.pdf_page_19_line_009,مَيْزِࢽَاإِࢽْ بَيْ تࣸوبَبَا   سَيْ يَيْࢽࣸڟࣸووࣸتَاحَرْيَاشٜيٰکَرَا,مَيْزِࢽَاإِࢽْ بَيْ تࣸوبَبَا   سَيْ يَيْࢽࣸڟࣸووࣸتَاحَرْيَاشٜيٰکَرَا,0.0,0.0
Infiraji_4.pdf_page_24_line_013,إِࢽْوࣸتَاتَاسَࢽْ کَطَࢽْيَا  کࣸواْکَمَرْأَدࣸوَادَڧِرْيَا,إِࢽْوࣸتَاتَاسَࢽْ کَطَࢽْيَا  کࣸواْکَمَرْأَدࣸوَادَڧِرْيَا,0.0,0.0
Infiraji_4.pdf_page_34_line_006,لَاخِرَادَيْ بَاسࣸ سَامࣸ  أَرْزࣸکَاإِࢽْ أَࢽْکِرَامࣸ,لَاخِرَادَيْ بَاسࣸ سَامࣸ  أَرْزࣸکَاإِࢽْ أَࢽْکِرَامࣸ,0.0,0.0
Infiraji_6.pdf_page_14_line_016,12,12,0.0,0.0
A_Letter_to_Malam_Ƙalarawi_Wasiƙa_zuwa_ga_Malam_Lawan_Ƙalarawi.pdf_page_1_line_004,ذࣸومَيْغِرَمَامࣸتࣸم مَيْدَرَجَابࣸرࣸمَيْ دَرَجَ,ذࣸومَيْغِرَمَامࣸتࣸم مَيْدَرَجَابࣸرࣸمَيْ دَرَجَ,0.0,0.0
Infiraji_3.pdf_page_9_line_006,جَمَعَابَسࣸ ڢَاسَ تَارࣸوَابَا,جَمَعَابَسࣸ ڢَاسَ تَارࣸوَابَا,0.0,0.0
Infiraji_8.pdf_page_2_line_007,ࢽَمَࢽْغِ زَارِيَ,ࢽَمَࢽْغِ زَارِيَ,0.0,0.0
Infiraji_4.pdf_page_31_line_007,بَسࣸ سَࢽْ غِرْمَࢽْ أࣸبَࢽْ غِجِيبَا,بَسࣸ سَࢽْ غِرْمَࢽْ أࣸبَࢽْ غِجِيبَا,0.0,0.0
Nana_Asmāʾu_The_Absolute_Truth_1_Nana_Asmāʾu_Tabbat_Haqiqan_1.pdf_page_10_line_009,وَعْظࣸࢽَادࣸࢽْ کࣸجِيشِ تَبَّتْ حَڧِيڧََا,وَعْظࣸࢽَادࣸࢽْ کࣸجِيشِ تَبَّتْ حَڧِيڧََا,0.0,0.0
Infiraji_6.pdf_page_15_line_006,أَذࣸبَاوࣸتَ بَادَشَاوَرَابَا,أَذࣸبَاوࣸتَ بَادَشَاوَرَابَا,0.0,0.0
The_Human_Being_Is_an_Incurable_Disease_Mutum_Cuta_Ne_Marar_Magani.pdf_page_7_line_017,5,5,0.0,0.0
Infiraji_4.pdf_page_3_line_012,لَيْڢِࢽْکَ سࣸذَࢽْ بَسࣸيْ يَوَابَا,لَيْڢِࢽْکَ سࣸذَࢽْ بَسࣸيْ يَوَابَا,0.0,0.0
Infiraji_4.pdf_page_3_line_006,دَبَسࣸيْ سَاݒࣸࢽْ أࣸبَࢽْ غِجِيبَا,دَبَسࣸيْ سَاݒࣸࢽْ أࣸبَࢽْ غِجِيبَا,0.0,0.0
Infiraji_5.pdf_page_12_line_009,بَسࣸ کَࢽْ کࣸلَاذَاسࣸ لَاخِرَابَا,بَسࣸ کَࢽْ کࣸلَاذَاسࣸ لَاخِرَابَا,0.0,0.0
Infiraji_4.pdf_page_30_line_013,اَللَّهْ بَيْ وࣸوْاْشِ دࣸوࢽِيَابَا,اَللَّهْ بَيْ وࣸوْاْشِ دࣸوࢽِيَابَا,0.0,0.0
Infiraji_4.pdf_page_27_line_005,مࣸووَيْ بَمࣸ طَوْرٜيٰ جَاکࣸࢽَابَا,مࣸووَيْ بَمࣸ طَوْرٜيٰ جَاکࣸࢽَابَا,0.0,0.0
Infiraji_7.pdf_page_13_line_016,13,13,0.0,0.0
Infiraji_4.pdf_page_35_line_004,کࣸمَ ڟࣸوْاْرَتَ کَرْمࣸ ڢَاطَ طَࢽْبَا,کࣸمَ ڟࣸوْاْرَتَ کَرْمࣸ ڢَاطَ طَࢽْبَا,0.0,0.0
Infiraji_4.pdf_page_29_line_006,يَبِ سࣸࢽَّابَادَکَࢽْغَرَابَا,يَبِ سࣸࢽَّابَادَکَࢽْغَرَابَا,0.0,0.0
Infiraji_9.pdf_page_8_line_015,6,6,0.0,0.0
Infiraji_4.pdf_page_8_line_007,بَيْکَيْ غَاشِࢽْ غِرَرْإِدࣸوبَا,بَيْکَيْ غَاشِࢽْ غِرَرْإِدࣸوبَا,0.0,0.0
Infiraji_4.pdf_page_3_line_015,بَعَ ڢَاسَ کِرَاأَࢽَاذࣸبِيبَا,بَعَ ڢَاسَ کِرَاأَࢽَاذࣸبِيبَا,0.0,0.0
Infiraji_6.pdf_page_13_line_016,سو,سو,0.0,0.0
Infiraji_4.pdf_page_8_line_013,سَيْ ࢽَذَکَّي سَيْ ࢽَحَجِّ دࣸوبَا,سَيْ ࢽَذَکَّي سَيْ ࢽَحَجِّ دࣸوبَا,0.0,0.0
Infiraji_4.pdf_page_34_line_010,يَکࣸوکَ دَکَࢽْسَ بَيْ سَࢽِيبَا,يَکࣸوکَ دَکَࢽْسَ بَيْ سَࢽِيبَا,0.0,0.0
Infiraji_4.pdf_page_7_line_011,ذَاکࣸثٜيٰ وَيْ غࣸوࢽَکِࢽٜيٰ  کࣸواْرِڧࣸࢽْ دࣸوبِࢽْ غِدَاࢽٜيٰ,ذَاکࣸثٜيٰ وَيْ غࣸوࢽَکِࢽٜيٰ  کࣸواْرِڧࣸࢽْ دࣸوبِࢽْ غِدَاࢽٜيٰ,0.0,0.0
Infiraji_7.pdf_page_7_line_016,7,7,0.0,0.0
Infiraji_4.pdf_page_47_line_004,بَأَيَرْدَدَکࣸيْ أَبࣸوْاْتَکَابَا,بَأَيَرْدَدَکࣸيْ أَبࣸوْاْتَکَابَا,0.0,0.0
MAF_286.pdf_page_11_line_011,کࣸسَࢽْ زَامَࢽِي أَيْ يَاوࣸثٜيٰ ثِکِࢽْ طَرِي ؞  يَࢽْذࣸ عَلِيَّاثٜي کࣸسَوْرَارِ ڢَاءِدَا,کࣸسَࢽْ زَامَࢽِي أَيْ يَاوࣸثٜيٰ ثِکِࢽْ طَرِي ؞  يَࢽْذࣸ عَلِيَّاثٜي کࣸسَوْرَارِ ڢَاءِدَا,0.0,0.0
Infiraji_5.pdf_page_14_line_013,دࣸکْ بَسࣸيْ سَاݒࣸࢽْ أࣸبَࢽْ غِجِيبَا,دࣸکْ بَسࣸيْ سَاݒࣸࢽْ أࣸبَࢽْ غِجِيبَا,0.0,0.0
Infiraji_5.pdf_page_4_line_003,غَرِڧࣸࢽْسࣸ بَذَࢽْيِ کࣸسْکࣸرٜيٰبَا,غَرِڧࣸࢽْسࣸ بَذَࢽْيِ کࣸسْکࣸرٜيٰبَا,0.0,0.0
Infiraji_8.pdf_page_14_line_003,أَکَاطࣸواْسࣸ سࣸغَࢽْغَرَامَ طَمْبَا,أَکَاطࣸواْسࣸ سࣸغَࢽْغَرَامَ طَمْبَا,0.0,0.0
Infiraji_5.pdf_page_2_line_001,وَاڧَرْ إِࢽْڢِرَاجِ تَبِيَرْ,وَاڧَرْ إِࢽْڢِرَاجِ تَبِيَرْ,0.0,0.0
Infiraji_4.pdf_page_9_line_006,وَࢽْسࣸ کࣸواْبَسࣸ سَامِ ڧٜيٰتَرَابَا,وَࢽْسࣸ کࣸواْبَسࣸ سَامِ ڧٜيٰتَرَابَا,0.0,0.0
Infiraji_4.pdf_page_7_line_007,بَتَ بَرْکࣸ کࣸࢽٜيٰمِي لَاخِرَابَا,بَتَ بَرْکࣸ کࣸࢽٜيٰمِي لَاخِرَابَا,0.0,0.0
Infiraji_4.pdf_page_6_line_016,بَيْ سَࢽْ مَيْکَامَ حَࢽْࢽࣸوَابَا,بَيْ سَࢽْ مَيْکَامَ حَࢽْࢽࣸوَابَا,0.0,0.0
Infiraji_4.pdf_page_6_line_010,بَکَ رِسْکِ أَبِࢽْدَکَيْ ࢽࣸڢِيبَا,بَکَ رِسْکِ أَبِࢽْدَکَيْ ࢽࣸڢِيبَا,0.0,0.0
Infiraji_7.pdf_page_12_line_003,بَکَسَࢽْ مࣸتࣸوَاتَࢽَاذࣸوَابَا,بَکَسَࢽْ مࣸتࣸوَاتَࢽَاذࣸوَابَا,0.0,0.0
MAF_286.pdf_page_1_line_012,غَمَاسࣸ رِغَاسࣸ بَاتَ کَࢽْسࣸ غَأَࢽْبِ ؞ دَڧَرْيَةَ ذَࢽْثٜيٰ ࢽَسْ ڢَ أَࢽَّبِ أَحْمَدَا,غَمَاسࣸ رِغَاسࣸ بَاتَ کَࢽْسࣸ غَأَࢽْبِ ؞ دَڧَرْيَةَ ذَࢽْثٜيٰ ࢽَسْ ڢَ أَࢽَّبِ أَحْمَدَا,0.0,0.0
Infiraji_3.pdf_page_6_line_015,سࣸࢽْ سَࢽْ بَازَاشِ رَايࣸوَابَا,سࣸࢽْ سَࢽْ بَازَاشِ رَايࣸوَابَا,0.0,0.0
Infiraji_4.pdf_page_37_line_010,ڟَيْوَاکࣸوْاْبَادَدࣸدّࣸغٜىٰبَا,ڟَيْوَاکࣸوْاْبَادَدࣸدّࣸغٜىٰبَا,0.0,0.0
Infiraji_6.pdf_page_10_line_006,دَبَزَيْ کࣸࢽْيَاأَلَاخِرَابَا,دَبَزَيْ کࣸࢽْيَاأَلَاخِرَابَا,0.0,0.0
Infiraji_4.pdf_page_15_line_004,بَاحَࢽْيَاثٜيٰ تَغَاڢَرَابَا,بَاحَࢽْيَاثٜيٰ تَغَاڢَرَابَا,0.0,0.0
Infiraji_5.pdf_page_17_line_016,بࢽ,بࢽ,0.0,0.0
Infiraji_4.pdf_page_43_line_016,يَڢَطَامَ رَسࣸولࣸ طَࢽْ سࣸوَيْبَا,يَڢَطَامَ رَسࣸولࣸ طَࢽْ سࣸوَيْبَا,0.0,0.0
Infiraji_8.pdf_page_19_line_009,وَحَلَابَتَ بَرْسࣸ غَࢽْغَرَابَا,وَحَلَابَتَ بَرْسࣸ غَࢽْغَرَابَا,0.0,0.0
Infiraji_8.pdf_page_7_line_016,وࢽس,وࢽس,0.0,0.0
Infiraji_8.pdf_page_19_line_007,سࣸوکِرَࢽْسࣸ سࣸࢽَادَذَاڢِي  لَيْڢࣸکَࢽْسࣸ سࣸࢽَادَڧَرْڢِي,سࣸوکِرَࢽْسࣸ سࣸࢽَادَذَاڢِي  لَيْڢࣸکَࢽْسࣸ سࣸࢽَادَڧَرْڢِي,0.0,0.0
Infiraji_5.pdf_page_18_line_015,دَأَبِࢽْدَبَذَاشِ دَوَّمَابَا,دَأَبِࢽْدَبَذَاشِ دَوَّمَابَا,0.0,0.0
Infiraji_8.pdf_page_19_line_006,دَمَڧِي زَکَّادَبَيْ ثِرٜيٰبَا,دَمَڧِي زَکَّادَبَيْ ثِرٜيٰبَا,0.0,0.0
Infiraji_8.pdf_page_18_line_015,دَغࣸدَࢽْشِ بَذَاشِ دَوَّمَابَا,دَغࣸدَࢽْشِ بَذَاشِ دَوَّمَابَا,0.0,0.0
Infiraji_4.pdf_page_16_line_016,بَکࣸ بَرْڧَارَاکࣸࢽَاکِرَابَا,بَکࣸ بَرْڧَارَاکࣸࢽَاکِرَابَا,0.0,0.0
Infiraji_11.pdf_page_7_line_016,6,6,0.0,0.0
Infiraji_6.pdf_page_19_line_017,17,17,0.0,0.0
Infiraji_9.pdf_page_2_line_010,١٣٩٣,١٣٩٣,0.0,0.0
Infiraji_4.pdf_page_29_line_015,بَکَ سَࢽْ ذَمَࢽِࢽْ ذࣸوَࢽْ حَرِيبَا,بَکَ سَࢽْ ذَمَࢽِࢽْ ذࣸوَࢽْ حَرِيبَا,0.0,0.0
Infiraji_3.pdf_page_9_line_016,شيخ,شيخ,0.0,0.0
Infiraji_4.pdf_page_30_line_004,کَدَکَيْ ࢽࣸوْاْمَ بَکَيْ جِرَابَا,کَدَکَيْ ࢽࣸوْاْمَ بَکَيْ جِرَابَا,0.0,0.0
Infiraji_9.pdf_page_1_line_001,وَࢽَࢽْ وَاڧَاإِتَثٜيٰ,وَࢽَࢽْ وَاڧَاإِتَثٜيٰ,0.0,0.0
Infiraji_6.pdf_page_10_line_015,بَکَ دࣸوبِ ذࣸوَࢽْکَ لَاخِرَابَا,بَکَ دࣸوبِ ذࣸوَࢽْکَ لَاخِرَابَا,0.0,0.0
Infiraji_4.pdf_page_40_line_007,بَيْ تَاشِ دَلَاڢِيَرْإدࣸوبَا,بَيْ تَاشِ دَلَاڢِيَرْإدࣸوبَا,0.0,0.0
Warning_Gargaɗi_Infiraji_2.pdf_page_13_line_015,بَسࣸ کࣸوْيْکࣸويِ مَاسࣸ هَيْلَابَا,بَسࣸ کࣸوْيْکࣸويِ مَاسࣸ هَيْلَابَا,0.0,0.0
Infiraji_7.pdf_page_3_line_003,شِڢَطِي بَاذَاتَ کَرْݒࣸوَابَا,شِڢَطِي بَاذَاتَ کَرْݒࣸوَابَا,0.0,0.0
Warning_Gargaɗi_Infiraji_2.pdf_page_14_line_010,مࣸࢽْ کࣸمَ مࣸࢽْ رࣸوڧِ سَرْکِ  ذَاالْجَلَالِ کَبَامࣸ ڟَرْکِ,مࣸࢽْ کࣸمَ مࣸࢽْ رࣸوڧِ سَرْکِ  ذَاالْجَلَالِ کَبَامࣸ ڟَرْکِ,0.0,0.0
ELIT_WAN_00130_010v_line_016,20,20,0.0,0.0
Infiraji_3.pdf_page_5_line_011,شِيْدَکَࢽْسَ بَلٜيٰ يَجࣸويَا جِࢽْ جِکِي يَاکَيْ ࢽِهَايَا,شِيْدَکَࢽْسَ بَلٜيٰ يَجࣸويَا جِࢽْ جِکِي يَاکَيْ ࢽِهَايَا,0.0,0.0
Infiraji_4.pdf_page_27_line_014,أَمَّابَايَدَّأَمْڢَطِيبَا,أَمَّابَايَدَّأَمْڢَطِيبَا,0.0,0.0
Infiraji_4.pdf_page_3_line_001,1,1,0.0,0.0
The_Glorious_Majidu_Infiraji_1.pdf_page_3_line_011,مَيْ سࣸوࢽْسَ بَذَيْغَ هَلَّکَابَا,مَيْ سࣸوࢽْسَ بَذَيْغَ هَلَّکَابَا,0.0,0.0
Infiraji_5.pdf_page_4_line_006,غَأَبِࢽْدَيَيِيشِ بَيْ سَࢽِيبَا,غَأَبِࢽْدَيَيِيشِ بَيْ سَࢽِيبَا,0.0,0.0
Infiraji_3.pdf_page_11_line_009,شِزَمࣸواْ بَأَيْشِ بَاتࣸڢَابَا,شِزَمࣸواْ بَأَيْشِ بَاتࣸڢَابَا,0.0,0.0
Infiraji_4.pdf_page_47_line_011,مَيْ حَوَاسَمَ حَوْتَتࣸوشٜيٰ  کَرْکَيَرْدَدَکَامَ رٜيٰشٜيٰ,مَيْ حَوَاسَمَ حَوْتَتࣸوشٜيٰ  کَرْکَيَرْدَدَکَامَ رٜيٰشٜيٰ,0.0,0.0
Warning_Gargaɗi_Infiraji_2.pdf_page_6_line_012,دَعِبَادَاتَيْ بَکَيْ مࣸسࣸوبَا,دَعِبَادَاتَيْ بَکَيْ مࣸسࣸوبَا,0.0,0.0
Infiraji_6.pdf_page_17_line_015,سَاسَرْوَࢽِي بَادَسَلَّمَابَا,سَاسَرْوَࢽِي بَادَسَلَّمَابَا,0.0,0.0
A_Person_with_a_Livelihood_Will_Never_Be_Destitute_Mai_Sanaa_Ba_Ya_Tsiya.pdf_page_1_line_005,غَاسِڢَاتَسَࢽَࢽْ دَکَڧَسَ,غَاسِڢَاتَسَࢽَࢽْ دَکَڧَسَ,0.0,0.0
Infiraji_4.pdf_page_30_line_008,وَࢽْدَسࣸࢽْ رِڧٜيٰ غَرْدَمَاࢽٜيٰ  بَاعَ سَاسࣸ ثِکِࢽْ مࣸتَاࢽٜيٰ,وَࢽْدَسࣸࢽْ رِڧٜيٰ غَرْدَمَاࢽٜيٰ  بَاعَ سَاسࣸ ثِکِࢽْ مࣸتَاࢽٜيٰ,0.0,0.0
Warning_Gargaɗi_Infiraji_2.pdf_page_12_line_015,بَتَ بَرْکࣸ کࣸوَيْغَ لَاخِرَابَا,بَتَ بَرْکࣸ کࣸوَيْغَ لَاخِرَابَا,0.0,0.0
Nana_Asmāʾu_The_Authentic_Path_Nana_Asmāʾu_Godaben_Gaskiya.pdf_page_6_line_019,6,6,0.0,0.0
Infiraji_6.pdf_page_17_line_006,بَيْ تَاشِ دَلَاڢِيَرْإِدࣸوبَا,بَيْ تَاشِ دَلَاڢِيَرْإِدࣸوبَا,0.0,0.0
Infiraji_6.pdf_page_21_line_017,19,19,0.0,0.0
The_Glorious_Majidu_Infiraji_1.pdf_page_11_line_017,9,9,0.0,0.0
Warning_Gargaɗi_Infiraji_2.pdf_page_1_line_006,ࢽَمَࢽْغِ زَارِيَ,ࢽَمَࢽْغِ زَارِيَ,0.0,0.0
Infiraji_7.pdf_page_16_line_006,مَيْ شِغَرْسَ بَذَيْ رَوَرْڧَڢَابَا,مَيْ شِغَرْسَ بَذَيْ رَوَرْڧَڢَابَا,0.0,0.0
Warning_Gargaɗi_Infiraji_2.pdf_page_7_line_003,تࣸࢽْدَدَيْ بَاذَيْيِ تَمْبَيَابَا,تࣸࢽْدَدَيْ بَاذَيْيِ تَمْبَيَابَا,0.0,0.0
Infiraji_8.pdf_page_12_line_015,دَحَطِࢽْ سَبَبِي دَڧࣸلَّ غَابَا,دَحَطِࢽْ سَبَبِي دَڧࣸلَّ غَابَا,0.0,0.0
Warning_Gargaɗi_Infiraji_2.pdf_page_16_line_003,إِت بَاتَارَرْتَ لَاڢِيَابَا,إِت بَاتَارَرْتَ لَاڢِيَابَا,0.0,0.0
Infiraji_6.pdf_page_9_line_006,مَࢽْيَࢽْ بَسࣸ تَارَحَࢽْکࣸلَابَا,مَࢽْيَࢽْ بَسࣸ تَارَحَࢽْکࣸلَابَا,0.0,0.0
Infiraji_3.pdf_page_8_line_003,سَيْدَيْ کࣸمَ إِࢽْ بَزَيْ إِيَابَا,سَيْدَيْ کࣸمَ إِࢽْ بَزَيْ إِيَابَا,0.0,0.0
Infiraji_8.pdf_page_20_line_013,سَيْ سࣸثٜيٰ بَࢽْ غَسْکِيَرْکࣸ  تَاڧِ أَمْڢَاࢽِي غَرٜيٰکࣸ,سَيْ سࣸثٜيٰ بَࢽْ غَسْکِيَرْکࣸ  تَاڧِ أَمْڢَاࢽِي غَرٜيٰکࣸ,0.0,0.0
Warning_Gargaɗi_Infiraji_2.pdf_page_4_line_015,بَکَ شَيْدَاتَاکَ ࢽَاذࣸوَابَا,بَکَ شَيْدَاتَاکَ ࢽَاذࣸوَابَا,0.0,0.0
Infiraji_6.pdf_page_22_line_003,أَغِدَࢽْ دَبَذَىْ بَڧِࢽْ ثِکِيبَا,أَغِدَࢽْ دَبَذَىْ بَڧِࢽْ ثِکِيبَا,0.0,0.0
Infiraji_3.pdf_page_4_line_016,2,2,0.0,0.0
Infiraji_6.pdf_page_11_line_015,غࣸوْاْشِي بَيْ يَوَيْتَ سࣸجَدَابَا,غࣸوْاْشِي بَيْ يَوَيْتَ سࣸجَدَابَا,0.0,0.0
Infiraji_3.pdf_page_3_line_008,بَاکࣸوڟَ دࣸهࣸࢽْ کَبَاءِرَابَا,بَاکࣸوڟَ دࣸهࣸࢽْ کَبَاءِرَابَا,0.0,0.0
Knowledge_to_Follow_God_Gandal_Fii_Rewugol_Alla.pdf_page_4_line_001,4,4,0.0,0.0
Infiraji_8.pdf_page_3_line_011,لَيْڢِࢽْکَ سࣸذَࢽْ بَسࣸيْ يَوَابَا,لَيْڢِࢽْکَ سࣸذَࢽْ بَسࣸيْ يَوَابَا,0.0,0.0
Infiraji_8.pdf_page_8_line_012,أَکَبَاشِي رِڧࣸࢽْمࣸ بَيْ رِڧٜيٰبَا,أَکَبَاشِي رِڧࣸࢽْمࣸ بَيْ رِڧٜيٰبَا,0.0,0.0
Infiraji_7.pdf_page_3_line_009,أَوَابَسࣸ لٜيٰڧَ دࣸوࢽِيَابَا,أَوَابَسࣸ لٜيٰڧَ دࣸوࢽِيَابَا,0.0,0.0
Infiraji_8.pdf_page_22_line_006,سَيْوَࢽْدَبَذَاشِ دَوَّمَابَا,سَيْوَࢽْدَبَذَاشِ دَوَّمَابَا,0.0,0.0
Infiraji_4.pdf_page_1_line_006,الکِتَابࣸ الْحَاجِ,الکِتَابࣸ الْحَاجِ,0.0,0.0
Infiraji_6.pdf_page_7_line_003,کَدَکَيْ ࢽࣸوْاْمَ بَکَيْ جِرَابَا,کَدَکَيْ ࢽࣸوْاْمَ بَکَيْ جِرَابَا,0.0,0.0
Infiraji_12.pdf_page_6_line_002,حَکَࢽَࢽْ بَاذَاشِ سَامࣸوَابَا,حَکَࢽَࢽْ بَاذَاشِ سَامࣸوَابَا,0.0,0.0
Infiraji_8.pdf_page_4_line_009,دࣸومِࢽْ أَيْکِࢽْسَ بَيْ ثِرَابَا,دࣸومِࢽْ أَيْکِࢽْسَ بَيْ ثِرَابَا,0.0,0.0
Infiraji_8.pdf_page_18_line_012,مࣸتࣸوَاتَڢِ دَسࣸودَذَمْبَا,مࣸتࣸوَاتَڢِ دَسࣸودَذَمْبَا,0.0,0.0
Infiraji_7.pdf_page_10_line_017,10,10,0.0,0.0
Infiraji_8.pdf_page_21_line_012,دَکࣸطِي دَتࣸڢَاکَمَرْمَهَرْبَا,دَکࣸطِي دَتࣸڢَاکَمَرْمَهَرْبَا,0.0,0.0
Infiraji_4.pdf_page_19_line_012,دَکࣸطِي دَتࣸڢَاکَمَرْمَهَرْبَا,دَکࣸطِي دَتࣸڢَاکَمَرْمَهَرْبَا,0.0,0.0
Infiraji_4.pdf_page_7_line_016,بَکࣸ سَࢽْ مَڢِتَا اَلَاخِرَابَا,بَکࣸ سَࢽْ مَڢِتَا اَلَاخِرَابَا,0.0,0.0
Infiraji_9.pdf_page_14_line_009,جِيکَاطࣸورَسْ بَاوَࢽِي ڢَرْغَبَا   دَࢽْ بَابࣸ مَيْثٜيٰوَاڧَرْيَاکَکٜيٰ,جِيکَاطࣸورَسْ بَاوَࢽِي ڢَرْغَبَا   دَࢽْ بَابࣸ مَيْثٜيٰوَاڧَرْيَاکَکٜيٰ,0.0,0.0
Infiraji_10.pdf_page_7_line_017,6,6,0.0,0.0
Infiraji_6.pdf_page_9_line_015,بَسࣸ کَيْ ࢳَاࢳَاغَمَالࣸمَابَا,بَسࣸ کَيْ ࢳَاࢳَاغَمَالࣸمَابَا,0.0,0.0
Infiraji_6.pdf_page_21_line_015,دࣸࢽْ رَࢽْ کࣸوْاْوَࢽْسࣸ بَيْࢽَڟَابَا,دࣸࢽْ رَࢽْ کࣸوْاْوَࢽْسࣸ بَيْࢽَڟَابَا,0.0,0.0
Infiraji_12.pdf_page_6_line_016,6,6,0.0,0.0
Infiraji_6.pdf_page_22_line_015,بَکَسَࢽْ دَاذَاشِ تࣸوْاْࢽࣸوَابَا,بَکَسَࢽْ دَاذَاشِ تࣸوْاْࢽࣸوَابَا,0.0,0.0
Infiraji_4.pdf_page_48_line_016,إِࢽْبَاسࣸࢽْ تࣸوبَ سࣸࢽْ بَرِيبَا,إِࢽْبَاسࣸࢽْ تࣸوبَ سࣸࢽْ بَرِيبَا,0.0,0.0
The_Glorious_Majidu_Infiraji_1.pdf_page_7_line_003,سࣸکَ تࣸوبَ دَسَاکٜيٰ بَاشِ غَابَا,سࣸکَ تࣸوبَ دَسَاکٜيٰ بَاشِ غَابَا,0.0,0.0
Infiraji_12.pdf_page_4_line_016,توا,توا,0.0,0.0
Infiraji_4.pdf_page_9_line_015,أَکَثٜيٰ بَاذَاسࣸ ڧٜيٰتَرَابَا,أَکَثٜيٰ بَاذَاسࣸ ڧٜيٰتَرَابَا,0.0,0.0
The_Glorious_Majidu_Infiraji_1.pdf_page_7_line_009,دࣸوبَࢽْشِ دَکَيْ بَشِى يوَابَا,دࣸوبَࢽْشِ دَکَيْ بَشِى يوَابَا,0.0,0.0
Infiraji_10.pdf_page_5_line_017,4,4,0.0,0.0
Infiraji_4.pdf_page_45_line_016,بَکَسَࢽْ دَاذَاشِ تࣸوْاْࢽࣸوَابَا,بَکَسَࢽْ دَاذَاشِ تࣸوْاْࢽࣸوَابَا,0.0,0.0
Infiraji_5.pdf_page_9_line_012,بَأَکَࢽْ ذَوْࢽَادَلَاڢِيَابَا,بَأَکَࢽْ ذَوْࢽَادَلَاڢِيَابَا,0.0,0.0
Infiraji_4.pdf_page_34_line_016,غࣸوْاْشِي بَيْ يَوَيْتَ سࣸجَدَابَا,غࣸوْاْشِي بَيْ يَوَيْتَ سࣸجَدَابَا,0.0,0.0
Infiraji_4.pdf_page_33_line_007,دَبَزَيْ کࣸࢽْيَاأَلَاخِرَابَا,دَبَزَيْ کࣸࢽْيَاأَلَاخِرَابَا,0.0,0.0
Infiraji_3.pdf_page_10_line_012,سَيْ يَيَاڢَ رࣸوَࢽْ دَبَادَڢَابَا,سَيْ يَيَاڢَ رࣸوَࢽْ دَبَادَڢَابَا,0.0,0.0
Infiraji_4.pdf_page_47_line_013,بَتَدَامࣸ دَجِࢽْ يَوَࢽْ ڢَطَابَا,بَتَدَامࣸ دَجِࢽْ يَوَࢽْ ڢَطَابَا,0.0,0.0
Knowledge_to_Follow_God_Gandal_Fii_Rewugol_Alla.pdf_page_4_line_019,وءاميࢽ,وءاميࢽ,0.0,0.0
Infiraji_3.pdf_page_22_line_015,20,20,0.0,0.0
Infiraji_3.pdf_page_16_line_009,تࣸوْکَرَمَّتَ بَاتَجٜيٰ کَوَيْبَا,تࣸوْکَرَمَّتَ بَاتَجٜيٰ کَوَيْبَا,0.0,0.0
Infiraji_8.pdf_page_24_line_015,مࣸࢽْسَࢽْ بَيْسَࢽْ مࣸࢽَادࣸهࣸوبَا,مࣸࢽْسَࢽْ بَيْسَࢽْ مࣸࢽَادࣸهࣸوبَا,0.0,0.0
Infiraji_12.pdf_page_11_line_009,سَࢽَّࢽْ بَتَ ڢَاسَ أَوْکࣸوَابَا,سَࢽَّࢽْ بَتَ ڢَاسَ أَوْکࣸوَابَا,0.0,0.0
Infiraji_11.pdf_page_15_line_005,تمت بحمدالله,تمت بحمدالله,0.0,0.0
Infiraji_5.pdf_page_18_line_003,بَسࣸکَࢽْ رَبࣸ بَادَسࣸࢽْ ڢَطَابَا,بَسࣸکَࢽْ رَبࣸ بَادَسࣸࢽْ ڢَطَابَا,0.0,0.0
Warning_Gargaɗi_Infiraji_2.pdf_page_3_line_007,سَيْ وَࢽْدَبَذَاشِ لَاخِرَابَا,سَيْ وَࢽْدَبَذَاشِ لَاخِرَابَا,0.0,0.0
Infiraji_11.pdf_page_10_line_012,بَاذَيْثِ تࣸوࣸࢽْسَ بَامِيَابَا,بَاذَيْثِ تࣸوࣸࢽْسَ بَامِيَابَا,0.0,0.0
Infiraji_4.pdf_page_35_line_007,هَلَّکَاثٜيٰ تࣸوْاْکࣸدَيْࢽَ غَابَا,هَلَّکَاثٜيٰ تࣸوْاْکࣸدَيْࢽَ غَابَا,0.0,0.0
Infiraji_5.pdf_page_6_line_003,بَشِکَࢽْ سَامٜيٰتَ رَࢽْ ذࣸبِيبَا,بَشِکَࢽْ سَامٜيٰتَ رَࢽْ ذࣸبِيبَا,0.0,0.0
Infiraji_8.pdf_page_6_line_012,أَکَبَاشِي رِڧࣸࢽْمࣸ بَيْ رِڧٜيٰبَا,أَکَبَاشِي رِڧࣸࢽْمࣸ بَيْ رِڧٜيٰبَا,0.0,0.0
The_Glorious_Majidu_Infiraji_1.pdf_page_2_line_007,زَارِيَ,زَارِيَ,0.0,0.0
Infiraji_10.pdf_page_10_line_018,9,9,0.0,0.0
Infiraji_6.pdf_page_6_line_006,يَبِ سࣸࢽَّابَادَکَࢽْغَرَابَا,يَبِ سࣸࢽَّابَادَکَࢽْغَرَابَا,0.0,0.0
Infiraji_9.pdf_page_2_line_001,وَࢽَࢽْ وَاڧَاإِتَثٜيٰ,وَࢽَࢽْ وَاڧَاإِتَثٜيٰ,0.0,0.0
Nana_Asmāʾu_The_Authentic_Path_Nana_Asmāʾu_Godaben_Gaskiya.pdf_page_10_line_015,10,10,0.0,0.0
Infiraji_6.pdf_page_3_line_012,مَيْ حَوَاسَمَ حَوْتَتࣸوشٜيٰ  کَرْکَيَرْدَدَکَامَ رٜيٰشٜيٰ,مَيْ حَوَاسَمَ حَوْتَتࣸوشٜيٰ  کَرْکَيَرْدَدَکَامَ رٜيٰشٜيٰ,0.0,0.0
Infiraji_4.pdf_page_20_line_008,بَاغَرٜيٰکَبَاحَرْأࣸبَࢽْکَ مٜيٰ يَسَاکࣸواْذࣸوثِيَرْکَ,بَاغَرٜيٰکَبَاحَرْأࣸبَࢽْکَ مٜيٰ يَسَاکࣸواْذࣸوثِيَرْکَ,0.0,0.0
Infiraji_4.pdf_page_32_line_002,غَاعَلَامࣸوْاْمِࢽْ ڧِيَامَا   تَاجِرَيْ سࣸيَوَيْتَ هࣸوْاْمَا,غَاعَلَامࣸوْاْمِࢽْ ڧِيَامَا   تَاجِرَيْ سࣸيَوَيْتَ هࣸوْاْمَا,0.0,0.0
Infiraji_11.pdf_page_3_line_006,بَابَࢽْ کࣸلْثࣸومࣸ طَࢽْ سࣸوَيْبَا,بَابَࢽْ کࣸلْثࣸومࣸ طَࢽْ سࣸوَيْبَا,0.0,0.0
Infiraji_8.pdf_page_29_line_005,يَࢽْذࣸبَاکࣸومٜيٰ غَرٜيٰࢽِي  سَيْ يَجٜيٰ أَثِکِࢽْ يَڧِيࢽِ,يَࢽْذࣸبَاکࣸومٜيٰ غَرٜيٰࢽِي  سَيْ يَجٜيٰ أَثِکِࢽْ يَڧِيࢽِ,0.0,0.0
A_Poem_on_the_British_Waƙar_Nasara.pdf_page_3_line_017,تمت,تمت,0.0,0.0
Infiraji_5.pdf_page_15_line_015,بَسࣸکَࢽْ طَامَيْ مࣸوَاڢَڧَابَا,بَسࣸکَࢽْ طَامَيْ مࣸوَاڢَڧَابَا,0.0,0.0
Infiraji_5.pdf_page_19_line_006,کࣸوْاْبَادَغَمِࢽْ بَڧِࢽْ ثِکِيبَا,کࣸوْاْبَادَغَمِࢽْ بَڧِࢽْ ثِکِيبَا,0.0,0.0
Warning_Gargaɗi_Infiraji_2.pdf_page_11_line_016,عمرࢽ,عمرࢽ,0.0,0.0
Nana_Asmāʾu_The_Absolute_Truth_1_Nana_Asmāʾu_Tabbat_Haqiqan_1.pdf_page_3_line_016,13,13,0.0,0.0
Infiraji_7.pdf_page_6_line_006,رَاࢽَاکَࢽْ هࣸودَبَيْ سَࢽِيبَا,رَاࢽَاکَࢽْ هࣸودَبَيْ سَࢽِيبَا,0.0,0.0
Warning_Gargaɗi_Infiraji_2.pdf_page_13_line_003,بَکَسَࢽْ مࣸتࣸوَاتَࢽَاذࣸوَابَا,بَکَسَࢽْ مࣸتࣸوَاتَࢽَاذࣸوَابَا,0.0,0.0
Infiraji_8.pdf_page_20_line_004,سَيْ يَثٜيٰ مَسࣸ کࣸيْتَ کَࢽْکࣸ  کَرْکࣸ ذَرْغَࢽْ ذࣸوثِيَرْکࣸ,سَيْ يَثٜيٰ مَسࣸ کࣸيْتَ کَࢽْکࣸ  کَرْکࣸ ذَرْغَࢽْ ذࣸوثِيَرْکࣸ,0.0,0.0
Infiraji_3.pdf_page_8_line_016,6,6,0.0,0.0
Infiraji_4.pdf_page_48_line_017,تمت,تمت,0.0,0.0
Nana_Asmāʾu_The_Absolute_Truth_1_Nana_Asmāʾu_Tabbat_Haqiqan_1.pdf_page_8_line_016,اࢽي ڢور,اࢽي ڢور,0.0,0.0
Infiraji_7.pdf_page_2_line_007,سَيْ وَࢽْدَبَذَاشِ لَاخِرَابَا,سَيْ وَࢽْدَبَذَاشِ لَاخِرَابَا,0.0,0.0
MAF_286.pdf_page_16_line_001,مࣸتࣸوبَ ڢࣸدࣸࢽْ اَللَّهࣸ مࣸودࣸکَ يَࢽْعࣸوَا ؞  أَبَرْيِࢽْ ڢࣸلࣸولࣸ أَکَامَ سࣸࢽَّرْ مࣸحَمَّدَا,مࣸتࣸوبَ ڢࣸدࣸࢽْ اَللَّهࣸ مࣸودࣸکْ يَࢽْعࣸوَا ؞  أَبَرْيِࢽْ ڢࣸلࣸولࣸ أَکَامَ سࣸࢽَّرْ مࣸحَمَّدَا,0.011111111111111112,0.09090909090909091
MAF_286.pdf_page_19_line_004,غَمَادَيْڢَ ڟِيرَاࢽَتَ أَࢽَࢽْ يَکَࢽْ بِࢽْ مِجِ ؞ إِذَࢽْ تَاڧِي کࣸوبَابࣸ ثٜتࣸࢽْ مࣸحَمَّدَا,غَمَادَيْڢَ طِيرَاࢽَتَ أَࢽَࢽْ يَکَࢽْ بِࢽْ مِجِ ؞ إِذَࢽْ تَاڧِي کࣸوبَابࣸ ثٜتࣸࢽْ مࣸحَمَّدَا,0.011235955056179775,0.08333333333333333
MAF_286.pdf_page_4_line_015,دَسࣸکَ غَࢽْشِ سَيْ غِرْکَ مَدَاڢࣸوا ؞  غࣸࢽِࢽْ يَوَاکَذَابِࢽْدࣸ غوغِࢽْسࣸ مَڧِيَامࣸحَمَّدَا,دَسࣸکَ غَࢽْشِ سَيْ غِرْکَ مَدَاڢࣸوا ؞  غࣸࢽِࢽْ يَوَاکَذَابِࢽْدࣸ غࣸوغِࢽْسࣸ مَڧِيَامࣸحَمَّدَا,0.011235955056179775,0.1
MAF_286.pdf_page_15_line_012,أَࢽَامَاسࣸ بَايِ تࣸوکَکَرْکَتَ کࣸࢽّࣸوَا ؞  غَذَࢽْثٜيٰ رَسࣸولَ اَللَّهِ أَࢽَّبِ أَحْمَدَا,أَࢽَامَاسࣸ بَايِ تࣸوکَکَرْکَتَ کࣸࢽّࣸوَا ؞ غَذَࢽْثٜيٰ رَسࣸولَ اَللَّهِ أَࢽَّبِ أَحْمَدَا,0.011363636363636364,0.0
MAF_286.pdf_page_13_line_003,بَرِرکَ رࣸبࣸوتࣸࢽْ بَابࣸ لَيْڢِي ثِکِي ࢽَسَ ؞  وَࢽَّࢽْ تَڢَرْکِي ࢽٜيٰ ࢽَسِيدِ مࣸحَمَّدَا,بَرِرکَ رࣸبࣸوتࣸࢽْ بَابࣸ لَيْڢِ ثِکِي ࢽَسَ ؞  وَࢽَّࢽْ تَڢَرْکِي ࢽٜيٰ ࢽَسِيدِ مࣸحَمَّدَا,0.011494252873563218,0.08333333333333333
Nana_Asmāʾu_The_Absolute_Truth_1_Nana_Asmāʾu_Tabbat_Haqiqan_1.pdf_page_2_line_011,کࣸڧِّ ڢࣸورࣸࢽْغَ دࣸکْ شِࢽَايِࢽْ ࢽَدَامَا    وَࢽْدَيَذَّمْ ڢَ حَاکِمِي يَيِّ رَحْمَا,کࣸڧِّ ڢࣸورࣸࢽْغَ دࣸکْ شِࢽَايِࢽْ ࢽَدَامَا   وَࢽْدَيَذَّمْ ڢَ حَاکِمِي يَيِّ رَحْمَا,0.012195121951219513,0.0
Nana_Asmāʾu_The_Absolute_Truth_1_Nana_Asmāʾu_Tabbat_Haqiqan_1.pdf_page_9_line_002,مَيْڢَ ذَࢽْبَسّࣸ مَيْࢽࣸڢِࢽْ کَوْمࣸغࣸࢽْتَا   دࣸدَّکࣸومَيْ شِغَاڟَکَاࢽِࢽْ ذࣸمࣸࢽْتَا,مَيْڢَ ذَࢽْبَسّࣸ مَيْࢽࣸڢِࢽ کَوْمࣸغࣸࢽْتَا   دࣸدَّکࣸومَيْ شِغَاڟَکَاࢽِࢽْ ذࣸمࣸࢽْتَا,0.012345679012345678,0.14285714285714285
The_Human_Being_Is_an_Incurable_Disease_Mutum_Cuta_Ne_Marar_Magani.pdf_page_5_line_006,سࣸومَالَمِي بَيْ ڟِيرَبَلّٜي جَاهِلِي   کࣸومَيْ کࣸطِي شَأَࢽِࢽْسࣸ کَاجِ مࣸتَاࢽٜيٰ,سࣸومَالَمِي بَيْ ڟِيرَبَلّٜي جَاهِلِي  کࣸومَيْ کࣸطِي شَأَࢽِࢽْسࣸ کَاجِ مࣸتَاࢽٜيٰ,0.0125,0.0
A_Person_with_a_Livelihood_Will_Never_Be_Destitute_Mai_Sanaa_Ba_Ya_Tsiya.pdf_page_4_line_009,أَࢽَّبِي شࣸوغَبَࢽْ مّࣸمَايَيْ ڢَتَوْثِي  إِࢽْکࣸويِي کَکٜي دَشِي کَيْ صَࢽَاعَ,أَࢽَّبِي شࣸوغَبَࢽْ مࣸمَايَيْ ڢَتَوْثِي  إِࢽْکࣸويِي کَکٜي دَشِي کَيْ صَࢽَاعَ,0.013157894736842105,0.1111111111111111
Infiraji_10.pdf_page_7_line_009,إِتَدَيْ سَبَبِي تَکَسࣸواْ تَعَذَامَيْ  إِࢽْ دَيْ يَاثٜيٰ بَاشِ سَکِࢽْتَا,إِتَدَيْ سَبَبِي تَکَسࣸواْ تَعَذَامَيْ إِࢽْ دَيْ يَاثٜيٰ بَاشِ سَکِࢽْتَا,0.0136986301369863,0.0
A_Person_with_a_Livelihood_Will_Never_Be_Destitute_Mai_Sanaa_Ba_Ya_Tsiya.pdf_page_3_line_010,ࢽَسِّيࢽٜي يَثٜي بَعَاڧَرْيَتَابَا  کَرْعَکࣸسَࢽْثِي وَࢽْدَبَايَا صَࢽَاعَ,ࢽَسِّيࢽٜي يَثٜي بَعَاڧَرْيَتَابَا  کَرْعَکࣸسَࢽْثِي وَࢽْدَبَايَاصَࢽَاعَ,0.014084507042253521,0.3333333333333333
The_Harlots_Song_Waƙar_Karuwa.pdf_page_1_line_003,اللَّهࣸ سَرْکِي دَبَّيَمࣸ دࣸکَا  کَيَاڢٜي ذَࢽَبَّࢽَمࣸ دَࢽْ رَحْمَرْکَا,اللَّهࣸ سَرْکِي دَبَّيْمࣸ دࣸکَا  کَيَاڢٜي ذَࢽَبَّࢽَمࣸ دَࢽْ رَحْمَرْکَا,0.014285714285714285,0.125
Infiraji_9.pdf_page_17_line_007,مَيْ شِغَاوࣸتَاوَتَا تَࢽْبَيَا  دࣸࢽْ عَࢽْ وَحَلْسَيْ بَاعَيْبِي بَࢽٜيٰ,مَيْ شِغَاوࣸتَاوَتَاتَࢽْبَيَا  دࣸࢽْ عَࢽْ وَحَلْسَيْ بَاعَيْبِي بَࢽٜيٰ,0.014285714285714285,0.25
Infiraji_9.pdf_page_19_line_014,مَيْسَࢽْࢽࣸويَارِࢽْيَاأَعِࢽَاکِککٜيٰ  دࣸوڢَاسِڧَيْࢽٜيٰ بَاوَتَاغَرْدَمَ,مَيْسَࢽْࢽࣸويَارِࢽْيَاأَعِࢽَاکِکٜيٰ  دࣸوڢَاسِڧَيْࢽٜيٰ بَاوَتَاغَرْدَمَ,0.014285714285714285,0.3333333333333333
Infiraji_9.pdf_page_14_line_008,تَڢࣸوأَمِيࢽࣸ إِࢽْ مَّکَاذَࢽْثٜيٰ  إِࢽْ جِي مَالَمْ بَاوَابَزَࢽْڢَرٜيٰ,تَڢࣸواأَمِيࢽࣸ إِࢽْ مَّکَاذَࢽْثٜيٰ  إِࢽْ جِي مَالَمْ بَاوَابَزَࢽْڢَرٜيٰ,0.014492753623188406,0.14285714285714285
Infiraji_9.pdf_page_11_line_014,شِيࢽٜيٰ يَثٜيٰ وَتَرَاࢽَاࢽَاذࣸوَا   رࣸوَࢽْ غࣸجٜيٰ مَابَاذَيْسَامࣸبَا,شِيࢽٜيٰ يَثٜيٰ وَتَرَاࢽَاࢽَاذࣸوَا  رࣸوَࢽْ غࣸجٜيٰ مَابَاذَيْسَامࣸبَا,0.014705882352941176,0.0
Infiraji_9.pdf_page_18_line_013,دَوْطَرْزِࢽَيٰ بَاوَاسَابَثٜيٰ  دَࢽْ بَارࣸوَࢽْ وَࢽْکِࢽْتَاأَدࣸوࢽِيَا,دَوْطَرْزِࢽَىٰ بَاوَاسَابَثٜيٰ  دَࢽْ بَارࣸوَࢽْ وَࢽْکِࢽْتَاأَدࣸوࢽِيَا,0.014705882352941176,0.2
Warning_Gargaɗi_Infiraji_2.pdf_page_2_line_003,اَلࢽَّاشِرࣸأَحْمَدࣸ اَلتِّجَاࢽِي حَڢِظَهࣸ اللَّهࣸ وَڢَّڧْࢽَااَللَّهࣸ,اَلࢽَّاشِرࣸأَحْمَدࣸ اَلتِّجَاࢽِي حَڢِظَهࣸ اللَّهࣸ وَڢَّڧْࢽَااللَّهࣸ,0.014705882352941176,0.2
Infiraji_9.pdf_page_4_line_013,غࣸࢽْ مࣸتَاࢽٜيٰ أّمَّاࢽَاتَيْکَطَࢽْ  سَيْڢَاحَاعِࢽْثِي شِيذَيْ يَوَا,غࣸࢽْ مࣸتَاࢽٜيٰ أَمَّاࢽَاتَيْکَطَࢽْ  سَيْڢَاحَاعِࢽْثِي شِيذَيْ يَوَا,0.014925373134328358,0.16666666666666666
Infiraji_9.pdf_page_5_line_007,بَابࣸ أَيْکِي دَيْدَيْ سَيْ ࢽَتِرْ   سَيْ ࢽَعَشَاشِيࢽٜيٰ ذَيْ يَوَا,بَابࣸ أَيْکِي دَيْدَيْ سَيْ ࢽَتِرْ  سَيْ ࢽَعَشَاشِيࢽٜيٰ ذَيْ يَوَا,0.014925373134328358,0.0
Infiraji_10.pdf_page_7_line_011,کَيْ کࣸمَا غَاشِ کَࢽَاجِࢽْ کࣸࢽْيَا  غَاشَرِعَاکَذَڧٜيٰ کَکَشٜيٰتَا,کَيْ کࣸمَاغَاشِ کَࢽَاجِࢽْ کࣸࢽْيَا  غَاشَرِعَاکَذَڧٜيٰ کَکَشٜيٰتَا,0.015151515151515152,0.2857142857142857
Infiraji_10.pdf_page_5_line_003,بَاتَ کَطِي کࣸمَ بَاتَ صَࢽَاعَ   سَيْ ࢽَمِجِࢽْتَ يَبَاتَ تَسَاتَا,بَاتَ کَطِي کࣸمَ بَاتَ صَࢽَاعَ  سَيْ ࢽَمِجِࢽْتَ يَبَاتَ تَسَاتَا,0.015384615384615385,0.0
Infiraji_9.pdf_page_15_line_009,ڧَدَّرَبَاتَاجِࢽْ اَلدّࣸعَا  کࣸوکَاڧِي بَرْثِࢽْ ݣࣸوࢽَࢽْ شٜيٰکَرَا,ڧَدَّرَبَاتَاجِࢽْ اَلدّࣸعَا  کࣸوکَاڧِي بَرْثِࢽْ کࣸوࢽَࢽْ شٜيٰکَرَا,0.015384615384615385,0.16666666666666666
Infiraji_9.pdf_page_16_line_012,أَيْ طَرِي عࣸکࣸ وَوْتَادࣸوࢽِيَا  کࣸووَأَبَاشِ تَلَاتِࢽْ ࢽِي ࢽَسَا,أَيْ طَرِي عࣸکࣸ وَوْتَادࣸوࢽِيَا  کࣸووَاأَبَاشِ تَلَاتِࢽْ ࢽِي ࢽَسَا,0.015384615384615385,0.125
Infiraji_9.pdf_page_8_line_003,يَثٜيٰ دَمࣸواْوَتَرَاࢽَاࢽَاذࣸوَا   مَاسࣸودَاوَسࣸيْ رࣸࢽْبࣸࢽْ ڧَسَا,يَثٜيٰ دَمࣸواْوَتَرَاࢽَاࢽَاذࣸوَا  مَاسࣸودَاوَسࣸيْ رࣸࢽْبࣸࢽْ ڧَسَا,0.015384615384615385,0.0
Infiraji_5.pdf_page_10_line_005,دࣸࢽْ حَلِࢽْسࣸ دَبَࢽْ دَبَࢽْ ࢽَا   شِي مࣸتࣸمْ إِࢽْ ذَاکَ ذَوْࢽَا,دࣸࢽْ حَلِࢽْسࣸ دَبَࢽْ دَبَࢽْ ࢽَا  شِي مࣸتࣸمْ إِࢽْ ذَاکَ ذَوْࢽَا,0.015873015873015872,0.0
Infiraji_5.pdf_page_15_line_011,تࣸوْاْبَرٜيٰ مثٜيٰ مَيْ حࣸسࣸومَا  وَثّٜيٰ بَاتَ بَرِࢽْ ظَلَامَا,تࣸوْاْبَرٜيٰ مَثٜيٰ مَيْ حࣸسࣸومَا  وَثّٜيٰ بَاتَ بَرِࢽْ ظَلَامَا,0.015873015873015872,0.125
Infiraji_9.pdf_page_12_line_010,بَابࣸ مَيْ أَکࣸيَابَاتࣸࢽْکِيَا   بَابࣸ مَيْکَايَا کَࢽْ جَاکࣸࢽَا,بَابࣸ مَيْ أَکࣸيَابَاتࣸࢽْکِيَا   بَابࣸ مَيْکَايَاکَࢽْ جَاکࣸࢽَا,0.015873015873015872,0.2857142857142857
Infiraji_3.pdf_page_19_line_011,غࣸࢽْ کِرَࢽْبَ بَلٜيٰ شِمَࢽْثٜيٰ   سَࢽّࣸ مَيْدَمࣸتࣸمْ بَتَثّٜيٰ,غࣸࢽْ کِرَࢽْبَ بَلٜيٰ شِمَࢽْثٜيٰ  سَࢽّࣸ مَيْدَمࣸتࣸمْ بَتَثّٜيٰ,0.016129032258064516,0.0
Infiraji_4.pdf_page_24_line_002,ࢽَيْ أَڧࣸࢽْسَرٜيٰ بَاشِ حَرْکَا   سَيْ يَثٜيٰ بَايِࢽْغَ ࢽَاکَا,ࢽَيْ أَڧࣸࢽْسَرٜيٰ بَاشِ حَرْکَا  سَيْ يَثٜيٰ بَايِࢽْغَ ࢽَاکَا,0.016129032258064516,0.0
Infiraji_6.pdf_page_18_line_005,وَࢽْسࣸ ثِيبِ يَکٜيٰ ڟَيَاوَا   وَࢽْسࣸ کࣸوْاْࢽَادࣸلْمِيࣸوْاْوَا,وَࢽْسࣸ ثِيبِ يَکٜيٰ ڟَيَاوَا  وَࢽْسࣸ کࣸوْاْࢽَادࣸلْمِيࣸوْاْوَا,0.016129032258064516,0.0
Infiraji_9.pdf_page_23_line_010,بَرِرَغٜيٰوَاکَبَرْسَارَࢽْغَبَا   کَاجِ دِلاَلِي تࣸࢽَالَاخِرَا,بَرِرَغٜيٰوَاکَبَرْسَارَࢽْغَبَا  کَاجِ دِلاَلِي تࣸࢽَالَاخِرَا,0.016129032258064516,0.0
Infiraji_8.pdf_page_12_line_005,کࣸواْرࣸڢِي طَيْ إِࢽْ کَغَاࢽٜيٰ  کَࢽْ أَکَيْ طَيَ شٜيٰکَرَاࢽٜيٰ,کࣸواْرࣸڢِي طَيَ إِࢽْ کَغَاࢽٜيٰ  کَࢽْ أَکَيْ طَيَ شٜيٰکَرَاࢽٜيٰ,0.016129032258064516,0.125
Infiraji_6.pdf_page_12_line_001,مࣸيْ شِرِࢽْ تَڢِيَامࣸتَاࢽٜيٰ   مَيْ ذࣸوَاࢽَّࢽْ کࣸوْاْغَوَاࢽٜيٰ,مࣸيْ شِرِࢽْ تَڢِيَامࣸتَاࢽٜيٰ  مَيْ ذࣸوَاࢽَّࢽْ کࣸوْاْغَوَاࢽٜيٰ,0.016129032258064516,0.0
Infiraji_4.pdf_page_13_line_005,مࣸࢽْجِ ذَاعَ بَڧَࢽْتَ حࣸسْکَرْ   مَاسࣸ سَابࣸواْ تࣸࢽْدَحَرْکَرْ,مࣸࢽْجِ ذَاعَ بَڧَࢽْتَ حࣸسْکَرْ  مَاسࣸ سَابࣸواْ تࣸࢽْدَحَرْکَرْ,0.016129032258064516,0.0
Infiraji_4.pdf_page_7_line_006,دࣸࢽْ غَࢽِࢽْ وَحَلَاکࣸمَࢽْثٜيٰ   دࣸࢽْ بِطَرْکࣸيِي دࣸوکِيَاثٜيٰ,دࣸࢽْ غَࢽِࢽْ وَحَلَاکࣸمَࢽْثٜيٰ  دࣸࢽْ بِطَرْکࣸيِي دࣸوکِيَاثٜيٰ,0.01639344262295082,0.0
Infiraji_8.pdf_page_6_line_005,دࣸࢽْ غَࢽِࢽْ وَحَلَاکࣸمَࢽْثٜيٰ  دࣸࢽْ بِطَرْ کࣸيِي دࣸوکِيَاثٜيٰ,دࣸࢽْ غَࢽِࢽْ وَحَلَاکࣸمَࢽْثٜيٰ  دࣸࢽْ بِطَرْکࣸيِي دࣸوکِيَاثٜيٰ,0.01639344262295082,0.2857142857142857
Infiraji_4.pdf_page_6_line_014,ࢽَࢽْ دَࢽَࢽْ ڟَکِيَاتَڟَاغٜيٰ   بَاڢِتَاسَيْ وَيْغٜيٰ وَيْغٜيٰ,ࢽَࢽْ دَࢽَࢽْ ڟَکِيَاتَڟَاغٜيٰ  بَاڢِتَاسَيْ وَيْغٜيٰ وَيْغٜيٰ,0.01639344262295082,0.0
Infiraji_4.pdf_page_25_line_013,سَيْ يَجٜيٰ کࣸرْسِࢽْ سَرَوْتَا   سَيْ أَثٜيٰ مَسَ کَابࣸکَاتَا,سَيْ يَجٜيٰ کࣸرْسِࢽْ سَرَوْتَا  سَيْ أَثٜيٰ مَسَ کَابࣸکَاتَا,0.01639344262295082,0.0
Infiraji_4.pdf_page_35_line_009,أَيْ غَأَللَّهْ ذَامࣸ کࣸوْاْمَا   تࣸࢽْدَيَاحَࢽَ کَيْ ظَلَامَا,أَيْ غَأَللَّهْ ذَامࣸ کࣸوْاْمَا  تࣸࢽْدَيَاحَࢽَ کَيْ ظَلَامَا,0.01639344262295082,0.0
Infiraji_6.pdf_page_4_line_013,ࢽَࢽْ دَࢽَࢽْ ڟَکِيَاتَڟَاغٜيٰ   بَاڢِتَاسَيْ وَيْغٜيٰ وَيْغٜيٰ,ࢽَࢽْ دَࢽَࢽْ ڟَکِيَاتَڟَاغٜيٰ  بَاڢِتَاسَيْ وَيْغٜيٰ وَيْغٜيٰ,0.01639344262295082,0.0
Knowledge_to_Follow_God_Gandal_Fii_Rewugol_Alla.pdf_page_8_line_009,صَلَّى ࡻللَّهࣸ عَلَيْهِ وَسَلَّمَ جَمْ عٜکِسِيى وࣽنِى عٜمَکّࣽ,صَلَى ࡻللَّهࣸ عَلَيْهِ وَسَلَّمَ جَمْ عٜکِسِيى وࣽنِى عٜمَکّࣽ,0.01639344262295082,0.125
Infiraji_3.pdf_page_12_line_008,غࣸࢽْسَ مَاأَࢽْسࣸواْتࣸرَارٜيٰ   غࣸࢽْسَ دࣸوࢽْ ڧَࢽْشِي يَکࣸورٜيٰ,غࣸࢽْسَ مَاأَࢽْسࣸواْتࣸرَارٜيٰ  غࣸࢽْسَ دࣸوࢽْ ڧَࢽْشِي يَکࣸورٜيٰ,0.01639344262295082,0.0
Infiraji_8.pdf_page_28_line_013,سَيْ يَجٜيٰ کࣸرْسِࢽْ سَرَوْتَا   سَيْ أَثٜيٰ مَسَ کَابࣸکَاتَا,سَيْ يَجٜيٰ کࣸرْسِࢽْ سَرَوْتَا  سَيْ أَثٜيٰ مَسَ کَابࣸکَاتَا,0.01639344262295082,0.0
Infiraji_4.pdf_page_47_line_012,إِࢽْ يَکَرْيٜيٰ سَيْکࣸ رࣸوشٜيٰ   ذࣸوثِيَاثٜيٰ إِࢽْ تَبࣸوشٜيٰ,إِࢽْ يَکَرْيٜيٰ سَيْکࣸ رࣸوشٜيٰ  ذࣸوثِيَاثٜيٰ إِࢽْ تَبࣸوشٜيٰ,0.016666666666666666,0.0
Infiraji_6.pdf_page_9_line_001,غَاعَلَامࣸوْاْمِࢽْ ڧِيَامَا   تَاجِرَيْ سࣸيَوَيْتَ هࣸوْاْمَا,غَاعَلَامࣸوْاْمِࢽْ ڧِيَامَا  تَاجِرَيْ سࣸيَوَيْتَ هࣸوْاْمَا,0.016666666666666666,0.0
Infiraji_4.pdf_page_20_line_004,سَيْ يَثٜيٰ مَسࣸ کࣸيْتَ کَࢽْکࣸ   کَرْکࣸ ذَرْغَࢽْ ذࣸوثِيَرْکࣸ,سَيْ يَثٜيٰ مَسࣸ کࣸيْتَ کَࢽْکࣸ  کَرْکࣸ ذَرْغَࢽْ ذࣸوثِيَرْکࣸ,0.016666666666666666,0.0
Infiraji_8.pdf_page_20_line_014,تࣸࢽْدَغَامࣸ دَکࣸواْوَࢽٜيٰࢽْکࣸ   ࢽَࢽْ ثِکِࢽْ وࣸتَ أَࢽَّبِࢽْکࣸ,تࣸࢽْدَغَامࣸ دَکࣸوْاْوَࢽٜيٰࢽْکࣸ   ࢽَࢽْ ثِکِࢽْ وࣸتَ أَࢽَّبِࢽْکࣸ,0.016666666666666666,0.16666666666666666
Infiraji_4.pdf_page_20_line_014,تࣸࢽْدَغَامࣸ دَکࣸواْوَࢽٜيٰࢽْکࣸ   ࢽَࢽْ ثِکِࢽْ وࣸتَ أَࢽَّبِࢽْکࣸ,تࣸࢽْدَغَامࣸ دَکࣸواْوَࢽٜيٰࢽْکࣸ  ࢽَࢽْ ثِکِࢽْ وࣸتَ أَࢽَّبِࢽْکࣸ,0.016666666666666666,0.0
Infiraji_6.pdf_page_4_line_007,غَٜارࣸوَࢽْتَ بَرِࢽْ أَيّࣸکَا  مَاسࣸ جَࢽْيٜيٰ ڧَڢَاسࣸکَيْکَا,غَارࣸوَࢽْتَ بَرِࢽْ أَيّࣸکَا  مَاسࣸ جَࢽْيٜيٰ ڧَڢَاسࣸکَيْکَا,0.01694915254237288,0.16666666666666666
Infiraji_4.pdf_page_27_line_013,کࣸوْاسَبࣸودَيَوَࢽْ کَسَالَهْ  کࣸࢽْيِ وَيْ أَزࣸمِي دَصَلَّهْ,کࣸوْاسَبࣸودَيَوَࢽْ کَسَالَهْ کࣸࢽْيِ وَيْ أَزࣸمِي دَصَلَّهْ,0.01694915254237288,0.0
Infiraji_4.pdf_page_25_line_007,سَيْ يَثٜيٰ مَسَ أَيْ حَلِيࢽٜيٰ  ࢽَاتَڢࣸواࢽَسَࢽَرْدَکࣸوࢽٜيٰ,سَيْ يَثٜيٰ مَسَ أَيْ حَلِيࢽٜيٰ  ࢽَاتَڢࣸواْࢽَسَࢽَرْدَکࣸوࢽٜيٰ,0.01694915254237288,0.16666666666666666
Infiraji_4.pdf_page_31_line_008,کَاغَ دَبّࣸوْاْبِࢽْ مࣸتَاࢽٜيٰ   تَاࢽَجِࢽْسࣸ ࢽَبَرْبَرَاࢽٜيٰ,کَاغَ دَبّࣸوْاْبِࢽْ مࣸتَاࢽٜيٰ  تَاࢽَجِࢽْسࣸ ࢽَبَرْبَرَاࢽٜيٰ,0.01694915254237288,0.0
Infiraji_4.pdf_page_29_line_007,وَࢽْدَبَيْسَࢽْ غَسْکِيَابَا  کࣸوْاْمࣸتࣸمْ ࢽٜيٰ سَاشِ دَبَّا,وَࢽْدَبَيْسَࢽْ غَسْکِيَابَا کࣸوْاْمࣸتࣸمْ ࢽٜيٰ سَاشِ دَبَّا,0.01694915254237288,0.0
Warning_Gargaɗi_Infiraji_2.pdf_page_13_line_008,سَيْ دَجِࢽْ وَعَظِي کَࢽِيْسَا   کَيْ ذࣸغࣸمْ بَيْسَاکَڢَاسَا,سَيْ دَجِࢽْ وَعَظِي کَࢽِيْسَا  کَيْ ذࣸغࣸمْ بَيْسَاکَڢَاسَا,0.01694915254237288,0.0
Infiraji_7.pdf_page_16_line_001,سَيْ شِثٜيٰ مَࢽِ کَيْ کَرَاتࣸو کࣸوࢽْدَبَاکَ غَࢽِࢽْ رࣸبࣸوتࣸو,سَيْ شِثٜيٰ مَࢽِ کَيْ کَرَاتࣸو کࣸواْدَبَاکَ غَࢽِࢽْ رࣸبࣸوتࣸو,0.01694915254237288,0.125
Infiraji_4.pdf_page_27_line_002,کࣸواْدَطَامَࢽْ کࣸواْدَڧَايَا   دࣸکْ أَبِࢽْ کࣸواْ يَابࣸوايَا,کࣸواْدَطَامَࢽْ کࣸواْدَڧَايَا   دࣸکْ أَبِࢽْ کࣸواْ يَابࣸوَايَا,0.01694915254237288,0.16666666666666666
Warning_Gargaɗi_Infiraji_2.pdf_page_6_line_011,کَيْدَرَبّࣸ اِلْعَرْشِ کَاثٜي  ذَاکَ بِيشِ کَکࣸوْأَمِࢽْثٜيٰ,کَيْدَرَبّࣸ اِلْعَرْشِ کَاثٜيٰ  ذَاکَ بِيشِ کَکࣸوْأَمِࢽْثٜيٰ,0.01694915254237288,0.16666666666666666
Infiraji_4.pdf_page_19_line_004,مَاسࣸ ثَاثَادَمَاسࣸ لࣸوطࣸ   أَࢽْ کَطࣸواْسࣸ دَمَاسࣸ کَلّࣸواْ,مَاسࣸ ثَاثَادَمَاسࣸ لࣸوطࣸ  أَࢽْ کَطࣸواْسࣸ دَمَاسࣸ کَلّࣸواْ,0.01694915254237288,0.0
Infiraji_4.pdf_page_30_line_012,سࣸࢽْمَ کَࢽْسࣸ بَڧَرْظَلَامَا   حَرْسࣸثٜيٰ أَحّلِࢽْسࣸ دَامَا,سࣸࢽْمَ کَࢽْسࣸ بَڧَرْظَلَامَا   حَرْسࣸثٜيٰ أَحَلِࢽْسࣸ دَامَا,0.01694915254237288,0.16666666666666666
Infiraji_7.pdf_page_7_line_005,ࢳَࢽْ عࣸوَاࢽٜيٰ لَامࣸحَالَهْ ࢳَࢽْ مࣸرࣸواْتࣸواْ مَالَعَلَّهْ,ࢳَࢽْ عࣸوَاࢽٜيٰ لَامࣸحَالَهْ  ࢳَࢽْ مࣸرࣸواْتࣸواْ مَالَعَلَّهْ,0.017241379310344827,0.0
The_Glorious_Majidu_Infiraji_1.pdf_page_6_line_008,أَکَـ بَاشِ أَکَࢽْ حَمَيَّا  دࣸࢽْ يَوَࢽْ لَدَبِي دَکࣸࢽْيَا,أَکَ بَاشِ أَکَࢽْ حَمَيَّا  دࣸࢽْ يَوَࢽْ لَدَبِي دَکࣸࢽْيَا,0.017241379310344827,0.125
Infiraji_4.pdf_page_16_line_005,کࣸواْکِراࢽٜيٰ بَاشِي أَمْسَا  وَاغَرٜيٰسࣸ ڢَهَرْسࣸڧࣸواْسَا,کࣸواْکِرَاࢽٜيٰ بَاشِي أَمْسَا  وَاغَرٜيٰسࣸ ڢَهَرْسࣸڧࣸواْسَا,0.017241379310344827,0.2
Infiraji_7.pdf_page_5_line_011,کَيْدَرَبّࣸ اِلْعَرْشِ کَاثٜي ذَاکَ بِيشِ کَکࣸوْأَمِࢽْثٜيٰ,کَيْدَرَبّࣸ اِلْعَرْشِ کَاثٜي  ذَاکَ بِيشِ کَکࣸوْأَمِࢽْثٜيٰ,0.017241379310344827,0.0
Infiraji_8.pdf_page_11_line_014,بَيْبَ سَيْ دࣸومِࢽْ بَتَثّٜيٰ   شِيدَدࣸکَّࢽْ کَرْکَتَثّٜيٰ,بَيْبَ سَيْ دࣸومِࢽْ بَتَثّٜيٰ  شِيدَدࣸکَّࢽْ کَرْکَتَثّٜيٰ,0.017241379310344827,0.0
Infiraji_8.pdf_page_11_line_004,غَالِبِي دَحَڧࣸوڧࣸوَاࢽٜيٰ  کٜيٰ ڟَرٜيٰسࣸ أَࢽَࢽْ وࣸيَاࢽٜيٰ,غَالِبِي دَحَڧࣸوڧࣸوَاࢽٜيٰ کٜيٰ ڟَرٜيٰسࣸ أَࢽَࢽْ وࣸيَاࢽٜيٰ,0.017543859649122806,0.0
ELIT_WAN_00130_005v_line_006,مثل النصارى على التثليث دينهم ؞ بالا تحادوزورالاڢک والحطل,مثل النصارى على التثليث دينهم ؞ بالاتحادوزورالاڢک والحطل,0.017543859649122806,0.2222222222222222
Infiraji_6.pdf_page_18_line_010,تَرْڟَڟِࢽْتَ کَمَرْدࣸوَاڟࣸو    إِࢽْ تَوَاڟࣸ سَيْ شِوَاڟࣸو,تَرْڟَڟِࢽْتَ کَمَرْدࣸوَاڟࣸو   إِࢽْ تَوَاڟࣸ سَيْ شِوَاڟࣸو,0.017543859649122806,0.0
Infiraji_4.pdf_page_48_line_008,حَرْڧَڢَاڢࣸوࢽَيْ کَشَيْدَ   تَاکٜيٰ تَاکٜيٰࢽَّࢽْ دَإِࢽْدَ,حَرْڧَڢَاڢࣸوࢽَيْ کَشَيْدَ  تَاکٜيٰ تَاکٜيٰࢽَّࢽْ دَإِࢽْدَ,0.017543859649122806,0.0
Infiraji_7.pdf_page_3_line_014,أَمَّثٜيٰ أَغَبَࢽْکَ حَرْمَا کَيْ رَشِࢽْ ڟࣸڢِّࢽْکَ أَمَّا,أَمَّثٜيٰ أَغَبَࢽْکَ حَرْمَا  کَيْ رَشِࢽْ ڟࣸڢِّࢽْکَ أَمَّا,0.017543859649122806,0.0
Infiraji_4.pdf_page_9_line_011,ࢽَࢽْ دَࢽَࢽْ بِسَ کَࢽْ تَڢَرْکِ   وَࢽْسࣸ يَدَّڧَڢَاکَتَاکِ,ࢽَࢽْ دَࢽَࢽْ بِسَ کَࢽْ تَڢَرْکِ  وَࢽْسࣸ يَدَّڧَڢَاکَتَاکِ,0.017543859649122806,0.0
Warning_Gargaɗi_Infiraji_2.pdf_page_6_line_005,دَادࣸبࣸࢽْ مِلِيَࢽْ غَرٜيٰکَ   رَࢽْدَکَامࣸتࣸ سَيْ أَکَيْکَ,دَادࣸبࣸࢽْ مِلِيَࢽْ غَرٜيٰکَ  رَࢽْدَکَامࣸتࣸ سَيْ أَکَيْکَ,0.017543859649122806,0.0
Warning_Gargaɗi_Infiraji_2.pdf_page_7_line_007,رَࢽْدَيَيْ أَزࣸمِي مَصِيبَا   سَيْ تَسَامَسَ بَاکَطَࢽْبَا,رَࢽْدَيَيْ أَزࣸمِي مَصِيبَا    سَيْ تَسَامَسَ بَاکَطَࢽْبَا,0.017543859649122806,0.0
Infiraji_8.pdf_page_15_line_008,غَاوࣸيَادَبࣸغࣸودَڟَاوَا   ثَࢽْ سࣸإِسْکٜيٰ ڧِشِي دَيِࢽْوَا,غَاوࣸيَادَبࣸغࣸودَڟَاوَا  ثَࢽْ سࣸإِسْکٜيٰ ڧِشِي دَيِࢽْوَا,0.017543859649122806,0.0
Infiraji_4.pdf_page_24_line_014,کࣸواْمَطَاثِي کࣸوشِرِࢽْيَا   سࣸࢽْکَ بࣸوشٜيٰ بَابࣸ طَࢽْيَا,کࣸواْمَطَاثِي کࣸوشِرِࢽْيَا  سࣸࢽْکَ بࣸوشٜيٰ بَابࣸ طَࢽْيَا,0.017543859649122806,0.0
Knowledge_to_Follow_God_Gandal_Fii_Rewugol_Alla.pdf_page_4_line_008,عَنِّيَادٜوَتَکْبِيرَةࣸࡼلاِحْرَامِ حَبِّرَاوࣸحَرْمِنِرْوࣽ,عَنِّيَادٜوَتَکْبِيرَةࣸࡼلاِحْرَامِ حَبِّرَاوࣸحَرْمِنِرْوࣸ,0.017543859649122806,0.5
Infiraji_6.pdf_page_3_line_004,کࣸوْاْغَࢽِي بَلّٜيٰ کَذَوْࢽَا   وَࢽْدَکَاسَࢽْ ڢَاسِڧِيࢽَا,کࣸوْاْغَࢽِي بَلٜيٰ کَذَوْࢽَا   وَࢽْدَکَاسَࢽْ ڢَاسِڧِيࢽَا,0.017543859649122806,0.2
Infiraji_3.pdf_page_17_line_005,بَاتَسࣸواْکَࢽْ کِيشِيَࢽْتَا    غࣸࢽْ مِجِ دࣸومِࢽْ يَڧِيتَا,بَاتَسࣸواْکَࢽْ کِيشِيَࢽْتَا   غࣸࢽْ مِجِ دࣸومِࢽْ يَڧِيتَا,0.017543859649122806,0.0
Infiraji_4.pdf_page_20_line_013,سَيْ سࣸثٜيٰ بَࢽْ غَسْکِيَرْکࣸ   تَاڧِ أَمْڢَاࢽِي غَرٜيٰکࣸ,سَيْ سࣸثٜيٰ بَࢽْ غَسْکِيَرْکࣸ  تَاڧِ أَمْڢَاࢽِي غَرٜيٰکࣸ,0.017543859649122806,0.0
Infiraji_6.pdf_page_18_line_008,دࣸکْ مࣸتࣸمْ کٜيٰࢽَࢽْ شِکٜيٰجِي  غَاوࣸتَاتَاجٜيٰڢَ حࣸرْجِي,دࣸکْ مࣸتࣸمْ کٜيٰࢽَࢽْ شِکٜيٰجِي  غَاوࣸتَاتَاجٜىٰڢَ حࣸرْجِي,0.017543859649122806,0.16666666666666666
Infiraji_3.pdf_page_18_line_013,ࢽَيْࢽࣸڢِࢽْ ثِکَ اَلْجَمَاتَا   وَࢽْدَࢽَيْمَ مَزَادَمَاتَا,ࢽَيْࢽࣸڢِࢽْ ثِکَ اَلْجَمَاتَا  وَࢽْدَࢽَيْمَ مَزَادَمَاتَا,0.017543859649122806,0.0
Infiraji_8.pdf_page_14_line_007,وَࢽْسࣸ مَاتَࢽْ سࣸيْتَ کࣸوکَا  أَࢽْرِڧٜيٰسࣸ أَࢽَاتَدࣸوکَا,وَࢽْسࣸ مَاتَࢽْ سࣸيْتَ کࣸوکَا  أَࢽْ رِڧٜيٰسࣸ أَࢽَاتَدࣸوکَا,0.017857142857142856,0.3333333333333333
Infiraji_8.pdf_page_29_line_013,سَيْ يَوَࢽْ حَسْکٜيٰ دَڧَمْشِي مَيْيَوَࢽْ دَاطِي سࣸجِيشِ,سَيْ يَوَࢽْ حَسْکٜيٰ دَڧَمْشِي  مَيْيَوَࢽْ دَاطِي سࣸجِيشِ,0.017857142857142856,0.0
Infiraji_4.pdf_page_25_line_011,تَاإِشٜيٰسࣸ سࣸࢽَاتَ کࣸوْوَا  سَيْ يَتَاشِ دَهَمْزَرَاوَا,تَاإِشٜيٰسࣸ سࣸࢽَاتَ کࣸوْوَا سَيْ يَتَاشِ دَهَمْزَرَاوَا,0.017857142857142856,0.0
Infiraji_8.pdf_page_16_line_010,ثِي دَشَࢽْسࣸ أَثَࢽْ زَڧࣸومِ   سَيْ ضَرِيعࣸ بَذَاسࣸ سَامِ,ثِي دَشَࢽْسࣸ أَثَࢽْ زَڧࣸومِ  سَيْ ضَرِيعࣸ بَذَاسࣸ سَامِ,0.017857142857142856,0.0
ELIT_WAN_00130_015r_line_003,ثم المفادير ڢيه الله يعلمها ؞ صدڡ بماجاء تسلک اعدل السبل,ثم المفاديرڢيه الله يعلمها ؞ صدڡ بماجاء تسلک اعدل السبل,0.017857142857142856,0.18181818181818182
Infiraji_4.pdf_page_25_line_008,وَسࣸ اَلْعࣸمَّرْکَ سࣸوࢽٜيٰ ثَࢽْ جَهَࢽَّمَ دࣸکْ تَڧࣸوࢽٜيٰ,وَسࣸ اَلْعࣸمَّرْکَ سࣸوࢽٜيٰ  ثَࢽْ جَهَࢽَّمَ دࣸکْ تَڧࣸوࢽٜيٰ,0.017857142857142856,0.0
Infiraji_4.pdf_page_26_line_004,جٜيٰ سࣸغَࢽْکَ سࣸسَࢽْ سࣸکࣸوࢽِي   مࣸصْطَڢَي أَࢽْبَاإِذْࢽِي,جٜيٰ سࣸغَࢽْکَ سࣸسَࢽْ سࣸکࣸوࢽِي  مࣸصْطَڢَي أَࢽْبَاإِذْࢽِي,0.017857142857142856,0.0
Infiraji_7.pdf_page_4_line_008,ثࣸوثٜيٰ ثࣸوثٜيٰ بَاع تَاطِي وَࢽْدَيَابِ ࢽَوَࢽْغَ رࣸوْطِي,ثࣸوثٜيٰ ثࣸوثٜيٰ بَاعَ تَاطِي وَࢽْدَيَابِ ࢽَوَࢽْغَ رࣸوْطِي,0.017857142857142856,0.14285714285714285
Infiraji_8.pdf_page_17_line_008,يَاإِلَهِ اِلْعَرْشِ مَوْلَا  ࢽَارَبَامࣸ دَوَࢽْغَ ذِلَّا,يَاإِللَهِ اِلْعَرْشِ مَوْلَا  ࢽَارَبَامࣸ دَوَࢽْغَ ذِلَّا,0.017857142857142856,0.16666666666666666
Infiraji_6.pdf_page_16_line_004,حࣸرْتࣸمِي تَوْرٜيٰ دَجࣸويَا   کَاسࣸوَرْسࣸ تَࢽَادَحَࢽْيَا,حࣸرْتࣸمِي تَوْرٜيٰ دَجࣸويَا  کَاسࣸوَرْسࣸ تَࢽَادَحَࢽْيَا,0.017857142857142856,0.0
Infiraji_8.pdf_page_29_line_014,سَيْ أَبࣸوطٜيٰ وࣸتَاسࣸغَࢽْشِ  ࢽَࢽْڢَ سࣸيْ ڧَارَاغَرٜيٰشِ,سَيْ أَبࣸوطٜيٰ وࣸتَاسࣸغَࢽْشِ  ࢽَࢽْڢَ سࣸيْ ڧَارَاغَرٜىٰشِ,0.017857142857142856,0.16666666666666666
Warning_Gargaɗi_Infiraji_2.pdf_page_6_line_004,غَاشِ کَاتࣸواْذَرْتَ کَࢽْکَ   سࣸࢽْ کࣸطِي يَاسَاکَ شِرْکَ,غَاشِ کَاتࣸواْذَرْتَ کَࢽْکَ  سࣸࢽْ کࣸطِي يَاسَاکَ شِرْکَ,0.017857142857142856,0.0
Knowledge_to_Follow_God_Gandal_Fii_Rewugol_Alla.pdf_page_6_line_003,طِࢽْ خَمْشَةࣻکࣽجࣽوِتَعْجِيلࣸ ࡼلْڢِطْرِکࣽيَذِّنْدٜطَيْرٜ,طِࢽْ خَمْشَةࣻکࣽجࣽوِتَعْجِيلࣸ ࡼلْڢِطْرِکࣽيَذِّنْدٜطٜيْرٜ,0.01818181818181818,0.3333333333333333
Infiraji_3.pdf_page_12_line_010,سَࢽْدَأَࢽْڧَارٜيٰ هَطَاشِ   غࣸࢽْ تࣸڢَاڢِي أَࢽْ ࢽَطٜيٰشِ,سَࢽْدَأَࢽْڧَارٜيٰ هَطَاشِ  غࣸࢽْ تࣸڢَاڢِي أَࢽْ ࢽَطٜيٰشِ,0.01818181818181818,0.0
Infiraji_6.pdf_page_14_line_002,غَسْکِيَاکࣸمَ ذَاأَغَࢽْسࣸ مَࢽْيَ مَࢽْيَ بِسَࢽْ جِکِࢽْسࣸ,غَسْکِيَاکࣸمَ ذَاأَغَࢽْسࣸ  مَࢽْيَ مَࢽْيَ بِسَࢽْ جِکِࢽْسࣸ,0.01818181818181818,0.0
Infiraji_4.pdf_page_16_line_009,يَاإِلَهِ اِلْعرْشِ مَوْلَا  ࢽَارَبَامࣸ دَوَࢽْغَ ذِلَّا,يَاإِلَهِ اِلْعَرْشِ مَوْلَا  ࢽَارَبَامࣸ دَوَࢽْغَ ذِلَّا,0.01818181818181818,0.16666666666666666
Infiraji_6.pdf_page_8_line_011,کَارࣸوَيْ دَغِيَادَتَابَا   ذَاسࣸ جَامَسࣸ شَࢽْ عَذَابَا,کَارࣸوَيْ دَغِيَادَتَابَا  ذَاسࣸ جَامَسࣸ شَࢽْ عَذَابَا,0.01818181818181818,0.0
Infiraji_8.pdf_page_30_line_002,ڟَࢽَࢽِࢽْ ذَاڢِي يَسَࢽْثٜيٰ  غَارَسࣸولࣸ اِللَّهِ يَاثٜيٰ,ڟَࢽَࢽِࢽْ ذَاڢِي يَسَࢽْثٜيٰ  غَارَسࣸولࣸ اللَّهِ يَاثٜيٰ,0.01818181818181818,0.16666666666666666
Infiraji_6.pdf_page_14_line_010,سَيْ أَڟَيْدَسَحࣸوڟَيَرْوَا   غَاذࣸڢَادَڧِشِي دَيِࢽْوَا,سَيْ أَڟَيْدَسَحࣸوڟَيَرْوَا  غَاذࣸڢَادَڧِشِي دَيِࢽْوَا,0.01818181818181818,0.0
Infiraji_3.pdf_page_14_line_007,تَࢽْبَيَادَغَرَادَڟࣸوڟَا   سࣸࢽْ إِسَيْ بَازَاشِمࣸواْڟَا,تَࢽْبَيَادَغَرَادَڟࣸوڟَا  سࣸࢽْ إِسَيْ بَازَاشِمࣸواْڟَا,0.01818181818181818,0.0
Infiraji_4.pdf_page_13_line_002,ذَاأذࣸودَوَطَࢽْسࣸ مَاتَا   وَࢽْدَکٜيٰمَ مَذَࢽْسࣸ ثࣸوتَا,ذَاأذࣸودَوَطَࢽْسࣸ مَاتَا  وَࢽْدَکٜيٰمَ مَذَࢽْسࣸ ثࣸوتَا,0.01818181818181818,0.0
Infiraji_8.pdf_page_12_line_002,صَاحِبِي جِبْرِيلࣸ يَاثٜيٰ   يَوْدَلَابَارِࢽْ وࣸتَاثٜيٰ,صَاحِبِي جِبْرِيلࣸ يَاثٜيٰ  يَوْدَلَابَارِࢽْ وࣸتَاثٜيٰ,0.01818181818181818,0.0
Infiraji_4.pdf_page_3_line_005,غࣸࢽْ حࣸکࣸࢽْثِي حَرْدَشَيْدࣸو   غَارَڧِيبࣸ ذࣸوَاعَتِيدࣸو,غࣸࢽْ حࣸکࣸࢽْثِي حَرْدَشَيْدࣸو  غَارَڧِيبࣸ ذࣸوَاعَتِيدࣸو,0.01818181818181818,0.0
Infiraji_4.pdf_page_17_line_001,ذَاسࣸسَارِيْغَرْوࣸتَاࢽٜيٰي  وَࢽْدࣸࢽَࢽْسࣸ وࣸتَاکَغَاࢽٜيٰ,ذَاسࣸسَارِيْغَرْوࣸتَاࢽٜيٰ  وَࢽْدࣸࢽَࢽْسࣸ وࣸتَاکَغَاࢽٜيٰ,0.01818181818181818,0.3333333333333333
Infiraji_4.pdf_page_35_line_015,ثٜيٰ غَوَࢽْدَسࣸکٜيٰ ظَلَامَا  وَࢽْغَ رَاࢽَابَابࣸ دَامَا,ثٰٜ غَوَࢽْدَسࣸکٜيٰ ظَلَامَا  وَࢽْغَ رَاࢽَابَابࣸ دَامَا,0.01818181818181818,0.16666666666666666
Infiraji_8.pdf_page_15_line_010,حَاوࣸيَاتَمࣸࢽَاڢࣸکَيْࢽٜيٰ   ثَࢽْ سَعِيرَا کَاڢِرَيْࢽٜيٰ,حَاوࣸيَاتَمࣸࢽَاڢࣸکَيْࢽٜيٰ  ثَࢽْ سَعِيرَا کَاڢِرَيْࢽٜيٰ,0.01818181818181818,0.0
Infiraji_6.pdf_page_17_line_001,يَدَّمَالَمْ يَيْ إِبَارَا   وَيْ أَبِࢽْدَکَسَاحَسَارَا,يَدَّمَالَمْ يَيْ إِبَارَا  وَيْ أَبِࢽْدَکَسَاحَسَارَا,0.01818181818181818,0.0
Infiraji_6.pdf_page_5_line_001,أَيّࣸکَࢽْ ذَرْغِي غَبَاوَا   غَرْدَمَادَيَوَࢽْ ڧَسَاوَا,أَيّࣸکَࢽْ ذَرْغِي غَبَاوَا  غَرْدَمَادَيَوَࢽْ ڧَسَاوَا,0.01818181818181818,0.0
Infiraji_4.pdf_page_26_line_005,يَࢽْذࣸباکࣸومٜيٰ غَرٜيٰࢽِي  سَيْ يَجٜيٰ أَثِکِࢽْ يَڧِيࢽِ,يَࢽْذࣸبَاکࣸومٜيٰ غَرٜيٰࢽِي  سَيْ يَجٜيٰ أَثِکِࢽْ يَڧِيࢽِ,0.01818181818181818,0.16666666666666666
Infiraji_5.pdf_page_13_line_010,أَيْ أࣸوَاکٜيٰ جَامَ طَࢽْتَ   هَلَّکَادࣸومِࢽْ حَلِࢽْتَ,أَيْ أࣸوَاکٜيٰ جَامَ طَࢽْتَ  هَلَّکَادࣸومِࢽْ حَلِࢽْتَ,0.018518518518518517,0.0
Infiraji_6.pdf_page_6_line_001,مࣸومِࢽِي مَيْ سࣸࢽْ شِڟِيرَا  شِکَطَيْ کَکࣸلَادَغَٜارَا,مࣸومِࢽِي مَيْ سࣸࢽْ شِڟِيرَا  شِکَطَيْ کَکࣸلَادَغَارَا,0.018518518518518517,0.16666666666666666
Infiraji_4.pdf_page_34_line_002,تࣸوْاْکَࢽَاتَاشِ دَکَايَا   غَاشِ مَاأَࢽْبَرْکَ بَايَا,تࣸوْاْکَࢽَاتَاشِ دَکَايَا  غَاشِ مَاأَࢽْبَرْکَ بَايَا,0.018518518518518517,0.0
Infiraji_7.pdf_page_5_line_004,غَاشِ کَاتࣸواْذَرْتَ کَࢽْکَ سࣸࢽْ کࣸطِي يَاسَاکَ شِرْکَ,غَاشِ کَاتࣸواْذَرْتَ کَࢽْکَ  سࣸࢽْ کࣸطِي يَاسَاکَ شِرْکَ,0.018518518518518517,0.0
Infiraji_4.pdf_page_20_line_005,ثٜيٰ أَبِࢽْ ذَرْغِي غَرٜيٰکࣸ  وَايَغَࢽِّ أَذَامَࢽِࢽْکࣸ,ثٜيٰ أَبِࢽْ ذَرْغِي غَرٜيٰکࣸ وَايَغَࢽِّ أَذَامَࢽِࢽْکࣸ,0.018518518518518517,0.0
Infiraji_8.pdf_page_8_line_013,سَيْ أَثٜيٰ غَرْدَࢽْدَمِࢽْکࣸ بَاسࣸ أَمْڢَاࢽِي غَرٜيٰکࣸ,سَيْ أَثٜيٰ غَرْدَࢽْدَمِࢽْکࣸ  بَاسࣸ أَمْڢَاࢽِي غَرٜيٰکࣸ,0.018518518518518517,0.0
Infiraji_4.pdf_page_8_line_003,بَابࣸ کَوْرِي بَابࣸ ڢَاطِ   ࢽَاجِ تࣸواْذَايٜࢽْ صِرَاطِ,بَابࣸ کَوْرِي بَابࣸ ڢَاطِ  ࢽَاجِ تࣸواْذَايٜࢽْ صِرَاطِ,0.018518518518518517,0.0
Infiraji_4.pdf_page_15_line_009,غَاشِ حࣸسْکَاتَايِي مَسْڧِي   غَاتَلَوْثِ غَاسࣸ بَاڧِي,غَاشِ حࣸسْکَاتَايِي مَسْڧِي  غَاتَلَوْثِ غَاسࣸ بَاڧِي,0.018518518518518517,0.0
Infiraji_4.pdf_page_47_line_009,کَرْکَبَاتَ وࣸرِࢽْ ذَمَࢽْکࣸ   إِࢽْڢِرَاجِ ثٜيٰ تَعࣸکّࣸ,کَرْکَبَاتَ وࣸرِࢽْ ذَمَࢽْکࣸ  إِࢽْڢِرَاجِ ثٜيٰ تَعࣸکّࣸ,0.018518518518518517,0.0
Infiraji_8.pdf_page_19_line_001,ذَاسࣸسَارِيْغَرْوࣸتَاࢽٜيٰ  وَࢽْدَࢽَࢽْسࣸ وࣸتَاکَغَاࢽٜيٰ,ذَاسࣸسَارِيْغَرْوࣸتَاࢽٜيٰ  وَࢽْدࣸࢽَࢽْسࣸ وࣸتَاکَغَاࢽٜيٰ,0.018518518518518517,0.3333333333333333
Infiraji_12.pdf_page_3_line_004,شِي يَسَامࣸوࢽَامࣸ ڢَامَا  دَيْ مࣸغࣸامَڟِ مَاسࣸ غِرْمَا,شِي يَسَامࣸوࢽَامࣸ ڢَامَا  دَيْ مࣸغَامَڟِ مَاسࣸ غِرْمَا,0.018518518518518517,0.14285714285714285
Infiraji_4.pdf_page_17_line_007,سࣸوکِرَࢽْسࣸ سࣸࢽَادَذَاڢِي  لَيْڢࣸکَࢽْسࣸ سࣸࢽَادَڧَرْڢِي,سࣸوکِرَࢽْسࣸ سࣸࢽَادَذَاڢِ  لَيْڢࣸکَࢽْسࣸ سࣸࢽَادَڧَرْڢِي,0.018518518518518517,0.25
Infiraji_8.pdf_page_29_line_010,سَيْ رَسࣸولࣸ يَذࣸودَسَوْرِ  غَامࣸتَاࢽٜيٰ ࢽَاتَ ڧَوْرِ,سَيْ رَسࣸولࣸ يَذࣸودَسَوْرِ غَامࣸتَاࢽٜيٰ ࢽَاتَ ڧَوْرِ,0.018867924528301886,0.0
ELIT_WAN_00130_017r_line_004,اماالذ> صاريدعونالبدعته ؞ مع الفتال ڢض ب البيض والاسل,اماالذ> صاريدعونالبدعته ؞ مع الفتال ڢض ب اليض والاسل,0.018867924528301886,0.1
Infiraji_8.pdf_page_16_line_001,ذَاأَکَيْ کࣸوَࢽْسࣸ طَاکِ  ࢽٜيٰ ࢽَهَمّࣸ کَمَرْأَکࣸرْکِ,ذَاأَکَيْ کࣸوَࢽْسࣸ طَاکِ ࢽٜيٰ ࢽَهَمّࣸ کَمَرْأَکࣸرْکِ,0.018867924528301886,0.0
Infiraji_8.pdf_page_16_line_011,ثِي دَشَابَ بَلٜيٰ سࣸࢽٜيٰمِ  إِࢽْدَذَاسࣸ ڟَيَاأَرَامِ,ثِي دَشَابَ بَلٜيٰ سࣸࢽٜيٰمِ إِࢽْدَذَاسࣸ ڟَيَاأَرَامِ,0.018867924528301886,0.0
ELIT_WAN_00130_007r_line_004,تڢدس الى ب فطعااࢽ يکوࢽ له ؞ بالعفل وصڢ مکاࢽ مثل ذااحل,تفدس الى ب فطعااࢽ يکوࢽ له ؞ بالعفل وصڢ مکاࢽ مثل ذااحل,0.018867924528301886,0.08333333333333333
Infiraji_4.pdf_page_27_line_009,کࣸࢽْ ڟَࢽَࢽْتَاسَيْمࣸ بِيکࣸ مࣸࢽْ ڟَيَامࣸࢽْ غِرْمَمَاکࣸ,کࣸࢽْ ڟَࢽَࢽْتَاسَيْمࣸ بِيکࣸ  مࣸࢽْ ڟَيَامࣸࢽْ غِرْمَمَاکࣸ,0.018867924528301886,0.0
Infiraji_4.pdf_page_22_line_002,مَادَسَاڧࣸواْکࣸواْوَࢽِࢽْسࣸ   سࣸڢَطَادࣸکَ حَࢽْزَرِࢽْسࣸ,مَادَسَاڧࣸواْکࣸواْوَࢽِࢽْسࣸ  سࣸڢَطَادࣸکَ حَࢽْزَرِࢽْسࣸ,0.018867924528301886,0.0
Infiraji_5.pdf_page_9_line_010,وَثّٜيٰ تَاذَمَ بَاأَسَاتَا   أَوْرࣸوَابَاعَ هَࢽَاتَا,وَثّٜيٰ تَاذَمَ بَاأَسَاتَا  أَوْرࣸوَابَاعَ هَࢽَاتَا,0.018867924528301886,0.0
Infiraji_8.pdf_page_30_line_011,يَايِي بِࢽ کࣸووَࢽِࢽْسࣸ   سَيْ أَکَࢽْ کَاشٜيٰ أَکَيْسࣸ,يَايِي بِࢽ کࣸووَࢽِࢽْسࣸ  سَيْ أَکَࢽْ کَاشٜيٰ أَکَيْسࣸ,0.018867924528301886,0.0
Infiraji_6.pdf_page_17_line_014,غَاوࣸتَادَذࣸوَاأَمِيڧَا   حَرْمَذَاجٜيٰ مَاسࣸ لٜيٰڧَا,غَاوࣸتَادَذࣸوَاأَمِيڧَا  حَرْمَذَاجٜيٰ مَاسࣸ لٜيٰڧَا,0.018867924528301886,0.0
Infiraji_8.pdf_page_16_line_007,بَاعَمَاکࣸوَࢽْسࣸ سَوْڧِي   غَاوࣸتَاعَجٜيٰ غَاحَيَاڧِي,بَاعَمَاکࣸوَࢽْسࣸ سَوْڧِي  غَاوࣸتَاعَجٜيٰ غَاحَيَاڧِي,0.018867924528301886,0.0
Infiraji_4.pdf_page_15_line_014,سࣸوأَبِࢽْثِࢽَࢽْ بِيࣸوبَا   بَذَاأَثِيسࣸ سࣸسَاڧِبَابَا,سࣸوأَبِࢽْثِࢽَࢽْ بِيࣸوبَا  بَذَاأَثِيسࣸ سࣸسَاڧِبَابَا,0.018867924528301886,0.0
Infiraji_5.pdf_page_12_line_013,حَࢽْڧࣸرِي يَاغَاغَرٜيٰسࣸ   دࣸࢽْ بَڧَࢽْتَرْذࣸوثِيَرْسࣸ,حَࢽْڧࣸرِي يَاغَاغَرٜيٰسࣸ  دࣸࢽْ بَڧَࢽْتَرْذࣸوثِيَرْسࣸ,0.018867924528301886,0.0
Infiraji_8.pdf_page_14_line_008,غَاعَلَامَاکࣸواأَحࣸسْکَا   وَدَّأَࢽْسَࢽْ بَابࣸ شَکَّا,غَاعَلَامَاکࣸواأَحࣸسْکَا  وَدَّأَࢽْسَࢽْ بَابࣸ شَکَّا,0.018867924528301886,0.0
Infiraji_8.pdf_page_5_line_007,ڧِࢽْکࣸ کَرْکࣸورَاتَکَامَ  کࣸࢽْرِڧٜيٰمࣸ ثِکِࢽْ ظَلَامَ,ڧِࢽْکࣸ کَرْکࣸورَاتَکَامَ  کࣸࢽْ رِڧٜيٰمࣸ ثِکِࢽْ ظَلَامَ,0.018867924528301886,0.4
ELIT_WAN_00130_018r_line_007,دع الرياسة لاتسلک مسالکها ؞ اماالولاية ڢالبلوى لذ>وجل,دع الرياسة لا تسلک مسالکها ؞ اماالولاية ڢالبلوى لذ>وجل,0.018867924528301886,0.2
Infiraji_4.pdf_page_35_line_014,تَوْاْمࣸسَࢽْ رَاࢽَرْڧِيَامَا  ࢽَاذࣸوَارَاࢽَرْࢽَدَامَا,تࣸوْاْمࣸسَࢽْ رَاࢽَرْڧِيَامَا  ࢽَاذࣸوَارَاࢽَرْࢽَدَامَا,0.018867924528301886,0.3333333333333333
Infiraji_4.pdf_page_24_line_010,يَدَّدَيْ ࢽَتَرَرْدَسࣸ حَرْ  وࣸتَادَمَرِي دَسَرْڧَرْ,يَدَّدَيْ ࢽَتَرَرْدَسࣸ حَرْ   وࣸتَادَمَرِي دَسَرْڧَرْ,0.019230769230769232,0.0
Infiraji_8.pdf_page_5_line_008,بَاسَࢽَرْوَبَاعَلَامَ    سَيْسࣸ کَامَ يَوَࢽْ حࣸسࣸومَ,بَاسَࢽَرْوَبَاعَلَامَ   سَيْسࣸ کَامَ يَوَࢽْ حࣸسࣸومَ,0.019230769230769232,0.0
Infiraji_4.pdf_page_28_line_014,حَسَّدَاکࣸوشٜيٰ دَڧٜيٰتَا  مࣸمِࢽِي بَرِسࣸࢽْ کࣸلَاتَا,حَسَّدَاکࣸوشٜيٰ دَڧٜيٰتَا  مࣸومِࢽِي بَرِسࣸࢽْ کࣸلَاتَا,0.019230769230769232,0.2
Infiraji_4.pdf_page_23_line_011,کَڢَطَاوَااَلࢽَّبِࢽْمࣸ   مࣸصْطَڢَىٰ مࣸوغࣸࢽْ حَلِࢽْمࣸ,کَڢَطَاوَااَلࢽَّبِࢽْمࣸ  مࣸصْطَڢَىٰ مࣸوغࣸࢽْ حَلِࢽْمࣸ,0.019230769230769232,0.0
Infiraji_6.pdf_page_11_line_005,لَاخِرَادَيْ بَاسࣸ سَامࣸ   أَرْزࣸکَاإِࢽْ أَࢽْکِرَامࣸ,لَاخِرَادَيْ بَاسࣸ سَامࣸ  أَرْزࣸکَاإِࢽْ أَࢽْکِرَامࣸ,0.019230769230769232,0.0
ELIT_WAN_00130_004v_line_009,کذاک نڢسک مااࢽ انت موجدها ؞ ڢانظࢽ بعفل سليم غيرمختبل,کذاک نڢسک مالࢽ انت موجدها ؞ ڢانظࢽ بعفل سليم غيرمختبل,0.019230769230769232,0.1
Infiraji_8.pdf_page_25_line_011,غَاوࣸتَاࢽَاذَاکࣸطَاحَرْ   بَاعَ تَاطِࢽْ لَاڢِيَاحَرْ,غَاوࣸتَاࢽَاذَاکࣸطَاحَرْ  بَاعَ تَاطِࢽْ لَاڢِيَاحَرْ,0.019230769230769232,0.0
Infiraji_7.pdf_page_5_line_002,ࢽَجَسَاکٜيٰ ڟَڟَّکِࢽْکَ مٜيٰ يَڧَرْڢَڢَ تَاڧَمَرْکَ,تَجَسَاکٜيٰ ڟَڟَّکِࢽْکَ مٜيٰ يَڧَرْڢَڢَ تَاڧَمَرْکَ,0.0196078431372549,0.2
ELIT_WAN_00130_012v_line_007,اماالفليل وتکثي له مدد ؞ حدث ولاحى ج عࢽ خيرة الى سل,اماالفليل وتکثي له مدد ؞ حدث ولاحر ج عࢽ خيرة الى سل,0.0196078431372549,0.08333333333333333
Infiraji_8.pdf_page_16_line_013,سࣸوأَبِࢽْثِࢽَࢽْ بِيࣸوبَا بَذَاأَثِيسࣸ سࣸسَاڧِبَابَا,سࣸوأَبِࢽْثِࢽَࢽْ بِيࣸوبَا  بَذَاأَثِيسࣸ سࣸسَاڧِبَابَا,0.0196078431372549,0.0
Infiraji_3.pdf_page_4_line_011,مَاسࣸ جِࢽْيَاࢽَاتَکࣸوکَا غَامࣸتࣸم يَاکَاسَ حَرْکَا,مَاسࣸ جِࢽْيَاࢽَاتَکࣸوکَا  غَامࣸتࣸم يَاکَاسَ حَرْکَا,0.02,0.0
ELIT_WAN_00130_019r_line_009,وهب لفاربى عڢواومغڢرة ؞ وافبله منى ڢذاسؤلى وذاامل,وهب لفاربه عڢواومغڢرة ؞ وافبله منى ڢذاسؤلى وذاامل,0.02,0.125
Knowledge_to_Follow_God_Gandal_Fii_Rewugol_Alla.pdf_page_4_line_002,ڢَرِللَّجِ جࣸلْدٜطِࢽْ خَمْسَةࣸعَشَرَکࣽسَبّࣸ عٜجࣸوِ,ڢَرِللَّجِ جࣸلْدٜطِࢽْ خَمْسَةࣸعَشَرَکࣽسَبّࣸ عٜجࣸمِ,0.02,0.25
A_Letter_to_Malam_Ƙalarawi_Wasiƙa_zuwa_ga_Malam_Lawan_Ƙalarawi.pdf_page_1_line_012,کࣸمَاتَࢽْبَيَّا بَࢽْدِّرْ حَلَرْࢽِي مࣸتࣸمْ يَابِي,کࣸمَاتَࢽْبَيَّا بَࢽْدِّرْ حَلَرْࢽِى مࣸتࣸمْ يَابِي,0.02040816326530612,0.2
Infiraji_8.pdf_page_1_line_003,اَلࢽَّاشِرࣸأَحْمَدࣸ اَلتِّجَاࢽِي حَڢِظَهࣸ اللَّهࣸ,اَلࢽَّاشِرࣸأَحْمَدࣸ التِّجَاࢽِي حَڢِظَهࣸ اللَّهࣸ,0.02040816326530612,0.25
Nana_Asmāʾu_Admonition_Nana_Asmāʾu_Waazi.pdf_page_1_line_001,بسم الله الرحمࢽ الرحيم صلى الله على الࢽبي الکريم,بسم الله الرحم الرحيم صلى الله على الࢽبي الکريم,0.020833333333333332,0.1111111111111111
The_Human_Being_Is_an_Incurable_Disease_Mutum_Cuta_Ne_Marar_Magani.pdf_page_8_line_002,ࢽَيْ حَمْدَلَهْ ࢽَࢽْ کࣸࢽْجِ کَمْ ذَࢽْدَاکَتَا   دَࢽْ اللَّهْ کَيْ ڟَيْ دَࢽْ کَغَاࢽٜيٰ مࣸتَاࢽٜيٰ,ࢽَيْ حَمْدَلَهْ ࢽَࢽْ کࣸࢽْجِ کَمْ ذَࢽْدَاکَتَا  دَࢽْ اللَّهَ کَيْ ڟَيْ دَࢽْ کَغَاࢽٜيٰ مࣸتَاࢽٜيٰ,0.021052631578947368,0.07692307692307693
MAF_286.pdf_page_6_line_015,أَݣࣸيْ وَتَ کَرَامَ ࢽَࢽْ غَوࣸرْدِࢽْ يَٜࢽْاءࣸوَا ؞  کࣸسَوْرَارِ وَاڧَ کࣸࢽْجِ جَمَعَرْ مࣸحَمَّدَا,أَݣࣸيْ وَتَ کَرَامَ ࢽَࢽْ غَوࣸرْدِࢽْ يَࢽَاءࣸوَا ؞  کࣸسَوْرَارِ وَاڧَ کࣸࢽْجِ جَمَعَرْ مࣸحَمَّدَا,0.021052631578947368,0.08333333333333333
ELIT_WAN_00130_012v_line_010,ڢالله يجعلنا مࢽ خيرامته ؞ مؤمنيࢽ بلاروع ولاوجل,ڢالله يجعلنامࢽ خيرامته ؞ مؤمنيࢽ بلاروع ولاوجل,0.02127659574468085,0.25
MAF_286.pdf_page_12_line_016,إِذَࢽْ ذَاکَيِوࣸوثِکࢽِکِي ࢽَبَاشِ ڢَ يَࢽْاءࣸوَا ؞  کࣸسَامࣸسࣸ أَجَلِي کࣸࢽجِ تࣸرْبَࢽْ مࣸحَمَّدَا,إِذَࢽْ ذَاکَيِوࣸوثِࢽِکِي ࢽَبَاشِ ڢَ يَࢽْاءࣸوَ ؞  کࣸسَامࣸسࣸ أَجَلِي کࣸࢽجِ تࣸرْبَࢽْ مࣸحَمَّدَا,0.02127659574468085,0.18181818181818182
Nana_Asmāʾu_The_Absolute_Truth_1_Nana_Asmāʾu_Tabbat_Haqiqan_1.pdf_page_6_line_014,کَدَکࣸذَمْࢽَاثِکِࢽْ وَطَࢽْدَبَسࣸسَࢽْ تَ   کࣸومِي مَاسࣸ ڧࣸوٰثٜيٰ ثِکِࢽْ ڧَسَايْ سَࢽْ مࣸسࣸلْمِي,کَدَکࣸذَمْࢽَاثِکِࢽْ وَطَࢽْدَبَسࣸسَࢽْ تَ   کࣸومِي مَاسࣸ ڧࣸوثٜيٰ ثِکِࢽْ ڧَسَايْ سَࢽْ مࣸسࣸلْمِ,0.021505376344086023,0.2
ELIT_WAN_00130_009r_line_008,اذالارادة غيرالامࢽ لاعجب لله سبحانه حکم بلاعلل,اذالارادة غير الامࢽ لاعجب لله سبحانه حکم بلاعلل,0.021739130434782608,0.2857142857142857
MAF_286.pdf_page_17_line_006,کࣸبَرْيِࢽْ ڢَ ڟَمَّاࢽِي دࣸࢽْ اَللَّهࣸ يَࢽْاءࣸوَا  ؞  شِيمَاحَدِيشِ ࢽٜيٰ کࣸسَوْرَارِ ڢَاءِدَا,کࣸبَرْيِࢽْ ڢَ کَمَّاࢽِي دࣸࢽْ اَللَّهࣸ يَࢽْاءࣸوَا ؞  شِيمَاحَدِيشِ ࢽٜيٰ کࣸسَوْرَارِ ڢَاءِدَا,0.021739130434782608,0.09090909090909091
Nana_Asmāʾu_The_Authentic_Path_Nana_Asmāʾu_Godaben_Gaskiya.pdf_page_5_line_011,ڟَيِي ڢَدَطَاإِࢽْ يَايِ ڟَࢽَࢽِي دَڢِرْغِتَا   مࣸسࣸلْمِي سࣸࢽَاڢَکِرَࢽْ ڢِيَيّٜيٰ مࣸحَمَّدَا,ڟَيِي ڢَدَطَاإِࢽْ يَاجِ ڟَلࢽَࢽِي دَڢِرْغِتَا   مࣸسࣸلْمِي سࣸࢽَاڢَکِرَࢽْ ڢِيَيّٜيٰ مࣸحَمَّدَا,0.022222222222222223,0.2222222222222222
MAF_286.pdf_page_8_line_011,أَݣࣸيْ وَتَ کَرَامَ کࣸمَ تَجِيکَࢽْ مࣸحَمَّدࣸ؞  کࣸکَرْکَتَ کࣸࢽٜيٰ دࣸکْ کࣸجِيتَا دَڧَاءِدَا,أَݣࣸيْ وَتَ کَرَامَ کࣸمَ تَجِيکَࢽْ مࣸحَمَّدࣸ ؞  کࣸکَرْکَتَ کࣸࢽٜيٰ دࣸکْ کࣸجِيتَادَڧَاءِدَا,0.02247191011235955,0.36363636363636365
The_Human_Being_Is_an_Incurable_Disease_Mutum_Cuta_Ne_Marar_Magani.pdf_page_7_line_001,کَيْ سَيْ أَبَرْکَ کَوَيْ کَࢽَاࢽَࢽْ سَاسࣸڧَيْ   کَارࣸوڟَ کَࢽْکَ کَࢽَا غࣸدࣸࢽْ تَمࣸتَاࢽٜيٰ,کَيْ سَيْ أَبَرْکَ کَوَيْ کَࢽَاࢽَࢽْ سَاسࣸڧَيْ  کَارࣸوڟَ کَࢽْکَ کَࢽَاغࣸدࣸࢽْ تَمࣸتَاࢽٜيٰ,0.022727272727272728,0.18181818181818182
Nana_Asmāʾu_The_Authentic_Path_Nana_Asmāʾu_Godaben_Gaskiya.pdf_page_4_line_009,وَطَࢽْسࣸ ذࣸڢَايَاکَيْ غَبَاکِي شِࢽَاغࣸدࣸو     ڢَتَيْمࣸسࣸ لزَّامٜيٰ ࢽَصَابࣸࢽْ مࣸحَمَّدَا,وَطَࢽْسࣸ ذࣸڢَايَاکَيْ غَبَاکِي شِࢽَاغࣸدࣸو    ڢَتَيْمࣸسࣸ لِزَّامٜيٰ ࢽَصَابࣸࢽْ مࣸحَمَّدَا,0.022988505747126436,0.125
MAF_286.pdf_page_2_line_012,أَࢽَّبَاوَادَمࣸرْسَلَيْ دَوَلِيَّࢽْ عࣸبَࢽْغِجِ ؞ سࣸࢽْذࣸوغَࢽِ ثَڢَّ غَجِيکَࢽْ مࣸحَمَّدَا,أَࢽَّبَاوَادَمࣸرْسَلَيْ دَوَلِيَّࢽْ عࣸبَࢽْغِجِ ؞ سࣸࢽْذࣸوغَرِࢽِ ثَڢَّ غَجِيکَࢽْ مࣸحَمَّدَا,0.022988505747126436,0.125
MAF_286.pdf_page_9_line_014,سَيْ شِي يَطࣸورَ ڢَطَايَأَيْکَ غَرࣸورࣸوَا ؞ أَثِکِࢽْ ڢَ مَࢽْشࣸورَࢽَسْ دࣸࢽْسࣸ مࣸحَمَّدَا,سَيْ شِي يَطࣸورَڢَطَايَأَيْکَ غَرࣸورࣸوَا ؞  أَثِکِࢽْ ڢَ مَࢽْشࣸورَࢽَسْ دࣸࢽْسࣸ مࣸحَمَّدَا,0.022988505747126436,0.18181818181818182
Nana_Asmāʾu_The_Absolute_Truth_1_Nana_Asmāʾu_Tabbat_Haqiqan_1.pdf_page_6_line_013,کࣸيْ کَرَاتࣸوذࣸمَيْ کࣸذَمْ تَرْدَعِِلْمِي    شِي کَسَاطَࢽْ اَدَمْ شِذَمْ مَيْ مࣸڧَامِي,کࣸيْ کَرَاتࣸوذࣸمَيْ کࣸذَمْ تَرْدَعِلْمِي   شِي کَسَاطَࢽْ اَدَمْ شِذَمْ مَيْ مࣸڧَامِي,0.023255813953488372,0.1
Nana_Asmāʾu_The_Absolute_Truth_1_Nana_Asmāʾu_Tabbat_Haqiqan_1.pdf_page_8_line_003,سࣸوأکَࢽْ طَمْرٜيٰ غࣸوبٜيٰ تَبَّتْ حَڧِيڧََا,سࣸواکَࢽْ طَمْرٜيٰ غࣸوبٜيٰ تَبَّتْ حَڧِيڧََا,0.023255813953488372,0.2
MAF_286.pdf_page_16_line_014,وَࢽْدَيَيِوࣸولَايَ ڢَ شِيمَايَرَاتَيَا ؞  کࣸثٜيٰ مَسَ يَيْ شِرْکَ غسَرْکِي مࣸحَمَّدَا,وَࢽْدَيَيِوࣸولَايَ ڢَشِيمَايَرَاتَيَا ؞  کࣸثٜيٰ مَسَ يَيْ شِرْکَ غَسَرْکِي مࣸحَمَّدَا,0.023529411764705882,0.3
Nana_Asmāʾu_The_Authentic_Path_Nana_Asmāʾu_Godaben_Gaskiya.pdf_page_7_line_002,وَطَࢽْسࣸ کَمَرْبِسَ إِࢽْغَرَمّࣸووَطَࢽْسࣸ کࣸو   غزَاڢِي أَوَاإِسْکَا سࣸذࣸودَمࣸحَمَّدَا,وَطَࢽْسࣸ کَمَرْبِسَ إِࢽْغَرَمّࣸووَطَࢽْسࣸ کࣸو   غَزَاڢِي أَوَاإِسْکَاسࣸذࣸودَمࣸحَمَّدَا,0.023529411764705882,0.42857142857142855
The_Human_Being_Is_an_Incurable_Disease_Mutum_Cuta_Ne_Marar_Magani.pdf_page_4_line_004,أَيْ سَيْ ࢽَثٜيٰمَسَ بَابࣸ سࣸوکَ کࣸوکَطَࢽْ   وَࢽَّࢽْ حَلِي دࣸکَ ࢽَاغَرٜيٰمي مࣸتَاࢽٜيٰ,أࣸيْ سَيْ ࢽَثٜيٰمَسَ بَابࣸ سࣸوکَ کࣸوکَطَࢽْ   وَࢽَّࢽْ حَلِي دࣸکَ ࢽَاغَرٜيٰمࣸ مࣸتَاࢽٜيٰ,0.023529411764705882,0.18181818181818182
The_Human_Being_Is_an_Incurable_Disease_Mutum_Cuta_Ne_Marar_Magani.pdf_page_8_line_005,کࣸمَ کَرْکَدَامࣸ دَدࣸکْ أَبِِࢽْدَسࣸکٜيٰ ڢَطِ   دࣸکَّࢽْ أَبِࢽْدَکسَاغَبَايِ کَکَࢽّٜيٰ,کࣸمَ کَرْکَدَامࣸ دَدࣸکْ أَبِࢽْدَسࣸکٜيٰ ڢَطِ   دࣸکَّࢽْ أَبِࢽْدَکَسَاغَبَايِ کَکَࢽّٜيٰ,0.023809523809523808,0.25
MAF_286.pdf_page_5_line_006,يَاتࣸويَ دࣸکࣸوکِي مࣸتَاࢽٜيٰ لࣸبَࢽَّ دࣸکْ ؞ بَيْ بَرْغَࢽِيمَ بَاغَسَمْرِࢽْ مࣸحَمَّدَا,يَاتࣸويَ دࣸوکࣸوکِي مࣸتَاࢽٜيٰ لࣸبَࢽَّ دࣸکْ ؞  بَيْ بَرْغَࢽِيمَ بَاغَسَمْرِࢽْ مࣸحَمَّدَا,0.023809523809523808,0.1
Nana_Asmāʾu_The_Authentic_Path_Nana_Asmāʾu_Godaben_Gaskiya.pdf_page_4_line_010,ڢَرَاࢽَاتَࢽَاتَڢَسَاغَکَاࢽࣸودَڧࣸلّࣸوَرْ     مِيَاغࣸودَسࣸࢽْکَ ڢَڧَرْيَتَاغَمࣸحَمَّدَا,ڢَرَاࢽَاتَࢽَاتَڢَسَاغَکَاࢽࣸودَڧࣸلّࣸوَرْ   مِيَاغࣸودَسࣸࢽْکَ ڢَڧَرْيَتَاغَمࣸحَمَّدَا,0.023809523809523808,0.0
The_Human_Being_Is_an_Incurable_Disease_Mutum_Cuta_Ne_Marar_Magani.pdf_page_8_line_004,بَلّٜيٰ ڢَمࣸو دَمࣸکٜيٰ غَࢽِي دَإِدَࢽْدࣸࢽَا   غَاحَࢽْکَلِي أَغَرٜيٰمࣸ سَادَتࣸࢽَاࢽٜيٰ,بَلّٜيٰ ڢَمࣸودَمࣸکٜيٰ غَࢽِي دَإِدَࢽْدࣸࢽَا  غَاحَࢽْکَلِي أَغَرٜيٰمࣸ سَادَتࣸࢽَاࢽٜيٰ,0.024096385542168676,0.25
MAF_286.pdf_page_18_line_011,کࣸڟَرٜيٰڢَ مَاتَࢽْکࣸ دَيَايَاسࣸبَرْ ڢِتَا ؞  شِيمَاحَدِيشِ ࢽٜيٰ صَحِيحِ غَأَحْمَدَا,کࣸطَرٜيٰڢَ مَاتَࢽْکࣸ دَيَايَاسࣸبَرْڢِتَا ؞  شِيمَاحَدِيشِ ࢽٜيٰ صَحِيحِ غَأَحْمَدَا,0.024096385542168676,0.3333333333333333
The_Human_Being_Is_an_Incurable_Disease_Mutum_Cuta_Ne_Marar_Magani.pdf_page_8_line_013,مࣸودَيْ مࣸࢽَاڧَوْࢽَرْکَ بَابَࢽْ ڢَاطِمَهْ   دࣸکَّࢽْ مࣸسࣸلْمِي أَلْجَࢽࣸو دَمࣸتَاࢽٜيٰ,مࣸودَيْ مࣸࢽَاڧَوْࢽَرْکَ بَابَࢽْ ڢَاطِمَهْ  دࣸکَّࢽْ مࣸسࣸلْمِي أَلْجَࢽࣸودَمࣸتَاࢽٜيٰ,0.024096385542168676,0.25
Nana_Asmāʾu_The_Absolute_Truth_1_Nana_Asmāʾu_Tabbat_Haqiqan_1.pdf_page_5_line_012,غࣸوبٜيٰ أَࢽَبَبّࣸغٜيٰسࣸ تَبَّتْ حَڧِيڧََا,غࣸوبٜيٰ أَࢽَبࣸبّࣸغٜيٰسࣸ تَبَّتْ حَڧِيڧََا,0.024390243902439025,0.25
Nana_Asmāʾu_The_Absolute_Truth_1_Nana_Asmāʾu_Tabbat_Haqiqan_1.pdf_page_7_line_006,دࣸکْ وࣸتَاذَاسࣸ غࣸوبٜيٰ تَبَّتْ حَڧِيڧََا,دࣸکْوࣸتَاذَاسࣸ غࣸوبٜيٰ تَبَّتْ حَڧِيڧََا,0.024390243902439025,0.4
Nana_Asmāʾu_The_Absolute_Truth_1_Nana_Asmāʾu_Tabbat_Haqiqan_1.pdf_page_5_line_015,سࣸووࣸتَاکَࢽْڢَ ڧࣸوٰثٜيٰ تَبَّتْ حَڧِيڧََا,سࣸووࣸتَاکَࢽْڢَ ڧࣸوثٜيٰ تَبَّتْ حَڧِيڧََا,0.024390243902439025,0.25
Nana_Asmāʾu_The_Absolute_Truth_1_Nana_Asmāʾu_Tabbat_Haqiqan_1.pdf_page_5_line_003,سࣸو کَطَوْکَتَّ غࣸوبٜيٰ تَبَّتْ حَڧِيڧََا,سࣸوکَطَوْکَتَّ غࣸوبٜيٰ تَبَّتْ حَڧِيڧََا,0.024390243902439025,0.4
Nana_Asmāʾu_The_Absolute_Truth_1_Nana_Asmāʾu_Tabbat_Haqiqan_1.pdf_page_5_line_009,غࣸوبٜيٰ أَࢽَبَيَّࢽَاسࣸ تَبَّتْ حَڧِيڧََا,غࣸوبٜيٰ أَࢽَ بَيَّࢽَاسࣸ تَبَّتْ حَڧِيڧََا,0.025,0.5
Nana_Asmāʾu_The_Absolute_Truth_1_Nana_Asmāʾu_Tabbat_Haqiqan_1.pdf_page_9_line_012,سَيْڢَ رَحْمَادَثٜيٰتࣸوتَبَّتْ حَڧِيڧََا,سَيْڢَ رَحْمَادَثٜيٰتࣸو تَبَّتْ حَڧِيڧََا,0.025,0.6666666666666666
Infiraji_10.pdf_page_10_line_016,شِرْوَادَبَࢽْ غَڢِيَادَبَࢽْ جَاکَادَبَࢽْ  دَمثِيجِيَاأَثِکِࢽْسࣸ مَاتَࢽْ أَوْرٜيٰ,شِرْوَادَبَࢽْ غَڢِيَادَبَࢽْ جَاکَادَبَࢽْ   دَمَثِيجِيَاأَثِکِࢽْسࣸ مَاتَࢽْ أَوْرٜيٰ,0.025,0.16666666666666666
Nana_Asmāʾu_The_Absolute_Truth_1_Nana_Asmāʾu_Tabbat_Haqiqan_1.pdf_page_8_line_015,تَيْ أَࢽَکَرْکَرِٜيٰتَ تَبَّتْ حَڧِيڧََا,تَيْ أَࢽَکَرْکَرٜيٰتَ تَبَّتْ حَڧِيڧََا,0.025,0.25
MAF_286.pdf_page_20_line_008,دَمࣸودَعِيَالِࢽْمࣸ کَڟَرْسٜمࣸ دࣸکْ ؞ عَذَابَرْکَ يَارَحْمَاࢽࣸ سَرْکِي مࣸحَمَّدَا,دَمࣸودَعِيَالِࢽْمࣸ کَطَرْشٜمࣸ دࣸکْ ؞ عَذَابَرْکَ يَارَحْمَاࢽࣸ سَرْکِي مࣸحَمَّدَا,0.025,0.125
The_Human_Being_Is_an_Incurable_Disease_Mutum_Cuta_Ne_Marar_Magani.pdf_page_7_line_006,حَرْحَوْسَ سࣸࢽْيِ کَرِࢽْبَتࣸوࢽْسࣸ کَࢽْهَکَ   بَاعَ عِيَاوَدࣸوࢽِيَا دَمࣸتَاࢽٜيٰ,حَرْحَوْسَ سࣸࢽْيِي کَرِࢽْبَتࣸوࢽْسࣸ کَࢽْهَکَ   بَاعَ عِيَاوَدࣸوࢽِيَادَمࣸتَاࢽٜيٰ,0.02564102564102564,0.42857142857142855
Nana_Asmāʾu_The_Absolute_Truth_1_Nana_Asmāʾu_Tabbat_Haqiqan_1.pdf_page_7_line_008,کࣸࢽْجِيَاغَسْکِيَاڢَࢽَا بَابࣸ شَکَّا   حَاکِمَيْ مَاسࣸ يِࢽْ ڢَطَاثَࢽْ غَذَکَّا,کࣸࢽْجِيَاغَسْکِيَاڢَࢽَابَابࣸ شَکَّا  حَاکِمَيْ مَاسࣸ يِࢽْ ڢَطَاثَࢽْ غَذَکَّا,0.02564102564102564,0.25
Nana_Asmāʾu_The_Absolute_Truth_1_Nana_Asmāʾu_Tabbat_Haqiqan_1.pdf_page_4_line_012,شِدَّکࣸرْڢࣸوغَغࣸوبٜيٰ تَبَّتْ حَڧِيڧََا,شِدَّکࣸرْڢࣸوغَغࣸوبٜيٰ تَبَّت حَڧِيڧََا,0.02564102564102564,0.3333333333333333
Nana_Asmāʾu_The_Absolute_Truth_1_Nana_Asmāʾu_Tabbat_Haqiqan_1.pdf_page_7_line_004,مَاسࣸ ڧٜيٰتَادَحَسَدَاثَࢽْ غَغࣸوبٜيٰ   کَيْسࣸ أَکَيِي وࣸتَاکَدَࢽْتَايِ ذࣸوبٜيٰ,مَاسࣸ ڧٜيٰتَادَحَاسَدَاثَࢽْ غَغࣸوبٜيٰ  کَيْسࣸ أَکَيِي وࣸتَاکَدَࢽْتَايِ ذࣸوبٜيٰ,0.02564102564102564,0.14285714285714285
Infiraji_5.pdf_page_11_line_012,بَسࣸ کَࢽْ رَغٜيٰ کࣸوْاْ أَبِࢽْ مِيَابَا,بَسࣸ کَࢽْ رَغٜيٰ کࣸوْاْأَبِࢽْ مِيَابَا,0.02564102564102564,0.3333333333333333
Nana_Asmāʾu_The_Absolute_Truth_1_Nana_Asmāʾu_Tabbat_Haqiqan_1.pdf_page_10_line_006,بِسَ مࣸحَمَّࢽْ دَيَڢّ تَبَّتْ حَڧِيڧََا,بِسَ مࣸحَمَّࢽْ دَيَڢِّ تَبَّتْ حَڧِيڧََا,0.02564102564102564,0.2
Nana_Asmāʾu_The_Absolute_Truth_1_Nana_Asmāʾu_Tabbat_Haqiqan_1.pdf_page_7_line_001,وَࢽْسࣸ هِمَّرْسࣸ کَوْذࣸوَاإِࢽْدَغࣸوغٜيٰ  سࣸࢽْ غَذَاکࣸوسࣸدَاوَيࣸوعِࢽْدَبࣸوغٜيٰ,وَࢽْسࣸ هِمَّرْسࣸ کَوْذࣸوَاإِࢽْدَغࣸاغٜيٰ سࣸࢽْ غَذَاکࣸوسࣸدَاوَيࣸوعِࢽْدَبࣸوغٜيٰ,0.025974025974025976,0.2
The_Human_Being_Is_an_Incurable_Disease_Mutum_Cuta_Ne_Marar_Magani.pdf_page_8_line_014,وَسَلَمْ أَࢽَࢽْ ࢽٜيٰ وَغَ وَاڧَاتَاڟَيَا بِسَ کَࢽْبَيَاࢽِيࢽَادَࢽِيدَمࣸتَاࢽٜيٰ,وَسَلَمْ أَࢽَࢽْ ࢽٜيٰ وَغَ وَاڧَاتَاڟَيَا   بِسَ کَࢽْبَيَاࢽِيࢽَادَࢽِيدَمࣸتَاࢽٜيٰ,0.025974025974025976,0.0
MAF_286.pdf_page_9_line_011,دَمَاوࣸتَاثٜيسࣸ ثَاࢽَ أَدࣸوࢽِيَا ؞  هَکَࢽَا ڧِيَامَ دࣸࢽْ ڧِيَيَّرْ مࣸحَمَّدَا,دَمَاوࣸتَاثٜيسࣸ ثَاࢽَ أَدࣸوࢽِيَا ؞  مَکَࢽَاڧِيَامَ دࣸࢽْ ڧِيَيَّرْ مࣸحَمَّدَا,0.025974025974025976,0.2222222222222222
Infiraji_9.pdf_page_12_line_002,غَاڢَرْتَ مَالَمْ ࢽِي ࢽَيْتَࢽْبَيَا    إِࢽْ مࣸࢽْتَرَسْ دَغࣸلَابٜيٰ سࣸࢽْڧَڢٜيٰ,غَاڢَرْتَ مَالَمْ ࢽِي ࢽَيْتَࢽْبَيَا   إِࢽْ مࣸࢽْتَرَسْ دَغࣸلابٜيٰ سࣸࢽْڧَڢٜيٰ,0.025974025974025976,0.125
Infiraji_9.pdf_page_12_line_012,رَࢽْࢽَࢽْ أَبِࢽْ تَوْسَيْ مَيْدࣸوکِيَا  دَمَيْ عِيَالِي إِࢽْ جِي طَࢽْ ڢࣸودِيࣸ,رَࢽْࢽَࢽْ أَبِࢽْ تَوْسَيْ مَيْدࣸوکِيَا  دَمَيْ عِيَالِيࣸ إِࢽْ جِي طَࢽْ ڢࣸودَيࣸ,0.02631578947368421,0.2
Nana_Asmāʾu_The_Absolute_Truth_1_Nana_Asmāʾu_Tabbat_Haqiqan_1.pdf_page_2_line_003,شِدَّإِࢽْوَاغَغࣸوبٜيٰ تَبَّتْ حَڧِيڧَا,شِدَّإِࢽْوَاغَغࣸوبٜيٰ تَبَّتْ حَڧِيڧََا,0.02631578947368421,0.3333333333333333
Nana_Asmāʾu_The_Absolute_Truth_1_Nana_Asmāʾu_Tabbat_Haqiqan_1.pdf_page_4_line_002,بَاطَيِي ࢽَيْڢَ کࣸوغَوَجَّࢽْ بَࢽَࢽْثِي   مکَࢽَاوَࢽْدَيَڧِّ کࣸوبِࢽْ حࣸکࣸمْثِي,بَاطَيِي ࢽَيْڢَ کࣸوغَوَجَّࢽْ بَࢽَࢽْثِي  حَکَࢽَاوَࢽْدَيَڧِّ کࣸوبِࢽْ حࣸکࣸمْثِي,0.02631578947368421,0.14285714285714285
Infiraji_3.pdf_page_16_line_003,غِرْمَࢽْسَ شِڢَاطِ دࣸوࢽْ کࣸوْاْبࣸوابَا,غِرْمَࢽْسَ شِڢَاطِ دࣸوࢽْ کࣸوْابࣸوابَا,0.02631578947368421,0.25
Infiraji_9.pdf_page_23_line_008,سَوْرَࢽْ أَبَاوَاسَوْرَࢽْ طَࢽْ ذَرٜيٰ  هَبَامَطࣸࢽْکَا کࣸبَرْثِࢽْ يٜيٰ سࣸمَࢽْ,سَوْرَࢽْ أَبَاوَاسَوْرَࢽْ طَࢽْ ذَرٜيٰ هَبَامَطࣸࢽْکَاکࣸبَرْثِࢽْ يٜيٰ سࣸمَࢽْ,0.02631578947368421,0.25
Nana_Asmāʾu_The_Absolute_Truth_1_Nana_Asmāʾu_Tabbat_Haqiqan_1.pdf_page_5_line_008,ماسࣸ إِسْکٜيٰمَ طَاکࣸࢽَادࣸکْ سࣸيَايٜيٰ   حَکَࢽَامَاسࣸ ثِࢽْ غࣸلࣸولࣸ سࣸبࣸويٜيٰ,مَاسࣸ إِسْکٜيٰمَ طَاکࣸࢽَادࣸکْ سࣸيَايٜيٰ  حَکَࢽَامَاسࣸ ثِࢽْ غࣸلࣸولࣸ سࣸبࣸويٜيٰ,0.02631578947368421,0.125
A_Person_with_a_Livelihood_Will_Never_Be_Destitute_Mai_Sanaa_Ba_Ya_Tsiya.pdf_page_2_line_007,إِࢽْ عَࢽْ غَࢽْشِ مَادَرِيغَا تَکِرْکِ  سَيْ عَࢽْ شَاجِࢽِࢽْ جِکِي بَابࣸ عَاعَ,إِࢽْ عَࢽْ غَࢽْشِ مَادَرِيڧَاتَکِرْکِ  سَيْ عَࢽْ شَاجِࢽِࢽْ جِکِي بَابࣸ عَاعَ,0.02631578947368421,0.18181818181818182
Infiraji_9.pdf_page_22_line_007,بَاوَاغࣸدَجّٜيٰ مَالَمْ يَثٜيٰ مَࢽَا    لَادَاأَکَࢽْيِي دَمَيْࢽٜيٰ مَاࢽَسَا,بَاوَاغࣸدَجّٜيٰ مَالَمْ يَثٜيٰ مَࢽَا  لَادَاأَکَࢽْيِي دَمَيْࢽٜيٰ مَاࢽَسَا,0.02666666666666667,0.0
Infiraji_9.pdf_page_16_line_009,أَوْضٜيٰ ࢽَبَيْوَاࢽَادَبَڧِࢽْ ثِکِي   مَيْيِࢽْ سَا يَاڧِ يَاثِي غِدَاࢽَسَا,أَوْضٜيٰ ࢽَبَيْوَاࢽَادَبَڧِࢽْ ثِکِي  مَيْيِࢽْ سَايَاڧِ يَاثِي غِدَاࢽَسَا,0.02702702702702703,0.25
Nana_Asmāʾu_The_Absolute_Truth_1_Nana_Asmāʾu_Tabbat_Haqiqan_1.pdf_page_6_line_004,سࣸووࣸتَاأَرَّبࣸࢽْسࣸ تَبَّتْ حَڧِيڧََا,سࣸووࣸتَاأَرَّبَࢽْسࣸ تَبَّتْ حَڧِيڧََا,0.02702702702702703,0.3333333333333333
A_Person_with_a_Livelihood_Will_Never_Be_Destitute_Mai_Sanaa_Ba_Ya_Tsiya.pdf_page_6_line_008,ࢽَاذࣸوکَࢽْکࣸ مَاسࣸ ڧَرْيَرْشَرِڢْتَ    مَکࣸوَطَيْتَاوَطَࢽْدَبَاسَاسَࢽَاعَ,ࢽَاذࣸوکَࢽْکࣸ مَاسࣸ ڧَرْيَرْشَرِڢْتَ  مَکࣸوَطَيْتَاوَطَࢽْدَبَاسَاسَࢽَاعَ,0.0273972602739726,0.0
Infiraji_4.pdf_page_34_line_015,کَࢽْتَ ذࣸوْاْکࣸوْامࣸࢽْجِ هࣸوْاْرࣸوْاْ    دَهَࢽِي مࣸࢽْ ذَاݒِي مࣸوْاْرࣸوْاْ,کَࢽْتَ ذࣸوْاْکࣸوْاْمࣸࢽْجِ هࣸوْاْرࣸوْاْ   دَهَࢽِي مࣸࢽْ ذَاݒِي مࣸوْاْرࣸوْاْ,0.0273972602739726,0.14285714285714285
Infiraji_9.pdf_page_6_line_010,يَارَࢽْ دَذَاأَيْ ڧَرْشَࢽْ دࣸوࢽِيَا   غࣸورِࢽْسࣸو سَيْسࣸيْ مَࢽْيَارِيغࣸࢽَا,يَارَࢽْ دَذَاأَيْ ڧَرْشَࢽْ دࣸوࢽِيَا  غࣸورِࢽْسࣸوسَيْسࣸيْ مَࢽْيَارِيغࣸࢽَا,0.0273972602739726,0.2857142857142857
Infiraji_10.pdf_page_6_line_010,مَثٜيٰ مِجِࢽْتَ يَذَࢽْ مَّالَمْ ࢽٜيٰ   بَاتَ يَبࣸوࢽْشِ تَثٜيٰ دَࢽَغَرْتَا,مَثٜيٰ مِجِࢽْتَ يَذَࢽْ مَّالَمْ ࢽٜيٰ  بَاتَ يَبّࣸوࢽْشِ تَثٜيٰ دَࢽَغَرْتَا,0.0273972602739726,0.1111111111111111
Infiraji_11.pdf_page_7_line_009,وَدَّبَيْمَ دࣸکَࢽْ بَاَلࢽَّبٜىٰى بَا,وَدَّبَيْمَ دࣸکَࢽْ بَاَلࢽَّبٜىٰ بَا,0.027777777777777776,0.25
Infiraji_6.pdf_page_6_line_009,بَتَ سَࢽْ کࣸوْاْ مَيْ کَمَرْثِکِيبَا,بَتَ سَࢽْ کࣸوْاْمَيْ کَمَرْثِکِيبَا,0.027777777777777776,0.4
Infiraji_9.pdf_page_23_line_002,مَيْصَࢽَاعَابَرْيِࢽْ اَلْغࣸشࣸواْ  مَالَمْ ࢽَڢَاڢَوْا يَثٜيٰ أَغَيَامࣸکࣸو,مَيْصَࢽَاعَابَرْيِࢽْ اَلْغࣸشࣸواْ  مَالَمْ ࢽَڢَاڢَوْاْيَثٜيٰ أَغَيَامَکࣸو,0.027777777777777776,0.5
Infiraji_9.pdf_page_12_line_013,مَڢِيَࢽْسࣸوࢽَاࢽَࢽْ مَيْسَࢽْ دࣸوࢽِيَا   ࢽَعَبَسَاتَاڢِي تَکࣸووَاکَوْرَوَا,مَڢِيَࢽْسࣸوࢽَاࢽَࢽْ مَيْسَࢽْ دࣸوࢽِيَا  تَعَبَسَاتَاڢِي تَکࣸووَاکَوْرَوَا,0.027777777777777776,0.2
A_Person_with_a_Livelihood_Will_Never_Be_Destitute_Mai_Sanaa_Ba_Ya_Tsiya.pdf_page_3_line_003,دَيَارࣸوڧٜيکَ ثٜيدَشِي بَاکَبَاشِ  کَرْ کَجِ تَوسَيِࢽْ مَرَرْيِࢽْ صَࢽاعَ,دَيَارࣸوڧٜيکَ ثٜيدَشِي بَاکَبَاشِ  کَرْکَجِ تَوسَيِࢽْ مَرَرْيِࢽْ صَࢽَاعَ,0.027777777777777776,0.375
Nana_Asmāʾu_The_Absolute_Truth_1_Nana_Asmāʾu_Tabbat_Haqiqan_1.pdf_page_2_line_009,بَابࣸ شَکَّاسࣸڧࣸوࢽَ تَبَّتْ حَڧِيڧَا,بَابࣸ شَکَّاسࣸڧࣸوࢽَ تَبَّتْ حَڧِيڧََا,0.027777777777777776,0.25
Infiraji_9.pdf_page_22_line_004,جِࢽْغَاأَکَࢽْيِي دَمَي حَڧَرِيجِيَا    يَکَامَ أَيْکِي يَيْ تَحَڧَاࢽَسَا,جِࢽْغَاأَکَࢽْيِي دَمَيْ حَڧَرِيجِيَا   يَکَامَ أَيْکِي يَيْ تَحَڧَاࢽَسَا,0.027777777777777776,0.14285714285714285
Infiraji_10.pdf_page_8_line_003,إِࢽْ مَّثٜيٰ تَيْ لَدَبِي تَکِيَايٜيٰ  اِللَّهْ سَرْکِي شِي کَبِيَࢽْ تَا,إِࢽْ مَّثٜيٰ تَيْ لَدَبِي تَکِيَايٜيٰ  اِللَّهْ سَرْکِي شِي کَبِيَرْتَا,0.027777777777777776,0.2
Infiraji_9.pdf_page_15_line_007,بَايَࢽْ تَعَلَىٰ سࣸمَتَاشَامَکِي بَتَسَࢽْ شِغَابَاتَطَيْ طَيْشٜيٰ دَوَا,بَايِࢽْ تَعَلَىٰ سࣸمَتَاشَامَکِي  بَتَسَࢽْ شِغَابَاتَطَيْ طَيْشٜيٰ دَوَا,0.028169014084507043,0.14285714285714285
Infiraji_10.pdf_page_3_line_003,إِࢽْ مَّثٜيٰ بَاتَ رَغَامَکَ بَرْتَا   دَيْࢽَ ࢽࣸڢِࢽْتَ کَبَرْشَأَوَتَّا,إِࢽْ مَّثٜيٰ بَاتَ رَغَامَکَ بَرْتَا  دَيْࢽْ ࢽࣸڢِࢽْتَ کَبَرْشَأَوَتَّا,0.028169014084507043,0.125
Infiraji_10.pdf_page_8_line_007,بَاتَ غَࢽِࢽْ وَّࢽِي بَࢽْدَمِجِࢽْتَا  اِللَّهْ ذَيْ مࣸتَ بَبَّرْ ݣٜوْتَا,بَاتَ غَࢽِࢽْ وَّࢽِي بَࢽْدَمِجِࢽْتَا  اِللَّهْ ذَيْ مَتَ بَبَّرْ ݣَوْتَا,0.028169014084507043,0.2222222222222222
Infiraji_10.pdf_page_3_line_011,ࢽَڟࣸوَاإِتَثٜيٰ مَثٜيٰ کࣸويَرْوَاثٜيٰ   إِࢽْ کَغَ بَاࢽْڟࣸوَاکَبَجٜيٰتَا,ࢽَڟࣸوَاإِتَثٜيٰ مَثٜيٰ کࣸويَرْوَاثٜيٰ  إِࢽْ کَغَ بَاࢽَڟࣸوَاکَبَجٜيٰتَا,0.028169014084507043,0.16666666666666666
Infiraji_9.pdf_page_17_line_006,کࣸسَࢽْ أَبِࢽْࢽَࢽْ بَاأَيْبِي بَࢽٜيٰ    حَرْغَ اَللَّهْ بَاوَتَاغَرْدَمَ,کࣸسَࢽْ أَبِࢽْࢽَࢽْ بَاأَيْبِي بَࢽٜيٰ  حَرْغَ اَللَّهْ بَاوَتَاغَرْدَمَ,0.028169014084507043,0.0
Infiraji_4.pdf_page_42_line_007,ڢَأَکٜىٰ ڟَىْ شٜىٰسࣸ بَىْ غࣸشٜىٰبَا,ڢَأَکٜىٰ ڟَيْ شٜىٰسࣸ بَىْ غࣸشٜىٰبَا,0.02857142857142857,0.2
Infiraji_8.pdf_page_20_line_009,بَتَ کَرْݒِي ڢَطَرْ أࣸبَࢽْ غِجِيبَا,بَتَ کَرْݒِي ڢَطَرْأࣸبَࢽْ غِجِيبَا,0.02857142857142857,0.4
Infiraji_12.pdf_page_18_line_009,إِࢽْ بَيْغَ أَبِࢽْثِي يَىْ يَوَابَا,إِࢽْ بَيْغَ أَبِࢽْثِي يَيْ يَوَابَا,0.02857142857142857,0.2
Warning_Gargaɗi_Infiraji_2.pdf_page_15_line_015,بَاکَ ڟَرْمَتَ إِࢽْ کَجٜيٰ غࣸدࣸوبَا,بَاکَ ڟَرْمَتَ إِࢽْ کَجٜي غࣸدࣸوبَا,0.02857142857142857,0.2
Infiraji_11.pdf_page_2_line_005,مَىْ سࣸوࢽْسَ بَذَىْ بَڧِࢽْ ثِکِيبَا,مَيْ سࣸوࢽْسَ بَذَىْ بَڧِࢽْ ثِکِيبَا,0.02857142857142857,0.2
Infiraji_9.pdf_page_24_line_014,إِࢽْکࣸࢽْ ڧِي ذَࢽْثٜيٰࢽَا بَکࣸتࣸوبَبَا  مࣸتࣸوَاࢽَذࣸومَکࣸ کࣸوشَادَࢽْدَڧَ,إِࢽْ کࣸࢽْ ڧِي ذَࢽْثٜيٰࢽَابَکࣸتࣸوبَبَا  مࣸتࣸوَاࢽَذࣸومَکࣸ کࣸوشَادَࢽْدَڧَ,0.02857142857142857,0.6666666666666666
Infiraji_4.pdf_page_20_line_009,بَتَ کَرْبݒِي ڢَطَرْأࣸبَࢽْ غِجِيبَا,بَتَ کَرْݒِي ڢَطَرْأࣸبَࢽْ غِجِيبَا,0.02857142857142857,0.25
Infiraji_6.pdf_page_19_line_006,ڢَأَکٜىٰ ڟَىْ شٜىٰسࣸ بَىْ غࣸشٜىٰبَا,ڢَأَکٜىٰ ڟَيْ شٜىٰسࣸ بَىْ غࣸشٜىٰبَا,0.02857142857142857,0.2
Infiraji_12.pdf_page_7_line_012,بَتَ سَࢽْ ذَمَࢽِࢽْ دَذَىْ تࣸڧٜىٰبَا,بَتَ سَࢽْ ذَمَࢽِࢽْ دَذَىْ تࣸڧٜيٰبَا,0.02857142857142857,0.2
Infiraji_5.pdf_page_14_line_010,أَيْ بَتَيْ لَيْڢِي وَجَࢽْ مِجِيبَا,أَيْ َبَتَيْ لَيْڢِي وَجَࢽْ مِجِيبَا,0.02857142857142857,0.2
A_Person_with_a_Livelihood_Will_Never_Be_Destitute_Mai_Sanaa_Ba_Ya_Tsiya.pdf_page_4_line_008,عَࢽْ ثٜي مَالَمِࢽْ دَبَايَا صَࢽَاعَ  ذَيْسَࢽْ ذࣸوثِيَايَکَوْثٜي شَرِع,عَࢽْ ثٜي مَالَمِࢽْ دَبَايَاصَࢽَاعَ   ذَيْسَࢽْ ذࣸوثِيَايَکَوْثٜي شَرِع,0.028985507246376812,0.25
Infiraji_4.pdf_page_34_line_011,غࣸوْاْدِيَابࣸوطِࢽْ رَبࣸوْاْࢽٜيٰ    غࣸوْاْدٜيٰ اَللَّهْ إِࢽْکَغَاࢽٜيٰ,غࣸوْاْدِيَابࣸوطِࢽْ رَبࣸوْاْࢽٜيٰ  غࣸوْاْدٜيٰ اَللَّهْ إِࢽْکَغَاࢽٜيٰ,0.029411764705882353,0.0
Infiraji_4.pdf_page_21_line_009,بَسࣸ سَࢽْ کࣸواْ سࣸࢽْ مࣸوَاڢَڧَابَا,بَسࣸ سَࢽْ کࣸواْسࣸࢽْ مࣸوَاڢَڧَابَا,0.029411764705882353,0.4
Infiraji_4.pdf_page_23_line_003,ذِکْرِي بَسࣸ مَࢽْثٜيٰ حَيْلَلَابَا,ذِکِرِي بَسࣸ مَࢽْثٜيٰ حَيْلَلَابَا,0.029411764705882353,0.25
Infiraji_4.pdf_page_14_line_010,بَسࣸ سَࢽْ عَڢࣸوْرْ أࣸبَࢽْ غِجِيبَا,بَسࣸ سَࢽْ عَڢࣸوَرْ أࣸبَࢽْ غِجِيبَا,0.029411764705882353,0.2
Infiraji_8.pdf_page_13_line_003,بَࢽْ کَاࢽَادَکࣸواْ کࣸطِࢽْ حَڧِيبَا,بَࢽْ کَاࢽَادَکࣸواْکࣸطِࢽْ حَڧِيبَا,0.029411764705882353,0.5
The_Glorious_Majidu_Infiraji_1.pdf_page_3_line_008,يَايِي هࣸورࣸواْ بَادَ کَࢽْغَرَابَا,يَايِي هࣸورࣸواْ بَادَکَࢽْغَرَابَا,0.029411764705882353,0.5
Infiraji_7.pdf_page_13_line_015,يَاثِلَاتَ دَڧࣸࢽْ سَࢽِࢽْ مَحَرْبَا,يَاثِکَاتَ دَڧࣸࢽْ سَࢽِࢽْ مَحَرْبَا,0.029411764705882353,0.25
Infiraji_8.pdf_page_15_line_009,بَسࣸ سَࢽْ عَڢࣸوَرْ أࣸبَࢽْ غِجِيبَا,بَسࣸ سَࢽْعَڢࣸوَرْ أࣸبَࢽْ غِجِيبَا,0.029411764705882353,0.4
Infiraji_4.pdf_page_43_line_010,شِکٜىٰ کࣸوْاْشِيمَابَذَىْ إِيَابَا,شِکٜيٰ کࣸوْاْشِيمَابَذَىْ إِيَابَا,0.029411764705882353,0.3333333333333333
Infiraji_12.pdf_page_19_line_015,دَأࣸبَࢽْسَ بَذَىْ بَڧِࢽْ ثِکِيْبَا,دَأࣸبَࢽْسَ بَذَىْ بَڧِࢽْ ثِکِيبَا,0.029411764705882353,0.25
Infiraji_6.pdf_page_15_line_015,بَيْ رِوْکِ ثِکِي دَࢳَࢽْ أَدَمْبَا,بَيْ رِسْکِ ثِکِي دَࢳَࢽْ أَدَمْبَا,0.029411764705882353,0.2
Infiraji_6.pdf_page_12_line_006,مَلَّکَاثٜيٰ تࣸوْاْکࣸدَيْࢽَ غَابَا,هَلَّکَاثٜيٰ تࣸوْاْکࣸدَيْࢽَ غَابَا,0.029411764705882353,0.3333333333333333
Infiraji_4.pdf_page_8_line_004,بَسࣸ کَاسَ تࣸدࣸࢽْ حَوَا بَکَيْ بَا,بَسࣸ کَاسَ تࣸدࣸࢽْ حَوَابَکَيْ بَا,0.029411764705882353,0.3333333333333333
Infiraji_9.pdf_page_18_line_002,شِييَيْ مَࢽَاحَدِيثِ مَّيْزِࢽَىٰ   يَبَاࢽِ ڟࣸورࣸواْيَابَࢽْ ڢِرْغِتَا,شِييَيْ مَࢽَاحَدِيثِ مَّيْزِࢽَىٰ  يَبَاࢽِ ڟࣸورࣸواْ يَابَࢽْ ڢِرْغِتَا,0.029411764705882353,0.3333333333333333
Infiraji_5.pdf_page_19_line_009,کࣸوْاْدَابَاغࣸوْاْبٜىٰ لَاخِرَابَا,کࣸوْاْدَابَاغࣸوْاْبٜيٰ لَاخِرَابَا,0.029411764705882353,0.5
Infiraji_5.pdf_page_13_line_015,بَتَجٜيٰ دَࢽَڟࣸوْاْوَجَࢽْ مِجِيبَا,بَتَجٜىٰ دَࢽَڟࣸوْاْوَجَࢽْ مِجِيبَا,0.029411764705882353,0.3333333333333333
Infiraji_4.pdf_page_28_line_010,بَيْ کَرْݒِ ڢَطَرْ أࣸبَࢽْ غِجِيبَا,بَيْ کَرْݒِ ڢَطَرْأࣸبَࢽْ غِجِيبَا,0.029411764705882353,0.4
Infiraji_6.pdf_page_11_line_013,بَاأَبِࢽْدَکَبَاࢽِي ڟࣸوْاْرࣸوْاْ    سَيْ کِرَࢽْمࣸ أَوَࢽْغَ تَارࣸوْاْ,بَاأَبِࢽْدَکَبَاࢽِي ڟࣸوْاْرࣸواْ   سَيْ کِرَࢽْمࣸ أَوَࢽْغَ تَارࣸوْاْ,0.029411764705882353,0.16666666666666666
Infiraji_9.pdf_page_24_line_011,کࣸبࣸوطٜيٰ دَاغَايَاڧِࢽْ کَاڢِرَيْ   کࣸيْ کَبَرَدَيَوَاکَرْکࣸيْ غࣸدࣸو,کࣸبࣸوطٜيٰ دَاغَابَاڧِࢽْ کَاڢِرَيْ  کࣸيْ کَبَرَدَيَوَاکَرْکࣸيْ غࣸدࣸو,0.029411764705882353,0.16666666666666666
Infiraji_9.pdf_page_8_line_014,ڢِتِࢽَاکࣸوبَاذَاتَاتَعَبْکࣸبَا   سَيْ دࣸوࢽِيَادَوْطَاتَتَاتَيْيَوَا,ڢِتِࢽَاکࣸوَبَاذَاتَاتَعَبْکࣸبَا  سَيْ دࣸوࢽِيَادَوْطَاتَتَاتَيْيَوَا,0.029850746268656716,0.3333333333333333
Infiraji_10.pdf_page_4_line_009,کࣸࢽْجِ مَذاجٜيٰ کَرْکࣸڧِيَامَࢽِ  کࣸلࣸورَدَدࣸکْ ڢَرْکࣸࢽْ مَّغَࢽَاتَا,کࣸࢽْجِ مَذَاجٜيٰ کَرْکࣸڧِيَامَࢽِ  کࣸلࣸورَادَدࣸکْ ڢَرْکࣸࢽْ مَّغَࢽَاتَا,0.029850746268656716,0.3333333333333333
Infiraji_3.pdf_page_7_line_012,کيواْبَيْغَ ڧَسَࢽْدَزَيْ تَبَابَا,کࣸواْبَيْغَ ڧَسَࢽْدَزَيْ تَبَابَا,0.030303030303030304,0.3333333333333333
Infiraji_8.pdf_page_23_line_012,دࣸومِࢽْ دَىْ رَࢽْسࣸ بَىْ ࢽَڟَابَا,دࣸومِࢽْ دَىْ رَࢽْسࣸ بَيْ ࢽَڟَابَا,0.030303030303030304,0.2
The_Glorious_Majidu_Infiraji_1.pdf_page_3_line_014,تَيَبࣸواْࢽَسَ بَادَکࣸسْکࣸرٜ يٰبَا,تَيَبࣸواْࢽَسَ بَادَکࣸسْکࣸرٜيٰبَا,0.030303030303030304,0.6666666666666666
Infiraji_4.pdf_page_47_line_007,مَکَ کࣸوْاْ مَيْ بَادَشَاوَرَابَا,مَکَ کࣸوْاْمَيْ بَادَشَاوَرَابَا,0.030303030303030304,0.5
Infiraji_11.pdf_page_13_line_015,تࣸࢽْ بَامَکَطَادَࢳَࢽْ دَبࣸوْاْبَا,تࣸࢽْ بَامَکَطَادَࢳَࢽْ دَبࣸوْابَا,0.030303030303030304,0.3333333333333333
Infiraji_4.pdf_page_34_line_013,بَيْ ذَابِي حࣸشِي دَسࣸࢽْ ڢَطَابَا,بَيْ ذَاݒِي حࣸشِي دَسࣸࢽْ ڢَطَابَا,0.030303030303030304,0.2
Infiraji_8.pdf_page_22_line_009,بَسࣸ سَࢽْ کࣸواْسࣸࢽْ مِوَاڢَڧَابَا,بَسࣸ سَࢽْ کࣸواْسࣸࢽْ مࣸوَاڢَڧَابَا,0.030303030303030304,0.25
Infiraji_10.pdf_page_6_line_008,سࣸومَاتَاحَالِࢽْسࣸ مࣸغࣸࢽْتَا   سَيْ طَيْ طَيْ کٜيٰ بَاسࣸ دَڧٜيٰتَا,سࣸومَاتَاحَالِࢽْسࣸ مࣸغَࢽْتَا  سَيْ طَيْ طَيْ کٜيٰ بَاسࣸ دَڧٜيٰتَا,0.030303030303030304,0.125
Infiraji_6.pdf_page_23_line_012,کࣸوْامٜىٰ بَاذَاشِ بࣸوْاْيࣸوَابَا,کࣸوْامٜيٰ بَاذَاشِ بࣸوْاْيࣸوَابَا,0.030303030303030304,0.3333333333333333
Infiraji_4.pdf_page_20_line_006,بَکࣸ سَࢽْ ءَايَرْ أࣸبَࢽْ غِجِيبَا,بَکࣸ سَࢽْ ءَايَرْأࣸبَࢽْ غِجِيبَا,0.030303030303030304,0.4
Infiraji_3.pdf_page_15_line_003,أَلࣸهَالِي بَاذَاشِ کࣸواْمࣸوَابَا,أَلْهَالِي بَاذَاشِ کࣸواْمࣸوَابَا,0.030303030303030304,0.3333333333333333
Infiraji_11.pdf_page_14_line_009,جِيْکَࢽْ عَدْࢽَاࢽِ طَࢽْ سࣸوَيْبَا,جِيْکَࢽْ عَدَࢽَاࢽِ طَࢽْ سࣸوَيْبَا,0.030303030303030304,0.25
Infiraji_6.pdf_page_15_line_003,کࣸوْاْدَامَاتَرْسَ بَيْ رَغٜيٰبَا,کࣸوْاْدَامَاتَرْسَ بَيْ رَغٜىيٰبَا,0.030303030303030304,0.3333333333333333
Infiraji_11.pdf_page_14_line_012,أَغَبَࢽْ أَجَلِࢽْمࣸ بَىْ کِرَابَا,أَغَبَࢽْ أَجَلِࢽْمࣸ بَيْ کِرَابَا,0.030303030303030304,0.25
Infiraji_4.pdf_page_34_line_007,بَسࣸ سَامِ وࣸرِࢽْدَ سࣸࢽْ ڟَيَابَا,بَسࣸ سَامِ وࣸرِࢽْدَسࣸࢽْ ڟَيَابَا,0.030303030303030304,0.4
Infiraji_6.pdf_page_18_line_009,بَيْدَامࣸ دّطَࢽْسَ کࣸوْاْبَرَابَا,بَيْدَامࣸ دَطَࢽْسَ کࣸوْاْبَرَابَا,0.030303030303030304,0.3333333333333333
Infiraji_6.pdf_page_13_line_015,بَسࣸ تَاشِ کَمَادَࢳَࢽْ أَّدَمْبَا,بَسࣸ تَاشِ کَمَادَࢳَࢽْ أَدَمْبَا,0.030303030303030304,0.25
Infiraji_3.pdf_page_13_line_010,بَاکࣸواْأَجِيَࢽْدَ ذَيْ دَطٜيٰبَا,بَاکࣸواْأَجِيَࢽْدَذَيْ دَطٜيٰبَا,0.030303030303030304,0.6666666666666666
Infiraji_10.pdf_page_4_line_010,أَݣࣸويْ مَاتَاࢽَاࢽَࢽْ مࣸو شِدَ   ذࣸوکࣸسَ إِࢽْ ࢽَّڢَطِي کَجِمِلْتَا,أَݣࣸويْ مَاتَاࢽَاࢽَࢽْ مࣸوشِدَ  ذࣸوکࣸسَ إِࢽْ ࢽَّڢَطِي کَجِمِلْتَا,0.030303030303030304,0.25
Infiraji_3.pdf_page_6_line_012,شِيْکࣸواْغَارَࢽْسَ بَيْ ڢِثٜيٰبَا,شِيکࣸواْغَارَࢽْسَ بَيْ ڢِثٜيٰبَا,0.030303030303030304,0.3333333333333333
Infiraji_8.pdf_page_12_line_012,بَسࣸ سَࢽْ حَڧِّࢽْ أࣸبَࢽْ غِجِيبَا,بَسࣸ سَࢽْ حَڧِࢽْ أࣸبَࢽْ غِجِيبَا,0.030303030303030304,0.2
Infiraji_9.pdf_page_8_line_009,ڢَطَاتَمَالَمْ بَامَيْمࣸسࣸوࢽَتَا    سَيْ جَاهِلِي وࣸوڢِࢽْ دࣸوࢽِيَا,ڢَطَاتَمَالَمْ بَامَيْمࣸسࣸوࢽَتَا  سَيْ جَاهِلِي وࣸوڢِࢽْ دࣸوࢽِيَا,0.030303030303030304,0.0
Warning_Gargaɗi_Infiraji_2.pdf_page_12_line_012,بَيْ بَرْسَابࣸوࢽْ اࣸبَࢽْغِجِى بَا,بَيْ بَرْسَابࣸوࢽْ أࣸبَࢽْغِجِى بَا,0.030303030303030304,0.25
Infiraji_12.pdf_page_3_line_015,شِذَمࣸواْ بَيْسَࢽْ مࣸوَّاڢَڧَابَا,شِذَمࣸواْ بَيْسَࢽْ مࣸوَاڢَڧَابَا,0.030303030303030304,0.3333333333333333
Infiraji_8.pdf_page_28_line_015,بَکَ سَࢽْدَ طَيَࢽْسࣸ کࣸرْکࣸکࣸوبَا,بَکَ سَࢽْدَطَيَࢽْسࣸ کࣸرْکࣸکࣸوبَا,0.030303030303030304,0.5
Infiraji_6.pdf_page_11_line_012,بَيْ ذَاݒٜي حࣸشِي دَسࣸࢽْ ڢَطَابَا,بَيْ ذَاݒِي حࣸشِي دَسࣸࢽْ ڢَطَابَا,0.030303030303030304,0.2
Infiraji_11.pdf_page_2_line_011,مَىْ سࣸوࢽْسَ بَذَيْغَ هَلَّکَابَا,مَيْ سࣸوࢽْسَ بَذَيْغَ هَلَّکَابَا,0.030303030303030304,0.25
Infiraji_8.pdf_page_9_line_012,سَيْ ࢽَذَکَّى سَيْ ࢽَحَجِّ دࣸوبَا,سَيْ ࢽَذَکَّي سَيْ ࢽَحَجِّ دࣸوبَا,0.030303030303030304,0.2
Infiraji_3.pdf_page_2_line_005,بِإِذْࢽِ مࣸوَلِّڢࣸ هَذَاالکِتَابࣸ,بِإِذْࢽِ مࣸوَلِّڢࣸ هَذَاالْکِتَابࣸ,0.030303030303030304,0.3333333333333333
Infiraji_4.pdf_page_18_line_012,کَبࣸغَࢽْسࣸ دَشِي سَبࣸواْدَذَمْبَا,کَبࣸغَࢽْسࣸ دَشِي سَبࣸوادَذَمْبَا,0.030303030303030304,0.3333333333333333
Infiraji_4.pdf_page_37_line_013,جَمَعَابَسࣸ سَࢽْ وࣸرِِࢽْ ذࣸوَابَا,جَمَعَابَسࣸ سَࢽْ وࣸرِࢽْ ذࣸوَابَا,0.030303030303030304,0.25
Infiraji_8.pdf_page_28_line_012,غَاشِ غَاجِبْرِيلࣸ بَيْ غࣸشٜيٰبَا,غَاشِ غَاجِبْرِيلࣸ بَيْ غࣸشٜىٰبَا,0.030303030303030304,0.25
Infiraji_4.pdf_page_26_line_012,بَسࣸ ڧَارَ غَࢽِࢽْ بَڧِࢽْ دࣸحࣸوبَا,بَسࣸ ڧَارَغَࢽِࢽْ بَڧِࢽْ دࣸحࣸوبَا,0.030303030303030304,0.4
Infiraji_11.pdf_page_1_line_006,الْحَاجِ مَالَمْ عَلِىّࣸ ࢽَمَࢽْغِ,الْحَاجِ مَالَمْ عَلِيّࣸ ࢽَمَࢽْغِ,0.030303030303030304,0.25
ELIT_WAN_00130_008r_line_008,ڢصل نا ثبوت مڢاته المعنويته وانها,ڢصل نا ثبوت مڢاته المعنويت وانها,0.030303030303030304,0.16666666666666666
Infiraji_4.pdf_page_9_line_003,وَحَلَرْسࣸ أّࢽَࢽْ بَتَيْ يَوَابَا,وَحَلَرْسࣸ أَࢽَࢽْ بَتَيْ يَوَابَا,0.030303030303030304,0.25
Infiraji_4.pdf_page_22_line_012,دࣸومِࢽْ دَيْ رَࢽْسࣸ بَيْ ࢽَڟَابَا,دࣸومِࢽْ دَىْ رَࢽْسࣸ بَيْ ࢽَڟَابَا,0.030303030303030304,0.2
Infiraji_5.pdf_page_7_line_003,أِࢽْدَيْ بَکَ ذَاݒِي حَࢽْڧࣸرَابَا,إِࢽْدَيْ بَکَ ذَاݒِي حَࢽْڧࣸرَابَا,0.030303030303030304,0.25
Infiraji_4.pdf_page_41_line_010,بَيْدَامࣸ دࣸطَࢽْسَ کࣸوْاْبَرَابَا,بَيْدَامࣸ دَطَࢽْسَ کࣸوْاْبَرَابَا,0.030303030303030304,0.3333333333333333
Infiraji_6.pdf_page_3_line_008,مَکَ کࣸوْاْ مَيْ بَادَشَاوَرَابَا,مَکَ کࣸوْاْمَيْ بَادَشَاوَرَابَا,0.030303030303030304,0.5
Infiraji_4.pdf_page_12_line_013,بَسࣸ سَࢽْ حَڧِّࢽْ أࣸبَࢽْ غِجِيبَا,بَسࣸ سَࢽْ حَڧِࢽْ أࣸبَࢽْ غِجِيبَا,0.030303030303030304,0.2
Warning_Gargaɗi_Infiraji_2.pdf_page_13_line_012,بَکࣸ دَيْࢽَ أَبِࢽْدَيَيْ هَࢽِيبَا,بَکࣸ دَيْࢽَ أَبِࢽْدَبَيْ هَࢽِيبَا,0.030303030303030304,0.25
Warning_Gargaɗi_Infiraji_2.pdf_page_13_line_009,أَيْکِࢽْ سَاݒࣸوࢽْ أࣸبَࢽْ غِجِيبَا,أَيْکِࢽْ سَابࣸوࢽْ أࣸبَࢽْ غِجِيبَا,0.030303030303030304,0.25
Infiraji_9.pdf_page_19_line_007,مَزِࢽَاثِيَامَاعࢽْغَ مࣸجِ ࢽَتَا  سࣸوࢽَࢽْسَامَيْڟَاڢِ کَرَطَامَسَا,مَزِࢽَاثِيَامَاعَࢽْغَ مࣸجِي ࢽَتَا  سࣸوࢽَࢽْسَامَيْڟَاڢِ کَرَطَامَسَا,0.03076923076923077,0.4
Infiraji_4.pdf_page_34_line_003,رَࢽْڟٜيٰ رَࢽْڟٜيٰ کࣸوْاْࢽَڧَرْيَا   مَاسࣸ يِࢽْسࣸ سࣸࢽْجِ کࣸࢽْيَا ي,رَࢽْڟٜيٰ رَࢽْڟٜيٰ کࣸوْاْࢽَڧَرْيَا   مَاسࣸ يِࢽْسࣸ سࣸࢽْجِ کࣸࢽْيَا,0.03076923076923077,0.125
Infiraji_9.pdf_page_25_line_003,يَࢽْعࣸوَاوَعَظِيࢽَايَاثِکَا   سَيْ مࣸومِࢽِي کٜيٰ أّࢽْڢَاࢽِي ࢽَسَا,يَࢽْعࣸوَاوَعَظِيࢽَايَاثِکَا  سَيْ مࣸومِࢽِي کٜيٰ أَࢽْڢَاࢽِي ࢽَسَا,0.03076923076923077,0.16666666666666666
Infiraji_9.pdf_page_6_line_004,ذاأَطٜيٰبٜيٰ أَلْبَرْکَرْڧَسَا  وࣸرِࢽْدَمٜيٰ سَبْعࢽْ بَاعَابَکࣸيْ,ذَاأَطٜيٰبٜيٰ أَلْبَرْکَرْڧَسَا  وࣸرِࢽْدَمٜيٰ سَبْعِࢽْ بَاعَابَکࣸيْ,0.03076923076923077,0.4
Infiraji_9.pdf_page_17_line_001,مَاسࣸويَارَاکࣸسَامَکَرَࢽْتَا   کࣸبَرْسّکٜيٰ وَاکٜيٰ وَعَظِيࢽَسَىٰ,مَاسࣸويَارَاکࣸسَامَکَرَࢽْتَا  کࣸبَرْسَکٜيٰ وَاکٜيٰ وَعَظِيࢽَسَىٰ,0.03076923076923077,0.25
Infiraji_6.pdf_page_10_line_010,وَࢽْدَبَيْ کࣸلَ ڧࣸوْاْ ڧَرِيبَا    يَامَثٜيٰ بَيْسَࢽْ رَبࣸوْاْبَا,وَࢽْدَبَيْ کࣸلَ ڧࣸوْاْڧَرِيبَا   يَامَثٜيٰ بَيْسَࢽْ رَبࣸوْاْبَا,0.03076923076923077,0.2857142857142857
Infiraji_8.pdf_page_10_line_003,وَحَلَرْسࣸ أَࢽَࢽْ بَتيْ يَوَابَا,وَحَلَرْسࣸ أَࢽَࢽْ بَتَيْ يَوَابَا,0.03125,0.25
Infiraji_9.pdf_page_25_line_008,صَلَّى اللَّهࣸ علَيْهِ وَسَلَّمَ,صَلَّى اللَّهࣸ عَلَيْهِ وَسَلَّمَ,0.03125,0.25
Infiraji_4.pdf_page_13_line_013,سࣸکِيَايِي ذࣸوَا بِکِࢽْ سَعَابَا,سࣸکِيَايِي ذࣸوَا بِکِࢽْ سَࢽَابَا,0.03125,0.25
Warning_Gargaɗi_Infiraji_2.pdf_page_10_line_003,بَيْ کَيْغَ أبِࢽْدَيَيْ ࢽࣸڢِيبَا,بَيْ کَيْغَ أَبِࢽْدَيَيْ ࢽࣸڢِيبَا,0.03125,0.25
Infiraji_3.pdf_page_12_line_009,ڧَرْࢽِࢽْسَ شِزَمْ بَزَي يَوَابَا,ڧَرْࢽِࢽْسَ شِزَمْ بَزَيْ يَوَابَا,0.03125,0.25
Infiraji_12.pdf_page_13_line_006,بَىْ سَامِ وࣸرِࢽْدَذَىْ ڟَيَابَا,بَيْ سَامِ وࣸرِࢽْدَذَىْ ڟَيَابَا,0.03125,0.25
Infiraji_4.pdf_page_11_line_016,ذَاسࣸجٜيٰ  وࣸتَ بَادَدَوَّمَابَا,ذَاسࣸجٜيٰ وࣸتَ بَادَدَوَّمَابَا,0.03125,0.0
Infiraji_12.pdf_page_2_line_008,سࣸيِ بَاأَثِکِࢽْ رَشِࢽْ سَࢽِيبَا,سࣸيِ بَاأثِکِࢽْ رَشِࢽْ سَࢽِيبَا,0.03125,0.25
Infiraji_3.pdf_page_7_line_015,إِࢽْبَاشَاڢَڢّٜيٰسَ أَࢽْدَڢَابَا,إِࢽْبَاشَاڢَڢّٜيٰࢽسَ أَࢽْدَڢَابَا,0.03125,0.5
Warning_Gargaɗi_Infiraji_2.pdf_page_9_line_006,بَأَسَࢽْ طَيْ وَࢽْدَتَارَغٜيٰبَا,بَأَسَࢽْ طَيَ وَࢽْدَتَارَغٜيٰبَا,0.03125,0.3333333333333333
Infiraji_9.pdf_page_18_line_009,أَࢽْ غَيَامَࢽَاصِڢَرْ مَيْزِࢽَا   أَثَࢽْ أَصِڢَࢽْتَاتَاغَاغَرَىٰ,أَࢽْ غَيَامَࢽَاصِڢَرْمَيْزِࢽَا  أَثَࢽْ أَصِڢَࢽْتَاتَاغَاغَرَىٰ,0.03125,0.4
Infiraji_6.pdf_page_14_line_006,دَاَکَيْ وَعَظِي بَسࣸࢽْ کࣸلَابَا,دَاکَيْ وَعَظِي بَسࣸࢽْ کࣸلَابَا,0.03125,0.25
Infiraji_7.pdf_page_7_line_003,دَشِکَࢽْ مَࢽِ بَاأَبِࢽْ مࣸسࣸوبَا,دَشِکَࢽْ مَࢽِ بَاأبِࢽْ مࣸسࣸوبَا,0.03125,0.25
Infiraji_6.pdf_page_20_line_006,يَثٜىٰ مَىْ أَىْ بَذَࢽْ إِيَابَا,يَثٜىٰ مَيْ أَىْ بَذَࢽْ إِيَابَا,0.03125,0.2
Infiraji_8.pdf_page_11_line_009,بَعَ بَرْدࣸکَّࢽْ حَڧࣸواْڧࣸوَابَا,بَعَ بَرْدࣸکَّࢽْ حَڧࣸواڧࣸوَابَا,0.03125,0.3333333333333333
Infiraji_7.pdf_page_6_line_012,بَيْدَامࣸ دَوَࢽْکٜيٰ جَࢽَّبَابَا,بَيْدَامࣸ دَوَࢽْکٜيٰ جَلَّبَابَا,0.03125,0.3333333333333333
Infiraji_4.pdf_page_31_line_016,ثِکِࢽْسࣸ بَذَاسࣸ کࣸوْاْ بَرِيبَا,ثِکِࢽْسࣸ بَذَاسࣸ کࣸوْاْبَرِيبَا,0.03125,0.5
Infiraji_8.pdf_page_27_line_012,بَسࣸ ڢَارَغَࢽِࢽْ بَڧِࢽْ دࣸحࣸوبَا,بَسࣸ ڧَارَغَࢽِࢽْ بَڧِࢽْ دࣸحࣸوبَا,0.03125,0.25
Infiraji_12.pdf_page_11_line_012,دَوَࢽِࢽْسࣸ دَبَيْىِ تَمْبَيَابَا,دَوَࢽِࢽْسࣸ دَبَيْيِ تَمْبَيَابَا,0.03125,0.3333333333333333
Infiraji_7.pdf_page_9_line_003,بَيْ کَيْغَ أبِࢽْدَيَيْ ࢽࣸڢِيبَا,بَيْ کَيْغَ أَبِࢽْدَيَيْ ࢽࣸڢِيبَا,0.03125,0.25
Infiraji_3.pdf_page_15_line_006,بَاوَࢽْکَ بَزَيْ بَڧِࢽْ ثِکِيبَا,بَاوَࢽْکَ بَزَىْ بَڧِࢽْ ثِکِيبَا,0.03125,0.25
Infiraji_11.pdf_page_12_line_012,بَىْ غِرمَمَ وَࢽْغَ اَلࢽَّبِيبَا,بَىْ غِرْمَمَ وَࢽْغَ اَلࢽَّبِيبَا,0.03125,0.25
Infiraji_11.pdf_page_2_line_014,تَيَبࣸواْࢽَسَ بَادَکࣸسْکࣸرٜىٰبَا,تَيَبࣸواْࢽَسَ بَادَکࣸسْکࣸرٜيٰبَا,0.03125,0.5
Infiraji_4.pdf_page_21_line_004,سَيْ أَکࣸلّٜيٰ دࣸکَࢽْ وࣸتّاثٜيٰ   سَيْ جَهَࢽَّمَ مࣸࢽْجِ أَࢽْثٜيٰ,سَيْ أَکࣸلّٜيٰ دࣸکَࢽْ وࣸتَاثٜيٰ  سَيْ جَهَࢽَّمَ مࣸࢽْجِ أَࢽْثٜيٰ,0.03125,0.125
Warning_Gargaɗi_Infiraji_2.pdf_page_16_line_006,تࣸࢽْ رَيْ بَيْکَيْغَ تَوَّڢَابَا,تࣸࢽْ رَيْ بَيْکَيْغَ تَيَّڢَابَا,0.03125,0.25
The_Glorious_Majidu_Infiraji_1.pdf_page_6_line_003,تَمْڢَرْ بَسࣸ غَاجِ کَࢽْغَرَابَا,تَمْڢَرْبَسࣸ غَاجِ کَࢽْغَرَابَا,0.03125,0.5
Infiraji_3.pdf_page_10_line_010,بَابࣸ لَيْڢِي أَيْ أذَمْࢽٜيٰ   کࣸواْأَکࣸࢽْثٜيٰ أَکَيْ حَلَلْࢽٜيٰ,بَابࣸ لَيْڢِي أَيْ أَذَمْࢽٜيٰ  کࣸواْأَکࣸࢽْثٜيٰ أَکَيْ حَلَلْࢽٜيٰ,0.03125,0.14285714285714285
Infiraji_9.pdf_page_22_line_006,أَمَّاڢَاإِࢽْ بَيْتَرْدَرِࣸوَابَا  يَجَاڧَسَادَيتࣸوࢽࣸويَيْ ثِکࣸو,أَمَّاڢَاإِࢽْ بَيْتَرْدَرࣸوَابَا  يَجَاڧَسَادَيَتࣸوࢽࣸويَيْ ثِکࣸو,0.03125,0.5
The_Glorious_Majidu_Infiraji_1.pdf_page_5_line_003,کࣸبِ أَلࢽَّبِ بَادَ غَرْدَمَابَا,کࣸبِ أَلࢽَّبِ بَادَغَرْدَمَابَا,0.03125,0.5
Infiraji_11.pdf_page_7_line_006,دࣸکَ وَࢽْدَيَڧِيکَ مَايِى غَابَا,دࣸکَ وَࢽْدَيَڧِيکَ مَايِي غَابَا,0.03125,0.25
Infiraji_8.pdf_page_11_line_003,أَيْ تࣸࢽْ بَعَجٜيٰ غَکَوثَرَابَا,أَيْ تࣸࢽْ بَعَجٜيٰ غَکَوْثَرَابَا,0.03125,0.25
Infiraji_8.pdf_page_11_line_012,بَسࣸ سَامِ رَبࣸواْ اَلَاخِرَابَا,بَسࣸ سَامِ رَبࣸواْاَلَاخِرَابَا,0.03125,0.5
Infiraji_4.pdf_page_25_line_003,کࣸمَ غَاحࣸسْکَرْسَ بَيْسَکٜيٰبَا,کࣸمَ غَاحࣸسکَرْسَ بَيْسَکٜيٰبَا,0.03125,0.3333333333333333
Infiraji_3.pdf_page_14_line_012,يَوْبَازَمْ بَادَکࣸوکࣸواْبࣸوابَا,يَوْبَازَمْ بَادَکࣸوکࣸوْاْبࣸوابَا,0.03125,0.5
MAF_286.pdf_page_13_line_017,کࣸبࣸرْ حَࢽَ أَرࣸࢽْکَايَࢽْکَ دࣸࢽْ اَللَّهَ يَࢽْاءࣸوَا ؞  شِيمَاحَدِيشِ ࢽٜيٰ کࣸسَوْرَارِ ڢَاءِدَا,کࣸبࣸرْحَࢽَ أَرࣸࢽْکَايَࢽْکࣸ دࣸࢽْ اَللَّهَ يَࢽْاءࣸوَا ؞  شِيمَاحَدِيشِ ࢽٜيٰ کࣸسَوْرَارِڢَاءِدَا,0.031578947368421054,0.45454545454545453
Knowledge_to_Follow_God_Gandal_Fii_Rewugol_Alla.pdf_page_8_line_018,صَلَّى ࡻللَّهࣸ عَلَيْهِ وَسَلَّمْ جَمْ عٜکِسِيٜىٰ وࣽنِى عٜمَکّࣽ,صَلَّى ࡻللَّهࣸ عَلَيْهِ وَسَلَّمْ جَمْ عٜکِسِيى وࣽنِى عٜمَکّࣽ,0.031746031746031744,0.125
Infiraji_5.pdf_page_8_line_013,کَرْکَسࣸوْاْأَوْرٜيࢽْ ڧِيَيَّا   کࣸوْاْأࣸوَرْࢳَاکࣸوْاْأَمَرْيَا,کَرْکَسࣸوْاْأَوْرِيࢽْ ڧِيَيَّا  کࣸوْاْأࣸوَرْࢳَاکࣸوْاْأَمَرْيَا,0.031746031746031744,0.3333333333333333
Infiraji_4.pdf_page_11_line_002,وَࢽْسࣸ تࣸࢽْ بَکَ بࣸوطٜيٰ ڧࣸوڢَا   ࢽٜيٰبَ ذَاسࣸ تَڢࣸواْأَجَمْعَا,وَࢽْسࣸ تࣸࢽْ بَکَ بࣸوطٜيٰ ڧࣸوڢَا   ࢽٜيٰبَ ذَاسࣸ تَڢࣸواْ أَجَمْڢَا,0.031746031746031744,0.25
Infiraji_4.pdf_page_47_line_003,کَرْکَيَرْدَدَثِࢽْ أَمَاࢽَا    کࣸوْاْمࣸتࣸمْ مَيْ سࣸوࢽْ خِيَاࢽَا,کَرْکَيَرْدَدَثِࢽْ أَمَاࢽَا  کࣸوْاْمࣸتࣸمْ مَيْ سࣸوࢽْ خِيَاࢽَا,0.031746031746031744,0.0
Infiraji_6.pdf_page_4_line_011,مَيْ شِغَرْکࣸوْاْحَرْيَهَࢽْغِ   غٜيٰڢٜيٰ غٜيٰڢٜيٰ دَشِيدَدَࢽْغِ,مَيْ شِغَرْکࣸوْاْحَرْيَهَࢽْغِ غٜيٰڢٜيٰ غٜيٰڢٜيٰ دَشِيدَدَࢽْغِ,0.031746031746031744,0.0
Infiraji_3.pdf_page_17_line_011,ࢽَاتَࢽٜيٰ دَࢽْ کَيْوْتَ سࣸࢽَّࢽْ   سَيَّدࣸاَلْوَرَرَࢽْ أَوࣸࢽَّࢽْ,ࢽَاتَࢽٜيٰ دَࢽْ کَيْوْتَ سࣸࢽَّࢽْ  سَيَّدࣸالْوَرَرَࢽْ أَوࣸࢽَّࢽْ,0.031746031746031744,0.16666666666666666
Nana_Asmāʾu_The_Authentic_Path_Nana_Asmāʾu_Godaben_Gaskiya.pdf_page_7_line_004,وَطَࢽْسࣸ ڢَجَࢽْ غࣸوڟࣸوسࣸکٜيٰ وَࢽْسࣸ رَرَّڢٜيٰ   ڢَمَࢽْ جَࢽْ ثِکِيڢَ کَڢَاطࣸوِاإِࢽْجِ أَحْمَدَا,وَطَࢽْسࣸ ڢَجَࢽْ غࣸوڟࣸوسࣸکٜيٰ وَࢽْسࣸ رَرَّڢٜيٰ  ڢَمَيْ جَࢽْ ثِکِيڢَ کَڢَاطࣸوَاإِࢽْجِ أَحْمَدَا,0.031914893617021274,0.2
Infiraji_3.pdf_page_18_line_015,دَڟَرِࢽْ حَڧِّ دَدَيْࢽْ زَمْبَا,دَڟَرِࢽْ حَڧِّ دَدَيْࢽَ زَمْبَا,0.03225806451612903,0.25
Infiraji_5.pdf_page_10_line_006,دَإِرِࢽْ حَالِࢽْسَ ذَاکَ دࣸوبَا,دَاإِرِࢽْ حَالِࢽْسَ ذَاکَ دࣸوبَا,0.03225806451612903,0.25
Infiraji_9.pdf_page_24_line_005,سَيْ کࣸتࣸوبَادَسَاتَاسَارِڧَيْ   ࢽَاغَيَامَکࣸ تࣸࢽدَغَ دࣸوࢽِيَا,سَيْ کࣸتࣸوبَادَسَاتَاسَارِڧَيْ  ࢽَاغَيَامَکࣸ تࣸࢽْدَغَ دࣸوࢽِيَا,0.03225806451612903,0.2
Infiraji_4.pdf_page_22_line_009,شِي مَالِکِ ذَيْ يِميْ مَرَابَا,شِي مَالِکِ ذَيْ يِمَيْ مَرَابَا,0.03225806451612903,0.2
Infiraji_3.pdf_page_19_line_012,تَمْکَرْبَيْ سَابَ کَࢽْغّرَابَا,تَمْکَرْبَيْ سَابَ کَࢽْغَرَابَا,0.03225806451612903,0.3333333333333333
Infiraji_3.pdf_page_18_line_006,إِࢽْ بَاشِزَمࣸواْبِسَاکࣸرٜيٰبَا,إِࢽْ بَاشِزَمࣸوابِسَاکࣸرٜيٰبَا,0.03225806451612903,0.5
Infiraji_8.pdf_page_27_line_009,بَتَ سࣸومَ غَشِࢽْ غَبَابࣸوَابَا,بَتَ سࣸومَ غَشِࢽْ غَبَايࣸوَابَا,0.03225806451612903,0.25
Infiraji_11.pdf_page_4_line_003,کࣸبِ أَلࢽَّبِ بَادَغَرْدَمَابَا,کࣸبِ اَلࢽَّبِ بَادَغَرْدَمَابَا,0.03225806451612903,0.3333333333333333
Infiraji_4.pdf_page_42_line_010,بَاکࣸوْاْمَىْ ڢَاسَ رࣸورࣸوَابَا,بَاکࣸوْاْمَيْ ڢَاسَ رࣸورࣸوَابَا,0.03225806451612903,0.3333333333333333
Infiraji_4.pdf_page_37_line_016,ࢽَتَعَالَىٰ بَاࢽَطَࢽْ أَدَمْبَا,ࢽَتَعَالَىٰ بَاࢽَ طَࢽْ أَدَمْبَا,0.03225806451612903,0.6666666666666666
Infiraji_4.pdf_page_22_line_015,بَکࣸ سَࢽْ شِيࢽٜيٰ مَلَاءِکَابَا,بَکࣸ سَࢽْ شِࢽٜيٰ مَلَاءِکَابَا,0.03225806451612903,0.25
Nana_Asmāʾu_The_Authentic_Path_Nana_Asmāʾu_Godaben_Gaskiya.pdf_page_7_line_001,وَطَࢽْسࣸ سࣸشࣸوطٜيٰ ࢽَࢽْ دَࢽَࢽْ بَاوࣸيَاکࣸرࣸمْ   کَمَرْوَلَڧِيَرْ حَدَرِي ڢَتَارٜيٰدَأَحْمَدَا,وَطَࢽْسࣸ سࣸشࣸوطٜيٰ ࢽَࢽْ دَࢽَࢽْ بَاوࣸيَاکࣸرࣸمْ   کَمَرْوَالْڧِيَرْ حَدَرِي ڢَتَارٜيٰدَاأَحْمَدَا,0.03225806451612903,0.25
Infiraji_6.pdf_page_22_line_012,بَتَ أَمْڢَاࢽٜىٰسࣸ رَࢽْذࣸبِيبَا,بَتَ أَمْڢَاࢽٜيٰسࣸ رَࢽْذࣸبِيبَا,0.03225806451612903,0.3333333333333333
Warning_Gargaɗi_Infiraji_2.pdf_page_8_line_012,غَࢽِࢽْ إِدࣸوبَيْيِ ڢَاٱءِدَابَا,غَࢽِࢽْ إِدࣸوبَيْيِ ڢَاءِدَابَا,0.03225806451612903,0.3333333333333333
Infiraji_4.pdf_page_12_line_016,دَحَطِࢽْ سَبَبِي دَڧࣸلَّ غَابَا,دَحَطِࢽْ سَبَبِ دَڧࣸلَّ غَابَا,0.03225806451612903,0.25
Infiraji_8.pdf_page_28_line_006,کࣸمَ سَىْ بَکَذࣸوْکَࢽَارَحَابَا,کࣸمَ سَيْ بَکَذࣸوْکَࢽَارَحَابَا,0.03225806451612903,0.3333333333333333
Infiraji_12.pdf_page_6_line_001,مࣸࢽْ ڢَهِمْثِ ࢽࣸڢِࢽْکَ سࣸوبَا    حَࢽْکَلِࢽْکَ بَذَىْ کَتَرْبَا,مࣸࢽْ ڢَهِمْثِ ࢽࣸڢِࢽْکَ سࣸوبَا  حَࢽْکَلِࢽْکَ بَذَىْ کَتَرْبَا,0.03225806451612903,0.0
The_Glorious_Majidu_Infiraji_1.pdf_page_4_line_003,إِࢽْيِ مࣸرْࢽَابَادَ ڢَارِيَابَا,إِࢽْيِ مࣸرْࢽَابَادَڢَارِيَابَا,0.03225806451612903,0.6666666666666666
Infiraji_5.pdf_page_3_line_014,دَطَ بَاکࣸرْطِ ࢽْکَ کَاذࣸبَابَا,دَطَ بَاکࣸرْطِࢽْکَ کَاذࣸبَابَا,0.03225806451612903,0.5
Infiraji_6.pdf_page_19_line_009,بَاکࣸوْاْمَىْ ڢَاسَ رࣸورࣸوَابَا,بَاکࣸوْاْمَيْ ڢَاسَ رࣸورࣸوَابَا,0.03225806451612903,0.3333333333333333
Infiraji_6.pdf_page_20_line_003,يَثٜىٰ مَىْ ࢽِي بَذَࢽْ إِيَابَا,يَثٜىٰ مَيْ ࢽِي بَذَࢽْ إِيَابَا,0.03225806451612903,0.2
Infiraji_12.pdf_page_4_line_003,بَامَىْ وَايࣸࢽْ ذَمَࢽْ دࣸهࣸوبَا,بَامَيْ وَايࣸࢽْ ذَمَࢽْ دࣸهࣸوبَا,0.03225806451612903,0.25
Infiraji_4.pdf_page_26_line_006,بَعَ سَاݒَ أَبِࢽْدَأَمْڢَطِيبَا,بَعَ سَابَ أَبِࢽْدَأَمْڢَطِيبَا,0.03225806451612903,0.3333333333333333
Infiraji_4.pdf_page_24_line_006,بَيْسَࢽْ أّࢽْسَاسࣸ کࣸرْکࣸکࣸوبَا,بَيْسَࢽْ أَࢽْسَاسࣸ کࣸرْکࣸکࣸوبَا,0.03225806451612903,0.3333333333333333
Infiraji_12.pdf_page_11_line_006,شَأَࢽِࢽْسࣸ بَذَىْ مࣸوَاڢَڧَابَا,شَأَࢽِࢽْسࣸ بَذَيْ مࣸوَاڢَڧَابَا,0.03225806451612903,0.3333333333333333
Infiraji_12.pdf_page_1_line_007,مَالَمْ عَلِيّࣸ ࢽَمَࢽْغِ زَرِيَ,مَالَمْ عَلِيّࣸ ࢽَمَࢽْغِ زَارِيَ,0.03225806451612903,0.25
MAF_286.pdf_page_9_line_012,يَࢽَادَغَ کَرَامَ ࢽَسْ مَهْدِيّࣸ مࣸࢽْتَظَرْ ؞  دَيَاثٜيٰ ڢَ ࢽٜيٰࢽٜي مَهْدِ جِيکَࢽْ مࣸحَمَّدَا,يَࢽَادَغَ کَرَامَ ࢽَسْ مَهْدِيّࣸ مࣸࢽْتَظَرْ ؞  دَيَاثٜيٰ ڢَ ࢽٜيٰࢽٜيٰ مَࢽْ ِ جِيکَࢽْ مࣸحَمَّدَا,0.03225806451612903,0.25
Infiraji_4.pdf_page_8_line_016,کࣸواْوَاذَيْ حَوْشِ بَابَعَابَا,کࣸواوَاذَيْ حَوْشِ بَابَعَابَا,0.03225806451612903,0.3333333333333333
Infiraji_8.pdf_page_14_line_015,بَذَيْ بَرࣸدࣸࢽْ غࣸدࣸࢽْ سَکِيبَا,بَذَيْ بَرࣸدࣸࢽْ غࣸدࣸࢽْ سَکِيْبَا,0.03225806451612903,0.25
Infiraji_9.pdf_page_11_line_001,يَاجࣸوجࣸ وَمَاجࣸوجࣸ ࢽَاذࣸوَا  ڧَࢽْڧَࢽَاࢽَادَمَࢽْيَࢽْ کࣸࢽْࢽࣸوَا,يَاجࣸوجࣸ وَمَاجࣸوجࣸ ࢽَاذࣸوَا    ڧَࢽْڧَࢽَاࢽَادَمَࢽْيَࢽْ کࣸࢽْࢽࣸوَا,0.03225806451612903,0.0
Warning_Gargaɗi_Infiraji_2.pdf_page_17_line_009,أَيْ بَکَاذَوْࢽَادَڢِرْغِتَابَا,أَيْ بَکَاذَوْࢽَادَڢِرْخِتَابَا,0.03225806451612903,0.5
Infiraji_6.pdf_page_11_line_009,يَکࣸوکَ دَکَࢽْسَ بَيْ سَࢽِِيبَا,يَکࣸوکَ دَکَࢽْسَ بَيْ سَࢽِيبَا,0.03225806451612903,0.25
Infiraji_8.pdf_page_24_line_012,بَىْ بَرْمࣸ مࣸسَامِ سَادࣸوَابَا,بَيْ بَرْمࣸ مࣸسَامِ سَادࣸوَابَا,0.03225806451612903,0.25
Infiraji_3.pdf_page_13_line_016,سࣸڢَشٜيٰ کࣸمْ بَادَوَيْوَيَابَا,سࣸڢَشٜيٰ کࣸمَ بَادَوَيْوَيَابَا,0.03225806451612903,0.3333333333333333
Infiraji_3.pdf_page_16_line_006,کَبِ سࣸࢽَّهْ بَادَ کَࢽْغَرَابَا,کَبِ سࣸࢽَّهْ بَادَکَࢽْغَرَابَا,0.03225806451612903,0.5
Infiraji_3.pdf_page_6_line_003,بَيْسَࢽْ بَاکِࢽْدَزَىْ ڢَطِيبَا,بَيْسَࢽْ بَاکِࢽْدَزَيْ ڢَطِيبَا,0.03225806451612903,0.3333333333333333
Infiraji_5.pdf_page_8_line_014,کࣸوْاْٰأَيِيشِ ثِکِࢽْ جِيَيَّا   دࣸکْ أَبِࢽْدَأَکَيْ دَشِرْيَا,کࣸوْاْأَيِيشِ ثِکِࢽْ جِيَيَّا  دࣸکْ أَبِࢽْدَأَکَيْ دَشِرْيَا,0.03225806451612903,0.16666666666666666
Infiraji_5.pdf_page_4_line_015,دَيْوَࢽْ جِࢽْڧَࢽْسࣸ بَاڢَطَابَا,دَيَوَࢽْ جِࢽْڧَࢽْسࣸ بَاڢَطَابَا,0.03225806451612903,0.3333333333333333
Infiraji_8.pdf_page_17_line_009,سَوْڧَڧٜيٰمَࢽْ بَادَکَاغَذَابَا,سَوْڧَڧٜيٰمَࢽَ بَادَکَاغَذَابَا,0.03225806451612903,0.5
Infiraji_3.pdf_page_14_line_015,بَيْجٜيٰ ڧَبَرِي دَکࣸواوࣸرِيبَا,بَيْجٜيٰ ڧَبَرِي دَکࣸواْوࣸرِيبَا,0.03225806451612903,0.3333333333333333
Infiraji_6.pdf_page_16_line_009,دَطَبِيبَيْ مَاسࣸ ثِي دَذَمْبَا,دَطَبِيَبَيْ مَاسࣸ ثِي دَذَمْبَا,0.03225806451612903,0.25
Infiraji_10.pdf_page_2_line_005,ذَࢽِي بَيَاࢽِ حَالِࢽ مَّاتَا    ذَاࢽِ رࣸبࣸوتَادَࢽْ أَکَرَࢽْتَا,ذَࢽِي بَيَاࢽِ حَالِࢽْ مَّاتَا   ذَاࢽِ رࣸبࣸوتَادَࢽْ أَکَرَࢽْتَا,0.03225806451612903,0.14285714285714285
Infiraji_8.pdf_page_21_line_006,ࢽَرࣸوَࢽْ ذَاڢِى سَبࣸوْادَغَابَا,ࢽَرࣸوَࢽْ ذَاڢِي سَبࣸوْادَغَابَا,0.03225806451612903,0.3333333333333333
Infiraji_3.pdf_page_11_line_003,سࣸورَࢽْسࣸ دَکَيْ بَيَاݒَثٜيٰبَا,سࣸورَࢽْسࣸ دَکَيْ بَيَابَثٜيٰبَا,0.03225806451612903,0.3333333333333333
Infiraji_5.pdf_page_8_line_012,ࢳَٜاࢳَࢽْسࣸ بَذَاسࣸ کَࢽْغَرَابَا,ࢳَاࢳَࢽْسࣸ بَذَاسࣸ کَࢽْغَرَابَا,0.03225806451612903,0.3333333333333333
Knowledge_to_Follow_God_Gandal_Fii_Rewugol_Alla.pdf_page_11_line_008,صَلَّى ࡻللََّهࣸ عَلَيهِ وَسَلَّمَ جَمْ عٜکِسِيٜى وࣽنِى عٜمَکّࣽ,صَلَّى ࡻللَّهࣸ عَلَيْهِ وَسَلَّمَ جَمْ عٜکِسِيٜى وࣽنِى عٜمَکّࣽ,0.03225806451612903,0.25
Infiraji_8.pdf_page_5_line_009,أّوࣸرِࢽْکࣸ بَذَيْيِ ڢَاءِدَابَا,أَوࣸرِࢽْکࣸ بَذَيْيِ ڢَاءِدَابَا,0.03225806451612903,0.3333333333333333
Infiraji_8.pdf_page_13_line_015,ذَاسࣸجٜيٰ وࣸتَ بَادَدَوَّمَابَا,ذَاسࣸجٜىٰ وࣸتَ بَادَدَوَّمَابَا,0.03225806451612903,0.3333333333333333
Warning_Gargaɗi_Infiraji_2.pdf_page_6_line_015,بَکَ ࢽٜيٰمِ سَࢽٜي غَمَالࣸمَابَا,بَکَ ࢽٜيٰمِ سَࢽِي غَمَالࣸمَابَا,0.03225806451612903,0.25
Infiraji_6.pdf_page_14_line_012,جَمَعَابَسࣸ سَࢽْ وࣸرِࢽْ ذࣸوابَا,جَمَعَابَسࣸ سَࢽْ وࣸرِࢽْ ذࣸوَابَا,0.03225806451612903,0.25
Infiraji_12.pdf_page_11_line_003,بَأَبَاشِ سَبࣸوْادَغَرْدَمَابَا,بَأَبَاشِ سَبࣸوادَغَرْدَمَابَا,0.03225806451612903,0.5
Infiraji_8.pdf_page_11_line_005,وَاࢽٜيٰ حَرْخِکَ کَيْمَ وَاࢽٜيٰ  ڧِي دَسࣸواْ بَاشِࢽْ مࣸتَاࢽٜيٰ,وَاࢽٜيٰ حَرْشِکَ کَيْمَ وَاࢽٜيٰ ڧِي دَسࣸواْ بَاشِࢽْ مࣸتَاࢽٜيٰ,0.03225806451612903,0.125
Infiraji_8.pdf_page_6_line_015,بَکࣸ سَࢽْ مَڢِتَا اَلَاخِرَابَا,بَکࣸ سَࢽْ مَڢِتَا اَلاخِرَابَا,0.03225806451612903,0.25
Infiraji_4.pdf_page_23_line_012,بَيْ بَرْمࣸ مࣸسّامِ سَادࣸوَابَا,بَيْ بَرْمࣸ مࣸسَامِ سَادࣸوَابَا,0.03225806451612903,0.25
Infiraji_4.pdf_page_36_line_016,بَسࣸ تَاشِ کَمَادَࢳَࢽْ أدَمْبَا,بَسࣸ تَاشِ کَمَادَࢳَࢽْ أَدَمْبَا,0.03225806451612903,0.25
Infiraji_3.pdf_page_11_line_015,کࣸمْ وَادَڧَࢽِي بَأَيْ هَࢽِيبَا,کࣸمَ وَادَڧَࢽِي بَأَيْ هَࢽِيبَا,0.03225806451612903,0.25
Infiraji_8.pdf_page_14_line_004,مࣸࢽْجِ ذَاعَ بَڧَࢽْتَ حࣸسْکَرْ   مَاسࣸ سَاݒࣸواْ تࣸࢽْدَحَرْکَرْ,مࣸࢽْجِ ذَاعَ بَڧَࢽْتَ حࣸسْکَرْ  مَاسࣸ سَابࣸواْ تࣸࢽْدَحَرْکَرْ,0.03225806451612903,0.14285714285714285
Infiraji_11.pdf_page_5_line_015,مَغَࢽَرْسࣸ بَسࣸىْ مࣸوَاڢَڧَابَا,مَغَࢽَرْسࣸ بَسࣸيْ مࣸوَاڢَڧَابَا,0.03225806451612903,0.3333333333333333
Infiraji_4.pdf_page_6_line_009,ࢽَࢽْ دَࢽَࢽْ أَثِکِࢽْ تَرࣸکَّا   وَࢽْدَکࣸوْاْ أَذَتࣸࢽْغَ ࢽَاکَا,ࢽَࢽْ دَࢽَࢽْ أَثِکِࢽْ تَرࣸکَّا  وَࢽْدَکࣸوْاْأَذَتࣸࢽْغَ ࢽَاکَا,0.03225806451612903,0.2857142857142857
Nana_Asmāʾu_The_Authentic_Path_Nana_Asmāʾu_Godaben_Gaskiya.pdf_page_8_line_014,کࣸسَࢽْڢَ ڧَسَرْاَلْجَࢽَّ تِبْرࣸدَزَعْڢَرَٰࢽْ   ڢَڧَمْشِࢽْتَ يَاڢِ ࢽَمِسْکِ إِࢽْجِ مࣸحَمَّدَا,کࣸسَࢽْڢَ ڧَسَرْاَلْجَࢽَّ تِبْرࣸدَزَعْڢَرَࢽْ   ڢَغَمْشِࢽْتَ يَاڢِ ࢽَمِسْکِ إِࢽْجِ مࣸحمَّدَا,0.03260869565217391,0.375
MAF_286.pdf_page_14_line_008,کࣸوࣸوڧࣸوڧَرِي دَࢽْ اَللَّهࣸ کَاجِڢَاطَࢽ عࣸوَا ؞  کࣸرࣸمْ کَدَکࣸيِوࣸبَرْࢽَاکࣸسَابَ دَأَحْمَدَا,کࣸوࣸوڧࣸوڧَرِي دَࢽْ اَللَّهࣸ کَاجِڢَاطَࢽ ࣸوَا ؞ کࣸرࣸمْ کَدَکࣸيوࣸبَرْࢽَاکࣸسَابَ دَأَحْمَدَا,0.03260869565217391,0.2222222222222222
Nana_Asmāʾu_The_Authentic_Path_Nana_Asmāʾu_Godaben_Gaskiya.pdf_page_6_line_013,إِدَࢽْ بَابࣸ إِيمَࢽْثِي ڢَبَاأَوࣸثٜيٰ غَبَاࢽْ   مࣸغَسْکَࢽْثِ اَللَّهْ يَࢽْ عࣸوَادَمࣸحَمَّدَا,إِدَࢽْ بَابࣸ إِيمَࢽْثِي ڢَبَاأَوࣸثٜيٰ غَࢽَاࢽِ  مࣸغَسْکَࢽْثِ اَللَّهْ يَࢽْ عࣸوَادَمࣸحَمَّدَا,0.03260869565217391,0.1111111111111111
MAF_286.pdf_page_4_line_004,جِيکَࢽْ حَسَࢽْ دَحࣸسَيْࢽِ جِيکَࢽْ عَلِيّࣸ ࢽٜيٰ ؞ جِيکَࢽْ ࢽَڢَاطِمَ زَهْرَ جِيکَࢽْ مࣸحَمَّدَا,جِيکَࢽْ حَسَࢽْ دَحࣸسَيْࢽِ جِيکَࢽْ عَلِيّࣸ ٜيٰ ؞  جِيکَࢽْ ࢽَڢَاطِمَ زَمْرَ جِيکَࢽْ مࣸحَمَّدَا,0.03260869565217391,0.16666666666666666
Infiraji_3.pdf_page_16_line_008,دࣸکْ کَيࣸومَسࣸ إِࢽْدَهَالِي    إِࢽْ ڢِتَࢽْ کࣸواْيَيْ دَلِيلِي,دࣸکْ کَيࣸومَسࣸ إِࢽْدَهَالِيى  إِࢽْ ڢِتَࢽْ کࣸواْيَيْ دَلِيلِي,0.03278688524590164,0.14285714285714285
Infiraji_7.pdf_page_5_line_010,إِࢽْ تࣸࢽَامَکَ إِࢽْ کَمَࢽْثٜيٰ تࣸࢽْ کَࢽَاثِکِ کࣸࢽْيِ ذَࢽْثٜيٰ,إِࢽْ تࣸࢽَامَکَإِࢽْ کَمَࢽْثٜيٰ  تࣸࢽْ کَࢽَاثِکِ کࣸࢽْيِ ذَࢽْثٜيٰ,0.03278688524590164,0.25
Infiraji_3.pdf_page_19_line_005,تَيْمْکٜيٰمࣸ ذَمَࢽْ کࣸشٜيٰوَا   غࣸࢽْ ذࣸوَࢽْ مَيْ تَمْبَيَاوَا,تَيْمَکٜيٰمࣸ ذَمَࢽْ کࣸشٜيٰوَا  غࣸࢽْ ذࣸوَࢽْ مَيْ تَمْبَيَاوَا,0.03278688524590164,0.14285714285714285
Infiraji_10.pdf_page_3_line_009,کࣸوکَجِ تَاثٜيٰ ذَاتَ کَتَࢽࣸوا کࣸوکَجِ تَاثٜيٰ مِرْسِي ذَاتَا,کࣸوکَجِ تَاثٜيٰ ذَاتَ کَتَࢽّࣸواْ کࣸوکَجِ تَاثٜيٰ مِرْسِي ذَاتَا,0.03278688524590164,0.125
Infiraji_7.pdf_page_8_line_008,سَيْ شِڢِرْغِتَ دࣸوࢽْ أَمࣸࢽْتَا دࣸوࢽْ سَبࣸودَسَࢽِࢽْ حَلِࢽْتَا,سَيْ شَڢِرْغِتَ دࣸوࢽْ أَمࣸࢽْتَا  دࣸوࢽْ سَبࣸودَسَࢽِࢽْ حَلِࢽْتَا,0.03278688524590164,0.14285714285714285
Warning_Gargaɗi_Infiraji_2.pdf_page_16_line_002,بَابࣸ شِࢽْغِࢽْ کَيْدَکَاوࣸوْاْ   بَاتَ تَارَرْسَيْدَ ثِيوࣸواْ,بَابࣸ شِࢽْڧِࢽْ کَيْدَکَاوࣸوْاْ   بَاتَ تَارَرْسَيْدَثِيوࣸواْ,0.03278688524590164,0.5
Warning_Gargaɗi_Infiraji_2.pdf_page_7_line_013,بَرْذَتࣸࢽْ ڟَرْکِࢽْ إِبَادَا    غࣸࢽْ مࣸتࣸمْ مَيْوَࢽْغَ عَادَا,بَرْذَتࣸࢽْ ڟَرْکِࢽْ إبَادَا   غࣸࢽْ مࣸتࣸمْ مَيْوَࢽْغَ عَادَا,0.03278688524590164,0.14285714285714285
Knowledge_to_Follow_God_Gandal_Fii_Rewugol_Alla.pdf_page_4_line_010,وَالرّࣸکࣸوعࣸ عٜرࣸکࣸوعࣸ عٜبَنْتࣸدٜ مِنْهࣸ عٜمَکّࣽ وَالسّࣸجࣸودࣸ,وَالرّࣸکࣸوعࣸ عٜرࣸکࣸوعࣸ عٜبَنْتࣸدٜمِنْهࣸ عٜمَکّࣽ وَالسّࣸجࣸوَدࣸ,0.03278688524590164,0.5
Infiraji_4.pdf_page_34_line_012,حَࢽْڧࣸرِي کࣸوْاْأَرْزِکِيࢽٜيٰ   دࣸࢽْ مَڢِي دَرَجَرْ مࣸتَاࢽٜيٰ,حَࢽْڧࣸرِي کࣸوْاْأَرْزِکِيࢽٜيٰ  دࣸࢽْ مَڢِي دَرَجَرْمࣸتَاࢽٜيٰ,0.03278688524590164,0.3333333333333333
Infiraji_8.pdf_page_9_line_010,تَمْبَيَاࢽَطَيَࢽْتَ اَللَّهْ   أََࢽْکَ شࣸوطٜيٰ سَيْ ࢽَصَلَّهْ,تَمْبَيَاࢽَطَيَࢽْتَ اَللَّهْ  أَࢽْکَ شࣸوطٜيٰ سَيْ ࢽَصَلَّهْ,0.03278688524590164,0.16666666666666666
Infiraji_6.pdf_page_14_line_005,مࣸࢽَجِ غَالِبِ ࢳَࢽْ أࣸوَࢽْسࣸ   دࣸࢽْ سَبࣸوْاْدَبَڧِࢽْ حَلِࢽْسࣸ,مࣸࢽْجِ غَالِبِ ࢳَࢽْ أࣸوَࢽْسࣸ  دࣸࢽْ سَبࣸوْاْدَبَڧِࢽْ حَلِࢽْسࣸ,0.03278688524590164,0.14285714285714285
Infiraji_8.pdf_page_7_line_010,تَمْبَيَاࢽَطَيَࢽْتَ اَللَّهْ    أَࢽْکَ شࣸوطٜيٰ سَيْ ࢽَصَلَّهْ,تَمْبَيَاࢽَطَيَࢽْتَ اَللَّهْ  أَࢽْکَ شࣸوطٜيٰ سَيْ ࢽَصَلَّهْ,0.03278688524590164,0.0
Infiraji_8.pdf_page_20_line_001,سَيْ يَثٜيٰ کࣸࢽْ سَࢽْࢽِ تࣸࢽْدَ   سَيْ سࣸثٜيٰ مَسَ عَاءَ مࣸودَ,سَيْ يَثٜيٰ کࣸࢽْ سَࢽْࢽِ تࣸࢽْدَ  سَيْ سࣸثٜيٰ مَسَ عَاءَمࣸودَ,0.03278688524590164,0.2
Infiraji_6.pdf_page_7_line_007,وَࢽْدَسࣸࢽْ رِڧٜيٰ غَرْدَمَاࢽيٰ   بَاعَ سَاسࣸ ثِکِࢽْ مࣸتَاࢽٜيٰ,وَࢽْدَسࣸࢽْ رِڧٜيٰ غَرْدَمَاࢽٜيٰ  بَاعَ سَاسࣸ ثِکِࢽْ مࣸتَاࢽٜيٰ,0.03278688524590164,0.14285714285714285
Infiraji_5.pdf_page_8_line_002,إِࢽْ کَࢽَادَهَࢽِي ࢽَشِريٜيٰ   کَيْ رِڧࣸࢽْسࣸ دَکَيْوْکِيَايٜيٰ,إِࢽْ کَࢽَادَهَࢽِي ࢽَشِرْيٜيٰ  کَيْ رِڧࣸࢽْسࣸ دَکَيْوْکِيَايٜيٰ,0.03278688524590164,0.16666666666666666
Infiraji_8.pdf_page_4_line_002,ذَاسࣸ إِسْکٜيٰ إِرِࢽْ رَبࣸࢽْسࣸ    سࣸࢽْ ࢽَوَيْ غَمَتَتَّرَرْسࣸ,ذَاسࣸ إِسْکٜيٰ إِرِࢽْ رَبࣸࢽْسࣸ  سࣸࢽْ ࢽَوَيْ غَمَتَتَّرَرْسࣸ,0.03278688524590164,0.0
Infiraji_8.pdf_page_3_line_010,غࣸومَ طَࢽْ ࢽٜيٰ ذَاسࣸ ࢽࣸوࢽَا   سَيْسࣸ ݒࣸويٜيٰ تَرَرْدَڧَوْࢽَا,غࣸومَ طَيْ ࢽٜيٰ ذَاسࣸ ࢽࣸوࢽَا  سَيْسࣸ ݒࣸويٜيٰ تَرَرْدَڧَوْࢽَا,0.03278688524590164,0.125
Infiraji_12.pdf_page_9_line_013,سَسَّڧٜىٰ سَيْوَاأَتࣸواْࢽࣸواْ   سَيْتَ شَاسࣸ کَمَرْدَبِيࢽࣸواْ,سَسَّڧٜيٰ سَيْوَاأَتࣸواْࢽࣸواْ  سَيْتَ شَاسࣸ کَمَرْدَبِيࢽࣸواْ,0.03278688524590164,0.2
MAF_286.pdf_page_13_line_011,کࣸطَوْرَامࣸسࣸڢَ کَايَࢽْ ࢽَاکࣸ وَࢽْدَسࣸکَاإِيَا ؞  کَبِيسࣸ أَسَࢽّࣸ کࣸࢽجِ ذَࢽْثٜيٰ مࣸحَمَّدَا,کࣸطَوْرَامࣸسࣸڢَ کَايَࢽْ ࢽَاکࣸ وَࢽْدَسࣸکَاءِيَا؞  کَبِيسࣸ أَسَࢽّࣸ کࣸࢽْجِ ذَࢽْثٜيٰ مࣸحَمَّدَا,0.03296703296703297,0.3
Nana_Asmāʾu_The_Authentic_Path_Nana_Asmāʾu_Godaben_Gaskiya.pdf_page_9_line_016,دَطَاکࣸࢽْجِ وَاڧَايَࢽْ عࣸوَاࢽَࢽْ ڢْتَثِّکَا   ڢَاَللَّهْ شِکَرْبَادࣸࢽْ ڢِيَيّٜيٰ مࣸحَمَّدَا,دَطَاکࣸࢽْجِ وَاڧَايَࢽْ عࣸوَاࢽَࢽْ ڢَتَثِّکَا   ڢَاللَّهْ شِکَرْبَادࣸࢽْ جِيَيّٜيٰ مࣸحَمَّدَا,0.03296703296703297,0.375
MAF_286.pdf_page_12_line_014,إِذَࢽْ کࣸکَيِوࣸووَعَدِي کࣸثِکَادَغَسْکِيَا ؞   کࣸبَرْسࣸࢽْ کࣸسَاݒَ کࣸࢽجِ ذَࢽْثٜيٰ مࣸحَمَّدَا,إِذَࢽْ کࣸکَيِوࣸووَعَدِي کࣸثِکَادَغَسْکِيَا ؞ کࣸبَرْسْࣸ کࣸسَاݒَ کࣸࢽجِ ذَࢽْثٜيٰ مࣸحَمَّدَا,0.03296703296703297,0.1111111111111111
MAF_286.pdf_page_9_line_013,وَࢽَّࢽْ ڢَطَاأَيْ بَاوَلِيِّ دَيَايِ تَا ؞  يَثٜيٰ کࣸࢽْجِ ࢽٜيࢽٜي مَهْدِ بَرْدٜࢽْ مࣸحَمَّدَا,وَࢽَّࢽْ ڢَطَاأَيْ بَاوَلِيِّ دَيَايِ تَا ؞  يَثٜي کࣸࢽْجِ ࢽِيࢽٜي مَهْدِبَرْدٜࢽْ مࣸحَمَّدَا,0.03296703296703297,0.3333333333333333
Infiraji_4.pdf_page_35_line_016,إِࢽْبَارَحْمَرْأࣸبَࢽْ غِجِيبَا,إِࢽْبَارَحْمَرْ أࣸبَࢽْ غِجِيبَا,0.03333333333333333,1.0
Infiraji_5.pdf_page_12_line_012,إِمْبَاࢽِعمَرْ أࣸبَࢽْ غِجِيبَا,إِمْبَاࢽِعْمَرْ أࣸبَࢽْ غِجِيبَا,0.03333333333333333,0.3333333333333333
Infiraji_5.pdf_page_17_line_012,أَغَرٜىٰتَ بَذَاشِ سَامࣸوَابَا,أَغَرٜيٰتَ بَذَاشِ سَامࣸوَابَا,0.03333333333333333,0.3333333333333333
Infiraji_3.pdf_page_11_line_012,سَيْ إِࢽْدَرࣸوَابَيَاوࣸثٜيٰبَا,سَيْ إِࢽْدَرࣸوَابَيَاوࣸثٜىٰبَا,0.03333333333333333,0.5
Infiraji_11.pdf_page_4_line_009,مࣸوَابَتَرِسْکِ مَىْ رَشِيْبَا,مࣸوَابَتَرِسْکِ مَىْ رَشِيبَا,0.03333333333333333,0.3333333333333333
Infiraji_5.pdf_page_9_line_007,أَࢽْ دَطٜيٰ أَغَ إِࢽْدَ ثࣸوتَا   ࢽَاثِکِي کَيْوْيَارࣸڢٜيٰتَا,أَࢽْ دَطٜيٰ أَغَ إِࢽْدَثࣸوتَا  ࢽَاثِکِي کَيْوْيَارࣸڢٜيٰتَا,0.03333333333333333,0.2857142857142857
Infiraji_4.pdf_page_45_line_010,دَرَبࣸوْادَبَذَاسࣸ هَلَّکَابَا,دَرَبࣸوادَبَذَاسࣸ هَلَّکَابَا,0.03333333333333333,0.5
Infiraji_6.pdf_page_4_line_004,ذࣸوثِيَاإِتَ غوْاْطِيَاثٜيٰ   وَࢽْدَدࣸکْ يَسَکٜيٰ تَغࣸوْثٜيٰ,ذࣸوثِيَاإِتَ غࣸوْاْطِيَاثٜيٰ  وَࢽْدَدࣸکْ يَسَکٜيٰ تَغࣸوْثٜيٰ,0.03333333333333333,0.2
Infiraji_4.pdf_page_27_line_008,أوࣸرِࢽْکࣸ بَذَيْيِ ڢَاءِدَابَا,أَوࣸرِࢽْکࣸ بَذَيْيِ ڢَاءِدَابَا,0.03333333333333333,0.3333333333333333
Infiraji_12.pdf_page_4_line_012,بَشِکَࢽْ بَرْتَارَمَيْيَوَابَا,بَشِکَࢽْ بَرْتَارَمَيْيࣸوَابَا,0.03333333333333333,0.5
Infiraji_4.pdf_page_21_line_006,سَيْوَࢽْدَ بَذَاشِ دَوَّمَابَا,سَيْوَࢽْدَبَذَاشِ دَوَّمَابَا,0.03333333333333333,0.6666666666666666
Infiraji_6.pdf_page_19_line_015,تࣸࢽْمَابَعَ دࣸوبَ أَيّࣸکَࢽْبَا,تࣸࢽْ مَابَعَ دࣸوبَ أَيّࣸکَࢽْبَا,0.03333333333333333,0.6666666666666666
Infiraji_4.pdf_page_43_line_004,يَثٜىٰ مَىْ ࢽِي بَذَࢽْ إيَابَا,يَثٜىٰ مَىْ ࢽِي بَذَࢽْ إِيَابَا,0.03333333333333333,0.2
Infiraji_8.pdf_page_15_line_006,بَاذَاعَ ڢِتࣸواْ دَسࣸوتࣸدࣸوبَا,بَاذَاعَ ڢِتࣸواْدَسࣸوتࣸدࣸوبَا,0.03333333333333333,0.6666666666666666
Infiraji_4.pdf_page_10_line_016,بَامَيْ کَياوࣸࢽْ حَڧࣸوڧࣸوَابَا,بَامَيْ کَاوࣸࢽْ حَڧࣸوڧࣸوَابَا,0.03333333333333333,0.3333333333333333
Infiraji_4.pdf_page_27_line_011,بَمࣸسَࢽْ حَکَ ذَاتَ سَامࣸوابَا,بَمࣸسَࢽْ حَکَ ذَاتَ سَامࣸوَابَا,0.03333333333333333,0.25
Infiraji_4.pdf_page_15_line_010,بَسࣸ سَࢽْ کࣸوْوَااَلَاخِرَابَا,بَسࣸ سَࢽْ کࣸووَااَلَاخِرَابَا,0.03333333333333333,0.3333333333333333
MAF_286.pdf_page_8_line_016,أَݣࣸيْ وَࢽِي بَيَاࢽِ وَࢽْدَ مَهْدِڢَ يَاغَࢽِي ؞  شِي مَاکَرَامَ ثٜيٰ تَبَرْدٜࢽْ مࣸحَمَّدَا,أَݣࣸيْ وَࢽِي يَيَالِ وَࢽْدَمَهْدِڢَ يَاغَࢽِي ؞  شِي مَاکَرَامَ ثٜيٰ تَبَرْدٜࢽْ مࣸحَمَّدَا,0.03333333333333333,0.25
Infiraji_3.pdf_page_8_line_009,مࣸواْڟِي بَيْڧَارَاسَامࣸوَابَا,مࣸواْڟِي بَيْڧَارَسَامࣸوَابَا,0.03333333333333333,0.5
Infiraji_5.pdf_page_3_line_008,أَذَمَࢽْکَ بَذَاکَ ثࣸوتࣸوَابَا,أَذَمَࢽْکَ بَذَاکَ ثࣸوࢽࣸوَابَا,0.03333333333333333,0.3333333333333333
Infiraji_4.pdf_page_35_line_008,وَࢽْدَيَاڟَرٜيٰ وَࢽْغَ کَلْمَا    شِيکَ جِࢽْ دَاطِي ڧِيَامَا,وَࢽْدَيَاڟَرٜيٰ وَࢽْغَ کَلْمَا  شِيکَ جِࢽْ دَاطِي ڧِيَامَا,0.03333333333333333,0.0
Warning_Gargaɗi_Infiraji_2.pdf_page_4_line_014,أَمَّثٜيٰ أَغَبَࢽْکَ حَرْمَا    کَيْ رَشِࢽْ ڟࣸڢِّࢽْکَ أَمَّا,أَمَّثٜيٰ أَغَبَࢽْکَ حَرْمَا  کَيْ رَشِࢽْ ڟࣸڢِّࢽْکَ أَمَّا,0.03333333333333333,0.0
Infiraji_4.pdf_page_19_line_009,بَاذَيْ مَسࣸ مَاغَࢽِࢽ ڧِشِيبَا,بَاذَيْ مَسࣸ مَاغَࢽِࢽْ ڧِشِيبَا,0.03333333333333333,0.25
Infiraji_9.pdf_page_5_line_003,ڢَصْلࣸࣸ ڢِيمَاڧَالَ مࣸجَدِّدِي,ڢَصْلࣸ ڢِيمَاڧَالَ مࣸجَدِّدِي,0.03333333333333333,0.3333333333333333
Infiraji_6.pdf_page_16_line_003,بَسࣸ کࣸرْݒِ حَطَطِيَرْغِيَابَا,بَسࣸ کࣸرْبِ حَطَطِيَرْغِيَابَا,0.03333333333333333,0.3333333333333333
Infiraji_3.pdf_page_17_line_006,وَࢽَّࢽْ بَتَ ذَاݒِ دࣸوࢽِيَابَا,وَࢽَّࢽْ بَتَ ذَابِ دࣸوࢽِيَابَا,0.03333333333333333,0.25
The_Glorious_Majidu_Infiraji_1.pdf_page_8_line_012,غَوَطَࢽْدَ بَسࣸي مࣸوَاڢَڧَابَا,غَوَطَࢽْدَبَسࣸي مࣸوَاڢَڧَابَا,0.03333333333333333,0.6666666666666666
Infiraji_4.pdf_page_45_line_002,سَىْ يَثٜىٰمَ مَلَاءِکࣸوࢽَىْ   کࣸࢽْجِ کࣸوْاْوَاࢽَاتَکَيْࢽَىْ,سَىْ يَثٜىٰمَ مَلَاءِکࣸوࢽَيْ  کࣸࢽْجِ کࣸوْاْوَاࢽَاتَکَيْࢽَىْ,0.03333333333333333,0.2
Infiraji_4.pdf_page_48_line_004,دَبَکَيْ دَيْدَي أَدࣸوࢽِيَابَا,دَبَکَيْ دَيْدَيْ أَدࣸوࢽِيَابَا,0.03333333333333333,0.3333333333333333
Infiraji_12.pdf_page_9_line_014,طَاثِي مَڧَڧِي بَذَيْ حَࢽَابَا,طَاثِي مَڧغَڧِي بَذَيْ حَࢽَابَا,0.03333333333333333,0.25
Infiraji_4.pdf_page_26_line_002,تࣸࢽْدَدَيْ سࣸࢽْ ڧَرْيَتَاࢽٜيٰ   سࣸࢽْيِ شَکَّرْ غَسْکِيَاࢽٜيٰ,تࣸࢽْدَدَيْ سࣸࢽْ ڧَرْيَتَاࢽٜيٰ  سࣸࢽْيِ شَکَّرْغَسْکِيَاࢽٜيٰ,0.03333333333333333,0.3333333333333333
Infiraji_5.pdf_page_8_line_009,إِمْبَامَسَيࢽْسَ کَيْ ࢽࣸڢِيبَا,إِمْبَامَسَيَࢽْسَ کَيْ ࢽࣸڢِيبَا,0.03333333333333333,0.3333333333333333
Infiraji_11.pdf_page_14_line_007,رَبَّࢽَادࣸواْمِࢽْ مࣸحَمَّا    دࣸوࢽْ صَحَبَّىْ ࢽَىْ عࣸمࣸومََا,رَبَّࢽَادࣸواْمِࢽْ مࣸحَمَّا   دࣸوࢽْ صَحَبَّىْ ࢽَىْ عࣸمࣸومَا,0.03333333333333333,0.16666666666666666
Infiraji_6.pdf_page_4_line_010,تَادَطٜيٰ دَسَکَاکَ جِرْغِ    وَࢽْدَذَاکَ حَطَرْمَ کࣸوْاْغِي,تَادَطٜيٰ دَسَکَاکَ جِرْغِي  وَࢽْدَذَاکَ حَطَرْمَ کࣸوْاْغِي,0.03333333333333333,0.16666666666666666
Infiraji_12.pdf_page_11_line_011,دࣸࢽْ يَوَࢽْ غَرْدَࢽْدَمِࢽْسࣸ    سَيْسࣸ هَلَّکَ ࢳَࢽْ أࣸوَࢽْسࣸ,دࣸࢽْ يَوَࢽْ غَرْدَࢽْدَمِࢽْسࣸ  سَيْسࣸ هَلَّکَ ࢳَࢽْ أࣸوَࢽْسࣸ,0.03333333333333333,0.0
Infiraji_12.pdf_page_13_line_010,سࣸࢽْ وَحَلْتَ دَڧࣸرْثِيَرْکَ    تࣸࢽْ کَࢽَاثِکِ سࣸࢽْ رِڧٜىٰکَ,سࣸࢽْ وَحَلْتَ دَڧࣸرْثِيَرْکَ  تࣸࢽْ کَࢽَاثِکِ سࣸࢽْ رِڧٜىٰکَ,0.03333333333333333,0.0
Infiraji_4.pdf_page_24_line_003,بَسࣸ شَادَاطِ وࣸرِࢽْ ڟَرِِيبَا,بَسࣸ شَادَاطِ وࣸرِࢽْ ڟَرِيبَا,0.03333333333333333,0.25
Infiraji_4.pdf_page_32_line_017,کَاغَ شٜيٰغࣸوسࣸࢽْ يَوَيْتَا    حَرْدَشِي سࣸکَ سَࢽْ بَجِࢽْتَا,کَاغَ شٜيٰغࣸوسࣸࢽْ يَوَيْتَا  حَرْدَشِي سࣸکَ سَࢽْ بَجِࢽْتَا,0.03333333333333333,0.0
Infiraji_12.pdf_page_6_line_005,شِي ذَاشِ ڟِرَيَجٜىٰ يَغِرْبَا,شِي ذَاشِ ڟِرَيَجٜىٰ يَغِرِبَا,0.03333333333333333,0.25
Infiraji_4.pdf_page_16_line_011,کَيْ إِسَشّٜيٰࢽٜيٰ غَکࣸومَيْ   مَاغَࢽِي ࢽٜيٰکَيْ وࣸرِِࢽْمَيْ,کَيْ إِسَشّٜيٰࢽٜيٰ غَکࣸومَيْ  مَاغَࢽِي ࢽٜيٰکَيْ وࣸرِࢽْمَيْ,0.03333333333333333,0.16666666666666666
Infiraji_4.pdf_page_6_line_004,مَعَࢽَاکࣸوْاْ ذࣸوثِيَايَدࣸوبَا,مَعَࢽَاکࣸوْاْذࣸوثِيَايَدࣸوبَا,0.03333333333333333,1.0
Infiraji_12.pdf_page_6_line_006,دࣸکْ مَسࣸواْکَتَرِي غَأَيْکِ    تَمْبَيَرْسَ تَکَࢽْڢِ کِرْکِ,دࣸکْ مَسࣸواْکَتَرِي غَأَيْکِ  تَمْبَيَرْسَ تَکَࢽْڢِ کِرْکِ,0.03333333333333333,0.0
Infiraji_12.pdf_page_14_line_003,تَمْکَرْبَاتَارَࢳَࢽْ أدَمْ بَا,تَمْکَرْبَاتَارَࢳَࢽْ أَدَمْ بَا,0.03333333333333333,0.3333333333333333
MAF_286.pdf_page_17_line_003,کࣸمَ کَدَاکࣸوورࣸوڧࣸوڢَ دَࢽْ اَللَّهࣸ يَࢽْاءࣸوَا ؞  شِيمَاحَدِيشِ ࢽٜيٰ ࢽَأَࢽَّبِ أَحْمَدَا,کࣸمَ کَدَکࣸوورࣸوڧࣸوڢَ دَࢽْ اَللَّهࣸ يَࢽْاءࣸوَا ؞  شِييَاحَدِيشِ ثٜيٰ ࢽَأَࢽَّبِ أَحْمَدَا,0.033707865168539325,0.3
MAF_286.pdf_page_14_line_012,کَکَامَ ڢَرِࢽَّ دࣸکْدَسࣸࢽَّ دَࢽَاڢِلَا ؞  إِذَࢽْ ذَاکَيِووسࣸ کَکِوْتَاسࣸ إِࢽْجِ أَحْمَدَا,کࣸکَامَ ڢَرِࢽَّ دࣸکْدَسࣸࢽَّ دَࢽَاجِلَا ؞  إِذَࢽْ ذَاکَيِووسࣸ کَکِوْتَاسࣸ إِࢽْجِ أَحمَدَا,0.033707865168539325,0.3
MAF_286.pdf_page_18_line_008,کࣸبَرْسࣸࢽْ زَمَاڢَ أَکَࢽْ تَڢَرْکِيڢَ کࣸࢽجِيَا ؞  شِيمَا حَدِيشِ ࢽٜي کࣸسَوْرَارِ ڢَاءِدَا,کࣸبَرْسࣸࢽْ زَمَاڢَ أَکِࢽْ تَڢَرْکِيڢَ کࣸࢽْجِيَا ؞  شِيمَاحَدِيشِ ࢽٜي کࣸسَوْرَارِ ڢَاءِدَا,0.033707865168539325,0.36363636363636365
Infiraji_5.pdf_page_10_line_002,کࣸوْاْوَثٜيٰ دَوࣸرِࢽْࢽࣸڢِࢽْسَا   شِي مِجِ دࣸࢽْ هَࢽْکَلِࢽْسَ,کࣸوْاْوَثٜيٰ دَوࣸرِࢽْࢽࣸڢِࢽْسَا شِي مِجِ دࣸࢽْ هَࢽْکَلِࢽْسَ,0.03389830508474576,0.0
Infiraji_7.pdf_page_14_line_002,سَيْ کَرَࢽْ بِکِ شِي کَڧَارَا سَيْڢَ جَࢽْ بَلْبَلْ دَڟَارَا,سَيْ کَرَࢽْ بِکِ شِي کَڧَارَا  سَيْڢَ جَࢽْ بَلْبَࢽْ دَڟَارَا,0.03389830508474576,0.1111111111111111
Infiraji_4.pdf_page_21_line_008,لَيْڢࣸکَاأَࢽْ بَبَّکٜيٰتَا    سَيْکِرَࢽْسࣸ ثِکِࢽْ کَتَرْتَا,لَيْڢࣸکَاأَࢽْ بَبَّکٜيٰتَا  سَيْکِرَࢽْسࣸ ثِکِࢽْ کَتَرْتَا,0.03389830508474576,0.0
Infiraji_8.pdf_page_15_line_002,ڧِي دَسࣸࢽْسࣸ أَکَࢽْ شَڧَاوَا   سࣸࢽْ بَثٜيٰ دࣸو،ِࢽْ طَغَاوَا,ڧِي دَسࣸࢽْسࣸ أَکَࢽْ شَڧَاوَا  سࣸࢽْ بَثٜيٰ دࣸومِࢽْ طَغَاوَا,0.03389830508474576,0.125
Infiraji_6.pdf_page_23_line_008,يَىِّ سَابࣸواْکࣸوْايَبَادَ   أَرْزࣸکَࢽْ وَࢽِي کࣸوْاْيَثِيدَ,يَيِّ سَابࣸواْکࣸوْايَبَادَ  أَرْزࣸکَࢽْ وَࢽِي کࣸوْاْيَثِيدَ,0.03389830508474576,0.2
Infiraji_5.pdf_page_8_line_008,تَتْتَلِࢽْ کَايَاڢَرَارٜيٰ   يَاڢِ ڧࣸࢽْشٜيٰ بَڧِي کَتَارٜيٰ,تَتْتَلِࢽْ کَايَاڢَرَارٜىٰ  يَاڢِ ڧࣸࢽْشٜيٰ بَڧِي کَتَارٜيٰ,0.03389830508474576,0.16666666666666666
Infiraji_7.pdf_page_4_line_013,کَاسَࢽْ رَيْ بَاشِ وَࢽْذࣸواْ ڟَيْدَصَلَّا کَيْتَ ڧࣸواْذࣸواْ,کَاسَࢽْ رَيْ بَاشِ وَࢽْذࣸواْ ڟَيْدَصَلَّاکَيْتَ ڧࣸواْذࣸوْاْ,0.03389830508474576,0.42857142857142855
Infiraji_5.pdf_page_8_line_001,کَاجِ دَيْ مَغَࢽَرْ إِيَايٜيٰ   ࢽَاڢَطَامَکَ دࣸࢽْ کَوَايٜيٰ,کَاجِ دَيْ مَغَࢽَرْإِيَايٜيٰ  ࢽَاڢَطَامَکَ دࣸࢽْ کَوَايٜيٰ,0.03389830508474576,0.2857142857142857
Infiraji_6.pdf_page_6_line_010,تَاࢽَجِࢽْسَ ثِکِي دَبَايٜيٰ   کࣸوْاْدَࢳَاࢳَاکࣸوْاْإِيَايٜيٰ,تَاࢽَجِࢽْسَ ثِکِي دَبَايٜيٰ کࣸوْاْدَࢳَاࢳَاکࣸوْاْإِيَايٜيٰ,0.03389830508474576,0.0
Infiraji_3.pdf_page_7_line_011,زَمْࢽٜيٰ غࣸوࢽَسَ مَيْ بِطࣸووَا بَࢽْدَإِثّٜيٰ کࣸواْ ثِيَاوَا,زَمْࢽٜيٰ غࣸوࢽَسَ مَيْ بِطࣸووَا  بَࢽْدَإِثّٜيٰ کࣸواْثِيَاوَا,0.03389830508474576,0.2857142857142857
Infiraji_4.pdf_page_13_line_008,وَࢽْسࣸ مَاتَࢽْ سࣸيْتَ کࣸوکَا   أَࢽْ رِأڧٜيٰسࣸ أَࢽَاتَدࣸوکَا,وَࢽْسࣸ مَاتَࢽْ سࣸيْتَ کࣸوکَا  أَࢽْ رِڧٜيٰسࣸ أَࢽَاتَدࣸوکَا,0.03389830508474576,0.14285714285714285
Infiraji_5.pdf_page_11_line_014,بَاسࣸ کࣸوْاْمَ مِجِࢽْسࣸ ڧٜيٰتَا   بَاسࣸ ݒَاتَاوَرْذࣸمࣸࢽْتَا,بَاسࣸ کࣸوْاْمَ مِجِࢽْسࣸ ڧٜيٰتَا  بَاسࣸ بَاتَاوَرْذࣸمࣸࢽْتَا,0.03389830508474576,0.16666666666666666
Infiraji_4.pdf_page_24_line_005,سَيْدَکࣸواسࣸکَ ࢽٜيٰمِ إِذْࢽِي   يَࢽْذࣸبَاسࣸ ثِکِࢽْ سࣸکࣸوࢽِي,سَيْدَکࣸواْسࣸکَ ࢽٜيٰمِ إِذْࢽِي  يَࢽْذࣸبَاسࣸ ثِکِࢽْ سࣸکࣸوࢽِي,0.03389830508474576,0.16666666666666666
Infiraji_6.pdf_page_7_line_011,سࣸࢽْمَ کَࢽْسࣸ بَڧَرْظَلَاما   حَرْسࣸࢽثٜيٰ أَحَلِࢽْسࣸ دَامَا,سࣸࢽْمَ کَࢽْسࣸ بَڧَرْظَلَامَا   حَرْسࣸثٜيٰ أَحَلِࢽْسࣸ دَامَا,0.03389830508474576,0.3333333333333333
Infiraji_5.pdf_page_9_line_011,سَيْ أَيَدْدَتَسَࢽْيَ کَࢽْتَا    کَرْکَثٜيٰ غَاتَاغَرٜيٰتَا,سَيْ أَيَدْدَتَسَࢽْيَ کَࢽْتَا  کَرْکَثٜيٰ غَاتَاغَرٜيٰتَا,0.03389830508474576,0.0
Infiraji_4.pdf_page_9_line_004,سَࢽْدَمَالِکِ يَيِّي ڟَاوَا   ࢽَࢽْ وَطَࢽْسࣸ سࣸکٜيٰ ذࣸبٜيٰوَ,سَࢽْدَمَالِکِ يَيِّي ڟَاوَا  ࢽَࢽْ وَطَࢽْسࣸ سࣸکٜيٰ ذࣸبٜيٰرَ,0.03389830508474576,0.14285714285714285
Infiraji_4.pdf_page_36_line_014,يَࢽْذࣸمَالَمْ يَارࣸوَيْتࣸواْ   مَاسࣸ مَاتَڢِيَاسࣸڧَواتࣸوْاْ,يَࢽْذࣸمَالَمْ يَارࣸوَيْتࣸوا  مَاسࣸ مَاتَڢِيَاسࣸڧَواتࣸوْاْ,0.03389830508474576,0.25
Infiraji_4.pdf_page_20_line_010,حَرْکࣸکٜيٰ أَوْرٜيٰ دَإِدَّا    حَرْکࣸکٜيٰ ڢِتࣸوَادَڟَيْدَا,حَرْکࣸکٜيٰ أَوْرٜيٰ دَإِدَّا  حَرْکࣸکٜيٰ ڢِتࣸوَادَڟَيْدَا,0.03389830508474576,0.0
Infiraji_6.pdf_page_10_line_004,يَايِي کَيْوْدَيْ طَࢽْ مࣸسࣸلْمِي   يَيْتَ أَدِّيࢽِ بَࢽٜيٰمِ,يَايِي کَيْوْدَيْ طَࢽْ مࣸسࣸلْمِي  يَيْتَ أَدِّيࢽِ يَࢽٜيٰمِ,0.03389830508474576,0.14285714285714285
Infiraji_8.pdf_page_18_line_005,أَمْبَتࣸࢽْ مࣸتࣸوَرْيَشࣸوطٜيٰ    شِي بَتࣸࢽْࢽٜيٰ مَادَکَطّٜيٰ,أَمْبَتࣸࢽْ مࣸتࣸوَرْيَشࣸوطٜيٰ  شِي بَتࣸࢽْࢽٜيٰ مَادَکَطّٜيٰ,0.03389830508474576,0.0
Infiraji_8.pdf_page_6_line_002,دࣸࢽْ مࣸࢽَاسࣸࢽْ أَرْزِڧِࢽْکࣸ    مࣸࢽْکَ طَوْکِ طَوَيْࢽِيَرْکࣸ,دࣸࢽْ مࣸࢽَاسࣸࢽْ أَرْزِڧِࢽْکࣸ  مࣸࢽْکَ طَوْکِ طَوَيْࢽِيَرْکࣸ,0.03389830508474576,0.0
Infiraji_4.pdf_page_31_line_015,رَࢽْسࣸ ࢽَاسࣸࢽْ دࣸوکِيَاࢽٜيٰ   غَالِبِي کࣸوْاْ ثَاثَاشِيࢽٜيٰ,رَࢽْسࣸ ࢽَاسࣸࢽْ دࣸوکِيَاࢽٜيٰ  غَالِبِي کࣸوْاْثَاثَاشِيࢽٜيٰ,0.03389830508474576,0.3333333333333333
Nana_Asmāʾu_The_Authentic_Path_Nana_Asmāʾu_Godaben_Gaskiya.pdf_page_5_line_008,دَمَيْرٜيٰࢽَ کࣸومَغَࢽَࢽْ أࣸوَايٜيٰ دَميْرَطَ    دَمَيْ حَسَدَادࣸکْبَاسࣸ ڟِيرَاغَأحْمَدَا,دَمَيْرٜيٰࢽَ کࣸومَغَࢽَࢽْ أࣸوَايٜيٰ دَمَيْرَطَ    دَمَيْ حَاسَدَادࣸکْبَاسࣸ ڟِيرَاغَاحْمَدَا,0.03409090909090909,0.42857142857142855
The_Human_Being_Is_an_Incurable_Disease_Mutum_Cuta_Ne_Marar_Magani.pdf_page_4_line_010,إࢽْکࣸوکَکࣸوࢽْتَاغَيْسࣸوَا غࣸࢽْ شࣸوغَبَاࢽْ   کَ سࣸثٜيٰ دَکَيْ لَدَبِࢽْکَ دࣸکْ ࢽَکࣸطِيࢽٜيٰ,إِࢽْکࣸوکَکࣸوࢽْتَاغَيْسࣸوَاغࣸࢽْ شࣸوغَبَاࢽْ  کَ سࣸثٜيٰ دَکَيْ لَدَبِࢽْکَ دࣸکْ ࢽَکࣸطِيࢽٜيٰ,0.03409090909090909,0.2222222222222222
The_Human_Being_Is_an_Incurable_Disease_Mutum_Cuta_Ne_Marar_Magani.pdf_page_6_line_007,مَيْدَارِيَا کࣸوسࣸثٜيٰ دَشِي مَرَحَࢽْکَلِي   مَيْ تࣸرْبࣸࢽٜيٰ ڢࣸسْکَاککࣸوڧِࢽْ لَدَبِيࢽٜيٰ,مَيْدَارِيَاکࣸوسࣸثٜيٰ دَشِي مَرَحَࢽْکَلِي  مَيْ تࣸرْبࣸࢽٜيٰ ڢࣸسْکَاکࣸوڧِࢽْ لَدَبِيࢽٜيٰ,0.03409090909090909,0.375
Nana_Asmāʾu_The_Authentic_Path_Nana_Asmāʾu_Godaben_Gaskiya.pdf_page_7_line_008,أَجِدَّدَ طَاأَلْکَوْثَرَادࣸࢽْ أَشَارࣸوَا   ڢَتَبْکِࢽْ ڢِيَيّٜيٰ أَلࢽَّبِࢽْمࣸ مࣸحَمَّدَا,أَجِّدَّدَطَاأَلْکَوْثَرَادࣸࢽْ أَشَارࣸوَا   ڢَتَبْکِࢽْ ڢِيَيّٜيٰ اَلࢽَّبِࢽْمࣸ مࣸحَمَّدَا,0.03409090909090909,0.42857142857142855
MAF_286.pdf_page_14_line_016,کࣸکَوْدَإِدَاࢽࣸࢽْکࣸ غَلّࣸࢽْتَ دࣸوࢽِيَا ؞  کَذَاذࣸوثِيَرْکَ تَبَرْتَ دࣸࢽْ سࣸࢽْ مࣸحَمَّدَا,کࣸکَوْدَإِدَاࢽࣸࢽْکࣸ غََلࣸࢽْتَ دࣸوࢽِيَا ؞  کَذَاذࣸوثِيَرْکࣸ تَبَرْتَ دࣸࢽْ سࣸࢽْ مࣸحَمَّدَا,0.03409090909090909,0.2222222222222222
MAF_286.pdf_page_12_line_007,کࣸتَيْ مَک جࣸوࢽَا کࣸࢽجِ أَيْ مࣸࢽْ غَيَامࣸکࣸ ؞ ڢَطَاثٜيٰ تَمَࢽْذࣸوسِيدِ أَࢽَّبِ أَحْمَدَا,کࣸتَيْ مَکِ جࣸوࢽَاکࣸࢽْجِ أَيْ مࣸࢽْ غَيَامࣸکࣸ ؞ ڢَطَاثٜيٰ تَمَࢽْذࣸوسِيدِ أَࢽَّبِ أَحْمَدَا,0.03409090909090909,0.25
Infiraji_6.pdf_page_12_line_015,إِࢽبَارَحْمَرْأࣸبَࢽْ غِجِيبَا,إِࢽْبَارَحْمَرْأࣸبَࢽْ غِجِيبَا,0.034482758620689655,0.5
Infiraji_7.pdf_page_5_line_003,إِࢽْ بَارࣸبࣸشِي دّهَلَّکَابَا,إِࢽْ بَارࣸبࣸشِي دَهَلَّکَابَا,0.034482758620689655,0.3333333333333333
Infiraji_8.pdf_page_9_line_009,دَيَوَابَاذَاسࣸ ڧٜيٰتَارَابَا,دَيَوَابَاذَاسࣸ ڧٜيٰتَرَابَا,0.034482758620689655,0.5
Infiraji_8.pdf_page_17_line_015,بَکࣸ بَرْڧَارَا کࣸࢽَاکِرَابَا,بَکࣸ بَرْڧَارَاکࣸࢽَاکِرَابَا,0.034482758620689655,0.6666666666666666
The_Glorious_Majidu_Infiraji_1.pdf_page_1_line_001,وَاڧَرْ إِࢽْڢِرَاجِ تَڢَرْکࣸو,وَاڧَرْإِࢽْڢِرَاجِ تَڢَرْکࣸو,0.034482758620689655,0.6666666666666666
Warning_Gargaɗi_Infiraji_2.pdf_page_15_line_006,بَکَ سَامِ يَسࣸ أَمَلَّکَابَا,بَکَ سامِ يَسࣸ أَمَلَّکَابَا,0.034482758620689655,0.25
Infiraji_5.pdf_page_20_line_003,إِمْبَادَرَبࣸࢽْ يَشَابࣸغࣸوبَا,إِمْبَادَرَبࣸࢽْ بَشَابࣸغࣸوبَا,0.034482758620689655,0.5
Infiraji_4.pdf_page_39_line_015,حَرْڧَذَڢْ حَرْغَرْدَمَࢽْثِي    سَارِيَاءࣸدَثِࢽْ مࣸتࣸࢽْثِي,حَرْڧَذَڢْ حَرْغَرْدَمَࢽْثِي  سَارِيَاءࣸدَثِࢽْ مࣸتࣸࢽْثِي,0.034482758620689655,0.0
Infiraji_8.pdf_page_4_line_014,يَايِي ࢽَوْيِي کَرْأَبَاسَࢽْ   هَࢽّࣸوَࢽْ هَلَکَا أَثࣸوسَࢽْ,يَايِي ࢽَوْيِي کَرْأَبَاسَࢽْ  هَࢽّࣸوَࢽْ هَلَکَاأَثࣸوسَࢽْ,0.034482758620689655,0.3333333333333333
Infiraji_8.pdf_page_14_line_009,بَسࣸکَيْ رِدَّا اَلَاخِرَابَا,بَسࣸکَيْ رِدَّااَلَاخِرَابَا,0.034482758620689655,0.6666666666666666
Infiraji_5.pdf_page_18_line_012,غِرمَࢽْسࣸ بَذَاشِ تَبَّتَابَا,غِرْمَࢽْسࣸ بَذَاشِ تَبَّتَابَا,0.034482758620689655,0.3333333333333333
Infiraji_5.pdf_page_9_line_001,ࢽٜيٰمِ ࢳَرْأَصَلِي غَدَࢽْغِ   إِࢽْکَ أَوْرَتَ بَࢽْدَذَاغِي,ࢽٰٜمِ ࢳَرْأَصَلِي غَدَࢽْغِ  إِࢽْکَ أَوْرَتَ بَࢽْدَذَاغِي,0.034482758620689655,0.16666666666666666
Infiraji_8.pdf_page_5_line_003,أَطَيَࢽْسࣸ بَذاشِ سَامࣸوَابَا,أَطَيَࢽْسࣸ بَذَاشِ سَامࣸوَابَا,0.034482758620689655,0.3333333333333333
The_Glorious_Majidu_Infiraji_1.pdf_page_10_line_009,دَوࣸشِرْيَابَا تَڢَمْڢَرَابَا,دَوࣸشِرْيَابَاتَڢَمْڢَرَابَا,0.034482758620689655,1.0
Infiraji_5.pdf_page_16_line_012,بَيْبَرْسࣸ ذَمَادَلَاڢِيَابَا,بَيََْرْسࣸ ذَمَادَلَاڢِيَابَا,0.034482758620689655,0.5
Infiraji_5.pdf_page_4_line_009,بَکَ ذَاݒِ ذَمَاأَهَلَّکَابَا,بَکَ ذَاݒِي ذَمَاأَهَلَّکَابَا,0.034482758620689655,0.3333333333333333
The_Human_Being_Is_an_Incurable_Disease_Mutum_Cuta_Ne_Marar_Magani.pdf_page_5_line_007,کࣸومَيْ سَرَوتَا وَاللَّهْ دࣸکْ بَسࣸبَرْشِبَا   کࣸودَامَرَسْ کࣸومَيْ وَجَࢽْسࣸ مࣸتَاࢽٜيٰ,کࣸومَيْ سَرَوْتَاوَاللَّهْ دࣸکْ بَسࣸبَرْشِبَا  کࣸودَامَرَسْ کࣸومَيْ وَجَࢽْسࣸ مࣸتَاࢽٜيٰ,0.034482758620689655,0.2222222222222222
Infiraji_5.pdf_page_8_line_006,إِمْبَاشِڢِتࣸوْادَڧَدَّرَابَا,إِمْبَاشِڢِتࣸوادَڧَدَّرَابَا,0.034482758620689655,1.0
Warning_Gargaɗi_Infiraji_2.pdf_page_5_line_006,بَکَمَاإِيَ إِيْدَڢَاتِحَابَا,بَکَمَاإِيَ إيْدَڢَاتِحَابَا,0.034482758620689655,0.5
Infiraji_8.pdf_page_8_line_003,بَمسَࢽْ ڢَرَضِي دَࢽَاڢِلَابَا,بَمࣸسَࢽْ ڢَرَضِي دَࢽَاڢِلَابَا,0.034482758620689655,0.3333333333333333
Infiraji_8.pdf_page_17_line_012,بَسࣸ ڢَاسَ کِرَاسࣸࢽَادَطِࢽبَا,بَسࣸ ڢَاسَ کِرَاسࣸࢽَادَطِيبَا,0.034482758620689655,0.3333333333333333
Infiraji_4.pdf_page_19_line_013,مَاسࣸ تَيْمَکَ يَٜࢽْ غَرَايࣸو  مَاسࣸ ثِࢽْ کَايَࢽْ مَرَايࣸو,مَاسࣸ تَيْمَکَ يَࢽْ غَرَايࣸو مَاسࣸ ثِࢽْ کَايَࢽْ مَرَايࣸو,0.034482758620689655,0.125
Warning_Gargaɗi_Infiraji_2.pdf_page_5_line_004,مٜيٰ يَسَاکَ يَوَيْتَ هࣸوامَا    کࣸوْتࣸوࣸاْدَڢࣸرَادَࢽَامَا,مٜيٰ يَسَاکَ يَوَيْتَ هࣸواْمَا   کࣸوْتࣸوࣸاْدَڢࣸرَادَࢽَامَا,0.034482758620689655,0.2
Infiraji_5.pdf_page_4_line_012,سࣸهَطَاکَ ذَمَادَسࣸوْدَغَابَا,سࣸحَطَاکَ ذَمَادَسࣸوْدَغَابَا,0.034482758620689655,0.5
Warning_Gargaɗi_Infiraji_2.pdf_page_16_line_008,ڢَيْ دَݒࣸويٜيٰ أّبَرْڢَسَادِ   هَرْأَکَيْغَ بِيَࢽْ مࣸرَادِ,ڢَيْ دَݒࣸويٜيٰ أَبَرْڢَسَادِ  هَرْأَکَيْغَ بِيَࢽْ مࣸرَادِ,0.034482758620689655,0.16666666666666666
Infiraji_12.pdf_page_19_line_012,ࢽَاغࣸوْࢽَسَ بَادَغارْدَمَابَا,ࢽَاغࣸوْࢽَسَ بَادَغَرْدَمَابَا,0.034482758620689655,0.5
Knowledge_to_Follow_God_Gandal_Fii_Rewugol_Alla.pdf_page_5_line_015,وَالتَّيَامَرࣸعٜيَمْکِنَادٜعِندَࡻلسَّلاَمِ سَاوَسَلْمِنْدٜ,وَالتَّيَامَرࣸعٜيَمْکِنَادٜعِنْدَࡻلسَّلاَمِ سَاوَسَلْمِنْد,0.034482758620689655,1.0
Infiraji_11.pdf_page_7_line_012,غَوَطَࢽْدَبَسࣸى مࣸوَاڢَڧَابَا,غَوَطَࢽْدَبَسࣸي مࣸوَاڢَڧَابَا,0.034482758620689655,0.5
Infiraji_3.pdf_page_12_line_012,کࣸمَ يَاتَڢِ بَادَوَيوَيَابَا,کࣸمَ يَاتَڢِ بَادَوَيْوَيَابَا,0.034482758620689655,0.3333333333333333
Infiraji_11.pdf_page_9_line_006,أَغَبَاࢽَسَ بَادَشَامَکِيْبَا,أَغَبَاࢽَسَ بَادَشَامَکِيبَا,0.034482758620689655,0.5
Infiraji_12.pdf_page_18_line_006,بَأڢِيشِ يَوَࢽْ تَکَبّࣸرَابَا,بَأڢِيشِ يَوَࢽْ تَکَبَّرَابَا,0.034482758620689655,0.3333333333333333
Infiraji_7.pdf_page_6_line_013,بَرْذَتࣸࢽْ ڟَرْکِࢽْ إِبَادَا غࣸࢽْ مࣸتࣸمْ مَيْوَࢽْغَ عَادَا,بَرْذَتࣸࢽْ ڟَرْکِࢽْ إبَادَا  غࣸࢽْ مࣸتࣸمْ مَيْوَࢽْغَ عَادَا,0.034482758620689655,0.14285714285714285
Infiraji_11.pdf_page_4_line_012,بَادَࢽْ أيْکࣸواشِ دࣸوࢽِيَابَا,بَادَࢽْ أَيْکࣸواشِ دࣸوࢽِيَابَا,0.034482758620689655,0.3333333333333333
Infiraji_8.pdf_page_7_line_007,ذَاعَ کࣸواْحَوْࢽٜيٰ دَڧَرْڢِي   غَادࣸحࣸوڧَشِيَرْ دَذࣸرْڢِي,ذَاعَ کࣸواْحَوْࢽٜيٰ دَڧَرْڢِي  غَادࣸحࣸوڧَشِيَرْدَذࣸرْڢِي,0.034482758620689655,0.4
Infiraji_3.pdf_page_21_line_006,دَڧَڢَابَيْ سَابَ تَاکࣸوَابَا,دَڧࣸڢَابَيْ سَابَ تَاکࣸوَابَا,0.034482758620689655,0.3333333333333333
Infiraji_7.pdf_page_4_line_006,بَکَمَاإِيَ إِيْدَڢَاتِحَابَا,بَکَمَاإِيَ إيْدَڢَاتِحَابَا,0.034482758620689655,0.5
Infiraji_8.pdf_page_5_line_002,کࣸواْدَطَامَࢽْ کࣸواْدَڧَايَا  دࣸکْ أّبِࢽْ کࣸواْيَابࣸوَايَا,کࣸواْدَدَامَࢽْ کࣸواْدَڧَايَا  دࣸکْ أَبِࢽْ کࣸواْيَابࣸوَايَا,0.034482758620689655,0.4
Warning_Gargaɗi_Infiraji_2.pdf_page_7_line_008,سَيْيَ تَارَحَلِي دَدَبَّا    بَاحَلِࢽْ دَبَّرْڧࣸوْرَيْبَا,سَيْيَ تَارَحَلِي دَدَبَّا  بَاحَلِࢽْ دَبَّرْڧࣸوْرَيْبَا,0.034482758620689655,0.0
Infiraji_4.pdf_page_39_line_004,بَسࣸ کࣸرْبِ حطَطِيَرْغِيَابَا,بَسࣸ کࣸرْبِ حَطَطِيَرْغِيَابَا,0.034482758620689655,0.3333333333333333
Infiraji_3.pdf_page_16_line_004,کَرْکَسࣸواْ بِدْعَاتَزَمْࢽَا   ذࣸوثِيَرْکَ بَلٜيٰ حِيَاࢽَا,کَرْکَسࣸواْبِدْعَاتَزَمْࢽَا  ذࣸوثِيَرْکَ بَلٜيٰ حِيَاࢽَا,0.034482758620689655,0.4
ELIT_WAN_00130_014v_line_007,طوبى له فداتت نا الا ى مدحته ؞ وذوالشمال لذاک المدح لم ينل,طوبى له فداتت ناالاى مدحته ؞ وذوالشمال لذاک المدح لم ينل,0.034482758620689655,0.23076923076923078
Infiraji_6.pdf_page_13_line_007,وَࢽسࣸ بَيْ بَايٜيٰ مَکَاڢِي   ذَاسࣸ تَاشِ سَبࣸوْاْدَذَاڢِي,وَࢽْسࣸ بَيْ بَايٜيٰ مَکَاڢِي  ذَاسࣸ تَاشِ سَبࣸوْاْدَذَاڢِي,0.034482758620689655,0.14285714285714285
ELIT_WAN_00130_018v_line_005,ولنتحلم السعى نا فول وناعمل ؞ وکࢽ باخراک ڢى الدنياک ڢى شغل,ولتحلم السعى نا فدل وناعمل ؞ وکࢽ باخراک ڢى الدنياک ڢى شغل,0.034482758620689655,0.16666666666666666
Infiraji_12.pdf_page_11_line_010,سَىْ سࣸݒَاتَ جِرَاجِرَࢽْسࣸ   دࣸکْ سࣸغِرْمَ ثِکِࢽْ حَلِࢽْسࣸ,سَىْ سࣸبَاتَ جِرَاجِرَࢽْسࣸ  دࣸکْ سࣸغِرْمَ ثِکِࢽْ حَلِࢽْسࣸ,0.034482758620689655,0.14285714285714285
MAF_286.pdf_page_12_line_003,اَللَّهࣸ مࣸࢽَارࣸڧࣸودَدَرَجَ الْمࣸحَمَّدࣸ ؞  کَسَࢽِيَّ بَصِيرَاࢽَيْ ذࣸکَاتَمّࣸ سَرْمَدَا,اَللَّهࣸ مࣸࢽَارࣸڧࣸودَدَرَجَ الْمࣸحَمَّدࣸ ؞  کَسَࢽِيّ بَصِيرَاࢽَيْ ذࣸکَاتَمّࣸ مࣸسَرْمَدَا,0.034482758620689655,0.25
Infiraji_6.pdf_page_16_line_015,دَࢽَمِيمَࢽْثِي دَڧࣸلَّاغَابَا,دَࢽَمِيمَࢽْثِي دَڧࣸلَّا غَابَا,0.034482758620689655,1.0
Infiraji_4.pdf_page_19_line_008,تࣸࢽْدَدَيْ شِيࢽٜيٰ کَذَاݒَا   تࣸواْکࣸشَاتِيْلَسْ سࣸکࣸرْݒَا,تࣸࢽْدَدَيْ شِيࢽٜيٰ کَذَاݒَا  تࣸواْکࣸشَاتِيْلَسْ سࣸکࣸرْبَا,0.034482758620689655,0.2
Infiraji_3.pdf_page_19_line_007,کࣸمَ کَکَيْمَࢽْ غَيْسࣸوَاتَا    غࣸࢽْ مَوَࢽْکِࢽْ ذࣸوثِياتَا,کࣸمَ کَکَيْمَࢽْ غَيْسࣸوَاتَا   غࣸࢽْ مَوَࢽْکِࢽْ ذࣸوثِيَاتَا,0.034482758620689655,0.16666666666666666
Infiraji_8.pdf_page_24_line_008,دَأَࢽْذَابٜىٰشِ کٜىٰࢽَࢽْ    تَرْسَشِࢽْ جَمَعَرْسࣸ کٜىٰࢽَࢽْ,دَأَࢽْذَابٜىٰشِ کٜىٰࢽَࢽْ  تَرْسَشِࢽْ جَمَعَرْسࣸ کٜىٰࢽَࢽْ,0.034482758620689655,0.0
Infiraji_6.pdf_page_6_line_012,سَسَࢽِي بَاڢَاطَ کَࢽْغَرَابَا,مَسَࢽِي بَاڢَاطَ کَࢽْغَرَابَا,0.034482758620689655,0.3333333333333333
MAF_286.pdf_page_10_line_012,مࣸࢽ ࢽࣸوࢽَ کَرَامَ سِيدِ بَرْددٜࢽْ مࣸحَمَّدࣸ ؞  کࣸوءَاکࣸطَيْتَ دَشِ دࣸࢽْ سࣸࢽْ مࣸحَمَّدَا,مࣸࢽْ ࢽࣸوࢽَ کَرَامَ سِيدِ بَرْدٜࢽْ مࣸحَمَّدࣸ ؞  کࣸودَاکࣸطَيْتَ دَشِ دࣸࢽْ سࣸࢽْ مࣸحَمَّدَا,0.034482758620689655,0.25
Infiraji_8.pdf_page_16_line_015,وَحَلَابَاوَࢽْدَبَي غَمٜيٰبَا,وَحَلَابَاوَࢽْدَبَى غَمٜيٰبَا,0.034482758620689655,0.5
Warning_Gargaɗi_Infiraji_2.pdf_page_5_line_008,ثࣸوثٜيٰ ثࣸوثٜيٰ بَاع تَاطِي   وَࢽْدَيَابِ ࢽَوَࢽْغَ رࣸوْطِي,ثࣸوثٜيٰ ثࣸوثٜيٰ بَاعَ تَاطِي  وَࢽْدَيَابِ ࢽَوَࢽْغَ رࣸوْطِي,0.034482758620689655,0.14285714285714285
The_Human_Being_Is_an_Incurable_Disease_Mutum_Cuta_Ne_Marar_Magani.pdf_page_3_line_015,مَذَا سَيْ أَثٜيٰمَکَ وَاࢽٜيٰ لَلَّيْ يَيْکࣸطِي  دࣸومِࢽْ حَکَࢽْࢽَࢽْ بَاشِکࣸولَدَبِيࢽٜي,مَذَاسَيْ أَثٜيٰمَکَ وَاࢽٜيٰ لَلَّيْ يَيْکࣸطِي دࣸومِࢽْ حَکَࢽْࢽَࢽْ بَاشِکࣸولَدَبِيࢽٜيٰ,0.03488372093023256,0.3333333333333333
The_Human_Being_Is_an_Incurable_Disease_Mutum_Cuta_Ne_Marar_Magani.pdf_page_3_line_016,إࢽْکࣸوکَجٜيٰ مَسࣸ تَࢽْبَيَرْ کࣸوطَࢽْسࣸلٜيٰ   سࣸࢽْ سَࢽْ أَبِࢽْ تࣸوࢽࣸووَجَࢽْسࣸ مࣸتَاࢽٜيٰ,إِࢽْکࣸوکَجٜيٰ مَسࣸ تَࢽْبَيَرْ کࣸوطَࢽْسࣸلٜي  سࣸࢽْ سَࢽْ أَبِࢽْ تࣸوࢽࣸووَجَࢽْسࣸ مࣸتَاࢽٜيٰ,0.03488372093023256,0.2222222222222222
MAF_286.pdf_page_5_line_004,سࣸکَ بَرْسࣸ سࣸکَ کࣸومࣸوا ࢽَصِيحَ تَأَحْمَدࣸ ؞ کࣸوذَا سࣸتࣸوبَ سࣸکَامَ سࣸࢽَرْ مࣸحَمَّدَا,سࣸکَ بَرْسࣸ سࣸکَ کࣸومࣸواࢽَصِيحَ تَأحْمَدࣸ ؞ کࣸوذَاسࣸتࣸوبَ سࣸکَامَ سࣸࢽَرْ مࣸحَمَّدَا,0.03488372093023256,0.4166666666666667
Infiraji_6.pdf_page_16_line_002,کَيْ ڧࣸواڧࣸلْوَاتَاڟِيَايٜيٰ    غَامࣸتَاࢽٜيٰ ࢽَاتَمَايٜيٰ,کَيْ ڧࣸواڧࣸلْوَاتَاڟِيَايٜيٰ  غَامࣸتَاࢽٜيٰ ࢽَاتَمَايٜيٰ,0.03508771929824561,0.0
Infiraji_3.pdf_page_11_line_008,أَيْتَ دࣸومِࢽْ کࣸوڧِيَامَا    سَيْ أَمَيْ سࣸتࣸرَادَڟࣸمَّا,أَيْتَ دࣸومِࢽْ کࣸوڧِيَامَا  سَيْ أَمَيْ سࣸتࣸرَادَڟࣸمَّا,0.03508771929824561,0.0
Infiraji_12.pdf_page_11_line_008,دࣸࢽْ غࣸدࣸࢽْ مࣸتࣸوَاسࣸبَوْتَا    مَاغࣸمࣸکَّاسࣸࢽْ مࣸغࣸࢽْتَا,دࣸࢽْ غࣸدࣸࢽْ مࣸتࣸوَاسࣸبَوْتَا  مَاغࣸمࣸکَّاسࣸࢽْ مࣸغࣸࢽْتَا,0.03508771929824561,0.0
Infiraji_4.pdf_page_18_line_014,مَيْ کِرَࢽْسࣸ يَثٜيٰ سَمَارِ  شِيْڢَࢽٜيٰ شَيَطَࢽْ رَجِيمِ,مَيْ کِرَࢽْسࣸ يَثٜيٰ سَمَارِ  شِيْڢَࢽٜيٰ شَطَࢽْ رَجِيمِ,0.03508771929824561,0.14285714285714285
Infiraji_5.pdf_page_7_line_007,ذࣸوثِيَاسَرْکِࢽْ جِکِي ࢽٜيٰ   ظَاهِرِي کࣸوْاْوَايَغَاࢽٜيٰ,ذࣸوثِيَاسَرْکِࢽْ جِکِي ࢽٜيٰ ظَاهِرِي کࣸوْاْوَايَغَاࢽٜيٰ,0.03508771929824561,0.0
Infiraji_6.pdf_page_12_line_011,دࣸࢽْ مَڢِي کَيْاوࣸࢽْ طَبِيعَا    اَلࢽَّبَاوَامَاسࣸ طَاعَا,دࣸࢽْ مَڢِي کَيْاوࣸࢽْ طَبِيعَا  اَلࢽَّبَاوَامَاسࣸ طَاعَا,0.03508771929824561,0.0
Infiraji_3.pdf_page_11_line_007,إِࢽْدَدَيْ أَکَسَامࣸ دَامَا    اَلࢽَّبِࢽْمࣸ يَسࣸࢽَّتَامَا,إِࢽْدَدَيْ أَکَسَامࣸ دَامَا  اَلࢽَّبِࢽْمࣸ يَسࣸࢽَّتَامَا,0.03508771929824561,0.0
Infiraji_4.pdf_page_21_line_013,جٜيٰ غَمَالِکِ ثٜيٰ شِࢽࣸوࢽَا   مَامࣸتَاࢽٜيٰ مَاسࣸ بَرْࢽَا,جٜيٰ غَمَالِکِ ثٜيٰ شِࢽࣸوࢽَا  مَامࣸتَاࢽٜىٰ مَاسࣸ بَرْࢽَا,0.03508771929824561,0.14285714285714285
Infiraji_5.pdf_page_14_line_011,سَادࣸوَرْدَسࣸکَيْ أَللَلَّا   حَرْتَڧَارٜيٰ تَايِي صَلَّا,سَادࣸوَرْدَسࣸکَيْ أَللَلَّا  حَرْتَڧَارٰٜ تَايِي صَلَّا,0.03508771929824561,0.2
Infiraji_5.pdf_page_14_line_016,تَايِي خَيْضَاذَاتَ وَࢽْکَا   حَرْذࣸوَا بَرْثِي أَڢَرْکَا,تَايِي خَيْضَاذَاتَ وَࢽْکَا  حَرْذࣸوَابَرْثِي أَڢَرْکَا,0.03508771929824561,0.3333333333333333
Infiraji_4.pdf_page_30_line_006,سࣸࢽْ مࣸسࣸلْمِي أَرْزِکِيࢽٜيٰ   سࣸࢽْ ذࣸمࣸࢽْتَاوَاجِبِيࢽٜيٰ,سࣸࢽْ مࣸسࣸلْمِي أَرْزِکِيࢽٜيٰ سࣸࢽْ ذࣸمࣸࢽْتَاوَاجِبِيࢽٜيٰ,0.03508771929824561,0.0
Infiraji_8.pdf_page_5_line_001,غَاشِ يَࢽْذࣸإِࢽَادَکَايَا   تࣸواْرَغٜيٰمَࢽْ کࣸواْࢽَبَايَا,غَاشِ يَࢽْذࣸإࢽَادَکَايَا  تࣸواْرَغٜيٰمَࢽْ کࣸواْࢽَبَايَا,0.03508771929824561,0.25
Infiraji_4.pdf_page_22_line_004,سَيْ يَتَاشِ يَجٜيٰ يَسَوْکَا  غَاجَهَࢽَّمَ ࢽَاتَ هَرْکَا,سَيْ يَتَاشِ يَجٜيٰ يَسَوْکَا   غَاجَهَࢽَّمَ ࢽَاتَ حَرْکَا,0.03508771929824561,0.14285714285714285
Infiraji_4.pdf_page_35_line_012,دࣸࢽْ مَڢِي کَيْاوࣸࢽْ طَبِيعَا    اَلࢽَّبَاوَامَاسࣸ طَاعَا,دࣸࢽْ مَڢِي کَيْاوࣸࢽْ طَبِيعَا  اَلࢽَّبَاوَامَاسࣸ طَاعَا,0.03508771929824561,0.0
Infiraji_4.pdf_page_31_line_009,تࣸࢽْدَڧَرْيَا غَسْکِيَاࢽٜيٰ  رَࢽْسࣸ تَاشِغَ أَرْزِکِيࢽٜيٰ,تࣸࢽْدَڧَرْيَاغَسْکِيَاࢽٜيٰ  رَࢽْسࣸ تَاشِغَ أرْزِکِيࢽٜيٰ,0.03508771929824561,0.6
Infiraji_12.pdf_page_13_line_005,سَىْ حࣸسࣸوْمَاشِيْدَطَࢽْسَ   حَرْيَࢽٜىٰمِ مَدࣸواْغَرَرْسَ,سَىْ حࣸسࣸومَاشِيْدَطَࢽْسَ  حَرْيَࢽٜىٰمِ مَدࣸواْغَرَرْسَ,0.03508771929824561,0.25
Infiraji_6.pdf_page_15_line_001,دَامࣸتࣸمْ ذَيْبَادَڢَࢽْسَا   ࢽَيْ أَکَرْݒٜيٰ حَرْأࣸوَرْسَ,دَامࣸتࣸمْ ذَيْبَادَڢَࢽْسَا ࢽَيْ أَکَرْݒٜيٰ حَرْأࣸوَرْسَ,0.03508771929824561,0.0
Infiraji_7.pdf_page_2_line_005,غَرْغَطِي مَيْبَادَڟࣸوْرࣸوا مَيْࢽࣸڢِي دَهَࢽِي دَهࣸوْرࣸواْ,غَرْغَطِي مَيْبَادَڟࣸوْرࣸوا   مَيْࢽࣸڢِي دَهَࢽِي دَهࣸوْرࣸواْ,0.03508771929824561,0.0
Infiraji_8.pdf_page_10_line_011,ࢽَࢽْ دَࢽَࢽْ بِسَ کَࢽْ تَڢَرْکِ   وَࢽْسࣸ يَدَّڧَڢَاکَتَاکِ,ࢽَࢽْ دَࢽَࢽْ بِسَ کَࢽْ تَڢَرْکِ وَࢽْسࣸ يَدَّڧَڢَاکَتَاکِ,0.03508771929824561,0.0
Infiraji_6.pdf_page_7_line_005,سࣸࢽْ مࣸسࣸلْمِي أَرْزِکِيࢽٜيٰ   سࣸࢽْ ذࣸمࣸࢽْتَاوَاجِبِيࢽٜيٰ,سࣸࢽْ مࣸسࣸلْمِي أَرْزِکِيࢽٜيٰ سࣸࢽْ ذࣸمࣸࢽْتَاوَاجِبِيࢽٜيٰ,0.03508771929824561,0.0
Infiraji_8.pdf_page_4_line_011,مࣸࢽْيِ دَاطَاَطَࢽْ جَوَابِ   کَاغَ أَࢽْيِي أَوࣸࢽْ حِسَابِ,مࣸࢽْيِ دَاطَاطَࢽْ جَوَابِ  کَاغَ أَࢽْيِي أَوࣸࢽْ حِسَابِ,0.03508771929824561,0.14285714285714285
Infiraji_4.pdf_page_11_line_005,إِࢽْ کَطَوْتࣸرْمِي کَبَاشِي   سَيْيَ مِيڧَ يَسَيْدَسَاشِي,إِࢽْ کَطَوْتࣸرْمِي کَبَاشِي سَيْيَ مِيڧَ يَسَيْدَسَاشِي,0.03508771929824561,0.0
Infiraji_4.pdf_page_3_line_004,رَࢽْدَعَࢽْکَ رَبٜيٰ تَکَرْدࣸو   دࣸکْ حَلِتَّاذَاتَ سَادࣸو,رَࢽْدَعَࢽْکَ رَبٜيٰ تَکَرْدࣸو دࣸکْ حَلِتَّاذَاتَ سَادࣸو,0.03508771929824561,0.0
Knowledge_to_Follow_God_Gandal_Fii_Rewugol_Alla.pdf_page_8_line_006,عَنْدࣸ نࣽجࣽورٜيَاکࣸلࣸ ࡼلْحَسَنَآتِ نࣽذَامِرَمࣽجِّ عَادٜࢽْ,عَنْدࣸنࣽجࣽورٜيَاکࣸلࣸ ࡼلْحَسَنَاتِ نࣽذَامِرَمࣽجِّ عَادٜࢽْ,0.03508771929824561,0.6
Infiraji_4.pdf_page_23_line_010,سَيْ هࣸثٜيٰ بَاڧࣸواْغَرٜيٰمࣸ  وَࢽْغَ بَاڧࣸواْ صَاحِبِࢽْمࣸ,سَيْ سࣸثٜيٰ بَاڧࣸواْغَرٜيٰمࣸ  وَࢽْغَ بَاڧࣸواْ صَامِبِࢽْمࣸ,0.03508771929824561,0.3333333333333333
Infiraji_8.pdf_page_15_line_014,حَرْدَمَاسࣸ يَوَࢽْ حࣸسࣸومَا   کَاڢِرَيْ دࣸکَ ذَاعَ کَامَا,حَرْدَمَاسࣸ يَوَࢽْ حࣸسࣸومَا  کَاڢِرَيْ دࣸکࣸ ذَاعَ کَامَا,0.03508771929824561,0.14285714285714285
Knowledge_to_Follow_God_Gandal_Fii_Rewugol_Alla.pdf_page_9_line_004,عࣽمَاکِ صَلَّى ࡻللَّهࣸ عَلَيْهِ وَسَلَّمَ جَمْ عٜکِسِيٜىٰ,عࣽمَاکِ صَلَّى ࡻللَّهࣸ عَلَيَهِ وَسَلَّمَ جَمْ عٜکِسِيٜى,0.03508771929824561,0.2857142857142857
Infiraji_4.pdf_page_8_line_005,تࣸواْذࣸࢽْسَ دَبَࢽْ دَبَࢽْࢽٜيٰ   مࣸࢽْجِيَاکࣸواْوْيَغَاࢽٜيٰ,تࣸواْذࣸࢽْسَ دَبَࢽْ دَبَࢽْࢽٜيٰ  مࣸࢽْجِيَاکࣸواْوَيَغَاࢽٜيٰ,0.03508771929824561,0.25
Infiraji_4.pdf_page_4_line_005,وَࢽْدَسࣸࢽْکَ ڧَرَࢽْتَ ࢽَاسࣸ   بَي ࢽَوَابَ أَکَࢽْ حَلِࢽْسࣸ,وَࢽْدَسࣸࢽْکَ ڧَرَࢽْتَ ࢽَاسࣸ  بَيْ ࢽَوَابَ أَکَࢽْ حَلِࢽْسࣸ,0.03508771929824561,0.14285714285714285
Infiraji_8.pdf_page_4_line_013,کَرْکَبَرْࢽِ أَجٜيٰ أّبَاسَࢽْ  وَࢽْغَ عَيْبِ ࢽَاوَکَاسَࢽْ,کَرْکَبَرْࢽِ أَجٜىٰ أَبَاسَࢽْ  وَࢽْغَ عَيْبِ ࢽَاوَکَاسَࢽْ,0.03508771929824561,0.3333333333333333
Infiraji_4.pdf_page_15_line_003,أَيْتَ مَيْ دࣸوکَادَکࣸلْکِ    کَاڢِرَيْ دࣸکَ ࢽَاسࣸ أَيْکِ,أَيْتَ مَيْ دࣸوکَادَکࣸلْکِ  کَاڢِرَيْ دࣸکَ ࢽَاسࣸ أَيْکِ,0.03508771929824561,0.0
Infiraji_5.pdf_page_6_line_005,شࣸوغَبَادࣸࢽْ ڢَاسِڧَࢽْثِي    وَࢽْدَکٜيٰ ڧَوْࢽَرْأَمِࢽْثِي,شࣸوغَبَادࣸࢽْ ڢَاسِڧَࢽْثِي  وَࢽْدَکٜيٰ ڧَوْࢽَرْأَمِࢽْثِي,0.03508771929824561,0.0
Infiraji_4.pdf_page_45_line_008,وَࢽْسࣸ کَࢽْ کَرْبَاأَدَامَا    أَرْزࣸکَࢽْسࣸ سࣸࢽَادَغِرمَا,وَࢽْسࣸ کَࢽْ کَرْبَاأَدَامَا   أَرْزࣸکَࢽْسࣸ سࣸࢽَادَغِرْمَا,0.03508771929824561,0.2
Infiraji_8.pdf_page_9_line_001,مَالَمِࢽْمࣸ يَکَࢽْيِ تَاطِ  سَيْ أَذࣸواْ أَعَجٜيٰ صِرَاطِ,مَالَمِࢽْمࣸ يَکَࢽْيِ تَاطِ  سَيْ أَذࣸواْأعَجٜيٰ صِرَاطِ,0.03508771929824561,0.2857142857142857
Warning_Gargaɗi_Infiraji_2.pdf_page_6_line_013,کَارِڧࣸوْوَعَدِي غَأَللَّهْ   ذَاکَيِࢽْ أَزࣸمِيٰ دَصَلَّا,کَارِڧࣸوْوَعَدِي غَأَللَّهْ  ذَاکَيِࢽْ أَزࣸمِي دَصَلَّا,0.03508771929824561,0.2
Infiraji_3.pdf_page_18_line_010,يَاڟَيَابَوْتَرْإِيَايٜيٰ   غَايَوَࢽْ أَزࣸمِي أَݒࣸواْيٜيٰ,يَاڟَيَابَوْتَرْإِيَايٜيٰ  غَايَوَࢽْ أَزࣸمِي أَبࣸواْيٜيٰ,0.03508771929824561,0.25
Infiraji_4.pdf_page_7_line_014,سَيْ أَثٜيٰ غَرْدَࢽْدَمِࢽْکࣸ    بَاسࣸ أَمْڢَاࢽِي غَرٜيٰکࣸ,سَيْ أَثٜيٰ غَرْدَࢽْدَمِࢽْکࣸ  بَاسࣸ أَمْڢَاࢽِي غَرٜيٰکࣸ,0.03508771929824561,0.0
Nana_Asmāʾu_The_Absolute_Truth_1_Nana_Asmāʾu_Tabbat_Haqiqan_1.pdf_page_7_line_005,إِࢽْڢَ أَࢽْکَيْسࣸ ࢽَࢽْ دَࢽَࢽْ سَيْ سࣸغَابٜيٰ   حَرْمِيَاغࣸودَکٜيٰ زِࢽَامَاسࣸ تَرْبٜيٰ,إِࢽْڢَ أَࢽْ کَيْسࣸ ࢽَࢽْ دَࢽَࢽْ سَيْ سࣸغَابٜيٰ    حَرْمِيَاغࣸودَکٜيٰ زِࢽَࢽامَاسࣸ تَرْبٜيٰ,0.03529411764705882,0.3333333333333333
Nana_Asmāʾu_The_Authentic_Path_Nana_Asmāʾu_Godaben_Gaskiya.pdf_page_6_line_007,أَبَادَتَکَرْدࣸووَࢽْسࣸ دَامَ وَطَࢽْسࣸ کࣸو    غَحَوࢽِ وَطَࢽَّاسࣸࢽْيِ ࢽِيسَاغَأَحْمَدَا,أَبَادَتَکَرْدࣸووَࢽْسࣸ دَامَ وَطَࢽْسࣸ کࣸو    غَحَوْࢽِ وَطَࢽَّاسࣸࢽْيِ ࢽِيسَاغَاحْمَدَا,0.03529411764705882,0.2857142857142857
Infiraji_10.pdf_page_11_line_015,مَثٜيٰ وَدَّکٜيٰسࣸ أَرْزِڧِي دَوَدَاتَا  تَڟَيَادَغَسْکٜيٰ تَکَامَ غِرْمَࢽْ أَوْرِٜيٰ,مَثٜيٰ وَدَّکٜيٰسْࣸ أَرْرِڧِي دَوَدَاتَا  تَڟَيَادَغَسْکٜيٰ تَکَامَ غِرْمَࢽْ أَوْرٜيٰ,0.03529411764705882,0.375
The_Human_Being_Is_an_Incurable_Disease_Mutum_Cuta_Ne_Marar_Magani.pdf_page_4_line_016,سࣸکَهَوْغَبَاطَيَاࢽَࢽْ دَࢽَࢽْ أَکَثٜيٰ دَسࣸو    بَاتَوْسَيِي أَغَرٜيٰسࣸ کࣸوࢽطَرِيࢽٜيٰ,سࣸکَهَوْغَبَاطَيَاࢽَࢽْ دَࢽَࢽْ أَکَثٜيٰ دَسࣸو  بَاتَوْسَيِي أَغَرٜيٰسࣸ کࣸوࢽَطَرِيࢽٜيٰ,0.03529411764705882,0.14285714285714285
Infiraji_5.pdf_page_10_line_013,بَارِڧࣸࢽْ کࣸوْاْلَاأَتَاکِ   وَثّٜيٰ کٜيٰدَ ذَمَاأَطَاکِ,بَارِڧࣸࢽْ کࣸوْاْلَاأَتَاکِ  وَثّٜيٰ کٜيٰدَذَمَاأَطَاکِ,0.03571428571428571,0.4
Warning_Gargaɗi_Infiraji_2.pdf_page_15_line_012,ثٜيٰوَا بَاذَاشِ لَاخِرَابَا,ثٜيٰوَابَاذَاشِ لَاخِرَابَا,0.03571428571428571,0.6666666666666666
Infiraji_6.pdf_page_18_line_007,وَࢽْسࣸ کࣸوْاْشِڟيَاأَڧِرْجِي  غَاشِ رَاࢽَاتَايِي غَرْجِي,وَࢽْسࣸ کࣸوْاْشِڟَيَاأَڧِرْجِي   غَاشِ رَاࢽَاتَايِي غَرْجِي,0.03571428571428571,0.2
Infiraji_4.pdf_page_48_line_011,دࣸکْ أَبِࢽْدَکَبَاتَ أَيْکِ   ذَاشِ بَيَّࢽَ ڧِيدَسࣸوࢽْکَ,دࣸکْ أَبِࢽْدَکَبَاتَ أَيْکِ ذَاشِ بَيَّࢽَ ڧِيدَسࣸوࢽْکَ,0.03571428571428571,0.0
Infiraji_12.pdf_page_9_line_012,غَأࣸوَابَکَ شَادَلَاڢِيَابَا,غَأوَابَکَ شَادَلَاڢِيَابَا,0.03571428571428571,0.5
Nana_Asmāʾu_The_Authentic_Path_Nana_Asmāʾu_Godaben_Gaskiya.pdf_page_7_line_006,أَرࣸوطَيْ کَمَرْرࣸوطِࢽْ دَيَوَّاأࣸبَࢽِْࣻجِ   ڢَدࣸࢽْيَادَاَلدِّيࢽِ دَشِيدَ مࣸحَمَّدَا,أَرࣸوطَيْ کَمَرْرࣸوطِࢽْ دَيَوَّاأࣸبَࢽْغِجِ   ڢَدࣸࢽْيَادَاَلدِّيࢽْ دَشِيدَامࣸحَمَّدَا,0.03571428571428571,0.6666666666666666
Infiraji_3.pdf_page_12_line_011,يٜࢽْ أࣸوَࢽْسَ سࣸزࣸودَࢽَعْشِ   أَࢽْکَبࣸوطٜيٰ أَࢽْ سَکَاشِ,يٜࢽْ أࣸوَࢽْسَ سࣸزࣸودَࢽَعْشِ  أَࢽْکَبࣸوطٜي أَࢽْ سَکَاشِ,0.03571428571428571,0.16666666666666666
Infiraji_7.pdf_page_2_line_013,غَذَتࣸو بَاذَاشِ لَاخِرَابَا,غَذَتࣸوبَاذَاشِ لَاخِرَابَا,0.03571428571428571,0.6666666666666666
Infiraji_4.pdf_page_38_line_005,سَىْ يَبَايَرْدࣸࢽْ يَڟِيرَا   غࣸࢽْ ذࣸوَاوَࢽَّࢽْ مَتَارَا,سَيْ يَبَايَرْدࣸࢽْ يَڟِيرَا  غࣸࢽْ ذࣸوَاوَࢽَّࢽْ مَتَارَا,0.03571428571428571,0.16666666666666666
Infiraji_4.pdf_page_32_line_010,أِࢽْبَاکَڢَطِي کَࢽَاغࣸدࣸوبَا,إِࢽْبَاکَڢَطِي کَࢽَاغࣸدࣸوبَا,0.03571428571428571,0.5
The_Human_Being_Is_an_Incurable_Disease_Mutum_Cuta_Ne_Marar_Magani.pdf_page_5_line_008,شَاهࣸويَثٜيٰ مِࢽْ ذَاࢽَبَرْکَ أَࢽَࢽْ حَکَ   سَوْرِي ࢽَکٜيٰيِي يَࢽْذࣸ کَاجِ مࣸتَاࢽٜيٰ,شَاهࣸويَثٜيٰ مِࢽْ ذَاࢽَبَرْکَ أَࢽَࢽْ حَکَ سَوْرِي ࢽَکٜيٰيِي يَࢽْذࣸکَاجِ مࣸتَاࢽٜيٰ,0.03571428571428571,0.2
Infiraji_12.pdf_page_19_line_010,شِي ڢِدَاءࣸࢽَاسَ حَࢽْيَا    کٜىٰدَڧࣸلْ هࣸوَخَمْسࣸ مِيَّا,شِي ڢِدَاءࣸࢽَاسَ حَࢽْيَا  کٜىٰدَڧࣸلْ هࣸوَخَمْسࣸ مِيَّا,0.03571428571428571,0.0
Infiraji_4.pdf_page_20_line_007,أَࢽْ ڢَطَامَکَ ࢽِي غَرٜيٰک   بَاࢽِ ڧَوْࢽَرْکࣸواْوَࢽِࢽْکَ,أَࢽْ ڢَطَامَکَ ࢽِي غَرٜيٰکَ بَاࢽِ ڧَوْࢽَرْکࣸواْوَࢽِࢽْکَ,0.03571428571428571,0.16666666666666666
Infiraji_5.pdf_page_5_line_010,سَي شِسَࢽْ ڢَضَلَاغَرٜيٰسࣸ  رَࢽْ مَثٜيٰوَرْ طَࢽْغَ ࢽَاسࣸ,سَيْ شِسَࢽْ ڢَضَلَاغَرٜيٰسࣸ  رَࢽْ مَثٜيٰوَرْطَࢽْغَ ࢽَاسࣸ,0.03571428571428571,0.42857142857142855
Warning_Gargaɗi_Infiraji_2.pdf_page_11_line_012,کَتࣸࢽَا بَاذَامࣸ دَوَّمَابَا,کَتࣸࢽَابَاذَامࣸ دَوَّمَابَا,0.03571428571428571,0.6666666666666666
Infiraji_8.pdf_page_8_line_009,أّيْ بَامࣸوکٜيٰدَغَاڢَرَابَا,أَيْ بَامࣸوکٜيٰدَغَاڢَرَابَا,0.03571428571428571,0.5
Infiraji_7.pdf_page_13_line_014,دَامࣸتَاࢽٜيٰ تَيْمَ ذࣸوبٜيٰ يَوْوࣸ ڧَرْسَرْکِي دَبَابٜيٰ,دَامࣸتَاࢽٜيٰ تَيْمَ ذࣸوبٜيٰ يَوْوࣸڧَرْسَرْکِي دَبَابٜىٰ,0.03571428571428571,0.5
Infiraji_6.pdf_page_20_line_001,سَيْ مࣸکَࢽْ شَاوَرْوَرِࢽْمࣸ    ثٜىٰمَ اَدَمࣸ يَاأࣸبَࢽْمࣸ,سَىْ مࣸکَࢽْ شَاوَرْوَرِࢽْمࣸ   ثٜىٰمَ اَدَمࣸ يَاأࣸبَࢽْمࣸ,0.03571428571428571,0.16666666666666666
Infiraji_7.pdf_page_10_line_012,کَتࣸࢽَا بَاذَامࣸ دَوَّمَابَا,کَتࣸࢽَابَاذَامࣸ دَوَّمَابَا,0.03571428571428571,0.6666666666666666
Infiraji_11.pdf_page_3_line_009,غَمࣸسࣸلمِى بَادَکَࢽْغَرَابَا,غَمࣸسࣸلمِي بَادَکَࢽْغَرَابَا,0.03571428571428571,0.5
Infiraji_12.pdf_page_2_line_011,دَصَوَابَابَادَکࣸسْکࣸرٜىٰبَا,دَصَوَابَابَادَکࣸسْکࣸرٜيٰبَا,0.03571428571428571,1.0
Nana_Asmāʾu_The_Authentic_Path_Nana_Asmāʾu_Godaben_Gaskiya.pdf_page_8_line_005,مࣸذَمْࢽَامࣸشَادَاطِي دَمَدَرَامࣸشَاذࣸمَا   مࣸࢽَاڢَثِکِࢽْ ࢽِعمَمّࣸ تَارٜيٰدَأَحْمَدَا,مࣸذَمْࢽَامࣸشَادَاطِي دَمَدَرَامࣸشَاذَمَا    مࣸࢽَاڢَثِکِࢽْ ࢽِعْمَمّࣸ تَارٜيٰدَأَحْمَدَا,0.03571428571428571,0.4
Infiraji_8.pdf_page_6_line_009,أّيْ بَامࣸوکٜيٰدَغَاڢَرَابَا,أَيْ بَامࣸوکٜيٰدَغَاڢَرَابَا,0.03571428571428571,0.5
Warning_Gargaɗi_Infiraji_2.pdf_page_15_line_011,لَارَبَاوَامَاسࣸ عِڢَّهْ   سࣸࢽْ وࣸثٜيٰ واکٜيٰ دَڧࣸواْڢَا,لَارَبَاوَامَاسࣸ عِڢَّهْ  سࣸࢽْ وࣸثٜيٰ وَاکٜيٰ دَڧࣸواْڢَا,0.03571428571428571,0.16666666666666666
Infiraji_5.pdf_page_13_line_002,کࣸوْاْأَبِࢽْدَأࣸبَايَبَاسࣸ   سَيْ سࣸرَيْࢽَادࣸࢽْ حَلِࢽْسࣸ,کࣸوْاْأَبَࢽْدَأࣸبَايَبَاسࣸ  سَيْ سࣸرَيْࢽَادࣸࢽْ حَلِࢽْسࣸ,0.03571428571428571,0.25
MAF_286.pdf_page_1_line_010,مࣸࢽࣸورَدَلِلَيْ دࣸࢽْ أَسَࢽْ کࣸمَ يَاوࣸثٜيٰ؞ أَکَامَ تَڢَرْکِي ࢽَسْ ذࣸوَاغَمࣸحَمَّدَا,مࣸࢽࣸورَ دَلِيلَيْ دࣸࢽْ أَسَࢽْ کࣸمَ يَاوࣸثٜيٰ ؞ أَکَامَ تَڢَرْکِي ࢽَسْ ذࣸوَاغَمࣸحَمَّدَا,0.03571428571428571,0.4444444444444444
MAF_286.pdf_page_4_line_003,ڟࣸبْرِࢽْ أَبَاأَکَبَيَّࢽَاشِ مࣸحَمَّدࣸ ؞ مَهْدِ وَلِيِ اِللَّهِ کَاکَاࢽْسَ أَحْمَدَا,طࣸبْرِࢽْ أَبَاأَکَبَيَّࢽَاشِ مࣸحَمَّدࣸ ؞ مَهْدِ وَلِي اِللَّهِ کَاکَࢽْسَ أَحْمَدَا,0.03571428571428571,0.3333333333333333
MAF_286.pdf_page_5_line_013,دَغَ وَࢽْغَ يَاڧِ بَأَکࣸومَ ذࣸومࣸسࣸ ؞  سَيْ سࣸوسࣸجٜيٰسࣸ دَکَࢽْسࣸ جَمَعَرْ مࣸحَمَّدَا,دَغَ وَࢽْغَ يَاڧِ بَأکࣸومَ ذࣸومࣸسࣸ ؞ سَيْ سࣸوسࣸجٰٜسࣸ دَکَࢽْسࣸ جَمَعَرْ مࣸحَمَّدَا,0.03571428571428571,0.18181818181818182
Infiraji_5.pdf_page_13_line_006,بَسࣸ ذَاݒِ ذَمَادَلَاڢِيابَا,بَسࣸ ذَاݒِ ذَمَادَلَاڢِيَابَا,0.03571428571428571,0.3333333333333333
Infiraji_7.pdf_page_6_line_011,ڧࣸواْڧَرِࢽْسَ شِکَࢽْڢِ أوْکِ ࢽٜيٰ أَڧَارَدَرٜيٰ دَتَاکِي,ڧࣸواْڧَرِࢽْسَ شِکَࢽْڢِ أَوْکِࢽٜيٰ أَڧَارَدَرٜيٰ دَتَاکِي,0.03571428571428571,0.3333333333333333
Infiraji_4.pdf_page_44_line_010,مࣸحَمَّدࣸبَکَايِى سࣸجَدَابَا,مࣸحَمَّدࣸبَکَايِي سࣸجَدَابَا,0.03571428571428571,0.5
Infiraji_7.pdf_page_14_line_012,ثٜيٰوَا بَاذَاشِ لَاخِرَابَا,ثٜيٰوَابَاذَاشِ لَاخِرَابَا,0.03571428571428571,0.6666666666666666
Infiraji_4.pdf_page_18_line_003,بَاکࣸواْڧࣸوࢽَاࢽَڧࣸرْمࣸسَابَا,بَاکࣸواڧࣸوࢽَاࢽَڧࣸرْمࣸسَابَا,0.03571428571428571,1.0
Infiraji_6.pdf_page_13_line_006,سࣸکَ تَاشِي بَدَدࣸدّࣸغٜيٰبَا,سࣸکَ تَاشِي بَادَدࣸدّࣸغٜيٰبَا,0.03571428571428571,0.3333333333333333
Infiraji_6.pdf_page_14_line_013,ڢَرْغَبَادࣸࢽْ وَࢽْغَ رَاࢽَا   ࢽَاثِکي دࣸࢽْ بَابࣸ کࣸواࢽَا,ڢَرْغَبَادࣸࢽْ وَࢽْغَ رَاࢽَا  ࢽَاثِکِي دࣸࢽْ بَابࣸ کࣸواࢽَا,0.03571428571428571,0.14285714285714285
Infiraji_8.pdf_page_15_line_011,سَامَجࣸوسࣸ ࢽَهࣸطَّمَاࢽٜيٰ  کࣸووَࢽٜيٰࢽْسࣸ وࣸرِࢽْذَمَاࢽٜيٰ,سَامَجࣸوسࣸ ࢽَهࣸطَّمَاࢽٜيٰ  کࣸوْوَࢽٜيࢽْسࣸ وࣸرِࢽْذَمَاࢽٜيٰ,0.03571428571428571,0.25
Warning_Gargaɗi_Infiraji_2.pdf_page_9_line_014,بَاتَ کࣸࢽْيَرْ کࣸوْسࣸوَاࢽٜيٰ   دَاتَࢽَادَمَکَࢽْغَرِيࢽٜيٰ,بَاتَ کࣸࢽْيَرْکࣸوْسࣸوَاࢽٜيٰ  دَاتَࢽَادَمَکَࢽْغَرِيࢽٜيٰ,0.03571428571428571,0.5
Infiraji_7.pdf_page_15_line_003,إِت بَاتَارَرْتَ لَاڢِيَابَا,إِتَ بَاتَارَرْتَ لَاڢِيَابَا,0.03571428571428571,0.3333333333333333
Infiraji_5.pdf_page_4_line_008,تࣸࢽْدَدَيْ ࢽَغَ ذࣸوثِيَرْکَ    تَاهَلَرْثِ مَدَاوَيَࢽْکَ,تࣸࢽْدَدَيْ ࢽَغَ ذࣸوثِيَرْکَ  تَاهَلَرْثِ مَدَاوَيَࢽْکَ,0.03571428571428571,0.0
Infiraji_8.pdf_page_19_line_002,حࣸولࣸࢽَارَوَࢽِي کَغَاࢽٜيٰ   أَࢽْࢽَطٜيٰسࣸ دَشِي سࣸغَاࢽٜيٰ,حࣸولࣸࢽَارَوَࢽِي کَغَاࢽٜيٰ أَࢽْࢽَطٜيٰسࣸ دَشِي سࣸغَاࢽٜيٰ,0.03571428571428571,0.0
Infiraji_11.pdf_page_14_line_003,بَاذَاشِ هَࢽَامࣸ سَادࣸوَابَا,بَاذَاشِ هَلَامࣸ سَادࣸوَابَا,0.03571428571428571,0.3333333333333333
Infiraji_12.pdf_page_15_line_015,أَيِي صَلَّابَاࢽَ أدّࣸعَابَا,أَيِي صَلَّابَاࢽَ أَدّࣸعَابَا,0.03571428571428571,0.3333333333333333
Infiraji_4.pdf_page_46_line_007,بَامَىْ ثࣸوتَرْغَبَابࣸوَابَا,بَامَيْ ثࣸوتَرْغَبَابࣸوَابَا,0.03571428571428571,0.5
Infiraji_5.pdf_page_18_line_007,دࣸࢽْ وَدَاأَڧِسࣸࢽْ ذࣸمࣸࢽْثِ    سࣸوکَ سَࢽْيَ ذَمَايَبَاثِ,دࣸࢽْ وَدَاأَڧِسࣸࢽْ ذࣸمࣸࢽْثِ  سࣸوکَ سَࢽْيَ ذَمَايَبَاثِ,0.03571428571428571,0.0
Infiraji_7.pdf_page_15_line_008,ڢَيْ دَݒࣸويٜيٰ أّبَرْڢَسَادِ هَرْأَکَيْغَ بِيَࢽْ مࣸرَادِ,ڢَيْ دَݒࣸويٜيٰ أَبَرْڢَسَادِ  هَرْأَکَيْغَ بِيَࢽْ مࣸرَادِ,0.03571428571428571,0.16666666666666666
Infiraji_4.pdf_page_8_line_015,شِي عِبَادَاڢَيْ دَݒࣸويٜيٰ    شِي حَوَاࢽَاࢽَࢽْ کࣸجَايٜيٰ,شِي عِبَادَاڢَيْ دَݒࣸويٜيٰ  شِي حَوَاࢽَاࢽَࢽْ کࣸجَايٜيٰ,0.03571428571428571,0.0
Warning_Gargaɗi_Infiraji_2.pdf_page_9_line_009,إِتَ بَاتَارَتَّ لَاڢِيَابَا,إِتَ بَاتَارَکَّ لَاڢِيَابَا,0.03571428571428571,0.3333333333333333
Nana_Asmāʾu_The_Absolute_Truth_1_Nana_Asmāʾu_Tabbat_Haqiqan_1.pdf_page_4_line_013,وَࢽْدَيَکّࣸࢽْثٜيٰ اَلْکَوَلْ يَايِ ذَࢽْبَا   دࣸدَّمَيْرٜيٰࢽَ مࣸومِࢽِي سَيْ شِتࣸوبَا,وَࢽْدَيَکّࢽْثٜيٰ َلکَوَلْ يَايِ ذَࢽْبَا   دࣸدَّمَيْرٜيٰࢽَ مࣸومِࢽِي سَيْ شِتࣸوبَا,0.03614457831325301,0.25
Infiraji_8.pdf_page_20_line_002,دَيْ مࣸࢽَاکَلْمَرْ شَهَادَ  مࣸوڢَ شَيْطَࢽْ ࢽٜيٰ يَݒَدَّ,دَيْ مࣸࢽَاکَلْمَرْشَهَادَ  مࣸوڢَ شَيْطَࢽْ ࢽٜيٰ يَبَدَّ,0.03636363636363636,0.42857142857142855
Infiraji_5.pdf_page_8_line_011,سَيْ ذَمَادَرَشِࢽْ مࣸتࣸࢽْثِ   کࣸلْ مَأَوْرَاࢽَاأَدَلْثِ,سَيْ ذَمَادَرَشِࢽْ مࣸتࣸࢽْثِ کࣸلْ مَأَوْرَاࢽَاأَدَلْثِ,0.03636363636363636,0.0
Infiraji_4.pdf_page_11_line_011,وَࢽْسࣸ کࣸواْسࣸتَڢࣸواْغَرٜيٰکَ   وَࢽٜيٰ غَاجَاذَاعَبَاکَ,وَࢽْسࣸ کࣸواْسࣸتَڢࣸواْغَرٜيٰکَ  وَاࢽٜيٰ غَاجَاذَاعَبَاکَ,0.03636363636363636,0.25
Infiraji_3.pdf_page_7_line_004,ذࣸوثِيَاتَيْ إِعْتِڢَادِ ڢَيْ دَبࣸويٜيٰ أَکࣸويْ مࣸرَادِ,ذࣸوثِيَاتَيْ إِعْتِڧَادِ ڢَيْ دَيࣸويٜيٰ أَکࣸويْ مࣸرَادِ,0.03636363636363636,0.3333333333333333
ELIT_WAN_00130_007r_line_006,علا على العرش اذجاءالکتاب به ؞ بلا حلول ولاکيڢ مࢽ المثل,علا على العرش اذجاءالکتاب به ؞ باحلول ولاکيڢ مࢽ المثل,0.03636363636363636,0.18181818181818182
ELIT_WAN_00130_015r_line_011,ڢالله نسٔل نانيل النجاة به ؞ ڢالخوڡ مࢽزلل مࢽ سابڡ الزلل,ڢالله نسنل نا نيل النجاة به ؞ ڢالخوڡ مࢽزلل مࢽ سابڡ الزلل,0.03636363636363636,0.2727272727272727
Infiraji_6.pdf_page_14_line_008,ڟَيْڟَيَاوَسَيْ أَکࣸوْاْرَا   حَرْذࣸوَا مَڟَيَاأَتَارَا,ڟَيْڟَيَاوَسَيْ أَکࣸوْاْرَا  حَرْذࣸوَامَڟَيَاأَتَارَا,0.03636363636363636,0.5
Infiraji_4.pdf_page_21_line_014,مَاسࣸ مࣸمّࣸوࢽَرْ خِيَاࢽَا   يَاحَلِࢽْسࣸ إِرِࢽْ ࢽَڧࣸوࢽَا,مَاسࣸ مࣸمّࣸوࢽَرْخِيَاࢽَا  يَاحَلِࢽْسࣸ إِرِࢽْ ࢽَڧࣸوࢽَا,0.03636363636363636,0.3333333333333333
Infiraji_4.pdf_page_14_line_011,حَاوࣸيَا تَمࣸࢽَاڢࣸکَيْࢽٜيٰ  ثَࢽْ سَعِيرَا کَاڢِرَيْࢽٜيٰ,حَاوࣸبَاتَمࣸࢽَاڢࣸکَيْࢽٜيٰ  ثَࢽْ سَعِيرَا کَاڢِرَيْࢽٜيٰ,0.03636363636363636,0.4
Infiraji_5.pdf_page_5_line_005,غࣸࢽْ مَغَرْتَاحَرْسࣸغَࢽْکَ   بَابࣸ مَيْ دَرَجَاکَمَرْکَ,غࣸࢽْ مَغَوْتَاحَرْسࣸغَࢽْکَ   بَابࣸ مَىْ دَرَجَاکَمَرْکَ,0.03636363636363636,0.4
Infiraji_6.pdf_page_16_line_011,شٜيٰکَرَاخَمْسِࢽْ دَيَاڧِي    ࢽَاثِکِي دَمَثِي صَدَاڧِي,شٜيٰکَرَاخَمْسِࢽْ دَيَاڧِي  ࢽَاثِکِي دَمَثِي صَدَاڧِي,0.03636363636363636,0.0
Infiraji_8.pdf_page_13_line_002,مَيْغِدَاطَيَ مَيْ لِغَاڢَا   وَاڧِعَاأَکَمَࢽْ ࢽَشَاڢَا,مَيْغِدَاطَيَ مَيْ لِغَاڢَا  وَاڧِڢَاأَکَمَࢽْ ࢽَشَاڢَا,0.03636363636363636,0.2
Infiraji_6.pdf_page_16_line_007,مَاسࣸ ڧِوْيَرْڢِدَّذَکَّا    ذَاأَبَاتَ تَمࣸوڟَ حَوْکَا,مَاسࣸ ڧِوْيَرْڢِدَّذَکَّا  ذَاأَبَاتَ تَمࣸوڟَ حَوْکَا,0.03636363636363636,0.0
ELIT_WAN_00130_013v_line_004,واعلم عجال الفول متسع ؞ ڢيها ونا الطول ما يخشى مࢽ الملل,واعلم بجال الفول متسع ؞ ڢيما ونا الطول ما يخشى مࢽ الملل,0.03636363636363636,0.16666666666666666
Infiraji_7.pdf_page_16_line_013,مَاغَࢽِࢽْ سَامࣸࢽْسࣸ هِمَّا سَيْکَ دَوَّمَ إِࢽْکَسࣸوامَا,مَاغَࢽِࢽْ سَامࣸࢽْسَ هِمَّا سَيْکَ دَوَّمَ إِࢽْکَسࣸواْمَا,0.03636363636363636,0.3333333333333333
Infiraji_7.pdf_page_7_line_002,وَࢽْغَ ذَࢽْثٜيٰ يَاذَهࣸوبࣸو طِࢽْ بَتࣸࢽْ مَالَمْ حَبِيبࣸ,وَࢽْغَ ذَࢽْثٜيٰ يَاذَمࣸوبࣸو طِࢽْ بَتࣸࢽْ ءَالَمْ حَبِيبࣸ,0.03636363636363636,0.2857142857142857
Infiraji_3.pdf_page_7_line_005,رَࢽْ مࣸتࣸمْ يَثِکَاسَعِيدِ وْࢽْدَکࣸواْ يَزَمٜيٰ رَشِيدِ,رَࢽْ مࣸتࣸمْ يَثِکَاسَعِيدِ  وَࢽْدَکࣸواْ يَزَمٜيٰ رَشِيدِ,0.03636363636363636,0.16666666666666666
Infiraji_8.pdf_page_3_line_007,سࣸࢽْ رࣸبࣸوتَاکࣸواْتَڢَرْکِ  کࣸواْدَهَࢽّࣸو کࣸواْدَأَيْکِ,سࣸࢽْ رࣸبࣸوتَاکࣸواْتَڢَرْکِ کࣸواْدَهَࢽّࣸوکࣸواْدَأَيْکِ,0.03636363636363636,0.5
Infiraji_6.pdf_page_21_line_008,غَاسࣸ مِيکَاءِيلࣸ مَوْلَا    ࢽَايَثٜىٰ يَوْبَاعَ صَلَّا,غَاسࣸ مِيکَابِيلࣸ مَوْلَا   ࢽَايَثٜىٰ يَوْبَاعَ صَلَّا,0.03636363636363636,0.16666666666666666
Infiraji_4.pdf_page_16_line_015,سَيْ أَثٜيٰ مٜيٰࢽٜيٰ ࢽࣸڢَرْکࣸو  مِي بࣸکاتَرْذࣸثِيَرْکࣸو,سَيْ أَثٜيٰ مٜيٰࢽٜيٰ ࢽࣸڢَرْکࣸو  مِي بࣸکَاتَرْذࣸوثِيَرْکࣸو,0.03636363636363636,0.16666666666666666
ELIT_WAN_00130_018v_line_007,واࢽ يکࢽ مࢽ حلال نلت ڢلفد ؞ اصبحت مࢽ ملبس التوڢيڡ ڢى حلل,واࢽ يک مࢽ حلال نلته ڢلفد ؞ اصبحت مࢽ ملبس التوڢيڡ ڢى حلل,0.03636363636363636,0.15384615384615385
ELIT_WAN_00130_016r_line_011,يفڢواالصحابت ڢى هدى وناسن ؞ لا نهم فدوة ڢى الفدل والعمل,يفڢواالصحابت ڢى هدى وناسن ؞ لانهم فدوة ڢى الفدل والعل,0.03636363636363636,0.2727272727272727
Infiraji_5.pdf_page_18_line_010,يَاسَࢽِي کࣸوْاْࢽَاسَ سَامࣸ    يَاغَمَاشِ دَثِࢽْ حَرَامࣸ,يَاسَࢽِي کࣸوْاْࢽَاسَ سَامࣸ  يَاغَمَاشِ دَثِࢽْ حَرَامࣸ,0.03636363636363636,0.0
Infiraji_3.pdf_page_9_line_005,کَࢽْ تَهࣸوْوَرْمَاسࣸ وَࢽْکَا    غَالِکَّڢَࢽِي أَطِࢽْکَا,کَࢽْ تَهࣸوْوَرْمَاسࣸ وَࢽْکَا  غَالِکَّڢَࢽِي أَطِࢽْکَا,0.03636363636363636,0.0
Infiraji_6.pdf_page_12_line_005,تࣸوْاْشِبَرْمَاکَࢽْسَ ڧٜيٰتَا   رَامࣸوَرْ شَرِّدَثࣸوتَا,تࣸوْاْشِبَرْمَاکَࢽْسَ ڧٜيٰتَا  رَامࣸوَرْشَرِّدَثࣸوتَا,0.03636363636363636,0.5
Infiraji_4.pdf_page_15_line_002,ذَاأَکَيْ کࣸوَࢽْسࣸ طَاکِ   ࢽٜيٰ ࢽَهَمّࣸ کَمَرْ أَکࣸرْکِ,ذَاأَکَيْ کࣸوَࢽْسࣸ طَاکِ  ࢽٜيٰ ࢽَهَمّࣸ کَمَرْأَکࣸرْکِ,0.03636363636363636,0.2857142857142857
Infiraji_7.pdf_page_6_line_008,سَيْيَ تَارَحَلِي دَدَبَّا بَاحَلِࢽْ دَبَّرْڧࣸوْرَيْبَا,سَيْيَ تَارَحَلِي دَدَبَّا  بَاحَلِࢽْ دَبَّرْڧࣸورَيْبَا,0.03636363636363636,0.2
Infiraji_8.pdf_page_19_line_008,أَيࣸکَّࢽْسࣸ دَمَاسࣸ ذاڢِي  کَࢽْ سَعࣸودࣸ سࣸکٜيٰ وࣸڧࣸوڢِي,أَيࣸکَّࢽْسࣸ دَمَاسࣸ ذَاڢِي  کَࢽْ سَعࣸودࣸسࣸکٜيٰ وࣸڧࣸوڢِي,0.03636363636363636,0.42857142857142855
Infiraji_6.pdf_page_10_line_001,تَاࢽَجِࢽْسࣸ سࣸسَامِ أَيْکِ  سَࢽّࣸ سَࢽّࣸ سَکَيْغَ مࣸلْکِ,تَاࢽَجِࢽْسࣸ سࣸسَامِ أَيْکِ سَࢽّࣸ سَࢽّࣸ سࣸکَيْغَ مࣸلْکِ,0.03636363636363636,0.14285714285714285
Infiraji_4.pdf_page_4_line_002,وَࢽْدَسࣸࢽْکَيِ ڧࣸواْڧَرِࢽْسࣸ   ࢽَاڢِلَا دَطَوَاءِڢِࢽْسࣸ,وَࢽْدَسࣸࢽْکَيِ ڧࣸواْڧَرِࢽْسࣸ  ࢽَاڢِلَادَطَوَاءِڢِࢽْسࣸ,0.03636363636363636,0.5
Infiraji_5.pdf_page_17_line_007,کَاغَ ڟِيࢽَࢽّࣸوأَمَاتَا    وَࢽْدَبَاسࣸ بَرِࢽْ ذࣸمࣸࢽْتَا,کَاغَ ڟِيࢽَࢽّࣸوأَمَاتَا  وَࢽْدَبَاسࣸ بَرِࢽْ ذࣸمࣸࢽْتَا,0.03636363636363636,0.0
Infiraji_8.pdf_page_6_line_008,يَاحَࢽَاکࣸ دَسࣸࢽْ کࣸطِࢽٜيٰ   کࣸࢽْ هَلَّکَ ذَاکࣸ ڧࣸوࢽٜيٰ,يَاحَࢽَاکࣸ دَسࣸࢽْ کࣸطِࢽٜيٰ کࣸࢽْ هَلَّکَ ذَاکࣸ ڧࣸوࢽٜيٰ,0.03636363636363636,0.0
The_Human_Being_Is_an_Incurable_Disease_Mutum_Cuta_Ne_Marar_Magani.pdf_page_4_line_005,کࣸمَ إِࢽْکَرَاتࣸوࢽٜيٰ دَکَيْ دَطَ کَاجِبَا  إِࢽْهَرْ کَکَامٜيٰ ذَاسࣸڧِيکَ مࣸتَاࢽيٰ,کࣸمَ إِࢽْکَرَاتࣸوࢽٜيٰ دَکَيْ دَطَ کَاجِبَا   إِࢽْهَرْکَکَامٜيٰ ذَاسࣸڧِيکَ مࣸتَاࢽٜيٰ,0.036585365853658534,0.3333333333333333
MAF_286.pdf_page_19_line_006,کࣸوکࣸوامَذَاڢَکࣸکَامَ مَاتَ دَغَسْکِيَا ؞ کࣸکٜوْتَاأَمَاࢽَ کࣸࢽجِ ذَࢽْشٜ مࣸحَمَّدَا,کࣸوکࣸوَامَذَاجَکࣸکَامَ مَاتَ دَغَسْکِيَا ؞ کࣸکٜوْتَاأَمَاࢽَ کࣸࢽجِ ذَࢽْشٜي مࣸحَمَّدَا,0.036585365853658534,0.25
The_Human_Being_Is_an_Incurable_Disease_Mutum_Cuta_Ne_Marar_Magani.pdf_page_8_line_007,حَالِࢽْسࣸࢽٜيٰ واللَّهِ سِيمࣸکَ رَتَّبَا   إِࢽْ کَيْ تࣸࢽَاࢽِ ذَاکَغَاࢽٜيٰ مࣸتَاࢽٜيٰ,حَالِࢽْسࣸࢽٜيٰ وَاللَّهِ شِيمࣸکَ رَࢽَّبَا   إِࢽْ کَيْ تࣸࢽَاࢽِ ذَاکَغَاࢽٜيٰ مࣸتَاࢽٜيٰ,0.036585365853658534,0.3333333333333333
MAF_286.pdf_page_10_line_001,ڧَسَاتَايِ مࣸوطِي زَامَࢽِي بَيَّࢽَا تَسَ ؞  إِتَمَاکَرَامَ ثٜيٰ کࣸذࣸوکࣸجِ ڢَاءِدَا,غَسَاتَايِ مࣸوطِي زَامَࢽِي بَيَّࢽَاࢽَسَ ؞  إِتَمَاکَرَامَ ثٜيٰ کࣸذࣸوکࣸجِ ڢَاءِدَا,0.036585365853658534,0.3
Infiraji_11.pdf_page_11_line_015,مَغَࢽَاثٜى بَاأبَرْمࣸسࣸوبَا,مَغَࢽَاثٜى بَاأَبَرْمࣸسࣸوبَا,0.037037037037037035,0.5
Infiraji_12.pdf_page_15_line_013,تَارࣸوَࢽَّࢽْ ࢽَادَمࣸوࢽِي    دࣸࢽْ أَبِࢽْ يَارَاذَࢽَاࢽِي,تَارࣸوَࢽَّࢽْ ࢽَادَمࣸوࢽِي  دࣸࢽْ أَبِࢽْ يَارَاذَࢽَاࢽِي,0.037037037037037035,0.0
Infiraji_10.pdf_page_11_line_012,تࣸوکࣸࢽْجِ حَالَايَࢽْ مِّيَاغࣸࢽْ مَّاتَا   سࣸوشَابَکَيْࢽٜيٰ بَاسࣸ دَاطِࢽْ أَوْرٜيٰ,تࣸوکࣸࢽْجِ حَالَايَࢽْ مِّيَاغࣸࢽْ مَّاتَا   سࣸوشَابَکࣸيْٜيٰٜ بَاسࣸ دَاطِࢽْ أَوْرٜيٰ,0.037037037037037035,0.125
ELIT_WAN_00130_005r_line_006,ڢنسٝل الله ربى حسࢽ خاتمة ؞ بلا متحاࢽ لنا ڢى موفڢ الوجل,ڢنسٝل الله ريى حس خاتمة ؞ بلا متحاࢽ لنا ڢى موفڢ الوجل,0.037037037037037035,0.16666666666666666
Infiraji_12.pdf_page_8_line_010,رَࢽْدَࢽَاڧࣸودَاتَکَامَا    رَࢽْ أࣸوَامࣸتࣸوَايَکࣸواْمَا,رَࢽْدَࢽَاڧࣸودَاتَکَامَا  رَࢽْ أࣸوَامࣸتࣸوَايَکࣸواْمَا,0.037037037037037035,0.0
Infiraji_4.pdf_page_48_line_015,سَيْوࣸ تࣸوبَ سࣸࢽَادَاعَيْبِ  سࣸوجِ کࣸࢽْيَارَࢽْ حِسَابَ,سَيْسࣸ تࣸوبَ سࣸࢽَادَاعَيْبِ  سࣸوجِ کࣸࢽْيَارَࢽْ حِسَابِ,0.037037037037037035,0.3333333333333333
Infiraji_4.pdf_page_10_line_012,کَاڢِرَيْ سࣸࢽْ دࣸوشِ طَاکِ  هَلَّکَا أَبَڧِࢽْ تَڢَرْکِ,کَاڢِرَيْ سࣸࢽْ دࣸوشِ طَاکِ  حَلَّکَاأَبَڧِࢽْ تَڢَرْکِ,0.037037037037037035,0.2857142857142857
Infiraji_5.pdf_page_7_line_011,وَࢽَدَيَايِي هَࢽِي سࣸڢَاسَ   وَࢽْدَيَاڧِمَ شࣸوغَبَࢽْسَ,وَࢽْدَيَايِي هَࢽِي سࣸڢَاسَ  وَࢽْدَيَاڧِمَ شࣸوغَبَࢽْسَ,0.037037037037037035,0.2
Infiraji_7.pdf_page_6_line_015,شِکࣸوبَاذَيْيِ تَمْبَيَابَا,شِيکࣸوبَاذَيْيِ تَمْبَيَابَا,0.037037037037037035,0.5
Infiraji_5.pdf_page_1_line_001,وَاڧَرْ إِࢽڢِرَاجِ تَبِيَرْ,وَاڧَرْ إِࢽْڢِرَاجِ تَبِيَرْ,0.037037037037037035,0.3333333333333333
Infiraji_6.pdf_page_11_line_001,تࣸوْاْکَࢽَاتَاشِ دَکَايَا   غَاشِ مَاأَࢽْبَرْکَ بَايَا,تࣸوْاْکَࢽَاتَاشِ دَکَايَا  غَاشِ مَاأࢽْبَرْکَ بَايَا,0.037037037037037035,0.2
Warning_Gargaɗi_Infiraji_2.pdf_page_3_line_010,کَتࣸࢽَابَاذَامࣸ دَوَّمَابَا,کَتࣸࢽَابَاذَاامࣸ دَوَّمَابَا,0.037037037037037035,0.5
Infiraji_5.pdf_page_9_line_002,غࣸࢽْ ذمَࢽْکَ إِدَࢽْ کَهَࢽْغِ  ࢳَرْشِرِيرِيتَادَوَرْغِي,غࣸࢽْ ذَمَࢽْکَاإِدَࢽْ کَهَࢽْغِ  ࢳَرْشِرِيرِيتَادَوَرْغِي,0.037037037037037035,0.4
Infiraji_3.pdf_page_9_line_010,مَالَمِࢽْمࣸ شِکَࢽْيِ تَاطِ   أَࢽْغَ لَکَّڢَࢽِي دَشࣸوطِ,مَالَمِࢽْمࣸ شِکَࢽْيِ تَاطِ  أَࢽْغَ لِکَّڢَࢽِي دَشࣸوطِ,0.037037037037037035,0.16666666666666666
Infiraji_8.pdf_page_5_line_005,مࣸ کࣸواْ أَدَرٜيٰ کࣸتَاشٜيٰمࣸ دࣸࢽْ مࣸبِطࣸواْ بِسَاشٜيٰ,مࣸ کࣸواْأَدَرٜيٰ کࣸتَاشٜيٰمࣸ دࣸࢽْ مࣸبِطࣸواْبِسَاشٜيٰ,0.037037037037037035,0.5714285714285714
Infiraji_12.pdf_page_8_line_015,إࢽْبَاتَاذࣸوْدَغَرْدَمَابَا,إِࢽْبَاتَاذࣸوْدَغَرْدَمَابَا,0.037037037037037035,1.0
Infiraji_8.pdf_page_6_line_001,کࣸࢽْ غَادَامَࢽَ غࣸوࢽَکِࢽْکࣸ   سࣸوڢَࢽٜيٰ حَجِّ غَرٜيٰکࣸ,کࣸࢽْ غَادَامَࢽَ غࣸوࢽَکِࢽْکࣸ سࣸوڢَࢽٜيٰ حَجِّ غَرٜيٰکࣸ,0.037037037037037035,0.0
Infiraji_3.pdf_page_8_line_006,سَيْ إِࢽْبَاذَاتَسَامࣸوابَا,سَيْ إِࢽْبَاذَاتَسَامࣸوَابَا,0.037037037037037035,0.5
Warning_Gargaɗi_Infiraji_2.pdf_page_4_line_012,کَتࣸࢽَابَاذَاسࣸ دَاوَيࣸوبَا,کَتࣸࢽَابَاذَاسࣸ دَاوَبࣸوبَا,0.037037037037037035,0.5
Infiraji_7.pdf_page_14_line_011,لَارَبَاوَامَاسࣸ عِڢَّهْ سࣸࢽْ وࣸثٜيٰ واکٜيٰ دَڧࣸواْڢَا,لَارَبَاوَامَاسࣸ عِڢَّهْ  سࣸࢽْ وࣸثٜيٰ وَاکٜيٰ دَڧࣸواْڢَا,0.037037037037037035,0.16666666666666666
Infiraji_5.pdf_page_5_line_008,دَڢَرَاغَ بَادَتَوْيࣸوَابَا,دَڢَرَاغَ بَادَتَويࣸوَابَا,0.037037037037037035,0.5
Infiraji_11.pdf_page_4_line_002,أَࢽْبَتࣸواْࢽَسَ يَاغَبَاتَ    ثَࢽْ غَأَتَّوْرَاکࣸهࣸوتَ,أَࢽْبَتࣸواْࢽَسَ يَاغَبَاتَ  ثَࢽْ غَأَتَّوْرَاکࣸهࣸوتَ,0.037037037037037035,0.0
Infiraji_4.pdf_page_1_line_001,وَاڧَرْ إِࢽْڢِرَاجِ  تَتَرَ,وَاڧَرْ إِࢽْڢِرَاجِ تَتَرَ,0.037037037037037035,0.0
Infiraji_4.pdf_page_31_line_011,کارࣸوَيْ دَغِيَادَتَابَا   ذَاسࣸ جَامَسࣸ شَࢽْ عَذَابَا,کَارࣸوَيْ دَغِيَادَتَابَا  ذَاسࣸ جَامَسࣸ شَࢽْ عَذَابَا,0.037037037037037035,0.16666666666666666
Infiraji_6.pdf_page_13_line_002,ثَࢽْ أَرَاࢽَرْ ࢽَࢽْ تَتَاشِ  بَاتَ لَامࣸࢽْثٜيٰمَ سَاشِ,ثَࢽْ أَرَاࢽَرْࢽَࢽْ تَتَاشِ  بَاتَ لَامࣸࢽْثٜىٰمَ سَاشِ,0.037037037037037035,0.42857142857142855
A_Poem_on_Friends_and_Relations_Waƙar_Ƴan_Uwa.pdf_page_6_line_007,مَيْأرْزِڧِي إِࢽْيَابِ ذَيْدَطَاأَرْزِڧِي  اَلْمَاجِرِي إِࢽْيابِ ذَيْدَطَڧَارࣸوَا,مَيْأَرْزِڧِي إِࢽْيَابِ ذَيْدَطَاأَࢽْزِڧِي  اَلْمَاجِرِي إِࢽْيَابِ ذَيْدَطَڧَارࣸوَا,0.037037037037037035,0.5
Infiraji_8.pdf_page_16_line_003,بَاحَࢽْيَاثٜيٰ تَغاڢَرَابَا,بَاحَࢽْيَاثٜيٰ تَغَاڢَرَابَا,0.037037037037037035,0.5
Warning_Gargaɗi_Infiraji_2.pdf_page_5_line_009,بَاذَي دَرَجَاأَلَاخِرَابَا,بَاذَيْ دَرَجَاأَلَاخِرَابَا,0.037037037037037035,0.5
Nana_Asmāʾu_The_Absolute_Truth_1_Nana_Asmāʾu_Tabbat_Haqiqan_1.pdf_page_5_line_010,إِࢽْڢَ کَاذࣸوٜࣸرِࢽْ جِهَادِي جِذَࢽْثٜيٰ  يࣸوجِهَادِي غَجَلَّ دࣸࢽْ کَرْکَمَࢽْثٜيٰ,إِࢽْڢَ کَاذࣸووࣸرِࢽْ جِهَادِي جِذَࢽْثٜيٰ  يࣸوجِهَادِ غَجَلَّ دࣸࢽْ کَرْ کَمَࢽْثٜيٰ,0.0375,0.5
Infiraji_4.pdf_page_23_line_014,غَاڧِشِي حَرْبَامࣸ سَامࣸ  کࣸواْرࣸوابَتَڢࣸواْ يَغَࢽْمࣸ,غَاڧِشِي حَرْبَامࣸ سَامࣸ  کࣸوْاْرࣸوَابَتَڢࣸواْ يَغَࢽْمࣸ,0.03773584905660377,0.2
Infiraji_7.pdf_page_15_line_014,يَارَڧٜيٰࢽِ رِڧࣸواْࢽَظِيڢِ هَرْيَذَمْ ࢽَاڢَارَ ڧَرْڢِ,يَارَڧٜيٰࢽِ رِڧࣸواْࢽَظِيڢِ  هَرْيَذَمْ ࢽَاڢَارَڧَرْڢِ,0.03773584905660377,0.4
ELIT_WAN_00130_018v_line_010,ڢذاک يکڢى ولکࢽ مࢽ يطيڡ له ؞ حتى يجانب سوءالفول والعمل,ڢذاک يکڢى ولکࢽ مࢽ يطيڡ له ؞ حتى يجحانب سوءالفول والعل,0.03773584905660377,0.18181818181818182
ELIT_WAN_00130_009r_line_006,ڢالخيروالشر خلڡ اࢽ بذاک ڢض ڢليس للخلڡ ڢى المفض يࢽ حيل,ڢالخير والشر خلڡ اࢽ بذاک فض ڢليس للخلڡ ڢى المفض يࢽ حيل,0.03773584905660377,0.2727272727272727
Infiraji_8.pdf_page_13_line_008,ذࣸوثِيَاتَسࣸ بَاحَࢽَاࢽَا   ڧِيدَسࣸواْرَࢽَّࢽْ سࣸڧࣸوࢽَا,ذࣸوثِيَاتَسࣸ بَاحَࢽَاࢽَا  ڧِيدَسࣸواْرَࢽَࢽْ سࣸڧࣸوࢽَا,0.03773584905660377,0.25
Infiraji_7.pdf_page_2_line_006,دࣸک مَسࣸورَحْمَاشِتَارࣸواْ هَࢽْکَلِي بَبَّادَيَارࣸواْ,دࣸکْ مَسࣸورَحْمَاشِتَارࣸواْ  هَࢽْکَلِي بَبَّادَيَارࣸواْ,0.03773584905660377,0.25
Infiraji_4.pdf_page_26_line_011,بَابࣸ ڟࣸواڢࣸو بَاسَمَارِ  دࣸکْ ثِکِࢽْ وࣸتَ بَاکࣸزَارِ,بَابࣸ ڟࣸواْڢࣸوبَاسَمَارِ  دࣸکْ ثِکِࢽْ وࣸتَ بَاکࣸزَارِ,0.03773584905660377,0.2857142857142857
ELIT_WAN_00130_006r_line_006,بل انه باختيارمنه اوجدها ؞ فدزل مو جبحا بالعفل والجدل,بل انه باختيارمنه اوجدها ؞ فدزل موجبما بالعفل والجدل,0.03773584905660377,0.2
Infiraji_4.pdf_page_25_line_005,سَيْ رَسࣸولࣸ يَتَمْبَيٜيٰشِ   يَوْدَذَاتِ بَاشِ تَاشِ,سَىْ رَسࣸولࣸ يَتَمْبَيٜيٰشِ  يَوْدَذَاتِ بَاشِ تَاشِ,0.03773584905660377,0.16666666666666666
Infiraji_4.pdf_page_24_line_011,غَاوࣸتَاࢽَاذَاکࣸطَاحَرْ   بَاعَ تَاطِࢽْ لَاڢِيَا حَرْ,غَاوࣸتَاࢽَاذَاکࣸطَاحَرْ  بَاعَ تَاطِࢽْ لَاڢِيَاحَرْ,0.03773584905660377,0.4
Infiraji_8.pdf_page_20_line_008,بَاغَرٜيٰکَبَاحَرْأࣸبَࢽْکَ  مٜيٰ يَسَاکࣸواْذࣸوثِيَرْک,بَاغَرٜيٰکَبَاحَرْأࣸبَࢽْکَ مٜيٰ يَسَاکࣸواْذࣸوثِيَرْکَ,0.03773584905660377,0.3333333333333333
Infiraji_4.pdf_page_40_line_011,مَاسࣸ ثَاثَادَمَاسࣸ لࣸوطࣸ    ذَاعَ ڢَارَبࣸغࣸوسࣸڢَاطَا,مَاسࣸ ثَاثَادَمَاسࣸ لࣸوطࣸ  ذَاعَ ڢَارَبࣸغࣸوسࣸڢَاطَا,0.03773584905660377,0.0
ELIT_WAN_00130_012r_line_008,وعصة الله لاتعزى لغير هم ؞ لو نال غية کل الخير لم يصل,وعصة الله لاتعزى لغير هم ؞ لونال غاية کل الخير لم يصل,0.03773584905660377,0.23076923076923078
Infiraji_4.pdf_page_23_line_002,بَبَّکَ تَمْکَرْدَيَايِي   ࢽَࢽْڢَ سَيْ کࣸوکَادَکࣸويِي,بَبَّکَاتَمْکَرْدَيَايِي  ࢽَࢽْڢَ سَيْ کࣸوکَادَکࣸويِي,0.03773584905660377,0.4
Infiraji_4.pdf_page_33_line_006,لَاخِرَاࢽَسَ حَرْشِسَامِ  کَيْغَ ذَاݒَݒّٜيٰࢽْ مࣸڧَامِ,لَاخِرَاࢽَسَ حَرْشِسَامِ  کَيْغَ ذَاݒَبّٜيٰࢽ مࣸڧَامِ,0.03773584905660377,0.2
Infiraji_12.pdf_page_6_line_007,يَامَسࣸواْشِتَغَرْدَطَاکِ    ذَيْغَ تَارَڧَسَادَحَکِّ,يَامَسࣸواْشِتَغَرْدَطَاکِ  ذَيْغَ تَارَڧَسَادَحَکِّ,0.03773584905660377,0.0
Infiraji_10.pdf_page_12_line_004,أَوْرٜيٰ کࣸتَبَّتَ بَاأَبِࢽْ وَاسَابَا    مَاتَاکࣸبَرْوَاسَادَغِرْمَࢽْ أَوْرٜيٰ,أَوْرٜيٰ کࣸتَبَّتَ بَاأبِࢽْ وَاسَابَا  مَاتَاکࣸبَرْوَاسَادَغِرْمَࢽْ أَوْرٜيٰ,0.0379746835443038,0.16666666666666666
Infiraji_10.pdf_page_11_line_014,غَاڧࣸوڧَرِي غَاحَࢽْڧࣸرِي غَاحَࢽْکَلِي   کࣸمَ غَابِيَيَّاغࣸࢽْ مَذَاجَࢽْ أَوْرٜيٰ,غَاڧࣸوڧِرِي غَاحَࢽْڧࣸرِي غَاحَࢽْکَلِي  کࣸمَ غَابِيَيَّاغࣸࢽْ مَذَاجَرْ أَوْرٜيٰ,0.0379746835443038,0.2857142857142857
The_Human_Being_Is_an_Incurable_Disease_Mutum_Cuta_Ne_Marar_Magani.pdf_page_3_line_003,جَمَعَ کࣸسَوْرَارٜيࢽِ غَوَتَ تَࢽْبَيَ  شِࢽْوَا يَغَاࢽٜي مِࢽْ حَلِࢽْسࣸ مࣸتَاࢽٜيٰ,جَمَعَ کࣸسَوْرَارٜيٰࢽ غَوَتَ تَࢽْبَيَ  شِࢽْوَا يَغَاࢽٜيٰ مِࢽْ حَلِࢽْسࣸ مࣸتَاࢽٜيٰ,0.0379746835443038,0.2222222222222222
Infiraji_8.pdf_page_1_line_001,وَاڧَرْإِࢽْڢِرَاجِ تَبَکࣸي,وَاڧَرْ إِࢽْڢِرَاجِ تَبَکࣸي,0.038461538461538464,1.0
Infiraji_3.pdf_page_17_line_013,تَاڟَرٜيٰ أَزࣸمِي دَصَلَّا    غَسْکِيابَاتَاکَسَالَا,تَاڟَرٜيٰ أَزࣸمِي دَصَلَّا   غَسْکِيَابَاتَاکَسَالَا,0.038461538461538464,0.25
Nana_Asmāʾu_The_Absolute_Truth_1_Nana_Asmāʾu_Tabbat_Haqiqan_1.pdf_page_5_line_014,وَࢽْسࣸ ࢽَاࢽَࢽْ سࣸࢽَاتَيِي ࢽَيْ ثِلِمّࣸ    مَاسࣸ ڧࣸوٰثٜيٰمَ وَࢽْدَيَڢَّارَکَامࣸ,وَࢽْسࣸ ࢽَاࢽَࢽْ سࣸࢽَاتَيِي ࢽَيْ ثِکِمّࣸ   مَاسࣸ ڧࣸوثٜيٰمَ وَࢽْدَيَڢَّارَکَامࣸ,0.038461538461538464,0.25
Infiraji_3.pdf_page_14_line_002,أَࢽْکَ رَايَابِرْبِشِࢽْت     دَاشِࢽَاهࣸومَرْسَرَوْتَ,أَࢽْکَ رَايَابِرْبِشِࢽْتَ   دَاشِࢽَاهࣸومَرْسَرَوْتَ,0.038461538461538464,0.3333333333333333
Infiraji_11.pdf_page_8_line_002,دࣸوࢽِيَاهَرْمَامَهࣸوتَا    رَࢽْدَڟَيْوَاتَاڟَࢽَࢽْتَا,دࣸوࢽِيَاهَرْمَامَهࣸوتَا  رَࢽْدَڟَيْوَاتَاڟَࢽَࢽْتَا,0.038461538461538464,0.0
Infiraji_7.pdf_page_4_line_001,تَتَّلِࢽْکَ أَدࣸࢽْ زࣸبࣸوࢽِي کࣸوْدَرَاکَهَوَدَّهࣸوࢽِي,تَتَّلِࢽْکَ أَدࣸࢽْ زࣸبࣸوࢽِيْ کࣸوْدَرَاکَمَوَدَّهࣸوࢽِي,0.038461538461538464,0.5
Infiraji_8.pdf_page_12_line_008,غَاجَهَࢽَّمَ ࢽَࢽْ أَڢَارِ   کࣸرْکࣸکࣸࢽٜيٰ مَيْڧَذَارِ,غَاجَهَࢽَّمَ ࢽَࢽْ أَڢَارِ کࣸرْکࣸکࣸࢽٜيٰ مَيْڧَذَارِ,0.038461538461538464,0.0
Infiraji_8.pdf_page_7_line_002,بَابࣸ کَورِي بَابࣸ ڢَاطِ  ࢽَاجِ تࣸواْذَايٜࢽْ صَرَاطِ,بَابࣸ کَوْرِي بَابࣸ ڢَاطِ  ࢽَاجِ تࣸواْذَايٜࢽْ صِرَاطِ,0.038461538461538464,0.2857142857142857
Infiraji_6.pdf_page_19_line_011,دࣸکْ يَکَيْسࣸ يَࢽَاتَ شِيشࣸ    دَسࣸووࣸتَ مَاسࣸ غِشّࣸ,دࣸکْ يَکَيْسࣸ يَࢽَاتَ شِيشࣸ   دَسࣸووࣸتَ مَاسࣸ غِشِّ,0.038461538461538464,0.14285714285714285
ELIT_WAN_00130_010r_line_007,اماالحى وڡ ڢکالاصوات محدثت ؞ لوحلها فدم دامت ولم تحل,اماالحى وڡ ڢکالاصوات محدته ؞ لوحلها فدم دامت ولم تحل,0.038461538461538464,0.1
ELIT_WAN_00130_014r_line_003,واعلم باࢽ رسول الله اخي نا ؞ عࢽ الغيوب بحڡ غير مڢتعل,واعلم باࢽ رسول الله اخير نا ؞ عࢽ الغيوب بحڡ غيرمڢتعل,0.038461538461538464,0.25
Infiraji_4.pdf_page_42_line_013,بَسࣸ شَادَاطِ ألَاخِرَابَا,بَسࣸ شَادَاطِ أَلَاخِرَابَا,0.038461538461538464,0.3333333333333333
Nana_Asmāʾu_The_Absolute_Truth_1_Nana_Asmāʾu_Tabbat_Haqiqan_1.pdf_page_10_line_005,دࣸࢽْسࣸ اَللَّهࣸ يَڢَّ بَايࣸوهࣸدَاتِي  دࣸکْ مࣸغࣸودٜيٰ عࣸبَࢽْغِجِ مࣸيِ صَلاَتِي,دࣸࢽْسࣸ اَللَّهࣸ يَڢَّ بَايࣸوهࣸدَاتِي  دَکْ مࣸغࣸودٜيٰ عࣸبَࢽْغِجِ مࣸي صَلاتِي,0.03896103896103896,0.3333333333333333
Nana_Asmāʾu_The_Absolute_Truth_1_Nana_Asmāʾu_Tabbat_Haqiqan_1.pdf_page_10_line_002,تَالِکِي دࣸکْ غَرٜيٰسِ يَسَّامِ حِرْذِي   ࢽَايِوَاڧَغَّ ࢽَاثِکَاأيْڢَ رَمْزِي,تَالِکِي دࣸکْ غَرٜيٰشِ يَسَّامِ حِرْذِي    ࢽَايِوَاڧَغَّ ࢽَاثِکَاأَيْڢَ رَمْزِي,0.03896103896103896,0.25
Infiraji_9.pdf_page_12_line_001,غࣸلْبِي دَتَڢکِي مَاسࣸواْيَوَࢽْ رࣸوَا  أّجٜيٰ غََرٜيٰسࣸوأَعِسْکٜيٰ سࣸࢽْڧَڢٜيٰ,غࣸلْبِي دَتَڢْکِي مَاسࣸواْيَوَࢽْ رࣸوَا  أَجٜيٰ غَرٜيٰسࣸوأَعِسْکٜيٰ سࣸࢽْڧَڢٜيٰ,0.03896103896103896,0.42857142857142855
Nana_Asmāʾu_Admonition_Nana_Asmāʾu_Waazi.pdf_page_1_line_010,دࣸوࢽْ ڢَتࣸوبَا کَبَادَڟَرْکِي غَبَاوَا   دَغَّ ذࣸࢽࣸبِي شِڟِيرَ غَشِغَاجَحِيمِ,دࣸو ڢَتࣸوبَاکَبَادَڟَرْکِي غَبَاوَا   دَغَّ ذࣸࢽࣸبِي شِڟِيرَ غَشِغَاجَحِيمِ,0.03896103896103896,0.375
Nana_Asmāʾu_The_Absolute_Truth_1_Nana_Asmāʾu_Tabbat_Haqiqan_1.pdf_page_5_line_013,لࣸوکَثِࢽَّࢽْ ࢽَثِࢽْغَرِي بَاطَ ظࣸلْمࣸ   بَابࣸ کٜيٰوࣸوحَڧِيڧَةََ ࢽَࢽْ غَرٜيٰمࣸ,لࣸوکَثِࢽَّࢽْ ࢽَثِࢽْغَرِي بَاطَ ظࣸلْمࣸ  بَابࣸ کٜيٰوࣸوحَڧِيڧَةَ ࢽَࢽْ غَرٜيمࣸ,0.03896103896103896,0.25
ELIT_WAN_00130_012v_line_003,والمعجزات سوى الفرءاࢽ ليس لها ؞ حدڢيحص هانظم لمحتڢل,والمعحزات سوى الفرءاࢽ ليس لها ؞ حدڢيحص هانظم لمحتڢلل,0.0392156862745098,0.2222222222222222
Infiraji_8.pdf_page_28_line_005,سَىْ رَسࣸولࣸ يَتَمْبَيٰٜشِ   يَوْدَذَتِ بَاشِ تَاشِ,سَىْ رَسࣸولࣸ يَتَمْبَيٰٜشِ  يَوْدَذَاتِ بَاشِ تَاشِ,0.0392156862745098,0.16666666666666666
Infiraji_7.pdf_page_6_line_010,شِي ڧَࢽِࢽْ جَاکِ دَدࣸکِ ࢽٜيٰ ذࣸوَاغࣸوࢽْکِ دَکَࢽْکِي,شِي ڧَࢽِࢽْ جَاکِ دَدࣸوکِ ثٜيٰ ذࣸوَاغࣸوࢽْکِ دَکَࢽْکِي,0.0392156862745098,0.2857142857142857
Infiraji_8.pdf_page_6_line_007,دَامࣸࢽَاڢَامَادَکࣸوࢽٜيٰ   کࣸيْ کَرَاتࣸووَاوࣸتَاࢽٜيٰ,دَامࣸࢽَاڢَامَادَکࣸوࢽٜيٰ کࣸيْ کَرَاتࣸووَاوࣸتَاࢽٜيٰ,0.0392156862745098,0.0
ELIT_WAN_00130_017v_line_004,ڢنسٔل الله عوناڢهوملجانا ؞ على نڢوس فست للخيرلم تنل,ڢنسٔل الله عونا ڢهوملجانا ؞ على نڢوس فست للخي لم تنل,0.0392156862745098,0.4444444444444444
A_Person_with_a_Livelihood_Will_Never_Be_Destitute_Mai_Sanaa_Ba_Ya_Tsiya.pdf_page_3_line_018,شِي مَيْسَمَّکࣸوْࢽْ ڢِتَرْکَاسࣸوَاࢽٜي  بَايَاجٜي بَࢽٜي ڢَدَࢽْ يَيِّي صَࢽَاعَ,شِي مَيْسَمَّکࣸوࢽْ ڢِتَرْکَاسࣸوَاࢽٜيٰ  بَايَاجٜي بَࢽٜي ڢَدَࢽْ يَيِّي صَࢽَاءَ,0.039473684210526314,0.375
A_Person_with_a_Livelihood_Will_Never_Be_Destitute_Mai_Sanaa_Ba_Ya_Tsiya.pdf_page_4_line_014,دࣸومَيْسَࢽْ سࣸکࣸو عَشٜي وَاجِبِيࢽٜي  يَايِي کࣸويِي دَسࣸومࣸتِࢽْ يَيِي صَࢽَاعَ,دࣸومَيْسَࢽْ سࣸکࣸوعَشٜي وَاجِبِيࢽٜي يَيِي کࣸويِي دَسࣸومࣸتِࢽْ يَيِي صَࢽَاعَ,0.039473684210526314,0.3333333333333333
Nana_Asmāʾu_The_Absolute_Truth_1_Nana_Asmāʾu_Tabbat_Haqiqan_1.pdf_page_3_line_014,کَامَ حَࢽْيَاذࣸوَاغَرَيْ کَدَکَرَابَا    وࢽْدَاَلڧَاضِ يَکِّرَا يَڧِّکَرْبَا,کَامَ حَࢽْيَاذࣸوَاغَرَيْ کَدَکَرَابَا   وَࢽْدَاَلْڧَاضِ يَکِّرَا يَڧِّکَرْبَا,0.039473684210526314,0.16666666666666666
ELIT_WAN_00130_002r_line_004,والله اسنل ت نڢع الجميع به ؞ اذلايضيع ڢضلاکل ذ>امل,والله اسنل ت نڢع الجيع به ؞ اذلا يضيع ڢضلاکل ذ>امل,0.04,0.25
ELIT_WAN_00130_007r_line_003,عليه اذليس ذاجسم ولا عࢽ ض ؞ اࢽ المجسم ذوجهل وذوخطل,عليه اذليس ذاجسم ولاعر ض ؞ اࢽ المجسم ذوجهل وذوخطل,0.04,0.18181818181818182
Infiraji_8.pdf_page_1_line_006,اَلْحَاجِ مَالَمْ عَلِيّࣸ,اَلْحَاجِ مَالَعْ عَلِيّࣸ,0.04,0.3333333333333333
The_Human_Being_Is_an_Incurable_Disease_Mutum_Cuta_Ne_Marar_Magani.pdf_page_2_line_007,اࢽي تحيرت ڢي امري وامرهم  شبه الࢽعامة لاطير ولاجمل,اࢽي تحيرت ڢي امري وامرهم شبه الࢽعامة لاطيرولاجمل,0.04,0.2222222222222222
Infiraji_5.pdf_page_19_line_001,وَايَکٜىٰ ڧَارَاࢽَسَامࣸ   کَاغَ يَاکࣸوْامَاهࣸمࣸومࣸ,وَايَکٜيٰ ڧَارَاࢽَسَامࣸ  کَاغَ يَاکࣸوْامَاهࣸمࣸومࣸ,0.04,0.25
Knowledge_to_Follow_God_Gandal_Fii_Rewugol_Alla.pdf_page_4_line_014,عٜسَلْمِنَاڡࣽ وَالسَّلاَمࣸ عٜسَلْمِنْدٜوَسࣸنَنࣸهَا,عٜسَلْمِنَاڡࣸ وَالسَّلاَمࣸ عٜسَلْمِنْدٜوَسࣸنَنّࣸهَا,0.04,0.6666666666666666
Knowledge_to_Follow_God_Gandal_Fii_Rewugol_Alla.pdf_page_6_line_006,عِوࣸسْبَادٜوَالاِسْتِنسَاڡࣸ عٜسࣽرْکِنَادٜوَفِيَامࣸ,عِوࣸسْبَادٜوَالاِسْتِسَاڡࣸ عٜسࣸرْکِنَادٜوَفِيَامࣸ,0.04,1.0
Infiraji_8.pdf_page_17_line_001,سࣸࢽْکِرَايَاخَازࣸࢽࣸوࢽَ  سَيْکَ بَامࣸ رࣸوَاکَطَيْࢽَ,سࣸࢽْکِرَايَاڧَازَࢽࣸوࢽَ  سَيْکَ بَامࣸ رࣸوَاکَطَيْࢽَ,0.04,0.25
Infiraji_3.pdf_page_1_line_001,وَاڧَرْ إࢽْڢِرَاجِ تَعࣸکࣸ,وَاڧَرْإࢽْڢِرَاجِ تَعࣸکࣸ,0.04,0.6666666666666666
A_Person_with_a_Livelihood_Will_Never_Be_Destitute_Mai_Sanaa_Ba_Ya_Tsiya.pdf_page_1_line_002,مَيْ صَࢽَاعَ بَايَا ڟِيَا,مَيْ صَࢽَاعَ بَايَاڟِيَا,0.04,0.5
Nana_Asmāʾu_The_Absolute_Truth_1_Nana_Asmāʾu_Tabbat_Haqiqan_1.pdf_page_3_line_001,مَاسࣸ إيکࣸو سࣸمَيْدَ هِمَّاسࣸغَرْتَا   کࣸࢽْجِ يَامَاسࣸ جِ دَطَاکَدَکࣸبَاتَا,مَاسࣸ إيکࣸوسࣸمَيْدَهِمَّاسࣸغَرْتَا  کࣸࢽْجِ يَامَاسࣸ جِ دَطَاکَدَکࣸبَاتَا,0.04,0.375
The_Human_Being_Is_an_Incurable_Disease_Mutum_Cuta_Ne_Marar_Magani.pdf_page_1_line_004,اࢽ کࢽت مࢽبسطاسموک مسحرة  أوکࢽت مࢽڧبضاڧالواله الثڧل,إࢽ کࢽت مࢽبسطاسموک ملحرة  أوکࢽت مࢽڧبضاڧالواله الثڧل,0.04,0.2857142857142857
A_Person_with_a_Livelihood_Will_Never_Be_Destitute_Mai_Sanaa_Ba_Ya_Tsiya.pdf_page_6_line_006,إِدَࢽْ سࣸکَذࣸوسࣸࢽَابَرَاکَرْعَبَاسࣸ    بَعَاتَيْمَکࣸوࢽْ مَرَرْکٜࢽْ طَبِى عَ,إِدَࢽْ سࣸکْذࣸوسࣸࢽَابَرَاکَرْعَبَاسࣸ   بَعَاتَيْمَکࣸوࢽْ مَرَرْکَࢽْ طَبِى عَ,0.04,0.3333333333333333
Nana_Asmāʾu_The_Absolute_Truth_1_Nana_Asmāʾu_Tabbat_Haqiqan_1.pdf_page_6_line_008,بَابࣸ کٰٜوࣸوڢَ دࣸدَّکٰٜوتَادَذࣸوبٜلْي  حَکَࢽَامَاسࣸ ثِࢽْ أَمَاࢽَاغَغࣸوبٜيٰ,بَابࣸ کٜيٰوࣸوڢَ دࣸدَّکٜيٰوتَادَذࣸوبٜلْي   حَکَࢽَامَاسࣸ ثِࢽْ أَمَاࢽَاغَغࣸوبٜيٰ,0.04054054054054054,0.3333333333333333
Nana_Asmāʾu_Admonition_Nana_Asmāʾu_Waazi.pdf_page_1_line_004,وَاحِدࣸࣸشِيکَطَيْ شِيکٜي شِدَّإيکࣸو   بَابࣸ ڢَرْکࣸو غَوَࢽْدَيَڢَّارَ کࣸومِ,وَاحِدࣸشِيکَطَيْ شِيکٜي شِدَّإيکࣸو   بَابࣸ ڢَرْکࣸوغَوَࢽْدَيَڢَّارَکࣸومِ,0.04054054054054054,0.5714285714285714
Infiraji_9.pdf_page_6_line_006,مَاتَاأَطٜيبٜيٰ  کࣸࢽْيَادَبِࢽْ مࣸجِي   أَبَرْسࣸووَاڟٜيٰ عَطَاکِࢽْ دࣸوࢽِيَا,مَاتَاأَطٜيٰٜيٰ کࣸࢽْيَادَبِࢽْ مࣸجِي  أَبَرْسࣸووَاڟٜيٰ عَطَاکِࢽْ دࣸوࢽِيَا,0.04054054054054054,0.16666666666666666
Infiraji_8.pdf_page_17_line_002,تَيْمَکٜيمࣸ وࣸتّادَڧࣸوࢽَ  غَابࣸغࣸودَبَڧَرْمَهَاࢽَ,تَيْمَکٜيٰمࣸ وࣸتَادَڧࣸوࢽَ  غَابࣸغࣸودَبَڧَرْمَهَاࢽَ,0.04081632653061224,0.6666666666666666
Knowledge_to_Follow_God_Gandal_Fii_Rewugol_Alla.pdf_page_10_line_009,کࣽجَکَّ وَالْخَامِسࣸ جࣽوَبࣽعࣽࢽْ ࡶَلْحَجّࣸ کࣽحَجّࣸ,کࣽجَکَّ وَالْحَامِسࣸ جࣽوَبࣽعࣽࢽْ ࡶَلْحَجّࣸ کࣽتَجّࣸ,0.04081632653061224,0.4
Infiraji_9.pdf_page_18_line_003,يَثٜيٰ دَمَيْزِࢽَىٰ کࣸويَاتࣸوبَا   سَيْيَيْ ࢽࣸڟࣸواْوࣸتَاݣࣸاࢽَࢽْ شٜيٰکَرَا,يَثٜيٰ دَمَيْزِࢽَيٰ کࣸويَاتࣸوبَا  سَيْيَيْ ࢽࣸڟࣸواْوࣸتَاکࣸاࢽَࢽْ شٜيٰکَرَا,0.0410958904109589,0.3333333333333333
Infiraji_9.pdf_page_16_line_008,دَمَيْ أَمْرٜيٰ مَاتَادَذَࢽٜيٰ بَݣࣸيْ   شِيکࣸوأَڟَمَايَيْ أَيْکِࢽْ کَوَيْ,دَمَيْ أَمْرٜيٰ مَاتَادَذَࢽٜيٰ بَکࣸيْ  شِيکࣸوأَڟࣸمَايَيْ أَيْکِࢽْ کَوَيْ,0.0410958904109589,0.2857142857142857
Infiraji_9.pdf_page_22_line_003,لَادَاأَکَࢽْيِي دَمَاسࣸ ڢِتࣸورࣸوَا    بَاعَابِيَࢽْسࣸو سَي أَࢽْ ڧٜيٰتَرٜيٰ,لَادَاأَکَࢽْيِي دَمَاسࣸ ڢِتࣸورࣸوَا   بَاعَابِيَࢽْسࣸوسَيْ أَࢽْ ڧٜيٰتَرٜيٰ,0.0410958904109589,0.2857142857142857
A_Person_with_a_Livelihood_Will_Never_Be_Destitute_Mai_Sanaa_Ba_Ya_Tsiya.pdf_page_5_line_002,حَرْاَبَدَاثِکِࢽْ سࣸکࣸوࢽَادَيِࢽْوَا    يࣸࢽْوَاࢽَاثِکِࢽْ مَرْيِّࢽْ صَࢽَاعَ,حَرْأَبَدَاثِکِࢽْ سࣸکࣸوࢽَادَيِࢽْوَا   يࣸࢽْوَاࢽَاثِکِࢽْ مَرَيِّࢽْ صَࢽَاعَ,0.0410958904109589,0.4
A_Person_with_a_Livelihood_Will_Never_Be_Destitute_Mai_Sanaa_Ba_Ya_Tsiya.pdf_page_4_line_005,تࣸوکَيْ مَيَّسَاکَذَوْࢽَاکَمِيڧٜي  کَکٜي رࣸوڧࣸوࢽْسࣸ بَاکَسࣸو کَيْ صَࢽَاعَ,تࣸوکَيْ مَيَّسَاکَذَوْࢽَاکَمِيڧٜي کَکٜيٰ رࣸوڧࣸوࢽْسࣸ بَاکَسࣸوکَيْ صَࢽَاعَ,0.0410958904109589,0.42857142857142855
MAF_286.pdf_page_15_line_016,کࣸبَرْسࣸࢽْ بࣸغࣸࢽْسࣸ کَسِدِࢽْ دࣸࢽْ اَللَّهࣸ يَࢽْاءࣸوَا ؞  کࣸطَوْرٜي سࣸ تࣸوکࣸࢽجِ ذَࢽْثٜي مࣸحَمَّدَا,کࣸبَرْسࣸࢽْ بࣸغࣸࢽْسࣸ کَسِدِࢽْ دࣸࢽْ اَللَّهࣸ يَࢽْاءࣸوَا ؞  کࣸطَوْرِيسࣸ تࣸوکࣸࢽْجِ ذَࢽْثٜيْ مࣸحَمَّدَا,0.041237113402061855,0.3333333333333333
Knowledge_to_Follow_God_Gandal_Fii_Rewugol_Alla.pdf_page_3_line_008,ࡼلطَّاهِرࣸعٜلٜيْدِللَبࣸدِوَالضَّرْبَةࣸࡼلاࣸوْلَىٰ,ࡼلطَّاهِرࣸعٜٜيْدِللَبࣸدِوَالضَّرْبَةࣸࡼلاࣸوْلَى,0.041666666666666664,1.0
Infiraji_10.pdf_page_8_line_006,إِࢽْ مَّثٜيٰ تَابِ مِجِࢽْتَ دَغَسْکٜيٰ   تَيْ حَڧࣸرِي تَڟَيَا طَاکِࢽْتَا,إِࢽْ مَّثٜيٰ تَابِ مِجِࢽْتَ دَغَسْکٜيٰ  تَيْ حَڧَرِي تَڟَيَاطَاکِࢽْتَا,0.041666666666666664,0.3333333333333333
Infiraji_9.pdf_page_21_line_013,مَالَمْ غَجٜيٰرٜيٰ ࢽَدَامࣸوأَلْحَجِ  غِدَࢽْسَا ࢽَاجِ يَࢽَاڧࣸوڢَرْ غَبَسْ,مَالَمْ غَجٜيٰرٜيٰ ࢽَدَامࣸوأَلْحَاجِ  غِدَࢽْسَاࢽَاجِ يَࢽَاڧࣸوڢَرْغَبَسْ,0.041666666666666664,0.7142857142857143
Knowledge_to_Follow_God_Gandal_Fii_Rewugol_Alla.pdf_page_9_line_017,کࣽوَيْدٜدِيَرْوَعَدَمࣸ ࡼلْفࣸدْرَةِعٜوَيْدٜوَوْدٜ,کࣽوَيْدٜدِيَࢽْ وَعَدَمࣸ ࡼلْفࣸدْرَةِعٜوَيْدٜوَوْدٜ,0.041666666666666664,1.0
A_Person_with_a_Livelihood_Will_Never_Be_Destitute_Mai_Sanaa_Ba_Ya_Tsiya.pdf_page_3_line_017,سَيَّيْ عَدّࣸعَ کَيَرْشِي يَطَوْکَا  کَجِ وࣸوڢِي دَبَايَاسࣸويَيْ صَࢽَاعَ,سَيَّيْ عَدّࣸعَ کَيَرْشِي يَطَوْکَا    کَجِ وࣸوڢِي دَبَابَاسࣸويَيْ صَࢽَاعَ,0.041666666666666664,0.125
Infiraji_6.pdf_page_2_line_006,اَلْحَاجِ مَالَمْ علِيّࣸ,اَلْحَاجِ مَالَمْ عَلِيّࣸ,0.041666666666666664,0.3333333333333333
Infiraji_9.pdf_page_2_line_004,وَاڧَرْڧَرْشَࢽْ ذَامَاࢽي,وَاڧَرْڧَرْشَࢽْ ذَامَاࢽِي,0.041666666666666664,0.5
Infiraji_9.pdf_page_18_line_011,کَرْکَيَرْدَادَحَࢽْࢽࣸودَمَيْزِࢽَىٰ   إِࢽْکَايِ حَࢽْࢽࣸوࢽٜيٰ غࣸوغٜيٰ ڧَسَا,کَرْکَيَرْدَادَحَࢽْࢽࣸودَمَيْزِࢽَيٰ  إِࢽْ کَايِ حَࢽْࢽࣸوࢽٜيٰ غࣸوغٜيٰ ڧَسَا,0.041666666666666664,0.6
Infiraji_5.pdf_page_2_line_007,مَالَمْ عَلِيّࣸ ࢽَمَࢽْغِ,مَالَمࣸ عَلِيّࣸ ࢽَمَࢽْغِ,0.041666666666666664,0.3333333333333333
Infiraji_8.pdf_page_2_line_006,اَلْحَاجِ مَالَمْ علِيّࣸ,اَلْحَاجِ مَالَمْ عَلِيّࣸ,0.041666666666666664,0.3333333333333333
Infiraji_5.pdf_page_1_line_007,مَالَمْ عَلِيّࣸ ࢽَمَࢽْغِ,مَالَمْ عَلِيّࣸ ࢽَمِࢽْغِ,0.041666666666666664,0.3333333333333333
Nana_Asmāʾu_The_Authentic_Path_Nana_Asmāʾu_Godaben_Gaskiya.pdf_page_7_line_005,غَتࣸو ذࣸࢽْ بَکࣸيْ ࢽَصِرَاطِ ࢽَاࢽَ مࣸࢽَاڢࣸکِيٰ   شِکٜيٰ ڢَاطࣸوَاوࣸتَ کَيْ مࣸغَسْکَࢽْتَ أَحْمَدَا,غَتࣸوذࣸࢽْ بَکࣸيْ ࢽَصِرَاطِ ࢽَاࢽَ مࣸࢽَاڢَکٜيٰ   شِکٜيٰ ڢَاطࣸوَاوࣸتَ کَيْ مࣸڧَسْکَࢽْتَ أَحْمَدَا,0.042105263157894736,0.36363636363636365
Infiraji_9.pdf_page_24_line_009,ثٜيٰ دَمَيْزِࢽَابَࢽْذَرْدࣸوࢽِيَا   إِࢽْ يَاڧِ تࣸوبَا بَࢽْذَرْ لَاخِرَىٰ,ثٜيٰ دَمَيْزِࢽَابَࢽْذَرْدࣸوࢽِيَا  إِࢽْ يَاڧِ تࣸوبَابَࢽْذَرْلَاخِرَىٰ,0.04225352112676056,0.42857142857142855
Infiraji_6.pdf_page_1_line_003,اَلࢽَّاشِرࣸ أَحْمَدࣸ اَلتِّجَاࢽِي  حَڢِظَهࣸ اَللَّهࣸ وَڢَّڧَࢽَااَللَّهࣸ,اَلࢽَّاشِرࣸأَحْمَدࣸ اَلتِّجَاࢽِي حَڢِظَهࣸ اَللَّهࣸ وَڢَّڧَࢽَااللَّهࣸ,0.04225352112676056,0.5
Infiraji_9.pdf_page_13_line_003,دࣸکَࢽْ مࣸتَاࢽٜيٰ دࣸوسࣸࢽْڧَࢽْدَرٜي  بَابࣸ مَيْعِيَاڧٜيٰتَرٜيٰ طَࢽْ تࣸدࣸو,دࣸکࣸࢽْ مࣸتَاࢽٜيٰ دࣸوسࣸࢽْغَࢽْدَرٜيٰ  بَابࣸ مَيْعِيَاڧٜيٰتَرٜيٰ طَࢽْ تࣸدࣸو,0.04225352112676056,0.2857142857142857
A_Person_with_a_Livelihood_Will_Never_Be_Destitute_Mai_Sanaa_Ba_Ya_Tsiya.pdf_page_4_line_017,إِࢽْکࣸمَابَابࣸ کَيْڢَاوَاذَا يَبَاشِي بَامَيْبَاشِ غَاشِ بَايَا صَࢽَاعَ,إِࢽْکࣸمَابَابࣸ کَيْڢَاوَاذَايَبَاشِي  بَامَيْبَاشِ غَاشِ بَايَاصَࢽَاعَ,0.04225352112676056,0.5714285714285714
Infiraji_9.pdf_page_12_line_004,مَࢽْيَࢽْ بِرَاࢽٜيٰ ذَاسࣸ سࣸوࣸوثِيِري   کࣸوࢽَڧَوْيٜيٰ مَيْذَࢽْ ثٜيٰمَکࣸو,مَࢽْيَࢽْ بِرَاࢽٜيٰ ذَاسࣸ سࣸوࣸوثِرِي  کࣸوࢽَڧَوْيٜيٰ مَيْذَࢽْ ثٜيٰمَکࣸو,0.04225352112676056,0.14285714285714285
Infiraji_9.pdf_page_8_line_013,شِيَيْمِࢽْ ذَࢽْ ثَࢽْ دࣸوࢽِيَا   إِࢽْ ذَاتَاڧَارٜٜيٰ ڢِتْࢽࣸواْ سࣸࢽْيَوَا,شِيَيْمِࢽْ ذَࢽْ ثَࢽْ دࣸوࢽِيَا  إِࢽْ ذَاتَاڧَارٜيٰ ڢٜتْࢽࣸواْ سࣸࢽْيَوَا,0.04225352112676056,0.25
Infiraji_9.pdf_page_13_line_011,ڢَرْکࣸࢽْسࣸ ظَالࣸمْثِي ࢽَسَرَاکࣸࢽَا  کَاࢽَ دَتَاکٜيٰ ڢَطَاغࣸࢽْ مَّالࣸمَا,ڢَرْکࣸࢽْسࣸوغَالࣸمْثِي ࢽَسَرَاکࣸࢽَا  کَاࢽَ دَتَاکٜيٰ ڢَطَاغࣸࢽْمَّالࣸمَا,0.04225352112676056,0.5714285714285714
A_Poem_on_the_British_Waƙar_Nasara.pdf_page_3_line_015,درࢽ متوادرࢽتاش ڧياما    ودࢽغ غتالکي ميع الࢽصارا,درࢽ متوادرࢽتاس ڧياما   ودࢽغ غتالکي ميع الࢽصارا,0.0425531914893617,0.14285714285714285
A_Poem_on_the_British_Waƙar_Nasara.pdf_page_1_line_010,بتوࢽا شيح يࢽٜيش باشتاشي   ڧسغ تࢽاذما ملکࢽ ࢽصارا,بتوࢽا شيح ࢽيش باشتاشي   ڧسغ تࢽاذما ملکࢽ ࢽصارا,0.0425531914893617,0.125
Infiraji_10.pdf_page_7_line_002,بَاتَ غِدَࢽْ إِيَابَاتَ ࢽَبَابَا   کَاجِ ࢽࣸڢِࢽْتَ تَشٜيٰٜࣻيٰ أَيَرْتَا,بَاتَ غِدَࢽْ إِيَابَاتَ ࢽَبَابَا  کَاجِ ࢽࣸڢِࢽْتَ تَشٜيٰڧّيٰ أَيَرْتَا,0.04285714285714286,0.125
Infiraji_9.pdf_page_9_line_003,جَاهِلَيْࢽٜيٰ کٜيٰ مَࢽْيَࢽْ غَرِي    أَزَامَࢽِࢽْ رِکْثٜيٰوَرْ دࣸوࢽِيَا,جَاهِلَيْࢽٜيٰ کٜيٰ مَࢽْيَࢽْ غَرِي  أَزَامَࢽِࢽْ رِکْثٜيٰوَرْدࣸوࢽِيَا,0.04285714285714286,0.2857142857142857
A_Person_with_a_Livelihood_Will_Never_Be_Destitute_Mai_Sanaa_Ba_Ya_Tsiya.pdf_page_7_line_017,صَلِّ عࣸبَࢽْ غِجِ غَشࣸو مَاغَبَࢽْمࣸ   حَرْءالَيْ صَحَابِهِ مَاسࣸ طَاعَ,صَلِّ عࣸبَࢽْ غِجِ غَشࣸومَاغَبَࢽْمࣸ   حَرْءَالَيْ صَحَابِهِ مَاسࣸ طَاءَ,0.04285714285714286,0.4444444444444444
MAF_286.pdf_page_5_line_014,يَاکَشٜي تࣸرْکَاوَاڢَ مَهْدِيّࣸ مࣸࢽْتَظَرْ ؞  دَيَرْدَࢽْ رَسࣸولَ اَللَّهِ کَاکَࢽْسَ أَحْمَدَا,يَاکَشٜيْ تࣸرْکَاوَاڢَ مَهْدِيّࣸ مࣸࢽْتَظَرْ ؞  دَيَرْدَࢽْ رَسࣸولَ اللَّهِ کَاکَࢽْسَ أَحَمَّدَا,0.043010752688172046,0.3
Knowledge_to_Follow_God_Gandal_Fii_Rewugol_Alla.pdf_page_11_line_003,ڢِى ذَاتِهِ>عٜذَاتِ مَکّࣽ وَالاَڢِى صِڢَاتِهِ>,ڢِ ذَاتِهِ>عٜذَاتِ مَکّࣽ وَالاَڢِي صِڢَاتِهِ>,0.043478260869565216,0.25
Infiraji_6.pdf_page_7_line_014,يَوْمِسَالِࢽْ وَࢽْغَ تَارࣸوْاْ    دࣸࢽْ غَࢽِࢽْ وَدَ ذَاعَ کࣸوْاْرࣸوْاْ,يَوْمِسَالِࢽْ وَࢽْغَ تَارࣸوْاْ  دࣸࢽْ غَࢽِࢽْ وَدَذَاعَ کࣸوْاْرࣸوْاْ,0.043478260869565216,0.25
Infiraji_10.pdf_page_7_line_007,کࣸوکࣸمَايَࢽْذࣸ کَبَاࢽِ تَکَرْدَا   إِࢽْ کࣸمَ کَابَࢽِ إِࢽْ کٜيٰثٜيٰتَا,کࣸوکࣸمَايَࢽْذࣸکَبَاࢽِ تَکَرْدَا  إِࢽْ کࣸمَ کَابَࢽْ إِࢽْ کٜيٰثٜيٰتَا,0.043478260869565216,0.375
Infiraji_9.pdf_page_20_line_010,مَيْڢَطَادَمࣸسࣸلْمِي يَکࣸࢽْ تࣸکࣸ    بَاغَيْسࣸوَاکࣸمَابَايَࢽْ غَاڢَرَا,مَيْڢَطَادَمࣸسࣸلْمِي يَکࣸࢽْ ࣸکࣸ  بَاغَيْسࣸوَاکࣸمَابَايَࢽْ غَاڢَرَا,0.043478260869565216,0.2
Infiraji_8.pdf_page_1_line_002,وَاڧَرْ تَاشِࢽْ ڧِيَامَ,وَاڧَرْتَاشِࢽْ ڧِيَامَ,0.043478260869565216,0.6666666666666666
Infiraji_8.pdf_page_2_line_002,وَاڧَرْ تَاشِࢽْ ڧِيَامَ,وَاڧَرْتَاشِࢽْ ڧِيَامَ,0.043478260869565216,0.6666666666666666
A_Person_with_a_Livelihood_Will_Never_Be_Destitute_Mai_Sanaa_Ba_Ya_Tsiya.pdf_page_7_line_018,تمت بحمد الله وحسࢽ عوࢽه,تمت بحمد الله وحسࢽ موࢽه,0.043478260869565216,0.2
Infiraji_10.pdf_page_3_line_004,إِࢽْ مَّثٜيٰ تَاذَمَ بَاتَ رَغَامَکَ   کٜࣸکَاسࣸوتَ کَࢽَا کࣸمَ ڧِࢽْتَا,إِࢽْ مَّثٜيٰ تَاذَمَ بَاتَ رَغَامَکَ  کࣸوکَاسࣸوتَ کَࢽَاکࣸمَ ڧِࢽْتَا,0.043478260869565216,0.3333333333333333
Knowledge_to_Follow_God_Gandal_Fii_Rewugol_Alla.pdf_page_5_line_005,وࣸنْدࣸدٜعٜڢَاتِحَ وَالاِسْتِوَآعِ عٜڢࣽتࣽدٜرْدٜ,وࣸنْدࣸدٜعٜڢَاتِحَ وَالاِسْتِوَآاعِ عٜڢࣽتࣸدٜرْدٜ,0.043478260869565216,0.6666666666666666
Nana_Asmāʾu_The_Authentic_Path_Nana_Asmāʾu_Godaben_Gaskiya.pdf_page_7_line_010,دَمَيْ کࣸبࣸوَڢَّوَطَࢽْدَدࣸکْ أّࢽْکَ تࣸࢽْيَتَا   إِسَاإِࢽْدَمَࢽْيَامَاسࣸ تَمْيࣸࢽْ مࣸحَمَّدَا,دَمَيْ کࣸبࣸوَڢّࣸوَطَࢽْدَ دࣸکْ أَࢽْکَ تࣸࢽْيَتَا   إِسَاإِࢽْدَمَࢽْيَامَاسࣸ تَࢽْيࣸࢽْ مࣸحَمَّدَا,0.04395604395604396,0.5714285714285714
MAF_286.pdf_page_5_line_011,دَدَيْ سِيدِ يَاتَاسࣸوغَرٜيٰسࣸ ڢَکࣸࢽْجِيَا ؞ کَامِࢽْ کَڧِڢْتَ غَࢽِࢽْکَ أَيْ بَابࣸ کࣸو غࣸدَا,دَدَيْ سِيدِ يَاتَاسࣸوغَرٜيٰسࣸ ڢَکࣸࢽْجِيَا ؞  کَامِࢽْ کَڧِڢْتَ غَࢽِࢽْکَ أَْ بابࣸ کࣸوغࣸدَا,0.04395604395604396,0.3333333333333333
Infiraji_7.pdf_page_1_line_003,اَلࢽَّاشِرࣸأَحْمَدࣸ اَلتِّجَاࢽِي حَڢِظَهࣸ اللَّهࣸ وَڢَّڧْࢽَااَللَّهࣸ,اَلࢽَّاشِرࣸأَحْمَدࣸ اَلتِّجَاࢽِي حَڢِظَهࣸ اَللَّهࣸ وَڢَّڧْࢽَااللَّه,0.04411764705882353,0.4
Infiraji_9.pdf_page_5_line_013,مَالَمَࢽْمࣸوࢽَڧَرْشَࢽْ دࣸوࢽِيَا    سَيْڢَطَرْبَکَابَاأَيْکِࢽْ بَࢽٜيٰ,مَالَمَࢽْمࣸوࢽَڧَرْشَࢽْ دࣸوࢽِيَا  سَيْڢَطَرْبَکَابَاأَيِکِࢽْ بَࢽٜيٰ,0.04411764705882353,0.25
Infiraji_10.pdf_page_4_line_005,ࢽِي ࢽَاسَࢽْ مَّثٜيٰ کࣸومِي ݣٜࢽْتَا   عِࢽْدَي بَابࣸ حَلِي دَࢽَغَرْتَا,ࢽِي ࢽَاسَࢽْ مَّثٜيٰ کࣸومِي کٜࢽْتَا  عِࢽْدَيْ بَابࣸ حَلِي دَࢽَغَرْتَا,0.04411764705882353,0.2222222222222222
Infiraji_9.pdf_page_15_line_006,مَي؞ثِࢽْ حَرَامࣸࣸ دࣸودَکَرَاهِيَا   الدّࣸعَاتَسَىٰ بَاتَاوࣸرِࢽْذࣸوَا,مَيْثِࢽْ حَرَامࣸ دࣸودَکَرَامِيَا   الدّࣸعَاتَسَىٰ بَاتَاوࣸرِࢽْذࣸوَا,0.04411764705882353,0.6
Infiraji_9.pdf_page_23_line_004,غَاکࣸسْکࣸرٜيٰ غَامࣸڧࣸمْشِي ظࣸمَّا  ثِکِࢽْ تَکَرْدَاعَࢽْ ڟِبٜيٰ مَکࣸو,غَاکࣸسْکࣸرٜيٰ غَامࣸڧࣸمْشِي ظࣸمَّا  ثِکِࢽْ تَکَرْدَاعَࢽْ طِيࢽٜيٰ مَکࣸو,0.04411764705882353,0.14285714285714285
Infiraji_9.pdf_page_18_line_010,حَرْأَرَࢽْ ضِيغَاکَهَࢽَامَسَا    دَوْطَرْغَبَاࢽَسَاتَاڢِي غࣸبَادَڢِي,حَرْأَرَࢽْ ضِيغَاکَهَࢽَامَسَا دَوْطَرْغَبَاࢽَسَاتَاڢِي غࣸبَادَڢِي,0.04411764705882353,0.0
Infiraji_6.pdf_page_7_line_013,سࣸࢽْڧِ جِࢽْ وَعَظِي دَحࣸوْاْرࣸوْاْ   بَاأَبِࢽْدَ کَبَاسࣸ ڟࣸوْاْرٜࣸاْ,سࣸࢽْڧِ جِࢽْ وَعَظِي دَحࣸوْاْرࣸوْاْ  بَاأَبِࢽْدَکَبَاسࣸ ڟࣸوْاْرࣸواْ,0.04411764705882353,0.42857142857142855
MAF_286.pdf_page_16_line_005,أَݣࣸيْ وَࢽِ حَدِيشِ وَࢽْدَأَࢽَّبِ يَاڢَطَا ؞  کࣸسَوْرَارِ ذَࢽْثٜࢽ سِيدِ مࣸࢽْذࣸمࣸ أَحْمَدَا,أَݣَيْ وَرِ حَدِيشِ وَࢽْدَأَࢽَّبِ يَاڢَطَا ؞  کࣸسَوْرَاࢽِ ذَࢽْثٜي سِيدِ مࣸࢽْذࣸمࣸ أَحْمَدَا,0.044444444444444446,0.36363636363636365
A_Poem_on_the_British_Waƙar_Nasara.pdf_page_2_line_006,مࢽادࢽڢا ادࢽ مࢽسام ايکو    مجاداغامکوري اࢽصارا,مࢽادࢽڢاادࢽ مࢽسام ايکو   مجاداغامکوري اࢽصارا,0.044444444444444446,0.3333333333333333
MAF_286.pdf_page_18_line_010,إِذَࢽْ وَࢽِ يَاتَاشِ کَدَکࣸزَمْࢽَاوࣸرِِيࢽَسَ ؞  شِيمَا حَدِيشِ ࢽٜيٰ ڢَ أࣸمَّ الْمࣸحَمَّدَا,إِذَࢽْ وَرِيَاتَاشِ کَدَکࣸزَمْࢽَاوࣸرِيࢽَسَ ؞  شِيمَاحَدِيشِ ࢽٜيٰ ڢَ أࣸمَّ الْمࣸحَمَّدَا,0.044444444444444446,0.45454545454545453
A_Poem_on_the_British_Waƙar_Nasara.pdf_page_3_line_001,دمي غم يࢽعوادࢽ سي کييا  شبر ثيوااکيوࢽ الࢽصارا,دمي غم يࢽعوادࢽ سي کييا   شبر ثسوااکيوࢽ الࢽصارا,0.044444444444444446,0.125
MAF_286.pdf_page_8_line_008,يَࢽَادَصَحَبَيْ ࢽَسْ غࣸدَا ڢࣸطࣸ أَࢽْکَثٜيٰ ؞  کَمَࢽْ ࢽَرَسࣸولَ اللَّهِ کَاکَࢽْسَ أَحْمَدَا,يَࢽَادَصَحَبَيْ ࢽَسْ غࣸدَاڢࣸطࣸ أَࢽْکَثٜيٰ ؞ دَمَࢽْ ࢽَرَسࣸولَاللَّهِ کَاکَࢽْسَ أَحْمَدَا,0.044444444444444446,0.45454545454545453
Infiraji_9.pdf_page_22_line_011,إِࢽْ يَّاسَيَرْمَکَ لَادَاکٜيٰبِي إِࢽ بَيْ سَيَرْبَابَاشِ دَکࣸووࣸرِ,إِࢽْ يَّاسَيَرْمَکَ لادَاکٜيٰبِي  إِࢽْ بَيْ سَيَرْبَابَاشِ دَکࣸووࣸرِ,0.04477611940298507,0.2857142857142857
Infiraji_9.pdf_page_5_line_009,طَࢽْ طَࢽْ عࣸوا کࣸووَا کࣸوڧَࢽٜيٰ إِࢽْ کَاغَيَامَسَاذَࢽْثٜيٰ بَاشِجِي,طَࢽْ طَࢽْ عࣸوَاکࣸووَاکࣸوڧَࢽٜيٰ إِࢽْ کَاغَيَامَسَاذَࢽْثٜيٰ بَاشِجِي,0.04477611940298507,0.375
Infiraji_9.pdf_page_14_line_004,مَالَمْ يَثيٰٜ ڧَبَرِࢽْ مࣸومِࢽَيْ  إِࢽْ يَرِبْذَأَيْࢽَاسَاأَي ڢَرِي,مَالَمْ يَثٜيٰ ڧَبَرِࢽْ مࣸومِࢽَيْ  إِࢽْ يَرِبْذَأَيْࢽَاسَاأَيْ ڢَرِي,0.04477611940298507,0.2857142857142857
Infiraji_4.pdf_page_14_line_006,کࣸواْوࣸتَرْسࣸ دَبَࢽْ دَبَࢽْࢽٜيٰ     دࣸکْ ثِکِࢽْسࣸ بَڧِࢽْ ڧِرِࢽْࢽٜيٰ,کࣸواْوࣸتَرْسࣸ دَبَࢽْ دَبَࢽْࢽٜيٰ  دࣸکْ ثِکِࢽْسࣸ بَڧِࢽْ ڧِرِࢽْࢽٜيٰ,0.04477611940298507,0.0
Infiraji_10.pdf_page_3_line_016,إِࢽْ کَاثٜيٰ مَتَ وَࢽْثِ کِلࣸورا   بَاکَ حَࢽَاࢽِي بࣸغࣸࢽْ ثِࢽْيَاتَا,إِࢽْ کَاثٜي مَتَ وَࢽْثِ کِلّࣸورَا   بَاکَ حَࢽَاࢽِي بࣸغࣸࢽْ ثِࢽْيَاتَا,0.04477611940298507,0.2222222222222222
Infiraji_10.pdf_page_7_line_006,إِࢽْ کࣸمَ يَاڧِ تَکَامَ تࣸڢَشِ أَثٜيٰتَ سَکٜيٰشِ تَثٜيٰ يَکَشٜيٰتَا,إِࢽْ کࣸمَ بَايِ تَکَامَ تࣸڢَشِ أَثٜيٰتَ سَکٜيشِ تَثٜيٰ يَکَشٜيٰتَا,0.04477611940298507,0.2222222222222222
Infiraji_10.pdf_page_5_line_010,ودَّتَذَمْ بَتَ وَࢽَکٜيٰ تࣸڢَابَا  شِيکٜيٰ شَيْدَا أَࢽْغَ ڧَذَࢽْتَا,وَدَّتَذَمْ بَتَ وَࢽْکٜيٰ تࣸڢَابَا  شِيکٜيٰ شَيْدَاأَࢽْغَ ڧَذَࢽْتَا,0.04477611940298507,0.5
MAF_286.pdf_page_17_line_011,أَيَاڢٜمَ جࣸوࢽَا کࣸࢽجِ دࣸࢽْ اَللَّهْ يَࢽْاءࣸوَا ؞  شِيمَاحَدِيشِ ࢽٜيٰ صَحِيحِ غَأَحْمَدَا,أَيَاڢِمَ جࣸوࢽَاکࣸࢽِجِ دࣸࢽْ اَللَّهْ يَࢽْاءࣸوَا ؞  شِيمَاحَدِيشِ ࢽٜيٰ مَحِيحِ غَأَحْمَدَا,0.0449438202247191,0.36363636363636365
MAF_286.pdf_page_15_line_015,غَمَايَࢽْاءࣸوَاࢽٜيٰ کࣸࢽجِ أَکَمَلَّکَامࣸکࣸ ؞  کࣸسَوْرَارِ ذَࢽْثٜيٰ سِيدِ أَࢽْبِ أَحْمَدَا,غَمَايَࢽْاءࣸوَاࢽٜيٰ کࣸࢽْجِ أَکَمَلَّکَامࣸکࣸ ؞ کࣸسَوْرَارِ ذَࢽْثٜيٰ سِيدِ أَࢽَّبِ أَحْمَدَا,0.0449438202247191,0.2222222222222222
MAF_286.pdf_page_2_line_009,بَيَاࢽِ غَشِࢽَࢽْ دࣸࢽْ کࣸسَࢽْ مࣸࢽْ غَيَامࣸکࣸ ؞ ࢽࣸڢَاکَوْتَمَاࢽِࢽْ ثٜيٰ کࣸسَوْرَارِڢَاءِدَا,بَبَاࢽِ غَشِࢽَࢽْ دࣸࢽْ کࣸسَࢽْ مࣸࢽْ غَيَامࣸکࣸ ؞ ࢽࣸڢَاکَوْتَمَاࢽِي ثٜيٰ کࣸسَوْرَارِ ڢَاءِدَا,0.0449438202247191,0.4
The_Human_Being_Is_an_Incurable_Disease_Mutum_Cuta_Ne_Marar_Magani.pdf_page_5_line_011,عِࢽْ بَࢽْدَ حَالِࢽْ طَࢽْ أدَمْ مَيْ غَرْدَمَا    بَايَاغَࢽِࢽْ لَيْڢِࢽْسَ سَيْ ࢽَمࣸتَاࢽٜيٰ,عِࢽْ بَࢽْدَخَالِࢽْ طَࢽْ أَدَمْ مَيْ غَرْدَمَا   بَايَاغَࢽِࢽْ لَيْڢِࢽْسَ سَيْ ࢽَمࣸتَاࢽٜيٰ,0.0449438202247191,0.2727272727272727
MAF_286.pdf_page_10_line_015,ڢَتࣸࢽْدَغَ سَرَوْتَ الْمَهَدِ حَرْڧِيَامَةࣸ ؞  سَيْ رَاتِبِي تࣸوکࣸࢽْجِ وࣸرْدٜࢽ مࣸحَمَّدَا,ڢَتَدَغَ سَرَوْتَ الْمَهْدِ حَرْڧِيَامَةࣸ ؞  سَيْ رَاتِبِي تࣸوکࣸࢽْجِ وࣸرْدٜࢽ مࣸحَمَّدَا,0.0449438202247191,0.2
A_Poem_on_the_British_Waƙar_Nasara.pdf_page_3_line_004,طرࢽ وڧتي غصلاواجبيا    مبرجاࢽي عبريي تࢽدسورا,طرࢽ وڧتي غصلاواجبيࢽا   مبرجاࢽي عبريي تࢽدسورا,0.045454545454545456,0.16666666666666666
Infiraji_4.pdf_page_1_line_003,الࢽَّاشِرࣸأَحْمَدࣸالتِّجَاࢽِي حَڢِظَهࣸ اَللَّهࣸ وَڢَّ ڧَࢽَااللَّهࣸ,اَࢽَّاشِرࣸأَحْمَدࣸ التِّجَاࢽِي حَڢِظَهࣸ اللَّهࣸ وَڢَّ ڧَࢽَااللَّهࣸ,0.045454545454545456,0.6
MAF_286.pdf_page_2_line_015,أَࢽَࢽْ جَلَّ يَاتَارَسࣸ دࣸࢽْ سࣸࢽْ مࣸحَمَّدࣸ ؞ سࣸغِرْمَمَ جِيکَاࢽَسْ سࣸغِرْمَمَ أَحْمَدَا,أَࢽَࢽْ جَلَّ يَاتَارَسࣸ دࣸࢽْ سࣸࢽْ مࣸحَمَّدࣸ ؞  سࣸڧِرْمَمَ جِيکَاࢽَسْ سࣸڧِرْ مَمَ أَحْمَدَا,0.045454545454545456,0.2727272727272727
Infiraji_9.pdf_page_3_line_008,سࣸࢽَاکَرَاتࣸواثِکِࢽْ حَدِيثَيْ  دَشِيدَ مَالَمْ بَاوَابَزْࢽْڢَرٜيٰ,سࣸࢽَاکَرَاتࣸوَاثِکِࢽْ حَدِيثَيْ  دَشِيدَمَالَمْ بَاوَابَزَࢽْڢَرٜيٰ,0.045454545454545456,0.8
Infiraji_4.pdf_page_2_line_003,الࢽَّاشِرࣸأَحْمَدࣸالتِّجَاࢽِي حَڢِظَهࣸ اَللَّهࣸ وَڢَّ ڧَࢽَااللَّهࣸ,الࢽَّاشِرࣸأَحْمَدࣸالتِّجَاࢽِي حَڢِظَهࣸ اللّهࣸ وَڢَّڧَࢽَااللَّهࣸ,0.045454545454545456,0.6
Infiraji_4.pdf_page_1_line_002,وَاڧَرْ بِࢽْ إِيَايٜيٰ,وَاڧَرْبِࢽْ إِيَايٜيٰ,0.045454545454545456,0.6666666666666666
The_Human_Being_Is_an_Incurable_Disease_Mutum_Cuta_Ne_Marar_Magani.pdf_page_7_line_015,کࣸمَ کرْکَبِيسࣸ أَکَࢽْ أَبِࢽْدَسࣸکٜي ࢽࣸڢِ    إِࢽْدَيْ أَبِࢽْࢽَࢽْ بَابࣸ کٰٜوْڢَ کَغَاࢽٜيٰ,کࣸمَ کَرْکَبِيسࣸ أَکَࢽْ أَبِࢽْدَسࣸکٜي ࢽࣸڢِ  إِࢽْدَيْ أَبِࢽْࢽَࢽْ بَابࣸ کٜوْڢَ کَغَاࢽٜيٰ,0.045454545454545456,0.2
Infiraji_9.pdf_page_24_line_013,مَاسࣸوذَࢽْبَاکࣸوکࣸمَايَوْدَرَا    مثِيَاأَمَاࢽَاکࣸتࣸوبَاأَدࣸوࢽِيَا,مَاسࣸوذَࢽْبَاکࣸوکࣸمَايَوْدَرَا   مَثِيَاأَمَاࢽَاکࣸتࣸوبَاأدࣸوࢽِيَا,0.045454545454545456,0.5
MAF_286.pdf_page_18_line_002,إِذَࢽْ ذَاکَامَ غࣸدَاثِکِࢽْسࣸ کَتَࢽْبَيَا ؞  دࣸࢽْ کَدَکَيِيࣸوݒَرْࢽَاغَسࣸࢽَّرْ مࣸحَمَّدَا,إِذَيْ ذَاکَامَ غࣸدَاثِکِࢽْسࣸ کَتَࢽْبَيَا ؞ دࣸࢽْ کَدَکَييࣸوبَرْࢽَاغَسࣸࢽَّرْ مࣸحَمَّدَا,0.045454545454545456,0.25
Knowledge_to_Follow_God_Gandal_Fii_Rewugol_Alla.pdf_page_3_line_007,کࣽجٜيطِطِ ࡶَلنِّيَةࣸکࣽࡶَلنِيَادِوَالصَّعِيدࣸ,کࣽجٜطِطِ ࡶلنِّيَةࣸکࣽࡶَلنِيَادِوَالصَّعِيدࣸ,0.045454545454545456,1.0
Nana_Asmāʾu_The_Authentic_Path_Nana_Asmāʾu_Godaben_Gaskiya.pdf_page_8_line_010,جِکِࢽْسَ کَمَرْيَاڧࣸوتࣸ مَرْجَاࢽࣸ أيْ دَکࣸو   ڧَوَسّࣸ دَجَوْهَرْ تَادَشِي دَزَبَرْجَدَا,جِکِࢽْسَ کَمَرْيَاڧࣸوتࣸ مَرْجَاࢽࣸ أَيْ دَکࣸو  ڧَوَسّࣸ دَجَوْمَرْتَادَشِي دَزَبَرْجَدَا,0.04597701149425287,0.3333333333333333
Nana_Asmāʾu_The_Authentic_Path_Nana_Asmāʾu_Godaben_Gaskiya.pdf_page_7_line_014,کࣸتَمْثِي ࢽَڢَاطِيࢽَيْڢَ تَڢِيَرْوَتَاشِکٜيٰ   ڢَکࣸشَارࣸوَࢽْ اَلْکَوْثَرا شِغَ أحْمَدَا,کࣸتَمْثِي ࢽَڢَاطِيࢽَيْڢَ تَڢِيَرْوَتَاشِکٜيٰ   ڢَکࣸشَارࣸوࣸࢽْ اَلْکَوْثَرَاشِغَ احْمَدَا,0.04597701149425287,0.5714285714285714
Nana_Asmāʾu_The_Authentic_Path_Nana_Asmāʾu_Godaben_Gaskiya.pdf_page_3_line_014,کَذَاکَ دَوِرْدِ دَاَلدّࣸعࣸوعِ دَڧࣸوڧَرِي    يَوَࢽْتَ صَلاَةِ غَأَلࢽَّبِࢽْمࣸ مࣸحَمَّدَا,کَذَاکَ دَوِرْدِ دَاَلدّࣸعࣸوعِ دَڧࣸوڧَرِي   يَوَࢽْتَ صَلاةِ غَالࢽَّبِࢽْمࣸ مࣸحَمَّدَا,0.04597701149425287,0.25
MAF_286.pdf_page_1_line_015,مࣸࢽَاسࣸومࣸسَاسࣸوࢽَاغَوَاڧَرْمࣸ يَࢽْاءࣸوَا؞ أَسَࢽْتَ دَشِي أَکِرَتَ سَمْرِِࢽْ مࣸحَمَّدَا,مࣸࢽَاسࣸومࣸسَاسࣸوࢽَاغَوَاڧَرْمࣸ يَࢽْاءࣸوَا ؞  أَسَࢽْتَ دَشِي أَکِرَاتَ سَمْرِࢽْ مࣸحَمَّدَا,0.04597701149425287,0.5714285714285714
MAF_286.pdf_page_2_line_013,سࣸکَتَارࣸ مَکَّةَ عِࢽْدَطَاکِࢽْ عࣸبَࢽْغِجِ ؞ أَࢽَࢽْ سࣸکَوࣸوثَڢَّ غَبَࢽْ دٜࢽْ مࣸحَمَّدَا,سࣸکَتَارࣸمَکَّةَ عِࢽْدَطَاکِࢽْ عࣸبَࢽْغِجِ ؞ أَࢽَࢽْ سࣸکَووثَڢَّ غَبَرْدٜࢽْ مࣸحَمَّدَا,0.04597701149425287,0.5
Infiraji_9.pdf_page_23_line_013,کࣸطَوْکِ مَاشِي حَرْدَتَکࣸبَࢽَا  ذࣸوثِيَرْ کࣸوکࣸيْ تَشِرِࢽْ ڢَطَا,کࣸطَوْکَ مَاشِي حَرْدَتَکࣸبࣸࢽَا  ذࣸوثِيَرْکࣸوکࣸيْ تَشِرِࢽْ ڢَطَا,0.046153846153846156,0.5714285714285714
Infiraji_10.pdf_page_2_line_010,بَاتَ ࢽࣸڢِࢽْ خَيْرِي غَمِجِࢽْتَا    بَاغَ کِيࣸوشِي بَاغَ مڧࣸڢْتَا,بَاتَ ࢽࣸڢِࢽْ خَيْرِي غَمِجِࢽْتَا   بَاغَ کِيࣸوشِي بَاغَ مَڧَڢْتَا,0.046153846153846156,0.125
Infiraji_9.pdf_page_19_line_013,دَشِي دَمَيْدࣸوبَابَاکَوْدَکَيْ   بَاکَڢَاوَاأَسَاشِ ثِکِࢽْ تَرَا,دَشِي دَمَيْدࣸوبَابَاکَوْدَکَيْ  بَاکِڢَاوَاأسَاشِ ثِکِࢽْ تَرَا,0.046153846153846156,0.2
MAF_286.pdf_page_14_line_013,ڢَيَايَࢽْاءࣸوَادࣸکْ مࣸطࣸرْثِ عࣸبَࢽْغِجِ ؞  مࣸکَامَ ڢَ سࣸࢽَّ کࣸࢽْجِ سَمْرِࢽْ مࣸحَمَّدَا,ڢَيَايَࢽْاءࣸوَادࣸکْ مࣸطࣸرْثِ عࣸبَࢽْغِ ؞ مࣸکَامَ ڢَ سࣸࢽّࢽَ کࣸࢽْجِ سَمْرِࢽْ مࣸحَمَّدَا,0.046511627906976744,0.2
MAF_286.pdf_page_4_line_006,يَابَاشِ يَرْدَࢽْ يِࢽْ تَکَرْ دࣸࢽْ سَرَاکࣸࢽَا ؞ دَسࣸوڢَ دَمَالَمَّاأَکَيْسࣸ غࣸدَاغࣸدَا,يَايَاشِ يَرْدَࢽْ يِࢽْ تَکَرْدࣸࢽْ سَرَاکࣸࢽَا ؞ دَسࣸوڢَ دَمَالَمَّاأَکَيْيْسࣸ غࣸدَاغࣸدَا,0.046511627906976744,0.4
Nana_Asmāʾu_The_Authentic_Path_Nana_Asmāʾu_Godaben_Gaskiya.pdf_page_7_line_011,ڢَسࣸࢽْڢِ ذࣸمَا دّاطِي دّمَدَرَاڢَسࣸࢽْڢَ   کࣸوتࣸرَارٜيٰ ࢽَمِسکِ ڢَمࣸࢽْجِيَاغَمࣸحَمَّدَا,ڢَسࣸࢽْڢِ ذࣸمَادَاطِي دَمَدَرَاڢَسࣸࢽْڢَ   کࣸوتࣸرَارٜيٰ ࢽَمِسْکِ ڢَمࣸࢽْجِيَاغَمࣸحَمَّدَا,0.046511627906976744,0.5714285714285714
Nana_Asmāʾu_The_Authentic_Path_Nana_Asmāʾu_Godaben_Gaskiya.pdf_page_5_line_012,سࣸذࣸوسࣸ غَءادࣸمࣸ حَرْسࣸذࣸوسࣸ غَࢽࣸوحࣸ دࣸکْ   شِثٜيٰمࣸسࣸ يَوْسَيْ اَلࢽَّبِمّࣸ مࣸحَمَّدَا,سࣸذࣸوسࣸ غَࢽَادَمࣸ حَرْسࣸذࣸوسࣸ غَࢽࣸوحࣸ دࣸک   شِثٜيٰمࣸسࣸ يَوْسَيْ اَلࢽَّبِمّࣸ مࣸحَمَّدَا,0.046511627906976744,0.2222222222222222
Infiraji_8.pdf_page_15_line_001,وَࢽْسࣸ کࣸواْلࣸغࣸدٜيٰ دَشٜيٰوَا   ذَاتَ کَيَسࣸ سࣸإِسْکٜيٰ يِࢽْوَا,وَࢽْسࣸ کࣸواْلࣸغࣸدٜيٰ دَشٜيٰوَا  ذَاتَ کَيْسࣸ سࣸإِسْکٜي يِࢽْوَا,0.046875,0.2857142857142857
Infiraji_4.pdf_page_8_line_014,سَيْڢَ تࣸواْذࣸࢽْ بِࢽْ إِيَايٜيٰ    طَࢽْ مࣸسࣸلْمِي دࣸکْ شِوَايٜيٰ,سَيْڢَ تࣸواْذࣸࢽْ بِࢽْ إِيَايٜيٰ طَࢽْ مࣸسࣸلْمِي دࣸکْ شِوَايٜيٰ,0.046875,0.0
Infiraji_3.pdf_page_11_line_004,أَيْدَوَࢽْکٜيٰ وࣸرِࢽْ ڧَذَمْتَا    زَاکَڢَارَا إِࢽْ کَ کَيْوْتَا,أَيْ دَوَࢽْکٜيٰ وࣸرِࢽْ ڧَذَمْتَا  زَاکَڢَارَا إِࢽْ کَ کَيْوْتَا,0.046875,0.2857142857142857
Infiraji_4.pdf_page_41_line_015,تَىْ رَبࣸوعࣸکࣸ سَىْ شِأَيْکࣸواْ    مَاسࣸ کࣸوْاْرَاوَاسࣸࢽَاکࣸوْاْ,تَيْ رَبࣸوعࣸکࣸ سَيْ شِأَيْکࣸواْ   مَاسࣸ کࣸوْاْرَاوَاسࣸࢽَاکࣸوْاْ,0.046875,0.3333333333333333
Infiraji_10.pdf_page_2_line_013,إِࢽْ مَّيْ ࢽࣸومَاࢽٜيٰ کࣸوذاغٜيٰ   يَاتَڢِ غࣸوࢽَا ذَوْرٜيٰ ذَاتَا,إِࢽْ مَّيْ ࢽࣸومَاࢽٜيٰ کࣸوذَاغٜيٰ  يَاتَڢِ غࣸوࢽَاذَوْرٜيٰ ذَاتَا,0.046875,0.375
Infiraji_4.pdf_page_13_line_014,حَرْسࣸثٜيٰ أَوْرِٜࢽْکَࢽٜيٰ دَيْ   ࢽِيْدَيِࢽْ دَبَرِࢽْسَ دَيْدَيْ,حَرْسࣸثٜيٰ أَوْرِࢽْکَࢽٜيٰ دَيْ ࢽِيْدَيِࢽْ دَبَرِࢽْسَ دَيْدَيْ,0.046875,0.16666666666666666
Infiraji_6.pdf_page_11_line_002,رَࢽْڟٜيٰ رَࢽْڟٜيٰ کࣸوْاْࢽَڧَرْيَا    مَاسࣸ يِࢽْسࣸ سࣸࢽْجِ کࣸࢽْيَا,رَࢽْڟٜيٰ رَࢽْڟٜيٰ کࣸوْاْࢽَڧَرْيَا  مَاسࣸ يَࢽْسࣸ سࣸࢽْجِ کࣸࢽْيَا,0.046875,0.14285714285714285
Infiraji_9.pdf_page_11_line_010,دࣸکَࢽْ عِبَادَاأَيْکيِ صَالِحِ   أَࢽْڟَرٜيٰ سࣸوبَاسࣸ وࣸرِࢽْذࣸوَا,دࣸکَࢽْ عِبَادَاأَيْکِي صَالِحِ  أَࢽْڟَرٜيٰ سࣸوبَاسࣸ وࣸرِࢽْذࣸوَا,0.046875,0.16666666666666666
Nana_Asmāʾu_The_Authentic_Path_Nana_Asmāʾu_Godaben_Gaskiya.pdf_page_6_line_002,شِثٜيٰمَسَ رࣸوڧِ أّبَاکَ کࣸومِي دَکَبِّطَا   أࢽَابَاکَشِي يَاکَيْ مَسࣸويِي مࣸحَمَّدَا,شِثٜيٰمَسَ رࣸويِ أَبَاکَ کࣸومِي دَکَبِّطَا   أَࢽَابَاکَشِي يَاکَيْ مَسࣸولِي مࣸحَمَّدَا,0.047058823529411764,0.4444444444444444
MAF_286.pdf_page_3_line_007,سَاࢽَࢽْ مَأيْکِي يَاتَڢࣸوکࣸمَ دَکَࢽْسَ ؞ يَڧَرْڢَڢَ جِيکَاࢽَسْ غَدِيࢽَࢽْ سَ أَحْمَدَا,سَأَࢽَࢽْ مَأَيْکِي يَاتَڢࣸوکࣸمَ دَکَࢽْسَ ؞  يَڧَرْڢَڢَ جِيکَاࢽَسْ غَدِيࢽَࢽْ سَ أَحْمَدَا,0.047058823529411764,0.2
Infiraji_6.pdf_page_4_line_002,إِࢽْ تَݒَاثِي دࣸکَࢽْ جِکِࢽْکَا   سَيْ شِݒَاثِي دَأَرْزِِکِࢽْکَا,إِࢽْ تَݒَاثِي دࣸکَࢽْ جِکِࢽْکَا  سَيْ شِبَاثِي دَأَرْزِکِࢽْکَا,0.047619047619047616,0.2857142857142857
Warning_Gargaɗi_Infiraji_2.pdf_page_1_line_005,هَٰذَاالْکِتَابࣸ اَلْحَاجِ مَالَمْ عَلِيّࣸ,هَذَاالْکِتَابࣸ الْحَاجِ مَالَمْ عَلِيّࣸ,0.047619047619047616,0.5
Infiraji_3.pdf_page_2_line_002,وَاڧَرْ ڟَيْدَ سࣸࢽَّا,وَاڧَرْ ڟَيْدَسࣸࢽَّا,0.047619047619047616,0.6666666666666666
Warning_Gargaɗi_Infiraji_2.pdf_page_15_line_004,دَغَرِࢽْ سَيْ مَاسࣸ إِيْکࣸواْ    يَࢽْذࣸبَاکࣸواْ مَاسࣸ تَرْکࣸواْ,دَغَرِࢽْ سَيْ مَاسࣸ إِيْکࣸواْ  يَࢽْذࣸبَاکࣸواْمَاسࣸ تَرْکࣸواْ,0.047619047619047616,0.2857142857142857
Infiraji_6.pdf_page_10_line_008,کࣸوْاْرِڧࣸࢽْ ڢَايٜلْ دَڢٜيٰسِر    ذَيْ حَࢽَاکَ تࣸࢽِࢽْ مَحَاشِرْ,کࣸوْاْرِڧࣸࢽْ ڢَايِلْ دَڢٜيٰسِرْ  ذَيْ حَࢽَاکَ تࣸࢽِࢽْ مَحَاشِرْ,0.047619047619047616,0.2857142857142857
Infiraji_8.pdf_page_19_line_010,کَاغَ دࣸࢽْ وَحَلَاسࣸࢽْرْکٜيٰ    سَيْ سࣸکࣸواْمࣸواْدࣸࢽْ سࣸسَاکٜيٰ,کَاغَ دࣸࢽْ وَحَلَاسࣸࢽَرْکٜيٰ  سَيْ سࣸکࣸواْمࣸواْدࣸࢽْ سࣸسَاکٜيٰ,0.047619047619047616,0.16666666666666666
Infiraji_3.pdf_page_17_line_014,دَࢽْ ڟَرِࢽْ أَيْکِࢽْ تَعَالَا     کَيْ مِجِ سَࢽَشٜيٰتَ اَللَّهْ,دَࢽْ ڟَرِࢽْ أَيْکِࢽْ تَعَالَا  کَيْ مِجِ سَࢽَشٜيٰتَ اَللَّهْ,0.047619047619047616,0.0
Knowledge_to_Follow_God_Gandal_Fii_Rewugol_Alla.pdf_page_7_line_012,وࣸنِح عٜمَکّࣸ بࣽنْىَ االاِسْلاَمࣸ عَنْدࣸ نࣸدࣸسْطٜ عَلْسِلَمَاکࣸ,وࣸنِى عٜمَکّࣸ بࣽنْىَ االاِسْلاَمࣸ عَنْدࣸنࣸدࣸسْطٜ عَلْسِلَمَاکࣽ,0.047619047619047616,0.5714285714285714
Warning_Gargaɗi_Infiraji_2.pdf_page_16_line_001,إِࢽْتَذࣸوْأَࢽْدَيْࢽَ يَاوࣸواْ   طَࢽْ ڢَشِ کࣸواْکࣸواْ بَرَاوࣸواْ,إِࢽْتَذࣸوْأَࢽْدَيْࢽَ يَاوࣸواْ طَࢽْ ڢَشِ کࣸواْکࣸواْبَرَاوࣸواْ,0.047619047619047616,0.3333333333333333
Nana_Asmāʾu_The_Absolute_Truth_1_Nana_Asmāʾu_Tabbat_Haqiqan_1.pdf_page_9_line_001,أَࢽْيِ ڢࣸورࣸࢽْک لࣸوکّثِي دࣸکْ کَکٜيٰوْتَا   ذَمْکَ رَحْمَاغَيَࢽْ أࣸوَادࣸدَّکٜيٰوْتَا,أَࢽْيِ ڢࣸورࣸࢽْکَ لࣸوکَثِي دࣸکْ کَکٜيوتَا   ذَمْکَ رَحْمَاغَيَࢽْ أࣸوَادࣸدَّکٜيٰوْتَا,0.047619047619047616,0.375
Warning_Gargaɗi_Infiraji_2.pdf_page_6_line_010,إِࢽْ تࣸࢽَامَکَ إِࢽْ کَمَࢽْثٜيٰ   تࣸࢽْ کَࢽَاثِکِ کࣸࢽْيِ ذَࢽْثٜيٰ,إِࢽْ تࣸࢽَامَکَإِࢽْ کَمَࢽْثٜيٰ تࣸࢽْ کَࢽَاثِکِ کࣸࢽْيِ ذَࢽْثٜيٰ,0.047619047619047616,0.25
A_Person_with_a_Livelihood_Will_Never_Be_Destitute_Mai_Sanaa_Ba_Ya_Tsiya.pdf_page_3_line_015,بَاعَاثٜي کَذَاࢽَادَمࣸوَࢽِ   مَيْغَابَادَمَا لَمَيْ مَاسࣸ طَاعَ,بَاعَاثٜي کَذَاࢽَادَمࣸوࢽِ  مَيْغَابَادَمَالَمَيْ مَاسࣸ طَاعَ,0.047619047619047616,0.5
Infiraji_10.pdf_page_12_line_009,کࣸلّࣸࣸ أَبَاکࣸ تࣸوࣸواْ دَمَيْ غَاࢽَامَا    دَڢࣸرَادَࢽࣸوࢽࣸواْ دَࢽْ دَرَجَّرْ أَوْرٜيٰ,کࣸل أَبَاکࣸ تࣸوࣸواْ دَمَيْ غَاࢽَامَا   دَڢࣸرَادَࢽࣸوࢽࣸواْ دَࢽْ دَرَجَّرْ أَوْرٜيٰ,0.047619047619047616,0.1111111111111111
Infiraji_4.pdf_page_35_line_002,مࣸيْ شِرِࢽْ تَڢِيَامࣸتَاࢽٜيٰ    مَيْ ذࣸوَاࢽَّࢽْ کࣸوْاْغَوَاࢽٜيٰ,مࣸيْ شِرِࢽْ تَڢِيَامࣸتَاࢽٜيٰ مَيْ ذࣸوَاࢽَّࢽْ کࣸوْاْغَوَاࢽٜيٰ,0.047619047619047616,0.0
Infiraji_8.pdf_page_7_line_011,سَيْ وࣸرِࢽْ تࣸواْذࣸࢽْ اَلࣸولَه    سَيْ وࣸرِࢽْ أَذࣸمِي مࣸوَالَهْ,سَيْ وࣸرِࢽْ تࣸواْذࣸࢽْ اَلࣸولَ  سَيْ وࣸرِࢽْ أَذࣸمِي مࣸوَالَهْ,0.047619047619047616,0.125
Nana_Asmāʾu_The_Absolute_Truth_1_Nana_Asmāʾu_Tabbat_Haqiqan_1.pdf_page_8_line_008,أَࢽْيِ ڢࣸورࣸࢽْتَ بَابࣸ کٜيٰوࣸوتَبَرْشِي   حَکَࢽَامَثّٜيٰ مَيْڢَ کࣸرْثٜيٰࢽْ کِيࣸوشِي,أَࢽْيِ ڢࣸورࣸࢽْتَ بَابࣸ کٜيٰوࣸوتَبَرْشِي  حَکَࢽَامَثٜيٰ مَيْڢَ کࣸرثٜيٰࢽ کِيࣸوشِي,0.04819277108433735,0.25
MAF_286.pdf_page_13_line_013,دࣸࢽْ کَدَکࣸتَتَّا کٜڢَ بَايِࢽْ عࣸبَࢽْغِجِ ؞  شِيمَاحَدِيشِ ࢽٜي کࣸسَوْرَارِ ڢَاءِدَا,دࣸࢽْ کَدَکࣸتَتَّاکٜڢَ بَايِࢽْ عࣸبَࢽْغِجِ ؞  شِيمَاکِدِيشِ ࢽِي کࣸسَوْرَارِ ڢَاءِدَا,0.04819277108433735,0.4
MAF_286.pdf_page_18_line_005,إِذَࢽْ ذَاکࣸ غَيْسَاوَاکࣸذَمْ غَمَ حَࢽّࣸوَا ؞  شِيمَا حَديشِ ࢽٜي ࢽَسِيدِ مࣸحَمَّدَا,إِذَࢽْ ذَاکَ غَيْسَاوَاکࣸذَمْ غَمَ حَࢽّࣸوَا ؞  شِيمَاحَدِيشِ ࢽٜيٰ ࢽَسِيدِ مࣸحَمَّدَا,0.04819277108433735,0.36363636363636365
MAF_286.pdf_page_10_line_013,شَاڢِوَࢽْ طَرِيڧَ دࣸکْ أَکࣸومْ غَرَاتِبِي ؞  إِتَمَاکَرَامَ ثٜيٰ کࣸذࣸوکࣸجِ ڢَاءِدَا,شَشاڢِوَࢽْ طَرِيوَ دࣸکْ أَکࣸومࣸ غَرَاتِبِي ؞ إِتَمَاکَرَامَ ثٜيٰ کࣸذࣸوکࣸجِ ڢَاءِدَا,0.04819277108433735,0.3
Infiraji_6.pdf_page_12_line_008,أَيْ غَأَللَّهْ ذَامࣸ کࣸوْاْمَا   تࣸࢽْدَ يَاحَࢽَ کَيْ ظَلَامَا,أَيْ غَأَللَّهْ ذَامࣸکࣸوْاْمَا  تࣸࢽْدَيَاحَࢽَ کَيْ ظَلَامَا,0.04838709677419355,0.5
Knowledge_to_Follow_God_Gandal_Fii_Rewugol_Alla.pdf_page_7_line_008,صَلَّح ࡻللَّهࣸ عَلَيْهِ وَسَلَّمَ جَمْ عٜکِسِيٜࢽ وࣽنِى عٜمَکّࣽ,صَلَّى ࡻللَّهࣸ عَلَيْهِ وَسَلَّمَ جَمْ عٜکِسِيٜى وࣽنِ عٜمَکّࣽ,0.04838709677419355,0.375
Infiraji_6.pdf_page_4_line_008,ࢽَࢽْ دَࢽْࢽْ أَّثِکِࢽْ تَرࣸکَّا   وَࢽْدَکࣸوْاْأَذَتࣸࢽْغَ ࢽَاکَا,ࢽَࢽْ دَࢽَࢽْ أَثِکِࢽْ تَرࣸکَّا  وَࢽْدَکࣸوْاْأَذَتࣸࢽْغَ ࢽَاکَا,0.04838709677419355,0.3333333333333333
Infiraji_6.pdf_page_5_line_005,شِي تَڢَرْکِࢽْ کَࢽْغَرَاࢽٜيٰ    وَࢽَدَکࣸوْاْکٜيٰ بِي شِڧࣸوࢽٜيٰ,شِي تَڢَرْکِࢽْ کَࢽْغَرَاࢽٜيٰ  وَࢽْدَکࣸوْاْکٜيٰ بِي شِڧࣸوࢽٜيٰ,0.04838709677419355,0.16666666666666666
Infiraji_4.pdf_page_9_line_013,وَࢽْسࣸ کࣸواْ بِسَ رَرَّڢٜيٰࢽٜيٰ    ذَاسࣸ ڧٜيٰتَرَحَرْسࣸڧࣸوࢽٜيٰ,وَࢽْسࣸ کࣸواْبِسَ رَرَّڢٜيٰࢽٜيٰ  ذَاسࣸ ڧٜيٰتَرَحَرْسࣸڧࣸوࢽٜيٰ,0.04838709677419355,0.3333333333333333
Infiraji_6.pdf_page_12_line_002,أَيْ ذࣸوَࢽَّࢽْ مَيْ إِسَاࢽٜيٰ     مَيْڢَ رَاذَࢽَ حَࢽْکَلِيࢽٜيٰ,أَيْ ذࣸوَࢽَّࢽْ مَيْ إِسَاࢽٜيٰ  مَيْڢَ رَاذَࢽَ حَࢽْکَلِيࢽٜيٰ,0.04838709677419355,0.0
Infiraji_6.pdf_page_5_line_008,وَࢽْدَبَيْ يِبَ کࣸوْاْيَبَرْتَا    بَاشِ أَيْکِ مَيْ کَتَرْتَا,وَࢽْدَبَيْ يِبَ کࣸوْاْيَبَرْتَا  بَاشِ أيْکِ مَيْ کَتَرْتَا,0.04838709677419355,0.14285714285714285
Infiraji_6.pdf_page_17_line_007,حَرْيَکَࢽْ کࣸوکَايَثٜيٰ دَا    مَيْ إِدࣸو ࢽَکٜيٰ مِي يَمَيْدَا,حَرْيَکَࢽْ کࣸوکَايَثٜيٰ دَا  مَيْ إِدࣸوࢽَکٜيٰ مِي يَمَيْدَا,0.04838709677419355,0.25
Infiraji_9.pdf_page_23_line_009,کࣸومَعَوࢽَاطٜيٰبٜيٰ أَࢽْهَࢽَا  إِࢽْ کࣸࢽَاڧَوْࢽَا کࣸغَاالࢽَّبِي,کࣸومَعَوْࢽَاطٜيٰبٜيٰ أَࢽْهَࢽَا   إِࢽْ کࣸࢽَاڧَوْࢽَا کࣸغَااَلࢽَّبِي,0.04838709677419355,0.4
Infiraji_9.pdf_page_4_line_012,کَاغَاأَمْرٜيٰ بَايَرْدَرْ وَلِي  بَابࣸ عذَاشٜيٰغࣸواْسࣸࢽْيَوَا,کَاغَاأَمْرٜيٰ بَايَرْدَرْوَلِي  بَابࣸ عِذَاشٜيٰغࣸواْ سࣸࢽْيَوَا,0.04838709677419355,0.8
Infiraji_4.pdf_page_13_line_006,ذࣸوثِيَرْسࣸ تَࢽَادَشَکَّرْ     يَٜࢽْ أࣸوَࢽْسࣸ بَذَاسࣸ طَوْکَرْ,ذࣸوثِيَرْسࣸ تَࢽَادَشَکَّرْ  يَٜࢽْ أࣸوَࢽْسࣸ بَذَاسࣸ طَوْکَرْ,0.04838709677419355,0.0
Infiraji_4.pdf_page_27_line_012,کࣸࢽْ هَࢽَامࣸ مࣸبَوْتَ اَللَّهْ  کࣸࢽْکَ بَرْمࣸ ثِکِࢽْ جِهَالَهْ,کࣸࢽْ حَࢽَامࣸ مࣸبَوْتَ اَللَّهْ کࣸࢽْکَ بَرْمࣸ ثِکِࢽْ جَهَالَهْ,0.04838709677419355,0.25
Nana_Asmāʾu_The_Absolute_Truth_1_Nana_Asmāʾu_Tabbat_Haqiqan_1.pdf_page_3_line_008,وَࢽْسࣸ بَسࣸ بِيشِ سࣸࢽْ ڧِيَا سࣸࢽْبِ ضِدِّي   مَاسࣸ يَاوࣸࢽْ ڧَسَاسࣸࢽَايِࢽْ ڢَسَادِي,وَࢽْسࣸ بَسࣸ بِيشِ سࣸࢽْ ڧِيَاسࣸࢽْبِي ضِدَّ    مَاسࣸ يَاوࣸࢽْ ڧَسَاسࣸࢽَايِࢽْ ڢَسَادِي,0.04878048780487805,0.2727272727272727
MAF_286.pdf_page_20_line_007,صَلَاتِࢽْکَ يَاللَّهࣸ ثِکَاشِ غَأحْمَدࣸ ؞ دَءالِ دَمَحَبَࢽْسَ دَمَبِيَا مࣸحَمَّدَا,صَلَاتِࢽْکَ يَاللَّهࣸ ثِکَاشِ غَأَحْمَدࣸ ؞  دَءاَلِ دَمَحَبَࢽْسَ دَمَيِيَا مࣸحَمَّدَا,0.04878048780487805,0.3333333333333333
The_Human_Being_Is_an_Incurable_Disease_Mutum_Cuta_Ne_Marar_Magani.pdf_page_8_line_011,مَيْکٜي طَبِيعَاوَࢽْ عَلِيّࣸ دَجَعْڢَرࣸ   رَࢽْ لاَخِرَاثٜيٰتَࢽْکَ دࣸکْ غَمࣸتَاࢽٜيٰ,مَيْکٜي طَبِيعَاوَࢽْ عَلِيِّ دَجَعْڢَرࣸ  رَࢽْ لَاخِرَاثٜيٰتَࢽْکَ دࣸکْ غَمࣸتَاࢽٜيٰ,0.04878048780487805,0.25
MAF_286.pdf_page_4_line_016,يَثٜمَ بَرَادٜࢽْسَ کࣸجٜکࣸ کࣸڢَلْمࣸسࣸ ؞ کَطَيْدَ جَهَادِ کࣸࢽْجِ سَمْرِࢽْ مࣸحَمَّدَا,يَثٜمَ بَرَادٜࢽْسَ کࣸجِکࣸ کࣸڢَلْمࣸسࣸ ؞   کَطَيْدَجَهَادِ کࣸࢽْجِ سَمْرِࢽْ مࣸحَمَّدَا,0.04878048780487805,0.3
Infiraji_5.pdf_page_12_line_005,إِࢽْ أࣸوَاتَهَرَارِ أَوْرٜيٰ   سَي شِسࣸوْاْمَ ݒَرِي تَشࣸورٜيٰ,إِࢽْ أࣸوَاتَهَرَارِ أَوْرٜيٰ  سَيْ شِسࣸوْاْمَ بَرِي تَشࣸورٜيٰ,0.04918032786885246,0.2857142857142857
Infiraji_6.pdf_page_18_line_011,کَࢽْ مࣸتَاࢽٜيٰ دࣸکْ أََرࣸوڟࣸو   حَࢽْکَلِࢽْ جَمَعَاشِمࣸوْاْڟࣸو,کࣸࢽْ مࣸتَاࢽٜيٰ دࣸکْ أَرࣸوڟࣸو    حَࢽْکَلِࢽْ جَمَعَاشِمࣸوْاْڟࣸو,0.04918032786885246,0.3333333333333333
ELIT_WAN_00130_019r_line_004,فدثم مارمت من ذاالباب مࢽ غرض ؞ ڢافبله ولتدع لى بألخير وابتهل,فدم مارمت مࢽ ذاالباب مࢽ غرض ؞ ڢافبله ولتدع لى بالخير وابتهل,0.04918032786885246,0.25
Knowledge_to_Follow_God_Gandal_Fii_Rewugol_Alla.pdf_page_8_line_013,وࣽطِّنْتِنٜيدٜعٜيࣸرْمٜيدٜأَلَّ وَفَالَ عࣽمَاکِ صَلَّى ࡻللَّهࣸ,وࣽطِّنْتِنٜيدٜعٜيࣽرْمٜيدٜأََّ وَفَالَعࣽمَاکِ صَلَّى ࡻللَّهࣸ,0.04918032786885246,0.6
Infiraji_4.pdf_page_31_line_012,وَࢽْدَکٜيٰدَرَبࣸوْاْ يَتࣸوبَا   وَࢽْدَکࣸوَاْبَيْ حَمْزَرِيبَا,وَࢽْدَکٜيٰدَرَبࣸوْاْيَتࣸوبَا  وَࢽْدَکࣸوْاْبَيْ حَمْزَرِيبَا,0.04918032786885246,0.75
ELIT_WAN_00130_015v_line_003,اصڢا بيا ضامࢽ الالباࢽ اجمعها ؞ مࢽ اعذب الماء بل احلى مࢽ اليسل,اصڢا بيا ضامࢽ الالباࢽ ايمعها ؞ مࢽ اعذب اللاء بل احلى مࢽ العسل,0.04918032786885246,0.23076923076923078
Infiraji_6.pdf_page_4_line_005,سَيْ تَکَيْشِ ثِکِࢽْوࣸتَاثٜيٰ    کَرْکَ سَوْرَغَمَاتَکࣸࢽْثٜيٰ,سَيْ تَکَيْشِ ثِکِࢽْ وࣸتَاثٜيٰ  کَرْکَ سَوْرَغَمَاتَکࣸࢽْثٜيٰ,0.04918032786885246,0.4
Infiraji_6.pdf_page_22_line_005,مَاسࣸ کَيْوْدَࢽَمَاسࣸ أَيْبِي    ذࣸوثِيَرْدَتَبࣸويٜىٰ غَيْبِي,مَاسࣸ کَيْوْدَࢽَمَاسࣸ أَيْبِي  ذࣸوثِيَرْدَتَبࣸويٜيٰ غَيْبِي,0.04918032786885246,0.2
Infiraji_4.pdf_page_34_line_008,غَسْکِيَاإِتَثٜيٰ دَلَالَهْ    مَيْ إِسَرْدَمࣸتࣸمْ غَأَللَّهْ,غَسْکِيَاإِتَثٜيٰ دَلَالَهْ  مَىْ إِسَرْدَمࣸتࣸمْ غَأَللَّهْ,0.04918032786885246,0.2
Infiraji_8.pdf_page_17_line_010,کَيْ إِسَشّٜيٰࢽٜيٰ غَکࣸومَيْ     مَاغَࢽِي ࢽٜيٰکَيْ وࣸرِࢽْمَيْ,کَيْ إِسَشّٜيٰࢽٜيٰ غَکࣸومَيْ  مَاغَࢽِي ࢽٜيٰکَيْ وࣸرِࢽْمَيْ,0.04918032786885246,0.0
Infiraji_8.pdf_page_12_line_013,مَاسࣸ ثِࢽْ کَايَࢽْ مࣸتَاࢽٜيٰ   يَٜࢽْ ڢَشِي کࣸواْمَاسࣸ سَاࢽٜيٰ,مَاسࣸ ثِࢽْ کَايَٜࢽْ مࣸتَاࢽٜيٰ  يَࢽْ ڢَشِي کࣸواْمَاسࣸ سَاࢽٜيٰ,0.04918032786885246,0.25
Infiraji_3.pdf_page_11_line_013,أَيْثِکࣸواْبِسَ تَوْسَيِࢽْسَ   کࣸواْ وَࢽٜيٰ أَوࣸرِࢽْ کِࢽِࢽْسَ,أَيْثِکࣸواْبِسَ تَوْسَيِࢽْسَ کࣸواْوَࢽٜيٰ أَوࣸرِࢽْ کِࢽِࢽْسَ,0.04918032786885246,0.3333333333333333
Infiraji_9.pdf_page_6_line_002,بَاتࣸڢَاتَرْوَابَاثِي دَشَىٰ   غَيْسࣸوَرْ بَکَمَاتَاغَاغَرَيٰ,بَاتࣸڢَاتَرْوَابَاثِي دَشَيٰ  غَيْسࣸوَرْ بَکَمَاتَاغَاغَرَىٰ,0.04918032786885246,0.5
Warning_Gargaɗi_Infiraji_2.pdf_page_8_line_005,ࢳَࢽْ عࣸوَاࢽٜيٰ لَامࣸحَالَهْ    ࢳَࢽْ مࣸرࣸواْتࣸواْ مَالَعَلَّهْ,ࢳَࢽْ عࣸوَاࢽٜيٰ لَامࣸحَالَهْ ࢳَࢽْ مࣸرࣸواْتࣸواْ مَالَعَلَّهْ,0.04918032786885246,0.0
Infiraji_6.pdf_page_22_line_010,وَࢽْسࣸ کࣸوْاْأَوَجَࢽْ حَغࣸࢽْيَا    ذَاأَبَاسࣸ أَثَࢽْ أَبَايَا,وَࢽْسࣸ کࣸوْاْأَوَجَࢽْ حَڧࣸࢽْيَا  ذَاأَبَاسࣸ أَثَࢽْ أَبَايَا,0.04918032786885246,0.16666666666666666
Infiraji_12.pdf_page_4_line_011,کَرْکࣸ سَامِ کَطَࢽْ کࣸرَيْࢽَا    شِيڢَ رَيْࢽَ رَبࣸواْکَطَࢽَّا,کَرْکࣸ سَامِ کَطَࢽْ کَرَيْࢽَا   شِيڢَ رَيْࢽ رَبࣸواْکَطَࢽَّا,0.04918032786885246,0.2857142857142857
Infiraji_7.pdf_page_15_line_001,إِࢽْتَذࣸوْأَࢽْدَيْࢽَ يَاوࣸواْ طَࢽْ ڢَشِ کࣸواْکࣸواْ بَرَاوࣸواْ,إِࢽْتَذࣸوْأَࢽْدَيْࢽَ يَاوࣸواْ  طَࢽْ جَشِ کࣸواْکࣸواْبَرَاوࣸواْ,0.04918032786885246,0.5
Nana_Asmāʾu_The_Absolute_Truth_1_Nana_Asmāʾu_Tabbat_Haqiqan_1.pdf_page_8_line_004,وَࢽْسࣸ ثَࢽْ غࣸوبٜيٰ ذَاسࣸࢽَاثَࢽْ سَعِيرَا   وَࢽْسࣸ سِجِّيࢽࣸ وَسࣸ کࣸوثَࢽْ غسَڧࣸرَا,وَࢽْسࣸ ثَࢽْ غࣸوبٜيٰ ذَاسࣸࢽَاثَࢽْ سَعِيرَا   وَࢽْسࣸ سِجِّيࢽࣸ وَࢽْسࣸ کࣸوثَࢽْ غَسَڧّرَا,0.04938271604938271,0.2
Nana_Asmāʾu_The_Authentic_Path_Nana_Asmāʾu_Godaben_Gaskiya.pdf_page_4_line_003,دَکࣸوصَدَڧَادَيْدَيْ دَإِيکࣸوغَدࣸوکِيَا     کَبَادَڢَرِيبَا مَيْيَوَاغَمࣸحَمَّدَا,دَکࣸوصَدَڧَادَيْدَيْ دَاإيکࣸوغَدࣸوکِيَا   کَبَادَڢَرِيبَا مَيْيَوَاغَمࣸحَمَّدَا,0.04938271604938271,0.25
MAF_286.pdf_page_7_line_005,يَيْ کِرَايَاثٜيٰ دَشِي يَا مࣸحَمَّدَا ؞ سَرْکِࢽْکَ يَاغَيْشٜيکَ سِيدِ مࣸحَمَّدَا,يَيْ کِرَايَاثٜيٰ دَشِي يَامࣸحَمَّدࣸ ؞ سَرْکِࢽْکَ يَاغَيْشٜکَ سِيدِ مࣸحَمَّدَا,0.04938271604938271,0.3
Infiraji_12.pdf_page_2_line_006,ذࣸوْالْجَلَالِ کَسَامࣸڢَرْکَا    ذࣸوثِيَرْمࣸ تَدَيْࢽَ شَکَّا,ذࣸوْالْجَلَالِ کَسَامࣸڢَرْکَا ذࣸوثِيَرْمࣸ تَدَيْࢽَ شَکَّا,0.05,0.0
Infiraji_12.pdf_page_13_line_011,سَࢽْدَذَاسࣸ ثِي مࣸواْرِيَرْکَ    بَاکَسࣸواْسࣸغَ أَرْزِکِࢽْکَ,سَࢽْدَذَاسࣸ ثِي مࣸواْرِيَرْکَ  بَاکَسࣸواْسࣸغَ أرْزِکِࢽْکَ,0.05,0.2
Infiraji_12.pdf_page_8_line_001,يَࢽْڧَشِي سَيْبِي دَبَرْثِي   سࣸࢽْ رࣸڢٜىٰتَ أمَىْ رَشِࢽْ ثِي,يَࢽْڧَشِي سَيْبِي دَبَرْثِي  سࣸࢽْ رࣸڢٜيٰتَ أَمَىْ رَشِࢽْ ثِي,0.05,0.25
Warning_Gargaɗi_Infiraji_2.pdf_page_14_line_013,إِࢽْࢽَرَاڟَ کࣸڢَيْ زࣸبَبَّيٰ سَي ࢽِکَࢽْ تࣸࢽَ يَوْدَغࣸواْبٜيٰ,إِࢽْ ࢽَرَاڟَ کࣸڢَيْ زࣸبَبَّيٰ سَيْ ࢽِکَࢽْ تࣸࢽَ يَوْدَغࣸوْاْبٜيٰ,0.05,0.5714285714285714
Infiraji_5.pdf_page_14_line_002,کࣸوْاْغَأَوْرٜيٰمَادَشِࢽٜيٰ    کَࢽْ کَتَرْثِ أَحَيڢِ وَاࢽٜيٰ,کࣸوْاْغَأَوْرٜيٰمَادَشِࢽٜيٰ  کَࢽْ کَتَرْثِ أَحَيْڢِ وَاࢽٜيٰ,0.05,0.2
Infiraji_5.pdf_page_13_line_004,مَيْ غࣸجٜيٰمَ مِجِي غَکࣸاࢽَا    دࣸࢽْ يَوَࢽْ ذَاڢِࢽْ ڧِيَاࢽَا,مَيْ غࣸجٜيٰمَ مِجِي غَکَࣸاࢽَا  دࣸࢽْ يَوَࢽْ ذَاڢِࢽْ ڧِيَاࢽَا,0.05,0.125
Infiraji_4.pdf_page_32_line_006,دࣸکْ أَسَاݒَاکَࢽْ وَلِثِّي   تࣸوْاْدَشِي أَوْرٜيٰࢽْ کَݒَاثِي,دࣸکْ أَسَابَاکَࢽْ وَلِثِّي  تࣸوْاْدَشِي أَوْرٜيٰࢽْ کَبَاثِي,0.05,0.3333333333333333
Infiraji_8.pdf_page_10_line_007,وَࢽْسࣸ کࣸواْدَيْدَيْ دَإِسْکَا   ذَاسࣸ ڧٜيٰتَرَ بَابࣸ سَکَّا,وَࢽْسࣸ کࣸواْدَيْدَيْ دَإِسْکَا  ذَاسࣸ ڧٜيٰتَرَبَابࣸ شَکَّا,0.05,0.42857142857142855
Infiraji_11.pdf_page_3_line_013,دࣸوࢽْ مࣸتࣸࢽْ ࢽٜىٰ شِى کَرِيمِ    مَىْ يَوَࢽْ هَڧࣸرِي عَلِيمِ,دࣸوࢽْ مࣸتࣸࢽْ ࢽٜىٰ شِى کَرِيمِ  مَىْ يَوَࢽْ هَڧࣸرِي حَلِيمِ,0.05,0.1111111111111111
Infiraji_4.pdf_page_46_line_009,دࣸࢽْ سࣸکَࢽْجِ کِرَاوࣸرِࢽْمࣸ    سَىْ سࣸثٜىٰ بَࢽْ غَسْکِيَرْمࣸ,دࣸࢽْ سࣸکَࢽْجِ کِرَاوࣸرِࢽْمࣸ  سَيْ سࣸثٜىٰ بَࢽْ غَسْکِيَرْمࣸ,0.05,0.14285714285714285
Infiraji_5.pdf_page_15_line_002,کࣸوْاْمَذَاحَتَّىٰ غَمَاتَا    کࣸوْاْلَلࣸورَࢽْ سࣸࢽْ يَوَيْتَ,کࣸوْاْمَذَاحَتَّىٰ غَمَاتَا کࣸوْاْلَلࣸورَࢽْ سࣸࢽْ يَوَيْتَ,0.05,0.0
Infiraji_9.pdf_page_9_line_007,طَࢽْْسࣸواْ بَيْيِي کَرَاتࣸواْ غࣸࢽْسࣸبَا   سࣸࢽْکَاسَ ذَمْࢽٜيٰ سࣸࢽَاݣࣸطَيِࢽْ مِيَا,طَࢽْسࣸواْ بَيْيِي کَرَاتࣸوا غࣸࢽْسࣸبَا  سࣸࢽْکَاسَ ذَمْࢽٜيٰ سࣸࢽَاکࣸطَيِࢽْ مِيَا,0.05,0.375
Infiraji_5.pdf_page_9_line_008,کَرْکَ أَْوْرِطِيَرْدَغَاتَا    بَيْ إِشٜيٰتَبَ بَاࢽَغَرْتَا,کَرْکَ أَوْرِطِيَرْدَغَاتَا   بَىْ إِشٜيٰتَبَ بَاࢽَغَرْتَا,0.05,0.4
Infiraji_5.pdf_page_11_line_011,بَاسࣸدَيْ ڧَوْࢽَرْ حࣸشِࢽْسَا    دࣸࢽْ غࣸدࣸࢽْ سَاتَرْأَبِࢽْسَا,بَاسࣸدَيْ ڧَوْࢽَرْحࣸشِࢽْسَا  دࣸࢽْ غࣸدࣸࢽْ سَاتَرْأَبِࢽْسَا,0.05,0.3333333333333333
Infiraji_8.pdf_page_29_line_001,سَيْ أَثٜيٰ دࣸومِࢽْ سࣸڧࣸوࢽٜيٰ   سِيدِ مࣸࢽْ مࣸࢽْتَدَّکَيْࢽٜيٰ,سَيْ أَثٜيٰ دࣸومِࢽْ سࣸڧࣸوࢽٜيٰ سِيدِمࣸࢽْ مࣸࢽْتَدَّکَيْࢽٜيٰ,0.05,0.2857142857142857
Infiraji_6.pdf_page_15_line_010,تَيْ ثِدَࢽْتَ تَمࣸوْاْڟَ رࣸورِ   کࣸوْاْإِࢽَابِسَ ࢽَاتَرࣸورِِ,تَيْ ثِدَࢽْتَ تَمࣸوْاْڟَ رࣸورِ کࣸوْاْإِࢽَابِسَ ࢽَاتَرࣸورِ,0.05,0.16666666666666666
Infiraji_8.pdf_page_17_line_011,سࣸواْشِسَࢽْتࣸ غَهَلَّکَاࢽَيْ   کَيْ کَطَيْ کَاسَمَّ کࣸوْمَيْ,سࣸواْشِسَࢽْتࣸ غَهَلَّکَاࢽَيْ  کَيْ کَطَيْ کَاسَمَّ کࣸوْمَيْ,0.05,0.16666666666666666
Infiraji_8.pdf_page_3_line_013,دࣸکْ أَبِࢽْدَمࣸتࣸمْ يَرِسْکَا    شِي مَأَوْࢽِي ذَاشِ طَوْکَا,دࣸکْ أَبِࢽْدَمࣸتࣸمْ يَرِسْکَا شِي مَأَوْࢽِي ذَاشِ طَوْکَا,0.05,0.0
The_Harlots_Song_Waƙar_Karuwa.pdf_page_4_line_003,کِطَࢽْ کَارࣸوَيْ بَابࣸ تَࢽْکَرْ يَغࣸوغٜي,کِطَࢽْ کَارࣸوَيْ بَابࣸ تَࢽْکَرْيَڢࣸوغٜي,0.05,0.4
Infiraji_5.pdf_page_4_line_001,تَمْبَيَاتَاإِࢽْ إِيَايٜيٰ   وَࢽْدَ سࣸࢽْکَ ذَمࣸواْ ࢽَرَايٜيٰ,تَمْبَيَاتَاإِࢽْ إِيَايٜيٰ  وَࢽْدَسࣸࢽْکَ ذَمࣸواْࢽَرَايٜيٰ,0.05,0.6666666666666666
Infiraji_9.pdf_page_4_line_011,کَاغَاتَايَارَاڧَࢽْڧَࢽَا   سࢽْڧِ أَمْرٜيٰ سَيْ يَاوࣸو سࣸکٜيٰ,کَاغَاتَايَارَاڧَࢽْڧَࢽَا  سࣸࢽْڧِ أَمْرٜيٰ سَيْ يَاوࣸوسࣸکٜيٰ,0.05,0.5
Infiraji_8.pdf_page_12_line_011,يࣸواْمَ کَيْ ڧَرْيَرْوَلِتَّا  ࢽَاثِکِࢽْ کࣸواْکࣸواْشَرِڢَتَا,يࣸواْمَ کَيْ ڧَرْيَرْوَلِتَّا  ࢽَاثِکِي کࣸواْکࣸواْشَرِڢْتَا,0.05,0.4
Infiraji_4.pdf_page_14_line_005,سࣸوڢَ يَٜي وࣸتَ کَاڢِرَيْࢽٜيٰ   مَاسࣸ بِࢽْسࣸ مࣸࢽَاڢِکَيْࢽٜيٰ,سࣸوڢَ يَٜࢽْ وࣸتَ کَاڢِرَيْࢽٜيٰ  مَاسࣸ بِࢽْسࣸ مࣸࢽَاڢِکَيْࢽٜيٰ,0.05,0.14285714285714285
Warning_Gargaɗi_Infiraji_2.pdf_page_7_line_002,وَࢽْدَبࣸيْيِ غَمࣸࢽْ کَتَرْبَا    بَاشِ کࣸواْسَامࣸࢽْ إِجَابَا,وَࢽْدِبࣸيْيِ غَمࣸࢽْ کَتَرْبَا  بَاشِ کࣸواْسَامࣸࢽْ إِجَابَا,0.05,0.16666666666666666
Knowledge_to_Follow_God_Gandal_Fii_Rewugol_Alla.pdf_page_5_line_018,عٜاَلنِّيَادٜوَلاَيَاکࣸلࣸ عࣽذَامَتَاوَالاَيَشْرِبࣸ عࣽيَرَتَا,عٜࡶَلنِّيَادٜوَلاَيَاکࣸلࣸ عࣽذَامَتَاوَالاَيَشَرِبࣸ عࣽيَرَّتَا,0.05,1.0
Infiraji_3.pdf_page_18_line_005,دَࢽْ إِسَشٜيٰࢽْ هَࢽْکَلِࢽْسࣸ    بَاسࣸ سࣸوࢽْ سَاݒࣸࢽْ مَزَࢽْسࣸ,دَࢽْ إِسَشٜيٰࢽْ هَࢽْکَلِࢽْسࣸ  بَاسࣸ سࣸوࢽْ سَابࣸࢽْ مَزَࢽْسࣸ,0.05,0.14285714285714285
Nana_Asmāʾu_The_Absolute_Truth_1_Nana_Asmāʾu_Tabbat_Haqiqan_1.pdf_page_10_line_008,عِيسَى تَخْمِيسِ يَيِّ کࣸويَاخَلِيلِي  يَيِّ حَوسَࢽْثٜيٰ کࣸࢽْجِ شِيکࣸو دَلِيلِي,عِيسَي تَخْمِيسِ يَيِّ کࣸويَاحَلِيلِي    يَيِّ حَوسَࢽْثٜيٰ کࣸࢽْجِ شِيکࣸو دَلِيلِي,0.05063291139240506,0.2222222222222222
Nana_Asmāʾu_The_Absolute_Truth_1_Nana_Asmāʾu_Tabbat_Haqiqan_1.pdf_page_4_line_001,حَکَ مَيْ يِࢽْ ڢࣸشِي شِيࣸومَيْ ڧّّࢽَࢽْثِي  کࣸوجَڢَاࢽِي حَڧِيڧَابَيْيࣸومࣸتࣸمْثِي,حَکَ مَيْ يِࢽْ ڢࣸشِي شِيࣸومَيْ ڧَࢽَࢽْثِي  کࣸوجَڢَاࢽِي حَڧِيڧَابَيْيࣸومࣸتَمْتِي,0.05063291139240506,0.25
Infiraji_4.pdf_page_18_line_010,کاغَ دࣸࢽْ وَحَلَاسࣸࢽَرْکٜيٰ سَيْ سࣸکࣸواْمࣸواْدࣸࢽْ سࣸسَاکٜيٰ,کَاغَ دࣸࢽْوَحَلَاسࣸࢽَرْکٜيٰ  سَيْ سࣸکࣸواْمࣸواْدࣸࢽْ سࣸسَاکٜيٰ,0.05084745762711865,0.5
Infiraji_4.pdf_page_10_line_005,غَالِبِي دَحَڧࣸوڧࣸوَاࢽٜيٰ    کٜيٰ ڟَرٜيٰسࣸ أَࢽَࢽْ وࣸيَاࢽٜيٰ,غَالِبِي دَحَڧࣸوڧࣸوَاࢽٜيٰ کٜيٰ ڟَرٜيٰسࣸ أَࢽَࢽْ وࣸيَاࢽٜيٰ,0.05084745762711865,0.0
Infiraji_4.pdf_page_3_line_011,غࣸومَ طَيْ ࢽٜيٰ ذَاسࣸ ࢽࣸوࢽَا   سَيسࣸ ݒࣸويٜيٰ تَرَرْدَڧَوࢽَا,غࣸومَ طَيْ ࢽٜيٰ ذَاسࣸ ࢽࣸوࢽَا  سَيْسࣸ ݒࣸويٜيٰ تَرَرْدَڧَوْࢽَا,0.05084745762711865,0.25
Infiraji_3.pdf_page_15_line_013,سَيْدَجِࢽْ مࣸتࣸوَاأَࢽٜيٰسَا   ࢽَࢽْ أَکَࢽْغَ ڢَکَرْسَشِࢽْسَا,سَيْدَجِࢽْ مࣸتࣸوَاأَࢽٜىٰسَا  ࢽَࢽْ أکَࢽْغَ ڢَکَرْسَشِࢽْسَا,0.05084745762711865,0.4
Infiraji_7.pdf_page_11_line_008,دَࢽْ يَوَࢽْ ڢَضَلَرْرِسَالَهْ کَرْکَبَرْمࣸ ثِکِࢽْ جَهَالَهْ,دَࢽْ يَوَࢽْ ڢَصَلَرْرِسَالَهْ  کَرْکَبَرْمࣸ ثِکِࢽْ جَصَالَهْ,0.05084745762711865,0.3333333333333333
Warning_Gargaɗi_Infiraji_2.pdf_page_16_line_005,سَيْ مࣸدَيْࢽَ ڢَطِࢽْ حَلِࢽْتَ   ࢳَيْ أࣸوَا مَيِ تَتَّلِࢽْتَ,سَيْ مࣸدَيْࢽَ ڢَطِࢽْ حَلِࢽْتَ  ࢳَࢽْ أࣸوَامَيِ تَتَّلِࢽْتَ,0.05084745762711865,0.375
Infiraji_11.pdf_page_13_line_011,بَاشِ سࣸوࢽْ مَىْ ڟٜغࣸمِࢽْکَ   بَاشِ ذَرْغِࢽْ مَىْ يَبࣸوࢽْکَ,بَاشِ سࣸوࢽْ مَيْ ڟٰٜغࣸمِࢽْکَ   بَاشِ ذَرْغِࢽْ مَىْ بَبࣸوࢽْکَ,0.05084745762711865,0.375
Infiraji_8.pdf_page_17_line_014,سَيْ أَثٜيٰ مٜيٰࢽٜيٰ ࢽࣸڢَرْکࣸو   مِي بࣸکَاتَرْذࣸوثِيَتْ کࣸو,سَيْ أَثٜيٰ مٜيٰࢽٜيٰ ࢽࣸڢَرْکࣸو  مِي بࣸکَاتَرْذࣸوثِيَرْکࣸو,0.05084745762711865,0.2857142857142857
Infiraji_4.pdf_page_23_line_004,سَيْدَکࣸواْوَا يَاغَ بَاڧࣸواْ   دࣸکْ سکَࢽْ جࣸويَادَرࣸوڧࣸواْ,سَيْدَکࣸواْوَايَاغَ بَاڧࣸواْ  دࣸکْ سࣸکَࢽْ جࣸويَادَرࣸوڧࣸواْ,0.05084745762711865,0.5
Infiraji_8.pdf_page_8_line_005,ࣸࢽْ غَࢽِࢽْ وَحَلَاکࣸمَࢽْثٜيٰ دࣸࢽْ بِطَرْ کࣸيِي دࣸوکِيَاثٜيٰ,دࣸࢽْ غَࢽِࢽْ وَحَلَاکࣸمَࢽْثٜيٰ  دࣸࢽْ بِطَرْکࣸيِي دࣸوکِيَاثٜيٰ,0.05084745762711865,0.42857142857142855
Infiraji_8.pdf_page_26_line_001,سَىْ أَثٜىٰ جِبْرِيْلࣸ جٜىٰکَ    غࣸࢽْ مَڢِيڢِيثِࢽْ مَأَيْکَ,سَىْ أَثٜىٰ جِبْرِيلࣸ جٜىٰکَ  غࣸࢽْ مَڢِيڢِيثِࢽْ مَأَيْکَ,0.05084745762711865,0.14285714285714285
Infiraji_12.pdf_page_2_line_004,بࣸوطࣸوَرْمْڢِتَاغَتَرْکࣸواْ    دࣸࢽْ تَڢَرْکِ بَاکَدَرْکࣸواْ,بࣸوطࣸوَرْمَڢِتَاغَتَرْکࣸواْ  دࣸࢽْ تَڢَرْکِ بَاکَدَرْکࣸواْ,0.05084745762711865,0.25
The_Glorious_Majidu_Infiraji_1.pdf_page_4_line_005,إِࢽْجِ دَاطِي إِࢽْيِ مࣸرْࢽَا   إِࢽْغَ ڧَبَرِࢽ طَࢽْ أَمِيࢽَا,إِࢽْجِ دَاطِي إِࢽْيِ مࣸرْࢽَا  إِࢽْغَ ڧَبْرِࢽْ طَࢽْ أَمِيࢽَا,0.05084745762711865,0.125
Infiraji_11.pdf_page_2_line_004,إِࢽْ يَبࣸوࢽْ مَࢽْذࣸوْاْحَمَيدِ    ذࣸوشَڢَايَوْمَ الْمِعَادِ,إِࢽْ يَبࣸورْ مَࢽْذࣸوْاْحَمَيدِ  ذࣸوشَڢَايَوْمَ الْمِعَادِ,0.05084745762711865,0.2
Infiraji_5.pdf_page_12_line_014,بَاسࣸ سَࢽْيَيٜيٰ هَࢽْکَلِࢽْسࣸ   سࣸوࢽࣸڢِࢽْسࣸ أَبِࢽْ مَذَࢽْسࣸ,بَاسࣸ سَࢽْيَيٜيٰ هَلْکَلِࢽْسࣸ سࣸوࢽࣸڢِࢽْسࣸ أَبِࢽْ مَذَࢽْسࣸ,0.05084745762711865,0.16666666666666666
Infiraji_5.pdf_page_8_line_007,غَرْغَطِي شِي بَاشِ ڧَارٜيٰ    وَادَجٜي سَيْدَيْ أَدَوْرٜيٰ,غَرْغَطِي شِي بَاشِ ڧَارٜيٰ  وَادَجِي سَيْدَيْ أَدَوْرٜيٰ,0.05084745762711865,0.14285714285714285
Infiraji_4.pdf_page_17_line_004,کَرْࢽࣸکَࢽْ وࣸتَ سَيْ سࣸتَاشِ   دࣸکْ سࣸذَابࣸرࣸ سࣸيْتَ حَوْشِ,کَرْࢽࣸکَࢽْ وࣸتَ سَيْ سࣸتَاشِ  دࣸکْ سࣸذَابࣸرَسࣸيْتَ حَوْشِ,0.05084745762711865,0.25
Infiraji_8.pdf_page_27_line_008,دࣸࢽْ يَکَىْ مَࢽْذࣸويَغَࢽْسࣸ    ࢽَࢽْ جَهَࢽَّمَ سَيْتَ بَرْسࣸ,دࣸࢽْ يَکَيْ مَࢽْذࣸويَغَࢽْسࣸ  ࢽَࢽْ جَهَࢽَّمَ سَيْتَ بَرْسࣸ,0.05084745762711865,0.14285714285714285
Infiraji_8.pdf_page_27_line_013,سَىْ يَوَࢽْ حَسْکٜىٰ دَڧَمْشِي    مَيْيَوَࢽْ دَاطِي سࣸجِيشِ,سَيْ يَوَࢽْ حَسْکٜىٰ دَڧَمْشِي  مَيْيَوَࢽْ دَاطِي سࣸجِيشِ,0.05084745762711865,0.14285714285714285
Infiraji_12.pdf_page_13_line_014,وَابَ إࢽْ يَجِ مَاسࣸڧࣸواْسَ    سَىْ شِوَايِي غَرِي سࣸغَيْسَ,وَابَ إࢽْ يَجِ مَاسࣸڧࣸواْسَ  سَيْ شِوَايِي غَرِي سࣸغَيْسَ,0.05084745762711865,0.125
Infiraji_5.pdf_page_11_line_004,کࣸوْاْوَثٜيٰ دَرَجَرْغِدَࢽْسࣸ کٜيٰ رِڧࣸࢽْتَ إِرِࢽْ هَلِࢽْسࣸ,کࣸوْاْوَثٜيٰ دَرَجَرْغِدَࢽْسࣸ  کٜىٰ رِڧࣸࢽْتَ إرِࢽْ هَلِࢽْسࣸ,0.05084745762711865,0.3333333333333333
Infiraji_5.pdf_page_17_line_013,کَاغَ مَيْڧِࢽْ طَࢽْ أࣸوَࢽْسَ    دࣸࢽْ ڧَرَࢽْثِࢽْ أرْزِڧِࢽْسَ,کَاغَ مَيْڧِࢽْ طَࢽْ أࣸوَࢽْسَ  دࣸࢽْ ڧَرَࢽْثِࢽْ أَرْزِڧِࢽْسَ,0.05084745762711865,0.14285714285714285
Infiraji_7.pdf_page_14_line_005,سَيْڢَ رِيمّايٜيٰ دَݒَکّࣸواْ تࣸوبَ مَيْ سࣸࢽْ ࢽࣸوࢽَ ڢِيکࣸواْ,سَيْڢَ رِيمَايٜيٰ دَبَکّࣸوا  تࣸوبَ مَيْ سࣸࢽْ ࢽࣸوࢽَ ڢِيکࣸواْ,0.05084745762711865,0.25
Infiraji_4.pdf_page_15_line_006,وَࢽْسࣸ کࣸواْأَوࣸتَرْجَهِيمࣸ    کࣸواْوَࢽٜيٰ أَکَثٜيٰ أَرࣸومࣸ,وَࢽْسࣸ کࣸواْأَوࣸتَرْجَهِيمࣸ کࣸواْوَࢽٜيٰ أَکَثٜيٰ أَرࣸومࣸ,0.05084745762711865,0.0
Warning_Gargaɗi_Infiraji_2.pdf_page_3_line_005,غَرْغَطِي مَيْبَادَڟࣸوْرࣸوا   مَيْࢽࣸڢِي دَهَࢽِي دَهࣸوْرࣸواْ,غَرْغَطِي مَيْبَادَڟࣸوْرࣸواْ   مَيْࢽࣸڢِي دَمَࢽِي دَسࣸوْرࣸواْ,0.05084745762711865,0.6
Infiraji_12.pdf_page_13_line_004,دࣸࢽْ شِݣَيوْتَ طِيَࢽْ غِدَࢽْسَ    وَࢽْدَيَڧِ يَثࣸوثِ کَࢽْسَ,دࣸࢽْ شِکَيوْتَ طِيَࢽْ غِدَࢽْسَ  وَࢽْدَيَڧِ يَثࣸوثِ کَࢽْسَ,0.05084745762711865,0.14285714285714285
Infiraji_3.pdf_page_16_line_010,مَثٜيٰ إِࢽْتَاذَمْ تَکِرْکِ   سَيْ تَذَمْ مَيْ زَوْࢽْ طَاکِ,مَثٜيٰ إࢽْتَاذَمْ تَکِرْکِ  سَيْ تَذَمْ مَيْ زَوْࢽَ طَاکِ,0.05084745762711865,0.25
Infiraji_6.pdf_page_20_line_005,سَيْدَجِࢽْ مَغَࢽَرْيَتَاشِ    دࣸࢽْ ࢽَوَࢽْسࣸ شِکَࢽْيِي ࢽِيشِ,سَيْدَجِࢽْ مَغَࢽَرْيَتَاشِ  دࣸࢽْ ࢽَوَࢽْسࣸ شِکَࢽْيِ ࢽِيشِ,0.05084745762711865,0.16666666666666666
Infiraji_4.pdf_page_25_line_010,وَࢽْسࣸ أࢽْطَوْرٜيٰ دّمَلْوَا  سࣸࢽْ وَحَلْتَ ڧِشِي دَيِࢽْوَا,وَࢽْسࣸ أَࢽْطَوْرٜيٰ دَمَلْوَا سࣸࢽْ وَحَلْتَ ڧِشِي دَيِࢽْوَا,0.05084745762711865,0.2857142857142857
ELIT_WAN_00130_012v_line_008,مسى اه اعظم به ڢى الفدرمت لة ؞ مࢽ فاب فوسيࢽ لم تدرک ولم نتل,مسى اء اعظم به ڢى الفدرمن لة ؞ مࢽ فاب فوسيࢽ لم تدرک ولم تتل,0.05084745762711865,0.2
Infiraji_5.pdf_page_12_line_001,طَࢽْسࣸ کࣸوْاْطَࢽْ کِشِيَرْسࣸ   دࣸکْ أَدَيْدَيْ ذَاسࣸ غَࢽْسࣸ,طَࢽْسࣸ کࣸواْطَࢽْ کِيشِيَرْسࣸ  دࣸکْ أَدَيْدَيْ ذَاسࣸ غَࢽْسࣸ,0.05084745762711865,0.2857142857142857
MAF_286.pdf_page_4_line_002,يَابَاشِي لَابَارࣸودَبَاسࣸ غَأَوْلِيَا؞ دَبَاسࣸ غَمَالࣸمَاࢽَسࣸࢽَّࢽْ مࣸحَمَّدَا,يَابَاشِي لَابَارࣸودَبَاسࣸ غَأَوْلِيَا ؞  دَبَاسࣸ غَمَالࣸمَّاࢽَسࣸࢽَّرْ مࣸحَمَّدَا,0.05128205128205128,0.5
Nana_Asmāʾu_The_Absolute_Truth_1_Nana_Asmāʾu_Tabbat_Haqiqan_1.pdf_page_1_line_016,بَاشِ حࣸجَّا غَغࣸوبٜيٰ تَبَّتْ حَڧِيڧَا,بَاشِ حࣸجَّاغَغࣸوبٜيٰ تَبَّتْ حَڧِيڧََا,0.05128205128205128,0.6
Nana_Asmāʾu_The_Absolute_Truth_1_Nana_Asmāʾu_Tabbat_Haqiqan_1.pdf_page_3_line_003,سࣸوکَمࣸتْوَاغَغࣸوبٜيٰ تَبَّتْ حَڧِيڧََا,سࣸوکَمࣸتࣸوَاغَڧࣸوبٜيٰ تَبَّتْ حَڧِيڧََا,0.05128205128205128,0.3333333333333333
Nana_Asmāʾu_The_Absolute_Truth_1_Nana_Asmāʾu_Tabbat_Haqiqan_1.pdf_page_1_line_013,شِيکَ مࣸتࣸوَا دَجَهْلࣸ تَبَّتْ حَڧِيڧَا,شِيکَ مࣸتࣸوَادَجَهْلࣸ تَبَّتْ حَڧِيڧََا,0.05128205128205128,0.6
Nana_Asmāʾu_The_Absolute_Truth_1_Nana_Asmāʾu_Tabbat_Haqiqan_1.pdf_page_2_line_012,شِيکَ ڟِيرَا غغࣸوبٜيٰ تَبَّتْ حَڧِيڧََا,شِيکَ ڟِيرَاغَغࣸوبٜيٰ تَبَّتْ حَڧِيڧََا,0.05128205128205128,0.4
Nana_Asmāʾu_The_Absolute_Truth_1_Nana_Asmāʾu_Tabbat_Haqiqan_1.pdf_page_9_line_014,غَسْکِيَاࢽَاڢَطِࢽْغَ دࣸکْ کࣸࢽْجِ حَڧََّا  يَاجَمَاعَامتࣸوبَ دࣸࢽْ وَࢽْدَحَڧََّا,غَسْکِيَاࢽَاڢَطِࢽْغَ دࣸکْ کࣸࢽْجِ حَڧَّا  يَاجَمَاعَامࣸتࣸوبَ دࣸࢽْ وَࢽْدَحَڧَّ,0.05128205128205128,0.42857142857142855
MAF_286.pdf_page_6_line_012,أَݣࣸيْ وَتَاکَرَامَ تَسْ دَأَکَ غَࢽْتَ يَٜࢽْاءࣸوَا ؞  دࣸکْ أَکِيَ الْعَجَبِي کࣸسَوْرَارِ ڢَاءِدَا,أَݣࣸي وَتَاکَرَامَ تَسْ دَأَکَ غَࢽْتَ يَࢽْاءࣸوَا ؞  دࣸکْ أَکِيِ اَلْعَجَيِي کࣸسَوْرَارِ ڢَاءِدَا,0.05154639175257732,0.3333333333333333
MAF_286.pdf_page_5_line_002,يَثٜيٰ مࣸسࣸ کࣸجٜيٰ إِࢽْ کࣸࢽْغَ رَوْࢽِي جِکِࢽْ طَيَا ؞ بَࢽْ ذَمَ ࢽٜيٰࢽٜيٰ مَهْدِ جِکَࢽْ مࣸحَمَّدَا,يَثٜيٰ مࣸسࣸ کࣸجٜيٰ إِࢽْ کࣸࢽْغَ رَوْࢽِي جِکِࢽْ طَيَا ؞  بَࢽَْ ذَمَ ࢽٜيٰࢽٜي مَهْدِ جِيَکَࢽْ مࣸحَمَّدَا,0.05154639175257732,0.2
Warning_Gargaɗi_Infiraji_2.pdf_page_7_line_011,ڧࣸواْڧَرِࢽْسَ شِکَࢽْڢِ أوْکِ   ࢽٜيٰ أَڧَارَدَرٜيٰ دَتَاکِي,ڧࣸواْڧَرِࢽْسَ شِکَࢽْڢِ أَوْکِ ࢽٜيٰ أَڧَارَدَرٜيٰ دَتَاکِي,0.05172413793103448,0.16666666666666666
Infiraji_4.pdf_page_43_line_006,سَيْدَجِࢽْ مَغَࢽَرْيَتَاشِ    دࣸࢽْ ࢽَوَࢽْسࣸ شِکَࢽْيِي ࢽِيش,سَيْدَجِࢽْ مَغَࢽَرْيَتَاشِ  دࣸࢽْ ࢽَوَࢽْسࣸ شِکَࢽْيِي ࢽِيشِ,0.05172413793103448,0.16666666666666666
Infiraji_8.pdf_page_23_line_010,سَىْ يَثٜىٰ دࣸکَ مَاسࣸ عَيْبِ    جَلَّ عَلَّامࣸ الْغࣸيࣸوبِ,سَىْ يَثٜىٰ دࣸکَ مَاسࣸ عَيْبِ  جَلَّ عَلَّامࣸ الْڧࣸيࣸوبِ,0.05172413793103448,0.125
Infiraji_3.pdf_page_11_line_002,بَاأَوَࢽْکٜيٰوَاکࣸسَࢽْدَي   سࣸࢽْڢِ کࣸواْوَادࣸوࢽْ سَهِيدَيْ,بَاأَوَࢽْکٜيٰوَاکࣸسَࢽْدَيْ  سࣸࢽْڢِ کࣸواوَادࣸوࢽْ شَهِيدَيْ,0.05172413793103448,0.75
Infiraji_12.pdf_page_6_line_010,بَىْ رَبَاسࣸ دَمَاسࣸ شِرْکَا    دࣸکْمَڟَاڢِي دَيْࢽَ شَکَّا,بَىْ رَبَاسࣸ دَمَاسࣸ شِرْکَا  دࣸکْ مَڟَاڢِي دَيْࢽَ شَکَّا,0.05172413793103448,0.2857142857142857
Warning_Gargaɗi_Infiraji_2.pdf_page_15_line_007,دَࢽْدَلِࢽْوࣸ ࢽَثِࢽْ أَبِࢽْثِ   بَابࣸ کࣸواْ وَسَيْ کࣸمࣸرْثِ,دَࢽْدَلِࢽْسࣸ ࢽَثِࢽْ أَبِࢽْثِ  بَابࣸ کࣸواْوَسَيْ کࣸمࣸرْثِ,0.05172413793103448,0.42857142857142855
Infiraji_12.pdf_page_10_line_004,مَاغَࢽِࢽْ ڢِتࣸوَرْحَڧࣸورِي    دࣸکْ تَسَامَکَ شِي أَدَوْرِي,مَاغَࢽِࢽْ ڢِتࣸوَرْحَڧࣸورِ  دࣸکْ تَسَامَکَ شِي أَدَوْرِي,0.05172413793103448,0.16666666666666666
Infiraji_4.pdf_page_4_line_014,کَرْکَبَرْࢽِ أَجٜيٰ أَبَاسَࢽْ   وَࢽْغَ عيْبِ ࢽَاوَ کَاسَࢽْ,کَرْکَبَرْࢽِ أَجٜيٰ أَبَاسَࢽْ  وَࢽْغَ عَيْبِ ࢽَاوَکَاسَࢽْ,0.05172413793103448,0.42857142857142855
Infiraji_5.pdf_page_5_line_007,أَدّࣸعَرْدَسࣸکَيْمَ کَࢽْسࣸ    وَࢽْدَيَاڟَرٜيٰ تَيْمَکࣸࢽْسࣸ,أَدّࣸعَرْدَسࣸکَيْمَ طَࢽْسࣸ  وَࢽْدَيَاڟَرٜيٰ تَيْمَکࣸࢽْسࣸ,0.05172413793103448,0.25
Infiraji_3.pdf_page_12_line_005,مَيْ جِکِي دࣸومِࢽْ شِ ڧَيَاڢٜيٰ   شِي دَڟࣸمَّازَاأَشَاڢٜيٰ,مَيْ جِکِي دࣸومِرْشِ ڧَيَاڢٜيٰ  شِي دَڟࣸمَّازَاأَشَاڢٜيٰ,0.05172413793103448,0.2857142857142857
Infiraji_8.pdf_page_10_line_008,وَࢽْسࣸ کࣸواْ سَبَبِي دَشِرْکَا   يَاحَࢽَاسࣸوثٜيٰ دَسࣸوکَرْ,وَࢽْسࣸ کࣸواْسَبَبِي دَشِرْکَا  يَاحَࢽَاسࣸوࣸثٜيٰ دَسࣸوکَرْ,0.05172413793103448,0.5
Infiraji_3.pdf_page_17_line_007,لَاغِرَࢽْتَ تَکٜيٰ بࣸکَاتَا   بَاأࣸبَࢽْتَبَ کࣸوْاأࣸوَࢽْتَا,لَاخِرَࢽْتَ تَکٜيٰ بࣸکَاتَا  بَاأࣸبَࢽْتَبَ کࣸواأࣸوَࢽْتَا,0.05172413793103448,0.4
Infiraji_8.pdf_page_22_line_007,سَيْدَيَٜࢽْوࣸتَ سࣸࢽْ ڟَࢽَࢽْتَا    ࢽَاسࣸ کࣸوکَايَاڟَࢽَࢽْتَا,سَيْدَيَࢽْوࣸتَ سࣸࢽْ ڟَࢽَࢽْتَا  ࢽَاسࣸ کࣸوکَايَاڟَࢽَࢽْتَا,0.05172413793103448,0.2
Infiraji_4.pdf_page_7_line_012,مࣸوࢽࣸڢِࢽْمࣸ دَکࣸوسَࢽِيࢽٜيٰ    طَايَثٜيٰ وَࢽِي مَالَمِيࢽٜيٰ,مࣸوࢽࣸڢِࢽْمࣸ دَکࣸوسَࢽِيࢽٜيٰ طَايَثٜيٰ وَࢽِي مَالَمِيࢽٜيٰ,0.05172413793103448,0.0
Infiraji_4.pdf_page_33_line_012,وَࢽْدَبَىْ تࣸࢽَ لَاخِرَابَا    يَاحَطَمَّتَ بَىْ سَࢽِيْبَا,وَࢽْدَبَىْ تࣸࢽَ لَاخِرَابَا  يَاحَطَمَّتَ بَىْ سَࢽِيبَا,0.05172413793103448,0.16666666666666666
Infiraji_8.pdf_page_10_line_010,وَࢽْسࣸ کࣸوْا تَمْکَرْ دَوَاکِ   ذَاسࣸ شࣸوطٜيٰ کࣸواْيَجَاکِ,وَࢽْسࣸ کࣸوْاتَمْکَرْدَوَاکِ  ذَاسࣸ شࣸوطٜيٰ کࣸواْيَجَاکِ,0.05172413793103448,0.42857142857142855
Warning_Gargaɗi_Infiraji_2.pdf_page_16_line_004,تࣸࢽْدَدَيْ مࣸکَ سَࢽْ أَکࣸويْتَ   بَامࣸ شَکَّرْأَوْکࣸوْرْتْ,تࣸࢽْدَدَيْ مࣸکَ سَࢽْ أَکࣸويْتَ  بَامࣸ شَکَّرْأَوْکࣸوَرْتَ,0.05172413793103448,0.16666666666666666
Infiraji_8.pdf_page_6_line_011,مࣸوࢽࣸڢِࢽْمࣸ دَکࣸوسَࢽِيࢽٜيٰ    طَايَثٜيٰ وَࢽِي مَالَمِيࢽٜيٰ,مࣸوࢽࣸڢِࢽْمࣸ دَکࣸوسَࢽِيࢽٜيٰ طَايَثٜيٰ وَࢽِي مَالَمِيࢽٜيٰ,0.05172413793103448,0.0
Infiraji_4.pdf_page_47_line_008,کَرْکَثࣸوثِي ذَمَامِيَرْکࣸ   کࣸوْاْأَکࣸيْ بَارٜيٰ ثِکِࢽْکࣸ,کَرْکَثࣸوثِي ذَمَامِيَرْکࣸ کࣸوْاْأَݣࣸيْ بَارٜيٰ ثِکِࢽْکࣸ,0.05172413793103448,0.2
Knowledge_to_Follow_God_Gandal_Fii_Rewugol_Alla.pdf_page_3_line_005,وَعَدَمࣸ ࡼلْفࣸدْرَةࣸعٜوَيْدٜوَوْدٜعَلَىَٰ ࡹِسْتِعْمَالِهِ>,وَعَدَمࣸ ࡼلفࣸدْرَةࣸعٜوَيْدٜوَوْدٜعَلَى ࡹِسْتِعْمَالِهِ>,0.05172413793103448,0.25
Infiraji_6.pdf_page_16_line_013,دَارِيَادَغَࢽِࢽْ ڟِرَيْثِي     غࣸࢽْ مࣸسࣸلْمِي ڢَاسِڧَࢽْثِي,دَارِيَادَغَࢽِࢽْ ڟِرَيْثِي  غࣸࢽْ مࣸسࣸلْمِي ڢَاسِڧَࢽْثِي,0.05172413793103448,0.0
Infiraji_6.pdf_page_8_line_014,ايَࢽْذࣸدࣸࢽَيَاڧَارَ شٜيٰࢽٜيٰ  سَيْکَ لࣸورَ أَيَوْمࣸتَاࢽٜيٰ,يَࢽْذࣸدࣸࢽْيَاڧَارَشٜيٰࢽٜيٰ  سَيْکَ لࣸورَ أَيَوْمࣸتَاࢽٜيٰ,0.05172413793103448,0.4
Infiraji_3.pdf_page_12_line_002,يَٜاتَࢽَاوَࢽْکَࢽْ أࣸبَࢽْتَا    هَرْأࣸوَاࢽَاوَࢽْکٜيٰ طَࢽْتَ,يَاتَࢽَاوَࢽْکَࢽْ أࣸبَࢽْتَا  هَرْأࣸوَاࢽَاوَࢽْکٜيٰ طَࢽْتَ,0.05172413793103448,0.25
Infiraji_4.pdf_page_36_line_009,سَادَيَٜࢽْ سِحِرِي غَلَيْڢِي   ذَاأکَࢽْ بِطَ ࢽَاسࣸ جَوْڢِي,سَادَيَࢽْ سِحِرِي غَلَيْڢِي  ذَاأَکَࢽْ بِطَ ࢽَاسࣸ جَوْڢِي,0.05172413793103448,0.2857142857142857
Infiraji_5.pdf_page_12_line_002,بَاسࣸ رَرَّبَ تَتَّلِࢽْسࣸ    دࣸࢽْ يَوَࢽْ بِࢽْ غَسْکِيَرْسࣸ,بَاسࣸ رََّبَ تَتَّلِࢽْسࣸ  دࣸࢽْ يَوَࢽْ بِࢽْ غَسْکِيَرْسࣸ,0.05172413793103448,0.14285714285714285
ELIT_WAN_00130_014v_line_004,من جل ذلک ڢى الفرءاࢽ کرره ؞ بل اوضح الامࢽ ڢى معنا ه بالمثل,مࢽ اجل ذلک ڢى الفرءاࢽ کرره ؞ بل اوضح الامࢽ ڢى معناه بالمثل,0.05172413793103448,0.2857142857142857
Infiraji_12.pdf_page_10_line_007,حَرْأَݣࣸىْ ثࣸوتَابَيَمَّا    وَࢽْسࣸ تࣸࢽْ أَثِکِࢽْ بَشِيمَا,حَرْأَݣࣸيْ ثࣸوتَابَيَمَّا  وَࢽْسࣸ تࣸࢽْ أَثِکِࢽْ بَشِيمَا,0.05172413793103448,0.16666666666666666
Infiraji_6.pdf_page_16_line_014,حَرْڧَذَڢْ حَرْغَرْدࣻمَࢽْثِي   سَارِيَاءࣸ دَثِࢽْ مࣸتࣸࢽْثِي,حَرْڧَذَڢْ حَرْغَرْدَمَࢽْثِي  سَارِيَاءࣸدَثِࢽْ مࣸتࣸࢽْثِي,0.05172413793103448,0.6
Infiraji_8.pdf_page_25_line_001,سَىْ يَکَࢽْ جࣸويَادَکࣸوکَا     غࣸࢽْ تَعَالَى جَلَّ ڢࣸسْکَا,سَىْ يَکَࢽْ جࣸويَادَکࣸوکَا  غࣸࢽْ تَعَالَى جَلَّ ڢࣸسْکَا,0.05172413793103448,0.0
Infiraji_6.pdf_page_20_line_013,سَىْ مࣸحَمَّدࣸدࣸࢽْ کَمَالَى    تَىْ دَذَابَبّٜىٰࢽْ أدَالَى,سَىْ مࣸحَمَّدࣸدࣸࢽْ کَمَالَى  تَىْ دَذَابَبّٜىٰࢽْ أَدَالَى,0.05172413793103448,0.16666666666666666
Infiraji_8.pdf_page_30_line_004,سَيْ سࣸذࣸو سࣸڢَشٜيٰ دَکࣸوکَا   غࣸࢽْ مَڢِيڢِيثِࢽْ مَأَيْکَا,سَيْ سࣸذࣸوسࣸڢَشٜيٰ دَکࣸوکَا    غࣸࢽْ مَڢِيڢِيثِࢽْ مَأيْکَا,0.05172413793103448,0.42857142857142855
Infiraji_12.pdf_page_7_line_011,تࣸࢽْ أࢽَࢽْ وَحَلَاتَسࣸواْمَا    حَرْثِکِࢽْتَ يَڢَارَذِمَّا,تࣸࢽْ أَࢽَࢽْ وَحَلَاتَسࣸواْمَا  حَرْثِکِࢽْتَ يَڢَارَذِمَّا,0.05172413793103448,0.2
Infiraji_6.pdf_page_5_line_002,حَسَّدَادࣸوْاْمِࢽْ شَڧَاوَا    کࣸوْاْسࣸکِبْرࣸذࣸوَاطَغَاوَا,حَسَّدَادࣸوْاْمِࢽْ شَڧَاوَا کࣸوْاْسࣸکِبْرࣸذࣸوَاطَغَاوَا,0.05172413793103448,0.0
Infiraji_6.pdf_page_3_line_009,کَرْکَثࣸوثِي ذَمَامِيَرْکࣸ   کࣸوْاْأَکࣸيْ بَارٜيٰ ثِکِࢽْکࣸ,کَرْکَثࣸوثِي ذَمَامِيَرْکࣸ کࣸوْاْأَݣࣸيْ بَارٜيٰ ثِکِࢽْکࣸ,0.05172413793103448,0.2
Infiraji_4.pdf_page_9_line_010,وَࢽْسࣸ کࣸوْاتَمْکَرْ دَوَاکِ   ذَاسࣸ شࣸوطٜيٰ کࣸواْ يَجَاکِ,وَࢽْسࣸ کࣸوْاتَمْکَرْدَوَاکِ  ذَاسࣸ شࣸوطٜيٰ کࣸواْيَجَاکِ,0.05172413793103448,0.5714285714285714
Warning_Gargaɗi_Infiraji_2.pdf_page_4_line_013,تࣸࢽْ کَࢽَايَارࣸواْأَڟࣸمَّا    کٜيٰ ڢَطِࢽْ مࣸتࣸوَاکَغِرْمَا,تࣸࢽْ کَࢽَايَارࣸواْأَڟࣸمَّا کٜيٰ ڢَطِࢽْ مࣸتࣸوَاکَغِرْمَا,0.05172413793103448,0.0
Infiraji_5.pdf_page_3_line_009,تࣸواْدَرَوَسَاسَࢽْ جَوَابِي   وَࢽْدَکٜيٰ هَکَ رَࢽْ حِسَابِ,تࣸواْدَرَوْسَاسَࢽْ جَوَابِي  وَࢽْدَکٜيٰ مَکَ رَࢽْ حِسَابِ,0.05172413793103448,0.3333333333333333
Infiraji_4.pdf_page_8_line_011,تَمبَيَاࢽَطَيْࢽْتَ اَللَّهْ   أَࢽْکَ شࣸوطٜيٰ سَيْ ࢽَصَلَّا,تَمْبَيَاࢽَطَيَࢽْتَ اَللَّهْ  أَࢽْکَ شࣸوطٜيٰ سَيْ ࢽَصَلَّا,0.05172413793103448,0.16666666666666666
Infiraji_9.pdf_page_15_line_001,حَکَࢽَࢽْ عِبَادَمَي دَوْطَ الزِّࢽَا   کࣸومِࢽْ يَوَࢽْتَاأَرَابٜيٰ تَکَࢽْکَشٜيٰ,حَکَࢽَࢽْ عِبَادَمَيْ دَوْطَالِزِࢽَا   کࣸومِࢽْ يَوَࢽْتَاأَرَابٜيٰ تَکَࢽْکَشٜيٰ,0.05194805194805195,0.42857142857142855
MAF_286.pdf_page_16_line_010,کࣸمَ کَدَکࣸوَيْوَيَا ࢽَࢽْ غَدَاغَاتَکَاڢِرَيْ ؞  کࣸࢽِي سَࢽْثِ وَࢽَّࢽْ أَيْ ڢَطَاثٜيٰ تَأَحْمَدَا,کࣸمَ کَدَکࣸوَيْوَيَاࢽَيْ غَدَاغَاتَکَاڢِرَيْ ؞  کࣸمِي سَࢽْثِ وَࢽَّيْ أَيْ ڢَطَاثٜيٰ غَأَحْمَدَا,0.052083333333333336,0.45454545454545453
Infiraji_9.pdf_page_21_line_007,أَࢽْ کࣸورٜيٰ مَيْزِࢽَىٰ دࣸومِࢽْ وَارِي  وَارِِࢽْسَايَاڢِي ࢽَجَابَاالاَخِرَىٰ,أَࢽْ کࣸورٜيٰ مَيْزِࢽَيٰ دࣸومِࢽْ دَارِي  وَارِࢽْسَايَاڢِي ࢽَجَابَااللَخِرَىٰ,0.05263157894736842,0.5714285714285714
Infiraji_12.pdf_page_9_line_002,رَࢽْتَ يَاکࣸواْمَ غَرٜىٰکَا    تَاڢِ ڧَوْࢽَرْمَاغَࢽِࢽْکَا,رَࢽْتَ يَاکࣸواْمَ غَرٜيٰکَا  تَاڢِ ڧَوْࢽَرْمَاغَࢽِࢽْکَا,0.05263157894736842,0.2
Infiraji_3.pdf_page_14_line_008,وَاکَطَࢽْبَ ڧَسَاتَمࣸوڟَا    ميْ جِکِࢽْدَ يَزَمْ أَدَاڟَا,وَاکَطَࢽْبَ ڧَسَاتَمࣸوڟَا  مَيْ جِکِࢽْدَ يَزَمْ أَدَاڟَا,0.05263157894736842,0.16666666666666666
Nana_Asmāʾu_The_Absolute_Truth_1_Nana_Asmāʾu_Tabbat_Haqiqan_1.pdf_page_6_line_012,ٰأَوْاَمَاࢽَاسࣸڧࣸوࢽَ تَبَّتْ حَڧِيڧََا,أَوْاَمَاࢽَاسࣸڧّࣸوࢽَ تَبَّتْ حَڧِيڧََا,0.05263157894736842,0.3333333333333333
Infiraji_4.pdf_page_8_line_002,مَالَمِࢽْمࣸ يَکَࢽْيِ تَاطَ   سَيْ أَذࣸواْأَعَجٜيٰ صِرَاطِ,مَالَمِࢽْمࣸ يَکَࢽْيِ تَاطِ  سَيْ أَذࣸواْأَعَجٜيٰ صِرَاکِ,0.05263157894736842,0.3333333333333333
ELIT_WAN_00130_005v_line_007,کذااليهود واࢽهم وحدواکڢروا ؞ بالله مࢽ جلعة التکذيب لله سل,کذااليهودواࢽ لهم وحدواکڢروا ؞ بالله مࢽ جلعة التکذيب لله سل,0.05263157894736842,0.2
Infiraji_12.pdf_page_6_line_009,کَاغَ غَاسࣸ ثِکِࢽْ أَيّࣸکَا    مَاسࣸ يِࢽْسࣸ رࣸوَادَإسْکَا,کَاغَ غَاسࣸ ثِکِࢽْ أَيّࣸکَا   مَاسࣸ يِࢽْسَ رࣸوَادَإِسْکَا,0.05263157894736842,0.2857142857142857
Infiraji_6.pdf_page_15_line_014,ࢽٜيٰ ڢَطِࢽْ کࣸوࢽࣸوتࣸرَابَا    يَاغَمٜيٰسࣸ يَذَمْ عࣸڧࣸوبَا,ࢽٰٜ ڢَطِࢽْ کࣸوࢽࣸوتࣸرَابَا  يَاغَمٜيٰسࣸ يَذَمْ عࣸڧࣸوبَا,0.05263157894736842,0.16666666666666666
MAF_286.pdf_page_16_line_007,کࣸࢽِي سَࢽْثِ تَارِيَ دَسَرْکِي عࣸبَࢽْغِجِ ؞  کࣸيِ ࢽِيسَا دَيِࢽْ سِحْرِي إِذَࢽْ کࣸࢽْبِ أَحْمَدَا,کࣸࢽِي سَࢽْثِ تَارِيَدَسَرْکِي عࣸبَࢽْغِجِ ؞  کࣸيِي ࢽِيسَادَيِࢽْ سِحْرِي إِذَࢽْ کࣸࢽْبِأحْمَدَا,0.05263157894736842,0.5384615384615384
Infiraji_5.pdf_page_15_line_010,وَࢽْدَکٜيٰ حَکَ بَاسࣸ غِرْمَا   دࣸوࢽِيَا بَلَٜيٰ ڧِيَامَا,وَࢽْدَکٜيٰ حَکَ بَاسࣸ غِرْمَا  دࣸوࢽِيَابَلّٜيٰ ڧِيَامَا,0.05263157894736842,0.2857142857142857
Infiraji_3.pdf_page_16_line_005,کَرْکَزَمْ مَيْسࣸو کَرَيْࢽَ   يَࢽْ أࣸوَاکَڟَرٜيٰ أَمَاࢽَا,کَرْکَزَمْ مَيْسࣸوکَرَيْࢽَ يَࢽْ أࣸوَاکَڟَرٜيٰ أَمَاࢽَا,0.05263157894736842,0.3333333333333333
Infiraji_4.pdf_page_15_line_015,سَيْ أَثِيسࣸ أَکَࢽْ عَذَابَا   غَامَڧَࢽْڧَمْثِࢽْ عࣸڧࣸوبَا,سَىْ أَثِيسࣸ أَکَࢽْ عَذَابَا  غَامَڧَࢽْڧَࢽْثِࢽْ عࣸڧࣸوبَا,0.05263157894736842,0.3333333333333333
Infiraji_12.pdf_page_7_line_007,شِي مࣸتࣸمْ دَيَوَࢽْ إسَرْسَا    دَرࣸوَاࢽٜىٰ ڢَارَکࣸࢽْ سَا,شِي مࣸتࣸمْ دَيَوَࢽْ إسَرْسَا  دَرࣸوَاࢽٜيٰ ڢَارَکࣸࢽْ سَا,0.05263157894736842,0.14285714285714285
Infiraji_3.pdf_page_22_line_012,عَلَىٰ رَسࣸولࣸ الله,عَلَىٰ رَسࣸولࣸ اله,0.05263157894736842,0.3333333333333333
Infiraji_4.pdf_page_13_line_012,حَرْسࣸثٜيٰ وࣸتَ سࣸࢽْکَ ذَاݒَا    دࣸࢽْ مِجِ بَاذَاسࣸرَاݒَا,حَرْسࣸثٜيٰ وࣸتَ سࣸࢽْکَ ذَاݒَا  دࣸࢽْ مِجِ بَاذَاسࣸرَايَا,0.05263157894736842,0.14285714285714285
Infiraji_12.pdf_page_6_line_013,حَرْيَسَارَيْࢽَىْ شِتَاشِ    سَىْ مࣸتࣸمْ کَغَ يَاثِ بَاشِ,حَرْيَسَارَيْࢽَىْ شِتَاشِ  سَيْ مࣸتࣸمْ کَغَ يَاثِ بَاشِ,0.05263157894736842,0.14285714285714285
Nana_Asmāʾu_The_Absolute_Truth_1_Nana_Asmāʾu_Tabbat_Haqiqan_1.pdf_page_7_line_003,سࣸووࣸتَاکࢽْڢَڢِيغٜيٰ تَبَّتْ حَڧِيڧََا,سࣸووࣸتَاکَࢽْڢَ ڢِيغٜيٰ تَبَّتْ حَڧِيڧََا,0.05263157894736842,0.6666666666666666
Infiraji_3.pdf_page_17_line_010,وَࢽْدَيَيْ مَاتَايَوَࢽَّࢽْ    وَࢽْدَتَزَمْ دࣸکْ هَلِࢽَّࢽْ,وَࢽْدَيَىْ مَاتَايَوَࢽَّࢽْ  وَࢽْدَتَزَمْ دࣸکْ هَلِࢽَّࢽْ,0.05263157894736842,0.2
Nana_Asmāʾu_The_Absolute_Truth_1_Nana_Asmāʾu_Tabbat_Haqiqan_1.pdf_page_4_line_015,شِي کَبَوْتَوّࣸتَاڢَ تَبَّتْ حَڧِيڧََا,شِيي کَبَوْتَوّࣸتَاڢَ تَبَّتتْ حَڧِيڧََا,0.05263157894736842,0.5
Infiraji_6.pdf_page_7_line_004,جِࢽْکِرِࢽْ تࣸوبَاݒَتَاࢽٜيٰ   ڧࣸوْاْڧَرِࢽْ تࣸوبَاشِرِيࢽٜيٰ,جِࢽْکِرِࢽْ تࣸوبَابَتَاࢽٜيٰ ڧࣸوْاْڧَرِࢽْ تࣸوبَاشِرِيࢽٜيٰ,0.05263157894736842,0.25
Infiraji_10.pdf_page_11_line_006,بَاتَ کࣸلَادَجِکِࢽْتَ إِتَ صࣸلّࣸوتࣸوَا طَاکِࢽْتَمَاسَيْ کَيْ مِجِ کَاشَارٜيٰ,بَاتَ کَلَادَجِکِࢽْتَ إِتَ صࣸلّࣸوتࣸوَا   طَاکِࢽْتَمَاسَيْ کَيْ مِجِي کَاشَارٜيٰ,0.05263157894736842,0.25
Infiraji_11.pdf_page_12_line_005,مَىْ ڢِتَرْدَهࣸࢽْ جَهَالَهْ   مࣸࢽْکِرَاکَ مࣸبَاکَ صَلَّهْ,مَىْ ڢِتَرْدَمࣸࢽْ جَهَالَهْ  مࣸࢽْ کِرَاکَ مࣸبَاکَ صَلَّهْ,0.05263157894736842,0.5
Infiraji_8.pdf_page_13_line_011,شِي يَسَاࢽَتَڢࣸواْ ࢽَکَيْکَ   دࣸࢽْ طِيَادَأࣸوَرْ سࣸغَࢽْکَ,شِي يَسَاࢽَتَڢࣸواْࢽَکَيْکَ  دࣸࢽْ طِيَادَأࣸوَرْسࣸغَࢽْکَ,0.05263157894736842,0.6666666666666666
Infiraji_4.pdf_page_37_line_005,وَࢽْسࣸ کࣸوْاْࢽَامَࢽْ جِکِࢽْسࣸ   سࣸوکَثِيࢽَىْ دࣸࢽْ حَلِࢽسࣸ,وَࢽْسࣸ کࣸوْاْࢽَامَࢽْ جِکِࢽْسࣸ سࣸوکَثِيࢽَىْ دࣸࢽْ حَلِࢽْسࣸ,0.05263157894736842,0.16666666666666666
Infiraji_3.pdf_page_10_line_013,شِدَوَࢽْکَࢽْ مَاسࣸ جَوْزَا    ࢽَاجِ غࣸࢽْ مَالَمْ يَهࣸوذَا,شِيدَوَࢽْکَࢽْ مَاسࣸ جَوْزَا  ࢽَاجِ غࣸࢽْ مَالَمْ يَهࣸوذَا,0.05263157894736842,0.14285714285714285
ELIT_WAN_00130_005r_line_011,اوغاب عناولم تشده اعنينا ؞ والمثل کالمثل ت المعفول مࢽ يدل,اوغاب عناولم تشدى اعنينا ؞ والمثل کالمثل ت المعفول م جدل,0.05263157894736842,0.2727272727272727
Infiraji_5.pdf_page_14_line_012,کَرْشِسَاتَ أَمَيْ کَسَالَا   کَاغَ مٰتَايٜيٰࢽْغَ جِمْلَا,کَرْشِسَاتَ أَمَيْ کَسَالَا  کَاغَ مَتَايٜىٰࢽْغَ جِمْلَا,0.05263157894736842,0.16666666666666666
Infiraji_4.pdf_page_19_line_001,ذࣸوثِيَرْکࣸ تَڧَارَذَاڢِي    کࣸواْوَࢽٜيٰ شِتࣸࢽَادَلَيْڢِي,ذࣸوثِيَرْکࣸ تَڧَارَذَاڢِي کࣸواْوَࢽٜيٰ شِتࣸࢽَادَلَيْڢِي,0.05263157894736842,0.0
Infiraji_7.pdf_page_15_line_011,ࣸوْالْجَلَالِ کَبَامࣸ شِرْيَا ذࣸوثِيَرْمࣸ تَکَامَ هَࢽْيَا,ذࣸوْالْجَلَالِ کَبَامࣸ شِريَا  ذࣸوثِيَرْمࣸ تَکَامَ هَࢽْيَا,0.05263157894736842,0.3333333333333333
Infiraji_4.pdf_page_33_line_003,شَࢽْ شِغَارِسَيْ کِلَاکِ    ࢽَࢽْ ࢽࣸڢَرْسࣸ تَکَࢽْڢِ أَوْکِ,شَࢽْ سِغَارِسَيْ کِلَاکِ  ࢽَࢽْ ࢽࣸڢَرْسࣸ تَکَࢽْڢِ أَوْکِ,0.05263157894736842,0.14285714285714285
Nana_Asmāʾu_The_Absolute_Truth_1_Nana_Asmāʾu_Tabbat_Haqiqan_1.pdf_page_4_line_003,وْࢽْدَاَلْڧَاضِ يَيْ تَبَّتْ حَڧِيڧََا,وَࢽْدَاَلْغَاضِ يَيْ تَبَّتْ حَڧِيڧََا,0.05263157894736842,0.25
Infiraji_7.pdf_page_16_line_008,أَرْزِکِيࢽٜيٰ مَيْ إِسَرْوَا إِࢽْ کَسَامࣸ کࣸوَاغَبَࢽْ وَا,أَرْزِکِيࢽٜيٰ مَيْ إِسَرْوَا إِࢽْ کَسَامࣸ کࣸواْغَبَࢽْوَا,0.05263157894736842,0.2857142857142857
Infiraji_4.pdf_page_13_line_011,سࣸومَذَاجٜيٰ سࣸࢽْکَ سَاݒَا    بَاأَبِࢽْ وَعَظِي سࣸکَرْبَا,سࣸومَذَاجٜيٰ سࣸࢽْکَ سَايَا  بَاأَبِࢽْ وَعَظِي سࣸکَرْبَا,0.05263157894736842,0.16666666666666666
Infiraji_6.pdf_page_9_line_011,سࣸࢽْ يَوَيْْتَ وࣸࢽِي دَکࣸاࢽَا    غَايَوَࢽْ مَاتَاڧَࢽَاࢽَا,سࣸࢽْ يَوَيْتَ وࣸࢽِي دَکࣸاࢽَا  غَايَوَࢽْ مَاتَاڧَࢽَاࢽَا,0.05263157894736842,0.16666666666666666
Infiraji_4.pdf_page_37_line_014,ڢَرغَبَادࣸࢽْ وَࢽْغَ رَاࢽَا    ࢽَاثِکِي دࣸࢽْ بَابࣸ کࣸواࢽَا,ڢَرْغَبَادࣸࢽْ وَࢽْغَ رَاࢽَا  ࢽَاثِکِي دࣸࢽْ بَابࣸ کࣸواࢽَا,0.05263157894736842,0.14285714285714285
Infiraji_4.pdf_page_15_line_011,ثِي دَشَࢽْسࣸ أَثَࢽْ زَڧࣸومِ    سَيْ ضَرِيعࣸ بَذَاسࣸ سَامِ,ثِي دَشَࢽْسࣸ أَثَࢽْ زَڧࣸومِ سَيْ ضَرِيعࣸ بَذَاسࣸ سَامِ,0.05263157894736842,0.0
Infiraji_6.pdf_page_9_line_004,غَايَوَࢽْ سࣸوکَرْذࣸمࣸࢽَثِي   سَيْ جِدَالِي کَࢽْ حࣸکࣸࢽْثِي,غَايَوَࢽْ سࣸوکَرْذࣸمࣸࢽْثِي  سَيْ حِدَالِي کَࢽْ حࣸکࣸࢽْثِي,0.05263157894736842,0.3333333333333333
Infiraji_4.pdf_page_32_line_009,مَاسࣸ غَٜارَࢽْ سࣸࢽْ ڧَرَمَتَ   بَاعَ مَاڧَوْࢽَرْ ڢَطَرْتَ,مَاسࣸ غَارَࢽْ سࣸࢽْ ڧَرَمْتَ   بَاعَ مَاڧَوْࢽَرْڢَطَرْتَ,0.05263157894736842,0.5714285714285714
MAF_286.pdf_page_11_line_008,کࣸلࣸورَإِدَࢽْ ذَࢽْثٜيٰ جَلَّ سَرْکِي عࣸبَࢽْغِجِ ؞  أَثِکِࢽْ کِتَابِي ࢽَسْ يَأَيْکࣸو غَأَحْمَدَا,کࣸلࣸورَادَدَذَࢽْثٜيٰ جَلَّ سَرْکِي عࣸبَࢽْغِجِ ؞  أَثِکِࢽْ کِتَابِي ࢽَسْ يَأَيْکࣸو غَأَحْمَدَا,0.05263157894736842,0.18181818181818182
Infiraji_7.pdf_page_3_line_011,ࣸواْذَمَࢽْ وࣸࢽْدِي کَحَرْطٜيٰ شٜکَرࣸࢽْکَ دَسࣸࢽْکَ شࣸوطٜيٰ,کࣸواْذَمَࢽْ وࣸࢽْدِي کَحَرْطٜيٰ شٜيٰکَرࣸࢽْکَ دَسࣸࢽْکَ شࣸوطٜيٰ,0.05263157894736842,0.3333333333333333
Nana_Asmāʾu_The_Authentic_Path_Nana_Asmāʾu_Godaben_Gaskiya.pdf_page_9_line_014,کࣸسَࢽْذࣸثِّيَاتَاتَايِ حَسْکٜيٰࢽْ ڢَرِࢽْثِکِي   دَمࣸرْࢽَرْ کِرَࢽْ سࣸوࢽَࢽْ ڢِيَيّٜيٰ مࣸحَمَّدَا,کࣸسَࢽْ ذࣸثِيَاتَاتَايِ حَسْکٜيࢽْ ڢَرِْثِکِي   دَمࣸرْࢽَرْکِرَࢽْ سࣸوࢽَࢽْ ڢِيَيّٜيٰ مࣸحَمَّدَا,0.05319148936170213,0.625
A_Person_with_a_Livelihood_Will_Never_Be_Destitute_Mai_Sanaa_Ba_Ya_Tsiya.pdf_page_6_line_017,دَسࣸࢽْجٜىٰ کَامَ مَاسࣸ لَيْڢِى دَعَيْبࣸ    سَىْ سࣸحطَادَوَࢽْدَبَايَاصَࢽَاعَ,دَسࣸࢽْجٜيٰ کَامَ مَاسࣸ لَيْڢِي دَعَيْبࣸ    سَيْ سࣸحَطَادَوَࢽْدَبَايَاصَࢽَاعَ,0.05333333333333334,0.5714285714285714
Infiraji_9.pdf_page_3_line_003,غَࢽْغَرْوَعَاذࣸواْذَاࢽِ کِطَاࢽَتَا  دَࢽْ مَّاسࣸواْ بَرْثِي سࣸڢَلْکَ سࣸجِيَا,غَࢽْغَرْوَعَاذࣸوْاْذَاࢽِ کِطَاࢽَتَا   دَࢽْ مَّاسࣸواْ بَرْثِي سࣸڢَلْکَ سࣸجِيَا,0.05333333333333334,0.2857142857142857
Infiraji_9.pdf_page_8_line_005,کࣸࢽْسَࢽْ تَلَکَابَذَيْ دَاوَابَا   إِࢽْ مَّاسࣸواْ عِيکࣸوبَاسࣸواْدَسَلَّڧٜيٰ,کࣸࢽْسَࢽْ تَلَکَابَذَيْ دَاوَبَا  إِࢽْ مَّاسࣸواْ عِيکࣸوبَاسࣸواْ دَسَلَڧٜيٰ,0.05333333333333334,0.5
Infiraji_8.pdf_page_18_line_013,وَࢽْدَدࣸࢽْ ذَاڢِࢽْ بَخِلْثِي  سࣸࢽوِ زَکَّادࣸࢽْ بࣸتࣸلْثِي,وَࢽْدَدࣸࢽْ ذَاڢِࢽْ بَخِلْثِي  سࣸࢽْڧِ زََّادࣸࢽْ بࣸتࣸلْثِي,0.05357142857142857,0.3333333333333333
Infiraji_8.pdf_page_19_line_004,کَرْࢽࣸکࢽْ وࣸتَا سَيْ سࣸتَاشِ  دࣸکْ سࣸذَابࣸرَسࣸيْتَ حَوشِ,کَرْࢽࣸکَࢽْ وࣸتَ سَيْ سࣸتَاشِ  دࣸکْ سࣸذَابࣸرَسࣸيْتَ حَوْشِ,0.05357142857142857,0.42857142857142855
Infiraji_3.pdf_page_11_line_014,طَاشِࢽَاوَࢽْکَࢽْ أࣸبَࢽْسَ    شِي أࣸبَاࢽَاوَࢽْکٜيٰ طَࢽْسَ,طَاشِࢽَاوَࢽْکَࢽْ أࣸبَࢽْسَ  شِي أࣸبَاࢽَاوَࢽْکٜىٰ طَࢽْسَ,0.05357142857142857,0.2
Infiraji_5.pdf_page_20_line_002,غࣸࢽْسَ غَاشࣸوࢽِي أَسَࢽدَا    وَاکَثٜىٰ يَاسَࢽْشِ شَيْدَا,غࣸࢽْسَ غَاشࣸوࢽِي أَسَࢽْدَا   وَاکَثٜيٰ يَاسَࢽْشِ شَيْدَا,0.05357142857142857,0.3333333333333333
Infiraji_5.pdf_page_6_line_007,دࣸکْمࣸتࣸمْ يَبِ شࣸوغَبَࢽْسَ    ذࣸوثِيَا طَيْ کَرْشِڢَاسَ,دࣸکْمࣸتࣸمْ يَبِ شࣸوغَبَࢽْسَ  ذࣸوثِيَاطَيْ کَرْشِڢَاسَ,0.05357142857142857,0.3333333333333333
Knowledge_to_Follow_God_Gandal_Fii_Rewugol_Alla.pdf_page_10_line_003,دࣽسْطٜ ࡶَلْسِلَمَاکࣸ خَمْشَاةࣻکࣽجࣽوٜأوَّلࣸهَاعَرَنࣽعࣽࢽْ,دࣸسْطٜ ࡶَلْسِلَمَاکࣸ خَمْشَةࣻکࣽجࣽوٜأوَّلࣸهَاعَرَنࣸعࣽࢽْ,0.05357142857142857,0.6666666666666666
Infiraji_5.pdf_page_10_line_004,بَاشَرِيعَاࢽٜيٰ يَࢽࣸوࢽَا    بَاڧِࢽْ دَيْدَيْتَ کࣸوْاْࢽَا,بَاشَرِيعَاࢽٜيٰ يَࢽࣸوࢽَا  بَاڧِࢽْ دَيْدَيْتَ کࣸواْࢽَا,0.05357142857142857,0.2
Infiraji_4.pdf_page_20_line_002,دَيْ مࣸࢽَاکَلْمَرْ شَهَادَ   مࣸوڢَ شَيْطَࢽْ ࢽٜيٰ يَݒَدَّ,دَيْ مࣸࢽَاکَلْمَرْشَهَادَ  مࣸوڢَ شَيْطَࢽْ ࢽٜيٰ يَبَدَّ,0.05357142857142857,0.42857142857142855
Infiraji_4.pdf_page_41_line_002,رَبَّࢽَايَاسَوْکَ رَاࢽَا    کَࢽْ مࣸتَاࢽٜىٰ تَيْتَ ڧࣸوࢽَا,رَبَّࢽَايَاسَوْکَ رَاࢽَا  کَࢽْ مࣸتَاࢽٜيٰ تَيْتَ ڧࣸوࢽَا,0.05357142857142857,0.16666666666666666
Infiraji_6.pdf_page_21_line_011,مࣸصْطَڢَى يَࢽْذࣸࢽْ مࣸبَاکَ    بَابࣸ يِࢽْ سࣸجَدَاغَرٜىٰکَ,مࣸصْطَڢَى يَࢽْذࣸࢽْ مࣸبَاکَ  بَابࣸ يِࢽْ سࣸجَدَاغَرٜيٰکَ,0.05357142857142857,0.16666666666666666
Infiraji_12.pdf_page_13_line_002,ࢽَاغَ مَࢽْيَامَاسࣸلࣸورَا   دࣸکْ مࣸتࣸمْ کَواْمَيْدَبَارَا,ࢽَاغَ مَࢽْيَامَاسࣸ لࣸورَا  دࣸکْ مࣸتࣸمْ کࣸواْمَيْدَبَارَا,0.05357142857142857,0.6
Infiraji_8.pdf_page_16_line_004,غࣸࢽْ رَبࣸواْ سَڧَرْاتَسَامࣸ  هَرْلَذَابَيْتِ اِلْهࣸمࣸومࣸ,غࣸࢽْ رَبࣸواْسَڧَرَاتَسَامࣸ  حَرْلَذَابَيْتِ اِلْهࣸمࣸومࣸ,0.05357142857142857,0.6
Infiraji_3.pdf_page_14_line_011,سَࢽْدَکࣸواْيَاتَتَّرَاتَا    بَاشِ سࣸوࢽْ ڟࣸغࣸࢽࣸوشِهࣸوتَا,سَࢽْدَکࣸواْيَاتَتَّرَاتَا بَاشِ سࣸوࢽْ ڟࣸغࣸࢽࣸوشِهࣸوتَا,0.05357142857142857,0.0
Infiraji_7.pdf_page_2_line_011,ࢳࢽْ عࣸوَاکࣸمࣸبَرْسَکٜيٰ وَا کࣸࢽْغَ غِرْمَࢽْ اَلࢽَّبَاوَا,ࢳَࢽْ عࣸوَاکࣸمْبَرْسَکٜي وَا کࣸࢽْغَ غِرْمَࢽْ اَلࢽَّبَاوَا,0.05357142857142857,0.3333333333333333
Infiraji_12.pdf_page_4_line_010,کࣸࢽْجِ دِلَّالَىْ مَأوْࢽَا     مَاسࣸ حَاإِࢽْثِ کࣸدَيْࢽَا,کࣸࢽْجِ دِلَّالَىْ مَأوْࢽَا  مَاسࣸ حَاإِࢽْثِ کࣸدَيْࢽَا,0.05357142857142857,0.0
Infiraji_7.pdf_page_3_line_002,يَابٜثٜيٰ دَرَشِࢽْ بَصِيرَا سَيْ شِذࣸوْدَدࣸبࣸࢽْ لَرࣸورَا,يَابَثٜيٰ دَرَشِࢽْ بَصِيرَا  سَيْ شِذࣸودَدࣸبࣸࢽْ لَرࣸورَا,0.05357142857142857,0.3333333333333333
Infiraji_6.pdf_page_12_line_013,تࣸوْاْمࣸسَࢽْ رَاࢽَرْڧِيَامَا    ࢽَاذࣸوَارَاࢽَرْ ࢽَدَامَا,تࣸوْاْمࣸسَࢽْ رَاࢽَرْڧِيَامَا  ࢽَاذࣸوَارَاࢽَرْࢽَدَامَا,0.05357142857142857,0.5
Infiraji_5.pdf_page_17_line_014,بَاشِمَاڧَوْࢽَرْسࣸغَيْسَ    دࣸࢽْ يَوَࢽْ مࣸوࢽِࢽْ حَلِࢽْسَ,بَاشِ مَاڧَوْࢽَرْسࣸغَيْسَ  دࣸࢽْ يَوَࢽْ مࣸوࢽِࢽْ حَلِࢽْسَ,0.05357142857142857,0.4
Infiraji_11.pdf_page_2_line_012,رَبِّ ࢽَاࢽࣸڢِ وَࢽْغَ وَاڧَا    تَيَبࣸواْࢽَسَ بَاࢽِڢَاڧَا,رَبِّ ࢽَاࢽࣸڢِ وَࢽْغَ وَاڧَا  تَيْبࣸواْࢽَسَ بَاࢽِڢَاڧَا,0.05357142857142857,0.16666666666666666
Infiraji_4.pdf_page_11_line_012,شِي يَسَاࢽَتَڢࣸواْ ࢽَکَيْکَ   دࣸࢽْ کِيَادَأࣸوَرْسࣸغَࢽْکَ,شِي يَسَاࢽَتَڢࣸواْࢽَکَيْکَ  دࣸࢽْ طِيَادَأࣸوَرْسࣸغَࢽْکَ,0.05357142857142857,0.6
Infiraji_6.pdf_page_20_line_002,رࣸوڧِ جَلَّامَمَلَّکِࢽْمࣸ    يَيْ حِسَابِي ࢽَࢽْ غَرٜىٰمࣸ,رࣸوڧِ جَلَّامَمَلَّکِࢽْمࣸ  يَىْ حِسَابِي ࢽَࢽْ غَرٜىٰمࣸ,0.05357142857142857,0.16666666666666666
Infiraji_6.pdf_page_10_line_002,شَࢽْ سِغَارِسَيْ کِلَاکِ   ࢽَࢽْ ࢽࣸڢَرْسࣸ تَکَࢽْڢِ أَوْکِ,شَࢽْ سِغَارِسَيْ کِلَاکِ ࢽَيْ ࢽࣸڢَرْسࣸ تَکَࢽْڢِ أَوْکِ,0.05357142857142857,0.14285714285714285
Infiraji_7.pdf_page_8_line_011,إِࢽْدَدࣸکْ تَبِ سَيْ أَدࣸواکَا إِࢽْدَيْ مࣸتࣸوَاتَسَوْکَا,إِࢽْدَدࣸکْ تَبِ سَيْ أَدࣸواْکَا إِࢽْدَدَيْ مࣸتࣸوَاتَسَوْکَا,0.05357142857142857,0.3333333333333333
Infiraji_5.pdf_page_7_line_001,کَوْاْإِيَايٜيٰ کَاڢِرَيْࢽٜيٰ   تَوْسَسَامَسࣸ وَجِبِࢽٜيٰ,کَوْاْإِيَايٜيٰ کَاڢِرَيْࢽٜيٰ  تَوْسَسَامَسࣸ وَاجِبࢽٜيٰ,0.05357142857142857,0.25
Warning_Gargaɗi_Infiraji_2.pdf_page_6_line_014,حَجِّ زَکَّاغَاکَسَالَهْ    تَاڟَرٜيٰکَ ثِکِࢽْ جَهَالَهْ,حَجِّ زِکَّاغَاکَسَالَهْ  تَاڟَرٜيٰکَ ثِکِࢽْ جَهَالَهْ,0.05357142857142857,0.2
Warning_Gargaɗi_Infiraji_2.pdf_page_7_line_014,يَاݒَثٜيٰ هَرْذࣸوثِ تࣸࢽْدَ    بَاسَࢽِࢽْ کَلْمَرْشَهَادَا,يَاݒَثٜيٰ هَرْذࣸوثِ تࣸࢽْدَ  بَاسَࢽِࢽْ کَلْمَرْ شَهَادَا,0.05357142857142857,0.4
Infiraji_5.pdf_page_4_line_011,کَرْکَيَرْدَ أَبࣸواْکَࢽِࢽْکَ   سࣸکَ تَارࣸثِکِࢽْ غِدَࢽْکَ,کَرْکَيَرْدَأَبࣸواْکَࢽِࢽْکَ سࣸکَ تَارࣸثِکِࢽْ غِدَࢽْکَ,0.05357142857142857,0.4
Infiraji_3.pdf_page_6_line_013,سَيْ سࣸجَاوࣸوْارَيْ أَجَايٜيٰ دࣸوࢽْ وࣸيَاسࣸوراتَتَوْيٜيٰ,سَيْ سࣸجَاوࣸوْاْرَيْ أَجَايٜيٰ  دࣸوࢽْ وࣸيَاسࣸورَاتَتَوْيٜيٰ,0.05357142857142857,0.4
MAF_286.pdf_page_16_line_012,وَطَࢽَّࢽْ ڢَ أَيْ سࣸوࢽٜيٰ بَݣࣸيْ وَࢽْدَيَا ڢَطَا ؞  کࣸلࣸورَادَسࣸوتࣸوکࣸࢽجِ ذَࢽْثٜࢽْ مࣸحَمَّدَا,وَطَࢽَّࢽْ ڢَ أَيْ سࣸوࢽٜيٰ بَکࣸيْ وَࢽْدَيَاڢَطَا ؞  کࣸلࣸورَادَسࣸوتࣸوکࣸࢽِجِ ذَࢽْثٜيٰ مࣸحَمَّدَا,0.053763440860215055,0.45454545454545453
MAF_286.pdf_page_10_line_008,وَلِيَّيْ دࣸبࣸواسِتِّيࢽْ سࣸکَذࣸو سَتَيْکَمَسَ ؞  مَتَتّࣸوا کَرَامَ ثٜيٰ تَبَرْدٜࢽْ مࣸحَمَّدَا,وَلِيَّيْ دࣸبࣸواِسِتِيࢽْ سࣸکَذࣸوسَتَيْکَمَسَ ؞  مَتَتࣸواکَرَامَ ثٜيٰ تَبَرْدٜࢽْ مࣸحَمَّدَا,0.053763440860215055,0.5
Infiraji_9.pdf_page_8_line_006,إِࢽْ جِي مَالَمْ يَثٜيٰ يَࢽْدَسَکٜيوَا  حَبَاسَمَارِي أَيْ هِمَّ اَلشِّرِي,إِࢽْ جِي مَالَمْ يَثٜيٰ بَࢽْدَسَکٜيٰوَا  حَبَاسَمَارِي أَيْ هِمَّاَلشِرِي,0.05405405405405406,0.3333333333333333
Infiraji_9.pdf_page_21_line_012,ڢَصْلࣸࣸ مَّالَمْ غَجٜيرٜيٰ ࢽَدَامࣸواْ,ڢَصْلࣸ مَّالَمْ غَجٜيٰرٜيٰ ࢽَدَامࣸواْ,0.05405405405405406,0.5
Nana_Asmāʾu_The_Absolute_Truth_1_Nana_Asmāʾu_Tabbat_Haqiqan_1.pdf_page_9_line_003,طَࢽْوࣸتَاࢽَاشِغوࢽَا تَبَّتْ حَڧِيڧََا,طَࢽْ وࣸتَاࢽَاشِغࣸوࢽَا تَبَّتْ حَڧِيڧََا,0.05405405405405406,0.6666666666666666
Infiraji_9.pdf_page_11_line_011,بَيْثِࢽْ وَطَࢽْࢽَࢽْ غَاڟَࢽَِࢽِࢽْ ڢَرِي   رࣸوَايَکَامٜيٰ بَاذَيْ سَبْکَبَىٰ,بَيْثِࢽْ وَطَࢽْࢽَࢽْ غَاطَࢽَࢽِࢽْ ڢَرِي  رࣸوَايَکَامٜيٰ بَاذَيْ سَبْکَبَيٰ,0.05405405405405406,0.2857142857142857
The_Harlots_Song_Waƙar_Karuwa.pdf_page_6_line_003,إدَࢽْ کَاوِجِيْ شَاوَرَا تَارࣸوَࢽْکَا,إِدَࢽْ کَاوِجِيْ شَاوَرَاتَارࣸوَࢽْکَا,0.05405405405405406,0.75
Infiraji_4.pdf_page_29_line_009,بَتَ سَࢽْ کࣸوْاْ مَيْ کَمَرْ ثِکِيبَا,بَتَ سَࢽْ کࣸوْاْمَيْ کَمَرْثِکِيبَا,0.05405405405405406,0.6666666666666666
Nana_Asmāʾu_The_Absolute_Truth_1_Nana_Asmāʾu_Tabbat_Haqiqan_1.pdf_page_4_line_014,يَايِ سَابࣸوا إِࢽَاکَماتَيْ کࣸدࣸوبَا   ميْڢَ بَوْتَدَّ طَاشِشَايࣸوعَذَابَا,يَايِ سَابࣸوا إِࢽَاکَمَاتَيْ کࣸدࣸوبَا   مَيْڢَ بَوْ تَدَّطَاشِشَايࣸوعَذَابَا,0.05405405405405406,0.5714285714285714
Infiraji_9.pdf_page_19_line_008,وَاللَّهِ أَࢽْغَامࣸجِࢽْ مَزِࢽَاثِيَا   أَثَࢽْ غَ ءَايَامَڟَاڢِي ࢽٜيٰ مࣸجِي,وَاللَّه أَࢽْ غَامࣸجِࢽْ مَزْࢽَاثِيَا  أَثَࢽْ غَ ءَايَامَڟَاڢِي ࢽٜيٰ مࣸجِي,0.05405405405405406,0.5
Nana_Asmāʾu_The_Absolute_Truth_1_Nana_Asmāʾu_Tabbat_Haqiqan_1.pdf_page_9_line_006,شِيدَاَلْجَࢽَّ اࣸاّࣸتَبَّتْ حَڧِيڧََا,شِيدَالْجَࢽَّ اࣸاّتَبَّتْ حَڧِيڧََا,0.05405405405405406,0.6666666666666666
Infiraji_10.pdf_page_6_line_014,مَثٜيٰ تَࢽَاشِرْيَاوَمِجِࢽْتَ ڧَرْيَا    دَࢽْ يَبَرِي تَجِ دَاطِࢽْ ثِوْتَا,مَثٜيٰ تَࢽَاشِرَيَاوَمِجِࢽْتَ ڧَرْيَا  دَࢽْ يَبَرِي تَجِ دَاطِࢽْ ثِوِْتَا,0.05405405405405406,0.25
Nana_Asmāʾu_The_Authentic_Path_Nana_Asmāʾu_Godaben_Gaskiya.pdf_page_9_line_008,دَاَلْحࣸرْمَثِࢽْسَ أَبَامࣸ ࢽَصْرَا أࣸبَࢽْغِجِ   دَغِرْ،َࢽْ ڢِيَيّٜيٰ اَلࢽَّبِࢽْمࣸ مࣸحَمَّدَا,دَاَلْحَرْمَثِࢽْسَ أَبَامࣸ ࢽَصْرَاأࣸبَࢽْغِججِ   دَغِرْمَࢽْ ڢِيَيّيٰ اَلࢽَّبِࢽْمࣸ مࣸحَمَّدَا,0.05434782608695652,0.625
Infiraji_8.pdf_page_8_line_014,کࣸࢽْ ݒَثٜيٰ دࣸمِࢽْ حَلِࢽْکࣸ کࣸرْکࣸکࣸࢽْ وࣸتَاذَاأَکَيْکࣸ,کࣸࢽْ بَثٜيٰ دࣸومِࢽْ حَلِࢽْکࣸ کࣸرْکࣸکࣸࢽْ وࣸتَ ذَاأَکَيْکࣸ,0.05454545454545454,0.6666666666666666
Knowledge_to_Follow_God_Gandal_Fii_Rewugol_Alla.pdf_page_5_line_012,نࣽکّࣽ کَسࣸوطٜتٜىٰ وَالتَّشَهّࣸدࣸارِعٜتَيَّاجِ طِࢽْ طࣶطࣶ,نࣽکّࣽ کَسࣸوطٜتٜىٰ وَالتَّشْهّࣸدَارِعٜتَيَّاجِ طِࢽْطࣶطࣶ,0.05454545454545454,0.6
Infiraji_4.pdf_page_40_line_015,غَاوࣸتَادَذࣸوَا أَمِيڧَا    حَرْمْذَاجٜىٰ مَاسࣸ لٜىٰڧَا,غَاوࣸتَادَذࣸوَاأَمِيڧَا    حَرْمَذَاجٜىٰ مَاسࣸ لٜيٰڧَا,0.05454545454545454,0.8
Infiraji_11.pdf_page_14_line_008,ࢽَابَرَاثِ ذَمَااَلٜىٰمَرْ    شࣸوغَبَࢽْ بَايِى مࣸحَمَّا,ࢽَابَرَاثِ ذَمَااَلٜىٰمَرْ  شࣸوْغَبَࢽْ بَايِى مࣸحَمَّا,0.05454545454545454,0.2
Infiraji_12.pdf_page_11_line_002,شِي أَکَىْ مَسَ يَࢽْذࣸعࣸوسࣸ    يَاحَࢽَادَوْرِي غِدَࢽْسࣸ,شِي أَکَيْ مَسَ يَࢽْذࣸعࣸوسࣸ  يَاحَࢽَادَوْرِي غِدَࢽْسࣸ,0.05454545454545454,0.16666666666666666
Infiraji_11.pdf_page_8_line_010,شِى مࣸتࣸمْ ࢽٜىٰ طَࢽْ مَلَالِ   غࣸࢽْ أࣸوَادَأࣸبَاغَهَالِ,شِي مࣸتࣸمْ ࢽٜىٰ طَࢽْ مَلالِ  غࣸࢽْ أࣸوَادَأࣸبَاغَهَالِ,0.05454545454545454,0.2857142857142857
Infiraji_7.pdf_page_6_line_007,رَࢽْدَيَيْ أَزࣸمِي مَصِيبَا سَيْ تَسَامَسَ بَاکَطَࢽْبَا,رَࢽْدَيَيْ أَزࣸمِي مَصِيبَا    سَيْ تَسَامَسَ بَاکَطَࢽْبَا,0.05454545454545454,0.0
ELIT_WAN_00130_015v_line_005,ڢلت ونا منه يامولا ومࢽ ظا ؞ فدانضج الفلب والاکبادمࢽ غلل,ڢلت ونامنه يامولا و مࢽ ظا ؞ فدانض الفلب والاکبادمࢽ غلل,0.05454545454545454,0.45454545454545453
Infiraji_4.pdf_page_45_line_015,ظَاهِرِي کࣸوْاْوَايَغَاࢽٜىٰ    غَاسࣸرࣸکَيْ غَاإِيَايٜىٰ,ظَاهِرِي کࣸوْاْوَايَغَاࢽٜيٰ  غَاسࣸرࣸکَيْ غَاإِيَايٜىٰ,0.05454545454545454,0.25
ELIT_WAN_00130_009r_line_009,سبحا نه ربنا تعنواالوجوه له مࢽ لم يوصله للخير ات لم يصل,سبحانه ربنا تعنوالوجوه له مࢽ لم بوصله للخير ات لم يصل,0.05454545454545454,0.3333333333333333
Infiraji_12.pdf_page_9_line_008,کࣸوْتَࢽَابَرْثِي تَڢَرْکَا    حَرْتَطَوْکَࢽْوَاتَبَاکَا,کࣸوْاتَࢽَابَرْثِي تَڢَرْکَا  حَرْتَطَوْکَࢽْوَاتَبَاکَا,0.05454545454545454,0.3333333333333333
Infiraji_3.pdf_page_22_line_008,لِيْتَࢽِࢽْ مࣸکَ ڢَارَسَاتَ    أعَسَشِࢽْ هِجْرَامࣸکَيْتَ,لِيْتَࢽِࢽْ مࣸکَ ڧَارَسَاتَ  أعَسَشِࢽْ هِجْرَامࣸکَيْتَ,0.05454545454545454,0.2
Infiraji_12.pdf_page_7_line_013,إࢽْ ثِکِࢽْ يَاڢَارَمࣸواْڟِي   غࣸࢽْ اࣸوَايَمَّادَحَࢽْڟِي,إِࢽْ ثِکِࢽْ يَاڢَارَمࣸواْڟِي  غࣸࢽْ أࣸوَايَمَّادَحَࢽْڟِي,0.05454545454545454,0.4
Infiraji_4.pdf_page_11_line_003,مَيْغِدَاطَيَ مَيْ لِغَاڢَا   وَاڧِعَاأَکَمَࢽْ ࢽَشَاڢَا,مَيْغِدَاطَيَ مَىْ لِغَاڢَا  وَاڧِڢَاأَکَمَࢽْ ࢽَشَاڢَا,0.05454545454545454,0.4
Infiraji_6.pdf_page_14_line_014,ڢَرْغَبَࢽْسَ ࢽَشٜيٰکَرࣸوࢽَا   حَرْدࣸبࣸ خَمسِࢽْ ڢَطَاࢽَا,ڢَرْغَبَࢽْسَ ࢽَشٜيٰکَرࣸوࢽَا  حَرْدࣸبࣸوخَمْسِࢽْ ڢَطَاࢽَا,0.05454545454545454,0.4
Infiraji_4.pdf_page_35_line_005,وَࢽْدَيَاکࣸلَ شَاوَرَاتَا    تَرْسَشِࢽْکࣸ مْذَادَمَاتَا,وَࢽْدَيَاکࣸلَ شَاوَرَاتَا  تَرْسَشِࢽْکࣸ مَذَادَمَاتَا,0.05454545454545454,0.25
Infiraji_6.pdf_page_5_line_014,هَلَّکَاࢽٜيٰ مَاسࣸ ثࣸوتَا    ڢَاجِرِي کٜيٰ تَاࢽْدِࢽْتَا,هَلَّکَاࢽٜيٰ مَاسࣸ ثࣸوتَا  ڢَاجِرِي کٜيٰ تَاࢽَدِࢽْتَا,0.05454545454545454,0.16666666666666666
Infiraji_12.pdf_page_19_line_008,بَاسࣸ ڧِوْيَرْتَيْمَکࣸࢽْسࣸ    يَاکَمَاتَ يَتَيْمَکٜىٰسࣸ,بَاسࣸ ڧِوْيَرْتَيْمَکࣸࢽْسࣸ  يَاکَمَاتَ يَتَيْمَکٜيٰسࣸ,0.05454545454545454,0.25
Infiraji_8.pdf_page_20_line_005,ثٜيٰ أَبِࢽْ ذَرْغِي غَرٜيَکَ   وَايَغَࢽِّ أَذَامَࢽِࢽْکࣸ,ثٜيٰ أَبِࢽْ ذَرْغِي غَرٜيٰکࣸ  وَايَغَࢽِّ أَذَامَࢽِࢽْکࣸ,0.05454545454545454,0.16666666666666666
Infiraji_8.pdf_page_29_line_004,جٜيٰ سࣸغَࢽْکَ سࣸسَࢽْ سࣸکوࢽِي   مࣸصْطَڢَى أَࢽْبَاإِذْࢽِي,جٜيٰ سࣸغَࢽْکَ سࣸسَࢽْ سࣸکࣸوࢽِي  مࣸصْطَڢَي أَࢽْبَاإِذْࢽِي,0.05454545454545454,0.3333333333333333
Infiraji_7.pdf_page_6_line_001,وَࢽْدَبَيْ بِطِ مَالَمَيْبَا بَاشِ أَيْکِ مَيْ صَوَابَا,وَࢽْدَبَىْ بِطِ مَالَمَيْيَا  بَاشِ أَيْکِ مَيْ صَوَابَا,0.05454545454545454,0.2857142857142857
Warning_Gargaɗi_Infiraji_2.pdf_page_17_line_007,شِي سَࢽِي کَࢽْ مَيْدَبَاوَا    طَامَڢِي غِرْمَࢽْ مࣸرࣸوَ,شِي سَࢽِي کَࢽْ مَيْدَبَاوَا  طَامَڢِي غِرْمَࢽْ مࣸرࣸوَا,0.05454545454545454,0.14285714285714285
ELIT_WAN_00130_014v_line_010,ڢامنن علينا بڢضل انت ذوى م ؞ ونجنا يوم ذاک المول مࢽ وجل,ڢامنن علينا بڢضل انت ذوکم ؞ ونجنايوم ذاک المول مࢽ وجل,0.05454545454545454,0.3076923076923077
Infiraji_12.pdf_page_17_line_011,وَࢽْدَيَىْ جِࢽْيَاثِکِࢽْسَ    شِي يَکَࢽْ کَوکَارَبࣸࢽْسَ,وَࢽْدَيَىْ جِࢽْيَاثِکِࢽْسَ  شِي يَکَࢽْ کَوْکَارَبࣸࢽْسَ,0.05454545454545454,0.2
Infiraji_4.pdf_page_41_line_011,تَرْڟَڟِࢽْتَ کَمَرْدࣸوَاڟࣸو    إࢽْ تَوَاڟࣸ سَىْشِوَاڟࣸو,تَرْڟَڟِࢽْتَ کَمَرْدࣸوَاڟࣸو   إࢽْ تَوَاڟࣸ سَيْ شِوَاڟࣸو,0.05454545454545454,0.4
Infiraji_6.pdf_page_11_line_004,مَاسࣸ جِيمَ ذࣸمࣸࢽْسࣸ سَمّࣸ    دࣸوࢽِيَادࣸࢽْ ثِࢽْ حَرَامࣸ,مَاسࣸ بِيمَ ذࣸمࣸࢽْسࣸ سَمّࣸ  دࣸوࢽِيَادࣸࢽْ ثِࢽْ حَرَامࣸ,0.05454545454545454,0.14285714285714285
Warning_Gargaɗi_Infiraji_2.pdf_page_5_line_005,کࣸوْأَدࣸودَأَشࣸواْدَلَيْمَا   بَرْتَصَلَّا کࣸوْإِڧَامَا,کࣸوْأَدࣸوْدَأَشࣸواْدَلَيْمَا  بَرْتَصَلَّاکࣸوْإِڧَامَا,0.05454545454545454,1.0
Infiraji_8.pdf_page_30_line_007,سَي سࣸثٜيٰ کࣸو کَࢽْغَ ࢽَامࣸ  کَاڢِرَيْ سࣸکَ أَيْبَتَامࣸ,سَيْ سࣸثٜيٰ کࣸوکَࢽْغَ ࢽَامࣸ کَاڢِرَيْ سࣸکَ أَيْبَتَامࣸ,0.05454545454545454,0.375
Infiraji_6.pdf_page_12_line_004,وَࢽْدَسَاکࣸلَ شَاوَرَاتَا    تَرْسَشِࢽْکࣸ مَذَادَمَاتَا,وَࢽْدَيَاکࣸلَ شَاوَرَاتَا  تَرْسَشِࢽْکࣸ مَذَادَمَاتَا,0.05454545454545454,0.25
Infiraji_7.pdf_page_10_line_004,سَࢽَدِى غَوَطَࢽْسࣸ دࣸواْکِي وَسࣸ کࣸواْسَࢽَدِࢽْسࣸ ذَاکِى,سَࢽّدِي غَوَطَࢽْسࣸ دࣸواْکِي وَسࣸ کࣸواْسَࢽَدِࢽْسࣸ ذَاکِ,0.05454545454545454,0.3333333333333333
Infiraji_4.pdf_page_4_line_008,ࢽَࢽْ مِجِ کَࢽْثٜيٰ دَمَاتَ   تَيْمَکٜيٰࢽِ مَسࣸويِيَاتَا,ࢽَࢽْ مِجِي کَࢽْثٜيٰ دَمَاتَ  تَيْمَکٜىٰࢽِ مَسࣸويِيَاتَا,0.05454545454545454,0.3333333333333333
Infiraji_4.pdf_page_37_line_003,غَسْکِيَاکࣸمَ ذَاأغَࢽْسࣸ   مَࢽْيَ مَࢽْيَ بِسَࢽْ جِکِࢽسࣸ,غَسْکِيَاکࣸمَ ذَاأَغَࢽْسࣸ  مَࢽْيَ مَࢽْيَ بِسَࢽْ جِکِࢽْسࣸ,0.05454545454545454,0.3333333333333333
Infiraji_8.pdf_page_27_line_011,بَابࣸ ڟࣸواْڢࣸوبَاسَمَارِ    دࣸکْ ثِکِࢽْ وࣸتَ بَاکࣸزَارِ,بَابࣸ ڟࣸواڢࣸوبَاسَمَارِ  دࣸکْ ثِکِࢽْ وࣸتَ بَاکࣸزَارِ,0.05454545454545454,0.16666666666666666
Infiraji_4.pdf_page_35_line_006,تࣸوْاْشِبَرْمَاکَࢽْسَ ڧٜيٰتَا   رَامࣸوَرْ شَرِّدَثࣸوتَا,تࣸوْاْشِبَرْمَاکَࢽْسَ ڧٜيٰتَا رَامࣸوَرْ شَرِّ دَثࣸوتَا,0.05454545454545454,0.5
Infiraji_4.pdf_page_4_line_015,يَايِي ࢽَوْيِي کَرْأَبَاسَࢽْ   هَࢽّࣸࢽْ هَلَکَاأَثࣸوسَࢽْ,يَايِي ࢽَوْيِي کَرْأَبَاسَࢽْ  هَࢽّࣸوَࢽْ هَلَکَاأَثࣸوسَࢽْ,0.05454545454545454,0.2
Infiraji_8.pdf_page_18_line_007,ذاعَ ࢽࣸوࢽَاࢽٜيٰ أَشَاوَرْ ثِي يَٜࢽْ وࣸتَا حَرْأَشَاوَرْ,ذَاعَ ࢽࣸوࢽَاࢽٜيٰ أَشَاوَرْ ثِي يَࢽْ وࣸتَ حَرْأَشَاوَرْ,0.05454545454545454,0.42857142857142855
Infiraji_6.pdf_page_6_line_014,کَرْحَرِࢽْ يَاڧِ يَثِيکَ    ࢳَࢽْ أࣸوَاسࣸڢَشٜيٰ سࣸبَرْکَ,کَرْحَرِࢽْ يَاڧِ يَثِيکَ ࢳَࢽْ أࣸوَاسࣸڢَشٜيٰ سࣸبَرْکَ,0.05454545454545454,0.0
Infiraji_4.pdf_page_18_line_005,دࣸࢽْ سࣸڢَرْمَامَاسࣸ بَاشِ    ࢽٜيٰ دَمَيْ صَلَّا دَڢَاشِ,دࣸࢽْ سࣸڢَرْمَامَاسࣸ بَاشِ  ࢽٜيٰ دَمَيْ صَلَّادَڢَاشِ,0.05454545454545454,0.2857142857142857
Infiraji_12.pdf_page_14_line_013,طَࢽْ أࣸوَارِڧَيِ دَلࣸورَا    بَاعَ ثِيمَتَ کَوْدَبَارَا,طَࢽْ أࣸوَارِڧَيِ دَلࣸورَا بَاعَ ثِيمَتَ کَوْدَبَارَا,0.05454545454545454,0.0
Nana_Asmāʾu_The_Absolute_Truth_1_Nana_Asmāʾu_Tabbat_Haqiqan_1.pdf_page_8_line_007,دࣸدَّکࣸومَيْمَڟٜيٰ عَدِيمِ غَبَاشِي   دࣸدَّکࣸومَثّٜيٰ وَدَّتَتّرْدَکِيشِي,دࣸدَّکࣸومَيْمَثٜيٰ عَدِيمِي غَبَاشِي  دࣸدَّکࣸومَثّٜيٰ وَدَّتَتَّرْدَکِيشِي,0.0547945205479452,0.6
Infiraji_10.pdf_page_7_line_005,وَتَاإِࢽ سࣸکَ ڢَارَ ڢَطَادَمِجِࢽْتَا   سَيْ تَرِڧٜيٰشِ تَثٜيٰ يَکَشٜيٰتَا,وَتَاإِࢽْ سࣸکَ ڢَارِڢَطَادَمِجِࢽْتَا  سَيْ تَرِڧٜيٰشِ تَثٜيٰ يَکَشٜيٰتَا,0.0547945205479452,0.375
Nana_Asmāʾu_Admonition_Nana_Asmāʾu_Waazi.pdf_page_1_line_014,دࣸکْ مࣸذَمْ کࣸوبِطَا غَأللهࣸ سَرْکِي   غَاڢَرَاکࣸو مࣸسَامِ يَرْدَعَّظِيمِ,دࣸکْ مࣸذَمْ کࣸوبِطَاغَأللَّهࣸ سَرْکِي  غَاڢَرَاکࣸو مࣸسَامِ يَرْدَعَّظِيمِ,0.0547945205479452,0.25
Infiraji_9.pdf_page_14_line_014,دَمَيْرَطَرْوَࢽِي مَيْزࣸمْطَࢽْوَࢽِي   إِࢽْ يَّيْ عِبَادَالاَدَࢽْ بَايَوَا,دَمَيْرَطَرْوَࢽِي مَيْزࣸمْطَࢽْوَࢽِي إِࢽْ يَّيْ عِبَادَالَادَࢽْ بَايَوَا,0.0547945205479452,0.16666666666666666
MAF_286.pdf_page_13_line_014,إِذَࢽْ ذَاکࣸوࣸوتَڢِيَاکَبَرْيِࢽْتَ کَيْ کَطَيْ ؞  ڧَرَمْثِࢽَةَ دَيْ کࣸوࣸاکࣸ ِࢽجِ مࣸحَمَّدَا,إِذَࢽْ ذَاکࣸوࣸتَڢِيَاکَبَرْيِࢽْتَ کَيْ کَطَيْ ؞  ڧَرَمْثِࢽْةَ دَيْ کࣸواکࣸ إِࢽْجِ مࣸحَمَّدَا,0.054945054945054944,0.4
Infiraji_9.pdf_page_18_line_005,عَامَيْࢽِ ذَيْ ذَمْࢽَاأَثِکِࢽْ وࣸتَا    أَيْبَابࣸ زَمْࢽَاوَابَادࣸوغَرَىٰ,عَامَيِࢽِ ذَيْ ذَمْࢽَاأَثِکِࢽْ وࣸتَا  أَيْبَابࣸ زَمْࢽَاوَابَادࣸوغَرَيٰ,0.05555555555555555,0.3333333333333333
Warning_Gargaɗi_Infiraji_2.pdf_page_15_line_013,طَࢽْ أࣸوَارِڧَيِ دَلࣸورَا   بَاع ثِيمَتَ کَوْ دَبَارَا,طَࢽْ أࣸوَارِڧَيِ دَلࣸورَا  بَاعَ ثِيمَتَ کَوْدَبَارَا,0.05555555555555555,0.42857142857142855
Infiraji_4.pdf_page_37_line_009,ڟَيْڟَيَاوَسَىْ أَکࣸوْاْرَا   حَرْذࣸوَامَڟَيَاأَتَارَا,ڟَيْڟَيَاوَسَيْ أَکࣸوْاْرَا حَرْذࣸوَامَڟَيَاأَتَارَا,0.05555555555555555,0.3333333333333333
Warning_Gargaɗi_Infiraji_2.pdf_page_6_line_002,ࢽَجَسَاکٜيٰ ڟَڟَّکِࢽْکَ    مٜيٰ يَڧَرْڢَڢَ تَاڧَمَرْکَ,ࢽَجَسَاکٜيٰ ڟَڟَّکِࢽْکَ مٜيٰ يَڧَرْڢَڢَ تَاڧَمَرْکَ,0.05555555555555555,0.0
Infiraji_11.pdf_page_8_line_014,ذࣸوثِيَرْکࣸوَاوَاتَوَايٜىٰ    غَاصِڢَامَيْبَادَڧَايٜىٰ,ذࣸوثِيَرْکࣸوَاوَاتَوَايٜيٰ  غَاصِڢَامَيْبَادَڧَايٜىٰ,0.05555555555555555,0.5
Infiraji_8.pdf_page_3_line_002,وَعَلَىٰ اَلِهِ وَصَحْبِهِ وَسَلَّمَ,وَعَلَىٰ ءَلِهِ وَصَحْبِه وَسَلَّمَ,0.05555555555555555,0.5
Infiraji_11.pdf_page_1_line_005,بِإِذْࢽِ مࣸوَلِّڢࣸ هَىٰذَاالْکِتَابࣸ,بِإِذْࢽِ مࣸوَلِّڢࣸ هَذَاالْکِتَابࣸ,0.05555555555555555,0.3333333333333333
MAF_286.pdf_page_5_line_007,کࣸࢽَاجِࢽْ کَرَمࣸ السࣸيدِ مَهْدِيّࣸ مࣸࢽْتَظَرْ ؞ کࣸسَࢽْ کࣸمَ جِيکَاࢽٜيٰ ࢽَأَࢽَّبِ أَحْمَدَا,کࣸࢽَاجِࢽْ کَرَامࣸ السِيدِ مَهْدِيّࣸ مࣸتْتَّظَرْ ؞ کࣸسَࢽْ کࣸمَ جِيکَاݒٜيٰ ࢽَأَࢽَّبِ أَحْمَدَا,0.05555555555555555,0.36363636363636365
Nana_Asmāʾu_The_Absolute_Truth_1_Nana_Asmāʾu_Tabbat_Haqiqan_1.pdf_page_8_line_006,بَاسࣸ ڟِيرَاوࣸتَاڢَ تَبَّتْ حَڧِڧََا,بَاسࣸ ڟِيرَاوࣸتَاڢَ تَبَّتْ حَڧِيڧَا,0.05555555555555555,0.25
Infiraji_8.pdf_page_9_line_002,بَابࣸ کَوْرِي بَابࣸ ڢَاطِ   ࢽَاجِ تࣸواْذَايٜيْ صَرَاطِ,بَابࣸ کَوْرِي بَابࣸ ڢَاطِ  ࢽَاجِ تࣸواْذَايٜي صِرَاطِ,0.05555555555555555,0.2857142857142857
A_Person_with_a_Livelihood_Will_Never_Be_Destitute_Mai_Sanaa_Ba_Ya_Tsiya.pdf_page_2_line_003,جَمَعَ دࣸو کࣸکَرْکَطٜي کࣸࢽّࣸوَࢽْکَ  کࣸجِ وَاڧَرْ وَطَࢽْدَ بَاسَا صَࢽَاعَ,جَمࣸعَ دࣸوکࣸکَرْکَطٜي کࣸࢽّࣸوَࢽْکࣸ  کࣸجِ وَاڧَرْ وَطَࢽْدَ بَاسَاصَࢽَاعَ,0.05555555555555555,0.6666666666666666
Infiraji_3.pdf_page_20_line_008,يَارࣸڢٜىٰࢽِ کَمَرْدَࢽِيࢽَا    ذَاشِ خَيرࣸالْحَاکِمِيࢽَ,يَارࣸڢٜىٰࢽِ کَمَرْدَࢽِيࢽَا  ذَاشِ خَيْرࣸالْحَاکِمِيࢽَ,0.05555555555555555,0.25
The_Harlots_Song_Waƙar_Karuwa.pdf_page_2_line_002,تَکَࢽْ مَيْدَ أَتَاجِرِ طَࢽْ ڢَرَوةَ  تَکَࢽْ کَشٜي أَوْرٜي دَغَلْمَاتَةَ,تَکَࢽْ مَيْدَاأتَاجِرِي طَࢽْ ڢَرَوْةَ  تَکَࢽْ کَشٜي أَوْرٜي دَغَلْمَاتَةَ,0.05555555555555555,0.3333333333333333
Infiraji_4.pdf_page_27_line_010,دࣸࢽْ مࣸتَاکَ دࣸغَادࣸڧِࢽْکࣸ   مࣸࢽْ ذَتَاکِرْکِ غَرٜيٰکࣸ,دࣸࢽْ مࣸتَاکَ دࣸغَادࣸغِࢽْکࣸ مࣸࢽْ ذَتَاکِرْکِ غَرٜيٰکࣸ,0.05555555555555555,0.16666666666666666
Infiraji_8.pdf_page_9_line_008,ماسࣸ کࣸواْرَاوَرْدَذَاڢِي   ذَامَ کࣸواْرَمَاسࣸ لَيْڢِي,مَاسࣸ کࣸواْرَاوَرْدَذَاڢِي  ذَاعَ کࣸواْرَمَاسࣸ لَيْڢِي,0.05555555555555555,0.4
Infiraji_4.pdf_page_3_line_003,وَعَلَىٰ ءَلِهِ وَصَحَبِهِ وَسَلَّمَ,وَعَلَىٰ اَلِهِ وَصَحْبِهِ وَسَلَّمَ,0.05555555555555555,0.5
ELIT_WAN_00130_011v_line_003,ڢى ؤيت الله بالابصارثابتة ؞ دليلهامحکم الفرءاࢽ ڢيه تل,ڢى ؤية الله بالا بصارثابتة ؞ دليلهامحکم الفرءاࢽ ڢيهتل,0.05555555555555555,0.5555555555555556
Nana_Asmāʾu_The_Authentic_Path_Nana_Asmāʾu_Godaben_Gaskiya.pdf_page_1_line_006,الࢽاشرمعيکترتاريخا,الࢽاشرمعيکترتاريخ,0.05555555555555555,1.0
Infiraji_10.pdf_page_1_line_011,وَاءࣸخْرَىٰ غࣸلّࣸ ڧَمَلِِ يَضَعَهࣸ اَللَّهࣸ ڢِي عࣸࢽࣸڧِ,وَاءࣸخَْرَىٰ غࣸلّࣸ ڧَمْلِ يَضَعَهࣸ اَللَّهࣸ ڢِي عࣸࢽࣸڧِ,0.05555555555555555,0.2857142857142857
ELIT_WAN_00130_011r_line_005,بل باجتناب لهاتمحى صغابى نا ؞ کمانجازى باضعاڡ عࢽ العمل,بل باجتناب لهاتحى مغابى نا ؞ کمانجازى باضعاڡ عࢽ العل,0.05555555555555555,0.3
Infiraji_7.pdf_page_6_line_004,کَاغَ بَيْوَاکَࢽْسَ أڧٜيٰتَا هِمَّرْسَ ثِکَࢽْ کَسَاتَا,کَاغَ يَيْوَاکَࢽْسَ ڧٜيٰتَا هِمَّرْسَ شِکَࢽْ کَسَاتَا,0.05555555555555555,0.5
MAF_286.pdf_page_15_line_013,کࣸبَرْسࣸࢽْ طَࢽَࢽْ تَاوَاغَأَيْکِي ڢَکࣸجِيَا ؞  سࣸوࣸوشِ دَسَاڢٜي کࣸࢽجِ ذَࢽْثٜيٰ مࣸحَمَّدَا,کࣸبَرْسࣸࢽْ طَࢽَࢽْ تَاوَاغَأَيْکِي ڢَکࣸࢽْجِيَا ؞  سࣸوࣸوشِ دَسَاڢِ کࣸࢽْجِ ذَࢽْثٜيٰ مࣸحَمَّدَا,0.056179775280898875,0.3
MAF_286.pdf_page_11_line_010,ڢَطَاتَسَ إِࢽْ اللَّهَ لَايࣸخْلِڢࣸ الْمِعَادَ ؞  إِتَثٜي دَلِيلِ يَاوَأࣸمَّ الْمࣸحَمَّدَا,ڢَطَاتَسَ إِࢽْ اللَّهَ لَابࣸخْلِڢࣸ الْمِيعَادَ؞ إِتَثٜي دَلِيلِ يَاوَاࣸمَّ الْمࣸحَمَّدَا,0.056179775280898875,0.4
MAF_286.pdf_page_9_line_004,ࢽَاڢَطِ ءَايࣸوايِࢽْکَ جَلَّ عࣸبَࢽْغِجِ ؞  بَسࣸ کَرْݒِ ذَࢽْثٜࢽْ ࢽَابَ دࣸࢽْ ڧِࢽْ مࣸحَمَّدَا,ࢽَاڢَطِءَايࣸوايِࢽْکَ جَلَّ عࣸبَࢽْغِجِ ؞   بَسࣸ کَرْبِ ذَࢽْثٜيٰ ࢽَابَ دࣸࢽْ ڧِࢽْ مࣸحَمَّدَا,0.056179775280898875,0.3333333333333333
Infiraji_9.pdf_page_24_line_003,کࣸدَيْࢽَ شَيْدَالزّࣸورِ کࣸبَرْڧَذَڢْ  کࣸدَيْࢽَ ڧَرْيَااَللَّهْ يَاهَࢽَا,کࣸدَيْࢽَ شَيْدَازّࣸرِکࣸبَرْڧَذَڢْ  کࣸدَيْࢽَ ڧَرْيَااَللَّه يَاهَࢽَا,0.056338028169014086,0.5
A_Person_with_a_Livelihood_Will_Never_Be_Destitute_Mai_Sanaa_Ba_Ya_Tsiya.pdf_page_2_line_005,مَيَّاوࣸو ثِکِࢽْ غَرِي بّادَلِيلِ  بَا عَيْکِࢽْ ڢَرِي بَڧِي بَا صَࢽَاعَ,مَيَّاوࣸوثِکِࢽْ غَرِي بَادَلِيلِ  بَاعَيْکِࢽْ ڢَرِي بَڧِي بَاصَࢽَاعَ,0.056338028169014086,0.7
A_Person_with_a_Livelihood_Will_Never_Be_Destitute_Mai_Sanaa_Ba_Ya_Tsiya.pdf_page_6_line_005,بَاکࣸتْرࣸوبَاکࣸࢽْغَ شِيبَامَکَاحࣸو    وَيمَيْ لَاڢِيَايَࢽَاڧِࢽْ صَࢽَاعَ,بَاکࣸتْرࣸوبَاکࣸࢽْغَ شِيبَامَکَاحࣸو  وَيْمَيْ لَاَڢِيَايَࢽَاڧِࢽْ صَࢽَاعَ,0.056338028169014086,0.4
Infiraji_7.pdf_page_3_line_001,يَيْمَ کَيْ مࣸوغَࢽْ جَسَارَا يَابِ مࣸمّࣸوࢽَرْدَبَارَا,بَيْمَ کَيْ مࣸوغَࢽْ خَسَارَا  يَابِ مࣸمّࣸوࢽَرْدَبَارَا,0.05660377358490566,0.3333333333333333
Infiraji_5.pdf_page_18_line_004,أَرْزِڧِي مَڧْسࣸومِيَاثٜىٰ   وَࢽْدَيَاسَامࣸويَدَاثٜىٰ,أَرْزِڧِي مَڧْسࣸومِيَاثٜيٰ  وَࢽْدَيَاسَامࣸويَدَاثٜيٰ,0.05660377358490566,0.6666666666666666
Infiraji_3.pdf_page_21_line_004,رَبَّࢽَاکَجِڧَࢽْ مࣸسࣸلْمِى    دࣸثِکَࢽْمࣸ کَسَامࣸسَامِ,رَبَّࢽَاکَجِڧَࢽْ مࣸسࣸلْمِي  دࣸثِکَࢽْمࣸ کَسَامࣸسَامِ,0.05660377358490566,0.25
Infiraji_6.pdf_page_14_line_011,غَاعَذَابࣸوࢽَاڟِبࣸواْوَا   غَاڧࣸواڧࣸلْوَاࢽَاڢَشٜيٰوَا,غَاعَذَابࣸوࢽَاڟِبࣸوْاوَا  غَاڧࣸواڧࣸلْوَاࢽَاڢَشٜيٰوَا,0.05660377358490566,0.5
Warning_Gargaɗi_Infiraji_2.pdf_page_13_line_010,مَي کِرَࢽْ مَاتَا کَوَالِ  ࢽَࢽْدَࢽَࢽْ کࣸکَبَاشِ جَالِ,مَيْ کِرَࢽْمَاتَاکَوَالِ  ࢽَࢽْدَࢽَࢽْ کࣸکَبَاشِ جَالِ,0.05660377358490566,0.5714285714285714
Infiraji_8.pdf_page_25_line_010,يَدَّدَىْ ࢽَتَرَرْدَسࣸ حَرْ   وࣸتَادَمَرِي دَسَرْڧَرْ,يَدَّدَيىْ ࢽَتَرَرْدَسࣸ حَرْ وࣸتَادَمَرِي دَسَرْڧَرْ,0.05660377358490566,0.2
ELIT_WAN_00130_013r_line_013,وفل لعل م رسول الموت يعجلى ؞ نا ساعتى هذه فدتم لى اجل,وفل لعل مارسول الموت يعجلى ؞ نا ساعتى هذه فدم لىاجل,0.05660377358490566,0.38461538461538464
Infiraji_3.pdf_page_12_line_007,ڧَيَاڢَڢٜيٰوَإࢽْ يَڧَارٜيٰ    غَالِکَّڢَࢽِي أطَمْرٜيٰ,ڧَيَاڢَڢٜيٰوَإࢽْ يَڧَارٜيٰ  غَالِکَّڢَࢽِي أَطَمْرٜيٰ,0.05660377358490566,0.25
Infiraji_7.pdf_page_6_line_014,يَاݒَثٜيٰ هَرْذࣸوثِ تࣸࢽْدَ بَاسَࢽِࢽْ کَلْمَرْشَهَادَا,يَايَثٜيٰ هَرْذࣸوثِ تࣸࢽْدَ  بَاسَࢽِࢽْ کَلْمَرْ شَهَادَا,0.05660377358490566,0.6
Knowledge_to_Follow_God_Gandal_Fii_Rewugol_Alla.pdf_page_11_line_013,وَکَذَالِکَ عٜکࣽذَنْتَاکࣽعࣽ ࡹِخْوَانࣸهࣸ بٜسِبّٜ مَکّࣽ,وَکَذَاالِکَ عٜکࣽذَنْتَاکࣽعࣽ ࡹِخْوَانࣸهࣸ بسِبِّ مَکّࣽ,0.05660377358490566,0.4
Infiraji_4.pdf_page_45_line_012,سࣸيِى کࣸوکَاحَرْمࣸغࣸࢽْيَا    تَاغࣸدَاࢽَامࣸسࣸودَءَايَا,سࣸيِي کࣸوکَاحَرْمࣸغࣸࢽْيَا  تَاغࣸدَاࢽَامࣸسࣸودَءَايَا,0.05660377358490566,0.3333333333333333
Infiraji_12.pdf_page_5_line_013,ࢽَاغَ مࣸوࢽِࢽْ إذْغِلِࢽْسَ    بَامࣸتࣸمْ وَاوَاکَمَرْسَ,ࢽَاغَ مࣸوࢽِࢽْ إِذْغِلِࢽْسَ  بَامࣸتࣸمْ وَاوَاکَمَرْسَ,0.05660377358490566,0.2
Infiraji_8.pdf_page_24_line_011,کَڢَطَاوَااَلࢽَّبِࢽْمࣸ    مࣸصْطَڢَىٰ مࣸوغࣸࢽْ حَلِࢽْمࣸ,کَڢَطَاوَااَلࢽَّبِࢽْمࣸ  مࣸصْطَڢَٰ مࣸوغࣸࢽْ حَلِࢽْمࣸ,0.05660377358490566,0.25
Knowledge_to_Follow_God_Gandal_Fii_Rewugol_Alla.pdf_page_5_line_010,لِمَنْ حَمِدَحࣸ وَالْجَهْرࣸعٜڢٜذِّنْدٜڢِح مَوْضِعِهِ>,لِمَࢽْ حَمِدَءࣸ وَالْجَهْرࣸعٜڢٜذِّنْدٜڢِح مَوْصِعِهِ>,0.05660377358490566,0.6
ELIT_WAN_00130_016v_line_011,وکل مࢽ ردما فلنا ڢمبتدع ؞ ڢاتبده عنک ولا تسمع لذي زلل,وکل مࢽ ردمافلنا ڢمبتدع ؞ ڢانبده عنک ولا تسمح لذي زلل,0.05660377358490566,0.3333333333333333
Infiraji_8.pdf_page_18_line_008,ثِي يٜࢽْ اَلْجَࢽَّهْ کࣸࢽْيَرْ    دَغَامࣸتࣸوَأَکَايَرْ,ثِي يَࢽْ اَلْجَࢽَّهْ کࣸࢽْيَرْ  دَغَامࣸتࣸوَأَکَايَرْ,0.05660377358490566,0.2
ELIT_WAN_00130_010v_line_012,ڢمࢽ مفالة اهل الحڡ فاطبة ؞ مࢽ عࢽ الحڡ والتحفيڡ لم يحل,ڢم مفالة اهل الحڡ فاطبة ؞ مࢽ عࢽ الحڡ والتحميڡ لم يجل,0.05660377358490566,0.25
Infiraji_6.pdf_page_17_line_002,جِࢽْکِرِي دَبِيَࢽْ إِجَارَا   عَامِلي غَلَطِي غسࣸورَا,جِࢽْکِرِي دَبِيَࢽْ إِجَارَا  عَامِلِي غَلَطِي غَسࣸورَا,0.05660377358490566,0.3333333333333333
Infiraji_5.pdf_page_12_line_011,هَرْشِسَارَامَاجِکِࢽْسࣸ    بَاأَبِࢽْدَشِکٜيٰ إِسَرْسࣸ,هَرْشِسَارَامَاجِکِࢽْسࣸ  بَاأَبِࢽْدَشِکٜيٰ إسَرْسࣸ,0.05660377358490566,0.3333333333333333
MAF_286.pdf_page_16_line_013,کࣸووَايَيِوࣸو ڧࣸلِّ يَتࣸوڢَ ثِکِي ࢽَسَ ؞  کࣸثٜيٰ مَسَ يَيْ سِحِرِي ڢَ إِࢽْجِِ مࣸحَمَّدَا,کࣸووَايَيِوࣸوڧࣸلِ يَتࣸوڢَ ثِکِي ࢽَسَ ؞  کࣸثٜيٰ مَسَ يَيْ سِحْرِي ڢࣸ إِࢽْجِ مࣸحَمَّدَا,0.056818181818181816,0.38461538461538464
MAF_286.pdf_page_5_line_010,سࣸکَسَامَدَاڢٜࣸوࢽَيْ غَبَࢽْسࣸ غࣸࢽِࢽْ يَوَا ؞  دࣸومِࢽْ سࣸکَسْ مَهْدِدَجَمَعَرْ مࣸحَمَّدَا,سࣸکَسَامَدَاڢࣸوࢽَيْ غَبَࢽْسࣸ غࣸࢽِࢽْ يَوَا ؞  دࣸومِࢽْ سࣸکَسْ مَهْدِ دَجَهَرْ مࣸحَمَّدَا,0.056818181818181816,0.3333333333333333
MAF_286.pdf_page_12_line_011,تَࢽَاثِي ڢَأََيْکِي دࣸکْ ࢽَکِْکِي دَأَࢽْکَوࣸو ؞  تَمْکَرْوࣸتَادَإِتَاثٜي ِࢽجِ مࣸحَمَّدَا,تَࢽَاثِي ڢَأَيْکِي دࣸکْ ࢽَکِرْکِي دَأَࢽْکَوࣸو ؞  تَمْکَرْوࣸتَادَإِتَاثِي إِࢽْجِ مࣸحَمَّدَا,0.056818181818181816,0.4444444444444444
MAF_286.pdf_page_6_line_013,جَهَࢽَّمَ أَࢽْ کَاوࣸوتَ غَاتَ أَدࣸوࢽِيَا ؞ تَࢽَاثِࢽْ ڢَ کَاڢِرَيْ دَدَرَجَ الْمࣸحَمَّدَا,جَهَࢽَّمَ أَࢽْکَاوࣸوتَ غَاتَ أَدࣸوࢽِيَا ؞  تَࢽَاثِࢽْ ڢَ کَاڢِرَيْ دَدَرْ جَ الْمࣸحمَّدَا,0.056818181818181816,0.45454545454545453
MAF_286.pdf_page_12_line_010,کࣸمَ کَدَکࣸوࣸوحَسَدَاغَکࣸواوَڢَ کࣸࢽْجِيَا ؞  إِتَمَا حَرَامࣸࢽْثٜيٰ أَتࣸرْبَࢽْ مࣸحَمَّدَا,کࣸمَ کَدَکࣸووحَسَدَاغَکࣸودوڢَ کࣸࢽْجِيَا ؞  إِتَمَاحَرَامࣸࢽْثٜيٰ أَتَرْبَࢽْ مࣸحَمَّدَا,0.056818181818181816,0.5
Warning_Gargaɗi_Infiraji_2.pdf_page_17_line_006,مَيْ شِغَرْسَ بَذَيْ رَوَرْڧَڢَابَا,مَيْ شِڧَرْسَ بَذَيْ رَوَرْڧِڢَابَا,0.05714285714285714,0.5
Infiraji_8.pdf_page_24_line_006,مࣸوْبَمَارَسَ کࣸواْأْبِࢽْ ڢَطِيْبَا,مࣸوْبَمَارَسَ کࣸواْأَبِࢽْ ڢَطِيبَا,0.05714285714285714,0.6666666666666666
Infiraji_8.pdf_page_1_line_005,بِإِذْࢽِ مࣸوَلِّڢࣸ هَٰذَاالْکَتَابࣸ,بِإِذْࢽِ مࣸوَلِّڢࣸ هَذَاالْکِتَابࣸ,0.05714285714285714,0.3333333333333333
Infiraji_10.pdf_page_7_line_016,ݣٜولَدَبِࢽْ مَّثٜيٰ تَيْ وَمِجِࢽْتَا   إِࢽْ تَويِي مَشِ تَاکشٜ کَࢽْتَا,ݣࣸوْلَدَبِࢽْ مَّثٜيٰ تَيْ وَمِجِࢽْتَا   إِࢽْ تَويِي مَشِ تَاکَشِ کَࢽْتَا,0.05714285714285714,0.2222222222222222
The_Glorious_Majidu_Infiraji_1.pdf_page_3_line_002,وَعَلَى ءَالِهِ وَصَحبِهِ وَسَلَّمَ,وَعَلَىٰ ءَالِهِ وَصَحْبِهِ وَسَلَّمَ,0.05714285714285714,0.5
Infiraji_10.pdf_page_9_line_007,صَحْبِ اِلࢽَّبِيِ دَأَهْلَ الْبَيْتِ  أَهْلِ عَبَاءِ کَذَامَکࣸسَࢽْ تَا,صَحْبِ اِلࢽَّبِيِّ دَأَهْࢽَ الْبَيْتِ  أَهْلِ عَبَاءِکْذَامَکࣸسَࢽْ تَا,0.05714285714285714,0.5
Infiraji_7.pdf_page_14_line_015,بَاکَ ڟَرْمَتَ إِࢽْ کَجٜيٰ غࣸدࣸوبَا,بَاکَ ڟَرْمَتَ إࢽْ کَجٜي غࣸدࣸوبَا,0.05714285714285714,0.4
Infiraji_10.pdf_page_13_line_009,دَࢽِيسَا؞ کࣸسَࢽْ إِࢽْثٜيٰ دࣸکَّࢽْ ڧَسَرْ مࣸسࣸلْمِ إِࢽْدَلِتَتَّڢَيْࢽَا,دَࢽِيسَادَکࣸسَࢽْ إِࢽْثٜيٰ دࣸکَّࢽْ ڧَسَرْ مࣸسࣸلْمِ  إِࢽْدَاِتَتَّڢَيْࢽَا,0.05714285714285714,0.42857142857142855
Infiraji_6.pdf_page_1_line_004,إِلَىٰ مَايࣸحِبّࣸ ءَامِيࢽْ بِإِذْࢽِ,إِلَىٰ مَايࣸحِبّࣸ ءامِيࢽ بِإِذْࢽِ,0.05714285714285714,0.25
Infiraji_6.pdf_page_11_line_003,بَسࣸ سَࢽْ رَحَمَرْ أࣸبَࢽْ غِجِِيبَا,بَسࣸ سَࢽْ رَحَمَرْأࣸبَࢽْ غِجِيبَا,0.05714285714285714,0.6
Infiraji_10.pdf_page_8_line_014,شِي اِللَّهْ بَاأَيْ مَسَ وَايَوْاْ   يَࢽْدَ يْسࣸوحَکَ ذَاشِ حࣸکࣸࢽْتَا,شِي اَللَّهْ بَاأَيْ مَسَ وَايَوْاْ  يَࢽْدَيَسࣸوحَکَ ذَاشِ حࣸکࣸࢽْتَا,0.05714285714285714,0.3333333333333333
Nana_Asmāʾu_The_Authentic_Path_Nana_Asmāʾu_Godaben_Gaskiya.pdf_page_3_line_005,وَطَࢽْغَ ڢَسࣸوا أوَّاجِِبِي بِسَ مࣸومِࢽِ    دَيَشَّيْدِ اَللَّهْ يَڢَّشَيْدِ مࣸهَمَّدَا,وَطَࢽْغَ ڢَسࣸواأَوَّاجِبِي بِسَ مࣸومِࢽِ   دَيَشَّيْدِ اَللَّهْ يَڢَّشَيْدِ مࣸحَمَّدَا,0.05747126436781609,0.3333333333333333
Nana_Asmāʾu_The_Authentic_Path_Nana_Asmāʾu_Godaben_Gaskiya.pdf_page_8_line_015,أَکَيْ وَࢽِ دَاطِي ࢽَࢽْ دَيَڢِّ ࢽَجَࢽَّتَا   غَࢽِࢽْ جَلَّ سَرْکِي وَࢽْدَيَابِ اَحْمَدَا,أَݣَيْ وَࢽِ دَاطِي ࢽَࢽْ دَيَڢِّ ࢽَجَࢽَّتَا  غَࢽِࢽْ جَلَّ سَرْکِي وَࢽْدَيَذَّابِ اَحْمَدَا,0.05747126436781609,0.18181818181818182
MAF_286.pdf_page_8_line_009,أَبࣸوبَکَرْ عࣸمَرࣸ عࣸثْمَاࢽࣸ کࣸمَ دَعلِيّࣸ ؞  سࣸوࢽٜيٰ صَحَٰبࢽْ ࢽَاسَ جِيکَࢽْ مࣸحَمَّدَا,أَبࣸوبَکَرْ عࣸمَرࣸ عࣸثْمَارࣸ کࣸمَ دَعَلِيّࣸ ؞  سࣸوࢽٜيٰ صَحَبَيْ ࢽَاسَ جِيکَࢽْ مࣸحَمَّدَا,0.05747126436781609,0.2727272727272727
MAF_286.pdf_page_14_line_005,کࣸسَࢽْ شٜسࣸ لَدَبࣸوبٜيٰ ࢽَدِيࢽِࢽْ مࣸحَمَّدࣸ ؞   شِِيمَاحَدِيشِ ࢽٜيٰ ࢽَأَࢽَّبِ أَحْمَدَا,کࣸسَࢽْ شِسࣸ لَدَبࣸوبٜي ࢽَدِيࢽِࢽ مࣸحَمَّدࣸ ؞  شِيمَاحَدِيشِ ࢽٜيٰ ࢽَأَࢽَّبِ أَحْمَدَا,0.05747126436781609,0.4
Nana_Asmāʾu_The_Authentic_Path_Nana_Asmāʾu_Godaben_Gaskiya.pdf_page_7_line_003,وَطَࢽْسࣸ أَوَاتَڢِيَاڧَڢَاڢࣸࢽْسࣸ دَيْ سࣸکَيْ    بِسَاغَ صِرَاطِي حَرْسࣸذࣸو غَمࣸحَمَّدَا,وَطَࢽْسࣸ اوَاتَڢِيَاڧَڢَاڢࣸࢽْسࣸ دَيْ سࣸکَيْ   بِسَاغَ صِرَطِي حَرْسࣸذࣸو غࣸمࣸحَمَّدَا,0.05747126436781609,0.375
Infiraji_10.pdf_page_12_line_006,دَࢽْ الࢽَّبَاوَاسࣸࢽْيِ أّوْضٜيٰ دَࢽْ کࣸجِي   سࣸࢽَّرْ مࣸحَمَّدࣸثٜيٰ مࣸتࣸمْ شِيِ أَوْرٜيٰ,دَࢽْ الࢽَّبَاوَاسࣸࢽِي أَوْضٜيٰ دَࢽْ کࣸجِي  سࣸࢽَّرْ مࣸحَمَّدࣸثٜيٰ مࣸتࣸمْ شِي أَوْرٜيٰ,0.05747126436781609,0.3
The_Human_Being_Is_an_Incurable_Disease_Mutum_Cuta_Ne_Marar_Magani.pdf_page_4_line_007,أَبَتࣸࢽْ دَمࣸࢽْکَيِي سَيْ ࢽَغَاࢽٜيٰ کَاجِبَا   بَامَيْ غࣸࢽِࢽْتَا غࢽْسࣸ کَاجِِ مࣸتَاࢽٜيٰ,أَبَتࣸرْدَمࣸࢽْکَيِي سَيْ ࢽَغَاࢽٜيٰ کَاجِبَا   بَامَيْ غࣸࢽِࢽْتَاغࣸࢽْسࣸ کَاجِ مࣸتَاࢽٜيٰ,0.05747126436781609,0.5
Infiraji_11.pdf_page_9_line_014,ذࣸوثِيَاتَاࢽَايَبࣸوࢽْکَا   هَࢽْکَلِيْࢽَاࢽَاغَرٜىٰکَا,ذࣸوثِيَاتَاࢽَايَبࣸوࢽْکَا  هَࢽْکَلِيࢽَاࢽَاغَرٜيٰکَا,0.057692307692307696,0.5
Infiraji_5.pdf_page_16_line_007,تَتْتَلِࢽْسࣸ سࣸکَامَ طَاکِ   غَاڢِتِلَّاتىْ سِتَاتِى,تَتْتَلِࢽْسࣸ سࣸکَامَ طَاکِ  غَاڢِتِلَّاتَىْ سِتَاتِي,0.057692307692307696,0.4
Infiraji_4.pdf_page_12_line_003,صَاحِبِي جِبرِيلࣸ يَاثٜيٰ  يوْدَلَابَارِࢽْ وࣸتَاثٜيٰ,صَاحِبِي جِبْرِيلࣸ يَاثٜيٰ  يَوْدَࢽَابَارِࢽْ وࣸتَاثٜيٰ,0.057692307692307696,0.4
Infiraji_7.pdf_page_4_line_010,تࣸࢽْدَسَوْرَࢽْ حَࢽْکَلِࢽْکَ يَاڧ بِرْࢽِࢽْ ذࣸوثِيرْکَ,تࣸࢽْدَسَوْرَࢽْ حَࢽْکَلِࢽْکَ  يَاڧِ بِرْࢽِࢽْ ذࣸوثِيَرْکَ,0.057692307692307696,0.4
Infiraji_12.pdf_page_16_line_001,کَارࣸوَرْغَمَذَادَمَاتَا    غَسْکِيَاأࢽْ مࣸوࢽَࢽَاتَا,تَارࣸوَرْغَمَذَادَمَاتَا  غَسْکِيَاأࢽْ مࣸوࢽَࢽَاتَا,0.057692307692307696,0.3333333333333333
Infiraji_4.pdf_page_14_line_014,غَامَثِذَيْ غَاکࣸࢽَامَا  سࣸࢽْ حَطَامَسࣸ مَيْظَلاَمَا,غَامَثِذَيْ ࢽَاکࣸࢽَامَا  سࣸࢽْ حَطَامَسࣸ مَيْظَلَامَا,0.057692307692307696,0.4
Infiraji_4.pdf_page_37_line_002,سࣸويَحَࢽْزِرْذَاأغَࢽْسࣸ   مَىْ ڧِرَࢽْ ڧَرْيَادَمࣸوسࣸ,سࣸويَحَࢽْزِرْذَاأَغَࢽْسࣸ  مَيْ ڧِرَࢽْ ڧَرْيَادَمࣸوسࣸ,0.057692307692307696,0.5
Infiraji_6.pdf_page_10_line_005,لَاخِرَاࢽَسَ حَرْشِسَامِ   کَيْغَ ذَاݒٜݒّٜيٰ مࣸڧَامِ,لَاخِرَاࢽَسَ حَرْشِسَامِ  کَيْغَ ذَاݒَݒّٜيٰࢽ مࣸڧَامِ,0.057692307692307696,0.2
Infiraji_7.pdf_page_13_line_002,سࣸيْتَ عِلمِ تࣸࢽْدَڢَارِي غَسْکِيَاتَرِ غَايِ شَرِّي,سࣸيْتَ عِلْمِ تࣸࢽْدَڢَارِي غَسْکِيَاتَرِغَايِ شَرَّي,0.057692307692307696,0.6666666666666666
Infiraji_8.pdf_page_15_line_007,سَيْ أَسَازَابَّاࢽِيَاوَا   غَرْغطࣸوسࣸ سࣸطࣸورَکࣸووَا,سَيْ أَسَازَبَّاࢽِيَاوَا  غَرْغَطࣸوسࣸ سࣸطࣸورَکࣸووَا,0.057692307692307696,0.5
Infiraji_4.pdf_page_12_line_009,مَاجَهَࢽَّمَ ࢽَࢽْ أَڢَا  رِ کࣸرْکࣸکࣸࢽٜيٰ مَيْڧَذَارِ,غَاجَهَࢽَّمَ ࢽَࢽْ أَڢَارِ کࣸرْکࣸکࣸࢽٜيٰ مَيْڧَذَارِ,0.057692307692307696,0.5
Infiraji_9.pdf_page_12_line_003,کَاتَࢽْبّيٜيٰࢽِ بَاࢽِ رࣸڢٜيٰ مَکَا   أّلْأَمࣸرَاىٰ ࢽَتَاشِࢽْ دࣸوࢽِيَا,کَاتَࢽْبَيٜيٰࢽِ بَاࢽِ رࣸڢٜيٰ مَکَا  أَلْأَمࣸرَىٰ ࢽَتَاشِࢽْ دࣸوࢽِيَا,0.057971014492753624,0.2857142857142857
Warning_Gargaɗi_Infiraji_2.pdf_page_9_line_013,تَارٜيٰ دَيْ کࣸکٜيٰ کࣸوْإِࢽَاࢽٜي    کࣸواْکَࢽَاتَڢٜيٰ کࣸواْ أَذَوْࢽٜيٰ,تَارٜيٰ دَيْ کࣸکٜيٰ کࣸوْإࢽَاࢽٜيٰ  کࣸواْکَࢽَاتَڢٜيٰ کࣸواْأَذَوْࢽٜيٰ,0.057971014492753624,0.42857142857142855
Infiraji_9.pdf_page_9_line_011,مَالَمْ يَثٜيٰمَࢽَادࣸوجَلْ ࢽَاذࣸوَا   ذَايَذࣸوايَيِ سَرَوْتَادࣸوࢽِيَا,مَالَمْ يَثٜيٰمَࢽَادࣸوجَلْ ࢽَاذࣸوَا  ذَايَذࣸواْ يَيْ سَرَوْتَادࣸوࢽِيَا,0.057971014492753624,0.4
MAF_286.pdf_page_6_line_008,کࣸجٰٜکࣸ جَهَادِࢽَࢽْ غَخَرْتࣸمْ کࣸڢَلْمࣸسࣸ ؞ کࣸکَرْکَشٜيٰ کَاڢِرَيْ مَڧِيَࢽْ مࣸحَمَّدَا,کࣸجٜيٰکࣸ ڢَهَادِࢽَࢽْ غَخَرْتَمْ کࣸڢَلْمࣸسࣸ ؞ کࣸکَرْکَشٜيٰ کَاڢِرِيْ مَڧِيَرْ مࣸحَمَّدَا,0.05813953488372093,0.5555555555555556
MAF_286.pdf_page_13_line_015,تࣸومَڧࣸبْتَادࣸکْ کࣸکِوْتَامَ جٜٜࣸوࢽَࢽْکࣸ ؞  کࣸبَرْ سࣸ کࣸيِوࣸ ثࣸوتَا حَدِيشِ مࣸحَمَّدَا,تࣸومَڧࣸبْتَادࣸکْ کࣸکِوْتَامَ جࣸورَࢽْکࣸ ؞  کࣸبَرْسࣸ کࣸيِوࣸ ثࣸوتَاحَدِيشِ مࣸحَمَّدَا,0.05813953488372093,0.5
MAF_286.pdf_page_3_line_003,کࣸدࣸوبَادَلِيلَيْ ثَيْ غَءَايَرْ تَڧࣸرْءَاࢽࣸ ؞ دَإِتَاذَاکࣸوࣸلࣸورَدَإيکࣸࢽْسَ سَرْمَدَا,کࣸدࣸوبَادَلِيلَيْ ثَيْ غَءَايَرْتَڧࣸرْءَالࣸ ؞  دَإِتَاذَاکࣸوࣸولࣸورَادَإيکࣸࢽْسَ سَرْمَدَا,0.05813953488372093,0.42857142857142855
Infiraji_12.pdf_page_7_line_015,ڧِرْجِࢽْ بَىْ دَيْࢽَ سࣸوْايࣸوَابَا,ڧِرْجِࢽْ بَيْ دَيْࢽَ سࣸوايࣸوَابَا,0.058823529411764705,0.5
ELIT_WAN_00130_007r_line_002,الاول الاخى المعبودذوفدى ؞ وصڢ الکدوث محال غيرمنشتل,الاول الاخ المعبودذوفدى ؞ وصڢ الحدوث محال غيرمشتل,0.058823529411764705,0.375
MAF_286.pdf_page_9_line_009,سࣸࢽْ دࣸوبِ جࣸوࢽَࢽْسࣸ سࣸکَ ذَرْغِ کَاوࣸࢽَا ؞  سࣸکَوࣸو ࢽَدَامَ کࣸࢽجِ مَڧِيَا مࣸحَمَّدَا,سࣸࢽ دࣸوبِ جࣸوࢽَࢽْسࣸ سࣸکَ ذَرْغِ کَاوࣸࢽَا ؞  سࣸکَوࣸوࢽَدَامَ کࣸࢽِجِ مَڧِبَّا مࣸحَمَّدَا,0.058823529411764705,0.4166666666666667
MAF_286.pdf_page_1_line_009,مࣸࢽَاسࣸومَوَرْوَاڧَاتَمَهْدِيّࣸ مࣸࢽْتَظَرْ ؞ مࣸࢽࣸوࢽَ کَرَامࣸوࢽَسْ أَسَࢽْسࣸ غࣸدَاغࣸدَا,مࣸࢽَاسࣸومَوَرْوَاغَاتَمَهْدِمࣸ مࣸࢽْتَغَرْ ؞ مࣸࢽࣸوࢽَ کَرَامࣸوࢽَسْ أَلَࢽْسࣸ غࣸدَاغࣸدَا,0.058823529411764705,0.42857142857142855
Infiraji_5.pdf_page_12_line_003,بَسࣸ کَࢽْ سࣸوْاْتَادَ هَࢽْکࣸلَابَا,بَسࣸ کَࢽْ سࣸوْاْتَادَهࣸࢽْکࣸلَابَا,0.058823529411764705,0.5
Infiraji_6.pdf_page_3_line_010,کَرْکَݒَاتَ وࣸرِࢽْ ذَمْکࣸ  إِࢽْڢِرَاجِ ثٜيٰ تَعࣸکّࣸ,کَرْکَبَاتَ وࣸرِࢽْ ذَمَࢽْکࣸ  إِࢽْڢِرَاجِ ثٜيٰ تَعࣸکّࣸ,0.058823529411764705,0.3333333333333333
Infiraji_9.pdf_page_1_line_006,ࢽَࢽْتَدࣸواْ کَࢽࣸو,يَࢽْتَدࣸواْ کَࢽࣸو,0.058823529411764705,0.5
Infiraji_8.pdf_page_2_line_005,بِإِذْࢽِ مࣸوَلِّڢࣸ هَٰذَالْکِتَابࣸ,بِإِذْࢽِ مࣸوَلِّڢࣸ هَذَاالْکِتَابࣸ,0.058823529411764705,0.3333333333333333
Warning_Gargaɗi_Infiraji_2.pdf_page_11_line_006,شِذࣸبࣸواْ مَسࣸ بَاثِکِࢽْ شِرِيْبَا,شِذࣸبࣸواْمَسࣸ بَاثِکِࢽْ شِرِيبَا,0.058823529411764705,0.75
Infiraji_12.pdf_page_12_line_015,دَغَ ࢽَࢽْ سࣸکٜى بَاأَبِࢽْ مࣸسࣸوبَا,دَغَ ࢽَࢽْ سࣸکٜىٰ بَاأَبِࢽْ مࣸࣸوبَا,0.058823529411764705,0.4
Infiraji_6.pdf_page_2_line_007,ࢽَمَࢽْغِ زَارِيَ؞,ࢽَمَࢽْغِ زَارِيَ,0.058823529411764705,0.5
The_Glorious_Majidu_Infiraji_1.pdf_page_7_line_006,بَشِکَࢽْ ڧِ مࣸتࣸمْ أَکَࢽْ رَشِيبَا,بَشِکَࢽْوِ مࣸتࣸمْ أَکَࢽْ رَشِيبَا,0.058823529411764705,0.4
Infiraji_11.pdf_page_15_line_009,يَعْڧࣸوبࣸ غࣸسَوْ؞,يَعْڧࣸوبࣸ غࣸسَوِْ,0.058823529411764705,0.5
Warning_Gargaɗi_Infiraji_2.pdf_page_14_line_015,يَاثِلَاتَ دَڧࣸࢽْ سَࢽِࢽْ مَحَرْبَا,بَاثِکَاتَ دَڧࣸࢽْ سَࢽِࢽْ مَحَرْبَا,0.058823529411764705,0.25
The_Glorious_Majidu_Infiraji_1.pdf_page_6_line_009,يَثِ بَـ بِسَ کَࢽْ رَشِࢽْ سَࢽِيبَا,يَثِ بَابِسَ کَࢽْ رَشِࢽْ سَࢽِيبَا,0.058823529411764705,0.3333333333333333
MAF_286.pdf_page_8_line_013,کَذَاڧࣸيْ ࢽَکَاجِ مَاڢَسࣸوࢽَࢽْسَ أَرْغَࢽِي ؞ يَوْࢽَيْ غࣸࢽَاتࣸوکࣸࢽجِ دَرَجَ تَأحْمَدَا,کَذَاڧࣸيْ ࢽَکَاجِ مَاڢَسࣸوࢽَࢽْسَ أَࢽْ غَࢽِي ؞  يَوْࢽَيْ غࣸࢽَاتࣸوکࣸࢽْجِ دَرَجَ تَأَحْمَدَا,0.058823529411764705,0.4444444444444444
ELIT_WAN_00130_004v_line_002,س مࢽ الا مࢽ جل الله خالفه ؞ وانماخاض ڢيه الفوم بلجد,س مࢽ الا مࢽ جل الله خالفه ؞ واناخاض ڢيه الفوم بالجدل,0.058823529411764705,0.16666666666666666
Infiraji_11.pdf_page_11_line_003,هَرْغࣸوبٜىٰ بَمࣸىْ ذَمَࢽْ دࣸهࣸوبَا,هَرْغࣸوبٜى بَمࣸيْ ذَمَࢽْ دࣸهࣸوبَا,0.058823529411764705,0.5
Infiraji_9.pdf_page_10_line_012,ڟَرِي کࣸسّࢽْ سࣸࢽَاࢽٜيٰ وَاجِبِي    مࣸوَکَّدِيࢽٜيٰ مࣸسࣸلْمِي کࣸࢽجِيَا,ڟَرِي کࣸسَࢽْ سࣸࢽَاࢽٜيٰ وَاجِبِي  مࣸوَکَّدِيࢽٜيٰ مࣸسࣸلْمِي کࣸࢽْجِيَا,0.058823529411764705,0.2857142857142857
Infiraji_12.pdf_page_11_line_015,تَکَࢽْ ڢِتَ تࣸࢽْ بَأَىْ بَݣَىْ بَا,تَکَࢽْ ڢِتِ تࣸࢽْ بَأَىْ بَݣَيْ بَا,0.058823529411764705,0.3333333333333333
Infiraji_12.pdf_page_1_line_006,مࣸوَلَّڢࣸ هَذَاالکِتَابࣸ الْحَاجِِ,مࣸوَلَّڢࣸ هَذَاالْکِتَابࣸ الْحَاجِي,0.058823529411764705,0.6666666666666666
Infiraji_3.pdf_page_15_line_009,َدَبَيْيِ کࣸوْامَيْ دَتَࢽْبَيَابَا,دَبَيْيِ کࣸوْاْمَيْ دَتَࢽْبَيَابَا,0.058823529411764705,0.6666666666666666
Infiraji_10.pdf_page_4_line_003,سَࢽَرْوَاتَاإِتَثٜيٰ غَمَذاجٜيٰ    کَرْأَيَوَيْتَ ݣࣸطَيْ أَتَڧَيْتَا,سَࢽَرْوَاتَاإِتَثٜيٰ غَمَذَاجٜيٰ  کَرْأَيَوَࢽْتَ ݣࣸطَيْ أَتَڧَيْتَا,0.058823529411764705,0.4
The_Harlots_Song_Waƙar_Karuwa.pdf_page_6_line_006,کࣸودَيْ کࣸدࣸوبِي ࢽࣸڢِي بَاࢽِڢَاڧَا,کࣸودَيْ کࣸدࣸوبِي ࢽࣸڢِي بَاتِڢَاتَا,0.058823529411764705,0.25
Infiraji_9.pdf_page_20_line_009,مَيْکَىْ دَکَاوࣸرڟَکَاࢽِࢽْ يَࢽْعࣸوَا    يَغَمَاسࣸوغَبَاشِمَابَايَشَا,مَيْکَيْ دَکَاوࣸرڟَکَاࢽِࢽْ يَࢽْعࣸوَا   يَغَمَاسࣸوغَابَاشِيمَابَايَشَا,0.058823529411764705,0.5
The_Glorious_Majidu_Infiraji_1.pdf_page_13_line_012,بَىْ غِرْمَمَ وَاࢽْغَ اَلࢽَّبِيبَا,بَيْ غِرْمَمَ وَࢽْغَ اَلࢽَّبِيبَا,0.058823529411764705,0.5
The_Human_Being_Is_an_Incurable_Disease_Mutum_Cuta_Ne_Marar_Magani.pdf_page_8_line_015,تم الخط بعوࢽ الله,تم الحط بعوࢽ الله,0.058823529411764705,0.25
Infiraji_12.pdf_page_14_line_015,بَاکَ ڟَرْمَتَ إࢽْ کَجٜىٰ غࣸدࣸوبَا,بَاکَ ڟَرْمَتَ إࢽْ کَجٜي غࣸدࣸوبَا,0.058823529411764705,0.2
Infiraji_7.pdf_page_10_line_006,شِذࣸبࣸواْ مَسࣸ بَاثِکِࢽْ شِرِيْبَا,شِذࣸبࣸواْمَسࣸ بَاثِکِࢽْ شِرِيبَا,0.058823529411764705,0.75
Infiraji_8.pdf_page_24_line_003,ذِکْرِي بَسࣸ مَࢽْثٜىٰ حَيْلَلَابَا,ذِکِرِي بَسࣸ مَࢽْثٜيٰ حَيْلَلَابَا,0.058823529411764705,0.5
Infiraji_7.pdf_page_4_line_015,بَکَجٜيٰ أَثِکِࢽْ رَشِࢽْ شِرِيْبَا,بَکَجٜيٰ أَثِکِࢽْ رَشِࢽِࢽْ شِرِيْبَا,0.058823529411764705,0.25
Infiraji_5.pdf_page_15_line_006,بَسࣸ سَࢽْ لࣸوْتࣸࢽْ دَذَىْ غَمَابَا,بَسࣸ سَࢽْ لࣸوْاْتࣸࢽْ دَذَىْ غَمَابَا,0.058823529411764705,0.2
The_Glorious_Majidu_Infiraji_1.pdf_page_15_line_006,دࣸواْمِࢽْ عِلِمِࢽْمࣸ بَيْ يَوَابَا,دࣸواْمِࢽْ اِلمِࢽْمࣸ بَيْ يَوَابَا,0.058823529411764705,0.25
Infiraji_4.pdf_page_28_line_008,تَمْبَيَاحࣸجَّاغَرٜيٰتَا   رَبَّࢽَايَاثٜيٰ أَيِيتَا,تَمْبَيَاحࣸجَّاغَرٜيٰتَا  رَبَّࢽَايَاثٜىٰ أَبِيتَا,0.058823529411764705,0.6666666666666666
Nana_Asmāʾu_The_Authentic_Path_Nana_Asmāʾu_Godaben_Gaskiya.pdf_page_9_line_015,ذَمَاغࣸزࣸرِيࢽَاࢽِيڢَ کٜيٰࢽَاغَدࣸوࢽِيَا    غَرَوْࢽِکَ تَمَّاتَا دَثٜيٰتࣸو غَاَحْمَدَا,ذَمَاغࣸزࣸرِيࢽَاࢽِيڢَ کٜيٰࢽَاغَدࣸوࢽِيَا   غَرَيْ ࢽِکَ تَمَّاتَادَثٜيٰتࣸو غَاحْمَدَا,0.05952380952380952,0.6666666666666666
MAF_286.pdf_page_17_line_015,کࣸوࣸوڧَوڧَرِي دَࢽْغِ دَࢽٜيٰ ميْ حَلَالِيَا ؞  شِيمَاحَدِيشِ ࢽٜيٰ کࣸذࣸو کࣸجِ ڢَاءِدَا,کࣸوࣸوڧَوڧَرِي دَࢽْغِ دَࢽٜيٰ مَࢽْ حَالِيَا ؞  شِيمَاحَدِيشِ ࢽٜيٰ کࣸذࣸوکࣸجِ ڢَاءِدَا,0.05952380952380952,0.36363636363636365
Nana_Asmāʾu_The_Authentic_Path_Nana_Asmāʾu_Godaben_Gaskiya.pdf_page_6_line_010,دَطَاأَࢽَطٜيٰ ڢَڧَسَاأکَاوࣸوصِرَاطِ کࣸو    ڟَکَاࢽِࢽْ وࣸتَاأکَڢَامࣸحَوْشِ دَأَحْمَدَا,دَطَاأَࢽَطٜيٰ ڢَڧَسَاأَکَاوࣸوصِرَطِکࣸو    ڟَکَاࢽِࢽْ وࣸتَاأَکَڢَامࣸحَوْشِ دَاَحْمَدَا,0.05952380952380952,0.6666666666666666
MAF_286.pdf_page_19_line_008,إِذَࢽْ کَاغِيَاکࣸوَکَاغَمࣸودَعࣸبَࢽْغِجِ ؞ أَرَاࢽَ الْڧِيَامَ بَاکَ حࣸجَّاڢَ کࣸوغࣸدَا,إِذَࢽْ کَاڧِيَاکࣸوَکَاغَمࣸودَعࣸبَࢽْغِجِ ؞  أَرَاࢽَ الْغِيَامَ بَاکَ مࣸجَاڢَ کࣸوغࣸدَا,0.05952380952380952,0.375
Infiraji_10.pdf_page_12_line_001,مَثٜيٰ إِࢽ تَࢽَاأَوْرٜيٰ تَࢽَادَدَرَجَّا   سَࢽَّࢽْوࣸرِࢽْ اِللَّهْ دَلاَدَࢽْ أَوْرٜيٰ,مَثٜيٰ إِࢽْ تَࢽَاأَوْرٜيٰ تَࢽَادَدَرَجَّا  سَࢽَّࢽْ وࣸرِ اِللَّهْ دَلاَدَࢽْ أَوْرٜيٰ,0.05952380952380952,0.375
Infiraji_10.pdf_page_12_line_002,مَثٜيٰ إِࢽْ تَࢽَاأَوْرٜيٰ تَذَوْࢽَالَاڢِيَا  کࣸومِي تَثِيشِ حَلَتْدَرَجَّرْ أَوْرٜيٰ,مَثٜيٰ إِࢽْ تَࢽَاأَوْرٜيٰ تَذَوْࢽَالَاڢِيَا  کࣸومِي تَثِيشِ حَلَتْرَرْ جَّْأَوْرٜيٰ,0.05952380952380952,0.25
MAF_286.pdf_page_11_line_009,جِبْرِيلࣸ يَاکَاوࣸو غَسِيدِ مࣸحَمَّدَا ؞ أّسَࢽْ بَاشِ سَاݒَ وَاوَسَرْکِࢽْ مࣸحَمَّدَا,جِبِرِيلࣸ يَاکَاوࣸوغَسِيدِ مࣸحَمَّدࣸ ؞ أَسَࢽْ بَاشِ سَاݒَ وَاوَسَرْکِࢽْ مࣸحَمَّدَا,0.05952380952380952,0.5
Infiraji_4.pdf_page_30_line_014,سࣸࢽڧِ جِࢽْ وَعَظِي دَحࣸوْاْرࣸوْا   بَاأَبِࢽْدَا کَبَاسࣸ ڟࣸوْاْرࣸواْ,سࣸࢽْڧِ جِࢽْ وَعَظِي دَحࣸوْاْرࣸوْاْ  بَاأَبِࢽْدَکَبَاسࣸ ڟࣸوْاْرࣸواْ,0.05970149253731343,0.5714285714285714
Infiraji_9.pdf_page_14_line_006,جَمَعَ مࣸسّْࣸمِي إِࢽْ سࣸࢽَيَاڧِکَيْ   سࣸࢽَاکَشٜيٰ جࣸوࢽَاࢽَاسَاڢَرِي,جَمَعَ مࣸسࣸلْمِيَ إِࢽْ سࣸࢽْيَاڧِکَيْ  سࣸࢽَاکَشٜيٰ جࣸوࢽَاࢽَاسَاڢَرِي,0.05970149253731343,0.3333333333333333
Infiraji_9.pdf_page_5_line_004,ذَامَࢽِيࢽٜيٰ إِࢽْجِ مࣸجَدِّدِي    بَابࣸ مَيْ تَوْسَࢽْوَࢽِي يَاغَذَا,ذَامَࢽْࢽٜيٰ إِࢽْجِ مࣸجَدِّدِي  بَابࣸ مَيْ تَوْسَࢽْوَࢽِي يَاغَذَا,0.05970149253731343,0.14285714285714285
Infiraji_9.pdf_page_22_line_002,مَالَمْ دَکࣸوولَادَکَࢽْبࣸغَا  بَاعَابِيَاࢽَسَاسَيْ إِࢽْ يَيْعِدࣸواْ,مَالَمْ دَکࣸورِيلَادَاکَࢽْبࣸغَا  بَاعَابِيَاࢽَسَاسَيْ إِࢽْ يَيْعِدࣸواْ,0.05970149253731343,0.2
Infiraji_10.pdf_page_7_line_015,کَمَرْمࣸوتَاتَکٜيٰ کٜࣸمِ کٜࢽْتَا   إِࢽْ کَغَ بَاتَڢِيَ بَرِِسࣸࢽْتَا,کَمَرْمࣸوتَاتَکٜيٰ کࣸومِ کٜࢽْتَا  إِࢽْ کَغَ بَاتَڢِيَابَرِ سࣸࢽْتَا,0.05970149253731343,0.42857142857142855
ELIT_WAN_00130_015r_line_002,على الحفيفة لا عدل يرادبه ؞ ڢذاک فول رکيک غيرمعتدل,على الحفيفة لاعدل يرادبه ؞ ڢذاک فول رکيک غير محتدل,0.06,0.4
ELIT_WAN_00130_011r_line_006,ڢلاعلى الله حڡ بل يکوࢽ له ؞ حڡ قلتڢضل ممااࢽ يشاينل,ڢلاعلى الله حڡ بل يکوࢽ له ؞ حوالتڢضل ممااࢽ يشاينل,0.06,0.18181818181818182
ELIT_WAN_00130_019r_line_010,بجاه خير الورى افدى وسابلنا ؞ وجاه کل نبى ثم کل ول,ڢاه خير الورى افدى وسابلنا ؞ وجاه کل ننى ثم کل ول,0.06,0.16666666666666666
ELIT_WAN_00130_004v_line_004,ناکل خلڡ له فدانطوتحکم ؞ ولست عࢽ درکهاڢلعما بمنعزل,ناکل خلڡله فدانطوتحلم ؞ ولست عࢽ درکهاڢلعمابمنعزل,0.06,0.5555555555555556
The_Human_Being_Is_an_Incurable_Disease_Mutum_Cuta_Ne_Marar_Magani.pdf_page_1_line_003,الࢽاس داء دَڢيࢽ لادواءلهم تحير العڧل مࢽهم وهومࢽذهل,الࢽا داء دڢيࢽ لادواءلهم تحير العڧل مࢽهم وهومࢽذهلل,0.06,0.375
A_Poem_on_Friends_and_Relations_Waƙar_Ƴan_Uwa.pdf_page_4_line_010,يَاطَࢽْ عࣸوَࢽَا إࢽْدَ حَالِࢽْ تَيْمَکࣸو  دَغِࢽِي دَدَࢽْڧَادࣸو کَتَيْمَکِ طَࢽْ عࣸوَا,يَاطَࢽْ عࣸوَاࢽَا إࢽْدَحَالِࢽْ تَيْمَکࣸو دَغِࢽِي دَدَࢽْڧَادࣸوکَتَيْمَکَ طَࢽْ عࣸوَا,0.060240963855421686,0.5
The_Harlots_Song_Waƙar_Karuwa.pdf_page_2_line_007,تَکَࢽْ سَاکٜي مِرْياإدَࢽْ تَاغَ کࣸرْطِي  تَثٜي عِةَ إکَّکْواْ تَکٜي کࣸواْ مࣸکࣸرْطِي,تَکَࢽْ سَاکٜي مِرْيَاإدَࢽْ تَاغَ کࣸرْطِي   تَثٜي عِةَ إکَْکࣸوا تَکٜي کࣸواْ مࣸکࣸرْطِي,0.060240963855421686,0.18181818181818182
Nana_Asmāʾu_The_Absolute_Truth_1_Nana_Asmāʾu_Tabbat_Haqiqan_1.pdf_page_2_line_008,دࣸࢽْ شِکࣸرْطَادَطَاثِکِࢽْ مَاسࣸ ثࣸوتَا     مَاسࣸ اَذَدࣸوکِيَا غَرِࢽْ بَࢽْ سَرَوْتَا,دࣸࢽْ شِکࣸرْطَادَطَاثِکِࢽْ مَاسࣸ ثࣸوتَا   مَاسࣸ أذَدࣸوکِيَاغَرِࢽْ بَࢽْ سَرَوْتَا,0.060240963855421686,0.2222222222222222
Infiraji_6.pdf_page_17_line_009,أَکَتَاشٜيٰکَ بَادَ أَࢽْ إِدࣸوبَا,أَکَتَاشٰٜکَ بَادَأَࢽْ إِدࣸوبَا,0.06060606060606061,0.75
Infiraji_8.pdf_page_7_line_003,بَسࣸ کَاسَ تࣸدࣸࢽْ هَوَابَکࣸيْ بَا,بَسࣸ کَاسَ تࣸدࣸࢽْ حَوَابَکَيْ بَا,0.06060606060606061,0.2
Infiraji_11.pdf_page_12_line_015,دَرَجَرْسَ دَشِى بَعَاغࣸوْادَابَا,دَرَجَرْسَ دَشِي بَعَاغࣸوادَابَا,0.06060606060606061,0.6666666666666666
The_Harlots_Song_Waƙar_Karuwa.pdf_page_5_line_010,طَࢽْ دࣸودࣸووَاوَ مَرَسْ مَڢَطِي کَتࣸوبَا غَ اللَّهْ کَبَرْ مَڧࣸطِي,طَࢽْ دࣸودࣸووَاوَمَرَسْ مَڢَطِي  کَتࣸوبَاغَ اَللَّهْ کَبَرْ مَڧࣸطِي,0.06060606060606061,0.5555555555555556
Infiraji_6.pdf_page_15_line_005,وَࢽْدَبَيْ دࣸکَ کَيْتَ ڧََارَا    تࣸࢽْ أَࢽَࢽْ وَسࣸ ذَاعَ کࣸوْاْرَا,وَࢽْدَبَيْ دࣸکَ کَيْتَ ڧَارَا تࣸࢽْ أَࢽَࢽْ وَسࣸ ذَاعَ کࣸوْاْرَا,0.06060606060606061,0.1111111111111111
A_Poem_on_Adultery_Waƙar_Zina.pdf_page_2_line_013,تَࢽَيْمَسࣸ دَاثِي ذَمَاذَشࣸ کࣸوکَا  أغَويٜي کِيَامَامࣸتَاࢽٜي زِࢽَا,تَࢽَيمْسࣸ ذَاثِي ذَمَاذَشࣸ کࣸوکَا  أغَوبٜي کِيَامَامࣸتَاࢽٜي زِࢽَا,0.06060606060606061,0.42857142857142855
The_Harlots_Song_Waƙar_Karuwa.pdf_page_2_line_003,کࣸوْوَّبِي حَࢽْيَرْةْ يَابِي بَةَ,کࣸوْوَّبِي حَࢽْيَرْةَ بَابِي بَةَ,0.06060606060606061,0.5
Infiraji_11.pdf_page_11_line_006,رَࢽࢽ إࢽْ بَاکَيْبَ طَࢽْ سࣸوَيْبَا,رَࢽِ إࢽْ بَاکَيْبَ طَࢽْ مࣸوَيْبَا,0.06060606060606061,0.4
Infiraji_8.pdf_page_17_line_003,ٰبّمࣸ سَامِ وࣸرِࢽْدَمࣸࢽْ ڟَيَابَا,بَمࣸ سَامِ وࣸرِࢽْدَمࣸࢽْ ڟَيَابَا,0.06060606060606061,0.25
Infiraji_6.pdf_page_6_line_005,يَيْ شِرِࢽْ ࢽٜيٰمَࢽْ  ڢِتِلَّه    دࣸࢽْ يَڟٜيٰ رٜيٰ دࣸحࣸࢽْ جَهَالَه,يَىْ شِرِࢽْ ࢽٜيٰمَࢽْ ڢِتِلَّه  دࣸࢽْ يَڟٜيٰ رٜيٰ دࣸحࣸࢽْ جَهَالَه,0.06060606060606061,0.1111111111111111
Infiraji_8.pdf_page_29_line_012,بَسࣸ ڧَارَ غَࢽَࢽْ بَڧِࢽْ دࣸحࣸوبَا,بَسࣸ ڧَارَغَࢽِࢽْ بَڧِࢽْ دࣸحࣸوبَا,0.06060606060606061,0.4
Infiraji_12.pdf_page_10_line_015,تَاشِ إِࢽْدَىْ بَيْىِ لَاڢِيَابَا,تَاشِ إِࢽْدَيْ بَيْيِ لَاڢِيَابَا,0.06060606060606061,0.5
Infiraji_5.pdf_page_8_line_015,ڧَرْشٜࢽْسَ بَأَيْ بَڧِࢽْ ثِکِيبَا,ڧَرْشِࢽْسَ بَأَىْ بَڧِࢽْ ثِکِيبَا,0.06060606060606061,0.5
Infiraji_3.pdf_page_1_line_005,بِإِذْࢽِ مࣸوَلِّڢࣸ هَذَاالکِتَابࣸ,بِإِذْࢽِ مࣸوَلِّڢࣸ ڧَذَاالْکِتَابࣸ,0.06060606060606061,0.3333333333333333
Nana_Asmāʾu_The_Absolute_Truth_1_Nana_Asmāʾu_Tabbat_Haqiqan_1.pdf_page_4_line_005,غࣸوبٜيٰ ثَࢽْ لاَخِرَاأَسَاشِ ڧࣸڧࣸمِي    أَيْڢَ اَلْڧَاضِ إِࢽْڢَ يَاسَاکٜيٰ حࣸکࣸمِي,غࣸوبٜيٰ ثَࢽْ لاَخِرَاأࢽَاسَاشِ ڧࣸغࣸمِي  أَيْڢَ اَلْڧَاضِ إِࢽْڢَ يَاسَاکٜيٰ حࣸکࣸمِي,0.06097560975609756,0.2222222222222222
Nana_Asmāʾu_The_Absolute_Truth_1_Nana_Asmāʾu_Tabbat_Haqiqan_1.pdf_page_3_line_005,بَرِبِيَرْ مَاسࣸ سࣸࢽْ سَرَاڟٜيٰ غَتࣸرْبَا   مَاسࣸ کࣸبࣸوڢَّ تࣸࢽْ يَتَثّٜيٰ غَبَبَّا,بَرِبيَرْمَاسࣸ سࣸرْ سَرَاڟٜيٰ غَتࣸرْبَا    مَاسࣸ کࣸبࣸوڢَّ تࣸࢽْ يَتَّثّٜيٰ غَبَبَّا,0.06097560975609756,0.4
Infiraji_10.pdf_page_11_line_013,بَايَࢽْسࣸ سَيْ مَاتَࢽْ دَبَاسࣸ مࣸڧࣸمْتَا سࣸوکَمْ وَطَࢽْ ࢽَّاࢽَا دَدَاطِࢽْ أَوْرٜيٰ,بَايَࢽْسࣸ سَيْ مَاتَࢽْ دَبَاسࣸ مࣸغࣸمْتَا  سࣸوکَمْم وَطَࢽْ ࢽَاࢽَادَدَاطِࢽْ أَوْرٜيٰ,0.06097560975609756,0.4
Nana_Asmāʾu_The_Absolute_Truth_1_Nana_Asmāʾu_Tabbat_Haqiqan_1.pdf_page_8_line_001,وَࢽْسࣸ هِمَّسّࣸ بَاسࣸثِي سَيْ غَغࣸوثٜيٰ   وَࢽْسࣸ کࣸوٰࢽَاجِرَࢽْ أَبࣸويٜيٰ سࣸسَاثٜيٰ,وَࢽْسࣸ هِمَّسࣸ بَاسࣸثِي سَيْ غَڧࣸوثٜيٰ  وَࢽْسࣸ کࣸوࢽَاجِرَࢽْ أَبࣸويٜيٰ سࣸسَاࢽٜيٰ,0.06097560975609756,0.4444444444444444
The_Human_Being_Is_an_Incurable_Disease_Mutum_Cuta_Ne_Marar_Magani.pdf_page_5_line_002,مَيْ ذَاکَثٜيٰ دَتࣸمْ أَڢِيلِࢽْ دࣸوࢽِيَا   کࣸومَيْ أبِࢽْدَ کَيࣸوبࣸرِسْ غَمࣸتَاࢽٜيٰ,مَيْ ذَاکَثٜيٰ دَمࣸتࣸمْ أَڢِيلِࢽْ دࣸوࢽِيَا  کࣸومَيْ أَبِࢽْدَکَيࣸوبࣸرِسْ غَمࣸتَاࢽٜيٰ,0.06097560975609756,0.3333333333333333
Nana_Asmāʾu_The_Authentic_Path_Nana_Asmāʾu_Godaben_Gaskiya.pdf_page_8_line_007,تࣸتࣸبْ کࣸوثِکِࢽْ شَاوَاداسارَوَادࣸکَ   مࣸࢽَايِي ثِکِࢽْ اَلْجَࢽَّ مࣸࢽْغَ مࣸحَمَّدَا,تࣸتࣸبْ کࣸوثِکِࢽْ شَاوَادَسَارَوَادࣸکَ  مࣸࢽَايِي ثِکِࢽْ اَلْجَّࢽَّمࣸࢽْغَ مࣸحَمَّدَا,0.06097560975609756,0.375
Infiraji_3.pdf_page_21_line_008,دَبࣸکَاتَرْذࣸوثِيَاࢽَا   بَاࢽِدَيࢽَ تَڢَکّࣸرِيࢽَا,دَبࣸکَاتَرْذࣸوثِيَاࢽَا  بَاࢽِ دَيْࢽَ تَڢَکّࣸرِيࢽَا,0.061224489795918366,0.6666666666666666
ELIT_WAN_00130_017v_line_005,جا هديحدعسى بالله تغلبا ؞ لله درک اࢽ جاهدت مࢽ رجل,جا هديجدعسى بالله تخلبحا ؞ لله درک اࢽ جاهدت مࢽ رجل,0.061224489795918366,0.18181818181818182
Knowledge_to_Follow_God_Gandal_Fii_Rewugol_Alla.pdf_page_3_line_017,وَالتَّرْتِيبࣸ عٜرٜوْنِدٜرْدٜوَڢَرَآإضࣸ ࡼلصَّلوةِ,وَالتَّرْتِيبࣸ عٜرٜوْنِدٜرْدٜوَڢَرَآبِضࣸ ࡼلصَّلَوةِ,0.061224489795918366,0.6666666666666666
Knowledge_to_Follow_God_Gandal_Fii_Rewugol_Alla.pdf_page_6_line_005,ࡼلْمَآءࣸ عࣽڢَطِنْتَادِيَرْطَࢽْ ڢِح اِلْمَضْمَضَةِ,ࡼلْمَآءࣸعࣽڢَطِنْتَادِيَرْطَرْ ڢِح الْمَضْمَضَةِ,0.061224489795918366,0.75
Infiraji_3.pdf_page_6_line_002,مَادَيَرْأَجِيَرْوࢽِࢽْشِ إࢽْ يَکَاسَ ڢَطَاسࣸبَرشِ,مَادَيَرْأَجِيَرْوَࢽِࢽْشِ إِࢽْ يَکَاسَ ڢَکَاسࣸبَرشِ,0.061224489795918366,0.75
Infiraji_10.pdf_page_1_line_001,وَاڧَرْدَأَکٜيٰ سَࢽِࢽْ حَالِࢽْ مَّاتَا اِلْحَاجِّ,وَاڧَرْدَأکٜىٰ سَࢽِࢽْ حَالِࢽْ مَّاتَا اِلْحَاجّࣸ,0.061224489795918366,0.4
Infiraji_10.pdf_page_5_line_006,تࣸوشِدَتَاثِکَ بَࢽْ ڧَارَابَا   أَݣࣸويْ سَوْرَاأَمَّا ࢽَتَڧَيْتَا,تࣸوشِدَتَاثِکَ بَࢽْ ڧَارَابَا  أَݣࣸويْ سَوْرَاَمَاࢽَتَڧَيْتَا,0.06153846153846154,0.3333333333333333
Infiraji_9.pdf_page_5_line_011,دࣸوࢽِيَادࣸکَاتَاذَمَارَاࢽَا     بَابࣸ عِࢽْدَ بࣸغِࢽْ عِࢽْوَاتَکٜيٰ,دࣸوࢽِيَادࣸکَاتَاذَمَارَاࢽَا  بَابࣸ عِࢽْدَبࣸغِࢽْ عِࢽْوَاتَکٜيٰ,0.06153846153846154,0.4
Infiraji_10.pdf_page_8_line_002,ݣࣸيْ لَدَبِي مَاتَا کࣸکِيَايٜيٰ   أَوْضٜيٰ بَاءَغَمَاشِ دَبَوْتَا,کࣸيْ لَدَبِي مَاتَاکࣸکِيَايٜيٰ  أَوْضٜيٰ بَاءغَمَاشِ دَبَوْتَا,0.06153846153846154,0.5714285714285714
Infiraji_10.pdf_page_3_line_010,وَࢽَࢽْ مَّاتَا بَامَثِثٜيٰبَا   دَيْࢽَ ࢽࣸڢِࢽْتَ کَبَرْ شَأَوَتَّا,وَࢽَّࢽْ مَّاتَابَامَثِثٜيٰبَا  دَيْࢽَ ࢽࣸڢِࢽْتَ کَبَرْشَأَوَتَّا,0.06153846153846154,0.7142857142857143
Infiraji_8.pdf_page_21_line_005,ࢽَࢽْ دَࢽَࢽْ شَيْطَࢽْ شِبࣸوطࣸواْ    سَىْ شِذࣸوْدَکَرِࢽْ کࣸمَلّࣸواْ,ࢽَࢽْ دَࢽَࢽْ شَيْطَࢽْ شِبࣸوطࣸواْ  سَيْ شِذࣸودَکَرِࢽْ کࣸمَلّࣸواْ,0.06153846153846154,0.2857142857142857
Infiraji_9.pdf_page_9_line_014,مَالَمََا بِدِعَاࢽٜيٰ ڧَامࣸسَࢽْ  بَڧَرْجَکَاسَيْ حَࢽْجِي کَاذࣸبَا,مَالَمَابِدْعَاࢽٜيٰ ڧَامࣸسَࢽْ  بَڧَرْجَکَاسَيْ حَࢽْجِ کَاذࣸبَا,0.06153846153846154,0.5
Infiraji_9.pdf_page_20_line_011,بِࢽْ إِيَايٜىٰ ڢَرِضَاوَاجِبِي    وَࢽْدَيَاڧِي بَيَاشَاکَوْثَرَىٰ,بِࢽْ إِيَايٜيٰ ڢَرِضَاوَاجِبِي  وَࢽْدَيَاڧِي بَيَاشَاکَوْثَرَيٰ,0.06153846153846154,0.4
Infiraji_8.pdf_page_13_line_014,دࣸوکِيَرْسࣸ دَمَاسࣸ ڧَاتࣸواْ     أَرْزِڧِࢽْ وَࢽِي عࢽْ رࣸوَيْتࣸواْ,دࣸوکِيَرْسࣸ دَمَاسࣸ ڧَاتࣸواْ  أَرْزِڧِࢽْ وَࢽِي عَࢽْ رࣸوَيْتࣸواْ,0.06153846153846154,0.14285714285714285
Infiraji_3.pdf_page_17_line_004,مَيْ يَبَامَ مِجِࢽْتَ کَيْوْتَا    کࣸوْارِڧࣸواْ دࣸومِࢽْ ࢽَغَرْتَا,مَيْ يَبَامَ مِجِࢽْتَ کَيْوْتَا کࣸوْارِڧࣸواْدࣸومِࢽْ ࢽَغَرْتَا,0.06153846153846154,0.2857142857142857
Infiraji_4.pdf_page_33_line_011,وَࢽْدَبَىْ کࣸلَ ڧࣸوْاْڧَرِيْبَا    يَامَثٜىٰ بَيْسَࢽْ رَبࣸوْاْبَا,وَࢽْدَبَيْ کࣸلَ ڧࣸوْاْڧَرِيبَا   يَامَثٜيٰ بَيْسَࢽْ رَبࣸوْاْبَا,0.06153846153846154,0.5
Nana_Asmāʾu_The_Absolute_Truth_1_Nana_Asmāʾu_Tabbat_Haqiqan_1.pdf_page_6_line_002,وَࢽْسࣸ ࢽَاࢽَࢽْ حَڧِيڧَةََ مَاسࣸ تَرْکِي    مَاسࣸ حَࢽَ يِࢽْ رَبࣸاࢽحࣸ،ࣸسِي غَيَاڧِي,وَࢽْسࣸ ࢽَاࢽَࢽْ حَڧِيڧَةَ مَاسࣸ تَرْکِي   مَاسࣸ حَࢽَ يِࢽْ رَبࣸوࢽَحࣸمࣸسِي غَيَاڧِي,0.06172839506172839,0.2
A_Poem_on_Friends_and_Relations_Waƙar_Ƴan_Uwa.pdf_page_6_line_005,ميْڟَارَاوَاڧَا ࢽَامࣸ إِسْمَعِيلَ ࢽٜي ثَرْيَرْ کࣸڢَاجِ غَرِِࢽْعࣸبَا مَڢَرَا عࣸوَا,مَيْڟَارَاوَاڧَاࢽَامࣸ إِسْمَعِيلَ ࢽٜي ثَرْيَرْ کࣸڢَجِ غَرِࢽْعࣸبَا مَڢَرَاعࣸوَا,0.06172839506172839,0.6666666666666666
Nana_Asmāʾu_The_Authentic_Path_Nana_Asmāʾu_Godaben_Gaskiya.pdf_page_3_line_012,کࣸذَمْکَ بِطَرِّيبَاࢽَغࣸذࣸرِ غَلاَخِرَا    ذَمَمّࣸ ࢽَدࣸوࢽِيَاکࣸومࣸثِمَّ مࣸحَمْدَا,کࣸذَمْکَ بِطَرِّيِبَاࢽَغࣸذࣸرِ غَلاَخِرَا   ذَمَمّࣸ ࢽَدࣸوࢽْيَاکࣸومࣸثِمَّ مࣸحَمَّدَا,0.06172839506172839,0.5
Nana_Asmāʾu_Admonition_Nana_Asmāʾu_Waazi.pdf_page_1_line_011,ڟَرِڢَ ڟَرْکِࢽْ وࣸضࣸوءࣸ وَࢽْکَࢽْ جَࢽَابَا   عِࢽْدَشَرَطِيڢَ بَابࣸ ثِييࣸو غَجِسْمِ,ڟَرِڢَ ڟَرْکِࢽْ وࣸضࣸودࣸ وَࢽْکَࢽْ جَࢽَابَا    عِࢽْدَشَرَطِيعَ بَابࣸ شِيࣸو غَجِسْمِ,0.06172839506172839,0.3333333333333333
MAF_286.pdf_page_13_line_002,إِذَࢽْ کࣸوَاسَيَيَّرْتَاکَشٜيٰ غَابِيَاࢽَسَ ؞  کࣸسَࢽْ کࣸمَ سَيْ شَيْدࣸ ڢَ کَطَيْ إِࢽْجِ أَحْمَدَا,إِذَࢽْ کࣸوَ سَيَبَرْتَاکَشٜيٰ غَابِيَاࢽَسَ ؞  کࣸسَࢽْ کࣸم سَيْ شَيدࣸڢَ کَطَيْ إِࢽْجِ أَحْمَدَا,0.061855670103092786,0.4166666666666667
Infiraji_4.pdf_page_47_line_005,کَرْکَيَرْدَدَطَࢽْ أࣸوَامَيْ   جَࢽْکَ کَيْ سَاݒٜࣸواْ غࣸجٜيٰ مَسْ,کَرْکَيَرْدَدَطَࢽْ أࣸوَامَيْ  جَࢽْکَ کَيْ سَاݒࣸواْغࣸجٜيٰ مَࢽْ,0.0625,0.42857142857142855
Infiraji_6.pdf_page_23_line_006,دَأَکٜىٰ سَابࣸوْبَسࣸىْ کࣸرࣸمْبَا,دَأَکٜىٰ سَابࣸوبَسࣸيْ کࣸرࣸمْبَا,0.0625,0.3333333333333333
Infiraji_12.pdf_page_13_line_012,سَىْ ࢽَاسࣸ کَکٜىٰ بِطَادَذَمْبَا,سَيْ ࢽَاسࣸ کَکٜيٰ بِطَادَذَمْبَا,0.0625,0.5
Nana_Asmāʾu_The_Absolute_Truth_1_Nana_Asmāʾu_Tabbat_Haqiqan_1.pdf_page_9_line_005,مَيْ حَلِࢽْسَ کࣸسَࢽْڢَ بَيْ ڧَارَکࣸومِي   اَلࢽَّمِيمِي دَکٜيٰ رَبَاوَرْمࣸسࣸلْمِي,مَيْ حَلِࢽَّࢽْ کࣸسَࢽْڢَ بَيْ ڧَارَکࣸومِي  اَلࢽَّمِيمِي دَکٜيٰ رَبَاوَرْمࣸسࣸلْمِي,0.0625,0.125
Infiraji_8.pdf_page_30_line_014,وَالصلاة والسلام,والصلاة والسلام,0.0625,0.5
Infiraji_8.pdf_page_29_line_006,بَعَ سَاݒَ أَبِࢽْدَ أَمْڢَطِيبَا,بَعَ سَابَ أَبِࢽْدَأَمْڢَطِيبَا,0.0625,0.75
Infiraji_7.pdf_page_13_line_006,دَغَ بَايَ غَرَيْ سࣸبَاشِ غَابَا,دَغَ بَايَ غَرَيْ سࣸاشِ غَابَا,0.0625,0.2
MAF_286.pdf_page_16_line_015,کَدَکࣸجٜي وࣸرِࢽْ بࣸوکَاڢَ دࣸࢽْ کࣸيِي تَمْبَيَا ؞  غَأَبِࢽْ دَکٜي ݒࣸويٜيٰ إِذَࢽْ کࣸࢽْبِ أَحْمَدَا,کَدَکࣸجِي وࣸرِࢽْ بࣸوکَاڢَ دࣸࢽْ کࣸبِي تَࢽْبَيَا ؞   غَأَبِࢽْ دَکٜي بࣸويٜيٰ إِذَࢽْ کࣸࢽْࢽِ أَحْمَدَا,0.0625,0.38461538461538464
Infiraji_3.pdf_page_5_line_012,بَأسَࢽْ مَࢽࣸڢَرْ أࣸبَࢽْ غِجِيبَا,بَأَسَࢽْ مَࢽࣸڢَرْأࣸبَࢽْ غِجِيبَا,0.0625,0.75
Infiraji_3.pdf_page_7_line_003,مࣸرْيَا أَيْکࣸواْ بَزَي ڢَطِيبَا,مࣸرْيَاأَيْکࣸواْبَزَي ڢَطِيبَا,0.0625,0.75
Infiraji_4.pdf_page_41_line_007,بَسࣸ سَامِ أبِࢽْدَسࣸࢽْ رِڧٜىٰبَا,بَسࣸ سَامِ أَبِࢽْدَسࣸࢽْ رِڧٜيٰبَا,0.0625,0.5
Infiraji_10.pdf_page_2_line_004,بَاࢽِ ذَلَاڧَابَاࢽِ ڢَصَاحَا    إِࢽ يِّي بَيَاࢽِي ࢽَاأَڢَهِمْتَا,بَاࢽِ ذَلاڧَابَاࢽِ ڢَصَاحَا   إِࢽْ يِّي يَيَاࢽِي ࢽَاأَڢَهِمْتَا,0.0625,0.42857142857142855
Warning_Gargaɗi_Infiraji_2.pdf_page_9_line_007,مَيْ کࣸطِي کࣸواْ مَيْ سَرَوْتَا   کࣸوْوَاࢽٜيٰ يَجِ تَمْبّرِࢽْتَا,مَيْ کࣸطِي کࣸواْمَيْ سَرَوتَا   کࣸوْوَࢽٜيٰ يَجِ تَمْبَرِࢽْتَا,0.0625,0.625
A_Poem_on_the_British_Waƙar_Nasara.pdf_page_3_line_010,اکي م دماغࢽي مطياغالله   غرٜي مک دوغرامبوي ࢽصارا,اکي م دماغࢽي مطياغ الله  غري مک دوغرامبوي ࢽصارا,0.0625,0.375
Infiraji_5.pdf_page_10_line_012,بَيَکَࢽْ ࢽْڟَ ذࣸوثِيَرْ مِجِيبَا,بَيَکَࢽْ ࢽَڟَ ذࣸوثِيَرْمِجِيبَا,0.0625,0.75
The_Harlots_Song_Waƙar_Karuwa.pdf_page_2_line_015,کَجِ ڧِرَوْتَوْاْ مَرَسْ مَڢَطَا,کَجِ ڧِرَوْتَوْاْمَرَسْ مَڢَطَ,0.0625,0.75
Infiraji_4.pdf_page_15_line_013,بَسࣸ سَࢽْدَ تࣸدࣸودَغَࢽْغَرٜيٰبَا,بَسࣸ سَࢽْدَتَدࣸودَغَࢽْغَرٜيٰبَا,0.0625,0.6666666666666666
Infiraji_4.pdf_page_24_line_012,يَذَمٜيٰ بَسࣸ ذَاݒِي رَايࣸوَابَا,يَذَمٜى بَسࣸ ذَاݒِي رَايࣸوَابَا,0.0625,0.25
Infiraji_7.pdf_page_7_line_009,إِبْلِسْ بَيْ ڢِيسࣸ کَࢽْغَرَابَا,إِࢽْلِسْ بَيْ ڢِيسࣸ کَࢽْتَرَابَا,0.0625,0.5
Infiraji_8.pdf_page_25_line_006,بَىْ سَࢽْ أَࢽْسَاسࣸ کࣸرْکࣸکࣸوبَا,بَيْسَࢽْ أَࢽْسَاسࣸ کࣸرْکࣸکࣸوبَا,0.0625,0.5
Infiraji_8.pdf_page_22_line_012,بَکَسَࢽْ هَالِࢽْدَسࣸࢽْ کَشٜىٰبَا,بَکَ سَࢽْ حَالِࢽْدَسࣸࢽْ کَشٜىٰبَا,0.0625,1.0
Infiraji_8.pdf_page_26_line_006,کࣸمَا سَىْ بَکَذࣸوْکَࢽَارَحَابَا,کࣸمَ سَيْ بَکَذࣸوْکَࢽَارَحَابَا,0.0625,0.6666666666666666
The_Human_Being_Is_an_Incurable_Disease_Mutum_Cuta_Ne_Marar_Magani.pdf_page_8_line_010,ڧَرْشَࢽْ بّتࣸوࢽَيْ يَبࣸوغَمَطَوْکَکِي   مَࢽْذَࢽْمࣸ أَحْمَدࣸشࣸوغَبَࢽْمࣸ مࣸتَاࢽٜيٰ,ڧَرْشَࢽْ بَتࣸوࢽَاࢽَيْ يَبࣸوغَمَطَوْکَکِي  مَࢽْذَࢽْمࣸ أَحْمَدࣸشࣸوغَبَࢽْمࣸ مࣸتَاࢽٜيٰ,0.0625,0.16666666666666666
A_Poem_on_the_British_Waƙar_Nasara.pdf_page_1_line_017,اࢽا مکيي ددام دحوࢽ سوࢽٜي   کتاش مساغبࢽم مڟر ڟارا,اࢽا مکيي ددام دحوࢽ سوࢽي   کتاش مساغبࢽم مطر طارا,0.0625,0.3333333333333333
Infiraji_8.pdf_page_26_line_011,غَاشِ غَاجِبْرِيلࣸ بَيْغࣸشٜىٰبَا,غَاشِ غَاجِبْرِيلࣸ بَيْ غࣸشٰٜبَا,0.0625,0.6666666666666666
Infiraji_11.pdf_page_2_line_008,يَايِي هࣸورࣸوْابَادَکَࢽْغَرَابَا,يَايِي هࣸورࣸواْبَادَکَࢽْغَرَابَا,0.0625,0.5
Infiraji_4.pdf_page_12_line_006,کࣸواْرࣸڢٜي طَيَ إِࢽْ کَغَاࢽٜيٰ    کَࢽَ أَکَيْ طَيَ شٜيٰکَرَاࢽٜيٰ,کࣸواْرࣸڢِي طَيَ إِࢽْ کَغَاࢽٜيٰ  کَࢽْ أَکَيْ طَيَ شٜيٰکَرَاࢽٜيٰ,0.0625,0.25
Infiraji_11.pdf_page_3_line_015,يَبِ الࢽَّبِ بَادَ سࣸࢽْکࣸيٜىٰبَا,يَبِ اَلࢽَّبِ بَادَسࣸࢽْکࣸيٜىٰبَا,0.0625,0.75
Infiraji_4.pdf_page_39_line_010,دَطَبِيْبَىْ مَاسࣸ ثِي دَذَمْبَا,دَطَبِيبَيْ مَاسࣸ ثِي دَذَمْبَا,0.0625,0.25
Infiraji_5.pdf_page_18_line_014,إِࢽْ کَسَࢽْ حَکَ کَيْتَ هِمَّا    طَࢽْ أࣸوَاکَڢَرَࢽْتَ هࣸوْاْمَا,إِࢽْ کَسَࢽْ حَکَ کَيْتَ هِمَّا طَࢽْ أࣸوَاکَڧَرَࢽْتَ هࣸوْاْمَا,0.0625,0.125
The_Glorious_Majidu_Infiraji_1.pdf_page_15_line_012,أَغَبَࢽْ أَجَلِࢽْمࣸ بَى کِرَابَا,أَغَبَࢽْ أَجَلِࢽْمࣸ بَيْ کِرَابَا,0.0625,0.25
Infiraji_10.pdf_page_8_line_015,کِي حَڧࣸرِي کِڟَيَا غَمِجِࢽْکِ  إِࢽْ يَّوَدَاتࣸواْسَيْ کࣸودَاتَا,کِ حَڧِرِي کِڟَيَاغَمِجِࢽْکِ  إِࢽْ يَّوَدَاتࣸواْسَيْ کࣸوَدَاتَا,0.0625,0.7142857142857143
Infiraji_8.pdf_page_20_line_003,ڟواْرࣸࢽْمࣸ سَبࣸوادَࢽَاشِ ذَمْبَا,ڟࣸواْرࣸࢽْمࣸ سَبࣸواْدَࢽَاشِ ذَمْبَا,0.0625,0.6666666666666666
Infiraji_11.pdf_page_10_line_015,جمَعَرْسَ بَسࣸىْ بَڧِࢽْ ثِکِيبَا,جَمَعَرْسَ بَسࣸيْ بَڧِࢽْ ثِکِيبَا,0.0625,0.5
Nana_Asmāʾu_The_Absolute_Truth_1_Nana_Asmāʾu_Tabbat_Haqiqan_1.pdf_page_2_line_004,إِࢽْ دَطَاکَاذَمࣸوإِمَامِࢽْ مࣸتَاࢽٜيٰ   تࣸوڟَرٜيٰ اَلْحَکِࢽْسࣸ بَلّٜيٰ أࣸبَࢽّٜيٰ,إِࢽْ دَکَاکَاذَمࣸوإِ مَامِࢽْ مࣸتَاࢽٜيٰ  تࣸوڟَرٜيٰ اَلْحَکِࢽْسࣸ بَلّي أࣸبَࢽّٜيٰ,0.0625,0.42857142857142855
Warning_Gargaɗi_Infiraji_2.pdf_page_8_line_003,دَشِکَࢽْ مَࢽِ بَاأَبِࢽْ مࣸسࣸوبَا,دَشِکَࢽْ مَࢽِ بَاأبِࢽْ مࣸسࣸبَا,0.0625,0.5
Infiraji_9.pdf_page_10_line_010,وَࢽْدَکٜيٰ ڧَمْࢽَا ثٜيٰتࣸوࢽَسَا   يَاڟَرٜيٰ مَاتَاتَسَاعَاءِشَةࣸ,وَࢽْدَکٜيٰ ڧَمْࢽَاثٜيٰتࣸوࢽَسَا  يَاڟَرٜيٰ مَاتَاتَسَاعَاءِشَهْ,0.0625,0.6
Infiraji_8.pdf_page_2_line_003,اَلࢽَّاشِرࣸأَحْمَدࣸ اَلتِّجَاࢽِي حَڢِظَهࣸ اللَّه,اَلࢽَّاشِرࣸأَحْمَدࣸ التِّجَاࢽِي حَڢِظَه اللَّهࣸ,0.0625,0.75
Infiraji_9.pdf_page_21_line_014,يَثٜيٰ طَبِيبِي مَيْيِࢽْ مَاغَࢽِي  ࢽَثࣸوثࣸکَابَاغَوْغَاوَرْبِيَا,يَثٜيٰ طَبْييِي مَيْبِࢽْ مَاغَࢽِي  ࢽَتࣸوثࣸکَابَاغَوْغَاوَرْبِيَا,0.0625,0.6
Infiraji_8.pdf_page_12_line_006,بَسࣸ کَاسَ غࣸدَاطِرِي بَکَيْ بَا,بَسࣸ کَاسَ غࣸدَاطَرِي بَکَي بَا,0.0625,0.4
The_Glorious_Majidu_Infiraji_1.pdf_page_14_line_009,دࣸوࢽْ بَامَا لِࢽْسَ يَوْدَرَابَا,دࣸوࢽْ بَاحَالِࢽْسَ يَوْدَرَابَا,0.0625,0.5
The_Glorious_Majidu_Infiraji_1.pdf_page_14_line_003,بَأَمَى عَدَدِࢽْ أَبِࢽْ کِرَابَا,بَأَمَيْ عَدَدِࢽْ أَبِࢽْ کِرَابَا,0.0625,0.25
Nana_Asmāʾu_The_Absolute_Truth_1_Nana_Asmāʾu_Tabbat_Haqiqan_1.pdf_page_6_line_001,بَاطَابࣸويٜيٰڢَ دࣸوکِيَابَابࣸ شَکِّي    أيْتَيَاڧِي أَکَيْتَ دࣸࢽْ عِࢽْدَ سَرْکِي,بَاطَا بࣸويٜيٰڢَ دࣸوکِيَابَابࣸ شَکِّي  أَيْتَيَاڧِي أَکَيْتَ دࣸࢽْ عِࢽْدَسَرْکِي,0.0625,0.625
Infiraji_8.pdf_page_15_line_003,بَسࣸ سَامِ رَبࣸواْ اَلَاخِرَابَا,بَسࣸ سَامِ رَبࣸوااَلَاخِرَابَا,0.0625,0.5
Infiraji_7.pdf_page_3_line_007,وَسࣸ کࣸوْدَڧࣸرْثِيَرْسࣸ وَسࣸ کࣸوْأَکِرَاأَوَرْسَ,وَاسࣸ کࣸوْدَڧࣸرْثِيَرْسࣸ وَسࣸ کࣸوْاْکِرَاأَوَرْسَ,0.0625,0.5
Infiraji_4.pdf_page_25_line_015,بَکَ سَࢽْدَ طَيَࢽْسࣸ کࣸرکࣸکࣸوبَا,بَکَ سَࢽْدَطَيَࢽْسࣸ کࣸرْکࣸکࣸوبَا,0.0625,0.75
Infiraji_4.pdf_page_23_line_005,ࢽٜيٰ غَمَالِکِ وَࢽْغَ بَاڧࣸواْ    دَاأَثٜيٰ ذَيْ کَرْݒِ سَاڧࣸواْ,ࢽٰٜ غَمَالِکِ وَࢽْغَ بَاڧࣸواْ  دَاأَثٜيٰ ذَيْ کَرْبِ سَاڧࣸواْ,0.0625,0.25
Infiraji_5.pdf_page_19_line_008,وَࢽْدَکࣸوْاْيَکَمَࢽْثِ أَرْࢽٜىٰ    غࣸࢽْ ذَمَࢽْسࣸ غࣸدَادَشِيࢽٜىٰ,وَࢽْدَکࣸوْاْيَکَمَࢽْثِ أَرْࢽٜيٰ  غࣸࢽْ ذَمَࢽْسࣸ غࣸدَادَشِيࢽٜيٰ,0.06349206349206349,0.4
Infiraji_4.pdf_page_7_line_005,سَي سࣸثٜيٰ ماسࣸ کࣸࢽْ بࣸتࣸلْثٜيٰ    أَࢽْ حَدِيثِ کࣸࢽْ کࣸرࣸمْثٜيٰ,سَيْ سࣸثٜيٰ مَسࣸ کࣸࢽْ بࣸتࣸلْثٜيٰ  أَࢽْ حَدِيثِ کࣸࢽْ کࣸرࣸمْثٜيٰ,0.06349206349206349,0.2222222222222222
Infiraji_11.pdf_page_2_line_010,رَࢽْ مࣸسࣸلْمِى کَرْشِسَࢽْثٜىٰ    بِسَ سࣸوࢽْسَ مࣸکࣸواْأَمِࢽْثٜىٰ,رَࢽْ مࣸسࣸلْمِي کَرْشِسَࢽْثٜىٰ  بِسَ سࣸوࢽْسَ مࣸکࣸواْأَمِࢽْثٜيٰ,0.06349206349206349,0.3333333333333333
Infiraji_10.pdf_page_6_line_016,تَاڢِتَ تَاسَامࣸواْتَصَلَالٜيٰ  تَاشِغَ يَاوࣸواْ صَࢽَتَاصَࢽْتَا,تَاڢِتَ تَاسَامࣸواْتَصَدَلٜيٰ  تَاشِغَ يَاوࣸواْ صَتَاصَࢽْتَا,0.06349206349206349,0.4
Infiraji_6.pdf_page_4_line_001,اَلࢽَّبِࢽْمࣸ يَثٜيٰ دَڟࣸوْاْکَا  طَيَ مࣸتࣸمْ أَثِکِࢽْ جِکِࢽْکَا,اَلࢽَّبِمّࣸ يَثٜيٰ دَڟࣸوْاْکَا طَيَ مࣸتࣸمْ أَثِکِࢽْ جِکِࢽْکَا,0.06349206349206349,0.14285714285714285
Infiraji_4.pdf_page_3_line_010,وَࢽْدَکٜيٰ أَيْکِ ࢽَݒَرْࢽَا    کࣸواْثِکِࢽْ دَرٜيٰ کࣸواْدَرَاࢽَا,وَࢽْدَکٜيٰ أَيْکِ ࢽَبَرْࢽَا کࣸواْثِکِࢽْ دَرٜيٰ کࣸواْدَرَاࢽَا,0.06349206349206349,0.16666666666666666
Infiraji_4.pdf_page_36_line_011,وَࢽْسࣸ کَوْاأَثِکِࢽْ ڧࣸࣸڧࣸمَّا    ذَاسࣸ تَاشِ سَبࣸواْدَحࣸواْمَا,وَࢽْسࣸ کࣸوْاأَثِکِࢽْ ڧࣸڧࣸمَّا   ذَاسࣸ تَاشِ سَبࣸوْاْدَحࣸواْمَا,0.06349206349206349,0.5
Infiraji_6.pdf_page_3_line_007,بَاشِ إِيْکࣸࢽْ بَاکَ کࣸوْاْمَيْ   ذَيْ رَبَاکَدَ وَࢽْدَ أَمَّيْ,بَاشِ إِيْکࣸࢽْ بَاکَ کࣸوْاْمَيْ  ذَيْ رَبَاکَدَوَࢽْدَأَمَّىْ,0.06349206349206349,0.375
Infiraji_11.pdf_page_4_line_013,طَࢽْ أَمِيْࢽَهْ مࣸࢽَايَبࣸوࢽْکَا    دَࢽْ مَڢِيڢِيثِࢽْ رَبࣸوࢽْکَا,طَࢽْ أَمِيࢽَهْ مࣸࢽَايَبࣸوࢽْکَا  دَࢽْ مَڢِيڢِيْثِࢽْ رَبࣸوࢽْکَا,0.06349206349206349,0.3333333333333333
Infiraji_9.pdf_page_9_line_002,کَاغَ يَارَاسࣸوࢽٜيٰ شࣸوغَبَا کࣸومِي سࣸأَيَکَابَامَيْثٜيٰ بَارِي,کَاغَ يَارَاسࣸوࢽٜيٰ شࣸوغَبَا  کࣸومِي سࣸأَيْکَايَامَيْثٜيٰ بَرِي,0.06349206349206349,0.3333333333333333
Infiraji_8.pdf_page_5_line_013,کࣸࢽْ حَࢽَامࣸ مࣸبَوْتَ اَللَّهْ   کࣸࢽْکَ بَرْمࣸ ثِکِࢽْ جَهَالَهْ,کࣸࢽْ حَࢽَامࣸ عࣸبَوْتَ اَللّهْ کࣸࢽْکَ بَرْمࣸ ثِکِࢽْ جَهَالَهْ,0.06349206349206349,0.25
Infiraji_4.pdf_page_11_line_015,دࣸوکِيَرْسࣸ دَمَاسࣸ ڧَاࢽࣸواْ   أَرْزِِڧِࢽْ وَࢽِي عࢽْرࣸوَيْࢽࣸواْ,دࣸوکِيَرْسࣸ دَمَاسࣸ ڧَاࢽࣸواْ  أَرْزِڧِࢽْ وَࢽِي عَࢽْ رࣸوَيْࢽࣸواْ,0.06349206349206349,0.5
Knowledge_to_Follow_God_Gandal_Fii_Rewugol_Alla.pdf_page_11_line_005,ڢِى ࡶَڢْعَالِهِ>عٜکࣸوطٜ مَکّࣽ وَلاَشَرِيکَ لَهࣸ,ڢِىَࡶَڢْعَالِهِ>عٜکࣽوطٜ مَکّࣽ وَلاَشرِيکَ لَهࣸ,0.06382978723404255,0.5714285714285714
A_Poem_on_the_British_Waƙar_Nasara.pdf_page_3_line_002,دميماجغ کوکو شي غحࢽيا   مࢽاࢽࢽ ذمࢽ تار دسو ࢽصارا,دميماجغ کوکو شي غحࢽيا  مࢽاࢽࢽ ذمࢽ تاردسوࢽصارا,0.06382978723404255,0.3333333333333333
Knowledge_to_Follow_God_Gandal_Fii_Rewugol_Alla.pdf_page_8_line_014,عَلَيْهࣶ وَسَلَّمَ جَمْ عٜکِسِيٜى وࣽنِى عٜمَکّࣽ,عَلَيْهِ وَسَلَّمَ جَمْ عٜکِسِيى وࣽنِ عٜمَکّࣽ,0.06382978723404255,0.5
The_Human_Being_Is_an_Incurable_Disease_Mutum_Cuta_Ne_Marar_Magani.pdf_page_6_line_016,إِࢽْذَاکَعَيْکَتَ أَيّࣸکَࢽْکَ کَأَيْکَتَا إࢽْکࣸوکَبَرشِ کَࢽَاغࣸدࣸࢽْ تَمࣸتاࢽٜيٰ,إِࢽْذَاکَعَيْکَتَ أَيّࣸکَࢽْکَ کَأَيْکَتَا   إِࢽْکࣸوکَبَاشِ کَࢽَاغࣸدࣸࢽْ تَمࣸتَاࢽٜيٰ,0.0641025641025641,0.3333333333333333
Nana_Asmāʾu_The_Absolute_Truth_1_Nana_Asmāʾu_Tabbat_Haqiqan_1.pdf_page_3_line_007,وَࢽْسࣸ کࣸوسࣸࢽْبِ سࣸࢽْ ڟَيَاإࢽْدَحَدِّي   وَࢽْدَاَللَّهࣸ يَيِّ سࣸࢽْ يࣸوجِهَادِي,وَࢽْسࣸ کࣸوسࣸࢽْبِ سࣸࢽْ ڟَيَا إِࢽْدَحَدِّي وَࢽْدَاللَّهࣸ يَيِّ سࣸࢽْ يࣸوجِهَادِي,0.0641025641025641,0.375
Infiraji_9.pdf_page_9_line_006,وَࢽْࢽَࢽْ کَرَاتࣸوا بَيْأَࢽْڢَاࢽَبَا   يَيْ تَسْغَرࣸواْ يَيْ ڢَوتِي أَࢽْ رَسَىٰ,وَࢽْࢽَْ کَرَاتࣸواْبَيْأَࢽْڢَاࢽَبَا  يَيْ تَسْغَرࣸواْ يَيْ ڢَوْتِي أَࢽْ زَسَىٰ,0.0641025641025641,0.5555555555555556
Nana_Asmāʾu_The_Absolute_Truth_1_Nana_Asmāʾu_Tabbat_Haqiqan_1.pdf_page_9_line_007,مَاسࣸ کٜيٰوْتَاغَدࣸوࢽَيَادࣸࢽْ أَسَࢽْسࣸ   بَابِ لاَدَأغَرٜيٰسَ دࣸࢽْ اَلࢽِّيَسّࣸ,مَاسࣸ کٜيٰوْتَاغَدࣸوࢽِيَادࣸࢽْ أَلسَࢽْسࣸ   بَابࣸ لادَاغَرٜيٰسَ دࣸࢽْ اَلࢽِّيَسّࣸ,0.0641025641025641,0.5714285714285714
A_Person_with_a_Livelihood_Will_Never_Be_Destitute_Mai_Sanaa_Ba_Ya_Tsiya.pdf_page_7_line_009,مّࣸمّࣸوࢽَࢽْ ذَتࣸو إدَࢽْ ذَاکَيِيشِ  شَيْ کَيِي ثَࢽْ وَجَࢽْ مَرَرْ يِࢽْ صَࢽَاعَ,مࣸمّࣸوࢽَࢽْ ذَتࣸوإدَࢽْ ذَاکَبِيشِ  سَيْ کَيِي ثَࢽْ وَجَࢽْ مَرَرْيِࢽْ صَࢽَاعَ,0.0641025641025641,0.6363636363636364
MAF_286.pdf_page_12_line_008,کࣸبَرْيِࢽْ ڢَ اَلْعَجَبِي غَأَيْکِࢽْ کࣸ يَࢽْاءࣸوَا ؞  شِيمَاحَدِيشِࢽْ ࢽٜيٰ ࢽَسِيدِ مࣸحَمَّدَا,کࣸبَرْيِࢽْ ڢَالْعَجَبِي غَأَيْکِࢽْکࣸ يَࢽْاءࣸوَا ؞ شِيمَاحَدِيشِ ࢽٜيٰ ࢽَسِيدِ مࣸحَمَّدَا,0.06451612903225806,0.45454545454545453
Infiraji_4.pdf_page_14_line_004,بَسࣸ سَامِ رَبࣸواْ الَاخِرَابَا,بَسࣸ سَامِ رَبࣸواْاَلَاخِرَابَا,0.06451612903225806,0.5
Infiraji_8.pdf_page_23_line_006,بَعَ سَابَ غَࢽِࢽْ سࣸࢽَاذࣸوَابَا,بَأَسَابَ غَࢽِࢽْ سࣸࢽَاذࣸوَابَا,0.06451612903225806,0.5
Infiraji_6.pdf_page_17_line_003,مَکَࢽَࢽْتَا بَيْيِ تَمْبَيَابَا,مَکَرَࢽْتَابَيْيِ تَمْبَيَابَا,0.06451612903225806,0.6666666666666666
Warning_Gargaɗi_Infiraji_2.pdf_page_14_line_003,يَوْبَا شِرِيَا سࣸکٜيٰ ࢽࣸڢِيبَا,يَوْبَاشِرِيَاسࣸکٜيٰ ࢽࣸڢِيبَا,0.06451612903225806,0.75
Infiraji_4.pdf_page_42_line_016,تࣸࢽْ مَا بَعَ دࣸوبَ أيّࣸکَࢽْبَا,تࣸࢽْ مَابَعَ دࣸوبَ أَيّࣸکَࢽْبَا,0.06451612903225806,0.6
Infiraji_12.pdf_page_18_line_014,يَارَسَاکَجِ وَىْ سࣸغࣸواْجٜىٰ    سࣸࢽْڧِ بَامࣸ کࣸطِي أَدَيْجٜىٰ,يَارَسَاکَجِ وَيْ سࣸغࣸواجٜىٰ  سࣸࢽْڧِ بَامࣸ کࣸطِي أَدَيْجٜىٰ,0.06451612903225806,0.2857142857142857
Infiraji_7.pdf_page_13_line_003,يَوْبَا شِرِيَا سࣸکٜيٰ ࢽࣸڢِيبَا,يَوْبَاشِرِيَاسࣸکٜيٰ ࢽࣸڢِيبَا,0.06451612903225806,0.75
Infiraji_6.pdf_page_6_line_007,وَࢽْدَبَيْسَࢽْ غَسْکِيَابَا     کࣸوْاْمࣸتࣸمْ ࢽٜيٰ سَاشِ دَبَّا,وَࢽْدَبَيْسَࢽْ غَسْکِيَابَا کࣸوْاْمࣸتࣸمْ ࢽٜيٰ سَاشِ دَبَّا,0.06451612903225806,0.0
Infiraji_4.pdf_page_4_line_007,دَبَسࣸيْ ڧَوْاذࣸواْأَدࣸࢽِيَابَا,دَبَسࣸيْ ڧَوْاْذࣸواْأَدࣸوࢽِيَابَا,0.06451612903225806,0.5
Infiraji_9.pdf_page_16_line_005,کَسَادَمَيْتَڢِيَا مَيْࢽِيسىٰ   أَيْ رࣸوَࢽْبَذَرَا بَايَاغِدَا,کَسَادَمَيْتَڢِيَامَيْࢽِيسَىٰ  أَيْ رࣸوَࢽْبَذَرَابَايَاغِدَا,0.06451612903225806,0.8
Infiraji_3.pdf_page_4_line_012,سَيْ وَࢽْدَ جِکِى بَيَارَسَابَا,سَيْ وَࢽْدَجِکِي بَيَارَسَابَا,0.06451612903225806,0.5
Infiraji_4.pdf_page_10_line_010,بَعَ بَرْدࣸکَّࢽْ حَڧࣸواڧࣸوَابَا,بَعَبَرْدࣸکَّࢽْ سَڧࣸواڧࣸوَابَا,0.06451612903225806,1.0
Infiraji_6.pdf_page_22_line_001,سَىْ يَثٜىٰمَ مَلَاءِکࣸوࢽَىْ     کࣸࢽْجِ کࣸوْاْوَاࢽَاتَکَيْࢽَىْ,سَىْ يَثٜىٰمَ مَلَاءِکࣸوࢽَيْ  کࣸࢽْجِ کࣸوْاْوَاࢽَاتَکَيْࢽَىْ,0.06451612903225806,0.2
Infiraji_3.pdf_page_5_line_015,بَأَسَرْزَمَࢽِࢽْدَزَيْ ثِکَابَا,بَأَسَࢽْ زَمَࢽِࢽْدَزَيْ ثِکَابَا,0.06451612903225806,1.0
Infiraji_11.pdf_page_12_line_006,يَجِ کَلْمَابَاتَصطَࢽْ أدَمْبَا,يَجِ کَلْبَابَاتَطَࢽْ أدَمْبَا,0.06451612903225806,0.3333333333333333
Infiraji_9.pdf_page_24_line_010,دࣸوکِيَاتَمَرَايَا کࣸࢽِيسَتَا   إِࢽْ کࣸࢽَاسࣸوکَࢽَکࣸودَلَاڢِيَا,دࣸوکِيَاتَمَرَايَاکࣸࢽِيسَتَا  إِࢽْ کࣸࢽَاهࣸوکَࢽْکࣸودَلَاڢِيَا,0.06451612903225806,0.75
Infiraji_4.pdf_page_40_line_010,أَکَتَاشٜىٰکَ بَادَأࢽْ إِدࣸوبَا,أَکَتَاشٜيٰکَ بَادَأَࢽْ إِدࣸوبَا,0.06451612903225806,0.6666666666666666
Infiraji_8.pdf_page_28_line_003,کࣸمَ غَاڢࣸسْکَرسَ بَيْسَکٜىٰبَا,کࣸمَ غَاحࣸسْکَرْسَ بَيْسَکٜىٰبَا,0.06451612903225806,0.3333333333333333
Infiraji_9.pdf_page_14_line_011,ڢَرْکࣸوࢽْسࣸوعِبَادَ تَجَاهِلِ   بَاتَݣيْوَاوࣸرِࢽْدَأَکٜيٰذࣸوَا,ڢَرْکࣸوࢽْسࣸوعِبَادَتَجَاهِلِ  بَاتَکَيْوَاوࣸرِࢽْدَأَکٜيٰذࣸوَا,0.06451612903225806,1.0
Infiraji_6.pdf_page_23_line_003,دَبَکَىْ دَيْدَىْ أَدࣸوࢽِيَابَا,دَبَکَيْ دَيْدَيْ أَدࣸوࢽِيَابَا,0.06451612903225806,0.6666666666666666
MAF_286.pdf_page_15_line_008,کࣸسَيْ دَيْڢَ شٜيطَࢽْ شِي يَکَرٜثٜمَ ذࣸوثِيَا ؞  تَأَيْکَتَ سَابࣸࢽْ جَلَّ سَرْکِࢽْ مࣸحَمَّدَا,کࣸسَيْ دَيْ ڢَ شِيطَࢽْ شِي يَکَريمَ ذࣸوثِيَا ؞  تَأَيْکَتَ سَابِࢽْ جَلَّ سَرْکِࢽْ مࣸحَمَّدَا,0.06451612903225806,0.4166666666666667
Infiraji_9.pdf_page_5_line_001,بَابࣸ مَيْغِرْمَاسَيْ ڢَاسِڧِي    سَيْ شَڧِيْ شِکٜيٰ وَالَدَبࣸ,بَابࣸ مَيْغِرْمَاسَيْ ڢَاسِڧِي سَيْ شَڧِيْ شِيکٜيٰ وَالَدَبࣸ,0.06451612903225806,0.14285714285714285
Infiraji_4.pdf_page_45_line_004,أَغِدَࢽْ دَبَذَىْبَڧِࢽْثِکِيبَا,أَغِدَࢽْ دَبَذَىْ بَڧِࢽْ ثِکِيبَا,0.06451612903225806,1.5
Infiraji_4.pdf_page_25_line_009,بَتَ بَرْمَسࣸ کَيْ دَکَاڢَطَابا,بَتَ بَرْمَسࣸ کَيْ دَوکَاڢَطَابَا,0.06451612903225806,0.25
Infiraji_5.pdf_page_19_line_015,شِࢽْ مَىْ کَرَبَاسࣸ بَاغࣸدࣸوبَا,شِࢽْ مِيْ کَرَبَاسࣸ بَاغࣸدࣸوبَا,0.06451612903225806,0.25
MAF_286.pdf_page_20_line_004,کࣸسَࢽْ ڢَ سَࢽِࢽْ ࢽَامࣸ کَطَࢽْ ࢽِڢَ کࣸࢽْجٜيَا ؞ سَيْدَيْ ڢَ ڧَمْࢽَرْ مَهْدِ جِيکَࢽْ مࣸحَمَّدَا,کࣸسَࢽْࢽْ ڢَ سَࢽِࢽْ ࢽَامࣸ کَطَرْ ࢽِڢَ کࣸࢽْجِيَا ؞  سَيْدِيْ ڢَ ڧَمْࢽَرْ مَهْدِ جِيکَࢽْ مࣸحَمَّدَا,0.06451612903225806,0.2857142857142857
Infiraji_4.pdf_page_13_line_007,وَهَلَرْسࣸ أَغوبٜيٰ لَاخِرَابَا,وَحَلَرْسࣸ أَغࣸوبٜيٰ لَاخِرَابَا,0.06451612903225806,0.6666666666666666
Infiraji_5.pdf_page_14_line_008,بَتَذࣸوْادَشِرِࢽْ مࣸبَارَزَاباَ,بَتَذࣸوْادَشِرِࢽْ مࣸبَارَزَابَا,0.06451612903225806,0.5
Infiraji_4.pdf_page_41_line_004,بَکَ سَامࣸ رࣸوَࢽْدَکَاحَطٜىٰبَا,بَکَ سَامِ رࣸوَࢽْدَکَاحَطٜيٰبَا,0.06451612903225806,0.6666666666666666
Infiraji_12.pdf_page_17_line_012,بَىْ تَارࣸدَوَࢽْدَيَىْ حَڧَابَا,بَيْ تَارࣸدَوَࢽْدَيَيْ حَڧَابَا,0.06451612903225806,0.6666666666666666
Infiraji_4.pdf_page_26_line_009,بَتَ سࣸومَ غَشِࢽْ غَݒَاݒࣸوَابَا,بَتَ سࣸومَ غَشِࢽْ غَبَايࣸوَابَا,0.06451612903225806,0.25
The_Human_Being_Is_an_Incurable_Disease_Mutum_Cuta_Ne_Marar_Magani.pdf_page_4_line_011,إِࢽْکࣸو کَطَوْکٜيٰ کَࢽْکَ بَابࣸ رࣸوَࢽْکَ سَمْ   دَطَ سَيْ سࣸثٜيٰ مَکَ واللهْ غِرْمَࢽْکَيْࢽٜيٰ,إِࢽْکࣸوکَطَوْکٜيٰ کَࢽْکَ بَابࣸ رࣸوَࢽْکَ سَمْ    دَطَسَيْ سࣸثٜيٰ مَکَ وَاللَّهْ غِرْمَࢽْکَيْࢽٜيٰ,0.06451612903225806,0.4166666666666667
Infiraji_6.pdf_page_3_line_014,بَتَدَمࣸ دّجِࢽْ يَوَࢽْ ڢَطَابَا,بَتَدَامࣸ دَجِࢽْ يَوَࢽْ ڢَطَابَا,0.06451612903225806,0.5
Infiraji_3.pdf_page_16_line_012,أَلْکَوْثَرَ بَادَ تَࢽْبَيَابَا,أَلْکَوْثَرَبَادَتَࢽْبَيَابَا,0.06451612903225806,1.0
Infiraji_6.pdf_page_10_line_012,سࢽَّࢽْ بَاذَاشِ کࣸوْاْمࣸوَاَبَا,سَࢽَّࢽْ بَاذَاشِ کࣸوْاْمࣸوَابَا,0.06451612903225806,0.6666666666666666
Infiraji_3.pdf_page_12_line_003,وَࢽْکَࢽْ جࣸوࢽَࢽْسࣸ بَأْهَࢽَابَا,وَࢽْکَࢽْ جࣸوࢽَࢽْسࣸ بَهَࢽَابَا,0.06451612903225806,0.3333333333333333
Infiraji_8.pdf_page_27_line_003,شِى يَسَابَمࣸبَرْکَ کَاتࣸࢽَابَا,شِي يَسَابَمࣸ بَرْکَ کَاتࣸࢽَابَا,0.06451612903225806,1.0
Infiraji_8.pdf_page_9_line_011,سَيْ وࣸرِࢽْ تࣸواْذࣸࢽْ اَلࣸولَه    سَيْ وࣸرِࢽْ أَذࣸمِي موَالَهْ,سَيْ وࣸرِࢽْ تࣸواْذࣸࢽْ اَلࣸولَ  سَيْ وࣸرِࢽْ أَذࣸمِي مࣸوَالَهْ,0.06451612903225806,0.25
Infiraji_8.pdf_page_3_line_009,وَࢽْدَکٜيٰ أَيّکِ ࢽَݒَرْࢽَا   کࣸواْثِکِࢽْ دَرٜيٰ کࣸواْدَرَاࢽَا,وَࢽْدَکٜيٰ أَيْکِ ࢽَبَرْࢽَا کࣸواْثِکِࢽْ دَرٜيٰ کࣸواْدَرَاࢽَا,0.06451612903225806,0.3333333333333333
Infiraji_11.pdf_page_8_line_003,کَأَجٜىٰمࣸ أدَامَ طَࢽْسࣸوَيْبَا,کَأَجٜىٰمࣸ أَدَامَ طَࢽْ سࣸوَيْبَا,0.06451612903225806,1.0
Infiraji_4.pdf_page_9_line_009,دَرَجَرْ مَࢽْيَابَسَاوࣸثٜيٰ بَا,دَرَجَرْمَࢽْيَابَسَاوࣸثٜىٰ بَا,0.06451612903225806,0.6666666666666666
Infiraji_4.pdf_page_44_line_007,غَوࣸرِࢽْدَوَࢽِࢽْسَ بَىْ إيَابَا,غَوࣸرِࢽْدَوَࢽِࢽْسَ بَيْ إِيَابَا,0.06451612903225806,0.6666666666666666
A_Person_with_a_Livelihood_Will_Never_Be_Destitute_Mai_Sanaa_Ba_Ya_Tsiya.pdf_page_2_line_008,دࣸولٜي عَشَاجِࢽْࢽْ جِکِيمَࢽْ عَشٜي مَيْ  أّعِࢽْا ذَايَسَࢽْ کࣸطِي بَيْ صَࢽَاعَ,دࣸولٜي عَشَاجِࢽِࢽْ جِکِيمَࢽْ عَشٜي مَࢽْ   أّعِࢽَاذَايَسَࢽْ کࣸطِي بَيْ صَࢽَاعَ,0.06493506493506493,0.4
Infiraji_9.pdf_page_10_line_008,يَاشࣸوکَ غٜيٰرٜࣸواأَسَيْمࣸوغَرْغَرِي  يَاتَاثِࢽْ غِرْبِي دَکِرْيَيْ رࣸࢽْغࣸبيٰ,يَاشࣸوکَ غٜيٰرࣸواأَسَيْمࣸوغَرْغَرِي  يَاتَاشِ غِرْبِي دَکِرْيَيْ رࣸࢽْغࣸميٰ,0.06493506493506493,0.5
Knowledge_to_Follow_God_Gandal_Fii_Rewugol_Alla.pdf_page_11_line_010,عٜيِمْبٜ وَࡶَنَّهࣸ نࣽکَنْکࣽ صَادِڡࣻ کࣽفࣽمْطࣽطࣸ,عٜيِمْبٜ وَࡶَنَّهࣸ نࣽکَنْکࣽ صَادِڡࣸ کࣽفࣽمْطࣶطࣶ,0.06521739130434782,0.4
A_Poem_on_the_British_Waƙar_Nasara.pdf_page_3_line_012,ذما الجࢽ بابت دغباوا    بلي شحࢽا شسارشکࢽ سعيرا,ذماالجࢽ بابت دغباوا  بلي شحࢽا شسارشکࢽ سعيرا,0.06521739130434782,0.25
MAF_286.pdf_page_12_line_013,إِذَࢽْ ذَاکَيٜࢽْ ذَࢽْثٜيٰ کَيِوࣸوشِ ࢽَغَسْکِيَا ؞  کࣸمَ کَدَکَيِوࣸ ڧَرْيَاڢَ ِࢽجِ مࣸحَمَّدَا,إِذَࢽْ ذَاکَيِࢽ ذَࢽْثٜيٰ کَيِوࣸوشِ ࢽَغَسْکِيَا ؞ کࣸمَ کَدَکٜيوࣸ ڧَرْيَاڢَ إِࢽجِ مࣸحَمَّدَا,0.06521739130434782,0.2727272727272727
Infiraji_4.pdf_page_8_line_006,ذَاأحَوْشِ ثِکِࢽْ دَرٜيٰࢽٜيٰ    ڧَرْڧَشِي ࢽَسَ کࣸواْوࣸتَاࢽٜيٰ,ذَاأَحَوشِ ثِکِࢽْ دَرٜيٰࢽٜيٰ  ڧَرْڧَشِي ࢽَسَ کࣸواْوࣸتَاࢽٜيٰ,0.06557377049180328,0.16666666666666666
Infiraji_6.pdf_page_8_line_004,جِي يَکَࢽْيِي أََࢽَࢽْ يکࣸوْاْيَا    سࣸوسࣸکٜيٰ تَاشِي أَبَايَا,جِي يَکَࢽْيِي أَࢽَࢽْ يَکࣸوْاْيَا  سࣸوسࣸکٜيٰ تَاشِي أَبَايَا,0.06557377049180328,0.2857142857142857
Infiraji_3.pdf_page_15_line_005,ذࣸوْالْجَلاَلِ غࣸدࣸࢽْ مَوَرْکَ   إِࢽْ تَسَوْکَ دَأَرْزِڧِࢽْکَ,ذࣸوْالْجَلَالِ غࣸدࣸࢽْ مَوَرْکَ إِࢽْ تَسَوْکَ دَأَرْزِڧِࢽْکَ,0.06557377049180328,0.16666666666666666
Infiraji_5.pdf_page_10_line_001,مَالَمِيࢽَيْ سَيْ يَأَمْسَا    سَيْ يَثٜيٰ مَسَ کَرْکَغࣸوْسَا,مَالَمِيࢽَىْ سَيْ يَأَمْسَا  سَيْ يَثٜيٰ مَسَ کَرْکَڧࣸوْسَا,0.06557377049180328,0.2857142857142857
Infiraji_4.pdf_page_20_line_001,سَيْ يَثٜيٰ کࣸࢽْ سَࢽْࢽِ تࣸࢽْدَ    سَيْ سࣸثٜيٰ مَسَ عَاءَمࣸودَ,مَيْ يَثٜيٰ کࣸࢽْ سَࢽْࢽِ تࣸࢽْدَ سَيْ سࣸثٜيٰ مَسَ عَاءَمࣸودَ,0.06557377049180328,0.1111111111111111
Infiraji_4.pdf_page_33_line_005,يَايِي کَٜيْوْدَيْ طَࢽْ مࣸسࣸلْمِي    يَيْتَ أَدِّيࢽِ يَࢽٜيٰمِ,يَايِي کَيْوْدَيْ طَࢽْ مࣸسࣸلْمِي يَيْتَ أَدِّيࢽِ يَࢽٜيٰمِ,0.06557377049180328,0.14285714285714285
Infiraji_6.pdf_page_8_line_012,وَࢽْدَکٜيٰدَرَبࣸوْاْيَتࣸوبَا    وَࢽْدَکوْࣸاْبَيْ حَمْزَرِيبَا,وَࢽْدَکٜيٰدَرَبࣸوْاْيَتࣸوبَا  وَࢽْدَکࣸوْاْبَيْ حَمْزَرِيبَا,0.06557377049180328,0.3333333333333333
Infiraji_4.pdf_page_12_line_015,يَٜࢽْ شِغَاطَکَ حَرْتِکَاࢽٜيٰ    دࣸکْ سࣸبࣸوطٜيٰ سَارِڧَيْࢽٜيٰ,يٜࢽْ شِغَاطَکَ حَرْتࣸکَاࢽٜيٰ  دࣸکْ سࣸبࣸوطٜيٰ سَارِڧَيْࢽٜيٰ,0.06557377049180328,0.3333333333333333
Infiraji_4.pdf_page_9_line_007,وَࢽْسࣸ کࣸواْدَيْدَيْ دَاإِسْکَا   ذَاسࣸ ڧٜيٰتَرَ بَابࣸ شَکَّا,وَࢽْسࣸ کࣸوادَيْدَيْ دَإِسْکَا  ذَاسࣸ ڧٜيٰتَرَبَابࣸ شَکَّا,0.06557377049180328,0.5714285714285714
Infiraji_11.pdf_page_4_line_005,أࢽْ کَشٜىٰسࣸ ثِکِࢽْ جَهَالَهْ    مࣸوذࣸوَࢽْسَ تَزَمࣸ ڢِتِلَّهْ,أَࢽْ کَشٜىٰسࣸ ثِکِࢽْ جَهَالَهْ  مࣸوذࣸوَࢽْسَ تَزَمّࣸ ڢِتِلَّهْ,0.06557377049180328,0.2857142857142857
Infiraji_6.pdf_page_12_line_010,ذࣸوْاْلْجَلَالِ کَبَامࣸ سَاعَا   رَبِّ دࣸࢽْ غِرْمَࢽْ شَرِيعَا,ذࣸوْالْجَلالِ کَبَامࣸ سَاعَا رَبِّ دࣸࢽْ غِرْمَࢽْ شَرِيعَا,0.06557377049180328,0.14285714285714285
Knowledge_to_Follow_God_Gandal_Fii_Rewugol_Alla.pdf_page_8_line_005,عَلَيْهِ وَ سَلَّمَ جَمْ عٜکِسيى وࣽنِى عَٜکّࣽ أࢽَّ ࡻلْحَسَدࣸ,صَلَيْهِ وَسَلَّمَ جَمْ عٜکِسِيى وࣽنِى عٜمَکّࣽ أࢽَّ ࡻلْحَسَدࣸ,0.06557377049180328,0.5555555555555556
Infiraji_9.pdf_page_19_line_005,بَاأَبࣸوتَابَابࣸ ذࣸمࣸࢽْتَکَا   سَيْکࣸوضَرࣸورَتِلَسْ تَاحَطَىٰ,بَاأَبࣸوتَابَابࣸ ذࣸمࣸࢽْتَکَا  سَيْکࣸوضَرࣸورَࢽِيَلَسْ تَاحَطَىٰ,0.06557377049180328,0.25
Infiraji_8.pdf_page_7_line_005,ذَاأَحَوشِ ثِکِࢽْ دَرٜٜيٰࢽٜيٰ   ڧَرْڧَشِي ࢽَسَ کوࣸاْوࣸتَاࢽٜيٰ,ذَاأَحَوشِ ثِکِࢽْ دَرٜيٰࢽٜيٰ  ڧَرْڧَشِي ࢽَسَ کࣸواْوࣸتَاࢽٜيٰ,0.06557377049180328,0.3333333333333333
Infiraji_4.pdf_page_36_line_012,حَرْوࣸرِࢽْ ڟَيࣸوَرڧِيَامَا   وَࢽْسࣸ کࣸوْاْدࣸوْاْمِࢽْ ظَلَامَا,حَرْوࣸرِࢽْ ڟَيࣸوَرْڧِيَامَا  وَࢽْسࣸ کࣸوْاْدࣸوامِࢽْ ظَلَامَا,0.06557377049180328,0.4
Celebrating_Cerno_Aliiyu_Ɓuuɓa_Ndiyaŋ_Waccugol_Cerno_Aliiyu_Ɓuuɓa_Ndiyaŋ.pdf_page_3_line_004,تِمِّى کࣸوَمِّ وَسِيلَ هَکّࣸدٜعَࢽ عٜجٜرࢽࣸ على بࣸوبَدِيَࢽْ مࣽيِمِّ کࣸمٜتَّتَا,تِمِّ کࣽوَمِّ وَسِيلَ هَکّࣸدٜعَࢽْ عٜجٜرْࢽࣸ على بࣸوبَدِيَࢽْ مࣸيِمِّ کࣸمٜتَّتَا,0.06578947368421052,0.5555555555555556
Infiraji_9.pdf_page_10_line_003,أَࢽْثٜيٰ وَڧَرْࢽَ يَاکَطَاکَيْࢽَسَا   ࢽِي بَاࢽِ بَيْوَابَࢽَا عِيَ يِࢽْ ڟَرِي,أَࢽْثٜيٰ وَڧَرْࢽَ يَاکَطَاکَيْࢽَسَا ࢽِي بَاࢽِ بَيْوَابَࢽَاعِي يِࢽْڟَرِي,0.06578947368421052,0.4444444444444444
MAF_286.pdf_page_5_line_012,أَکَبِيسࣸ سَيْ سَارَادَسࣸوکَ أَکٜيٰ مࣸسࣸ ؞ أَࢽْ بِيسࣸ دࣸکْ أَࢽْ کَسْسࣸ دَرَجَ الْمࣸحَمَّدَا,أَکَبِيسࣸ سَيْ سَارَادَسࣸوکَ أَکٜيٰ مࣸسࣸ ؞  أَࢽْبِيسࣸ دࣸکْ أَࢽْ کَسَْسࣸ دَرَجَالْمࣸمَّدَا,0.06593406593406594,0.38461538461538464
MAF_286.pdf_page_19_line_009,کࣸسَࢽْ دَيْ بࣸغࣸࢽْ ࢽَاسࣸ أَرْمَسَ ڧَاءِدَا ؞ إِذَࢽْ دَيْ کَࢽَاڧَمْࢽَاغَثٜيٰ تࣸࢽْ مࣸحَمَّدَا,کࣸسَࢽْ دَيْ بࣸغࣸࢽْ ࢽَاسࣸ أَࢽْ مَسَ غَاءِدَا ؞ إِذَࢽْ دَيْ کَࢽَاغَمْࢽَاغَثٜيٰ ثࣸيْ مࣸحَمَّدَا,0.06593406593406594,0.4166666666666667
Infiraji_3.pdf_page_4_line_006,هَلکَاثٜىٰ وَࢽْدَبَىْ بَرِيبَا,هَلَکَاثٜىٰ وَࢽْدَبَيْ بَرِيبَا,0.06666666666666667,0.6666666666666666
Infiraji_4.pdf_page_19_line_006,ࢽَرࣸوَࢽْ ذاڢِي سَبࣸواْدَغَابَا,ࢽَرࣸوَࢽْ ذَاڢِي سَبࣸوادَغَابَا,0.06666666666666667,0.6666666666666666
The_Harlots_Song_Waƙar_Karuwa.pdf_page_4_line_001,بࣸورِࢽْةَ سَابَࢽْ غَرِي کࣸواْ ڢَغٜي  يَوَيْثِي تࣸدࣸࢽْ وَدَا ثَࢽْ سࣸکَدَاغٜي,بࣸورِࢽْةَ سَابَࢽْ غَرِي کࣸواْڢَڧٜي  يَوَيْثِي تࣸدࣸࢽْ وَاثَࢽْ سࣸکَدَاغٜي,0.06666666666666667,0.4
Infiraji_4.pdf_page_32_line_011,أَࢽْ تَڧَيْتَ دَرٜيٰ دَرَاࢽَا    غَامَرࣸواْڧَا غَامَأَوْْࢽَا,أَࢽْ تَڧَيْتَ دَرٜيٰ دَرَاࢽَا  غَامَرࣸواْڧَاغَامَأَوْࢽَا,0.06666666666666667,0.3333333333333333
Infiraji_10.pdf_page_13_line_003,سَيْدَيْ کࣸمَا کَرْأَغَجِ دَبࣸغࣸوَّاسَبࣸودَأَݣࣸيْ مَڟَلࣸولِي دَيَوَوَطَࢽْدَ,سَيْدَيْ کࣸمَاکَرْ أَغَجِ دَبࣸغࣸوَّا سَبࣸودَأَݣَيْ مَڟࣸلࣸولِي دَيَوَوَطَࢽْدَ,0.06666666666666667,0.8333333333333334
Infiraji_4.pdf_page_33_line_016,بَکَدࣸوبَ ذࣸوَࢽْکَ لَاخِرَابَا,بَکَ دࣸوبِ ذࣸوَࢽْکَ لَاخِرَابَا,0.06666666666666667,0.6666666666666666
MAF_286.pdf_page_20_line_010,تمت کمل الکتاب کرامة مهدي المࢽتظر عليه السلام,تمت کما الکتاب کرامة مهدى المࢽࢽظر عليه السلام,0.06666666666666667,0.375
Infiraji_5.pdf_page_6_line_015,إِمْبَامَڧِيَا أࣸبَࢽْ غِجِيبَا,إِمْبَامَڧِيَاأࣸبَࢽْ غِجِبَا,0.06666666666666667,1.0
The_Glorious_Majidu_Infiraji_1.pdf_page_15_line_003,بَاذَا شِى هَࢽَامࣸ سَادࣸوَابَا,بَاذَاشِ هَࢽَامࣸ سَادࣸوَابَا,0.06666666666666667,0.5
Infiraji_4.pdf_page_39_line_002,سَيْشِ سࣸوْاْحَکَ ڢَىْ دَبࣸويٜىٰ   غَاشِ رَاࢽَاتَاذࣸغَࢽْيٜىٰ,سَيْشِ سࣸوْاْحَکَ ڢَيْ دَبࣸويٜيٰ  غَاشِ رَاࢽَاتَاذࣸغَࢽْيٜيٰ,0.06666666666666667,0.5
Infiraji_6.pdf_page_22_line_009,دَرَبࣸواْدَبَذَاسࣸ هَلَّکَابَا,دَرَبࣸوْادَبَذَاسࣸ هَلَّکَابَا,0.06666666666666667,0.5
Infiraji_11.pdf_page_1_line_002,وَاڧَرْمَجِيْدࣸ,وَاڧَرْمَجِيدࣸ,0.06666666666666667,1.0
Nana_Asmāʾu_The_Authentic_Path_Nana_Asmāʾu_Godaben_Gaskiya.pdf_page_7_line_016,ذَمَاذَاطَ ڧَࢽْطَرَثَاࢽْ أَتࣸسْغاغَجَࢽَّتَا  ڢَدَارࣸاَلسَّلاَمِ غَرِࢽْ مَسࣸويَرْمࣸحَمَّدَا,ذَمَاذَاطَ ڧࣸࢽْطَرَثَاࢽْ أَتࣸسْغَاغࣸجَࢽَّتَا  ڢَدَارࣸالسَّلامِ غَرِࢽْ مَسࣸويَرْ مࣸحَمَّدَا,0.06666666666666667,0.8333333333333334
Infiraji_12.pdf_page_6_line_014,بَىْ تَاࢽَجِ دࣸوکِيَرْبِيَابَا,بَيْ تَاࢽَجِ دࣸوکِيَرْ بِيَابَا,0.06666666666666667,1.0
The_Glorious_Majidu_Infiraji_1.pdf_page_10_line_010,٣٨  إِࢽْ غَبَاتَـ دَغَيْسࣸوَاتَا  غࣸࢽْ مَڢِيڢِيثِࢽْ هَلِتَّا,٢٨ إِࢽْ غَبَاتَ دَغَيْسࣸوَاتَا  غࣸࢽْ مَڢِيڢِيثِࢽْ مَلِتَّا,0.06666666666666667,0.42857142857142855
Infiraji_4.pdf_page_27_line_003,أَطَيَࢽْسࣸ يَذَاشِ شَامࣸوَابَا,أَطَيَࢽْسࣸ بَذَاشِ سَامࣸوَابَا,0.06666666666666667,0.6666666666666666
Warning_Gargaɗi_Infiraji_2.pdf_page_16_line_012,بَاکࣸواْمَيْ ڢَادَ هَلَّکَابَا,بَاکࣸواْمَيْ ڢَاطَ رَلَّکَابَا,0.06666666666666667,0.6666666666666666
Infiraji_12.pdf_page_6_line_011,بَىْ سَامِ رَبࣸواْألَاخِرَابَا,بَيْ سَامِ رَبࣸواْأَلَاخِرَابَا,0.06666666666666667,0.6666666666666666
Infiraji_4.pdf_page_31_line_013,تࣸوبَࢽْسَ بَذَا يَکَرْݒࣸوَابَا,تࣸوبَࢽْسَ بَذَايَکَرْبࣸوَابَا,0.06666666666666667,0.6666666666666666
MAF_286.pdf_page_2_line_008,دَهِجِرَاتَکَࢽْ شَرَڢْ ڢَبَرْدٜࢽْ مࣸحَمَّدَا ؞  أَࢽَࢽْ أَکَمَسْ ثَڢْ تَڢَرْکࣸودَکٜيٰ ڢَطَا,دَهِجِرَاتَکَࢽْ شَرَڢْ ڢَبَرْدٜࢽْ مࣸحَمَّدࣸ ؞  أَࢽَيْ أَکَمَسْ ثَڢَ تَڢَرْ کࣸودَکٜيٰ ڢَطَاا,0.06666666666666667,0.6
Infiraji_6.pdf_page_13_line_005,وَࢽْسࣸ غَاکَايَاسࣸطَوْکَيْ   وَࢽْسࣸ کࣸوْاْتَمْکَرْ مࣸسَاکَيْ,وَࢽْسࣸ غَاکَايَاسࣸطَوْکَيْ  وَࢽْسࣸ کࣸوْاتَمْکَرْمࣸسَاکَىْ,0.06666666666666667,0.4
Infiraji_7.pdf_page_15_line_012,بَاکࣸواْمَيْ ڢَادَ هَلَّکَابَا,بَاکࣸواْمَيْ ڢَادَهَلَّاَابَا,0.06666666666666667,0.6666666666666666
Infiraji_6.pdf_page_5_line_006,بَيْ سَࢽْ مَڢِتَاأَلاَحِرَابَا,بَيْ سَࢽْ مَڢِتَاأَلَاحِرَابَا,0.06666666666666667,0.3333333333333333
Infiraji_6.pdf_page_8_line_001,مَيْ بِطَرْ أَوْرٜيٰ أَعِدَّا    شِيدَامَيْتࣸوذَرْتَ شَيْدَا,مَيْ بِطَرْأَوْرٜيٰ أَعِدَّا  شِيدَمَيْتࣸوذَرْتَ شَيْدَا,0.06666666666666667,0.5
Infiraji_9.pdf_page_7_line_002,ࢽِي ذَاࢽِ طࣸورَسْ بَاوَࢽِ ڢَرْغَبَا    دࣸومِࢽْ بَتࣸࢽْ ࢽَيْ بَاڧَرْيَابَࢽٜيٰ,ࢽِي ذَاࢽِ طࣸورَسْ بَاوَࢽِ ڢَرْغَبَا  دࣸومِࢽْ بَتࣸوࢽَيْ بَاڧَرْيَابَࢽٜيٰ,0.06666666666666667,0.2222222222222222
MAF_286.pdf_page_17_line_009,کࣸکَوْدَڢَ عيْبࣸوبِي أَّتࣸرْبَ ڢَکࣸࢽجِيَا ؞  ࢽَذَرْکِࢽْ مࣸسࣸلْمِ کࣸࢽْبِ حَدِيشِ مࣸحَمَّدَا,کࣸکَوْدَڢَ عَيْيࣸوبِي أَتࣸرْبَ ڢَکࣸࢽْجِيَا ؞   تَذَرْکِࢽْ مࣸسࣸلْمِ کࣸࢽْبِ حَدِيشِ مࣸحَمَّدَا,0.06666666666666667,0.4
Nana_Asmāʾu_The_Absolute_Truth_1_Nana_Asmāʾu_Tabbat_Haqiqan_1.pdf_page_9_line_011,دࣸࢽْکࣸکࣸوْتࣸوبَا کࣸࢽْجِيَامࣸومِࢽِيࢽَا دࣸکْ ڢَطِࢽَّادَأَࢽْ کَيࣸوڟَسْکِيَاࢽَا,دࣸࢽْ کࣸکࣸوْتࣸوبَ کࣸࢽْجِيَامࣸومِࢽِيࢽَا  دْࣸ ڢَطِࢽَّادَأَࢽْ کَيࣸوغَسْکِيَاࢽَا,0.06666666666666667,0.8
Infiraji_4.pdf_page_10_line_003,جَلَّ سَرْکِ مَيْ کَرْمْثِي   ذَيْ حِࣸکࣸࢽْتَ مَڧِي ذࣸمࣸࢽ؞ثِي,جَلَّ سَرْکِ مَيْ کَرَمْثِي  ذَيْ حࣸکࣸࢽْتَ مَڧِي ذࣸمࣸࢽْثِي,0.06666666666666667,0.375
Infiraji_8.pdf_page_11_line_008,کࣸواْ مَذࣸوْوَاتَارٜيٰ تَارٜيٰ  کࣸواْ کثِࢽْ دَبَّاتَطَوْرٜيٰ,کࣸواْمَذࣸوْوَاتَارٜيٰ تَارٜيٰ کࣸواْکَثِࢽْ دَبَّاتَطَوْرٜيٰ,0.06666666666666667,0.6666666666666666
Knowledge_to_Follow_God_Gandal_Fii_Rewugol_Alla.pdf_page_3_line_015,عٜمࣽوْلࣸدٜجࣸوطٜطٜࢽْنَڢْضًاخَڢِيڢًامّࣽوْلࣸفࣸلْ,عٜمࣽوْلࣸدٜجࣸوطٜطٜرْنَڢْضًَاخَڢِيڢًامّࣽوْلࣸفࣽلْ,0.06666666666666667,1.0
Infiraji_4.pdf_page_21_line_002,بَاسࣸ کࣸواْسَامࣸࢽْ سَرَارٜيٰ   سَيْ دࣸحࣸو مَيْطَوْرَأَوْرٜيٰ,بَاسࣸ کࣸواْسَامࣸࢽْ سَرَارٰٜ سَيْ دࣸحࣸومَيْطَوْرَأَوْرٜيٰ,0.06666666666666667,0.5
Infiraji_4.pdf_page_33_line_010,بَکَسَࢽْ اَجَلِي يَࢽَاذࣸوَابَا,بَکَ سَࢽْ أَجَلِي يَࢽَاذࣸوَابَا,0.06666666666666667,1.0
Infiraji_6.pdf_page_22_line_006,اَلله دَيَسَࢽْتَ بَيْ ڢَطِيبَا,اَللهْ دَيَسَࢽْتَ بَىْ ڢَطِيبَا,0.06666666666666667,0.5
A_Poem_on_the_British_Waƙar_Nasara.pdf_page_1_line_020,ادࢽ سباک کوتاکا کعمسا   دڢي ࢽا سࢽکباک غبࢽصارا,ادࢽ سباک کوتاکاکعمسا   دڢࢽا سࢽکباک غبࢽصارا,0.06666666666666667,0.5
A_Poem_on_the_British_Waƙar_Nasara.pdf_page_2_line_017,مسلمي اࢽ مصيبا تطࢽࢽت   کروڧي عبࢽ غجک حويࢽصارا,مسلمي اࢽ مصيباتهࢽࢽت  کروڧي عبࢽ غجک حويࢽصارا,0.06666666666666667,0.25
Infiraji_4.pdf_page_28_line_013,حَرْڢِࢽْسَ مَذَاشِ تَبَّتَابَا,حَرَڢِࢽْسَ بَذَاشِ تَبَّتَابَا,0.06666666666666667,0.6666666666666666
ELIT_WAN_00130_008v_line_003,حى يسيع بصير لايحارحة ؞ کمايليڡ به سبجانه ڢفل,حى يسيع بصير لا يجارحة ؞ کمايليڡ به سبحانه ڢفل,0.06666666666666667,0.3333333333333333
Infiraji_4.pdf_page_9_line_012,دَغَرَاجِيٰ بَاکَمَرْ غࣸدࣸوبَا,دَغَرَاجٜيٰ بَاکَمَرْغࣸدࣸوبَا,0.06666666666666667,1.0
Infiraji_4.pdf_page_40_line_004,مَکَرَࢽْتَابَيْىِ تَمْبْيَابَا,مَکَرَࢽْتَابَيْيِ تَمْبَيَابَا,0.06666666666666667,1.0
The_Human_Being_Is_an_Incurable_Disease_Mutum_Cuta_Ne_Marar_Magani.pdf_page_7_line_016,ࢽَيْ حَمْدَلَهْ,ࢽَىْ حَمْدَلَهْ,0.06666666666666667,0.5
MAF_286.pdf_page_17_line_007,کࣸࢽٜمِ حَلَال ڢَ کࣸثِي دَکࣸودَعِيَالِࢽْکࣸ دࣸکْ؞   شِيمَاحَدِيشِ ࢽٜيٰ ࢽَتࣸرْبَࢽْ مࣸحَمَّدَا,کࣸࢽٜمِ حَلَاڢَ کࣸثِي دَکࣸودَعَيَالِࢽْکࣸ دࣸکْ ؞  شِيمَاحَدِيشِ ࢽٜيٰ تَتࣸرْبَࢽْ مࣸحَمَّدَا,0.06666666666666667,0.6
The_Glorious_Majidu_Infiraji_1.pdf_page_5_line_012,بَادَࢽْ أيْکࣸيواشِ دࣸوࢽِيَابَا,بَادَࢽْ أَيْکࣸواشِ دࣸوࢽِيَابَا,0.06666666666666667,0.3333333333333333
Knowledge_to_Follow_God_Gandal_Fii_Rewugol_Alla.pdf_page_10_line_006,مࣸحَمَّدࣸرَّسࣸولࣸا ࡼللَّهِ کࣽعࣸ نࣸلاَطࣽ عَلَّ وَالثَّانِيَةࣸ,مࣸحَمَّدࣸرَّسࣸولࣸ ࡼللَّهِ کࣽعࣽ نࣸلاَطࣸعَلَّ وَالثَّانِيَةࣸ,0.06666666666666667,0.6666666666666666
Infiraji_8.pdf_page_16_line_009,بَسࣸ سَࢽْ کوْࣸوَااَلَاخِرَابَا,بَسࣸ سَࢽْ کࣸوْوَااَلَاخِرَابَا,0.06666666666666667,0.3333333333333333
Knowledge_to_Follow_God_Gandal_Fii_Rewugol_Alla.pdf_page_4_line_018,ࡼلاِحْرَامِ سَاوَ هَبِّرَاوࣸ هَرْمِنِرْوࣸفࣸࢽْ,ࡼاِحْرَامِ سَاوَ هَبِّرَاوࣸهَرَمِنِرْوࣸفࣸࢽْ,0.06666666666666667,0.75
Infiraji_3.pdf_page_13_line_013,أَيَاݒٜيٰ بِسَࢽْسَ بَارَغَابَا,أَيَابٜىٰ بِسَࢽْسَ بَارَغَابَا,0.06666666666666667,0.3333333333333333
Nana_Asmāʾu_The_Authentic_Path_Nana_Asmāʾu_Godaben_Gaskiya.pdf_page_7_line_015,ڢَࢽَࢽْ أکَ بَرْکَادࣸدَّغࣸوطَاأَࢽَارَوَا     دَمࣸرْࢽَاتَڟِيَرَا أࢽْغَ حَسْکٜيٰࢽْ مࣸحَمَّدَا,ڢَࢽَࢽْ أَکَ بَرْکَادࣸدَّغࣸوطَاأَࢽَارَوَا   دَمࣸرْࢽَاتَڟِيرَا أَࢽْغَ حَسْکٜيࢽْ مࣸحَمَّدَا,0.06666666666666667,0.5714285714285714
Infiraji_4.pdf_page_7_line_003,دࣸࢽْ مࣸࢽَا سࣸࢽْ أَرْزِڧِࢽْکࣸ    مࣸࢽْکَ طَوْکِ طَوَيْࢽِيَرْکࣸ,دࣸࢽْ مࣸࢽَاسࣸࢽْ أَرْزِڧِࢽْکࣸ مࣸࢽْکَ طَوْکِ طَوَيْࢽِيَرْکࣸ,0.06666666666666667,0.2857142857142857
MAF_286.pdf_page_18_line_012,کࣸووَاَ يَبَرْسࣸ سࣸࢽَاڢِتَاکࣸࢽْجِ يَࢽْاءࣸوَا ؞ کࣸثٜيٰ ڢَاسِغِ ࢽٜي يَاڧِ کࣸويِ دَأَحْمَدَا,کࣸووَابَبَرْسࣸ سࣸࢽَاڢِࢽَاکࣸࢽْجِ يَࢽْاءࣸوَا ؞ کࣸثٜيٰ ڢَاسِغِ ࢽٜيٰ يَاڧِ کࣸويِ دَأحْمَدَا,0.06741573033707865,0.45454545454545453
MAF_286.pdf_page_14_line_015,ࢽَهࣸطࣸࢽْسࣸ دࣸࢽْيَا کࣸࢽجِ مَڧِيَمّࣸ کٜيٰ ࢽَيْ ؞  کࣸوَوَإِسَکٜيٰ سࣸوجَاشِ ࢽٜيسَ غَأَحْمَدَا,ࢽَمࣸطࣸࢽْسࣸ دࣸࢽْيَاکࣸࢽْجِ مَڧِيَمّࣸ کٜيٰ ࢽَيْ ؞  کࣸوَوَاسَکٜيٰ سࣸوجَاشِ ࢽٜسَ غَأَحْمَدَا,0.06741573033707865,0.45454545454545453
MAF_286.pdf_page_20_line_005,اَللَّهࣸ مࣸࢽَارࣸوڧࣸࢽْکَ سَرْکِي عࣸبَࢽْغِجِ ؞ دَدَرَجَلْ مَسࣸويٰٜࢽْ ࢽَاکَ أَࢽَّبِ أحْمَدَا,اَللَهࣸ مࣸࢽَارࣸوڧࣸࢽْکَ سَرْکِي عࣸبَࢽْغِجِ ؞  دَدَرَ جَلْ مَسࣸويَࢽْ ࢽَاکَ أَࢽَّبِ أَحْمَدَا,0.06741573033707865,0.5
MAF_286.pdf_page_12_line_005,ڢَوَعَظِي دَأَࢽْڢَاࢽِي حَڧِيڧَ اغَمࣸومِࢽَيْ ؞ کࣸدࣸوبَ ڢَذِکرِي کࣸࢽْجِ أࣸمَّ الْمࣸحَمَّدَا,ڢَوَعَظِي دَأَࢽْڢَاࢽِي حَڧِيوَاغَمࣸومِࢽَيْ ؞  کࣸدࣸوبَ ڢَدِکْرِي کࣸࢽْجِ أࣸمّ الْمࣸحَمَّدَا,0.06741573033707865,0.4
MAF_286.pdf_page_18_line_014,أَݣيْ وَتَابࣸولَالَرْوࣸتَاتَࢽَاالَاخِرَا ؞  غَمَاسࣸ ڢِتَاڢَ دَطَوْکَکَ مࣸرْيَاوَسَرْمَدَا,أَݣَيْ وَتَابࣸولَالَرْوࣸتَاتَࢽَاالاخِرَا ؞  غَمَاسࣸ ڢِتَاڢَ دَطَوکَأَمࣸرْيَاوَ سَرْمَدَا,0.06741573033707865,0.5714285714285714
MAF_286.pdf_page_19_line_007,کࣸسَࢽْ کࣸمَ بَابࣸ ذَاغِ غَرٰٜسࣸࢽ يَرٜيٰ بࣸغࣸوا ؞ وَطَࢽَّࢽْ حَرَامࣸ ࢽٜڢَ إِࢽْجِ مࣸحَمَّدَا,کࣸسَࢽْ کࣸمَ بَابࣸ ذَاغِ غَرٜيٰسࣸ بَرٜيٰ بࣸغࣸوَا ؞ مَطَࢽَّࢽْ حَرَامࣸ ࢽِڢَ إِࢽْجِ مࣸحَمَّدَا,0.06741573033707865,0.38461538461538464
MAF_286.pdf_page_3_line_009,صَحَبَيْ مَأيْکِي کࣸمَ غࣸدَاحࣸطࣸ سࣸࢽْ تَهࣸوا ؞ سࣸومَاسࣸࢽَاذَ،ْࢽٜيٰ وࣸرِࢽْ سِيدِ أَحْمَدَا,صَحَبَي مَأَيْکِي کࣸمَ غࣸدَاحࣸطࣸ سࣸࢽْ تَهࣸوا ؞  سࣸومَاسࣸࢽَاذَمْࢽٜيٰ وࣸرِࢽْ ِيَدِ أَحْمَدَا,0.06741573033707865,0.36363636363636365
Infiraji_9.pdf_page_17_line_010,دَرٜٜيٰ ࢽَااللَّهْ سَيْسࣸࢽْ بَربَرَا   جَࢽَبَاتَࢽَاجِکِ بَيْوَࢽْکٜيٰ تَبَا,دَرٜيٰ ࢽَاللَّهْ سَيْسࣸࢽْ بَرْبَرَا  جَࢽَبَاتَࢽَاجِکَ بَيْوَࢽْکٜيٰ تَبَا,0.06756756756756757,0.5714285714285714
Nana_Asmāʾu_The_Absolute_Truth_1_Nana_Asmāʾu_Tabbat_Haqiqan_1.pdf_page_9_line_004,کࣸووَࢽٜيٰ يَاڢَّ مَيْدَهمَّاغَظࣸلْمِي   يَڧِّ تࣸوبَادَوَࢽْدَيَيَّادَعِلمِي,کࣸووَࢽٜيٰ يَڢَّ مَيْدَهِمَّاغَظࣸلْمِي  يَيِّ تࣸوبَادَوَࢽْدَيَيَّادَعِلْمِي,0.06756756756756757,0.8
Infiraji_9.pdf_page_5_line_008,ڧَࢽٜيٰ دَوَاࢽَسَا سَيْ غَابَا سࣸکٜيٰ  کَمَرْمࣸسࣸلْمِي دَکَاڢِرِٜي باشِرِٜي,ڧَࢽٜيٰ دَوَاࢽَسَاسَيْ غَابَاسࣸکٜيٰ  کَمَرْمࣸسࣸلْمِي دَکَاڢِرِي بَاشِرِي,0.06756756756756757,0.75
Infiraji_3.pdf_page_10_line_002,سَيْ يَثٜيٰ غَمَزَابِيَرْࢽٜيٰ    يَاڢِ غࣸࢽْ مَاتَ بَکࣸوࢽٜيٰ,سَيْ يَثٜيٰ غَمَزَابِيَرْࢽٜيٰ  يَاڢِ غࣸࢽْ مَاتَابَکࣸووࢽٜيٰ,0.06779661016949153,0.2857142857142857
Infiraji_12.pdf_page_9_line_007,سَىْ أࣸوَاتَشِغَرْمَ وَࢽْکَا    شِࢽْڢࣸطَاغࣸواْيࣸواْدَکࣸوکَا,سَيْ أࣸوَاتَشِغَرْمَ وَࢽْکَا  شِࢽْڢِطَاغࣸواْيࣸواْدَکࣸوکَا,0.06779661016949153,0.5
Infiraji_8.pdf_page_10_line_002,کࣸوْأَجَاغࣸواْرَرْ مَکَاهࣸواْ  سࣸوسࣸکَࢽْ شࣸوطٜيٰ يَشَاهࣸواْ,کࣸوْأَجَاغࣸواْرَرْمَکَاحࣸواْ سࣸوسࣸکَࢽْ شࣸوطٜيٰ يَشَاحࣸواْ,0.06779661016949153,0.6
Infiraji_4.pdf_page_41_line_009,دࣸکْ مࣸتࣸمْ کٜىٰࢽَࢽْ شِکٜىٰجِي    غَاوࣸتَاتَاجٜىٰڢَ حࣸرْجِي,دࣸکْ مࣸتࣸمْ کٜيٰࢽَࢽْ شِکٜيٰجِي  غَاوࣸتَاتَاجٜىٰڢَ حࣸرْجِي,0.06779661016949153,0.3333333333333333
Warning_Gargaɗi_Infiraji_2.pdf_page_4_line_002,يَابٜثٜيٰ دَرَشِࢽْ بَصِيرَا    سَيْ شِذࣸوْدَدࣸبࣸࢽْ لَرࣸورَا,يَابَثٜيٰ دَرَشِࢽْ بَصِيرَا سَيْ شِذࣸوْدَدࣸبࣸࢽْ لَرࣸورَا,0.06779661016949153,0.16666666666666666
Infiraji_5.pdf_page_20_line_001,حَرْيَکَامࣸ يَࢽَٜىٰمِ سَࢽْدَا    أَࢽْکَ سَامِ وࣸڧَادَاَدَّا,حَرْيَکَامࣸ يَࢽٜيٰمِ سَࢽْدَا   أَࢽْکَ سَامِ وࣸڧَادَأَدَّا,0.06779661016949153,0.3333333333333333
Infiraji_3.pdf_page_15_line_007,سَيْ ࢽَثٜيٰ مَالَمْ غࣸرࣸوزَا    شِࢽْ إِࢽَاأَکَسَࢽْ مࣸجَازَا,سَىْ ࢽَثٜىٰ مَالَمْ غࣸرࣸوزَا  شِࢽْ إِࢽَاأَکَسَࢽْ مࣸجَازَا,0.06779661016949153,0.2857142857142857
Infiraji_8.pdf_page_28_line_002,دࣸࢽْ يَسَادࣸدَاَلْجَمَرْکَ    سَىْ يَکَࢽْ جٜىٰ بَابࣸ حَرْکَ,دࣸࢽْ يَسَادࣸدَاَلْجَمَرْکَ  سَيْ يَکَࢽْ جٜيٰ بَابࣸ حَرْکَ,0.06779661016949153,0.2857142857142857
Infiraji_6.pdf_page_6_line_004,وَࢽْدَکٜيٰ ࢽٜيٰمَࢽْ دَلَالَه    سَيْ يَتَاشِ يَبَرْکَسَالَه,وَࢽْدَکٜيٰ ࢽٜيٰمَࢽْ دَلَالَه سَيْ يَتَاشِ بَبَرْکَسَالَه,0.06779661016949153,0.16666666666666666
Infiraji_4.pdf_page_28_line_003,حَسَّدَادࣸوْاْمِࢽْ شَڧَاوَا    کࣸوْاْسࣸکِبْرࣸ ذࣸوَاطَغَاوَا,حَسَّدَادࣸوْاْمِࢽْ شَڧَاوَا کࣸوْاْسࣸکِبْرࣸذࣸوَاطَغَاوَا,0.06779661016949153,0.5
Infiraji_7.pdf_page_15_line_002,بَابࣸ شِࢽْغِࢽْ کَيْدَکَاوࣸوْاْ بَاتَ تَارَرْسَيْدَ ثِيوࣸواْ,بَابࣸ شِࢽْڧِࢽْ کَيْدَکَاوࣸواْ  بَاتَ تَارَرْسَيْدَثِيوࣸواْ,0.06779661016949153,0.6666666666666666
ELIT_WAN_00130_010v_line_001,واعلم باࢽ صڢات السمع اثبتها ؞ فوم راومثل رانتي ااسادة الاول,واعلم باࢽ صڢات السمع اثبتها ؞ فدم راومثل راتى ااسادةالاول,0.06779661016949153,0.36363636363636365
Infiraji_5.pdf_page_7_line_005,سࣸࢽْ جَوَابِ وَࢽْدَکوࣸاْ يَيْ   کَتَرِي دَبَتࣸࢽْمࣸ دَيْدَيْ,سࣸࢽْ جَوَابِ وَࢽْدَکࣸوْاْيَيْ  کَتَرِي دَبَتࣸࢽْمࣸ دَيْدَيْ,0.06779661016949153,0.2857142857142857
Infiraji_6.pdf_page_4_line_014,کࣸوْاْإِࢽَايَرِڧَاأَڢِسغٜيٰ    سَيْ صَلَاتِي مَاسࣸ حَࢽْغٜيٰ,کࣸوْاْإِࢽَايَرِڧَاأَڢِسْغٜيٰ سَيْ صَلَاتِي مَاسࣸ حَࢽْغٜيٰ,0.06779661016949153,0.2
Infiraji_6.pdf_page_20_line_011,بَࢽْ إيَاوَاشِى إسَࢽْسَى    يَاڢِ تࣸوْاْمࣸوࣸثٜىٰ غَعِيْسَىٰ,بَࢽْ إيَاوَاشِي إسَࢽْسَى  يَاڢِ تࣸوْاْمࣸوࣸثٜىٰ غَعِيسَىٰ,0.06779661016949153,0.3333333333333333
Infiraji_3.pdf_page_10_line_011,تࣸࢽْدَسࣸࢽَّرْمࣸصْطَڢَاࢽٜيٰ    إِࢽْ مࣸتࣸمْ يَابَبَّکٜيٰ ࢽٜيٰ,تࣸࢽْدَسࣸࢽَّرْ مࣸصْطَڢَاࢽٜيٰ إِࢽْ مࣸتࣸمْ يَابَبَّکٜيٰ ࢽٜيٰ,0.06779661016949153,0.4
Infiraji_8.pdf_page_3_line_003,رَࢽْدَعَࢽْکَ رَبٜيٰ تَکَرْدࣸو     دࣸکْ حَلِتَّاذَاتَ سَادࣸو,رَࢽْدَعَࢽْکَ رَبٜيٰ تَکَرْدࣸو دࣸکْ حَلِتَّاذَاتَ سَادࣸو,0.06779661016949153,0.0
Warning_Gargaɗi_Infiraji_2.pdf_page_17_line_004,شِي سَࢽِي تَمْکَرْ أࣸوَاࢽٜيٰ    غࣸࢽْ مَرَايࣸو کࣸواأࣸبَاࢽٜيٰ,شِي سَࢽِي تَمْکَرْ أࣸوَاࢽٜيٰ  غࣸࢽْ مَرَايࣸوکࣸواْأࣸبَاࢽٜيٰ,0.06779661016949153,0.2857142857142857
Infiraji_5.pdf_page_17_line_004,ذَامࣸ تَࢽْبِيْهِ کَغَاࢽٜىٰ   جِکّࣸࢽَࢽْسࣸ دَذَاسࣸ ڧࣸوْاْࢽٜىٰ,ذَامࣸ تَࢽْبِيهِ کَغَاࢽٜيٰ  جِکّࣸࢽَࢽْسࣸ دَذَاسࣸ ڧࣸوْاْࢽٜيٰ,0.06779661016949153,0.5
Infiraji_4.pdf_page_25_line_002,دࣸࢽْ يَسَادࣸ دَاَلْجَمَرْکَ   سَيْ يَکَࢽْ جٜيٰ بَابࣸ حَرْکَ,دࣸࢽْ يَسَادࣸدَاَلْجَمَرْکَ سَيْ يَکَࢽْ جٜي بَابࣸ حَرْکَ,0.06779661016949153,0.375
Infiraji_6.pdf_page_21_line_004,سَىْ غَبَࢽْ کࣸرْسِࢽْ سَرَوْتَا    دࣸࢽْذࣸوَࢽَّࢽْ يَاوࣸيَاتَا,سَيْ غَبَࢽْ کࣸرْسِࢽْ سَرَوْتَا  دࣸࢽْ ذࣸوَࢽَّࢽْ يَاوࣸيَاتَا,0.06779661016949153,0.5
Infiraji_4.pdf_page_12_line_005,سࣸووتَرْڢَ رࣸڢٜي بَکَيْ ࢽٜيٰ   مَاسࣸ کࣸواْذَاڢِࢽْ إِسَاࢽٜيٰ,سࣸووࣸتَرْڢَ رࣸڢِي بَکَيْ ࢽٜيٰ  مَاسࣸ کࣸواْذَاڢِࢽْ إسَاࢽٜيٰ,0.06779661016949153,0.42857142857142855
Infiraji_12.pdf_page_14_line_010,يَامَثٜىٰ هَرْطَࢽْسَ يࣸࢽْڢَ    تࣸࢽْدَىْ مَࢽْيَࢽْ خَلِيْڢَهْ,يَامَثٜىٰ هَرْطَࢽْسَ يࣸࢽْڢَ  تࣸࢽْدَيْ مَࢽْيَࢽْ خَلِيڢَهْ,0.06779661016949153,0.3333333333333333
Infiraji_4.pdf_page_31_line_002,مَيْ بِطَرْأَوْرٜيٰ أَعِدَّا    شِيدَمَيْتࣸوْذَرْتَ شَيْدَا,مَىْ بِطَرْأَوْرٜيٰ أَعِدَّا  شِيدَمَيْتࣸوذَرْتَ شَيْدَا,0.06779661016949153,0.4
Infiraji_12.pdf_page_14_line_007,دَࢽْدَلِࢽْسࣸ ࢽَثِࢽْ أَبِࢽْثِ    بَاَبࣸ کࣸواْوَسَىْ کࣸمࣸرْثِ,دَࢽْدَلِࢽْسࣸ ࢽَثِࢽْ أَبِࢽْثِ  بَابࣸ کࣸواْوَسَيْ کࣸمࣸرْثِ,0.06779661016949153,0.3333333333333333
Infiraji_8.pdf_page_26_line_008,وَسࣸ اَلْعࣸمَّرْکَ سࣸوࢽٜىٰ    ثَࢽْ جَهَࢽَّمَ دࣸکْ تَڧࣸوࢽٜىٰ,وَسࣸ اَلْعࣸمَّرْکَ سࣸوࢽٜيٰ  ثَࢽْ جَهَࢽَّمَ دࣸکْ تَڧࣸوࢽٜيٰ,0.06779661016949153,0.2857142857142857
A_Poem_on_Friends_and_Relations_Waƙar_Ƴan_Uwa.pdf_page_5_line_006,بَرِسࣸࢽْ  أَبࣸࢽْرِيَا إࢽْ طَࢽَاسࣸࢽْ ڧَارࣸوَا,بَرِسࣸࢽْ أَبࣸࢽْرِيَاإࢽْ طَࢽَاسࣸيْ ڧَارࣸوَا,0.06818181818181818,0.6
A_Poem_on_the_British_Waƙar_Nasara.pdf_page_1_line_005,کدوبا دغ ࢽصي حرغشرها    بيوࢽ کاڢري بلي ࢽصارا,کدوبادغ ࢽصي حرغشرما   بيوࢽ کاڢري بلي ࢽصارا,0.06818181818181818,0.375
A_Poem_on_the_British_Waƙar_Nasara.pdf_page_3_line_003,اذࢽ اداابرامرٜي دادا    اميلورامبرايکࢽ ࢽصارا,إذࢽ اداابرامري دادا   اميلورامبرايکࢽ ࢽصارا,0.06818181818181818,0.4
MAF_286.pdf_page_3_line_011,ڧࣸطَبَࢽْ تَعَلَىٰ مَاغࣸدَاحࣸطࣸ سࣸࢽْ تَهࣸوا ؞ سࣸتَيْ مَکَ اَلدِّيࢽِ غَبَࢽْ دٜࢽ مࣸحَمَّدَا,ڧࣸطَࢽَࢽْ تَعَلَٰ مَاغࣸدَاحࣸطࣸ سࣸࢽْ تَهࣸوا ؞ سࣸتَيْ مَکَ اَلدِّيࢽ غَبَرْدٜࢽْ مࣸحَمَّدَا,0.06818181818181818,0.4166666666666667
ELIT_WAN_00130_010v_line_011,ڢصل ڢيمازلت ڢيه للبتدع الفدم بخالڢته من تفدم,ڢصل ڢيلزلت ڢيه للبتدع الفدم بخالڢته من تعدم,0.06818181818181818,0.25
MAF_286.pdf_page_1_line_008,دَحَسکٜيٰ ࢽَأَࢽَّبِ يَاحَلِثِي بَلَارَبٜيٰ؞ مَهْدِي شَرِيڢِ اَللَّهِ جِيَکَيْ مࣸحَمَّدَا,دَحَسْکٜيٰ ࢽَأَࢽَّبِ يَاحَلِثِّي بَلارَبٜيٰ ؞ مَهْدِي شَرِيڢِ اَللَّهِ ڢِيَکَࢽْ مࣸحَمَّدَا,0.06818181818181818,0.5555555555555556
MAF_286.pdf_page_14_line_009,أِذَࢽْ کَايِ بَرْࢽَاأيْڢَ لَادَࢽْکَ يَاهَلَکْ ؞  تࣸومَيْ غِدَاڢَ کࣸووࣸشِرِکࣸبِ أَحْمَدَا,إِذَࢽْکَايِ بَرْࢽَاأَيْڢَ لَادَࢽْکِ يَاهَلَکْ ؞  تَومَيْ غِدَاڢَْ کࣸووࣸشِرِکࣸبِ أَحْمَدَا,0.06818181818181818,0.6
Infiraji_9.pdf_page_14_line_007,ڢَصْلࣸࣸ ڢِي ڧَولِ مَالَمْ بَاوَابَزَࢽَڢَرٜيٰ,ڢَصْلࣸ ڢِي ڧَوْلِ مَالَمْ بَاوَابَزَࢽْڢَرٜيٰ,0.06818181818181818,0.6
A_Person_with_a_Livelihood_Will_Never_Be_Destitute_Mai_Sanaa_Ba_Ya_Tsiya.pdf_page_7_line_006,إِࢽْ کَاجٜي کَثٜيٰ يَطَوْکࣸو يَبَاکَ  ثٜيٰوَاذَيِّي يَابَثٜيٰ بَابࣸ عَاعَ,إِࢽْ کَاجِي کَثٜي يَطَوْکࣸويَبَاکَ ثٜيٰوَاذَيِّي يَابَثٜي بَابࣸ عَاعَ,0.0684931506849315,0.5555555555555556
Infiraji_9.pdf_page_1_line_003,وَثٜيٰ مَالميْ سࣸکَاتَارَاتَا,وَثٜيٰ مَالَمَيْ سࣸکَاتَارَاتَا,0.06896551724137931,0.3333333333333333
ELIT_WAN_00130_018v_line_009,اࢽ لم تزدبعد بى ض ڢضل ناڢلة ؞ ڢاکڢڢ عࢽ الشى لاتجنح الى زلل,اࢽ لم تزدبعدڢى ض ڢضلناڢلة ؞ ڢاکڢڢ عࢽ الشى لاتحنح الى زلل,0.06896551724137931,0.35714285714285715
Knowledge_to_Follow_God_Gandal_Fii_Rewugol_Alla.pdf_page_11_line_004,وَنَاعٜصِڢَاجِ مَکّࣽ وَلاَنَذِ ۑرَلَهࣸ رٜنْتِطّࣸ عَلَنَامࣽ,وَنَاعٜصِڢَاجِ مَکّࣽ وَلاَنَذِيرَلَهࣸ رِنْتِطّࣸ عَلَنَامࣸ,0.06896551724137931,0.6666666666666666
Infiraji_12.pdf_page_6_line_003,وَࢽْدَيَىْ رَࢽْثٜىٰ غَرٜىٰکَ   رَࢽْ بِيَاحَکَ ذَىْ بِيَاکَ,وَࢽْدَيَيْ رَࢽْثٜيٰ غَرٜيٰکَ  رَࢽْ بِيَاحَکَ ذَىْ بِيَاکَ,0.06896551724137931,0.42857142857142855
Infiraji_8.pdf_page_21_line_009,بَاذَيْمَسࣸ مَاغَࢽِࢽْ ڧِشِبَا,بَاذَيْ مَسࣸ مَاغَࢽِࢽْ ڧِشِيبَا,0.06896551724137931,1.0
Infiraji_4.pdf_page_33_line_004,بَسࣸ سَاحࣸسْکَا أَلَاخِرَابَا,بَسࣸ سَاحࣸسْکَااَلَاخِرَابَا,0.06896551724137931,0.6666666666666666
Warning_Gargaɗi_Infiraji_2.pdf_page_5_line_002,وَيْ أَثِيٰ مَکَ مَيْ سࣸکࣸوࢽِي   زࣸوثِيَاکࣸوْاْبَايَڧِکيࢽِ,وَيْ أَثٜىٰ مَکَ مَيْ سࣸکࣸوࢽِي  زࣸوثِيَاکࣸوْاْبَايَڧِيࢽِ,0.06896551724137931,0.3333333333333333
ELIT_WAN_00130_007v_line_007,جاءت بشورى ونا الاخلاص ثابتت ؞ تکڢى ذو>العفل والتصديڡ لرسل,جاءت بشورى ونا الاخلام ثابتت ؞ تکڢى ذو>العفل والتصديڡ للهءسل,0.06896551724137931,0.16666666666666666
Infiraji_4.pdf_page_40_line_013,سِرِِّوَاࢽِي بَادَشَاوَرَابَا,سِرِّوَࢽِي بَادَشَاوَرَابَا,0.06896551724137931,0.5
Infiraji_12.pdf_page_10_line_003,إࢽْ طَابَىْ سَامِ لَاڢِيَابَا,إِࢽْ طَابَيْ سَامِ لَاڢِيَابَا,0.06896551724137931,0.5
Infiraji_11.pdf_page_10_line_010,غَامࣸ غࣸࢽْ جِيکَࢽْکَ شَيْخࣸ    دࣸوٜࢽْ إسَرْکَاکَࢽْکَ ࢽࣸوحࣸ,غَامࣸ غࣸࢽْ جِيکَࢽْکَ شَيْخࣸ  دࣸوࢽْ إسَرْکَاکَࢽْکَ ࢽࣸودࣸ,0.06896551724137931,0.2857142857142857
Infiraji_8.pdf_page_4_line_004,وَࢽْدَسࣸࢽْکَ ڧَرَࢽْتَ ࢽَاسࣸ    بَيْ ࢽَوَابَ أَکَࢽْ حَلِࢽسࣸ,وَࢽْدَسࣸࢽْکَ ڧَرَࢽْتَ ࢽَاسࣸ  بَىْ ࢽَوَابَ أَکَࢽْ حَلِࢽْسࣸ,0.06896551724137931,0.2857142857142857
Infiraji_6.pdf_page_21_line_001,جِبْرَءِيلࣸ دَجِي يَتَاشِ    ࢽَࢽْ دَࢽَࢽْ يَوࣸثٜىٰ غَٜرىٰشِ,جِبْرَءِيلࣸ دَجِي يَتَاشِ  ࢽَࢽْ دَࢽَࢽْ يَوࣸثٜىٰ غَرٜىٰشِ,0.06896551724137931,0.14285714285714285
Infiraji_3.pdf_page_17_line_001,وَدْدَتَازَمَ دَࢽْ بِيَيَّا    غࣸࢽْ مِجِ بَتَ تَادَمࣸرْيَا,وَدْدَتَازَمَ دَࢽْ بِيََّا  غَࢽْ مِجِ بَتَ تَادَمࣸرْيَا,0.06896551724137931,0.2857142857142857
Infiraji_12.pdf_page_14_line_006,بَکَاسَامِ يَسࣸ أَهَلَّکَابَا,بَکَ سَامِ يَسࣸ أَمَلَّکَابَا,0.06896551724137931,1.0
Infiraji_9.pdf_page_2_line_003,وَثٜيٰ مَالميْ سࣸکَاتَارَاتَا,وَثٜيٰ مَالَمَيْ سࣸکَاتَارَاتَا,0.06896551724137931,0.3333333333333333
MAF_286.pdf_page_17_line_004,کࣸووَايَکٜيٰ رࣸوڧࣸودَابَابࣸ دَلِيلِ ڢَا ؞   وࣸتَاذَاتَ ثٜيسࣸ أَغࣸوبٜي إِࢽْجِ مࣸحَمَّدَا,کࣸووَايَکٜيٰ رࣸوڧࣸودَبَابࣸ دَلِيلِعَا؞  وࣸتَاذَاتَ ثٜيسࣸ أَغࣸوبٜي إِࢽجِ مࣸحَمَّدَا,0.06896551724137931,0.5
Infiraji_4.pdf_page_44_line_002,جِبْرَىِيلࣸ دَجِى يَتَاشِ    ࢽَࢽْ دَࢽَࢽْ يَوࣸثٜىٰ غَرٜىٰشِ,جِبْرَءِيلࣸ دَجِي يَتَاشِ  ࢽَࢽْ دَࢽَࢽْ يَوࣸثٜىٰ غَرٜىٰشِ,0.06896551724137931,0.2857142857142857
Infiraji_12.pdf_page_17_line_005,دࣸکْ غࣸمَاکَࢽْ مَالَمَيْࢽٜىٰ    مَالَمَࢽْکࣸ ࢽَذَامَࢽِيࢽٜىٰ,دࣸکْ غࣸمَاکَࢽْ مَالَمَيْࢽٜيٰ  مَالَمَࢽْکࣸ ࢽَذَامَࢽِيࢽٜيٰ,0.06896551724137931,0.4
Infiraji_12.pdf_page_8_line_006,تَغَࢽِي کࣸوْابَادَلَاڢِيَابَا,تَغَࢽِي کࣸواْبَادَلَاڢِيَابَا,0.06896551724137931,0.5
Warning_Gargaɗi_Infiraji_2.pdf_page_12_line_004,سَࢽْ وࣸثٜىٰ سَىْ أمْبَتࣸࢽْسࣸ    سَىْ تࣸࢽَاࢽِࢽْ أرْزِکِࢽْسࣸ,سَࢽْ وࣸثٜىٰ سَىْ أَمْبَتࣸࢽْسࣸ  سَىْ تࣸࢽَاࢽِࢽْ أَرْزِکِࢽْسࣸ,0.06896551724137931,0.2857142857142857
Nana_Asmāʾu_The_Authentic_Path_Nana_Asmāʾu_Godaben_Gaskiya.pdf_page_4_line_006,کَتَمْثِرْيِࢽِࢽَّرْشٜيٰکَراڢَدࣸبࣸوبِيَتْ    ڟَوࣸوࢽَيْ مࣸڟَرْثِ اࣸبَࢽْغِجِ مࣸبِ أحْمَدَا,کࣸتَمْثِرْيِࢽِࢽَّرْشٜيٰکَراڢَدࣸبࣸوبِيَث   ڟَوࣸوࢽَيْ مࣸطَرْثِ اࣸبَࢽْغِجِ مࣸبِ أَحْمَدَا,0.06896551724137931,0.5
Infiraji_8.pdf_page_29_line_007,سَيْ سࣸمِيڧَ مَتَتَّرَرْسࣸ   سَيْ أَࢽٜيٰمِ أࣸبَࢽْ غِدَࢽْسࣸ,سَىْ سࣸمِيڧَ مَتَتَّرَرْسࣸ سَيْ أَࢽٜىٰمِ أࣸبَࢽْ غِدَࢽْسࣸ,0.06896551724137931,0.2857142857142857
Infiraji_4.pdf_page_27_line_001,غَاشِ يَࢽْذࣸإِࢽَادَکَايَا   تࣸواْرَغٜيٰمَࢽْ کࣸواْ ࢽَبَايَا,غَاشِ بَࢽْذࣸإࢽَادَکَايَا  تࣸواْرَغٜيٰمَࢽْ کࣸواْࢽَبَايَا,0.06896551724137931,0.6
Infiraji_12.pdf_page_9_line_001,طَايَڢَاطِ أَذࣸواْأطَوْکَا    سَىْ أࣸوَاتَبِ أيْتَ بَرْکَا,طَايَڢَاطِ أَذࣸواْأَطَوْکَا   سَيْ أࣸوَاتَبِ أَيْتَ بَرْکَا,0.06896551724137931,0.5
Nana_Asmāʾu_The_Authentic_Path_Nana_Asmāʾu_Godaben_Gaskiya.pdf_page_8_line_009,غِدَجٜيٰࢽْمࣸ زِيࢽَرّࣸوتࣸڢَاڢِي ࢽَاَلْحَرِࢽْ  مࣸشَاسَلْسَبِيلࣸ دَزَࢽْجَبِيلࣸ غَاَحْمَدَا,غِدَاجٜيࢽْمࣸ زِيࢽَرّࣸوتࣸڢَاڢِ ࢽَالْحَرِࢽْ  مࣸشَاسَلْسَبِيلࣸ دَزَࢽْجَبِيلࣸ غَاحْمدَا,0.06896551724137931,0.6666666666666666
Infiraji_4.pdf_page_21_line_011,ࢽَيْ حࣸکࣸمْثِي ࢽَيْ أَدَالَهْ  جٜيٰکَ دࣸوبࣸواْمَاسࣸ صَلَّا,ࢽَيْ حࣸکࣸمْثِي ࢽَيْ أَدَالَهْ جٜىٰکَ دࣸوبࣸوْاْ مَاسࣸ صَلَّا,0.06896551724137931,0.42857142857142855
Infiraji_11.pdf_page_10_line_009,کࣸوْمَىْ کَڢَطَابَعَامࣸسَابَا,کࣸومَيْ کَڢَطَابَعَامࣸسَابَا,0.06896551724137931,0.5
Infiraji_12.pdf_page_19_line_006,بَىْ ࢽٜسَ دَثِࢽْ کَرَاهِيابَا,بَيْ ࢽٜسَ دَثِࢽْ کَرَاهِيَابَا,0.06896551724137931,0.5
Infiraji_4.pdf_page_32_line_014,بَࢽْدَڧَرْشٜيٰ يَاکࣸسَࢽْتَا    کَاغَ مَࢽْيَاسࣸࢽْ مࣸغࣸࢽْتَا,بَࢽْدَڧَرْشٜيٰبَاکࣸسَࢽْتَا  کَاغَ مَࢽْيَاسࣸࢽْ مࣸغࣸࢽْتَا,0.06896551724137931,0.4
Infiraji_3.pdf_page_7_line_006,بَازَيْ رَسَ يِࢽْ مࣸاڢَڧَابَا,بَازَيْ رَسَ يِࢽْ مࣸوَاڢَڧَابَا,0.06896551724137931,0.25
Infiraji_12.pdf_page_3_line_012,بَاذَيْ رِيْغَرْشِغَاسَعَابَا,بَاذَىْ رِيْغِرْشِغَاسَعَابَا,0.06896551724137931,1.0
Infiraji_4.pdf_page_37_line_015,ڢَرْغَبَࢽْسَ ࢽَشٜىٰکَرࣸوࢽَا     حَرْدࣸبࣸوخَمْسِࢽْ ڢَطَاࢽَا,ڢَرْغَبَࢽْسَ ࢽَشٜيٰکَرࣸوࢽَا  حَرْدࣸبࣸوخَمْسِࢽْ ڢَطَاࢽَا,0.06896551724137931,0.25
Infiraji_4.pdf_page_24_line_007,ࢽِي أَبِࢽْ يَابَاࢽِ تَوْسَيْ   ࢽَاغَ کࣸواْوَاࢽَاتَ کيْࢽَيْ,ࢽِ أَبِࢽْ يَابَاࢽِ تَوْسَيْ  ࢽَاغَ کࣸواْوَاࢽَاتَ کَيْࢽَىْ,0.06896551724137931,0.2857142857142857
Warning_Gargaɗi_Infiraji_2.pdf_page_9_line_011,إِࢽْدَدࣸکْ تَبِ سَيْ أَدࣸواکَا   إِࢽْدَيْ مࣸتࣸوَاتَسَوْکَا,إِࢽْدَدࣸکْ تَبِ سَيْ أَدࣸواْکَا  إِࢽْدَدَيْ مࣸتࣸوَاتَسَوْکَا,0.06896551724137931,0.3333333333333333
Infiraji_8.pdf_page_3_line_012,سَيْ أَڢَارَاأَوࣸࢽْ أَيࣸکَّا    غَامَأَوْࢽِي دࣸک أَغِرْکَا,سَيْ أَڢَارَأَوࣸࢽْ أَيࣸکَّا  غَامَأَوْࢽِي دࣸکْ أَغِرْکَا,0.06896551724137931,0.3333333333333333
ELIT_WAN_00130_007r_line_005,بل انهاکاࢽ مولا نابعن ته ؞ على الذ> کاࢽ فبل الخلڡ ڢى الازل,بل اناکاࢽ مولانا بعر ته ؞ على الذ> کاࢽ فبل الخلڡ ڢى الازل,0.06896551724137931,0.21428571428571427
Infiraji_12.pdf_page_10_line_005,وَىْ کَشَاسࣸ کَڧَارَڧࣸارِي    سࣸࢽْتَ کَىْ غِرْمَادَسَوْرِي,وَيْ کَشَاسࣸ کَڧَارَڧَارِي  سࣸࢽْتَ کَىْ غِرْمَادَسَوْرِي,0.06896551724137931,0.3333333333333333
Infiraji_4.pdf_page_11_line_013,کَدَدَيْ يَثِ بَايَوْدَرَابَا,کَدَدَيْ يَثِ بَادَيَوْدَرَابَا,0.06896551724137931,0.3333333333333333
Infiraji_5.pdf_page_12_line_007,کَاغَ وَاڟَڟّࣸو أَمَاتَا   وَࢽْدَسࣸࢽْ ذَمࣸوْاْبَاسࣸ غَاتَا,کَاغَ وَاڟَڟࣸوأَمَاتَا  وَࢽْدَسࣸࢽْ ذَمࣸوْابَاسࣸ غَاتَا,0.06896551724137931,0.5
Knowledge_to_Follow_God_Gandal_Fii_Rewugol_Alla.pdf_page_3_line_016,نٜوِيفࣽلْ وَمَسْحࣸ ࡼلذِّرَاعَيْࢽِ عِمَسْکࣸدٜجِرَعࣸوجِ طِࢽْ,نِوِ يفࣽلْ وَمَسْحࣸ ࡼلذِّرَاعَيْࢽِ عٜمَسْکࣸدٜجِرَعࣽوجِ طِࢽْ,0.06896551724137931,0.6
Infiraji_4.pdf_page_21_line_005,أَࢽَ أَذَاتَ أَکَࢽْ وࣸتَاثٜيٰ   وَدَّبَاع عَجٜيٰ ݒَتَثّٜيٰ,أَࢽْ أَذَاتَ أَکَࢽْ وࣸتَاثٜيٰ  وَدَّبَاعَ عَجٜيٰ يَتَثّٜيٰ,0.06896551724137931,0.42857142857142855
Infiraji_12.pdf_page_20_line_006,بَاࢳَرْسَيْوَادَسَسَّڧٜىٰ بَا,بَاࢳَرْسَيْوَادَسَسّڧٜى بَا,0.06896551724137931,0.5
Infiraji_8.pdf_page_20_line_007,أࢽْ ڢَطَامَکَ ࢽِٜي غَرٜيٰکَ  بَاࢽِ ڧَوْࢽَرْ کࣸواْ وَࢽِࢽْکَ,أَࢽْ ڢَطَامَکَ ࢽِي غَرٜيٰکَ  بَاࢽِ ڧَوْࢽَرْکࣸواْوَࢽِࢽْکَ,0.06896551724137931,0.625
Infiraji_12.pdf_page_5_line_014,هَلَکَاࢽَسَ بَاأبِࢽْ مࣸسࣸوبَا,هَلَّکَاࢽَسَ بَاأَبِࢽْ مࣸسࣸوبَا,0.06896551724137931,0.6666666666666666
Infiraji_4.pdf_page_9_line_008,وَࢽْسࣸ کࣸواْ سَبَبِي دَشِرْکَا   يَاحَࢽَاسࣸوثٜيٰ دَسࣸوکَرْ,وَࢽْسࣸ کࣸواْسَبَبِي دَشِرْکَا  يَاحَࢽَاسࣸوࣸثٜيٰ دَسࣸوکَࢽْ,0.06896551724137931,0.6666666666666666
Infiraji_12.pdf_page_3_line_007,شِي مࣸتࣸمْ مَيْ جَامَ کَࢽْسَ  لاَڢِيَرْ ۼَيَارَࢽْ غِدَࢽْسَ,شِي مࣸتࣸمْ مَيْ جَامَ کَࢽْسَ  لَاڢِيَرْغَيَارَࢽْ غِدَࢽْسَ,0.06896551724137931,0.25
Infiraji_3.pdf_page_18_line_001,تࣸࢽْدَدَيْ تَزَمࣸوادَهِمَّࢽْ   بَوْتَ اَللَّهْ بَاظَلَامَا,تࣸࢽْدَدَيْ تَزَمࣸواْدَهِمَّࢽْ  بَوْتَ اَللهْ بَاظَلَامَا,0.06896551724137931,0.4
Infiraji_5.pdf_page_17_line_015,بَاذَىْ کَتَرٜي دَغَاڢَرَابَا,بَاذَيْ کَتَرِي دَغَاڢَرَابَا,0.06896551724137931,0.6666666666666666
Infiraji_9.pdf_page_11_line_008,إِࢽْأَࢽْ رّࣸڢٜيٰ ڧࣸوڢࣸوڢِي ࢽَاجِيَا   خَيْرََادشَرََا دࣸودَيْدَيْ سࣸکٜيٰ,إِࢽْ أَࢽْ رّࣸڢٜيٰ ڧࣸوڢࣸوڢِي ࢽَاجِيَا   خَيْرَادَشَرَادࣸودَيْدَيْ سࣸکٜيٰ,0.06944444444444445,0.5714285714285714
Infiraji_5.pdf_page_15_line_008,وَثّٜيٰ کٜيٰ حَکَ غوْاْبٜيٰ دࣸلٜيٰ    لَاخِرَاتَيْ غࣸوْاْلٜيٰ غࣸوْاْلٜيٰ,وَثّٜيٰ کٜيٰ حَکَ غࣸوْاْبٜيٰ دࣸولٜيٰ  لَاخِرَاتَيْ غࣸواْلٜيٰ غࣸوْاْلٜيٰ,0.06944444444444445,0.375
A_Person_with_a_Livelihood_Will_Never_Be_Destitute_Mai_Sanaa_Ba_Ya_Tsiya.pdf_page_6_line_001,کࣸوعَوْرٜىٰ مࣸتِࢽْ يَࢽٰٜمَاغَرِࢽَّࢽْ    بَاعَابَاشِ سَيَّࢽَايِࢽْ صَࢽَاعَ,کࣸوعَوْرٜيٰ مࣸتِࢽْ يَࢽٜيٰمَاغَرِࢽَّࢽْ   بَاعَابَاشِ سَّيَࢽَايِࢽْ صَࢽَاعَ,0.06944444444444445,0.5
The_Human_Being_Is_an_Incurable_Disease_Mutum_Cuta_Ne_Marar_Magani.pdf_page_7_line_012,کࣸمَ کَرْمࣸيَرْدْامࣸذَࢽْ بَجِࢽْتَا دَࢽْ يَبࣸو   مࣸدَيْ مࣸيࣸودَيْ تَيْمَکࣸو غَمࣸتَاࢽٜيٰ,کࣸمَ کَرْمࣸيَرْدَامࣸذَࢽْ بَجِࢽْتَادَࢽْ يَيࣸو  مࣸودَيْ مࣸيࣸودَيْ تَيْمَکࣸوغَمࣸتَاࢽٜيٰ,0.06976744186046512,0.7777777777777778
MAF_286.pdf_page_10_line_017,کࣸسَࢽْ عِࢽْدَاَکَسَࢽْ أَࢽَّبِمّࣸ مࣸحَمَّدࣸ ؞   شِيمَاڢَ أَࢽْ سَࢽْشِ جِيکَࢽْ مࣸحَمَّدَا,کࣸسَࢽْ أَلْدَاأکَسَࢽْ أَࢽَّبِمّࣸ مࣸحَمَّدࣸ ؞  شِيمَاڢَ أَࢽْ سَࢽْشِ جِيَکَࢽْ مࣸحَمَّدَا,0.06976744186046512,0.2
Infiraji_9.pdf_page_3_line_001,بِسْمِ اِللَّهِ اِلرَّحْمٰࢽِ اِلرَّحِيمِ   صَلَّى اَللَّهࣸ عَلَى اِلࢽَّبِي اِلْکَرِيمِ,بِسْمِ اِللَّهِ اِلرَّحْمَٰࢽِ اِلرَّحِيمِ  صَلَّى اَللَّهࣸ عَلَى الࢽَّبِيِّ الْکَرِيمِ,0.06976744186046512,0.3333333333333333
A_Poem_on_Friends_and_Relations_Waƙar_Ƴan_Uwa.pdf_page_4_line_002,يَا طَࢽْ عࣸوَاࢽَا إࢽْدَ حَالِࢽْ تَيْمَکࣸواْ  دَکࣸطِي دَڧَرْڧِي دࣸوکَتَيمَکِ طَࢽْ عࣸوَا,بَاطَࢽْ عࣸوَاࢽَا إࢽْدَحَالِࢽْ تَيْمَکࣸو   دَکࣸطِي دَڧَرْڧِي دࣸوکَتَيْمَکِ طَࢽْ عࣸوَا,0.06976744186046512,0.5454545454545454
The_Human_Being_Is_an_Incurable_Disease_Mutum_Cuta_Ne_Marar_Magani.pdf_page_5_line_010,جَمَعَ بَتࣸࢽَّࢽْ وَاللَّهْ بَاءَ مࣸسࣸوࢽَسَ    سَيْدَيْ رَغٜيٰوَاکَࢽْ حَلِࢽْسࣸ مࣸتاࢽٜيٰ,جَمَعَ بَتّࢽَّࢽْ وَاللَّهْ بَاءَمࣸسࣸوࢽَسَ سَيْدَيْ رَغٜيٰوَاکَࢽْ حَلِࢽْسࣸ مࣸتَاࢽٜيٰ,0.06976744186046512,0.4444444444444444
MAF_286.pdf_page_7_line_004,دَجِبْرِيلࣸ يَاکࣸومࣸوسَرِيحَ هَاثٜغَ ؞ دَغَ إِيکࣸࢽْ تَعَلَىٰ جَلَّ سَرْکِࢽْ مࣸحَمَّدَا,دَجِبْرِيلࣸ بَاکࣸومࣸوسَرِيحَ مَاثٜغَ ؞  دَغَ إِيکࣸࢽْ تَعَلَيٰ جَلَّ سَرْکِي مࣸحَمَّدَا,0.06976744186046512,0.4
MAF_286.pdf_page_1_line_003,بِسْمِ اِللَّهِ ࢽَاڢَارَاسࣸوࢽَࢽْ عࣸبَࢽْغِجِ؞ شِيࢽٜيٰ دَإِيکࣸو جَلَّ سَرْکِي مࣸحَمَّدَا,بِسْمِ اِللَهِ ࢽَاڢَارَادَسࣸوࢽَࢽْ عࣸبَࢽْغِجِ ؞ شِيࢽٜي دَإِيکࣸوجَلَّ سَرْکِي مࣸحَمَّدَا,0.06976744186046512,0.6666666666666666
Infiraji_6.pdf_page_21_line_014,سࣸࢽْ وَهَلْتَ غَوَࢽْغَ حَالِ   أْيى حِسَابِي ࢽَىْ سࣸءَالِ,سࣸࢽْ وَهَلْتَ غَوَࢽْغَ حَالِ  أَيِي حِسَابِي ࢽَىْ سࣸءَالِ,0.07017543859649122,0.125
Infiraji_11.pdf_page_10_line_007,غَاࢽࣸوَرْکَ دَبَاتَرِبْطَا    غࣸࢽْ مࣸحَمَّدࣸࢽَࢽْ ࢽَرَاݒَا,غَاࢽࣸوَرْکَ دَبَاتَرِيْطَا  غࣸࢽْ مࣸحَمَّدࣸࢽَࢽْ ࢽَرَابَا,0.07017543859649122,0.4
Infiraji_12.pdf_page_5_line_004,مَاسࣸ جَوْرَدَمَاسࣸ کࣸوْالِ    ࢳࢽْ رِࢽِي کَغَمٜىٰ مِسَالِ,مَاسࣸ جَوْرَدَمَاسࣸ کࣸوالِ  ࢳَࢽْ رِࢽِي کَغَمٜىٰ مِسَالِ,0.07017543859649122,0.2857142857142857
Infiraji_6.pdf_page_19_line_013,ذَيْکِرَاسࣸ أَمَاسࣸ غَابَا     ࢽَٜىٰ دَالله مَاسࣸ ذَمْبَا,ذَيْکِرَاسࣸ أَمَاسࣸ غَابَا   ࢽٜىٰ دَاَلله مَاسࣸ ذَمْبَا,0.07017543859649122,0.2857142857142857
Infiraji_11.pdf_page_12_line_007,سَيْدَيَىْ سࣸجَدَادَغࣸوشِي    ثَࢽْ غَوَࢽْدَيَطَوْکَکٜىٰشِ,سَيْدَيَىْ سࣸجَدَادَغࣸواشِي  ثَࢽْ غَوَࢽْدَيَطَوْکَطٜىٰشِ,0.07017543859649122,0.5
Infiraji_4.pdf_page_36_line_006,وَࢽْسࣸ غَاکَايَاسࣸطَوْکَىْ   وَࢽْسࣸ کَوْاتَمکَرْمࣸسَاکَىْ,وَࢽْسࣸ غَاکَايَاسࣸطَوْکَيْ  وَࢽْسࣸ کࣸوْاتَمْکَرْمࣸسَاکَىْ,0.07017543859649122,0.5
Infiraji_12.pdf_page_2_line_012,تَمْبَيَاإتَثٜىٰ ڢِتِلَّا   مَىْ ڢِتَرْ دَمࣸتࣸمْ جَهَالَا,تَمْبَيَاإِتَثٜيٰ ڢِتِلَّا  مَىْ ڢِتَرْدَمࣸتࣸمْ جَهَالَا,0.07017543859649122,0.5
Warning_Gargaɗi_Infiraji_2.pdf_page_12_line_001,عࣸمَرࣸࢽْ دَلَّاجࣸ کࣸوْارَو    يَامَثٜىٰ أَکࣸمَاسِ سَلَّوْ,عࣸمَرِࢽْ دَلَّاجࣸ کࣸوْاْرَو  يَامَثٜىٰ أَکࣸمَاسِ سَلَّوْ,0.07017543859649122,0.3333333333333333
Infiraji_11.pdf_page_13_line_010,بَاشِ ذࣸوبٜىٰ إࢽْ يَبَاکَ   بَاشِ جِࢽْ ڧَيَاشِࢽْ أَبِࢽْکَ,بَاشِ ذࣸوبٜىٰ إِࢽْ يَبَاکَ بَاشِ بِࢽْ ڧَيَاشِࢽْ أَبِࢽْکَ,0.07017543859649122,0.25
Infiraji_6.pdf_page_17_line_011,سَادَمَيْ لࣸغࣸدٜيٰ دَغࣸوطَا    حَرْمَذَاجٜيٰ مَاسࣸ بࣸوطَا,سَادَمَيْ لࣸڧࣸدٜيٰ دَغࣸوطَا  حَرْمَذَاجٜىٰ مَاسࣸ بࣸوطَا,0.07017543859649122,0.3333333333333333
Infiraji_8.pdf_page_19_line_014,مَيْ کِرَࢽْسࣸ يَثٜيٰ سَمَارِ  شِࢽْڢَࢽٜيٰ شَيْطَࢽْ رَجِيمِ,مَيْ کِرَࢽْسࣸ يَثٜيٰ سَمَارِ شِيْڢَࢽٜيٰ شَطَࢽْ رَجِيمِ,0.07017543859649122,0.2857142857142857
Infiraji_8.pdf_page_30_line_001,مَالِکي رَࢽَّࢽْ يَکَࢽْثٜيٰ   تَرْسَشِࢽْ ڟࣸورࣸو يَکࣸࢽْثٜيٰ,مَالِکِي رَࢽَّࢽْ يَکَࢽْثٜيٰ تَرْسَشِࢽْ ڟࣸورࣸوْ يَکࣸࢽْثٜيٰ,0.07017543859649122,0.3333333333333333
Infiraji_4.pdf_page_25_line_001,سَيْ أَثٜيٰ جِبْرِيلࣸ جٜيٰکَ   غࣸࢽْ مَڢِيڢِيثِࢽْ مَأَيْکَ,سَىْ أَثٜىٰ جِبْرِيلࣸ جٜىٰکَ  غࣸࢽْ مَڢِيڢِيثِࢽْ مَأَيْکَ,0.07017543859649122,0.42857142857142855
Infiraji_3.pdf_page_8_line_007,مَرْغَرَاکٜيٰࢽَࢽْ غَبَاوَا  رَيْ کَبَࢽْ کࣸوْاࢽْادَعࣸضْوَا,غَرْغَرَاکٜيٰࢽَࢽْ غَبَاوَا رَيْ کَبَࢽْ کࣸوْاࢽَادَعࣸصْوَا,0.07017543859649122,0.4
Infiraji_7.pdf_page_7_line_010,جَاهِلَيْ کࣸوْࢽَيْوَذَࢽْثٜيٰ دࣸوࢽِ حَدِيثِࢽْ ࢽَارࣸيࣸوثٜيٰ,جَاهِلَيْ کࣸوْࢽَيْوَذَࢽْثٜيٰ  دࣸوࢽْ حَدِيثِࢽْ ࢽَاوࣸبࣸوثٜيٰ,0.07017543859649122,0.4
Infiraji_4.pdf_page_16_line_008,سَيْ سࣸمَيْدَکِرْࢽْ تَعَالَى   جَلَّ يَااَللَّهࣸ اَللَّهْ,سَىْ سࣸمَيْدَکِرَࢽْ تَعَالَى جَلَّ يَااَللَّهࣸ اَللَّهْ,0.07017543859649122,0.3333333333333333
Infiraji_6.pdf_page_11_line_008,وَࢽْدَيَيْمَا کَࢽْسَ عِلَّه   بَي ڟَرٜيٰتَبَدࣸࢽْ جِهَالَه,وَࢽْدَيَيْمَاکَࢽْسَ عِلَّه  بَيْ ڟَرٜيٰتَبَدࣸࢽْ جِهَالَهْ,0.07017543859649122,0.6666666666666666
Infiraji_3.pdf_page_12_line_004,وَࢽغَ زَࢽْثٜيٰ ࢽَامࣸ ڧَرْڢٜيٰ    سَيْدَڧَارٜيٰوَاأشَاڢٜيٰ,وَࢽْغَ زَࢽْثٜيٰ ࢽَامࣸ ڧَرْڢٜيٰ  سَيْدَڧَارٜيٰوَاأَشَاڢٜيٰ,0.07017543859649122,0.4
The_Glorious_Majidu_Infiraji_1.pdf_page_10_line_005,طَيْبَ غࣸࢽْ کَاکَࢽْ حࣸسَيࢽِ  إِࢽْ يَبࣸواْ أَبِکِࢽ سࣸکࣸوىِ,طَيْبَ غࣸࢽْ کَاکَࢽْ مࣸسَيࢽِ  إِࢽْ يَبࣸواْ أَثِکِࢽْ سࣸکࣸوࢽِ,0.07017543859649122,0.375
Infiraji_11.pdf_page_13_line_014,بَاشِ ڧِࢽْ کَلَّوࢽْ هَلَثِّ   بَاشِ کٜوْادࣸوبِࢽْ حَرَمْثِ,بَاشِ ڧِࢽْ کَلَّوࢽْ حَلَثِّ  بَاشِ کࣸوادࣸوبِࢽْ حَرَمْثِ,0.07017543859649122,0.2857142857142857
Infiraji_8.pdf_page_27_line_004,جٜىٰ سࣸغَࢽْکَ سࣸسَࢽْ سࣸکࣸوࢽِي    مࣸصْطَڢَى أَࢽْبَاإِذْࢽِي,جٜيٰ سࣸغَࢽْکَ سࣸسَࢽْ سࣸکࣸوࢽِي  مࣸصْطَڢَي أَࢽْبَاإِذْࢽِي,0.07017543859649122,0.3333333333333333
Warning_Gargaɗi_Infiraji_2.pdf_page_5_line_007,سَيْ کَشَاکَثِ کَيْ ࢽِشَاطِي   کَاسࣸوَا تَاذࣸواْ دَبࣸوطِي,سَيْ کَشَاکَثِ کَيْ ࢽِشَاکِي  کَاسࣸوَاتَاذࣸواْدَبࣸوطِي,0.07017543859649122,0.5714285714285714
Infiraji_12.pdf_page_15_line_011,دࣸࢽْ شِمَىْ ڢِدَّاءࣸدࣸࢽْ سࣸ    کٜىٰ بِطَرْڢَضَلَاغَرٜىٰسࣸ,دࣸࢽْ شِمَيْ ڢِدَّاءࣸدࣸࢽْ سࣸ کٜىٰ بِطَرْڢَضَلَاغَرٜىٰسࣸ,0.07017543859649122,0.16666666666666666
Infiraji_4.pdf_page_44_line_003,غَاشِ کࣸوْاْأَࢽْ کٜىٰوَيٰشِ    سَيْدَجِࢽْ مَغَࢽَرْيَتَاشِ,غَاشِ کࣸوْاْأَࢽْ کٜىٰوَيٜيٰشِ  سَيْدَجِࢽْ مَغَࢽَرْيَتَاشِ,0.07017543859649122,0.2
Infiraji_3.pdf_page_7_line_014,أَمّغࣸرْجِي کࣸواْ يَکَࢽْيِي کࣸواْجِکِࢽْ بَࢽْغࣸواشِکَࢽْيِي,أَمَغࣸرْجِي کࣸواْيَکَࢽْيِي کࣸواْجِکِࢽْ بَࢽْڧࣸواْشِکَࢽْيِي,0.07017543859649122,0.8
Infiraji_11.pdf_page_8_line_004,سَࢽّࣸ مَىْ ڢࣸسکَادَهَيْبَا    أࢽْبَتࣸوࢽْکَ دَشِي ࢽَسَابَا,سَࢽّࣸ مَىْ ڢࣸسْکَادَهَيْبَا  أَࢽْبَتࣸوࢽْکَ دَشِي ࢽَسَابَا,0.07017543859649122,0.3333333333333333
Infiraji_8.pdf_page_6_line_010,ذَاکࣸثٜيٰ وَيْ غومَکِࢽٜيٰ   کࣸواْرِڧࣸࢽْ دࣸوبِࢽْ غِدَاࢽٜيٰ,ذَاکࣸثٜيٰ وَيْ غࣸوࢽَکِࢽٜيٰ کࣸواْرِڧࣸࢽْ دࣸوبِࢽْ غِدَاࢽٜيٰ,0.07017543859649122,0.16666666666666666
A_Person_with_a_Livelihood_Will_Never_Be_Destitute_Mai_Sanaa_Ba_Ya_Tsiya.pdf_page_2_line_013,سَࢽَّࢽ کࣸࢽْغَ دࣸومࣸتَاࢽٜى ࢽَکِرْکِ    بَاسࣸ عَمِࢽْثٜوَمَرَرْيِࢽ صَࢽَاعَ,سَࢽَّࢽْ کࣸࢽْغَ دࣸومࣸتَاࢽٜي ࢽَکِرْکِ  بَاسࣸ عَمِࢽْثٜوَمَرَرْيِࢽْ صَࢽَاعَ,0.07042253521126761,0.42857142857142855
Infiraji_9.pdf_page_20_line_005,مَڧِي ذࣸمࣸࢽْتَايَاجٜىٰ ذَايَشَا    أَࢽْ ثٜىٰ ڟَيَاࢽَࢽْ کَرْکَعِسࣸوࢽَࢽَا,مَڧِي ذࣸمࣸࢽْتَايَاجٜيٰ ذَايَشَا  أَࢽْ ثٜيٰ ڟَيَاࢽَࢽْ کَرْکَعسࣸوࢽَࢽَا,0.07042253521126761,0.42857142857142855
Infiraji_9.pdf_page_7_line_005,مَالَمْ يَثٜيٰ دَڧَرَمْثِࢽْ مَّالࣸمَا    زَامَࢽِࢽْ غࣸرْݒَاتَرْ دࣸوࢽِيَا,مَالَمْ يَثٜيٰ دَڧَرَمْثِࢽ مَّالࣸمَا  زَامَࢽِࢽْ غࣸرْبَاتَرْدࣸوࢽِيَا,0.07042253521126761,0.42857142857142855
Infiraji_10.pdf_page_4_line_006,کَࢽَاشَأَوَࢽَّا کَࢽَاکࣸمَ سࣸࢽْتَا   بَادَࢽْ اللَّهْ بَا کىٰ ڧٜيٰلٜيٰتَا,کَࢽَاشَأَوَتَا کَࢽَاکࣸمَ سࣸࢽْتَا   بَادَࢽْ اللَّهْ بَاکَيٰ ڧٜيٰلٜيٰتَا,0.07042253521126761,0.375
Infiraji_9.pdf_page_15_line_004,مَرَرَّبَابَݣيْ ثَاࢽَا غِدَاࢽَسَا  أَللَّهْ تَعَالىٰ يَيْمَسَا غَاڢَرَا,مَرَرَّبَابَکࣸيْ ثَاࢽَاغِدَاࢽَسَا  أَللَّهْ تَعَالَىٰ يَيْمَسَاغَاڢَرَا,0.07042253521126761,0.8571428571428571
The_Human_Being_Is_an_Incurable_Disease_Mutum_Cuta_Ne_Marar_Magani.pdf_page_6_line_004,إِࢽْکࣸو کَࢽَادَطَ ڧࣸوڧَرِي بِسَ کَࢽْ سَࢽِي  سࣸڟَࢽٰٜکَ وَيْکَيْ ذَاکَثِࢽْيٜيٰ مࣸتّاࢽٜي,إِࢽْکࣸوکَࢽَادَطَ ڧࣸوڧَرِي بِسَ کَࢽْ سَࢽِي  سࣸڟَࢽٜيٰکَ وَيْکَيْ ذَاکَثِࢽٜيٰ مࣸتَاࢽٜيٰ,0.07058823529411765,0.5
Nana_Asmāʾu_The_Authentic_Path_Nana_Asmāʾu_Godaben_Gaskiya.pdf_page_9_line_011,اَکَاوࣸوعَتِيڧࣸ غِدَࢽْ ࢽَصَرَادَطَوْکَکَا   غَرٜيٰمࣸ تَعَالَى وَࢽْدَ يَيِّ مࣸحَمَّدَا,أَکَاوࣸوعَتِيوࣸ غِدَࢽْ ࢽَمَرَادَطَوْکَکَا   غَرٜيٰمࣸ تَعَالَي وَࢽْدَيَجِّ مࣸحَمَّدَا,0.07058823529411765,0.625
A_Poem_on_Friends_and_Relations_Waƙar_Ƴan_Uwa.pdf_page_1_line_012,ࢽَا تَّبَّتَا مَيْأرْزِڧِي بَيْ حَسَدَا کࣸمَ بَيْکࣸلاَ دَتَجْتَ سࣸسِي غࣸࢽْ طَࢽْ عࣸوَا,ࢽَاتَبَّتا مَيْأَرْزِڧِي بَيْ حَسَدَا کࣸمَ بَيْکࣸلا دَتَجْتْ سࣸسِي غࣸࢽْ طَࢽْ عࣸوَا,0.07058823529411765,0.4166666666666667
Nana_Asmāʾu_The_Authentic_Path_Nana_Asmāʾu_Godaben_Gaskiya.pdf_page_4_line_014,کࣸسَࢽْ مَاسࣸ ثِࢽْرِبَ ثِلّࣸࢽَاسࣸࢽْڢِ تࣸولࣸࢽَاغَغِرْمَادَطَا أَࢽْبَيَّࢽَاسࣸ غَأحْمَدَا,کࣸسَࢽْ مَاسࣸ ثِࢽْ رِبَ ثِکّࣸࢽَاسࣸࢽْڢِ تࣸولࣸࢽَا  غَغِرْمَادَطَاأَࢽْبَيَّࢽَاسࣸ غَاحْمَدَا,0.07058823529411765,0.8571428571428571
Nana_Asmāʾu_The_Authentic_Path_Nana_Asmāʾu_Godaben_Gaskiya.pdf_page_6_line_003,شِثٜيٰمَسّ رَبِّي أࣸمَّتِي أࣸمَّتِي دࣸکَ    کَرِيمِ شِثٜيٰ ࢽَابَاکَ ثٜيٰتࣸومࣸحَمَّدَا,شِثٜيٰمَسَ رَبِّي أࣸمَّتِي أَمَّتِي دࣸکَ کِرِيمِ شِثٜيٰ ࢽَابَاکَ ثٜيٰتࣸومࣸحَمَّدَا,0.07058823529411765,0.3333333333333333
MAF_286.pdf_page_7_line_008,بَءابابَامَ کࣸووَاأَلࢽَّبَاوَادَمࣸرْسَلَيْ ؞ کَيْ أَکَڢِي ڢِيتَ دَشِي سِيدِ أَحْمَدَا,بَتَابَامَ کࣸووَااَلࢽَّبَاوَادَمࣸرْسَيْ ؞ کَيْ أَکَڢِي ڢِيتَ دَشِي سِيدِ أَحْمَدَا,0.07058823529411765,0.2222222222222222
Nana_Asmāʾu_The_Authentic_Path_Nana_Asmāʾu_Godaben_Gaskiya.pdf_page_8_line_013,کَتَࢽْغِࢽْ اَزࣸرْڢَاغَاشِغِڢّࣸوࢽَلࣸوءلࣸوء  وَطَࢽْسࣸ ࢽَکࣸوزِيࢽَارِيَا إِࢽْجِ اَحْمَدَا,کَتَࢽْغِࢽْ أَزࣸرْڢَاغَاشِغِڢّࣸوࢽَلوْلࣸوْ وَطَࢽْسࣸ ࢽَکࣸوزِيࢽَارِيَاإِࢽْجِ اَحْمَدَا,0.07058823529411765,0.5
Infiraji_9.pdf_page_24_line_008,مَاسࣸوثَاثَادَمَيْ کࣸرْݒَرْغِيَا   أَلْحَکِࢽْ سࣸو يَࢽَاثَࢽْ أَࢽْڟِبٜيٰ,مَاسࣸوثَاتَادَمَيْ کࣸرْبَرْغِيَا    أَلْحَکِࢽْ سࣸويَࢽَاثَࢽْ أَࢽْڟِيٜيٰ,0.07142857142857142,0.8333333333333334
Infiraji_4.pdf_page_43_line_002,سَيْ مࣸکَࢽْ شَاوَرْوَرِࢽْمࣸ    ثٜىٰمَ اَدَمࣸ يَاأࣸبَࢽْمࣸ,سَىْ مࣸکَࢽْ شَاوَرْوَرِࢽْمࣸ  ثٜىٰمَ ادَمࣸ يَاأࣸبَࢽْمࣸ,0.07142857142857142,0.3333333333333333
The_Human_Being_Is_an_Incurable_Disease_Mutum_Cuta_Ne_Marar_Magani.pdf_page_1_line_002,ڢَڧَالَ الشاڢعي رضي الله عࢽه,ڢڧَال الشاڢعي رضي الله عࢽه,0.07142857142857142,0.2
Infiraji_4.pdf_page_45_line_009,ذَاسࣸ سَامِ ڢِتَااَڢَامَا    هَرْسࣸسَامِ غِدَࢽْ سَلَامَا,ذَاسࣸ سَامِ ڢِتَاأَڢَامَا  حَرْسࣸسَامِ غِدَࢽْ سَلَامَا,0.07142857142857142,0.3333333333333333
Infiraji_10.pdf_page_5_line_012,سࣸࢽْ غَذَوَࢽْکٜيٰ تࣸڢَادَتࣸݣࣸاࢽٜيٰ   سࣸࢽْڧِ کࣸلَا دَأبِࢽْ ثِ سࣸکَوْتَا,سࣸࢽْ غَذَوَࢽْکٜيٰ تࣸڢَادَتࣸکَاࢽٜيٰ سࣸࢽْڧِ کࣸلَا دَأَبِࢽْ ثِ سࣸکَوْتَا,0.07142857142857142,0.25
Infiraji_6.pdf_page_22_line_008,ذَاسࣸ سَامِ ڢِتَاأڢَامَا     حَرْسࣸسَامِ غِدَࢽْ سَلَامَا,ذَاسࣸ سَامِ ڢِتَاأڢَامَا حَرْسࣸسَامِ غِدَࢽْ سَلَامَا,0.07142857142857142,0.0
Infiraji_9.pdf_page_15_line_012,حَکَࢽَࢽْ دࣸعَاءِ مّࣸتࣸمْ الظَالِمِي   إِيَاکَثِيࢽَتَا طَاکِࢽْ دࣸوࢽِيَا,حَکَࢽَࢽْ دࣸعَامࣸمّࣸتࣸمْ اَلظَالِمِي   إِيَاکَثِيࢽَتَاطَاکِࢽْ دࣸوࢽِيَا,0.07142857142857142,0.7142857142857143
Infiraji_4.pdf_page_21_line_001,دࣸکْ أّبِࢽَّࢽْ بَاشِ ڧَارٜيٰ   بَابࣸ رَاࢽَا بَادَرَارٜيٰ,دࣸکْ أَبِࢽَّࢽْ بَاشِ ڧَارٜيٰ بَابࣸ رَاࢽَابَادَرَارٜيٰ,0.07142857142857142,0.42857142857142855
Infiraji_4.pdf_page_17_line_003,بَاکوْا ڧࣸوࢽَاࢽَڧࣸرْمࣸسَابَا,بَاکࣸوْاڧࣸوࢽَاࢽَڧࣸرْمࣸسَابَا,0.07142857142857142,1.0
Infiraji_12.pdf_page_16_line_004,حَابٜىٰ إࢽْ مࣸتࣸوَاتَأَوْکࣸ   مَالَمَࢽْ کٜىٰ ڧَرْڢَڢَاکࣸ,حَابٜيٰ إِࢽْ مࣸتࣸوَاتَأَوْکࣸ  مَالَمَࢽْ کٜيٰ ڧَرْڢَڢَاکࣸ,0.07142857142857142,0.5
Infiraji_4.pdf_page_23_line_009,سࣸکَ سَࢽْ بَاذَاسࣸ وَّمَابَا,سࣸکَ سَࢽْ بَاذَاسࣸ دَوَّمَابَا,0.07142857142857142,0.25
Warning_Gargaɗi_Infiraji_2.pdf_page_4_line_010,غَاکَ مَيْوْعَدِي دَطَطّٜيٰ   مٜيٰ يَسَاوَاوَا کَرࣸوطٜيٰ,غَاکَ مَيْوَعَدِي دَطَطّٜيٰ مٜيٰ يَسَاوَاوَاکَرࣸوطٜيٰ,0.07142857142857142,0.5
Infiraji_3.pdf_page_22_line_006,بَامَىْ رِکِتَدَّهَࢽْکࣸلابَا,بَامَيْ رِکِتَدَّهَࢽْکࣸلَابَا,0.07142857142857142,1.0
Infiraji_4.pdf_page_39_line_005,حࣸرتࣸمِي تَوْرٜىٰ دَجࣸويَا    کَاسࣸوَرْسࣸ تَࢽَادَحَࢽْيَا,حࣸرْتࣸمِي تَوْرٜيٰ دَجࣸويَا  کَاسࣸوَرْسࣸ تَࢽَادَحَࢽْيَا,0.07142857142857142,0.4
ELIT_WAN_00130_002v_line_009,ڢانظࢽ لخلفته السبع الطباڡ ت ؞ عوالم الارض مࢽ سجل ومࢽ جبل,ڢانظر لخلفته السبع الدباڡ وت ؞ عوالم الارض مࢽ سبل ومࢽ جبل,0.07142857142857142,0.3333333333333333
Infiraji_11.pdf_page_15_line_007,على رسࣸول الله,على رسول الله,0.07142857142857142,0.3333333333333333
Warning_Gargaɗi_Infiraji_2.pdf_page_4_line_005,جِࢽْجِرِي أَثِکِࢽْ أࣸوَرْسَ  أَࢽْ کِرْا تِيلَسْ يَأَمْسَ,جِࢽْجِرِي أَثِکِࢽْ أَوَرْسَ  أَࢽْ کِرَاتِيْلَسْ يَأَمْسَ,0.07142857142857142,0.42857142857142855
Infiraji_8.pdf_page_4_line_010,کࣸواْ تَثٜيٰ دَمِجِࢽْتَ دࣸوبِ   مࣸࢽْ ذَمَادَبَابࣸ عَيْبِ,کࣸواْتَثٜيٰ دَمِجِࢽْتَ دࣸوبِ مࣸࢽْ ذَمَادَابَابࣸ عَيْبِ,0.07142857142857142,0.42857142857142855
Infiraji_3.pdf_page_16_line_007,يَٜࢽْ أࣸوَا مࣸڟَرٜيٰ عِيَالِي   سَابࣸلࣸودَزَࢽِي دَلَلِّي,يٜࢽْ أࣸوَامࣸڟَرٜيٰ عِيَالِي  سَابࣸلࣸودَزَࢽِي دَلَلِّى,0.07142857142857142,0.6666666666666666
Infiraji_9.pdf_page_10_line_006,طَوْکَرْعَذَارَدَسَارَࢽْ غࣸࢽْغࣸلَا   بَاکَابَاوَادَکَࢽْکَاکَطٜيٰ ذࣸوَا,طَوْکَرْعَذَارَ دَسَارَࢽْ غࣸࢽْغࣸلدَ  بَاکَابَاوَادَکَࢽْکَاکَکٜيٰ ذࣸوَا,0.07142857142857142,1.0
Infiraji_8.pdf_page_9_line_014,شِي عِبَادَاڢَيْ دَݒࣸويٜيٰ    شِي هَوَاࢽَاࢽَࢽْ کࣸجَايٜيٰ,شِي عِبَادَاڢَيْ دَݒࣸويٜيٰ شِي حَوَاࢽَاࢽَࢽْ کࣸجَايٜيٰ,0.07142857142857142,0.16666666666666666
Infiraji_9.pdf_page_18_line_001,مࣸࢽْجِ کَلْمَاغَمَالَمْ مّࣸوسَىٰ   لِمَامْ کَبࣸو مَالَمْ مَيْ لَاڢِيَا,مࣸࢽْجِ کَلْمَاغَمَالَمْ مّࣸوسَٰ  لِيمَامَ کَبࣸومَالَمْ مَيْ لَاڢِيَا,0.07142857142857142,0.5
Infiraji_7.pdf_page_4_line_003,بَتَشَيْدَاذَاکَ لاَخِرَابَا,بَتَشَيْدَاذَاکَ لَاخِرَابَا,0.07142857142857142,0.5
ELIT_WAN_00130_018r_line_006,مࢽ ذ>النواهى خصوصاخوڡ خاتت ؞ فد خاڡ منحاڢحول العلم والعل,مࢽ ذ>النواهى خصوحاخوو خاتت ؞ فدخاڡ منهاڢحول العلم والعل,0.07142857142857142,0.3333333333333333
Infiraji_12.pdf_page_17_line_003,أکَثٜىٰ بَاذَاعَ تَارࣸوَابَا,أَکَثٜيٰ بَاذَاعَ تَارࣸوَابَا,0.07142857142857142,0.3333333333333333
MAF_286.pdf_page_10_line_014,غَمَاڢَ طَرِٜيڧࣸوڧِ طَرِِي عࣸکࣸ أَࢽْکࣸوو ؞  دَغࣸومَ دَوَسࣸ أࣸکࣸ کࣸسَوْرَارِ ڢَاءِدَا,غَمَاڢَ طَرِيڧࣸوغِي طَرِي عࣸکࣸ أَࢽْکࣸوࣸو ؞   دَغࣸومَ دَوَسࣸ أࣸکࣸ کࣸسَوْرَارِ ڢَاءِدَا,0.07142857142857142,0.2727272727272727
MAF_286.pdf_page_12_line_004,کَيَايٜيٰ دࣸحࣸࢽْ شٜيٰکَࢽْ دَکَاسَاأَذࣸوثِيَا ؞  مࣸࢽࣸورَحَدِيشِ أَࢽَّبِمّࣸ مࣸحَمَّدَا,کَيَايٜيٰ دࣸحࣸࢽْ بشٜطَࢽْ دَکَاسَاأَذࣸوثِيَا ؞  مࣸࢽࣸورَ حَدِيشِ أَࢽَّبِّمّࣸ مࣸحَمَّدَا,0.07142857142857142,0.5
Nana_Asmāʾu_The_Authentic_Path_Nana_Asmāʾu_Godaben_Gaskiya.pdf_page_5_line_002,کࣸسَࢽْ الࢽَّمِيمِي هَٰکَذَادَمࣸࢽاڢِغِ   دَمَيْشَيْدَ ڧَرْيَابَاسࣸ ڟِيرَا غَاَحْمَدَا,کࣸسَࢽْ اَلࢽَّمِيمِي هَکَذَادَمࣸࢽَاڢِغِ   دَمَيْشَيْدَڧَرْيَابَاسࣸ ڟِيرَاغَاحْمَدَا,0.07142857142857142,0.8571428571428571
Infiraji_9.pdf_page_25_line_002,أَللَّهْ تَعَٰلَى مࣸࢽَارࣸوڧَࢽْکَ  کَکَرْݒِي رَࢽْمࣸواْأَتࣸرْبَ الࢽَّبِي,أَللَّهْ تَعَلَىٰ مࣸࢽَارࣸوڧَࢽْکَ  کَکَرْبِي رَࢽْمࣸوْاْأَتࣸرْبَ اَلࢽَّبِي,0.07142857142857142,0.6666666666666666
Knowledge_to_Follow_God_Gandal_Fii_Rewugol_Alla.pdf_page_3_line_011,ِࡹِلَح ࡻلْکࣸوعَيْࢽِ هَاکَکࣸوعࣸوجٜ وَالْڢَوْرࣸعٜيَذِّنْدٜ,ࡹِلَى ࡻلْکࣸوعَيْرِ مَاکَکࣸوعࣸوجٜ وَالْڢَوْرࣸعٜيَذِّنْدٜ,0.07142857142857142,0.75
Infiraji_8.pdf_page_17_line_007,سَيْ سࣸمَيْدَ کِرَࢽْ تَعَالَى  جَلَّ يَااَللَّه اَللَّهْ,سَيْ سࣸمَيْدَکِرَࢽْ تَعَالَى جَلَّ يَااَللَّهࣸ اللَّهْ,0.07142857142857142,0.5714285714285714
The_Human_Being_Is_an_Incurable_Disease_Mutum_Cuta_Ne_Marar_Magani.pdf_page_7_line_011,کࣸمَ کَرْمࣸسَسَّوْتَاوَشَأَࢽِࢽْ دࣸوࢽِيَا    دَࢽَالاَخِرَا دَࢽْ کَرْسࣸڧِيمࣸ مࣸتَاࢽٜيٰ,کࣸمَ کَرْمࣸسَسَّوْتَاوَشَاأࢽِࢽْ دࣸوࢽِيَا  دَࢽَالاخِرَادَࢽْ کَرْسࣸڧِيمࣸ مࣸتَاࢽٜيٰ,0.07142857142857142,0.42857142857142855
Infiraji_4.pdf_page_37_line_011,سَىْ أَڟَيْدَسَحࣸوڟَيَرْوَا    غَاذࣸڢَادَڧِشِي دَيࣸࢽْوَا,سَيْ أَڟَيْدَسَحࣸوڟَيَرْوَا  غَاذࣸڢَادَڧِشِي دَيِࢽْوَا,0.07142857142857142,0.5
Infiraji_8.pdf_page_25_line_014,کࣸواْمَطَاثِي کࣸوشِرِࢽْيَا    سࣸکَ بࣸوشٜىٰ بَابࣸ طَࢽْيَا,کࣸواْمَطَاثِي کࣸوشِرِࢽْيَا   سࣸࢽْکَ بࣸوشٜيٰ بَابࣸ طَࢽْيَا,0.07142857142857142,0.3333333333333333
Infiraji_11.pdf_page_8_line_012,بَاوَادَاࢽٜىٰ مَرَسْ ڟَيِبَا,بَاوَادَاࢽٜىٰ مَرَࢽْ ڟَيبَا,0.07142857142857142,0.6666666666666666
Infiraji_5.pdf_page_5_line_015,شِي أّيَايِࢽْ رَايࣸوَࢽْسࣸ    سَيْ شِرَايࣸوأّعَرْزِڧِࢽْسࣸ,شِي أَيَايِࢽْ رَايࣸوَࢽْسࣸ  سَيْ شِرَايࣸوأَعَرْزِڧِࢽْسࣸ,0.07142857142857142,0.4
Infiraji_7.pdf_page_16_line_015,رَغّࣸواْ بَاذَايَشَاذࣸمَابَا,رَغࣸواْبَاذَايَشَاذࣸمَابَا,0.07142857142857142,1.0
Infiraji_10.pdf_page_4_line_011,أَݣࣸويْ طِبْغَوْاْمَيْ طِبْغَ مِجِࢽْتَا   بَاتَ جِرَاغَڢَطَاشِتَيَاتَا,أَݣࣸويْ طِبْغَوْاْمَيْ اِبَْغِ مِجِتَا   بَاتَ جِرَاغَڢَطَاشِتَيَاتَا,0.07142857142857142,0.3333333333333333
Infiraji_12.pdf_page_3_line_011,ذࣸوثِيَاتَا ࢽَاتَ خَوْڢِي   مَيْ غَࢽِࢽْ ڟَادَرْ تࣸڢَاڢِي,ذࣸوْثِيَاتَاࢽَاتَ خَوْڢِي  مَيْ غَࢽِࢽْ ڟَادَرْتࣸڢَاڢِي,0.07142857142857142,0.5714285714285714
Infiraji_11.pdf_page_15_line_006,والصلاةوالسلام,والصلاة والسلام,0.07142857142857142,2.0
Infiraji_12.pdf_page_20_line_008,والصلاةوالسلام,والصلاةوالسللام,0.07142857142857142,1.0
Infiraji_7.pdf_page_12_line_004,کࣸواْيَوَࢽْ سَࢽڟِࢽْ سࣸمِࢽْتِ کٜى هَࢽَامَکَ سࣸࢽْ صَلَاتِى,کࣸواْيَوَࢽْ سَࢽْڟِࢽْ سࣸمِࢽْتِ کٜىٰ هَࢽَامَکَ سࣸࢽْ صَلَاثِي,0.07142857142857142,0.42857142857142855
MAF_286.pdf_page_14_line_011,إِذَࢽْڢَ کَسَي شٜسࣸ أَکَيْکࣸ غَجَࢽَّةِ ؞  إِتَثٜيٰ مَذَمْࢽِي تَاکࣸ إِࢽْجِ مࣸحَمَّدَا,إِذَࢽْڢَ کَسَࢽْ شٜسࣸ أَکَيْکࣸ غَحَࢽَّةِ ؞ إِتَثٜيٰ مَذَمْࢽِي ࢽَاکِ إِࢽْجِ مࣸحَمَّدَا,0.07142857142857142,0.2727272727272727
Infiraji_8.pdf_page_15_line_012,غَݒَتَتࣸوبَاوࣸرِِࢽْ ڢِتࣸوبَا,غَبَتَتࣸوبَاوࣸرِࢽْ ڢِتࣸوبَا,0.07142857142857142,0.5
Nana_Asmāʾu_The_Absolute_Truth_1_Nana_Asmāʾu_Tabbat_Haqiqan_1.pdf_page_7_line_007,وَعْظࣸ أَࢽْيࣸوشِ يَࢽْ عࣸوا دࣸࢽْ کࣸڢَلْکَا    کࣸيِ تَڟࣸورࣸࢽْ عࣸبَࢽْغِجِ کࣸيِ تَکࣸوکَا,دَعْذࣸ أَࢽْيࣸوشِ يَࢽْ عࣸوَادࣸࢽْ کࣸڢَلْکَا   کࣸيِ تَڟࣸورࣸࢽْ عࣸبَࢽْغِجِ کࣸي تَکࣸوکَا,0.07142857142857142,0.36363636363636365
Infiraji_8.pdf_page_21_line_003,بَامَىْ رَغࣸوَادَڟَرتࣸوَابَا,بَامَيْ رَغࣸوَادَڟَرْتࣸوَابَا,0.07142857142857142,1.0
Warning_Gargaɗi_Infiraji_2.pdf_page_2_line_005,هَٰذَاالْکَتَابࣸ اَلْحَاجِ مَالَمْ عَلِيّࣸ,هَذَاالْکِتَابࣸ الْحَاجِ مَالَمْ عَلِيّࣸ,0.07142857142857142,0.5
Infiraji_12.pdf_page_15_line_014,تَارࣸوَرْدَأَکِىْ يَڢِيࢽِي   بَابࣸ لَيْڢِي ڢَرْضَ عيْࢽِي,تَارࣸوَرْدَأَکَىْ يَڧِيࢽِي  بَابࣸ لَيْڢِي ڢَرْضَ عَيْࢽِي,0.07142857142857142,0.5
MAF_286.pdf_page_14_line_010,مࣸسَالِ أَکٜيٰ مَکَ شِرْيٜسࣸ کَاجِيَا ؞  کَدَࢽْ کَاڧِيَاڢَ کࣸجِي وࣸتَاکࣸمَ سَرْمَدَا,مࣸسَاࢽِ أَکٜيٰ مَکَ اَشِريسࣸ کَاجِيَا ؞  کَدَࢽْ کَاڧِيَاڢَ کࣸجِي وࣸتَاکࣸمَ سَرْحَدَا,0.07142857142857142,0.2727272727272727
Warning_Gargaɗi_Infiraji_2.pdf_page_16_line_014,يَارَڧٜيٰࢽِ رِڧࣸواْࢽَظِيڢِ    هَرْيَذَمْ ࢽَاڢَارَ ڧَرْڢِ,يَارَڧٜيٰࢽِ رِڧࣸواْࢽَظِيڢِ هَرْيَذَمْ ࢽَاڢَارَڧَرْڢِ,0.07142857142857142,0.4
The_Harlots_Song_Waƙar_Karuwa.pdf_page_3_line_002,تَکَࢽْ ڟِرِي شَارَاتَࢽَ ڢٜيثٜي حَࢽْثِي  کࣸوْاْ کࣸوَاْ تَثٜي تَشِي ࢽِي زَࢽيِ بَرْثِي,تَکَࢽْ ڟِرِي شَارَاتَࢽَ ڢٜيثٜي حَࢽْثِي  کࣸوْاْکࣸواْ تَثٜيٰ تَشِي ࢽِي زَيْيِي بَرْثِي,0.07228915662650602,0.3333333333333333
The_Human_Being_Is_an_Incurable_Disease_Mutum_Cuta_Ne_Marar_Magani.pdf_page_8_line_008,واڧَرْدَمࣸࢽْکَيِي سَيْکَثٜيٰ هࣸوتࣸوتَکٜيٰ    إِࢽْکَاکَرَࢽْتَا ذَاکَغَاࢽٜي مࣸتَاࢽٜيٰ,وَاڧَرْدَمࣸࢽْکَيِي سَيْکَثٜي هࣸوتࣸوتَکٜيٰ  إِࢽْکَاکَرَࢽْتَاذَاکَغَاࢽٜيٰ مࣸتَاࢽٜيٰ,0.07228915662650602,0.6666666666666666
The_Human_Being_Is_an_Incurable_Disease_Mutum_Cuta_Ne_Marar_Magani.pdf_page_3_line_012,إِࢽْکَايِ کٰٜوْتَاسَيْ سࣸثٜي مَّيْ ڢَارِيَا  إࢽْکَارࣸڧٜيٰ حَࢽّࣸࢽْکَ مَيْ رࣸووَاࢽٜيٰ,إِࢽْکَايِ ݣٜيوْتَاسَيْ سࣸثٜيٰ مَيْ ڢَارِيَا  إِࢽْکَارࣸڧٜيٰ حَࢽَّࢽْکَ مَيْ رࣸووَاࢽٜيٰ,0.07228915662650602,0.5555555555555556
Infiraji_10.pdf_page_5_line_007,أَݣࣸويْ سَوْرَا أَمَّاࢽَتَڧَيْتَا   کَشٜيٰدِ دَمَاتَا مَاسࣸ ڧَذَࢽْتَا,أَݣࣸويْ سَوْرَاأَمَّاࢽَتَڧَيْتَا کَشٜيٰدِدَمَاتَامَاسࣸ ڧَذَࢽْتَا,0.07246376811594203,0.7142857142857143
Infiraji_10.pdf_page_8_line_008,مِجِي بَبَّࢽْ أَبࣸوࢽٜيٰ بِمِجِࢽکِ   دَيْࢽَ غَࢽِࢽْ وَّثَࢽْ دَمِجِࢽْتَا,مِجِي بَبَّࢽْ أبࣸوࢽٜيٰ بِمِجِࢽْکِ  دَيْࢽِ غَࢽِࢽْ وّثَࢽْ دَمِجِࢽْتَا,0.07246376811594203,0.5
Infiraji_9.pdf_page_3_line_009,يَثٜيٰ دَأَحْمَدࣸ إِࢽْ غَيَامࣸکَ  أَبࣸࢽْدَتَاجِ وࣸرِࢽْ مَالَمْ حَسَࢽْ,يَثٜيٰ دَأَحْمَدࣸذَإِࢽْ غَيَامَکَ  أَبࣸࢽْدَࢽَاجِ وࣸرِࢽْ مَّالَمْ حَسَࢽْ,0.07246376811594203,0.625
Infiraji_10.pdf_page_13_line_008,کࣸسَࢽِ دࣸوࢽِيَ تَࢽَادَيوَ سࣸوکࣸوَا لِتَتَّڢَيْࢽَا سࣸࢽْ شِغَادࣸوࢽِيَيَ,کࣸسَࢽِ دࣸوࢽِيَ تَࢽَادَيَوَ  سࣸوکࣸوَالِتَتَّڢَيْࢽَا سࣸࢽْ شِغَادࣸوࢽِيَ,0.07246376811594203,0.5714285714285714
Infiraji_9.pdf_page_14_line_013,دَمَيْ رࣸڧَࢽْ کَذَاثَمْڢِي کࣸمَا  کࣸومَي مَڧٜيٰرَاتَکَارٜيٰ کَيْࢽَسَا,دَمَيْ رࣸڧَࢽْ کَاذَاتࣸࢽْڢِي کࣸمَا  کࣸومَيْ مَڧٜيٰرَاتَکَارٜيٰ کَيْࢽَسَا,0.07246376811594203,0.2857142857142857
A_Poem_on_Adultery_Waƙar_Zina.pdf_page_2_line_019,ذَمَاتَيْمَکࣸوبَاحَࢽَى بَا غَرٜيکَ  مِثَالِي کَمَاتَي مِثَالِࢽْ زِࢽَا,ذَمَاتَيْغَکࣸوبَاحَࢽَي بَاغَرٜيکَ  مِتَالِي کَمَاتَي مَثَالِࢽْ زِࢽَا,0.07246376811594203,0.7142857142857143
Infiraji_9.pdf_page_15_line_005,شِيࢽٜيٰ يَي مَࢽَاذَࢽْثٜيٰ الدّࣸعَا   دَبَاتَکَيْوَا غࣸࢽْ أَمْسَ تَتَا,شِيࢽٜيٰ يَيْ مَࢽَاذَࢽْثٜيٰ أَلدّࣸعَا    دَبَاتَکَيْوَاغࣸࢽْ أَمْسَ تَتَا,0.07246376811594203,0.5
Infiraji_9.pdf_page_13_line_010,يَثٜيٰ أَبِࢽْ دَذَيْسَاوَاأيْ ڢَرِي  سࣸوغࣸومَا شَاعࣸکࣸ  ذَࢽْ ذَامَکࣸو,يَرٜيٰ أَبࣸࢽْ دَذَيْسَاوَاأَيْ ڢَرِي  سࣸوغࣸومَ شَاعࣸکࣸ ذَࢽْ ذَامَکࣸو,0.07246376811594203,0.5
Infiraji_10.pdf_page_5_line_005,أَوْضٜيٰ ࢽٜيٰ ࢽِي ࢽَسَّاکَيْ ࢽَا    إِࢽْ کَمَڟَا مَࢽِ إِࢽْ تَڢِيَاتَا,أَوْضٜيٰ ࢽٜيٰ ࢽِي ࢽَسَّاکَيْ ࢽَا  إِࢽْ کَمَڟَامِࢽْ إِࢽْ تَڢِيَاتَا,0.07246376811594203,0.2
Infiraji_12.pdf_page_17_line_014,ڢَلَّسَامَسَ شِيبَ إࢽْدَ    بَع ڢَطِيبَ سَبࣸواْدَعَادَا,ڢَلَّسَامَسَ شِيبَ إِࢽْدَا  بَعَ ڢَطِيبَ سَبࣸواْدَعَادَا,0.07272727272727272,0.3333333333333333
The_Glorious_Majidu_Infiraji_1.pdf_page_15_line_002,ثٜى دَࢽِ رَاࢽَرْڟَيَاوَا  تَرْ سَشِࢽْ ذࣸࢽࣸبَࢽْغَ ࢽَاوَا,ثٰٜ دَࢽِرَاࢽَرْڟَيَاوَا  تَرْسَشِࢽْ ذࣸࢽْبَࢽْغَ ࢽَاوَا,0.07272727272727272,0.8571428571428571
Infiraji_6.pdf_page_15_line_002,سَيْ شِبَايَرْ حَرْأࣸبَࢽْسَ    بَاطِيَابَاࢳَࢽْ أࣸوَࢽْسَ,سَىْ شِبَايَرْحَرْأࣸبَࢽْسَ  بَاطِيَابَاࢳَࢽْ أࣸوَࢽْسَ,0.07272727272727272,0.6
Infiraji_4.pdf_page_15_line_012,ثِي دَشَابِ بَلّٜيٰ سࣸࢽٜيٰمِ   إِࢽْدَذَاسࣸ ڟَيَاأَرَامِ,ثِي دَشَابَ بَلٜيٰ سࣸࢽٜيٰمِ إِࢽْدَذَاسࣸ ڟَيَاأَرَامِ,0.07272727272727272,0.3333333333333333
Infiraji_7.pdf_page_9_line_010,تَاثِرَاهَمَ تَاسَطَاطࣸواْ تَابࣸغٜىٰ شَاهࣸواْيَڢَاطࣸواْ,تَاثِرَاهَمَ تَاسَطَاطࣸواْ  ࢽَابࣸغٜيٰ شَاهࣸواْ يَڢَاطࣸواْ,0.07272727272727272,0.75
Infiraji_3.pdf_page_4_line_002,سَاڢَذَوْدَيَوَࢽْ مࣸغࣸࢽْتَا مَࢽْثٜىٰ صَلَّالࣸوکَثِࢽْتَا,سَاڧَذَڢْ دَيَوَࢽْ مࣸغࣸࢽْتَا  مَࢽْثٜىٰ صَلَّالࣸوکَثِࢽْتَا,0.07272727272727272,0.5
Infiraji_12.pdf_page_8_line_002,غَاسࣸکࣸوࢽِي يَىْ ڧَرَࢽْثِي    بَابࣸ ڧَرْڢِي بَاأذَࢽْثِي,غَاسࣸکࣸوࢽِي يَيْ ڧَرَࢽْثِي  بَابࣸ ڧَرْڢِي بَاأَذَࢽْثِي,0.07272727272727272,0.3333333333333333
Infiraji_8.pdf_page_27_line_010,سَىْ رَسࣸولࣸ يَذࣸودَسَوْرِ    غَامࣸتَاࢽٜىٰ ࢽَاتَ ڧَوْرِ,سَيْ رَسࣸولࣸ يَذࣸودَسَوْرِ  غَامࣸتَاࢽٜيٰ ࢽَاتَ ڧَوْرِ,0.07272727272727272,0.3333333333333333
ELIT_WAN_00130_002v_line_010,اذفال سبحانه ڢى امره لحماء ؞ اࢽ ايتيااتتات الحيࢽ عࢽ عجل,اذفال سبحانه ڢى امࢽه لماء ؞ اࢽ انتيااتتات الحيࢽ مࢽ عجل,0.07272727272727272,0.36363636363636365
Infiraji_6.pdf_page_19_line_004,تَرْڟَڟِࢽْ ࢽَࢽْ ࢽَادَغِرْمَا    يَاوِدَال ذࣸوَاکتَرْمَا,تَرْڟَڟِࢽْ ࢽَࢽْ ࢽَادَغِرْمَا  يَاڢِدَال ذࣸوَاکَتَرْمَا,0.07272727272727272,0.4
Infiraji_4.pdf_page_7_line_002,کࣸࢽْ غَادَا مَࢽَ غࣸوࢽَکِࢽْکࣸ   سࣸوڢَࢽٜيٰ حَجِّ غَرٜيٰکࣸ,کࣸࢽْ غَادَاحَࢽَ غࣸوࢽَکِࢽْکࣸ سࣸوڢَࢽٜيٰ حَجِّ غَرٜيٰکࣸ,0.07272727272727272,0.2857142857142857
Infiraji_4.pdf_page_29_line_001,مࣸومِࢽِي مَيْ سࣸࢽْ شِڟِيرَا    شِکَطَيْ کَکࣸلَادَغَٜرَا,مࣸومِࢽِي مَيْ سࣸࢽْ شِڟِيرَا  شِکَطَيْ کَکࣸلَادَغَارَا,0.07272727272727272,0.16666666666666666
Infiraji_12.pdf_page_16_line_008,حَرْدَمَاتَاکࣸوڧَࢽَاࢽَا    مَالَمَࢽْ سࣸتَهࣸوْاسࣸذَوْࢽَا,حَرْدَمَاتَاکࣸوڧَࢽَاࢽَا  مَالَمَࢽْ سࣸتَهࣸواسࣸذࣸوْࢽَا,0.07272727272727272,0.3333333333333333
Infiraji_3.pdf_page_21_line_005,غَاڢَرَايَارَࢽِّ دࣸومِࢽْ   اَلࢽَّبِࢽْدَ يَجىٰ مࣸڧَامِࢽْ,غَاڢَرَايَارَبِّ دࣸومِࢽْ  اَلࢽَّبِࢽْدَيَجٜىٰ مࣸڧَامِࢽْ,0.07272727272727272,0.6
Knowledge_to_Follow_God_Gandal_Fii_Rewugol_Alla.pdf_page_9_line_016,ࡹِلاَّبِشَرْتَيْرِکࣽهِنَاشَرْتِيجِ طِطِ عَدَمࣸ ࡼلْمَآءِ,ࡹلاَّبِشَرْتَيْرِ کࣽهِنَاشَْرْتِيجِ طِطِ عَدَمࣸ ࡼلْمَاءِ,0.07272727272727272,0.75
ELIT_WAN_00130_014v_line_003,حلى الشهاب لنا ذاڢى فواعده ؞ اذاجاء ڢى الذکرنصاغيرمحتمل,حلى الشهاب لناذاڢى فواعده ؞ اذجاء ڢى الذکر نصاغير محتمل,0.07272727272727272,0.6666666666666666
Infiraji_3.pdf_page_14_line_010,دࣸوکِيَࢽْسَ أَرَرَبَاتَا    کَڢْ أَبَيْوْ طِيَادَمَاتَا,دࣸوکِيَࢽْسَ أَرَرَبَاتَا  کَڢْ أَبَيْوَطِيَادَمَاتَا,0.07272727272727272,0.4
Infiraji_5.pdf_page_18_line_002,وَࢽْدَبَاسࣸ کَلَادَسࣸوࢽٜىٰ    کَرْࢽࣸکَادَاذَاکَ غَاࢽٜىٰ,وَࢽْدَبَاسࣸ کَلَادَسࣸوࢽٜيٰ  کَرْࢽࣸکَادَاذَاکَ غَاࢽٜيٰ,0.07272727272727272,0.5
Infiraji_4.pdf_page_27_line_015,طَايَثٜيٰمْ أࣸبَاوَاحَلْشٜيٰ   مࣸ دَادَکَکٜيٰ يَبَاشٜيٰ,طَايَثٜيٰمَ أࣸبَاوَحَلْشٜيٰ مࣸ دَادَکَکٜيٰ يَبَاشٜيٰ,0.07272727272727272,0.4
Warning_Gargaɗi_Infiraji_2.pdf_page_4_line_004,مَيْتࣸڧٜيٰ مَسَ حَمْزَرِࢽْسَ    تَاکَڟٜيٰ ڟَارَرَکِࢽْسَ,مَيْتࣸڧٜىٰ مَسَ حَمْزَرِࢽْسَ تَاکَڟٜيٰ ڟَارَرَکِࢽْسَ,0.07272727272727272,0.2
Warning_Gargaɗi_Infiraji_2.pdf_page_17_line_014,کࣸوامٜيٰ وَهَّلَا ڧَزَامَا  رࣸࢽْغࣸمٜيٰ عِلْمِي أَدَامَا,کࣸواْمٜيٰ وَهَلَاڧَزَامَا  رࣸࢽْغࣸمٜي عِلْمِي أَدَامَا,0.07272727272727272,0.6666666666666666
Infiraji_3.pdf_page_20_line_013,رَبَّࢽَاکَيَوَيْتَ جِࢽْڧَىْ    غࣸࢽْ مࣸحَمَّدࣸشِدَاَلَىْ,رَبَّࢽَاکَيَوَيْتَ جِࢽْڧَىْ غࣸࢽْ مࣸحَمَّدࣸشِيدَاَلَىْ,0.07272727272727272,0.25
Infiraji_3.pdf_page_6_line_011,غَاڧِشِي يَاسࣸيٜيٰ سَيْڢَا مَاجِࢽَاࢽَا تَوْشٜيٰ وࣸوْڢَا,غَاڧِشِي يَاسࣸويٜيٰ سَيْڢَا  مَاجِࢽَاࢽَاتَوْشٜيٰ ڧࣸوْڢَا,0.07272727272727272,0.6666666666666666
Infiraji_5.pdf_page_6_line_002,مَاإِيَايٜيٰ ࢽَيْ بَتࣸودَ    ݒَاتَ رَيْ کَلْمَرْشَهَادَ,مَاإِيَايٜيٰ ࢽَيْ بَتࣸودَ بَاتَ رَيْ کَلْمَرْشَهَادَ,0.07272727272727272,0.16666666666666666
ELIT_WAN_00130_011r_line_009,وما به النڢع ڢاسم الرزڡ يشمله ؞ ولو بغصب وملک غير مکتمل,وما به النڢع ڢاسم الر زڡ يشله ؞ ولوبغصب وملک غير مکتل,0.07272727272727272,0.5
Infiraji_5.pdf_page_14_line_007,دࣸࢽْ تَدَاطَطَ ذࣸوثِيَکَا    سَادࣸوَرْکَ دَشَاڧࣸوَرْکَا,دࣸࢽْ تَدَاطَطَ ذࣸوثِيَرْکَا  سَادࣸوَرْکَ دَشَاڧࣸوَرْکَا,0.07272727272727272,0.2
ELIT_WAN_00130_012v_line_009,مࢽ کاࢽ للمعجزات الغرنازظماا ؞ ڢڢى کتاب الشڢارى مࢽ الغلل,مࢽ کاࢽ للمعجرات الغرناظا ؞ ڢڢى کتاب الشڢارى مࢽ الغلل,0.07272727272727272,0.2
Infiraji_4.pdf_page_22_line_005,غَالِبِي سࣸݒَثٜيٰ سࣸڢَرْکَا   سَيْڢَ أَࢽّࣸورِ شِڢَرْکَا,غَالِبِي سࣸݒَثٜيٰ سࣸڢَرْکَا  سَيْڢَ أَࢽّࣸوشِڢَرْکَا,0.07272727272727272,0.3333333333333333
ELIT_WAN_00130_002v_line_006,ڢانظراذاکنت ذاعفل وتبصرة ؞ ڢلمل تى وغير خلڡ الواحدالازل,ڢانظاذاکنت ذاعفل وتبص ة ؞ ڢهل تى وغير خلڡ الواحدالازل,0.07272727272727272,0.4444444444444444
Infiraji_4.pdf_page_44_line_012,مࣸصْطَڢَى يَࢽْذࣸࢽْ مࣸبَاکَ    بَابࣸ يِࢽْ سࣸجَدَاغَرٜىٰک,مࣸصْطَڢَى يَࢽْذࣸࢽْ مࣸبَاکَ  بَابࣸ يِࢽْ سࣸجَدَاغَرٜيٰکَ,0.07272727272727272,0.16666666666666666
Infiraji_7.pdf_page_12_line_002,کࣸواْهَوَࢽْ رَالِى دَرࣸوجِى کٜىٰ دَطِࢽْ تࣸورَاکَ دَاجِى,کࣸواْحَوَࢽْ رَالِي دَرࣸوجِي کٜيٰ دَطِࢽْ تࣸورَاکَ دَاجِى,0.07272727272727272,0.5714285714285714
The_Human_Being_Is_an_Incurable_Disease_Mutum_Cuta_Ne_Marar_Magani.pdf_page_3_line_006,ࢽِيکࣸوࢽَأمْسَامَيْ ࢽَثٜي مَسَ يَا کَکٜيٰ   مَࢽِي تَࢽْبَيَرْرَيْࢽِ غَمِي دَمࣸتَاࢽٜي,ࢽِيکࣸوࢽَأَمْسَامَيْࢽَثٜيٰ مَسَ يَاکَکٜيٰ  مَࢽِي تَࢽْبَيَرْرَيْࢽِ غَمِي دَمࣸتَاࢽٜيٰ,0.07317073170731707,0.5555555555555556
Knowledge_to_Follow_God_Gandal_Fii_Rewugol_Alla.pdf_page_2_line_015,عٜوࣽسْبࣵادٜوَالاِسْتِنسَاڡࣸ عٜشࣸرْکِنَادِ,عٜوࣽسْبَادٜوَالاِسْتِنسَاڡࣸعٜشࣽرْکِنَادِ,0.07317073170731707,1.0
The_Human_Being_Is_an_Incurable_Disease_Mutum_Cuta_Ne_Marar_Magani.pdf_page_6_line_009,کَࢽْ کࣸوکَࢽَا طَاکِي ذَمَࢽْکَ غِدَاکَکٜيٰ    سَي أࢽْڟَࢽٜيٰکَ مࣸࢽَاڢِکِي غمࣸتَاࢽٜيٰ,کَࢽْ کࣸوکَࢽَاطَاکِي ذَمَࢽْکَ غِدَاکَکٜيٰ  سَيْ أَࢽْڟَࢽٜيٰکَ مࣸࢽَاڢِکِي غَمࣸتَاࢽٜيٰ,0.07317073170731707,0.5555555555555556
Nana_Asmāʾu_The_Absolute_Truth_1_Nana_Asmāʾu_Tabbat_Haqiqan_1.pdf_page_2_line_010,وَࢽْدَدࣸکْ يَذَّ،ࣸوشِࢽَاسࣸ سَلاَمَا    ࢽَࢽْدَثَࢽْ غࣸوبٜيٰ سَيْ شِبَرْيِࢽْ ظَلاَمَا,وَࢽْدَدࣸکْ يَذَّمࣸوشِࢽَاسࣸࢽْ سَلامَا   ࢽَࢽْدَثَࢽْ غࣸوبٜيٰ سَيْ شِبَرْيِࢽْ ظَلامَا,0.07317073170731707,0.375
The_Harlots_Song_Waƙar_Karuwa.pdf_page_5_line_009,مَسَاڧَرْ غࣸدࣸواْ ࢽَࢽْ أَکٜي سَاڧَ شَاتَا,مَسَاڧَرْ غࣸدࣸواْࢽَࢽْ أَکٜي سَاوَشَاتَا,0.07317073170731707,0.6666666666666666
Nana_Asmāʾu_The_Authentic_Path_Nana_Asmāʾu_Godaben_Gaskiya.pdf_page_5_line_009,وࣸتَاڢَکَسَاتَرْماسࣸ سَاتَاأَࢽَاڟَيٜيٰ   کَذاڢَدَمَيْڧࣸوٰثٜيٰ تَڧࣸوتَيْ غَأحْمَدَا,وࣸتَاڢَکَسَاتَرْمَاسࣸ سَاتَاأَࢽَاڟََٜيٰ  کَذَاڢَدَمَيْڧࣸوثٜيٰ تَڧࣸوتَيْ غَاحْمَدَا,0.07317073170731707,0.8
Infiraji_9.pdf_page_3_line_011,شَيْخࣸ صَالِحࣸ يَاجِ غَهَاشِمࣸ   شَيْجࣸ هَاشِمْ غࣸࢽْ مَّمَّࢽْ تࣸکࣸرْ,شَيْخِ صَالِحِ يَاجِ غَهَاشِمࣸ  شَيْخࣸ هَاشِمࣸ غࣸࢽْ مَّمَّࢽْ تࣸکࣸرْ,0.07352941176470588,0.4444444444444444
Infiraji_9.pdf_page_6_line_001,يَارَࢽْ دَذاأَيْ ڧَرْشَࢽْ زَامَࢽي  بَاسࣸتَوْسَࢽْ مَحَيْڢَيٰ ࢽَاجِيَا,يَارَࢽْ دَذَاأَيْ ڧَرْشَࢽْ زَامَࢽِي  بَاسࣸتَوْسَࢽْ مَحَلڢَيٰ حَاجِيَا,0.07352941176470588,0.5714285714285714
Infiraji_9.pdf_page_7_line_010,ݣࣸاࢽَکِࢽْ دَتَرࣸوطٜيٰ دࣸوࢽِيَا   مَيْرَيْ يَکَࢽْثٜيٰ دَامَاࢽَامَثٜيٰ,کَاࢽِکِࢽْ دَتَرࣸوطٜيٰ دࣸوࢽِيَا  مَيْرَيْ يَکَࢽْثٜيٰ دَامَاࢽَامࣸثٜيٰ,0.07352941176470588,0.3333333333333333
Infiraji_10.pdf_page_9_line_006,کَيْ ڟِيرَاغَ مࣸحَمَّدࣸ أَحْمَدْ  دَࢽْ طَاکِࢽْ مَّکَ دَࢽْ صَڢَّاتَىٰ,کَيْ ڟِيرَاغَ مࣸحَمَّدࣸ أَحْمَّد  دَࢽْ طَاکِࢽْ مَّکَ دَࢽْ صَڢَّالَيْ,0.07352941176470588,0.2222222222222222
Knowledge_to_Follow_God_Gandal_Fii_Rewugol_Alla.pdf_page_7_line_011,نٜلاَطࣽ عَلَّ مَاکِ صَلَّح ࡻللَّهࣸ عَلَيْحهِ وَسَلَّمَ جَمْ عٜکِسِيح,نٜلاَطࣽ عَلَّ مَاکِ صَلَّى ࡻللَّهࣸ عَلَيْهِ وَسَلَّمَ جَمْ عٜکِسِيٜىل,0.07352941176470588,0.3333333333333333
Infiraji_10.pdf_page_7_line_003,دَࢽْ حَکَ مَاتَا بَاءبِيٜيٰمَسࣸ   إِࢽْ کَجِ سࣸࢽْ مَّغَࢽَاکَأَجٜيٰتَا,دَࢽْ حَکَ مَاتَابَابِييٰمَسࣸ إِࢽْ کَجِ سࣸࢽْ مَّغَࢽَاکَأَجٜيٰتَا,0.07352941176470588,0.25
Infiraji_6.pdf_page_2_line_003,اَلࢽَّاشِرࣸأَحْمَدࣸ اَلتࣸجَاࢽِي حَڢِظَهࣸ اَللَّهࣸ وَڢَّڧَࢽَااَللَّهࣸ,اَلࢽَّاشِرࣸأَحْمَدࣸ التِّجَاࢽِي حَڢِظَهࣸ اللَّهࣸ وَڢَّڧَࢽَااللَّهࣸ,0.07352941176470588,0.6
MAF_286.pdf_page_17_line_002,کࣸبَرْيِࢽْ ظََتࣸوا تࣸوکࣸࢽْجِ دࣸࢽْ اَللَّهࣸ يَࢽْاءࣸوَا ؞  شِيمَاحَدِيشِ ࢽٜيٰ صََحِيحِ غَأحْمَدَا,کࣸبَرْيِࢽْ ظَتࣸواتࣸوکࣸࢽجِ دࣸࢽْ اَللَّهࣸ يَࢽَاءࣸوَا ؞  شِيمَاحَدِيشِ ࢽٜيٰ مَحِيحِ غَأَحْمَدَا,0.07368421052631578,0.45454545454545453
MAF_286.pdf_page_8_line_002,يَادَࢽْ دَࢽْ غَࢽْثِ کَاکَࢽْسَ أَوࣸرِي دَبَࢽْ دَبَࢽْ ؞ کࣸسَوْرَارِوَاڧَاتَا تَسࣸࢽَّرْ مࣸحَمَّدَا,يَادَࢽْ غَࢽْثِ کَاکَࢽْسَ أَوࣸرِي دَبَيْ دَبَࢽْ ؞ کࣸسَوْرَارِوَاڧَاتَاتَسࣸࢽَّرْ مࣸحَمَّدَا,0.07368421052631578,0.36363636363636365
Warning_Gargaɗi_Infiraji_2.pdf_page_14_line_008,شِيدَدَتِّيْجࣸࢽْ مِرَاعَا    غَامَڢِي مࣸوࢽِࢽْ طَبِيعَا,شِيدَدَثِيْجࣸࢽْ مِرَاعَا  غَامَڢِي مࣸوࢽِࢽْ طَبِيعَا,0.07407407407407407,0.2
Infiraji_4.pdf_page_14_line_013,غَبَࢽْتࣸوبَاوࣸرِࢽْ ڢِتࣸوبَا,غَبَتَتࣸوبَاوࣸرِࢽْ ڢِتࣸوبَا,0.07407407407407407,0.5
MAF_286.pdf_page_15_line_014,کࣸسَاسࣸ دَرَارَسࣸووأَيْکِࢽْ دَذَاسࣸيِ ؞  کࣸبَرْسࣸ سࣸهࣸوتَ غَدَرٜيٰ کࣸمَ سَرْمَدَا,کࣸسَاسࣸ دَرَاࢽَ سࣸوࣸوأَيْکِࢽْ دَذَاسࣸتِي ؞  کࣸبَرْسࣸ سࣸهࣸوتَ غَدَرٜي کࣸمَ سَرْمَدَا,0.07407407407407407,0.4444444444444444
Infiraji_11.pdf_page_12_line_013,مَىْ جِدَالِى دَيْࢽَ مࣸوسࣸو   اَلࢽَّبَاوَاتَرْسَشِࢽْسࣸ,مَىْ جِدَالِى دَيْࢽَ مࣸوسࣸو  اَلࢽَْبَاوَتَرْسَشِࢽْسࣸ,0.07407407407407407,0.2
ELIT_WAN_00130_010v_line_008,خلا ڢالمالک ابࢽ انس ابࢽ رشر,خلاڢالمالک ابࢽ اࢽس ابࢽ رشر,0.07407407407407407,0.5
ELIT_WAN_00130_007r_line_011,لوادرک الفوم کنحاڢى حفابغها ؞ ماطال بحثم بالعڢل والجدل,لوادرک الفوم کنماڢى حفابفها ؞ مالال بحثم بالعفل والجدل,0.07407407407407407,0.4444444444444444
Nana_Asmāʾu_The_Absolute_Truth_1_Nana_Asmāʾu_Tabbat_Haqiqan_1.pdf_page_3_line_004,يࣸوَامَࢽْثِي غِيࢽْ اَدَمْ يَادَذَمْبَا   ذَمْکَجِࢽْڧَࢽْوࣸ کࣸوکࣸسَمْ غࣸوبٜي رِيبَا,يࣸوامِࢽْثِي غَيِࢽْ اَدَمْ يَادَذَمْبَا   ذَمْکَجِࢽْغَࢽْسࣸ کࣸوکࣸسَمْ غࣸوبٜي رِيبَا,0.07407407407407407,0.375
Infiraji_12.pdf_page_14_line_008,طَاکࣸࢽَࢽْسࣸ دِلَاکَبَرْثِ    دَاتَࢽَادَرِڧࣸوࢽْ أمِࢽْثِ,طَاکࣸࢽَࢽْسࣸ دِلَاکَبَرْثِ  دَاتَࢽَادَرِڧࣸࢽْ أَمِࢽْثِ,0.07407407407407407,0.5
Infiraji_4.pdf_page_40_line_003,جِࢽکِرِي دَبِيَࢽْ إجَارَا    عَامِلِي غَلَطِي غَسࣸورَا,جِࢽْکِرِي دَبِيَࢽْ إِجَارَا  عَامِلِي غَلَطِي غَسࣸورَا,0.07407407407407407,0.3333333333333333
Infiraji_11.pdf_page_13_line_008,بَاشِ بَيْوَادࣸوࢽْ أَبَاشِ    بَاشِ اْلکَوَرِي يَتَاشِ,بَاشِ بَيْوَادࣸوࢽْ أَبَاشِ  بَاشِ اَلْکَوَرِي يَتَاشِ,0.07407407407407407,0.16666666666666666
Infiraji_4.pdf_page_38_line_012,سَىْ أَبَاتَ دࣸبࣸودَڢَارِ    دࣸࢽْءَإِيْمَتَ إࢽْدَڧَارِ,سَيْ أَبَاتَ دࣸبࣸودَڧَارِ  دࣸࢽْءَإِيْمَتَ إࢽْدَڧَارِ,0.07407407407407407,0.4
Infiraji_11.pdf_page_8_line_006,بَاذَىْ دَرَجَاألَاخِرَابَا,بَاذَىْ دَرَبَاأَلَاخِرَابَا,0.07407407407407407,0.5
Infiraji_11.pdf_page_4_line_001,کَاڢِرَىْ دَاسࣸࢽْ ڢَهِمْتَ    بِࢽْ مࣸحَمَّدࣸيَاکَمَاتَ,کَاڢِرَيْ دَاسࣸࢽْ ڢَهِمْتَ بِࢽْ مࣸحَمَّدࣸيَاکَمَاتَ,0.07407407407407407,0.2
Infiraji_6.pdf_page_23_line_014,سَيْسࣸ تࣸوبَ سࣸࢽَادَعَيْبِ   سࣸجِِ کࣸࢽْيَارَࢽْ حِسَابِ,سَيْسࣸ تࣸوبَ سࣸࢽَادَاعَيْبِ  سࣸوجِ کࣸࢽْيَارَࢽْ حِسَابِ,0.07407407407407407,0.3333333333333333
Infiraji_6.pdf_page_2_line_001,وَاڧَرْ إِࢽْڢِرَاجِ تَشِدَّ,وَاڧَرْإࢽْڢِرَاجِ تَشِدَّ,0.07407407407407407,0.6666666666666666
Infiraji_4.pdf_page_16_line_006,سࣸيْ ࢽࣸڢِࢽْ هَڧࣸرِي سࣸکَاسَا   سࣸࢽکِرَاڢَدَطَاسࣸڢَاسَا,سࣸيْ ࢽࣸڢِࢽْ حَڧࣸرِي سࣸکَاسَا سࣸࢽْکِرَاڢَدَطَاسࣸڢَاسَا,0.07407407407407407,0.4
Infiraji_7.pdf_page_13_line_001,دࣸوبِ ࢳَࢽْ يَارَا سَمَارِي وَࢽْدَسࣸو يَلَمَاتَ دَوْرِي,دࣸوبِ ࢳَࢽْ يَارَاسَمَارِي  وَࢽْدَسࣸويَکَمَاتَ دَوْرِي,0.07407407407407407,0.5714285714285714
Infiraji_4.pdf_page_39_line_007,بَاسَىْ أࢽْسَارࣸوَارࣸوَابَا,بَاسَيْ أَࢽْسَارࣸوَارࣸوَابَا,0.07407407407407407,1.0
ELIT_WAN_00130_017r_line_010,واض ع اليه بصدو ڢهو ذوکرم ؞ هذاالسبيل اليه اف ب السبيل,واض ع اليه بصدڡ ڢهوذوکرم ؞ هذاالسبيل اليه افب السبل,0.07407407407407407,0.5
Infiraji_3.pdf_page_7_line_010,إِࢽْدَإِيْکࣸوࢽْ تَيْمَمَاوَا بَارࣸوَاکࣸوابَابࣸ کࣸوْوَا,إِࢽْدَإِيْکࣸوࢽْ تَيْمَمَاوَا  بَارࣸوَاکࣸواْ بَابࣸ کࣸووَا,0.07407407407407407,0.75
ELIT_WAN_00130_003v_line_003,من ذاالذ>لض وباالخلڡ يعلمها ؞ على التڢاصيل ت علوومنسڢل,مࢽ ذاالذ>لض وب الخلڡ يعلها ؞ على التڢاصيل تاعلوومنسڢل,0.07407407407407407,0.5454545454545454
Infiraji_7.pdf_page_8_line_002,غَادࣸبࣸࢽْ مڟَرَاأَطَاکِي إِࢽْدَا مَايَڢِ ڧَارَ أَوْکِي,غَادࣸبࣸࢽْ مَڟَرَاأَطَاکِي إِࢽْدَمَايَڢِ ڧَارَأَوْکِي,0.07407407407407407,0.8333333333333334
Infiraji_8.pdf_page_21_line_010,مࣸࢽْجِ ذَمْهَرِذَاأبَاسࣸ   مَىْ ذَيَرْبَکَ ذࣸوثِيَرْسࣸ,مࣸࢽْجِ ذَمْهَرِذَاأَبَاسࣸ  مَيْ ذَيَرْيَکَ ذࣸوثِيَرْسࣸ,0.07407407407407407,0.6
ELIT_WAN_00130_011v_line_001,بل کل شي> بتفديࢽ له امد ؞ اࢽ شاءاوشاءه ڢى الحيࢽ عࢽ عجل,بل کله شي> بنفدير له امد ؞ اࢽ شاءاوشاءا ڢى الحيࢽ عࢽ عجل,0.07407407407407407,0.21428571428571427
Infiraji_8.pdf_page_13_line_006,بَيْدَامࣸ ذَاشِ لَاخِرَابَا,بَيْدَامࣸ دَذَاشِ لَاخِرَابَا,0.07407407407407407,0.3333333333333333
Infiraji_4.pdf_page_17_line_005,دࣸࢽْ سࣸڢَرْمَامَاسࣸ بَاشِ    ࢽٜيٰ دَمَيْ صَلَّادَڢَاشِ,دࣸࢽْ سࣸڢَرْمَامَاسࣸ بَاشِ ࢽٜيٰ دَمَيْ صَلّادَڢَاشِ,0.07407407407407407,0.16666666666666666
Infiraji_8.pdf_page_4_line_005,هَاوِيَاثٜيٰ غࣸࢽْ ذَامَࢽْسࣸ   سࣸوکَثِيذࣸࢽْ هَࢽّࣸوَࢽْسࣸ,حَاوِيَاثٜيٰ غࣸࢽْ ذَمَࢽْسࣸ سࣸوکَثِيذࣸࢽْ هَࢽّࣸوَࢽْسࣸ,0.07407407407407407,0.4
Infiraji_11.pdf_page_12_line_008,أࢽْکَثٜىٰ يَثِرَايَتَاشِ    يَاکَتَرْتَ غَوَࢽْدَيَيْشِ,أَࢽْکَثٜيٰ يَثِرَايَتَاشِ  يَاکَتَرْتَ غَوَࢽْدَيَيْشِ,0.07407407407407407,0.25
The_Human_Being_Is_an_Incurable_Disease_Mutum_Cuta_Ne_Marar_Magani.pdf_page_4_line_003,شَاهࣸويَثٜيٰمِࢽْ غَاکَطَࢽْ ࢽَارتَّبَا   کَيْ مَيْ کَڢࣸسْکَࢽْتَا غَمِيدَ مࣸتَاࢽٜيٰ,شَاهࣸويَثٜيٰمِࢽْ غَاکَطَࢽْ ࢽَارَتَّبَا  کَيْ مَيْ کَڢࣸسْکَࢽْتَاغَمِيکࣸ مࣸࢽَاࢽٜيٰ,0.07407407407407407,0.5
MAF_286.pdf_page_16_line_003,أَبَرْطَوْکَ کَ مࣸرْيَاکࣸمَ دࣸࢽْ أَيِ دَارِيَا ؞  کࣸسَࢽْ ڢَ حَرَامࣸࢽْ ثٜي غَأمَّ الْمࣸحَمَّدَا,أَبَرْطَوْکَ مࣸرْيَاکࣸمَ دࣸࢽْ أَيِ دَارِيَا ؞ کࣸسَࢽْ ڢَ حَرَامࣸࢽْ ثٜيٰ غَأَمَّ اَلْمࣸحَمَّدَا,0.07446808510638298,0.3076923076923077
MAF_286.pdf_page_2_line_002,کَرَامَةࣸ مَهْدِي ڢَکࣸࢽْجِ سࣸوࢽَتَ بَيَّࢽٜيٰ ؞ دَشِي ذَاکࣸ بَࢽْ بَمْتَاتَ أࣸمَّ اَلْمࣸحَمَّدَا,کَرَامَةࣸ مَهْدِي ڢَکࣸࢽْجِ سࣸوࢽَࢽْتَ بَيَّࢽٜيٰ ؞   دَشِي ذَاکࣸ بَࢽْ جَمْتَاتَ أَمَّ الْمࣸحَمَّدَا,0.07446808510638298,0.3333333333333333
MAF_286.pdf_page_2_line_004,إِذَرْ کࣸکَثٜيٰ أَّيْ مࣸوڢَ بَمࣸسَࢽْ بَا شَرْࢽَهࣸ ؞ مࣸࢽࣸوࢽَ بَيَاࢽِ کَسَࢽْتَ دَرَجَ مࣸحَمَّدَا,إِذࣸࢽْ کࣸکَثٜيٰ أَيْ مࣸوڢَ بَمࣸسَْ بَ شَرْࢽَهࣸ ؞  مࣸࢽࣸوࢽَ بَيَاࢽِ کࣸسَࢽْتَ دَرَجَ مࣸحَمَّدَا,0.07446808510638298,0.38461538461538464
Infiraji_9.pdf_page_4_line_008,کَاغَامَࢽْيَا سࣸࢽْسَوْ غَسَکِيَا   مَالࣸمَا کࣸمَاسࣸࢽْ تَاکٜيٰ شِࢽَا,کَاغَامَࢽْيَاسࣸࢽْسَوْغَسْکِيَا  مَالࣸمَاکࣸمَاسࣸࢽْ تَاکٜيٰ شِࢽَا,0.07462686567164178,0.7142857142857143
Infiraji_10.pdf_page_13_line_004,ذَاسࣸ عِيَ هَࢽَ أَصَادࣸو دَࢽِي کَيْ ڟَيٜيٰ دَغَ ثِکِي أَݣࣸيْ رَشِࢽْ,ذَاسࣸ عِيْ هَࢽْ أَصَادࣸودَࢽِي کَيْ ڟَيٜيٰ دَغَ ثِکِي أَکِيْ رَشِࢽْ,0.07462686567164178,0.45454545454545453
Infiraji_9.pdf_page_14_line_005,رَشِࢽْ زَکَىٰ ࢽࣸومَادَتَدࣸوکِيَا   إِࢽْجِِ مَالَمْ يَࢽَاسَاجَرَّبَا,رَشِࢽْ زَکٜيٰ ࢽࣸومَادَࢽَدࣸوکِيَا  إِࢽْجِ مَالَمْ يَࢽَاسَاجَرَّبَا,0.07462686567164178,0.5
Infiraji_4.pdf_page_29_line_005,يَيْ شِرِࢽْ ࢽٜيٰمَࢽْ ڢِتِلَّهْ    دࣸࢽْ يَڟٜيٰ رٜيٰ دࣸحࣸࢽْ جَهَالَهْ,يَيْ شِرِࢽْ ࢽٜيٰمَࢽْ ڢِتِلَّه  دࣸࢽْ يَڟٜيٰ رٜيٰ دࣸحࣸࢽْ جَهَالَ,0.07462686567164178,0.2222222222222222
Infiraji_10.pdf_page_11_line_007,إِتَثٜيٰ ڧَذامَاوثٜيٰ بَاتَ دَڟَڢْتَا  ڧࣸمْرِࢽْتَ يَابࣸوثٜيٰ کَمَرْوَࢽِ کࣸمْرٜيٰ,إِتْثٜيٰ ڧَذَامَاوَثٜيٰ بَاتَ دَڟَڢْتَا  ڧࣸمْرِࢽْتَ يَابࣸوثٜيٰ کَمَرْ دَࢽْ کࣸمْرٜيٰ,0.075,0.5
Infiraji_9.pdf_page_7_line_007,إِࢽْ عَࢽْ غََبَسْࢽٜيٰ عَاجٜيٰ دِيکࣸوَا     إِࢽْ أَࢽْيِي يَمَّا عَاجٜيٰ ثَࢽْثَغَا,إِࢽْ عَࢽْ غَبَسْࢽٜيٰ عَاجٜيٰ دِيکࣸوَا  إِࢽْ أَࢽْيِي يَمَّاعَاجٜيٰ ثَࢽْثَڧَا,0.075,0.4
Knowledge_to_Follow_God_Gandal_Fii_Rewugol_Alla.pdf_page_10_line_013,وَتَرَکَ ࡼلْمࣸنْهِييَاتِ عَذّࣸفࣸلْ هَطَاطࣶ وَࡹِعْلَمْ,وَتَرَّکࣽ ࡼلْمࣸنْهِييَاتِ عَذّࣸفࣽلْهَطَاطࣶ وَࡹِعْلَمْ,0.07547169811320754,0.6
Infiraji_7.pdf_page_12_line_005,ذَابَيَامَىْ تَادَصَوْتِ کٜىٰ هَࢽَاکَ تࣸࢽِࢽْ وَڢَاتِى,ذَابَيَامَيْ تَادَصَوْتِ کٜيٰ هَࢽَاکَ تࣸڢِࢽْ وَڢَاتِي,0.07547169811320754,0.6666666666666666
ELIT_WAN_00130_009v_line_010,فالواالتى ک لم يوجدلم تعش ؞ بالاختيارولکࢽ بالبلا ء بل,فالواالتحىک لم يوجدلم تعش ؞ بالاختيارولک بالبلاء بل,0.07547169811320754,0.5
Infiraji_8.pdf_page_22_line_014,مَاسࣸمࣸمّࣸوࢽَرْخِيَاࢽَا    يَاحَلِࢽْسࣸ إرِࢽْ ࢽَڧࣸوࢽَا,مَاسࣸ مࣸمّࣸوࢽَرْخِيَاࢽَا  يَاحَلِࢽْسࣸ إِرِࢽْ ࢽَڧࣸوࢽَا,0.07547169811320754,0.75
Infiraji_7.pdf_page_4_line_005,کࣸوْأَدࣸودَأَشࣸواْدَلَيْمَا بَرْتَصَلَّا کࣸوْإِڧَامَا,کࣸوْأَدࣸوْدَأَشࣸواْدَلَيْمَا   بَرْتَصَلَّاکࣸوْإِڧَامَا,0.07547169811320754,1.0
Infiraji_8.pdf_page_23_line_002,مَادَسَاڧࣸواْکࣸوْاوَࢽِࢽْسࣸ   سࣸڢَطَادࣸکَ حَࢽْزَرِࢽْسࣸ,مَادَسَاڧࣸواْکࣸواْوَࢽِࢽْسࣸ سࣸڢَطَادࣸکَ حَࢽْزَرِࢽْسࣸ,0.07547169811320754,0.3333333333333333
The_Human_Being_Is_an_Incurable_Disease_Mutum_Cuta_Ne_Marar_Magani.pdf_page_2_line_006,وإࢽ تعڢڢت عࢽ اموالهم کرما  ڧالوا غࢽي وِࢽ تسالهم بخلوا,وإࢽ تعڢڢت عࢽ اموالهم کرما   ڧالوامࢽي وإࢽ تسالهم بخلوا,0.07547169811320754,0.3
Infiraji_7.pdf_page_2_line_012,أَࢽْکِرَاسࣸ ذࣸوَاکࣸشٰٜوَا وْࢽْدَوَيْشِ دࣸࢽْ دَطٜيٰوْا,أَࢽْکِرَاسࣸ ذࣸوَاکࣸࢽشٜيٰوَا وَࢽْدَوَيْشِ دࣸࢽْ دَطٜيٰوَا,0.07547169811320754,0.6
Infiraji_11.pdf_page_6_line_002,أَکَ کَرْکَشٜيٰ غَالِبَࢽْسࣸ غالِبَࢽْ وَسࣸ مَاسࣸ مࣸوࢽِ,أَکَ کَرْکَثٜيٰ غَالِبَࢽْسࣸ  غَالِبَࢽْ رَسࣸ مَاسࣸ مࣸوࢽِ,0.07547169811320754,0.42857142857142855
ELIT_WAN_00130_019r_line_003,ڢهوالموڢڡ علل عمال يخلفها ؞ لمࢽ يشاء عࢽ التخصيص لاتسل,ڢهوالموڢڡ للا عال يخلفها ؞ لمࢽ يشاء عࢽ التصيص لاتسل,0.07547169811320754,0.3
Infiraji_12.pdf_page_8_line_004,إࢽْ ثِکِي يَاڢَارَغِرْمَا    حَرْاࣸبَايَاسَامِ ڢَامَا,إِࢽْ ثِکِي يَاڢَارَغِرْمَا  حَرْأࣸبَايَاسَامِ ڢَامَا,0.07547169811320754,0.4
Warning_Gargaɗi_Infiraji_2.pdf_page_11_line_014,مࣸوسَ کࣸواْ عَبْدࣸالسَّلَامِ  سࣸࢽْوࣸثى وَࢽَࢽْ مࣸڧَامِ,مࣸوسَ کࣸواْعَبْدࣸالسَّلامِ سࣸࢽْوࣸثٜى وَࢽَࢽْ مࣸڧَامِ,0.07547169811320754,0.5
Infiraji_3.pdf_page_6_line_004,بَاشِ مࣸواْڟَاوَاأکࣸࢽْثٜىٰ يَاکࣸرࣸمْثٜى يَامَکَࢽْثٜىٰ,بَاشِ مࣸواْڟَاوَاأَکࣸࢽْثٜيٰ  يَاکࣸرࣸمْثٜى يَامَکَࢽْثٜيٰ,0.07547169811320754,0.5
Infiraji_8.pdf_page_30_line_010,سَيْ أَڢِدّࣸوتَرْسَشِࢽْسࣸ   سَࢽْدَ الࢽَّبي يَاکِرَاسࣸ,سَيْ أَڢِدّࣸوتَرْسَشِࢽْسࣸ  سَࢽْدَاَلࢽَّبِي يَاکِرَاسࣸ,0.07547169811320754,0.4
ELIT_WAN_00130_007v_line_009,وفيل باڡ على وصڢ له ببفا ؞ کذاالفديم ووجدالبحث ڢيه جل,وفيل ياڡ على وصڢ له ببفا ؞ کذاالفديم ووجه الحث ڢيه جل,0.07547169811320754,0.2727272727272727
Infiraji_5.pdf_page_16_line_014,لَاخِرَاأذࣸبَاسࣸ لَذَّ    غَرْغَطِࢽْ مَالَمْ يَهࣸوذَا,لَاخِرَاأَذࣸبَاسࣸ لَذَّا  غَرْغَطِࢽْ مَالَمْ يَهࣸودَا,0.07547169811320754,0.6
Infiraji_7.pdf_page_12_line_014,مَاسࣸ مَيْدَ غِيَادَشَايِ طَࢽْ دَسࣸوجَمَعَا کَکࣸواْيِ,مَاسࣸ مَيْدَد غِيَادَشَايِ طَيْ دَسࣸوجَمَعَاکَکࣸوࢽْيِ,0.07547169811320754,0.6666666666666666
Warning_Gargaɗi_Infiraji_2.pdf_page_3_line_008,سَاإدࣸࢽْ ࢽَڟࣸوَادَدࣸوبَا    دࣸوࢽِيَابَمࣸ ذࣸوذَامَابَا,سَاإِدࣸࢽْ ࢽَڟࣸوَادَدࣸوبَا  دࣸوࢽِيَابَمࣸ ذࣸوذَمَابَا,0.07547169811320754,0.5
Knowledge_to_Follow_God_Gandal_Fii_Rewugol_Alla.pdf_page_4_line_004,وَفْتࣸوجِ وَالْجَسَدࣸࡼلطَّاهِرࣸعٜبَدّࣸللَبࣸدࣸوَسِتْرࣸ,وَفّتࣸوجِ وَالْحَسَدࣸࡼلطَّاهِرࣸعٜبَدّࣸللْبࣸدࣸ وَسِتْرࣸ,0.07547169811320754,1.5
Infiraji_8.pdf_page_24_line_002,بَبَّکَاتمْکَرْدَيَايِي    ࢽَࢽْڢَ سَىْ کࣸوکَادَکࣸويِي,بَبَّکَاتَمْکَرْدَيَايِي  ࢽَࢽْڢَ سَيْ کࣸوکَادَکࣸويِي,0.07547169811320754,0.5
The_Glorious_Majidu_Infiraji_1.pdf_page_14_line_008,بَاشِ بَيْوَادࣸوࢽْ أَبَاـشِ  بَاشِ اَلکَوَرِى يَتَاشِ,بَاشِ بَيْوَادࣸوࢽْ أَبَاشِ  بَاشِ الْکَوَرِي يَتَاشِ,0.07547169811320754,0.3333333333333333
A_Person_with_a_Livelihood_Will_Never_Be_Destitute_Mai_Sanaa_Ba_Ya_Tsiya.pdf_page_4_line_015,کࣸوغَاتَاڢَاذَاکَࢽࣸوࢽَاوطَࢽکَ عَࢽْ ثٜي کَرْکَبَرْشِ بَايَا صَࢽَاعَ,کࣸوغَاتَاڢَاذَاکَࢽࣸوࢽَاوَطَࢽْکَ  عَࢽْ ثٜي کَرْکَبَرْشِ بَايَاصَࢽَاعَا,0.07575757575757576,0.5
Infiraji_9.pdf_page_17_line_008,مَوَحَلْتَاࢽَطَاکِࢽْ دࣸوࢽِيَا   بَاسَا عِبَادَ سَيْ بَوْتَرْ ثِکِي,مَوحَلٰتَاࢽَطَاکِࢽْ دࣸوࢽِيَا   بَاسَاعِبَادَاسَيْ بَوْتَرْثِکِي,0.07575757575757576,0.8571428571428571
Infiraji_9.pdf_page_23_line_011,هَاسࣸوࢽࣸومَاکࣸيْ زَکَرْ حَڟِي   کࣸبَادَ صَلَّىٰ کَࢽْ وَّڧْتِيࢽَتَا,مَاسࣸوࢽࣸومَاکࣸيْ زَکَرْحَطِي  کࣸبَادَصَلَّىٰ کَࢽْ وَّڧْتِيࢽَتَا,0.07575757575757576,0.7142857142857143
A_Poem_on_Friends_and_Relations_Waƙar_Ƴan_Uwa.pdf_page_6_line_002,سَيْحْڧࣸرِي غَعَبِࢽْدَ بَاکَدَمَاغَࢽِي  کَسَامࣸ لاَدَرْ زࣸثِيَرْ سࣸࢽْ ࢳࢽْ عࣸوَا,سَيْحَࢽْڧࣸرِي غَلَبِࢽْدَ بَاکَدَمَاغَࢽِي  کَسَامࣸ لادَࢽْ زࣸثِيَرْ سࣸࢽْ ࢳٜࢽْ عࣸوَا,0.0759493670886076,0.4444444444444444
A_Poem_on_Friends_and_Relations_Waƙar_Ƴan_Uwa.pdf_page_6_line_001,إِࢽْذࣸوثِيَاࢽَاسࣸو ضَرࣸورَا ࢽَاحَࢽَا  شِࢽْ يَا أَکٜي دَطࣸوَادَلاَدَرْ ࢳࢽْ عࣸوَا,إِࢽْذࣸوثِيَاࢽَاسࣸوضَرࣸورَاࢽَاحَࢽَا  شِࢽْ يَاأَکٜي دَطࣸوَادَلادَࢽْࢳࢽْ عࣸوَا,0.0759493670886076,0.7777777777777778
Infiraji_9.pdf_page_15_line_011,سَادَمَيْزِࢽَىٰ إِࢽْ يَيْ أّلدّࣸعَا بَعَايَکٜيٰيِ دَامَايَابَرِِي,سَادَمَيْزِࢽَىٰ إِࢽْ يَيْ اَلدّࣸعَا  بَعَايَکٜيٰي دَامَايَابَرِي,0.07692307692307693,0.5
ELIT_WAN_00130_018v_line_003,اࢽ يصلح الفلب ڢالا عضاء صالحة ؞ لانه ملک محى يمل يمل,اࢽ يصلم الفلب ڢالا عضاءصالحة ؞ لانه ملک ممى يمل يل,0.07692307692307693,0.4166666666666667
MAF_286.pdf_page_3_line_005,بَيْثِࢽْ ڢَوَࢽَّي کࣸمَ أَکَسَامࣸ شَٰتَرَ ؞ ثِکِࢽْ أَرْبَعِيࢽَ دَحࣸطࣸࢽْسࣸ جِيکَࢽْ مࣸحَمَّدَا,بَيْثِي ڢَوَࢽَّي کࣸمَ أَکࣸسَامࣸ شٰٜتَرَ  ثِکَࢽْ أَرْ بَعِيࢽَ دَحࣸطࣸࢽْسࣸ جِيکَࢽْ مࣸحَمَّدَا,0.07692307692307693,0.5454545454545454
Infiraji_3.pdf_page_8_line_001,تࣸوشِࢽَاࢽِيَّاغصَلَّا    زࣸوثِ إِࢽْدَيْ بَاجِهَالَهْ,تࣸوشِࢽَاࢽِيَّاغَصَلَّا  زࣸوثِ إِࢽْدَيْ بَاجِهَالَه,0.07692307692307693,0.5
Infiraji_9.pdf_page_11_line_003,طࣸلࣸوعِ اِلشَّمْسِ تَࢽَاتَڢٜيٰ  رَاࢽَاتَڢࣸودࣸ يْمَّا تَوࣸو غَبَسْ,طࣸلࣸوعِ اِلشَّمْسِ تَࢽَاتَڢٜيٰ  رَاࢽَاتَڢࣸودࣸوا يَمَّاتَوࣸوغَبَسْ,0.07692307692307693,0.5714285714285714
Infiraji_4.pdf_page_34_line_005,مَاسࣸ ࢽِيمَ ذࣸمࣸسࣸ سَمّࣸ   دࣸوࢽِيَادࣸࢽْ ثِࢽْ حَرَامࣸ,مَاسࣸ بِيمَ ذࣸمࣸࢽْسࣸ سَمّࣸ  دࣸوࢽِيَادࣸࢽْ ثِࢽْ حَرَامࣸ,0.07692307692307693,0.2857142857142857
Infiraji_11.pdf_page_3_line_001,رَبَّࢽَاکَيمِࢽْ إِجَابَا   إࢽْغَ ࢽَىْ صَلَّاأطَيْبَا,رَبَّࢽَاکَيِْࢽْ إِجَابَا  إِࢽْغَ ࢽَىْ صَلَّاأَطَيْبَا,0.07692307692307693,0.6
Infiraji_4.pdf_page_36_line_002,ذَاعَبࣸوْسَ ڧَهࣸوْاْأتَاشِ    اَلڧِيَامَابَابࣸ ڢَاشِ,ذَاعَبࣸوسَ ڧَهࣸوْاْأَتَاشِ  اَلڧِيَامَابَابࣸ ڢَاشِ,0.07692307692307693,0.5
The_Harlots_Song_Waƙar_Karuwa.pdf_page_4_line_009,دَتَا دَاوَيّࣸواْ سَيْ تَکࣸومَ غَدّࣸواْ,دَتَادَاوَيّࣸوْاْسَيْ تَکࣸومَ غَدّࣸواْ,0.07692307692307693,0.6
Warning_Gargaɗi_Infiraji_2.pdf_page_11_line_002,تَاتَرَسْ دَمࣸتࣸمْ مَسَاڧِ  يَازَغٜىٰ يَاڧَارٜيٰ مِڧ,تَاتَرَسْ دَمࣸتࣸمْحَسَاڧِ  يَازَغٜىٰ يَاڧَارٜيٰ مِيڧِ,0.07692307692307693,0.5
Nana_Asmāʾu_The_Authentic_Path_Nana_Asmāʾu_Godaben_Gaskiya.pdf_page_5_line_007,دَمَيْ کِسَّࢽْ کࣸوحَکَࢽَادَاَلغࣸشࣸ دࣸࢽْ سࣸسَࢽْ   ڢَبَاسࣸ ثِکِࢽْ جَمَعَا تَاَلࢽَّبِ أحْمَدَا,دَمَيْ کِسَّ کࣸوحَکَࢽَادَاَاغْشࣸ دࣸࢽْ سࣸسَࢽْ   ڢَبَاسࣸ ثِکِࢽْ جَمَعَاتَالࢽَّبِ أَحْمَدَا,0.07692307692307693,0.5
Infiraji_3.pdf_page_7_line_013,تࣸࢽْدَاأَࢽ.ثٜيٰ بَࢽْدَيَايِي حَرْأَزَارَامَابَزَيْيِ,تࣸࢽْدَأَࢽْثٜىٰ بَࢽْدَيَايِي  حَرْأَزَارَامَابَزَيْيِ,0.07692307692307693,0.3333333333333333
Infiraji_7.pdf_page_10_line_014,مࣸوسَ کࣸواْ عَبْدࣸالسَّلَامِ سࣸࢽْوࣸثى وَࢽَࢽْ مࣸڧَامِ,مࣸوسَ کࣸواْعَبْدࣸالَّلَامِ  سࣸࢽْوࣸثٜى وَࢽَࢽْ مࣸڧَامِ,0.07692307692307693,0.5
Infiraji_4.pdf_page_46_line_012,يَايِى بࢽ کࣸوْوَࢽِࢽْسࣸ   سَيْ أکَࢽْ کَاشٜىٰ أَکَيْسࣸ,يَايِي بِࢽ کࣸوْوَࢽِࢽْسࣸ   سَيْ أَکَࢽْ کَاشٜيٰ أَکَيْسࣸ,0.07692307692307693,0.5714285714285714
Infiraji_9.pdf_page_4_line_010,غࣸࢽْ سَاکِيْ أَطٜيٰبٜيٰ تَوْسَيِي  بَاعَدَالَاࢽْڧَرْشَ ࢽْدࣸوࢽِيَا,غࣸࢽْ سَرَاکِي أَطٜيٰبٜيٰ تَوْسَيِي  بَاعَدَالَاࢽَڧَرْشَ رْدࣸوࢽِيَا,0.07692307692307693,0.5
Infiraji_7.pdf_page_16_line_007,شِي سَࢽِي کَࢽْ مَيْدَبَاوَا طَامَڢِي غِرْمَࢽْ مࣸرࣸوَ,شِي مَذِي کَࢽْ مَيْدَبَاوَا  طَامَڢِي غِرْمَࢽْ مࣸرࣸوَا,0.07692307692307693,0.2857142857142857
Infiraji_10.pdf_page_11_line_008,شِرْوَاتَڢِي أَبِࢽْکَ کࣸوبَک بَاتَبَا   غَڢِيَامِࢽَاڢِرْثِي غَرٜيٰتَ ࢽَأوْرٜيٰ,شِرْوَاتَڢِِ أَبِࢽْکَ کࣸوبَکْ بَاتَبَا   غَڢِيَامِࢽَاجِرْثِي غَٜيٰتَ تَأَوْرٜيٰ,0.07692307692307693,0.7142857142857143
A_Poem_on_Friends_and_Relations_Waƙar_Ƴan_Uwa.pdf_page_5_line_011,وَࢽِکࣸو يَࢽَا ڟࣸورࣸࢽْعَثٜي رࣸوڧࣸو يَکٜي,وَࢽِکࣸويَࢽَاڟࣸورࣸࢽْعَثٜي رࣸوڧࣸويَکٜي,0.07692307692307693,1.0
Infiraji_9.pdf_page_25_line_004,ࢽَاغࣸودٜأّللَّهْ ࢽَاࢽَࢽْ غَاڢَرَا  يَبَامࣸ إِيمَاࢽِ مَيْ تَبَّتَا,ࢽَاغࣸودِاَللَّهْ ࢽَاࢽَࢽْ غَاڢَرَا    يَبَامࣸ إِيمَاࢽِ مَيْ تَبَّتَا,0.07692307692307693,0.14285714285714285
Infiraji_3.pdf_page_19_line_014,وَࢽْدَاَلدِّيࢽِ خَࢽِيڢِ    ࢽَاغَرٜيٰشِ إِࢽَادَخَوْڢِ,وَࢽْدَالدِّيࢽِ خَࢽِيڢِ  ࢽَاغَرٜىٰشِ إِࢽَادَخَوْڢِ,0.07692307692307693,0.5
Infiraji_10.pdf_page_2_line_006,کَاسَࢽْ مَّاتَا سࣸࢽْ کَسࣸ عࣸلࣸ   ذࣸوکࣸسَ إِࢽْ ࢽَّڢَطِي کَرࣸبࣸوتَا,کَاسَࢽْ مَّاتَاسࣸࢽْ کَسࣸ عࣸکࣸ  ذࣸوکࣸسَ إࢽْ ࢽّڢَطِي کَرࣸبࣸوتَا,0.07692307692307693,0.5555555555555556
Infiraji_7.pdf_page_7_line_011,ࢽَاجِ ألْڧَاضِي شِࢽَاثٜيٰ ذࣸوثِࢽَا إِࢽْتَامَکَࢽْثٜيٰ,ࢽَاجِ اَلْڧَاضِي شِࢽَاثٜيٰ  ذࣸوثِيَا إِࢽْتَامَکَࢽْثٜيٰ,0.07692307692307693,0.4
Nana_Asmāʾu_The_Absolute_Truth_1_Nana_Asmāʾu_Tabbat_Haqiqan_1.pdf_page_10_line_013,صلى الله عليه,صلى الله علي,0.07692307692307693,0.3333333333333333
The_Glorious_Majidu_Infiraji_1.pdf_page_15_line_005,سَࢽّࣸ مَى صِڢَّا ثِکَکى  مَاغَࢽِࢽْکَ ࢽَشَاࢽَوَرْکٜىٰ,سَࢽّࣸ مَىْ صِڢَّاثِکَکٜي  مَاغَࢽِࢽْکَ ࢽَشَاࢽَوَرْکٜىٰ,0.07692307692307693,0.5
Infiraji_7.pdf_page_8_line_001,تَاتحࣸوتَاطَوْکِ سَرْکِي مَيْ حَوَادَدࣸبࣸࢽْ دَوَاکِي,تَاتَحࣸوتَاطَوکِ حَرْکِي  مَيْ حَوَادَدࣸبࣸࢽْ دَوَاکِي,0.07692307692307693,0.4
ELIT_WAN_00130_019r_line_007,ڢاغڢر الى ما اسلڢت مࢽ زلل ؞ وتب على ڢاࢽ الظلم مࢽ فبل,ڢاغدڢى الى مااسلڢت مࢽ ذلل ؞ وتب على ڢاࢽ الظلم مࢽ فبل,0.07692307692307693,0.3076923076923077
ELIT_WAN_00130_015r_line_009,ڢل کيڡ احوالنا حيࢽ الجوازعلى ؞ ارومࢽ شعراوصارم البطل,فل کيل احوالناحيࢽ الجوازعلى ؞ ارومࢽ شعر اوصارم البطل,0.07692307692307693,0.6666666666666666
Infiraji_8.pdf_page_5_line_011,دࣸࢽْ مࣸتَاکَ دࣸغَادࣸغِࢽْکࣸ   مࣸࢽْ تَاکِرْکِ غَرٜيٰکࣸ,دࣸࢽْ مࣸتَاکَ دࣸغَادࣸغِࢽْکࣸ مࣸࢽْ ذَتَاکِرْکِ غَرٜيٰکࣸ,0.07692307692307693,0.16666666666666666
A_Poem_on_Adultery_Waƙar_Zina.pdf_page_1_line_001,مࣸرࣸوکِ تَعَالَى شِبِيشٜىْ حَيَا   شِڢشٜى مࣸعَيکِࢽ مࣸتَاࢽٜى زِࢽَا,مࣸرࣸوکِ تَعَالَى شِبِيشٜى حَيَا شِڢِشٜى مࣸعَيکࢽ مࣸتَاࢽٜى زِࢽَا,0.07692307692307693,0.375
Infiraji_5.pdf_page_2_line_004,ٜإِلَىٰ مَايࣸحِبࣸ ءَامِيࢽْ,إِلَىٰ مَايࣸحِبّࣸ ءَامِيࢽْ,0.07692307692307693,0.6666666666666666
Infiraji_4.pdf_page_14_line_016,دَسَرْڧَابَادَکࣸرࣸرࣸوَابَا,دَسَرْڧَابَادَکࣸورࣸوَابَا,0.07692307692307693,1.0
MAF_286.pdf_page_16_line_011,کࣸࢽِي سَࢽْثِ يِࢽْ کَذَڢِي غَمَاتَاڢَ مࣸومِࢽَيْ ؞ دࣸࢽْ کَدَيَبَشّٜکࣸ کࣸࢽِي سَࢽْثِ أَحْمَدَا,کࣸࢽمِي سَࢽْتِ يِࢽْ کَذَڢِ ڢَغَمَاتَاڢَ مࣸومِࢽَيْ ؞ دࣸࢽْ کَدَيَيَشّٰٜکࣸ کࣸࢽِي سَࢽْثِ أَحْمَدَا,0.07777777777777778,0.4166666666666667
MAF_286.pdf_page_9_line_008,کࣸکَ کَامَ ذَࢽثٜي مَالࣸمَࢽْکࣸ مࣸࢽَاڢࣸکَيْ ؞  کࣸࢽْ بِيسࣸ سࣸࢽْ بَشٜکَ وࣸتَ ذَاکࣸ حَرْأّبَدَا,کࣸکَ کَامَ ذَࢽْثٜي مَالࣸمَࢽْکࣸ مࣸࢽَاڢࣸکَيْ ؞  کࣸࢽْ ِيسࣸ سࣸࢽ بَبَشٜکَ وࣸتَ ذَاکࣸ حَرْاَبَدَا,0.07777777777777778,0.38461538461538464
MAF_286.pdf_page_17_line_008,إِذَࢽْ دَيْ لَوْمَ طَيَاحَرَامࣸࣸ تَجٜيٰ ثِکِي ؞  أَيْکِي ࢽَݣوࢽَاأَرْبَعِيࢽْ بَابࣸ کࣸوغࣸدَا,إِذَࢽْ دَيْ لَوْمَ طَيَاحَرَامࣸ تَجٜي ثِکِي ؞  أَيْکِي ࢽَکࣸوࢽَاأَرْ بَعِيمَ بَابࣸ کࣸوغࣸدَا,0.07777777777777778,0.36363636363636365
A_Person_with_a_Livelihood_Will_Never_Be_Destitute_Mai_Sanaa_Ba_Ya_Tsiya.pdf_page_7_line_005,کࣸوعَجِيَاکَبَىْ مَرَيِّࢽْ صَࢽَاعَ    ڧَرْشٜىٰ کَيْدَشِى ڢَاسَىْ کࣸࢽْ شَرِيعَ,کࣸوعَجِيَاکَبَيْ مَرَيِّࢽْ صَࢽَاعَ   ڧَرْشٜي کَيْدَشِي ڢَاسَيْ کࣸࢽْ شَرِيعَ,0.07792207792207792,0.5
The_Harlots_Song_Waƙar_Karuwa.pdf_page_3_line_014,مَدࣸوبِي دَهࣸودَ کَمَرْ زَاةَ کࣸوَلِّي  تَکَࢽْ کࣸلْلِّيَا تَڢِتࣸواْ دَࢽْدَلِي,مَدࣸوبِي دَهࣸودَکَمَاَرَاةَ کࣸولِّي  تَکَࢽْ کࣸلْلِّيَا تَڢِتࣸواْ دَࢽْدَلِي,0.07792207792207792,0.4444444444444444
A_Person_with_a_Livelihood_Will_Never_Be_Destitute_Mai_Sanaa_Ba_Ya_Tsiya.pdf_page_3_line_008,دَکَاثٜي واࢽٜي ࢽَادَرࣸووَاکࣸوَدطَࢽْيِکَ  کࣸوَاطَيِي ࢽَاغَوَࢽْدَبَايَا صَࢽَاعَ,دَکَاثٜي وَاࢽٜي ࢽَادَرࣸووَاکࣸوَطَࢽْࢽِکَ کࣸوَطَيِي ࢽَاغَوَࢽْدَبَايَاصَࢽَاعَ,0.07792207792207792,0.8333333333333334
A_Person_with_a_Livelihood_Will_Never_Be_Destitute_Mai_Sanaa_Ba_Ya_Tsiya.pdf_page_3_line_012,کࣸمَا سَࢽْذࣸوثِيَاعَࢽَࢽْ ࢽّٜي يَذَوْࢽَا  ثَࢽْ غࣸࢽْ وَࢽْدَکٜي ذَمَابَا صَࢽَاعَ,کࣸمَاسَࢽْذࣸوثِيَاعَࢽَࢽْ ࢽّٜيٰ يَذَوْࢽَا   ثَي غࣸࢽْ وَࢽْدَکٜي ذَمَابَاصَࢽَاعَ,0.07792207792207792,0.6666666666666666
Nana_Asmāʾu_Admonition_Nana_Asmāʾu_Waazi.pdf_page_2_line_013,ࢽَاي وَڧَاتَوَاذࣸدࣸومِࢽْ کࣸکَرْبَا   دࣸوࢽْ کࣸاࣸࢽْڢَاࢽَ ࢽِيِّ جَمَعَرْمࣸسࣸلْمِ,ࢽَايِ وَاڧَاتَوَاذࣸدࣸومِࢽْ کࣸکَرْبَا  دࣸوࢽْ کࣸاࣸࢽْڢَاࢽَࢽِيِّ جَمَعَرْ مࣸسࣸلْمِي,0.07792207792207792,0.7142857142857143
Infiraji_9.pdf_page_18_line_014,بَڧَرْدَوْطَادَوْطَ مَزِࢽَىٰ   وَࢽْکَࢽْتَاأࢽْثٜيٰ سَيْ جَهَࢽَّمَ,بَڧَرْدَوْطَادَوْطَ اَزِّࢽَىٰ  وَࢽْکَࢽَتَاأَࢽْثٜيٰ سَيْ جَهَࢽَّمَ,0.078125,0.4
Infiraji_9.pdf_page_10_line_013,ࢽَاڧَةَصَالِحࣸ تَࢽَاذࣸوَىٰ   دࣸومِࢽْ تَتࣸوࢽَا أَسِيرِࢽْ دࣸوࢽِيَا,ࢽَاڧَةَّ صَالِحࣸ تَࢽَاذࣸوَيٰ  دࣸومِࢽْ تَتࣸوࢽَاأَسِيرِࢽْ دࣸوࢽِيَا,0.078125,0.8333333333333334
Infiraji_9.pdf_page_19_line_006,مَيْزِࢽَىٰ ࢽَمِجِي مَاتَاتَسَا   مَڟَاڢِيَا إِتَثٜيٰ مَاتَاتَسَا,مَيْزِࢽَيٰ ࢽَمِجِي مَاتَاتَسَا  مَطَاڢِيَاإِتَثٜيٰ مَاتَاتَࢽسَا,0.078125,0.6666666666666666
Infiraji_5.pdf_page_11_line_008,إِࢽْ يَسَامࣸواْ کࣸوْاْ کَطَࢽْࢽَا    بَاشِيِࢽْ کَيْوْتَاسࣸرَيْࢽَا,إِࢽْ يَسَامࣸواکࣸوْاْکَطَࢽْࢽَا  بَاشِيِࢽْ کَيْوْتَاسࣸرَيْࢽَا,0.078125,0.5
Infiraji_6.pdf_page_9_line_007,کَاغَ غَٜارَايَاوࣸيَاتَ    يَࢽْذࣸݒَرْࢽَاتَايَوَيْتَ,کَاغَ غَارَايَاوࣸيَاتَ  يَࢽْذࣸبَرْࢽَاتَايَوَيْتَ,0.0784313725490196,0.6666666666666666
Infiraji_8.pdf_page_29_line_011,بَابࣸ ڟࣸوڢࣸو بَاسَمَارِ دࣸکْ ثِکِࢽْ وࣸتَ بَاکࣸزَارِ,بَابࣸ ڟࣸواْڢࣸوبَاسَمَارِ  دࣸکْ ثِکِࢽْ وࣸتَ بَاکࣸزَارِ,0.0784313725490196,0.2857142857142857
ELIT_WAN_00130_017r_line_011,وفل الهى يامࢽ لا شريک له ؞ مالى سواک عليک اليوم تکل,وفل الهى يامࢽ لاش يک له ؞ مالىسواک عليک اليوم متکل,0.0784313725490196,0.4166666666666667
Knowledge_to_Follow_God_Gandal_Fii_Rewugol_Alla.pdf_page_2_line_012,وَسࣸنَنࣸهࣸ سࣸنَّا جِ طِࢽْ ࡶَرْبَعَةࣻکࣸطِنࣵحْ غَسْلࣸ,وَسࣸنَنࣸهࣸ سࣸنَّاجِ طِࢽْ ࡶَرْبَعَةࣻکࣽطِنَىْ غَسْلࣸ,0.0784313725490196,0.5
Knowledge_to_Follow_God_Gandal_Fii_Rewugol_Alla.pdf_page_9_line_010,جَمْ عٜکِسِيٜى وࣽنِى عٜمَکّࣸ ࡶَلْحَيَاءࣸهِرْسَ مِࢽَ,جَمْ عٜکِسِيٜى وࣽنِى عٜمَکّࣽ ࡼلْحَيَاءࣸهِرْسَمِࢽَ,0.0784313725490196,0.5
Infiraji_12.pdf_page_6_line_004,يَدَّکَيْ أيْکِ أسَاکَ    مَاأَبِࢽْدَمࣸتࣸمْ يَشࣸوکَ,يَدَّکَيْ أَيْکِ أَسَاکَ  مَاأَبِࢽْدَمࣸتࣸمْ يَشࣸوکَ,0.0784313725490196,0.4
The_Human_Being_Is_an_Incurable_Disease_Mutum_Cuta_Ne_Marar_Magani.pdf_page_5_line_014,سࣸودَيْ مࣸتَاࢽٜيٰ سَيْکَثٜيٰ جࣸمࣸࢽَا سࣸکٜيٰ    عِتَ تَاڢِ ڟِࢽْڟَايٜيٰ کَمَرْتَ  دَبَࢽّٜيٰ,سࣸودَيْ مࣸتَاࢽٜيٰ سَيْکَثٜيٰ جࣸمࣸࢽَاسࣸکٜي  عِتَ تَاڢِ ڟِࢽْڟَايٜيٰ کَمَرْتَ دَبَࢽّٜيٰ,0.07865168539325842,0.3
Infiraji_9.pdf_page_21_line_008,دَمَيْ بِرِࢽْ جَࢽَبَا تَدَطٜيٰ جِکِ   کࣸورِي شِي کࣸࢽْيِي غَشَࢽْ الْکَوْثَرَا,دَمَيْ بَرِࢽْ جَࢽَبَاتَدَطٜيٰ جِکَ  کࣸورِي شِي کَࢽْيِي غَشَࢽْ اَلْکَوْثَرَا,0.07894736842105263,0.6
The_Human_Being_Is_an_Incurable_Disease_Mutum_Cuta_Ne_Marar_Magani.pdf_page_7_line_013,کࣸومَيْ کَيࣸو طَࢽْأَدَمْ ڢَ کَتَبَّتَا   اَللَّهࣸ ذَيْ سَاکَ وَلَوکَلّࣸوࢽٜيٰ,کࣸومَيْ کَيࣸوطَࢽْأَ دَمْ ڢَ کَتَبّبَّتَا  اَللَّهࣸ ذَيْ سَاکَ وَلَوْکَلّࣸوࢽٜيٰ,0.07894736842105263,0.4444444444444444
Infiraji_9.pdf_page_7_line_001,بَتࣸࢽْ دَࢽَاجِ وࣸرِࢽْ مَالَمْ تࣸکࣸرْ    شَيْخࣸ ࢽَدَبِي مࣸتࣸم مَّيْ حَتَّرَىٰ,بَتࣸࢽْ دَࢽَاجِ وࣸرِࢽْ مَالَمْ ثࣸکࣸرْ  شَيْخࣸ ࢽَدَبِي مࣸتࣸم مَّيْ مَتَّرَٜيٰ,0.07894736842105263,0.2
Infiraji_9.pdf_page_23_line_007,سَادَيَٜࢽْ غِشِرِي دَيَٜࢽْ دَدَّوَا   إِࢽْ کࣸࢽْيِي الْغࣸشࣸواْللَّهْ يَاهَࢽَا,سَادَيَࢽْ غِشِرِي دَيَࢽْ دَدَّوَا  إِࢽْ کࣸࢽْيِي اَلْڧࣸشࣸواَللَّهْ يَاهَࢽَا,0.07894736842105263,0.375
Nana_Asmāʾu_The_Absolute_Truth_1_Nana_Asmāʾu_Tabbat_Haqiqan_1.pdf_page_7_line_012,دࣸکْوࣸتَا أرَّبࣸࢽْسࣸ تَبَّتْ حَڧِيڧََا,دࣸکْ وࣸتَاأَرَّبࣸࢽْسࣸ تَبَّتْ حَڧِيڧََا,0.07894736842105263,0.5
Nana_Asmāʾu_The_Absolute_Truth_1_Nana_Asmāʾu_Tabbat_Haqiqan_1.pdf_page_3_line_006,کَوْثِرَا أࣸࢽکࣸبٜيٰسࣸ تَبَّتْ حَڧِيڧَا,کَوْثِرَا اࣸࢽْکࣸبٜيٰسࣸ تَبَّتْ حَڧَيڧَا,0.07894736842105263,0.5
Nana_Asmāʾu_The_Absolute_Truth_1_Nana_Asmāʾu_Tabbat_Haqiqan_1.pdf_page_8_line_005,سࣸࢽْڧِبِي ذَاسࣸࢽَارࣸدࣸکْ ثَࢽْ أَکࣸورَا    دࣸدَّمَاتَادَکٜيٰڢِکتا بَاضَرࣸورَا,سࣸࢽغِبِي ذَاسࣸࢽَارࣸدࣸکْ ثَࢽْ أَکࣸورَا   دࣸدَّمَاتَادَکٜيٰڢِتَابَاضَرࣸورَا,0.07894736842105263,0.5
Infiraji_3.pdf_page_19_line_015,إِࢽْبَاسࣸوࢽَࢽْکَ ࢽَيْ کِرَابَا يَارسول,إِࢽْبَاسࣸوࢽَࢽْکَ ࢽَىْ کِرَابَا يَارسࣸولِ,0.07894736842105263,0.5
Infiraji_10.pdf_page_2_line_016,کَاجِ إِرِࢽْ حَالَايَࢽْ مَّاتَا    مࣸوࢽَاࢽَا  مࣸغَامَکࣸوطَيْتَا,کَاجِ إِرࢽْ حَالَايَࢽْ مَّاتَا  مࣸوࢽَاࢽَامࣸغَامَکࣸوطَيْتَا,0.07936507936507936,0.5
Infiraji_5.pdf_page_7_line_010,دࣸوْلٜيٰ ࢽٜيٰ سࣸبِ هَࢽْکَلِࢽْسࣸ     إِࢽْدَيَايِي کِرَاسࣸأَمْسَا,دࣸوْلٜيٰ ࢽٜيٰ سࣸبِ هَࢽْکَلِࢽْسَ  إࢽْدَيَايِي کِرَاسࣸأَمْسَا,0.07936507936507936,0.3333333333333333
Infiraji_9.pdf_page_4_line_007,ذَامَࢽِࢽْ رِکْثٜيوَرْ دࣸوࢽِيَا   إِࢽْ يَّاکࣸسَاتࣸوکࣸووَيَاشِࢽَا,ذَامَࢽِࢽْ رِکْثٜيٰوَرْدࣸوࢽِيَا إِࢽْ يَّاکࣸسَاتࣸوکࣸووَايَاشِࢽَا,0.07936507936507936,0.6
Infiraji_4.pdf_page_8_line_012,سَيْ وࣸرِࢽْ تࣸواْذࣸࢽْ أّلࣸولَه    سَيْ وࣸرِࢽْ أَذࣸمِي مࣸوَالَهْ,سَيْ وࣸرِࢽْ تࣸواْذࣸࢽْ اَلࣸولَ  سَيْ وࣸرِࢽْ أَذࣸمِي مࣸوَالَهْ,0.07936507936507936,0.125
Infiraji_4.pdf_page_9_line_001,وَࢽْسࣸ کَࢽْ شࣸوطٜيٰ يَشَاهࣸواْ   وَࢽْدَبَيْ جِࢽڧَيْ غَڟࣸواحࣸواْ,وَࢽْسࣸ کَࢽْ شࣸوطٜيٰ يَشَاحࣸواْ  وَࢽْدَبَيْ جِࢽْڧَي غَڟࣸواْحࣸواْ,0.07936507936507936,0.42857142857142855
MAF_286.pdf_page_18_line_015,سَيْ کࣸوسࣸتࣸوبَ سࣸکَامَ سࣸࢽَّرْ مࣸحَمَّدࣸ؞  تَعَلَىٰ يَڧَاڢَرْثٜسࣸ دࣸࢽْ سࣸࢽْبِ أَحْمَدَا,سَيْ کࣸوسࣸتࣸوبَ سࣸکَامَ سࣸࢽَرْ مࣸحَمَّدࣸ ؞  تَعَلَࢽْ يَڧَاڢَرْثٜيٰسࣸ دࣸࢽْ سࣸࢽْࢽِ أَحْمَدَا,0.07954545454545454,0.6
The_Human_Being_Is_an_Incurable_Disease_Mutum_Cuta_Ne_Marar_Magani.pdf_page_3_line_013,إِࢽْکَاشِغٜيٰسࣸ سࣸثٜيٰ دّکَيْ مَيْسَࢽْ ࢽَسࣸو  کَيْوِࢽٜيٰ سَيْکࣸوْ طَيِࢽْ ڟِيَاغَمࣸتَاࢽٜي,إِࢽْکَاشِغٜيٰسࣸ سࣸثٜيٰ دَکَيْ مَيْسَࢽْ لَسࣸو  کَيْوَاࢽٜيٰ سَيْکࣸوطَيِࢽْ ڟِيَاغَمࣸتَاࢽٜيٰ,0.07954545454545454,0.6666666666666666
Nana_Asmāʾu_The_Authentic_Path_Nana_Asmāʾu_Godaben_Gaskiya.pdf_page_2_line_008,دَڧࣸرْاَࢽࣸ يَذَّکَ يَڢَّدࣸکْ بَيَّࢽَامࣸࢽَ   حࣸکࣸمْثِى دَسَرْکِى يَىِّ دࣸکْمࣸبِ اَحْمَدَا,دَڧَرْءَاࢽࣸ يَذَّکَ يَڢَّدࣸکْ بَيَّࢽَامࣸࢽَ  حࣸکࣸمْثِي دَسَرْکِي يَيِّ دࣸکْمࣸبِ اَحْمَدَا,0.07954545454545454,0.4444444444444444
Nana_Asmāʾu_The_Authentic_Path_Nana_Asmāʾu_Godaben_Gaskiya.pdf_page_6_line_016,غَتࣸوذࣸوࢽْ ڢࣸطࣸأَزࣸمِي ڢَحَجِّ ࢽَکَوْبِيَتْ    ࢽَشِدَّ ڢَأَلْوَضَّا تَحَيَّرْ مࣸحَمَّدَا,غَتࣸوذࣸوࢽْ ڢࣸطࣸأَزࣸمِي ڢَحَجِّ ࢽَکَوْبِيَتْ  حَشِدَّڢَالْوَضَّاتَحَيَّرْ مࣸحَمَّدَا,0.07954545454545454,0.375
A_Poem_in_Honor_of_the_Emir_of_Kano_Waƙar_Sarkin_Kano.pdf_page_1_line_005,سرکࢽ مسلم ياوثي ييسابڧي  مي غࢽدوࢽا بي دک اࢽادوبࢽکا,سکࢽ مسلم ياوثي ييسابغ   مي غࢽدوࢽابي دک اࢽادوبࢽکا,0.08,0.4444444444444444
The_Harlots_Song_Waƙar_Karuwa.pdf_page_1_line_001,بِسْمِ اللَّهِ الَّحَمَاࢽِ الرَّحِيمِ صَلَّى اللَّه عَلَى ࢽَبِيِّ الکَرِيمِ,بِسْمِ اللَّهِ الرَّحْمَٰࢽِ الرَّحِيمِ صَلَّ اللَّهࣸ عَلَى ࢽَبِيِّالکَرِيمِ,0.08,0.5555555555555556
Infiraji_6.pdf_page_23_line_005,حَࢽْࢽࣸوَࢽْسࣸ دَسࣸودَبَاکِ   دࣸوکِيَرْجَمَعادَطَاکِ,حَࢽْࢽࣸوَࢽْسࣸ دَسࣸودَبَاکِ دࣸوْکِيَرْجَمَعَادَطَاکِ,0.08,0.3333333333333333
Warning_Gargaɗi_Infiraji_2.pdf_page_13_line_006,بَاجࣸويايِࢽکَ لَاخِرَابَا,بَاجࣸويَايِࢽْکَ لَاخِرَابَا,0.08,0.5
Knowledge_to_Follow_God_Gandal_Fii_Rewugol_Alla.pdf_page_2_line_011,وَلْڢَوْرࣸعٜيَذِّنْدٜوَالاِسْتِکْمَالِ عٜتِمِّنْدٜ,وَالْڢَوْرࣸعٜيَذِّنْدٜوَالاِسْتِکْمَارِعٜتِمِّنْدِ,0.08,1.0
Infiraji_3.pdf_page_4_line_015,بَأسَامِ أبِࢽدَيَاإيَابَا,بَأسَامِ أَبِࢽْدَيَاإيَابَا,0.08,0.5
ELIT_WAN_00130_009r_line_001,کذاالتعددلا المعلوم يوجب بل هو متحدبالوصڢ ڢى الازل,حذاالتعددلا المعلوم يوجبه بل هومتحدبالوصڢ ڢى الال,0.08,0.625
Infiraji_9.pdf_page_22_line_008,إِࢽْ يَّايِ يَاوࣸو غࣸࢽْ ࢽٜيٰمَاࢽَسَا    إِࢽْ بَيْ غَࢽِيبَا يَداوࣸوابَاوࣸرِي,إِࢽْ يَّايِ يَاوࣸوغࣸࢽْ ࢽٜيٰمَاࢽَسَا  إِࢽْ بَيْ غَࢽِيبَايَدَاوࣸرابَاوࣸرِي,0.08,0.4444444444444444
Infiraji_7.pdf_page_1_line_004,إِلَىٰ مَايَحِبّࣸءَامِيࢽْ .. بِإِذْࢽِ الْمࣸوَلِّڢࣸ,إِلىٰ مَايَحِبّࣸ ءَامِيࢽْ. بِإِذْࢽِ الْمࣸوَلِّڢࣸ,0.08,0.8
Infiraji_3.pdf_page_2_line_001,وَاڧَرْ إࢽْڢِرَاجِ تَعࣸکࣸ,وَاڧَرْ إِࢽْڢِرَاجِ تَعࣸکّࣸ,0.08,0.6666666666666666
Knowledge_to_Follow_God_Gandal_Fii_Rewugol_Alla.pdf_page_4_line_012,والْجࣸلࣸوسࣸࡼلاَخِرࣸعٜجࣽنْدٜسَکِّتࣸرْدٜدٜرْبِفَدْرِ,وَاالْجࣸلࣸوسࣸ ࡼلاَحِرࣸعٜجࣽنْدٜسَکِّتࣸرْدٜدٜرْبِفَدْرِ,0.08,2.0
Knowledge_to_Follow_God_Gandal_Fii_Rewugol_Alla.pdf_page_5_line_003,جَنْفࣸدٜ يࣸمَّ اَلْفࣸرْءَاࢽَ وَالسّࣸورَةࣸعٜسِمࣸورٜ,جَنْفࣸدٜيࣸمَّ ࡻَلفࣸرْءَارَ وَالسّࣸورَةࣸعٜسِمࣸورٜ,0.08,0.75
MAF_286.pdf_page_5_line_008,دَغَࢽَࢽْ ڢَ کَاڢِرَيْ سَيْ سࣸکَ وࣸو شِرِي ؞ دࣸومِࢽْ ڧِيَيَّرْ مَهْدِ جِيکَࢽْ مࣸحَمَّدَا,دَغَࢽَࢽْ ڢَ کَاڢِرَيْ سَيْ سࣸکَ وࣸوشِرِي ؞  دࣸومِي ڧِبَيَّرْ مَهْدِ جِيکِيْ مࣸحَمَّدَا,0.08045977011494253,0.38461538461538464
Infiraji_9.pdf_page_10_line_007,وَࢽْدَبَيِࢽِي ڟَرِࢽْ مَاتَسَبَا کࣸويَيْ عِبَادَالَادَابَايَوَا,وَࢽْدَيَيِّي ڟَرِࢽْ مَاتَࢽْسَبَا کࣸويَيْ عِبَادَالَادَابَايَوَا,0.08064516129032258,0.4
Infiraji_5.pdf_page_17_line_005,دࣸکْ أَکَࢽْ مَامَيْدَشِيࢽٜىٰ    دࣸࢽْ ڢَسࣸࢽْ سَابࣸوْاْدَشِيࢽٜىٰ,دࣸکْ أَکَࢽْ مَامَيْدَشِيࢽٜيٰ  دࣸࢽْ ڢَسࣸࢽْ سَايࣸوْاْدَشِيࢽٜيٰ,0.08064516129032258,0.3333333333333333
Infiraji_4.pdf_page_9_line_014,وَࢽْسࣸ کࣸواْ بِسَ جَࢽْ ثِکِيࢽٜيٰ   ذَاسࣸ ڧٜيٰترَ کَاڢِرَيْࢽٜيٰ,وَࢽْسࣸ کࣸواْبِسَ جَࢽْ ثِکِيࢽٜيٰ  ذَاسࣸ ڧٜيٰتَرَکَاڢِرَيْࢽٜىٰ,0.08064516129032258,0.5
Infiraji_8.pdf_page_14_line_014,ࢽٜيٰ غَرٜٜيٰࢽِ ذࣸوَابِکِيدَيْ   کࣸواْࢽَدَࢽْغِ کࣸواْ ࢽَصَحَبَيْ,ࢽٰٜ غَرٜيٰࢽِ ذࣸوَابِکِيدَيْ  کࣸوْاْࢽَدَࢽْغِ کࣸواْࢽَصَحَبَيْ,0.08064516129032258,0.8333333333333334
Infiraji_8.pdf_page_24_line_007,سَىْ أَثٜىٰ جِبْرِيلࣸ کٜىٰࢽَࢽْ    کࣸوْاأَبࣸوکِࢽْ اَلࢽَّبِࢽَّࢽْ,سَيْ أَثٜىٰ جِبْرِيلࣸ کٜىٰࢽَࢽْ  کࣸواْأَبࣸوکِࢽْ اَلࢽَّبِࢽَّࢽْ,0.08064516129032258,0.3333333333333333
Infiraji_6.pdf_page_6_line_013,سࣸوْاْمَ تَتْتَرَ هَࢽْکَلِࢽْکَ   کَيْ شِرِࢽْ غَٜارَࢽْ غِدَࢽْکَ,سࣸوْاْمَ تَࢽْتَرَهَࢽْکَلِࢽْکَ کَيْ شِرِࢽْ غَارَࢽْ غِدَࢽْکَ,0.08064516129032258,0.42857142857142855
Infiraji_6.pdf_page_10_line_007,يَاحَيٜيٰ مَاتࣸوْاْدَبَابࣸرْ  کࣸوْاْوَࢽٜيٰ عْوْڢِسْ أّتٜيٰبࣸرْ,يَاحَيٜيٰ مَاتࣸوْاْدَبَابࣸرْ کࣸوْاْوَࢽٜيٰ عࣸوْلْڢِسْ أَتٜيٰبࣸرْ,0.08064516129032258,0.4
Infiraji_10.pdf_page_5_line_016,وَطَࢽْ سࣸواْ مَذَاطَوکَادَأَجٜيٰوَا   سࣸࢽَاطࣸوکِࢽْ مَّثٜيٰ سَيْ سَٰࣸجٜيتَا,وَطَࢽْ سࣸواْ مَذَاطَوْکَادَأَجٜيوَا   سࣸࢽَاطِوکِࢽْ تَّثٜيٰ سَيْ سࣸأَجٜيٰتَا,0.08108108108108109,0.5714285714285714
Nana_Asmāʾu_Admonition_Nana_Asmāʾu_Waazi.pdf_page_2_line_008,حَيَّ مَاتَاکࣸبَرْڢِتَاسَيْ ضَلࣸورَا   طَࢽْ بِطَثّٜي دَتَࢽْبَيࣸوࣸ غَعِلْمِ,حَيَّ مَاتَاکࣸبَرْڢِتَاسَيْ ضَلࣸرورَا  طَيْ بِطَثِّي دَتَّࢽْبَيࣸو غَعِلْمِ,0.08108108108108109,0.5714285714285714
A_Person_with_a_Livelihood_Will_Never_Be_Destitute_Mai_Sanaa_Ba_Ya_Tsiya.pdf_page_7_line_012,ࢽَࢽْ ذَࢽْ سَلَّمَا دَکࣸوࢽي أمِيࢽࣸ  مࣸجِࢽْ حَجِيَا ࢽَابَرَ مَيْکٜࢽْ طَبِيعَ,ࢽَࢽْ ذَࢽْ سَلَّمَادَکࣸوࢽِي أَمِيࢽࣸ  مࣸجِࢽْ حَجِيَاࢽَابَرَمَيْکٜࢽْ طَبِيعࣸ,0.08108108108108109,0.7
Infiraji_9.pdf_page_8_line_001,ڢَصْلࣸࣸ مَّالَمْ بَدَمَاصِي ࢽَاسࣸوبَا,ڢَصْلࣸ مَّالمْ بَدَمَاصِي ࢽَسࣸوبَا,0.08108108108108109,0.75
A_Poem_on_Friends_and_Relations_Waƙar_Ƴan_Uwa.pdf_page_4_line_011,کࣸودَا مَکَاهࣸو إࢽْکَسَاشِي أغࣸودَبٜي,کࣸودَامَکَاهࣸوإࢽْکَسَاشِي أغࣸودَبِي,0.08108108108108109,1.0
Infiraji_10.pdf_page_10_line_002,بِسمِ اِللَّهِ اِلرَّحْمَٰࢽِ اِلرَّحِيمِ  وَصَلَّى اللَّهࣸ عَلَىٰ الࢽَّبِيِ الْکَرِيمِ,بِسْمِ اللَّهِ اَلرَّحْمَٰࢽِ اِلرَّحِيمِ  وَصَلَّى اَللَّهࣸ عَلَى الࢽَّبِي اِلْکَرِيمِ,0.08139534883720931,0.7777777777777778
MAF_286.pdf_page_5_line_009,سࣸکَذࣸودَيَاڧِ وَࢽْدَبَابࣸ کَمَاتَسَ ؞  سࣸوࢽَࢽْسَ يَاڧِࢽْ جَرْدَاأࣸمَّ اّّلْمࣸحَمَّدَا,سࣸکَذࣸودَيَاڧِ وَࢽْدَبَابࣸ کَمَاتَسَ ؞ سࣸوࢽَࢽْسَ يَاغِمِ جَرْدَاأࣸمَّ اَلْمࣸحمَّدَا,0.08139534883720931,0.25
Infiraji_7.pdf_page_7_line_001,شِڢَ جَاهِلْثِ يَثَرْبࣸ ࢽٜيٰ ࢽَکَاڢِرْثِ غَأَيْبࣸ,شِڢَ جَامِلِ ثِ يَتَرْبࣸ ࢽٜيٰ ࢽَکَاڢِرْثِ غَأَيْبࣸ,0.08163265306122448,0.5
ELIT_WAN_00130_008v_line_010,کما احا ط واحص علمه عددا ؞ ڢى کل علوعلااوکل منسڢل,کااحاط واحص علم عددا ؞ ڢى کل علوعلااوکل منسڢل,0.08163265306122448,0.36363636363636365
Infiraji_12.pdf_page_8_line_013,يࣸࢽڧࣸرِࢽَامࣸوڟَ ثِࢽْيَا    هَاکَذَامَارَادَبَايَا,يࣸࢽْڧࣸرِࢽَامࣸواڟَ ثِࢽْيَا  هَاکَذَامَارَادَبَايَا,0.08163265306122448,0.3333333333333333
ELIT_WAN_00130_004v_line_006,ڢماتى ى ذرةمخلوفةعبشا ؞ بل هى شا هدة للواحدالاءزل,ڢماتى ى ذرة مخلوفة عبشا ؞ بل هى شاهدة للواحدالا زل,0.08163265306122448,0.6666666666666666
Knowledge_to_Follow_God_Gandal_Fii_Rewugol_Alla.pdf_page_2_line_016,وَالاِسْتِسَآرࣸعٜجِتِّتَادٜوَمَسْحࣸ ࡽلاّࣸذْنَيْࢽِ,وَاالاِسْتِيَسَارࣸعٜجِتِّتَادٜوَمَسْحࣸ ࡽلاّࣸذْنَيْࢽِ,0.08163265306122448,0.5
A_Poem_in_Honor_of_the_Emir_of_Kano_Waƙar_Sarkin_Kano.pdf_page_1_line_008,الله يکي ک يميدکي دڢرࢽثک  برࢽي کࢽو تي مرحب دزوࢽکا,الله يکي ک يميدکي دڢرࢽثک برࢽي کࢽوتي مرحب دࢽوࢽࢽا,0.08163265306122448,0.3
A_Poem_in_Honor_of_the_Emir_of_Kano_Waƙar_Sarkin_Kano.pdf_page_1_line_012,وࢽࢽ کرامثي د الله ييمکا   ياڢور مخلوڧات دک سࢽبيکا,وࢽࢽ کراماثي دالله بيمکا  ياڢور مخلوڧات دک سࢽبيکا,0.08163265306122448,0.4444444444444444
Infiraji_6.pdf_page_5_line_011,مَيْ رࣸبࣸوتࣸࢽْ تَوَّدَرْيَوْ بَيْ جِٜڧٜيٰبَا سَبࣸودَوَايࣸوْاْ,مَيْ رࣸبࣸوتࣸࢽْ تَوَّدَرْيَوْ  بَى جِڧٜيٰبَ سَبࣸودَوَايࣸوْاْ,0.08196721311475409,0.3333333333333333
Infiraji_4.pdf_page_22_line_013,سَيْ أَبࣸوطٜيٰ وࣸتَا يَدࣸوبَا   سَيْ يَهَࢽْغِ إِرِࢽْ عَذَابَا,ࢽَ أَبࣸوطٜيٰ وࣸتَايَدࣸوبَا  سَيْ يَهَࢽْغِ إِرِࢽْ عَذَابَا,0.08196721311475409,0.375
Infiraji_8.pdf_page_11_line_007,إِࢽْ حࣸکࣸࢽْثِࢽْࢽَࢽْ يَڧَارٜيٰ   کࣸواْذࣸمࣸࢽْثِي کࣸواْ ࢽَأورٜيٰ,إِࢽْ حࣸکࣸࢽْثِࢽْࢽَࢽْ يَڧَارٰٜ  کࣸواْذࣸمࣸࢽْثِي کࣸواْࢽَأَوْرٜيٰ,0.08196721311475409,0.5
Infiraji_4.pdf_page_38_line_009,سَيْتَ يࣸࢽْڧࣸرَذَاتَ ڢِسْغٜىٰ    تَىْ حࣸشِي تَمْکَرْتَڟَاغٜىٰ,سَيْتَ يࣸࢽْڧࣸرَذَاتَ ڢِسْغٜيٰ  تَيْ حࣸشِي تَمْکَرْتَڟَاغٜيٰ,0.08196721311475409,0.5
Infiraji_4.pdf_page_41_line_005,أىْ جِبِࢽْ وَسࣸ ࢽَاذࣸبࣸوْاوَا   دࣸدّࣸغٜىٰࢽْسࣸ وَطَࢽسࣸ غࣸيْوَا,أَيْ جِبِࢽْ وَسࣸ ࢽَاذࣸبࣸواوَا  دࣸدّࣸغٜىٰࢽْسࣸ وَطَࢽْسࣸ غࣸيْوَا,0.08196721311475409,0.42857142857142855
Infiraji_4.pdf_page_41_line_012,کࣸࢽْ مࣸتَاࢽٜىٰ دࣸکْ أرࣸوڟࣸو      حَࢽکَلِࢽْ جَمَعَاشِمࣸوْاْڟࣸو,کࣸࢽْ مࣸتَاࢽٜيٰ دࣸکْ أَرࣸوڟࣸو    حَࢽْکَلِࢽْ جَمَعَاشِمࣸوْاْڟࣸو,0.08196721311475409,0.5
Infiraji_5.pdf_page_7_line_014,کَيْوْتࣸوَاࢽَسَ  کࣸوْاْمࣸغࣸࢽْتَ    دࣸࢽْ تَلَکَّاوَࢽْ مࣸتࣸࢽْثِ,کَيْوْتࣸوَاࢽَسَ کࣸوْاْمࣸغࣸࢽْثِ  دࣸࢽْ تَلَکَّاوَࢽْ مࣸتࣸࢽْثِ,0.08196721311475409,0.2
Infiraji_4.pdf_page_25_line_014,سَيْ أَثٜيٰ مَسَ مࣸࢽْ هࣸکࣸࢽْتَا    سِيدِ مࣸومࣸکَ سَاکَمَࢽْتَا,سَيْ أَثٜيٰ مَسَ مࣸࢽْ مࣸکࣸࢽْتَا  سِيدِمࣸومࣸکْ سَاکَمَࢽْتَا,0.08196721311475409,0.375
Infiraji_3.pdf_page_14_line_014,کَوْادَڢِࢽْ ڧَرْڢِࢽْ سَرَوْتَا    يَڧِ ثِي يَڧِ شَا يَبَرْتَا,کَوْادَجِࢽْ ڧَرْڢِࢽْ سَرَرْتَا  يَڧِ ثِي يَڧِ شَايَبَرْتَا,0.08196721311475409,0.5
Infiraji_8.pdf_page_18_line_001,سَيْ سࣸثٜيٰ ڟَࢽْࢽِࢽْ وࣸتَاࢽٜيٰ  يَاإِسَمَّࢽْ يَوْشٜيٰࢽٜيٰࢽيٰٜ,سَيْ سࣸثٜيٰ ڟَࢽَࢽِࢽْ وࣸتَاࢽٜيٰ  يَاإِسَمَّࢽَ يَوْشٜيٰ ࢽٜيٰيٰ,0.08196721311475409,0.6666666666666666
Infiraji_9.pdf_page_7_line_004,إِࢽْ دࣸوࢽِيَࢽَࢽَا ذَاتَا تَبِرْکِتَا   مثِيَاَ أَمَاࢽَاࢽٜيٰ ذَاسࣸيْ يَوَا,إِࢽْ دࣸوࢽِيَࢽَࢽَاذَاتَاتَبِرْکِتَا  مَثِيَاأَمَاࢽَاࢽٜيٰ ذَاسࣸيْ يَوَا,0.0821917808219178,0.625
Infiraji_10.pdf_page_1_line_005,يَسَيَادَࢽْ يَڧَارࣸ  ࢽَايِ وَࢽَّࢽْ لِّتَاڢِي سَبࣸودَ حَدِيثِࢽْ سَيِّدَࢽَا,يَسَيَادَيْ يَڧَارࣸ ࢽَايِ وَࢽَّࢽْ لِتَاڢِي سَبࣸودَحَدِيثِࢽ سَيِّدِࢽَا,0.0821917808219178,0.625
Infiraji_9.pdf_page_7_line_011,ذَاکِي يَبࣸوطٜيٰ ڢِيڧࣸوڧِيࢽَسَا    غَرْکِࢽْ تࣸمَاکِي بَاسࣸ وࣸرِࢽْغࣸدࣸواْا,ذَاکِي يَبࣸوطٜيٰ ڢِيڧࣸوڧِيࢽَسَا  غَرْکِࢽْ تࣸمَاکَيْ بَاسࣸ وࣸرِࢽْغࣸدࣸوا,0.0821917808219178,0.2857142857142857
MAF_286.pdf_page_15_line_003,کࣸووَايَبَرْصَلَّادَغَࢽْ غَࢽْڢَ تَاوࣸثٜىٰ  ؞  يَکَاشَاعَذَابَ غࣸوبٜ إࢽْجِِ مࣸحَمَّدَا,کࣸووَايَبَرْصَلاَدَغَࢽْ غَࢽْڢَ تَاوࣸثٜيٰ ؞  يَکَاشَاعَذَابَ غࣸوبِ إِࢽْجِ مࣸحَمَّدَا,0.08235294117647059,0.5
The_Human_Being_Is_an_Incurable_Disease_Mutum_Cuta_Ne_Marar_Magani.pdf_page_3_line_011,حَرْهحَࢽْکَلِي وَاللَّهِ کَاجِ يَکَࢽْ بَثٜي   بِسَ کَࢽْ طَبِيعࣸوعِࢽْسَ کَاجِ مࣸتَاࢽٜي,حَرْحَࢽْکَلِي وَاللَّهِ کَاجِ بَکَࢽْ بَثٜي بِسَ کَࢽْ طَبِيڢࣸوعِࢽْسࣸ کَاجِ مࣸتَاࢽٜيٰ,0.08235294117647059,0.4
The_Human_Being_Is_an_Incurable_Disease_Mutum_Cuta_Ne_Marar_Magani.pdf_page_4_line_009,إِِࢽْبَارࣸمَࢽْکَ دَسࣸو سࣸذَمَّکَ بِࢽْثِکٜيٰ   وَيْکَيْ شَکِيِّࢽٜيٰ غَرٜيٰسࣸ مࣸتَاࢽٜيٰ,إِࢽْبَارࣸوَࢽْکَ دَسࣸوسࣸذَمَّکَ بِࢽْثِکٜي  وَيْکَيْ شَکِيْࢽٜيٰ غَرٜيٰسࣸ مࣸتَاࢽٜيٰ,0.08235294117647059,0.625
A_Poem_on_Friends_and_Relations_Waƙar_Ƴan_Uwa.pdf_page_2_line_002,يَا طَࢽْعࣸوَا کَتَڧَيْتَا ࢽٜمَࢽْ دࣸوࢽِيَا   کَکِيَايِجَاهِلْثِي کَجٜي غࣸࢽْ يٜࢽْ عࣸوَا,يَاطَࢽْعࣸوَاکَتَڧَيْتَا ࢽٜمَࢽْ دࣸوࢽِيَا  کَکِيَايَجَاهِلثِي کَجٜي غࣸࢽْ عࢽْ عࣸوَا,0.08235294117647059,0.5
Infiraji_5.pdf_page_15_line_005,حَرْمِجِي يَتَهࣸوْايَلٜىٰ ڧَا    حَرْسࣸثٜىٰ سࣸࢽْ ڢَارَسَاڧَا,حَرْمِجِي يَتَهࣸوايَلٜيٰ ڧَا  حَرْسࣸثٜيٰ سࣸࢽْ ڢَارَسَاڧَا,0.08333333333333333,0.3333333333333333
Infiraji_5.pdf_page_18_line_008,بَاسࣸ ڧَوْࢽَرْمَىْ تَلَوْثِ    وَࢽْدَيَىْ هَکَ يَىْ بࣸتࣸلْثِ,بَاسࣸ ڧَوْࢽَرْمَيْ تَلَوْثِ  وَࢽْدَيَىْ حَکَ يَيْ بࣸتࣸلْثِ,0.08333333333333333,0.42857142857142855
Infiraji_4.pdf_page_1_line_004,إِلىٰ مَايࣸحِبّࣸ ءّامِيࢽ,إِلَىٰ مَايࣸحِبّࣸ ءَامِيࢽ,0.08333333333333333,0.6666666666666666
Infiraji_4.pdf_page_44_line_005,سَىْ غَبَࢽْ کࣸرْسِࢽْ سَرَوْتَا    دࣸࢽْذࣸوَࢽَّࢽْ يَا وࣸيَاتَا,سَيْ غَبَࢽْ کࣸرْسِࢽْ سَرَوْتَا  دࣸࢽْ ذࣸوَࢽَّࢽْ يَاوࣸيَاتَا,0.08333333333333333,0.5714285714285714
A_Poem_on_the_British_Waƙar_Nasara.pdf_page_2_line_012,حکمثي يابوا ياغماس ايکو    اࢽاودذاميي مبوي ࢽصارا,حکمثي يابواياغماس ايکو  ࢽاودذاميي مبوي ࢽصارا,0.08333333333333333,0.42857142857142855
Warning_Gargaɗi_Infiraji_2.pdf_page_8_line_007,شِي بَتࣸوࢽَسَ غَسْکِيَاࢽٜيٰ    دࣸوࢽْ حِدِثِࢽْ مࣸصْطَڢَيٰࢽٜيٰ,شِي بَتࣸوࢽَسَ غَسْکِيَاࢽٜيٰ  دࣸوࢽْ حَدِيثِࢽْ مࣸصْطَڢَي ࢽٜيٰ,0.08333333333333333,0.5
ELIT_WAN_00130_009v_line_015,ڢصل ناالکلام,ڢصل نا الکلام,0.08333333333333333,1.0
Infiraji_9.pdf_page_25_line_001,أَيْکِي ࢽَسَابࣸواْ بَاتِلَسْ بࢽٜيٰ    حَڧࣸرِي أَکَࢽْيِي أّذَمْࢽَالاڢِيَا,أَيْکِي ࢽَسَابࣸواْ بَاتِيلَسْ بَࢽٜيٰ  حَڧࣸرِي أَکَࢽْيِي أَذَمْࢽَالَاڢِيَا,0.08333333333333333,0.42857142857142855
Infiraji_7.pdf_page_12_line_011,کࣸࢽْڧِ بَادَحَڧِࢽْ عِيَالِ وَࢽْدَ يَابَاکࣸ مَالِ,کࣸࢽْڧِ بَادَحَڧِࢽْ عِيَالِ  وَࢽْدَمَايَابَاکࣸ مَالِ,0.08333333333333333,0.3333333333333333
Infiraji_8.pdf_page_26_line_013,سَىْ أَثٜىٰ مَسَ مࣸࢽْ هࣸکࣸࢽْتَا    سِيدِمࣸومࣸکَ سَاکَمَࢽْتَا,سَيْ أَثٜيٰ مَسَ مࣸࢽْ هࣸکࣸࢽْتَا  سِيدِ مࣸومࣸکَ سَاکَمَࢽْتَا,0.08333333333333333,0.5714285714285714
MAF_286.pdf_page_9_line_001,سࣸکَثٜيٰ سࣸࢽَاڧَارَاࢽَّسِيدࣽ بَلاَربٜيٰ ؞ سࣸࢽَاجَࢽْسَ حَڧِّ ࢽَاسࣸ مڧِيَّا مࣸحَمَّدَا,سࣸکَثٜيٰ سࣸࢽَاڧَارَاࢽَسِيدِ َلأَرَبٜيٰ ؞  سࣸࢽَاجَࢽْسَ حَڧِّ ࢽَاسࣸ مَڧِيَّا مࣸحَمَّدَا,0.08333333333333333,0.3333333333333333
The_Human_Being_Is_an_Incurable_Disease_Mutum_Cuta_Ne_Marar_Magani.pdf_page_5_line_004,بَبَّࢽْ أَبِࢽْدَࢽَتَࢽْبَيَا يَاࢳࢽْ عࣸوَا    دࣸکَّࢽْ حَلِتَّا وَاللَّهِ بَايَمࣸتاࢽٜيٰ,بَبَّࢽْ أَبِࢽْدَࢽَتَࢽْبَيَايَاࢳَࢽْ عࣸوَا  دࣸکَّࢽْ حَلِتَّاوَاللَّهْ بَايَمࣸتَاࢽٜيٰ,0.08333333333333333,0.625
MAF_286.pdf_page_20_line_015,کمله يوم لابعاء بست وعشر,کمله يوم لارمعاء بست وعشر,0.08333333333333333,0.2
Infiraji_8.pdf_page_16_line_005,وَࢽْسࣸ کࣸواْأَوࣸتَرْجَهِيمࣸ    کࣸواْوَاࢽٜيٰ أَکَثٜيٰ أّرࣸومࣸ,وَࢽْسࣸ کࣸواْأَوࣸتَرْجَهِيمࣸ کࣸواْوَࢽٜيٰ أَکَثٜيٰ أَرࣸومࣸ,0.08333333333333333,0.4
Infiraji_7.pdf_page_13_line_013,إِࢽْࢽَرَاڟَ کࣸڢَيْ زࣸبَبَّيٰ سَي ࢽِکَࢽْ تࣸࢽَ يَوْدَغࣸواْبٜيٰ,إِࢽْ ࢽَرَاڟَ کࣸڢَيْ زࣸبَبّٜيٰ  سَيْ ࢽِکَࢽْ تࣸࢽَ يَوْدَغࣸوْاْبٜيٰ,0.08333333333333333,0.7142857142857143
Infiraji_12.pdf_page_16_line_002,ڧِيْدَسࣸوْاأࢽْ شࣸوکَ ثࣸوتَا    مَاسࣸ بِي ࢽَسَ سَيْ مࣸغࣸࢽْتَا,ڧِيْدَسࣸوْاْأَࢽْ شࣸوکَ ثࣸوتَا  مَاسࣸ بِي ࢽَسَ سَىْ مࣸغࣸࢽْتَا,0.08333333333333333,0.25
Infiraji_4.pdf_page_9_line_005,وَࢽْسࣸ کࣸواْ ࢽَاڧٜيٰتَرٜيٰوّا   سَيْکَثٜيٰ شَاهࣸوا دَشِرْوَا,وَࢽْسࣸ کࣸواْࢽَاڧٜيٰتَرٜيٰوَا  سَيْکَثٜيٰ شَاحࣸواْدَشِرْوَا,0.08333333333333333,0.6666666666666666
MAF_286.pdf_page_7_line_007,يَࢽَاکࣸمَ دَلَادَوَࢽْدَکࣸوڢَ مَلَاءِکَ ؞  بَيَاإِيَ رࣸبࣸوتࣸو ࢽَسْبَ سِيدِ مࣸحَمَّدَا,يَࢽَاکࣸمَ دَلَاَأࣸوَࢽْدَکࣸوڢَ صَلَاءِکَ ؞  يَبَاإِيَ رࣸبࣸوتࣸوࢽَسْبَ سِيدِ مࣸحَمَّدَا,0.08333333333333333,0.5555555555555556
The_Glorious_Majidu_Infiraji_1.pdf_page_8_line_006,دࣸکَـ وَࢽْدَ يَڧِيْکَـ مَايِي غَابَا,دࣸکَ وَࢽْدَ يَڧِيکَ مَايِي غَابَا,0.08333333333333333,0.4
The_Glorious_Majidu_Infiraji_1.pdf_page_7_line_001,٢٠  شِي يَطَوکَکَـ بِرْبِشِࢽْسࣸ     حَسَّدَرْسࣸ تَهَلَّکَاسࣸ,٢٠ شِي يَطَوکَکَـ بِرْبِشِࢽْسࣸ  حَࢽَّدَرْسࣸ تَهَلَّکَاسࣸ,0.08333333333333333,0.16666666666666666
ELIT_WAN_00130_015r_line_005,ڢصل ناالص اط,ڢصل نا الص اط,0.08333333333333333,0.6666666666666666
Infiraji_9.pdf_page_2_line_005,طࣸبِعَ عَلَىٰ ࢽَڢَڧَةِ اَلْحَاجِّ مࣸحَمَّدࣸ البَشِير ࢽَا الحَاجِّ سَعْدࣸ,طࣸبِعَ عَلَىٰ ࢽَڢَڧَةِ الْحَاجَّ مࣸحَمَّدࣸالبَشِيرࣸࢽَاالْحَاجِّ سَعْدࣸ,0.08333333333333333,0.5555555555555556
Infiraji_12.pdf_page_5_line_008,وَࢽْدَبَىْ کَتَرِࢽْ رَبࣸوْبَا    إࢽْ يذَمْ بَىْ تَمْبَيَابَا,وَࢽْدَبَىْ کَتَرِࢽْ رَبࣸوبَا  إࢽْ يَذَمْ بَيْ تَمْبَيَابَا,0.08333333333333333,0.42857142857142855
A_Poem_on_the_British_Waƙar_Nasara.pdf_page_3_line_009,اکي ياجوج بايادتاس علا    سࢽاشل دوࢽيا سڢحي ࢽصارا,اکي ياجوج بايادتاس علا  سࢽاشک دوࢽياسڢحي ࢽصارا,0.08333333333333333,0.375
Warning_Gargaɗi_Infiraji_2.pdf_page_11_line_013,يَوْإِࢽَاسَرْکِرْ مࣸسࣸلْمِى  بَىٰلّࣸواْکࣸوا عَبْدࣸالْکَرِيمِ,يَوْإِࢽَاسَرْکِࢽْ مࣸسࣸلْمِى  بࢽلّࣸواْکࣸواْعَبْدࣸالْکَرِيمِ,0.08333333333333333,0.75
Infiraji_9.pdf_page_2_line_002,بَکࢽْدَمِيَا,بَکَࢽْدَمِيَا,0.08333333333333333,1.0
Nana_Asmāʾu_The_Authentic_Path_Nana_Asmāʾu_Godaben_Gaskiya.pdf_page_3_line_010,کࣸذَمْکَ بِطَڢَّ سَࢽِي غَاَلدِّيࢽِ کࣸبَرْبَتَا     غَحَࢽْيَا ڢَکَرْکࣸبَثٜيٰ ڢَغࣸوبٜيٰ غَأحَمَدَا,کࣸذَمْکَ بِطَڢَّ سَࢽِي غَالدِّيࢽْ کَبَرْبَتَا    غَحَࢽْيَاڢَکَرْکࣸبَثٜيٰ ڢَغࣸوبٜيٰ غَأَحْمدَا,0.08333333333333333,0.5555555555555556
Infiraji_6.pdf_page_20_line_004,سَىْ کࣸجٜىٰ غࣸࢽْ ࢽࣸوحࣸ کࣸوشِي   ذَىْ إِيَّامࣸوࣸثٜىٰ غَرٜىٰشِ,سَيْ کࣸجٜيٰ غࣸࢽْ ࢽࣸوحࣸ کࣸوشِي  ذَيْ إِيَّامࣸوࣸثٜيٰ غَرٜىٰشِ,0.08333333333333333,0.5
Infiraji_9.pdf_page_21_line_002,دَمَيْسَکٜيٰ رَمَکࣸوأَذࣸمِيࢽَسَا    حَرْوَتَࢽْ رَّمَضَࢽْ وَࢽِي يَاذَکَىٰ,دَمَيْسَکٜيٰ رَمْکࣸوࢽَذࣸمِيࢽَسَا  حَرْوَتَࢽْ رَّمَضَࢽْ وَࢽِي يَاذَکٜيٰ,0.08333333333333333,0.3333333333333333
Knowledge_to_Follow_God_Gandal_Fii_Rewugol_Alla.pdf_page_7_line_004,جَمْرَاجِ وَالنَّهْيࣸ عٜهَتَّادٜعَرِࡽلتَّفَلّࣸمِ الاَجْڢَارِ,جَمْرَاجِ وَالنَّهْىࣸ عٜهَتَّادٜعَࢽِ ࡽلتَّفَلْمِ الاَجْڢَارِ,0.08333333333333333,0.75
Infiraji_4.pdf_page_4_line_003,ذَاسࣸ إِسْکٜيٰ إِرِࢽْ رَبࣸࢽسࣸ     سࣸࢽْ ࢽَوَيْ غَمَتَتّرَرْسࣸ,ذَاسࣸ إِسْکٜيٰ إِرِࢽْ رَبࣸࢽْسࣸ  سࣸࢽْ ࢽَوَيْ غَمَتَتَّرَرْسࣸ,0.08333333333333333,0.2857142857142857
Infiraji_12.pdf_page_18_line_005,کࣸواْحَلِي ࢽَسَ مَادَبَࢽْࢽّٜىٰ    يَاڢِ دَࢽْغَࢽْتَادَأرْࢽٜىٰ,کࣸواْحَلِي ࢽَسَ مَادَبَࢽْࢽٜىيٰ  يَاڢِ دَࢽْغَࢽْتَادَأَرْࢽٜىٰ,0.08333333333333333,0.4
ELIT_WAN_00130_009v_line_002,فدجل سبحانه عࢽ اࢽ يکوࢽ له ؞ مࢽ الاوامࢽ غير ممتثل,فدجل سبحانه عࢽ اࢽ يکوࢽ له ؞ مࢽ الاوامࢽ امࢽ غير ممتثل,0.08333333333333333,0.09090909090909091
Infiraji_4.pdf_page_7_line_015,کࣸࢽْ بَثٜيٰ دࣸوْمِࢽْ حَلِࢽْکࣸ    کࣸرْکࣸکࣸࢽْ وࣸتَاذَاأَکَيْکࣸ,کࣸࢽْ بَثٜيٰ دࣸومِࢽْ حَلِࢽْکࣸ کࣸرْکࣸکࣸࢽْ وࣸتَ ذَاأَکَيْکࣸ,0.08333333333333333,0.5
Infiraji_4.pdf_page_12_line_014,مَاسࣸ ثِࢽْ کَايَࢽْ مࣸتَاࢽٜيٰ   يٜيْ ڢَشِي کࣸواْمَاسࣸ سَاࢽٜيٰ,مَاسࣸ ثِࢽْ کَايَࢽْ مࣸتَاࢽٜيٰ  بَࢽْ ڢَشِي کࣸوْاْمَاسࣸ سَاࢽٜيٰ,0.08333333333333333,0.25
Knowledge_to_Follow_God_Gandal_Fii_Rewugol_Alla.pdf_page_7_line_007,جࣸوتَاطٜ جࣽنْجِ وَفَالَ رَسࣸولࣸ ࡻللَّهِ نࣸلاَطࣸ أَلَّ مَاکِ,جࣸوتَاطٜ جࣽنْجِ وَفَالَرَسࣸولَ ࡻللَّهِ نࣸلاَةࣸألَّ مَاکِ,0.08333333333333333,0.5
Nana_Asmāʾu_The_Absolute_Truth_1_Nana_Asmāʾu_Tabbat_Haqiqan_1.pdf_page_4_line_004,إࢽْڢَ اَلْڧَاضِ ثَࢽْ ثِکِࢽْ ࢽَاشِ حࣸکࣸمْي   يَڧِ بِࢽْ غࣸودَبٜيٰ کࣸسَࢽْ يَايِ ظࣸلْمِي,إِࢽْڢَ اَلْڧَاضِي ثَࢽْ ثِکِࢽْ ࢽَاشِ حࣸکࣸمي  يَوِّبِࢽْ غࣸودَبٜيٰ کࣸسَࢽْ يَايِ ظࣸلْمِي,0.08333333333333333,0.4166666666666667
MAF_286.pdf_page_7_line_015,سَيْ کࣸمَ جِيکَاࢽَسْ مَهْدِيّࣸ مࣸࢽْتَظَرْ ؞ شِي مَا حࣸصࣸوصِ ࢽٜيٰ ࢽَسِيدِ مࣸحَمَّدَا,سَيْ کࣸمَ جِيکَاࢽَسْ مَهْدِيّࣸ مࣸࢽْتَظَرْ ؞ شِمَّ مࣸهࣸومِ ࢽٜيٰ ࢽَسِيدِ مࣸحَمَّدَا,0.08433734939759036,0.25
MAF_286.pdf_page_10_line_004,سَيْکࣸووحَدِيثَࢽْ أَࢽَّبِمّࣸ مࣸحَمَّدَا ؞  سࣸومَا تَڢَرْکِي ࢽٜيٰ تَذࣸواغَمࣸحَمَّدَا,سَيْکࣸووحَدِيثَࢽْ أَࢽَّبِّمّࣸ مَحَمَّدࣸ ؞  سࣸومَاتَڢَرْکِي ࢽٜيٰ ࢽَذࣸواغَمࣸحمَّدَا,0.08433734939759036,0.625
MAF_286.pdf_page_12_line_001,کࣸمَ ڧَرْيَتَاوَاثٜيٰ غَڢَطَرْأࣸبَࢽْغِجِ ؞  سࣸبْحَاࢽࣸهࣸ ڧَهَّارࣸ سَرْکِي مࣸحَمَّدَا,کࣸمَ ڧَرْيَتَاوَاثٜيٰ غَڢَطَرْءࣸ بَࢽْغِجِ ؞ سࣸيْجَاࢽَهࣸ ڧَرَّارࣸ سَرْکِي مࣸحَمَّدَا,0.08433734939759036,0.5
MAF_286.pdf_page_16_line_004,مࣸتࣸمْ کَرْيَيِووبࣸورَا دَأَيْکِࢽْ وَࢽِي ࢽَسَ ؞  کࣸووَاڢَ تَکَࢽْسَ إِࢽجِ مࣸحَمَّدَا,مࣸتࣸمْ کَرْيَيِوࣸوبࣸورَا دَأَيْکِࢽْ وَࢽِي ࢽَسَ ؞  کࣸووَاڢَ يَيْ تَکَࢽْسَ إِࢽْجِ مࣸحَمَّدَا,0.08433734939759036,0.3
The_Harlots_Song_Waƙar_Karuwa.pdf_page_1_line_010,بࣸکَاتَرْةَ سَاڢّٜي دَيَيَّمَ أبَاةَ  کࣸوْوَّا يَطَوْکٜيوَ طَوکَ بࣸکاةَ,بࣸکَاتَرْةَ سَاڢٜي دَبَيَّمَ أَبَاةَ  کࣸوْوَّا يَطَوْکٜيٰوَطَوکَ بࣸکَاةَ,0.08450704225352113,0.75
A_Poem_on_Adultery_Waƙar_Zina.pdf_page_2_line_017,دَدَاوَرَ غَوَا کَامࣸسࣸلْمي سَجِيتَا  سࣸبَرْسࣸ سࣸتَارَ دَمِي يِࢽْ زِࢽَا,دَدَاوَرَغَوَاکَامࣸسࣸلْمِي سࣸجِيتَا   سࣸبَرْسࣸ سࣸتَارَدَمِي يِࢽْ زِࢽَا,0.08450704225352113,0.6666666666666666
Infiraji_10.pdf_page_4_line_015,إِࢽْ مَّغَࢽَرْ مَثٜيٰ تَيِ يَوَکَجِ    تࣸࢽدَغَ ࢽٜيٰسَ کَࢽَاجِࢽْ کَࢽَتَا,إِࢽْ مَّغَࢽَرْمَثٜيٰ تَايِ يَوَاکَجِ   تࣸࢽْدَغَ ࢽٜيٰسَ کَࢽَاجِࢽْ کَࢽْتَا,0.08450704225352113,0.6666666666666666
Infiraji_9.pdf_page_6_line_005,مَيْ دࣸوکِيَاأهَࢽَامَسَ غࣸودِيَا   مَيْ بَابࣸوکࣸوأّهَࢽَامَسَ دَࢽْغَࢽَىٰ,مࣸيْ دࣸوکِيَاأهَࢽَامَسَ غࣸودِبَا    مَيْ بَابࣸوکࣸواأهَࢽَامَسَ دَࢽْغَࢽَيٰ,0.08450704225352113,0.6666666666666666
Infiraji_8.pdf_page_19_line_011,ثࣸورٜࣸوَاحَرْکࣸوڢَتَاکٜيٰ   ثِࢽْ حَرَمَ دࣸکْ کࣸواْکࣸلَاکٜيا,ثࣸورࣸوَاحَرْکࣸوڢَتَاکٜيٰ  ثِࢽْ حَرَمْ دࣸکْ کࣸوْاْکࣸلَاکٜيٰ,0.0847457627118644,0.6
The_Glorious_Majidu_Infiraji_1.pdf_page_15_line_004,٦١ سَࢽّࣸ مَىْ ڢࣸسْکَا سَکَکٰٜى  وَࢽْدَيَاڢِ وَتَاغَهَسْکٜىٰ,١سَࢽّࣸ مَىْ وࣸسْکَاسَکَکٜى  وَࢽْدَيَاڢِ وَتَاغَهَسْکٜىٰ,0.0847457627118644,0.5714285714285714
Infiraji_12.pdf_page_12_line_013,أَلْهَکِࢽْ طَاغࣸࢽْأࣸبَࢽْسَ    تࣸࢽْبِطَرْأَوْرٜىٰࢽْ أࣸوَرْسَ,أَلْهَکِࢽْ طَاغࣸࢽْ أࣸبَࢽْسَ  تࣸࢽْ بِطَرْأَوْرٜيٰࢽْ أࣸوَرْسَ,0.0847457627118644,1.0
Infiraji_3.pdf_page_12_line_014,سࣸࢽْرِڧٜيٰ هَرْدَيْ أَکَيْشِ    أَغࣸࢽْ صَلَّا أَࢽْ أَجٜيٰشِ,سࣸࢽْ رِڧٜيٰ هَرْدَيْ أَکَيْشِ  أَغࣸࢽْ صَلَّاأَࢽْ أَجٜىٰشِ,0.0847457627118644,0.7142857142857143
Infiraji_8.pdf_page_28_line_010,وَࢽْسࣸ أَطَوْرٜيٰ دَمَلْوَا   سࣸࢽْ وَحَلْتَ ڧِشِي دّيِࢽْوَا,وَࢽْسࣸ أَࢽْطَوْرٜيٰ دَمَلْوَا سࣸࢽْ وَحَلْتَ ڧِشِي دَيِࢽْوَا,0.0847457627118644,0.2857142857142857
Infiraji_12.pdf_page_17_line_008,کࣸوْاکࣸطِࢽْ مَهَڧَاأَࢽَاشي     کَࢽْ ثِرٜىٰ سَيْوَࢽْدَبَاشِي,کࣸوْاکࣸطِࢽْ مَهَڧَاأَࢽَاشِي  کَࢽْ ثِرٜيٰ سَيْوَࢽْدَبَاشِي,0.0847457627118644,0.4
Infiraji_4.pdf_page_13_line_015,ࢽٜيٰ غَرٜيٰࢽِ وَابِکِࢽدَيْ   کࣸواْ ࢽَدَࢽْغِ کࣸواْࢽَصَحَبَيْ,ࢽٜيٰ غَرٜيٰࢽِ ذࣸوَابِکِيدَيْ  کࣸواْࢽَدَࢽْغِ کࣸواْࢽَصَحَبَيْ,0.0847457627118644,0.5
Infiraji_12.pdf_page_15_line_007,وَࢽْدَطَاࢽَسَ کࣸوْاأࣸبَࢽْسَ    يَامَثٜىٰ کࣸواْکࣸواْأࣸوَرْسَ,وَࢽْدَطَاࢽَسَ کࣸوْاْأࣸبَࢽْسَ  يَامَثٜيٰ کࣸواکࣸواْأࣸوَرْسَ,0.0847457627118644,0.75
Infiraji_11.pdf_page_4_line_008,شِى مࣸکٜىٰ ثِࢽْ أَرْزِڧِࢽْسَا    کَاغَ بَادَࢽْ شِيبَ دَاسَا,شِي مࣸکٜيٰ ثِࢽْ أَرْزِڧِࢽْسَا کَاغَ بَادَࢽْ شِيبَ دَاسَا,0.0847457627118644,0.25
ELIT_WAN_00130_015v_line_006,والحوض مࢽ بعدلافبل الص اط اتى ؞ وفيل فبل و فيل ا ثنال ڢلتسل,والحوض مࢽ بعدلا فبل الصاط اتى ؞ وفيل فبل وفيل اثناࢽ ڢلتسل,0.0847457627118644,0.5
Infiraji_3.pdf_page_13_line_001,سَيْ أَڟَيْدَسَهࣸࢽْ جَࢽَازَا    إِࢽَجِ مَالَمْ أࢽْ مࣸجَازَا,سَيْ أَطَيْدَسَهࣸࢽْ جَࢽَازَا  إِࢽْجِ مَالَمْ أَࢽْ مࣸجَازَا,0.0847457627118644,0.42857142857142855
Infiraji_8.pdf_page_21_line_004,مَاسࣸ ثَاثَادَمَاسࣸ لࣸوطࣸ   أَࢽْ کَطࣸوْاسࣸ دَمَاسࣸ کَلّࣸوْا,مَاسࣸ ثَاثَادَمَاسࣸ لࣸوطࣸ  أَࢽْ کَطࣸواْسࣸ دَمَاسࣸ کَلّࣸواْ,0.0847457627118644,0.2857142857142857
Infiraji_8.pdf_page_26_line_002,دࣸࢽْ يَسَادࣸدَاَلْجَمَرْکَ    سَىْ يَکَࢽْ جٜىٰ بَابࣸ حَرْکَ,دࣸࢽْ يَسَادࣸدَاَلْجَمَرْکَ  سَيْ بَکَࢽْ جٜيٰ بَابࣸ حَرْکَ,0.0847457627118644,0.42857142857142855
Infiraji_3.pdf_page_14_line_013,سَيْ حِسَابِࢽْ تَارࣸوَࢽْتَا   کࣸوادَڧٰࣸواثٜيٰ کࣸوْادَسَاتَا,سَيْ حِسَاࢽِࢽْ تَارࣸوَࢽْتَا کࣸوادَڧࣸواْثٜيٰ کࣸوْادَسَاتَا,0.0847457627118644,0.4
Infiraji_12.pdf_page_13_line_001,ࢽٜىٰمِ ࢳَرْمَࢽْيَاکَأوْرَا     دࣸࢽْ سَࢽِࢽْ بَرْࢽَادَغَيارَا,ࢽٰٜمِ ࢳَرْمَࢽْيَاکَوْرَا  دࣸࢽْ سَࢽِࢽْ بَرْࢽَادَغَيارَا,0.0847457627118644,0.4
ELIT_WAN_00130_003v_line_005,ثم الى ياح جبال السحب سابغة ؞ والرعدوالبى ويَغبشى ناظ المفل,ثم الى ياح جبال السحب سابة ؞ والرعدواليو يغبشى ناظ المفل,0.0847457627118644,0.2727272727272727
Infiraji_4.pdf_page_36_line_005,ذَاعَ تَادَوَطَࢽْسࣸ جَاکَىْ    وَࢽْسࣸ کَيْکَاثٜىٰ دَوَاکَىْ,ذَاعَ تَادَوَطَࢽْسࣸ جَاکَيْ  وَࢽْسࣸ کَيْکَاثٜيٰ دَوَاکَيْ,0.0847457627118644,0.5
A_Poem_on_the_British_Waƙar_Nasara.pdf_page_2_line_002,حلࢽد مکي غيو اکبيࢽاوا   دليلي کيغ اࢽک سکو ࢽصارا,حࢽدمکي غيواکبيࢽاوا   دليلي کيغ اࢽک سکوࢽصارا,0.0851063829787234,0.6666666666666666
A_Poem_on_the_British_Waƙar_Nasara.pdf_page_3_line_006,ࢽصارڢري غرسࢽ بساجکࢽ س    ثکࢽ س بکيکرࢽ شک اࢽصارا,ࢽصارڢري غرس بساجکࢽ س  ثکࢽ سࢽ بکيکرࢽ شک اࢽصارا,0.0851063829787234,0.2222222222222222
ELIT_WAN_00130_004v_line_008,بفولهابلساࢽ الحال اوجدنىء؞ رب فديࢽ کايجادله مثل,بفولها بلساࢽ الحال اوجدنى ؞ رب فديى کايحادله مثل,0.0851063829787234,0.8571428571428571
ELIT_WAN_00130_006v_line_010,ڢلا شى يک له اذلانظي له ؞ ولاشبي له فدجل عࢽ مثل,ڢلاشى يک له اذلانظي له ؞ ولاشبيله خدجل عࢽمثل,0.0851063829787234,0.5833333333333334
Nana_Asmāʾu_The_Absolute_Truth_1_Nana_Asmāʾu_Tabbat_Haqiqan_1.pdf_page_1_line_004,طَيْ دَيإيِمَ کࣸووَتَبَّتْ حَڧِيڧَا,طَيْ دَيَايِمَ کࣸووَتَبَّتْ حَڧِيڧََا,0.08571428571428572,0.5
The_Harlots_Song_Waƙar_Karuwa.pdf_page_3_line_012,کَلࣸورَا کَسَوْ رَارِي تَوْشَاوَرَا,کَلࣸورَاکَسَوْرَارِي تَوْشَاوَرَ,0.08571428571428572,1.0
Infiraji_12.pdf_page_2_line_002,وَصَلىٰءَالِهِ وَصَحْبِهِ وَسَلَّمَ,وَءَلَىٰءَالهِ وَصَحْبِهِ وَسَلَّمَ,0.08571428571428572,0.3333333333333333
Infiraji_10.pdf_page_2_line_011,بَاتَ ࢽࣸڢِࢽْ ۼٜيٰرا سَيْ ݒَرْࢽَا   سَيْ دࣸکْ سَاڢٜيٰ تَثࣸوثِ مِجِࢽْتَا,بَاتَ ࢽࣸڢِࢽْ ۼٜيٰرَيٰ سَيْ بَرْࢽَا  سَيْ دࣸکْ سَاڢٜيٰ تَثࣸوثِ مِجࢽْتَا,0.08571428571428572,0.3
The_Harlots_Song_Waƙar_Karuwa.pdf_page_3_line_015,بَبْبَّࢽْ زَغِيࢽَةَ شِيࢽٜي کَوَالِي,بَيْبَّࢽْ زِغِيࢽَة شِيࢽٜي کَوَالِي,0.08571428571428572,0.5
Infiraji_3.pdf_page_5_line_009,بَتَ أَࢽْڢَاࢽٜٜٜيٰشِ دࣸوࢽْ يَوَابَا,بَتَ أَࢽْڢَاࢽٰٜشِ دࣸوࢽْ يَوَابَا,0.08571428571428572,0.25
Infiraji_9.pdf_page_6_line_009,دَيَوَࢽْ مَعَوْࢽَاڧَرْشَࢽْ دࣸࢽِيَا   کࣸلࣸم مَّرࣸوڧَاسَيْ ڧَارٜࣸوسࣸکٜيٰ,دَيَوَّࢽْ مَعَوْࢽَاڧَرْشَࢽْ دࣸوࢽِيَا  کࣸلّࣸم مَرࣸوڧَاسَيْ ڧَارࣸوسࣸکٜيٰ,0.08571428571428572,0.8333333333333334
The_Glorious_Majidu_Infiraji_1.pdf_page_2_line_005,بِإِزْࢽِ مࣸوَلِّڢࣸ هَزَا الْکِتَابࣸ,بِإِذْࢽِ مࣸوَلِّڢࣸ هَذَاالْکِتَابࣸ,0.08571428571428572,0.75
A_Person_with_a_Livelihood_Will_Never_Be_Destitute_Mai_Sanaa_Ba_Ya_Tsiya.pdf_page_2_line_009,ڧَرْشٜى سَيْ عَدِࢽغَ ثٜمَرْبَرَاوࣸو    سࣸوࢽَاࢽٜي ࢽࣸوَࢽْدَبَايَاصَࢽَاعَ,ڧَرْشٜي سَيْ عَدِࢽْغَ ثٜيٰمَرْبَرَاوࣸو   سࣸوࢽَاࢽٜي ࢽَوَࢽْدَبَايَاصَࢽَاعَ,0.08571428571428572,0.6666666666666666
ELIT_WAN_00130_005r_line_007,ڢصل ڢيهمايجب مࢽ الوجودلااله المعبود,ڢصل ڢيما يجب مࢽ الوجودللاله المعبود,0.08571428571428572,0.6
A_Person_with_a_Livelihood_Will_Never_Be_Destitute_Mai_Sanaa_Ba_Ya_Tsiya.pdf_page_6_line_016,دࣸوبَاإࢽْ مَعَيکَتَاسࣸࢽتَحࣸومَࢽْ    بَاسَاکَامَ وَࢽْدَکٜىٰيِࢽْ صَࢽَاعَ,دࣸوبَاإِࢽْ مَعَيْکَتَاسࣸࢽْتَحࣸومَࢽْ   بَاسَاکَامَ وَࢽْدَکٜييِࢽْ صَࢽَاعَ,0.08571428571428572,0.6
MAF_286.pdf_page_16_line_009,کࣸبَرْثِࢽْ رِبَا کࣸمَ کࣸࢽجِ دࣸࢽْ اَللَّهࣸ يَࢽْعࣸوَا ؞  کَذَادࣸوکِيَاتَمَرَايَ ِࢽجِ مࣸحَمَّدَا,کࣸبَرْثِي رِبَاکࣸمَ کࣸࢽْجِ دࣸࢽْ اَللَّه يَࢽْعࣸوَا ؞  کَذَادࣸوکِيَاتَمَرَايَ إِࢽْجِ مࣸحَࣸمَّدَا,0.08602150537634409,0.6363636363636364
MAF_286.pdf_page_4_line_007,غَبَسْ دَيَمَّ يَاأََمْکَاتَکَرْدࣸوࢽَسَ کࣸࢽْجِيَا؞ دَدَامَ دَحَوْࢽِࢽْسَ ڢَبَرْدٜࢽْ مࣸحَمَّدَا,غَبَسْ دَيَمَ يَاأَيْکَاتَکَرْدࣸوࢽَسَ کࣸࢽْجِيَا ؞  دَدَامَ دَحَوࢽِࢽْسَ ڢَبَرْدٜࢽْ مࣸحَمَمَّدَا,0.08602150537634409,0.75
Infiraji_5.pdf_page_18_line_013,رَبَّࢽَاشِکٜىٰدَغِرْمَا    شِى کَکَيْوْتَاوَرْمَ کࣸوْاْمَا,رَبَّࢽَاشِکٜيٰدَغِرْمَا  شِي کَکَيْوْتَاوَرْمَکࣸوْاْمَا,0.08620689655172414,1.0
Infiraji_4.pdf_page_13_line_003,کࣸواْوَثٜيٰ غَاشِ ࢽَکَࢽْتَا   شِي أّکَࢽْ کَامࣸواْ أَجَاتَا,کࣸواوَثٜيٰ غَاشِ ࢽَکَࢽْتَا شِي أَکَࢽْ کَامࣸواْأَجَاتَا,0.08620689655172414,0.5714285714285714
Infiraji_12.pdf_page_12_line_008,ࢽَىْ شِمَىْ خࣸطࣸبَادَأَرَبِ    کࣸوْامࣸحَمَّدࣸکࣸواْشࣸعَيْبࣸ,ࢽَىْ شِمَيْ خࣸطࣸبَادَأَرَبَ کࣸوْامࣸحَمَّدࣸکࣸواْشࣸعَيْبࣸ,0.08620689655172414,0.5
Infiraji_6.pdf_page_13_line_008,سَادَيٜࢽْ سِحِْرِي غَلَيڢِي   ذَاأَکَࢽْ بِطِ ࢽَاسࣸ جَوْڢِي,سَادَيَࢽْ سِحِرِي غَلَيْڢِي  ذَاأَکَࢽْ بِطَ ࢽَاسࣸ جَوْڢِي,0.08620689655172414,0.5714285714285714
Knowledge_to_Follow_God_Gandal_Fii_Rewugol_Alla.pdf_page_7_line_018,وࣸنِى عٜمَکّࣸ حَرَّمَ ࡼللَّهࣸ ࡼلْجَّنَةَࡶَللَّهࣸ حَرْمِنِى,وࣸنِي عٜمَکّࣽ حَرَّمَ ࡼللَّهࣸ ࡼلْجَّنَةَࡻللَّهࣸ حَرْمِنِي,0.08620689655172414,0.6666666666666666
Warning_Gargaɗi_Infiraji_2.pdf_page_10_line_010,تَاثِرَاهَمَ تَاسَطَاطࣸواْ    تَابࣸغٜىٰ شَاهࣸواْيَڢَاطࣸواْ,تَاثِرَاهَمَ تَاسَطَاطࣸواْ  ࢽَابࣸغٜيٰ شَاهࣸواْ يَڢَاطࣸواْ,0.08620689655172414,0.75
Knowledge_to_Follow_God_Gandal_Fii_Rewugol_Alla.pdf_page_10_line_012,وَهِىَ نࣸطࣽࢽْ ڢِعْلࣸ ࡼلْمَامࣸورَاتِ کࣸهࣸوٜوࣽفࣽلْ يَمِرَاطࣶ,وَهِى نَطࣽࢽْ ڢِعْلࣸ ࡼلْمَامࣸورَاتِ کࣽهࣸووࣽفࣽلْ بَمِرَاطࣶ,0.08620689655172414,0.6666666666666666
Infiraji_12.pdf_page_15_line_008,يَارَسَاکࣸوْاطَࢽْ أࣸوَࢽْسَ   ݒࣸويٜىٰ ذَىْ رِڧِ دࣸوکِيَرْسَ,يَارَسَاکࣸواْطَࢽْ أࣸوَࢽْسَ  ݒࣸويٜيٰ ذَيْ رِڧِ دࣸوکِيَرْسَ,0.08620689655172414,0.5
Infiraji_8.pdf_page_21_line_013,مَاسࣸ تَيْمَکَ يَٜرْغَرَايࣸو   مَاسࣸ ثِࢽْ کَايَࢽْ مَرَايࣸو,مَاسࣸ تَيْمَکَ يَࢽْ غَرَايࣸو مَاسࣸ ثِࢽْ کَايَࢽْ مَرَايࣸو,0.08620689655172414,0.2857142857142857
Infiraji_11.pdf_page_14_line_005,سَࢽّࣸ مَىْ صِڢَّا ثِکَکّٜىٰ    مَاغَࢽِࢽْکَ ࢽَشَاࢽَوَرْکٜىٰ,سَࢽّࣸ مَىْ صِڢَّاثِکَکّٜى  مَاغَࢽِࢽْکَ ࢽَشَاࢽَوَرْکٜى,0.08620689655172414,0.5
The_Glorious_Majidu_Infiraji_1.pdf_page_4_line_010,٨ کَاجِ مَي وَاڧَرْ مࣸلࣸولࣸ   تࣸوبَ زَࢽْکِ يَبࣸوࢽْ رَسࣸولࣸ,١کَاجِ مَيْ وَاڧَرْمࣸلࣸولࣸ  تࣸوبَ زَࢽْکِ يَبࣸوࢽْ رَسࣸولࣸ,0.08620689655172414,0.5555555555555556
Infiraji_6.pdf_page_21_line_007,ࢽَࢽْڢَ يَىْ سࣸجَدَا غَأَللهْ    غَاشِ کࣸوْاْغَاجِبْرَءِيلَ,ࢽَࢽْڢَ يَىْ سࣸجَدَاغَأَللَّهْ  غَاشِ کࣸوْاْغَاجِبْرَءِيلَ,0.08620689655172414,0.3333333333333333
Infiraji_4.pdf_page_16_line_014,سَيْ بَڧِࢽْ حَدَرِٜي يَتَاسࣸواْ  سࣸي کِرَاڟَاوَاتَأوْکࣸواْ,سَىْ بَڧِࢽْ مَدَرِي يَتَاسࣸواْ  سࣸيْ کِرَاڟَاوَاتَأَوْکࣸواْ,0.08620689655172414,0.6666666666666666
Infiraji_5.pdf_page_10_line_014,کٜيٰ ࢽࣸڢَاکࣸواْ دَادَأَيْکِ    وَثّٜيٰ تَاذَمَ بَاأَطَاکِي,کٜيٰ ࢽࣸڢَاکࣸواْدَادَأَيْکِ  وَثّٜيٰ تَاذَمَ بَاأطَاکِ,0.08620689655172414,0.5
Infiraji_6.pdf_page_23_line_007,حَرْڧَڢَاڢࣸوࢽَىْ کَشَيْدَ    تَاکٜىٰ تَاکٜىٰࢽَّࢽْ دَإِࢽْدَ,حَرْڧَڢَاڢࣸوࢽَيْ کَشَيْدَ  تَاکٜيٰ تَاکٜيٰࢽَّࢽْ دَإِࢽْدَ,0.08620689655172414,0.6
Knowledge_to_Follow_God_Gandal_Fii_Rewugol_Alla.pdf_page_2_line_004,کِنَادٜوالاِسْتِنسَارࣸعٜجِتِّتَادٜ وَمَسْحࣸ ࡼ للّࣸذْنَيْࢽِ,کِنَادٜوَالاِسْتِنسَارࣸعٜجِتِّتَادٜوَمَسْحࣸ ࡼللَّذْنَيْرِ,0.08620689655172414,1.0
Infiraji_4.pdf_page_10_line_015,بَيْبَ سَيْ دࣸومِࢽْ بَࢽَّثٜيٰ   شِيدَدࣸکَّࢽْ کَرْکَࢽْثّٜيٰ,بَيْبَ سَيْ دࣸومِࢽْ بَࢽَثّٜيٰ  شِيدَدࣸکَّࢽْ کَرْکَتَثّٜيٰ,0.08620689655172414,0.3333333333333333
Infiraji_3.pdf_page_8_line_008,جِيجِيَاࢽَاکَرْکَڟٜيٰوَا     هَرْڢَرَيْ شِڢٜثٜيٰ دَکࣸرْوَا,جَيجِيَاࢽَاکَرْکَڟٜيٰوَا  هَرْڢَرَيْ شِڢِثٜيٰ دَکࣸرْوَا,0.08620689655172414,0.5
Infiraji_4.pdf_page_33_line_002,تَاࢽَجِࢽْسࣸ سࣸسّامِ أَيْکِ     سَࢽّࣸ سَࢽّࣸ سࣸکَيْغَ مࣸلْکِ,تَاࢽَجِࢽْسࣸ سࣸسَامِ أَيْکِ سَࢽّࣸ سَࢽّࣸ سࣸکَيْغَ مࣸلْکِ,0.08620689655172414,0.14285714285714285
Infiraji_4.pdf_page_11_line_014,سَيْمَڧِي صَلَّاغَلࣸواْࢽࣸواْ   سَيْ مَثِ رَشوَادَسَࢽْتࣸواْ,سَيْ مَڧِي صَلَّاغَلࣸواْࢽࣸواْ  سَيْ مَثِ رَشَوَادَسَࢽْتࣸواْ,0.08620689655172414,0.8
Infiraji_6.pdf_page_21_line_013,سَىْ يَثٜىٰ يَاذࣸوْالجَلَالِ     أࣸمَّتِي يَاذࣸوْالْجَلالِ,سَىْ يَثٜيٰ يَاذࣸوْالْجَلَالِ  أࣸمَّتِي يَاذࣸوْالْجَلالِ,0.08620689655172414,0.4
Infiraji_8.pdf_page_27_line_014,سَىْ أَبࣸوطٜىٰ وࣸتَاسࣸغَࢽْشِ    ࢽَࢽْڢَ سࣸىْ ڧَارَاغَرٜىٰشِ,سَيْ أَبࣸوطٜيٰ وࣸتَاسࣸغَࢽْشِ  ࢽَࢽْڢَ سࣸيْ ڧَارَاغَرٜىٰشِ,0.08620689655172414,0.5
Infiraji_12.pdf_page_4_line_008,مَىْ بِطَرْشِڟَرٜىٰ مࣸتࣸࢽْثِ    ࢽَى شࢽٜىٰمِ سَࢽِࢽْ حَلَثِّ,مَىْ بِطَرْشِڟَرٜىٰ مࣸتَࢽْثِ ࢽَى شِࢽٜىٰمِ سَࢽِࢽْ حَلَثِّ,0.08620689655172414,0.2857142857142857
Infiraji_12.pdf_page_7_line_001,وَࢽْغَ إِلْغَاذِي ࢽَطَاࢽٜىٰ    مَيْوَڟࣸواڢَڢِّࢽْسࣸ سَاࢽٜىٰ,وَࢽْغَ إِلْغَاذِي ࢽَطَاࢽٜيٰ  مَيْوَڟࣸواڢَڢِّࢽْسَ سَاࢽٜيٰ,0.08620689655172414,0.6
Infiraji_11.pdf_page_3_line_007,أَدَرٜىٰ کَيْمَࢽْ إِشَارَا    إِࢽْغَ ࢽَاجٜىٰ ࢽَىْ زِيَارَا,أَدَرٜيٰ کَيْمَࢽْ إِشَارَا  إِࢽْغَ ࢽَاجٜى ࢽَيْ زِيَارَا,0.08620689655172414,0.42857142857142855
Knowledge_to_Follow_God_Gandal_Fii_Rewugol_Alla.pdf_page_10_line_010,لِمَࢽْ ڢࣸدِرَعَلَيْهِ وࣸنَنْدٜعࣸوْحَنَّتَاطࣽ وَالاِسْلاَمࣸ,لِمَࢽْ الدِرَعَلَيْهِ وࣸنَنْدٜعࣽوْحَنَّتَاطࣸدوَالاِسْلاَمࣸ,0.08620689655172414,0.75
Infiraji_12.pdf_page_10_line_010,مَاغَࢽِࢽْ شَاکࣸوْاࢽَشَاڢِ     مَاسࣸ ݣَيوْتَ جِکِي دَجَوْڢِ,مَاغَࢽِࢽْ شَاکࣸوْاْࢽَشَاڢِ  مَاسࣸ ݣَيْوْتَ جِکِي دَجَوْڢِ,0.08620689655172414,0.3333333333333333
Infiraji_4.pdf_page_12_line_011,شِي هَلِي مَيْسَاشِغَرْتَا    مَاطِغࣸواْ ذِࢽَ لࣸوطࣸ سَاتَا,شِي حَلِي مَيْسَاشِغَرْتَا  مَاطِغࣸواْذِࢽْ لࣸوطࣸ سَاتَا,0.08620689655172414,0.42857142857142855
Infiraji_4.pdf_page_6_line_011,تَادَطٜيٰ دَسکَاکَ جِرغِي    وَࢽْدَذَاکَ حَطَرْمَ کࣸوْاغِي,تَادَطٜيٰ دَسَکَاکَ جِرْغِي  وَࢽْدَذَاکَ حَطَرْمَ کࣸوْاْغِي,0.08620689655172414,0.5
Warning_Gargaɗi_Infiraji_2.pdf_page_3_line_009,دࣸوبِ خَيْرِاِلْخَلْڧِ إِمْبَا   وَوْتَا دَرَشِࢽْ ࢽَڟࣸوبَا,دࣸوبِ خَيْرࣸالْخَلْڧِ إمْبَا  وَوْتَادَرَشِࢽْ ࢽَڟࣸوبَا,0.08620689655172414,0.6666666666666666
The_Human_Being_Is_an_Incurable_Disease_Mutum_Cuta_Ne_Marar_Magani.pdf_page_2_line_001,مࣸتࣸمْ ثࣸوتَاࢽٜي مَرَرْ مَاغَࢽِي  بَاعَ غࣸوࢽِࢽتَاغَٜرِيٰشِ,مࣸتࣸمْ ثࣸوتَاࢽٜيٰ مَرَرْ مَاغَࢽِي  بَاعَ غࣸوْࢽِࢽْتَاغَرٜيٰشِ,0.08620689655172414,0.3333333333333333
MAF_286.pdf_page_19_line_016,بَرْدٜࢽْ شِغَااَلْجَࢽَّ ڧَمْشِي بَيَاجِبَا ؞  شِيمَاحَدِيثِࢽْ کࣸسَوْرَرِ ڢَاءِدَا,بَرْدٜࢽْ شِغَااَلْجَࢽَّ ڧَمْشِي بَيَاجِبَا ؞  شِيمَاحَدِيشِ ࢽِي کࣸسَرْرَارِڢَاءِدَا,0.08641975308641975,0.375
Nana_Asmāʾu_The_Absolute_Truth_1_Nana_Asmāʾu_Tabbat_Haqiqan_1.pdf_page_10_line_007,شَيَخࣸ ࢽَايَڢَّ وَاڧٜيٰ وَاڧَاتَأصَلِي  ࢽَاࢽَ حَوسَࢽثٜيٰ تَڢَّ عَيْشٜتَ بَدَلِييٰ,شَيْخࣸ ࢽَايَڢَّ وَاڧٜيٰ وَاڧَاتَأصَلِي  ࢽَاࢽَ حَوْسَࢽْثٜيٰ تَڢَّ مَيْشٰٜتَ بَدَلِي,0.08641975308641975,0.4444444444444444
ELIT_WAN_00130_011r_line_004,ڢلاٰکبيرةللطاعات محبطة ؞ احباط کڢرڢهذاغي معتدل,ڢلاکبيرة للطاعات محبطة ؞ احباط کڢر ڢهذاغير معتدل,0.08695652173913043,0.6666666666666666
Infiraji_10.pdf_page_6_line_002,بَالَيْڢِࢽْ ڟࣸيٜيٰ بَابࣸ ࢽَذَوْࢽٜيٰ   سَيْ کَغَ بَاسࣸذࣸواْ طَاکِࢽْتَا,بَالَيْڢِࢽْ ڟَيٜيٰ بَاءࣸ ࢽَذَوْࢽٜيٰ  سَيْ کَغَ بَاسࣸذࣸوَاطَاکِࢽْتَا,0.08695652173913043,0.5
A_Poem_on_the_British_Waƙar_Nasara.pdf_page_2_line_010,مذࢽ ذکر مذمࢽ کويࢽ صلاتي   دءالشي متوبش الࢽصارا,مذࢽ ذکر مذࢽ کوير صلاتي  دءادلشي متوبش الࢽصارا,0.08695652173913043,0.375
A_Person_with_a_Livelihood_Will_Never_Be_Destitute_Mai_Sanaa_Ba_Ya_Tsiya.pdf_page_6_line_018,کٜىٰوࣸتَرْدࣸࢽِيَاعَࢽَابيْوَبَاوَ    شَاشِى سَيْتَذࣸوتَحَࢽْيَرْصَࢽَاعَ,کٰٜوࣸتَرْدࣸوࢽِيَاعَࢽَابَيْوَبَاوَ  شَاشِي سَيْتَذࣸوتَحَࢽْيَرْصَࢽَاعَ,0.08695652173913043,0.6666666666666666
Infiraji_4.pdf_page_23_line_013,غَاوࣸتَاتَابَبَّکَامࣸ غَاشِ يِࢽْوَاࢽَاإِشٜيٰمࣸ,غَاوࣸتَاتَابَبَّکَامࣸ  غَاشِ بِࢽْوَاتَاإِشٜىٰمࣸ,0.08695652173913043,0.3333333333333333
A_Poem_on_the_British_Waƙar_Nasara.pdf_page_1_line_007,إدࢽ اللࢽ کاࢽڢ سيمذمࢽا   مࢽا روڧو کبات ࢽڢ ࢽصارا,ادࢽ الله کاࢽڢ سيمذمࢽا   مࢽاروڧوکبات ࢽڢ ࢽصارا,0.08695652173913043,0.5555555555555556
Infiraji_9.pdf_page_25_line_005,ࢽَيْ صَلَاتِي تَارٜٜيٰ دَسَلَّمَ   غَاالࢽَّبِي رَّحْمَا مَࢽْذࣸواࢽَسَا,ࢽَيْ صَلَاَتِي تَارٜيٰ دَسَلَّمَ   غَااَࢽَّبِي رَحْمَامَࢽْذࣸوࢽَسَا,0.08695652173913043,0.7142857142857143
A_Poem_on_the_British_Waƙar_Nasara.pdf_page_2_line_007,دࢽ کو س کشٜم مسࢽ شهادا    مذوالجࢽ سيࢽعشي مغارا,دࢽ کوس کشم مسࢽ شهادا   مذوالجࢽ سيمعشي مغارا,0.08695652173913043,0.4444444444444444
Nana_Asmāʾu_The_Authentic_Path_Nana_Asmāʾu_Godaben_Gaskiya.pdf_page_10_line_003,ڢَکࣸتَّࢽْبَيَاکࣸووَيِّ وَاڧَرْغَ دࣸکْکࣸثٜىٰ   دَشِى ࢽَاࢽَ تَايَرْشَيْخࣸ مَىْ سࣸࢽْ مࣸحَمَّدَا,جَکࣸتَࢽْبَيَاکࣸووَيِّ وَاڧَرْغَ دࣸکْ کࣸثٜيٰ   دَشِي ࢽَاࢽَ تَايَرْشَيْيْخࣸ مَيْ سࣸࢽْ مࣸحَمَّدَا,0.08695652173913043,0.6666666666666666
MAF_286.pdf_page_17_line_005,أَرَاࢽَࢽْ الْڧِيَامَ ذَايَذࣸوکࣸمࣸ أَسَࢽِشࣸ دࣸکْ ؞  ڢِسْکَࢽْسَ بَابࣸ ࢽَامَ حَدِيشِ مࣸحَمَّدَا,أَرَاࢽَيْ الْڧِيَامَ ذَيَذّࣸوکࣸمࣸ أَسَࢽْشِ دࣸکْ ؞  ڢِسْکَࢽْسَ بَاࢽَامَ حَدِيشِ مࣸحَمَّدَا,0.08695652173913043,0.45454545454545453
Infiraji_10.pdf_page_3_line_005,إِࢽْ مَّثٜي  شَاشَࢽْثِي يَغَمٜيٰتَا    بَامَيْ ڢَضَ غَࢽِࢽْ کِرْکِࢽتَا,إِࢽْ مَّثٜيٰ شَاشَࢽْثِي يَغَمٜيٰتَا  بَامَيْ ڧَاضَ غَࢽِࢽْ کِرْکِࢽْتَا,0.08695652173913043,0.375
Nana_Asmāʾu_The_Authentic_Path_Nana_Asmāʾu_Godaben_Gaskiya.pdf_page_6_line_012,شِࢽَاڢَ دَتࣸوذࣸاحَرْبَکࣸيْ وَاللَّهْ أَࢽْکَثٜيٰ   ࢽَڢَارِࢽْ وَطَࢽْسࣸ کَرَرَّبَا دَمࣸحَمَّدَا,شِࢽَاڢَ دَتࣸوذࣸواحَرْبَکَيْ وَالهْ أࢽْکَثٜيٰ  ࢽَڢَارِࢽْ وَطَࢽْسࣸ کَرَرَّبَادَمࣸحَمَّدَا,0.08695652173913043,0.625
Infiraji_10.pdf_page_4_line_002,بَابࣸ رࣸوَࢽْتَ دَکࣸࢽْيَاڢَوْڢَوْاْ  غَاشَرِّ ثِيوَاکٜيٰ يَࢽَاشَکَّتَا,بَابࣸ رࣸوࢽْتَ دَکࣸࢽْيَاڢَوْڢَوْاْ   غَاشَرَْثِيوَاکٜي يَࢽَاشَکَّتَا,0.08695652173913043,0.5
Nana_Asmāʾu_The_Absolute_Truth_1_Nana_Asmāʾu_Tabbat_Haqiqan_1.pdf_page_4_line_008,کَدَکَڟَيْشٜيٰسࣸ کࣸوڢَ کَاتَرْدَعِلمِي    مَاسࣸ حَࢽَ ࢽَاسࣸ دࣸکْ سࣸ إِࢽْدَحࣸکْمِي,کَدَکَڟَيْشٜيٰسࣸ کࣸوڢَ کَاتَرْدَعِلْمِي   مَاسࣸ حَرَ ࢽَاسࣸ دࣸکْسࣸذࣸوإِࢽْدَحࣸکْمِي,0.0875,0.5555555555555556
MAF_286.pdf_page_1_line_007,يَايِ حَلِتَّ دࣸکْ ڢࣸدࣸومِࢽْ مࣸحَمَّدࣸ؞ دࣸࢽْ سࣸودَيَرْدَاتَسْ غَسِيدِ مࣸحَمَّدَا,يَايِ حَلِتِّ دࣸکْ ڢࣸدࣸومِي مࣸحَمَّدࣸ ؞   دࣸࢽْ سࣸودَيَرْدَاتَسْ غَسِيدࣸ مࣸحَمَّدَا,0.0875,0.5555555555555556
Nana_Asmāʾu_The_Authentic_Path_Nana_Asmāʾu_Godaben_Gaskiya.pdf_page_3_line_003,ذَمَااِتَطَوْسَرْکِي کَدࣸوبِي غَأيْکࣸࢽَا ࢽَبَاوَادَيَذَّمْ مࣸومِࢽِي غَمࣸحَمَّدَا,ذَمَاإِتَطَيْ سَرْکِي کَدࣸوبِي غَأَيْکࣸࢽَا    ࢽَبَاوَادَيَذَّمْ مࣸومِࢽِي غَمࣸحَمَّدَا,0.0875,0.5
MAF_286.pdf_page_1_line_005,اَللَّهࣸ يَيْ ڟِيرَاغَأَࢽَّبِ أَحْمَدَا؞ دَءالِࢽْسࣸ جِيکࣸوکِࢽسَ سِيدِ مࣸحَمَّدَا,اَللَّهࣸ يَيْ طِيدَاغَْأَࢽَّبِ أَحْمَدَا ؞  دَءَالِࢽْسࣸ جِيکࣸوکِࢽْسَ سِيدِ مࣸحَمَّدَا,0.0875,0.625
Infiraji_6.pdf_page_6_line_002,وَࢽْدَکࣸوْاْݒَرْࢽَايَڢَارَا     بَاشِيِࢽْ ڢَاتَاشِغَٜارَا,وَࢽْدَکࣸوْاْبَرْࢽَايَڢَارَا  بَاشِيِࢽْ ڢَاتَاشِغَارَا,0.08771929824561403,0.6666666666666666
Infiraji_4.pdf_page_10_line_002,ࢽَࢽْڢَ أَيِ ڟَيࣸوَرْ حࣸکࣸمثِي  أَيْ جَزَا١ کَࢽْ أّدَلْثِي,ࢽَࢽْڢَ أَيِ ڟَيࣸوَرْحࣸکࣸمْثِي  أَيْ جَزَاءِ کَࢽْ أَدَلْثِي,0.08771929824561403,0.5
Infiraji_8.pdf_page_28_line_011,تَاإِشٜيٰسࣸ سࣸࢽَاتَ کࣸوْوَا    سَيْ يَتَاشِ دَهَمْزَرَوَا,تَاإِشٜيٰسࣸ سࣸࢽَاتَ کࣸووَا سَيْ يَتَاشِ دَهَمْزَرَاوَا,0.08771929824561403,0.3333333333333333
Infiraji_12.pdf_page_2_line_013,مَىْ بِطَࢽْ ڟِيْرَاغَذِلَّا    کࣸواْصَࢽَاعَاکࣸواْغَصَلَّا,مَىْ بِطَࢽْڟِيرَاغَذِلَّا کࣸواْصَࢽَاعَاکࣸواْغَصَلَّا,0.08771929824561403,0.5
Infiraji_8.pdf_page_6_line_004,سَيْ سࣸثٜيٰ مَسࣸ بࣸتࣸلْثٜيٰ  أَࢽْ حَدِيثِ کࣸࢽْ کࣸرࣸمْثٜيٰ,سَيْ سࣸثٜيٰ مَسࣸ کࣸࢽْ بࣸتࣸلْثٜيٰ  أَࢽْ حَدِيثِ کࣸࢽْ کࣸرࣸمْثٜيٰ,0.08771929824561403,0.125
Infiraji_8.pdf_page_10_line_013,وَࢽْسࣸ کࣸواْبَسَ رَرَّڢٜيٰ    ذَاسࣸ ڧٜيٰتَرَحَرْسࣸڧࣸوࢽٜيٰ,وَࢽْسࣸ کࣸواْبِسَ رَرَّڢٜيٰࢽٜيٰ  ذَاسࣸ ڧٜيٰتَرَحَرْسࣸڧࣸوࢽٜيٰ,0.08771929824561403,0.4
Infiraji_4.pdf_page_30_line_009,دࣸࢽْ حَلِࢽْسࣸ ࢽَجَاکࣸࢽَاࢽٜيٰ    کࣸوکَمَرْدَبَّرْدَوَاࢽٜيٰ,دࣸࢽْ حَلِࢽْسࣸ ࢽَجَاکࣸࢽَاࢽٜيٰ  کࣸوْاْکَمَرْدَبَّرْدَوَاࢽٜيٰ,0.08771929824561403,0.25
Infiraji_4.pdf_page_42_line_015,کَىْ مࣸتَاࢽٜىٰ مَاسࣸ رࣸوبَا    سࣸووَرِيشࣸ يَکَࢽْ تَطِيبَا,کَيْ مࣸتَاࢽٜيٰ مَاسࣸ رࣸوبَا  سࣸوڢَرِيشࣸ يَکَࢽْ تَطِيبَا,0.08771929824561403,0.42857142857142855
Infiraji_4.pdf_page_22_line_011,ࢽٜيٰ يَثٜيٰ إِࢽذࣸواْࢽَدࣸوبَا   يَاذَمَࢽْسࣸ ثِکِࢽْ عَذَابِ,ࢽٰٜ يَثٜيٰ إِࢽْذࣸواْࢽَدࣸوبِ  يَاذَمَࢽْسࣸ ثِکِࢽْ عَذَابِ,0.08771929824561403,0.3333333333333333
Infiraji_7.pdf_page_7_line_007,شِي بَتࣸوࢽَسَ غَسْکِيَاࢽٜيٰ دࣸوࢽْ حِدِثِࢽْ مࣸصْطَڢَيٰࢽٜيٰ,شِي بَتࣸوࢽَسَ غَسْکِيَاࢽٜيٰ  دࣸوࢽْ حَدِيࢽِࢽْ مࣸصْطَڢَيْࢽٜيٰ,0.08771929824561403,0.3333333333333333
Infiraji_4.pdf_page_44_line_008,ࢽَࢽْڢَ يَىْ سࣸجَدَاغَأَللهْ    غَاشِ کࣸوْاْغَاجِبْرَءِيلَ,ࢽَࢽْڢَ يَىْ سࣸجَدَاغَأللَّهْ  غَاشِ کࣸوْاْغَاجِبْرَءِيلَ,0.08771929824561403,0.2
Infiraji_8.pdf_page_8_line_002,دࣸࢽْ مࢽَاسࣸࢽْ أَرْزِڧِْکࣸ    مࣸࢽْکَ طَوْکِ طَوَيْࢽِيَرْکࣸ,دࣸࢽْ مࣸࢽَاسࣸࢽْ أَرْزِڧِࢽْکࣸ مࣸࢽْکَ طَوْکِ طَوَيْࢽِيَرْکࣸ,0.08771929824561403,0.3333333333333333
Infiraji_7.pdf_page_13_line_007,يَوشٜيٰ مَيْوَ ࢽَࢽْ صَࢽَاعَا کٜيٰ ڟَرِࢽْ حَڧِِّࢽْ شَريعَا,يَوْشٜيٰ مَيْوَࢽَࢽْ صَࢽَاعَا کٜيٰ ڟَرِࢽْ حَڧِࢽْ شَرِيعَا,0.08771929824561403,0.625
Infiraji_4.pdf_page_46_line_008,سَىْ سࣸثٜىٰ کࣸوکَࢽْغَ ࢽَامࣸ    کَاڢِرَىْ سࣸکَ أَيْبَتَامࣸ,سَيْ سࣸثٜيٰ کࣸوکَࢽْغَ ࢽَامࣸ  کَاڢِرَيْ سࣸکَ أَيْبَتَامࣸ,0.08771929824561403,0.42857142857142855
Infiraji_5.pdf_page_10_line_011,لَاڢِيَابَاتَاحَࢽَاࢽَا    تࣸواْ بَرٜيٰ کَيْوْتَاتَرٜيٰࢽَا,لَاڢِيَابَاتَاحَࢽَاࢽَا  تࣸواْيَرٜيٰ کَيوْتَاتَرٜيٰࢽَا,0.08771929824561403,0.75
Infiraji_4.pdf_page_44_line_015,سࣸࢽْ وَهَلْتَ غَوَࢽْغَ حَالِ    أَيِي حِسَبِي ࢽَىْ سࣸءالِ,سࣸࢽْ وَهَلْتَ غَوَࢽْغَ حَالِ  أَيِي حِسَابِي ࢽَيْ سࣸءَالِ,0.08771929824561403,0.375
Infiraji_6.pdf_page_6_line_008,بَاشِيِࢽْ ثِࢽِکِي دَرِيبَا    إِࢽْ کَلࣸورَ کَدࣸوبِ دَبَّا,بَاشِيِࢽْ ثِکِي دَرِيبَا   إࢽْ کَلࣸورَکَدࣸوبِ دَبَّا,0.08771929824561403,0.5714285714285714
Infiraji_4.pdf_page_8_line_008,دَامَ کࣸواْ حَوْࢽٜيٰ دَڧَرْڢِي   غَادࣸحࣸوڧَشِيرْدَذࣸرْڢِي,ذَاعَ کࣸواْحَوْࢽٜيٰ دَڧَرْڢِي  غَادࣸحࣸوڧَشِيَرْدَذࣸرْڢِي,0.08771929824561403,0.8
MAF_286.pdf_page_1_line_014,سَيْکࣸوسࣸتࣸوبَ سࣸکَامَ ذَࢽْثٜي ࢽَمࣸࢽْتَظَرْ ؞ سَأَّࢽَّࢽْ سࣸࢽْسَمْ ثٜتࣸواغَأَࢽَّبِ أَحْمَدَا,سَيْکࣸوسࣸتࣸوبَ سࣸکَامَ ذَࢽْثٜيٰ ࢽَمࣸتْتْظَرْ ؞  سَأَࢽَّࢽْ سࣸࢽْسَرْ ثٜتࣸوا غَأࢽَّبِ أَحْمَدَا,0.08791208791208792,0.6666666666666666
Infiraji_9.pdf_page_6_line_003,أََبِࢽْ دَذَاأَيِ جِيبِ ࢽَاجِيَا     أَڧࣸࢽْتَتَاشِ يَکࣸومࣸوڧَࢽْڧࢽٜيٰ,أَبِࢽْ دَذَاأَيِي جِيبِ ࢽَاجِيَا  أَڧࣸࢽْتَتَاشِ يَکࣸومࣸوڧَࢽْڧَࢽٜيٰ,0.08823529411764706,0.5
The_Glorious_Majidu_Infiraji_1.pdf_page_15_line_015,مَىْ بِࢽْتَ بَذَيْ بَڧِࢽْ ثِکِيبَا,مَيْ بِࢽْتَ بَذَىْبَڧِࢽْ ثِکِيبَا,0.08823529411764706,0.6
Infiraji_12.pdf_page_12_line_006,إِࢽَ بَادَطَيَࢽْسࣸ تَىْ رِڧࣸواْبَا,إِࢽْ بَادَطَيَࢽْسࣸ تَىْ إِڧࣸوابَا,0.08823529411764706,0.5
Infiraji_9.pdf_page_6_line_013,بَاکَرَاتࣸوسࣸࢽْرَسَىٰ دࣸوکِيَا    سࣸوࢽٜيٰ بَرَايِي سࣸوࢽٜيٰ يࢽْٜڢَسِي,بَاحَرَاتࣸوسࣸࢽْرَسَىٰ دࣸوکِيَا  سࣸوࢽٜيٰ بَرَايِي سࣸوࢽٜيٰ يَيْڢَشِي,0.08823529411764706,0.3333333333333333
Infiraji_10.pdf_page_2_line_009,سَيْتَ عࣸکࣸࢽْسࣸ غَدَࢽغَمَ کٜيٰࢽْ   بَاتَ ࢽࣸڢِࢽْ ۼٜيٰرَا سَيْ ثࣸوْتَا,سَيْتَ عࣸکࣸࢽْسࣸ غَدَࢽْغَمَ کٜيٰلَ   بَاتَ ࢽࣸڢِࢽْ غٜيٰرَاسَيْ ثِوْتَا,0.08823529411764706,0.5555555555555556
MAF_286.pdf_page_15_line_004,اَࢽَاکࣸࣸمَ مَکَمَاتَࢽْسࣸ يَارَا کࣸذࣸوکࣸجِ  ؞  کَطَوْرَاَمَاࢽَ رْالجَلَّ سَرْکِى مࣸحَمَّدَا,أَࢽَاکࣸمَ مَکَمَاتَࢽْسࣸ يَارَاکࣸذࣸوکࣸجِ ؞  کَطَوْرَامَارَ رْالْجَلَّ سَرْکِي مࣸحَمَّدَا,0.08888888888888889,0.6666666666666666
A_Poem_on_the_British_Waƙar_Nasara.pdf_page_1_line_012,ادࢽ ࢽيدي کتاشي باࢽذمࢽي ذماوالله باࢽ بيا ࢽصارا,ادࢽ ࢽيدي کتاشي باࢽ ذمࢽي  ذماوالله باࢽ بباࢽصارا,0.08888888888888889,0.5
MAF_286.pdf_page_4_line_010,يَوَࢽْثِࢽْْسࣸ سࣸࢽْ کَڧِيَامَ أَمْسَ کِرَاࢽَسَ ؞ إِِبْلِيَسْ يَارࣸوطٜسࣸ مڧِيَّࢽْ مࣸحَمَّدَا,يَوَࢽْثِࢽْسࣸ سࣸࢽْ کَڧِيَامَ أَمْسَ کِرَاࢽَسَ ؞ إِࢽْلِيسَ يَارࣸوطَسࣸ مَڧِيَࢽْ مࣸحَمَّدَا,0.08888888888888889,0.4
Knowledge_to_Follow_God_Gandal_Fii_Rewugol_Alla.pdf_page_4_line_017,ࡼيَديْࢽِ عٜبࣵنْتࣸدٜجࣸوطٜطٜࢽْ عِندَتَکْبِيرَةࣸ,ࡼيَدَيْࢽِ عٜبَنْتࣸدٜجࣸوطٜطٜࢽْ عِنْدَنَکْبِيرَةࣸ,0.08888888888888889,1.0
ELIT_WAN_00130_011v_line_002,ڢصل نا الجابزات ڢمنحارويةالمولى سبحا نه وتعلى,ڢصل نا الجابزات ڢمنماروية المولى سبحانه وتعل,0.08888888888888889,0.5714285714285714
Infiraji_6.pdf_page_14_line_004,وَࢽْسࣸ کࣸوْاْࢽَامَࢽْ جِکِࢽْسࣸ   سࣸوکثِيࢽَيْ دࣸࢽْ حَلِࢽسࣸ,وَࢽْسࣸ کࣸوْاْࢽَامَࢽْ جِکِࢽْسࣸ سࣸوکَثِيࢽَىْ دࣸࢽْ حَلِࢽْسࣸ,0.08928571428571429,0.3333333333333333
Infiraji_5.pdf_page_18_line_005,يَارِڧَاتࣸوْکَرْشِذَرْثٜىٰ    شِي طَغَاوَاحَرْشِمَࢽْثٜىٰ,يَارِڧَاتࣸوْاکَرْشِذَرْثٜيٰ  شِي طَغَاوَاحَرْشِمَࢽْثٜيٰ,0.08928571428571429,0.6666666666666666
Infiraji_4.pdf_page_38_line_014,کَاڢِرَىْ دَغَࢽِࢽْ عَذَابَا    سَىْ سࣸثٜى دَامَادَدَبَّا,کَاڢِرَيْ دَغَࢽِࢽْ عَذَابَا  سَيْ سࣸثٜىٰ دَامَادَدَبَّا,0.08928571428571429,0.5
Infiraji_8.pdf_page_20_line_010,حَرْکࣸکٜيٰ أَورٜيٰ دَإِدَّا   حَرَکࣸکٜيٰ ڢِتࣸوَادَڟَيْدَ,حَرْکࣸکٜيٰ أَوْرٜيٰ دَإِدَا  حَرْکࣸکٜيٰ ڢِتࣸوَادَڟَيْدَا,0.08928571428571429,0.8
Infiraji_4.pdf_page_32_line_012,سࣸࢽْ يَوَيْتَوࣸࢽِي دَکࣸاࢽَا    غَايَوَࢽْ مَاتَا ڧَࢽَاࢽَا,سࣸࢽْ يَوَيْتَ وࣸࢽِي دَکَࣸاࢽَا  غَايَوَࢽْ مَاتَاڧَࢽَاࢽَا,0.08928571428571429,0.8333333333333334
Infiraji_6.pdf_page_23_line_002,کَارࣸوىْ دَڧَرَمْتَ أَيْکِ    لَاخِرَِࢽْکَ سَبࣸودَمࣸلْکِ,کَارࣸوَيْ دَڧَرَمْتَ أَيْکِ  لَاخِرَࢽْکَ سَبࣸودَمࣸلْکِ,0.08928571428571429,0.4
Infiraji_12.pdf_page_3_line_014,کَرْشِڢَاطَ بَڧَࢽْ ظَلاَمَا  مَيْ هَࢽَاشِ رَبࣸواڧِيَامَا,کَرْشِڢَاکَ بَڧِࢽْ ظَلَامَا  مَيْ حَࢽَاشِ رَبࣸواڧِيَامَا,0.08928571428571429,0.6666666666666666
Infiraji_3.pdf_page_20_line_004,ࢽَابࣸکَاثِ غࣸدࣸࢽْمَوَࢽْ کَ    وَࢽْدَکَيْمَ مَتَيمَکَࢽْکَ,ࢽَابࣸکَاثِ غࣸدࣸࢽْمَوَرْکَ  وَࢽْدَکَيْمَ مَتَيْمَکَࢽْکَ,0.08928571428571429,0.6
Infiraji_12.pdf_page_18_line_007,کࣸوْادࣸعَاعِࢽْ شَيْدَسࣸوࢽَا     مَيْغࣸمَاذَابَاشِ ڧَوࢽَا,کࣸوادࣸعَاعِࢽْ شَيْدَسࣸوࢽَا  مَيْغࣸمَاذَابَاشِ ڧَوْࢽَا,0.08928571428571429,0.5
Infiraji_5.pdf_page_15_line_004,مَاسࣸ لَيْڢِي مَاسࣸوَاڧَا    ذَاسࣸ تَاشِ دَرٜىٰ يَميْڧَا,مَاسࣸ لَيْڢِي مَاسࣸ وَاڧَا   ذَاسࣸ تَاشِ دَرٜيٰ يَمِيڧَا,0.08928571428571429,0.5714285714285714
Warning_Gargaɗi_Infiraji_2.pdf_page_11_line_011,مَاسࣸ کࣸواْدَوَجَاغَرَىٰمࣸ   دࣸوْبِ شَيْخࣸ مࣸجَدَّدِࢽْمࣸ,مَاسࣸ کࣸواْدَوَجَاغَرٜيٰمࣸ دࣸوبِ شَيْخࣸ مࣸجَدَّدِࢽْمࣸ,0.08928571428571429,0.4
Infiraji_5.pdf_page_12_line_010,دࣸکْ مࣸغࣸࢽْتْاثٜيٰ حَلِࢽْسࣸ    ڧٜيٰ ڧَشٜيٰوَرْذࣸوثِيرْسࣸ,دࣸکْ مࣸغࣸࢽْتَاثٜيٰ حَلِࢽْسࣸ ڧٜيٰ ڧَشٜيٰوَرْذࣸوثِيَرْسࣸ,0.08928571428571429,0.4
ELIT_WAN_00130_019r_line_006,وعند ختى ادعوالله مࢽ تجياء ؞ عساه مولاى بالايماࢽ يختم لى,وعندختى ادعوالله مࢽ لجيا ؞ عساه مولاى بالا يماࢽ يختم لل,0.08928571428571429,0.5454545454545454
The_Glorious_Majidu_Infiraji_1.pdf_page_7_line_002,أَکَ کَرْکَشٜيٰ غَالِبَࢽْسࣸ    غالِبَࢽْ رَسࣸ مَاسࣸ مࣸوࢽِ,أَکَ طَرْکَشٜىٰ غَالِبَࢽْسࣸ  غَالِبَࢽْ رَسࣸ مَاسࣸ مࣸوࢽِ,0.08928571428571429,0.2857142857142857
ELIT_WAN_00130_006v_line_009,لم لايکوࢽ محالا ت العفول لنا ؞ اذفادراࢽ على المفددرغيرجل,لم لا يکدࢽ محالاتا العفول لنا ؞ اذفادراࢽ على المفددرغيجل,0.08928571428571429,0.4
Infiraji_3.pdf_page_14_line_001,سࣸࢽْ سَکَامَ ڧَسَاأَبِࢽْتَ    وْࢽْدَأࢽْکَ ثِرَا ثِکِࢽْتَ,سࣸࢽْ سَکَامَ ڧَسَاأَبِࢽْتَ  وَࢽْدَأَࢽْکَ ثِرَاثِکِࢽْتَ,0.08928571428571429,0.5
Infiraji_4.pdf_page_40_line_012,سَادَمَىْ لࣸغࣸدٜىٰ دَغࣸوطَا    حَرْمذَاجٜىٰ مَاسࣸ بࣸوطَا,سَادَمَيْ لࣸغࣸدٜيٰ دَغࣸوطَا  حَرْمَذَاجٜىٰ مَاسࣸ بࣸوطَا,0.08928571428571429,0.5
Infiraji_11.pdf_page_5_line_008,أکَبَاشِ أکَࢽْ حَمَيَّا    دَࢽْ يَوَࢽْ لَدَبِي دَکࣸࢽْيَا,أَکَ بَاشِ أَکَࢽْ حَمَيَّا  دَࢽْ يَوَࢽْ لَدَبِي دَکࣸࢽْيَا,0.08928571428571429,0.42857142857142855
Infiraji_8.pdf_page_18_line_014,لَاخِرَاذَاسࣸيْ تَلَوثِي   تࣸواْبَلٜيٰ مَيْتَادَ يَٜࢽثِي,لَاخِرَاذَاسࣸيْ تَلَوْثِي  تࣸواْبَلٜيٰ مَيْتَادَيَࢽْثِي,0.08928571428571429,0.6
Infiraji_4.pdf_page_39_line_014,دَارِيَادَغَࢽِࢽْڟِرَيْثِي     غࣸࢽْ مࣸسࣸلمِي ڢَاسِڧَࢽْثِي,دَارِيَادَغَࢽِࢽْ ڟِرَيْثِي  غࣸࢽْ مࣸسࣸلْمِي ڢَاسِڧَࢽْثِي,0.08928571428571429,0.75
Knowledge_to_Follow_God_Gandal_Fii_Rewugol_Alla.pdf_page_7_line_014,عَلَيْهِ وَسَلَّمَ جَمْ عٜکِسِيٜح وࣽنِى عٜمَکّࣽ لَايࣸفْبَلࣸ اللَّهࣸ,عَلَيْهِ وَسَلَّمَ جَمْ عٜکِسِيٜى وࣽنِى عٜمَکّࣽ لاَيࣸفْبِرࣸ ࡼللَّهࣸ,0.08955223880597014,0.375
Infiraji_5.pdf_page_15_line_014,غࣸࢽْ مِجِي يَتَهࣸواْ يأيْکࣸوْاْ   کَࢽْ تَجٜيٰ مَسَ يَايِي سَاکࣸوْاْ,غࣸࢽْ مِجِي يَتَهࣸواْيَأَيْکࣸوْاْ کَࢽْ تَجٜيٰ مَسَ يَايِ سَاکࣸوْاْ,0.08955223880597014,0.3333333333333333
Infiraji_9.pdf_page_14_line_001,طَوکَرْکَتَابࣸ اَللَّهِ دَجَࢽَبَا  شِيمَايَࢽَاسَاأَيْڟَࢽَࢽِࢽْ ڢَرِي,طَوْکَرْکَتَابَاللَّه دَجَࢽَبَا   شِيمَايَࢽَاسَاأَيْڟَࢽَࢽِࢽْ ڢَرِي,0.08955223880597014,0.4
Infiraji_9.pdf_page_7_line_013,مَيْدࣸکِيَا يَڟَࢽْࢽْتَا أَدࣸوࢽِيَا    بَابࣸ عِࢽْدَيَکَاسَاکَيْࢽَسَا,مَيْدࣸوکِيَايَڟَࢽَࢽْتَ أَدࣸوࢽِيَا  بَابࣸ عِࢽْدَيَکَاسَاکَيْࢽَسَا,0.08955223880597014,0.4
Infiraji_9.pdf_page_20_line_006,مَيْڧِࢽْ زَکَاڢِطِرِي ڟَيَا    بَاࢽَاکࣸࢽٜىبَاوࣸرِࢽْ سَىْ دَࢽْ غَࢽَا,مَيْڧِࢽْ زّکَاڢِطِرِي ڟَيَا  بَاࢽَاکࣸࢽٜيٰبَاوࣸرِࢽْ سَيْ دَࢽْ غَࢽَا,0.08955223880597014,0.42857142857142855
Infiraji_10.pdf_page_8_line_011,شِي أَبࣸودْ کَإِيݣࣸࢽْ اِللَّهْ ࢽٜيٰ  اِللَّهْ شِيکٜيٰ بَادَوَدَاتَا,شِي أَبࣸودْ کَايکࣸࢽْ اللَّهْ ࢽٜيٰ  اَللَّهْ شِيکٜيٰ بَادࣸوَدَاتَا,0.08955223880597014,0.5
Infiraji_5.pdf_page_2_line_003,الࢽَّاشِرࣸ أَحْمَدࣸ اَلتِجَاࢽِي  حَڢِظَهࣸ اللَّهࣸ وَڢَّڧَࢽَااللَّهࣸ,الࢽَّاشِرࣸأَحْمَدࣸ التِّجَاࢽِي حَڢِظَهࣸ الّهࣸ وَڢَّڧَࢽَااللَّهࣸ,0.08955223880597014,0.6666666666666666
Infiraji_10.pdf_page_2_line_007,أَݣوࣸيْ مَاتَامَيْ ڧَوْࢽَرْاِللَّهࣸ  بَاتَ ࢽࣸڢِࢽْ کࣸووَادَمࣸغࣸࢽْتَا,أَݣࣸويْ مَاتَامَيْ ڧَوْࢽَرْ اللَّهْ   بَاتَ ࢽࣸڢِࢽْ کࣸووَادَمࣸغࣸࢽْتَا,0.08955223880597014,0.5
A_Person_with_a_Livelihood_Will_Never_Be_Destitute_Mai_Sanaa_Ba_Ya_Tsiya.pdf_page_7_line_013,أَمِيࢽࣸ ࢽٜيٰ کَࢽࣸو مَوَاڧِي عَييَلْوَا  کࣸمَاࢽِي تٜيٰلَࢽٜيٰ عِࢽَا يِࢽْ صَࢽَاعَ,أَمِيࢽࣸ ࢽٜي کَࢽࣸومَوَاڧِي عَيَلْوَا   کࣸمَاࢽِي تٜيلَࢽٜي عِࢽَايِࢽْ صَࢽَاعَ,0.08974358974358974,0.7
MAF_286.pdf_page_15_line_005,کࣸحَڧࣸرٜيٰ دَکࣸوکَࢽْسࣸ ڢࣸطَارِي دَبَࢽْ غَرِي ؞  کࣸسَامࣸ لاَدَا کࣸࢽْجِ زَࢽْثٜيٰ مࣸحَمَّدَا,کࣸغࣸرٜيٰ دَکࣸوکَࢽْسࣸ ڢࣸطَارِي دَبَࢽْ غَرِي ؞ کࣸسَامࣸ ڢَلادَاکࣸࢽْجِ زَࢽْثٜيٰ مࣸحَمَّدَا,0.0898876404494382,0.2727272727272727
Nana_Asmāʾu_The_Authentic_Path_Nana_Asmāʾu_Godaben_Gaskiya.pdf_page_8_line_012,ڢّثّاࢽْ سࣸکٜيٰدَيْدَيْ دَحࣸورࣸغَشٜيٰکَرَا   تࣸتࣸبْ سَيْ کَرَاماَثَاࢽَ طࣸوبَيْ دَاَحْمَدَا,ڢَثَاࢽَ سࣸکٜيٰدَيْدَيْ دَحࣸورࣸغَشٜيٰکࣸرَا   تࣸتࣸثْ سَيْ کَرَامَاثَاࢽَ ڟࣸوبَيْ دَاَحْمَدَا,0.0898876404494382,0.625
Infiraji_10.pdf_page_8_line_010,دَࢽْ کِسَࢽِي اِللَّهْ بَأَذامَيْ   شِي يَعَذَامَشِ شِي ذَيْݣٜوْتَا,دَࢽْ کِسَࢽِي اللَّهْ يَأذَامَيْ  شِي يَعَذَامَشِ ثِي ذَيْݣٜوْتَا,0.09090909090909091,0.375
Infiraji_3.pdf_page_13_line_015,أَࢽْ زࣸبࣸواْ کࣸمَ جَࢽْ أّکَࢽْسَا     سَيْ مࣸتَاࢽٜيٰ يَࢽْ أࣸوَࢽْسَا,أَࢽْزࣸبࣸواْکࣸمَ جَࢽْ أَکَࢽْسَا  سَيْ مࣸتَاࢽٜيٰ يَࢽْ أࣸوَࢽْسَا,0.09090909090909091,0.4444444444444444
Infiraji_4.pdf_page_8_line_009,مَاسࣸ کࣸواْرَاوَرْدَذَاڢِي    ذَامࣸ کࣸوارَمَاسࣸ لَيْڢِي,مَاسࣸ کࣸوارَاوَرْدَذَاڢِي  ذَامَ کࣸواْرَمَاسࣸ لَيْڢِي,0.09090909090909091,0.6
Infiraji_5.pdf_page_3_line_001,بِسْمِ اِللَّهِ اِلرَّحْمَٰࢽِ اِلرَّحِيمِ    وَصَلى اَللَّهِ عَلَى الࢽَّبِيِّ الْکَرِيمِ,بِسْمِ اِللَّهِ الرَّحْمَٰࢽِ اِلرَّحِيم  وَصَلَّى اَللَّهࣸ عَلَى اَلࢽَّبِيِّ الْکَرِيمِ,0.09090909090909091,0.5555555555555556
Knowledge_to_Follow_God_Gandal_Fii_Rewugol_Alla.pdf_page_6_line_004,وَتَاخِيرࣸࡼلسّࣸهࣸورِعٜنٜنّࣸفࣽلْ سࣸفࣸللَرِوَلاَيࣸبَٰلِغࣸ,وَتَاخِيرࣸ ࡼلسّࣸهࣸورِعٜنٜنّࣸفࣸلْ سࣸفࣸلَرِوَلاَيبࣸبَلِغࣸ,0.09090909090909091,1.5
Warning_Gargaɗi_Infiraji_2.pdf_page_14_line_002,سࣸيْتَ عِلمِ تࣸࢽْدَڢَارِي    غَسْکِيَاتَرِ غَايِ شَرِّي,سࣸيْتَ عِلْمِ تࣸࢽْدَڢَارِي غَسْکِيَاتَرِغَايِ شَرِّي,0.09090909090909091,0.5
The_Glorious_Majidu_Infiraji_1.pdf_page_2_line_006,اَلْحَجِ مَالَمْ عَلِيّࣸ ࢽَمَࢽْغِ,اࢽْحَاجِ مَالَمْ عَلِيّࣸ ࢽَمَࢽْغِ,0.09090909090909091,0.25
A_Poem_on_the_British_Waƙar_Nasara.pdf_page_2_line_001,بڧر ڢتࢽا غرس دکو مڧيدا تبد ديࢽ مسلمي الࢽصارا,بڧرڢتࢽا غرس دکومڧيدا  تبدديࢽ مسلمي الࢽصارا,0.09090909090909091,0.6666666666666666
On_Divine_Punishment_2_Kuuɗe_Lette_2.pdf_page_1_line_001,بسم الله الرحمࢽ الرحيم,بسم الله الرحࢽ الرحي,0.09090909090909091,0.5
Nana_Asmāʾu_Admonition_Nana_Asmāʾu_Waazi.pdf_page_2_line_003,يَࢽْ عࣸوَا دࣸکْ مࣸتࣸوبَادࣸومِࢽْ ڢَتࣸوبَا   أڢَّڧࣸوڢَرْ إسَاغَسَرْکِي رَ حِيمِ,يَࢽْ عࣸوَادࣸکْ مࣸتࣸوبَ دࣸومِࢽْ ڢَتࣸوبَا  أَڢَّڧࣸوڢَرْإِسَاغَسَرْکِي رَحِيمِ,0.09090909090909091,0.7777777777777778
ELIT_WAN_00130_019v_line_001,کتاب احمدبࢽ,کتاب احدبࢽ,0.09090909090909091,0.5
Infiraji_4.pdf_page_22_line_001,إࢽْ أَکَٜࢽْ مَغَࢽَاغَرٜيٰسࣸ   سࣸڢَطَامَکَ إِࢽْ أّکَيْسࣸ,إِࢽْ أَکَيْ مَغَࢽَاغَرٜيٰسࣸ  سࣸڢَطَامَکَ إِࢽْ أَکَيْسࣸ,0.09090909090909091,0.5
Infiraji_8.pdf_page_7_line_004,تواْذࣸࢽْسَ دَبَࢽْ دَبَࢽْࢽٜيٰ   مࣸࢽَجِيَاکࣸواْ يَغَاࢽٜيٰ,تࣸواْذࣸࢽْسَ دَبَࢽْ دَبَࢽْࢽٜيٰ  مࣸࢽْجِيَاکࣸواْوَيَغَاࢽٜيٰ,0.09090909090909091,0.6
Infiraji_7.pdf_page_2_line_002,يَاَإِلِهِ اِلْعَرْشِ بَاࢽِ هَࢽْکَلِي دَيَوَࢽْ بَيَاࢽِي,يَلَاللَهِ الْعَرْشِ بَاࢽِ هَࢽْکَلِي دَيَوَࢽْ بَيَاࢽِي,0.09090909090909091,0.3333333333333333
Infiraji_3.pdf_page_15_line_014,ࢽَࢽْ يَتَتَّرَثٜيٰ ڢَࢽٜيٰسَا   مَرْشِثٜيٰماࢽَاإِبِࢽْسَا,ࢽَࢽْ يَتَࢽَّرَثٜيٰ ڢَࢽٜيٰسَا  هَرْشِثٜىٰمَاࢽَاإِبِࢽْسَا,0.09090909090909091,0.5
A_Person_with_a_Livelihood_Will_Never_Be_Destitute_Mai_Sanaa_Ba_Ya_Tsiya.pdf_page_7_line_002,إِࢽَّاکࣸࢽْ بِيَرْعَࢽَࢽْ ذَاࢽِ ليٰٜغَسْ    ذَࢽْ ڧَارَسْ وَطَࢽْدَبَا سَاصَࢽَاعَ,إِࢽَّاکࣸࢽْ بِيَرْعَࢽَࢽْ ذَاࢽِ بٜيٰڧَسْ  ذَࢽْ ڧَارَسْ وَطَࢽْدَبَاسَاصَࢽَاعَ,0.09090909090909091,0.375
A_Poem_on_the_British_Waƙar_Nasara.pdf_page_1_line_006,إدࢽ الله کاࢽڢ ذامتاشي   ميادوزࢽغ سيجمع ࢽصارا,ادࢽالله کاࢽڢ ذامتاشي  ميادورࢽغ سيجمع ࢽصارا,0.09090909090909091,0.42857142857142855
Infiraji_4.pdf_page_24_line_008,أّࢽْڢَطِي غَابَادَتَوْسَيْ   غَاجِکِي ࢽَابَدْدَ کَمَّيْ,أَمْڢَطِي غَابَادَتَوْسَيْ  غَاجِکِي ࢽَابَدْدَکَمَّىْ,0.09090909090909091,0.6
Warning_Gargaɗi_Infiraji_2.pdf_page_13_line_014,مَاسࣸ مَيْدَ غِيَادَشَايِ   طَࢽْ دَسࣸوجَمَعَا کَکࣸواْيِ,مَاسࣸ مَيْدَغِيَادَشَايِ طَيْ دَسࣸوجَمَعَاکَکࣸواْيِ,0.09090909090909091,0.8333333333333334
Infiraji_6.pdf_page_14_line_007,وَࢽْسࣸ ࢽَاتَاشِ ڟِرَارَا    تࣸࢽْ کࣸشٜيٰوَرْذَاعَ ڢَارَا,وَࢽْسࣸ ࢽَاتَاشِ ڟِرَارَا تࣸࢽْ کࣸشٜيٰوَاذَاعَ ڢَارَا,0.09090909090909091,0.16666666666666666
The_Glorious_Majidu_Infiraji_1.pdf_page_4_line_012,وَࢽْدَ يَاڧِ رࣸوَࢽْ ذࣸمَاأغࣸمْبَا,وَࢽْدَيَاڢِ رࣸوَࢽْ ذࣸمَاأَغࣸمْبَا,0.09090909090909091,0.75
Warning_Gargaɗi_Infiraji_2.pdf_page_3_line_012,أَࢽْکِرَاسࣸ ذࣸوَاکࣸشٰٜوَا   وْࢽْدَوَيْشِ دࣸࢽْ دَطٜيٰوْا,أَࢽْکِرَاسࣸ ذࣸوَاکࣸشٜيٰوَا وَࢽْدَوَيْشِ دࣸࢽْ دَطٜيٰوَا,0.09090909090909091,0.6
Warning_Gargaɗi_Infiraji_2.pdf_page_9_line_004,إِࢽْتَذࣸواْبَاڟَيْڟَيَاوَا   کواْدَڧࣸاشِ کࣸواْدَيِࢽْوَا,إِࢽْتَذࣸواْ بَاڟَيْڟَيَاوَا کࣸواْدَڧࣸواشِ کࣸواْدَيِࢽْوَا,0.09090909090909091,1.0
Infiraji_9.pdf_page_3_line_012,ڢَصَلࣸ ڢِي رࣸوَايَ مَمَّࢽْ تࣸکࣸرْ,ڢَصْلࣸ ڢِي رࣸوَايَ مِمَّࢽْ تَکࣸرْ,0.09090909090909091,0.6
The_Human_Being_Is_an_Incurable_Disease_Mutum_Cuta_Ne_Marar_Magani.pdf_page_3_line_005,مࣸودࣸکَّ ڟِࢽْڟَايٜيٰ مࣸࢽَاطَ تَࢽْبَيَا  مࣸࢽْکَاسَ غَاࢽٜي وَرْهلِࢽْکࣸ مࣸتَاࢽٜي,مࣸودࣸکَّ ڟِࢽْڟَايٜيٰ مࣸࢽَادَطَ تَࢽْيَيَا  مࣸࢽْکَاسَ غَاࢽٜيٰ وَرْ هَلِࢽْکࣸ مࣸتَاࢽٜيٰ,0.09090909090909091,0.75
Warning_Gargaɗi_Infiraji_2.pdf_page_15_line_003,تَمْکَرْبَأَتَارَ ࢳَࢽْ أَدَمْ بَا,تَمْکَرْبَاأتَارَࢳَࢽْ أَدَمْ بَا,0.09090909090909091,0.5
Infiraji_8.pdf_page_26_line_009,بَتَ بَرْمَاسࣸ کَىْ دَکَاڢَطَابَا,بَتَ بَرْمَسࣸ کَيْ دَوکَاڢَطَابَا,0.09090909090909091,0.75
Infiraji_7.pdf_page_5_line_006,َتࣸڢَࢽْدَ بَذَيْڢِ شَابَکࣸويْ بَا,دَتࣸڢَࢽْدَبَذَيْڢِ شَابَکࣸيْ بَا,0.09090909090909091,0.75
Infiraji_4.pdf_page_42_line_011,حَرْاَکَىْ ڟࣸࢽْڟࣸوڢَرٜىٰشࣸ   مَىْ ڢَرَوْتَرْمَاسࣸ غِشّࣸ,حَرْأَکَيْ ڟࣸࢽْڟࣸوڢَرٜيٰشࣸ  مَيْ ڢَرَوْتَرْمَاسࣸ غِشّࣸ,0.09090909090909091,0.6
ELIT_WAN_00130_005v_line_010,لولا ايمتنا لله دفدسبفوا ؞ لم نلتڢتهم سوى بالبيض والاسل,لولاايمتناللى دفدسبفوا ؞ لم نلت ڢتم سوى بالبيض والاسل,0.09090909090909091,0.5
Infiraji_3.pdf_page_22_line_002,شِى يَيِيْتَ دَسَࢽّࣸ سَࢽّࣸو   ࢽَࢽْ غِدَࢽْ مَڢَمْ أمِيࢽࣸ,شِي يَبِيْتَ دَسَࢽّࣸ سَࢽّࣸو ࢽَࢽْ غِدَࢽْ مَحَمْ أمِيࢽࣸ,0.09090909090909091,0.375
Infiraji_9.pdf_page_19_line_004,ذࣸࢽࣸبِࢽْسَاسِتِّࢽْ مَيْزِࢽَىٰ أَرْبَعِيࢽْ   أَيْ لاَڢِيَرْبَࢽْذَاتَاجَامَسَىٰ,ذࣸࢽࣸبِࢽْسَاسِࢽَّࢽْ مَيْزِࢽَيٰ أَرْبَعِࢽْ  أَيْ لَاڢِيَرْبَࢽْذَاتَاجَامَسَىٰ,0.09090909090909091,0.8
ELIT_WAN_00130_015v_line_004,يزادعنه اناس لاخلا ڡ لهم ؞ فد فلبواالديࢽ بالتعيي والبدل,يزادعنه اناس لاخلاڢ لهم ؞ فدفلبواالدييࢽ مالتعيي والبدل,0.09090909090909091,0.5
Infiraji_8.pdf_page_16_line_002,أَيْتَ مَي دࣸوکَادَکࣸلکِ    کَاڢِرَيْ دࣸکَ ࢽَاسࣸ أَيْکِ,أَيْتَ مَيْ دࣸوکَادَکࣸلْکِ کَاڢِرَيْ دࣸکَ ࢽَاسࣸ أَيْکِ,0.09090909090909091,0.2857142857142857
Nana_Asmāʾu_The_Authentic_Path_Nana_Asmāʾu_Godaben_Gaskiya.pdf_page_10_line_009,ڧَدَࢽْ کࣸوَشَطَرَادࣸکْ ࢽَوَاڧَرْدࣸࢽْ کࣸسَࢽْ    طَرِى دَتَلَاتِࢽْ ࢽَادَبِوْکࣸبِ اَحْمَدَا,ڧِدَࢽْ کࣸوَاشٜطَرَادࣸکْ ࢽَوَاڧَرْدࣸࢽْ کࣸسَࢽْ  طَرِي دَتَلاتِࢽْ ࢽَادَبِوکࣸبِ اَحْمَدَا,0.09090909090909091,0.625
ELIT_WAN_00130_016r_line_005,هذاالصحيح ونا الفرءاࢽ حجته ؞ ڢى اجع النص للتحڢيڡ وامتثل,مذاالصحيم ونا الفراࢽ حجته ؞ ڢى اجع النص للتحفيڡ واتثل,0.09090909090909091,0.4
Infiraji_8.pdf_page_1_line_004,وَڢَّڧْࢽَااَللَّهࣸ إِلَىٰ مَايَحِبّࣸءَامِيࢽْ,وَڢَّڧْࢽَااللَّهࣸ إِلَىٰ مَايࣸحِبّࣸ ءَامِيࢽ,0.09090909090909091,1.0
The_Human_Being_Is_an_Incurable_Disease_Mutum_Cuta_Ne_Marar_Magani.pdf_page_6_line_006,کࣸوکࣸو سࣸسَامِ أَبِࢽْ ڢَطَاسࣸڢَطامَکَ وَاللَّهِ سَيْ حَڧࣸرِي ذَمَادَمࣸتَاࢽٜيٰ,کࣸوکࣸوسࣸسَامِ أَبِࢽْ ڢَطَاسࣸڢَطَامَکَ   وَاللَّه سَيْ حَڧَِرِي ذَمَادَمࣸتَاࢽٜيٰ,0.09090909090909091,0.625
The_Human_Being_Is_an_Incurable_Disease_Mutum_Cuta_Ne_Marar_Magani.pdf_page_8_line_006,دَࢽْ اَللَّهْ ࢽَارࣸوڧٜيٰکࣸ کَرْ کࣸڧࣸلٜيٰ دَࢽٜي   دَࢽْ غَسْکِيَاثٜيٰ مَيْوࣸيَاغَمࣸتَاࢽٜيٰ,دَࢽْ للَّهْ َارࣸوڧٜيٰکࣸ کَرْکࣸڧَلٜي دَࢽِي  دَࢽْ غَسْکِيَاثٜيٰ مَيْوࣸيَاغَمࣸتَاࢽٜيٰ,0.09090909090909091,0.5555555555555556
Infiraji_4.pdf_page_14_line_012,سَامَجࣸوسࣸ ࢽَهࣸطماࢽٜيٰ   کࣸوْوَࢽٜيٰࢽْسࣸ وࣸرِࢽْذَمَاࢽٜيٰ,سَامَجࣸوسࣸ ࢽَهࣸطَمَاࢽٜيٰ کࣸوْوَࢽٜيࢽْسࣸ وࣸرِࢽْذَمَاࢽٜيٰ,0.09090909090909091,0.5
ELIT_WAN_00130_016v_line_013,اعشى البصير ة اࢽ تى ددضلالته ؞ تراه للحڡ يبدواغير منتحل,اعشى البصير ة اࢽ تى ددضلالتت ؞ تراه للحڡ بيد واغير متتحل,0.09090909090909091,0.36363636363636365
Infiraji_4.pdf_page_46_line_004,أَىْ دَيَجِ کِرَࢽْسࣸ بَيْ طيَابَا,أَيْ دَيَجِ کِرَࢽْسࣸ بَيْ ڟَيَابَا,0.09090909090909091,0.4
Infiraji_4.pdf_page_31_line_004,بَيْ يِࢽْتَ أّيَࢽْدَکَيْ ࢽࣸڢِيتَا,بَيْ بِࢽْتَ أَيَࢽْدَکَيْ ࢽࣸڢِيبَا,0.09090909090909091,0.75
Infiraji_3.pdf_page_18_line_011,يَابِ اَلدِّيࢽِ ڢِيَيّٜيٰ  سيَّدࣸالْوَرَڢَي دَݒࣸواْيٜيٰ,يَابِ اَلدِّيࢽِࢽْ ڢِيَيّٜيٰ  سَيَّدࣸالْوَرَڢَيْ دَبࣸواْيٜيٰ,0.09090909090909091,0.6
A_Person_with_a_Livelihood_Will_Never_Be_Destitute_Mai_Sanaa_Ba_Ya_Tsiya.pdf_page_6_line_010,مَيْڧَرْيَرْشَرِڢْتَکَ تࣸوکࣸدَيْࢽَا    غِرْمَࢽْکَىْ کࣸيَادَشِى کࣸيِى صَࢽَاعَ,مَيْڧَرْيَرْشَرِڧْتَکَاتࣸوکࣸدَيْࢽَا    غِرِْمَࢽْ کَيْ کࣸيَادَشِي کࣸيِي صَࢽَاعَ,0.09210526315789473,0.8333333333333334
A_Poem_on_Friends_and_Relations_Waƙar_Ƴan_Uwa.pdf_page_3_line_003,کَيْدَڢَڧِري دَيْࢽَ زَرْغِࢽْ تَاجِري  کَيْ غَࢽِيِّ دَيْࢽَ زَرْغِࢽْ عٜࢽْعࣸوَا,کَيْدَڢَڧِرِي دَيْࢽَ زَرْغِࢽْ تَاجِرِي  کَيْ کࣸوغَࢽِيِّ دَيْࢽَ زَرْغِࢽْ عٜࢽْ عَوَا,0.09210526315789473,0.5555555555555556
Infiraji_8.pdf_page_24_line_005,ࢽٜىٰ غَمَالِکِ وَࢽْغَ بَاڧࣸواْ     دَاأَثٜىٰ ذَىْ کَرْبِ سَاڧࣸواْ,ࢽٰٜ غَمَالِکِ وَࢽْغَ بَاڧࣸوا   دَاأَثٜيٰ ذَيْ کَرْبِ سَاڧࣸواْ,0.09230769230769231,0.5
Infiraji_9.pdf_page_17_line_005,إِࢽْ دَألَڢَدِرِي کࣸوجَاکࣸࢽَا   سࣸسَاتَيّࣸکَاحَرْبِرْࢽِࢽْ کَࢽࣸواْ,إِࢽْ دَأَلْڢَدَرِي کࣸوجَاکࣸࢽَا  سࣸسَاتَيّࣸکَاحَرْبِࢽْ ࢽِࢽْ کَࢽࣸواْ,0.09230769230769231,0.6
Infiraji_4.pdf_page_33_line_008,يَاحَيٜيٰ مَاتࣸواْ دَبَابࣸرْ   کࣸوْاْوَࢽٜيٰ عࣸوْاْڢِسْ أّتٜيٰبࣸرْ,يَاحَيٜيٰ مَاتࣸوْاْدَبَابࣸرْ  کࣸوْاْوَࢽٜيٰ عࣸوْلْڢِسْ أَࢽٜيٰبࣸرْ,0.09230769230769231,0.6666666666666666
Infiraji_8.pdf_page_22_line_004,سَىْ أَکࣸلّٜىٰ دࣸکَࢽْ وࣸتَاثٜىٰ    سَيْ جَهَࢽَّمَ مࣸࢽْجِ أَࢽْثٜىٰ,سَيْ أَکࣸلّٜيٰ دࣸکَࢽْ وࣸتَاثٜيٰ  سَيْ جَهَࢽَّمَ مࣸࢽْجِ أَࢽْثٜيٰ,0.09230769230769231,0.5
Infiraji_9.pdf_page_18_line_012,بَايَࢽْ کَاغࣸوغٜي کَࢽَڧَسَا   ࢽَࢽْ رࣸوَࢽْکَا کَوَࢽْکٜيٰ سَوْبَݣيْ,بَايَࢽْ کَاغࣸوغٜيٰ کَࢽْڧَسَا  ࢽَࢽْ رࣸوَࢽْکَاکَوَࢽْکٜيٰ سَوْبَکࣸيْ,0.09230769230769231,0.7142857142857143
Infiraji_4.pdf_page_25_line_004,سَࢽْداَلࢽَّبي يَاغَࢽٜيٰشِ   بَابࣸ کَࢽْ حࣸسْکَاغَرٜيٰشِ,سَࢽْدَاَلࢽَّبِي يَاغَࢽٜيٰشِ  بَابࣸ کَيْࢽْ حࣸسْکَاغَرٜيٰشِ,0.09259259259259259,0.4
Infiraji_5.pdf_page_16_line_001,رَࢽْدَدࣸکْ تَاکَرْبِ أيْکِ    بَاتَ ڧَوْࢽَرْلٜىٰوطَاکِ,رَࢽْدَدࣸکْ تَاکَرْبِ أيْکِ  بَاتَ ڧَوْࢽَرْلٜيٰوَ طَاکِ,0.09259259259259259,0.4
ELIT_WAN_00130_008r_line_010,واعلم باࢽ صڢات الله ثابتة ؞ مڢات معنى ڢلا تعبا بمعتن ل,واعلم ياࢽ صڢات الله ثابتة ؞ صڢات معى ڢلا تعبا بمعتزل,0.09259259259259259,0.4166666666666667
Infiraji_3.pdf_page_15_line_004,جَلَّ ࢽَيْ تࣸوبَاغَرٜيَکَ   تَيْمَکَࢽِّ دَتَرْحَمَࢽْکَ,عَلّ ࢽَىْ تࣸوبَاغَرٜيٰکَ  تَيْمَکَࢽِّ دَتَرْحَمَࢽْکَ,0.09259259259259259,0.6
Infiraji_12.pdf_page_18_line_010,ࢽَاإبِࢽْسَ أࢽَࢽْ شِکَࢽْذَا    بࣸرࣸواْدَڢَطَاشِثٜىٰ ذَا,ࢽَاإِبِࢽْسَ أَࢽَࢽْ شِکَࢽْذَا  بࣸرࣸواْدَڢَطَاشِثٜيٰ ذَا,0.09259259259259259,0.6
ELIT_WAN_00130_011r_line_007,والحسࢽ بالعڢل والتفيح اوفعم ؞ و نحࢽ لشى عممااࢽ يفل نفل,والحس بالعفل والتفيي اوفعم ؞ ونحࢽ لشى ع ممااࢽ يفل نفل,0.09259259259259259,0.6363636363636364
Warning_Gargaɗi_Infiraji_2.pdf_page_16_line_013,شَيْخࣸࢽَاعَبْدࣸالرَّوءࣸڢࣸ  تࣸࢽْ إِࢽَا يَارࣸواْ ضَعِيڢِ,شَيْخࣸࢽَاعَبْدࣸالرَّوࣸوڢِ تࣸࢽْ إِࢽَايَارࣸواْ ضَعِيڢِ,0.09259259259259259,0.6
Infiraji_4.pdf_page_20_line_011,طِيَرْوَࢽِي دࣸࢽْ مَکِيدَا    سَيْ ࢽَصَارَ ذࣸوَايهࣸودَا,طِيَرْوَࢽِي دࣸࢽْ مَکِيدَا  سَيْ ࢽَصَارَذࣸوَايَهࣸودَ,0.09259259259259259,0.3333333333333333
Infiraji_12.pdf_page_14_line_001,بَاأَࢽٜيٰسَبَ غَامَڧٜيٰ رَا  بَابࣸ کࣸواوَبَࢽْدَکَوْرَا,بَاأَࢽٜيٰسَبَ غَامَڧٜي رَابَابࣸ کࣸواْوَابَࢽْدَکَوْرَا,0.09259259259259259,0.8
Infiraji_7.pdf_page_10_line_011,مَاسࣸ کࣸواْدَوَجَاغَرَىٰمࣸ دࣸوْبِ شَيْخࣸ مࣸجَدَّدِࢽْمࣸ,مَاسࣸ کࣸواْدَرَجَاغَرٜيٰمࣸ  دࣸوبِ شَيْخࣸ مࣸجَدَّدِࢽْمࣸ,0.09259259259259259,0.4
ELIT_WAN_00130_005v_line_005,ومثلهم کل ذ > شىک واࢽ نسبوا ؞ للديࢽ انڢسهم کڢى ولا تفل,ومثلهم کله ذى شىک واࢽ نسبوا ؞ للد يࢽ انڢسهم کڢى ولاتفل,0.09259259259259259,0.5384615384615384
ELIT_WAN_00130_008r_line_006,ولࢽ يض ک وسواس اللعيࢽ اذا ؞ کى هت ڢلتستعذ بالله وابتحل,ولࢽ يضاک وسواس اللعيࢽ اذا ؞ کىهت ڢلستعذبالله وابتمل,0.09259259259259259,0.5833333333333334
Infiraji_8.pdf_page_3_line_006,أَيࣸکَّࢽْکَ إرِرْࢽَکِرْکِ   إِࢽْدَکَيْکࣸوْاْ دَأَطَاکِ,أَيࣸکَّࢽْکَ إِرِرْࢽَکِرْکِ  إِࢽْدَکَيْ کࣸواْدَأَطَاکِ,0.09259259259259259,0.75
Knowledge_to_Follow_God_Gandal_Fii_Rewugol_Alla.pdf_page_3_line_013,وَسࣸنَنࣸهࣸ سࣸنَّاجِ طِࢽْ أَرْبَعَةࣻکࣽنَحْ ࡻلضَّرْبَةࣻ,وَسࣸنَنّࣸهࣸ سࣸنَّاجِ طِࢽْ ࡶَرْبَعَةࣻکࣽنَىْ ࡻلضَّرْبَةࣸ,0.09259259259259259,0.6
Infiraji_11.pdf_page_8_line_011,غࣸࢽْ ڟَيَاوَاکࣸوْاْجَمِيْلِ   وَِاسِطِيْࢽَا بَاطَوِيلِ,غࣸࢽْ ڟَيَاوَاکࣸوْاْجَمِيلِ  وَاسِطِيࢽَا بَاطَوِيِ,0.09259259259259259,0.75
ELIT_WAN_00130_007v_line_004,حارت عفول الورى ط اوفدعجن ت ؞ وکلماعࢽ جلال الله ڢى عفل,حارت عفول الورى لر اوفدنجى ت ؞ وکلماعࢽ جلال الاله ڢى عفل,0.09259259259259259,0.25
Infiraji_11.pdf_page_5_line_011,غَيَوَࢽْ أزࣸمِى دَصَلَّه    تَيْمَکࣸوࢽْسَ شِࢽَاغَأللهْ,غَايَوَࢽْ أَزࣸمِى دَصَلَّه  تَيْمَکࣸوࢽْسَ شِࢽَاغَأللّهْ,0.09259259259259259,0.6
Knowledge_to_Follow_God_Gandal_Fii_Rewugol_Alla.pdf_page_7_line_005,عٜهٜرْ جࣸدٜسٜفٜنٜيجِ وَالاَيَمَشّࣸ ࡼلتِّيبࣸ عࣽمٜيمَتَا,عٜهٜرْجࣽدٜسٜفٜنٜيجِ وَالاَيَمَشْ ࡼلتِّيبࣸ عࣽجٜيمَتَا,0.09259259259259259,0.8
The_Glorious_Majidu_Infiraji_1.pdf_page_13_line_008,أَࢽْکَثى يَثِرَا يَتَاشِ   يَاکَتَرْتَ غَوَࢽْدَ يَيْشِ,أَࢽْکَثٜىٰ يَثِرَايَتَاشِ  يَاکَتَرْتَ غَوَࢽْدَيَيْشِ,0.09259259259259259,0.8333333333333334
Warning_Gargaɗi_Infiraji_2.pdf_page_7_line_010,شِي ڧَࢽِࢽْ جَاکِ دَدࣸکِ    ࢽٜيٰ ذࣸوَاغࣸوࢽْکِ دَکَࢽْکِي,شِي ڧَࢽِࢽْ جَاکِ دَدࣸوکِ ࢽٜيٰ ذࣸوَاغࣸوࢽْکِ دَکَࢽْکِ,0.09259259259259259,0.2857142857142857
Knowledge_to_Follow_God_Gandal_Fii_Rewugol_Alla.pdf_page_8_line_011,عَࢽِ ࡽلْڢَحْسَاءِعٜبࣽنْطࣶ وَالْمࣸنْکَرِعٜکࣽعَذًاࡶَلَمْ,عَࢽِ ࡽلْڢَحْسَاءِ عٜبࣽنْطࣶ وَالْمࣸنکَرِ عٜکࣽعَذًاࡶلمْ,0.09259259259259259,1.3333333333333333
The_Glorious_Majidu_Infiraji_1.pdf_page_11_line_014,أَرْزِڧِࢽْسَ ڢَرِࢽْ جَکَادَا  وَࢽْدَ کى دَإسَا أڢَادَا,أَرْزِڧِࢽْسَ ڢَرِࢽْ جَکَادَا  وَࢽْدَکٜى دَاإسَاأَڢَادَا,0.09259259259259259,0.5714285714285714
Infiraji_12.pdf_page_8_line_007,غَاسࣸثࣸوتَرْڢِدَّذَاڧِي    شِي رࣸوَاࢽٜىٰ مَاسࣸ يَوْڧِي,غَاسࣸ ثࣸوتَرْڢِدَّذَاڧِي شِي رࣸوَاࢽٜيٰ مَاسࣸ يَوْڧِي,0.09259259259259259,0.6
ELIT_WAN_00130_011r_line_001,اࢽ لا وجوب عليه عࢽ اثابتا ؞ عࢽ ڢصل طاعتنا بالحتم للبدل,ا لاوجوب عليه عࢽ اثابتا ؞ عࢽ ڢصل عاعتنا بالتم لبدل,0.09259259259259259,0.5
Warning_Gargaɗi_Infiraji_2.pdf_page_8_line_011,ࢽَاجِ ألْڧَاضِي شِࢽَاثٜيٰ   ذࣸوثِࢽَا إِࢽْتَامَکَࢽْثٜيٰ,ࢽَاجِ اَلْڧَاضِي شِࢽَاثٜيٰ ذࣸوثِيَا إِࢽْتَامَکَࢽْثٜيٰ,0.09259259259259259,0.4
ELIT_WAN_00130_008r_line_005,وبعضهم رجم التاويل ڢيه على ؞ اصل الغواعدڢاسلک  نحهاتمل,وبعضهم رجح الناويل ڢيه على ؞ اصل الفواعدڢاسلک نمحهاتمل,0.09259259259259259,0.4444444444444444
MAF_286.pdf_page_6_line_007,دَاَللَّهࣸ يَيْ وࣸوسَاڢِيَاسَيْ يَثٜيٰ دَسࣸو ؞ جَمَع کࣸوࣸو هِمَّرْ جِهَادِ ࢽَأَحْمَدَا,دَاَاللَّهࣸ يَيْ وࣸوسَاڢَيَاسَيْ يَࢽٜيٰ دَسࣸو ؞  جَمَعَ کࣸوو هِمَّرْ جَمَادِ ࢽَأَحْمَدَا,0.09302325581395349,0.5454545454545454
MAF_286.pdf_page_5_line_005,رَࢽَّࢽْ يّثٜيٰ مࣸسࣸ يَوْکࣸڢَاطَ غَرِࢽْ ࢽَࢽَ ؞ کࣸکرْکَشٰٜ کَاڢِرَيْ مَڧِيَࢽْ مࣸحَمَّدَا,أَࢽَّࢽْ يَثٜيٰ مࣸسࣸ يَوْکࣸڢَاطَ غَرِࢽ ࢽَيَ ؞  کࣸکَرْکَشٜي کَاڢِرَيْ مَڧِيّࢽْ مࣸحَمَّدَا,0.09302325581395349,0.5454545454545454
MAF_286.pdf_page_6_line_014,وَࢽْدَيَجٜيٰ يَاڧِࢽْسَ يَاغَࢽْتَ ظَاهِرََا ؞  بَأَݒࣸويَرْکࣸووَابَ بَرَادٜࢽْ مࣸحَمَّدَا,وَࢽْدَيَجِࢽ يَاڧِࢽْسَ يَاغَࢽْتَ ظَاهِرَا ؞ بَأَبࣸويَࢽْ کࣸووَابَ بَرَادٜࢽْ مࣸحَمَّدَا,0.09302325581395349,0.5
Nana_Asmāʾu_The_Absolute_Truth_1_Nana_Asmāʾu_Tabbat_Haqiqan_1.pdf_page_6_line_005,وَࢽْسࣸ ࢽَࢽْ بَاسࣸبِࢽْ سࣸبِࢽْ تَڢَرْکِࢽْ شَرِيعَا   مَاسࣸ ذَاڢِي سࣸڢَاطَبَيْ بَابَرَاعا,وَࢽْسࣸ ࢽَࢽْ بَاسࣸبِࢽْ تَڢَرْکِࢽْ شَرِيعَا   مَاسࣸ ذَاڢِي سࣸڢَاطَبَيْ بَابَرَاعَا,0.09302325581395349,0.2
Nana_Asmāʾu_The_Absolute_Truth_1_Nana_Asmāʾu_Tabbat_Haqiqan_1.pdf_page_7_line_015,غࣸوبٜيٰ أَࢽَ کَرْکَشٜيٰشِ تَبَّتْ حَڧِيڧََا,غࣸوبٜيٰ أَࢽَکَرْکَشٜيسࣸ تَبَّتْ حَڧِيڧََا,0.09302325581395349,0.4
Nana_Asmāʾu_The_Absolute_Truth_1_Nana_Asmāʾu_Tabbat_Haqiqan_1.pdf_page_2_line_005,کَاجِکٜوْتَادَطَاڢَ دࣸࢽْ کَغࣸوࢽٜيٰ وَࢽْدَيَذَمْ أِمَا،ࣸ دࣸࢽْ ثِࢽْ مࣸتَاࢽٜيٰ,کَاجِکٜوْتَادَطَاڢَ دࣸࢽْ کَرْکَغࣸوࢽٜيٰ  وَࢽْدَيَذَمْ إِمَامࣸ دࣸࢽْ ثِࢽْ مࣸتَاࢽٜيٰ,0.09333333333333334,0.25
A_Person_with_a_Livelihood_Will_Never_Be_Destitute_Mai_Sanaa_Ba_Ya_Tsiya.pdf_page_2_line_002,بِسْمِ اِللَّهِ رَبَّࢽَا بَاࢽِي سّاَءَ  زَࢽْوَاڧَرْ وَطَࢽْدَ بَاسَا صَࢽَاعَ,بِسْمِ اَللَّهِ رَّࢽَا بَاࢽِي سَاء  زَࢽْوَاڧَرْ وَطَࢽْدَ بَاسَاصَࢽَاعَ,0.09333333333333334,0.5555555555555556
Infiraji_6.pdf_page_20_line_012,شِيْمَايَثٜىٰ ࢽِي بَذَࢽْ إيَابَا,شِيمَايَثٜيٰ ࢽِي بَذَࢽْ إِيَابَا,0.09375,0.5
Infiraji_4.pdf_page_37_line_004,بَسࣸ سَࢽْ ڟَيࣸوَاوࣸرِࢽْ تࣸدࣸوبَا,بَسࣸ سَࢽْ ڟَࣸووࣸرِࢽْ تࣸدࣸوبَا,0.09375,0.25
Infiraji_12.pdf_page_4_line_006,بَيَکَࢽْ کࣸوْامَاثِکِࢽْ دࣸحࣸوبَا,بَيَکِࢽْ کࣸواْمَاثِکِࢽْ دࣸحࣸوبَا,0.09375,0.6666666666666666
Infiraji_3.pdf_page_16_line_002,شِي کَسَاأَيِ رَاݒٜيٰ رَاݒٜيٰ    بَيْيِ کَيْوْ لِمَࢽْ شِتَاݒٜيٰش,شِي کَسَاأَيِ رَاݒٜيٰ رَايٜىٰ  بَيْيِ کَيْوْلِمَࢽْ شِتَاݒٜيٰ,0.09375,0.5
Infiraji_9.pdf_page_9_line_001,کَاغَ أَمْضٜيٰ بَايَرْدَرْوَلِي   بَابࣸ عِدَّا شٜيٰغࣸواْ سࣸࢽَوَا,کَاغَ أَمْضٜيٰ بَايَرْدَرْوَلِي  بَابࣸ عِدَّاشٜيٰغࣸواْ سࣸࢽْيَرَ,0.09375,0.42857142857142855
Infiraji_4.pdf_page_41_line_014,ذࣸوْالْجَلَالِ سَبࣸوْادَإيکࣸوْا    سَىْ شِسَاإِࢽࣸوَاتَسَوْکࣸوْاْ,ذࣸوْالْجَلَالِ سَبࣸوادَإيْکࣸواْ  سَيْ شِسَاإِࢽࣸوَاتَسَوْکࣸوْاْ,0.09375,0.5
Infiraji_3.pdf_page_10_line_006,بَأَسࣸواْذَاڢِࢽْوَ يَيْ يَوَابَا,بَأَلࣸواْذَاڢِࢽْسَ بَيْ يَوَابَا,0.09375,0.6666666666666666
Infiraji_3.pdf_page_19_line_006,کَࢽࣸڢٜيٰمࣸ بَمَايِي کࣸسکࣸرٜيٰبَا,کَࢽࣸڢٜىٰمࣸ بَمَايِي کࣸسْکࣸرٜىٰبَا,0.09375,0.6666666666666666
Infiraji_4.pdf_page_40_line_006,کࣸوْاْحِزِبْ طَيَࢽٜىٰ يَکࣸبْثٜىٰ    سَيْ يَتَاشِ يَࢽَامَکَࢽْثٜىٰ,کࣸوْاْحِزِبْ طَيَࢽٜيٰ يَکࣸيْثٜيٰ  سَيْ يَتَاشِ يَࢽَامَکَࢽْثٜيٰ,0.09375,0.5
MAF_286.pdf_page_18_line_009,إِذَࢽْ دَيْ کࣸࢽَا ذَمْࢽٜيٰ وࣸࢽِيْ کࣸڢَ يَٰشِغوࣸا ؞  تࣸوکَدَ کࣸتَاشِ ڟَيٜيٰ إِذَࢽْ کࣸࢽبِ أحْمَدَا,إِذَࢽْ دَيْ کࣸࢽَاذَمْࢽٜيٰ وࣸࢽِيْ کࣸڢَ يَيشِغࣸوا ؞  تࣸوکَدَکࣸتَاشِ طٜيٜيٰ إِذَࢽْ کࣸࢽْبِ أَحْمَدَا,0.09375,0.5714285714285714
Infiraji_4.pdf_page_44_line_004,يَࢽࣸڢࣸواْاَلعَرْشِ بَىْ ڟَيَابَا,يَࢽࣸڢࣸواْ اَلڢَرْشِ بَيْ ڟَيَابَا,0.09375,1.0
Knowledge_to_Follow_God_Gandal_Fii_Rewugol_Alla.pdf_page_2_line_001,غَسْلࣸ ࡼلْيَدَيْࢽِ کࣽلࣽو تࣸدٜ جࣸو طٜطٜࢽْ فَبْلَ ࡹِدْ خَا لِهِمَا,غَسْلࣸ ࡼلْيَدَيْࢽِ کࣽلࣸوتࣸدٜجࣸوطٜطٜࢽْ فَبْلَ ࡹِدْخَالِهِمَا,0.09375,0.7
Infiraji_4.pdf_page_40_line_016,سَاسَࢽْ وَࢽِي بَادَسَلٍََّمَابَا,سَاسَرْ وَࢽِي بَادَسَلَّمَابَا,0.09375,0.6666666666666666
Infiraji_6.pdf_page_18_line_006,بَسࣸ سَامِ أَبِࢽْدَ سࣸࢽْ رِڧٜيبا,بَسࣸ سَامِ أَبِࢽْدَسࣸࢽْ رِڧٜيٰبَا,0.09375,0.6
Infiraji_3.pdf_page_18_line_014,دࣸکْ مࣸتَارࣸمࣸسࣸواْ زࣸمࣸࢽْتَا    ڢَيْ دَݒࣸويٜيٰ مࣸبَرْ مࣸغࣸࢽْتَا,دࣸکْ مࣸتَارࣸمࣸسࣸوْاْزࣸمࣸࢽْتَا  ڢَيْ دَݒࣸواْيٜيٰ مࣸبَرْ مࣸغࣸࢽْتَا,0.09375,0.42857142857142855
The_Glorious_Majidu_Infiraji_1.pdf_page_15_line_009,بِيْکَࢽْ عَدَࢽَاࢽ طَࢽْ سࣸوَيْࢽَا,جِيْکَࢽْ عَدَࢽَاࢽِ طَࢽْ سࣸوَيْبَا,0.09375,0.75
Infiraji_3.pdf_page_20_line_012,بَاذَࢽْ ثِرىٰ ذࣸوثِيَرْ ذࣸوَابَا,بَاذَࢽْ ثِرٜيٰ ذࣸوثِيَرْذࣸوَابَا,0.09375,0.75
Warning_Gargaɗi_Infiraji_2.pdf_page_16_line_015,بَيْ بَرْجِ ثِکِࢽْ هَکࣸوکࣸوْابَا,بَيْ بَرْيِ ثِکِرْ هَکࣸوکࣸوَابَا,0.09375,0.75
MAF_286.pdf_page_2_line_005,دࣸبࣸوثٜيٰ دَمٜاتَࢽْ کࣸمَ دَخَمِسِࢽْ دَوَسࣸ بِيَرْ ؞ بَيَاࢽِ ࢽَشَرْࢽَهْ کࣸࢽجِ سَمَرِࢽْ مࣸحَمَّدَا,أَبࣸوثٜيٰ دَمَاتَيْ کࣸمَ دَخَمْسِيࢽْ دَوَسࣸ بِيَرْ ؞  بَيَاࢽِ ࢽَشَرْࢽَهࣸ کࣸࢽجِ سَمْرِࢽْ مࣸحَمَّدَا,0.09375,0.4166666666666667
Infiraji_6.pdf_page_13_line_009,کَمَرْ حَغࣸمَا سَبࣸوْاْدَغَمْبَا,کَمَرْحَڧࣸمَاسَبࣸوْاْدَغَمْبَا,0.09375,1.0
MAF_286.pdf_page_4_line_014,دَيَاجَٜيٰ لࣸبَيَّ غَرِِرْجَهَادِيڢَ يَࢽَْاءࣸوَا ؞ يَسَبْکَ أَࢽَࢽْ ڧَوْيٜࢽْتَ جِيکَࢽْ مࣸحَمَّدَا,دَيَاجَيْ لࣸبَيَّ غَرِرجَمَادِيڢَ يَࢽْاءࣸوَا ؞ يَسَبْکَ أَࢽَࢽْ ڧَوْيِࢽْتَ ڢِيَکَࢽْ مࣸحَمَّدَا,0.09375,0.5
The_Glorious_Majidu_Infiraji_1.pdf_page_4_line_002,مَࢽْ إِࢽْتَا دَإِدࣸوْ إِࢽْدࣸوْبَا   إِࢽْغَ کࣸورَࢽْࢽَࢽْ تَکَعࣸبَا,حَرْ إِࢽْتَادَإِدࣸوْإِࢽْدࣸوبَا  إِࢽْغَ کࣸورَࢽْࢽَࢽْ تَکَعࣸبَا,0.09375,0.5714285714285714
Infiraji_12.pdf_page_9_line_006,أعِشٜىٰ بَتَ شَامَطِࢽْ بَݣࣸيْبَا,أَعِشٜىٰ بَتَ شَامَطِࢽْ بَکَيْبَا,0.09375,0.5
The_Human_Being_Is_an_Incurable_Disease_Mutum_Cuta_Ne_Marar_Magani.pdf_page_5_line_015,بَتَکَيْ کَمَرْ کࣸمَارَاڧࣸمِيباوَجَࢽْ ڟَيِي    تࣸوکَاجِ رِکْتَرْوَاتَاسࣸوکࣸومࣸتَاࢽٜيٰ,بَتَکَيْ کَمَرْکࣸمَارَاڧَمِيبَ وَجَࢽْ ڟَيِي  تࣸوکَاجِ رِکْتَرْوَرْتَاسࣸوکࣸومࣸتَاࢽٜيٰ,0.09411764705882353,0.5
A_Poem_on_Friends_and_Relations_Waƙar_Ƴan_Uwa.pdf_page_4_line_006,يَاطَࢽْ عࣸوَاࢽَا إِࢽْدَ حَالِي تَيْمَکو  حَࢽْيَر ذࣸوَا حَجِ مَا کَتَيْمَکِ طَࢽْ عࣸوَا,يَاطَࢽْ عࣸوَࢽَا إِࢽْدَ حَالِࢽْ تَيْمَکࣸو  حَࢽْيَرْذࣸوَاحَجِ مَاکَتَيْمَکَ طَࢽْ عࣸوَا,0.09411764705882353,0.6666666666666666
ELIT_WAN_00130_003r_line_008,بذاک بارک ڢيماڢاحتوت نعما ؞ ڢضلام الله جل الله عࢽ مثل,بذاک بارک ڢيما ڢاحتوت نعا ؞ ڢضلامࢽ الله حل الله مࢽ مثل,0.09433962264150944,0.5454545454545454
Infiraji_3.pdf_page_6_line_010,غَارࣸوَࢽْ طَاثِى سࣸتَرْڢَا مَيْ أبَاکِ أَجࣸوىَ صِڢَّا,غَارࣸوَࢽْ کَاثِي سࣸتَرْڢَا  مَيْ أَبَاکِ أَجࣸويَ صِڢَّا,0.09433962264150944,0.42857142857142855
Infiraji_7.pdf_page_6_line_005,عࣸکّࣸ ثِي دَتࣸڢَادَمَاتَا تࣸࢽْدَلِيشَاإِࢽْ يَکࣸوࢽْتَا,عࣸکْ ثِي دَتࣸڢَادَمَاتَا   تࣸࢽْدَلِيشَا إِࢽْ يَکࣸوࢽْتَا,0.09433962264150944,0.6
Infiraji_12.pdf_page_16_line_005,بِدِعَاوَامَالَمَࢽْکࣸ    سَىْ سࣸثٜىٰ دَبَݣࣸىْ دَعࣸکّࣸ,بِدِعَاوَامَالَمَࢽْکࣸ سَيْ سࣸثٜىٰ دَبَݣࣸيْ دَعࣸکّࣸ,0.09433962264150944,0.4
Infiraji_11.pdf_page_11_line_005,رَبَّࢽَايَابَاکَ هࣸجَّا     وَدَّبَاثَ غَمَيْدَرَجَّا,رَبَّࢽَايَابَاکَ مࣸجَّا  وَدَّبَاتَ غَمَيْدَرَجَّا,0.09433962264150944,0.5
ELIT_WAN_00130_009v_line_001,ما فال للشي ى الاوکاࢽ على ؞ وڢڡ الارادة مࢽ بط ومࢽ عجل,مافااللشيى ءى الاوکاࢽ على ؞ وڢڡ الارادة مࢽ بط ومࢽ عجل,0.09433962264150944,0.3076923076923077
Infiraji_8.pdf_page_4_line_007,ࢽَࢽْ مِجِ کَࢽْثٜيٰ دَمَاتَ   تَيْکٜيٰࢽِ مَسࣸويِيَاتَا,ࢽَࢽْ مِجِي کَࢽْثٜيٰ دَمَاتَ  تَيْمَکٜىٰࢽِ مَسࣸويِيَاتَا,0.09433962264150944,0.3333333333333333
Knowledge_to_Follow_God_Gandal_Fii_Rewugol_Alla.pdf_page_11_line_012,مِࢽْ أࣸمࣸورِࡽلدّࣸنْيَا عٜعَدࣸنَ وَالاَخِرَةِعٜلاَخِرَ,مِࢽْدࣸمࣸورِ ࡽلدّࣸنْيَاعٜعَدࣸرَ وَالاَخِرَةِعٜلاَخِرَ,0.09433962264150944,0.75
Infiraji_6.pdf_page_20_line_014,حَرْشِذَمْ اللهْ تَعَالَىٰ   سَيْ يَثٰٜمَاجِبْرَءِيلَ,حَرْشِذَمْ اَللَهْ تَعَالَىٰ سَيْ يَثٜيٰمَاجِبْرَءِيلَ,0.09433962264150944,0.4
Infiraji_4.pdf_page_28_line_011,شِي يَسَاکَغَ غَالِبِي يَوسࣸࢽْڧِ سࣸيِ سَيْدَوَايࣸوْاْ,شِي يَسَاکَغَ غَالِبِي يَوسࣸࢽْڧِ سࣸࢽْ سࣸيِ سَيْدَوَايࣸوْاْ,0.09433962264150944,0.16666666666666666
Infiraji_3.pdf_page_20_line_005,رَࢽْ ذࣸوَايَاڧِࢽْ تَبࣸوکَ   ذࣸالْجَلالِ شِسَامࣸغَࢽْکَ,رَࢽْ ذࣸوَايَاڧِࢽْ تَبࣸوکَ ذࣸواالجَلالِ شِسَامࣸغَࢽْکَ,0.09433962264150944,0.2
ELIT_WAN_00130_006v_line_006,بل لم نشاهدسوى منع لمغتدر ؞ فداتفࢽ المنع ت علو ومنسڢل,بل لم نشاهدسوى صنع لفتدر ؞ فداتفࢽ الصنع ت علوومنسڢل,0.09433962264150944,0.45454545454545453
Knowledge_to_Follow_God_Gandal_Fii_Rewugol_Alla.pdf_page_2_line_007,عٜرٜوْنِدِرْدٜوَڢَرَآضِࣸ ࡼلْغَسْلِ ڢَرِللَّج لࣸنْفࣵلْ,عٜرٜوْنِدِرْدٜوَڢَرَآبِضࣸ ࡼلْغَسْلِڢَرِللَّجِ لࣸنْفࣵلْ,0.09433962264150944,0.75
ELIT_WAN_00130_012v_line_005,ونطڡ عجماءبل نطڡ انجمادله ؞ ومࢽ هجيب وطيس الشمس ناظلل,ونطڡ عجماءبل نطڡ الجمادله ؞ ومࢽ هجي وطيس ااشس نا ظلل,0.09433962264150944,0.5
The_Human_Being_Is_an_Incurable_Disease_Mutum_Cuta_Ne_Marar_Magani.pdf_page_2_line_004,إࢽْ کࢽت مࢽبسطا سموک مسحرة  أوکࢽت مࢽڧبضاڧالوا له الثڧل,اࢽ کࢽت مࢽبسطاسموک ملحرة  أوکࢽت مࢽڧبضاڧالواله الثڧل,0.09433962264150944,0.6666666666666666
ELIT_WAN_00130_007v_line_002,نعم بنوريفيࢽ الفلب نعى ڢى ؞ کمايليڡ به ڢى ا عدل السبل,نعم بنوريغيࢽ الفلب نعࢽ ڢه ؞ کمابليڡ به ڢى اعدل السبل,0.09433962264150944,0.5
Infiraji_5.pdf_page_16_line_008,غَالِلِࢽْ بَتَ طَوْرَمَلتِى   غَسْکِيَارَࢽَرْوَڢَاتِى,غَالِلِࢽْ بَتَ طَوْرَمَلْتِي  غَسْکِيَارَاࢽَرْوَڢَاتِي,0.09433962264150944,0.5
A_Person_with_a_Livelihood_Will_Never_Be_Destitute_Mai_Sanaa_Ba_Ya_Tsiya.pdf_page_3_line_014,إِࢽْ اَللَّهْ يَسࣸووࣸ ڧَࢽْتَا بَاوَا  سَيْ کَتَرَرْدَشِيڢَا بَايَا صَࢽَاعَ,إِࢽْ اَلَّهْ يَسسࣸووࣸاَڧَࢽْتَابَاوَا  سَيْ کَتَرَرْدَشِيڢَابَايَاصَࢽَاعَ,0.0945945945945946,0.7777777777777778
A_Person_with_a_Livelihood_Will_Never_Be_Destitute_Mai_Sanaa_Ba_Ya_Tsiya.pdf_page_4_line_006,بَرِيِࢽْ تَا ڧَمَا دَکَيْ مَالَمِيࢽٜي  کَراتوࣸ شِييَثٜي عَجٜي عَيْ صَࢽَاعَ,بَارِيِࢽْ تَاڧَمَادَکَيْ مَالَمِيࢽٜي کَرَاتࣸوشِييَثٜي عَجٜي عَيْ صَࢽَاعَ,0.0945945945945946,0.6
A_Person_with_a_Livelihood_Will_Never_Be_Destitute_Mai_Sanaa_Ba_Ya_Tsiya.pdf_page_2_line_004,غَࢽْ تَلِ غࢽْتَ ڢَلْ ڢَلاَ بَابࣸ عَيکِ  کࣸوکࣸو بَاکࣸسࣸو عَثٜي کࣸيْ صَࢽَاعَ,غَࢽْ تَلِ غَࢽْتَ ڢَلْ ڢَلاَا بَاکࣸ عَيْکِ  کࣸوکࣸوبَاکࣸسࣸوعَثٜي کࣸيْ صَࢽَاعࣸ,0.0945945945945946,0.6666666666666666
Infiraji_9.pdf_page_8_line_002,مَالَمْ بَدَمَاصِي ࢽْسࣸوبَا   اءࣸبَࢽْ أَطَاءِلࣸ تࣸدَࢽْ دࣸوࢽِيَا,مَالَمْ بَدَمَاصِي ࢽَسࣸوبَا أࣸبَࢽْ أَطَابِلࣸ تࣸدَࢽْ دࣸوࢽِيَا,0.09523809523809523,0.42857142857142855
Infiraji_8.pdf_page_28_line_014,سَيْ أَثٜيٰ مَسَ مࣸࢽْ هࣸࢽْکࣸࢽْتَا    سِيدِ مࣸومࣸکَ سَاکَمَࢽْتَا,سَيْ أَثٜىٰ مَسَ مࣸࢽْ هࣸکࣸࢽْتَا  سِيدِمࣸومࣸکَ سَاکَمَࢽْتَا,0.09523809523809523,0.5
MAF_286.pdf_page_1_line_006,دَإِيکࣸࢽْسَ اَلرَّحْمَٰࢽࣸ يَايِ مࣸحَمَّدࣸ؞ يَيِوشِ دَࢽْ دَاتِࢽْسَ سَرْکِي مࣸحَمَّدَا,دَإيکَࢽْسَ اَلرَّحْمَٰࢽࣸ يَايِ مࣸحَمَّدࣸ؞  يَيِوࣸوشِ دࣸࢽْ ذَاثِࢽْسَ سَرْکِي مࣸحَمَّدَا,0.09523809523809523,0.4444444444444444
Infiraji_5.pdf_page_10_line_008,إِࢽْ تَذَمْ ࢳَاثٜيٰ تَ تَمَࢽْيَا    غَاشِ تَاذَمَ مَيْ بِيَيَّا,إِࢽْ تَذَمْ ࢳَاثٜيٰ تَمَࢽْيَا  غَاشِ تَاذَمَ مَىْ بِيَيَّا,0.09523809523809523,0.2222222222222222
A_Letter_to_Malam_Ƙalarawi_Wasiƙa_zuwa_ga_Malam_Lawan_Ƙalarawi.pdf_page_1_line_008,مࣸتࣸمࢽٜي عِࢽَادَمَاتَرْسَالࣸوکَثِࢽْ يَاڧِي,مࣸتمْࢽٜى عِࢽَادَمَاتَرَْسَالࣸوکَثِࢽْ يَاڧِي,0.09523809523809523,0.6666666666666666
Infiraji_3.pdf_page_1_line_004,وَڢَّڧَࢽَا اللَّهࣸ إِلىَ مَايࣸحِبّࣸ ءامِيࢽ,وَڢَّڧَࢽَااللَّهࣸ إِلَىٰ مَايࣸحِبّࣸ ءامِࢽ,0.09523809523809523,0.8
Infiraji_10.pdf_page_6_line_011,تَࢽَاعِيٰ ثٜيٰوَ مِجِ مَتَلَوصِي  کࣸودايَايِ کࣸطِࢽْ طَࢽْ تَاتَا,تَࢽَاعِي ثٜيٰوَمِجِ مَتَلَوْثِي کࣸودَايَايِ کࣸطِࢽْ طَࢽْ تَاتَا,0.09523809523809523,0.625
The_Harlots_Song_Waƙar_Karuwa.pdf_page_3_line_013,تَکَࢽْ ڟِرِِي يَاوࣸاْ دَبَابࣸ دَلِي لِي  تَکَࢽْ غࣸزِرِࢽْ مَيْ دَطَࢽْ غࣸورࣸاْ ڧّٜللِي,تَکِࢽْ ضِرِي يَاوࣸاْ دَبَابࣸ دَلِي لِي  تَکَࢽْ غࣸࢽِرِࢽْ مَيْ دَطَࢽْ غࣸورࣸواْ ڧࣸلِي,0.09523809523809523,0.4166666666666667
On_Divine_Punishment_2_Kuuɗe_Lette_2.pdf_page_1_line_007,کَلَ کࣸوطٜ نࣽحࣸوَّرِحࣸورٜمࣸعࣸࢽْ تࣸمَ هࣸورٜتَجَادٜىَ هࣽورٜ جࣽبࣽو,کَلَ کࣸوطٜ نࣽحࣽࣸوَّرِ حࣸورٜمࣽعࣸࢽْتࣸمَ هࣸورٜتَجَادٜىَ هࣸورٜجࣽبࣽو,0.09523809523809523,0.5714285714285714
Knowledge_to_Follow_God_Gandal_Fii_Rewugol_Alla.pdf_page_9_line_014,کࣽللَبَلْ ࡶَلصَّلاَةࣸحࣸلْدٜڢَرْضࣻ کࣸڢَرِضَّ لاَيࣸفْبَلࣸ ࡼللَّهࣸ,نَللَبَل ࡶلصَّلاَةࣸحࣸلْدٜڢَرْضࣻ کࣽڢَرِضَّ لاَيࣸفْبَلࣸ اللَّهࣸ,0.09523809523809523,0.8
MAF_286.pdf_page_19_line_013,کࣸࢽٜمِ سَࢽِي کࣸمَ کࣸࢽجِ دࣸࢽْ اَللَّهࣸ يَࢽْاءࣸوَا ؞  شِيمَا حَدِيثِࢽْ ࢽٜيٰ دَيَيِووشِ أَحْمَدَا,کࣸࢽٜي سَࢽِي کࣸمَ کࣸࢽْجِ دࣸࢽْ اَللَّهࣸ يَࢽْاءࣸوَا ؞  شِيمَاحَدِيشِ ࢽٜي دَيَيِوشِ أَحْمَدَا,0.09574468085106383,0.46153846153846156
MAF_286.pdf_page_11_line_007,کࣸسَࢽْ جَلَّ سَرْکِي ࢽَامࣸ إِࢽْ ييْ أَلْکَولِي ؞   کࣸرࣸم بَاشِ سَاݒَاوَا ڢَأَمّࣸ الْمࣸحَمَّدَا,کࣸسَࢽْ جَلَّ سَرْکِي ࢽَامࣸ إِࢽْ يَيٰ أَلْکَوَلِي ؞  کࣸرࣸمْ بَاشِ سَاݒَوَاڢَأَمَّ الْمحَمَّدَا,0.09574468085106383,0.46153846153846156
The_Harlots_Song_Waƙar_Karuwa.pdf_page_2_line_008,إدَࢽْ تَجِ سࣸو ࢽَࢽْکَ بَاةَ ڢَطِي  تَکَࢽْ زَابِي سࣸوࢽَا دَدࣸکْ يَاڢِداطِي,إِدَࢽْ تَاجِ سࣸوࢽَࢽْکَ بَاةَ ڢَطِي  تَکَࢽْ تَابِي سࣸوࢽَا دَدࣸکْ يَاڢِدَادِ,0.0958904109589041,0.5454545454545454
A_Person_with_a_Livelihood_Will_Never_Be_Destitute_Mai_Sanaa_Ba_Ya_Tsiya.pdf_page_3_line_007,کࣸمَاڢِيرَرْسࣸ ثَاسࣸکٜي وَࢽٜي رࣸووَا  سࣸيِي سࣸوکَا غَوَࢽْدَ کٜيࢽْ صَࢽَاعَ,کࣸمَاڢِيرَرْسࣸ ثَاسࣸکٜي وَاي رࣸووَا  سࣸيِي سࣸوکَاغَوَࢽْدَکٜيٰيِࢽْ صَࢽَاعَ,0.0958904109589041,0.4444444444444444
A_Poem_on_Adultery_Waƙar_Zina.pdf_page_1_line_002,ذَمَاکَاڢِرَاوَاکَيَلرْدَادَمَابَا    سࣸࢽَابَاتَ اَمبَرٜى سࣸࢽَايِࢽْ زِࢽَا,ذَمَاکَاڢِرَاوَاکَيغَرْ دَادَمَابَا   سࣸࢽَابَاتَ امَّرٜي سࣸࢽَايِࢽْ زِࢽَا,0.0958904109589041,0.6
Infiraji_12.pdf_page_15_line_002,ڧِيدَسࣸوْابَاذَاأَڢَاسَ     وَابَ يَاجِ کِرَايَأمْسَ,ڧِيدَسࣸوابَاذَاأَڢَاسَ  وَابَ يَاجِ کِرَايَأَمْسَ,0.09615384615384616,0.5
Knowledge_to_Follow_God_Gandal_Fii_Rewugol_Alla.pdf_page_7_line_006,تِيرِوَالاَيَلْبَسࣸ عࣽبࣽرْنَتَاکࣸ مࣸفِيتِ ࡽلثَّيَابِ,تِيرِوَالايَلْبَسࣸ عࣽبࣽرْنَتَاکࣸ مࣸغِيتِ اثِّيَابِ,0.09615384615384616,0.75
ELIT_WAN_00130_016r_line_001,بعدالذهب فوم ابطلواسڢها ؞ شڢاعةالمصطڢى والملک والرسل,بعد ذذهب فوم ابطلواسڢها ؞ شڢاعة المصطڢ والملک والرل,0.09615384615384616,0.7142857142857143
Infiraji_7.pdf_page_15_line_007,تَتَّلِࢽْتَ کِيَايٜيٰ حَدِّي ذࣸوثِيَاتَيِ إِجْتَهَاد,تَتَّلِࢽْتَ کِيَايٜيٰ حَدّࣸو ذࣸوثِيَاتَي إِجْتِهَادِ,0.09615384615384616,0.6
Infiraji_4.pdf_page_38_line_003,سَىْ شِبَايَرْحَرأࣸبَࢽْسَ   بَاطِيَابَاعٜࢽْ اࣸوَࢽْسَ,سَىْ شِبَايَرْحَرْأࣸبَࢽْسَ  بَاطِيَابَاࢳَࢽْ أࣸوَࢽْسَ,0.09615384615384616,0.75
ELIT_WAN_00130_010r_line_008,ڢليس ڢيهاسوى معنى دلالتا على الکلام الذ> فدجل عن مثل,ڢليس ڢيهاسوى معى دلالتنا ؞ على الکلام الذ> فدجل عࢽ مثل,0.09615384615384616,0.36363636363636365
Infiraji_4.pdf_page_4_line_009,ࢽَاوَخَيْرِيَاڧَرَࢽْتَ    کࣸواْکَمَرْڧَايَا ࢽَهࣸوتَا,ࢽَاوَخَيْرِيَاڧَرَࢽْتَ کࣸواْکَمَرْڧَايَاࢽَهࣸوتَ,0.09615384615384616,0.6666666666666666
Infiraji_7.pdf_page_13_line_011,ࣸوثِيَا دَجِکِي دَأَيْکِي هَرْکَسَاأَصِکِࢽْ مَڢَرْکِ,غࣸوثِيَادَجِکِي دَأَيْکِي  حَرْکَسَاأَثِکِࢽْ مَڢَرْکِ,0.09615384615384616,0.6
Infiraji_3.pdf_page_21_line_010,سَىْ ࢽَبَاطَاࢽَايࣸࢽࣸوس   سَىْ ࢽَثٜىٰ رِوِکَرْکَڢَاسَ,سَىْ ࢽَبَاطَاࢽَايࣸࢽࣸوسَ  سَيْ ࢽَثٜيٰ رِڧِ کَرْکَڢَاسَ,0.09615384615384616,1.0
ELIT_WAN_00130_006r_line_008,لاࢽ تغيي ه تکڢى دلا لتى ؞ لو کاࢽ ذافدم بالعفل لم يحل,لاࢽ تغبير ه تکلى دلالتى ؞ لوکاࢽ ذافدم بالعفل لم يحل,0.09615384615384616,0.46153846153846156
Infiraji_4.pdf_page_28_line_015,ملَّکَاࢽٜيٰ مَاسي ثࣸوتَا   ڢَجِرِي کٜيٰ تَاࢽَدِࢽْتَا,هَلَّکَاࢽٜيٰ مَاسࣸ ثࣸوتَا  ڢَاجِرِي کٜيٰ تَاࢽَدِࢽْتَا,0.09615384615384616,0.5
ELIT_WAN_00130_009r_line_011,وفدرة الله نداى شياءممکنها بلا علا ج ولاض ب مࢽ العلل,وفدرة الله ناالاشياءممکنها بلا علاح ولاض ب مࢽ العلل,0.09615384615384616,0.36363636363636365
Nana_Asmāʾu_The_Authentic_Path_Nana_Asmāʾu_Godaben_Gaskiya.pdf_page_2_line_013,کࣸسَورَارِوَاڧَايَرْعࣸوَادࣸکَ کࣸيحَتَّرَا   غَحَࢽيَاکࣸبَريِࢽْ کَرکَثٜى غَمࣸحَمَّدَا,کࣸسَوْرَارِوَاڧَايَࢽْ عࣸوَادࣸکَ کࣸيحَتَّرَا   غَحَࢽْيَاکࣸبَرْيِࢽْ کَرْکَثٜيٰ غَمࣸحَمَّدَا,0.0963855421686747,0.8
Nana_Asmāʾu_The_Authentic_Path_Nana_Asmāʾu_Godaben_Gaskiya.pdf_page_8_line_008,ثِکِࢽْ إِࢽࣸوَاکࣸوغااَبِࢽْثِي إِرِإِرِي   دَبَااَکࣸتَمْثِࢽَيْ کࣸرࣸمْ إِࢽْدَاَحْمَدَا,ثِکِࢽْ إِࢽْوَاکࣸوغَاأَبِࢽْثِي إِرِيإِرِي  دَبَاأَکࣸتَمْثِيࢽَيْ کࣸرࣸمْ إِࢽْدَاحْمَدَا,0.0963855421686747,0.6666666666666666
MAF_286.pdf_page_10_line_002,يَارࣸومَشَاࢽࣸوࢽࣸويَشَيْدَسَ مࣸࢽَتَڟَرْ ؞  إِتَمَاکَرَامَ ثٜيٰ تَبَرْدٜࢽْ مࣸحَمَّدَا,بَارࣸومَشَاࢽَوࢽࣸويَشَيْدَ مࣸتْتَظَرْ ؞ إِتَمَاکَرَامَ ثٜيٰ تَبَرْدٜࢽْ مࣸحَمَّدَا,0.0963855421686747,0.2857142857142857
MAF_286.pdf_page_1_line_004,اَلْحَمْدࣸ لِلَّهِ دَيَرْدَࢽْ عࣸبَࢽْغِجِ؞ ࢽَکَاڢَارَاوَاڧَاتَاتَبَرْدٜيٰ مࣸحَمَّدَا,اَلْحَمْدࣸ لَّهِ دَيَرْدَࢽْ عࣸبَࢽْغِجِ ؞  ࢽِکَاڢَارَوَاڧَاتَاتَبَرْدٜࢽْ مࣸحَمَّدَا,0.0963855421686747,0.6666666666666666
Celebrating_Cerno_Aliiyu_Ɓuuɓa_Ndiyaŋ_Waccugol_Cerno_Aliiyu_Ɓuuɓa_Ndiyaŋ.pdf_page_3_line_002,عٜيِنࣷبٜ جَت٘ࣸبٜلَࢽْ عٜجَن٘ࣸبٜبٜࢽْ عٜبٜى جَنّࣽيْبٜ بٜࢽ هَا هٜوْتَ بࣸرْطࣽ مࣽجَاسَتَا,عٜينࣷبٜ جَن٘ࣸبࣸلَࢽْ عٜجَن٘ࣸبٜࢽْ عٜبٜى جَنّࣽيْبٜ بٜࢽْ مَاهٜوْتَ بࣸرْطࣽ مࣽجَاسَتَا,0.0963855421686747,0.6
Nana_Asmāʾu_The_Authentic_Path_Nana_Asmāʾu_Godaben_Gaskiya.pdf_page_3_line_016,دَکࣸوحَࢽْڧࣸرِي بِسَ ڧَدَّرَا تَعࣸبَࢽغِجِ   دَيَڢَّ أَزَامࣸࢽَ شِي کَکَمّࣸ غَأحْمَدَا,دَکࣸوکَࢽْغࣸدِي بِسَ ڧَدَّرَاتَعࣸبَࢽْغِجِ  دَيَڢَّ أَزَامࣸࢽَ شِي کَکَمّࣸ غَاحْمَددا,0.0963855421686747,0.4444444444444444
Infiraji_8.pdf_page_23_line_014,ْبَيْغَ سَوْڧِي کࣸوْکَطَࢽْبَا    سَىْ أَثٜىٰمࣸسࣸ دࣸکْ کࣸدࣸوبَا,بَيْذَسَوْڧِي کࣸواْکَطَࢽْبَا   سَيْ أَثٜىٰمࣸسࣸ دࣸکْ کࣸدࣸوبَا,0.0967741935483871,0.5714285714285714
Infiraji_9.pdf_page_14_line_010,شِدَࢽْ عِبَادَابَاتَذࣸوابࣸڧيٰ   دَکٜيٰسࣸوࢽَتَا سَيْدَا ࢽِࢽِيَا,شِدَࢽْ عِبَادَابَاتَذࣸوَابࣸڧِي  دَکٜيٰسࣸوࢽَتَاسَيْدَاࢽِࢽِيَا,0.0967741935483871,0.8
Infiraji_8.pdf_page_20_line_006,بَکࣸ سَࢽْ ايَرْ أࣸبَࢽْ غِجِيبَا,بَکࣸ سَࢽْ ءَايَرْأࣸبَࢽْ غِجِيبَا,0.0967741935483871,0.4
Infiraji_4.pdf_page_29_line_004,وَࢽْدَکٜيٰ ࢽٜيٰمَࢽْ دَلَاَلَهْ   سَيْ يَتَاشِ يَبَرْ کَسَالَهْ,وَࢽْدَکٜيٰ ࢽٜيٰمَࢽْ دَلَالَه سَيْ يَتَاشِ بَبَرْکَسَالَهْ,0.0967741935483871,0.42857142857142855
The_Human_Being_Is_an_Incurable_Disease_Mutum_Cuta_Ne_Marar_Magani.pdf_page_1_line_009,وَشريکه أبوبکر مسعود وڧاهماالله,وشريکه ابوبکر مسعودوڧاهماالله,0.0967741935483871,1.0
Infiraji_4.pdf_page_6_line_002,اَلࢽَّبِمّࣸ يَثٜيٰ دَڟࣸواْکَا    طَيَ مࣸتࣸمْ أَثِکࢽْ جِکِࢽْکاَ,اَلࢽَّبِمّࣸ يَثٜيٰ دَڟࣸوْاْکَا  طَيَ مࣸتࣸمْ أَثِکِࢽْ جِکِࢽْکَا,0.0967741935483871,0.42857142857142855
Infiraji_3.pdf_page_13_line_004,بَلّٜيٰ ڢأَثٜيٰ بَسࣸيْ يَوَابَا,بَلّٜيٰ ڢَأثٜي بَسࣸيْ يَوَابَا,0.0967741935483871,0.25
The_Glorious_Majidu_Infiraji_1.pdf_page_10_line_003,حَرْ شَࢽْسَ بَشِى غࣸرَاغࣸرَابَا,حَرْشٰٜࢽْسَ بَشِى غࣸرَاغࣸرَابَا,0.0967741935483871,0.5
The_Harlots_Song_Waƙar_Karuwa.pdf_page_5_line_003,رَࢽْࢽَࢽْ کَرٜي زَاشِکَامَ غَدَا,أَࢽْ ࢽَࢽْ کَرٜي زَاشِکَمَ غَدَا,0.0967741935483871,0.75
Infiraji_4.pdf_page_46_line_010,دَمࣸکَ أيْکَ بَيْىِ ڢَاءِدَابَا,دَمࣸکَ أَيْکَابَيْيِ ڢَاءِدَابَا,0.0967741935483871,0.5
Infiraji_9.pdf_page_18_line_008,يَابِي کࣸوکَايَايِ کࣸرࣸورࣸوَا   أّسَࢽْييامَسَازࣸوغِي أّࢽْڧِيَا,يَابِي کࣸوکَايَايِ کࣸرࣸورࣸوَا   أَسَࢽْيَيَامَسَازࣸوغِي أَࢽْ ڧِييَا,0.0967741935483871,0.6
Infiraji_6.pdf_page_22_line_002,وࢽْغَ رَاࢽَاتَتَّلِيْࢽَىْ     دࣸࢽْ الايَکَىْ اَلْأࣸمَّتِيْࢽَىْ,وَࢽْغَ رَاࢽَاتَتَّلِيْࢽَىْ  دࣸࢽْ مَايَکَىْ اَلْأࣸمَّتِيْࢽَىْ,0.0967741935483871,0.4
Infiraji_5.pdf_page_16_line_015,بَࢽْ مَࢽْثٜىٰ أبِࢽْدَيَاڢَطِبَا,بَࢽْ مَࢽْثٜيٰ أَبِࢽْدَيَاڢَطِيبَا,0.0967741935483871,0.6666666666666666
Infiraji_3.pdf_page_21_line_009,إࢽْ بَابَيْتِ طَرِى بَکࣸثويْبَا,إِࢽْ بَابَيْتِ طَرِي بَکࣸويْبَا,0.0967741935483871,0.75
The_Glorious_Majidu_Infiraji_1.pdf_page_12_line_015,مَغَࢽَا ثٜىٰ بَا أَبَرْمࣸسࣸوبَا,مَغَࢽَاثٜىي بَاأَبَرْمࣸسࣸوبَا,0.0967741935483871,1.0
The_Harlots_Song_Waƙar_Karuwa.pdf_page_6_line_009,کَرٜي دَبِرِي ڢَسࣸ جࣸورٜي غَمِي,کَرٜي دَبِرِ بَسࣸ جࣸورٜيى غَمِي,0.0967741935483871,0.6
Infiraji_11.pdf_page_6_line_010,بَࢽْ هَࢽࣸودࣸوࢽْ غِرْمَمَاوَا    ࢽَاسَࢽٜيٰ کٜيٰ ݣࣸويْ ݣࣸوبَاوَا,بَࢽْ هَࢽࣸودࣸوࢽْ غِرْمَمَاوَا  ࢽَاسَࢽٜيٰ کٜي کࣸوْ کࣸوبَاوَا,0.0967741935483871,0.42857142857142855
Infiraji_12.pdf_page_7_line_009,أَکَثٜىٰ ݣَاࢽِࢽْسَ بَىْ سَࢽِبَا,أَکَثٜىٰ کَاࢽَࢽْسَ بَيْ سَࢽِبَا,0.0967741935483871,0.5
Infiraji_8.pdf_page_9_line_015,کࣸوْا وَاذَيْ هَوشِ بَابَعَابَا,کࣸوْاوَاذَيْ حَوْشِ بَابَعَابَا,0.0967741935483871,0.75
Infiraji_6.pdf_page_17_line_008,مَيْ مَکَࢽْتَ سَيْ أَثٜيٰ دَا    کَايِي اَلْڧࣸرْأَࢽْ کَذࣸبْدَا,مَىْ مَکَࢽْتَ سَىْ أَثٜىٰ دَا  کَايِي اَلڧࣸرْأَࢽْ کَذࣸبْدَا,0.0967741935483871,0.5
Infiraji_8.pdf_page_27_line_006,بَعَ سَاݒ أَبِࢽْدَأَمْڢَطِيْبَا,بَعَ سَابَ أَبِࢽْدَأَمْڢَطِيبَا,0.0967741935483871,0.6666666666666666
The_Glorious_Majidu_Infiraji_1.pdf_page_6_line_007,١٧  بَاشِ رࣸواْوْا دَࢽْ ڧِيَيَّا  أَࢽْيَ سَمّࣸ غَمِيدَ ثِࢽْيَا,١٧بَاشِ رࣸواوَادَࢽْ ڧِيَيَّا  أَࢽْيِ سَمّࣸ غَمِيدَ ثِࢽْيَا,0.0967741935483871,0.5555555555555556
Infiraji_5.pdf_page_11_line_003,بَاإِࢽْدَ بَأَيْ لَإِڢْتَکَابَا,بَاإِࢽْدَبَأَىْ لَإڢْتَکَابَا,0.0967741935483871,1.0
Infiraji_5.pdf_page_6_line_006,شِڟَارٜيٰ غِرْمَࢽْسَ بَابغَابَا,شِڟَارٜيٰ غَرْمَࢽْسَ بَابَعَابَا,0.0967741935483871,0.6666666666666666
The_Glorious_Majidu_Infiraji_1.pdf_page_8_line_001,٢٥  مَيْ أَدࣸواْ دَيَوَࢽْ مࣸضࣸورِي   غَاصِڢَامَرَشِࢽْ ڧࣸصࣸورِي,٢٥مَيْ أَدࣸواْدَيَوَࢽْ مࣸضࣸوِي  غَاصِڢَامَرَشِࢽْ ڧࣸحࣸورِي,0.0967741935483871,0.8571428571428571
Infiraji_12.pdf_page_7_line_003,بَاذَىْ مَسَ ݣَيوْ أعَاڧِبَابَا,بَاذَىْ مَسَ کَيوْأَعَاڧِبَابَا,0.0967741935483871,0.5
Infiraji_11.pdf_page_7_line_014,بِࢽْمَ بِࢽْ حَڧِّࢽْ شَرِيْعا    ذَࢽْ يَبࣸوࢽْسَ يَزَمْ صَࢽَاعَا,بِࢽْسَ بِࢽْ حَڧِّࢽْ شَرِيعَا  إَࢽْ يَبࣸوࢽْسَ يَزَمْ صَࢽَاعَا,0.0967741935483871,0.375
Infiraji_4.pdf_page_12_line_004,ࢽَتَڢࣸواْمَک بَادَ تَمْبَيَابَا,ࢽَتَڢࣸواْ مَکَ بَادَتَمْبَيَابَا,0.0967741935483871,1.0
Infiraji_12.pdf_page_5_line_009,بَأيْمَسَ کَيْتࣸوارَࢽْ ذࣸبِيبَا,بَأَيْمَسَ کَيْتࣸورِࢽْ ذࣸبِيبَا,0.0967741935483871,0.6666666666666666
Knowledge_to_Follow_God_Gandal_Fii_Rewugol_Alla.pdf_page_1_line_009,ڢَرٍِ ِللَّجِ طِنْ سَبْعَةࣻ کࣽطٜ جٜيطࣶطࣶ وَفِيلَ کࣽنْفࣽلَ فࣽعࣽ,ڢَرِللَجِ طِࢽْ سَبْعَةࣻکࣽطٜ جٜيطࣶطࣶ وَفِيلَ کࣽنْفࣽلَ فࣽعࣽ,0.0967741935483871,0.5555555555555556
Infiraji_4.pdf_page_37_line_007,دَاَکَىْ وعَظِي بَسࣸࢽْ کࣸلَابَا,دَاکَيْ وَعَظِي بَسࣸࢽْ کࣸلَابَا,0.0967741935483871,0.5
Infiraji_8.pdf_page_26_line_010,وَࢽْسࣸ أَࢽْطَوْرٜىْ دَمَلْوَا    سࣸࢽْ وَحَلْتَ ڧِشِي دَيࣸࢽْوَا,وَࢽْسࣸ أَࢽْطَوْرٜيٰ دَمَلْوَا سࣸࢽْ وَحَلْتَ ڧِشِي دَيِࢽْوَا,0.0967741935483871,0.2857142857142857
The_Glorious_Majidu_Infiraji_1.pdf_page_12_line_012,کَغَ کَلّمَا يَا تَغَرْدَمَابَا,کَغَ کَلَّمَايَاتَغَرْدَمَابَا,0.0967741935483871,0.75
Infiraji_10.pdf_page_3_line_013,بَادࣸکَ مَثٜيٰ کٜيٰ سَࢽْ اِلدِّيࢽِ بَا  ࢽࣸڢِࢽسࣸ أَبَاسࣸ کࣸطِي سࣸبࣸکَاتَا,بَادࣸکْ مَثٜيٰ کٜيٰ سَࢽْ اِلدِّبِࢽْ بَا   ࢽࣸڢِࢽْسَ أَبَاسࣸ کࣸطِي سࣸبࣸکَاتَا,0.09722222222222222,0.3
A_Person_with_a_Livelihood_Will_Never_Be_Destitute_Mai_Sanaa_Ba_Ya_Tsiya.pdf_page_7_line_001,ࢽِى ࢽَاتَبَّتَاکࣸطِى أرْزِڧِيࢽٜىٰ    بَاسَامࣸࢽْسࣸ سَيْ تَحَࢽْيَرْصَࢽَاعَ,ࢽِي ࢽَاتَبَّتَاکࣸطِي أَرْزِڧِيࢽٜي  بَاسَامࣸࢽْسࣸ سَيْ تَحَࢽْيَرْصَࢽَاعَ,0.09722222222222222,0.5
MAF_286.pdf_page_6_line_005,يَاڢَطِ وࣸرِࢽْ غࣸيِوَايَاثٜيٰ دَشِي لَالَا ؞ يَاثٜيٰ وࣸرِِࢽْ غَبَرْدٜࢽْ مࣸحَمَّدَا,يَاڢَطِ وࣸرِࢽْ غࣸيِوَيَاثٜيٰ دَشِي لَالَا ؞  يَاثٜيٰ وࣸرِࢽْ للَّوغَبَرْدٜࢽْ مࣸحَمَّدَا,0.0975609756097561,0.3
A_Poem_on_Friends_and_Relations_Waƙar_Ƴan_Uwa.pdf_page_5_line_001,ّمَدَڧَادَ لِّتَاڢِي غَمَيْ ࢽٜمَࢽْ سَࢽِي  دَطࣸلَا دَبَاڧࣸووَࢽْدَ بَايَدَطَࢽْ عࣸوَا,مَدڧَادَلِّتَاڢِي غَمَيْ ࢽِمَࢽْ سَࢽِي  دَکࣸلاَ دَبَاڧࣸووَࢽْدَبَايَدَطَࢽْ عࣸوَا,0.0975609756097561,0.6666666666666666
A_Poem_on_Friends_and_Relations_Waƙar_Ƴan_Uwa.pdf_page_5_line_007,وَࢽِذࣸوثِيَا تَيْ ࢽَابࣸکَاتَرْ تَيْمَکࣸوࣸ,وَࢽِذࣸوثِيَاتَࢽْ ࢽَابࣸکَاتَرْتَيْمَکࣸو,0.0975609756097561,1.0
Celebrating_Cerno_Aliiyu_Ɓuuɓa_Ndiyaŋ_Waccugol_Cerno_Aliiyu_Ɓuuɓa_Ndiyaŋ.pdf_page_1_line_005,مِطࣽ يٜتَّ أَلَّ سٜنيطࣸ وࣸرْطࣽ مࣽمَايَتَا وࣸرْنࣽووࣽ مَيْرَ مࣽبَوْدِمࣸوطࣸم هَتَّتَا,مِطࣽ يٜتِّ أَلَّ سٜنِيطࣽ وࣸرْدࣽمࣽمَايَتَا وࣸرْنࣽووࣸمَيْرَ مࣸبَوْدِمࣸوطࣸم هَتَّتَا,0.0975609756097561,0.7
Nana_Asmāʾu_The_Authentic_Path_Nana_Asmāʾu_Godaben_Gaskiya.pdf_page_3_line_006,کذَا کَ دَاَلْوَضَا دَوَࢽْکَࢽْ جَࢽَابَ دࣸکْ    دَڟَرْکِࢽْ کَرِي دࣸکْ وَاجِبِيࢽَا غَأَحْمَدَا,کَذَاکَ دَالْوَضَّادَوَࢽْکَࢽْ جَࢽَابَ دࣸکْ  دَڟَرْکِࢽْ کَرِي دࣸکْ وَاجِبِيࢽَا غَاحْمَدَا,0.09782608695652174,0.45454545454545453
MAF_286.pdf_page_18_line_006,إِذَࢽْ ذَاکࣸ زَمْࢽَاوَاکࣸذَمْࢽَادَصَالِحِي ؞  کࣸبَرْ سࣸࢽْ ذَمَاڢَ دَمَاسࣸ سَاݒࣸࢽْ مࣸحَمَّدَا,إِذَࢽْ ذَاکَ زَمْࢽَاوَاکࣸذَمْࢽَادَمَاکِيْ ؞  کࣸبَرْسࣸࢽْ ذَمَاڢَ دَمَاسࣸ سَابࣸࢽ مࣸحَمَّدَا,0.09782608695652174,0.5
ELIT_WAN_00130_007v_line_005,اذکل ما خاص الاوهام مࢽ مور ؞ مخلوفةمثلناتى ه ولاتهل,اذکل ماخاص الاوهام مࢽ صور ؞ مخلوفة مثلناتزه ولاتهل,0.09803921568627451,0.5
ELIT_WAN_00130_018r_line_005,سلا مة الصدرعزت اࢽ يکوࢽ لها ؞ صدروليس على غش بمشتمل,سلامة الصدرعرت اࢽ يکوࢽلها ؞ صدروليس على غش بشمل,0.09803921568627451,0.5454545454545454
Knowledge_to_Follow_God_Gandal_Fii_Rewugol_Alla.pdf_page_5_line_017,مَعْرِڢَةࣸࡺلشَّهْرِ کࣽعَنْدࣸدٜلٜوْرࣸدࣸرْوَالنِّيَةࣸ,مَعْرِڢَةࣸࡼلشِّهْرِ کࣽعَنْدࣸدٜلٜوْرࣸدࣸࢽْ وَالنِّيَة,0.09803921568627451,1.5
Infiraji_3.pdf_page_5_line_010,سَࢽْدَجِࢽْيَاتَايِي جِࢽْيَا تَادَکَيْما يَابࣸوَاياَ,سَࢽْدَجِࢽْيَاتَايِي جِࢽْيَا  تَادَکَيْمَايَابࣸوَايَا,0.09803921568627451,0.5
ELIT_WAN_00130_011v_line_006,وما ت الا نعام ت الدنياتحصص ؞ بما يعارض خوڢامࢽ الهل,ومات الانعام ت الدنياتحمص ؞ بمايڢارض خوڢامࢽ الهل,0.09803921568627451,0.6363636363636364
ELIT_WAN_00130_019r_line_005,ولتصلح الذ> تلفيه ذاخلل ؞ بنيت الخير الاصلا ح للخلل,ولتصلحࢽ الذ> تلفيه ذاخلل ؞ بنيت الخر لاصلام للخلل,0.09803921568627451,0.36363636363636365
ELIT_WAN_00130_009r_line_007,بل کل انعامه ڢضل و لغمته عدل ڢهذا سبيل العدل ڢاعتدل,بل کل انعام ڢضل ونفمته عدل ڢهذاسبيل العدل ڢاعتدل,0.09803921568627451,0.45454545454545453
Infiraji_7.pdf_page_10_line_002,تَاتَرَسْ دَمࣸتࣸمْ مَسَاڧِ يَازَغٜىٰ يَاڧَارٜيٰ مِڧ,تَاتَرَسْ مࣸمࣸتࣸمْ مَسَاڧِ  يَازَغٜىٰ يَاڧَارٜيٰ مِيڧِ,0.09803921568627451,0.3333333333333333
Warning_Gargaɗi_Infiraji_2.pdf_page_16_line_011,ذࣸوْالْجَلَالِ کَبَامࣸ شِرْيَا    ذࣸوثِيَرْمࣸ تَکَامَ هَࢽْيَا,ذࣸوْالْجَلالِ کَبَامࣸ شِربَا ذࣸوثِيَرْمࣸ تَکَامَ هَࢽْيَا,0.09836065573770492,0.3333333333333333
The_Glorious_Majidu_Infiraji_1.pdf_page_3_line_006,٢ رَبَّࢽَا يَدَطِࢽْ أَمِࢽْثِي   غࣸࢽْ مَڢِيْڢِيْثِࢽْ مࣸتࣸࢽْثِي,٢رَبَّࢽَا يَدَطِࢽْ أَمِࢽْثِى غࣸࢽْ مَڢِيڢِيْثِࢽْ مࣸتࣸࢽْثِى,0.09836065573770492,0.7142857142857143
Infiraji_8.pdf_page_23_line_007,ࢽَࢽْ دَࢽَࢽْ أَکَ سَلَّمَاتَىْ    ثَࢽْ غَمَالِکِ اىْ کِرَاࢽَىْ,ࢽَࢽْ دَࢽَࢽْ أَکَ سَلَّمَاتَيْ  ثَࢽْ غَمَالِکِ أَيْ کِرَاࢽَىْ,0.09836065573770492,0.25
Infiraji_3.pdf_page_6_line_008,بَرْتَ بَبَّاهَرْغَيَارࣸوْ      جِࢽْجِرِى بَيْسَࢽْ دَهࣸورࣸوࢽْ,بَرْتَ بَبَّاهَرْغَيَارࣸوْ جِࢽْجِرِي بَيْسَࢽْ دَهࣸورࣸوࢽْ,0.09836065573770492,0.2
Knowledge_to_Follow_God_Gandal_Fii_Rewugol_Alla.pdf_page_10_line_014,عَنْدࣸ ࡶَࢽَّ ࡻللَّهَ نࣸجࣽومِرَطࣽ سࣸبْحَانَهࣸ مٜشٜنِّى شٜنِيطࣽ,عَنْدࣸ ࡶَࢽَّ ࡻللَّهَ نࣽجࣽومِرَاطࣽ سࣸبْحَانَهٜ مِشِنِّى شِنِيطࣽ,0.09836065573770492,0.5714285714285714
Infiraji_3.pdf_page_13_line_005,تَاڢَرِضْتَ بِسَاکِڢَايَهْ     سَيْ أَڟَيْدَا سَهࣸو دَࢽِيَّهْ,تَاڢَرِضْتَ بِسَاکِڢَايَهْ  سَيْ أَڟَيْدَسَهࣸودَࢽِيَّهْ,0.09836065573770492,0.5
Infiraji_11.pdf_page_15_line_002,سَى تَکࣸوسْ يٜايٜࢽْ ثِکِࢽْتَا    طَࢽْ سَشِࢽْ هِجِرَامࣸکَيْتَا,سَي تَکࣸوسْ بَايَࢽْ ثِکِࢽْتَا  طَࢽْ سَشِࢽْ هِجِرَامࣸکَيْتَا,0.09836065573770492,0.2857142857142857
Infiraji_12.pdf_page_11_line_014,دࣸࢽْ حَلِࢽْسࣸ ࢽَرࣸوطࣸوَاࢽٜىٰ    کࣸوْأࣸوَرْسَ دَطَࢽْ بِدَاࢽٜىٰ,دࣸࢽْ حَلِࢽْسࣸ ࢽَرࣸوطࣸوَاࢽٜيٰ کࣸوأࣸوَرْسَ دَطَࢽْ بِدَاࢽٜيٰ,0.09836065573770492,0.5
Infiraji_3.pdf_page_10_line_007,غࣸࢽْ رࣸوَࢽْ أَࢽْسࣸوامَغَرْيَا    کࣸواْأَسَاأّثِکِࢽْ تࣸکࣸࢽْيَا,غࣸࢽْ رࣸوَࢽْ أَࢽْسࣸوامَڧَرْيَا کࣸوْاْأَسَاأَثِکِࢽْ تࣸکࣸࢽْيَا,0.09836065573770492,0.4
Infiraji_5.pdf_page_9_line_014,يَاکَشٜيٰ أَثِکِࢽْ ثِيَرْوَا    کࣸواْ ذَامَامَيْ ڧَايَتَرْوَا,يَاکَشٜيٰ أَثِکِࢽْ ثِيَرْوَا کࣸوْاْذَمَامَيْ ڧَايَتَرْوَا,0.09836065573770492,0.3333333333333333
Infiraji_5.pdf_page_16_line_011,تَتْتَلِࢽْسࣸ ذࣸوَابِکِي ࢽٜىٰ     غَاشِ دَىْ شَأࢽِࢽْ تَغَاࢽٜىٰ,تَتْتَلِࢽْسࣸ ذࣸوَابِکِي ࢽٜيٰ  غَاشِ دَيْ شَأࢽِࢽْ تَغَاࢽٜيٰ,0.09836065573770492,0.42857142857142855
Infiraji_8.pdf_page_28_line_007,سَىْ يَثٜىٰ مَسَ أَىْ حَلِيࢽٜىٰ   ࢽَاتَڢࣸواْࢽَسَࢽَرْدَکࣸوࢽٜىٰ,سَيْ يَثٜيٰ مَسَ أَيْ حَلِيࢽٜيٰ  ࢽَاتَڢࣸواْࢽَسَࢽَرْدَکࣸوࢽٜيٰ,0.09836065573770492,0.8333333333333334
Infiraji_9.pdf_page_17_line_009,أَࢽَاالصَّلَاةࣸ سࣸࢽَاۼيرَࢽْرࣸڢَى   رَاࢽَاتَڢࣸودࣸواْ بَاوَࢽْکِࢽْ عِدࣸواْ,أَࢽَاَلصَّلاَةࣸ سࣸࢽَاغِيرَࢽْرࣸڢَي  رَاࢽَاتَڢࣸودࣸواْ بَاوَࢽْکِࢽْ عِدࣸواْ,0.09859154929577464,0.4
Infiraji_9.pdf_page_11_line_006,إِࢽْکࣸࢽْ ڧِي ذَاࢽْثٜࢽَابَکࣸتࣸوبَبَا  وَاَللَّهِ ڧࣸوڢَاذَاأَرࣸڢٜيٰتَࢽٜيٰ,إِࢽْ کࣸࢽْ ڧِي ذَࢽْثِࢽَا بَکࣸتࣸوبَيَا  وَاللَّهِ ڧࣸوڢَاذَاأرࣸڢٜيٰتَࢽٜيٰ,0.09859154929577464,1.2
MAF_286.pdf_page_2_line_006,سَࢽَّࢽْ يَطَوْکِ دࣸبࣸومٜاتَࢽْ أَرَتَکٜيٰ؞ ࢽࣸوࢽِي يَطَوْخَمْسِيࢽْ هَاءࣸبِيَرْڧِدَا,سَࢽَّࢽْ يَطَوْکِ دࣸبࣸوبَاتَࢽْ أَرَتَکٜيٰ ؞   ࢽࣸوࢽِي يَطَوْخَمْسِيࢽَ مَاءࣸبِيرْڧِدَا,0.09876543209876543,0.7142857142857143
Nana_Asmāʾu_The_Absolute_Truth_1_Nana_Asmāʾu_Tabbat_Haqiqan_1.pdf_page_7_line_013,وَࢽْدَبَيْتࣸوبَ کࣸࢽْجِ حَڧَّاشِڧࣸوࢽَا    کࣸࢽجِياَ وَعْظࣸࢽَا کࣸذَمْ يِࢽْڢَ سَوْࢽَا,وَࢽْدَبَيْتࣸوبَ کࣸࢽْجِ حَڧَّاشِڧࣸوࢽَا  کࣸࢽْجِيَاوَعْظࣸࢽَاکࣸ ذَمْ يِࢽْڢَسَوْࢽَا,0.09876543209876543,0.625
The_Human_Being_Is_an_Incurable_Disease_Mutum_Cuta_Ne_Marar_Magani.pdf_page_8_line_009,أَحْمَدْ تࣸکࣸرْشِيࢽٜيٰ يَيࣸووَاڧَرْࢽَࢽَا    شِيمَامࣸتࣸمْࢽٜيٰ مَيْذْمَادَمࣸتَاࢽٜيٰ,أَحْمَدْتࣸکࣸࢽْ شِيࢽٜيٰ يَيࣸووَاڧَرْࢽَࢽَا  شِيمَامࣸتࣸمْࢽٜيٰ مَيْࢽَامَادَمࣸتَاࢽٜيٰ,0.09876543209876543,0.6
Infiraji_10.pdf_page_10_line_004,مࣸغَمَادَکࣸووَالاَڢِيَالَوْ أَدࣸوࢽِيَا   يَايَࢽْمّࣸواࢽٜيکࣸوکِي دَمَاتَࢽْ أَوْرٜيٰ,مࣸغْمَادَکࣸووَالاَڢِيَالَوْاࣸدࣸوࢽِيَا  يَايَࢽْمّࣸواْبِيکࣸوکِي دَمَاتَࢽْ أَوْرٜيٰ,0.09876543209876543,0.6
Infiraji_7.pdf_page_5_line_015,بَکَ ࢽٜيٰمِ سَࢽٜي غَمَالࣸمَابَ,بَکَ ࢽٜىٰمِ سَࢽِي غَمَالࣸمَابَا,0.1,0.75
MAF_286.pdf_page_13_line_007,دَذࣸوَکࣸغَي سَسَ کࣸودَکٜوْتَاڢَ کࣸࢽجِيَا ؞  کࣸيِوࣸتَيْمَکࣸوࢽَسْ کࣸࢽْبِ حَرْيَࢽْ مࣸحَمَّدَا,دَذࣸوَکࣸغَي سَسَ کࣸودَکٜوْتَاڢَ کࣸࢽْجِيَا ؞ کࣸيِوتَيْکࣸوࢽَسْ کࣸࢽْبِي حَرِيبَيْ مࣸحَمَّدَا,0.1,0.4444444444444444
Infiraji_12.pdf_page_20_line_003,أجَوَابِࢽْ کَࢽْ بَأىْ مࣸسࣸوبَا,أَجَوَابِࢽْ کَࢽْ بَأَيْ مࣸسࣸوبَا,0.1,0.5
Infiraji_8.pdf_page_27_line_001,سَىْ أَثٜىٰ دࣸومِࢽْ سࣸڧࣸوࢽٜىٰ    سِيدِمࣸࢽْ مࣸࢽْتَدَّکَيْࢽٜىٰ,سَيْ أَثٜيٰ دࣸومِࢽْ سࣸڧࣸوࢽٜيٰ  سِيدِمࣸࢽْ مࣸࢽْتَدَّکَيْࢽٜيٰ,0.1,0.6666666666666666
Infiraji_12.pdf_page_12_line_003,بَتَبَرْطَرْبَادَمَىْ جِرَابَا,بَتَبَرْطَࢽْ بَادَمَيْ جِرَابَا,0.1,1.0
ELIT_WAN_00130_018r_line_009,فدفيل احى ڢى تبدومجوڢة ؞ کجوڡ ذ>طمع ڢى الشب والمثل,فدفيل احࢽ ڢة تبدومجوڢة ؞ کجوڡ ذ> طمع ڢى الشبه والثل,0.1,0.3333333333333333
Infiraji_6.pdf_page_18_line_015,رࣸوَࢽْ جَمَعَابَذَيْ غَمٜيٰبَا,رࣸوَࢽْ جَمَعَابَذَى غَمٜىٰبَا,0.1,0.6666666666666666
Warning_Gargaɗi_Infiraji_2.pdf_page_12_line_003,سࣸ عَبَاشٜىٰ إࢽَاعَلِىَ بَبَّا,سࣸ عَبَاشٜىٰ إِࢽَاعَلِي بَبَّا,0.1,0.25
Infiraji_10.pdf_page_12_line_012,تَمَّتْ بِحَمْدِ اِللَّهِ ࢽَࢽْ ذَࢽْ دَاکَتَا   ࢽَاغࣸودٜيٰ اِللَّه شِي يَثٜيٰ أَيِي أَورٜيٰ,تَمَّتْ بِمْدِ اِللَّهِ ࢽَࢽْ ذَࢽْ دَاکَتَا  ࢽَاغࣸودٜيٰ اللَّهْ شِي يَثٜيْ أَبِ أَوْرٜيٰ,0.1,0.4166666666666667
Infiraji_5.pdf_page_9_line_009,بَيَکَࢽْ ثِکَ کَيْوْأَعَاڧِبَا,بَيَکَࢽْ ثِکَ کَيْوْأَعَاڧِبَابَا,0.1,0.3333333333333333
Infiraji_5.pdf_page_4_line_002,تࣸوْاْغَرِي سࣸکٜيٰ کࣸوْاْ أّڧَوْيٜيٰ    سࣸوْاْ ࢽَکٜيٰ کَيْࢽَاشِوَايٜيٰ,تࣸوْاْغَرِي سࣸکٜيٰ کࣸواْأَڧَوْيٜيٰ  سࣸواْࢽَکٜيٰ کَيْࢽَاشِوَايٜيٰ,0.1,0.5714285714285714
The_Glorious_Majidu_Infiraji_1.pdf_page_4_line_006,بَابَࢽْ کࣸلثࣸومࣸ طَࢽ ثࣸوَيْبَا,بَابَࢽْ کࣸلْثࣸومࣸ طَࢽْ سࣸوَيْبَا,0.1,0.75
Infiraji_4.pdf_page_43_line_008,سَىْ کࣸجٜىٰ غَࢽَبِيّࣸ إبْرَا     هِيمࣸ دࣸࢽْ وَࢽَّࢽْ لَلࣸورَا,سَيْ کࣸجٜىٰ غَࢽَبِيّ إِبْرَا  هِيمࣸ دࣸࢽْ وَࢽَّࢽْ لَلࣸورَا,0.1,0.375
Infiraji_4.pdf_page_46_line_006,سَىْ ذࣸوَࢽْسࣸ أَسَڢْکَ إِسْکَا    وَࢽْدَکٜى سَابࣸࢽْتَ حَرکَا,سَيْ ذࣸوَࢽْسࣸ أَسَڢْکَ إِسْکَا  وَࢽْدَکٜيٰ سَابࣸࢽْتَ حَرْکَا,0.1,0.42857142857142855
Infiraji_3.pdf_page_22_line_003,دَزࣸوَاࢽَس بَيْىِ شٜىٰکَرَابَا,دَزࣸوَاࢽَسَ بَيْيِ شٜيٰکَرَابَا,0.1,1.0
ELIT_WAN_00130_007r_line_009,ڢل کيڢ يشبى مخلوڡ لخالفه ؞ اواࢽ يماثله فد جل عدمثل,فل کيڢ يشب مخلوڡ لخ الفه ؞ اواࢽ يباثله فدجل عدمثل,0.1,0.6363636363636364
Nana_Asmāʾu_Admonition_Nana_Asmāʾu_Waazi.pdf_page_2_line_005,ذَمْکَ ذِکْرِي دَصَاڢٜي حَکَࢽَامَ   رٜيثٜي ذَمْکَ تَاشِي ثِکِࢽْ دَرٜکَيِ ڧِيَامِ,ذَمْکَ ذِکࣸرِي دَصَاڢٜيٰ حَکَࢽَامَ  بِريثٜيٰ ذَمْکَ تَاشِي ثِکِࢽْ دَرٜي کَيِ ڧِيَامِ,0.1,0.5
Infiraji_4.pdf_page_29_line_003,بَي يِيتَ سَبࣸودَ کَࢽْغَرَابَا,بَيْ بِيتَ سَبࣸودَکَࢽْغَرَابَا,0.1,1.0
Infiraji_11.pdf_page_15_line_004,الحمدلله رب العالميࢽ,الحم لله رب العَلميࢽ,0.1,1.0
Infiraji_9.pdf_page_24_line_006,وࣸتَادَکٜيٰ سَاوَرْسارِڧَيْ    تَاڢِي سَوْرِࢽْ ڧࣸوࢽَامࣸࢽجيَا,وࣸتَادَکٜيٰ سَاوَرْسَارِڧَيْ  تَاڢِي سَوْرَࢽْ ڧࣸوࢽَامࣸࢽْجِيَا,0.1,0.6
Infiraji_7.pdf_page_8_line_015,َيْ دَالْمࣸرࣸودࣸبَيْ مَثٜي بَا,أَيْ دَالْمَرࣸودࣸبَيْ مَثٜيٰ بَا,0.1,0.75
Infiraji_11.pdf_page_10_line_006,إࢽْ مࣸوکَرَبࣸوْبَکࣸوْارَسَابَا,إِࢽْ مࣸوکَرَبࣸوْبَکࣸوْاْرَحَابَا,0.1,1.0
Infiraji_9.pdf_page_13_line_005,اَللَّه تَعَالَىٰ مࣸࢽْرࣸوڧٜيٰ کَࢽٜيٰ   کَرْکَکَيْ رَايِࢽْمࣸوا ݣࣸاࢽࣸکَا,اَللَّه تَعَالَىٰ مࣸࢽْرࣸوڧٜيٰ کَࢽٜيٰ  کَرْکَکَيْ رَايِࢽْمࣸوَاْ أَکَاࢽࣸکَا,0.1,0.2857142857142857
MAF_286.pdf_page_18_line_001,صَࢽَاعࣸدࣸبࣸواَللَّهࣸ يَسَبْکࣸوغَءَادَمࣸ ؞ شِيمَا حَدِيشِ ࢽٜي ࢽَأَࢽَّبِ أَحْمَدَا,صَࢽَاعࣸ دࣸبࣸواللَّهࣸ يَسَبْکࣸوغَغَادࣸمࣸ ؞  شِي مَاحَدِيشِ ࢽٜيٰ ࢽَأَࢽَّبِ أَحْمَدَا,0.1,0.75
Infiraji_12.pdf_page_14_line_004,دَغَرِࢽْ سَىْ مَاسࣸ إيْکࣸواْ    يَࢽذࣸبَاکࣸواْمَاسࣸ تَرْکࣸواْ,دَغَرِࢽْ سَيْ مَاسࣸ إِيْکࣸواْ  يَࢽْذࣸبَاکࣸوامَاسࣸ تَرْکࣸواْ,0.1,0.5
Infiraji_7.pdf_page_11_line_006,إࢽْبَازࣸرِيَرْدَسࣸࢽْ بَرِيْبَا,إِمْبَازࣸرِيَرْدَسࣸࢽْ بَرِيبَا,0.1,1.0
Infiraji_11.pdf_page_5_line_006,بَشِکَࢽْ کَيْوتَاشِࢽَاڢَرِيبَا,بَثِکَࢽْ کَيْوْتَاشِࢽَابَرِيبَا,0.1,1.0
Infiraji_9.pdf_page_20_line_013,دَمَيْتِلَاوَاکࣸوتَاحِزِبْ طَيَا     يَذࣸواْيَمَࢽْتَايَاوَاکَىْ ࢽَسَىٰ,دَمَيْتِلاوَاکࣸوتَاحِزِب طَيَا  يَذࣸواْ يَمَࢽْتَايَاوَاکَيْ ࢽَسَىٰ,0.1,0.75
Infiraji_5.pdf_page_6_line_009,إِࢽْبَاسَاݒࣸواْأَکَيْ ࢽࣸڢِيبَا,شِمْبَاسَابࣸواْأَکَيْ ࢽࣸڢِيبَا,0.1,0.5
Infiraji_3.pdf_page_4_line_001,هَکَذَارِىَ مَادَسَتَا حسَّدَاڧَوْاْثٜىٰ دَڧٜىٰتَا,هَکَذَارِيَ مَادَسَاتَا  حَسَّدَاڧَوْاْثٜىٰ دَڧٜيٰتَا,0.1,1.0
A_Poem_in_Honor_of_the_Emir_of_Kano_Waƙar_Sarkin_Kano.pdf_page_1_line_001,وبه ࢽستعيࢽ,وبه ࢽتعيࢽ,0.1,0.5
The_Glorious_Majidu_Infiraji_1.pdf_page_11_line_006,إِࢽْ مࣸوکَرَبࣸو بَکࣸوارَسَابَا,إِࢽْ مࣸوکَرَبࣸوْبَکࣸوْاْرَسَابَا,0.1,0.6666666666666666
Infiraji_3.pdf_page_15_line_012,بَازَيْ إِيَ ڟَيْدَ جࣸمَعَابَا,بَازَىْ إِيَ ڟَيْدَجࣸمࣸعَابَا,0.1,0.75
A_Poem_in_Honor_of_the_Emir_of_Kano_Waƙar_Sarkin_Kano.pdf_page_1_line_004,مࢽ غيسو البرکثࢽک مکٰبدا  مرࢽا مکي مࢽ مرحبا د زوࢽکا,مࢽ غيسو البرکثࢽک مکبدا   مرࢽا مکي مࢽ مر حبادزوࢽکا,0.1,0.4
Infiraji_4.pdf_page_43_line_014,سَىْ مࣸحَمَّدࣸ دࣸࢽْ کَمَالَى    تَيْ دَذَبَبَّٜىٰࢽْ أَدَالَى,سَىْ مࣸحَمَّدࣸدࣸࢽْ کَمَالَى  تَىْ دَذَابَبّٜىٰࢽْ أَدَالَى,0.1,0.5714285714285714
Infiraji_10.pdf_page_11_line_005,سَࢽَّࢽْ ثِکِࢽْ مَّاتَاأَݣويْ صࣸلّࣸوتࣸوا   صࣸلّࣸوتࣸوࢽَّࢽْ بَاتَ دَاطِࢽْ أَوْرٜيٰ,سَࢽَّࢽْ ثِکِࢽْ مَّاتَاأَݣࣸويْ صࣸلّࣸوتࣸوْا  صࣸلّࣸوتࣸوࢽَࢽْ بَاتَ دَاطِࢽْ أَوْا,0.10126582278481013,0.5
A_Poem_on_Friends_and_Relations_Waƙar_Ƴan_Uwa.pdf_page_2_line_003,کࣸومِࢽْ کَکٜي سࣸويَا کَمَاتَ کَتَࢽْيَا إࢽْ بَابࣸ عِلْمِي بَا عَسَامࣸࢽْ ڧَارࣸوَا,کَومِي کَکٜي سࣸويَاکَمَاتَ کَتَࢽْيَاإࢽ بَابࣸ عَلْمِي بَاعَسَامࣸࢽْ ڧَارࣸوَا,0.10126582278481013,0.7272727272727273
Infiraji_9.pdf_page_6_line_007,دَيَوَࢽْ خࣸصࣸومَاَأَࢽَاکَشٜيٰ کَاوࣸࢽَا    دَيَوَࢽْ ڢࣸشِي کࣸمَاغَادَّࢽْبَرْغَجِي,دَيَوَࢽْ کࣸصࣸومَاأَࢽَاکَشٜيٰ کَاوࣸࢽَا  دَيَوَࢽْ ڢࣸشِي کࣸمَاغَاذَࢽَبَرْغِجِي,0.10126582278481013,0.3333333333333333
Infiraji_10.pdf_page_5_line_008,إِࢽْ مَّثٜي تَاذَمَ بَاتَ دَڟَڢَتَا    وَࢽَࢽْ کَمْ تَاثِوْثِ مجِࢽْتَا,إِࢽْ مَّثٜيٰ تَاذَمَ بَاتَ دَڟَڢِتَا  وَࢽَّࢽْ کَمْ تَاثِوثِ مِجِࢽْتَا,0.10144927536231885,0.5555555555555556
Infiraji_10.pdf_page_6_line_015,تَثٜيٰ مَشِ  ذَاتَ غِدَࢽْ ڧَࢽࣸوَتَا    کࣸوکࣸمَ ذَاتَا غَيْدَ عࣸوَتَّا,تَثٜيٰ مَشِ ذَاتَ غِدَࢽْ ڧَࢽࣸوَتَا  کࣸوکࣸمِ ذَاتَلَغَيْدَعࣸوَتَّا,0.10144927536231885,0.4444444444444444
Infiraji_9.pdf_page_7_line_012,إِࢽْ کَيْکࣸرࣸورࣸوَا  بَابࣸ غࣸدࣸمْمࣸوَا    بَامڟٜيٰرَا کࣸوکَاسࣸوغࣸدࣸوا,إِࢽْ کَيْکࣸرࣸورࣸوَابَابࣸ غࣸدࣸمْمࣸوَا  بَامَڟٜيٰرَاکࣸوکَاسࣸوغࣸدࣸواْ,0.10144927536231885,0.6666666666666666
Infiraji_3.pdf_page_20_line_011,وَاغَرٜىٰکَ ثِکِࢽْ دَرَارٜىٰ    طَيْبَ هَرْرَيْࢽَاشِڧَارٜىٰ,وَاغَرٜيٰکَ ثِکِࢽْ دَرَارٜيٰ طَيْبَ هَرْرَيْࢽَاشِڧَارٜيٰ,0.1016949152542373,0.6
The_Glorious_Majidu_Infiraji_1.pdf_page_14_line_001,٥٥ کࣸوْاوَࢽىٰ أَکَبَاشِ أَيْکِ سَيْ أَمَيْ عَدَدِي غَأَيْکِ,٥کࣸواْوَࢽىٰ مَکَبَاشِ أَيْکِ  سَيْ أَمَيْ عَدَدِي غَأَيْکِ,0.1016949152542373,0.375
Warning_Gargaɗi_Infiraji_2.pdf_page_12_line_002,هَکَ يَارࣸواْطَࢽْسَ کࣸوْاسَوْ    بَاسَ طَلْحَةَيَوْأزَزَّوْ,هَکَ يَارࣸوَاْطَࢽْسَ کࣸواسَوْ  بَاسَ طَلࣸحَةَ يَوْأزَزَّوْ,0.1016949152542373,0.8
Infiraji_4.pdf_page_45_line_011,وَࢽْسࣸ کࣸوْاأَوَجَࢽْ حَڧَࢽْيَا    ذَاأَبَاسࣸ أثَࢽْ أَبَايَا,وَࢽْسࣸ کࣸوْاْأَوَجَࢽْ حَغࣸࢽْيَا  ذَاأَبَاسࣸ أَثَࢽْ أَبَايَا,0.1016949152542373,0.5
Infiraji_4.pdf_page_29_line_011,کࣸوْاْمࣸتَامٜيٰ أَࢽْکِرَايٜيٰ   شِي دَدَبَّࢽْ حَرْشِوَايٜيٰ,کࣸوْاْمࣸتࣸمْ ࢽٜيٰ أَࢽْکِرَايٜيٰ  شِي دَدَبَّࢽْ حَرْشِوَايٜيٰ,0.1016949152542373,0.4
Infiraji_4.pdf_page_29_line_010,ࢽَاتَجِࢽْسَ ثِکِي دَبَايٜيٰ   کوْاْ دَࢳَاࢳَاکࣸوْاْإِيَايٜيٰ,تَاغَجِࢽْسَ ثِکِي دَبَايٜيٰ کࣸوْاْدَࢳَاࢳَاکࣸوْاْإِيَايٜيٰ,0.1016949152542373,0.6
Infiraji_7.pdf_page_9_line_013,ڧِࢽْ بِطَاکࣸواْتَارٜىٰ تَارٜىٰ إِࢽتَذࣸواْطَىَ بَاشِ کَارٜىٰ,ڧِࢽْ بِطَاکࣸواْتَارٜيٰ تَارٜي إِࢽْتَذࣸواْطَيَ بَاشِ کَارٜيٰ,0.1016949152542373,0.6666666666666666
Infiraji_4.pdf_page_14_line_003,ڧيِ دَسࣸࢽْسࣸ أَکَࢽْ شَڧَاوَا    سࣸࢽْ ݒَثٜي دࣸومِࢽْ طَغَاوَا,ڧِي دَسࣸࢽْسࣸ أَکَࢽْ شَڧَاوَا  سࣸࢽْ بَثٜيٰ دࣸومِࢽْ طَغَاوَا,0.1016949152542373,0.25
Infiraji_8.pdf_page_18_line_011,رَايࣸکَࢽْسࣸ دَدَيْ سࣸکࣸرْݒِي    دَوَّمَاوࣸتَا سࣸࢽْڢَ ذَاݒِي,رَايࣸکَࢽْسࣸ دَدَيْ سࣸکࣸرْبِي  دَوَّمَاوࣸتَ سࣸࢽْدَذَاݒِي,0.1016949152542373,0.6666666666666666
ELIT_WAN_00130_016v_line_009,والله سبحانه ترجوه يحشى نا ؞ غدا ڢى زمࢽ تهم ڢى الامࢽ مࢽ وجل,والله سبحانه تر جو> يحشىنا ؞ غداڢى زذمࢽ تعم ڢى الامࢽ مࢽ وجل,0.1016949152542373,0.5714285714285714
Infiraji_10.pdf_page_8_line_012,يَاکَسَ بَابِي ڢَࢽِّي ڢَࢽِّي يَيْ مَتَلوْتَايࣽتِي مَودَاتَا,يَاکَسَ بَابِي ڢَࢽِّي ڢَࢽِّي  يَيْ مَتَلَوْتَايِيْ مَوَدَاتَا,0.1016949152542373,0.2857142857142857
Infiraji_4.pdf_page_17_line_014,مَيْ کِرَࢽْسࣸ يَثٜيٰ سَمَارِ    شِيْڢَࢽٜيٰ شَيْطَࢽْ رَجِيمِ,مَيْ کِرَࢽْسࣸ يَثٜيٰ سَمَارِ شِيْڢَࢽٜي شَطَࢽْ رَجِيمِ,0.1016949152542373,0.2857142857142857
Infiraji_11.pdf_page_2_line_009,غَيْسࣸوَاتَاکࣸوْاتَدَاثٜىٰ   غࣸࢽْ مَأيْکِࢽْ ࢽَࢽْ دَأَࢽْثٜىٰ,غَيْسࣸوَاتَاکࣸواْتَدَاثٜيٰ  غࣸࢽْ مَأَيْکِࢽْ ࢽَࢽْ دَأَࢽْثٜيٰ,0.1016949152542373,0.6
Infiraji_8.pdf_page_7_line_013,سَيْڢَ توذࣸࢽْ بِࢽْ إِيَايٜيٰ   طَࢽْ مࣸسࣸلْمِ دࣸکْ شِوَايٜيٰ,سَيْڢَ تࣸواْذࣸࢽْ بِࢽْ إيَايٜيٰ  طَࢽْ مࣸسࣸلْمِي دࣸکْ شِوَايٜيٰ,0.1016949152542373,0.375
ELIT_WAN_00130_015v_line_011,ڢلاخلودلعاص المومنين کا ؞ اࢽ الشڢاعت للکڢارلم تصل,ڢلاخلودلعام المدمنيࢽ کا ؞ اࢽ الشڢاعة للکڢارم تصل,0.10204081632653061,0.5
ELIT_WAN_00130_002v_line_005,مࢽ واجب اولافصدالى نظࢽ ؞ صليم معنى بلا نغص ولاخلل,مࢽ واجب اولافصدالى نظ ؞ صيح معنى بلا نفص ولا خلل,0.10204081632653061,0.5
Knowledge_to_Follow_God_Gandal_Fii_Rewugol_Alla.pdf_page_5_line_002,وَءَامِيࢽَ عٜجَبࣸدٜبَعْدَاࣸمِّ ࡽلْفࣸرْءَاࢽِ بٰࣵوࣽ,وَءَامِيࢽَ عٜجَبࣸدٜبَعْدَاࣸمِّ ࡽلْفَرْءَاࢽِبَوࣸ,0.10204081632653061,0.5
ELIT_WAN_00130_006r_line_005,لاࢽ اڢغاله ليست معالة ؞ عندالايمت باى سباب والعال,لاࢽ اڢعاله ليست معالة ؞ عندالا يمت بالاسباب والعلل,0.10204081632653061,0.5555555555555556
ELIT_WAN_00130_002v_line_004,ڢصل نع اوى الواجبات والاستࢽ لال بالنظࢽ ناالخلوفات,ڢصل ن اول الواجبات والاستࢽ لال بالنظرناالمخلوفات,0.10204081632653061,0.5
MAF_286.pdf_page_12_line_006,کࣸبَرْرَيْࢽَ جࣸوࢽَاڢَکࣸمَ دࣸࢽْ اَللَّهْ يَࢽْاءࣸوَا ؞  کࣸکوࣸورٜ ڢَکِبْرࣸأَکَࢽْکَاإِࢽکࢽْتِ أَحْمَدَا,کࣸبَرْرَيْࢽَ جࣸوࢽَاڢَکࣸمَ دࣸࢽْ اَللَّهَ يَࢽْاءࣸوَا ؞  کࣸکࣸورِ ڢَکِبْرࣸ أَکَࢽْ کَ إِࢽِ کࣸࢽْبِ أَحْمَدَا,0.10204081632653061,0.7777777777777778
ELIT_WAN_00130_013r_line_008,مع انهااهࣸم جاءت موکدة ؞ للمعجزات تبيࢽ الصدوللرسل,مع انهااهم جاءت موکدة ؞ للمعجزات تنيࢽ الصدڡللهر سل,0.10204081632653061,0.5
A_Poem_on_the_British_Waƙar_Nasara.pdf_page_2_line_019,دمي زࢽا سيمسو ماکاڢريࢽا    ادࢽ بستوب ياذم الࢽصارا,دمي زࢽاسيمسوماکاڢريࢽا  ادࢽ بيتوب ياذم الࢽصارا,0.10204081632653061,0.5
A_Poem_on_the_British_Waƙar_Nasara.pdf_page_1_line_013,شکࢽ بيو سيغذاب غدا اغوغي    ولاتاشي ولا أب اࢽصارا,شکࢽ بيو سيعذاب غدااغوغ    ولاتاشي ولااب اࢽصارا,0.10204081632653061,0.5555555555555556
ELIT_WAN_00130_013v_line_008,لا شک ڢى انها رک لمصلحة ؞ اذاافيمت على شرط لمعتدل,لاشک ڢى انهارک لمه لحة ؞ اذاافيت على شرط لمعتدل,0.10204081632653061,0.5454545454545454
ELIT_WAN_00130_007r_line_008,کما تفدس عࢽ شبه يکوࢽ له ؞ اࢽالمشبى مࢽ تاه تااعزلل,کاتفدس عࢽ شبه يکوࢽ له ؞ اࢽ المشبى مࢽ تاه ت الزلل,0.10204081632653061,0.5454545454545454
The_Human_Being_Is_an_Incurable_Disease_Mutum_Cuta_Ne_Marar_Magani.pdf_page_5_line_009,ࢽَيْ غࣸودِيَا أَغَرٜيٰشِ سَيْ يَبَٜثٜيٰ مَࢽِي   ࢽَࢽْ ألْعَجَبْ شَاهࣸو دَغَاࢽٜيٰ مࣸتاࢽٜيٰ,ࢽَيْ غࣸودِيَاأَغَرٜيٰسِ سَيْ يَبَثٜيٰ مَࢽِي  ࢽَيْ اَلْعَجَبْ شَاهࣸودَغَاࢽٜيٰ مࣸتَاࢽٜيٰ,0.10227272727272728,0.7272727272727273
A_Poem_on_Friends_and_Relations_Waƙar_Ƴan_Uwa.pdf_page_3_line_001,ٜإࢽْذَاکَ کَذَࢽْثٜي کࣸووَࢽٜي يَتَڢَکࣸرِي  کَا سَࢽْ حَلِࢽْ شَيْطَࢽْ دَثِوْ تَرْ ࢳࢽْ عࣸوَا,إِࢽْذَاکَذَࢽْثٜي کࣸووَࢽٜي يَتَڢَکࣸرِي   کَاسَࢽْ حَلِࢽْ شَيْطَࢽْ دَثِوْتَرْ ࢳِࢽْ عࣸوَا,0.10227272727272728,0.5833333333333334
Nana_Asmāʾu_The_Authentic_Path_Nana_Asmāʾu_Godaben_Gaskiya.pdf_page_7_line_007,وَطَࢽْدَأَيࣸکَّاسࣸࢽْکَ دَيْدَيْتَ أَࢽْکَثٜيٰ  ڢَسࣸوأَکَکَيْ لاَغْرَاڢࣸ إِࢽْجِ مࣸحَمَّدَا,وَطَࢽْدَاأَيࣸکَّاسࣸࢽْکَ دَيْدَيْتَ أَࢽْکَثٜي  ڢَسࣸواَکَکَيْ لَاعْرٜيٰࣸ إِࢽْجِ مࣸحَمَّدَا,0.10227272727272728,0.5714285714285714
Nana_Asmāʾu_The_Authentic_Path_Nana_Asmāʾu_Godaben_Gaskiya.pdf_page_4_line_013,مࣸتَاࢽٜيٰ سࣸبَيَّࢽَ دࣸدَّ صَابࣸوࢽْدَسࣸࢽْکّيِ   دَبَابࣸ وࣸرِࢽْ بࣸويࣸوغَأللَّهْ ࢽَأحْمَدَا,مࣸتَاࢽٜيٰ سبَيَّࢽَ دࣸدَّمَابࣸوࢽْدَسࣸࢽْکَيِ   دَبَابࣸ وࣸرِࢽْ بࣸويࣸو غَاللّه ࢽَأَحْمَدَا,0.10227272727272728,0.75
MAF_286.pdf_page_8_line_015,عَلَامَاتَتࣸوتَ ثٜيٰ وَاَللَّهࣸ يَبَيَّࢽَا؞  غَجِيکَࢽْ مَسࣸويِࢽْ ࢽَاسࣸ أَࢽَّبِ أَحْمَدَا,عَلَاَمَاتَتࣸوتَ ثٜيٰٜ ڢَ اَللَّهࣸ يَبَيَّࢽَا ؞   غَجِيکَࢽْ مَسࣸوبِيْ ࢽَاسࣸ أَࢽَّبِ اَحْمَدَا,0.10227272727272728,0.8888888888888888
ELIT_WAN_00130_002r_line_005,ڢصل نع يباࢽ حکم ا لتليد ڢى عفايدالتوحيد,ڢصل ن يباࢽ حکم التخليد ڢى عفابدالتوحيد,0.10256410256410256,0.5
A_Poem_on_Friends_and_Relations_Waƙar_Ƴan_Uwa.pdf_page_5_line_002,کَرِڧٜي مَرَيَاوَࢽْدَ بَايَدَ أرْڧِي  کࣸمَ بَيْدَ دَࢽْغِ بَاعࣸبَاکࣸمَ بَاعࣸوَا,کَرِڧٜي مَرَيَاوَࢽْدَبَايَدَأَرْزِْڧِي  کࣸمَ بَيْدَدَࢽْغِ بَاعࣸبَاطࣸمَ بَاعࣸوَا,0.10256410256410256,0.6666666666666666
A_Person_with_a_Livelihood_Will_Never_Be_Destitute_Mai_Sanaa_Ba_Ya_Tsiya.pdf_page_5_line_018,کࣸوکࣸࢽْ ڢِدَّرَيْ دَيِࢽْ أرْزِڧِيْࢽٜىٰ    وَتَڧِلْ شِيَّسا کࣸکٜىٰ ڧِࢽْ صَࢽَاءَ,کࣸوکࣸࢽْ ڢِدَّرَيْ دَيِࢽْ أَرْزِڧِيࢽٜي   وَتَڧِلْ شِيَّسَاکࣸکٜيٰ ڧِࢽْ صَࢽَاءَ,0.10256410256410256,0.3333333333333333
Nana_Asmāʾu_The_Absolute_Truth_1_Nana_Asmāʾu_Tabbat_Haqiqan_1.pdf_page_2_line_006,شِيࣸوتَاکَࢽْثِ غࣸوبٜيٰ تَبَّتْ حَڧِيڧَا,شِيوࣸتَاکَࢽْتِ غࣸوبٜيٰ تَبَّتْ حَڧِيڧََا,0.10256410256410256,0.5
Knowledge_to_Follow_God_Gandal_Fii_Rewugol_Alla.pdf_page_7_line_017,نࣸلاَطࣽ اَلَّ مَاکِ صَلَّح ࡻللَّهࣸ عَلَࢨْهِ وَسَلَّمَ جَمْ عٜکِسِيىٰ,نࣽلاکࣸ ࡶَلَّ مَاکِ صَلَّى ࡻللَّهࣸ عَلَيْهِ وَسَلَّمَ جَمْ عٜکِسِيىٰ,0.10294117647058823,0.4444444444444444
MAF_286.pdf_page_19_line_002,مَاتَاکࣸکٜوْتَ مَذَࢽْکࣸ دࣸࢽْ اَللَّهࣸ کࣸࢽْجِيَا؞ کࣸبيسࣸ کࣸࢽَࢽْ يَرْ دَࢽْ دَرْسࣸ إِࢽْجِ مࣸحَمَّدَا,مَاتَاکࣸکٜوْتَ مَذَࢽْکࣸ دࣸࢽْ اَللَّهࣸ کࣸࢽْجِيَا ؞  کࣸيِيسࣸ کࣸࢽَࢽْ يَرْدَرْسࣸ إِࢽْجِ مࣸحَمَّدَا,0.10309278350515463,0.5
Infiraji_12.pdf_page_11_line_013,تࣸࢽْ أَرَاࢽَرْحَيْهࣸوَاࢽٜى    طَاسࣸکٜىٰ مَيْشٰٜشِ أَرْࢽٜىٰ,تࣸࢽْ أَرَاࢽَرْحَيْهࣸوَاࢽٜيٰ طَاسࣸکٜيٰ مَيْشٰٜشِ أَرْࢽٜيٰ,0.10344827586206896,0.6
Infiraji_5.pdf_page_5_line_013,إِࢽْ سࣸکَيْ مَسَ دࣸࢽْ جَڢَاءِ    بَادَطٜيٰ ࢽٜيمَࢽْ دَوَاءِ,إِࢽْ سࣸکَىْ مَسَ دࣸࢽْ جَڢَاء  يَادَطٜيٰ ࢽٜيٰمَࢽْ دَوَاءِ,0.10344827586206896,0.5
Infiraji_11.pdf_page_6_line_013,دࣸوࢽْ عَدَلْثِي أࣸوَاࢽٜيٰ  غࣸࢽْ مَرَايࣸوْ کࣸوْاْ أࣸبَاࢽٜيٰ,دࣸوࢽْ مَدَلْثِي شِي أࣸوَاࢽٜيٰ  غࣸࢽْ مَرَايࣸوْکࣸوْاْ أࣸبَاࢽٜيٰ,0.10344827586206896,0.5714285714285714
Infiraji_7.pdf_page_9_line_009,سࣸࢽْ کࣸمَامَادَابَاڧَثٜىٰ بَا,سࣸࢽْ کࣸمَامَادَابَأمْثٜىٰ بَا,0.10344827586206896,0.3333333333333333
Infiraji_4.pdf_page_44_line_006,غࣸࢽْ مَأيْکَاتَرْسَشِࢽْتَا     سَىْ مࣸحَمَّدࣸکٜىٰ غَبَاتَا,غَࢽْ مَأَيْکَاتَرْسَشِࢽْتَا   سَيْ مࣸحَمَّدࣸکٜيٰ غَبَاتَا,0.10344827586206896,0.8
Infiraji_11.pdf_page_11_line_014,أرْزِڧِࢽْسَ شِࢽَاڟَوَيْتَا    أَࢽْکَثٜىٰ ڧَارࣸواْکࣸسَࢽْتَا,أَرْزِڧِࢽْسَ شِࢽَاڟَوَيْتَا  أَࢽْکَثٜيٰ ڧَارࣸواْ کࣸمَࢽْتَا,0.10344827586206896,1.0
A_Person_with_a_Livelihood_Will_Never_Be_Destitute_Mai_Sanaa_Ba_Ya_Tsiya.pdf_page_1_line_003,ࢽَظَمِ مࣸعَلِّمْ أّمِيࢽࣸ  ࢽَبَابَࢽْ عِࢽْدَا کَاࢽࣸو يَلْوَا,ࢽَظَمِ مࣸعَلَّىْ أمِيࢽࣸ ࢽَبَابَࢽْ عِࢽْدَاکَاࢽࣸويَلْوَا,0.10344827586206896,0.7142857142857143
Nana_Asmāʾu_The_Authentic_Path_Nana_Asmāʾu_Godaben_Gaskiya.pdf_page_10_line_001,شِغَاڢَرْتَ اِࢽَّاتَادَبَابَ دَيَࢽْ عࣸوِا    مࣸسࣸلمِ شِبَام غَࢽِࢽْ ڢِيَيَّٜى مࣸحَمَّدَا,شِغَاڢَرْتَ إِࢽَّاتَادَبَابَا دَيَࢽْ عࣸوَا    مࣸسࣸلْمِي شِبَامࣸ غَࢽِࢽْ ڢِيَيّٜيٰ مࣸحَمَّدَا,0.10344827586206896,0.5555555555555556
Infiraji_11.pdf_page_2_line_013,تَيْمَکٜىٰࢽِ کَبَࢽْ حَذَاڧَا    إِࢽْىِ وَاڧَامَىْ زَلَاڧَا,تَيْمَکٜيٰࢽِ کَبَࢽْ حَذَاڧَا إِࢽْيِ وَاڧَامَيْ زَلَاڧَا,0.10344827586206896,0.5
Infiraji_8.pdf_page_24_line_010,سَىْ سࣸثٜىٰ بَاڧࣸوْاغَرٜىٰمࣸ    وَࢽْغَ بَاڧࣸواْصَاحِبِࢽْمࣸ,سَيْ سࣸثٜيٰ بَاڧࣸواْغَرٜىٰمࣸ   وَࢽْغَ بَاڧࣸواْ صَاحِبِࢽْمࣸ,0.10344827586206896,1.0
Infiraji_7.pdf_page_8_line_012,َاکࣸࢽْ رَسَ جِࢽْ کࣸرࣸورࣸوَبَا,بَاکࣸࢽْ رَسَ جِࢽْ کࣸرࣸوْرࣸوَابَا,0.10344827586206896,0.5
Infiraji_4.pdf_page_13_line_010,بَسࣸکَيْ رِدَّا اَلاَخِرَابَا,بَسࣸکَيْ رِدَّااَلَاخِرَابَا,0.10344827586206896,0.6666666666666666
Infiraji_3.pdf_page_20_line_007,کࣸوْاوࣸشٜىٰ ڢَلْکٜىْ مْدِيࢽَ    زَشِتَاشِ ࢽِکَࢽْجِ مࣸرْࢽَا,کࣸوْاوࣸشٜيٰ ڢَلْکٜى مَدِيࢽَ  زَاشِتَاشِ ࢽِکَࢽْجِ مࣸرْࢽَا,0.10344827586206896,0.6666666666666666
Infiraji_3.pdf_page_21_line_007,ࢽَاثِکَامࣸکࣸ يٜࢽْ اࣸوَاࢽَا    تَمْبَيَرکࣸ سَبࣸواْدَڧَوْࢽَا,ࢽَاثِکَامَکࣸ يَࢽْ أࣸوَاࢽَا  تَمْبَيَرْکࣸ سَبࣸواْدَڧَوْࢽَا,0.10344827586206896,0.8
Infiraji_8.pdf_page_17_line_013,سَيْ بَڧِࢽْ حَدَرِي يَتَاسࣸواْ سࣸيْ کِرَاڟَاوَا تَأَوکوࣸاْ,سَىْ بَڧِࢽْ حَدَرِي يَتَاسࣸواْ  سࣸيْ کِرَاڟَاوَاتَأَوْکࣸواْ,0.10344827586206896,0.42857142857142855
Infiraji_8.pdf_page_19_line_003,بَاکࣸواْڧࣸوࢽَا ࢽَڧࣸرْمࣸسَابَا,بَاکࣸوْاڧࣸوࢽَاࢽَڧࣸرْمࣸسَابَا,0.10344827586206896,1.0
Infiraji_8.pdf_page_3_line_014,بَعَ ڢَاسَ کِرَاأَࢽَاذࣸوَابَا,بَعَ ڢَاسَ کِرَاأَࢽَاذࣸبِيبَا,0.10344827586206896,0.3333333333333333
Nana_Asmāʾu_The_Authentic_Path_Nana_Asmāʾu_Godaben_Gaskiya.pdf_page_10_line_005,ذَمَامࣸومِࢽِي إࢽْ يَاجِ وَعْظࣸ شِسَمْ    دَطِى ࢽَرِيبَادَاࣸࢽࣸڢَاڧِى غَسࣸࢽَّرْمࣸحَمَّدَا,ذَمَامࣸومِࢽِ إِࢽْ يَاجِ وَعْظࣸ شِسَمْ   دَطِي ࢽَرِيبَادَاࢽْڢَاࢽِي غَسࣸࢽَّرْ مࣸحَمَّدَا,0.10344827586206896,0.75
Infiraji_11.pdf_page_7_line_007,رَبَّࢽَا يَاغِرْمَمَاکَا    تَࢽْ سَشِࢽْ سَوْرَࢽْ مْأَيْکَا,رَبَّࢽَايَاغِرْمَمَاکَا  تَࢽْمَشِࢽْ سَوْرَࢽْ مَأَيْکَا,0.10344827586206896,0.8333333333333334
Infiraji_11.pdf_page_14_line_011,غࣸࢽْ مࣸحَمَّدࣸطَࢽْ أمِيࢽَا    رَبِّ رَࢽْمࣸ شِهࣸوثٜى ڧࣸوࢽَا,غࣸࢽْ مࣸحَمَّدࣸطَࢽْ أَمِيࢽَا  رَبِّ رَࢽْمࣸ شِسࣸوثٜيٰ ڧࣸوࢽَا,0.10344827586206896,0.2857142857142857
MAF_286.pdf_page_19_line_014,عَبَادَࢽْ دَبَابࣸ سَࢽ کࣸسَࢽْ بَاتَ ݣٜوْتࣸوَا ؞ شِيمَاحَدِيثِࢽْ ࢽٜيٰ صَحِيحِ غَأَحْمَدَا,عَبَادَࢽْ دَبَابࣸ سَيِ کࣸسَࢽْ بَاتَ کٜوْتࣸوا ؞  شِيمَاحَدِيشِ ࢽٜيٰ صَلِيحِ غَأَحْمَدَا,0.10344827586206896,0.36363636363636365
The_Glorious_Majidu_Infiraji_1.pdf_page_8_line_004,٢٦  وَايَکَي وَايَي کَمَࢽْکَا   وَايَسَࢽْ أَصَلِي يَࢽَاکَا,٢٨  وَايَکَيْ وَايَىْ کَمَرْکَا  وَايَسَࢽْ أَصَلِي يَࢽَاکَا,0.10344827586206896,0.5714285714285714
Infiraji_3.pdf_page_13_line_012,أَࢽْکَ جٜيٰرَابَارَبٜيٰوَا    سَيْ أَکࣸوݒ ڧَسَرْ هَطَرْوَا,أَࢽْکَ جٜيٰرَابَارَبٜيٰوَا  سَيْ أَکࣸوابَ ڧَسَرْهَطَرْوَا,0.10344827586206896,0.5
Infiraji_3.pdf_page_7_line_009,بّعّسّاکࣸمَ مَاسࣸ جَࢽَّبَابَا,بَعَسَاکࣸمَ مَاسࣸ جَࢽَّبَابَا,0.10344827586206896,0.3333333333333333
Infiraji_12.pdf_page_15_line_004,شَيْخࣸ مٜىٰ ࢽٜىٰࢽٜىٰ دَوَاءِ؟    وَࢽْغَ مࣸوࢽَࢽَّࢽْ بَلاءِ؟,شَيْخࣸمٜىٰ ࢽٜيٰࢽٜيٰ دَوَاءِ  وَࢽْغَ مࣸوࢽَࢽَّࢽْ بَلاءِ؟,0.10344827586206896,0.5714285714285714
Infiraji_4.pdf_page_42_line_003,سࣸوأکَࢽْسࣸ سࣸࢽٜىٰمِ سَوْڧِي    سَىْ أثٜىٰمَسࣸ عَاءَأَࢽْڧِي,سࣸوأَکَࢽْسࣸ سࣸࢽٜىٰمِ سَوْڧِي سَيْ أَثٜىٰمَسࣸ عَاءَأَࢽْڧِي,0.10344827586206896,0.5
Infiraji_11.pdf_page_14_line_002,ثٜىٰ دَࢽِيرَاࢽَرْڟَيَاوَا    تَرْسَشِࢽِْ ذࣸࢽࣸبَࢽْغَ ࢽَاوَا,ثٰٜ دَࢽِرَاࢽَرْڟَيَاوَا  تَرْسَڧِࢽْ ذࣸࢽࣸبَࢽْغَ ࢽَاوَا,0.10344827586206896,0.6
Infiraji_10.pdf_page_1_line_008,وَمِࢽْهࣸ حَدِيثࣸ عࣸمَرْرَضِيَ اللَّهࣸ عࢽْهࣸ الࢽِّسَاءࣸ ثَلَاثَةࣸࣸ ڢࣸهَيْࢽَةࣸࣸ,وَمِࢽْهࣸ حَدِيثࣸ عࣸمَرْرَضِي الَّهࣸ عَࢽْهࣸ الࢽِّسَاءࣸ تَلاَةࣸ ڢࣸهَيْࢽَةّࣸ,0.1038961038961039,0.625
Infiraji_9.pdf_page_20_line_004,شِيࢽٜىٰ يَثٜىٰ دَمَذَاجٜىٰ شَاتَرَاى     دࣸوَأَࢽْهَࢽَامَسࣸوشَࢽْ اَلْکَوْثَرَا,شِيࢽٜيٰ يَثٜيٰ دَمَذَاجٜيٰ شَاتَرَيٰ   دࣸوَأَࢽْهَࢽَامَسࣸوشِࢽْ اَلْکَوْثَرَا,0.1038961038961039,0.8333333333333334
The_Harlots_Song_Waƙar_Karuwa.pdf_page_4_line_008,تَسَاتَيْ غَرَࢽْ مَسࣸ طَوْکَرْ عِدࣸواْ  إدَࢽْ زَاةَ يَاوࣸاتَکِࢽْࢽّٜࢽْ عِدࣸواْ,تَسَاتَࢽْ غَرَࢽْ مَسࣸ طَوْکَرْ عِدّࣸوا   إدَࢽْ زَاةَ يَاوࣸاتَکَࢽْࢽّࢽ عِدّࣸوا,0.1038961038961039,0.4444444444444444
A_Poem_on_the_British_Waƙar_Nasara.pdf_page_1_line_004,متاࢽي سࢽد مي وس سࢽ مکبتا   يويثي سࢽذمو جمع ࢽصارا,متاࢽي سࢽدمي وس سࢽ مکبت  يويثي سࢽذموجمي ࢽصارا,0.10416666666666667,0.5
ELIT_WAN_00130_015v_line_010,ولرسول شڢاعات وءاخرها ؞ لکل عاص ثوى نارالجحيم صل,ولله سول شڢاعات و>اخرها ؞ لکل عام ثوى نارالجحيم صل,0.10416666666666667,0.6666666666666666
ELIT_WAN_00130_014r_line_012,ڢليس يخش الا الى و عندهم ؞ کاࢽ فدرته للجسم لم صل,ڢلبس بحخش الا الى وح عندهم ؞ کاࢽ فدرته للجسم لم ل,0.10416666666666667,0.3333333333333333
A_Poem_on_Friends_and_Relations_Waƙar_Ƴan_Uwa.pdf_page_1_line_002,بسم الله الرحمࢽ الرحيم وصل الله علي الࢽبي الکريم,بسم الله الرّحمࢽ الرّحيم وصى الله على الࢽبى الکريم,0.10416666666666667,0.5555555555555556
ELIT_WAN_00130_005r_line_012,ڢواجب کونى فطمعابلا عدم ؞ سبحانه وتعلى جل عࢽ مثل,ڢواجب کونه فطعابلاعدم ؞ سبحانه وتعلى جلاعࢽ عثل,0.10416666666666667,0.6
Knowledge_to_Follow_God_Gandal_Fii_Rewugol_Alla.pdf_page_10_line_002,وࣽنْدࣸدٜعٜوࣽدٜيٰدٜمَجَّࢽْ وَفَوَآعِدࣸالاِسْلاَمࣸ,وࣸنْدࣸدٜعٜوࣽدٜيٰدٜمَجَّرْ وَفَوَاعِدࣸالاِسلامࣸ,0.10416666666666667,1.0
A_Person_with_a_Livelihood_Will_Never_Be_Destitute_Mai_Sanaa_Ba_Ya_Tsiya.pdf_page_1_line_004,لَمْبَرْ غِدَࢽْسَ طَرِي حࣸطࣸو دَتَمَاࢽِࢽْ دَشِدَ,لَࢽَّبَرْغِدَࢽْسَ طَرِي حࣸطࣸودَتَمَاࢽِࢽْ دَشِدَ,0.10416666666666667,0.6666666666666666
Infiraji_7.pdf_page_3_line_008,تࣸࢽْ سࣸࢽَا ڟࣸمْمَّاتَبَرْسࣸ وَسࣸ ࢽَاڧࣸودَاتَکَسࣸ,تࣸࢽْ سࣸࢽَاڟࣸمَّاتَبَرْسࣸ  وَسࣸ ࢽَاڧࣸوْدَاتَکَسࣸ,0.10416666666666667,0.6
MAF_286.pdf_page_10_line_003,شَاڢِوَرْ تَڢَرْکࣸودࣸکْ أَکࣸومࣸ غَڧࣸرءَاࢽࣸ ؞  إِتَمَاکَرَامَ ثٜي تَبَرْدٜࢽْ مࣸحَمَّدَا,شَاڢِوَࢽْ تَڢبرْکࣸودࣸکْ أَکࣸومࣸ غَغَرْاࢽࣸ ؞ إِتَمَا کَرَامَ ثٜيٰ تَبَرْدٜࢽْ مࣸحَمَّدَا,0.10465116279069768,0.6666666666666666
Nana_Asmāʾu_The_Authentic_Path_Nana_Asmāʾu_Godaben_Gaskiya.pdf_page_4_line_011,سࣸࢽاڢَثِلِࢽْ وَحَلاَدَيࣸࢽْوَادَڧِشِرࣸوَا     دَکࣸوطٜيٰمࣸوَا صَابࣸا غحَࢽْيَرْمࣸحَمَّدَا,سࣸࢽَاڢَثِکِࢽْ وَحَلادَيࣸࢽْوَادَڧِشِرࣸوَا   دَکࣸوطٜيٰمࣸوَاْصَابࣸو غَحَࢽْيَرْ مࣸحَمَّدَا,0.10465116279069768,1.0
The_Harlots_Song_Waƙar_Karuwa.pdf_page_3_line_004,أکࣸويْ سَاکٜي سࣸوࢽَا وَجَࢽْ کَارࣸوَا  إددَࢽْ کَاجِ سࣸوࢽَࢽْةَ کࢽْدٜي أيَرْوَا,أَکࣸويْ سَاکٜي سࣸوࢽَاوَجَيْ کَارࣸوَا  إِدَࢽْ کَاجِ سࣸوࢽَࢽْةࣸ کَࢽْدٜيٰ أَيَرْوَا,0.10526315789473684,0.7
Infiraji_11.pdf_page_13_line_013,بَاشِ ڧَيْامَرْمَىْ تَلَوْثِ    دࣸوࢽْ رَشِى بَايَابࣸتࣸلثِ,بَاشِ ڧَبَامَرْمَيْ تَلَوْثِ  دࣸوࢽْ رَشِى بَايَابࣸتࣸلْثِ,0.10526315789473684,0.3333333333333333
Infiraji_12.pdf_page_20_line_002,ࢽَايَبَاࢽِ دَسَࢽّࣸوسَࢽّࣸو    سَىْ ࢽَجِيسࣸ دࣸکَࢽْ سَࢽَࢽّࣸو,ࢽَايَبَاࢽِ دَسَࢽّࣸوسَࢽّࣸو سَيْ ࢽَجِيسࣸ دࣸکَࢽْ هَࢽَࢽّو,0.10526315789473684,0.3333333333333333
Infiraji_4.pdf_page_38_line_002,دَامࣸتࣸمْ ذَيْبَادَڢَࢽْسَا   ࢽَىْ أکَرْبٜىٰ حَرْ أࣸوَرْسَ,دَامࣸتࣸمْ ذَيْبَادَڢَࢽْسَا  ࢽَىْ أَکَرْݒٜيٰ حَࢽْأࣸوَرْسَ,0.10526315789473684,0.5
Infiraji_11.pdf_page_7_line_004,وَايَکَىْ وَايَىْ کَمَرْکَا     وَيَسَࢽْ اَصَلِي يَࢽَاکَا,وَايَکَيْ وَايَىْ کَمَرْکَا  وَايَسَࢽْ أَصَلِي يَࢽَاکَا,0.10526315789473684,0.5
Infiraji_4.pdf_page_10_line_014,مَالَمِيࢽَا ࢽࣸوح يَاثٜيٰ   کࣸواْدَاَللَّهْ يَيْ وࣸتَاثٜيٰ,مَالَمِيࢽَاࢽࣸودࣸ يَاثٜيٰ کࣸواْدَاللَّهْ يَيْ وࣸتَاثٜيٰ,0.10526315789473684,0.5
Warning_Gargaɗi_Infiraji_2.pdf_page_9_line_010,تَمْبَرِࢽْتَ غَرٜيٰمࣸ کࣸوکاَ   إِࢽْدَرَاࢽِبَاإِࢽْدَکَاکَا,تَمْبَرِࢽْتَغَرٜيٰمࣸ کࣸوکَا  إِࢽْدَرَاࢽِيإِࢽْدَکَاکَا,0.10526315789473684,1.0
Infiraji_5.pdf_page_1_line_006,الکِتَابࣸ اَلْحَاجِ,اکِتَابࣸ الْحَاجِ,0.10526315789473684,1.0
Warning_Gargaɗi_Infiraji_2.pdf_page_10_line_002,هَرْثِکِࢽْ رࣸوَࢽٜٜىٰ تَبِيشِ   بَىْ هَيٰٜبَ تَمَاڧَرٜىٰشِ,هَرْثِکِࢽْ رࣸوَࢽٜيٰ تَبِيشِ بَيْ هَيٜيٰبَ تَمَاڧَرٜىٰشِ,0.10526315789473684,0.5
Infiraji_9.pdf_page_8_line_011,ڢَصْلࣸࣸ مَالَمْ طَࢽْ عَبْدࣸالرَّاـࣸوڢࣸ,ڢَصْلࣸ مَالَمْ طَࢽْ عَبْدࣸالرَّوڢࣸ,0.10526315789473684,0.5
The_Human_Being_Is_an_Incurable_Disease_Mutum_Cuta_Ne_Marar_Magani.pdf_page_6_line_010,بَايَاذࣸوَاسࣸوࢽَا بَرٜيڢَ جَࢽَاءزَا  إِࢽْکࣸو يَࢽَا تَذࣸوَا کَجِيسࣸ مࣸتَاࢽٜيٰ,بَايَاذࣸوَسࣸوࢽَابَرٜيٰڢَ جَࢽَاءِزَا   إِࢽْکࣸويَࢽَاتَذࣸوَاکَجِيسࣸ مࣸتَاࢽٜيٰ,0.10526315789473684,0.875
Warning_Gargaɗi_Infiraji_2.pdf_page_3_line_002,يَاَإِلِهِ اِلْعَرْشِ بَاࢽِ   هَࢽْکَلِي دَيَوَࢽْ بَيَاࢽِي,يَااللَهِ اِلْعَرْشِ بَاࢽِ هَࢽْکَلِي دَيَوَࢽْ بَيَاࢽِي,0.10526315789473684,0.16666666666666666
Infiraji_8.pdf_page_21_line_011,سࣸوْدَمَاسࣸ ذࣸوَاغّࢽِࢽْسࣸ     تࣸواْبَلٜى غَمَتَيْمَکَࢽْسࣸ,سࣸوْدَمَاسࣸ ذࣸوَاغَࢽِࢽْسࣸ  تࣸواْبَلٜيٰ غَمَتَيْمَکَࢽْسࣸ,0.10526315789473684,0.5
ELIT_WAN_00130_014r_line_009,ڢصل نا البعث والحشر,ڢصل نا البعث والحه,0.10526315789473684,0.25
Nana_Asmāʾu_The_Authentic_Path_Nana_Asmāʾu_Godaben_Gaskiya.pdf_page_2_line_014,مࣸتࣸوب مࣸبَرصَابࣸومࣸڟࣸرْثِ اࣸبَࢽْغِجِ  مࣸکٜوْتَ اَيࣸکَّاکࣸومࣸسَادࣸدَأحْمَدَا,مࣸتࣸوبَ مࣸبَرْصَابࣸومࣸڟࣸرْثِ أࣸبَࢽْغِجِ  مࣸکٜيوتَ أَيࣸکَّاکࣸومࣸسَادࣸدَاَحْمَدَا,0.10526315789473684,1.0
Infiraji_9.pdf_page_13_line_008,ڢَصْلࣸࣸ مَالَمِيࢽَا مَالَمْ طَࢽْ عِيَا,ڢَصْلࣸ مَالمِيࢽَامَالَمْ طَࢽْ عِبَا,0.10526315789473684,0.8
Warning_Gargaɗi_Infiraji_2.pdf_page_9_line_002,غَادࣸبࣸࢽْ مڟَرَاأَطَاکِي    إِࢽْدَا مَايَڢِ ڧَارَ أَوْکِي,غَادࣸبࣸࢽْ مَڟَرَاأَطَاکِي  إِࢽْدَمَايَڢِ ڧَارَأَوْکِي,0.10526315789473684,0.8333333333333334
Infiraji_5.pdf_page_6_line_011,شِي کَسَاأَشِغَرْدَعِلَّا     دࣸࢽْ مَڢِي مࣸوࢽِࢽْ کَسَالاَ,شِي کَسَااَشِغَرْدَعِلَّا  دࣸࢽْ مَڢِي مࣸوࢽِࢽْ کَسَالَا,0.10526315789473684,0.3333333333333333
Warning_Gargaɗi_Infiraji_2.pdf_page_11_line_010,دࣸوْبِ دَيْ غَسَرَا کࣸࢽَࢽْمࣸ  وَࢽْدَسࣸࢽْکَ رِِڧى ڧَسَرْمࣸ,دࣸوجِ مَيْ غَسَرَاکَࢽَࢽْمࣸ  وَࢽْدَسࣸࢽْکَ رِڧى ڧَسَرْمࣸ,0.10526315789473684,0.7142857142857143
A_Poem_on_Adultery_Waƙar_Zina.pdf_page_1_line_005,کَسَࢽ مَيذِࢽَاشيْکَ غَابَادَالله    دَيَک مࣸحمديَيࣸوزِࢽَا,کࣸسَࢽ مَيذِࢽَاشِيکَ غَابَادَالله  دَيَکَ مࣸحمديَيࣸوزِࢽَا,0.10526315789473684,0.6
Infiraji_11.pdf_page_8_line_005,يَاإشٜىٰࢽِ ڟَرِࢽْ مࣸصيبَا    وَࢽْدَبَيْسࣸواْمࣸصْطَڢَى بَا,يَاإشٜىٰࢽِ ڟَرِࢽْ مࣸصِيبَا وَࢽْدَ بَيْسࣸواْ مࣸصْطَڢَى بَا,0.10526315789473684,0.8
ELIT_WAN_00130_003r_line_003,ڢاعجب لفدرةمولاناالتتى الࢽ ت ؞ اذزادمات الوى ثفلا على ثفل,ڢاعجب لفدرةمولاناالى لم ت ؞ اذزادمات الموى ثفلا على تفل,0.10526315789473684,0.4
Infiraji_7.pdf_page_16_line_005,شِي سَࢽِي مَاغَرْکࣸوَاࢽٜيٰ کࣸواْغَمَيْ ڟࣸواْرࣸوغَرِٜيࢽٜيٰ,شِي هَࢽِي مَاغَرْکࣸوَاࢽٜيٰ  کࣸواْغَمَيْ ڟࣸواْرࣸوغَرِيٰ,0.10526315789473684,0.4
Infiraji_8.pdf_page_27_line_007,سَىْ سࣸمِيوَمتَتَّرَرْسࣸ    سَىْ أَࢽٜىٰمِ أࣸبَࢽْ غِدَࢽْسࣸ,سَىْ سࣸمِيڧَ مَتَتَّرَرْسࣸ  سَيْ أَࢽٜىٰمِ أࣸبَࢽْ غِدَࢽْسࣸ,0.10526315789473684,0.5
Infiraji_12.pdf_page_19_line_002,دࣸکْ يَݣࣸاشٜىٰ حَرْأڧَارَا    مَيْدَوَࢽْسࣸ کࣸطِي ڟِرَارَا,دࣸکْ يَݣَّاشٜيٰ حَرْأَڧَارَا  مَيْدَوَࢽْسࣸ کࣸطِي ڟِرَارَا,0.10526315789473684,0.3333333333333333
ELIT_WAN_00130_015r_line_006,ولتعتبى بعد ما يلغاه مࢽ خط ؞ على الص اط جميع الخلڡ مࢽ وجل,ولنتبى بعدما يلناه مࢽ خط ؞ على الص اط جيع الخلڡ مࢽ وجلل,0.10526315789473684,0.42857142857142855
A_Person_with_a_Livelihood_Will_Never_Be_Destitute_Mai_Sanaa_Ba_Ya_Tsiya.pdf_page_5_line_004,مَاتَامَاعَشٰٜى سࣸࢽَاسَࢽْ ࢽَکِرْکِى    دَࢽْࢽِى ࢽَاغَ سࣸࢽڢِ سَࢽْ مَىْ صَࢽَاعَ,مَاتَامَامَشٜي سࣸࢽَاسَࢽْ ࢽَکِرْکِي   دَࢽْࢽِي ࢽَاغَ سࣸࢽْڢِ سَࢽْ مَيْ صَࢽَاعَ,0.10526315789473684,0.5555555555555556
Infiraji_4.pdf_page_40_line_014,سَادَمَاسࣸ ࢽِڧَادَوَاڧَا      سࣸوأَکَࢽْ طَورٜىٰ دَسَرْڧَا,سَادَمَاسࣸ ࢽِڧَادَوَاڧَا  سࣸوأَکَࢽْ طَوْرٜيٰ دَسَرْڧَا,0.10526315789473684,0.2
MAF_286.pdf_page_9_line_006,مَأَيْکِي يَذࣸوشِ دَکَࢽْسَ ڢَادَرْ عࣸبَࢽْغِجِ ؞  يَشَيْدَڢَ ࢽَسْ غَمࣸڧِيسَࢽْ أَحْمدَا,مَأَيْکِي يَذࣸوشِ دَکَࢽْسَ ڢَادَرْ عࣸبَࢽْغِجِ ؞  يَشَيْدِڢَ جِيَکَاࢽَسْ غَمࣸڧِيسَࢽْ أَحْمَدَا,0.10588235294117647,0.3
Infiraji_10.pdf_page_4_line_012,ذَࢽْبَڧࣸوَامَيْ ذࣸرْڢِࢽْ تࣸࢽْبِي   بَاتَ تَکࣸووَا سَيْتْ تَکَࢽْتَا,ذَࢽْبَڧࣸوَامَيْ ذࣸرْجِࢽْ تࣸࢽْبِي  بَاتَ تَکࣸووَاسَيْتَ ثِکِࢽْتَا,0.10606060606060606,0.5714285714285714
Infiraji_5.pdf_page_15_line_013,وَࢽْسࣸ دࣸومِࢽْ ࢽࣸوࢽْ إِيکَوْاْ    بَاسࣸ سࣸࢽْ سࣸڢِتࣸوْاْ سࣸتَاکࣸوْا,وَࢽْسࣸ دࣸومِࢽْ ࢽࣸوࢽَ إيکࣸوْاْ  بَاسࣸ سࣸࢽْ سࣸڢِتࣸوْاْسࣸتَاکࣸوْاْ,0.10606060606060606,0.5
ELIT_WAN_00130_004v_line_001,عم وعظم ميب شدى عصب ؞ والنڢخ لله وح س عنه لاتسل,عم وعظم متي شده عصب ؞ والن ڢخ لله وح س عنه لاتل,0.10638297872340426,0.4166666666666667
A_Poem_on_the_British_Waƙar_Nasara.pdf_page_2_line_008,مذغب سࢽغ ࢽصي مࢽغ دِحر    ذمايو غام غاياࢳࢽ ࢽصارا,مذغب سࢽغ ࢽصي مࢽغ داحر  ذمايوغام غايابࢽ ࢽصارا,0.10638297872340426,0.4444444444444444
A_Poem_on_the_British_Waƙar_Nasara.pdf_page_1_line_014,سرکي سࢽڢتو سࢽبر غرࢽس    بلي مورود کࢽ ک کذ ࢽصارا,سرکي سࢽڢتوسࢽبر غرࢽس  بلي مورودکࢽ ک کذࢽصارا,0.10638297872340426,0.6
Celebrating_Cerno_Aliiyu_Ɓuuɓa_Ndiyaŋ_Waccugol_Cerno_Aliiyu_Ɓuuɓa_Ndiyaŋ.pdf_page_2_line_007,رࣸکِّرْمࣸ تَلکࣸر کوطٜمَکّࣽ يࣸجࣸومِعَمْ جِهَ جَامࣽمَکّࣽ تࣽجَنْفࣸفࣽل حر سڢتتا,رࣸکِّرْمࣸ تَلْکࣸر کࣸوطٜمَکّࣽ يࣸجࣸومِعَمْ جِهَ جَامࣸمَکّࣽ تࣽجَنْفࣸفࣸلْ حِرسڢتتَا,0.10666666666666667,0.6666666666666666
Celebrating_Cerno_Aliiyu_Ɓuuɓa_Ndiyaŋ_Waccugol_Cerno_Aliiyu_Ɓuuɓa_Ndiyaŋ.pdf_page_2_line_009,تم هٜوْتِ بٜتࣸفࣸلْ کࣸوطٜ يࣸرْمٜمࣽ جستنا کࣽعࣸهࣸوونواعٜيِطَاطَ کࣸوطٜهَيْرَتَا,تَم هٜوْتِ بٜتࣸفࣸلْ کࣸوطِ يࣸرْمٜم جٜستناکࣽعࣸهࣸوونواعٜيطَاطَ کࣸوط طٜهَيْرَتَا,0.10666666666666667,0.75
The_Harlots_Song_Waƙar_Karuwa.pdf_page_3_line_005,أبِرْࢽِࢽْ کَࢽࣸواْ کَاجِ سࣸوࢽَࢽْةَ يَلوَا  کࣸواکࣸواْتَثٜي بِࢽْةَ مَيْ أدࣸوَا,أَِرْࢽٜي کَࢽࣸواْکَاجِ سࣸوࢽَࢽْةَ يَلْوَا  کࣸواْکࣸواْتَثٜي بِࢽْةَ مَيْ أَدࣸوَا,0.10666666666666667,0.6666666666666666
Infiraji_9.pdf_page_12_line_005,جَمَعَ تَتَارٜࣸواْ تَرَم؞تࣸمْ َيْ غَبَسْ   سࣸࢽَامَثٜيٰوَا دَيࣸࢽْوَاغَاڧِشِي,جَمَعَ تَتَارࣸواْتَرࣸمْتࣸمَ تَيْ غَبَسْ  سࣸࢽَامَثٜيٰوَادَيࣸࢽْوَاغَاڧِشِي,0.10666666666666667,0.7142857142857143
MAF_286.pdf_page_11_line_014,دَلِيلِ وَمَا يَجْحَدࣸوا بَءَايَتࢽَا إِلَّاالْکَاڢِرࣸوࢽَ ؞ ڢَطَاثٜي تَسَرْکِي جَلَّ أࣸمَّ الْمࣸحَمَّدَا,دَلِيلِ وَمَايَجْحَدࣸوابَلَايَتِࢽَا إِلَالْکَڢِرِوࢽࣸ ؞  ڢَطَاثٜيٰ تَسَرْکِي جَلَّ أࣸمَّ الْمࣸحَمَّدَا,0.10679611650485436,0.45454545454545453
Infiraji_4.pdf_page_36_line_003,ثَࢽْ أَرَاࢽَࢽْ ࢽَࢽْتَ تَاشِ    بَاتَ لَامࣸࢽْثٜىٰمَ سَاشِ,ثَࢽْ أَرَاࢽَرْࢽَࢽْ تَتَاشِ  بَاتَ لَامࣸࢽْثٜىٰمَ سَاشِ,0.10714285714285714,0.42857142857142855
Knowledge_to_Follow_God_Gandal_Fii_Rewugol_Alla.pdf_page_10_line_008,ࡶَلصِّيَامࣸ کࣽ کࣽرْوَالرَّابِعࣸ نَيَ بࣽعࣽࢽْ ࡶَلزَّکَٰوةِ,ࡶَلصِّيَامࣸ کࣽ کࣽرْکَ وَالرَّابِعࣸ نَىَ بࣽعࣽࢽْ ࡶلزَّکَوةِ,0.10714285714285714,0.6666666666666666
Infiraji_3.pdf_page_7_line_007,لࣸوکَثِي إِࢽْ يَيْ ࢽَصَلاَّ سَيْ أَبَاشِ رࣸوَࢽْ أَلࣸولاَ,لࣸوکَثِي إِࢽْ يَيْ ࢽَصَلَّا  سَيْ أَبَاشِ رࣸوَࢽْ ألࣸولَا,0.10714285714285714,0.25
Infiraji_8.pdf_page_8_line_004,سَيْ سࣸثٜيٰ مَسࣸ بࣸتࣸلْثٜيٰ أَࢽْ حَدِيثِ کࣸࢽْ کࣸرࣸمْثٜيٰ,سَيْ سࣸثٜيٰ مَسࣸ کࣸࢽْ بࣸتࣸلْثٜيٰ  أَࢽْ حَدِيثِ کࣸࢽْ کࣸرࣸمْثٜيٰ,0.10714285714285714,0.125
Infiraji_12.pdf_page_11_line_001,سَىْ أثٜىٰ عࣸرڢِࢽْ غِدَࢽْسࣸ   دَاکَذَاࢽٜىٰ ࢳَࢽْ أࣸوَࢽْسࣸ,سَيْ أَثٜيٰ عࣸرْڢِࢽْ غِدَࢽْسࣸ  دَاکَذَاࢽٜىٰ عَࢽْ أࣸوَࢽْسࣸ,0.10714285714285714,0.5714285714285714
Infiraji_7.pdf_page_15_line_010,رَبَّࢽَاکَڟِرٜيٰمࣸ کࣸࢽْيَا کࣸواݒِتَاکࣸواْرَاڟٜيٰ هَࢽْيَا,رَبَّࢽَاکَڟَرٜيٰمࣸ کࣸࢽْيَا کࣸواْيَتَاکࣸواْرَاڟٜيٰ هࣸࢽْبَا,0.10714285714285714,0.75
The_Glorious_Majidu_Infiraji_1.pdf_page_9_line_006,بَاذَي دَرَجَا أَلَاخِرَابَا,بَاذَىْ دَرَجَاأَلَاخِرَابَا,0.10714285714285714,1.0
Warning_Gargaɗi_Infiraji_2.pdf_page_6_line_003,إِࢽْبَارࣸبࣸشِي دّهَلَّکَابَا,إِࢽَبَارࣸبࣸشِي دَصَلَّکَابَا,0.10714285714285714,1.0
Knowledge_to_Follow_God_Gandal_Fii_Rewugol_Alla.pdf_page_4_line_016,ࡶَوَّلࣸهَاعَرَنࣸنْطࣸرْاَلاِڢَامَةࣸکࣽدَرْنَادࣸوَالرَّڢْعࣸ,ࡶَوَّلࣸهَاعَرَنࣸنْطࣸࢽْ الاِفَامَةࣸحࣸدَرْنَادࣸوَالرَّڢْعࣸ,0.10714285714285714,2.0
Warning_Gargaɗi_Infiraji_2.pdf_page_5_line_011,ࢽٜيٰمِ تَوحِيدِ کَذَاکَ   سَࢽْ سࣸأَلْوَضࣸا دࣸکْ دَوّࢽْکَ,ࢽٰٜمِ تَوْحِيدِ کَذَاکَ  سَࢽْ سࣸأَلْوَضَادࣸکْ دَوَࢽْکَ,0.10714285714285714,0.7142857142857143
Infiraji_3.pdf_page_15_line_011,يَاڢِ أَوْکِࢽْ دࣸوبَ کࣸࢽْدِي    يَاڧِ لِمَࢽْثِي أّعِيدِي,يَاڢِ أَوْکِࢽْ دࣸوبَ کࣸࢽْدِي  يَاڧِ لِيْمَࢽْثِى أَعِيدِي,0.10714285714285714,0.2857142857142857
Warning_Gargaɗi_Infiraji_2.pdf_page_13_line_005,ذَابَيَامَىْ تَادَصَوْتِ    کٜىٰ هَࢽَاکَ تࣸࢽِࢽْ وَڢَاتِى,ذَابَيَامَيْ تَادَصَوْتِ کٜىٰ هَࢽَاکَ ثࣸࢽِࢽْ وَڢَاتِي,0.10714285714285714,0.5
Warning_Gargaɗi_Infiraji_2.pdf_page_3_line_013,غَذَتࣸو بَاذَاشِ لَاخِرَابَا,غَذَتࣸوبَاذَارْشِ لَاخِرَابَا,0.10714285714285714,0.6666666666666666
Infiraji_4.pdf_page_29_line_002,وَࢽْدَکࣸواْݒَرْࢽࢽَايَڢَارَا    بَاشِيِࢽْ ڢَاتَاشِغَٜارَا,وَࢽْدَکࣸوْاْبَرْࢽَايَڢَارَا  بَاشِيِࢽْ ڢَاتَاشِغَارَا,0.10714285714285714,0.6666666666666666
Infiraji_7.pdf_page_9_line_015,إِتَبَاتارَرْتَکَىْ شِرِيبَا,إِتَبَاتَارَرْحَکَيْ شِرِيبَا,0.10714285714285714,0.5
ELIT_WAN_00130_016r_line_010,طوبى لمتبع بلحڡ بفتذيا ؞ فدنال منه الذ> بيغيه مࢽ عمل امل,طوىى لمتبع للحڡ مفتديا ؞ فدنال منه الذ> بيخيه مࢽ عل امل,0.10714285714285714,0.38461538461538464
Infiraji_5.pdf_page_9_line_005,بِࢽثِکٜيٰ غهَلِࢽْ أࣸوَرْتَ    جَاَءِزِيࢽٜيٰ حَرْأࣸبَࢽْتَ,بِࢽْثِکٜي غَهَلِࢽْ أࣸوَرْتَ  جَاءِزِيࢽٜيٰ حَرْأࣸبَࢽْتَ,0.10714285714285714,0.6
Infiraji_8.pdf_page_12_line_007,مَاسࣸ کࣸواْ هَمَمِي دَاوَارِ   غَايَوَࢽْ تࣸڧࣸڧِي دَڧَورِ,مَاسࣸ کࣸوْاهَمَمِي دَوَارِ غَايَوَࢽْ تࣸڧࣸڧِي دَڧَوْرِ,0.10714285714285714,0.5714285714285714
ELIT_WAN_00130_013v_line_003,فالوالذى الکڢراࢽ تحصل له فبلت ؞ فطعارنا غيره تى جى لمتثل,فالوالذالکڢراࢽ تحصل له فبلت ؞ فطعاوت غيره تى جى لممتثل,0.10714285714285714,0.36363636363636365
Infiraji_7.pdf_page_7_line_004,شِي يَثٜيٰ مَࢽِ أَيْ جَهَالَهْ شِيدَا کَاڢِرْثِ غإِلَّهْ,شِي يَثٜيٰ مَࢽِ أَيْ جَهَالَهْ  شِيْدَکَاڢَرْثِ غَإِلَّهْ,0.10714285714285714,0.375
The_Glorious_Majidu_Infiraji_1.pdf_page_14_line_014,بَاشَ ڧِࢽْ کَلَّوࢽْ حَلَثِّ  بَاشِ کࣸواْ دࣸوبِࢽ حَرَمْثِ,بَاشِ ڧِࢽْ کَلّࣸوࢽْ حَلَثِّ  بَاشِ کࣸوادࣸوبِࢽْ مَرَمْثِ,0.10714285714285714,0.625
Infiraji_7.pdf_page_14_line_006,َکَ سَامِ يَسࣸ أَمَلَّکَابَا,بَکَ سَامِ يَاسࣸ أَملَّکَابَا,0.10714285714285714,0.75
ELIT_WAN_00130_016r_line_009,واعلم باࢽ طى يو الحڡ واحدة ؞ لا خيرنا غيرها مࢽ ساي السبل,واعلم باࢽ ط يڡالحڡ واحدة ؞ لاخير نا غيرها مࢽ ساڢ السبل,0.10714285714285714,0.46153846153846156
Infiraji_4.pdf_page_30_line_002,ڢِرْغِتَامَيْڟࣸوْرَتَرْوَ    ࢽَاذࣸوَابَرِ کَࢽْغَرٜٜيٰوَا,ڢِرْغِتَامَيْڟࣸوْرَتَرْوَ  ࢽَاذࣸوَابَرِکَࢽْغَرٜىٰوَ,0.10714285714285714,0.6666666666666666
Knowledge_to_Follow_God_Gandal_Fii_Rewugol_Alla.pdf_page_9_line_002,مَࢽ لَّمْ يَمْلِکࣸ عࣽمّࣽ جٜيَارِلِسَانَهࣸ طٜنْفࣸلْ مَکّࣸ,مَرِ لَّمْ يَمْلِکࣸ عࣽمّࣽ جِيَارِنِسَانَهࣸ طٜنْفࣵلْ مَکّࣽ,0.10714285714285714,0.5714285714285714
Infiraji_4.pdf_page_42_line_004,بَأبَاکࣸ رَبࣸوْاألَاخِرَابَا,بَأَبَاکࣸ رَبࣸوْاْأَلَاخِرَابَا,0.10714285714285714,1.0
Infiraji_4.pdf_page_17_line_006,دَمِڧي زَکَّادَبَيْ ثِرٜيٰبا,دَمَڧِي زَکَّادَبَيْ ثِرٜيٰبَا,0.10714285714285714,0.6666666666666666
Infiraji_3.pdf_page_6_line_009,سَرکِࢽدَيَيِيْشِ کࣸومَࢽِيبَا,سَرْکِࢽْدَيَيِيْشِ کࣸوهَࢽِيبَا,0.10714285714285714,1.0
Infiraji_4.pdf_page_39_line_006,مِى يَجَامَسࣸ غࣸࢽْ سَيَيَّا     سࣸودَيَࢽْکَاسَىْ أسࣸويَا,مِي يَجَامَسࣸ غࣸࢽْ سَيَيَّا  سࣸودَيَࢽْکَاسَيْ أَسࣸويَا,0.10714285714285714,0.5
Infiraji_3.pdf_page_15_line_010,بَاسَࢽِࢽْ ڧَبْلِي دَبَعدِي    سِي هَلِࢽْسَ إِࢽَاسَوَادِي,بَاسَࢽِࢽْ ڧَيْلِي دَبَعْدِي شِي هَلِࢽْسَ إِࢽَاسَوَادِي,0.10714285714285714,0.5
ELIT_WAN_00130_010r_line_001,ثم الکلام له وصڡ يفوم به ؞ کما يليڡ به التتى يه لستطل ال,ثم الکلام له وصڡ يفدم به ؞ کما يليڡ به التته يا لسطلل,0.10714285714285714,0.35714285714285715
Infiraji_11.pdf_page_13_line_007,کَيࢽْ طَبِيعَاࢽَاغَرٜىٰشِ    وَࢽْدَأَࢽْکَجِ سَيْکَ سࣸوشِ,کَيࢽْ طَبِيمَاࢽَاغَرٜىٰـشِ  وَࢽْدَأَࢽْ کَجِ سَيْکَ سࣸواشِ,0.10714285714285714,0.8
Knowledge_to_Follow_God_Gandal_Fii_Rewugol_Alla.pdf_page_10_line_007,طِطَ بࣽعࣽࢽْ أَلصَّلاَةࣸکࣽجࣸلدٜوَالثَّالِثَةࣸتَتَ بࣽعࣽࢽْ,طِطَ بࣽعࣽࢽْ ࡶلصَّلاَةࣸکࣽجࣸلْدٜوَالثَّالِتَةࣻتَتَ بࣽعࣽࢽْ,0.10714285714285714,0.25
Infiraji_10.pdf_page_1_line_004,دَࢽْ ڧَارَبࣸوطَ بَصِيرَا غَمَࢽْ إِتَاَإِࢽْ يَّغَࢽِي سَيْ,دَࢽْ ڧَارَبࣸوطَ بَصِيرَاغَمَىْ إِتَإࢽِ يَّغَࢽِي سَيْ,0.10714285714285714,0.42857142857142855
Infiraji_10.pdf_page_11_line_003,دَأَݣࣸيْ کࣸࢽَامَاسَيْ ڧَرِي ࢽَمࣸغࣸࢽْتَا    مَيْ طَࢽْ ڧَسَاوَامِجِي عَذَابَرْأَوْرٜيٰ,دَأَݣّࣸيْ کࣸࢽَامَامَيْ ڧَرِي ࢽَمْغَيْتَا  مَيْ طَࢽْ مࣸسَاوَامِجِي عَذَابَرْأَوْرٜيٰ,0.10714285714285714,0.5
The_Glorious_Majidu_Infiraji_1.pdf_page_10_line_006,أَغَبَاࢽَسَ ࢽَادَ شَمَکِيبَا,أَغَبَاࢽَسَ بَادَشَامَکِيبَا,0.10714285714285714,0.6666666666666666
Infiraji_3.pdf_page_14_line_009,بَأَڢِشِ أّدࣸودَرَوْسَيَابَا,بَأڢِيشِ أَدࣸودَرَوْسَيَابَا,0.10714285714285714,1.0
Infiraji_11.pdf_page_7_line_002,شِي مࣸتࣸم ࢽٜىٰ ذَلْوَڧَارِى    لَازِمِࢽْ إسْتِࢽْغِڢَارِى,شِي مࣸتࣸم ࢽٜىٰ ذَالْوَڧَارِي  لَازِمِࢽْ إِسْتِࢽْغِڢَارِي,0.10714285714285714,0.3333333333333333
Nana_Asmāʾu_The_Authentic_Path_Nana_Asmāʾu_Godaben_Gaskiya.pdf_page_4_line_001,دَيَرْدَرْحࣸکࣸمْثِي دࣸکْ ࢽْدَادِلِي دَمَيْمࣸويَا    کَڧَارَمࣸسࣸلْمِي دࣸکْ دَرَجَّا غَأحَمَدَا,دَيَرْدَرْحࣸکࣸمْثِي دࣸکْ ࢽَدَادِلِ دَمَيْمࣸ يَا  کَغَارَمࣸسࣸاْمِي دࣸکْ دَرَجَّاغَأَحْمَدَا,0.10752688172043011,0.75
The_Glorious_Majidu_Infiraji_1.pdf_page_6_line_014,ٰأَرْزِڧِࢽْسَ يَهَسْکَ  ڧِرْجِࢽْ   أَلࢽَّبِࢽْسَ أَبࣸوکَ بَࢽْ بِࢽْ,أَرْزِڧِࢽْسَ يَهَسْکَ ڧِرْجِࢽْ  اَلࢽَّبِࢽْسَ أَبࣸوکَ بَرْجِࢽْ,0.1076923076923077,0.5714285714285714
A_Person_with_a_Livelihood_Will_Never_Be_Destitute_Mai_Sanaa_Ba_Ya_Tsiya.pdf_page_3_line_016,دَيَاغَ کࣸطِࢽْکَ يَيْ کَمَرْذَايَڧࣸوَثٜي  شِيکࣸو بَيْدَ ڧࣸوڧرْيَيْ صَࢽَاعَ,دَيَاغَ کࣸطِࢽْکَ يَيْ کَمَرْذَايَڧࣸوَاثٜي   شِيکࣸوبَيْدَڧࣸوڧَرِࢽْ يَيْ صَࢽَاعَ,0.10810810810810811,0.5
A_Person_with_a_Livelihood_Will_Never_Be_Destitute_Mai_Sanaa_Ba_Ya_Tsiya.pdf_page_6_line_013,دَومِࢽْ عَࢽْسَࢽِى شَرِيڢَىْ ࢽَأللهْ    بَاسَايِࢽْ کࣸوَطَىْ سَبِيلِ دَطَاعَ,دࣸومِࢽْ عَࢽْسَࢽِي شَرِيڢَيْ ࢽَأللَّ  بَاسَايِࢽْ کࣸوَطَيْ سَبِيلِ دَطَاعَ,0.10810810810810811,0.625
Infiraji_11.pdf_page_2_line_002,وَعَلَىٰءَالِهِ وَصَحْبِهِ وَسَلَّمْ؞,وَعَلَىٰ ءَالِهِ وَصَحْبِهِ وَهَلَّمَ,0.10810810810810811,1.0
Nana_Asmāʾu_The_Absolute_Truth_1_Nana_Asmāʾu_Tabbat_Haqiqan_1.pdf_page_1_line_007,أحْمَدَا يَاڢِ کࣸووَ تَبَّتْ حَڧِيڧَا,أَحْمَدَايَاڢِ کࣸووَتَبَّتْ حَڧِيڧََا,0.10810810810810811,1.0
Infiraji_9.pdf_page_21_line_010,مَالَمْ يَثٜيٰ مَࢽَا شَيْخࣸ الزَّاࢽِي   دَشِي دَکَوْثَرْ ࢽِيسَࢽْ شٜيٰکَرَا,مَالَمْ يَࢽٜيٰ مَࢽَاشَْخࣸ الزَاࢽِي  دَشِي دَکَوْتَرَࢽِيسَࢽْ شٜيٰکَرَا,0.10810810810810811,0.6666666666666666
Infiraji_9.pdf_page_9_line_010,دَمَاسࣸوتَوْحِيدِدَمَحَرْدَتَا   سَامࣸࢽْسࣸو ذَايِِْيِّ وࣸيَاسَيْ ࢽَادِرََا,دَمَاسࣸوتَوْجِيدِ دَمَحَرْدَتَا  سَامࣸࢽْسࣸوذَيْيِّ وࣸيَاسَيْ ࢽَادِرَا,0.10810810810810811,0.8
Infiraji_11.pdf_page_9_line_012,دَࢽْ بَىْ تَبَٜ ڧَيالٜىٰ مَيْکِرَابَا,دَࢽْ بَيْ تَبَ ڧَيلٜيٰ مَيْکِرَابَا,0.10810810810810811,0.6
Nana_Asmāʾu_The_Absolute_Truth_1_Nana_Asmāʾu_Tabbat_Haqiqan_1.pdf_page_9_line_015,يَيِّ تࣸوبَا شِڟِيرَ تَبَّتْ حَڧِڧََا,بَيِّ تࣸوبَاشِطِيرَ تَبَّتْ حَڧِيڧََا,0.10810810810810811,0.8
A_Poem_on_Friends_and_Relations_Waƙar_Ƴan_Uwa.pdf_page_6_line_003,مَيْسࣸࢽْ حَڧِيڧَا دࣸويَتَࢽْبَيِ مَالَمِي  مَيْسࣸࢽْ وْدْاتَا کࣸويَتَيْمَکِ ࢳࢽْ عࣸوَا,مَيْسࣸࢽْ حَڧِيڧَادࣸويَتَࢽْࢽْيَرِ مَالَمِ مَيْسࣸࢽْ وَدَاتَا کࣸويَتَيْمَکِ ࢳࢽْ عࣸوَا,0.10843373493975904,0.4444444444444444
A_Poem_on_Friends_and_Relations_Waƙar_Ƴan_Uwa.pdf_page_1_line_011,وَدَدࣸو مࣸتࣸࢽْ شِکٜي کَرْکَيࣸو مَسَ حَسَدَ  إࢽْکَاغَيَا سَامࣸو يَمࣸرْࢽَا طَࢽْ عࣸوَا,وَدَدࣸومࣸتࣸࢽْ شِکٜي کَࢽْ کَيࣸومَسَ حَدَ إࢽْکَاغَيَاسَامࣸو يَمࣸرْࢽَاطَࢽْ عࣸوَا,0.10843373493975904,0.8181818181818182
ELIT_ESS_04893_001r_line_013,وࣸنداکࣸ دࣸنياعَنْدِرَادࣸ عٜجࣸيْدٜعٜࢽْ لاَمِيبٜ مَيْرࣸدࣸهَارْنَطࣸمْ ڢَاطࣸبٜدࣸلْتَتَا,وࣸندَاکࣸ دࣸنْيَاعَنْدِرَادࣸ جٜجࣸيْدٜعٜࢽْ لاَمِيبٜ مَيْرࣸدࣸهَارْنَطࣸمْ عَࣸبࣸدلْتَتَا,0.10843373493975904,0.6666666666666666
Nana_Asmāʾu_The_Authentic_Path_Nana_Asmāʾu_Godaben_Gaskiya.pdf_page_9_line_002,وَطَࢽدَکَسَوْرَارَمَ غࣸوغىٰ ࢽَدࣸوࢽِيا    بَسࣸࢽْ سَامِ سࣸوْرَارِࢽْس ثَاࢽَ دَِحْمَدَا,وَطَࢽْدَکَسَوْرَارَامَ غࣸوغٜيٰ ࢽَدࣸوࢽِيَا   بَسࣸࢽْ سَامِ سࣸورَارِࢽْسَ ثَاࢽَ دَاحْمَدَا,0.10843373493975904,0.625
A_Poem_on_the_British_Waƙar_Nasara.pdf_page_3_line_007,اکي وس باياغاش اغرٜيس    بکࢽ حال س ياڢ ࢽاࢽصارا,اکي وس باياغاشي اغرس  بکࢽ حال س ياڢ ࢽاࢽصارا,0.10869565217391304,0.2222222222222222
MAF_286.pdf_page_19_line_001,أَࢽَالࣸلّࣸبِي ࢽَوࣸتَاأَثَٰࢽ غࣸوبٜيٰ الاخِرَا ؞  غَوَرْتَکٜي ڧِࢽْ يِࢽْسَ دࣸࢽْ ڧِࢽْ مࣸحَمَّدَا,أَࢽَاللَّبِي ࢽَوتَاأَثَࢽْ غࣸوبٜي الاخِرَا ؞  غَوَرْ دَتَکٜي ڧِࢽْ يِࢽْسَ دࣸࢽْ غِࢽْ مࣸحَمَّدَا,0.10869565217391304,0.5454545454545454
A_Poem_in_Honor_of_the_Emir_of_Kano_Waƙar_Sarkin_Kano.pdf_page_1_line_009,برࢽي تࢽاغورࢽتک تڢردکي  الله يکيک غدࢽک دومࢽ مکا,باࢽي تࢽا غورتک تڢردکى الله يکيک غدࢽک دومࢽ مکا,0.10869565217391304,0.5
Infiraji_8.pdf_page_7_line_014,شِي عِبَادَا ڢيْ دَݒࣸويٜيٰ   شِي هَوَاࢽَاࢽَࢽْ کࣸجَايٜيٰ,شِي عِبَادَاڢَيْ دَبࣸويٜيٰ شِي حَوَاࢽَاࢽَࢽْ کࣸجَايٜيٰ,0.10909090909090909,0.5714285714285714
Infiraji_4.pdf_page_40_line_002,يَدَّمَالَمْ يَىْ إِبَارَا    وَىَ أبِࢽْدَکَسَاحَسَارَا,يَدَّمَالَمْ يَيْ إِبَارَا  وَيْ أَبِࢽْدَکَسَاحَسَارَا,0.10909090909090909,0.6
Infiraji_7.pdf_page_11_line_004,سَࢽْ وࣸثٜىٰ سَىْ أمْبَتࣸࢽْسࣸ سَىْ تࣸࢽَاࢽِࢽْ أرْزِکِࢽْسࣸ,سَࢽْ وࣸثٜيٰ سَىْ أَمْبَتࣸࢽْسࣸ  سَيْ تࣸࢽَاࢽِࢽ أَرْزِکِࢽْسࣸ,0.10909090909090909,0.7142857142857143
ELIT_WAN_00130_017v_line_009,مࢽ نطڢت يعلم الانسٰࢽ مبداه ؞ وجيلة ءاخر ا والبطࢽ منه مل,مࢽ نطڢت يعلم الانسࢽ مبدا ؞ وجيلة ءاخراوالبطرمنه مل,0.10909090909090909,0.5
Knowledge_to_Follow_God_Gandal_Fii_Rewugol_Alla.pdf_page_4_line_006,وَاخْتِيَارࣸعٜسࣸبࣸدٜࡶَلْبࣸفعَةِدِنفِّرَرْوَالتَّوَجّࣸهࣸ,وَاخْتِيَارࣸعٜسࣸبࣸدٜࡶلْبࣸفْعَةِدِنِفِرَلوَالتَّوَجّࣸهࣸ,0.10909090909090909,1.0
Infiraji_8.pdf_page_22_line_010,مࣸࢽْجِِ سَىْ اَللهْ تَعَالى  ࢽَࢽْ يَثٜىٰ يَاجِبرَءِيْلَ,مࣸࢽْجِ سَىْ اَللَّهْ تَعَالَى  ࢽَࢽْ يَثٜىٰ يَاجِبْرَءِيلَ,0.10909090909090909,0.5714285714285714
Warning_Gargaɗi_Infiraji_2.pdf_page_15_line_001,بَاأَࢽٜيٰسَبَ غَامَڧٜيرَا    بَابࣸ کࣸواوَا بَࢽْدَکَورَا,بَاأَࢽٜيٰسَبَ غَامَڧٜي رَابَابࣸ کࣸواوَابَࢽْدَکَورَا,0.10909090909090909,0.8
Infiraji_4.pdf_page_10_line_011,مࣸومَࢽَيْ سࣸࢽْ مِيڧَ تَڢْکِ    کَوْثَرَأَڢَرِࢽ تَڢَرْکِ,مࣸومِࢽَيْ سࣸࢽْ مِيڧَ تَڢْکِ  کَوْثَرَاڢَرِࢽْ تَڢَرْکِ,0.10909090909090909,0.3333333333333333
Infiraji_12.pdf_page_19_line_014,کࣸوْدَشَاعࣸکࣸ إࢽْکَغَاࢽٜىٰ   وَࢽْدَيَاجَادࣸࢽْ أࣸوَاࢽٜىٰ,کࣸوْادَشَاعࣸکࣸ إِࢽْ کَغَاࢽٜيٰ  وَࢽْدَيَاجَادࣸࢽْ أࣸوَاࢽٜيٰ,0.10909090909090909,1.0
Knowledge_to_Follow_God_Gandal_Fii_Rewugol_Alla.pdf_page_7_line_016,عࣽمّࣽ عِتَّتَا جَکَّ ڢِح مَالِهِ>عٜجَوْدِمࣸوطࣸࢽْ وَفَال,عࣽمّࣸ عِتَّتَاجَکّࣽ ڢِى مَالِهِ>عٜجَوْدِمࣸوطࣸرْ وَفَالَ,0.10909090909090909,0.75
Infiraji_8.pdf_page_22_line_001,دࣸکْ أبِࢽَّࢽْ بَاشِ ڧَارٜىٰ    بَابࣸ رَاࢽَابَادَرَارٜىٰ,دࣸکْ أَبِࢽَّࢽْ بَاشِ ڧَارٜيٰ بَابࣸ رَاࢽَابَادَرَارٜيٰ,0.10909090909090909,0.5
Infiraji_3.pdf_page_8_line_004,شِمْڢِطَاتَسَ کࣸودَمࣸوࢽِ    بَيْتَ إِࢽْدَيَسَࢽْ سࣸکࣸورِ,شِمڢِکَاتَسَ کࣸودَمࣸوࢽِ  بَيْتَ إࢽْدَيَسَࢽْ سࣸکࣸوࢽِ,0.10909090909090909,0.6
Infiraji_12.pdf_page_2_line_009,مَىْ بِطَرْکَتَرِي غکࣸواْمَى   إࢽْ يَࢽَاڢَاتَايَسَامَىْ,مَيىْ بِطَرْکَتَرِي غَکࣸواْمَىْ إِࢽْ يَࢽَاڢَاتَايَسَامَيْ,0.10909090909090909,0.8
Infiraji_5.pdf_page_3_line_010,بَاعَ طَوْکَاࢽَيْ دَعَيْبِ    رَࢽْ کَرَࢽْتَاوَرْ کتَابِ,بَاعَ طَوْکَاࢽَىْ دَعَيْبِ  رَࢽْ کَرَࢽْࢽَاوَرْکِتَابِ,0.10909090909090909,0.5
ELIT_WAN_00130_009r_line_002,ڢذفدرالخلڡ والارزاڡ ناازل بل کل شى ي لعم بيديه ڢى الاجل,ڢذفدرالخلڡ والارزاڡ ناازل بل کل شيىءلعم بيد يه ڢى الاحل,0.10909090909090909,0.45454545454545453
Knowledge_to_Follow_God_Gandal_Fii_Rewugol_Alla.pdf_page_8_line_016,عٜمࣽجِّ عَآدٜࢽْ کَمَايَجْر>ࡶَلنَّارࣸوَنࣽيِيتٜ جَامِرْتَ,عٜمࣽجِّ عَادٜࢽْ کَمَايَجْرِ> ࡻلنَّارࣸوَنࣽييتٜ جَامِزْتَ,0.10909090909090909,0.6666666666666666
Infiraji_11.pdf_page_10_line_004,يَامَڢِيڢِيثِࢽْ ڢِيَيّࣸو    يَامَڢِي رَيْࢽࣸوࢽْ مَرَايࣸو,يَامَعِيڢِيشِࢽْ ڢِيَيࣸو  يَامَڢِي رَيْࢽَوࢽْ مَرَايࣸو,0.10909090909090909,0.6
Infiraji_8.pdf_page_30_line_008,دࣸࢽْ سࣸکَࢽْجِ کِرَورِࢽْمࣸ  سَيْ سࣸثٜيٰ بَࢽ غَسْکِيَرْمࣸ,دࣸࢽْ سࣸکَࢽْجِ کِرَاوࣸرِࢽْمࣸ    سَيْ سࣸثٜىٰ بَࢽْ غَسْکِيَرْمࣸ,0.10909090909090909,0.42857142857142855
Infiraji_7.pdf_page_8_line_010,تَمْبَرِࢽْتَ غَرٜيٰمࣸ کࣸوکاَ إِࢽْدَرَاࢽِبَاإِࢽْدَکَاکَا,تَمْبَرِࢽْتَغَرٜيٰمࣸ کࣸوکَا إِࢽْدَرَاࢽِيإِࢽْدَکَاکَا,0.10909090909090909,1.0
Warning_Gargaɗi_Infiraji_2.pdf_page_14_line_005,سࣸࢽْڢِ جِࢽْ مغَࢽَرْشَرَار   مَيْ ڢَطَامَسࣸ ذَاسࣸ ڧَبْرِ,سࣸࢽْڢِ جِࢽْ مَغَتَرْشَرَ  مَيْ ڢَطَامَسࣸ ذَاسَ ڧَبْرِ,0.10909090909090909,0.2857142857142857
Infiraji_7.pdf_page_11_line_010,ࣸواْدَدَىْ لَيْڢِى تࣸدࣸوࢽٜىٰ ࢽَاکَ وَࢽْدَکَتَتَّرَاࢽٜىٰ,کࣸواْدَدَيْ لَيْڢِي تࣸدࣸوࢽٜيٰ  ࢽَاکَ وَࢽْدَکَتَتَرَاࢽٜىٰ,0.10909090909090909,0.8
Infiraji_4.pdf_page_42_line_014,ذَيْکِرَاسࣸ أمَاسࣸ غَابَا     ࢽٜى دَاَلله مَاسࣸ ذَمْبَا,ذَيْکِرَاسࣸ أَمَاسࣸ غَابَا   ࢽٜىٰ دَاللّه مَاسࣸ ذَمْبَا,0.10909090909090909,0.42857142857142855
A_Poem_on_the_British_Waƙar_Nasara.pdf_page_1_line_008,إدࢽ مࢽسام أيکو مࢽکتاش   ميادو رࢽغ ککيم مديࢽ ࢽٜس غاࢽصارا,إدࢽ مࢽسام ايکو مࢽکتاࢽش   ميادورغ ککيه مديࢽ ࢽس غاࢽصارا,0.10909090909090909,0.6
Infiraji_3.pdf_page_8_line_002,هَرْکَرَاتࣸومَاوَڧِيلاَ   أَي شِکَࢽْ ڢࣸسْکَࢽْثِ ڧِبْلاَ,هَرْکَرَاتࣸومَاوَڧِيدَا  أَيْ شِکَࢽْ ڢࣸسْکَࢽْثِ ڧِبْاَا,0.10909090909090909,0.6
Infiraji_8.pdf_page_19_line_013,يٜيْ جَهَࢽَّمَ کࣸواْأَڢَارِ أَيْ کِرَاسࣸتَڢࣸوا دَسَوْرِ,يَࢽْ جَهَࢽَّمَ کࣸواْأَڢَارِ  أَيْ کِرَاسَڢࣸواْدَسَوْرِ,0.10909090909090909,0.5
ELIT_WAN_00130_008v_line_005,اذالکمال لذي الجلال خالفنا ؞ متى ه عࢽ مڢات الشبه والمثل,اذالکال لذ> الحجلال خالفنا ؞ مته عࢽ مڢات الشب والمثل,0.10909090909090909,0.6363636363636364
Infiraji_8.pdf_page_23_line_011,ࢽٜىٰ يثٜىٰ إࢽْذࣸواْࢽَدࣸوبِ   يَاذَمَࢽْسࣸ ثِکِࢽْ عَذَابَ,ࢽٰٜ يَثٜيٰ إِࢽْذࣸواْࢽَدࣸوبِ  يَاذَمَࢽْسࣸ ثِکِࢽْ عَذَابِ,0.10909090909090909,0.6666666666666666
The_Glorious_Majidu_Infiraji_1.pdf_page_12_line_008,کࣸوْادَزࣸوثِ ثِکِࢽْ مَزَاجى   کَيْدَ تَاکَلمِࢽْکَ کَابى,کࣸواْدَزࣸوثِ ثِکِࢽْ مَزَاجى  کَيْدَࢽَاکَلمِࢽْکَ کَابي,0.10909090909090909,0.6666666666666666
Infiraji_5.pdf_page_13_line_001,سَيْ سࣸرَرَّبَ ࢳَاࢳَࢽِࢽْسࣸ   دࣸکْ سࣸبَاتَ ذَمَاࢽِيَرْسࣸ,سَيْ سࣸرَررَّبَ بَاࢳَࢽِسࣸ دࣸکْ سࣸبَاتَ ذَمَاࢽِيَرْسࣸ,0.10909090909090909,0.3333333333333333
Infiraji_12.pdf_page_8_line_011,بَاتَ ڧَارَغَࢽِࢽْ عَلَامَ    رَايࣸوَاسَيْ إࢽْ بَشِيْمَا,بَاتَ ڢَارَغَࢽِࢽْ عَلَامَا  رَايࣸوَاسَىْ إِࢽْ بَشِيمَا,0.10909090909090909,0.8333333333333334
Infiraji_10.pdf_page_5_line_015,أݣࣸويْ ݒَرْࢽَاࢽَاࢽَࢽْ غَمَذاجٜيٰ  ذَامࣸڢَطَامࣸسࣸ دَࢽْ سࣸرَغٜاتَا,أَݣࣸويْ تَرْࢽَاࢽَاࢽَࢽْ غَمَذَاجٜي  ذَامࣸڢَطَامَسࣸ دَࢽْ سࣸر غَاتَا,0.109375,1.0
Infiraji_3.pdf_page_16_line_013,کࣸواْ کَمَرْ مࣸتࣸوَࢽْ أࣸوَاࢽٜيٰ   سَيْ تَهَࢽَڧࣸرَکࣸوْا أࣸبَاࢽٜيٰ,کࣸواکَمَرْمࣸتࣸوَࢽْ أࣸوَاࢽٜيٰ سَيْ تَهَࢽْڧࣸرَکࣸوْاْأࣸبَاࢽٜيٰ,0.109375,0.7142857142857143
Infiraji_4.pdf_page_35_line_003,أَيْذࣸوَا وَࢽَّࢽْ مَيْ إِسَاࢽٜيٰ    مَيْڢَ رَاذَࢽَ حَࢽْکَلِيࢽٜيٰ,أَيْ ذࣸوَࢽَّࢽْ مَيْ إِسَاࢽٜيٰ  مَيْڢَ رَاذَࢽَ حَࢽْکَلِيࢽٜيٰ,0.109375,0.2857142857142857
A_Person_with_a_Livelihood_Will_Never_Be_Destitute_Mai_Sanaa_Ba_Ya_Tsiya.pdf_page_6_line_002,سَرکِى ࢽَاغَ يَاىِ دࣸوکَاتَکِرْکِى    دَيَثٜىٰ کَرْعَبَرْمَرَرْسَاصَࢽَاعَ,سَرْکِي ࢽَاغَ يَايِ دࣸوکَاتَکِرْکِي   دَيَثٜي کَرْعَبَرْ مَرَرْسَاصَࢽَاعَ,0.1095890410958904,1.0
Nana_Asmāʾu_Admonition_Nana_Asmāʾu_Waazi.pdf_page_2_line_004,ذَࢽْکَ سَدَکَ دَࢽَاڢِلاَ کَيْ صَلاَةِ    بسَِ ڢيَيّٜࢽْمࣸ سِيدِي شِيإمَامِ,ذَࢽْکَ سَدَکَ دَࢽَاڢِلا کَيْ صَلاَةِ  بِسَ ڢِيَيِّࢽْمࣸ سِيدِي شِيامَامِ,0.1095890410958904,0.4444444444444444
A_Person_with_a_Livelihood_Will_Never_Be_Destitute_Mai_Sanaa_Ba_Ya_Tsiya.pdf_page_7_line_014,اءࣸبَࢽْ صَڢِيَادَعَابࣸ ࢽٜيٰي أَمِيࢽࣸ  بَابَࢽْ مَيْمࣸࢽَا مَوَاڧِࢽْ صَࢽَاعَ,اَبَࢽْ صَڢِيَادَعَابࣸ ࢽٜي ࢽِي أَمِيࢽࣸ    بَابَࢽْ مَيْمࣸࢽَامَوَاڧِࢽْ صَࢽَاعَ,0.1095890410958904,0.625
Infiraji_9.pdf_page_22_line_013,يَࢽْڧودَغࣸواْڢَاکࣸبَرْسَࢽْذࣸوثِيَا   کࣸطِࢽْ أَبِࢽْثِي ثِکِࢽْ لَادَا يکٜيٰ,يَࢽْڧَادَغࣸواڢَاکࣸبَرْسمَࢽْذࣸوثِيَا  کࣸطِࢽْ أَبِࢽْثِي ثِکِࢽْ لَّادَايَکٜيٰ,0.1095890410958904,0.5
MAF_286.pdf_page_12_line_017,رࣸبࣸوتࣸودَشَيْدࣸو کࣸمَ غَبَاشِ دَزَاکَيࣸوا ؞   تَڢَرْکِي ࢽٜيٰ ࢽَسࣸࢽَّرْ مࣸحَمَّدَا,دࣸبࣸوثࣸو دَشَيْدࣸوکࣸمَ غَبَاشِ دَزَاکٜيࣸوا ؞  تَڢَرࢽي ࢽٜيٰ ࢽَسࣸࢽَّرْ مࣸحَمَّدَا,0.10975609756097561,0.4444444444444444
Nana_Asmāʾu_The_Authentic_Path_Nana_Asmāʾu_Godaben_Gaskiya.pdf_page_9_line_007,ڢَدࣸومِࢽْ دَرَجَّرْ الشَيْخࣸ عࣸثمَاࢽࣸ ڢࣸودࣸيٜ   دَيَسَّامِ ڟَاࢽِي ࢽَࢽْ غَرٜيٰسࣸ دَاَحْمَدَا,ڢَدࣸومِࢽْ دَرَجَّلَشَيْخࣸعࣸ ثْمَاࢽࣸ ڢࣸودࣸي   دَيَسَّامِ ڟَاࢽِي ࢽَࢽْ غَرٜيسࣸ دَاَحْمَدَا,0.10989010989010989,0.5
Infiraji_12.pdf_page_1_line_002,غَرْغَطِي,غَرْغَطِ,0.1111111111111111,1.0
Nana_Asmāʾu_The_Authentic_Path_Nana_Asmāʾu_Godaben_Gaskiya.pdf_page_10_line_011,والصلاوالسلامࣸ على,والصلاةوالسلام على,0.1111111111111111,0.5
Infiraji_11.pdf_page_9_line_004,مَادࣸغࣸࢽْ مَکَهْ دَاکَثٜىٰࢽِ   ذَاࢽِ کٜىٰوَاتَاإشٜىٰࢽِ,مَادࣸࣸࢽْ مَکَه دَاکَثٜيٰࢽِ  ذَاࢽِ کٜىٰوَاتَاإِمٜىٰࢽِ,0.1111111111111111,0.8
A_Poem_on_Friends_and_Relations_Waƙar_Ƴan_Uwa.pdf_page_4_line_003,يَاطَࢽْ عࣸوَا ࢽَا إࢽْدَ حَالِࢽْ تَيْکࣸو دَغِدَ دَغࣸوࢽَا دࣸوکَتَيْمَکَ طَࢽْ عࣸوَاا,يَاطَࢽْ عࣸوَاࢽَا إࢽْدَ حَالِࢽْ تَيْمَکࣸو   دَغِدَادَغࣸوࢽَادࣸوکَتَيْمَکِ طَࢽْ عࣸوَا,0.1111111111111111,0.6363636363636364
The_Glorious_Majidu_Infiraji_1.pdf_page_11_line_009,کࣸومَى کَڢِطَابَعَامࣸسَابَا,کࣸومَيْ کَڢَطَابَعَامࣸسَابَا,0.1111111111111111,1.0
Infiraji_3.pdf_page_9_line_013,بَلّٜيٰ ڢَ بَڧِي دَسَاڧِ   کࣸوْا ࢽَجَسْتَثّٜيٰ غَحَڧِّ,بَلّٜىٰ ڢَ بَڧِي دَسَاڧِ کࣸواࢽَجَسْتَثّٜىٰ غَحَڧِّ,0.1111111111111111,0.42857142857142855
MAF_286.pdf_page_10_line_018,کَرَامࣸوا,کَوَامࣸوا,0.1111111111111111,1.0
MAF_286.pdf_page_14_line_017,کࣸطَوْکِ حَࢽْڧࣸرِي دّࢽْڧِ دَڟَࢽَࢽِي إِذَرَيَذࣸوا؞   شِيمَاحَدِيشِ ࢽٜيٰ يَࢽࣸوࢽَ غَأَحْمَدَا,کࣸطَوْکِ حَࢽْڧَرِي دَࢽْغِي دَطَࢽَࢽِي إِذَرَيَذوا شِيمَا حَدِيشِ ࢽٜيٰ يَࢽࣸوࢽَ غَأَحْمَدَا,0.1111111111111111,0.6666666666666666
Infiraji_11.pdf_page_14_line_010,يَاإلَهَ الْعَالَمِيࢽَ    تَيْمَکٜىٰمࣸ مࣸجٜىٰ مَدِيࢽَا,يَاإِلهَ الْعَالَمِيࢽَ  ࢽَيْمَکٜىٰمࣸ مࣸجٜى مَدِيࢽَا,0.1111111111111111,0.6
Infiraji_4.pdf_page_2_line_006,الکِتَابࣸ الْحَاجِ,الْکِتَابࣸ اَلْحَاجِ,0.1111111111111111,1.0
Infiraji_5.pdf_page_3_line_007,تَوْسّيِࢽْسࣸ إِدَࢽْ کَتَاکٜيٰ    کَارِڧٜيٰ هَکَ سَيْکَ وَرْکٜيٰ,تَوْسَبِࢽْسࣸ إدَࢽْ کَتَاکٜيٰ کَارِڧٜيٰ مَکَ سَيْکَ وَرْکٜيٰ,0.1111111111111111,0.42857142857142855
ELIT_WAN_00130_013v_line_009,ش وطها جمعة ڢى الکتب فدبسطت ؞ مࢽ نا لهاکلما حفا لهاينل,شى وطهاجعة ڢى الکتب فدبسطت ؞ مࢽ نالهاکلماحفالهاينل,0.1111111111111111,0.5833333333333334
The_Harlots_Song_Waƙar_Karuwa.pdf_page_1_line_011,وَتَࢽْ وَتَارَࢽْ زَاشِکࣸومَ بَرَࢽْةَ,وتَيْ أَتَارَاࢽْ زَاشِکࣸومَ بَرَࢽْةَ,0.1111111111111111,0.5
Infiraji_12.pdf_page_14_line_002,سَىْ کَرَࢽْ بِکِ شِى کَڧَارَا     سَيْڢَ جَࢽْ بَلْبَلْ دَڟَارَا,سَيْ کَرَࢽْ بِکِ شِي کَڧَارَا  سَيْڢَ جَࢽْ بَلَبَاْ دَڟَارَا,0.1111111111111111,0.3333333333333333
Infiraji_7.pdf_page_11_line_014,دَࢽْ بَثٜىٰوَرْهَࢽکَلِࢽْکࣸ بِى بِيَࢽْ سࣸࢽْ ذࣸوثِيَرْکࣸ,دَࢽْ يَثٜيٰوَرْهَࢽْکَلِࢽْکࣸ بِي بِيَرْسࣸࢽْ ذࣸوثِيَرْکࣸ,0.1111111111111111,0.6666666666666666
Infiraji_11.pdf_page_12_line_004,سَيْدَکَىْ تَحِيَاغَأللهْ   أࢽْکَثٜىٰ لَالٜى ڢِتِلَّهْ,سَيْدَکَىْ تَحِيَاغَألهْ  أَࢽْکَثٜى مَالى ڢِتِلَّهْ,0.1111111111111111,0.6
Infiraji_9.pdf_page_9_line_009,مَبࣸغَاحِسَابِي دَمَاسࣸواْ ڢَرَاءضِ   أَتَاشِي ࢽٜيٰمَاأَي تَڢِيَرْ وࣸࢽِي,مَبࣸغَاحِسَابِي دَمَاسࣸواْڢَرَابِضْ  أَࢽَاشِي ࢽٜيٰمَاأَيْ تَڢِيَرْوࣸࢽِي,0.1111111111111111,0.8571428571428571
The_Glorious_Majidu_Infiraji_1.pdf_page_11_line_012,بَاذَيْثِ تࣸوࣸࢽْسَ مِيَابَا,بَاذَيْثِ تࣸوࣸࢽْسَ بَامِيَابَا,0.1111111111111111,0.3333333333333333
ELIT_WAN_00130_006r_line_010,فالواوالاسکاࢽ ايضاڢيه الحفه ؞ بجاين حادث والبسط ڢيه جل,فالواوالا سکاࢽ ايضاجيه الحفه ؞ جابنحادث والبسط ڢيد جل,0.1111111111111111,0.6666666666666666
MAF_286.pdf_page_20_line_011,بحمدالله وبڧدرته وبالارَادَته وحسࢽ عوࢽه ءاميࢽ,بحمدالله وبغدرته وباا رادته وحسࢽ عوࢽه ءاميࢽ,0.1111111111111111,0.5
Infiraji_12.pdf_page_20_line_001,شَيْخࣸࢽَامَالَمْ أَمِيْرࣸ    شِڢَ دَىْ يَاکَامَ حَࢽّࣸو,شَيْخࣸࢽَامَالَمْ أَمِيࢽࣸ  شِيڢَ دَيْ يَاکَامَ حَࢽّࣸو,0.1111111111111111,0.5
Infiraji_5.pdf_page_20_line_005,مَىْ بِيَࢽْ أَرْࢽٜىٰ يَسࣸوْاْشِي    لَاخِرَاغَمٜىٰ ذَاسࣸ تَاشِي,مَيْ بِيَرْأَرْࢽٜيٰ يَسࣸوْاْشِي  لَاخِرَاغَمٜيٰ ذَاسࣸ تَاشِي,0.1111111111111111,0.5714285714285714
MAF_286.pdf_page_8_line_005,أَيْکِي ࢽَمَهْدِ کَمْࢽَ ڢَأَيْکِو ࢽَأَࢽَّبِ ؞ ڢَرَِّࢽْ دَسࣸࢽَّ کࣸࢽْجِ اءࣸمَ اَلْمࣸحَمَّدَا,أَيْکِي ࢽَمَهْدِ کَمْࢽْ ڢَأَيْکِي ࢽَأَࢽَّبِ ؞  ڢَرِّّࢽَ دَسࣸࢽَّ کࣸࢽْجِ أࣸمَّ الْمࣸحَمَّدَا,0.1111111111111111,0.45454545454545453
The_Harlots_Song_Waƙar_Karuwa.pdf_page_1_line_013,سَيْ دَيْ تْکَيْکَ ثِکِࢽْ حَطَرِي أمَيْشٜکَ وَاوَا کَࢽْ غَرَرِي,سَيْ دَيْ تَکَيْکَ ثِکِࢽْ حَطَرِي  أَمَيْ شٜيکَ وَاوَاکَيْ غَرَرِي,0.1111111111111111,0.4444444444444444
ELIT_ESS_04893_001r_line_018,وࣸنداکࣸ دنياحࣸومْتَتَاࢽࣸ دٜمَجِّࢽَ ڢَغيمٜ جَوْلِ دٜتِنْدِبٜيࢽْ سٜمْتَتَا,وࣸنداک دناحࣸومْتَتَانࣸ دٜمَجّٜ ڢَغيمٜ جَرْلِ دٜتِنْدِبِيࢽْ سٜمْتَتَا,0.1111111111111111,0.7142857142857143
Knowledge_to_Follow_God_Gandal_Fii_Rewugol_Alla.pdf_page_4_line_011,عٜسࣸجࣸودࣸوَالرَّفْعࣸ عٜبَنْتࣸدٜمِنْهࣸ عٜمَکّࣽ,عٜسࣽجࣸودࣸوَالرَّڢَعࣸ عٜبَنْتࣸدٜمِنْهࣸ عٜمَکَِّ,0.1111111111111111,0.6666666666666666
Infiraji_7.pdf_page_1_line_006,ࢽَمَࢽْغِ زَارِيَ ؞,ࢽَمَࢽْغِ زَارِيَ,0.1111111111111111,0.3333333333333333
The_Glorious_Majidu_Infiraji_1.pdf_page_11_line_005,يَࢽْ ڧَࢽَا ࢽَاهَرْسࣸشِرْيࣸو  رࣸࢽْڧࣸمَىمࣸ کَثى عَلِيْمࣸ,يَࢽْ ڧَࢽَاࢽَاهَرْسࣸشِرْيࣸو رࣸࢽْڧࣸمىمࣸ کَثى عَلِيّࣸو,0.1111111111111111,0.6666666666666666
MAF_286.pdf_page_12_line_015,کࣸمَيْدَأَمَاࢽَ يَࢽْدَ کࣸبَاکࣸ ڢَ کࣸࢽْجِيَا ؞  کࣸبَرْسࣸࢽْ کࣸيِوࣸݒَرْࢽَا حَدِيشِ مࣸحَمَّدَا,کࣸمَيْدَاأَمَاࢽَ بَࢽْدَکَبَاکࣸ ڢَکࣸࢽْجِيَا ؞   کࣸبࣸرْسࣸࢽ کࣸيِوࣸبَرْࢽَاحَدِيشِ مࣸحَمَّدَا,0.1111111111111111,0.8
Infiraji_10.pdf_page_6_line_004,دࣸکَ ࢽَمَجِࢽْ دِيطَوْݣوٰࢽَࢽْ وࣸتَا   إِࢽْ يَّحَࢽَامَتَ دَيْ بَيْ سࣸࢽَتَا,دࣸکْ ࢽَمجِࢽْ دِيطَوْکࣸوࢽَࢽْ وࣸتَا  إِࢽْ يَّحَࢽَامِتَ دَيْ بَيْ سࣸࢽْتَا,0.1111111111111111,0.5555555555555556
Infiraji_6.pdf_page_1_line_007,ࢽَمَࢽْغِ زَارِيَ ؞,ࢽَمَࢽْغِ زَارِيَ,0.1111111111111111,0.3333333333333333
Infiraji_10.pdf_page_9_line_004,دࣸکْ مَڧِيَࢽْ مّࣸواْأَذَامࣸواْأَکَࢽْسࣸ  دࣸکْ شَرِّࢽْ دَسࣸکَيْ دَمَغࣸࢽتَا,دࣸکْ مَڧِيَࢽْ مࣸوْاْأَذَامࣸوْاأَکَࢽْسࣸ  دࣸکْ شَرِࢽِْ دَسࣸکَيْ دَمࣸغࣸࢽْتَا,0.1111111111111111,0.42857142857142855
Infiraji_8.pdf_page_21_line_014,ذَاعَ کَىْ وࣸتَ دࣸکْ سࣸتࣸويࣸو    مَىْ حَطَرْمَتَ ذَاسࣸ سࣸوْايࣸو,ذَاعَ کَيْ وࣸتَ دࣸکْ سࣸتࣸويࣸو مَيْ حَطَرْمَتَ ذَاسࣸ سࣸواْيࣸو,0.1111111111111111,0.3333333333333333
A_Person_with_a_Livelihood_Will_Never_Be_Destitute_Mai_Sanaa_Ba_Ya_Tsiya.pdf_page_6_line_009,کَغَ ڢَاتࣸووَجٜىٰ وَجٜىٰ ࢽَاتَيَاوࣸو    وَيْشِى غَاشَرࣸوڢَابَايَاسَࢽَاعَ,کَغَ ڧَاتࣸووَجٜي وَجٜيٰ ࢽَاتَيَاوࣸ  وَيْشِي غَاشَرࣸوڢَابَايَاسَࢽَاعَ,0.1111111111111111,0.6666666666666666
ELIT_WAN_00130_012r_line_010,ذواالمعجز ات وبالفرءاࢽ کاࢽ له ؞ منا تحديد نصاغير محتمل,ذواالعجرزات وبالفرءاࢽ کاࢽ له ؞ ننا تحدي نصاغير محتل,0.1111111111111111,0.5
Nana_Asmāʾu_Admonition_Nana_Asmāʾu_Waazi.pdf_page_1_line_008,بَادَکࣸو غَسْکِيَرْ مࣸحَمَّࢽْ مَأيْکِي   دࣸوࢽْ کَذَمْ مࣸࢽِي کَذَمْ کࣸو سَلِيمِمِ,بَادَکࣸوغَسْکِيَرْ مࣸحَمَّࢽْ مَأَيْکِي  دࣸوࢽْ کَذَمْ مࣸومِࢽِي کَذَمْ کࣸوسَلِيمِ,0.1125,0.6
Celebrating_Cerno_Aliiyu_Ɓuuɓa_Ndiyaŋ_Waccugol_Cerno_Aliiyu_Ɓuuɓa_Ndiyaŋ.pdf_page_3_line_003,يَٰأَل مࣽڢْتِدࣸ مٜࢽْ عجٜرْࢽࣽ تࣸمڢترواْلٜىْ مافٜوَلْ تࣸوْنَاطࣽ دَرْجَ مࣽلٜسْطَتَا,يَال مࣽڢْتِدࣸ مٜࢽْ عجٜرْࢽْ تࣽمڢتروالىْ مَافٜوَلْ تࣸوْنَاطࣸ دَرْجَ مࣽلٜسْطَتَا,0.1125,0.5555555555555556
The_Harlots_Song_Waƙar_Karuwa.pdf_page_3_line_011,حَسْکٜࢽْةَ بَا أرْزࣸڧِي سَيْ حَسَرَا  سَࢽْيِي أغٜࢽْدِࢽَةَ يَڢِي کࣸوَرَا,حَسْکٜࢽْة بَاأَرزِڧِي سَيْ حَسَرَا  سَࢽْيِي أَغِࢽْدِ ࢽَةَ يَڢِي کࣸوَرَا,0.11267605633802817,0.5555555555555556
Infiraji_9.pdf_page_20_line_001,سࣸࢽَادَعَيْبِي إࢽْ بَسࣸتࣸوبَبَا     إࢽْ عَࢽْ سَکَاسࣸووࣸتَابَامَىْ ڢِتَا,سࣸࢽَادَعَيْيِ إِࢽْ بَسࣸتࣸوبَبَا  إِࢽْ عَࢽْ سَکَاسࣸووࣸتَابَامَيْ ڢِتَا,0.11267605633802817,0.5714285714285714
Infiraji_9.pdf_page_3_line_013,مَمَّࢽْ تࣸکࣸرْکويَاجِ غَطَࢽْ حَوَي   عࣸثْمَاࢽࣸ ڢࣸودِيࣸ شَيَخࣸ مࣸجَدَّدِ,مَمَّࢽْ تࣸکࣸرْکࣸويَاجِ غَطَࢽْ حࣸوَي  مࣸتْمَاࢽࣸ ڢࣸودِيࣸ شَيْخࣸ مࣸجَدِّد,0.11267605633802817,0.625
Infiraji_3.pdf_page_8_line_013,سَࢽْدَشَاڢَ رࣸوَا يَڧَارٜيش    سَيْ أَسَࢽْࢽْ زَرٜيٰ أَکَوْرٜيٰ,سَࢽْدَشَاڢَ رࣸوَايَڧَارٜي سَيْ أَسَࢽْيَ زَرٜيٰ أَکَوْرٜيٰ,0.11290322580645161,0.42857142857142855
Infiraji_12.pdf_page_12_line_010,کَرْکَ مَىْ لَڧَبِي دَدࣸواْکِ    کࣸواْکَمَرْدَمࣸواْکࣸوْسࣸذَاکِ,کَرْکَ مَيْ لَڧَبِي دَدࣸواْکِ  کࣸوْاکَمَرْدَحࣸواْکࣸواْسࣸذَاکِ,0.11290322580645161,0.4
Infiraji_3.pdf_page_17_line_002,ثَࢽْ ڢَکࣸوْا غَإيَاتَکࣸوَايَا     إِࢽْکَ سَامَتَ تَيِّ کࣸمْيَا,ثَࢽْ ڢَکࣸوْاغَاإيَاࢽَکࣸوْايَا  إِࢽْکَ سَامَتَ تَيِّ کࣸمْيَا,0.11290322580645161,0.2857142857142857
Infiraji_8.pdf_page_25_line_002,ࢽَىْ أَڧࣸࢽْسَرٜىٰ بَاشِ حَرْکَا   سَىْ يَثٜىٰ بَايَࢽْغَ ࢽَاکَا,ࢽَيْ أَڧࣸࢽْسَرٜيٰ بَاشِ حَرْکَا سَيْ يَثٜيٰ بَايِࢽْغَ ࢽَاکَا,0.11290322580645161,0.625
Infiraji_9.pdf_page_10_line_009,ࢽَبِيࢽَاإِبَرَاهِيمࣸ يَيْ ڟَرِي   يَاڟَرٜيٰ مَاتَاتَسَاسَارَةࣸ,ࢽَبِيْࢽَاإِبْرَهِيمْ يَيْ طَرِي  يَاڟَرٜيٰ مَاتَاتَسَاسَارَةّࣸ,0.11290322580645161,0.6
Infiraji_4.pdf_page_42_line_006,إࢽْ تَوَاڟࣸ سَىْ اسࣸومَا     مࣸومِࢽِي إࢽࣸوَرْسَلَامَا,إِࢽْ تَوَاڟࣸ سَىْ أَسࣸومَا  مࣸومِࢽِي إࢽࣸوَرْسَلَامَا,0.11320754716981132,0.3333333333333333
Infiraji_3.pdf_page_5_line_013,سَيْ مَشَاوَرْتاسࣸثٜىٰ کࣸوْا دَمَى بࣸلَّࢽْ أطَوْکࣸواْ,سَيْ مَشَاوَرْتَاسࣸثٜيٰ کࣸواْ  دَمَىْ بࣸلَّࢽْ أَطَوْکࣸواْ,0.11320754716981132,0.6666666666666666
Warning_Gargaɗi_Infiraji_2.pdf_page_6_line_007,کَاثِ کَاشَاکَايِ تَيْݒا   کَامَثٜيٰ ڧَبَرِيٰيَکَرْݒا,کَاثِ کَاشَاکَايِ تَيْبَا  کَامَثٜيٰ ڧَبَرِي يَکَرْبَا,0.11320754716981132,0.6
Infiraji_8.pdf_page_22_line_013,جٜىٰ غَمَالِکِ ثٜىٰ شِࢽࣸوࢽَا   مࣸتَاࢽٜىٰ ماسࣸ بَرْࢽَا,جٜيٰ غَمَالِکِ ثٜيٰ شِࢽࣸوࢽَا  مَامࣸتَاࢽٜىٰ مَاسࣸ بَرْࢽَا,0.11320754716981132,0.5714285714285714
Infiraji_8.pdf_page_4_line_008,ࢽَاوَخَيْرِيَاڧَرَࢽْتَ     کࣸوْاْ کَمَرْڧَايَاࢽَهࣸوتَ,ࢽَاوَخَيْرِيَاڧَرَࢽْتَ کࣸواْکَمَرْڧَايَاࢽَهࣸوتَ,0.11320754716981132,0.6666666666666666
Infiraji_4.pdf_page_33_line_014,أيْتَ هِمَّاکَرْأتَابٜىٰ   إࢽْ حَلِࢽَّࢽْ شِيکَزَابٜىٰ,أَيْتَ هِمَّاکَرْأَتَابٜىٰ إِࢽْ حَلِࢽَّࢽْ شِکَزَابٜىٰ,0.11320754716981132,0.8
Infiraji_11.pdf_page_13_line_002,إࢽْدَذَاشِ کِرَادَمࣸلکِ   شِى دَکࣸوْاأَکَبَاشِ أَيْکِ,إِࢽْدَذَاشِ کِرَادَمࣸلْکِ  شِي دَکࣸواْأَکَبَاشِ أَيْکِ,0.11320754716981132,0.8
ELIT_WAN_00130_010v_line_009,وفيل نطلڡ لڢظاليس يوهمنا ؞ والاول الحڡ ڢاسلک طى فدتمل,وفيل نط لڡلڢظاليس يوهنا ؞ والاول الحڡ ڢاسلک ط فذمل,0.11320754716981132,0.5
ELIT_WAN_00130_018v_line_006,ڢاࢽ تارکها ت ا تيه راغمة ؞ وانت منهالغير الرزڡ لم تصل,ڢاࢽ تارکهات اتيه راغمه ؞ واتت منهالغير الى زڡ لم تصل,0.11320754716981132,0.6666666666666666
Infiraji_6.pdf_page_22_line_014,ظَاهِرِي کواْوَايَغَاࢽٜىٰ    غَاسࣸرࣸکَىْ غَاإِيَايٜىٰ,ظَاهِرِي کࣸوْاْوَايَغَاࢽٜيٰ  غَاسࣸرࣸکَيْ غَاإِيَايٜىٰ,0.11320754716981132,0.5
Infiraji_5.pdf_page_4_line_014,بَاجِدَالِي کࣸوْاْمࣸوسࣸ  هَࢽْکَلِࢽْکَاشِذَࢽْ غَرٜيٰسࣸ,بَاجِدَالِي کࣸوْاْکࣸوْامࣸوسࣸ  هَࢽْکَلِࢽْکَ شِذَࢽْ غَرٜيٰسࣸ,0.11320754716981132,0.75
Knowledge_to_Follow_God_Gandal_Fii_Rewugol_Alla.pdf_page_2_line_009,وَالْمَآءࣸࡼلطَّاهِرࣸعٜدِيَنْ للَبࣽطَࢽْ وَالتَّدَلّࣸکࣽ,وَالْمَآءࣸ ࡼلطَّاهِرࣸعٜدِيَࢽَللَبࣸطَࢽْ وَالتَّدَلّࣸکࣸ,0.11320754716981132,1.0
Infiraji_7.pdf_page_11_line_011,کٜىٰ هَوَاکَغَࢽࣸواْࢽَوَاࢽٜىٰ غَامࣸتࣸمْ مَىْ غَرْغَطِى,کٰٜ هَوَاکَغَࢽࣸواْࢽَوَاࢽٜيٰ  غَامࣸتࣸمْمَيْ غَرْغَطِي,0.11320754716981132,1.0
Knowledge_to_Follow_God_Gandal_Fii_Rewugol_Alla.pdf_page_5_line_011,نࣽکّࣸ کَ فٜذِنْتٜىٰ وَالسِرّࣸعٜسࣸوطࣸدٜڢِح مَوْضِعِهِ>,نکَّ کَ ڢِذِنْتٜى وَالسِرّࣸعٜسࣸوطࣸدٜڢِى مَوْضِعِهِ>,0.11320754716981132,0.5
Infiraji_3.pdf_page_7_line_001,ࢽَاإِشٜيٰ مَالَمْ حَمِيدࣸ تَمْبَيَرْ کَلْمَرْ شَهَادَ,ࢽَاإشٜىٰ مَالَمْ حَمِيدَ  تَمْبَيَرْکَلْمَرْشَهَادَ,0.11320754716981132,0.8333333333333334
Infiraji_8.pdf_page_23_line_005,غَالِبِي سࣸݒثٜىٰ سࣸڢَرْکَا   سَيْڢَ أَࢽّࣸورِشِڢَرْکَا,غَالِبِي سࣸݒَثٜيٰ سࣸڢَرْکَا  سَيْڢَ أࢽّࣸوشِڢَرْکَا,0.11320754716981132,0.4
Infiraji_6.pdf_page_19_line_005,إࢽْتَوَاڟࣸ سَىْ أَسࣸومَا     مࣸومِࢽِي إِࢽࣸوَرْسَلَامَ,إِࢽْ تَوَاڟࣸ سَىْ أَسࣸومَا  مࣸومِࢽِي إِࢽࣸوَرْسَلَامَا,0.11320754716981132,0.6
A_Poem_on_the_British_Waƙar_Nasara.pdf_page_2_line_015,دماس ذواشکࢽ س سࢽاجييا   متاڢکࢽ مکٜغ ࢽا ࢽصارا,دماس ذواسکࢽ س سࢽاجييا  متاڢکࢽ مکغ ࢽاࢽصاارا,0.11363636363636363,0.5
A_Poem_on_the_British_Waƙar_Nasara.pdf_page_2_line_005,بتوࢽا شيخ ييش باشتاش    سعاتاياڢدٜيت تاࢽصارا,بتوࢽا شيخ بيش باشتاش  سعاتاياڢدت تاࢽصارا,0.11363636363636363,0.3333333333333333
ELIT_WAN_00130_010r_line_006,وانه غير مخلوڡ له ڢدم ؞ لانه صڢت لله ناالازل,وانه غير مخلور له فدم ؞ لانه صڢة لله مدالازل,0.11363636363636363,0.4
A_Poem_on_the_British_Waƙar_Nasara.pdf_page_2_line_018,دميثٜي واءبس شࢽا دکوو کبر ڢسي کساش ثکࢽ ࢽصارا,دميثي وابس شࢽادکوو  کبرڢسي کساش ثکࢽ ࢽصارا,0.11363636363636363,0.6666666666666666
MAF_286.pdf_page_13_line_009,کࣸکَلاَدَدَبّࣸوبِي دَأَکَ مَلَّکَا مࣸکࣸ ؞  شِيمَاحَدِيشِ ࢽٜيٰ ࢽَأࢽَّبِ أحْمَدَا,کࣸکْلَا دَادَبّࣸوبِي دَأَکَ مَلَّکَامࣸکࣸ ؞ شِيمَاحَدِيشِ ثٜيٰ ࢽَأَࢽَّبِ َحْمَدَا,0.11392405063291139,0.7777777777777778
The_Harlots_Song_Waƙar_Karuwa.pdf_page_5_line_005,کَرْکَغَا تَاࢽࣸوࢽْ کَࢽْ طَࢽْ تَکٜي سࣸواْ أکࣸوَيَّ کࣸدَدَا مادَلاَثٜي تَࢽْ سࣸواْ,کَرْکَغَاتَاࢽࣸوࢽْ کَࢽْ طَࢽْ تَکٜي سࣸواْ  أَکࣸوَيْ کࣸدَدَامَادَلاثٜيٰ تَࢽْ سࣸواْ,0.11392405063291139,0.45454545454545453
The_Human_Being_Is_an_Incurable_Disease_Mutum_Cuta_Ne_Marar_Magani.pdf_page_3_line_014,کࣸمْ إࢽْکَکَامٜيٰ بَاکَرࣸوڧَࢽْ کࣸوکࣸبࣸو   کَاڧٜالٜيٰ کࣸووَا دَأبِࢽْسَ کَغَاࢽٜيٰ,کࣸمَ إِࢽْ کَکَامٜيٰ بَاکَرࣸوڧࣸࢽْ کࣸوکࣸبࣸو  کَاڢَالٜيٰ کࣸووَادَأَبِࢽْسَ کَغَاࢽٜيٰ,0.11392405063291139,0.875
MAF_286.pdf_page_20_line_013,اࢽبتدع کتب هذاالکتاب يوم الاثࢽيࢽ ڢي,اࢽبتدم کتب مذاالکتاب يوم الاتميࢽ ڢي,0.11428571428571428,0.5
The_Glorious_Majidu_Infiraji_1.pdf_page_5_line_015,إِࢽْ يَبْࢽْيِ يَبࣸوࢽْکَاࢽَاࢽَڟَابَا,إِࢽْ بَࢽْيِ يَبࣸوࢽْکَ ࢽَاࢽَڟَابَا,0.11428571428571428,1.0
Infiraji_10.pdf_page_7_line_008,إِࢽْ کَاثٜيٰ مَتَ أْمْشِ تَکَرْدَرْ   سَيْ کَجِ تَاثٜيٰ بَاࢽِ رࣽڧَاتَا,إِࢽْ کَاثٜيٰ مَتَ أَمْشِ تَکَرْدَرْ سَيْ کَجِ تَاثٜيٰ بَاࢽِࢽِْڧَࢽَاتَا,0.11428571428571428,0.3
A_Person_with_a_Livelihood_Will_Never_Be_Destitute_Mai_Sanaa_Ba_Ya_Tsiya.pdf_page_2_line_014,کࣸمَاڢِيرَسࣸ کَرکࣸسࣸومَاکࣸجِيتَ    ذَاغِࢽْ مَالَمَىْ سࣸکٜى مَاسࣸ طَاعَ,کࣸمَاڢِيرَرْسࣸ کَرْکࣸسࣸومَاکࣸجِيتَ  ذَاغِࢽْ مَالَمَيْسࣸکٜي مَاسࣸ طَاعَ,0.11428571428571428,0.5714285714285714
Infiraji_5.pdf_page_9_line_003,کَڟࣸاݒٜيٰتَ کَاݒَٜا إِرِࢽْتَ بَبَّا,کَڟࣸابٜيٰتَ کَابَاإِرِࢽْتَ بَبَّا,0.11428571428571428,0.75
The_Harlots_Song_Waƙar_Karuwa.pdf_page_5_line_007,لَيْ ڢِࢽْةَطَيْ دَمَࢽٜي مِي ࢽَتَا  کࣸوْاوَّايَثٜي غَڢِيَا ࢽَادَ سَاتَا,ࢽَيْ ڢِࢽْةَ طَࢽْ دَمَࢽي مِي ࢽَتَا  کَوْاوَّا يَثٜي غَڢِيَاࢽَادَسَاتَا,0.11428571428571428,0.8888888888888888
Infiraji_10.pdf_page_5_line_013,تَاغَذَشَارٜيٰ ثِکِࢽْ طَاکِࢽْتَا   بَلّٜي ࢽَمِجِࢽتَ بَلّٜيٰ حࣸسْکَتَّا,تَاغَذَشَارٜيٰ ثِکِࢽْ طَاکِࢽْتَا  بَلٜيٰ ࢽَمِجِࢽْتَ بَلٜيٰ حࣸهْکََّ,0.11428571428571428,0.5714285714285714
Infiraji_8.pdf_page_26_line_012,سَىْ يَجٜىٰ کࣸرسِࢽْ سَرَوْتَا    سَىْ أَثٜىٰ مَسَ کَابࣸکَاتَا,سَيْ يَجٜيٰ کࣸرْسِࢽْ سَرَوْتَا  سَيْ أَثٜيٰ مَسَ کَابࣸکَاتَا,0.11475409836065574,0.625
Infiraji_4.pdf_page_44_line_011,سَىْ يَثٜىٰ مَسَ طَوْکَکَࢽْکَ     تَمْبَيٜىٰمࣸ أبِࢽْ بِطَرْکَ,سَيىْ يَثٜيٰ مَسَ طَوْکَ کَࢽْکَ  تَمْبَيٜىٰمࣸ أَبِࢽْ بِطَرْکَ,0.11475409836065574,0.7142857142857143
Infiraji_11.pdf_page_5_line_014,أَرْزِڧِࢽْسَ يَهَسْکَ ڧِرْجِࢽْ   اَلࢽَّبِࢽْسَ أبࣸوکَ بَرْجِࢽْ,رَزِڧِࢽْسَ يَحَسْکَ ڧِرْجِࢽْ  اَلࢽَّبِࢽْسَ أَبࣸوکَ بَرْبِࢽْ,0.11475409836065574,0.6666666666666666
Infiraji_9.pdf_page_24_line_012,مَيْ يِࢽْ غࣸدࣸو يَاڧِࢽْ کَاڢِرَيْ   مࣸࢽْجِ بَايَاسمّࣸ غَاڢَرا,مَيْ يِࢽْ غࣸدࣸوغࣸࢽْ يَاڧِࢽْ کَاڢِرَيْ  مࣸࢽْجِ بَايَاسَمّࣸ غَاڢَرَا,0.11475409836065574,0.375
Infiraji_3.pdf_page_13_line_014,سَيْ أَتࣸورࣸواْ ڧٜيٰڧَسَسَّا     ثَيْ ࢽَيَمَّ أَبِرْبِشِࢽْسَا,سَىْ أَتࣸورࣸواْڧٜيٰڧَسَشَّا  ثَࢽْ ࢽَيَمَّ أَبِرْبِشِࢽْسَا,0.11475409836065574,0.6666666666666666
Infiraji_11.pdf_page_12_line_010,أࢽْکَ بَاشِ دࣸکَࢽْ عِبَادَا     دࣸوࢽْ شِکَامَࢽَ مَىْ عِبَادَا,أَࢽْکَ بَاشِ دࣸکَࢽْ عِبَادَ  دࣸوࢽْ شِکَامَࢽَ مࣸيْ عِبَادَا,0.11475409836065574,0.375
Infiraji_6.pdf_page_8_line_005,حَرْسࣸ تَاشِ سࣸࢽَادَ کَايَا    دࣸࢽْ ڢَطِࢽْدَ سࣸکٜيٰ ࢽَڧَرْيَا,حَرْتَاشِ سࣸࢽَادَکَايَا  دࣸࢽْ ڢَطِࢽْدَسࣸکٜيٰ ࢽَڧَرْيَا,0.11475409836065574,0.75
Infiraji_6.pdf_page_16_line_001,سَيْشِ سࣸوْاْ حَکَ ڢَي دَݒࣸويٜيٰ    غَاشِ رَاࢽَا تَاذࣸغࢽْيٜيٰ,سَيْشِ سࣸوْاْحَکَ ڢَيْ دَݒࣸويٜيٰ  غَاشِ رَاࢽَاتَاذࣸغَࢽْيٜىٰ,0.11475409836065574,0.625
Infiraji_4.pdf_page_42_line_008,سࣸومࣸࢽَاڢِکَّىْ وࣸتَاࢽٜٜىٰ    ࢽَاسࣸ کࣸوْاْإࢽࣸوَرْسࣸڧࣸوْاْࢽٜىٰ,سࣸومࣸࢽَاڢِکَّيْ وࣸتَاࢽٜيٰ  ࢽَاسࣸ کࣸوْاْإِࢽࣸوَرْسࣸڧࣸوْاْࢽٜيٰ,0.11475409836065574,0.75
Infiraji_12.pdf_page_13_line_008,تࣸواْبَلٜىٰ شِإسَرْمَ يَايٜىٰ     حَرْذࣸوَاکَيْࢽَىْ شِوَايٜىٰ,تࣸواْبَلٜيٰ شِاسَرْمَ يَايٜيٰ  حَرْذࣸوَاکَيْࢽَىْ شِوَايٜيٰ,0.11475409836065574,0.8
Infiraji_4.pdf_page_31_line_006,حَرْسࣸ تَاشِ سࣸࢽَادَ کَايَا    دࣸࢽْ ڢَطِࢽْدَ سࣸکٜيٰ ࢽَڧَرْيَا,حَرْتَاشِ سࣸࢽَادَکَايَا  دࣸࢽْ ڢَطِࢽْدَسࣸکٜيٰ ࢽَڧَرْيَا,0.11475409836065574,0.75
Infiraji_11.pdf_page_4_line_004,يَاکَمَاتَ مࣸغࣸودٜىٰ اللهْ    ثَࢽْ غَبَࢽْمࣸ أَکࣸوىْ ڧَبِيلَهْ,يَاکَمَاتَ مࣸغࣸودٜيٰ اللَّهْ  ثَࢽْ غَبَࢽْمࣸ أَکࣸوي ڧَبِيلَهْ,0.11475409836065574,0.42857142857142855
MAF_286.pdf_page_18_line_004,حَرْدَيْ کَڧَارٜ کࣸمَ کَتَاشِ کَڟرْ کَکَا ؞ سَأَࢽَّࢽْ کَأَمْسَ کࣸࢽْيࣽ کࣸويِ دَأَحْمَدَا,حَرْدَيْ کَغَارٜيٰ کࣸمَ کَتَاشِ کَطَࢽْ کَکَا؞ سَأَࢽَّࢽْ کَأَمْسَ کࣸࢽْجِ کࣸويِي دَأَحْمَدَا,0.11494252873563218,0.5
MAF_286.pdf_page_13_line_008,مَيْ يَࢽْکِي ذࣸمْتَاکࣸومَذَاغِرَاکࣸࢽَا ؞  وࣸتَاࢽَاجِرَࢽْسࣸ أَغوبٜي ڢَطَاثٜي تَأَحْمَدَا,مَيْ يَࢽْکِي ذࣸمْتَاکࣸومَذَاغِࢽ سَرَاکࣸࢽَا ؞  وࣸتَاࢽَاجِرَࢽَسࣸ أَغࣸوبِي ڢَطَاثٜيٰ أَحْمَدَا,0.11494252873563218,0.75
MAF_286.pdf_page_7_line_012,يَاتَاشِ دَغَوْغَاوَايَجِي سِيدِ أَحْمَدࣸ ؞ يَاتَارَ صَحَبَࢽْ ࢽَّسْ لَيْسَ شٜسࣸ ڢَاءدَا,يَاتَاشِ دَغَوْغَاوَايَجِ سِيدِ أَحْمَدࣸ ؞  يَاتَاࢽَ صَجَبَࢽْ ࢽَسْ بَسَ شِسࣸ ڢَاءِدَا,0.11494252873563218,0.6363636363636364
Celebrating_Cerno_Aliiyu_Ɓuuɓa_Ndiyaŋ_Waccugol_Cerno_Aliiyu_Ɓuuɓa_Ndiyaŋ.pdf_page_2_line_003,سِعَرِيمࣽ لَمْدِ تࣽتࣽوٜبٜبٜࢽ يࣸبٜ مَاکࣸمࣸ ووْلرْيࣸفِطࣽ اللَّه نٜعْمَ مࣽسٜيرَتا,سِعَرِيمࣸ لَمْدِتࣸتࣸوبٜبٜࢽ يࣸبٜ مَاکࣸمࣸ ووّلرْيࣸفِطࣽ اللَّهࣸ نٜعْمَ مࣸسٜيرَتَا,0.11538461538461539,0.6666666666666666
Infiraji_5.pdf_page_1_line_004,إِلَىٰ مَايࣸحِبّࣸ ءَامِيࢽْ,إِلى مَايࣸحِبّࣸ ءَامِيࢽ,0.11538461538461539,0.6666666666666666
Infiraji_11.pdf_page_6_line_001,شِي يَطَوکَکَـ بِرْبِشِࢽْسࣸ حَسَّدَرْسࣸ تَهَلَّکَاسࣸ,شِي يَطَوکَکَ بِرْبِشِࢽْسࣸ  ڧَذَدرْسࣸ تَهَلَّکَاسࣸ,0.11538461538461539,0.4
Knowledge_to_Follow_God_Gandal_Fii_Rewugol_Alla.pdf_page_1_line_003,وَصَلَّى ࡻللَّهࣸ يࣸعَ ࡻللهࣸ بٜيْدࣸ تٜدّࣸ فࣵلْ عِمکّࣽ,وَصَلَّى ࡻللَّهࣸ يࣸعَ ࡻللَّهࣸ بٜيْدࣸتِدّࣸفࣵلْ عِمَکّࣽ,0.11538461538461539,0.625
Knowledge_to_Follow_God_Gandal_Fii_Rewugol_Alla.pdf_page_2_line_003,وَالْمَضْمَضَةࣸ عٜوࣸسْبࣵا دٜ وَالاِسْتِنشَاڡࣸ عٜشࣽرْ,وَالْمَضْمَضَةࣸعٜوࣽسْبَادٜوَالاِسْتِنشَاڡࣸ عٜشِرْ,0.11538461538461539,1.0
ELIT_WAN_00130_004v_line_003,فدکررالله ناالفرءاࢽ نشاتنا ؞ لا اعتبارولکࢽ نحࢽ ندشغل,فدکࢽرالله ناالفرءاࢽ نشاتنا ؞ للا عتبارولک نࢽ ناشغل,0.11538461538461539,0.625
ELIT_WAN_00130_001r_line_017,ڢليفل الڡ مرةلاالم الااللم الله لطيڢ مااسى عم لتڢريم,ڢليفل الڡمةلااله الاالله الله لطيڢ مااس عم لتڢريج,0.11538461538461539,0.5555555555555556
Infiraji_6.pdf_page_13_line_012,بَسࣸ تَاشِ سࣸࢽَادَلَاڢِيَا,بَسࣸ تَاشِ سࣸࢽَادَلَاڢِيَابَا,0.11538461538461539,0.3333333333333333
Infiraji_3.pdf_page_3_line_013,تَاثِکِࢽْ لَيڢِى غَخَوڢِى هَرْدَمَا زَغِࢽْ شَرِيْڢِى,تَاثِکِࢽْ لَيْڢِى غَخَوْڢِي هَرْدَمَازَاغِࢽْ شَرِيڢِى,0.11538461538461539,0.8333333333333334
ELIT_WAN_00130_009r_line_004,اࢽ الارادة للتخميص موجبت ڢليس عنها ينوب العلم بالبدل,اࢽ الارادة للتحصيص موجبة ڢليس عنما بنوبالعلم بالبدل,0.11538461538461539,0.5555555555555556
Infiraji_6.pdf_page_1_line_005,مࣸولِّڢࣸ هَٰذَااَلْکِتَابࣸ,مࣸوَلِّڢࣸ هَذَاالْکِتَابࣸ,0.11538461538461539,1.0
ELIT_WAN_00130_010v_line_002,وفيل ليست بمعى لڢظا هرها ؞ مثل الذي مࢽ مࢽتاويل محتمل,وفيل ليست بمعى لڢظ ظاهر ها ؞ مثل الذي مࢽ مࢽ تاويل محتل,0.11538461538461539,0.5454545454545454
Warning_Gargaɗi_Infiraji_2.pdf_page_15_line_008,طَاکࣸࢽَࢽْسࣸ دَِلَا کَبَرثِ   دَاتَࢽَارِڧࣸࢽْ أَمِࢽْثِ,طَاکࣸࢽَࢽْسࣸ دِلَاکَبَرْثِ  دَاتَࢽَادَرِڧࣸࢽْ أَمِࢽْثِ,0.11538461538461539,0.6
Infiraji_7.pdf_page_16_line_002,ٜإِࢽْکَࢽَايِ کَاوَادَاتࣸجو دِيبِ تَخْمِيسِي تَڢَاتࣸو,إِࢽْ کَࢽَاْيِ کَاوَدَاتࣸو  دِيبِ تَخْمِيسِي تَڢَاتࣸو,0.11538461538461539,0.6
MAF_286.pdf_page_2_line_010,شِي کࣸوَسَأَࢽَّࢽْ يَإسَ عِشْرِيࢽَ دَوَسࣸ بِيَرْ ؞ مَهْدِي شَرِٜيڢِ اَللَّهِ بَرْدٜيْ مࣸحَمَّدَا,شِي کࣸوَسَأَࢽَّيْ يَاسَ عِشْدِيࢽَ دَوَسࣸ بِيَرْ؞  مَهْدِي شَدِيهِ اِللَّهِ بَْدٜࢽْ مࣸحَمَّدَا,0.11578947368421053,0.6666666666666666
Infiraji_9.pdf_page_6_line_014,ڢَصَلࣸ بَتࣸࢽْ دَࢽَاجِ وࣸرِࢽْ مَّالَم تࣸکࣸرْ,ڢَصْلࣸ بَتࣸࢽ دَࢽَاجِ وࣸرِࢽ مَالَمْ تࣸکࣸرْ,0.11627906976744186,0.6666666666666666
ELIT_WAN_00130_014r_line_002,فصل ڢيما اتت به السمعيات مࢽ الا موزالمغيبات,ڢصل ڢمااتت به السمعيات مࢽ الامورالمغيبات,0.11627906976744186,0.625
The_Glorious_Majidu_Infiraji_1.pdf_page_11_line_013,٤٤ يَاکَمَاتَ دࣸغࣸودِيَ وَࢽْدَ  مࣸࢽْ کَسَࢽْ کَلْمَرْشَهَادَا,٤ يَاکَمَاتَ دࣸڧࣸودٜي وَࢽْدَا   مࣸࢽْ کَسَࢽْ کَلْمَرْغَهَادَا,0.11666666666666667,0.5714285714285714
The_Glorious_Majidu_Infiraji_1.pdf_page_16_line_002,سَيْ تَکࣸوسْ يَايَٜࢽ ثِکِࢽْتَا  طَࢽْ سَشِࢽْ هِجِرَا مࣸکَيْتا,سَي تَکࣸوسْ يَايَࢽْ ثِکِࢽْتَا طَࢽْ سَشِࢽْ مِجِرَامࣸکَيْتَا,0.11666666666666667,0.5
The_Glorious_Majidu_Infiraji_1.pdf_page_7_line_008,سَيْ يَتَاشِ يَجَي سࣸغَيْسَا   دࣸوࢽْ ثِکَکَّࢽْ هَࢽْکَلِࢽْسَا,سَىْ يَتَاشِ يَجٜى سࣸغَيْسَا  دࣸوࢽْ ثِکَّيࢽْ هَࢽْدَلِࢽْسَا,0.11666666666666667,0.5714285714285714
Infiraji_8.pdf_page_21_line_007,سَىْ يَبَاسࣸ ىَثٜىٰ کࣸکࣸرْݒا   ڢِيْدَسࣸواْتِيْلَسْ سࣸکࣸرْݒَا,سَيْ يَبَاسࣸ يَثٜيٰ کࣸکࣸرْݒَا  ڧِيْدَسࣸواْتِيْلَسْ سࣸکࣸرْبَا,0.11666666666666667,0.8333333333333334
Infiraji_4.pdf_page_40_line_008,حَرْيَکَࢽْ کࣸوکَايَثٜىٰ دَا    مَىْ إدࣸوࢽَکٜىٰ مِى يَمَيْدَا,حَرْيَکَࢽْ کࣸوکَايَثٜيٰ دَا  مَيْ إِدࣸوࢽَکٜيٰ مِي يَمَيْدَا,0.11666666666666667,0.5714285714285714
Warning_Gargaɗi_Infiraji_2.pdf_page_13_line_002,کࣸواْهَوَࢽْ رَالِى دَرࣸوجِى      کٜىٰ دَطِࢽْ تࣸورَاکَ دَاجِى,کࣸواْهَوَࢽْ رَالِي دَرࣸوجِي کٜىٰ دَطِࢽْ تࣸورَاکَ دَاجِى,0.11666666666666667,0.2857142857142857
Infiraji_11.pdf_page_4_line_011,سَيْدَيَذَّکَ ࢽࣸوࢽَ تࣸرْبَا    کࣸوْادࣸهࣸوبَىْ وَࢽْ ڟَکٜىٰبَا,سَيْدَيَذَّکࣸ ࢽࣸوࢽَ تࣸرْبَا  کࣸوادࣸهࣸوبَيْ وَࢽْڟَکٜيٰبَا,0.11666666666666667,0.6666666666666666
Warning_Gargaɗi_Infiraji_2.pdf_page_8_line_014,دࣸوࢽْ يَوَاکࣸواْدࣸوࢽْکَطَيْثٜي   تَاحَطَمَّ وَطَࢽْسࣸ غࣸࢽْثِي,دࣸوࢽْ يَوَاکࣸواْدࣸوْکَدَيْثِ  تَاحَطَمَّ وَطَࢽْسࣸ تࣸࢽْتِي,0.11666666666666667,0.4
Infiraji_8.pdf_page_26_line_004,سَࢽْدَ اَلࢽَّبِي يَاغَࢽٜىٰشِ    بَابࣸ کَيْࢽْ حࣸسَکَاغَرٜىٰشِ,سَࢽْدَاَلࢽَّبِي يَاغَࢽٜيٰشِ بَابࣸ کَيْࢽْ حࣸسْکَاغَرٜيٰشِ,0.11666666666666667,0.6666666666666666
Warning_Gargaɗi_Infiraji_2.pdf_page_10_line_011,أَرࣸوَاتَاڢَرْمَ کࣸواْکࣸواْ    ڧَرڧَشࢽْ ڧَسَ إࢽْ تَکࣸرْطَواْ,أَرࣸوَاتَاڢَرْمَ کࣸواْکࣸواْ ڧَرْڧَشِࢽْ ڧَسَ إِࢽْ تَکرْطَواْ,0.11666666666666667,0.5
Knowledge_to_Follow_God_Gandal_Fii_Rewugol_Alla.pdf_page_11_line_007,عَنْدࣸ ࡶَࢽَّ سَيِّدِنَا نࣽکࣽوحࣸومٜيطٜࢽْ مࣸحَمَّدٍکࣽمࣸحَمَّدࣸ,عَنْدࣸ ࡶَرَّسَيِّدِنَانࣸکࣸوحࣸومٜيطٜࢽْ مࣽحَمَّدِکࣽمࣸحَمَّدࣸ,0.11666666666666667,0.8
The_Human_Being_Is_an_Incurable_Disease_Mutum_Cuta_Ne_Marar_Magani.pdf_page_6_line_015,تࣸوغَاکَطَࢽْࢽَࢽْ ࢽَاڢَطَابِسَٜ کَࢽْسَࢽِࢽْ   أَيْکِࢽْدَذَاکَيِي دࣸوࢽِيَا غَمࣸت,تࣸوغَاکَطَࢽْࢽَࢽْ ࢽَاڢَطَابِسَ کَࢽْسَࢽِࢽْ    أَيْکِࢽْدَذَاکَيِي دࣸوࢽِيَاغَمࣸتَاࢽٜيٰ,0.11688311688311688,0.5
MAF_286.pdf_page_17_line_001,إِذَاْکࣸوَايَجٜي بَيْ غَسْکَࢽْ تَا شِبَ کࣸࢽْجِيَا ؞  صَلَ ࢽَسَ کࣸوࢽَاأرْبَعِيࢽْ بَابࣸ کࣸوغࣸدَا,إِذَࢽْ کَوَايَجِ بَيْ غَسْکَࢽْ تَاشِبَ کࣸࢽْجِيَا ؞  صَلَ ࢽَسَ کࣸوࢽَاأَࢽْ بَعِيَࢽَ بَابࣸ کࣸوغࣸدَا,0.11702127659574468,0.5
Infiraji_11.pdf_page_8_line_009,شِى بَىْ تَبَٜٜ سَابَ ألْکَوَرْبَا,شِى بَيْ تَبَ سَابَ أَلْکَوَرْبَا,0.11764705882352941,0.6
Warning_Gargaɗi_Infiraji_2.pdf_page_4_line_008,تࣸࢽْ سࣸࢽَا ڟࣸمْمَّاتَبَرْسࣸ   وَسࣸ ࢽَاڧࣸودَاتَکَسࣸࣸ,تࣸࢽْ سࣸࢽَاڟࣸمَّاتَبَرْسࣸ وَسࣸ ࢽَاڧࣸودَاتَکَسࣸ,0.11764705882352941,0.6
The_Harlots_Song_Waƙar_Karuwa.pdf_page_1_line_012,کَرْکَبِي حَࢽْيَرْةْ بَةَ غَرِي  کࣸواْ کَبِي دࣸوࢽَ بَةَ کَيْ کَغَرِي,کَرْکَبِي حَࢽْيَرْةَبَةَ غَرِي کࣸواْکَيِي دࣸوࢽْ بَةَکَيْ کَڧَرِي,0.11764705882352941,0.8
The_Harlots_Song_Waƙar_Karuwa.pdf_page_6_line_008,دَبَارࣸ کࣸسَࢽْ بَاةࣸ طَوْرٜي دَامِي کَايَࢽْ أرَسْ بَاأطࣸورَوَغࣸوْمِي,دَبَارَکࣸسَࢽْ بَاةَ طَوْرٜي دَامِي کَايَࢽْ أَرَسْ بَاأَکࣸواَوَغࣸوْامِي,0.11764705882352941,0.625
Infiraji_9.pdf_page_10_line_002,سࣸࢽْغَاءَايَا سࣸࢽْڧِِ ڢَطِيࢽَتَا    سࣸࢽييِ مَاتَاسࣸࢽْڧِ ڟَرِيࢽْسࣸوَا,سࣸࢽْغَاءَايَاسࣸࢽْڧِ ڢَطِيࢽَتَا  سࣸࢽْيِي مَاتَاسࣸࢽْڧِ طَرِيࢽْسࣸوا,0.11764705882352941,0.6666666666666666
Infiraji_9.pdf_page_3_line_005,ذَࢽْثٜيٰ غَرٜيٰ کࣸکَرْ کَتَکࣸࢽࣸواْ   يَࢽَادَاࢽَڢَاࢽِي إِࢽْ کࣸࢽْجِيَا,ذَࢽْثٜيٰ غَرٜيٰࢽ کࣸکَرَکَتَکࣸࢽْࣸوَا  يَࢽَادَاࢽْڢَاࢽِي إِࢽْ کࣸࢽْجِيَا,0.11764705882352941,0.5714285714285714
The_Harlots_Song_Waƙar_Karuwa.pdf_page_2_line_014,تَࢽَ يِي تَࢽَ طَغَ عٜࢽْ کَڢَطَا  کَمَرْ وَࢽْدَ يَاشِغَ ڢِيلِࢽْ کِطَا,تَࢽْ يِي تَࢽْ طَعَ عٜي کَڢَطَا  کَمَرْ وَࢽْدَيَاشِعَ ڢِيِࢽْ کِطَا,0.11764705882352941,0.6363636363636364
MAF_286.pdf_page_14_line_002,تࣸومَيْغِدَاأَشِرْيَاأَمَاࢽَ اڢَ غَاتَࢽَࢽْ ؞  أَمَاࢽَ تَسَرْکي جَلَّ إِࢽجِ مࣸحَمَّدَا,تࣸومَيْغِدَاأَشِشِرْيَاأَمَارَاڢَ غَاغَࢽَࢽْ ؞  أَمَارَتَسَرْکِي جَلَّ ࢽجِ مࣸحَمَّدَا,0.11764705882352941,0.6666666666666666
Warning_Gargaɗi_Infiraji_2.pdf_page_8_line_001,شِڢَ جَاهِلْثِ يَثَرْبࣸ   ࢽٜيٰ ࢽَکَاڢِرْثِ غَأَيْبࣸ,شِڢَ جَاهِلْثِ يَتَرْبࣸ ࢽٜي ࢽَکَاڢِرثِ غَأيْبࣸ,0.11764705882352941,0.6666666666666666
A_Poem_on_Friends_and_Relations_Waƙar_Ƴan_Uwa.pdf_page_4_line_005,يَاطَࢽْ عࣸوَا ࢽَا إِࢽْدَ حَالِࢽْ تَࣸيْمَکࣸو صَدَڧَا دَکٜيوْتَادࣸوکَتَيمَکِ طَࢽْ عࣸوَا,يَاطَࢽْ عࣸوَاࢽَا إِࢽْدَحَالِࢽْ تَيْمَکࣸو   صَدَڧَادَکِيوتَادࣸوکَتَيْمَکِ طَࢽْ عࣸوَاا,0.11764705882352941,0.8
Celebrating_Cerno_Aliiyu_Ɓuuɓa_Ndiyaŋ_Waccugol_Cerno_Aliiyu_Ɓuuɓa_Ndiyaŋ.pdf_page_1_line_015,جࣽࢽْ بَوْدِتِمّࣸدِ جࣸࢽْ صِڢَاجِ سِنِيطِ جࣽࢽْ يࣸرْمٜيٰدٜ يَا جࣸدٜيَاڢࣽعࣽو کࣽڢَليْتَتَا,جࣸࢽْ بَوْدِتِمّࣸدِ جࣸࢽْ صِڢَاجِ سِنِيطِ جࣸࢽْ يࣸرْمٜيدٜ يَاجࣸدٜيَاڢࣸعࣸوکࣸڢَلٜبْتَتَا,0.11764705882352941,0.6
Warning_Gargaɗi_Infiraji_2.pdf_page_8_line_015,بَسࣸ تَوࢽَ أَبِࢽْدَاسَࢽْ حَطٜيٰبَا,بَس تَوْࢽَ أَبِࢽْدَتَࣸࢽْ حَطٜيٰبَا,0.11764705882352941,0.75
Infiraji_7.pdf_page_5_line_007,کَاثِ کَاشَاکَايِ تَيْݒا کَامَثٜيٰ ڧَبَرِيٰيَکَرْݒا,کَاثِ کَاشَاکَايِ تَيْبَا  کَامَثٜيٰ ڧَبَرِي يَکَرْبَا,0.11764705882352941,0.6
Infiraji_3.pdf_page_9_line_014,رَاࢽٜيٰ شࣸوطِ دَيَوْڧِ    بَاسࣸيِ دَکَ غࣸمَّ ڧࣸوّڧِ,رَاࢽٜىٰ شࣸوطِ دَيَوْڧِ  بَاسࣸي دࣸکَ غࣸمَّ ڧࣸواڧِ,0.11764705882352941,0.5714285714285714
ELIT_WAN_00130_008r_line_002,وکل مااوهم الفى ءال مࢽ شبه ؞ اوالحديث ڢاول کل محتمل,وکل مااوع الفرءاࢽ مࢽ شبه ؞ اوالحديث ڢاول کل محتل,0.11764705882352941,0.36363636363636365
ELIT_WAN_00130_012r_line_004,والمعجزات مࢽ المولى تايدهم ؞ مهى اتى الوحى بالتبليغ,والمعجزات مࢽ المولى تايدهم ؞ مهى اتى الوحى بالتبليغ للرسل,0.11764705882352941,0.1111111111111111
Nana_Asmāʾu_The_Authentic_Path_Nana_Asmāʾu_Godaben_Gaskiya.pdf_page_3_line_011,ذَمَادَمَࢽِي أَکَبِࢽْ ڢَاَللَّهْ دَألࢽَّبِ   بَصِيرَادَسࣸࢽَّا دَيْ کَکَمْ غَأَحْمَدَا,ذَمَادَسَࢽِي أَکَبِࢽْ ڢَاللَّهْ دَاَلࢽَّبِ   بَصِيرَادَسࣸࢽَّادَيْ کَکࣸمّࣸ غَاحْمَدَا,0.11764705882352941,0.875
Nana_Asmāʾu_The_Authentic_Path_Nana_Asmāʾu_Godaben_Gaskiya.pdf_page_9_line_006,ڢَدࣸومِࢽْ دَرَجَرْ شَيْخࣸ جَيْلِي دَاَحْمَدࣸ   اَلرّࣸڢَاعِي دَبَدْوِي حَرْدَسࣸوڧِ ࢽَاَحْمَدَا,ڢَدࣸومِࢽْ دَرَجَيٰࣸشَيْخࣸ حَيْلِي دَأَحْمَدࣸ اَلرّࣸڢَاعِيِّ دَبَدوِي حَرْدَسࣸوڧِ ࢽَاحْمَدَا,0.11827956989247312,0.7777777777777778
The_Harlots_Song_Waƙar_Karuwa.pdf_page_3_line_001,ْإࢽْ کࣸوْا تَغَࢽکَ دَحَالِࢽْ تَلَوْثِ  سَيْ کَغَ تَامࣸرْتࣸکٜي دَࢽْ بࣸتࣸلْثِي,إِࢽْ کࣸوْاْ تَڧَࢽْکَ دَحَالِࢽْ تَلَوْثِي سَࢽْ کَغَ تَامࣸࢽْ تࣸکٜي دَࢽْ بࣸتࣸلْثِي,0.11842105263157894,0.7
A_Person_with_a_Livelihood_Will_Never_Be_Destitute_Mai_Sanaa_Ba_Ya_Tsiya.pdf_page_6_line_007,مَسَاکَىْ ذَاعَدِࢽْغَ بَيْوَاࢽَأللهْ    دَڢَڧيْرَىْ ماَسࣸ کِيَاوࣸࢽْ طَبِى عَ,مَسَاکَيْ ذَاعَدِࢽْغَ بَيْوَاࢽَأللَّه   دَڢَڧِيرَيْ مَاسࣸ کِيَاوࣸࢽْ طَبِى عَ,0.11842105263157894,0.5
Infiraji_4.pdf_page_45_line_006,مَاسࣸ کَيْوْدَࢽَمَاسࣸ أيْبِى    ذࣸوثِيَرْدَتَبࣸويٜىٰ غَيبِى,مَاسࣸ کَيْوْدَࢽَمَاسࣸ أَيْبِي  ذࣸوثِيَرْدَتَبࣸويٜيٰ غَيْبِي,0.11864406779661017,0.6
Infiraji_4.pdf_page_40_line_009,مَىْ مَکَࢽْتَ سَىْ أثٜىٰ دَا    کَايِى اَلڧࣸرْأࢽْ کَذࣸبْدَا,مَىْ مَکَࢽْتَ سَىْ أَثٜىٰ دَا کَايِي اَلْڧࣸرْأَࢽْ کَذࣸبْدَا,0.11864406779661017,0.375
Infiraji_5.pdf_page_16_line_005,سࣸتْڢِ جِࢽْ مَغَࢽَرْ کِلاکِ    بَاسࣸيِࢽْ أَوْرَٜىٰ ࢽَکِرْکِ,سࣸࢽْڢِ جِࢽْ مَغَࢽَرْکِلَاکِ  بَاسࣸيِࢽْ أَوْرٜيٰ ࢽَکِرْکِ,0.11864406779661017,0.5714285714285714
Infiraji_11.pdf_page_7_line_008,کࣸوْاوَࢽٜىٰ ࢽَاڧَرْڧَشِࢽْکَا     جَلَّ يَىْ بَيْوَغَرٜىٰکَا,کࣸوْاْوَࢽٜيٰ ࢽَاڧَرْڧَشِࢽْکَا  جَلَّ يَيْ بَيْوَغَرٜيٰکَا,0.11864406779661017,0.6
Knowledge_to_Follow_God_Gandal_Fii_Rewugol_Alla.pdf_page_2_line_014,کࣽعَدِء عࣽنٜنّࣸدٜ طٜ ڢِح ࡽلاِّنَآءِتࣸمِرَࢽْ وَالْمَضْمَضَةࣸ,کࣽعَدِ> عࣽنٜنّࣸدٜطࣶ ڢِحح الاِّنَاءِتࣸمِرَرْ وَالْمَضْمَضَةࣸ,0.11864406779661017,0.8333333333333334
Warning_Gargaɗi_Infiraji_2.pdf_page_13_line_004,کࣸواْيَوَࢽْ سَࢽڟِࢽْ سࣸمِࢽْتِ    کٜى هَࢽَامَکَ سࣸࢽْ صَلَاتِى,کࣸواْيَوَࢽْ سَࢽْڟِࢽْ سࣸمِࢽْتِ کٜىٰ هَࢽَامَکَ سࣸࢽْ صَلَاثِي,0.11864406779661017,0.42857142857142855
Infiraji_4.pdf_page_17_line_011,ثࣸورࣸوَاحَرْکࣸࢽْ ڢَتَاکٜي  ثِࢽْ حَرَمْ دࣸکْ کࣸواْ کࣸلَاکٜيٰ,ثࣸورࣸوَاحَرْکࣸوڢِتَاکٜيٰ ثِࢽْ حَرَمْ دࣸکْ کࣸوْاکࣸلَاکٜيٰ,0.11864406779661017,0.5714285714285714
Infiraji_6.pdf_page_20_line_007,سَىْکࣸجىٰ غَࢽَبِىّࣸ إِبْرَا     هِيمࣸ دࣸࢽْ وَࢽَّࢽْ لَلࣸورَا,سَىْ کࣸجٜىٰ غَࢽَبِّّࣸ إِبْرَا  هِيمࣸ دࣸࢽْ وَࢽَّࢽْ لَلࣸورَا,0.11864406779661017,0.42857142857142855
Infiraji_5.pdf_page_3_line_003,وَࢽْدکٜيٰدَ أࣸوَاأَزَوْࢽٜيٰ   کࣸواْ أࣸبَاࢽَسَ إِࢽ يَغَاࢽٜيٰ,وَࢽْدَکٜيٰدَأࣸوَاأَزَوْࢽٜيٰ کࣸواأࣸبَاࢽَسَ إِࢽْ يَغَاࢽٜيٰ,0.11864406779661017,0.8333333333333334
Warning_Gargaɗi_Infiraji_2.pdf_page_8_line_004,شِي يَثٜيٰ مَࢽِ أَيْ جَهَالَهْ    شِيدَا کَاڢِرْثِ غإِلَّهْ,شِي يَثٜيٰ مَࢽِ أَيْ جَهَالَهْ  شِيْدَکَاڢَرْثِ غَإِلَّهْ,0.11864406779661017,0.375
Warning_Gargaɗi_Infiraji_2.pdf_page_12_line_010,کࣸواْدَدَىْ لَيْڢِى تࣸدࣸوࢽٜىٰ    ࢽَاکَ وَࢽْدَکَتَتَّرَاࢽٜىٰ,کࣸواْدَدَيْ لَيْڢِي تࣸدࣸوࢽٜيٰ ࢽَاکَ وَࢽْدَکَتَتَّرَاࢽٜيٰ,0.11864406779661017,0.8
A_Letter_to_Malam_Ƙalarawi_Wasiƙa_zuwa_ga_Malam_Lawan_Ƙalarawi.pdf_page_1_line_009,غَاکࣸمَاڟࣸࢽَࢽِࢽْ يِࢽْوَا کَمَاتَࢽَادَثِکِي,غَاکَمَاڟَࢽࢽِࢽْ بِࢽْوَاکَمَاتَࢽَادَثِکِي,0.11904761904761904,1.0
Infiraji_10.pdf_page_10_line_009,حَکَ مَاسࣸ لٜيٰڧيٰ غࣸࢽْ مَّدࣸابَࢽْ دࣸࢽِيَا   کࣸلّࣸ سࣸࢽَاطَيٜيٰ ثَࢽْ أَبَاکِࢽ زَوْرٜي,حَکَ مَاسࣸ ثٜيٰغٜي غࣸࢽْ مَّدࣸابَࢽْ دࣸوࢽِيَا  کࣸلّ سࣸࢽَاغَيٜيٰ ثَࢽْ أَبَاکِࢽْ زَوْرٜيٰ,0.11904761904761904,0.5454545454545454
Infiraji_7.pdf_page_1_line_005,هَٰذَاالْکَتَابࣸ اَلْحَاجِ مَالَمْ عَلِيّࣸ,هَذَااالْکِتَابࣸ الْحَاجِ مَالَيمْ عَلِيّࣸ,0.11904761904761904,0.75
Warning_Gargaɗi_Infiraji_2.pdf_page_2_line_004,إِلَىٰ مَايَحِبّࣸءَامِيࢽْ .. بِإِذْࢽِ الْمࣸوَلِّڢࣸ,إِىٰ مَايَحِبّࣸءَاحِيࢽْ بِإِذْࢽِ الْمࣸوَلِّڢࣸ,0.12,0.6
The_Harlots_Song_Waƙar_Karuwa.pdf_page_6_line_012,طَࢽْ غَرْغࣸ کَࢽࣸو دَرْمَا,طَيْ غَرْغࣸ کَࢽْوࣸدَرْمَا,0.12,0.75
Infiraji_4.pdf_page_2_line_004,إِلَىٰ مَايࣸحِبّࣸ ءّامِيࢽ,إِلىٰ مَايࣸحِبّࣸ ءَامِيࢽْ,0.12,0.6666666666666666
ELIT_WAN_00130_015r_line_010,اذلايثبت الاکل ذ>فدم ؞ على الص اط ص اط الحڡ لم يزل,اذلا ثييت الاکل ذ> فدم ؞ على الص ا صى اط الحڡ لم يزل,0.12,0.2857142857142857
The_Harlots_Song_Waƙar_Karuwa.pdf_page_5_line_008,کࣸسَࢽْ دَوْدَوَا مَاڢَا وَارِي غَرٜيتَا  بَابࣸ رَبٜيوَا دَيَالࣸواْ دَطَاتَا,کࣸسَࢽْ دَوْدَوَامَاڢَاوَارِي غَرٜيٰتَا    بَابࣸ رَبٜيٰوَادَيَابࣸواْدَطَاتَا,0.12,0.7777777777777778
Infiraji_12.pdf_page_17_line_002,يَࢽْذࣸلَالَاتَايَأڢْکࣸ    سَىْ أيَࢽْذࣸأذَامَࢽِࢽْکࣸ,يَࢽْذࣸلَالَاتَايَأڢْکࣸ سَيْ أَيَࢽْذࣸأَذَامَࢽِࢽْکࣸ,0.12,0.6666666666666666
Warning_Gargaɗi_Infiraji_2.pdf_page_7_line_009,کَمَرْ مࣸسَادَدَامࣸسَابَا,کَمَرْمࣸسادَدَامࣸسَلابَا,0.12,1.0
Knowledge_to_Follow_God_Gandal_Fii_Rewugol_Alla.pdf_page_3_line_012,وَالاِتِّصَالࣸ عٜنࣸدࣽکِّدْرِدٜبِالصَّلَوةِعٜجࣸلْدٜ,وَالاِتِّصَالࣸ عٜدࣽکِدِردٜبِالصَّلوةِعٜجࣸلْدٜ,0.12,0.5
ELIT_WAN_00130_006v_line_005,بل الڢسادکمافدفال خالغنا ؞ ولا ڢساد على شيء بمشتمل,بل الڢسادکافدفال خالفنا ؞ ولا جسادعلى شي بمشتل,0.12,0.6666666666666666
Infiraji_3.pdf_page_22_line_007,طࣸࢽْغࣸمِࢽْتَ دَلَوَّلِࢽْتَ    إࢽڢِاجِ تَرْسَشِࢽْتَ,طࣸࢽْغࣸمِࢽْتَ دَلَوَّلِࢽْتَ  إِࢽْڢِرَاجِ تَرْسَشِࢽْتَ,0.12,0.25
ELIT_WAN_00130_013v_line_001,ڢال بليت بذنب بعد صحتحا ؞ لم تنتفض لک لک تب لمغتبر,ڢاࢽ بليت بذنب بعدصتحا ؞ لم تنتفض لک لک تب لمعتل,0.12,0.3333333333333333
Infiraji_9.pdf_page_21_line_003,سَيْ يَيْ کَڢَارَوإِࢽْْ کࣸويَاڧِيَا   يَاجَىٰ مَکَࢽْسَاعَذَابَ اَلْأَخِرَىٰ,سَيْ يَيْ کَڢَارَوَࢽْ کࣸويَاڧِيَا  يَاجَيٰ مَکَࢽْسَاعَذَابَا الاَخِرَىٰ,0.12,0.5714285714285714
Infiraji_12.pdf_page_14_line_011,لَارَبَاوَامَاسࣸ عِڢَّهْ    سࣸࢽْ وࣸثٜىٰ وَاکٜىٰ دَڧࣸوْاڢَا,لَارَبَاوَامَاسࣸ عِڢَّهْ سࣸࢽْ وࣸثٜيٰ وَاکٜيٰ دَڧࣸواْڢَا,0.1206896551724138,0.5
The_Glorious_Majidu_Infiraji_1.pdf_page_9_line_004,٣١ سَرّࣸمَي ڢࣸسْکَادَهَيْبَا  أَࢽْبَتࣽوࢽْکَ دَشِي ࢽَسَابَا,١سَࢽّࣸ مَيْ ڢࣸسࣸکَادَهَيْبَا  أَࢽْبَتࣸوࢽْکَ دَشِي ࢽَسَابَا,0.1206896551724138,0.6666666666666666
Infiraji_6.pdf_page_16_line_010,سَادَمَيْ سࣸجَدَا غّغࣸمْکِي    کٜࣸوْاْشَرِيڢَابَابࣸ حَکِّي,سَادَمَيْ سࣸجَدَاغَغࣸمْکِي کࣸوْاْشَرِيعَابَابࣸ حَکِّي,0.1206896551724138,0.6
The_Glorious_Majidu_Infiraji_1.pdf_page_9_line_005,يَااِشـٰـࢽ ڟَرِࢽْ مࣸصِيْبَا  وَࢽْدَ بَيْسࣸوا مࣸصْطَڢَى بَا,يَاإِشٜىٰࢽِ ڟَرِࢽْ مࣸصِيبَا  وَࢽْدَ بَيْسࣸواْ مࣸصْطَڢَى بَا,0.1206896551724138,0.42857142857142855
Infiraji_12.pdf_page_17_line_010,وَࢽْدَيَىْ وَࢽْکَارَبࣸࢽْسَ     کࣸوْتࣸڢَارْدَتکٜىٰ جِکِࢽْسَ,وَࢽْدَيَيْ وَࢽْکَارَبࣸࢽْسَ  کࣸوْتࣸڢَرْدَتَکٜيٰ جِکِࢽْسَ,0.1206896551724138,0.5
Infiraji_4.pdf_page_17_line_008,أَيࣸکَّࢽْسࣸ دَمَاسࣸ ذَاڢِي    کَࢽْ سࣸعࣸودࣸ سࣸکٜيٰ رࣸڧࣸوڢٜي,أَيْکَّࢽْسࣸ دَمَاسࣸ ذَاڢِي  کَࢽْ سَڢࣸودࣸ سࣸکٜيٰ وࣸڧࣸوڢِي,0.1206896551724138,0.42857142857142855
Infiraji_4.pdf_page_21_line_010,مࣸࢽَجِ سَيْ اَللَّهْ تَعَالى    ࢽَࢽْ يَثٜيٰ يَاجِبْرَعِيلَ,مࣸࢽْجِ سَىْ اَللَّهْ تَعَالَى ࢽَࢽْ يَثٜيٰ يَاجِبْرَءِيلَ,0.1206896551724138,0.5714285714285714
ELIT_WAN_00130_002r_line_003,ومنه يڢلعم ما يکڢيى معتفدا ؞ ڢليب شتفل بعدباا تکليڢ مࢽ عمل,ومنه يڢلهم ما يکڢيه معتفدا ؞ ڢلب شتغل بعدبالتکليڢ مࢽ عل,0.1206896551724138,0.5833333333333334
Infiraji_7.pdf_page_7_line_014,دࣸوࢽْ يَوَاکࣸواْدࣸوࢽْکَطَيْثٜي تَاحَطَمَّ وَطَࢽْسࣸ غࣸࢽْثِي,دࣸوْࢽْ يَوَاکࣸواْدࣸوࢽْ کَطَيْثِي  تَاحَطَمَّ وَحَالࢽْسࣸ غࣸࢽْثِي,0.1206896551724138,0.8
Infiraji_11.pdf_page_7_line_011,يَاىِ کٜىٰوَرْکَࢽْ شِبَرْشِ    حَࢽّࣸ مَىْ لࣸغࣸدٜىٰ دَمَاشِ,يَايِ کٜىٰوَرْکَرْشِبَرْشِ  حَࢽّࣸ مَيْ لࣸغࣸدٜى دَمَاشِ,0.1206896551724138,0.7142857142857143
Infiraji_4.pdf_page_36_line_015,دࣸوْکِيَرْوࢽْکِ سࣸسَاتࣸوْا    کࣸوْاْمَڢِي صَلَّاالࣸوتࣸوْاْ,دࣸوْکِيَرْوَࢽْکِ سࣸسَاتࣸواْ کࣸوْاْمَڧِي صَلَّالࣸوتࣸوْاْ,0.1206896551724138,1.0
Infiraji_3.pdf_page_16_line_001,وَࢽْدَدࣸکْ ڧࣸوْالَمَاتَزَاݒيٰ   يَاجِ کࣸࢽْيَاهَرْشِتَاݒٜيٰ,وَࢽْدَدࣸکْ ڧࣸوْاْلَمَاتَزَابٜي  يَاجِ کࣸࢽْيَاهَرْشِتَابٜي,0.1206896551724138,0.5
The_Glorious_Majidu_Infiraji_1.pdf_page_13_line_011,وَࢽْدَ يَىْ ڟࣸوْرِِ يَکَوْدَا  کَࢽْسَ يَاتَا ݒىٰ دَوَࢽْدَا,وَࢽْدَيَىْ ڟَوْرِي يَکَوْدَا  کَࢽْسَ يَاتَابٜي دَوَࢽْدَا,0.1206896551724138,0.625
Infiraji_5.pdf_page_3_line_012,تࣸواْدَسَوْرَࢽْ تَࢽْبَاتَا    مَاغَࢽٜي ميْ وَرْکٜيٰ ثࣸوتَا,تࣸواْدَسَوْرَࢽْ تَࢽْيَيَاتَا  مَاغَࢽِي مَيْ وَرْکٜيٰ ثࣸوتَا,0.1206896551724138,0.5
Infiraji_10.pdf_page_2_line_008,أَݣࣸويْ وَتَ غَاݒَرْࢽَا غَاۼٜيٰرَا    غَاتَاسَوڧِࢽْ کَيْ غَاثࣸوتَا,أَݣࣸويْ وَتَ غَاݒَرْࢽَاغَاۼٜيٰرَا   غَاتَادَسࣸوْڧِࢽْ کَيْ غَاثِوْتَا,0.12121212121212122,0.5714285714285714
Infiraji_8.pdf_page_16_line_006,أّکَ کَيْسࣸ أّکࣸواْغࣸࢽَاأّطَمْبَا,أَکَ کَيْسࣸ أَکࣸوْاْغࣸࢽَاأَطَمْبَا,0.12121212121212122,0.6666666666666666
Infiraji_10.pdf_page_6_line_012,سࣸوکَ بَڧࣸا سࣸرِغَايِࢽْ کࣸوکَا  بَأَيْ مَغَࢽَابَ سࣸجٜيٰ سࣸڟِرَاتَا,سࣸوکَبࣸغࣸواسَرِ غَايِࢽْ کࣸوکَا  بَلَيْ مَغَࢽَابَ سࣸجٜيٰ سࣸڟِرَاتَا,0.12121212121212122,0.5
Warning_Gargaɗi_Infiraji_2.pdf_page_8_line_006,غِرْمَࢽْ بَاذَي وَاتَابَکّࣸويْبَا,غِرَمَࢽْ بَاذَيْ وَتَابَکࣸويْبَا,0.12121212121212122,1.0
Infiraji_9.pdf_page_22_line_010,کَمَࢽْ حࣸکࣸࢽْ ثِࢽْ غٜيٰويَاکَاسࣸوا    کَبَاشِ حَاجّࣸايَي يَاوࣸوࢽِي,کَمَࢽْ حࣸکࣸࢽْ ثِࢽْ غٜيٰوَيَاکَاسࣸوَا  کَبَاشِ حَاجَّايَيْ يَاوࣸروࣸࢽِي,0.12121212121212122,0.42857142857142855
The_Glorious_Majidu_Infiraji_1.pdf_page_12_line_006,وَࢽِِ إرْبَاکَيْبَ طَࢽْ سࣸوَيْبَا,رَࢽِ إࢽْ بَاکَيْبَ طَࢽْ سࣸوَيْبَا,0.12121212121212122,0.75
Warning_Gargaɗi_Infiraji_2.pdf_page_5_line_012,تࣸࢽْ بَأَأّيْکࣸواْ مَلَا ءِکَابَا,تࣸࢽْ بَأأَيْکࣸواْمَلَاءِکَابَا,0.12121212121212122,0.75
The_Harlots_Song_Waƙar_Karuwa.pdf_page_2_line_010,إࢽْ تاغَ تَاحَرْبࣸواْ بَاةَ ڢَطِي  سَيْ تࣸيْ شِرࣸواْ کࣸوَّو تَبَايَاڢَطِّي,إِࢽْ تَاغَ تَاحَرْبࣸواْ بَاةَ ڢَطِي سَيْ تࣸࢽْ ششِرࣸوا کࣸوّوتَبَايَاڢَطِي,0.12162162162162163,0.6
Infiraji_9.pdf_page_6_line_011,أّࢽْثٜيٰ کَرَاتࣸو سࣸࢽْثٜيٰ سࣸࢽڧِيَا    سࣸࢽْ طَوعَدِيکࣸوذَاسࣸ ڧَسَرْ جَبَىٰ,أَࢽْثٜيٰ کَرَاتࣸوسࣸࢽْثٜيٰ سࣸࢽْڧِيَا  سࣸࢽْ طَوْمَدِيکࣸوذَاسࣸ ڧَسَرْجَبَيٰ,0.12162162162162163,0.875
A_Person_with_a_Livelihood_Will_Never_Be_Destitute_Mai_Sanaa_Ba_Ya_Tsiya.pdf_page_5_line_011,حَلِࢽْکࣸڢَاشِى کّوَيْ عَکٰٜڧِى کࣸغَاࢽٜى    دࣸومِࢽْ عَࢽْغَابَاکࣸ کِيَاوࣸࢽْ طَبِى عَ,حَلِࢽْکࣸڢَاشِي کَوَيْ عَکٜيغِي کࣸغَاࢽٜي دࣸومِࢽْ عَࢽْغَابَاکࣸ کِيَاوࣸࢽْ طَبِى عَ,0.12195121951219512,0.4444444444444444
Infiraji_8.pdf_page_2_line_004,وَڢَّڧَࢽَااللَّهࣸ إِلَى مَايحبّࣸ  ءَامِيࢽ,وَڢَّڧَࢽَااَللَّهࣸ إِلَىٰ مَايࣸحِبّࣸ ءَامِيࢽ,0.12195121951219512,0.75
Knowledge_to_Follow_God_Gandal_Fii_Rewugol_Alla.pdf_page_1_line_006,عٜصَحَابَعٜرْ مَکّࣽ وَ سَلَّمَ تَسْلِيماً,عٜصَحَابَعِرْمَکّࣽ وَسَلَّمَ تَسْلِيمَ,0.12195121951219512,1.0
MAF_286.pdf_page_8_line_014,حࣸودࣸوَاࢽَتَمْرَارࣸودَاوࣸڟِيَاڢَ طَوࣸوا؞  دَڢَاطِ کَرَامَ ثٜي تَجِيکَࢽْ مࣸحَمَّدَا,حࣸودࣸوَاࢽَتَمْرَارࣸودَوࣸطِيَادَمَيْ طَوࣸوا ؞ دَڢَاطِ کَرَامَ ثٜيٰ تَجِيکَࢽْ مࣸحَمَّدَا,0.12195121951219512,0.5714285714285714
Nana_Asmāʾu_The_Absolute_Truth_1_Nana_Asmāʾu_Tabbat_Haqiqan_1.pdf_page_6_line_015,غࣸوبٜيٰ أَسࣸذࣸووࣸتَاڢَا تَبَّتْ حَڧِيڧََا,غࣸوبٜيٰ أَسࣸذࣸووࣸتَاتَبَتْ حَڧِيڧََا,0.12195121951219512,0.5
Infiraji_9.pdf_page_25_line_006,تَمَتْ بِحَمْدِ لِلَّهِ وَحࣸسْࢽِ عَوْࢽِهِ,تَمَّتْ بِحَمْدِ اِللَّهِ وَحࣸسْࢽِ عَوْࢽِي,0.12195121951219512,0.6
Infiraji_3.pdf_page_5_line_001,تࣸࢽْ أࢽَاغَيْسَى شِأَڧسَا مَرْيَڧَاغرَمَايَکَاسَا,تࣸࢽْ أَࢽَاغَيْسَىْ شِأَمْسَا  مَرْيَڧَاغَرَمَايَکَاسَا,0.12244897959183673,0.75
Knowledge_to_Follow_God_Gandal_Fii_Rewugol_Alla.pdf_page_6_line_013,فَاعٜفِتٜ يِمْبٜ وَدَڢعࣸهَاعࣽوَتِّرَدِبِاليࣸمْنَا,ڢَاعٜفِتٜ يِمْبٜ وَدَڢْعࣸهَاعࣽوَتِّرَدِبالْبࣸمْࢽَا,0.12244897959183673,0.6666666666666666
MAF_286.pdf_page_9_line_005,سࣸکَ کَرْݒِ ذَࢽْثٜࢽْ مَالࣸمَࢽْ سࣸ مَاسࣸ ؞  غَرْدَمَا دَإِيکࣸࢽْ کَ اَلرَّحْمَٰࢽࣸ مڧِيسَࢽْ أَحْمَدَا,سࣸکَ کَرْبِ ذَࢽْثٜي مَالࣸمَي سࣸ مَاسࣸ ؞  غَرْدَمَادَإِيکࣸيْ کَ اَلرَّحْمَࢽْ مَڧِيسَ أَحْمَدَا,0.12244897959183673,0.5384615384615384
Knowledge_to_Follow_God_Gandal_Fii_Rewugol_Alla.pdf_page_1_line_015,جْلَيْࢽ عٜلࣸو تࣸدٜ کࣽيْطٜطٜࢽْ ࡹِلَي ࡻلْکَعْبَيْࢽِ,جٜلَيْࢽِ عٜلࣸوتࣸدٜکࣽيْطٜطٜࢽْ ࡹِلَى ࡻلْکَّعْبَيْࢽِ,0.12244897959183673,1.0
Infiraji_12.pdf_page_12_line_011,کࣸوْاسࣸأَࢽْغࣸلࣸ کࣸوْاسࣸمَيْکِ    کَاحَࢽَامَاطَࢽْکَ کِرْکِ,کࣸواسࣸأࢽْڧࣸلࣸ کࣸواْسࣸمَيْکِ  کَاحَࢽَامَاطَࢽْکَ کِرْکِ,0.12280701754385964,0.5
Infiraji_12.pdf_page_14_line_014,سَاکࣸرࣸوْرࣸوَݒَاتَ هِيرَا    کࣸواْغِدَࢽْ غَڢِيَادَݒىٰ رَا,سَاکࣸرࣸوْرࣸوَبَاتَ هِيرَا کࣸواْغِدَࢽْ غَڢِيَادَبٜي رَا,0.12280701754385964,0.4
Infiraji_5.pdf_page_19_line_014,سَىْ يَسَادࣸدَمَاسࣸ کِوࣸواْ    ࢽَابِطَرْسَاوࣸࢽْ بَرَاوࣸاْ,سَىْ يَسَادࣸدَمَاسࣸ کِوࣸواْ  ࢽَابِطَرْسَىٰوࣸࢽْ يَزاوࣸاْ,0.12280701754385964,0.4
Infiraji_8.pdf_page_21_line_002,ࢽَࢽْ دَࢽَࢽْ أَکَ کَيْشِ ذࣸرڢِي    هَلَّکَايغَمٜىٰدَذَاڢِى,ࢽَࢽْ دَࢽَࢽْ أَکَ کَيْشِ ذࣸرْڢِي هَلَّکَايَغَمٜيٰدَذَاڢِي,0.12280701754385964,0.3333333333333333
Infiraji_3.pdf_page_18_line_007,سَيْ ذَمَاأَثِکِࢽْ أَمِࢽثِي    بَارَشِࢽْ شَا بَارَشِࢽ ثِي,سࣸيْ ذَمَاأَثِکِࢽْ أَمِࢽْثِي  بَارَشِࢽْ شَابَارَشِࢽْ ثِى,0.12280701754385964,0.7142857142857143
Infiraji_3.pdf_page_9_line_004,سَيْ إِيَالِي سࣸيْتَ کࣸوکَا    غَازَࢽٜيٰ أࢽْ لࣸلّࣸبٜيٰکَا,سَيْ إيَالِي سࣸيْتَ کࣸوکَا  غَازَࢽٜى أَࢽْ لࣸلّࣸبٜىٰکَا,0.12280701754385964,0.5714285714285714
The_Glorious_Majidu_Infiraji_1.pdf_page_3_line_010,رَࢽْ مࣸسࣸلْمِي کَرْشِسَࢽْثى   بِسَ سࣸوࢽْسَ مࣸکࣸواأَمِࢽْثى,رَࢽْ مࣸسࣸلْمِي کَرْشِسَࢽْثٜيٰ  بِسَ سࣸوࢽْسَ مࣸکࣸواْأَمِࢽْثٜيٰ,0.12280701754385964,0.3333333333333333
Infiraji_5.pdf_page_3_line_004,شِرِڧٜىٰيࣸ دَتَوسَيِي ࢽٜيٰ   ثِي دَسࣸو کࣸمَ وَاجِبِي ࢽٜيٰ,شِرڧٜيٰسࣸ دَتَوْسَيِي ࢽٜيٰ ثِي دَسࣸوکࣸمَ وَاجِبِي ࢽٜيٰ,0.12280701754385964,0.5
Infiraji_3.pdf_page_8_line_010,مَاسࣸ جِࢽْيَا سَيْ سَواڟٜيٰ   سࣸيْ تَکࣸوکَاسَيْ ࢽَڟَڟّٜيٰ,مَاسࣸ حِࢽْيَاسَيْ سࣸوَاڟٜيٰ  سࣸيْ تَکࣸوکَاسَيْ ࢽَڟَڟّٰٜ,0.12280701754385964,0.5714285714285714
Warning_Gargaɗi_Infiraji_2.pdf_page_12_line_011,کٜىٰ هَوَاکَغَࢽࣸواْࢽَوَاࢽٜىٰ     غَامࣸتࣸمْ مَىْ غَرْغَطِى,کٜيٰ هَوَاکَغَࢽࣸواْࢽَوَاࢽٜيٰ  غَامࣸتࣸمْ مَيْ غَرْغَطِْ,0.12280701754385964,0.8
Infiraji_11.pdf_page_11_line_010,شِى يَثٜىٰ مَکَ مَرْحَبََايَا    مَسࣸوْايِي وَࢽْدَشِرْيَا,شِي يَثٜىٰ مَکَمَرْمَبَايَا  مَسࣸوْاْيِي وَࢽْدَشِرْيَا,0.12280701754385964,0.6666666666666666
Warning_Gargaɗi_Infiraji_2.pdf_page_15_line_010,يَامثٜيٰ هَرْطَࢽْسَ يࣸࢽْڢَ    تࣸࢽدَدَي مَࢽْيَࢽْ خَلِيڢَهْ,يَامَثٜيٰ هَرْطَࢽْسَ بࣸࢽْڢَ  تࣸࢽْدَيْ مَࢽْيَࢽْ خَلِيڢَهْ,0.12280701754385964,0.5
Infiraji_11.pdf_page_7_line_005,وَايَسَࢽْ مَتࣸڧَرْرَبࣸوࢽْکَا     تࣸࢽْدَاللهْ يَايَبٜىٰکَا,رَابَسَࢽْ مَتࣸڧَرْرَبࣸوࢽْکَا  تࣸࢽْدَاللّهْ يَايَبىٰکَا,0.12280701754385964,0.75
ELIT_WAN_00130_004v_line_010,اࢽ فلت اطنبت ڢى حث على نظࢽ ؞ ڢکڢڢ لسانک عࢽ لومى وعࢽ عنى ل,اࢽ خلت الطنبت ڢى حث على نظ ؞ ڢکڢڢ لهانک عࢽ لومى وعࢽ عزل,0.12280701754385964,0.4
Knowledge_to_Follow_God_Gandal_Fii_Rewugol_Alla.pdf_page_5_line_013,وَالصَّلاَةࣸجࣸولࣸدٜعَلَىٰ رَسࣸولِ ࡽللَّهِ عٜنࣸلَاطࣸ ألَّ,وَالصَّلَاَةࣸجࣸولࣸدٜعَلَى رَسࣸولِ ࡽللَّهِعٜنࣸلْاَطࣸ اَرلَّ,0.12280701754385964,0.8
Infiraji_12.pdf_page_7_line_014,ڧَرْࢽَڢِࢽٜىٰ سَيْتَ ڟࣸواْڟِي    غࣸغّࣸبٜࢽْ کَࢽْوَادَکَاڟِي,ڧࣸرْࢽَڢِࢽٜيٰ سَيْتَ طࣸواْڟِي  غَغّࣸبِࢽْ کَࢽْوَادَکَاڟِي,0.12280701754385964,0.6
Infiraji_4.pdf_page_43_line_015,حَرْشِذَمْ اَللهْ تَعَالَىٰ    سَىْ يَثٜىٰمَاجِبْرَءِيْلَ,حَرْشِذَمْ اللَّهْ تَعَالَىٰ  سَىْ يَثٜيٰمَاجِبْرَءِيلَ,0.12280701754385964,0.4
Infiraji_10.pdf_page_7_line_013,بَاءَسَيَࢽْ مّࣸوتَادَࢽْ ݣٜيْتَا   سَيْ کَايَادَغࣸدࣸواْ ࢽَّغَرْتَا,بَاءَ اسيَࢽْ مّࣸوتَادَࢽْ ݣِࢽْتَا سَيْ کَايَادَغࣸدࣸواْ ࢽَغَرْتَا,0.12307692307692308,0.6666666666666666
Infiraji_9.pdf_page_4_line_009,کَاغَاڧَارَاسَيْدࣸوکِيَا    إِࢽْ بَاکَاکࣸرْطِي کَيْکٜيٰ کࣸسکࣸرٜيٰ,کَاغَاڧَارَاسَيْ مَيْدࣸوکِيَا  إِࢽْ بَاکَاکࣸرْطِي کَيْکٜيٰ کࣸسْکࣸرٜيٰ,0.12307692307692308,0.6
Infiraji_4.pdf_page_45_line_014,ࢽَࢽْ أکٜىٰ تࣸوْاْࢽࣸࢽْ أَسِيرِي    لَيْڢࣸکَࢽْ رࣸڢٜىٰ دࣸکْ أَسَرَري,ࢽَࢽْ أَکٜيٰ تࣸوْاْࢽࣸࢽْ أَسِيرِ لَيْڢࣸکَࢽْ رࣸڢٜيٰ دࣸکْ أَسَرَرِ,0.12307692307692308,0.5
A_Person_with_a_Livelihood_Will_Never_Be_Destitute_Mai_Sanaa_Ba_Ya_Tsiya.pdf_page_5_line_005,بَابࣸرࢽِيبَاکࣸࢽْ غَࢽِى کࣸوعَڧَوْيىٰ    بَيْدَڢَرِࢽجِࢽِى مَرَريِࢽْ صَࢽَاعَ,بَابࣸرْࢽِيبَاکࣸࢽْ غَࢽِي کࣸوعَڧَوْيي   بَيْدَڢَرِࢽْ جِࢽِي مَرَرْيِࢽْ صَࢽَاعَ,0.1232876712328767,1.0
Infiraji_10.pdf_page_12_line_005,کࣸووَّرْوࣸلَاکَࢽْ تَرْدَأَوْرٜيٰ دࣸࢽِيَا   يَاحَوکثٜيٰ وَࢽَّاأَجَاشِ أَوْطَوْرٜيٰ,کࣸووَّرْوࣸلاَکَࢽْ تَرْدَأوْرٜيٰ دࣸوࢽِيَا   يَاحَوْکَثٜيٰ وَࢽَّاأَبَاشِ أَکَوْرٜيٰ,0.12345679012345678,1.0
Infiraji_6.pdf_page_21_line_012,أىْ بَکَىِ بَرْثِي أَدࣸوࢽِيَابَا,أَيْ بَکَي بَرْثِي أَدࣸوࢽِيَابَا,0.125,0.5
Infiraji_7.pdf_page_16_line_003,سَي بَࢽْجِ رَابࣸواکَمَرْسَࢽِيبَا,سَيْ بَࢽْجِ رَبࣸواْ کَمَرْسَࢽِيبَا,0.125,1.0
The_Glorious_Majidu_Infiraji_1.pdf_page_4_line_013,٩ دࣸوࢽْ مࣸتࣸࢽْ تى شِي کَرِيمِ  مَوْبَوَࢽْ مَڧࣸرِ عَلِيمِ,١دࣸوࢽْ مࣸتࣸࢽْ ࢽى شِى کَرِيمِ  مَوْيَوَࢽْ مَڧࣸرِي خَلِيمِ,0.125,0.7777777777777778
Infiraji_7.pdf_page_11_line_002,هَکَ يَارࣸواْطَࢽْسَ کࣸوْاسَوْ بَاسَ طَلْحَةَيَوْأزَزَّوْ,هَکَ يَارَوَاْطَࢽْسَ کࣸواْسَوْ  بَاسَ طَلْحَتَيَوأزَزَّوْ,0.125,0.6
Infiraji_3.pdf_page_21_line_002,أرْزِڧِࢽْمࣸ بِسَاسَعَادَا    کَى ࢽࣸڢِࢽْ کَلْمَرْشَهَادَا,أَرْزِڧِࢽْمࣸ بِسَاسَعَادَ کَيْ ࢽࣸڢِࢽْ کَلْمَرْشَهَادَا,0.125,0.6
Nana_Asmāʾu_The_Authentic_Path_Nana_Asmāʾu_Godaben_Gaskiya.pdf_page_2_line_009,دَيَبَّيَّࢽَامࣸࢽَ غَسْکِيَادࣸکَمࣸࢽْجِيَا   ڢَسَي کَاڢِرِيوَدَوِّحَࢽْيَرمࣸحَمَّدا,دَيَبَّيَّࢽَامࣸࢽَ غَسْکِيَادࣸکَ مࣸࢽْجِيَا   ڢَسَيْ کَاڢِرِيڢَ دَيَوِّحࣸࢽْيَرْ مࣸحَمَّدَا,0.125,1.5
Knowledge_to_Follow_God_Gandal_Fii_Rewugol_Alla.pdf_page_6_line_012,هَکَدِيدِجَوْدِوَسِتْرࣸهَاسࣸوطࣸدٜدِعَرْرࣸعْبَةِاِلنَّاسِ,هَکَدِيدِجَوْدِوَسِتْرࣸ سࣸوطَدٜدِعَرْرࣸعْبَةِّ النَّاسِ,0.125,3.0
Infiraji_11.pdf_page_12_line_003,دَکَجٜٜىٰ بَکَدَامَ شِمْڢِطَابَا,دَکَجٜى بَکَدَاڢَ شِࢽْڢِطَابَا,0.125,1.0
A_Poem_on_Adultery_Waƙar_Zina.pdf_page_2_line_022,دَدَاوَرَغࣸوَاکَامࣸسࣸلمِى سࣸجِيتا    سࣸبَرْسࣸࢽ سࣸتَارَادَمِيزِࢽا,دَدَاوَرَغࣸوَاکَامَسَلمِي سࣸجِيتَا   سࣸبَرسࣸ سࣸتَارَادَمِيزِࢽَا,0.125,1.0
Infiraji_9.pdf_page_16_line_014,إِࢽࢽَيْ تࣸࢽَاࢽِي ࢽَمَالَمْ مَࢽْذࣸواْ   أِثِکِࢽْ دَاڢࣸواْ ࢽَيْکوکَࢽْ رَشِ,إِࢽْࢽَيْ تࣸࢽَاࢽِي ࢽَمَالَمْ مَࢽْذࣸواْ  أَثِࢽْ أَدَاڢࣸواْ تَيْکࣸوکَࢽْ رَشِ,0.125,0.5
Infiraji_3.pdf_page_1_line_007,زَارِيَا,زَارِيَ,0.125,1.0
Knowledge_to_Follow_God_Gandal_Fii_Rewugol_Alla.pdf_page_3_line_010,يٜيسࣽفࣽࢽْ مَسْحࣸ الْيَدَيْࢽِ عٜمَسْکࣸدٜجࣸوطٜطٜࢽْ,يِيسࣸفࣽرْ وَمَسْحࣸ ࡼلْيَدَيْࢽِ عٜمَسْکࣸدٜجࣸوطٜطٜࢽْ,0.125,0.75
ELIT_WAN_00130_008v_line_002,فصل ناالحياةوالسمع والبص,ڢصل ناالحياة والسمع والبم,0.125,1.3333333333333333
Infiraji_4.pdf_page_39_line_012,شٜىٰکَرَاحَمْسِࢽْ دَيَاڧِي    ࢽَاثِکِي دَمَثٜىٰ صَدَاڧِي,شٜيٰکَرَاخَمْسِࢽْ دَيَاڧِي  ࢽَاثِکِي دَمَثِي صَدَاڧِي,0.125,0.4
ELIT_WAN_00130_016r_line_002,اذي الذنوب سوى الا شى اک يغڢرها ؞ رب غڢوربلا توب ولا عمل,اذى الذنوب سوى الاث اک يغڢها ؞ رب غڢوربلا توب ولامل,0.125,0.46153846153846156
Infiraji_5.pdf_page_11_line_001,إِࢽْ کَثٜيٰ بَاکِࢽْ کࣸطِࢽْکَ   ࢽٜيٰ رِڧوْاْࢽَتَ غَرٜيٰکَ,إِࢽْ کَثٜيٰ بَاکِࢽْ کࣸطِࢽْکَ  ࢽٜيٰ رِڧࣸوْاْࢽَتَ کٜىٰ غَرٜيٰکَ,0.125,0.2857142857142857
Infiraji_10.pdf_page_3_line_006,باتَ ࢽࣸڢِࢽْ اللَّه دَمَأَيْکِي   سَيْ بِدْعَاإِتَکٜيٰ کَاغࣸࢽْتَا,بَاتَ ࢽࣸڢِࢽْ اِللَّهْ دَمَأيْکِي سَيْ بِذْعَاإتَکٜيٰ کَاغࣸࢽْتَا,0.125,0.5714285714285714
The_Glorious_Majidu_Infiraji_1.pdf_page_8_line_003,بَاتَارَـٰـدَ يَايِ لَيْڢࣸکَابَا,بَاتَارٜىٰدَيَايِ لَيْڢࣸکَابَا,0.125,0.6666666666666666
ELIT_WAN_00130_003v_line_004,الاالاله الذ>ٜيالحڡ ابدالماء ؞ سبحانه دايات الصبح والاصل,الاالاله الذ> يالحڡ ابداهاء ؞ سبحانه دابان الصي والاصل,0.125,0.4
ELIT_WAN_00130_009v_line_012,والاليڡ البٰسط لا يليڡ بنا ؞ تکڢى الاشارة راجع کتبهم تصل,والاليڡ البسه لاک لايليڡ بنا ؞ تکڢى الاشارة زاجم کتبهم تصل,0.125,0.36363636363636365
Nana_Asmāʾu_The_Authentic_Path_Nana_Asmāʾu_Godaben_Gaskiya.pdf_page_9_line_003,ڢَاَللهࣸ شِبَامࣸ غَࢽِࢽْ ڢِيَيَّࢽْمࣸ مࣸدࣸک   ذَمَاشِى کَکَيْمࣸ غَجَلَّ مَيسࣸࢽْ مࣸحَمَّدَا,ڢَاللَّهْ شِبَاءࣸ غَࢽِࢽْ ڢِيَيْࢽْمࣸ مࣸودࣸکْ  ذَمَاشِي کَکَيْمࣸ غَجَلَّ مَيْسࣸࢽْ مࣸحَمَّدَا,0.125,0.6
Infiraji_3.pdf_page_2_line_007,زَارِيَا,زَارِيَ,0.125,1.0
Infiraji_3.pdf_page_5_line_014,کࣸوْأسَࢽْ تࣸرْمِࢽْ أکࣸرکࣸراْ تࣸࢽْ شِࢽَاسࣸومَاشِفَرْکࣸواْ,کࣸواْأَسَࢽْ تࣸرْمِࢽْ أَکࣸوکࣸواْ  تࣸࢽْ شِࢽَاسࣸومَاشِڢَرْکࣸواْ,0.125,0.6
Infiraji_3.pdf_page_10_line_008,کࣸواْغَ جࣸويٜيٰوَا أَڧࣸرْيَا    بَاأّمَاوَࢽْکࢽْ دَࢽِيَّا,کࣸواغَ جࣸويٜيٰوَاأڧࣸرْيَا  بَاأَمَاوَࢽْکَࢽْ دَࢽِيَّا,0.125,0.8
Infiraji_12.pdf_page_3_line_008,جَاءِزِيࢽٜيٰ کَرْيَڢَاسَ   دَࢽْ غَࢽِࢽْسࣸ ڢَکٜيٰ وَࢽِࢽْسَ,جَاءِزِيࢽٜيٰ کَرْيَڢَاسَ  دَࢽْ غَࢽِࢽْ اَکَࢽٜىٰ وَࢽِࢽْسَ,0.125,0.3333333333333333
Infiraji_6.pdf_page_21_line_016,سى يثٜىم,سى يثٜم,0.125,0.5
MAF_286.pdf_page_10_line_011,غَمَاوَرَسࣸولَ اللَّهِ يَاثٜي أَبِيشِ دࣸکْ ؞  مࣸتَاࢽٜيٰ دَأَࢽْجَࢽّࣸوا بَأَرٜغٜي کࣸوغࣸدَا,غَمَاڢَ رَسࣸولَ اَللَّهِ يَاثِࢽ أَبِيشِ دࣸکْ ؞  مࣸتَاࢽٜيٰ دَاَلْجَࢽّࣸوا بَاَرِٜيٰ کࣸوغࣸدَا,0.125,0.6
Infiraji_6.pdf_page_23_line_017,بِحمدلله,بَحمدلله,0.125,1.0
The_Glorious_Majidu_Infiraji_1.pdf_page_5_line_001,١٠ کَاڢِرَࢽْ دَاسࣸࢽْ ڢَهِمْتَ  بِࢽْ مࣸحَمَّدࣸ يَاکَمَاتَ,١کَاڢِرَىْ دَاسࣸࢽْ ڢَهِࢽْتَبِࢽْ مࣸحَمَّدࣸيَاکَمَاتَ,0.125,0.8571428571428571
Infiraji_9.pdf_page_1_line_005,طࣸبِعَ عَلَىٰ ࢽَڢَڧَةِ اَلْحَاجِّ مࣸحَمَّدࣸ البَشِير ࢽَا الحَاجِّ سَعْدࣸ,طَيِعَ عَلَىٰ ࢽَڢَڧَّةِ الحَاجِّ مࣸحَمَّدࣸ اليَشِرࢽَا الْحَاجِّ سَعْدࣸ,0.125,0.6666666666666666
Infiraji_5.pdf_page_18_line_001,بِࢽْ إيَايٜىٰ وَاجِبِيْࢽٜىٰ    شِي ذࣸمࣸࢽْثِ وَاجِبِيࢽٜىٰ,بِࢽْ إِيَايٜىٰ وَاجِبِيࢽٜيٰ شِي ذࣸمࣸࢽْثِ وَاجِبِيࢽٜيٰ,0.125,0.5
Infiraji_6.pdf_page_21_line_002,غَاشِ کࣸوْاْأࢽْکٜىٰوَيٜىٰش    سَيْدَجِࢽْ مَغَࢽَرْيَتَاشِ,غَاشِ کࣸوْاْأَࢽْ کٜيٰوَٜيٰشِ  سَيْدَجِࢽْ مَغَࢽَرْيَتَاشِ,0.125,0.5
Nana_Asmāʾu_The_Authentic_Path_Nana_Asmāʾu_Godaben_Gaskiya.pdf_page_9_line_005,شِبَࢽْ غاڢَرَرْذࣸࢽࣸبِࢽْ دَࢽِيِّ شِبَاکَوْ   شِغَاوَغَّ ࢽِعْمَا دࣸࢽْ ڢِيَيّٜي مࣸحَمَّدَا,شِبَࢽْ غَاڢَرَرْ ذࣸࢽࣸبِࢽْ دَࢽِيِّ شِبَاࢽِکَوْ  شِغَاوَغَ ࢽَغَْادࣸࢽْ ڢِيَيّٜيٰ مࣸحَمَّدَا,0.12643678160919541,0.7777777777777778
The_Human_Being_Is_an_Incurable_Disease_Mutum_Cuta_Ne_Marar_Magani.pdf_page_7_line_008,إِتْدࣸو ࢽِيَࢽَّࢽْ کَاجِ بَاڧٜيٰلّٜيٰ    کَامَايِي کِرْکِي يَاکَکٜيٰ دَمࣸتَاࢽٜيٰ,إِتَدࣸوࢽِيَࢽَّࢽْ کَاجِ بَاڧٜيّٰٜيٰ بَثٜيٰ  کَامَايِي کِرْکِي يَاکَکٜيٰ دَمࣸتَاࢽٜي,0.12658227848101267,0.625
Infiraji_9.pdf_page_11_line_013,عࣸثْمَاࢽࣸ ڢࣸودِيࣸوابَابََاأَبࣸوبَکَرْ   اءࣸبَࢽْ بࣸخَاريٰ اءࣸبَࢽْ مَالَمْ حَسَࢽْ,عࣸثْمَاࢽࣸ ڢࣸودِيࣸواْ بَابَاأَبࣸوبَکَرْ  ࣸبَࢽْ بࣸخَارِي أࣸبَࢽْ مَالَمْ حَسَࢽْ,0.12658227848101267,0.7142857142857143
Infiraji_12.pdf_page_12_line_001,إِࢽْڢَ عَرْإِتَ جِࢽْجِرَاثٜىٰ    إࢽْ يَکࣸوْاذَمَ جِࢽْجِرِيْࢽٜىٰ,إِࢽْڢَ عَرْإتَ جِࢽْجِرَاثٜيٰ  إِࢽْ يَکࣸواْذَمَ جِࢽْجِرِيْࢽٜيٰ,0.12698412698412698,0.8333333333333334
Infiraji_10.pdf_page_2_line_012,ايَاتَڢِ اءࣸوڢِسْ کࣸوکࣸمَا کَࢽْتِي  بَاتَ ڧَارَذَمَا طَاکِࢽْتَا,يَاتَڢِ اَأوَڢِسْ کࣸوکࣸمْ کَࢽْثِي  بَاتَ ڧَارَذَمَاطَاکِࢽْتَا,0.12698412698412698,0.8571428571428571
ELIT_WAN_00130_012v_line_001,اتى الکذوب بن ورالفول مڢتى ياعهيحات جل کلام الله عࢽ مثل,اتى الکدوب بنڢرالفول مڢتى يا مڢيمات جل کلام الله عࢽ مثل,0.12727272727272726,0.45454545454545453
Infiraji_12.pdf_page_11_line_004,سَابࣸوَرْسَدَمَالَمَى ࢽٜىٰ    يَاحَࢽَاشِ شِغَامࣸتَاࢽٜىٰ,سَابࣸوَرْسَ دَمَالَمَيْ ࢽٜيٰ  يَاحَࢽَاشِ شِغَامࣸتَاࢽٜيٰ,0.12727272727272726,1.0
Infiraji_3.pdf_page_15_line_002,وَࢽْدَکࣸواْبَيْ ڧَرِيبَا   ذَيْ تَرَسْدَيَوَࢽْ أَزَابَا,وَࢽْدَکࣸواْبَيْ ڧࣸوْاْڧَرِيبَا  ذَيْ تَرَسْدَيَوَࢽْ أَزَابَا,0.12727272727272726,0.2
Infiraji_6.pdf_page_23_line_013,مَالَمَࢽْ ࢽَࢽْ مَاسࣸدࣸوبِ    مَاسࣸ ڧَرْيَرْتࣸوْرَغَيْبِ,مَالَمَࢽْ ࢽَࢽْ مَاسࣸ دࣸوبِ  مَاسࣸ ڧَرْيَرْتࣸوْاْࢽَ غَيْبِ,0.12727272727272726,0.8
Infiraji_7.pdf_page_16_line_011,إِࢽْ يَڟِغٜثٜيٰ لَالࣸبࣸواشِ وْࢽْغَ ذَࢽْثٜيٰ بَاشِ تَاشِ,إِࢽْ يَکَڢْثٜيٰ لَالَبࣸواشِ  وَࢽْغَ ذَࢽْثٜيٰ بَاشِ تَاشِ,0.12727272727272726,0.42857142857142855
Infiraji_11.pdf_page_11_line_011,ࢽَاغَرٜىٰشِ کࣸسَࢽْتَ غَايَا    مَىْ جِدَالى دࣸوبَءَايَا,ࢽَاغَرٜىٰشِ کࣸسَࢽْتَ غَايَا  مَىْ مِدَالِي دࣸوبِ ءَايَا,0.12727272727272726,0.5
Infiraji_3.pdf_page_8_line_014,هَࢽّࣸواࢽَسَ کرْسࣸوَارٜيٰ   کࣸمَدࣸکَࢽْ أَيْکِي يَڧَارٜيٰ,هَࢽّࣸوَاࢽَسَ کَرْسࣸوَارٜيٰ  کࣸمَ دࣸکَࢽْ أَيْکِي بَڧَارِي,0.12727272727272726,1.0
The_Glorious_Majidu_Infiraji_1.pdf_page_8_line_005,وَايَسَࢽْ مَتࣸڧَرْرَبࣸوَࢽکَا  تࣸࢽْدَ اللَّهࣸ يَايَبيکَا,وَايَسَࢽْ مَتࣸڧَرْرَبࣸوࢽَکَا  تࣸࢽْدَاللّهْ يَايَبىٰکَا,0.12727272727272726,0.8
Infiraji_12.pdf_page_7_line_005,کࣸوْاسَࢽِيْࢽَى يَاڧَرَࢽْتَا    إࢽْدَوَوْتَاتَايَوَيْتَا,کࣸواْسَࢽِيࢽٜي يَاڧَرَࢽْتَا  إࢽْدَوَوْتَاتَايَوَيْتَا,0.12727272727272726,0.3333333333333333
Infiraji_7.pdf_page_10_line_005,وَسࣸ کࣸواْ سࣸمَتى أَتَڢْکِى وَسࣸ کࣸواْسَࢽَدِࢽْسࣸ طَاکِى,وَسࣸ کࣸواْسࣸمَثٜيٰ أَتَڢْکِي وَسࣸ کࣸواْسَࢽَدِࢽْسࣸ طَاکِي,0.12727272727272726,0.5714285714285714
Infiraji_10.pdf_page_1_line_012,مَࢽْ يَشَاءࣸ وَيَڢَکَّهࣸ عَمَّࢽْ يَشَاءࣸ ڢِي المڧَامَات,مَࢽْ يِثَا وَيڢَکَّهࣸ عَمَّࢽْ يَشَاءࣸڢِي المڧَامَاتَ,0.12727272727272726,0.7142857142857143
Infiraji_4.pdf_page_41_line_008,وَࢽْسࣸ کَوْاْشِڟَيَاأڧِرجِي    غَاشِ رَاࢽَاتَايى غرْجِي,وَࢽْسࣸ کࣸوْاْشِڟَيَاأَڧِرْجِي   غَاشِ رَاࢽَاتَايِي غَرْجِي,0.12727272727272726,0.6
Infiraji_7.pdf_page_9_line_002,هَرْثِکِࢽْ رࣸوَࢽٜٜىٰ تَبِيشِ بَىْ هَيٰٜبَ تَمَاڧَرٜىٰشِ,حَرْثِکِࢽْ رࣸوَࢽٜيٰ تَبِيشِ  بَيْ هَيٜيٰبَ تَمَاڧَرٜيٰشِ,0.12727272727272726,0.8333333333333334
A_Poem_on_the_British_Waƙar_Nasara.pdf_page_3_line_013,غاالله ذࢽبدت غالرسول    ذماشي اࢽلباثٜيٰتو مڟيرا,غاالله ذࢽبدتت غالرسو    ذماشي اࢽکباثٜيتومطيرا,0.1276595744680851,0.6666666666666666
Infiraji_10.pdf_page_10_line_012,حَکَ وَدَّکٜيٰ طِيبَرْ أَبِࢽثِ  تَبَࢽْتَا   حَکَ مَيْ حَࢽَاوَامِجِࢽْتَ سࣸࢽَّرْأَوْرٜيٰ,حَکَ وَدَّکٜيٰ طِيَرْ أَبِࢽْثِ بَبِࢽْتَا    حَکَّ مَيْ حَࢽَاوَامِجِيتَ سࣸࢽَّْ أَوْرٜيٰ,0.12790697674418605,0.7777777777777778
Infiraji_9.pdf_page_13_line_013,شَيْغࣸوا إِࢽْ سࣸࢽْيَوَيْتََاأَدࣸوࢽِࢽَا   جَرَّبࣸواْ سࣸکَࢽْ رِڧَاأَيْکࣸودࣸࢽِيَا,شَيْڧࣸواإِࢽْ سࣸࢽْيَوَيْتَاأَکࣸوࢽِيَا  جَرَّبࣸواْ سࣸکَࢽْ رِڧَّا أيْکࣸودࣸوࢽِيَا,0.1282051282051282,0.8333333333333334
Nana_Asmāʾu_The_Absolute_Truth_1_Nana_Asmāʾu_Tabbat_Haqiqan_1.pdf_page_10_line_003,جَمّࣸ أࣸشْدِِ کࣸلࣸورَ تَࢽَّتْ حَڧِيڧََا,جَمّ ࣸشْدِ کࣸلࣸورَتَبَّتْ حَڧِيڧََا,0.1282051282051282,0.8
Nana_Asmāʾu_Admonition_Nana_Asmāʾu_Waazi.pdf_page_1_line_003,ࢽَاڢغࣸودٜيٰ عࣸبࢽغجِيࢽَا رحِيمِ   وَࢽْدَيَيّࣸوࢽِ مَيْ سَرَوْتَا کَرِيمِ,ࢽَاڢَغࣸودٜيٰ عࣸبَࢽْغِجِيࢽَارَحِيمِ  وَࢽْدَيَيّࣸويِ مَيْ سَرَوْتَاکَرِيمِ,0.12857142857142856,0.8571428571428571
A_Person_with_a_Livelihood_Will_Never_Be_Destitute_Mai_Sanaa_Ba_Ya_Tsiya.pdf_page_3_line_002,مَيْرࣸوڧࣸوࢽْ طَرِي غࣸࢽْ وَࢽِࢽْسَا  غَارَکَدَيْࢽَيِي کَجٜي کَيْ صَࢽْاعَ,مَيْرࣸوڧࣸوࢽْ طَرِي کࣸوَبࣸوغࣸࢽْ وَࢽِࢽْسَا   غَارَکَدَيْࢽَيِي کَجٜي کَيْ صَࢽَاعَ,0.12857142857142856,0.25
Warning_Gargaɗi_Infiraji_2.pdf_page_4_line_006,تَيْ ݒَرِي بَيْ ذَمْࢽَ دࣸوࢽِيَا,تَيْ بَرِي بَيْ ذَمْࢽَ دࣸوࢽِيَابَا,0.12903225806451613,0.4
Infiraji_12.pdf_page_16_line_015,طَاکِࢽْدَيَݣَاࢽَ ذَيْىِ غَمْبَا,طَاکِࢽْدَيَݣَاذَيْيِ غَمْبَا,0.12903225806451613,0.6666666666666666
Warning_Gargaɗi_Infiraji_2.pdf_page_12_line_005,کَيࢽَ أدࣸوࢽْسࣸ دَکَيْࢽ هَوَࢽْسࣸ    بَىٰ کَ ڧَارَغَࢽࢽْ طَيَࢽْسࣸ,کَيَࢽْ أَدࣸوࢽْسࣸ دَکَيْࢽْ هَوَࢽْسࣸ  بَا کَ ڧَارَغَࢽࢽْ طَيَࢽْسࣸ,0.12903225806451613,0.5
Infiraji_4.pdf_page_43_line_013,شِمَا يَثٜىٰ ࢽِي بَذَࢽْ إيَابَا,شِيمَايَثٜيٰ ࢽِي بَذَࢽْ إِيَابَا,0.12903225806451613,0.6
Infiraji_11.pdf_page_9_line_008,طَيْبَب اِࢽْغَ مَڢِى مَزَاجٜىٰ    کࣸورْجِࢽِي غَاکَيْوْدَسَيٜىٰ,طَيْبَإِࢽْغَ مَڢِي مَزَاجٜىٰ  کࣸورْمِࢽِي غَاکَيْوْدَسَيٜيٰ,0.12903225806451613,0.8333333333333334
Infiraji_12.pdf_page_17_line_006,کࣸوْوَابَسࣸ بَرْشِ يَاسَکٜىٰبَا,کࣸووَابَسࣸ بَرْشِ يَاسَکِيبَا,0.12903225806451613,0.6666666666666666
Infiraji_3.pdf_page_14_line_004,دࣸولٜيٰ غَاکࣸواْࢽَࢽْ کࣸشٜيٰوَا     تَاتَڢࣸواْ تَاتَردَ کٜيٰوَا,دࣸولٜيٰ غَاکࣸواْࢽَࢽْ کࣸشثٜيٰوَا  تَاتَڢࣸواتَاتَرْدَکٜيٰوَا,0.12903225806451613,0.6666666666666666
ELIT_WAN_00130_006r_line_009,ڢالجوهر الڢردوالا جسام حادثت ؞ کذاک اعى ا ضها لا ڢى ڡ ڢى المثل,ڢالجوع الڢدوالاجسام حادثت ؞ کذاک اعࢽ اضهالاڢى ڡ ڢى المثل,0.12903225806451613,0.5714285714285714
Infiraji_3.pdf_page_1_line_006,اَلحَاجِ مَالمْ عَلِيّࣸ ࢽَمَࢽغِ,الْحَاجِ مَالَمْ عَلِيّࣸ ࢽَمَࢽْغِ,0.12903225806451613,0.75
MAF_286.pdf_page_8_line_010,وَࢽَّࢽْ وَاَلْأمَرِي يَاإِسَ أَبِࢽْ اَلْعَجَبِي؞  کَمَرْ شِي يَکࣸومࣸواسِيدِ أَࢽَّبِ أَحْمَدَا,وَࢽّرْڢَ اَلَمَرِي يَاإِسَ أَبَࢽِ اَلْعَجَبِي ؞ کَمَرْشِي يَکࣸومࣸواسِيدِ أَࢽَّبِ أَحْمَدَا,0.12903225806451613,0.6
Infiraji_9.pdf_page_5_line_010,ݣࣸاࢽࣸکَا ࢽَعَلِيَّ دࣸوࢽِيَا    بَابࣸ مَيْ ذَمْࢽَاوَا الَاڢِيَا,کَاࢽࣸکَاࢽَعَلِيّ دࣸوࢽِيَا  بَابࣸ مَيْ ذَمْࢽَاوَالَاڢِيَا,0.12903225806451613,0.5714285714285714
Infiraji_5.pdf_page_3_line_013,ِٜأَࢽْ شَاشِࢽٜيٰ ࢽَغَرْتَا    تࣸواْ بَرٜيٰ أَࢽْبَاکَ کَيْوْتَا,أَࢽْ تَشَاشِࢽٜيٰ ࢽَغَرْتَا  تࣸواْيَرٜيٰ أَࢽْبَاکَ کَيْوْتَا,0.12903225806451613,0.5714285714285714
Celebrating_Cerno_Aliiyu_Ɓuuɓa_Ndiyaŋ_Waccugol_Cerno_Aliiyu_Ɓuuɓa_Ndiyaŋ.pdf_page_1_line_014,يَا جٜيطࣸ عَرْشِ عٜکرْسِ جࣽࢽ کَمّࣸولِڢࣽوْ جࣸࢽ لٜيْطٜ تَڢࣸطࣽ کࣽوࣽنِعٜمࣸمْ کࣽمِهࣸنَّتَا,يَاجِيْطࣸ عَرْشِ عٜکࣸرْسِ جࣸࢽ کَمّࣸولٜڢࣸوْجࣸࢽلٜيْطࣶ تَفࣸطࣽ کࣽوࣽنِعٜمࣸمْ کࣽمِهࣸنَّتَا,0.12941176470588237,0.6363636363636364
Nana_Asmāʾu_The_Authentic_Path_Nana_Asmāʾu_Godaben_Gaskiya.pdf_page_3_line_008,رّشِࢽْ ڢَرࣸوَاثِييو کَذَاکَ دَعاغَجِ    غَلَتَّو کَسَا أَيِ تَيْمَمَا إࢽدَ مࣸحَمَّدَا,رَشِࢽْ ڢَرࣸوَاثِييࣸوکَذَاکَ دَعَاغَجِ   غَلتّࣸو کَسَاأَيِ تَيْمَمَا إِࢽْدَمࣸحَمَّدَا,0.12941176470588237,0.9
Infiraji_4.pdf_page_37_line_012,غَاعَذَابࣸوࢽَاڟِبࣸوْاوَا     غَاڧࣸواڧࣸولواࢽَاڢَشٜىٰوَا,غَاعَذَابࣸوࢽَاڟِبࣸوْاوَا  غَاڧࣸواڧࣸلْوَاࢽَاڢَشٜيٰوَا,0.12962962962962962,0.5
Infiraji_12.pdf_page_17_line_007,دࣸوْکِيارْمَمَثِي تَݒاشِي    سَيڢَ لِکَّڢَࢽِى دَبَاشِي,دࣸوکِيَرْمَمَثِي تَݒَاشِي  سَيْڢَ لِکَّڢَࢽِي دَبَاشِي,0.12962962962962962,0.8
Infiraji_8.pdf_page_28_line_001,سَىْ أثٜى جِبْرِيلࣸ جٜىٰکَ    غࣸࢽْ مَڢِيڢيثِࢽْ مَأَيکَ,سَىْ أَثٜىٰ جِبْرِيلࣸ جٜىٰکَ غࣸࢽْ مَڢِيڢِيثِࢽْ مَأَيْکَ,0.12962962962962962,0.42857142857142855
ELIT_WAN_00130_018r_line_011,امسک لسانک تسلم مࢽ غوابله ؞ بالمت ثم متى لم يمکر انعزل,اسکلهانک تسلم مࢽ غوابله ؞ بالصت ثم متى لم يک انعدل,0.12962962962962962,0.4166666666666667
The_Glorious_Majidu_Infiraji_1.pdf_page_7_line_011,کࣸورجِࢽِي مَى ڟࣸوارَتَزوَا   ࢽَاغَ الࢽَّبِ غَاعࣸلّࣸوَا,کࣸورْجِࢽِي مَيْ ڟࣸواْرَتَرْوَا  ࢽَاغَ الࢽَّبِ غَاعࣸلّࣸوَا,0.12962962962962962,0.5
The_Human_Being_Is_an_Incurable_Disease_Mutum_Cuta_Ne_Marar_Magani.pdf_page_2_line_005,وإࢽ تخالطهم ڧالوا به طمع  أو إࢽ تجاࢽبهم ڧالوا به الملل,واࢽ تخاالطهم ڧالوابه طمع  أواࢽ جاࢽبهم ڧالوابه الملل,0.12962962962962962,0.8181818181818182
The_Glorious_Majidu_Infiraji_1.pdf_page_11_line_002,يَامَڟَامَࢽْ وَࢽْدَ يَاڢَا   طَازࣸرْڢِى بَامࣸ ڧࣸوْاڢَا,يَامَڟَامَرْوَࢽْدَيَاڢَا  طَازࣸرْڢِي بَامࣸ ڧࣸوْاْمَا,0.12962962962962962,0.8333333333333334
ELIT_WAN_00130_008r_line_007,ولتعرض عنه لا تجعل له خطى ا ؞ ممااشتفلت بذکرالله ينخزل,ولتعرض عنه لاتجعل له خطا ؞ ممااشتذلت بدک الله ينخل,0.12962962962962962,0.7272727272727273
A_Person_with_a_Livelihood_Will_Never_Be_Destitute_Mai_Sanaa_Ba_Ya_Tsiya.pdf_page_2_line_016,وَايىٰ مَيْذَمَࢽْذَتَودَࢽْ عَبَاشِ    ثٰٜࢽٜىٰ مِࢽْ مࣸتِࢽْ مَرَرْ يِࢽْ صَࢽَاعَ,وَايٜيٰ مَيْذَمَࢽْ ذَتࣸودَࢽْ عَبَاشِ   ثٜيٰࢽٜي مِࢽْ مࣸتِࢽْ مَرَريِࢽْ صَࢽَاعَ,0.12987012987012986,0.6666666666666666
A_Poem_on_Adultery_Waƙar_Zina.pdf_page_1_line_004,عِذَابَاتَا الله اَرَࢽَرْ الڧِيَامَا   تَعَلَى دَيَيࣸوتَ دࣸࢽمِيْذِࢽَا,عَذَابَاتَااللࣸ اَرَاࢽَا الڧِيَامَا   تَعَلَى دَيَيَوتَ دࣸࢽمِيذَࢽَا,0.13043478260869565,0.7142857142857143
Infiraji_9.pdf_page_18_line_004,أّڢِدَشِي کࣸمَابَايَࢽْ شٜيٰکَرَىٰ  أّبَاشِ کࣸرْڢࣸرْ ݣࣸاࢽَࢽْ شٜيٰکَرَا,أَڢِدَشِي کࣸمَابَايَࢽْ شٜيٰکَرَايٰ  أَبَاشِ کࣸرْڢࣸوکَاࢽَࢽْ شٜيٰکَرَا,0.13043478260869565,0.7142857142857143
Celebrating_Cerno_Aliiyu_Ɓuuɓa_Ndiyaŋ_Waccugol_Cerno_Aliiyu_Ɓuuɓa_Ndiyaŋ.pdf_page_2_line_013,يَٰال يَرْنࣸمࣽ وٰٜيدࣸأَنَّبِ أَحْمَدࣸ هࣽنامّࣸ درڢردوس سَارٜدٜبࣽنتَتَا,يَال يَرْنࣸمࣸ وٜيدࣸأنَّبِ أَحْمَدࣸ هࣸنامّࣸ درڢٜردوسَ سَارٜدٜبࣸنْتَتَا,0.13043478260869565,0.8571428571428571
Knowledge_to_Follow_God_Gandal_Fii_Rewugol_Alla.pdf_page_8_line_002,نَاتࣸفࣽلْ ࡶَلْجَࢽَّ عَلَىٰ مَࢽ ڢِى فَلْبِهِ>عࣽمّ مّࣽوࣽرٜعٜبٜرْدىٜرْدٜ,نَاتࣸفࣽلْ ࡶَلْجَرَّعَلَى مَࢽ ڢِح فَلْبِهِ>عࣽمّ مّࣽوࣽرٜعٜبٜرْدٜ,0.13043478260869565,0.4444444444444444
Infiraji_9.pdf_page_2_line_008,أللَّهࣸمَّ أَحْڢِظْࢽَا مِࢽْ بࣸغضِ الظَالِمِيࢽْ,اَللَّهࣸمَّ أَحْڢِظْࢽَا مِࢽْ بࣸغضِ الْمࣸسلِمِيࢽْ,0.13043478260869565,0.4
A_Person_with_a_Livelihood_Will_Never_Be_Destitute_Mai_Sanaa_Ba_Ya_Tsiya.pdf_page_7_line_016,هِجْرَاتَيْ طَرِيعࣸکࣸ تَمَاࢽِࢽْ  کَسَࢽْيابِيَرْ کَسَادࣸبࣸو کَيْشَرِعَ,مِجْرَاتَيْ طَرِيڢࣸکࣸ دَتَمَاࢽِࢽ   کَسَࢽْيَابِيَرْکَسَادࣸبࣸوکَيْشَرِع,0.13043478260869565,1.0
Infiraji_5.pdf_page_1_line_005,بِإِذْࢽِ مࣸوَلِڢࣸ هَذَا,بِإِذْࢽِ مࣸوَلّڢࣸ هَدَ,0.13043478260869565,0.6666666666666666
Infiraji_4.pdf_page_14_line_008,سَيْ أَسَازَبَّاࢽِيَاوَا  غَرْغَطࣸوسࣸ رکࣸوْوَا,سَيْ أَسَازَبَّاࢽِيَاوَا  غَرْغَطࣸوسࣸ سࣸطࣸورَکࣸوْوَا,0.13043478260869565,0.25
Infiraji_7.pdf_page_5_line_001,دَامَࢽِيِ ڢَارَکࣸࢽْکَ مَوشٜيٰ ࢽٜيٰ ڧَارَشِࢽْکَ,دَامِلِي ڢَارَکࣸلْکَ  مَوشٰٜ ࢽٜيٰ ڧَارَشِࢽْکَ,0.13043478260869565,0.6
MAF_286.pdf_page_20_line_017,ولوالدي ولجميع المسلميࢽ,ولوالدى وجميع المسلمير,0.13043478260869565,1.0
Infiraji_12.pdf_page_11_line_007,جَاهِلَىْ دَيْدَىْ دَمَاتَا     ࢽَٜىٰ إدَࢽْدَىْ سࣸࢽْغَ ثࣸوتَا,جَاهِلَيْ دَيْدَيْ دَمَاتَا  ࢽٜيٰ إدَࢽْدَيْ سࣸࢽْغَ ثࣸوتَا,0.13114754098360656,0.5714285714285714
Infiraji_12.pdf_page_8_line_005,أَىْ بَݣࣸىْ سَىْ سࣸومَ شٜىٰمَا    غَابِطࣸوْامَىْ دࣸوبَ مَامَا,أَيْ بَݣࣸيْ سَيْ سࣸومَ شٜيٰمَا   غَابِطࣸواْمَيْ دࣸوبَ مَامَا,0.13114754098360656,0.625
Infiraji_12.pdf_page_19_line_013,کࣸوْاصَلَاتِ الْڢَاتِحِ ࢽٜىٰ      سَوْطَرِي عࣸکࣸ ذَکَ جَاࢽٜىٰ,کࣸوْاصَلَاتِ اِلْڢَاتِحِ ࢽٜيٰ  سَوْطَرِي عࣸکࣸ ذَاکَ جَاࢽٜيٰ,0.13114754098360656,0.5714285714285714
Infiraji_9.pdf_page_24_line_004,الࢽَّمِيمَيْ مَاسࣸو يوَࢽْ دَرَا وࣸتَا لَظَيٰ ࢽَاࢽَاتاڧَاغَرَا,اَلࢽَّمِيمَيْ مَاسࣸويَوَࢽْ دَرَا  وࣸتَالَڟَٰ ࢽَاࢽَاتَاڧَاغَرَا,0.13114754098360656,0.8571428571428571
Infiraji_8.pdf_page_26_line_007,سَىْ يَثٜىٰ مَسَ أَىْ حَلِيࢽٜىٰ    ࢽَاتَڢࣸواࢽَسَࢽَرْدَکࣸوࢽٜىٰ,سَيْ يَثٜيٰ مَسَ أَيْ حَلِيࢽٜيٰ  ࢽَاتَڢࣸواْࢽَسَࢽَرْدَکࣸوࢽٜيٰ,0.13114754098360656,0.8333333333333334
Infiraji_12.pdf_page_14_line_005,سَيْڢَ رِيمَايٜىٰ دَݒکّࣸواْ    تࣸوبَ مَىْ سࣸࢽْ ࢽࣸوࢽَ ڢِيکࣸواْ,سَيْڢَ رِيمَايٜيٰ دَيَکࣸواْ  تࣸوبَ مَيْ سࣸࢽْ ࢽࣸوࢽَ ڢِيکࣸوَاْ,0.13114754098360656,0.5
Infiraji_8.pdf_page_18_line_010,سࣸوڢَ يٜࢽْ وࣸتَاسَيْ سࣸذَاݒِي    وَيْ أَبَرْمَسࣸواْ تَکَرْݒِي,سࣸوڢَ يٜࢽْ وࣸتَ سَيْ سࣸذَاݒِي  وَيْ أَبَرْتَ مَهࣸواْ تَکَرْبِي,0.13114754098360656,0.7142857142857143
Infiraji_11.pdf_page_10_line_013,يَاکَمَاتَ مࣸغࣸودٜىٰ وَࢽْدَا    مࣸࢽْ کَسَࢽْ کَلْمَࢽْ شࣸسَادَا,يَاکَمَاتَ اࣸڧࣸودٜيٰ وَࢽْدَا  مࣸࢽْ کَسَࢽْ کَلْمَاْ شَهَادَا,0.13114754098360656,0.42857142857142855
Nana_Asmāʾu_The_Authentic_Path_Nana_Asmāʾu_Godaben_Gaskiya.pdf_page_3_line_015,دَکوࣸحَࢽْڧࣸرِِࢽْ وَحَلَرْعِبَادَدحَࢽْڧࣸرِِࢽْ     تَلَوْثِي کَبَادَڢَطَوْکَکَاإِࢽْدَأحَمَدَا,دَکࣸوحَࢽْڧࣸرِࢽْ وَحَلَرْ عِبَادَادَحَࢽْغࣸرِرِࢽْ   تَلَوْثِي کَبَادَڢَطَوْکَکَاإِࢽْدَاحْمَدَا,0.13186813186813187,1.0
The_Glorious_Majidu_Infiraji_1.pdf_page_12_line_011,ࢽَاغَبر ىشِ کࣸسَࢽْتَ غَايَا  مَى جِدَالِى دࣸوب ءَايَا,ࢽَاغَبٜريٰشِ کࣸسَࢽْتَ غَايَا   مَىْ مِدَالِى دࣸوبِ ءَايَا,0.1320754716981132,0.625
ELIT_WAN_00130_002r_line_009,وڢيل لا اذيرى لعذاتوافڢى ؞ على الدلالةبالتصديڡ لله سل,وفيل لا اذيرى هذاتوفڢ ؞ على الدلالة بالتصديد لله سل,0.1320754716981132,0.4444444444444444
The_Glorious_Majidu_Infiraji_1.pdf_page_7_line_005,کَامِلِي أبَرِࢽْ عَدَاوَا    ذࣸوثِيا تَسَ بَاطَغَاوَا,کَامِلِى أَبَرِࢽْ عَدَاوَا   ذࣸوثِيَاتَسَ بَاصَغَارَا,0.1320754716981132,0.8333333333333334
Infiraji_4.pdf_page_46_line_011,سَىْ أڢِدَّوتَرْسَشِࢽْسࣸ    سَࢽْدَالࢽَّبِى يَاکِرَاسࣸ,سَيْ أَڢِدّࣸوتَرْسَشِࢽْسࣸ  سَࢽْدَاَلࢽَّبِي يَاکِرَاسࣸ,0.1320754716981132,0.75
A_Poem_in_Honor_of_the_Emir_of_Kano_Waƙar_Sarkin_Kano.pdf_page_1_line_007,ياعبدياطࢽ عبد جيکࢽ عبدکي  کاکي بࣸغٜࢽْ دأکي بکاتر سࢽکا,ياعبدياطࢽ عبد بيکࢽ عبدکي    کاکي بغࢽ داکي بکاتر سࢽکا,0.1320754716981132,0.3333333333333333
Knowledge_to_Follow_God_Gandal_Fii_Rewugol_Alla.pdf_page_5_line_016,وَڢَرَآإضࣸ ࡼلسَّوْمِ ڢَرِللَّجِ کࣽرْکَ خَمْشَةࣻکࣽجࣽوِ,وَڢَرَآاِضࣸ ࡼلسَّومِ ڢَرِلَّجِ کࣽرْکَ خَمَشْةࣻکࣽجࣽمِ,0.1320754716981132,0.8
Infiraji_3.pdf_page_10_line_014,سَيْ زࣸوَابَاأَمࣸرْزَا     ظَاهِرِࢽْ کَلْمَرْمࣸ هَٰذا,سَيْ زࣸبَاوَابَاأَمࣸرْزَا  ظَاهِرِࢽْ کَلْمَرْمࣸ هَٰذَا,0.1320754716981132,0.4
ELIT_WAN_00130_018r_line_004,و طهرالغلب مࢽ غش و من حسد ؞ ولتستعذ منحا بالله وابتهل,وطهر الغلب مࢽ غش ومࢽ حسد ؞ ولتستعذمنمابالله وابتهل,0.1320754716981132,0.5833333333333334
ELIT_WAN_00130_004r_line_003,ونسبت الکل للکࢽ سى ن عملم ؞ طحلفت ء ڢلا ت جاء ڢى المث,ونسبة الکل للکر سى نا عملم ؞ طحلفت تا ڢلات جاء ڢى المثل,0.1320754716981132,0.5
Warning_Gargaɗi_Infiraji_2.pdf_page_3_line_003,ࢳࢽْعࣸوَاسࣸکَ تَمْبَيٰٜࢽِ   مࣸيْوَوَاڧَرْ تَامࣸ ڟَاࢽِي,عَࢽْعࣸوَاسࣸکَ تَحْبَيٜيٰࢽِ مࣸيْوَوَاڧَرْتَامࣸ ڟَاࢽِي,0.1320754716981132,0.8
The_Human_Being_Is_an_Incurable_Disease_Mutum_Cuta_Ne_Marar_Magani.pdf_page_1_line_007,إࢽي تحيرت ڢي أمري وأمرهم  شبه الࢽعامة لا طير ولا جملࣼ,اࢽي تحيرت ڢي امري وامرهم شبه الࢽعامة لاطيرولا جمل,0.1320754716981132,0.6363636363636364
ELIT_WAN_00130_019r_line_002,الومحا ڢعسى مولاى ير حمهما ؞ فديرحم الله اڢضالابلاعمل,الوما ڢعسى مولا ى ى حها ؞ فدبرحم الله اڢضالابلاعمل,0.1320754716981132,0.6666666666666666
Infiraji_5.pdf_page_17_line_011,لَىْڢࣸکَࢽتَ سࣸࢽَادَمࣸوࢽِى    إࢽْدَذَاتَ ذَمَاسࣸکࣸوࢽِي,لَيْڢࣸکَࢽْتَ سࣸࢽَادَمࣸوࢽِي إِࢽْدَذَاتَ ذَمَاسࣸکࣸوࢽِي,0.1320754716981132,0.75
A_Poem_on_Adultery_Waƙar_Zina.pdf_page_1_line_019,کَثٜى اَرْزِڧِسࣸ وَتَاالڧِيَامَا    اِدَࢽْ سࣸࢽمَثٜى کَوسࣸࢽايِࢽ زِࢽَا,کَثٜي أَرْزِڧِسࣸ وَتَاالڧِيَامَا   إدَࢽْ سࣸࢽْمَثٜي کَوسࣸࢽَايِࢽْ زِࢽَا,0.1323529411764706,0.7142857142857143
Infiraji_12.pdf_page_14_line_009,دَاجَࢽْ غࣸرْذࣸوبَيَامَثٜىٰ بَا,دَاجَࢽْ غࣸرْذࣸواْبَبَاَثٜىٰ بَا,0.13333333333333333,0.3333333333333333
Nana_Asmāʾu_The_Absolute_Truth_1_Nana_Asmāʾu_Tabbat_Haqiqan_1.pdf_page_1_line_008,کࣸيْ ࢽَظَرْ يَࢽْ عࣸوَاکࣸسَامࣸو کࣸدࣸوبَا          دَࢽْ ࢽَصِيحَرْ کࣸ ذَࢽْڢَطِي دࣸࢽْ مࣸحِبَّا,کࣸيْ ࢽَطَرْيَࢽْ عࣸوَاکࣸسَامࣸوکࣸدࣸوبَا   دࣸࢽْ ࢽَصِيحَرْکࣸ ذَࢽْڢَطِي دࣸࢽْ مࣸحِبَّا,0.13333333333333333,0.6363636363636364
Infiraji_3.pdf_page_4_line_003,ذࣸࢽࣸبِى ࢽٜىٰ بَاْأبَرْمࣸسࣸوبَا,ذࣸࢽࣸبِى ࢽٜىٰ بَاأبِࢽْ مࣸسࣸوبَا,0.13333333333333333,0.6666666666666666
Nana_Asmāʾu_The_Absolute_Truth_1_Nana_Asmāʾu_Tabbat_Haqiqan_1.pdf_page_10_line_001,ࢽَايِ رࣸوڧَࢽْ کࣸکَرْبِ تَخْمِيسِ مࣸࢽْذِي   لِيسَڢِيࢽَاࢽَرَمزࣸهِجْرامَلاَذِي,ࢽَايِ رࣸوڧَࢽْ کࣸکَرْبِ تَحْمِيسِ مࣸࢽْذِ لِيسَڢِيࢽَاࢽَرَمْزِي هِجْرَامَلاذِي,0.13333333333333333,0.6666666666666666
Infiraji_12.pdf_page_2_line_005,بَأکَࢽْغَ وَرَࢽْدَذَاحَيٜىٰبَا,بَأَکَࢽْغَوَرِࢽْدَذَاحَيٜيٰبَا,0.13333333333333333,1.0
Knowledge_to_Follow_God_Gandal_Fii_Rewugol_Alla.pdf_page_2_line_005,عٜمَکࣸدٜنࣽبِّطِࢽْ طࣶطࣶ وَ تَجْدِ يدࣸࡼلْمَآ ءࣸ,عٜمَسْکࣸدٜنࣽبِّطِࢽْ طࣶطࣶ وَتَجْدِيدࣸࡼلْمَاءࣸ,0.13333333333333333,0.8333333333333334
Infiraji_9.pdf_page_20_line_008,حَرْدَوَࢽْدَيَکارَتَلَاتِيࢽْ    شِي دَمَاتَاࢽَارَبَاشِ ڢِطَا,حَرْدَوَࢽْدَيَݣَاࢽَ تَلَاتِيࢽِ  شِي دَمَاتَاࢽَارَبَاشِ جِطَا,0.13333333333333333,0.75
Infiraji_12.pdf_page_17_line_013,دࣸوکِيَرْأَجىٰ سَىْ مَغَادَا     دࣸࢽْ شَرِيْعَابَاتَ يَرْدَا,دࣸوکِيَرْأَجٜىٰ سَيْ مَڧَادَا   دࣸࢽْ شِرِيعَابَاتَ يَرْدَ,0.13333333333333333,0.8333333333333334
A_Poem_on_the_British_Waƙar_Nasara.pdf_page_2_line_014,ادࢽ الله تعلى ياجکࢽم    سبام مجددي مبوي ࢽصارا,إدࢽ اللها تعلي ياجکࢽه  سبام مجددي مبوي ࢽصارا,0.13333333333333333,0.5
Warning_Gargaɗi_Infiraji_2.pdf_page_9_line_005,تَاڢِ کࣸواْمِي ڟࣸواْرَتَرْوَا    طَالِبِي هَرْمَيْ سّࢽَرْوَا,تَامِکࣸواْمِي کࣸوارَتَرْوَا  کَالِبِي هَرْمَيْ سَࢽَرْوَا,0.13333333333333333,0.8333333333333334
Nana_Asmāʾu_The_Absolute_Truth_1_Nana_Asmāʾu_Tabbat_Haqiqan_1.pdf_page_3_line_011,يَاسࣸ کَيْ إِࢽْدَشَرْعࣸ ثَࢽْ أَࢽْکَ ڢࣸورَا   مَاسࣸ کࣸرࣸورࣸوَا دࣸکْ دَسَارَا,يَاسࣸ کَيْ إِࢽْدَشَرْعࣸ ثَࢽْ أَࢽْکَڢࣸورَا   مَاسࣸ کࣸويِࢽْ کࣸرࣸورࣸوَادࣸکْ دَسَارَا,0.13333333333333333,0.4
Warning_Gargaɗi_Infiraji_2.pdf_page_9_line_012,بَاکࣸࢽْ رَسَ جِࢽْ کࣸرࣸورࣸوَبَا,بَاکࣸࢽْرَاسَ جِࢽْ کࣸرࣸوْرࣸوبَا,0.13333333333333333,0.75
Infiraji_6.pdf_page_2_line_002,وَاڧَرْ وَعَظِي,وَاڧَرْوَعَصِي,0.13333333333333333,1.0
MAF_286.pdf_page_8_line_004,حَلِتَّ تَمَهْدِ کَمَرْ حَلَّتَ مࣸحَمَّدࣸ؞  طَبِيوَ تَمَهْدِ کَمَرْ طَبِيعَ تَا مࣸحَمَّدَا,حَلِتَّ تَمَّمْدِ کَمَرْ حَلَّتَ مࣸحَحََّدࣸ ؞  طَيِيمَ تَمَْهْدِ کَمَرْکَيِيعَ تَامࣸحَمَّدَا,0.13333333333333333,0.7272727272727273
Infiraji_6.pdf_page_19_line_014,کَىْ مࣸتَاࢽٜىٰ مَاسࣸ رࣸوبَا    سࣸوڢَ رِيْشࣸ يَکَىْ تَطِيْبَا,کَيْ مࣸتَاࢽٜيٰ مَاسࣸ رࣸوبَا  سࣸوڢَرِيشࣸ يَکَࢽْ تَطِيبَا,0.13333333333333333,0.75
The_Human_Being_Is_an_Incurable_Disease_Mutum_Cuta_Ne_Marar_Magani.pdf_page_8_line_016,ولولاه لم أکتبت,ولولاء لم اکتبت,0.13333333333333333,0.6666666666666666
A_Poem_on_Adultery_Waƙar_Zina.pdf_page_2_line_021,إدَࢽ بَاکَ اَيکوطَرٜى غِدَࢽْکَ    دَبَاکَدَعِيکࣸࢽ حࢽَاوَزࢽَا,إِدَࢽ بَاکَ أَيکِوطَرٜي غِدَࢽْکَ   دَبَاکَدَعِيکࣸو حَࢽَاوَزِࢽَا,0.13333333333333333,0.6666666666666666
Infiraji_8.pdf_page_25_line_004,حَرْسࣸکَࢽْ سَاڧࣸوْاْغَرٜىٰࢽِي     تࣸࢽْدَدَىْ ࢽِکٜىٰ ڟَکَاࢽِي,حَرْسࣸکَࢽْ سَاڧࣸواْغَرٜيٰࢽِي  تࣸࢽْدَدَيْ ࢽِيکٜيٰ ڟَکَاࢽِي,0.13333333333333333,0.6
Infiraji_8.pdf_page_22_line_002,بَاسࣸ کࣸوْاسَامࣸࢽْ سَرَارٜىٰ    سَىْ دࣸحࣸومَيْطَوْرَأَوْرْىٰ,بَاسࣸ کࣸواْسَامࣸࢽْ سَرَارٜيٰ  سَيْ دࣸحࣸومَيْطَوْرَأَوْرٜيٰ,0.13333333333333333,0.8
MAF_286.pdf_page_14_line_014,مࣸيِوࣸوکࣸمَ جَهَادِدَمَڧِيَاسࣸوغࣸدَا ؞  حࣸطࣸ شٜيطَࢽْ دَࢽَڢْسࣸ دَبِࢽْ هَوَيٰ کࣸمَ سَرْمَدَا,مࣸيِوࣸوکࣸمَ جَهَادِ دَمَڧِيَاسࣸوغَدَا؞ حࣸحطࣸ شِيطَࢽْ دَࢽَْسࣸ دَبِࢽْ مَذَيٰ کࣸمَرْمَدَا,0.13333333333333333,0.8
The_Glorious_Majidu_Infiraji_1.pdf_page_7_line_014,کࣸوْا دَيَاذَمَ شࣸوغَبَا ࢽٜىٰ   بَـاشِ ثٜى مَکَ يَاڢِ وَاࢽيٰ,دࣸوْاْدَيَاذَمَ شࣸوغَبَاࢽٜيٰ  بَاشِ ࢽٜى مَکَ يَاڢِ وَاࢽٜيٰ,0.13333333333333333,0.7777777777777778
Nana_Asmāʾu_The_Authentic_Path_Nana_Asmāʾu_Godaben_Gaskiya.pdf_page_3_line_007,ضَرࣸورَاِدَࢽْ تَاکٜوْتࣸ کࣸواَىِ تَيْمَمَا ڢَدࣸࢽْ شِيلَشِى سࣸࢽَّاڢَکٜࢽَاغَاَحْمَدَا,ضَرࣸورَاإِدَࢽْ تَاکٜيوتࣸ کࣸواَيِ تَيْمَمَا   ڢَدࣸࢽْ شِيلَشِي سࣸࢽَّاڢَکٜيٰࢽَاغَاحْمدَا,0.13414634146341464,0.7142857142857143
A_Person_with_a_Livelihood_Will_Never_Be_Destitute_Mai_Sanaa_Ba_Ya_Tsiya.pdf_page_7_line_007,سَيَرْکِثِي دَکَيْ دَشِي ࢽَࢽْ يَتاشِ  بَرْحࣸطَّادَوَࢽْدَ يَاصَࢽَاعَ,سَيْرِکثِي دَکَيْ دَشِي ࢽَࢽْ بَتَاشِ   بَرْحࣸطَّادَوَࢽْدَبَايَاصَࢽَاعَ,0.13432835820895522,0.5714285714285714
On_Divine_Punishment_2_Kuuɗe_Lette_2.pdf_page_1_line_012,تَڡࣸ ڢࣽوْسِبٜ مࣸرْتࣸ وَطَالِ تَنَا طࣸيْتَالِ کَبَوْفَلْ ذَاتِ فٜلٜى,تَوࣸلْسَبٜ مࣸرْتࣸ وَطَالِ تَنَاطࣸيْتَالِ کَبَوْفَلْ ذَاتِ ڢٜلٜىٰ,0.13432835820895522,0.5555555555555556
The_Harlots_Song_Waƙar_Karuwa.pdf_page_6_line_005,خَامِسࣸ يَا دࣸودࣸوا يَيْ وَاڧَا  کَرْ کࣸغَ بَيْ دَڢࣸسَاحَ غَ وَاڧَا,خَامِسࣸ بَادࣸودࣸواْ يَيْ وَغَوَاڧَا  کَرْکࣸغَ بَيْ دَڢࣸسَاحَ غَوَاڧَا,0.13432835820895522,0.6363636363636364
A_Person_with_a_Livelihood_Will_Never_Be_Destitute_Mai_Sanaa_Ba_Ya_Tsiya.pdf_page_5_line_003,دࣸوعَغَرِى کࣸوبَابࣸ مَيبَاس بَاشى     دَࢽْبَاسَابِيَامَرَسَّاصَࢽَاع,دࣸوعَغَرِي کࣸوبَابࣸ مَيْبَاسࣸ بَاشِي  دَࢽْ بَاسَابِيَامَرَسَّاصَࢽَاعَ,0.13432835820895522,1.0
A_Poem_on_Adultery_Waƙar_Zina.pdf_page_2_line_015,إدَࢽْ سَࢽْڢَتࣸو بَاکَسࣸو کَغَࢽٜي سࣸ  سࣸکَوشَ دَذِ لاࣸمْتَاࢽٜي زِࢽَا,إِدَࢽْ سࣸࢽْڢَتࣸوبَاکࣸسࣸوکَغَࢽٜي سࣸ  سࣸکوشَ دَذِلامࣸتَاࢽٜي زِࢽَا,0.13432835820895522,0.7777777777777778
Infiraji_5.pdf_page_5_line_002,بَامَڢِي مࣸوࢽِࢽْ بَلَاء    غࣸࢽْ مࣸتࣸم ڢاثٜيٰ دࣸعَاءِ,بَامَڢِ مࣸوࢽِࢽْ بَلَاء  غࣸࢽْ مࣸتࣸمْ ڢَاثٜيٰ دࣸهَاِ,0.1346153846153846,0.5714285714285714
Infiraji_3.pdf_page_4_line_007,بَاکَ کَاسَ إسَارَبࣸوࢽْکَ بَاکَ ڧٜتَرٜىٰ أرْزِڧِࢽْکَ,بَاکَ کَاسَ إسَارَبࣸوࢽْکَ   بَاکَ ڧٜيٰتَرٜي أَرْزِڧِࢽْکَ,0.1346153846153846,0.3333333333333333
ELIT_WAN_00130_016r_line_003,لا رالا يماࢽ تصد يڡ حفيفتى ؞ وفدافى وابلڢظ غير محتمل,لاࢽ الا يماࢽ تصديڡ حفيفته ؞ وفدافى وابلڢظغيرمحتل,0.1346153846153846,0.7272727272727273
ELIT_WAN_00130_003v_line_010,اما الثمارڢاصناڡ منوعَة ؞ شکلل وطعماکذالمࢽ الجبوب جل,اماالثارڢاص ناڡ منوعة ؞ شکلل وعماکذاام الجبوب جل,0.1346153846153846,0.5
Infiraji_11.pdf_page_8_line_008,ذࣸوثِيَاتَسَ غَاإعَاࢽَا     غَاکِيَايٜىٰوَرْأَمَاࢽَا,ذࣸوثِيَاتَسَ غَاإِعَاࢽَا  غَاکِيَايٜيٰوَرْ أمَاࢽَا,0.1346153846153846,1.0
Infiraji_8.pdf_page_27_line_002,تࣸࢽدَدَىْ سࣸࢽْ ڧَرْيَتَاࢽٜىٰ    سࣸࢽْىِ شَکَّرْغَسْکِيَاࢽٜىٰ,تࣸࢽْدَدَيْ سࣸࢽْ ڧَرْيَتَاࢽٜيٰ سࣸࢽْيِ شَکَّرْغَسْکِيَاࢽٜيٰ,0.13559322033898305,0.8
Infiraji_12.pdf_page_5_line_002,مَاسࣸ کٜىٰ کٜىٰ دَࢳَࢽْ شࣸمَکَا   مَاسࣸ ࢽىٰمَࢽْ ڢَاءِدَرْکَا,مَاسࣸ کٜيٰ کٜي دَࢳَࢽْ شࣸمَيْکَا  مَاسࣸ ࢽٜيٰمَࢽْ ڢَاءِدَرْکَا,0.13559322033898305,0.5
ELIT_WAN_00130_011v_line_005,ثم الرسول کليم الله يسٔلها ؞ لولم تجىٰ فط لم يرغبد ولم يَسل,ثم الرسول کليم الله يسنلها ؞ لولم تج فدالم ير غب ولم يسل,0.13559322033898305,0.46153846153846156
Infiraji_11.pdf_page_8_line_007,شِىْ مࣸتࣸم ࢽٜىٰ مَىْ حَࢽَاࢽَا     غࣸࢽْ مࣸسࣸلمِى بَاخِيَاࢽَا,شِى مَتࣸمْ ࢽٜى مَىْ حَࢽَاࢽَا  غࣸࢽْ مࣸسࣸلمِى بَاخِييَاࢽَا,0.13559322033898305,0.5
Infiraji_12.pdf_page_7_line_004,سࣸوْابَ ڧَرْڢِي کࣸوْاسَرَوْتَا کࣸوْاذَمَادَرَشِࢽْ ڢَهِمْتَا,سࣸواْبَ ڧَرْڢِي کࣸواْسَرَوْتَا   کࣸواْذَمَادَرَشِࢽْ ڢَهِمْتَا,0.13559322033898305,0.6
Infiraji_8.pdf_page_12_line_001,کَاغَ سَيْ مغَࢽَرْ تَدَاثٜيٰ  يَدَّخَيْرࣸاَلْخَلْڧِ يَثّٜيٰ,کَاغَ سَيْ مَغَࢽَرْتَدَاثٜيٰ يَدَّخَيْرࣸاْخَڧِ يَثّيٰ,0.13559322033898305,0.6666666666666666
The_Glorious_Majidu_Infiraji_1.pdf_page_8_line_007,٢٧ رَبَّࢽَا يَا غِرْمَمَاکَا   تَࢽ سَشِࢽ سَوْرَرْ مَأَيْکَا,٢٧ رَبَّࢽَا يَاغِرْمَمَاکَا تَرْمَشِࢽْ سَوْرَࢽْ مَأَيْکَا,0.13559322033898305,0.625
Infiraji_11.pdf_page_3_line_005,إِࢽجِ دَاطِى إࢽْىِ مࣸرْࢽَا    إࢽْغَ ڧَبَرِࢽْ طَࢽْ أَمِيْࢽَا,إِࢽْجِ دَاطِي إِࢽْيِ مࣸرْࢽَا  إِࢽْغَ ڧَبْرِࢽْ طَࢽْ أَمِيْࢽَا,0.13559322033898305,0.625
Infiraji_11.pdf_page_11_line_013,يَاکࣸسَࢽْثِ غَدࣸوࢽْ سَرَوتَا    جࢽْ کِرَࢽْسَ شِࢽَايَوَيْتَا,يَاکࣸسَࢽْثِ غَدࣸوࢽْ حَرَوْتَ جِࢽْ کِرَࢽْسَ شِࢽَابَوَيْتَا,0.13559322033898305,0.5
ELIT_WAN_00130_014r_line_008,غير الاولى حضهم بالحڢظ خالڢهم ؞ کالا نبناءومࢽ اهل الخصوم ول,غير الاولى حضهم بالمڢا خالفم ؞ کالاببناء ومࢽ الهل الخصوم ول,0.13559322033898305,0.45454545454545453
Infiraji_7.pdf_page_4_line_014,يْ حَجِ کَزِيَرْثِ مَࢽْذࣸواْ رَࢽْدّ دࣸک مࣸتࣸوَرْکَ تَاذࣸواْ,کَيْ حَجِ کَرِيَرْثِ مَࢽْذࣸواْ   رَࢽْدَدࣸکْ مࣸتࣸوَرْکَ تَاذࣸواْ,0.13559322033898305,0.5
Knowledge_to_Follow_God_Gandal_Fii_Rewugol_Alla.pdf_page_6_line_007,دَرَنَادِنَاڢِيلࣽ ڢِى ࡽلَيْلِ جٜمَّ وَڢَرَآإِضࣸ ࡼلزَّکَٰوةِ,دَرَنَادِنَاڢِيلࣸ ڢِى ࡽليْلِجِمَّ وَڢَرَآاإضࣸ ࡼلزَّکࣸوةِ,0.13559322033898305,0.8333333333333334
Infiraji_11.pdf_page_7_line_001,مَىْ أَدࣸواْدَيَوَࢽْ مࣸضࣸورِِى    غَاصِبَاحَرَشِࢽْ ڧࣸصࣸورِى,مَيْ أَدࣸواْدَيَوَࢽْ مࣸضࣸورِي  غَاصِڢَامَرَشِࢽْ ڧࣸصࣸورِي,0.13559322033898305,0.8
Infiraji_11.pdf_page_9_line_005,طَيْبَ غࣸࢽْ کَاکَࢽْ حࣸسَيْرࢽِ    إࢽْ يَبࣸواْأثِکِࢽْ سࣸکࣸوࢽِ,طَيْبَ غࣸࢽْ کَاکَࢽْ مࣸسَيْࢽِ  إِࢽْ يَبࣸواْ أَثِکِࢽْ سࣸکࣸولِ,0.13559322033898305,0.7142857142857143
ELIT_WAN_00130_004r_line_005,صنع الا له الذي بالحواتفنها ؞ عن فاس بالعغل صنع الله لم ينل,صنع الاله الذ>ى بالحڡ اتفنها ؞ مࢽ فاس بالعفل صنع الله لم ينل,0.13559322033898305,0.6153846153846154
Infiraji_10.pdf_page_10_line_006,جَمَعَاکَسَوْرَارٜيٰ غَاوَࢽِ غَرْغَطِي   ذَࢽْ بَيَّࢽا شِ غَمِي دَمَاتَࢽْ أَوْرٜيٰ,جَمَعَاکࣸسَوْرَارٜيٰࢽ غَاوࢽْ غَرْغَطِي  ذَࢽْ جِْࢽَاشِ غَمِي دَمَاتَࢽْ أَوْرٜيٰ,0.13580246913580246,0.4444444444444444
Infiraji_6.pdf_page_3_line_001,بِسَمِ اِللَّهِ الرَّحَمٰࢽِ اِلرَّحِيمِ   وَصَلَّى اَللَّهࣸ عَلَى الࢽَّبِيِّ اِلْکَرِيمِ,بِسْمِ اللَّهِ اِلرَّحْمَٰࢽِ اِلرَّحِيم وَصَلَّى اَللَّهࣸ عَلَى الࢽَّبِّ الکَرِيمِ,0.13636363636363635,0.6666666666666666
MAF_286.pdf_page_3_line_010,أَبࣸوبَکَرْ عࣸمَرࣸ عࣸثْمَاࢽࣸ کࣸمَ عَلِيّࣸ ؞ بَرَادٜࢽْ رَسࣸولَ اَللَّهِ أَࢽَّبِ أَحْمَدَا,أَبࣸوبَکَرْ عࣸمَرْ عࣸثْمَاࢽِ کࣸم دَعَللِي ؞  بَرَادٜࢽْ رَسࣸولَ الَّهِ أَࢽَّبِ اَحْمَدَا,0.13636363636363635,0.5454545454545454
ELIT_WAN_00130_014v_line_005,ڢصل نا ا خذصحڢ الاعمال,ڢصل نااخذصڢ الاعمال,0.13636363636363635,0.6
The_Glorious_Majidu_Infiraji_1.pdf_page_6_line_010,١٨  هَࢽࣸکَلِࢽْسَ شِࢽَا غَأَللَّهْ  بَيْ کࣸلاَ بَـ مَرَسْ کَسَالَهْ,١٧ هَࢽْکَلِࢽْسَ شِࢽَا غَأللَّه   بَىْ کࣸلَابَ مَرَسْ کَسَالَهْ,0.13636363636363635,0.6666666666666666
Infiraji_10.pdf_page_10_line_005,ثَࢽْ اَلَاخِرَ کࣸمَ اَللَّهْ سَامࣸغَ الࢽَّبِيِّ  ءَامِࢽ ڢَاءَامِيࢽْ أَرْزِڧِي يَاطࣸورٜيٰ,ثَࢽْ اَلاَخِرَ کࣸمَ اَللَّهْ سَامࣸغَ الࢽَّبِيّ  ءَمِيَࢽْ ڢَاءَامِيِࢽْ ارْزْڧِي يَاڟࣸورٜيٰ,0.13636363636363635,0.6
Nana_Asmāʾu_The_Authentic_Path_Nana_Asmāʾu_Godaben_Gaskiya.pdf_page_2_line_002,الْکَرِيم شِعْر اَسْماءَبِࢽْتِ الشَيْخِ المࣸجَدِّدِ,اَلْکَرِيَيمِ شِعْرࣸ اَسْمَاءَبِࢽْتِ الشَّيْخِ المࣸجَدِّدِ,0.13725490196078433,0.8
ELIT_WAN_00130_018r_line_008,دع المطامع واعلم اࢽ صاحبحا ؞ مࢽ التلو ڢى خمل وت خجل,دع المطامع واعلم اࢽ ماحبحا ؞ مࢽ التلڡ وىحل وت غجل,0.13725490196078433,0.4166666666666667
ELIT_WAN_00130_011v_line_007,مࢽ غير کيڢ ولا مثل يما ثله ؞ کما يليڡ به رغما لمعنت,مࢽ غي کيڢ ولا مثل بماثله ؞ کمابليڡ به رغمالمعنتل,0.13725490196078433,0.5384615384615384
Warning_Gargaɗi_Infiraji_2.pdf_page_13_line_013,کَاڢِري کࣸواکࣸواشَڧِيِّ    مَاسࣸ سَمْبَاتࣸو أَلَايِ,کَاڢِرِي کࣸوْاْکࣸوشَڧِيِّ  مَاسࣸ سَمْبَاتࣸوأَلَايِ,0.13725490196078433,0.8
Infiraji_3.pdf_page_3_line_004,شِکَسَاهِمَّتَلَالَهْ ثِى مࣸتࣸم مَي سࣸوࢽْ کَمَالَهْ,شِي کَسَاهِمَّاتَلَالَهْ ثٜي مࣸتࣸمْ مَيْ سࣸوࢽْ کَمَالَهْ,0.13725490196078433,0.8333333333333334
The_Glorious_Majidu_Infiraji_1.pdf_page_4_line_014,يَاأَبࣸوکِيࢽَاأَثِيمِ   إࢽْ کَسࣸواْکَزَمࣸواْمَلِيمِ,يَاأَبࣸوکِيࢽَاأثِيمِ إِࢽْ کَسࣸواْکَوَامࣸواْ مَلِيمِ,0.13725490196078433,1.3333333333333333
ELIT_WAN_00130_013v_line_010,ولا يکوࢽ بطارالڢسومنعىٰ لا ؞ الا بکڢر ڢذالابد مࢽ بد,ولا يکوࢽ بطارالڢسو منعࢽلا ؞ الا بکڢى ڢذالابدمࢽ بدل,0.13725490196078433,0.6
A_Poem_on_Friends_and_Relations_Waƙar_Ƴan_Uwa.pdf_page_6_line_009,اَللَّه إِࢽّارࣸوڧࣸࢽْکَ دَارَ الْجَࢽَّةِ  ءࣸمِّي وَأَبِي دࣸتْدَ جࣸمْلاَ ࢳࢽْ عࣸوَا,اَللَّه إِࢽَارࣸوڧِࢽْکَ دَرَااَلْجَࢽَّةِ  ءࣸمِي وَأَبِي دࣸࢽْدَجࣸمْلاࢳِࢽْ عࣸوَا,0.1375,0.7
Infiraji_12.pdf_page_5_line_003,سࣸوَاکࣸوْاطَىْ بَأىْ رَغِيبَا,سࣸوَاکࣸوْاْطَيْ بَأَيْ رَغِيبَا,0.13793103448275862,0.6666666666666666
Warning_Gargaɗi_Infiraji_2.pdf_page_10_line_009,سࣸࢽْ کࣸمَامَادَابَاڧَثٜىٰ بَا,سࣸࢽ کࣸمَامَادَابَأغَثٜى بَا,0.13793103448275862,0.6666666666666666
Warning_Gargaɗi_Infiraji_2.pdf_page_12_line_009,دَاَبِࢽْدَبَذَيْىِ ڢَاإدَابَا,دَأَبِࢽْدَبَذَيْيِ ڢَاءِدَابَا,0.13793103448275862,1.0
Infiraji_6.pdf_page_23_line_015,إِࢽْبَاسࣸࢽْ تࣸوبَ سࣸࢽبرِيْبَا,إِࢽْبَاسࣸࢽْ تࣸوبَ سࣸࢽْ بَرِيبَا,0.13793103448275862,0.6666666666666666
Infiraji_12.pdf_page_17_line_004,أࢽْڢِ دࣸواْشِرࣸحَࢽْکَلِيࢽٜىٰ؟    مَيْغࣸمَاذَجَاهِلِيْࢽٜىٰ؟,أَࢽْڢِ دࣸواْشِرࣸحَࢽْکَلِيࢽٜيٰ   مَيْغࣸمَاذَجَاهِلِيࢽٜي,0.13793103448275862,1.0
Infiraji_4.pdf_page_43_line_012,بَࢽْ إيَاوَاشِى إسَࢽْسَى     يَاڢِتࣸوْاْمࣸوࣸثٜىٰ غَعِيسَىٰ,بَࢽْ إِيَاوَاشِي إِسَࢽْسَى يَاڢِ تࣸوْاْمࣸوࣸثٜىٰ غَعِيسَىٰ,0.13793103448275862,0.8
Infiraji_4.pdf_page_12_line_002,کَاغَ سَيْ مَغَࢽَرْتَدَاثٜيٰ  يدَّخَيْرࣸاَلْخَلْڧِ يَثّٜيٰ,کَاغَ سَيْ مَغَࢽَرْتَدَاثٜيٰ   يَدَّخَيْرࣸالْخَڧِّ يَثّٜيٰ,0.13793103448275862,0.4
Infiraji_7.pdf_page_11_line_009,دَاَبِࢽْدَبَذَيْىِ ڢَاإدَابَا,دَأَبِࢽْدَبَذَيْيِ ڢَاءِدَابَا,0.13793103448275862,1.0
Infiraji_12.pdf_page_10_line_002,سَىْ شِغَاࢽٜىٰمَࢽْ أسِيرࣸو     سَيْکَثٜىٰ تَاذَمْࢽَ جَارࣸو,سَيْ شِغَاࢽٜيٰمَࢽْ أَسِيرࣸو  سَيْکَثٜيٰ تَاذَࢽْࢽَ جَارࣸو,0.13793103448275862,0.8333333333333334
Infiraji_5.pdf_page_19_line_004,وَࢽْدَکٜىٰ شَعَوَرْبَتَثّٜىٰ    کَاغَ يَاذَمَ کَرْکَتَثّٜى,وَࢽْدَکٜيٰ شَعَوَرْبَتَثّٜيٰ  کَاغَ يَاذَمَ کَرْکَتَثّٜى,0.13793103448275862,0.6
Warning_Gargaɗi_Infiraji_2.pdf_page_15_line_009,دَاجَࢽْ غࣸرْذࣸواْ بَيَثٜي بَا,دَاجَࢽْ غࣸرْذࣸواْ بَيَامَثٜ بَا,0.13793103448275862,0.25
Infiraji_4.pdf_page_36_line_010,کَمَرْحَغࣸمَاسَبࣸوْادَغَمْبَا,کَمَرْ حَڧَمَاسَبࣸوْاْدَغَمْبَا,0.13793103448275862,2.0
The_Glorious_Majidu_Infiraji_1.pdf_page_5_line_011,سَيْدَ يَذَّکࣸ ࢽࣸࢽَ تࣸربَا   کࣸواْ دࣸهࣸوبَيْ وَرْ ڟَکٜيٰبا,سَيْدَيَذَّکَ ࢽࣸوࢽَ تࣸرْبَا  کࣸواْدࣸهࣸوبَيْ وَࢽْ ڟَکٜيٰبَا,0.13793103448275862,1.0
The_Glorious_Majidu_Infiraji_1.pdf_page_4_line_001,٥ رَبَّࢽَا کَيْمِࢽْ إِجَابَا    إِࢽْغ ࢽَࢽْ صَلاَّ أَطَيبَا,٥ رَبَّࢽَاکَيْمِࢽْ إِجَابَا  إِࢽْغَ ࢽَىْ صَلَّا أَطَيْبَا,0.13793103448275862,0.75
Nana_Asmāʾu_The_Authentic_Path_Nana_Asmāʾu_Godaben_Gaskiya.pdf_page_8_line_003,مࣸتࣸوبَ مࣸکٜيٰوتَا يَرْءࣸوَاکࣸومࣸسَمَ ڢِتَا   وَطَࢽْغَ خࣸطࣸرَّدࣸࢽْ ڢِيَيَٜيٰ مࣸحَمَّدَا,مࣸتࣸوبَ مࣸکٜيوْتَايَࢽْ عࣸوَاکࣸومࣸسَمْ ڢِتَا   وَطَࢽْغَ حَطَرَّدࣸࢽْ ڢَيَيّٜيٰ مࣸحَمَّدَا,0.13793103448275862,0.5
Infiraji_5.pdf_page_19_line_011,کࣸوْغࣸشٜىٰورْحَࢽْکَلِيࢽَا    مَىْ غِدَࢽْ جَارِي دَکَوْاࢽَا,کࣸوْاْغࣸشٜيٰوَرْحَࢽْکَلِيࢽَا  مَيْ غِدَࢽْ جَارِي دَکࣸوْاࢽَا,0.13793103448275862,0.6
ELIT_WAN_00130_018r_line_010,عليکدبا لجود لاتبخل بمکر مت ؞ ڢا بخل والجبࢽ بيس الوصڢ للجل,عليک بالجودلا تبخل بمکرما ؞ ڢالبخل والجبࢽ بيس الوصڢ لجل,0.13793103448275862,0.6666666666666666
A_Letter_to_Malam_Ƙalarawi_Wasiƙa_zuwa_ga_Malam_Lawan_Ƙalarawi.pdf_page_1_line_006,اَلْحَجِّ اَلحَسَࢽْ بࣸࢽࣸ تَاتَا کَࢽࣸو اللَّهࣸمَّ أغْڢِرْهࣸ,اَلْحَجِّ الْحَسَࢽْ بࣸࢽࣸ ࢽَاتَاکَࢽࣸواللهࣸمَّ أَغْڢِرْهࣸ,0.13793103448275862,0.7142857142857143
Infiraji_3.pdf_page_4_line_009,بِکَ وَاى غَرِى دَلَاڢِيَابَا,بَکَ وَايِ غَرِي دَلَاڢِيَابَا,0.13793103448275862,0.75
Infiraji_4.pdf_page_33_line_009,کࣸوْاْرِڧࣸࢽْ ڢَايٜلْ دَڢٜىٰࢽْسِرْ    ذَىْحَࢽَاکَ تࣸࢽِࢽْ مَجَاشِرْ,کࣸوْاْرِڧࣸࢽْ ڢَايِلْ دَڢٜيٰسِرْ  ذَيْ حَࢽَاکَ تࣸࢽِࢽْ مَحَاشِرْ,0.13846153846153847,0.8333333333333334
A_Poem_on_Adultery_Waƙar_Zina.pdf_page_2_line_023,مࣸࢽَاغࣸودِالله شِکࢽ وَࢽْ غَوَکَا   دَرࣸوکࣸوغَاالله مࣸبَريِࢽ زِࢽَا,مࣸࢽَاغࣸودِاللَّه شِکَࢽْ وَرْغَوَاکَا م  دَرࣸوکࣸوغَاالله مࣸبَريِࢽْ زِࢽَا,0.13846153846153847,0.7142857142857143
The_Glorious_Majidu_Infiraji_1.pdf_page_8_line_009,وَدَّ بَيْمَ دࣸکَࢽْ بَأَلࢽَّبِيْ بَا,وَدَّبَيْمَ دࣸکَࢽْ بَألࢽَّبٜىى بَا,0.1388888888888889,0.6
Infiraji_5.pdf_page_7_line_015,سࣸبِيَࢽْ سَرْکِࢽْسࣸ بَابَعَابَا  کاج,سࣸبِيَࢽْ سَرْکِࢽْسࣸ بَابَعَابَا,0.1388888888888889,0.25
Infiraji_9.pdf_page_17_line_014,ڢَصْلࣸࣸ مَّالَم مࣸوسىٰ لِيمامِ کَبࣸو,ڢَصْلࣸ مَّالَمْ مّࣸوسَىٰ لِيمَامِ کَبࣸو,0.1388888888888889,0.8
The_Glorious_Majidu_Infiraji_1.pdf_page_13_line_015,دَرَجَرْ مَࢽ دَشِى بَعَا غࣸوْادَابَا,دَرَجَرْسَ دَشِى بَعَاغࣸوادَابَا,0.1388888888888889,0.8
Infiraji_10.pdf_page_10_line_003,بِسْمِ اِلإِلَهِي مࣸࢽَابَرَاغَاءࣸبَࢽْ غِجِ   اللَّهْ شِسَࢽْيَا أرْزِڧِࢽْمّࣸو شِطࣸورٜيٰ,بِسْمِ اِلالَهِي مࣸࢽَابَرَاغَاءࣸبَࢽْ غِجِ اَللَّهْ شِسِࢽِيَاأَرْزِڧِࢽمࣸوشِطࣸورٜيٰ,0.13953488372093023,0.625
MAF_286.pdf_page_15_line_001,کࣸلِزِمْثِ يِࢽْ صَلَّادَجَمَعَ ڢَيَࢽْأࣸوَا   ؞  شِيمَاحَدِثِي ࢽٜىٰ صَحِيحِ غَأَحْمَدَا,کَلِزَمْثِ يِࢽْ صَلّاَدَجَمَعَ ڢَيَࢽْاءࣸوَا ؞  شِيمَاحَدِيشِ ࢽٜيٰ صَحِيحِ غَأَحْمَدَا,0.13953488372093023,0.5555555555555556
Infiraji_10.pdf_page_2_line_002,بِسْمِ اللَّهِ الرَّحْمٰࢽِ الرَّحِيمِ   وَصَلَّى اللَّهࣸ عَلَى الࢽَّبِيِّ اِلْکَرِيمِ؞,بِسْمِ اَّه بِرَّحࣸمَٰࢽِ اِلرَّحِيمِ  وَصَلَّى اَللَّهࣸ عَلَى الࢽَّبِيِّ اِلْکَّرِيمِ,0.13953488372093023,0.5555555555555556
Infiraji_12.pdf_page_18_line_004,مَيْغࣸمَاذَمَالَمِيࢽٜىٰ    وَࢽْدَبَاشِغَامࣸتَاࢽٜىٰ,مَيْغࣸمَاذَمَالَمِيࢽٜيٰ  وَࢽْدَبَاشِ شِغَامࣸتَاࢽٜيٰ,0.14,1.5
Warning_Gargaɗi_Infiraji_2.pdf_page_11_line_008,سࣸوࣸثى مَࢽْيَࢽْ غࣸرَاجى  بَابࣸ مَىْ بَايَادَڧَوْجى,سࣸوࣸثٜىٰ مَࢽْيِࢽْ غَرَاجى  بَابࣸ مَيْ بَايَادَڧَوْجٜي,0.14,0.8333333333333334
Knowledge_to_Follow_God_Gandal_Fii_Rewugol_Alla.pdf_page_11_line_011,ڢِى جَمِيعِ مَآࡶًخْبَرَهࣸ دِنْدَافࣵلْ کࣽعࣽ هٜبْرَآ,ڢِ جَمِيعِ مَاࡶَخْبَرَهࣸدِنْدَافࣽلْ کࣽعࣸ هٜبْرَ,0.14,0.8333333333333334
ELIT_WAN_00130_002v_line_008,ڢبعضها فداتت ت اللڢظ مجملت ؞ وبعضهابينتاجمال محتمل,ڢبعضها فداتت ت اللڢا مجحلة ؞ وبعضهابينت احال محتل,0.14,0.625
Infiraji_7.pdf_page_14_line_001,اأَࢽٜيٰسَبَ غَامَڧٜيرَا بَابࣸ کࣸواوَا بَࢽْدَکَورَا,بَاأࢽٜيٰسَبَ غَامَڧٜي رَابَابࣸ کࣸواْوَابَࢽْدَکَورَا,0.14,1.0
ELIT_WAN_00130_017r_line_007,اࢽ النواهى جاءت غير واحدة ؞ کذاالاواى لاتحص لممتثل,اࢽ الواهى جاءت غير واحدة ؞ لاکذالاوام لاتحص عممتتل,0.14,0.3333333333333333
Infiraji_12.pdf_page_16_line_013,إࢽْ أَکَىْ رࣸومࣸواْدَجَاݒَا    وَࢽْدَکࣸوتَمَثٜىٰ رࣸݒَݒَّا,إِࢽْ أَکَيْ رࣸومࣸواْدَجَابَا  وَࢽْدَکࣸوتَمَثٜيٰ رࣸبَبَّا,0.14035087719298245,1.0
ELIT_WAN_00130_006r_line_012,وکل مࢽ فال با لتاثي نکڢره ء ؞ مࢽ ذ ي الطبيعة والنتجيم ذ ي,وکل مࢽ فال بالناثي نکڢرهء ؞ مࢽ ذى الطبيعة والتجيم ذل,0.14035087719298245,0.6
Infiraji_11.pdf_page_11_line_002,الࢽَّبِࢽْمࣸ يَذࣸودَسࣸࢽَّا    ذَࢽْ ࢽِيَاهَسْکٜىٰ يَذَوْࢽَا,اللࢽَّبِࢽْمࣸ يَذࣸودَسࣸࢽَّا  دࣸوࢽِيَاهَسْکٜىٰ يَذَوْࢽَا,0.14035087719298245,0.6
Infiraji_12.pdf_page_18_line_002,سَىْ جِدَالي وىْ سࣸسَࢽْتࣸو    مَالَمَىْ کࣸوْسࣸࢽْ وَدَاتࣸو,سَيْ جِدَالِي وَيْ سࣸسَࢽْتࣸو  مَالَمَيْ کࣸواسࣸࢽْ وَدَاتࣸو,0.14035087719298245,0.7142857142857143
ELIT_WAN_00130_015r_line_007,کالى يح ثم کلمح ابى ڡ سابفهم ؞ اوسى عة الخيل سبفاثم ذي مل,کالى يح ثم کلمم البر ڡسابلم ؞ اوس عة الخيل سبفاثم ذيمل,0.14035087719298245,0.5
Infiraji_4.pdf_page_39_line_011,سَادَمَىْ سࣸجَدَاغَغࣸࢽْکِي     کࣸوْاْشَرِيْعَابَبࣸ حَکِّي,سَادَمَيْ سࣸجَدَاغَغࣸمْکِي کࣸوْاْشَرِيعَابَابࣸ حَکِّي,0.14035087719298245,0.75
Infiraji_3.pdf_page_20_line_002,کࣸواإࢽَاکَاسَامِࣸ شَيْدَا    أَࢽْبْتࣸࢽْکَ دَشِى کَطَيْدَا,کࣸواإِࢽَاکَاسَامࣸ شَيْدَا  أَࢽْبَتࣸوࢽْکَ دَشِي کَڟَيْدَا,0.14035087719298245,0.8
Infiraji_12.pdf_page_9_line_011,أىْ ذَتࣸࢽْ کࣸوَامَاأحَࢽْڟَا    ࢽٜىٰ ثِکِࢽْ مَامَاکَڟࣸوڟَا,أَيْ ذَتࣸࢽْ کࣸواْمَاأَحَࢽْڟَا  ࢽٜيٰ ثِکِࢽْ مَامَاکَڟࣸوڟَا,0.14035087719298245,0.5
Infiraji_11.pdf_page_5_line_013,رَبَّࢽَايَابَٜىدَوَࢽْجِࢽْ    مَاسࣸ ڧِࢽْسَ سَبوْدَڧࣸࢽْجِࢽْ,رَبَّتَايَابَدَّوَࢽْجِࢽْ  مَاسࣸ ڧِࢽْسَ سَبࣸودَڧࣸࢽْجِࢽْ,0.14035087719298245,0.5
Warning_Gargaɗi_Infiraji_2.pdf_page_17_line_011,إِࢽْ يَڟِغٜثٜيٰ لَالࣸبࣸواشِ   وْࢽْغَ ذَࢽْثٜيٰ بَاشِ تَاشِ,إِࢽْ ڟِڢِࢽٜيٰ لَالَبࣸواشِ  وَࢽْغَ ذَࢽْثٜيٰ بَاشِ تَاشِ,0.14035087719298245,0.42857142857142855
The_Harlots_Song_Waƙar_Karuwa.pdf_page_1_line_002,وَاڧَرْ کَارࣸو عࣸوَرْ مࣸوغࣸواْ  دَغَ حَامِسࣸ يَادࣸودࣸ ڢࣸࢽْتࣸوَاْ,وَاڧَرْکَارࣸوعࣸوَرْمࣸوعࣸو   دَغَ حَامِسࣸ يَادࣸودࣸوڢࣸࢽْتࣸوا,0.140625,0.75
Knowledge_to_Follow_God_Gandal_Fii_Rewugol_Alla.pdf_page_1_line_012,وَ غَسْلࣸ ࡼلْوَ جْهِ عٜلࣽو تࣸدٜ يٜيسࣽڢࣽرْ وَ غَسْلࣸ ࡼ لْيَدَيْرِ,وَغَسْلࣸ ࡼلْوَجْهِ عٜلࣽوتࣸدٜيٜيسࣸفࣽࢽْ وَغَسْلࣸ ࡼلْيَدَيْرِ,0.140625,1.0
A_Poem_on_Friends_and_Relations_Waƙar_Ƴan_Uwa.pdf_page_5_line_009,وَࢽِذࣸوثِيَا تَيْ ࢽَا بࣸکَاتَرْ ࢳࢽْ عࣸوَا عمَّاڢَا بَاحَالِࢽْ زِيَرْ ࢳࢽْ عࣸوَا,وَࢽِذࣸوثِيَاتَيْ ࢽَابࣸکَاتَرْࢳِࢽْ عࣸوَا  عَمَّاڢَي بَاحَالِࢽْ زِيَرْتَرْࢳࢽْ عࣸوَا,0.14102564102564102,0.7272727272727273
ELIT_ESS_04893_001r_line_003,مَطࣸجࣸولَ جࣸولْدٜعٜغَمْطࣸ مٜيطٜࢽْ برْطࣸڢࣸيْ نذࣸيْطࣸ يٜمْࢽٜ يࣸڢَاتࣸ لاَمْطࣸ مࣸمَايَتَا,مَطࣸجࣸول جࣸولْدٜعٜفَطࣸ مٜيطٜنْبࣸرْ طࣸڢࣸࢽْ لذࣸيْطࣸ يٜمْٜ يࣸڢَاتࣸ لاَمْطࣸمࣸمَايَتَا,0.1411764705882353,0.8888888888888888
Infiraji_8.pdf_page_22_line_005,أَࢽْ أذَاتَ أکَࢽْ وࣸتَاثٜى    وَدَّبَاعَ عجٜىٰ يَتَثّٜىٰ,أَࢽْ أَذَاتَ أَکَࢽْ وࣸتَاثٜيٰ  وَدَّبَاعَ عَجٜيٰ يَتَثّٜيٰ,0.14285714285714285,0.7142857142857143
Nana_Asmāʾu_The_Authentic_Path_Nana_Asmāʾu_Godaben_Gaskiya.pdf_page_1_line_007,ت صکتولࢽبرکاته,ت صکتولࢽبراات,0.14285714285714285,0.5
Infiraji_12.pdf_page_7_line_002,إࢽْ ذَتࣸࢽْدَ يکٜىٰ حَلَسْ ࢽٜىٰ    غࣸࢽْسَ تَابٜىٰوَرْرَبࣸواْࢽٜىٰ,إِࢽْ ذَتࣸࢽْدَيَکٜيٰ حَلَسْ ࢽٜيٰ  غࣸࢽْسَ تَابٜيٰوَرْرَبࣸواْࢽٜيٰ,0.14285714285714285,0.7142857142857143
Infiraji_4.pdf_page_7_line_008,دَامࣸࢽَاڢَامَادَکࣸࢽٜيٰ    کࣸيْ کَرَاتࣸووَاࢽَاࢽٜيٰ,دَامࣸࢽَاڢَامَادَکࣸوࢽٜيٰ کࣸيْ کَرَاتࣸووَاوࣸتَاࢽٜيٰ,0.14285714285714285,0.6666666666666666
The_Glorious_Majidu_Infiraji_1.pdf_page_2_line_002,وَاڧَرْ مَجِيد,وَاڧَرْمَجِيدࣸ,0.14285714285714285,1.0
ELIT_WAN_00130_009r_line_005,ڢاࢽ يردنڢذت ڢينا ارادته مࢽ شاءيهديه اويضلل ڢطاتسل,ڢاࢽ يىر دنڢذت ڢينياارادته مࢽ شله يهديه اويضلل ڢطاتسل,0.14285714285714285,0.625
ELIT_WAN_00130_016r_line_007,والحض على محبتهم حشى نا الله,والحض على محبنه حشى ناالل,0.14285714285714285,0.5
Warning_Gargaɗi_Infiraji_2.pdf_page_11_line_005,وَسࣸ کࣸواْ سࣸمَتى أَتَڢْکِى  وَسࣸ کࣸواْسَࢽَدِࢽْسࣸ طَاکِى,وَسࣸ کࣸواْسࣸمَثٜيٰ أَتَڢْکِي  وَاسࣸ کࣸواْسَࢽَدِࢽْسࣸ طَاکِي,0.14285714285714285,0.7142857142857143
Infiraji_3.pdf_page_4_line_004,سَاسࣸ ظَالࣸمْثِى دَڧࣸوْاثٜى ثِࢽْ أمَاࢽَهْ کَرْکَمَࢽْثٜىٰ,سَاسࣸ ظَالࣸمْتِي دَڧࣸوْاْثٜيٰ  ثِࢽْ أَمَاࢽَهْ کَرْکَمَࢽْثٜيٰ,0.14285714285714285,0.6666666666666666
Infiraji_8.pdf_page_23_line_015,بَکࣸسَࢽْ شِࢽٜىٰ مَلَاءکَابَا,بَکࣸ سَࢽْ شِيࢽٜيٰ مَلَاءِکَابَا,0.14285714285714285,1.3333333333333333
Infiraji_5.pdf_page_9_line_016,مالميࢽي,ࢽالميࢽي,0.14285714285714285,1.0
Infiraji_12.pdf_page_1_line_004,اَلࢽَّاشِرࣸأَحْمَدࣸالتِجَّاࢽِي حَڢِظَهࣸ اللهࣸ وَڢَّڧَࢽَا,الࢽَّاشِرࣸأَحْمَدࣸالتِّجَاࢽِي حَڢِظَهࣸ اللَّهࣸ وَڢَّڧِࢽَا,0.14285714285714285,0.75
ELIT_WAN_00130_002v_line_003,ڢنسنل الله ڢيضامرلعدايتى ؞ مࢽ لم ينلماللدى لم ينجمࢽ زعلى,ڢنسنل الله ڢيضام هدايته ؞ مࢽ لم يبلمالمدى لم ينجمࢽ زلل,0.14285714285714285,0.4
The_Glorious_Majidu_Infiraji_1.pdf_page_11_line_010,٤٣  غَامࣸ غࣸࢽْ جِيکَࢽْکَ شَيْخࣸ  دࣸوْࢽْ إِسَࢽْ کَاکَࢽْکَ ࢽࣸوْحࣸ,٢٣غَامࣸ غࣸࢽْ جِيکَࢽْکَ شَيْخࣸ   دࣸوࢽْ إِسَرْکَاکَࢽْکَ ࢽࣸومࣸ,0.14285714285714285,0.6666666666666666
Infiraji_8.pdf_page_17_line_016,سي سثٜي,سي سثي,0.14285714285714285,0.5
Infiraji_9.pdf_page_14_line_003,لَايَمࣸسّࣸهࣸ إِلَّاالْمࣸطَهَّرࣸوࢽَ    کࣸࢽجِ ءَايَرْ هَࢽِࢽْ طَوْکَاتَسى,لَايَمْسّهࣸ إِلذَّالْمࣸطَمَّرࣸوࢽَ  کࣸࢽْجِ ءَايَرْهَࢽِࢽْ طَوْکَاتَسَى,0.14285714285714285,1.0
The_Glorious_Majidu_Infiraji_1.pdf_page_5_line_004,١١ يَاکَمَاتَ مࣸغࣸوْداي اَللَهْ   ثَࢽ غَبَࢽْمࣸ أَکࣸوْي ڧَبِيلَه,١ يَاکَمَاتَ مࣸغࣸوْدٜي اَللَّهْ ثَࢽْ غَبَࢽْمࣸ أَکࣸو ڧَبِيلَهْ,0.14285714285714285,0.75
Infiraji_10.pdf_page_1_line_006,عࣸمَرࣸرَضِيَ اَللَّهࣸ عَࢽْهࣸ,عࣸمࣸرࣸرَضِىَ الَّهࣸ عَࢽْهࣸ,0.14285714285714285,0.6666666666666666
The_Glorious_Majidu_Infiraji_1.pdf_page_9_line_009,شِي بَيْ تَݒَٜ سَاݒَٜ أَلْکَوَرْبَا,شِى بَيْ تَبَ سَابَ أَلْکَوَرْبَا,0.14285714285714285,0.6
MAF_286.pdf_page_7_line_013,أَبَايَرْڢَ يَيْ هِجِرَايَذࣸوا مَدِيࢽَةࣸ ؞ أَکَبَاشِ يِࢽْ وࣸرْدِيڢَ أَحْمَدَا,أَبَايَرࢽْ ڢَ يَيْ هِجِرَايَذࣸوامَدِيࢽَةْ ؞ أَکَبَاشِ يِࢽْ وࣸرْدِيڢَ أَࢽَبِ أَحْمَدَا,0.14285714285714285,0.5555555555555556
MAF_286.pdf_page_3_line_008,جِبرِيلࣸ مِيکَاءل إِسْرَاڢِيلࣸ عَزَرَاءيلࣸ ؞ سࣸࢽْ تَڢࣸو سࣸڧَرْڢَڢَ اَلدِّيࢽِ دَسࣸࢽَّرْ مࣸحَمَّدَا,جَرِيلࣸ مِيکَابِِإِسْرَاڢِيلࣸ عَرْرَابِيلࣸ ؞ سࣸࢽْ تَڢࣸوسࣸڧَرْڢَڢَ اَلدِي دَسࣸࢽَرْ مࣸحَمَّدَا,0.14432989690721648,0.7272727272727273
Celebrating_Cerno_Aliiyu_Ɓuuɓa_Ndiyaŋ_Waccugol_Cerno_Aliiyu_Ɓuuɓa_Ndiyaŋ.pdf_page_2_line_012,ىٰعٜسࣸوَندٜ طࣸمْ عٜسࣸوَندٜطࣸمْ کࣽعَلاَ يٜرࣸسبءصتتا فَلࣸمَاطَغم طࣸمْ ضࣸرَّتَا,عٜسࣸوَنْدٜطࣸمْ عٜسࣸوَندٜطࣸمْ کࣸعࣸلاَيٜرࣸسبعصتتا فࣸلࣸمَاطفم طࣸمْ ضࣸرَّتَا,0.14473684210526316,0.625
A_Poem_on_Friends_and_Relations_Waƙar_Ƴan_Uwa.pdf_page_5_line_003,غَدࣸ کَࢽْ بࣸکَاتࣸوࢽَي کَيِومَسࣸ  تَيْمَکࣸو کَاسَمِ لاَدَکَايِبَّبرْ ڧَارࣸوَا,غَدࣸکَࢽْ بࣸکَاتࣸوࢽَيْ کَيࣸومَسَ  تَيْمَکࣸوکَاسَامِ لَاَدَکَايِيّيَرْڧَارࣸوَا,0.14473684210526316,1.0
Nana_Asmāʾu_Admonition_Nana_Asmāʾu_Waazi.pdf_page_2_line_009,ࢽَࢽْ غَألدِّيِࢽْ بطَرْسَࢽࢽ ڢَرضࣸ عَيࢽِ   شِي کَسامثّٜيٰ کࣸوڢِتَا بَابࣸ کࣸومِ,ࢽَࢽْ غَألدِّيࢽْ بِطَرْسَࢽِࢽْ ڢَرْضࣸ عَيْرِ شِي کَسَامَثّٜيٰ کࣸوڢِتَا بَابࣸ کࣸومِ,0.14473684210526316,0.5
Infiraji_9.pdf_page_21_line_011,غَامَذَاجٜيٰ شَاتَر سࣸࢽْثِکَا   دࣸوࢽْ أࢽْ ڟَرٜيٰ سࣸوبَسَاشَاکَوْثَرَا,غَامَذَاجٜيٰ شَاتَرْسࣸࢽْشِکَا  دࣸوأَࢽْ ڟَرٜيٰ سࣸوبَسَاشَاکَوْتَرَرَا,0.14492753623188406,0.7142857142857143
Infiraji_4.pdf_page_48_line_009,يَىِّ سَابࣸوْکࣸوْايَبَادَ    أَࢽْ زࣸکَࢽْ وَࢽِى کࣸوْاْيَثِيْدَي,يَيِّ سَابࣸواْکࣸوْايَبَادَ  أَرْزࣸکَࢽْ وَࢽِي کࣸوْاْيَثِيدَ,0.14516129032258066,1.0
Infiraji_12.pdf_page_12_line_002,دࣸکْ ڢِتَرْتَ دَࢳَِࢽْ وࣸڧَاࢽٜىٰ    مَيْجِرَاکࣸوْاغَاشِ ذَوْࢽٜى,دࣸکْ ڢِتَرْتَ دَࢳَرْوࣸڧَاࢽٜيٰ  مَيْجِرَاکࣸوْاْغَاشِ ذَوْࢽٜيٰ,0.14516129032258066,0.6666666666666666
Infiraji_10.pdf_page_5_line_009,يِࢽْ ڟَڢْتَاتَجِکِي دَتࣸڢَاڢِي   شِيࢽٜيٰ کٜࢽْ حَرْطَࢽْ ثِوْتَا,يِࢽْ ڟَڢْتَاتَجِکِي دَتࣸڢَاڢِي  شِيࢽٜيٰ کٜي حَࢽَْ يَاطَࢽْ ثِوْتَا,0.14516129032258066,0.42857142857142855
Warning_Gargaɗi_Infiraji_2.pdf_page_8_line_013,کَرْکَبَامࣸتࣸوَا أَمِࢽْثِي    کࣸواْوَادَکࣸواوَادࣸوࢽْ تَلَوْثِي,کَرْکَبَامࣸتَوَاأَمِࢽْثِي کࣸواْوَادَکࣸواْوَادࣸوْ تَتَوْࢽِي,0.14516129032258066,1.0
The_Glorious_Majidu_Infiraji_1.pdf_page_5_line_008,شِي مࣸکبى ثِي أَرْزِڧِࢽْسَ  کَاغَ بَادَࢽْ شِيْبَ دَامَا,شِي مࣸکٜيٰ ثِࢽْ أَرْزِڧِࢽْسَا کَاغَ بَادَࢽْ شِيبَ دَاسَا,0.14545454545454545,0.625
Infiraji_3.pdf_page_4_line_005,هَرْدَبࣸوأيْکِࢽْ بَتَثّٜىٰ لࣸوطࣸ مَاطࣸغࣸومࣸࢽْجِ أࢽْثٜىٰ,هَرْدَبࣸوْأَيْکِࢽْ بَتَثّٜيٰ  لࣸوطࣸ مَاطࣸغࣸم مࣸࢽْجِ أَࢽْثٜيٰ,0.14545454545454545,1.0
Infiraji_11.pdf_page_9_line_001,غَايَوَࢽْ ࢽَڟࣸوَادَعِڢَّا     غَاشِ ݣَيݣَّياوَاغَصِڢَّا,غَايَوَࢽْ ࢽَڟࣸوَادَمِڢَّا  غَاشِ کَيَّياوَالصِڢَّا,0.14545454545454545,0.5
Infiraji_7.pdf_page_10_line_010,ࣸوْبِ دَيْ غَسَرَا کࣸࢽَࢽْمࣸ وَࢽْدَسࣸࢽْکَ رِِڧى ڧَسَرْمࣸ,دࣸوبِ دَيْ غَسَرَاکࣸࢽَࢽْمࣸ  وَࢽْدَسࣸࢽْکَ رِڧٜيٰ ڧَسَرْمࣸ,0.14545454545454545,0.5714285714285714
Infiraji_8.pdf_page_24_line_014,غَاڢِشِي حَرْبَامࣸ سَامࣸ    کࣸوْارࣸوَايَتَڢࣸوْايَغَࢽْمࣸ,غَاڧِشِي حَرْبَامࣸ سَامࣸ کࣸواْرࣸوَايَتَڢࣸواْ يَغَࢽْمࣸ,0.14545454545454545,0.75
Infiraji_4.pdf_page_39_line_003,کَىْ ڧَواڧَلْوَاتَاڟِيايٜىٰ   غَامࣸتَاࢽٜىٰ ࢽَاتَمَايٜىٰ,کَيْ ڧࣸواڧࣸلْوَاتَاڟِيَايٜيٰ  غَامࣸتَاࢽٜيٰ ࢽَاتَمَايٜيٰ,0.14545454545454545,1.0
Infiraji_4.pdf_page_18_line_013,يَٜࢽْ جَهَࢽَّمَ کࣸواأَڢَارِ  أَيْ کِرِاسࣸتهࣸوا دَسَوْرِ,يٜࢽْ جَهَࢽَّمَ کࣸواْأَڢَارِ  أَيْ کِرَسَالࣸواْدَسَوْرِ,0.14545454545454545,0.6666666666666666
The_Glorious_Majidu_Infiraji_1.pdf_page_5_line_010,١٣ عَاعَ إࢽْ بَکَ مَيزٜيٰبَا  غَسْکِيَا بَتَسَاڢِتَابَا,١ عَاعَإࢽْ بَکَ مَيَّزٜيـٰبَا   غَسْکِيَابَتَّسَاڢِتَابَا,0.14545454545454545,0.8571428571428571
ELIT_WAN_00130_009v_line_004,کذاالتولدعࢽ شي>ڢى ى سببا ؞ کال مࢽي بالسم عࢽ تاثيى منعصل,کذاالتولدعࢽ شي> جر ى سببا ؞ کالر مى بالسم مࢽ تاثيى منحصل,0.14545454545454545,0.38461538461538464
The_Human_Being_Is_an_Incurable_Disease_Mutum_Cuta_Ne_Marar_Magani.pdf_page_2_line_003,الࢽاس داءڢيࢽ لادواءلهم  تحيرالعڧل مࢽهم وهو مࢽذهل,الࢽاا داء دڢيࢽ لادواءلهم تحير العڧل مࢽهم وهومࢽذهلل,0.14583333333333334,1.0
The_Human_Being_Is_an_Incurable_Disease_Mutum_Cuta_Ne_Marar_Magani.pdf_page_7_line_014,إࢽدَيْ أکࣸو.يْ ثࣸوتَاأَکَلّࣸوࢽْ کَاجِيَا    کَيْدَيْ کَذَوْࢽَا لاَڢِيَادَمࣸتَاࢽٜيٰ,إِࢽْدَيْ أَکࣸويْ ثࣸوتَاأکَلَّوࢽْ کَاجِبَا  کَيْدَيْ کَذَوْࢽَالَاڢِيَادَمࣸتَاࢽٜيٰ,0.14634146341463414,0.8571428571428571
Infiraji_10.pdf_page_10_line_015,سَࢽَّࢽْ أَݣࣸوࣸيْ سࣸوࢽَا تَکࣸسْ غࣸࢽْ مَّاتَا بَرِ إِࢽْ ڢَطٜيٰسࣸ غࣸدَا غࣸدَازَارٜٜيٰ,سَࢽَّࢽْ أَݣࣸويْ سࣸوࢽَاتَکࣸسْ غࣸࢽْ مَّاتَا    بَرِ إِࢽْ ڢَطٜيٰسࣸ غَدَاغَدَابَازَارٜيٰ,0.14634146341463414,0.45454545454545453
The_Human_Being_Is_an_Incurable_Disease_Mutum_Cuta_Ne_Marar_Magani.pdf_page_7_line_010,جَمَعَامࣸطَوْحَڧࣸرِى مࣸذَلاَڢِيَا   کࣸمَ کَرْمࣸدࣸوسَ مࣸسࣸ ڧࣸرَيْ دَمࣸتاࢽٜيٰ,جَمَعَامࣸطَوْحَڧَرِي مࣸࢽَوْࢽَالَاڢِيَا  کࣸمَ کَرْمࣸدࣸوسَ مࣸسࣸ ڧࣸرَيْ دَمࣸتَاࢽٜيٰ,0.14666666666666667,0.42857142857142855
A_Person_with_a_Livelihood_Will_Never_Be_Destitute_Mai_Sanaa_Ba_Ya_Tsiya.pdf_page_5_line_007,دࣸومِࢽْ کࣸوَکَرٜىٰ عَکࣸوىْ مَاسࣸ سَࢽْسَ    بَامَيسَࢽْ مࣸتِࢽْ مَرَرْ صَࢽَاعَ,دࣸومِࢽْ کࣸوکَرٜي عَکࣸويْ مَاسࣸ سَࢽْسَ  بَامَيْسَࢽْ مࣸتِࢽْ مَرَرْيِࢽْ صَࢽَاعَ,0.14666666666666667,0.4444444444444444
Infiraji_7.pdf_page_9_line_012,بَتَ ڧَيَالٜى سَرِى دَکࣸزْکࣸدࣸوبَا,بَتَ ڧَيالٜيٰ سَرِي دَکࣸرْکࣸدࣸوبَا,0.14705882352941177,0.75
Infiraji_12.pdf_page_9_line_016,إِࢽْ أࣸوَاتَشِغَرْمَ رٜىٰࢽࣸواْ     مَاغَࢽِي مَىْ وَࢽْکٜىٰ ࢽࣸوْاࢽࣸوْا,إِࢽْ أࣸوَاتَشِغَرْمَ رٜيٰࢽࣸواْ  مَاغَࢽِي مَيْ وَࢽْکٜيٰ ࢽࣸواْࢽࣸواْ,0.14705882352941177,0.5714285714285714
Infiraji_10.pdf_page_13_line_013,دࣸکْ دَحَکَ إِࢽْ بَسࣸ غَجِبَاذَاثٜيٰ دَࢽِي إِࢽْ شَاءَاللَّهࣸ تَعَلَى,دࣸکْ دَحَکَّ إِࢽْ بَسࣸ عَجِبَاذَاسࣸ دَاࢽٜيٰ دَࢽِي إِࢽْ شَاءَاَللَّهࣸ تَعَلَى,0.14705882352941177,0.4444444444444444
Infiraji_6.pdf_page_20_line_009,شِکٜىٰ کࣸوࣸاْشِيْمْابَذَىْ إيَابَا,شِکٜيٰ کࣸوْاْشِيمَابَذَىْ إِيَابَا,0.14705882352941177,1.0
Infiraji_7.pdf_page_7_line_015,بَسࣸ تَوࢽَ أَبِࢽْدَاسَࢽْ حَطٜيٰبَا,بَسࣸ تࣸوْࢽَأَبِࢽْدَسࣸࢽْ حَطٜيٰبَا,0.14705882352941177,0.5
Infiraji_11.pdf_page_5_line_004,شِي مࣸتࣸمْ ࢽٜىٰ مَىْ لَطَاڢَا    کَٜࢽْ حَلِى دَجِکِي دَصِڢَّا,شِي مَࢽَمْ ࢽٜىٰ مَىْ لَطَاڢَا  کَبِࢽْ مَلِي دَجِکِي دَصِڢَّا,0.14754098360655737,0.3333333333333333
The_Glorious_Majidu_Infiraji_1.pdf_page_9_line_013,٣٤ يَاڢِ کࣸواْوَا ڢَيْ دَبٜࣸويٜيٰ  أَيْکࣸوشِ دࣸهࣸو يََيَايٜيٰ,٣٧ يَاڢِ کࣸوْاْوَاڢَيْ دَيࣸويٜىٰ  أَيْکࣸوشِ دࣸهࣸويَيَايٜىٰ,0.14754098360655737,0.75
Knowledge_to_Follow_God_Gandal_Fii_Rewugol_Alla.pdf_page_8_line_004,مِࢽَ ࡻلْکِبَرِ عَوْ نِࢽ تِنَارٜوَفَالَ عࣸمَاکِ صَلَّح ࡻللَّهࣸ,مِࢽَ ࡻلکِبَرِمَوْنِࢽْتِنَارٜوَفَارَعࣽمَاکِ صَلَّى ࡻللَّهࣸ,0.14754098360655737,0.75
Nana_Asmāʾu_The_Authentic_Path_Nana_Asmāʾu_Godaben_Gaskiya.pdf_page_9_line_001,أَکࣸࢽْ وَسࣸࢽ ڟࣸࢽْڟَايٜىٰ دَمࣸريَسّࣸ تَڢِࢽَࢽْ    غَغࣸوغٜىٰ دَدَاطى دࣸک سࣸجِيسࣸ دَاَحمَدَا,أَݣࣸيْ وَسࣸ ڟࣸࢽْڟَايٜيٰ دَمࣸرْيَسّࣸ تَڢِّࢽَࢽْ   غَغࣸوغٜيٰ دَدَاطِي دࣸکْ سࣸجِيسࣸ دَاحْمَدَا,0.14772727272727273,0.9
Infiraji_3.pdf_page_22_line_010,الحمدلله رب العلميࢽ. تَمَتْ,الحمدلله رب العميࢽ اتَمَت,0.14814814814814814,0.6
ELIT_WAN_00130_012v_line_002,ڢدرام بالجهل نورالحڡ يطڢنى ؞ والله اظهوط کالشمس لم تزل,فدرام بالجهل نورالحد يطڢنه ؞ والله الوه کالشس لم تل,0.14814814814814814,0.6
Celebrating_Cerno_Aliiyu_Ɓuuɓa_Ndiyaŋ_Waccugol_Cerno_Aliiyu_Ɓuuɓa_Ndiyaŋ.pdf_page_1_line_011,وٜبْتَنْطࣽعٜࢽ فَبِتَنْجِ مَکّࣽ کࣽسࣸدّࣸطن هَىْ هࣸودٜ وَاوَاضࣸرّࣸ فࣸلْعٜࢽ هٜوْتَتَا,وبْتَنْطࣸڢٜࢽ فَبِتَنْجِ مَکّࣸ کࣸسࣸدّࣸطٜࢽْ هَىْ هࣸودٜوَاوَاضࣸرّࣸفࣸلْڢٜر هٜوْتَتَا,0.14814814814814814,0.6666666666666666
Celebrating_Cerno_Aliiyu_Ɓuuɓa_Ndiyaŋ_Waccugol_Cerno_Aliiyu_Ɓuuɓa_Ndiyaŋ.pdf_page_1_line_013,عَسٜوٜرّٜعَدِّى هࣸوَدٜيࣸرْمࣸدٜڢٜوْࣽمٜࢽْ ڢَاتࣸنْدٜجٜرْرࣽ عَلىّࣸ هَٜيْرٜ دٜهِطَّتَا,عَسٜوٜرِّعَدِّى اهࣸودٜ يࣸرْمࣸدٜڢٜوْدࣸمٜࢽْ ڢَاتࣸنْدٜجٜرْرࣸعَليّࣸ َيْرٜدٜهِطَّتَا,0.14814814814814814,1.0
ELIT_WAN_00130_005r_line_008,واعلم باࢽ وجودالله فدشحدت ؞ بما لٜى اهيࢽ ڢلنفص ولا نطل,واعحلم باࢽ وجودالله فدشمدت ؞ به الي اهيࢽ ڢلنفص ولانطل,0.14814814814814814,0.5454545454545454
Infiraji_3.pdf_page_6_line_001,کࣸوْاْأࢽَاکࣸمَ بِࢽْسَ بَاشِ کࣸوْࢽشِࢽَابِى کࣸواْأکࣸوبشِ,کࣸوْاْأࢽَاکࣸمَ بِࢽْسَ بَاشِ  کࣸواْشِࢽَابِي کࣸوْاْأَکࣸوبِشِّ,0.14814814814814814,0.4
ELIT_WAN_00130_005v_line_002,وفدمض الفول ت وجماالدليل بما ؞ فداتى ل الله نصاغيرمحتل,وفدمض الفول ت وج الدلل ما ؞ فذانز ل الله نصاغير محتل,0.14814814814814814,0.6
ELIT_WAN_00130_005r_line_009,ڢکيڢ يحڢى وجود الله ياعجبا ؞ لجا هد مࢽ ظلام الکڢرت ظلل,ڢکيڢ نخلى وجودالله ياعجبا ؞ جاهدمࢽ ظلام الکڢرتا ظلل,0.14814814814814814,0.5833333333333334
ELIT_WAN_00130_002r_line_010,ثم الخلا ڡ اذا مالم يکࢽ تبعا ؞ يغڢوامغلده علمويمل يميل,ثم الخلاڡ اذامالم يکࢽ تبعا ؞ يفڢوامغلده ملعى يمل يمل,0.14814814814814814,0.7272727272727273
Knowledge_to_Follow_God_Gandal_Fii_Rewugol_Alla.pdf_page_8_line_008,ࡶَلْحَطَبِ جَرْمَلّٜ ࡶَلرَّفِيڡِ جٜوْطِ وَفَارَعࣽمَاکِ,ࡼلْحَطَبِ جَرْمَلِّ الرَّفِيمِ جٜوْطِ وَفَالَ عࣽمَاکِ,0.14814814814814814,1.0
Infiraji_3.pdf_page_3_line_011,شِبِ الله بَادَ کَࢽغَرَابَا,شِبِ اَللهْ بَادَکَࢽْغَرَابَا,0.14814814814814814,0.75
A_Poem_on_Adultery_Waƙar_Zina.pdf_page_2_line_003,إِدَࢽْ بَاضَرࣸورَا کَبَرْ سࣸࢽْ ڧَتَارَا  ذَمَابَابࣸ کٜيوࣸ دَمَيْيِࢽْ زِࢽَا,إِدَࢽْ بَاضَرِورَاکَبَرْࢽسَࢽ ڧَتَارَا   ذَمَابَابࣸ کِي ودَمَيِيِࢽْ زِࢽَا,0.14864864864864866,0.5555555555555556
Nana_Asmāʾu_The_Absolute_Truth_1_Nana_Asmāʾu_Tabbat_Haqiqan_1.pdf_page_1_line_005,مࣸيَ صَلاَةِ زࣸمَيْ تࣸتࣸتْ بِسَ ڢِيَيّٜيٰ          دࣸدَّتَسْلِيمْ مࣸذَمْکࣸ بٜيٰغٰٜࢽْ ڢِيَيّٜيٰ,مࣸيْ صَلاةِ زࣸمَيْ تࣸتࣸتْ بِسَ ڢِيَيّٜيٰ  دࣸدَّتَسْلِيمْ مࣸذَمْکَ بٜيٰغٜيٰࢽْ جِيَبّٜيٰ,0.14893617021276595,0.5
A_Poem_on_the_British_Waƙar_Nasara.pdf_page_2_line_013,مࢽاڢکي شکࢽ يوا غرٜي س    ودࢽ دککوت الأمرࢽ ࢽصارا,مࢽاڢکي شکࢽ يواغري س ود دککوت الامرࢽ ࢽصارا,0.14893617021276595,0.4444444444444444
ELIT_WAN_00130_011v_line_010,وحڢظ نڢس ومال معها ذسب ؞ وحڢظعڢل وعرض غيرمبنتدل,وحڢظ نڢس ومال معماذسب ؞ وحڢظ عفل وعر ض غير منتدل,0.14893617021276595,0.8888888888888888
Infiraji_3.pdf_page_4_line_008,إࢽَدَسَوْرَࢽْرَايࣸوَࢽْکَ عَيْ أسَاثࣸوتَاجِکِْکَ,إِࢽْدَسَوْرَࢽْ رَايࣸوَࢽْکَ  سَيْ أَسَاثࣸوتَاجِکِࢽْکَ,0.14893617021276595,1.3333333333333333
Infiraji_3.pdf_page_2_line_003,اَلࢽَّاشِرࣸ أحَمَدࣸ التِجَاࢽِي حَڢِظَࢽ اَللَّهࣸ,اَلࢽَّاشِرࣸأَحمَدࣸ اَلتِّجَاࢽِي حَڢِظَه اللَّهࣸ,0.14893617021276595,1.0
Nana_Asmāʾu_The_Authentic_Path_Nana_Asmāʾu_Godaben_Gaskiya.pdf_page_7_line_013,أَکࢽْ لَدّࣸوَا وَࢽَلࣸوءْلوء کࣸوࢽَشَاࢽَسَا    کࣸتَمْثِࢽْسࣸ دَيْڢَ دَألࢽَّبَاوَاغکࣸوڧِدَا,أَکي لِدّࣸوَا وَࢽَڧࣸوْلࣸوْکࣸوࢽَشَاࢽَسَا   کࣸتَمْثِࢽْسࣸ دَيْڢَ دَاَلࢽَّبَاوَاغَکࣸوحِدَا,0.14942528735632185,0.7142857142857143
Warning_Gargaɗi_Infiraji_2.pdf_page_14_line_007,يَوشٜيٰ مَيْوَ ࢽَࢽْ صَࢽَاعَا    کٜيٰ ڟَرِࢽْ حَڧِِّࢽْ شَريعَا,يَوْشٜيٰ مَيْوَࢽَࢽْ صَࢽَاعَا کٜىٰ ڟَرِࢽْ حَڧِّࢽْ شِرِيعَا,0.15,0.75
MAF_286.pdf_page_5_line_016,مࣸࢽْبَاکࣸ لَابَارِࢽْ بࣸييَّ دَجَرْدَدࣸکْ ؞ مࣸکࣸومَا غَخَرْتࣸمْ مَڧِيَامࣸحَمَّدَا,مࣸࢽْبَاکࣸ لَابَارِ بࣸبَيَّ دَجَرْدَدࣸکْ  مࣸکࣸومَ غَخَرْتࣸمْ کࣸمَ مَڧِيَا مࣸحَمَّدَا,0.15,0.875
On_Divine_Punishment_2_Kuuɗe_Lette_2.pdf_page_2_line_001,مࣽࢽࣽ جَامِ کࣸجَامَتَطࣸࢽْ عࣽنَجِ رࣸتّىى دَدِتَلْدٜدرَدٜدَرَلْ,مࣽرࣸ جَامِ کࣽجَامَتࣸطࣸࢽْ عࣽنَجِ رࣸتّٜࢽ عَدِتَلْدٜدَرَادٜدَرَلْ,0.15,0.6666666666666666
The_Glorious_Majidu_Infiraji_1.pdf_page_3_line_004,اِࢽْ يَبࣸوࢽْ مَࢽْذࣸوْاْحَمَيدِ   ذࣸو شَڢَا يَوْمࣸ الْمِعَادِ,إِࢽْ يَبࣸورْ مَࢽْذࣸوْاْ حَمَيدِ  ذࣸوشَڢَايَوْمَ اْمعَادِ,0.15,1.0
A_Poem_on_Friends_and_Relations_Waƙar_Ƴan_Uwa.pdf_page_4_line_008,يَاطَࢽْعࣸوَاࢽَا إِࢽْدَ حّالِࢽْ تَيْمَکࣸو أمْرِي دَࢽَهيِ دࣸوکَتَيْمَکَ طَࢽْ عࣸوَا,يَࢽْ عَوَاࢽَا إِࢽْدَ حَالِࢽْ تَيْمَکࣸو   أمْرِي دَࢽَمَي دࣸوکَتَيمَکَ طَࢽْ عࣸوَا,0.15,0.5555555555555556
Infiraji_6.pdf_page_15_line_007,غَاتَ طَوْرٜيٰ تَࢽَاتَهَࢽْغٜيٰ     کَࢽْ أَڧَارٜيٰ أَرٜيٰغٜيٰ,غَاتَ طَوْرٜيٰ تَࢽَاتَهَࢽْغٜيٰ  کَࢽْ أَڧَارٜيٰ شِرِي أَرٜيٰغٜيٰ,0.15,0.16666666666666666
A_Poem_on_Friends_and_Relations_Waƙar_Ƴan_Uwa.pdf_page_5_line_012,کࣸو بَاأَبࣸࢽْ ڟَرَبَ دَزَيْبَا ࢳࢽْ عࣸوَا,َمَ بَاَبࣸࢽْ ڟَرَبَ دَزَيْيَاࢳࢽْ عࣸوَا,0.15,0.6666666666666666
ELIT_WAN_00130_015r_line_012,ڢصل نا حوض نبينا محمد صلى الله عليه وسلم,ڢصل نا حوض ببنا محمدصلى الله عيه وم,0.15,0.5555555555555556
MAF_286.pdf_page_9_line_002,سࣸکَثٜيٰمَ سَرْکِي مَهْدِ يَا لشٜيٰ مࣸ ؞ أََبَاطِلََادَبَابࣸ دَلِيلِ کࣸࢽجِ مَڧِيَّامࣸحَمَّدَا,سࣸکَثٜيمَ سَرْکِي مَهْدِ يَاکَثٜيٰ ؞ࣸ أَبَاطِلا دَبَابࣸ دَلِيلِ کَࢽْجِ مَڧِيَّا مࣸحَمَّدَا,0.15053763440860216,0.8181818181818182
The_Glorious_Majidu_Infiraji_1.pdf_page_12_line_007,٤٧ رَبَّࢽَا يَکِرَاکَ کَاجى  إࢽْدَ يَاوَى وَࢽَدَيَاجى,١٧ رَبَّࢽَا يَکِرَاکَ کَاجىٰ  إِࢽْدَبَاوَࢽِ وَࢽَدَيَاجي,0.1509433962264151,0.7142857142857143
ELIT_WAN_00130_016v_line_003,ڢهم نجوم کما فال الرسول لنا ؞ ڢلتعتفد حبم بالفلبوابتل,ڢهم لجوم کما فال الر سول لنا ؞ ڢلتعت فدحبم بالعلب والبل,0.1509433962264151,0.7
ELIT_WAN_00130_017v_line_002,واعلم باࢽ عيو ب النڢسى ملکة ؞ اڢلما ميلحا للعجزوالکسل,واعلم باࢽ عيوب النڢس مملکة ؞ افلما مب لما للعجز والکسل,0.1509433962264151,0.9
Infiraji_10.pdf_page_9_line_009,سࣸوࢽَاࢽاَ محَمَّدࣸ الثَاࢽِي طَࢽْغَاࢽِ   غَرِࢽْمّࣸو کَࢽَاثِغِيَاتَا,سࣸوࢽَاࢽَامࣸحَمَّدࣸالتَّاࢽِي طَࢽْغَاࢽِ  غَرِࢽْمࣸو کَࢽَاثِغِيَاتَاءِ,0.15151515151515152,0.8333333333333334
Infiraji_10.pdf_page_1_line_009,لَيِّࢽَةࣸࣸ عَڢِيڢَةࣸࣸ مࣸسْلِمْةࣸࣸ تَعِيࢽࣸ أّهْلَهَاعَلَى الْعَيْشِ,لَيِࢽَةࣸ عَڢِيڢَةࣸ مࣸسْلِمَةࣸ لَعِيࢽࣸ أَحْلَمَاعَلَى الْحَيْشِ,0.15151515151515152,1.0
Infiraji_6.pdf_page_2_line_004,إِلَىٰ مَايࣸحِبّࣸ ءامِيࢽ بِإِذْࢽِ,إِىٰ مَيࣸحِبّࣸ ءَامِيࢽ بِإِذْࢽ,0.15151515151515152,1.0
Infiraji_11.pdf_page_7_line_015,کَىْ بَکَاتࣸوْازَرْتَ لَاحِرَابَا,کَيْ بَکَاتࣸواْزَرْتَلَاهِرَابَا,0.15151515151515152,1.0
The_Glorious_Majidu_Infiraji_1.pdf_page_13_line_006,يَجِ کَلْمَابَا تَطَࢽْ أَدَمَّبَا,بَجِ کَلْمَابَاتَطَࢽْ أدَمْبَا,0.15151515151515152,1.0
A_Poem_on_Friends_and_Relations_Waƙar_Ƴan_Uwa.pdf_page_5_line_010,دَرَشِࢽْ أَبِࢽْثِي کࣸورْشِࢽْ سࣸࢽ جَدٜ کࣸوکࣸو بِيَࢽْ مࣸوتَا أَجٜي غࣸࢽْ ࢳࢽْ عࣸوَا,دَرَشِࢽْ أَبࣸثِيِ کࣸورَشِࢽْ سࣸࢽ جَدِ  کࣸوکࣸوبَيَࢽْ مࣸوتَاأَجٜي غࣸرْࢳࢽْ عࣸوَا,0.1518987341772152,0.75
Knowledge_to_Follow_God_Gandal_Fii_Rewugol_Alla.pdf_page_8_line_015,أَلرِّيَآءࣸيِينَارِ>نࣽدࣽ فِرَڢِى اِلْحَسَنَاتِ,ࡼلرِّيَاءࣸيِينَارِ> نࣽدࣽفِرَڢِ الْحَسَنَاتِ,0.15217391304347827,0.8
MAF_286.pdf_page_17_line_013,أَيِوࣸومَسْ حِسَابِ دَڟَࢽَِࢽِيڢَ کࣸࢽجِيَا ؞   دَسْرِِيࢽَ ڟَࢽَࢽْ تَاوَا دَيْ إِࢽْجِ أَحْمَدَا,أَيِوࣸومَسْ حِسَابِ دَطَتَࢽِيڢَ کࣸࢽْجِيَا ؞  دَسࣸࢽْ بِي طَࢽَࢽْ تَاوَادَيْ إِࢽجِ أَحْمَدَا,0.15217391304347827,0.6363636363636364
ELIT_WAN_00130_010v_line_007,اسماوٰه وصڢات الذات ٰنطلفها ؞ بالاذࢽ مثل الد>يحتاج ڢى العمل,اساوه وصڢات الذات تطلفها ؞ بالاذࢽ مثل الذه يحتاج ڢى الحل,0.15254237288135594,0.4166666666666667
Infiraji_12.pdf_page_10_line_014,تَدْدَشِ کࣸوْاکࣸوايَهࣸودَࢽْ    تَدْدَشِي کࣸوْاکࣸوْامجࣸوسَࢽْ,ࢽَادَشِ کࣸواْکࣸواْيَهࣸودَࢽْ    تَدْدَشِي کࣸواْکࣸوْامَجࣸوسَࢽْ,0.15254237288135594,0.75
Infiraji_12.pdf_page_7_line_008,مَىْ إِذࣸواْيَايَرْڢِتَرْسَا   أَرْبَعِࢽْ أڟَڟࣸࢽْ أࣸبَࢽْسَا,مَيْ إِذࣸواْيَايِࢽْ ڢِتَرَْا  أَرْبَڢِࢽْ أَڟَڟّࢽْ أࣸبَࢽْسَا,0.15254237288135594,1.0
A_Person_with_a_Livelihood_Will_Never_Be_Destitute_Mai_Sanaa_Ba_Ya_Tsiya.pdf_page_6_line_011,أللهْ يَالَعَࢽْثِ ڧَرْيَرشَرِڢْتَ    ڧَولِࢽْأَࢽَّبِࢽْمࣸ ڧَولِࢽْ شَرِيْعَ,اَللَّهْ يَالَعَࢽْثِ ڧَرْيَرْشَرِڢْتَ   ڧَوْلِࢽْ أَࢽَبِࢽْمࣸ ڧَوْلِࢽْ شَرِيعَ,0.1527777777777778,1.0
The_Harlots_Song_Waƙar_Karuwa.pdf_page_5_line_001,َاأوْضَࢽْةْ بَيْڢِࢽْ وَتَࢽِّي شِدَّا  کࣸوْاْ تَا کَشٜي بَارࣸࢽْةَ دَإدَّا,أَوْصَࢽْةَ بَيْڢِࢽْ وَتَࢽِّي شِدَّا   کࣸوْاْتَاکَشٜيٰ بَارࣸوࢽْةَ دَإِدَّا,0.1527777777777778,0.6666666666666666
Nana_Asmāʾu_The_Authentic_Path_Nana_Asmāʾu_Godaben_Gaskiya.pdf_page_5_line_015,سࣸذࣸوغَڢِيَيّٜࢽْ تَخْلِڧَيْ دࣸکَ شِيشِثٜيٰ   ڢَࢽِيدَيْ کَثٜتࣸو يَوغَاَللّهْ أَحْمَدَا,سࣸذࣸوغَڢِيَيِّࢽْ تَحْلِمّيْ دࣸکْ شِيشِثٜيٰ  ڢَࢽِيدَيْ کَثٜيٰتࣸويَوْغَاللَّه أَحْمَدَا,0.15294117647058825,0.625
Infiraji_5.pdf_page_20_line_007,تَمت بحمدالله,تمت بحمداله,0.15384615384615385,1.0
Infiraji_8.pdf_page_23_line_001,إࢽْ أکَىْ مَغَࢽَاغَرٜٜىٰسࣸ   سࣸڢَطَامَکَ إࢽْ أکَيْسࣸ,إِࢽْ أَکَيْ مَغَࢽَاغَرٜيٰسࣸ  سࣸڢَطَامَکَ إِࢽْ أَکَيْسࣸ,0.15384615384615385,0.8333333333333334
Knowledge_to_Follow_God_Gandal_Fii_Rewugol_Alla.pdf_page_10_line_015,وَتَعَآلَٜىٰ عࣽتࣸووٜ>وَوَاحِدࣻ کࣽعࣽ فࣽوطࣽ ڢِى مࣸلکه>,وَتَعَالَىىٰ عࣽنࣸووٜ>وَوَاحِدࣸکࣽعࣽ فࣽوطࣽ ڢِى مࣸلْکَه>,0.15384615384615385,0.5555555555555556
ELIT_WAN_00130_012r_line_005,والمعجر اتم الکل فدبلغواکل الذ>اى وا ؞ والکل فدعصواناالغدل والعمل,والمعج اتمر الکل فدبلغواکل الء امࢽوا ؞ والکل فدعصوات الفدل والعل,0.15384615384615385,0.75
The_Harlots_Song_Waƙar_Karuwa.pdf_page_4_line_006,رࣸوَࢽْ شَࢽْ تَمَا سَيْ تَکَࢽْ سَا زࣸمَا,أࣸوَࢽْ شَࢽْ تَمَاسَࢽْ تَکَيْ سَارࣸمَا,0.15384615384615385,0.8571428571428571
ELIT_WAN_00130_013v_line_002,هذاالصحيم ڢلاتسمع لکنى ؞ مثل العبادات لم تنفض لمنڢعل,هذاالصيح ڢلا تسع لمنظىة ؞ مثل العبادات لم تتفض لمنڢعل,0.15384615384615385,0.5555555555555556
Infiraji_7.pdf_page_12_line_010,مَي کِرَࢽْ مَاتَا کَوَالِ ࢽَࢽْدَࢽَࢽْ کࣸکَبَاشِ جَالِ,کࣸࢽْ کِرَࢽْ مَاتَاکَوَالِ  ࢽَࢽْدَࢽَࢽْ کࣸکَيَاشِ مَالِ,0.15384615384615385,0.7142857142857143
ELIT_WAN_00130_007v_line_006,معءايت ناکتاب الله ناڢية ؞ کل النفابص نتڢى کل ذ> مثل,مع ايت ت کناب الله ناڢية ؞ کل النفا بص تنڢى کل ذ>مثل,0.15384615384615385,0.5833333333333334
The_Glorious_Majidu_Infiraji_1.pdf_page_11_line_003,دَتَکى هَࢽّࣸࢽَکَ بَارࣸڢىوَ,دَتَکى هَࢽِّࢽْکَ بَارࣸڢٜىٰوَ,0.15384615384615385,0.6666666666666666
Infiraji_3.pdf_page_9_line_007,بَاأَسࣸوࢽْ سَوْرِي غَأَيْکِي  غࣸࢽِࢽْ ڧَبَرِي طِࢽْکِي,بَاأسࣸوࢽْ سَوْرِي غَأَيْکِي غࣸࢽْ غِࢽِࢽْ ڧَبَرِي دَطِࢽْکِي,0.15384615384615385,0.6666666666666666
ELIT_WAN_00130_006r_line_002,ڢذاک کالعيࢽ لاتشغى تناظ ه ؞ دع الحمير على امثالهاتصل,ڢذاک کالعير لا تشغى تناظ ؞ دع الحي على امنا لهاتصل,0.15384615384615385,0.7
The_Glorious_Majidu_Infiraji_1.pdf_page_8_line_002,شِي مࣸتࣸم بࢽى االْوَڧَارِي  لاَزِمِࢽْ إِسْتِغْڢَارِي,شِي مࣸتࣸم ࢽٜى ذَالْرَڧَارِي  لَازِمِࢽْ إِسْتِغِڢَارِي,0.15384615384615385,0.6666666666666666
The_Human_Being_Is_an_Incurable_Disease_Mutum_Cuta_Ne_Marar_Magani.pdf_page_3_line_002,بِسْمِ اَللَّهْ اَلرَّحْمَࢽِٰ اَلرَّحِيمِ وَصلى اَللَّهࣸ عَلى الࢽَّبِييِّ اَلکَرِيمِ,بِسْمِ اِللَّهِ الرَّحْمَٰࢽِ الرَّحِيمِ وَصَلَّى اَللَّهࣸ عَلَى الࢽَّبِيِّ الْکَرِيمِ,0.15476190476190477,0.7777777777777778
ELIT_ESS_04893_001r_line_015,وࣸنداکࣸ دنيانِعْمَ مࣸمْ اَنَدࣸومࣸيࣸواْ جٜمْنࣸوبٜ ڢَوْلِدٜجَسْتِطࣸمْ بٜࢽْ کَاَ نطَتَا,وࣸندَاکࣸ دنيَانِعِرْ مࣸمْ اَنَدࣸومࣸيࣸواْ جٜمْنࣸوبٜ جَوْلِدٜ بَسْتِطࣸ بٜࢽْ کَانْطَتَا,0.15476190476190477,0.6666666666666666
The_Glorious_Majidu_Infiraji_1.pdf_page_12_line_013,٤٩ يَاکࣸسَࢽْثِ غَدࣸوࢽْ سَرَوتَ  جࢽ کِرَࢽسَ شِࢽَابَوَيْيَّا,١ يَاکࣸسَࢽْثِ غَدࣸوࢽْ سَرَوتَجِࢽْ کِرَࢽْسَ شِࢽَابَوَيْتَا,0.15517241379310345,0.7142857142857143
Infiraji_4.pdf_page_48_line_002,سَىْ أَثٜىٰ کَکَرَࢽْتَ أْيْکِ    دَادَکَىْ أڢَغٜىٰ دَطَاکِ,سَيْ أَثٜيٰ کَکَرَࢽْتَ أَيْکِ دَادَکَيْ أَڢَغٜيٰ دَطَاکِ,0.15517241379310345,0.7142857142857143
Infiraji_5.pdf_page_19_line_002,إِࢽْکَلࣸوَرَکَٜࢽىٰمِ عِلْمࣸ     مࣸواسَشّٜىٰࢽْ أَرْزِکِࢽْمࣸ,إِࢽْکَوَرَکَࢽٜىٰمِ عِلْمࣸ  مࣸواسَشّٜىࢽ أَرْزِکِࢽْمࣸ,0.15517241379310345,0.5
Infiraji_7.pdf_page_9_line_014,مَذࣸوَࢽْتَ ثِکِࢽْ دَرَارٜىٰ کࣸوْادَارَاࢽَ ثِکِࢽْ سَرَارِىٰ,مَاذࣸدࣸوَࢽْتَ ثِکِࢽْ دَرَارٰٜ کࣸواْدَرَاࢽَ ثِکِࢽْ سَرَارٜيٰ,0.15517241379310345,0.6666666666666666
ELIT_WAN_00130_017r_line_009,وثڡ يولا ک لاک لاتبغى به بدلا ؞ ڢما عࢽ الله جل الله مࢽ بدل,وثو يدلاک لا تبغ به بدلا ؞ ڢماعࢽ الله جل الله مࢽ يدل,0.15517241379310345,0.5333333333333333
Celebrating_Cerno_Aliiyu_Ɓuuɓa_Ndiyaŋ_Waccugol_Cerno_Aliiyu_Ɓuuɓa_Ndiyaŋ.pdf_page_1_line_004,ورضى عنه ويڢض علينا ديمت علومࢽ وبرکاته> ءاميࢽ,ورضى عنه ويڢيض عليناديمة علومه وبر کاتهء اميࢽ,0.15555555555555556,0.7777777777777778
A_Person_with_a_Livelihood_Will_Never_Be_Destitute_Mai_Sanaa_Ba_Ya_Tsiya.pdf_page_7_line_003,عَبَبَّࢽْکࣸوتࣸ ذَاࢽَثٜىٰ سࣸࢽْثِى بَاشِ    کࣸمَابَاسَايَبَاوَسَىْ مࣸࢽْ شَرِيعَ,عَبَيَّࢽْ کࣸوتࣸ ذَاࢽَثٜيٰ سࣸࢽْثِي بَاشِ کࣸمَابَاسَابِيَاوَ سَيْ مࣸࢽْ شَرِيعَ,0.15584415584415584,0.8571428571428571
Infiraji_4.pdf_page_17_line_015,بَسࣸ سَࢽْ شِࢽٜيٰ يَکٜيٰ کَرَابَا,بَسࣸ سَࢽْ شِࢽٜيٰ يَکٜيٰدِࢽابَا,0.15625,0.4
A_Poem_on_Adultery_Waƙar_Zina.pdf_page_1_line_008,دَبَاشِࢽْ دَطَلڧى بَلٜى الْوَضى    کࣸسَࢽْ بَابَ صَلَاغَمَى زِࢽَا,دَبَاشِࢽ دَطَلڧى بَلٜيى الوَضَى  کࣸسَࢽ بَابِ صَلاَاغَمَي زِࢽَا,0.15625,0.75
ELIT_WAN_00130_011v_line_009,ڢدا جمع الانبعاء والى سل فاطبيه ؞ على الديانته بالتو حيدڢى الملل,فذاجمع الانبناء والى سل فاطبة ؞ على الدياتة بالتوحيد ڢى الملل,0.15625,0.5833333333333334
Infiraji_11.pdf_page_5_line_012,يَکࣸوْاْإِسَ جَلَّ بَىْ غَزَابَا,بَکࣸوْاإِࢽِ جَلَّ بَيْ غَزَابَا,0.15625,0.5
ELIT_ESS_04893_001r_line_020,ادٰٜيٰرٜيرࣸمَيْرࣸعٜکࣸومْتِ مَيْرࣸدࣸحࣸوْتعࣸࢽْ ڢَاڢٜجࣸطࣸࢽْ دࣸکّࣸووࣸبَارْطࣸ مࣸهَابَتَا,دٜيريرࣸمْيْرࣸ عکࣸومْتِ مَيْرࣸدࣸحࣸوْمَتِعࣸࢽْ بَاجِجࣸطࣸࢽْ دࣸکّࣸووࣸبَارْطࣸ مࣸهَابَتَا,0.1566265060240964,0.8
The_Glorious_Majidu_Infiraji_1.pdf_page_9_line_008,ذࣸثِيَاتَسَ غَاإِعَاࢽَا    غَاکِيَايٜيٰورْأَََمَاࢽا,ذࣸوثِيَاتَسَ غَاإِعَاࢽَا  غَاکِيَايٜىٰوَرْأَمَاࢽَا,0.1568627450980392,0.6666666666666666
The_Glorious_Majidu_Infiraji_1.pdf_page_9_line_014,َذࣸوثِيَرْ کࣸوَاتَوَايٜيٰ   غاصِڢَامَيْبَادَڧَايٜيٰ,ذࣸوثِيَرْکࣸوَاوَاتَوَايٜيٰ  غَاصِڢَامَيْبَادَڧَايٜىٰ,0.1568627450980392,1.0
The_Harlots_Song_Waƙar_Karuwa.pdf_page_1_line_009,کَارࣸوَ بَاةَ غࣸوࢽِي کَڢْهَمْةَ  کࣸوْوَّا يَبَاةَ شِيࢽٜي غࣸوࢽِِِِِِࢽةَ,کَارࣸوبَاةَ غࣸوࢽِي کَڢْمِمْةَ  کࣸوْوَّا يَبَاةَ شِيࢽٜي غࣸوَࢽِࢽْةَ,0.15714285714285714,0.5
A_Person_with_a_Livelihood_Will_Never_Be_Destitute_Mai_Sanaa_Ba_Ya_Tsiya.pdf_page_2_line_011,ࢽٜمَاࢽي عَکٜي عَکَامَاعَطَوْرَٜى    بَيْرَسَ لَيڢࣸکَاوَجَࢽْ مَيشَرِيعَ,ࢽٰٜمَاࢽَيْ عَکٜي عَکَامَاعَطَوْرٜي  بَيْرَسَ لَيْڢࣸکَاوَجَࢽْ مَيْشََرّيعَ,0.15714285714285714,0.6666666666666666
Nana_Asmāʾu_The_Absolute_Truth_1_Nana_Asmāʾu_Tabbat_Haqiqan_1.pdf_page_1_line_012,کࣸوغَࢽِيِّ  مَرࣸوَثِي کࣸوکَرِيمِي             وَࢽْدَ بَيْ غِرْغِزَا مَ سَرْکِࢽْ مࣸسࣸلْمِي,کࣸوغَࢽِيِّ مَرࣸووَثِي کࣸوکَرِيمِ ج   وَࢽْدَبَيْ غِرْغِزَامَ سَرْکِࢽْ مࣸسࣸلْمِي,0.15730337078651685,0.6666666666666666
Knowledge_to_Follow_God_Gandal_Fii_Rewugol_Alla.pdf_page_10_line_011,کࣽوِعٜتٜىٰ اِلاِسْلاَمࣸ هࣸوَࡻلطَّاعَةࣸطࣸنْلٜ کࣽطࣸڢْتَفࣸلْ,کࣽوِعٜبّٜى الاِسْلاَمࣸ هࣸوَࡻللَّاعَةࣸطࣸنْلِ کࣽطࣽڢْنَفࣽلْ,0.15789473684210525,1.0
ELIT_WAN_00130_013r_line_012,و تب على الڢوراࢽ فارڢت سئيت ؞ لا تمهلࢽ  عا ساعةڢالذنب ڢى,وتب على الڢور اࢽ فارڢت سبيتت ؞ لا تمهلࢽ عاساعة ڢالذنب ڢل,0.15789473684210525,0.6666666666666666
ELIT_WAN_00130_003v_line_008,ليحسل الى ى ت سمل وت جبل ؞ تغࢽ بل السجب ذاک الودڡ ميࢽ محل,ليحصل الى ى نا سمل وت جبل ؞ تغر بل السحب ذاک الودڡ ڢى مل,0.15789473684210525,0.4
Warning_Gargaɗi_Infiraji_2.pdf_page_12_line_014,دَࢽْ بَثٜىٰوَرْهَࢽکَلِࢽْکࣸ    بِى بِيَࢽْ سࣸࢽْ ذࣸوثِيَرْکࣸ,دَࢽْ يَثٜيٰوَرْهَࢽْکَلِࢽْکࣸ بِي بِيَرْسࣸࢽْ ذࣸوثِيَرْکࣸ,0.15789473684210525,0.6666666666666666
Infiraji_11.pdf_page_12_line_002,ࢽَىْ کِرَࢽْسَ بِسَاأمَاࢽَا    أࢽْکَثٜىٰ کَشِغࣸوْکَذَوْࢽَا,ࢽَيْ کِرَࢽْسَ بِسَاأَمَاتَا  أَࢽْکَثٜى کَشِغࣸوْکَتَرْࢽَا,0.15789473684210525,0.8
The_Glorious_Majidu_Infiraji_1.pdf_page_14_line_010,٥٨ بَاشِ ذࣸوبى إࢽْ يَبَاکَ  بَاشِ جِࢽْ ڧَيَا شِى أَبِࢽْکَ,١بَاشِ ذࣸوبى إِࢽْ بَبَاکَ بَاشِ جِࢽْ ڧَيَاشِࢽْ أَبِࢽْکَ,0.15789473684210525,0.6
Infiraji_11.pdf_page_13_line_001,کࣸوْاوَࢽٜىٰ ءکَبَاشِ أَيْکِ   سَىْ أمَىْ عَدَدِي غَأَيْکِ,کࣸواْوَࢽٜىٰ مَکَبَاشِ أَيْکِ سَيْ أَمَيْ عَدَدِي غَأَيْکِ,0.15789473684210525,0.5714285714285714
Infiraji_3.pdf_page_3_line_010,تَࢽْ سَشِࢽْ أيْکِى ࢽَبَرْࢽَا ڢَىْ ديࣸويٜىٰ شِطَيْدَسࣸࢽَّا,تَرْسَشِࢽْ أَيْکِي ࢽَبَرْࢽَا  ڢَيْ دَݒࣸويٜيٰ شِطَيْدَسࣸࢽَّا,0.15789473684210525,0.7142857142857143
Knowledge_to_Follow_God_Gandal_Fii_Rewugol_Alla.pdf_page_6_line_017,وَالاِحْرَمࣸ حࣽرْمَعࣽ وَالطَّوَاڡࣸ عٜوَنْفَادٜوَالسَّعْىࣸ,وَاالاِنْرَامࣸ حَرْمَعࣸࢽْ وَالطَّوَاڡَ عٜوَنْفَادٜوَالسَّعْرࣸ,0.15789473684210525,1.0
Celebrating_Cerno_Aliiyu_Ɓuuɓa_Ndiyaŋ_Waccugol_Cerno_Aliiyu_Ɓuuɓa_Ndiyaŋ.pdf_page_1_line_010,لࣸنفِࢩْطࣽ عࢽ وِرْدࣸوجِ شَيْخࣸ عࣽرٜوْنِعٜࢽ لاَوࣽلْ بَوٍيفࣽلْ ڢٜيوࣸفࣽلْ عٜࢽ مَجَّتَا,لࣸنْفِنْطࣸ عٜࢽ وٜرْدࣸوجِ شَييْخࣸ عࣽرٜوْنِعٜࢽْ لاَوࣸلْ نٜويفࣸلْ ڢِيوࣸفࣽلْ عٜࢽ مَجَّتَا,0.15853658536585366,0.8
Celebrating_Cerno_Aliiyu_Ɓuuɓa_Ndiyaŋ_Waccugol_Cerno_Aliiyu_Ɓuuɓa_Ndiyaŋ.pdf_page_1_line_006,مِطࣸ جࣸولَ حِسْࢽ عٜأَنَّبِيجࣸ عٜأَلِعٜࢽْ عٜصَحَا بَعٜࢽْ جࣸلْڢࣸلْ عٜمَبّٜ مِهَابَتا,مِطࣸ جࣽولَ حِسْࢽَ عٜأنَّيِيجࣸ عٜعَالِعٜࢽْ عٜصَحَابَڢَࢽْ جࣸلْفࣸلْ عٜمَبِّ مِهمَابَتَا,0.15853658536585366,0.9
Nana_Asmāʾu_The_Authentic_Path_Nana_Asmāʾu_Godaben_Gaskiya.pdf_page_6_line_009,دَکࣸوألࢽَّبَاوَاهَٰکَذاصَالحِيࢽَدࣸکْ  وَلِيَّيْ کَذَا مَسَࢽَا دَسࣸࢽْکَبِ أَحْمَدَا,دَکࣸواَلࢽَّبَاوَامَکَذَامَالِحِيࢽَ دࣸکْ   وَلِيَّيْ کَذَامَسَࢽَادَسࣸࢽَࢽْکَبِ أَحْمَدَا,0.15853658536585366,0.8333333333333334
Knowledge_to_Follow_God_Gandal_Fii_Rewugol_Alla.pdf_page_7_line_003,عَرَنࣽعࣽࢽْ ࡶَلْحِلاَڡࣸ کࣸڢٜمْبَادٜوَرَميࣸ ࡼلْجِمَآرِوٜٜرْلَفࣽلْ,عَرَنࣽعࣽࢽْ ࡶلْحِلاَوࣸکࣽڢِمْبَادٜوَرَمْىࣸ ࡼلْجِمَارِوٜرْلفࣽلْ,0.15873015873015872,0.75
Warning_Gargaɗi_Infiraji_2.pdf_page_8_line_008,سَيِّدِاِلْوَرَا إِࢽْ کَغَاࢽٜيٰ     کَاغَ شَيْطَاࢽَࢽْ مࣸتࣸاࢽٜيٰ,سَبِّدِ الْرَرَإِࢽْ کَغَاࢽٜيٰ  کَاغَ شَيْطَاࢽَࢽْ مࣸتَاࢽٜيٰ,0.15873015873015872,0.5
Nana_Asmāʾu_The_Authentic_Path_Nana_Asmāʾu_Godaben_Gaskiya.pdf_page_8_line_002,ڢَاَللَّهْ شِبَامࣸ مࣸشَاسࣸ رَࢽَّࢽْ مࣸڟِيَرَدࣸکْ     دَغِرْمَࢽْ ڢِيَيَّيٰ اَلࢽَّبِمࣸ مࣸحَمَّدَا,جَاَللَّهْ شِبَامࣸ مࣸشَاسࣸ رَࢽَّࢽْ غِࣸيرَدَک  َغِرِمَࢽْ ڢِيَيّٜي اَلࢽَّبِࢽْمࣸ مࣸحَمَّدَا,0.1595744680851064,0.5555555555555556
Nana_Asmāʾu_Admonition_Nana_Asmāʾu_Waazi.pdf_page_2_line_001,دَوَّمَمّٜي حَڧِيڧَةََبَاشِ مࣸتوَا   سَرْمَدََا دَاءمََا شٜکٜمِيٰ بِدَوَامِ,دَوَّمَمّٜيٰ حَڧِيڧَةَ بَاشِ مࣸتࣸوَا  سَرْمَدَادَابِمَاشٜکٜيٰ بِدَوَامِ,0.16,0.8571428571428571
Infiraji_4.pdf_page_37_line_008,وَࢽْسࣸ ࢽاتاشِ ڟِرَارَا    تࣸࢽْ کࣸشٜىٰواذَاع ڢَارَا,وَࢽْسࣸ ࢽَاتَاشِ ڟِرَارَا تࣸࢽْ کࣸشٜيٰوَاذَاعَ ڢَارَا,0.16,0.3333333333333333
ELIT_WAN_00130_018r_line_003,وکل عبدغدت لله عنى ته ؞ على العد وبذاک اک العزڢيصل,وکل عبدغدت لله عن ته ؞ على العدوبذاک العࢽ ڢليصل,0.16,0.45454545454545453
ELIT_WAN_00130_006v_line_007,اريڢرضِ العفل بالتجوين االلة ؞ والبعض مڢتفرعلبعض ت العمل,اࢽ يڢرض العفل بالتجويزءاللة ؞ والبعض مڢتفعلبعض ن العل,0.16071428571428573,0.7777777777777778
The_Glorious_Majidu_Infiraji_1.pdf_page_14_line_007,٥٧ کَيࢽ طَبِيعَاࢽَاغَىرــشِ  وَࢽْدَأَࢽکَجِ سَيْکَ سࣸوْشِ,٢٧کَيࢽْ طَبِيعَاࢽَاغَرٜىٰـشِ  وَࢽْدَأَࢽْکَجِ سَيْکَ سࣸواْشِ,0.16071428571428573,0.8333333333333334
ELIT_WAN_00130_004v_line_011,کم فذدکرت وت الفرءاࢽ انت تࢽ ى ؞ کمکࢽ رالاى حتى ادت المثل,کم فذدکرت ونا الفرءاࢽ ات ت ل ؞ کم کررالاى حتى نادت المثل,0.16071428571428573,0.5384615384615384
Infiraji_7.pdf_page_2_line_004,غٜيارَا بَاذَيْ کَمَرْ کِسِيبَا,غَيَارَابَاذَيْ کَمَرْکِشِيبَا,0.16129032258064516,1.0
Infiraji_7.pdf_page_12_line_007,سَيْ بࣸرࣸواْدِ دَکࣸيْتْ دَامَاسَا سَيْ ذࣸمَا أَثِکِࢽْ غࣸرَاسَا,سَيْ بࣸرࣸواْدِدَکِيتَ دَمَاسَا   سَيْ ذࣸمَاأَثِکِࢽْ غَرَاسَ,0.16129032258064516,0.75
Infiraji_3.pdf_page_22_line_004,دَامࣸتࣸمْ ࢽٜىٰ شِى ࢽَڧَرْيٜىٰ    مَࢽْغِ إࢽْ کَهَيِکّٜىٰ سَايىٰ,دَامࣸتࣸمْ ࢽٜيٰ شِي ࢽَڧَرْيٜيٰ  مَࢽْغِ إِࢽْ کَمَيِکّٜيٰ سَايٜيٰ,0.16129032258064516,0.75
Infiraji_11.pdf_page_13_line_012,دࣸوࢽْ بَاحيَالِࢽْسَ حَسَّدَابَا,دࣸوࢽْ َالِࢽْسَ حَسَّدَابَا,0.16129032258064516,0.3333333333333333
Infiraji_11.pdf_page_6_line_014,صَکَوْادَيَاذَمَ شࣸوغَبَاࢽٜيٰ    بَاشِ ثٜيٰ مَکَ يَاڢِ وَاࢽٜيٰ,إِوْاْدَيَاذَمَ شࣸوغَبَاࢽٜيٰ  بَاشِ ثٜىٰ مَکَ بَالِ وَاࢽٜيٰ,0.16129032258064516,0.42857142857142855
A_Poem_on_Adultery_Waƙar_Zina.pdf_page_1_line_003,عَذَابَاتَااللهْ سࣸࢽَاطَطٜکࣸࢽ تْا    سࣸذَمْࢽِ حَسَارَامࣸتَاࢽٜى زِࢽَا,عِذَابَاتَااللَّه سࣸࢽَاطَطَکَࢽ ࢽَا  سࣸذَمِْ حَسَارَامࣸتَاࢽٜى زِࢽَا,0.16176470588235295,0.6666666666666666
A_Poem_on_Adultery_Waƙar_Zina.pdf_page_2_line_012,رࣸوَࢽَ دَحَزَاࢽࣸ دَسࣸوذَاس وَࢽْکَا  سࣸشَارَࢽْعَذَا بَامࣸتَاࢽٜي زِࢽَا,رࣸوَرࢽَحَزَارࣸ دَسࣸوذَاسࣸ وَࢽْکَا   سࣸشَارَࢽْغࣸذَابَامࣸتَاࢽَي زِࢽَا,0.16176470588235295,0.7142857142857143
A_Person_with_a_Livelihood_Will_Never_Be_Destitute_Mai_Sanaa_Ba_Ya_Tsiya.pdf_page_5_line_010,دَاکࣸمَاذَسࣸ شِࢽْ يࣸودَاࢽَسࣸوس    حَرْمامࣸيِى اَبࣸوتَکَادَࢽْ صَࢽَاعَ,دَاکࣸمَاذَسࣸ شِرْيࣸودَاسَيْ ࢽَسࣸوسࣸ   حَرْمَامࣸيِي أَبࣸوتَکَادَࢽْ صَࢽَاعَ,0.16176470588235295,0.6666666666666666
Infiraji_9.pdf_page_20_line_002,ڢَضل شَيْخࣸ مَدَابࣸواْمَالَمْ صَالِحࣸ,ڢَصْل شَيخࣸ مَدَابࣸوالمَالمْ صَِالِحࣸ,0.16216216216216217,1.0
MAF_286.pdf_page_19_line_015,وَࢽْدَ يَࢽٜمِ سَرِغَغِرْمَاࢽَدࣸوࢽِيَا ؞  يَکَاشَاعَذَݒٜيٰ ࢽِسَ غَأَحْمَدَا,وَࢽْدَيَࢽْمِ سَرِغَڧِرْمَاࢽَدࣸوࢽِيَا ؞  يَکَاشَاعَذَابَ غَوبٜيٰ ࢽٜسَ غَأَحْمَدَا,0.16216216216216217,0.8571428571428571
The_Harlots_Song_Waƙar_Karuwa.pdf_page_2_line_006,تَهَوْ کَࢽْ کࣸجٜيرَا تَکَامٜي أطَاکِي,تَهَوْکَيْ کࣸجٜيرَاتَکَاجٜࢽْ أطَاکِي,0.16216216216216217,0.8
A_Poem_on_Friends_and_Relations_Waƙar_Ƴan_Uwa.pdf_page_3_line_007,إࢽْذَاکَ الدِّيࢽِ کَبَرْ سࣸࢽْ يࣸودَرَا  مَيْسࣸࢽْ حَڧِيڧَا ڢَايَثࣸوْتَرْࢳࢽْ عࣸوَا,إِࢽْذَاکَ اَلدّيࢽِ کَبَرْسࣸࢽْ يࣸودَرْ   مَيْسࣸࢽْ حَڧِڧڧَدَبَايَثࣸوتَرْجِࢽْ عࣸوَا,0.1625,0.7777777777777778
A_Poem_on_Friends_and_Relations_Waƙar_Ƴan_Uwa.pdf_page_4_line_009,يَا طَࢽْ عࣸوَا إࢽْدَ حَالِࢽْ تَيْمَکࣸو  سࣸتࣸرَأبَࢽْثِي دࣸو کَتَيْمْکَ طَࢽْ عࣸوَا,يَاَࢽْ عࣸوَاࢽَا إِࢽْدَ حَالِࢽْ تَيْمَکࣸو  سࣸتࣸتَ أبࣸࢽْثِي دࣸوکَتَيْمَکِ طَࢽْ عࣸوا,0.1625,0.7272727272727273
ELIT_WAN_00130_015r_line_004,تفل مواريࢽ مو لي جوک تثفها ؞ بالفضل منک ولا تحوجه للعمل,ثفل مواريࢽ مࢽ يى جوک تثفلها ؞ بالڢضل منک ولا تحوج لعل,0.16363636363636364,0.5833333333333334
ELIT_WAN_00130_004r_line_007,بل يحمل العرش املاک ثمانيتا ؞ وناالحفيفت فطعداغير محتمل,بل يحل العرش املاک ثايت ؞ ونا المحفيفة فطعاغير محتل,0.16363636363636364,0.6666666666666666
ELIT_WAN_00130_018v_line_001,فد جاء ڢى اثى تشبيهى سيعا؞ مهى اعتدى لم يذرشيئاولم يصل,فدجاء ڢى اثر تشبيهه سبعا ؞ مهى اعتدى لم يذرشيناوم يل,0.16363636363636364,0.7272727272727273
ELIT_WAN_00130_011v_line_011,ولمخ النسخ ينکره ضڢ اليودومࢽ ؞ للکڢر نحلته مࢽ کل ذ> نحل,والممخ النسخ ينکره صنڢ البددوم ؞ للکڢر تحلته مࢽ کل ذ نحل,0.16363636363636364,0.38461538461538464
Infiraji_11.pdf_page_12_line_014,مࣸصْطَڢَى ࢽٜىٰ شࣸغبَࢽْسࣸ    کࣸوْاْدَيْزَّکَ ڧَارَشِࢽْسࣸ,مࣸصْطَڢَي ࢽٜي شࣸوغَبَࢽْسࣸ  کࣸوْاْأَيَزَّکَ ڧَارَشِࢽْسࣸ,0.16363636363636364,0.8
Infiraji_11.pdf_page_14_line_014,ࢽَيْمَ يٜاࢽَاثِىٰ أَجࣸوجِ    سَىْ ࢽَسَامَتَ إِࢽَڢِرَاجِ,ࢽَيْمَ يَاࢽَاثٜيٰ أَجࣸوجِ  سَيْ ࢽَسَامَتَ إࢽْڢِرَادِ,0.16363636363636364,0.5
The_Glorious_Majidu_Infiraji_1.pdf_page_15_line_013,٦٤ وَࢽْغَ تَالِيڢِى دَکࣸࢽࣸجِ  وَاڧَࢽ وَاڧىࢽ مَاسࣸ ثَاجِ,٤ وَࢽْغَ تَالِيڢِي دَکࣸࢽّجِ  وَاڧٜى وَاڧٜيࢽ مَاسࣸ ڧَامِ,0.16363636363636364,0.75
Nana_Asmāʾu_The_Authentic_Path_Nana_Asmāʾu_Godaben_Gaskiya.pdf_page_8_line_006,دباب مࣸتࣸوا تتب مࢽا ذمࢽي سرمدا   تتب کو ثکࢽ شاوادساروادکا ثکِ,دباب متواتتب مࢽاذمࢽي سرمدا  تتب کوثکࢽ شاوادساروادکا,0.16393442622950818,0.6363636363636364
Infiraji_8.pdf_page_13_line_005,کَواْيَکَيْمَ کَلاَکِ توࣸاْشِي   بَاشِجِࢽْ کࣸࢽْيَرْ کَغَࢽْشِي,کَوْايَکَيْمَ کِلَاکِ تࣸواشِي  بَاشِجِࢽْ کࣸࢽْيَرْکَغَࢽْشِي,0.16393442622950818,0.8333333333333334
Infiraji_11.pdf_page_13_line_005,وَࢽْدَکٜىٰ ڟَامࣸوْاࢽࣸڟَّڟٜىٰ    يَارِڧٜىٰمࣸ دَسࣸوْاکَرَࢽْڟٜىٰ,وَࢽْدَکٜيٰ ظَاامࣸوْاْࢽࣸڟَڟٜيٰ  يَارِڧٜىمࣸ دَسࣸواکَرَࢽْڟٜىٰ,0.16393442622950818,1.0
ELIT_WAN_00130_019r_line_011,عليه ازکى صلا ة الله ثم على ؞ کل ا لنبيبيࢽ نا الا صباح والامل,علبه ازحى مناى الله م على ؞ کل النبيبيࢽ نا الاباح والامل,0.16393442622950818,0.6
Infiraji_11.pdf_page_8_line_001,ࢽَى يَبࣸوࢽْسَ ࢽَکٜىٰ لَزِمْتَا     يَاإشٜىٰ ࢽِبِيَࢽْ بࣸکَاتَا,ࢽِي يَبࣸࢽْسَ ࢽَکٜىٰ لَزِࢽْتَا   يَاإِشٜىࢽِ بِيَࢽْ بࣸکَاتَا,0.16393442622950818,0.7142857142857143
Infiraji_5.pdf_page_20_line_004,وَاکَثٜىٰ دَࢽْغِدَࢽْسَ ࢽٜىٰ شِي    کࣸوْاْيَثٜىٰ سࣸرِکِࢽْسَ ࢽٜىْ شِى,وَاکَثٜيٰ دَࢽْغِࢽْسَ ࢽٜيٰ شِي  کࣸوْاْيَثٜيٰ سࣸرࣸکِࢽْسَ ࢽٜيٰ شِي,0.16417910447761194,0.875
ELIT_WAN_00130_017r_line_006,نياسب ماتفدم ڢفدحدى بها کلمات تحمد ولا تذم,نماسبب ماتفدم ڢفدحدى بهاکلات نحد ولاتذم,0.16666666666666666,0.75
ELIT_WAN_00130_016v_line_004,والا ڢضل الخلڢاءال الراشدوࢽ و فد؞ تڢاضلو اينهم ڢضل الجميع جل,والا ڢضل الخلڢاءال اشدوࢽ وفد ؞ تڢاضلوابينهم ڢصل الجيع جبل,0.16666666666666666,0.7272727272727273
Nana_Asmāʾu_The_Authentic_Path_Nana_Asmāʾu_Godaben_Gaskiya.pdf_page_4_line_016,دميزࢽى,دميزࢽي,0.16666666666666666,1.0
The_Harlots_Song_Waƙar_Karuwa.pdf_page_5_line_006,تَکَࢽْ ڧِغَدࣸوْاْ تَکࣸوࢽَا أَکٜسࣸواْ,تَکَيڧِغَدࣸوْاْ تَکࣸوࢽَاأَکٜيٰسࣸواْ,0.16666666666666666,1.0
Infiraji_12.pdf_page_8_line_016,طايڢاط,طيڢاط,0.16666666666666666,1.0
Infiraji_11.pdf_page_8_line_016,غَابوࢽ,غابوࢽ,0.16666666666666666,1.0
Warning_Gargaɗi_Infiraji_2.pdf_page_10_line_005,سَوْرَيِ کࣸواْکࣸوْابࣸدࣸروَا    طَىْ شِکَىْ بَرْکَࢽْ دَکٰٜوَا,سَوْرَيِ کࣸواْکࣸواْبࣸدࣸووَا طَيْ شِکَࢽْ بَرْکَيْ دَکٜيٰوَا,0.16666666666666666,0.8333333333333334
Infiraji_12.pdf_page_19_line_009,دَدࣸعَاءِبَاࢽَ رَࢽْ بَݣَىْ بَا,دَدࣸعَا بَاࢽَ رَࢽْ بَݣࣸي بَا,0.16666666666666666,0.75
Celebrating_Cerno_Aliiyu_Ɓuuɓa_Ndiyaŋ_Waccugol_Cerno_Aliiyu_Ɓuuɓa_Ndiyaŋ.pdf_page_1_line_008,تࣸوڢࣽردٜضࣸوبِ مࣽهࣸلْبٜ هࣸولࣽرٜبرْکٜمࢽ جَوْدِيوࣸجَبِّ مࣽڢِلِّ بٜرْدَمْ سٰٜرَتَا,تࣸوفࣸر دٜضࣸوبِ مࣸهࣸلْبٜ هࣸولٜرِبَرْجٜمࣸ جَوْدِيوࣸ جَبِّ مࣽفِلِّ برْدَمْ سٜيٰرَتَا,0.16666666666666666,1.2857142857142858
Infiraji_3.pdf_page_17_line_016,تࣸࢽددي,تࢽددي,0.16666666666666666,1.0
The_Harlots_Song_Waƙar_Karuwa.pdf_page_2_line_012,ألْ غࣸࢽْ غࣸمّا مَيْ إدَࢽْ ثِࢽْ کࣸطِي,أَࢽْ غࣸࢽْ غࣸمَامَىْ إِدَࢽْ ثِࢽْ کࣸطِي,0.16666666666666666,0.5714285714285714
Infiraji_4.pdf_page_32_line_016,تاࢽجࢽس,تاࢽجس,0.16666666666666666,1.0
Warning_Gargaɗi_Infiraji_2.pdf_page_1_line_001,وَاڧَرْإِࢽْڢِرَاجِ تبِيو,وَاڧَرْإِࢽْڢِرَاجِج تَِيِوَ,0.16666666666666666,1.0
Knowledge_to_Follow_God_Gandal_Fii_Rewugol_Alla.pdf_page_1_line_017,عٜبَدّࣸ للَبࣸدࣸ وَ سࣸنَنࣸهࣸ‏ࣹ سࣸنَّا جِ طِࢽْ سَبْعَةࣻ کࣽطِ جٰٜطࣶطࣶ,عٜبَدّࣸللَبࣸدࣸ وَسࣸنَنّࣸهࣸ سࣸنَّاجِ طِࢽْ سَبْبِعَةࣻکࣽطِ جٜيٰطِࣶطࣶ,0.16666666666666666,0.9
ELIT_WAN_00130_016v_line_006,والتمسک الفول عماکاࢽ بينهم ؞ ولتشتغل بالذ>يعنيک مࢽ عمل,والخسک الفول عاکاࢽ يينم ؞ ولنشتغل بالذ> يعنيک م حمل,0.16666666666666666,0.5454545454545454
The_Glorious_Majidu_Infiraji_1.pdf_page_7_line_016,مي ادک,مي ادد,0.16666666666666666,0.5
Infiraji_9.pdf_page_3_line_002,بِسْمِ لْإِلَهِ وَاڧَاࢽَيْࢽࣸڢِي    اَللَّهࣸ تَعَٰليٰ يَبَࢽْ بࣸوطِي ࢽَتَا,بِسْمِ لاإِلَهِ وَاڧَاࢽَيَࢽْڢِي  اِلَّهْ تَعَلَّىٰ يَبَࢽْ بࣸوطِي ࢽَتَا,0.16666666666666666,0.5
ELIT_WAN_00130_001v_line_002,فال الشيخ الڢغيى العالم الولى الصالى,ڢال الشخ الڢفي العال الولى الصالم,0.16666666666666666,0.8333333333333334
The_Harlots_Song_Waƙar_Karuwa.pdf_page_3_line_016,بورَࢽة,بورࢽة,0.16666666666666666,1.0
The_Glorious_Majidu_Infiraji_1.pdf_page_12_line_002,ألࢽَّبِࢽْمࣸ يَذࣸودَ سࣸࢽَّـا   دࣸوࢽِيَا هَسْکى يَذࣸوࢽَا,اَࢽَّبِࢽْمࣸ يَذࣸودَسࣸࢽَّا  دࣸوࢽِيَاهَسْکٜى يَذَوْࢽَا,0.16666666666666666,1.0
ELIT_WAN_00130_004r_line_002,اࢽ طال ذا صار بعدذاڢص ؞ اواعتدال ڢلم يخص ولم يطل,ا عال ذاصارمذابعدذافص ؞ اواعتدال ڢلم يڢص ولم يطل,0.16666666666666666,0.5454545454545454
MAF_286.pdf_page_12_line_019,مربوثي,مربوث,0.16666666666666666,1.0
ELIT_WAN_00130_009r_line_010,ڢصل ت الغدرة,ڢصل نا الغدرة,0.16666666666666666,0.3333333333333333
Nana_Asmāʾu_The_Authentic_Path_Nana_Asmāʾu_Godaben_Gaskiya.pdf_page_8_line_018,ِکي وس,اکي وس,0.16666666666666666,0.5
MAF_286.pdf_page_3_line_004,وَرَبّࣸکَ يَخْلࣸوࣸ مَايَشَاءࣸ وَيَخْتَارࣸمَاکَاࢽَ ؞ لَهࣸمْ الْخَيْرَِاتِ دَلِيلِ أَمَّ اَلْمࣸحَمَّدَا,وَرَّبّࣸکَ يَخْلࣸوࣸ مَايَشَاءࣸ وَيَخْتَارࣸمَاکَاَ َءࣸمࣸ الْخَيْرَاتِ دَلِيلِ کࣸࢽْجِ أَمَّالْمࣸحَمَّدَا,0.16831683168316833,0.7
Nana_Asmāʾu_Admonition_Nana_Asmāʾu_Waazi.pdf_page_1_line_006,سࢽڢَ جِيࢽَيْ حَڧِيڧَةََبَادَ کࣸࢽّٜي   حَرْٜ غَِيࢽَيْ ڢَبَادَ إ جِيَا کَڢَهࣸمِ,سَࢽِڢَ جِيࢽَيْ حَڧِيڧَةَ بَادَکࣸࢽّٜيٰ  حَرْغَࢽِيࢽَيْ ڢَبَادَاجِيَاکَڢَهْمِ,0.16883116883116883,0.9
A_Person_with_a_Livelihood_Will_Never_Be_Destitute_Mai_Sanaa_Ba_Ya_Tsiya.pdf_page_5_line_015,عَبِࢽدَ يسَاࢽَثٜىٰ دَکࣸوکَرکࣸيِيثࣸ    دࣸومِࢽ بَابࣸ سࣸوعَبَابِࢽْ صَࢽَاءَ,عَبِࢽْ دَيَيسَاࢽَثٜي دَکࣸوکَرْکࣸبِيثِ  دࣸومِࢽْ بَابࣸ سࣸوعَبَابِࢽْ صَࢽَاءَ,0.16901408450704225,0.5714285714285714
The_Glorious_Majidu_Infiraji_1.pdf_page_8_line_013,٢٩   طَࢽْ أࣸوَا بَاوَا مَشِيْـءَا  سࣸواْشِ دࣸوامِࢽْ کَبࢽ طَبِيعَا,٢٩طَࢽْ أࣸوَابَاوَامَشِيءَا سࣸواْشِ دࣸواْ مِࢽْ کَبࢽْ طَبِيعَا,0.16923076923076924,0.8888888888888888
ELIT_WAN_00130_003v_line_011,لانحاالاصل ت اصل الحياةالى ؞ اࢽ يبلغ الطࢽ امنا منتلعى الاجل,لا نماالاصل ناصل الجاة الى ؞ اࢽ ييلغ الࢽ امنا منتعى الاجل,0.1694915254237288,0.7272727272727273
Knowledge_to_Follow_God_Gandal_Fii_Rewugol_Alla.pdf_page_1_line_014,وَ مَسْحࣸ ࡼلرَّ عْشِ عٜمَسْکࣸدٜ هࣽو رٜ دٜرْ وَ غَسْلࣸ ࡼلرِّ,وَمَسْحِ ࡼلرَّعَشِ عٜمَسْکࣸدٜهࣽورٜدٜرْوَغَسْلࣸ ࡼللِّ,0.1694915254237288,1.0
Infiraji_7.pdf_page_11_line_005,کَيࢽَ أدࣸوࢽْسࣸ دَکَيْࢽ هَوَࢽْسࣸ بَىٰ کَ ڧَارَغَࢽࢽْ طَيَࢽْسࣸ,کَيْࢽْ أَدࣸوࢽْسࣸ دَکَيْࢽْ هَوَࢽْسࣸ   بَاکَ ڧَارَغَࢽِࢽْ طَيَࢽْسࣸ,0.1694915254237288,0.75
The_Glorious_Majidu_Infiraji_1.pdf_page_15_line_010,٦٣ يَاإِلَهِ العَالَمِيْࢽَ  تَيْمَکىمࣸ مࣸجى مَدِيْࢽَا,١يَاإِلَهَ احَالَمِيࢽَ  تَيْمَکٜىمࣸ مࣸجى مَدِيࢽَا,0.16981132075471697,0.8333333333333334
The_Glorious_Majidu_Infiraji_1.pdf_page_9_line_002,دࣸوࢽِيَا مَرْ مَاهࣸوتَا   رَࢽْدَ ڟَيْوَا تَاڟَࢽَࢽْتَا,دࣸوࢽِبَاعَرْمَامَهࣸوتَا  رَࢽْدَڟَيْوَاتَاڟَࢽَࢽْتَا,0.16981132075471697,1.0
Infiraji_3.pdf_page_6_line_005,بَاشِ إکࣸوࢽْ مَيدَزَࢽْثٜىٰ أࢽْرِغَاأࢽْکَرْىَ هَرْثٜىٰ,بَاشِ إْکࣸوࢽْ مَيْدَزَࢽْثٜيٰ  أَࢽْرِغَاأَلْکَرْيَ هَرْثٜيٰ,0.16981132075471697,0.8
Infiraji_3.pdf_page_21_line_013,تࣸوْإدَࢽْ أکَ تَمبَيٰٜکَ     وَࢽْدَيَىْ وَاڧَايَبَاکَ,تࣸواْإِدَࢽْ أَکَ تَمْبَيٜيٰکَ  وَࢽْدَيَيْ وَاڧَايَبَاکَ,0.16981132075471697,0.8
Infiraji_4.pdf_page_26_line_014,سَيْ أَبࣸوطٜيٰ وࣸتَاسࣸغَࢽْشِ    ࢽَࢽْڢِ ڧَارَاغَرٜيٰشِ,سَيْ أَبࣸوطٜيٰ وࣸتَاسࣸغَࢽْشِ  ࢽَࢽْڢَ سࣸيْ ڧَارَاغَرٜىٰشِ,0.16981132075471697,0.6
The_Glorious_Majidu_Infiraji_1.pdf_page_3_line_013,تَيْمَکـࢽ کَبَࢽْ حَذَاڧَا   إِࢽْيِ وَاڧَ مَي زَلَاڧَا,تَيْمَکٜيࢽࢽِ کَبَࢽْ حَذَاڧَا  إِࢽْيِ وَاڧَامَيْ زَااڧَا,0.16981132075471697,0.5714285714285714
Warning_Gargaɗi_Infiraji_2.pdf_page_11_line_007,دࣸوْبِ مَࢽْيَࢽْ مَزَاجى  مَاسࣸ شَࢽْ کࣸواْڟࣸواْدَجَوجى,دࣸوْبِطَيْ مَࢽْيَࢽْ مَزَاجٜى  مَاسࣸ شَࢽْ کࣸواْڟࣸواْدَجَوْجٜيٰ,0.16981132075471697,0.5
Infiraji_5.pdf_page_5_line_014,ثࣸوتَرْ ࢽَڧَسَرْسَ بَيْ سَثٜيٰ بَا    طࢽد,ثࣸوتَرْࢽَڧَسَرْسَ بَيْ سَثٜى بَا طࢽْد,0.17073170731707318,0.6666666666666666
ELIT_ESS_04893_001r_line_012,وࣸنداکࣸءنياجَبَ٘تَاکࣸ کٜبࣸيْطࣸطࣸمْ بَلَغِيࢽَ دࣸومࣸوعکٜمْکِ ڢَاطࣸ عࣸوَسْتَتَا,وࣸنداکࣸدࣸنْيَاجَبَ٘تَاکࣸجٜبࣸيْطࣸطࣸم بَلعِيࢽَ دࣸومࣸوعٜکٜمْکِ جَادࣸ عࣸوَسْتَتتَا,0.17105263157894737,1.0
Infiraji_9.pdf_page_13_line_004,ڢِتْࢽࣸواْ دَذَاعَيْ شَيَخࣸ ثٜيٰ مَࢽَا    سَيْ مَالࣸمَسࣸࢽَّهْ بَسࣸ شَوْرَابَا,بَِࢽْࢽࣸوَاْدَذَاعَيْ شِْخِࣸيثٜيٰ مࣸࢽَا   سَيْ مَالࣸمَسࣸࢽَّهْ بَسࣸ شَوْرَبَا,0.17105263157894737,0.6666666666666666
The_Harlots_Song_Waƙar_Karuwa.pdf_page_2_line_013,تَࢽَ مَيْ دَزَࢽْثٜي تَࢽَرَࢽْ غࣸوطَا  تَيْ مَغَࢽَ سَيْ کَثٜي مَيْ رَطَا,تَيْ مَيْ دَزَࢽَثٜيٰ تَࢽَ رَࢽْ غَوْطَا تَيْ مَڧَࢽْ سَيْ کَثٜي مَيْ رَکََا,0.17142857142857143,0.6363636363636364
The_Human_Being_Is_an_Incurable_Disease_Mutum_Cuta_Ne_Marar_Magani.pdf_page_1_line_010,ْْشراوضيرا اٰميࢽ بحڧِّ خير العالميࢽ,شراوضيرااميࢽ بحڧّ خيرالعالميࢽ,0.17142857142857143,1.0
On_Divine_Punishment_2_Kuuɗe_Lette_2.pdf_page_1_line_011,بٜࢽ کَࢽ کࣽمَلَلْ بٜࢽْ کَࢽْ کࣽمࣽلٜلْ دٜمࣽجّٜرٜبࣽومَاطࣸࢽْ کࣸمَلَلْ,بٜࢽْ کَࢽِ کࣽمَلْ بَࢽْ کَࢽْ کࣽمࣽلْدٜمࣽجَّرِبࣽومَاطࣸࢽْ کࣽمَلَلْ,0.171875,0.875
The_Harlots_Song_Waƙar_Karuwa.pdf_page_4_line_005,وَيْ إةَ تَارِڧَ سَيْ ألْکَمَا  سَيْ ألْکࣸبࣸسْ وَةَ ساعَ دَࢽَمَا,أَيْ اتَارِڧَ سَيْ أَلْکَمَا  سَيْ أَلْکࣸبࣸس وَةَسَاعَ دَࢽَمَ,0.171875,0.8
Infiraji_12.pdf_page_5_line_010,کࣸوْاکَيِيشِ دَشِشِّغِيࢽٜىٰ    مَىْ شِغَاغࣸواْࢽَرْمࣸتاࢽٜىٰ,کࣸوْاکَبِيشِ دَشِشّڧِيࢽٜي  مَيْ شِغَاغࣸواْࢽَرْمࣸتَاࢽٜيٰ,0.1724137931034483,1.0
Infiraji_7.pdf_page_14_line_009,دَاجَࢽْ غࣸرْذࣸواْ بَيَثٜي بَا,دَاجَࢽْ غࣸرْذࣸواْبَيَامَثٜيٰ بَا,0.1724137931034483,0.5
The_Glorious_Majidu_Infiraji_1.pdf_page_3_line_003,١ بِسْمِ اللَّهِ الْمَجِيْدِ    ࢽَىْ ࢽࣸڢِࢽْ وَاڧَا بَدِيدِ,١ بِسْمِ اِللَّهِ الْمَجحِيدِࢽَىْ ࢽࣸڢِࢽْ وَاڧَاجَدِيد,0.1724137931034483,0.625
Warning_Gargaɗi_Infiraji_2.pdf_page_15_line_014,سَادࣸرࣸورࣸوَا ݒَاتَ هِيرَا     کࣸواغِدَࢽْ غَڢِيَادَݒٜي رَا,سَاکࣸرࣸورࣸوَبَاتَ هِيرَا کࣸواْغِدَࢽْ غَڢِيَادَبٜي رَا,0.1724137931034483,0.6666666666666666
Infiraji_11.pdf_page_13_line_004,أَرْزِڧِࢽْمࣸ يَڟَاغَ دࣸوڟٜىٰ    تࣸࢽْدَࢽَجَّٜبٜىٰ ࢽَڟَّڟٜىٰ,أَرْزِڧِࢽْمࣸ يَطَاغَ دࣸوڟٜيٰ  تࣸࢽْدَࢽَڢَّبٜى ࢽَڟَڟٜي,0.1724137931034483,0.8
The_Glorious_Majidu_Infiraji_1.pdf_page_9_line_007,٣٢  شِيْ مࣸتࣸمْ ࢽى مَى حَࢽَاࢽَا  غࣸࢽ مࣸسࣸلمِى بَاڧِـيَاࢽَا,٢٣ شِى مَتࣸمْ ࢽى مَىْ حَࢽَاࢽَا غࣸࢽْ مࣸسࣸلمِى بَامِييَاࢽَا,0.1724137931034483,0.6666666666666666
Nana_Asmāʾu_The_Authentic_Path_Nana_Asmāʾu_Godaben_Gaskiya.pdf_page_10_line_006,ڢَࢽَاغࣸودَٜى ألله ࢽَى صَلَاةِدَسَلَّمَا    بِسَاغَ ڢِيَيَّٜ الرَّسࣸولࣸ مࣸحَمَّدَا,ڢَࢽَاغࣸودٜيْ اَللّه ࢽَيْ صَلاةِ دَسَلَّمَا   بِسَاغَ ڢِيَيّٜيٰ اَلرَّسࣸولࣸ مࣸحَمَّدَا,0.1728395061728395,0.875
ELIT_WAN_00130_013r_line_014,لا بد تعفبا عࢽ ماض ندما ؞ کذاالمظالم ڢى اددهاولا تحل,لا بدتحفباࢽ ماضى ندما ؞ کذاالمظالم ڢاددماولا تلل,0.17307692307692307,0.6363636363636364
Knowledge_to_Follow_God_Gandal_Fii_Rewugol_Alla.pdf_page_3_line_006,عٜهࣸوتࣽرْدٜطَرْوَڢَرَآإضࣸهࣸ ڢَرِللَّجِ طِࢽْ سَبْعَةࣻ,عٜهࣸوتࣸرْدٜکَرْوَڢَرَاءصࣸهࣸڢَرِلّجِ طِࢽْ سَبْعَةࣸ,0.17307692307692307,0.75
The_Glorious_Majidu_Infiraji_1.pdf_page_13_line_014,مࣸصْطَڢَى ࢽى شࣸوغَبَࢽسࣸ  کࣸواْدَ يَزَّکَ ڧَارِشَࢽْسࣸ,مࣸصْطَڢَي ࢽٜي شࣸوغَبَࢽْسࣸ  کࣸواْ تَيَزَّکَ ڧَارَشِࢽْسࣸ,0.17307692307692307,1.0
Celebrating_Cerno_Aliiyu_Ɓuuɓa_Ndiyaŋ_Waccugol_Cerno_Aliiyu_Ɓuuɓa_Ndiyaŋ.pdf_page_2_line_015,وَنجَاعٜعَمْ برکٜيج مَکّࣸ طينࣸبٜ ڢࣽوْلَتِى نࣸطَبَّ مِوْ نّࣸمࣸطَبَّتَا,وَنْجَاعٜعَمْ بٜرجٜيجِ مَکّࣽ طِينبٜ ڢࣽوالَتِي نࣸطَبَّ مِوࣽنّمࣸطَبَّتَا,0.17391304347826086,0.875
A_Poem_in_Honor_of_the_Emir_of_Kano_Waƙar_Sarkin_Kano.pdf_page_1_line_011,مࢽ يَّࢽْ ࢽصاري بِتْرکِ بِرْࢽِيسࣸ  حرجِهْبِذِࢽْسࣸ دَلله ذࣸوَاکَلࣸࢽْکَا,مَࢽ يَّࢽْ ࢽَصَارَي بِترِکِ بِرْࢽِيࢽَسࣸ حَرجِهْبِذِࢽْسࣸ دَلله ذࣸوَاکࣸلࢽْکَا,0.17391304347826086,0.75
A_Poem_on_Adultery_Waƙar_Zina.pdf_page_2_line_025,کَأمسَ غَتࣸوبَمّࣸ يَارَبَّࢽَا    دَبَازَمࣸ کࣸومَابَ اَکِࢽ زِࢽَا,کَأمْسَ غَتࣸوبَمࣸ يَارَبَا  دَبَارَمࣸ کࣸومَابَ أَيکِࢽْ زِࢽَا,0.1746031746031746,0.7142857142857143
Infiraji_11.pdf_page_9_line_013,سَࢽّࣸ ذَاݒَݒَّىٰࢽ مَأَيْکَا    أرْزِڧِيْࢽَاأَࢽْبَتࣸوࢽْکَا,سَࢽّࣸ ذَابَࢽٜيٰࢽ مَأَيْکَا   أَرْزِڧِيࢽَا أَمْبَتࣸوࢽْکَا,0.17543859649122806,0.75
Knowledge_to_Follow_God_Gandal_Fii_Rewugol_Alla.pdf_page_7_line_015,ࡶَللهࣸ جَبَتَاࡶَلصَّلاَةࣸجࣸلْدمَࢽ لَّمْ يࣸوَدِّالزّکَٰوةَ,ࡶَللَّهࣸ جَبَتَاࡶلصَّلاَةࣸجࣸنْدٜمَࢽلَّمْ يࣸوَدِّالزَّکَةِ,0.17543859649122806,1.0
Infiraji_7.pdf_page_9_line_005,سَوْرَيِ کࣸواْکࣸوْابࣸدࣸروَا طَىْ شِکَىْ بَرْکَࢽْ دَکٰٜوَا,سَوْرَيِ غࣸواْکࣸواْبࣸدࣸوَا طَيْ ثِکَࢽْ بَرْطَيْ دَکٜيٰوَا,0.17543859649122806,0.8333333333333334
Knowledge_to_Follow_God_Gandal_Fii_Rewugol_Alla.pdf_page_4_line_007,عٜڢٜوْتࣸدٜࡹِلَىٰ ࡻلْڢِنْلَةِڢَادٜىٰ عٜفِبْلِ وَالنِّيَّةࣸ,عٜڢٜوْتࣸدٜࡹِلى ࡻلْفِيْلَهِ ڢَادٜى عٜفِيْلوَالنِّيَّةࣸ,0.17543859649122806,1.0
Infiraji_10.pdf_page_11_line_011,کَاذاتّتࣸوࢽَاوَا مِجِࢽْتَ أَسِيِري  سَبَِي دَݣوݣࣸوذࣸوْاْأَبَاکِࢽْ زَورٜيٰب,کَاذَاتَتࣸوࢽَاوَامِجِࢽْتَ أَسِيرِي سَبَبِي دَݣࣸوکࣸوذࣸواْأَبَاکِࢽْزَوْرٜيٰ,0.17567567567567569,1.0
ELIT_ESS_04893_001r_line_019,جَوْلٜيلٜ مَيْرࣸيَمٜيلٜ مَيْرࣸدࣸحࣸوْنناࣸࢽْ کِمّࣸرْطࣸ جَوْلٜ عٜيَامْدٜکِرْسَࢽْ حارَتَا,جَوْلٜيلادِ مَيْرࣸ عٜمٜيلٜ سَيْرࣸدࣸحࣸوْنِنْاࣸࢽْ تِحمّࣸرْطࣸ جَوْلٜ عٜيَامْدٜحِرسَࢽْ حَارِتَا,0.17647058823529413,1.0
ELIT_WAN_00130_011v_line_008,ڢصل نا ثبوت النسم,ڢصل نا ثبوت االم,0.17647058823529413,0.25
ELIT_WAN_00130_018v_line_002,وليس يهل ذوالتفوى جوارد ؞ کالعيࢽ والسمع ت صبح ونامل,وليس يعمل ذوالتفوى جوارحه ؞ کالعيࢽ والسع ت صب وکل,0.17647058823529413,0.5
ELIT_WAN_00130_006v_line_001,ڢصل ت وجوب الوحداينت لخالڡ البى ية,ڢصل ناوجوب الوحدانيت لخالڡى الب ية,0.17647058823529413,0.7142857142857143
ELIT_WAN_00130_001v_line_015,وَبِالْمَحِيضِ وَسِرٍّحَدَّهࣸ ذَکَرࣸوا وَلَيْسَ مَࢽ الحڡ الاَنْبَاتَ ذَأَخَلَلِ,وَبَالمَحِيضِ وَسِرّ حَدَّا ذَکَرࣸوا وللَّرْسَ مَࢽ الحڡ الانَبَاتَ دَاأخَلَِ,0.17721518987341772,0.75
Knowledge_to_Follow_God_Gandal_Fii_Rewugol_Alla.pdf_page_9_line_011,ࡻلاِيمَٰࢽِ کࣽجٜيَاطࣸࢽْ عٜلِيمَٰࢽࣸ وَمَࢽْ شَکَّ عࣸࢽ مّࣸسِکِّتِى,ࡼلاِمَرِ کࣽجٜيَاطࣸࢽْ عٜلِيمَرࣸ وَمَرْشَکَّ عࣽر مّࣸسِکِّتِي,0.1774193548387097,0.8571428571428571
ELIT_WAN_00130_018v_line_011,ولتکثرالذکر للمولى ولى وصل على ؞ خي الورى المصطڢى مࢽ خيرة لرسل,ولتکتر الذک للمواى وصل على ؞ خير الورى المصلڢى مࢽ خيرة الرسل,0.1774193548387097,0.5
Knowledge_to_Follow_God_Gandal_Fii_Rewugol_Alla.pdf_page_2_line_002,کࣽعَدِ >عࣽنَنّࣸدٜ طٜ ڢِح ࡽلاِّ نَآءِ تࣽمِرَࢽْ,کࣽعَدِ> عࣽنَنّࣸدٜطٜ ڢِىى ࡽلاِنَآءِ تࣽمِرَرْ,0.17777777777777778,0.75
Knowledge_to_Follow_God_Gandal_Fii_Rewugol_Alla.pdf_page_10_line_017,ڢِى صِڢَاتِهِ>عٜصِڢاجِ مَکّࣽ وَوَاحِدࣻکࣽ فࣽطࣽ,ڢِ صِڢَاتِهِ>عٜصِڢَاجِ مَکّࣽ وَوَاحِدࣸکࣽعࣸ فࣽوطِد,0.17777777777777778,0.5714285714285714
Infiraji_4.pdf_page_20_line_015,دَطَ بَيْ ثٜيٰکࣸ لَاخِرَابَا,دَطَ بَيْ ثٜي ثٜيٰکࣸ اَاخِرَابَا,0.17857142857142858,0.5
Infiraji_11.pdf_page_11_line_009,کَغَ اللهࣸ بَادَشَامَکِيْبَا,کَغَ اللَّهْ بَادَغَامَکِيبَا,0.17857142857142858,0.6666666666666666
The_Glorious_Majidu_Infiraji_1.pdf_page_11_line_001,يَا مَڟِيرَا يَامَدَاڢَا    يَامَحَبِى تَوْسْࢽْ مَهَيڢَا,٤ يَامَڟِيرَا يَامَدَاڢَا   يَامَبِي تَوْسَࢽْ مَمَيْڢَا,0.17857142857142858,0.8333333333333334
Infiraji_8.pdf_page_20_line_015,دَطَ بَيْ ثٜيٰکࣸ لَاخِرَابَا,دَطَ بَيْ ثٜيٰ ثٜيٰکࣸ لَاخِرَابَا,0.17857142857142858,0.25
Knowledge_to_Follow_God_Gandal_Fii_Rewugol_Alla.pdf_page_1_line_008,ࡶَلْوࣸ ضࣸو ءࣸ سَلِّفِح ڢَرْ ضࣻ کࣽڢَرِ ضَّ وَ ڢَرَا ءضࣸهࣸ,ࡶَلْوࣸضࣸوءࣸ سَلِّفِ ڢَرْضࣻ کࣽڢَرِضَّ وَڢَرَالصّهࣸ,0.17857142857142858,1.0
Infiraji_4.pdf_page_44_line_014,سَىْ يَثٜىٰ يَاذࣸالجَلَالِ     أࣸمَّتِي يَاذࣸوْالْجَلَال,سَىْ يَثٜيٰ يَاذࣸوْالْجَلَالِ  أࣸمَّتِي يَاذࣸوْالجَلالِ,0.17857142857142858,0.6
Infiraji_3.pdf_page_3_line_001,بِسمِ اللهِ الرَّحمَࢽ الرَّحِيمِ  وَصَلَّى اللَّهࣸ عَلَى الࢽَّبِيِّ الْکَرِيمِ,بِسْمِاللَّهِ الرَّحَمَررحِيهِ وَصَلَّى اللَّهࣸ عَلَى الࢽَّبِيِّ الکَرِيمِ,0.1794871794871795,0.5555555555555556
ELIT_WAN_00130_007v_line_001,ڢکيڢ يراک مو ى لاشيب له ؞ سبحانه بصڢات المجدلم يزل,ڢکيڢ يدرک موى لاشبيه له ؞ سبحانه بصڢات المحدم بل,0.18,0.5454545454545454
ELIT_WAN_00130_013v_line_006,وجوب نصب الا مالم العدل نثبته ؞ بالشرع لاالعفل بانڢذفدر معتىٰ,وجوب نصب الامام العدل ثنبته ؞ بالشى ع لاالعفل بانبذفول معتتل,0.18032786885245902,0.6363636363636364
Knowledge_to_Follow_God_Gandal_Fii_Rewugol_Alla.pdf_page_8_line_012,تَجِدْ هࣸ طࣸࢽْ بٜيْدَتَامࣽ ࡹِلاَّبࣸعْدًامِّࢽَ ࡻللَّهِ کࣽوَنَا,تَجِدَءطࣽࢽْ بٜيْدَتَامࣸ ࡹلاَّبࣸعْدَامِّرَ ࡻللَّهِ کࣽوَࢽَا,0.18032786885245902,0.8571428571428571
Infiraji_10.pdf_page_9_line_002,کَضࣸڢَامࣸواْأَسِيرِٜي ڢَيْ دَبࣸويٜيٰ  أَبِࢽْدَمࣸکٜيٰ اللَّهْ دَکࣸسࣸرࣸتَا,کَصّࣸڢَامࣸواأَسِيرِي جَيْ دَتْبࣸويٜيٰ   أَبِࢽْدَمࣸکٜيٰ اَللَّهْ دَکْسࣸتْرࣸتَاء,0.18055555555555555,0.8333333333333334
The_Human_Being_Is_an_Incurable_Disease_Mutum_Cuta_Ne_Marar_Magani.pdf_page_5_line_017,إِࢽْکاڟَيَا,إِࢽْکَاڟَيبَا,0.18181818181818182,1.0
The_Harlots_Song_Waƙar_Karuwa.pdf_page_5_line_013,کووا يايردا,کووايابردا,0.18181818181818182,1.0
Nana_Asmāʾu_The_Authentic_Path_Nana_Asmāʾu_Godaben_Gaskiya.pdf_page_2_line_004,بِرَحْمَتِهِ. ٤ اَمِيࢽ,بِرَحْمَتِهِ ءامِيࢽ,0.18181818181818182,0.75
The_Glorious_Majidu_Infiraji_1.pdf_page_3_line_001,بِسْمِ اللَّهِ الرَّحْمَاࢽِ الرَّحِيم   وَصَلَّى اللَّهࣸ الࢽَّبِي الْمَکرِيمِ,بِسْمِ اللَّهِ اِلرَّحْمَالِالرَّحِيمِ وَصَلَّى اللَّهࣸ عَلَى الࢽَّبِيّ الْدَرِيمِ,0.18181818181818182,0.625
Infiraji_12.pdf_page_4_line_009,دَحَرَمْ تࣸࢽْ بَى حَطَمّࣸتَࢽْ بَا,دَحَرِي تࣸࢽْ بَيْ حَطَمَّتَࢽْ بَا,0.18181818181818182,0.6
The_Harlots_Song_Waƙar_Karuwa.pdf_page_6_line_001,کࣸووَّا يَايَرْدَا دَسࣸوا يَايِ کࣸوکَا  دَسࣸودَابࣸوبࣸوا کَࢽْسࣸ عࢽ عࢽ ࢽَاسْکَا,کࣸووَّايَايَرْدَادَسࣸواْيَايِي کࣸوَکَا  دَسࣸودَأَبࣸواکَࢽْسࣸ عَࢽ عَࢽْ ࢽَاسَکَا,0.18181818181818182,1.0
ELIT_WAN_00130_013v_line_011,ڢلا خى وج بوصڢ الڢسو ماوجدت ؞ منالطلاة لنا والڢسولم يزل,ڢلاخروج بوصڢ الڢسو ماوجد ؞ منه الصلاة لناوالڢسمم يزل,0.18181818181818182,0.6363636363636364
Infiraji_4.pdf_page_22_line_008,يَتَاهࣸواْمَذَسَيْ شِغَاتَيْ   سَيَيْکَࢽْ ڢَطِ غَيْسࣸوَاتَيْ,ذࣸواْمَذَسَىْ شِغَاتَىْ  سَيْيَکَࢽْ ڢَطِ غَيْسࣸوَاتَيْ,0.18333333333333332,0.6
The_Glorious_Majidu_Infiraji_1.pdf_page_12_line_004,٤٦ طَࢽْ أَمِيࢽَ مَڢِى دَرَبَّࢽَا  طَاوَࢽِࢽسَ مِجِࢽْ خَدِيجَا,٢٩طَࢽْ أَمِيࢽَ مَڢِي دَرَجَّا طَاوَࢽْࢽْسَ مِجِࢽْ مَدِيجَا,0.18333333333333332,0.75
On_Divine_Punishment_2_Kuuɗe_Lette_2.pdf_page_1_line_004,تࣽوجَاطࣽ سِتَنبِرْتࣽوجٜ ڢٜلٜى  تَوْتࣽوجࣽطࣽفࣽى دٜنڢَنرٜدَرَلْ,تࣽوجَاطࣸ سِتَنْبِرْتࣽوجِ ڢٜلىتَوْتࣸوجࣽطࣽفى دٜنْڢَتدٜدَرَلْ,0.18333333333333332,1.0
ELIT_WAN_00130_002r_line_011,لارمࢽ لم تکࢽ فطعاعفيرته ؞ على شڢاجرڡ لمارمࢽ الخطل,اࢽمࢽ لم تک فطعاعغيدته ؞ على شڢاجرڡالفار مࢽ الخل,0.1836734693877551,0.6666666666666666
ELIT_WAN_00130_010v_line_010,ثم الا يمة هذاکله يسطوا ؞ ونحࢽ تنبيهز ايکڢى ولاظل,ثم الايتت هذاکله بسطوا ؞ ونحࢽ تتبيهلايکڢى ولانطل,0.1836734693877551,0.6
Knowledge_to_Follow_God_Gandal_Fii_Rewugol_Alla.pdf_page_10_line_004,شَهَٰدَةࣻکࣽشٜيدَادٜأَࢽَّ لَآࡹِللَهَ ࡹِلاَّࡻللَّهࣸ,شَهَدَةࣸکࣽشٜشٜيدَادٜأٔرَّلاَࡹِللَهَ ࡹِلاَّࡻللَّهࣸ,0.1836734693877551,0.6666666666666666
MAF_286.pdf_page_6_line_009,يَثٜي مࣸسࣸ کࣸرࣸمَڟٜيٰ إِدࣸوکࣸڢَاطَ رࣸوَࢽْ ࢽَّࢽَ ؞ کࣸجٰٜکࣸ غَکَاڢِرَيْ مَڧِيَامࣸحَمَّدَا,يَثٜيٰ مࣸسࣸ کࣸرࣸمْٜطٜي إِدࣸوکࣸڢَاطَرࣸوَرْࢽَࢽَ ؞   کࣸجکࣸ غَکَاڢَرَيْ مَڧِيَّا مࣸحَمَّدَا,0.1839080459770115,0.9
MAF_286.pdf_page_7_line_010,جِبريلࣸ يَاکࣸومࣸواأَبَي ثِرْڢَ شٜکَرَا ؞ سَرْکِࢽْکَ يَاکِࢽْکَ يَاغَيْشٰٜکَ أَࢽَّبِ أَحْمَدَا,بَبَرِيلࣸ يَاکࣸومࣸواأَبَيْ ثِرْڢَ شٜکَرَا ؞  سَرْکِࢽْکَ يَاغَيْشٜکَ أَࢽَّبِ أَحْمَدَا,0.18478260869565216,0.4
MAF_286.pdf_page_20_line_016,ايامه وڧت زوال اللهم اغڢرلي,ايامه وڧت رواࢽ اللمماغڢري,0.18518518518518517,0.6
Infiraji_4.pdf_page_10_line_009,کࣸواْ مَذَوْوَاتَارٜيٰ    کࣸواْکَثِࢽْ دَبَّاتَطَوْرٜيٰ,کࣸواْمَذࣸووَاتَارٜيٰ تَارٜيٰ کࣸواْکَثِࢽْ دَبَّاتَطَوْرٜيٰ,0.18518518518518517,0.5
A_Poem_in_Honor_of_the_Emir_of_Kano_Waƙar_Sarkin_Kano.pdf_page_1_line_010,بࢽا إࢽغلࢽ تي أرزڧي دَکجٜيٰمتَا  ڢسروࢽياتاثاش دࢽ غرمࢽکا,بࢽااࢽغلࢽ تي ارزڧي دَکجيمتا   ڢسروࢽياتاثاش دࣸࢽْ غرمࢽکَا,0.18518518518518517,0.75
Infiraji_5.pdf_page_7_line_009,رࣸࢽْجِ بَتَ کࣸاࢽَا لَاڢِيَا,رࣸࢽْجِ بَتَ کࣸࢽَالَاڢِيَابَا,0.18518518518518517,0.5
The_Glorious_Majidu_Infiraji_1.pdf_page_5_line_009,مࣸوَابَتَرِِسْکِ مَيْ شيبَا,مࣸوَابَتَّرِسْکِ مَيْ رَشِيبَا,0.18518518518518517,0.6666666666666666
ELIT_WAN_00130_015v_line_002,لا شک ڢيه کما صح الحديث به ؞ عࢽ صطڡ وعدڢيسفى کل ذي عمل,لاشک ڢيه کاح الحديث به ؞ عࢽ صدڡ وعدڢيسغى کل د>عل,0.18518518518518517,0.6428571428571429
MAF_286.pdf_page_14_line_001,کࣸيَوࢽَ أّمَالَ وَاجِبِيࢽٜ غَرٜيٰمࣸ دࣸکْ ؞  شِيمَاحَدِيشِ ࢽٜيٰ ࢽَسِيدِ مࣸحَمَّدَا,کࣸيَورَاَمَالِ دَاَجِيِࢽ غَرِيمࣸ دࣸکْ ؞ شِيمَاحَدِيشِ ࢽٜࢽْ ࢽَسِيدِ مࣸحَمَّدَا,0.18518518518518517,0.5
The_Glorious_Majidu_Infiraji_1.pdf_page_10_line_007,٣٧ يَامَجِيْ دࣸو ڧࣸࢽْ غَزَجّى  رَبَّࢽَا تَاثىِࢽ إِࢽْجى,١٧ يَامَجِي رࣸوڧࣸࢽْ غَزَجّٜىٰ  رَبَّࢽَاتَاڢىࢽِ إِࢽْجى,0.18518518518518517,0.875
Infiraji_11.pdf_page_11_line_004,طَࢽْ أمِيْࢽَ مَڢِى دَرَجَّا    طَاوَيْࢽَسَ مِجِࢽْ هَدِيْجَا,طَࢽْ أَمِيࢽَ مَڢِي دَرَجبَّا  طَاوَࢽِࢽْسَ مِجِࢽْ مَدِيجَا,0.1864406779661017,0.7142857142857143
ELIT_WAN_00130_019r_line_012,والال والصحب ثم التا بعير لهم ؞ ممࢽ عࢽ الحڡ والاحساࢽ لم يحل,ملال والصحب ثم التابيࢽ م مࢽ عࢽ الحڡ والاحساࢽ لم يل,0.1864406779661017,0.5384615384615384
Infiraji_4.pdf_page_3_line_002,بِسْمِ اِللَّهِ اِلرَّحْمَٰࢽِ وَصَلَّى اَللَّهࣸ عَلَى الࢽَّبِيِّ اِلکَرِيمِ,بِسْمِ اللَّهِ الرَّحْمَٰࢽِ الرَّحِيم وَصَلَّى اَللَّهࣸ عَلَى الࢽَّبِيّ الکَرِيمِ,0.18666666666666668,0.625
ELIT_WAN_00130_011r_line_003,ورعي اصح اتصغى بدعته ؞ ڢاننه مذهب ا يضا لمعنتى ل,ورعى اصلح اتصغى لبدعته ؞ ڢانه مذهب ايضالمعتل,0.1875,0.7272727272727273
The_Harlots_Song_Waƙar_Karuwa.pdf_page_3_line_007,سࣸوࢽَࢽْةعَاء ثِکِࢽْ کَڟِࢽَا  أسْکْکّࣸتࣸوْاْ سَيْ تَثٜي مَيْمࣸࢽَا,سࣸوࢽَࢽْةَ مَا ثِکِࢽْ کَڟِࢽَا  أَسْکَکّࣸتࣸوْاْکࣸواْ سَيْ ࢽَثٜي مَيْمࣸࢽَا,0.1875,0.5714285714285714
Infiraji_3.pdf_page_3_line_002,وَعَلىءَالِهِ وَصحْبِهِ وسَلَّمَ,وَعَلَىٰ ءَالِهِ وَصَحبِهِ وَسَلَّمَ,0.1875,1.3333333333333333
Warning_Gargaɗi_Infiraji_2.pdf_page_14_line_004,سَي هࣸلࣸولࣸ دَشَࢽْ سِغَارِ   بَاسࣸ إِسْتِغِڢَارِ,سَيْ هࣸلࣸولࣸ دَشَࢽْ سِغَارِ  بَاسࣸ سࣸࢽْ إِسْتِࢽْغِڢَارِ,0.1875,0.5
ELIT_WAN_00130_001r_line_001,رمࢽ اسم اسمه الودزداللطيڡ ڢى خاسر مࢽ ذهب عندصلاة,ومࢽ اسم اسمه الوروداللطيڡ ڢى خجرم ذهب عࢽدصلال,0.1875,0.5555555555555556
The_Glorious_Majidu_Infiraji_1.pdf_page_9_line_015,غَاکَيوْتَا بَادَ کࣸورْ مَتࣸوبَا,غَاکَيْوتَابَادَکࣸورْمَتࣸوابَا,0.1875,1.0
Infiraji_7.pdf_page_10_line_003,يَامَثى بَࢽى حَىعَ ڧࣸواْشِيَابَا,يَامَثٜىٰ بَيْ حٜىڢَ ڧࣸواْشِيَابَا,0.1875,0.75
A_Poem_on_Friends_and_Relations_Waƙar_Ƴan_Uwa.pdf_page_3_line_010,ڟَرٜ کَࢽْکَ رَࢽْکَ دَأرْزِڧِࢽکَ سࣸتَبْتَ  کَڧَرَࢽْتَ کَوْطِي دَࢽْکَشِرْيࣸدَ ࢳࢽْ عࣸوَا,مَغَکَࢽْکَ رَࢽْکَ دَأرْزࣸڧِࢽْکَ سࣸتَبّتَ  کَڧَرَمْتَ کَوْطِي دَشْکَشِرْيِࢽْ عࢽْوَا,0.18823529411764706,0.8
Knowledge_to_Follow_God_Gandal_Fii_Rewugol_Alla.pdf_page_2_line_013,ࡼلْيَدَيࢽِ کࣽلࣽو تࣸدٜ جࣸوطٜطٜࢽْ فبْلَ ࡹِدْ خَالِهِمَا,ࡼلْيَدَيْࢽِ کࣽلࣸوتࣸدٜجࣸوکٜطٜرْفَبْلَࡹِدْخَالِهِمَا,0.18867924528301888,1.0
A_Person_with_a_Livelihood_Will_Never_Be_Destitute_Mai_Sanaa_Ba_Ya_Tsiya.pdf_page_1_line_008,ألࢽَّاشِرࣸ مࣸعَلِمࣸ أَمِيࢽࣸ ࢽَبَابَࢽْ عِࢽْدَا کَࢽࣸو يَلْوَا وَلاَيَجࣸوزࣸ طَبْعࣸهَا لِأحَدِِ إِلَّا بِإذْࢽْ,أَلࢽَّاشِرࣸ مࣸعَلَّمْ أَمِيࢽࣸ ࢽَبَابَࢽْ عِࢽْدَاکَࢽࣸويَلْوَاوَلايَجࣸوزࣸ طَبْعࣸمَالَدِحَدِ إِلَّبَاذْ,0.18867924528301888,0.8333333333333334
Infiraji_3.pdf_page_19_line_001,يَاإِلَهِ الْعَالَمِيࢽَ   تَيْمَکٜيٰمࣸ رِڧࣸࢽْ أَمَاࢽا,يَاِلَهِ اِلْعَالَمِيبَ  تَيْمَکٜى رِࢽࣸࢽْ أَمَاࢽَا,0.18867924528301888,1.0
Infiraji_9.pdf_page_1_line_007,الهࣸمَّ أَحْڢِظَࢽَا مِࢽْ کࣸلِّ شَرِِّ,االلَمࣸمَّ أَحْڢِظَࢽَامِࢽْ کࣸلِْ شَرِّ,0.1891891891891892,1.0
Infiraji_12.pdf_page_5_line_016,يَىْ ذَتࣸࢽْ کࣸواْأرْزِکِيࢽٜى    ذَيى تَارٜىٰدَوَاوْتَاࢽٜىٰ,يَيْ ذَتࣸࢽْ کࣸواْأَرْزِکِيࢽِي  ذَيى تَارِيدَوَاوَتَاࢽٜى,0.1896551724137931,0.6
The_Glorious_Majidu_Infiraji_1.pdf_page_12_line_010,٤٨ شِى يَثىٰ مَکَ مَرْحَبََابَا  مَسࣸواْ يِي وَࢽْدَشِرْيَا,١ شِي يَثٜى مَکَ مَرْمَبَايَا   مَسࣸوايِي وَࢽْدَشِرْيَا,0.1896551724137931,0.75
ELIT_ESS_04893_001v_line_001,مࣸمْتࣸووࣸيࣸويࣸومَوْطࣸ کيْطࣸ عࣸمࣸمْتَتَا هَنتࣸومَ مࣸمْتࣸرࣸمَاطَ جَالࣸعْ جٜمْتَتَ,مࣸمْتࣸووࣸيࣸوبࣸومَوْطࣸ کَيْطࣸ عٜمࣸمْتَتَا هَنْتوّࣸمَ مࣸمْتࣸࢽ مَادَجَّالࣸمْ جَمْتَتَا,0.189873417721519,1.0
Nana_Asmāʾu_The_Authentic_Path_Nana_Asmāʾu_Godaben_Gaskiya.pdf_page_5_line_003,حَلࣸسَّࢽْسࣸ حَرْغَغَبَادَطَايٰتوغاَحْمَدَاسࣸࢽْڢَ بَيَّࢽَ  ذَمَاباسࣸ سَامࣸࢽْ سࣸوڢَ ثٜيٰتو غَاَحْمَدَا,حَلࣸسَّࢽْسࣸ حَرْغَغَبَادَطَاسࣸࢽْڢَ َيَّࢽَ   ذَمَابَاسࣸ سَامࣸࢽْ سࣸوڢَ ثٜيٰتࣸو غَاحْمَدَا,0.19,0.625
Infiraji_9.pdf_page_18_line_007,تَاڢِي جَامزَ کَمَرْ ثࣸورِࢽْتَمَا   کَمَرْ مَدوشِي جَاأَوࣸ يَاࢽَسَيٰ,تَاࢽِي حَاوَرْکَمَرْتࣸورِࢽْتَمَا  کَمَرْمَدࣸوشِي جَاأَوࣸيَاࢽَسَىٰ,0.19117647058823528,1.0
A_Person_with_a_Livelihood_Will_Never_Be_Destitute_Mai_Sanaa_Ba_Ya_Tsiya.pdf_page_3_line_009,تَڢِي وࣸوڢِي بَذَࢽْ عَبو تَا دَکَيْبَا دَࢽْ ࢽّٜي باࢽِسَࢽْ مَرَرْطَبِي عَا,تَڢِي وࣸوڢِي بَذَࢽْ عَبࣸوتَادَکَيْبَا   دَࢽْ ࢽِّ بَاࢽِسَࢽْ مَرَرکٜࢽْ طَبِى عَ,0.1917808219178082,0.7272727272727273
Infiraji_3.pdf_page_19_line_004,يَاإِلَهِي مَيْ إِيَاوَا   بَامࣸ کَيْکَاوࢽ ثِکَاوَاي,بَاإِإلَمِى مَيْ إِيَاوَا  بَامࣸ کَيْکَيَاوَࢽْ ثِکَاوَا,0.19230769230769232,0.5
ELIT_WAN_00130_009v_line_014,والاستطاعةللمغد ورتصحبه ؞ وذاخلاڡ لمافدفل مࣸعْتَدِلِ,والاستطاعة للمفدورتصحبه ؞ وذاخلاڡ لمافدفال معتل,0.19230769230769232,0.6666666666666666
Infiraji_7.pdf_page_10_line_007,دࣸوْبِ مَࢽْيَࢽْ مَزَاجى مَاسࣸ شَࢽْ کࣸواْڟࣸواْدَجَوجى,دࣸوْبِ دَيْ مَࢽْيَࢽْ مَزَاجى  مَاسࣸ شَࢽْ کࣸواْڟࣸواْدَجَوْجٜيٰ,0.19230769230769232,0.3333333333333333
ELIT_WAN_00130_009v_line_003,لانه خالڡ الاشبياءاجمعها ؞ کذالک ڢعا لنا لا ڢى المثل,لانه خالڡ الاشياءاجعها ؞ کذاک اڢعالنالا ڢىڡ ڢى المثل,0.19230769230769232,0.5
A_Poem_on_Friends_and_Relations_Waƙar_Ƴan_Uwa.pdf_page_1_line_004,يَا رَبِّ صَلِّ عَلَى ࢽَبِّي مࣸحَمَّدࣸ  اࣸصَلِي دࣸکَࢽْ مَيْسࣸوࢽْ أشِرْيࣸ دَيَ عࣸوَا,يَارَبِّ صَلِ عَلَى ࢽَبِي مࣸحَمَّدِّ  أصَلِࢽ دࣸکَࢽْ مَيَسࣸ أَشِرْيࣸ دَࢳࢽْ عࣸوَا,0.1927710843373494,0.75
Infiraji_4.pdf_page_45_line_005,سَىْ أثٜىٰ ذَأَىْ حِسَابِى   سࣸىْ تَوَاطࣸوْاْوَرْکِتَابِى,سَيْ أَثٜيٰ ذَاأَيْ حِسَابِي سࣸيْ تَوَاڟࣸوْاْوَرْکِتَابِي,0.19298245614035087,1.0
ELIT_WAN_00130_007r_line_001,ڢصل ڢيما يستحيل على الموى الجليل جل ثناواء وتفدست اسماواه,ڢصل ڢيا يستجل على المدلى الجليل جل ثناذءوتفدسࢽت اساوا,0.19298245614035087,0.6
Warning_Gargaɗi_Infiraji_2.pdf_page_12_line_013,عَيٜࢽْ اࣸوَاإࢽْ تَࢽْبَيٰٜکࣸ    ࢽَاغَ وَوْتَࢽْ غَالِبَࢽْکْ,ࢳٜࢽْ أࣸوَاإِࢽْ تَࢽْبَيٜيٰکࣸ  ࢽَاغَ وَوْتَرْغَالِبَࢽْکࣸ,0.19298245614035087,0.8333333333333334
The_Glorious_Majidu_Infiraji_1.pdf_page_7_line_004,٢١ رَبَّࢽَايَاکٜيٰبٜ بَاوَا     ࢽَيْ مَڢِيڢِيثِࢽْ مࣸرࣸوَا,٢رَبَّࢽَا يَاکٜىبِ بَاوَا ࢽَىْ مَڢِيڢِيثِࢽْ مࣸرࣸوَا,0.19298245614035087,0.5
The_Glorious_Majidu_Infiraji_1.pdf_page_5_line_006,أَغَـرــمࣸ بَهࣸࢽ ذَمَي دࣸهࣸوبَا,أَغَرٜـمࣸ بَمࣸي ذَمَࢽْ دࣸهࣸوبَا,0.1935483870967742,0.75
Knowledge_to_Follow_God_Gandal_Fii_Rewugol_Alla.pdf_page_1_line_016,هَاطࣽکࣽلْبࣽلٜ وَا لْڢَوْرࣸ عٜيَذِّ نْدٜ وَالْجَسَدࣸࡼلطَّا هِرࣸ,مَاطࣽکࣽلبࣸل وَالْڢَوْرࣸعٜيَدِّنْدٜوَالْحَسَدࣸاࡼلطَّاهِرࣸ,0.1935483870967742,1.0
A_Poem_on_Friends_and_Relations_Waƙar_Ƴan_Uwa.pdf_page_6_line_011,کمل کتاب شعر ࢳࢽْ عࣸوَا بحمد لله,کمل کتاب شعرعࢽ عوا بحمدلله,0.1935483870967742,0.7142857142857143
A_Poem_on_Adultery_Waƙar_Zina.pdf_page_1_line_016,کَلَامِسَࢽ اِࢽ يَيِعبِࢽ ڧريَتَاوَا    ذَمَاغَسکِياتَى کَدَࢽمِيزِࢽَا,کَلَامِ بَࢽْ ِࢽْ يَيغَبِࢽْ ڧَرْيتَاوَا    ذَمَاغَسکِيَاتَى کَ دَࢽمِيزِࢽَا,0.19402985074626866,1.3333333333333333
The_Glorious_Majidu_Infiraji_1.pdf_page_14_line_015,تࣸࢽْ بَا مَکَطَادَ عَࢽْ دَ بࣸوْأَبَا,تࣸࢽْ بَامَکَدَادَࢳَࢽْ دَبࣸوْابَا,0.19444444444444445,0.8333333333333334
Warning_Gargaɗi_Infiraji_2.pdf_page_3_line_001,بِسْمِ اَللَّهِ اِلرَّحْمَٰࢽِ اِلرَّحِيمِ وَصَلَّي عَلَي اَلࢽَّبِيِّ اِلࢽَّبِيِّ اِلْکَرِيمِ,بِسْمِ اللَّهِ الرَّحْمَࢽِ اِلرَّحِيمِ وَصَلَّى َّهَ ََّى ااࢽَّبِيِّ الْکَرِيمِ,0.1956521739130435,0.7777777777777778
Infiraji_7.pdf_page_2_line_001,بِسْمِ اَللَّهِ اِلرَّحْمَٰࢽِ اِلرَّحِيمِ وَصَلَّي عَلَي اَلࢽَّبِيِّ اِلࢽَّبِيِّ اِلْکَرِيمِ,بِسْمِ اللَّهِ اَلرَّحْمَٰࢽِ اِلرَّحِيمِ وَصَلَّى اَللَّهࣸ عَلَى الࢽَّبِيِّ الْکَرِيمِ,0.1956521739130435,0.7777777777777778
Infiraji_9.pdf_page_1_line_008,أللَّهࣸمَّ أَحْڢِظْࢽَا مِࢽْ بࣸغضِ الظَالِمِيࢽْ,اللَهࣸمَّ أَحْڢِظْࢽَامِࢽْ بࣸغِضِ الْسَاِيࢽْ,0.1956521739130435,1.0
Warning_Gargaɗi_Infiraji_2.pdf_page_10_line_004,بَلتَسَاسَࢽْتَاوَکࣸرَاوَا    إࢽْتَذࣸوبَاتَارَغَاوَا,بَالتَ سَاسَمْتَاوَکࣸواوَا  إِࢽْتَذࣸواْبَاتَارَغَاوَا,0.19607843137254902,1.5
The_Glorious_Majidu_Infiraji_1.pdf_page_4_line_007,٧ٰ أَدَري کَيْمِࢽْ إِشَارَا   إِࢽْغَ ࢽَاجي ࢽَيْ زِيَارَا,٢أَدَرٜى کَيْمَࢽْ إشَارَا  إِࢽْغَ ࢽَاجٜى ࢽَࢽْ زِيَارَا,0.19642857142857142,0.75
Infiraji_5.pdf_page_4_line_010,إِࢽْ أࣸوَا کࣸوْاْأࣸبَࢽْکَ   کࣸوْمࣸغࣸࢽْتَرْ يٜࢽْ أࣸوَࢽْکَ,إِࢽْ أࣸوَاکࣸوْاْکࣸوْاْأࣸبَࢽْکَ کࣸواْمࣸغࣸࢽْتَرْيَࢽْ أࣸوَࢽْکَ,0.19642857142857142,0.6666666666666666
ELIT_WAN_00130_002v_line_001,لارتوحيرناامل امل النجاةغدا ؞ وعندمࢽ فدمضى مࢽ مسلم الملل,لاࢽ توحيدنا اصل النجاة غدا ؞ وعندم فدمضى مࢽ مسلم امل,0.19642857142857142,0.7777777777777778
The_Glorious_Majidu_Infiraji_1.pdf_page_13_line_013,٥٤ مَى يَدَـى دَيْࢽَ مࣸوْسࣸو   اَلࢽَّبَاوَا تَرْسَشِࢽْسࣸ,٤مَىْ بِدَلِى دَيْࢽَ مࣸوسࣸو اَلࢽَّبَاوَاتَرْسَشِࢽْسࣸ,0.19642857142857142,0.8571428571428571
Warning_Gargaɗi_Infiraji_2.pdf_page_12_line_007,رَبِّ مࣸࢽْ رࣸوْڧٜىٰکَ اَللهْ     دَࢽْ اِسَࢽْ اَزࣸمِى دَصَلَّا,رَبِّ مࣸࢽْ رࣸوْڧٜيٰکَ اَللَّهْ دَࢽْ إسَرْ أَزࣸمِي دَصَلَّا,0.19672131147540983,0.5
A_Poem_on_Adultery_Waƙar_Zina.pdf_page_1_line_006,دَيَيَࢽْک ڧَمࢽَاطَکَاࢽِى دَالله    اࢽَاوَمَکَومَاغَمَى يزِࢽَا,دَييَࢽْدَ ڧَمَࢽَاطَکَاࢽِي دَالله  اِࢽَاڧَ مَکومَاغَمى يزِࢽَا,0.19672131147540983,0.8
Infiraji_3.pdf_page_7_line_008,تَادَشِي إِࢽْ زَيْيِ صَلاَّ بَࢽْدَمَاتَامَاتَا مَاسࣸ خَِيْضَا,تَادَشِي إࢽْ زَيْيِ صَلَّا  بَࢽْدَمَاتَامَاسࣸ خَيْضَا,0.19672131147540983,0.7142857142857143
Celebrating_Cerno_Aliiyu_Ɓuuɓa_Ndiyaŋ_Waccugol_Cerno_Aliiyu_Ɓuuɓa_Ndiyaŋ.pdf_page_1_line_003,الى ربنا شيخنا على بر محمد ࡼلعࣸورِىّࣸ ࡼللَّبٜوِىّࣸ رحمࢽ الله تعٰلى,الى ربناشيخناعلى بࢽ محمد العوريّࣸ اللّبوىّࣸ رحم الله تعلى,0.19696969696969696,0.7272727272727273
Infiraji_11.pdf_page_2_line_001,بِسْمِ اللهِ الرَّحْمَاࢽِ الرَّحِيم   وَصَلَّى اللهࣸ عَلَى الࢽَبِى الکَرِيمْ,بِسْمِ اِللَّهِ اِلرَّحْمَالِ الرَّحِيم وَصَلَّى اَللَّهࣸ عَلَى الࢽَّبِيّ الْکَرِيمِ,0.19736842105263158,0.5555555555555556
A_Poem_on_Adultery_Waƙar_Zina.pdf_page_2_line_005,أَبِࢽْ ثٜي أَبِࢽْ شَاکْبَرْتَيْمَکَاشِ   شِبَرْ سَاتَڢَاڢِࢽْکَ مَيْٜࢽ زِِࢽَا,بِبَࢽْ ثِي أبِࢽْ شَاکَبَرْتَيمَکَاشࣸ    شِبَرْسَاتَڢَاڢِࢽْکَ مِي زِࢽَا,0.19736842105263158,1.0
A_Person_with_a_Livelihood_Will_Never_Be_Destitute_Mai_Sanaa_Ba_Ya_Tsiya.pdf_page_5_line_017,بَکࣸوَاثٜىٰ دَىْ ࢽِيڢَادَࢽسَࢽْ جِکِيبَا    دࣸومِࢽْ کࣸوعَذَوࢽٜىٰ سَىْ عيِى صَࢽَاءَ,بَکࣸوَاثٜي دَيْ دَࢽِيڢَادَࢽْسَࢽْ جِکِيبَا ࣸومِࢽْ کࣸوعَذَوْࢽٜي سَيْ عَيِي صَࢽَاءَ,0.19753086419753085,0.7777777777777778
Infiraji_12.pdf_page_2_line_001,بِسمِ اللهِ الرَّحْمࢽِٰ الرَّحِيْمِ.  وَصَلَّى اللهࣸ عَلَى الࢽَّبِىِّ الْکَرِِيمِ,بِسْمِ اِللَّهِ الرَّحْمَٰࢽِ اِلرَّحِيمِ  وَصَلَّى اَللَّهࣸ عَلَى الࢽَّبِيِّالْکَّرِيمِ,0.19753086419753085,0.8
Nana_Asmāʾu_The_Absolute_Truth_1_Nana_Asmāʾu_Tabbat_Haqiqan_1.pdf_page_1_line_015,کࣸو سَࢽِي أغَرٜيٰکَ تَارِي جّلِيِّي         وّࢽْدَ دࣸکَّ يَڧِّبِࢽْ حࣸکࣸمثِࢽْ دَيَيِّي,کࣸوسَࢽِي أَغَرٜيٰکَ تَارِي جَلِيِّ  وَࢽْدَدࣸکْ يَڧِّبِࢽْ حࣸکࣸمْثِْ دَيَيِّي,0.2,0.7
ELIT_WAN_00130_014v_line_001,بمثل ذاکڢر واکڢرالذيࢽ نڢوا ؞ اعادة مطلڢا و ناالکتا ب تل,بمثل ذاکڢرواکڢر الذبࢽ فڢوا ؞ عادة مطلفاونا الکتاب تتل,0.2,0.8181818181818182
Knowledge_to_Follow_God_Gandal_Fii_Rewugol_Alla.pdf_page_1_line_011,ࡻلنِّيَّةࣸ کࣽࡶَ لنِّيَا دٜ وَالْمَا ءࣸ ࡺلطَّآ هِرࣸ عٜدِ يَمْ للَبࣸطࣸࢽْ,ࡼلنَّيَّةࣸکࣽࡶلنِّيَادٜوَالْمَاءࣸ ࡼلطَّاهِرࣸعٜدِيَمْ لَبࣸطࣸࢽْ,0.2,1.0
ELIT_WAN_00130_019r_line_001,افول هذاونڢسى نى على ملة ؞ بکل بما فلت ليت الفول لم افل,احو هذاونڢسى بن لاىمة ؞ بکل بمافلت ليت الفودل ل افل,0.2,0.6153846153846154
The_Harlots_Song_Waƙar_Karuwa.pdf_page_6_line_013,ࢽِجٜيرِيَا,ࢽِجٜيرِبَ,0.2,1.0
ELIT_WAN_00130_003r_line_001,فرامسکات لعواءدوࢽ ماعمد ؞ کمااتىٰ ذاک نع الذب الحکيم تل,فذامسکات هواءدوࢽ ماعد ؞ کااتى ذاک نا الذڡ المفيم ل,0.2,0.8
ELIT_WAN_00130_006v_line_002,لا اله الا هوامنڢى ک بالالوهية,لااله الاهوامنڢرک جالالوعية,0.2,1.0
On_Divine_Punishment_2_Kuuɗe_Lette_2.pdf_page_1_line_005,طٜࢽ لٜتّٜ نࣽجِوْࢽِ نࣸسَاجَࢽَ بٜى   ڢٜتِّرْدٜ بٜڢَتّࣽوطَبَّ کِسَلْ,طٜࢽ لࣽتّٜ نࣽجِورِ نࣸسَاجَرَبٜࢽْڢَتِّرْدٜبٜڢَتّࣸوطَبَّکِسَلْ,0.2,0.875
Knowledge_to_Follow_God_Gandal_Fii_Rewugol_Alla.pdf_page_6_line_019,وسننه,وسنࢽه,0.2,1.0
MAF_286.pdf_page_14_line_018,کلزمث,کلزم,0.2,1.0
A_Person_with_a_Livelihood_Will_Never_Be_Destitute_Mai_Sanaa_Ba_Ya_Tsiya.pdf_page_3_line_005,إِࢽْ کَابَاشِ کَاغَ کَاسَابٜٜي اَللَّهْ إࢽْکحَࢽَاشِ کَابِي شَرِعَ,إِࢽْ کَابَاشِ کَاغَ کَاسَابِ أَللَّه   إࢽْکَحَࢽَاشِ کَابِي ڧَولࢽ شَرِعَ,0.2,0.5
The_Human_Being_Is_an_Incurable_Disease_Mutum_Cuta_Ne_Marar_Magani.pdf_page_8_line_017,بيتا واحدا,بيتاواحد,0.2,1.0
The_Human_Being_Is_an_Incurable_Disease_Mutum_Cuta_Ne_Marar_Magani.pdf_page_1_line_001,مࣸتࣸمْ ثوتاࢽٜي مَرَغَاࢽِي  بَاعَ غࣸوْࢽِࢽْتاغَرٜيشِ,مࣸتࣸمْ ثࣸوتَاࢽٜي مَرَرْ مَاغَࢽِي  بَاعَ غࣸوْࢽِࢽْتَاغَرٜيٰشِ,0.2,0.8
Knowledge_to_Follow_God_Gandal_Fii_Rewugol_Alla.pdf_page_1_line_002,بِسْمِ اللَّهِ الرَّ حْمَٰنِ الرَّ حِيمِ,لِسْمِ اِالَّهِ الرَّحَمَࢽِ الرَّحِيمِ,0.2,1.0
Knowledge_to_Follow_God_Gandal_Fii_Rewugol_Alla.pdf_page_2_line_017,عمسکد,عمدسکد,0.2,1.0
A_Poem_on_Friends_and_Relations_Waƙar_Ƴan_Uwa.pdf_page_4_line_013,کَووْا دَتَمْکَرْ يَدَّ يْعِيَ تَيْمَکࣸو,کَووَّادَتَمْکَرْبَدَذَيْعِيَ تَيْمَکࣸو,0.2,0.8
Infiraji_7.pdf_page_9_line_001,دࣸوبَ دَىْ ڢِرعَوࢽْ وَيشِى ࢽٜىٰ طَغَاوَبَاکَمَرْشِ,دࣸوبِ دَيْ ڢِرْعَوࢽَ وَيْشِي  ࢽٜيٰ طَذَاوَابَاکَمَرْشِ,0.2,1.0
Warning_Gargaɗi_Infiraji_2.pdf_page_11_line_015,يَأَسَࢽْ طَىَ وَࢽْدَيَارَغىبَا,بَأسَࢽْ طَيَ وَࢽْدَيَارَغٜي بَا,0.2,1.3333333333333333
MAF_286.pdf_page_20_line_014,شهرالله الࢽحرم باربع عشرايَامه,شحرالله الحرم باويع حشرايامه,0.2,1.0
ELIT_WAN_00130_016r_line_008,تعلى نا زمࢽ تهم,تعلى ازم تهم,0.2,0.5
The_Harlots_Song_Waƙar_Karuwa.pdf_page_3_line_009,ࢽَإکْکّࣸواْ دَبَࢽْࢽٜي دَࢽَکࣸوا إࢽَا,ࢽَاکَکࣸواْدَبَࢽْثٜي دَاࢽَکࣸواْإࢽَا,0.2,1.0
Infiraji_8.pdf_page_3_line_001,بِسْمِ اِللَّهِ اِلرَّحَمٰࢽِ اِلرَّحِيمِ  وَصَلَّى اَللَّهࣸ عَلَى اَلࢽَّبِيِّ اِلࢽَّبِيِّ الْکَرِيمِ,بِسْمِ اللَّهِ الرَّحْمَٰࢽِ اِلرَّحِيم وَصَلَّى اللَّهࣸ عَلَى الࢽَّبِيِّ الْکَرِيمِ,0.2,0.6
Knowledge_to_Follow_God_Gandal_Fii_Rewugol_Alla.pdf_page_8_line_019,مࢽ لم يملک,مࢽ لمم بملک,0.2,0.6666666666666666
ELIT_WAN_00130_013r_line_009,ڢىءال عمࢽ اࢽ ثم ا لکهو فدثبتت ؞ والنمل يبدي صحيم الفل مࢽ فبل,ڢىءالعم اࢽ ثم الکهڡ فدثبتت ؞ والخل بيدي صيح النعل مࢽ فبل,0.2,0.5714285714285714
Knowledge_to_Follow_God_Gandal_Fii_Rewugol_Alla.pdf_page_9_line_008,وࣸنِى عٜمَکّࣽ لاَخَيْرَمࣽجّٜرٜعَلَنَاڢِح مَࢽ لاَّيَسْتَحْيِى,وࣸنِي عٜمَکّࣽ لاَخَيْرَمࣽجَرٜعَلَنَاڢِى مَرِلاَيَسْنتْحِي,0.2,0.8
Infiraji_5.pdf_page_20_line_010,.اميࢽ,داميࢽ,0.2,1.0
A_Poem_on_Friends_and_Relations_Waƙar_Ƴan_Uwa.pdf_page_6_line_006,مَيْتࣸبَࢽْيَرْ سࣸوࢽَࢽْتْ کَّکࣸرࣸڢٜمَسَ  ࢽَصْرࣸالسَعَادَةࣸ کࣸو غِدَا کࣸو کَاسࣸوَا,مَيْتࣸبْيَرْسࣸوࢽَࢽْتَ کࣸکَرࣸڢٜمَسَ    ࢽَصْرࣸ السَمَادَةࣸ کࣸوغِدَاکࣸودَسࣸوَا,0.2,1.0
Nana_Asmāʾu_The_Absolute_Truth_1_Nana_Asmāʾu_Tabbat_Haqiqan_1.pdf_page_10_line_011,والصلاة والسلام,والملاة واللا,0.2,1.0
The_Glorious_Majidu_Infiraji_1.pdf_page_16_line_001,٦٥ يَوَو وَاڧَاتَا تڧَيْتَا  کࣸلَّتَا سِتَّوࢽَ بَيَّࢽَا,١ يَوڢَ وَاڧَاتَاتَڧَيْتَا  کࣸلَّتَا مِڧَّوࢽَ بَࢽِࢽَا,0.2,0.8571428571428571
Infiraji_9.pdf_page_3_line_016,الامر,الامَر,0.2,1.0
The_Glorious_Majidu_Infiraji_1.pdf_page_6_line_013,١٩  رَبَّࢽَا بَدَّ وَࢽْجِࢽْ   مَاسࣸ ڧِࢽْسَ سَبࣸءاْ دَڧࣸࢽْجِي,١رَبَّتَايَابَدَّوَࢽْجِࢽْ  مَاسࣸ ڧِࢽْسَ سَبࣸواْ دَڧࣸࢽْجِࢽْ,0.2,0.75
Infiraji_11.pdf_page_1_line_004,وَڢَّڧْࢽَااللهࣸ إلَىٰ مَا يࣸحِبّࣸ. اميࢽْ,وَڢَّڧْࢽَااللّهࣸ اِلَىٰ مَايࣸحِبّࣸ ءاملࢽ,0.2,1.0
ELIT_WAN_00130_013v_line_005,ڢصل نا حکم ا لاما مة,ڢصل ناحکب الامامة,0.2,0.8333333333333334
Celebrating_Cerno_Aliiyu_Ɓuuɓa_Ndiyaŋ_Waccugol_Cerno_Aliiyu_Ɓuuɓa_Ndiyaŋ.pdf_page_2_line_004,أَللَّهࣸ يَاڢِکٜ ڢࣽوبِمَاطَ نࣽذِيدࣽرِکࣽعَ لٜناط عتࣸودِ فࣽوبِ عَتونَتَا,اَللَّهࣸ يَاڢِکِ فࣽوبِمَاط نࣽدٜيدرِ>کࣸعَ لٜبناطࣸ عتࣸودٜفࣽوبِ عَتࣸونَتَا,0.2,1.125
A_Person_with_a_Livelihood_Will_Never_Be_Destitute_Mai_Sanaa_Ba_Ya_Tsiya.pdf_page_5_line_016,غَࢽْ تَلِى کࣸوکࣸويَࢽْذࣸذَࢽْ تَرْبَيٰکࣸ    مَيࢽٜىٰ ࢽٜىٰ يَسَاکࣸکٜىٰ ڧِࢽْ صَࢽَاءَ,غَࢽْ تَلِي کࣸوکࣸويَࢽْذࣸذَيْ تَࢽْ بَيٜيٰکࣸ  مَيْࢽٜيٰ ࢽٜي يَيَسَاکࣸکٜي ڧِࢽْ صَࢽَاءَ,0.20253164556962025,0.7777777777777778
Infiraji_3.pdf_page_5_line_002,يٜࢽْ أࣸوَاسࣸتَهࣸوغَࢽِࢽْسَا تَمْبَيَرْ کࣸواࢽَّࢽْ حَرکِࢽْسَا کࣸوْا,يَࢽْ أࣸوَاسࣸتَهࣸوغَࢽِࢽْسَا  تَمْبَيَرْکࣸوْاْࢽَࢽْ حَکِࢽْسَا,0.203125,0.8333333333333334
Warning_Gargaɗi_Infiraji_2.pdf_page_6_line_008,کَارࣸݒيٰ ڟࣸوڟَاتَشَرْبَا    يَࢽْذࣸمٜي يَفِ کࣸيْوکَذَابَاکࣸي,کَارࣸبٜيٰ ڟࣸوڟَاتَشَشَرْبَا  يَࢽْذࣸمٜيٰ يَڢِ کَيْوکَذَابَا,0.2033898305084746,1.0
Infiraji_3.pdf_page_3_line_012,کَرْسࣸيَردَدَمَاسࣸ ڟَاڢِى سࣸࢽْزَمࣸواْسَوࢽَىٰٜ عَڢَيڢَى,کَرْشِيَرْدَدَمَاسࣸ ڟَاڢِي سࣸࢽْزَمࣸواْسࣸوࢽٜىٰ عَڢِيْڢِي,0.2037037037037037,1.0
Infiraji_11.pdf_page_12_line_001,أࢽْکَثٜىٰ دَمࣸڧَرَّبࣸوࢽَ    کࣸىْ شِرِى غَاالࢽَّبِيْࢽَا,أَࢽْکَکثٜي دَمْڧَرْبࣸوࢽَ کࣸىْ شِرِي غَاالࢽَّبِيْࢽَا,0.2037037037037037,0.6
Infiraji_3.pdf_page_3_line_007,أَرزِڧِى غَمࣸتࣸمْ ࢽَرَيٜىٰ ڟَيࣸدسࣸࢽَّه ڢَىْ دَيࣸوميٜىٰ,أَرْزِڧِي غَمࣸتࣸمْ ࢽَرَايٜيٰ ڟَيْدَسࣸࢽَّهْ ڢَيْ دَݒࣸويٜيٰ,0.2037037037037037,0.8333333333333334
Infiraji_5.pdf_page_12_line_004,شِي کَسَاذَاݒٜي غَأَوْرٜيٰ    بَاسࣸ کࣸوْاْوَاشِوَاتٜيٰ,شِي کَسَاذَابِي غَأَوْرٰٜ  بَاأَسࣸࢽْ کࣸواْوَاشِوَارٜيٰ,0.2037037037037037,0.8
Infiraji_11.pdf_page_15_line_001,يَوْڢَ وَاڧَاتَاتَڧَيْتَا    کࣸلّࣸهَاسِتّࣸوࢽَ بَيْتََا,يَوڢَوَاڧَاࢽَاتَڧَيْتَا  کࣸلّْمَاسِࢽَّوࢽَ بَيْࢽَا,0.2037037037037037,1.0
Warning_Gargaɗi_Infiraji_2.pdf_page_13_line_001,سࣸوْىَ تَتَّبَرࣸودَکَاجِى    کࣸوْمِيَرتَوشٜىٰ دَغࣸوجِى,سࣸواْيَ تَتَّبَرࣸودَکَاجِي کࣸواْمِيَاتَوْشٜيٰ دَغࣸوجِي,0.2037037037037037,1.0
ELIT_ESS_04893_001v_line_005,ممتاڢهيوطڢطمابنيغر>غططاعغيغل ماط نمࢽ دڢوينتا,مڢتاجميوطڢطمابنيغر غطماععيفل ماط نمࢽ دحمينتا,0.20454545454545456,0.6666666666666666
The_Glorious_Majidu_Infiraji_1.pdf_page_2_line_003,اَلࢽَاشِر اَحْمَد التِجَّاࢽِي حَڢِڟَه اللَّه,الࢽَّاشِرࣸأَحْمَدࣸ التِّجَاࢽِي حَڢِظَه اللَّهࣸ,0.20454545454545456,1.0
A_Person_with_a_Livelihood_Will_Never_Be_Destitute_Mai_Sanaa_Ba_Ya_Tsiya.pdf_page_5_line_014,کَرکَيِى دَودࣸکࣸࢽْغَ کَرکَيِ کَوَلْثِ    کّرکَيِى کَࢽذَغِࢽْ کِطَاکࣸيِى صَࢽَاءَ,کَرْکࣸيِي دَوْدَ کࣸࢽْغَ کَرْکࣸيِي کَوَلْثِ   کَرْکࣸيِي کَࢽْذَغِࢽْ کِطَاکࣸيِي صَࢽَاءَ,0.20512820512820512,0.875
On_Divine_Punishment_2_Kuuɗe_Lette_2.pdf_page_1_line_014,مࣽرࣽ جَامِ کࣽجَٜٜٜٜامَتَطࣸࢽْ عࣽنَجِى تࣸتّٜࢽْ عَرِتلْدٜ دَرَادٜدَرَلْ,مࣽࢽࣸ بَامِ کࣽجَامَتَطࣸࢽْ عࣸنَجِتࣽتّٜࢽْ عَدِتَلْدٜدَرَادٜدَرَلْ,0.20588235294117646,1.0
The_Harlots_Song_Waƙar_Karuwa.pdf_page_4_line_007,تَکَࢽْ غٜي رَ طَاکِ دَکَايَࢽْ أدࣸوا  ڢࣸلࣸولِي کَتِيڢࣸواتطࣸور غَدࣸواْ,تَکَࢽْ غٜي رَکَاکَ دَکَايَࢽْ أَدࣸوَا  ڢࣸلّࣸولِي کَتِيڢࣸواتَطورࢽْدࣸ,0.20588235294117646,0.6666666666666666
Infiraji_11.pdf_page_6_line_015,تࣸࢽْ بَيْ هَطَ شٜيٰکَرَابَݣࣸويْبَا,تࣸࢽْ بَىْ حَطَشٜيٰکَرَابَکࣸوبََا,0.20588235294117646,0.75
Infiraji_7.pdf_page_15_line_009,بَاسَيْ أَࢽْسَࢽْثٜيٰ لَاڢِيَا,بَاسَىْ أَࢽْسَࢽْثٜىٰ لَاجِيَابَا,0.20689655172413793,1.0
ELIT_WAN_00130_010v_line_006,ڢصل نا اࢽ اسما ه تعلى توڢيڢيت,ڢصل نااࢽ اسله تعلى تدڢيڧيت,0.20689655172413793,0.7142857142857143
The_Human_Being_Is_an_Incurable_Disease_Mutum_Cuta_Ne_Marar_Magani.pdf_page_6_line_002,إࢽْکَاڟَيَا صَلاَّ سࣸثٜي  مَيْ ڢَرِيَا         دࣸکْ ڧࣸوڧَرِِࢽْسَ يَتَبَّتَا وَمࣸتَاࢽٜيٰ,إِࢽْکَاڟَيَاصَلَّاه سࣸثٜي مَيْ ڢَارِيَا  دࣸکْ  ڧࣸوڧَرِࢽْسَ بَتَبَّتَاوَمࣸتَاࢽٜيٰ,0.20689655172413793,0.6666666666666666
Warning_Gargaɗi_Infiraji_2.pdf_page_11_line_009,سَى کَثى بَاذَاسࣸ لَاخِرَابَا,سَيْ کَثيٜيٰ بَاذَاسࣸ لَاخِرَابَا,0.20689655172413793,0.5
ELIT_WAN_00130_011r_line_011,ولࢽ يموت امن ؤڢتلا اجل ؞ بل حکمه واحدنا الرزڡ والاجل,ولࢽ ييوت ام وفتلا بلا اجل ؞ بل حک واحدنا الزڡ والاجل,0.20754716981132076,0.5454545454545454
Nana_Asmāʾu_The_Authentic_Path_Nana_Asmāʾu_Godaben_Gaskiya.pdf_page_5_line_013,سࣸثٜيٰ يَوْکࣸذࣸوغخَلِيلࣸ سَرْکِࢽْمࣸ يَيْ ڢࣸشِيٰ يَوْسَيْ ڢِيَيّٜيٰ مࣸحَمَّدَا,سࣸثٜيٰ يَوْکࣸذࣸوغَخَلِيلࣸ سَرْکِࢽْمࣸ يَيْ ڢࣸشِي  خَلِيلࣸ شِثٜيٰ يَوْسَيْ ڢِيَيّٜيٰ مࣸحَمَّدَا,0.2077922077922078,0.5
A_Poem_on_Friends_and_Relations_Waƙar_Ƴan_Uwa.pdf_page_3_line_009,مَغَࢽَرْ دَ تَذࣸودَوَدَتَکٜي ذࣸوَا  دࣸو رَبّࣸ شِيي يَڢَطِي سࣸ بَاوَتَبَاڧࣸوَا,کَغَࢽَرْدَتَذࣸودࣸودَوَدَتَلٜيٰ دࣸوَا  دࣸورَبࣸ شِيِي يَڢَطِي سࣸ بَاوَتَࢽْعࣸوَا,0.2077922077922078,0.8
ELIT_ESS_04893_001r_line_025,کَلَڢࣸو تَغَاطࣸ دٜهِمِّ دࣸنْيَا تَعْيࣸرَلْ نَاتَࢽْ عٜجَهَنَّمَ يِيتٜ وࣸلْغٜ عٜبࣸوتَتَا,کَلَڢࣸونَغَاطࣸ دٜهِي دَنْيَاتَعْيࣸرَلْ نَاتَࢽْ عٜجَهَتَ سٜيتٜ وَلَّهٜعٜبࣸوتَتَا,0.20930232558139536,0.9
The_Glorious_Majidu_Infiraji_1.pdf_page_8_line_010,٢٨ دࣸکـ مَسࣸورَحَمَه يَبِيشِ  تࣸتّࣸرَايَ مَايَايِ ࢽِيْشِي,١دࣸکّ مَسࣸورَحَمَهْ يَبِيشِ تࣸبّࣸرٜي مَايَايِ ࢽِيشِ,0.21052631578947367,0.7142857142857143
The_Glorious_Majidu_Infiraji_1.pdf_page_14_line_013,٥٩ بَاشِ ڧَبا مَرمىْ تَلَوْثِ  دࣸوࢽْ رَشِى بَايَا بࣸتࣸلثِ,١بَاشِ ڧَبَامَرْمَىْ تَلَوثِ دࣸوࢽْ رَشِى بَابَابࣸتࣸلْثِ,0.21052631578947367,0.7777777777777778
The_Glorious_Majidu_Infiraji_1.pdf_page_4_line_004,٦ يَاإِلَهَ الْعَالَمِيࢽَ   ࢽࣸيمَکـࢽ إِࢽْجي مَدِيࢽَا,١ يَاإِلمَ العَالَمِيࢽَ تࣸيْمَکـٰࢽِ إِࢽْجى مَدِيࢽَا,0.21153846153846154,0.8333333333333334
Nana_Asmāʾu_The_Absolute_Truth_1_Nana_Asmāʾu_Tabbat_Haqiqan_1.pdf_page_1_line_002,مࣸيْ يَبࣸو يَࢽْ عࣸوّا غَسَرْکِي حَڧِيڧَا          جِࢽْڧيِي أغَرَيْ دَکٰٜوْتَا حَڧِيڧا,مࣸيْ يَيࣸويَࢽْ عࣸوَاغَسَرْکِي حَڧِيڧَا  ِࢽْڧَيِي أَغَرَيْ دَکٜيوْتَاحَڧِيڧَا,0.21176470588235294,0.8
Infiraji_10.pdf_page_13_line_011,مَڢِي يَوَࢽْسࣸ سࣸࢽَادَبࣸکَاتَرْ بࣸغࣸومِࢽْ؞ وَطَࢽْسࣸمَا سࣸکَࢽْ,مَڢِي يَوَࢽْسࣸ اسࢽَادَبࣸکَاتَابࣸعࣸومِࢽ وَيَ ؞ وَطَࢽْسࣸمَاسࣸکَࢽْ,0.21311475409836064,0.6666666666666666
The_Glorious_Majidu_Infiraji_1.pdf_page_13_line_004,٥١ سَيْدَ کَى تَحِيَا غَأَللَّه  أَࢽْکَثى بَابى ڢِتِلَّه,٤٧سَيْدَکَىْ تَحِيَاغَألله  أَࢽْکَثى لَالى ڢِتِلَّهْ,0.21428571428571427,0.875
Nana_Asmāʾu_Admonition_Nana_Asmāʾu_Waazi.pdf_page_2_line_016,الحمد لله وحده,الحله اله وحده,0.21428571428571427,0.6666666666666666
ELIT_WAN_00130_013r_line_001,اࢽ الکࢽ امتاللفوم الاولى وصلوا ؞ اعلامفام تفى مما نيارول,اࢽالذامة للفدم الاولى وصلوا ؞ اعلا مفام تلى مانيا ول,0.21428571428571427,0.8
ELIT_WAN_00130_012r_line_001,نعم شى يعت خي الخلڡ ناسخة ؞ غيرلمواڢڡ للمشروع مࢽنحل,نعم شى بعتخي الخلڡ ناسخة ؞ غير المواڢڡللشى وع ࢽ عل,0.21568627450980393,0.7
Infiraji_11.pdf_page_7_line_013,طَࢽْ أَوَابَاوَامَشِيْءَا    سࣸوْاشِ دࣸوْمِࢽْ کَࢽٜࢽْ صَليْءا,طَࢽْ أࣸوَابَاوَامَشِيعَا  سࣸواْشِ دࣸواْمِࢽْ کَࢽِࢽْ صَيِيࢽَا,0.21666666666666667,0.8333333333333334
Knowledge_to_Follow_God_Gandal_Fii_Rewugol_Alla.pdf_page_4_line_013,مَايَفَآءࣸعٜيّٜر هࣸودٜکࣽرࣽيَرَڢِيهِ ࡽلسَّلاَمࣸ,مَايَفَاءࣸعٜيَّرِمࣸودٜکࣽرࣸ يَࢽَ ڢِيهِ السَّلاَمࣸ,0.21739130434782608,1.3333333333333333
Infiraji_3.pdf_page_1_line_003,َلࢽَّاشِرࣸ أحَمَدࣸ التِجَاࢽِي حَڢِظَࢽ اَللَّهࣸ,اَࢽَّاشِرࣸأحْمَدࣸ اَلتِّجَاࢽِي حَڢِظَهࣸ اللّهࣸ,0.21739130434782608,1.0
Nana_Asmāʾu_The_Absolute_Truth_1_Nana_Asmāʾu_Tabbat_Haqiqan_1.pdf_page_1_line_011,کࣸوَ مࣸتࣸمْ يَاذَمࣸو مࣸتࣸمْ مَيْ مࣸڧّامِ              کࣸو سَرَوتَا غَرٜيٰشِ  کࣸوکࣸو عَدِيمِي,کࣸومࣸتࣸمْ يَاذَمࣸومࣸتࣸمْ مَيْ مࣸڧَامِي   کࣸوسَرَوْتَاغَرٜيٰشِ کࣸوکࣸوعَدِيمِي,0.21739130434782608,0.9090909090909091
The_Glorious_Majidu_Infiraji_1.pdf_page_1_line_006,الحَاجِ مَالَمْ عَلِيّࣸ ࢽَمَࢽَغِ,الْحَلجِ مَالمْ بَعَلِيّࣸ ࢽَسَࢽْغِ,0.21875,1.0
The_Glorious_Majidu_Infiraji_1.pdf_page_12_line_003,هَرغࣸس ݒى بَمࣸىْ ذَمَࢽ دࣸهࣸوْبَا,هَرْغࣸربٜى بَمࣸى ذَمَࢽْ دࣸهࣸوبَا,0.21875,1.0
The_Glorious_Majidu_Infiraji_1.pdf_page_14_line_006,رَࢽْ غࣸوىى بَمࣸى بَڧِࢽ ثِکِيْبَا,رَࢽْ غࣸوبٜىٰ بَمࣸيْ بَڧِࢽْ ثِکِيبَا,0.21875,0.8
Infiraji_10.pdf_page_12_line_014,صَلَّى اللَّهࣸ عَليْهِ وَسَلَّمَ,صَلَّى الَّهࣸه عَلَيْهِ دَسࣸلَّ,0.21875,0.75
The_Glorious_Majidu_Infiraji_1.pdf_page_10_line_004,٣٦ مَادࣸغࣸࢽْ مَکَهْ دَاکَثىي  ذَاࢽِ کىوَا تَاإِࢽتى,٢٣ مَادࣸغࣸࢽْ مَکَهْ دَاکَثٜىࢽِ  ذَاࢽِ کٜىوَاتَاإِمىࢽِ,0.22,0.5714285714285714
ELIT_WAN_00130_003r_line_012,واشمس تجريى کجرى البرانه ڢلک ؞ على العاڢي ڢى الاوفات والدول,والشس تج> خج ى البدرن ڢلک ؞ على التعافب ڢى الاوفات والدول,0.22033898305084745,0.6363636363636364
The_Glorious_Majidu_Infiraji_1.pdf_page_3_line_009,٣ غَيْسࣸوَا تَاکࣸواْتَدبثى   غࣸࢽْ مَأَيْکِࢽْ ࢽَࢽْ أَࢽْبَثِى,١غَيْسࣸوَاتَاکࣸواْتَدَاثٜى غࣸࢽْ مَأَيْکِࢽْ ࢽَࢽْ دَأَࢽْثٜى,0.22033898305084745,0.5714285714285714
Infiraji_10.pdf_page_1_line_010,وَلاَتَعِيࢽࣸ الْعيْشَ عَلَى أَهْلِهَاوَاءࣸخَرَىٰ وِعَاءࣸࣸ لِلْوَلَدِ,وَلاتَعِيࣸࢽࣸ الْعَِيْشَ عَلَى اهْلِمَاوَاءࣸخْخِرَىٰ وِعَاءࣸالوَلَدِ,0.22058823529411764,0.8333333333333334
A_Poem_on_Adultery_Waƙar_Zina.pdf_page_1_line_007,تَعَلى شِتࣸوبى شِࢽ شِيَڢَاسَغيࢽٜى    ذَمَابَابَ طَلڧى غَمَى يࢽْزِࢽَا,تَعَلى شِتَويِࢽ شِ شِيڢَاسَڧِيبٜى   ذَمَابَابَ طَلڧي غمَي يرزِࢽَا,0.22058823529411764,0.75
Infiraji_12.pdf_page_17_line_001,أرْبَعِࢽْ دَبَݣَىْ دَعکّࣸ     أࢽْدَطٜىٰ مَاکَاکِࢽَࢽْکࣸ,أَرْبَعِࢽْ دَبَݣّيْ دَعࣸکّࣸ  أَࢽْ دَطٜيٰ مَاکَاکَࢽِࢽْکࣸ,0.2222222222222222,1.2
The_Glorious_Majidu_Infiraji_1.pdf_page_4_line_008,غࣸࢽْ کࣸثبوَ ࢽَّࢽ دَࢽࣸورَا   تَثِکَا ثِي ࢽَمَࢽ بࣸشَارَا,غࣸࢽْ کࣸشٜيٰوَࢽَࢽْ دَࢽࣸورَا  تَثِکَاشِ ࢽَمَى بࣸشَارَا,0.2222222222222222,0.625
Infiraji_5.pdf_page_1_line_008,زَارِِيَ؞,زَارِيَم,0.2222222222222222,1.0
Infiraji_3.pdf_page_11_line_006,بأسࣸوْا أَيِ بَاسَاکيٜيٰبَا,بَأسࣸوْاأَيِ بَادَسَاکَيٜىٰبَا,0.2222222222222222,1.0
ELIT_ESS_04893_001r_line_007,کَلَ نِطّࣸڢࣸمْ عَدّࣸيْطࣸ الله عٜمَغْمࣸمْ وࣸطَيَࢽْ عٜدࣸنْيَاسࣸودࣸحࣸيْدࣸدࣸتٜدَّتَا,ڢَلَنِطّڢࣸࢽْ عَدّࣸيْطࣸ اللّهࣸ عٜمَعْمࣸمْ دࣸنلَيىْ عٜدࣸنْيَاسࣸودࣸ حࣸيْدࣸمجدَتَا,0.225,1.0
A_Poem_on_Friends_and_Relations_Waƙar_Ƴan_Uwa.pdf_page_6_line_010,تَمَّتْ بِحَمْدࣸ اللَّهِ وَاڧَاتَاثِکَ سِّتِࢽْ دَشِدَاࢽَبَتْتَ دࣸومِࢽْ ࢳࢽْ عࣸوَا,تَمَتْ بَحَمْدِ اللَّهِ وَاڧَاتَاتِدَ   سࣸتِࢽْ دَشِدَاࢽَبَتْت دࣸومِࢽْ عللࣸه,0.225,0.7777777777777778
Infiraji_12.pdf_page_12_line_005,ࢳَࢽْ وࣸڧَاکࣸواْطَرْبِدَاࢽٜىٰ؟    کٜىٰ ڟَرٜىٰمَسَ ثࣸوتࣸوَاࢽٜىٰ؟,عَرْوࣸڧَاکࣸواْطَࢽْ بِدَاࢽٜيٰ کٜيٰ ڟَرٜيٰمَسَ ثࣸوتࣸوَاࢽٜيٰ,0.22580645161290322,1.0
A_Poem_on_Adultery_Waƙar_Zina.pdf_page_1_line_017,ذمَاشِࢽ بَتࣸى شِکࣸࢽْ ࢽَاشِࢽ يَکى    دَبَابࣸ عِبَادَاغمِى زِࢽَا,ذَمَاشِࢽْ بَشِى شِکَࢽْ ࢽَاشِ أَيکي  دَبَابࣸ عِبَادَاغمي زِࢽَِا,0.22580645161290322,0.875
Infiraji_7.pdf_page_9_line_007,شِࢽْ کَرَاࢽَتَ وَايَکٜىٰ يىٰ کِبِيَاتَتَ وَاتَذَابٜيٰ,شِيْ کِرَاتَوَايَکٜيٰ يٜيٰ کِيَاࢽَتَ وَاتَذَايٜيٰ,0.22641509433962265,1.0
Nana_Asmāʾu_The_Authentic_Path_Nana_Asmāʾu_Godaben_Gaskiya.pdf_page_1_line_004,دڟورثࢽ ڟورثࢽ ڟيࢽ ڧياما,دڟورثࢽ تلورثࢽ ڟيرڧيام,0.22727272727272727,0.75
ELIT_WAN_00130_005r_line_005,ڢلو بنا ڢد فستمرريࢽ ما اکتسبت ؞ مࢽ النا ثم لا تخشى مࢽ التى لل,فلوبنا فدفست مࢽ ريࢽ مااکتسبت ؞ مࢽ المناثم لاتحشى مࢽ الىلل,0.22950819672131148,0.8
ELIT_WAN_00130_006r_line_001,ڢينکرالخالڡ العبودمو جده ؞ اومعجزات تبيࢽ الصدولله سل,ڢدد اغالڡ المعبودموجده ؞ اومعجزات تبيࢽ الصدڡ للرسل,0.23076923076923078,0.625
A_Poem_on_Adultery_Waƙar_Zina.pdf_page_2_line_020,مِثَالِ بَکَࢽْ يَࢽْمَذَا دࣸدَمَاتَا  عَوَادٜي عَثٜي تࣸو کَذࣸوکَيزِࢽَا,مثَال بکࢽْ يࢽمَذَادَکَ دَمَاتَا   عوادَي عَثٜي تࣸو کَذࣸوکيزِࢽَا,0.2318840579710145,0.75
The_Glorious_Majidu_Infiraji_1.pdf_page_10_line_001,٣٥  ڧَايَوَࢽْ ࢽَڟࣸوَا دَمڢَّا  غَاشِ کَيکَّياوَاغَصِڧَّا,٣٧ غَايَوَࢽْ ࢽَڟࣸوَادࣸمِڢَّا  غَاشِ کَيياوَاڧَڢَّا,0.23214285714285715,0.8333333333333334
ELIT_WAN_00130_015v_line_007,ڢصل تا شڢاعت نبينا محمد صلى الله عليه و سلم,ڢصل نا ششڢاعة نبينا محدصلى الله عليهه و,0.23255813953488372,0.6
Infiraji_11.pdf_page_14_line_001,سَࢽّࣸ طَامَى ݣࢽْࢽ ڟَيَاوَا    مَىْ يَوَࢽْ ڢَرَعَادَکࣸوْاْوَا,سَࢽّࣸ کَايْ کِࢽِࢽْ ڟَيَاوَا    مَيْيَدَࢽْ ڧَرَمَادَࣸوْاْوَا,0.23333333333333334,0.7142857142857143
ELIT_WAN_00130_001v_line_014,وَبَعْدࣸ ڢَالْعِلمࣸ بِلتَّوْحِيࢽِ مࣸڢْتَرِضࣻ بِالاِحْتِلاَمِ وَعَفٍْ غَيْرَمࣸخْتَبَلِ,وَبَعَدࣸ ڢَالْعِل بَالتَّوَّحِيࢽ بࣸڢتَرِضࣽبِالاِحْتِلامِ وَعَفْلِ عَيرَمࣸحْتَبَا,0.23529411764705882,1.0
A_Poem_on_Friends_and_Relations_Waƙar_Ƴan_Uwa.pdf_page_4_line_012,کࣸسَامِ لاَدَا کَا يَتَرْ ڧَارࣸوَا,کَسَامِ دَادَاکَابَتَرْڧَارࣸوَا,0.23529411764705882,1.0
ELIT_WAN_00130_001v_line_001,بسم الله الرحمࢽ الرحيم صلى الله على سيدنا محمد وءاله و صحبه و سلم تسليما,ڢم الله الرسࢽ الدحيم حل الله على سيبدنا محدواله وصبه وسلم تسيل,0.2361111111111111,0.8
A_Poem_on_Friends_and_Relations_Waƙar_Ƴan_Uwa.pdf_page_3_line_011,بَرِ جَࢽْ جِدَالِ غࣸࢽْ دَبَا حَࢽْيَرْکبَ  دࣸوعَيْجِدَالِ بَايَشِرْيࣸدَ ࢳࢽْ عࣸوَا,ڟَرِکَࢽْکَدَالِي غࣸࢽْ دَبَاحَࢽْيَرَکَبَ    دࣸومَيْجِدَالِي بَايَشِࢽْ مࣸدَࢳَࢽْ عࣸوَا,0.2375,0.8
ELIT_WAN_00130_018v_line_008,لا تخل وفتکاࢽ وڢفت مࢽ عمل ؞ على الدوم على الدوام على رفڡ بلاملل,لاتخل وفتک اࢽ وڢفت مࢽ عمل ؞ على الدوام على ڢڡ بلاملءل,0.23809523809523808,0.5
Infiraji_10.pdf_page_13_line_005,سَابِسْ 1 أَݣَيْ رَشِࢽْ ثَاجِ 2 أَݣيْ ڧَارٜيٰوَرْ کࣸطِي أَحَࢽْسٜتْ3,سَبِسْ أَکي رَشِࢽْ تَاجِ أَݣيْ ڧَارٜيوَرْکࣸطِي اَحَࢽْات>ِ,0.23880597014925373,0.9
A_Poem_on_Adultery_Waƙar_Zina.pdf_page_2_line_027,ذَمَࢽ کَوأبࣸوکى دَمَاتَرْأبࣸوکِى    غَدَاکِى غࣸدَاࣸکاجِ وࢽَّࢽ زِࢽَا,ذَمَࢽْ کࣸوابࣸوکِي دَمَاتَرْابࣸوکِ  غدَاکِي غࣸدَاکَاجِ وَࢽَࢽْ زِࢽَا,0.23880597014925373,0.8571428571428571
Infiraji_7.pdf_page_13_line_004,سَي هࣸلࣸولࣸ دَشَࢽْ سِغَارِ بَاسࣸ إِسْتِغِڢَارِ,سَيْ حَلࣸولࣸ دَشَࢽْ سِغَارِ  بَاسࣸ سࣸࢽْ إِسْتِࢽْغِڢَارِ,0.2391304347826087,0.6666666666666666
Infiraji_7.pdf_page_13_line_012,مࣸغَ اَلࢽَّبِ بَادَڢِرْغِ,مࣸغَ اَلࢽَّبِ بَادَڢِرْغِتَابَا,0.24,0.3333333333333333
ELIT_WAN_00130_003r_line_011,مࢽ خمسمانةعام کل واحدة ؞ کذارتڢاع سموک الکل لاتحار,مࢽ خسانة عام کل واحدةء ؞ کذاربڢاع سوک الل لل,0.24,0.7777777777777778
Infiraji_3.pdf_page_3_line_003,کَرکَيَردَ دَمَيکَسَالَه غࣸࢽ اَبࣸوتَادَࢽْ جَهَالْه,کَرْکَيَرْدَدَمَيْ کَسَالَهْ   غࣸࢽْ أَبࣸوتَادَࢽْ جَهَالَهْ,0.24,1.0
ELIT_WAN_00130_003r_line_007,نعم لافوات کل الخلڡ فدرها ؞ عدبى الخلڡ والارزاڡ والاجل,نعم لافوات کل الخلڡ فدوها ؞ حدلى اک لڡ والارول,0.24074074074074073,0.5
Infiraji_9.pdf_page_2_line_007,الهࣸمَّ أَحْڢِظَࢽَا مِࢽْ کࣸلِّ شَرِِّ,اللّهمࣸمَّ أَحْڢِظَࢽَامِࢽْ کࣸلْ شَِ,0.24324324324324326,1.0
Infiraji_10.pdf_page_12_line_013,الصَّلاَةࣸ وَالسَّلَامࣸ عَلَىٰ رَسࣸولِ اللَّه,الصَّلَاةࣸوَالتَّلَامࣸ عَلَّى رَبَوࢽِ اِللَّ,0.24444444444444444,1.0
ELIT_WAN_00130_003v_line_006,وايرماامࢽ ت تنحل حمَلة ؞ بحارمااتڢيض اعودومࢽ خللء,وايࢽ ماام ت تتل حاملة ؞ بحارماء تڢيض الودومࢽ خل ءل,0.24489795918367346,1.125
The_Glorious_Majidu_Infiraji_1.pdf_page_8_line_011,يَايِ کـٰـوَرْشِبَرْشِ   مَࢽّࣸ مَي لࣸڧࣸدى دَمَاشِ,يَايِ کٜىٰوَرْکَرْشِبَرْشِ سَࢽّࣸ مَيْ لࣸغࣸدى دَمَاشِ,0.24489795918367346,0.6666666666666666
Warning_Gargaɗi_Infiraji_2.pdf_page_10_line_008,تَابِ ڧَࢽْ واڢَاتَشَربٜىٰ   دَاأکࣸوْࢽى مَڢࣸدَاأرَيٜىٰ,تَابِ ڧَࢽْ ڢَاڢَاتَشَرْبٜىٰ دَاأَکࣸويْ مَغْدَاأَرَايٜىٰ,0.24528301886792453,0.6
Warning_Gargaɗi_Infiraji_2.pdf_page_10_line_001,دࣸوبَ دَىْ ڢِرعَوࢽْ وَيشِى    ࢽٜىٰ طَغَاوَبَاکَمَرْشِ,دࣸوبِ دَيْ جِرْعَوࢽَ وَيْْشِي ࢽٜيٰ طَغَاوَابَاکَمَرْشِ,0.24528301886792453,1.0
Infiraji_3.pdf_page_21_line_014,کَيْدࣸوبردَايٜࢽْ اࣸوَࢽْ کَ     سَىْ کَثٜىٰ مَسࣸ وَࢽْ اࣸبَࢽْکَ,کَيْدࣸجَودَايَرْ أࣸوَرْکَ سَيْ کَثٜيٰ مَسࣸ وَࢽْ أࣸبَࢽْکَ,0.2459016393442623,0.75
A_Poem_on_Adultery_Waƙar_Zina.pdf_page_2_line_006,کَذَاتَا کَلْمَا کَذَاسڢٜدࢽْکَا  کࣸبَرِبَاشِ سَࢽْ شَࢽَايٜࢽْ زِࢽَا,کَذَاتَاکَلمَاکَذَاسڢٜدَکَا   کࣸبَابَاشِࢽ کَاسَࢽ شࢽَايࢽ زِࢽَا,0.24615384615384617,0.8571428571428571
A_Person_with_a_Livelihood_Will_Never_Be_Destitute_Mai_Sanaa_Ba_Ya_Tsiya.pdf_page_6_line_019,مَىْ بَࢽْ ثِࢽْ دَرَاࢽَادَڧِيِو    شِيدَىْ بَارَبࢽْسَ بَيَاصَࢽَاعَ,مَيْ بَرْثِࢽْ دَرٜي دَرَاࢽَادَڧِيڧِ  شِيدَيْ بَارَبَࢽْسَ بَايَاصَࢽَاعَ,0.24615384615384617,1.0
A_Letter_to_Malam_Ƙalarawi_Wasiƙa_zuwa_ga_Malam_Lawan_Ƙalarawi.pdf_page_1_line_003,بسم الله,نم الله,0.25,0.5
Infiraji_10.pdf_page_13_line_002,غَاَامْبَرْوَايَ,غَامَبَرْوَيَ,0.25,1.0
Infiraji_7.pdf_page_16_line_019,تمت بحمد,تمت حمَ,0.25,0.5
MAF_286.pdf_page_6_line_017,يثٜي,بثٜي,0.25,1.0
Nana_Asmāʾu_The_Absolute_Truth_1_Nana_Asmāʾu_Tabbat_Haqiqan_1.pdf_page_4_line_016,بَاطڟيرد,باطڟبرد,0.25,1.0
Infiraji_3.pdf_page_13_line_003,ࢽٜيٰ,ࢽيٰ,0.25,1.0
The_Harlots_Song_Waƙar_Karuwa.pdf_page_6_line_010,ڟمت بحمد لله,تم بحمدلله,0.25,1.0
Infiraji_4.pdf_page_18_line_015,بَسࣸ سَࢽْ شٜيࢽٜيٰ يکٜيٰ کِرَابَا,بَسࣸ سَࢽْ شِࢽٜيٰ يَکٜيٰڢِيبَا,0.25,0.6
MAF_286.pdf_page_8_line_018,سࣸکَثٜيٰ,سࣸکثٜي,0.25,1.0
Infiraji_10.pdf_page_4_line_017,سَيْ مَلَلِي,الحيْ مَلَلِي,0.25,0.5
A_Poem_in_Honor_of_the_Emir_of_Kano_Waƙar_Sarkin_Kano.pdf_page_1_line_002,أمير کࢽوأتاࢽا يوم سبت أتاࢽا عالم,اميࢽ کنواتانا يوم سببت اتاࢽاعالم,0.25,0.8333333333333334
Nana_Asmāʾu_The_Authentic_Path_Nana_Asmāʾu_Godaben_Gaskiya.pdf_page_1_line_009,صکتو,مکتو,0.25,1.0
A_Poem_on_Friends_and_Relations_Waƙar_Ƴan_Uwa.pdf_page_5_line_014,اࢽذوثِيا,اࢽذوࢽِاا,0.25,1.0
Infiraji_9.pdf_page_1_line_010,١٣٩٣,١٣٩٣د,0.25,1.0
Infiraji_11.pdf_page_1_line_007,زَارِِىَ,زَارِيَ,0.25,1.0
ELIT_WAN_00130_001r_line_014,يتزوحبا يتوضلويصلى ويغراهزاماتى وتڢحت وعشريࢽ,يتزوحمايتوضلويصلى ويغى اهزاماتوتالتوعشرࢽا,0.25,1.0
Warning_Gargaɗi_Infiraji_2.pdf_page_4_line_003,کَ بَاذَاتَ کَرْݒࣸوَابَا,شِڢَطِي بَاذَاتَ کَرْݒࣸوَابَا,0.25,0.3333333333333333
Infiraji_9.pdf_page_1_line_011,١٩٧٣,١٩٣,0.25,1.0
Infiraji_11.pdf_page_1_line_003,اَلࢽَّاشِرࣸاَحْمَدࣸالتِّجَاࢽِي حَڢِظَهࣸ الله,اَلࢽَّاشِرࣸأَحْمَدࣸ اَلتِّجَاࢽِي حَڢِظَهࣸ اَللَّهࣸ,0.25,1.0
On_Divine_Punishment_2_Kuuɗe_Lette_2.pdf_page_1_line_006,اللهࣸ نࣽدَالَ عࣽدَالَنَبٜࢽْ کࣽىِ وَوْطࣽفࣽوتࣸ عٜفَلْ تَفࣸوَلْ,ࡼللَّهࣸ نࣸدَالَ مࣸدَالنَّبٜࢽْکࣸرِ وَوْطࣸ کࣽفࣽوتࣸ بٜفَلْ تَفࣸوَلْ,0.25,0.8571428571428571
A_Poem_on_Adultery_Waƙar_Zina.pdf_page_2_line_009,ذَمَادَي رࣸوࢽَ دَࢽْکَيْ ࢽࣸجَسَ  بِسَ وَࢽْکَ دࣸودَا  ࢽَمِييِࢽْ زِࢽَا,ذَمَادَمْ رࣸوَࢽَ دࣸکࣸوࢽَکَْ ࢽَجَسَ   بس وࢽْکَ دࣸودَاࢽَمِييࢽْ زِࢽَا,0.2537313432835821,0.8888888888888888
ELIT_WAN_00130_001r_line_018,الکرب ڢى اوفات الشرالى ڢلايغوم مࢽجلسم الاوفرزال,الحب ڢ اوفات الشرابࢽ جلا يفوومࢽ مجلسم الاوفرزا,0.2553191489361702,1.0
ELIT_ESS_04893_001r_line_024,مࣸمْتࣸيْطࣸ دࣸنْيَا جرْسࣸيَࢽْ بلَوࣸجَّدࣸ جَلٜيَىْ اَمَا يَࢽْ وايَيࣸهْ حࣸکࣸمࣸمْتَتَا,مࣸمْتيْطࣸ دࣸنْياجِرْسيَيْ بلوࣸڢَّࣸ حَليࢽْ اَمَايَࢽْوَايَيَّهْ حَکࣸمَمْتَتا,0.25609756097560976,1.0
Infiraji_6.pdf_page_20_line_010,سَىْ يَثٜىٰ کࣸوࣸثٜى غَمࣸوسىٰ      شِي أکَࢽْس اࢽسايَجٜىٰ غَعِيْسَىٰ,سَيْ يَثٜيٰ کࣸوࣸثٜيٰ غَمࣸوسَىٰ  شِي أَکَࢽْسَ يَجٜيٰ غَعِيسَىٰ,0.25757575757575757,0.875
A_Poem_on_Adultery_Waƙar_Zina.pdf_page_2_line_001,تعالى کريم دَغَرِ مِࢽْکَ الله  کڢٜشي مࣸ کَمَيَا مࣸتَاࢽٜي زِࢽَا,تعالي کريم دغر مࢽک الله  کڢشيي م کَميامࢽَاࢽي زِࢽَا,0.25806451612903225,0.7
A_Poem_on_Adultery_Waƙar_Zina.pdf_page_1_line_020,ڢَسࣸࢽٜبَرْتَعَالى تعالى شىٜرس اࢽَاسࢽک کومَا مࣸتَاࢽٜى زِࢽَا,بَسࣸࢽغ مَرْࢽعَالي تعَالى شبرس   اࢽَاسࢽک کࣸومَامࣸتَابٜى زِࢽَا,0.25862068965517243,0.8571428571428571
Infiraji_7.pdf_page_11_line_013,عَيٜࢽْ اࣸوَاإࢽْ تَࢽْبَيٰٜکࣸ ࢽَاغَ وَوْتَࢽْ غَالِبَࢽْکْ,جٜࢽْ أࣸوَاإِࢽْ تَࢽْبَيٜيٰکࣸ  غَاغَ وَوْتَرْغَالِيْکࣸ,0.25925925925925924,1.0
Nana_Asmāʾu_The_Authentic_Path_Nana_Asmāʾu_Godaben_Gaskiya.pdf_page_2_line_011,صَلاةࣸࢽَاَللهࣸ شِدَوَّمَ هَکَذَا   سَلَامࣻ غَرَى ش يَعَّى کࣸووَامࣸحَمَّدا,صَلاَةࣸ ࢽَاللَّهࣸ شِدَوَّمَ مَکَّذَا سَلامࣸ غَرَيْ ِي يَڢِّ کࣸووَامࣸحَمَّدَا,0.2602739726027397,1.0
Celebrating_Cerno_Aliiyu_Ɓuuɓa_Ndiyaŋ_Waccugol_Cerno_Aliiyu_Ɓuuɓa_Ndiyaŋ.pdf_page_2_line_001,يَجَمࣽ فَبْرࣸوَيَنج کَمࣸ عٜلٜيْطٜ ڢࣽوْ يࣸولࣸيْمࣸ دْٜبحرࣸوج نورطيٜيَتا,يَجَّمّ فَبْرࣸوَيَنِّجِ کَمّࣸ عٜلِيطِ جࣽوْيࣸولࣸيْمࣸ دٜرْبحرࣸوجِ نَورٜطييبَتَا,0.2608695652173913,1.0
Nana_Asmāʾu_The_Authentic_Path_Nana_Asmāʾu_Godaben_Gaskiya.pdf_page_2_line_001,بِسْمِ اللهِ الرَّحمَࢽِِِِ الرَّحيمِ صلَّى الله على الࢽَّبيِّ,بِسْمِ اللَّهِ الرَّحْمَٰࢽِ الرَّحِيمِ صَلَّى اَللَّهࣸ عَلَى الࢽَّبِيِّ,0.26229508196721313,0.875
The_Glorious_Majidu_Infiraji_1.pdf_page_16_line_008,بِڧَلَم إبْرَاهِيمࣸ,بِڧلم ابرَامِيمࣸ,0.2631578947368421,1.0
Infiraji_5.pdf_page_8_line_004,غَرْغطِي شِي ࢽَاسَ ࢽَڢْعِ   ࢽَاوࣸرِࢽْ مَيْجِࢽْ ࢽِدَاء,مَمَِ شِيْ ࢽَاسَ تَڢْمِ  ࢽَاوࣸرِࢽْ لَيِࢽْ ࢽِدَاءِ,0.2641509433962264,0.7142857142857143
Nana_Asmāʾu_The_Authentic_Path_Nana_Asmāʾu_Godaben_Gaskiya.pdf_page_2_line_003,ࢽورالزَّمَاࢽ عࣸثْمَاࢽ بࢽِ ڢࣸودࣸوتَغَمَّدَهࣸ اللهࣸ,ࢽَورِࣸ الزَّمَاࢽِ عࣸثْمَاࢽَ بِࢽِ ڢࣸودࣸي تَغَمَّدهࣸ اللَّهِ,0.2653061224489796,1.4
ELIT_WAN_00130_001r_line_006,فال رحمالله تحلى وذکره بحضى شيوخ اࢽ اسم تحلى لطيڡ,الالک رحح الته تحلى وزک بحض شوخ اࢽ اسد تحلى لطيه,0.2653061224489796,0.8
ELIT_WAN_00130_014v_line_011,ڢصل ڢى المين ار,ڢصل ڢ البينا,0.26666666666666666,0.75
On_Divine_Punishment_2_Kuuɗe_Lette_2.pdf_page_1_line_003,رࣸفَنتٜ نࣽحِمّࣽوجَنڢِتࣽيࣽو>   کَࢽْنڡَ يࣽبࣽيْتٜ إدٜرْڢٜسࣸفࣽلْ,رِفَنْت نࣽحِّࣸوجَنڢِتࣽيࣽو> کَࢽْ جَنْڢَ يࣽبࣽيْتٜ ادٜࢽْ ڢٜسࣸفَلْ,0.26666666666666666,1.0
A_Poem_on_Friends_and_Relations_Waƙar_Ƴan_Uwa.pdf_page_1_line_009,ًٍٍ       دࣸمَيْبࣸکاتَرْ غَسْکِيَا کَڢَطَا مَسَ اࢽْذا کَطࣸحٍِ کࣸيࣸوا ڟَکَاࢽِࢽ عࢽْ عࣸوا,دࣸمَيْبࣸکَاتَرْغَسْکِيَا کَڢَطَامَسَ اࢽْذَاکطجِ کَيࣸوڟَکَاࢽِࢽ عࢽ عࣸوا,0.26744186046511625,0.9090909090909091
Infiraji_9.pdf_page_13_line_012,أّمْْْْْْْْْْْْْْرٜيٰ دَعِدَّ اَللَّهْ يَاهَࢽَا   إِࢽْ يَّايَوَيْتَ يَࢽَاسَاأَيْڢَرِٜي,أَمْزَودَعِدَّاَللَّهْ يَاهَࢽَا  إِࢽْ يَّايَوَيْتَ يَࢽَاسَاأَيْڢَرِ,0.26744186046511625,0.5714285714285714
A_Poem_on_Friends_and_Relations_Waƙar_Ƴan_Uwa.pdf_page_1_line_006,مَيْحَࢽْکَلي شيࢽي متࢽ غمحوکثي وعظي غمي لورا دذࢽثࢽ عࢽ عوا,مَيْحَࢽْکَلِي شِيࢽٜي مࣸتࢽْ غَمَحوکثِي  وعَظِي غمَي لࣸورَادذࢽثࢽ عࢽ عوا,0.26785714285714285,0.8
MAF_286.pdf_page_1_line_001,بِسْمِ اِللَّهِ الرَّحْمَٰࢽِ الرَّحِيمِ  الحَمْدࣸ لِلََهِ الوَلِي الکَرِيمِ وَالصَّلَاةࣸ    الکَريمِ وَس,بِسْمِ اللَّهِ الرَّحَْمَٰࢽِ الرَّحِيمِ الحَمَّدࣸ للَّهِ الوَالِى الکَّرِيمِ وَالصَّااةࣸ,0.2692307692307692,0.8181818181818182
Infiraji_7.pdf_page_9_line_004,بَلتَسَاسَࢽْتَاوَکࣸرَاوَا إࢽْتَذࣸوبَاتَارَغَاوَا,بَلدَامَادَ غࢽَاوَکࣸواوَا  إِࢽْتَذࣸواْبَاتَارَغَاوَا,0.2708333333333333,1.5
Infiraji_7.pdf_page_10_line_001,ظَهِرِي أَذَتࣸࢽْتَ يَاڧِ کࣸواْوࣸتَا کࣸواْغَبِيڧِ,غَاجِي لذَتࣸࢽْتَ يَاڧِ  کࣸواْوࣸࢽَاکࣸواْکࣸوࢽَبِيڧِ,0.2708333333333333,0.8
ELIT_WAN_00130_001v_line_011,مَࢽ ذَامِࢽَ الْخَلڡِ يَفْضِ شࣸکْرَوَالِڢِحِمَالَوْ کَاࢽَ يَشْکࣸرࣸ دلࣸولَ الَذلغࢽ لَمْ يَصِلِ,مَࢽ ذَامَࢽَ الْخَلدِ يَڢْضِ شِاْرَوَاِعِبَا لَوْکَاࢽَ يَشّکࣸرࣸلࣸولَ الدَهَ لَْ يَا,0.2717391304347826,0.9090909090909091
ELIT_WAN_00130_010r_line_013,ڢصل ءاخر نا معنا ه ايظ,ڢصل ءاختا معناء ايش,0.2727272727272727,0.8333333333333334
Infiraji_10.pdf_page_2_line_017,إِࢽ مَّثٜيٰ,إِࢽِ مَّثٜ,0.2727272727272727,1.0
Celebrating_Cerno_Aliiyu_Ɓuuɓa_Ndiyaŋ_Waccugol_Cerno_Aliiyu_Ɓuuɓa_Ndiyaŋ.pdf_page_3_line_006,اللهم صلى على محمدوسلم,اللهم صل على مجروسر,0.2727272727272727,0.5
Infiraji_7.pdf_page_9_line_008,تَابِ ڧَࢽْ واڢَاتَشَربٜىٰ دَاأکࣸوْࢽى مَڢࣸدَاأرَيٜىٰ,تَابِڧَࢽْ تَاڢَاتَغَرْبٜيٰ  دَاأَکࣸويْ مَغࣸدَاأَرَايٜىٰ,0.27450980392156865,1.0
ELIT_ESS_04893_001r_line_011,وࣸنداکࣸ دنيابٜتْدِنَاطࣸ تࣸلاَمࣸط برْ جࣸمْلاَڢِى النَّبِأٜنْ جِطࣸيْمَدࣸ بَنْسَتَا,وࣸنداکࣸ دنْياَ تَدِّنَاطࣸࣸ تࣸلالحࣸحَطْ بٜࢽْ جمْلاَجِ اَلنَّبانْ جِطࣸيْمَدࣸ بَنْڢَسَتَا,0.275,0.875
A_Poem_on_Adultery_Waƙar_Zina.pdf_page_2_line_024,مࣸࢽاغودِاللهَ مࣸࢽايِࢽ صلاتِى    مࣸذَابِى مࣸحمدمبريࢽْ زِࢽَا,مࣸࢽَاغَودِ اللَه مࣸࢽَايِࢽْ صَلَاتِي   مَذَابِي مࣸحَمدَمبِريࢽْ زِࢽَا,0.27586206896551724,1.0
ELIT_WAN_00130_006r_line_003,ڢصل ت اࢽ الاختى اع لله لله سبحانه لا لشى ء سواء,ڢصل نااࢽ الاختى اع اله سبحات االشي ءسواء,0.2765957446808511,0.75
The_Glorious_Majidu_Infiraji_1.pdf_page_1_line_003,الࢽَّاشِرࣸ أحَمَدࣸ التِجَاࢽِي  حَڢِظَهࣸ اللَّهࣸ,اَلࢽَّاشِرࣸ أَحْمَدࣸ الِّحَاِࢽِي دَحِصَمَهَ اللَّهࣸ,0.2765957446808511,0.8
Infiraji_11.pdf_page_5_line_002,مَاسࣸ أيْکِࢽْ رَاڟٜىٰ حَࢽْيَا    ڧِيدَسࣸواْوَسࣸ سࣸࢽْ بِيَيَّا,مَارَࢽَکِࢽْ رَامکٜي حَࢽْيَا  ڧِيَدَاسࣸواْوَسࣸ سࣸࢽْ بَيْبَّا,0.2786885245901639,0.7142857142857143
A_Person_with_a_Livelihood_Will_Never_Be_Destitute_Mai_Sanaa_Ba_Ya_Tsiya.pdf_page_1_line_001,إِسمِ هذِهِ اِلشِعْرِ بِکَلِمَةِ اِلْعَجَمِ,إِسمِ حَذِهِ السعرَ بِکَلِمةِ العَحمِ,0.27906976744186046,0.8
The_Glorious_Majidu_Infiraji_1.pdf_page_14_line_005,وَࢽْدَ کبى ڟَامࣸوا ڟَّڟى  يَارِڧىمࣸدَسࣸوْاکَرَࢽْڟى,وَࢽْدَکٜيٰ ڟَاامࣸواْࣸڟَڟٰٜ  يَارِڧىمࣸ دَسࣸواکَرَࢽْڟٜىٰ,0.28,1.0
A_Poem_on_Adultery_Waƙar_Zina.pdf_page_1_line_029,ادَࢽ ذَاَکَ اَمْرِى کَبَرْکَاڢِرا    عِدَࢽْ مࣸومِࢽِيࢽ شبَرميزࢽَا,إِدَࢽْ ذَاکَ امْرِي کَبَرْکَاڢِرَا    يَدَࢽْ مࣸومَࢽْيَر شِبِر مَيزِࢽَا,0.28125,1.1428571428571428
A_Poem_on_Adultery_Waƙar_Zina.pdf_page_2_line_014,بَکَاسࣸوأثٜي کَيامࣸࢽْثِي دَسࣸوبَا  أدَوࣸمِࢽْ مَکࣸومَاتَمٜييࢽْ زِࢽَا,بکاسواثي کيامࢽثي دَسوبَا  دومࢽ مࣸکومَاتَمييࢽ زِࢽَا,0.2835820895522388,0.8333333333333334
ELIT_WAN_00130_001r_line_007,يزکى مࢽ بح صلاةيومالجمد ؞ ڢاذافى مٜࢽ مࢽ الخرومٜࢽ فبل وفت,يزل مࢽ بحࢽ صلاة يوى الجمد ؞ ڢاذافرب مࢽ الخ وبفبل وفت,0.2857142857142857,0.8181818181818182
Infiraji_11.pdf_page_12_line_016,کواْوࢽى,کواوࢽي,0.2857142857142857,1.0
Warning_Gargaɗi_Infiraji_2.pdf_page_13_line_016,دودِ ࢳࢽ,دوب ࢳࢽ,0.2857142857142857,0.5
Nana_Asmāʾu_The_Absolute_Truth_1_Nana_Asmāʾu_Tabbat_Haqiqan_1.pdf_page_10_line_012,على سيدࢽا محمد,على يدࢽالحد,0.2857142857142857,0.6666666666666666
Infiraji_7.pdf_page_12_line_016,دودِ ࢳࢽ,دودࢳࢽ,0.2857142857142857,1.0
Nana_Asmāʾu_The_Authentic_Path_Nana_Asmāʾu_Godaben_Gaskiya.pdf_page_1_line_008,ڢى عمْ بد ٢١٨٠,ڢى عم بى١١٨٠,0.2857142857142857,0.75
A_Poem_on_Adultery_Waƙar_Zina.pdf_page_2_line_008,مࣸثَالَ کَمَاتٜي مِثَال ࢽَجٜسْ  کَࢽَاسࣸࢽْ ڢَطَلْکَيْ کٜٜر مِيزِࢽَا,مِثَااکَمَاتَى مࣸثَااࢽَجِسَ  کَࢽَاسࣸࢽْ ڢَطَلکي کࣸومِيزࢽَا,0.2878787878787879,0.875
Infiraji_10.pdf_page_9_line_012,رسول الله صَلى الله وسلم,رسول اللهصلى الل عليه وسل,0.2916666666666667,0.8
A_Poem_on_Adultery_Waƙar_Zina.pdf_page_2_line_030,سࣸدَوکࣸوَامَريَاذࣸوَاعࢽدَاَࢽ غَو    غَتَارࣸسࣸ کواࢽڢاتيزࢽَا,سࣸدَوکࣸوأمَرْيَاذَوَاعࢽْدَاࢽغَو غَتَارَسࣸ کࣸوَاࢽَڢَاتَيزِࢽَا,0.29310344827586204,1.0
The_Glorious_Majidu_Infiraji_1.pdf_page_7_line_007,٢٢  شِي تَوَاضِعࣸ ࢽبى هَلِࢽْسَ   إِࢽْ يَهَࢽْغَ أَبْࢽَــسَا,٢٧ شِى تَوَاضِعࣸ ࢽٜى هَلِࢽْسَا إِࢽْ يَهَࢽْغِ مࣸتࣸمْ أَبَࢽسَا,0.29310344827586204,0.875
ELIT_ESS_04893_001v_line_007,عٜتاڢطيل بييجى کررله برنغل کوريکماط ڡول مايد طورتتا,غتاڢطيل بييم کدبرنغل لوريکماتحول مايدٜطووتتا,0.29411764705882354,1.0
A_Poem_on_Adultery_Waƙar_Zina.pdf_page_1_line_027,مروک تَعالى شِبَيشٜى م حَيَا     مࣸبَرْکَاڢرثِ مࣸبَر يࢽْ زࢽَا,مࣸدودَ تَالى شبيشِى م حَيَا   مَبَرکَاڢَرثَ مَبريࢽْ زِࢽَا,0.29508196721311475,0.7777777777777778
Infiraji_11.pdf_page_5_line_001,سَࢽْدَأࢽْ أيْکࣸوشِ شِريَا   غَسْکِيَاتَاکࣸواْرِِڧَرْيا,سَࢽَدَࢽْ أبْکࣸواْشِ غِرْبَا  ࢽَࢽْکِيَاࢽَاکࣸوْارِڧَرْيَا,0.2962962962962963,1.0
Infiraji_3.pdf_page_22_line_011,بِحَمْدِاللهِ وَالصَلَاةࣸ و,بِحَمْدِ اللهِ وَالصَلَاةࣸ وَاَّامࣸ,0.2962962962962963,1.0
ELIT_WAN_00130_016r_line_006,ڢصل نا لن وم طى يوسف الصالح,ڢصل نلࢽ وم ط يوالع المالح,0.2962962962962963,0.7142857142857143
On_Divine_Punishment_2_Kuuɗe_Lette_2.pdf_page_1_line_008,مࣽرࣽڢَامِ عࣽطࣸىْ تَىْ بِکّࣸ مࣸعࣸࢽ سَبࣸ جٜکّࣸ کࣽجࣽکّٜي جنرٜءَرَࢽْ,مࣸرࣸڢَامِ عࣽطࣽࢽْ تَىْ بَکّࣸ مࣸعࣸࢽسَسَبࣸجِکّࣽ کࣽجࣽجّٜ جَنْرَوَاَّلْ,0.296875,0.8888888888888888
The_Glorious_Majidu_Infiraji_1.pdf_page_2_line_004,وَڢَّڧَهࣸ اللَّهࣸ اِلَى مَا يࣸحِبࣸ ءا,وَڢَّڧْࢽَااللَّهࣸ إِلَى مَايࣸحِبّࣸ ءَاملࢽ,0.2972972972972973,1.0
A_Poem_on_Friends_and_Relations_Waƙar_Ƴan_Uwa.pdf_page_1_line_010,َََّمَيْسࣸࢽ حَڧِيڧَا بَايَڟࣸورࣸࢽڟٜي غࣸمِي مَيْکِࢽ طَبِيعا بَايَذَࢽْ ڧِࢽْ ع,مَيْسࣸࢽْ حَڧِيڧَابَايَڟࣸورِࢽْڟٜي غࣸمِي  مَيْکِࢽْ طَبِيڢَابَايَذَࢽْ غِࢽْ عࢽْ عࣸوَا,0.2972972972972973,0.8888888888888888
The_Human_Being_Is_an_Incurable_Disease_Mutum_Cuta_Ne_Marar_Magani.pdf_page_3_line_008,ࢽَکࣸوثٜيٰ دَشَاهࣸوَکَيْ يَايَاسࣸکٜي  ࢽِيدَيْ إِࢽَاڢَاتَاإِࢽَاڢَاتَاإࢽْغَابوٰمࣸتَابوٰ,ࢽَکࣸوثٜيٰ دَشَاهࣸوکَيْ حَبَايَايَاسࣸکٜيٰ ࢽِيدَيْ إِࢽَاجَاتَاإِࢽْغَاࢽٜيٰ مࣸتَاࢽٜيٰ,0.2976190476190476,0.8
Infiraji_9.pdf_page_15_line_015,شي يغيامࢽا,شِي يڧيَامࢽا,0.3,1.0
ELIT_WAN_00130_008r_line_009,فديته کذاته العليته>,ڢديمة کذاته العلية,0.3,0.75
The_Glorious_Majidu_Infiraji_1.pdf_page_1_line_004,وَڢَّڧَࢽَااللَّهࣸ إِلَى مَايࣸحِبّࣸ ءَامِيࢽْ,وَڢَّڧَࢽَااالّهࣸ اِلىمࣸمَا يࣸحِيبّ اَامِا,0.3023255813953488,1.0
ELIT_WAN_00130_012v_line_011,ڢصل نا جوازنى والعاداتکࢽ امة لنا ولياء السادات,ڢشن جدازخرڡ العادانکى ام للاولياء السادات,0.30434782608695654,0.875
The_Human_Being_Is_an_Incurable_Disease_Mutum_Cuta_Ne_Marar_Magani.pdf_page_1_line_011,طبعة الأولى 1963,طبعة الاولى1,0.3125,0.6666666666666666
Warning_Gargaɗi_Infiraji_2.pdf_page_11_line_003,يَامَثى بَࢽى حَىعَ ڧࣸواْشِيَابَا,بَثٜي بَيْ حَْڢَ ڧࣸواْشِيَابَا,0.3125,0.75
Infiraji_10.pdf_page_12_line_010,اَللَّهࣸ يَٰأللَّهࣸ يَٰأللَّهࣸ   اَللَّه کَمَامࣸ رَبࣸواغَ لاَدَࢽْ أَورٜيٰ,اللَّهࣸ يَاللَّهࣸ يَااللَّهࣸ يَااللَّهࣸ اَللَّهْ کَبَامࣸ اَبࣸواْغَ دَدَࢽْ أَوْرٜيٰ,0.3150684931506849,1.125
Nana_Asmāʾu_Admonition_Nana_Asmāʾu_Waazi.pdf_page_2_line_017,صلى الله عّلى حبيبه,صل اله عل مبيه,0.3157894736842105,1.0
A_Poem_on_Adultery_Waƙar_Zina.pdf_page_1_line_025,صَدَيْددَڧَيحِ رَضِيع دَغَى    ڢَسࣸوَاَکَشَادَمࣸتَاࢽٜى زِࢽَا,تَࢽَابَادَدَيکِي ࢽَرَضِيا دَدَغي  ڢَسࣸوأَکَيشَادَمࣸتَاࢽٜى زِࢽَا,0.31666666666666665,0.8
The_Human_Being_Is_an_Incurable_Disease_Mutum_Cuta_Ne_Marar_Magani.pdf_page_9_line_002,OLUSEYI PRINTING PRESS,OUEYI IRIING PRREلSS,0.3181818181818182,1.0
ELIT_WAN_00130_001r_line_019,مامٜ ڡرالکرب وءاتاه الله الڢرج بامراالله ؞ انتى,مابوالرب وءاناه الڢه المرج باڡ الله ة اتتل,0.3191489361702128,1.0
The_Human_Being_Is_an_Incurable_Disease_Mutum_Cuta_Ne_Marar_Magani.pdf_page_2_line_008,ڧام بطبعها وࢽشرها أحمد التجاࢽي تکر,ڧام بطبعهاوࢽشرهاࢽا  ظمهااحمدالجاࢽي تکر,0.3235294117647059,0.6666666666666666
The_Glorious_Majidu_Infiraji_1.pdf_page_10_line_011,إِࢽْ ڢَطَامَسَ يَࢽْ جࣸکَاتَ  کى غَي سَ دَتَاڟَ,إِࢽْ ڢَطَامَسَ يَرْبࣸکَاتَا کٜى غَبي ث دَتَاڟَتَاْمَا,0.32608695652173914,0.75
A_Poem_on_Adultery_Waƙar_Zina.pdf_page_1_line_011,ڢَحَالࢽسرياذمعبوجَرَبَاوا    ذَمَاثِࢽْ عَماَࢽَاغَمِىِ زࢽَا,ڢَحَالسْس يَاذَمعࣸبِي جَرَبَاوَا   ذَمَاࢽِࢽ عَمَاࢽَاغَمي زِࢽَا,0.3275862068965517,1.5
ELIT_ESS_04893_001r_line_005,عِلَ سࣸودࣸدنٜاٜڢَاعٜ الاخِرتَعْيࣸرَلْ کࣸوْتِرْطࣸ يِمْرَعْدٜاْبِعَاطࣸمْ,عِلَ مْسࣸودࣸدناٜجَامِ الاخِرتَعْبࣸرَلْ کࣸوْنِرْطࣸ يࣸمْرَمْدٜابِهمَالࣸمْ جࣸمتَتَا,0.32857142857142857,1.0
Infiraji_9.pdf_page_25_line_010,وَلِجَمِيعِ اِلْمࣸسْلِمِيࢽَ,وَلَحَحِيغِ الْسࣸلِمِيَ,0.3333333333333333,1.0
Infiraji_10.pdf_page_1_line_014,إِࢽ,إࢽ,0.3333333333333333,1.0
Infiraji_11.pdf_page_4_line_016,سࢽد,مࢽد,0.3333333333333333,1.0
Infiraji_8.pdf_page_5_line_016,کࢽْ,کࢽ,0.3333333333333333,1.0
A_Poem_on_the_British_Waƙar_Nasara.pdf_page_2_line_021,دمي,دم,0.3333333333333333,1.0
A_Poem_on_Friends_and_Relations_Waƙar_Ƴan_Uwa.pdf_page_1_line_013,ميس,ميسو,0.3333333333333333,1.0
Infiraji_10.pdf_page_1_line_013,الحريرِي صح ٣٨٩ صحيڢة,الحريرصح وا>صحيڢة,0.3333333333333333,0.75
Knowledge_to_Follow_God_Gandal_Fii_Rewugol_Alla.pdf_page_10_line_019,ڢى ملکه علام مک,ڢملصه علهم حک,0.3333333333333333,1.0
Infiraji_9.pdf_page_21_line_015,اماعدࢽ,املمدࢽ,0.3333333333333333,1.0
Infiraji_8.pdf_page_30_line_016,سلِي ؞,سلِيࢽ,0.3333333333333333,1.0
Infiraji_7.pdf_page_4_line_016,دَامࢽي,دامࢽ,0.3333333333333333,1.0
The_Harlots_Song_Waƙar_Karuwa.pdf_page_6_line_014,بِسَلاَمِ,بسلامِ,0.3333333333333333,1.0
A_Poem_on_Adultery_Waƙar_Zina.pdf_page_2_line_031,مسا,ما,0.3333333333333333,1.0
A_Poem_on_Adultery_Waƙar_Zina.pdf_page_1_line_026,تَࢽَابَاتَ اَيکِࢽْ ࢽَعرْࢽَ دَکَىِ    کطرثِِ عَذَابَاکࣸبَر يِࢽْ زِࢽَا,تَࢽابَاتَايْکِࢽْ تَعَرتَ دَکَي  کَطَرْثِ عَدَادَبَاکَبٜي يِࢽْززِࢽَا,0.3382352941176471,1.0
A_Poem_on_Friends_and_Relations_Waƙar_Ƴan_Uwa.pdf_page_2_line_007,شَرِِࢽْتَلَوْثِدَيَاغَمٜي دَࢽّذࣸوثِيا ڢَا مَيْذࣸوَا يَغَࢽࣸواْ ڢَڧِيرِ طَࢽْ عْࣸوَا,ࢽِيمَࢽْکَوْتِرَيَاغَمٜي دَࢽَذࣸوثِيَا   بَا مَيْذࣸوَايَيڧٜࢽْ وَڢَِيࢽْ طَࢽْ عࣸوَا,0.345679012345679,0.875
The_Glorious_Majidu_Infiraji_1.pdf_page_16_line_006,وَالصَّلاةࣸ والسَّلاَمࣸ,والصلاة والسلام,0.34782608695652173,1.0
ELIT_ESS_04893_001v_line_003,مࣸمْتࣸوبࣸويࣸواَمࣸمْتى مَجّٜرٜ> وࣸمْنࣸورٜجِعْلٜ طمستاک طبمتتا,مࣸمْتࣸودࣸويࣸو مࣸمْتِى مَجِّر> دࣸمْنࣸورِ جِمْلٜ طٜمَسْتَاکࣸوَبٜوَتَتا,0.35,1.0
Infiraji_5.pdf_page_1_line_003,الࢽَّاشِرࣸأَحْمَدࣸ اَلتِّجَاࢽِي حَڢِظَهࣸ اللَّهࣸ  وَڢَّ ڧَࢽَااللَّهࣸ,اَࢽَّاشِرَامْمَ اَلࢽَّدَاࢽِ حَڢِظَهله وَدَّحَࢽَاللَّه,0.35294117647058826,1.0
A_Person_with_a_Livelihood_Will_Never_Be_Destitute_Mai_Sanaa_Ba_Ya_Tsiya.pdf_page_2_line_001,بِسْمِ اِلرَّحْمَاࢽِ اِلرَّحِيمِ صَلَّى سَيِّدِࢽَا مࣸحَمَّدِِ وَءالِهِ وصَحْبِهِ وَسَلِّمْ,بِسْمِ اللَّهِ الرَّحْمَࢽِ اِلرْحِيمِ صَلَّ اللَّهࣸ عَلَى سَيِّدِ ࢽَامࣸحَمَّدِوَءَالهِ وَصَحْبِهِ وَسَلِّ,0.35555555555555557,1.1111111111111112
Nana_Asmāʾu_Admonition_Nana_Asmāʾu_Waazi.pdf_page_2_line_007,کَاجِ حَࢽْيَاتَبَيْ وَࢽْدَيَبِّيتَ يَاڢَذَمْ مࣸسْتَڧِيمِ,کَاجِ حَࢽْيَاتَبَيْ ࢽَأللَه حَڧِيڧَا  وَࢽْدَيَِّيتَ يَاڢَذَمْ مࣸسْتَغِيمِ,0.35714285714285715,0.8
Warning_Gargaɗi_Infiraji_2.pdf_page_17_line_010,إِࢽْکَسَامࣸ سَࢽِي رِڧٜيٰشِ   کَمَ دَڧَرْڢِࢽْ کَرْکَ بَرْشِ,إِکِيَامࣸتَلِي رِڧٜيٰشِ  کَرْدَڧَرْڢِ کَاکِيَثِ,0.3620689655172414,0.8571428571428571
The_Human_Being_Is_an_Incurable_Disease_Mutum_Cuta_Ne_Marar_Magani.pdf_page_2_line_010,شراوضيرا اميࢽ العالميࢽ,شراوضيرااميࢽ بحڧ خيرالعالميࢽ,0.36363636363636365,1.0
The_Human_Being_Is_an_Incurable_Disease_Mutum_Cuta_Ne_Marar_Magani.pdf_page_10_line_002,OLUSEYI PRINTING PRESS,OLUEYIIIING PRREلSS,0.36363636363636365,1.0
A_Poem_on_Adultery_Waƙar_Zina.pdf_page_1_line_021,بَسࣸࢽغ مࣸحمدرَاࢽ الڧِيَامَا     بَسࣸ سَامِ ثٜى تومࣸتاࢽٜى زِࢽَا,مَسࣸࢽي ࢽَمَاتَارِ ڧِيَام  وبَسࣸ سَامِ ثٜي تࣸومَتَاࢽٜزِࢽَا,0.3709677419354839,0.875
ELIT_ESS_04893_001r_line_008,کَلَ نِطّࣸڢࣸمࣸ غَمطࣸ تَفا ڢࣸمٜنْ تَجࣸرَلْ اࣸعَدَّىْ رٜوْدٜدࣸنيانَڢْتَتَا,کَلَ نِطّࣸڢ عَديْطࣸ غَمّطࣸ نَڢَاجࣸمٜࢽْ غَجرَلْاعَدَّوْرٜوْدٜدࣸنْمࣸاْنࣸڢْتّدتَا,0.375,0.875
Infiraji_8.pdf_page_25_line_016,سَى اثٜى,سى اثي,0.375,1.0
Nana_Asmāʾu_Admonition_Nana_Asmāʾu_Waazi.pdf_page_2_line_006,سࣸوࢽْ ڢَڧࣸرْءَاࢽࣸ أڢَّسࣸوࢽْ سَرْکِي رِڧٜي تࣸتࣸتْ کࣸلّࣸ يَوْمِ,سࣸوࢽْ ڢَڧࣸرْءَاࢽࣸ أَڢَّسࣸوࢽْ جَلَّ سَرْکِي  حَرْمَاأَيْکِ رِڧٜي تࣸتࣸتْ کࣸلّ يَوْمِ,0.3770491803278688,0.5
ELIT_WAN_00130_001r_line_004,ڢى منامه ما يطلبه مࢽ الا مورالمصيبةمثل الکشڡ والاصلاح,املامه ما يطلبه مࢽاالامورالص اليبه متل الکلشعالوالال,0.37735849056603776,0.7777777777777778
Nana_Asmāʾu_The_Authentic_Path_Nana_Asmāʾu_Godaben_Gaskiya.pdf_page_6_line_015,غَتࣸوذࣸوࢽَبِوصَلاَّ ڢَࢽَࢽْ أَکَتَࢽْبَيَا    ࢽَعࣸکّࣸ ڢَزَکَّا کَيْ مࣸ,غَتࣸوذࣸوࢽَبِوْصَلّاَڢَࢽَࢽْ أَکَتَࢽْبَيَا  ࢽَعࣸکّࣸ ڢَزَکَّاکَيْ مࣸذَمْبِࢽْ مࣸحَمَّدَا,0.38235294117647056,0.7142857142857143
Infiraji_9.pdf_page_22_line_014,ڢَصْلࣸࣸ عَلِيّࣸ ࢽَڢَاڢَوْارࣸوغࣸ,ڢَضْلࣸ عَلِيّࣸ ࢽَڢَاڢَوْاْرࣸوذࣸغِدَࢽََا,0.3870967741935484,0.6666666666666666
A_Person_with_a_Livelihood_Will_Never_Be_Destitute_Mai_Sanaa_Ba_Ya_Tsiya.pdf_page_7_line_019,بڧلم ياحکاي يلوارو,بڧل معل يارࢽحکاي يلوا,0.3888888888888889,1.3333333333333333
A_Poem_on_Adultery_Waƙar_Zina.pdf_page_1_line_014,َِِاَبࢽثى ابࢽشاحَرامَ غريسࣸ    ࢽى اِدَࢽْ يَࢽغَتࣸوبَاشِࢽَايࢽ زࢽَا,ابِࢽْثي اَبِࢽشاحَرَام غَرِسࣸ   َيِدَࢽَࢽڧتࣸوبَاشِࢽَايࢽْ زِࢽَا,0.390625,1.0
Nana_Asmāʾu_The_Absolute_Truth_1_Nana_Asmāʾu_Tabbat_Haqiqan_1.pdf_page_10_line_010,تمت بحمد الله وحسࢽ عوࢽه,تحت بححر الله وعرعول,0.391304347826087,0.8
A_Poem_on_Friends_and_Relations_Waƙar_Ƴan_Uwa.pdf_page_1_line_005,يَا صَاحِبࣸ کَکࣸلاَ دَحَالِࢽْ دوࢽيا عمَّا کلور کدࢽزيرت عࢽ عوا,يَامَاحِد کَکَلَ دَحَالِࢽْ دࣸوࢽِيَا    عمَّا کࣸلࣸورَکَذَࢽزِيَرت ࢳࢽْ عࣸوَا,0.39344262295081966,0.8
Infiraji_4.pdf_page_2_line_008,َزَارِِيَ؞,زَرِيَ,0.4,1.0
ELIT_WAN_00130_001v_line_008,ڢَلَيْسَ بࣸحْمَى الَّذِ>أَوْلاَمࢽنِّعَمِ اَجَلّࣸهَانِعْمَةࣸاِلاّيماَࢽ بالْرࣸسࣸلِ,مَلِيسَ بࣸحمَ الذِ> أَولاهࣸ بٜࢽْ نِعَ اَجَلَّهَانِعَة الاَيِمَاࢽِ بالر سلِ,0.4,1.4285714285714286
Infiraji_6.pdf_page_23_line_016,تَمَت,تمت,0.4,1.0
Infiraji_8.pdf_page_21_line_015,هࣸوهࣸودَسَيْڢَٜٜٜٜٜٜٜٜٜٜٜٜٜٜٜٜٜرْسࣸ بَىْرَغٜىٰ بَا,هࣸوهࣸودَسَيْڢَرْسࣸ بَيْرَغٜيٰبَا,0.4,1.0
Infiraji_6.pdf_page_11_line_016,ميشرࢽ,مي شرر,0.4,2.0
Infiraji_12.pdf_page_16_line_016,اربعر,اربڢࢽ,0.4,1.0
Infiraji_10.pdf_page_6_line_018,بَاتَ,بَا,0.4,1.0
ELIT_WAN_00130_003r_line_009,کذاالسموات لا تخڢى ؞ يکيڢک ظالعࢽ لماع,کذاالسوات لا تحلى عحاب يکيڢک ظاه هاعࢽ عييا,0.40540540540540543,0.8571428571428571
A_Poem_on_Friends_and_Relations_Waƙar_Ƴan_Uwa.pdf_page_2_line_008,يَو بَاشَڧِيڧِي کࣸولِعَبِي کّامِلِي  يّوْتَاجِرِي شٜيࢽٜي ڧَوِّيِࢽ طَࢽْ عࣸوَا,سَرِࢽْتَ لْْڧِيڧَي کࣸولِبَبَي کَامِلِي   يَوْتَاحِرڧَابَبي ڧَوِّيࢽࢽَْعࣸوا,0.40789473684210525,1.0
ELIT_WAN_00130_019r_line_013,تمت بحمد الله وسࢽ عونه,تحد الله وح عو,0.4090909090909091,0.8
A_Person_with_a_Livelihood_Will_Never_Be_Destitute_Mai_Sanaa_Ba_Ya_Tsiya.pdf_page_8_line_001,(29) Hausa poetry,(له)Hussapotry,0.4117647058823529,0.6
A_Poem_on_Friends_and_Relations_Waƙar_Ƴan_Uwa.pdf_page_2_line_010,کَبِ مَالَمِي دࣸومِࢽْکَصادࣸ دَأرْزِڧِ کَڟَرٜٜي أمَاࢽَادَࢽْ کَڧَارࣸ دَيٜࢽْ عࣸوَا,دَبِࢽَالَمِي دࣸومِࢽْ کَمَادࣸدَاَرِّڧِ   کَغْدَدَ غࣸوَࢽَا دَيْکَڧَم تَيْبِࢽْ عࣸوَا,0.4177215189873418,0.8888888888888888
A_Poem_on_Friends_and_Relations_Waƙar_Ƴan_Uwa.pdf_page_2_line_011,حَڧِّ مَڧࣸوثِ يَا کَمَاتَ کَسَࢽْ دَشِي  دَغِدَ دَ غࣸوࢽَادَ يْࢽَ ثࣸوتَر يٜࢽْ عࣸوا,حَبِ مَالࣸوتࣸديطََادَکَسَ دَثِي  دَاغِدَادَغࣸوَࢽَدَࢽْي ࢽَڧاتَدَبࢽْ عࣸوَا,0.425,1.0
Infiraji_10.pdf_page_10_line_017,سَࢽَّࢽْ,لَلࢽَّࢽ,0.42857142857142855,1.0
The_Glorious_Majidu_Infiraji_1.pdf_page_16_line_007,عَلَى رَسࣸولِ اللَّهِ,على رسول اله,0.42857142857142855,1.0
ELIT_WAN_00130_001r_line_008,الکى التى سجَࢽ وزذکى الاسى يفول يالطڡ ڢى ما يتى مرة,الوالت سجروذک امابسى يفول يالطبڡ الطڢ ء مايتمةا,0.43137254901960786,0.9090909090909091
Infiraji_3.pdf_page_19_line_003,کڟَرٜيٰمࣸي دَمَاسࣸ غَابَا دَشِ,کَڟَرٜىٰمࣸ دَشِى دَمَاسࣸ غَابَا,0.43333333333333335,0.75
The_Glorious_Majidu_Infiraji_1.pdf_page_16_line_004,الحَمْدࣸ لِلَّهِ رَبِّ العَالَمِيࢽ,الحم لله رب المالميࢽ,0.4411764705882353,1.0
Celebrating_Cerno_Aliiyu_Ɓuuɓa_Ndiyaŋ_Waccugol_Cerno_Aliiyu_Ɓuuɓa_Ndiyaŋ.pdf_page_3_line_007,نَفَل هذا,نا هذا,0.4444444444444444,0.5
Infiraji_10.pdf_page_8_line_017,کَضࣸڢَامࣸ,صَضࣸڢَيِ,0.4444444444444444,1.0
ELIT_WAN_00130_019v_line_006,ولهم ءاميࢽ اللهم صلى على محمد,وءامباتالمى صل عى محد,0.4482758620689655,1.0
ELIT_ESS_04893_001r_line_001,بسم الله الر حمٰࢽ الرحيم,ابم الهه وح ح الرح,0.4583333333333333,1.0
ELIT_ESS_04893_001r_line_010,وࣸنداکࣸ دࣸنيَامࣸعْلࣸغࣸلْمࣸمْ ب عيْدٜنࢽ ڢَيْمِيࢽ مِمَاىَ مِوࣸڢْتَا,وࣸنداکࣸ دࣸنْيَامࣸمْعࣸغࣸلْمࣸمَ عَيْمِࢽْ جَيْمِيْࢽٜ مِلَبَّدࣸ جَامِمَاعَمِوࣸڢَّتَا,0.47692307692307695,0.8571428571428571
Infiraji_9.pdf_page_25_line_011,وَالمࣸسلِمَاتࣸ ءَامِيࢽْ,وَلِمَسْلَࢽِ ءَامِيمِ,0.4782608695652174,1.0
Infiraji_9.pdf_page_21_line_016,19,1,0.5,1.0
Infiraji_12.pdf_page_20_line_010,20,10,0.5,1.0
Infiraji_12.pdf_page_10_line_016,سَى اثٜى,سى اࢽي,0.5,1.0
MAF_286.pdf_page_4_line_017,سࣸکَ,سک,0.5,1.0
Infiraji_4.pdf_page_43_line_001,40,4,0.5,1.0
A_Person_with_a_Livelihood_Will_Never_Be_Destitute_Mai_Sanaa_Ba_Ya_Tsiya.pdf_page_6_line_020,ࢽى,ࢽ,0.5,1.0
ELIT_WAN_00130_014r_line_013,27,2,0.5,1.0
Infiraji_5.pdf_page_15_line_017,13,19,0.5,1.0
Infiraji_6.pdf_page_20_line_016,18,10,0.5,1.0
The_Glorious_Majidu_Infiraji_1.pdf_page_16_line_005,تَمَّتْ بِحَمْدِ اللَّهِ,تمت بحمدالله,0.5,1.0
Infiraji_11.pdf_page_15_line_008,بڧلم إبراهيم,بِعلم إارَاعِيم,0.5,1.0
Infiraji_4.pdf_page_41_line_001,38,3,0.5,1.0
Infiraji_12.pdf_page_19_line_016,19,17,0.5,1.0
ELIT_WAN_00130_006v_line_013,12,2,0.5,1.0
Infiraji_11.pdf_page_15_line_010,14,1,0.5,1.0
Infiraji_6.pdf_page_18_line_016,16,1,0.5,1.0
ELIT_WAN_00130_019v_line_002,اللهم اغڢرلناولجميع المسلميࢽ,کهم اعڢرلتولحع لسل,0.5,1.0
Infiraji_4.pdf_page_35_line_001,32,3,0.5,1.0
Infiraji_4.pdf_page_13_line_001,10,1,0.5,1.0
Infiraji_8.pdf_page_16_line_016,12,1,0.5,1.0
The_Human_Being_Is_an_Incurable_Disease_Mutum_Cuta_Ne_Marar_Magani.pdf_page_2_line_011,طبعة الأولى 1963,طبعة الا ول,0.5,0.6666666666666666
Infiraji_8.pdf_page_22_line_016,18,1,0.5,1.0
ELIT_WAN_00130_015r_line_013,29,2,0.5,1.0
Infiraji_9.pdf_page_24_line_015,22,2,0.5,1.0
Warning_Gargaɗi_Infiraji_2.pdf_page_16_line_016,15,13,0.5,1.0
Infiraji_6.pdf_page_16_line_016,14,1,0.5,1.0
Warning_Gargaɗi_Infiraji_2.pdf_page_13_line_017,12,1,0.5,1.0
ELIT_WAN_00130_012r_line_012,23,3,0.5,1.0
Infiraji_8.pdf_page_25_line_017,21,1,0.5,1.0
Infiraji_8.pdf_page_26_line_015,22,2,0.5,1.0
Infiraji_8.pdf_page_28_line_016,22,20,0.5,1.0
Nana_Asmāʾu_The_Absolute_Truth_1_Nana_Asmāʾu_Tabbat_Haqiqan_1.pdf_page_10_line_014,وسلم,ول,0.5,1.0
Infiraji_9.pdf_page_15_line_016,13,17,0.5,1.0
ELIT_WAN_00130_013r_line_015,25,2,0.5,1.0
Infiraji_8.pdf_page_24_line_016,20,10,0.5,1.0
Infiraji_3.pdf_page_15_line_016,13,17,0.5,1.0
Infiraji_8.pdf_page_17_line_017,13,1,0.5,1.0
Infiraji_5.pdf_page_16_line_016,14,17,0.5,1.0
Infiraji_12.pdf_page_12_line_017,12,1,0.5,1.0
Nana_Asmāʾu_The_Absolute_Truth_1_Nana_Asmāʾu_Tabbat_Haqiqan_1.pdf_page_5_line_016,15,13,0.5,1.0
Infiraji_6.pdf_page_23_line_018,21,1,0.5,1.0
Infiraji_9.pdf_page_22_line_015,20,2,0.5,1.0
The_Human_Being_Is_an_Incurable_Disease_Mutum_Cuta_Ne_Marar_Magani.pdf_page_9_line_001,Printed by,Pritd,0.5,1.0
A_Person_with_a_Livelihood_Will_Never_Be_Destitute_Mai_Sanaa_Ba_Ya_Tsiya.pdf_page_8_line_004,1388,108,0.5,1.0
Infiraji_3.pdf_page_20_line_016,18,12,0.5,1.0
Infiraji_12.pdf_page_12_line_016,ࢽٜىم,ࢽيم,0.5,1.0
MAF_286.pdf_page_20_line_038,تب,ب,0.5,1.0
Infiraji_4.pdf_page_36_line_001,33,13,0.5,1.0
Infiraji_4.pdf_page_37_line_001,34,3,0.5,1.0
Nana_Asmāʾu_Admonition_Nana_Asmāʾu_Waazi.pdf_page_1_line_015,21,1,0.5,1.0
Nana_Asmāʾu_The_Absolute_Truth_1_Nana_Asmāʾu_Tabbat_Haqiqan_1.pdf_page_4_line_017,14,10,0.5,1.0
Knowledge_to_Follow_God_Gandal_Fii_Rewugol_Alla.pdf_page_10_line_001,10,1,0.5,1.0
Infiraji_4.pdf_page_14_line_001,11,1,0.5,1.0
Infiraji_9.pdf_page_19_line_016,17,1,0.5,1.0
Nana_Asmāʾu_The_Absolute_Truth_1_Nana_Asmāʾu_Tabbat_Haqiqan_1.pdf_page_7_line_016,17,1,0.5,1.0
Infiraji_4.pdf_page_44_line_001,41,1,0.5,1.0
ELIT_WAN_00130_018r_line_012,35,3,0.5,1.0
Nana_Asmāʾu_The_Absolute_Truth_1_Nana_Asmāʾu_Tabbat_Haqiqan_1.pdf_page_8_line_017,18,1,0.5,1.0
Nana_Asmāʾu_The_Absolute_Truth_1_Nana_Asmāʾu_Tabbat_Haqiqan_1.pdf_page_6_line_017,16,17,0.5,1.0
Infiraji_9.pdf_page_14_line_015,12,16,0.5,1.0
Infiraji_8.pdf_page_15_line_017,11,1,0.5,1.0
Infiraji_9.pdf_page_13_line_016,11,1,0.5,1.0
A_Poem_on_Friends_and_Relations_Waƙar_Ƴan_Uwa.pdf_page_1_line_008,اࢽربࢽا ياياک وا کحࢽا مک  اࢽ ياحࢽه مک ديࢽذر غࢽ عࢽ عوا,إࢽرَبَّࢽَايَابَاکَ وَاکَحَࢽامَک اࢽْ يَاحَࢽَامک دَيࢽَذࢽ غࢽ عࢽ عوَا,0.5,0.8333333333333334
Warning_Gargaɗi_Infiraji_2.pdf_page_11_line_017,11,10,0.5,1.0
Infiraji_8.pdf_page_21_line_017,17,1,0.5,1.0
Infiraji_9.pdf_page_2_line_011,١٩٧٣1973,١٩٧٣,0.5,1.0
Infiraji_7.pdf_page_16_line_020,16,1,0.5,1.0
Warning_Gargaɗi_Infiraji_2.pdf_page_3_line_014,ييم کي,بييکي,0.5,1.0
Knowledge_to_Follow_God_Gandal_Fii_Rewugol_Alla.pdf_page_11_line_001,11,1,0.5,1.0
Infiraji_6.pdf_page_13_line_017,11,1,0.5,1.0
Infiraji_9.pdf_page_25_line_012,23,13,0.5,1.0
Infiraji_3.pdf_page_16_line_016,14,1,0.5,1.0
Infiraji_12.pdf_page_15_line_016,15,1,0.5,1.0
Infiraji_4.pdf_page_39_line_001,36,3,0.5,1.0
Infiraji_12.pdf_page_16_line_017,16,10,0.5,1.0
Infiraji_4.pdf_page_46_line_001,43,3,0.5,1.0
Infiraji_4.pdf_page_33_line_001,30,3,0.5,1.0
Infiraji_7.pdf_page_11_line_016,11,14,0.5,1.0
Nana_Asmāʾu_Admonition_Nana_Asmāʾu_Waazi.pdf_page_2_line_018,22,20,0.5,1.0
Infiraji_6.pdf_page_9_line_017,7َ,7,0.5,1.0
Infiraji_4.pdf_page_16_line_001,13,10,0.5,1.0
Nana_Asmāʾu_The_Absolute_Truth_1_Nana_Asmāʾu_Tabbat_Haqiqan_1.pdf_page_1_line_017,11,1,0.5,1.0
Infiraji_11.pdf_page_14_line_017,13,1,0.5,1.0
Infiraji_4.pdf_page_15_line_001,12,1,0.5,1.0
Infiraji_12.pdf_page_11_line_016,11,1,0.5,1.0
The_Glorious_Majidu_Infiraji_1.pdf_page_13_line_017,11,17,0.5,1.0
Infiraji_9.pdf_page_16_line_015,14,12,0.5,1.0
Infiraji_5.pdf_page_13_line_017,11,1,0.5,1.0
Infiraji_8.pdf_page_29_line_017,23,13,0.5,1.0
Infiraji_4.pdf_page_38_line_001,35,3,0.5,1.0
Infiraji_3.pdf_page_17_line_017,15,13,0.5,1.0
Infiraji_4.pdf_page_42_line_001,39,3,0.5,1.0
Infiraji_8.pdf_page_18_line_016,14,10,0.5,1.0
A_Poem_on_Adultery_Waƙar_Zina.pdf_page_1_line_022,مِجࢽَࢽْ مَاتَاشِکࢽ مِى ڧِيَامَا    دَشيڢ دَمَات دسࣸࢽْکَى زࢽَا,مࣸتَاࢽِࢽْ ࢽَمَاتَارَسِ کَࢽْ مِي ڧَيَامِ   دࣸشِيڧي تَمَاتدࢽٜى زࢽزِ,0.5081967213114754,1.0
ELIT_WAN_00130_001v_line_017,ڢال تعلىٰ مࢽ مضعى ا,ڧااتعلى م ا,0.5263157894736842,0.8
ELIT_WAN_00130_013r_line_005,وَذࣸواعْوِلاَتَخْڢَ ڢَصَاحِبࣸهَا مع الشريعة لاينڢک روجل,اذوالللالهح اتخڢ ڢصمحبما  مع الشىيڢعة لا بنيڢک و وجل,0.5272727272727272,1.3333333333333333
Nana_Asmāʾu_The_Authentic_Path_Nana_Asmāʾu_Godaben_Gaskiya.pdf_page_3_line_002,کسࢽڢ ادࢽ تاکٜوت الديࢽ شکٜوتࣸ   دࣸکْ غٜرىمغاللهْ يَرعࣸوَااِࢽجِ احْمَدَا,کࣸسَࢽْڢَ إِدَࢽْ تَاکٜيوْتࣸ الَدِّيࢽْ شِکٜيٰوتࣸ  دࣸکْ غَرٜيٰمࣸ غَاللَّهْ يَࢽْ عࣸوَا إِࢽْجِ أَحْمَدَا,0.5285714285714286,1.2222222222222223
Infiraji_3.pdf_page_5_line_004,غَاشِ ڟࣸوࢽْثٜىٰ ثِکِࢽْ ڧَرَمْشِى ثِى دَشا,غَاشِ کࣸوࢽْثٜيٰ ثِکِرْڧَرَمْشِي  ثِي دَشَابَلى ڢَبَرْثِى,0.5365853658536586,0.8333333333333334
Infiraji_9.pdf_page_1_line_009,لسَبَبِ حکࣸمِ الدّࣸࢽْيَا,ِِلِسَبَبحࣸطَايِ اِذࣸࢽْبَا,0.5416666666666666,1.0
A_Poem_on_Adultery_Waƙar_Zina.pdf_page_1_line_024,ڢَمࣸࢽْرࣸوکِ الله تعالى کَرِيمࣸ    شڢِشٜى م طَارمࣸتاࢽى زِࢽَا,ڢَمَࢽرودَڢࢽمِ ِرَدلي کَرِيمࣸ  شڢشٜى مِي َريتَاکَي ررࢽ,0.5423728813559322,0.875
Nana_Asmāʾu_The_Authentic_Path_Nana_Asmāʾu_Godaben_Gaskiya.pdf_page_2_line_012,کَذَاکَدَاَلَّيْࢽَىْ دَصَحْبࣸ دَتَبِعِ   دَتَابِعِ تَابِع,کَذَاکَ دَاَلَّيْࢽَيْ دَصَحْبࣸ دَتَابِعِ   دَتَابِعِ تَابِعِ دࣸکْ غَتࣸرْبَرْ مࣸحَمَّدَا,0.543859649122807,1.4
A_Person_with_a_Livelihood_Will_Never_Be_Destitute_Mai_Sanaa_Ba_Ya_Tsiya.pdf_page_8_line_003,Mai Sana'a ba ya Tsiya,M aلaaaa 'abaaaTsyy,0.5454545454545454,1.0
ELIT_WAN_00130_019v_line_007,وعلىٰءال محمد وسلم,وعلىممب وب,0.5555555555555556,1.0
Infiraji_4.pdf_page_30_line_003,کَدَکَيْ ࢽࣸوْامَ بَکَيْ جِرَابَا,کَودَوکَيْ شَبَادَابََ,0.5625,1.0
ELIT_WAN_00130_007v_line_010,کذاالبداية لا تخڢى استحالتها ؞ اذتف,کذاالبداية لاتخ ڢى استحالتها ؞ اذتفتض النڢى لک غيمشتل,0.5714285714285714,1.0
A_Letter_to_Malam_Ƙalarawi_Wasiƙa_zuwa_ga_Malam_Lawan_Ƙalarawi.pdf_page_1_line_015,صَوَابَ بِسْمِ اِللهِ,صوابل الله,0.5714285714285714,1.0
Nana_Asmāʾu_The_Authentic_Path_Nana_Asmāʾu_Godaben_Gaskiya.pdf_page_10_line_014,وسَلَّم,وسله,0.5714285714285714,1.0
The_Human_Being_Is_an_Incurable_Disease_Mutum_Cuta_Ne_Marar_Magani.pdf_page_9_line_003,"26 Niger Road, Phone 3348 Kano,","(6eNee de ne 33K,",0.5806451612903226,0.875
Celebrating_Cerno_Aliiyu_Ɓuuɓa_Ndiyaŋ_Waccugol_Cerno_Aliiyu_Ɓuuɓa_Ndiyaŋ.pdf_page_3_line_008,شيخ سلماࢽ بر,شسلࢽب,0.5833333333333334,1.0
A_Poem_on_Friends_and_Relations_Waƙar_Ƴan_Uwa.pdf_page_1_line_003,ࢽَاࣸرِࣸوڧِ اَللهْ تيمکو دمواڢڧا دࢽسر يوا ڧاتا غزثࢽ يࢽ عوا,ࢽَارࣸوڧِ اللَّهْ تَيمَکودَمࣸوڢَڧَا   ذ ࢽشِࢽيَوَاڧاتَاغذَࢽثِي بࢽْ عࣸوَا,0.5964912280701754,1.0
Infiraji_9.pdf_page_11_line_015,غلبي دࢽڢکي,غَلَبِي دَتࣸڢکي,0.6,1.0
The_Human_Being_Is_an_Incurable_Disease_Mutum_Cuta_Ne_Marar_Magani.pdf_page_10_line_001,Printed by,Pitdd,0.6,1.0
ELIT_WAN_00130_001v_line_012,يود>ويٜکمل,بودريک,0.6,1.0
ELIT_WAN_00130_001v_line_020,النعم,اع,0.6,1.0
Nana_Asmāʾu_The_Authentic_Path_Nana_Asmāʾu_Godaben_Gaskiya.pdf_page_1_line_002,وَاڧَرْ ࢽَاࢽَ طِيَرْ شي,واڧرࢽاࢽ طي شيى عما,0.6086956521739131,1.0
Infiraji_11.pdf_page_10_line_016,عٜࢽْ اوا,مࢽاو,0.625,1.0
Nana_Asmāʾu_The_Authentic_Path_Nana_Asmāʾu_Godaben_Gaskiya.pdf_page_10_line_010,تمت بحمدالله وحسࢽ عوࢽه,بحاله و حي,0.6363636363636364,1.0
ELIT_WAN_00130_019v_line_009,حمْل ست وعشروࢽ,صلت وعل,0.6428571428571429,1.0
ELIT_WAN_00130_019v_line_010,وڢرهب تسعة عشر,ڢل حب عش,0.6428571428571429,1.0
A_Poem_on_Adultery_Waƙar_Zina.pdf_page_1_line_031,بسم الله الرحمٰࢽ الرحيم,بل الرحي,0.6521739130434783,1.0
Infiraji_4.pdf_page_7_line_013,أَکَبَاشِ رِڧࣸࢽْمࣸ رِڧيٰبَا,امَدَشَوَࢽَبَرَيبَا,0.6666666666666666,1.0
ELIT_WAN_00130_007v_line_012,ڢصل,ص,0.6666666666666666,1.0
ELIT_WAN_00130_009v_line_008,اي العبد؞,ا ا,0.6666666666666666,1.0
Infiraji_8.pdf_page_9_line_007,ماسࣸ کࣸوارَا وَرْدَذَاڢِي    ذَا،َ کࣸواْ ࢽَ مَاسࣸ لَيْڢِي,إَسَکَومَودَࢽدََْڢَ  غَدَمَڧَشَمَࢽَڢِ,0.6666666666666666,1.0
MAF_286.pdf_page_20_line_035,لما,ا,0.6666666666666666,1.0
ELIT_WAN_00130_001r_line_002,الجمعه وذسحرلملک ورغفراه شعروحورمبيࢽ,الجله ومرملکودف,0.6666666666666666,1.0
ELIT_WAN_00130_015v_line_013,بعࢽ,ب,0.6666666666666666,1.0
ELIT_WAN_00130_019v_line_011,وبلْج احدى وات هيࢽ,واحد اع,0.6666666666666666,1.0
ELIT_WAN_00130_014r_line_006,بَل,ب,0.6666666666666666,1.0
ELIT_WAN_00130_001v_line_019,الى ا د اءسکرتا,ال کر,0.6666666666666666,1.0
Infiraji_11.pdf_page_6_line_007,سَيْ يَتَاشِ يَجَي سࣸغَيْسَا دࣸوࢽْ ثِکَکَّࢽْ هَࢽْکَلِࢽْسَا,شِى تَوَاضِاࣸ ࢽٜى مَلِࢽْسَا  إِࢽْ يَهَࢽْغَ مࣸتࣸمْ أَࢽِىدَا,0.6724137931034483,1.1428571428571428
A_Person_with_a_Livelihood_Will_Never_Be_Destitute_Mai_Sanaa_Ba_Ya_Tsiya.pdf_page_1_line_006,ڧَالَ عَلَيْهِ اِلصَّلاَت وَالسَّلاَمࣸ إِࢽَّ مِࢽَ الشِّعْرِ لَحِکْمَةِِ,بَࢽلََ  لَ  لَ لَ لَ لَ َلَ َلَ َلَللَلَ,0.676056338028169,1.125
The_Human_Being_Is_an_Incurable_Disease_Mutum_Cuta_Ne_Marar_Magani.pdf_page_10_line_003,"26 Niger Road, Phone 3348 Kano,",26Nd Pd Pe tdK,0.6774193548387096,1.0
ELIT_WAN_00130_019v_line_005,وباتع بيننا و بينهم,ولحاباع بالى محم,0.6842105263157895,1.0
ELIT_WAN_00130_010r_line_003,اي م اجل اࢽ کلام,ا ام اج,0.6875,1.0
ELIT_WAN_00130_019v_line_008,الَّتى کاتبه م,اࢽ صاب,0.7142857142857143,1.0
MAF_286.pdf_page_20_line_042,اࢽي کتب,اب,0.7142857142857143,1.0
Infiraji_11.pdf_page_6_line_006,شِي تَوَاضِعࣸ ࢽٜىٰ هَلِࢽْسَ إِࢽْ يَهَࢽْغِ مࣸتࣸمْ أَࢽٜـيٰـسَا,بَشِکَࢽْ إِ مࣸتࣸمْ أَکَࢽْ رَشِيبَا,0.7166666666666667,1.0
A_Person_with_a_Livelihood_Will_Never_Be_Destitute_Mai_Sanaa_Ba_Ya_Tsiya.pdf_page_1_line_007,إِࢽْظࣸرْ ڢَهَذِهِ صَࢽَا عَةࣸ الْمࣸوَلِڢࣸإِࢽْ شَاءاَللَّهࣸ الْکَرِِيمِ,إَࢽ َ  لَ لَ لَ َ لَلَلَللَِ,0.7246376811594203,1.0
MAF_286.pdf_page_20_line_053,ڧراو,ا,0.75,1.0
MAF_286.pdf_page_20_line_043,هذاا,ا,0.75,1.0
ELIT_WAN_00130_001v_line_010,فضاءَشکرها واداءحفها ؞ اءالْنغمتاْشاْکْر,ام باذا ءالم الب بيدب,0.75,1.25
Infiraji_4.pdf_page_43_line_009,شِکٜيٰ کࣸوْاْشِيمَابَذَيْ إِيَابَا,شَࢽࢽْ بَوََسَى يَࢽَ أࢽلࢽَا,0.7647058823529411,1.3333333333333333
A_Poem_on_Friends_and_Relations_Waƙar_Ƴan_Uwa.pdf_page_1_line_007,ٍاࢽدک صلا سيکجي کيالولا  ککلا دجمع دࢽکڧاروا,إࢽْذَکَ صَّلا سَيْکَجٜي کَيالوَلا   ککلا دَجَمْع دَࢽکَغَاࢽ دَࢳࢽْ عࣸوَا,0.7674418604651163,1.1428571428571428
ELIT_WAN_00130_009v_line_016,ثم الکلام,2ال,0.7777777777777778,1.0
MAF_286.pdf_page_20_line_033,يدالمکاتب,ا ب,0.7777777777777778,2.0
Infiraji_9.pdf_page_23_line_015,کدمتا,صدلࢽ,0.8,1.0
MAF_286.pdf_page_20_line_044,لکتاب,ا,0.8,1.0
ELIT_WAN_00130_010v_line_015,ان لا,ا,0.8,1.0
ELIT_WAN_00130_009v_line_006,ا>صڢة,ا,0.8,0.6666666666666666
A_Poem_on_the_British_Waƙar_Nasara.pdf_page_1_line_023,ڧل هو الله,تل ص,0.8,1.0
Nana_Asmāʾu_The_Authentic_Path_Nana_Asmāʾu_Godaben_Gaskiya.pdf_page_3_line_001,مکوت ڢصلاواجبيتاغرىم دک   ذماات اکردک عبادغامحمدا,مࣸکٜيوتَ ڢَصَلّا وَاجِبِيتَاغَرٜيمࣸ دࣸکْ  ذَمَاإِتَ اَکَّࢽْ دࣸکْ عِبَادَاغَاحْمَدَا,0.8163265306122449,1.3333333333333333
MAF_286.pdf_page_20_line_040,المشهو,ا,0.8333333333333334,1.0
MAF_286.pdf_page_20_line_057,العࢽام,ا,0.8333333333333334,1.0
MAF_286.pdf_page_20_line_028,رءاڢسا,ا,0.8333333333333334,1.0
MAF_286.pdf_page_20_line_041,رباࢽوا,ا,0.8333333333333334,1.0
MAF_286.pdf_page_20_line_034,اعمى ولوکاࢽ عا,الل,0.8571428571428571,1.0
MAF_286.pdf_page_20_line_046,احمد هو,ا,0.8571428571428571,1.0
MAF_286.pdf_page_20_line_061,على تمام,ا,0.875,1.0
A_Poem_on_the_British_Waƙar_Nasara.pdf_page_1_line_025,بحمد لله,ب,0.875,1.0
MAF_286.pdf_page_20_line_027,الخط وال,اک,0.875,1.0
MAF_286.pdf_page_20_line_059,بحمدالله,ب,0.875,1.0
ELIT_WAN_00130_005r_line_001,ڢَلَيْسَ,ڢ,0.875,1.0
ELIT_WAN_00130_009v_line_013,اه الصويب,ا,0.8888888888888888,1.0
A_Poem_on_the_British_Waƙar_Nasara.pdf_page_1_line_024,بسلام تمت,ب,0.8888888888888888,1.0
MAF_286.pdf_page_20_line_060,الحمد لله,ا,0.8888888888888888,1.0
A_Poem_in_Honor_of_the_Emir_of_Kano_Waƙar_Sarkin_Kano.pdf_page_1_line_014,عبد الوهاب,ب,0.9,1.0
ELIT_WAN_00130_001v_line_005,السم العکبر,ا,0.9090909090909091,1.0
MAF_286.pdf_page_20_line_049,بربامرالدࢽيا,ا,0.9166666666666666,1.0
Warning_Gargaɗi_Infiraji_2.pdf_page_17_line_017,تمت بحمد لله,ذَوَࢽل,0.9166666666666666,1.0
ELIT_WAN_00130_019r_line_014,والصلى والسلم,و,0.9230769230769231,1.0
Infiraji_11.pdf_page_3_line_011,وَࢽْدَيَاڢِ رࣸوَࢽْ ذࣸمَاأَغࣸمْبَا,وا,0.9393939393939394,1.0
ELIT_WAN_00130_019v_line_012,وَجفلْب ثط ثة عننى,و,0.9444444444444444,1.0
MAF_286.pdf_page_20_line_025,بعدکاتبه يࢽجوا مࢽ الࢽار,ب,0.9565217391304348,1.0
ELIT_WAN_00130_016v_line_001,لفول امبى اصحا ع کالنجوم,ا,0.9583333333333334,1.0
MAF_286.pdf_page_20_line_023,بعد کاتبه يࢽجوا مࢽ الࢽار,ب,0.9583333333333334,1.0
The_Human_Being_Is_an_Incurable_Disease_Mutum_Cuta_Ne_Marar_Magani.pdf_page_5_line_001,٣,7,1.0,1.0
Infiraji_10.pdf_page_4_line_018,3,9,1.0,1.0
Infiraji_9.pdf_page_11_line_016,9,6,1.0,1.0
ELIT_WAN_00130_008r_line_012,15,3,1.0,1.0
ELIT_WAN_00130_010r_line_014,19,2,1.0,1.0
Infiraji_8.pdf_page_6_line_016,4,2,1.0,1.0
ELIT_WAN_00130_006v_line_012,ڢصل,ا,1.0,1.0
ELIT_WAN_00130_011v_line_012,نعم,4,1.0,1.0
MAF_286.pdf_page_20_line_045,لمعلم,ب,1.0,1.0
MAF_286.pdf_page_20_line_054,ليس,ا,1.0,1.0
ELIT_WAN_00130_017v_line_013,34,40,1.0,1.0
Infiraji_10.pdf_page_4_line_001,3,9,1.0,1.0
ELIT_WAN_00130_013v_line_013,26,4,1.0,1.0
Nana_Asmāʾu_The_Authentic_Path_Nana_Asmāʾu_Godaben_Gaskiya.pdf_page_3_line_017,3,9,1.0,1.0
Infiraji_3.pdf_page_7_line_017,5,2,1.0,1.0
Infiraji_5.pdf_page_19_line_017,١٦,17,1.0,1.0
Infiraji_12.pdf_page_2_line_016,2,6,1.0,1.0
Knowledge_to_Follow_God_Gandal_Fii_Rewugol_Alla.pdf_page_5_line_001,5,3,1.0,1.0
ELIT_WAN_00130_007r_line_012,13,2,1.0,1.0
Infiraji_4.pdf_page_11_line_001,8,2,1.0,1.0
Infiraji_8.pdf_page_7_line_017,5,6,1.0,1.0
Infiraji_4.pdf_page_30_line_001,27,3,1.0,1.0
Infiraji_8.pdf_page_5_line_017,3,6,1.0,1.0
Infiraji_11.pdf_page_4_line_017,3,7,1.0,1.0
The_Human_Being_Is_an_Incurable_Disease_Mutum_Cuta_Ne_Marar_Magani.pdf_page_6_line_001,٤,2,1.0,1.0
Warning_Gargaɗi_Infiraji_2.pdf_page_9_line_017,8,6,1.0,1.0
A_Letter_to_Malam_Ƙalarawi_Wasiƙa_zuwa_ga_Malam_Lawan_Ƙalarawi.pdf_page_1_line_001,#718,١,1.0,1.0
Infiraji_9.pdf_page_3_line_015,1,7,1.0,1.0
Infiraji_8.pdf_page_4_line_016,2,7,1.0,1.0
Infiraji_10.pdf_page_7_line_001,6,1,1.0,1.0
Infiraji_6.pdf_page_6_line_016,4,7,1.0,1.0
ELIT_WAN_00130_005v_line_012,10,2,1.0,1.0
Infiraji_4.pdf_page_10_line_001,7,3,1.0,1.0
ELIT_WAN_00130_016v_line_015,32,20,1.0,1.0
ELIT_WAN_00130_006r_line_013,11,4,1.0,1.0
Infiraji_10.pdf_page_2_line_001,1,6,1.0,1.0
MAF_286.pdf_page_20_line_051,ڢاهم,ب,1.0,1.0
ELIT_WAN_00130_019r_line_015,37,2,1.0,1.0
Infiraji_7.pdf_page_2_line_015,2,7,1.0,1.0
ELIT_WAN_00130_017v_line_012,وهبࣸک,ا,1.0,1.0
Infiraji_4.pdf_page_28_line_001,25,3,1.0,1.0
MAF_286.pdf_page_20_line_047,رجل صحيح,ا,1.0,1.0
Infiraji_4.pdf_page_12_line_001,9,4,1.0,1.0
Knowledge_to_Follow_God_Gandal_Fii_Rewugol_Alla.pdf_page_2_line_018,2,3,1.0,1.0
The_Human_Being_Is_an_Incurable_Disease_Mutum_Cuta_Ne_Marar_Magani.pdf_page_3_line_018,ا,1,1.0,1.0
The_Human_Being_Is_an_Incurable_Disease_Mutum_Cuta_Ne_Marar_Magani.pdf_page_8_line_018,6,5,1.0,1.0
MAF_286.pdf_page_20_line_058,إࢽي حمده,ا,1.0,1.0
MAF_286.pdf_page_13_line_018,کَدَ,1,1.0,1.0
Infiraji_5.pdf_page_7_line_017,5,2,1.0,1.0
ELIT_WAN_00130_013v_line_012,باࢽ,ن,1.0,1.0
The_Glorious_Majidu_Infiraji_1.pdf_page_5_line_017,3,9,1.0,1.0
ELIT_WAN_00130_010r_line_004,مڢت لعوم بى,ا,1.0,1.0
ELIT_WAN_00130_004v_line_013,8,2,1.0,1.0
ELIT_WAN_00130_005r_line_013,9,2,1.0,1.0
Infiraji_12.pdf_page_4_line_017,4,6,1.0,1.0
Nana_Asmāʾu_The_Authentic_Path_Nana_Asmāʾu_Godaben_Gaskiya.pdf_page_4_line_017,4,2,1.0,1.0
Infiraji_7.pdf_page_3_line_016,3,2,1.0,1.0
The_Glorious_Majidu_Infiraji_1.pdf_page_10_line_016,8,6,1.0,1.0
ELIT_WAN_00130_009r_line_012,17,2,1.0,1.0
Infiraji_10.pdf_page_9_line_013,8,2,1.0,1.0
Infiraji_4.pdf_page_47_line_001,44,20,1.0,1.0
Infiraji_4.pdf_page_45_line_001,42,7,1.0,1.0
The_Human_Being_Is_an_Incurable_Disease_Mutum_Cuta_Ne_Marar_Magani.pdf_page_4_line_001,٢,2,1.0,1.0
Infiraji_7.pdf_page_16_line_016,تمت بحَمدلله,او,1.0,1.0
ELIT_WAN_00130_009v_line_017,18,20,1.0,1.0
Infiraji_5.pdf_page_4_line_016,1,7,1.0,1.0
Infiraji_11.pdf_page_2_line_016,1,7,1.0,1.0
Infiraji_12.pdf_page_3_line_016,3,6,1.0,1.0
ELIT_WAN_00130_012v_line_012,اࢽ الکࢽ,1,1.0,1.0
ELIT_WAN_00130_004r_line_012,7,2,1.0,1.0
Infiraji_10.pdf_page_9_line_001,8,6,1.0,1.0
Infiraji_12.pdf_page_5_line_015,5,6,1.0,1.0
Infiraji_10.pdf_page_3_line_001,2,6,1.0,1.0
Knowledge_to_Follow_God_Gandal_Fii_Rewugol_Alla.pdf_page_7_line_001,7,4,1.0,1.0
MAF_286.pdf_page_20_line_056,لي کࢽدلي عࢽد,ب,1.0,1.0
A_Poem_in_Honor_of_the_Emir_of_Kano_Waƙar_Sarkin_Kano.pdf_page_1_line_015,ءادم مࣸلاکٜيٰ,ب,1.0,1.0
Warning_Gargaɗi_Infiraji_2.pdf_page_17_line_019,غࣸسَوْ,ب,1.0,1.0
Infiraji_12.pdf_page_8_line_017,8,6,1.0,1.0
Infiraji_8.pdf_page_27_line_017,23,1,1.0,1.0
ELIT_WAN_00130_016v_line_002,ڢباهم افتديم العتايتم,و,1.0,1.0
Infiraji_6.pdf_page_23_line_020,,7,1.0,1.0
Infiraji_7.pdf_page_16_line_018,غࣸسَوْ,2,1.0,1.0
ELIT_WAN_00130_015v_line_014,30,2,1.0,1.0
MAF_286.pdf_page_20_line_062,وشکر,ا,1.0,1.0
ELIT_WAN_00130_018v_line_012,36,10,1.0,1.0
Infiraji_9.pdf_page_17_line_015,مࢽج,ام,1.0,1.0
Infiraji_9.pdf_page_6_line_015,4,7,1.0,1.0
Infiraji_4.pdf_page_8_line_001,5,2,1.0,1.0
Infiraji_10.pdf_page_3_line_017,2,7,1.0,1.0
The_Glorious_Majidu_Infiraji_1.pdf_page_7_line_017,5,6,1.0,1.0
Knowledge_to_Follow_God_Gandal_Fii_Rewugol_Alla.pdf_page_9_line_001,9,3,1.0,1.0
Infiraji_5.pdf_page_6_line_016,4,2,1.0,1.0
Infiraji_6.pdf_page_23_line_019,,3,1.0,1.0
MAF_286.pdf_page_20_line_050,حڧيروهوحڧير وهو,ڢا,1.0,1.0
ELIT_WAN_00130_007v_line_013,14,2,1.0,1.0
Infiraji_8.pdf_page_9_line_017,5,6,1.0,1.0
Infiraji_11.pdf_page_3_line_016,2,6,1.0,1.0
Infiraji_5.pdf_page_10_line_016,8,7,1.0,1.0
The_Glorious_Majidu_Infiraji_1.pdf_page_6_line_016,4,7,1.0,1.0
Infiraji_6.pdf_page_4_line_016,2,6,1.0,1.0
Infiraji_6.pdf_page_11_line_017,9,2,1.0,1.0
The_Human_Being_Is_an_Incurable_Disease_Mutum_Cuta_Ne_Marar_Magani.pdf_page_1_line_008,ڧام بطبعها وࢽشرها ࢽا,ڧام بطبڢهاوࢽشرهاࢽا ظمهااحمدالجاࢽي تکر,1.05,0.75
Infiraji_11.pdf_page_6_line_005,بَشِکَࢽْ ڧِ مࣸتࣸمْ أَکَࢽْ رَشِيبَا,کَامِلي أبَرِࢽْ عَدَاوَا   ذࣸوثِيَاتَسَ بَاصَغَارَا,1.088235294117647,1.0
Warning_Gargaɗi_Infiraji_2.pdf_page_7_line_016,شيڢ,سࢽبه,1.3333333333333333,1.0
Infiraji_11.pdf_page_6_line_008,دࣸوبَࢽْشِ دَکَيْ بَشِى يوَابَا,سَىْ يَتَاشِ بَجٜيٰ سࣸغَيْسَا  دࣸوࢽْ ثِکَکىࢽ هَࢽْکَلِࢽْسَا,1.4333333333333333,1.75
