GroundTruth,Prediction
أرْزِڧِࢽْمࣸ بِسَاسَعَادَا    کَى ࢽࣸڢِࢽْ کَلْمَرْشَهَادَا,أَرْزِڧِࢽْمࣸ بِسَاسَعَادَا کَيْ ࢽِڢِࢽْ کَلْمَرْشَهَادَا
غَتࣸوذࣸوࢽْ ڢࣸطࣸأَزࣸمِي ڢَحَجِّ ࢽَکَوْبِيَتْ    ࢽَشِدَّ ڢَأَلْوَضَّا تَحَيَّرْ مࣸحَمَّدَا,غَتࣸوذࣸوࢽْ ڢࣸطࣸأَزࣸمِي ڢَحَجِّ ࢽَکَوْبِيَتْ  ࢽَشِدَّڢَاَلْوَضَّاتَحَيَّرْ مࣸحَمَّدَا
ࢽى,ࢽ
کيواْبَيْغَ ڧَسَࢽْدَزَيْ تَبَابَا,کࣸواْبَيْغَ ڧَسَࢽْدَزَيْ تَبَابَا
وَطَࢽْسࣸ ذࣸڢَايَاکَيْ غَبَاکِي شِࢽَاغࣸدࣸو     ڢَتَيْمࣸسࣸ لزَّامٜيٰ ࢽَصَابࣸࢽْ مࣸحَمَّدَا,وَطَࢽْسَ ذࣸڢَايَاکَيْ غَبَاکِي شِࢽَاغࣸدࣸو   ڢَتَيْمࣸسࣸ لِزَّامٜيٰ ࢽَصَابࣸࢽْ مࣸحَمَّدَا
لِمَࢽْ ڢࣸدِرَعَلَيْهِ وࣸنَنْدٜعࣸوْحَنَّتَاطࣽ وَالاِسْلاَمࣸ,لِمَࢽْ فࣸدِرَعَلَيْهِ وࣸنَنْدٜعࣽوْحَنَّتَاطࣽ وَالاِسْلاَمࣸ
يَاىِ کٜىٰوَرْکَࢽْ شِبَرْشِ    حَࢽّࣸ مَىْ لࣸغࣸدٜىٰ دَمَاشِ,يَايِ کٜىٰوَرْکَرْشِبَرْشِ  سَࢽّࣸ مَىْ لࣸڧࣸدٜىٰ دَمَاشِ
يَايِى بࢽ کࣸوْوَࢽِࢽْسࣸ   سَيْ أکَࢽْ کَاشٜىٰ أَکَيْسࣸ,يَايِي بَࢽْ کࣸوْوَࢽِࢽْسࣸ سَيْ أَکَࢽْ کَاشٜيٰ أَکَيْسࣸ
عمرࢽ,عمرࢽ
سَىْ ࢽَاسࣸ کَکٜىٰ بِطَادَذَمْبَا,سَيْ ࢽَاسࣸ کَکٜيٰ بِطَادَذَمْبَا
ڢکيڢ يحڢى وجود الله ياعجبا ؞ لجا هد مࢽ ظلام الکڢرت ظلل,ڢکيڢ يخڢى وجودالله ياعجيا ؞ لجاهدمࢽ ظلام الکڢرت ظلل
إࢽْبَازࣸرِيَرْدَسࣸࢽْ بَرِيْبَا,إِࢽْبَازࣸرِيَزِدَسَࢽْ بَرِيبَا
غࣸومَ طَيْ ࢽٜيٰ ذَاسࣸ ࢽࣸوࢽَا   سَيسࣸ ݒࣸويٜيٰ تَرَرْدَڧَوࢽَا,غࣸومَ طَيْ ࢽٜيٰ ذَاسࣸ ࢽࣸوࢽَا  سَيْسࣸ بࣸويٜيٰ تَرَرْدَڧَوْࢽَا
سَيْ حِسَابِࢽْ تَارࣸوَࢽْتَا   کࣸوادَڧٰࣸواثٜيٰ کࣸوْادَسَاتَا,سَيْ حِسَابِࢽْ تَارࣸوَࢽْتَا کࣸوْادَڧࣸواْثٜيٰ کࣸوْادَسَاتَا
هَرْثِکِࢽْ رࣸوَࢽٜٜىٰ تَبِيشِ بَىْ هَيٰٜبَ تَمَاڧَرٜىٰشِ,هَرْثِکِࢽْ رࣸوَࢽٜيٰ تَبِيشِ  بَىْ هَيٜيٰبَ تَمَاڧَرٜىٰشِ
٢٢  شِي تَوَاضِعࣸ ࢽبى هَلِࢽْسَ   إِࢽْ يَهَࢽْغَ أَبْࢽَــسَا,١٤شِي تَوَاضِعࣸ ࢽٜى هَلِࢽْسَا   إِࢽْ يَهَࢽْغِ مࣸتࣸمْ أَبٜيٰسَا
مَکَ کࣸوْاْ مَيْ بَادَشَاوَرَابَا,مَکَ کࣸوْاْمَيْ بَادَشَاوَرَابَا
کذَا کَ دَاَلْوَضَا دَوَࢽْکَࢽْ جَࢽَابَ دࣸکْ    دَڟَرْکِࢽْ کَرِي دࣸکْ وَاجِبِيࢽَا غَأَحْمَدَا,کَذَاکَ دَاَلْوَضَّادَوَࢽْکَࢽْ جَࢽَابَ دࣸکْ  دَڟَرْکِࢽْ کَرِي دࣸکْ وَاجِيِيࢽَاغَأَحْمَدَا
دࣸࢽْ مَڢِي کَيْاوࣸࢽْ طَبِيعَا    اَلࢽَّبَاوَامَاسࣸ طَاعَا,دࣸࢽْ مَڢِي کَيْاوࣸࢽْ طَبِيعَا  اَلࢽَّبَاوَامَاسࣸ طَاعَا
عٜسَلْمِنَاڡࣽ وَالسَّلاَمࣸ عٜسَلْمِنْدٜوَسࣸنَنࣸهَا,عٜسَلْمِنَاڡࣽ وَالسَّلاَمࣸ عٜسَلْمِنْدٜوَسࣸنَنࣸهَا
مَطࣸجࣸولَ جࣸولْدٜعٜغَمْطࣸ مٜيطٜࢽْ برْطࣸڢࣸيْ نذࣸيْطࣸ يٜمْࢽٜ يࣸڢَاتࣸ لاَمْطࣸ مࣸمَايَتَا,مَطࣸجࣸوْلَ جࣸولْدٜعٜفَنْطࣸ مٜيطٜنْبࣸرْطࣸڢࣸهْ لذࣸيْطࣸ يٜمْبٜ يࣸڢَاتࣸ لاَمْطࣸ مࣸمَايَبَّا
دࣸࢽْ يَسَادࣸدَاَلْجَمَرْکَ    سَىْ يَکَࢽْ جٜىٰ بَابࣸ حَرْکَ,دࣸࢽْ يَسَادࣸدَاَلْجَمَرْکَ  سَيْ يَکَࢽْ جٜيٰ بَابࣸ حَرْکَ
ڧِي دَسࣸࢽْسࣸ أَکَࢽْ شَڧَاوَا   سࣸࢽْ بَثٜيٰ دࣸو،ِࢽْ طَغَاوَا,ڧِي دَسࣸࢽْسࣸ أَکَࢽْ شَڧَاوَا  سࣸࢽْ بَثٜيٰ دࣸومِࢽْ طَغَاوَا
مَاسࣸ جِࢽْيَاࢽَاتَکࣸوکَا غَامࣸتࣸم يَاکَاسَ حَرْکَا,مَاسࣸ جِࢽْيَاࢽَاتَکࣸوکَا غَامࣸتࣸم يَاکَاسَ حَرْکَا
يࣸوَامَࢽْثِي غِيࢽْ اَدَمْ يَادَذَمْبَا   ذَمْکَجِࢽْڧَࢽْوࣸ کࣸوکࣸسَمْ غࣸوبٜي رِيبَا,يࣸواَمَࢽْثِي غِيࢽْ اَدَمْ يَادَذَمْبَا   ذَمْکَجِࢽْڧَࢽْسࣸ کࣸوکࣸسَمْ غࣸوبٜي رِيبَا
لا رالا يماࢽ تصد يڡ حفيفتى ؞ وفدافى وابلڢظ غير محتمل,لاࢽ الايماࢽ تصديڡ حفيفته ؞ وفدافر وابلڢط غير محتمل
دَحَطِࢽْ سَبَبِي دَڧࣸلَّ غَابَا,دَحَطِࢽْ سَبَبِي دَڧࣸلَّ غَابَا
إِࢽْکࣸࢽْ ڧِي ذَࢽْثٜيٰࢽَا بَکࣸتࣸوبَبَا  مࣸتࣸوَاࢽَذࣸومَکࣸ کࣸوشَادَࢽْدَڧَ,إِࢽْ کࣸࢽْ ڧِي ذَࢽْثٜيٰࢽَابَکࣸتࣸوبَبَا   مࣸتࣸوَاࢽَذࣸومَکࣸ کࣸوشَادَࢽْدَيَ
إِࢽْتَذࣸوْأَࢽْدَيْࢽَ يَاوࣸواْ طَࢽْ ڢَشِ کࣸواْکࣸواْ بَرَاوࣸواْ,إِࢽْتَذࣸوْأَࢽْدَيْࢽَ يَاوࣸواْ طَࢽْ ڢَشِ کࣸواْکࣸواْبَرَاوࣸواْ
غَاسِڢَاتَسَࢽَࢽْ دَکَڧَسَ,غَاسسِڢَاتَسَتَࢽْ دَکَڧَسَ
تَمْبَيَاتَاإِࢽْ إِيَايٜيٰ   وَࢽْدَ سࣸࢽْکَ ذَمࣸواْ ࢽَرَايٜيٰ,تَمْبَيَاتَاإِࢽْ إِيَايٜيٰ وَࢽْدَسࣸࢽْکَ ذَمࣸواْࢽَرَايٜيٰ
أَکَتَاشٜىٰکَ بَادَأࢽْ إِدࣸوبَا,أَکَتَاشٜيٰکَ بَادَأَࢽْ إِدࣸوبَا
يَاڟَيَابَوْتَرْإِيَايٜيٰ   غَايَوَࢽْ أَزࣸمِي أَݒࣸواْيٜيٰ,يَاڟَيَابَوْتَرْ إِيَايٜيٰ  غَايَوَࢽْ أَزࣸمِي أَبࣸواْيٜيٰ
جِيجِيَاࢽَاکَرْکَڟٜيٰوَا     هَرْڢَرَيْ شِڢٜثٜيٰ دَکࣸرْوَا,بِيجِيَاࢽَاکَرْکَڟٜيٰوَا هَرْڢَرَيْ شِڢٜيٰٜ دَکࣸرْوَا
رࣸوَࢽْ جَمَعَابَذَيْ غَمٜيٰبَا,رࣸوَࢽْ جَمَعَابَذَىْ غَمٜيٰبَا
بَرِبِيَرْ مَاسࣸ سࣸࢽْ سَرَاڟٜيٰ غَتࣸرْبَا   مَاسࣸ کࣸبࣸوڢَّ تࣸࢽْ يَتَثّٜيٰ غَبَبَّا,بَرِبِيَرْمَاسࣸ سࣸرْسَرَاڟٜيٰ غَتࣸرْبَا   مَاسࣸ کࣸبࣸوَڢَّ تࣸࢽْ يَتَثٜيٰ غَبَبَّا
سَيْ إِࢽْدَرࣸوَابَيَاوࣸثٜيٰبَا,سَىْ إِࢽْدَرࣸوَابَيَاوࣸثٜيٰبَا
تَرْڟَڟِࢽْتَ کَمَرْدࣸوَاڟࣸو    إࢽْ تَوَاڟࣸ سَىْشِوَاڟࣸو,تَرْڟَڟِࢽْتَ کَمَرْدࣸوَاڟࣸو  إِࢽْ تَوَاڟࣸ سَيْ شِوَاڟࣸو
دࣸکْ غࣸمَاکَࢽْ مَالَمَيْࢽٜىٰ    مَالَمَࢽْکࣸ ࢽَذَامَࢽِيࢽٜىٰ,دࣸکْ غࣸمَاکَࢽْ مَالَمَيْࢽٜيٰ  مَالَمَࢽْکࣸ ࢽَذَامَࢽِيࢽٜيٰ
إِࢽْ يَبْࢽْيِ يَبࣸوࢽْکَاࢽَاࢽَڟَابَا,إِࢽْ بَࢽْيِ يَبࣸوࢽْکَ ࢽَاࢽَڟَابَا
کࣽللَبَلْ ࡶَلصَّلاَةࣸحࣸلْدٜڢَرْضࣻ کࣸڢَرِضَّ لاَيࣸفْبَلࣸ ࡼللَّهࣸ,نَلکَبَلْ ࡶَلصَّلاَةࣸحࣸلْدٜڢَرْضࣸ کࣽڢَرِضَّ لاَيࣸفْبَلࣸ ࡼللَّهࣸ
ميْڟَارَاوَاڧَا ࢽَامࣸ إِسْمَعِيلَ ࢽٜي ثَرْيَرْ کࣸڢَاجِ غَرِِࢽْعࣸبَا مَڢَرَا عࣸوَا,مَيْڟَارَاوَاڧَاࢽَامࣸ إِسْمَعِيࢽَ ࢽٜيٰ ثَرْيَرْکࣸڢَجِ غَرِࢽْعࣸبَامَڢَرَاعࣸوَا
مࣸࢽْجِ کَلْمَاغَمَالَمْ مّࣸوسَىٰ   لِمَامْ کَبࣸو مَالَمْ مَيْ لَاڢِيَا,مࣸࢽْجِ کَلْمَاغَمَالَمْ مّࣸوسَىٰ لِيمَامَ کَبࣸومَالَمْ مَيْ لَاڢِيَا
سَيْوَࢽْدَبَذَاشِ دَوَّمَابَا,سَيْوَࢽْدَبَذَاشِ دَوَّمَابَا
اَللَّهࣸ يَيْ ڟِيرَاغَأَࢽَّبِ أَحْمَدَا؞ دَءالِࢽْسࣸ جِيکࣸوکِࢽسَ سِيدِ مࣸحَمَّدَا,اَللَّهࣸ يَيْ ڟِيرَاغَأَࢽَّبِ أَحْمَدَا ؞ دَءَالِࢽْسࣸ جِيکࣸوکِࢽْسَ سِيدِ مࣸحَمَّدَا
تࣸࢽْ سࣸࢽَا ڟࣸمْمَّاتَبَرْسࣸ   وَسࣸ ࢽَاڧࣸودَاتَکَسࣸࣸ,تࣸࢽْ سࣸࢽَاڟࣸمَّاتَبَرْسࣸ  وَسࣸ ࢽَاڧࣸوْدَاتَکَسࣸ
غࣸࢽْ کِرَࢽْبَ بَلٜيٰ شِمَࢽْثٜيٰ   سَࢽّࣸ مَيْدَمࣸتࣸمْ بَتَثّٜيٰ,غࣸࢽْ کِرَࢽْبَ بَلٜيٰ شِمَࢽْثٜيٰ  سَࢽّࣸ مَيْدَمࣸتࣸمْ بَتَثّٜيٰ
شِڟَارٜيٰ غِرْمَࢽْسَ بَابغَابَا,شِڟَرٜيٰ غِرْمَࢽْسَ بَايَعَابَا
إِࢽْبَارَحْمَرْأࣸبَࢽْ غِجِيبَا,إِࢽْبَارَحْمَرْ أࣸبَࢽْ غِجِيبَا
بَابࣸ کٰٜوࣸوڢَ دࣸدَّکٰٜوتَادَذࣸوبٜلْي  حَکَࢽَامَاسࣸ ثِࢽْ أَمَاࢽَاغَغࣸوبٜيٰ,بَابࣸ کٜيٰوࣸوڢَ دࣸدَّکٜيٰوْتَادَذࣸوبٜليِ  حَکَࢽَامَاسࣸ ثِࢽْ أَمَاࢽَاغَغࣸوبٜيٰ
سَىْ مࣸحَمَّدࣸ دࣸࢽْ کَمَالَى    تَيْ دَذَبَبَّٜىٰࢽْ أَدَالَى,سَىْ مࣸحَمَّدࣸدࣸࢽْ کَمَالَى  تَىْ دَذَابَبّٜيٰࢽْ أَدَالَى
سَيْ وَࢽْدَبَذَاشِ لَاخِرَابَا,سَيْ وَࢽْدَبَذَاشِشِ لَاخِرَابَا
دمي زࢽا سيمسو ماکاڢريࢽا    ادࢽ بستوب ياذم الࢽصارا,دمي زࢽا سيمسوماکاڢريࢽا  ادࢽ بيتوب يدذم الࢽصارا
سࣸࢽْمَ کَࢽْسࣸ بَڧَرْظَلَامَا   حَرْسࣸثٜيٰ أَحّلِࢽْسࣸ دَامَا,سࣸࢽْمَ کَࢽْسࣸ بَڧَرْظَلَامَا  حَرْسࣸثٜيٰ أَحَلِࢽْسࣸ دَامَا
سَىْ کࣸجٜىٰ غَࢽَبِيّࣸ إبْرَا     هِيمࣸ دࣸࢽْ وَࢽَّࢽْ لَلࣸورَا,سَيْ کࣸجٜىٰ غَࢽَبِيّࣸ إِبْرَا  هِيمࣸ دࣸࢽْ وَࢽَّࢽْ لَلࣸورَا
ولࢽ يض ک وسواس اللعيࢽ اذا ؞ کى هت ڢلتستعذ بالله وابتحل,ولࢽ يض ک وسواس اللعيࢽ اذا ؞ کࢽر لعت ڢلتتعذبالله وابتحل
کࣸࢽٜمِ حَلَال ڢَ کࣸثِي دَکࣸودَعِيَالِࢽْکࣸ دࣸکْ؞   شِيمَاحَدِيشِ ࢽٜيٰ ࢽَتࣸرْبَࢽْ مࣸحَمَّدَا,کࣸࢽٜمِ حَلَلْ ڢَ کࣸثِي دَکࣸودَعِيَالِࢽْکࣸ دࣸکْ ؞ شِيمَاحَدِيشِ ࢽٜيٰ ࢽَتࣸرْ بَࢽْ مࣸحَمَّدَا
سَيْ أَثٜيٰ مَسَ مࣸࢽْ هࣸࢽْکࣸࢽْتَا    سِيدِ مࣸومࣸکَ سَاکَمَࢽْتَا,سَيْ أَثٜيٰ مَسَ مࣸࢽْ سࣸکࣸࢽْتَا سِيدِ مࣸومࣸکَ سَاکَمَࢽْتَا
وَࢽْدَکٜيٰ أَيّکِ ࢽَݒَرْࢽَا   کࣸواْثِکِࢽْ دَرٜيٰ کࣸواْدَرَاࢽَا,وَࢽْدَکٜيٰ أَيْکِ ࢽَبَرْࢽَا کࣸواْثِکِࢽْ دَرٜيٰ کࣸواْدَرَاࢽَا
الکِتَابࣸ الْحَاجِ,اَلکِتَابࣸ الْحَاجِ
بَاکࣸواْڧࣸوࢽَا ࢽَڧࣸرْمࣸسَابَا,بَاکࣸواْڧࣸوࢽَاࢽَڧࣸرْمࣸسَابَا
دَکࣸطِي دَتࣸڢَاکَمَرْمَهَرْبَا,دَکࣸطِي دَتࣸڢَاکَمَرْمَهَرْبَا
ذَيْکِرَاسࣸ أمَاسࣸ غَابَا     ࢽٜى دَاَلله مَاسࣸ ذَمْبَا,ذَيْکِرَاسࣸ أَمَاسࣸ غَابَا  ࢽٜيٰ دَاَللهْ مَاسࣸ ذَمْبَا
نࣽکّࣽ کَسࣸوطٜتٜىٰ وَالتَّشَهّࣸدࣸارِعٜتَيَّاجِ طِࢽْ طࣶطࣶ,نࣽکّࣽ کَسࣸوطٜتٜىٰ وَالتَّشَهّࣸدَاࢽِ عٜتَيَّاجِ طِࢽْ طࣶطࣶ
واعلم باࢽ طى يو الحڡ واحدة ؞ لا خيرنا غيرها مࢽ ساي السبل,واعلم باࢽ طى يڡ الحڡ واحدة ؞ لا خيرنا غيرهامࢽ سابر السبل
جْلَيْࢽ عٜلࣸو تࣸدٜ کࣽيْطٜطٜࢽْ ࡹِلَي ࡻلْکَعْبَيْࢽِ,جْلَيْࢽِ عٜلࣸوتࣸدٜکࣽيْطٜطٜࢽْ ࡹِلَى ࡻلْکَعْبَيْࢽِ
بِکَ وَاى غَرِى دَلَاڢِيَابَا,بَکَ وَايِ غَرِي دَلَاڢِيَابَا
فرامسکات لعواءدوࢽ ماعمد ؞ کمااتىٰ ذاک نع الذب الحکيم تل,فدامسکات لهواءدوࢽ ماعمد؞ کمااتى ذاک ناالذي الحکيم تل
کࣸومَيْ سَرَوتَا وَاللَّهْ دࣸکْ بَسࣸبَرْشِبَا   کࣸودَامَرَسْ کࣸومَيْ وَجَࢽْسࣸ مࣸتَاࢽٜيٰ,کࣸومَيْ سَرَوْتَاوَاللَّهْ دࣸکْ بَسࣸبرْشِبَا  کࣸودَامَرَسْ کࣸومَيْ وَجَࢽْسࣸ مࣸتَاࢽٜيٰ
بَلّٜيٰ ڢَ بَڧِي دَسَاڧِ   کࣸوْا ࢽَجَسْتَثّٜيٰ غَحَڧِّ,بَلّٜيٰ ڢَ بَڧِي دَسَاڧِ کࣸوْاࢽَجَسْتَثّٜىٰ غَحَڧِّ
تَاشِ إِࢽْدَىْ بَيْىِ لَاڢِيَابَا,تَاشِ إِࢽْدَدَىْ بَيْيِ لَاڢِيَابَا
وَࢽَࢽْ وَاڧَاإِتَثٜيٰ,وَࢽَࢽْ وَاڧَاإِتَثٜيٰ
بَيْثِࢽْ وَطَࢽْࢽَࢽْ غَاڟَࢽَِࢽِࢽْ ڢَرِي   رࣸوَايَکَامٜيٰ بَاذَيْ سَبْکَبَىٰ,بَيْثِࢽْ وَطَࢽْࢽَࢽْ غَاڟَࢽَࢽِࢽْ ڢَرِي  رࣸوَايَکَامٜيٰ بَاذَيْ سَبْکِبَىٰ
تَࢽْبَيَادَغَرَادَڟࣸوڟَا   سࣸࢽْ إِسَيْ بَازَاشِمࣸواْڟَا,تَࢽْبَيَادَغَرَادَڟࣸوڟَا  سࣸࢽْ إِسَيْ بَازَاشِمࣸواْڟَا
ࢽَاغَبر ىشِ کࣸسَࢽْتَ غَايَا  مَى جِدَالِى دࣸوب ءَايَا,ࢽَاغَبرٜىٰشِ کࣸسَࢽْتَ غَايَا  مَىْ جِدَالِى دࣸوبِ ءَايَا
حَرْيَسَارَيْࢽَىْ شِتَاشِ    سَىْ مࣸتࣸمْ کَغَ يَاثِ بَاشِ,حَرْيَسَارَيْࢽَىْ شِتَاشِ سَيْ مࣸتࣸمْ کَغَ يَاثِ بَاشِ
بَيْ ذَابِي حࣸشِي دَسࣸࢽْ ڢَطَابَا,بَيْ ذَاݒِي حࣸشِي دَسࣸࢽْ ڢَطَابَا
اماالفليل وتکثي له مدد ؞ حدث ولاحى ج عࢽ خيرة الى سل,اماالفليل وتکثير له مدد ؞ حدث ولاحرج عࢽ خيرة الى سل
عَنْدࣸ ࡶَࢽَّ ࡻللَّهَ نࣸجࣽومِرَطࣽ سࣸبْحَانَهࣸ مٜشٜنِّى شٜنِيطࣽ,عَنْدࣸࡶَࢽَّ ࡻللَّهَ نࣽجࣸومِرَاکࣸ سࣸبْحَانَهࣸ مٜشٜنِّى شِنِيطࣸ
وَدْدَتَازَمَ دَࢽْ بِيَيَّا    غࣸࢽْ مِجِ بَتَ تَادَمࣸرْيَا,وَدْدَتَازَمَ دَࢽْ بِيَيَّا غَࢽْ مِجِ بَتَ تَادَمࣸرْيَا
إِࢽْدَإِيْکࣸوࢽْ تَيْمَمَاوَا بَارࣸوَاکࣸوابَابࣸ کࣸوْوَا,إِࢽْدَإِيْکࣸوࢽْ تَيْمَمَاوَا  بَارࣸوَاکࣸواْ بَابࣸ کࣸوْوَا
تَمْبَيَاإتَثٜىٰ ڢِتِلَّا   مَىْ ڢِتَرْ دَمࣸتࣸمْ جَهَالَا,تَمْبَيَاإِتَثٜيٰ ڢِتِلَّا  مَيْ ڢِتَرْدَمࣸتࣸمْ جَهَالَا
شِيَيْمِࢽْ ذَࢽْ ثَࢽْ دࣸوࢽِيَا   إِࢽْ ذَاتَاڧَارٜٜيٰ ڢِتْࢽࣸواْ سࣸࢽْيَوَا,شِيَيْمِࢽْ ذَࢽْ ثَࢽْ دࣸوࢽِيَا  إِࢽْ ذَاتَاڧَارٜيٰ ڢِتْࢽࣸواْ سࣸࢽْيَوَا
سَيْحْڧࣸرِي غَعَبِࢽْدَ بَاکَدَمَاغَࢽِي  کَسَامࣸ لاَدَرْ زࣸثِيَرْ سࣸࢽْ ࢳࢽْ عࣸوَا,سَيْحَࢽْڧࣸرِي غََبِࢽْدَ بَاکَدَمَاغَࢽِي  کَسَامࣸ لاَدَرْ زࣸثِيَرْسࣸࢽْ ࢳࢽْ عࣸوَا
فدکررالله ناالفرءاࢽ نشاتنا ؞ لا اعتبارولکࢽ نحࢽ ندشغل,فدکر رالله ناالفرءاࢽ نشاتنا ؞ للا عتبارولکࢽ نحࢽ ندشغل
وَتَاإِࢽ سࣸکَ ڢَارَ ڢَطَادَمِجِࢽْتَا   سَيْ تَرِڧٜيٰشِ تَثٜيٰ يَکَشٜيٰتَا,وَتَاإِࢽْ سࣸکَ ڢَارَ ڢَطَادَمِجِࢽْتَا  سَيْ تَرِڧٜيٰشِ تَثٜيٰ يَکَشٜيٰتَا
سَيْ کࣸمَ جِيکَاࢽَسْ مَهْدِيّࣸ مࣸࢽْتَظَرْ ؞ شِي مَا حࣸصࣸوصِ ࢽٜيٰ ࢽَسِيدِ مࣸحَمَّدَا,سَيْ کࣸمَ جِيکَاࢽَسْ مَهْدِيّࣸ مࣸࢽتَظَرْ ؞ شِمَ حࣸصࣸومِ ࢽٜيٰ ࢽَسِيدِ مࣸحَمَّدَا
أَࢽْثٜيٰ وَڧَرْࢽَ يَاکَطَاکَيْࢽَسَا   ࢽِي بَاࢽِ بَيْوَابَࢽَا عِيَ يِࢽْ ڟَرِي,أَࢽْثٜيٰ وَڧَرْࢽَ يَاکࣸطَاڧِيْࢽَسَا  ࢽِي بَاࢽِ بَيْوَابَࢽَاعِيَ يِࢽْڟَرِي
عَنْدࣸ نࣽجࣽورٜيَاکࣸلࣸ ࡼلْحَسَنَآتِ نࣽذَامِرَمࣽجِّ عَادٜࢽْ,عَنْدࣸ نࣽجࣽورٜيَاکࣽلࣸ ࡼلْحَسَنَآتِ نࣸذَامِرَمࣽجِّ عَادٜࢽْ
عࣸثْمَاࢽࣸ ڢࣸودِيࣸوابَابََاأَبࣸوبَکَرْ   اءࣸبَࢽْ بࣸخَاريٰ اءࣸبَࢽْ مَالَمْ حَسَࢽْ,عࣸثْمَاࢽࣸ ڢࣸودِيࣸواْ بَابَاأَبࣸوبَکَرْ  ءࣸبَࢽْ بࣸخَارِيَابَࢽْ مَالَمْ حَسَࢽْ
دَࢽْ إِسَشٜيٰࢽْ هَࢽْکَلِࢽْسࣸ    بَاسࣸ سࣸوࢽْ سَاݒࣸࢽْ مَزَࢽْسࣸ,دَࢽْ إِسَشٜىٰࢽْ هَࢽْکَلِࢽْسࣸ بَاسࣸ سࣸوࢽْ سَابࣸࢽْ مَزَࢽْسࣸ
وَاڧَرْ وَعَظِي,وَاڧَرْوَعَظِي
مَثٜيٰ مِجِࢽْتَ يَذَࢽْ مَّالَمْ ࢽٜيٰ   بَاتَ يَبࣸوࢽْشِ تَثٜيٰ دَࢽَغَرْتَا,مَثٜيٰ مِجِࢽْتَ يَذَࢽْ مَّالَمْ ࢽٜيٰ  بَاتَ يَبࣸوࢽْشِ تَثٜيٰ دَࢽَغَرْتَا
شِى بَىْ تَبَٜٜ سَابَ ألْکَوَرْبَا,شِى بَيْ تَبَ سَابَ ألْکَوَرْبَا
يزادعنه اناس لاخلا ڡ لهم ؞ فد فلبواالديࢽ بالتعيي والبدل,يزادعنه اناس لاخلاڡ لهم ؞ فدفلبواالديࢽ بالتعي والبدل
کَرْکَيَرْدَ أَبࣸواْکَࢽِࢽْکَ   سࣸکَ تَارࣸثِکِࢽْ غِدَࢽْکَ,کَرْکَيَرْدَأَبࣸواْکَࢽِࢽْکَ سࣸکَ تَارࣸثِکِࢽْ غِدَࢽْکَ
دَارِيَادَغَࢽِࢽْ ڟِرَيْثِي     غࣸࢽْ مࣸسࣸلْمِي ڢَاسِڧَࢽْثِي,دَارِيَادَغَࢽِࢽْ ڟِرَيْثِي غࣸࢽْ مࣸسࣸلْمِي ڢَاسِڧَࢽْثِي
جِبْرَىِيلࣸ دَجِى يَتَاشِ    ࢽَࢽْ دَࢽَࢽْ يَوࣸثٜىٰ غَرٜىٰشِ,جِبْرَءِيلࣸ دَجِي يَتَاشِ ࢽَࢽْ دَࢽَࢽْ يَوࣸثٜىٰ غَرٜىٰشِ
ذِکْرِي بَسࣸ مَࢽْثٜيٰ حَيْلَلَابَا,ذِکْرِي بَسࣸ مَࢽْثٜيٰ حَيْلَلَابَا
مسى اه اعظم به ڢى الفدرمت لة ؞ مࢽ فاب فوسيࢽ لم تدرک ولم نتل,مسى اه اعظم به ڢى الفدرمت لة ؞ مࢽ فاب فوسيࢽ لم تدرک ولم نتل
جَمَعَ دࣸو کࣸکَرْکَطٜي کࣸࢽّࣸوَࢽْکَ  کࣸجِ وَاڧَرْ وَطَࢽْدَ بَاسَا صَࢽَاعَ,جَمࣸعَ دࣸوکࣸکَرْکَطٜيٰ کࣸࢽّࣸوَࢽْکࣸ کࣸجِ وَاڧَرْوَطَࢽْدَبَاسَاصَࢽَاعَ
لَارَبَاوَامَاسࣸ عِڢَّهْ سࣸࢽْ وࣸثٜيٰ واکٜيٰ دَڧࣸواْڢَا,لَارَبَاوَامَاسࣸ عِڢَّهْ  سࣸࢽْ وࣸثٜيٰ وَاکٜيٰ دَڧࣸواْڢَا
طايڢاط,طايڢاض
لَاخِرَاذَاسࣸيْ تَلَوثِي   تࣸواْبَلٜيٰ مَيْتَادَ يَٜࢽثِي,ࢽَاخِرَاذَاسࣸيْ تَلَوْثِي  تࣸواْبَلٜيٰ مَيْتَادَيَࢽْثِي
کَمَرْمࣸوتَاتَکٜيٰ کٜࣸمِ کٜࢽْتَا   إِࢽْ کَغَ بَاتَڢِيَ بَرِِسࣸࢽْتَا,کَمَرْمࣸوتَاتَکٜيٰ کࣸويِ کٜࢽْتَا   إِࢽْ کَغِ بَاتَڢِيَابَرِ سࣸࢽْتَا
يَجَمࣽ فَبْرࣸوَيَنج کَمࣸ عٜلٜيْطٜ ڢࣽوْ يࣸولࣸيْمࣸ دْٜبحرࣸوج نورطيٜيَتا,يَجَّمّࣸ فَبْرࣸوَيَنْجِ کَمّࣸ عٜلٜيْطٜ ڢࣽوْيࣸولࣸيْمࣸ دٜرْبٜحرࣸوجٜ نورطٜبٜيبَتَا
بَکَسَࢽْ دَاذَاشِ تࣸوْاْࢽࣸوَابَا,بَکَسَࢽْ دَاذَاشِ تࣸوْاْࢽࣸوَابَا
شِي بَتࣸوࢽَسَ غَسْکِيَاࢽٜيٰ دࣸوࢽْ حِدِثِࢽْ مࣸصْطَڢَيٰࢽٜيٰ,شِي بَتࣸوࢽَسَ غَسْکِيَاࢽٜيٰ  دࣸوࢽْ حَدِيثِࢽْ مࣸصْطَڢَࢽٜيٰ
أَکَبَاشِي رِڧࣸࢽْمࣸ بَيْ رِڧٜيٰبَا,أَکَبَاشِي رِڧࣸࢽْمࣸ بَيْ رِڧٜيٰبَا
بَاکَ ڟَرْمَتَ إࢽْ کَجٜىٰ غࣸدࣸوبَا,بَاکَ ڟَرْمَتَ إِࢽْ کَجٜيٰ غࣸدࣸوبَا
هَلَّکَاثٜيٰ تࣸوْاْکࣸدَيْࢽَ غَابَا,هَلَّکَاثٜيٰ تࣸوْاْکࣸدَيْࢽَ غَابَا
وَاڧَرْدَأَکٜيٰ سَࢽِࢽْ حَالِࢽْ مَّاتَا اِلْحَاجِّ,وَاڧَرْدَأَکٜيٰ سَࢽِࢽْ حَالِࢽْ مَّاتَااِلْحَاجِّ
والمعجزات سوى الفرءاࢽ ليس لها ؞ حدڢيحص هانظم لمحتڢل,والمعحزات سوى الفرءاࢽ ليس لها ؞ حدڢيحص هانظم لمحتڢل
رَࢽْدَعَࢽْکَ رَبٜيٰ تَکَرْدࣸو   دࣸکْ حَلِتَّاذَاتَ سَادࣸو,رَࢽْدَعَࢽْکَ رَبٜيٰ تَکَرْدࣸو  دࣸکْ حَلِتَّاذَاتَ سَادࣸو
ذَࢽْکَ سَدَکَ دَࢽَاڢِلاَ کَيْ صَلاَةِ    بسَِ ڢيَيّٜࢽْمࣸ سِيدِي شِيإمَامِ,ذَࢽْکَ سَدَکَ دَࢽَاڢِلَاَکَيْ صَلَةِ  بِسَ ڢِيَيَّࢽْمࣸ سِيدِي شِيإِمَامِ
يَاإِلَهِي مَيْ إِيَاوَا   بَامࣸ کَيْکَاوࢽ ثِکَاوَاي,يَاإِࢽَهِي مَيْ إِيَاوَا  بَامࣸ کَيْݣَيَاوَࢽْ ثِکَاوَا
دَرٜٜيٰ ࢽَااللَّهْ سَيْسࣸࢽْ بَربَرَا   جَࢽَبَاتَࢽَاجِکِ بَيْوَࢽْکٜيٰ تَبَا,دَرٜيٰ ࢽَاللَّهْ سَيْسࣸࢽْ بَرْبَرَا  جَࢽَبَاتَࢽَاجِکِ بَيْوَࢽْکٜيٰ تَبَا
وَࢽْدَکࣸوْاْيَکَمَࢽْثِ أَرْࢽٜىٰ    غࣸࢽْ ذَمَࢽْسࣸ غࣸدَادَشِيࢽٜىٰ,وَࢽْدَکࣸوْاْيَکَمَࢽْثِ أَرْࢽٜيٰ غࣸࢽْ ذَمَࢽْسࣸ غࣸدَادَشِيࢽٜيٰ
مَاجَهَࢽَّمَ ࢽَࢽْ أَڢَا  رِ کࣸرْکࣸکࣸࢽٜيٰ مَيْڧَذَارِ,غَاجَهَࢽَّمَ ࢽَࢽْ أَڢَارِ کࣸرْکࣸکࣸࢽٜيٰ مَيْڧَذَارِ
إࢽْ ثِکِي يَاڢَارَغِرْمَا    حَرْاࣸبَايَاسَامِ ڢَامَا,إِࢽْ ثِکِي يَاڢَارَغِرْمَا  حَرْأࣸبَايَاسَامِ ڢَامَا
کَاثِ کَاشَاکَايِ تَيْݒا کَامَثٜيٰ ڧَبَرِيٰيَکَرْݒا,کَاثِ کَاشَاکَايِ تَيْبَا کَامَثٜيٰ ڧَبَرِي يَکَرِبَا
غَسْلࣸ ࡼلْيَدَيْࢽِ کࣽلࣽو تࣸدٜ جࣸو طٜطٜࢽْ فَبْلَ ࡹِدْ خَا لِهِمَا,غَسْلࣸ ࡼلْيَدَيْࢽِ کࣽلࣽوتࣸدٜجࣸوطٜطٜࢽْ فَبْلَ ࡹِدْخَالِهِمَا
سَوْرَࢽْ أَبَاوَاسَوْرَࢽْ طَࢽْ ذَرٜيٰ  هَبَامَطࣸࢽْکَا کࣸبَرْثِࢽْ يٜيٰ سࣸمَࢽْ,سَوْرَࢽْ أَبَاوَاسَوْرَࢽْ طَࢽْ ذَرٜيٰ  هَبَامَطِࢽْکَاکࣸبَرْثِࢽْ يٜيٰ سࣸمَࢽْ
عٜمࣽوْلࣸدٜجࣸوطٜطٜࢽْنَڢْضًاخَڢِيڢًامّࣽوْلࣸفࣸلْ,عٜمࣽوْلࣸدٜجࣸوطٜطٜرْنَڢْضَاخَڢِيڢًامّࣸوْلࣸفࣸلْ
کࣸوکࣸمَايَࢽْذࣸ کَبَاࢽِ تَکَرْدَا   إِࢽْ کࣸمَ کَابَࢽِ إِࢽْ کٜيٰثٜيٰتَا,کࣸوکࣸمَايَࢽْذࣸکَبَاࢽْ تَکَرْدَا  إِࢽْ کࣸمَ کَابَࢽْ إِࢽْ کٜيٰثٜيٰتَا
بَعَ سَاݒَ أَبِࢽْدَأَمْڢَطِيبَا,بَعَ سَابَ أَبِࢽْدَأَمْڢَطِيبَا
ولوالدي ولجميع المسلميࢽ,ولوالدي ويجميع الهسلمير
تࣸوْکَرَمَّتَ بَاتَجٜيٰ کَوَيْبَا,تࣸوْکَرَمَّتَ بَاتَجٜيٰ کَوَيْبَا
عمسکد,عمسسکد
حَسْکٜࢽْةَ بَا أرْزࣸڧِي سَيْ حَسَرَا  سَࢽْيِي أغٜࢽْدِࢽَةَ يَڢِي کࣸوَرَا,حَسْکَࢽْةَ بَاأَزْزِڧِي سَيْ حَسَرَا  سَࢽْيِي أَغِࢽْدِࢽْةَ يَڢِي کࣸوَرَا
وءاميࢽ,وءاميࢽ
إِࢽْڢَ أَࢽْکَيْسࣸ ࢽَࢽْ دَࢽَࢽْ سَيْ سࣸغَابٜيٰ   حَرْمِيَاغࣸودَکٜيٰ زِࢽَامَاسࣸ تَرْبٜيٰ,إِࢽْڢَ أَࢽْ کَيْسࣸ ࢽَࢽْ دَࢽَࢽْ سَيْ سࣸغَابٜيٰ   حَرْمِيَاغࣸودَکٜيٰ زِࢽَامَاسࣸ تَرْبٜيٰ
غࣸوْاْشِي بَيْ يَوَيْتَ سࣸجَدَابَا,غࣸوْاْشِي بَيْ يَوَيْتَ سࣸجَدَابَا
کࣸواإࢽَاکَاسَامِࣸ شَيْدَا    أَࢽْبْتࣸࢽْکَ دَشِى کَطَيْدَا,کࣸواإِࢽَاکَاسَامࣸ شَيْدَا أَࢽْبَتࣸوࢽْکَ دَشِي کَڟَيْدَا
غࣸࢽْ مَغَرْتَاحَرْسࣸغَࢽْکَ   بَابࣸ مَيْ دَرَجَاکَمَرْکَ,غࣸࢽْ مَغَوْتَاحَرْسࣸغَࢽْکَ  بَابࣸ مَيْ دَرَجَاکَمَرْکَ
يزکى مࢽ بح صلاةيومالجمد ؞ ڢاذافى مٜࢽ مࢽ الخرومٜࢽ فبل وفت,يزللى مࢽ بحࢽ صلاةيووالجمد  ڢاذافر مࢽ مࢽ الحر ومࢽ فبل وفت
غَتࣸو ذࣸࢽْ بَکࣸيْ ࢽَصِرَاطِ ࢽَاࢽَ مࣸࢽَاڢࣸکِيٰ   شِکٜيٰ ڢَاطࣸوَاوࣸتَ کَيْ مࣸغَسْکَࢽْتَ أَحْمَدَا,غَتࣸوذࣸࢽْ بَݣࣸيْ ࢽَصِرَاطِ ࢽَاࢽَ مࣸࢽَاڢࣸکٜيْ   شِکٜيٰ ڢَاطࣸوَاوࣸتَ کَيْ مࣸغَسْکَࢽْتَ أَحْمَدَا
ڢبعضها فداتت ت اللڢظ مجملت ؞ وبعضهابينتاجمال محتمل,ڢبعضهافداتت ت اللڢظ مجلت ؞ وبعضهابينت احمال محتمل
سَىْ أڢِدَّوتَرْسَشِࢽْسࣸ    سَࢽْدَالࢽَّبِى يَاکِرَاسࣸ,سَىْ أَڢِدّࣸوتَرْسَشِࢽْسࣸ  سَࢽْدَاَلࢽَّبِي يَاکِرَاسࣸ
يَࢽْ عࣸوَا دࣸکْ مࣸتࣸوبَادࣸومِࢽْ ڢَتࣸوبَا   أڢَّڧࣸوڢَرْ إسَاغَسَرْکِي رَ حِيمِ,يَࢽْ عࣸوَادࣸکْ مࣸتࣸوبَ دࣸومِࢽْ ڢَتࣸوبَا   أَڢَّڧࣸوڢَرْإِسَاغَسَرْکِ رَحِيمِ
عٜهࣸوتࣽرْدٜطَرْوَڢَرَآإضࣸهࣸ ڢَرِللَّجِ طِࢽْ سَبْعَةࣻ,عٜهࣸوتࣸرْدٜطَرْوَڢَرَلبِضࣸهࣸ ڢَرِلَّجِ طِࢽْ سَبْعَةࣻ
تࣸࢽْدَدَيْ ࢽَغَ ذࣸوثِيَرْکَ    تَاهَلَرْثِ مَدَاوَيَࢽْکَ,تࣸࢽْدَدَيْ ࢽَغَ ذࣸوثِيَرْکَ  تَاهَلَرْثِ مَدَاوَيَࢽْکَ
سَىْ يَسَادࣸدَمَاسࣸ کِوࣸواْ    ࢽَابِطَرْسَاوࣸࢽْ بَرَاوࣸاْ,سَىْ يَسَادࣸدَمَاسࣸ کِوࣸواْ  ࢽَابِطَرْسَوࣸࢽْ بَرْاوࣸاْ
وفل لعل م رسول الموت يعجلى ؞ نا ساعتى هذه فدتم لى اجل,وفل لعل طا رسول الموت يعجلى ؞ نا ساعتى هذه فدتم لى اجل
مَيْ حَوَاسَمَ حَوْتَتࣸوشٜيٰ  کَرْکَيَرْدَدَکَامَ رٜيٰشٜيٰ,مَيْ حَوَاسَمَ حَوْتَتࣸوشٜيٰ کَرْکَيَرْدَدَکَامَ رٜيٰشٜيٰ
وَثٜيٰ مَالميْ سࣸکَاتَارَاتَا,وَثٜيٰ مَالَمَيْ سࣸکَاتَارَاتَا
مالميࢽي,مالميى
ذَامࣸ تَࢽْبِيْهِ کَغَاࢽٜىٰ   جِکّࣸࢽَࢽْسࣸ دَذَاسࣸ ڧࣸوْاْࢽٜىٰ,ذَامࣸ تَࢽْبِيهِ کَغَاࢽٜيٰ جِکّࣸࢽَࢽْسࣸ دَذَاسࣸ ڧࣸوْاْࢽٜيٰ
ذَࢽِي بَيَاࢽِ حَالِࢽ مَّاتَا    ذَاࢽِ رࣸبࣸوتَادَࢽْ أَکَرَࢽْتَا,ذَࢽِيِ بَيَاࢽِ حَالِࢽْ مَّاتَا   ذَاࢽِ رࣸبࣸوتَادَࢽْ أَکَرَࢽْتَا
طࣸبِعَ عَلَىٰ ࢽَڢَڧَةِ اَلْحَاجِّ مࣸحَمَّدࣸ البَشِير ࢽَا الحَاجِّ سَعْدࣸ,طࣸبِعَ عَلَىٰ ࢽَڢَڧَةِ اَلْحَاجِّ مࣸحَمَّدࣸ الْبَشِيرْࢽَاالْحَاجِّ سَعْدࣸ
حَاوࣸيَاتَمࣸࢽَاڢࣸکَيْࢽٜيٰ   ثَࢽْ سَعِيرَا کَاڢِرَيْࢽٜيٰ,حَاوࣸيَاتَمࣸࢽَاڢࣸکَيْࢽٜيٰ ثَࢽْ سَعِيرَا کَاڢِرَيْࢽٜيٰ
دࣸوکِيَرْسࣸ دَمَاسࣸ ڧَاࢽࣸواْ   أَرْزِِڧِࢽْ وَࢽِي عࢽْرࣸوَيْࢽࣸواْ,دࣸوکِيَرْسࣸ دَمَاسࣸ ڧَاࢽࣸواْ  أَرْزِڧِࢽْ وَࢽِي عَࢽْ رࣸوَيْࢽࣸواْ
ڢلو بنا ڢد فستمرريࢽ ما اکتسبت ؞ مࢽ النا ثم لا تخشى مࢽ التى لل,فلوبنا فدفست مࢽ ريࢽ مااکبسبت ؞ مࢽ المناثم لا تخشى مࢽ التلل
ڧࣸواْڧَرِࢽْسَ شِکَࢽْڢِ أوْکِ   ࢽٜيٰ أَڧَارَدَرٜيٰ دَتَاکِي,ڧࣸواْڧَرِࢽْسَ شِکَࢽْڢِ أَوْکِ ࢽٜيٰ أَڧَارَدَرٜيٰ دَتَاکِي
ڢليس يخش الا الى و عندهم ؞ کاࢽ فدرته للجسم لم صل,ڢليس يخش الا الى وح عندهم ؞ کاࢽ فدرته للجسم لم نل
ࢽَࢽْ دَࢽَࢽْ بِسَ کَࢽْ تَڢَرْکِ   وَࢽْسࣸ يَدَّڧَڢَاکَتَاکِ,ࢽَࢽْ دَࢽَࢽْ بِسَ کَࢽْ تَڢَرْکِ وَࢽْسࣸ يَدَّڧَڢَاکَتَاکِ
کࣸسَࢽْ الࢽَّمِيمِي هَٰکَذَادَمࣸࢽاڢِغِ   دَمَيْشَيْدَ ڧَرْيَابَاسࣸ ڟِيرَا غَاَحْمَدَا,کࣸسَࢽْ اَلࢽَّمِيمِي هَکَذَادَمࣸࢽَاڢِغِ دَمَيْشَيْدَڧَرْيَابَاسࣸ ڟِيرَاغَأَحْمَدَا
فديته کذاته العليته>,فدييذ کذاته العليةء
مࣸࢽَجِ سَيْ اَللَّهْ تَعَالى    ࢽَࢽْ يَثٜيٰ يَاجِبْرَعِيلَ,مࣸࢽْجِ سَيْ اَللَهْ تَعَالَى ࢽَࢽْ يَثٜىٰ يَاجِبْرَءِيلَ
شٜىٰکَرَاحَمْسِࢽْ دَيَاڧِي    ࢽَاثِکِي دَمَثٜىٰ صَدَاڧِي,شٜيٰکَرَاخَمْسِࢽْ دَيَاڧِي ࢽَاثِکِي دَمَثِي صَدَاڧِي
تَمَّتْ بِحَمْدࣸ اللَّهِ وَاڧَاتَاثِکَ سِّتِࢽْ دَشِدَاࢽَبَتْتَ دࣸومِࢽْ ࢳࢽْ عࣸوَا,تَمَّتْ بَحَمْدِ اللَّهِ وَاڧَاتَاثِکَ   شِّتِࢽْ دَشِدَاࢽَبَتْتَ دࣸومِࢽْ عࢽْ عࣸوَا
دَمࣸودَعِيَالِࢽْمࣸ کَڟَرْسٜمࣸ دࣸکْ ؞ عَذَابَرْکَ يَارَحْمَاࢽࣸ سَرْکِي مࣸحَمَّدَا,دَمࣸودَعِيَالِࢽْمࣸ کَطَرْشٜمࣸ دࣸکْ ؞ عَذَابَرْکَ يَارَحْمَاࢽࣸ سَرْکِيْ مࣸحَمَّدَا
کَڢَطَاوَااَلࢽَّبِࢽْمࣸ    مࣸصْطَڢَىٰ مࣸوغࣸࢽْ حَلِࢽْمࣸ,کَڢَطَاوَااَلࢽَّبِࢽْمࣸ  مࣸصْطَڢَىٰ مࣸوغࣸࢽْ حَلِࢽْمࣸ
دࣸوࢽْ ڢَتࣸوبَا کَبَادَڟَرْکِي غَبَاوَا   دَغَّ ذࣸࢽࣸبِي شِڟِيرَ غَشِغَاجَحِيمِ,دࣸوࢽْ ڢَتࣸوبَاکَبَادَڟَرْکِي غَبَاوَا   دَغَّ ذࣸࢽࣸبِي شِڟِيرَغَشِغَاجَحِيمِ
شِڢَطِي بَاذَاتَ کَرْݒࣸوَابَا,شِڢَطِي بَاذَاتَ کَرْبࣸوَابَا
وَحَلَرْسࣸ أّࢽَࢽْ بَتَيْ يَوَابَا,وَحَلَرْسࣸ أَࢽَࢽْ بَتَيْ يَوَابَا
بَاسَࢽِࢽْ ڧَبْلِي دَبَعدِي    سِي هَلِࢽْسَ إِࢽَاسَوَادِي,بَاسَࢽِࢽْ ڧَبْلِي دَبَعْدِي شِي هَلِࢽْسَ إِࢽَاسَوَادِي
کࣸسَࢽِ دࣸوࢽِيَ تَࢽَادَيوَ سࣸوکࣸوَا لِتَتَّڢَيْࢽَا سࣸࢽْ شِغَادࣸوࢽِيَيَ,کࣸسَࢽِ دࣸوࢽِيَ تَࢽَادَيَوَ سࣸوکࣸوَالِتَتَّڢَيْࢽَاسࣸࢽْ شِغَادࣸوࢽِيَ
مَسَاڧَرْ غࣸدࣸواْ ࢽَࢽْ أَکٜي سَاڧَ شَاتَا,مَسَاڧَرْغࣸدࣸواْ ࢽَࢽْ أَکٜي سَاڧَ شَاتَا
إِتْدࣸو ࢽِيَࢽَّࢽْ کَاجِ بَاڧٜيٰلّٜيٰ    کَامَايِي کِرْکِي يَاکَکٜيٰ دَمࣸتَاࢽٜيٰ,إِتَدࣸوࢽِيَࢽَّࢽْ کَاجِ بَاڧٰٜࢽٜيٰ بَثٜيٰ کَامَايِي کِرْکِي يَاکَکٜيٰ دَمࣸتَاࢽٜيٰ
وࣸنِح عٜمَکّࣸ بࣽنْىَ االاِسْلاَمࣸ عَنْدࣸ نࣸدࣸسْطٜ عَلْسِلَمَاکࣸ,وࣸنِى عٜمَکّࣸ بࣸنْرَاالاِسْلاَمࣸ عَنْدࣸ نࣸدࣸسْطࣸ عَلْسِلَمَاکࣸ
بَيْسَࢽْ أّࢽْسَاسࣸ کࣸرْکࣸکࣸوبَا,بَيْسَࢽْ أَࢽْسَاسࣸ کࣸرْکࣸکࣸوبَا
مَڢِيَࢽْسࣸوࢽَاࢽَࢽْ مَيْسَࢽْ دࣸوࢽِيَا   ࢽَعَبَسَاتَاڢِي تَکࣸووَاکَوْرَوَا,مَڢِيَࢽْسࣸوࢽَاࢽَࢽْ مَيْسَࢽْ دࣸوࢽِيَا   ࢽَعَبَسَاتَاڢِي تَکࣸووَاکَوْرَوَا
تࣸوڢࣽردٜضࣸوبِ مࣽهࣸلْبٜ هࣸولࣽرٜبرْکٜمࢽ جَوْدِيوࣸجَبِّ مࣽڢِلِّ بٜرْدَمْ سٰٜرَتَا,تࣸوفࣸرْ دٜضࣸوبِ مࣽهࣸ لْبٜ هࣸولࣽرٜبَرْکٜمࣸࢽْ جَوْدِيوࣸ جَبِّ مࣽفِلِّ بٜرْدَمْ سٜيٰرَتَا
بَيْ تَاشِ دَلَاڢِيَرْإدࣸوبَا,بَيْ تَاشِ دَلَاڢِيَرْ إِدࣸوبَا
بَکَ دࣸوبِ ذࣸوَࢽْکَ لَاخِرَابَا,بَکَدࣸوبِ ذࣸوَࢽْکَ لَاخِرَابَا
کࣸسَࢽْ جَلَّ سَرْکِي ࢽَامࣸ إِࢽْ ييْ أَلْکَولِي ؞   کࣸرࣸم بَاشِ سَاݒَاوَا ڢَأَمّࣸ الْمࣸحَمَّدَا,کࣸسَࢽْ جَلَّ سَرْکِي ࢽَامࣸ إِࢽْ يَيْ أَلْکَوَلِي ؞ کࣸرࣸمْ بَاشِ سَابَ وَاڢَأَمَّ الْمࣸحَمَّدَا
ڢَأَکٜىٰ ڟَىْ شٜىٰسࣸ بَىْ غࣸشٜىٰبَا,ڢَأَکٜيٰ ڟَيْ شٜيٰسࣸ بَيْ غࣸشٜىٰبَا
وَࢽَࢽْ وَاڧَاإِتَثٜيٰ,وَࢽَࢽْ وَڧَاإِتَثٜيٰ
ࢽَࢽْڢَ يَىْ سࣸجَدَا غَأَللهْ    غَاشِ کࣸوْاْغَاجِبْرَءِيلَ,ࢽَࢽْڢَ يَىْ سࣸجَدَاغَأَللهْ  غَاشِ کࣸوْاْغَاجِبْرَءِيلَ
هَلکَاثٜىٰ وَࢽْدَبَىْ بَرِيبَا,عَلَکَاثٜىٰ وَࢽْدَبَىْ بَرِيبَا
دَيَاجَٜيٰ لࣸبَيَّ غَرِِرْجَهَادِيڢَ يَࢽَْاءࣸوَا ؞ يَسَبْکَ أَࢽَࢽْ ڧَوْيٜࢽْتَ جِيکَࢽْ مࣸحَمَّدَا,دَيَاجَيْ لࣸبَيَّ غَرِر جَهَادِيڢَ يَࢽْاءࣸوَا ؞  يَسَبْکَ أَࢽَࢽْ ڧَوْيِࢽْتَ جِيَکَࢽْ مࣸحَمَّدَا
مَعْرِڢَةࣸࡺلشَّهْرِ کࣽعَنْدࣸدٜلٜوْرࣸدࣸرْوَالنِّيَةࣸ,مَعَرِڢَةࣸࡼلشَّهْرِکࣽعَنْدࣸدٜلٜوْرࣸدࣸرْ وَالنِّيَةࣸ
وَࢽْدَيَيِوࣸولَايَ ڢَ شِيمَايَرَاتَيَا ؞  کࣸثٜيٰ مَسَ يَيْ شِرْکَ غسَرْکِي مࣸحَمَّدَا,وَࢽْدَيَيَِوࣸولَايَ ڢَ شِيمَايَرَاتَيَا ؞ کࣸثٜيٰ مَسَ يَيْ شِرْکَ غَسَرْکِي مࣸحَمَّدَا
کࣸدَيْࢽَ شَيْدَالزّࣸورِ کࣸبَرْڧَذَڢْ  کࣸدَيْࢽَ ڧَرْيَااَللَّهْ يَاهَࢽَا,کࣸدَيْࢽَ شَيْدَالزࣸوِرِکࣸبَرْڧَذَڢْ  کࣸدَيْࢽَ ڧَرْيَاأَللَّهْ يَاهَࢽَا
يَابِ اَلدِّيࢽِ ڢِيَيّٜيٰ  سيَّدࣸالْوَرَڢَي دَݒࣸواْيٜيٰ,يَابِ اَلدِّيࢽِࢽْ ڢِيَيّٜيٰ سَيَّدࣸالْوَرَڢَيْ دَبࣸواْيٜيٰ
ولتکثرالذکر للمولى ولى وصل على ؞ خي الورى المصطڢى مࢽ خيرة لرسل,ولتکترالذکࢽ للمول ى وصل على ؞ خير الورى المصطڢى مࢽ خيرذالرسل
حَرْدَيْ کَڧَارٜ کࣸمَ کَتَاشِ کَڟرْ کَکَا ؞ سَأَࢽَّࢽْ کَأَمْسَ کࣸࢽْيࣽ کࣸويِ دَأَحْمَدَا,حَرْدَيْ کَغَارٜ کࣸمَ کَتَاشِ کَطَࢽْ کَکَا ؞  سَأَࢽَّࢽْ کَأَمْسَ کࣸࢽْجِ کࣸويِ دَأَحْمَدَا
بحمدالله وبڧدرته وبالارَادَته وحسࢽ عوࢽه ءاميࢽ,بحمدالله وبغدرته وبالارادته وحسࢽ عوࢽه ءاميࢽ
سَيْ بَڧِࢽْ حَدَرِي يَتَاسࣸواْ سࣸيْ کِرَاڟَاوَا تَأَوکوࣸاْ,سَيْ بَڧِࢽْ حَدَرِي يَتَاسࣸواْ  سࣸيْ کِرَاڟَاوَاتَأَوْکࣸواْ
سَىْ يَثٜىٰمَ مَلَاءِکࣸوࢽَىْ     کࣸࢽْجِ کࣸوْاْوَاࢽَاتَکَيْࢽَىْ,سَيْ يَثٜيٰمَ مَلَاءِکࣸوࢽَيْ کࣸࢽْجِ کࣸوْاْوَاࢽَاتَکَيْࢽَىْ
سَاسَرْوَࢽِي بَادَسَلَّمَابَا,سَاسَرْوَࢽِي بَادَسَلَّمَابَا
اࢽ الارادة للتخميص موجبت ڢليس عنها ينوب العلم بالبدل,اࢽ الارادة للتحصيص موجبة ڢليس عنها ينوب العلم بالبدل
جَهَࢽَّمَ أَࢽْ کَاوࣸوتَ غَاتَ أَدࣸوࢽِيَا ؞ تَࢽَاثِࢽْ ڢَ کَاڢِرَيْ دَدَرَجَ الْمࣸحَمَّدَا,جَهَࢽَّمَ أَࢽْ کَاوࣸوتَ غَاتَ أَدࣸوࢽِيَا ؞  تَࢽَاثِࢽْ ڢَ کَاڢِرَيْ دَدَرَ جَ الْمࣸحَمَّدَا
مَاسࣸ کٜىٰ کٜىٰ دَࢳَࢽْ شࣸمَکَا   مَاسࣸ ࢽىٰمَࢽْ ڢَاءِدَرْکَا,مَاسࣸ کٜيٰ کٜيٰ دَعَࢽْ شࣸمَيْکَا مَاسࣸ ࢽٜيٰمَࢽْ ڢَاءِدَرْکَا
ڢصل ڢى المين ار,ڢصل ڢالمين اࢽ
تࣸوْاْشِبَرْمَاکَࢽْسَ ڧٜيٰتَا   رَامࣸوَرْ شَرِّدَثࣸوتَا,تࣸوْاْشِبَرْمَاکَࢽْسَ ڧٜيٰتَا  رَامࣸوَرْشَرِّدَثࣸوتَا
مࣸتࣸوبَ مࣸکٜيٰوتَا يَرْءࣸوَاکࣸومࣸسَمَ ڢِتَا   وَطَࢽْغَ خࣸطࣸرَّدࣸࢽْ ڢِيَيَٜيٰ مࣸحَمَّدَا,مࣸتࣸوبَ حࣸکٜوْتَايَࢽْعࣸوَاکࣸومࣸسَمْ ڢِتَا   وَطَࢽْغَ خࣸطࣸرَّدࣸࢽْ ڢَيَيّٜيٰ مࣸحَمَّدَا
اࢽي تحيرت ڢي امري وامرهم  شبه الࢽعامة لاطير ولاجمل,اࢽي تحيرت ڢي امري وامرهم  شبه الࢽعامة لاطيرولاجمل
کَرْکَثࣸوثِي ذَمَامِيَرْکࣸ   کࣸوْاْأَکࣸيْ بَارٜيٰ ثِکِࢽْکࣸ,کَرْکَثࣸوثِي ذَمَامِيَرْکࣸ کࣸوْاْأَکࣸيْ بَارٜيٰ ثِکِࢽْکࣸ
هَکَدِيدِجَوْدِوَسِتْرࣸهَاسࣸوطࣸدٜدِعَرْرࣸعْبَةِاِلنَّاسِ,هَکࣸدِيدِجَوْدِوَسِتْرࣸسࣸوطࣸدٜدِعَرْرࣸعْبَةِالنَّاسࣸ
بَکَمَاإِيَ إِيْدَڢَاتِحَابَا,بَکَمَاإِيَ إِيْدَڢَاتِحَابَا
مَاسࣸ ثَاثَادَمَاسࣸ لࣸوطࣸ   أَࢽْ کَطࣸواْسࣸ دَمَاسࣸ کَلّࣸواْ,مَاسࣸ ثَاثَادَمَاسࣸ لࣸوطࣸ   أَࢽْ کَطࣸواْسࣸ دَمَاسࣸ کَلّࣸواْ
ࢽٜمَاࢽي عَکٜي عَکَامَاعَطَوْرَٜى    بَيْرَسَ لَيڢࣸکَاوَجَࢽْ مَيشَرِيعَ,ࢽٜيٰمَاࢽَيْ عَکٜي عَکَامَاعَطَوْرٜيٰ  بَيْرَسَ لَيْڢࣸکَاوَجَࢽْ مَيْشَرِيعَ
دَوَّمَمّٜي حَڧِيڧَةََبَاشِ مࣸتوَا   سَرْمَدََا دَاءمََا شٜکٜمِيٰ بِدَوَامِ,دَوَّمَمّٜيٰ حَڧِيڧَةَ بَاشِ مࣸتࣸوَا  سَرْمَدَادَاءِمَاشٜکٜي بِدَوَامِ
وَࢽْسࣸ ࢽَاࢽَࢽْ سࣸࢽَاتَيِي ࢽَيْ ثِلِمّࣸ    مَاسࣸ ڧࣸوٰثٜيٰمَ وَࢽْدَيَڢَّارَکَامࣸ,وَࢽْسࣸ ࢽَاࢽَࢽْ سࣸࢽَاتَيِي ࢽَيْ ثِکِمّࣸ  مَاسࣸ ڧࣸوثٜيٰمَ وَࢽْدَيَڢَّارَکَامࣸ
دࣸࢽْ يَوَࢽْ غَرْدَࢽْدَمِࢽْسࣸ    سَيْسࣸ هَلَّکَ ࢳَࢽْ أࣸوَࢽْسࣸ,دࣸࢽْ يَوَࢽْ غَرْدَࢽْدَمِࢽْسࣸ سَيْسࣸ هَلَّکَ ࢳَࢽْ أࣸوَࢽْسࣸ
إِࢽْ کَثٜيٰ بَاکِࢽْ کࣸطِࢽْکَ   ࢽٜيٰ رِڧوْاْࢽَتَ غَرٜيٰکَ,إِࢽْ کَثٜيٰ بَاکِࢽْ کࣸطِࢽْکَ   ࢽٜيٰ رِڧࣸوْاْࢽَتَ کٜيٰ غَرٜيٰکَ
فال رحمالله تحلى وذکره بحضى شيوخ اࢽ اسم تحلى لطيڡ,فال رحم الله تحلى وزکره بحض شيوخ اࢽ اسم تحلى لطيڡ
کَغَ ڢَاتࣸووَجٜىٰ وَجٜىٰ ࢽَاتَيَاوࣸو    وَيْشِى غَاشَرࣸوڢَابَايَاسَࢽَاعَ,کَغَ ڧَاتࣸووَجٜيٰ وَجٜيٰ ࢽَاتَيَاوࣸو   وَيْشِى غَاشَرࣸوڢَابَايَاسَࢽَاعَ
عِذَابَاتَا الله اَرَࢽَرْ الڧِيَامَا   تَعَلَى دَيَيࣸوتَ دࣸࢽمِيْذِࢽَا,بَذَابَاتَااللَّه أَرَاࢽَاالڧِيَدَمَا   تَعَلَى دَيَيࣸوْتَ دࣸࢽمِيذِࢽَا
ذَمَااِتَطَوْسَرْکِي کَدࣸوبِي غَأيْکࣸࢽَا ࢽَبَاوَادَيَذَّمْ مࣸومِࢽِي غَمࣸحَمَّدَا,ذَمَاإِتَطَوْسَرْکِي کَدࣸوبِي غَأَيْکࣸࢽَا   ࢽَبَاوَادَيَذَّمْ مࣸومِࢽِي غَمࣸحَمَّدَا
ثم الرسول کليم الله يسٔلها ؞ لولم تجىٰ فط لم يرغبد ولم يَسل,ثم الرسول کليم الله يسٔلها ؞ لولم تجر فط لم يرغب ولم يسل
مَرْغَرَاکٜيٰࢽَࢽْ غَبَاوَا  رَيْ کَبَࢽْ کࣸوْاࢽْادَعࣸضْوَا,غَرْغَرَاکٜيٰࢽَࢽْ غَبَاوَا  رَيْ کَبَࢽْ کࣸوْاࢽَادَعࣸضْوَا
شِىْ مࣸتࣸم ࢽٜىٰ مَىْ حَࢽَاࢽَا     غࣸࢽْ مࣸسࣸلمِى بَاخِيَاࢽَا,شِى مَتࣸمْ ࢽٜىٰ مَىْ حَࢽَاࢽَا غࣸࢽْ مࣸسࣸلْمِى بَاخِييَاࢽَا
سَيْ أَثٜيٰ جِبْرِيلࣸ جٜيٰکَ   غࣸࢽْ مَڢِيڢِيثِࢽْ مَأَيْکَ,سَىْ أَثٜىٰ جِبْرِيلࣸ جٜيٰکَ غࣸࢽْ مَڢِيڢِيثِࢽْ مَأَيْکَ
أَݣࣸويْ مَاتَاࢽَاࢽَࢽْ مࣸو شِدَ   ذࣸوکࣸسَ إِࢽْ ࢽَّڢَطِي کَجِمِلْتَا,أَݣࣸويْ مَاتَاࢽَاࢽَࢽْ مࣸوشِدَ  ذࣸوکࣸسَ إِࢽْ ࢽَڢَطِي کَجِمِلْتَا
ࢽَمَࢽْغِ زَارِيَ,ࢽَمَࢽْغِ زَارِيَ
ࢳَࢽْ عࣸوَاࢽٜيٰ لَامࣸحَالَهْ    ࢳَࢽْ مࣸرࣸواْتࣸواْ مَالَعَلَّهْ,ࢳَࢽْ عࣸوَاࢽٜيٰ لَامࣸحَالَهْ ࢳَࢽْ مࣸرࣸواْتࣸواْمَالَعَلَّهْ
ألࢽَّبِࢽْمࣸ يَذࣸودَ سࣸࢽَّـا   دࣸوࢽِيَا هَسْکى يَذࣸوࢽَا,أَلࢽَّبِࢽْمࣸ يَذࣸودَسࣸࢽَّا   دࣸوࢽِيَاهَسْکٜى يَذَوْࢽَا
بَيْ بَرْمࣸ مࣸسّامِ سَادࣸوَابَا,بَيْ بَرْمࣸ مࣸسَامِ سَادࣸوَابَا
ڢَسࣸࢽٜبَرْتَعَالى تعالى شىٜرس اࢽَاسࢽک کومَا مࣸتَاࢽٜى زِࢽَا,ڢَسࣸࢽْغٜ بَرْتعَالى تَعالى شبرسࣸ اࢽَاسࢽْکَ کࣸومَامࣸتَاࢽٜى زِࢽَا
بَابࣸ کَورِي بَابࣸ ڢَاطِ  ࢽَاجِ تࣸواْذَايٜࢽْ صَرَاطِ,بَابࣸ کَوْرِي بَابࣸ ڢَاطِ   ࢽَاجِ تࣸواْذَايٜࢽْ صِرَاطِ
وَالتَّيَامَرࣸعٜيَمْکِنَادٜعِندَࡻلسَّلاَمِ سَاوَسَلْمِنْدٜ,وَالتَّيَامَرࣸ عٜيَمْکِنَادٜعِنْدَࡻلسَّلاَمِ سَاوَسَلْمِنْدِ
يَابَاشِ يَرْدَࢽْ يِࢽْ تَکَرْ دࣸࢽْ سَرَاکࣸࢽَا ؞ دَسࣸوڢَ دَمَالَمَّاأَکَيْسࣸ غࣸدَاغࣸدَا,يَابَاشِ يَرْدَࢽْ يِࢽْ تَکَرْدࣸࢽْ سَرَاکࣸࢽَا ؞ دَسࣸوڢَ دَمَالَمَّاأَکَيَيْسࣸ غࣸدَاغࣸدَا
بَلّٜيٰ ڢأَثٜيٰ بَسࣸيْ يَوَابَا,بَلّٜيٰ ڢَأَثٜيٰ بَسࣸيْ يَوَابَا
وَࢽْسࣸ کࣸواْ بِسَ رَرَّڢٜيٰࢽٜيٰ    ذَاسࣸ ڧٜيٰتَرَحَرْسࣸڧࣸوࢽٜيٰ,وَࢽْسࣸ کࣸواْبِسَ رَرَّڢٜيٰࢽٜيٰ  ذَاسࣸ ڧٜيٰتَرَحَرْسࣸڧࣸوࢽٜيٰ
دَشِکَࢽْ مَࢽِ بَاأَبِࢽْ مࣸسࣸوبَا,دَشِکَࢽْ مَࢽِ بَاأَبِࢽْ مࣸسࣸوبَا
متاࢽي سࢽد مي وس سࢽ مکبتا   يويثي سࢽذمو جمع ࢽصارا,متاࢽي سࢽد مي وس سࢽ مکبتا  ويثي سࢽذموجسغ ࢽصارا
کَدَدَيْ يَثِ بَايَوْدَرَابَا,کَدَدَيْ يَثِ بَادَيَوْدَرَابَا
يَا صَاحِبࣸ کَکࣸلاَ دَحَالِࢽْ دوࢽيا عمَّا کلور کدࢽزيرت عࢽ عوا,يَاصَاحِدِ کَکࣸلَ دَحَالِࢽْ دࣸوࢽِيَا   عَمَّاکࣸلࣸورَکࣸذَࢽزِيَرْتَ عࢽْ عࣸوَا
يَبِ سࣸࢽَّابَادَکَࢽْغَرَابَا,يَبِ سࣸࢽَّابَادَکَࢽْغَرَابَا
سࣸکَ,سࣸکَک
بَسࣸ کَࢽْ سࣸوْاْتَادَ هَࢽْکࣸلَابَا,بَسࣸ کَࢽْ سࣸوْاْتَادَهࣸࢽْکࣸلَابَا
دَࢽْ اَللَّهْ ࢽَارࣸوڧٜيٰکࣸ کَرْ کࣸڧࣸلٜيٰ دَࢽٜي   دَࢽْ غَسْکِيَاثٜيٰ مَيْوࣸيَاغَمࣸتَاࢽٜيٰ,دَࢽْ اللَّهْ ࢽَارࣸوڧٜيٰکࣸ کَرْکࣸڧࣸلٜيٰ دَࢽِي  دَࢽْ غَسْکِيَاثٜيٰ مَيْوࣸيَاغَمࣸتَاࢽٜيٰ
لم لايکوࢽ محالا ت العفول لنا ؞ اذفادراࢽ على المفددرغيرجل,لم لا يکدࢽ محالا نا العفول لنا ؞ اذفادراࢽ على المفددرغيرجل
تمت,تمت
َدَبَيْيِ کࣸوْامَيْ دَتَࢽْبَيَابَا,دَبَيْيِ کࣸوْامَىْ دَتَࢽْبَيَابَا
مَࢽ ذَامِࢽَ الْخَلڡِ يَفْضِ شࣸکْرَوَالِڢِحِمَالَوْ کَاࢽَ يَشْکࣸرࣸ دلࣸولَ الَذلغࢽ لَمْ يَصِلِ,مَࢽْ ذَامَࢽَ الْخَلْڡِ يَفْضِ شکْرَ وَالِڢِيمَالَوْکَاࢽَ يَشَکࣸرࣸطَلࣸولَ ࡻلذَلِغِ لمْ يَِلِ
ذَاسࣸ إِسْکٜيٰ إِرِࢽْ رَبࣸࢽسࣸ     سࣸࢽْ ࢽَوَيْ غَمَتَتّرَرْسࣸ,ذَاسࣸ إِسْکٜيٰ إِرِࢽْ رَبࣸࢽْسࣸ سࣸࢽْ ࢽَوَيْ غَمَتَتَّرَرْسࣸ
ادࢽ سباک کوتاکا کعمسا   دڢي ࢽا سࢽکباک غبࢽصارا,ادࢽ سباک کوتاکاکعمسا   دڢي ࢽاسࢽکباک غبࢽصارا
ذࣸوثِيَاتَسَ غَاإعَاࢽَا     غَاکِيَايٜىٰوَرْأَمَاࢽَا,ذࣸوثِيَاتَسَ غَاإِعَاࢽَا غَاکِيَايٜيٰوَرْأَمَاࢽَا
٥ رَبَّࢽَا کَيْمِࢽْ إِجَابَا    إِࢽْغ ࢽَࢽْ صَلاَّ أَطَيبَا,٥رَبَّࢽَاکَيْمِࢽْ إِجَابَا  إِࢽْغَ ࢽَࢽْ صَلَّاأَطَيْيبَا
ثٜى دَࢽِ رَاࢽَرْڟَيَاوَا  تَرْ سَشِࢽْ ذࣸࢽࣸبَࢽْغَ ࢽَاوَا,ثٜىٰ دَࢽِيرَاࢽَرْڟَيَاوَا   تَرْسَشِࢽْ ذࣸࢽࣸبَࢽْغَ ࢽَاوَا
بَىْ سَامِ وࣸرِࢽْدَذَىْ ڟَيَابَا,بَيْ سَامِ وࣸرِࢽْدَذَىْ ڟَيَابَا
يَايِي کَيْوْدَيْ طَࢽْ مࣸسࣸلْمِي   يَيْتَ أَدِّيࢽِ بَࢽٜيٰمِ,يَايِي کَيْوْدَيْ طَࢽْ مࣸسࣸلْمِي  يَيْتَ أَدِّيࢽِ يَࢽٜيٰمِ
ڢّثّاࢽْ سࣸکٜيٰدَيْدَيْ دَحࣸورࣸغَشٜيٰکَرَا   تࣸتࣸبْ سَيْ کَرَاماَثَاࢽَ طࣸوبَيْ دَاَحْمَدَا,ڢَثَاࢽَ سࣸکٜيٰدَيْدَيْ دَحࣸورࣸغَشٜيٰکَرَا   تࣸتࣸثْ سَيْ کَرَامَاثَاࢽَ طࣸوبَيْ دَأَحْمَدَا
دࣸࢽْ مࣸتَاکَ دࣸغَادࣸڧِࢽْکࣸ   مࣸࢽْ ذَتَاکِرْکِ غَرٜيٰکࣸ,دࣸࢽْ مࣸتَاکَ دࣸغَادࣸغِࢽْکࣸ  مࣸࢽْ ذَتَاکِرْکِ غَرٜيٰکࣸ
مࣸيْ شِرِࢽْ تَڢِيَامࣸتَاࢽٜيٰ   مَيْ ذࣸوَاࢽَّࢽْ کࣸوْاْغَوَاࢽٜيٰ,مࣸيْ شِرِࢽْ تَڢِيَامࣸتَاࢽٜيٰ مَيْ ذࣸوَاࢽَّࢽْ کࣸوْاْغَوَاࢽٜيٰ
سَࢽَّࢽْ,سَࢽَّࢽْ
بَبَّࢽْ أَبِࢽْدَࢽَتَࢽْبَيَا يَاࢳࢽْ عࣸوَا    دࣸکَّࢽْ حَلِتَّا وَاللَّهِ بَايَمࣸتاࢽٜيٰ,بَبَّࢽْ أَبِࢽْدَࢽَتَࢽْبَيَايَاࢳَࢽْ عࣸوَا   دࣸکَّࢽْ حَلِتَّاوَاللَّهْ بَايَمࣸتَاࢽٜيٰ
٥٥ کࣸوْاوَࢽىٰ أَکَبَاشِ أَيْکِ سَيْ أَمَيْ عَدَدِي غَأَيْکِ,٥٥کࣸوْاْرَࢽٜىٰ أَکَبَاشِ أَيْکِ   سَيْ أَمَىْ عَدَدِي غَأَيْکِ
مَاسࣸ جِࢽْيَا سَيْ سَواڟٜيٰ   سࣸيْ تَکࣸوکَاسَيْ ࢽَڟَڟّٜيٰ,مَاسࣸ جِࢽْيَاسَيْ سࣸوَاڟٜيٰ  سࣸيْ تَکࣸوکَاسَيْ ࢽَڟَڟّٜيٰ
شِمْڢِطَاتَسَ کࣸودَمࣸوࢽِ    بَيْتَ إِࢽْدَيَسَࢽْ سࣸکࣸورِ,شِمْڢِطَاتَسَ کࣸودَمࣸوࢽِ  يَيْتَ إِࢽْدَيَسَࢽْ سࣸکࣸوࢽِ
مَاسࣸ کࣸواْدَوَجَاغَرَىٰمࣸ دࣸوْبِ شَيْخࣸ مࣸجَدَّدِࢽْمࣸ,مَاسࣸ کࣸواْدَرَجَاغَرٜىٰمࣸ   دࣸوْبِ شَيْخࣸ مࣸجَدَّدِࢽْمࣸ
أَࢽْکِرَاسࣸ ذࣸوَاکࣸشٰٜوَا وْࢽْدَوَيْشِ دࣸࢽْ دَطٜيٰوْا,أَࢽْکِرَاسࣸ ذࣸوَاکࣸشٜيٰوَا  وَࢽْدَوَيْشِ دࣸࢽْ دَطٜيٰوَا
والحسࢽ بالعڢل والتفيح اوفعم ؞ و نحࢽ لشى عممااࢽ يفل نفل,والحسࢽ بالعفل والتفييح اوفعم ؞ ونحࢽ لش ع ممااࢽ يفل تفل
دࣸکْمࣸتࣸمْ يَبِ شࣸوغَبَࢽْسَ    ذࣸوثِيَا طَيْ کَرْشِڢَاسَ,دࣸکْمࣸتࣸمْ يَبِ شࣸوغَبَࢽْسَ ذࣸوثِيَاطَيَ کَرْشِڢَاسَ
بَسࣸکَيْ رِدَّا اَلَاخِرَابَا,بَسࣸکَيْ رِدَّااَلَاخِرَابَا
بَسࣸکَࢽْ طَامَيْ مࣸوَاڢَڧَابَا,بَسࣸکَࢽْ طَامَيْ مࣸوَاڢَڧَابَا
عَامَيْࢽِ ذَيْ ذَمْࢽَاأَثِکِࢽْ وࣸتَا    أَيْبَابࣸ زَمْࢽَاوَابَادࣸوغَرَىٰ,عَامَيْࢽِ ذَيْ ذَمْࢽَاأَثِکِࢽْ وࣸتَا   أَيْبَابࣸ زَمْࢽَاوَابَادࣸوغَرَىٰ
طَاکِࢽْدَيَݣَاࢽَ ذَيْىِ غَمْبَا,طَاکِࢽْدَيَݣَاذَيْيِ غَمࣸبَا
بَکࣸسَࢽْ شِࢽٜىٰ مَلَاءکَابَا,بَکࣸ سَࢽْ شِيࢽٜيٰ مَلَاءِکَابَا
٥٨ بَاشِ ذࣸوبى إࢽْ يَبَاکَ  بَاشِ جِࢽْ ڧَيَا شِى أَبِࢽْکَ,٥بَاشِ ذࣸوبٜىٰ إِࢽْ يَبَاکَ  بَاشِ جِࢽْ ڧَيَاشِࢽْ أَبِࢽْکَ
دࣽسْطٜ ࡶَلْسِلَمَاکࣸ خَمْشَاةࣻکࣽجࣽوٜأوَّلࣸهَاعَرَنࣽعࣽࢽْ,دࣸسْطٜ ࡶَلْسِلَمَاکࣸ خَمْشَةࣻکࣽجࣽوِࡶٔوَّلࣸهَاعَرَنࣽعࣽࢽْ
بَلّٜيٰ ڢَمࣸو دَمࣸکٜيٰ غَࢽِي دَإِدَࢽْدࣸࢽَا   غَاحَࢽْکَلِي أَغَرٜيٰمࣸ سَادَتࣸࢽَاࢽٜيٰ,بَࢽّٜيٰ ڢَمّࣸودَمࣸکٜيٰ غَࢽِي دَإِدَࢽْدࣸࢽَا  غَاحَࢽْکَلِي أَغَرٜيٰمࣸ سَادَتࣸࢽَاࢽٜيٰ
ࢽَاثِکَامࣸکࣸ يٜࢽْ اࣸوَاࢽَا    تَمْبَيَرکࣸ سَبࣸواْدَڧَوْࢽَا,ࢽَاثِکَامَکࣸ يَٜࢽْ أࣸوَاࢽَا  تَمْبَيَرْکࣸ سَبࣸواْدَڧَوْࢽَا
يَيِّ تࣸوبَا شِڟِيرَ تَبَّتْ حَڧِڧََا,يَيِّ تࣸوبَاشِڟِيرَ تَبَّتْ حَڧِيڧََا
حَرْسࣸ تَاشِ سࣸࢽَادَ کَايَا    دࣸࢽْ ڢَطِࢽْدَ سࣸکٜيٰ ࢽَڧَرْيَا,حَرْتَاشِ سࣸࢽَادَکَايَا  دࣸࢽْ ڢَطِࢽْدَسࣸکٜيٰ ࢽَڧَرْيَا
کَرْکَيَرْدَدَثِࢽْ أَمَاࢽَا    کࣸوْاْمࣸتࣸمْ مَيْ سࣸوࢽْ خِيَاࢽَا,کَرْکَيَرْدَدَثِࢽْ أَمَاࢽَا کࣸوْاْمࣸتࣸمْ مَيْ سࣸوࢽْ خِيَاࢽَا
غَاعَلَامࣸوْاْمِࢽْ ڧِيَامَا   تَاجِرَيْ سࣸيَوَيْتَ هࣸوْاْمَا,غَاعَلَامࣸوْاْمِࢽْ ڧِيَامَا  تَاجِرَيْ سࣸيَوَيْتَ هࣸوْاْمَا
دَمَيْ بِرِࢽْ جَࢽَبَا تَدَطٜيٰ جِکِ   کࣸورِي شِي کࣸࢽْيِي غَشَࢽْ الْکَوْثَرَا,دَمَيْ بَرِࢽْ جَࢽَّبَاتَدَطٜيٰ جِکِ کࣸورِي ثِي کَࢽْيِي غَشَࢽْ اَلکَوْثَرَا
وَاڧَرْإِࢽْڢِرَاجِ تبِيو,وَاڧَرْإِࢽْڢِرَاجِ تَيِيࣸو
سَيْ سࣸرَرَّبَ ࢳَاࢳَࢽِࢽْسࣸ   دࣸکْ سࣸبَاتَ ذَمَاࢽِيَرْسࣸ,سَىْ سࣸرَرَّبَ ࢳَاࢳَࢽِࢽْسࣸ  دࣸکْ سࣸبَاتَ ذَمَاࢽِيَرْسࣸ
شَيْغࣸوا إِࢽْ سࣸࢽْيَوَيْتََاأَدࣸوࢽِࢽَا   جَرَّبࣸواْ سࣸکَࢽْ رِڧَاأَيْکࣸودࣸࢽِيَا,شَيْغࣸوْاإِࢽْ سࣸࢽْيَوَيْتَاأَحࣸوࢽِيَا  جَرَّبࣸواْسࣸکَࢽْ رِڧَاأَيْکࣸودࣸوࢽِيَا
غَاکࣸسْکࣸرٜيٰ غَامࣸڧࣸمْشِي ظࣸمَّا  ثِکِࢽْ تَکَرْدَاعَࢽْ ڟِبٜيٰ مَکࣸو,غَاکࣸسْکࣸرٜيٰ غَامࣸڧࣸمْشِي ظࣸمَّا  ثِکِࢽْ تَکَرْدَاعَࢽْ ڟِيࢽٜيٰ مَکࣸوْ
دَامࣸتࣸمْ ذَيْبَادَڢَࢽْسَا   ࢽَىْ أکَرْبٜىٰ حَرْ أࣸوَرْسَ,دَامࣸتࣸمْ ذَيْبَادَڢَࢽْسَا  ࢽَيْ أَکَرْݒٜيٰ حَرْأࣸوَرْسَ
إِࢽْ مَّثٜي تَاذَمَ بَاتَ دَڟَڢَتَا    وَࢽَࢽْ کَمْ تَاثِوْثِ مجِࢽْتَا,إِࢽْ مَّثٜيٰ تَاذَمَ بَاتَ دَڟَڢْتَا  وَࢽَّࢽْ کَمْ تَاثِوْثِ مِجِࢽْتَا
يَجِ کَلْمَابَا تَطَࢽْ أَدَمَّبَا,يَجِ کَلْمَابَاتَطَࢽْ أَدَمْبَا
شِي عِبَادَاڢَيْ دَݒࣸويٜيٰ    شِي حَوَاࢽَاࢽَࢽْ کࣸجَايٜيٰ,شِي عِبَادَاڢَيْ دَبࣸويٜيٰ  شِي حَوَاࢽَاࢽَࢽْ کࣸجَايٜيٰ
والتمسک الفول عماکاࢽ بينهم ؞ ولتشتغل بالذ>يعنيک مࢽ عمل,والتسک الفول عماکاࢽ بيننهم ؞ ولنشتغل بالذ>يعنيک م عمل
کَمَرْحَغࣸمَاسَبࣸوْادَغَمْبَا,کَمَرْحَغࣸمَاسَبࣸوْاْدَغَمْبَا
بَاطڟيرد,باطڟبرد
جا هديحدعسى بالله تغلبا ؞ لله درک اࢽ جاهدت مࢽ رجل,جاهديحدعسى بالله تغلبا ؞ لله درک اࢽ جاهذت مࢽ رجل
غَࢽْغَرْوَعَاذࣸواْذَاࢽِ کِطَاࢽَتَا  دَࢽْ مَّاسࣸواْ بَرْثِي سࣸڢَلْکَ سࣸجِيَا,غَࢽْغَرْوَعَاذࣸوْاْذَاࢽِ کِطَاࢽَتَا  دَࢽْ مَّاسࣸواْ بَرْثِي سࣸڢَلْکَ سࣸجِيَا
لَمْبَرْ غِدَࢽْسَ طَرِي حࣸطࣸو دَتَمَاࢽِࢽْ دَشِدَ,لَࢽَّبَرْغِدَࢽْسَࢽْ طَرِي حࣸطࣸودَتَمَاࢽِࢽْ دَشِدَّ
وفيل باڡ على وصڢ له ببفا ؞ کذاالفديم ووجدالبحث ڢيه جل,وفيل باڡ على وصڢ له ببفا ؞ کذاالفديم ووجدالجحث ڢيه جل
بَسࣸ تَاشِ کَمَادَࢳَࢽْ أَّدَمْبَا,بَسࣸ تَاشِ کَمَادَࢳَࢽْ أَدَمْبَا
فدجل سبحانه عࢽ اࢽ يکوࢽ له ؞ مࢽ الاوامࢽ غير ممتثل,فدجل سبحانه عࢽ اࢽ يکوࢽ له ؞ مࢽ الاوامࢽ امࢽ غيرممتثل
کࣸسَامِ لاَدَا کَا يَتَرْ ڧَارࣸوَا,کَسَامِ لَدَاکَايَتَيْ ڧَارࣸوَا
خلا ڢالمالک ابࢽ انس ابࢽ رشر,خلا ڢالمالک ابࢽ انس ابࢽ رشر
ذَاسࣸجٜيٰ وࣸتَ بَادَدَوَّمَابَا,ذَاسࣸجٜيٰوࣸتَ بَادَدَوَّمَابَا
شِيࢽٜيٰ يَي مَࢽَاذَࢽْثٜيٰ الدّࣸعَا   دَبَاتَکَيْوَا غࣸࢽْ أَمْسَ تَتَا,شِيࢽٜيٰ يَيْ مَࢽَاذَثٜيٰ أَلدّࣸعَا   دَبَاتَکِيْوَاغࣸࢽْ أَمْسَ تَتَا
تَيَبࣸواْࢽَسَ بَادَکࣸسْکࣸرٜىٰبَا,تَيَبࣸواْࢽَسَ بَادَکࣸسْکࣸرٜيٰبَا
أکࣸويْ سَاکٜي سࣸوࢽَا وَجَࢽْ کَارࣸوَا  إددَࢽْ کَاجِ سࣸوࢽَࢽْةَ کࢽْدٜي أيَرْوَا,أَکࣸويْ سَاکٜيٰ سࣸوࢽَا وَجَࢽْ کَارࣸوَا  إِدَࢽْ کَاجِ سࣸوࢽَࢽْةࣸ کَࢽْدٜيٰ أَيَرْوَا
حࣸرْتࣸمِي تَوْرٜيٰ دَجࣸويَا   کَاسࣸوَرْسࣸ تَࢽَادَحَࢽْيَا,حࣸرْتࣸمِي تَوْرٜيٰ دَجࣸويَا کَاسࣸوَرْسࣸ تَࢽَادَحَࢽْيَا
إِࢽْ أࣸوَاتَهَرَارِ أَوْرٜيٰ   سَي شِسࣸوْاْمَ ݒَرِي تَشࣸورٜيٰ,إِࢽْ أࣸوَاتَهَرَارِ أَوْرٜيٰ  سَيْ شِسࣸوْاْمَ بَرِي تَشࣸورٜيٰ
ذواالمعجز ات وبالفرءاࢽ کاࢽ له ؞ منا تحديد نصاغير محتمل,ذواالمعجزات وبالفرءاࢽ کاࢽله ؞ منحاتحديد نصاغير محتمل
ميس,مممࢽ
کَسَادَمَيْتَڢِيَا مَيْࢽِيسىٰ   أَيْ رࣸوَࢽْبَذَرَا بَايَاغِدَا,کَسَادَمَيْتَڢِيَامَيْࢽِيسَىٰ  أَيْ رࣸوَࢽْبَذَرَابَايَاغِدَا
لارمࢽ لم تکࢽ فطعاعفيرته ؞ على شڢاجرڡ لمارمࢽ الخطل,لاࢽ مࢽ لم تکࢽ فطعاعفيرته ؞ على شڢاجرڡ لهارمࢽ الخطل
سَىْ أَکࣸلّٜىٰ دࣸکَࢽْ وࣸتَاثٜىٰ    سَيْ جَهَࢽَّمَ مࣸࢽْجِ أَࢽْثٜىٰ,سَيْ أَکࣸلّٜيٰ دࣸکَࢽْ وࣸتَاثٜيٰ سَيْ جَهَࢽَّمَ مࣸࢽْجِ أَࢽْثٜيٰ
کَتࣸࢽَابَاذَامࣸ دَوَّمَابَا,کَتࣸࢽَابَاذَامࣸ دَوَّمَابَا
مَىْ بِطَرْکَتَرِي غکࣸواْمَى   إࢽْ يَࢽَاڢَاتَايَسَامَىْ,مَىْ بِطَرْکَتَرِي غَکࣸواْمَىْ  إِࢽْ يَࢽَاڢَاتَايَسَامَىْ
ثِي يٜࢽْ اَلْجَࢽَّهْ کࣸࢽْيَرْ    دَغَامࣸتࣸوَأَکَايَرْ,ثِي يَࢽْ اَلْجَࢽَّهْ کࣸࢽْيَرْ  دَغَامࣸتࣸوأَکَايَرْ
تࣸࢽْ أࢽَاغَيْسَى شِأَڧسَا مَرْيَڧَاغرَمَايَکَاسَا,تࣸࢽْ أَࢽَاغَيْسَيْ شِأَمْسَا  حَرْيَڧَاغَرَمَايَکَاسَا
ࢽَيْ حَمْدَلَهْ,ࢽَيْ حَمْدَلَهْ
أَکَثٜيٰ بَاذَاسࣸ ڧٜيٰتَرَابَا,أَکَثٜىٰ بَاذَاسࣸ ڧٜيٰتَرَابَا
إِذَࢽْ کَاغِيَاکࣸوَکَاغَمࣸودَعࣸبَࢽْغِجِ ؞ أَرَاࢽَ الْڧِيَامَ بَاکَ حࣸجَّاڢَ کࣸوغࣸدَا,إِذَࢽْ کَلَڧغِيَاکࣸوَکَاغَمࣸودَعࣸبَࢽْغِجِ ؞ أَرَاࢽَ الْڧِيَامَ بَاکَ حࣸجَاوَ کࣸوغࣸدَا
اما الثمارڢاصناڡ منوعَة ؞ شکلل وطعماکذالمࢽ الجبوب جل,اما الثمارڢاه ناڡ منوعسة ؞ شکلل وطعماکذالمࢽ الجبوب جل
ذَابَيَامَىْ تَادَصَوْتِ    کٜىٰ هَࢽَاکَ تࣸࢽِࢽْ وَڢَاتِى,ذَابَيَامَيْ تَادَصَوْتِ  کٜىٰ هَࢽَاکَ تࣸࢽِࢽْ وَڢَاتِي
بَاذَاشِ هَࢽَامࣸ سَادࣸوَابَا,بَاذَاشِ هَلَامࣸ سَادࣸوَابَا
سَيْتَ عࣸکࣸࢽْسࣸ غَدَࢽغَمَ کٜيٰࢽْ   بَاتَ ࢽࣸڢِࢽْ ۼٜيٰرَا سَيْ ثࣸوْتَا,سَيْتَ عࣸکࣸࢽْسࣸ غَدَࢽْغَمَ کٜيٰࢽْ   بَاتَ ࢽࣸڢِࢽْ ۼٜيٰرَاسَيْ ثِوْتَا
إِࢽْ جِي مَالَمْ يَثٜيٰ يَࢽْدَسَکٜيوَا  حَبَاسَمَارِي أَيْ هِمَّ اَلشِّرِي,إِࢽْ جِي مَالَمْ يَثٜيٰ بَࢽْدَسَکٜيٰوَا حَبَاسَمَارِي أَيْ هِمَّ اَلشِّرِي
رَࢽْدَيَيْ أَزࣸمِي مَصِيبَا   سَيْ تَسَامَسَ بَاکَطَࢽْبَا,رَࢽْدَيَيْ أَزࣸمِيِ مَصِيبَا  سَيْ تَسَامَسَ بَاکَطَࢽْبَا
شِي مَيْسَمَّکࣸوْࢽْ ڢِتَرْکَاسࣸوَاࢽٜي  بَايَاجٜي بَࢽٜي ڢَدَࢽْ يَيِّي صَࢽَاعَ,شِي مَيْسَمَّکࣸوࢽْ ڢِتَرْکَاسࣸوَاࢽٜيٰ   بَايَاجٜي بَࢽٜيٰ ڢَدَࢽْ يَيِّي صَࢽَاعَ
الࢽَّاشِرࣸأَحْمَدࣸالتِّجَاࢽِي حَڢِظَهࣸ اَللَّهࣸ وَڢَّ ڧَࢽَااللَّهࣸ,اَلࢽَّاشِرࣸأَحْمَدࣸ اَلتِّجَاࢽِي حَڢِظَهࣸ اَللَّهࣸ وَڢَّڧَࢽَااللَّهࣸ
أَکَثٜىٰ ݣَاࢽِࢽْسَ بَىْ سَࢽِبَا,أَکَثٜيٰ کَاࢽَࢽْسَ بَىْ سَࢽِبَا
يفڢواالصحابت ڢى هدى وناسن ؞ لا نهم فدوة ڢى الفدل والعمل,يفڢواالصحابت ڢى عدى وتاسن ؞ لا نهم فذوةڢى الفول والعمل
إِࢽࢽَيْ تࣸࢽَاࢽِي ࢽَمَالَمْ مَࢽْذࣸواْ   أِثِکِࢽْ دَاڢࣸواْ ࢽَيْکوکَࢽْ رَشِ,إِࢽْࢽَيْ تࣸࢽَاࢽِي ࢽَمَالَمْ مَࢽْذࣸواْ  أَثِࢽْ أَدَاڢࣸواْ ࢽَيْکࣸوکَࢽْ رَشِ
بَاشِمَاڧَوْࢽَرْسࣸغَيْسَ    دࣸࢽْ يَوَࢽْ مࣸوࢽِࢽْ حَلِࢽْسَ,بَاْشِ مَاڧَوْࢽَرْسࣸغَيْسَ دࣸࢽْ يَوَࢽْ مࣸوࢽِࢽْ حَلِࢽْسَ
وَࢽْدَکٜيٰدَرَبࣸوْاْ يَتࣸوبَا   وَࢽْدَکࣸوَاْبَيْ حَمْزَرِيبَا,وَࢽْدَکٜيٰدَرَبࣸوْاْيَتࣸوبَا  وَࢽْدَکࣸوْاْبَيْ حَمْزَرِيبَا
مَعَࢽَاکࣸوْاْذࣸوثِيَايَدࣸوبَا,مَعَࢽَاکࣸوْاْذࣸوثِيَايَدࣸوبَا
فصل ڢيما اتت به السمعيات مࢽ الا موزالمغيبات,ڢصل ڢيمااتت به السمعيات مࢽ الامورالمغيبات
مَالَمِࢽْمࣸ شِکَࢽْيِ تَاطِ   أَࢽْغَ لَکَّڢَࢽِي دَشࣸوطِ,مَالَمِࢽْمࣸ شِکَࢽْيِ تَاطِ  أَࢽْغَ لِکَّڢَࢽِي دَشࣸوطِ
بَاذَيْثِ تࣸوࣸࢽْسَ مِيَابَا,بَاذَيْثِ تࣸوࣸࢽْسَ بَامِيَابَا
کࣸمَ کَکَيْمَࢽْ غَيْسࣸوَاتَا    غࣸࢽْ مَوَࢽْکِࢽْ ذࣸوثِياتَا,کࣸمَ کَکَيْمَࢽْ غَيْسࣸوَاتَا  غࣸࢽْ مَوَࢽْکِࢽْ ذࣸوثِيَاتَا
غَاوࣸتَادَذࣸوَا أَمِيڧَا    حَرْمْذَاجٜىٰ مَاسࣸ لٜىٰڧَا,غَاوࣸتَادَذࣸوَاأَمِيڧَا   حَرْمَذَاجٜيٰ مَاسࣸ لٜيٰڧَا
وَايىٰ مَيْذَمَࢽْذَتَودَࢽْ عَبَاشِ    ثٰٜࢽٜىٰ مِࢽْ مࣸتِࢽْ مَرَرْ يِࢽْ صَࢽَاعَ,وَايٜيٰ مَيْذَمَࢽْ ذَتࣸودَࢽْ عَبَاشِ  ثٜيٰࢽٜيٰ مِࢽْ مࣸتِࢽْ مَرَرْيِࢽْ صَࢽَاعَ
دَبَاشِࢽْ دَطَلڧى بَلٜى الْوَضى    کࣸسَࢽْ بَابَ صَلَاغَمَى زِࢽَا,دَبَاشِࢽْ دَطَلغِى بَلٜى الوضَى  کࣸسَࢽْ بَابَ صَلَاغَمَى زِࢽَا
بڧر ڢتࢽا غرس دکو مڧيدا تبد ديࢽ مسلمي الࢽصارا,بڧرڢتࢽا غرس دکومڧيدا  تبدديࢽ مسلمي الࢽصارا
ݣࣸاࢽࣸکَا ࢽَعَلِيَّ دࣸوࢽِيَا    بَابࣸ مَيْ ذَمْࢽَاوَا الَاڢِيَا,کَاࢽࣸکَاࢽَعَلِيَّ دࣸوࢽِيَا بَابࣸ مَيْ ذَمْࢽَاوَالَاڢِيَا
اذࢽ,اذࢽ
جَمَعَاکَسَوْرَارٜيٰ غَاوَࢽِ غَرْغَطِي   ذَࢽْ بَيَّࢽا شِ غَمِي دَمَاتَࢽْ أَوْرٜيٰ,جَمَعَاکࣸسَوْرَارٜيٰ غَاوِࢽْ غَرْغَطِي  ذَࢽْ بَࢽَاشِ غَمِي دَمَاتَࢽْ أَوْرٜيٰ
دࣸومِࢽْ أَيْکِࢽْسَ بَيْ ثِرَابَا,دࣸومِࢽْ أَيْکِࢽْسَ بَيْ ثِرَابَا
إِࢽْکاڟَيَا,إِࢽْکَاڟَيَا
وَࢽِذࣸوثِيَا تَيْ ࢽَابࣸکَاتَرْ تَيْمَکࣸوࣸ,وَࢽِذࣸوثِيَاتَࢽْ ࢽَدَبࣸکَاتَرْتَيْمَکࣸو
أَرزِڧِى غَمࣸتࣸمْ ࢽَرَيٜىٰ ڟَيࣸدسࣸࢽَّه ڢَىْ دَيࣸوميٜىٰ,أَرْزِڧِي غَمࣸتࣸمْ ࢽَرَايٜيٰ ڟَيْدَسࣸࢽَّهْ ڢَيْ دَيࣸويٜيٰ
٥٩ بَاشِ ڧَبا مَرمىْ تَلَوْثِ  دࣸوࢽْ رَشِى بَايَا بࣸتࣸلثِ,٥٩بَاشِ ڧَبَامَرْمَىْ تَلَوثِ  دࣸوࢽْ رَشِى بَايَابࣸتࣸلْثِ
هَاسࣸوࢽࣸومَاکࣸيْ زَکَرْ حَڟِي   کࣸبَادَ صَلَّىٰ کَࢽْ وَّڧْتِيࢽَتَا,مَاسࣸوࢽࣸومَاکࣸيْ زَکَرْحَڟِي کࣸبَادَصَلَّىٰ کَࢽْ وَّڧْتِيࢽْتَا
کࣸواْدَطَامَࢽْ کࣸواْدَڧَايَا  دࣸکْ أّبِࢽْ کࣸواْيَابࣸوَايَا,کࣸواْدَطَامَࢽْ کࣸواْدَڧَايَا   دࣸکْ أَبِࢽْ کࣸواْيَابࣸوَايَا
ما فال للشي ى الاوکاࢽ على ؞ وڢڡ الارادة مࢽ بط ومࢽ عجل,مافا ل للشي ءى الاوکاࢽ على ؞ وڢڡ الارادة مࢽ بط ومࢽ عجل
ڢَرْکࣸࢽْسࣸ ظَالࣸمْثِي ࢽَسَرَاکࣸࢽَا  کَاࢽَ دَتَاکٜيٰ ڢَطَاغࣸࢽْ مَّالࣸمَا,ڢَرْکࣸࢽْسࣸوظَالࣸمْثِي ࢽَسَرَاکࣸࢽَا کَاࢽَ دَتَاکٜيٰ ڢَطَاغࣸࢽْ مَّالࣸمَا
امسک لسانک تسلم مࢽ غوابله ؞ بالمت ثم متى لم يمکر انعزل,امسک لسانک تسلم مࢽ غوابله ؞ بالهت ثم متى لم يک انعزل
سَيْ سࣸثٜيٰ ڟَࢽْࢽِࢽْ وࣸتَاࢽٜيٰ  يَاإِسَمَّࢽْ يَوْشٜيٰࢽٜيٰࢽيٰٜ,سَىْ سࣸثٜيٰ ڟَࢽَࢽِࢽْ وࣸتَاࢽٜيٰ يَاإِسَمَّࢽَ يَوْشٜيٰ ࢽٜيٰࢽٜيٰ
وَلاَتَعِيࢽࣸ الْعيْشَ عَلَى أَهْلِهَاوَاءࣸخَرَىٰ وِعَاءࣸࣸ لِلْوَلَدِ,وَلَتَعِيࢽࣸ اَلَيْشَ عَلَى أَهْلِهَاوَاءࣸ خِرَىٰ وِعَاءࣸ للْوَلَدِ
أَݣࣸيْ وَتَ کَرَامَ کࣸمَ تَجِيکَࢽْ مࣸحَمَّدࣸ؞  کࣸکَرْکَتَ کࣸࢽٜيٰ دࣸکْ کࣸجِيتَا دَڧَاءِدَا,أَݣࣸيْ وَتَ کَرَاڢَ کࣸمَ تَجِيکَࢽْ مࣸحَمَّدࣸ ؞ کࣸکَرْکَتَ کࣸࢽٜيٰ دࣸکْ کࣸجِيَتَادَڧَاءِدَا
يَوْبَا شِرِيَا سࣸکٜيٰ ࢽࣸڢِيبَا,يَوْبَاشِرِبَاسࣸکٜيٰ ࢽࣸڢِيبَا
جَاءِزِيࢽٜيٰ کَرْيَڢَاسَ   دَࢽْ غَࢽِࢽْسࣸ ڢَکٜيٰ وَࢽِࢽْسَ,جَاءِزِيࢽٜيٰ کَرْيَڢَاسَ   دَࢽْ غِࢽْ ڢِکَࢽٜىٰ وَࢽِࢽْسَ
على سيدࢽا محمد,على بيدنامحد
غاالله ذࢽبدت غالرسول    ذماشي اࢽلباثٜيٰتو مڟيرا,غذالله ذࢽبدت غالرسول  ذماشي اࢽکباثٜيٰتو مڟيرا
أَکࢽْ لَدّࣸوَا وَࢽَلࣸوءْلوء کࣸوࢽَشَاࢽَسَا    کࣸتَمْثِࢽْسࣸ دَيْڢَ دَألࢽَّبَاوَاغکࣸوڧِدَا,أَکَيْ لِدّࣸوَاوَࢽَعࣸوْلࣸوءکࣸوࢽَشَاࢽَسَا   کࣸتَمْثِࢽْسࣸ دَيْڢَ دَاَلࢽَّبَاوَاغَکࣸوڧِدَا
الاول الاخى المعبودذوفدى ؞ وصڢ الکدوث محال غيرمنشتل,الاول الاخرالمعبودذوفدي ؞ا وصڢ الحدوث محال غيرمشتمل
بَايَࢽْدَبَذَاشِ رَاذَࢽَابَا,بَايَࢽْدَبَذَاشِ رَاذَࢽَابَا
يَࢽْتَدࣸواْ کَࢽࣸو,يَࢽْتَدࣸواْ کَࢽࣸو
مروک تَعالى شِبَيشٜى م حَيَا     مࣸبَرْکَاڢرثِ مࣸبَر يࢽْ زࢽَا,مࣸذࣸوکَ عَالِࢽْ شِبٜيشٜى مَ حَيَا   مࣸبرکَاڢَرْثِ مࣸبَريࢽْ زِࢽَا
تࣸواْدَسَوْرَࢽْ تَࢽْبَاتَا    مَاغَࢽٜي ميْ وَرْکٜيٰ ثࣸوتَا,تࣸواْدَسَوْرَࢽْ ࢽَࢽْيَاتَا  مَاغَࢽِي مَيْ وَرْکٜيٰ ثࣸوتَا
ثِي دَشَابَ بَلٜيٰ سࣸࢽٜيٰمِ  إِࢽْدَذَاسࣸ ڟَيَاأَرَامِ,ثِي دَشَابَ بَلٜيٰ سࣸࢽٜيٰمِ إِࢽْدَذَاسࣸ ڟَيَاأَرَامِ
لا شک ڢى انها رک لمصلحة ؞ اذاافيمت على شرط لمعتدل,لا شک ڢى انهارکࢽ لمصلحة ؞ اذاافيمت على شرط لمعتدل
کࣸوࣸوڧࣸوڧَرِي دَࢽْ اَللَّهࣸ کَاجِڢَاطَࢽ عࣸوَا ؞  کࣸرࣸمْ کَدَکࣸيِوࣸبَرْࢽَاکࣸسَابَ دَأَحْمَدَا,کࣸوࣸوڧࣸوڧَرِي دَࢽْ اَللَّهࣸ کَاجِڢَاطَࢽْ أࣸوَا ؞  کࣸرࣸمْ کَدَکࣸيِوࣸبَرْࢽَاکࣸسَابَ دَأَحْمَدَا
غَوَطَࢽْدَ بَسࣸي مࣸوَاڢَڧَابَا,غَوَطَࢽْدَبَسࣸي مࣸوَاڢَڧَابَا
مِطࣸ جࣸولَ حِسْࢽ عٜأَنَّبِيجࣸ عٜأَلِعٜࢽْ عٜصَحَا بَعٜࢽْ جࣸلْڢࣸلْ عٜمَبّٜ مِهَابَتا,مِطࣸ جࣸوَلَ حِسْࢽَ عٜأَنَّبِيجࣸ عٜءَالِعٜࢽْعٜصَحَابَعٜࢽْ جࣸلْفࣸلْ عٜمَبّٜ مِهَابَتَا
لࣸوکَثِي إِࢽْ يَيْ ࢽَصَلاَّ سَيْ أَبَاشِ رࣸوَࢽْ أَلࣸولاَ,لࣸوکَثِي إِࢽْ يَيْ ࢽَصَلَّا  سَيْ أَبَاشِ رࣸوَࢽْ أَلࣸولَا
أَݣࣸويْ وَتَ غَاݒَرْࢽَا غَاۼٜيٰرَا    غَاتَاسَوڧِࢽْ کَيْ غَاثࣸوتَا,أَݣࣸوࢽْ وَتَ غَابَرْࢽَاغَاغٜيٰرَا   غَاتَادَسَوْڧِࢽْ کَيْ غَاثِوْتَا
دَيَيَࢽْک ڧَمࢽَاطَکَاࢽِى دَالله    اࢽَاوَمَکَومَاغَمَى يزِࢽَا,دَيِيَࢽْکَ ڧَمَࢽَا طَکَاࢽِي دَالله  إِࢽَاوَ مَکࣸومَداغَمَرِ يزِࢽَا
فال الشيخ الڢغيى العالم الولى الصالى,ڢال الشييخ الڢفيه العالم الولى الصالى
سࣸوبَاڢَهِمْتَرْکࣸومِي دࣸوࢽِيَا    دَسࣸودَدَبْبࣸوبِي بَارَرَبَا,سࣸوبَاڢَهِمْتَرْ کࣸومِي دࣸوࢽِيَا  دَسࣸودَدَبْبࣸوبِي بَارَرَبَا
بَتَجٜيٰ دَࢽَڟࣸوْاْوَجَࢽْ مِجِيبَا,بَتَجٜيٰ دَࢽَڟࣸوْاْوَجَࢽْ مِجِيبَا
ذَمْکَ ذِکْرِي دَصَاڢٜي حَکَࢽَامَ   رٜيثٜي ذَمْکَ تَاشِي ثِکِࢽْ دَرٜکَيِ ڧِيَامِ,ذَمْکَ ذِکْرِي دَصَاڢٜي حَکَࢽَامَ برٜيٰثٜيٰ ذَمْکَ تَاشِي ثِکِࢽْ دَرٜيٰ کَيِ ڧِيَامِ
سَادࣸوَرْدَسࣸکَيْ أَللَلَّا   حَرْتَڧَارٜيٰ تَايِي صَلَّا,سَادࣸوَرْدَسࣸکَيْ أَللَلَّا حَرْتَڧَارٜيٰ تَايِي صَلَّا
ࢽَاتَ طَࢽْ بَتَبَرْسࣸ سࣸࢽْ سَکٜىٰبَا,ࢽَاتَ طَࢽْ بَتَبَرْسࣸ سࣸࢽْ سَکٜيٰبَا
عِࢽْ بَࢽْدَ حَالِࢽْ طَࢽْ أدَمْ مَيْ غَرْدَمَا    بَايَاغَࢽِࢽْ لَيْڢِࢽْسَ سَيْ ࢽَمࣸتَاࢽٜيٰ,عِࢽْ بَࢽْدَخَاࢽِࢽْ طَࢽْ أَدَمْ مَيْ غَرْدَمَا  بَايَاغَࢽِࢽْ لَيْڢِࢽْسَ سَيْ ࢽَمࣸتَاࢽٜيٰ
شِي سَࢽِي کَࢽْ مَيْدَبَاوَا طَامَڢِي غِرْمَࢽْ مࣸرࣸوَ,شِي سَڧِيْ کَࢽْ مَيْدَبَاوَا طَايَڢِي غِرْمَࢽْ سࣸرࣸوَا
ڢَطَاتَمَالَمْ بَامَيْمࣸسࣸوࢽَتَا    سَيْ جَاهِلِي وࣸوڢِࢽْ دࣸوࢽِيَا,ڢَطَاتَمَالَمْ بَامَيْمࣸسࣸوࢽَتَا سَيْ جَاهِلِي وࣸوڢِࢽْ دࣸوࢽِيَا
إِࢽْکَلࣸوَرَکَٜࢽىٰمِ عِلْمࣸ     مࣸواسَشّٜىٰࢽْ أَرْزِکِࢽْمࣸ,إِࢽْکَ أوَرَکَࢽٜىٰمِ عِلْمࣸ  مࣸواسَشٜىٰࢽْ أَرْزِکِࢽْمࣸ
کࣸطَوْرَامࣸسࣸڢَ کَايَࢽْ ࢽَاکࣸ وَࢽْدَسࣸکَاإِيَا ؞  کَبِيسࣸ أَسَࢽّࣸ کࣸࢽجِ ذَࢽْثٜيٰ مࣸحَمَّدَا,کࣸطَوْرَامࣸسࣸڢَ کَايَرْ ࢽَاکࣸ وَࢽْدَسࣸکَاإِيَا ؞ کِيِيسࣸ أَسَࢽّࣸر کࣸࢽْجِ ذَࢽْثٜيٰ مࣸحَمَّدَا
دَبَسࣸيْ ڧَوْاذࣸواْأَدࣸࢽِيَابَا,دَبَسࣸيْ ڧَوْاْذࣸواْأَدࣸوࢽِيَابَا
شَاڢِوَࢽْ طَرِيڧَ دࣸکْ أَکࣸومْ غَرَاتِبِي ؞  إِتَمَاکَرَامَ ثٜيٰ کࣸذࣸوکࣸجِ ڢَاءِدَا,شَاڢِوَࢽْ طَرِيڢَ دࣸکْ أَکࣸومࣸ غَرَاتِبِي ؞ إِتَمَاکَرَامَ ثٜيٰ کࣸذࣸوکࣸجِ ڢَاءِدَا
إِࢽْ عَࢽْ غَࢽْشِ مَادَرِيغَا تَکِرْکِ  سَيْ عَࢽْ شَاجِࢽِࢽْ جِکِي بَابࣸ عَاعَ,إِࢽْ عَࢽْ غَࢽْشِ مَادَرِيغَاتَکِرْکِ  سَيْ عَࢽْ شَاجِࢽِࢽْ جِکِي بَابࣸ عَاعَ
عٜيِنࣷبٜ جَت٘ࣸبٜلَࢽْ عٜجَن٘ࣸبٜبٜࢽْ عٜبٜى جَنّࣽيْبٜ بٜࢽ هَا هٜوْتَ بࣸرْطࣽ مࣽجَاسَتَا,عٜينࣷبٜ جَن٘ࣸبࣸلَࢽْ عٜجَن٘ࣸبٜبٜࢽْ عٜبٜࢽجَنّࣸيْبٜ بٜࢽْ هَاهٜوْتَ بࣸرْطࣽ مࣽجَاسَتَا
يَارَࢽْ دَذَاأَيْ ڧَرْشَࢽْ دࣸوࢽِيَا   غࣸورِࢽْسࣸو سَيْسࣸيْ مَࢽْيَارِيغࣸࢽَا,يَارَࢽْ دَذَاأَيْ ڧَرْشَࢽْ دࣸوࢽِيَا  غࣸورِࢽْسࣸوسَيْسࣸيْ مَࢽْيَارِيغࣸࢽَا
دَبَکَيْ دَيْدَي أَدࣸوࢽِيَابَا,دَبَکَيْ دَيْدَيْ أَدࣸوࢽِيَابَا
أَغِدَࢽْ بَازَاسࣸ وَارࣸوَابَا,أَغِدَࢽْ بَازَاسࣸ وَارࣸوَابَا
إِࢽْ بَکَ مَࢽْتَادَلَاخِرَابَا,إِࢽْ بَکَ مَࢽْتَادَلَاخِرَابَا
کࣸووَايَبَرْصَلَّادَغَࢽْ غَࢽْڢَ تَاوࣸثٜىٰ  ؞  يَکَاشَاعَذَابَ غࣸوبٜ إࢽْجِِ مࣸحَمَّدَا,کࣸووَايَيَرْصَلَادَغَࢽْ غَࢽْڢَ تَاوࣸثٜيٰ ؞  يَکَاشَاعَذَابَ غࣸوبٜ إِࢽْجِ مࣸحَمَّدَا
اَلْحَجِّ اَلحَسَࢽْ بࣸࢽࣸ تَاتَا کَࢽࣸو اللَّهࣸمَّ أغْڢِرْهࣸ,اَلْحَجِّ اَلْحَسَࢽْ بࣸࢽࣸ تَاتَاکَࢽࣸواَللهࣸمَّ أَغْڢِرْهࣸ
إِࢽبَارَحْمَرْأࣸبَࢽْ غِجِيبَا,إِࢽْبَارَحْمَرْأࣸبَࢽْ غِجِيبَا
بَايَࢽْ تَعَلَىٰ سࣸمَتَاشَامَکِي بَتَسَࢽْ شِغَابَاتَطَيْ طَيْشٜيٰ دَوَا,بَايِࢽْ تَعَلَىٰ سࣸمَتَاشَامَکِي بَتَسَࢽْ شِغَابَاتَطَيْ طَيْشٜيٰ دَوَا
ڢَدࣸومِࢽْ دَرَجَرْ شَيْخࣸ جَيْلِي دَاَحْمَدࣸ   اَلرّࣸڢَاعِي دَبَدْوِي حَرْدَسࣸوڧِ ࢽَاَحْمَدَا,ڢَدࣸومِࢽْ دَرَجَرْ شَيْخࣸ جَيْلِي دَأَحْمَدࣸ  اَلرّࣸڢَاعِيِّ دَبَدْوِي حَرْدَسࣸوڧِ ࢽَاحْمَدَا
ࢽَايَبَاࢽِ دَسَࢽّࣸوسَࢽّࣸو    سَىْ ࢽَجِيسࣸ دࣸکَࢽْ سَࢽَࢽّࣸو,ࢽَايَبَاࢽِ دَسَࢽّࣸوسَࢽّࣸو سَىْ ࢽَجِيسࣸ دࣸکَࢽْ سَࢽَࢽّࣸو
سَيَرْکِثِي دَکَيْ دَشِي ࢽَࢽْ يَتاشِ  بَرْحࣸطَّادَوَࢽْدَ يَاصَࢽَاعَ,سَيْرِکِثِي دَکَيْ دَشِي ࢽَࢽْ يَتَاشِ   بَرْحࣸطَّادَوَࢽْدَبَايَاصَࢽَاعَ
مࣸࢽْجِ ذَاعَ بَڧَࢽْتَ حࣸسْکَرْ   مَاسࣸ سَاݒࣸواْ تࣸࢽْدَحَرْکَرْ,مࣸࢽْجِ ذَاعَ بَڧَࢽْتَ حࣸسْکَرْ  مَاسࣸ سَايࣸواْتࣸࢽْدَحَرْکَرْ
وَࢽْدَبَيْسَࢽْ غَسْکِيَابَا     کࣸوْاْمࣸتࣸمْ ࢽٜيٰ سَاشِ دَبَّا,وَࢽْدَبَيْسَࢽْ غَسْکِيَابَا کࣸوْاْمࣸتࣸمْ ࢽٜيٰ سَاشِ دَبَّا
وَࢽْدَيَىْ جِࢽْيَاثِکِࢽْسَ    شِي يَکَࢽْ کَوکَارَبࣸࢽْسَ,وَࢽْدَيَىْ جِࢽْيَاثِکِࢽْسَ شِي يَکَࢽْ کَوْکَارَبࣸࢽْسَ
کَذَاڧࣸيْ ࢽَکَاجِ مَاڢَسࣸوࢽَࢽْسَ أَرْغَࢽِي ؞ يَوْࢽَيْ غࣸࢽَاتࣸوکࣸࢽجِ دَرَجَ تَأحْمَدَا,کَذَاڧࣸيْ ࢽَکَاجِ مَاڢَسࣸوࢽَࢽْسَ أَرْغَࢽِي ؞  يَوْࢽَࢽْ غࣸࢽَاتࣸوکࣸࢽْجِ دَرَجَ تَأَحْمَدَا
غِرْمَࢽْسَ شِڢَاطِ دࣸوࢽْ کࣸوْاْبࣸوابَا,غِرْمَࢽْسَ شِڢَاطِ دࣸوࢽْ کࣸوْابࣸواْبَا
وَࢽْسࣸ أَطَوْرٜيٰ دَمَلْوَا   سࣸࢽْ وَحَلْتَ ڧِشِي دّيِࢽْوَا,وَࢽْسࣸ أَࢽْطَوْرٜيٰ دَمَلْوَا  سࣸࢽْ وَحَلْتَ ڧِشِي دَيِࢽْوَا
بورَࢽة,بورࢽة
مَزِࢽَاثِيَامَاعࢽْغَ مࣸجِ ࢽَتَا  سࣸوࢽَࢽْسَامَيْڟَاڢِ کَرَطَامَسَا,مَزِࢽَاثِيَامَاعَࢽْغَ مࣸجِي ࢽَتَا سࣸوࢽَࢽْسَامَيْڟَاڢِ کَرَطَامَسَا
صَࢽَاعࣸدࣸبࣸواَللَّهࣸ يَسَبْکࣸوغَءَادَمࣸ ؞ شِيمَا حَدِيشِ ࢽٜي ࢽَأَࢽَّبِ أَحْمَدَا,صَࢽَاعࣸ دࣸبࣸواَللَهࣸ يَسَبْکࣸوغَءَادَمࣸ ؞  شِيمَاحَدِيشِ ࢽٜي ࢽَأَࢽَّبِ أَحْمَدَا
ࢽَࢽْ ذَࢽْ سَلَّمَا دَکࣸوࢽي أمِيࢽࣸ  مࣸجِࢽْ حَجِيَا ࢽَابَرَ مَيْکٜࢽْ طَبِيعَ,ࢽَࢽْ ذَࢽْ سَلَّمَادَکࣸوࢽِي أَمِيࢽࣸ  مࣸجِࢽْ حَجِيَاࢽَابَرَمَيْکٜࢽْ طَبِيعࣸ
إِࢽْدَدَيْ أَکَسَامࣸ دَامَا    اَلࢽَّبِࢽْمࣸ يَسࣸࢽَّتَامَا,إِࢽْدَدَيْ أَکَسَامࣸ دَامَا   اَلࢽَّبِࢽْمࣸ يَسࣸࢽَّتَامَا
ڢاعجب لفدرةمولاناالتتى الࢽ ت ؞ اذزادمات الوى ثفلا على ثفل,ڢاعجب لفدرةمولاناالتى ال ت ؞ اذزادمات اللوى ثفلا على تثفل
وسننه,وسننه
٥٤ مَى يَدَـى دَيْࢽَ مࣸوْسࣸو   اَلࢽَّبَاوَا تَرْسَشِࢽْسࣸ,٤٤مَىْ يِدَࢽِى دَيْࢽَ مࣸوسࣸو   أَلࢽَّبَاوَاتَرْسَشِࢽْسࣸ
ࢽَبِيࢽَاإِبَرَاهِيمࣸ يَيْ ڟَرِي   يَاڟَرٜيٰ مَاتَاتَسَاسَارَةࣸ,ࢽَيِيࢽَاإِبْرَاهِيمِ يَيْ ڟَرِي يَاڟَرٜيٰ مَاتَاتَسَاسَارَةࣸ
وَࢽْسࣸ کࣸوْا تَمْکَرْ دَوَاکِ   ذَاسࣸ شࣸوطٜيٰ کࣸواْيَجَاکِ,وَࢽْسࣸ کࣸوْاتَمْکَرْدَوَاکِ  ذَاسࣸ شࣸوطٜيٰ کࣸواْيَجَاکِ
إࢽْ طَابَىْ سَامِ لَاڢِيَابَا,إِࢽْ طَابَيْ سَامِ لَاڢِيَابَا
کࣸوکࣸو سࣸسَامِ أَبِࢽْ ڢَطَاسࣸڢَطامَکَ وَاللَّهِ سَيْ حَڧࣸرِي ذَمَادَمࣸتَاࢽٜيٰ,کࣸوکࣸوسࣸسَامِ أَبِࢽْ ڢَطَاسࣸڢَطَامَکَ   وَاللَّهِ سَيْ حَڧࣸرِي ذَمَادَمࣸتَاࢽٜيٰ
عم وعظم ميب شدى عصب ؞ والنڢخ لله وح س عنه لاتسل,عم وعظم مني شده عطب ؞ والنڢخ لل وح سࢽ عنه لاتسل
إࢽْ کࢽت مࢽبسطا سموک مسحرة  أوکࢽت مࢽڧبضاڧالوا له الثڧل,إࢽ کࢽت مࢽبسطاسموک مسحرة أوکࢽت مࢽڧبضاڧالواله الثڧل
بَىْ ࢽٜسَ دَثِࢽْ کَرَاهِيابَا,بَىْ ࢽٜسَ دَثِࢽْ کَرَاهِيَابَا
أمير کࢽوأتاࢽا يوم سبت أتاࢽا عالم,امير کࢽواتاࢽا يوم سبت  أتاࢽاعالم
اصڢا بيا ضامࢽ الالباࢽ اجمعها ؞ مࢽ اعذب الماء بل احلى مࢽ اليسل,اصڢابياضامࢽ الالباࢽ اجمعها ؞ مࢽ اعذب الماء بل احلى مࢽ العسل
مَاسࣸمࣸمّࣸوࢽَرْخِيَاࢽَا    يَاحَلِࢽْسࣸ إرِࢽْ ࢽَڧࣸوࢽَا,مَاسࣸ مࣸمّࣸوࢽَرْخِيَاࢽَا   يَاحَلِࢽْسࣸ إِرِࢽْ ࢽَڧࣸوࢽَا
بَءابابَامَ کࣸووَاأَلࢽَّبَاوَادَمࣸرْسَلَيْ ؞ کَيْ أَکَڢِي ڢِيتَ دَشِي سِيدِ أَحْمَدَا,بَءَابَامَ کࣸووَااَلࢽَّبَاوَادَمࣸرْسَلَيْ ؞ کَيْ أَکَڢِي ڢِيتَ دَشِي سِيدِ أَحْمَدَا
دَتَا دَاوَيّࣸواْ سَيْ تَکࣸومَ غَدّࣸواْ,دَتَادَاوَيّࣸوْاْسَيْ تَکࣸومَ غَدّࣸواْ
شِڢَ جَاهِلْثِ يَثَرْبࣸ   ࢽٜيٰ ࢽَکَاڢِرْثِ غَأَيْبࣸ,شِڢَ جَاهِلْثِ يَشَرْبࣸ  ࢽٜىٰ ࢽَطَاڢِرِثِ غَأَيْبࣸ
إࢽْڢَ اَلْڧَاضِ ثَࢽْ ثِکِࢽْ ࢽَاشِ حࣸکࣸمْي   يَڧِ بِࢽْ غࣸودَبٜيٰ کࣸسَࢽْ يَايِ ظࣸلْمِي,إِࢽْڢَ اَلْڧَاضِ ثَࢽْ ثِکِࢽْ ࢽَاشِ حࣸکࣸمِي   يَڧِّ بِࢽْ غࣸودَبٜيٰ کࣸسَࢽْ يَاڧِ ظࣸلْمِي
کࣸمَ کَرْکَدَامࣸ دَدࣸکْ أَبِِࢽْدَسࣸکٜيٰ ڢَطِ   دࣸکَّࢽْ أَبِࢽْدَکسَاغَبَايِ کَکَࢽّٜيٰ,کࣸمَ کَرْکَدَامࣸ دَدࣸکْ أَبِࢽْدَسࣸکٜيٰ ڢَطِ   دࣸکَّࢽْ أَبِࢽْدَکَسَاغَبَايِ کَکَࢽّٜيٰ
بيتا واحدا,بيتاواحدا
يَدَّدَىْ ࢽَتَرَرْدَسࣸ حَرْ   وࣸتَادَمَرِي دَسَرْڧَرْ,يَدَّدَيْ ࢽَتَرَرْدَسࣸ حَرْ وࣸتَادَمَرِي دَسَرْڧَرْ
دَکࣸوحَࢽْڧࣸرِي بِسَ ڧَدَّرَا تَعࣸبَࢽغِجِ   دَيَڢَّ أَزَامࣸࢽَ شِي کَکَمّࣸ غَأحْمَدَا,دَکࣸوحَࢽْڧࣸرِي بِسَ ڧَدَّرَاتَعࣸبَࢽْغِجِ  دَيَڢَّ أَزَامࣸࢽَ شِي کَکَمّࣸ غَأَحْمَدَا
إِࢽْذࣸوثِيَاࢽَاسࣸو ضَرࣸورَا ࢽَاحَࢽَا  شِࢽْ يَا أَکٜي دَطࣸوَادَلاَدَرْ ࢳࢽْ عࣸوَا,إِࢽْذࣸوثِيَاࢽَاسࣸوضَرࣸورَاࢽَاحَࢽَا   شِࢽْ يَاأَکٜيٰ دَطࣸوَادَلَاَدَرْ عࢽْ عࣸوَا
سَࢽَّࢽْ ثِکِࢽْ مَّاتَاأَݣويْ صࣸلّࣸوتࣸوا   صࣸلّࣸوتࣸوࢽَّࢽْ بَاتَ دَاطِࢽْ أَوْرٜيٰ,سَࢽَّࢽْ ثِکِࢽْ مَّاتَاأَݣࣸويْ صࣸلّࣸوتࣸوا  صࣸلّࣸوثࣸوࢽَࢽْ بَاتَ دَاطِࢽْ أَوْرٜيٰ
حلࢽد مکي غيو اکبيࢽاوا   دليلي کيغ اࢽک سکو ࢽصارا,حلࢽد مکي غيواکبيࢽاوا  دليلي کيغ اࢽک سکو ࢽصارا
دࣸکْ أّبِࢽَّࢽْ بَاشِ ڧَارٜيٰ   بَابࣸ رَاࢽَا بَادَرَارٜيٰ,دࣸکْ أَبِࢽَّࢽْ بَاشِ ڧَارٜيٰ بَابࣸ رَاࢽَابَادَرَارٜيٰ
بَکَ سَࢽْ هَالِࢽْدَسࣸࢽْ کَشٜيٰبَا,بَکَ سَࢽْ هَالِࢽْدَسࣸࢽْ کَشٰٜبَا
کَووْا دَتَمْکَرْ يَدَّ يْعِيَ تَيْمَکࣸو,کَووَّادَتَمْکَرْمَدَذَيْعِيَ تَيْمَکࣸو
والصلاةوالسلام,والصلاة والسلام
بَيَکَࢽْ کࣸوْامَاثِکِࢽْ دࣸحࣸوبَا,بَيْکَࢽْ کࣸواْمَاثِکِࢽْ دࣸحࣸوبَا
ࢽِي ࢽَاسَࢽْ مَّثٜيٰ کࣸومِي ݣٜࢽْتَا   عِࢽْدَي بَابࣸ حَلِي دَࢽَغَرْتَا,ࢽِي ࢽَاسَࢽْ الَّثٜيٰ کࣸومِي ثٜࢽَتَا  عِࢽْدَيْ بَابࣸ حَلِي دَࢽَغَرْتَا
سى مکࢽ,سى مکࢽ
وࣸنداکࣸ دࣸنياعَنْدِرَادࣸ عٜجࣸيْدٜعٜࢽْ لاَمِيبٜ مَيْرࣸدࣸهَارْنَطࣸمْ ڢَاطࣸبٜدࣸلْتَتَا,وࣸندَاکࣸ ءࣸنياعَنْدِرَادࣸجٜجࣸيْدٜعٜࢽْلَاَمِيبٜ مَيْرࣸدࣸهَارْ نَطࣸمْ ڢَطࣸبࣸدࣸلْتَتَا
ڢصل نا لن وم طى يوسف الصالح,ڢصل نا لى وم ط يوللشڢ الصالح
مَاسࣸ ثِࢽْ کَايَࢽْ مࣸتَاࢽٜيٰ   يَٜࢽْ ڢَشِي کࣸواْمَاسࣸ سَاࢽٜيٰ,مَاسࣸ ثِࢽْ کَايَࢽْ مࣸتَاࢽٜيٰ يَٜࢽْ ڢَشِي کࣸواْمَاسࣸ سَاࢽٜيٰ
عࣸمَرࣸرَضِيَ اَللَّهࣸ عَࢽْهࣸ,عࣸبَرْرَضِيَ اَللَّهࣸ عَࢽْهࣸ
لاࢽ تغيي ه تکڢى دلا لتى ؞ لو کاࢽ ذافدم بالعفل لم يحل,لاࢽ تغير ه تکڢى دلالته ؞ لوکاࢽ ذافدم بالعفل لم يحل
حَرْشٜىٰࢽْسَ بَشِى غࣸرَاغࣸرَابَا,حَرْشٜيٰࢽْسَ بَشِي غࣸرَاغࣸرَابَا
کࣸوْاْأࢽَاکࣸمَ بِࢽْسَ بَاشِ کࣸوْࢽشِࢽَابِى کࣸواْأکࣸوبشِ,کࣸوْاْأَࢽَاکࣸمَ بِࢽْسَ بَاشِ کࣸوْاْشِࢽَابِى کࣸوْاْأَکࣸوࢽِشِ
غَاعَذَابࣸوࢽَاڟِبࣸواْوَا   غَاڧࣸواڧࣸلْوَاࢽَاڢَشٜيٰوَا,غَاعَذَابࣸوࢽَاڟِبࣸواوَا  غَاڧࣸواڧࣸلْوَاࢽَاڢَشٜيٰوَا
کࣸيْ ࢽَظَرْ يَࢽْ عࣸوَاکࣸسَامࣸو کࣸدࣸوبَا          دَࢽْ ࢽَصِيحَرْ کࣸ ذَࢽْڢَطِي دࣸࢽْ مࣸحِبَّا,کࣸيْ ࢽَڟَرْيَࢽْ عࣸوَاکࣸسَامࣸو کࣸدࣸوبَا   دࣸࢽْ ࢽَصِيحَرْکࣸ ذَࢽْڢَطِي دࣸࢽْ مࣸحِبَّا
دَطَاکࣸࢽْجِ وَاڧَايَࢽْ عࣸوَاࢽَࢽْ ڢْتَثِّکَا   ڢَاَللَّهْ شِکَرْبَادࣸࢽْ ڢِيَيّٜيٰ مࣸحَمَّدَا,دَطَاکࣸࢽْجِ وَاڧَايَࢽْ عࣸوَاࢽَࢽْ ڢَتَثِّکَا   ڢَاَللَّهْ شِکَرْبَادࣸࢽْ ڢِيَيّٜيٰ مࣸحَمَّدَا
اࢽ لا وجوب عليه عࢽ اثابتا ؞ عࢽ ڢصل طاعتنا بالحتم للبدل,ل لاوجوب عليه عࢽ اثاتا ؞ عࢽ ڢصل طا عسا بالحتم للبدل
تࣸࢽْ بَامَکَطَادَࢳَࢽْ دَبࣸوْاْبَا,تࣸࢽْ بَامَکَطَادَࢳَࢽْ دَبࣸوْاْبَا
سَيْدَکَىْ تَحِيَاغَأللهْ   أࢽْکَثٜىٰ لَالٜى ڢِتِلَّهْ,سَيْاَکَيْ تَحِيَاغَأَلهْ  أَࢽْکَثٜىٰ مَالٜىٰ ڢِتِلَّهْ
دࣸوࢽْ يَوَاکࣸواْدࣸوࢽْکَطَيْثٜي   تَاحَطَمَّ وَطَࢽْسࣸ غࣸࢽْثِي,دࣸوࢽْ يَوَاکࣸواْدࣸوࢽْ کَطَرْثِي  تَاحَطَمَّ وَطَࢽْسࣸ غࣸࢽْ تِي
کࣸلِزِمْثِ يِࢽْ صَلَّادَجَمَعَ ڢَيَࢽْأࣸوَا   ؞  شِيمَاحَدِثِي ࢽٜىٰ صَحِيحِ غَأَحْمَدَا,کࣸلِ زَمْثِ يِࢽْ صَلَّا دَجَمَعَ ڢَيَࢽْاءࣸوَا ؞  شِيمَاحَدِيثِࢽْ ࢽٜيٰ صَعِيحِ غَأَحْمَدَا
وکل مااوهم الفى ءال مࢽ شبه ؞ اوالحديث ڢاول کل محتمل,وکل مااولهم الفرءالࢽ مࢽ شبه ؞ اوالحديث ڢاول کل محتمل
إِࢽْبَاسࣸوࢽَࢽْکَ ࢽَيْ کِرَابَا يَارسول,إِࢽْبَاسࣸوࢽَࢽْکَ ࢽَىْ کِرَابَا يَارسࣸولِ
بَابࣸ مَيْ أَکࣸيَابَاتࣸࢽْکِيَا   بَابࣸ مَيْکَايَا کَࢽْ جَاکࣸࢽَا,بَابࣸ مَيْ أَکࣸيَابَاتࣸࢽْکِيَا  بَابࣸ مَيْکَايَاکَࢽْ جَاکࣸࢽَا
بَتَ کَرْݒِي ڢَطَرْ أࣸبَࢽْ غِجِيبَا,بَتَ کَرْݒِي ڢَطَرْأࣸبَࢽْ غِجِيبَا
مِࢽْ أࣸمࣸورِࡽلدّࣸنْيَا عٜعَدࣸنَ وَالاَخِرَةِعٜلاَخِرَ,مِࢽْ اࣸمࣸورِࡽلدّࣸنْيَاعٜعَدࣸࢽَ وَالاَخِرَةِ عٜلاَخِرَ
بَاجࣸويايِࢽکَ لَاخِرَابَا,بَاجࣸويَايِࢽْکَ لَاخِرَابَا
لَاڢِيَابَاتَاحَࢽَاࢽَا    تࣸواْ بَرٜيٰ کَيْوْتَاتَرٜيٰࢽَا,لَاڢِيَابَاتَاحَࢽَاࢽَا  تࣸواْيَرٜيٰ کَيْوْتَاتَرٜيٰࢽَا
مࣸغَمَادَکࣸووَالاَڢِيَالَوْ أَدࣸوࢽِيَا   يَايَࢽْمّࣸواࢽٜيکࣸوکِي دَمَاتَࢽْ أَوْرٜيٰ,مࣸغَمَادَکࣸووَالَاڢِيَالَوْأَدࣸوࢽِيَا   يَايَࢽْمّࣸواْࢽِيکࣸوکِي دَمَاتَࢽْ أَوْرٜيٰ
بَکَسَࢽْ هَالِࢽْدَسࣸࢽْ کَشٜىٰبَا,بَکَ سَࢽْ هَالِࢽْدَسࣸࢽْ کَشٜيٰبَا
سَيْ سࣸثٜيٰ مَسࣸ بࣸتࣸلْثٜيٰ  أَࢽْ حَدِيثِ کࣸࢽْ کࣸرࣸمْثٜيٰ,سَيْ سࣸثٜيٰ مَسࣸ کࣸࢽْ بࣸتࣸلْثٜيٰ أَࢽْ حَدِيثِ کࣸࢽْ کࣸرࣸمْثٜيٰ
کࣸمَا سَىْ بَکَذࣸوْکَࢽَارَحَابَا,کࣸمَ سَيْ بَکَذࣸوْکَࢽَارَحَابَا
سَيْ وࣸرِࢽْ تࣸواْذࣸࢽْ أّلࣸولَه    سَيْ وࣸرِࢽْ أَذࣸمِي مࣸوَالَهْ,سَيْ وࣸرِࢽْ تࣸواْذࣸࢽْ اَلࣸولَهْ  سَيْ وࣸرِࢽْ أَذࣸمِي مࣸوَالَهْ
تࣸࢽْ أࢽَࢽْ وَحَلَاتَسࣸواْمَا    حَرْثِکِࢽْتَ يَڢَارَذِمَّا,تࣸࢽْ أَࢽَࢽْ وَحَلَاتَسࣸواْمَا حَرْثِکِࢽْتَ يَڢَارَذِمَّا
ذَاأَکَيْ کࣸوَࢽْسࣸ طَاکِ  ࢽٜيٰ ࢽَهَمّࣸ کَمَرْأَکࣸرْکِ,ذَاأَکَيْ کࣸوَࢽْسࣸ طَاکِ  ࢽٜيٰ ࢽَهَمّࣸ کَمَرْأَکࣸرْکِ
٣ غَيْسࣸوَا تَاکࣸواْتَدبثى   غࣸࢽْ مَأَيْکِࢽْ ࢽَࢽْ أَࢽْبَثِى,٣غَيْسࣸوَاتَاکࣸواْتَدَاثٜيٰ  غࣸࢽْ مَأَيْکِࢽْ ࢽَࢽْ دَأَࢽْثٜىٰ
مَيْڢَطَادَمࣸسࣸلْمِي يَکࣸࢽْ تࣸکࣸ    بَاغَيْسࣸوَاکࣸمَابَايَࢽْ غَاڢَرَا,مَيْڢَطَادَمࣸسࣸلْمِي يَکࣸࢽْ عࣸکࣸ  بَاغَيْسࣸوَاکࣸمَابَايَࢽْ غَاڢَرَا
إِࢽْ مَّثٜيٰ تَيْ لَدَبِي تَکِيَايٜيٰ  اِللَّهْ سَرْکِي شِي کَبِيَࢽْ تَا,إِࢽْ مَّثٜيٰ تَيْ لَدَبِي تَکِيَايٜيٰ  اِللَّهْ سَرْکِي شِي کَبِيَࢽْ تَا
وَاڧَرْ تَاشِࢽْ ڧِيَامَ,وَاڧَرْتَاشِࢽْ ڧِيَامَ
کَغَ کَلْمَابَاتَغَرْدَمَابَا,کَغَ کَلْمَابَاتَغَرْدَمَابَا
ࢽَاڢغࣸودٜيٰ عࣸبࢽغجِيࢽَا رحِيمِ   وَࢽْدَيَيّࣸوࢽِ مَيْ سَرَوْتَا کَرِيمِ,ࢽَاڢَغࣸودٜيٰ عࣸبَࢽْغِجِيࢽَارَحِيمِ   وَࢽْدَيَيّࣸوࢽِ مَيْ سَرَوْتَاکَرِيمِ
ليحسل الى ى ت سمل وت جبل ؞ تغࢽ بل السجب ذاک الودڡ ميࢽ محل,ليحصل الى ى نا سمل وت جبل ؞ تغر بل السجب ذاک الودڡ ڢى مل
کَرکَيِى دَودࣸکࣸࢽْغَ کَرکَيِ کَوَلْثِ    کّرکَيِى کَࢽذَغِࢽْ کِطَاکࣸيِى صَࢽَاءَ,کَرْکࣸيِى دَوْدࣸکࣸࢽْغَ کَرْکࣸيِي کَوَلْثِ  کَرْکࣸيِى کَࢽْذَغِࢽْ کِطَاکࣸيِى صَࢽَاءَ
سَىْ أَثٜىٰ دࣸومِࢽْ سࣸڧࣸوࢽٜىٰ    سِيدِمࣸࢽْ مࣸࢽْتَدَّکَيْࢽٜىٰ,سَيْ أَثٜيٰ دࣸومِࢽْ سࣸڧࣸوࢽٜيٰ  سِيدِ مࣸࢽْ مࣸࢽْتَدَّکَيْࢽٜيٰ
وࣸنداکࣸ دنياحࣸومْتَتَاࢽࣸ دٜمَجِّࢽَ ڢَغيمٜ جَوْلِ دٜتِنْدِبٜيࢽْ سٜمْتَتَا,وَنداکࣸ دٜنياحࣸومْتَتَاࢽࣸ دٜمَجِّࢽَ ڢَفِيمٜ حَرْلِ دٜتِنْدِبٜيࢽْ سٜمْتَثَا
ڢصل نا ثبوت مڢاته المعنويته وانها,ڢصل ناثبوت صڢاته المعنوية وانها
شِي کَسَاذَاݒٜي غَأَوْرٜيٰ    بَاسࣸ کࣸوْاْوَاشِوَاتٜيٰ,شِي کَسَاذَابِي غَأَوْرٜيٰ  بَاأَسࣸࢽْ کࣸوْاْوَاشِوَارٜيٰ
الکِتَابࣸ الْحَاجِ,اَلکِتَابࣸ الْحَاجِ
نࣽکّࣸ کَ فٜذِنْتٜىٰ وَالسِرّࣸعٜسࣸوطࣸدٜڢِح مَوْضِعِهِ>,نࣽکّࣽ کَ ڢٜذِنْتٜىٰ وَالسِرّࣸعٜسࣸوطࣸدٜڢِح مَوْضِعِهِ>
أَݣࣸيْ وَتَ کَرَامَ ࢽَࢽْ غَوࣸرْدِࢽْ يَٜࢽْاءࣸوَا ؞  کࣸسَوْرَارِ وَاڧَ کࣸࢽْجِ جَمَعَرْ مࣸحَمَّدَا,أَݣࣸيْ وَتَ کَرَامَ ࢽَࢽْ غَوࣸرْدِࢽْ يَࢽَاءࣸوَا ؞ کࣸسَوْرَارِ وَاڧَ کࣸࢽْجِ جَمَعَرْ مࣸحَمَّدَا
بَاوَࢽْکَ بَزَيْ بَڧِࢽْ ثِکِيبَا,بَاوَࢽْکَ بَزَيْ بَڧِࢽْ ثِکِيبَا
دࣸکَࢽْ عِبَادَاأَيْکيِ صَالِحِ   أَࢽْڟَرٜيٰ سࣸوبَاسࣸ وࣸرِࢽْذࣸوَا,دࣸکَࢽْ عِبَادَاأَيْکِيِ صَالِجِ   أَࢽْڟَرٜيٰ سࣸوبَاسࣸ وࣸرِࢽْذࣸوَا
بَىْ غِرْمَمَ وَاࢽْغَ اَلࢽَّبِيبَا,بَىْ غِرْمَمَ وَࢽْغَ اَلࢽَّبِيبَا
کࣸࢽِي سَࢽْثِ يِࢽْ کَذَڢِي غَمَاتَاڢَ مࣸومِࢽَيْ ؞ دࣸࢽْ کَدَيَبَشّٜکࣸ کࣸࢽِي سَࢽْثِ أَحْمَدَا,کࣸࢽِي سَࢽْثِ يِࢽْ کَذَڢِي ڢَغَمَاتَاڢَ مࣸومِࢽَيْ ؞ دࣸࢽْ کَدَيَبَشٜکࣸ کࣸࢽِي سَࢽْثِ أَحْمَدَا
وࣸنداکࣸ دنيابٜتْدِنَاطࣸ تࣸلاَمࣸط برْ جࣸمْلاَڢِى النَّبِأٜنْ جِطࣸيْمَدࣸ بَنْسَتَا,وࣸندَاکࣸ دنيَا بٜتْدِنَاطࣸ تࣸلَاْخࣸطࣸ بٜࢽْجࣸمْلاَجِ اَلنَّباٜنْ جِطࣸيْمَدࣸبَنْسَتَا
ࢽَࢽْ دَࢽْࢽْ أَّثِکِࢽْ تَرࣸکَّا   وَࢽْدَکࣸوْاْأَذَتࣸࢽْغَ ࢽَاکَا,ࢽَࢽْ دَࢽَࢽْ أَثِکِࢽْ تَرࣸکَّا   وَࢽْدَکࣸوْاْأَذَࢽࣸࢽْغَ ࢽَاکَا
تࣸوحَکَࢽَࢽْ مَّثٜيٰ کࣸومِي ݣٜࢽْتَا  إِࢽْ دَيْ بَاتَ حَلِي دَࢽَغَرْتَا,تࣸوحَکَࢽَࢽْ مَّثٜيٰ کࣸومِي کٜࢽْتَا   إِࢽْ دَيْ بَاتَ حَلِي دَࢽَڧَرْتَا
کࣸوْاْوَثٜيٰ دَرَجَرْغِدَࢽْسࣸ کٜيٰ رِڧࣸࢽْتَ إِرِࢽْ هَلِࢽْسࣸ,کࣸوْاْوَثٜيٰ دَرَجَرْغِدَࢽْسࣸ کٜىٰ رِڧࣸࢽْتَ إرِࢽْ هَلِࢽْسࣸ
کَتࣸࢽَابَاذَامࣸ دَوَّمَابَا,کَتࣸࢽَابَاذَامࣸ دَوَّمَابَا
إِࢽْکࣸࢽْ ڧِي ذَاࢽْثٜࢽَابَکࣸتࣸوبَبَا  وَاَللَّهِ ڧࣸوڢَاذَاأَرࣸڢٜيٰتَࢽٜيٰ,إِࢽْ کࣸࢽْ ڧِي ذَࢽْثٜࢽَابَکࣸتࣸويَبَا وَاللَّهِ ڧࣸوڢَاذَاأَرࣸڢٜيٰتَࢽٜيٰ
وَࢽْدَسࣸࢽْ رِڧٜيٰ غَرْدَمَاࢽيٰ   بَاعَ سَاسࣸ ثِکِࢽْ مࣸتَاࢽٜيٰ,وَࢽْدَسࣸࢽْ رِڧٜيٰ غَرْدَمَاࢽٜيٰ بَاعَ سَاسࣸ ثِکِࢽْ مࣸتَاࢽٜيٰ
بل انه باختيارمنه اوجدها ؞ فدزل مو جبحا بالعفل والجدل,بل انه باختيارمنه اوجدها ؞ فدزل موجبحا بالعفل والجدل
دوب,دࣸوب
سَيْ وَࢽْدَ جِکِى بَيَارَسَابَا,سَيْ وَࢽْدَجِکِي بَيَارَسَابَا
وَاڧَرْمَجِيدࣸ,وَاڧَرْمَجِيدࣸ
بَأسَامِ أبِࢽدَيَاإيَابَا,بَأَسَامِ أَبِࢽْدَيَاإِيَابَا
شِکَسَاهِمَّتَلَالَهْ ثِى مࣸتࣸم مَي سࣸوࢽْ کَمَالَهْ,شِي کَسَاهِمَّاتَلَالَهْ  ثٜيٰ مࣸتࣸمْ مَيْ سࣸوْࢽْ کَمَالَهْ
بَيْبَرْسࣸ ذَمَادَلَاڢِيَابَا,بَيْ بَرْسࣸ ذَمَادَلَاڢِيَابَا
وفيل نطلڡ لڢظاليس يوهمنا ؞ والاول الحڡ ڢاسلک طى فدتمل,وفيل نط لڡ لڢظاليس يولعمنا ؞ والاول الحڡ ڢاسلک ط فدتصل
دمي غم يࢽعوادࢽ سي کييا  شبر ثيوااکيوࢽ الࢽصارا,دمي غم يࢽعوادࢽ سي کييا شبرثوااکيوࢽ الࢽصارا
يَا رَبِّ صَلِّ عَلَى ࢽَبِّي مࣸحَمَّدࣸ  اࣸصَلِي دࣸکَࢽْ مَيْسࣸوࢽْ أشِرْيࣸ دَيَ عࣸوَا,يَارَبِّ صَلِ عَلَى ࢽَبِيِّ مࣸحَمَّدِّ اصَلِࢽْ دࣸکَࢽْ مَيَسࣸࢽْ أَشِرِيࣸ دَࢳࢽْ عࣸوَا
تمت بحمد الله وسࢽ عونه,تت ڢدالله وحسࢽ عونه
حَالِࢽْسࣸࢽٜيٰ واللَّهِ سِيمࣸکَ رَتَّبَا   إِࢽْ کَيْ تࣸࢽَاࢽِ ذَاکَغَاࢽٜيٰ مࣸتَاࢽٜيٰ,حَالِࢽْسࣸࢽٜيٰ وَاللَّهِ شِيمࣸکَ رَتَّبَا   إِࢽْ کَيْ تࣸࢽَاࢽِ ذَاکَڧَاࢽٜيٰ مࣸتَاࢽٜيٰ
طبعة الأولى 1963,طبعة الدذولى 1963
دࣸࢽْ حَلِࢽْسࣸ دَبَࢽْ دَبَࢽْ ࢽَا   شِي مࣸتࣸمْ إِࢽْ ذَاکَ ذَوْࢽَا,دࣸࢽْ حَلِࢽْسࣸ دَبَࢽْ دَبَࢽْ ࢽَا  شِࢽْ مࣸتࣸمْ إِࢽْ ذَاکَ ذَوْࢽَا
ࢽَابࣸکَاثِ غࣸدࣸࢽْمَوَࢽْ کَ    وَࢽْدَکَيْمَ مَتَيمَکَࢽْکَ,ࢽَابࣸکَاثِ غࣸدࣸࢽْمَوَرْکَ  وَࢽْدَکَيْمَ مَتَيْمَکَࢽْکَ
والله سبحانه ترجوه يحشى نا ؞ غدا ڢى زمࢽ تهم ڢى الامࢽ مࢽ وجل,والله سبحانه ترجوه يحشى نا ؞ غداڢى زمࢽ تهم ڢى الامࢽ مࢽ وجل
يَىِّ سَابࣸواْکࣸوْايَبَادَ   أَرْزࣸکَࢽْ وَࢽِي کࣸوْاْيَثِيدَ,يَيِّ سَابࣸواْکࣸوْايَبَادَ  أَرْزࣸکَࢽْ وَࢽِي کࣸوْاْيَثِيدَ
يَابٜثٜيٰ دَرَشِࢽْ بَصِيرَا    سَيْ شِذࣸوْدَدࣸبࣸࢽْ لَرࣸورَا,يَاݒَثٜيٰ دَرَشِࢽْ بَصِيرَا سَيْ شِذࣸوْدَدࣸبࣸࢽْ لَرࣸورَا
وَالمࣸسلِمَاتࣸ ءَامِيࢽْ,وَامࣸࢽْاِلِْ أَابِه
أّڢِدَشِي کࣸمَابَايَࢽْ شٜيٰکَرَىٰ  أّبَاشِ کࣸرْڢࣸرْ ݣࣸاࢽَࢽْ شٜيٰکَرَا,أَڢِدَشِي کࣸمَابَايَࢽْ شٜيٰکَرَاٰ  أَبَاشِ کࣸرْڢࣸوکَاࢽَࢽْ شٜيٰکَرَا
سَي هࣸلࣸولࣸ دَشَࢽْ سِغَارِ بَاسࣸ إِسْتِغِڢَارِ,سَيْ تَلࣸولࣸ دَشَࢽْ سِغَارِ  بَاسࣸ سࣸࢽْ إِسْتِࢽْغِڢَارِ
دࣸوعَغَرِى کࣸوبَابࣸ مَيبَاس بَاشى     دَࢽْبَاسَابِيَامَرَسَّاصَࢽَاع,دࣸوعَڧَرِي کࣸوبَابࣸ مَيْبَاسࣸ بَاشِي  دَࢽْ بَاسَابِيَامَرَسَّاصَࢽَاعَ
مࣸيْ يَبࣸو يَࢽْ عࣸوّا غَسَرْکِي حَڧِيڧَا          جِࢽْڧيِي أغَرَيْ دَکٰٜوْتَا حَڧِيڧا,مࣸيْ يَبࣸويَࢽْ عࣸوَاغَسَرْکِي حَڧِيڧَا   جِࢽڧَيِي أَغَرَيْ دَکٜيٰوْتَاحَڧِيڧََا
أَيْکِي ࢽَسَابࣸواْ بَاتِلَسْ بࢽٜيٰ    حَڧࣸرِي أَکَࢽْيِي أّذَمْࢽَالاڢِيَا,أَيْکِي ࢽَسَابࣸواْبَاتِيلَسْ بَࢽٜيٰ حَڧࣸرِي أَکَࢽْثِي أَذَمْࢽَالَاڢِيَا
وَالاِتِّصَالࣸ عٜنࣸدࣽکِّدْرِدٜبِالصَّلَوةِعٜجࣸلْدٜ,وَالاِتِّصَالࣸ عٜذࣸکِّدْرِدٜبِالصَّلࣸوةِعٜجࣸلْدٜ
سَيْ هࣸثٜيٰ بَاڧࣸواْغَرٜيٰمࣸ  وَࢽْغَ بَاڧࣸواْ صَاحِبِࢽْمࣸ,سَيْ سࣸثٜيٰ بَاڧࣸواْغَرٜيٰمࣸ وَࢽْغَ بَاڧࣸواْصَاحِبِࢽْمࣸ
تِمِّى کࣸوَمِّ وَسِيلَ هَکّࣸدٜعَࢽ عٜجٜرࢽࣸ على بࣸوبَدِيَࢽْ مࣽيِمِّ کࣸمٜتَّتَا,تِمِّى کࣸوَمِّ وَسِيلَ هَکّࣸدٜعَࢽْ عٜجٜرْࢽࣸ على بࣸوبَدِيَࢽْ مࣽيِمِّ کࣸمٜتَّتَا
سࣸࢽْ سَکَامَ ڧَسَاأَبِࢽْتَ    وْࢽْدَأࢽْکَ ثِرَا ثِکِࢽْتَ,سࣸࢽْ سَکَامَ ڧَسَاأَبِࢽْتَ  وَࢽْدَأَࢽْکَ ثِرَاثِکِࢽْتَ
بَاتَ ࢽࣸڢِࢽْ خَيْرِي غَمِجِࢽْتَا    بَاغَ کِيࣸوشِي بَاغَ مڧࣸڢْتَا,بَاتَ ࢽࣸڢِࢽْ خَيْرِي غَمِجِࢽْتَا   بَاغَ کِيࣸوشِي بَاغَ مَڧࣸڢْتَا
عليکدبا لجود لاتبخل بمکر مت ؞ ڢا بخل والجبࢽ بيس الوصڢ للجل,عليک بالجودلا تبخل بکرمة ؞ ڢالبخل والجبࢽ بيس الوصڢر للجل
يَاشࣸوکَ غٜيٰرٜࣸواأَسَيْمࣸوغَرْغَرِي  يَاتَاثِࢽْ غِرْبِي دَکِرْيَيْ رࣸࢽْغࣸبيٰ,يَاشࣸوکَ غٜيٰرࣸواْأَسَيْمࣸوغَرْغَرِي  يَاتَاشِْ غِرْبِي دَکِرْيَيْ رَࢽْغࣸبٜيٰ
دࣸࢽْ غَࢽِࢽْ وَحَلَاکࣸمَࢽْثٜيٰ   دࣸࢽْ بِطَرْکࣸيِي دࣸوکِيَاثٜيٰ,دࣸࢽْ غَࢽِࢽْ وَحَلَاکࣸمَࢽْثٜيٰ دࣸࢽْ بِطَرْکࣸيِي دࣸوکِيَاثٜيٰ
دَڧࣸرْاَࢽࣸ يَذَّکَ يَڢَّدࣸکْ بَيَّࢽَامࣸࢽَ   حࣸکࣸمْثِى دَسَرْکِى يَىِّ دࣸکْمࣸبِ اَحْمَدَا,دَڧَرْءَاࢽࣸ يَذَّکَ يَڢَّدࣸکْ بَيَّࢽَامࣸࢽَ  حࣸکࣸمْثِي دَسَرْکِي يَيِّ دࣸکْ مࣸبِ اَحْمَدَا
بل کل شي> بتفديࢽ له امد ؞ اࢽ شاءاوشاءه ڢى الحيࢽ عࢽ عجل,بل کله شي ء بتفدير له امد ؞ اࢽ شاءاوشاءط ڢى لحيࢽ عࢽ عجل
مَغَࢽَا ثٜىٰ بَا أَبَرْمࣸسࣸوبَا,مَغَࢽَاثٜىٰ بَاأَبَرْمࣸسࣸوبَا
إِࢽْ يَبࣸوࢽْ مَࢽْذࣸوْاْحَمَيدِ    ذࣸوشَڢَايَوْمَ الْمِعَادِ,إِࢽْ يَبࣸورْ مَࢽْذࣸوْاْحَمَيْدِ ذࣸوشَڢَايَوْمَ الْمِعَادِ
کما احا ط واحص علمه عددا ؞ ڢى کل علوعلااوکل منسڢل,کمااحاط واحص علمه عددا ؞ ڢى کل علوعلااوکل منسڢل
وَࢽْسࣸ هِمَّسّࣸ بَاسࣸثِي سَيْ غَغࣸوثٜيٰ   وَࢽْسࣸ کࣸوٰࢽَاجِرَࢽْ أَبࣸويٜيٰ سࣸسَاثٜيٰ,وَࢽْسࣸ هِمَّسّࣸ بَاسࣸثِي سَيْ غَڧࣸوثٜيٰ  وَࢽْسࣸ کࣸوࢽَاجِرَࢽْ أَبࣸويٜيٰ سࣸسَاَثٜيٰ
مࢽ ذ>النواهى خصوصاخوڡ خاتت ؞ فد خاڡ منحاڢحول العلم والعل,مࢽ ذ>التوالعى خصوصاخوڡ خاتة ؞ فدخاڡ منحاڢحول العلم والعل
مَڧِي ذࣸمࣸࢽْتَايَاجٜىٰ ذَايَشَا    أَࢽْ ثٜىٰ ڟَيَاࢽَࢽْ کَرْکَعِسࣸوࢽَࢽَا,مَڧِي ذࣸمࣸࢽْتَايَاجٜيٰ ذَايَثَا   أَࢽْ ثٜيٰ ڟَيَاࢽَࢽْ کَرْکَعَسࣸوࢽَࢽَا
ڢَاَللهࣸ شِبَامࣸ غَࢽِࢽْ ڢِيَيَّࢽْمࣸ مࣸدࣸک   ذَمَاشِى کَکَيْمࣸ غَجَلَّ مَيسࣸࢽْ مࣸحَمَّدَا,ڢَاَللهْ شِبَامࣸ غَࢽِࢽْ ڢِيَيَّࢽْمࣸ مࣸودࣸک  ذَمَاشِي کَکَيْمࣸ غَجَلَّ مَيْسࣸࢽْ مࣸحَمَّدَا
يَٰأَل مࣽڢْتِدࣸ مٜࢽْ عجٜرْࢽࣽ تࣸمڢترواْلٜىْ مافٜوَلْ تࣸوْنَاطࣽ دَرْجَ مࣽلٜسْطَتَا,يَنَࡶَلْ مࣽڢْتِدࣸعٜࢽْ عجٜرْࢽَ تࣸمڢٜتࣸرࣸوالٜىْ مَافٜوَلْ تࣸوْنَاطࣸ دَرْجَ مࣽلٜسْطَتَا
ڧَرْشَࢽْ بّتࣸوࢽَيْ يَبࣸوغَمَطَوْکَکِي   مَࢽْذَࢽْمࣸ أَحْمَدࣸشࣸوغَبَࢽْمࣸ مࣸتَاࢽٜيٰ,ڧَرْشَࢽْ بَتࣸوࢽَاࢽَࢽْ يَبࣸوغَمَطَوْکَکِي   مَࢽْذَࢽْمࣸ أَحْمَدࣸشࣸوغَبَࢽْمࣸ مࣸتَاࢽٜيٰ
شِي مࣸتࣸمْ مَيْ جَامَ کَࢽْسَ  لاَڢِيَرْ ۼَيَارَࢽْ غِدَࢽْسَ,شِي مࣸتࣸمْ مَىْ جَامَ کَسْ   لَاڢِيَرْ غَيَارَࢽْ غِدَࢽْسَ
دَادࣸبࣸࢽْ مِلِيَࢽْ غَرٜيٰکَ   رَࢽْدَکَامࣸتࣸ سَيْ أَکَيْکَ,دَادࣸبࣸࢽْ مِلِيَࢽْ غَرٜيٰکَ رَࢽْدَکَامࣸتࣸ سَيْ أَکَيْکَ
بَابࣸرࢽِيبَاکࣸࢽْ غَࢽِى کࣸوعَڧَوْيىٰ    بَيْدَڢَرِࢽجِࢽِى مَرَريِࢽْ صَࢽَاعَ,بَابࣸرْࢽِيبَاکࣸࢽْ غَࢽِي کࣸوعَڧَوْيٜىٰ  بَيْدَڢَرِࢽْ جِࢽِي مَرَرْيِࢽْ صَࢽَاعَ
ڢدا جمع الانبعاء والى سل فاطبيه ؞ على الديانته بالتو حيدڢى الملل,فداجمع الانبناء والر سل فاطبة ؞ على الدياته بالتوحيدڢى الملل
سَيْ سࣸمَيْدَکِرْࢽْ تَعَالَى   جَلَّ يَااَللَّهࣸ اَللَّهْ,سَيْ سࣸمَيْدَکِرَࢽْ تَعَالَى جَلَّ يَااَللَّهࣸ اَللَّهْ
لَادَاأَکَࢽْيِي دَمَاسࣸ ڢِتࣸورࣸوَا    بَاعَابِيَࢽْسࣸو سَي أَࢽْ ڧٜيٰتَرٜيٰ,لَادَاأَکࣸࢽْيِي دَمَاسࣸ ڢِتࣸورࣸوَا  بَاعَابِيَࢽْسࣸوسَيْ أَࢽْ ڧٜيٰتَرٜيٰ
تَࢽَ مَيْ دَزَࢽْثٜي تَࢽَرَࢽْ غࣸوطَا  تَيْ مَغَࢽَ سَيْ کَثٜي مَيْ رَطَا,تَࢽَ مَيْ دَزَࢽَثٜيٰ تَࢽَرَࢽْ غَوْطَا  تَيْ مَڧَࢽْ سَࢽْ کَثٜي مَࢽْ رَطَا
بَاأَسࣸوࢽْ سَوْرِي غَأَيْکِي  غࣸࢽِࢽْ ڧَبَرِي طِࢽْکِي,بَاأَسࣸوࢽْ سَوْرِي غَأَيْکِي غࣸࢽْ غِࢽِࢽْ ڧَبَرِي دَطِࢽْکِي
لَايَمࣸسّࣸهࣸ إِلَّاالْمࣸطَهَّرࣸوࢽَ    کࣸࢽجِ ءَايَرْ هَࢽِࢽْ طَوْکَاتَسى,لَايَمَسّࣸهࣸ إِلَّالمࣸطَهَّرࣸوࢽَ  کࣸࢽْجِ ءَايَرْهَࢽِࢽْ طَوْکَاتَسَى
ذااذو,ذااذو
وَالتَّرْتِيبࣸ عٜرٜوْنِدٜرْدٜوَڢَرَآإضࣸ ࡼلصَّلوةِ,وَالتَّرْتِيبࣸ عٜرٜوْنِدٜرْدٜوَڢَرَآإِضࣸ ࡼلصَّلَوةِ
أَرْزِڧِي مَڧْسࣸومِيَاثٜىٰ   وَࢽْدَيَاسَامࣸويَدَاثٜىٰ,أَرْزِڧِي مَڧْسࣸومِيَاثٜيٰ  وَࢽْدَيَاسَامࣸويَدَاثٜيٰ
أَبࣸوبَکَرْ عࣸمَرࣸ عࣸثْمَاࢽࣸ کࣸمَ دَعلِيّࣸ ؞  سࣸوࢽٜيٰ صَحَٰبࢽْ ࢽَاسَ جِيکَࢽْ مࣸحَمَّدَا,أَبࣸوبَکَرْعࣸمَرࣸ عࣸثْمَارࣸ کࣸمَ دَعَلِيّࣸ ؞  سࣸوࢽٜيٰ صَحَٰبَࢽْ ࢽَاسَ جِيکَࢽْ مࣸحَمَّدَا
بَيْ کَيْغَ أبِࢽْدَيَيْ ࢽࣸڢِيبَا,بَيْ کَيْغَ أَبِࢽْدَيَيْ ࢽࣸڢِيبَا
إِࢽ مَّثٜيٰ,إِࢽْ مَّثٜيٰ
الࢽاس داء دَڢيࢽ لادواءلهم تحير العڧل مࢽهم وهومࢽذهل,الࢽاس داءدڢيࢽ لادواءلهم   تحيرالعڧل مࢽهم وهومࢽذهل
وَالْمَآءࣸࡼلطَّاهِرࣸعٜدِيَنْ للَبࣽطَࢽْ وَالتَّدَلّࣸکࣽ,وَالْمَآءࣸࡼلطَّاهِرࣸعٜدِيَرْللَبࣸطَرْ وَالتَّدَلࣸکࣸࣽ
٦٥ يَوَو وَاڧَاتَا تڧَيْتَا  کࣸلَّتَا سِتَّوࢽَ بَيَّࢽَا,٥٤يَوْوَوَاڧَاتَاتَڧَيْتَا  کࣸلَّتَا يِتَّوࢽَ بَيَّيَا
تَيْمَکٜىٰࢽِ کَبَࢽْ حَذَاڧَا    إِࢽْىِ وَاڧَامَىْ زَلَاڧَا,تَيْمَکٜيٰࢽِ کَبَࢽْ حَذَاڧَا  إِࢽْيِ وَاڧَامَيْ زَلَاڧَا
ألْ غࣸࢽْ غࣸمّا مَيْ إدَࢽْ ثِࢽْ کࣸطِي,أَࢽْ غࣸࢽْ غࣸمَامَيْ إِدَࢽْ ثِࢽْ کࣸطِي
الى ربنا شيخنا على بر محمد ࡼلعࣸورِىّࣸ ࡼللَّبٜوِىّࣸ رحمࢽ الله تعٰلى,الى ربناشيخنا على بࢽ محمد ࡼلعࣸورِىّࣸ ࡼللَّبَوِىّࣸ رحمࢽ الله تعلى
دَيَوَࢽْ مَعَوْࢽَاڧَرْشَࢽْ دࣸࢽِيَا   کࣸلࣸم مَّرࣸوڧَاسَيْ ڧَارٜࣸوسࣸکٜيٰ,دَيَوَّࢽْ مَعَوْࢽَاڧَرْشَࢽْ دࣸوࢽِيَا کࣸلࣸمْ مَّرࣸوڧَاسَيْ ڧَارࣸوسࣸکٜيٰ
کࣸواْمَطَاثِي کࣸوشِرِࢽْيَا   سࣸࢽْکَ بࣸوشٜيٰ بَابࣸ طَࢽْيَا,کࣸواْمَطَاثِي کࣸوشِرِࢽْيَا سࣸࢽْکَ بࣸوشٜيٰ بَابࣸ طَࢽْيَا
عٜمَکࣸدٜنࣽبِّطِࢽْ طࣶطࣶ وَ تَجْدِ يدࣸࡼلْمَآ ءࣸ,عٜمَسْکࣸدٜنࣽبِّطِࢽْ طࣶطࣶ وَتَجْدِيدࣸࡼلْمَآءࣸ
اعشى البصير ة اࢽ تى ددضلالته ؞ تراه للحڡ يبدواغير منتحل,اعشى البصيرة اࢽ تر ددضلالته ؞ تراه للحڡ ييدواغير منتحل
وَڢَّڧْࢽَااللهࣸ إلَىٰ مَا يࣸحِبّࣸ. اميࢽْ,وَڢَّڧَࢽَااللهࣸ إِلَىٰ مَايࣸحِبّࣸ ءامَيࢽْ
دَاَبِࢽْدَبَذَيْىِ ڢَاإدَابَا,دَاَبِࢽْدَبَذَيْيِ ڢَاءِدَابَا
دَامࢽي,دامي
غَاࢽࣸوَرْکَ دَبَاتَرِبْطَا    غࣸࢽْ مࣸحَمَّدࣸࢽَࢽْ ࢽَرَاݒَا,غَاࢽࣸوَرْکَ دَبَاتَرِبْطَا  غࣸࢽْ مࣸحَلَّدࣸࢽَࢽْ ࢽَرَابَا
کذاک نڢسک مااࢽ انت موجدها ؞ ڢانظࢽ بعفل سليم غيرمختبل,کذاک نڢسک ماࢽ ات موجدها ؞ ڢانظࢽ بعفل سليم غيرمختبل
بَتَ سَࢽْ لَيْڢِࢽْتَ يَيْ يَوَابَا,بَتَ سَࢽْ لَيْڢِࢽْتَ يَيْ يَوَابَا
تࣸواْبَلٜىٰ شِإسَرْمَ يَايٜىٰ     حَرْذࣸوَاکَيْࢽَىْ شِوَايٜىٰ,تࣸواْبَلٜيٰ شِإِسَرْمَ يَايٜيٰ حَرْذࣸوَاکَيْࢽَىْ شِوَايٜيٰ
تَاڟَرٜيٰ أَزࣸمِي دَصَلَّا    غَسْکِيابَاتَاکَسَالَا,تَاڟَرٜيٰ أَزࣸمِي دَصَلَّا  غَسْکِيَابَاتَاکَسَالَا
زَارِيَا,زَارِيَ
ايامه وڧت زوال اللهم اغڢرلي,ايامه وڢت زوال اللهماغڢرل
طَࢽْ ࢽَمِجِ ڧَاڧَاذَاعَسَاوَاطَࢽْ سࣸوࢽَا,طَࢽْ ࢽࣸمِجِي ڧَاڧَاذَاعَسَاوَامَࢽْ سࣸوࢽَا
إِذَࢽْ ذَاکࣸ غَيْسَاوَاکࣸذَمْ غَمَ حَࢽّࣸوَا ؞  شِيمَا حَديشِ ࢽٜي ࢽَسِيدِ مࣸحَمَّدَا,إِذَࢽْ ذَاکَ غَيْسَاوَاکࣸذَمْ غَمَ حَࢽّࣸوَا ؞  شِيمَاحَدِيشِ ࢽٜيٰ ࢽَسِيدِ مࣸحَمَّدَا
سَيْ مࣸکَࢽْ شَاوَرْوَرِࢽْمࣸ    ثٜىٰمَ اَدَمࣸ يَاأࣸبَࢽْمࣸ,سَىْ مࣸکَࢽْ شَاوَرْوَرِࢽْمࣸ  ثٜىٰمَ اَدَمࣸ يَاأࣸبَࢽْمࣸ
تَارࣸوَرْدَأَکِىْ يَڢِيࢽِي   بَابࣸ لَيْڢِي ڢَرْضَ عيْࢽِي,تَارࣸوَرْدَأَکَيْ يَڧِيࢽِي بَابࣸ لَيْڢِي ڢَرْضَ عَيْࢽِي
کَمَرْ حَغࣸمَا سَبࣸوْاْدَغَمْبَا,کَمَرْحَغࣸمَاسَبࣸوْاْدَغَمْبَا
دَغَ بَايَ غَرَيْ سࣸبَاشِ غَابَا,دَغَ بَايَ غَرَيْ سࣸبَاشِ غَابَا
بَاذَىْ مَسَ ݣَيوْ أعَاڧِبَابَا,بَاذَيْ مَسَ ݣَيٜوْأَعَاڧِبَابَا
إِࢽْبَاسࣸࢽْ تࣸوبَ سࣸࢽبرِيْبَا,إِࢽْبَاسࣸࢽْ تࣸوبَ سࣸࢽْ بَرِيبَا
يَثٜيٰ مࣸسࣸ کࣸجٜيٰ إِࢽْ کࣸࢽْغَ رَوْࢽِي جِکِࢽْ طَيَا ؞ بَࢽْ ذَمَ ࢽٜيٰࢽٜيٰ مَهْدِ جِکَࢽْ مࣸحَمَّدَا,يَثٜيٰ مࣸسࣸ کࣸجٜيٰ إِࢽْ کࣸࢽْغَ رَوْࢽِي جِکِࢽْ طَيَا ؞  بَࢽْ ذَمَ ࢽٜيٰࢽٜيٰ مَهْدِ جِيَکَࢽْ مࣸحَمَّدَا
حَرْيَکَࢽْ کࣸوکَايَثٜيٰ دَا    مَيْ إِدࣸو ࢽَکٜيٰ مِي يَمَيْدَا,حَرْيَکَࢽْ کࣸوکَايَثٜيٰ دَا  مَيْ إِدࣸوࢽَکٜيٰ مِي يَمَيْدَا
بَࢽْ کَاࢽَادَکࣸواْکࣸطِࢽْ حَڧِيبَا,بَࢽْ کَاࢽَادَکࣸواْکࣸطِࢽْ حَڧِيبَا
ࢽِي ذَاࢽِ طࣸورَسْ بَاوَࢽِ ڢَرْغَبَا    دࣸومِࢽْ بَتࣸࢽْ ࢽَيْ بَاڧَرْيَابَࢽٜيٰ,ࢽِي ذَاࢽِ طࣸورَسْ بَاوَࢽِ ڢَرْغَبَا  دࣸومِࢽْ بَتࣸوࢽَيْ بَاڧَرْيَابَࢽٜيٰ
أِࢽْدَيْ بَکَ ذَاݒِي حَࢽْڧࣸرَابَا,إِࢽْدَيْ بَکَ ذَاݒِي حَࢽْڧࣸرَابَا
وٜبْتَنْطࣽعٜࢽ فَبِتَنْجِ مَکّࣽ کࣽسࣸدّࣸطن هَىْ هࣸودٜ وَاوَاضࣸرّࣸ فࣸلْعٜࢽ هٜوْتَتَا,وٜبْتَنْطࣸعٜࢽْ فَبِتَنْجِ مَکّࣸ کࣽسࣸدّࣸطٜࢽْهَىْ هࣸودٜوَاوَاضࣸرّࣸفࣸلْعٜر هٜوْتَتَا
بَيْ کࣸواْيِ ثِکِࢽْ رَشِࢽْ سَࢽِيبَا,بَيْ کࣸواْيِ ثِکِࢽْ رَشِࢽْ سَࢽِيبَا
کࣸوکࣸوامَذَاڢَکࣸکَامَ مَاتَ دَغَسْکِيَا ؞ کࣸکٜوْتَاأَمَاࢽَ کࣸࢽجِ ذَࢽْشٜ مࣸحَمَّدَا,کࣸوکࣸوَامَذَاڢَکࣸکَامَ مَاتَ دَغَسْکِيَا ؞  کࣸکٜوْتَاأَمَاࢽَ کࣸࢽْجِ ذَࢽْشٜي مࣸحَمَّدَا
بَاتࣸڢَاتَرْوَابَاثِي دَشَىٰ   غَيْسࣸوَرْ بَکَمَاتَاغَاغَرَيٰ,بَاتࣸڢَاتَرْوَابَاثِي دَشَيٰ  غَيْسࣸوَرْبَکَمَاتَاغَاغَرَىٰ
أَبَايَرْڢَ يَيْ هِجِرَايَذࣸوا مَدِيࢽَةࣸ ؞ أَکَبَاشِ يِࢽْ وࣸرْدِيڢَ أَحْمَدَا,أَبَايَرْڢَ يَيْ هِجِرَايَذࣸوا مَدِيࢽَةࣸ ؞ أَکَبَاشِ يِࢽْ وࣸرْدِيڢَ أَࢽَْبِ أَحْمَدَا
ࢽصارڢري غرسࢽ بساجکࢽ س    ثکࢽ س بکيکرࢽ شک اࢽصارا,ࢽصارڢري غرسࢽ بساجکࢽ س  ثکࢽ سࢽ بکيکرࢽ شکاࢽصارا
شَيْخࣸࢽَامَالَمْ أَمِيْرࣸ    شِڢَ دَىْ يَاکَامَ حَࢽّࣸو,شَيْخࣸࢽَامَالَمْ أَمِيࢽࣸ  شِيْڢَ دَيْ يَاکَامَ حَࢽّࣸو
شي يغيامࢽا,شِي يغيامࢽَا
بَيْبَ سَيْ دࣸومِࢽْ بَࢽَّثٜيٰ   شِيدَدࣸکَّࢽْ کَرْکَࢽْثّٜيٰ,بَيْبَ سَيْ دࣸومِࢽْ بَࢽَثٜيٰ  شِيدَدࣸکَّࢽْ کَرْکَتَثٜيٰ
شِى يَسَابَمࣸبَرْکَ کَاتࣸࢽَابَا,شِي يَسَابَمࣸ بَرْکَ کَاتࣸࢽَابَا
مکوت,مکوتَا
بَڧَرْدَوْطَادَوْطَ مَزِࢽَىٰ   وَࢽْکَࢽْتَاأࢽْثٜيٰ سَيْ جَهَࢽَّمَ,بَڧَرْدَوْطَادَوْطَ سَلزِّࢽَىٰ  وَࢽْکَࢽَتَاأَࢽْثٜيٰ سَيْ جَهَࢽَّمَ
سࣸومَالَمِي بَيْ ڟِيرَبَلّٜي جَاهِلِي   کࣸومَيْ کࣸطِي شَأَࢽِࢽْسࣸ کَاجِ مࣸتَاࢽٜيٰ,سࣸومَالَمِي بَيْ ڟِيرَبَلّٜيٰ جَاهِلِي کࣸومَيْ کࣸظِي شَأَࢽِࢽْسࣸ کَاجِ مࣸتَاࢽٜيٰ
إِࢽْ مَّثٜيٰ بَاتَ رَغَامَکَ بَرْتَا   دَيْࢽَ ࢽࣸڢِࢽْتَ کَبَرْشَأَوَتَّا,إِࢽْ مَّثٜيٰ بَاتَ رَغَامَکَ بَرْتَا  دَيْࢽْ ࢽࣸڢِࢽْتَ کَبَرْشَأَرَتَا
دَحَدِيثِ بَامࣸڢَاجَعَابَا,دَحَدِيثِ بَامࣸڢَاجَعَابَا
سࣸࢽْ مࣸسࣸلْمِي أَرْزِکِيࢽٜيٰ   سࣸࢽْ ذࣸمࣸࢽْتَاوَاجِبِيࢽٜيٰ,سࣸࢽْ مࣸسࣸلْمِي أَرْزِکِيࢽٜيٰ سࣸࢽْ ذࣸمࣸࢽْتَاوَاجِبِيࢽٜيٰ
وَاڧَرْإِࢽْڢِرَاجِ تَبَکࣸي,وَاڧَرْ إِࢽْڢِرَاجِ تَبَکࣸي
دࣸکْ أَبِࢽْدَمࣸتࣸمْ يَرِسْکَا    شِي مَأَوْࢽِي ذَاشِ طَوْکَا,دࣸکْ أَبِࢽْدَمࣸتࣸمْ يَرِسْکَا  شِي مَأَوْࢽِي ذَاشِ طَوْکَا
إِذَࢽْ ذَاکَامَ غࣸدَاثِکِࢽْسࣸ کَتَࢽْبَيَا ؞  دࣸࢽْ کَدَکَيِيࣸوݒَرْࢽَاغَسࣸࢽَّرْ مࣸحَمَّدَا,إِذَࢽْ ذَاکَامَ غࣸدَاثِکِࢽْسࣸ کَتَࢽْبَيَا ؞ دࣸࢽْ کَدَکَيِيࣸوبَرْࢽَاغَسࣸࢽَّرْ مࣸحَمَّدَا
کَارࣸوَيْ دَغِيَادَتَابَا   ذَاسࣸ جَامَسࣸ شَࢽْ عَذَابَا,کَارࣸوَيْ دَغِيَادَتَابَا  ذَاسࣸ جَامَسࣸ شَࢽْ عَذَابَا
إِࢽْ تࣸࢽَامَکَ إِࢽْ کَمَࢽْثٜيٰ   تࣸࢽْ کَࢽَاثِکِ کࣸࢽْيِ ذَࢽْثٜيٰ,إِࢽْ تࣸࢽَامَکَ إِࢽْ کَمَࢽْثٜيٰ  تࣸࢽْ کَࢽَاثِکِ کࣸࢽْيِ ذَࢽْثٜيٰ
دع المطامع واعلم اࢽ صاحبحا ؞ مࢽ التلو ڢى خمل وت خجل,دع المطامع واعلم اࢽ صاحبحاء ؞ مࢽ التلڡ ڢى خمل وتا خجل
وثڡ يولا ک لاک لاتبغى به بدلا ؞ ڢما عࢽ الله جل الله مࢽ بدل,وثڡ يولاک لا تبغى به بدلا ؞ ڢماعࢽ الله جل الله مࢽ بدل
مَيْ بِطَرْ أَوْرٜيٰ أَعِدَّا    شِيدَامَيْتࣸوذَرْتَ شَيْدَا,مَيْ بِطَرْ أَوْرٜيٰ أَعِدَّا   شِيدَمَيْتࣸوْذَرْتَ شَيْدَا
دميماجغ کوکو شي غحࢽيا   مࢽاࢽࢽ ذمࢽ تار دسو ࢽصارا,دميماجغ کوکوشي غحࢽيا  مࢽاࢽࢽ ذمࢽ تاردسوࢽصارا
جٜىٰ غَمَالِکِ ثٜىٰ شِࢽࣸوࢽَا   مࣸتَاࢽٜىٰ ماسࣸ بَرْࢽَا,جٜيٰ غَمَالِکِ ثٜيٰ شِࢽࣸوࢽَا  مَامࣸتَاࢽٜيٰ مَاسࣸ بَرْࢽَا
يَثٜيٰ دَمَيْزِࢽَىٰ کࣸويَاتࣸوبَا   سَيْيَيْ ࢽࣸڟࣸواْوࣸتَاݣࣸاࢽَࢽْ شٜيٰکَرَا,يَثٜيٰ دَمَيْزِࢽَيٰ کࣸويَاتࣸوبَا   سَيْيَيْ ࢽࣸڟࣸواْوࣸتَاکَاࢽَࢽْ شٜيکَرَا
مَىْ بِطَࢽْ ڟِيْرَاغَذِلَّا    کࣸواْصَࢽَاعَاکࣸواْغَصَلَّا,مَيْ بِطَرْڟِيْرَاغَذِلَّا کࣸواْصَࢽَاعَاکࣸواْغَصَلَّا
إدࢽ مࢽسام أيکو مࢽکتاش   ميادو رࢽغ ککيم مديࢽ ࢽٜس غاࢽصارا,ادࢽ مࢽسام ايکومࢽکتاش  ميادورغ ککيم مديࢽ ࢽس غاࢽصارا
کࣸمَ سَيْ بَکَذࣸوْکَࢽَارَحَابَا,کࣸمَ سَيْ بَکَذࣸوْکَࢽَارَحَابَا
تَمَت,تمبا
کࣸسَࢽْ عِࢽْدَاَکَسَࢽْ أَࢽَّبِمّࣸ مࣸحَمَّدࣸ ؞   شِيمَاڢَ أَࢽْ سَࢽْشِ جِيکَࢽْ مࣸحَمَّدَا,کࣸسَࢽْ عِࢽْدَاَکَسَࢽْ أَࢽَّبِمّࣸ مࣸحَمَّدࣸ ؞ شِيمَاڢَ أَࢽْ سَࢽْشِ جِيکَࢽْ مࣸحَمَّدَا
کࣸوْاْمَذَاحَتَّىٰ غَمَاتَا    کࣸوْاْلَلࣸورَࢽْ سࣸࢽْ يَوَيْتَ,کࣸوْاْمَذَاحَتَّىْ غَمَاتَا کࣸوْاْلَلࣸورَࢽْ سࣸࢽْ يَوَيْتَ
کٜىٰ هَوَاکَغَࢽࣸواْࢽَوَاࢽٜىٰ غَامࣸتࣸمْ مَىْ غَرْغَطِى,کٜيٰ هَوْاکَغَࢽࣸواْࢽَوَاࢽٜىٰ  غَامࣸتࣸمْ مَيْ غَرْغَطِريْ
ڢَيْ دَݒࣸويٜيٰ أّبَرْڢَسَادِ هَرْأَکَيْغَ بِيَࢽْ مࣸرَادِ,ڢَيْ دَݒࣸويٜيٰ أَبَرْڢَسَادِ هَرْأَکَيْغَ بِيَࢽْ مࣸرَادِ
رَغّࣸواْ بَاذَايَشَاذࣸمَابَا,رَغࣸواْبَاذَايَشَاذࣸمَابَا
کࣸوْاْوَثٜيٰ دَوࣸرِࢽْࢽࣸڢِࢽْسَا   شِي مِجِ دࣸࢽْ هَࢽْکَلِࢽْسَ,کࣸوْاْوَثٜيٰ دَوࣸرِࢽْࢽࣸڢِࢽْسَا   شِࢽ مِجِ دࣸࢽْ مَࢽْکَلِࢽْسَ
لَاخِرَادَيْ بَاسࣸ سَامࣸ  أَرْزࣸکَاإِࢽْ أَࢽْکِرَامࣸ,لَاخِرَادَىْ بَاسࣸ سَامࣸ   أَرْزࣸکَاإِࢽْ أَࢽْکِرَامࣸ
إِࢽْ اَللَّهْ يَسࣸووࣸ ڧَࢽْتَا بَاوَا  سَيْ کَتَرَرْدَشِيڢَا بَايَا صَࢽَاعَ,إِࢽْ اَللَّهْ َسࣸووࣸلَ ڧَࢽْتَابَاوَا   سَيْ کَتَرَرْدَشِيڢَابَايَاصَࢽَاعَ
بَسࣸ کࣸرْبِ حطَطِيَرْغِيَابَا,بَسࣸ کࣸرْبِ حَطَطِيَرْغِيَابَا
ࢽَاإِشٜيٰ مَالَمْ حَمِيدࣸ تَمْبَيَرْ کَلْمَرْ شَهَادَ,ࢽَاإِشٜيىٰ مَالَمْ حَمِيدَ  تَمْبَيَرْکَلْمَرْشَهَادَ
ڢَرِللَّجِ جࣸلْدٜطِࢽْ خَمْسَةࣸعَشَرَکࣽسَبّࣸ عٜجࣸوِ,ڢَرِللَّجِ جࣸلْدٜطِࢽْ خَمْسَةࣸعَشَرَکࣽسَبّࣸ عٜجࣸوِ
يَثٜيٰ طَبِيبِي مَيْيِࢽْ مَاغَࢽِي  ࢽَثࣸوثࣸکَابَاغَوْغَاوَرْبِيَا,يَثٜيٰ طَبِيبِي مَيْيِࢽْ مَاغَࢽِي  ࢽَتࣸوثَکَابَاغَوْغَاوَرْبِيَا
إِࢽْ کَاثٜيٰ مَتَ وَࢽْثِ کِلࣸورا   بَاکَ حَࢽَاࢽِي بࣸغࣸࢽْ ثِࢽْيَاتَا,إِࢽْ کَاثٜيٰ مَتَ وَࢽْثِ کِلࣸورَا  بَاکَ حَࢽَاࢽِي بࣸغࣸࢽْ ثِࢽِيَاتَا
سَࢽْدَجِࢽْيَاتَايِي جِࢽْيَا تَادَکَيْما يَابࣸوَاياَ,سَࢽْدَجِࢽْيَاتَايِي جِࢽْيَا  تَادَکَيْمَايَابࣸوَايَا
بَيْثِࢽْ ڢَوَࢽَّي کࣸمَ أَکَسَامࣸ شَٰتَرَ ؞ ثِکِࢽْ أَرْبَعِيࢽَ دَحࣸطࣸࢽْسࣸ جِيکَࢽْ مࣸحَمَّدَا,يَيْثِࢽْ ڢَوَࢽَّࢽْ کࣸمَ أَکࣸسَامࣸ شٰٜتَرَ ؞ ثِکَࢽْ أَرْبَعِيࢽَ دَحࣸطࣸࢽْسࣸ جِيکَࢽْ مࣸحَمَّدَا
أَࢽَّبِي شࣸوغَبَࢽْ مّࣸمَايَيْ ڢَتَوْثِي  إِࢽْکࣸويِي کَکٜي دَشِي کَيْ صَࢽَاعَ,أَࢽَّبِ شࣸوغَبَࢽْ مࣸمَايَيْ ڢَتَوْثِي  إِࢽْکࣸويِي کَکٜي دَشِي کَيْ صَࢽَاعَ
وَࢽْسࣸ کࣸواْ سَبَبِي دَشِرْکَا   يَاحَࢽَاسࣸوثٜيٰ دَسࣸوکَرْ,وَࢽْسࣸ کࣸواْسَبَبِي دَشِرْکَا  يَاحَࢽَاسࣸوࣸثٜيٰ دَسࣸوکَرْ
کࣸوْا دَيَاذَمَ شࣸوغَبَا ࢽٜىٰ   بَـاشِ ثٜى مَکَ يَاڢِ وَاࢽيٰ,کَوْاْدَيَاذَمَ شࣸوغَبَاࢽٜيٰ بَاشِ ثٜىٰ مَکَ يَاڢِ وَاࢽٜيٰ
مَيْ يِࢽْ غࣸدࣸو يَاڧِࢽْ کَاڢِرَيْ   مࣸࢽْجِ بَايَاسمّࣸ غَاڢَرا,مَيْ يِࢽْ غࣸدࣸوغࣸࢽْ يَاڧِࢽْ کَاڢِرَيْ  مࣸࢽجِ بَايَاسَمّࣸ غَاڢَرَا
ࢽَمَࢽْغِ زَارِيَ,ࢽَمَࢽْغِ زَارِيَ
أحْمَدَا يَاڢِ کࣸووَ تَبَّتْ حَڧِيڧَا,أَحْڢَدَايَاڢِ کࣸووَتَبَّتْ حَڧِيڧََا
ظَاهِرِي کواْوَايَغَاࢽٜىٰ    غَاسࣸرࣸکَىْ غَاإِيَايٜىٰ,ظَاهِرِي کࣸوْاْوَايَغَاࢽٜيٰ  غَاسࣸرࣸکَىْ غَاإِيَايٜيٰ
ڢصل نع اوى الواجبات والاستࢽ لال بالنظࢽ ناالخلوفات,ڢصل نا اول الواجبات والاستد لال بالنطࢽناالمخلوفات
سَيْدَيَىْ سࣸجَدَادَغࣸوشِي    ثَࢽْ غَوَࢽْدَيَطَوْکَکٜىٰشِ,سَيْدَيَىْ سࣸجَدَادَغࣸواشِي  ثَࢽْ غَوَࢽْدَيْطَوْکَکٜيثِ
زَارِِيَ؞,زَارِيَ
ثࣸوثٜيٰ ثࣸوثٜيٰ بَاع تَاطِي وَࢽْدَيَابِ ࢽَوَࢽْغَ رࣸوْطِي,ثࣸوثٜيٰ ثࣸوثٜيٰ بَاعَ تَاطِي  وَࢽْدَيَابِ ࢽَوَࢽْغَ رࣸوْطِي
أَيْ تࣸࢽْ بَعَجٜيٰ غَکَوثَرَابَا,أَيْ تࣸࢽْ بَعَجٜيٰ غَکَوْثَرَابَا
ذَاعَ کࣸواْحَوْࢽٜيٰ دَڧَرْڢِي   غَادࣸحࣸوڧَشِيَرْ دَذࣸرْڢِي,ذَاعَ کࣸواْحَوْࢽٜيٰ دَڧَرْڢِي  غَادࣸحࣸوڧَشِيَرْدَذࣸرْڢِي
بَتَذࣸوْادَشِرِࢽْ مࣸبَارَزَاباَ,بَتَذࣸوْادَشِرِࢽْ مࣸبَارَزَابَا
دَجِبْرِيلࣸ يَاکࣸومࣸوسَرِيحَ هَاثٜغَ ؞ دَغَ إِيکࣸࢽْ تَعَلَىٰ جَلَّ سَرْکِࢽْ مࣸحَمَّدَا,دَجِبْرِيلࣸ يَاکࣸومࣸوسَرِيحَ هَاثِعَ ؞  دَغَ إِيکࣸࢽْ تَعَلَࢽٰ جَلَّ سَرْکِࢽْ مࣸحَمَّدَا
دࣸࢽْ سࣸکَࢽْجِ کِرَاوࣸرِࢽْمࣸ    سَىْ سࣸثٜىٰ بَࢽْ غَسْکِيَرْمࣸ,دࣸࢽْ سࣸکَࢽْجِ کِرَاوࣸرِࢽْمࣸ  سَيْ سࣸثٜيٰ بَࢽْ غَسْکِيَرْمࣸ
لَيْڢِࢽْکَ سࣸذَࢽْ بَسࣸيْ يَوَابَا,لَيْڢِࢽْکَ سࣸذَࢽْ بَسࣸيْ يَوَابَا
سَيْشِ سࣸوْاْ حَکَ ڢَي دَݒࣸويٜيٰ    غَاشِ رَاࢽَا تَاذࣸغࢽْيٜيٰ,سَيْشِ سࣸوْاْحَکَ ڢَيْ دَݒࣸويٜيٰ  غَاشِ رَاࢽَاتَاذࣸغَࢽْيٜيٰ
کالى يح ثم کلمح ابى ڡ سابفهم ؞ اوسى عة الخيل سبفاثم ذي مل,کالى يح ثم کلهح البر ڡ سانڢهم ؞ اوس عةالخيل سبفاثم ذي محل
وَࢽْدَکٜيٰ ࢽٜيٰمَࢽْ دَلَاَلَهْ   سَيْ يَتَاشِ يَبَرْ کَسَالَهْ,وَࢽْدَکٜيٰ ࢽٜيٰمَࢽْ دَلَالَهْ سَيْ يَتَاشِ يَبَرْکَسَالَهْ
بَابࣸ لَيْڢِي أَيْ أذَمْࢽٜيٰ   کࣸواْأَکࣸࢽْثٜيٰ أَکَيْ حَلَلْࢽٜيٰ,بَابࣸ يَيْڢِي أَيْ أَذَمْࢽٜيٰ کࣸواْأَکࣸࢽْثٜيٰ أَکَيْ حَسَلْࢽٜيٰ
بَاکَرَاتࣸوسࣸࢽْرَسَىٰ دࣸوکِيَا    سࣸوࢽٜيٰ بَرَايِي سࣸوࢽٜيٰ يࢽْٜڢَسِي,بَاکَرَاتࣸوسࣸࢽْرَسَىٰ دࣸوکِيَا سࣸوࢽٜيٰ بَرَايِي سࣸوࢽٜيٰ يَࢽْڢَشِي
عٜسࣸجࣸودࣸوَالرَّفْعࣸ عٜبَنْتࣸدٜمِنْهࣸ عٜمَکّࣽ,عٜسࣸجࣸودࣸوَالرَّفْعࣸ عٜبَنْتࣸدٜمِنْهࣸ عٜمَکّࣽࣸ
ڧَسَاتَايِ مࣸوطِي زَامَࢽِي بَيَّࢽَا تَسَ ؞  إِتَمَاکَرَامَ ثٜيٰ کࣸذࣸوکࣸجِ ڢَاءِدَا,غَسَاتَايِ مࣸوطِي زَامَࢽِࢽْ يَيَّࢽَاتَسَ ؞ إِتَمَاکَرَامَ ثٜيٰ کࣸذࣸوکࣸجِ ڢَاءِدَا
يَࢽْڧَشِي سَيْبِي دَبَرْثِي   سࣸࢽْ رࣸڢٜىٰتَ أمَىْ رَشِࢽْ ثِي,يَࢽْڧَشِي سَيْبِي دَبَرْثِي سࣸࢽْ رࣸڢٜيٰتَ أَمَىْ رَشِࢽْ ثِي
أَمِيࢽࣸ ࢽٜيٰ کَࢽࣸو مَوَاڧِي عَييَلْوَا  کࣸمَاࢽِي تٜيٰلَࢽٜيٰ عِࢽَا يِࢽْ صَࢽَاعَ,أَمِيࢽࣸ ࢽٜيٰ کَࢽࣸومَوَاڧِي عَيَلْوَا   کࣸمَاࢽِي تٜيٰلَࢽٜيٰ عِࢽَايِࢽْ صَࢽَاعَ
طَࢽْسࣸ کࣸوْاْطَࢽْ کِشِيَرْسࣸ   دࣸکْ أَدَيْدَيْ ذَاسࣸ غَࢽْسࣸ,طَࢽْسࣸ کࣸوْاْطَࢽْ کِيشِيَرْسࣸ  دࣸکْ أَدَيْدَيْ ذَاسࣸ غَࢽْسࣸ
إࢽْ أکَىْ مَغَࢽَاغَرٜٜىٰسࣸ   سࣸڢَطَامَکَ إࢽْ أکَيْسࣸ,إِࢽْ أَکَىْ مَغَࢽَاغَرٜيٰسࣸ  سࣸڢَطَامَکَ إِࢽْ أَکَيْسࣸ
دࣸوبَاإࢽْ مَعَيکَتَاسࣸࢽتَحࣸومَࢽْ    بَاسَاکَامَ وَࢽْدَکٜىٰيِࢽْ صَࢽَاعَ,دࣸوبَاإِࢽْ مَعَيْکَتَاسࣸࢽْتَحࣸومَࢽْ  بَاسَاکَامَ وَࢽْدَکٜيٰيِࢽْ صَࢽَاعَا
ثم الخلا ڡ اذا مالم يکࢽ تبعا ؞ يغڢوامغلده علمويمل يميل,ثم الخلاڡ اذامالم يکࢽ تبعا ؞ يفڢوامغلده علهو يمل يمتل
بَأَڢِشِ أّدࣸودَرَوْسَيَابَا,بَأَڢِيشِ أَدࣸودَرَوْسَيَابَا
شِي مࣸتࣸم بࢽى االْوَڧَارِي  لاَزِمِࢽْ إِسْتِغْڢَارِي,شِي مࣸتࣸم ࢽٜى ذَالْرَڧَارِي لَازِمِࢽْ إِسْتِࢽْغِڢَارِي
عَنِّيَادٜوَتَکْبِيرَةࣸࡼلاِحْرَامِ حَبِّرَاوࣸحَرْمِنِرْوࣽ,عَنِّيَادٜوَتَکْبِيرَةࣸࡼلاِحْرَامِ حَبِّرَاوࣸحَرْمِنِرْوࣸ
تکࢽ بدد,تکࢽ بدد
ِکي وس,أکي وسࢽ
ڧِيدَسࣸوْابَاذَاأَڢَاسَ     وَابَ يَاجِ کِرَايَأمْسَ,ڧِيدَسࣸوْاْبَاذَاأَڢَاسَ وَابَ يَاجِ کِرَايَأَمْسَ
غَاڧِشِي حَرْبَامࣸ سَامࣸ  کࣸواْرࣸوابَتَڢࣸواْ يَغَࢽْمࣸ,غَاڧِثِي حَرْبَامࣸ سَامࣸ کࣸواْرࣸوَابَتَڢࣸواْيَغَࢽْمࣸ
أَيِي صَلَّابَاࢽَ أدّࣸعَابَا,أَيِي صَلَّابَاࢽَ أَدّࣸعَابَا
بَاکࣸواْأَجِيَࢽْدَ ذَيْ دَطٜيٰبَا,بَاکࣸواْأَجِيَࢽْدَذَيْ دَطٜيٰبَا
بٜࢽ کَࢽ کࣽمَلَلْ بٜࢽْ کَࢽْ کࣽمࣽلٜلْ دٜمࣽجّٜرٜبࣽومَاطࣸࢽْ کࣸمَلَلْ,بٜࢽْ کَࢽِکࣽمَلَلْ بٜࢽْ کَࢽْ کࣽمࣽلٜلْ دٜمࣽجّٜرٜبࣽومَاطࣸࢽْ کࣸمَلَلْ
ذࣸوثِيَاتَاࢽَايَبࣸوࢽْکَا   هَࢽْکَلِيْࢽَاࢽَاغَرٜىٰکَا,ذࣸوثِيَاتَاࢽَايَبࣸوࢽْکَا  هَࢽْکَلِيْࢽَاࢽَاغَرٜيٰکَا
سَىْ حࣸسࣸوْمَاشِيْدَطَࢽْسَ   حَرْيَࢽٜىٰمِ مَدࣸواْغَرَرْسَ,سَىْ حࣸسࣸومَاشِيْدَطَࢽْسَ  حَرْيَࢽٜىٰمِ مَدࣸواْغَرَرْسَ
بسم الله الر حمٰࢽ الرحيم,ابسم العدوعر حه الرحمجي
رَࢽَّࢽْ يّثٜيٰ مࣸسࣸ يَوْکࣸڢَاطَ غَرِࢽْ ࢽَࢽَ ؞ کࣸکرْکَشٰٜ کَاڢِرَيْ مَڧِيَࢽْ مࣸحَمَّدَا,رَࢽَّࢽْ يَثٜيٰ مࣸسࣸ يَوْکࣸڢَاطَ غَرِࢽْ ࢽَࢽَ ؞ کࣸکَرْکَشٜ کَاڢِرَيْ مَڧِيَࢽْ مࣸحَمَّدَا
اَلࢽَّبِمّࣸ يَثٜيٰ دَڟࣸواْکَا    طَيَ مࣸتࣸمْ أَثِکࢽْ جِکِࢽْکاَ,اَلࢽَّبِمّࣸ يَثٜيٰ دَڟࣸوْاْکَا طَيَ مࣸتࣸمْ أَثِکِࢽْ جِکِࢽْکَا
إِࢽْبَاشَاڢَڢّٜيٰسَ أَࢽْدَڢَابَا,إِࢽْبَاشَاڢَڢّٜيٰࢽْسَ أَࢽْدَڢَابَا
أَلرِّيَآءࣸيِينَارِ>نࣽدࣽ فِرَڢِى اِلْحَسَنَاتِ,ࡶَلرِّيَآءࣸيِينَارِ>نࣽدࣸفِرَڢِى ࡽِلْجَسَنَاتِ
وَاخْتِيَارࣸعٜسࣸبࣸدٜࡶَلْبࣸفعَةِدِنفِّرَرْوَالتَّوَجّࣸهࣸ,وَاخْتِيَارࣸعٜسࣸبࣸدٜࡶَلْبࣸفْعَةِدِنفِّرَرْوَالتَّوَجّࣸهࣸ
يَىِّ سَابࣸوْکࣸوْايَبَادَ    أَࢽْ زࣸکَࢽْ وَࢽِى کࣸوْاْيَثِيْدَي,يَيِّ سَابࣸواْکࣸوْايَبَادَ  أَرْزࣸکَࢽْ وَࢽِي کࣸوْاْيَثِيدَ
ࣸواْدَدَىْ لَيْڢِى تࣸدࣸوࢽٜىٰ ࢽَاکَ وَࢽْدَکَتَتَّرَاࢽٜىٰ,کࣸواْدَدَيْ يَڢِڢِي تࣸدࣸوࢽٜيٰ  ࢽَاکَ وَࢽْدَکَتَرَاࢽٜيٰ
مࣸتࣸوب مࣸبَرصَابࣸومࣸڟࣸرْثِ اࣸبَࢽْغِجِ  مࣸکٜوْتَ اَيࣸکَّاکࣸومࣸسَادࣸدَأحْمَدَا,مࣸتࣸوبَ مࣸبَرْصَابࣸومࣸڟࣸرْثِ أࣸبَࢽْغِجِ  مࣸکٜيوْتَ أَيࣸکَّاکࣸومࣸسَادࣸدَاَحْمَدَا
وَاڧَرْإِࢽْڢِرَاجِ تَبِيࣸو,وَاڧَرْ إِࢽْڢِرَاجِتَبِيࣸو
مَىْ أَدࣸواْدَيَوَࢽْ مࣸضࣸورِِى    غَاصِبَاحَرَشِࢽْ ڧࣸصࣸورِى,مَىْ أَدࣸواْدَيَوَࢽْ مࣸضࣸورِي  غَاصِڢَامَرَشِࢽْ ڧࣸصࣸورِي
بَيْدَامࣸ دَذَاشِ لَاخِرَابَا,بَيْدَامࣸ دَذَاشِ لَاخِرَابَا
بَکࣸ سَࢽْ مَڢِتَا اَلَاخِرَابَا,بَکࣸ سَࢽْ مَڢِتَااَلَاخِرَابَا
حَرْدَوَࢽْدَيَکارَتَلَاتِيࢽْ    شِي دَمَاتَاࢽَارَبَاشِ ڢِطَا,حَرْدَوَࢽْدَيَکَّاࢽَ تَلَاتِيࢽْ  شِي دَمَاتَاࢽَارَبَاشِ ڢِطَا
بَابَࢽْ کࣸلثࣸومࣸ طَࢽ ثࣸوَيْبَا,بَابَࢽْ کࣸلْثࣸومࣸ طَࢽْ سࣸوَيْبَا
کࣸوْدَشَاعࣸکࣸ إࢽْکَغَاࢽٜىٰ   وَࢽْدَيَاجَادࣸࢽْ أࣸوَاࢽٜىٰ,کࣸوْادَشَاعࣸکࣸ إِࢽْ کَغَاࢽٜيٰ وَࢽْدَيَاجَادࣸࢽْ أࣸوَاࢽٜيٰ
يَࢽْذࣸباکࣸومٜيٰ غَرٜيٰࢽِي  سَيْ يَجٜيٰ أَثِکِࢽْ يَڧِيࢽِ,يَࢽْذࣸبَاکࣸومٜيٰ غَرٜىٰࢽِي سَيْ يَجٜيٰ أَثِکِࢽْ يَڧِيࢽِ
عَلَامَاتَتࣸوتَ ثٜيٰ وَاَللَّهࣸ يَبَيَّࢽَا؞  غَجِيکَࢽْ مَسࣸويِࢽْ ࢽَاسࣸ أَࢽَّبِ أَحْمَدَا,عَلَامَاتَتࣸوتَ ثٜيٰ وَاَللَّهࣸ يَبََّࢽَا ؞ غَجِيکَࢽْ مَسࣸويِࢽْ ࢽَاسࣸ أَࢽَّبِ أَحْمَدَا
عࣽمّࣽ عِتَّتَا جَکَّ ڢِح مَالِهِ>عٜجَوْدِمࣸوطࣸࢽْ وَفَال,عࣽمّࣽ عِتَّتَاجَکّࣸ ڢِح مَالِهِ>عٜجَوْدِمࣸوطࣸࢽْوَفَالَ
وَطَࢽْ سࣸواْ مَذَاطَوکَادَأَجٜيٰوَا   سࣸࢽَاطࣸوکِࢽْ مَّثٜيٰ سَيْ سَٰࣸجٜيتَا,وَطَࢽْ سࣸواْمَذَاطَوْکَادَأَجٜوَا  سࣸࢽَاطࣸوکِࢽْ تَّثٜيٰ سَيْ سࣸأَجٜيٰتَا
سࣸࢽْ کࣸمَامَادَابَاڧَثٜىٰ بَا,سࣸࢽْ کࣸمَامَادَابَأَڧْثٜىٰ بَا
ثِکِࢽْ إِࢽࣸوَاکࣸوغااَبِࢽْثِي إِرِإِرِي   دَبَااَکࣸتَمْثِࢽَيْ کࣸرࣸمْ إِࢽْدَاَحْمَدَا,ثِکِࢽْ إِࢽࣸوَاکࣸوغَاأَبِࢽْثِي إِرِي إِرِي  دَبَااَکࣸتَمْثِيࢽَيْ کࣸرࣸمْ إِࢽْدَاَحْممَدَا
فد جاء ڢى اثى تشبيهى سيعا؞ مهى اعتدى لم يذرشيئاولم يصل,فدجاء ڢى اثر تشبيهه سيعا ؞ ملهى اعتدى لم يذرشينا ولم يل
بَايَاذࣸوَاسࣸوࢽَا بَرٜيڢَ جَࢽَاءزَا  إِࢽْکࣸو يَࢽَا تَذࣸوَا کَجِيسࣸ مࣸتَاࢽٜيٰ,بَايَاذࣸوَسࣸوࢽَابَرٜيٰڢَ جَࢽَاءِزَا  إِࢽْکࣸويَࢽَاتَذࣸوَاکَجِيسࣸ مࣸتَاࢽٜيٰ
ڢصل ڢيمازلت ڢيه للبتدع الفدم بخالڢته من تفدم,ڢصل ڢيمازذلت ڢيه للمبتدع الفدم بخالڢته مࢽ تفدم
کِي حَڧࣸرِي کِڟَيَا غَمِجِࢽْکِ  إِࢽْ يَّوَدَاتࣸواْسَيْ کࣸودَاتَا,کِي حَڧࣸرِي ثِڟَيَاغَمِجِࢽْکِ   إِࢽْ يَّوَدَاتࣸوَاسَيْ کࣸوَدَاتَا
غَارࣸوَࢽْ طَاثِى سࣸتَرْڢَا مَيْ أبَاکِ أَجࣸوىَ صِڢَّا,غَارࣸوَࢽْ کَاثِي سࣸتَرْڢَا  مَيْ أَبَاکِ أَجࣸويَ صِڢَّا
کَيَايٜيٰ دࣸحࣸࢽْ شٜيٰکَࢽْ دَکَاسَاأَذࣸوثِيَا ؞  مࣸࢽࣸورَحَدِيشِ أَࢽَّبِمّࣸ مࣸحَمَّدَا,کَيَاࢽٜيٰ ذࣸحࣸࢽْ شٜيٰطَࢽْ دَکَاسَاأَذࣸوثِيَا ؞  مࣸࢽࣸورَحَدِيشِ أَࢽَّبِمّࣸ مࣸحَمَّدَا
ࢽَاتَجِࢽْسَ ثِکِي دَبَايٜيٰ   کوْاْ دَࢳَاࢳَاکࣸوْاْإِيَايٜيٰ,تَاغَجِࢽْسَ ثِکِي دَبَايٜيٰ کࣸوْاْدَࢳَاࢳَاکࣸوْاْإِيَايٜيٰ
مَي کِرَࢽْ مَاتَا کَوَالِ ࢽَࢽْدَࢽَࢽْ کࣸکَبَاشِ جَالِ,مَيْ کِرَࢽْ مَاتَاکَوَالِ ࢽَࢽْدَࢽَࢽْ کࣸکَبَاشِ جَالِ
بَعَ بَرْدࣸکَّࢽْ حَڧࣸواْڧࣸوَابَا,بَعَ بَرْدࣸکَّࢽْ حَڧࣸواڧࣸوَابَا
بَازَيْ رَسَ يِࢽْ مࣸاڢَڧَابَا,بَازَيْ رَسَ يِࢽْ مࣸوَاڢَڧَابَا
ذَاسࣸ سَامِ ڢِتَااَڢَامَا    هَرْسࣸسَامِ غِدَࢽْ سَلَامَا,ذَاسࣸ سَامِ ڢِتَاأَڢَامَا  حَرْسࣸسَامِ غِدَࢽْ سَلَامَا
أَبࣸوبَکَرْ عࣸمَرࣸ عࣸثْمَاࢽࣸ کࣸمَ عَلِيّࣸ ؞ بَرَادٜࢽْ رَسࣸولَ اَللَّهِ أَࢽَّبِ أَحْمَدَا,أَبࣸوبَکَرْعࣸمَࢽْ عࣸثْمَاࢽَ کࣸمَ دَعَلِي ؞ بَرَادٜࢽْ رَسࣸولَ اَلللَّهِ أَࢽَّبِ أَحْمَدَا
کࣸمَ إِࢽْکَرَاتࣸوࢽٜيٰ دَکَيْ دَطَ کَاجِبَا  إِࢽْهَرْ کَکَامٜيٰ ذَاسࣸڧِيکَ مࣸتَاࢽيٰ,کࣸمَ إِࢽْکَرَاتࣸوࢽٜيٰ دَکَيْ دَطَ کَاجِبَا  إِࢽْهَرْکَکَامٜيٰ ذَاسࣸڧِيَکَ مࣸتَاࢽٜيٰ
ڢالله نسٔل نانيل النجاة به ؞ ڢالخوڡ مࢽزلل مࢽ سابڡ الزلل,ڢالله نسٔل نا نيل النجاة به ؞ ڢالخوڡ مࢽ زلل مࢽ سابڡ الزلل
دَأَࢽْذَابٜىٰشِ کٜىٰࢽَࢽْ    تَرْسَشِࢽْ جَمَعَرْسࣸ کٜىٰࢽَࢽْ,دَأَࢽْذَابٜىٰشِ کٜىٰࢽَࢽْ  تَرْسَشِࢽْ جَمَعَرْسࣸ کٜىٰࢽَࢽْ
دࣸکَࢽْ مࣸتَاࢽٜيٰ دࣸوسࣸࢽْڧَࢽْدَرٜي  بَابࣸ مَيْعِيَاڧٜيٰتَرٜيٰ طَࢽْ تࣸدࣸو,دࣸࢽࣸࢽْ مࣸتَاࢽٜيٰ دࣸوسَْڧَࢽْوَرٜيٰ بَابࣸ مَيْعِيَاڧٜيٰتَرٜيٰ طَࢽْ تࣸدࣸو
کࣸوْأسَࢽْ تࣸرْمِࢽْ أکࣸرکࣸراْ تࣸࢽْ شِࢽَاسࣸومَاشِفَرْکࣸواْ,کࣸواْأَسَࢽْ تࣸرْمِࢽْ أَکࣸرکࣸواْ  تࣸࢽْ شِࢽَاسࣸومَاشِڢَرْکࣸواْ
غࣸلْبِي دَتَڢکِي مَاسࣸواْيَوَࢽْ رࣸوَا  أّجٜيٰ غََرٜيٰسࣸوأَعِسْکٜيٰ سࣸࢽْڧَڢٜيٰ,غࣸلْبِي دَتَڢْکِي مَاسࣸواْيَوَࢽْ رࣸوَا  أَجٜيٰ غَرٜيٰسࣸوأَعِسْکٜيٰ سࣸࢽْڧَبٜيٰ
کࣸسَاسࣸ دَرَارَسࣸووأَيْکِࢽْ دَذَاسࣸيِ ؞  کࣸبَرْسࣸ سࣸهࣸوتَ غَدَرٜيٰ کࣸمَ سَرْمَدَا,کࣸسَاسࣸ دَرَاࢽَ سࣸوࣸوأَيْکِࢽْ دَذَاسࣸيِ ؞ کࣸبَرْسࣸ سࣸهࣸوتَ غَدَرٜيٰ کࣸمَ سَرْمَدَا
وَࢽْدَبَىْ کَتَرِࢽْ رَبࣸوْبَا    إࢽْ يذَمْ بَىْ تَمْبَيَابَا,وَࢽْدَبَيْ کَتَرِࢽْ رَبࣸوبَا  إِࢽْ يَذَمْ بَيْ تَمْبَيَابَا
دَاجَࢽْ غࣸرْذࣸوبَيَامَثٜىٰ بَا,دَاجَࢽْ غࣸࢽْ ذࣸواْبَيَامَثٜيٰ بَا
دَيْ مࣸࢽَاکَلْمَرْ شَهَادَ   مࣸوڢَ شَيْطَࢽْ ࢽٜيٰ يَݒَدَّ,دَيْ مࣸࢽَاکَلْمَرْ شَهَادَ  مࣸوڢَ شَيْطَࢽْ ࢽٜيٰ يَبَدَّ
کࣸو بَاأَبࣸࢽْ ڟَرَبَ دَزَيْبَا ࢳࢽْ عࣸوَا,تࣸمَبَاأَبࣸࢽْ ڟَرَبَ دَزَيْيَاࢳِࢽْ عࣸوَا
ࢽَࢽْ مِجِ کَࢽْثٜيٰ دَمَاتَ   تَيْمَکٜيٰࢽِ مَسࣸويِيَاتَا,ࢽَࢽْ مِجِي کَࢽْثٜيٰ دَمَاتَ   تَيْمَکٜيٰࢽِ مَسࣸويِيَاتَا
ڢَصَلࣸ بَتࣸࢽْ دَࢽَاجِ وࣸرِࢽْ مَّالَم تࣸکࣸرْ,ڢَضْلࣸ بَتࣸࢽْ دَࢽَاجِ وࣸرِࢽْ مَّالَمْ تࣸکࣸرْ
مَيْ صَࢽَاعَ بَايَا ڟِيَا,وَمَىْ صَࢽَاعَ بَايَاڟِيَاءِ
أَࢽَالࣸلّࣸبِي ࢽَوࣸتَاأَثَٰࢽ غࣸوبٜيٰ الاخِرَا ؞  غَوَرْتَکٜي ڧِࢽْ يِࢽْسَ دࣸࢽْ ڧِࢽْ مࣸحَمَّدَا,أَࢽَالࣸلࣸبِي ࢽَوࣸتَاأَثَࢽْ غࣸوبٜࢽْ اَلاخِرَا ؞  غَوَرْدَتَکٜي ڧِࢽْ يِࢽْسَ دࣸࢽْ ڧِࢽْ مࣸحَمَّدَا
يثٜي,يثٜي
مَثٜيٰ وَدَّکٜيٰسࣸ أَرْزِڧِي دَوَدَاتَا  تَڟَيَادَغَسْکٜيٰ تَکَامَ غِرْمَࢽْ أَوْرِٜيٰ,مَثٜيٰ وَدَّکٜيٰسࣸࢽْ أَرْزِڧِي دَوَدَاتَا  تَڟَيَادَغَسْکٜيٰ تَکَامَ غِرْمَࢽْ أَوْرٜيٰ
حَکَ وَدَّکٜيٰ طِيبَرْ أَبِࢽثِ  تَبَࢽْتَا   حَکَ مَيْ حَࢽَاوَامِجِࢽْتَ سࣸࢽَّرْأَوْرٜيٰ,حَکَ وَدَّکٜيٰ طِيَرْ أَࢽْثِ بࣸبࢽْتَا   حکَ مَيْ حَࢽَاوَامِجِࢽْتَ سࣸࢽَّرْأَوْرٜيٰ
ڢکيڢ يراک مو ى لاشيب له ؞ سبحانه بصڢات المجدلم يزل,ڢکيڢ يدرک مولى لاشبيه له ؞ سبحانه بصڢات المجدلم يزل
دَأَبِࢽْدَبَذَاشِ دَوَّمَابَا,دَأَبِࢽْدَبَذَاشِ دَوَّمَابَا
اکي وس باياغاش اغرٜيس    بکࢽ حال س ياڢ ࢽاࢽصارا,أکي وس باياغاشي اغرٜيس  بکࢽ حال س ياڢ ࢽاࢽصارا
دَاکࣸمَاذَسࣸ شِࢽْ يࣸودَاࢽَسࣸوس    حَرْمامࣸيِى اَبࣸوتَکَادَࢽْ صَࢽَاعَ,دَاکࣸمَاذَسࣸ شِرْيࣸودَاسَيْ ࢽَسࣸوسࣸ   حَرْمَامࣸيِي أَبࣸوتَکَادَࢽْ صَࢽَاعَ
أَللَّهࣸ يَاڢِکٜ ڢࣽوبِمَاطَ نࣽذِيدࣽرِکࣽعَ لٜناط عتࣸودِ فࣽوبِ عَتونَتَا,ࡻَللَّهࣸ يَاڢِکٜ فࣽوبِمَاطَ نࣽدِيدࣽرِکࣽعَ بٜناطࣸ عتࣸودِ فࣽوبِ عَتࣸونَتَا
بِسَلاَمِ,بِسَهَاهِ
جِࢽْغَاأَکَࢽْيِي دَمَي حَڧَرِيجِيَا    يَکَامَ أَيْکِي يَيْ تَحَڧَاࢽَسَا,جِࢽْغَاأَکَࢽْيِي دَمَيْ حَڧَرِيجِيَا  يَکَامَ أَيْکِي يَيْ تَحَڧَاࢽَسَا
وَࢽْدَسࣸࢽْکَ ڧَرَࢽْتَ ࢽَاسࣸ   بَي ࢽَوَابَ أَکَࢽْ حَلِࢽْسࣸ,وَࢽْدَسࣸࢽْکَ ڧَرَࢽْتَ ࢽَاسࣸ بَيْ ࢽَوَابَ أَکَࢽْ حَلِࢽْسࣸ
وَطَࢽْسࣸ ڢَجَࢽْ غࣸوڟࣸوسࣸکٜيٰ وَࢽْسࣸ رَرَّڢٜيٰ   ڢَمَࢽْ جَࢽْ ثِکِيڢَ کَڢَاطࣸوِاإِࢽْجِ أَحْمَدَا,وَطَࢽْسࣸ ڢَجَࢽْ غࣸوڟࣸوسࣸکٜيٰ وَࢽْسࣸ رَرَّڢٜيٰ   ڢَمَيْ جَࢽْ ثِکِيڢَ کَڢَاطࣸوَاإِࢽْجِ أَحْمَدَا
ࢽَظَمِ مࣸعَلِّمْ أّمِيࢽࣸ  ࢽَبَابَࢽْ عِࢽْدَا کَاࢽࣸو يَلْوَا,ࢽَظَمِ مࣸعَلَّمْ أّمِيࢽࣸ ࢽَبَابَࢽْ عِࢽْدَاکَاࢽࣸويَلْوَا
سَرکِࢽدَيَيِيْشِ کࣸومَࢽِيبَا,سَرْکِࢽْدَيَيِيْشِ کࣸومَࢽِيبَا
ومنه يڢلعم ما يکڢيى معتفدا ؞ ڢليب شتفل بعدباا تکليڢ مࢽ عمل,ومنه يڢلعم ما يکڢيه معتفدا ؞ ڢلب شتغل بعدمالتکليڢ مࢽ عمل
20,0
بَکࣸ بَرْڧَارَاکࣸࢽَاکِرَابَا,بَکࣸ بَرْڧَارَاکࣸࢽَاکِرَابَا
مِࢽَ ࡻلْکِبَرِ عَوْ نِࢽ تِنَارٜوَفَالَ عࣸمَاکِ صَلَّح ࡻللَّهࣸ,مِࢽَ ࡻلْکِبَرِمَوْنِرْ تِنَارٜوَفَالَ عࣽمَاکِ صَلَّى ࡻللَّهࣸ
دَمَيْ أَمْرٜيٰ مَاتَادَذَࢽٜيٰ بَݣࣸيْ   شِيکࣸوأَڟَمَايَيْ أَيْکِࢽْ کَوَيْ,دَمَيْ أَمْرٜيٰ مَاتَادَذَࢽٜيٰ بَݣࣸيْ شِيکࣸوأَڟࣸمَايَيْ أَيْکِࢽْ کَوَيْ
ضَرࣸورَاِدَࢽْ تَاکٜوْتࣸ کࣸواَىِ تَيْمَمَا ڢَدࣸࢽْ شِيلَشِى سࣸࢽَّاڢَکٜࢽَاغَاَحْمَدَا,ضَرࣸورَاإِدَࢽْ تَاکٜيوْتࣸ کࣸواَيِ تَيْمَمَا  ڢَدࣸࢽْ شِيلَشِي سࣸࢽَّاڢَکٜيٰࢽَا غَأَحْمَدَا
ڢَصْلࣸࣸ مَّالَمْ بَدَمَاصِي ࢽَاسࣸوبَا,ڢَصْلࣸࣸ مَالَمْ بَدَمَاصِي ࢽَسࣸوبَا
ايَاتَڢِ اءࣸوڢِسْ کࣸوکࣸمَا کَࢽْتِي  بَاتَ ڧَارَذَمَا طَاکِࢽْتَا,يَاتَڢِ أَأوڢِسْ کࣸوکࣸمَ کَࢽْتِي  بَاتَ ڧَارَذَمَاطَاکِࢽْتَا
ࢽٜيٰ,ࢽٜىٰ
دࣸبࣸوثٜيٰ دَمٜاتَࢽْ کࣸمَ دَخَمِسِࢽْ دَوَسࣸ بِيَرْ ؞ بَيَاࢽِ ࢽَشَرْࢽَهْ کࣸࢽجِ سَمَرِࢽْ مࣸحَمَّدَا,دࣸبࣸوثٜيٰ دَمَاتَيْ کࣸمَ دَخَمْسِيَࢽْ دَوَسࣸ يِيَرْ ؞  بَيَاࢽِ ࢽَشَرْࢽَهࣸ کࣸࢽْجِ سَمْرِࢽْ مࣸحَمَّدَا
ثِي دَشَࢽْسࣸ أَثَࢽْ زَڧࣸومِ   سَيْ ضَرِيعࣸ بَذَاسࣸ سَامِ,ثِي دَشَࢽْسࣸ أَثَࢽْ زَڧࣸرمِ سَيْ ضَرِيعࣸ بَذَاسࣸ سَامِ
وَايَکَىْ وَايَىْ کَمَرْکَا     وَيَسَࢽْ اَصَلِي يَࢽَاکَا,وَايَکَىْ وَايَىْ کَمَرْکَا وَايَسَࢽْ أَصَلِي يَࢽَاکَا
عٜاَلنِّيَادٜوَلاَيَاکࣸلࣸ عࣽذَامَتَاوَالاَيَشْرِبࣸ عࣽيَرَتَا,عٜࡶَلنِّيَادٜوَلاَيَاکࣸلࣸ عࣽذَامَتَاوَالاَيَشْرِبࣸ عࣽيَرَتَا
أجَوَابِࢽْ کَࢽْ بَأىْ مࣸسࣸوبَا,أَجَوَابِࢽْ کَࢽْ بَأَيْ مࣸسࣸوبَا
مِثَالِ بَکَࢽْ يَࢽْمَذَا دࣸدَمَاتَا  عَوَادٜي عَثٜي تࣸو کَذࣸوکَيزِࢽَا,مࣸثَالِ بَکَࢽْ يَࢽْمَذَادَدَدَمَاتَا عوادَي عَثٜي  تࣸوکَذࣸوکَيزِࢽَا
بَبَّکَاتمْکَرْدَيَايِي    ࢽَࢽْڢَ سَىْ کࣸوکَادَکࣸويِي,بَبَّکَاتَمْکَرْدَيَايِي  ࢽَࢽْڢَ سَيْ کࣸوکَادَکࣸويِي
ڢليفل الڡ مرةلاالم الااللم الله لطيڢ مااسى عم لتڢريم,ڢليفل الڡ م ةلاالم الااللم الله لطيڢب مااس عه لتڢريج
لا شک ڢيه کما صح الحديث به ؞ عࢽ صطڡ وعدڢيسفى کل ذي عمل,لا شک ڢيه کماصح الحديث به ؞ عࢽ صدڡ وعدڢيسفى کل ذي عمل
بَعَ ڢَاسَ کِرَاأَࢽَاذࣸبِيبَا,بَعَ ڢَاسَ کِرَاأَࢽَاذࣸبِيبَا
ناکل خلڡ له فدانطوتحکم ؞ ولست عࢽ درکهاڢلعما بمنعزل,ناکل خلڡ له فدانطوت حکم ؞ ولست عࢽ درکهاڢڢعما بمنعزل
کࣸمَيْدَأَمَاࢽَ يَࢽْدَ کࣸبَاکࣸ ڢَ کࣸࢽْجِيَا ؞  کࣸبَرْسࣸࢽْ کࣸيِوࣸݒَرْࢽَا حَدِيشِ مࣸحَمَّدَا,کࣸمَيْدَأَمَاࢽَ يَࢽْدَکَبَاکࣸ ڢَ کࣸࢽْجِيَا ؞  کࣸبَرْسࣸࢽْ کࣸيِوࣸبَرْࢽَاحَدِيشِ مࣸحَمَّدَا
کَڟࣸاݒٜيٰتَ کَاݒَٜا إِرِࢽْتَ بَبَّا,کَڟࣸابٜيٰتَ کَابَاإرِࢽْتَ بَبَّا
تَيَبࣸواْࢽَسَ بَادَکࣸسْکࣸرٜ يٰبَا,تَيَبࣸواْࢽَسَ بَادَکࣸسْکࣸرٜيٰبَا
طَࢽْ طَࢽْ عࣸوا کࣸووَا کࣸوڧَࢽٜيٰ إِࢽْ کَاغَيَامَسَاذَࢽْثٜيٰ بَاشِجِي,طَࢽْ طَࢽْ عࣸوَاکࣸووَاکࣸوڧَࢽٜيٰ إِࢽْ کَاغَيَامَسَاذَࢽْثٜيٰ بَاشِجِي
أَطَيَࢽْسࣸ يَذَاشِ شَامࣸوَابَا,أَطَيَࢽْسࣸ بَذَاشِ سَامࣸوَابَا
ࢽَايِ رࣸوڧَࢽْ کࣸکَرْبِ تَخْمِيسِ مࣸࢽْذِي   لِيسَڢِيࢽَاࢽَرَمزࣸهِجْرامَلاَذِي,ࢽَايِ رࣸوڧَࢽْ کࣸکَرْبِ تَخْمِيسِ مࣸࢽْذِي  لِيسَڢِيࢽَاࢽَرَمْزࣸيهِجْرَامَلَاذِي
ڢالله يجعلنا مࢽ خيرامته ؞ مؤمنيࢽ بلاروع ولاوجل,ڢالله يجعلنام خيرامته ؞ مومنيࢽ بلاروع ولاوجل
سَابࣸوَرْسَدَمَالَمَى ࢽٜىٰ    يَاحَࢽَاشِ شِغَامࣸتَاࢽٜىٰ,سَابࣸوَرْسَ دَمَالَمَىْ ࢽٜيٰ يَاحَࢽَاشِ شِغَامࣸتَاࢽٜيٰ
يَکࣸوکَ دَکَࢽْسَ بَيْ سَࢽِيبَا,يَکࣸوکَ دَکَࢽْسَ بَيْ سَࢽِيبَا
ࢽٜىم,ࢽيم
کࣸووَࢽٜيٰ يَاڢَّ مَيْدَهمَّاغَظࣸلْمِي   يَڧِّ تࣸوبَادَوَࢽْدَيَيَّادَعِلمِي,کࣸووَࢽٜي يَڢَّ مَيْدَهِمَّاغَظࣸلْمِي   يَڧِّ تࣸوبَادَوَࢽْدَيَيَّادَعِلْمِي
مَيْ دࣸوکِيَاأهَࢽَامَسَ غࣸودِيَا   مَيْ بَابࣸوکࣸوأّهَࢽَامَسَ دَࢽْغَࢽَىٰ,مَيْ دࣸوَکِيَاأَهَࢽَامَسَ غࣸودِيَا  مَيْ بَابࣸوکࣸوأَهَࢽَامَسَ دَࢽْغَࢽَيٰ
کࣸسَيْ دَيْڢَ شٜيطَࢽْ شِي يَکَرٜثٜمَ ذࣸوثِيَا ؞  تَأَيْکَتَ سَابࣸࢽْ جَلَّ سَرْکِࢽْ مࣸحَمَّدَا,کࣸسَيْ دَيْ ڢَ شٜيطَࢽْ شِي يَکَرْثٜمَ ذࣸوثِيَا ؞ تَأَيْکَتَ سَاࢽࣸࢽْ جَلَّ سَرْکِࢽْ مࣸحَمَّدَا
بَسࣸ کَاسَ غࣸدَاطِرِي بَکَيْ بَا,بَسࣸ کَاسَ غࣸدَاطَرِي بَکَىْ بَا
بَلتَسَاسَࢽْتَاوَکࣸرَاوَا    إࢽْتَذࣸوبَاتَارَغَاوَا,بَاذَسَاسَمْتَاوَکࣸواْوَا إِࢽْتَذࣸواْبَاتَارَغَاوَا
والحوض مࢽ بعدلافبل الص اط اتى ؞ وفيل فبل و فيل ا ثنال ڢلتسل,والحوض مࢽ بعدلا فبل الص اط اتى ؞ وفيل فبل وفيل اثتاࢽ ڢلتسل
بَأَيَرْدَدَکࣸيْ أَبࣸوْاْتَکَابَا,بَأَيَرْدَدَکࣸيْ أَبࣸوْاْتَکَابَا
وَࢽْسࣸ ثَࢽْ غࣸوبٜيٰ ذَاسࣸࢽَاثَࢽْ سَعِيرَا   وَࢽْسࣸ سِجِّيࢽࣸ وَسࣸ کࣸوثَࢽْ غسَڧࣸرَا,وَࢽْسࣸ ثَࢽْ غࣸوبٜيٰ ذَاسࣸࢽَاثَࢽْ سَعِيرَا   وَࢽْسࣸ سِجِّيࢽࣸ وَࢽْسࣸ کࣸوثَࢽْ غَسَڧࣸرَا
کࣸسَࢽْ زَامَࢽِي أَيْ يَاوࣸثٜيٰ ثِکِࢽْ طَرِي ؞  يَࢽْذࣸ عَلِيَّاثٜي کࣸسَوْرَارِ ڢَاءِدَا,کࣸسَࢽْ زَامَࢽِي أَيْ يَاوࣸثٜيٰ ثِکِࢽْ طَرِي ؞  يَࢽْذࣸعَلِيَّاثٜيْ کࣸسَوْرَارِ ڢَاءِدَا
يَࢽْ ڧَࢽَا ࢽَاهَرْسࣸشِرْيࣸو  رࣸࢽْڧࣸمَىمࣸ کَثى عَلِيْمࣸ,يَࢽْ ڧَࢽَاࢽَاهَرْسࣸشِرْيࣸو  رࣸࢽْڧࣸمٜىٰمࣸ کَثٜىٰ عَلِيّࣸو
أࢽْڢِ دࣸواْشِرࣸحَࢽْکَلِيࢽٜىٰ؟    مَيْغࣸمَاذَجَاهِلِيْࢽٜىٰ؟,أَࢽْڢِ دࣸواْشِرࣸحَࢽْکَلِيࢽٜيٰ؟  مَيْغࣸمَاذَجَاهِلِيࢽٜىٰ؟
أَوْرٜيٰ کࣸتَبَّتَ بَاأَبِࢽْ وَاسَابَا    مَاتَاکࣸبَرْوَاسَادَغِرْمَࢽْ أَوْرٜيٰ,أَوْرٜيٰ کࣸتَبَّتَ بَاأَبِࢽْ وَاسَابَا   مَاتَاکࣸبَرْوَاسَادَغِرْمَࢽْ أَوْرٜيٰ
بَاشِ بَيْوَادࣸوࢽْ أَبَاـشِ  بَاشِ اَلکَوَرِى يَتَاشِ,بَاشِ بَيْوَادࣸوࢽْ أَبَاشِ بَاشِ الْکَوَرِي يَتَاشِ
باتَ ࢽࣸڢِࢽْ اللَّه دَمَأَيْکِي   سَيْ بِدْعَاإِتَکٜيٰ کَاغࣸࢽْتَا,بَاتَ ࢽࣸڢِࢽْ اللَّهْ دَمَأَيْکِي  سَيْ بِذْعَلَاإِتَکٜيٰ کَاغࣸࢽْتَا
غَرِڧࣸࢽْسࣸ بَذَࢽْيِ کࣸسْکࣸرٜيٰبَا,غَرِڧࣸࢽْسࣸ بَذَࢽْيِ کࣸسْکࣸرٜيٰبَا
رَࢽْࢽَࢽْ أَبِࢽْ تَوْسَيْ مَيْدࣸوکِيَا  دَمَيْ عِيَالِي إِࢽْ جِي طَࢽْ ڢࣸودِيࣸ,رَࢽْࢽَࢽْ أَبِࢽْ تَوْسَيْ مَيْدࣸوکِيَا دَمَيْ عِيَالِي إِࢽْ جِي طَࢽْ ڢࣸودِيࣸ
سࣸکَثٜيٰ,سࣸکَثٜيٰ
ڢَصَلࣸ ڢِي رࣸوَايَ مَمَّࢽْ تࣸکࣸرْ,ڢَصْلࣸ ڢِي رࣸوَايَ مِمَّࢽْ تࣸکࣸرْ
سࣸذࣸوغَڢِيَيّٜࢽْ تَخْلِڧَيْ دࣸکَ شِيشِثٜيٰ   ڢَࢽِيدَيْ کَثٜتࣸو يَوغَاَللّهْ أَحْمَدَا,سࣸذࣸوغَڢِيَيّٜࢽْ تَخْلِڧَيْ دࣸکَ شِيشِثٜيٰ  ڢَࢽِيدَيْ کَثٜتࣸويَوْغَاَللَّهࣸ أَحْمَدَا
دَرَجَرْ مَࢽ دَشِى بَعَا غࣸوْادَابَا,دَرَجَرْسَ دَشِى بَعَاغࣸواْدَابَا
بَبْبَّࢽْ زَغِيࢽَةَ شِيࢽٜي کَوَالِي,بَبْبَّࢽْ رَعِِيࢽَةَ شِيࢽٜي کَوَالِي
کࣸواْيَوَࢽْ سَࢽڟِࢽْ سࣸمِࢽْتِ کٜى هَࢽَامَکَ سࣸࢽْ صَلَاتِى,کࣸواْيَوَࢽْ سَࢽْڟِࢽْ سࣸمِࢽْتِ  کٜىٰ هَࢽَامَکَ سࣸࢽْ صَلَاتِ
کَوْثِرَا أࣸࢽکࣸبٜيٰسࣸ تَبَّتْ حَڧِيڧَا,کَوْثِرَا اࣸࢽْکࣸبٜيٰسࣸ تَبَّتْ حَڧِيڧََا
إِࢽَّاکࣸࢽْ بِيَرْعَࢽَࢽْ ذَاࢽِ ليٰٜغَسْ    ذَࢽْ ڧَارَسْ وَطَࢽْدَبَا سَاصَࢽَاعَ,إِࢽَّاکࣸࢽْ بِيَرْعَࢽَࢽْ ذَاࢽِ لٜيٰڧَسْ  ذَࢽْ ڧَارَسْ وَطَࢽْدَبَاسَاصَࢽَاعَ
کࣸودَا مَکَاهࣸو إࢽْکَسَاشِي أغࣸودَبٜي,کࣸودَا مَکَاهࣸوإِࢽْکَسَاشِي أَغࣸودَبٜي
کَاغَ مَيْڧِࢽْ طَࢽْ أࣸوَࢽْسَ    دࣸࢽْ ڧَرَࢽْثِࢽْ أرْزِڧِࢽْسَ,کَاغَ مَيْڧِࢽْ طَࢽْ أࣸوَࢽْسَ  دࣸࢽْ ڧَرَࢽْثِࢽْ أَرْزِڧِࢽْسَ
واعلم باࢽ رسول الله اخي نا ؞ عࢽ الغيوب بحڡ غير مڢتعل,واعلم باࢽ رسول الله اخبيرنا ؞ عࢽ الغيوب بحڡ غير مڢتعل
حَکَࢽَࢽْ عِبَادَمَي دَوْطَ الزِّࢽَا   کࣸومِࢽْ يَوَࢽْتَاأَرَابٜيٰ تَکَࢽْکَشٜيٰ,حَکْࢽَࢽْ عِبَادَمَيْ دَوْطَالِزِࢽَا کࣸومِࢽْ يَوَࢽْتَاأَرَابٜيٰ تَکَࢽْکَشٜيٰ
حَيَّ مَاتَاکࣸبَرْڢِتَاسَيْ ضَلࣸورَا   طَࢽْ بِطَثّٜي دَتَࢽْبَيࣸوࣸ غَعِلْمِ,حَيَّ مَاتَاکࣸبَرْڢِتَاسَيْ ضَلࣸورَا   طَيْ بِطَثِّي دَتَࢽْبَيࣸو غَعِلْمِ
سࣸڢَشٜيٰ کࣸمْ بَادَوَيْوَيَابَا,سࣸڢَشٜيٰ کࣸوَبَادَوَيْوَيَابَاس
دࣸکْ مَڧِيَࢽْ مّࣸواْأَذَامࣸواْأَکَࢽْسࣸ  دࣸکْ شَرِّࢽْ دَسࣸکَيْ دَمَغࣸࢽتَا,دࣸکْ مَڧِيࢽْ سࣸوْاْأَذَامࣸوْاأَکَࢽْسࣸ   دࣸکْ شَرِࢽْ دَسࣸکَࢽْ دَمࣸغࣸࢽْتَا
بَيْسَࢽْ بَاکِࢽْدَزَىْ ڢَطِيبَا,بَيْسَࢽْ بَاکِࢽْدَزَيْ ڢَطِيبَا
وَفْتࣸوجِ وَالْجَسَدࣸࡼلطَّاهِرࣸعٜبَدّࣸللَبࣸدࣸوَسِتْرࣸ,وَفَتࣸوجِ وَالْجَسَدࣸࡼلطَّاهِرࣸعٜبَدّࣸللࣸبࣸدࣸوَسِتْرࣸ
غَبَسْ دَيَمَّ يَاأََمْکَاتَکَرْدࣸوࢽَسَ کࣸࢽْجِيَا؞ دَدَامَ دَحَوْࢽِࢽْسَ ڢَبَرْدٜࢽْ مࣸحَمَّدَا,غَبَسْ دَيَمَّ يَاأَيْکَاتَکَرْدࣸوࢽَسَ کࣸࢽْجِيَا؞ دَدَامَ دَحَوࣸࢽِࢽْسَ ڢَبَرْدٜࢽْ مࣸحَمََّدَا
سَيْدَجِࢽْ مَغَࢽَرْيَتَاشِ    دࣸࢽْ ࢽَوَࢽْسࣸ شِکَࢽْيِي ࢽِيشِ,سَيْدَجِࢽْ مَڧَࢽَرْيَتَاشِ  دࣸࢽْ ࢽَوَࢽْسࣸ شِکَࢽْيِي ࢽِيشِ
ڢمࢽ مفالة اهل الحڡ فاطبة ؞ مࢽ عࢽ الحڡ والتحفيڡ لم يحل,ڢمࢽ مفالةانهࢽ الحڡ فاطبة ؞ مࢽ عࢽ الحڡ والتحعيڡ لم يحل
بَاشَ ڧِࢽْ کَلَّوࢽْ حَلَثِّ  بَاشِ کࣸواْ دࣸوبِࢽ حَرَمْثِ,بَاشِ ڧِࢽْ کَلَّوࢽْ هَلَثِّ بَاشِ کࣸواْدࣸوبِࢽْ حَرَمْثِ
وَاحِدࣸࣸشِيکَطَيْ شِيکٜي شِدَّإيکࣸو   بَابࣸ ڢَرْکࣸو غَوَࢽْدَيَڢَّارَ کࣸومِ,وَاحِدࣸشِيکَطَيْ شِيکٜيٰ شِدَّإيکࣸو   بَابࣸ ڢَرْکࣸوغَوَࢽْدَيَڢَّارَکࣸومِ
إࢽْ ثِکِࢽْ يَاڢَارَمࣸواْڟِي   غࣸࢽْ اࣸوَايَمَّادَحَࢽْڟِي,إِࢽْ ثِکِࢽْ يَاڢَارَمࣸواْڟِي غࣸࢽْ اࣸوَايَمَّادَحَࢽْڟِي
کࣸوْتَࢽَابَرْثِي تَڢَرْکَا    حَرْتَطَوْکَࢽْوَاتَبَاکَا,کࣸوْاْتَࢽَابَرْثِي تَڢَرْکَا حَرْتَطَوْکَࢽْوَاتَبَاکَا
سَيْ يَجٜيٰ کࣸرْسِࢽْ سَرَوْتَا   سَيْ أَثٜيٰ مَسَ کَابࣸکَاتَا,سَيْ يَجٜيٰ کࣸرْسِࢽْ سَرَوْتَا سَيْ أَثٜيٰ مَسَ کَابࣸکَاتَا
بَذَاعَ کَشٜيٰتَ بَاڢَطِيبَا,بَذَاعَ کَشٜيٰتَ بَاڢَطِيبَا
شِيْمَايَثٜىٰ ࢽِي بَذَࢽْ إيَابَا,شِيمَايَثٜيٰ ࢽِي بَذَࢽْ إِيَابَا
ࢽَيْࢽࣸڢِࢽْ ثِکَ اَلْجَمَاتَا   وَࢽْدَࢽَيْمَ مَزَادَمَاتَا,ࢽَيْࢽࣸڢِࢽْ ثِکَ اَلْجَمَاتَا وَࢽْدَࢽَيْمَ مَزَادَمَاتَا
کࣸوَ مࣸتࣸمْ يَاذَمࣸو مࣸتࣸمْ مَيْ مࣸڧّامِ              کࣸو سَرَوتَا غَرٜيٰشِ  کࣸوکࣸو عَدِيمِي,کࣸومࣸتࣸمْ يَاذَمࣸومࣸتࣸمْ مَيْ مࣸڧَامِي   کࣸوسَرَوْتَاغَرٜيٰشِ کࣸوکࣸوعَدِيمِي
تَکَࢽْ سَاکٜي مِرْياإدَࢽْ تَاغَ کࣸرْطِي  تَثٜي عِةَ إکَّکْواْ تَکٜي کࣸواْ مࣸکࣸرْطِي,تَکَࢽْ سَاکٜي مِرْيَاإِدَࢽْ تَاغَ کࣸرْطِي  تَثٜي عِةَ إِکْکࣸواتَکٜيٰ کࣸواْ مࣸکࣸرْطِي
بَاتَارَـٰـدَ يَايِ لَيْڢࣸکَابَا,بَاتَارٜىٰدَيَايِ لَيْڢࣸکَابَا
دَذࣸوَکࣸغَي سَسَ کࣸودَکٜوْتَاڢَ کࣸࢽجِيَا ؞  کࣸيِوࣸتَيْمَکࣸوࢽَسْ کࣸࢽْبِ حَرْيَࢽْ مࣸحَمَّدَا,دَذࣸوَکࣸڧَيْ سَسَ کࣸودَکٜوْتَاڢَ کࣸࢽْجِيَا ؞ کࣸيِوࣸتَيْمࣸکࣸوࢽَسْ کࣸࢽْبِ حَريَࢽْ مࣸحَمَّدَا
سࣸووࣸتَاکَࢽْڢَ ڧࣸوٰثٜيٰ تَبَّتْ حَڧِيڧََا,سࣸووࣸتَاکَࢽْڢَ ڧࣸوثٜيٰ تَبَّتْ حَڧِيڧََا
کَغَ اللهࣸ بَادَشَامَکِيْبَا,کَغَ اللّهْ بَادَشَامَکِيبَا
تَمت بحمدالله,تمت بحمدالله
أَࢽَاالصَّلَاةࣸ سࣸࢽَاۼيرَࢽْرࣸڢَى   رَاࢽَاتَڢࣸودࣸواْ بَاوَࢽْکِࢽْ عِدࣸواْ,أَࢽَالصَّلَاةࣸ سࣸࢽَاغِيرَࢽْرࣸڢَى  رَاࢽَاتَڢࣸودࣸواْ يَاوَࢽْکِࢽْ عِدࣸواْ
حى يسيع بصير لايحارحة ؞ کمايليڡ به سبجانه ڢفل,حى يسميع بصير لا يحارحة ؞ کمايليڡ به سبحانه ڢفل
بَسࣸ شَادَاطِ أَلَاخِرَابَا,بَسࣸ شَادَاطِ أَلَاخِرَابَا
مَکَرَࢽْتَابَيْىِ تَمْبْيَابَا,مَکَرَࢽْتَابَيْيِ تَمْبَيَابَا
ثٜيٰ دَمَيْزِࢽَابَࢽْذَرْدࣸوࢽِيَا   إِࢽْ يَاڧِ تࣸوبَا بَࢽْذَرْ لَاخِرَىٰ,ثٜيٰ دَمَيْزِࢽَابَࢽْذَرْدࣸوࢽِيَا   إِࢽْ يَاڧِ تࣸوبَابَࢽْذَرْلَاخِرَىٰ
عَࢽْ ثٜي مَالَمِࢽْ دَبَايَا صَࢽَاعَ  ذَيْسَࢽْ ذࣸوثِيَايَکَوْثٜي شَرِع,عَࢽْ ثٜيٰ مَالَمِࢽْ دَبَايَاصَࢽَاعَ  ذَيْسَࢽْ ذࣸوثِيَايَکَوْثٜيٰ شَرِعَ
شِبَࢽْ غاڢَرَرْذࣸࢽࣸبِࢽْ دَࢽِيِّ شِبَاکَوْ   شِغَاوَغَّ ࢽِعْمَا دࣸࢽْ ڢِيَيّٜي مࣸحَمَّدَا,شِبَࢽْ غَاڢَرَرْذࣸࢽࣸبِࢽْ دَࢽِيِّ شِبَاࢽِ کَوْ شِغَاوَغَّ زِعْمَادࣸࢽْ ڢِيَيّٜيٰ مࣸحَمَّدَا
ڢصل مالم,ڢصل مالم
تࣸوْاْکَࢽَاتَاشِ دَکَايَا   غَاشِ مَاأَࢽْبَرْکَ بَايَا,تࣸوْاْکَࢽَاتَاشِ دَکَايَا   غَاشِ مَاأَࢽْبَرْکَ بَايَا
وَبِالْمَحِيضِ وَسِرٍّحَدَّهࣸ ذَکَرࣸوا وَلَيْسَ مَࢽ الحڡ الاَنْبَاتَ ذَأَخَلَلِ,وَبَالمِيضِ وَسِࢽْ حَدَّهࣸ ذَکَرࣸواوِيرْسَ مَࢽ الحڡ الاَنْبَاتَ ذَأَخَلَلِ
عَرَنࣽعࣽࢽْ ࡶَلْحِلاَڡࣸ کࣸڢٜمْبَادٜوَرَميࣸ ࡼلْجِمَآرِوٜٜرْلَفࣽلْ,عَرَنࣽعࣽࢽْ ࡶَلْحِلاَڡࣸ کࣽڢٜمْبَادٜوَرَمْيࣸ ࡼلْجِمَآرِوٜرْلَفࣸلْ
شِي يَثٜيٰ مَࢽِ أَيْ جَهَالَهْ    شِيدَا کَاڢِرْثِ غإِلَّهْ,شِي يَثٜيٰ مَࢽِ أَيْ جَهَالَهْ  شِيْدَکَاڢِرْثِ غَإِلَّهْ
مَاتَࢽْسَ دَڧَࢽْڧَࢽَادَبَبَّا,مَاتَࢽْسَ دَڧَࢽْڧَࢽَادَبَبَّا
غَࢽْ تَلِ غࢽْتَ ڢَلْ ڢَلاَ بَابࣸ عَيکِ  کࣸوکࣸو بَاکࣸسࣸو عَثٜي کࣸيْ صَࢽَاعَ,غَࢽْ تَلِ غَࢽْتَ ڢَلْ ڢَلاَ بَاکࣸ عَيْکِ   کࣸوکࣸوبَاکࣸسࣸوعَثٜي کࣸيْ صَࢽَاعَ
بَمࣸسَࢽْ ڢَرَضِي دَࢽَاڢِلَابَا,بَمࣸسَࢽْ ڢَرَضِي دَࢽَاڢِلَابَا
لَيِّࢽَةࣸࣸ عَڢِيڢَةࣸࣸ مࣸسْلِمْةࣸࣸ تَعِيࢽࣸ أّهْلَهَاعَلَى الْعَيْشِ,لَيِنࢽَةࣸ عَڢِيڢَةࣸ مࣸلِمَةࣸ تَعِيࢽࣸ أَهْلَهَاعَلَى الْمَيْشِ
وَࢽْدَيَجٜيٰ يَاڧِࢽْسَ يَاغَࢽْتَ ظَاهِرََا ؞  بَأَݒࣸويَرْکࣸووَابَ بَرَادٜࢽْ مࣸحَمَّدَا,وَࢽْدَيَجٜي يَاڧِࢽْسَ يَاغَࢽْتَ ظَاهِرَا ؞  بَأَبࣸويَࢽْ کࣸووَابَ بَرَادٜࢽْ مࣸحَمَّدَا
ماس ايکو,ماسࢽ ايکو
کࣸکَ کَامَ ذَࢽثٜي مَالࣸمَࢽْکࣸ مࣸࢽَاڢࣸکَيْ ؞  کࣸࢽْ بِيسࣸ سࣸࢽْ بَشٜکَ وࣸتَ ذَاکࣸ حَرْأّبَدَا,کࣸکَ کَامَ ذَࢽْثٜي مَالࣸمَࢽْکࣸ مࣸࢽَاڢࣸکَيْ ؞ کࣸࢽْ لِبيسࣸ سࣸࢽْ بَشٜيٰکَ وࣸتَ ذَاکࣸ حَرْأَبَدَا
اࢽا,اࢽا
يَاثِلَاتَ دَڧࣸࢽْ سَࢽِࢽْ مَحَرْبَا,يَاثِکَاثِ دَڧࣸࢽْ سَࢽِࢽْ مَحَرْبَا
مَيْ يَبَامَ مِجِࢽْتَ کَيْوْتَا    کࣸوْارِڧࣸواْ دࣸومِࢽْ ࢽَغَرْتَا,مَيْ يَبَامَ مِجِࢽْتَ ݣَيْوْتَا کࣸوْارِڧࣸواْدࣸومِࢽْ ࢽَغَرْتَا
اَلࢽَاشِر اَحْمَد التِجَّاࢽِي حَڢِڟَه اللَّه,اَلࢽَّاشِرࣸاَحْمَدࣸالثِجَاࢽِي حَڢِظَهࣸ اللَّهࣸ
مࣸࢽ ࢽࣸوࢽَ کَرَامَ سِيدِ بَرْددٜࢽْ مࣸحَمَّدࣸ ؞  کࣸوءَاکࣸطَيْتَ دَشِ دࣸࢽْ سࣸࢽْ مࣸحَمَّدَا,مࣸࢽْ ࢽࣸوࢽَ کَرَامَ سِيدِ بَرْدٜࢽْ مࣸحَمَّدࣸ؞  کࣸودَاکࣸطَيْتَ دَشِْ دࣸࢽْ سࣸࢽْ مࣸحَمَّدَا
يَاݒَثٜيٰ هَرْذࣸوثِ تࣸࢽْدَ    بَاسَࢽِࢽْ کَلْمَرْشَهَادَا,يَاݒَثٜيٰ هَرْذࣸوثِ تࣸࢽْدَ  بَاسَࢽِࢽْ کَلْمَرْشَهَادَا
فَاعٜفِتٜ يِمْبٜ وَدَڢعࣸهَاعࣽوَتِّرَدِبِاليࣸمْنَا,فَاعٜفِتٜى يِمْبِ وَدَڢْعࣸهَاعࣸوَتِّرَدِبِاليࣸمْنَا
کَتَࢽْغِࢽْ اَزࣸرْڢَاغَاشِغِڢّࣸوࢽَلࣸوءلࣸوء  وَطَࢽْسࣸ ࢽَکࣸوزِيࢽَارِيَا إِࢽْجِ اَحْمَدَا,کَتَࢽْغِࢽْ أَزࣸرْڢَاغَاشِغِڢّࣸوࢽَلࣸوْلࣸوࣸ وَطَࢽْسࣸ ࢽَکࣸوزِيࢽَارِيَاإِࢽْجِ أَحْمَدَا
أَذࣸبَاوࣸتَ بَادَتَمْبَيَابَا,أَذࣸبَاوࣸتَ بَادَتَمْبَيَابَا
بَسࣸ ڧَارَ غَࢽِࢽْ بَڧِࢽْ دࣸحࣸوبَا,بَسࣸ ڧَارَغَࢽِࢽْ بَڧِࢽْ دࣸحࣸوبَا
کَوْاْإِيَايٜيٰ کَاڢِرَيْࢽٜيٰ   تَوْسَسَامَسࣸ وَجِبِࢽٜيٰ,کَوْاْإِيَايٜيٰ کَاڢِرَيْࢽٜيٰ  تَوْسَسَامَسࣸ وَاجِبِࢽٜيٰ
يَااِشـٰـࢽ ڟَرِࢽْ مࣸصِيْبَا  وَࢽْدَ بَيْسࣸوا مࣸصْطَڢَى بَا,يَاإِشٜىٰࢽِ ڟَرِࢽْ مࣸصِيبَا  وَࢽْدَبَيْسࣸواْمࣸصْطَڢَى بَا
ڢذاک يکڢى ولکࢽ مࢽ يطيڡ له ؞ حتى يجانب سوءالفول والعمل,ڢذاک يکڢى ولکࢽ مࢽ يطيڡ له ؞ حتى يجانب سوءالفول والعمل
دَبࣸکَاتَرْذࣸوثِيَاࢽَا   بَاࢽِدَيࢽَ تَڢَکّࣸرِيࢽَا,دَبࣸکَاتَرْذࣸوثِيَاࢽَا بَاࢽِ دَيْࢽَ تَڢَکّࣸرِيࢽَا
وَࢽْسࣸ کࣸواْأَوࣸتَرْجَهِيمࣸ    کࣸواْوَࢽٜيٰ أَکَثٜيٰ أَرࣸومࣸ,وَࢽْسࣸ کࣸواْأَوࣸتَرْجَهِيمࣸ  کࣸواْوَࢽٜيٰ أَکَثٜيٰ أَرࣸومࣸ
إِࢽْدَدࣸکْ تَبِ سَيْ أَدࣸواکَا إِࢽْدَيْ مࣸتࣸوَاتَسَوْکَا,إِࢽْدَدࣸکْ تَبِ سَيْ أَدࣸواْکَا  إِࢽْدَدَيْ مࣸتࣸوَاتَسَوْکَا
کࣸسَࢽْ ڢَ سَࢽِࢽْ ࢽَامࣸ کَطَࢽْ ࢽِڢَ کࣸࢽْجٜيَا ؞ سَيْدَيْ ڢَ ڧَمْࢽَرْ مَهْدِ جِيکَࢽْ مࣸحَمَّدَا,کࣸسَࢽࢽْ ڢَ سَࢽِࢽْ ࢽَامࣸ کَطَرْ ࢽٜڢَ کࣸࢽْجِيَا ؞  سَيْدَيْ ڢَ ڧَمْࢽَرْ مَهْدِ جِيکٜࢽْ مࣸحَمَّدَا
أَللَّهْ تَعَٰلَى مࣸࢽَارࣸوڧَࢽْکَ  کَکَرْݒِي رَࢽْمࣸواْأَتࣸرْبَ الࢽَّبِي,أَللَّهْ تَعَٰلَىٰ مࣸࢽَارࣸوڧَࢽْکَ  کَکَرْبِي رَࢽْمࣸوْاْأَتࣸرْبَ اَلࢽَّبِي
وَࢽْدَ يَࢽٜمِ سَرِغَغِرْمَاࢽَدࣸوࢽِيَا ؞  يَکَاشَاعَذَݒٜيٰ ࢽِسَ غَأَحْمَدَا,وَࢽْدَيَࢽَمِ سَرِغَڧِرْمَاࢽَدࣸوࢽِيَا ؞ يَکَاشَاعَذَابَ غࣸوࢽٜيٰ ࢽٜسَ غَأَحْمَدَا
بَامَىْ ثࣸوتَرْغَبَابࣸوَابَا,بَامَيْ ثࣸوتَرْغَبَابࣸوَابَا
سࣸوڢَ يٜࢽْ وࣸتَاسَيْ سࣸذَاݒِي    وَيْ أَبَرْمَسࣸواْ تَکَرْݒِي,سࣸوڢَ يَٜࢽْ وࣸتَ سَيْ سࣸذَابِي   وَيْ أَبَرْتَ مَسࣸواْ تَکَرْݒِي
شِي کࣸوَسَأَࢽَّࢽْ يَإسَ عِشْرِيࢽَ دَوَسࣸ بِيَرْ ؞ مَهْدِي شَرِٜيڢِ اَللَّهِ بَرْدٜيْ مࣸحَمَّدَا,شِي کࣸوَسَاأَࢽَّࢽْ يَاسَ عِشْرِيࢽَ دَوَسࣸ بِيَرْ ؞ مَهْدِي شَرِيڢِ اِللَّهِ بَرْبٜرْ مࣸحَمَّدَا
أَجِدَّدَ طَاأَلْکَوْثَرَادࣸࢽْ أَشَارࣸوَا   ڢَتَبْکِࢽْ ڢِيَيّٜيٰ أَلࢽَّبِࢽْمࣸ مࣸحَمَّدَا,أَجِدَّدَطَاأَلْکَوْثَرَادࣸࢽْ أَشَارࣸوَا   ڢَتَبْکِࢽْ ڢِيَيّٜيٰ أَلࢽَّبِࢽْمࣸ مࣸحَمَّدَا
دࣸوْلٜيٰ ࢽٜيٰ سࣸبِ هَࢽْکَلِࢽْسࣸ     إِࢽْدَيَايِي کِرَاسࣸأَمْسَا,دࣸوْلٜيٰ ࢽٜيٰ سࣸبِ هَࢽْکَلِࢽْسَ إِࢽْدَيَايِي کِرَاسࣸأَمْسَا
إِذَࢽْ ذَاکࣸوࣸوتَڢِيَاکَبَرْيِࢽْتَ کَيْ کَطَيْ ؞  ڧَرَمْثِࢽَةَ دَيْ کࣸوࣸاکࣸ ِࢽجِ مࣸحَمَّدَا,إِذَࢽْ ذَاکࣸوࣸوتَڢِيَاکࣸبَرْيِࢽْتَ کَيْ کَطَيْ ؞ ڧَرَمْثِࢽْةَ دَيْ کࣸوࣸاکࣸ إِࢽْجِ مࣸحَمَّدَا
إِࢽْ يَسَامࣸواْ کࣸوْاْ کَطَࢽْࢽَا    بَاشِيِࢽْ کَيْوْتَاسࣸرَيْࢽَا,إِࢽْ يَسَامࣸواْکࣸوْاْکَطَࢽْࢽَا  بَاشِيِࢽْ کَيْوْتَاسࣸرَيْࢽَا
وࣸتَاڢَکَسَاتَرْماسࣸ سَاتَاأَࢽَاڟَيٜيٰ   کَذاڢَدَمَيْڧࣸوٰثٜيٰ تَڧࣸوتَيْ غَأحْمَدَا,وࣸتَاڢَکَسَاتَرْمَاسࣸ سَاتَاأَࢽَاڟَيٜيٰ   کَذَاڢَدَمَيْڧࣸوثٜيٰ تَڧࣸوتَيْ غَأَحْمَدَا
تَڡࣸ ڢࣽوْسِبٜ مࣸرْتࣸ وَطَالِ تَنَا طࣸيْتَالِ کَبَوْفَلْ ذَاتِ فٜلٜى,تَڡࣸ فسْبٜ مࣸرْتࣸ وَطَالِ تَنَاطࣸيْتَالِ کَبَوْفَلْ ذَاتِ فٜلٜىٰ
دباب مࣸتࣸوا تتب مࢽا ذمࢽي سرمدا   تتب کو ثکࢽ شاوادساروادکا ثکِ,دباب متواتتب مࢽاذمࢽي سرمدا  تتب کوثکࢽ شاوادساروادکا
ࢽٜيٰمِ ࢳَرْأَصَلِي غَدَࢽْغِ   إِࢽْکَ أَوْرَتَ بَࢽْدَذَاغِي,ࢽٜىٰمِ ࢳَرْأَصَلِي غَدَࢽْغِ إِࢽْکَ أَوْرَتَ بَࢽْدَذَاغِي
إِࢽْ سࣸکَيْ مَسَ دࣸࢽْ جَڢَاءِ    بَادَطٜيٰ ࢽٜيمَࢽْ دَوَاءِ,إِࢽْ سࣸکَيْ مَسَ دࣸࢽْ جَڢَاءِ  يَادَطٜيٰ ࢽٜيٰمَࢽْ دَوَاءِ
سَيْ تَکࣸوسْ يَايَٜࢽ ثِکِࢽْتَا  طَࢽْ سَشِࢽْ هِجِرَا مࣸکَيْتا,سَيْ تَکࣸوسْ يَايَࢽْ ثِکِࢽْتَا  طَࢽْ سَشِࢽْ مِجِرَامࣸکَيْتَا
مسا,مسا
يَاکَشٜي تࣸرْکَاوَاڢَ مَهْدِيّࣸ مࣸࢽْتَظَرْ ؞  دَيَرْدَࢽْ رَسࣸولَ اَللَّهِ کَاکَࢽْسَ أَحْمَدَا,يَاکَشٜيْ تࣸرْکَاوَاڢَ مَهْدِيّࣸ مࣸࢽْتَظَرْ ؞  دَيَرْدَࢽْ رَسࣸولَ اللَّهِ کَاکَࢽْسَ أَحْمَدَا
ࣸوْبِ دَيْ غَسَرَا کࣸࢽَࢽْمࣸ وَࢽْدَسࣸࢽْکَ رِِڧى ڧَسَرْمࣸ,دࣸوْبِ دَيْ غَسَرَاکࣸࢽَࢽْمࣸ  وَࢽْدَسࣸࢽْکَ رِڧٜيٰ ڧَسَرْمࣸ
دميثٜي واءبس شࢽا دکوو کبر ڢسي کساش ثکࢽ ࢽصارا,دميثٜي واأبس شࢽادکوو  کبرڢسࢽ کساش ثکࢽ ࢽصارا
بَرِرَغٜيٰوَاکَبَرْسَارَࢽْغَبَا   کَاجِ دِلاَلِي تࣸࢽَالَاخِرَا,بَرِرَغٜيٰوَاکَبَرْسَارَࢽْغَبَا کَاجِ دِلاَالِي تࣸࢽَالَاخِرَا
عٜڢٜوْتࣸدٜࡹِلَىٰ ࡻلْڢِنْلَةِڢَادٜىٰ عٜفِبْلِ وَالنِّيَّةࣸ,عٜڢٜوْتࣸدٜࡹِلَى ࡶَلْفِنْلَةِڢَادٜىٰ عٜفِبْلࣸ وَالنِّيَّةࣸ
حارت عفول الورى ط اوفدعجن ت ؞ وکلماعࢽ جلال الله ڢى عفل,حارت عفول الورى طࢽ اوفدعجر ت ؞ وکلماعࢽ جلال الله ڢى عفل
بَࢽْ مَࢽْثٜىٰ أبِࢽْدَيَاڢَطِبَا,بَࢽْ مَࢽْثٜيٰ أَبِࢽْدَيَاڢَطِيبَا
وَࢽْدَطَاࢽَسَ کࣸوْاأࣸبَࢽْسَ    يَامَثٜىٰ کࣸواْکࣸواْأࣸوَرْسَ,وَࢽْدَطَاࢽَسَ کࣸوْاأࣸبَࢽْسَ   يَامَثٜيٰ کࣸواْکࣸوْاأࣸوَرْسَ
وَاکَثٜىٰ دَࢽْغِدَࢽْسَ ࢽٜىٰ شِي    کࣸوْاْيَثٜىٰ سࣸرِکِࢽْسَ ࢽٜىْ شِى,وَاکَثٜيٰ دَࢽْغِࢽْسَ ࢽٜىٰ شِي کࣸوْاْيَثٜيٰ سࣸرࣸکِࢽْسَ ࢽٜيٰ شِي
مربوثي,مربوثي
سرکي سࢽڢتو سࢽبر غرࢽس    بلي مورود کࢽ ک کذ ࢽصارا,سرکي سࢽڢتو سࢽبرغرࢽس بلي مورودکࢽ ک کذࢽصارا
إࢽدَيْ أکࣸو.يْ ثࣸوتَاأَکَلّࣸوࢽْ کَاجِيَا    کَيْدَيْ کَذَوْࢽَا لاَڢِيَادَمࣸتَاࢽٜيٰ,إِࢽْدَيْ أَکࣸوْيْ ثࣸوتَاأَکَلّࣸوࢽْ کَاجِبَا  کَيْدَيْ کَذَوْࢽَالَاڢِيَادَمࣸتَاࢽٜيٰ
ࢽِجٜيرِيَا,ࢽِي جٜىٰرِيَا
دࣸࢽْ وَدَاأَڧِسࣸࢽْ ذࣸمࣸࢽْثِ    سࣸوکَ سَࢽْيَ ذَمَايَبَاثِ,دࣸࢽْ وَدَاأَڧِسࣸࢽْ ذࣸمࣸࢽْثِ  سࣸوکَ سَࢽْيَ ذَمَايَبَاثِ
ࢽَيْ أَڧࣸࢽْسَرٜيٰ بَاشِ حَرْکَا   سَيْ يَثٜيٰ بَايِࢽْغَ ࢽَاکَا,ࢽَيْ أَڧࣸࢽْسَرٜيٰ بَاشِ حَرْکَا  سَيْ يَثٜيٰ بَايِࢽْغَ ࢽَاکَا
کَرْشِڢَاطَ بَڧَࢽْ ظَلاَمَا  مَيْ هَࢽَاشِ رَبࣸواڧِيَامَا,کَرْشِڢَاطَ يَڧِࢽْ ظَلَامَا  مَيْ حَࢽَاشِ رَبࣸواْڧِيَامَا
کَرْکَسࣸواْ بِدْعَاتَزَمْࢽَا   ذࣸوثِيَرْکَ بَلٜيٰ حِيَاࢽَا,کَرْکَسࣸواْبِدْعَاتَزَمْࢽَا ذࣸوثِيَرْکَ بَلٜيٰ حِيَاࢽَا
تࣸواْدَرَوَسَاسَࢽْ جَوَابِي   وَࢽْدَکٜيٰ هَکَ رَࢽْ حِسَابِ,تࣸواْدَرَوْسَاسَࢽْ جَوَابِي  وَࢽْدَکٜيٰ مَکَ رَࢽْ حِسَابِ
يَاحَيٜيٰ مَاتࣸواْ دَبَابࣸرْ   کࣸوْاْوَࢽٜيٰ عࣸوْاْڢِسْ أّتٜيٰبࣸرْ,يَاحَيٜيٰ مَاتࣸوْاْدَبَابࣸرْ کࣸوْاْوَࢽٜيٰ عࣸوْلْڢِسْ أَتٜيٰبࣸرْ
کࢽْ,کࢽْ
إِࢽْ مَّغَࢽَرْ مَثٜيٰ تَيِ يَوَکَجِ    تࣸࢽدَغَ ࢽٜيٰسَ کَࢽَاجِࢽْ کَࢽَتَا,إِࢽْ مَّغَࢽَرْمَثٜيٰ تَلي يَوَاکَجِ  تࣸࢽْدَغَ ࢽٜيٰسَ کَࢽَاجِࢽْ کَࢽْتَا
غَمَاڢَ طَرِٜيڧࣸوڧِ طَرِِي عࣸکࣸ أَࢽْکࣸوو ؞  دَغࣸومَ دَوَسࣸ أࣸکࣸ کࣸسَوْرَارِ ڢَاءِدَا,غَمَاڢَ طَرِيڧࣸوڧِي طَرِي عࣸکࣸ أَࢽْکَوࣸو ؞  دَغࣸومَ دَوَسࣸ أࣸکࣸ کࣸسَوْرَارِ ڢَاءِدَا
کࣸڟَرٜيٰڢَ مَاتَࢽْکࣸ دَيَايَاسࣸبَرْ ڢِتَا ؞  شِيمَاحَدِيشِ ࢽٜيٰ صَحِيحِ غَأَحْمَدَا,کࣸطَرٜيٰڢَ مَاتَࢽْکࣸ دَيَايَاسࣸبَرْڢِتَا ؞  شِيمَاحَدِيشِ ࢽٜيٰ صَحِيحِ غَأَحْمَدَا
سࣸࢽْ جَوَابِ وَࢽْدَکوࣸاْ يَيْ   کَتَرِي دَبَتࣸࢽْمࣸ دَيْدَيْ,سࣸࢽْ جَوَابِ وَࢽْدَکࣸوْاْيَيْ کَتَرِي دَبَتࣸࢽْمࣸ دَيْدَيْ
والمعجزات مࢽ المولى تايدهم ؞ مهى اتى الوحى بالتبليغ,والمعجرات مࢽ المولى تايدهم ؞ مهى اتى الوحى بالتبليغ للرسل
أَيْثِکࣸواْبِسَ تَوْسَيِࢽْسَ   کࣸواْ وَࢽٜيٰ أَوࣸرِࢽْ کِࢽِࢽْسَ,أَيْثِکࣸواْبِسَ تَوْسَيِࢽْسَ کࣸوْاْوَࢽٜيٰ أَوࣸرِࢽْ کِࢽِࢽْسَ
يَابَاشِي لَابَارࣸودَبَاسࣸ غَأَوْلِيَا؞ دَبَاسࣸ غَمَالࣸمَاࢽَسࣸࢽَّࢽْ مࣸحَمَّدَا,يَابَاشِي لَابَارࣸودَبَاسࣸ غَأَوْلِيَا ؞ دَبَاسࣸ غَمَالࣸمَّاࢽَسࣸࢽَّرْ مࣸحَمَّدَا
ڢى ؤيت الله بالابصارثابتة ؞ دليلهامحکم الفرءاࢽ ڢيه تل,ڢر ؤيت الله بالا ءصارثابتة ؞ دليلهامحکم الفرءاࢽ ڢيه تل
يود>ويٜکمل,يود>ويکمل
وجوب نصب الا مالم العدل نثبته ؞ بالشرع لاالعفل بانڢذفدر معتىٰ,وجوب نصب الامام العدل ثبته ؞ بالش ع لالعفل ڢانبذفول معتىل
بࣸوطࣸوَرْمْڢِتَاغَتَرْکࣸواْ    دࣸࢽْ تَڢَرْکِ بَاکَدَرْکࣸواْ,بࣸوطࣸوَرْمَڢِتَاغَتَرْکࣸواْ  دࣸࢽْ تَڢَرْکِ بَاکَدَرْکࣸواْ
کࣸمْ وَادَڧَࢽِي بَأَيْ هَࢽِيبَا,کࣸمَ وَادَڧَࢽِي بَأَيْ حَࢽِيبَا
ݣٜولَدَبِࢽْ مَّثٜيٰ تَيْ وَمِجِࢽْتَا   إِࢽْ تَويِي مَشِ تَاکشٜ کَࢽْتَا,کࣸوْلَدَبِࢽْ مَّثٜيٰ تَيْ وَمِجِࢽْتَا  إِࢽْ تَويِي مَشِْ تَاکَشٜ کَࢽْتَا
کَاغَاڧَارَاسَيْدࣸوکِيَا    إِࢽْ بَاکَاکࣸرْطِي کَيْکٜيٰ کࣸسکࣸرٜيٰ,کَاغَاڧَارَاسَيْ مَيْدࣸوکِيَا  إِࢽْ بَاکَاکࣸرْطِي کَيْکٜيٰ کࣸسْکࣸرٜيٰ
بَسࣸ تَوࢽَ أَبِࢽْدَاسَࢽْ حَطٜيٰبَا,بَسࣸ تَوْࢽَأَبِࢽْدَسَࢽْ حَطٜيٰبَا
يَاَإِلِهِ اِلْعَرْشِ بَاࢽِ   هَࢽْکَلِي دَيَوَࢽْ بَيَاࢽِي,يَلَإِلَلهِ اِلْعَرْشِ بَاࢽِ هَࢽْکَلِي دَيَوَࢽْ بَيَاࢽِي
ڢال بليت بذنب بعد صحتحا ؞ لم تنتفض لک لک تب لمغتبر,ڢاࢽ بليت بذنب بعد صحتا ؞ لم تنتفض لک لکࢽ تب لمفتل
بَاطَابࣸويٜيٰڢَ دࣸوکِيَابَابࣸ شَکِّي    أيْتَيَاڧِي أَکَيْتَ دࣸࢽْ عِࢽْدَ سَرْکِي,بَاطَ بࣸويٜيٰڢَ دࣸوکِيَابَابࣸ شَکِّي   أَيْتَيَاڧِي أَکَيْتَ دࣸࢽْ عِࢽْدَسَرْکِي
سࣸکَذࣸودَيَاڧِ وَࢽْدَبَابࣸ کَمَاتَسَ ؞  سࣸوࢽَࢽْسَ يَاڧِࢽْ جَرْدَاأࣸمَّ اّّلْمࣸحَمَّدَا,سࣸکَذࣸودَيَاڧِ وَࢽْدَبَابࣸ کَمَاتَسَ ؞ سࣸوࢽَࢽْسَ يَاڧِࢽْ جَرْدَاأࣸمَّ أَلْࣸحَمَّدَا
سࣸࢽَاکَرَاتࣸواثِکِࢽْ حَدِيثَيْ  دَشِيدَ مَالَمْ بَاوَابَزْࢽْڢَرٜيٰ,سࣸࢽَاکَرَاتࣸواثِکِࢽْ حَدِيثَيْ  دَشِيدَمَالَمْ بَاوَابَزَࢽْڢَرٜيٰ
رࣸوَࢽْ شَࢽْ تَمَا سَيْ تَکَࢽْ سَا زࣸمَا,رࣸوَࢽْ شَࢽْ تَمَاسَࢽْ تَکَࢽْ سَازࣸمَا
وحڢظ نڢس ومال معها ذسب ؞ وحڢظعڢل وعرض غيرمبنتدل,وحڢظ نڢس ومال معماذسب ؞ وحڢظ عفل وعرض غير منتدل
ࢽَجَسَاکٜيٰ ڟَڟَّکِࢽْکَ    مٜيٰ يَڧَرْڢَڢَ تَاڧَمَرْکَ,ࢽَجَسَاکٜيٰ ڟَڟَّکِࢽْکَ مٜيٰ يَڧَرْڢَڢَ تَاڧَمَرْکَ
مَدࣸوبِي دَهࣸودَ کَمَرْ زَاةَ کࣸوَلِّي  تَکَࢽْ کࣸلْلِّيَا تَڢِتࣸواْ دَࢽْدَلِي,حَدࣸولِي دَهࣸودَکَمَرْرَاةࣸ کࣸولِّي   تَکَࢽْ کࣸلشِّيَاتَڢِتࣸواْ دَࢽْدَلِي
جَمَعَ تَتَارٜࣸواْ تَرَم؞تࣸمْ َيْ غَبَسْ   سࣸࢽَامَثٜيٰوَا دَيࣸࢽْوَاغَاڧِشِي,جَمَعَ تَتَارࣸواْتَرَمْتࣸمَ تَيْ غَبَسْ  سࣸࢽَامَثٜيٰوَادَيࣸࢽْوَاغَاڧِشِي
تَادَطٜيٰ دَسکَاکَ جِرغِي    وَࢽْدَذَاکَ حَطَرْمَ کࣸوْاغِي,تَادَطٜيٰ دَسَکَاکَ جِرْغِي  وَࢽْدَذَاکَ حَطَرْمَ کࣸوْاْغِي
سَىْ سࣸثٜىٰ کࣸوکَࢽْغَ ࢽَامࣸ    کَاڢِرَىْ سࣸکَ أَيْبَتَامࣸ,سَيْ سࣸثٜيٰ کࣸوکَࢽْغَ ࢽَامࣸ کَاڢِرَيْ سࣸکَ أَيْبَتَامࣸ
عَنْدࣸ ࡶَࢽَّ سَيِّدِنَا نࣽکࣽوحࣸومٜيطٜࢽْ مࣸحَمَّدٍکࣽمࣸحَمَّدࣸ,عَنْدࣸ ࡶٔࢽَّ سَيِّدِنَانࣸکࣸوحࣽومٜيطٜࢽْ مࣸحَمَّدِ کࣽمࣸحَمَّدࣸ
اذالارادة غيرالامࢽ لاعجب لله سبحانه حکم بلاعلل,اذالارادة غيرالامࢽ لاعجب لله سبحانه حکم بلاعلل
دࣸوْبِ مَࢽْيَࢽْ مَزَاجى مَاسࣸ شَࢽْ کࣸواْڟࣸواْدَجَوجى,دࣸوْبِ دَࢽْ مَࢽْيَࢽْ مَزَاجىٰ  مَاسࣸ شَࢽْ کࣸواْڟࣸواْدَجَوْجٜيٰ
تَتْتَلِࢽْسࣸ سࣸکَامَ طَاکِ   غَاڢِتِلَّاتىْ سِتَاتِى,تَتْتَلِࢽْسࣸ سࣸکَامَ طَاکِ غَاڢِتِلَّا تَيْ سِتَاتِي
سَىْ أَبࣸوطٜىٰ وࣸتَاسࣸغَࢽْشِ    ࢽَࢽْڢَ سࣸىْ ڧَارَاغَرٜىٰشِ,سَىْ أَبࣸوطٜيٰ وࣸتَاسࣸغَࢽْشِ  ࢽَࢽْڢَ سࣸىْ ڧَارَاغَرٜيٰشِ
ان لا,الا
أللَّهࣸمَّ أَحْڢِظْࢽَا مِࢽْ بࣸغضِ الظَالِمِيࢽْ,أَللَّهࣸمَ أَيْڢِظِࢽَامِࢽْ بَغِڧِ الَڧِيࢽَ
سَوْرَيِ کࣸواْکࣸوْابࣸدࣸروَا    طَىْ شِکَىْ بَرْکَࢽْ دَکٰٜوَا,سَوْرَيِ کࣸواْکࣸوابࣸدࣸوَا طَࢽْ شِکَࢽْ بَرْکَࢽْ دَکٜيٰوَا
تَمْکَرْبَيْ سَابَ کَࢽْغّرَابَا,تَمْکَرْبَىْ سَابَ کَࢽْغَرَابَا
مَيْ حَلِࢽْسَ کࣸسَࢽْڢَ بَيْ ڧَارَکࣸومِي   اَلࢽَّمِيمِي دَکٜيٰ رَبَاوَرْمࣸسࣸلْمِي,مَيْ حَلِࢽَّࢽَࢽْ کࣸسَࢽْڢَ بَيْ ڧَارَکࣸومِي  اَلࢽَّمِيمِي دَکٜي رَبَاوَرْمࣸسࣸلْمِي
يَࢽْڧودَغࣸواْڢَاکࣸبَرْسَࢽْذࣸوثِيَا   کࣸطِࢽْ أَبِࢽْثِي ثِکِࢽْ لَادَا يکٜيٰ,يَࢽْڧَادَغࣸواْڢَاکࣸبَرْسَࢽْذࣸوثِيَا کࣸطِࢽْ أَبِࢽْثِي ثِکِࢽْ لَّادَايَکٜيٰ
سࣸکَ کَرْݒِ ذَࢽْثٜࢽْ مَالࣸمَࢽْ سࣸ مَاسࣸ ؞  غَرْدَمَا دَإِيکࣸࢽْ کَ اَلرَّحْمَٰࢽࣸ مڧِيسَࢽْ أَحْمَدَا,سࣸکَ کَرْبِ ذَࢽْثٜࢽْ مَالࣸمَࢽْ سࣸ مَاسࣸ ؞  غَرْدَمَادَإِيکࣸࢽْ کَ اَلرَّحْمَࢽࣸ مَڧِيسَࢽْ أَحْمَدَا
کَغَ کَلّمَا يَا تَغَرْدَمَابَا,کَغَ کَلْمَايَاتَغَرْدَمَابَا
يَوَࢽْثِࢽْْسࣸ سࣸࢽْ کَڧِيَامَ أَمْسَ کِرَاࢽَسَ ؞ إِِبْلِيَسْ يَارࣸوطٜسࣸ مڧِيَّࢽْ مࣸحَمَّدَا,يَوَࢽْثِࢽْسࣸ سࣸࢽْ کَڧِيَامَ أَمْسَ کِرَاࢽَسَ ؞  إِبْلِيَسَࢽْ يَارࣸوطٜسࣸ مَڧِيّࢽَْ مࣸحَمَّدَا
دࣸࢽْ مࣸࢽَاسࣸࢽْ أَرْزِڧِࢽْکࣸ    مࣸࢽْکَ طَوْکِ طَوَيْࢽِيَرْکࣸ,دࣸࢽْ مࣸࢽَاسࣸࢽْ أَرْزِڧِࢽْکࣸ  مࣸࢽْکَ طَوْکِ طَوَيْࢽِيَرْکࣸ
مکوت ڢصلاواجبيتاغرىم دک   ذماات اکردک عبادغامحمدا,مࣸکٜيٰوْتَ ڢَصَلَاَوَاجِبِيتَاغَرٜيمࣸ دࣸکْ   ذَمَااتَ أَکَّࢽْ دࣸکْ عِبَادَاغَأَحْمَدَا
بَابࣸ مَيْغِرْمَاسَيْ ڢَاسِڧِي    سَيْ شَڧِيْ شِکٜيٰ وَالَدَبࣸ,بَابࣸ مَيْغِرْمَاسَيْ ڢَاسِڧِي  سَيْ شَڧِيْ شِيکٜيٰ وَللدَبࣸ
إِࢽْ يَکَرْيٜيٰ سَيْکࣸ رࣸوشٜيٰ   ذࣸوثِيَاثٜيٰ إِࢽْ تَبࣸوشٜيٰ,إِࢽْ يَکَرْيٜيٰ سَيْکࣸ رࣸوشٜيٰ   ذࣸوثِيَاثٜيٰ إِࢽْ تَبࣸوشٜيٰ
دࢽ کو س کشٜم مسࢽ شهادا    مذوالجࢽ سيࢽعشي مغارا,دࢽ کوس کشم مسࢽ شهادا   مذوالجࢽ سيمعشي مڧارا
بَشِکَࢽْ کَيْوتَاشِࢽَاڢَرِيبَا,بَشِکَࢽْ کَيْوْتَاثِࢽَابَرِيبَا
مَاتَاکࣸکٜوْتَ مَذَࢽْکࣸ دࣸࢽْ اَللَّهࣸ کࣸࢽْجِيَا؞ کࣸبيسࣸ کࣸࢽَࢽْ يَرْ دَࢽْ دَرْسࣸ إِࢽْجِ مࣸحَمَّدَا,مَاتَاکࣸکٜوْتَ مَذَࢽْکࣸ دࣸࢽْ اَللَّهࣸ کࣸࢽْجِيَا ؞  کࣸبِيسࣸ کࣸࢽَࢽْ يَرْدَرْ سࣸ إِࢽْجِ مࣸحَمَّدَدَا
دࣸࢽْ رَࢽْ کࣸوْاْوَࢽْسࣸ بَيْࢽَڟَابَا,دࣸࢽْ رَࢽْکࣸوْاْوَࢽْسࣸ بَيْࢽَڟَابَا
إِِࢽْبَارࣸمَࢽْکَ دَسࣸو سࣸذَمَّکَ بِࢽْثِکٜيٰ   وَيْکَيْ شَکِيِّࢽٜيٰ غَرٜيٰسࣸ مࣸتَاࢽٜيٰ,إِࢽْبَارࣸوَࢽْکَ دَسࣸوسࣸذَمَّکَ بِࢽْثِکٜيٰ  وَيْکَيْ شَکِيِّࢽٜيٰ غَرٜيٰسࣸ مࣸتَاࢽٜيٰ
تࣸوْإدَࢽْ أکَ تَمبَيٰٜکَ     وَࢽْدَيَىْ وَاڧَايَبَاکَ,تࣸواْإِدَࢽْ أَکَ تَمْبَيٜىٰکَ وَࢽْدَيَيْ وَاڧَايَبَاطَ
بَرْتَ بَبَّاهَرْغَيَارࣸوْ      جِࢽْجِرِى بَيْسَࢽْ دَهࣸورࣸوࢽْ,بَرْتَ بَبَّاهَرْغَيَارࣸوْ جِࢽْجِرِي بَيْسَࢽْ دَهࣸورࣸورْ
دࣸکْ دَحَکَ إِࢽْ بَسࣸ غَجِبَاذَاثٜيٰ دَࢽِي إِࢽْ شَاءَاللَّهࣸ تَعَلَى,دࣸکْ دَحَکَ إِࢽْ بَسࣸ غَجِبَاذَاسࣸ دَاثٜيٰ دَࢽِي إِࢽْ شَاءَاَللَهࣸ تَعَلَىٰ
ذَمَاکَاڢِرَاوَاکَيَلرْدَادَمَابَا    سࣸࢽَابَاتَ اَمبَرٜى سࣸࢽَايِࢽْ زِࢽَا,ذَمَاکَاڢِرَاوَاکَيَغَرْدَادَمَابࣸو   سࣸࢽَابَاتَ أَمَّرٜى سࣸࢽَايِࢽْ زِࢽَا
الࢽَّمِيمَيْ مَاسࣸو يوَࢽْ دَرَا وࣸتَا لَظَيٰ ࢽَاࢽَاتاڧَاغَرَا,اَلࢽَّمِيمَيْ مَاسࣸويَوَࢽْ دَرَا  وࣸتَالَظَىٰ ࢽَاࢽَاتَاڧَاغَرَا
ڢصل نا جوازنى والعاداتکࢽ امة لنا ولياء السادات,ڢنل نه جوازخرو العادان کࢽ امةللا ولياءالسادات
ڢذاک کالعيࢽ لاتشغى تناظ ه ؞ دع الحمير على امثالهاتصل,ڢذاک کالعير لا تشغى تناظر ه ؞ دع الحجير على امنالهاتصل
أَذࣸبَامَتَ بَادَتَاڧِيَابَا,أَذࣸبَامَتَ بَادَتَاڧِيَابَا
سࣸذࣸوسࣸ غَءادࣸمࣸ حَرْسࣸذࣸوسࣸ غَࢽࣸوحࣸ دࣸکْ   شِثٜيٰمࣸسࣸ يَوْسَيْ اَلࢽَّبِمّࣸ مࣸحَمَّدَا,سࣸذࣸوسࣸ غَࢽَادَمࣸ حَرْسࣸذࣸوسࣸ غَࢽࣸوحࣸدْࣸ شِثٜيٰمࣸسࣸ يَوْسَيْ اَلࢽَّبِمّࣸ مࣸحَمَّدَا
سࣸومَاتَاحَالِࢽْسࣸ مࣸغࣸࢽْتَا   سَيْ طَيْ طَيْ کٜيٰ بَاسࣸ دَڧٜيٰتَا,سࣸومَاتَاحَالِࢽْسࣸ مࣸغࣸࢽْتَا سَيْ طَࢽْ طَࢽْ کٜيٰ بَاسࣸ دَڧٜيٰتَا
تَمْبَيَاࢽَطَيَࢽْتَ اَللَّهْ   أََࢽْکَ شࣸوطٜيٰ سَيْ ࢽَصَلَّهْ,تَمْبَيَاࢽَطَيَࢽْتَ اَللَّهْ أَࢽْکَ شࣸوطٜيٰ سَيْ ࢽَصَلَّهْ
حَرْمِجِي يَتَهࣸوْايَلٜىٰ ڧَا    حَرْسࣸثٜىٰ سࣸࢽْ ڢَارَسَاڧَا,حَرْمِجِي يَتَهࣸواْيَلٜيٰ ڧَا  حَرْسࣸثٜىٰ سࣸࢽْ ڢَارَسَاڧَا
دَهِجِرَاتَکَࢽْ شَرَڢْ ڢَبَرْدٜࢽْ مࣸحَمَّدَا ؞  أَࢽَࢽْ أَکَمَسْ ثَڢْ تَڢَرْکࣸودَکٜيٰ ڢَطَا,دَهِجِرَاتَکَࢽْ شَرَڢْ ڢَبَرْدٜࢽْ مࣸحَمَّدࣸ ؞  أَࢽَࢽْ أَکَمَسْ ثَڢَّ تَڢَرْکࣸودَلٜيٰ ڢَطَا
يࣸࢽڧࣸرِࢽَامࣸوڟَ ثِࢽْيَا    هَاکَذَامَارَادَبَايَا,يࣸࢽْڧࣸرِࢽَامࣸواْڟَ ثِࢽْيَا هَاکَذَامَارَادَبَايَا
کَاتَࢽْبّيٜيٰࢽِ بَاࢽِ رࣸڢٜيٰ مَکَا   أّلْأَمࣸرَاىٰ ࢽَتَاشِࢽْ دࣸوࢽِيَا,کَاتَࢽْبَيٜيٰࢽِ بَاࢽِ رࣸڢٜيٰ مَکَا  أَࢽْأَمࣸرَىٰ ࢽَتَاشِࢽْ دࣸوࢽِيَا
أَبِࢽْ ثٜي أَبِࢽْ شَاکْبَرْتَيْمَکَاشِ   شِبَرْ سَاتَڢَاڢِࢽْکَ مَيْٜࢽ زِِࢽَا,أبِࢽْ ثِي أَبِࢽْ شَاکࣸبرْ تَيَمَکَاشَ   شِبَرْسَاتَڢَاڢِࢽْکَ مِيْ زِࢽَا
دَاَکَيْ وَعَظِي بَسࣸࢽْ کࣸلَابَا,دَأَکَيْ وَعَظِي بَسࣸࢽْ کࣸلَابَا
بِسْمِ اَللَّهِ اِلرَّحْمَٰࢽِ اِلرَّحِيمِ وَصَلَّي عَلَي اَلࢽَّبِيِّ اِلࢽَّبِيِّ اِلْکَرِيمِ,بِسْمِ اللَّهِ الرَّحْمَٰࢽِ اِلرَّحِيمِ  وَصَلَّى اللَّهࣸ عَلَى الࢽَّبِيِّ اِلْکَرِيمِ
فالواالتى ک لم يوجدلم تعش ؞ بالاختيارولکࢽ بالبلا ء بل,فالواالترک لم يوجدلمࢽ تعش ؞ بالا ختيارولکࢽ بالبلاء جبل
أَوَابَسࣸ لٜيٰڧَ دࣸوࢽِيَابَا,أَوَابَسࣸ لٜيٰڧَ دࣸوࢽِيَابَا
تَيْ أَࢽَکَرْکَرِٜيٰتَ تَبَّتْ حَڧِيڧََا,تَيْ أَࢽَکَرْکَرٜيٰتَ تَبَّتْ حَڧِيڧََا
ڢَࢽَاغࣸودَٜى ألله ࢽَى صَلَاةِدَسَلَّمَا    بِسَاغَ ڢِيَيَّٜ الرَّسࣸولࣸ مࣸحَمَّدَا,ڢَࢽَاغࣸودٜيٰ اَللَهْ ࢽَيْ صَلَاةِ دَسَلَّمَا   بِسَاغَ ڢِيَيّٜي اَلرَّسࣸولࣸ مࣸحَمَّدَا
أَبَرْطَوْکَ کَ مࣸرْيَاکࣸمَ دࣸࢽْ أَيِ دَارِيَا ؞  کࣸسَࢽْ ڢَ حَرَامࣸࢽْ ثٜي غَأمَّ الْمࣸحَمَّدَا,أَبَرْطَوْدَ مَࣸريْدَاکࣸمَ دࣸࢽْ أَيِ دَاࢽِ يَا ؞  کࣸسَࢽْ ڢَ حَرَامࣸࢽْ ثٜيٰ غَأَمَّ اَلْمࣸحَمَّدَا
کࣸوْاْدَابَيْکَيْ کࣸطِࢽْ کِڟࣸوبَا,کࣸوْاْدَابَيْکَيْ کࣸطِࢽْ کِڟࣸوبَا
بَاکوْا ڧࣸوࢽَاࢽَڧࣸرْمࣸسَابَا,بَاکࣸواْڧࣸوࢽَاࢽَڧࣸرْمࣸسَابَا
غَاوࣸتَاࢽَاذَاکࣸطَاحَرْ   بَاعَ تَاطِࢽْ لَاڢِيَاحَرْ,غَاوࣸتَاࢽَاذَاکࣸطَاحَرْ بَاعَ تَاطِࢽْ لَاڢِيَاحَرْ
بَعَذَاݒِي ذَمَادَلَاڢِيَابَا,بَعَذَاݒِي ذَمَادَلَاڢِيَابَا
ݣࣸيْ لَدَبِي مَاتَا کࣸکِيَايٜيٰ   أَوْضٜيٰ بَاءَغَمَاشِ دَبَوْتَا,کࣸيْ لَدَبِي مَاتَاکࣸکِيَايٜيٰ أَوْضٜيٰ بَاءَغَمَاشِ دَبَوْتَا
بَامَيْ رِغِمَاأَدࣸوࢽِيَابَا,بَامَيْرِغِمَاأَدࣸوࢽِيَابَا
کم فذدکرت وت الفرءاࢽ انت تࢽ ى ؞ کمکࢽ رالاى حتى ادت المثل,کم فذدکرت وتا الفرءالࢽ ات ت ى ؞ کم کࢽ رالاى حتى زادت المثل
سَىْ أثٜىٰ عࣸرڢِࢽْ غِدَࢽْسࣸ   دَاکَذَاࢽٜىٰ ࢳَࢽْ أࣸوَࢽْسࣸ,سَىْ أَثٜىٰ عࣸرْڢِࢽْ غِدَࢽْسࣸ  دَاکَذَاࢽٜيٰ عَࢽْ أࣸوَࢽْسࣸ
بَيْجٜيٰ ڧَبَرِي دَکࣸواوࣸرِيبَا,بَيْجٜيٰ ڧَبَرِي دَکࣸواْوࣸرِيبَا
کࣸوغَاتَاڢَاذَاکَࢽࣸوࢽَاوطَࢽکَ عَࢽْ ثٜي کَرْکَبَرْشِ بَايَا صَࢽَاعَ,کࣸوغَاتَاڢَاذَاکَࢽࣸوࢽَاوَطَࢽْکَ  عَࢽْ ثٜي کَرْکَبَرْشِ بَايَا صَࢽَاعَ
سَادَمَيْ سࣸجَدَا غّغࣸمْکِي    کٜࣸوْاْشَرِيڢَابَابࣸ حَکِّي,سَادَمَيْ سࣸجَدَاغَغࣸمْکِي کࣸوْاْشَرِيعَابَابࣸ حَکِّي
دࣸࢽْسࣸ اَللَّهࣸ يَڢَّ بَايࣸوهࣸدَاتِي  دࣸکْ مࣸغࣸودٜيٰ عࣸبَࢽْغِجِ مࣸيِ صَلاَتِي,دࣸࢽْسࣸ اَللَّهࣸ يَڢَّ بَايࣸوهࣸدَاتِي   دَکْ مࣸغࣸوِدٜيٰ عࣸبَࢽْغِجِ مࣸيِ صَلاتِي
سࣸکِيَايِي ذࣸوَا بِکِࢽْ سَعَابَا,سࣸکِيَايِي ذࣸوَابِکِࢽْ سَعَابَا
سَادَيَٜࢽْ غِشِرِي دَيَٜࢽْ دَدَّوَا   إِࢽْ کࣸࢽْيِي الْغࣸشࣸواْللَّهْ يَاهَࢽَا,سَادَيَࢽْ غِشِرِي دَيَࢽْ دَدَّوَا  إِࢽْ کࣸࢽْيِي اَلْغࣸشࣸواَللَّهْ يَاهَࢽَا
يَࢽْذࣸلَالَاتَايَأڢْکࣸ    سَىْ أيَࢽْذࣸأذَامَࢽِࢽْکࣸ,يَࢽْذࣸلَالَاتَايَأَڢْکࣸ  سَىْ أَيَࢽْذࣸأَذَامَࢽِࢽْکࣸ
وفيل ليست بمعى لڢظا هرها ؞ مثل الذي مࢽ مࢽتاويل محتمل,وفيل ليست بمعى لڢط ظاهرها ؞ مثل الذيمࢽ مࢽ تاويل محتمل
حَرْکࣸکٜيٰ أَورٜيٰ دَإِدَّا   حَرَکࣸکٜيٰ ڢِتࣸوَادَڟَيْدَ,حَرْکࣸکٜيٰ أَوْرٜيٰ دَإِدَّا حَرْکࣸکٜيٰ ڢِتࣸوَادَڟَيْدَا
شِي يَسَاࢽَتَڢࣸواْ ࢽَکَيْکَ   دࣸࢽْ کِيَادَأࣸوَرْسࣸغَࢽْکَ,شِي يَسَاࢽَتَڢࣸواْ ࢽَکَيْکَ  دࣸࢽْ ڟِيَادَأࣸوَرْسࣸغَࢽْکَ
وکل مࢽ فال با لتاثي نکڢره ء ؞ مࢽ ذ ي الطبيعة والنتجيم ذ ي,وکل مࢽ فال بالتاثير ࢽکڢره ء ؞ مࢽ ذي الطبيعة والتجيم ذي
مَاسࣸ کٜيٰوْتَاغَدࣸوࢽَيَادࣸࢽْ أَسَࢽْسࣸ   بَابِ لاَدَأغَرٜيٰسَ دࣸࢽْ اَلࢽِّيَسّࣸ,مَاسࣸ کٜيٰوْتَاغَدࣸوࢽِيَادࣸࢽْ أَهَࢽْسࣸ   بَابࣸ لاَدَاغَرٜيٰسَ دࣸࢽْ اَلࢽِّيَسّࣸ
وَطَࢽدَکَسَوْرَارَمَ غࣸوغىٰ ࢽَدࣸوࢽِيا    بَسࣸࢽْ سَامِ سࣸوْرَارِࢽْس ثَاࢽَ دَِحْمَدَا,وَطَࢽْدَکَسَوْرَارَامَ غࣸوغٜيٰ ࢽَدࣸوࢽِيَا   بَسࣸࢽْ سَامِ سࣸوْرَارِࢽْسَ ثَاࢽَ دَاَحْمَدَا
کَتࣸࢽَابَاذَاسࣸ دَاوَيࣸوبَا,کَتࣸࢽَابَاذَاسࣸ دَاوَبࣸوبَا
والمعجر اتم الکل فدبلغواکل الذ>اى وا ؞ والکل فدعصواناالغدل والعمل,والمعجراتم الکل فدبلغواکل الذ>امࢽ وا؞ والکل فدعصوانا الفدل والعمل
تࣸوْاْمࣸسَࢽْ رَاࢽَرْڧِيَامَا    ࢽَاذࣸوَارَاࢽَرْ ࢽَدَامَا,تࣸوْاْمࣸسَࢽْ رَاࢽَرْڧِيَامَا ࢽَاذࣸوَارَاࢽَرْࢽَدَامَا
بَسࣸ سَامِ أبِࢽْدَسࣸࢽْ رِڧٜىٰبَا,بَسࣸ سَامِ أَبِࢽْدَسࣸࢽْ رِڧٜيٰبَا
ڢليس ڢيهاسوى معنى دلالتا على الکلام الذ> فدجل عن مثل,ڢليس ڢيهاسوى معى دلا لتااد ؞على الکلام الذ>فدجل عࢽ ثل
دَدَاوَرَ غَوَا کَامࣸسࣸلْمي سَجِيتَا  سࣸبَرْسࣸ سࣸتَارَ دَمِي يِࢽْ زِࢽَا,دَدَاوَرَغࣸوَاکَامࣸسࣸلْمِي سࣸجِيتَا   سࣸبَرْسࣸ سࣸتَارَدَمِࢽ يࢽْ زِࢽَا
وَاکَطَࢽْبَ ڧَسَاتَمࣸوڟَا    ميْ جِکِࢽْدَ يَزَمْ أَدَاڟَا,وَاکَطَࢽْبَ ڧَسَاتَمࣸوڟَا  مَيْ جِکِࢽْدَيَزَمْ أَدَاڟَا
مَالَمْ يَثٜيٰ دَڧَرَمْثِࢽْ مَّالࣸمَا    زَامَࢽِࢽْ غࣸرْݒَاتَرْ دࣸوࢽِيَا,مَالَمْ يَثٜيٰ دَڧَرَشِࢽْ مَّالࣸمَا زَامَࢽِࢽْ غࣸرْبَاتَرْ دࣸوࢽِيَا
أَيْ طَرِي عࣸکࣸ وَوْتَادࣸوࢽِيَا  کࣸووَأَبَاشِ تَلَاتِࢽْ ࢽِي ࢽَسَا,أَيْ طَرِي عࣸکࣸ وَوْتَادࣸوࢽِيَا  کࣸووَاأَبَاشِ تَلَتِࢽْ ࢽِي ࢽَسَا
ࢽَأࣸوَابَادَغࣸوْاْدِيَابَا,ࢽَأࣸوَابَادَغࣸوْاْدِيَابَا
شِرِڧٜىٰيࣸ دَتَوسَيِي ࢽٜيٰ   ثِي دَسࣸو کࣸمَ وَاجِبِي ࢽٜيٰ,شِرِڧٜيٰسࣸ دَتَوْسَيِي ࢽٜيٰ ثِي دَسࣸوکࣸمَ وَاجِبِي ࢽٜيٰ
رَشِࢽْ زَکَىٰ ࢽࣸومَادَتَدࣸوکِيَا   إِࢽْجِِ مَالَمْ يَࢽَاسَاجَرَّبَا,رَشِࢽْ زَکٜيٰ ࢽࣸومَادَتَدࣸوکِيَا   إِࢽْجِ مَالَمْ يَࢽَاسَاجَرَّبَا
إدࢽ اللࢽ کاࢽڢ سيمذمࢽا   مࢽا روڧو کبات ࢽڢ ࢽصارا,ادࢽ الله کاࢽڢ سيمذمࢽا  مࢽاروڧو کبات ࢽڢ ࢽصارا
سَࢽْ وࣸثٜىٰ سَىْ أمْبَتࣸࢽْسࣸ سَىْ تࣸࢽَاࢽِࢽْ أرْزِکِࢽْسࣸ,سَࢽْ وࣸثٜىٰ سَىْ أَمْبَتِࢽْسࣸ  سَيْ تࣸࢽَاࢽِࢽْ أَرْزِکِࢽْسࣸ
سࣸوَاکࣸوْاطَىْ بَأىْ رَغِيبَا,سࣸوَاکࣸوْاْطَيْ بَأَيْ رَغِيبَا
َکَ سَامِ يَسࣸ أَمَلَّکَابَا,بَکَ سَامِ يَسࣸ أَهَلَّکَابَا
ࡹِلاَّبِشَرْتَيْرِکࣽهِنَاشَرْتِيجِ طِطِ عَدَمࣸ ࡼلْمَآءِ,ࡹِلاَّبِشَرْتَيْࢽِ کࣽهِنَاشَرْتِيجِ طِطِ عَدَمࣸ ࡼلْمَآءِ
إِࢽْ أࣸوَا کࣸوْاْأࣸبَࢽْکَ   کࣸوْمࣸغࣸࢽْتَرْ يٜࢽْ أࣸوَࢽْکَ,إِࢽْ أࣸوَاکࣸوْاْکࣸوْاْأࣸبَࢽْکَ کࣸواْمࣸغࣸࢽْتَرْيَࢽْ أࣸوَࢽْکَ
شَهَٰدَةࣻکࣽشٜيدَادٜأَࢽَّ لَآࡹِللَهَ ࡹِلاَّࡻللَّهࣸ,شَهَدَةࣸکࣽشٜيدَادٜأَࢽَّ لَاَࡹِللَهَ ࡹِلاَّࡻللَّهࣸ
بَسࣸ ذَاݒِي ذَمَاغِدَࢽْ مِجِيبَا,بَسࣸ ذَاݒِي ذَمَاغِدَࢽْ مِجِيبَا
ونطڡ عجماءبل نطڡ انجمادله ؞ ومࢽ هجيب وطيس الشمس ناظلل,ونطوعجماء بل نطڡ الحمادله ؞ ومࢽ لهجيࢽ وطيس الشمسࢽ ت ظلل
غير الاولى حضهم بالحڢظ خالڢهم ؞ کالا نبناءومࢽ اهل الخصوم ول,غير الاولى حضهم بالحڢظ خالفهم ؞ کالا ننناءومࢽ الهل الخصوم ول
کࣸواْدَادَرَجَرْتَ ذَاشِ دࣸوبَا,کࣸواْدَادَرَجَرْتَ ذَاشِ دࣸوبَا
سَيْيَ تَارَحَلِي دَدَبَّا    بَاحَلِࢽْ دَبَّرْڧࣸوْرَيْبَا,سَيْيَ تَارَحَلِي دَدَبََّّا بَاحَلِࢽْ دَبَّرْڧࣸوْرَيْبَا
دَطَ بَيْ ثٜيٰکࣸ لَاخِرَابَا,دَطَ بَيْ ثٜيٰ شٰٜکࣸ لَاخِرَابَا
أوࣸرِࢽْکࣸ بَذَيْيِ ڢَاءِدَابَا,أَوࣸرِࢽْکࣸ بَذَيْيِ ڢَاءِدَابَا
دَحَسکٜيٰ ࢽَأَࢽَّبِ يَاحَلِثِي بَلَارَبٜيٰ؞ مَهْدِي شَرِيڢِ اَللَّهِ جِيَکَيْ مࣸحَمَّدَا,دَحَسْکٜيٰ ࢽَأَࢽَّبِ يَاحَلِثِّي بَلَارَبٜيٰ ؞ مَهْدِي شَرِيڢِ اَللَّهِ جِيکَࢽْ مࣸحَمَّدَا
مَىْ إِذࣸواْيَايَرْڢِتَرْسَا   أَرْبَعِࢽْ أڟَڟࣸࢽْ أࣸبَࢽْسَا,مَيْ إِذࣸواْيَايَࢽْ ڢِتَرْسَا   أَرْبَڢِࢽْ أَڟَڟࣸࢽْ أࣸبَࢽْسَا
مࢽاڢکي شکࢽ يوا غرٜي س    ودࢽ دککوت الأمرࢽ ࢽصارا,مࢽاڢکي شکࢽ يواغرٜي س  ودࢽ دککوت الا مرࢽ ࢽصارا
بَسࣸ کَيْ ࢳَاࢳَاغَمَالࣸمَابَا,بَسࣸ کَيْ ࢳَاࢳَاغَمَالࣸمَابَا
بࣸکَاتَرْةَ سَاڢّٜي دَيَيَّمَ أبَاةَ  کࣸوْوَّا يَطَوْکٜيوَ طَوکَ بࣸکاةَ,بࣸکَاتَرْةَ سَاڢٜيٰ دَبَيَّمَ أَبَاةَ کࣸوْوَّايَطَوْطٜيٰوَطَوْکَ بࣸکَاةَ
شِييَيْ مَࢽَاحَدِيثِ مَّيْزِࢽَىٰ   يَبَاࢽِ ڟࣸورࣸواْيَابَࢽْ ڢِرْغِتَا,شِييَيْ مَࢽَاحَدِيثِ مَّيْزِࢽَيٰ  يَبَاࢽِ ڟࣸورࣸواْيَابَࢽْ ڢِرْغِتَا
بَاأَوَࢽْکٜيٰوَاکࣸسَࢽْدَي   سࣸࢽْڢِ کࣸواْوَادࣸوࢽْ سَهِيدَيْ,بَاأَوَࢽْکٜيٰوَاکࣸسَࢽْدَيْ  سࣸࢽْڢِ کࣸوْاوَادࣸوࢽْ شَهِيدَيْ
بَىْ رَبَاسࣸ دَمَاسࣸ شِرْکَا    دࣸکْمَڟَاڢِي دَيْࢽَ شَکَّا,بَيْ رَبَاسࣸ دَمَاسࣸ شِرْکَا  دࣸکْ مَڟَاڢِي دَيْࢽَ شَکَّا
کࣸوْاوَࢽٜىٰ ࢽَاڧَرْڧَشِࢽْکَا     جَلَّ يَىْ بَيْوَغَرٜىٰکَا,کࣸوْاْوَࢽٜيٰ ࢽَاڧَرْڧَشِࢽْکَا  بَلَّ يَيْ بَيْوَغَرٜيٰکَا
ڟمت بحمد لله,تمت بحمد لله
تڢدس الى ب فطعااࢽ يکوࢽ له ؞ بالعفل وصڢ مکاࢽ مثل ذااحل,تفدس ال ب فطعااࢽ يکوࢽ له ؞ بالعفل وصڢ مکاࢽ مثل ذااحل
حࣸودࣸوَاࢽَتَمْرَارࣸودَاوࣸڟِيَاڢَ طَوࣸوا؞  دَڢَاطِ کَرَامَ ثٜي تَجِيکَࢽْ مࣸحَمَّدَا,حࣸودࣸوَاࢽَتَمْرَارࣸودَوࣸطِيَاڢَمَيْ طَوࣸوا ؞ دَڢَاطِ کَرَامَ ثٜيٰ تَجِيَکَࢽْ مࣸحَمَّدَا
دَيَوَࢽْ خࣸصࣸومَاَأَࢽَاکَشٜيٰ کَاوࣸࢽَا    دَيَوَࢽْ ڢࣸشِي کࣸمَاغَادَّࢽْبَرْغَجِي,دَيَوَࢽْ خࣸصࣸومَاأَࢽَاکَشٜيٰ کَاوَࢽَا  دَيَوَࢽْ ڢࣸشِي کࣸمَاغَاذَࢽَبَرْغَجِي
ࢽَاإبِࢽْسَ أࢽَࢽْ شِکَࢽْذَا    بࣸرࣸواْدَڢَطَاشِثٜىٰ ذَا,ࢽَاإِبِࢽْسَ أَࢽَࢽْ شِکَࢽْذَا بࣸرࣸواْدَڢَطَاشِثٜىٰ ذَا
مِجِي بَبَّࢽْ أَبࣸوࢽٜيٰ بِمِجِࢽکِ   دَيْࢽَ غَࢽِࢽْ وَّثَࢽْ دَمِجِࢽْتَا,مِجِي بَبَࢽْ أَبࣸوࢽٜيٰ بِمِجِکِ  دَيْࢽْ غَࢽِࢽْ وَثَࢽْ دَمَجِࢽْتَا
وَتَرَکَ ࡼلْمࣸنْهِييَاتِ عَذّࣸفࣸلْ هَطَاطࣶ وَࡹِعْلَمْ,وَتَرَکَ ࡼلْمࣸنْهِييَاتِ عَذّࣸفࣽلْ هَطَاطࣶ وَࡹِعْلَمْ
کَيْ سَيْ أَبَرْکَ کَوَيْ کَࢽَاࢽَࢽْ سَاسࣸڧَيْ   کَارࣸوڟَ کَࢽْکَ کَࢽَا غࣸدࣸࢽْ تَمࣸتَاࢽٜيٰ,کَيْ سَيْ أَبَرْکَ کَوَيْ کَࢽَاࢽَࢽْ سَاسࣸڧَيْ  کَارࣸوڟَ کَࢽْکَ کَࢽَاغࣸدࣸࢽْ تَمࣸتَاࢽٜيٰ
واعلم باࢽ صڢات الله ثابتة ؞ مڢات معنى ڢلا تعبا بمعتن ل,واعلم ياࢽ صڢات الله ثابتة ؞ صڢات معنى ڢلا تعبا بمعتزل
مَيْدَارِيَا کࣸوسࣸثٜيٰ دَشِي مَرَحَࢽْکَلِي   مَيْ تࣸرْبࣸࢽٜيٰ ڢࣸسْکَاککࣸوڧِࢽْ لَدَبِيࢽٜيٰ,مَيْدَاِرِيَاکࣸوسࣸثٜيٰ دَشِي مَرَحَࢽْکَلِي  مَيْ تࣸرْبࣸࢽٜيٰ ڢࣸسْکَاکࣸوڧِࢽْ لَدَبِيࢽٜيٰ
دَبَسࣸيْ کَتَرِي أَلَاخِرَابَا,دَبَسࣸيْ کَتَرِي أَلَاخِرَابَا
تَاڢِي جَامزَ کَمَرْ ثࣸورِࢽْتَمَا   کَمَرْ مَدوشِي جَاأَوࣸ يَاࢽَسَيٰ,تَاࢽِي جَلࣸوزْکَمَرْ ثࣸورِࢽْتَمَا کَمَرْمَدࣸوشِي جَاأَوࣸيَاࢽَسَىٰ
بَاکࣸوْاْمَىْ ڢَاسَ رࣸورࣸوَابَا,بَاکࣸوْاْمَىْ ڢَاسَ رࣸورࣸوَابَا
ڢنسٝل الله ربى حسࢽ خاتمة ؞ بلا متحاࢽ لنا ڢى موفڢ الوجل,ڢنسٝٔل الله ربلى حسࢽ خاتمة ؞ بلا متحاࢽ لناڢى موفڢ الوجل
هࣸوهࣸودَسَيْڢَرْسࣸ بَيْرَغٜيٰبَا,هࣸوهࣸودَسَيْڢَرْسࣸ بَيْرَغٜيٰبَا
کࣸوْاْأَبِࢽْدَأࣸبَايَبَاسࣸ   سَيْ سࣸرَيْࢽَادࣸࢽْ حَلِࢽْسࣸ,کࣸوْاْأَبِࢽْدَأࣸبَايَبَاسࣸ  سَىْ سࣸرَيْࢽَادࣸࢽْ حَلِࢽْسࣸ
مَادࣸغࣸࢽْ مَکَهْ دَاکَثٜىٰࢽِ   ذَاࢽِ کٜىٰوَاتَاإشٜىٰࢽِ,مَادࣸڧࣸࢽْ مَکَهْ دَاکَثٜىٰࢽِ  ذَاࢽِ کٜىٰوَاتَاإشٜىٰࢽِ
اذفال سبحانه ڢى امره لحماء ؞ اࢽ ايتيااتتات الحيࢽ عࢽ عجل,اذفال سبحانه ڢى امره لحماء؞ اࢽ انليااتتات الحيࢽ عࢽ عجل
کࣸࢽْجِ دِلَّالَىْ مَأوْࢽَا     مَاسࣸ حَاإِࢽْثِ کࣸدَيْࢽَا,کࣸࢽْجِ دَلَّالَىْ مَأوَࢽَا  مَاسࣸ حَاإِࢽْثِ کࣸدَيْࢽَا
ڢلا شى يک له اذلانظي له ؞ ولاشبي له فدجل عࢽ مثل,ڢلا شر يک له اذلا نظيرله ؞ ولا شبيله فدجل عࢽ مثل
دَمࣸکَ أَيْکَابَيْيِ ڢَاءِدَابَا,دَمࣸکَ أَيْکَابَيْيِ ڢَاءِدَابَا
رَࢽْتَ يَاکࣸواْمَ غَرٜىٰکَا    تَاڢِ ڧَوْࢽَرْمَاغَࢽِࢽْکَا,رَࢽْتَ يَاکࣸواْمَ غَرٜيٰکَا تَاڢِ ڧَوْࢽَرْعَاغَࢽِࢽْکَا
يَايِ کـٰـوَرْشِبَرْشِ   مَࢽّࣸ مَي لࣸڧࣸدى دَمَاشِ,يَايِ کٜىٰوَرْکَرْشِبَرْشِ سَࢽّࣸ مَىْ لࣸغࣸدٜىٰ دَمَاشِ
کَدَکَڟَيْشٜيٰسࣸ کࣸوڢَ کَاتَرْدَعِلمِي    مَاسࣸ حَࢽَ ࢽَاسࣸ دࣸکْ سࣸ إِࢽْدَحࣸکْمِي,کَدَکَڟَيْشٜيٰسࣸ کࣸوڢَ کَاتَرْدَعِلْمِي   مَاسࣸ حَࢽَ ࢽَاسࣸ دࣸکْ سࣸذࣸوإِࢽْدَحࣸکْمِي
تࣸوشِدَتَاثِکَ بَࢽْ ڧَارَابَا   أَݣࣸويْ سَوْرَاأَمَّا ࢽَتَڧَيْتَا,تࣸوشِدَتَاثِکَ بَࢽْ ڧَارَابَا  أَݣࣸويْ سَوْرَأَمَّاࢽَتَڧَيْتَا
مَࢽْيَࢽْ بَسࣸ تَارَحَࢽْکࣸلَابَا,مَࢽْيَࢽْ بَسࣸ تَارَحَࢽْکࣸلَابَا
کَيْوْتࣸوَاࢽَسَ  کࣸوْاْمࣸغࣸࢽْتَ    دࣸࢽْ تَلَکَّاوَࢽْ مࣸتࣸࢽْثِ,کَيْوْتࣸوَاࢽَسَ کࣸوْاْمࣸغࣸࢽْثِ  دࣸࢽْ تَلَکَّاوَࢽْ مࣸتࣸࢽْثِ
ࡶَوَّلࣸهَاعَرَنࣸنْطࣸرْاَلاِڢَامَةࣸکࣽدَرْنَادࣸوَالرَّڢْعࣸ,أَوَّلࣸهَاعَرَنࣸنْطࣸࢽْ اَلاِفَامَةࣸکࣽدَرْنَادࣸوَالرَّڢْعࣸ
ࢽَيْ حَمْدَلَهْ ࢽَࢽْ کࣸࢽْجِ کَمْ ذَࢽْدَاکَتَا   دَࢽْ اللَّهْ کَيْ ڟَيْ دَࢽْ کَغَاࢽٜيٰ مࣸتَاࢽٜيٰ,ࢽَيْ حَمْدَلَهْ ࢽَࢽْ کࣸࢽْجِ کَمْ ذَࢽْدَاکَتَا  دَࢽْ اللَّهْ کَيْ ڟَيْ دَࢽْ کَڧَاࢽٜيٰ مࣸتَاࢽٜيٰ
أَيْ غَأَللَّهْ ذَامࣸ کࣸوْاْمَا   تࣸࢽْدَيَاحَࢽَ کَيْ ظَلَامَا,أَيْ غَأَللَّهْ ذَامࣸ کࣸوْاْمَا  تࣸࢽْدَيَاحَࢽَ کَيْ ظَلَامَا
والْجࣸلࣸوسࣸࡼلاَخِرࣸعٜجࣽنْدٜسَکِّتࣸرْدٜدٜرْبِفَدْرِ,وَالْجࣸلࣸوسࣸ ࡼلاَخِرࣸعٜجࣽنْدٜسَکِّتࣸرْدٜدٜرْبِفَدْرِ
إِࢽْ کَيْکࣸرࣸورࣸوَا  بَابࣸ غࣸدࣸمْمࣸوَا    بَامڟٜيٰرَا کࣸوکَاسࣸوغࣸدࣸوا,إِࢽْ کَيْکࣸرࣸورࣸوَابَابࣸ غࣸدࣸمْمࣸوَا  بَامَڟٜيٰرَاکࣸوکَاسࣸوغࣸدࣸواْ
وَࢽْسࣸ کࣸوْاْࢽَامَࢽْ جِکِࢽْسࣸ   سࣸوکَثِيࢽَىْ دࣸࢽْ حَلِࢽسࣸ,وَࢽْسࣸ کࣸوْاْࢽَامَࢽْ جِکِࢽْسࣸ  سࣸوکَثِيࢽَيْ دࣸࢽْ حَلِࢽْسࣸ
کࣸسَورَارِوَاڧَايَرْعࣸوَادࣸکَ کࣸيحَتَّرَا   غَحَࢽيَاکࣸبَريِࢽْ کَرکَثٜى غَمࣸحَمَّدَا,کࣸسَوْرَارِوَاڧَايَࢽْ عࣸوَادࣸکَ کࣸيحَتَّرَا   غَحَࢽْيَاکࣸبَرْيِࢽْ کَرْکَثٜيٰ غَمࣸحَمَّدَا
کَاسَࢽْ مَّاتَا سࣸࢽْ کَسࣸ عࣸلࣸ   ذࣸوکࣸسَ إِࢽْ ࢽَّڢَطِي کَرࣸبࣸوتَا,کَاسَࢽْ مَّاتَاسࣸࢽْ کَسࣸ عࣸکࣸ  ذࣸوکࣸسَ إِࢽْ ࢽَّڢَطِي کَرࣸبࣸوتَا
اأَࢽٜيٰسَبَ غَامَڧٜيرَا بَابࣸ کࣸواوَا بَࢽْدَکَورَا,بَاأَࢽٜيٰسَبَ غَاحَڧٜيٰ رَا  بَابࣸ کࣸواْوَابَࢽْدَکَوْرَا
بَکَ شَيْدَاتَاکَ ࢽَاذࣸوَابَا,بَکَ شَيْدَاتَاکَ ࢽَاذࣸوَابَا
کمله يوم لابعاء بست وعشر,کمله يوم لاربڢاء بست وعشر
مࣸࢽْسَࢽْ بَيْسَࢽْ مࣸࢽَادࣸهࣸوبَا,مࣸࢽْسَࢽْ بَيْسَࢽْ مࣸࢽَادࣸهࣸوبَا
٢٦  وَايَکَي وَايَي کَمَࢽْکَا   وَايَسَࢽْ أَصَلِي يَࢽَاکَا,١٤وَايَکَىْ وَايَيْ کَمَرْکَا وَايَسَࢽْ أَصَلِي يَࢽَاکَا
سَيْ زࣸوَابَاأَمࣸرْزَا     ظَاهِرِࢽْ کَلْمَرْمࣸ هَٰذا,سَيْ زࣸبَاوَابَاأَمࣸرْزَا ڟَاهِرِࢽْ کَلْمَرْمࣸ هَٰذَا
يَاڢِ أَوْکِࢽْ دࣸوبَ کࣸࢽْدِي    يَاڧِ لِمَࢽْثِي أّعِيدِي,يَاڢِ أَوْکِࢽْ دࣸوبَ کࣸࢽْدِي  يَاڧِ لِࢽْمَࢽْثِي أَعِيدِي
برࢽي تࢽاغورࢽتک تڢردکي  الله يکيک غدࢽک دومࢽ مکا,برࢽي تࢽاغورࢽتک تڢردکي الله يکيک غدࢽک دومࢽ مکا
مࣽࢽࣽ جَامِ کࣸجَامَتَطࣸࢽْ عࣽنَجِ رࣸتّىى دَدِتَلْدٜدرَدٜدَرَلْ,مࣽرࣽ جَامِ کࣽجَامَتࣽطࣸࢽْ عࣽنَجِى رࣸتّٜࢽ عَدِتَلْدٜدَرَادٜدَرَلْ
ڢى ملکه علام مک,رِوملکه علام مک
کࣸࢽْ حَࢽَامࣸ مࣸبَوْتَ اَللَّهْ   کࣸࢽْکَ بَرْمࣸ ثِکِࢽْ جَهَالَهْ,کࣸࢽْ حَࢽَامࣸ عࣸبَوْتَ اَللّهْ کࣸࢽْکَ بَرْمࣸ ثِکِࢽْ جَهَالَهْ
دَشِي دَمَيْدࣸوبَابَاکَوْدَکَيْ   بَاکَڢَاوَاأَسَاشِ ثِکِࢽْ تَرَا,دَشِي دَمَيْدࣸوبَابَاکَوْدَکَيْ  بَاکِڢَاوَاأَسَاشِ ثِکِࢽْ تَرَا
تَيْمْکٜيٰمࣸ ذَمَࢽْ کࣸشٜيٰوَا   غࣸࢽْ ذࣸوَࢽْ مَيْ تَمْبَيَاوَا,تَيْمَکٜيٰمࣸ ذَمَࢽْ کࣸشٜيٰوَا  غࣸࢽْ ذࣸوَࢽْ مَيْ تَمْبَيَاوَا
کَاذاتّتࣸوࢽَاوَا مِجِࢽْتَ أَسِيِري  سَبَِي دَݣوݣࣸوذࣸوْاْأَبَاکِࢽْ زَورٜيٰب,کَاذَاتَتࣸوࢽَاوَامِجِࢽْتَ أَسِيرِي سَيَِي دَکࣸوکࣸوذࣸوْاْأَبَاکِࢽْ زَوْرٜيٰ
بَتَکَيْ کَمَرْ کࣸمَارَاڧࣸمِيباوَجَࢽْ ڟَيِي    تࣸوکَاجِ رِکْتَرْوَاتَاسࣸوکࣸومࣸتَاࢽٜيٰ,بَتَکَيْ کَمَرْکࣸمَارَاڧَمِيبَ وَجَࢽْ ڟَيِي  تࣸوکَاجِ رِکْتَرْوَرْتَاسࣸوکࣸومࣸتَاࢽٜيٰ
غَاعَذَابࣸوࢽَاڟِبࣸوْاوَا     غَاڧࣸواڧࣸولواࢽَاڢَشٜىٰوَا,غَاعَذَابࣸوࢽَاڟِبࣸوْاْوَا  غَاڧࣸواڧࣸلْوَاࢽَاڢَشٜيٰوَا
مَىْ بَࢽْ ثِࢽْ دَرَاࢽَادَڧِيِو    شِيدَىْ بَارَبࢽْسَ بَيَاصَࢽَاعَ,مَىْ بَرْثِࢽْ دَࢽٜيٰ دَرَاࢽَادَڧِيڧِ  شِيدَيْ بَارَبَࢽْسَ بَايَاصَࢽَاعَ
بفولهابلساࢽ الحال اوجدنىء؞ رب فديࢽ کايجادله مثل,بفولها بلساࢽ الحال اوجدنى ء؞ رب فدير کايجادله مثل
دَوْطَرْزِࢽَيٰ بَاوَاسَابَثٜيٰ  دَࢽْ بَارࣸوَࢽْ وَࢽْکِࢽْتَاأَدࣸوࢽِيَا,دَوْطَرْزِࢽَىٰ بَاوَاسَابَثٜيٰ  دَࢽْ بَارࣸوَࢽْ وَࢽْکِࢽْتَاأَدࣸوࢽِيَا
أَࢽَامَاسࣸ بَايِ تࣸوکَکَرْکَتَ کࣸࢽّࣸوَا ؞  غَذَࢽْثٜيٰ رَسࣸولَ اَللَّهِ أَࢽَّبِ أَحْمَدَا,أَࢽَامَاسࣸ بَايِ تࣸوکَکَرْکَتَ کࣸࢽّࣸوَا ؞  غَذَࢽْثٜيٰ رَسࣸولَ اَللَّهِ أَࢽَّبِ أَحْمَدَا
حَلِتَّ تَمَهْدِ کَمَرْ حَلَّتَ مࣸحَمَّدࣸ؞  طَبِيوَ تَمَهْدِ کَمَرْ طَبِيعَ تَا مࣸحَمَّدَا,حَلِتَّ تَمَهْدِ کَمَرْ حَلَّتَ مَࣸحَّمَدࣸ؞  طَبِيعَ تَمَهْدِ کَمَرْطَبِيعَ تَامࣸحَمَّدَا
تَوْسّيِࢽْسࣸ إِدَࢽْ کَتَاکٜيٰ    کَارِڧٜيٰ هَکَ سَيْکَ وَرْکٜيٰ,تَوْسَيِࢽْسࣸ إِدَࢽْ کَتَاکٜيٰ کَارِڧٜيٰ مَکَ سَيْکَ وَرْکٜيٰ
کࣸکَوْدَڢَ عيْبࣸوبِي أَّتࣸرْبَ ڢَکࣸࢽجِيَا ؞  ࢽَذَرْکِࢽْ مࣸسࣸلْمِ کࣸࢽْبِ حَدِيشِ مࣸحَمَّدَا,کࣸکَوْدَڢَ عَبيْيࣸوبِي أَتࣸرْبَ ڢَکࣸࢽْجِيَا ؞ ࢽَذَرْکِࢽْ مࣸسࣸلْمِ کࣸࢽْبِ حَدِيشِ مࣸحَمَّدَا
يَکࣸوْاْإِسَ جَلَّ بَىْ غَزَابَا,بَکࣸوْاْإِسَ جَلَّ بَيْ غَزَابَا
غَابوࢽ,غَابوࢽ
تاࢽجࢽس,تاࢽجࢽس
اࢽ الکࢽ امتاللفوم الاولى وصلوا ؞ اعلامفام تفى مما نيارول,اࢽ الفرامت للفوم الاولى وصلوا ؞ اعلا مفام تفى ما ينال ول
سࣸکَ تࣸوبَ دَسَاکٜيٰ بَاشِ غَابَا,سࣸکَ تࣸوبَ دَسَاکٜيٰ بَاشِ غَابَا
بَاتَ غَࢽِࢽْ وَّࢽِي بَࢽْدَمِجِࢽْتَا  اِللَّهْ ذَيْ مࣸتَ بَبَّرْ ݣٜوْتَا,بَاتَ غَࢽِࢽْ وَّࢽِي بَࢽْدَمِجِࢽْتَا   اِللَّهْ ذَيْ مَتَ يَبَّࢽْ ݣٜوْتَا
ذࣸوْالْجَلَالِ کَسَامࣸڢَرْکَا    ذࣸوثِيَرْمࣸ تَدَيْࢽَ شَکَّا,ذࣸوْالْجَلَالِ کَسَامَڢَرْکَا  ذࣸوثِيَرْمࣸ تَدَيْࢽَ شَکَّا
دَغَࢽَࢽْ ڢَ کَاڢِرَيْ سَيْ سࣸکَ وࣸو شِرِي ؞ دࣸومِࢽْ ڧِيَيَّرْ مَهْدِ جِيکَࢽْ مࣸحَمَّدَا,دَغَࢽَࢽْ ڢَ کَاڢِرَيْ سَيْ سࣸکَ وࣸوشِرِي ؞ دࣸومِࢽْ ڧِيَيَّرْ مَهْدِ جِيکِࢽْ مࣸحَمَّدَا
وَࢽْسࣸ کࣸوسࣸࢽْبِ سࣸࢽْ ڟَيَاإࢽْدَحَدِّي   وَࢽْدَاَللَّهࣸ يَيِّ سࣸࢽْ يࣸوجِهَادِي,وَࢽْسࣸ کࣸوسࣸࢽْبِ سࣸࢽْ ڟَيَاإِࢽْدَحَدِّي   وَࢽْدَاَللَّهࣸ يَيِّ سࣸࢽْ يࣸوجِهَادِي
تَاثِرَاهَمَ تَاسَطَاطࣸواْ تَابࣸغٜىٰ شَاهࣸواْيَڢَاطࣸواْ,تَاثِرَاهَمَ تَامَطَاطࣸواْ  ࢽَايࣸغٜىٰ شَاهࣸواْيَڢَاطࣸواْ
يَاتࣸويَ دࣸکࣸوکِي مࣸتَاࢽٜيٰ لࣸبَࢽَّ دࣸکْ ؞ بَيْ بَرْغَࢽِيمَ بَاغَسَمْرِࢽْ مࣸحَمَّدَا,يَاتࣸويَ دࣸوکࣸوکِي مࣸتَاࢽٜيٰ لࣸبَࢽَّ دࣸکْ ؞  بَيْ بَرْغَࢽِيمَ بَاغَسَمْرِࢽْ مࣸحَمَّدَا
يَاکَمَاتَ مࣸغࣸودٜىٰ وَࢽْدَا    مࣸࢽْ کَسَࢽْ کَلْمَࢽْ شࣸسَادَا,يَاکَمَاتَ دࣸڧࣸوٜيٰ وَࢽْدَا  مࣸࢽْ کَسَࢽْ کَلْࢽِرْࢽَسَادَا
ولولاه لم أکتبت,ولولا ه لم اکتبت
جَاهِلَيْࢽٜيٰ کٜيٰ مَࢽْيَࢽْ غَرِي    أَزَامَࢽِࢽْ رِکْثٜيٰوَرْ دࣸوࢽِيَا,جَاهِلَيْࢽٜيٰ کٜيٰ مَࢽْيَࢽْ غَرِي  أَزَامَࢽِࢽْ رِکْثٜيٰوَرْ دࣸوࢽِيَا
صَحْبِ اِلࢽَّبِيِ دَأَهْلَ الْبَيْتِ  أَهْلِ عَبَاءِ کَذَامَکࣸسَࢽْ تَا,صَحْبِ اِلࢽَّبِيِْ دَأَهْࢽَ الْبَيْتِ  أَهْلِ عَبَاإِکِذَامَکࣸسَࢽْ تَا
غَاکࣸمَاڟࣸࢽَࢽِࢽْ يِࢽْوَا کَمَاتَࢽَادَثِکِي,غَاکࣸمَاڟࣸࢽْࢽِࢽْ يِࢽْوَاکَمَاتَࢽَادَثِکِي
دَکࣸوصَدَڧَادَيْدَيْ دَإِيکࣸوغَدࣸوکِيَا     کَبَادَڢَرِيبَا مَيْيَوَاغَمࣸحَمَّدَا,دَکࣸوصَدَڧَادَيْدَيْ دَإِيکࣸوغَدࣸوکِيَا   کَبَادَڢَرِيبَامَيْيَوَاغَمࣸحَمَّدَا
أَيْدَوَࢽْکٜيٰ وࣸرِࢽْ ڧَذَمْتَا    زَاکَڢَارَا إِࢽْ کَ کَيْوْتَا,أَيْ دَوَࢽْکٜيٰ وࣸرِࢽْ ڧَذَمْتَا  زَاکَڢَارَا إِࢽْ کَ کَيْوْتَا
وَتَࢽْ وَتَارَࢽْ زَاشِکࣸومَ بَرَࢽْةَ,وَتَيْ وَتَارَإࢽْ زَاشِکࣸوَمَ بَرَࢽْةࣸ
أَغَـرــمࣸ بَهࣸࢽ ذَمَي دࣸهࣸوبَا,أَغَرٜـٰمࣸ بَمࣸࢽْ ذَمَࢽْ دࣸهࣸوبَا
رَاࢽَاکَࢽْ هࣸودَبَيْ سَࢽِيبَا,رَاࢽَاکَࢽْ هࣸودَبَيْ سَࢽِيبَا
دَطَبِيبَيْ مَاسࣸ ثِي دَذَمْبَا,دَطَبِيبَيْ مَاسࣸ ثِي دَذَمْبَا
دࣸࢽْکࣸکࣸوْتࣸوبَا کࣸࢽْجِيَامࣸومِࢽِيࢽَا دࣸکْ ڢَطِࢽَّادَأَࢽْ کَيࣸوڟَسْکِيَاࢽَا,دࣸࢽْ کࣸکࣸوْتࣸوبَ کࣸࢽْجِيَامࣸومِࢽِيࢽَا  دࣸکْ ڢَطِࢽَّادَأَࢽْ کَيࣸوغَسْکِيَاࢽَا
بَکَ سَࢽْ ذَمَࢽِࢽْ ذࣸوَࢽْ حَرِيبَا,بَکَ سَࢽْ ذَمَࢽِࢽْ ذࣸوَࢽْ حَرِيبَا
کَاجِ دَيْ مَغَࢽَرْ إِيَايٜيٰ   ࢽَاڢَطَامَکَ دࣸࢽْ کَوَايٜيٰ,کَاجِ دَيْ مَغَࢽَرْإِيَايٜيٰ  ࢽَاڢَطَامَکَ دࣸࢽْ کَوَايٜيٰ
کَتࣸࢽَا بَاذَامࣸ دَوَّمَابَا,کَتࣸࢽَابَاذَامࣸ دَوَّمَابَا
مࣸࢽْجِ ذَمْهَرِذَاأبَاسࣸ   مَىْ ذَيَرْبَکَ ذࣸوثِيَرْسࣸ,مࣸࢽْجِ ذَمْهَرِذَاأَبَاسࣸ  مَىْ ذَيَرْيَکَ ذࣸوثِيَرْسࣸ
جَمَعَابَسࣸ سَࢽْ وࣸرِِࢽْ ذࣸوَابَا,جَمَعَابَسࣸ سَࢽْ وࣸرِࢽْ ذࣸوَابَا
تَاکࣸوْاْثِکَ بَادَغَرْدَمَابَا,تَاکࣸوْاْثِکَ بَادَغَرْدَمَابَا
عِيسَى تَخْمِيسِ يَيِّ کࣸويَاخَلِيلِي  يَيِّ حَوسَࢽْثٜيٰ کࣸࢽْجِ شِيکࣸو دَلِيلِي,عِيسَىْ تَخْمِيسِ يَيِّ کࣸويَاخَلِيلِي   يَيِّ حَوْسَࢽْثٜيٰ کࣸࢽْجِ شِيکࣸودَلِيلِي
مَيْ يَࢽْکِي ذࣸمْتَاکࣸومَذَاغِرَاکࣸࢽَا ؞  وࣸتَاࢽَاجِرَࢽْسࣸ أَغوبٜي ڢَطَاثٜي تَأَحْمَدَا,مَيْ يَࢽْکِي ذࣸمْتَاکࣸومَذَاغِرِ سَرَاکࣸࢽَا ؞  وࣸتَاࢽَاجِرَࢽْسࣸ أَغࣸوبٜي ڢَطَاثٜي تَأْمَدَا
سࣸکَتَارࣸ مَکَّةَ عِࢽْدَطَاکِࢽْ عࣸبَࢽْغِجِ ؞ أَࢽَࢽْ سࣸکَوࣸوثَڢَّ غَبَࢽْ دٜࢽْ مࣸحَمَّدَا,سࣸکَتَارࣸ مَکَّةَ عِࢽْدَطَاکِࢽْ عࣸبَࢽْغِجِ ؞  أَࢽَࢽْ سࣸکَوࣸوثَڢَّ غَبَرْدٜࢽْ مࣸحَمَّدَا
تࣸوکَيْ مَيَّسَاکَذَوْࢽَاکَمِيڧٜي  کَکٜي رࣸوڧࣸوࢽْسࣸ بَاکَسࣸو کَيْ صَࢽَاعَ,تࣸوکَيْ مَيَّسَاکَذَوْࢽَاکَمِيڧٜيٰ کَکٜيٰ رࣸوڧࣸوࢽْسࣸ بَاکَسࣸوکَيْ صَࢽَاعَ
إِࢽْڢَ عَرْإِتَ جِࢽْجِرَاثٜىٰ    إࢽْ يَکࣸوْاذَمَ جِࢽْجِرِيْࢽٜىٰ,إِࢽْڢَ عَرْإِتَ جِࢽْجِرَاثٜيٰ  إِࢽْ يَکࣸواْذَمَ جِࢽْجِرِيْࢽٜىٰ
تࣸوغَاکَطَࢽْࢽَࢽْ ࢽَاڢَطَابِسَٜ کَࢽْسَࢽِࢽْ   أَيْکِࢽْدَذَاکَيِي دࣸوࢽِيَا غَمࣸت,تࣸوغَاکَطَࢽْࢽَࢽْ ࢽَاڢَطَابِسَ کَࢽْسَࢽِࢽْ   أَيْکِࢽْدَذَاکَيِي دࣸوࢽِيَاغَمࣸتَاࢽٜيٰ
مَکَرَاکࣸوبَاأَشِمْڢِطَابَا,مَکَرَاکࣸوبَاأَشِمْڢِطَابَا
ثٜيٰ أَبِࢽْ ذَرْغِي غَرٜيٰکࣸ  وَايَغَࢽِّ أَذَامَࢽِࢽْکࣸ,ثٜيٰ أَبِࢽْ ذَرْغِي غَرٜيٰکࣸ وَايَغَࢽِْ أَذَامَࢽِࢽْکࣸ
سࣸوأَبِࢽْثِࢽَࢽْ بِيࣸوبَا بَذَاأَثِيسࣸ سࣸسَاڧِبَابَا,سࣸوأَبِࢽْثِࢽَࢽْ بِيࣸوبَا بَذَاأَثِيسࣸ سࣸسَاڧِيَابَا
مࢽ لم يملک,مࢽ لمم يملک
ڢاࢽ يردنڢذت ڢينا ارادته مࢽ شاءيهديه اويضلل ڢطاتسل,ڢاࢽ يردنڢذت ڢيناارادته مࢽ شاءيهديه اويضلل ڢطاتسل
وايرماامࢽ ت تنحل حمَلة ؞ بحارمااتڢيض اعودومࢽ خللء,وايࢽ ماامࢽ ت تمل حاملة ؞ بحارمااتڢيض الودومࢽ خللء
سَاسࣸ ظَالࣸمْثِى دَڧࣸوْاثٜى ثِࢽْ أمَاࢽَهْ کَرْکَمَࢽْثٜىٰ,سَاسࣸ ظَالࣸمْثِي دَڧࣸوْاْثٜيٰ  ثِࢽْ أَمَاࢽَهْ کَرْکَمَࢽْثٜيٰ
يَࢽَادَغَ کَرَامَ ࢽَسْ مَهْدِيّࣸ مࣸࢽْتَظَرْ ؞  دَيَاثٜيٰ ڢَ ࢽٜيٰࢽٜي مَهْدِ جِيکَࢽْ مࣸحَمَّدَا,يَࢽَادَغَ کَرَامَ ࢽَسْ مَهْدِيّࣸ مࣸࢽْتَظَرْ ؞  دَيَاثٜيٰ ڢَ ࢽٜيٰࢽٜيٰ مَيْدِجِيکَࢽْ مࣸحَمَّدَا
ادࢽ ࢽيدي کتاشي باࢽذمࢽي ذماوالله باࢽ بيا ࢽصارا,ادࢽ ࢽيدي کتاشي بࢽ ذمࢽي  ذماوالله باࢽ باࢽصارا
أکَبَاشِ أکَࢽْ حَمَيَّا    دَࢽْ يَوَࢽْ لَدَبِي دَکࣸࢽْيَا,کَ بَاشِ أَکَࢽْ حَمَيَّا  دࣸࢽْ يَوَࢽْ لَدَبِي دَکࣸࢽْيَا
جَمْ عٜکِسِيٜى وࣽنِى عٜمَکّࣸ ࡶَلْحَيَاءࣸهِرْسَ مِࢽَ,جَمْ عٜکِسِيٜى وࣽنِى عٜمَکّࣸ ࡼلْجَيَاءࣸهِرْسَمِࢽَ
وࢽد,رࢽد
أَيْکِي ࢽَمَهْدِ کَمْࢽَ ڢَأَيْکِو ࢽَأَࢽَّبِ ؞ ڢَرَِّࢽْ دَسࣸࢽَّ کࣸࢽْجِ اءࣸمَ اَلْمࣸحَمَّدَا,أَيْکِي ࢽَمَهْدِ کَمَࢽْ ڢَأَيْکِي ࢽَأَࢽَّبِ ؞ ڢَرِࢽْ دَسࣸࢽَ کࣸࢽْجِ اࣸمَ الْمࣸحَمَّدَا
تࣸوکࣸࢽْجِ حَالَايَࢽْ مِّيَاغࣸࢽْ مَّاتَا   سࣸوشَابَکَيْࢽٜيٰ بَاسࣸ دَاطِࢽْ أَوْرٜيٰ,تࣸوکࣸࢽْجِ حَالَايَࢽْ مِّيَاغࣸࢽْ مَّاتَا   سࣸوشَابکࣸيْيٰ بَاسࣸ دَاطِࢽْ أَوْرٜيٰ
غࣸࢽْ مࣸتَاࢽٜيٰ أّمَّاࢽَاتَيْکَطَࢽْ  سَيْڢَاحَاعِࢽْثِي شِيذَيْ يَوَا,غࣸࢽْ مّࣸتَاࢽٜيٰ أَمَّاࢽَاتَيْکَطَࢽْ سَيْڢَاحَاعِࢽْثِي شِيذَيْ يَوَا
رّشِࢽْ ڢَرࣸوَاثِييو کَذَاکَ دَعاغَجِ    غَلَتَّو کَسَا أَيِ تَيْمَمَا إࢽدَ مࣸحَمَّدَا,رَشِࢽْ ڢَرࣸوَاثِييࣸوکَذَاکَ دَعَاغَجِ   غَلَتّࣸوکَسَاأَيِ تَيْمَمَاإِࢽْدَ مࣸحَمَّدَا
ميتو,ميتو
ثَࢽْ اَلَاخِرَ کࣸمَ اَللَّهْ سَامࣸغَ الࢽَّبِيِّ  ءَامِࢽ ڢَاءَامِيࢽْ أَرْزِڧِي يَاطࣸورٜيٰ,ثَࢽْ اَلَاڧِرَکࣸمَ اللَّهْ سَامِغَ الࢽَّبِيِّ  أَمِيَࢽْ ڢَاءَاأَمِيࢽْ ارْزِڧِي يَاڟࣸورٜيٰ
صَاحِبِي جِبْرِيلࣸ يَاثٜيٰ   يَوْدَلَابَارِࢽْ وࣸتَاثٜيٰ,صَاحِبِي جِبْرِيلࣸ يَاثٜيٰ  يَوْدَلَابَارِࢽْ وࣸتَاثٜيٰ
وَࢽِِ إرْبَاکَيْبَ طَࢽْ سࣸوَيْبَا,وَࢽِ إِࢽْ بَاکَيْبَ طَࢽْ سࣸوَيْبَا
مࣸࢽْ ڢَهِمْثِ ࢽࣸڢِࢽْکَ سࣸوبَا    حَࢽْکَلِࢽْکَ بَذَىْ کَتَرْبَا,مࣸࢽْ ڢَهِمْثِ ࢽࣸڢِࢽْکَ سࣸوبَا   حَࢽْکَلِࢽْکَ بَذَيْ کَتَرْبَا
يَابِي کࣸوکَايَايِ کࣸرࣸورࣸوَا   أّسَࢽْييامَسَازࣸوغِي أّࢽْڧِيَا,يَابِي کࣸوکَايَايِ کࣸرࣸورࣸوَا   أَسَࢽْيَيَامَسَازࣸوغِي أَࢽْ ڧِيَا
أَيَاݒٜيٰ بِسَࢽْسَ بَارَغَابَا,أَيَابٜىٰ بِسَࢽْسَ بَارَغَابَا
شِى مࣸکٜىٰ ثِࢽْ أَرْزِڧِࢽْسَا    کَاغَ بَادَࢽْ شِيبَ دَاسَا,شِي مࣸکٜيٰ ثِࢽْ أَرْزِڧِࢽْسَا کَاغَ بَادَࢽْ شِيبَ دَاسَا
مَالَمِيࢽَيْ سَيْ يَأَمْسَا    سَيْ يَثٜيٰ مَسَ کَرْکَغࣸوْسَا,مَالَمِيࢽَيْ سَيْ يَأَمْسَا سَيْ يَثٜيٰ مَسَ کَرْکَڧࣸوْسَا
وَصَلَّى ࡻللَّهࣸ يࣸعَ ࡻللهࣸ بٜيْدࣸ تٜدّࣸ فࣵلْ عِمکّࣽ,وَصَلَّى ࡻللَّهࣸ يࣸعَ ࡻللَّهࣸ بٜيْدࣸتٜدّࣸفࣵلْ عِمَکّࣽ
هِجْرَاتَيْ طَرِيعࣸکࣸ تَمَاࢽِࢽْ  کَسَࢽْيابِيَرْ کَسَادࣸبࣸو کَيْشَرِعَ,هِجْرَاتَيْ طَرِيعࣸکࣸ دَتَمَاࢽِࢽْ   کَسَࢽْيَابِيَرْکَسَادࣸبࣸو کَيْشَرِعَ
مَشِغِࢽْسࣸ دَشِي بَءَارَبَابَا,مَشِغِࢽْسࣸ دَشِي بَࢽَارَبَابَا
مࣸثَالَ کَمَاتٜي مِثَال ࢽَجٜسْ  کَࢽَاسࣸࢽْ ڢَطَلْکَيْ کٜٜر مِيزِࢽَا,مَثَالَ کَمَاتَى مَثَاࢽْ ࢽَجِسَ  کࣸࢽَاسࣸࢽْ ڢَطَلْکَي کٜر مِيزِࢽَا
غَاسࣸکࣸوࢽِي يَىْ ڧَرَࢽْثِي    بَابࣸ ڧَرْڢِي بَاأذَࢽْثِي,غَاسࣸکࣸوࢽِي يَيْ ڧَرَࢽْثِي بَابࣸ ڧَرْڢِي بَاأَذَࢽْثِي
سࣸࢽْڧِبِي ذَاسࣸࢽَارࣸدࣸکْ ثَࢽْ أَکࣸورَا    دࣸدَّمَاتَادَکٜيٰڢِکتا بَاضَرࣸورَا,سࣸࢽْڧِبِي ذَاسࣸࢽَارࣸدࣸکْ ثَࢽْ أَکࣸورَا   دࣸدَّمَاتَادَکٜيٰڢِتَابَاضَرࣸورَا
نَاتࣸفࣽلْ ࡶَلْجَࢽَّ عَلَىٰ مَࢽ ڢِى فَلْبِهِ>عࣽمّ مّࣽوࣽرٜعٜبٜرْدىٜرْدٜ,نَاتࣸفࣽلْ ࡶَلْجَرَّ عَلَىٰ مَࢽ ڢِح فَلْبِهِ >عࣽمّࣸ مّࣽوࣽرٜعٜبٜرْدٜ
سࣸࢽْ دࣸوبِ جࣸوࢽَࢽْسࣸ سࣸکَ ذَرْغِ کَاوࣸࢽَا ؞  سࣸکَوࣸو ࢽَدَامَ کࣸࢽجِ مَڧِيَا مࣸحَمَّدَا,سࣸࢽْ دࣸوبِ جࣸوࢽَࢽْسࣸ سࣸکَ ذَرْغِ کَاوࣸࢽَا ؞  سࣸکَوࣸوࢽَدَامَ کࣸࢽجِ مَڧِيَّامࣸحَمَّدَا
إِذَࢽْ کࣸکَيِوࣸووَعَدِي کࣸثِکَادَغَسْکِيَا ؞   کࣸبَرْسࣸࢽْ کࣸسَاݒَ کࣸࢽجِ ذَࢽْثٜيٰ مࣸحَمَّدَا,إِذَࢽْ کࣸکَيِوࣸووَعَدِي کࣸثِکَادَغَسْکِيَا ؞ کࣸبَرْسࣸࢽࣸ کࣸسَابَ کࣸࢽْجِ ذَࢽْثٜيٰ مࣸحَمَّدَا
مࣸحَمَّدࣸرَّسࣸولࣸا ࡼللَّهِ کࣽعࣸ نࣸلاَطࣽ عَلَّ وَالثَّانِيَةࣸ,مࣸحَمَّدࣸرَّسࣸولࣸ ࡼللَّهِ کࣽعࣽ نࣸلرَطࣸ عَلَّ وَالثَّانِيَةࣸ
کࣸسَࢽْ أَبِࢽْࢽَࢽْ بَاأَيْبِي بَࢽٜيٰ    حَرْغَ اَللَّهْ بَاوَتَاغَرْدَمَ,کࣸسَࢽْ أَبِࢽْࢽَࢽْ بَاأَيْبِي بَࢽٜيٰ  حَرْغَ اَللَّهْ بَاوَتَاغَرْدَمَ
وَاللَّهِ أَࢽْغَامࣸجِࢽْ مَزِࢽَاثِيَا   أَثَࢽْ غَ ءَايَامَڟَاڢِي ࢽٜيٰ مࣸجِي,وَاللَّهِ أَࢽْ غَامࣸجِࢽْ مَزِࢽَاثِيَا   أَثَࢽْ غَءَايَامَڟَاڢِي ࢽٜيٰ مࣸجِي
بَشِکَࢽْ بَرْتَارَمَيْيَوَابَا,بَشِکَࢽْ بَرْتَارَمَيْيَوَابَا
حَرْڧَڢَاڢࣸوࢽَيْ کَشَيْدَ   تَاکٜيٰ تَاکٜيٰࢽَّࢽْ دَإِࢽْدَ,حَرْڧَڢَاڢࣸوࢽَيْ کَشَيْدَ تَاکٜيٰ تَاکٜيٰࢽَّࢽْ دَإِࢽْدَ
سَيْڢَ رَحْمَادَثٜيٰتࣸوتَبَّتْ حَڧِيڧََا,سَيْڢَ رَحْمَادَثٜيٰتࣸو تَبَّتْ حَڧِيڧََا
سَيْ يَثٜيٰ مَسࣸ کࣸيْتَ کَࢽْکࣸ   کَرْکࣸ ذَرْغَࢽْ ذࣸوثِيَرْکࣸ,سَيْ يَثٜيٰ مَسࣸ کࣸيْتَ کَࢽْکࣸ کَرْکࣸ ذَرْغَࢽْ ذࣸوثِيَرْکࣸ
وَهَلَرْسࣸ أَغوبٜيٰ لَاخِرَابَا,وَحَلَرْسࣸ أَغࣸوبٜيٰ لَاخِرَابَا
شِي ڧَࢽِࢽْ جَاکِ دَدࣸکِ    ࢽٜيٰ ذࣸوَاغࣸوࢽْکِ دَکَࢽْکِي,شِي ڧَࢽِࢽْ جَاکِ دَدࣸوکِ ࢽٜيٰ ذࣸوَاغࣸوࢽْکِ دَکَࢽْکِي
مَالَمْ يَثٜيٰ مَࢽَا شَيْخࣸ الزَّاࢽِي   دَشِي دَکَوْثَرْ ࢽِيسَࢽْ شٜيٰکَرَا,مَالَمْ يَثٜيٰ مَࢽَاشَيخّࣸ الزَّاࢽِي  دَشِي دَکَرْثَرْࢽِيسَࢽْ شٜيٰکَرَا
غَالِبِي سࣸݒَثٜيٰ سࣸڢَرْکَا   سَيْڢَ أَࢽّࣸورِ شِڢَرْکَا,غَالِبِي سࣸݒَثٜيٰ سࣸڢَرْکَا  سَيْڢَ أَࢽّࣸوشِڢَرْکَا
غَاشِ کَاتࣸواْذَرْتَ کَࢽْکَ سࣸࢽْ کࣸطِي يَاسَاکَ شِرْکَ,غَاشِ کَاتࣸواْذَرْتَ کَࢽْکَ  سࣸࢽْ کࣸلطِي يَاسَاکَ شِرْکَ
بَادَࢽْ أيْکࣸيواشِ دࣸوࢽِيَابَا,بَادَࢽْ أَيْکࣸواشِ دࣸوࢽِيَابَا
ڧَدَࢽْ کࣸوَشَطَرَادࣸکْ ࢽَوَاڧَرْدࣸࢽْ کࣸسَࢽْ    طَرِى دَتَلَاتِࢽْ ࢽَادَبِوْکࣸبِ اَحْمَدَا,ڧِدَࢽْ کࣸوَاشِطَرَادࣸکْ ࢽَوَاڧَرْدࣸࢽْ کࣸسَࢽْ  طَرِي دَتَلَاتِࢽْ ࢽَادَبِوْکࣸبِ أَحْمَدَا
إِࢽْ بَامࣸوࢽِࢽْسَ يَيْ يَوَابَا,إِࢽْ بَامࣸوࢽِࢽْسَ يَيْ يَوَابَا
علا على العرش اذجاءالکتاب به ؞ بلا حلول ولاکيڢ مࢽ المثل,علا على العرش اذجاءالکتاب به ؞ بلا حلول ولاکيڢ مࢽ المثل
وَحَلَرْسࣸ أَغࣸوبٜيٰ لَاخِرَابَا,وَحَلَرْسࣸ أَغࣸوبٜيٰ لَاخِرَابَا
إِذَࢽْ ذَاکَيِوࣸوثِکࢽِکِي ࢽَبَاشِ ڢَ يَࢽْاءࣸوَا ؞  کࣸسَامࣸسࣸ أَجَلِي کࣸࢽجِ تࣸرْبَࢽْ مࣸحَمَّدَا,إِذَࢽْ ذَاکَيِوࣸوثِࢽِکِي ࢽَبَاشِ ڢَ يَࢽْاءࣸوَ ؞  کࣸسَامࣸسࣸ أَجَلِي کࣸࢽْجِ تࣸرْبَࢽْ مࣸحَمَّدَا
کَرْکَيَرْدَادَحَࢽْࢽࣸودَمَيْزِࢽَىٰ   إِࢽْکَايِ حَࢽْࢽࣸوࢽٜيٰ غࣸوغٜيٰ ڧَسَا,کَرْکَيَرْدَادَحَࢽْࢽࣸودَمَيْزِࢽَىٰ   إِࢽْ کَايِ حَࢽْࢽࣸوࢽٜيٰ غࣸوغٜيٰ ڧَسَا
کٜىٰوࣸتَرْدࣸࢽِيَاعَࢽَابيْوَبَاوَ    شَاشِى سَيْتَذࣸوتَحَࢽْيَرْصَࢽَاعَ,کٜيٰوࣸتَرْدࣸوࢽِيَاعَࢽَايَيْوَبَاوَ شَاشِى سَيْتَذࣸوتَحَࢽْيَرْ صَࢽَاعَ
شِذَمࣸواْ بَيْسَࢽْ مࣸوَّاڢَڧَابَا,شِذَسࣸواْبَسِࢽْ مࣸوَاڢَڧَابَا
وَثّٜيٰ تَاذَمَ بَاأَسَاتَا   أَوْرࣸوَابَاعَ هَࢽَاتَا,وَثّٜيٰ تَاذَمَ بَاأَسَاتَا  أَوْرࣸوَابَاعَ هَࢽَاتَا
سَىْ سࣸثٜىٰ بَاڧࣸوْاغَرٜىٰمࣸ    وَࢽْغَ بَاڧࣸواْصَاحِبِࢽْمࣸ,سَىْ سࣸثٜيٰ بَاڧࣸواْغَرٜيٰمࣸ  وَࢽْغَ بَاڧࣸواْ صَاحِبِࢽْمࣸ
ثِکِࢽْسࣸ بَذَاسࣸ کࣸوْاْبَرِيبَا,ثِࢽِکِࢽْسࣸ بَذَاسࣸ کࣸوْاْبَرِيبَا
طࣸࢽْغࣸمِࢽْتَ دَلَوَّلِࢽْتَ    إࢽڢِاجِ تَرْسَشِࢽْتَ,طࣸࢽْغࣸمِࢽْتَ دَلَوَّلِࢽْتَ  إِࢽْڢِرَاجِ تَرْسَشِࢽْتَ
اࢽتذو,اࢽتذو
کࣸووَايَکٜيٰ رࣸوڧࣸودَابَابࣸ دَلِيلِ ڢَا ؞   وࣸتَاذَاتَ ثٜيسࣸ أَغࣸوبٜي إِࢽْجِ مࣸحَمَّدَا,کࣸووَايَکٜيٰ رࣸوڧࣸودَبَابࣸ دَلِيلِ ڢَا ؞  وࣸتَاذَاتَ ثٜيسࣸ أَغࣸوبٜࢽْ إِࢽْجِ مࣸحَمَّدَا
ࢽورالزَّمَاࢽ عࣸثْمَاࢽ بࢽِ ڢࣸودࣸوتَغَمَّدَهࣸ اللهࣸ,نࣸورࣸالزَّمَاࢽِ عࣸثْمَاࢽَ بِࢽِ ڢࣸودࣸى تَغَمَّدَهࣸ اَللَه
غࣸسَوْ,زثو
أَيْ بَکَاذَوْࢽَادَڢِرْغِتَابَا,أَيْ بَکَاذَوْࢽَادَڢِرْغِتَابَا
غَرْغطِي شِي ࢽَاسَ ࢽَڢْعِ   ࢽَاوࣸرِࢽْ مَيْجِࢽْ ࢽِدَاء,َرْ غَکَِي شِيْ ࢽَاسࣸ تَڢْغِ ࢽَاوࣸرِࢽْ مَيْجَࢽْ ࢽِدَا
غَسْکِيَاࢽَاڢَطِࢽْغَ دࣸکْ کࣸࢽْجِ حَڧََّا  يَاجَمَاعَامتࣸوبَ دࣸࢽْ وَࢽْدَحَڧََّا,غَسْکِيَاࢽَاڢَطِࢽْغَ دࣸکْ کࣸࢽْجِ حَڧَّا يَاجَمَاعَامࣸتࣸوبَ دࣸࢽْ وَࢽْدَحَڧَّ
سَىْ جِدَالي وىْ سࣸسَࢽْتࣸو    مَالَمَىْ کࣸوْسࣸࢽْ وَدَاتࣸو,سَيْ جِدَالِي وَيْ سࣸسَࢽْتࣸو مَالَمَيْ کࣸواْسࣸࢽْ وَدَاتࣸو
جَمَعَ بَتࣸࢽَّࢽْ وَاللَّهْ بَاءَ مࣸسࣸوࢽَسَ    سَيْدَيْ رَغٜيٰوَاکَࢽْ حَلِࢽْسࣸ مࣸتاࢽٜيٰ,جَمَعَ بَتࣸࢽَّࢽْ وَاللَّهْ بَاءَ مࣸسࣸوࢽَسَ  سَيْدَيْ رَغٜيٰوَاکَࢽْ حَلِࢽْسࣸ مࣸتَاࢽٜيٰ
ڢصل ت وجوب الوحداينت لخالڡ البى ية,ڢصل نا وجوب الوحداينت لخالڡ البر ية
دَرَبࣸوْادَبَذَاسࣸ هَلَّکَابَا,دَرَبࣸواْدَبَذَاسࣸ هَلَّکَابَا
سَرکِى ࢽَاغَ يَاىِ دࣸوکَاتَکِرْکِى    دَيَثٜىٰ کَرْعَبَرْمَرَرْسَاصَࢽَاعَ,سَࢽْ کِي ࢽَاغَ يَايِ دࣸوکَاتَکِرْکِي   دَيَثٜيٰ کَرْعَبَرْمَرَرْسَاصَࢽَاعَ
غࣸيْوَابَتَ کَيْغَ دࣸرْڧࣸسَابَا,غࣸيْوَابَتَ کَيْغَ دࣸرْڧࣸسَابَا
ڢَحَالࢽسرياذمعبوجَرَبَاوا    ذَمَاثِࢽْ عَماَࢽَاغَمِىِ زࢽَا,ڢَحَالࢽسْسࢽ يَاذَمْعࣸبِࢽ جَرَبَاوَا   ذَمَاشِࢽْ عَمَاࢽَاغَمِࢽ زِࢽَا
س مࢽ الا مࢽ جل الله خالفه ؞ وانماخاض ڢيه الفوم بلجد,سر مࢽ الامࢽ جل الله خالفه ؞ وانماخاض ڢيه الفوم بالجد
ڟَيْڟَيَاوَسَىْ أَکࣸوْاْرَا   حَرْذࣸوَامَڟَيَاأَتَارَا,ڟَيْڟَيَاوَسَيْ أَکࣸوْاْرَا حَرْذࣸوَامَڟَيَاأَتَارَا
مࣸࢽَاغࣸودِالله شِکࢽ وَࢽْ غَوَکَا   دَرࣸوکࣸوغَاالله مࣸبَريِࢽ زِࢽَا,مࣸࢽَاغࣸودِالله شِکَࢽْ وَرْغَوَاکَاوَدَرࣸوکࣸوغَاالله مࣸبَرْيِࢽْ زِࢽَا
ڢصل ڢيهمايجب مࢽ الوجودلااله المعبود,ڢصل ڢيمايجب مࢽ الوجودللاله المعبود
إِࢽْکَايِ کٰٜوْتَاسَيْ سࣸثٜي مَّيْ ڢَارِيَا  إࢽْکَارࣸڧٜيٰ حَࢽّࣸࢽْکَ مَيْ رࣸووَاࢽٜيٰ,إِࢽْکَايِ کٜوْتَاسَيْ سࣸثٜيٰ مَيْ ڢَارِيَا  إِࢽْکَارࣸڧٜيٰ حَࢽّࣸࢽْکَ مَيْ رࣸووَاࢽٜيٰ
أَࢽْ ڢَطَامَکَ ࢽِي غَرٜيٰک   بَاࢽِ ڧَوْࢽَرْکࣸواْوَࢽِࢽْکَ,أَࢽْ ڢَطَامَکَ ࢽِي غَرٜيٰکَ بَاࢽِ ڧَوْࢽَرْکࣸواْوَࢽِࢽْکَ
بَامَىْ رِکِتَدَّهَࢽْکࣸلابَا,بَامَيْ رِکِتَدَّهَࢽْکࣸلَابَا
ڢانظࢽ لخلفته السبع الطباڡ ت ؞ عوالم الارض مࢽ سجل ومࢽ جبل,ڢانظࢽ لخلفته السبع الطباڡ وت ؞ عوالم الارض مࢽ سبل ومࢽ جبل
دَڧَڢَابَيْ سَابَ تَاکࣸوَابَا,دَڧَڢَابَيْ سَابَ تَاکࣸوَابَا
المهل,المهل
ولتعرض عنه لا تجعل له خطى ا ؞ ممااشتفلت بذکرالله ينخزل,ولتعرضࢽ عنه لا تجعل له خطر ا ؞ ممااشتفلت بذکر الله ينتخزل
کࣸمَا سَࢽْذࣸوثِيَاعَࢽَࢽْ ࢽّٜي يَذَوْࢽَا  ثَࢽْ غࣸࢽْ وَࢽْدَکٜي ذَمَابَا صَࢽَاعَ,کࣸمَاسَࢽْذࣸوثِيَاعَࢽَࢽْ ࢽّٜيٰ يَذَوْࢽَا   ثَࢽْ غࣸࢽْ وَࢽْدَکٜي ذَمَابَاصَࢽَاعَ
کَذَاتَا کَلْمَا کَذَاسڢٜدࢽْکَا  کࣸبَرِبَاشِ سَࢽْ شَࢽَايٜࢽْ زِࢽَا,کَذَاتَاکࣸلْمَي کَذَاسڢٜدِࢽْکَا   کࣸبَرْبَاشِࢽْ کَاسَࢽْ شَࢽَايࢽْ زِࢽَا
دَࢽِيسَا؞ کࣸسَࢽْ إِࢽْثٜيٰ دࣸکَّࢽْ ڧَسَرْ مࣸسࣸلْمِ إِࢽْدَلِتَتَّڢَيْࢽَا,دَࢽِيسَاأکࣸسَࢽْ إِࢽْثٜيٰ دࣸکّࣸࢽْ ڧࣸسَرْمࣸسࣸلْمِي إِࢽْدَلِتَتَّڢَيْࢽَا
شِيْکࣸواْغَارَࢽْسَ بَيْ ڢِثٜيٰبَا,شِيْکࣸواْغَارَࢽْسَ بَيْ ڢِثٜيٰبَا
وَاڧَرْڧَرْشَࢽْ ذَامَاࢽي,وَاڧَرْڧَرْشَࢽْ ذَامَاࢽِي
شَاهࣸويَثٜيٰ مِࢽْ ذَاࢽَبَرْکَ أَࢽَࢽْ حَکَ   سَوْرِي ࢽَکٜيٰيِي يَࢽْذࣸ کَاجِ مࣸتَاࢽٜيٰ,شَاهࣸويَثٜيٰ مِࢽْ ذَاࢽَبَرْکَ أَࢽَࢽْ حَکَ  سَوْرِي ࢽَکٜيٰيِي يَࢽْذࣸکَاجِ مࣸتَاࢽٜيٰ
ڢنسنل الله ڢيضامرلعدايتى ؞ مࢽ لم ينلماللدى لم ينجمࢽ زعلى,ڢنسنل الله ڢيضامࢽ هدايته ؞ مࢽ لم ينلهاللدى لم ينج مࢽ زلل
ولتعتبى بعد ما يلغاه مࢽ خط ؞ على الص اط جميع الخلڡ مࢽ وجل,ولتعتب بعدما يلفاه مࢽ خط ؞ على الص اط جيع الخلڡ مࢽ وجل
کَىْ مࣸتَاࢽٜىٰ مَاسࣸ رࣸوبَا    سࣸووَرِيشࣸ يَکَࢽْ تَطِيبَا,کَيْ مࣸتَاࢽٜيٰ مَاسࣸ رࣸوبَا  سࣸووَرِيشࣸ يَکَࢽْ تَطِيبَا
بَکَمَاإِيَ إِيْدَڢَاتِحَابَا,بَکَمَاإِيَ إِيْدَڢَاتِحَابَا
أَࢽْ دَطٜيٰ أَغَ إِࢽْدَ ثࣸوتَا   ࢽَاثِکِي کَيْوْيَارࣸڢٜيٰتَا,أَࢽْ دَطٜيٰ أَغَ إِࢽْدَثࣸوتَا ࢽَاثِکِي کَيْوْيَارࣸڢٜيٰتَا
کَيْ ڟِيرَاغَ مࣸحَمَّدࣸ أَحْمَدْ  دَࢽْ طَاکِࢽْ مَّکَ دَࢽْ صَڢَّاتَىٰ,کَيْ ڟِيرَاغَ مࣸحَمَّدࣸأَحْمَدْ  دَࢽْ طَاکِࢽْ لَلَکَ دَࢽْ صِڢَّاتَيْ
مسلمي اࢽ مصيبا تطࢽࢽت   کروڧي عبࢽ غجک حويࢽصارا,مسلمي اࢽ مصيباتطࢽࢽت کروڧي عبࢽ غجک حويࢽصارا
ڢِى جَمِيعِ مَآࡶًخْبَرَهࣸ دِنْدَافࣵلْ کࣽعࣽ هٜبْرَآ,ڢِى جَمِيعِ مَاࡶًَخْبَرَهࣸ دِنْدَافࣵلْ کࣽعࣽ هٜبْرَا
ذَاکِي يَبࣸوطٜيٰ ڢِيڧࣸوڧِيࢽَسَا    غَرْکِࢽْ تࣸمَاکِي بَاسࣸ وࣸرِࢽْغࣸدࣸواْا,ذَاکِي يَبࣸوطٜيٰ ڢِيڧࣸوڧِيࢽَسَا  غَرْکِࢽْ تࣸمَاکَيْ بَاسࣸ وࣸرِࢽْغࣸدࣸواْ
کࣸتَمْثِي ࢽَڢَاطِيࢽَيْڢَ تَڢِيَرْوَتَاشِکٜيٰ   ڢَکࣸشَارࣸوَࢽْ اَلْکَوْثَرا شِغَ أحْمَدَا,کࣸتَمْثِي ࢽَڢَاطِيࢽَيْڢَ تَڢِيَرْوَتَاشِکٜيٰ  ڢَکࣸشَارࣸوَࢽْ اَلْکَوْثَرَاشِغَ أَحْمَدَا
أَرࣸوطَيْ کَمَرْرࣸوطِࢽْ دَيَوَّاأࣸبَࢽِْࣻجِ   ڢَدࣸࢽْيَادَاَلدِّيࢽِ دَشِيدَ مࣸحَمَّدَا,أَرࣸوطَيْ کَمَرْرࣸوطِࢽْ دَيَوَّاأࣸبَࢽْغِجِ  ڢَدࣸࢽْيَادَاَلدِّيࢽْ دَشِيدَمࣸحَمَّدَا
دَيَرْدَرْحࣸکࣸمْثِي دࣸکْ ࢽْدَادِلِي دَمَيْمࣸويَا    کَڧَارَمࣸسࣸلْمِي دࣸکْ دَرَجَّا غَأحَمَدَا,دَيَرْدَرْ حࣸکࣸمْثِي دࣸکْ ࢽَدَاءِلِي دَمَيْوࣸويَا   کَڧَارَمࣸسࣸلْمِي دࣸکْ دَرَجَّاغَأَحْمَدَا
کَاغَ غَاسࣸ ثِکِࢽْ أَيّࣸکَا    مَاسࣸ يِࢽْسࣸ رࣸوَادَإسْکَا,کَاغَ غَاسࣸ ثِکِࢽْ أَيّࣸکَا  مَاسࣸ يِࢽْسَ رࣸوَادَإِسْکَا
مي ادوا,مࢽ ادو
أَبَادَتَکَرْدࣸووَࢽْسࣸ دَامَ وَطَࢽْسࣸ کࣸو    غَحَوࢽِ وَطَࢽَّاسࣸࢽْيِ ࢽِيسَاغَأَحْمَدَا,أَبَادَتَکَرْدࣸووَࢽْسࣸ دَامَ وَطَࢽْسࣸ کࣸو  غَحَوْࢽِ وَطَࢽَّاسࣸࢽْيِ ࢽِيسَاغَأَحْمَدَا
کَذَاکَ دَوِرْدِ دَاَلدّࣸعࣸوعِ دَڧࣸوڧَرِي    يَوَࢽْتَ صَلاَةِ غَأَلࢽَّبِࢽْمࣸ مࣸحَمَّدَا,کَذَرَاکَ دَوِرْدِدَاَلدّࣸعࣸوعِ دَڧࣸوڧَرِي   يَوَࢽْتَ صَلَاَةِ غَاَلࢽَّبِࢽْمࣸ عࣸحَمَّدَا
الکرب ڢى اوفات الشرالى ڢلايغوم مࢽجلسم الاوفرزال,الکرمب ڢى اوفات الشرابمࢽ ڢلايفوو مࢽ مجلسم الاوفرزاا
مَىْ مَکَࢽْتَ سَىْ أثٜىٰ دَا    کَايِى اَلڧࣸرْأࢽْ کَذࣸبْدَا,مَيْ مَکَࢽْتَ سَىْ أَثٜىٰ دَا کَايِي اَلْڧࣸرْأَࢽْ کَذࣸبْدَا
جࣽࢽْ بَوْدِتِمّࣸدِ جࣸࢽْ صِڢَاجِ سِنِيطِ جࣽࢽْ يࣸرْمٜيٰدٜ يَا جࣸدٜيَاڢࣽعࣽو کࣽڢَليْتَتَا,جࣽࢽْ بَوْدِتِمّࣸدِ جࣸࢽْ صِڢَاجِ سِنِيطِ جࣽࢽْيࣸرْمٜيٰدٜيَاجࣸدٜيَاڢࣽࣸعࣽوکࣽڢَلٜيْتَتَا
دࣸکْ أَکَࢽْ مَامَيْدَشِيࢽٜىٰ    دࣸࢽْ ڢَسࣸࢽْ سَابࣸوْاْدَشِيࢽٜىٰ,دࣸکْ أَکَࢽْ مَامَيْدَشِيࢽٜىٰ دࣸࢽْ ڢَسࣸࢽْ سَابࣸوْاْدَشِيࢽٜىٰ
دوب,دوب
دَرَجَرْسَ دَشِى بَعَاغࣸوْادَابَا,دَرَجَرْسَ دَشِي بَعَاغࣸواْدَابَا
وفل الهى يامࢽ لا شريک له ؞ مالى سواک عليک اليوم تکل,وفل اللهى يامࢽ لاشريک له ؞ مالى سواک عليک اليوم تتکل
وَاڧَرْإِࢽْڢِرَاجِ تَبِيࣸو,وَاڧَرْإِࢽْڢِرَاجِتَبِيࣸو
ڧَرْࢽَڢِࢽٜىٰ سَيْتَ ڟࣸواْڟِي    غࣸغّࣸبٜࢽْ کَࢽْوَادَکَاڟِي,ڧࣸرْࢽَڢِࢽٜيٰ سَيْتَ ڟࣸواْڟِي  غَغࣸبِࢽْ کَࢽْوَادَکَاڟِي
وَالاِحْرَمࣸ حࣽرْمَعࣽ وَالطَّوَاڡࣸ عٜوَنْفَادٜوَالسَّعْىࣸ,وَالاِلْرَامࣸ حࣽࢽْ مَعࣽࢽْ وَالطَّوَاڡࣸ عٜوَنْفَادٜوَالسَّعْرࣸ
اذي الذنوب سوى الا شى اک يغڢرها ؞ رب غڢوربلا توب ولا عمل,اذي الذنوب سوى الا شراک يغڢرها ؞ رب غڢوربلا توب ولا عمل
کࣸلّࣸࣸ أَبَاکࣸ تࣸوࣸواْ دَمَيْ غَاࢽَامَا    دَڢࣸرَادَࢽࣸوࢽࣸواْ دَࢽْ دَرَجَّرْ أَوْرٜيٰ,کࣸلࣸ أَبَاکࣸ تࣸوࣸواْدَمَيْ غَاࢽَامَا   دَڢࣸرَادَࢽࣸوࢽࣸواْدَࢽْ دَرَجَّرْ أَوْرٜيٰ
فدفيل احى ڢى تبدومجوڢة ؞ کجوڡ ذ>طمع ڢى الشب والمثل,فدفيل احࢽ ڢه تبدومجوڢة ؞ کجوڡ ذ>طمع ڢى الشبه والمثل
غَاسࣸثࣸوتَرْڢِدَّذَاڧِي    شِي رࣸوَاࢽٜىٰ مَاسࣸ يَوْڧِي,غَاسࣸ ثࣸوتَرْ ڢِدَّذَاڧِي  شِي رࣸوَاࢽٜيٰ مَاسࣸ يَوْڧِي
بِࢽثِکٜيٰ غهَلِࢽْ أࣸوَرْتَ    جَاَءِزِيࢽٜيٰ حَرْأࣸبَࢽْتَ,بِࢽْثِکٜبٜيٰ غَهَلِࢽْ أࣸوَرْتَ  جَاَءِزِيࢽٜيٰ حَرْأࣸبَࢽْتَ
إدَࢽْ تَجِ سࣸو ࢽَࢽْکَ بَاةَ ڢَطِي  تَکَࢽْ زَابِي سࣸوࢽَا دَدࣸکْ يَاڢِداطِي,إِدَࢽْ تَاجِ سࣸوࢽَࢽْکَ بَاةَ ڢَطِي  تَکَࢽْ زَابِي سࣸوࢽَادَدَکْ يَاڢِدَاطِ
مࣸوْبَمَارَسَ کࣸواْأَبِࢽْ ڢَطِيبَا,مࣸوْبَمَارَسَ کࣸواْأَبِࢽْ ڢَطِيبَا
وانه غير مخلوڡ له ڢدم ؞ لانه صڢت لله ناالازل,وانه غير مخلوڡ له فدم ؞ لانه صڢت لله نکالازل
مَأَيْکِي يَذࣸوشِ دَکَࢽْسَ ڢَادَرْ عࣸبَࢽْغِجِ ؞  يَشَيْدَڢَ ࢽَسْ غَمࣸڧِيسَࢽْ أَحْمدَا,مَأَيْکِي يَذࣸوشِ دَکَࢽْسَ ڢَادَرْ عࣸبَࢽْغِجِ ؞  يَشَيْدِڢَ جِيَکَاࢽَسْ غَمࣸڧِيسَࢽْ أَحْمَدَا
سَيْ شِي يَطࣸورَ ڢَطَايَأَيْکَ غَرࣸورࣸوَا ؞ أَثِکِࢽْ ڢَ مَࢽْشࣸورَࢽَسْ دࣸࢽْسࣸ مࣸحَمَّدَا,سَيْ شِي يَطࣸورَڢَطَايَأَيْکَ غَرࣸورࣸوَا ؞  أَثِکِࢽْ ڢَ مَࢽْشࣸورَ ࢽَسْ دࣸࢽْسْࣸ مࣸحَمَّدَا
أݣࣸويْ ݒَرْࢽَاࢽَاࢽَࢽْ غَمَذاجٜيٰ  ذَامࣸڢَطَامࣸسࣸ دَࢽْ سࣸرَغٜاتَا,أَݣࣸويْ بَرْࢽَاࢽَاࢽَࢽْ غَمَذَاجٜيٰ  ذَامࣸڢَطَامَسࣸ دَࢽْ سࣸرَغَاتَا
وَࢽْدَبَيِࢽِي ڟَرِࢽْ مَاتَسَبَا کࣸويَيْ عِبَادَالَادَابَايَوَا,وَࢽْدَبَيِي ڟَرِࢽْ مَاتَࢽْسَبَا کࣸويَيْ عِبَادَالَادَابَايَوَا
سࣸکَثٜيٰ سࣸࢽَاڧَارَاࢽَّسِيدࣽ بَلاَربٜيٰ ؞ سࣸࢽَاجَࢽْسَ حَڧِّ ࢽَاسࣸ مڧِيَّا مࣸحَمَّدَا,سࣸکَثٜيٰ سࣸࢽَاڧَارَاࢽَسِيدِ بَلَارَبٜيٰ ؞ سࣸࢽَاجَࢽْسَ حَڧِّ ࢽَاسࣸ مَڧِيَّامࣸحَمَّدَا
غَذَتࣸو بَاذَاشِ لَاخِرَابَا,غَذَتࣸوبَاذَرْشِ لَاخِرَابَا
ࢽَࢽْ دَࢽَࢽْ ڟَکِيَاتَڟَاغٜيٰ   بَاڢِتَاسَيْ وَيْغٜيٰ وَيْغٜيٰ,ࢽَࢽْ دَࢽَࢽْ ڟَکِيَاتَڟَاغٜيٰ بَاڢِتَاسَيْ وَيْغٜيٰ وَيْغٜيٰ
ࢽٜيٰ غَرٜٜيٰࢽِ ذࣸوَابِکِيدَيْ   کࣸواْࢽَدَࢽْغِ کࣸواْ ࢽَصَحَبَيْ,ࢽٜيٰ غَرٜيٰࢽِ ذࣸوَابِکِيدَيْ کࣸواْࢽَدَࢽْغِ کࣸواْ ࢽَصَحَبَيْ
سَيْ أَڢِدّࣸوتَرْسَشِࢽْسࣸ   سَࢽْدَ الࢽَّبي يَاکِرَاسࣸ,سَىْ أَڢِدّࣸوتَرْسَشِࢽْسࣸ  سَࢽْدَاَلࢽَّبِي يَاکِرَاسࣸ
بَکَ ࢽٜيٰمِ سَࢽٜي غَمَالࣸمَابَ,بَکَ ࢽٜيٰمِ سَࢽَي غَمَالࣸمَابَا
مࣸࢽَاسࣸومَوَرْوَاڧَاتَمَهْدِيّࣸ مࣸࢽْتَظَرْ ؞ مࣸࢽࣸوࢽَ کَرَامࣸوࢽَسْ أَسَࢽْسࣸ غࣸدَاغࣸدَا,مࣸࢽَاسࣸومَوَرْ وَاڧَاتَمَهْدِيّࣸ مࣸࢽْتَظَرْ ؞  مࣸࢽࣸوࢽَ کَرَاعࣸوࢽَسْ أَسَࢽْسࣸ غࣸدَاغࣸدَا
سࣸࢽاڢَثِلِࢽْ وَحَلاَدَيࣸࢽْوَادَڧِشِرࣸوَا     دَکࣸوطٜيٰمࣸوَا صَابࣸا غحَࢽْيَرْمࣸحَمَّدَا,سࣸࢽَاڢَثِکِࢽْ وَحَلَادَيࣸࢽْوَادَڧِشِرࣸوَا   دَکࣸوطٜيٰمࣸوَاْضَابࣸو غَحَࢽْيَرْ مࣸحَمَّدَا
فصل ناالحياةوالسمع والبص,ڢصل ناالحياةوالسمع والبه
عليه اذليس ذاجسم ولا عࢽ ض ؞ اࢽ المجسم ذوجهل وذوخطل,عليه اذليس ذاجسم ولا عرض ؞ا اࢽ المجسم ذوجهل وذوخطل
إࢽْبَاتَاذࣸوْدَغَرْدَمَابَا,إِࢽْبَاتَاذࣸوْدَغَرْدَمَابَا
معءايت ناکتاب الله ناڢية ؞ کل النفابص نتڢى کل ذ> مثل,مع ءاية ت کتاب الله ناڢية ؞ کل النفابص تتڢى کل ذ>حثل
کَيࢽَ أدࣸوࢽْسࣸ دَکَيْࢽ هَوَࢽْسࣸ    بَىٰ کَ ڧَارَغَࢽࢽْ طَيَࢽْسࣸ,کࣸيْࢽْ أَدࣸوࢽْسࣸ دَکَيْࢽْ هَوَࢽْسࣸ بَاْکَ ڧَارَغَࢽࢽْ طَيَࢽْسࣸ
ڢماتى ى ذرةمخلوفةعبشا ؞ بل هى شا هدة للواحدالاءزل,ڢماتر ى ذرة مخلوفة عبشا؞ بل هى شاهدة للواحدالازل
أَمْبَتࣸࢽْ مࣸتࣸوَرْيَشࣸوطٜيٰ    شِي بَتࣸࢽْࢽٜيٰ مَادَکَطّٜيٰ,أَمْبَتࣸࢽْ مࣸتࣸوَرْيَشࣸوطٜيٰ  شِي بَتࣸࢽْࢽٜيٰ مَادَطَڟّٜيٰ
دَࢽْ ڟَرِࢽْ أَيْکِࢽْ تَعَالَا     کَيْ مِجِ سَࢽَشٜيٰتَ اَللَّهْ,دَࢽْ ڟَرِࢽْ أَيْکِࢽْ تَعَالَا کَيْ مِجِ سَࢽَشٜيٰتَ اَللَّهْ
بَاکࣸتْرࣸوبَاکࣸࢽْغَ شِيبَامَکَاحࣸو    وَيمَيْ لَاڢِيَايَࢽَاڧِࢽْ صَࢽَاعَ,بَاکࣸتْرࣸوبَاکࣸࢽْغَ شِيبَامَکَاحࣸو   وَيْمَيْ لَاڢِيَايَࢽَاڧِࢽْ صَࢽَاعَ
طَيْبَب اِࢽْغَ مَڢِى مَزَاجٜىٰ    کࣸورْجِࢽِي غَاکَيْوْدَسَيٜىٰ,طَيْبَاإِࢽْغَ مَڢِي مَزَاجيٰ کࣸورْجِࢽِي غَاکَيْوْ دَمَࢽٜيٰ
إِࢽْکࣸو کَطَوْکٜيٰ کَࢽْکَ بَابࣸ رࣸوَࢽْکَ سَمْ   دَطَ سَيْ سࣸثٜيٰ مَکَ واللهْ غِرْمَࢽْکَيْࢽٜيٰ,إِࢽْکࣸوکَطَوْکٜيٰ کَࢽْکَ بَابࣸ رࣸوَࢽْکَ سَمْ  دَطَ سَيْ سࣸثٜيٰ مَکَ وَاللَّهْ غِرْمَࢽْکَيْࢽٜيٰ
طَوکَرْکَتَابࣸ اَللَّهِ دَجَࢽَبَا  شِيمَايَࢽَاسَاأَيْڟَࢽَࢽِࢽْ ڢَرِي,طَوْکَرْکَتَابَ اَللّهِ دَجَࢽَبَا  شِيمَايَࢽَاسَاأَيْڟَࢽَࢽِࢽْ ڢَرِي
يتزوحبا يتوضلويصلى ويغراهزاماتى وتڢحت وعشريࢽ,يتزوحما يتوضلويصلى ويغراهزامات وتاللت وعشريࢽ
إِࢽْبَارࣸبࣸشِي دّهَلَّکَابَا,إِࢽْ بَارࣸبࣸشِي دَهَلَّکَابَا
إِذَࢽْڢَ کَسَي شٜسࣸ أَکَيْکࣸ غَجَࢽَّةِ ؞  إِتَثٜيٰ مَذَمْࢽِي تَاکࣸ إِࢽْجِ مࣸحَمَّدَا,إِذَࢽْڢَ کَسَࢽْ شٜسࣸ أَکَيْکࣸ غَحَࢽَّةِ ؞  إِتَثٜيٰ مَذَمْࢽِي تَاکࣸ إِࢽْجِ مࣸحَمَّدَا
دَإِرِࢽْ حَالِࢽْسَ ذَاکَ دࣸوبَا,دَإِرِࢽْ حَالِࢽْسَ ذَاکَ دࣸوبَا
سَࢽَرْوَاتَاإِتَثٜيٰ غَمَذاجٜيٰ    کَرْأَيَوَيْتَ ݣࣸطَيْ أَتَڧَيْتَا,سَࢽَرْوَاتَاإِتَثٜيٰ غَذَاجٜيٰ کَرْأَيَوَيْتَ ثࣸطَࢽْ أَتَڧَيْتَا
مَالَمْ بَدَمَاصِي ࢽْسࣸوبَا   اءࣸبَࢽْ أَطَاءِلࣸ تࣸدَࢽْ دࣸوࢽِيَا,مَالَمْ بَدَمَاصِي ࢽَسࣸوبَاء  أبَࢽْ أَطَاءِلْࣸ تࣸدَࢽْ دࣸوࢽِيَا
سࣸࢽْرِڧٜيٰ هَرْدَيْ أَکَيْشِ    أَغࣸࢽْ صَلَّا أَࢽْ أَجٜيٰشِ,سࣸࢽْ رِڧٜيٰ هَرْدَيْ أَکَيْشِ  أَغࣸࢽْ صَلَّا أَࢽْ أَجٜيٰشِ
وسَلَّم,وسله
بَيْسَࢽْ مࣸتࣸوَاتَࢽَازࣸوَابَا,بَيْسَࢽْ مࣸتࣸوَاتَࢽَازࣸوَابَا
يِࢽْ ڟَڢْتَاتَجِکِي دَتࣸڢَاڢِي   شِيࢽٜيٰ کٜࢽْ حَرْطَࢽْ ثِوْتَا,يِࢽْ ڟَڢْتَاتَجِکِي دَتࣸڢَاڢِي  شِيࢽٜيٰ کٜࢽْ حَࢽْ يَاطَࢽْ ثِوْتَا
ذࣸࢽࣸبِࢽْسَاسِتِّࢽْ مَيْزِࢽَىٰ أَرْبَعِيࢽْ   أَيْ لاَڢِيَرْبَࢽْذَاتَاجَامَسَىٰ,ذࣸࢽࣸبِࢽْسَاسِࢽِّࢽْ مَيْزِࢽَيْ أَرْبَڢِࢽْ  أَيْ لَاَڢِيَرْبَࢽْذَاتَاجَامَسَىٰ
سࣸيِ بَاأَثِکِࢽْ رَشِࢽْ سَࢽِيبَا,سࣸيِ بَاأَثِکِࢽْ رَشِࢽْ سَࢽِيبَا
سلا مة الصدرعزت اࢽ يکوࢽ لها ؞ صدروليس على غش بمشتمل,سلا مة الصدرعزت اࢽ يکوࢽ لها ؞ صدروليس على غش بمشتمل
مَالَمَࢽْمࣸوࢽَڧَرْشَࢽْ دࣸوࢽِيَا    سَيْڢَطَرْبَکَابَاأَيْکِࢽْ بَࢽٜيٰ,مَالَمَࢽْمࣸوࢽَڧَرْشَࢽْ دࣸوࢽِيَا  سَيْڢَطَرْبَکَابَاأَيْکِࢽْ يَࢽٜيٰ
فالواوالاسکاࢽ ايضاڢيه الحفه ؞ بجاين حادث والبسط ڢيه جل,فالواوالاسکاࢽ ايظاڢيه الحفه ؞ عجابن حادث والبسط ڢيه جل
دَرَبࣸواْدَبَذَاسࣸ هَلَّکَابَا,دَرَبࣸواْدَبَذَاسࣸ هَلَّکَابَا
شَيْخࣸ صَالِحࣸ يَاجِ غَهَاشِمࣸ   شَيْجࣸ هَاشِمْ غࣸࢽْ مَّمَّࢽْ تࣸکࣸرْ,شَيْخِ صَالِحِ يَاجِ غَهَاشِمࣸ شَيْخࣸ هَاشِمْ غࣸࢽْ مَّمَّࢽْ تࣸکࣸرْ
ࢽَاغࣸوْࢽَسَ بَادَغارْدَمَابَا,ࢽَاغࣸوْࢽَسَ بَادَغَرْدَمَابَا
يَارَڧٜيٰࢽِ رِڧࣸواْࢽَظِيڢِ هَرْيَذَمْ ࢽَاڢَارَ ڧَرْڢِ,يَارَڧٜيٰࢽِ رِڧࣸواْࢽَظِيڢِ  هَرْيَذَمْ ࢽَاڢَارَڧَرْڢِ
بَلتَسَاسَࢽْتَاوَکࣸرَاوَا إࢽْتَذࣸوبَاتَارَغَاوَا,بَذَاسَامَࢽْتَاوَکࣸواْوَا  إِࢽْتَذࣸواْ بَاتَارَغَاوَا
يَوشٜيٰ مَيْوَ ࢽَࢽْ صَࢽَاعَا    کٜيٰ ڟَرِࢽْ حَڧِِّࢽْ شَريعَا,يَوْشٜيٰ مَيْوَࢽَࢽْ صَࢽَاعَا  کٜيٰ ڟَرِࢽْ حَڧِّࢽْ شِرِيعَا
يَاإِلَهِ الْعَالَمِيࢽَ   تَيْمَکٜيٰمࣸ رِڧࣸࢽْ أَمَاࢽا,يَإِࢽَهِ الْعَالَمِيࢽَ  تَيْمَکٜىٰم رِڧࣸࢽْ أَمَاࢽَا
تَڢِي وࣸوڢِي بَذَࢽْ عَبو تَا دَکَيْبَا دَࢽْ ࢽّٜي باࢽِسَࢽْ مَرَرْطَبِي عَا,تَڢِي وࣸوڢِي بَذَࢽْ عَبࣸوتَادَکَيْبَا   دَࢽْ ࢽِّ بَاࢽِسَࢽْ مَرَرْکٜࢽْ طَبِي عَ
ڢصل تا شڢاعت نبينا محمد صلى الله عليه و سلم,ڢصل نا شڢاعت نيينا محمدهلى الله عليه ولم
صَلَّى اللَّهࣸ علَيْهِ وَسَلَّمَ,صَلَّى اَللَّهࣸ عَلَيْوِ وَسَلَّمَ
تࣸوْاْغَرِي سࣸکٜيٰ کࣸوْاْ أّڧَوْيٜيٰ    سࣸوْاْ ࢽَکٜيٰ کَيْࢽَاشِوَايٜيٰ,تࣸوْاْغَرِي سࣸکٜيٰ کࣸوْاْأَڧَوْࢽٜيٰ سࣸوْاْࢽَکٜيٰ کَيْتَاشِوَايٜيٰ
حَرْشِذَمْ اللهْ تَعَالَىٰ   سَيْ يَثٰٜمَاجِبْرَءِيلَ,حَرْشِذَمْ اَللَهْ تَعَالَىٰ سَىْ يَثٜىٰمَاجِبْرَءِيلَ
وَسࣸنَنࣸهࣸ سࣸنَّاجِ طِࢽْ أَرْبَعَةࣻکࣽنَحْ ࡻلضَّرْبَةࣻ,وَسࣸنَنࣸهࣸ سࣸنَّاجِ طِࢽْࡶَرْبَعَةࣸکࣽنَحْ ࡻلضّࣸرْبَةࣸ
ࡶَلصِّيَامࣸ کࣽ کࣽرْوَالرَّابِعࣸ نَيَ بࣽعࣽࢽْ ࡶَلزَّکَٰوةِ,ࡶَلصِّيَامࣸ کࣽ کࣽرْکَوَالرَّابِعࣸ نَيَ بࣽعࣽࢽْࡶَلزَّکَوةِ
بِإِزْࢽِ مࣸوَلِّڢࣸ هَزَا الْکِتَابࣸ,بِإِذْࢽِ مࣸوَلِّڢࣸ هَذَاالْکِتَابࣸ
إِࢽْࢽَرَاڟَ کࣸڢَيْ زࣸبَبَّيٰ سَي ࢽِکَࢽْ تࣸࢽَ يَوْدَغࣸواْبٜيٰ,إِࢽْ ࢽَرَاڟَ کࣸڢَيْ زࣸبَبَّيٰ  سَيْ ࢽِکَࢽْ تࣸࢽَ يَوْدَغࣸوْاْبٜيٰ
إِࢽْ بَيْغَ أَبِࢽْثِي يَىْ يَوَابَا,إِࢽْ بَيْغَ أَبِࢽْثِي يَيْ يَوَابَا
سَيْ يَثٜيٰ غَمَزَابِيَرْࢽٜيٰ    يَاڢِ غࣸࢽْ مَاتَ بَکࣸوࢽٜيٰ,سَيْ يَثٜيٰ غَمَزَابِيَرْࢽٜيٰ يَاڢِ غࣸࢽْ مَاتَا بَکࣸووࢽٜيٰ
وَࢽْسࣸ دࣸومِࢽْ ࢽࣸوࢽْ إِيکَوْاْ    بَاسࣸ سࣸࢽْ سࣸڢِتࣸوْاْ سࣸتَاکࣸوْا,وَࢽْسࣸ دࣸومِࢽْ ࢽࣸوࢽَ إِيکࣸوْاْ بَاسࣸ سࣸࢽْ سࣸڢِتࣸوْاْسࣸتَاکࣸوْاْ
ڢل کيڢ يشبى مخلوڡ لخالفه ؞ اواࢽ يماثله فد جل عدمثل,فل کيڢ يشبه مخلوڡ لخالفه ؞ اواࢽ يماثله فدجل عومثل
يَايِ سَابࣸوا إِࢽَاکَماتَيْ کࣸدࣸوبَا   ميْڢَ بَوْتَدَّ طَاشِشَايࣸوعَذَابَا,يَايِ سَابࣸواإِࢽَاکَمَاتَيْ کࣸدࣸوبَا   مَيْڢَ بَوْتَدَّ طَاشِشَايࣸوعَذَابَا
دࣸولٜيٰ غَاکࣸواْࢽَࢽْ کࣸشٜيٰوَا     تَاتَڢࣸواْ تَاتَردَ کٜيٰوَا,دࣸولٜيٰ غَاکࣸواْࢽَࢽْ کࣸشٜيٰوَا  تَاتَڢࣸوْاْتَاتَرْدَکٜيٰوَا
والاستطاعةللمغد ورتصحبه ؞ وذاخلاڡ لمافدفل مࣸعْتَدِلِ,والاستطاعة للمفدورتصحبه ؞ وذاخلاڡ لمافدفال مࣸعْتتل
إِࢽْ کَاثٜيٰ مَتَ أْمْشِ تَکَرْدَرْ   سَيْ کَجِ تَاثٜيٰ بَاࢽِ رࣽڧَاتَا,إِࢽْ کَاثٜيٰ مَتَ أَمْثِْ تَکَرْدَرْ  سَيْ کَجِ تَاثٜيٰ بَاࢽِ ڧَاتَا
کࣸوْاکَيِيشِ دَشِشِّغِيࢽٜىٰ    مَىْ شِغَاغࣸواْࢽَرْمࣸتاࢽٜىٰ,کࣸواْکَِيشِ دَشِشِّغِيࢽٜى  مَيْ شِغَاغࣸواْࢽَرْمࣸتَاࢽٜىٰ
ࢽَمَࢽْغِ زَارِيَ؞,ࢽَمَࢽْغِ زَارِيَ
دَࢽْ بَثٜىٰوَرْهَࢽکَلِࢽْکࣸ بِى بِيَࢽْ سࣸࢽْ ذࣸوثِيَرْکࣸ,دَࢽْ يَثٜيٰوَرْهَࢽْکَلِࢽْکࣸ  بِي بِيَرْسࣸࢽْ ذࣸوثِيَرْکࣸ
ڢصل ءاخر نا معنا ه ايظ,ڢصل ءاخرنا معناه ايثا
سَيْوࣸ تࣸوبَ سࣸࢽَادَاعَيْبِ  سࣸوجِ کࣸࢽْيَارَࢽْ حِسَابَ,سَيْسࣸ تࣸوبَ سࣸࢽَادَاعَيْبِ  سࣸوجِ کࣸࢽْيَارَࢽْ حِسَابِ
ڧَرْشٜࢽْسَ بَأَيْ بَڧِࢽْ ثِکِيبَا,ڧَرْشٜࢽْسَ بَأَيْ بَڧِࢽْ ثِکِيبَا
کَيْدࣸوبردَايٜࢽْ اࣸوَࢽْ کَ     سَىْ کَثٜىٰ مَسࣸ وَࢽْ اࣸبَࢽْکَ,کَيْ دࣸبرْدَايَرْأࣸوَرْکَ سَيْ کَثٜيٰ مَسࣸ وَࢽْ أࣸبَࢽْکَ
جِࢽکِرِي دَبِيَࢽْ إجَارَا    عَامِلِي غَلَطِي غَسࣸورَا,جِࢽْکِرِي دَبِيَࢽْ إِجَارَا   عَامِلِي غَلَطِي غَسࣸورَا
ࢽَاࣸرِࣸوڧِ اَللهْ تيمکو دمواڢڧا دࢽسر يوا ڧاتا غزثࢽ يࢽ عوا,ࢽَارࣸوڧِ اللَّهْ تَيْمَکࣸودَمࣸوڢَڧَا  ذࢽْشرِيَوَاڧَاتَاغَذَࢽْثِࢽْ عࢽْ عࣸوَا
مَىْ سࣸوࢽْسَ بَذَيْغَ هَلَّکَابَا,مَيْ سࣸوࢽْسَ بَذَيْغَ هَلَّکَابَا
مَسَاکَىْ ذَاعَدِࢽْغَ بَيْوَاࢽَأللهْ    دَڢَڧيْرَىْ ماَسࣸ کِيَاوࣸࢽْ طَبِى عَ,مَسَاکَيْ ذَاعَدِࢽْغَ بَيْوَاࢽَاَللَّه  دَڢَڧِيرَيْ مَاسࣸ کِيَاوࣸࢽْ طَبِى عَ
تَايِي خَيْضَاذَاتَ وَࢽْکَا   حَرْذࣸوَا بَرْثِي أَڢَرْکَا,تَايِي خَيْضَاذَاتَ وَࢽْکَا  حَرْذࣸوَابَرْثِي أَڢَرْکَا
ڧِرْجِࢽْ بَىْ دَيْࢽَ سࣸوْايࣸوَابَا,ڧِرْجِࢽْ بَيْ دَيْࢽَ سࣸواْيࣸوَابَا
مَغَࢽَاثٜى بَاأبَرْمࣸسࣸوبَا,مَغَࢽَاثٜىٰ بَاأَبَرْمࣸسࣸوبَا
مَيْزِࢽَىٰ ࢽَمِجِي مَاتَاتَسَا   مَڟَاڢِيَا إِتَثٜيٰ مَاتَاتَسَا,مَيْزِࢽَىٰ ࢽَمِجِي مَاتَاتَسَا  مَڟَاڢِيَاإِتَثٜيٰ مَاتَاتَسَا
يَاإِلَهِ اِلْعَرْشِ مَوْلَا  ࢽَارَبَامࣸ دَوَࢽْغَ ذِلَّا,يَاإِلَهِ اِلْعَرْشِ مَوْلَا ࢽَارَبَامࣸ دَوَࢽْغَ ذِلَّا
إࢽَدَسَوْرَࢽْرَايࣸوَࢽْکَ عَيْ أسَاثࣸوتَاجِکِْکَ,إِࢽْدَسَوْرَࢽْ رَايࣸوَࢽْکَ عَيْ أَسَاثࣸوتَاجِکِࢽْکَ
ماسࣸ إِسْکٜيٰمَ طَاکࣸࢽَادࣸکْ سࣸيَايٜيٰ   حَکَࢽَامَاسࣸ ثِࢽْ غࣸلࣸولࣸ سࣸبࣸويٜيٰ,مَاسࣸ إِسْکٜيٰمَ طَاکࣸࢽَادࣸکْ سࣸيَايٜيٰ   حَکَࢽَامَاسࣸ ثِࢽْ غࣸلࣸولࣸ سࣸبࣸويٜيٰ
ڢِى ذَاتِهِ>عٜذَاتِ مَکّࣽ وَالاَڢِى صِڢَاتِهِ>,ڢِى ذَاتِهِ>عٜذَاتِ مَکّࣽ وَالاَڢِى صِڢَاتِهِ>
دَوَࢽِࢽْسࣸ دَبَيْىِ تَمْبَيَابَا,دَوَࢽِࢽْسࣸ دَبَيْيِ تَمْبَيَابَا
مَيْڧَرْيَرْشَرِڢْتَکَ تࣸوکࣸدَيْࢽَا    غِرْمَࢽْکَىْ کࣸيَادَشِى کࣸيِى صَࢽَاعَ,مَيْڧَرْيَرْشَرِڢْتَکَاتࣸوکࣸدَيْࢽَا   غِرْمَࢽْ کَيْ کࣸيَادَشِى کࣸيِى صَࢽَاعَ
دَسࣸࢽْجٜىٰ کَامَ مَاسࣸ لَيْڢِى دَعَيْبࣸ    سَىْ سࣸحطَادَوَࢽْدَبَايَاصَࢽَاعَ,دَسࣸࢽْجٜيٰ کَامَ مَاسࣸ لَيْڢِ دَعَيْبࣸ  سَىْ سࣸحَطَادَوَࢽْدَبَايَاصَࢽَاعَ
غَاڧِشِي يَاسࣸيٜيٰ سَيْڢَا مَاجِࢽَاࢽَا تَوْشٜيٰ وࣸوْڢَا,غَاڧِشِي يَاسࣸويٜيٰ سَيْڢَا  مَاجِࢽَاࢽَاتَوْشٜيٰ ڧࣸوڢَا
يَࢽَاکࣸمَ دَلَادَوَࢽْدَکࣸوڢَ مَلَاءِکَ ؞  بَيَاإِيَ رࣸبࣸوتࣸو ࢽَسْبَ سِيدِ مࣸحَمَّدَا,يَࢽَاکࣸمَ دَلَاَوَࢽْدَکࣸوڢَ مَلَاءِکَ ؞ يَيَاإِيَ رࣸبࣸوتࣸوࢽَسْبَ سِيدِ مࣸحَمَّدَا
دَطَاأَࢽَطٜيٰ ڢَڧَسَاأکَاوࣸوصِرَاطِ کࣸو    ڟَکَاࢽِࢽْ وࣸتَاأکَڢَامࣸحَوْشِ دَأَحْمَدَا,دَطَاأَࢽَطٜيٰ ڢَڧَسَاأَکَاوࣸوصِرَطِ کࣸو  ڟَکَاࢽِࢽْ وࣸتَاأَکَڢَامࣸحَوْشِ دَأَحْمَدَا
تَمَّتْ بِحَمْدِ اِللَّهِ ࢽَࢽْ ذَࢽْ دَاکَتَا   ࢽَاغࣸودٜيٰ اِللَّه شِي يَثٜيٰ أَيِي أَورٜيٰ,تَمَّتْ بِحَمْدِ اِللَّهِ ࢽَࢽْ ذَࢽْ دَاکَتَا  ࢽَاغࣸودٜيٰ اِللَّهْ شِي يَثٜيْ أَبِ أَوْرٜيٰ
کَارࣸوَ بَاةَ غࣸوࢽِي کَڢْهَمْةَ  کࣸوْوَّا يَبَاةَ شِيࢽٜي غࣸوࢽِِِِِِࢽةَ,کَارࣸوَبَاةَ غࣸوࢽِي کَ ڢْمِمْةَ کَوْوَّايَبَاةَ شِيࢽٜي غࣸوَࢽِࢽْةََ
سو,سو
دࣸوکِيَرْأَجىٰ سَىْ مَغَادَا     دࣸࢽْ شَرِيْعَابَاتَ يَرْدَا,دࣸوکِيَرْأَجٜيٰ سَىْ مَڧَادَا  دࣸࢽْ شِرِيعَابَاتَ يَرْدَا
غَاشِ کࣸوْاْأࢽْکٜىٰوَيٜىٰش    سَيْدَجِࢽْ مَغَࢽَرْيَتَاشِ,غَاشِ کࣸوْاْأَࢽْ کٜىٰوَيٰشِ سَيْدَجِࢽْ مَغَࢽَرْيَتَاشِ
وَسࣸنَنࣸهࣸ سࣸنَّا جِ طِࢽْ ࡶَرْبَعَةࣻکࣸطِنࣵحْ غَسْلࣸ,وَسࣸنَنࣸهࣸ سࣸنَّاجِ طِࢽْ ࡶَرْبَعَةࣻکࣽطِنَىْ غَسْلࣸ
تَکَࢽْ ڧِغَدࣸوْاْ تَکࣸوࢽَا أَکٜسࣸواْ,تَکَࢽِ ڧِغِدࣸوْاْ تَکࣸوࢽَاأَکٜيٰسࣸواْ
بعدالذهب فوم ابطلواسڢها ؞ شڢاعةالمصطڢى والملک والرسل,ڢدلذهب فوم ابطلواسڢها ؞ شڢاعت المصطڢى والمنک وللرسل
مَاسࣸ تَيْمَکَ يَٜࢽْ غَرَايࣸو  مَاسࣸ ثِࢽْ کَايَࢽْ مَرَايࣸو,مَاسࣸ تَيْمَکَ يَٜࢽْ غَرَايࣸو  مَاسࣸ ثِࢽْ کَايَࢽْ مَرَايࣸو
٢٠  شِي يَطَوکَکَـ بِرْبِشِࢽْسࣸ     حَسَّدَرْسࣸ تَهَلَّکَاسࣸ,١شِى يَطَوْکَکَ بِرْبشِࢽْسࣸ  حَࢽَّدَرْسࣸ تَهَلَّکَاسࣸ
کَثٜى اَرْزِڧِسࣸ وَتَاالڧِيَامَا    اِدَࢽْ سࣸࢽمَثٜى کَوسࣸࢽايِࢽ زِࢽَا,کَثٜي أَرْزِڧِسࣸ وَتَاالڧيَامَا   إِدَࢽْ سࣸࢽْمَثٜى کࣸوسࣸࢽَايِࢽْ زِࢽَا
کࣸࢽَاجِࢽْ کَرَمࣸ السࣸيدِ مَهْدِيّࣸ مࣸࢽْتَظَرْ ؞ کࣸسَࢽْ کࣸمَ جِيکَاࢽٜيٰ ࢽَأَࢽَّبِ أَحْمَدَا,کࣸࢽَاجِࢽْ کَرَامࣸ السِيدِ مَهْدِيّࣸ مࣸࢽَْظَرْ ؞ کࣸسَࢽْ کࣸمَ جِيکَاࢽٜيٰ ࢽَأَࢽَّبِ أَحْمَدَا
٢٥  مَيْ أَدࣸواْ دَيَوَࢽْ مࣸضࣸورِي   غَاصِڢَامَرَشِࢽْ ڧࣸصࣸورِي,٣٧مَيْ أَدࣸواْ دَيَوَࢽْ مࣸضࣸورِي  غَاصِڢَامَرَشِࢽْ ڧࣸصࣸورِي
جَمَعَامࣸطَوْحَڧࣸرِى مࣸذَلاَڢِيَا   کࣸمَ کَرْمࣸدࣸوسَ مࣸسࣸ ڧࣸرَيْ دَمࣸتاࢽٜيٰ,جَمَعَامࣸطَوْحَڧࣸرِي مࣸذَوْࢽَالَاڢِيَا  کࣸمَ کَرْمࣸدࣸوسَ مࣸسࣸ ڧࣸرَيْ دَمࣸتَاࢽٜيٰ
دࣸکْ کَيࣸومَسࣸ إِࢽْدَهَالِي    إِࢽْ ڢِتَࢽْ کࣸواْيَيْ دَلِيلِي,دࣸکْ کَيࣸومَسࣸ إِࢽْدَهَالِي  إِࢽْ ڢِتَࢽْ کࣸواْيَيْ دَلِيلِي
ييم کي,ييم کي
سَࢽّࣸ طَامَى ݣࢽْࢽ ڟَيَاوَا    مَىْ يَوَࢽْ ڢَرَعَادَکࣸوْاْوَا,سَࢽْ کََࢽْ ڟَمِࢽْ ڟَيَاوَا   مَيْ يَوَࢽْ ڢَرَمَادَکࣸوْاْوَا
بَرْدٜࢽْ شِغَااَلْجَࢽَّ ڧَمْشِي بَيَاجِبَا ؞  شِيمَاحَدِيثِࢽْ کࣸسَوْرَرِ ڢَاءِدَا,بَرْدِرْشِغَااَلْجَࢽَّ ڧَمْشِي بَيَاجِبَا ؞  شِيمَاحَدِيثشِ ࢽِي کࣸسَوْرَارِ ڢَاءِدَا
إدࢽ الله کاࢽڢ ذامتاشي   ميادوزࢽغ سيجمع ࢽصارا,ادࢽ الله کاࢽڢ ذامتاشي  ميادوزࢽغ سيجمع ࢽصارا
يَايِي ࢽَوْيِي کَرْأَبَاسَࢽْ   هَࢽّࣸࢽْ هَلَکَاأَثࣸوسَࢽْ,يَايِي ࢽَوْيِي کَرْأَبَاسَࢽْ هَࢽّࣸوَࢽْ هَلَکَاأَثࣸوسَࢽْ
هَکَ يَارࣸواْطَࢽْسَ کࣸوْاسَوْ    بَاسَ طَلْحَةَيَوْأزَزَّوْ,هَکَ يَارࣸوَاطَࢽْسَ کࣸواْسَوْ  بَاسَ طَلࣸحَةَ يَوْأَزَزَّوْ
بَرِسࣸࢽْ  أَبࣸࢽْرِيَا إࢽْ طَࢽَاسࣸࢽْ ڧَارࣸوَا,بَرِسࣸࢽْ أَبࣸࢽْرِيَاإِࢽْ طَࢽَاسࣸࢽْ ڧَارࣸوَا
يَٰال يَرْنࣸمࣽ وٰٜيدࣸأَنَّبِ أَحْمَدࣸ هࣽنامّࣸ درڢردوس سَارٜدٜبࣽنتَتَا,يَالَ يَرْنࣸمࣸ وٜيٰدࣸ أࣸنَّبِ أَحْمَدࣸهࣸنَامّࣸ درڢٜردࣸوسَ سَارٜدٜبࣽنْتَتَا
مَيْحَࢽْکَلي شيࢽي متࢽ غمحوکثي وعظي غمي لورا دذࢽثࢽ عࢽ عوا,مَيْحَࢽْکَلِي شِيࢽٜي مࣸتࣸࢽْ غَهَحَوکَثِي وَعَظِي غَمَيْ لࣸورَادَذَࢽثِࢽْ عࢽْ عوَا
کࣸبَرْسࣸࢽْ زَمَاڢَ أَکَࢽْ تَڢَرْکِيڢَ کࣸࢽجِيَا ؞  شِيمَا حَدِيشِ ࢽٜي کࣸسَوْرَارِ ڢَاءِدَا,کࣸبَرْسࣸࢽْ زَمَاڢَ أَکَࢽْ تَڢَرْکِيڢَ کࣸࢽّجَيَا ؞ شِيَمَاحَدِيشِ ࢽٜيٰ کࣸسَوْرَارِ ڢَاءِدَا
ذاعَ ࢽࣸوࢽَاࢽٜيٰ أَشَاوَرْ ثِي يَٜࢽْ وࣸتَا حَرْأَشَاوَرْ,ذَاعَ ࢽࣸوࢽَاࢽٜيٰ أَشَاوَرْ ثِي يَࢽْ وࣸتَ حَرْأَشَاوَرْ
کتاب احمدبࢽ,کتاب احمدبࢽا
غَاڧࣸوڧَرِي غَاحَࢽْڧࣸرِي غَاحَࢽْکَلِي   کࣸمَ غَابِيَيَّاغࣸࢽْ مَذَاجَࢽْ أَوْرٜيٰ,غَاڧࣸوڧَرِي  غَاحَࢽْڧࣸرِي   غَاحَࢽْکَلِي  کࣸمَ غَابِيَيَّاغࣸࢽْ عَذَلِيَࢽْ أَوْرٜيٰ
اتى الکذوب بن ورالفول مڢتى ياعهيحات جل کلام الله عࢽ مثل,اتى الکذوب بن ورالفول مڢتر يا عهيحات جل کلام الله عࢽ مثل
مَي؞ثِࢽْ حَرَامࣸࣸ دࣸودَکَرَاهِيَا   الدّࣸعَاتَسَىٰ بَاتَاوࣸرِࢽْذࣸوَا,مَيْثِࢽْ حَرَامࣸ دࣸودَکَرَاهِيَا   اَلدّࣸعَاتَسَىٰ بَاتَاوࣸرِࢽْذࣸوَا
تَاتَرَسْ دَمࣸتࣸمْ مَسَاڧِ  يَازَغٜىٰ يَاڧَارٜيٰ مِڧ,تَاتَرَسْ دَمࣸتࣸمْ مَسَاڧِ يَازَغٜىٰ يَاڧَارٜىٰ مِيڧِ
بَاتَ,بَات
بَسࣸ سَࢽْ لࣸوْتࣸࢽْ دَذَىْ غَمَابَا,بَسࣸ سَࢽْ لࣸوْاْتࣸࢽْ دَذَىْ غَمَابَا
أَوْضٜيٰ ࢽَبَيْوَاࢽَادَبَڧِࢽْ ثِکِي   مَيْيِࢽْ سَا يَاڧِ يَاثِي غِدَاࢽَسَا,أَوْضٜيٰ ࢽَبَيْوَاࢽَادَبَڧِࢽْ ثِکِي  مَيْيِࢽْ سَايَاڧِ يَاثِي غِدَاࢽَسَا
ࢽَتَڢࣸواْمَک بَادَ تَمْبَيَابَا,ࢽَتَڢࣸواْمَکَ بَادَتَمْبَيَابَا
بَکَ ذَاݒِ ذَمَاأَهَلَّکَابَا,بَکَ ذَاݒِي ذَمَاأَهَلّࣸکَابَا
سَيْ مَشَاوَرْتاسࣸثٜىٰ کࣸوْا دَمَى بࣸلَّࢽْ أطَوْکࣸواْ,سَيْ مَشَاوَرْتَاسࣸثٜيٰ کࣸواْ دَمَىْ بࣸلَّࢽْ أَطَوْکࣸواْ
وَتَاخِيرࣸࡼلسّࣸهࣸورِعٜنٜنّࣸفࣽلْ سࣸفࣸللَرِوَلاَيࣸبَٰلِغࣸ,وَتَاخِيرࣸ ࡼلسّࣸهࣸورِعٜنٜنّࣸفࣽلْ سࣸفࣸلَرِوَلاَيࣸبَٰلِغࣸ
سِرِِّوَاࢽِي بَادَشَاوَرَابَا,سِرِّوَࢽِي بَادَشَاوَرَابَا
بَاسࣸ کࣸواْسَامࣸࢽْ سَرَارٜيٰ   سَيْ دࣸحࣸو مَيْطَوْرَأَوْرٜيٰ,بَاسࣸ کࣸواْسَامࣸࢽْ سَرَارٜيٰ سَيْ دࣸحࣸومَيْطَوْرَأَوْرٜيٰ
أَلࣸهَالِي بَاذَاشِ کࣸواْمࣸوَابَا,أَلࣸهَالِي بَاذَاشِ کࣸواْمࣸوَابَا
اࢽبتدع کتب هذاالکتاب يوم الاثࢽيࢽ ڢي,اࢽبتدع کتب مذاالکتاب يوم الاثيࢽ ڢي
سَادَيَٜࢽْ سِحِرِي غَلَيْڢِي   ذَاأکَࢽْ بِطَ ࢽَاسࣸ جَوْڢِي,سَادَيَࢽْ سِحِرِي غَلَيْڢِي  ذَاأَکَࢽْ بِطَ ࢽَاسࣸ جَوْڢِي
جَوْلٜيلٜ مَيْرࣸيَمٜيلٜ مَيْرࣸدࣸحࣸوْنناࣸࢽْ کِمّࣸرْطࣸ جَوْلٜ عٜيَامْدٜکِرْسَࢽْ حارَتَا,جَوْلٜلٜدٜ مَيْرࣸعٜمٜيلٜ سَيْرࣸدࣸحࣸوْنِناࣸࢽْ کٜمّࣸرْطࣸ جَوْلٜ عٜيَامْدٜجِزْاسَࢽْ حَارَتَا
مَڢِي يَوَࢽْسࣸ سࣸࢽَادَبࣸکَاتَرْ بࣸغࣸومِࢽْ؞ وَطَࢽْسࣸمَا سࣸکَࢽْ,مَڢِي يَوَࢽْسࣸ سࣸࢽَادَبࣸکَاتَرْبࣸغࣸومِࢽْ وَيْوَطَࢽْسࣸمَاسࣸکَࢽْ
إِࢽْ دࣸوࢽِيَࢽَࢽَا ذَاتَا تَبِرْکِتَا   مثِيَاَ أَمَاࢽَاࢽٜيٰ ذَاسࣸيْ يَوَا,إِࢽْ دࣸوࢽِيَࢽَࢽَاذَاتَاتَبِرْکِتَا  مَثِيَاأَمَاࢽَاࢽٜيٰ ذَاسࣸيْ يَوَا
إِذَرْ کࣸکَثٜيٰ أَّيْ مࣸوڢَ بَمࣸسَࢽْ بَا شَرْࢽَهࣸ ؞ مࣸࢽࣸوࢽَ بَيَاࢽِ کَسَࢽْتَ دَرَجَ مࣸحَمَّدَا,إِذَࢽْ کࣸکَثٜيٰ أَيْ مࣸوڢَ بَمࣸسَࢽْ بَ شَرْࢽَهࣸ ؞ مࣸࢽࣸوࢽَ بَيَاࢽِ کࣸسَࢽْتَ دَرَجَ مࣸحَمَّدَا
ڢصل ناالص اط,ڢصل نا الص اط
بتوࢽا شيخ ييش باشتاش    سعاتاياڢدٜيت تاࢽصارا,بتوࢽاشييخ ييش باشتاش سعاتاياڢديت تاࢽصارا
مَالَمْ يَثٜيٰمَࢽَادࣸوجَلْ ࢽَاذࣸوَا   ذَايَذࣸوايَيِ سَرَوْتَادࣸوࢽِيَا,مَالَمْ يَثٜيٰمَࢽَادࣸوجَلْ ࢽَاذࣸوَا  ذَايَذࣸواْيَيْ سَرَوْتَادࣸوࢽِيَا
مَيْغࣸمَاذَمَالَمِيࢽٜىٰ    وَࢽْدَبَاشِغَامࣸتَاࢽٜىٰ,مَيْغࣸمَاذَمَالَمِيࢽٜيٰ وَࢽْدَبَاشِ شِغَامࣸتَاࢽٜيٰ
مࣸصْطَڢَى ࢽى شࣸوغَبَࢽسࣸ  کࣸواْدَ يَزَّکَ ڧَارِشَࢽْسࣸ,مࣸصْطَڢَى ࢽٜىٰ شࣸوغَبَࢽْسࣸ کࣸوْاْبَيَزَّکَ ڧَارَشِࢽْسࣸ
حَکَ مَاسࣸ لٜيٰڧيٰ غࣸࢽْ مَّدࣸابَࢽْ دࣸࢽِيَا   کࣸلّࣸ سࣸࢽَاطَيٜيٰ ثَࢽْ أَبَاکِࢽ زَوْرٜي,حَکَ مَاسࣸ لٜيٰڧٜيٰ غࣸࢽْ مَّدࣸابَࢽْ دَوࢽِيَا کࣸلّࣸ سࣸࢽَامَيٜيٰ ثَࢽْ أَبَاکِࢽْ زَوْرٜيٰ
دࣸࢽْ شِمَىْ ڢِدَّاءࣸدࣸࢽْ سࣸ    کٜىٰ بِطَرْڢَضَلَاغَرٜىٰسࣸ,دࣸࢽْ شِمَىْ ڢِدَّاءࣸدࣸࢽْ سࣸ کٜىٰ بِطَرْڢَضَلَاغَرٜىٰسࣸ
سࣸوࢽَࢽْةعَاء ثِکِࢽْ کَڟِࢽَا  أسْکْکّࣸتࣸوْاْ سَيْ تَثٜي مَيْمࣸࢽَا,سࣸوࢽَࢽْةَ عَاثِکِࢽْ کَڟِࢽَا   أَسْکَکّࣸتࣸوْاْکࣸواْسَيْ تَثٜي مَيْمࣸࢽَا
يَارَࢽْ دَذاأَيْ ڧَرْشَࢽْ زَامَࢽي  بَاسࣸتَوْسَࢽْ مَحَيْڢَيٰ ࢽَاجِيَا,يَارَࢽْ دَذَاأَيْ ڧَرْشَࢽْ زَامَࢽِي بَاسࣸتَوْسَࢽْ مَحَلِڢَيٰ حَاجِيَا
وَطَࢽْسࣸ سࣸشࣸوطٜيٰ ࢽَࢽْ دَࢽَࢽْ بَاوࣸيَاکࣸرࣸمْ   کَمَرْوَلَڧِيَرْ حَدَرِي ڢَتَارٜيٰدَأَحْمَدَا,وَطَࢽْسࣸ سࣸشࣸوطٜيٰ ࢽَࢽْ دَࢽَࢽْ بَاوࣸيَاکࣸرࣸمْ  کَمَرْ وَلْڧِيَرْ حَدَرِي ڢَتَارٜيٰدَاَحْمَدَا
اَللَّهࣸ مࣸࢽَارࣸوڧࣸࢽْکَ سَرْکِي عࣸبَࢽْغِجِ ؞ دَدَرَجَلْ مَسࣸويٰٜࢽْ ࢽَاکَ أَࢽَّبِ أحْمَدَا,اَللَّهࣸ مࣸࢽَارࣸوڧࣸࢽْکَ سَرْکِي عࣸبَࢽْغِجِ ؞ دَدَرَجَلْ مَسࣸويࣸࢽْ ࢽَاکَ أَࢽَّبِ أَحْمَدَا
سَىْ يَثٜىٰ يَاذࣸوْالجَلَالِ     أࣸمَّتِي يَاذࣸوْالْجَلالِ,سَىْ يَثٜىٰ يَاذࣸوْالْجَلَالِ  أࣸمَّتِي يَاذࣸوْالْجَلَالِ
شِبِ الله بَادَ کَࢽغَرَابَا,شِبِ اَللهْ بَادَکَࢽْغَرَابَا
يَاکَشٜيٰ أَثِکِࢽْ ثِيَرْوَا    کࣸواْ ذَامَامَيْ ڧَايَتَرْوَا,يَاکَشٜيٰ أَثِکِࢽْ ثِيَرْوَا کࣸوْاْذَمَامَيْ ڧَايَتَرْوَا
أَرْزِڧِࢽْسَ يَهَسْکَ ڧِرْجِࢽْ   اَلࢽَّبِࢽْسَ أبࣸوکَ بَرْجِࢽْ,رَزِڧِࢽْسَ ࢳَࢽْکَ ڧِرْجِࢽْ  اَلࢽَّبِࢽْسَ أَبࣸوکَ بَرْبِࢽْ
سَىْ غَبَࢽْ کࣸرْسِࢽْ سَرَوْتَا    دࣸࢽْذࣸوَࢽَّࢽْ يَاوࣸيَاتَا,سَيْ غَبَࢽْ کࣸرْسِࢽْ سَرَوْتَا  دࣸࢽْ ذࣸوَࢽَّࢽْ يَاوࣸيَاتَا
بَاکࣸواْمَيْ ڢَادَ هَلَّکَابَا,بَاکࣸواْمَيْ ڢَادَ هَلَّکَابَا
سَادَمَىْ سࣸجَدَاغَغࣸࢽْکِي     کࣸوْاْشَرِيْعَابَبࣸ حَکِّي,سَادَمَيْ سࣸجَدَاغَغࣸمْکِي کࣸوْاْشَرِيعَابَابࣸ حَکِّي
جِيْکَࢽْ عَدْࢽَاࢽِ طَࢽْ سࣸوَيْبَا,جِيْکَࢽْ عَدَࢽَاࢽِ طَࢽْ سࣸوَࢽْبَا
دࣸوࢽِيَا مَرْ مَاهࣸوتَا   رَࢽْدَ ڟَيْوَا تَاڟَࢽَࢽْتَا,دࣸوࢽِبَاعَرْمَامَهࣸوتَا   رَࢽْدَڟَيْوَاتَاڟَࢽَࢽْتَا
جَمَعَ مࣸسّْࣸمِي إِࢽْ سࣸࢽَيَاڧِکَيْ   سࣸࢽَاکَشٜيٰ جࣸوࢽَاࢽَاسَاڢَرِي,جَمَعَ مࣸسࣸلْمِي إِࢽْ سࣸࢽْيَاڧِکَيْ  سࣸࢽَاکَشٜيٰ جࣸوࢽَاࢽَاسَاڢَرِي
نعم لافوات کل الخلڡ فدرها ؞ عدبى الخلڡ والارزاڡ والاجل,نعم لافوات کل الخلڡ فدرها ؞ عدبر الکلڡ والارراواولا
وࢽس,وࢽس
کَضࣸڢَامࣸ,کَڟࣸ ڢَارࣸ
عِوࣸسْبَادٜوَالاِسْتِنسَاڡࣸ عٜسࣽرْکِنَادٜوَفِيَامࣸ,عِوࣸسْبَادٜوَالاِسْتِسَاڡࣸ عٜسࣽرْکِنَادٜوَفِيَامࣸ
بࢽ,بࢽ
مَيْسَࢽْࢽࣸويَارِࢽْيَاأَعِࢽَاکِککٜيٰ  دࣸوڢَاسِڧَيْࢽٜيٰ بَاوَتَاغَرْدَمَ,مَيْسَࢽْࢽࣸويَارِࢽْيَاأَعِࢽَاکِکٜيٰ دࣸوڢَاسِڧَيْࢽٜيٰ بَاوَتَاغَرْدَمَ
طِࢽْ خَمْشَةࣻکࣽجࣽوِتَعْجِيلࣸ ࡼلْڢِطْرِکࣽيَذِّنْدٜطَيْرٜ,طِࢽْ خَمْشَةࣻکࣽجࣽوِتَعْجِيلࣸ ࡼلْڢِطْرِکࣽيَذِّنْدٜطَيْرٜ
وَࢽْسࣸ کࣸوْاْشِڟيَاأَڧِرْجِي  غَاشِ رَاࢽَاتَايِي غَرْجِي,وَࢽْسࣸ کࣸوْاْشِڟَيَاأَڧِرْجِي   غَاشِ رَاࢽَاتَايِي غَرْجِي
مࢽ خمسمانةعام کل واحدة ؞ کذارتڢاع سموک الکل لاتحار,مࢽ خمسمانة عام کل واحدت ء؞ کذارنڢاع موک الکل لال
سࣸوࢽْ ڢَڧࣸرْءَاࢽࣸ أڢَّسࣸوࢽْ سَرْکِي رِڧٜي تࣸتࣸتْ کࣸلّࣸ يَوْمِ,سࣸوࢽْ ڢَڧࣸرْءَاࢽࣸ أَڢَّسࣸوࢽْ جَلَّ سَرْکِي  حَرْمَأَيْکِرِرِڧٜيٰ تࣸتࣸتْ کࣸلّࣸيَوْمِ
وَطَࢽْدَأَيࣸکَّاسࣸࢽْکَ دَيْدَيْتَ أَࢽْکَثٜيٰ  ڢَسࣸوأَکَکَيْ لاَغْرَاڢࣸ إِࢽْجِ مࣸحَمَّدَا,وَطَࢽْدَأَيࣸکَّاسࣸࢽْکَ دَيْدَيْتَ أَࢽْکَثٜيٰ  ڢَسࣸوأَکَکَيْ لَعْرَڢࣸ إِࢽْجِ مࣸحَمَّدَا
کࣸواْرࣸڢِي طَيْ إِࢽْ کَغَاࢽٜيٰ  کَࢽْ أَکَيْ طَيَ شٜيٰکَرَاࢽٜيٰ,کࣸواْرࣸڢِي طَيَ إِࢽْ کَغَاࢽٜيٰ کَࢽْ أَکَيْ طَيَ شٜيٰکَرَاࢽٜيٰ
غَايَوَࢽْ ࢽَڟࣸوَادَعِڢَّا     غَاشِ ݣَيݣَّياوَاغَصِڢَّا,غَايَوَࢽْ ࢽَڟࣸوَادَعِڢَّا غَاشِ کَيْکَّيَاوَالْصِڢَّا
وَالصلاة والسلام,والصلاة والسلام
ڢصل نا الجابزات ڢمنحارويةالمولى سبحا نه وتعلى,ڢصل نا الجابز ات ڢمنماروية المولى سبحانه وتعلى
بَࢽْ إيَاوَاشِى إسَࢽْسَى     يَاڢِتࣸوْاْمࣸوࣸثٜىٰ غَعِيسَىٰ,بَࢽْ إِيَاوَاشِي إِسَࢽْسَى يَاڢِ تࣸوْاْمࣸوࣸثٜىٰ غَعِيسَىٰ
بَاذَاعَ ڢِتࣸواْ دَسࣸوتࣸدࣸوبَا,بَاذَاعَ ڢِتࣸواْدَسࣸوتࣸدࣸوبَا
أَيِوࣸومَسْ حِسَابِ دَڟَࢽَِࢽِيڢَ کࣸࢽجِيَا ؞   دَسْرِِيࢽَ ڟَࢽَࢽْ تَاوَا دَيْ إِࢽْجِ أَحْمَدَا,أَيِوࣸومَسࣸ حِسَابِ دَطَࢽَࢽِيڢَ کࣸࢽْجِيَا ؞ دَسࣸسْ يِࢽْ طَࢽَࢽْ تَاوَادَيْ إِࢽْجِ أحْمَدَا
بَاحَࢽْيَاثٜيٰ تَغَاڢَرَابَا,بَاحَࢽْيَاثٜيٰ تَغَاڢَرَابَا
ࢽَڟࣸوَاإِتَثٜيٰ مَثٜيٰ کࣸويَرْوَاثٜيٰ   إِࢽْ کَغَ بَاࢽْڟࣸوَاکَبَجٜيٰتَا,ࢽَڟࣸوَاإِتَثٜيٰ مَثٜيٰ کࣸويَروَاثٜيٰ إِࢽْ کَغَ بَاࢽَڟࣸوَاکَبَجٜيٰتَا
شِي أَکَىْ مَسَ يَࢽْذࣸعࣸوسࣸ    يَاحَࢽَادَوْرِي غِدَࢽْسࣸ,شِي أَکَىْ مَسَ يَࢽْذࣸعࣸوسࣸ  يَاحَࢽَادَوْرِي غِدَࢽْسࣸ
شِࢽَاڢَ دَتࣸوذࣸاحَرْبَکࣸيْ وَاللَّهْ أَࢽْکَثٜيٰ   ࢽَڢَارِࢽْ وَطَࢽْسࣸ کَرَرَّبَا دَمࣸحَمَّدَا,شِࢽَاڢَ دَتࣸوذࣸواحَرْبَکࣸيْ وَاللّه أَࢽْکَثٜيٰ  ࢽَڢَارِࢽْ وَطَࢽْسࣸ کَرَرَّبَادَمࣸحَمَّدَا
دَبَزَيْ کࣸࢽْيَاأَلَاخِرَابَا,دَبَزَيْ کࣸࢽْيَاأَلَاخِرَابَا
کࣸووَّا يَايَرْدَا دَسࣸوا يَايِ کࣸوکَا  دَسࣸودَابࣸوبࣸوا کَࢽْسࣸ عࢽ عࢽ ࢽَاسْکَا,کࣸووَّايَايَرْدَادَسࣸواْيَايِي کࣸوَکَا   دَسࣸودَأَبࣸواکَࢽْسࣸ عَࢽ عَࢽْ ࢽَاسْکَا
شِدَوَࢽْکَࢽْ مَاسࣸ جَوْزَا    ࢽَاجِ غࣸࢽْ مَالَمْ يَهࣸوذَا,شِيدَوَࢽْکَࢽْ مَاسࣸ جَوْزَا ࢽَاجِ غࣸࢽْ مَالَمْ يَهࣸوذَا
أَݣوࣸيْ مَاتَامَيْ ڧَوْࢽَرْاِللَّهࣸ  بَاتَ ࢽࣸڢِࢽْ کࣸووَادَمࣸغࣸࢽْتَا,أَݣࣸويْ مَاتَامَيْ ڧَوْࢽَرْ اِللَّهْ بَاتَ ࢽࣸڢِࢽْ کࣸووَادَمࣸغࣸࢽْتَا
بَکࣸ سَࢽْ شِيࢽٜيٰ مَلَاءِکَابَا,بَکࣸ سَࢽْ شِࢽٜيٰ مَلَاءِکَابَا
غَوَطَࢽْدَبَسࣸى مࣸوَاڢَڧَابَا,غَوَطَࢽْدَبَسࣸي مࣸوَاڢَڧَابَا
رَبَّࢽَا يَاغِرْمَمَاکَا    تَࢽْ سَشِࢽْ سَوْرَࢽْ مْأَيْکَا,رَبَّࢽَايَاغِرْمَمَاکَا  تَرْسَشِࢽْ سَوْرَࢽْ مَأَيْکَا
ذࣸثِيَاتَسَ غَاإِعَاࢽَا    غَاکِيَايٜيٰورْأَََمَاࢽا,ذࣸوثِيَاتَسَ غَاإِعَاࢽَا  غَاکِيَايٜيٰوَرْأَمَاࢽَا
حَرْأَرَࢽْ ضِيغَاکَهَࢽَامَسَا    دَوْطَرْغَبَاࢽَسَاتَاڢِي غࣸبَادَڢِي,حَرْأَرَࢽْ ضِيغَاکَهَࢽَامَسَا   دَوْطَرْغَبَاࢽَسَاتَاڢِي غࣸبَادَڢِي
ودَّتَذَمْ بَتَ وَࢽَکٜيٰ تࣸڢَابَا  شِيکٜيٰ شَيْدَا أَࢽْغَ ڧَذَࢽْتَا,وَدَّتَذَمْ بَتَ وَࢽْکٜيٰ تࣸڢَابَا  شِيکٜيٰ شَيْدَا أَࢽْغَ ڧَذَࢽْتَا
کَسَࢽ مَيذِࢽَاشيْکَ غَابَادَالله    دَيَک مࣸحمديَيࣸوزِࢽَا,کࣸسَࢽْ مَيْذِࢽَاشِيکَ غَابَادَالله دَيْکِ مࣸحَمدِيَيࣸوزِࢽَا
صَلِّ عࣸبَࢽْ غِجِ غَشࣸو مَاغَبَࢽْمࣸ   حَرْءالَيْ صَحَابِهِ مَاسࣸ طَاعَ,صَلِّ عࣸبَࢽْ غِجِ غَشࣸومَاغَبَࢽْمࣸ  حَرْءَالَىْ صَحَابِهِ مَاسࣸ طَاعَ
وَࢽَࢽْ مَّاتَا بَامَثِثٜيٰبَا   دَيْࢽَ ࢽࣸڢِࢽْتَ کَبَرْ شَأَوَتَّا,وَࢽَّࢽْ لَاتَابَامَثِثٜيٰبَا  دَيْࢽَ ࢽࣸڢِࢽْتَ کَبَرْشَأَوَتَّا
مَاسࣸ ڧِوْيَرْڢِدَّذَکَّا    ذَاأَبَاتَ تَمࣸوڟَ حَوْکَا,مَاسࣸ ڧِوْيَرْڢِدَّذَکَّا  ذَاأَبَاتَ تَمࣸوڟَ حَوْکَا
الکِتَابࣸ الْحَاجِ,اَلْکِتَابࣸ الْحَاجِ
وفدمض الفول ت وجماالدليل بما ؞ فداتى ل الله نصاغيرمحتل,وفدمض الفول ت وجه الدليل يما ؞ فذانى ل الله نصاغيرمحتمل
بَکَاسࣸوأثٜي کَيامࣸࢽْثِي دَسࣸوبَا  أدَوࣸمِࢽْ مَکࣸومَاتَمٜييࢽْ زِࢽَا,بکَاسࣸواثٜي کَيَامࣸࢽْثِي دَسࣸوبَا  أدࣸومَࢽْ مࣸکࣸومَاتَمييࢽْ زِࢽَا
تعالى کريم دَغَرِ مِࢽْکَ الله  کڢٜشي مࣸ کَمَيَا مࣸتَاࢽٜي زِࢽَا,تعالࢽ کريمِ دَغَرسࢽک الله کڢٜشبي م کࣸميامتَاࢽٜي زِࢽدا
ڟَيْوَاکࣸوْاْبَادَدࣸدّࣸغٜىٰبَا,ڟَيْوَاکࣸوْاْبَادَدࣸدّࣸغٜيٰبَا
سࣸࢽْ سَࢽْ بَازَاشِ رَايࣸوَابَا,سࣸࢽْ سَࢽْ بَازَاشِ رَايࣸوَابَا
من جل ذلک ڢى الفرءاࢽ کرره ؞ بل اوضح الامࢽ ڢى معنا ه بالمثل,مࢽ اجل ذلک ڢى الفرءاࢽ کرره ؞ بل اوضج الامࢽ ڢى معناه بالمثل
غَاشِ يَࢽْذࣸإِࢽَادَکَايَا   تࣸواْرَغٜيٰمَࢽْ کࣸواْ ࢽَبَايَا,غَاشِ يَࢽْذࣸإِࢽَادَکَايَا  تࣸواْرَغٜيٰمَࢽْ کࣸواْࢽَبَايَا
أَࢽْکَ جٜيٰرَابَارَبٜيٰوَا    سَيْ أَکࣸوݒ ڧَسَرْ هَطَرْوَا,أَࢽْکَ جٜيٰرَابَارَبٜيٰوَا سَيْ أَکࣸوابَ ڧَسَرْهَطَرْوَا
دَمَيْ کࣸبࣸوَڢَّوَطَࢽْدَدࣸکْ أّࢽْکَ تࣸࢽْيَتَا   إِسَاإِࢽْدَمَࢽْيَامَاسࣸ تَمْيࣸࢽْ مࣸحَمَّدَا,دَمَيْ کࣸبࣸوَڢَّوَطَࢽْدَدࣸکْ أَࢽْکَ تࣸࢽْيَتَا   إِسَاإِࢽْدَمَࢽْيَامَاسࣸ تَࢽْيࣸࢽْ مࣸحَمَّدَا
ڧل هو الله,فل صواله
أَىْ بَݣࣸىْ سَىْ سࣸومَ شٜىٰمَا    غَابِطࣸوْامَىْ دࣸوبَ مَامَا,أَيْ بَݣࣸيْ سَىْ سࣸومَ شٜيٰمَا   غَابِطࣸواْمَىْ دࣸوبَ مَامَا
وَࢽْدَکٜيٰ حَکَ بَاسࣸ غِرْمَا   دࣸوࢽِيَا بَلَٜيٰ ڧِيَامَا,وَࢽْدَکٜيٰ حَکَ بَاسࣸ غِرْمَا  دࣸوࢽِيَابَلّٜيٰ ڧِيَامَا
بَاذَي دَرَجَاأَلَاخِرَابَا,بَاذَيْ دَرَجَاأَلَاخِرَابَا
وَلِجَمِيعِ اِلْمࣸسْلِمِيࢽَ,وَلِجَمِيغِ اِلمࣸࢽْلِمِبَ
ثم الکلام له وصڡ يفوم به ؞ کما يليڡ به التتى يه لستطل ال,ثم الکلام له وصڢ يفوم به ؞ کمايليڡ به التتر يا لستطل ال
يَامَثى بَࢽى حَىعَ ڧࣸواْشِيَابَا,يَاثٜىٰ بَࢽْ حِࢽْڢَ ڧࣸواْشِيَابَا
وَلِيَّيْ دࣸبࣸواسِتِّيࢽْ سࣸکَذࣸو سَتَيْکَمَسَ ؞  مَتَتّࣸوا کَرَامَ ثٜيٰ تَبَرْدٜࢽْ مࣸحَمَّدَا,وَلِيَّيَْ دࣸبࣸواسِتِّيࢽْ سࣸکَذࣸوسَتَيْکَمَسَ ؞ مَتَتّࣸواکَرَامَ ثٜيٰ تَبَرْدٜࢽْ مࣸحَمَّدَا
ࡻلنِّيَّةࣸ کࣽࡶَ لنِّيَا دٜ وَالْمَا ءࣸ ࡺلطَّآ هِرࣸ عٜدِ يَمْ للَبࣸطࣸࢽْ,ࡼلنِّيَّةࣸ کࣽࡶَلنِّيَادٜوَالْمَاءࣸ ࡼلطَّاهِرࣸعٜدِيَمْ لَبࣸطࣸࢽْ
مَيْ غࣸجٜيٰمَ مِجِي غَکࣸاࢽَا    دࣸࢽْ يَوَࢽْ ذَاڢِࢽْ ڧِيَاࢽَا,مَيْ غࣸجٜيٰمَ مِجِي غَکࣸاࢽَا  دࣸࢽْ يَوَࢽْ ذَاڢِࢽْ ڧِيَاࢽَا
غَسْکِيَاکࣸمَ ذَاأَغَࢽْسࣸ مَࢽْيَ مَࢽْيَ بِسَࢽْ جِکِࢽْسࣸ,غَسْکِيَاکࣸمَ ذَاأَغَࢽْسࣸ  مَࢽْيَ مَࢽْيَ بِسَࢽْ جِکِࢽْسࣸ
أعِشٜىٰ بَتَ شَامَطِࢽْ بَݣࣸيْبَا,أَعِشٜىٰ بَتَ شَامَطِࢽْ بَݣࣸيْبَا
مَثٜيٰ إِࢽْتَاذَمْ تَکِرْکِ   سَيْ تَذَمْ مَيْ زَوْࢽْ طَاکِ,مَثٜيٰ إِࢽْتَاذَمْ تَکِرْکِ  سَيْ تَذَمْ مَيْ زَوْࢽَ طَاکِ
تَاغَذَشَارٜيٰ ثِکِࢽْ طَاکِࢽْتَا   بَلّٜي ࢽَمِجِࢽتَ بَلّٜيٰ حࣸسْکَتَّا,تَاغَذَشَارٜيٰ ثِکِࢽْ طَاکِࢽْتَا  بَٜيٰ ࢽَمِجِتَ بَلٜيٰ حࣸهْکَتَّا
غَمَاسࣸ رِغَاسࣸ بَاتَ کَࢽْسࣸ غَأَࢽْبِ ؞ دَڧَرْيَةَ ذَࢽْثٜيٰ ࢽَسْ ڢَ أَࢽَّبِ أَحْمَدَا,غَمَاسࣸࢽْ رِغَاسࣸ بَاتَ کَࢽْسࣸ غَأَࢽَّبِ ؞ دَڧَرْيَةَ ذَࢽْثٜيٰ ࢽَسْ ڢَ أَࢽَّبِ أَحْمَدَا
کࣸو سَࢽِي أغَرٜيٰکَ تَارِي جّلِيِّي         وّࢽْدَ دࣸکَّ يَڧِّبِࢽْ حࣸکࣸمثِࢽْ دَيَيِّي,کࣸوسَࢽِي أَغَرٜيٰکَ تَارِي جَلِيِّي  وَࢽْدَدࣸکْ يَڧِّبِࢽْ حࣸکࣸمْثِࢽْ دَيَيِّي
سࣸࢽْ يَوَيْتَوࣸࢽِي دَکࣸاࢽَا    غَايَوَࢽْ مَاتَا ڧَࢽَاࢽَا,سࣸࢽْ يَوَيْتَ وࣸࢽِي دَکࣸاࢽَا  غَايَوَࢽْ مَاتَاڧَࢽَاࢽَا
تَاڢَرِضْتَ بِسَاکِڢَايَهْ     سَيْ أَڟَيْدَا سَهࣸو دَࢽِيَّهْ,تَاڢَرِضْتَ بِسَاکِڢَايَهْ  سَيْ أَڟَيْدَسَهࣸودَࢽِيَّهْ
بَتَبَرْطَرْبَادَمَىْ جِرَابَا,بَتَبَرْطَࢽْ بَادَمَىْ جِرَابَا
کࣸووَايَيِوࣸو ڧࣸلِّ يَتࣸوڢَ ثِکِي ࢽَسَ ؞  کࣸثٜيٰ مَسَ يَيْ سِحِرِي ڢَ إِࢽْجِِ مࣸحَمَّدَا,کࣸوَوَايَيِوࣸوڧࣸلِّ يَتࣸوڢَ ثِکِي ࢽَسَ ؞  کࣸثٜيٰ مَسَ يَيْ سِحِرِي ڢࣸ إِࢽجِ مࣸحَمَّدَا
وَاڧَرْمَجِيْدࣸ,وَاڧَرْمَبِيدࣸ
بَکَسَࢽْ مࣸتࣸوَاتَࢽَاذࣸوَابَا,بَکَسَࢽْ مࣸتࣸوَاتَࢽَاذࣸوَابَا
يَبِ سࣸࢽَّابَادَکَࢽْغَرَابَا,يَبِ سࣸࢽَّابَادَکَࢽْغَرَابَا
يَارࣸومَشَاࢽࣸوࢽࣸويَشَيْدَسَ مࣸࢽَتَڟَرْ ؞  إِتَمَاکَرَامَ ثٜيٰ تَبَرْدٜࢽْ مࣸحَمَّدَا,يَارࣸومَشَاࢽࣸوتࣸويَشَيْدَمࣸࢽْتَظَرْ ؞  إِتَمَاکَرَامَ ثٜيٰ تَبَرْدٜࢽْ مࣸحَمَّدَا
ڢَوَعَظِي دَأَࢽْڢَاࢽِي حَڧِيڧَ اغَمࣸومِࢽَيْ ؞ کࣸدࣸوبَ ڢَذِکرِي کࣸࢽْجِ أࣸمَّ الْمࣸحَمَّدَا,ڢَوَعَظِي دَأَࢽْڢَاࢽِي حَڧِيوَاغَمࣸومِࢽَيْ ؞ کࣸدࣸوبَ ڢَذِکْرِي کࣸࢽْجِ أࣸمَّ الْمࣸحَمَّدَا
بَتَدَمࣸ دّجِࢽْ يَوَࢽْ ڢَطَابَا,بَتَدَامࣸ دَجِࢽْ يَوَࢽْ ڢَطَابَا
اءࣸبَࢽْ صَڢِيَادَعَابࣸ ࢽٜيٰي أَمِيࢽࣸ  بَابَࢽْ مَيْمࣸࢽَا مَوَاڧِࢽْ صَࢽَاعَ,ءࣸبَࢽْ صَڢِيَادَعَابࣸ ࢽٜيٰ ࢽِي أَمِيࢽࣸ   بَابَࢽْ مَيْمࣸࢽَامَوَاڧِࢽْ صَࢽَاعَ
٣٥  ڧَايَوَࢽْ ࢽَڟࣸوَا دَمڢَّا  غَاشِ کَيکَّياوَاغَصِڧَّا,٣٥ غَايَوَࢽْ ࢽَڟࣸوَادَعِڢَّا غَاشِ کَيکَّيَاوَغَصِڢَّا
يٜࢽْ أࣸوَࢽْسَ سࣸزࣸودَࢽَعْشِ   أَࢽْکَبࣸوطٜيٰ أَࢽْ سَکَاشِ,يَٜࢽْ أࣸوَࢽْسَ سࣸزࣸودَࢽَعْشِ  أَࢽْکَبࣸوطٜيٰ أَࢽْ سَکَاشِ
اکي ياجوج بايادتاس علا    سࢽاشل دوࢽيا سڢحي ࢽصارا,أکي ياجوج بايادتاس علا  سࢽا شک دوࢽيا سڢحي ࢽصارا
سࣸدَوکࣸوَامَريَاذࣸوَاعࢽدَاَࢽ غَو    غَتَارࣸسࣸ کواࢽڢاتيزࢽَا,سࣸدَوکࣸوأَمَرْيَاذࣸوَاعِࢽْدَاࢽْ غࣸو  غَتَارࣸسࣸ کࣸواࢽَڢَاتَيکزِࢽَا
کࣽوَيْدٜدِيَرْوَعَدَمࣸ ࡼلْفࣸدْرَةِعٜوَيْدٜوَوْدٜ,کࣽوَيْدٜدِيَرْ وَعَدَمࣸ ࡼلْفࣸدْرَةِعٜوَيْدٜوَوْدٜ
دࣸࢽْ شِݣَيوْتَ طِيَࢽْ غِدَࢽْسَ    وَࢽْدَيَڧِ يَثࣸوثِ کَࢽْسَ,دࣸࢽْ شِکَيوْتَ طِيَࢽْ غِدَࢽْسَ   وَࢽْدَيَڧِ يَثࣸوثِ کَࢽْسَ
بَتَ أَࢽْڢَاࢽٜٜٜيٰشِ دࣸوࢽْ يَوَابَا,بَتَ أَࢽْڢَاࢽٜيٰشِ دࣸوࢽْ يَوَابَا
جٜيٰ سࣸغَࢽْکَ سࣸسَࢽْ سࣸکࣸوࢽِي   مࣸصْطَڢَي أَࢽْبَاإِذْࢽِي,جٜيٰ سࣸغَࢽْکَ سࣸسَࢽْ سࣸکࣸوࢽِي مࣸصْطَڢَى أَࢽْبَاإِذْࢽِي
رࣸࢽْجِ بَتَ کࣸاࢽَا لَاڢِيَا,رࣸࢽْجِ بَتَ کࣸاࢽَالَاڢِيَابَا
کَࢽَاشَأَوَࢽَّا کَࢽَاکࣸمَ سࣸࢽْتَا   بَادَࢽْ اللَّهْ بَا کىٰ ڧٜيٰلٜيٰتَا,کَࢽَاشَأَوَࢽَاکَࢽَاکࣸمَ سࣸࢽَتَا   بَادَࢽْ اِللَّهْ بَاکَيٰ ڧٜيٰلٜيٰتَا
طَايَثٜيٰمَ أࣸبَاوَحَلْشٜيٰ مࣸ دَادَکَکٜي يَبَاشٜيٰ,طَايَثٜيٰمَ أࣸبَاوَحَࢽْشٜيٰ مࣸ دَادَکَکٜىٰ يَبَاشٜيٰ
بَىْ تَاࢽَجِ دࣸوکِيَرْبِيَابَا,بَيْ تَاࢽَجِ دࣸوکِيَرْ بِيَابَا
بَکَ سَامِ رࣸوَࢽْدَکَاحَطٜيٰبَا,بَکَ سَامِ رࣸوَࢽْدَکَاحَطٜيٰبَا
إِࢽْ عَࢽْ غََبَسْࢽٜيٰ عَاجٜيٰ دِيکࣸوَا     إِࢽْ أَࢽْيِي يَمَّا عَاجٜيٰ ثَࢽْثَغَا,إِࢽْ عَࢽْ غَبَسْࢽٜيٰ عَاجٜيٰ دِيکࣸوَا  إِࢽْ أَࢽْيِي يَمَّاعَاجٜيٰ ثَࢽْثَغَا
وَاڧَرْ مَجِيد,وَاڧَرْمَجِيدࣸ
کࣸبَرْسࣸࢽْ بࣸغࣸࢽْسࣸ کَسِدِࢽْ دࣸࢽْ اَللَّهࣸ يَࢽْاءࣸوَا ؞  کࣸطَوْرٜي سࣸ تࣸوکࣸࢽجِ ذَࢽْثٜي مࣸحَمَّدَا,کࣸبَرْسࣸࢽْ بࣸغࣸࢽْسࣸ کَسِدَࢽْ دࣸࢽْ اَللَّهࣸ يَࢽَاءࣸوَا ؞  کࣸطَوْرٜي سࣸ تࣸوکࣸࢽْجِ ذَࢽْثٜيْ مࣸحَمَّدَا
دَمَاوࣸتَاثٜيسࣸ ثَاࢽَ أَدࣸوࢽِيَا ؞  هَکَࢽَا ڧِيَامَ دࣸࢽْ ڧِيَيَّرْ مࣸحَمَّدَا,دَمَاوࣸتَاثٜيسࣸ ثَاࢽَ أَدࣸوࢽِيَا ؞  مَکَࢽَاڧِيَامَ دࣸࢽْ ڧِيَيَّرْ مࣸحَمَّدَا
إِࢽْ يَڟِغٜثٜيٰ لَالࣸبࣸواشِ   وْࢽْغَ ذَࢽْثٜيٰ بَاشِ تَاشِ,إِࢽْ ڢَڢٜثٜىٰ لَلَبࣸواشِ وَࢽْغَ ذَڧْثٜىٰ بَاشِ تَاشِ
حَرْحَوْسَ سࣸࢽْيِ کَرِࢽْبَتࣸوࢽْسࣸ کَࢽْهَکَ   بَاعَ عِيَاوَدࣸوࢽِيَا دَمࣸتَاࢽٜيٰ,حَرْحَوْسَ سࣸࢽْيِي کَرِࢽْبَتࣸوࢽْسࣸ کَࢽْهَکَ   بَاعَ عِيَاوَدࣸوࢽِيَادَمࣸتَاࢽٜيٰ
دَࢽْ ڧَارَبࣸوطَ بَصِيرَا غَمَࢽْ إِتَاَإِࢽْ يَّغَࢽِي سَيْ,دَࢽْ ڧَارَبࣸوطَ بَصِيرَاغَمَࢽْ إِتَاإِࢽْ يَّغَࢽِي سَيْ
تَمْکَرْسࣸورَادَڢَاتِحَابَا,تَمْکَرْسࣸورَادَڢَاتِحَابَا
مَيْ کِرَࢽْسࣸ يَثٜيٰ سَمَارِ  شِࢽْڢَࢽٜيٰ شَيْطَࢽْ رَجِيمِ,مَيْ کِرَࢽْسࣸ يَثٜيٰ سَمَارِ  شِيْڢَࢽٜيٰ شَيطَࢽْ رَجِيمِ
شِي يَسَامࣸوࢽَامࣸ ڢَامَا  دَيْ مࣸغࣸامَڟِ مَاسࣸ غِرْمَا,شِي يَسَامࣸوࢽَامࣸ ڢَامَا  دَيْ مࣸغࣸامَظِ مَاسࣸ غِرْمَا
وعند ختى ادعوالله مࢽ تجياء ؞ عساه مولاى بالايماࢽ يختم لى,وعندختى ادعوالله مࢽ تجياء ؞ عساه مولا ى بالايماࢽ يختم لى
کَدَکࣸذَمْࢽَاثِکِࢽْ وَطَࢽْدَبَسࣸسَࢽْ تَ   کࣸومِي مَاسࣸ ڧࣸوٰثٜيٰ ثِکِࢽْ ڧَسَايْ سَࢽْ مࣸسࣸلْمِي,کَدَکࣸذَمْࢽَاثِکِࢽْ وَطَࢽْدَبَسࣸسَࢽْ تَ   کࣸومِي مَاسࣸ ڧࣸوثٜيٰ ثِکِࢽْ ڧَسَايْ سَࢽْ مࣸسࣸلْمِ
رَࢽْڟٜيٰ رَࢽْڟٜيٰ کࣸوْاْࢽَڧَرْيَا   مَاسࣸ يِࢽْسࣸ سࣸࢽْجِ کࣸࢽْيَا ي,رَࢽْڟٜيٰ رَࢽْڟٜيٰ کࣸوْاْࢽَڧَرْيَا مَاسࣸ يِࢽْسࣸ سࣸࢽْجِ کࣸࢽْيَا
غࣸࢽْسَ غَاشࣸوࢽِي أَسَࢽدَا    وَاکَثٜىٰ يَاسَࢽْشِ شَيْدَا,غࣸࢽْسَ غَاشࣸوࢽِي أَسَࢽْدَا   وَاکَثٜيٰ يَاسَࢽْشِ شَيْدَا
کࣸوْاْٰأَيِيشِ ثِکِࢽْ جِيَيَّا   دࣸکْ أَبِࢽْدَأَکَيْ دَشِرْيَا,کࣸوْاْأَيِيشِ ثِکِࢽْ جِيَيَّا  دࣸکْ أَبِࢽْدَأَکَيْ دَشِرْيَا
واڧَرْدَمࣸࢽْکَيِي سَيْکَثٜيٰ هࣸوتࣸوتَکٜيٰ    إِࢽْکَاکَرَࢽْتَا ذَاکَغَاࢽٜي مࣸتَاࢽٜيٰ,وَاڧَرْدَمࣸࢽْکَيِي سَيْکَثٜيٰ هࣸوتࣸوتَکٜيْ   إِࢽْکَاکَرَࢽْتَاذَاکَغَاࢽٜيٰ مࣸتَاࢽٜيٰ
بَأَسَرْزَمَࢽِࢽْدَزَيْ ثِکَابَا,بَأَسَࢽْ زَمَࢽِࢽْدَزَيْ ثِکَابَا
مَاسࣸ کَيْوْدَࢽَمَاسࣸ أيْبِى    ذࣸوثِيَرْدَتَبࣸويٜىٰ غَيبِى,مَاسࣸ کَيْوْدَࢽَمَاسࣸ أَيْبِي ذࣸوثِيَرْدَتَبࣸويٜيٰ غَيْبِي
وَࢽْدَيَىْ وَࢽْکَارَبࣸࢽْسَ     کࣸوْتࣸڢَارْدَتکٜىٰ جِکِࢽْسَ,وَࢽْدَيَىْ وَࢽْکَارَبࣸࢽْسَ کࣸوْتࣸڢَرْدَتَکٜيٰ جِکِࢽْسَ
ڢَصْلࣸࣸ مَّالَم مࣸوسىٰ لِيمامِ کَبࣸو,ڢَضْلࣸࣸ مَّالَمْ مّࣸوسَىٰ لِيمَامِ کَبࣸو
دَيَارࣸوڧٜيکَ ثٜيدَشِي بَاکَبَاشِ  کَرْ کَجِ تَوسَيِࢽْ مَرَرْيِࢽْ صَࢽاعَ,دَيَارࣸوڧٜيٰکَ ثٜيٰدَشِي بَاکَبَاشِ   کَرْکَجِ تَوْسَيِࢽْ مَرَرْيِࢽْ صَࢽَاعَ
أَࢽْ غَيَامَࢽَاصِڢَرْ مَيْزِࢽَا   أَثَࢽْ أَصِڢَࢽْتَاتَاغَاغَرَىٰ,أَࢽْ غَيَامَࢽَاصِڢَرْمَيْزِࢽَا   أَثَࢽْ أَصِڢَࢽْتَاتَاغَاغَرَىٰ
وَتَعَآلَٜىٰ عࣽتࣸووٜ>وَوَاحِدࣻ کࣽعࣽ فࣽوطࣽ ڢِى مࣸلکه>,وَتَعَالٜىٰ عࣽتࣸووِ>وَوَاحِدࣻࣸکࣽعࣽ فࣽوطࣽ ڢِى مࣸلْکّهِ>
بَکࢽْدَمِيَا,بَکَࢽْدَمِيَا
غَمَايَࢽْاءࣸوَاࢽٜيٰ کࣸࢽجِ أَکَمَلَّکَامࣸکࣸ ؞  کࣸسَوْرَارِ ذَࢽْثٜيٰ سِيدِ أَࢽْبِ أَحْمَدَا,غَمَايَࢽْاءࣸوَاࢽَيٰ کࣸࢽْجِ أَکَمَلَّکَامࣸکࣸ ؞ کࣸسَوْرَاࢽِ ذَࢽْثٜيٰ سِيدِ أَࢽَّبِ أحْمَدَا
ࡻلاِيمَٰࢽِ کࣽجٜيَاطࣸࢽْ عٜلِيمَٰࢽࣸ وَمَࢽْ شَکَّ عࣸࢽ مّࣸسِکِّتِى,ࡼلاِيمَٰرِ کࣽجِيَاطࣸࢽْ عٜلِيمَٰرࣸ وَمَرْشَکَّ عࣽࢽ مّࣸسِکِّتِي
طوبى له فداتت نا الا ى مدحته ؞ وذوالشمال لذاک المدح لم ينل,طوبى له فداتت ناالاى مدحته ؞ وذوالشمال لذاک المدح لم ينل
دَعِبَادَبَادَتَمْبَيَابَا,دَعِبَادَبَادَتَمْبَيَابَا
بَيْ کَرْݒِ ڢَطَرْأࣸبَࢽْ غِجِيبَا,بَيْ کَرْݒِ ڢَطَرْأࣸبَࢽْ غِجِيبَا
يَٜࢽْ أࣸوَا مࣸڟَرٜيٰ عِيَالِي   سَابࣸلࣸودَزَࢽِي دَلَلِّي,يَٜࢽْ أࣸوَامࣸڟَرٜيٰ عِيَالِي سَابࣸلࣸودَزَࢽِي دَلَلِّي
سَࢽْدَأࢽْ أيْکࣸوشِ شِريَا   غَسْکِيَاتَاکࣸواْرِِڧَرْيا,سَࢽْإِࢽْ أَࢽْکࣸوْشِ ࢽَرْيَا ࢽَࢽْکِيَا ࢽَاکࣸوْاْرِڧَرْبَا
تَࢽَيْمَسࣸ دَاثِي ذَمَاذَشࣸ کࣸوکَا  أغَويٜي کِيَامَامࣸتَاࢽٜي زِࢽَا,تَࢽَيْمَسࣸ دࣸا ثِي ذࣸمَاذَشِ کࣸوکَا أغَوبٜيٰ کِيَامَدَمࣸتَاࢽٜى زِࢽَا
أَغَبَࢽْ أَجَلِࢽْمࣸ بَى کِرَابَا,أَغَبَࢽْ أَجَلِࢽْمࣸ بَيْ کِرَابَا
بِسَ مࣸحَمَّࢽْ دَيَڢّ تَبَّتْ حَڧِيڧََا,بِسَ مࣸحَمَّࢽْ دَيَڢِّ تَبَّتْ حَڧِيڧََا
إِࢽْ کَسَࢽْ حَکَ کَيْتَ هِمَّا    طَࢽْ أࣸوَاکَڢَرَࢽْتَ هࣸوْاْمَا,إِࢽْ کَسَࢽْ حَکَ کَيْتَ هِمَّا طَࢽْ أࣸوَاکَڧَرَࢽْتَ هࣸوْاْمَا
أَغِدَࢽْ دَبَذَىْبَڧِࢽْثِکِيبَا,أَغِدَࢽْ دَبَذَيْ بَڧِࢽْ ثِکِيبَا
توشࢽا,توشࢽَا
أِࢽْبَاکَڢَطِي کَࢽَاغࣸدࣸوبَا,إِࢽْبَاکَڢَطِي کَࢽَاغࣸدࣸوبَا
کࣸذَمْکَ بِطَڢَّ سَࢽِي غَاَلدِّيࢽِ کࣸبَرْبَتَا     غَحَࢽْيَا ڢَکَرْکࣸبَثٜيٰ ڢَغࣸوبٜيٰ غَأحَمَدَا,کࣸذَمْکَ بِطَڢَّ سَࢽِي غَاَلدِّيࢽْ کࣸبَرْبَتَا   غَحَࢽْيَاڢَکَرْکࣸبَثٜيٰ ڢَغࣸوبٜيٰ غَاَحْمَدَا
سࢽڢَ جِيࢽَيْ حَڧِيڧَةََبَادَ کࣸࢽّٜي   حَرْٜ غَِيࢽَيْ ڢَبَادَ إ جِيَا کَڢَهࣸمِ,سَࢽِڢَ جِيࢽَيْ حَڧِيڧَةَ بَادَکࣸࢽّٜيٰ  جَرْغَࢽِيࢽَيْ ڢَبَادَإِجِيَاکَڢَهَمِ
وَءَامِيࢽَ عٜجَبࣸدٜبَعْدَاࣸمِّ ࡽلْفࣸرْءَاࢽِ بٰࣵوࣽ,وَءَامِيࢽَ عٜجَبࣸدٜبَعْدَاࣸمِّ ࡽلْفࣸرْءَاࢽِ بࣵوࣸ
ࢳَࢽْ وࣸڧَاکࣸواْطَرْبِدَاࢽٜىٰ؟    کٜىٰ ڟَرٜىٰمَسَ ثࣸوتࣸوَاࢽٜىٰ؟,ࢳَرْوࣸڧَاکࣸواْطَࢽْ بِدَاࢽٜىٰ؟ کٜىٰ ڟَرٜيٰمَسَ ثࣸوتࣸوَاࢽٜيٰ
ࢽَيْ غࣸودِيَا أَغَرٜيٰشِ سَيْ يَبَٜثٜيٰ مَࢽِي   ࢽَࢽْ ألْعَجَبْ شَاهࣸو دَغَاࢽٜيٰ مࣸتاࢽٜيٰ,ࢽَيْ غࣸودِيَاأَغَرٜيٰشِ سَيْ يَݒَثٜيٰ مَࢽِي  ࢽَيْ أَلْعَجَبْ شَاهࣸودَغَاࢽٜيٰ مࣸتَاࢽٜيٰ
اَلࢽَّاشِرࣸاَحْمَدࣸالتِّجَاࢽِي حَڢِظَهࣸ الله,اَلࢽَّاشِرࣸاَحْمَدࣸاَلتِجَاࢽِي حَڢِظَهࣸ اَللَّهࣸ
ࢽَاتَࢽٜيٰ دَࢽْ کَيْوْتَ سࣸࢽَّࢽْ   سَيَّدࣸاَلْوَرَرَࢽْ أَوࣸࢽَّࢽْ,ࢽَاتَࢽٜيٰ دَࢽْ کَيْوْتَ سࣸࢽَّࢽْ سَيَّدࣸاَلْوَرَرَࢽْ أَوࣸࢽَّࢽْ
دَرِڧࣸࢽْدَبَتَيْ رَشِࢽْ تࣸڢَابَا,دَرِڧࣸࢽْدَبَتَيْ رَشِࢽْ تࣸڢَابَا
وَࢽْسࣸ کࣸوْاأَوَجَࢽْ حَڧَࢽْيَا    ذَاأَبَاسࣸ أثَࢽْ أَبَايَا,وَࢽْسࣸ کࣸوْاْأَوَجَࢽْ حَغࣸࢽْيَا  ذَاأَبَاسࣸ أَثَࢽْ أَبَايَا
کࣸواْهَوَࢽْ رَالِى دَرࣸوجِى      کٜىٰ دَطِࢽْ تࣸورَاکَ دَاجِى,کࣸواْهَوَࢽْ رَالِي دَرࣸوجِي کٜىٰ دَطِࢽْ تࣸورَاکَ دَاجِ
کَرْکَبَاتَ وࣸرِࢽْ ذَمَࢽْکࣸ   إِࢽْڢِرَاجِ ثٜيٰ تَعࣸکّࣸ,کَرْکَبَاتَ وࣸرِࢽْ ذَمَࢽْکࣸ إِࢽْڢِرَاجِ ثٜيٰ تَعࣸکّࣸ
کمل کتاب شعر ࢳࢽْ عࣸوَا بحمد لله,کمل کتدب شعرࢳࢽ عوا بحمدله
إِࢽْ دَطَاکَاذَمࣸوإِمَامِࢽْ مࣸتَاࢽٜيٰ   تࣸوڟَرٜيٰ اَلْحَکِࢽْسࣸ بَلّٜيٰ أࣸبَࢽّٜيٰ,إِࢽْ دَطَاکَاذَمࣸو إِمَامِࢽْ مࣸتَاࢽٜيٰ  تࣸوڟَرٜيٰ اَلْحَکِࢽْسࣸ بَلّٜيٰ أࣸبَࢽّٜيٰ
وَبَعْدࣸ ڢَالْعِلمࣸ بِلتَّوْحِيࢽِ مࣸڢْتَرِضࣻ بِالاِحْتِلاَمِ وَعَفٍْ غَيْرَمࣸخْتَبَلِ,وَبَعْدࣸ ڢَالْعِلمࣸ بَالتَّوْحِيࢽِ بࣸڢْتَرِضࣸبِالاِحْتِلامِ وَعَفْلِ عَيَرَمࣸخْتَبَلِ
ڢَرْغَبَࢽْسَ ࢽَشٜيٰکَرࣸوࢽَا   حَرْدࣸبࣸ خَمسِࢽْ ڢَطَاࢽَا,ڢَرْغَبَࢽْسَ ࢽَشٜيٰکَرࣸوࢽَا  حَرْدࣸبࣸوخَمْسِࢽْ ڢَطَاࢽَا
أِذَࢽْ کَايِ بَرْࢽَاأيْڢَ لَادَࢽْکَ يَاهَلَکْ ؞  تࣸومَيْ غِدَاڢَ کࣸووࣸشِرِکࣸبِ أَحْمَدَا,إِذَࢽْ کَايِ بَرْࢽَاأَيْڢَ لَادَࢽْکِ يَاهَلَکْ ؞  تࣸومَيْ غِدَاڢَ کࣸووشِرِکࣸبِ أَحْمَدَا
ت صکتولࢽبرکاته,ت صلکتولنسراکاتر
مَيْزِࢽَاإِࢽْ بَيْ تࣸوبَبَا   سَيْ يَيْࢽࣸڟࣸووࣸتَاحَرْيَاشٜيٰکَرَا,مَيْزِࢽَاإِࢽْ بَيْ تࣸوبَبَا سَيْ يَيْࢽࣸڟࣸووࣸتَاحَرْيَاشٜيٰکَرَا
دودِ ࢳࢽ,دوب ࢳࢽ
دَيَوَابَاذَاسࣸ ڧٜيٰتَارَابَا,دَيَوَابَاذَاسࣸ ڧٜيٰتَرَابَا
تࣸࢽْدَغَامࣸ دَکࣸواْوَࢽٜيٰࢽْکࣸ   ࢽَࢽْ ثِکِࢽْ وࣸتَ أَࢽَّبِࢽْکࣸ,تࣸࢽْدَغَامࣸ دَکࣸواْوَࢽٜيٰࢽْکࣸ  ࢽَࢽْ ثِکِࢽْ وࣸتَ أَࢽَّبِࢽْکࣸ
بَسࣸ کَࢽْ کࣸلَاذَاسࣸ لَاخِرَابَا,بَسࣸ کَࢽْ کࣸلَاذَاسࣸ لَاخِرَابَا
سَىْ يَثٜىٰ مَسَ أَىْ حَلِيࢽٜىٰ    ࢽَاتَڢࣸواࢽَسَࢽَرْدَکࣸوࢽٜىٰ,سَيْ يَثٜيٰ مَسَ أَيْ حَلِيࢽٜيٰ ࢽَاتَڢࣸواْࢽَسَࢽَرْدَکࣸوࢽٜيٰ
إِذَࢽْ ذَاکَيٜࢽْ ذَࢽْثٜيٰ کَيِوࣸوشِ ࢽَغَسْکِيَا ؞  کࣸمَ کَدَکَيِوࣸ ڧَرْيَاڢَ ِࢽجِ مࣸحَمَّدَا,إِذَࢽْ ذَاکَيِࢽْ ذَࢽْثٜيٰ کَيِوࣸوشِ ࢽَڧَسْثِيَا ؞ کࣸمَ کَدَکَيوࣸ ڧَرْ يَاڢَ إِࢽْجِ مࣸحَمَّدَا
أَࢽْ زࣸبࣸواْ کࣸمَ جَࢽْ أّکَࢽْسَا     سَيْ مࣸتَاࢽٜيٰ يَࢽْ أࣸوَࢽْسَا,أَࢽْ زࣸبࣸواْکࣸمَ جَࢽْ أَکَࢽْسَا سَࢽْ مࣸتَاࢽٜيٰ يَࢽْ أࣸوَࢽْسَا
کَضࣸڢَامࣸواْأَسِيرِٜي ڢَيْ دَبࣸويٜيٰ  أَبِࢽْدَمࣸکٜيٰ اللَّهْ دَکࣸسࣸرࣸتَا,کَغࣸڢَامࣸوْاْأسِيرِي ڢَࢽْ دَبࣸبࣸويٜيٰ  أَبِࢽْدَمࣸکٜيٰ اَللَّهْ دکَسࣸرْتَا
َاکࣸࢽْ رَسَ جِࢽْ کࣸرࣸورࣸوَبَا,بَاکࣸࢽْ رَسَ جِࢽْ کࣸرࣸوْرࣸوَبَا
بَىْ سَامِ رَبࣸواْألَاخِرَابَا,بَيْ سَامِ رَبࣸواْأَلَاخِرَابَا
دَدࣸعَاءِبَاࢽَ رَࢽْ بَݣَىْ بَا,دَدࣸعَاءِ بَاࢽَ رَࢽْ بَݣࣸيْ بَا
زَارِِىَ,زَارِيَ
غَاڢَرَايَارَࢽِّ دࣸومِࢽْ   اَلࢽَّبِࢽْدَ يَجىٰ مࣸڧَامِࢽْ,غَاڢَرَايَارَبِّ دࣸومِࢽْ اَلࢽَّبِࢽْدَيَجٜىٰ مࣸڧَامِࢽْ
تَࢽَاثِي ڢَأََيْکِي دࣸکْ ࢽَکِْکِي دَأَࢽْکَوࣸو ؞  تَمْکَرْوࣸتَادَإِتَاثٜي ِࢽجِ مࣸحَمَّدَا,تَࢽَاثِيٰ ڢَأَيْکِي دࣸکْ ࢽَکِرْکِي دَأَࢽْکَوࣸو ؞  تَمْکَرْوࣸتَادَإِتَاثٜي إِࢽْجِ مࣸحَمَّدَا
وَࢽْدَکٜىٰ شَعَوَرْبَتَثّٜىٰ    کَاغَ يَاذَمَ کَرْکَتَثّٜى,وَࢽْدَکٜيٰ شَعَوَرْبَتَثّٜيٰ کَاغَ يَاذَمَ کَرْکَتَثّٜيٰ
بِسْمِ اِلإِلَهِي مࣸࢽَابَرَاغَاءࣸبَࢽْ غِجِ   اللَّهْ شِسَࢽْيَا أرْزِڧِࢽْمّࣸو شِطࣸورٜيٰ,بِسْمِ اإِلْاِتَهِي مࣸࢽَابَرَاغَاءࣸبَࢽْ غِجِي  اَللَّهْ شِࢽِيَا أَرْزِڧِࢽْمّࣸوشِطࣸورٜيٰ
تم الخط بعوࢽ الله,تم الخط بعوࢽ الله
کࣸسَࢽْ دَيْ بࣸغࣸࢽْ ࢽَاسࣸ أَرْمَسَ ڧَاءِدَا ؞ إِذَࢽْ دَيْ کَࢽَاڧَمْࢽَاغَثٜيٰ تࣸࢽْ مࣸحَمَّدَا,کࣸسَࢽْ دَيْ بࣸغࣸࢽْ ࢽَاسْࣸ أَرْمَسَ ڧَاءِدَا ؞ إِذَࢽْ دَيْ کَࢽَاڧَمْࢽَاغَثٜيٰ تࣸࢽْ مࣸحَمَّدَا
أَغَبَاࢽَسَ بَادَشَامَکِيْبَا,أَغَبَاࢽَسَ بَادَشَامَکِييَا
وَطَࢽْسࣸ أَوَاتَڢِيَاڧَڢَاڢࣸࢽْسࣸ دَيْ سࣸکَيْ    بِسَاغَ صِرَاطِي حَرْسࣸذࣸو غَمࣸحَمَّدَا,وَطَࢽْسࣸ أَوَاتَڢِيَاڧَڢَاڢࣸࢽْسࣸ دَيْ سࣸکَيْ   بِسَاغَ صِرَطِي حَرْسࣸذࣸوغَمࣸحَمَّدَا
کࣸيْ کَرَاتࣸوذࣸمَيْ کࣸذَمْ تَرْدَعِِلْمِي    شِي کَسَاطَࢽْ اَدَمْ شِذَمْ مَيْ مࣸڧَامِي,کࣸيْ کَرَاتࣸوذࣸمَيْ کࣸذَمْ تَرْدَعِلْمِي   شِي کَسَاطَࢽْ اَدَمْ شِذَمْ مَيْ مࣸڧَامِي
مذࢽ ذکر مذمࢽ کويࢽ صلاتي   دءالشي متوبش الࢽصارا,مذࢽ ذکرمذࢽ کويࢽ صلاتي  دءادلشي ؞ متوبشࢽ الࢽصارا
دودِ ࢳࢽ,دوب ࢳࢽ
حَلࣸسَّࢽْسࣸ حَرْغَغَبَادَطَايٰتوغاَحْمَدَاسࣸࢽْڢَ بَيَّࢽَ  ذَمَاباسࣸ سَامࣸࢽْ سࣸوڢَ ثٜيٰتو غَاَحْمَدَا,حَلࣸسَّࢽْسࣸ حَرْغَغَبَادَطَاسࣸࢽْڢَد بَيࢽَ بَ ذَمَابَاسࣸ سَامࣸࢽْ سࣸوڢَ ثٜيٰتࣸو غَاأحْمَدَا
دَغَرَاجِيٰ بَاکَمَرْ غࣸدࣸوبَا,دَغَرَاجٜيٰ بَاکَمَرْغࣸدࣸوبَا
شِدَࢽْ عِبَادَابَاتَذࣸوابࣸڧيٰ   دَکٜيٰسࣸوࢽَتَا سَيْدَا ࢽِࢽِيَا,شِدَࢽْ عِبَادَابَاتَذࣸوَابࣸڧِيْ دَکٜيٰسࣸوࢽَتَاسَيْدَاࢽِࢽِيَا
مࣸࢽَاسࣸومࣸسَاسࣸوࢽَاغَوَاڧَرْمࣸ يَࢽْاءࣸوَا؞ أَسَࢽْتَ دَشِي أَکِرَتَ سَمْرِِࢽْ مࣸحَمَّدَا,مࣸࢽَاسࣸومࣸسَاسࣸوࢽَاغَوَاڧَرْمࣸ يَࢽْالࣸوَا ؞ أَسَࢽْتَ دَشِي أَکِرَاتَ سَرْرِࢽْ مࣸحَمَّدَا
أَيْذࣸوَا وَࢽَّࢽْ مَيْ إِسَاࢽٜيٰ    مَيْڢَ رَاذَࢽَ حَࢽْکَلِيࢽٜيٰ,أَيْ ذࣸوَࢽَّࢽْ مَيْ إِسَاࢽٜيٰ  مَيْڢَ رَاذَࢽَ حَࢽْکَلِيࢽٜيٰ
سَوْڧَڧٜيٰمَࢽْ بَادَکَاغَذَابَا,سَوْڧَڧٜيٰمَࢽْ بَادَکَاغَذَابَا
دࣸوࢽِيَاهَرْمَامَهࣸوتَا    رَࢽْدَڟَيْوَاتَاڟَࢽَࢽْتَا,دࣸوࢽِيَاهَرْمَامَهࣸوتَا   رَࢽْدَڟَيْوَاتَاڟََࢽَࢽْتَا
أَذࣸبَاوࣸتَ بَادَشَاوَرَابَا,أَذࣸبَاوࣸتَ بَادَشَاوَرَابَا
مࣸصْطَڢَى يَࢽْذࣸࢽْ مࣸبَاکَ    بَابࣸ يِࢽْ سࣸجَدَاغَرٜىٰک,مࣸصْطَڢَىْ يَࢽْذࣸࢽْ مࣸبَاکَ  بَابࣸ يِࢽْ سࣸجَدَاغَرٜيٰکَ
إِࢽجِ دَاطِى إࢽْىِ مࣸرْࢽَا    إࢽْغَ ڧَبَرِࢽْ طَࢽْ أَمِيْࢽَا,إِࢽْجِ دَاطِي إِࢽْيِ مࣸرْࢽَا  إِࢽْغَ ڧَبرِࢽْ طَࢽْ أَمِيࢽَا
إِدَࢽْ بَابࣸ إِيمَࢽْثِي ڢَبَاأَوࣸثٜيٰ غَبَاࢽْ   مࣸغَسْکَࢽْثِ اَللَّهْ يَࢽْ عࣸوَادَمࣸحَمَّدَا,إِدَࢽْ بَابࣸ إِيمَࢽْثِي ڢَبَاأَوࣸثٜيٰ غَࢽَاࢽْ   مࣸغَسْکَࢽْثِ اَللَّهْ يَࢽْ عࣸوَادَمࣸحَمَّدَا
کࣸوْاْرِڧࣸࢽْ ڢَايٜلْ دَڢٜىٰࢽْسِرْ    ذَىْحَࢽَاکَ تࣸࢽِࢽْ مَجَاشِرْ,کࣸوْاْرِڧࣸࢽْ ڢَايٜلْ دَڢٜيٰࢽْسِرْ   ذَيْ حَࢽَاکَ تࣸࢽِࢽْ مَجَاشِرْ
مَࢽْيَࢽْ بِرَاࢽٜيٰ ذَاسࣸ سࣸوࣸوثِيِري   کࣸوࢽَڧَوْيٜيٰ مَيْذَࢽْ ثٜيٰمَکࣸو,مَࢽْيَࢽْ بِرَاࢽٜيٰ ذَاسࣸ سࣸوࣸوثِرِي کࣸوࢽَڧَوْيٜيٰ مَيْذَࢽْ ثٜيٰمَکࣸو
هذاالصحيم ڢلاتسمع لکنى ؞ مثل العبادات لم تنفض لمنڢعل,هذاالصحيم ڢلا تسمع لمنکرة ؞ مثل العبادات لم تتفض لمنڢعل
وما ت الا نعام ت الدنياتحصص ؞ بما يعارض خوڢامࢽ الهل,ومات الانعام ت الدنياتحصص ؞ بمايعارضه خوڢامࢽ الهمل
الحمد لله وحده,الحمل لله وحده
بَاشَرِيعَاࢽٜيٰ يَࢽࣸوࢽَا    بَاڧِࢽْ دَيْدَيْتَ کࣸوْاْࢽَا,بَاشَرِيعَاࢽٜيٰ يَࢽࣸوࢽَا بَاڧِࢽْ دَيْدَيْتَ کࣸواْࢽَا
ڟَرِڢَ ڟَرْکِࢽْ وࣸضࣸوءࣸ وَࢽْکَࢽْ جَࢽَابَا   عِࢽْدَشَرَطِيڢَ بَابࣸ ثِييࣸو غَجِسْمِ,ڟَرِڢَ ڟَرْکِࢽْ وࣸضࣸوءࣸ وَࢽْکَࢽْ جَࢽَابَا   عِࢽْدَشَرَطِيڢَ بَابࣸ ثِييࣸو غَجِسْمِ
بتوࢽا شيح يࢽٜيش باشتاشي   ڧسغ تࢽاذما ملکࢽ ࢽصارا,بتوࢽاشيح يࢽيش باشتاشي ڧسغ تࢽاذماملکࢽ ࢽصارا
مَاإِيَايٜيٰ ࢽَيْ بَتࣸودَ    ݒَاتَ رَيْ کَلْمَرْشَهَادَ,مَاغِيَايٜيٰ ࢽَيْ بَتࣸودَ بَاتَ رَيْ کَلْمَرْشَهَادَ
حَلِࢽْکࣸڢَاشِى کّوَيْ عَکٰٜڧِى کࣸغَاࢽٜى    دࣸومِࢽْ عَࢽْغَابَاکࣸ کِيَاوࣸࢽْ طَبِى عَ,حَلِࢽْکࣸڢَاشِي کَوَيْ عَکٜيڧِي کࣸغَاࢽٜى   دࣸومِࢽْ عَࢽْڧَابَاکࣸ کِيَاوࣸࢽْ طَبِى عَ
وَعْظࣸࢽَادࣸࢽْ کࣸجِيشِ تَبَّتْ حَڧِيڧََا,وَعْظࣸࢽَادࣸࢽْ کࣸجِيشِرِ تَبَّتْ حَڧِيڧََا
ࢽَإکْکّࣸواْ دَبَࢽْࢽٜي دَࢽَکࣸوا إࢽَا,ࢽَإِکْکّࣸواْ دَبَࢽْࢽٜࢽْ دَاࢽَکࣸولاْإِࢽَا
مَيْکٜي طَبِيعَاوَࢽْ عَلِيّࣸ دَجَعْڢَرࣸ   رَࢽْ لاَخِرَاثٜيٰتَࢽْکَ دࣸکْ غَمࣸتَاࢽٜيٰ,مَيْکٜي طَبِيعَاوَࢽْ عَلِيِّ دَجَعْڢَرࣸ  رَࢽْ لَاخِرَاثٜيٰتَࢽْکَ دࣸکْ غَمࣸتَاࢽٜيٰ
سَيْ أَتࣸورࣸواْ ڧٜيٰڧَسَسَّا     ثَيْ ࢽَيَمَّ أَبِرْبِشِࢽْسَا,سَيْ أَتࣸورࣸواْڧٜيٰڧَسَشَّا ثَࢽْ ࢽَيَمَّ أَبِرْبِشِࢽْسَا
شِکࣸوبَاذَيْيِ تَمْبَيَابَا,شِيکࣸوْبَاذَيْيِ تَمْبَيَابَا
مࢽ کاࢽ للمعجزات الغرنازظماا ؞ ڢڢى کتاب الشڢارى مࢽ الغلل,مࢽ کاࢽ للمعجرات الغرنظماا ؞ ڢڢى کتاب الشڢارى مࢽ الغلل
إِࢽْ مَّيْ ࢽࣸومَاࢽٜيٰ کࣸوذاغٜيٰ   يَاتَڢِ غࣸوࢽَا ذَوْرٜيٰ ذَاتَا,إِࢽْ مَّيْ ࢽࣸومَاࢽٜيٰ کࣸوذَاغٜيٰ  يَاتَڢِ غࣸوࢽَاذَوْرٜيٰ ذَاتَا
طَࢽْ أمِيْࢽَ مَڢِى دَرَجَّا    طَاوَيْࢽَسَ مِجِࢽْ هَدِيْجَا,طَࢽْ أَمِيࢽَ مَڢِى دَرَبَّا طَاوَࢽْࢽسَ بِجِࢽْ مَدِيجَا
کَامَ حَࢽْيَاذࣸوَاغَرَيْ کَدَکَرَابَا    وࢽْدَاَلڧَاضِ يَکِّرَا يَڧِّکَرْبَا,کَامَ حَࢽْيَاذࣸوَاغَرَيْ کَدَکَرَابَا   وَࢽْدَاَلْڧَاضِ يَکِّرَايَڧِکَرْبَا
إِࢽْ مَّثٜيٰ تَاذَمَ بَاتَ رَغَامَکَ   کٜࣸکَاسࣸوتَ کَࢽَا کࣸمَ ڧِࢽْتَا,إِࢽْ مَّثٜيٰ تَاذَمَ بَاتَ رَغَامَکِ کࣸوکَاسࣸوتَ کَࢽَاکࣸمَ ڧِࢽْتَا
مَثٜيٰ إِࢽْ تَࢽَاأَوْرٜيٰ تَذَوْࢽَالَاڢِيَا  کࣸومِي تَثِيشِ حَلَتْدَرَجَّرْ أَوْرٜيٰ,مَثٜيٰ إِࢽْ تَࢽَاأَوْرٜيٰ تَذَوْࢽَالَاڢِيَا  کࣸومِي تَثِيشِ حَلَثْرَرَڢَّرْأَوْرٜيٰ
جَمْرَاجِ وَالنَّهْيࣸ عٜهَتَّادٜعَرِࡽلتَّفَلّࣸمِ الاَجْڢَارِ,جَمْرَاجِ وَالنَّهْيࣸ عٜهَتَّادٜعَࢽِ ࡽلتَّفَلْمِ ࡽلاَجْڢَارِ
اࢽ فلت اطنبت ڢى حث على نظࢽ ؞ ڢکڢڢ لسانک عࢽ لومى وعࢽ عنى ل,اࢽ فلت النبت ڢى حث على نظ ؞ ڢکڢڢ لسهانک عࢽ لومى وعࢽ عنل
رَࢽْ مࣸتࣸمْ يَثِکَاسَعِيدِ وْࢽْدَکࣸواْ يَزَمٜيٰ رَشِيدِ,رَࢽْ مࣸتࣸمْ يَثِکَاسَعِيدِ  وَࢽْدَکࣸواْيَزَمٜيٰ رَشِيدِ
غࣸسَوْ,غ
کࣸمَ کَدَاکࣸوورࣸوڧࣸوڢَ دَࢽْ اَللَّهࣸ يَࢽْاءࣸوَا ؞  شِيمَاحَدِيشِ ࢽٜيٰ ࢽَأَࢽَّبِ أَحْمَدَا,کࣸمَ کَدَکࣸوࣸورࣸوڧࣸوڢَ دَࢽْ اَللَّهࣸ يَࢽْاءࣸوَا ؞  شِيمَاحَدِيشِ ࢽٜيٰ ࢽَأَࢽَّبِ أَحْمَدَا
جَمَعَابَسࣸ ڢَاسَ تَارࣸوَابَا,جَمَعَابَسࣸ ڢَاسَ تَارࣸوَابَا
سࣸيْ ࢽࣸڢِࢽْ هَڧࣸرِي سࣸکَاسَا   سࣸࢽکِرَاڢَدَطَاسࣸڢَاسَا,سࣸيْ ࢽࣸڢِࢽْ هَڧࣸرِي سࣸکَاسَا سࣸࢽْکِرَاڢَدَطَاسࣸڢَاسَا
کࣸبَرْيِࢽْ ڢَ ڟَمَّاࢽِي دࣸࢽْ اَللَّهࣸ يَࢽْاءࣸوَا  ؞  شِيمَاحَدِيشِ ࢽٜيٰ کࣸسَوْرَارِ ڢَاءِدَا,کࣸبَرْيِࢽْ ڢَ طَمَّاࢽِي دࣸࢽْ اَللَّهࣸ يَࢽْاءࣸوَا ؞  شِيمَاحَدِيشِ ࢽٜيٰ کࣸسَوْرَارِ ڢَاءِدَا
لَىْڢࣸکَࢽتَ سࣸࢽَادَمࣸوࢽِى    إࢽْدَذَاتَ ذَمَاسࣸکࣸوࢽِي,لَيْڢࣸکَࢽْتَ سࣸࢽَادَمࣸوࢽِي إِࢽْدَذَاتَ ذَمَاسࣸکࣸوࢽِي
شِکٜىٰ کࣸوْاْشِيمَابَذَىْ إِيَابَا,شِکٜيٰ کࣸوْاْشِيمَابَذَيْ إيَابَا
إِࢽْ بَاشِزَمࣸواْبِسَاکࣸرٜيٰبَا,إِࢽْ بَاشِزَمࣸواْبِسَاکࣸرٜيٰبَا
طٜࢽ لٜتّٜ نࣽجِوْࢽِ نࣸسَاجَࢽَ بٜى   ڢٜتِّرْدٜ بٜڢَتّࣽوطَبَّ کِسَلْ,طٜࢽ لٜتّٜ نࣽجِوࢽِ نࣸسَاجَࢽَ بٜىڢِتِّࢽْدٜيٜڢَتّࣽو طَبَّ کِسَلْ
ذࣸومَيْغِرَمَامࣸتࣸم مَيْدَرَجَابࣸرࣸمَيْ دَرَجَ,ذࣸومَيْغِرَمَامࣸتࣸمْ مَيْدَرَجَابࣸرࣸمَيْ دَرَجَ
کࣸوْاسَࢽِيْࢽَى يَاڧَرَࢽْتَا    إࢽْدَوَوْتَاتَايَوَيْتَا,کࣸواْسَࢽِيࢽٜيٰ يَاڧَرَࢽْتَا  إِࢽْدَوَوْتَاتَايَوَيْتَا
مࣸࢽاغودِاللهَ مࣸࢽايِࢽ صلاتِى    مࣸذَابِى مࣸحمدمبريࢽْ زِࢽَا,مࣸࢽَاغࣸودِاللهَ مࣸࢽَايِࢽْ صَلاتِي   مࣸذَابِى مࣸحَمدَمبريࢽْ زِࢽَا
ࢽٜىٰمِ ࢳَرْمَࢽْيَاکَأوْرَا     دࣸࢽْ سَࢽِࢽْ بَرْࢽَادَغَيارَا,ࢽٜيٰمِ ࢳَرْمَࢽْيَاکَاوْرَا  دࣸࢽْ سَࢽِࢽْ بَرْࢽَادَغَارَا
کَاغَ سَيْ مَغَࢽَرْتَدَاثٜيٰ  يدَّخَيْرࣸاَلْخَلْڧِ يَثّٜيٰ,کَاغَ سَيْ مَغَࢽَرْتَدَاثٜيٰ  يَدَّخَيْرࣸاَلْخَڧِّ يَثّٜيٰ
تو,تو
إِتَثٜيٰ ڧَذامَاوثٜيٰ بَاتَ دَڟَڢْتَا  ڧࣸمْرِࢽْتَ يَابࣸوثٜيٰ کَمَرْوَࢽِ کࣸمْرٜيٰ,إِتَثٜيٰ ڧَذَامَاوَثٜيٰ بَاتَ دَڟَڢْتَا  ڧࣸمْرِࢽْتَ يَابࣸوثٜيٰ کَمَرْوَࢽْ کࣸمْرٜيٰ
بَابࣸ رࣸوَࢽْتَ دَکࣸࢽْيَاڢَوْڢَوْاْ  غَاشَرِّ ثِيوَاکٜيٰ يَࢽَاشَکَّتَا,بَابࣸ رࣸوَࢽْتَ ءَکِࢽْيَاڢَوْڢَوْاْ  غَاشَرْثِيوَاکٜيٰ يَࢽَاشَکَّتَا
إِࢽْ دَألَڢَدِرِي کࣸوجَاکࣸࢽَا   سࣸسَاتَيّࣸکَاحَرْبِرْࢽِࢽْ کَࢽࣸواْ,إِࢽْ دَأَبَڢْدَرِي کࣸوجَاکࣸࢽَا   سࣸسَاتَيّࣸکَاحَرْبِࢽْ ࢽِࢽْ کَࢽࣸواْ
عَيٜࢽْ اࣸوَاإࢽْ تَࢽْبَيٰٜکࣸ    ࢽَاغَ وَوْتَࢽْ غَالِبَࢽْکْ,ࢳَٜࢽْ أࣸوَاإِࢽْ تَࢽْبَيٜيٰکࣸ  ࢽَاغَ وَوْتَرْ غَالِبَࢽْکࣸ
بَسࣸ دَامࣸ دَذَاسࣸ لَاخِرَابَا,بَسࣸ دَامࣸ دَذَاسࣸ لَاخِرَابَا
مَاسࣸ إيکࣸو سࣸمَيْدَ هِمَّاسࣸغَرْتَا   کࣸࢽْجِ يَامَاسࣸ جِ دَطَاکَدَکࣸبَاتَا,مَاسࣸ إِيکࣸو سࣸمَيْدَهِمَّاسࣸغَرْتَا   کࣸࢽْجِ يَامَاسࣸ جِ دَطَاکَدَکࣸبَاتَا
والحض على محبتهم حشى نا الله,والحض على محبنعم حشى نا الله
ڢَرٍِ ِللَّجِ طِنْ سَبْعَةࣻ کࣽطٜ جٜيطࣶطࣶ وَفِيلَ کࣽنْفࣽلَ فࣽعࣽ,ڢَرِللَّجِ طِࢽْ سَبْعَةࣻ کࣽطٜ جٜيطࣶطࣶ وَفِيلَ کࣽنْفࣽلْ فࣽعࣽ
والصلاةوالسلام,والصلاة والسلام
سَىْ ࢽَبَاطَاࢽَايࣸࢽࣸوس   سَىْ ࢽَثٜىٰ رِوِکَرْکَڢَاسَ,سَىْ ࢽَبَاطَاࢽَايࣸࢽࣸوسَ  سَىْ ࢽَثٜىٰ رِڧِ کَرْکَڢَاسَ
بَابࣸ شَکَّاسࣸڧࣸوࢽَ تَبَّتْ حَڧِيڧَا,بَابࣸ شَکَّاسࣸڧࣸوࢽَ تَبَّتْ حَڧِيڧََا
تࣸࢽْدَدَيْ تَزَمࣸوادَهِمَّࢽْ   بَوْتَ اَللَّهْ بَاظَلَامَا,تࣸࢽْدَدَيْ تَزَمࣸواْدَهِمَّࢽْ  بَوْتَ اَللَّهْ بَاظَلَامَا
بل انهاکاࢽ مولا نابعن ته ؞ على الذ> کاࢽ فبل الخلڡ ڢى الازل,بل انماکاࢽ مولا نا بعرته ؞ على الذ> کاࢽ فبل الخلڡ ڢى الازل
بَسࣸ غَسْکَتَ ࢽَامࣸ اَلࢽَّبِي بَا,بَسࣸ غَسْکَتَ ࢽَامࣸ اَلࢽَّبِي بَا
ڢَضل شَيْخࣸ مَدَابࣸواْمَالَمْ صَالِحࣸ,ڢَصْلࣸ شَيْخࣸ مَدَابࣸواْمَالمْ صَلِحࣸ
کࣸسَࢽْڢَ ڧَسَرْاَلْجَࢽَّ تِبْرࣸدَزَعْڢَرَٰࢽْ   ڢَڧَمْشِࢽْتَ يَاڢِ ࢽَمِسْکِ إِࢽْجِ مࣸحَمَّدَا,کࣸسَࢽْڢَ ڧَسَرْاَلْجَࢽَّ تِبْرࣸدَزَعْڢَرَࢽْ   ڢَڧَمْشِࢽْتَ يَاڢِ ࢽَمِسْکِ إِࢽْجِ مࣸحَمَّدَا
لا اله الا هوامنڢى ک بالالوهية,لااله الانهوالمنڢىر د ڢالالوهية
واعلم باࢽ صڢات السمع اثبتها ؞ فوم راومثل رانتي ااسادة الاول,واعلم باࢽ صڢات السمع اثبتها ؞ فوم راومثل راتى ااسادة الاول
أَࢽَ أَذَاتَ أَکَࢽْ وࣸتَاثٜيٰ   وَدَّبَاع عَجٜيٰ ݒَتَثّٜيٰ,أَࢽَ أَذَاتَ أَکَࢽْ وࣸتَاثٜيٰ وَدَّبَاعَ عَجٜيٰ يَتَثٜيٰ
شهرالله الࢽحرم باربع عشرايَامه,شحرالله الهحرم بارلغ عشرايامه
بَتَشَيْدَاذَاکَ لاَخِرَابَا,بَتَشَيْدَاذَاکَ لَاخِرَابَا
يَا طَࢽْعࣸوَا کَتَڧَيْتَا ࢽٜمَࢽْ دࣸوࢽِيَا   کَکِيَايِجَاهِلْثِي کَجٜي غࣸࢽْ يٜࢽْ عࣸوَا,يَاطَࢽْعࣸوَاکَتَڧَيْتَاࢽٜمَࢽْ دࣸوࢽِيا کَکِيَايِجَاهِلْثِ کَجٜي غࣸࢽْ عࢽْ عࣸوَا
ڢِتْࢽࣸواْ دَذَاعَيْ شَيَخࣸ ثٜيٰ مَࢽَا    سَيْ مَالࣸمَسࣸࢽَّهْ بَسࣸ شَوْرَابَا,ڢِࢽْتࣸوَاْدَذَاعَيْ شَجࣸ ثِي مَࢽَا سَيْ مَالࣸمَسࣸࢽَّهْ بَسࣸ شَوْرَبَا
دࣸوْکِيارْمَمَثِي تَݒاشِي    سَيڢَ لِکَّڢَࢽِى دَبَاشِي,دࣸوکِيَرْمࣸمَثِي تَبَاشِي سَيْڢَ لِکَّڢَࢽِي دَبَاشِي
جَلَّ ࢽَيْ تࣸوبَاغَرٜيَکَ   تَيْمَکَࢽِّ دَتَرْحَمَࢽْکَ,جَلَّ ࢽَىْ تࣸوبَاغَرٜيٰکَ   تَيْمَکَࢽِّ دَتَرْحَمَࢽْکَ
ڢَصْلࣸࣸ ڢِيمَاڧَالَ مࣸجَدِّدِي,ڢَصْلࣸࣸ ڢِيمَاڧَالَ مࣸجَدِّدِي
إِذَࢽْ دَيْ کࣸࢽَا ذَمْࢽٜيٰ وࣸࢽِيْ کࣸڢَ يَٰشِغوࣸا ؞  تࣸوکَدَ کࣸتَاشِ ڟَيٜيٰ إِذَࢽْ کࣸࢽبِ أحْمَدَا,إِذَࢽْ دَيْ کࣸࢽَاذَمْࢽٜيٰ وࣸࢽِࢽْ کࣸڢَ يَٰشِغࣸوا ؞  تࣸوکَدَکࣸتَاشِ طٜيٜࢽٰ إِذَࢽْ کࣸࢽْبِ أَحْمَدَا
تَثٜيٰ مَشِ  ذَاتَ غِدَࢽْ ڧَࢽࣸوَتَا    کࣸوکࣸمَ ذَاتَا غَيْدَ عࣸوَتَّا,تَثٜيٰ مَشِ ذَاتَ غِدَࢽْ ڧࣸࢽࣸوَتَا کࣸوکࣸرِ ذَاتَشَيْدَ عࣸوَتَّا
دَکࣸوألࢽَّبَاوَاهَٰکَذاصَالحِيࢽَدࣸکْ  وَلِيَّيْ کَذَا مَسَࢽَا دَسࣸࢽْکَبِ أَحْمَدَا,دَکࣸواَلࢽَّبَاوَاهَٰکَذَاصَالِمِيࢽَ دࣸکْ   وَلِيَّيْ کَذَامَسَࢽَادَسࣸࢽْکَبِ اَحْمَدَا
رَࢽْ مࣸسࣸلْمِي کَرْشِسَࢽْثى   بِسَ سࣸوࢽْسَ مࣸکࣸواأَمِࢽْثى,رَࢽْ مࣸسࣸلْمِى کَرْشِسَࢽْثٜى  بِسَ سࣸوࢽْسَ مࣸکࣸواْأَمِࢽْثٜيٰ
ڢامنن علينا بڢضل انت ذوى م ؞ ونجنا يوم ذاک المول مࢽ وجل,ڢامنن علينا يڢضل انت ذوکرم ء؞ ونجنايوم ذاک المول مࢽ وجل
يَثٜي مࣸسࣸ کࣸرࣸمَڟٜيٰ إِدࣸوکࣸڢَاطَ رࣸوَࢽْ ࢽَّࢽَ ؞ کࣸجٰٜکࣸ غَکَاڢِرَيْ مَڧِيَامࣸحَمَّدَا,يَثٜيٰ مࣸسࣸ کࣸرࣸمْڟٜيٰ إِدࣸوکࣸڢَاطَ رࣸوَرْ ࢽَࢽَ ؞ کࣸجٰٜکࣸ غَکَاڢِرَيْ مَڧِيَا مࣸحَمَّدَا
مࣸودࣸکَّ ڟِࢽْڟَايٜيٰ مࣸࢽَاطَ تَࢽْبَيَا  مࣸࢽْکَاسَ غَاࢽٜي وَرْهلِࢽْکࣸ مࣸتَاࢽٜي,مࣸودࣸکَّ ڟِࢽْڟَايٜيٰ مࣸࢽَادَطَ تَࢽْبَيَا   مࣸࢽْکَاسَ غَاࢽٜيٰ وَرْهَلِࢽْکࣸ مࣸتَاࢽٜيٰ
وَيْ إةَ تَارِڧَ سَيْ ألْکَمَا  سَيْ ألْکࣸبࣸسْ وَةَ ساعَ دَࢽَمَا,وَيْ إِةَ تَارِڧَ سَيْ أَلْکَمَا سَيْ أَلْکࣸبࣸسْ وَةَ سَاعَ دَࢽَهَا
کࣸومِࢽْ کَکٜي سࣸويَا کَمَاتَ کَتَࢽْيَا إࢽْ بَابࣸ عِلْمِي بَا عَسَامࣸࢽْ ڧَارࣸوَا,کَومِي کَکٜيٰ سࣸويَاکَمَاتَ کَتَࢽْيَا إِࢽْ بَابࣸ عَلْمِي بَاعَسَامࣸࢽْ ڧَارࣸوَا
هَاطࣽکࣽلْبࣽلٜ وَا لْڢَوْرࣸ عٜيَذِّ نْدٜ وَالْجَسَدࣸࡼلطَّا هِرࣸ,هَاطࣸکࣽلْبࣸل وَالْڢَوْرࣸعٜيَذِّنْدٜوَالْجَسَدࣸࡼلطَّاهِرࣸ
بَسࣸ ذَاݒِ ذَمَادَلَاڢِيابَا,بَسࣸ ذَاݒِ ذَمَادَلَاڢِيَابَا
وَايَسَࢽْ مَتࣸڧَرْرَبࣸوࢽْکَا     تࣸࢽْدَاللهْ يَايَبٜىٰکَا,وَايَسَࢽْ مَتࣸڧَرْرَبࣸوࢽْکَا  تࣸࢽْدَاللَّهْ يَايَٜيٰکَا
لِمَنْ حَمِدَحࣸ وَالْجَهْرࣸعٜڢٜذِّنْدٜڢِح مَوْضِعِهِ>,لِمَرْ حَمِدَهࣸ وَالْجَهْرࣸعٜڢٜذِّنْدٜڢِى مَوْضِعِهِ>
ّمَدَڧَادَ لِّتَاڢِي غَمَيْ ࢽٜمَࢽْ سَࢽِي  دَطࣸلَا دَبَاڧࣸووَࢽْدَ بَايَدَطَࢽْ عࣸوَا,مَدَڧَادَلِّتَاڢِي غَمَيْ ࢽٜمَࢽْ سَࢽِي   دَکࣸلَادَبَاڧࣸووَࢽْدَبَايَدَطَࢽْ عࣸوَا
يَسَيَادَࢽْ يَڧَارࣸ  ࢽَايِ وَࢽَّࢽْ لِّتَاڢِي سَبࣸودَ حَدِيثِࢽْ سَيِّدَࢽَا,يَسَيَادَࢽْ يَڧَارࣸکَ ࢽَايِ وَࢽَّࢽْ ࢽَِتَاڢِي سَبࣸودَحَدِيثِࢽْ سَيّدِࢽَا
طرࢽ وڧتي غصلاواجبيا    مبرجاࢽي عبريي تࢽدسورا,طرࢽ وڧتي غصلاواجبيࢽا   مبرجاࢽي عبريي تࢽدسورا
سَادَمَيْزِࢽَىٰ إِࢽْ يَيْ أّلدّࣸعَا بَعَايَکٜيٰيِ دَامَايَابَرِِي,سَادَمَيْزِࢽَىٰ إِࢽْ يَيْ أَلدّࣸعَا  بَعَايَکٜيٰيِ دَامَايَابَرِي
کࣸبِ أَلࢽَّبِ بَادَ غَرْدَمَابَا,کࣸبِ أَلࢽَّبِ بَادَغَرْدَمَابَا
أَݣࣸيْ وَࢽِ حَدِيشِ وَࢽْدَأَࢽَّبِ يَاڢَطَا ؞  کࣸسَوْرَارِ ذَࢽْثٜࢽ سِيدِ مࣸࢽْذࣸمࣸ أَحْمَدَا,أَݣࣸيْ وَرِ حَدِيشِ وَࢽْدَأَࢽَّبِ يَاڢَطَا ؞ کࣸسَوْرَاࢽِ ذَࢽْثٜࢽ سِيدِ مࣸࢽْذࣸمࣸ أَحْمَدَا
إِࢽْ مَّثٜي  شَاشَࢽْثِي يَغَمٜيٰتَا    بَامَيْ ڢَضَ غَࢽِࢽْ کِرْکِࢽتَا,إِࢽْ مَّثٜيٰ شَاشَࢽْثِي يَغَمٜيٰتَا بَامَيْ ڧَاضَ غَࢽِࢽْ کِࢽْ کِࢽْتَا
سَيْ ذَمَاأَثِکِࢽْ أَمِࢽثِي    بَارَشِࢽْ شَا بَارَشِࢽ ثِي,سࣸيْ ذَمَاأَثِکِࢽْ أَمِࢽْثِي بَارَشِࢽْ شَابَارَشِࢽْ ثِي
مࢽ نطڢت يعلم الانسٰࢽ مبداه ؞ وجيلة ءاخر ا والبطࢽ منه مل,مࢽ نطڢت يعلم الانسࢽ مبداه ؞ وجيڢة ءاخراوالبطࢽ منه مل
بَابࣸ ڟࣸواڢࣸو بَاسَمَارِ  دࣸکْ ثِکِࢽْ وࣸتَ بَاکࣸزَارِ,بَابࣸ ڟࣸواْڢࣸوبَاسَمَارِ دࣸکْ ثِکِࢽْ وࣸتَ بَاکࣸزَارِ
ࡼلْمَآءࣸ عࣽڢَطِنْتَادِيَرْطَࢽْ ڢِح اِلْمَضْمَضَةِ,ࡼلْمَآءࣸ عࣽڢَطِنْتَادِيَرْطࣸࢽْڢِحِ ࡽلْمَضْمَضَةِ
أَغَبَاࢽَسَ ࢽَادَ شَمَکِيبَا,أَغَبَاࢽَسَ بَادَشَامَکِيبَا
ذࣸوثِيَرْکࣸوَاوَاتَوَايٜىٰ    غَاصِڢَامَيْبَادَڧَايٜىٰ,ذࣸوثِيَرْکࣸوَاوَاتَوَايٜيٰ غَاصِڢَامَيْبَادَڧَايٜيٰ
کَأمسَ غَتࣸوبَمّࣸ يَارَبَّࢽَا    دَبَازَمࣸ کࣸومَابَ اَکِࢽ زِࢽَا,کَأَمْسَ غَتࣸوبَمࣸ يَارَبَࢽَا   دَبَازَمّࣸ کࣸومَابَ أَيکِࢽْ زِࢽَا
مَرَرَّبَابَݣيْ ثَاࢽَا غِدَاࢽَسَا  أَللَّهْ تَعَالىٰ يَيْمَسَا غَاڢَرَا,مَرَرَّبَابَݣࣸيْ ثَاࢽَاغِدَاتَسَا  أَللَّهْ تَعَالَىٰ يَيْمَسَاغَاڢَرَا
وَࢽْدَدࣸکْ ڧࣸوْالَمَاتَزَاݒيٰ   يَاجِ کࣸࢽْيَاهَرْشِتَاݒٜيٰ,وَࢽْدَدࣸکْ ڧࣸوْاْلَمَاتَزَابٜيٰ يَاجِ کࣸࢽْيَاهَرْشِتَايٜيٰ
مَالَمْ دَکࣸوولَادَکَࢽْبࣸغَا  بَاعَابِيَاࢽَسَاسَيْ إِࢽْ يَيْعِدࣸواْ,مَالَمْ دَکࣸورِلَادَاکَࢽْبࣸغَا  بَاعَايِيَاࢽَسَاسَيْ إِࢽْ يَيْعِدࣸواْ
وَࢽْسࣸ غَاکَايَاسࣸطَوْکَيْ   وَࢽْسࣸ کࣸوْاْتَمْکَرْ مࣸسَاکَيْ,وَࢽْسࣸ غَاکَايَاسࣸطَوْکَيْ  وَࢽْسࣸ کࣸوْاتَمْکَرْمࣸسَاکَيْ
بَاذَيْ رِيْغَرْشِغَاسَعَابَا,بَاذَيْ رِيْغَرْشِغَاسَعَابَا
مَىْ بِطَرْشِڟَرٜىٰ مࣸتࣸࢽْثِ    ࢽَى شࢽٜىٰمِ سَࢽِࢽْ حَلَثِّ,مَىْ بِطَرْشِڟَرٜىٰ مَتَࢽْثِ ࢽَىْ شِࢽٜىٰمِ سَࢽِࢽْ حَلَثِّ
أَبِيَاجࣸوࢽَاأَيَاڢٜي غَابَا,أَبِيَاجࣸوࢽَاأَيَاڢٜيٰ غَابَا
غَرْغَطِي مَيْبَادَڟࣸوْرࣸوا مَيْࢽࣸڢِي دَهَࢽِي دَهࣸوْرࣸواْ,غَرْغَطِي مَيْبَادَڟࣸوْرࣸواْ  مَيْࢽࣸڢِي دَهَࢽِي دَهࣸوْرࣸواْ
وَࢽَّࢽْ وَاَلْأمَرِي يَاإِسَ أَبِࢽْ اَلْعَجَبِي؞  کَمَرْ شِي يَکࣸومࣸواسِيدِ أَࢽَّبِ أَحْمَدَا,وَࢽَّࢽْ وَاَلْأَمَرِي يَاإِسَ أَبِࢽْ اَلْعَجَبِي ؞ کَمَرْشِي يَکࣸو مࣸواسِيدِ أَࢽَّبِ أَحْمَدَا
کذااليهود واࢽهم وحدواکڢروا ؞ بالله مࢽ جلعة التکذيب لله سل,کذااليهودواࢽ لهم وحدولکڢروا ؞ بالله مࢽ جلعة التکذيب للر سل
ڢَکࣸتَّࢽْبَيَاکࣸووَيِّ وَاڧَرْغَ دࣸکْکࣸثٜىٰ   دَشِى ࢽَاࢽَ تَايَرْشَيْخࣸ مَىْ سࣸࢽْ مࣸحَمَّدَا,ڢَکࣸ تَّࢽْبَيَاکࣸووَيِّ وَاڧَرْغَ دࣸکْ کࣸثٜيٰ  دَشِي ࢽَاࢽَ تَايَرْشَيْخࣸ مَيْ سࣸࢽْ مࣸحَمَّدَا
الحريرِي صح ٣٨٩ صحيڢة,الحريري صع واء صحيڢة
ڧَرْࢽِࢽْسَ شِزَمْ بَزَي يَوَابَا,ڧَرْࢽِࢽْسَ شِزَمْ بَزَيْ يَوَابَا
تَوْاْمࣸسَࢽْ رَاࢽَرْڧِيَامَا  ࢽَاذࣸوَارَاࢽَرْࢽَدَامَا,تࣸوْاْمࣸسَࢽْ رَاࢽَرْڧِيَامَا  ࢽَاذࣸوَارَاࢽَرْࢽَدَامَا
ڢِى ࡶَڢْعَالِهِ>عٜکࣸوطٜ مَکّࣽ وَلاَشَرِيکَ لَهࣸ,ڢِىَ ࡶَڢْعَالِهِ>عٜکࣸوطٜ مَکّࣽ وَلاَشَرِيکَ لَهࣸ
بَاحَࢽْيَاثٜيٰ تَغاڢَرَابَا,بَاحَࢽْيَاثٜيٰ تَغَاڢَرَابَا
أَذࣸبَاوࣸتَ بَادَشَاوَرَابَا,أَذࣸبَاوࣸتَ بَادَشَاوَرَابَا
ڢَرغَبَادࣸࢽْ وَࢽْغَ رَاࢽَا    ࢽَاثِکِي دࣸࢽْ بَابࣸ کࣸواࢽَا,ڢَرْغَبَادࣸࢽْ وَࢽْغَ رَاࢽَا  ࢽَاثِکِي دࣸࢽْ بَابࣸ کࣸواࢽَا
سَيْ شِبَايَرْ حَرْأࣸبَࢽْسَ    بَاطِيَابَاࢳَࢽْ أࣸوَࢽْسَ,سَىْ شِبَايَرْحَرْأࣸبَࢽْسَ بَاطِيَابَاࢳَࢽْ أࣸوَࢽْسَ
کࣸسَࢽْ شٜسࣸ لَدَبࣸوبٜيٰ ࢽَدِيࢽِࢽْ مࣸحَمَّدࣸ ؞   شِِيمَاحَدِيشِ ࢽٜيٰ ࢽَأَࢽَّبِ أَحْمَدَا,کࣸسَࢽْ شٜسࣸ لَدَبࣸوبٜيٰ ࢽَدِيࢽِࢽْ مࣸحَمَّدࣸ ؞  شِيمَاحَدِيشِ ࢽٜيٰ ࢽَأَࢽَّبِ أَحْمَدَا
تࣸࢽْ مَا بَعَ دࣸوبَ أيّࣸکَࢽْبَا,تࣸࢽْ مَابَعَ دࣸوبَ أَيّࣸکَࢽْبَا
لَاخِرَاࢽَسَ حَرْشِسَامِ  کَيْغَ ذَاݒَݒّٜيٰࢽْ مࣸڧَامِ,لَاخِرَاࢽَسَ حَرْشِسَامِ کَيْغَ ذَاݒَݒّٜيٰࢽْ مࣸڧَامِ
مَاغَࢽِࢽْ ڢِتࣸوَرْحَڧࣸورِي    دࣸکْ تَسَامَکَ شِي أَدَوْرِي,مَاغَࢽِࢽْ ڢِتࣸوَرْحَڧࣸورِي  دࣸکْ تَسَامَکَ شِي أَدَوْرِي
اࢽ يصلح الفلب ڢالا عضاء صالحة ؞ لانه ملک محى يمل يمل,اࢽ يصلح الفلب ڢانا عضاء صالحة ؞ لانه ملک ممى يمل يمل
مَاسࣸ ڧٜيٰتَادَحَسَدَاثَࢽْ غَغࣸوبٜيٰ   کَيْسࣸ أَکَيِي وࣸتَاکَدَࢽْتَايِ ذࣸوبٜيٰ,مَاسࣸ ڧٜيٰتَادَحَاسَدَاثَࢽْ غَغࣸوبٜيٰ   کَيْسࣸ أَکَيِي وࣸتَاکَدَࢽْتَايِ ذࣸوبٜيٰ
اذالکمال لذي الجلال خالفنا ؞ متى ه عࢽ مڢات الشبه والمثل,اذالکمال لذي الجلال خالفنا ؞ مته عࢽ صڢات الشبه والمثل
بِسْمِ اِللَّهِ ࢽَاڢَارَاسࣸوࢽَࢽْ عࣸبَࢽْغِجِ؞ شِيࢽٜيٰ دَإِيکࣸو جَلَّ سَرْکِي مࣸحَمَّدَا,بِسْمِ اِللَهِ ࢽَاڢَارَادَسࣸوࢽَࢽْ عࣸبَࢽْغِجِ ؞ شِيࢽٜࢽْ دَإِيکࣸوجَلَّ سَرْکِࢽْ مࣸحََّدَا
دࣸوࢽْ مࣸتࣸࢽْ ࢽٜىٰ شِى کَرِيمِ    مَىْ يَوَࢽْ هَڧࣸرِي عَلِيمِ,دࣸوࢽْ مࣸتࣸࢽْ ࢽٜىٰ شِي کَرِيمِ  مَىْ يَوَࢽْ هَڧࣸرِي هَلِيمِ
بَسࣸ کَࢽْ رَغٜيٰ کࣸوْاْ أَبِࢽْ مِيَابَا,بَسࣸ کَࢽْ رَغٜيٰ کࣸوْاْأَبِࢽْ مِيَابَا
غِدَجٜيٰࢽْمࣸ زِيࢽَرّࣸوتࣸڢَاڢِي ࢽَاَلْحَرِࢽْ  مࣸشَاسَلْسَبِيلࣸ دَزَࢽْجَبِيلࣸ غَاَحْمَدَا,غِدَاجٜيٰࢽْمࣸ زِيࢽَرّࣸوتࣸڢَاڢِي ࢽَاَلْحَرِࢽْ   مࣸشَاسَلْسَبِيلࣸ دَزَࢽْجَبِيلࣸ غَأَحْمَدَا
کَلࣸورَا کَسَوْ رَارِي تَوْشَاوَرَا,کَلࣸورَا کَسَوْرَارِي تَوْشَاوَرَا
إِࢽْ کَࢽَادَهَࢽِي ࢽَشِريٜيٰ   کَيْ رِڧࣸࢽْسࣸ دَکَيْوْکِيَايٜيٰ,إِࢽْ کَࢽَادَهَࢽِي ࢽَشِرْيٜيٰ کَيْ رِڧࣸࢽْسࣸ دَکَيْوْکِيَايٜيٰ
بَسࣸ تَاشِ سࣸࢽَادَلَاڢِيَا,بَسࣸ تَاشِ سࣸࢽَادَلَاڢِيَابَا
أَࢽَࢽْ جَلَّ يَاتَارَسࣸ دࣸࢽْ سࣸࢽْ مࣸحَمَّدࣸ ؞ سࣸغِرْمَمَ جِيکَاࢽَسْ سࣸغِرْمَمَ أَحْمَدَا,أَࢽَࢽْ جَلَّ يَاتَارَسࣸ دࣸࢽْ سࣸࢽْ مࣸحَمَّدࣸ ؞ سࣸغِرْمَمَ جِيکَاࢽَسْ سࣸغِرْ مَمَ أَحْمَدَا
أَذَمَࢽْکَ بَذَاکَ ثࣸوتࣸوَابَا,أَذَمَࢽْکَ بَذَاکَ ثࣸوتࣸوَابَا
تَسَاتَيْ غَرَࢽْ مَسࣸ طَوْکَرْ عِدࣸواْ  إدَࢽْ زَاةَ يَاوࣸاتَکِࢽْࢽّٜࢽْ عِدࣸواْ,تَسَاتَࢽْ غَرَࢽْ مَسࣸ طَوْکَرْ عِدّࣸواْ   إِدَࢽْ زَاةَ يَاوࣸاْ تَکَࢽْࢽَّࢽْ عِدّࣸوَاْ
بَاشِ مࣸواْڟَاوَاأکࣸࢽْثٜىٰ يَاکࣸرࣸمْثٜى يَامَکَࢽْثٜىٰ,بَاشِ مࣸواْڟَاوَاأکࣸࢽْثٜىٰ يَاکࣸرࣸمْثٜىٰ يَامَکَࢽْثٜيٰ
وَاغَرٜىٰکَ ثِکِࢽْ دَرَارٜىٰ    طَيْبَ هَرْرَيْࢽَاشِڧَارٜىٰ,وَاغَرٜيٰکَ ثِکِࢽْ دَرَارٜيٰ طَيْبَ هَرْرَيْࢽَاشِڧَارٜيٰ
سَوْڧَڧٜيٰمَࢽَ بَادَکَاغَذَابَا,سَسَوْڧَڧٜيٰمَࢽَ بَادَکَاغَذَابَا
دَغَ وَࢽْغَ يَاڧِ بَأَکࣸومَ ذࣸومࣸسࣸ ؞  سَيْ سࣸوسࣸجٜيٰسࣸ دَکَࢽْسࣸ جَمَعَرْ مࣸحَمَّدَا,دَغَ وَࢽْڧَ يَاڧِ بَأَکࣸومَ ذࣸومࣸسࣸ ؞ سَيْ سࣸوسࣸجٰٜسࣸ دَکَࢽْسࣸ جَمَعَرْ مࣸحَمَّدَا
أَݣࣸويْ طِبْغَوْاْمَيْ طِبْغَ مِجِࢽْتَا   بَاتَ جِرَاغَڢَطَاشِتَيَاتَا,أَݣࣸويْ شِبْغَوْاْمَيْ عِبْزِ مِجِࢽْتَا   بَاتَ جِرَاغَڢَطَاشِتَيَاتَا
حَکَ مَيْ يِࢽْ ڢࣸشِي شِيࣸومَيْ ڧّّࢽَࢽْثِي  کࣸوجَڢَاࢽِي حَڧِيڧَابَيْيࣸومࣸتࣸمْثِي,حَکَ مَيْ يِࢽْ ڢࣸشِي شِيࣸومَيْ ڧَࢽَࢽْثِي  کࣸوجَڢَاࢽِي حَڧِيڧَابَيْيࣸومࣸتَمْتِي
مَىْ بِيَࢽْ أَرْࢽٜىٰ يَسࣸوْاْشِي    لَاخِرَاغَمٜىٰ ذَاسࣸ تَاشِي,مَيْ بِيَرْأَرْࢽٜيٰ يَسࣸوْاْشِي لَاخِرَاغَمٜيٰ ذَاسࣸ تَاشِي
نٜوِيفࣽلْ وَمَسْحࣸ ࡼلذِّرَاعَيْࢽِ عِمَسْکࣸدٜجِرَعࣸوجِ طِࢽْ,نٜوِيفࣽلْ وَمَسْحࣸ ࡼلذِّرَاعَيْࢽِ عٜمَسْکࣸدٜجِرَعࣸوجِ طِࢽْ
وࢽغ,وࢽغ
ذࣸوْالْجَلَالِ کَبَامࣸ شِرْيَا    ذࣸوثِيَرْمࣸ تَکَامَ هَࢽْيَا,ذࣸوْالْجَلَالِ کَبَامࣸ شِرْيَا ذࣸوثِيَرْمࣸ تَکَامَ هَࢽْيَا
أَݣࣸيْ وَࢽِي بَيَاࢽِ وَࢽْدَ مَهْدِڢَ يَاغَࢽِي ؞  شِي مَاکَرَامَ ثٜيٰ تَبَرْدٜࢽْ مࣸحَمَّدَا,أَݣࣸࢽْ وَلِي بَيَاࢽِ وَࢽْدَمَهْدِڢَ يَاغَࢽِي ؞ شِي مَاکَرَامَ ثٜيٰ تَبَرْدٜࢽْ مࣸحَمَّدَا
مَادَسَاڧࣸواْکࣸواْوَࢽِࢽْسࣸ   سࣸڢَطَادࣸکَ حَࢽْزَرِࢽْسࣸ,مَادَسَاڧࣸواْکࣸواْوَࢽِࢽْسࣸ  سࣸڢَطَادࣸکَ حَࢽْزَرِࢽْسࣸ
سࣸࢽْ وَهَلْتَ غَوَࢽْغَ حَالِ    أَيِي حِسَبِي ࢽَىْ سࣸءالِ,سࣸࢽْ وَهَلْتَ غَوَࢽْغَ حَالِ  أَيِي حِسَابِي ࢽَىْ سࣸءَالِ
غࣸࢽْ ذمَࢽْکَ إِدَࢽْ کَهَࢽْغِ  ࢳَرْشِرِيرِيتَادَوَرْغِي,غࣸࢽْ ذَمَࢽْکَ إِدَࢽْ کَهَࢽْغِ ࢳَرْشِرِيرِيتَادَوَرْغِي
وَࢽْسࣸ غَاکَايَاسࣸطَوْکَىْ   وَࢽْسࣸ کَوْاتَمکَرْمࣸسَاکَىْ,وَࢽْسࣸ غَاکَايَاسࣸطَوْکَيْ   وَࢽْسࣸ کࣸوْاتَمْکَرْمࣸسَاکَيْ
ًٍٍ       دࣸمَيْبࣸکاتَرْ غَسْکِيَا کَڢَطَا مَسَ اࢽْذا کَطࣸحٍِ کࣸيࣸوا ڟَکَاࢽِࢽ عࢽْ عࣸوا,دࣸمَيْبࣸکَاتَرْ غَسْکِيَا کَڢَطَامَسَ اࢽْذَا کَطࣸجِ کࣸيࣸو ڟَکَاࢽِࢽْ ࢳِࢽْ عࣸوا
ذَمَاغࣸزࣸرِيࢽَاࢽِيڢَ کٜيٰࢽَاغَدࣸوࢽِيَا    غَرَوْࢽِکَ تَمَّاتَا دَثٜيٰتࣸو غَاَحْمَدَا,ذَمَاغࣸزࣸرِيࢽَاࢽِيڢَ کٜيٰࢽَاغَدࣸوࢽِيَا   غَرَوْࢽِکَ تَمَّاتَادَثٜيٰتࣸو غَأَحْمَدَا
کَرْکَزَمْ مَيْسࣸو کَرَيْࢽَ   يَࢽْ أࣸوَاکَڟَرٜيٰ أَمَاࢽَا,کَرْکَزَمْ مَيْسࣸوکَرَيْࢽَ  يَٜࢽْ أࣸوَاکَڟَرٜيٰ أَمَاࢽَا
غَرْغَطِي,غَرْغَطِي
ڢالخيروالشر خلڡ اࢽ بذاک ڢض ڢليس للخلڡ ڢى المفض يࢽ حيل,ڢالخير والشر خلڡ اࢽ بذاک فض ڢليس للخلڡ ڢى المفض يڡ حيل
يَارَسَاکَجِ وَىْ سࣸغࣸواْجٜىٰ    سࣸࢽْڧِ بَامࣸ کࣸطِي أَدَيْجٜىٰ,يَارَسَاکَجِ وَيْ سࣸغࣸواجٜيٰ  سࣸࢽْڧِ بَامࣸ کࣸطِي أَدَيْجٜيٰ
تࣸوشِࢽَاࢽِيَّاغصَلَّا    زࣸوثِ إِࢽْدَيْ بَاجِهَالَهْ,تࣸوشِࢽَاࢽِيَّاغَصَلَّا  زࣸوثِ إِࢽْدَيْ بَاجِهَالَهْ
غَالِبِي دَحَڧࣸوڧࣸوَاࢽٜيٰ    کٜيٰ ڟَرٜيٰسࣸ أَࢽَࢽْ وࣸيَاࢽٜيٰ,غَالِبِي دَحَڧࣸوڧࣸوَاࢽٜيٰ کٜيٰ ڟَرٜيٰسࣸ أَࢽَࢽْ وࣸيَاࢽٜيٰ
اسماوٰه وصڢات الذات ٰنطلفها ؞ بالاذࢽ مثل الد>يحتاج ڢى العمل,اسماوه وصڢات الذات نظلفها ؞ بالاذࢽ مثل الذ>يحتاج ڢى العمل
بَرْذَتࣸࢽْ ڟَرْکِࢽْ إِبَادَا    غࣸࢽْ مࣸتࣸمْ مَيْوَࢽْغَ عَادَا,بَرْذَتࣸࢽْ ڟَرْکِࢽْ إِبَادَا  غࣸࢽْ مࣸتࣸمْ مَيْوَࢽْغَ عَادَا
ڢلاعلى الله حڡ بل يکوࢽ له ؞ حڡ قلتڢضل ممااࢽ يشاينل,ڢلا على الله حڡ بل يکوࢽ له ؞ حڡ التڢضل ممااࢽ يشاينل
وَࢽْدَيَکّࣸࢽْثٜيٰ اَلْکَوَلْ يَايِ ذَࢽْبَا   دࣸدَّمَيْرٜيٰࢽَ مࣸومِࢽِي سَيْ شِتࣸوبَا,وَࢽْدَيَکَّࢽْثٜيٰ اَلْکَوَلْ يَايِ ذَࢽْبَا   دࣸدَّمَيْرٜيٰࢽَ مࣸومِࢽِي سَيْ شِتࣸوبَا
سبحا نه ربنا تعنواالوجوه له مࢽ لم يوصله للخير ات لم يصل,سبحانه ربنا تعنواالوجوه له مࢽ لم يوصله لتخيرات لم يصل
نياسب ماتفدم ڢفدحدى بها کلمات تحمد ولا تذم,نياسسب ماتفدم ڢغدحدى ببهاکلمات تحدولا تذم
اࢽا مکيي ددام دحوࢽ سوࢽٜي   کتاش مساغبࢽم مڟر ڟارا,اࢽامکيي ددام دحوࢽ سوࢽي کتاشࢽ مساغبࢽم مڟرڟارا
أَݣࣸيْ وَتَاکَرَامَ تَسْ دَأَکَ غَࢽْتَ يَٜࢽْاءࣸوَا ؞  دࣸکْ أَکِيَ الْعَجَبِي کࣸسَوْرَارِ ڢَاءِدَا,أَݣࣸيْ وَتَاکَرَامَ تَسْ دَأَکَ غَࢽْتَ يَࢽْاءࣸوَا  دࣸکْ أَکِيِ َلْعَجَبِي کࣸسَوْرَارِ ڢَاءِدَا
سࣸࢽْڧِ جِࢽْ وَعَظِي دَحࣸوْاْرࣸوْاْ   بَاأَبِࢽْدَ کَبَاسࣸ ڟࣸوْاْرٜࣸاْ,سࣸࢽْڧِ جِࢽْ وَعَظِي دَحࣸوْاْرࣸوْاْ  بَاأَبِࢽْدَکَبَاسࣸ ڟࣸوْاْرࣸواْ
بَاطَيِي ࢽَيْڢَ کࣸوغَوَجَّࢽْ بَࢽَࢽْثِي   مکَࢽَاوَࢽْدَيَڧِّ کࣸوبِࢽْ حࣸکࣸمْثِي,بَاطَيِي ࢽَيْڢَ کࣸوغَوَجَّࢽْ بَࢽَࢽْثِي حَکَࢽَاوَࢽْدَيَڧِّ کࣸوبِࢽْ حࣸکࣸمْثِي
وَࢽْسࣸ ࢽَࢽْ بَاسࣸبِࢽْ سࣸبِࢽْ تَڢَرْکِࢽْ شَرِيعَا   مَاسࣸ ذَاڢِي سࣸڢَاطَبَيْ بَابَرَاعا,وَࢽْسࣸ ࢽَࢽْ بَاسࣸبِࢽْ تَڢَرْکِࢽْ شَرِيعَا   مَاسࣸ ذَاڢِي سࣸڢَاطَبَيْ بَابَرَاعَا
حَرْهحَࢽْکَلِي وَاللَّهِ کَاجِ يَکَࢽْ بَثٜي   بِسَ کَࢽْ طَبِيعࣸوعِࢽْسَ کَاجِ مࣸتَاࢽٜي,حَرْحَࢽْکَلِي وَاللَّهِ کَاجِ يَکَࢽْ بَثٜيٰ  بِسَ کَࢽْ طَبِيعࣸوعِࢽْسࣸ کَاجِ مࣸتَاࢽٜيٰ
إࢽْکَاڟَيَا صَلاَّ سࣸثٜي  مَيْ ڢَرِيَا         دࣸکْ ڧࣸوڧَرِِࢽْسَ يَتَبَّتَا وَمࣸتَاࢽٜيٰ,إِࢽْکَاڟَيَاصَلَّاهْ سࣸثٜيٰ مَࢽْ ڢَارِيَا   دࣸکْ ڧࣸوڧَرِࢽْسَ يَتَبَّتَاوَمࣸتَاࢽٜيٰ
کࣸسَࢽْ دَوْدَوَا مَاڢَا وَارِي غَرٜيتَا  بَابࣸ رَبٜيوَا دَيَالࣸواْ دَطَاتَا,کࣸسَࢽْ دَوْدَوَامَاڢَاوَارِي غَرٜيٰتَا   بَابࣸ رَبٜيٰوَادَيَالࣸواْ دَطَاتَا
١٩  رَبَّࢽَا بَدَّ وَࢽْجِࢽْ   مَاسࣸ ڧِࢽْسَ سَبࣸءاْ دَڧࣸࢽْجِي,٤٧رَبَّتَا يَابَدَّوَࢽْجِࢽْ  مَاسࣸ ڧِࢽْسَ سَبࣸواْدَڧࣸࢽْجِࢽْ
سَيَّيْ عَدّࣸعَ کَيَرْشِي يَطَوْکَا  کَجِ وࣸوڢِي دَبَايَاسࣸويَيْ صَࢽَاعَ,سَيَّيْ عَدّࣸعَ کَيَرْشِي يَطَوْکَا   کَجِ وࣸوڢِي دَبَايَاسࣸويَيْ صَࢽَاعَ
أَلْهَکِࢽْ طَاغࣸࢽْأࣸبَࢽْسَ    تࣸࢽْبِطَرْأَوْرٜىٰࢽْ أࣸوَرْسَ,أَلْهَکِࢽْ طَاغࣸࢽْ أࣸبَࢽْسَ  تࣸࢽْ بِطَرْأَوْرٜىٰࢽْ أࣸوَرْسَ
ڢاࢽ تارکها ت ا تيه راغمة ؞ وانت منهالغير الرزڡ لم تصل,ڢاࢽ تارک لهات اتيه راغمته ؞ واتت منمالغيرالر زڡ لم تصل
مࢽ واجب اولافصدالى نظࢽ ؞ صليم معنى بلا نغص ولاخلل,مࢽ واجب اولافصدالى نظى ؞ صيح معنى بلا نفص ولاخلل
اࢽد,اࢽد
ڢلاٰکبيرةللطاعات محبطة ؞ احباط کڢرڢهذاغي معتدل,ڢلاکييرة للطاعات محبطة ؞ احباط کڢر ڢهذاغير معتدل
سࣸوکَ بَڧࣸا سࣸرِغَايِࢽْ کࣸوکَا  بَأَيْ مَغَࢽَابَ سࣸجٜيٰ سࣸڟِرَاتَا,سࣸوکَ بَغࣸواْسࣸرِغَايِࢽْ کࣸوکَا بَيْ مَغَࢽَابَ سࣸجٜيٰ سࣸڟِرَاتَا
واࢽ يکࢽ مࢽ حلال نلت ڢلفد ؞ اصبحت مࢽ ملبس التوڢيڡ ڢى حلل,واࢽ يکࢽ مࢽ حلال نلته ڢلفد ؞ اصبحت مࢽ ملبس التوڢيڡ ڢى حلل
سࣸکَثٜيٰمَ سَرْکِي مَهْدِ يَا لشٜيٰ مࣸ ؞ أََبَاطِلََادَبَابࣸ دَلِيلِ کࣸࢽجِ مَڧِيَّامࣸحَمَّدَا,سࣸکَثٜيمَ سَرْکِي مَهْدِ يَاکَشٜيٰ مࣸ ؞ أَبَاطِلَادَبَابࣸ دَلِيلِ کَࢽْجِ مَڧِيَّامࣸحَمَّدَا
لَاخِرَاأذࣸبَاسࣸ لَذَّ    غَرْغَطِࢽْ مَالَمْ يَهࣸوذَا,لَاخِرَاأَذࣸبَاسࣸ لَذَّا  غَرْغَطِࢽْ مَالَمْ يَهࣸوذَا
ࢽَىْ شِمَىْ خࣸطࣸبَادَأَرَبِ    کࣸوْامࣸحَمَّدࣸکࣸواْشࣸعَيْبࣸ,ࢽَىْ شِمَىْ خࣸطࣸبَادَأَرَبِ  کࣸوْاْمࣸحَمَّدࣸ کࣸواْشࣸعَيْبࣸ
بَتَ سَࢽْ کࣸوْاْ مَيْ کَمَرْ ثِکِيبَا,بَتَ سَࢽْ کࣸوْاْمَيْ کَمَرْثِکِيبَا
عَسٜوٜرّٜعَدِّى هࣸوَدٜيࣸرْمࣸدٜڢٜوْࣽمٜࢽْ ڢَاتࣸنْدٜجٜرْرࣽ عَلىّࣸ هَٜيْرٜ دٜهِطَّتَا,عَسٜوٜرّٜعَدِّى هࣸودٜيࣸرْمࣸدٜڢٜوْدࣸمٜࢽْڢَاتࣸنْدٜجٜرْرࣸعَلىّࣸ هَيْرٜدٜهِطَّتَا
دَڟَرِࢽْ حَڧِّ دَدَيْࢽْ زَمْبَا,دَڟَرِࢽْ حَڧِّ دَدَيْࢽَ زَمْبَا
مࣸࢽࣸورَدَلِلَيْ دࣸࢽْ أَسَࢽْ کࣸمَ يَاوࣸثٜيٰ؞ أَکَامَ تَڢَرْکِي ࢽَسْ ذࣸوَاغَمࣸحَمَّدَا,مࣸࢽࣸورَدَلِيلَࢽْ دࣸࢽْ أَسَࢽْ کࣸمَ يَاوࣸثٜيٰ؞ أَکَامَ تَڢَرْکِي ࢽَسْ ذࣸوَاغَمࣸحَمَّدَا
ࢽَاغَ مَࢽْيَامَاسࣸلࣸورَا   دࣸکْ مࣸتࣸمْ کَواْمَيْدَبَارَا,ࢽَاغَ مَࢽْيَامَاسࣸ لࣸورَا دࣸکْ مࣸتَمْ کَواْمَيْدَبَارَا
ڢانظراذاکنت ذاعفل وتبصرة ؞ ڢلمل تى وغير خلڡ الواحدالازل,ڢانظراذاکنت ذاعفل وتبصرة ؞ ڢلهل تى وغيرخلى الواحدالازل
سَيْ يَثٜيٰ کࣸࢽْ سَࢽْࢽِ تࣸࢽْدَ   سَيْ سࣸثٜيٰ مَسَ عَاءَ مࣸودَ,سَىْ يَثٜيٰ کࣸࢽْ سَࢽْࢽِ تࣸࢽْدَ  سَىْ سࣸثٜىٰ مَسَ عَاءَ مࣸودَ
اماالذ> صاريدعونالبدعته ؞ مع الفتال ڢض ب البيض والاسل,اماالذ> صاريدعونا لبدعته ؞ مع الفتال ڢظ ب البيض والاسل
کَࢽْ مࣸتَاࢽٜيٰ دࣸکْ أََرࣸوڟࣸو   حَࢽْکَلِࢽْ جَمَعَاشِمࣸوْاْڟࣸو,کࣸࢽْ مࣸتَاࢽٜيٰ دࣸکْ أَرࣸوڟࣸو  حَࢽْکَلِࢽْ جَمَعَاشِمࣸوْاْڟࣸو
بَايَࢽْسࣸ سَيْ مَاتَࢽْ دَبَاسࣸ مࣸڧࣸمْتَا سࣸوکَمْ وَطَࢽْ ࢽَّاࢽَا دَدَاطِࢽْ أَوْرٜيٰ,بَايَࢽْسࣸ سَيْ مَاتَࢽْ دَبَاسࣸ مࣸڧࣸمْتَا   سࣸوکَمْ وَطَࢽْ ࢽَاࢽَادَدَاطِࢽْ أَوْرٜيٰ
جَاهِلَىْ دَيْدَىْ دَمَاتَا     ࢽَٜىٰ إدَࢽْدَىْ سࣸࢽْغَ ثࣸوتَا,جَاهِلَيْ دَيْدَيْ دَمَاتَا  ࢽٜىٰ إِدَࢽْدَيْ سࣸࢽْغَ ثࣸوتَا
ڢدرام بالجهل نورالحڡ يطڢنى ؞ والله اظهوط کالشمس لم تزل,فدرام بالجهل نورالحڡ يطڢنه ؞ والله الوره کالشمس لم ترل
ذَمَاتَيْمَکࣸوبَاحَࢽَى بَا غَرٜيکَ  مِثَالِي کَمَاتَي مِثَالِࢽْ زِࢽَا,ذَمَاتَيْڢِکࣸوبَاحَࢽَيْ بَاغَرٜيکَ  مِثَالِي کَمَاتٜى مِثَالِࢽْ زِࢽَا
تَࢽْ سَشِࢽْ أيْکِى ࢽَبَرْࢽَا ڢَىْ ديࣸويٜىٰ شِطَيْدَسࣸࢽَّا,تَرْسَشِࢽْ أَيْکِى ࢽَبَرْࢽَا  ڢَيْ دَيࣸويٜيٰ شِطَيْدَسࣸࢽَّا
ذَمَاذَاطَ ڧَࢽْطَرَثَاࢽْ أَتࣸسْغاغَجَࢽَّتَا  ڢَدَارࣸاَلسَّلاَمِ غَرِࢽْ مَسࣸويَرْمࣸحَمَّدَا,ذَمَاذَاطَ ڧَࢽْطَرَثَاࢽْ أَتࣸسْڧَاغࣸجَࢽَّتَا   ڢَدَارࣸ اَلسَّلَاَمِ غَرِࢽْ مَسࣸويَرْ مࣸحَمَّدَا
عَبَبَّࢽْکࣸوتࣸ ذَاࢽَثٜىٰ سࣸࢽْثِى بَاشِ    کࣸمَابَاسَايَبَاوَسَىْ مࣸࢽْ شَرِيعَ,عَيَيَّࢽْ کࣸوتࣸ ذَاࢽَثٜيٰ سࣸࢽْثِي بَاشِ  کࣸمَابَاسَايِبَاڢَ سَىْ مࣸࢽْ شَرِيعَ
کࣸمَ کَدَکࣸوࣸوحَسَدَاغَکࣸواوَڢَ کࣸࢽْجِيَا ؞  إِتَمَا حَرَامࣸࢽْثٜيٰ أَتࣸرْبَࢽْ مࣸحَمَّدَا,کࣸمَ کَدَکࣸوࣸوحَسَدَاغَطࣸواوڢَ کࣸࢽْجِيَا ؞  إِتَمَاحَرَامࣸࢽْثٜيٰ أَتࣸرْبَࢽْ مࣸحَمَّدَا
إِࢽْ يَّاسَيَرْمَکَ لَادَاکٜيٰبِي إِࢽ بَيْ سَيَرْبَابَاشِ دَکࣸووࣸرِ,إِࢽْ يَّاسَيَرْمَکَ لَادَاکٰٜبيَ  إِࢽْ بَيْ سَيَرْبَابَاشِ دَکࣸووࣸرِ
کَاجِ إِرِࢽْ حَالَايَࢽْ مَّاتَا    مࣸوࢽَاࢽَا  مࣸغَامَکࣸوطَيْتَا,کَاجِ إِرِࢽْ حَالَايَࢽْ مَاتَا  مࣸوࢽَاࢽَامࣸغَامَکࣸوطَيْتَا
عٜرٜوْنِدِرْدٜوَڢَرَآضِࣸ ࡼلْغَسْلِ ڢَرِللَّج لࣸنْفࣵلْ,عٜرٜوْنِدِرْدٜوَڢَرَآبِضࣸ ࡼلْغَسْلِ ڢَرِللَّجِ لࣸنْفࣵلْ
وَࢽْسࣸ ࢽَاتَاشِ ڟِرَارَا    تࣸࢽْ کࣸشٜيٰوَرْذَاعَ ڢَارَا,وَࢽْسࣸ ࢽَاتَاشِ ڟِرَارَا  تࣸࢽْ کࣸشٜيٰوَاذَاعَ ڢَارَا
سَى اثٜى,سَى اثٜى
اذࢽ اداابرامرٜي دادا    اميلورامبرايکࢽ ࢽصارا,اذࢽ اداابرامرى دادا  اميلورامبرايکࢽ ࢽصارا
دَسࣸکٜيٰ حَطٜيٰ غَاشِ بَيْهَطٜيٰبَا,دَسࣸکٜيٰ حَطٜيٰ غَاشِ بَيْهَطٜيٰبَا
مَذَا سَيْ أَثٜيٰمَکَ وَاࢽٜيٰ لَلَّيْ يَيْکࣸطِي  دࣸومِࢽْ حَکَࢽْࢽَࢽْ بَاشِکࣸولَدَبِيࢽٜي,مَذَاسَيْ أَثٜيٰمَکَ وَاࢽٜيٰ لَلَّيْ يَيْکࣸطِي   دࣸومِࢽْ حَکَࢽْࢽَࢽْ بَاشِکࣸولَدَبِيࢽٜيٰ
إِࢽْذَاکَعَيْکَتَ أَيّࣸکَࢽْکَ کَأَيْکَتَا إࢽْکࣸوکَبَرشِ کَࢽَاغࣸدࣸࢽْ تَمࣸتاࢽٜيٰ,إِࢽْذَاکَعَيْکَتَ أَيّࣸکَࢽْکَ کَأَيْکَتَا  إِࢽْکࣸوکَبَرْشِ کَࢽَاغࣸدࣸࢽْ تَمࣸتَاࢽٜيٰ
دماس ذواشکࢽ س سࢽاجييا   متاڢکࢽ مکٜغ ࢽا ࢽصارا,دماس ذواشکࢽ س سࢽاجييا  متاڢکࢽ مکغ ࢽاࢽصاارا
ڢَتࣸࢽْدَغَ سَرَوْتَ الْمَهَدِ حَرْڧِيَامَةࣸ ؞  سَيْ رَاتِبِي تࣸوکࣸࢽْجِ وࣸرْدٜࢽ مࣸحَمَّدَا,ڢَتَࢽْدَغَ سَرَوْتَ الْمَهْدِ حَرْڧِيَامَةࣸ ؞  سَيْ رَاتِبِي تࣸوکࣸࢽْجِ وࣸرْدٜࢽْ مࣸحَمَّدَا
غࣸࢽْ سَاکِيْ أَطٜيٰبٜيٰ تَوْسَيِي  بَاعَدَالَاࢽْڧَرْشَ ࢽْدࣸوࢽِيَا,غࣸࢽْ سَرَاکِيَ أَطٜيٰبٜيٰ تَوْسَيِي  بَاعَدَالَاࢽَڧَرْشَ ࢽْدࣸوࢽِيَا
حَرْڧَذَڢْ حَرْغَرْدَمَࢽْثِي    سَارِيَاءࣸدَثِࢽْ مࣸتࣸࢽْثِي,حَرْڧَذَڢْ حَرْغَرْدَمَࢽْثِي سَارِيَاءࣸدَثِࢽْ مࣸتࣸࢽْثِي
إࢽْ مࣸوکَرَبࣸوْبَکࣸوْارَسَابَا,إِࢽْ مࣸوکَرَبࣸوْبَکࣸوْاْرَحَابَا
سَىْ شِغَاࢽٜىٰمَࢽْ أسِيرࣸو     سَيْکَثٜىٰ تَاذَمْࢽَ جَارࣸو,سَىْ شِغَاࢽٜىٰمَࢽْ أَسِيرࣸو سَيْکَثٜيٰ تَاذَمْࢽَ جَارࣸو
أَمَّثٜيٰ أَغَبَࢽْکَ حَرْمَا کَيْ رَشِࢽْ ڟࣸڢِّࢽْکَ أَمَّا,أَمَّثٜيٰ أَغَبَࢽْکَ حَرْمَا کَيْ رَشِࢽْ ڟࣸڢِّࢽْکَ أَمَّا
بَل,بَل
بَاذَىْ دَرَجَاألَاخِرَابَا,بَاذَىْ دَرَجَاأَلَاخِرَابَا
ڢينکرالخالڡ العبودمو جده ؞ اومعجزات تبيࢽ الصدولله سل,ڢنک الخالڡ المعبودموجده ء؞ اومعجزات تبيࢽ الصدڢ للرسل
أَذࣸبَامَتَ بَادَتَاڧِيَابَا,أَذࣸبَامَتَ بَادَتَاڧِيَابَا
ذَࢽْثٜيٰ غَرٜيٰ کࣸکَرْ کَتَکࣸࢽࣸواْ   يَࢽَادَاࢽَڢَاࢽِي إِࢽْ کࣸࢽْجِيَا,ذَࢽْثٜيٰ غَرٜيٰࢽ کࣸکَرْکَتَکࣸࢽࣸوا   يَࢽَادَأَࢽْڢَاࢽِي إِࢽْ کࣸࢽْجِيَا
مࣸوَابَتَرِِسْکِ مَيْ شيبَا,مࣸوَابَتَرِسْکِ مَىْ رَشِيبَا
دَرَجَاتَسࣸ بَاأَبِࢽْ مࣸسࣸوبَا,دَرَجَاتَسࣸ بَاأَبِࢽْ مࣸسࣸوبَا
إِࢽْ أࣸوَاتَشِغَرْمَ رٜىٰࢽࣸواْ     مَاغَࢽِي مَىْ وَࢽْکٜىٰ ࢽࣸوْاࢽࣸوْا,إِࢽْ أࣸوَاتَشِغَرْمَ رٜيٰࢽࣸواْ   مَاغَࢽِي مَيْ وَࢽْکٜيٰ ࢽࣸواْࢽࣸواْ
أَيَاڢٜمَ جࣸوࢽَا کࣸࢽجِ دࣸࢽْ اَللَّهْ يَࢽْاءࣸوَا ؞  شِيمَاحَدِيشِ ࢽٜيٰ صَحِيحِ غَأَحْمَدَا,أَيَاڢٜمَ جࣸوࢽَاکࣸࢽجِ دࣸࢽْ اَللَّهْ يَࢽْاءࣸوَا ؞  شِيمَاحَدِيشِْ ࢽٜيٰ صَحِيحِ غَأَحْمَدَا
سࣸودَيْ مࣸتَاࢽٜيٰ سَيْکَثٜيٰ جࣸمࣸࢽَا سࣸکٜيٰ    عِتَ تَاڢِ ڟِࢽْڟَايٜيٰ کَمَرْتَ  دَبَࢽّٜيٰ,سࣸودَيْ مࣸتَاࢽٜيٰ سَيْکَثٜيٰ جࣸمࣸࢽَاسࣸکٜيٰ  عِتَ تَاڢِ ڟِࢽْڟَايٜيٰ کَمَرْتَ دَبَࢽّٜيٰ
سَيْدَجِࢽْ مࣸتࣸوَاأَࢽٜيٰسَا   ࢽَࢽْ أَکَࢽْغَ ڢَکَرْسَشِࢽْسَا,سَيْدَجِࢽْ مࣸتࣸوَاأَࢽٜيٰسَا  ࢽَࢽْ أَکَࢽْغَ ڢَکَرْسَشِࢽْسَا
وَدَدࣸو مࣸتࣸࢽْ شِکٜي کَرْکَيࣸو مَسَ حَسَدَ  إࢽْکَاغَيَا سَامࣸو يَمࣸرْࢽَا طَࢽْ عࣸوَا,وَدَدࣸومࣸتࣸࢽْ شِکٜي کَرْکࣸيࣸومَسَ حَسَدَ إࢽْکَاغَيَاسَامࣸويَمࣸرْࢽَاطَࢽْ عࣸوَا
وَࢽْسࣸ کࣸواْدَيْدَيْ دَإِسْکَا   ذَاسࣸ ڧٜيٰتَرَ بَابࣸ سَکَّا,وَࢽْسࣸ کࣸواْدَيْدَيْ دَإِسْکَا ذَاسࣸ ڧٜيٰتَرَبَابࣸ شَکَّا
وَࢽْدَکٜيٰدَرَبࣸوْاْيَتࣸوبَا    وَࢽْدَکوْࣸاْبَيْ حَمْزَرِيبَا,وَࢽْدَکٜيٰدَرَبࣸوْاْيَتࣸوبَا  وَࢽْدَکࣸوْاْبَيْ حَمْزَرِيبَا
ولا يکوࢽ بطارالڢسومنعىٰ لا ؞ الا بکڢر ڢذالابد مࢽ بد,ولا يکوࢽ بطارالڢسو منعر لا ؞ الابکڢر ڢذالابدمࢽ بدل
کࣸڧِّ ڢࣸورࣸࢽْغَ دࣸکْ شِࢽَايِࢽْ ࢽَدَامَا    وَࢽْدَيَذَّمْ ڢَ حَاکِمِي يَيِّ رَحْمَا,کࣸڧِّ ڢࣸورࣸࢽْغَ دࣸکْ شِࢽَايِࢽْ ࢽَدَامَا   وَࢽْدَيَذَّمْ ڢَ حَاکِمِي يَيِّ رَحْمَا
تَکَࢽْ ڟِرِي شَارَاتَࢽَ ڢٜيثٜي حَࢽْثِي  کࣸوْاْ کࣸوَاْ تَثٜي تَشِي ࢽِي زَࢽيِ بَرْثِي,تَکَࢽْ ڟِرِي شَارَاتَࢽَ ڢٜيٰثٜي حَࢽْثِي  کࣸوْاْکࣸواْ تَثٜيٰ تَشِي ࢽِي زَࢽْي بَرْثِي
إِذَࢽْ وَࢽِ يَاتَاشِ کَدَکࣸزَمْࢽَاوࣸرِِيࢽَسَ ؞  شِيمَا حَدِيشِ ࢽٜيٰ ڢَ أࣸمَّ الْمࣸحَمَّدَا,إِذَࢽْ وَࢽِ يَاتَاشِ کَدَکࣸزَمْࢽَاوࣸرِيࢽَسَ ؞  شِيمَاحَدِيشِ ࢽٜيٰ ڢَ أࣸمَّ الْمࣸحَمَّدَا
بَاذَىْ کَتَرٜي دَغَاڢَرَابَا,بَاذَيْ کَتَرِي دَغَاڢَرَابَا
أَيْتَ مَي دࣸوکَادَکࣸلکِ    کَاڢِرَيْ دࣸکَ ࢽَاسࣸ أَيْکِ,أَيْتَ مَيْ دࣸوکَادَکࣸلْکِ کَاڢِرَيْ دࣸکَ ࢽَاسࣸ أَيْکِ
أَݣࣸويْ سَوْرَا أَمَّاࢽَتَڧَيْتَا   کَشٜيٰدِ دَمَاتَا مَاسࣸ ڧَذَࢽْتَا,أَݣࣸويْ سَوْرَاأَمَّاࢽَتَڧَيْتَا کَشٜيٰدِ دَمَاتَامَاسࣸ ڧَذَࢽْتَا
غلبي دࢽڢکي,غلبي دتڢکي
nan,a
تࣸࢽْدَاأَࢽ.ثٜيٰ بَࢽْدَيَايِي حَرْأَزَارَامَابَزَيْيِ,تࣸࢽْدَأَࢽْثٜىٰ بَࢽْدَيَايِي  حَرْأَزَارَامَابَزَيْيِ
تَکَࢽْ ڟِرِِي يَاوࣸاْ دَبَابࣸ دَلِي لِي  تَکَࢽْ غࣸزِرِࢽْ مَيْ دَطَࢽْ غࣸورࣸاْ ڧّٜللِي,تَکࣸرْڟِرِي يَاوࣸاْ دَبَابࣸ دَلِي لِي   تَکَࢽْ غࣸزِرِࢽْ مَࢽْ دَطَࢽْ غࣸورࣸواْ ڧࣸلْلِي
دَمَاسࣸوتَوْحِيدِدَمَحَرْدَتَا   سَامࣸࢽْسࣸو ذَايِِْيِّ وࣸيَاسَيْ ࢽَادِرََا,دَمَاسࣸوتَوْجِيدَدَمَحَرْدَتَا  سَامࣸࢽْسࣸوذَيْيِّ وࣸيَاسَيْ ࢽَادِرَا
بَاࢽِ ذَلَاڧَابَاࢽِ ڢَصَاحَا    إِࢽ يِّي بَيَاࢽِي ࢽَاأَڢَهِمْتَا,بَاࢽِ ذَلَاڧَابَاࢽِ ڢَصَاحَا  إِࢽْ يِّي بَياࢽِي ࢽَاأَڢَهِمْتَا
وَࢽْدَسَاکࣸلَ شَاوَرَاتَا    تَرْسَشِࢽْکࣸ مَذَادَمَاتَا,وَࢽْدَيَاکࣸلَ شَاوَرَاتَا  تَرْسَشِࢽْکࣸ مَذَادَمَاتَا
سَى اثٜى,سى اثٜىٰ
دࣸکْوࣸتَا أرَّبࣸࢽْسࣸ تَبَّتْ حَڧِيڧََا,دࣸکْ وࣸتَاأَرَّبࣸࢽْسࣸ تَبَّتْ حَڧِيڧََا
کَرْکَ أَْوْرِطِيَرْدَغَاتَا    بَيْ إِشٜيٰتَبَ بَاࢽَغَرْتَا,کَرْکَ أَوْرِطِيَرْدَغَاتَا   بَيْ إِشٜيٰتَبَ بَاࢽَغَرْتَا
سَࢽَّࢽْ يَطَوْکِ دࣸبࣸومٜاتَࢽْ أَرَتَکٜيٰ؞ ࢽࣸوࢽِي يَطَوْخَمْسِيࢽْ هَاءࣸبِيَرْڧِدَا,سَࢽَّࢽْ يَطَوْکِ دࣸبࣸومٜاتَࢽْ أَرَتَکٜيٰ ؞ ࢽࣸوࢽِي يَطَوْخَمْسِيࢽَ عَاءࣸبِيَرْڧِدَا
مࣸࢽْبَاکࣸ لَابَارِࢽْ بࣸييَّ دَجَرْدَدࣸکْ ؞ مࣸکࣸومَا غَخَرْتࣸمْ مَڧِيَامࣸحَمَّدَا,مࣸࢽْبَاکࣸلَابَارِࢽْ بࣸبَيَّ دَجَرْدَدࣸکْ ؞ مࣸکࣸومَ غَخَرْتࣸمْ کࣸمَ مَڧِيَامࣸحَمَّدَا
کࣸووَاَ يَبَرْسࣸ سࣸࢽَاڢِتَاکࣸࢽْجِ يَࢽْاءࣸوَا ؞ کࣸثٜيٰ ڢَاسِغِ ࢽٜي يَاڧِ کࣸويِ دَأَحْمَدَا,کࣸووَاَيَبَرْسࣸ سࣸࢽَاڢِتَاکࣸࢽْجِ يَࢽْاءࣸوَا ؞  کࣸثٜيٰ ڢَاسِغِ ࢽٜيٰ يَاڧِ کࣸوِ دَأَحْمَدَا
کَکَامَ ڢَرِࢽَّ دࣸکْدَسࣸࢽَّ دَࢽَاڢِلَا ؞  إِذَࢽْ ذَاکَيِووسࣸ کَکِوْتَاسࣸ إِࢽْجِ أَحْمَدَا,کࣸکَامَ ڢَرِلَّ دࣸکْدَسࣸࢽَّ دَࢽَاڢِلَا ؞  إِذَࢽْ ذَاکَيِوࣸوسࣸ کَکِوْتَاسࣸ إِࢽْجِ أَحمَدَا
کَرْکَبَرْࢽِ أَجٜيٰ أَبَاسَࢽْ   وَࢽْغَ عيْبِ ࢽَاوَ کَاسَࢽْ,کَرْکَبَرْࢽِ أَجٜيٰ أَبَاسَࢽْ  وَࢽْغَ عَيْبِ ࢽَاوَکَاسَࢽْ
بِرَحْمَتِهِ. ٤ اَمِيࢽ,بِرَحْمَتِهِ ءاَمِيࢽْ
سَيْ سࣸثٜيٰ بَࢽْ غَسْکِيَرْکࣸ   تَاڧِ أَمْڢَاࢽِي غَرٜيٰکࣸ,سَيْ سࣸثٜيٰ بَࢽْ غَسْکِيَرْکࣸ  تَاڧِ أَمْڢَاࢽِي غَرٜيٰکࣸ
کذاالتولدعࢽ شي>ڢى ى سببا ؞ کال مࢽي بالسم عࢽ تاثيى منعصل,کذاالتولدعࢽ شيي جر ى سببا ؞ کالر مى بالسهم مࢽ تاثير منعصل
غَݒَتَتࣸوبَاوࣸرِِࢽْ ڢِتࣸوبَا,غَيَتَتࣸوبَاوࣸرِࢽْ ڢِتࣸوبَا
هࣸوهࣸودَسَيْڢَٜٜٜٜٜٜٜٜٜٜٜٜٜٜٜٜٜرْسࣸ بَىْرَغٜىٰ بَا,هࣸوهࣸودَسَيْڢَرْسࣸ بَيْرَغٜيٰبَا
کࣸمَاڢِيرَسࣸ کَرکࣸسࣸومَاکࣸجِيتَ    ذَاغِࢽْ مَالَمَىْ سࣸکٜى مَاسࣸ طَاعَ,کࣸمَاڢِيرَرْسࣸ کَرْکࣸسࣸومَاکࣸجِيتَ   ذَاغِࢽْ مَالَمَىْ سࣸکٜيٰ مَاسࣸ طَاَعَ
وسلم,وسلم
کلزمث,کلزمث
ادࢽ الله تعلى ياجکࢽم    سبام مجددي مبوي ࢽصارا,ادࢽ الله تعلي ياجکࢽم  سبام مجددي مبوي ࢽصارا
دࣸوࢽِيَادࣸکَاتَاذَمَارَاࢽَا     بَابࣸ عِࢽْدَ بࣸغِࢽْ عِࢽْوَاتَکٜيٰ,دࣸوࢽِيَادࣸکَاتَاذَمَارَاࢽَا  بَابࣸ عِࢽْدَيࣸغِࢽْ عِࢽْوَاتَکٜيٰ
ࢽَاڧَةَصَالِحࣸ تَࢽَاذࣸوَىٰ   دࣸومِࢽْ تَتࣸوࢽَا أَسِيرِࢽْ دࣸوࢽِيَا,ࢽَاڧَةَ صَالِحࣸ تَࢽَاذࣸوَىٰ دࣸومِࢽْ تَتࣸوࢽَاأَسِيرِࢽْ دࣸوࢽِيَا
سࣸکَ سَࢽْ بَاذَاسࣸ وَّمَابَا,سࣸکَ سَࢽْ بَاذَاسࣸ دَوَّمَابَا
اماعدࢽ,المدي
دَدَيْ سِيدِ يَاتَاسࣸوغَرٜيٰسࣸ ڢَکࣸࢽْجِيَا ؞ کَامِࢽْ کَڧِڢْتَ غَࢽِࢽْکَ أَيْ بَابࣸ کࣸو غࣸدَا,دَدَيْ سِيدِيَاتَاسࣸوغَرٜيٰسࣸ ڢَکࣸࢽࣸمِيَا ؞  کَامِࢽْ کَڧِڢْتَ غَࢽِࢽْکَ أَيْ بَابࣸ کࣸوغࣸدَا
کࣸوغَࢽِيِّ  مَرࣸوَثِي کࣸوکَرِيمِي             وَࢽْدَ بَيْ غِرْغِزَا مَ سَرْکِࢽْ مࣸسࣸلْمِي,کࣸوغَࢽِيِّ مَرࣸووَثِي کࣸوکَرِيمِيِ   وَࢽْدَبَيْ غِرْغِزَامَ سَرْکِࢽْ مࣸسࣸلْمِي
بَکَسَࢽْ اَجَلِي يَࢽَاذࣸوَابَا,بَکَ سَࢽْ أَجَلِي يَࢽَاذࣸوَابَا
بذاک بارک ڢيماڢاحتوت نعما ؞ ڢضلام الله جل الله عࢽ مثل,بذاک بارک ڢيماڢاحتوت نعما ؞ ڢضلامࢽ الله جل الله عࢽ مثل
سَامَجࣸوسࣸ ࢽَهࣸطَّمَاࢽٜيٰ  کࣸووَࢽٜيٰࢽْسࣸ وࣸرِࢽْذَمَاࢽٜيٰ,سَامَجࣸوسࣸ ࢽَهࣸطَّمَاࢽٜيٰ کࣸوْوَࢽٰٜࢽْسࣸ وࣸرِࢽْذَمَاࢽٜيٰ
اَلْخَيْرِࢽَابَيَيْ يَوَابَا,اَلْخَيْرِࢽَابَيَيْ يَوَابَا
أَمّغࣸرْجِي کࣸواْ يَکَࢽْيِي کࣸواْجِکِࢽْ بَࢽْغࣸواشِکَࢽْيِي,أَمَغࣸرْجِيِ کࣸواْ يَکَࢽْيِي کࣸواْجِکِࢽْ بَࢽْغࣸواْشِکَࢽْيِي
أّيْ بَامࣸوکٜيٰدَغَاڢَرَابَا,أَيْ بَامࣸوکٜيٰدَغَاڢَرَابَا
مࣸتࣸمࢽٜي عِࢽَادَمَاتَرْسَالࣸوکَثِࢽْ يَاڧِي,مࣸتࣸمْࢽٜىٰ عِࢽَادَمَاتَرْسَالࣸوکَثِࢽْ يَاڧِي
کࣽجٜيطِطِ ࡶَلنِّيَةࣸکࣽࡶَلنِيَادِوَالصَّعِيدࣸ,کࣽجِيطِطِ ࡶَلنِّيَةࣸکࣽࡶَلنِيَادِوَالصَّعِيدࣸ
کَتَمْثِرْيِࢽِࢽَّرْشٜيٰکَراڢَدࣸبࣸوبِيَتْ    ڟَوࣸوࢽَيْ مࣸڟَرْثِ اࣸبَࢽْغِجِ مࣸبِ أحْمَدَا,کࣸتَمْثِرْ يِࢽِࢽَّرْشٜيٰکَرَاڢَدࣸبࣸوڢِيَتْ ڟَوࣸوࢽَيْ مࣸڟَرْثِ أࣸبَࢽْغِجِ مࣸبِ اَحْمَدَا
رࣸبࣸوتࣸودَشَيْدࣸو کࣸمَ غَبَاشِ دَزَاکَيࣸوا ؞   تَڢَرْکِي ࢽٜيٰ ࢽَسࣸࢽَّرْ مࣸحَمَّدَا,رࣸࢽࣸوتࣸودَشَيْدࣸوکࣸمَ غَبَاشِ دَزَاکَيࣸوا ؞ تَڧَرْلِي ࢽٜيٰ ࢽَسࣸࢽَّࢽْ مࣸحَمَّدَا
دَسَࢽِࢽْ وَايَࢽْسࣸ بَابَعَابَا,دَسَࢽِࢽْ وَايَࢽْسࣸ بَابَعَابَا
ذࣸوْالْجَلاَلِ غࣸدࣸࢽْ مَوَرْکَ   إِࢽْ تَسَوْکَ دَأَرْزِڧِࢽْکَ,ذࣸوْالْجَلَالِ غࣸدࣸࢽْ مَوَرْکَ  إِࢽْ تَسَوْکَ دَأَرْزِڧِࢽْکَ
و طهرالغلب مࢽ غش و من حسد ؞ ولتستعذ منحا بالله وابتهل,وطهرالفلب مࢽ غش ومنࢽ حسد ؞ ولتستعذمنمابالله وابتهل
ڢلا خى وج بوصڢ الڢسو ماوجدت ؞ منالطلاة لنا والڢسولم يزل,ڢلاخر وج بوصڢ الڢسو ماوجد ؞ منهالصلاة لنا والڢس لم يزل
أَࢽْيِ ڢࣸورࣸࢽْک لࣸوکّثِي دࣸکْ کَکٜيٰوْتَا   ذَمْکَ رَحْمَاغَيَࢽْ أࣸوَادࣸدَّکٜيٰوْتَا,أَࢽْيِ ڢࣸورࣸࢽْکَ لࣸوکَثِي دࣸکْ کَکٜيٰوْتَا   ذَمْکَ رَحْمَاغَيَࢽْ أࣸوَادࣸدَّکٜيٰوْتَا
مَاسࣸ ࢽِيمَ ذࣸمࣸسࣸ سَمّࣸ   دࣸوࢽِيَادࣸࢽْ ثِࢽْ حَرَامࣸ,مَاسࣸ جِيمَ ذࣸمࣸࢽْسࣸ سَمّࣸ   دࣸوࢽِيَادࣸࢽْ ثِࢽْ حَرَامࣸ
کَدَکࣸجٜي وࣸرِࢽْ بࣸوکَاڢَ دࣸࢽْ کࣸيِي تَمْبَيَا ؞  غَأَبِࢽْ دَکٜي ݒࣸويٜيٰ إِذَࢽْ کࣸࢽْبِ أَحْمَدَا,کَدَکࣸجٜࢽْ وࣸرِࢽْ بࣸوکَاڢَ دࣸࢽْ کࣸبِي تَࢽْبَيَا ؞  غَأَبِࢽْ دَکٜيٰ بࣸويٜࢽٰ إِذَࢽْ کࣸࢽْبِ أَحْمَدَا
مࣸولِّڢࣸ هَٰذَااَلْکِتَابࣸ,مࣸوَلِّڢࣸ هَٰذَاالْکِتَابࣸ
کࣸوْأَدࣸودَأَشࣸواْدَلَيْمَا   بَرْتَصَلَّا کࣸوْإِڧَامَا,کࣸوْأَدࣸوْدَأَشࣸواْدَلَيْمَا بَرْتَصَلَّاکࣸوْإِڧَامَا
کَارࣸوَرْغَمَذَادَمَاتَا    غَسْکِيَاأࢽْ مࣸوࢽَࢽَاتَا,تَارࣸوَرْغَمَذَادَمَاتَا  غَسْکِيَاأَࢽْ مࣸوࢽَࢽَاتَا
ڢصل ناالکلام,ڢصل ناالکلام
إِࢽْ بَارࣸبࣸشِي دّهَلَّکَابَا,إِࢽْ بَارࣸبࣸشِي دَهَلَّکَابَا
مَايَفَآءࣸعٜيّٜر هࣸودٜکࣽرࣽيَرَڢِيهِ ࡽلسَّلاَمࣸ,مَايَفَاءࣸعٜيّٜرٜ هࣸودٜکࣽرࣸ يَرَڢِيهِ ࡽلسَّلاَمࣸ
أّࢽْڢَطِي غَابَادَتَوْسَيْ   غَاجِکِي ࢽَابَدْدَ کَمَّيْ,أَمْڢَطِي غَابَادَتَوْسَيْ غَاجِکِي ࢽَابَدْدَکَمَّىْ
بَاعَاثٜي کَذَاࢽَادَمࣸوَࢽِ   مَيْغَابَادَمَا لَمَيْ مَاسࣸ طَاعَ,بَاعَاثٜيٰ کَذَاࢽَادَمࣸوࢽِ  مَيْڧَابَادَمَالَمَىْ مَاسࣸ طَاعَ
مࣸذَمْࢽَامࣸشَادَاطِي دَمَدَرَامࣸشَاذࣸمَا   مࣸࢽَاڢَثِکِࢽْ ࢽِعمَمّࣸ تَارٜيٰدَأَحْمَدَا,مࣸذَمْࢽَامࣸشَادَاطِي دَمَدَرَامࣸشَاذࣸمَا   مࣸࢽَاڢَثِکِࢽْ ࢽِعْمَمّࣸ تَارٜيٰدَاأَحْمَدَا
وکل مࢽ ردما فلنا ڢمبتدع ؞ ڢاتبده عنک ولا تسمع لذي زلل,وکل مࢽࢽ ردمافلنا ڢمبتدع ؞ ڢانبده عنک ولاتسمع لذي زلل
ْإࢽْ کࣸوْا تَغَࢽکَ دَحَالِࢽْ تَلَوْثِ  سَيْ کَغَ تَامࣸرْتࣸکٜي دَࢽْ بࣸتࣸلْثِي,إِࢽْ کࣸوْاْتَڧَࢽْکَ دَحَالِࢽْ تَلَوْثِي  سَࢽْ کَغَ تَامࣸرْتࣸکٜي دَࢽْ بࣸتࣸلْثِي
يَيْ شِرِࢽْ ࢽٜيٰمَࢽْ  ڢِتِلَّه    دࣸࢽْ يَڟٜيٰ رٜيٰ دࣸحࣸࢽْ جَهَالَه,يَيْ شِرِࢽْ ࢽٜيٰمَࢽْ ڢِتِلَّهْ  دࣸࢽْ يَڟٜيٰ رٜيٰ دࣸحࣸࢽْ جَهَالَهْ
بَسࣸ سَامࣸ حࣸجَّ بَاغَبَرْدٜࢽْ مࣸحَمَّدࣸ ؞  سَيْ کࣸمَ أَڧࣸوࢽَاسࣸ دَسࣸکَڧِ مࣸحَمَّدَا,بَسࣸ سَامࣸ حࣸجَّ بَاغَبَرْدٜࢽْ مࣸحَمَّدࣸ ؞ سَيْ کࣸمَ أَڧࣸوࢽَاسࣸ دَسࣸکَڧِ مࣸحَمَّدَا
ࢽَاجِ ألْڧَاضِي شِࢽَاثٜيٰ   ذࣸوثِࢽَا إِࢽْتَامَکَࢽْثٜيٰ,ࢽَاجِ أَلْڧَاضِي شِࢽَاثٜيٰ ذࣸوثِيَاإِࢽْتَامَکَࢽْثٜيٰ
وَنَاعٜصِڢَاجِ مَکّࣽ وَلاَنَذِ ۑرَلَهࣸ رٜنْتِطّࣸ عَلَنَامࣽ,وَنَاعٜصِڢَاجِ مَکّࣽ وَلاَنَذِۑرَلَهࣸ رِنْتِطࣸ عَلَنَامࣸ
کࣸواْ کَمَرْ مࣸتࣸوَࢽْ أࣸوَاࢽٜيٰ   سَيْ تَهَࢽَڧࣸرَکࣸوْا أࣸبَاࢽٜيٰ,کࣸواکَمَرْمࣸتࣸوَࢽْ أࣸوَاࢽٜيٰ سَيْ تَهَࢽْڧࣸرَکࣸوْاأࣸبَاࢽٜيٰ
اذلايثبت الاکل ذ>فدم ؞ على الص اط ص اط الحڡ لم يزل,اذلا ثيت الاکل ذ>فدم ؞ على الص اط صر اطالحڡ لم يزل
لانه خالڡ الاشبياءاجمعها ؞ کذالک ڢعا لنا لا ڢى المثل,لانه خالڡ الاشياءاجمعها ؞ کذاک اڢعالنالا ڢر ڡ ڢى المثل
يَاکَمَاتَ مࣸغࣸودٜىٰ اللهْ    ثَࢽْ غَبَࢽْمࣸ أَکࣸوىْ ڧَبِيلَهْ,يَاکَمَاتَ مࣸغࣸودٜيٰ اَللَّهْ  ثَࢽْ غَبَࢽْمࣸ أَکࣸويْ ڧَبِيلَهْ
وَدَّ بَيْمَ دࣸکَࢽْ بَأَلࢽَّبِيْ بَا,وَدَّبَيْمَ دࣸکَࢽْ بَأَلࢽَّبٜىٰ بَا
وࣽنْدࣸدٜعٜوࣽدٜيٰدٜمَجَّࢽْ وَفَوَآعِدࣸالاِسْلاَمࣸ,وࣽنْدࣸدٜعٜوࣽدٜيٰدٜمَجَّࢽْ وَفَوَاعِدࣸالاِسْلاَمࣸ
وَࢽْدَکٜىٰ ڟَامࣸوْاࢽࣸڟَّڟٜىٰ    يَارِڧٜىٰمࣸ دَسࣸوْاکَرَࢽْڟٜىٰ,وَࢽْدَکٜيٰ ڟَامࣸوْࢽࣸڟَڟٜيٰ  يَارِڧٜىٰمࣸ دَسࣸوْاکَرَࢽْڟٜىٰ
وَࢽْدَکࣸواْݒَرْࢽࢽَايَڢَارَا    بَاشِيِࢽْ ڢَاتَاشِغَٜارَا,وَࢽْدَکࣸوْاْبَرْࢽَايَڢَارَا  بَاشِيِࢽْ ڢَاتَاشِغَارَا
تفل مواريࢽ مو لي جوک تثفها ؞ بالفضل منک ولا تحوجه للعمل,ثفل مواريࢽ مࢽ ير جوک تثفلها ؞ بالڢضل منک ولا تحوجد للعمل
تَمْکَرْخَيْضَادَجَࢽَّبَابَا,تَمْکَرْخَيْضَادَجَࢽَّبَابَا
بَاکَ کَاسَ إسَارَبࣸوࢽْکَ بَاکَ ڧٜتَرٜىٰ أرْزِڧِࢽْکَ,بَاکَ کَاسَ إِسَارَبࣸوࢽْکَ بَاکَ ڧٜيٰتَرٜيٰ أَرْزِڧِࢽْکَ
دميزࢽى,دميزࢽي
nan,a
تَاࢽَجِࢽْسࣸ سࣸسَامِ أَيْکِ  سَࢽّࣸ سَࢽّࣸ سَکَيْغَ مࣸلْکِ,تَاࢽَجِࢽْسࣸ سࣸسَامِ أَيْکِ  سَࢽّࣸ سَࢽّࣸ سࣸکَيْغَ مࣸلْکِ
بَرِرکَ رࣸبࣸوتࣸࢽْ بَابࣸ لَيْڢِي ثِکِي ࢽَسَ ؞  وَࢽَّࢽْ تَڢَرْکِي ࢽٜيٰ ࢽَسِيدِ مࣸحَمَّدَا,بَرِرِکَ رࣸبࣸوتࣸࢽْ بَابࣸ لَيْڢِ ثِکِي ࢽَسَࢽْ ؞ وَࢽَّࢽْ تَڢَرْکِي ࢽٜيٰ ࢽَسِيدِ مࣸحَمَّدَا
کࣸواْ مَذَوْوَاتَارٜيٰ    کࣸواْکَثِࢽْ دَبَّاتَطَوْرٜيٰ,کࣸواْمَذࣸووَاتَارٜيٰ تَارٜيٰ کࣸواْکَثِࢽْ دَبَّاتَطَوْرٜيٰ
سَيْ أَڟَيْدَسَحࣸوڟَيَرْوَا   غَاذࣸڢَادَڧِشِي دَيِࢽْوَا,سَيْ أَڟَيْدَسَحࣸوڟَيَرْوَا  غَاذࣸڢَادَڧِشِي دَيِࢽْوَا
جِيکَࢽْ حَسَࢽْ دَحࣸسَيْࢽِ جِيکَࢽْ عَلِيّࣸ ࢽٜيٰ ؞ جِيکَࢽْ ࢽَڢَاطِمَ زَهْرَ جِيکَࢽْ مࣸحَمَّدَا,جِيکَࢽْ حَسَࢽْ دَحࣸسَيْࢽِ جِيکَࢽْ عَلِࢽّࣸ ࢽٜيٰ ؞ جِيکَࢽْ ࢽَڢَاطِمَ زَهْرَجِيکَࢽْ مࣸحَمَّدَا
بَاءَسَيَࢽْ مّࣸوتَادَࢽْ ݣٜيْتَا   سَيْ کَايَادَغࣸدࣸواْ ࢽَّغَرْتَا,بَاءَسَيَࢽْ مّࣸوتَادَࢽْ ݣٜࢽْتَا  سَيْ کَايَادَغࣸدࣸواْ ࢽَغَرْتَا
أّمْْْْْْْْْْْْْْرٜيٰ دَعِدَّ اَللَّهْ يَاهَࢽَا   إِࢽْ يَّايَوَيْتَ يَࢽَاسَاأَيْڢَرِٜي,أَيْڧٜيٰ دَيِ ِدَّاَللَّهْ يَاهَࢽَا  إِࢽْ يَّايَوَيْتَ يَࢽَاسَاأَيْڢَرِي
کَرَامࣸوا,کَرَامࣸوا
وَاءࣸخْرَىٰ غࣸلّࣸ ڧَمَلِِ يَضَعَهࣸ اَللَّهࣸ ڢِي عࣸࢽࣸڧِ,وَاءࣸخْرَر غࣸلّࣸ ڧَمْلِ يَضْعَهࣸ اللَّهࣸ ڢِي عࣸࢽࣸڧِ
بَاطَࢽْ ثَمَيࣸومَرَرْڧِبَابَا,بَاطَࢽْ ثَمَيࣸومَرَرْڧِبَابَا
ڢَطَاتَسَ إِࢽْ اللَّهَ لَايࣸخْلِڢࣸ الْمِعَادَ ؞  إِتَثٜي دَلِيلِ يَاوَأࣸمَّ الْمࣸحَمَّدَا,ڢَطَاتَسَ إِࢽّ اللَّهَ لَايࣸخْلِڢࣸ الْمِيعَادَ ؞  إِتَثٜي دَلِيلِ يَاوَاࣸمَّ اَلْمࣸحَمَّدَا
کࣸمَ کَرْمࣸيَرْدْامࣸذَࢽْ بَجِࢽْتَا دَࢽْ يَبࣸو   مࣸدَيْ مࣸيࣸودَيْ تَيْمَکࣸو غَمࣸتَاࢽٜيٰ,کࣸمَ کَرْمࣸيَرْدَامࣸذَࢽْ بَجِࢽْتَادَࢽْ يَبࣸو  مࣸودَيْ مࣸيࣸودَࢽْ تَيْمَکࣸو غَمࣸتَاࢽٜيٰ
شِيࢽٜيٰ يَثٜيٰ وَتَرَاࢽَاࢽَاذࣸوَا   رࣸوَࢽْ غࣸجٜيٰ مَابَاذَيْسَامࣸبَا,شِيࢽٜيٰ يَثٜيٰ وَتَرَاࢽَاࢽَاذࣸوَا  رࣸوَࢽْ غࣸجٜيٰ مَابَاذَيْسَامࣸبَا
غَادࣸبࣸࢽْ مڟَرَاأَطَاکِي إِࢽْدَا مَايَڢِ ڧَارَ أَوْکِي,غَادࣸبَࢽْ مَڟَرَاأَطَاکِي  إِࢽْدَمَايَڢِ ڧَارَأَوْکِي
تمت کمل الکتاب کرامة مهدي المࢽتظر عليه السلام,تمت کمل الکتاب کرامة مهدي المࢽࢽظرعليه السلام
ࢽَرࣸوَࢽْ ذاڢِي سَبࣸواْدَغَابَا,ࢽَرࣸوَࢽْ ذَاڢِي سَبࣸوْاْدَغَابَا
٥٧ کَيࢽ طَبِيعَاࢽَاغَىرــشِ  وَࢽْدَأَࢽکَجِ سَيْکَ سࣸوْشِ,٥٥کَيࢽْ طَبِيعَاࢽَاغَرٜىٰشِ   وَࢽْدَأَࢽْ کَجِ سَيْکَ سࣸواْشِ
بَعَ سَابَ غَࢽِࢽْ سࣸࢽَاذࣸوَابَا,بَعَسَابَ غَࢽِࢽْ سࣸࢽَاذࣸوَابَا
هَرْکَرَاتࣸومَاوَڧِيلاَ   أَي شِکَࢽْ ڢࣸسْکَࢽْثِ ڧِبْلاَ,هَرْکَرَاتࣸومَاوَڧِيلَا  أَيْ شِکَࢽْ ڢࣸسْکَࢽْثِ ڧِبْلَا
والصلاة والسلام,والصلاة واللام
کࣽعَدِ >عࣽنَنّࣸدٜ طٜ ڢِح ࡽلاِّ نَآءِ تࣽمِرَࢽْ,کࣽعَدِ>عࣽنَنّࣸدٜطٜ ڢِحࡽلاِّنَآءِتࣸمِرَرْ
وَࢽْسࣸ مَاتَࢽْ سࣸيْتَ کࣸوکَا  أَࢽْرِڧٜيٰسࣸ أَࢽَاتَدࣸوکَا,وَࢽْسࣸ مَاتَࢽْ سࣸيْتَ کࣸوکَا   أَࢽْ رِڧٜيٰسࣸ أَࢽَاتَدࣸوکَا
تَتْتَلِࢽْ کَايَاڢَرَارٜيٰ   يَاڢِ ڧࣸࢽْشٜيٰ بَڧِي کَتَارٜيٰ,تَتْتَلِࢽْ کَايَاڢَرَارٜيٰ يَاڢِ ڧࣸࢽْشٜيٰ يَڧِي کَتَارٜيٰ
شِي اِللَّهْ بَاأَيْ مَسَ وَايَوْاْ   يَࢽْدَ يْسࣸوحَکَ ذَاشِ حࣸکࣸࢽْتَا,شِي اللَّهْ بَاأَيْ مَسَ وَايَوْاْ   يَࢽْدَيَسࣸوحَکَ ذَاشِ مࣸکࣸࢽْتَا
إِࢽْکࣸمَابَابࣸ کَيْڢَاوَاذَا يَبَاشِي بَامَيْبَاشِ غَاشِ بَايَا صَࢽَاعَ,إِࢽْکࣸمَابَابࣸ کَيْڢَاوَاذَايَبَاشِى  بَامَيْبَاشِ غَاشِ بَايَاصَࢽَاعَ
ذَمَادَمَࢽِي أَکَبِࢽْ ڢَاَللَّهْ دَألࢽَّبِ   بَصِيرَادَسࣸࢽَّا دَيْ کَکَمْ غَأَحْمَدَا,ذَمَادَسَࢽِي أَکَبِࢽْ ڢَاَللَهْ دَأَلࢽَّبِ   بَصِيرَادَسࣸࢽَّادَيْ کَکَمّࣸ غَأَحْمَدَا
دَسَرْڧَابَادَکࣸرࣸرࣸوَابَا,دَسَرْڧَابَادَکࣸرْرࣸوَابَا
ونسبت الکل للکࢽ سى ن عملم ؞ طحلفت ء ڢلا ت جاء ڢى المث,ونسبت الکل للکرسى ت عطلم ؞ طحلفتت ڢلات جاء ڢى المثل
بَاإِࢽْدَ بَأَيْ لَإِڢْتَکَابَا,بَاإِࢽْدَبَأَيْ لَإِڢْتَکَابَا
کَاغَ ڟِيࢽَࢽّࣸوأَمَاتَا    وَࢽْدَبَاسࣸ بَرِࢽْ ذࣸمࣸࢽْتَا,کَاغَ ڟِيࢽَࢽّࣸوأَمَاتَا وَࢽْدَبَاسࣸ بَرِࢽْ ذࣸمࣸࢽْتَا
کٜيٰ ࢽࣸڢَاکࣸواْ دَادَأَيْکِ    وَثّٜيٰ تَاذَمَ بَاأَطَاکِي,کٜىٰ ࢽࣸڢَاکࣸواْدَادَأَيْکِ  وَثّٜيٰ تَاذَمَ بَاأَطَاکِࢽْ
دَسࣸکَيْ مَسَ بَاࢽَشِرْيࣸوَابَا,دَسࣸکَيْ مَسَ بَاࢽَشِرْيࣸوَابَا
ࢽَمَالِکࣸ بَادَغَوْغَوَابَا,ࢽَمَالِکࣸ بَادَغَوْغَوَابَا
وَکَذَالِکَ عٜکࣽذَنْتَاکࣽعࣽ ࡹِخْوَانࣸهࣸ بٜسِبّٜ مَکّࣽ,وَکَذَالِکَ عٜکࣽذَنْتَاکࣽعࣽ ࡹِخْوَانࣸهࣸ بٜسِبّٜࣸ مَکّࣽ
واشمس تجريى کجرى البرانه ڢلک ؞ على العاڢي ڢى الاوفات والدول,والشس تجري کجرى المررنه ڢلد؞ على التعافب ڢى الاوفات والدول
ࢳَٜاࢳَࢽْسࣸ بَذَاسࣸ کَࢽْغَرَابَا,ࢳَاࢳَࢽْسࣸ بَذَاسࣸ کَࢽْغَرَابَا
ثم الا يمة هذاکله يسطوا ؞ ونحࢽ تنبيهز ايکڢى ولاظل,ثم الايمة لعذاکله بسطوا ؞ ونحࢽ تنبيهفا يکڢى ولا ظل
دَامࣸࢽَاڢَامَادَکࣸࢽٜيٰ    کࣸيْ کَرَاتࣸووَاࢽَاࢽٜيٰ,دَامࣸࢽَاڢَامَادَکࣸوࢽٜيٰ کࣸيْ کَرَاتࣸووَاوࣸتَاࢽٜيٰ
جَمّࣸ أࣸشْدِِ کࣸلࣸورَ تَࢽَّتْ حَڧِيڧََا,جَمّࣸ ءࣸشْدِ کࣸلࣸورَتَبَّتْ حَڧِيڧََا
رَايࣸکَࢽْسࣸ دَدَيْ سࣸکࣸرْݒِي    دَوَّمَاوࣸتَا سࣸࢽْڢَ ذَاݒِي,رَايࣸکَࢽْسࣸ دَدَيْ سࣸکࣸرْݒِي  دَوَّمَاوࣸتَ سࣸࢽْڢَ ذَاݒِي
بَيْدَامࣸ دࣸطَࢽْسَ کࣸوْاْبَرَابَا,بَيْدَامࣸ دَطَࢽْسَ کࣸوْاْبَرَابَا
جِبرِيلࣸ مِيکَاءل إِسْرَاڢِيلࣸ عَزَرَاءيلࣸ ؞ سࣸࢽْ تَڢࣸو سࣸڧَرْڢَڢَ اَلدِّيࢽِ دَسࣸࢽَّرْ مࣸحَمَّدَا,جِرِيلࣸ مِيکَاءِلِ إِسْرَاڢِيلࣸ عَزْرَاءِيلࣸ ؞  سࣸࢽْ تَڢࣸوسࣸڧَرْڢَڢَ اَلدِّيࢽ دَسࣸࢽَّرْ مࣸحَمَّدَا
ثࣸوتَرْ ࢽَڧَسَرْسَ بَيْ سَثٜيٰ بَا    طࢽد,ثࣸوتَرْࢽَڧَسَرْسَ بَيْ سَثٜيٰ بَا طࢽْدَ
کَلَڢࣸو تَغَاطࣸ دٜهِمِّ دࣸنْيَا تَعْيࣸرَلْ نَاتَࢽْ عٜجَهَنَّمَ يِيتٜ وࣸلْغٜ عٜبࣸوتَتَا,کَلَڢࣸوتَغَاطࣸ دٜهِرِّدنيَاتَعْيࣸرَلْ نَاتَࢽْ عٜجَهَنْمَ بِيتٜ وࣽلْغٜ غٜبࣸوتَتَا
ذَࢽْبَڧࣸوَامَيْ ذࣸرْڢِࢽْ تࣸࢽْبِي   بَاتَ تَکࣸووَا سَيْتْ تَکَࢽْتَا,ذَࢽْبَڧࣸوَامَيْ ذࣸرْڢِࢽْ تࣸبِي بَاتَ تَکࣸووَاسَيْتَ ثِکِࢽْتَا
حکمثي يابوا ياغماس ايکو    اࢽاودذاميي مبوي ࢽصارا,حکمثي يابواياغماس ايکو اࢽاودذاميي مبوي ࢽصارا
مَيْڧِࢽْ زَکَاڢِطِرِي ڟَيَا    بَاࢽَاکࣸࢽٜىبَاوࣸرِࢽْ سَىْ دَࢽْ غَࢽَا,مَيْڧِࢽْ زَّکَاڢِطِرِي ڟَيَا بَاࢽَاکࣸࢽٜيٰبَاوࣸرِࢽْ سَيْ دَࢽْ غَࢽَا
کَرْسࣸيَردَدَمَاسࣸ ڟَاڢِى سࣸࢽْزَمࣸواْسَوࢽَىٰٜ عَڢَيڢَى,کَرْشِيَرْدَدَمَاسࣸ ڟَاڢِى  سࣸࢽْزَمࣸواْسࣸوࢽٜىٰ عَڢِيْڢِي
مَوَحَلْتَاࢽَطَاکِࢽْ دࣸوࢽِيَا   بَاسَا عِبَادَ سَيْ بَوْتَرْ ثِکِي,مَوْحَيٰتَاࢽَطَاکِࢽْ دࣸوࢽِيَا   بَاسَاعِبَادَسَيْ بَوْتَرْثِکِي
مࣸمْتࣸيْطࣸ دࣸنْيَا جرْسࣸيَࢽْ بلَوࣸجَّدࣸ جَلٜيَىْ اَمَا يَࢽْ وايَيࣸهْ حࣸکࣸمࣸمْتَتَا,مࣸمْتࣸيْطࣸ دࣸنَيَاجٜرْسࣸيَࢽْ بلوࣸجَّدࣸجَليࢽْ اَتَايَࢽْ وَايَيࣸهْ حَکࣸمࣸمْتَتَا
ڢصل نا ا خذصحڢ الاعمال,ڢصل نااخذصڢ الاعمال
وَاڧَرْ کَارࣸو عࣸوَرْ مࣸوغࣸواْ  دَغَ حَامِسࣸ يَادࣸودࣸ ڢࣸࢽْتࣸوَاْ,وَاڧَرْکَارࣸوعࣸوَرْمࣸوغࣸواْ دَغَ حَامِسࣸ يَادࣸودࣸوڢࣸࢽْتࣸواْ
ذࣸوثِيَاتَيْ إِعْتِڢَادِ ڢَيْ دَبࣸويٜيٰ أَکࣸويْ مࣸرَادِ,ذࣸوثِيَاتَيْ إِعْتِڧَادِ  ڢَيْ دَيࣸويٜيٰ أَکࣸويْ مࣸرَادِ
دَسَرْڧَابَادَکࣸورࣸوَابَا,دَسَرْڧَابَادَکࣸورࣸوَابَا
دࣸکَ ࢽَمَجِࢽْ دِيطَوْݣوٰࢽَࢽْ وࣸتَا   إِࢽْ يَّحَࢽَامَتَ دَيْ بَيْ سࣸࢽَتَا,دࣸکْ ࢽَمْجِࢽْ دَيطَوْکٜوٰࢽَࢽْ وَتَا  إِࢽْ يّحَࢽَامَتَ دَيْ بَيْ سࣸࢽِتَا
کَوْادَڢِࢽْ ڧَرْڢِࢽْ سَرَوْتَا    يَڧِ ثِي يَڧِ شَا يَبَرْتَا,کَوْادَڢِࢽْ ڧَرْڢِࢽْ سَرَوْتَا  يَڧِ ثِي يَڧِ شَايَبَرْتَا
ࢽِى ࢽَاتَبَّتَاکࣸطِى أرْزِڧِيࢽٜىٰ    بَاسَامࣸࢽْسࣸ سَيْ تَحَࢽْيَرْصَࢽَاعَ,ࢽِي ࢽَاتَبَّتَاکࣸطِي أَرْزِڧِيࢽٜيٰ  بَاسَامࣸࢽْسࣸ سَيْ تَحَࢽْيَرْصَࢽَاعَ
إِࢽْکَاشِغٜيٰسࣸ سࣸثٜيٰ دّکَيْ مَيْسَࢽْ ࢽَسࣸو  کَيْوِࢽٜيٰ سَيْکࣸوْ طَيِࢽْ ڟِيَاغَمࣸتَاࢽٜي,إِࢽْکَاشِغٜيٰسࣸ سࣸثٜيٰ دَکَࢽْ مَيْسَࢽْ َسࣸو  کَيْوَاࢽٜيٰ سَيْکࣸوْطَيِࢽْ ڟِيَاغَمࣸتَاࢽٜيٰ
دࣸوبَ دَىْ ڢِرعَوࢽْ وَيشِى ࢽٜىٰ طَغَاوَبَاکَمَرْشِ,دࣸوبِ دَيْ ڢِرْعَوࢽَ وَيْشِي  ࢽٜيٰ طَذَاوَابَاکَمَرْشِ
کَمَࢽْ حࣸکࣸࢽْ ثِࢽْ غٜيٰويَاکَاسࣸوا    کَبَاشِ حَاجّࣸايَي يَاوࣸوࢽِي,کࣸمَࢽْ حࣸکࣸࢽْ ثِࢽْ غٜيٰوَيَاکَاسࣸوَا کَبَاشِ حَاڢَّايَيْ يَاوࣸروࣸࢽِي
تࣸوْاْبَرٜيٰ مثٜيٰ مَيْ حࣸسࣸومَا  وَثّٜيٰ بَاتَ بَرِࢽْ ظَلَامَا,تࣸوْاْبَرٜيٰ مَثٜىٰ مَيْ حࣸسࣸومَا   وَثّٜيٰ بَاتَ بَرِࢽْ ظَلَامَا
دَيَبَّيَّࢽَامࣸࢽَ غَسْکِيَادࣸکَمࣸࢽْجِيَا   ڢَسَي کَاڢِرِيوَدَوِّحَࢽْيَرمࣸحَمَّدا,دَيَبَّيَّࢽَامࣸࢽَ غَسْکِيَادࣸکَ مࣸࢽْجِيَا  ڢَسَيْ کَاڢِرِيڢَ دَيَڧِّ حَࢽْيَرْ مࣸحَمَّدَا
َذࣸوثِيَرْ کࣸوَاتَوَايٜيٰ   غاصِڢَامَيْبَادَڧَايٜيٰ,ذࣸوثِيَرْکࣸوَاوَاتَوَايٜيٰ  غَاصِڢَامَيْبَادَڧَايٜيٰ
حَرْيَکَامࣸ يَࢽَٜىٰمِ سَࢽْدَا    أَࢽْکَ سَامِ وࣸڧَادَاَدَّا,حَرْيَکَامࣸ يَࢽٜيٰمِ سَࢽْدَا  أَࢽْکَ سَامِ وࣸڧَادَأَدَّا
أىْ ذَتࣸࢽْ کࣸوَامَاأحَࢽْڟَا    ࢽٜىٰ ثِکِࢽْ مَامَاکَڟࣸوڟَا,أَيْ ذَتࣸࢽْ کࣸواْمَاأَحَࢽْڟَا  ࢽٜيٰ ثِکِࢽْ مَامَاکَڟࣸوڟَا
ࡼلطَّاهِرࣸعٜلٜيْدِللَبࣸدِوَالضَّرْبَةࣸࡼلاࣸوْلَىٰ,ࡼلطَّاهِرࣸعٜلٜيْدِللَبࣸدِوَالضَّرْبَةࣸࡼلاࣸوْلَلىٰ
عٜࢽْ اوا,ڢࢽال
کࣸحَڧࣸرٜيٰ دَکࣸوکَࢽْسࣸ ڢࣸطَارِي دَبَࢽْ غَرِي ؞  کࣸسَامࣸ لاَدَا کࣸࢽْجِ زَࢽْثٜيٰ مࣸحَمَّدَا,کࣸحَڧࣸرٜيٰ دَکࣸوکَࢽْسࣸ ڢࣸطَارِي دَبَࢽْ غَرِي ؞  کࣸسَامࣸ ڢَ لَادَاکࣸࢽْجِ زَࢽْثٜيٰ مࣸحَمَّدَا
ࡼلاِحْرَامِ سَاوَ هَبِّرَاوࣸ هَرْمِنِرْوࣸفࣸࢽْ,ࡼللاِحْرَامِ سَاوَ هَبِّرَاڡࣸ هَرْمِنِرْوࣸفࣽࢽْ
شِي کَبَوْتَوّࣸتَاڢَ تَبَّتْ حَڧِيڧََا,شِي کَبَوْتَوّࣸتَاڢَ تَبَّتْ حَڧِيڧََا
سَࢽْدَشَاڢَ رࣸوَا يَڧَارٜيش    سَيْ أَسَࢽْࢽْ زَرٜيٰ أَکَوْرٜيٰ,سَࢽْدَشَاڢَ رࣸوَايَڧَارٜيٰ سَىْ أَسَࢽْࢽَ زَرٜيٰ أَکَوْرٜيٰ
أَوْضٜيٰ ࢽٜيٰ ࢽِي ࢽَسَّاکَيْ ࢽَا    إِࢽْ کَمَڟَا مَࢽِ إِࢽْ تَڢِيَاتَا,أَوْضٜيٰ ࢽٜيٰ ࢽِي ࢽَسَّاکَيْ ࢽَا إِࢽْ کَمَظَامَࢽْ إِࢽْ تَڢِيَاتَا
يَايِي هࣸورࣸوْابَادَکَࢽْغَرَابَا,يَايِي هࣸورࣸواْ بَادَکَࢽْغَرَابَا
بَاسࣸ ڧَوْࢽَرْمَىْ تَلَوْثِ    وَࢽْدَيَىْ هَکَ يَىْ بࣸتࣸلْثِ,بَاسࣸ ڧَوْࢽَرْمَيْ تَلَوْثِ وَࢽْدَيَيْ حَکَ يَيْ بࣸتࣸلْثِ
ࢽَاوَخَيْرِيَاڧَرَࢽْتَ    کࣸواْکَمَرْڧَايَا ࢽَهࣸوتَا,ࢽَاوَخَيْرِيَاڧَرَࢽْتَ کࣸواْکَمَرْڧَايَاࢽَهࣸوتَا
بَاوَاغࣸدَجّٜيٰ مَالَمْ يَثٜيٰ مَࢽَا    لَادَاأَکَࢽْيِي دَمَيْࢽٜيٰ مَاࢽَسَا,بَاوَاغࣸدَجٜيٰ مَالَمْ يَثٜيٰ مَࢽَا  لَادَاأَکَࢽْيِي دَمَيْࢽٜيٰ مَاࢽَسَا
وࣸنِى عٜمَکّࣸ حَرَّمَ ࡼللَّهࣸ ࡼلْجَّنَةَࡶَللَّهࣸ حَرْمِنِى,وࣸنِى عٜمَکّࣽ حَرَّمَ ࡼللَّهࣸ ࡼلْجَّنَةَࡶَللَّهࣸ حَرْمِنِي
کما تفدس عࢽ شبه يکوࢽ له ؞ اࢽالمشبى مࢽ تاه تااعزلل,کماتفدس عࢽ شبه يکوࢽ له ؞ اࢽ المشبه ممࢽ تاه تالزلل
کࣸمَاتَࢽْبَيَّا بَࢽْدِّرْ حَلَرْࢽِي مࣸتࣸمْ يَابِي,کࣸمَاتَࢽْبَيَّابَࢽِدِّرْ حَلَرْࢽِي مࣸتࣸمْ يَابِي
عليه ازکى صلا ة الله ثم على ؞ کل ا لنبيبيࢽ نا الا صباح والامل,علبه ازکࢽ صلام الله ثم عڢلى ؞ کل النبيبيࢽ نا الاباح والامل
يَايِ حَلِتَّ دࣸکْ ڢࣸدࣸومِࢽْ مࣸحَمَّدࣸ؞ دࣸࢽْ سࣸودَيَرْدَاتَسْ غَسِيدِ مࣸحَمَّدَا,بَايِ حَلِتَّ دࣸکْ ڢࣸدࣸومِࢽْ مࣸحَمَّدࣸ ؞ دࣸࢽْ سࣸودَيَرْدَاتَسْ غَسِيدِ مࣸحَمَّدَا
وࣸنداکࣸءنياجَبَ٘تَاکࣸ کٜبࣸيْطࣸطࣸمْ بَلَغِيࢽَ دࣸومࣸوعکٜمْکِ ڢَاطࣸ عࣸوَسْتَتَا,وࣸندَاکࣸ ءࣸنْيَاجَبَ٘تَا کࣸڢٜبࣸيْطࣸطࣸمْ بَلَڧِنيࢽَ دࣸومࣸعٜڢٜمْکِ ڢَاطࣸ عࣸوَسْتَتَا
بّعّسّاکࣸمَ مَاسࣸ جَࢽَّبَابَا,بَعَسَاکࣸمَ مَاسࣸ جَࢽَّبَابَا
أَکَبِيسࣸ سَيْ سَارَادَسࣸوکَ أَکٜيٰ مࣸسࣸ ؞ أَࢽْ بِيسࣸ دࣸکْ أَࢽْ کَسْسࣸ دَرَجَ الْمࣸحَمَّدَا,أَکَبِيسࣸ سَيْ سَارَادَسࣸوکَ أَکٜيٰ مࣸسࣸ ؞ أَࢽْ بِيسࣸ دࣸکْ أَࢽْ کَسْسࣸ دَرَجَالْمࣸحَمَّدَا
سࣸوْابَ ڧَرْڢِي کࣸوْاسَرَوْتَا کࣸوْاذَمَادَرَشِࢽْ ڢَهِمْتَا,سࣸواْبَ ڧَرْڢِي کࣸواْسَرَوْتَا  کࣸواْذَمَادَرَشِࢽْ ڢَهِمْتَا
لولا ايمتنا لله دفدسبفوا ؞ لم نلتڢتهم سوى بالبيض والاسل,لولا ايمتنا للر دفدسبفوا ؞ لم نلت ڢتم سوى بالبيض والاسل
ࢽَاوَخَيْرِيَاڧَرَࢽْتَ     کࣸوْاْ کَمَرْڧَايَاࢽَهࣸوتَ,ࢽَاوَخَيْرِيَاڧَرَࢽْتَ کࣸواْکَمَرْڧَايَاࢽَهࣸوتَ
بَامَڢِي مࣸوࢽِࢽْ بَلَاء    غࣸࢽْ مࣸتࣸم ڢاثٜيٰ دࣸعَاءِ,بَامَڢِي مࣸوࢽِࢽْ بَلَاءِ غࣸࢽْ مࣸتࣸمْ ڢَاثٜيٰ دࣸعَاءِ
ڧَࢽٜيٰ دَوَاࢽَسَا سَيْ غَابَا سࣸکٜيٰ  کَمَرْمࣸسࣸلْمِي دَکَاڢِرِٜي باشِرِٜي,ڧَࢽٜيٰ دَوَاࢽَسَاسَيْ غَابَاسࣸکٜيٰ کَمَرْمࣸسࣸلْمِي دَکَاڢِرِي بَاشِرِي
غَامࣸ غࣸࢽْ جِيکَࢽْکَ شَيْخࣸ    دࣸوٜࢽْ إسَرْکَاکَࢽْکَ ࢽࣸوحࣸ,غَامࣸ غࣸࢽْ جِيکَࢽْکَ شَيْخࣸ   دࣸوࢽْ إِسَرْکَاکَࢽْکَ ࢽࣸودࣸ
کࣸمَ کرْکَبِيسࣸ أَکَࢽْ أَبِࢽْدَسࣸکٜي ࢽࣸڢِ    إِࢽْدَيْ أَبِࢽْࢽَࢽْ بَابࣸ کٰٜوْڢَ کَغَاࢽٜيٰ,کࣸمَ کَرْکَبِيسࣸ أَکَࢽْ أَبِࢽْدَسࣸکٜيٰ ࢽࣸڢِ  إِࢽْدَيْ أَبِࢽْࢽَࢽْ بَابࣸ کٜوڢَ کَڧَاࢽٜيٰ
الله يکي ک يميدکي دڢرࢽثک  برࢽي کࢽو تي مرحب دزوࢽکا,الله يکࢽ ک يميدکي دڢرࢽثکي   برࢽي کࢽو تي مرحب دزوࢽکا
ثَࢽْ أَرَاࢽَࢽْ ࢽَࢽْتَ تَاشِ    بَاتَ لَامࣸࢽْثٜىٰمَ سَاشِ,ثَࢽْ أَرَاࢽَرْࢽَࢽْ تَتَاشِ بَاتَ لَامࣸࢽْثٜىٰمَ سَاشِ
حَسَّدَادࣸوْاْمِࢽْ شَڧَاوَا    کࣸوْاْسࣸکِبْرࣸ ذࣸوَاطَغَاوَا,حَسَّدَادࣸوْاْمِࢽْ شَڧَاوَا کࣸوْاْسࣸکِبْرࣸذࣸوَاطَغَاوَا
بَکࣸوَاثٜىٰ دَىْ ࢽِيڢَادَࢽسَࢽْ جِکِيبَا    دࣸومِࢽْ کࣸوعَذَوࢽٜىٰ سَىْ عيِى صَࢽَاءَ,بَکࣸوَاثٜي دَيْ دَࢽِيڢَادَࢽْسَࢽْ جِکِيبَا   دࣸومِࢽْ کࣸوعَذَوْࢽٜي سَىْ عَيِى صَࢽَاءَ
کَاغَامَࢽْيَا سࣸࢽْسَوْ غَسَکِيَا   مَالࣸمَا کࣸمَاسࣸࢽْ تَاکٜيٰ شِࢽَا,کَاغَامَࢽْيَاسࣸࢽْسَوْغَسْکِيَا  مَالࣸمَاکࣸمَاسࣸࢽْ تَاکٜيٰ شِࢽَا
إِࢽْبَاکَڢَطِي کَࢽَاغࣸدࣸوبَا,إِࢽْبَاکَڢَطِي کَࢽَاغࣸدࣸوبَا
کࣸکَوْدَإِدَاࢽࣸࢽْکࣸ غَلّࣸࢽْتَ دࣸوࢽِيَا ؞  کَذَاذࣸوثِيَرْکَ تَبَرْتَ دࣸࢽْ سࣸࢽْ مࣸحَمَّدَا,کࣸکَوْدَإِدَاࢽࣸࢽْکࣸ غَلّࣸࢽْتَ دࣸوࢽِيَا ؞ کَذَاذࣸوثِيَرْکࣸ تَبَرْتَ دࣸࢽْ سࣸࢽْ مࣸحَمَّدَا
سَيْ يَيْ کَڢَارَوإِࢽْْ کࣸويَاڧِيَا   يَاجَىٰ مَکَࢽْسَاعَذَابَ اَلْأَخِرَىٰ,سَيْ يَيْ کَڢَارَإࢽْ کࣸويَاڧِيَا  يَاجَيٰ مَکَࢽْسَاعَذَابَ الَاَخِرَىٰ
أࢽْکَثٜىٰ يَثِرَايَتَاشِ    يَاکَتَرْتَ غَوَࢽْدَيَيْشِ,أَࢽْکَثٜيٰ يَثِرَايَتَاشِ  يَاکَ کِتَرْتَ غَوَࢽْدَيَيْشِ
ذَاسࣸ عِيَ هَࢽَ أَصَادࣸو دَࢽِي کَيْ ڟَيٜيٰ دَغَ ثِکِي أَݣࣸيْ رَشِࢽْ,ذَاسࣸ عِي هَࢽْ أَصَادࣸودَࢽِي کَيْ ڟَيٜيٰ دَغَ ثِکِي أَݣࣸيْ رَشِࢽْ
ملَّکَاࢽٜيٰ مَاسي ثࣸوتَا   ڢَجِرِي کٜيٰ تَاࢽَدِࢽْتَا,هَلَّکَاࢽٜيٰ مَاسࣸ ثࣸوتَا ڢَاجِرِي کٜيٰ تَاࢽَدِࢽْتَا
سَيْ إِيَالِي سࣸيْتَ کࣸوکَا    غَازَࢽٜيٰ أࢽْ لࣸلّࣸبٜيٰکَا,سَيْ إِيَالِي سࣸيْتَ کࣸوکَا غَازَࢽٜيٰ أَࢽْ لࣸلّࣸبٜيٰکَا
واعلم عجال الفول متسع ؞ ڢيها ونا الطول ما يخشى مࢽ الملل,واعلم بجال الفول متسع ؞ ڢيماوتا الطول ما يخشى مࢽ الملل
وَࢽْدَبَيْتࣸوبَ کࣸࢽْجِ حَڧَّاشِڧࣸوࢽَا    کࣸࢽجِياَ وَعْظࣸࢽَا کࣸذَمْ يِࢽْڢَ سَوْࢽَا,وَࢽْدَبَيْتࣸوبَ کࣸࢽْجِ حَڧَّاشِڧࣸوࢽَا   کࣸࢽْجِيَاوَعْظࣸࢽَاکࣸ ذَمْ يِࢽْڢَسَوْࢽَا
دَدَاوَرَغࣸوَاکَامࣸسࣸلمِى سࣸجِيتا    سࣸبَرْسࣸࢽ سࣸتَارَادَمِيزِࢽا,دَدَاوَرَ غࣸوَاکَامࣸسࣸلمِي سࣸجِيتَا   سࣸبَرْسࣸ سࣸتَارَادَمِيزِࢽَا
تعلى نا زمࢽ تهم,تعلى نڢ زمࢽ تهه
غَدࣸ کَࢽْ بࣸکَاتࣸوࢽَي کَيِومَسࣸ  تَيْمَکࣸو کَاسَمِ لاَدَکَايِبَّبرْ ڧَارࣸوَا,غَدࣸکَࢽْ بࣸکَاتࣸوࢽَࢽْ کَيࣸومَسَ   تَيْمَکࣸوکَاسَامِ لاَدَاکَايِبَّرْ ڧَارࣸوَا
رࣸفَنتٜ نࣽحِمّࣽوجَنڢِتࣽيࣽو>   کَࢽْنڡَ يࣽبࣽيْتٜ إدٜرْڢٜسࣸفࣽلْ,رࣸفࣽنْتٜ نࣽحِبّࣽوٜجَنڢِتࣽيࣽوکَࢽْ جَنڡَ يࣽبࣽيْتٜ إِدٜرْ ڢٜسࣸفࣽلْ
إِࢽْبَاسَاݒࣸواْأَکَيْ ࢽࣸڢِيبَا,إِࢽْبَاسَايࣸواْأَکَيْ ࢽࣸڢِيبَا
ذَمَامࣸومِࢽِي إࢽْ يَاجِ وَعْظࣸ شِسَمْ    دَطِى ࢽَرِيبَادَاࣸࢽࣸڢَاڧِى غَسࣸࢽَّرْمࣸحَمَّدَا,ذَمَامࣸومِࢽِ إِࢽْ يَاجِ وَعْظࣸ شِسَمْ  دَطِي َرِيبَادَاࣸࢽْڢَاࢽِي غَسࣸࢽَّرْ مࣸحَمَّدَا
جَنْفࣸدٜ يࣸمَّ اَلْفࣸرْءَاࢽَ وَالسّࣸورَةࣸعٜسِمࣸورٜ,جَنْفࣸدٜيࣸمَّ ࡶَلْفࣸرْءَاࢽَ وَالسّࣸورَةࣸعٜسِمࣸورٜ
ڢَرَاࢽَاتَࢽَاتَڢَسَاغَکَاࢽࣸودَڧࣸلّࣸوَرْ     مِيَاغࣸودَسࣸࢽْکَ ڢَڧَرْيَتَاغَمࣸحَمَّدَا,ڢَرَاࢽَاتَࢽَاتَڢَسَاغَکَاࢽࣸودَڧࣸلّࣸوَرْ  مِيَاغࣸودَسࣸࢽْکَ ڢَڧَرْيَتَاغَمࣸحَمَّدَا
وليس يهل ذوالتفوى جوارد ؞ کالعيࢽ والسمع ت صبح ونامل,وليس يعمل ذوالتفوى جوارحه ؞ کالعيࢽ والسمع ت صبح وندامل
شِي ڢِدَاءࣸࢽَاسَ حَࢽْيَا    کٜىٰدَڧࣸلْ هࣸوَخَمْسࣸ مِيَّا,شِي ڢِدَاءࣸࢽَاسَ حَࢽْيَا کٜيٰدَڧࣸلْ هࣸوَخَمْسࣸ مِيَّا
دَطَ بَاکࣸرْطِ ࢽْکَ کَاذࣸبَابَا,دَطَ يَاکࣸرْطِࢽْکَ کَادࣸبَابَا
کَࢽْ تَهࣸوْوَرْمَاسࣸ وَࢽْکَا    غَالِکَّڢَࢽِي أَطِࢽْکَا,کَࢽْ تَهࣸوْوَرْمَاسࣸ وَࢽْکَا غَالِکَّڢَࢽِي أَطِࢽْکَا
وࣸنِى عٜمَکّࣽ لاَخَيْرَمࣽجّٜرٜعَلَنَاڢِح مَࢽ لاَّيَسْتَحْيِى,وࣽنِى عٜمَکّࣽ لاَخَيْرَمࣽجّٜرٜعَلَنَاڢِح مَࢽْ لاَيَسْتَحْيِى
بَاذَاتَ ثِکَادَأَرْزࣸکَابَا,بَاذَاتَ ثِکَادَأَرْزࣸکَابَا
دَࢽَمِيمَࢽْثِي دَڧࣸلَّاغَابَا,دَࢽَمِيمَࢽْثِي دَڧࣸلَّاغَابَا
وَثّٜيٰ کٜيٰ حَکَ غوْاْبٜيٰ دࣸلٜيٰ    لَاخِرَاتَيْ غࣸوْاْلٜيٰ غࣸوْاْلٜيٰ,وَثّٜيٰ کٜيٰ حَکَ غࣸوْاْبٜيٰ دࣸولٜيٰ لَاخِرَاتَيْ غࣸوْاْلٜيٰ غࣸوْاْلٜيٰ
أّࢽْثٜيٰ کَرَاتࣸو سࣸࢽْثٜيٰ سࣸࢽڧِيَا    سࣸࢽْ طَوعَدِيکࣸوذَاسࣸ ڧَسَرْ جَبَىٰ,أَࢽْثٜيٰ کَرَاتࣸوسࣸࢽْثٜيٰ سࣸࢽْڧِيَا  سࣸࢽْ طَوْمَدِيکࣸوذَاسࣸ ڧَسَرْجَبَىٰ
سيش,سيش
سَي شِسَࢽْ ڢَضَلَاغَرٜيٰسࣸ  رَࢽْ مَثٜيٰوَرْ طَࢽْغَ ࢽَاسࣸ,سَيْ شِسَࢽْ ڢَضَلَاغَرٜيٰسࣸ رَࢽْ مَثٜيٰوَرْطَࢽْغَ ࢽَاسࣸ
أَمَّاڢَاإِࢽْ بَيْتَرْدَرِࣸوَابَا  يَجَاڧَسَادَيتࣸوࢽࣸويَيْ ثِکࣸو,أَمَّاڢَاإِࢽْ بَيْتَرْدَرࣸوَابَا  يَجَاڧَسَادَيَتࣸوࢽࣸويَيْ ثِکࣸو
أَکࣸࢽْ وَسࣸࢽ ڟࣸࢽْڟَايٜىٰ دَمࣸريَسّࣸ تَڢِࢽَࢽْ    غَغࣸوغٜىٰ دَدَاطى دࣸک سࣸجِيسࣸ دَاَحمَدَا,أَݣࣸيْ وَسࣸ ڟࣸࢽْڟَايٜيٰ دَمࣸرْيَسّࣸ تَڢِّࢽَࢽْ  َغࣸوغٜيٰ دَدَاطِي دࣸکْ سࣸجِيسࣸ دَاَحْمَدَا
هَرْأَذَارٜيٰ رَࢽْسَ بَيْ سَࢽِيبَا,هَرْأَذَارٜىٰ رَࢽِسَ بَيْ سَࢽِيبَا
کَيْدَرَبّࣸ اِلْعَرْشِ کَاثٜي ذَاکَ بِيشِ کَکࣸوْأَمِࢽْثٜيٰ,کَيْدَرَبّࣸ اِلْعَرْشِ کَاثٜيٰ ذَاکَ بِيشِ کَکࣸوْأَمِࢽْثٜيٰ
رَࢽْ ذࣸوَايَاڧِࢽْ تَبࣸوکَ   ذࣸالْجَلالِ شِسَامࣸغَࢽْکَ,رَࢽْ ذࣸوَايَاڧِࢽْ تَبࣸوکَ  ذࣸواْالْجَلَالِ شِسَامࣸغَࢽْکَ
بَسࣸ ڢَاسَ کِرَاسࣸࢽَادَطِࢽبَا,بَسࣸ ڢَاسَ کِرَاسࣸࢽَادَطِيبَا
رࣸوَࢽْ جَمَعَابَذَى غَمٜىٰبَا,رࣸوَࢽْ جَمَعَابَذَىْ غَمٜيٰبَا
مࣸتَاࢽٜيٰ سࣸبَيَّࢽَ دࣸدَّ صَابࣸوࢽْدَسࣸࢽْکّيِ   دَبَابࣸ وࣸرِࢽْ بࣸويࣸوغَأللَّهْ ࢽَأحْمَدَا,مࣸتَاࢽٜيٰ سࣸبَيَّࢽَ دࣸدَّ صَابࣸوࢽْدَسࣸࢽْکَيِ   دَبَابࣸ وࣸرِࢽْ بࣸويࣸوغَاَللَّهْ ࢽَأحْمَدَا
تࣸࢽْدَسࣸࢽَّرْمࣸصْطَڢَاࢽٜيٰ    إِࢽْ مࣸتࣸمْ يَابَبَّکٜيٰ ࢽٜيٰ,تࣸࢽْدَسࣸࢽَّرْمࣸصْطَڢَاࢽٜيٰ  إِࢽْ مࣸتࣸمْ يَابَبَّکٜيٰ ࢽٜيٰ
وکل عبدغدت لله عنى ته ؞ على العد وبذاک اک العزڢيصل,وکل عبدغدت لله عن ته ؞ على العدوبذاک العزڢليصل
کࣸمَ ڧَرْيَتَاوَاثٜيٰ غَڢَطَرْأࣸبَࢽْغِجِ ؞  سࣸبْحَاࢽࣸهࣸ ڧَهَّارࣸ سَرْکِي مࣸحَمَّدَا,کࣸمَ ڧَرْيَتَاوَاثٜيٰ غَڢَطَرْ أࣸبَࢽْغِجِ ؞ سࣸبْجَاࢽࣸهࣸ ڧَرَّارࣸ سَرْکِࢽْ مࣸحَمَّدَا
وَ مَسْحࣸ ࡼلرَّ عْشِ عٜمَسْکࣸدٜ هࣽو رٜ دٜرْ وَ غَسْلࣸ ࡼلرِّ,وَمَسْحࣸ ࡼلرَّ عْشِ عٜمَسْکࣸدٜهࣸورٜدٜرْوَغࣸسْلࣸ ࡼلرِّ
سࣸيْتَ عِلمِ تࣸࢽْدَڢَارِي غَسْکِيَاتَرِ غَايِ شَرِّي,سࣸيْتَ عِلْمِ تࣸࢽْدَڢَارِي غَسْکِيَاتَرِغَايِ شَرِي
عَبِࢽدَ يسَاࢽَثٜىٰ دَکࣸوکَرکࣸيِيثࣸ    دࣸومِࢽ بَابࣸ سࣸوعَبَابِࢽْ صَࢽَاءَ,عَبِࢽْ دَيَسَاࢽَثٜيٰ دَکࣸوکَرْکࣸيِيثࣸ  دࣸومِࢽْ بَابࣸ سࣸوعَبَابِࢽْ صَࢽَاءَ
بَاعَ طَوْکَاࢽَيْ دَعَيْبِ    رَࢽْ کَرَࢽْتَاوَرْ کتَابِ,بَاعَ طَوْکَاࢽَيْ دَعَيْبِ رَࢽْ کَرَࢽْتَاوَرْکِتَابِ
مي,مي
ڢهم نجوم کما فال الرسول لنا ؞ ڢلتعتفد حبم بالفلبوابتل,ڢلهم نجوم کما فال الرسول لنا ؞ ڢلتعتفدکبم بالفلب وابسل
بَأَبَاکࣸ رَبࣸوْاأَلَاخِرَابَا,بَأَبَاکࣸ رَبࣸوْاْأَلَاخِرَابَا
حَجِّ زَکَّاغَاکَسَالَهْ    تَاڟَرٜيٰکَ ثِکِࢽْ جَهَالَهْ,حَجِّ زَکَّاغَاکَسَالَهْ   تَاڟَرٜيٰکَ ثِکِࢽْ جَهَالَهْ
کَيْ ڧࣸواڧࣸلْوَاتَاڟِيَايٜيٰ    غَامࣸتَاࢽٜيٰ ࢽَاتَمَايٜيٰ,کَيْ ڧࣸواڧࣸلْوَاتَاثِيَايٜيٰ غَامࣸتَاࢽٜيٰ ࢽَاتَمَايٜيٰ
إِدَࢽْ سࣸکَذࣸوسࣸࢽَابَرَاکَرْعَبَاسࣸ    بَعَاتَيْمَکࣸوࢽْ مَرَرْکٜࢽْ طَبِى عَ,إِدَࢽْ سࣸکَذࣸوسࣸࢽَابَرَاکَرْعَبَاسࣸ   بَعَاتَيْمَکࣸوࢽْ مَرَرْکٜࢽْ طَبِى عَ
تَابِ ڧَࢽْ واڢَاتَشَربٜىٰ دَاأکࣸوْࢽى مَڢࣸدَاأرَيٜىٰ,تَابِڧَرْوَڢَاتَشَرْبٜيٰ  دَاأَکࣸويْ مَغࣸدَاأَرَابٜيٰ
مَيْ شِغَرْسَ بَذَيْ رَوَرْڧَڢَابَا,مَيْ شِغَرْسَ بَذَيْ رَوَرْڧَڢَابَا
وَايَکٜىٰ ڧَارَاࢽَسَامࣸ   کَاغَ يَاکࣸوْامَاهࣸمࣸومࣸ,وَايَکٜيٰ ڧَارَاࢽَسَامࣸ  کَاغَ يَاکࣸوْامَاهࣸمࣸومࣸ
کَيْدَڢَڧِري دَيْࢽَ زَرْغِࢽْ تَاجِري  کَيْ غَࢽِيِّ دَيْࢽَ زَرْغِࢽْ عٜࢽْعࣸوَا,کَيْدَڢَڧِرِي دَيْࢽَ زَرْغِࢽْ تَاجِرِي  کَيْ کࣸوغَࢽِيِّ دَيْࢽَزَرْغِࢽْ ࢳِࢽْ عَوَا
يَدَّکَيْ أيْکِ أسَاکَ    مَاأَبِࢽْدَمࣸتࣸمْ يَشࣸوکَ,يَدَّکَيْ أَيْکِ أَسَاکَ   مَاأَبِࢽْدَمࣸتࣸمْ يَشࣸوکَ
ڢصل نع يباࢽ حکم ا لتليد ڢى عفايدالتوحيد,ڢصل نا يباࢽ حکم التفليد ڢى عفابدالتوحيد
مَيْسࣸࢽْ حَڧِيڧَا دࣸويَتَࢽْبَيِ مَالَمِي  مَيْسࣸࢽْ وْدْاتَا کࣸويَتَيْمَکِ ࢳࢽْ عࣸوَا,مَيْسࣸࢽْ حَڧِيڧَادࣸويَتَࢽْبَيِ مَالَمِي مَيْسࣸࢽْ وَدَاتَاکࣸويَتَيْمَدِ ࢳࢽْ عࣸوَا
ڟَيِي ڢَدَطَاإِࢽْ يَايِ ڟَࢽَࢽِي دَڢِرْغِتَا   مࣸسࣸلْمِي سࣸࢽَاڢَکِرَࢽْ ڢِيَيّٜيٰ مࣸحَمَّدَا,ڟَيِي ڢَدَطَاإِࢽْ يَايِ ڟَࢽَࢽِي دَڢِرْغِتَا   مࣸسࣸلْمِي سࣸࢽَاڢَکِرَࢽْ ڢِيَيّٜيٰ مࣸحَمَّدَا
دَومِࢽْ عَࢽْسَࢽِى شَرِيڢَىْ ࢽَأللهْ    بَاسَايِࢽْ کࣸوَطَىْ سَبِيلِ دَطَاعَ,دࣸومِࢽْ عَࢽْسَࢽِي شَرِيڢَىْ ࢽَأَللّه  بَاسَايِࢽْ کࣸوَطَىْ سَبِيلِ دَطَاعَ
کَرِڧٜي مَرَيَاوَࢽْدَ بَايَدَ أرْڧِي  کࣸمَ بَيْدَ دَࢽْغِ بَاعࣸبَاکࣸمَ بَاعࣸوَا,کَرِڧٜيٰ مَرَيَاوَࢽْدَبَايَدَأَرْزِڧِي  کࣸمَ بَيْدَدَࢽْغِ بَاعࣸبَاکࣸمَ بَاعࣸوَا
سَيْکࣸووحَدِيثَࢽْ أَࢽَّبِمّࣸ مࣸحَمَّدَا ؞  سࣸومَا تَڢَرْکِي ࢽٜيٰ تَذࣸواغَمࣸحَمَّدَا,سَيْکࣸووحَدِيثَࢽْ أَࢽَّبِمّࣸ مَحَمَّدࣸ ؞ سࣸومَاتَڢَرْکِي ࢽٜيٰ تَذࣸوا غَمࣸحَمَّدَا
بࣸورِࢽْةَ سَابَࢽْ غَرِي کࣸواْ ڢَغٜي  يَوَيْثِي تࣸدࣸࢽْ وَدَا ثَࢽْ سࣸکَدَاغٜي,بࣸورِࢽْةَ سَابَࢽْ غَرِي کࣸواْڢَغڧٜي  يَوَيْثِي تࣸدࣸࢽْ وَاثَࢽْ سࣸکَدَاغٜي
تم هٜوْتِ بٜتࣸفࣸلْ کࣸوطٜ يࣸرْمٜمࣽ جستنا کࣽعࣸهࣸوونواعٜيِطَاطَ کࣸوطٜهَيْرَتَا,تࣸم هٜوْتِ بٜتࣸفࣽلْ کࣸوطٜ يࣸرْمٜمࣽ جٜستناکࣽعࣸهࣸوونواعٜيطَاطَ کࣸوطٜ طٜهَيْرَتَا
کَرٜي دَبِرِي ڢَسࣸ جࣸورٜي غَمِي,کَرٜيٰ دَبِرِي بَسࣸ جࣸورٜيٰ غَمِي
وَࢽْسࣸ ࢽَاࢽَࢽْ حَڧِيڧَةََ مَاسࣸ تَرْکِي    مَاسࣸ حَࢽَ يِࢽْ رَبࣸاࢽحࣸ،ࣸسِي غَيَاڧِي,وَࢽْسࣸ ࢽَاࢽَࢽْ حَڧِيڧَةَ مَاسࣸ تَرْکِي   مَاسࣸ حَࢽَ يِࢽْ رَبࣸوࢽَحࣸمࣸسِي غَيَاڧِي
کَاغَ يَارَاسࣸوࢽٜيٰ شࣸوغَبَا کࣸومِي سࣸأَيَکَابَامَيْثٜيٰ بَارِي,کَاغَ يَارَاسࣸوࢽٜيٰ شࣸوغَبَا کࣸومِي سࣸأَيْکَابَامَيْثٜيٰ بَرِي
مࢽج,مِࢽج
شِرْوَاتَڢِي أَبِࢽْکَ کࣸوبَک بَاتَبَا   غَڢِيَامِࢽَاڢِرْثِي غَرٜيٰتَ ࢽَأوْرٜيٰ,شِرْوَاتَڢڧِي أَبِࢽْکَ کࣸوبَکَ بَاتَبَا   غَڢِيَامِࢽَاڢِرْثِي غَرٜيتَ ࢽَأوْرٜيٰ
إِتَدَيْ سَبَبِي تَکَسࣸواْ تَعَذَامَيْ  إِࢽْ دَيْ يَاثٜيٰ بَاشِ سَکِࢽْتَا,إِتَدَيْ سَبِبِي تَکَسࣸواْتَعَذَامَيْ  إِࢽْ دَيْ يَاثٜيٰ بَاشِ سَکِࢽْتَا
بل يحمل العرش املاک ثمانيتا ؞ وناالحفيفت فطعداغير محتمل,بل يحل العرش املاذ ثايته ؞ وناالحفيفت فطعاغيرمحتمل
نࣸلاَطࣽ اَلَّ مَاکِ صَلَّح ࡻللَّهࣸ عَلَࢨْهِ وَسَلَّمَ جَمْ عٜکِسِيىٰ,نࣽلَاِطࣽ ࡶٔلَّ مَاکِ صَلَّى ࡻللَّهࣸ عَلَيْهِ وَسَلَّمَ جَمْ عٜکِسِيىٰ
بَادَکࣸو غَسْکِيَرْ مࣸحَمَّࢽْ مَأيْکِي   دࣸوࢽْ کَذَمْ مࣸࢽِي کَذَمْ کࣸو سَلِيمِمِ,بَادَکࣸوغَسْکِيَرْ مࣸحَمَّࢽْ مَأَيْکِي   دࣸوࢽْ کَذَمْ مࣸومِࢽِي کَذَمْ کࣸوسَلِيمِ
إدَࢽ بَاکَ اَيکوطَرٜى غِدَࢽْکَ    دَبَاکَدَعِيکࣸࢽ حࢽَاوَزࢽَا,إِدَࢽْ بَاکَ أَيکࣸوطَرٜي غِدَࢽْکَ  دَبَاکَدَعِيکࣸࢽْ حَࢽَاوَزِࢽَا
ࢽَࢽْتَدࣸواْ کَࢽࣸو,يَࢽْتَدࣸواْ کَࢽࣸوا
سࣸورَࢽْسࣸ دَکَيْ بَيَاݒَثٜيٰبَا,سࣸورَࢽْسࣸ دَطَيْ بَيَابَثٜيٰبَا
شِي أَبࣸودْ کَإِيݣࣸࢽْ اِللَّهْ ࢽٜيٰ  اِللَّهْ شِيکٜيٰ بَادَوَدَاتَا,شِي أَبࣸودْ کَإِيکࣸࢽْ اِللَّهْ ࢽٜيٰ اَللَّهْ شِيکٜيٰ بَادَوَدَاتَا
ࢽٜىٰ غَمَالِکِ وَࢽْغَ بَاڧࣸواْ     دَاأَثٜىٰ ذَىْ کَرْبِ سَاڧࣸواْ,ࢽٜيٰ غَمَالِکِ وَࢽْغَ بَاڧࣸواْ  دَاأَثٜيٰ ذَيْ کَرْبِ سَاڧࣸواْ
ألࢽَّاشِرࣸ مࣸعَلِمࣸ أَمِيࢽࣸ ࢽَبَابَࢽْ عِࢽْدَا کَࢽࣸو يَلْوَا وَلاَيَجࣸوزࣸ طَبْعࣸهَا لِأحَدِِ إِلَّا بِإذْࢽْ,أَلࢽَّاشِرࣸمࣸعَلَّمْ أَمِيࢽࣸ ࢽَبَابَࢽْ عِࢽْدَاکَࢽࣸويَلْوَاوَلايَجࣸوزࣸطَبْعࣸهَالَدِ حَدِ إِلدَّبإِذْ
وَࢽْدَبَىْ کࣸلَ ڧࣸوْاْڧَرِيْبَا    يَامَثٜىٰ بَيْسَࢽْ رَبࣸوْاْبَا,وَࢽْدَبَيْ کࣸلَ ڧࣸوْاْڧَرِيبَا   يَامَثٜيٰ بَيْسَࢽْ رَبࣸوْاْبَا
وَىْ کَشَاسࣸ کَڧَارَڧࣸارِي    سࣸࢽْتَ کَىْ غِرْمَادَسَوْرِي,وَيْ کَشَاسࣸ کَڧَارَڧࣸارِي سࣸࢽْتَ کَىْ غِرْمَادَسَوْرِي
کࣸومَعَوࢽَاطٜيٰبٜيٰ أَࢽْهَࢽَا  إِࢽْ کࣸࢽَاڧَوْࢽَا کࣸغَاالࢽَّبِي,کࣸومَعَوْࢽَاطٜيٰبٜيٰ أَࢽْهَࢽَا   إِࢽْ کࣸࢽَاڧَوْࢽَاکࣸغَااَلࢽَّبِي
٧ٰ أَدَري کَيْمِࢽْ إِشَارَا   إِࢽْغَ ࢽَاجي ࢽَيْ زِيَارَا,٥أَدَرٜى کَيْمَࢽْ إِشَارَا إِࢽْغَ ࢽَاجٜى ࢽَࢽْ زِيَارَا
سَيْ أَڟَيْدَسَهࣸࢽْ جَࢽَازَا    إِࢽَجِ مَالَمْ أࢽْ مࣸجَازَا,سَيْ أَڟَيْدَسَهࣸࢽْ جَࢽَازَا  إِࢽْجِ مَالَمْ أَࢽْ مࣸجَازَا
هَرْشِسَارَامَاجِکِࢽْسࣸ    بَاأَبِࢽْدَشِکٜيٰ إِسَرْسࣸ,هَرْشِسَارَامَاجِکِࢽْسࣸ بَاأَبِࢽْدَشِکٜيٰ إِسَرْسࣸ
إࢽْ تاغَ تَاحَرْبࣸواْ بَاةَ ڢَطِي  سَيْ تࣸيْ شِرࣸواْ کࣸوَّو تَبَايَاڢَطِّي,إِࢽْ تَاغَ تَاحَرْبࣸواْ بَاةَ ڢَطِي  سَيْ تࣸࢽْ شِرࣸواکࣸوَوْ تَبَايَاڢَطِّي
مࣸيِوࣸوکࣸمَ جَهَادِدَمَڧِيَاسࣸوغࣸدَا ؞  حࣸطࣸ شٜيطَࢽْ دَࢽَڢْسࣸ دَبِࢽْ هَوَيٰ کࣸمَ سَرْمَدَا,مࣸيِوࣸوکࣸمَ جَهَادِدَمَڧِيَاسࣸوغࣸدَا ؞ حࣸطࣸ  شٜيطَࢽْ دَࢽَڢْسࣸ دَبِࢽْ مَدَيٰ کࣸمَرْمَدَا
غَمࣸسࣸلمِى بَادَکَࢽْغَرَابَا,غَمࣸسࣸلْمِى بَادَکَࢽْغَرَابَا
وَࢽْدَبَاسࣸ کَلَادَسࣸوࢽٜىٰ    کَرْࢽࣸکَادَاذَاکَ غَاࢽٜىٰ,وَࢽْدَبَاسࣸ کَلَادَسࣸوࢽٜيٰ کَرْࢽࣸکَادَاذَاکَ غَاࢽٜيٰ
أَيْ سَيْ ࢽَثٜيٰمَسَ بَابࣸ سࣸوکَ کࣸوکَطَࢽْ   وَࢽَّࢽْ حَلِي دࣸکَ ࢽَاغَرٜيٰمي مࣸتَاࢽٜيٰ,أَيْ سَيْ ࢽَثٜيٰمَسَ بَابࣸ سࣸوکَ کࣸوکَطَࢽْ   وَࢽَّࢽْ حَلِي دࣸکَ ࢽَاغَرٜيٰمࣸ مࣸتَاࢽٜيٰ
مࣽرࣽڢَامِ عࣽطࣸىْ تَىْ بِکّࣸ مࣸعࣸࢽ سَبࣸ جٜکّࣸ کࣽجࣽکّٜي جنرٜءَرَࢽْ,مࣽرࣽڢَامِ عࣽطࣽࢽْ تَىْ بِکّࣸ مࣸعࣸࢽ سَبࣸ جِکّࣸ حࣽجࣽکّٜ جَنرٜرَرَلْ
عَذَابَاتَااللهْ سࣸࢽَاطَطٜکࣸࢽ تْا    سࣸذَمْࢽِ حَسَارَامࣸتَاࢽٜى زِࢽَا,عِذَابَاتَاللهْ سࣸࢽَاطَڟٜکِࢽْ ࢽَا  سࣸذَمْࢽِ حَسَارَامࣸتَاࢽٜى زِࢽَا
وفدرة الله نداى شياءممکنها بلا علا ج ولاض ب مࢽ العلل,وفدرة الله ندالا شياءممکنها بلا علاج ولاض ب مࢽ العلل
مࢽ غير کيڢ ولا مثل يما ثله ؞ کما يليڡ به رغما لمعنت,مࢽ غير کيڢ ولا مثل يماثله ؞ کمايليڡ به رغما لمعتتل
ذما الجࢽ بابت دغباوا    بلي شحࢽا شسارشکࢽ سعيرا,ذماالجࢽ بابت دغباوا  بلࢽ شحࢽاشسارشکࢽ سعيرا
تَعَلى شِتࣸوبى شِࢽ شِيَڢَاسَغيࢽٜى    ذَمَابَابَ طَلڧى غَمَى يࢽْزِࢽَا,تَعَلَى شِتَويٜࢽ شِࢽ شِيَڢَاسࣸڧيبٜى   ذَمَابَابَ طَلڧي غَمَى يَࢽْزِࢽَا
سَاڢَذَوْدَيَوَࢽْ مࣸغࣸࢽْتَا مَࢽْثٜىٰ صَلَّالࣸوکَثِࢽْتَا,سَاڧَذَڢْ دَيَوَࢽْ مࣸڧࣸࢽْتَا  مَࢽْثٜيٰ صَلَّالࣸوکَثِࢽْتَا
اࢽ النواهى جاءت غير واحدة ؞ کذاالاواى لاتحص لممتثل,اࢽ التواهى جاءت غيرواحدة ؞ طاکذالاوامࢽ لاتحصى لممتثل
کَيْ إِسَشّٜيٰࢽٜيٰ غَکࣸومَيْ   مَاغَࢽِي ࢽٜيٰکَيْ وࣸرِِࢽْمَيْ,کَيْ إِسَشّٜيٰࢽٜيٰ غَکࣸومَيْ  مَاغَࢽِي ࢽٜيٰکَيْ وࣸرِࢽْمَيْ
اَلْخَيْرِࢽَابَيَيْ يَوَابَا,اَلْخَيْرِࢽَابَيَيْ يَوَابَا
مَبࣸغَاحِسَابِي دَمَاسࣸواْ ڢَرَاءضِ   أَتَاشِي ࢽٜيٰمَاأَي تَڢِيَرْ وࣸࢽِي,مَبࣸغَاحِسَابِي دَمَاسࣸواْڢَرَارضِ  أَتَاشِي ࢽٜيٰمَاأَيْ تَڢِيَࢽْ وࣸࢽِي
کࣸوکࣸࢽْ ڢِدَّرَيْ دَيِࢽْ أرْزِڧِيْࢽٜىٰ    وَتَڧِلْ شِيَّسا کࣸکٜىٰ ڧِࢽْ صَࢽَاءَ,کࣸوکࣸࢽْ ڢِدَّرَيْ دَيِࢽْ أَرْزِڧِيࢽٜيٰ  وَتَڧِلْ شِيَّسَاکࣸکٜيٰ ڧِࢽْ صَࢽَاءَ
سَىْ شِبَايَرْحَرأࣸبَࢽْسَ   بَاطِيَابَاعٜࢽْ اࣸوَࢽْسَ,سَىْ شِبَايَرْحَرْأࣸبَࢽْسَ  بَاطِيَابَاࢳَࢽْ أࣸوَࢽْسَ
کَرْکࣸ سَامِ کَطَࢽْ کࣸرَيْࢽَا    شِيڢَ رَيْࢽَ رَبࣸواْکَطَࢽَّا,کِرْکࣸ سَامِ کَطِࢽْ کَرَيْࢽَا   شِيڢَ رَيْࢽْ رَبࣸوَاْ کَطَࢽَّا
کࣸذَمْکَ بِطَرِّيبَاࢽَغࣸذࣸرِ غَلاَخِرَا    ذَمَمّࣸ ࢽَدࣸوࢽِيَاکࣸومࣸثِمَّ مࣸحَمْدَا,کࣸذَمْکَي بِطَرِّيبَاࢽَغࣸذࣸرِ غَلَاَخِرَا   ذَمَمّࣸ ࢽَدࣸوࢽِيَاکࣸومࣸثِمَّ مࣸحَمَّدَا
غَاَامْبَرْوَايَ,غَاَلْمَبَرْوَيَ
مَعَࢽَاکࣸوْاْ ذࣸوثِيَايَدࣸوبَا,مَعَࢽَاکࣸوْاْذࣸوثِيَايَدࣸوبَا
تِيرِوَالاَيَلْبَسࣸ عࣽبࣽرْنَتَاکࣸ مࣸفِيتِ ࡽلثَّيَابِ,تِيرِوَالاَيَلْبَسࣸ عࣽبࣽرْنَتَاکࣸ مࣸفِيتِ ࡽلثِّيَابࣸ
کࣸسَࢽْذࣸثِّيَاتَاتَايِ حَسْکٜيٰࢽْ ڢَرِࢽْثِکِي   دَمࣸرْࢽَرْ کِرَࢽْ سࣸوࢽَࢽْ ڢِيَيّٜيٰ مࣸحَمَّدَا,کࣸسَࢽْ ذࣸثِّيَاتَاتَايِ حَسْکٜيٰࢽْ ڢَرِࢽْثِکِي  دَمࣸرْࢽَرْکِرَࢽْ سࣸوࢽَࢽْ ڢِيَيّٜي مࣸحَمَّدَا
بسم الله,ࢽمم الله
سَࢽَّࢽْ أَݣࣸوࣸيْ سࣸوࢽَا تَکࣸسْ غࣸࢽْ مَّاتَا بَرِ إِࢽْ ڢَطٜيٰسࣸ غࣸدَا غࣸدَازَارٜٜيٰ,سَࢽَࢽْ أَݣࣸوࢽْ سࣸوࢽَاتَکࣸسْ غࣸࢽْ مَّاتَا   بَر إࢽْ ڢَطٜيٰسࣸ غࣸدَاغࣸدَابَازَارٜيٰ
بࢽا إࢽغلࢽ تي أرزڧي دَکجٜيٰمتَا  ڢسروࢽياتاثاش دࢽ غرمࢽکا,بࢽااࢽڧلࢽ تي أرزِڧي دَکَجٜيٰمَتَا   ڢسروࢽياتاثاش دࣸࢽْ غرِمَࢽْکَا
مࣸيَ صَلاَةِ زࣸمَيْ تࣸتࣸتْ بِسَ ڢِيَيّٜيٰ          دࣸدَّتَسْلِيمْ مࣸذَمْکࣸ بٜيٰغٰٜࢽْ ڢِيَيّٜيٰ,مࣸيْ صَلَاَةِ زࣸمَيْ تࣸتࣸتْ بِسَ ڢِيَيَّٜي   دࣸدَّتَسْلِيمْ مࣸذَمْکَ بٜيٰغٜيٰࢽْ ڢِيَيّٜيٰ
دَصَوَابَابَادَکࣸسْکࣸرٜىٰبَا,دَصَوَابَابَادَکࣸسْکࣸرٜيٰبَا
کࣸࢽٜمِ سَࢽِي کࣸمَ کࣸࢽجِ دࣸࢽْ اَللَّهࣸ يَࢽْاءࣸوَا ؞  شِيمَا حَدِيثِࢽْ ࢽٜيٰ دَيَيِووشِ أَحْمَدَا,کࣸࢽْبِيِ سَࢽِي کࣸمَ کࣸࢽْجِ دࣸࢽْ اَللَّهࣸ يَࢽْاءࣸوَا ؞ شِيمَاحَدِيثِࢽ ࢽٜيٰ دَيَيِوشِ أَحْمَدَا
طَاثِي مَڧَڧِي بَذَيْ حَࢽَابَا,طَاثِي مَڧَڧِي بَذَيْ حَࢽَابَا
کَتࣸࢽَابَاذَاسࣸ دَاوَيࣸوبَا,کَتࣸࢽَابَاذَاسࣸ دَاوَيࣸوبَا
سَيْ أَثٜيٰ مٜيٰࢽٜيٰ ࢽࣸڢَرْکࣸو   مِي بࣸکَاتَرْذࣸوثِيَتْ کࣸو,سَيْ أَثٜيٰ مٜيٰࢽٜيٰ ࢽࣸڢَرْکࣸو  مِي بࣸکَاتَرْذࣸوثِيَرْکࣸو
مَيْتࣸبَࢽْيَرْ سࣸوࢽَࢽْتْ کَّکࣸرࣸڢٜمَسَ  ࢽَصْرࣸالسَعَادَةࣸ کࣸو غِدَا کࣸو کَاسࣸوَا,مَيْتࣸبَࢽْيَرْسࣸوࢽَࢽْتَ کَّکࣸرࣸڢٜمَسَ  ࢽَصْرࣸالسَعَادَةࣸ کࣸوغِدَاکࣸودَاسࣸوَا
ڧَدَّرَبَاتَاجِࢽْ اَلدّࣸعَا  کࣸوکَاڧِي بَرْثِࢽْ ݣࣸوࢽَࢽْ شٜيٰکَرَا,ڧَدَّرَبَاتَاجِࢽْ أَلدّࣸعَا کࣸوکَاڧِي بَرْثِࢽْ کࣸوࢽَࢽْ شٜيٰکَرَا
سَاࢽَࢽْ مَأيْکِي يَاتَڢࣸوکࣸمَ دَکَࢽْسَ ؞ يَڧَرْڢَڢَ جِيکَاࢽَسْ غَدِيࢽَࢽْ سَ أَحْمَدَا,سَأَࢽَّࢽْ مَأَيْکِي يَاتَڢࣸوکࣸمَ دَکَࢽْسَ ؞  يَڧَرْڢَڢَ جِيکَاࢽَسْ غَدِيࢽَࢽْ سَ أَحْمَدَا
دڟورثࢽ ڟورثࢽ ڟيࢽ ڧياما,دڟورتࢽ تلورثࢽ ثيࢽ ڧياما
وَحَلَابَاوَࢽْدَبَيْ غَمٜيٰبَا,وَحَلَاَابَاوَࢽْدَيَيْ غَمٜيٰبَا
کࣸوْاوࣸشٜىٰ ڢَلْکٜىْ مْدِيࢽَ    زَشِتَاشِ ࢽِکَࢽْجِ مࣸرْࢽَا,کࣸوْاوࣸشٜىٰ ڢَلْکٜىٰࢽْ مَدِيࢽَ  زَاشِتَاشِ ࢽِکَࢽْجِ مࣸرْࢽَا
عٜهٜرْ جࣸدٜسٜفٜنٜيجِ وَالاَيَمَشّࣸ ࡼلتِّيبࣸ عࣽمٜيمَتَا,عٜهٜرْجࣸدٜسٜفٜنٜيجِ وَالاَيَمَشّࣸ ࡼلتِّيبࣸ عࣽمٜيمَتَا
اࢽذوثِيا,اࢽذوثما
أَرْزِڧِࢽْمࣸ يَڟَاغَ دࣸوڟٜىٰ    تࣸࢽْدَࢽَجَّٜبٜىٰ ࢽَڟَّڟٜىٰ,أَرْزِڧِࢽْمࣸ يَڟَاغَ دࣸوڟٜيٰ  تࣸࢽْدَࢽَجَّيٜىٰ ࢽَڟََّڟٜيٰ
وبعضهم رجم التاويل ڢيه على ؞ اصل الغواعدڢاسلک  نحهاتمل,وبعضهم رجج التاويل ڢيه على ؞ اصل الفواعدڢاسلک نهحهاتمل
تَادَشِي إِࢽْ زَيْيِ صَلاَّ بَࢽْدَمَاتَامَاتَا مَاسࣸ خَِيْضَا,تَادَشِي إِࢽْ زَيْيِ صَلَّا  بَࢽْدَمَاتَامَاسࣸ خَيْضَا
کَلَ کࣸوطٜ نࣽحࣸوَّرِحࣸورٜمࣸعࣸࢽْ تࣸمَ هࣸورٜتَجَادٜىَ هࣽورٜ جࣽبࣽو,کَلَ کࣸوطٜ نࣽحࣸوَّرِ حࣸورٜ مࣸعࣸرْ تࣸمَ هࣸورٜتَجَادٜىَ هࣸورٜجࣽتࣽو
مذغب سࢽغ ࢽصي مࢽغ دِحر    ذمايو غام غاياࢳࢽ ࢽصارا,مذغب سࢽغ ࢽصي مࢽغ داحر ذمايوغام غايابࢽ ࢽصرا
کࣸوْاکࣸطِࢽْ مَهَڧَاأَࢽَاشي     کَࢽْ ثِرٜىٰ سَيْوَࢽْدَبَاشِي,کࣸوْاکࣸطِࢽْ مَهَڧَاأَࢽَاشِي کَࢽْ ثِرٜىٰ سَيْوَࢽْدَبَاشِي
إِࢽْکࣸو کَࢽَادَطَ ڧࣸوڧَرِي بِسَ کَࢽْ سَࢽِي  سࣸڟَࢽٰٜکَ وَيْکَيْ ذَاکَثِࢽْيٜيٰ مࣸتّاࢽٜي,إِࢽْکࣸوکَࢽَادَطَ ڧࣸوڧَرِي بِسَ کَࢽْ سَࢽِي   سࣸڟَࢽٜيٰکَ وَيْکَيْ ذَاکَثِࢽٜيٰ مࣸتَاࢽٜيٰ
مَاسࣸوثَاثَادَمَيْ کࣸرْݒَرْغِيَا   أَلْحَکِࢽْ سࣸو يَࢽَاثَࢽْ أَࢽْڟِبٜيٰ,مَاسࣸوثَاثَادَمَيْ کࣸرْبَرْغِيَا   أَلْحَکِࢽْ سࣸويَࢽَاثَࢽْ أَࢽْڟِيٜيٰ
کَبِ سࣸࢽَّهْ بَادَ کَࢽْغَرَابَا,کَبِ سࣸࢽَّهْ بَادَکَࢽْغَرَابَا
غࣸوبٜيٰ ثَࢽْ لاَخِرَاأَسَاشِ ڧࣸڧࣸمِي    أَيْڢَ اَلْڧَاضِ إِࢽْڢَ يَاسَاکٜيٰ حࣸکࣸمِي,غࣸوبٜيٰ ثَࢽْ لَاخِرَاأَࢽَاسَاشِ ڧࣸڧࣸمِي   أَيْڢَ اَلْڧَاضِ إِࢽْڢَ يَاسَاکٜيٰ حࣸکࣸمِي
غࣸࢽْ رࣸوَࢽْ أَࢽْسࣸوامَغَرْيَا    کࣸواْأَسَاأّثِکِࢽْ تࣸکࣸࢽْيَا,غࣸࢽْ رࣸوَࢽْ أَࢽْسࣸوامَڧَرْيَا کࣸواْأَسَاأَثِکِࢽْ تࣸکࣸࢽْيَا
کࣸوکَجِ تَاثٜيٰ ذَاتَ کَتَࢽࣸوا کࣸوکَجِ تَاثٜيٰ مِرْسِي ذَاتَا,کࣸوکَجِ تَاثٜيٰ ذَاتَ کَتَࢽࣸواْ کࣸوکَجِ تَاثٜيٰ مِرْسِي ذَاتَا
يَارࣸڢٜىٰࢽِ کَمَرْدَࢽِيࢽَا    ذَاشِ خَيرࣸالْحَاکِمِيࢽَ,يَارࣸڢٜىٰࢽِ کَمَرْدَࢽِيࢽَا  ذَاشِ خَيْرࣸاَلْحَاکِمِيࢽَ
رَبَّࢽَاکَيَوَيْتَ جِࢽْڧَىْ    غࣸࢽْ مࣸحَمَّدࣸشِدَاَلَىْ,رَبَّࢽَاکَيَوَيْتَ جِࢽْڧَيْ غࣸࢽْ مࣸحَمَّدࣸشِيدَاَلَىْ
وࢽس,وࢽس
بَأبَاکࣸ رَبࣸوْاألَاخِرَابَا,بَأَبَاکࣸ رَبࣸوْاْأَلَاخِرَابَا
تَدْدَشِ کࣸوْاکࣸوايَهࣸودَࢽْ    تَدْدَشِي کࣸوْاکࣸوْامجࣸوسَࢽْ,تَدَدَشِ کࣸواْکࣸواْ يَهࣸودَࢽْ   تَدْدَشِي کࣸواْکࣸوْامَجࣸوسَࢽْ
کࣸودَيْ کࣸدࣸوبِي ࢽࣸڢِي بَاࢽِڢَاڧَا,کࣸودَيْ کࣸدࣸوبِي ࢽࣸڢِي بَاࢽِڢَاࢽَا
هَکَذَارِىَ مَادَسَتَا حسَّدَاڧَوْاْثٜىٰ دَڧٜىٰتَا,هَکَذَارِيَ مَادَسَاتَا  حَسَّدَاڧَوْاْثٜيٰ دَڧٜيٰتَا
أکَثٜىٰ بَاذَاعَ تَارࣸوَابَا,أَکَثٜىٰ بَاذَاعَ تَارࣸوَابَا
إِمْبَادَرَبࣸࢽْ يَشَابࣸغࣸوبَا,إِمْبَادَرَبࣸࢽْ يَشَابࣸغࣸوبَا
لِيْتَࢽِࢽْ مࣸکَ ڢَارَسَاتَ    أعَسَشِࢽْ هِجْرَامࣸکَيْتَ,لِيْتَࢽِࢽْ مࣸکَ ڧَارَسَاتَ   أَعَسَشِࢽْ هِجِرَامࣸکَيْتَ
عٜبَدّࣸ للَبࣸدࣸ وَ سࣸنَنࣸهࣸ‏ࣹ سࣸنَّا جِ طِࢽْ سَبْعَةࣻ کࣽطِ جٰٜطࣶطࣶ,عٜبَدّࣸ لَبࣸدࣸ وَسࣸنَنࣸهࣸ‏ࣹ سࣸنَّاجِ طِࢽْ سَبْعَةࣻکࣽطِ جٜيٰطࣶطࣶ
کࣸبَرْثِࢽْ رِبَا کࣸمَ کࣸࢽجِ دࣸࢽْ اَللَّهࣸ يَࢽْعࣸوَا ؞  کَذَادࣸوکِيَاتَمَرَايَ ِࢽجِ مࣸحَمَّدَا,کࣸبَرْثِࢽْ رِبَاکࣸمَ کࣸࢽْجِ دࣸࢽْ اَللَّه يَࢽْعࣸوَا ؞ کَذَادࣸوکِيَاتَمَرَايَ إِࢽْجِ مࣸحَمَّدَا
ثَࢽْ ڢَکࣸوْا غَإيَاتَکࣸوَايَا     إِࢽْکَ سَامَتَ تَيِّ کࣸمْيَا,ثَࢽْ ڢَکࣸوْاْغَإِيَاتَکࣸوْايَا إِࢽْکَ سَامَتَ تَيِّ کࣸمْيَا
کࣸوْاصَلَاتِ الْڢَاتِحِ ࢽٜىٰ      سَوْطَرِي عࣸکࣸ ذَکَ جَاࢽٜىٰ,کࣸوْاصَلَاتِ اِلْڢَاتِحِ ࢽٜيٰ سَوْطَرِي عࣸکࣸ ذَاکَ جَاࢽٜيٰ
دࣸکْ يَݣࣸاشٜىٰ حَرْأڧَارَا    مَيْدَوَࢽْسࣸ کࣸطِي ڟِرَارَا,دࣸکْ يَݣࣸاشٜيٰ حَرْأَڧَارَا مَيْدَوَࢽْسࣸ کࣸطِي ڟِرَارَا
ڢَصْلࣸࣸ مَالَمْ طَࢽْ عَبْدࣸالرَّاـࣸوڢࣸ,ڢَصْلࣸ مَّالَمْ طَࢽْ عَبْدࣸالرَّاوڢࣸ
دَإِيکࣸࢽْسَ اَلرَّحْمَٰࢽࣸ يَايِ مࣸحَمَّدࣸ؞ يَيِوشِ دَࢽْ دَاتِࢽْسَ سَرْکِي مࣸحَمَّدَا,دَإِيِکࣸࢽْسَ اَلرَّحْمَٰࢽࣸ يَايِ مࣸحَمَّدࣸا ؞ يَيِوࣸوشِ دࣸࢽْ ذَاتِࢽْسَ سَرْکِࢽْ مࣸحَمَّدَا
يَوْڢَ وَاڧَاتَاتَڧَيْتَا    کࣸلّࣸهَاسِتّࣸوࢽَ بَيْتََا,يَوْڢَوَاڧَاࢽَاتَڧَيْتَا کࣸلَّدَاسِࢽَّوࢽَ بَيَْࢽَا
کَرْکَ مَىْ لَڧَبِي دَدࣸواْکِ    کࣸواْکَمَرْدَمࣸواْکࣸوْسࣸذَاکِ,کَرْکَ مَيْ لَڧَبِي دَدࣸواْکِ  کࣸوْاکَمَرْدَمࣸواْکࣸواْسࣸذَاکِ
مࣸودَيْ مࣸࢽَاڧَوْࢽَرْکَ بَابَࢽْ ڢَاطِمَهْ   دࣸکَّࢽْ مࣸسࣸلْمِي أَلْجَࢽࣸو دَمࣸتَاࢽٜيٰ,مࣸودَيْ مࣸࢽَاڧَوْࢽَرْکَ بَابَࢽْ ڢَاطِمَهْ   دࣸکَّࢽْ مࣸسࣸلْمِي أَلْجَࢽࣸودَمࣸتَاࢽٜيٰ
وَࢽْدَدࣸکْ يَذَّ،ࣸوشِࢽَاسࣸ سَلاَمَا    ࢽَࢽْدَثَࢽْ غࣸوبٜيٰ سَيْ شِبَرْيِࢽْ ظَلاَمَا,وَࢽْدَدࣸکْ يَذَّمࣸوشِࢽَاسࣸࢽْ سَلَاَمَا   ࢽَࢽْدَثَࢽْ غࣸوبٜيٰ سَيْ شِبَرْيِࢽْ ظَلَامَا
کِنَادٜوالاِسْتِنسَارࣸعٜجِتِّتَادٜ وَمَسْحࣸ ࡼ للّࣸذْنَيْࢽِ,کِنَادٜوَااِسْتِنسَارࣸعٜجِتِّتَادٜوَمَسْحࣸ ࡼللّࣸذْنَيْرِ
کࣸدࣸوبَادَلِيلَيْ ثَيْ غَءَايَرْ تَڧࣸرْءَاࢽࣸ ؞ دَإِتَاذَاکࣸوࣸلࣸورَدَإيکࣸࢽْسَ سَرْمَدَا,کࣸدࣸوبَادَلِيلَيْ ثَيْ غَعَايَرْتَڧࣸرْءَالࣸ ؞  دَإِتَاذَاکࣸوࣸولࣸورَادَإِيکࣸࢽْسَ سَرْ مَدَا
سࣸکَسَامَدَاڢٜࣸوࢽَيْ غَبَࢽْسࣸ غࣸࢽِࢽْ يَوَا ؞  دࣸومِࢽْ سࣸکَسْ مَهْدِدَجَمَعَرْ مࣸحَمَّدَا,سࣸکَسَامَدَاڢࣸوࢽَࢽْ غَبَࢽْسࣸ غࣸࢽِࢽْ بَوَا ؞  دࣸومِࢽْ سࣸکَسْ مَهْدِ دَجَعَرْ مࣸحَمَّدَا
أَيْ بَتَيْ لَيْڢِي وَجَࢽْ مِجِيبَا,أَيْ بَتَيْ لَيْڢِي وَجَࢽْ مِجِيبَا
کَرْکَغَا تَاࢽࣸوࢽْ کَࢽْ طَࢽْ تَکٜي سࣸواْ أکࣸوَيَّ کࣸدَدَا مادَلاَثٜي تَࢽْ سࣸواْ,کَرْکَڧَاتَاࢽࣸوࢽْ کَࢽْ طَࢽْ تَکٜي سࣸواْ   أَکࣸوَيْ کࣸدَدَامَادَلَاثٜيٰ تَࢽْ سࣸواْ
غَمَاوَرَسࣸولَ اللَّهِ يَاثٜي أَبِيشِ دࣸکْ ؞  مࣸتَاࢽٜيٰ دَأَࢽْجَࢽّࣸوا بَأَرٜغٜي کࣸوغࣸدَا,غَمَاوَرَسࣸولَ اَللَّهِ يَاثٜࢽْ أَبِيشِ دࣸکْ ؞ مࣸتَاࢽٜيٰ دَأَࢽْجَࢽّࣸوا بَأَرغٜيٰ کࣸوغࣸدَا
شِي أّيَايِࢽْ رَايࣸوَࢽْسࣸ    سَيْ شِرَايࣸوأّعَرْزِڧِࢽْسࣸ,شِي أَيَايِࢽْ رَايࣸوَࢽْسࣸ  سَيْ شِرَايࣸوأَعَرْزِڧِࢽْسࣸ
ثم المفادير ڢيه الله يعلمها ؞ صدڡ بماجاء تسلک اعدل السبل,ثم المفاديرڢيه الله يعلمها ؞ صدڡ بماجاء تسلک اعدل السبل
غَبَࢽْتࣸوبَاوࣸرِࢽْ ڢِتࣸوبَا,غَبَتَتࣸوبَاوࣸرِࢽْ ڢِتࣸوبَا
٣٤ يَاڢِ کࣸواْوَا ڢَيْ دَبٜࣸويٜيٰ  أَيْکࣸوشِ دࣸهࣸو يََيَايٜيٰ,٤٤يَاڢِ کࣸوْاْوَاڢَيْ دَيࣸويٜيٰ أَيْکࣸوشِ دࣸهࣸريَيَايٜيٰ
بِحَمْدِاللهِ وَالصَلَاةࣸ و,بِحَࢽِدِ اللهِ وَالصَلَاةࣸ وَاشَلَامࣸ
دَࢽْ حَکَ مَاتَا بَاءبِيٜيٰمَسࣸ   إِࢽْ کَجِ سࣸࢽْ مَّغَࢽَاکَأَجٜيٰتَا,دَࢽْ عَکِ مَاتَابَاءَبِيٜيٰمَسࣸ  إِࢽْ کَجِ سࣸࢽْ مَّغَࢽَاکَأَجٜيٰتَا
يَاکَسَ بَابِي ڢَࢽِّي ڢَࢽِّي يَيْ مَتَلوْتَايࣽتِي مَودَاتَا,يَاکَسَ بَايِي ڢَثِي ڢَࢽِّي  يَيْ مَتَلَوْتَايَيِ مَوَدَاتَا
وَࢽَدَيَايِي هَࢽِي سࣸڢَاسَ   وَࢽْدَيَاڧِمَ شࣸوغَبَࢽْسَ,وَࢽْدَيَايِي هَࢽِي سࣸڢَاسَ وَࢽْدَيَاڧِمَ شࣸوغَبَࢽْسَ
جࣸوتَاطٜ جࣽنْجِ وَفَالَ رَسࣸولࣸ ࡻللَّهِ نࣸلاَطࣸ أَلَّ مَاکِ,جࣸوتَاطٜ جࣽنْجِ وَفَالَرَسࣸولَࡻللَّهِ نࣸلاَطࣸ أَلَّ مَاکِ
وَاڧَرْإࢽْڢِرَاجِ تَهࣸطࣸ,وَاڧَرْإِࢽْڢِرَاجِ تَهࣸکࣸ
افول هذاونڢسى نى على ملة ؞ بکل بما فلت ليت الفول لم افل,افول هذاونڢسى لعلىملة ؞ بکل بمافلت ليت الفول لم افل
کذاالتعددلا المعلوم يوجب بل هو متحدبالوصڢ ڢى الازل,کذاالتعددلاالمعلوم يوحبه بل هومتحدبالوصڢ ڢى الار
بَسࣸ سَࢽْ کࣸواْسࣸࢽْ مِوَاڢَڧَابَا,بَسࣸ سَࢽْ کࣸواْسࣸࢽْ مࣸوَاڢَڧَابَا
عٜوࣽسْبࣵادٜوَالاِسْتِنسَاڡࣸ عٜشࣸرْکِنَادِ,عٜوࣽسْبࣵادٜوَالاِسْتِنِسَاڡࣸ عٜشࣽرْکِنَادٜ
دَاَبِࢽْدَبَذَيْىِ ڢَاإدَابَا,دَأَبِࢽْدَبَذَيْيِ ڢَاءِدَابَا
طِطَ بࣽعࣽࢽْ أَلصَّلاَةࣸکࣽجࣸلدٜوَالثَّالِثَةࣸتَتَ بࣽعࣽࢽْ,طِطَ بࣽعࣽࢽْ ࡶَلصَّلاَةࣸکࣽجࣸلْدٜوَالثَّالِثَةࣸتَتَ بࣽعࣽࢽْ
ڢَيَايَࢽْاءࣸوَادࣸکْ مࣸطࣸرْثِ عࣸبَࢽْغِجِ ؞  مࣸکَامَ ڢَ سࣸࢽَّ کࣸࢽْجِ سَمْرِࢽْ مࣸحَمَّدَا,ڢَيَايَࢽْاءࣸوَادࣸکْ مࣸطࣸرْثِ عࣸبَࢽْغِجِ ؞ مࣸکَامَ ڢَ سࣸࢽَّ کࣸࢽجِ سَمْرِࢽْ مࣸحَمَّدَا
أَيْ أࣸوَاکٜيٰ جَامَ طَࢽْتَ   هَلَّکَادࣸومِࢽْ حَلِࢽْتَ,أَيْ أࣸوَاکٜيٰ جَامَ طَࢽْتَ  هَلَّکَادࣸومِࢽْ حَلِࢽْتَ
سَيْکࣸوسࣸتࣸوبَ سࣸکَامَ ذَࢽْثٜي ࢽَمࣸࢽْتَظَرْ ؞ سَأَّࢽَّࢽْ سࣸࢽْسَمْ ثٜتࣸواغَأَࢽَّبِ أَحْمَدَا,سَيْکࣸوسࣸتࣸوبَ سࣸکَامَ ذَࢽْثٜيٰ ࢽَمࣸࢽَتَظَرْ ؞  سَأَࢽَّࢽْ سࣸࢽْسَرْثٜتࣸوا غَࢽَّبِ أَحْمَدَا
وڢيل لا اذيرى لعذاتوافڢى ؞ على الدلالةبالتصديڡ لله سل,وفيل لا اذيرى هذاتوفڢه ؞ على الدلالة بالتصديڡ للر سل
بِسْمِ اِللَّهِ رَبَّࢽَا بَاࢽِي سّاَءَ  زَࢽْوَاڧَرْ وَطَࢽْدَ بَاسَا صَࢽَاعَ,بِسْمِ اِللَّهِ رَبَّࢽَابَاࢽِي سَاَءَ  زَࢽْوَاڧَرْوَطَࢽْدَبَاسَاصَࢽَاعَ
دࣸولٜي عَشَاجِࢽْࢽْ جِکِيمَࢽْ عَشٜي مَيْ  أّعِࢽْا ذَايَسَࢽْ کࣸطِي بَيْ صَࢽَاعَ,دࣸولٜي عَشَاجِࢽِࢽْ جِکِيمَࢽْ عَشٜي مَࢽْ   أَعِࢽَاذَايَسَࢽْ کࣸطِي بَيْ صَࢽَاعَ
سࢽد,سࢽد
کࣸومَى کَڢِطَابَعَامࣸسَابَا,کࣸوْمَىْ کَڢَطَابَعَامࣸسَابَا
ڢصل ت الغدرة,ڢصل نءالفدرة
دࣸࢽْ کَدَکࣸتَتَّا کٜڢَ بَايِࢽْ عࣸبَࢽْغِجِ ؞  شِيمَاحَدِيشِ ࢽٜي کࣸسَوْرَارِ ڢَاءِدَا,دࣸࢽْ کَدَکࣸتَتَّاکٜڢَ بَايِࢽْ عࣸبَࢽْغِجِ ؞  شِيمَاحَدِيشِ ࢽٜي کࣸسَوْرَارِ ڢَاءِدَا
مࣸحَمَّدࣸبَکَايِى سࣸجَدَابَا,مࣸحَمَّدࣸبَکَايِي سࣸجَدَابَا
سࣸوࢽَاࢽاَ محَمَّدࣸ الثَاࢽِي طَࢽْغَاࢽِ   غَرِࢽْمّࣸو کَࢽَاثِغِيَاتَا,سࣸوࢽَاࢽَامࣸحَمَّدࣸ اَلثَاࢽِي طَࢽْغَاࢽِ   غَرِࢽْمّࣸو کَࢽَاثِغِيَاتَا
أَوࣸتَابَامَاسࣸ تَبَّتَابَا,أَوࣸتَابَامَاسࣸ تَبَّتَابَا
بل باجتناب لهاتمحى صغابى نا ؞ کمانجازى باضعاڡ عࢽ العمل,بل باجتناب لاتمى صفابر نا ؞ کمانجازى باضعاڡ عࢽ العمل
طَࢽْْسࣸواْ بَيْيِي کَرَاتࣸواْ غࣸࢽْسࣸبَا   سࣸࢽْکَاسَ ذَمْࢽٜيٰ سࣸࢽَاݣࣸطَيِࢽْ مِيَا,طَࢽْسࣸواْبَࢽْيِي کَرَاتࣸواْغࣸࢽْسࣸبَا  سࣸࢽْکَاسَ ذَمْࢽٜيٰ سࣸࢽَاکࣸطَيِࢽْ مِيَا
تَࢽَ يِي تَࢽَ طَغَ عٜࢽْ کَڢَطَا  کَمَرْ وَࢽْدَ يَاشِغَ ڢِيلِࢽْ کِطَا,تَࢽَ يِي تَࢽْ طَغَ عٜࢽْ کَڢَطَا کَمَرْوَࢽْدَيَاشِغَ ڢِيلِࢽْ کِطَا
سَىْ سࣸݒَاتَ جِرَاجِرَࢽْسࣸ   دࣸکْ سࣸغِرْمَ ثِکِࢽْ حَلِࢽْسࣸ,سَىْ سࣸبَاتَ جِرَاجِرَࢽْسࣸ  دࣸکْ سࣸغِرْمَ ثِکِࢽْ حَلِࢽْسࣸ
وَࢽَّࢽْ ڢَطَاأَيْ بَاوَلِيِّ دَيَايِ تَا ؞  يَثٜيٰ کࣸࢽْجِ ࢽٜيࢽٜي مَهْدِ بَرْدٜࢽْ مࣸحَمَّدَا,وَࢽَّࢽْ ڢَطَاأَيْ بَاوَلِيِّ دَيَايِ تَا ؞ يَثٜيٰ کࣸࢽجِ ࢽَيࢽٜي مَهْدِ بَرْدٜࢽْ مࣸحَمَّدَا
يَدَّمَالَمْ يَىْ إِبَارَا    وَىَ أبِࢽْدَکَسَاحَسَارَا,يَدَّمَالَمْ يَيْ إِبَارَا   وَيْ أَبِࢽْدَکَسَاحَسَارَا
دࣸومِࢽْ دَىْ رَࢽْسࣸ بَىْ ࢽَڟَابَا,دَدࣸوْمِࢽْ دَىْ رَࢽْسࣸ بَيْ ࢽَڟَابَا
ذࣸوثِيَرْکࣸ تَڧَارَذَاڢِي    کࣸواْوَࢽٜيٰ شِتࣸࢽَادَلَيْڢِي,ذࣸوثِيَرْکࣸ تَڧَارَذَاڢِي کࣸواْوَࢽٜيٰ شِتࣸࢽَادَلَيْڢِي
سَيْ يَثٜيٰ مَسَ أَيْ حَلِيࢽٜيٰ  ࢽَاتَڢࣸواࢽَسَࢽَرْدَکࣸوࢽٜيٰ,سَيْ يَثٜيٰ مَسَ أَيْ حَلِيࢽٜيٰ ࢽَاتَڢࣸواْࢽَسَࢽَرْدَکࣸوࢽٜيٰ
اَللَّهࣸ مࣸࢽَارࣸڧࣸودَدَرَجَ الْمࣸحَمَّدࣸ ؞  کَسَࢽِيَّ بَصِيرَاࢽَيْ ذࣸکَاتَمّࣸ سَرْمَدَا,اَللَّهࣸ مࣸࢽَارࣸ ڧࣸودَدَرَجَ الْمࣸحَمَّدࣸ ؞  کَسَࢽْيَّ بَصِيرَاࢽَࢽْ ذࣸکَاتَمّࣸ سَرْمَدَا
مَاسࣸ مَيْدَ غِيَادَشَايِ طَࢽْ دَسࣸوجَمَعَا کَکࣸواْيِ,مَاسࣸ مَيَْا غِيَادَشَايِ طَيْ دَسࣸوجَمَعَاکَکࣸوࢽِيِ
دَزࣸوَاࢽَس بَيْىِ شٜىٰکَرَابَا,دَزࣸوَاࢽَسَ بَيْيِ شٜيٰکَرَابَا
سَࢽْدَکࣸواْيَاتَتَّرَاتَا    بَاشِ سࣸوࢽْ ڟࣸغࣸࢽࣸوشِهࣸوتَا,سَࢽْدَکࣸواْيَاتَتَّرَاتَا  بَاشِ سࣸوࢽْ ڟࣸغࣸࢽࣸوشِهࣸوتَا
تࣸتࣸبْ کࣸوثِکِࢽْ شَاوَاداسارَوَادࣸکَ   مࣸࢽَايِي ثِکِࢽْ اَلْجَࢽَّ مࣸࢽْغَ مࣸحَمَّدَا,تࣸتࣸبْ کࣸوثِکِࢽْ شَاوَادَسَارَوَادࣸکَ   مࣸࢽَايِي ثِکِࢽْ اَلْجَࢽَّ مࣸࢽْغَ مࣸحَمَّدَا
إࢽْ ذَتࣸࢽْدَ يکٜىٰ حَلَسْ ࢽٜىٰ    غࣸࢽْسَ تَابٜىٰوَرْرَبࣸواْࢽٜىٰ,إِࢽْ ذَتࣸࢽْدَيَکٜيٰ حَلَسْ ࢽٜىٰ  غࣸࢽْسَ تَاݒٰٜوَرْرَبࣸواْࢽٜيٰ
رَࢽْدَدࣸکْ تَاکَرْبِ أيْکِ    بَاتَ ڧَوْࢽَرْلٜىٰوطَاکِ,رَࢽْدَدࣸکْ تَاکَرْݒِ أَيْکِ بَاتَ ڧَوْࢽَرْلٜيٰوَ طَاکِ
والال والصحب ثم التا بعير لهم ؞ ممࢽ عࢽ الحڡ والاحساࢽ لم يحل,ڢللل والصحب ثم الناعيࢽ لهم مࢽ عࢽ الحڡ والا حساࢽ لم يحل
مࢽادࢽڢا ادࢽ مࢽسام ايکو    مجاداغامکوري اࢽصارا,مࢽادࢽڢاادࢽ مࢽسام ايکو مجاداغامکورٜي اࢽصارا
دَوࣸشِرْيَابَاتَڢَمْڢَرَابَا,دَوࣸشِرْيَابَاتَڢَمْڢَرَابَا
سࣸࢽْغَاءَايَا سࣸࢽْڧِِ ڢَطِيࢽَتَا    سࣸࢽييِ مَاتَاسࣸࢽْڧِ ڟَرِيࢽْسࣸوَا,سࣸࢽْغَاءَايَاسࣸࢽْڧِ ڢَطِيࢽَتَا   سࣸࢽْيِي مَاتَاسࣸࢽْڧِ ڟَرِيࢽَسࣸواْ
دࣸکْ مࣸتࣸمْ کٜيٰࢽَࢽْ شِکٜيٰجِي  غَاوࣸتَاتَاجٜيٰڢَ حࣸرْجِي,دࣸکْ مࣸتࣸمْ کٜيٰࢽَࢽْ شِکٜيٰجِي غَاوࣸتَاتَاجٜيٰڢَ حࣸرْجِي
بَاأَࢽٜيٰسَبَ غَامَڧٜيٰ رَا  بَابࣸ کࣸواوَبَࢽْدَکَوْرَا,بَاأَࢽٜيٰسَبَ غَامَڧٜيٰ رَا  بَابࣸ کࣸواْوَابَࢽْدَکَوْرَا
سࣸتْڢِ جِࢽْ مَغَࢽَرْ کِلاکِ    بَاسࣸيِࢽْ أَوْرَٜىٰ ࢽَکِرْکِ,سࣸثْڢِ جِࢽْ مَڧَࢽَرْکِلَاکِ بَاسࣸيِࢽْ أَوْرٜيٰ ࢽَکِرْکِ
کڟَرٜيٰمࣸي دَمَاسࣸ غَابَا دَشِ,کَڟَرٜيٰمࣸ دَشِي دَمَاسࣸ غَابَا
تمت بحمد,تمت کل
مࣸسَالِ أَکٜيٰ مَکَ شِرْيٜسࣸ کَاجِيَا ؞  کَدَࢽْ کَاڧِيَاڢَ کࣸجِي وࣸتَاکࣸمَ سَرْمَدَا,مࣸسَالِ أَکٜيٰ مَکَ لَشِرْيِسࣸ کَاجِيَا ؞ کَدَࢽْ کَاڧِيَاڢَ کࣸجِي وࣸتَاکࣸمَ سَرْمَدَا
َِِاَبࢽثى ابࢽشاحَرامَ غريسࣸ    ࢽى اِدَࢽْ يَࢽغَتࣸوبَاشِࢽَايࢽ زࢽَا,أَبِࢽْثٜي أَبࢽِشَاحَرَامࣸ غَرِيسࣸ  لى إِدَࢽْ بَࢽِغَتࣸوبَاشِࢽَايٜࢽْ زِࢽَا
تَجِدْ هࣸ طࣸࢽْ بٜيْدَتَامࣽ ࡹِلاَّبࣸعْدًامِّࢽَ ࡻللَّهِ کࣽوَنَا,تَجِدْهࣸ طࣸࢽْ بٜيْدَتَامࣸ ࡹِلاَّبࣸعْدًاَمِّࢽَ ࡻللَّهِ کࣽوَنَا
دࣸکْ مࣸغࣸࢽْتْاثٜيٰ حَلِࢽْسࣸ    ڧٜيٰ ڧَشٜيٰوَرْذࣸوثِيرْسࣸ,دࣸکْ مࣸغࣸࢽْتَاثٜيٰ حَلِࢽْسࣸ  ڧٜيٰ ڧَشٜيٰوَرْذࣸوثِيَرْسࣸ
ڢال تعلىٰ مࢽ مضعى ا,ڢالتعه يمشع
سَيْ إِࢽْبَاذَاتَسَامࣸوابَا,سَيْ إِࢽْبَاذَاتَسَامࣸوَابَا
وَطَࢽَّࢽْ ڢَ أَيْ سࣸوࢽٜيٰ بَݣࣸيْ وَࢽْدَيَا ڢَطَا ؞  کࣸلࣸورَادَسࣸوتࣸوکࣸࢽجِ ذَࢽْثٜࢽْ مࣸحَمَّدَا,وَطَࢽَّࢽْ ڢَ أَيْ سࣸوࢽٜيٰ بَݣࣸيْ وَࢽْدَيَاڢَطَا ؞  کࣸلࣸورَادَسࣸوتࣸوکࣸࢽجِ ذَࢽْثٜي مࣸحَمَّدَا
دࣸࢽْ حَلِࢽْسࣸ ࢽَرࣸوطࣸوَاࢽٜىٰ    کࣸوْأࣸوَرْسَ دَطَࢽْ بِدَاࢽٜىٰ,دࣸࢽْ حَلِࢽْسࣸ ࢽَرࣸوطࣸوَاࢽٜيٰ کࣸوْأࣸوَرْسَ دَطَࢽْ بِدَاࢽٜيٰ
کَاجِکٜوْتَادَطَاڢَ دࣸࢽْ کَغࣸوࢽٜيٰ وَࢽْدَيَذَمْ أِمَا،ࣸ دࣸࢽْ ثِࢽْ مࣸتَاࢽٜيٰ,کَاجِکٜوْتَادَطَاڢَ دࣸࢽْ کࣸرْکَغࣸوࢽٜيٰ   وَࢽْدَيَذَّمْ إِمَامࣸ دࣸࢽْ ثِࢽْ مࣸتَاࢽٜيٰ
بل لم نشاهدسوى منع لمغتدر ؞ فداتفࢽ المنع ت علو ومنسڢل,بل لم نشاهدسوى ضنع لمغتدر؞ فداتفࢽ الصنع ت علوومنسڢل
طَࢽْ دࣸودࣸووَاوَ مَرَسْ مَڢَطِي کَتࣸوبَا غَ اللَّهْ کَبَرْ مَڧࣸطِي,طَࢽْ دࣸودࣸووَاوَمَرَسْ مَڢَطِي کَتࣸوبَاغَ اَللّهْ کَبَرْمَڧࣸطِي
شِذࣸبࣸواْ مَسࣸ بَاثِکِࢽْ شِرِيْبَا,شِذࣸبࣸواْمَسࣸ بَاثِکِࢽْ شِرِيبَا
بَاتَسࣸواْکَࢽْ کِيشِيَࢽْتَا    غࣸࢽْ مِجِ دࣸومِࢽْ يَڧِيتَا,بَاتَسࣸواْکَࢽْ کِيشِيَࢽْتَا  غࣸࢽْ مِجِ دࣸومِࢽْ يَڧِيتَا
وَࢽِکࣸو يَࢽَا ڟࣸورࣸࢽْعَثٜي رࣸوڧࣸو يَکٜي,وَࢽِکࣸويَࢽَاڟࣸورࣸࢽْعَثٜي رࣸوڧࣸويَکٜيٰ
دَࢽْ الࢽَّبَاوَاسࣸࢽْيِ أّوْضٜيٰ دَࢽْ کࣸجِي   سࣸࢽَّرْ مࣸحَمَّدࣸثٜيٰ مࣸتࣸمْ شِيِ أَوْرٜيٰ,دَࢽْ اَلࢽَّبَاوَاسࣸࢽْيِ أَوْضٜيٰ دَࢽْ کࣸجِي سࣸࢽَّرْمࣸحَمَّدࣸثٜيٰ مࣸتࣸمْ شِي أَوْرٜيٰ
ڢصل نا حکم ا لاما مة,ڢصل نا حکم الامامة
صکتو,صکتو
مَيْڢَ ذَࢽْبَسّࣸ مَيْࢽࣸڢِࢽْ کَوْمࣸغࣸࢽْتَا   دࣸدَّکࣸومَيْ شِغَاڟَکَاࢽِࢽْ ذࣸمࣸࢽْتَا,مَيْڢَ ذَࢽْبَسّࣸ مَيْࢽࣸڢِࢽْ کَوْمࣸغࣸࢽْتَا   دࣸدَّکࣸومَيْ شِغَاڟَکَاࢽِࢽْ ذࣸمࣸࢽْتَا
شَࢽْ شِغَارِسَيْ کِلَاکِ    ࢽَࢽْ ࢽࣸڢَرْسࣸ تَکَࢽْڢِ أَوْکِ,شَࢽْ سِغَارِسَيْ کِلَاکِ  ࢽَࢽْ ࢽࣸڢَرْسࣸ تَکَࢽْڢِ أَوْکِ
ࢽَاڢَطِ ءَايࣸوايِࢽْکَ جَلَّ عࣸبَࢽْغِجِ ؞  بَسࣸ کَرْݒِ ذَࢽْثٜࢽْ ࢽَابَ دࣸࢽْ ڧِࢽْ مࣸحَمَّدَا,ࢽَاڢَطِ ءَايࣸوايِࢽْکَ جَلَّ عࣸبَࢽْغِجِ ؞ بَسࣸ کَرْݒِ ذَࢽْثٜيٰ ࢽَابَ دࣸࢽْ ڧِࢽْ مࣸحَمَّدَا
بمثل ذاکڢر واکڢرالذيࢽ نڢوا ؞ اعادة مطلڢا و ناالکتا ب تل,بمثل ذاکڢر واکڢرالذيࢽ فڢوا ؞ اعادة مطلفاوتاالکتاب ثل
مَاسࣸ لَيْڢِي مَاسࣸوَاڧَا    ذَاسࣸ تَاشِ دَرٜىٰ يَميْڧَا,مَاسࣸ لَيْڢِي مَاسࣸ وَاڧَا ذَاسࣸ تَاشِ دَرٜيٰ يَمِيڧَا
لࣸنفِࢩْطࣽ عࢽ وِرْدࣸوجِ شَيْخࣸ عࣽرٜوْنِعٜࢽ لاَوࣽلْ بَوٍيفࣽلْ ڢٜيوࣸفࣽلْ عٜࢽ مَجَّتَا,لࣽنْفِنْطࣸ عٜࢽ وِرْدࣸوجِ شَيْخࣸ عࣽرٜوْنِعٜࢽْ لاَوࣸلْ نِوِيفࣸلْ ڢٜيوࣸفࣽلْ عٜࢽ مَجَّتَا
بَيَکَࢽْ ࢽْڟَ ذࣸوثِيَرْ مِجِيبَا,بَيَکَࢽْ ࢽَڟَ ذࣸوثِيَرْ مِجِيبَا
مࣸرࣸوکِ تَعَالَى شِبِيشٜىْ حَيَا   شِڢشٜى مࣸعَيکِࢽ مࣸتَاࢽٜى زِࢽَا,مࣸرࣸوکِ تَعَالَى شِبِيشٜيࣸ حَيَا  شِڢِشٜي مࣸعَيکِࢽْ مࣸتَاࢽٜى زِࢽَا
بَأڢِيشِ يَوَࢽْ تَکَبّࣸرَابَا,بَأَڢِيشِ يَوَࢽْ تَکَبَّرَابَا
دَرَنَادِنَاڢِيلࣽ ڢِى ࡽلَيْلِ جٜمَّ وَڢَرَآإِضࣸ ࡼلزَّکَٰوةِ,دَرَنَادٜنَاڢِيلࣸ ڢِح ࡽلَيْلِ جٜمَّ وَڢࣸرَاإِضࣸ ࡼلزَّکࣸوةِ
أَکَتَاشٜيٰکَ بَادَ أَࢽْ إِدࣸوبَا,أَکَتَاشٜيٰکَ بَادَأَࢽْ إِدࣸوبَا
بل کل انعامه ڢضل و لغمته عدل ڢهذا سبيل العدل ڢاعتدل,بل کل انعامه ڢضل ونغمته عدل ڢهذاسبيل العدل ڢاعتدل
تࣸࢽدَدَىْ سࣸࢽْ ڧَرْيَتَاࢽٜىٰ    سࣸࢽْىِ شَکَّرْغَسْکِيَاࢽٜىٰ,تࣸࢽْدَدَيْ سࣸࢽْ ڧَرْيَتَاࢽٜيٰ سࣸࢽْيِ شَکَّرْغَسْکِيَاࢽٜيٰ
لَاغِرَࢽْتَ تَکٜيٰ بࣸکَاتَا   بَاأࣸبَࢽْتَبَ کࣸوْاأࣸوَࢽْتَا,لَاغِرَࢽْتَ تَکٜيٰ بࣸکَاتَا بَاأࣸبَࢽْتَبَ کࣸوْاأࣸوَࢽْتَا
کࣸوࣸوڧَوڧَرِي دَࢽْغِ دَࢽٜيٰ ميْ حَلَالِيَا ؞  شِيمَاحَدِيشِ ࢽٜيٰ کࣸذࣸو کࣸجِ ڢَاءِدَا,کࣸوࣸوڧَوڧَرِي دَࢽْغِ دَࢽٜي مَࢽْ حَلَالِيَا ؞  شِيمَاحَدِيشِ ࢽٜيٰ کࣸذࣸوکࣸجِ ڢَاءِدَا
بَرِيِࢽْ تَا ڧَمَا دَکَيْ مَالَمِيࢽٜي  کَراتوࣸ شِييَثٜي عَجٜي عَيْ صَࢽَاعَ,بَرِيِࢽْ تَا ڧَمَادَکَيْ مَالَمِيࢽٜيٰ  کَرَاتࣸوشِييَثٜيٰ عَجٜي عَيْ صَࢽَاعَ
سࣸکَهَوْغَبَاطَيَاࢽَࢽْ دَࢽَࢽْ أَکَثٜيٰ دَسࣸو    بَاتَوْسَيِي أَغَرٜيٰسࣸ کࣸوࢽطَرِيࢽٜيٰ,سࣸکَهَوْغَبَاطَيَاࢽَࢽْ دَࢽَࢽْ أَکَثٜيٰ دَسࣸو  بَاتَوْسَيِي أَغَرٜيٰسࣸ کࣸوࢽَطَرِيࢽٜيٰ
إِࢽْدَابَسࣸ غَࢽْشِ سࣸࢽْ ࢽَڟَابَا,إِࢽْدَابَسࣸ غَࢽْشِ سࣸࢽْ ࢽَڟَابَا
عَلَيْهِ وَسَلَّمَ جَمْ عٜکِسِيٜح وࣽنِى عٜمَکّࣽ لَايࣸفْبَلࣸ اللَّهࣸ,عَلَيْهِ وَسَلَّمَ جَمْ عٜکِسِيىٰ وࣽنِى عٜمَکّࣽ لاَيࣸفْبَلࣸ ࡼللَّهࣸ
مࣸتࣸمْ ثࣸوتَاࢽٜي مَرَرْ مَاغَࢽِي  بَاعَ غࣸوࢽِࢽتَاغَٜرِيٰشِ,مࣸتࣸمْ ثࣸوتَاࢽٜيٰ مَرَرْمَاغَࢽِي   بَاعَ غࣸوࢽِࢽْتَاغَرٜيٰشِ
يَاڢَطِ وࣸرِࢽْ غࣸيِوَايَاثٜيٰ دَشِي لَالَا ؞ يَاثٜيٰ وࣸرِِࢽْ غَبَرْدٜࢽْ مࣸحَمَّدَا,يَاڢَطِ وࣸرِࢽْ غࣸيِوَيَاثٜيٰ دَشِي لَالَا ؞ يَاثٜيٰ وࣸرِࢽْ للَّوْ غَبَرْدٜࢽْ مࣸحَمَّدَا
شيڢ,شيڢ
ࢽِيکࣸوࢽَأمْسَامَيْ ࢽَثٜي مَسَ يَا کَکٜيٰ   مَࢽِي تَࢽْبَيَرْرَيْࢽِ غَمِي دَمࣸتَاࢽٜي,ࢽِيکࣸوࢽَأَمْسَامَيْ ࢽَثٜيٰ مَسَ يَاکَکٜيٰ  مَࢽِي تَࢽْبَيَرْرَيْࢽِ غَمِي دَمࣸتَاࢽٜيٰ
کاغ,کاغ
وَرَبّࣸکَ يَخْلࣸوࣸ مَايَشَاءࣸ وَيَخْتَارࣸمَاکَاࢽَ ؞ لَهࣸمْ الْخَيْرَِاتِ دَلِيلِ أَمَّ اَلْمࣸحَمَّدَا,وَرَبࣸکَ يَخْلࣸوࣸ مَايَشَاءࣸ وَيَخْتَارࣸ مَالَاࢽَ ؞ لَاࣸمࣸ الْخَيْرَاتِ دَلِيلِ کࣸࢽْجِ أَمَّ اَلْمࣸحََّدَا
أَکَ کَرْکَشٜيٰ غَالِبَࢽْسࣸ    غالِبَࢽْ رَسࣸ مَاسࣸ مࣸوࢽِ,أَکَ طَرْکَشٜىٰ غَالِبَࢽْسࣸ  غَالِبَࢽْ رَسࣸ مَاسࣸ مࣸوࢽࣸ
تَغَࢽِي کࣸوْابَادَلَاڢِيَابَا,تَغَࢽِي کࣸوْاْبَادَلَاڢِيَابَا
اࢽ طال ذا صار بعدذاڢص ؞ اواعتدال ڢلم يخص ولم يطل,اࢽ طال ذاطارهذابعدذافص ؞ اواعتدال ڢلم يفص ولم يطل
الࢽَّبِࢽْمࣸ يَذࣸودَسࣸࢽَّا    ذَࢽْ ࢽِيَاهَسْکٜىٰ يَذَوْࢽَا,الࢽَّبِࢽْمࣸ يَذࣸودَسࣸࢽَّا   دࣸوࢽِيَاسَسْکٜيٰ يَذَوْࢽَا
ࡶَللهࣸ جَبَتَاࡶَلصَّلاَةࣸجࣸلْدمَࢽ لَّمْ يࣸوَدِّالزّکَٰوةَ,ࡻَللَّهࣸ جَبَتَاࡶَلصَّلاَةࣸجࣸنْدٜمَࢽ لَّمْ يࣸوَدِّالزَّکَوةِ
مثل النصارى على التثليث دينهم ؞ بالا تحادوزورالاڢک والحطل,مثل النصارى على التثليث دينهم ؞ بالاتحادوزڢرالاڢک والحطل
کࣸوْوَابَسࣸ بَرْشِ يَاسَکٜىٰبَا,کࣸوْوَابَسࣸ بَرْشِ يَاسَکٜيٰبَا
شِي کَسَاأَشِغَرْدَعِلَّا     دࣸࢽْ مَڢِي مࣸوࢽِࢽْ کَسَالاَ,شِي کَسَاأَشِغَرْدَعِلَّا  دࣸࢽْ مَڢِي مࣸوࢽِࢽْ کَسَالَا
غَاکَيْوتَابَادَکࣸوࢽْ مَتࣸوابَا,غَاکَيْوتَابَادَکࣸورْمَتࣸوابَا
وَالاِسْتِسَآرࣸعٜجِتِّتَادٜوَمَسْحࣸ ࡽلاّࣸذْنَيْࢽِ,وَالاِسْتِنْسَارࣸعٜجِتِّتَادٜوَمَسْحࣸ ࡽلاّࣸذْنَيْࢽِ
بَيَکَࢽْ ثِکَ کَيْوْأَعَاڧِبَا,بَيَکَࢽْ ثِکَ کَيْوْأَعَاڧِبَابَا
غَأࣸوَابَکَ شَادَلَاڢِيَابَا,غَأَوَابَکَ شَادَلَاڢِيَابَا
الکِتَابࣸ اَلْحَاجِ,الکِتَابࣸ الحَاجِ
يٜࢽْ أࣸوَاسࣸتَهࣸوغَࢽِࢽْسَا تَمْبَيَرْ کࣸواࢽَّࢽْ حَرکِࢽْسَا کࣸوْا,يٜࢽْ أࣸوَاسࣸتَهࣸوغَࢽِࢽْسَا  تَمْبَيَرْکࣸوْاْࢽَࢽْ حَرکِࢽْسَا
بِحمدلله,بحمدلله
وَࢽْدَيَيْ مَاتَايَوَࢽَّࢽْ    وَࢽْدَتَزَمْ دࣸکْ هَلِࢽَّࢽْ,وَࢽْدَيَيْ مَاتَايَوَࢽَّࢽْ  وَࢽْدَتَزَمْ دࣸکْ هَلِࢽَّࢽْ
شَاهࣸويَثٜيٰمِࢽْ غَاکَطَࢽْ ࢽَارتَّبَا   کَيْ مَيْ کَڢࣸسْکَࢽْتَا غَمِيدَ مࣸتَاࢽٜيٰ,شَاهࣸويَثٜيٰمِࢽْ غَاکَطَࢽْ ࢽَارَتَّبَا   کَيْ مَيْ کَڢࣸسْکَࢽْتَاغَمِيدَ مࣸتَاࢽٜيٰ
سَيْ مَلَلِي,سَيْ مَلَلِي
بَيَاࢽِ غَشِࢽَࢽْ دࣸࢽْ کࣸسَࢽْ مࣸࢽْ غَيَامࣸکࣸ ؞ ࢽࣸڢَاکَوْتَمَاࢽِࢽْ ثٜيٰ کࣸسَوْرَارِڢَاءِدَا,بَيَاࢽِ غَشِࢽَࢽْ دࣸࢽْ کࣸسَࢽْ مࣸࢽْ غَيَامࣸکࣸ ؞  ࢽࣸڢَاکَوْتَمَاࢽِࢽْ ثٜيٰ کࣸسَوْرَارِ ڢَاءِدَا
هذاالصحيح ونا الفرءاࢽ حجته ؞ ڢى اجع النص للتحڢيڡ وامتثل,هذاالصحيح ونا الفرءاࢽ حجته ؞ ڢراجع النص للتحفيڡ واتثل
يَامَسࣸواْشِتَغَرْدَطَاکِ    ذَيْغَ تَارَڧَسَادَحَکِّ,يَامَسࣸواْشِتَغَرْدَطَاکِ   ذَيْغَ تَارَڧَسَادَحَکِّ
کࣸبَرْرَيْࢽَ جࣸوࢽَاڢَکࣸمَ دࣸࢽْ اَللَّهْ يَࢽْاءࣸوَا ؞  کࣸکوࣸورٜ ڢَکِبْرࣸأَکَࢽْکَاإِࢽکࢽْتِ أَحْمَدَا,کࣸبَرْرَيْࢽَ جࣸوࢽَاڢَکࣸم دࣸࢽْ اَللَّهْ يَࢽْدࣸءࣸوَا ؞ کࣸکࣸورٜ ڢَکࣸبْرࣸأَکَࢽْ کَإِࢽْ کࣸࢽْبِ أَحْمَدَا
کَاغَاأَمْرٜيٰ بَايَرْدَرْ وَلِي  بَابࣸ عذَاشٜيٰغࣸواْسࣸࢽْيَوَا,کَاغَاأَمْرٜيٰ بَايَرْدَرْوَلِي بَابࣸ عِذَاشٜيٰغࣸواْسࣸࢽْيَوَا
ياعبدياطࢽ عبد جيکࢽ عبدکي  کاکي بࣸغٜࢽْ دأکي بکاتر سࢽکا,ياعبدٜياطࢽ عبد جيکࢽ عبدکي  کاکي بࣸغٜࢽْ داکي باترسࢽکا
خَامِسࣸ يَا دࣸودࣸوا يَيْ وَاڧَا  کَرْ کࣸغَ بَيْ دَڢࣸسَاحَ غَ وَاڧَا,خَامِسࣸ يَادࣸودࣸواْيَيْ وَغَوَاڧَا  کَرْکࣸغَبَࢽْ دَڢࣸسَاحَ غَوَاڧَا
الࢽاشرمعيکترتاريخا,الࢽاشرمعيکترتاريخا
کࣸمَ کَرْمࣸسَسَّوْتَاوَشَأَࢽِࢽْ دࣸوࢽِيَا    دَࢽَالاَخِرَا دَࢽْ کَرْسࣸڧِيمࣸ مࣸتَاࢽٜيٰ,کࣸمَ کَرْمࣸسَسَّوْتَاوَشَأَࢽِࢽْ دࣸوࢽِيَا   دَࢽَالَاَخِرَادَࢽْ کَرْسࣸڧِيمࣸ مࣸتَاࢽٜيٰ
وَࢽْࢽَࢽْ کَرَاتࣸوا بَيْأَࢽْڢَاࢽَبَا   يَيْ تَسْغَرࣸواْ يَيْ ڢَوتِي أَࢽْ رَسَىٰ,وَࢽْࢽَࢽْ کَرَاتࣸواْ بَيْأَࢽْڢَاࢽَبَا  يَيْ تَسْغَرࣸواْيَيْ ڢَوْتِي أَࢽْ زَّسَىٰ
مَکَࢽَࢽْتَا بَيْيِ تَمْبَيَابَا,مَکَرَࢽْتَابَيْيِ تَمْيَيَابَا
دࣸوکِيَࢽْسَ أَرَرَبَاتَا    کَڢْ أَبَيْوْ طِيَادَمَاتَا,دࣸوکِيَࢽْسَ أَرَرَبَاتَا کَڢْ أَبَيْوَطِيَادَمَاتَا
وَࢽَّࢽْ بَتَ ذَاݒِ دࣸوࢽِيَابَا,وَࢽَّࢽْ بَتَ ذَاݒِ دࣸوࢽِيَابَا
کࣸࢽْسَࢽْ تَلَکَابَذَيْ دَاوَابَا   إِࢽْ مَّاسࣸواْ عِيکࣸوبَاسࣸواْدَسَلَّڧٜيٰ,کࣸࢽْسَࢽْ تَلَکَابَذَيْ دَاوَبَا  إِࢽْ مَّاسࣸواْ عِيکࣸوبَاسࣸواْدَسَلّڧٜيٰ
دࣸکْ مࣸتَارࣸمࣸسࣸواْ زࣸمࣸࢽْتَا    ڢَيْ دَݒࣸويٜيٰ مࣸبَرْ مࣸغࣸࢽْتَا,دࣸکْ مࣸتَارࣸمࣸسࣸواْزࣸمࣸࢽْتَا  ڢَيْ دَݒࣸواْيٜيٰ مࣸبَرْمࣸغࣸࢽْتَا
دࣸوࢽْ عَدَلْثِي أࣸوَاࢽٜيٰ  غࣸࢽْ مَرَايࣸوْ کࣸوْاْ أࣸبَاࢽٜيٰ,دࣸوࢽْ عَدَلْثِي شِي أࣸوَاࢽٜيٰ غࣸࢽْ مَرَايࣸوْکࣸوْاْأࣸبَاࢽٜيٰ
اَکَاوࣸوعَتِيڧࣸ غِدَࢽْ ࢽَصَرَادَطَوْکَکَا   غَرٜيٰمࣸ تَعَالَى وَࢽْدَ يَيِّ مࣸحَمَّدَا,أَکَاوࣸوعَتِيڧࣸ غِدَࢽْ ࢽَصَرَادَطَوْکَکَا   غَرٜيٰمࣸ تَعَالَى وَࢽْدَيَيِّ مࣸحَمَّدَا
بَاسࣸ سَࢽْيَيٜيٰ هَࢽْکَلِࢽْسࣸ   سࣸوࢽࣸڢِࢽْسࣸ أَبِࢽْ مَذَࢽْسࣸ,بَاسࣸ سَࢽْيَيٜيٰ هَࢽْکَلِࢽْسࣸ سࣸوࢽࣸڢِࢽْسࣸ أَبِࢽْ مَذَࢽْسࣸ
رࣸکِّرْمࣸ تَلکࣸر کوطٜمَکّࣽ يࣸجࣸومِعَمْ جِهَ جَامࣽمَکّࣽ تࣽجَنْفࣸفࣽل حر سڢتتا,رࣸکِّرْمࣸ تَلْکࣸرکࣸوطٜمَکّࣽ يࣸجࣸومِعَمْ جِهَ جَامࣽمَکّࣽࣸ تࣽجَنْفࣸفࣽل حرسڢْتَتَا
کࣸبَرْسࣸࢽْ طَࢽَࢽْ تَاوَاغَأَيْکِي ڢَکࣸجِيَا ؞  سࣸوࣸوشِ دَسَاڢٜي کࣸࢽجِ ذَࢽْثٜيٰ مࣸحَمَّدَا,کࣸبَرْسࣸࢽْ طَࢽَࢽْ تَاوَاغَأَيْکِي ڢَکࣸࢽْجِيَا ؞  سࣸوࣸوشِ دَسَاڢِ کࣸࢽجِ ذَࢽْثٜيٰ مࣸحَمَّدَا
کࣽجَکَّ وَالْخَامِسࣸ جࣽوَبࣽعࣽࢽْ ࡶَلْحَجّࣸ کࣽحَجّࣸ,کࣽجَکَّ وَالْخَامِسࣸ جࣽوَبࣽعࣽࢽْ ࡶَلْحَجّࣸ کࣽتَجّࣸ
دࣸکْ ڢِتَرْتَ دَࢳَِࢽْ وࣸڧَاࢽٜىٰ    مَيْجِرَاکࣸوْاغَاشِ ذَوْࢽٜى,دࣸکْ ڢِتَرْتَ دَࢳَرْوࣸڧَاࢽٜيٰ مَيْجِرَاکࣸوْاْغَاشِ ذَوْࢽٜىٰ
مࣸتࣸوبَ ڢࣸدࣸࢽْ اَللَّهࣸ مࣸودࣸکَ يَࢽْعࣸوَا ؞  أَبَرْيِࢽْ ڢࣸلࣸولࣸ أَکَامَ سࣸࢽَّرْ مࣸحَمَّدَا,مࣸتࣸوبَ ڢࣸدࣸࢽْ اَللَّهْ مࣸودࣸکَ يَࢽْعࣸوَا ؞ أَبَرْيِࢽْ ڢࣸلࣸولࣸ أَکَامَ سࣸࢽَّرْ مࣸحَمَّدَا
وَعَدَمࣸ ࡼلْفࣸدْرَةࣸعٜوَيْدٜوَوْدٜعَلَىَٰ ࡹِسْتِعْمَالِهِ>,وَعَدَمࣸ ࡼلْفࣸدْرَةࣸعٜوَيْدٜوَوْدٜعَلَىٰ ࡹِسْتِعْمَالِهِ>
شِغَاڢَرْتَ اِࢽَّاتَادَبَابَ دَيَࢽْ عࣸوِا    مࣸسࣸلمِ شِبَام غَࢽِࢽْ ڢِيَيَّٜى مࣸحَمَّدَا,شِغَاڢَرْتَ إِࢽَّاتَادَبَابَ دَيَࢽْ عࣸوَا مࣸسࣸلْمِي شِبَامࣸ غَࢽِࢽْ ڢِيَيَّٜيٰ مࣸحَمَّدَا
بَاأَبࣸوتَابَابࣸ ذࣸمࣸࢽْتَکَا   سَيْکࣸوضَرࣸورَتِلَسْ تَاحَطَىٰ,بَاأَبࣸوتَابَابࣸ ذࣸمࣸࢽْتَکَا سَيْکࣸوضَرࣸورَتِيࢽَسْ تَاحَطَىٰ
طوبى لمتبع بلحڡ بفتذيا ؞ فدنال منه الذ> بيغيه مࢽ عمل امل,طوبى لمتبع بلحڡ مفتذيا ؞ فدنال منه الذ> بيغيه مࢽ عصل امل
بَاسࣸ ڟِيرَاوࣸتَاڢَ تَبَّتْ حَڧِڧََا,بَاسࣸ ڟِيرَاوࣸتَاڢَ تَبَّتْ حَڧِيڧََا
بَأسَࢽْ مَࢽࣸڢَرْ أࣸبَࢽْ غِجِيبَا,بَأَسَࢽْ مَࢽࣸڢَرْأࣸبَࢽْ غِجِيبَا
دَيْوَࢽْ جِࢽْڧَࢽْسࣸ بَاڢَطَابَا,دَيَوَࢽْ جِࢽْڧَࢽْسࣸ بَاڢَطَابَا
إࢽْ بَابَيْتِ طَرِى بَکࣸثويْبَا,إِࢽْ بَابَيْتِ طَرِي بَکࣸويْبَا
کَرْکَبِي حَࢽْيَرْةْ بَةَ غَرِي  کࣸواْ کَبِي دࣸوࢽَ بَةَ کَيْ کَغَرِي,کَرْکَبِي حَࢽْيَرْةَ بَةَ غَرِي کࣸواْ کَبِي دࣸوࢽْ بَةَ کَيْ کَڧَرِي
ذَامَࢽِيࢽٜيٰ إِࢽْجِ مࣸجَدِّدِي    بَابࣸ مَيْ تَوْسَࢽْوَࢽِي يَاغَذَا,ذَامَࢽِيࢽٜيٰ إِࢽْجِ مࣸجَدِّدِي بَابࣸ مَيْ تَوْسَࢽْوَࢽِي يَاغَذَا
دَبَارࣸ کࣸسَࢽْ بَاةࣸ طَوْرٜي دَامِي کَايَࢽْ أرَسْ بَاأطࣸورَوَغࣸوْمِي,دَبَارَکࣸسَࢽْ بَاةَ طَوْرٜيٰ دَامِي کَايٜࢽْ أَرَسْ بَاأَطࣸورَوَ غࣸوْمِي
کَࢽْ کࣸوکَࢽَا طَاکِي ذَمَࢽْکَ غِدَاکَکٜيٰ    سَي أࢽْڟَࢽٜيٰکَ مࣸࢽَاڢِکِي غمࣸتَاࢽٜيٰ,کَࢽْ کࣸوکَࢽَاطَاکِي ذَمَࢽْکَ غِدَاکَکٜيٰ  سَيْ أَࢽْڟَࢽٜيٰکَ مࣸࢽَاڢِکِي غَمࣸتَاࢽٜيٰ
تَتْتَلِࢽْسࣸ ذࣸوَابِکِي ࢽٜىٰ     غَاشِ دَىْ شَأࢽِࢽْ تَغَاࢽٜىٰ,تَتْتَلِࢽْسࣸ ذࣸوَابِکِي ࢽٜيٰ غَاشِ دَيْ شَاࢽِࢽْ تَڧَاࢽٜيٰ
بِدِعَاوَامَالَمَࢽْکࣸ    سَىْ سࣸثٜىٰ دَبَݣࣸىْ دَعࣸکّࣸ,بِدِعَاوَامَالَمَࢽْکࣸ سَىْ سࣸثٜىٰ دَبَݣࣸىْ دَعࣸکّࣸ
إࢽْکࣸوکَجٜيٰ مَسࣸ تَࢽْبَيَرْ کࣸوطَࢽْسࣸلٜيٰ   سࣸࢽْ سَࢽْ أَبِࢽْ تࣸوࢽࣸووَجَࢽْسࣸ مࣸتَاࢽٜيٰ,إِࢽْکࣸوکَجٜيٰ مَسࣸ تَࢽْبَيَرْکࣸوطَࢽْسࣸلٜيٰ  سࣸࢽْ سَࢽْ أَبِࢽْ تࣸوࢽࣸووَجَࢽْسࣸ مࣸتَاࢽٜيٰ
کࣸبَرْيِࢽْ ڢَ اَلْعَجَبِي غَأَيْکِࢽْ کࣸ يَࢽْاءࣸوَا ؞  شِيمَاحَدِيشِࢽْ ࢽٜيٰ ࢽَسِيدِ مࣸحَمَّدَا,کࣸبَرْيِࢽْ ڢَ اَلْعَجَبِي غَأَيْکِࢽْ کࣸ يَࢽْدَءࣸوَا ؞  شِيمَاحَدِيثِࢽْ ࢽٜيٰ ࢽَسِيدِ مࣸحَمَّدَا
کࣸکَلاَدَدَبّࣸوبِي دَأَکَ مَلَّکَا مࣸکࣸ ؞  شِيمَاحَدِيشِ ࢽٜيٰ ࢽَأࢽَّبِ أحْمَدَا,کࣸکࣸلَادَدَبّࣸوبِي دَأَکَ مَلَّکَامࣸکࣸ ؞ شِييَاحَدِيشِ ࢽٜيٰ ࢽَأَࢽَّبِ أَحْمَدَا
ڢصل نا البعث والحشر,ڢصل نا البعث والحش
کسࢽڢ ادࢽ تاکٜوت الديࢽ شکٜوتࣸ   دࣸکْ غٜرىمغاللهْ يَرعࣸوَااِࢽجِ احْمَدَا,کࣸسَࢽْڢَ إِدَࢽْ تَاکٜوْتࣸ اَلدِّيࢽْ شِکٜيوْتࣸ   دࣸکْ غَرٜيٰمَ غَاَللَّهْ يَࢽْ عࣸوَاإِࢽْجِ أَحْمَدَا
وبه ࢽستعيࢽ,وبه نتعيࢽ
کࣸوْادࣸعَاعِࢽْ شَيْدَسࣸوࢽَا     مَيْغࣸمَاذَابَاشِ ڧَوࢽَا,کࣸوْادࣸعَاعِࢽْ شَيْدَسࣸوࢽَا   مَيْغࣸمَاذَابَاشِ ڧَوْࢽَا
فالوالذى الکڢراࢽ تحصل له فبلت ؞ فطعارنا غيره تى جى لمتثل,فالوالذ>الکڢراࢽ تحصل له فبلت ؞ فطعاونا غيره تر جى لممتثل
يَاتَاشِ دَغَوْغَاوَايَجِي سِيدِ أَحْمَدࣸ ؞ يَاتَارَ صَحَبَࢽْ ࢽَّسْ لَيْسَ شٜسࣸ ڢَاءدَا,يَاتَاشِ دَغَوْغَاوَايَجِ سِيدِ أَحْمَدࣸ ؞  يَاتَارَ صَڢَبَࢽْ ࢽَّسْ لَسَ شٜسࣸ ڢَاءِدَا
سَيْ ࢽَثٜيٰ مَالَمْ غࣸرࣸوزَا    شِࢽْ إِࢽَاأَکَسَࢽْ مࣸجَازَا,سَيْ ࢽَثٜىٰ مَالَمْ غࣸرࣸوزَا  شِࢽْ إࢽَاأَکَسَࢽْ مࣸجَازَا
کࣸوْمَىْ کَڢَطَابَعَامࣸسَابَا,کࣸوْمَىْ کَڢَطَابَعَامࣸسَابَا
دَکَاثٜي واࢽٜي ࢽَادَرࣸووَاکࣸوَدطَࢽْيِکَ  کࣸوَاطَيِي ࢽَاغَوَࢽْدَبَايَا صَࢽَاعَ,دَکَاثٜيٰ وَاࢽٜيٰ ࢽَادَرࣸووَاکࣸوَطَࢽْࢽِکَ کࣸوَطَيِي ࢽَاغَوَࢽْدَبَايَاصَࢽَاعَ
وَطَࢽْسࣸ کَمَرْبِسَ إِࢽْغَرَمّࣸووَطَࢽْسࣸ کࣸو   غزَاڢِي أَوَاإِسْکَا سࣸذࣸودَمࣸحَمَّدَا,وَطَࢽْسࣸ کَمَرْبِسَ إِࢽْغَرَمّࣸووَطَࢽْسࣸ کࣸو   غَزَاڢِي أَوَاإِسْکَاسࣸذࣸودَمࣸحَمَّدَا
کَࢽࣸڢٜيٰمࣸ بَمَايِي کࣸسکࣸرٜيٰبَا,کَࢽࣸڢٜيٰمࣸ بَمَايِي کࣸسْکࣸرٜيٰبَا
حلى الشهاب لنا ذاڢى فواعده ؞ اذاجاء ڢى الذکرنصاغيرمحتمل,حلى الشهاب لناذاڢى فواعده ؞ اذجاء ڢى الذکرنصاغيرمحتمل
ڢصل نا ثبوت النسم,ڢصل نا ثبوت اللسم
بَأَسࣸواْذَاڢِࢽْوَ يَيْ يَوَابَا,بَأَسࣸواْذَاڢِࢽْسَ يَيْ يَوَابَا
ٜإࢽْذَاکَ کَذَࢽْثٜي کࣸووَࢽٜي يَتَڢَکࣸرِي  کَا سَࢽْ حَلِࢽْ شَيْطَࢽْ دَثِوْ تَرْ ࢳࢽْ عࣸوَا,إِࢽْذَاکَذَࢽْثٜيٰ کࣸووَࢽٜيٰ يَتَڢَکࣸرِي   کَاسَࢽْ حَلِࢽْ شَيْطَࢽْ دَثِوْتَرْࢳࢽْ عࣸوَا
٣١ سَرّࣸمَي ڢࣸسْکَادَهَيْبَا  أَࢽْبَتࣽوࢽْکَ دَشِي ࢽَسَابَا,٣١سَࢽّࣸ مَىْ ڢࣸسْکَادَهَيْبَا   أَࢽْبَتࣸوࢽْکَ دَشِى ࢽَسَابَا
النعم,ڢلنعم
ذࣸࢽࣸبِى ࢽٜىٰ بَاْأبَرْمࣸسࣸوبَا,ذࣸࢽࣸبِى ࢽٜيٰ بَاأَبِࢽْ مࣸسࣸوبَا
أََبِࢽْ دَذَاأَيِ جِيبِ ࢽَاجِيَا     أَڧࣸࢽْتَتَاشِ يَکࣸومࣸوڧَࢽْڧࢽٜيٰ,أَبِࢽْ دَذَاأَيِي جِيبِ ࢽَاجِيَا  أَڧࣸࢽْتَتَاشِ يَکࣸومࣸوڧَࢽْڧَࢽٜيٰ
ڧَرْشٜى سَيْ عَدِࢽغَ ثٜمَرْبَرَاوࣸو    سࣸوࢽَاࢽٜي ࢽࣸوَࢽْدَبَايَاصَࢽَاعَ,ڧَرْشٜيٰ سَيْ عَدِࢽْغَ ثٜيمَرْبَرَاوࣸو  سࣸوࢽَاࢽٜيٰ ࢽَوَࢽْدَبَايَدصَࢽَاعَ
يَوْبَازَمْ بَادَکࣸوکࣸواْبࣸوابَا,يَوْبَازَمْ بَادَکࣸوکࣸوْاْبࣸواْبَا
سَيْدَيَذَّکَ ࢽࣸوࢽَ تࣸرْبَا    کࣸوْادࣸهࣸوبَىْ وَࢽْ ڟَکٜىٰبَا,سَيْدَيَذَّکَ ࢽࣸوࢽَ تࣸرْبَا کࣸواْدࣸهࣸوبَيْ وَرْڟَکٜيٰبَا
أَيْتَ دࣸومِࢽْ کࣸوڧِيَامَا    سَيْ أَمَيْ سࣸتࣸرَادَڟࣸمَّا,أَيْتَ دࣸومِࢽْ کࣸوڧِيَامَا سَيْ أَمَيْ سࣸتࣸرَادَڟࣸمَّا
مَيْصَࢽَاعَابَرْيِࢽْ اَلْغࣸشࣸواْ  مَالَمْ ࢽَڢَاڢَوْا يَثٜيٰ أَغَيَامࣸکࣸو,مَيْصَࢽَاعَابَرْيِࢽْ أَلْغࣸشࣸواْ  مَالَمْ ࢽَڢَاڢَوْاْيَثٜيٰ أَغَيَامَکࣸو
إِࢽْ مَّثٜيٰ تَابِ مِجِࢽْتَ دَغَسْکٜيٰ   تَيْ حَڧࣸرِي تَڟَيَا طَاکِࢽْتَا,إِࢽْ مَّثٜيٰ تَابِ مِجِࢽْتَ دَغَسْکٜيٰ  ࢽَيْ حَڧࣸرِي تَطَيَاطَاکِࢽْتَا
يَادَࢽْ دَࢽْ غَࢽْثِ کَاکَࢽْسَ أَوࣸرِي دَبَࢽْ دَبَࢽْ ؞ کࣸسَوْرَارِوَاڧَاتَا تَسࣸࢽَّرْ مࣸحَمَّدَا,يَادَࢽْ غَࢽْثِ کَاکَࢽْسَࢽْ أَوࣸرِي دَبَࢽْ دَبَࢽْ ؞ کࣸسَوْرَاروَاڧَاتَا تَسࣸࢽَّرْ مࣸحَمَّدَا
طࣸلࣸوعِ اِلشَّمْسِ تَࢽَاتَڢٜيٰ  رَاࢽَاتَڢࣸودࣸ يْمَّا تَوࣸو غَبَسْ,ڟࣸلࣸوعِ اِلشَّمْسِ تَࢽَاتَڢٜيٰ رَاࢽَاتَڢࣸودࣸواْ يَمَّاتَوࣸوغَبَسْ
ذَمَادَي رࣸوࢽَ دَࢽْکَيْ ࢽࣸجَسَ  بِسَ وَࢽْکَ دࣸودَا  ࢽَمِييِࢽْ زِࢽَا,ذَمَادَي رࣸوَࢽَ دَکࣸوࢽْکَࢽْ ࢽࣸجَسَ  بِسࢽْ وࢽْکَ دَوْدَاَمِييِࢽْ زِࢽَا
مَيْدࣸکِيَا يَڟَࢽْࢽْتَا أَدࣸوࢽِيَا    بَابࣸ عِࢽْدَيَکَاسَاکَيْࢽَسَا,مَيْدࣸوثِيَايَڟَࢽْࢽْتَ أَدࣸوࢽِيَا  بَابࣸ عِࢽْدَيَکَاسَاکَيْࢽَسَا
بَابࣸ شِࢽْغِࢽْ کَيْدَکَاوࣸوْاْ   بَاتَ تَارَرْسَيْدَ ثِيوࣸواْ,بَابࣸ شِࢽْڧِࢽْ کَيْدَکَاوࣸوْاْ  بَاتَ تَارَرْسَيْدَثِيوࣸواْ
بَاشِ إکࣸوࢽْ مَيدَزَࢽْثٜىٰ أࢽْرِغَاأࢽْکَرْىَ هَرْثٜىٰ,بَاشِ إِࢽْکࣸوࢽْ مَيْدَزَࢽْثٜيٰ أَࢽْرِغَاأَࢽْکَرْيَ هَرْثٜىٰ
طَايَڢَاطِ أَذࣸواْأطَوْکَا    سَىْ أࣸوَاتَبِ أيْتَ بَرْکَا,طَايَڢَاطِ أَذࣸواْأَطَوْکَا سَيْ أࣸوَاتَبِ أَيْتَ بَرْکَا
مࣸومِࢽِي مَيْ سࣸࢽْ شِڟِيرَا    شِکَطَيْ کَکࣸلَادَغَٜرَا,مࣸومِࢽِي مَيْ سࣸࢽْ شِڟِيرَا شِکَطَيْ کَکࣸلَادَغَٜارَا
کَيْ کࣸمَا غَاشِ کَࢽَاجِࢽْ کࣸࢽْيَا  غَاشَرِعَاکَذَڧٜيٰ کَکَشٜيٰتَا,کَࢽْ کࣸمَاغَاشِ کَࢽَاجِࢽْ کࣸࢽْيَا  غَاشَرِعَاکَذَڧٜيٰ کَکَشٜيٰتَا
وَࢽْدکٜيٰدَ أࣸوَاأَزَوْࢽٜيٰ   کࣸواْ أࣸبَاࢽَسَ إِࢽ يَغَاࢽٜيٰ,وَࢽْدَکٜيٰدَأࣸوَاأَزَوْࢽٜيٰ کࣸواْأࣸبَاࢽَسَ إِࢽْ يَغَاࢽٜيٰ
بَکࣸ بَرْڧَارَا کࣸࢽَاکِرَابَا,بَکࣸ بَرْڧَارَاکࣸࢽَاکِرَابَا
سَࢽّࣸ مَىْ صِڢَّا ثِکَکّٜىٰ    مَاغَࢽِࢽْکَ ࢽَشَاࢽَوَرْکٜىٰ,سَࢽّࣸ مَيْ صِڢَّاثِکَکٜيٰ  مَاغَࢽِࢽْکَ ࢽَشَاࢽَوَرْکٜىٰ
مَادَيَرْأَجِيَرْوࢽِࢽْشِ إࢽْ يَکَاسَ ڢَطَاسࣸبَرشِ,مَادَيَرْأَجِيَرْوَࢽِࢽْشِ إِࢽْ يَکَاسَ ڢَطَاسࣸبَرْشِ
وَابَ إࢽْ يَجِ مَاسࣸڧࣸواْسَ    سَىْ شِوَايِي غَرِي سࣸغَيْسَ,وَابَ إِࢽْ يَجِ مَاسࣸڧࣸواْسَ  سَىْ شِوَايِي غَرِي سࣸغَيْسَ
شِي بَيْ تَݒَٜ سَاݒَٜ أَلْکَوَرْبَا,شِى بَيْ تَݒَٜ سَابَ ألْکَوَرْبَا
بِسْمِ لْإِلَهِ وَاڧَاࢽَيْࢽࣸڢِي    اَللَّهࣸ تَعَٰليٰ يَبَࢽْ بࣸوطِي ࢽَتَا,بِسْمِ لإِللَهِ وَاڧَاࢽَيتࣸڢِي   اِللَّهْ تَعَلىٰ يَبَࢽْ بࣸوطِي ࢽَتَا
زَارِيَا,زَارِيَ
عَࢽِ ࡽلْڢَحْسَاءِعٜبࣽنْطࣶ وَالْمࣸنْکَرِعٜکࣽعَذًاࡶَلَمْ,عَࢽِ ࡽلْڢَحْسَاءِعٜبࣽنْطࣶ وَالْمࣸنْکَرِ عٜکࣽعَذَاࡶَلَمْ
دَوࣸشِرْيَابَا تَڢَمْڢَرَابَا,دَوࣸشِرْيَابَاتَڢَمْڢَرَابَا
إِࢽَ بَادَطَيَࢽْسࣸ تَىْ رِڧࣸواْبَا,إِࢽْ بَادَطَيَࢽْسࣸ تَيْ رِڧࣸواْبَا
مَثٜيٰ إِࢽ تَࢽَاأَوْرٜيٰ تَࢽَادَدَرَجَّا   سَࢽَّࢽْوࣸرِࢽْ اِللَّهْ دَلاَدَࢽْ أَوْرٜيٰ,مَثٜيٰ إِࢽْ تَࢽَاأَوْرٜيٰ تَࢽَادَدَرَجَّا  سَࢽَّࢽْ وࣸرِࢽْ اللَّهْ دَلَادَࢽْ أَوْرٜيٰ
وَمِࢽْهࣸ حَدِيثࣸ عࣸمَرْرَضِيَ اللَّهࣸ عࢽْهࣸ الࢽِّسَاءࣸ ثَلَاثَةࣸࣸ ڢࣸهَيْࢽَةࣸࣸ,وَمِࢽْهࣸ حَدِيثࣸ عࣸمَرْرَضِى اللَّهࣸ عَࢽْهࣸ اَلࢽِّسَاءࣸ ثَلاَةࣸ ڢࣸهَيَْةࣸ
دَغَ ࢽَࢽْ سࣸکٜى بَاأَبِࢽْ مࣸسࣸوبَا,دَغَ ࢽَࢽْ سࣸکٜىٰ بَاأَبِࢽْ مࣸسࣸوبَا
طَوْکَرْعَذَارَدَسَارَࢽْ غࣸࢽْغࣸلَا   بَاکَابَاوَادَکَࢽْکَاکَطٜيٰ ذࣸوَا,طَوْکَرْعَذَارَدَسَارَࢽْ غࣸࢽْغࣸلَا  بَاکَابَاوَادَکَࢽْکَاکَکٜيٰ ذࣸوَا
الکى التى سجَࢽ وزذکى الاسى يفول يالطڡ ڢى ما يتى مرة,الک العت سجࢽ وفکى الالسى يفول يالطبڡ الطڡلى مايت مرة
مالکي,مالکي
بأسࣸوْا أَيِ بَاسَاکيٜيٰبَا,بَأَسࣸوْاأَيِ بَادَسَاکَيٜيٰبَا
کَىْ بَکَاتࣸوْازَرْتَ لَاحِرَابَا,کَيْ بَکَاتࣸواْزَرْتَلَڢِرَابَا
بَاࢳَرْسَيْوَادَسَسَّڧٜىٰ بَا,بَاࢳَرْسَيْوَادَسَسَّڧٜىٰ بَا
دَمَيْتِلَاوَاکࣸوتَاحِزِبْ طَيَا     يَذࣸواْيَمَࢽْتَايَاوَاکَىْ ࢽَسَىٰ,دَمَيْتِلَاوَاکࣸوتَاحِزِبْ طَيَا   يَذࣸواْيَمَࢽْتَايَاوَاکَيْ ࢽَسَىٰ
کࣸجٰٜکࣸ جَهَادِࢽَࢽْ غَخَرْتࣸمْ کࣸڢَلْمࣸسࣸ ؞ کࣸکَرْکَشٜيٰ کَاڢِرَيْ مَڧِيَࢽْ مࣸحَمَّدَا,کࣸجٰٜکࣸ ڢَهَادِࢽَࢽْ غَخَرْتّࣸمْ کࣸڢَلْمࣸسࣸ ؞ کࣸکَرْکَشٜي کَاڢِرَيْ مَڧِيَࢽْ مࣸحَمَّدَا
طَࢽْ غَرْغࣸ کَࢽࣸو دَرْمَا,طَࢽْ غࣸرْغࣸ کَࢽࣸودَرْمَا
بل الڢسادکمافدفال خالغنا ؞ ولا ڢساد على شيء بمشتمل,بل الڢسادکافدفال خالفنا ؞ ولا ڢسادعلى شيء بمشتمل
مَثٜيٰ تَࢽَاشِرْيَاوَمِجِࢽْتَ ڧَرْيَا    دَࢽْ يَبَرِي تَجِ دَاطِࢽْ ثِوْتَا,مَثٜيٰ تَࢽَاشِرَيَاوَمِجِࢽْتَ ڧَرْيَا  دَࢽْ يَبَرِي تَجِ دَاطِࢽْ ثِوْتَا
لَيْ ڢِࢽْةَطَيْ دَمَࢽٜي مِي ࢽَتَا  کࣸوْاوَّايَثٜي غَڢِيَا ࢽَادَ سَاتَا,لَيْ ڢِࢽْةَ طَࢽْ دَعَࢽٜيٰ مِي ࢽَتَا کࣸوْاوَّايَثٜي غَڢِيَاࢽَادَسَاتَا
سَࢽْدَأَࢽْڧَارٜيٰ هَطَاشِ   غࣸࢽْ تࣸڢَاڢِي أَࢽْ ࢽَطٜيٰشِ,سَࢽْدَأَࢽْڧَارٜيٰ هَطَاشِ  غࣸࢽْ تࣸڢَاڢِي أَࢽْ ࢽَطٜيٰشِ
وَالصَّلاَةࣸجࣸولࣸدٜعَلَىٰ رَسࣸولِ ࡽللَّهِ عٜنࣸلَاطࣸ ألَّ,وَالصَّلاَةࣸجࣸولࣸدٜعَلَىٰ رَسࣸولِ ࡽللَّهِ عٜنࣸلَاَطࣸ ٔلَّ
اࢽتذو,اࢽتذو
بَتَ سَࢽْ ذَمَࢽِࢽْ دَذَىْ تࣸڧٜىٰبَا,بَتَ سَࢽْ ذَمِࢽِࢽْ دَذَيْ تࣸڧٜيٰبَا
غَرْغَطِي شِي بَاشِ ڧَارٜيٰ    وَادَجٜي سَيْدَيْ أَدَوْرٜيٰ,غَرْغَطِي شِي بَاشِ ڧَارٜيٰ  وَادَجِي سَيْدَيْ أَدَوْرٜيٰ
غَرْغَطِي,غرْغَطِي
لࣸوکَثِࢽَّࢽْ ࢽَثِࢽْغَرِي بَاطَ ظࣸلْمࣸ   بَابࣸ کٜيٰوࣸوحَڧِيڧَةََ ࢽَࢽْ غَرٜيٰمࣸ,لࣸوکَثِࢽَّࢽْ ࢽَثِࢽْغَرِي بَاطَ ظࣸلْمࣸ   بَابࣸ کٜيٰوࣸوحَڧِيڧَةَ ࢽَࢽْ غَرٜيمࣸ
بَاتَ ڧَارَغَࢽِࢽْ عَلَامَ    رَايࣸوَاسَيْ إࢽْ بَشِيْمَا,بَاتَ ڢَارَغَࢽِࢽْ عَلَامَا   رَايࣸوَاسَيْ إࢽْ بَشِيمَا
٤٩ يَاکࣸسَࢽْثِ غَدࣸوࢽْ سَرَوتَ  جࢽ کِرَࢽسَ شِࢽَابَوَيْيَّا,٤٩يَاکࣸسَࢽْثِ غَدࣸوࢽْ سَرَوْتَ   جِࢽْ کِرَࢽْسَ شِࢽَابَوَيْتَا
ڧࣸطَبَࢽْ تَعَلَىٰ مَاغࣸدَاحࣸطࣸ سࣸࢽْ تَهࣸوا ؞ سࣸتَيْ مَکَ اَلدِّيࢽِ غَبَࢽْ دٜࢽ مࣸحَمَّدَا,ڧࣸطَࢽَࢽْ تَعَلَࢽْ مَاغࣸدَاحࣸطࣸ سࣸࢽْ تَهࣸوا ؞ سࣸتَيْ مَکَ اَلدِّيࢽْ غَبَرْ دٜࢽْ مࣸحَمَّدَا
إِمْبَاشِڢِتࣸوْادَڧَدَّرَابَا,إِمْبَاشِڢِتࣸوادَڧَدَّرَابَا
تࣸومَيْغِدَاأَشِرْيَاأَمَاࢽَ اڢَ غَاتَࢽَࢽْ ؞  أَمَاࢽَ تَسَرْکي جَلَّ إِࢽجِ مࣸحَمَّدَا,تࣸومَيْغِدَاأَشِرْيَاأَمَارَاڢَ غَاࢽَࢽَرْ ؞ أَمَارَ تَسَرْکِي جَلَّ إِࢽْجِ مࣸحَمَّدَا
شِثٜيٰمَسَ رࣸوڧِ أّبَاکَ کࣸومِي دَکَبِّطَا   أࢽَابَاکَشِي يَاکَيْ مَسࣸويِي مࣸحَمَّدَا,شِثٜيٰمَسَ رࣸوڧِ أَبَاکَ کࣸومِي دَکَبِّطَا  أࢽَابَاکَشِي يَاکَيْ مَسࣸويِي مࣸحَمَّدَا
دَبَزَيْ کࣸࢽْيَاأَلَاخِرَابَا,دَبَزَيْ کࣸࢽْيَاأَلَاخِرَابَا
ذࣸوثِيَاسَرْکِࢽْ جِکِي ࢽٜيٰ   ظَاهِرِي کࣸوْاْوَايَغَاࢽٜيٰ,ذࣸوثِيَاسَرْکِࢽْ جِکِي ࢽٜيٰ ظَاهِرِي کࣸوْاْوَايَغَاࢽٜيٰ
دࣸومَيْسَࢽْ سࣸکࣸو عَشٜي وَاجِبِيࢽٜي  يَايِي کࣸويِي دَسࣸومࣸتِࢽْ يَيِي صَࢽَاعَ,دࣸومَيْسَࢽْ سࣸکࣸوعَشٜيٰ وَاجِبِيࢽٜي  يَيِي کࣸويِي دَسࣸومࣸتِࢽْ يَيِى صَࢽَاعَ
تَکَࢽْ مَيْدَ أَتَاجِرِ طَࢽْ ڢَرَوةَ  تَکَࢽْ کَشٜي أَوْرٜي دَغَلْمَاتَةَ,تَکَࢽْ مَيْدَأَتَاجِرِي طَࢽْ ڢَرَوْةَ  تَکَࢽْ کَشٜيٰ أَوْرٜيٰ دَغَلْمَاتَةَ
ڢَلَيْسَ بࣸحْمَى الَّذِ>أَوْلاَمࢽنِّعَمِ اَجَلّࣸهَانِعْمَةࣸاِلاّيماَࢽ بالْرࣸسࣸلِ,ڢَلَيسَ يࣸحْمَى لّذِ>أَوْلاهࣸ مࢽْ نِعِمِاَجَلّࣸهَانِعَمَةࣸاِلاّيمَاࢽِ بالرسࣸلِ
إِࢽْ مࣸوکَرَبࣸو بَکࣸوارَسَابَا,إِࢽْ مࣸوکَرَبࣸوْبَکࣸوْاْرَسَابَا
بَاتَ ࢽࣸڢِࢽْ ۼٜيٰرا سَيْ ݒَرْࢽَا   سَيْ دࣸکْ سَاڢٜيٰ تَثࣸوثِ مِجِࢽْتَا,بَاتَ ࢽࣸڢِࢽْ ۼٜيٰرَيٰ سَيْ بَرْࢽَا سَيْ دࣸکْ سَاڢٜيٰ تَثࣸوثِ جِࢽْتَا
ولتصلح الذ> تلفيه ذاخلل ؞ بنيت الخير الاصلا ح للخلل,ولتصلحࢽ الذ> تلفيه ذاخلل ؞ بنيت الخيراللا صلاح للخلل
أَيْ بَکَاذَوْࢽَادَڢِرْغِتَابَا,أَيْ بَکَاذَوْࢽَادَڢِرْغِتَابَا
وَࢽْدَدࣸࢽْ ذَاڢِࢽْ بَخِلْثِي  سࣸࢽوِ زَکَّادࣸࢽْ بࣸتࣸلْثِي,وَࢽْدَدࣸࢽْ ذَاڢِࢽْ بَخِلْثِي  سࣸࢽْڧِ زَکَّادࣸࢽْ بࣸتࣸلْثِي
تَاثِکِࢽْ لَيڢِى غَخَوڢِى هَرْدَمَا زَغِࢽْ شَرِيْڢِى,تَاثِکِࢽْ لَيْڢِي غَخَوْڢِي هَرْدَمَازَاغِࢽْ شَرِيڢِي
مَيْرࣸوڧࣸوࢽْ طَرِي غࣸࢽْ وَࢽِࢽْسَا  غَارَکَدَيْࢽَيِي کَجٜي کَيْ صَࢽْاعَ,مَيْرࣸوڧࣸوࢽْ طَرِي کࣸوَبࣸوغࣸࢽْ وَࢽِࢽْسَا  غَارَکَدَيْࢽَيِي کَجٜي کَيْ صَࢽَاعَ
سࣸࢽْ وَحَلْتَ دَڧࣸرْثِيَرْکَ    تࣸࢽْ کَࢽَاثِکِ سࣸࢽْ رِڧٜىٰکَ,سࣸࢽْ وَحَلْتَ دَڧࣸرْثِيَرْکَ  تࣸࢽْ کَࢽَاثِکِ سࣸࢽْ رِڧٜيٰکَ
مَغَࢽَرْسࣸ بَسࣸىْ مࣸوَاڢَڧَابَا,سَغَتَرْسࣸ بَسَّيْ سࣸوَاڢَڧَابَا
ڢِى صِڢَاتِهِ>عٜصِڢاجِ مَکّࣽ وَوَاحِدࣻکࣽ فࣽطࣽ,ڢِى صِڢَاتِهِ>عٜصِڢَاجِ مَکّࣽ وَوَاحِدࣸکࣽعࣽ فࣽوطࣽ
مَالَمْ يَثيٰٜ ڧَبَرِࢽْ مࣸومِࢽَيْ  إِࢽْ يَرِبْذَأَيْࢽَاسَاأَي ڢَرِي,مَالَمْ يَثٜيٰ ڧَبَرِࢽْ مࣸومِࢽَيْ  إِࢽْ يَرِبْذَأَيْࢽَاسَاأَيْ ڢَرِي
سَيْ دَيْ تْکَيْکَ ثِکِࢽْ حَطَرِي أمَيْشٜکَ وَاوَا کَࢽْ غَرَرِي,سَيْ دَيْ تَکَيْکَ ثِکِࢽْ حَطَرِي  أَمَيْ شٜيٰکَ وَاوَاکَࢽْ غَرَرِي
ومثلهم کل ذ > شىک واࢽ نسبوا ؞ للديࢽ انڢسهم کڢى ولا تفل,ومثلهم کل ذي شر ک واࢽ نسبوا ؞ للديࢽ انڢسهم کڢر ولا تفل
وَسَلَمْ أَࢽَࢽْ ࢽٜيٰ وَغَ وَاڧَاتَاڟَيَا بِسَ کَࢽْبَيَاࢽِيࢽَادَࢽِيدَمࣸتَاࢽٜيٰ,وَسَلَمْ أَࢽَࢽْ ࢽٜيٰ وَغَوَاڧَاتَاڟَيَا   بِسَ کَࢽْبَيَاࢽِيࢽَادَࢽِيدَمࣸتَاࢽٜيٰ
مࣸواْڟِي بَيْڧَارَاسَامࣸوَابَا,مࣸوْاْڟِي بَيْڧَارَسَامࣸوَابَا
کࣸسَࢽْ کࣸمَ بَابࣸ ذَاغِ غَرٰٜسࣸࢽ يَرٜيٰ بࣸغࣸوا ؞ وَطَࢽَّࢽْ حَرَامࣸ ࢽٜڢَ إِࢽْجِ مࣸحَمَّدَا,کࣸسَࢽْ کࣸمَ بَابࣸ ذَاغِ غَرٜيٰسࣸ بَرٜي بࣸغࣸوا ؞  وَطَࢽَّࢽْ حَرَامࣸ ࢽٜڢَ إِࢽْجِ مࣸحَمَّدَا
شَيَخࣸ ࢽَايَڢَّ وَاڧٜيٰ وَاڧَاتَأصَلِي  ࢽَاࢽَ حَوسَࢽثٜيٰ تَڢَّ عَيْشٜتَ بَدَلِييٰ,شَيْخࣸ ࢽَايَڢَّ وَاڧٜيٰ وَاڧَاتَأصَلِي   ࢽَاࢽَ حَوْسَࢽْثٜيٰ تَڢَّ مَيْشٜيٰتَ بَدَلِي
شِيکَ مࣸتࣸوَا دَجَهْلࣸ تَبَّتْ حَڧِيڧَا,شِيکَ مࣸتࣸوَادَجَهْلࣸ تَبَّتْ حَڧِيڧَا
صَلَاتِࢽْکَ يَاللَّهࣸ ثِکَاشِ غَأحْمَدࣸ ؞ دَءالِ دَمَحَبَࢽْسَ دَمَبِيَا مࣸحَمَّدَا,صَلَاتِࢽْدَ يَاَللَّهࣸ ثِکَاشِ غَأَحْمَدࣸ ؞  دَءَاَلِ دَمَحَبَࢽْسَ دَمَبِيَامࣸحَمَّدَا
بَأکَࢽْغَ وَرَࢽْدَذَاحَيٜىٰبَا,بَأَکَࢽْغࣸ وَرِࢽْدَذَاتَيٜيٰبَا
کࣸووَّرْوࣸلَاکَࢽْ تَرْدَأَوْرٜيٰ دࣸࢽِيَا   يَاحَوکثٜيٰ وَࢽَّاأَجَاشِ أَوْطَوْرٜيٰ,کࣸووَّرْوࣸلَاکَࢽْ تَرْدَأَورٜيٰ دࣸوࢽِيَا   يَاحَوْکَثٜيٰ وَࢽَاأَڢَاشِ أَحَوْرٜيٰ
مࢽ غيسو البرکثࢽک مکٰبدا  مرࢽا مکي مࢽ مرحبا د زوࢽکا,مࢽ غيسوالبرکثࢽک مکبدا   مرࢽامکي  مࢽ مرحبادزوࢽکا
دࣸࢽْ غࣸدࣸࢽْ مࣸتࣸوَاسࣸبَوْتَا    مَاغࣸمࣸکَّاسࣸࢽْ مࣸغࣸࢽْتَا,دࣸࢽْ غࣸدࣸࢽْ مࣸتࣸوَاسࣸبَوْتَا  مَاغࣸمࣸکَّاسࣸࢽْ مࣸغࣸࢽْتَا
تࣸومَڧࣸبْتَادࣸکْ کࣸکِوْتَامَ جٜٜࣸوࢽَࢽْکࣸ ؞  کࣸبَرْ سࣸ کࣸيِوࣸ ثࣸوتَا حَدِيشِ مࣸحَمَّدَا,تࣸومَڧࣸبْتَادࣸکْ کࣸکِوْتَامَ جࣸورَࢽْکࣸ ؞ کࣸبَرْسࣸ کࣸيِوࣸثࣸوتَاحَدِيشِ مࣸحَمَّدَا
أَࢽْيِ ڢࣸورࣸࢽْتَ بَابࣸ کٜيٰوࣸوتَبَرْشِي   حَکَࢽَامَثّٜيٰ مَيْڢَ کࣸرْثٜيٰࢽْ کِيࣸوشِي,أَࢽْيِ ڢࣸورࣸࢽْتَ بَابࣸ کٜيٰوࣸوتَبَرْشِي   حَکَࢽَامَثٜيٰ مَيْڢَ کࣸرثٜيٰࢽْ کِيࣸوشِي
لانحاالاصل ت اصل الحياةالى ؞ اࢽ يبلغ الطࢽ امنا منتلعى الاجل,لا نماالاصل تاصل الجياة الى ؞ اࢽ يلغ الرامنا منتلعى الاجل
دَمَيْ رࣸڧَࢽْ کَذَاثَمْڢِي کࣸمَا  کࣸومَي مَڧٜيٰرَاتَکَارٜيٰ کَيْࢽَسَا,دَمَيْ رࣸڧࣸࢽْ کَاذَاثَࢽْڢِي کࣸمَا کࣸومَيْ مَڧٜيٰرَاتَکَارٜيٰ کَيْࢽَسَا
کِطَࢽْ کَارࣸوَيْ بَابࣸ تَࢽْکَرْ يَغࣸوغٜي,کِطَࢽْ کَارࣸوَيْ بَابࣸ تَࢽْکَرْيَڧࣸوغٜي
لوادرک الفوم کنحاڢى حفابغها ؞ ماطال بحثم بالعڢل والجدل,لوادرک الفوم کنماڢى حفابغها ؞ ماطال بحثهم بالعفل والجدل
اماالحى وڡ ڢکالاصوات محدثت ؞ لوحلها فدم دامت ولم تحل,اماالحى وڡ ڢکالاصوات محدثت ؞ لوحلهافدم دامت ولم تحل
ڢهوالموڢڡ علل عمال يخلفها ؞ لمࢽ يشاء عࢽ التخصيص لاتسل,ڢهوالموڢڡ علا عمال يخلفها ؞ لمࢽ يشاءعࢽ التصيص لاتسل
٤٨ شِى يَثىٰ مَکَ مَرْحَبََابَا  مَسࣸواْ يِي وَࢽْدَشِرْيَا,٤٩ شِى يَثٜىٰ مَکَ مَرْحَبَايَا   مَسࣸوْايِي وَࢽْدَشِرْيَا
ذَامَࢽِࢽْ رِکْثٜيوَرْ دࣸوࢽِيَا   إِࢽْ يَّاکࣸسَاتࣸوکࣸووَيَاشِࢽَا,ذَامَࢽِࢽْ رِکْثٜيٰوَرْ دࣸوࢽِيَا  إِࢽْ يَّاکࣸسَاتࣸوکࣸووَايَاشِࢽَا
ش وطها جمعة ڢى الکتب فدبسطت ؞ مࢽ نا لهاکلما حفا لهاينل,ش وطهاجمعة ڢى الکتب فدسطت ؞ مࢽ نالهاکلما حفالهاينل
من ذاالذ>لض وباالخلڡ يعلمها ؞ على التڢاصيل ت علوومنسڢل,مࢽ ذاالذ> لض وبالخلڡ يعلمها ؞ على التڢاصيل ت علوومنسڢل
يٜيسࣽفࣽࢽْ مَسْحࣸ الْيَدَيْࢽِ عٜمَسْکࣸدٜجࣸوطٜطٜࢽْ,يِيسࣸفࣽࢽْ وَمَسْحࣸ ࡼلْيَدَيْࢽِ عٜمَسْکࣸدٜجࣸوطٜطٜࢽْ
کࣸواْحَلِي ࢽَسَ مَادَبَࢽْࢽّٜىٰ    يَاڢِ دَࢽْغَࢽْتَادَأرْࢽٜىٰ,کࣸواْحَلِي ࢽَسَ مَادَبَࢽْࢽّٜيٰ يَاڢِ دَࢽْغَࢽْتَادَأَرْࢽٜىٰ
کࣸوْاْبَادَغَمِࢽْ بَڧِࢽْ ثِکِيبَا,کࣸوْاْبَادَغَمِࢽْ بَڧِࢽْ ثِکِيبَا
مَيْ جِکِي دࣸومِࢽْ شِ ڧَيَاڢٜيٰ   شِي دَڟࣸمَّازَاأَشَاڢٜيٰ,مَيْ جِکِي دࣸومِࢽْ شِ ڧَيَاڢٜيٰ  شِي دَڟࣸمَّازَاأَشَاڢٜيٰ
مَيْکَىْ دَکَاوࣸرڟَکَاࢽِࢽْ يَࢽْعࣸوَا    يَغَمَاسࣸوغَبَاشِمَابَايَشَا,مَيْکَيْ دَکَاوࣸرڟَکَاࢽِࢽْ يَࢽْعࣸوَا   يَغَمَاسࣸوغَابَاشِيمَابَايَشَا
أَبَتࣸࢽْ دَمࣸࢽْکَيِي سَيْ ࢽَغَاࢽٜيٰ کَاجِبَا   بَامَيْ غࣸࢽِࢽْتَا غࢽْسࣸ کَاجِِ مࣸتَاࢽٜيٰ,أَبَتࣸࢽْ دَمࣸࢽْکَيِي سَيْ ࢽَڧَاࢽٜيٰ کَاجِبَا  بَامَيْ غࣸࢽِࢽْتَاغࣸࢽْسࣸ کَاجِ مࣸتَاࢽٜيٰ
ذࣸوثِيَاتَا ࢽَاتَ خَوْڢِي   مَيْ غَࢽِࢽْ ڟَادَرْ تࣸڢَاڢِي,ذࣸوثِيَاتَاࢽَاتَ خَوْڢِي  مَيْ غَࢽِࢽْ ڟَادَرْتࣸڢَاڢِي
دَاَللَّهࣸ يَيْ وࣸوسَاڢِيَاسَيْ يَثٜيٰ دَسࣸو ؞ جَمَع کࣸوࣸو هِمَّرْ جِهَادِ ࢽَأَحْمَدَا,دَاَللَّهࣸ يَيْ وࣸوسَاڢَيَاسَيْ يَثٜيٰ دَسࣸو ؞ جَمَعَ کࣸوࣸوهِمَّرْ جَهَادِ ࢽَأَحْمَدَا
بَاجِدَالِي کࣸوْاْمࣸوسࣸ  هَࢽْکَلِࢽْکَاشِذَࢽْ غَرٜيٰسࣸ,بَاجِدَالِي کࣸوْاْکࣸوْاسࣸوسࣸ هَࢽْکَࢽِࢽْکَ شِذَࢽْ غَرٜيٰسࣸ
ڢَدࣸومِࢽْ دَرَجَّرْ الشَيْخࣸ عࣸثمَاࢽࣸ ڢࣸودࣸيٜ   دَيَسَّامِ ڟَاࢽِي ࢽَࢽْ غَرٜيٰسࣸ دَاَحْمَدَا,ڢَدࣸومِࢽْ دَرَجَّرَا شَيْخࣸ عࣸثْمَاࢽࣸ ڢࣸودࣸي   دَيَسَّامِ ڟَاࢽِي ࢽَࢽْ غَرٜيٰسࣸ دَاَحْمَدَا
وَالرّࣸکࣸوعࣸ عٜرࣸکࣸوعࣸ عٜبَنْتࣸدٜ مِنْهࣸ عٜمَکّࣽ وَالسّࣸجࣸودࣸ,وَالرّࣸکࣸوعࣸ عٜرࣸکࣽوعࣸ عٜبَنْتࣸدَمِنْهࣸ عٜمَکّࣽ وَالسّࣸجࣸوَدࣸ
لاࢽ اڢغاله ليست معالة ؞ عندالايمت باى سباب والعال,لاࢽ اڢعاله ليست معالة ؞ عندالا يمت بالاسباب والعلل
١٠ کَاڢِرَࢽْ دَاسࣸࢽْ ڢَهِمْتَ  بِࢽْ مࣸحَمَّدࣸ يَاکَمَاتَ,١کَاڢِرَيْ دَاسࣸࢽْ ڢَهِࢽْتَ   بِࢽْ مࣸحَمَّدࣸيَاکَمَاتَ
رَبَّࢽَايَابَٜىدَوَࢽْجِࢽْ    مَاسࣸ ڧِࢽْسَ سَبوْدَڧࣸࢽْجِࢽْ,رَࢽْتَ يَابَدَوَࢽْجِࢽْ  مَاسࣸ ڧِࢽْسَ سَبٜاْدَڧࣸࢽْجِࢽْ
تمت,تمتا
ڢصل ت اࢽ الاختى اع لله لله سبحانه لا لشى ء سواء,ڢصل نااࢽ الاختر اع لاله سه بحانهلالشي امراء
اࢽي ڢور,اࢽي ڢورࢽ
دَأَکٜىٰ سَابࣸوْبَسࣸىْ کࣸرࣸمْبَا,دَأَکٜىٰ سَابࣸوبَسࣸيْ کࣸرࣸمْبَا
بَکَسَࢽْ مࣸتࣸوَاتَࢽَاذࣸوَابَا,بَکَسَࢽْ مࣸتࣸوَاتَࢽَاذࣸوَابَا
بَارِڧࣸࢽْ کࣸوْاْلَاأَتَاکِ   وَثّٜيٰ کٜيٰدَ ذَمَاأَطَاکِ,بَارِڧࣸࢽْ کࣸوْاْلَاأَتَاکِ وَثّٜيٰ کٜيٰدَذَمَاأَطَاکِ
مي ادک,مي ادوا
بَاغَرٜيٰکَبَاحَرْأࣸبَࢽْکَ مٜيٰ يَسَاکࣸواْذࣸوثِيَرْکَ,بَاغَرٜيٰکَبَاحَرْأࣸبَࢽْکَ مٜيٰ يَسَاکࣸواْذࣸوثِيَرْکَ
اريڢرضِ العفل بالتجوين االلة ؞ والبعض مڢتفرعلبعض ت العمل,اࢽ يڢرض العفل بالتجويناللة ؞ والبعض مڢتفرعلبعض ت العمل
إِمْبَامَسَيࢽْسَ کَيْ ࢽࣸڢِيبَا,إِمْبَامَسَيَࢽْسَ کَيْ ࢽࣸڢِيبَا
کࣸبࣸوطٜيٰ دَاغَايَاڧِࢽْ کَاڢِرَيْ   کࣸيْ کَبَرَدَيَوَاکَرْکࣸيْ غࣸدࣸو,کࣸبࣸوطٜيٰ دَاغَايَاڧِࢽْ کَاڢِرَيْ کࣸيْ کَبَرَدَيَوَاکَرْکࣸيْ غࣸدࣸو
ࢽَيْ صَلَاتِي تَارٜٜيٰ دَسَلَّمَ   غَاالࢽَّبِي رَّحْمَا مَࢽْذࣸواࢽَسَا,ࢽَيْ صَلَاتِي تَارٜيٰ دَسَلَّمَ   غَااَلࢽَّبِي رَّحْمَامَࢽْذࣸوࢽَسَا
ࢽَࢽْ غَألدِّيِࢽْ بطَرْسَࢽࢽ ڢَرضࣸ عَيࢽِ   شِي کَسامثّٜيٰ کࣸوڢِتَا بَابࣸ کࣸومِ,ࢽَࢽْ غَأَلدِّيࢽْ بِطَرْسَࢽِࢽْ ڢَرْضࣸ عَيْࢽِ   شِي کَسَامَثٜيٰ کࣸوڢِتَابَابࣸ کࣸومِ
بَامَىْ رَغࣸوَادَڟَرتࣸوَابَا,بَامَىْ رَغࣸوَادَڟَرْتࣸوَابَا
بِࢽْ إيَايٜىٰ وَاجِبِيْࢽٜىٰ    شِي ذࣸمࣸࢽْثِ وَاجِبِيࢽٜىٰ,بِࢽْ إِيَايٜيٰ وَاجِبِيࢽٜيٰ شِي ذࣸمࣸࢽْثِ وَاجِبِيࢽٜيٰ
دَامࣸتࣸمْ ࢽٜىٰ شِى ࢽَڧَرْيٜىٰ    مَࢽْغِ إࢽْ کَهَيِکّٜىٰ سَايىٰ,دَامࣸتࣸمْ ࢽٜيٰ شِي ࢽَڧَرْيٜيٰ  مَࢽْغِ إِࢽْ کَهَيِکّٜيٰ سَايٜيٰ
ثم الى ياح جبال السحب سابغة ؞ والرعدوالبى ويَغبشى ناظ المفل,ثم الر ياح جبال السحب سابفة ؞ والرعدوالب و يغبشى ناظࢽ المفل
بڧلم إبراهيم,بَڧلم إِࢽرَاعِيمࣸ
يَاسَࢽِي کࣸوْاْࢽَاسَ سَامࣸ    يَاغَمَاشِ دَثِࢽْ حَرَامࣸ,يَاسَࢽِي کࣸوْاْࢽَاسَ سَامࣸ  يَاغَمَاشِ دَثِࢽْ حَرَامࣸ
بَايَࢽْ کَاغࣸوغٜي کَࢽَڧَسَا   ࢽَࢽْ رࣸوَࢽْکَا کَوَࢽْکٜيٰ سَوْبَݣيْ,بَايَࢽْ کَاغࣸوغٜيٰ کَࢽْڧَسَا  ࢽَࢽْ رࣸوَࢽْکَاکَوَࢽْکٜيٰ سَوْبَݣࣸيْ
غَالِلِࢽْ بَتَ طَوْرَمَلتِى   غَسْکِيَارَࢽَرْوَڢَاتِى,غَالِلِࢽْ بَتَ طَوْرَمَلْتِي  غَسْکِيَارَاࢽَرْوَڢَاتِي
بَاکࣸواْڧࣸوࢽَاࢽَڧࣸرْمࣸسَابَا,بَاکࣸواْڧࣸوࢽَاࢽَڧࣸرْمࣸسَابَا
کَاغَ وَاڟَڟّࣸو أَمَاتَا   وَࢽْدَسࣸࢽْ ذَمࣸوْاْبَاسࣸ غَاتَا,کَاغَ وَاڟَڟّࣸوأَمَاتَا  وَࢽْدَسࣸࢽْ ذَمࣸواْبَاسࣸ غَاتَا
ڢنسٔل الله عوناڢهوملجانا ؞ على نڢوس فست للخيرلم تنل,ڢنسنل الله عونا ڢهوملجانا ؞ على نڢوس فست للخير لم تنل
مَالَمْ غَجٜيٰرٜيٰ ࢽَدَامࣸوأَلْحَجِ  غِدَࢽْسَا ࢽَاجِ يَࢽَاڧࣸوڢَرْ غَبَسْ,مَالَمْ غَجٜيٰرٜيٰ ࢽَدَامࣸوأَلْحَجِ  غِدَࢽْسَاࢽَاجِ يَࢽَاڧࣸوڢَرْغَبَسْ
يَثٜيٰ دَمࣸواْوَتَرَاࢽَاࢽَاذࣸوَا   مَاسࣸودَاوَسࣸيْ رࣸࢽْبࣸࢽْ ڧَسَا,يَثٜيٰ دَمࣸواْوَتَرَاࢽَاࢽَاذࣸوَا  مَاسࣸودَاوَسࣸيْ رࣸࢽْبࣸࢽْ ڧَسَا
إِذَࢽْ کࣸوَاسَيَيَّرْتَاکَشٜيٰ غَابِيَاࢽَسَ ؞  کࣸسَࢽْ کࣸمَ سَيْ شَيْدࣸ ڢَ کَطَيْ إِࢽْجِ أَحْمَدَا,إِذَࢽْ کࣸوَسَيَيَّرْتَاکَشٜيٰ غَابِيَاࢽَسَ ؞ کࣸسَࢽْ  کࣸمَ سَيْ شَيدࣸڢَ کَطَيْ إِࢽْجِ أَحْمَدَا
بَکࣸ سَࢽْ ءَايَرْ أࣸبَࢽْ غِجِيبَا,بَکࣸ سَࢽْ دَايَرْأࣸبَࢽْ غِجِيبَا
سَىْ أࣸوَاتَشِغَرْمَ وَࢽْکَا    شِࢽْڢࣸطَاغࣸواْيࣸواْدَکࣸوکَا,سَيْ أࣸوَاتَشِغَرْمَ وَࢽْکَا  شِࢽْڢِطَاغࣸواْيࣸواْدَکࣸوکَا
مَالَمََا بِدِعَاࢽٜيٰ ڧَامࣸسَࢽْ  بَڧَرْجَکَاسَيْ حَࢽْجِي کَاذࣸبَا,مَالَمَّابِذْعَاࢽٜيٰ ڧَامࣸسَࢽْ  بَڧَرْجَکَاسَيْ حَࢽْجِي کَاذࣸبَا
شِي کَسَاأَيِ رَاݒٜيٰ رَاݒٜيٰ    بَيْيِ کَيْوْ لِمَࢽْ شِتَاݒٜيٰش,شِي کَسَاأَيِ رَابٜيٰ رَابٜيٰ بَيْيِ کَيْوْلِمَࢽْ شِتَايٜيٰ
عٜيِمْبٜ وَࡶَنَّهࣸ نࣽکَنْکࣽ صَادِڡࣻ کࣽفࣽمْطࣽطࣸ,عٜيِمْبٜ وَࡶَنَّهࣸ نࣽکَنْکࣸ صَادِوࣻکࣽفࣽمْطࣽطࣽ
کࣸواْغَ جࣸويٜيٰوَا أَڧࣸرْيَا    بَاأّمَاوَࢽْکࢽْ دَࢽِيَّا,کࣸواْغَ جࣸويٜيٰوَاأَڧࣸرْيَا بَاأَمَاوَࢽْکَࢽْ دَࢽِيَّا
تࣸࢽْ أَرَاࢽَرْحَيْهࣸوَاࢽٜى    طَاسࣸکٜىٰ مَيْشٰٜشِ أَرْࢽٜىٰ,تࣸࢽْ أَرَاࢽَرْحَيْهࣸوَاࢽٜىٰ طَاسࣸکٜىٰ مَيْشٜىٰشِ أَرْࢽٜيٰ
والصلاوالسلامࣸ على,والصلاةوالسلام على
وَسࣸ کࣸواْ سࣸمَتى أَتَڢْکِى وَسࣸ کࣸواْسَࢽَدِࢽْسࣸ طَاکِى,وَسࣸ کࣸواْسࣸمَثٜيٰ أَتَڢْکِي وَسࣸ کࣸواْسَࢽَدِࢽْسࣸ طَاکِي
مَيْغِدَاطَيَ مَيْ لِغَاڢَا   وَاڧِعَاأَکَمَࢽْ ࢽَشَاڢَا,مَيْغِدَاطَيَ مَيْ لِغَاڢَا  وَاڧِعَاأَکَمَࢽْ ࢽَشَاڢَا
طَاشِࢽَاوَࢽْکَࢽْ أࣸبَࢽْسَ    شِي أࣸبَاࢽَاوَࢽْکٜيٰ طَࢽْسَ,طَاشِࢽَاوَࢽْکَࢽْ أࣸبَࢽْسَ  شِي أࣸبَاࢽَاوَࢽْکٜيٰ طَࢽْسَ
تَارࣸوَࢽَّࢽْ ࢽَادَمࣸوࢽِي    دࣸࢽْ أَبِࢽْ يَارَاذَࢽَاࢽِي,تَارࣸوَࢽَّࢽْ ࢽَادَمࣸوࢽِي دࣸࢽْ أَبِࢽْ يَارَاذَࢽَاࢽِي
کࣸوْاْدَامَاتَرْسَ بَيْ رَغٜيٰبَا,کࣸوْاْدَامَاتَرْسَ بَيْ رَغٜيٰبَا
إِذَاْکࣸوَايَجٜي بَيْ غَسْکَࢽْ تَا شِبَ کࣸࢽْجِيَا ؞  صَلَ ࢽَسَ کࣸوࢽَاأرْبَعِيࢽْ بَابࣸ کࣸوغࣸدَا,إِذَࢽْ کࣸوَايَجِࢽْ بَيْ غَسْکَࢽْ تَاشِبَ کࣸࢽْجِيَا ؞ صَلَ ࢽَسَ کࣸوتَاأَࢽْ بَعِيَࢽْ بَابࣸ کࣸوغࣸدَا
ا,ا
ِٜأَࢽْ شَاشِࢽٜيٰ ࢽَغَرْتَا    تࣸواْ بَرٜيٰ أَࢽْبَاکَ کَيْوْتَا,أَࢽْ شَاشٰٜٜ ࢽَغَرْتَا  تࣸواْيَرٜيٰ أَࢽْبَاکَ کَيْرْتَا
وْࢽْدَاَلْڧَاضِ يَيْ تَبَّتْ حَڧِيڧََا,وَࢽْدَاَلْڧَاضِ يَيْ تَبَّتْ حَڧِيڧََا
کَامِلِي أبَرِࢽْ عَدَاوَا    ذࣸوثِيا تَسَ بَاطَغَاوَا,کَامِلِي أَبَرِࢽْ عَدَاوَا   ذࣸوثِيَاتَسَ بَاطَغَاوَا
کدوبا دغ ࢽصي حرغشرها    بيوࢽ کاڢري بلي ࢽصارا,کدوبادغ ࢽصي حرغشرها   بيوࢽ کاڢري بلي ࢽصارا
إدَࢽْ سَࢽْڢَتࣸو بَاکَسࣸو کَغَࢽٜي سࣸ  سࣸکَوشَ دَذِ لاࣸمْتَاࢽٜي زِࢽَا,إِدَࢽْ سࣸࢽْڢَتࣸوبَاکࣸسࣸوکَغَࢽٜي سࣸ   سࣸکࣸوشَ دَذِلاࣸمࣸتَاࢽٜي زِࢽَا
إࢽْ أَکَىْ رࣸومࣸواْدَجَاݒَا    وَࢽْدَکࣸوتَمَثٜىٰ رࣸݒَݒَّا,إِࢽْ أَکَيْ رࣸومࣸواْدَجَابَا وَࢽْدَکࣸوتَمَثٜيٰ رࣸبَبَّا
ڢىءال عمࢽ اࢽ ثم ا لکهو فدثبتت ؞ والنمل يبدي صحيم الفل مࢽ فبل,ڢى ءال عمࢽ اࢽ ثم الکهڡ فدثبتت ؞ والنمل يبدي صحيم التعل مࢽ فبل
سى يثٜىم,سى يثٜيم
صَحَبَيْ مَأيْکِي کࣸمَ غࣸدَاحࣸطࣸ سࣸࢽْ تَهࣸوا ؞ سࣸومَاسࣸࢽَاذَ،ْࢽٜيٰ وࣸرِࢽْ سِيدِ أَحْمَدَا,صَحَبَيْ مَأَيْکِي کࣸمَ غࣸدَاحࣸطࣸ سࣸࢽْ تَهࣸوا ؞ سࣸومَاسࣸࢽَاذَمْٜيٰ وࣸرِࢽْ سِيدِ أَحْمَدَا
وࣸتَادَکٜيٰ سَاوَرْسارِڧَيْ    تَاڢِي سَوْرِࢽْ ڧࣸوࢽَامࣸࢽجيَا,وࣸتَادَکٜيٰ سَاوَرْسَارِڧَيْ  تَاڢِي سَوْرَࢽْ ڧࣸوࢽَامࣸࢽْجِيَا
.اميࢽ,ءاعيࢽ
مَاتَامَاعَشٰٜى سࣸࢽَاسَࢽْ ࢽَکِرْکِى    دَࢽْࢽِى ࢽَاغَ سࣸࢽڢِ سَࢽْ مَىْ صَࢽَاعَ,مَاتَامَامَشٜيٰ سࣸࢽَاسَࢽْ ࢽَکِرْکِي  دَࢽْࢽِي ࢽَاغَ سࣸࢽْڢِ سَࢽْ مَىْ صَࢽَاعَ
جِبْرِيلࣸ يَاکَاوࣸو غَسِيدِ مࣸحَمَّدَا ؞ أّسَࢽْ بَاشِ سَاݒَ وَاوَسَرْکِࢽْ مࣸحَمَّدَا,جِبِرِيلࣸ يَاکَاوࣸوغَسِيْدِ مࣸحَمَّدࣸ ؞  أَسَࢽْ بَاشِ سَابَ وَاوَسَرْکِࢽْ مࣸحَمَّدَا
غَاڢَرْتَ مَالَمْ ࢽِي ࢽَيْتَࢽْبَيَا    إِࢽْ مࣸࢽْتَرَسْ دَغࣸلَابٜيٰ سࣸࢽْڧَڢٜيٰ,غَاڢَرْتَ مَالَمْ ࢽِي ࢽَيْتَࢽْبَيَا   إِࢽْ مࣸࢽْتَرَسْ دَغࣸلَابٜيٰ سࣸࢽْڧَڢٜيٰ
رَبَّࢽَايَابَاکَ هࣸجَّا     وَدَّبَاثَ غَمَيْدَرَجَّا,رَبَّࢽَايَابَاکَ مࣸجَّا  وَذَّبَاثِ غَمَيْدَرَجَّا
وَطَࢽْغَ ڢَسࣸوا أوَّاجِِبِي بِسَ مࣸومِࢽِ    دَيَشَّيْدِ اَللَّهْ يَڢَّشَيْدِ مࣸهَمَّدَا,وَطَࢽْغَ ڢَسࣸواأَوَّاجِبِي بِسَ مࣸومِࢽِ   دَيَشَيْدِ اَللَهْ يَڢَّشَيْدِ مࣸحَمَّدَا
غࣸࢽْ مِجِي يَتَهࣸواْ يأيْکࣸوْاْ   کَࢽْ تَجٜيٰ مَسَ يَايِي سَاکࣸوْاْ,غࣸࢽْ مِجِي يَتَهࣸواْيَأيْکࣸوْاْ کَࢽْ تَجٜيٰ مَسَ يَايِي سَاکࣸوْاْ
غَاوࣸتَادَذࣸوَاأَمِيڧَا   حَرْمَذَاجٜيٰ مَاسࣸ لٜيٰڧَا,غَاوࣸتَادَذࣸوَاأَمِيڧَا   حَرْمَذَاجٜيٰ مَاسࣸ لٜيٰڧَا
ࡶَلْوࣸ ضࣸو ءࣸ سَلِّفِح ڢَرْ ضࣻ کࣽڢَرِ ضَّ وَ ڢَرَا ءضࣸهࣸ,ࡶَلْوࣸضࣸوءࣸسَلِّفِى ڢَرْضࣸ کࣽڢَرِضَّ وَڢَرَالِضࣸهࣸ
وَࢽْسࣸ بَسࣸ بِيشِ سࣸࢽْ ڧِيَا سࣸࢽْبِ ضِدِّي   مَاسࣸ يَاوࣸࢽْ ڧَسَاسࣸࢽَايِࢽْ ڢَسَادِي,وَࢽْسࣸ بَسࣸ بِيشِ سَࢽْ ڧِيَاسࣸࢽْبِ ظِدِّي   مَاسࣸ يَاوࣸࢽْ ڧَسَاسࣸࢽَايِࢽْ ڢَسَادِي
نعم شى يعت خي الخلڡ ناسخة ؞ غيرلمواڢڡ للمشروع مࢽنحل,نعم شى يعت خير الخلڡ نالسخة ؞ غيرالمواڢڡ للمشر وع مࢽ عل
واعلم باࢽ وجودالله فدشحدت ؞ بما لٜى اهيࢽ ڢلنفص ولا نطل,واعلم باࢽ وجودالله فدشدت ؞ ءبه الى اهيࢽ ڢلنفص ولا نطل
کࣸلࣸورَإِدَࢽْ ذَࢽْثٜيٰ جَلَّ سَرْکِي عࣸبَࢽْغِجِ ؞  أَثِکِࢽْ کِتَابِي ࢽَسْ يَأَيْکࣸو غَأَحْمَدَا,کࣸلࣸورَإدَذَذَࢽْثٜي جَلَّ سَرْکِي عࣸبَࢽْغِجِ ؞  أَثِکِࢽْ کِتَابِي ࢽَسْ يَأَيْکࣸو غَأَحْمَدَا
ڢَرْکࣸوࢽْسࣸوعِبَادَ تَجَاهِلِ   بَاتَݣيْوَاوࣸرِࢽْدَأَکٜيٰذࣸوَا,ڢَرْکࣸوࢽْسࣸوعِبَادَتَجَاهِلِ  بَاتَکَيْوَاوࣸرِࢽْدَأَکٜيٰذࣸوَا
سَيْدَيْ کࣸمَ إِࢽْ بَزَيْ إِيَابَا,سَيْدَيْ کࣸمَ إِࢽْ بَزَيْ إِيَابَا
غَاکَيوْتَا بَادَ کࣸورْ مَتࣸوبَا,غَاکَيْوتَابَادَکࣸورْمَتࣸوابَا
غَرْغَطِي,غِرْغَڟِ
عَلَيْهࣶ وَسَلَّمَ جَمْ عٜکِسِيٜى وࣽنِى عٜمَکّࣽ,عَلَيْهِ وَسَلَّمَ جَمْ عٜکِسِيٜى وࣽنِى عٜمَکّࣽ
َزَارِِيَ؞,زَارِيَ
وَعْظࣸ أَࢽْيࣸوشِ يَࢽْ عࣸوا دࣸࢽْ کࣸڢَلْکَا    کࣸيِ تَڟࣸورࣸࢽْ عࣸبَࢽْغِجِ کࣸيِ تَکࣸوکَا,وَعْظࣸ أَࢽْيࣸوشِ يَࢽْ عࣸوَادࣸࢽْ کࣸڢَلْکَا   کࣸيِ تَڟࣸورࣸࢽْ عࣸبَࢽْغِجِ کࣸيِ تَکࣸوکَا
کࣸسَࢽْ مَاسࣸ ثِࢽْرِبَ ثِلّࣸࢽَاسࣸࢽْڢِ تࣸولࣸࢽَاغَغِرْمَادَطَا أَࢽْبَيَّࢽَاسࣸ غَأحْمَدَا,کࣸسَࢽْ مَاسࣸ ثِࢽْ رِبَ ثِکࣸࢽَاسࣸࢽْڢِ تࣸولࣸࢽَا   غَغِرْمَادَطَاأَࢽْبَيَّࢽَاسࣸ غَأَحْمَدَا
وَࢽْدَکࣸواْبَيْ ڧَرِيبَا   ذَيْ تَرَسْدَيَوَࢽْ أَزَابَا,وَࢽْدَکࣸواْبَيْ ڧࣸواْڧَرِيبَا  ذَيْ تَرَسْدَيَوَࢽْ أَزَابَا
ࡼيَديْࢽِ عٜبࣵنْتࣸدٜجࣸوطٜطٜࢽْ عِندَتَکْبِيرَةࣸ,ࡼلْيَدَيْࢽِ عٜبَنْتࣸدٜجࣸوطٜطٜࢽْ عِندَتَکْبِيرَةࣸ
غَامَذَاجٜيٰ شَاتَر سࣸࢽْثِکَا   دࣸوࢽْ أࢽْ ڟَرٜيٰ سࣸوبَسَاشَاکَوْثَرَا,غَامَذَاجٜيٰ شَاتَرْسࣸࢽْشِکَا  دࣸوأَࢽْ ڟَرٜيٰ سࣸوبَسَاثَاکَوْثَرَا
تَهَوْ کَࢽْ کࣸجٜيرَا تَکَامٜي أطَاکِي,تَهَوْکَࢽْ کࣸجٜيرَاتَکَاجٜيْ أَطَاکِي
دَأَݣࣸيْ کࣸࢽَامَاسَيْ ڧَرِي ࢽَمࣸغࣸࢽْتَا    مَيْ طَࢽْ ڧَسَاوَامِجِي عَذَابَرْأَوْرٜيٰ,دَأَݣّࣸيْ کࣸࢽَامَامَيْ ڧَرِي ࢽَمْغࣸࢽْتَا   مَيْ طَࢽْ شَاوَامِجِي عَذَابَرْ أَوْرٜيٰ
أَغِدَࢽْ دَبَذَىْ بَڧِࢽْ ثِکِيبَا,أَغِدَࢽْ دَبَذَيْ بَڧِࢽْ ثِکِيبَا
تࣸࢽْ بَا مَکَطَادَ عَࢽْ دَ بࣸوْأَبَا,تࣸࢽْ بَامَکَطَادَࢳَࢽْ دَبࣸوْاْبَا
دَڢَرَاغَ بَادَتَوْيࣸوَابَا,دَڢَرَاغَ بَادَتَويࣸوَابَا
أَلْکَوْثَرَ بَادَ تَࢽْبَيَابَا,أَلْکَوْثَرَبَادَتَࢽْبَيَابَا
ورضى عنه ويڢض علينا ديمت علومࢽ وبرکاته> ءاميࢽ,ورضى عنه ويڢيض علينا ديمت علومى وبرکاته> ءاميࢽ
بَاسࣸدَيْ ڧَوْࢽَرْ حࣸشِࢽْسَا    دࣸࢽْ غࣸدࣸࢽْ سَاتَرْأَبِࢽْسَا,بَاسࣸدَيْ ڧَوْࢽَرْحࣸشِࢽْسَا   دࣸࢽْ غࣸدࣸࢽْ سَاتَرْأَبِࢽْسَا
بَاکࣸوڟَ دࣸهࣸࢽْ کَبَاءِرَابَا,بَاکࣸوڟَ دࣸهࣸࢽْ کَبَاءِرَابَا
أّيْ بَامࣸوکٜيٰدَغَاڢَرَابَا,أَيْ بَامࣸوکٜيٰدَغَاڢَرَابَا
إِࢽْڢَ کَاذࣸوٜࣸرِࢽْ جِهَادِي جِذَࢽْثٜيٰ  يࣸوجِهَادِي غَجَلَّ دࣸࢽْ کَرْکَمَࢽْثٜيٰ,إِࢽْڢَ کَاذࣸووࣸرِࢽْ جِهَادِي جِذَࢽْثٜيٰ  يࣸوجِهَادِي غَجَلَّ دࣸࢽْ کَرْکَمَࢽْثٜيٰ
أبِرْࢽِࢽْ کَࢽࣸواْ کَاجِ سࣸوࢽَࢽْةَ يَلوَا  کࣸواکࣸواْتَثٜي بِࢽْةَ مَيْ أدࣸوَا,أَجِرْࢽٜيٰ کَࢽࣸواْ کَاجِ سࣸوࢽَࢽْةَ يَلْوَا  کࣸواْکࣸواْ تَثٜي بِࢽْةَ مَيْ أَدࣸوَا
رَبَّࢽَاشِکٜىٰدَغِرْمَا    شِى کَکَيْوْتَاوَرْمَ کࣸوْاْمَا,رَبَّࢽَاشِکٜيٰدَغِرْمَا  شِي کَکَيْوْتَاوَرْمَکࣸوْاْمَا
ڟَرِي کࣸسّࢽْ سࣸࢽَاࢽٜيٰ وَاجِبِي    مࣸوَکَّدِيࢽٜيٰ مࣸسࣸلْمِي کࣸࢽجِيَا,ڟَرِي کࣸسَࢽْ سࣸࢽَاࢽٜيٰ وَاجِبِي  مࣸوَکَْدِيࢽٜيٰ مࣸسࣸلْمِي کࣸࢽْجِيَا
إࢽْذَاکَ الدِّيࢽِ کَبَرْ سࣸࢽْ يࣸودَرَا  مَيْسࣸࢽْ حَڧِيڧَا ڢَايَثࣸوْتَرْࢳࢽْ عࣸوَا,إِࢽْذَاکَ اَلدِّيࢽِ کَبَرْسࣸࢽْ يࣸودَرَا  مَيْسࣸࢽْ ڢَڧِڧِڧَابَايَثࣸوْتَرْجِࢽْ عࣸوَا
بَاذَࢽْ ثِرىٰ ذࣸوثِيَرْ ذࣸوَابَا,بَاذَࢽْ ثِرٜىٰ ذࣸوثِيَرْ ذࣸوَابَا
حَࢽْڧࣸرِي يَاغَاغَرٜيٰسࣸ   دࣸࢽْ بَڧَࢽْتَرْذࣸوثِيَرْسࣸ,حَࢽْڧࣸرِي يَاغَاغَرٜيٰسࣸ  دࣸࢽْ بَڧَࢽْتَرْذࣸوثِيَرْسࣸ
مَࢽْ يَشَاءࣸ وَيَڢَکَّهࣸ عَمَّࢽْ يَشَاءࣸ ڢِي المڧَامَات,مَࢽْ يِشَاءࣸ وَيْڢَکَّهࣸ عَمَّࢽْ يَشَاءࣸڢِي المڧَامَاتَ
زَمْࢽٜيٰ غࣸوࢽَسَ مَيْ بِطࣸووَا بَࢽْدَإِثّٜيٰ کࣸواْ ثِيَاوَا,زَمْࢽٜيٰ غࣸوࢽَسَ مَيْ بِطࣸووَا  بَࢽْدَإِثٜيٰ کࣸواْثِيَاوَا
کَرکَيَردَ دَمَيکَسَالَه غࣸࢽ اَبࣸوتَادَࢽْ جَهَالْه,کَرْکَيَرْدَدَمَيْ کَسَالَهْ غࣸࢽْ أَبࣸوتَادَࢽْ جِهَالَهْ
سَابِسْ 1 أَݣَيْ رَشِࢽْ ثَاجِ 2 أَݣيْ ڧَارٜيٰوَرْ کࣸطِي أَحَࢽْسٜتْ3,سَابِسْ؞ أَݣَيْ رَشِࢽْ ثَاجِ ؞أَݣࣸيْ ڧَارٜيٰوَرْ کࣸطِي أَحَࢽْسٜتْ3
شيخ,شيخ
شِيدَاَلْجَࢽَّ اࣸاّࣸتَبَّتْ حَڧِيڧََا,شِيدَاَلْجَࢽَّ ااّࣸتَبَّتْ حَڧِيڧََا
سَيْدَ يَذَّکࣸ ࢽࣸࢽَ تࣸربَا   کࣸواْ دࣸهࣸوبَيْ وَرْ ڟَکٜيٰبا,سَيْدَيَذَّکَ ࢽࣸوࢽَ تࣸرْبَا کࣸواْدࣸهࣸوبَيْ وَرْڟَکٜيٰبَا
والصلى والسلم,وال فلال
شࣸوغَبَادࣸࢽْ ڢَاسِڧَࢽْثِي    وَࢽْدَکٜيٰ ڧَوْࢽَرْأَمِࢽْثِي,شࣸوغَبَادࣸࢽْ ڢَاسِڧَࢽْثِي  وَࢽْدَکٜيٰ ڧَوْࢽَرْأَمِࢽْثِي
يَثٜيٰ أَبِࢽْ دَذَيْسَاوَاأيْ ڢَرِي  سࣸوغࣸومَا شَاعࣸکࣸ  ذَࢽْ ذَامَکࣸو,يَثٜيٰ أَبࣸࢽْ ذَذَيْسَاوَاأَيْ ڢَرِي  سࣸوغࣸومَ شَاعࣸکࣸ ذَࢽْ ذَامَکࣸو
٢٩   طَࢽْ أࣸوَا بَاوَا مَشِيْـءَا  سࣸواْشِ دࣸوامِࢽْ کَبࢽ طَبِيعَا,٤٩طَࢽْ أࣸوَابَاوَامَشِيعَا سࣸواْشِ دࣸواْمِࢽْ کَبٜࢽْ طَبِيعَا
جَمَعَ کࣸسَوْرَارٜيࢽِ غَوَتَ تَࢽْبَيَ  شِࢽْوَا يَغَاࢽٜي مِࢽْ حَلِࢽْسࣸ مࣸتَاࢽٜيٰ,جَمَعَ کࣸسَوْرَارٜيٰࢽِ غَوَتَ تَࢽْبَيَ  شِࢽْوَايَغَاࢽٜيٰ مِࢽْ حَلِࢽْسࣸ مࣸتَاࢽٜيٰ
يَا جٜيطࣸ عَرْشِ عٜکرْسِ جࣽࢽ کَمّࣸولِڢࣽوْ جࣸࢽ لٜيْطٜ تَڢࣸطࣽ کࣽوࣽنِعٜمࣸمْ کࣽمِهࣸنَّتَا,يَاجَيْطࣸ عَرْشِ عٜکࣸرْسِ جࣽࢽ کَمّࣸولٜڢࣽوْجࣸࢽ لٜيْطٜ تَفࣸطࣽ کࣽوࣽنِعٜمࣸمْ کࣽمِهࣸنَّتَا
سَيْ ذَمَادَرَشِࢽْ مࣸتࣸࢽْثِ   کࣸلْ مَأَوْرَاࢽَاأَدَلْثِ,سَيْ ذَمَادَرَشِࢽْ مࣸتࣸࢽْثِ کࣸلْ مَأَوْرَاࢽَاأَدَلْثِ
ولࢽ يموت امن ؤڢتلا اجل ؞ بل حکمه واحدنا الرزڡ والاجل,ولࢽ يموت امࢽ وفتلا بلااجل ؞ بل حکمه واحدند للرزڡ والاجل
بَاسࣸ ڧِوْيَرْتَيْمَکࣸࢽْسࣸ    يَاکَمَاتَ يَتَيْمَکٜىٰسࣸ,بَاسࣸ ڧِوْيَرْتَيْمَکࣸࢽْسࣸ يَاکَمَاتَ يَتَيْمَکٜيٰسࣸ
تَمْبَرِࢽْتَ غَرٜيٰمࣸ کࣸوکاَ إِࢽْدَرَاࢽِبَاإِࢽْدَکَاکَا,تَمْبَرِࢽْتَ غَرٜيٰمࣸ کࣸوکَا  إِࢽْدَرَاࢽِي إِࢽْدَکَاکَا
کَرْکَسࣸوْاْأَوْرٜيࢽْ ڧِيَيَّا   کࣸوْاْأࣸوَرْࢳَاکࣸوْاْأَمَرْيَا,کَرْکَسࣸوْاْأَوْرٜيࢽْ ڧِيَيَّا کࣸوْاْأࣸوَرْࢳَاکࣸوْاْأَمَرْيَا
سࣸࢽْ غَذَوَࢽْکٜيٰ تࣸڢَادَتࣸݣࣸاࢽٜيٰ   سࣸࢽْڧِ کࣸلَا دَأبِࢽْ ثِ سࣸکَوْتَا,سࣸࢽْ غَذَوَࢽْکٜيٰ تࣸڢَادَتࣸکَاࢽٜيٰ  سࣸࢽْڧِ کࣸلَادَأَبِࢽْ ثِ سࣸکࣸوْتَا
سࣸبِيَࢽْ سَرْکِࢽْسࣸ بَابَعَابَا  کاج,سࣸبِيَࢽْ سَرْکِࢽْسࣸ بَابَعَابَا
کَأَجٜىٰمࣸ أدَامَ طَࢽْسࣸوَيْبَا,کَأَجٜيٰمࣸ أَدَامَ طَࢽْ سࣸوَيْبَا
کࣸوعَوْرٜىٰ مࣸتِࢽْ يَࢽٰٜمَاغَرِࢽَّࢽْ    بَاعَابَاشِ سَيَّࢽَايِࢽْ صَࢽَاعَ,کࣸوعَوْرٜيٰ مࣸتِࢽْ يَࢽٜيٰمَاغَرِࢽَّࢽْ  بَاعَابَاشِ سَيَّࢽَايِࢽْ صَࢽَاعَ
شِي ذَاشِ ڟِرَيَجٜىٰ يَغِرْبَا,شِي ذَاشِ ڟِرَيَجٜىٰ يَغِرِبَا
دَسࣸکَ غَࢽْشِ سَيْ غِرْکَ مَدَاڢࣸوا ؞  غࣸࢽِࢽْ يَوَاکَذَابِࢽْدࣸ غوغِࢽْسࣸ مَڧِيَامࣸحَمَّدَا,دَسࣸکَ غَࢽْشِ سَيْ غِرْکَ مَدَاڢࣸوا ؞  غࣸࢽِࢽْ يَوَاکَذَاࣸبࣸࢽْدࣸ غࣸوغِࢽْسࣸ مَڧِيَامࣸحَمَّدَا
بَامَىْ وَايࣸࢽْ ذَمَࢽْ دࣸهࣸوبَا,بَاعَىْ وَايࣸࢽْ ذَمَࢽْ دࣸهࣸوبَا
مࢽ يَّࢽْ ࢽصاري بِتْرکِ بِرْࢽِيسࣸ  حرجِهْبِذِࢽْسࣸ دَلله ذࣸوَاکَلࣸࢽْکَا,مَࢽْ يَّࢽْ ࢽَصَارَي بِتْرِکِ بِرْࢽِيࢽَسࣸ  حرجِهْبِذِࢽْسࣸ  دَلڧࣸم ذࣸوَاکَلࣸࢽْکَا
ڢالجوهر الڢردوالا جسام حادثت ؞ کذاک اعى ا ضها لا ڢى ڡ ڢى المثل,ڢالجوورالڢردوالاجسام حادثه ؞ کذاک اعراضهالا ڢر ڡ ڢى المثل
تَکَࢽْ غٜي رَ طَاکِ دَکَايَࢽْ أدࣸوا  ڢࣸلࣸولِي کَتِيڢࣸواتطࣸور غَدࣸواْ,تَکَࢽْ غٜلِ رَطَاکَ دَکَايَࢽْ أَدࣸوَا  ڢࣸلّࣸولِي کَتِيڢࣸوا تَطࣸورَغَدّࣸواْ
أَکَيْ وَࢽِ دَاطِي ࢽَࢽْ دَيَڢِّ ࢽَجَࢽَّتَا   غَࢽِࢽْ جَلَّ سَرْکِي وَࢽْدَيَابِ اَحْمَدَا,أَݣَيْ وَࢽِ دَاطِي ࢽَࢽْ دَيَڢِّ ࢽَجَࢽَّتَا   غَࢽِࢽْ جَلَّ سَرْکِي وَࢽْدَيَذَّابِ اَحْمَدَا
وهب لفاربى عڢواومغڢرة ؞ وافبله منى ڢذاسؤلى وذاامل,وهب لفاربه عڢواومغڢرة ؞ وافبله متى ڢذاسؤلى وذاامل
غࣸࢽْسَ مَاأَࢽْسࣸواْتࣸرَارٜيٰ   غࣸࢽْسَ دࣸوࢽْ ڧَࢽْشِي يَکࣸورٜيٰ,غࣸࢽْسَ مَاأَࢽْسࣸواْتࣸرَارٜيٰ غࣸࢽْسَ دࣸوࢽْ ڧَࢽْشِي يَکࣸورٜيٰ
إِࢽْأَࢽْ رّࣸڢٜيٰ ڧࣸوڢࣸوڢِي ࢽَاجِيَا   خَيْرََادشَرََا دࣸودَيْدَيْ سࣸکٜيٰ,إِࢽْ أَࢽْ رّࣸڢٜيٰ ڧࣸوڢࣸوڢِي ࢽَاجِيَا  خَيْرَادَشَزَادࣸودَيْدَيْ سࣸکٜيٰ
يَايِي هࣸورࣸواْ بَادَ کَࢽْغَرَابَا,يَايِي هࣸورࣸواْ بَادَکَࢽْغَرَابَا
ڢَلَيْسَ,ڢلي
مَمَّࢽْ تࣸکࣸرْکويَاجِ غَطَࢽْ حَوَي   عࣸثْمَاࢽࣸ ڢࣸودِيࣸ شَيَخࣸ مࣸجَدَّدِ,مَمَّࢽْ تࣸکࣸرْکࣸويَاجِ غَطَࢽْ حَوَي  عࣸثْمَاࢽْ ڢࣸودِيࣸ شَيْخࣸ مࣸجَذِّدِ
ذاأَطٜيٰبٜيٰ أَلْبَرْکَرْڧَسَا  وࣸرِࢽْدَمٜيٰ سَبْعࢽْ بَاعَابَکࣸيْ,ذَاأَطٜيٰبٜيٰ أَلْبَرْکَرْڧَسَا  وࣸرِࢽْدَمٜيٰ سَيْعِࢽْ بَاعَابَکࣸيْ
شِيْدَکَࢽْسَ بَلٜيٰ يَجࣸويَا جِࢽْ جِکِي يَاکَيْ ࢽِهَايَا,شِيْدَکَࢽْسَ بَلٜيٰ يَجࣸويَا جِࢽْ جِکِي يَاکَيْ ࢽِهَايَا
أَمَّابَايَدَّأَمْڢَطِيبَا,أَمَّابَايَدَّأَمْڢَطِيبَا
دَمَيْرَطَرْوَࢽِي مَيْزࣸمْطَࢽْوَࢽِي   إِࢽْ يَّيْ عِبَادَالاَدَࢽْ بَايَوَا,دَمَيْرَطَرْوَࢽِي مَيْزࣸمْطَࢽْوَࢽِي  إِࢽْ يَّيْ عِبَادَالاَدَࢽْ بَايَوَا
يَثٜيٰ دَأَحْمَدࣸ إِࢽْ غَيَامࣸکَ  أَبࣸࢽْدَتَاجِ وࣸرِࢽْ مَالَمْ حَسَࢽْ,يَثٜيٰ دَأَحْمَدࣸذَࢽِࢽْ غَيَامࣸکَ  أَبࣸࢽْدَࢽَاجِ وࣸرِࢽْ مَّالَمْ حَسَࢽْ
والاليڡ البٰسط لا يليڡ بنا ؞ تکڢى الاشارة راجع کتبهم تصل,والاليڡ البشط لاکࢽ لايليڡ بنا ؞ تکڢى الاشارة زراجع کتبه تصل
غَࢽْ تَلِى کࣸوکࣸويَࢽْذࣸذَࢽْ تَرْبَيٰکࣸ    مَيࢽٜىٰ ࢽٜىٰ يَسَاکࣸکٜىٰ ڧِࢽْ صَࢽَاءَ,غَࢽْ تَلِي کࣸوکࣸويَࢽْذࣸذَࢽْ تَرْ بَيٜيٰکࣸ  مَيْࢽٜيٰ ࢽٜي يَسَاکࣸکٜىٰ ڧِࢽْ صَࢽَاءَ
حَابٜىٰ إࢽْ مࣸتࣸوَاتَأَوْکࣸ   مَالَمَࢽْ کٜىٰ ڧَرْڢَڢَاکࣸ,حَابٜيٰ إِࢽْ مࣸتࣸوَاتَأَوْکࣸ  مَالَمَࢽْ کٜىٰ ڧَرْڢَڢَاکࣸ
دࣸࢽْ تَدَاطَطَ ذࣸوثِيَکَا    سَادࣸوَرْکَ دَشَاڧࣸوَرْکَا,دࣸࢽْ تَدَاطَطَ ذࣸوثِيَرْکَا سَادࣸوَرْکَ دَشَاڧࣸوَرْکَا
سࣸکَ بَرْسࣸ سࣸکَ کࣸومࣸوا ࢽَصِيحَ تَأَحْمَدࣸ ؞ کࣸوذَا سࣸتࣸوبَ سࣸکَامَ سࣸࢽَرْ مࣸحَمَّدَا,سࣸکَ بَرْسࣸ سࣸکَ کࣸومࣸواࢽَصِيحَ تَأَحْمَدࣸ ؞ کࣸوذَاسࣸتࣸوبَ سࣸکَامَ سࣸࢽَّرْ مࣸحَمَّدَا
اوغاب عناولم تشده اعنينا ؞ والمثل کالمثل ت المعفول مࢽ يدل,اوغاب عناولم تشده اعنينا ؞ والمثل کالمثل ت المعفول مدجدل
کَرْشِسَاتَ أَمَيْ کَسَالَا   کَاغَ مٰتَايٜيٰࢽْغَ جِمْلَا,کَرْشِسَاتَ أَمَيْ کَسَالَا کَاغَ مَتَايٜيٰࢽْغَ جِمْلَا
ڟࣸبْرِࢽْ أَبَاأَکَبَيَّࢽَاشِ مࣸحَمَّدࣸ ؞ مَهْدِ وَلِيِ اِللَّهِ کَاکَاࢽْسَ أَحْمَدَا,طࣸبْرِࢽْ أَبَاأَکَبَيَّࢽَاشِ مࣸحَمَّدࣸ ؞ مَهْدِ وَلِي اِللَّهْ کَاکࣸࢽْسَ أَحْمَدَا
أَݣيْ وَتَابࣸولَالَرْوࣸتَاتَࢽَاالَاخِرَا ؞  غَمَاسࣸ ڢِتَاڢَ دَطَوْکَکَ مࣸرْيَاوَسَرْمَدَا,أَݣࣸيْ وَتَابࣸولَالَرْوࣸتَاتَࢽَاالَاخِرَا ؞  غَمَاسࣸ ڢِتَاڢَ دَطَوْکَکَ مࣸࢽرْيَاوَسَرْمَدَا
مَاغَࢽِࢽْ شَاکࣸوْاࢽَشَاڢِ     مَاسࣸ ݣَيوْتَ جِکِي دَجَوْڢِ,مَاغَࢽِࢽْ شَاکࣸوْاْࢽَشَاڢِ مَاسࣸ ݣَيْوْتَ جِکِي دَجَوْڢِ
ࢽَهࣸطࣸࢽْسࣸ دࣸࢽْيَا کࣸࢽجِ مَڧِيَمّࣸ کٜيٰ ࢽَيْ ؞  کࣸوَوَإِسَکٜيٰ سࣸوجَاشِ ࢽٜيسَ غَأَحْمَدَا,ࢽَمࣸطࣸࢽْسࣸ دࣸࢽْيَاکࣸࢽْجِ مَڧِيَمّࣸ کٜيٰ ࢽَيْ ؞ کࣸوَوَإِسَکٜيٰ سࣸوجَاشِ ࢽٜسَ غَأَحْمَدَا
بَاتَ غِدَࢽْ إِيَابَاتَ ࢽَبَابَا   کَاجِ ࢽࣸڢِࢽْتَ تَشٜيٰٜࣻيٰ أَيَرْتَا,بَاتَ غِدَࢽْ إِيَابَاتَ ࢽَبَابَا کَاجِ ࢽࣸڢِࢽْتَ تَشٜيٰڧٜيٰ أَيَرْتَا
سلِي ؞,سلِي
ࢽَسِّيࢽٜي يَثٜي بَعَاڧَرْيَتَابَا  کَرْعَکࣸسَࢽْثِي وَࢽْدَبَايَا صَࢽَاعَ,ࢽَسِّيࢽٜيٰ يَثٜيٰ بَعَاڧَرْيَتَابَا   کَرْعَکࣸسَࢽْثِى وَࢽْدَبَايَاصَࢽَاعَ
اربعر,اربڢࢽ
إدَࢽْ کَاوِجِيْ شَاوَرَا تَارࣸوَࢽْکَا,إِدَࢽْ کََاوِجِࢽْ شَاوَرَاتَارࣸوَࢽْکَا
الهࣸمَّ أَحْڢِظَࢽَا مِࢽْ کࣸلِّ شَرِِّ,اَللَّهࣸمَّ أَحْڢِظَࢽَامِࢽْ کࣸلِ شَرِّ
مࣸرْيَا أَيْکࣸواْ بَزَي ڢَطِيبَا,مࣸرْيَاأَيْکࣸواْبَزَى ڢَطِيبَا
ڢصل نا اࢽ اسما ه تعلى توڢيڢيت,ڢصل نا اࢽ اسما ه تعلى توڢيفيت
أَدّࣸعَرْدَسࣸکَيْمَ کَࢽْسࣸ    وَࢽْدَيَاڟَرٜيٰ تَيْمَکࣸࢽْسࣸ,أَدّࣸعَرْدَسࣸکَيْمَ طَࢽْسࣸ  وَࢽْدَيَاڟَرٜيٰ تَيْمَکࣸࢽْسࣸ
دَلِيلِ وَمَا يَجْحَدࣸوا بَءَايَتࢽَا إِلَّاالْکَاڢِرࣸوࢽَ ؞ ڢَطَاثٜي تَسَرْکِي جَلَّ أࣸمَّ الْمࣸحَمَّدَا,دَلِيلِ وَمَايَجْحَدࣸوا بَءَايَتِࢽَا إِلَّالْکَڢِرࣸوࢽࣸ ؞  ڢَطَاثٜيٰ تَسَرْکِي جَلَّ أࣸمَّ اَلْمࣸحَمَّدَا
ڢذفدرالخلڡ والارزاڡ ناازل بل کل شى ي لعم بيديه ڢى الاجل,فذفدرالخلڡ والارزاڡ نذازل بل کل شي>لعم بييد يه ڢى الاحل
کࣸتَيْ مَک جࣸوࢽَا کࣸࢽجِ أَيْ مࣸࢽْ غَيَامࣸکࣸ ؞ ڢَطَاثٜيٰ تَمَࢽْذࣸوسِيدِ أَࢽَّبِ أَحْمَدَا,کࣸتَيْ مَکِ جࣸوࢽَاکࣸࢽجِ أَيْ مࣸࢽْ غَيَامࣸکࣸ ؞ ڢَطَاثٜيٰ تَمَࢽذࣸوسِيدِ أَࢽَّبِ أَحْمَدَا
مَيْ ذَاکَثٜيٰ دَتࣸمْ أَڢِيلِࢽْ دࣸوࢽِيَا   کࣸومَيْ أبِࢽْدَ کَيࣸوبࣸرِسْ غَمࣸتَاࢽٜيٰ,مَيْ ذَاکَثٜيٰ دَمࣸتࣸمْ أَڢِيلِࢽْ دࣸوࢽِيَا کࣸومَيْ أَبِࢽْدَکَيࣸوبࣸرِسْ غَمࣸتَاࢽٜيٰ
کࣽوِعٜتٜىٰ اِلاِسْلاَمࣸ هࣸوَࡻلطَّاعَةࣸطࣸنْلٜ کࣽطࣸڢْتَفࣸلْ,کࣽوِعٜتٜىٰ ࡽِلاِسْلاَمࣸ هࣸوَࡻلطَّاعَةࣸطࣽنْلِ کࣽطࣽڢْتَفࣽلْ
ڢى منامه ما يطلبه مࢽ الا مورالمصيبةمثل الکشڡ والاصلاح,لملا مه ما يطلبه مࢽ الامورالمطيبه متل الکلشڡ والالل
غَأَبِࢽْدَيَيِيشِ بَيْ سَࢽِيبَا,غَأَبِࢽْدَيَيِشِ بَيْ سَࢽِيبَا
دَحَرَمْ تࣸࢽْ بَى حَطَمّࣸتَࢽْ بَا,دَحَرَمْ تࣸࢽْ بَيْ حَطَمَتَࢽْ بَا
وَࢽِذࣸوثِيَا تَيْ ࢽَا بࣸکَاتَرْ ࢳࢽْ عࣸوَا عمَّاڢَا بَاحَالِࢽْ زِيَرْ ࢳࢽْ عࣸوَا,وَࢽِذࣸوثِيَاتَࢽْ ࢽَابࣸکَاتَرْࢳࢽْ عࣸوَا   عَمَّاڢَي بَاحَالِࢽْ زِيَرْتَرْࢳࢽْ عࣸوَا
وَنجَاعٜعَمْ برکٜيج مَکّࣸ طينࣸبٜ ڢࣽوْلَتِى نࣸطَبَّ مِوْ نّࣸمࣸطَبَّتَا,وَنْجَاعٜعَمْ بٜرکٜيجِ مَکّࣸ طِينٜبٜ ڢࣽوْاْجَتِى نࣸطَبَّ مِوࣽࣸنّࣸمࣸطَبَّتَا
وما به النڢع ڢاسم الرزڡ يشمله ؞ ولو بغصب وملک غير مکتمل,وما به النڢع ڢاسم الرزڡ يشمله ؞ ولوبغصب وملک غيرمکتمل
شِزَمࣸواْ بَأَيْشِ بَاتࣸڢَابَا,شِزَمࣸواْبَأَيْشِ بَاتࣸڢَابَا
دَمَيْرٜيٰࢽَ کࣸومَغَࢽَࢽْ أࣸوَايٜيٰ دَميْرَطَ    دَمَيْ حَسَدَادࣸکْبَاسࣸ ڟِيرَاغَأحْمَدَا,دَمَيْرٜيٰࢽَ کࣸومَغَࢽَࢽْ أࣸوَايٜيٰ دَمَيْرَطَ  دَمَيْ حَاسَدَادࣸکْبَاسࣸ ڟِيرَاغَأَحْمَدَا
عَلَيْهِ وَ سَلَّمَ جَمْ عٜکِسيى وࣽنِى عَٜکّࣽ أࢽَّ ࡻلْحَسَدࣸ,عَلَيْهِ وَسَلَّمَ جَمْ عٜکِسِيٜى وࣽنِى عٜمَکّࣸ أٔࢽَّ ࡻلْحَسَدࣸ
لا بد تعفبا عࢽ ماض ندما ؞ کذاالمظالم ڢى اددهاولا تحل,لا بدتعفبساعࢽ مامض ندما ؞ کذاالمظالم ڢادداماولا تعل
بَىْ تَارࣸدَوَࢽْدَيَىْ حَڧَابَا,بَىْ تَارࣸدَوَࢽْدَيَيْ حَڧَابَا
بَأيْمَسَ کَيْتࣸوارَࢽْ ذࣸبِيبَا,بَأَيْمَسَ کَيْتࣸوارَࢽْ ذࣸبِيبَا
دَمَيْ کِسَّࢽْ کࣸوحَکَࢽَادَاَلغࣸشࣸ دࣸࢽْ سࣸسَࢽْ   ڢَبَاسࣸ ثِکِࢽْ جَمَعَا تَاَلࢽَّبِ أحْمَدَا,دَمَيْ کِسَّࢽْ کࣸوحَکَࢽَادَاَلْغࣸشࣸر دࣸࢽْ سࣸسَࢽْ  ڢَبَاسࣸ ثِکِࢽْ جَمَعَاتَاَلࢽَّبِ أَحْمَدَا
ࢽَکࣸوثٜيٰ دَشَاهࣸوَکَيْ يَايَاسࣸکٜي  ࢽِيدَيْ إِࢽَاڢَاتَاإِࢽَاڢَاتَاإࢽْغَابوٰمࣸتَابوٰ,ࢽَکࣸوثٜيٰ دَشَاهࣸوکَيْ جَبَايَايَاسࣸکٜيٰ  ࢽِيدَيْ إِࢽَاڢَاتَا إِࢽْڧَاࢽٜيٰ مࣸتَاࢽٜيٰ
مَاسࣸويَارَاکࣸسَامَکَرَࢽْتَا   کࣸبَرْسّکٜيٰ وَاکٜيٰ وَعَظِيࢽَسَىٰ,مَاسࣸويَارَاکࣸسَامَکَرَࢽْتَا  کࣸبَرْسَکٜيٰ وَاکٜيٰ وَعَظِيࢽَسَىٰ
سࣸࢽَادَعَيْبِي إࢽْ بَسࣸتࣸوبَبَا     إࢽْ عَࢽْ سَکَاسࣸووࣸتَابَامَىْ ڢِتَا,سࣸࢽَادَعَيْيَ إِࢽْ بَسࣸتࣸوبَبَا  إِࢽْ عَࢽْ سَکَاسࣸووࣸتَابَامَيْ ڢِتَا
طَيْ دَيإيِمَ کࣸووَتَبَّتْ حَڧِيڧَا,طَيْ دَيَاإيِمَ کࣸووَتَبَّتْ حَڧِيڧََا
أَࢽْکَ رَايَابِرْبِشِࢽْت     دَاشِࢽَاهࣸومَرْسَرَوْتَ,أَࢽْکَ رَايَابِرْبِشِࢽْتَ   دَاشِࢽَاهࣸومَرْسَرَوْتَ
سَسَّڧٜىٰ سَيْوَاأَتࣸواْࢽࣸواْ   سَيْتَ شَاسࣸ کَمَرْدَبِيࢽࣸواْ,سَسَّڧٜيٰ سَيْوَاأَتࣸواْࢽࣸواْ  سَيْتَ شَاسࣸ کَمَرْدَبِيࢽࣸواْ
کَمَرْ مࣸسَادَدَامࣸسَابَا,کَمَرْمࣸسَادَدَامࣸسَابَا
دࣸومِࢽْ کࣸوَکَرٜىٰ عَکࣸوىْ مَاسࣸ سَࢽْسَ    بَامَيسَࢽْ مࣸتِࢽْ مَرَرْ صَࢽَاعَ,دࣸومِࢽْ کࣸوکَرٜي عَکࣸوىْ مَاسࣸ سَࢽْسَ  بَامَيْسَࢽْ مࣸتِࢽْ مَرَرْيِࢽْ صَࢽَاعَ
وࢽࢽ کرامثي د الله ييمکا   ياڢور مخلوڧات دک سࢽبيکا,وࢽࢽ کراماثي دالله ييمکا   ياڢور مخلوڧات دࣸک سࢽبيکا
شکࢽ بيو سيغذاب غدا اغوغي    ولاتاشي ولا أب اࢽصارا,شکࢽ بيو سيعذاب غدااغوغي  ولاتاشي ولا أب اࢽصارا
دَيَاغَ کࣸطِࢽْکَ يَيْ کَمَرْذَايَڧࣸوَثٜي  شِيکࣸو بَيْدَ ڧࣸوڧرْيَيْ صَࢽَاعَ,دَيَاغَ کࣸطِࢽْکَ يَيْ کَمَرْذَايَڧࣸوَاثٜيٰ   شِيکࣸويَيْدَڧࣸوڧَرࢽْ يَيْ صَࢽَاعَ
الحمدلله رب العلميࢽ. تَمَتْ,الحمدلله رب العلميࢽ اتَمَتْ
مࣸمْتࣸووࣸيࣸويࣸومَوْطࣸ کيْطࣸ عࣸمࣸمْتَتَا هَنتࣸومَ مࣸمْتࣸرࣸمَاطَ جَالࣸعْ جٜمْتَتَ,مࣸمْتࣸووࣸيࣸبࣸومَوْطࣸ کࣸيْطࣸ عࣸمࣸمْتَتَا هَنْتࣸوࣸممࣸمْنࣸࢽْ مَاطَجَالࣸغْ جِمْتَتَا
وَحَلَابَاوَࢽْدَبَي غَمٜيٰبَا,وَحَلَابَاوَࢽْدَبَيْ غَمٜيٰبَا
يَاسࣸ کَيْ إِࢽْدَشَرْعࣸ ثَࢽْ أَࢽْکَ ڢࣸورَا   مَاسࣸ کࣸرࣸورࣸوَا دࣸکْ دَسَارَا,يَاسࣸ کَيْ إِࢽْدَشَرْعࣸ ثَࢽْ أَࢽْکَ ڢࣸورَا   مَاسࣸ کࣸويِࢽْ کَرࣸورࣸوَادࣸکْ دَسَارَا
هَرْدَبࣸوأيْکِࢽْ بَتَثّٜىٰ لࣸوطࣸ مَاطࣸغࣸومࣸࢽْجِ أࢽْثٜىٰ,هَرْدَبࣸوْأَيْکِࢽْ بَتَثٜيٰ لࣸوطࣸ مَاطࣸغࣸممࣸࢽجِ أَࢽْثٜيٰ
شِرْوَادَبَࢽْ غَڢِيَادَبَࢽْ جَاکَادَبَࢽْ  دَمثِيجِيَاأَثِکِࢽْسࣸ مَاتَࢽْ أَوْرٜيٰ,شِرْوَادَبَࢽْ أغَڢِيَادَبَࢽْ أجَاکَادَبَࢽْ   دَمَثِيجِيَاأَثِکِࢽْسࣸ مَاتَࢽْ أَوْرٜيٰ
ࢽٜىٰ يثٜىٰ إࢽْذࣸواْࢽَدࣸوبِ   يَاذَمَࢽْسࣸ ثِکِࢽْ عَذَابَ,ࢽٜىٰ يَثٜىٰ إِࢽْذࣸواْࢽَدࣸوبِ  يَاذَمَࢽْسࣸ ثِکِࢽْ عَذَابِ
بَأَکَࢽْ ذَوْࢽَادَلَاڢِيَابَا,بَأَکَࢽْ ذَوْࢽَادَلَاڢِيَابَا
کࣸࢽِي سَࢽْثِ تَارِيَ دَسَرْکِي عࣸبَࢽْغِجِ ؞  کࣸيِ ࢽِيسَا دَيِࢽْ سِحْرِي إِذَࢽْ کࣸࢽْبِ أَحْمَدَا,کࣸࢽِي سَࢽْثِ تَارِوَدَسَرْکِي عࣸبَࢽْغِجِ ؞  کࣸيِي ࢽِيسَادَيِࢽْ سِحْرِي إِذَࢽْ کࣸࢽْبِ أَحْمَدَا
بَازَيْ إِيَ ڟَيْدَ جࣸمَعَابَا,بَازَيْ إِيَ ڟَيْدَجࣸمࣸعَابَا
بَکَاسَامِ يَسࣸ أَهَلَّکَابَا,بَکَ سَامِ يَسࣸ أَمَلَّکَابَا
فدثم مارمت من ذاالباب مࢽ غرض ؞ ڢافبله ولتدع لى بألخير وابتهل,فدثم مارمت مࢽ ذاالباب مࢽ غرض ؞ ڢافبله ولتدع لى بالخير وابتهل
اَللَّه إِࢽّارࣸوڧࣸࢽْکَ دَارَ الْجَࢽَّةِ  ءࣸمِّي وَأَبِي دࣸتْدَ جࣸمْلاَ ࢳࢽْ عࣸوَا,اَللَّهْ إِࢽَارࣸوڧࣸࢽْدَدَرَااَلْجَࢽَّةِ ءࣸمِي وَأَبِي دࣸتْدَجࣸمْلَاࢳِࢽْ عࣸوَا
تَࢽَاعِيٰ ثٜيٰوَ مِجِ مَتَلَوصِي  کࣸودايَايِ کࣸطِࢽْ طَࢽْ تَاتَا,تَࢽَاعِࢽَ ثٜيٰوَمِجِي مَتَلَوْثِي کࣸودَايَايِ کࣸطِࢽْ طَࢽْ تَاتَا
أَࢽْ کࣸورٜيٰ مَيْزِࢽَىٰ دࣸومِࢽْ وَارِي  وَارِِࢽْسَايَاڢِي ࢽَجَابَاالاَخِرَىٰ,أَࢽْ کࣸورٜيٰ مَيْزِࢽَىٰ دࣸومِࢽْ وَارِي وَارِࢽْسَايَاڢِي ࢽَجَابَاالخِرَىٰ
وَ غَسْلࣸ ࡼلْوَ جْهِ عٜلࣽو تࣸدٜ يٜيسࣽڢࣽرْ وَ غَسْلࣸ ࡼ لْيَدَيْرِ,وَغَسْلࣸ ࡼلْوَجْهِ عٜلࣽوتࣸدٜيٜيسࣸفࣽࢽْ وَغࣸسْلࣸ ࡼلْيَدَيْرِ
مَيَّاوࣸو ثِکِࢽْ غَرِي بّادَلِيلِ  بَا عَيْکِࢽْ ڢَرِي بَڧِي بَا صَࢽَاعَ,مَيَّاوࣸوثِکِࢽْ غَرِي بَادَلِيلِ   بَاعَيْکِࢽْ ڢَرِي بَڧِي بَاصَࢽَاعَ
دࣸدَّکࣸومَيْمَڟٜيٰ عَدِيمِ غَبَاشِي   دࣸدَّکࣸومَثّٜيٰ وَدَّتَتّرْدَکِيشِي,دࣸدَّکࣸومَيْمَڟٜيٰ عَدِيمِي غَبَاشِي  دࣸدَّکࣸومَثٜيٰ وَدَّتَتَّرْدَکِيشِي
إࢽْتَوَاڟࣸ سَىْ أَسࣸومَا     مࣸومِࢽِي إِࢽࣸوَرْسَلَامَ,إِࢽْ تَوَاڟࣸ سَىْ أَسࣸومَا  مࣸومِࢽِي إِࢽࣸوَرْسَلَامَا
رمࢽ اسم اسمه الودزداللطيڡ ڢى خاسر مࢽ ذهب عندصلاة,رمࢽ السم اسمه الوروداللطيڡ ڢى خالڢرسࢽ ذلهب عندصلاا
عٜصَحَابَعٜرْ مَکّࣽ وَ سَلَّمَ تَسْلِيماً,عٜصَحَابَعٜرْمَکّࣽ وَسَلَّمَ تَسْلِيمَا
طَيْبَ غࣸࢽْ کَاکَࢽْ حࣸسَيࢽِ  إِࢽْ يَبࣸواْ أَبِکِࢽ سࣸکࣸوىِ,طَيْبَ غࣸࢽْ کَاکَࢽْ حࣸسَيْࢽِ  إِࢽْ يَبࣸواْأَثِکِࢽْ سࣸکࣸوࢽِ
مࣸوسَ کࣸواْ عَبْدࣸالسَّلَامِ  سࣸࢽْوࣸثى وَࢽَࢽْ مࣸڧَامِ,مࣸوسَ کࣸوْاْعَبْدࣸالسَّلَامِ سࣸࢽْوࣸثٜىٰ وَࢽَࢽْ مࣸڧَامِ
دَرَشِࢽْ أَبِࢽْثِي کࣸورْشِࢽْ سࣸࢽ جَدٜ کࣸوکࣸو بِيَࢽْ مࣸوتَا أَجٜي غࣸࢽْ ࢳࢽْ عࣸوَا,دَرَشِࢽْ أَبِࢽْثِي کࣸورَشِࢽْ سࣸࢽْ جَدِ   کࣸوکࣸوبَيَࢽْ مࣸوتَاأَجٜࢽ غࣸرْࢳࢽْ عࣸوَا
دࣸکْ مَسࣸواْکَتَرِي غَأَيْکِ    تَمْبَيَرْسَ تَکَࢽْڢِ کِرْکِ,دࣸکْ مَسࣸواْکَتَرِي غَأَيْکِ   تَمْبَيَرْسَ تَکَࢽْڢِ کِرْکِ
سَࢽَّࢽْ بَتَ ڢَاسَ أَوْکࣸوَابَا,سَࢽَّࢽْ بَتَ ڢَاسَ أَوْکࣸوَابَا
دࣸکَـ وَࢽْدَ يَڧِيْکَـ مَايِي غَابَا,دࣸکَ وَࢽْدَيَڧِيکَ مَايِي غَابَا
مَيْ شِغَاوࣸتَاوَتَا تَࢽْبَيَا  دࣸࢽْ عَࢽْ وَحَلْسَيْ بَاعَيْبِي بَࢽٜيٰ,مَيْ شِغَاوَتَاوَتَاتَࢽْبَيَا  دࣸࢽْ عَࢽْ وَحَلْسَيْ بَاعَيْبِي بَࢽٜيٰ
تمت بحمدالله,تمت بحمدالله
بَسࣸکَࢽْ رَبࣸ بَادَسࣸࢽْ ڢَطَابَا,بَسࣸکَࢽْ رَبࣸ بَادَسࣸࢽْ ڢَطَابَا
ِࡹِلَح ࡻلْکࣸوعَيْࢽِ هَاکَکࣸوعࣸوجٜ وَالْڢَوْرࣸعٜيَذِّنْدٜ,ࡹِلَح ࡻلْکࣸوعَيْرِ هَاکَکࣸوعࣸوجٜ وَالْڢَوْرࣸعٜيَذِّنْدٜ
کࣸࢽْجِيَاغَسْکِيَاڢَࢽَا بَابࣸ شَکَّا   حَاکِمَيْ مَاسࣸ يِࢽْ ڢَطَاثَࢽْ غَذَکَّا,کࣸࢽْجِيَاغَسْکِيَاڢَࢽَابَابࣸ شَکَّا   حَاکِمَيْ مَاسࣸ يِࢽْ ڢَطَاثَࢽْ غَذَکَّا
کواْوࢽى,کواْوࢽي
شَيْخࣸ مٜىٰ ࢽٜىٰࢽٜىٰ دَوَاءِ؟    وَࢽْغَ مࣸوࢽَࢽَّࢽْ بَلاءِ؟,شَيْخࣸ مٜىٰ ࢽٜيٰࢽٜىٰ دَوَاءِ؟  وَࢽْغَ مࣸوࢽَࢽَّࢽْ بَلَاءِ؟
إِدَࢽْ بَاضَرࣸورَا کَبَرْ سࣸࢽْ ڧَتَارَا  ذَمَابَابࣸ کٜيوࣸ دَمَيْيِࢽْ زِࢽَا,إدَࢽْ بَاضَرࣸورَاکَبَرْࢽِسِْ غِتَارَا  ذَمَايَابࣸ کٜي وࣸدَمَيِيࢽْ زِࢽَا
إِࢽْ تَذَمْ ࢳَاثٜيٰ تَ تَمَࢽْيَا    غَاشِ تَاذَمَ مَيْ بِيَيَّا,إِࢽْ تَذَمْ ࢳَاثٜيٰ تَ مَࢽْيَا غَاشِ تَاذَمَ مَيْ بِيَيَّا
کࣸوْوَّبِي حَࢽْيَرْةْ يَابِي بَةَ,کࣸوْوَّبِي حَࢽْيَرْةَ يَابِي بَةَ
اࢽ لم تزدبعد بى ض ڢضل ناڢلة ؞ ڢاکڢڢ عࢽ الشى لاتجنح الى زلل,اࢽ لم تزدبعدڢىر ض ڢضل ناڢلة ؞ ڢاکڢڢ عࢽ الشر لا تجخح الى زلل
الومحا ڢعسى مولاى ير حمهما ؞ فديرحم الله اڢضالابلاعمل,الومما ڢعسى مولا ى ير حمها ؞ فدير حم الله اڢضالا بلاعمل
يَࢽَادَصَحَبَيْ ࢽَسْ غࣸدَا ڢࣸطࣸ أَࢽْکَثٜيٰ ؞  کَمَࢽْ ࢽَرَسࣸولَ اللَّهِ کَاکَࢽْسَ أَحْمَدَا,يَࢽَادَصَحَبَيْ ࢽَسْ غࣸدَاڢࣸطࣸ أَࢽْکَثٜيٰ ؞ کَمَࢽْ ࢽَرَسࣸولَ اللَّهِ کَکَࢽْسَ أَحْمَدَا
کࣽعَدِء عࣽنٜنّࣸدٜ طٜ ڢِح ࡽلاِّنَآءِتࣸمِرَࢽْ وَالْمَضْمَضَةࣸ,کࣽعَدِ>عࣽنٜنّࣸدٜطٜ ڢِح ࡽلاِّنَآءِتࣸمِرَرْوَالْمَضْمَضَةࣸ
ڢل کيڡ احوالنا حيࢽ الجوازعلى ؞ ارومࢽ شعراوصارم البطل,ڢل کيڡ احوالناحيࢽ الجوازعلى ؞ ارڡمࢽ شعراوصارم البطل
مࣸتࣸمْ کَرْيَيِووبࣸورَا دَأَيْکِࢽْ وَࢽِي ࢽَسَ ؞  کࣸووَاڢَ تَکَࢽْسَ إِࢽجِ مࣸحَمَّدَا,مࣸتࣸمْ کَرْيَيِوࣸولࣸورَادَأَيْکِࢽْ وَࢽِ ࢽَسَ ؞  کࣸووَاڢَ يَࢽْ تَکَࢽْسَ إِࢽْجِ مࣸحَمَّدَا
سي سثٜي,سى سثٜى
يَعْڧࣸوبࣸ غࣸسَوْ؞,يَعْڧࣸوبࣸ غࣸسَوْ
مع انهااهࣸم جاءت موکدة ؞ للمعجزات تبيࢽ الصدوللرسل,مع انهااهم جاءت موکدة؞ للمعجزات تبيࢽ الصدڡ للرسل
رَاࢽٜيٰ شࣸوطِ دَيَوْڧِ    بَاسࣸيِ دَکَ غࣸمَّ ڧࣸوّڧِ,رَاࢽٜىٰ شࣸوطِ دَيَوْڧِ  بَاسࣸيِ دࣸکَ غࣸمَّ ڧࣸواڧِ
والا ڢضل الخلڢاءال الراشدوࢽ و فد؞ تڢاضلو اينهم ڢضل الجميع جل,والاڢضل الخلڢاءالر اشدوࢽ وفد؞ تڢاضلواينهم ڢضل الجيع جل
ولرسول شڢاعات وءاخرها ؞ لکل عاص ثوى نارالجحيم صل,وللر سول شڢاعات وءاخرها ؞ لکل عاص ثوى نارالجحيم صل
کࣸطَوْکِ مَاشِي حَرْدَتَکࣸبَࢽَا  ذࣸوثِيَرْ کࣸوکࣸيْ تَشِرِࢽْ ڢَطَا,کࣸطَوْکَ مَاشِي حَرْدَتَکࣸبࣸࢽَا  ذࣸوثِيَرْ کࣸوکࣸيْ تَشِرِࢽْ ڢَطَا
رَبَّࢽَاکَجِڧَࢽْ مࣸسࣸلْمِى    دࣸثِکَࢽْمࣸ کَسَامࣸسَامِ,رَبَّࢽَاکَجِڧَࢽْ مࣸسࣸلْمِي  دࣸثِکَࢽْمࣸ کَسَامࣸسَامِ
کࣸطَوْکِ حَࢽْڧࣸرِي دّࢽْڧِ دَڟَࢽَࢽِي إِذَرَيَذࣸوا؞   شِيمَاحَدِيشِ ࢽٜيٰ يَࢽࣸوࢽَ غَأَحْمَدَا,کࣸطَوْکِ حَࢽْڧَرِي دَࢽْڧِي دَطَࢽَࢽِي إِذَرَيَذࣸوا شِيمَاحَدِيشِ ࢽٜي بَࢽࣸورَ غَأَحْمَدَا
کࣸومَيْ کَيࣸو طَࢽْأَدَمْ ڢَ کَتَبَّتَا   اَللَّهࣸ ذَيْ سَاکَ وَلَوکَلّࣸوࢽٜيٰ,کࣸومَيْ کَيࣸوطَࢽْأَدَمْ ڢَ کَتَبَّتَا   اَللَّهࣸ ذَيْ سَاکَ وَلَوْکَلّࣸوࢽٜيٰ
ࢽَࢽْ يَتَتَّرَثٜيٰ ڢَࢽٜيٰسَا   مَرْشِثٜيٰماࢽَاإِبِࢽْسَا,ࢽَࢽْ يَتَتَّرَثٜيٰ ڢَࢽٜيْٰسَا  هَرْشِثٜيٰمَاࢽَاإِبِࢽْسَا
سَادَمَيْ لࣸغࣸدٜيٰ دَغࣸوطَا    حَرْمَذَاجٜيٰ مَاسࣸ بࣸوطَا,سَادَمَىْ لࣸغࣸدٜيٰ دَغࣸوطَا  حَرْمَذَاجٜىٰ مَاسࣸ بࣸوطَا
وَࢽْدَيَىْ رَࢽْثٜىٰ غَرٜىٰکَ   رَࢽْ بِيَاحَکَ ذَىْ بِيَاکَ,وَࢽْدَيَىْ رَࢽْثٜيٰ غَرٜيٰکَ  رَࢽْ بِيَاحَکَ ذَىْ بِيَاکَ
سِعَرِيمࣽ لَمْدِ تࣽتࣽوٜبٜبٜࢽ يࣸبٜ مَاکࣸمࣸ ووْلرْيࣸفِطࣽ اللَّه نٜعْمَ مࣽسٜيرَتا,سِعَرِيمࣽ لَمْدِتࣽتࣽوبٜبٜࢽ يࣸبٜ مَاکࣸمࣸ ووِّلِرْيࣸفِطࣸ ࡼللَّهࣸ نٜعْمَ مࣽسٜيرَتَا
سَاسَࢽْ وَࢽِي بَادَسَلٍََّمَابَا,سَاسَرْوَࢽِي بَادَسَلَّمَابَا
عَبَادَࢽْ دَبَابࣸ سَࢽ کࣸسَࢽْ بَاتَ ݣٜوْتࣸوَا ؞ شِيمَاحَدِيثِࢽْ ࢽٜيٰ صَحِيحِ غَأَحْمَدَا,عِبَادَࢽْ دَبَابࣸ سَࢽِ کࣸسَࢽْ بَاتَ کٜوْتࣸوا ؞  شِيمَاحَدِيثِْ ࢽٜيٰ صَحِيحِ غَأَحْمَدَا
ڢلاخلودلعاص المومنين کا ؞ اࢽ الشڢاعت للکڢارلم تصل,ڢلاخلودلعام المومنيࢽ کما ؞ اࢽ الشڢاعت للکڢارلم تصل
ڢَصْلࣸࣸ مَّالَمْ غَجٜيرٜيٰ ࢽَدَامࣸواْ,ڢَصْلࣸ مَالَمْ غَجٜيٰرٜيٰ ࢽَدَامࣸواْ
بَاسࣸ کࣸوْاْمَ مِجِࢽْسࣸ ڧٜيٰتَا   بَاسࣸ ݒَاتَاوَرْذࣸمࣸࢽْتَا,بَاسࣸ کࣸوْاْمَ مِجِࢽْسࣸ ڧٜيٰتَا  بَاسࣸ بَاتَاوَرْذࣸمࣸࢽْتَا
أَࢽَّبَاوَادَمࣸرْسَلَيْ دَوَلِيَّࢽْ عࣸبَࢽْغِجِ ؞ سࣸࢽْذࣸوغَࢽِ ثَڢَّ غَجِيکَࢽْ مࣸحَمَّدَا,أَࢽَّبَاوَادَمࣸرْسَلَيْ دَوَلِيَّࢽْ عࣸبَࢽْغِجِ ؞ سࣸثْذࣸوغَرِ ثَڢَّ غَجِيکَࢽْ مࣸحَمَّدَا
حَرْأَݣࣸىْ ثࣸوتَابَيَمَّا    وَࢽْسࣸ تࣸࢽْ أَثِکِࢽْ بَشِيمَا,حَرْأَݣࣸيْ ثࣸوتَابَيْمَّا   وَࢽْسࣸ تࣸࢽْ أَثِکِࢽْ بَشِيمَا
وࣽطِّنْتِنٜيدٜعٜيࣸرْمٜيدٜأَلَّ وَفَالَ عࣽمَاکِ صَلَّى ࡻللَّهࣸ,وࣽطِّنْتِنٜيدٜعٜيࣸرْمٜيدٜأٔلَّ وَفَالَ عࣽمَاکِ صَلَّى ࡻللَّهࣸ
والله اسنل ت نڢع الجميع به ؞ اذلايضيع ڢضلاکل ذ>امل,والله اسنل ت نڢڢ الجميع به ؞ اذلايضيع ڢضلاکل ذ>امل
و تب على الڢوراࢽ فارڢت سئيت ؞ لا تمهلࢽ  عا ساعةڢالذنب ڢى,وتب على الڢوراࢽ فارڢت سينت ؞ لا تمهلࢽ عاساعة ڢالذنب ڢى
وَهِىَ نࣸطࣽࢽْ ڢِعْلࣸ ࡼلْمَامࣸورَاتِ کࣸهࣸوٜوࣽفࣽلْ يَمِرَاطࣶ,وَهِىَ نࣸطࣸࢽْ ڢِعْلࣸ ࡼلْمَامࣸورَاتِ کࣽهࣸوٜوࣽفࣽلْيَمِرَاطࣶ
أرْبَعِࢽْ دَبَݣَىْ دَعکّࣸ     أࢽْدَطٜىٰ مَاکَاکِࢽَࢽْکࣸ,أَرْبَڢِࢽْ دَبَݣࣸيْ دَعࣸکّࣸ  أَࢽْ دَطٜيٰ مَاکَاکَࢽِࢽْکࣸ
يَيْ کِرَايَاثٜيٰ دَشِي يَا مࣸحَمَّدَا ؞ سَرْکِࢽْکَ يَاغَيْشٜيکَ سِيدِ مࣸحَمَّدَا,يَيْ کِرَايَاثٜيٰ دَشِي يَامࣸحَمَّدࣸ ؞ سَرْکِࢽْکَ يَاغَيْشٰٜکَ سِيدِ مࣸحَمَّدَا
درࢽ متوادرࢽتاش ڧياما    ودࢽغ غتالکي ميع الࢽصارا,درࢽ متوادرࢽتاس ڧياما  ودࢽغ غتالکي ميع الࢽصارا
ڟَيْڟَيَاوَسَيْ أَکࣸوْاْرَا   حَرْذࣸوَا مَڟَيَاأَتَارَا,ڟَيْڟَيَاوَسَيْ أَکࣸوْاْرَا  حَرْذࣸوَامَڟَيَاأَتَارَا
وَࢽْدَکٜيٰ ڧَمْࢽَا ثٜيٰتࣸوࢽَسَا   يَاڟَرٜيٰ مَاتَاتَسَاعَاءِشَةࣸ,وَࢽْدَکٜيٰ ڧَمْࢽَاثٜيٰتࣸوࢽَسَا  يَاڟَرٜيٰ مَاتَاتَسَاعَاءِشَهْ
حَرْدَمَاتَاکࣸوڧَࢽَاࢽَا    مَالَمَࢽْ سࣸتَهࣸوْاسࣸذَوْࢽَا,حَرْدَمَاتَاکࣸوڧَࢽَاࢽَا  مَالَمَࢽْ سࣸتَهࣸواْسࣸذَوْࢽَا
ࢽَاذࣸوکَࢽْکࣸ مَاسࣸ ڧَرْيَرْشَرِڢْتَ    مَکࣸوَطَيْتَاوَطَࢽْدَبَاسَاسَࢽَاعَ,ࢽَاذࣸوکَࢽْکࣸ مَاسࣸ ڧَرْيَرْشَرِڢْتَ  مَکࣸوَطَيْتَاوَطَࢽْدَبَاسَاسَࢽَاعَ
إِسمِ هذِهِ اِلشِعْرِ بِکَلِمَةِ اِلْعَجَمِ,إِسمِ هَذِهِ اِسشِّعࣸرَبِکَلِمَةِ اِلْعَجْمِ
إِࢽْ ڢَطَامَسَ يَࢽْ جࣸکَاتَ  کى غَي سَ دَتَاڟَ,إِࢽْ ڢَطَامَسَ يَرْبࣸکَاتَا کىٰ غَي شٜࢽ دَتَاڟَتَا
وَࢽْدَ کبى ڟَامࣸوا ڟَّڟى  يَارِڧىمࣸدَسࣸوْاکَرَࢽْڟى,وَࢽْدَکٜىٰ ڟَامࣸواْ ࢽࣸڟَڟٜي  يَارِڧٜىٰمࣸ دَسࣸواکَرَࢽْڟٜى
اللَّهࣸ سَرْکِي دَبَّيَمࣸ دࣸکَا  کَيَاڢٜي ذَࢽَبَّࢽَمࣸ دَࢽْ رَحْمَرْکَا,اللَّهࣸ سَرْکِي دَبَّيْمࣸ دࣸکَا کَيَاڢٜيٰ ذَࢽَبَّمࣸ دَࢽْ رَحْمَرْکَا
دَبَکَىْ دَيْدَىْ أَدࣸوࢽِيَابَا,دَبَکَيْ دَيْدَيْ أَدࣸوࢽِيَابَا
کࣸوْاْغَأَوْرٜيٰمَادَشِࢽٜيٰ    کَࢽْ کَتَرْثِ أَحَيڢِ وَاࢽٜيٰ,کࣸوْاْغَأَوْرٜيٰمَادَشِࢽٜيٰ کَࢽْ کَتَرْثِ أَحَيْڢِ وَاࢽٜيٰ
بَشِکَࢽْ سَامٜيٰتَ رَࢽْ ذࣸبِيبَا,بَشِکَࢽْ سَاجٜيٰتَ رَࢽْ ذࣸبِيبَا
زَارِيَ,زَارِيَ
اللهࣸ نࣽدَالَ عࣽدَالَنَبٜࢽْ کࣽىِ وَوْطࣽفࣽوتࣸ عٜفَلْ تَفࣸوَلْ,ࡻللّهࣸ نࣽدَالَ عࣽدَالَنَبٜࢽْکࣽࢽِ وَوࣽطࣸ کࣽفࣽوتࣸ عٜفَلْ تَفࣸوَلْ
مَࢽ لَّمْ يَمْلِکࣸ عࣽمّࣽ جٜيَارِلِسَانَهࣸ طٜنْفࣸلْ مَکّࣸ,مَࢽِ لَّمْ يَمْلِکࣸ عࣽمّࣽࣸ جٜيَارِلِسَانَهࣸ طٜنْفࣵلْ مَکّࣽ
بَاسࣸ رَرَّبَ تَتَّلِࢽْسࣸ    دࣸࢽْ يَوَࢽْ بِࢽْ غَسْکِيَرْسࣸ,بَسࣸ رَرَّبَ تَتَّلِࢽْسࣸ  دࣸࢽْ يَوَࢽْ بِࢽْ غَسْکِيَرْسࣸ
سَࢽْدَذَاسࣸ ثِي مࣸواْرِيَرْکَ    بَاکَسࣸواْسࣸغَ أَرْزِکِࢽْکَ,سَࢽْدَذَاسࣸ ثِي مࣸواْرِيَرْکَ بَاکَسࣸواْسࣸغَ أَرْزِکِࢽْکَ
دَࢽْ کِسَࢽِي اِللَّهْ بَأَذامَيْ   شِي يَعَذَامَشِ شِي ذَيْݣٜوْتَا,دَࢽْ کِسَࢽِي اِللَّهْ يَأَذَامَيِْ  شِي يَعَذَامَشِ ثِي ذَيْݣٜوْتَا
مَيْأرْزِڧِي إِࢽْيَابِ ذَيْدَطَاأَرْزِڧِي  اَلْمَاجِرِي إِࢽْيابِ ذَيْدَطَڧَارࣸوَا,مَيْأَرْزِڧِي إِࢽْيَابِ ذَيْدَطَاأَرْ زِڧِي   اَلْمَاجِرِي إِࢽْيَابِ ذَيْدَطَڧَارࣸوَا
19,وا
ڧَيَاڢَڢٜيٰوَإࢽْ يَڧَارٜيٰ    غَالِکَّڢَࢽِي أطَمْرٜيٰ,ڧَيَاڢَڢٜيٰوَإࢽْ يَڧَارٜيٰ  غَالِکَّڢَࢽِي أَطَمْرٜيٰ
بَأَبَاشِ سَبࣸوْادَغَرْدَمَابَا,بَأَبَاشِ سَبࣸواْدَغَرْدَمَابَا
إِتَبَاتارَرْتَکَىْ شِرِيبَا,إِتَ بَاتَارَرْتَکَيْ شِرِيبَا
نعم بنوريفيࢽ الفلب نعى ڢى ؞ کمايليڡ به ڢى ا عدل السبل,نعم بنوريفيࢽ الفلب نعرڢه ؞ کمايليڡ به ڢى اعدل السبل
ولنتحلم السعى نا فول وناعمل ؞ وکࢽ باخراک ڢى الدنياک ڢى شغل,ولتحلم السعى ت فول وناعمل ؞ وکࢽ باخراک ڢى الدنياک ڢى شغل
دَکوࣸحَࢽْڧࣸرِِࢽْ وَحَلَرْعِبَادَدحَࢽْڧࣸرِِࢽْ     تَلَوْثِي کَبَادَڢَطَوْکَکَاإِࢽْدَأحَمَدَا,دَکࣸوحَࢽْڧࣸرِࢽْ وَحَلَرْعِبَادَادَحَࢽْڧࣸرِࢽْ   تَلَوْثِي کَبَادَڢَطَوْکَکَاإِࢽْدَأَحْمَدَا
سَيْدَيْ کࣸمَا کَرْأَغَجِ دَبࣸغࣸوَّاسَبࣸودَأَݣࣸيْ مَڟَلࣸولِي دَيَوَوَطَࢽْدَ,سَيْدَيْ کࣸمَاکَرْداَغَجِ دࣸبࣸغࣸوَّاسَبࣸودَأَݣَيْ مَڟَلࣸولِي دَيَوَوَطَࢽْدَ
ادٰٜيٰرٜيرࣸمَيْرࣸعٜکࣸومْتِ مَيْرࣸدࣸحࣸوْتعࣸࢽْ ڢَاڢٜجࣸطࣸࢽْ دࣸکّࣸووࣸبَارْطࣸ مࣸهَابَتَا,دٜيٰرٜيرࣸمَيْرࣸعٜفࣸرمْتِ مَيْرࣸدࣸحࣸوْتَعࣸنْ بَاڢٜجَطࣸࢽْ دࣸکࣽووࣸبَارْطࣸ مࣸهَابَتَا
يَࢽْعࣸوَاوَعَظِيࢽَايَاثِکَا   سَيْ مࣸومِࢽِي کٜيٰ أّࢽْڢَاࢽِي ࢽَسَا,يَࢽْغࣸوَاوَعَظِيْࢽَايَاثِکَا سَيْ مࣸومِࢽِي کٜيٰ أَࢽْڢَاࢽِي ࢽَسَا
ݣࣸاࢽَکِࢽْ دَتَرࣸوطٜيٰ دࣸوࢽِيَا   مَيْرَيْ يَکَࢽْثٜيٰ دَامَاࢽَامَثٜيٰ,کࣸاࢽَکِࢽْ دَتَرࣸوطٜيٰ دࣸوࢽِيَا  مَيْرَيْ يَکَࢽْثٜيٰ دَامَاࢽَامَثٜيٰ
صنع الا له الذي بالحواتفنها ؞ عن فاس بالعغل صنع الله لم ينل,صنع الاله الذي بالحڡ اتفنها ؞ عࢽ فاس بالعفل صنع الله لم ينل
واعلم باࢽ عيو ب النڢسى ملکة ؞ اڢلما ميلحا للعجزوالکسل,واعلم باࢽ عيوب النڢس ملکة ؞ افلما ميبلما للعجزوالکسل
کَاغَاتَايَارَاڧَࢽْڧَࢽَا   سࢽْڧِ أَمْرٜيٰ سَيْ يَاوࣸو سࣸکٜيٰ,کَاغَاتَايَارَاڧَࢽْڧَࢽَا  سࣸࢽْڧِ أَمْرٜيٰ سَيْ يَاوࣸوسࣸکٜيٰ
ڧِيْدَسࣸوْاأࢽْ شࣸوکَ ثࣸوتَا    مَاسࣸ بِي ࢽَسَ سَيْ مࣸغࣸࢽْتَا,ڧِيْدَسࣸوْاْأَࢽْ شࣸوکَ ثࣸوتَا  مَاسࣸ بِي ࢽَسَ سَيْ مࣸغࣸࢽْتَا
رࣸوَࢽَ دَحَزَاࢽࣸ دَسࣸوذَاس وَࢽْکَا  سࣸشَارَࢽْعَذَا بَامࣸتَاࢽٜي زِࢽَا,رࣸوَࢽْ دَحَزَاࢽَ دَسࣸوذَاسࣸ وَࢽْکَا   سࣸشَارَࢽْعَذَابَامࣸتَاࢽٜى زِࢽَا
سَيْ أَيَدْدَتَسَࢽْيَ کَࢽْتَا    کَرْکَثٜيٰ غَاتَاغَرٜيٰتَا,سَيْ أَيَدْدَتَسَࢽْيَ کَࢽْتَا کَرْکَثٜيٰ غَاتَاغَرٜيٰتَا
کَىْ ڧَواڧَلْوَاتَاڟِيايٜىٰ   غَامࣸتَاࢽٜىٰ ࢽَاتَمَايٜىٰ,کَيْ ڧࣸواڧࣸلْوَاتَاثِيَايٜيٰ غَامࣸتَاࢽٜيٰ ࢽَاتَمَايٜيٰ
بَاذَي دَرَجَا أَلَاخِرَابَا,بَاذَىْ دَرَجَاأَلَاخِرَابَا
دَامَ کࣸواْ حَوْࢽٜيٰ دَڧَرْڢِي   غَادࣸحࣸوڧَشِيرْدَذࣸرْڢِي,ذَاعَ کࣸواْحَوْࢽٜيٰ دَڧَرْڢِي غَادࣸحࣸوڧَشِيَرْدَذࣸرْڢِي
هَࢽّࣸواࢽَسَ کرْسࣸوَارٜيٰ   کࣸمَدࣸکَࢽْ أَيْکِي يَڧَارٜيٰ,هَࢽّࣸوَاࢽَسَ کَرْسࣸوَارٜيٰ کࣸمَ دࣸکَࢽْ أَيْکِي يَڧَارٜيٰ
بَادࣸکَ مَثٜيٰ کٜيٰ سَࢽْ اِلدِّيࢽِ بَا  ࢽࣸڢِࢽسࣸ أَبَاسࣸ کࣸطِي سࣸبࣸکَاتَا,بَادࣸکْ مَثٜيٰ کٜيٰ سَࢽْ اِلدِّيࢽْ بَا  ࢽࣸڢِࢽْسࣸ أَبَاسࣸ کࣸطِي سࣸبࣸکَاتَا
حَکَࢽَࢽْ دࣸعَاءِ مّࣸتࣸمْ الظَالِمِي   إِيَاکَثِيࢽَتَا طَاکِࢽْ دࣸوࢽِيَا,حَکَࢽَࢽْ دࣸعَاءِمࣸتࣸمْ أَلظَالِمِي  إِيَاکَثِيࢽَتَاطَاکِࢽْ دࣸوࢽِيَا
إࢽْکࣸوکَکࣸوࢽْتَاغَيْسࣸوَا غࣸࢽْ شࣸوغَبَاࢽْ   کَ سࣸثٜيٰ دَکَيْ لَدَبِࢽْکَ دࣸکْ ࢽَکࣸطِيࢽٜيٰ,إِࢽْکࣸوکَکࣸوࢽْتَاغَيْسࣸوَاغࣸࢽْ شࣸوغَبَاࢽْ کَ سࣸثٜيٰ دَکَيْ ࢽَدَبِࢽْکَ دࣸکْ ࢽَکࣸطِيࢽٜيٰ
بِࢽْ إِيَايٜىٰ ڢَرِضَاوَاجِبِي    وَࢽْدَيَاڧِي بَيَاشَاکَوْثَرَىٰ,بِࢽْ إِيَايٜيٰ ڢَرِضَاوَاجِبِي  وَࢽْدَيَاڧِي بَيَاشَاکَوْثَرَىٰ
تَالِکِي دࣸکْ غَرٜيٰسِ يَسَّامِ حِرْذِي   ࢽَايِوَاڧَغَّ ࢽَاثِکَاأيْڢَ رَمْزِي,تَالِکِي دࣸکْ غَرٜيٰشِ يَسَّامِ حِرْذِي   ࢽَايِوَاڧَغَ ࢽَاثِکَاأَيْڢَ رَمْزِي
حَکَࢽَࢽْ بَاذَاشِ سَامࣸوَابَا,حَکَࢽَࢽْ بَاذَاشِ سَامࣸوَابَا
کَرَامَةࣸ مَهْدِي ڢَکࣸࢽْجِ سࣸوࢽَتَ بَيَّࢽٜيٰ ؞ دَشِي ذَاکࣸ بَࢽْ بَمْتَاتَ أࣸمَّ اَلْمࣸحَمَّدَا,کَرَامَةࣸ مَهْدِي ڢَکࣸࢽْجِ سࣸوࢽَتَ بَࢽَّࢽَٜيٰ ؞ دَشِي ذَاکࣸ بَࢽْ بَمْتَاتَ أࣸمَّ اَلْمࣸحَمَّدَا
مࣸتࣸوَاتَڢِ دَسࣸودَذَمْبَا,مࣸتࣸوَاتَڢِ دَسࣸودَذَمْبَا
ڢاغڢر الى ما اسلڢت مࢽ زلل ؞ وتب على ڢاࢽ الظلم مࢽ فبل,ڢاغدڢى الى مااسلڢت مࢽ زلل ؞ وتب على ڢاࢽ الظلم مࢽ فبل
وࣸنْدࣸدٜعٜڢَاتِحَ وَالاِسْتِوَآعِ عٜڢࣽتࣽدٜرْدٜ,وࣸنْدࣸدٜعٜڢَاتِحَ وَالاِسْتِوَآعِ عٜڢࣽتࣽدٜرْدٜ
کࣸوْاسࣸأَࢽْغࣸلࣸ کࣸوْاسࣸمَيْکِ    کَاحَࢽَامَاطَࢽْکَ کِرْکِ,کࣸواسࣸأࣸࢽْغࣸلࣸ کࣸواْسࣸمَيْکِ  کَاحَࢽَامَاطَࢽْکَ کِرْکِ
ڢلت ونا منه يامولا ومࢽ ظا ؞ فدانضج الفلب والاکبادمࢽ غلل,ڢلتر ونا منه يامولا وى مࢽ ظاء ؞ فدانضج الفلب والاکبادمࢽ غلل
تَکَࢽْ ڢِتَ تࣸࢽْ بَأَىْ بَݣَىْ بَا,تَکَࢽْ ڢِتَ تࣸࢽْ بَأَىْ بَݣَىْ بَا
سَيْ سࣸجَاوࣸوْارَيْ أَجَايٜيٰ دࣸوࢽْ وࣸيَاسࣸوراتَتَوْيٜيٰ,سَيْ سࣸجَاوࣸوْاْرَيْ أَجَايٜيٰ دࣸوࢽْ وࣸيَاسࣸورَاتَتَوْيٜيٰ
مّࣸمّࣸوࢽَࢽْ ذَتࣸو إدَࢽْ ذَاکَيِيشِ  شَيْ کَيِي ثَࢽْ وَجَࢽْ مَرَرْ يِࢽْ صَࢽَاعَ,مّࣸمّࣸوࢽَࢽْ ذَتࣸوإِدَࢽْ ذَاکَيِيشِ  سَيْ کَيِي ثَࢽْ وَجَࢽْ مَرَرْيِࢽْ صَࢽَاعَ
الاالاله الذ>ٜيالحڡ ابدالماء ؞ سبحانه دايات الصبح والاصل,الاالاله الذ> يالحڡ ابدالهاء ؞ سبحانه دابمات الصبح والاصل
مِطࣽ يٜتَّ أَلَّ سٜنيطࣸ وࣸرْطࣽ مࣽمَايَتَا وࣸرْنࣽووࣽ مَيْرَ مࣽبَوْدِمࣸوطࣸم هَتَّتَا,مِطࣸ يَتَّ ࡶَلَّ سٜنِيطࣸ وࣸرْطࣽ مࣽمَايَتَاوࣸرْنࣽووࣽمَيْرَ مࣽبَوْدِمࣸوطࣸمَ هَتَّتَا
دَکࣸطِي دَتࣸڢَاکَمَرْمَهَرْبَا,دَکࣸطِي دَتࣸڢَاکَمَرْمَهَرْبَا
إِذَࢽْ ذَاکࣸ زَمْࢽَاوَاکࣸذَمْࢽَادَصَالِحِي ؞  کࣸبَرْ سࣸࢽْ ذَمَاڢَ دَمَاسࣸ سَاݒࣸࢽْ مࣸحَمَّدَا,إِذَࢽْ ذَاکࣸ زَمْࢽَاوَاکࣸذَمْࢽَادَصَالِحَي ؞ کࣸبَرْسࣸࢽْ ذَمَاڢَ دَمَاسࣸ سَابࣸࢽْ مࣸحَمَّدَا
بَاسَىْ أࢽْسَارࣸوَارࣸوَابَا,بَاسَيْ أَࢽْسَارࣸوَارࣸوَابَا
جِيکَاطࣸورَسْ بَاوَࢽِي ڢَرْغَبَا   دَࢽْ بَابࣸ مَيْثٜيٰوَاڧَرْيَاکَکٜيٰ,جِيکَاطࣸورَسْ بَاوَࢽِي ڢَرْغَبَا دَࢽْ بَابࣸ مَيْثٜيٰوَاڧَرْيَاکَکٜيٰ
ڢَسࣸࢽْڢِ ذࣸمَا دّاطِي دّمَدَرَاڢَسࣸࢽْڢَ   کࣸوتࣸرَارٜيٰ ࢽَمِسکِ ڢَمࣸࢽْجِيَاغَمࣸحَمَّدَا,ڢَسࣸࢽْڢِ ذࣸمَادَاطِي دَمَدَرَاڢَسࣸࢽْڢِا   کࣸوتࣸرَارٜيٰ ࢽَمِسْکِ ڢَمࣸࢽْجِيَاغَمࣸحَمَّدَا
شِى يَيِيْتَ دَسَࢽّࣸ سَࢽّࣸو   ࢽَࢽْ غِدَࢽْ مَڢَمْ أمِيࢽࣸ,شِي يَيِيْتَ دَسَࢽّࣸ سَࢽّࣸو  ࢽَࢽْ غِدَࢽْ مَڢَمْ أَمِيࢽࣸ
ڢى عمْ بد ٢١٨٠,ڢى عمْبى 1ار
حَرْاَبَدَاثِکِࢽْ سࣸکࣸوࢽَادَيِࢽْوَا    يࣸࢽْوَاࢽَاثِکِࢽْ مَرْيِّࢽْ صَࢽَاعَ,حَرْأَبَدَاثِکِࢽْ سࣸکࣸوࢽَادَيِࢽْوَا   يࣸࢽْوَاࢽَاثِکِࢽْ مَرَيِّࢽْ صَࢽَاعَ
يَثٜمَ بَرَادٜࢽْسَ کࣸجٜکࣸ کࣸڢَلْمࣸسࣸ ؞ کَطَيْدَ جَهَادِ کࣸࢽْجِ سَمْرِࢽْ مࣸحَمَّدَا,يَثٜمَ بَرَادٜࢽْسَ کࣸجٜکࣸ کࣸڢَلْمࣸسࣸ ؞ کَطَيْدَجَهَادِ کࣸࢽْجِ سَمْرِࢽْ مَࣸمَّدَا
مَاسࣸ جَوْرَدَمَاسࣸ کࣸوْالِ    ࢳࢽْ رِࢽِي کَغَمٜىٰ مِسَالِ,مَاسࣸ جَوْرَدَمَاسࣸ کࣸواْلِ  ࢳَࢽْ رِࢽِي کَغَمٜيٰ مِسَالِ
تَاڢِتَ تَاسَامࣸواْتَصَلَالٜيٰ  تَاشِغَ يَاوࣸواْ صَࢽَتَاصَࢽْتَا,تَاڢِتَ تَاسَامࣸواْتَصَلَالٜيٰ  تَاشِغَ يَاوࣸواْ صَتَاصَࢽْتَا
ىٰعٜسࣸوَندٜ طࣸمْ عٜسࣸوَندٜطࣸمْ کࣽعَلاَ يٜرࣸسبءصتتا فَلࣸمَاطَغم طࣸمْ ضࣸرَّتَا,عٜسࣸوَندٜطࣸمْ عٜسࣸوَندٜطࣸمْ کࣽعَلَاَيٜرࣸسࣸبٜعٜصتَتَافَلࣸمَاطَفَمَ طࣸمْ ضࣸرَّتَا
کࣸمَ کَدَکࣸوَيْوَيَا ࢽَࢽْ غَدَاغَاتَکَاڢِرَيْ ؞  کࣸࢽِي سَࢽْثِ وَࢽَّࢽْ أَيْ ڢَطَاثٜيٰ تَأَحْمَدَا,کࣸمَ کَدَکࣸوَيْوَيَاࢽَࢽْ غَدَاغَاتَکَاڢِرَيْ ؞  کࣸࢽِي سَࢽْثِ وَࢽَّࢽْ أَيْ ڢَڟَاثٜيٰ تَأَحْمدَدَا
إِࢽْ کَاجٜي کَثٜيٰ يَطَوْکࣸو يَبَاکَ  ثٜيٰوَاذَيِّي يَابَثٜيٰ بَابࣸ عَاعَ,إِࢽْ کَاجٜى کَثٜيٰ يَطَوْکࣸويَبَاکَ  ثٜيٰوَاذَيِّي يَابَثٜيٰ بَابࣸ عَاعَ
جِکِࢽْسَ کَمَرْيَاڧࣸوتࣸ مَرْجَاࢽࣸ أيْ دَکࣸو   ڧَوَسّࣸ دَجَوْهَرْ تَادَشِي دَزَبَرْجَدَا,جِکِࢽْسَ کَمَرْيَاڧࣸوتࣸ مَرْجَاࢽࣸ أَيْ دَکࣸو ڧَوَسّࣸ دَجَوْهَرْتَادَشِي دَزَبَرْجَدَا
کووا يايردا,کووايايردا
سرکࢽ مسلم ياوثي ييسابڧي  مي غࢽدوࢽا بي دک اࢽادوبࢽکا,سرکࢽ مسلمي ياوثي ييسابڧي  مي غࢽدوࢽابي دکاࢽادوبࢽکا
إِࢽْ کࣸمَ يَاڧِ تَکَامَ تࣸڢَشِ أَثٜيٰتَ سَکٜيٰشِ تَثٜيٰ يَکَشٜيٰتَا,إِࢽْ کࣸمَ يَࢽْيِ تَکَامَ تࣸڢَشِ  أثٜيٰتَ سَکٜيٰشِ تَثٜيٰ يَکَشٜيٰتَا
َاأوْضَࢽْةْ بَيْڢِࢽْ وَتَࢽِّي شِدَّا  کࣸوْاْ تَا کَشٜي بَارࣸࢽْةَ دَإدَّا,أَوْضَࢽْةَ بَيْڢِࢽْ وَتَࢽِي شِدَّا کࣸوْاْتَاکَشٜيٰ بَارࣸوَࢽْةَ دَإِدَّا
مامٜ ڡرالکرب وءاتاه الله الڢرج بامراالله ؞ انتى,مابب ڡ الکرب وءاتاه العه الڢرج بافرالله ؞ اتممى
ڢَلَّسَامَسَ شِيبَ إࢽْدَ    بَع ڢَطِيبَ سَبࣸواْدَعَادَا,ڢَلَّسَامَسَ شِيبَ إِࢽْدَا  بَعَ ڢَطِيبَ سَبࣸواْدَعَادَا
کࣸوْامٜىٰ بَاذَاشِ بࣸوْاْيࣸوَابَا,کࣸوْامٜيٰ بَاذَاشِ بࣸوْاْيࣸوَابَا
طَࢽْ أَوَابَاوَامَشِيْءَا    سࣸوْاشِ دࣸوْمِࢽْ کَࢽٜࢽْ صَليْءا,طَࢽْ أࣸوَابَاوَامَشِيمَا  سࣸواْشِ دࣸواْمِࢽْ کَࢽِࢽْ طَبِيࢽَا
واض ع اليه بصدو ڢهو ذوکرم ؞ هذاالسبيل اليه اف ب السبيل,واض ع اليه بصدڡ ڢهوذوکرم ؞ لغذاالسبيل اليه افب السبل
کࣸوْغࣸشٜىٰورْحَࢽْکَلِيࢽَا    مَىْ غِدَࢽْ جَارِي دَکَوْاࢽَا,کࣸوْاْغࣸشٜيٰوَرْحَࢽْکَلِيࢽَا   مَيْ غِدَࢽْ جَارِي دَکࣸوْاࢽَا
رَࢽْࢽَࢽْ کَرٜي زَاشِکَامَ غَدَا,رَࢽْ ࢽَࢽْ کَرٜيٰ زَاشِکَمَ غَدَا
إِذَࢽْ دَيْ لَوْمَ طَيَاحَرَامࣸࣸ تَجٜيٰ ثِکِي ؞  أَيْکِي ࢽَݣوࢽَاأَرْبَعِيࢽْ بَابࣸ کࣸوغࣸدَا,إِذَࢽْ دَيْ لَوْمَ طَيَاحَرَامࣸ تَجٜيٰ ثِکِي ؞  أَيْکِي ࢽَکࣸوࢽَاأَرْ بَعِيࢽَ بَابࣸ کࣸوغࣸدَا
الْکَرِيم شِعْر اَسْماءَبِࢽْتِ الشَيْخِ المࣸجَدِّدِ,الْکَرِيمِ شِعْرࣸ أَسْمَاءَبِࢽْتِ اَلشَّيْخِ الْمࣸجَدِّد
کࣸيَوࢽَ أّمَالَ وَاجِبِيࢽٜ غَرٜيٰمࣸ دࣸکْ ؞  شِيمَاحَدِيشِ ࢽٜيٰ ࢽَسِيدِ مࣸحَمَّدَا,کࣸيَورَ أَمَالَ ڢَاَجِبِيِࢽْ غَرٜيم دࣸکْ ؞ شِيمَاحَدِيشِ ࢽٜࢽْ ࢽَسِيدِ مࣸحَمَّدَا
أللهْ يَالَعَࢽْثِ ڧَرْيَرشَرِڢْتَ    ڧَولِࢽْأَࢽَّبِࢽْمࣸ ڧَولِࢽْ شَرِيْعَ,أَللَّهْ يَالَعَࢽْثِ ڧَرْيَرْشَرِڢْتَ   ڧَوْلِࢽْ أَࢽَّبِࢽْمࣸ ڧَوْلِࢽْ شَرِيعَا
وعصة الله لاتعزى لغير هم ؞ لو نال غية کل الخير لم يصل,وعصةالله لا تعزى لغيرهم ؞ لونال غايتة کل الخير لم يصل
دمي,دمى
دࣸوکِيَاتَمَرَايَا کࣸࢽِيسَتَا   إِࢽْ کࣸࢽَاسࣸوکَࢽَکࣸودَلَاڢِيَا,دࣸوکِيَاتَمَرَايَاکࣸࢽِيسَتَا  إِࢽْ کࣸࢽَاسࣸو کَࢽْکࣸودَلَاڢِيَا
سࣸهَطَاکَ ذَمَادَسࣸوْدَغَابَا,سࣸهَطَاکَ ذَمَادَسࣸوْدَغَابَا
وَعَلَىٰءَالِهِ وَصَحْبِهِ وَسَلَّمْ؞,وَعَلَىٰ ءَالِهِ وَصَحْبِهِ وَسَلَّمَ
توا,توا
بَاذَيْمَسࣸ مَاغَࢽِࢽْ ڧِشِبَا,بَاذَيْ مَسࣸ مَاغَࢽِࢽْ ڧِشِيبَا
يَارَسَاکࣸوْاطَࢽْ أࣸوَࢽْسَ   ݒࣸويٜىٰ ذَىْ رِڧِ دࣸوکِيَرْسَ,يَارَسَاکࣸواْطَࢽْ أࣸوَࢽْسَ بࣸويٜيٰ ذَيْ رِڧِ دࣸوکِيَرْسَ
يَىْ ذَتࣸࢽْ کࣸواْأرْزِکِيࢽٜى    ذَيى تَارٜىٰدَوَاوْتَاࢽٜىٰ,يَيْ ذَتࣸࢽْ کࣸواْأَرْزِکِيࢽٜي  ذَييِ تَارٜيٰدَوَاوَتَاࢽٜيٰ
اَلْحَمْدࣸ لِلَّهِ دَيَرْدَࢽْ عࣸبَࢽْغِجِ؞ ࢽَکَاڢَارَاوَاڧَاتَاتَبَرْدٜيٰ مࣸحَمَّدَا,اَلْحَمْدࣸ لِلَّهِ دَيَرْدَࢽْ عࣸبَࢽْغِجِ ؞ ࢽِکَاڢَارَوَاڧَاتَاتࣸبَرْدٜࢽْ مࣸحَمَّدَا
دَاَلْحࣸرْمَثِࢽْسَ أَبَامࣸ ࢽَصْرَا أࣸبَࢽْغِجِ   دَغِرْ،َࢽْ ڢِيَيّٜيٰ اَلࢽَّبِࢽْمࣸ مࣸحَمَّدَا,دَاَلْحَرْمَثِࢽْسَ أَبَامࣸ ࢽَصْرَاأࣸبَࢽْغِجِ دَغِرْمَࢽْ ڢِيَيّٜيٰ اَلࢽَّبِࢽْمࣸ مࣸحَمَّدَا
دَمَيْسَکٜيٰ رَمَکࣸوأَذࣸمِيࢽَسَا    حَرْوَتَࢽْ رَّمَضَࢽْ وَࢽِي يَاذَکَىٰ,دَيَيْسَکٜيٰ رَمْکࣸوأَذࣸوِࢽَسَا  حَرْوَتَࢽْ رَّمَضَࢽْ وَࢽِي يَاذَکٜيٰ
بَالَيْڢِࢽْ ڟࣸيٜيٰ بَابࣸ ࢽَذَوْࢽٜيٰ   سَيْ کَغَ بَاسࣸذࣸواْ طَاکِࢽْتَا,بَالَيْڢِࢽْ ڟࣸيٜيٰ بَابࣸ ࢽَذَوْࢽٜيٰ سَيْ کَغَ بَاسࣸذࣸوَاطَاکِࢽْتَا
شِيࢽٜىٰ يَثٜىٰ دَمَذَاجٜىٰ شَاتَرَاى     دࣸوَأَࢽْهَࢽَامَسࣸوشَࢽْ اَلْکَوْثَرَا,شِيࢽٜيٰ يَثٜيٰ دَمَذَاجٜيٰ شَاتَرىٰ  دࣸوَأَࢽْهَࢽَامَسࣸوشَࢽْ اَلْکَوْثَرَا
دع الرياسة لاتسلک مسالکها ؞ اماالولاية ڢالبلوى لذ>وجل,دع الرياسة لا تسلک مسالکها ؞ اماالولايت ڢالبلوى لذ>وجل
شِي مࣸتࣸمْ دَيَوَࢽْ إسَرْسَا    دَرࣸوَاࢽٜىٰ ڢَارَکࣸࢽْ سَا,شِي مࣸتࣸمْ دَيَوَࢽْ إِسَرْسَا  دَرࣸوَاࢽٜيٰ ڢَارَکࣸࢽْ سَا
جاءت بشورى ونا الاخلاص ثابتت ؞ تکڢى ذو>العفل والتصديڡ لرسل,جاءت بشورى وت الاخلام ثابتت ؞ تکڢى ذوءالعفل والتصديڡ للرسل
على الحفيفة لا عدل يرادبه ؞ ڢذاک فول رکيک غيرمعتدل,على الحفيفة لا عدل يرادبه ؞ ڢذاک فول رکيک غير سعتدل
مَاسࣸوذَࢽْبَاکࣸوکࣸمَايَوْدَرَا    مثِيَاأَمَاࢽَاکࣸتࣸوبَاأَدࣸوࢽِيَا,مَاسࣸوذَࢽْبَاکࣸوکࣸمَايَوْدَرَا   مَثِيَاأَمَاࢽَاکࣸتࣸوبَاأَدࣸوࢽِيَا
کࣸمْ إࢽْکَکَامٜيٰ بَاکَرࣸوڧَࢽْ کࣸوکࣸبࣸو   کَاڧٜالٜيٰ کࣸووَا دَأبِࢽْسَ کَغَاࢽٜيٰ,کࣸمَ إِࢽْ کَکَامٜيٰ بَاکَرࣸوڧࣸࢽْ کࣸوکࣸبࣸو کَاڧَالٜيٰ کࣸووَادَأَبِّࢽْسَ کَغَاࢽٜيٰ
ڢَاَللَّهْ شِبَامࣸ مࣸشَاسࣸ رَࢽَّࢽْ مࣸڟِيَرَدࣸکْ     دَغِرْمَࢽْ ڢِيَيَّيٰ اَلࢽَّبِمࣸ مࣸحَمَّدَا,ڢَاَللّهْ شِبَامࣸ مࣸشَاسࣸ رَࢽَّࢽْ مࣸڟِيرَدکْ  د غِرْمَࢽْ ڢِيَيّٜيٰ أَلࢽَّبِࢽْمࣸ مࣸحَمَّدَا
رَࢽْدَࢽَاڧࣸودَاتَکَامَا    رَࢽْ أࣸوَامࣸتࣸوَايَکࣸواْمَا,رَࢽْدَࢽَاڧࣸودَاتَکَامَا   رَࢽْ أࣸوَامࣸتࣸوَايَکࣸواْمَا
بَکَ سَامࣸ رࣸوَࢽْدَکَاحَطٜىٰبَا,بَکَ سَامِ رࣸوَࢽْدَکَاحَطٜيٰبَا
غَمَادَيْڢَ ڟِيرَاࢽَتَ أَࢽَࢽْ يَکَࢽْ بِࢽْ مِجِ ؞ إِذَࢽْ تَاڧِي کࣸوبَابࣸ ثٜتࣸࢽْ مࣸحَمَّدَا,غࣸمَادَيْڢَ طِيرَاࢽَتَ أَࢽَࢽْ يَکَࢽْ بِࢽْ مِجِ ؞  إِذَࢽْ تَاڧِي کࣸوبَابࣸ ثٜتࣸࢽْ مࣸحَمَّدَا
دࣸࢽْ شِکࣸرْطَادَطَاثِکِࢽْ مَاسࣸ ثࣸوتَا     مَاسࣸ اَذَدࣸوکِيَا غَرِࢽْ بَࢽْ سَرَوْتَا,دࣸࢽْ شِکࣸرْطَادَطَاثِکِࢽْ مَاسࣸ ثࣸوتَا   مَاسࣸ أَذَدࣸوکِيَاغَرِࢽْ بَࢽْ سَرَوْتَا
وَࢽْغَ إِلْغَاذِي ࢽَطَاࢽٜىٰ    مَيْوَڟࣸواڢَڢِّࢽْسࣸ سَاࢽٜىٰ,وَࢽْغَ إِلْغَاذِي ࢽَطَاࢽٜيٰ  مَيْوَڟࣸواْڢَڢِّࢽْسࣸ سَاࢽٜىٰ
سَيْ کࣸوسࣸتࣸوبَ سࣸکَامَ سࣸࢽَّرْ مࣸحَمَّدࣸ؞  تَعَلَىٰ يَڧَاڢَرْثٜسࣸ دࣸࢽْ سࣸࢽْبِ أَحْمَدَا,سَيْ کࣸوسࣸتࣸوبَ سࣸکَامَ سࣸࢽَّرْ مࣸحَمَّدࣸ؞  تَعَلَࢽْ يَڧَاڢَرْثٜسࣸ دࣸࢽْ سࣸࢽْبِ أَحْمَدَا
شِثٜيٰمَسّ رَبِّي أࣸمَّتِي أࣸمَّتِي دࣸکَ    کَرِيمِ شِثٜيٰ ࢽَابَاکَ ثٜيٰتࣸومࣸحَمَّدَا,شِثٜيٰمَسَ رَبِّي أࣸمَّتِي أࣸمَّتِي دࣸکَ کِرِيَمِ شِثٜيٰ ࢽَابَاکَ ثٜيٰتࣸو مࣸحَمَّدَا
وَࢽْکَࢽْ جࣸوࢽَࢽْسࣸ بَأْهَࢽَابَا,وَࢽْکَࢽْ جࣸوࢽَࢽْسࣸ بَاهَࢽَابَا
سَࢽَّࢽ کࣸࢽْغَ دࣸومࣸتَاࢽٜى ࢽَکِرْکِ    بَاسࣸ عَمِࢽْثٜوَمَرَرْيِࢽ صَࢽَاعَ,سَࢽَّࢽْ کࣸࢽْغَ دࣸومࣸتَاࢽٜيٰ ࢽَکِرْکِ  بَاسࣸ عَمِࢽْثٜيٰوَمَرَرْيِࢽْ صَࢽَاعَ
کَاغَ أَمْضٜيٰ بَايَرْدَرْوَلِي   بَابࣸ عِدَّا شٜيٰغࣸواْ سࣸࢽَوَا,کَاغَ أَمْضٜيٰ بَايَرْدَرْوَلِي بَابࣸ عِدَّاشٜيٰغࣸواْسࣸࢽْيَرْ
وَلْڢَوْرࣸعٜيَذِّنْدٜوَالاِسْتِکْمَالِ عٜتِمِّنْدٜ,وَالْڢَوْرࣸعٜيَذِّنْدٜوَالاِسْتِکْمَالِ عٜتِمِّنْدٜ
تࣸࢽددي,تࣸࢽددي
مَاتَاأَطٜيبٜيٰ  کࣸࢽْيَادَبِࢽْ مࣸجِي   أَبَرْسࣸووَاڟٜيٰ عَطَاکِࢽْ دࣸوࢽِيَا,مَاتَاأَطٜيٰيٰ کࣸࢽْيَادَبِࢽْ مࣸجِي  أَبَرْسࣸووَاڟٜيٰ عَطَاکِࢽْ دࣸوࢽِيَا
إِࢽْيِ مࣸرْࢽَابَادَ ڢَارِيَابَا,إِࢽْيِ مࣸرْࢽَابَادَڢَارِيَابَا
ولمخ النسخ ينکره ضڢ اليودومࢽ ؞ للکڢر نحلته مࢽ کل ذ> نحل,والمخ النسخ ينکره ضڢ اليودومࢽ ؞ للکڢر نحلته مࢽ کل ذ> نحل
بجاه خير الورى افدى وسابلنا ؞ وجاه کل نبى ثم کل ول,ڢاه خير الورى افدى وسابلنا ؞ وجاه کل نبى ثم کل ول
بَاتَ کࣸلَادَجِکِࢽْتَ إِتَ صࣸلّࣸوتࣸوَا طَاکِࢽْتَمَاسَيْ کَيْ مِجِ کَاشَارٜيٰ,بَاتَٰ کࣸلَادَجِکِࢽْتَ إِتَ صࣸلّࣸوتࣸوَا   طَاکِࢽْتَمَاسَيْ کَيْ مِجِ کَاشَارٜيٰ
يَاجࣸوجࣸ وَمَاجࣸوجࣸ ࢽَاذࣸوَا  ڧَࢽْڧَࢽَاࢽَادَمَࢽْيَࢽْ کࣸࢽْࢽࣸوَا,يَاجࣸوجࣸ وَمَاجࣸوجࣸ ࢽَاذࣸوَا  ڧَࢽْڧَࢽَاࢽَادَمَࢽْيَࢽْ کࣸࢽْࢽࣸوَا
دَکَجٜٜىٰ بَکَدَامَ شِمْڢِطَابَا,دَکَجٜيٰ بَکََاڢَ شِࢽْڢِطَابَا
وَࢽْسࣸ هِمَّرْسࣸ کَوْذࣸوَاإِࢽْدَغࣸوغٜيٰ  سࣸࢽْ غَذَاکࣸوسࣸدَاوَيࣸوعِࢽْدَبࣸوغٜيٰ,وَࢽْسࣸ هِمَّرْسࣸ کَوْذࣸوَاإِࢽْدَغࣸواغٜيٰ   سࣸࢽْ غَذَاکࣸوسࣸدَاوَيࣸوعِࢽْدَبࣸوغٜيٰ
صَلاةࣸࢽَاَللهࣸ شِدَوَّمَ هَکَذَا   سَلَامࣻ غَرَى ش يَعَّى کࣸووَامࣸحَمَّدا,صَلاَةࣸ ࢽَاَللَهࣸ شِدَوَّمَ هَکَذَا   سَلَمࣸ غَرَيْ شِي يَڢِّ کࣸووَامࣸحَمَّدَا
وَࢽْدَاَلدِّيࢽِ خَࢽِيڢِ    ࢽَاغَرٜيٰشِ إِࢽَادَخَوْڢِ,وَࢽْدَاَلدِّيࢽِ خَࢽِيڢِ  ࢽَاغَرٜيٰشِ إِࢽَادَخَوْڢِ
وَالْمَضْمَضَةࣸ عٜوࣸسْبࣵا دٜ وَالاِسْتِنشَاڡࣸ عٜشࣽرْ,وَالْمَضْمَضَةࣸعٜوࣸسْبَࣵادٜوَالاِسْتِشَاوࣸ عٜشࣽرْ
ࢽَا تَّبَّتَا مَيْأرْزِڧِي بَيْ حَسَدَا کࣸمَ بَيْکࣸلاَ دَتَجْتَ سࣸسِي غࣸࢽْ طَࢽْ عࣸوَا,ࢽَاتَّبَّتَامَيْأَرْزِڧِي بَيْ حَسَدَاکࣸمَ بَيْکࣸلَادَتَجْتْ سࣸسِي غࣸࢽْ طَࢽْ عࣸوَا
ورعي اصح اتصغى بدعته ؞ ڢاننه مذهب ا يضا لمعنتى ل,ورعى اصلح اتصغى لبدعته ؞ ڢانه مذهب ايضالمعتل
ࢽَاغَ مࣸوࢽِࢽْ إذْغِلِࢽْسَ    بَامࣸتࣸمْ وَاوَاکَمَرْسَ,ࢽَغَ عࣸوࢽِࢽْ إِذْغِلِࢽْسَ  بَامࣸتࣸمْ وَاوَاکَمَرْسَ
ࢽَاي وَڧَاتَوَاذࣸدࣸومِࢽْ کࣸکَرْبَا   دࣸوࢽْ کࣸاࣸࢽْڢَاࢽَ ࢽِيِّ جَمَعَرْمࣸسࣸلْمِ,ࢽَايِ وَاڧَاتَوَاذࣸدࣸومِࢽْ کࣸکَرْبَا   دࣸوࢽْ کࣸاࣸࢽْڢَاࢽَ ࢽِيِّ جَمَعَرْمࣸسࣸلْمِ
تࣸوبَࢽْسَ بَذَا يَکَرْݒࣸوَابَا,تࣸوبَࢽْسَ بَذَايَکَرْبࣸوَابَا
تࣽوجَاطࣽ سِتَنبِرْتࣽوجٜ ڢٜلٜى  تَوْتࣽوجࣽطࣽفࣽى دٜنڢَنرٜدَرَلْ,تࣽوجَاطࣸ سِتَنْبِرْتࣽوجٜ فٜلى تَوْتࣸوجࣸطࣽفࣽى دٜنڢٜنرٜدَرَلْ
ࡶَلْحَطَبِ جَرْمَلّٜ ࡶَلرَّفِيڡِ جٜوْطِ وَفَارَعࣽمَاکِ,ࡶَلْحَطَبِ جَرْمَلّٜ ࡶَلرَّفِيڡِ جٜوْطࣶ وَفَالَ عࣸمَاکِ
إِࢽْ يَّايِ يَاوࣸو غࣸࢽْ ࢽٜيٰمَاࢽَسَا    إِࢽْ بَيْ غَࢽِيبَا يَداوࣸوابَاوࣸرِي,إِࢽْ يَّايِ يَاوࣸوغࣸࢽْ ࢽٜيٰمَاࢽَسَا  إِࢽْ بَيْ غَࢽِيبَايَدَاوࣸرَابَاوࣸرِي
اَࢽَاکࣸࣸمَ مَکَمَاتَࢽْسࣸ يَارَا کࣸذࣸوکࣸجِ  ؞  کَطَوْرَاَمَاࢽَ رْالجَلَّ سَرْکِى مࣸحَمَّدَا,أَࢽَاکࣸمَ مَکَمَاتَࢽْسࣸ يَارَاکࣸذࣸوکࣸجِ ؞ کَطَوْرَاَمَارَ رْالْجَلَّ سَرْکِࢽْ مࣸحَمَّدَا
يَٜاتَࢽَاوَࢽْکَࢽْ أࣸبَࢽْتَا    هَرْأࣸوَاࢽَاوَࢽْکٜيٰ طَࢽْتَ,يَاتَࢽَاوَࢽْکَࢽْ أࣸبَࢽْتَا  هَرْأࣸوَاࢽَاوَࢽْکٜيٰ طَࢽْتَ
شِࢽْ مَىْ کَرَبَاسࣸ بَاغࣸدࣸوبَا,شِࢽْ مِيْ کَرَبَاسࣸ بَاغࣸدࣸوبَا
أَحْمَدْ تࣸکࣸرْشِيࢽٜيٰ يَيࣸووَاڧَرْࢽَࢽَا    شِيمَامࣸتࣸمْࢽٜيٰ مَيْذْمَادَمࣸتَاࢽٜيٰ,أَحْمَدْتࣸکࣸرْشِيࢽٜيٰ يَيࣸووَاڧَرْࢽَࢽَا   شِيمَامࣸتࣸمْࢽٜيٰ مَيْذَمَادَمࣸتَاࢽٜيٰ
أَرَاࢽَࢽْ الْڧِيَامَ ذَايَذࣸوکࣸمࣸ أَسَࢽِشࣸ دࣸکْ ؞  ڢِسْکَࢽْسَ بَابࣸ ࢽَامَ حَدِيشِ مࣸحَمَّدَا,أَرَاࢽَࢽْ الْڧِيَامَ ذَيَذࣸوکࣸمࣸ أَسَࢽْشِ دࣸکْ ؞ ڢِسْکَࢽْسَ بَاتَامَ حَدِيشِ مࣸحَمَّدَا
وࣸنداکࣸ دنيانِعْمَ مࣸمْ اَنَدࣸومࣸيࣸواْ جٜمْنࣸوبٜ ڢَوْلِدٜجَسْتِطࣸمْ بٜࢽْ کَاَ نطَتَا,وࣸنذَاکࣸ دنيَانِعْرَ مࣸمْ اَنَدࣸومࣸيࣸواْ  جمْنࣸوبٜ جَوْلِدٜجَسْتِطࣸمࣸ بٜࢽْ کَانطَتَا
وَࢽغَ زَࢽْثٜيٰ ࢽَامࣸ ڧَرْڢٜيٰ    سَيْدَڧَارٜيٰوَاأشَاڢٜيٰ,وَࢽْغَ زَࢽْثٜيٰ ࢽَامࣸ ڧَرْڢٜيٰ  سَيْدَڧَارٜيٰوَاأَشَاڢٜيٰ
مࣸوَابَتَرِسْکِ مَىْ رَشِيْبَا,مࣸوَابَتَرِسْکِ مَىْ رَشِيبَا
ࢽَاغࣸودٜأّللَّهْ ࢽَاࢽَࢽْ غَاڢَرَا  يَبَامࣸ إِيمَاࢽِ مَيْ تَبَّتَا,ࢽَاغࣸودَأَللَّهْ ࢽَاࢽَࢽْ غَاڢَرَا   يَبَامࣸ إِيمَاࢽِ مَيْ تَبِّتَا
يَارِڧَاتࣸوْکَرْشِذَرْثٜىٰ    شِي طَغَاوَاحَرْشِمَࢽْثٜىٰ,يَارِڧَاتࣸوْاکَرْشِذَرْثٜيٰ شِي طَڧَاوَاحَرْشِمَࢽْثٜىٰ
إِࢽ,إِࢽ
بَاتَ کَطِي کࣸمَ بَاتَ صَࢽَاعَ   سَيْ ࢽَمِجِࢽْتَ يَبَاتَ تَسَاتَا,بَاتَ کَطِي کࣸمَ بَاتَ صَࢽَاعَ   سَيْ ࢽَمِجِࢽْتَ يَبَاتَ تَسَاتَا
تَڢࣸوأَمِيࢽࣸ إِࢽْ مَّکَاذَࢽْثٜيٰ  إِࢽْ جِي مَالَمْ بَاوَابَزَࢽْڢَرٜيٰ,تَڢࣸوأَمِيࢽࣸ إِࢽْ مَّکَاذَࢽْثٜيٰ  إِࢽْ جِي مَالَمْ بَاوَابَزَࢽْڢَرٜيٰ
کࣸواْ تَثٜيٰ دَمِجِࢽْتَ دࣸوبِ   مࣸࢽْ ذَمَادَبَابࣸ عَيْبِ,کࣸواْتَثٜيٰ دَمِجِࢽْتَ دࣸوبِ  مࣸࢽْ ذَمَادَابَابࣸ عَيْبِ
دࣸکْ مࣸذَمْ کࣸوبِطَا غَأللهࣸ سَرْکِي   غَاڢَرَاکࣸو مࣸسَامِ يَرْدَعَّظِيمِ,دࣸکْ مࣸذَمْ کࣸوبِطَاغَاَللّهࣸ سَرْکِي  غَاڢَرَاکࣸومࣸسَامِ يَرْدَعَّظِيمِ
ڢِتِࢽَاکࣸوبَاذَاتَاتَعَبْکࣸبَا   سَيْ دࣸوࢽِيَادَوْطَاتَتَاتَيْيَوَا,ڢِتِࢽَاکࣸوَبَاذَاتَاتَعَبْکࣸبَا سَيْ دࣸوࢽِيَادَوْطَاتَتَاتَيْيَوَا
سَيْ کࣸتࣸوبَادَسَاتَاسَارِڧَيْ   ࢽَاغَيَامَکࣸ تࣸࢽدَغَ دࣸوࢽِيَا,سَيْ کࣸتࣸوبَادَسَاتَاسَارِڧَيْ  ࢽَاغَيَامَکࣸ تࣸࢽْدَغَ دࣸوࢽِيَا
عٜمࣽجِّ عَآدٜࢽْ کَمَايَجْر>ࡶَلنَّارࣸوَنࣽيِيتٜ جَامِرْتَ,عٜمࣽجِّ عَآدٜرْ کَمَايَجْرِ> ࡶَلنَّارࣸوَنࣽيِيتٜ جَامِرْتَ
ڢصل ڢيما يستحيل على الموى الجليل جل ثناواء وتفدست اسماواه,ڢصل ڢيا يستحيل على المولى الجليل جل ثاذء وتفدست اسماواه
اذکل ما خاص الاوهام مࢽ مور ؞ مخلوفةمثلناتى ه ولاتهل,اذکل ماخاص الاوحهام مࢽ هور؞ مخلوفة مثلناتره ولا تهل
کࣸوْاْدَابَاغࣸوْاْبٜىٰ لَاخِرَابَا,کࣸوْاْدَابَاغࣸوْاْيٜيٰ لَاخِرَابَا
وَڢَرَآإضࣸ ࡼلسَّوْمِ ڢَرِللَّجِ کࣽرْکَ خَمْشَةࣻکࣽجࣽوِ,وَڢَرَاإِضࣸ ࡼلسَّوْمِ ڢَرِلَّجِ کࣽرْکَخَمْشَةࣻکࣽجࣽوِ
کَجِ ڧِرَوْتَوْاْ مَرَسْ مَڢَطَا,کَجِ ڧِرَوْتَوْاْ مَرَسْ مَڢَطَا
کࣸمَاڢِيرَرْسࣸ ثَاسࣸکٜي وَࢽٜي رࣸووَا  سࣸيِي سࣸوکَا غَوَࢽْدَ کٜيࢽْ صَࢽَاعَ,کࣸمَاڢِيرَرْسࣸ ثَاسࣸکٜيٰ وَلي رࣸووَا   سࣸيِي سࣸوکَاغَوَࢽْدَکٜيٰيِࢽْ صَࢽَاعَ
اکي م دماغࢽي مطياغالله   غرٜي مک دوغرامبوي ࢽصارا,أکي م دماغࢽي مطياغالله غري مک دوغرامبوي ࢽصارا
سَيْ يَيَاڢَ رࣸوَࢽْ دَبَادَڢَابَا,سَيْ يَيَاڢَ رࣸوَࢽْ دَبَادَڢَابَا
ڢواجب کونى فطمعابلا عدم ؞ سبحانه وتعلى جل عࢽ مثل,ڢواجب کونه فطعابلاعدم ؞ سبحانه وتعلى جلعࢽ عثل
کࣸوعَجِيَاکَبَىْ مَرَيِّࢽْ صَࢽَاعَ    ڧَرْشٜىٰ کَيْدَشِى ڢَاسَىْ کࣸࢽْ شَرِيعَ,کࣸوعَجِيَاکَبَيْ مَرَيِّࢽْ صَࢽَاعَ  ڧَرْشٜيٰ کَيْدَشِي ڢَاسَيْ کࣸࢽْ شَرِيعَ
ڢَࢽَࢽْ أکَ بَرْکَادࣸدَّغࣸوطَاأَࢽَارَوَا     دَمࣸرْࢽَاتَڟِيَرَا أࢽْغَ حَسْکٜيٰࢽْ مࣸحَمَّدَا,ڢَࢽَࢽْ أَکَ بَرْکَادࣸدَّغࣸوطَاأَࢽَارَوَا   دَمࣸرْࢽَاتَڟِيرَاأَࢽْغَ حَسْکٜيٰࢽْ مࣸحَمَّدَا
دࣸࢽْ مَڢِي کَيْاوࣸࢽْ طَبِيعَا    اَلࢽَّبَاوَامَاسࣸ طَاعَا,دࣸࢽْ مَڢِي کَيْاوࣸࢽْ طَبِيعَا اَلࢽَّبَاوَامَاسࣸ طَاعَا
شٜيٰکَرَاخَمْسِࢽْ دَيَاڧِي    ࢽَاثِکِي دَمَثِي صَدَاڧِي,شٜيٰکَرَاخَمْسِࢽْ دَيَاڧِي ࢽَاثِکِي دَمَثِي صَدَاڧِي
تࣸوْاْشِبَرْمَاکَࢽْسَ ڧٜيٰتَا   رَامࣸوَرْ شَرِّدَثࣸوتَا,تࣸوْاْشِبَرْمَاکَࢽْسَ ڧٜيٰتَا  رَامࣸوَرْشَرِّدَثࣸوتَا
بَاکَ ڟَرْمَتَ إِࢽْ کَجٜيٰ غࣸدࣸوبَا,بَاکَ ڟَرْمَتَ إِࢽْ کَجٜيٰ غࣸدࣸوبَا
ڧࣸواْڧَرِࢽْسَ شِکَࢽْڢِ أوْکِ ࢽٜيٰ أَڧَارَدَرٜيٰ دَتَاکِي,ڧࣸواْڧَرِࢽْسَ شِکَࢽْڢِ أَوْکِ  ࢽٜيٰ أَڧَارَدَرٜيٰ دَتَاکِي
تࣸࢽْ سࣸࢽَا ڟࣸمْمَّاتَبَرْسࣸ وَسࣸ ࢽَاڧࣸودَاتَکَسࣸ,تࣸࢽْ سࣸࢽَاڟࣸمَّاتَبَرْسࣸ  وَسࣸ ࢽَاڧࣸوْدَاتَکَسࣸ
ڢَأَکٜىٰ ڟَىْ شٜىٰسࣸ بَىْ غࣸشٜىٰبَا,ڢَأَکٜىٰ ڟَىْ شٜيٰسࣸ بَيْ غࣸشٜيٰبَا
غَاجَهَࢽَّمَ ࢽَࢽْ أَڢَارِ   کࣸرْکࣸکࣸࢽٜيٰ مَيْڧَذَارِ,غَاجَهَࢽَّمَ ࢽَࢽْ أَڢَارِ  کࣸرْکࣸکࣸࢽٜيٰ مَيْڧَذَارِ
أَکَبَاشِي رِڧࣸࢽْمࣸ بَيْ رِڧٜيٰبَا,أَکَبَاشِي رِڧࣸࢽْمࣸ بَيْ رِڧٜيٰبَا
إࢽي تحيرت ڢي أمري وأمرهم  شبه الࢽعامة لا طير ولا جملࣼ,اࢽي تحيرت ڢي امري وامرهم  شبه الࢽعامة لاطيرولاجمل
شِي عِبَادَاڢَيْ دَݒࣸويٜيٰ    شِي هَوَاࢽَاࢽَࢽْ کࣸجَايٜيٰ,شِي عِبَادَاڢَيْ دَݒࣸويٜيٰ  شِي حَوَاࢽَاࢽَࢽْ کࣸجَايٜيٰ
مَلَّکَاثٜيٰ تࣸوْاْکࣸدَيْࢽَ غَابَا,هَلَّکَاثٜيٰ تࣸوْاْکࣸدَيْࢽَ غَابَا
يَدَّدَيْ ࢽَتَرَرْدَسࣸ حَرْ  وࣸتَادَمَرِي دَسَرْڧَرْ,يَدَّدَيْ ࢽَتَرَرْدَسࣸ حَرْ وࣸتَادَمَرِي دَسَرْڧَرْ
ࢽَࢽْ دَࢽَࢽْ بِسَ کَࢽْ تَڢَرْکِ   وَࢽْسࣸ يَدَّڧَڢَاکَتَاکِ,ࢽَࢽْ دَࢽَࢽْ بِسَ کَࢽْ تَڢَرْکِ  وَࢽْسࣸ يَدَّڧَڢَاکَتَاکِ
کࣸمَ سَىْ بَکَذࣸوْکَࢽَارَحَابَا,کࣸمَ سَيْ بَکَذࣸوْکَࢽَارَحَابَا
ࢽَࢽْڢَ يَىْ سࣸجَدَاغَأَللهْ    غَاشِ کࣸوْاْغَاجِبْرَءِيلَ,ࢽَࢽْڢَ يَىْ سࣸجَدَاغَأَللهْ  غَاشِ کࣸوْاْغَاجِبْرَءِيلَ
تَمَتْ بِحَمْدِ لِلَّهِ وَحࣸسْࢽِ عَوْࢽِهِ,ࢽَمَّتْ بِحَمْدِ اللَّهِ وَحࣸࢽْࢽِ عَوْࢽِهِ
ذِکْرِي بَسࣸ مَࢽْثٜىٰ حَيْلَلَابَا,ذِکْرِي بَسࣸ مَࢽْثٜيٰ حَيْلَلَابَا
دࣸࢽْ مࣸتَاکَ دࣸغَادࣸغِࢽْکࣸ   مࣸࢽْ تَاکِرْکِ غَرٜيٰکࣸ,دࣸࢽْ مࣸتَاکَ دࣸغَادࣸغِࢽْکࣸ  مࣸࢽْ ذَتَاکِرْکِ غَرٜيٰکࣸ
بَعَ ڢَاسَ کِرَاأَࢽَاذࣸوَابَا,بَعَ ڢَاسَ کِرَاأَࢽَاذࣸبِيبَا
بَاذَا شِى هَࢽَامࣸ سَادࣸوَابَا,بَاذَاشِ مَࢽَامࣸ سَادࣸوَابَا
بَاشِ ذࣸوبٜىٰ إࢽْ يَبَاکَ   بَاشِ جِࢽْ ڧَيَاشِࢽْ أَبِࢽْکَ,بَاشِ ذࣸوبٜىٰ إِࢽْ يَبَاکَ  بَاشِ جِࢽْ ڧَيَاشِࢽْ أَبِࢽْکَ
شِي بَتࣸوࢽَسَ غَسْکِيَاࢽٜيٰ    دࣸوࢽْ حِدِثِࢽْ مࣸصْطَڢَيٰࢽٜيٰ,شِي بَتࣸوࢽَسَ غَسْکِيَاࢽٜيٰ  دࣸوࢽْ حَدِيثِࢽْ مࣸضْطَڢَيࢽٜيٰ
اِࢽْ يَبࣸوࢽْ مَࢽْذࣸوْاْحَمَيدِ   ذࣸو شَڢَا يَوْمࣸ الْمِعَادِ,إِࢽْ يَبࣸورْ مَࢽْذࣸوْاْ حَمَيدِ ذࣸوشَڢَايَوْمࣸ الْمِعَادِ
ذَيْکِرَاسࣸ أَمَاسࣸ غَابَا     ࢽَٜىٰ دَالله مَاسࣸ ذَمْبَا,ذَيْکِرَاسࣸ أَمَاسࣸ غَابَا ࢽٜيٰ دَاَللهْ مَاسࣸ ذَمْبَا
مَيْ بِطَرْأَوْرٜيٰ أَعِدَّا    شِيدَمَيْتࣸوْذَرْتَ شَيْدَا,مَيْ بِطَرْأَوْرٜيٰ أَعِدَّا   شِيدَمَيْتࣸوْذَرْتَ شَيْدَا
بَمسَࢽْ ڢَرَضِي دَࢽَاڢِلَابَا,بَمࣸسَࢽْ ڢَرَضِي دَࢽَاڢِلَابَا
٥١ سَيْدَ کَى تَحِيَا غَأَللَّه  أَࢽْکَثى بَابى ڢِتِلَّه,٥٤سَيْدَکَىْ تَحِيَاغَأَللَّهْ  أَࢽْکَثٜىٰ لَابٜى ڢِتِلَّهْ
وَࢽْسࣸ أَࢽْطَوْرٜىْ دَمَلْوَا    سࣸࢽْ وَحَلْتَ ڧِشِي دَيࣸࢽْوَا,وَࢽْسࣸ أَࢽْطَوْرٜيٰ دَمَلْوَا  سࣸࢽْ وَحَلْتَ ڧِشِي دَيِࢽْوَا
کَدَکَيْ ࢽࣸوْاْمَ بَکَيْ جِرَابَا,کَدَکَيْ ࢽࣸوْاْمَ بَکَيْ جِرَابَا
وَࢽْدَسࣸࢽْ رِڧٜيٰ غَرْدَمَاࢽٜيٰ  بَاعَ سَاسࣸ ثِکِࢽْ مࣸتَاࢽٜيٰ,وَࢽْدَسࣸࢽْ رِڧٜيٰ غَرْدَمَاࢽٜيٰ بَاعَ سَاسࣸ ثِکِࢽْ مࣸتَاࢽٜيٰ
سَيْ سࣸثٜيٰ مَسࣸ بࣸتࣸلْثٜيٰ أَࢽْ حَدِيثِ کࣸࢽْ کࣸرࣸمْثٜيٰ,سَيْ سࣸثٜيٰ مَسࣸ کࣸࢽْ بࣸتࣸلْثٜيٰ أَࢽْ حَدِيثِ کࣸࢽْ کࣸرࣸمْثٜيٰ
مَىْ جِدَالِى دَيْࢽَ مࣸوسࣸو   اَلࢽَّبَاوَاتَرْسَشِࢽْسࣸ,مَىْ جِدَالِى دَيْࢽَ مࣸوسࣸو  اَلࢽَّبَاوَاتَرْسَشِࢽْسࣸ
کَڢَطَاوَااَلࢽَّبِࢽْمࣸ   مࣸصْطَڢَىٰ مࣸوغࣸࢽْ حَلِࢽْمࣸ,کَڢَطَاوَااَلࢽَّبِࢽْمࣸ  مࣸصْطَڢَىْ سࣸوغࣸࢽْ حَلِࢽْمࣸ
تمت بحمد الله وحسࢽ عوࢽه,تمت بحمد الله وحسࢽ عوࢽه
بَيْ تَاشِ دَلَاڢِيَرْإِدࣸوبَا,بَيْ تَاشِ دَلَاڢِيَرْ إِدࣸوبَا
بَيْ کَيْغَ أبِࢽْدَيَيْ ࢽࣸڢِيبَا,بَيْ کَيْغَ أَبِࢽْدَيَيْ ࢽࣸڢِيبَا
ذَاسࣸجٜيٰ  وࣸتَ بَادَدَوَّمَابَا,ذَاسࣸجٜيٰ وࣸتَ بَادَدَوَّمَابَا
کَاثِ کَاشَاکَايِ تَيْݒا   کَامَثٜيٰ ڧَبَرِيٰيَکَرْݒا,کَاثِ کَاشَاکَايِ تَيْبَا کَامَثٜيٰ ڧَبَرِيٰ يَکَزِيَا
دَحَطِࢽْ سَبَبِي دَڧࣸلَّ غَابَا,دَحَطِࢽْ سَبَبِي دَڧࣸلَّ غَابَا
ࢽَجَسَاکٜيٰ ڟَڟَّکِࢽْکَ مٜيٰ يَڧَرْڢَڢَ تَاڧَمَرْکَ,ࢽࣸجَسَاکٜيٰ ڟَڟَّکِࢽْکَ مٜيٰ يَڧَرْڢَڢَ تَاڧَمَرْکَ
سَيْ أَبࣸوطٜيٰ وࣸتَاسࣸغَࢽْشِ    ࢽَࢽْڢِ ڧَارَاغَرٜيٰشِ,سَيْ أَبࣸوطٜيٰ وࣸتَاسࣸغَࢽْشِ ࢽَࢽْڢَ سࣸىْ ڧَارَاغَرٜىٰشِ
تَيْمَکـࢽ کَبَࢽْ حَذَاڧَا   إِࢽْيِ وَاڧَ مَي زَلَاڧَا,تَيْمَکٜࢽٰࢽِ کَبَࢽْ حَذَاڧَا  إِࢽْيِ وَاڧَامَيْ زَلَاڧَا
حَرْسࣸ تَاشِ سࣸࢽَادَ کَايَا    دࣸࢽْ ڢَطِࢽْدَ سࣸکٜيٰ ࢽَڧَرْيَا,حَرْتَاشِ سࣸࢽَادَکَايَا  دࣸࢽْ ڢَطِࢽْدَسࣸکٜيٰ ࢽَڧَرْيَا
وَࢽْدَکٜيٰ ࢽٜيٰمَࢽْ دَلَالَه    سَيْ يَتَاشِ يَبَرْکَسَالَه,وَࢽْدَکٜيٰ ࢽٜيٰمَࢽْ دَلَالَهْ سَيْ يَتَاشِ يَبَرْکَسَالَهْ
بَىْ غِرمَمَ وَࢽْغَ اَلࢽَّبِيبَا,بَىْ غِرْمَمَ وَࢽْغَ اَلࢽَّبِي بَا
يَࢽْذࣸبَاکࣸومٜيٰ غَرٜيٰࢽِي  سَيْ يَجٜيٰ أَثِکِࢽْ يَڧِيࢽِ,يَࢽْذࣸبَاکࣸومٜيٰ غَرٜيٰࢽِي سَيْ يَجٜيٰ أَثِکِࢽْ يَڧِيࢽِ
کࣸواْدَطَامَࢽْ کࣸواْدَڧَايَا   دࣸکْ أَبِࢽْ کࣸواْ يَابࣸوايَا,کࣸواْدَطَامَࢽْ کࣸواْدَڧَايَا  دࣸکْ أَبِࢽْ کࣸواْيَابࣸوَايَا
رَاࢽَاکَࢽْ هࣸودَبَيْ سَࢽِيبَا,رَاࢽَاکَࢽْ هࣸودَبَيْ سَࢽِيبَا
شِڢَ جَاهِلْثِ يَثَرْبࣸ ࢽٜيٰ ࢽَکَاڢِرْثِ غَأَيْبࣸ,شِڢَ جَاهِلْثِ يَثَرْبࣸ ࢽٜيٰ ࢽَکَاڢِرْثِ غَأَيْبࣸ
شِي عِبَادَا ڢيْ دَݒࣸويٜيٰ   شِي هَوَاࢽَاࢽَࢽْ کࣸجَايٜيٰ,شِي عِبَادَاڢَيْ دَݒࣸويٜيٰ  شِي حَوَاࢽَاࢽَࢽْ کࣸجَايٜيٰ
بَتَ کَرْبݒِي ڢَطَرْأࣸبَࢽْ غِجِيبَا,بَتَ کَرْݒِي ڢَطَرْأࣸبَࢽْ غِجِيبَا
إِࢽْدَدࣸکْ تَبِ سَيْ أَدࣸواکَا   إِࢽْدَيْ مࣸتࣸوَاتَسَوْکَا,إِࢽْدَدࣸکْ تَبِ سَيْ أَدࣸواْکَا  إِࢽْدَدَيْ مࣸتࣸوَاتَسَوْکَا
طࣸبِعَ عَلَىٰ ࢽَڢَڧَةِ اَلْحَاجِّ مࣸحَمَّدࣸ البَشِير ࢽَا الحَاجِّ سَعْدࣸ,کࣸبِعَ عَلَىٰ ࢽَڢَڧَةِ اَحَاجِ مࣸحمَّدࣸالْبَثِرْࢽَالحَاجِّ سَعْدࣸ
غَاعَلَامࣸوْاْمِࢽْ ڧِيَامَا   تَاجِرَيْ سࣸيَوَيْتَ هࣸوْاْمَا,غَاعَلَامࣸوْاْمِࢽْ ڧِيَامَا   تَاجِرَيْ سࣸيَوَيْتَ هࣸوْاْمَا
بَکَ سَامِ يَسࣸ أَمَلَّکَابَا,بَکَ سَامِ يَسࣸ أَمَلَّکَابَا
أࢽْ ڢَطَامَکَ ࢽِٜي غَرٜيٰکَ  بَاࢽِ ڧَوْࢽَرْ کࣸواْ وَࢽِࢽْکَ,أَࢽْ ڢَطَامَکَ ࢽِي غَرٜيٰکَ  بَاࢽِ ڧَوْࢽَرْکࣸواْوَࢽِࢽْکَ
دَطَ بَيْ ثٜيٰکࣸ لَاخِرَابَا,دَطَ بَيْ ثٜيٰ ثٰٜکࣸ لَاخِرَابَا
سَىْ أَثٜىٰ مَسَ مࣸࢽْ هࣸکࣸࢽْتَا    سِيدِمࣸومࣸکَ سَاکَمَࢽْتَا,سَيْ أَثٜيٰ مَسَ مࣸࢽْ هࣸکࣸࢽْتَا سِيدِ مࣸومࣸکَ سَاکَمَࢽْتَا
وَࢽْسࣸ کࣸواْ سَبَبِي دَشِرْکَا   يَاحَࢽَاسࣸوثٜيٰ دَسࣸوکَرْ,وَࢽْسࣸ کࣸواْسَبَبِي دَشِرْکَا  يَاحَࢽَاسࣸوࣸثٜيٰ دَسࣸوکَرْ
بَاأَࢽٜيٰسَبَ غَامَڧٜيرَا    بَابࣸ کࣸواوَا بَࢽْدَکَورَا,بَاأَࢽٜيٰسَبَ غَامَڧٜيٰرَا  بَابࣸ کࣸواْوَابَࢽْدَکَورَا
شِي يَسَاࢽَتَڢࣸواْ ࢽَکَيْکَ   دࣸࢽْ طِيَادَأࣸوَرْ سࣸغَࢽْکَ,شِي يَسَاࢽَتَڢࣸواْࢽَکَيْکَ  دࣸࢽْ طِيَادَأࣸوَرْسࣸغَࢽْکَ
بَسࣸ ڧَارَ غَࢽَࢽْ بَڧِࢽْ دࣸحࣸوبَا,بَسࣸ ڧَارَغَࢽِࢽْ بَڧِࢽْ دࣸحࣸوبَا
مࣸࢽْجِِ سَىْ اَللهْ تَعَالى  ࢽَࢽْ يَثٜىٰ يَاجِبرَءِيْلَ,مࣸࢽْجِ سَىْ اَللَّهْ تَعَالَى   ࢽَࢽْ يَثٜىٰ يَاجِبْرَءِيلَ
شِي يَطَوکَکَـ بِرْبِشِࢽْسࣸ حَسَّدَرْسࣸ تَهَلَّکَاسࣸ,شِىْ يَطَوکَکَ بِرْبِشِࢽْسࣸ  حَسَّدَرْسࣸ تَهَلَّکَاسࣸ
ثِکِࢽْسࣸ بَذَاسࣸ کࣸوْاْ بَرِيبَا,ثِِکِࢽْسࣸ بَذَاسࣸ کࣸوْاْبَرِيبَا
مࣸيْ شِرِࢽْ تَڢِيَامࣸتَاࢽٜيٰ    مَيْ ذࣸوَاࢽَّࢽْ کࣸوْاْغَوَاࢽٜيٰ,مࣸيْ شِرِࢽْ تَڢِيَامࣸتَاࢽٜيٰ  مَيْ ذࣸوَاࢽَّࢽْ کࣸوْاْغَوَاࢽٜيٰ
سَيْ وَࢽْدَبَذَاشِ لَاخِرَابَا,سَيْ وَࢽْدَبَذَاشِ لَاخِرَابَا
بسم الله الرحمࢽ الرحيم,بسم اللر الرکمم الرحيم
دَاجَࢽْ غࣸرْذࣸواْ بَيَثٜي بَا,دَاجَࢽْ غࣸرْذࣸواْ بَيَامَثٜيٰ بَا
مَاسࣸ ثِࢽْ کَايَࢽْ مࣸتَاࢽٜيٰ   يٜيْ ڢَشِي کࣸواْمَاسࣸ سَاࢽٜيٰ,مَاسࣸ ثِࢽْ کَايَࢽْ مࣸتَاࢽٜيٰ يَٜࢽْ ڢَشِي کࣸواْمَاسࣸ سَاࢽٜيٰ
حَرْ شَࢽْسَ بَشِى غࣸرَاغࣸرَابَا,حَرْشٜىٰࢽْسَ بَشِى غࣸرَاغࣸرَابَا
وَڢَّڧْࢽَااَللَّهࣸ إِلَىٰ مَايَحِبّࣸءَامِيࢽْ,وَڢَّڧْ ࢽَااَللّهࣸ إِلَىٰ مَايࣸحِبّࣸ ءَامِيࢽ
اَلࢽَّبِࢽْمࣸ يَثٜيٰ دَڟࣸوْاْکَا  طَيَ مࣸتࣸمْ أَثِکِࢽْ جِکِࢽْکَا,اَلࢽَّبِمّࣸ يَثٜيٰ دَڟࣸوْاْکَا طَيَ مࣸتࣸمْ أَثِکِࢽْ جِکِࢽْکَا
أَࢽْکِرَاسࣸ ذࣸوَاکࣸشٰٜوَا   وْࢽْدَوَيْشِ دࣸࢽْ دَطٜيٰوْا,أَࢽْکِرَاسࣸ ذࣸوَاکࣸشٜيٰوَا  وَࢽْدَوَيْشِ دࣸࢽْ دَطٜيٰوَا
سَيْ يَثٜيٰ مَسࣸ کࣸيْتَ کَࢽْکࣸ  کَرْکࣸ ذَرْغَࢽْ ذࣸوثِيَرْکࣸ,سَيْ يَثٜيٰ مَسࣸ کࣸيْتَ کَࢽْکࣸ کَرْکࣸ ذَرْغَࢽْ ذࣸوثِيَرْکࣸ
سࢽَّࢽْ بَاذَاشِ کࣸوْاْمࣸوَاَبَا,سَࢽَّࢽْ بَاذَاشِ کࣸوْاْمࣸوَابَا
سَيْ مࣸکَࢽْ شَاوَرْوَرِࢽْمࣸ    ثٜىٰمَ اَدَمࣸ يَاأࣸبَࢽْمࣸ,سَىْ مࣸکَࢽْ شَاوَرْوَرِࢽْمࣸ  ثٜىٰمَ اَدَمࣸ يَاأࣸبَࢽْمࣸ
دَشِکَࢽْ مَࢽِ بَاأَبِࢽْ مࣸسࣸوبَا,دَشِکَࢽْ مَࢽِ بَاأَبِࢽْ مࣸسࣸوبَا
ثِي دَشَࢽْسࣸ أَثَࢽْ زَڧࣸومِ    سَيْ ضَرِيعࣸ بَذَاسࣸ سَامِ,ثِي دَشَࢽْسࣸ أَثَࢽْ زَڧࣸومِ  سَيْ خَرِيعࣸ بَذَاسࣸ سَامِ
جِࢽْکِرِي دَبِيَࢽْ إِجَارَا   عَامِلي غَلَطِي غسࣸورَا,جِࢽْکِرِي دَبِيَࢽْ إِجَارَا  عَامِلِي غَلَطِي غَسࣸورَا
بَسࣸ تَوࢽَ أَبِࢽْدَاسَࢽْ حَطٜيٰبَا,بَسࣸ تࣸوْࢽَأَبِࢽْدَسࣸࢽْ حَطٜيٰبَا
حَرْيَکَࢽْ کࣸوکَايَثٜىٰ دَا    مَىْ إدࣸوࢽَکٜىٰ مِى يَمَيْدَا,حَرْيَکَࢽْ کࣸوکَايَثٜيٰ دَا  مَيْ إِدࣸوࢽَکٜيٰ مِي يَمَيْدَا
حَرْڧَڢَاڢࣸوࢽَىْ کَشَيْدَ    تَاکٜىٰ تَاکٜىٰࢽَّࢽْ دَإِࢽْدَ,حَرْڧَڢَاڢࣸوࢽَيْ کَشَيْدَ تَاکٜيٰ تَاکٜيٰࢽَّࢽْ دَإِࢽْدَ
سࣸوأَبِࢽْثِࢽَࢽْ بِيࣸوبَا   بَذَاأَثِيسࣸ سࣸسَاڧِبَابَا,سࣸوأَبِࢽْثِࢽَࢽْ بِيࣸوبَا بَذَاأَثِيسࣸ سࣸسَاڧِبَابَا
سَىْ غَبَࢽْ کࣸرْسِࢽْ سَرَوْتَا    دࣸࢽْذࣸوَࢽَّࢽْ يَا وࣸيَاتَا,سَيْ غَبَࢽْ کࣸرْسِࢽْ سَرَوْتَا  دࣸࢽْ ذࣸوَࢽَّࢽْ يَاوࣸيَاتَا
بَيْبَ سَيْ دࣸومِࢽْ بَتَثّٜيٰ   شِيدَدࣸکَّࢽْ کَرْکَتَثّٜيٰ,بَيْبَ سَيْ دࣸومِࢽْ بَتَثّٜيٰ شِيدَدࣸکَّࢽْ کَرْکَتَثّٜيٰ
صَلَّى اللَّهࣸ عَليْهِ وَسَلَّمَ,صَلَّىِ اَلَهࣸعَلَيْهِ وَسَلَّبِ
حࣸرتࣸمِي تَوْرٜىٰ دَجࣸويَا    کَاسࣸوَرْسࣸ تَࢽَادَحَࢽْيَا,حࣸرْتࣸمِي تَوْرٜيٰ دَجࣸويَا کَاسࣸوَرْسࣸ تَࢽَادَحَࢽْيَا
٣٦ مَادࣸغࣸࢽْ مَکَهْ دَاکَثىي  ذَاࢽِ کىوَا تَاإِࢽتى,٣٤مَادࣸغࣸࢽْ مَکَهْ دَاکَثٜىٰࢽِ  ذَاࢽِ کٜىٰوَاتَاإِشٜىٰࢽِ
وَاڧَرْ تَاشِࢽْ ڧِيَامَ,وَاڧَرْتَاشِࢽْ ڧِيَامَ
سࣸࢽْ مࣸسࣸلْمِي أَرْزِکِيࢽٜيٰ   سࣸࢽْ ذࣸمࣸࢽْتَاوَاجِبِيࢽٜيٰ,سࣸࢽْ مࣸسࣸلْمِي أَرْزِکِيࢽٜيٰ سࣸࢽْ ذࣸمࣸࢽْتَاوَاجِبِيࢽٜيٰ
کَدَکَيْ ࢽࣸوْاْمَ بَکَيْ جِرَابَا,کَدَکَيْ ࢽࣸوْاْمَ بَکَيْ جِرَابَا
غࣸومَ طَࢽْ ࢽٜيٰ ذَاسࣸ ࢽࣸوࢽَا   سَيْسࣸ ݒࣸويٜيٰ تَرَرْدَڧَوْࢽَا,غࣸومَ طَيْ ࢽٜيٰ ذَاسࣸ ࢽࣸوࢽَا سَيْسࣸ بࣸويٜيٰ تَرَرْدَڧَوْࢽَا
يَايِي بِࢽ کࣸووَࢽِࢽْسࣸ   سَيْ أَکَࢽْ کَاشٜيٰ أَکَيْسࣸ,يَايِي بَࢽْ کࣸوْوَࢽِࢽْسࣸ سَيْ أَکَࢽْ کَاشٜيٰ أَکَيْسࣸ
سَيْ أَبࣸوطٜيٰ وࣸتَاسࣸغَࢽْشِ  ࢽَࢽْڢَ سࣸيْ ڧَارَاغَرٜيٰشِ,سَيْ أَبࣸوطٜيٰ وࣸتَاسࣸغَࢽْشِ  ࢽَࢽْڢَ سࣸىْ ڧَارَاغَرٜيٰشِ
أَکَثٜيٰ بَاذَاسࣸ ڧٜيٰتَرَابَا,أَکَثٜيٰ بَاذَاسࣸ ڧٜيٰتَرَابَا
سࣸࢽْمَ کَࢽْسࣸ بَڧَرْظَلَاما   حَرْسࣸࢽثٜيٰ أَحَلِࢽْسࣸ دَامَا,سࣸࢽْمَ کَࢽْسࣸ بَڧَرْظَلَامَا  حَرْسࣸثٜيٰ أَحَلِࢽْسࣸ دَامَا
سَىْ أَثٜىٰ جِبْرِيْلࣸ جٜىٰکَ    غࣸࢽْ مَڢِيڢِيثِࢽْ مَأَيْکَ,سَىْ أَثٜىٰ جِبْرِيلࣸ جٜىٰکَ  غࣸࢽْ مَڢِيڢِيثِࢽْ مَأَيْکَ
کࣸواْمَطَاثِي کࣸوشِرِࢽْيَا    سࣸکَ بࣸوشٜىٰ بَابࣸ طَࢽْيَا,کࣸواْمَطَاثِي کࣸوشِرِࢽْيَا سࣸࢽْکَ بࣸوشٜيٰ بَابࣸ طَࢽْيَا
سَيْ وࣸرِࢽْ تࣸواْذࣸࢽْ اَلࣸولَه    سَيْ وࣸرِࢽْ أَذࣸمِي موَالَهْ,سَيْ وࣸرِࢽْ تࣸواْذࣸࢽْ اَلࣸولَه  سَيْ وࣸرِࢽْ أَذࣸمِي مࣸوَالَهْ
دࣸوْبِ دَيْ غَسَرَا کࣸࢽَࢽْمࣸ  وَࢽْدَسࣸࢽْکَ رِِڧى ڧَسَرْمࣸ,دࣸويِ دَيْ غَسَرَاکࣸࢽَࢽْمࣸ  وَࢽْدَسࣸࢽْکَ رِڧٜيٰ ڧَسَرْمࣸ
سَيْ سࣸمَيْدَ کِرَࢽْ تَعَالَى  جَلَّ يَااَللَّه اَللَّهْ,سَيْ سࣸمَيْدَکِرَࢽْ تَعَالَى  جَلَّ يَااَللَّهࣸ اَللَّهْ
ثٜيٰوَا بَاذَاشِ لَاخِرَابَا,ثٜيٰوَابَاذَاشِ لَاخِرَابَا
يَاإِلَهِ اِلْعرْشِ مَوْلَا  ࢽَارَبَامࣸ دَوَࢽْغَ ذِلَّا,يَاإِلَهِ اِلْعَرْشِ مَوْلَا  ࢽَارَبَامࣸ دَوَࢽْغَ ذِلَّا
دࣸࢽْ يَسَادࣸدَاَلْجَمَرْکَ    سَىْ يَکَࢽْ جٜىٰ بَابࣸ حَرْکَ,دࣸࢽْ يَسَادࣸدَاَلْجَمَرْکَ  سَيْ يَکَࢽْ جٜيٰ بَابࣸ حَرْدَ
بَابࣸ کَوْرِي بَابࣸ ڢَاطِ   ࢽَاجِ تࣸواْذَايٜࢽْ صِرَاطِ,بَابࣸ کَوْرِي بَابࣸ ڢَاطِ   ࢽَاجِ تࣸواْذَايٜࢽْ صِرَاطِ
سَىْ يَجٜىٰ کࣸرسِࢽْ سَرَوْتَا    سَىْ أَثٜىٰ مَسَ کَابࣸکَاتَا,سَيْ يَجٜيٰ کࣸرْسِࢽْ سَرَوْتَا  سَيْ أَثٜيٰ مَسَ کَابࣸکَاتَا
سَوْرَيِ کࣸواْکࣸوْابࣸدࣸروَا طَىْ شِکَىْ بَرْکَࢽْ دَکٰٜوَا,سَوْرَيِ کࣸوࢽْکࣸوْاْ بࣸدࣸوَا طَيْ ثِکَࢽْ بَرْطَࢽْ دَکٜيٰوَا
سࣸکَ تࣸوبَ دَسَاکٜيٰ بَاشِ غَابَا,سࣸکَ تࣸوبَ دَسَاکٜىٰ بَاشِ غَابَا
ذَاسࣸ سَامِ ڢِتَاأڢَامَا     حَرْسࣸسَامِ غِدَࢽْ سَلَامَا,ذَاسࣸ سَامِ ڢِتَاأَڢَامَا حَرْسࣸسَامِ غِدَࢽْ سَلَامَا
غَذَتࣸو بَاذَاشِ لَاخِرَابَا,غَذَتࣸوبَاذَاشِ لَاخِرَابَا
إِࢽْبَاسࣸࢽْ تࣸوبَ سࣸࢽْ بَرِيبَا,إِࢽْبَاسࣸࢽْ تࣸوبَ سࣸࢽْ بَرِيبَا
يَاَإِلِهِ اِلْعَرْشِ بَاࢽِ هَࢽْکَلِي دَيَوَࢽْ بَيَاࢽِي,يَاَإِلَهِ اِلْعَرْشِ بَاࢽِ هَࢽْکَلِي دَيَوَࢽْ بَيَاࢽِي
صَکَوْادَيَاذَمَ شࣸوغَبَاࢽٜيٰ    بَاشِ ثٜيٰ مَکَ يَاڢِ وَاࢽٜيٰ,کَوْاْدَيَاذَمَ شࣸوغَبَاࢽٜيٰ بَاشِ ثٜىٰ مَکَ بَاڢِ وَاࢽٜيٰ
دࣸوْبِ مَࢽْيَࢽْ مَزَاجى  مَاسࣸ شَࢽْ کࣸواْڟࣸواْدَجَوجى,دࣸوْبِ ࢳِࢽْ مَࢽْيَࢽْ مَزَاجى  مَاسࣸ شࣸࢽْ کࣸواْڟࣸواْدَجَوْجٜيٰ
بَکَسَࢽْ دَاذَاشِ تࣸوْاْࢽࣸوَابَا,بَکَسَࢽْ دَاذَاشِ تࣸوْاْࢽࣸوَابَا
صَاحِبِي جِبرِيلࣸ يَاثٜيٰ  يوْدَلَابَارِࢽْ وࣸتَاثٜيٰ,صَاحِبِي جِبْرِيࢽࣸ يَاثٜيٰ  يَوْدَلَابَارِࢽْ وࣸتَاثٜيٰ
دَاجَࢽْ غࣸرْذࣸواْ بَيَثٜي بَا,دَاجَࢽْ غࣸࢽْذࣸواْبَيَامَثٜي بَا
دࣸࢽْ رَࢽْ کࣸوْاْوَࢽْسࣸ بَيْࢽَڟَابَا,دࣸࢽْ رَࢽْ کࣸوْاْوَࢽْسࣸ بَيْࢽَڟَابَا
بَاکࣸࢽْ رَسَ جِࢽْ کࣸرࣸورࣸوَبَا,بَاکࣸࢽْ رَسَ جِرْ کࣸرࣸوْرࣸوبَا
بَسࣸ کَيْ ࢳَاࢳَاغَمَالࣸمَابَا,بَسࣸ کَيْ ࢳَاࢳَاغَمَالࣸمَابَا
کٜىٰ هَوَاکَغَࢽࣸواْࢽَوَاࢽٜىٰ     غَامࣸتࣸمْ مَىْ غَرْغَطِى,کٜىٰ هَوَاکَغَࢽࣸواْࢽَوَاࢽٜىٰ   غَامࣸتࣸمْ مَىْ غَرْغَطِيرَل
سَىْ يَثٜىٰ مَسَ أَىْ حَلِيࢽٜىٰ   ࢽَاتَڢࣸواْࢽَسَࢽَرْدَکࣸوࢽٜىٰ,سَيْ يَثٜيٰ مَسَ أَيْ حَلِيࢽٜيٰ ࢽَاتَڢࣸواْࢽَسَࢽَࢽْ دَکࣸوࢽٜيٰ
دࣸومِࢽْ أَيْکِࢽْسَ بَيْ ثِرَابَا,دࣸومِࢽْ أَيْکِࢽْسَ بَيْ ثِرَابَا
تمت بحمد الله وحسࢽ عوࢽه,تحت بحمد الله وعرعوࢽا
سَيْ أَثٜيٰ مَسَ مࣸࢽْ هࣸکࣸࢽْتَا    سِيدِ مࣸومࣸکَ سَاکَمَࢽْتَا,سَيْ أَثٜيٰ مَسَ مࣸࢽْ هࣸکࣸࢽْتَا سِيدِ مࣸومࣸکَ سَاکَمَࢽْتَا
ࢽٜيٰ غَرٜيٰࢽِ وَابِکِࢽدَيْ   کࣸواْ ࢽَدَࢽْغِ کࣸواْࢽَصَحَبَيْ,ࢽٜيٰ غَرٜيٰࢽِ ذࣸوَابِکِيدَيْ کࣸواْࢽَدَࢽْغِ کࣸواْ ࢽَصَحِبَيْ
دَࢽْ بَثٜىٰوَرْهَࢽکَلِࢽْکࣸ    بِى بِيَࢽْ سࣸࢽْ ذࣸوثِيَرْکࣸ,دَࢽْ بَثٜيٰوَرْهَࢽْکَلِࢽْکࣸ بِي بِيَرْسࣸࢽْ ذࣸوثِيَرْکࣸ
دࣸࢽْ يَسَادࣸ دَاَلْجَمَرْکَ   سَيْ يَکَࢽْ جٜيٰ بَابࣸ حَرْکَ,دࣸࢽْ يَسَادࣸدَاَلْجَمَرْکَ  سَيْ يَکَࢽْ جٜيٰ بَابࣸ حَرْکَ
وَࢽْدَسࣸࢽْکَ ڧَرَࢽْتَ ࢽَاسࣸ    بَيْ ࢽَوَابَ أَکَࢽْ حَلِࢽسࣸ,وَࢽْدَسࣸࢽْکَ ڧَرَࢽْتَ ࢽَاسࣸ بَيْ ࢽَوَابَ أَکَࢽْ حَلِࢽْسࣸ
٣٢  شِيْ مࣸتࣸمْ ࢽى مَى حَࢽَاࢽَا  غࣸࢽ مࣸسࣸلمِى بَاڧِـيَاࢽَا,٣٤شِى مَتࣸمْ ࢽٜى مَىْ حَࢽَاࢽَا   غࣸࢽْ مࣸسࣸلْمِى بَاخِييَاࢽَا
يَجِ کَلْمَابَاتَصطَࢽْ أدَمْبَا,َجِ کَلْمَابَاتَطَࢽْ أدَࢽِبَا
بَشِکَࢽْ ڧِ مࣸتࣸمْ أَکَࢽْ رَشِيبَا,بَشِکَࢽْ ڧِ مࣸتࣸمْ أَکَࢽْ رَشِيبَا
شِي يَثٜيٰ مَࢽِ أَيْ جَهَالَهْ شِيدَا کَاڢِرْثِ غإِلَّهْ,شِي يَثٜيٰ مَࢽِ أَيْ جَهَالَهْ  شِيْدَکَاڢَرْثِ غَإِلَّهْ
کࣸواْرࣸڢٜي طَيَ إِࢽْ کَغَاࢽٜيٰ    کَࢽَ أَکَيْ طَيَ شٜيٰکَرَاࢽٜيٰ,کࣸواْرࣸڢِي طَيَ إِࢽْ کَغَاࢽٜيٰ کَࢽَ أَکَيْ طَيَ شٜيٰکَرَاࢽٜيٰ
بَسࣸ کࣸرْݒِ حَطَطِيَرْغِيَابَا,بَسࣸ کࣸرْبِ حَطَطِيَرْغِيَابَا
سَىْ يَثٜىٰمَ مَلَاءِکࣸوࢽَىْ   کࣸࢽْجِ کࣸوْاْوَاࢽَاتَکَيْࢽَىْ,سَيْ يَثٜيٰمَ مَلَاءِکࣸوࢽَيْ کࣸࢽْجِ کࣸوْاْوَاࢽَاتَکَيْࢽَىْ
الࢽَّاشِرࣸأَحْمَدࣸالتِّجَاࢽِي حَڢِظَهࣸ اَللَّهࣸ وَڢَّ ڧَࢽَااللَّهࣸ,الࢽَّاشِرࣸأَحْمَدࣸ اَلتِّجَاࢽِي حَڢِظَهࣸ اللَّهࣸ وَڢَّ ڧَࢽَاللَّهࣸ
بَکࣸ سَࢽْ مَڢِتَا اَلَاخِرَابَا,بَکࣸ سَࢽْ مَڢِتَااَلَاخِرَابَا
بَاکࣸواْمَيْ ڢَادَ هَلَّکَابَا,بَاکࣸواْمَيْ ڢَادَ لَلَّکَابَا
بَکَدࣸوبَ ذࣸوَࢽْکَ لَاخِرَابَا,بَکَدࣸوبِ ذࣸوَࢽْکَ لَاخِرَابَا
وَࢽْدَبَيْسَࢽْ غَسْکِيَابَا  کࣸوْاْمࣸتࣸمْ ࢽٜيٰ سَاشِ دَبَّا,وَࢽْدَبَيْسَࢽْ غَسْکِيَابَا کࣸوْاْمࣸتࣸمْ ࢽٜيٰ سَاشِ دَبَّا
دࣸࢽْ مࢽَاسࣸࢽْ أَرْزِڧِْکࣸ    مࣸࢽْکَ طَوْکِ طَوَيْࢽِيَرْکࣸ,دࣸࢽْ مࣸࢽَاسࣸࢽْ أَرْزِڧِࢽْکࣸ  مࣸࢽْکَ طَوْکِ طَوَيْࢽِرَرْکࣸ
أَيْ ذࣸوَࢽَّࢽْ مَيْ إِسَاࢽٜيٰ     مَيْڢَ رَاذَࢽَ حَࢽْکَلِيࢽٜيٰ,أَيْ ذࣸوَࢽَّࢽْ مَيْ إِسَاࢽٜيٰ مَيْڢَ رَاذَࢽَ حَࢽْکَلِيࢽٜيٰ
ࡼلْيَدَيࢽِ کࣽلࣽو تࣸدٜ جࣸوطٜطٜࢽْ فبْلَ ࡹِدْ خَالِهِمَا,ࡼلْيَدَيْࢽِ کࣽلࣽوتࣸدٜجࣸوطٜطٜࢽْ فَبْلَ ࡹِدْخَالِهِمَا
مࣸࢽْسَࢽْ بَيْسَࢽْ مࣸࢽَادࣸهࣸوبَا,مࣸࢽْسَࢽْ بَيْسَࢽْ مࣸࢽَادࣸهࣸوبَا
کَاغَ سَيْ مغَࢽَرْ تَدَاثٜيٰ  يَدَّخَيْرࣸاَلْخَلْڧِ يَثّٜيٰ,کَاغَ سَيْ مَغَࢽَرْتَدَاثٜيٰ يَدَّخَيْرࣸالْخَڧِّ يَثٜيٰ
ثٜىٰ دَࢽِيرَاࢽَرْڟَيَاوَا    تَرْسَشِࢽِْ ذࣸࢽࣸبَࢽْغَ ࢽَاوَا,ثٜيٰ دَࢽِرَاࢽَرْڟَبَاوَا   تَرْسَشِࢽْ ذࣸࢽࣸبَࢽْغَ ࢽَاوَا
مَاسࣸ تَيْمَکَ يَٜرْغَرَايࣸو   مَاسࣸ ثِࢽْ کَايَࢽْ مَرَايࣸو,مَاسࣸ تَيْمَکَ يَࢽْ غَرَايࣸو  مَاسࣸ ثِࢽْ کَايَࢽْ مَرَايࣸو
سࣸࢽڧِ جِࢽْ وَعَظِي دَحࣸوْاْرࣸوْا   بَاأَبِࢽْدَا کَبَاسࣸ ڟࣸوْاْرࣸواْ,سࣸࢽْڧِ جِࢽْ وَعَظِي دَحࣸوْاْرࣸوْاْ  بَاأَبِࢽْدَکَبَاسࣸ ڟࣸوْاْرࣸواْ
سَيْشِ سࣸوْاْحَکَ ڢَىْ دَبࣸويٜىٰ   غَاشِ رَاࢽَاتَاذࣸغَࢽْيٜىٰ,سَيْشِ سࣸوْاْحَکَ ڢَيْ دَݒࣸويٜيٰ  غَاشِ رَاࢽَاتَاذࣸغَࢽْيٜيٰ
کَرْکَثࣸوثِي ذَمَامِيَرْکࣸ   کࣸوْاْأَکࣸيْ بَارٜيٰ ثِکِࢽْکࣸ,کَرْکَثࣸوثِي ذَمَامِيَرْکࣸ کࣸوْاْأَݣࣸيْ بَارٜيٰ ثِکِࢽْکࣸ
ٰأَرْزِڧِࢽْسَ يَهَسْکَ  ڧِرْجِࢽْ   أَلࢽَّبِࢽْسَ أَبࣸوکَ بَࢽْ بِࢽْ,أَرْزِڧِࢽْسَ يَعَسْکَ ڧِرْجِࢽْ  أَلࢽَّبِࢽْسَ أَبࣸوکَ بَرْجِࢽْ
بَعَ سَاݒ أَبِࢽْدَأَمْڢَطِيْبَا,بَعَ سَاݒَ أَبِࢽْدَأَمْڢَطِيبَا
بَادَࢽْ أيْکࣸواشِ دࣸوࢽِيَابَا,بَادَࢽْ أَيْکࣸواشِ دࣸوࢽِيَابَا
بَاذَيْثِ تࣸوࣸࢽْسَ بَامِيَابَا,بَاذَيْثِ تࣸوࣸࢽْسَ بَامِيَابَا
وَࢽْسࣸ کࣸواْأَوࣸتَرْجَهِيمࣸ    کࣸواْوَاࢽٜيٰ أَکَثٜيٰ أّرࣸومࣸ,وَࢽْسࣸ کࣸواْأَوࣸتَرْجَهِيمࣸ کࣸواْوَࢽٜيٰ أَکَثٜيٰ أَرࣸومࣸ
سَيْ يَثٜيٰ کࣸࢽْ سَࢽْࢽِ تࣸࢽْدَ    سَيْ سࣸثٜيٰ مَسَ عَاءَمࣸودَ,سَىْ يَثٜيٰ کࣸࢽْ سَࢽْࢽِ تࣸࢽْدَ سَيْ سࣸثٜيٰ مَسَ عَاءَمࣸودَ
يَاإشٜىٰࢽِ ڟَرِࢽْ مࣸصيبَا    وَࢽْدَبَيْسࣸواْمࣸصْطَڢَى بَا,يَاإِشٜىٰࢽِ ڟَرِࢽْ مࣸصِيبَا  وَࢽْدَبَيْسࣸواْمࣸصْطَڢَى بَا
سَي هࣸلࣸولࣸ دَشَࢽْ سِغَارِ   بَاسࣸ إِسْتِغِڢَارِ,سَيْ هࣸلࣸولࣸ دَشَࢽْ سِغَارِ  بَاسࣸ سࣸࢽْ إِسْتِࢽْغِڢَارِ
دࣸࢽْ مࣸࢽَا سࣸࢽْ أَرْزِڧِࢽْکࣸ    مࣸࢽْکَ طَوْکِ طَوَيْࢽِيَرْکࣸ,دࣸࢽْ مࣸࢽَاسࣸࢽْ أَرْزِڧِࢽْکࣸ  مࣸࢽْکَ طَوْکِ طَوَيْࢽِيَرْکࣸ
طبعة الأولى 1963,طبعة الذولى 1963
سࣸࢽْ کࣸمَامَادَابَاڧَثٜىٰ بَا,سࣸࢽْ کࣸمَامَادَابَأَڧْثٜيٰ بَا
ڢَرْغَبَادࣸࢽْ وَࢽْغَ رَاࢽَا   ࢽَاثِکي دࣸࢽْ بَابࣸ کࣸواࢽَا,ڢَرْغَبَادࣸࢽْ وَࢽْغَ رَاࢽَا ࢽَاثِکِي دࣸࢽْ بَابࣸ کࣸواࢽَا
ذَاسࣸ إِسْکٜيٰ إِرِࢽْ رَبࣸࢽْسࣸ    سࣸࢽْ ࢽَوَيْ غَمَتَتَّرَرْسࣸ,ذَاسࣸ إِسْکٜيٰ إِرِࢽْ رَبࣸࢽْسࣸ سࣸࢽْ ࢽَوَىْ غَمَتَتَّرَرْسࣸ
کࣸوْاْرِڧࣸࢽْ ڢَايٜلْ دَڢٜيٰسِر    ذَيْ حَࢽَاکَ تࣸࢽِࢽْ مَحَاشِرْ,کࣸوْاْرِڧࣸࢽْ ڢَايٜلْ دَڢٜيٰࢽسِرْ   ذَيْ حَࢽَاکَ تࣸࢽِࢽْ مَجَاشِرْ
غَاشِ يَࢽْذࣸإِࢽَادَکَايَا   تࣸواْرَغٜيٰمَࢽْ کࣸواْࢽَبَايَا,غَاشِ يَࢽْذࣸإِࢽَادَکَايَا  تࣸواْرَغٜيٰمَࢽْ کࣸواْࢽَبَايَا
بَاشِ ڧِࢽْ کَلَّوࢽْ هَلَثِّ   بَاشِ کٜوْادࣸوبِࢽْ حَرَمْثِ,بَاشِ ڧِࢽْ کَلَّوࢽْ سَلَثِّ  بَاشِ کࣸواْدࣸوبِࢽْ مَرَمْثِ
هَکَ يَارࣸواْطَࢽْسَ کࣸوْاسَوْ بَاسَ طَلْحَةَيَوْأزَزَّوْ,هَکَ يَارࣸواْطَࢽْسَ کࣸواْسَوْ  بَاسَ طَلْحَةَ يَوأَزَزَوْ
ࢽَاغَرٜىٰشِ کࣸسَࢽْتَ غَايَا    مَىْ جِدَالى دࣸوبَءَايَا,ࢽَاغَرٜيٰشِ کࣸسَࢽْتَ غَايَا  مَيْ جِدَالِى دࣸوبِءَايَا
الࢽاس داءڢيࢽ لادواءلهم  تحيرالعڧل مࢽهم وهو مࢽذهل,الࢽاس داء دڢيࢽ لادواءلهم تحيرالعڧل مࢽهم وهومࢽذهل
سَيْ بَڧِࢽْ حَدَرِٜي يَتَاسࣸواْ  سࣸي کِرَاڟَاوَاتَأوْکࣸواْ,سَيْ بَڧِࢽْ حَدَرِي يَتَاسࣸواْ سࣸيْ کِرَاڟَاوَاتَأَوْکࣸواْ
بَتَدَامࣸ دَجِࢽْ يَوَࢽْ ڢَطَابَا,بَتَدَامࣸ دَجِࢽْ يَوَࢽْ ڢَطَابَا
طَايَثٜيٰمْ أࣸبَاوَاحَلْشٜيٰ   مࣸ دَادَکَکٜيٰ يَبَاشٜيٰ,طَايَثٜيٰمَ أࣸبَاوَحَࢽْشٜيٰ مࣸ دَادَکَکٜىٰ يَبَاشٜيٰ
سَىْ يَثٜىٰ يَاذࣸالجَلَالِ     أࣸمَّتِي يَاذࣸوْالْجَلَال,سَىْ يَثٜىٰ يَاذࣸوْالْجَلَالِ  أࣸمَّتِي يَاذࣸوْالْجَلَالِ
أَوَابَسࣸ لٜيٰڧَ دࣸوࢽِيَابَا,أَوَابَسࣸ لٜيٰࢽَ دࣸوࢽِيَابَا
مࣸࢽْجِ ذَاعَ بَڧَࢽْتَ حࣸسْکَرْ   مَاسࣸ سَابࣸواْ تࣸࢽْدَحَرْکَرْ,مࣸࢽْجِ ذَاعَ بَڧَࢽْتَ حࣸسْکَرْ  مَاسࣸ سَابࣸواْتࣸࢽْدَحَرْکَرْ
دَامࣸتࣸمْ ذَيْبَادَڢَࢽْسَا   ࢽَيْ أَکَرْݒٜيٰ حَرْأࣸوَرْسَ,دَامࣸتࣸمْ ذَيْبَادَڢَࢽْسَا  ࢽَيْ أَکَرْݒٜىٰ حَرْأࣸوَرْسَ
جِبْرَءِيلࣸ دَجِي يَتَاشِ    ࢽَࢽْ دَࢽَࢽْ يَوࣸثٜىٰ غَٜرىٰشِ,جِبْرَءِيلࣸ دَجِي يَتَاشِ ࢽَࢽْ دَࢽَࢽْ يَوࣸثٜىٰ غَرٜىٰشِ
شِمَا يَثٜىٰ ࢽِي بَذَࢽْ إيَابَا,شِيمَايَثٜيٰ ࢽِي بَذَࢽْ إِيَابَا
رَࢽْدَيَيْ أَزࣸمِي مَصِيبَا سَيْ تَسَامَسَ بَاکَطَࢽْبَا,رَࢽْدَيَيْ أَزࣸمِي مَصِيبَا سَيْ تَسَامَسَ بَاکَطَࢽْبَا
ڧيِ دَسࣸࢽْسࣸ أَکَࢽْ شَڧَاوَا    سࣸࢽْ ݒَثٜي دࣸومِࢽْ طَغَاوَا,ڧِي دَسࣸࢽْسࣸ أَکَࢽْ شَڧَاوَا  سࣸࢽْ بَثٜيٰ دࣸومِࢽْ طَغَاوَا
مࣸصْطَڢَى يَࢽْذࣸࢽْ مࣸبَاکَ    بَابࣸ يِࢽْ سࣸجَدَاغَرٜىٰکَ,مࣸصْطَڢَىْ يَࢽْذࣸࢽْ مࣸبَاکَ  بَابࣸ يِࢽْ سࣸجَدَاغَرٜيٰکَ
کࣸࢽْ هَࢽَامࣸ مࣸبَوْتَ اَللَّهْ  کࣸࢽْکَ بَرْمࣸ ثِکِࢽْ جِهَالَهْ,کࣸࢽْ حَࢽَامࣸ عࣸبَوْتَ اَللَهْ کࣸࢽْکَ بَرْمࣸ ثِکِࢽْ جَهَالَهْ
دࣸوࢽْ يَوَاکࣸواْدࣸوࢽْکَطَيْثٜي تَاحَطَمَّ وَطَࢽْسࣸ غࣸࢽْثِي,دࣸوࢽْ يَوَاکࣸواْدࣸوࢽْ کَطَيْثِ  تَامَطَمَّ وَطَࢽْسࣸ غࣸࢽْثِي
رَࢽْ مࣸسࣸلْمِى کَرْشِسَࢽْثٜىٰ    بِسَ سࣸوࢽْسَ مࣸکࣸواْأَمِࢽْثٜىٰ,رَࢽْ مࣸسࣸلْمِى کَرْشِسَࢽْثٜىٰ بِسَ سࣸوࢽْسَ مࣸکࣸواْأَمِࢽْثٜيٰ
تَاثِرَاهَمَ تَاسَطَاطࣸواْ    تَابࣸغٜىٰ شَاهࣸواْيَڢَاطࣸواْ,تَاثِرَاهَمَ تَاسَطَاطࣸواْ  تَابࣸغٜىٰ شَاهࣸواْ يَڢَاطࣸواْ
بَسࣸ سَاحࣸسْکَا أَلَاخِرَابَا,بَسࣸ سَاحࣸسْکَاأَلَاخِرَابَا
بَابࣸ کَوْرِي بَابࣸ ڢَاطِ   ࢽَاجِ تࣸواْذَايٜيْ صَرَاطِ,بَابࣸ کَوْرِي بَابࣸ ڢَاطِ  ࢽَاجِ تࣸواْذَايٜࢽْ صِرَاطِ
مَيْ سࣸوࢽْسَ بَذَيْغَ هَلَّکَابَا,مَيْ سࣸوࢽْسَ بَذَيْغَ هَلَّکَابَا
بِسْمِ اللَّهِ الرَّ حْمَٰنِ الرَّ حِيمِ,بِسْمِ اللَّهِ الرَّحْمَىࢽِ الرَّحِيمِ
سَي سࣸثٜيٰ کࣸو کَࢽْغَ ࢽَامࣸ  کَاڢِرَيْ سࣸکَ أَيْبَتَامࣸ,سَيْ سࣸثٜيٰ کࣸوکَࢽْغَ ࢽَامࣸ کَاڢِرَيْ سࣸکَ أَيْبَتَامࣸ
إِࢽْ يَڟِغٜثٜيٰ لَالࣸبࣸواشِ وْࢽْغَ ذَࢽْثٜيٰ بَاشِ تَاشِ,إِࢽْ يَکِڢْثٜيٰ لَالَبࣸواْشِ  وَࢽْغَ ذَࢽْثٜيٰ بَاشِ تَاشِ
ࢽَࢽْ دَࢽَࢽْ أَثِکِࢽْ تَرࣸکَّا   وَࢽْدَکࣸوْاْ أَذَتࣸࢽْغَ ࢽَاکَا,ࢽَࢽْ دَࢽَࢽْ أَثِکِࢽْ تَرࣸکَّا  وَࢽْدَکࣸوْاْأَذَتࣸࢽْغَ ࢽَاکَا
٤٤ يَاکَمَاتَ دࣸغࣸودِيَ وَࢽْدَ  مࣸࢽْ کَسَࢽْ کَلْمَرْشَهَادَا,٤٩يَاکَمَاتَ دࣸغࣸودٜيٰ وَࢽْدَا   مࣸࢽْ کَسَࢽْ کَلْمَرْشَهَادَا
َلࢽَّاشِرࣸ أحَمَدࣸ التِجَاࢽِي حَڢِظَࢽ اَللَّهࣸ,هَࢽَّاشِرَأَحْمَدࣸ التِجَاࢽِي حَڢِظَهࣸ اللَّهࣸ
بَيْ ذَاݒٜي حࣸشِي دَسࣸࢽْ ڢَطَابَا,بَيْ ذَاݒِي حࣸشِي دَسࣸࢽْ ڢَطَابَا
دَاَکَىْ وعَظِي بَسࣸࢽْ کࣸلَابَا,دَاَکَيْ وَعَظِي بَسࣸࢽْ کࣸلَابَا
بَبَّکَ تَمْکَرْدَيَايِي   ࢽَࢽْڢَ سَيْ کࣸوکَادَکࣸويِي,بَبَّکَ تَمْکَرْدَيَايِي  ࢽَࢽْڢَ سَيْ کࣸوکَادَکࣸويِي
وَࢽْسࣸ کࣸواْدَيْدَيْ دَاإِسْکَا   ذَاسࣸ ڧٜيٰتَرَ بَابࣸ شَکَّا,وَࢽْسࣸ کࣸواْدَيْدَيْ دَإِسْکَا ذَاسࣸ ڧٜيٰتَرْبَابࣸ شَکَّا
بَيْ کَرْݒِ ڢَطَرْ أࣸبَࢽْ غِجِيبَا,بَيْ کَرْݒِ ڢَطَرْأࣸبَࢽْ غِجِيبَا
شِي ڧَࢽِࢽْ جَاکِ دَدࣸکِ ࢽٜيٰ ذࣸوَاغࣸوࢽْکِ دَکَࢽْکِي,شِي ڧَࢽِࢽْ جَاکِ دَدࣸوکِ  ࢽٜيٰ ذࣸوَاغࣸوࢽْکِ دَکَࢽْکِي
بَکَ سَࢽْ ذَمَࢽِࢽْ ذࣸوَࢽْ حَرِيبَا,بَکَ سَࢽْ ذَمَࢽِࢽْ ذࣸوَࢽْ حَرِيبَا
يَايِي ࢽَوْيِي کَرْأَبَاسَࢽْ   هَࢽّࣸوَࢽْ هَلَکَا أَثࣸوسَࢽْ,يَايِي ࢽَوْيِي کَرْأَبَاسَࢽْ هَࢽّࣸوَࢽْ هَلَکَاأَثࣸوسَࢽْ
کَرْکَبَرْࢽِ أَجٜيٰ أّبَاسَࢽْ  وَࢽْغَ عَيْبِ ࢽَاوَکَاسَࢽْ,کَرْکَبَرْࢽِ أَجٜيٰ أَبَاسَࢽْ  وَࢽْغَ عَيْبِ ࢽَاوَکَاسَࢽْ
رَࢽْدَعَࢽْکَ رَبٜيٰ تَکَرْدࣸو     دࣸکْ حَلِتَّاذَاتَ سَادࣸو,رَࢽْدَعَࢽْکَ رَبٜيٰ تَکَرْدࣸو دࣸکْ حَلِتَّاذَاتَ سَادࣸو
کࣸبࣸرْ حَࢽَ أَرࣸࢽْکَايَࢽْکَ دࣸࢽْ اَللَّهَ يَࢽْاءࣸوَا ؞  شِيمَاحَدِيشِ ࢽٜيٰ کࣸسَوْرَارِ ڢَاءِدَا,کࣸبࣸرْحَࢽَ أَرࣸࢽْکَايَࢽْکࣸ دࣸࢽْ اَللَّهَ يَࢽْاࣸءࣸوَا ؞  شِيمَاحَدِيشِ ࢽٜيٰ کࣸسَوْرَارِ ڢَاءِدَا
دَطَبِيْبَىْ مَاسࣸ ثِي دَذَمْبَا,دَطَبِيبَيْ مَاسࣸ ثِي دَذَمْبَا
سَى تَکࣸوسْ يٜايٜࢽْ ثِکِࢽْتَا    طَࢽْ سَشِࢽْ هِجِرَامࣸکَيْتَا,سَيْ تَکࣸوسْ يَايَٜࢽْ ثِکِࢽْتَا طَࢽْ سَشِࢽْ هِجِرَامࣸکَيْتَا
إࢽْ أَکَٜࢽْ مَغَࢽَاغَرٜيٰسࣸ   سࣸڢَطَامَکَ إِࢽْ أّکَيْسࣸ,إِࢽْ أَکَىْ مَغَࢽَاغَرٜيٰسࣸ  سࣸڢَطَامَکَ إِࢽْ أَکَيْسࣸ
بَسࣸ ڢَارَغَࢽِࢽْ بَڧِࢽْ دࣸحࣸوبَا,بَسࣸ ڧَارَغَࢽِࢽْ بَڧِࢽْ دࣸحࣸوبَا
أَکَـ بَاشِ أَکَࢽْ حَمَيَّا  دࣸࢽْ يَوَࢽْ لَدَبِي دَکࣸࢽْيَا,أَکَ بَاشِ أَکَࢽْ حَمَيَّا  دࣸࢽْ يَوَࢽْ لَدَبِي دَکࣸࢽْيَا
أَيْتَ مَيْ دࣸوکَادَکࣸلْکِ    کَاڢِرَيْ دࣸکَ ࢽَاسࣸ أَيْکِ,أَيْتَ مَيْ دࣸوکَادَکࣸلْکِ کَاڢِرَيْ دࣸکَ ࢽَاسࣸ أَيْکِ
بَسࣸکَيْ رِدَّا اَلاَخِرَابَا,بَسࣸکَيْ رِدَّااَلَاخِرَابَا
بَࢽْ کَاࢽَادَکࣸواْ کࣸطِࢽْ حَڧِيبَا,بَࢽْ کَاࢽَادَکࣸواْکࣸطِࢽْ حَڧِيبَا
تَاࢽَجِࢽْسَ ثِکِي دَبَايٜيٰ   کࣸوْاْدَࢳَاࢳَاکࣸوْاْإِيَايٜيٰ,تَاࢽَجِࢽْسَ ثِکِي دَبَايٜيٰ کࣸوْاْدَࢳَاࢳَاکࣸوْاْإِيَايٜيٰ
ڢَيْ دَݒࣸويٜيٰ أّبَرْڢَسَادِ   هَرْأَکَيْغَ بِيَࢽْ مࣸرَادِ,ڢَيْ دَݒࣸويٜيٰ أَبَرْڢَسَادِ هَرْأَکَيْغَ بِيَࢽْ مࣸرَادِ
هَرْثِکِࢽْ رࣸوَࢽٜٜىٰ تَبِيشِ   بَىْ هَيٰٜبَ تَمَاڧَرٜىٰشِ,هَرْثِکِࢽْ رࣸوَࢽٜيٰ تَبِيشِ بَىْ هَيٜيٰبَ تَمَاڧَرٜىٰشِ
رَبَّࢽَاکَيمِࢽْ إِجَابَا   إࢽْغَ ࢽَىْ صَلَّاأطَيْبَا,رَبَّࢽَاکَيْمِࢽْ إِجَابَا  إِࢽْغَ ࢽَيْ صَلَّا أَطَيْبَا
دࣸࢽْ غَࢽِࢽْ وَحَلَاکࣸمَࢽْثٜيٰ  دࣸࢽْ بِطَرْ کࣸيِي دࣸوکِيَاثٜيٰ,دࣸࢽْ غَࢽِࢽْ وَحَلَاکࣸمَࢽْثٜيٰ  دࣸࢽْ بِطَرْکࣸيِي دࣸوکِيَاثٜيٰ
کارࣸوَيْ دَغِيَادَتَابَا   ذَاسࣸ جَامَسࣸ شَࢽْ عَذَابَا,کَارࣸوَيْ دَغِيَادَتَابَا  ذَاسࣸ جَامَسࣸ شَࢽْ عَذَابَا
أَيْ غَأَللَّهْ ذَامࣸ کࣸوْاْمَا   تࣸࢽْدَ يَاحَࢽَ کَيْ ظَلَامَا,أَيْ غَأَللَهْ ذَامࣸ کࣸوْاْمَا تࣸࢽْدَيَاحَࢽَ کَيْ ظَلَامَا
غࣸوْاْشِي بَيْ يَوَيْتَ سࣸجَدَابَا,غࣸوْاْشِي بَيْ يَوَيْتَ سࣸجَدَابَا
بَاسࣸ کࣸوْاسَامࣸࢽْ سَرَارٜىٰ    سَىْ دࣸحࣸومَيْطَوْرَأَوْرْىٰ,بَاسࣸ کࣸواْسَامࣸࢽْ سَرَارٜيٰ سَيْ دࣸحࣸومَيْطَوْرَأَوْرٜيٰ
ڢَرْغَبَࢽْسَ ࢽَشٜىٰکَرࣸوࢽَا     حَرْدࣸبࣸوخَمْسِࢽْ ڢَطَاࢽَا,ڢَرْغَبَࢽْسَ ࢽَشٜيٰکَرࣸوࢽَا حَرْدࣸبࣸوخَمْسِࢽْ ڢَطَاࢽَا
ظَاهِرِي کࣸوْاْوَايَغَاࢽٜىٰ    غَاسࣸرࣸکَيْ غَاإِيَايٜىٰ,ظَاهِرِي کࣸوْاْوَايَغَاࢽٜيٰ غَاسࣸرࣸکَيْ غَاإِيَايٜيٰ
بَکَ شَيْدَاتَاکَ ࢽَاذࣸوَابَا,بَکَ شَيْدَاتَاکَ ࢽَاذࣸوَابَا
سَيْ سࣸثٜيٰ بَࢽْ غَسْکِيَرْکࣸ  تَاڧِ أَمْڢَاࢽِي غَرٜيٰکࣸ,سَىْ سࣸثٜيٰ بَࢽْ غَسْکِيَرْکࣸ  تَاڧِ أَمْڢَاࢽِي غَرٜيٰکࣸ
سࣸࢽْ وَهَلْتَ غَوَࢽْغَ حَالِ   أْيى حِسَابِي ࢽَىْ سࣸءَالِ,سࣸࢽْ وَهَلْتَ غَوَࢽْغَ حَالِ أَيِي حِسَابِي ࢽَىْ سࣸءَالِ
ثٜيٰ أَبِࢽْ ذَرْغِي غَرٜيَکَ   وَايَغَࢽِّ أَذَامَࢽِࢽْکࣸ,ثٜيٰ أَبِࢽْ ذَرْغِي غَرٜيٰکࣸ  وَايَغَࢽِْ أَذَامَࢽِࢽْکࣸ
لَيْڢِࢽْکَ سࣸذَࢽْ بَسࣸيْ يَوَابَا,لَيْڢِࢽْکَ سࣸذَࢽْ بَسࣸيْ يَوَابَا
سَيْسࣸ تࣸوبَ سࣸࢽَادَعَيْبِ   سࣸجِِ کࣸࢽْيَارَࢽْ حِسَابِ,سَيْسࣸ تࣸوبَ سࣸࢽَادَاعَيْبِ  سࣸوجِ کࣸࢽْيَارَࢽْ حِسَابِ
مَاسࣸ مࣸمّࣸوࢽَرْ خِيَاࢽَا   يَاحَلِࢽْسࣸ إِرِࢽْ ࢽَڧࣸوࢽَا,مَاسࣸ مࣸمّࣸوࢽَرْخِيَاࢽَا يَاحَلِࢽْسࣸ إِرِࢽْ ࢽَڧࣸوࢽَا
مَࢽْيَࢽْ بَسࣸ تَارَحَࢽْکࣸلَابَا,مَࢽْيَࢽْ بَسࣸ تَارَحَࢽْکࣸلَابَا
وَࢽْدَيَاکࣸلَ شَاوَرَاتَا    تَرْسَشِࢽْکࣸ مْذَادَمَاتَا,وَࢽْدَيَاکࣸلَ شَاوَرَاتَا  تَرْسَشِࢽْکࣸ مَذَادَمَاتَا
وَࢽْدَبَيْ کࣸلَ ڧࣸوْاْ ڧَرِيبَا    يَامَثٜيٰ بَيْسَࢽْ رَبࣸوْاْبَا,وَࢽْدَبَيْ کࣸلَ ڧࣸوْاْڧَرِيبَا يَامَثٜيٰ بَيْسَࢽْ رَبࣸوْاْبَا
يَيْ شِرِࢽْ ࢽٜيٰمَࢽْ ڢِتِلَّهْ    دࣸࢽْ يَڟٜيٰ رٜيٰ دࣸحࣸࢽْ جَهَالَهْ,يَيْ شِرِࢽْ ࢽٜيٰمَࢽْ ڢِتِلَّهْ  دࣸࢽْ يَڟٜيٰ رٜيٰ دࣸحࣸࢽْ جَهَالَهْ
مَيْ شِغَرْسَ بَذَيْ رَوَرْڧَڢَابَا,مَيْ شِغَرْسَ بَذَيْ رَوَرْڧَڢَابَا
حَرْشِذَمْ اَللهْ تَعَالَىٰ    سَىْ يَثٜىٰمَاجِبْرَءِيْلَ,حَرْشِذَمْ اَللَّهْ تَعَالَىٰ  سَىْ يَثٜىٰمَاجِبْرَءِيلَ
بَيْدَامࣸ دّطَࢽْسَ کࣸوْاْبَرَابَا,بَيْدَامࣸ دَطَࢽْسَ کࣸوْاْبَرَابَا
وَࢽْسࣸ أࢽْطَوْرٜيٰ دّمَلْوَا  سࣸࢽْ وَحَلْتَ ڧِشِي دَيِࢽْوَا,وَࢽْسࣸ أَࢽْطَوْرٜيٰ دَمَلْوَا  سࣸࢽْ وَحَلْتَ ڧِشِي دَيِࢽْوَا
تࣸوْاْکَࢽَاتَاشِ دَکَايَا   غَاشِ مَاأَࢽْبَرْکَ بَايَا,تࣸوْاْکَࢽَاتَاشِ دَکَايَا غَاشِ مَاأَࢽْبَرْکَ بَايَا
بَىْ سَࢽْ أَࢽْسَاسࣸ کࣸرْکࣸکࣸوبَا,بَيْسَࢽْ أَࢽْسَاسࣸ کࣸرْکࣸکࣸوبَا
مَاسࣸ کَيْوْدَࢽَمَاسࣸ أَيْبِي    ذࣸوثِيَرْدَتَبࣸويٜىٰ غَيْبِي,مَاسࣸ کَيْوْدَࢽَمَاسࣸ أَيْبِي ذࣸوثِيَرْدَتَبࣸويٜيٰ غَيْبِي
تࣸࢽْمَابَعَ دࣸوبَ أَيّࣸکَࢽْبَا,تࣸࢽْ مَابَعَ دࣸوبَ أَيّࣸکَࢽْبَا
٩ دࣸوࢽْ مࣸتࣸࢽْ تى شِي کَرِيمِ  مَوْبَوَࢽْ مَڧࣸرِ عَلِيمِ,٤دࣸوࢽْ مࣸتࣸࢽْ ࢽٜى شِى کَرِيمِ  مَوْ يَوَࢽْ حَڧࣸرِي مَلِيمِ
دَارِيَادَغَࢽِࢽْڟِرَيْثِي     غࣸࢽْ مࣸسࣸلمِي ڢَاسِڧَࢽْثِي,دَارِيَادَغَࢽِࢽْ ڟِرَيْثِي غࣸࢽْ مࣸسࣸلْمِي ڢَاسِڧَࢽْثِي
٤٦ طَࢽْ أَمِيࢽَ مَڢِى دَرَبَّࢽَا  طَاوَࢽِࢽسَ مِجِࢽْ خَدِيجَا,١٤طَࢽْ أَمِيࢽَ مَڢِى دَرَبَّا طَاوَࢽِسَ مِجِࢽْ حَدِيجَا
ثࣸوثٜيٰ ثࣸوثٜيٰ بَاع تَاطِي   وَࢽْدَيَابِ ࢽَوَࢽْغَ رࣸوْطِي,ثࣸوثٜيٰ ثࣸوثٜيٰ بَاعَ تَاطِي وَࢽْدَيَابِ ࢽَوَࢽْغَ رࣸوْطِي
سَيْ أَثٜيٰ مٜيٰࢽٜيٰ ࢽࣸڢَرْکࣸو  مِي بࣸکاتَرْذࣸثِيَرْکࣸو,سَيْ أَثٜيٰ جٜيٰࢽٜيٰ ࢽࣸڢَرْکࣸو  مِي بࣸکَاتَرْذࣸوثِيَرْکࣸو
جٜيٰ غَمَالِکِ ثٜيٰ شِࢽࣸوࢽَا   مَامࣸتَاࢽٜيٰ مَاسࣸ بَرْࢽَا,جٜيٰ غَمَالِکِ ثٜيٰ شِࢽࣸوࢽَا  مَامࣸتَاࢽٜيٰ مَاسࣸ بَرْࢽَا
تَرْڟَڟِࢽْتَ کَمَرْدࣸوَاڟࣸو    إِࢽْ تَوَاڟࣸ سَيْ شِوَاڟࣸو,تَرْڟَڟِࢽْتَ کَمَرْدࣸوَاڟࣸو   إِࢽْ تَوَاڟࣸ سَيْ شِوَاڟࣸو
سَيْ أَسَازَابَّاࢽِيَاوَا   غَرْغطࣸوسࣸ سࣸطࣸورَکࣸووَا,سَيْ أَسَازَبَّاࢽِيَاوَا  غَرْغَطࣸوسࣸ سࣸطࣸورَکࣸوْوَا
لَاخِرَاࢽَسَ حَرْشِسَامِ   کَيْغَ ذَاݒٜݒّٜيٰ مࣸڧَامِ,لَاخِرَاࢽَسَ حَرْشِسَامِ کَيْغَ ذَاݒَݒّٜيٰࢽْ مࣸڧَامِ
وَࢽْسࣸ مَاتَࢽْ سࣸيْتَ کࣸوکَا   أَࢽْ رِأڧٜيٰسࣸ أَࢽَاتَدࣸوکَا,وَࢽْسࣸ مَاتَࢽْ سࣸيْتَ کࣸوکَا  أَࢽْ رِڧٜيٰسࣸ أَࢽَاتَدࣸوکَا
اࢽ کࢽت مࢽبسطاسموک مسحرة  أوکࢽت مࢽڧبضاڧالواله الثڧل,إࢽ کࢽت مࢽبسطاسموک مسحرة  أوکࢽت مࢽڧبضاڧالواله الثڧل
يَامَثى بَࢽى حَىعَ ڧࣸواْشِيَابَا,يَامَثٜيٰ بَيْ جٜيٰڢَ ڧࣸواْشِيَابَا
ࢽَرࣸوَࢽْ ذَاڢِى سَبࣸوْادَغَابَا,ࢽَرࣸوَࢽْ ذَاڢِي سَبࣸواْدَغَابَا
سَادَيٜࢽْ سِحِْرِي غَلَيڢِي   ذَاأَکَࢽْ بِطِ ࢽَاسࣸ جَوْڢِي,سَادَيَٜࢽْ سِحِرِي غَلَيْڢِي  ذَاأَکَࢽْ بِطَ ࢽَاسࣸ جَوْڢِي
کَيࢽْ طَبِيعَاࢽَاغَرٜىٰشِ    وَࢽْدَأَࢽْکَجِ سَيْکَ سࣸوشِ,کَيࢽْ طَيِيعَاࢽَاغَرٜىٰشِ  وَࢽْدَأَࢽْ کَجِ سَيْکَ سࣸواشِ
بَابَࢽْ کࣸلْثࣸومࣸ طَࢽْ سࣸوَيْبَا,بَابَࢽْ کࣸࢽْثࣸومࣸ طَࢽْ سࣸوَيْبَا
بَرْذَتࣸࢽْ ڟَرْکِࢽْ إِبَادَا غࣸࢽْ مࣸتࣸمْ مَيْوَࢽْغَ عَادَا,بَرْذَتࣸࢽْ ڟَرْکِࢽْ إِبَادَا غࣸࢽْ سࣸتࣸمْ مَيْوَࢽْغَ عَادَا
بِيْکَࢽْ عَدَࢽَاࢽ طَࢽْ سࣸوَيْࢽَا,بِيْکَࢽْ عَدَࢽَاࢽِ طَࢽْ سࣸوَيْبَا
سَيْدَجِࢽْ مَغَࢽَرْيَتَاشِ    دࣸࢽْ ࢽَوَࢽْسࣸ شِکَࢽْيِي ࢽِيش,سَيْدَجِࢽْ مَغَࢽَرْيَتَاشِ  دࣸࢽْ ࢽَوَࢽْسࣸ شِکَࢽْيِي ࢽِيشِ
شَاڢِوَرْ تَڢَرْکࣸودࣸکْ أَکࣸومࣸ غَڧࣸرءَاࢽࣸ ؞  إِتَمَاکَرَامَ ثٜي تَبَرْدٜࢽْ مࣸحَمَّدَا,شَاڢِوَࢽْ تَڢَرْکࣸودࣸکْ أَکࣸومࣸ غَڧࣸرَاࢽࣸ ؞ إِتَمَاکَرَامَ ثٜيٰ تَبَرْدٜࢽْ مࣸحَمَّدَا
بَابࣸ ڟࣸواْڢࣸوبَاسَمَارِ    دࣸکْ ثِکِࢽْ وࣸتَ بَاکࣸزَارِ,بَابࣸ ڟࣸواْڢࣸوبَاسَمَارِ  دࣸکْ ثِکِࢽْ وࣸتَ بَاکࣸزَارِ
تَادَطٜيٰ دَسَکَاکَ جِرْغِ    وَࢽْدَذَاکَ حَطَرْمَ کࣸوْاْغِي,تَادَطٜيٰ دَسَکَاکَ جِرْغِي  وَࢽْدَذَاکَ حَطَرْمَ کࣸوْاْغِي
سࣸࢽْ يَوَيْْتَ وࣸࢽِي دَکࣸاࢽَا    غَايَوَࢽْ مَاتَاڧَࢽَاࢽَا,سࣸࢽْ يَوَيْتَ وࣸࢽِي دَکࣸاࢽَا  غَايَوَࢽْ مَاتَاڧَࢽَاࢽَا
ࢳَࢽْ عࣸوَاࢽٜيٰ لَامࣸحَالَهْ ࢳَࢽْ مࣸرࣸواْتࣸواْ مَالَعَلَّهْ,ࢳَࢽْ عࣸوَاࢽٜيٰ لَامࣸحَالَهْ  ࢳَࢽْ مࣸرࣸواْتࣸواْمَالَعَلَّهْ
سَىْکࣸجىٰ غَࢽَبِىّࣸ إِبْرَا     هِيمࣸ دࣸࢽْ وَࢽَّࢽْ لَلࣸورَا,سَيْ کࣸجٜىٰ غَࢽَبِيّࣸ إبْرَا مِيمࣸ دࣸࢽْ وَࢽَّࢽْ لَلࣸورَا
أَمَّثٜيٰ أَغَبَࢽْکَ حَرْمَا    کَيْ رَشِࢽْ ڟࣸڢِّࢽْکَ أَمَّا,أَمَّثٜيٰ أَغَبَࢽْکَ حَرْمَا کَيْ رَشِࢽْ ڟࣸڢِّࢽْکَ أَمَّا
مَاسࣸ جِيمَ ذࣸمࣸࢽْسࣸ سَمّࣸ    دࣸوࢽِيَادࣸࢽْ ثِࢽْ حَرَامࣸ,مَاسࣸ جِيمَ ذࣸمࣸࢽْسࣸ سَمّࣸ  دࣸوࢽِيَادࣸࢽْ ثِࢽْ حَرَامࣸ
بَࢽْ إيَاوَاشِى إسَࢽْسَى    يَاڢِ تࣸوْاْمࣸوࣸثٜىٰ غَعِيْسَىٰ,بَࢽْ إِيَاوَاشِي إِسَࢽْسَى يَاڢِ تࣸوْاْمࣸوࣸثٜىٰ غَعِيسَىٰ
غَالِبِي سࣸݒثٜىٰ سࣸڢَرْکَا   سَيْڢَ أَࢽّࣸورِشِڢَرْکَا,غَالِبِي سࣸݒَثٜيٰ سࣸڢَرْکَا  سَيْڢَ أَࢽّࣸوشِڢَرْکَا
ࣸوْالْجَلَالِ کَبَامࣸ شِرْيَا ذࣸوثِيَرْمࣸ تَکَامَ هَࢽْيَا,ذࣸوْالْجَلَالِ کَبَامࣸ شِرْيَا  ذࣸوثِيَرْمࣸ تَکَامَ هَࢽْيَا
مَکَ کࣸوْاْ مَيْ بَادَشَاوَرَابَا,مَکَ کࣸوْاْمَيْ بَادَشَاوَرَابَا
غَيْسࣸوَاتَاکࣸوْاتَدَاثٜىٰ   غࣸࢽْ مَأيْکِࢽْ ࢽَࢽْ دَأَࢽْثٜىٰ,غَيْسࣸوَاتَاکࣸواْتَدَاثٜيٰ غࣸࢽْ مَأَيْکِࢽْ ࢽَࢽْ دَأَࢽْثٜىٰ
مَيْ حَوَاسَمَ حَوْتَتࣸوشٜيٰ  کَرْکَيَرْدَدَکَامَ رٜيٰشٜيٰ,مَيْ حَوَاسَمَ حَوْتَتࣸوشٜيٰ کَرْکَيَرْدَدَکَامَ رٜيٰشٜيٰ
أَدَرٜىٰ کَيْمَࢽْ إِشَارَا    إِࢽْغَ ࢽَاجٜىٰ ࢽَىْ زِيَارَا,أَدَرٜيٰ کَيْمَࢽْ إِشَارَا إِࢽْغَ ࢽَاجٜىٰ ࢽَىْ زِيَارَا
تَابِ ڧَࢽْ واڢَاتَشَربٜىٰ   دَاأکࣸوْࢽى مَڢࣸدَاأرَيٜىٰ,تَابِ ڧَرْڢَڢَاتَشَرْبٜىٰ دَاأَکࣸويْ مَغࣸدَاأَرَايٜيٰ
بَاکَ ڟَرْمَتَ إِࢽْ کَجٜيٰ غࣸدࣸوبَا,بَاکَ ڟَرْمَتَ إِࢽْ کَجٜيٰ غࣸدࣸوبَا
مَي کِرَࢽْ مَاتَا کَوَالِ  ࢽَࢽْدَࢽَࢽْ کࣸکَبَاشِ جَالِ,مَيْ کِرَࢽْ مَاتَاکَوَالِ  ࢽَࢽْدَࢽَࢽْ کࣸکَبَاشِ جَالِ
صَوَابَ بِسْمِ اِللهِ,صوَربَ بمممملِلله
مࣸوْبَمَارَسَ کࣸواْأْبِࢽْ ڢَطِيْبَا,مࣸوْبَمَارَسَ کࣸواْأَبِࢽْ ڢَطِيبَا
هَلَکَاࢽَسَ بَاأبِࢽْ مࣸسࣸوبَا,هَلکَاࢽَسَ بَاأَبِࢽْ سࣸسࣸوبَا
بِسْمِ اَللَّهِ اِلرَّحْمَٰࢽِ اِلرَّحِيمِ وَصَلَّي عَلَي اَلࢽَّبِيِّ اِلࢽَّبِيِّ اِلْکَرِيمِ,بِسْمِ اَللهِ اَلرَّحْمَࢽِ اِلرَّحِيمِ وَصَلَّى اللَّهࣸ َىِ اَلࢽَّبِيِّ الْکَرِيمِ
ࣸࢽْ غَࢽِࢽْ وَحَلَاکࣸمَࢽْثٜيٰ دࣸࢽْ بِطَرْ کࣸيِي دࣸوکِيَاثٜيٰ,دࣸࢽْ غَࢽِࢽْ وَحَلَاکࣸمَࢽْثٜيٰ دࣸࢽْ بِطَرْکࣸيِي دࣸوکِيَاثٜيٰ
کࣸبِ أَلࢽَّبِ بَادَغَرْدَمَابَا,کࣸبِ أَلࢽَّبِ بَادَغَرْدَمَابَا
يَکࣸوکَ دَکَࢽْسَ بَيْ سَࢽِِيبَا,يَکࣸوکَ دَکَࢽْسَ بَيْ سَࢽِيبَا
کَدَدَيْ يَثِ بَادَيَوْدَرَابَا,کَدَدَيْ يَثِ بَادَيَوْدَرَابَا
غَاشِ کَاتࣸواْذَرْتَ کَࢽْکَ   سࣸࢽْ کࣸطِي يَاسَاکَ شِرْکَ,غَاشِ کَاتࣸواْذَرْتَ کَࢽْکَ  سࣸࢽْ کࣸطِي يَاسَاکَ شِرْکَ
إِࢽْ بَکَ مَࢽْتَادَلَاخِرَابَا,إِࢽْ بَکَ مَࢽْتَادَلَاخِرَابَا
يَاحَيٜيٰ مَاتࣸوْاْدَبَابࣸرْ  کࣸوْاْوَࢽٜيٰ عْوْڢِسْ أّتٜيٰبࣸرْ,يَاحَيٜيٰ مَاتࣸوْاْدَبَابࣸرْ کࣸوْاْوَࢽٜيٰ عࣸوْلْڢِسْ أَتٜيٰبࣸرْ
کَرْکَيَرْدَدَثِࢽْ أَمَاࢽَا   کࣸوْاْمࣸتࣸمْ مَيْ سࣸوࢽْ خِيَاࢽَا,کَرْکَيَرْدَدَثِࢽْ أَمَاࢽَا کࣸوْاْمࣸتࣸمْ مَيْ سࣸوࢽْ خِيَاࢽَا
يَوشٜيٰ مَيْوَ ࢽَࢽْ صَࢽَاعَا کٜيٰ ڟَرِࢽْ حَڧِِّࢽْ شَريعَا,يَوْشٜيٰ مَيْوَࢽَࢽْ صَࢽَاعَا کٜيٰ ڟَرِࢽْ حَڧِࢽْ شَرِيعَا
بَسࣸ ذَاݒِي ذَمَاغِدَࢽْ مِجِيبَا,بَسࣸ ذَاݒِي ذَمَاغِدَࢽْ مِجِيبَا
سَࢽّࣸ مَىْ ڢࣸسکَادَهَيْبَا    أࢽْبَتࣸوࢽْکَ دَشِي ࢽَسَابَا,سَࢽّࣸ مَىْ ڢࣸسْکَادَهَيْبَا أَࢽْبَتࣸوࢽْکَ دَشِي ࢽَسَابَا
سࣸکِيَايِي ذࣸوَابِکِࢽْ سَعَابَا,سࣸکِيَايِي ذࣸوَابِکِࢽْ سَعَابَا
تَاتَرَسْ دَمࣸتࣸمْ مَسَاڧِ يَازَغٜىٰ يَاڧَارٜيٰ مِڧ,تَاتَرَسْ دَمࣸتࣸمْ مَسَاڧِ  يَازَغٜىٰ يَاڧَارٜىٰ مِيڧِ
بسم الله الرحمٰࢽ الرحيم,بلرومࢽ الرحيم
غَرْغَطِي مَيْبَادَڟࣸوْرࣸوا   مَيْࢽࣸڢِي دَهَࢽِي دَهࣸوْرࣸواْ,غَرْغَطِي مَيْبَادَڟࣸوْرࣸواْ مَيْࢽࣸڢِي دَمَࢽِي دَتࣸوْرࣸواْ
يَدَّمَالَمْ يَيْ إِبَارَا   وَيْ أَبِࢽْدَکَسَاحَسَارَا,يَدَّمَالَمْ يَيْ إِبَارَا   وَيْ أَبِࢽْدَکَسَاحَسَارَا
غَاوࣸتَاࢽَاذَاکࣸطَاحَرْ   بَاعَ تَاطِࢽْ لَاڢِيَا حَرْ,غَاوࣸتَاࢽَاذَاکࣸطَاحَرْ بَاعَ تَاطِࢽْ لَاڢِيَاحَرْ
سَيْ يَجٜيٰ کࣸرْسِࢽْ سَرَوْتَا   سَيْ أَثٜيٰ مَسَ کَابࣸکَاتَا,سَيْ يَجٜيٰ کࣸرْسِࢽْ سَرَوْتَا سَيْ أَثٜيٰ مَسَ کَابࣸکَاتَا
وَࢽْسࣸ کࣸوْاْࢽَامَࢽْ جِکِࢽْسࣸ   سࣸوکثِيࢽَيْ دࣸࢽْ حَلِࢽسࣸ,وَࢽْسࣸ کࣸوْاْࢽَامَࢽْ جِکِࢽْسࣸ  سࣸوکَثِيࢽَيْ دࣸࢽْ حَلِࢽْسࣸ
دَغَ بَايَ غَرَيْ سࣸبَاشِ غَابَا,دَغَ بَايَ غَرَيْ سࣸباشِ غَابَا
بَتَ سَࢽْ کࣸوْاْ مَيْ کَمَرْثِکِيبَا,بَتَ سَࢽْ کࣸوْاْمَيْ کَمَرْثِکِيبَا
بَابࣸ ڟࣸوڢࣸو بَاسَمَارِ دࣸکْ ثِکِࢽْ وࣸتَ بَاکࣸزَارِ,بَابࣸ ڟࣸواْڢࣸوبَاسَمَارِ  دࣸکْ ثِکِࢽْ وࣸتَ بَاکࣸزَارِ
کࣸواْيَوَࢽْ سَࢽڟِࢽْ سࣸمِࢽْتِ    کٜى هَࢽَامَکَ سࣸࢽْ صَلَاتِى,کࣸواْيَوَࢽْ سَࢽْڟِࢽْ سࣸمِࢽْتِ  کٜىٰ هَࢽَامَکَ سࣸࢽْ صَلَاتِى
وَࢽْسࣸ کࣸواْبَسَ رَرَّڢٜيٰ    ذَاسࣸ ڧٜيٰتَرَحَرْسࣸڧࣸوࢽٜيٰ,وَࢽْسࣸ کࣸواْبِسَ رَرَّڢٜيٰࢽٜيٰ  ذَاسࣸ ڧٜيٰتَرَحَرْسࣸڧࣸوࢽٜيٰ
وَࢽْدَکٜيٰ أَيْکِ ࢽَݒَرْࢽَا    کࣸواْثِکِࢽْ دَرٜيٰ کࣸواْدَرَاࢽَا,وَࢽْدَکٜيٰ أَيْکِ ࢽَبَرْࢽَا کࣸواْثِکِࢽْ دَرٜيٰ کࣸواْدَرَاࢽَا
عَيٜࢽْ اࣸوَاإࢽْ تَࢽْبَيٰٜکࣸ ࢽَاغَ وَوْتَࢽْ غَالِبَࢽْکْ,يٜࢽْ أࣸوَاإِࢽْ تَࢽْيٜيٰکࣸ  ࢽَاغَ وَوْتَرْغَاکِْکࣸ
ذَاأَکَيْ کࣸوَࢽْسࣸ طَاکِ   ࢽٜيٰ ࢽَهَمّࣸ کَمَرْ أَکࣸرْکِ,ذَاأَکَيْ کࣸوَࢽْسࣸ طَاکِ  ࢽٜيٰ ࢽَهَمّࣸ کَمَرْأَکࣸرْکِ
حَرْکࣸکٜيٰ أَوْرٜيٰ دَإِدَّا    حَرْکࣸکٜيٰ ڢِتࣸوَادَڟَيْدَا,حَرْکࣸکٜيٰ أَوْرٜيٰ دَإِدَّا حَرْکࣸکٜيٰ ڢِتࣸوَادَڟَيْدَا
بَکࣸ سَࢽْ مَڢِتَا اَلَاخِرَابَا,بَکࣸ سَࢽْ مَڢِتَااَلَاخِرَابَا
أَکَ کَرْکَشٜيٰ غَالِبَࢽْسࣸ غالِبَࢽْ وَسࣸ مَاسࣸ مࣸوࢽِ,أَکَ کَرْکَشٜيٰ غَالِبَࢽْسࣸ  غَالِبَࢽْ رَسࣸ مَاسࣸ مࣸوࢽِ
بَيْدَامࣸ ذَاشِ لَاخِرَابَا,بَيْدَامࣸ دَذَاشِ لَاخِرَابَا
ࢽٜيٰ غَمَالِکِ وَࢽْغَ بَاڧࣸواْ    دَاأَثٜيٰ ذَيْ کَرْݒِ سَاڧࣸواْ,ࢽٜيٰ غَمَالِکِ وَࢽْغَ بَاڧࣸواْ  دَاأَثٜيٰ ذَيْ کَرْبِ سَاڧࣸواْ
سَىْ أَڟَيْدَسَحࣸوڟَيَرْوَا    غَاذࣸڢَادَڧِشِي دَيࣸࢽْوَا,سَيْ أَڟَيْدَسَحࣸوڟَيَرْوَا  غَاذࣸڢَادَڧِشِي دَيِࢽْوَا
إِࢽْجِ دَاطِي إِࢽْيِ مࣸرْࢽَا   إِࢽْغَ ڧَبَرِࢽ طَࢽْ أَمِيࢽَا,إِࢽْجِ دَاطِي إِࢽْيِ مࣸرْࢽَا  إِࢽْغَ ڧَبْرِࢽْ طَࢽْ أَمِيࢽَا
سَي سࣸثٜيٰ ماسࣸ کࣸࢽْ بࣸتࣸلْثٜيٰ    أَࢽْ حَدِيثِ کࣸࢽْ کࣸرࣸمْثٜيٰ,سَيْ سࣸثٜيٰ مَسࣸ کࣸࢽْ بࣸتࣸلْثٜيٰ  أَࢽْ حَدِيثِ کࣸࢽْ کࣸرࣸمْثٜيٰ
مࣸصْطَڢَى ࢽٜىٰ شࣸغبَࢽْسࣸ    کࣸوْاْدَيْزَّکَ ڧَارَشِࢽْسࣸ,مࣸصْطَڢَى ࢽٜىٰ شࣸوغَبَࢽْسࣸ کࣸوْاْيَزَّکَ ڧَارَشِࢽْسࣸ
بَسࣸ تَاشِ سࣸࢽَادَلَاڢِيَابَا,بَسࣸ تَاشِ سࣸࢽَادَلَاڢِيَابَا
أَࢽْکَثى يَثِرَا يَتَاشِ   يَاکَتَرْتَ غَوَࢽْدَ يَيْشِ,أَࢽْکَثٜىٰ يَثِرَايَتَاشِ  يَاکَتَرْتَ غَوَࢽْدَيَيْشِ
سࣸيْتَ عِلمِ تࣸࢽْدَڢَارِي    غَسْکِيَاتَرِ غَايِ شَرِّي,سࣸيْتَ عِلْمِ تࣸࢽْدَڢَارِي غَسْکِيَاتَرِغَايِ شَرِّي
کَرْکَݒَاتَ وࣸرِࢽْ ذَمْکࣸ  إِࢽْڢِرَاجِ ثٜيٰ تَعࣸکّࣸ,کَرْکَبَاتَ وࣸرِࢽْ ذَمَࢽْکࣸ إِࢽْڢِرَاجِ ثٜيٰ تَعࣸکّࣸ
وَايَسَࢽْ مَتࣸڧَرْرَبࣸوَࢽکَا  تࣸࢽْدَ اللَّهࣸ يَايَبيکَا,وَايَسَࢽْ مَتࣸڧَرْرَبࣸوࢽَکَا  تࣸࢽْدَاللّهْ يَايَبٜيٰکَا
سَيْ أَکࣸلّٜيٰ دࣸکَࢽْ وࣸتّاثٜيٰ   سَيْ جَهَࢽَّمَ مࣸࢽْجِ أَࢽْثٜيٰ,سَيْ أَکࣸلّٜيٰ دࣸکَࢽْ وࣸتَاثٜيٰ سَيْ جَهَࢽَّمَ مࣸࢽْجِ أَࢽْثٜيٰ
مَيْ مَکَࢽْتَ سَيْ أَثٜيٰ دَا    کَايِي اَلْڧࣸرْأَࢽْ کَذࣸبْدَا,مَيْ مَکَࢽْتَ سَيْ أَثٜىٰ دَا کَايِي اَلْڧࣸرْأَࢽْ کَذࣸبْدَا
شِکٜىٰ کࣸوࣸاْشِيْمْابَذَىْ إيَابَا,شِکٜىٰ کࣸوْاْشِيمَابَذَيْ إِيَابَا
بَمࣸسَࢽْ ڢَرَضِي دَࢽَاڢِلَابَا,بَمࣸسَࢽْ ڢَرَضِي دَࢽَاڢِلَابَا
کࣸواْهَوَࢽْ رَالِى دَرࣸوجِى کٜىٰ دَطِࢽْ تࣸورَاکَ دَاجِى,کࣸواْحَوَࢽْ رَالِي دَرࣸوجِي کٜيٰ دَطِࢽْ تࣸورَاکَ دَاجِ
ࢽَىْ أَڧࣸࢽْسَرٜىٰ بَاشِ حَرْکَا   سَىْ يَثٜىٰ بَايَࢽْغَ ࢽَاکَا,ࢽَيْ أَڧࣸࢽْسَرٜيٰ بَاشِ حَرْکَا  سَيْ يَثٜيٰ بَايِࢽْغَ ࢽَاکَا
دَمࣸکَ أيْکَ بَيْىِ ڢَاءِدَابَا,دَمࣸکَ أَيْکَابَيْيِ ڢَاءِدَابَا
دَبَسࣸيْ کَتَرِي اَلَاخِرَابَا,دَبَسࣸيْ کَتَرِي أَلَاخِرَابَا
کࣸࢽْ مࣸتَاࢽٜىٰ دࣸکْ أرࣸوڟࣸو      حَࢽکَلِࢽْ جَمَعَاشِمࣸوْاْڟࣸو,کࣸࢽْ مࣸتَاࢽٜيٰ دࣸکْ أَرࣸوڟࣸو  حَࢽْکَلِࢽْ جَمَعَاشِمࣸوْاْڟࣸو
رَࢽࢽ إࢽْ بَاکَيْبَ طَࢽْ سࣸوَيْبَا,رَࢽِ إِࢽْ بَاکَيْبَ طَࢽْ سࣸوَيْبَا
وَࢽْسࣸ کࣸوْاْأَوَجَࢽْ حَغࣸࢽْيَا    ذَاأَبَاسࣸ أَثَࢽْ أَبَايَا,وَࢽْسࣸ کࣸوْاْأَوَجَࢽْ حَڧࣸࢽْيَا ذَاأَبَاسࣸ أَثَࢽْ أَبَايَا
بَعَ سَابَ غَࢽِࢽْ سࣸࢽَاذࣸوَابَا,بَعَ سَابَ غَࢽِࢽْ سࣸࢽَاذࣸوَابَا
دࣸکْ أبِࢽَّࢽْ بَاشِ ڧَارٜىٰ    بَابࣸ رَاࢽَابَادَرَارٜىٰ,دࣸکْ أَبِࢽَّࢽْ بَاشِ ڧَارٜيٰ بَابࣸ رَاࢽَابَادَرَارٜيٰ
بَسࣸ کَاسَ غࣸدَاطَرِي بَکَي بَا,بَسࣸ کَاسَ غࣸدَاطَرِي بَکَىْ بَا
شَࢽْ سِغَارِسَيْ کِلَاکِ   ࢽَࢽْ ࢽࣸڢَرْسࣸ تَکَࢽْڢِ أَوْکِ,شَࢽْ سِغَارِسَيْ کِلَاکِ  ࢽَࢽْ ࢽࣸڢَرْسࣸ تَکَࢽْڢِ أَوْکِ
بَيْ کَرْݒِ ڢَطَرْأࣸبَࢽْ غِجِيبَا,بَيْ کَرْݒِي ڢَطَرْأࣸبَࢽْ غِجِيبَا
هَلَّکَاࢽٜيٰ مَاسࣸ ثࣸوتَا    ڢَاجِرِي کٜيٰ تَاࢽْدِࢽْتَا,هَلَّکَاࢽٜيٰ مَاسࣸ ثࣸوتَا ڢَاجِرِي کٜيٰ تَاࢽَدِࢽْتَا
ثَࢽْ أَرَاࢽَرْ ࢽَࢽْ تَتَاشِ  بَاتَ لَامࣸࢽْثٜيٰمَ سَاشِ,ثَࢽْ أَرَاࢽَرْࢽَࢽْ تَتَاشِ بَاتَ لَامࣸࢽْثٜىٰمَ سَاشِ
دَادࣸبࣸࢽْ مِلِيَࢽْ غَرٜيٰکَ رَࢽْدَکَامࣸتࣸ سَيْ أَکَيْکَ,دَادࣸبࣸࢽْ حِلِيَࢽْ غَرٜيٰکَ رَࢽْدَکَامࣸتࣸ سَيْ أَکَيْکَ
مَيْغِدَاطَيَ مَيْ لِغَاڢَا   وَاڧِعَاأَکَمَࢽْ ࢽَشَاڢَا,مَيْغِدَاطَيَ مَيْ لِغَاڢَا  وَاڧِعَاأَکَمَࢽْ ࢽَشَاڢَا
وَدَّبَيْمَ دࣸکَࢽْ بَاَلࢽَّبٜىٰى بَا,وَدَّبَيْمَ دࣸکَࢽْ بَأَلࢽَّبٜىٰ بَا
دࣸࢽْ سࣸکَࢽْجِ کِرَورِࢽْمࣸ  سَيْ سࣸثٜيٰ بَࢽ غَسْکِيَرْمࣸ,دࣸࢽْ سࣸکَࢽْجِ کِرَاوࣸرِࢽْمࣸ  سَيْ سࣸثٜيٰ بَࢽْ غَسْکِيَرْمࣸ
بَسࣸ سَامِ أَبِࢽْدَ سࣸࢽْ رِڧٜيبا,بَسࣸ سَامِ أَبِࢽْدَسࣸࢽْ رِڧٜيٰبَا
کࣸواْ مَذࣸوْوَاتَارٜيٰ تَارٜيٰ  کࣸواْ کثِࢽْ دَبَّاتَطَوْرٜيٰ,کࣸواْمَذࣸوْوَاتَارٜيٰ تَارٜيٰ کࣸواْکَثِࢽْ دَبَّاتَطَوْرٜيٰ
بَابࣸ شِࢽْغِࢽْ کَيْدَکَاوࣸوْاْ بَاتَ تَارَرْسَيْدَ ثِيوࣸواْ,بَابࣸ شِࢽْڧِࢽْ کَيْدَکَاوࣸوْاْ   بَاتَ تَارَرْسَيْدَثِيوࣸواْ
مࣸومِࢽِي مَيْ سࣸࢽْ شِڟِيرَا  شِکَطَيْ کَکࣸلَادَغَٜارَا,مࣸومِࢽِي مَيْ سࣸࢽْ شِڟِيرَا شِکَطَيْ کَکࣸلَادَغَٜارَا
شِذࣸبࣸواْ مَسࣸ بَاثِکِࢽْ شِرِيْبَا,شِࢽْذࣸبࣸواْمَسࣸ بَاثِکِࢽْ شِرِييَا
شِي مࣸکبى ثِي أَرْزِڧِࢽْسَ  کَاغَ بَادَࢽْ شِيْبَ دَامَا,شِي مࣸکٜيٰ ثِࢽْ أَرْزِڧِࢽْسَا کَاغَ بَادَࢽْ شِيبَ دَاسَا
وَحَلَرْسࣸ أَࢽَࢽْ بَتيْ يَوَابَا,وَحَلَرْسࣸ أَࢽَࢽْ بَتَيْ يَوَابَا
حَسَّدَادࣸوْاْمِࢽْ شَڧَاوَا    کࣸوْاْسࣸکِبْرࣸذࣸوَاطَغَاوَا,حَسَّدَادࣸوْاْمِࢽْ شَڧَاوَا کࣸوْاْسࣸکِبْرࣸذࣸوَاطَغَاوَا
لَاخِرَادَيْ بَاسࣸ سَامࣸ   أَرْزࣸکَاإِࢽْ أَࢽْکِرَامࣸ,لَاخِرَادَىْ بَاسࣸ سَامࣸ  أَرْزࣸکَاإِࢽْ أَࢽْکِرَامࣸ
بَاشِ بَيْوَادࣸوࢽْ أَبَاشِ    بَاشِ اْلکَوَرِي يَتَاشِ,بَاشِ بَيْوَادࣸوࢽْ أَبَاشِ بَاشِ اَلْکَوَرِي يَتَاشِ
أللَّهࣸمَّ أَحْڢِظْࢽَا مِࢽْ بࣸغضِ الظَالِمِيࢽْ,أَللّهࣸمَّ أَحْڢِظْࢽَامِࢽْ بࣸغَضِ اِلْمࣸسْلِمِيࢽَ
جٜيٰ سࣸغَࢽْکَ سࣸسَࢽْ سࣸکوࢽِي   مࣸصْطَڢَى أَࢽْبَاإِذْࢽِي,جٜىٰ سࣸغَࢽْکَ سࣸسَࢽْ سࣸکࣸوࢽِي  مࣸصْطَڢَى أَࢽْبَاإِذْࢽِي
ثِي دَشَابِ بَلّٜيٰ سࣸࢽٜيٰمِ   إِࢽْدَذَاسࣸ ڟَيَاأَرَامِ,ثِي دَشَابَ بَلٜيٰ سࣸࢽٜيٰمِ  إِࢽْدَذَاسࣸ ڟَيَاأَرَامِ
سَيْيَ تَارَحَلِي دَدَبَّا بَاحَلِࢽْ دَبَّرْڧࣸوْرَيْبَا,سَيْيَ تَارَحَلِي دَدَبَّا  بَاحَلِࢽْ دَبَّرْڧࣸوْرَيْبَا
مَاسࣸ ثَاثَادَمَاسࣸ لࣸوطࣸ   أَࢽْ کَطࣸوْاسࣸ دَمَاسࣸ کَلّࣸوْا,مَاسࣸ ثَاثَادَمَاسࣸ لࣸوطࣸ   أَࢽْ کَطࣸواْسࣸ دَمَاسࣸ کَلّࣸواْ
يَاکࣸسَࢽْثِ غَدࣸوࢽْ سَرَوتَا    جࢽْ کِرَࢽْسَ شِࢽَايَوَيْتَا,يَاکࣸسَࢽْثِ غَدࣸوࢽْ سَرَوْتَ جِࢽْ کِرَࢽْسَ شِࢽَايَوَيْتَا
غَاشِ کࣸوْاْأَࢽْ کٜىٰوَيٰشِ    سَيْدَجِࢽْ مَغَࢽَرْيَتَاشِ,غَاشِ کࣸوْاْأَࢽْ کٜىٰوَيٜىٰشِ سَيْدَجِࢽْ مَغَࢽَرْيَتَاشِ
بَاشِ ڧَيْامَرْمَىْ تَلَوْثِ    دࣸوࢽْ رَشِى بَايَابࣸتࣸلثِ,بَاشِ ڧَيْامَرْمَىْ تَلَوْثِ  دࣸوࢽْ رَشِى بَايَابࣸتࣸلْثِ
کَيْدَرَبّࣸ اِلْعَرْشِ کَاثٜي  ذَاکَ بِيشِ کَکࣸوْأَمِࢽْثٜيٰ,کَيْدَرَبّࣸ اِلْعَرْشِ کَاثٜيٰ ذَاکَ بِيشِ کَکࣸوْأَمِࢽْثٜيٰ
کࣸمَ يَاتَڢِ بَادَوَيوَيَابَا,کࣸمَ يَاتَڢِ بَادَوَيْوَيَابَا
بَسࣸ ڢَاسَ کِرَاسࣸࢽَادَطِيبَا,بَسࣸ ڢَاسَ کِرَاسࣸࢽَادَطِيبَا
إِࢽْ يَکَرْيٜيٰ سَيْکࣸ رࣸوشٜيٰ  ذࣸوثِيَاثٜيٰ إِࢽْ تَبࣸوشٜيٰ,إِࢽْ يَکَرْيٜيٰ سَيْکࣸ رࣸوشٜيٰ ذࣸوثِيَاثٜيٰ إِࢽْ تَبࣸوشٜيٰ
بَسࣸ شَادَاطِ ألَاخِرَابَا,بَسࣸ شَادَاطِ أَلَاخِرَابَا
کࣸبَرْيِࢽْ ظََتࣸوا تࣸوکࣸࢽْجِ دࣸࢽْ اَللَّهࣸ يَࢽْاءࣸوَا ؞  شِيمَاحَدِيشِ ࢽٜيٰ صََحِيحِ غَأحْمَدَا,کࣸبَرْيِࢽْ ظَتࣸواتࣸوکࣸࢽْجِ دࣸࢽْ اَللَّهࣸ يَࢽَاءࣸوَا ؞  شِيمَاحَدِيشِ ࢽٜيٰ صَحِيحِ غَأَحْمَدَا
لَارَبَاوَامَاسࣸ عِڢَّهْ   سࣸࢽْ وࣸثٜيٰ واکٜيٰ دَڧࣸواْڢَا,لَارَبَاوَامَاسࣸ عِڢَّهْ سࣸࢽْ وࣸثٜيٰ وَاکٜيٰ دَڧࣸواڢَا
٢٧ رَبَّࢽَا يَا غِرْمَمَاکَا   تَࢽ سَشِࢽ سَوْرَرْ مَأَيْکَا,٣٧رَبَّࢽَايَاغِرْمَمَاکَا  تَرْسَشِࢽْ سَوْرَࢽْ مَأَيْکَا
مَيْ کِرَࢽْسࣸ يَثٜيٰ سَمَارِ  شِيْڢَࢽٜيٰ شَيَطَࢽْ رَجِيمِ,مَيْ کِرَࢽْسࣸ يَثٜيٰ سَمَارِ  شِيْڢَࢽٜيٰ شَيطَࢽْ رَجِيمِ
أَغَبَࢽْ أَجَلِࢽْمࣸ بَىْ کِرَابَا,أَغَبَࢽْ أَجَلِࢽْمࣸ بَيْ کِرَابَا
بَسࣸ تَاشِ کَمَادَࢳَࢽْ أدَمْبَا,بَسࣸ تَاشِ کَمَادَࢳَࢽْ أَدَمْبَا
غَاڢِشِي حَرْبَامࣸ سَامࣸ    کࣸوْارࣸوَايَتَڢࣸوْايَغَࢽْمࣸ,غَاڧِشِي حَرْبَامࣸ سَامࣸ کࣸواْرࣸوَايَتَڢࣸواْيَغَࢽْمࣸ
ࢽَࢽْ مِجِ کَࢽْثٜيٰ دَمَاتَ   تَيْکٜيٰࢽِ مَسࣸويِيَاتَا,ࢽَࢽْ مِجِي کَࢽْثٜيٰ دَمَاتَ  تَيْمَکٜيٰࢽِ مَسࣸويِيَاتَا
إِࢽْدَابَسࣸ غَࢽْشِ سࣸࢽْ ࢽَڟَابَا,إِࢽْدَابَسࣸ غَࢽْشِ سࣸࢽْ ࢽَڟَابَا
رَࢽْڟٜيٰ رَࢽْڟٜيٰ کࣸوْاْࢽَڧَرْيَا    مَاسࣸ يِࢽْسࣸ سࣸࢽْجِ کࣸࢽْيَا,رَࢽْڟٜيٰ رَࢽْڟٜيٰ کࣸوْاْࢽَڧَرْيَا مَاسࣸ يِࢽْسࣸ سࣸࢽْجِ کࣸࢽْيَا
يَوْبَا شِرِيَا سࣸکٜيٰ ࢽࣸڢِيبَا,يَوْبَاشِرِيَاسࣸکٜيٰ ࢽࣸڢِيبَا
مࣸࢽْجِ ذَمْهَرِذَاأَبَاسࣸ  مَيْ ذَيَرْبَکَ ذࣸوثِيَرْسࣸ,مࣸࢽْجِ ذَمْهَرِذَاأَبَاسࣸ  مَىْ ذَيَرْبَکَ ذࣸوثِيَرْسࣸ
مَاسࣸ مَيْدَ غِيَادَشَايِ   طَࢽْ دَسࣸوجَمَعَا کَکࣸواْيِ,مَاسࣸ مَيْدَغِيَادَشَايِ طَيْ دَسࣸوجَمَعَاکَکࣸواْيِ
إِࢽْ تࣸࢽَامَکَ إِࢽْ کَمَࢽْثٜيٰ تࣸࢽْ کَࢽَاثِکِ کࣸࢽْيِ ذَࢽْثٜيٰ,إِࢽْ تࣸࢽَامَکَ إِࢽْ کَمَࢽْثٜيٰ  تࣸࢽْ کَࢽَاثِکِ کࣸࢽْيِ ذَࢽْثٜيٰ
إِࢽْتَذࣸوْأَࢽْدَيْࢽَ يَاوࣸواْ   طَࢽْ ڢَشِ کࣸواْکࣸواْ بَرَاوࣸواْ,إِࢽْتَذࣸوْأَࢽْدَيْࢽَ يَاوࣸواْ طَࢽْ ڢَشِ کࣸواْکࣸواْبَرَاوࣸواْ
بَکَ ࢽٜيٰمِ سَࢽٜي غَمَالࣸمَابَا,بَکَ ࢽٜىٰهِ سَࢽٜي غَمَالࣸمَابَا
١١ يَاکَمَاتَ مࣸغࣸوْداي اَللَهْ   ثَࢽ غَبَࢽْمࣸ أَکࣸوْي ڧَبِيلَه,١١يَاکَمَاتَ مࣸغࣸوْدٜى اَللَّهْ   ثَࢽْ غَبَࢽْمࣸ أَکࣸويِ ڧَبِيلَهْ
بَعَ سَاݒَ أَبِࢽْدَ أَمْڢَطِيبَا,بَعَ سَاݒَ أَبِࢽْدَأَمْڢَطِيبَا
سَيْ يَتَاشِ يَجَي سࣸغَيْسَا   دࣸوࢽْ ثِکَکَّࢽْ هَࢽْکَلِࢽْسَا,سَىْ يَتَاشِ يَجٜىٰ سࣸغَيْسَا  دࣸوࢽْ ثِکَکّࢽَࢽْ هَࢽْکَِࢽْسَا
غَسْکِيَاکࣸمَ ذَاأغَࢽْسࣸ   مَࢽْيَ مَࢽْيَ بِسَࢽْ جِکِࢽسࣸ,غَسْکِيَاکࣸمَ ذَاأَغَࢽْسࣸ  مَࢽْيَ مَࢽْيَ بِسَࢽْ جِکِࢽْسࣸ
حَجِّ زَکَّاغَاکَسَالَهْ تَاڟَرٜيٰکَ ثِکِࢽْ جَهَالَهْ,حَجِّ زَکَّاغَاکَسَالَهْ  تَاڟَرٜيٰکَ ثِکِࢽْ جَهَالَهْ
تࣸࢽْدَغَامࣸ دَکࣸواْوَࢽٜيٰࢽْکࣸ   ࢽَࢽْ ثِکِࢽْ وࣸتَ أَࢽَّبِࢽْکࣸ,تࣸࢽْدَغَامࣸ دَکࣸواْوَࢽٜيٰࢽْکࣸ ࢽَࢽْ ثِکِࢽْ وࣸتَ أَࢽَّبِࢽْکࣸ
أّوࣸرِࢽْکࣸ بَذَيْيِ ڢَاءِدَابَا,أَوࣸرِࢽْکࣸ بَذَيْيِ ڢَاءِدَابَا
بَعَ بَرْدࣸکَّࢽْ حَڧࣸواڧࣸوَابَا,بَعَ بَرْدࣸکَّࢽْ حَڧࣸواْڧࣸوَابَا
ࢽَࢽْ دَࢽَࢽْ ڟَکِيَاتَڟَاغٜيٰ   بَاڢِتَاسَيْ وَيْغٜيٰ وَيْغٜيٰ,ࢽَࢽْ دَࢽَࢽْ ڟَکِيَاتَڟَاغٜيٰ بَاڢِتَاسَيْ وَيْغٜيٰ وَيْغٜيٰ
دࣸوکِيَرْسࣸ دَمَاسࣸ ڧَاتࣸواْ     أَرْزِڧِࢽْ وَࢽِي عࢽْ رࣸوَيْتࣸواْ,دࣸوکِيَرْسࣸ دَمَاسࣸ ڧَاتࣸواْ أَرْزِڧِࢽْ وَࢽِي عَࢽْ رࣸوَيْتࣸواْ
شِي مࣸتࣸم ࢽٜىٰ ذَلْوَڧَارِى    لَازِمِࢽْ إسْتِࢽْغِڢَارِى,شِي مࣸتࣸم ࢽٜىٰ ذَالْوَڧَارِي لَازِمِࢽْ إِسْتِࢽْغِڢَارِي
اَلࢽَّاشِرࣸأَحْمَدࣸالتِجَّاࢽِي حَڢِظَهࣸ اللهࣸ وَڢَّڧَࢽَا,اَلࢽَّاشِرْأَحْمَدࣸاَلثِجَاࢽِي حَڢِظَهࣸ اَللّهࣸ وَڢَّڧَࢽَا
دࣸکَ وَࢽْدَيَڧِيکَ مَايِى غَابَا,دࣸکَ وَࢽْدَيَڧِيکَ مَايِي غَابَا
يَاݒَثٜيٰ هَرْذࣸوثِ تࣸࢽْدَ بَاسَࢽِࢽْ کَلْمَرْشَهَادَا,يَاݒَثٜيٰ هَرْذࣸوثِ تࣸࢽْدَ  بَاسَࢽِࢽْ کَلْمَرْشَهَادَا
کࣸوْأَدࣸودَأَشࣸواْدَلَيْمَا بَرْتَصَلَّا کࣸوْإِڧَامَا,کࣸوْأَدࣸوْدَأَشࣸواْدَلَيْمَا  بَرْتَصَلَّا کࣸوْإِڧَامَا
ڢصل نا حوض نبينا محمد صلى الله عليه وسلم,ڢصل ب نا حوض نبينا محموصلى الله عکيه وسل
مَادَسَاڧࣸواْکࣸوْاوَࢽِࢽْسࣸ   سࣸڢَطَادࣸکَ حَࢽْزَرِࢽْسࣸ,مَادَسَاڧࣸواْکࣸواْوَࢽِࢽْسࣸ  سࣸڢَطَادࣸکَ حَࢽْزَرِࢽْسࣸ
کࣸوْاوَࢽٜىٰ ءکَبَاشِ أَيْکِ   سَىْ أمَىْ عَدَدِي غَأَيْکِ,کࣸوْاْرَࢽٜىٰ أَکَبَاشِ أَيْکِ  سَيْ أَمَىْ عَدَدِي غَأَيْکِ
الهࣸمَّ أَحْڢِظَࢽَا مِࢽْ کࣸلِّ شَرِِّ,اَللَّهࣸمَّ أَحْڢِظْࢽَامِࢽْ کࣸلْ شَزِيدِ
کَيࢽَ أدࣸوࢽْسࣸ دَکَيْࢽ هَوَࢽْسࣸ بَىٰ کَ ڧَارَغَࢽࢽْ طَيَࢽْسࣸ,کَيْࢽْ أَدࣸوࢽْسࣸ دَکَيْࢽْ هَوَࢽْسࣸ  بَࢽْکَ ڧَارَغَࢽْࢽْ طَيَࢽْسࣸ
إِࢽْدَابَسࣸ غَࢽْشِ سࣸࢽْ ࢽَڟَابَا,إِࢽْدَابَسࣸ غَࢽْشِ سࣸࢽْ ࢽَڟَابَا
مࣸوسَ کࣸواْ عَبْدࣸالسَّلَامِ سࣸࢽْوࣸثى وَࢽَࢽْ مࣸڧَامِ,مࣸوسَ کࣸواْعَبْدࣸالسَّلَامِ  سࣸࢽْوࣸثٜىٰ وَࢽَࢽْ مࣸڧَامِ
أَࢽْ أذَاتَ أکَࢽْ وࣸتَاثٜى    وَدَّبَاعَ عجٜىٰ يَتَثّٜىٰ,أَࢽْ أَذَاتَ أَکَࢽْ وࣸتَاثٜيٰ  وَدَّبَاعَ عَجٜيٰ يَتَثّٜيٰ
جٜىٰ سࣸغَࢽْکَ سࣸسَࢽْ سࣸکࣸوࢽِي    مࣸصْطَڢَى أَࢽْبَاإِذْࢽِي,جٜىٰ سࣸغَࢽْکَ سࣸسَࢽْ سࣸکࣸوࢽِي مࣸصْطَڢَى أَࢽْبَاإِذْࢽِي
دࣸوبَ دَىْ ڢِرعَوࢽْ وَيشِى    ࢽٜىٰ طَغَاوَبَاکَمَرْشِ,دࣸوبِ دَىْ ڢِرْعَوࢽَ وَيْشِى  ࢽٜيٰ طَغَاوَابَاکَمَرْشِ
غَادࣸبࣸࢽْ مڟَرَاأَطَاکِي    إِࢽْدَا مَايَڢِ ڧَارَ أَوْکِي,غَادࣸبࣸࢽْ مَڟَرَاأَطَاکِي إِࢽْدَمَايَڢِ ڧَارَأَوْکِي
شِى يَثٜىٰ مَکَ مَرْحَبََايَا    مَسࣸوْايِي وَࢽْدَشِرْيَا,شِى يَثٜىٰ مَکَ مَرْمَبَّايَا  مَسࣸوْايِي وَࢽْدَشِرْيَا
سَࢽْ وࣸثٜىٰ سَىْ أمْبَتࣸࢽْسࣸ    سَىْ تࣸࢽَاࢽِࢽْ أرْزِکِࢽْسࣸ,سَࢽْ وࣸثٜىٰ سَىْ أَمْبَتَࢽْسࣸ سَىْ تࣸࢽَاࢽِࢽْ أَرْزِکِࢽْسࣸ
کَتࣸࢽَا بَاذَامࣸ دَوَّمَابَا,کَتࣸࢽَابَاذَامࣸ دَوَّمَابَا
مَيْ کِرَࢽْسࣸ يَثٜيٰ سَمَارِ    شِيْڢَࢽٜيٰ شَيْطَࢽْ رَجِيمِ,مَيْ کِرَࢽْسࣸ يَثٜيٰ سَمَارِ  شِيْڢَࢽٜيٰ شَيطَࢽْ رَجِيمِ
کَاڢِرَىْ دَاسࣸࢽْ ڢَهِمْتَ    بِࢽْ مࣸحَمَّدࣸيَاکَمَاتَ,کَاڢِرَيْ دَاسࣸࢽْ ڢَهِمْتَ   بِࢽْ مࣸحَمَّدࣸيَاکَمَاتَ
بَسࣸ سَࢽْ کࣸواْ سࣸࢽْ مࣸوَاڢَڧَابَا,بَسࣸ سَࢽْ کࣸواْسࣸࢽْ مࣸوَاڢَڧَابَا
غَالِبِي دَحَڧࣸوڧࣸوَاࢽٜيٰ  کٜيٰ ڟَرٜيٰسࣸ أَࢽَࢽْ وࣸيَاࢽٜيٰ,غَالِبِي دَحَڧࣸوڧࣸوَاࢽٜيٰ کٜيٰ ڟَرٜيٰسࣸ أَࢽَࢽْ وࣸيَاࢽٜيٰ
مَاسࣸ کࣸواْدَوَجَاغَرَىٰمࣸ   دࣸوْبِ شَيْخࣸ مࣸجَدَّدِࢽْمࣸ,مَاسࣸ کࣸواْدَوَجَاغَرٜىٰمࣸ  دࣸوبِ شَيْخࣸ مࣸجَدَّدِࢽْمࣸ
وَࢽْدَکࣸوْاْݒَرْࢽَايَڢَارَا     بَاشِيِࢽْ ڢَاتَاشِغَٜارَا,وَࢽْدَکࣸوْاْبَرْࢽَايَڢَارَا بَاشِيِࢽْ ڢَاتَاشِغَارَا
کࣸواْدَدَىْ لَيْڢِى تࣸدࣸوࢽٜىٰ    ࢽَاکَ وَࢽْدَکَتَتَّرَاࢽٜىٰ,کࣸواْدَدَيْ لَيْڢِي تࣸدࣸوࢽٜيٰ  ࢽَاکَ وَࢽْدَکَتَتَّرَاࢽٜيٰ
سَيْ وࣸرِࢽْ تࣸواْذࣸࢽْ اَلࣸولَه    سَيْ وࣸرِࢽْ أَذࣸمِي مࣸوَالَهْ,سَيْ وࣸرِࢽْ تࣸواْذࣸࢽْ اَلࣸولَه   سَيْ وࣸرِࢽْ أَذࣸمِي مࣸوَالَهْ
سَࢽَّࢽْ بَاذَاشِ کࣸوْاْمࣸوَابَا,سَࢽَّࢽْ بَاذَاشِ کࣸوْاْمࣸوَابَا
ذَابَيَامَىْ تَادَصَوْتِ کٜىٰ هَࢽَاکَ تࣸࢽِࢽْ وَڢَاتِى,ذَايَيَامَيْ تَادَصَوْتِ  کٜيٰ هَࢽَاکَ تࣸࢽِࢽْ وَڢَاتِي
حَاوࣸيَا تَمࣸࢽَاڢࣸکَيْࢽٜيٰ  ثَࢽْ سَعِيرَا کَاڢِرَيْࢽٜيٰ,حَاوࣸيَاتَمࣸࢽَاڢࣸکَيْࢽٜيٰ  ثَࢽْ سَعِيرَا کَاڢِرَيْࢽٜيٰ
طَيْبَ غࣸࢽْ کَاکَࢽْ حࣸسَيْرࢽِ    إࢽْ يَبࣸواْأثِکِࢽْ سࣸکࣸوࢽِ,طَيْبَ غࣸࢽْ کَاکَࢽْ مࣸسَيْࢽِ  إِࢽْ يَبࣸواْأَثِکِࢽْ سࣸکࣸويِ
کَيْ إِسَشّٜيٰࢽٜيٰ غَکࣸومَيْ     مَاغَࢽِي ࢽٜيٰکَيْ وࣸرِࢽْمَيْ,کَيْ إِسَشّٜيٰࢽٜيٰ غَکࣸومَيْ   مَاغَࢽِي ࢽٜيٰکَيْ وࣸرِࢽْمَيْ
يَارَڧٜيٰࢽِ رِڧࣸواْࢽَظِيڢِ    هَرْيَذَمْ ࢽَاڢَارَ ڧَرْڢِ,يَارَڧٜيٰࢽِ رِڧࣸواْࢽَظِيڢِ هَرْيَذَمْ ࢽَاڢَارَڧَرْڢِ
إِࢽْࢽَرَاڟَ کࣸڢَيْ زࣸبَبَّيٰ سَي ࢽِکَࢽْ تࣸࢽَ يَوْدَغࣸواْبٜيٰ,إِࢽْ ࢽَرَاڟَ کࣸڢَيْ زࣸبَبَّيٰ سَيْ ࢽِکَࢽْ تࣸࢽَ يَوْدَغࣸواْبٜيٰ
يَابٜثٜيٰ دَرَشِࢽْ بَصِيرَا سَيْ شِذࣸوْدَدࣸبࣸࢽْ لَرࣸورَا,يَاݒَثٜيٰ دَرَشِࢽْ بَصِيرَا سَيْ شِذࣸوْدَدࣸبࣸࢽْ لَرࣸورَا
ࢽٜيٰ يَثٜيٰ إِࢽذࣸواْࢽَدࣸوبَا   يَاذَمَࢽْسࣸ ثِکِࢽْ عَذَابِ,ࢽٜيٰ يَثٜىٰ إِࢽْذࣸواْࢽَدࣸوبِ   يَاذَمَࢽْسࣸ ثِکِࢽْ عَذَابِ
بَاغَرٜيٰکَبَاحَرْأࣸبَࢽْکَ  مٜيٰ يَسَاکࣸواْذࣸوثِيَرْک,بَاغَرٜيٰکَبَاحَرْأࣸبَࢽْکَ  مٜيٰ يَسَاکࣸواْذࣸوثِيَرْکَ
إࢽْ تَوَاڟࣸ سَىْ اسࣸومَا     مࣸومِࢽِي إࢽࣸوَرْسَلَامَا,إِࢽْ تَوَاڟࣸ سَىْ أَسࣸومَا  مࣸومِࢽِي إِࢽࣸوَرْسَلَامَا
نٜلاَطࣽ عَلَّ مَاکِ صَلَّح ࡻللَّهࣸ عَلَيْحهِ وَسَلَّمَ جَمْ عٜکِسِيح,نٜلاَطࣽ عَلَّ مَاکِ صَلَّى ࡻللَّهࣸ عَلَيْهِ وَسَلَّمَ جَمْ عٜکِسِيلٜ
ثٜيٰوَا بَاذَاشِ لَاخِرَابَا,ثٜيٰوَابَاذَاشِ لَاخِرَابَا
ࢽَاجِ ألْڧَاضِي شِࢽَاثٜيٰ ذࣸوثِࢽَا إِࢽْتَامَکَࢽْثٜيٰ,ࢽَاجِ أَلْڧَاضِي شِࢽَاثٜيٰ ذࣸوثِيَاإِࢽْتَامَکَࢽْثٜيٰ
يَايِي کَٜيْوْدَيْ طَࢽْ مࣸسࣸلْمِي    يَيْتَ أَدِّيࢽِ يَࢽٜيٰمِ,يَايِي کَيْوْدَيْ طَࢽْ مࣸسࣸلْمِي  يَيْتَ أَدِّيࢽِ يَࢽٜيٰمِ
تَمبَيَاࢽَطَيْࢽْتَ اَللَّهْ   أَࢽْکَ شࣸوطٜيٰ سَيْ ࢽَصَلَّا,تَمْبَيَاࢽَطَيَࢽْتَ اَللَّهْ  أَࢽْکَ شࣸوطٜيٰ سَيْ ࢽَصَلَّا
الحمدلله رب العالميࢽ,الحمدلله ربدالعالميࢽ
تَمْبَرِࢽْتَ غَرٜيٰمࣸ کࣸوکاَ   إِࢽْدَرَاࢽِبَاإِࢽْدَکَاکَا,تَمْبَرِࢽْتَ غَرٜيٰمࣸ کࣸوکَا  إِࢽْدَرَاࢽِبِ إِࢽْدَکَاکَا
بَاکࣸوْاْمَىْ ڢَاسَ رࣸورࣸوَابَا,بَاکࣸوْاْمَىْ ڢَاسَ رࣸورࣸوَابَا
دَسࣸکٜيٰ حَطٜيٰ غَاشِ بَيْهَطٜيٰبَا,دَسࣸکٜيٰ حَطٜيٰ غَاشِ بَيْهَطٜيٰبَا
سَࢽّࣸ مَى صِڢَّا ثِکَکى  مَاغَࢽِࢽْکَ ࢽَشَاࢽَوَرْکٜىٰ,سَࢽّࣸ مَيْ صِڢَّاثِکَکّٜى  مَاغَࢽِࢽْکَ ࢽَشَاࢽَوَرْکٜي
تَمْبَيَاࢽَطَيَࢽْتَ اَللَّهْ    أَࢽْکَ شࣸوطٜيٰ سَيْ ࢽَصَلَّهْ,تَمْبَيَاࢽَطَيَࢽْتَ اَللَّهْ   أَࢽْکَ شࣸوطٜيٰ سَيْ ࢽَصَلَّهْ
وَࢽْسࣸ کࣸوْاتَمْکَرْ دَوَاکِ   ذَاسࣸ شࣸوطٜيٰ کࣸواْ يَجَاکِ,وَࢽْسࣸ کࣸوْاْتَمْکَرْدَوَاکِ ذَاسࣸ شࣸوطٜيٰ کࣸواْيَجَاکِ
أَيْ تࣸࢽْ بَعَجٜيٰ غَکَوْثَرَابَا,أَيْ تࣸࢽْ بَعَجٜيٰ غَکَوْثَرَابَا
بَتࣸࢽْ دَࢽَاجِ وࣸرِࢽْ مَالَمْ تࣸکࣸرْ    شَيْخࣸ ࢽَدَبِي مࣸتࣸم مَّيْ حَتَّرَىٰ,بَتࣸࢽْ دَࢽَاجِ وࣸرِࢽْ حَالَمْ تࣸکࣸرْ  شَيْخࣸ ࢽَدَبِي مࣸتࣸم مَّيْ حَتَرَىٰ
سَامَجࣸوسࣸ ࢽَهࣸطماࢽٜيٰ   کࣸوْوَࢽٜيٰࢽْسࣸ وࣸرِࢽْذَمَاࢽٜيٰ,سَامَجࣸوسࣸ ࢽَهࣸطَمَاࢽٜيٰ کࣸوْوَࢽٰٜࢽْسࣸ وࣸرِࢽْذَمَاࢽٜيٰ
ْْشراوضيرا اٰميࢽ بحڧِّ خير العالميࢽ,شراوضيرا  أميࢽ بحڧِّ خيرالعالميࢽ
سَىْ مࣸحَمَّدࣸدࣸࢽْ کَمَالَى    تَىْ دَذَابَبّٜىٰࢽْ أدَالَى,سَىْ مࣸحَمَّدࣸدࣸࢽْ کَمَالَى تَىْ دَذَابَبّٜىٰࢽْ أَدَالَى
وَسࣸ کࣸواْ سࣸمَتى أَتَڢْکِى  وَسࣸ کࣸواْسَࢽَدِࢽْسࣸ طَاکِى,وَسࣸ کࣸواْسࣸمَثٜيٰ أَتَڢْکِي  وَسࣸ کࣸواْسَࢽَدِࢽْسࣸ طَاکِي
٤٣  غَامࣸ غࣸࢽْ جِيکَࢽْکَ شَيْخࣸ  دࣸوْࢽْ إِسَࢽْ کَاکَࢽْکَ ࢽࣸوْحࣸ,٤٤غَامࣸ غࣸࢽْ جِيکَࢽْکَ شَيْخࣸ  دࣸوࢽْ إِسَرْ کَاکَࢽْکَ ࢽࣸوحࣸ
مࣸتࣸمْ ثوتاࢽٜي مَرَغَاࢽِي  بَاعَ غࣸوْࢽِࢽْتاغَرٜيشِ,مࣸتࣸمْ ثࣸوتَاࢽٜيٰ مَرَرْمَاغَࢽِي   بَاعَ غࣸوࢽِࢽْتَاغَرٜيٰشِ
وَثٜيٰ مَالميْ سࣸکَاتَارَاتَا,وَثٜيٰ مَالَمَيْ سࣸکَاتَارَاتَا
دࣸکْ أَبِࢽْدَمࣸتࣸمْ يَرِسْکَا  شِي مَأَوْࢽِي ذَاشِ طَوْکَا,دࣸکْ أَبِࢽْدَمࣸتࣸمْ يَرِسْکَا  شِي مَأَوْࢽِي ذَاشِ طَوْکَا
وَࢽْسࣸ ࢽاتاشِ ڟِرَارَا    تࣸࢽْ کࣸشٜىٰواذَاع ڢَارَا,وَࢽْسࣸ ࢽَاتَاشِ ڟِرَارَا  تࣸࢽْ کࣸشٜيٰوَاذَاعَ ڢَارَا
حَرْڧَذَڢْ حَرْغَرْدࣻمَࢽْثِي   سَارِيَاءࣸ دَثِࢽْ مࣸتࣸࢽْثِي,حَرْڧَذَڢْ حَرْغَرْدَمَࢽْثِي سَارِيَادࣸدَثِࢽْ مࣸتࣸࢽْثِي
دࣸکْ مࣸتࣸمْ کٜىٰࢽَࢽْ شِکٜىٰجِي    غَاوࣸتَاتَاجٜىٰڢَ حࣸرْجِي,دࣸکْ مࣸتࣸمْ کٜيٰࢽَࢽْ شِکٜيٰجِي غَاوࣸتَاتَاجٜيٰڢَ حࣸرْجِي
تَاࢽَجِࢽْسࣸ سࣸسّامِ أَيْکِ     سَࢽّࣸ سَࢽّࣸ سࣸکَيْغَ مࣸلْکِ,تَاࢽَجِࢽْسࣸ سࣸسَامِ أَيْکِ  سَࢽّࣸ سَࢽّࣸ سࣸکَيْغَ مࣸلْکِ
سَىْ أثٜى جِبْرِيلࣸ جٜىٰکَ    غࣸࢽْ مَڢِيڢيثِࢽْ مَأَيکَ,سَىْ أَثٜىٰ جِبْرِيلࣸ جٜىٰکَ غࣸࢽْ مَڢِيڢِيثِࢽْ مَأَيْکَ
سَادَمَىْ لࣸغࣸدٜىٰ دَغࣸوطَا    حَرْمذَاجٜىٰ مَاسࣸ بࣸوطَا,سَادَمَىْ لࣸغࣸدٜيٰ دَغࣸوطَا  حَرْمَذَاجٜيٰ مَاسࣸ بࣸوطَا
دَيْ مࣸࢽَاکَلْمَرْ شَهَادَ  مࣸوڢَ شَيْطَࢽْ ࢽٜيٰ يَݒَدَّ,دَيْ مࣸࢽَاکَلْمَرْشَهَادَ  مࣸوڢَ شَيْطَࢽْ ࢽٜيٰ يَبَدَّ
کَىْ مࣸتَاࢽٜىٰ مَاسࣸ رࣸوبَا    سࣸوڢَ رِيْشࣸ يَکَىْ تَطِيْبَا,کَيْ مࣸتَاࢽٜيٰ مَاسࣸ رࣸوبَا سࣸووَرِيشࣸ يَکَࢽْ تَطِيبَا
وَࢽْسࣸ کَوْاْشِڟَيَاأڧِرجِي    غَاشِ رَاࢽَاتَايى غرْجِي,وَࢽْسࣸ کࣸوْاْشِڟَيَاأَڧِرْجِي  غَاشِ رَاࢽَاتَايِي غَرْجِي
بَسࣸ غَسْکَتَ ࢽَامࣸ اَلࢽَّبِي بَا,بَسࣸ غَسْکَتَ ࢽَامࣸ اَلࢽَّبِي بَا
دࣸومِࢽْ دَيْ رَࢽْسࣸ بَيْ ࢽَڟَابَا,دࣸوْمِࢽْ دَيْ رَࢽْسࣸ بَيْ ࢽَڟَابَا
جَمَعَابَسࣸ سَࢽْ وࣸرِࢽْ ذࣸوابَا,جَمَعَابَسࣸ سَࢽْ وࣸرِࢽْ ذࣸوَابَا
سࣸکَ سَࢽْ بَاذَاسࣸ دَوَّمَابَا,سࣸکَ سَࢽْ بَاذَاسࣸ دَوَّمَابَا
بَىْ بَرْمࣸ مࣸسَامِ سَادࣸوَابَا,بَيْ بَرْمࣸ مࣸسَامِ سَادࣸوَابَا
يَاثِلَاتَ دَڧࣸࢽْ سَࢽِࢽْ مَحَرْبَا,يَاثِکَاتَ دَڧࣸࢽْ سَࢽِࢽْ مَحَرْبَا
لَارَبَاوَامَاسࣸ عِڢَّهْ    سࣸࢽْ وࣸثٜىٰ وَاکٜىٰ دَڧࣸوْاڢَا,لَارَبَاوَامَاسࣸ عِڢَّهْ سࣸࢽْ وࣸثٜيٰ وَاکٜيٰ دَڧࣸواْڢَا
شِي سَࢽِي کَࢽْ مَيْدَبَاوَا    طَامَڢِي غِرْمَࢽْ مࣸرࣸوَ,شِشِي مَࢽِي کَࢽْ مَࢽْدَبَاوَا طَامَڢِي غِرْمَࢽْ مࣸرࣸوَا
اللهم صلى على محمدوسلم,اللام صله على محجروسلم
بسم الله الرحمࢽ الرحيم صلى الله على سيدنا محمد وءاله و صحبه و سلم تسليما,ڢسم الله الر مࢽ لاکبم خلى لله على سيدنا محد وءالد وصحبه وسلى تيا
صَلَّى ࡻللََّهࣸ عَلَيهِ وَسَلَّمَ جَمْ عٜکِسِيٜى وࣽنِى عٜمَکّࣽ,صَلَّى ࡻللَّهࣸ عَلَيْهِ وَسَلَّمَ جَمْ عٜکِسِيٜر وࣽنِى عٜمَکّࣽ
صَلَّح ࡻللَّهࣸ عَلَيْهِ وَسَلَّمَ جَمْ عٜکِسِيٜࢽ وࣽنِى عٜمَکّࣽ,صَلَّحِ ࡻللَّهࣸ عَلَيْهِ وَسَلَّمَ جَمْ عٜکِسِيٜى وࣽنِى عٜمَکّࣽ
صَلَّى ࡻللَّهࣸ عَلَيْهِ وَسَلَّمَ جَمْ عٜکِسِيى وࣽنِى عٜمَکّࣽ,صَلَّى ࡻَللَّهࣸ عَلَيْهِ وَسَلَّمَ جَمْ عٜکِسِيى وࣽنِى عٜمَکّࣽ
صَلَّى ࡻللَّهࣸ عَلَيْهِ وَسَلَّمْ جَمْ عٜکِسِيٜىٰ وࣽنِى عٜمَکّࣽ,صَلَّى ࡻللَّهࣸ عَلَيْهِ وَسَلَّمْ جَمْ عٜکِسِيࢽٰ وࣽنِى عٜمَکّࣽ
عࣽمَاکِ صَلَّى ࡻللَّهࣸ عَلَيْهِ وَسَلَّمَ جَمْ عٜکِسِيٜىٰ,عࣽمَاکِ صَلَّى ࡻللَّهࣸ عَلَيْهِ وَسَلَّمَ جَمْ عٜکِسِييٜىٰ
مࣽرࣽ جَامِ کࣽجَٜٜٜٜامَتَطࣸࢽْ عࣽنَجِى تࣸتّٜࢽْ عَرِتلْدٜ دَرَادٜدَرَلْ,مࣽࢽࣽ جَامِ کࣽجٜاٜمَتَطࣸࢽْ عࣽنَجِىتࣸتّٜࢽْ عَرِتَلْدٜدَرَادٜدَرَلْ
يَا طَࢽْ عࣸوَاࢽَا إࢽْدَ حَالِࢽْ تَيْمَکࣸواْ  دَکࣸطِي دَڧَرْڧِي دࣸوکَتَيمَکِ طَࢽْ عࣸوَا,يَاطَࢽْ عࣸوَاࢽَا إِࢽْدَحَالِࢽْ تَيْمَکࣸو  دَکࣸطِي دَڧَرْڧِي دࣸوکَتَيْمَکِ طَࢽْ عࣸوَا
يَاطَࢽْ عࣸوَا ࢽَا إࢽْدَ حَالِࢽْ تَيْکࣸو دَغِدَ دَغࣸوࢽَا دࣸوکَتَيْمَکَ طَࢽْ عࣸوَاا,يَاطَࢽْ عࣸوَاࢽَا إِࢽْدَحَالِࢽْ تَيْمَکࣸو  دَغِدَادَغࣸوࢽَادࣸوکَتَيْمَکِ طَࢽْ عࣸوَا
يَاطَࢽْ عࣸوَا ࢽَا إِࢽْدَ حَالِࢽْ تَࣸيْمَکࣸو صَدَڧَا دَکٜيوْتَادࣸوکَتَيمَکِ طَࢽْ عࣸوَا,يَاطَࢽْ عࣸوَاࢽَا إِࢽْدَحَالِࢽْ تَيْمَکࣸو صَدَڧَادَکِيوْتَادࣸوکَتَيْمَکِ طَࢽْ عࣸوَا
يَاطَࢽْ عࣸوَاࢽَا إِࢽْدَ حَالِي تَيْمَکو  حَࢽْيَر ذࣸوَا حَجِ مَا کَتَيْمَکِ طَࢽْ عࣸوَا,يَاطَࢽْ عࣸوَࢽَا إِࢽْدَحَالِࢽْ تَيْمَکࣸو  حَࢽْيَرْذࣸوَاحَجِ مَاکَتَيْمَکِ طَࢽْ عࣸوَا
يَاطَࢽْعࣸوَاࢽَا إِࢽْدَ حّالِࢽْ تَيْمَکࣸو أمْرِي دَࢽَهيِ دࣸوکَتَيْمَکَ طَࢽْ عࣸوَا,يَادَࢽْ عَوَاࢽَا إِࢽْدَ حَالِࢽْ تَيْمَکࣸو  أَمْرِي دَࢽَمَيِ  دࣸوکَتَيْمَدِ طَࢽْ عࣸوَا
يَا طَࢽْ عࣸوَا إࢽْدَ حَالِࢽْ تَيْمَکࣸو  سࣸتࣸرَأبَࢽْثِي دࣸو کَتَيْمْکَ طَࢽْ عࣸوَا,يَاطَࢽْ عࣸوَاࢽَا  إِࢽْدَحَالِࢽْ تَيْمَکࣸو سࣸتࣸرَا أَبࣸࢽْثِي دࣸوکَتَيْمَکِ طَࢽْ عࣸوَا
يَاطَࢽْ عࣸوَࢽَا إࢽْدَ حَالِࢽْ تَيْمَکࣸو  دَغِࢽِي دَدَࢽْڧَادࣸو کَتَيْمَکِ طَࢽْ عࣸوَا,يَاطَࢽْ عࣸوَاࢽَا إِࢽْدَحَالِࢽْ تَيْمَکࣸو دَغِࢽِي دَدَࢽْڧَادࣸو کَتَيْمَکِ طَࢽْ عࣸوَا
لسَبَبِ حکࣸمِ الدّࣸࢽْيَا,تِلِسَبَبِ هِکَم لِدّࣸࢽْيَاءِ
ڢَصْلࣸࣸ مَالَمِيࢽَا مَالَمْ طَࢽْ عِيَا,ڢَصْلࣸ مَالَمِيࢽَامَالَمْ طَࢽْ عِبَا
ڢَصْلࣸࣸ ڢِي ڧَولِ مَالَمْ بَاوَابَزَࢽَڢَرٜيٰ,ڢَصْلࣸ ڢِي ڧَوْلِ مَالَمْ بَاوَابَزْࢽْڢَرٜيٰ
بِسْمِ اِللَّهِ اِلرَّحْمٰࢽِ اِلرَّحِيمِ   صَلَّى اَللَّهࣸ عَلَى اِلࢽَّبِي اِلْکَرِيمِ,بِسْمِ اللَّهِ اِلرَّحْمَٰࢽِ اِلرَّحِيمِ   صَلَّى اَللَّهࣸ عَلَى الࢽَّبِيِّ اِلْکَرِيمِ
بَابࣸ أَيْکِي دَيْدَيْ سَيْ ࢽَتِرْ   سَيْ ࢽَعَشَاشِيࢽٜيٰ ذَيْ يَوَا,بَابࣸ أَيْکِي دَيْدَيْ سَيْ ࢽَتِرْ  سَيْ ࢽَعَشَاشِيࢽٜيٰ ذَيْ يَوَا
مࣸوَلَّڢࣸ هَذَاالکِتَابࣸ الْحَاجِِ,مࣸوَلَّڢࣸ هَٰذَاالْکِتَابࣸ اَلْحَاجِ
مَالَمْ عَلِيّࣸ ࢽَمَࢽْغِ زَرِيَ,مَالَمْ عَلِيّࣸ ࢽَمَࢽْغِ زَارِيَ
شَأَࢽِࢽْسࣸ بَذَىْ مࣸوَاڢَڧَابَا,شَأَࢽِࢽْسࣸ بَذَيْ مࣸوَاڢَڧَابَا
سَىْ کَرَࢽْ بِکِ شِى کَڧَارَا     سَيْڢَ جَࢽْ بَلْبَلْ دَڟَارَا,سَيْ کَرَࢽْ بِکِ شِي کَڧَارَا  سَيْڢَ جَࢽْ بَلْبَلْ دَڟَارَا
تَمْکَرْبَاتَارَࢳَࢽْ أدَمْ بَا,تَمْکَرْبَأَتَارَعَࢽْ أَدَمْ بَا
دَغَرِࢽْ سَىْ مَاسࣸ إيْکࣸواْ    يَࢽذࣸبَاکࣸواْمَاسࣸ تَرْکࣸواْ,دَغَرِࢽْ سَىْ مَاسࣸ إِࢽْکࣸواْ  يَࢽْذَبَاکࣸواْمَاسࣸ تَرْکࣸواْ
سَيْڢَ رِيمَايٜىٰ دَݒکّࣸواْ    تࣸوبَ مَىْ سࣸࢽْ ࢽࣸوࢽَ ڢِيکࣸواْ,سَيْڢَ رِيمَايٜيٰ دَبَکّࣸواْ  تࣸوبَ مَيْ سࣸࢽْ ࢽࣸوࢽَ ڢِيکࣸواْ
دَࢽْدَلِࢽْسࣸ ࢽَثِࢽْ أَبِࢽْثِ    بَاَبࣸ کࣸواْوَسَىْ کࣸمࣸرْثِ,دَࢽْدَلِࢽْسࣸ ࢽَثِࢽْ أَبِࢽْثِ بَابࣸ کࣸواْوَسَيْ کࣸمࣸرْثِ
طَاکࣸࢽَࢽْسࣸ دِلَاکَبَرْثِ    دَاتَࢽَادَرِڧࣸوࢽْ أمِࢽْثِ,طَاکࣸࢽَࢽْسࣸ دِلَاکَبَرْثِ   دَاتَࢽَادَرِڧࣸࢽْ أَمِࢽْثِ
يَامَثٜىٰ هَرْطَࢽْسَ يࣸࢽْڢَ    تࣸࢽْدَىْ مَࢽْيَࢽْ خَلِيْڢَهْ,يَامَثٜيٰ هَرْطَࢽْسَ يࣸࢽْڢَ  تࣸࢽْدَيْ مَࢽْيَࢽْ خَلِيڢَهْ
طَࢽْ أࣸوَارِڧَيِ دَلࣸورَا    بَاعَ ثِيمَتَ کَوْدَبَارَا,طَࢽْ أࣸوَارِڧَيِ دَلࣸورَا بَاعَ ثِيمَتَ کَوْدَبَارَا
سَاکࣸرࣸوْرࣸوَݒَاتَ هِيرَا    کࣸواْغِدَࢽْ غَڢِيَادَݒىٰ رَا,سَاکࣸرࣸوْرࣸوَبَاتَ هِيرَا کࣸواْغِدَࢽْ غَڢِيَادَݒٜيٰ رَا
دَأࣸبَࢽْسَ بَذَىْ بَڧِࢽْ ثِکِيْبَا,دَأࣸبَࢽْسَ بَذَيْ بَڧِࢽْ ثِکِيبَا
بِسمِ اللهِ الرَّحْمࢽِٰ الرَّحِيْمِ.  وَصَلَّى اللهࣸ عَلَى الࢽَّبِىِّ الْکَرِِيمِ,بِسْمِ اِللَّهِ اِلرَّحْمَٰࢽِ الرَّحِيمِ وَصَلَّى اللَّهࣸ عَلَى الࢽَّبِيِّ اِلْکَّرِيمِ
وَصَلىٰءَالِهِ وَصَحْبِهِ وَسَلَّمَ,وَذَذَىٰ ءَالِهِ وَصَحْبِهِ وَسَلَّمَ
وَاڧَرْ إࢽْڢِرَاجِ تَعࣸکࣸ,وَاڧَرْإِࢽْڢِرَاجِ تَعࣸکࣸ
وَڢَّڧَࢽَا اللَّهࣸ إِلىَ مَايࣸحِبّࣸ ءامِيࢽ,وَڢْڧَࢽَااللّهࣸ إِلَىٰ مَايࣸحِبّࣸ ءَاطِࢽْ
بِإِذْࢽِ مࣸوَلِّڢࣸ هَذَاالکِتَابࣸ,بِإِذْࢽِ مࣸوَلِّڢࣸ لَذَاالْکِتَابࣸ
اَلحَاجِ مَالمْ عَلِيّࣸ ࢽَمَࢽغِ,اَلحَاجِ مَالَمْ عَلِيّࣸ ࢽَمَࢽغِ
وَاڧَرْ إࢽْڢِرَاجِ تَعࣸکࣸ,وَاڧَرْ إِࢽْڢِرَاجِ تَعࣸکࣸ
وَاڧَرْ ڟَيْدَ سࣸࢽَّا,وَاڧَرْڟَيْدَسࣸࢽَّا
بِإِذْࢽِ مࣸوَلِّڢࣸ هَذَاالکِتَابࣸ,بِإِذْࢽِ مࣸوَلِّڢࣸ هَذَاالْکِتَابࣸ
عَلَىٰ رَسࣸولࣸ الله,عَلَىٰ رَسࣸولࣸ الهِ>
بِسمِ اللهِ الرَّحمَࢽ الرَّحِيمِ  وَصَلَّى اللَّهࣸ عَلَى الࢽَّبِيِّ الْکَرِيمِ,بِسْمِاللَّهِ اِلرَّحمَࢽ رحِيهِ وَصَلَّى اللَّهࣸ عَلَى الࢽَّبِيِّ اِلْکَرِيمِ
وَعَلىءَالِهِ وَصحْبِهِ وسَلَّمَ,وَعَلَىٰ ءَالِهِ وَصَحْبِهِ وَسَلَّمَ؞
وَاڧَرْ إِࢽْڢِرَاجِ  تَتَرَ,وَاڧَرْ إِࢽْڢِرَاجِ تَتَرَ
وَاڧَرْ بِࢽْ إِيَايٜيٰ,وَاڧَرْبِࢽْ إِيَايٜيٰ
إِلىٰ مَايࣸحِبّࣸ ءّامِيࢽ,إِلَىٰ مَايࣸحِبّࣸ ءَامِيࢽْ
بِإِذْࢽِ مࣸوَلِّڢࣸ هَذَا,بِإِذْࢽِ مࣸوَلِّڢࣸ هَذَا
مَالَمْ عَلِيّࣸ ࢽَمَࢽْغِ,مَالَمْ عَلِيّࣸ ࢽَمَࢽْغِ
ࢽَࢽْڢَ أَيِ ڟَيࣸوَرْ حࣸکࣸمثِي  أَيْ جَزَا١ کَࢽْ أّدَلْثِي,ࢽَࢽْڢَ أَيِ ڟَيࣸوَرْحࣸکࣸمْثِي   أَيْ جَزَاءِ کَࢽْ أَدَلْثِي
جَلَّ سَرْکِ مَيْ کَرْمْثِي   ذَيْ حِࣸکࣸࢽْتَ مَڧِي ذࣸمࣸࢽ؞ثِي,جَلَّ سَرْکِ مَيْ کَرَمْثِي   ذَيْ هࣸکࣸࢽْتَ مَڧِي ذࣸمࣸࢽْثِي
مࣸومَࢽَيْ سࣸࢽْ مِيڧَ تَڢْکِ    کَوْثَرَأَڢَرِࢽ تَڢَرْکِ,مَومِࢽَيْ سࣸࢽْ مِيڧَ تَڢْکِ کَوْثَرَأَڢَرِࢽْ تَڢَرْکِ
کَاڢِرَيْ سࣸࢽْ دࣸوشِ طَاکِ  هَلَّکَا أَبَڧِࢽْ تَڢَرْکِ,کَاڢِرَيْ سࣸࢽْ دࣸوشِ طَاکِ  حَلَّکَاأَبَڧِࢽْ تَڢَرْکِ
مَالَمِيࢽَا ࢽࣸوح يَاثٜيٰ   کࣸواْدَاَللَّهْ يَيْ وࣸتَاثٜيٰ,مَاتَمِيْࢽَاࢽࣸوحࣸ يَاثٜيٰ کࣸواْدَاللَّهْ يَيْوࣸتَاثٜيٰ
بَامَيْ کَياوࣸࢽْ حَڧࣸوڧࣸوَابَا,بَاسَيْ کَيَارࣸࢽْ حَشࣸوڧࣸوَابَا
وَࢽْسࣸ تࣸࢽْ بَکَ بࣸوطٜيٰ ڧࣸوڢَا   ࢽٜيٰبَ ذَاسࣸ تَڢࣸواْأَجَمْعَا,وَࢽْسࣸ تࣸࢽْ بَکَ بࣸوطٜيٰ ڧࣸوڢَا  ࢽٜيٰبَ ذَاسࣸ تَڢࣸواْأَجَمْڢَا
إِࢽْ کَطَوْتࣸرْمِي کَبَاشِي   سَيْيَ مِيڧَ يَسَيْدَسَاشِي,إِࢽْ کَطَوْتࣸرْمِي کَبَاشِي سَيْيَ مِيڧَ يَسَيْدَسَاشِي
وَࢽْسࣸ کࣸواْسࣸتَڢࣸواْغَرٜيٰکَ   وَࢽٜيٰ غَاجَاذَاعَبَاکَ,وَࢽْسࣸ کࣸواْسࣸتَڢࣸواْغَرٜيٰکَ وَاࢽٜيٰ غَاجَاذَاعَبَاکَ
سَيْمَڧِي صَلَّاغَلࣸواْࢽࣸواْ   سَيْ مَثِ رَشوَادَسَࢽْتࣸواْ,سَيْ مَڧِي صَلَّاغَلࣸواْࢽࣸواْ  سَيْ مَثِ رَشَوَادَسَࢽْتࣸواْ
سࣸووتَرْڢَ رࣸڢٜي بَکَيْ ࢽٜيٰ   مَاسࣸ کࣸواْذَاڢِࢽْ إِسَاࢽٜيٰ,سࣸووࣸتَرْڢَرࣸڢٜي بَکَيْ ࢽٜيٰ مَاسࣸ کࣸواْذَاڢِࢽْ إِسَاࢽٜيٰ
شِي هَلِي مَيْسَاشِغَرْتَا    مَاطِغࣸواْ ذِࢽَ لࣸوطࣸ سَاتَا,شِي حَلِي مَيْسَاشِغَرْتَا مَاطِغࣸواْذِࢽَ لࣸوطࣸ سَاتَا
بَسࣸ سَࢽْ حَڧِّࢽْ أࣸبَࢽْ غِجِيبَا,بَسࣸ سَࢽْ حَڧࣸࢽْ أࣸبَࢽْ غِجِيبَا
يَٜࢽْ شِغَاطَکَ حَرْتِکَاࢽٜيٰ    دࣸکْ سࣸبࣸوطٜيٰ سَارِڧَيْࢽٜيٰ,يَࢽْ شِغَاطَکَ حَرْتࣸکَاࢽٜيٰ دࣸکْ سࣸبࣸوطٜيٰ سَارِڧَيْࢽٜيٰ
ذَاأذࣸودَوَطَࢽْسࣸ مَاتَا   وَࢽْدَکٜيٰمَ مَذَࢽْسࣸ ثࣸوتَا,ذَاأَذࣸودَوَطَࢽْسࣸ مَاتَا وَࢽْدَکٜيٰمَ مَذَࢽْسࣸ ثࣸوتَا
کࣸواْوَثٜيٰ غَاشِ ࢽَکَࢽْتَا   شِي أّکَࢽْ کَامࣸواْ أَجَاتَا,کࣸوْاْوَثٜيٰ غَاشِ ࢽَکَࢽْتَا شِي أَکَࢽْ کَامࣸواْأَجَاتَا
ذࣸوثِيَرْسࣸ تَࢽَادَشَکَّرْ     يَٜࢽْ أࣸوَࢽْسࣸ بَذَاسࣸ طَوْکَرْ,ذࣸوثِيَرْسࣸ تَࢽَادَشَکَّرْ  يَٜࢽْ أࣸوَࢽْسࣸ بَذَاسࣸ طَوْکَرْ
سࣸومَذَاجٜيٰ سࣸࢽْکَ سَاݒَا    بَاأَبِࢽْ وَعَظِي سࣸکَرْبَا,سࣸومَذَاجٜيٰ سࣸࢽْکَ سَاݒَا بَاأَيِࢽْ رَعَظِي سࣸکَرْݒَا
حَرْسࣸثٜيٰ وࣸتَ سࣸࢽْکَ ذَاݒَا    دࣸࢽْ مِجِ بَاذَاسࣸرَاݒَا,حَرْسࣸثٜيٰ وࣸتَ سࣸࢽْکَ ذَايَا  دࣸࢽْ مِجِ بَاذَاسࣸرَاݒَا
حَرْسࣸثٜيٰ أَوْرِٜࢽْکَࢽٜيٰ دَيْ   ࢽِيْدَيِࢽْ دَبَرِࢽْسَ دَيْدَيْ,حَرْسࣸثٜيٰ أَوْرِࢽْکَࢽٜيٰ دَيْ  ࢽِيْدَيِࢽْ دَبَرِࢽْسَ دَيْدَيْ
بَسࣸ سَامِ رَبࣸواْ الَاخِرَابَا,بَسࣸ سَامِ رَبࣸواْاَلَاخِرَابَا
سࣸوڢَ يَٜي وࣸتَ کَاڢِرَيْࢽٜيٰ   مَاسࣸ بِࢽْسࣸ مࣸࢽَاڢِکَيْࢽٜيٰ,سࣸوڢَ يَٜࢽْ وࣸتَ کَاڢِرَيْࢽٜيٰ  مَاسࣸ بِࢽْسࣸ مࣸࢽَاڢِکَيْࢽٜيٰ
کࣸواْوࣸتَرْسࣸ دَبَࢽْ دَبَࢽْࢽٜيٰ     دࣸکْ ثِکِࢽْسࣸ بَڧِࢽْ ڧِرِࢽْࢽٜيٰ,کࣸواْوࣸتَرْسࣸ دَبَࢽْ دَبَࢽْࢽٜيٰ دࣸکْ ثِکِࢽْسࣸ بَڧِࢽْ ڧِرِࢽْࢽٜيٰ
بَسࣸ سَࢽْ عَڢࣸوْرْ أࣸبَࢽْ غِجِيبَا,بَسࣸ سَࢽْ اعَڢࣸوَࢽْ أࣸبَࢽْ غِجِيبَا
غَامَثِذَيْ غَاکࣸࢽَامَا  سࣸࢽْ حَطَامَسࣸ مَيْظَلاَمَا,غَامَثِذَيْ غَاکࣸࢽَامَا  سࣸࢽْ حَطَامَسࣸ مَيْظَلَامَا
غَاشِ حࣸسْکَاتَايِي مَسْڧِي   غَاتَلَوْثِ غَاسࣸ بَاڧِي,غَاشِ حࣸسْکَاتَايِي مَسْڧِي  غَاتَلَوْثِ غَاسࣸ بَاڧِي
بَسࣸ سَࢽْ کࣸوْوَااَلَاخِرَابَا,بَسࣸ سَࢽْ کࣸوْوَااَلَاخِرَابَا
بَسࣸ سَࢽْدَ تࣸدࣸودَغَࢽْغَرٜيٰبَا,بَسࣸ سَࢽْدَتࣸدࣸودَغَࢽْغَرٜيٰبَا
سَيْ أَثِيسࣸ أَکَࢽْ عَذَابَا   غَامَڧَࢽْڧَمْثِࢽْ عࣸڧࣸوبَا,سَيْ أَثِيسࣸ أَکَࢽْ عَذَابَا  غَاعَڧَࢽْڧَࢽْثِࢽْ عࣸڧࣸوبَا
کࣸواْکِراࢽٜيٰ بَاشِي أَمْسَا  وَاغَرٜيٰسࣸ ڢَهَرْسࣸڧࣸواْسَا,کࣸواْکِرَاࢽٜيٰ بَاشِي أَمْسَا وَاغَرٜيٰسࣸ ڢَهَرْسࣸڧࣸواْسَا
ذَاسࣸسَارِيْغَرْوࣸتَاࢽٜيٰي  وَࢽْدࣸࢽَࢽْسࣸ وࣸتَاکَغَاࢽٜيٰ,ذَاسࣸسَارِيْغَرْوࣸتَاࢽٜيٰ وَࢽْدࣸࢽَࢽْسࣸ وࣸتَاکَغَاࢽٜيٰ
کَرْࢽࣸکَࢽْ وࣸتَ سَيْ سࣸتَاشِ   دࣸکْ سࣸذَابࣸرࣸ سࣸيْتَ حَوْشِ,کَرْࢽࣸکَࢽْ وࣸتَ سَىْ سࣸتَاشِ  دࣸکْ سࣸذَابࣸرَسࣸيْتَ حَوْشِ
دࣸࢽْ سࣸڢَرْمَامَاسࣸ بَاشِ    ࢽٜيٰ دَمَيْ صَلَّادَڢَاشِ,دࣸࢽْ سࣸڢَرْمَامَاسࣸ بَاشِ ࢽٜيٰ دَمَيْ صَلَّادَڢَاشِ
دَمِڧي زَکَّادَبَيْ ثِرٜيٰبا,دَمَڧِي زَکَّادَبَيْ ثِرٜيٰبَا
سࣸوکِرَࢽْسࣸ سࣸࢽَادَذَاڢِي  لَيْڢࣸکَࢽْسࣸ سࣸࢽَادَڧَرْڢِي,سࣸوکِرَࢽْسࣸ سࣸࢽَادَذَاڢِي  لَيْڢࣸکَࢽْسࣸ سࣸࢽَادَڧَرْڢِي
أَيࣸکَّࢽْسࣸ دَمَاسࣸ ذَاڢِي    کَࢽْ سࣸعࣸودࣸ سࣸکٜيٰ رࣸڧࣸوڢٜي,أَيࣸکَّࢽْسࣸ دَمَاسࣸ ذَاڢِي کَࢽْ سَعࣸودࣸ سࣸکٜيٰ رࣸڧࣸوڢِي
وَحَلَابَتَ بَرْسࣸ غَࢽْغَرَابَا,وَحَلَابَتَ بَرْسࣸ غَࢽْغَرَابَا
ثࣸورࣸوَاحَرْکࣸࢽْ ڢَتَاکٜي  ثِࢽْ حَرَمْ دࣸکْ کࣸواْ کࣸلَاکٜيٰ,ثࣸورࣸوَاحَرْکࣸرْڢَتَاکٜيٰ  ثِࢽْ حَرَمْ دࣸکْ کࣸوْاْکࣸلَاکٜيٰ
کَبࣸغَࢽْسࣸ دَشِي سَبࣸوادَذَمْبَا,کَبࣸغࣸࢽْسࣸ دَشِي سَبࣸواْدَذَمْبَا
بَسࣸ سَࢽْ شِࢽٜيٰ يَکٜيٰ کَرَابَا,بَسࣸ سَࢽْ شِࢽٜيٰ يَکٜيٰ کِرَبَا
حࣸولࣸࢽَارَوَࢽِي کَغَاࢽٜيٰ  أَࢽْࢽَطٜيٰسࣸ دَشِي سࣸغَاࢽٜيٰ,حࣸولࣸࢽَارَوَࢽِي کَغَاࢽٜيٰ أَࢽْࢽَطٜيٰسࣸ دَشِي سࣸغَاࢽٜيٰ
دࣸࢽْ سࣸڢَرْمَامَاسࣸ بَاشِ    ࢽٜيٰ دَمَيْ صَلَّا دَڢَاشِ,دࣸࢽْ سࣸڢَرْمَامَاسࣸ بَاشِ ࢽٜيٰ دَمَيْ صَلَّادَڢَاشِ
کاغَ دࣸࢽْ وَحَلَاسࣸࢽَرْکٜيٰ سَيْ سࣸکࣸواْمࣸواْدࣸࢽْ سࣸسَاکٜيٰ,کَاغَ دࣸࢽْ وَحَلَاسࣸࢽَرْکٜيٰ سَيْ سࣸکࣸواْمࣸواْدࣸࢽْ سࣸسَاکٜيٰ
کَبࣸغَࢽْسࣸ دَشِي سَبࣸواْدَذَمْبَا,کَبࣸغࣸࢽْسࣸ دَشِي سَبࣸوْاْدَذَمْبَا
يَٜࢽْ جَهَࢽَّمَ کࣸواأَڢَارِ  أَيْ کِرِاسࣸتهࣸوا دَسَوْرِ,يَٜࢽْ جَهَࢽَّمَ کࣸواْأَڢَارِ  أَيْ کِرَسَلࣸواْدَسَوْرِ
بَسࣸ سَࢽْ شٜيࢽٜيٰ يکٜيٰ کِرَابَا,بَسࣸ سَࢽْ شِࢽٜيٰ يَکٜيٰکِࢽَبَا
تࣸࢽْدَدَيْ شِيࢽٜيٰ کَذَاݒَا   تࣸواْکࣸشَاتِيْلَسْ سࣸکࣸرْݒَا,تࣸࢽْدَدَيْ شِيࢽٜيٰ کَذَاݒَا  تࣸواْکࣸشَاتِيْࢽَسْ سࣸکࣸرْݒَا
بَاذَيْ مَسࣸ مَاغَࢽِࢽ ڧِشِيبَا,بَاذَيْ مَسࣸ مَاغَࢽِࢽْ ڧِشِيبَا
وَاڧَرْ إِࢽْڢِرَاجِ تَتَرَ,وَاڧَرْ إِࢽْڢِرَاجِ تَتَرَ
إِلَىٰ مَايࣸحِبّࣸ ءّامِيࢽ,إِلَىٰ مَايࣸحِبّࣸ ءَامَيْࢽَ
بِإِذْࢽِ مࣸوَلِّڢࣸ هَذَا,بِإِذْࢽِ مࣸوَلِّڢࣸ هَذَا
مَالَمْ عَلِيّࣸ ࢽَمَࢽْغِ,مَالَمْ عَلِيّࣸ ࢽَمَࢽْغِ
طِيَرْوَࢽِي دࣸࢽْ مَکِيدَا    سَيْ ࢽَصَارَ ذࣸوَايهࣸودَا,ڟِيَرْوَࢽِي دࣸࢽْ مَکِيدَا سَيْ ࢽَصَارَذࣸوَايَهࣸودَا
سَيْوَࢽْدَ بَذَاشِ دَوَّمَابَا,سَيْوَࢽْدَبَذَاشِ دَوَّمَابَا
لَيْڢࣸکَاأَࢽْ بَبَّکٜيٰتَا    سَيْکِرَࢽْسࣸ ثِکِࢽْ کَتَرْتَا,لَيْڢࣸکَاأَࢽْ بَبَّکٜيٰتَا سَيْکِرَࢽْسࣸ ثِکِࢽْ کَتَرْتَا
ࢽَيْ حࣸکࣸمْثِي ࢽَيْ أَدَالَهْ  جٜيٰکَ دࣸوبࣸواْمَاسࣸ صَلَّا,ࢽَيْ حࣸکࣸمْثِي ࢽَيْ أَدَالَهْ جٜيٰکَ دࣸوبࣸواْمَاسࣸ صَلَّا
سَيْ يَتَاشِ يَجٜيٰ يَسَوْکَا  غَاجَهَࢽَّمَ ࢽَاتَ هَرْکَا,سَيْ يَتَاشِ يَجٜيٰ يَسَوْکَا  غَاجَهَࢽَّمَ ࢽَاتَ حَرْکَا
يَتَاهࣸواْمَذَسَيْ شِغَاتَيْ   سَيَيْکَࢽْ ڢَطِ غَيْسࣸوَاتَيْ,غࣸواْمَذَسَيْ شِغَاتَيْ  سَيْيَکَࢽْ ڢَطِ غَيْسࣸوَاتَيْ
شِي مَالِکِ ذَيْ يِميْ مَرَابَا,شِي مَالِکِ ذَيْ يِسَيْ مَرَابَا
سَيْ أَبࣸوطٜيٰ وࣸتَا يَدࣸوبَا   سَيْ يَهَࢽْغِ إِرِࢽْ عَذَابَا,ࢽْ أَبࣸوطٜيٰ وࣸتَايَدࣸوبَا  سَيْ يَهَࢽْغِ إِرِࢽْ عَذَابَا
سَيْوࣸتَادࣸکَ تَيْتَ سَࢽْيِي  أَࢽْرِغَادࣸکَ غَاشِ أَࢽْيِي,سَيْوࣸتَادࣸکَ تَيْتَ سَࢽْيِي  أَࢽْرِغَادࣸکَ غَاشِ أَࢽْيِي
سَيْدَکࣸواْوَا يَاغَ بَاڧࣸواْ   دࣸکْ سکَࢽْ جࣸويَادَرࣸوڧࣸواْ,سَيْدَکࣸواْوَايَاغَ بَاڧࣸواْ  دࣸکْ سࣸکَࢽْ جࣸويَادَرࣸوڧࣸواْ
غَاوࣸتَاتَابَبَّکَامࣸ غَاشِ يِࢽْوَاࢽَاإِشٜيٰمࣸ,غَاوࣸتَاتَايَبَّکَامࣸ  غَاشِ يِࢽْوَاتَاإِشٜيٰمࣸ
بَسࣸ شَادَاطِ وࣸرِࢽْ ڟَرِِيبَا,بَسࣸ شَادَاطِ وࣸرِࢽْ ڟَرِيبَا
سَيْدَکࣸواسࣸکَ ࢽٜيٰمِ إِذْࢽِي   يَࢽْذࣸبَاسࣸ ثِکِࢽْ سࣸکࣸوࢽِي,سَيْدَکࣸواْسࣸکَ ࢽٜيٰمِ إِذْࢽِي  يَࢽْذࣸبَاسࣸ ثِکِࢽْ سࣸکࣸوْࢽِي
ࢽِي أَبِࢽْ يَابَاࢽِ تَوْسَيْ   ࢽَاغَ کࣸواْوَاࢽَاتَ کيْࢽَيْ,ࢽِي أَبِࢽْ يَابَاࢽِ تَوْسَيْ  ࢽَاغَ کࣸواْوَاࢽَاتَ کَيْࢽَىْ
يَذَمٜيٰ بَسࣸ ذَاݒِي رَايࣸوَابَا,يَذَمٜيٰ بَسࣸ ذَاݒِي رَايࣸوَابَا
إِࢽْوࣸتَاتَاسَࢽْ کَطَࢽْيَا  کࣸواْکَمَرْأَدࣸوَادَڧِرْيَا,إِࢽْوࣸتَاتَاسَࢽْ کَطَࢽْيَا کࣸواْکَمَرْأَدࣸوَادَڧِرْيَا
کࣸمَ غَاحࣸسْکَرْسَ بَيْسَکٜيٰبَا,کࣸمَ غَاحࣸسْکَرْسَ بَيْسَکٜيٰبَا
سَࢽْداَلࢽَّبي يَاغَࢽٜيٰشِ   بَابࣸ کَࢽْ حࣸسْکَاغَرٜيٰشِ,سَࢽْدَاَلࢽَّبِي يَاغَࢽٜىٰشِ  بَابࣸ کَيْࢽْ حࣸسْکَاغَرٜيٰشِ
سَيْ رَسࣸولࣸ يَتَمْبَيٜيٰشِ   يَوْدَذَاتِ بَاشِ تَاشِ,سَىْ رَسࣸولࣸ يَتَمْبَيٜىٰشِ  يَوْدَذَاتِ بَاشِ تَاشِ
وَسࣸ اَلْعࣸمَّرْکَ سࣸوࢽٜيٰ ثَࢽْ جَهَࢽَّمَ دࣸکْ تَڧࣸوࢽٜيٰ,وَسࣸ اَلعࣸمَّرْکَ سࣸوࢽٜيٰ ثَࢽْ جَهَࢽَّمَ دࣸکْ تَڧࣸوࢽٜيٰ
بَتَ بَرْمَسࣸ کَيْ دَکَاڢَطَابا,بَتَ بَرْمَسࣸ کَيْ دَڢکَاڢَطَابَا
تَاإِشٜيٰسࣸ سࣸࢽَاتَ کࣸوْوَا  سَيْ يَتَاشِ دَهَمْزَرَاوَا,تَاإِشٜيٰسࣸ سࣸࢽَاتَ کࣸوْوَا سَيْ يَتَاشِ دَهَمْزَرَاوَا
بَکَ سَࢽْدَ طَيَࢽْسࣸ کࣸرکࣸکࣸوبَا,بَکَ سَࢽْدَطَيَࢽْسࣸ کࣸرْکࣸکࣸوبَا
تࣸࢽْدَدَيْ سࣸࢽْ ڧَرْيَتَاࢽٜيٰ   سࣸࢽْيِ شَکَّرْ غَسْکِيَاࢽٜيٰ,تࣸࢽْدَدَيْ سࣸࢽْ ڧَرْيَتَاࢽٜيٰ سࣸࢽْيِ شَکَّرْغَسْکِيَاࢽٜيٰ
بَتَ سࣸومَ غَشِࢽْ غَݒَاݒࣸوَابَا,بَتَ سࣸومَ غَشِࢽْ غَبَابࣸوَابَا
مࣸووَيْ بَمࣸ طَوْرٜيٰ جَاکࣸࢽَابَا,مࣸووَيْ بَمࣸ طَوْرٜيٰ جَاکࣸࢽَابَا
کࣸࢽْ ڟَࢽَࢽْتَاسَيْمࣸ بِيکࣸ مࣸࢽْ ڟَيَامࣸࢽْ غِرْمَمَاکࣸ,کࣸࢽْ ڟَࢽَࢽْتَاسَيْمࣸ بِيکࣸ مࣸࢽْ ڟَيَامࣸࢽْ غِرْمَمَاکࣸ
بَمࣸسَࢽْ حَکَ ذَاتَ سَامࣸوابَا,بَمࣸسَࢽْ حَکَ ذَاتَ سَامࣸوَابَا
کࣸوْاسَبࣸودَيَوَࢽْ کَسَالَهْ  کࣸࢽْيِ وَيْ أَزࣸمِي دَصَلَّهْ,کࣸوْاسَبࣸودَيَوَࢽْ کَسَالَهْ کࣸࢽْيِ وَيْ أَزࣸمِي دَصَلَّهْ
تَمْبَيَاحࣸجَّاغَرٜيٰتَا   رَبَّࢽَايَاثٜيٰ أَيِيتَا,تَمْبَيَاحࣸجَّاغَرٜيٰتَا رَبَّࢽَايَاثٜيٰ أَيِيتَا
شِي يَسَاکَغَ غَالِبِي يَوسࣸࢽْڧِ سࣸيِ سَيْدَوَايࣸوْاْ,شِي يَسَاکَغَ غَالِبِي يَوسࣸࢽْڧِ سࣸࢽْ سࣸيِ سَيْدَوَايࣸوْاْ
حَرْڢِࢽْسَ مَذَاشِ تَبَّتَابَا,حَرَڢِࢽْسَ بَذَاشِ تَبَّتَابَا
حَسَّدَاکࣸوشٜيٰ دَڧٜيٰتَا  مࣸمِࢽِي بَرِسࣸࢽْ کࣸلَاتَا,حَسَّدَاکࣸوشٜيٰ دَڧٜيٰتَا مࣸومِࢽِي بَرِسࣸࢽْ کࣸلَاتَا
بَي يِيتَ سَبࣸودَ کَࢽْغَرَابَا,بَيْ يِيْتَ سَبࣸودَکَࢽْغَرَابَا
کࣸوْاْمࣸتَامٜيٰ أَࢽْکِرَايٜيٰ   شِي دَدَبَّࢽْ حَرْشِوَايٜيٰ,کࣸوْاْمࣸتࣸمْࢽٜيٰ أَࢽْکِرَايٜيٰ شِي دَدَبَّࢽْ حَرْشِوَايٜيٰ
وَعَلَىٰ ءَلِهِ وَصَحَبِهِ وَسَلَّمَ,وَعَلَىٰ اَلِهِ وَصَحْبِهِ وَسَلَّمَ
غࣸࢽْ حࣸکࣸࢽْثِي حَرْدَشَيْدࣸو   غَارَڧِيبࣸ ذࣸوَاعَتِيدࣸو,غࣸࢽْ حࣸکࣸࢽْثِي حَرْدَشَيْدࣸو غَارَڧِيبࣸ ذࣸوَاعَتِيدࣸو
دَبَسࣸيْ سَاݒࣸࢽْ أࣸبَࢽْ غِجِيبَا,دَبَسࣸيْ سَاݒࣸࢽْ أࣸبَࢽْ غِجِيبَا
ڢِرْغِتَامَيْڟࣸوْرَتَرْوَ    ࢽَاذࣸوَابَرِ کَࢽْغَرٜٜيٰوَا,ڢِرْغِتَامَيْڟࣸوْرَتَرْوَ  ࢽَاذࣸوَابَرِکَࢽْغَرٜيٰوَ
دࣸࢽْ حَلِࢽْسࣸ ࢽَجَاکࣸࢽَاࢽٜيٰ    کࣸوکَمَرْدَبَّرْدَوَاࢽٜيٰ,دࣸࢽْ حَلِࢽْسࣸ ࢽَجَاکࣸࢽَاࢽٜيٰ کࣸوْاْکَمَرْدَبَّرْدَوَاࢽٜيٰ
اَللَّهْ بَيْ وࣸوْاْشِ دࣸوࢽِيَابَا,اَللَّهْ بَيْ وࣸوْاْشِ دࣸوࢽِيَابَا
بَيْ يِࢽْتَ أّيَࢽْدَکَيْ ࢽࣸڢِيتَا,بَيْ يِࢽْتَ أَيَࢽْدَکَيْ ࢽࣸڢِيبَا
بَسࣸ سَࢽْ غِرْمَࢽْ أࣸبَࢽْ غِجِيبَا,بَسࣸ سَࢽْ غِرْمَࢽْ أࣸبَࢽْ غِجِيبَا
کَاغَ دَبّࣸوْاْبِࢽْ مࣸتَاࢽٜيٰ   تَاࢽَجِࢽْسࣸ ࢽَبَرْبَرَاࢽٜيٰ,کَاغَ دَبّࣸوْاْبِࢽْ مࣸتَاࢽٜيٰ تَاࢽَجِࢽْسࣸ ࢽَبَرْبَرَاࢽٜىٰ
تࣸࢽْدَڧَرْيَا غَسْکِيَاࢽٜيٰ  رَࢽْسࣸ تَاشِغَ أَرْزِکِيࢽٜيٰ,تࣸࢽْدَڧَرْيَاغَسْکِيَاࢽٜيٰ  رَࢽْسࣸ تَاشِغَ أَرْزِکِيࢽٜيٰ
أَغَرٜيٰسࣸ بَذَاتَ سَامࣸوَابَا,أَغَرٜيٰسࣸ بَذَاتَ سَامࣸوَابَا
رَࢽْسࣸ ࢽَاسࣸࢽْ دࣸوکِيَاࢽٜيٰ   غَالِبِي کࣸوْاْ ثَاثَاشِيࢽٜيٰ,رَࢽْسࣸ ࢽَاسࣸࢽْ دࣸوکِيَاࢽٜيٰ غَالِبِي کࣸوْاْثَاثَاشِيࢽٜيٰ
دࣸکْ أَسَاݒَاکَࢽْ وَلِثِّي   تࣸوْاْدَشِي أَوْرٜيٰࢽْ کَݒَاثِي,دࣸکْ أَسَاݒَاکَࢽْ وَلِثِّي تࣸوْاْدَشِي أَوْرٜيٰࢽْ کَبَاثِي
مَاسࣸ غَٜارَࢽْ سࣸࢽْ ڧَرَمَتَ   بَاعَ مَاڧَوْࢽَرْ ڢَطَرْتَ,مَاسࣸ غَارَࢽْ سࣸࢽْ ڧَرَمْتَ   بَاعَ مَاڧَوْࢽَرْڢَطَرْتَ
أَࢽْ تَڧَيْتَ دَرٜيٰ دَرَاࢽَا    غَامَرࣸواْڧَا غَامَأَوْْࢽَا,أَࢽْ تَڧَيْتَ دَرٜيٰ دَرَاࢽَا غَامَرࣸواْڧَاغَامَأَوْࢽَا
بَࢽْدَڧَرْشٜيٰ يَاکࣸسَࢽْتَا    کَاغَ مَࢽْيَاسࣸࢽْ مࣸغࣸࢽْتَا,بَࢽْدَڧَرْشٜيٰ يَاکࣸسَࢽْتَا  کَاغَ مَࢽْيَاسࣸࢽْ مࣸغࣸࢽْتَا
کَاغَ شٜيٰغࣸوسࣸࢽْ يَوَيْتَا    حَرْدَشِي سࣸکَ سَࢽْ بَجِࢽْتَا,کَاغَ شٜيٰغࣸوسࣸࢽْ يَوَيْتَا   حَرْدَشِي سࣸکَ سَࢽْ بَجِࢽْتَا
وَࢽْدَبَىْ تࣸࢽَ لَاخِرَابَا    يَاحَطَمَّتَ بَىْ سَࢽِيْبَا,وَࢽْدَبَيْ تࣸࢽَ لَاخِرَابَا   يَاحَطَمَّتَ بَىْ سَࢽِيبَا
أيْتَ هِمَّاکَرْأتَابٜىٰ   إࢽْ حَلِࢽَّࢽْ شِيکَزَابٜىٰ,أَيْتَ هِمَّاکَرْأَتَاݒٜيٰ  إِࢽْ حَلِࢽَّࢽْ شِيکَزَابٜيٰ
بَسࣸ سَامِ وࣸرِࢽْدَ سࣸࢽْ ڟَيَابَا,بَسࣸ سَامِ وࣸرِࢽْدَسࣸࢽْ ڟَيَابَا
غَسْکِيَاإِتَثٜيٰ دَلَالَهْ    مَيْ إِسَرْدَمࣸتࣸمْ غَأَللَّهْ,غَسْکِيَاإِتَثٜيٰ دَلَالَهْ  مَيْ إِسَرْدَمࣸتࣸمْ غَأَللَهْ
غࣸوْاْدِيَابࣸوطِࢽْ رَبࣸوْاْࢽٜيٰ    غࣸوْاْدٜيٰ اَللَّهْ إِࢽْکَغَاࢽٜيٰ,غࣸوْاْدِيَابࣸوطِࢽْ رَبࣸوْاْࢽٜيٰ غࣸوْاْدٜيٰ اَللَّهْ إِࢽْکَغَاࢽٜيٰ
حَࢽْڧࣸرِي کࣸوْاْأَرْزِکِيࢽٜيٰ   دࣸࢽْ مَڢِي دَرَجَرْ مࣸتَاࢽٜيٰ,حَࢽْڧࣸرِي کࣸوْاْأَرْزِکِيࢽٜيٰ دࣸࢽْ مَڢِي دَرَجَرْمࣸتَاࢽٜيٰ
کَࢽْتَ ذࣸوْاْکࣸوْامࣸࢽْجِ هࣸوْاْرࣸوْاْ    دَهَࢽِي مࣸࢽْ ذَاݒِي مࣸوْاْرࣸوْاْ,کَࢽْتَ ذࣸوْاْکࣸوْامࣸࢽْجِ هࣸوْاْرࣸوْاْ   دَهَࢽِي مࣸࢽْ ذَابِي مࣸوْاْرࣸوْاْ
کࣸمَ ڟࣸوْاْرَتَ کَرْمࣸ ڢَاطَ طَࢽْبَا,کࣸمَ ڟࣸوْاْرَتَ کَرْمࣸ ڢَاطَ طَࢽْبَا
وَࢽْدَيَاڟَرٜيٰ وَࢽْغَ کَلْمَا    شِيکَ جِࢽْ دَاطِي ڧِيَامَا,وَࢽْدَيَاڟَرٜيٰ وَࢽْغَ کَلْمَا شِيکَ جِࢽْ دَاطِي ڧِيَامَا
ثٜيٰ غَوَࢽْدَسࣸکٜيٰ ظَلَامَا  وَࢽْغَ رَاࢽَابَابࣸ دَامَا,ثٜيٰ غَوَࢽْدَسࣸکٜيٰ ظَلَامَا  وَࢽْغَ رَاࢽَابَابࣸ دَامَا
ذَاعَبࣸوْسَ ڧَهࣸوْاْأتَاشِ    اَلڧِيَامَابَابࣸ ڢَاشِ,ذَاعَبࣸوسَ ڧَهࣸوْاْأَتَاشِ  اَلڧِيَامَابَابࣸ ڢَاشِ
ذَاعَ تَادَوَطَࢽْسࣸ جَاکَىْ    وَࢽْسࣸ کَيْکَاثٜىٰ دَوَاکَىْ,ذَاعَ تَادَوَطَࢽْسࣸ جَاکَيْ   وَࢽْسࣸ کَيْکَاثٜيٰ دَوَاکَيْ
وَࢽْسࣸ کَوْاأَثِکِࢽْ ڧࣸࣸڧࣸمَّا    ذَاسࣸ تَاشِ سَبࣸواْدَحࣸواْمَا,وَࢽْسࣸ کࣸوْاأَثِکِࢽْ ڧࣸڧࣸمَّا   ذَاسࣸ تَاشِ سَبࣸوْاْدَحࣸواْمَا
حَرْوࣸرِࢽْ ڟَيࣸوَرڧِيَامَا   وَࢽْسࣸ کࣸوْاْدࣸوْاْمِࢽْ ظَلَامَا,حَرْوࣸرِࢽْ ڟَيࣸوَرْڧِيَامَا  وَࢽْسࣸ کࣸوْاْدࣸوامِࢽْ ظَلَامَا
يَࢽْذࣸمَالَمْ يَارࣸوَيْتࣸواْ   مَاسࣸ مَاتَڢِيَاسࣸڧَواتࣸوْاْ,يَࢽْذࣸمَالَمْ يَارࣸوَيْتࣸواْ   مَاسࣸ مَاتَڢِيَاسࣸڧࣸواتࣸوْاْ
دࣸوْکِيَرْوࢽْکِ سࣸسَاتࣸوْا    کࣸوْاْمَڢِي صَلَّاالࣸوتࣸوْاْ,دࣸوکِيَرْوَࢽْکِ سࣸسَاتࣸوْاْ کࣸوْاْمَڧِي صَلَّااَلࣸوتࣸوْاْ
سࣸويَحَࢽْزِرْذَاأغَࢽْسࣸ   مَىْ ڧِرَࢽْ ڧَرْيَادَمࣸوسࣸ,سࣸويَحَࢽْزِرْذَاأَغَࢽْسࣸ  مَىْ ڧِرَࢽْ ڧَرْيَادَمࣸوسࣸ
بَسࣸ سَࢽْ ڟَيࣸوَاوࣸرِࢽْ تࣸدࣸوبَا,بَسࣸ سَࢽْ ڟَلࣸوَوࣸرِࢽْ تࣸدࣸوبَا
ࢽَتَعَالَىٰ بَاࢽَطَࢽْ أَدَمْبَا,ࢽَتَعَالَىٰ بَاࢽَ طَࢽْ أَدَمْبَا
سَىْ يَبَايَرْدࣸࢽْ يَڟِيرَا   غࣸࢽْ ذࣸوَاوَࢽَّࢽْ مَتَارَا,سَيْ يَبَايَرْدࣸࢽْ يَڟِيرَا غࣸࢽْ ذࣸوَاوَࢽَّࢽْ مَتَارَا
سَيْتَ يࣸࢽْڧࣸرَذَاتَ ڢِسْغٜىٰ    تَىْ حࣸشِي تَمْکَرْتَڟَاغٜىٰ,سَيْتَ يࣸࢽْڧࣸرَذَاتَ ڢِسْغٜيٰ  تَيْ حࣸشِي تَمْکَرْتَڟَاغٜيٰ
سَىْ أَبَاتَ دࣸبࣸودَڢَارِ    دࣸࢽْءَإِيْمَتَ إࢽْدَڧَارِ,سَيْ أَبَاتَ دࣸبࣸودَڧَارِ  دࣸࢽْ ءَإِيْمَتَ إِࢽْدَڧَارِ
کَاڢِرَىْ دَغَࢽِࢽْ عَذَابَا    سَىْ سࣸثٜى دَامَادَدَبَّا,کَاڢِرَيْ دَغَࢽِࢽْ عَذَابَا  سَىْ سࣸثٜىٰ دَامَادَدَبَّا
مِى يَجَامَسࣸ غࣸࢽْ سَيَيَّا     سࣸودَيَࢽْکَاسَىْ أسࣸويَا,مِي يَجَامَسࣸ غࣸࢽْ سَيَيَّا  سࣸودَيَࢽْکَاسَيْ أَسࣸويَا
وَࢽْدَسࣸࢽْکَيِ ڧࣸواْڧَرِࢽْسࣸ   ࢽَاڢِلَا دَطَوَاءِڢِࢽْسࣸ,وَࢽْدَسࣸࢽْکَيِ ڧࣸواْڧَرِࢽْسࣸ ࢽَاڢِلَادَطَوَاءِڢِࢽْسࣸ
کࣸوْاْحِزِبْ طَيَࢽٜىٰ يَکࣸبْثٜىٰ    سَيْ يَتَاشِ يَࢽَامَکَࢽْثٜىٰ,کࣸوْاْحِزِبْ طَيَࢽٜيٰ يَکࣸيْثٜيٰ سَيْ يَتَاشِ يَࢽَامَکَࢽْثٜيٰ
مَاسࣸ ثَاثَادَمَاسࣸ لࣸوطࣸ    ذَاعَ ڢَارَبࣸغࣸوسࣸڢَاطَا,مَاسࣸ ثَاثَادَمَاسࣸ لࣸوطࣸ ذَاعَ ڢَارَبࣸغࣸوسࣸڢَاطَا
سَادَمَاسࣸ ࢽِڧَادَوَاڧَا      سࣸوأَکَࢽْ طَورٜىٰ دَسَرْڧَا,سَادَمَاسࣸ ࢽِڧَادَوَاڧَا   سࣸوأَکَࢽْ طَوْرٜىٰ دَسَرْڧَا
رَبَّࢽَايَاسَوْکَ رَاࢽَا    کَࢽْ مࣸتَاࢽٜىٰ تَيْتَ ڧࣸوࢽَا,رَبَّࢽَايَاسَوْکَ رَاࢽَا کَࢽْ مࣸتَاࢽٜيٰ تَيْتَ ڧࣸوࢽَا
أىْ جِبِࢽْ وَسࣸ ࢽَاذࣸبࣸوْاوَا   دࣸدّࣸغٜىٰࢽْسࣸ وَطَࢽسࣸ غࣸيْوَا,أَيْ جِبِࢽْ وَسࣸ ࢽَاذࣸبࣸواْوَا دࣸدّࣸغٜيٰࢽْسࣸ وَطَࢽْسࣸ غࣸيْوَا
ذࣸوْالْجَلَالِ سَبࣸوْادَإيکࣸوْا    سَىْ شِسَاإِࢽࣸوَاتَسَوْکࣸوْاْ,ذࣸوْالْجَلَالِ سَبࣸواْدَإِيْکࣸواْ سَىْ شِسَاإِࢽࣸوَاتَسَوْکࣸوْاْ
تَىْ رَبࣸوعࣸکࣸ سَىْ شِأَيْکࣸواْ    مَاسࣸ کࣸوْاْرَاوَاسࣸࢽَاکࣸوْاْ,تَيْ رَبࣸوعࣸکࣸ سَىْ شِأَيْکࣸواْ  مَاسࣸ کࣸوْاْرَاوَاسࣸࢽَاکࣸوْاْ
سࣸوأکَࢽْسࣸ سࣸࢽٜىٰمِ سَوْڧِي    سَىْ أثٜىٰمَسࣸ عَاءَأَࢽْڧِي,سࣸوأَدَࢽْسࣸ سࣸࢽٜىٰمِ سَوْڧِي  سَىْ أَثٜىٰمَسࣸ عَادَأَࢽْڧِي
سࣸومࣸࢽَاڢِکَّىْ وࣸتَاࢽٜٜىٰ    ࢽَاسࣸ کࣸوْاْإࢽࣸوَرْسࣸڧࣸوْاْࢽٜىٰ,سࣸومࣸࢽَاڢِکَّيْ وࣸتَاࢽٜيٰ ࢽَاسࣸ کࣸوْاْإِࢽࣸوَرْسࣸڧࣸوْاْࢽٜيٰ
حَرْاَکَىْ ڟࣸࢽْڟࣸوڢَرٜىٰشࣸ   مَىْ ڢَرَوْتَرْمَاسࣸ غِشّࣸ,حَرْأَکَىْ ڟࣸࢽْڟࣸوڢَرٜيٰشࣸ  مَىْ ڢَرَوْتَرْمَاسࣸ غِشّࣸ
يَثٜىٰ مَىْ ࢽِي بَذَࢽْ إيَابَا,يَثٜىٰ مَىْ ࢽِي بَذَࢽْ إِيَابَا
يَڢَطَامَ رَسࣸولࣸ طَࢽْ سࣸوَيْبَا,يَڢَطَامَ رَسࣸولࣸ طَࢽْ سࣸوَيْبَا
يَࢽࣸڢࣸواْاَلعَرْشِ بَىْ ڟَيَابَا,يَࢽࣸڢࣸواْاَلعَرْشِ بَيْ ڟَيَابَا
غࣸࢽْ مَأيْکَاتَرْسَشِࢽْتَا     سَىْ مࣸحَمَّدࣸکٜىٰ غَبَاتَا,غࣸࢽْ مَأَيْکَاتَرْسَشِࢽْتَا  سَيْ مࣸحَمَّدࣸکٜيٰ غَبَاتَا
غَوࣸرِࢽْدَوَࢽِࢽْسَ بَىْ إيَابَا,غَوࣸرِࢽْدَوَࢽِࢽْسَ بَيْ إيَابَا
سَىْ يَثٜىٰ مَسَ طَوْکَکَࢽْکَ     تَمْبَيٜىٰمࣸ أبِࢽْ بِطَرْکَ,سَىْ يَثٜىٰ مَسَ طَوْکَ کَࢽْکَ تَمْبَيٜىٰمࣸ أَبِࢽْ بِطَرْکَ
سَىْ أثٜىٰ ذَأَىْ حِسَابِى   سࣸىْ تَوَاطࣸوْاْوَرْکِتَابِى,سَيْ أَثٜيٰ ذَاأَيْ حِسَابِي سࣸيْ تَوَاڟࣸوْاْوَرْکِتَابِي
وَࢽْسࣸ کَࢽْ کَرْبَاأَدَامَا    أَرْزࣸکَࢽْسࣸ سࣸࢽَادَغِرمَا,وَࢽْسࣸ کَࢽْ کَرْبَاأَدَامَا أَرْزࣸکَࢽْسࣸ سࣸࢽَادَغِرْمَا
سࣸيِى کࣸوکَاحَرْمࣸغࣸࢽْيَا    تَاغࣸدَاࢽَامࣸسࣸودَءَايَا,سࣸيِي کࣸوکَاحَرْمࣸغࣸࢽْيَا تَاغࣸدَاࢽَامࣸسࣸودَءَايَا
ࢽَࢽْ أکٜىٰ تࣸوْاْࢽࣸࢽْ أَسِيرِي    لَيْڢࣸکَࢽْ رࣸڢٜىٰ دࣸکْ أَسَرَري,ࢽَࢽْ أَکٜيٰ تࣸوْاْࢽࣸࢽْ أَسِيرِي لَيْڢࣸکَࢽْ رࣸڢٜيٰ دࣸکْ أَسَرَرِي
أَىْ دَيَجِ کِرَࢽْسࣸ بَيْ طيَابَا,أَيْ دَيَجِ کِرَࢽْسࣸ بَيْ ڟَيَابَا
سَىْ ذࣸوَࢽْسࣸ أَسَڢْکَ إِسْکَا    وَࢽْدَکٜى سَابࣸࢽْتَ حَرکَا,سَيْ ذࣸوَࢽْسࣸ أَسَڢْکَ إِسْکَا  وَࢽْدَکٜيٰ سَابࣸࢽْتَ حَرْکَا
کَرْکَيَرْدَدَطَࢽْ أࣸوَامَيْ   جَࢽْکَ کَيْ سَاݒٜࣸواْ غࣸجٜيٰ مَسْ,کَرْکَيَرْدَدَطَࢽْ أࣸوَامَىْ  جَࢽْکَ کَيْ سَايࣸواْغࣸجٜيٰ مَيْ
سَىْ أَثٜىٰ کَکَرَࢽْتَ أْيْکِ    دَادَکَىْ أڢَغٜىٰ دَطَاکِ,سَيْ أَثٜيٰ کَکَرَࢽْتَ أَيْکِ  دَادَکَيْ أَڢَغٜيٰ دَطَاکِ
دࣸکْ أَبِࢽْدَکَبَاتَ أَيْکِ   ذَاشِ بَيَّࢽَ ڧِيدَسࣸوࢽْکَ,دࣸکْ أَبِࢽْدَکَبَاتَ أَيْکِ  ذَاشِ بَيَّࢽَ ڧِيدَسࣸوࢽْکَ
بَکَ رِسْکِ أَبِࢽْدَکَيْ ࢽࣸڢِيبَا,بَکَ رِسْکِ أَبِࢽْدَکَيَ ࢽࣸڢِيبَا
بَيْ سَࢽْ مَيْکَامَ حَࢽْࢽࣸوَابَا,بَيْ سَࢽْ بَيْکَامَ حَࢽْࢽࣸوَابَا
کࣸࢽْ غَادَا مَࢽَ غࣸوࢽَکِࢽْکࣸ   سࣸوڢَࢽٜيٰ حَجِّ غَرٜيٰکࣸ,کࣸࢽْ غَادَامَࢽَ غࣸوࢽَکِࢽْکࣸ سࣸوڢَࢽٜيٰ حَجِّ غَرٜيٰکࣸ
بَتَ بَرْکࣸ کࣸࢽٜيٰمِي لَاخِرَابَا,بَتَ بَرْکࣸ کࣸࢽٜيٰمِي لَاخِرَابَا
ذَاکࣸثٜيٰ وَيْ غࣸوࢽَکِࢽٜيٰ  کࣸواْرِڧࣸࢽْ دࣸوبِࢽْ غِدَاࢽٜيٰ,ذَاکࣸثٜيٰ وَيْ غࣸوࢽَکِࢽٜيٰ کࣸواْرِڧࣸࢽْ دࣸوبِࢽْ غِدَاࢽٜيٰ
مࣸوࢽࣸڢِࢽْمࣸ دَکࣸوسَࢽِيࢽٜيٰ    طَايَثٜيٰ وَࢽِي مَالَمِيࢽٜيٰ,مࣸوࢽࣸڢِࢽْمࣸ دَکࣸوسَࢽِيࢽٜيٰ طَايَثٜيٰ وَࢽِي مَالَمِيࢽٜيٰ
سَيْ أَثٜيٰ غَرْدَࢽْدَمِࢽْکࣸ    بَاسࣸ أَمْڢَاࢽِي غَرٜيٰکࣸ,سَيْ أَثٜيٰ غَرْدَࢽْدَمِࢽْکࣸ بَاسࣸ أَمْڢَاࢽِي غَرٜيٰکࣸ
کࣸࢽْ بَثٜيٰ دࣸوْمِࢽْ حَلِࢽْکࣸ    کࣸرْکࣸکࣸࢽْ وࣸتَاذَاأَکَيْکࣸ,کࣸࢽْ بَثٜيٰ دࣸومِࢽْ حَلِࢽْکࣸ کࣸرْکࣸکࣸࢽْ وࣸتَ ذَاأَکَيْکࣸ
مَالَمِࢽْمࣸ يَکَࢽْيِ تَاطَ   سَيْ أَذࣸواْأَعَجٜيٰ صِرَاطِ,مَالَمِࢽْمࣸ يَکَࢽْيِ تَاطِ   سَيْ أَذࣸواْأَعَجٜيٰ صِرَاطِ
بَسࣸ کَاسَ تࣸدࣸࢽْ حَوَا بَکَيْ بَا,بَسࣸ کَاسَ تࣸدࣸࢽْ حَوَابَکَيْ بَا
تࣸواْذࣸࢽْسَ دَبَࢽْ دَبَࢽْࢽٜيٰ   مࣸࢽْجِيَاکࣸواْوْيَغَاࢽٜيٰ,تࣸواْذࣸࢽْسَ دَبَࢽْ دَبَࢽْࢽٜيٰ مࣸࢽْجِيَاکࣸواْوَيَغَاࢽٜيٰ
ذَاأحَوْشِ ثِکِࢽْ دَرٜيٰࢽٜيٰ    ڧَرْڧَشِي ࢽَسَ کࣸواْوࣸتَاࢽٜيٰ,ذَاأَحَوشِ ثِکِࢽْ دَرٜيٰࢽٜيٰ ڧَرْڧَشِي ࢽَسَ کࣸواْوࣸتَاࢽٜيٰ
بَيْکَيْ غَاشِࢽْ غِرَرْإِدࣸوبَا,بَيْکَيْ غَاشِࢽْ غِرَرْإِدࣸوبَا
مَاسࣸ کࣸواْرَاوَرْدَذَاڢِي    ذَامࣸ کࣸوارَمَاسࣸ لَيْڢِي,مَاسࣸ کࣸواْرَاوَرْدَذَاڢِي ذَامَ کࣸواْرَمَاسࣸ لَيْڢِي
سَيْ ࢽَذَکَّي سَيْ ࢽَحَجِّ دࣸوبَا,سَيْ ࢽَذَکَّي سَيْ ࢽَحَجِّ دࣸوبَا
سَيْڢَ تࣸواْذࣸࢽْ بِࢽْ إِيَايٜيٰ    طَࢽْ مࣸسࣸلْمِي دࣸکْ شِوَايٜيٰ,سَيْڢَ تࣸواْذࣸࢽْ بِࢽْ إِيَايٜيٰ طَࢽْ مࣸسࣸلْمِي دࣸکْ شِوَايٜيٰ
کࣸواْوَاذَيْ حَوْشِ بَابَعَابَا,کࣸوْاْرَاذَيْ حَوْشِ بَابَعَابَا
وَࢽْسࣸ کَࢽْ شࣸوطٜيٰ يَشَاهࣸواْ   وَࢽْدَبَيْ جِࢽڧَيْ غَڟࣸواحࣸواْ,وَࢽْسࣸ کَࢽْ شࣸوطٜيٰ يَشَاحࣸواْ  وَࢽْدَيَيْ جِࢽْڧَيْ غَڟࣸواْحࣸواْ
سَࢽْدَمَالِکِ يَيِّي ڟَاوَا   ࢽَࢽْ وَطَࢽْسࣸ سࣸکٜيٰ ذࣸبٜيٰوَ,سَࢽْدَمَالِکِ يَيِّي ڟَاوَا  ࢽَࢽْ وَطَࢽْسࣸ سࣸکٜيٰ ذࣸبٜيٰرَ
وَࢽْسࣸ کࣸواْ ࢽَاڧٜيٰتَرٜيٰوّا   سَيْکَثٜيٰ شَاهࣸوا دَشِرْوَا,وَࢽْسࣸ کࣸواْࢽَاڧٜيٰتَرٜيٰوَا سَيْکَثٜيٰ شَاهࣸواْدَشِرْوَا
وَࢽْسࣸ کࣸواْبَسࣸ سَامِ ڧٜيٰتَرَابَا,وَࢽْسࣸ کࣸواْبَسࣸ سَامِ ڧٜيٰتَرَابَا
دَرَجَرْ مَࢽْيَابَسَاوࣸثٜيٰ بَا,دَرَجَرْمَࢽْيَابَسَاوࣸثٜيٰ بَا
وَࢽْسࣸ کࣸواْ بِسَ جَࢽْ ثِکِيࢽٜيٰ   ذَاسࣸ ڧٜيٰترَ کَاڢِرَيْࢽٜيٰ,وَࢽْسࣸ کࣸواْبِسَ جَࢽْ ثِکِࢽٜيٰ ذَاسࣸ ڧٜيٰتَرَ کَاڢِرَيْࢽٜيٰ
وَاڧَرْ إِࢽڢِرَاجِ تَبِيَرْ,وَاڧَرْ إِࢽْڢِرَاجِ تَبِيَرْ
إِلَىٰ مَايࣸحِبّࣸ ءَامِيࢽْ,إِلَىْ مَايَحِبّࣸ ءَِࢽْ
بِإِذْࢽِ مࣸوَلِڢࣸ هَذَا,بِإِذْࢽِ مࣸولْڢࣸ هَذَا
مَالَمْ عَلِيّࣸ ࢽَمَࢽْغِ,سَالَدْسَࢽّࣸ تَࢽْغِ
إِمْبَاࢽِعمَرْ أࣸبَࢽْ غِجِيبَا,إِمْبَاࢽِعْمَرْ أࣸبَࢽْ غِجِيبَا
دࣸکْ بَسࣸيْ سَاݒࣸࢽْ أࣸبَࢽْ غِجِيبَا,دࣸکْ بَسࣸيْ سَاݒࣸࢽْ أࣸبَࢽْ غِجِيبَا
أَغَرٜىٰتَ بَذَاشِ سَامࣸوَابَا,أَغَرٜىٰتَ بَذَاشِ سَامࣸوَابَا
غِرمَࢽْسࣸ بَذَاشِ تَبَّتَابَا,غِرْمَࢽْسࣸ بَذَاشِ تَبَّتَابَا
وَاڧَرْ إِࢽْڢِرَاجِ تَبِيَرْ,وَاڧَرْ إِࢽْڢِرَاجِ تَبِيَرْ
وَاڧَرْ بِࢽْ إِيَايٜيٰ,وَاڧَرْبِࢽْ إِيَايٜىٰ
الࢽَّاشِرࣸ أَحْمَدࣸ اَلتِجَاࢽِي  حَڢِظَهࣸ اللَّهࣸ وَڢَّڧَࢽَااللَّهࣸ,الࢽَّاشِرࣸأَحْمَدࣸ اَلثِجَاࢽِي حَڢِظَهࣸ الَّهࣸ وَڢَّڧَࢽَااللَّهࣸ
ٜإِلَىٰ مَايࣸحِبࣸ ءَامِيࢽْ,إِلَىٰ مَايࣸحِبّࣸ ءَامِيࢽْ
بِإِذْࢽِ مࣸوَلِّڢࣸ هَذَا,بِإِذْࢽِ سࣸوَلِّڢࣸ هَذَا
مَالَمْ عَلِيّࣸ ࢽَمَࢽْغِ,سَالَمْ عَلِيّࣸ ࢽَمَࢽْغِ
بِسْمِ اِللَّهِ اِلرَّحْمَٰࢽِ اِلرَّحِيمِ    وَصَلى اَللَّهِ عَلَى الࢽَّبِيِّ الْکَرِيمِ,بِسْمِ اِللَّهِ الرَّحْمَٰࢽِ الرَّحِيمِ  وَصَلَّى اللَّهࣸ عَلَى الࢽَّبِيِّ الْکَرِيمِ
إِمْبَامَڧِيَا أࣸبَࢽْ غِجِيبَا,إِمْبَامَڧِيَاأࣸبَࢽْ غِجِبَا
اَلࢽَّاشِرࣸ أَحْمَدࣸ اَلتِّجَاࢽِي  حَڢِظَهࣸ اَللَّهࣸ وَڢَّڧَࢽَااَللَّهࣸ,اَلࢽَّاشِرࣸأَحْمَدࣸ اَلتِّجَاࢽِي حَڢِظَهࣸ اللَّهࣸ وَڢَّڧَࢽَااَللَّهࣸ
إِلَىٰ مَايࣸحِبّࣸ ءَامِيࢽْ بِإِذْࢽِ,إِلَىٰ مَايࣸحِبّࣸ ءَامِيࢽْ بِإِذْࢽِ
اَلْحَاجِ مَالَمْ عَلِيّࣸ,اَلْحَاجِ مَالَمْ عَلِيّࣸ
ࢽَمَࢽْغِ زَارِيَ ؞,ࢽَمَࢽْغِزَارِيَ
بَسࣸ سَࢽْ رَحَمَرْ أࣸبَࢽْ غِجِِيبَا,بَسࣸ سَࢽْ رَحَمَرْأࣸبَࢽْ غِجِيبَا
بَسࣸ سَامِ وࣸرِࢽْدَسࣸࢽْ ڟَيَابَا,بَسࣸ سَامِ وࣸرِࢽْدَسࣸࢽْ ڟَيَابَا
وَࢽْدَيَيْمَا کَࢽْسَ عِلَّه   بَي ڟَرٜيٰتَبَدࣸࢽْ جِهَالَه,وَࢽْدَيَيْمَاکَࢽْسَ عِلَّهْ بَيْ ڟَرٜيٰتَبَدࣸࢽْ حِهَالَهْ
بَاأَبِࢽْدَکَبَاࢽِي ڟࣸوْاْرࣸوْاْ    سَيْ کِرَࢽْمࣸ أَوَࢽْغَ تَارࣸوْاْ,بَاأَبِࢽْدَکَبَاࢽِي ڟࣸوْاْرࣸواْ  سَيْ کِرَࢽْمࣸ أَوَࢽْغَ تَارࣸوْاْ
أَغَرَيْ مࣸکَ ڢَارࣸبَابَعَابَا,أَغَرَيْ مࣸکَ ڢَارࣸبَابَعَابَا
ذࣸوْاْلْجَلَالِ کَبَامࣸ سَاعَا   رَبِّ دࣸࢽْ غِرْمَࢽْ شَرِيعَا,ذࣸوْالْجَلَالِ کَبَامࣸ سَاعَا  رَبِّ دࣸࢽْ غِرْمَࢽْ شَرِيعَا
دَبَسࣸي سَاݒࣸࢽْ أࣸبَࢽْ غِجِيبَا,دَبَسࣸي سَابࣸࢽْ أࣸبَࢽْ غِجِيبَا
سࣸکَ تَاشِي بَدَدࣸدّࣸغٜيٰبَا,سࣸکَ تَاشِي بَادَدࣸدّࣸغٜيٰبَا
وَࢽسࣸ بَيْ بَايٜيٰ مَکَاڢِي   ذَاسࣸ تَاشِ سَبࣸوْاْدَذَاڢِي,وَࢽْسࣸ بَيْ بَايٜيٰ مَکَاڢِي   ذَاسࣸ تَاشِ سَبࣸوْاْدَذَاڢِي
مࣸࢽَجِ غَالِبِ ࢳَࢽْ أࣸوَࢽْسࣸ   دࣸࢽْ سَبࣸوْاْدَبَڧِࢽْ حَلِࢽْسࣸ,مࣸࢽْجِ غَالِبِ ࢳَࢽْ أࣸوَࢽْسࣸ  دࣸࢽْ سَبࣸوْاْدَبَڧِࢽْ حَلِࢽْسࣸ
وَࢽْدَبَيْ دࣸکَ کَيْتَ ڧََارَا    تࣸࢽْ أَࢽَࢽْ وَسࣸ ذَاعَ کࣸوْاْرَا,وَࢽْدَبَيْ دࣸکَ کَيْتَ ڧَارَا  تࣸࢽْ أَࢽَࢽْ وَسࣸ ذَاعَ کࣸوْاْرَا
غَاتَ طَوْرٜيٰ تَࢽَاتَهَࢽْغٜيٰ     کَࢽْ أَڧَارٜيٰ أَرٜيٰغٜيٰ,غَاتَ طَوْرٜيٰ تَࢽَاتَهَࢽْغٜيٰ کَࢽْ أَڧَارٜيٰ شِرِي أَرٜيٰغٜيٰ
بَأَبَاتَ رَبࣸوْاْمَڢِي يَوَابَا,بَأَبَاتَ رَبࣸوْاْمَڢِي يَوَابَا
تَيْ ثِدَࢽْتَ تَمࣸوْاْڟَ رࣸورِ   کࣸوْاْإِࢽَابِسَ ࢽَاتَرࣸورِِ,تَيْ ثِدَࢽْتَ تَمࣸوْاْڟَ رࣸورِ کࣸوْاْإِࢽَابِسَ ࢽَاتَرࣸورِ
ࢽٜيٰ ڢَطِࢽْ کࣸوࢽࣸوتࣸرَابَا    يَاغَمٜيٰسࣸ يَذَمْ عࣸڧࣸوبَا,ࢽٜيٰ ڢَطِࢽْ کࣸوࢽࣸوتࣸرَابَا   يَاغَمٜيٰسࣸ يَذَمْ عࣸڧࣸوبَا
بَيْ رِوْکِ ثِکِي دَࢳَࢽْ أَدَمْبَا,بَيْ رِسْکِ ثِکِي دَࢳَࢽْ أَدَمْبَا
وَࢽْسࣸ ثِيبِ يَکٜيٰ ڟَيَاوَا   وَࢽْسࣸ کࣸوْاْࢽَادࣸلْمِيࣸوْاْوَا,وَࢽْسࣸ ثِيبِ يَکٜيٰ ڟَيَاوَا   وَࢽْسࣸ کࣸوْاࢽَادࣸلْمِيࣸوْاْوَا
بَسࣸ سَࢽْ مَࢽࣸڢَا غَهَلَّکَابَا,بَسࣸ سَࢽْ مَࢽࣸڢَاغَهَلَّکَابَا
تَرْڟَڟِࢽْ ࢽَࢽْ ࢽَادَغِرْمَا    يَاوِدَال ذࣸوَاکتَرْمَا,تَرْڟَڟِࢽْ ࢽَࢽْ ࢽَادَغِرْمَا يَاڢِ دَالَ ذࣸوَاکَتَرْمَا
دࣸکْ يَکَيْسࣸ يَࢽَاتَ شِيشࣸ    دَسࣸووࣸتَ مَاسࣸ غِشّࣸ,دࣸکْ يَکَيْسࣸ يَࢽَاتَ شِيشࣸ  دَسࣸووࣸتَ مَاسࣸ غِشࣸ
وَاڧَرْ إِࢽْڢِرَاجِ تَشِدَّ,وَاڧَرْإِࢽْڢِرَاجِ تَشِدَّ
اَلࢽَّاشِرࣸأَحْمَدࣸ اَلتࣸجَاࢽِي حَڢِظَهࣸ اَللَّهࣸ وَڢَّڧَࢽَااَللَّهࣸ,اَلࢽَّاشِرࣸأَحْمَدࣸ التࣸجَاࢽِي حَڢِظَهࣸ اللَّهࣸ وَڢَّڧْࢽَااَللَّهࣸ
إِلَىٰ مَايࣸحِبّࣸ ءامِيࢽ بِإِذْࢽِ,إِلَىٰ مَايࣸحِبّࣸ ءَامِيࢽْ بِإِذْࢽِ
اَلْحَاجِ مَالَمْ علِيّࣸ,اَلْحَاجِ مَالَمْ عَلِيّࣸ
رࣸوڧِ جَلَّامَمَلَّکِࢽْمࣸ    يَيْ حِسَابِي ࢽَࢽْ غَرٜىٰمࣸ,رࣸوڧِ جَلَّامَمَلَّکِࢽْمࣸ  يَيْ حِسَابِي ࢽَࢽْ غَرٜىٰمࣸ
يَثٜىٰ مَىْ ࢽِي بَذَࢽْ إِيَابَا,يَثٜىٰ مَىْ ࢽِي بَذَࢽْ إِيَابَا
سَىْ کࣸجٜىٰ غࣸࢽْ ࢽࣸوحࣸ کࣸوشِي   ذَىْ إِيَّامࣸوࣸثٜىٰ غَرٜىٰشِ,سَيْ کࣸجٜىٰ غࣸࢽْ ࢽࣸوحࣸ کࣸوشِي   ذَىْ إِيَّامࣸوࣸثٜيٰ غَرٜيٰشِ
يَثٜىٰ مَىْ أَىْ بَذَࢽْ إِيَابَا,يَثٜيٰ مَيْ أَيْ بَذَࢽْ إِيَابَا
غَاسࣸ مِيکَاءِيلࣸ مَوْلَا    ࢽَايَثٜىٰ يَوْبَاعَ صَلَّا,غَاسࣸ مِيکَابِيلࣸ مَوْلَا   ࢽَايَثٜيٰ يَوْبَاعَ صَلَّا
أىْ بَکَىِ بَرْثِي أَدࣸوࢽِيَابَا,أَيْ بَکَيِ بَرْثِي أَدࣸوࢽِيَابَا
وࢽْغَ رَاࢽَاتَتَّلِيْࢽَىْ     دࣸࢽْ الايَکَىْ اَلْأࣸمَّتِيْࢽَىْ,وَࢽْغَ رَاࢽَاتَتَّلِيْࢽَىْ  دࣸࢽْ الَايَکَيْ اَلْأࣸمَّتِيࢽَىْ
اَلله دَيَسَࢽْتَ بَيْ ڢَطِيبَا,اَللهْ دَيَسَࢽْتَ بَيْ ڢَطِيبَا
بَتَ أَمْڢَاࢽٜىٰسࣸ رَࢽْذࣸبِيبَا,بَتَ أَمْڢَاࢽٜيٰسࣸ رَࢽْذࣸبِيبَا
کَارࣸوىْ دَڧَرَمْتَ أَيْکِ    لَاخِرَِࢽْکَ سَبࣸودَمࣸلْکِ,کَارࣸوَيْ دَڧَرَمْتَ أَيْکِ لَاخِرَࢽْکَ سَبࣸودَمࣸࢽْکِ
حَࢽْࢽࣸوَࢽْسࣸ دَسࣸودَبَاکِ   دࣸوکِيَرْجَمَعادَطَاکِ,حَࢽْࢽࣸوَࢽْسࣸ دَسࣸودَبَاکِ  دࣸوْکِيَرْجَمَعَادَطَاکِ
مَالَمَࢽْ ࢽَࢽْ مَاسࣸدࣸوبِ    مَاسࣸ ڧَرْيَرْتࣸوْرَغَيْبِ,مَالَمَࢽْ ࢽَࢽْ مَاسࣸ دࣸوبِ  مَاسࣸ ڧَرْيَرْتࣸوْاْࢽَ غَيْبِ
بِسَمِ اِللَّهِ الرَّحَمٰࢽِ اِلرَّحِيمِ   وَصَلَّى اَللَّهࣸ عَلَى الࢽَّبِيِّ اِلْکَرِيمِ,بِسْمِ اللَّهِ اِلرَّحْمَٰࢽِ اِلرَّحِيمِ وَصَلَّى اَللَّهࣸ عَلَى الࢽَّبِيِّ اِلْکَرِيمِ
وَعَلَىٰ ءَالِهِ وَصَحْبِهِ وَسَلَّمَ,وَعَلَىٰ ءَالِهِ وَصَحْبِهِ وَسَلَّمَ
کࣸوْاْغَࢽِي بَلّٜيٰ کَذَوْࢽَا   وَࢽْدَکَاسَࢽْ ڢَاسِڧِيࢽَا,کࣸوْاْغَࢽِي بَلّٜيٰ کَذَوْࢽَا   وَࢽْدَکَاسَࢽْ ڢَاسِڧِيࢽَا
بَاشِ إِيْکࣸࢽْ بَاکَ کࣸوْاْمَيْ   ذَيْ رَبَاکَدَ وَࢽْدَ أَمَّيْ,بَاشِ إِيْکࣸࢽْ بَاکَ کࣸوْاْمَيْ  ذَيْ رَبَاکَدَوَࢽْدَأَمَّىْ
إِࢽْ تَݒَاثِي دࣸکَࢽْ جِکِࢽْکَا   سَيْ شِݒَاثِي دَأَرْزِِکِࢽْکَا,إِࢽْ تَبَاثِي دࣸکَࢽْ جِکِࢽْکَا  سَيْ شِيَاثِي دَأَرْزِکِࢽْکَا
ذࣸوثِيَاإِتَ غوْاْطِيَاثٜيٰ   وَࢽْدَدࣸکْ يَسَکٜيٰ تَغࣸوْثٜيٰ,ذࣸوثِيَاإِتَ غࣸوْاْطِيَاثٜيٰ وَࢽْدَدࣸکْ يَسَکٜيٰ تَغࣸوثٜيٰ
سَيْ تَکَيْشِ ثِکِࢽْوࣸتَاثٜيٰ    کَرْکَ سَوْرَغَمَاتَکࣸࢽْثٜيٰ,سَيْ تَکَيْشِ ثِکِࢽْ وࣸتَاثٜيٰ کَرْکَ سَوْرَغَمَاتَکࣸࢽْثٜيٰ
غَٜارࣸوَࢽْتَ بَرِࢽْ أَيّࣸکَا  مَاسࣸ جَࢽْيٜيٰ ڧَڢَاسࣸکَيْکَا,غَٜارࣸوَࢽْتَ بَرِࢽْ أَيّࣸکَا مَاسࣸ جَࢽْيٜيٰ ڧَڢَاسࣸکَيْکَا
مَيْ شِغَرْکࣸوْاْحَرْيَهَࢽْغِ   غٜيٰڢٜيٰ غٜيٰڢٜيٰ دَشِيدَدَࢽْغِ,مَيْ شِغَرْکࣸوْاْحَرْيَهَࢽْغِي غٜيٰڢٜيٰ غٜيٰڢٜيٰ دَشِيدَدَࢽْغِي
کࣸوْاْإِࢽَايَرِڧَاأَڢِسغٜيٰ    سَيْ صَلَاتِي مَاسࣸ حَࢽْغٜيٰ,کࣸوْاْإِࢽَايَرِڧَاأَڢِسْغٜيٰ سَيْ صَلَاتِي مَاسࣸ حَࢽْغٜيٰ
أَيّࣸکَࢽْ ذَرْغِي غَبَاوَا   غَرْدَمَادَيَوَࢽْ ڧَسَاوَا,أَيّࣸکَࢽْ ذَرْغِي غَبَاوَا  غَرْدَمَادَيَوَࢽْ ڧَسَاوَا
شِڢَ غِرْمَࢽْ کَيْ حَلِيࢽٜيٰ  وَࢽْدَکٜيٰ ثࣸوْتَرْمࣸتَاࢽٜيٰ,شِيڢَ غِرْمَࢽْ کَيْ حَلِيࢽٜيٰ وَࢽْدَکٜيٰ ثࣸوْتَرْمࣸتَاࢽٜيٰ
شِي تَڢَرْکِࢽْ کَࢽْغَرَاࢽٜيٰ    وَࢽَدَکࣸوْاْکٜيٰ بِي شِڧࣸوࢽٜيٰ,شِي تَڢَرْکِࢽْ کَࢽْغَرَاࢽٜيٰ  وَࢽْدَکࣸوْاْکٜىٰ يِي شِڧࣸوࢽٜيٰ
بَيْ سَࢽْ مَڢِتَاأَلاَحِرَابَا,بَيْ سَࢽْ مَڢِتَاأَلَاحِرَابَا
وَࢽْدَبَيْ يِبَ کࣸوْاْيَبَرْتَا    بَاشِ أَيْکِ مَيْ کَتَرْتَا,وَࢽْدَبَيْ يِبَ کࣸوْاْيَبَرْتَا  بَاشِ أَيْکِ مَيْ کَتَرْتَا
مَيْ رࣸبࣸوتࣸࢽْ تَوَّدَرْيَوْ بَيْ جِٜڧٜيٰبَا سَبࣸودَوَايࣸوْاْ,مَيْ رࣸبࣸوتࣸࢽْ تَوَّدَرْيَوْ  بَىْ جِڧٜيٰبَ سَبࣸودَوَايࣸوْاْ
بَاشِيِࢽْ ثِࢽِکِي دَرِيبَا    إِࢽْ کَلࣸورَ کَدࣸوبِ دَبَّا,بَاشِيِࢽْ ثِࢽِکِي دَرِيبَا إِࢽْ کَلࣸورَکَدࣸوبِ دَبَّا
سَسَࢽِي بَاڢَاطَ کَࢽْغَرَابَا,مَسَࢽِي بَاڢَاطَ کَࢽْغَرَابَا
سࣸوْاْمَ تَتْتَرَ هَࢽْکَلِࢽْکَ   کَيْ شِرِࢽْ غَٜارَࢽْ غِدَࢽْکَ,سࣸوْاْمَ تَتْتَرَهَࢽْکَلِࢽْکَ کَيْ شِرِࢽْ غَارَࢽْ غِدَࢽْکَ
کَرْحَرِࢽْ يَاڧِ يَثِيکَ    ࢳَࢽْ أࣸوَاسࣸڢَشٜيٰ سࣸبَرْکَ,کَرْحَرِࢽْ يَاڧِ يَثِيکَ  ࢳَࢽْ أࣸوَاسࣸڢَشٜيٰ سࣸبَرْکَ
جِࢽْکِرِࢽْ تࣸوبَاݒَتَاࢽٜيٰ   ڧࣸوْاْڧَرِࢽْ تࣸوبَاشِرِيࢽٜيٰ,جِࢽْکِرِࢽْ تࣸوبَايَتَاࢽٜيٰ ڧࣸوْاْڧَرِࢽْ تࣸوبَاشِرِيࢽٜيٰ
دَبَذَاسࣸ حࣸکࣸࢽْتࣸ دࣸࢽْ کِرَابَا,دَبَذَاسࣸ حࣸکࣸࢽْتࣸ دࣸࢽْ کِرَابَا
سࣸوڢَ دࣸࢽْ حَکَ رَࢽْ ڧِيَامَا  ذَاسࣸ تَاشِ سࣸࢽَاࢽَدَامَا,سࣸوڢَ دࣸࢽْ حَکَ رَࢽْ ڧِيَامَا   ذَاسࣸ تَاشِ سࣸࢽَاࢽَدَامَا
يَوْمِسَالِࢽْ وَࢽْغَ تَارࣸوْاْ    دࣸࢽْ غَࢽِࢽْ وَدَ ذَاعَ کࣸوْاْرࣸوْاْ,يَوْمِسَالِࢽْ وَࢽْغَ تَارࣸوْاْ   دࣸࢽْ غَࢽِࢽْ وَدَذَاعَ کࣸوْاْرࣸوْاْ
جِي يَکَࢽْيِي أََࢽَࢽْ يکࣸوْاْيَا    سࣸوسࣸکٜيٰ تَاشِي أَبَايَا,جِي يَکَࢽْيِي أَࢽَࢽْ يَکࣸوْاْيَا  سࣸوسࣸکٜيٰ تَاشِي أَبَايَا
بَسࣸ سَࢽْ غِرْمَࢽْ أࣸبَࢽْ غِجِيبَا,بَسࣸ سَࢽْ غِرْمَࢽْ أࣸبَࢽْ غِجِيبَا
ايَࢽْذࣸدࣸࢽَيَاڧَارَ شٜيٰࢽٜيٰ  سَيْکَ لࣸورَ أَيَوْمࣸتَاࢽٜيٰ,يَࢽْذࣸدࣸࢽْيَاڧَارَشٜيٰࢽٜيٰ سَيْکَ لࣸورَ أَيَوْمࣸتَاࢽٜيٰ
غࣸࢽْ سَرَاکَيْ کࣸوْاْظَلَامَا   غࣸࢽْ مَأَوْرَاکࣸوْاْحࣸسࣸومَا,غࣸࢽْ سَرَاکَيْ کࣸوْاْظَلَامَا  غࣸࢽْ مَأَوْرَاکࣸوْاْحࣸسࣸومَا
غَايَوَࢽْ سࣸوکَرْذࣸمࣸࢽَثِي   سَيْ جِدَالِي کَࢽْ حࣸکࣸࢽْثِي,غَايَوَࢽْ سࣸوکَرْذࣸمࣸࢽْثِي  سَيْ جِدَالِي کَࢽْ حࣸکࣸࢽْثِي
کَاغَ غَٜارَايَاوࣸيَاتَ    يَࢽْذࣸݒَرْࢽَاتَايَوَيْتَ,کَاغَ غَارَايَاوࣸيَاتَ  يَࢽْذࣸبَرْࢽَاتَايَوَيْتَ
اَلࢽَّاشِرࣸأَحْمَدࣸ اَلتِّجَاࢽِي حَڢِظَهࣸ اللَّهࣸ وَڢَّڧْࢽَااَللَّهࣸ,اَلࢽَّاشِرࣸأَحْمَدࣸاَلتِّجَاࢽِي حَڢِظَهࣸ اَللَّهࣸ وَڢَّڧْࢽَااَللَّهࣸ
إِلَىٰ مَايَحِبّࣸءَامِيࢽْ .. بِإِذْࢽِ الْمࣸوَلِّڢࣸ,إِلىٰ مَايَحِبّࣸ ءَامِيࢽْ. بِإِذِْ اِلْهࣸوَلِڢࣸ
هَٰذَاالْکَتَابࣸ اَلْحَاجِ مَالَمْ عَلِيّࣸ,هَٰذَاالْکِتَابࣸ الْحَاجِ مَالَمْ عَلِيّࣸ
ࢽَمَࢽْغِ زَارِيَ ؞,غَمَࢽْغِ زَارِيَ
ظَهِرِي أَذَتࣸࢽْتَ يَاڧِ کࣸواْوࣸتَا کࣸواْغَبِيڧِ,ظَامِࢽْ إَدَࢽࣸࢽَتَ يَاڧِ کࣸوْوࣸتَاکࣸواْکࣸواࢽَبِيڧِ
سَࢽَدِى غَوَطَࢽْسࣸ دࣸواْکِي وَسࣸ کࣸواْسَࢽَدِࢽْسࣸ ذَاکِى,سَࢽَدِي غَوَطَࢽْسࣸ دࣸواْکِي  وَسࣸ کࣸواْسَࢽَدِࢽْسࣸ ذَاکِي
دَࢽْ يَوَࢽْ ڢَضَلَرْرِسَالَهْ کَرْکَبَرْمࣸ ثِکِࢽْ جَهَالَهْ,دَࢽْ يَوَࢽْ ڢَضَلَرْرِسَالَهْ کَرْکَبَرْمࣸ ثِکِࢽْ جَهَالَهْ
سَيْ بࣸرࣸواْدِ دَکࣸيْتْ دَامَاسَا سَيْ ذࣸمَا أَثِکِࢽْ غࣸرَاسَا,شَيْ بࣸرࣸواْدِدَکِيْثِ دَمَامَا   سَيْ ذࣸمَاأَثِکِࢽْ غَرَاسَ
کࣸࢽْڧِ بَادَحَڧِࢽْ عِيَالِ وَࢽْدَ يَابَاکࣸ مَالِ,کࣸࢽْيِ بَادَحَڧِࢽْ عِيَالِ  وَࢽْدَمَايَابَاکࣸ مَالِ
دࣸوبِ ࢳَࢽْ يَارَا سَمَارِي وَࢽْدَسࣸو يَلَمَاتَ دَوْرِي,دࣸوبࣸ ࢳَࢽْ بَارَاسَمَارِي  وَࢽْدَسࣸويَکَمَاتَ دَوْرِي
بَأَثِيشِ بَڧِي أَغَرْدَمَابَا,بَأَثِيشِ بَشِي أَغَرْدَمَابَا
ࣸوثِيَا دَجِکِي دَأَيْکِي هَرْکَسَاأَصِکِࢽْ مَڢَرْکِ,غࣸوثِيَادَجِکِي دَأَيْکِي  هَرْکَسَاأَثِکِࢽْ جَڢَرْکِ
مࣸغَ اَلࢽَّبِ بَادَڢِرْغِ,مࣸغَ اَلࢽَّبِ بَادَڢِرْغِتَابَا
دَامࣸتَاࢽٜيٰ تَيْمَ ذࣸوبٜيٰ يَوْوࣸ ڧَرْسَرْکِي دَبَابٜيٰ,دَامࣸتَاࢽٜيٰ تَيْمَ ذࣸوبٜيٰ  يَوْوࣸڧَرْسَرْکِي دَبَابَىٰ
سَيْ کَرَࢽْ بِکِ شِي کَڧَارَا سَيْڢَ جَࢽْ بَلْبَلْ دَڟَارَا,سَيْ کَرَࢽْ بِکِ شِي کَڧَارَا  سَيْڢَ جَࢽْ بَلْبَلْ دَڟَارَا
سَيْڢَ رِيمّايٜيٰ دَݒَکّࣸواْ تࣸوبَ مَيْ سࣸࢽْ ࢽࣸوࢽَ ڢِيکࣸواْ,سَيْڢَ رِيمَايٜيٰ دَبَکّࣸواْ  تࣸوبَ مَيْ سࣸࢽْ ࢽࣸوࢽَ ڢِيکࣸواْ
إِت بَاتَارَرْتَ لَاڢِيَابَا,إِتَ بَاتَارَرْتَ لَاڢِيَابَا
تَتَّلِࢽْتَ کِيَايٜيٰ حَدِّي ذࣸوثِيَاتَيِ إِجْتَهَاد,تَتَِّࢽْتَ کِيَايٜيٰ حَدِّي ذࣸوثِيَاتَيِ إِجْتِهَادِ
بَاسَيْ أَࢽْسَࢽْثٜيٰ لَاڢِيَا,بَاسَيْ أَࢽْسَࢽْثٜيٰ لَاڢِيَابَا
رَبَّࢽَاکَڟِرٜيٰمࣸ کࣸࢽْيَا کࣸواݒِتَاکࣸواْرَاڟٜيٰ هَࢽْيَا,رَبَّࢽَاکَڟَرٜيٰمࣸ کࣸࢽْيَا کࣸواْبَتَاکࣸواْرَاڟٜيٰ هَࢽْبَا
سَيْ شِثٜيٰ مَࢽِ کَيْ کَرَاتࣸو کࣸوࢽْدَبَاکَ غَࢽِࢽْ رࣸبࣸوتࣸو,سَيْ شِثٜيٰ مَࢽِ کَيْ کَرَاتࣸو کࣸوࢽْدَبَاکَ غَࢽِࢽْ رࣸبࣸوتࣸو
ٜإِࢽْکَࢽَايِ کَاوَادَاتࣸجو دِيبِ تَخْمِيسِي تَڢَاتࣸو,إِࢽْ کَࢽَاِيِ کَاوَدَاتࣸو دِيبِ تَخْمِيسِي تَڢَاتࣸو
سَي بَࢽْجِ رَابࣸواکَمَرْسَࢽِيبَا,سَىْ بَࢽْجِ رَبࣸواْکَمَرْسَࢽِيبَا
شِي سَࢽِي مَاغَرْکࣸوَاࢽٜيٰ کࣸواْغَمَيْ ڟࣸواْرࣸوغَرِٜيࢽٜيٰ,شِي مَࢽِي مَاغَرْکࣸوَاࢽٜيٰ کࣸواْغَمَيْ ڟࣸواْرࣸوغَرِࢽٜيٰ
أَرْزِکِيࢽٜيٰ مَيْ إِسَرْوَا إِࢽْ کَسَامࣸ کࣸوَاغَبَࢽْ وَا,أَرْزِکِيࢽٜيٰ مَيْ إِسَرْوَا إِࢽْ کَسَامࣸ کࣸوَاغَبَࢽْ وَا
کَيْ بَکَارَسَ يِࢽْ مࣸوَاڢَڧَابَا,کَيْ بَکَارَسَ يِࢽْ مࣸوَاڢَڧَابَا
مَاغَࢽِࢽْ سَامࣸࢽْسࣸ هِمَّا سَيْکَ دَوَّمَ إِࢽْکَسࣸوامَا,مَاغَࢽِࢽْ سَامࣸࢽْسَ هِمَّا سَيْکَ دَوَّمَ إِࢽْکَسࣸواْمَا
غٜيارَا بَاذَيْ کَمَرْ کِسِيبَا,غَيَارَابَاذَيْ کَمَرْ کِشِيبَا
دࣸک مَسࣸورَحْمَاشِتَارࣸواْ هَࢽْکَلِي بَبَّادَيَارࣸواْ,دࣸکْ مَسࣸورَحْمَاشِتَارࣸواْ هَࢽْکَلِي بَبَّادَيَارࣸواْ
ࢳࢽْ عࣸوَاکࣸمࣸبَرْسَکٜيٰ وَا کࣸࢽْغَ غِرْمَࢽْ اَلࢽَّبَاوَا,ࢳَࢽْ عࣸوَاکࣸمࣸبَرْسَکٜيٰ وَا کࣸࢽْغَ غِرْمَࢽْ اَلࢽَّبَاوَا
يَيْمَ کَيْ مࣸوغَࢽْ جَسَارَا يَابِ مࣸمّࣸوࢽَرْدَبَارَا,يَيْمَ کَيْ مࣸوغَࢽْ خَسَارَا  يَابِ مࣸمّࣸوࢽَرْدَبَارَا
وَسࣸ کࣸوْدَڧࣸرْثِيَرْسࣸ وَسࣸ کࣸوْأَکِرَاأَوَرْسَ,وَسࣸ کࣸوْدَڧࣸرْثِيَرْسࣸ  وَسࣸ کࣸوْأَکِرَاأَوَرْسَ
ࣸواْذَمَࢽْ وࣸࢽْدِي کَحَرْطٜيٰ شٜکَرࣸࢽْکَ دَسࣸࢽْکَ شࣸوطٜيٰ,کࣸواْذَمَࢽْ وࣸࢽْدِي کَحَرْطٜيٰ  شٜيٰکَرࣸࢽْکَ دَسࣸࢽْکَ شࣸوطٜيٰ
تَتَّلِࢽْکَ أَدࣸࢽْ زࣸبࣸوࢽِي کࣸوْدَرَاکَهَوَدَّهࣸوࢽِي,تَتَّلِࢽْکَ أَدࣸࢽْ زࣸبࣸوࢽِي کࣸوْدَرَاکَهَوَدَّهࣸوࢽِي
تࣸࢽْدَسَوْرَࢽْ حَࢽْکَلِࢽْکَ يَاڧ بِرْࢽِࢽْ ذࣸوثِيرْکَ,تࣸࢽْدَسَوْرَࢽْ حَࢽْکَلِࢽْکَ  يَاڧِ بِرْࢽِࢽْ ذࣸوثِيَرْکَ
کَاسَࢽْ رَيْ بَاشِ وَࢽْذࣸواْ ڟَيْدَصَلَّا کَيْتَ ڧࣸواْذࣸواْ,کَاسَࢽْ رَيْ بَاشِ وَࢽْذࣸواْ ڟَيْدَصَلَّاکَيْتَ ڧࣸواْذࣸواْ
يْ حَجِ کَزِيَرْثِ مَࢽْذࣸواْ رَࢽْدّ دࣸک مࣸتࣸوَرْکَ تَاذࣸواْ,کَيْ حَجِ کَزِيَرْثِ مَࢽْذࣸواْ رَࢽْدَدࣸکْ مࣸتࣸوَرْکَ تَاذࣸواْ
بَکَجٜيٰ أَثِکِࢽْ رَشِࢽْ شِرِيْبَا,بَکَجٜيٰ أَثِکِࢽْ رَشِࢽْ شِرِيْبَا
دَامَࢽِيِ ڢَارَکࣸࢽْکَ مَوشٜيٰ ࢽٜيٰ ڧَارَشِࢽْکَ,دَامِࢽِيِ ڢَارَکࣸࢽْکَ مَوشٜيٰ ࢽٜيٰ ڧَارَشِࢽْکَ
َتࣸڢَࢽْدَ بَذَيْڢِ شَابَکࣸويْ بَا,دَتࣸڢَࢽْدَبَذَيْڢِ شَابَکࣸيْ بَا
إِࢽْ بَاڢَرَضِي دَࢽَاڢِلَابَا,إِࢽْ بَاڢَرَضِي دَࢽَاڢِلَابَا
وَࢽْدَبَيْ بِطِ مَالَمَيْبَا بَاشِ أَيْکِ مَيْ صَوَابَا,وَࢽْدَبَيْ بِطِ مَالَمَيْبَا  بَاشِ أَيْکِ مَيْ صَوَابَا
کَاغَ بَيْوَاکَࢽْسَ أڧٜيٰتَا هِمَّرْسَ ثِکَࢽْ کَسَاتَا,کَاغَ بَيْوَاکَࢽْسَ ڧٜيٰتَا هِمَّرْ سَ شِکَࢽْ کَسَاتَا
عࣸکّࣸ ثِي دَتࣸڢَادَمَاتَا تࣸࢽْدَلِيشَاإِࢽْ يَکࣸوࢽْتَا,عࣸکّࣸ ثِي دَتࣸڢَادَمَاتَا   تࣸࢽْدَلِيشَاإِࢽْ يَکࣸوࢽْتَا
بَيْدَامࣸ دَوَࢽْکٜيٰ جَࢽَّبَابَا,بَيْدَامَ دَوَࢽْکٜيٰ جَلَّبَابَا
وَࢽْغَ ذَࢽْثٜيٰ يَاذَهࣸوبࣸو طِࢽْ بَتࣸࢽْ مَالَمْ حَبِيبࣸ,وَࢽْغَ ذَࢽْثٜيٰ يَاذَهࣸوبࣸو طِࢽْ بَتࣸࢽْ ءَالَمْ حَبِيبࣸ
إِبْلِسْ بَيْ ڢِيسࣸ کَࢽْغَرَابَا,إِبْلِسْ بَيْ ڢِيسࣸ کَࢽْغَرَابَا
جَاهِلَيْ کࣸوْࢽَيْوَذَࢽْثٜيٰ دࣸوࢽِ حَدِيثِࢽْ ࢽَارࣸيࣸوثٜيٰ,جَاهِلَيْ کࣸوْࢽَيْوَذَࢽْثٜيٰ  دࣸوࢽْ حَدِيثِࢽْ ࢽَارࣸبࣸوثٜيٰ
تَاتحࣸوتَاطَوْکِ سَرْکِي مَيْ حَوَادَدࣸبࣸࢽْ دَوَاکِي,تَاتَحࣸوتَاطَوْکِ هَرْکِي  مَيْ حَوَادَدࣸبࣸࢽْ دَوَاکِي
سَيْ شِڢِرْغِتَ دࣸوࢽْ أَمࣸࢽْتَا دࣸوࢽْ سَبࣸودَسَࢽِࢽْ حَلِࢽْتَا,سَيْ شِڢِرْغِتَ دࣸوَࢽْ أَمࣸࢽْتَا  دࣸوࢽْ سَبࣸودَسَࢽِࢽْ حَلِࢽْتَا
َيْ دَالْمࣸرࣸودࣸبَيْ مَثٜي بَا,أَيْ دَالَمَرࣸودࣸبَيْ مَثٜيٰ بَا
شِࢽْ کَرَاࢽَتَ وَايَکٜىٰ يىٰ کِبِيَاتَتَ وَاتَذَابٜيٰ,شِࢽْ کِرَاࢽَتَ وَايَکٜيٰ بٜيٰ کِيِيَاتَتَ وَاتَذَايٜيٰ
بَتَ ڧَيَالٜى سَرِى دَکࣸزْکࣸدࣸوبَا,بَتَ ڧَيَابٜيٰ سَرِي دَکࣸرْکࣸدࣸوبَا
ڧِࢽْ بِطَاکࣸواْتَارٜىٰ تَارٜىٰ إِࢽتَذࣸواْطَىَ بَاشِ کَارٜىٰ,ڧِࢽْ بِطَاکࣸواْتَارٜيٰ تَارٜىٰ  إِࢽْتَذࣸواْطَيَ بَاشِ کَارٜيٰ
مَذࣸوَࢽْتَ ثِکِࢽْ دَرَارٜىٰ کࣸوْادَارَاࢽَ ثِکِࢽْ سَرَارِىٰ,مَاذࣸوَࢽْتَ ثِکِࢽْ دَرَارٜيٰ کࣸواْدَرَاࢽَ ثِکِࢽْ سَرَارٜيٰ
اَلࢽَّاشِرࣸأَحْمَدࣸ اَلتِّجَاࢽِي حَڢِظَهࣸ اللَّهࣸ,اَلࢽَّاشِرࣸأَحْمَدࣸ اَلتِّجَاࢽِي حَڢِظَهࣸ اَللَّهࣸ
بِإِذْࢽِ مࣸوَلِّڢࣸ هَٰذَاالْکَتَابࣸ,بِإِذْࢽِ مࣸوَلِّڢࣸ هَذَاالکِتَابࣸ
اَلْحَاجِ مَالَمْ عَلِيّࣸ,اَلْحَاجِ مَالَمْ حَلِيّࣸ
کࣸوْأَجَاغࣸواْرَرْ مَکَاهࣸواْ  سࣸوسࣸکَࢽْ شࣸوطٜيٰ يَشَاهࣸواْ,کࣸوْأَجَاغࣸواْرَرْمَکَاحࣸواْ سࣸوسࣸکَࢽْ شࣸوطٜيٰ يَشَاحࣸواْ
وَاࢽٜيٰ حَرْخِکَ کَيْمَ وَاࢽٜيٰ  ڧِي دَسࣸواْ بَاشِࢽْ مࣸتَاࢽٜيٰ,وَاࢽٜيٰ حَرْشِکَ کَيْمَ وَاࢽٜيٰ ڧِيِ دَسࣸواْ بَاشِࢽْ مࣸتَاࢽٜيٰ
إِࢽْ حࣸکࣸࢽْثِࢽْࢽَࢽْ يَڧَارٜيٰ   کࣸواْذࣸمࣸࢽْثِي کࣸواْ ࢽَأورٜيٰ,إِࢽْ حࣸکࣸࢽْثِࢽْࢽَࢽْ يَڧَارٜيٰ کࣸواْذࣸمࣸࢽْثِي کࣸواْࢽَأَوْرٜيٰ
بَسࣸ سَامِ رَبࣸواْ اَلَاخِرَابَا,بَسࣸ سَامِ رَبࣸواْاَلَاخِرَابَا
مَاسࣸ کࣸواْ هَمَمِي دَاوَارِ   غَايَوَࢽْ تࣸڧࣸڧِي دَڧَورِ,مَاسࣸ کࣸوْاْهَمَمِي دَوَارِ  غَايَوَࢽْ تࣸڧࣸڧِي دَڧَوْرِ
مَشِغِࢽْتَ بَذَاشِ دَوَّمَابَا,مَشِغِࢽْتَ بَذَاشِ دَوَّمَابَا
يࣸواْمَ کَيْ ڧَرْيَرْوَلِتَّا  ࢽَاثِکِࢽْ کࣸواْکࣸواْشَرِڢَتَا,يࣸواْمَ کَيْ ڧَرْيَرْوَلِتَّا  ࢽَاثِکِي کࣸواْکࣸواْشَرِڢْتَا
بَسࣸ سَࢽْ حَڧِّࢽْ أࣸبَࢽْ غِجِيبَا,بَسࣸ سَࢽْ حَڧِࢽْ أࣸبَࢽْ غِجِيبَا
کَواْيَکَيْمَ کَلاَکِ توࣸاْشِي   بَاشِجِࢽْ کࣸࢽْيَرْ کَغَࢽْشِي,کَوْاْيَکَيْمَ کِلَاکِ تࣸواْشِي  بَاشِجِࢽْ کࣸࢽْيَرْکَغَࢽْشِي
وَࢽْسࣸ حَرْڧَبَرِي سࣸتࣸواْࢽَا  دࣸࢽْ يَوَࢽْ ذَاڢِࢽْ خِيَاࢽَا,وَࢽْسࣸ هَرْڧَبَرِي سࣸتࣸواْࢽَا دࣸࢽْ يَوَࢽْ ذَاڢِࢽْ خِيَاࢽَا
ذࣸوثِيَاتَسࣸ بَاحَࢽَاࢽَا   ڧِيدَسࣸواْرَࢽَّࢽْ سࣸڧࣸوࢽَا,ذࣸوثِيَاتَسࣸ بَاحَࢽَاࢽَا ڧِيدَسࣸواْرَࢽَّࢽْ سࣸڧࣸوࢽَا
أَکَاطࣸواْسࣸ سࣸغَࢽْغَرَامَ طَمْبَا,أَکَاطࣸواْسࣸ سࣸغَࢽْغَرَامَ طَمْبَا
غَاعَلَامَاکࣸواأَحࣸسْکَا   وَدَّأَࢽْسَࢽْ بَابࣸ شَکَّا,غَاعَلَامَاکࣸواأَحࣸسْکَا  وَدَّأَࢽْسَࢽْ بَابࣸ شَکَّا
بَذَيْ بَرࣸدࣸࢽْ غࣸدࣸࢽْ سَکِيبَا,بَذَيْ بَرࣸدࣸࢽْ غࣸدࣸࢽْ سَکِيبَا
وَࢽْسࣸ کࣸواْلࣸغࣸدٜيٰ دَشٜيٰوَا   ذَاتَ کَيَسࣸ سࣸإِسْکٜيٰ يِࢽْوَا,وَࢽْسࣸ کࣸواْلࣸغࣸدٜيٰ دَشٜيٰوَا   ذَاتَ کَيْسࣸ سࣸإِسْکٜيٰ يِࢽْوَا
بَسࣸ سَامِ رَبࣸواْ اَلَاخِرَابَا,بَسࣸ سَامِ رَبࣸواْاَلَاخِرَابَا
غَاوࣸيَادَبࣸغࣸودَڟَاوَا   ثَࢽْ سࣸإِسْکٜيٰ ڧِشِي دَيِࢽْوَا,غَاوࣸيِيَادَبࣸغࣸودَڟَاوَا  ثَࢽْ سࣸإِسْکٜيٰ ڧِشِي دَيِࢽْوَا
بَسࣸ سَࢽْ عَڢࣸوَرْ أࣸبَࢽْ غِجِيبَا,بَسࣸ سَࢽْ اعَڢࣸوَرْأࣸبَࢽْ غِجِيبَا
حَرْدَمَاسࣸ يَوَࢽْ حࣸسࣸومَا   کَاڢِرَيْ دࣸکَ ذَاعَ کَامَا,حَرْدَمَاسࣸ يَوَࢽْ حࣸسࣸومَا کَاڢِرَيْ دࣸکࣸ ذَاعَ کَامَا
غࣸࢽْ رَبࣸواْ سَڧَرْاتَسَامࣸ  هَرْلَذَابَيْتِ اِلْهࣸمࣸومࣸ,غࣸࢽْ رَبࣸواْسَڧَرَاتَسَامࣸ  هَرْلَذَابَيْتِ اِلْهࣸمࣸومࣸ
أّکَ کَيْسࣸ أّکࣸواْغࣸࢽَاأّطَمْبَا,أَکَ کَيْسࣸ أَکࣸواْغࣸࢽَاأَطَمْبَا
بَاعَمَاکࣸوَࢽْسࣸ سَوْڧِي   غَاوࣸتَاعَجٜيٰ غَاحَيَاڧِي,بَاعَمَاکࣸوَࢽْسࣸ سَوْڧِي  غَاوࣸتَاعَجٜيٰ غَاحَيَاڧِي
بَسࣸ سَࢽْ کوْࣸوَااَلَاخِرَابَا,بَسࣸ سَࢽْ کࣸوْوَااَلَاخِرَابَا
سࣸࢽْکِرَايَاخَازࣸࢽࣸوࢽَ  سَيْکَ بَامࣸ رࣸوَاکَطَيْࢽَ,سࣸࢽْکِرَايَاخَازَࢽࣸوࢽَ سَيْکَ بَامࣸ رࣸوَاکَطَيْࢽَ
تَيْمَکٜيمࣸ وࣸتّادَڧࣸوࢽَ  غَابࣸغࣸودَبَڧَرْمَهَاࢽَ,تَيْمَکٜيٰمࣸ وࣸتَادَڧࣸوࢽَ   غَابࣸغࣸودَبَڧَرْمَهَاࢽَ
ٰبّمࣸ سَامِ وࣸرِࢽْدَمࣸࢽْ ڟَيَابَا,بَمࣸ سَامِ وࣸرِࢽْدَمࣸࢽْ ڟَيَابَا
سࣸواْشِسَࢽْتࣸ غَهَلَّکَاࢽَيْ   کَيْ کَطَيْ کَاسَمَّ کࣸوْمَيْ,سࣸواْشِسَࢽْتࣸ غَهَلَّکَاࢽَيْ  کَيْ کَطَيْ کَإِسَمَّ کࣸوْمَيْ
دَغࣸدَࢽْشِ بَذَاشِ دَوَّمَابَا,دَغࣸدَࢽْشِ بَذَاشِ دَوَّمَابَا
ذَاسࣸسَارِيْغَرْوࣸتَاࢽٜيٰ  وَࢽْدَࢽَࢽْسࣸ وࣸتَاکَغَاࢽٜيٰ,ذَاسࣸسَارِيْغَرْوࣸتَاࢽٜيٰ  وَࢽْدࣸࢽَࢽْسࣸ وࣸتَاکَغَاࢽٜيٰ
حࣸولࣸࢽَارَوَࢽِي کَغَاࢽٜيٰ   أَࢽْࢽَطٜيٰسࣸ دَشِي سࣸغَاࢽٜيٰ,حࣸولࣸࢽَارَوَࢽِي کَغَاࢽٜيٰ أَࢽْࢽَطٜيٰسࣸ دَشِي سࣸغَاࢽٜيٰ
کَرْࢽࣸکࢽْ وࣸتَا سَيْ سࣸتَاشِ  دࣸکْ سࣸذَابࣸرَسࣸيْتَ حَوشِ,کَرْࢽࣸکَࢽْ وࣸتَ سَىْ سࣸتَاشِ  دࣸکْ سࣸذَابࣸرَسࣸيْتَ حَوْشِ
دَمَڧِي زَکَّادَبَيْ ثِرٜيٰبَا,دَمَڧِي زَکَّادَبَيْ ثِرٜيٰبَا
سࣸوکِرَࢽْسࣸ سࣸࢽَادَذَاڢِي  لَيْڢࣸکَࢽْسࣸ سࣸࢽَادَڧَرْڢِي,سࣸوکِرَࢽْسࣸ سࣸࢽَادَذَاڢِي  لَيْڢࣸکَࢽْسࣸ سࣸࢽَادَڧَرْڢِي
أَيࣸکَّࢽْسࣸ دَمَاسࣸ ذاڢِي  کَࢽْ سَعࣸودࣸ سࣸکٜيٰ وࣸڧࣸوڢِي,أَيࣸکَّࢽْسࣸ دَمَاسࣸ ذَاڢِي کَࢽْ سَعࣸودࣸ سࣸکٜيٰ وࣸڧࣸوڢِي
وَحَلَابَتَ بَرْسࣸ غَࢽْغَرَابَا,وَحَلَابَتَ بَرْسࣸ غَࢽْغَرَابَا
کَاغَ دࣸࢽْ وَحَلَاسࣸࢽْرْکٜيٰ    سَيْ سࣸکࣸواْمࣸواْدࣸࢽْ سࣸسَاکٜيٰ,کَاغَ دࣸࢽْ وَحَلَاسࣸࢽَرْکٜيٰ سَيْ سࣸکࣸواْمࣸواْدࣸࢽْ سࣸسَاکٜيٰ
ثࣸورٜࣸوَاحَرْکࣸوڢَتَاکٜيٰ   ثِࢽْ حَرَمَ دࣸکْ کࣸواْکࣸلَاکٜيا,ثࣸورࣸوَاحَرْکࣸوڢَتَاکٜيٰ  ثِࢽْ حَرَمْ دࣸکْ کࣸوْاْکَلَاکٜيٰ
يٜيْ جَهَࢽَّمَ کࣸواْأَڢَارِ أَيْ کِرَاسࣸتَڢࣸوا دَسَوْرِ,يَٜࢽْ جَهَࢽَّمَ کࣸواْأَڢَارِ  أَيْ کِرَاسࣸ ڢࣸواْدَسَوْرِ
اَلࢽَّاشِرࣸأَحْمَدࣸ اَلتِّجَاࢽِي حَڢِظَهࣸ اللَّه,اَلࢽَّاشِرࣸأَحْمَدࣸ اَلتِّجَاࢽِي حَڢِظَهࣸ اللَّهࣸ
وَڢَّڧَࢽَااللَّهࣸ إِلَى مَايحبّࣸ  ءَامِيࢽ,وَڢَّڧَࢽَااَللّهࣸ إِلَىٰ مَايࣸحِبّࣸءَامِيࢽ
بِإِذْࢽِ مࣸوَلِّڢࣸ هَٰذَالْکِتَابࣸ,بِإِذْࢽِ مࣸوَلِّڢࣸ هَٰذَاالکِتَابࣸ
اَلْحَاجِ مَالَمْ علِيّࣸ,اَلْحَاجِ مَالَمْ عَلِيّࣸ
ڟواْرࣸࢽْمࣸ سَبࣸوادَࢽَاشِ ذَمْبَا,ڟࣸوْاْرࣸࢽْمࣸ سَبࣸواْدَࢽَاشِ ذَمْبَا
بَکࣸ سَࢽْ ايَرْ أࣸبَࢽْ غِجِيبَا,بَکࣸ سَࢽْ ءَايَرْأࣸبَࢽْ غِجِيبَا
ࢽَࢽْ دَࢽَࢽْ أَکَ کَيْشِ ذࣸرڢِي    هَلَّکَايغَمٜىٰدَذَاڢِى,ࢽَࢽْ دَࢽَࢽْ أَکَ کَيْشِ ذࣸرْڢِي  هَلَّکَايَغَمٜيٰدَذَاڢِيِ
ࢽَࢽْ دَࢽَࢽْ شَيْطَࢽْ شِبࣸوطࣸواْ    سَىْ شِذࣸوْدَکَرِࢽْ کࣸمَلّࣸواْ,ࢽَࢽْ دَࢽَࢽْ شَيْطَࢽْ شِبࣸوطࣸواْ سَيْ شِذࣸوْدَکَرِࢽْ کࣸمَلّࣸواْ
سَىْ يَبَاسࣸ ىَثٜىٰ کࣸکࣸرْݒا   ڢِيْدَسࣸواْتِيْلَسْ سࣸکࣸرْݒَا,سَيْ يَبَاسࣸ يَثٜيٰ کࣸکࣸرْݒَا  ڧِيْدَسࣸواْتِيْلَسْ سࣸکࣸرْݒَا
سࣸوْدَمَاسࣸ ذࣸوَاغّࢽِࢽْسࣸ     تࣸواْبَلٜى غَمَتَيْمَکَࢽْسࣸ,سࣸوْدَمَاسࣸ ذࣸوَاغَࢽِࢽْسࣸ تࣸواْبَلٜيٰ غَمَتَيْمَکَࢽْسࣸ
ذَاعَ کَىْ وࣸتَ دࣸکْ سࣸتࣸويࣸو    مَىْ حَطَرْمَتَ ذَاسࣸ سࣸوْايࣸو,ذَاعَ کَيْ وࣸتَ دࣸکْ سࣸتࣸويࣸو  مَيْ حَطَرْمَتَ ذَاسࣸ سࣸواْيࣸو
أَثِکِࢽْ إِدَّابَکࣸࢽْ بَرِيبَا,أَثِکِࢽْ إِدَّابَکࣸࢽْ بَرِيبَا
سَيْدَيَٜࢽْوࣸتَ سࣸࢽْ ڟَࢽَࢽْتَا    ࢽَاسࣸ کࣸوکَايَاڟَࢽَࢽْتَا,سَيْدَيَࢽْوࣸتَ سࣸࢽْ ڟَࢽَࢽْتَا  ࢽَاسࣸ کࣸوکَايَاڟَࢽَࢽْتَا
يَࢽْذࣸࢽْ بَسࣸ سَࢽْ کَࢽَاذࣸوَابَا,يَࢽْذࣸࢽْ بَسࣸ سَࢽْ کَࢽَاذࣸوَابَا
ࢽَࢽْ دَࢽَࢽْ أَکَ سَلَّمَاتَىْ    ثَࢽْ غَمَالِکِ اىْ کِرَاࢽَىْ,ࢽَࢽْ دَࢽَࢽْ أَکَ سَلَّمَاتَيْ ثَࢽْ غَمَالِکِ أَيْ کِرَاࢽَىْ
سَىْ يَثٜىٰ دࣸکَ مَاسࣸ عَيْبِ    جَلَّ عَلَّامࣸ الْغࣸيࣸوبِ,سَىْ يَثٜىٰ دࣸکَ مَاسࣸ عَيْبِ  جَلَّ عَلَّامࣸ الغࣸيࣸوبِ
ْبَيْغَ سَوْڧِي کࣸوْکَطَࢽْبَا    سَىْ أَثٜىٰمࣸسࣸ دࣸکْ کࣸدࣸوبَا,يَيْغَ سَوْڧِي کࣸوْکَطَࢽْبَا سَيْ أَثٜيٰمࣸسࣸ دࣸکْ کࣸدࣸوبَا
سَىْ أَثٜىٰ جِبْرِيلࣸ کٜىٰࢽَࢽْ    کࣸوْاأَبࣸوکِࢽْ اَلࢽَّبِࢽَّࢽْ,سَىْ أَثٜىٰ جِبْرِيلࣸ کٜىٰࢽَࢽْ کࣸواْأَبࣸوکِࢽْ اَلࢽَّبِࢽَّࢽْ
سَىْ يَکَࢽْ جࣸويَادَکࣸوکَا     غࣸࢽْ تَعَالَى جَلَّ ڢࣸسْکَا,سَيْ يَکَࢽْ جࣸويَادَکࣸوکَا غࣸࢽْ تَعَالَى جَلَّ ڢࣸسْکَا
حَرْسࣸکَࢽْ سَاڧࣸوْاْغَرٜىٰࢽِي     تࣸࢽْدَدَىْ ࢽِکٜىٰ ڟَکَاࢽِي,حَرْسࣸکَࢽْ سَاڧࣸواْغَرٜىٰࢽِي  تࣸࢽْدَدَيْ ࢽِيکٜيٰ ڟَکَاࢽِي
بَسࣸ سَࢽْ مِيڧَادَتَاکࣸرَابَا,بَسࣸ سَࢽْ مِيڧَادَتَاکࣸرَابَا
بَتَ کَيْمَسࣸ ثِي کَمَرْبَعَابَا,بَتَ کَيْمَسࣸ ثِي کَمَرْبَعَابَا
سَࢽْدَ اَلࢽَّبِي يَاغَࢽٜىٰشِ    بَابࣸ کَيْࢽْ حࣸسَکَاغَرٜىٰشِ,سَࢽْدَاَلࢽَّبِي يَاغَࢽٜيٰشِ بَابࣸ کَيْࢽْ حࣸسْکَاغَرٜيٰشِ
وَسࣸ اَلْعࣸمَّرْکَ سࣸوࢽٜىٰ    ثَࢽْ جَهَࢽَّمَ دࣸکْ تَڧࣸوࢽٜىٰ,وَسࣸ اَلْعࣸمَّرْکَ سࣸوࢽٜيٰ ثَࢽْ جَهَࢽَّمَ دࣸکْ تَڧࣸوࢽٜيٰ
بَتَ بَرْمَاسࣸ کَىْ دَکَاڢَطَابَا,بَتَ بَرْمَسࣸ کَيْ دَوکَاڢَطَابَا
غَاشِ غَاجِبْرِيلࣸ بَيْغࣸشٜىٰبَا,غَاشِ غَاجِبْرِيلࣸ بَيْ غࣸشٜيٰبَا
سَىْ سࣸمِيوَمتَتَّرَرْسࣸ    سَىْ أَࢽٜىٰمِ أࣸبَࢽْ غِدَࢽْسࣸ,سَىْ سࣸمِيڧَ مَتَتَّرَرْسࣸ  سَىْ أَࢽٜىٰمِ أࣸبَࢽْ غِدَࢽْسࣸ
دࣸࢽْ يَکَىْ مَࢽْذࣸويَغَࢽْسࣸ    ࢽَࢽْ جَهَࢽَّمَ سَيْتَ بَرْسࣸ,دࣸࢽْ يَکَيْ مَࢽْذࣸويَغَࢽْسࣸ ࢽَࢽْ جَهَࢽَّمَ سَيْتَ بَرْسࣸ
بَتَ سࣸومَ غَشِࢽْ غَبَابࣸوَابَا,بَتَ سࣸومَ غَشِࢽْ غَبَابࣸوَابَا
سَىْ رَسࣸولࣸ يَذࣸودَسَوْرِ    غَامࣸتَاࢽٜىٰ ࢽَاتَ ڧَوْرِ,سَيْ رَسࣸولࣸ يَذࣸودَسَوْرِ  غَامࣸتَاࢽٜيٰ ࢽَاتَ ڧَوْرِ
سَىْ يَوَࢽْ حَسْکٜىٰ دَڧَمْشِي    مَيْيَوَࢽْ دَاطِي سࣸجِيشِ,سَىْ يَوَࢽْ حَسْکٜيٰ دَڧَمْشِي   مَيْيَوَࢽْ دَاطِي سࣸجِيشِ
کࣸمَ غَاڢࣸسْکَرسَ بَيْسَکٜىٰبَا,کࣸمَ غَاحࣸسْکَرْسَ بَيْسَکٜيٰبَا
سَىْ رَسࣸولࣸ يَتَمْبَيٰٜشِ   يَوْدَذَتِ بَاشِ تَاشِ,سَيْ رَسࣸولࣸ يَتَمْبَيٜىٰشِ  يَوْدَذَاتِ بَاشِ تَاشِ
تَاإِشٜيٰسࣸ سࣸࢽَاتَ کࣸوْوَا    سَيْ يَتَاشِ دَهَمْزَرَوَا,تَاإِشٜيٰسࣸ سࣸࢽَاتَ کࣸوْوَا سَيْ يَتَاشِ دَهَمْزَرَاوَا
غَاشِ غَاجِبْرِيلࣸ بَيْ غࣸشٜيٰبَا,غَاشِ غَاجِبْرِيلࣸ بَيْ غࣸشٜيٰبَا
بَکَ سَࢽْدَ طَيَࢽْسࣸ کࣸرْکࣸکࣸوبَا,بَکَ سَࢽْدَطَيَࢽْسࣸ کࣸرْکࣸکࣸوبَا
سَيْ أَثٜيٰ دࣸومِࢽْ سࣸڧࣸوࢽٜيٰ   سِيدِ مࣸࢽْ مࣸࢽْتَدَّکَيْࢽٜيٰ,سَيْ أَثٜيٰ دࣸومِࢽْ سࣸڧࣸوࢽٜيٰ  سِيدِ مࣸࢽْ مࣸࢽْتَدَّکَيْࢽٜيٰ
شِي يَسَابَمࣸ بَرْکَ کَاتࣸࢽَابَا,شِي يَسَابَمࣸ بَرْکَ کَاتࣸࢽَابَا
سَيْ سࣸمِيڧَ مَتَتَّرَرْسࣸ   سَيْ أَࢽٜيٰمِ أࣸبَࢽْ غِدَࢽْسࣸ,سَىْ سࣸمِيڧَ مَتَتَّرَرْسࣸ سَىْ أَࢽٜىٰمِ أࣸبَࢽْ غِدَࢽْسࣸ
دࣸࢽْ يَکَيْ مَࢽْذࣸويَغَࢽْسࣸ  ࢽَࢽْ جَهَࢽَّمَ سَيْتَ بَرْسࣸ,دࣸࢽْ يَکَىْ مَࢽْذࣸويَغَࢽْسࣸ  ࢽَࢽْ جَهَࢽَّمَ سَيْتَ بَرْسࣸ
سَيْ رَسࣸولࣸ يَذࣸودَسَوْرِ  غَامࣸتَاࢽٜيٰ ࢽَاتَ ڧَوْرِ,سَيْ رَسࣸولࣸ يَذࣸودَسَوْرِ  غَامࣸتَاࢽٜيٰ ࢽَاتَ ڧَوْرِ
سَيْ يَوَࢽْ حَسْکٜيٰ دَڧَمْشِي مَيْيَوَࢽْ دَاطِي سࣸجِيشِ,سَىْ يَوَࢽْ حَسْکٜيٰ دَڧَمْشِي  مَيْيَوَࢽْ دَاطِي سࣸجِيشِ
بِسْمِ اِللَّهِ اِلرَّحَمٰࢽِ اِلرَّحِيمِ  وَصَلَّى اَللَّهࣸ عَلَى اَلࢽَّبِيِّ اِلࢽَّبِيِّ الْکَرِيمِ,بِهْمِ اللَّهِ اِلرَّحْمَٰࢽِ اِلرَّحِيمِ وَصَلَّى اللَهࣸ عَلَى الࢽَّبِيِّ الْکَرِيمِ
وَعَلَىٰ اَلِهِ وَصَحْبِهِ وَسَلَّمَ,وَعَلَىٰ ءَلِهِ وَصَحْبِهِ وَسَلَّمَ
دَبَسࣸيْ سَاݒࣸࢽْ أࣸبَࢽْ غِجِيبَا,دَبَسࣸيْ سَاݒࣸࢽْ أࣸبَࢽْ غِجِيبَا
أَيࣸکَّࢽْکَ إرِرْࢽَکِرْکِ   إِࢽْدَکَيْکࣸوْاْ دَأَطَاکِ,أَيࣸکَّࢽْکَ إِرِرْࢽَکِرْکِ  إِࢽْدَکَيْ کࣸواْدَأَطَاکِ
سࣸࢽْ رࣸبࣸوتَاکࣸواْتَڢَرْکِ  کࣸواْدَهَࢽّࣸو کࣸواْدَأَيْکِ,سࣸࢽْ رࣸبࣸوتَاکࣸواْتَڢَرْکِ کࣸواْدَهَࢽّࣸوکࣸواْدَأَيْکِ
أَيْکِࢽْ خَيْرِ بَسࣸيْ رࣸڢِيبَا,أَيْکِࢽْ خَيْرِ بَسࣸيْ رࣸڢِيبَا
سَيْ أَڢَارَاأَوࣸࢽْ أَيࣸکَّا    غَامَأَوْࢽِي دࣸک أَغِرْکَا,سَيْ أَڢَارَأَوࣸࢽْ أَيࣸکَّا غَامَأَوْࢽِي دࣸکْ أَغِرْکَا
مَالِکي رَࢽَّࢽْ يَکَࢽْثٜيٰ   تَرْسَشِࢽْ ڟࣸورࣸو يَکࣸࢽْثٜيٰ,مَالِکِي رَࢽَّࢽْ يَکَࢽْثٜيٰ  تَرْسَشِࢽْ ڟࣸورࣸوْيَکࣸࢽْثٜيٰ
ڟَࢽَࢽِࢽْ ذَاڢِي يَسَࢽْثٜيٰ  غَارَسࣸولࣸ اِللَّهِ يَاثٜيٰ,ڟَࢽَࢽِࢽْ ذَاڢِي يَسَࢽْثٜيٰ غَارَسࣸولࣸ اِللَّهِ يَاثٜيٰ
سَيْ سࣸذࣸو سࣸڢَشٜيٰ دَکࣸوکَا   غࣸࢽْ مَڢِيڢِيثِࢽْ مَأَيْکَا,سَيْ سࣸذࣸوسࣸڢَشٜيٰ دَکࣸوکَا   غࣸࢽْ مَڢِيڢِيثِࢽْ مَأَيْکَا
رَࢽَّࢽْ بَسࣸکَࢽْ بَڧِࢽْ ثِکِيبَا,رَࢽَّࢽْ بَسࣸکَࢽْ بَڧِࢽْ ثِکِيبَا
هَاوِيَاثٜيٰ غࣸࢽْ ذَامَࢽْسࣸ   سࣸوکَثِيذࣸࢽْ هَࢽّࣸوَࢽْسࣸ,حَاوِيَاثٜيٰ غࣸࢽْ ذَمَࢽْسࣸ  سࣸوکَثِيذࣸࢽْ هَࢽّࣸوَࢽْسࣸ
مࣸࢽْيِ دَاطَاَطَࢽْ جَوَابِ   کَاغَ أَࢽْيِي أَوࣸࢽْ حِسَابِ,مࣸࢽْيِ دَاطَاطَࢽْ جَوَابِ کَاغَ أَࢽْيِي أَوࣸࢽْ حِسَابِ
أَطَيَࢽْسࣸ بَذاشِ سَامࣸوَابَا,أَکَيَࢽْسࣸ بَذَاشِ سَامࣸوَابَا
مࣸ کࣸواْ أَدَرٜيٰ کࣸتَاشٜيٰمࣸ دࣸࢽْ مࣸبِطࣸواْ بِسَاشٜيٰ,مࣸ کࣸواْأَدَرٜيٰ کࣸتَاشٜيٰمࣸ دࣸࢽْ مࣸبِطࣸواْبِسَاشٜيٰ
ڧِࢽْکࣸ کَرْکࣸورَاتَکَامَ  کࣸࢽْرِڧٜيٰمࣸ ثِکِࢽْ ظَلَامَ,ڧِࢽْکࣸ کَرْکࣸورَاتَکَامَ  کࣸࢽْ رِڧٜيٰمࣸ ثِکِࢽْ ظَلَامَ
بَاسَࢽَرْوَبَاعَلَامَ    سَيْسࣸ کَامَ يَوَࢽْ حࣸسࣸومَ,بَاسَࢽَرْوَبَاعَلَامَ   سَيْسࣸ کَامَ يَوَࢽْ حࣸسࣸومَ
کࣸࢽْ غَادَامَࢽَ غࣸوࢽَکِࢽْکࣸ   سࣸوڢَࢽٜيٰ حَجِّ غَرٜيٰکࣸ,کࣸࢽْ غَادَامَࢽَ غࣸوࢽَکِࢽْکࣸ  سࣸوڢَࢽٜيٰ حَجِّ غَرٜيٰکࣸ
بَتَ بَرْکࣸ کࣸࢽٜيٰمِي لَاخِرَابَا,بَتَ بَرْکࣸ کࣸࢽٜيٰمِي لَاخِرَابَا
دَامࣸࢽَاڢَامَادَکࣸوࢽٜيٰ   کࣸيْ کَرَاتࣸووَاوࣸتَاࢽٜيٰ,دَامࣸࢽَاڢَامَادَکࣸوࢽٜيٰ کࣸيْ کَرَاتࣸووَاوࣸتَاࢽٜيٰ
يَاحَࢽَاکࣸ دَسࣸࢽْ کࣸطِࢽٜيٰ   کࣸࢽْ هَلَّکَ ذَاکࣸ ڧࣸوࢽٜيٰ,يَاحَࢽَاکࣸ دَسࣸࢽْ کࣸطِࢽٜيٰ کࣸࢽْ هَلَّکَ ذَاکࣸ ڧࣸوࢽٜيٰ
ذَاکࣸثٜيٰ وَيْ غومَکِࢽٜيٰ   کࣸواْرِڧࣸࢽْ دࣸوبِࢽْ غِدَاࢽٜيٰ,ذَاکࣸثٜيٰ وَيْ غࣸوࢽَکِࢽٜيٰ کࣸواْرِڧࣸࢽْ دࣸوبِࢽْ غِدَاࢽٜيٰ
مࣸوࢽࣸڢِࢽْمࣸ دَکࣸوسَࢽِيࢽٜيٰ    طَايَثٜيٰ وَࢽِي مَالَمِيࢽٜيٰ,مࣸوࢽࣸڢِࢽْمࣸ دَکࣸوسَࢽِيࢽٜيٰ طَايَثٜيٰ وَࢽِي مَالَمِيࢽٜيٰ
بَسࣸ کَاسَ تࣸدࣸࢽْ هَوَابَکࣸيْ بَا,بَسࣸ کَاسَ تࣸدࣸࢽْ هَوَابَکَيْ بَا
تواْذࣸࢽْسَ دَبَࢽْ دَبَࢽْࢽٜيٰ   مࣸࢽَجِيَاکࣸواْ يَغَاࢽٜيٰ,تࣸواْذࣸࢽْسَ دَبَࢽْ دَبَࢽْࢽٜيٰ مࣸࢽْجِيَاکࣸواْوَيَغَاࢽٜيٰ
ذَاأَحَوشِ ثِکِࢽْ دَرٜٜيٰࢽٜيٰ   ڧَرْڧَشِي ࢽَسَ کوࣸاْوࣸتَاࢽٜيٰ,ذَاأَحَوشِ ثِکِࢽْ دَرٜيٰࢽٜيٰ ڧَرْڧَشِي ࢽَسَ کࣸواْوࣸتَاࢽٜيٰ
سَيْڢَ توذࣸࢽْ بِࢽْ إِيَايٜيٰ   طَࢽْ مࣸسࣸلْمِ دࣸکْ شِوَايٜيٰ,سَيْڢَ تࣸواْذࣸࢽْ بِࢽْ إِيَايٜيٰ طَࢽْ مࣸسࣸلْمِي دࣸکْ شِوَايٜيٰ
بَتَ بَرْکࣸ کࣸࢽٜيٰمِي لَاخِرَابَا,بَتَ بَرْکࣸ کࣸࢽٜيٰمِي لَاخِرَابَا
يَاحَࢽَاکࣸ دَسࣸࢽْ کࣸطِࢽٜيٰ کࣸࢽْ هَلَّکَ ذَاکࣸ ڧࣸوࢽٜيٰ,يَاحَࢽَاکࣸ دَسࣸࢽْ کࣸطِࢽٜيٰ کࣸࢽْ هَلَّکَ ذَاکࣸ ڧࣸوࢽٜيٰ
سَيْ أَثٜيٰ غَرْدَࢽْدَمِࢽْکࣸ بَاسࣸ أَمْڢَاࢽِي غَرٜيٰکࣸ,سَيْ أَثٜيٰ غَرْدَࢽْدَمِࢽْکࣸ بَاسࣸ أَمْڢَاࢽِي غَرٜيٰکࣸ
کࣸࢽْ ݒَثٜيٰ دࣸمِࢽْ حَلِࢽْکࣸ کࣸرْکࣸکࣸࢽْ وࣸتَاذَاأَکَيْکࣸ,کࣸࢽْ بَثٜيٰ دࣸوْمِࢽْ حَلِࢽْکࣸ کࣸرْکࣸکࣸࢽْ وࣸتَ ذَاأَکَيْکࣸ
مَالَمِࢽْمࣸ يَکَࢽْيِ تَاطِ  سَيْ أَذࣸواْ أَعَجٜيٰ صِرَاطِ,مَالَمِࢽْمࣸ يَکَࢽْيِ تَاطِ   سَيْ أَذࣸواْأَعَجٜيٰ صِرَاطِ
بَيْکَيْ غَاشِࢽْ غِرَرْإِدࣸوبَا,بَيْکَيْ غَاشِࢽْ غِرَرْإِدࣸوبَا
ماسࣸ کࣸواْرَاوَرْدَذَاڢِي   ذَامَ کࣸواْرَمَاسࣸ لَيْڢِي,مَاسࣸ کࣸواْرَاوَرْدَذَاڢِي  ذَاعَ کࣸواْرَمَاسࣸ لَيْڢِي
سَيْ ࢽَذَکَّى سَيْ ࢽَحَجِّ دࣸوبَا,سَيْ ࢽَذَکَّىْ سَيْ ࢽَحَجِّ دࣸوبَا
کࣸوْا وَاذَيْ هَوشِ بَابَعَابَا,کࣸوْاْوَاذَيْ حَوْشِ بَابَعَابَا
بِإِذْࢽِ مࣸوَلِّڢࣸ هَىٰذَاالْکِتَابࣸ,بِإِذْࢽِ مࣸوَلِّڢࣸ هَٰذَاالکِتَابࣸ
الْحَاجِ مَالَمْ عَلِىّࣸ ࢽَمَࢽْغِ,اَلْحَاجِ مَالَمْ عَلِيّࣸ ࢽَمَࢽْغِ
يَامَڢِيڢِيثِࢽْ ڢِيَيّࣸو    يَامَڢِي رَيْࢽࣸوࢽْ مَرَايࣸو,يَامَڢِيڢِيثِࢽْ ڢِيَيࣸو  يَامَڢِى رَيْࢽࣸوࢽْ مَرَايࣸو
جمَعَرْسَ بَسࣸىْ بَڧِࢽْ ثِکِيبَا,جَمْعَرْسَ بَسࣸىْ بَڧِࢽْ ثِکِيبَا
هَرْغࣸوبٜىٰ بَمࣸىْ ذَمَࢽْ دࣸهࣸوبَا,هَرْغࣸوبٜىٰ بَمࣸيْ ذَمَࢽْ دࣸسࣸوبَا
أرْزِڧِࢽْسَ شِࢽَاڟَوَيْتَا    أَࢽْکَثٜىٰ ڧَارࣸواْکࣸسَࢽْتَا,أَرْزِڧِࢽْسَ شِࢽَاڟَوَيْتَا  أَࢽْکَثٜىٰ ڧَارࣸواْ کࣸمَࢽْتَا
أࢽْکَثٜىٰ دَمࣸڧَرَّبࣸوࢽَ    کࣸىْ شِرِى غَاالࢽَّبِيْࢽَا,أَکِثٜي دَمࣸلَرَّبࣸوࢽَ  کࣸىْ شِرِى لَاالࢽَّبِيࢽَا
ࢽَىْ کِرَࢽْسَ بِسَاأمَاࢽَا    أࢽْکَثٜىٰ کَشِغࣸوْکَذَوْࢽَا,ࢽَيْ کِرَࢽْسَ بسَاأَمَاࢽَا  أࢽْکَثٜىٰ کَشِغࣸوْکَذَوْࢽَا
مَىْ ڢِتَرْدَهࣸࢽْ جَهَالَهْ   مࣸࢽْکِرَاکَ مࣸبَاکَ صَلَّهْ,بَىْ ڢِتَرْدَهࣸࢽْ جَهَالَهْ   مࣸࢽْ کِرَاْکَ مࣸبَاکَ صَلَّهْ
أࢽْکَ بَاشِ دࣸکَࢽْ عِبَادَا     دࣸوࢽْ شِکَامَࢽَ مَىْ عِبَادَا,أَࢽْکَ بَاشِ دࣸکَࢽْ عِبَادَا  دࣸوࢽْ شِکَامَࢽْ مࣸىْ عِبَادَا
إࢽْدَذَاشِ کِرَادَمࣸلکِ   شِى دَکࣸوْاأَکَبَاشِ أَيْکِ,إِࢽْدَذَاشِ کِرَادَحࣸلْکِ  شِي دَکࣸوْاْأَکَبَاشِ أَيْکِ
بَاشِ سࣸوࢽْ مَىْ ڟٜغࣸمِࢽْکَ   بَاشِ ذَرْغِࢽْ مَىْ يَبࣸوࢽْکَ,بَاشِ سࣸوࢽْ مَىْ ڟٜيٰغࣸمِࢽْکَ  بَاشِ ذَرْغِࢽْ مَيْ يَبࣸوࢽْکَ
دࣸوࢽْ بَاحيَالِࢽْسَ حَسَّدَابَا,دࣸوࢽْ يَالِࢽْسَ حَسَّدَابَا
رَبَّࢽَادࣸواْمِࢽْ مࣸحَمَّا    دࣸوࢽْ صَحَبَّىْ ࢽَىْ عࣸمࣸومََا,رَبَّࢽَادࣸواْمِࢽْ مࣸحَمَّا  دࣸوࢽْ صَحَبَّىْ ࢽَيْ عࣸمࣸومَا
ࢽَابَرَاثِ ذَمَااَلٜىٰمَرْ    شࣸوغَبَࢽْ بَايِى مࣸحَمَّا,ࢽَابَرَاثِ ذَمَاأَلٜيٰمَرْ  شࣸوْغَبَࢽْ بَايِي مࣸحَمَّا
يَاإلَهَ الْعَالَمِيࢽَ    تَيْمَکٜىٰمࣸ مࣸجٜىٰ مَدِيࢽَا,يَاإِلَهَ الْعَالَمِيࢽَ  تَيْمَکٜىٰمࣸ مࣸجٜىٰ مَدِيࢽَا
غࣸࢽْ مࣸحَمَّدࣸطَࢽْ أمِيࢽَا    رَبِّ رَࢽْمࣸ شِهࣸوثٜى ڧࣸوࢽَا,غࣸࢽْ مࣸحَمَّدࣸطَࢽْ أَمِࢽَا  رَبِّ رَࢽْمࣸ شِسࣸوثٜيٰ ڧࣸوࢽَا
ࢽَيْمَ يٜاࢽَاثِىٰ أَجࣸوجِ    سَىْ ࢽَسَامَتَ إِࢽَڢِرَاجِ,ࢽَيْمَ يَاࢽَاثٜيٰ أَبࣸوجِ  سَيْ ࢽَسَامَتَ إِࢽْڢِرَاجِ
على رسࣸول الله,على رسول الله
بِسْمِ اللهِ الرَّحْمَاࢽِ الرَّحِيم   وَصَلَّى اللهࣸ عَلَى الࢽَبِى الکَرِيمْ,بِسْمِ اللَّهِ الرَّحْمَلِ الرَّحِيمِ  وَصَلّى اللَّهࣸ عَلَى الࢽَّبِي الْکَرِيمِ
مَىْ سࣸوࢽْسَ بَذَىْ بَڧِࢽْ ثِکِيبَا,مَىْ سࣸوࢽْسَ بَذَيْ بَڧِࢽْ ثِکِيبَا
رَبِّ ࢽَاࢽࣸڢِ وَࢽْغَ وَاڧَا    تَيَبࣸواْࢽَسَ بَاࢽِڢَاڧَا,رَبِّ ࢽَاࢽࣸڢِ وَࢽْغَ وَاڧَا  تَيْبࣸواْࢽَسَ بَاࢽِڢَاڧَا
يَبِ الࢽَّبِ بَادَ سࣸࢽْکࣸيٜىٰبَا,يَبِ اَلࢽَّبِ بَادَ سࣸࢽْکࣸيٜيٰبَا
أَࢽْبَتࣸواْࢽَسَ يَاغَبَاتَ    ثَࢽْ غَأَتَّوْرَاکࣸهࣸوتَ,أَࢽْبَتࣸواْࢽَسَ يَاغَبَاتَ   ثَࢽْ غَأَثَّوْرَاکࣸهࣸوتَ
أࢽْ کَشٜىٰسࣸ ثِکِࢽْ جَهَالَهْ    مࣸوذࣸوَࢽْسَ تَزَمࣸ ڢِتِلَّهْ,أَࢽْ کَشٜيٰسࣸ ثِکِࢽْ جَهَالَهْ  مࣸوذࣸوَࢽْسَ تَزَمْ ڢِتِلَّهْ
طَࢽْ أَمِيْࢽَهْ مࣸࢽَايَبࣸوࢽْکَا    دَࢽْ مَڢِيڢِيثِࢽْ رَبࣸوࢽْکَا,طَࢽْ أَمِيْࢽَهْ مࣸࢽَايَبࣸوࢽْکَا  دَࢽْ مَڢِيڢِيْثِࢽْ رَبࣸوࢽْکَا
مَاسࣸ أيْکِࢽْ رَاڟٜىٰ حَࢽْيَا    ڧِيدَسࣸواْوَسࣸ سࣸࢽْ بِيَيَّا,مَسࣸ أثکِࢽْ رَاڟٜيٰ حَࢽْيَا ڧِيدَسࣸواْرَسࣸ سࣸࢽْ بَيْيَا
شِي مࣸتࣸمْ ࢽٜىٰ مَىْ لَطَاڢَا    کَٜࢽْ حَلِى دَجِکِي دَصِڢَّا,شِيْ مَتَمْࢽٜيٰ مَيْ لَطَاڢَا کَيِࢽْ حَلِي دَجِکِي دَصِڢَّا
غَيَوَࢽْ أزࣸمِى دَصَلَّه    تَيْمَکࣸوࢽْسَ شِࢽَاغَأللهْ,غَايَوَࢽْ أَزࣸمِي دَصَلَّه  تَيْمَکࣸوࢽْسَ شِࢽَاغَأَللهْ
بَࢽْ هَࢽࣸودࣸوࢽْ غِرْمَمَاوَا    ࢽَاسَࢽٜيٰ کٜيٰ ݣࣸويْ ݣࣸوبَاوَا,بَࢽْ هَࢽࣸودࣸوࢽْ غِرْمَيَمَاوَا ࢽَاسَࢽٜيٰ کٜيٰ کࣸرࣸࢽْ کࣸوبَاوَا
أَمَّࢽْ بَشِکَࢽْ تَکَبّࣸرَابَا,أَمَّࢽْ بَشِکَࢽْ تَکَبّࣸرَابَا
تࣸࢽْ بَيْ هَطَ شٜيٰکَرَابَݣࣸويْبَا,تࣸࢽْ بَيْ حَطَ غٜيٰکَرَابَکࣸويْبَا
بِࢽْمَ بِࢽْ حَڧِّࢽْ شَرِيْعا    ذَࢽْ يَبࣸوࢽْسَ يَزَمْ صَࢽَاعَا,ࢽِࢽْسَ بِࢽْحَڧِࢽْ شَرِيَعَا إِࢽْ يَبࣸوࢽْسَ يَزَمْ صَࢽَاعَا
ࢽَى يَبࣸوࢽْسَ ࢽَکٜىٰ لَزِمْتَا     يَاإشٜىٰ ࢽِبِيَࢽْ بࣸکَاتَا,ࢽِي بَبࣸوࢽْسَ ࢽَکٜيٰ لَزِࢽْتَا  يَاإشٜيٰࢽِ بِيَࢽْ بࣸکَاتَا
شِى مࣸتࣸمْ ࢽٜىٰ طَࢽْ مَلَالِ   غࣸࢽْ أࣸوَادَأࣸبَاغَهَالِ,شِي مࣸتࣸمْ ࢽٜىٰ طَࢽْ مَلَالِ  غࣸࢽْ أࣸوَادَأࣸبَاغَهَالِ
غࣸࢽْ ڟَيَاوَاکࣸوْاْجَمِيْلِ   وَِاسِطِيْࢽَا بَاطَوِيلِ,غࣸࢽْ ڟَيَاوَاکࣸوْاْجَمِيلِ  وَاسِطِيْࢽَابَاطَلِرِيࢽِ
بَاوَادَاࢽٜىٰ مَرَسْ ڟَيِبَا,بَاوَادَاࢽٜىٰ مَرَسْ ڟَيْبَا
دَࢽْ بَىْ تَبَٜ ڧَيالٜىٰ مَيْکِرَابَا,دَࢽْ بَيْ ࢽَبَ ڧَياٜيٰ مَيْکِرَابَا
سَࢽّࣸ ذَاݒَݒَّىٰࢽ مَأَيْکَا    أرْزِڧِيْࢽَاأَࢽْبَتࣸوࢽْکَا,سَࢽّࣸ ذَاݒَࢽٜىٰࢽ مَأَيْکَا أَرْزِڧِيࢽَاأَࢽْبَتࣸوࢽْکَا
بسم الله الرحمࢽ الرحيم صلى الله على الࢽبي الکريم,بسم الله الرِحمࢽ الرميم رصلى الله على النبى الکرَيَم
صلى الله عّلى حبيبه,لى اله على حببه
بَاشِ حࣸجَّا غَغࣸوبٜيٰ تَبَّتْ حَڧِيڧَا,بَاشِ حࣸجَّاغَغࣸوبٜيٰ تَبَّتْ حَڧِيڧََا
صلى الله عليه,صࢽالى الله عليه
شِدَّإِࢽْوَاغَغࣸوبٜيٰ تَبَّتْ حَڧِيڧَا,شِدَّإِࢽْوَاغَغࣸوبٜيٰ تَبَّتْ حَڧِيڧََا
شِيࣸوتَاکَࢽْثِ غࣸوبٜيٰ تَبَّتْ حَڧِيڧَا,شِيَوࣸتَاکَࢽْثِ غࣸوبٜيٰ تَبَّتْ حَڧِيڧََا
شِيکَ ڟِيرَا غغࣸوبٜيٰ تَبَّتْ حَڧِيڧََا,شِيکَ ڟِيرَاغَغࣸوبٜيٰ تَبَّتْ حَڧِيڧََا
سࣸوکَڧࣸوࢽَاغَغࣸوبٜيٰ تَبَّتْ حَڧِيڧََا,سࣸوکَڧࣸوغَاغَغࣸوبٜيٰ تَبَّتْ حَڧِيڧََا
سࣸوکَمࣸتْوَاغَغࣸوبٜيٰ تَبَّتْ حَڧِيڧََا,سࣸوکَمࣸتࣸوَاغَڧࣸوبٜيٰ تَبَّتْ حَڧِيڧََا
سࣸوکَيَاوࣸࢽْ وࣸتَاڢَ تَبَّتْ حَڧِيڧََا,سࣸوکَيَاوࣸࢽْ وࣸتَاڢَ تَبَّتْ حَڧِيڧََا
شِدَّکࣸرْڢࣸوغَغࣸوبٜيٰ تَبَّتْ حَڧِيڧََا,شِدَّکࣸرْڢࣸوغَغࣸوبٜيٰ تَبَّتْ حَڧِيڧََا
سࣸو کَطَوْکَتَّ غࣸوبٜيٰ تَبَّتْ حَڧِيڧََا,سࣸوکَطَوْکَتَّ غࣸوبٜيٰ تَبَّتْ حَڧِيڧََا
سࣸووࣸتَاکَࢽْثِ غࣸوبٜيٰ تَبَّتْ حَڧِيڧََا,سࣸࣸووࣸتَاکَࢽْثِ غࣸوبٜيٰ تَبَّتْ حَڧِيڧََا
غࣸوبٜيٰ أَࢽَبَيَّࢽَاسࣸ تَبَّتْ حَڧِيڧََا,غࣸوبٜيٰ أَࢽَ بَيَّࢽَاسࣸ تَبَّتْ حَڧِيڧََا
غࣸوبٜيٰ أَࢽَبَبّࣸغٜيٰسࣸ تَبَّتْ حَڧِيڧََا,غࣸوبٜيٰ أَࢽَ بࣸبّࣸغٜيٰسࣸ تَبَّتْ حَڧِيڧََا
سࣸووࣸتَاأَرَّبࣸࢽْسࣸ تَبَّتْ حَڧِيڧََا,سࣸووࣸتَاأَرَّبَࢽْسࣸ تَبَّتْ حَڧِيڧََا
ٰأَوْاَمَاࢽَاسࣸڧࣸوࢽَ تَبَّتْ حَڧِيڧََا,أَوْاَمَاࢽَاسࣸڧࣸوࢽَ تَبَّتْ حَڧِيڧََا
غࣸوبٜيٰ أَسࣸذࣸووࣸتَاڢَا تَبَّتْ حَڧِيڧََا,غࣸوبٜيٰ أَسࣸذࣸووࣸتَاتَتَيَّتْ حَڧِيڧََا
سࣸووࣸتَاکࢽْڢَڢِيغٜيٰ تَبَّتْ حَڧِيڧََا,سࣸووࣸتَاکَࢽࣸڢَ ڢِيغٜيٰ تَبَّتْ حَڧِيڧََا
دࣸکْ وࣸتَاذَاسࣸ غࣸوبٜيٰ تَبَّتْ حَڧِيڧََا,دࣸکْبࣸيتَاذَاسࣸ غࣸوبٜيٰ تَبَّتْ حَڧِيڧََا
غࣸوبٜيٰ أَتَ زَکَّثٜيٰسࣸ تَبَّتْ حَڧِيڧََا,غࣸوبٜيٰ أَتَ زَکَّثٜيٰسࣸ تَبَّتْ حَڧِيڧََا
غࣸوبٜيٰ أَࢽَ کَرْکَشٜيٰشِ تَبَّتْ حَڧِيڧََا,غࣸوبٜيٰ أَࢽَکَرْکَشٜيٰسࣸ تَبَّتْ حَڧِيڧََا
سࣸوأکَࢽْ طَمْرٜيٰ غࣸوبٜيٰ تَبَّتْ حَڧِيڧََا,سࣸوأَکَࢽْ طَمْرٜيٰ غࣸوبٜيٰ تَبَّتْ حَڧِيڧََا
غࣸوبٜيٰ أَࢽَاذَلَّلاتَ تَبَّتْ حَڧِيڧََا,غࣸوبٜيٰ أَࢽَاذَلَّلَاتَ تَبَّتْ حَڧِيڧََا
طَࢽْوࣸتَاࢽَاشِغوࢽَا تَبَّتْ حَڧِيڧََا,طَࢽْ وࣸتَاࢽَاشِڧࣸوࢽَاتَبَّتْ حَڧِيڧََا
بِسْمِ اللهِ الرَّحمَࢽِِِِ الرَّحيمِ صلَّى الله على الࢽَّبيِّ,بِسْمِ اِللَّهِ الرَّحْمَٰࢽِ الرَّحِيمِ صَلَّى اللَهࣸ عَلَى الࢽَّبِيِّ
وَاڧَرْ إِࢽْڢِرَاجِ تَڢَرْکࣸو,وَاڧَرْ إِࢽْڢِرَاجِ تَڢَرْکࣸو
الࢽَّاشِرࣸ أحَمَدࣸ التِجَاࢽِي  حَڢِظَهࣸ اللَّهࣸ,اَلࢽَّشِࢽْ أَحْمَدَالتِࢽࢽِ حَظََلَهࣸ
وَڢَّڧَࢽَااللَّهࣸ إِلَى مَايࣸحِبّࣸ ءَامِيࢽْ,وَڢَّڧَذَالَّهࣸ سِ ࣸوَايࣸحِبَّ اَمَِْ
الحَاجِ مَالَمْ عَلِيّࣸ ࢽَمَࢽَغِ,الْحَاجِ مَالَمْ عَلِيّࣸ ࢽَمْࢽَغِ
٣٧ يَامَجِيْ دࣸو ڧࣸࢽْ غَزَجّى  رَبَّࢽَا تَاثىِࢽ إِࢽْجى,٣٤يَامَجِي رࣸوڧࣸࢽْ غَزَجّٜيٰ  رَبَّࢽَاتَاشٜىٰࢽِ إِࢽْجٜىٰ
٣٨  إِࢽْ غَبَاتَـ دَغَيْسࣸوَاتَا  غࣸࢽْ مَڢِيڢِيثِࢽْ هَلِتَّا,٣٧ إِࢽْ غَبَاتَ دَغَيْسࣸوَاتَا  غࣸࢽْ مَڢِيڢِيثِࢽْ هَلِتَّا
يَا مَڟِيرَا يَامَدَاڢَا    يَامَحَبِى تَوْسْࢽْ مَهَيڢَا,٤يَامَڟِيرَايَامَدَاڢَا  يَامَبِى تَوْسَࢽْ مَهَيْڢَا
يَامَڟَامَࢽْ وَࢽْدَ يَاڢَا   طَازࣸرْڢِى بَامࣸ ڧࣸوْاڢَا,يَامَڟَامَرْوَࢽْدَيَاڢَا طَازࣸزࣸڢِي بَامࣸ ڧࣸوْاْڢَا
دَتَکى هَࢽّࣸࢽَکَ بَارࣸڢىوَ,دَتَکٜى هَࢽّࣸࢽْکَ بَارࣸڢٜيٰوَ
أَرْزِڧِࢽْسَ ڢَرِࢽْ جَکَادَا  وَࢽْدَ کى دَإسَا أڢَادَا,أَرْزِڧِࢽْسَ ڢَرِࢽْ جَکَادَا  وَࢽْدَکٜى دَإِسَاأَڢَادَا
هَرغࣸس ݒى بَمࣸىْ ذَمَࢽ دࣸهࣸوْبَا,هَرْغࣸربٜىٰ بَمࣸيْ ذَمَࢽْ دࣸهࣸوبَا
٤٧ رَبَّࢽَا يَکِرَاکَ کَاجى  إࢽْدَ يَاوَى وَࢽَدَيَاجى,٤٤رَبَّࢽَا يَکِرَاکَ کَاجٜىٰ  إِࢽْدَبَاوَࢽِ وَࢽْدَيَابٜيٰ
کࣸوْادَزࣸوثِ ثِکِࢽْ مَزَاجى   کَيْدَ تَاکَلمِࢽْکَ کَابى,کࣸواْدَزࣸوثِ ثِکِࢽْ مَزَاجي کَيْدَتَاکَࢽِمِࢽْکَ کَابَيٰ
وَࢽْدَ يَىْ ڟࣸوْرِِ يَکَوْدَا  کَࢽْسَ يَاتَا ݒىٰ دَوَࢽْدَا,وَࢽْدَيَيْ ڟَوْرِي يَکَوْدَا کَࢽْسَ يَاتَابٜىٰ دَوَࢽْدَا
بَأَمَى عَدَدِࢽْ أَبِࢽْ کِرَابَا,بَأَمَىْ عَدَدِࢽْ أَبِࢽْ کِرَابَا
رَࢽْ غࣸوىى بَمࣸى بَڧِࢽ ثِکِيْبَا,رَࢽْ غࣸوبٜىٰ بَمࣸىْ بَڧِࢽْ ثِکِيبَا
دࣸوࢽْ بَامَا لِࢽْسَ يَوْدَرَابَا,دࣸوࢽْ بَاحَالِࢽْسَ يَوْدَرَابَا
٦١ سَࢽّࣸ مَىْ ڢࣸسْکَا سَکَکٰٜى  وَࢽْدَيَاڢِ وَتَاغَهَسْکٜىٰ,١١سَࢽّࣸ مَيْ ڢࣸسْکَامَکَکٜي  وَࢽْدَيَاڢِ وَتَ غَهَسْکٜى
دࣸواْمِࢽْ عِلِمِࢽْمࣸ بَيْ يَوَابَا,دࣸواْمِࢽْ عِلِمِࢽْمࣸ بَىْ يَوَابَا
٦٣ يَاإِلَهِ العَالَمِيْࢽَ  تَيْمَکىمࣸ مࣸجى مَدِيْࢽَا,٣١يَإِتَه الْعَالَمِيࢽَ   تَيْمَکٜىمࣸ مࣸجٜى مَدِيࢽَا
٦٤ وَࢽْغَ تَالِيڢِى دَکࣸࢽࣸجِ  وَاڧَࢽ وَاڧىࢽ مَاسࣸ ثَاجِ,٤٤وَࢽْغَ تَالِيڢِي دَکࣸࢽْجِ  وَاڧٜى وَاڧٜىٰ مَاسࣸ ثَاجِ
مَىْ بِࢽْتَ بَذَيْ بَڧِࢽْ ثِکِيبَا,مَيْ بِࢽْتَ بَذَيْ بَڧِࢽْ ثِکِيبَا
اَلْحَجِ مَالَمْ عَلِيّࣸ ࢽَمَࢽْغِ,الْحَاجِ مَالَمْ عَلِيّࣸ ࢽَمَࢽْغِ
بِسْمِ اللَّهِ الرَّحْمَاࢽِ الرَّحِيم   وَصَلَّى اللَّهࣸ الࢽَّبِي الْمَکرِيمِ,بِسْمِ اِللَّهِ اِلرَّحْمَالِ الرَّحِيمِ  وَصَلَّى اللَّهࣸ عَلَى الࢽَّبِيّ اِلࢽْدَکَرِيمِ
وَعَلَى ءَالِهِ وَصَحبِهِ وَسَلَّمَ,وَعَلَىٰ ءَالِهِ وَصَحْبِهِ وَسَلَّمَ؞
١ بِسْمِ اللَّهِ الْمَجِيْدِ    ࢽَىْ ࢽࣸڢِࢽْ وَاڧَا بَدِيدِ,١بِسْمِ اللَّهِ اِلمَجِيدِ ࢽَىْ ࢽࣸڢِࢽْ وَاڧَابَدِيدِإِ
٢ رَبَّࢽَا يَدَطِࢽْ أَمِࢽْثِي   غࣸࢽْ مَڢِيْڢِيْثِࢽْ مࣸتࣸࢽْثِي,٢رَبَّࢽَايَدَطِࢽْ أَمِࢽْثِي غࣸࢽْ مَڢِيْڢِيْثِࢽْ مࣸتࣸࢽْثِي
مَࢽْ إِࢽْتَا دَإِدࣸوْ إِࢽْدࣸوْبَا   إِࢽْغَ کࣸورَࢽْࢽَࢽْ تَکَعࣸبَا,مَرْإِࢽْتَادَإِدࣸوْ إِࢽْدࣸوبَا  إِࢽْغَ کࣸورَࢽْࢽَࢽْ تَکَعࣸبَا
٦ يَاإِلَهَ الْعَالَمِيࢽَ   ࢽࣸيمَکـࢽ إِࢽْجي مَدِيࢽَا,يَاإِلَمَ الْعَالَمِيࢽَ  تَيْمَکٜىٰࢽِ إِࢽْجٜى مَدِيࢽَا
غࣸࢽْ کࣸثبوَ ࢽَّࢽ دَࢽࣸورَا   تَثِکَا ثِي ࢽَمَࢽ بࣸشَارَا,غࣸࢽْ کࣸشٜيٰوَࢽَّࢽْ دَࢽࣸورَا  تَثِکَاشِ ࢽَمَيْ بࣸشَارَا
٨ کَاجِ مَي وَاڧَرْ مࣸلࣸولࣸ   تࣸوبَ زَࢽْکِ يَبࣸوࢽْ رَسࣸولࣸ,٤کَاجِ مَىْ وَاڧَرْحࣸلࣸولࣸ  تࣸوبَ زَࢽْکِ يَبࣸوࢽْ رَسࣸولࣸ
وَࢽْدَ يَاڧِ رࣸوَࢽْ ذࣸمَاأغࣸمْبَا,وَࢽْدَيَاڢِ رࣸوَࢽْ ذࣸمَاأَغࣸمْبَا
يَاأَبࣸوکِيࢽَاأَثِيمِ   إࢽْ کَسࣸواْکَزَمࣸواْمَلِيمِ,يَاأَبࣸوکِيࢽَاأَثِيمِ  إِࢽْ کَسࣸواْکَرَمࣸواْ مَلِيمِ
١٣ عَاعَ إࢽْ بَکَ مَيزٜيٰبَا  غَسْکِيَا بَتَسَاڢِتَابَا,١٤عَاعَإࢽْ بَکَ مَيَزٜيٰبَا   غَسْکِيَابَتَسَاڢِتَابَا
تَمْڢَرْ بَسࣸ غَاجِ کَࢽْغَرَابَا,تَمْڢَرْبَسࣸ غَاجِ کَࢽْغَرَابَا
١٧  بَاشِ رࣸواْوْا دَࢽْ ڧِيَيَّا  أَࢽْيَ سَمّࣸ غَمِيدَ ثِࢽْيَا,١ بَاشِ رࣸواْوَادَࢽْ ڧِيَيَّا  أَࢽْيِ سَمّࣸ غَمِيدَثِࢽْيَا
يَثِ بَـ بِسَ کَࢽْ رَشِࢽْ سَࢽِيبَا,يَثِ بَابِسَ کَࢽْ رَشِࢽْ سَࢽِيبَا
١٨  هَࢽࣸکَلِࢽْسَ شِࢽَا غَأَللَّهْ  بَيْ کࣸلاَ بَـ مَرَسْ کَسَالَهْ,١١هَࢽْکَلِࢽْسَ شِࢽَاغَأَللَّهْ  بَيْ کࣸلَا بَ مَرَسْ کَسَالَهْ
٢١ رَبَّࢽَايَاکٜيٰبٜ بَاوَا     ࢽَيْ مَڢِيڢِيثِࢽْ مࣸرࣸوَا,١١رَبَّࢽَايَاکٜيٰبِ بَاوَا  ࢽَيْ مَڢِيڢِيثِࢽْ مࣸرࣸوَا
دࣸوبَࢽْشِ دَکَيْ بَشِى يوَابَا,دࣸوبَࢽْشِ دَکَىْ بَشِى يَوَابَا
کࣸورجِࢽِي مَى ڟࣸوارَتَزوَا   ࢽَاغَ الࢽَّبِ غَاعࣸلّࣸوَا,کࣸورْجِࢽِي مَىْ ڟࣸواْرَتَرْوَا   ࢽَاغَ اَلࢽَّبِ غَاعࣸلّࣸوَا
٢٨ دࣸکـ مَسࣸورَحَمَه يَبِيشِ  تࣸتّࣸرَايَ مَايَايِ ࢽِيْشِي,٢٧دࣸکْ مَسࣸورَحَمَهْ يَبِيشِ  تࣸبّࣸرٜى مَايَايِ ࢽِيشِ
بِسْمِ اللَّهِ الَّحَمَاࢽِ الرَّحِيمِ صَلَّى اللَّه عَلَى ࢽَبِيِّ الکَرِيمِ,بِسْمِ اِللَّهِ اِلرَّحْمَٰࢽِ اِلرَّحِيمِ صَلَّى اللَّهࣸ عَلَى ࢽَبِࢽِّ اِلْکَرِيمِ
ڢَڧَالَ الشاڢعي رضي الله عࢽه,ڢڧال الشَاڢعى رِضى الله عࢽه
وَشريکه أبوبکر مسعود وڧاهماالله,وشريکه ابوبکر مسعودوڧاهماالله
وإࢽ تخالطهم ڧالوا به طمع  أو إࢽ تجاࢽبهم ڧالوا به الملل,وإࢽ تخالظهم ڧالوابه طمع   أواࢽ تجاࢽبهم ڧالوابه الملل
وإࢽ تعڢڢت عࢽ اموالهم کرما  ڧالوا غࢽي وِࢽ تسالهم بخلوا,وإࢽ تعڢڢت عࢽ اموالهم کرما   ڧالواغࢽي وإࢽ تسالهم بخلوا
بِسْمِ اَللَّهْ اَلرَّحْمَࢽِٰ اَلرَّحِيمِ وَصلى اَللَّهࣸ عَلى الࢽَّبِييِّ اَلکَرِيمِ,بِسْمِ اللَّهِ الرَّحْمَٰࢽِ الرَّحِيمِ وَصَلَّى اَللَّهࣸ عَلى الࢽَّبِيِّ الْکَرِيمِ
بِسمِ اِللَّهِ اِلرَّحْمَٰࢽِ اِلرَّحِيمِ  وَصَلَّى اللَّهࣸ عَلَىٰ الࢽَّبِيِ الْکَرِيمِ,بِسْمِ اِللَّهِ اِلرَّحْمَٰࢽِ اِلرَّحِيمِ وَصَلَّى اللَّهْ عَلَى الࢽَّبِيِ الْکَرِيمِ
الصَّلاَةࣸ وَالسَّلَامࣸ عَلَىٰ رَسࣸولِ اللَّه,اَلصَّلَاةࣸ وَالسَّلَامࣸ  لَىٰ رَسࣸوࢽِ اللَّهِ
بِسْمِ اللَّهِ الرَّحْمٰࢽِ الرَّحِيمِ   وَصَلَّى اللَّهࣸ عَلَى الࢽَّبِيِّ اِلْکَرِيمِ؞,بِسْمِ الَّهِ َرَّحْمَٰࢽِ اِلرَّحِيمِ وَصَلَّى اللَّهࣸ عَلَى الࢽَّبِيِّ اِلکَرِيمِ؞
کࣸࢽْجِ مَذاجٜيٰ کَرْکࣸڧِيَامَࢽِ  کࣸلࣸورَدَدࣸکْ ڢَرْکࣸࢽْ مَّغَࢽَاتَا,کࣸࢽْجِ مَذَاجٜيٰ کَرْکࣸڧِيَامَࢽِ کࣸلࣸورَادَدࣸکْ ڢَرْکࣸࢽْ مَّڧَࢽَاتَا
هَٰذَاالْکِتَابࣸ اَلْحَاجِ مَالَمْ عَلِيّࣸ,هَٰذَاالْکِتَابࣸ اَلْحَاجِ مَالَمْ عَلِيّࣸ
أَرࣸوَاتَاڢَرْمَ کࣸواْکࣸواْ    ڧَرڧَشࢽْ ڧَسَ إࢽْ تَکࣸرْطَواْ,أَرࣸوَاتَاڢَرْمَ کࣸواْکࣸواْ ڧَرْڧَشِࢽْ ڧَسَ إِࢽْ تَکࣸرْطَواْ
سࣸوࣸثى مَࢽْيَࢽْ غࣸرَاجى  بَابࣸ مَىْ بَايَادَڧَوْجى,سْࣸوࣸثٜيٰ مَࢽْيَࢽْ غَرَاجىٰ  بَابࣸ مَيْ بَايَادَڧَوْجٜيٰ
سَى کَثى بَاذَاسࣸ لَاخِرَابَا,سَيْ کَشِࢽٜيٰ بَاذَاسࣸ لَاخِرَابَا
يَوْإِࢽَاسَرْکِرْ مࣸسࣸلْمِى  بَىٰلّࣸواْکࣸوا عَبْدࣸالْکَرِيمِ,يَوْإِࢽَاسَرْکِࢽْ مࣸسࣸلْمِي  بٰٜلّࣸواْ کࣸوا عَبْدࣸالْکَرِيمِ
يَأَسَࢽْ طَىَ وَࢽْدَيَارَغىبَا,بَأَسَࢽْ طَࢽَ وَࢽْدَيَارَغٜي بَا
عࣸمَرࣸࢽْ دَلَّاجࣸ کࣸوْارَو    يَامَثٜىٰ أَکࣸمَاسِ سَلَّوْ,عࣸمَرَࢽْ دَلَّاجࣸ کࣸوْارَو  يَامَثٜيٰ عَکࣸمَاسِ سَلّࣸوْ
سࣸ عَبَاشٜىٰ إࢽَاعَلِىَ بَبَّا,سࣸ عَبَاشٜىٰ إِࢽَاعَلِيَ بَبَّا
رَبِّ مࣸࢽْ رࣸوْڧٜىٰکَ اَللهْ     دَࢽْ اِسَࢽْ اَزࣸمِى دَصَلَّا,رَبِّد مࣸࢽْ رࣸوْڧٜيٰکَ اَللهْ  دَࢽْ إِسَرْ أَزࣸمِي دَصَلَّا
بَيْ بَرْسَابࣸوࢽْ اࣸبَࢽْغِجِى بَا,بَيْ بَرْسَابࣸوࢽْ أࣸبَࢽْغِجِى بَا
بَتَ بَرْکࣸ کࣸوَيْغَ لَاخِرَابَا,بَتَ بَرْکࣸ کࣸوَيْغَ لَاخِرَابَا
سࣸوْىَ تَتَّبَرࣸودَکَاجِى    کࣸوْمِيَرتَوشٜىٰ دَغࣸوجِى,سࣸواْيَ تَتَّبَرࣸودَکَاجِي کࣸواْمِيَرْتَوْشٜيٰ دَغࣸوجِي
سَيْ دَجِࢽْ وَعَظِي کَࢽِيْسَا   کَيْ ذࣸغࣸمْ بَيْسَاکَڢَاسَا,سَيْ دَجِࢽْ وَعَظِي کَࢽِيسَا   کَيْ ذࣸغࣸمْيَيْسَاکَڢَاسَا
أَيْکِࢽْ سَاݒࣸوࢽْ أࣸبَࢽْ غِجِيبَا,أَيْکِࢽْ سَابࣸوࢽْ أࣸبَࢽْ غِجِيبَا
بَکࣸ دَيْࢽَ أَبِࢽْدَيَيْ هَࢽِيبَا,بَکࣸ دَيْࢽَ أَبِࢽْدَبَيْ هَࢽِييبَا
کَاڢِري کࣸواکࣸواشَڧِيِّ    مَاسࣸ سَمْبَاتࣸو أَلَايِ,کَاڢِرِي کࣸواْکࣸواشَڧِيِّ  مَاسࣸ سَمْبَاتࣸوأَلَايِ
بَسࣸ کࣸوْيْکࣸويِ مَاسࣸ هَيْلَابَا,بَسࣸ کࣸوْيْکࣸويِ مَاسࣸ هَيْڢَلَابَا
سࣸࢽْڢِ جِࢽْ مغَࢽَرْشَرَار   مَيْ ڢَطَامَسࣸ ذَاسࣸ ڧَبْرِ,سࣸࢽْڢِ جِࢽْ مَغَتَرْشَرَر  مَىْ ڢَطَامَسࣸ ذَاسَ ڧَبْرِ
شِيدَدَتِّيْجࣸࢽْ مِرَاعَا    غَامَڢِي مࣸوࢽِࢽْ طَبِيعَا,شِيدَدَتِّيْجࣸࢽْ مِرَاعَا غَامَڢِي مࣸوࢽِࢽْ طَبِيعَا
مࣸࢽْ کࣸمَ مࣸࢽْ رࣸوڧِ سَرْکِ  ذَاالْجَلَالِ کَبَامࣸ ڟَرْکِ,مࣸࢽْ کࣸمَ مࣸࢽْ رࣸوڧِ سَرْکِ  ذَاالْجَلَالِ کَبَامࣸ ڟَرْکِ
تَمْکَرْبَأَتَارَ ࢳَࢽْ أَدَمْ بَا,تَمْکَرْبَأَتَارَࢳَࢽْ أَدَمْ بَا
دَغَرِࢽْ سَيْ مَاسࣸ إِيْکࣸواْ    يَࢽْذࣸبَاکࣸواْ مَاسࣸ تَرْکࣸواْ,دَغَرِࢽْ سَىْ مَاسࣸ إِيْکࣸواْ يَࢽْذࣸبَاکࣸواْ مَاسࣸ تَرْکࣸواْ
دَࢽْدَلِࢽْوࣸ ࢽَثِࢽْ أَبِࢽْثِ   بَابࣸ کࣸواْ وَسَيْ کࣸمࣸرْثِ,دَࢽْدَلِࢽْسࣸ ࢽَثِࢽْ أَبِࢽْثِ بَابࣸ کࣸواْوَسَيْ کࣸمࣸرْثِ
طَاکࣸࢽَࢽْسࣸ دَِلَا کَبَرثِ   دَاتَࢽَارِڧࣸࢽْ أَمِࢽْثِ,طَاکࣸࢽَࢽْسࣸ دِلَاکَبَرْثِ  دَاتَࢽَادَرِڧࣸࢽْ أَمِࢽْثِ
يَامثٜيٰ هَرْطَࢽْسَ يࣸࢽْڢَ    تࣸࢽدَدَي مَࢽْيَࢽْ خَلِيڢَهْ,يَامَثٜيٰ هَرْطَࢽْسَ يࣸࢽْڢَ  تࣸࢽْدَيْ مَࢽْيَࢽْ خَلِيڢَهْ
طَࢽْ أࣸوَارِڧَيِ دَلࣸورَا   بَاع ثِيمَتَ کَوْ دَبَارَا,طَࢽْ أࣸوَارِڧَيِ دَلࣸورَا بَاعَ ثِيمَتَ کَوْدَبَارَا
سَادࣸرࣸورࣸوَا ݒَاتَ هِيرَا     کࣸواغِدَࢽْ غَڢِيَادَݒٜي رَا,سَاکࣸرࣸورࣸوَبَاتَ هِيرَا کࣸواْغِدَࢽْ غَڢِيَادَݒٜيٰ رَا
إِت بَاتَارَرْتَ لَاڢِيَابَا,إِتَ بَاتَارَرْتَ لَاڢِيَابَا
تࣸࢽْدَدَيْ مࣸکَ سَࢽْ أَکࣸويْتَ   بَامࣸ شَکَّرْأَوْکࣸوْرْتْ,تࣸࢽْدَدَيْ مࣸکَ سَࢽْ أَکࣸويْتَ  بَامࣸ شࣸکَّرْ أَوْکࣸوَرْتَ
سَيْ مࣸدَيْࢽَ ڢَطِࢽْ حَلِࢽْتَ   ࢳَيْ أࣸوَا مَيِ تَتَّلِࢽْتَ,سَيْ مࣸدَيْࢽَ ڢَطِࢽْ حَلِࢽْتَ   ࢳَࢽْ أࣸوَامَيِ تَتَّلِࢽْتَ
تࣸࢽْ رَيْ بَيْکَيْغَ تَوَّڢَابَا,تࣸࢽْ رَيْ بَيْکَيْغَ ࢽَوَّ بَابَا
شَيْخࣸࢽَاعَبْدࣸالرَّوءࣸڢࣸ  تࣸࢽْ إِࢽَا يَارࣸواْ ضَعِيڢِ,شَيْخࣸࢽَاعَبْدࣸالرَّوࣸوڢِ  تࣸࢽْ إِࢽَايَارࣸواْ ضَعِيڢِ
بَيْ بَرْجِ ثِکِࢽْ هَکࣸوکࣸوْابَا,بَيْ بَرْڧِ ثِکِرْ هَکࣸوکࣸوَابَا
شِي سَࢽِي تَمْکَرْ أࣸوَاࢽٜيٰ    غࣸࢽْ مَرَايࣸو کࣸواأࣸبَاࢽٜيٰ,شِي سَࢽِي تَمْکَرْأࣸوَاࢽٜيٰ غࣸࢽْ مَرَايࣸوکࣸواْأࣸبَاࢽٜيٰ
إِࢽْکَسَامࣸ سَࢽِي رِڧٜيٰشِ   کَمَ دَڧَرْڢِࢽْ کَرْکَ بَرْشِ,إِࢽْ کَسَاسࣸ حَڧِي رِڧٜيٰشِ کَمَ دَڧَرْڢِࢽ کَرْکِمشِ
کࣸوامٜيٰ وَهَّلَا ڧَزَامَا  رࣸࢽْغࣸمٜيٰ عِلْمِي أَدَامَا,کࣸواْمٜيٰ وَهَلَاڧَزَامَا رࣸࢽْغࣸمٜيٰ عِلْمِي أَدَامَا
اَلࢽَّاشِرࣸأَحْمَدࣸ اَلتِّجَاࢽِي حَڢِظَهࣸ اللَّهࣸ وَڢَّڧْࢽَااَللَّهࣸ,اَلࢽَّاشِرࣸأَحْمَدࣸاَلثِّجَاࢽِي حَڢِظَهࣸ اللَهࣸ وَڢَّڧْࢽَااَللَّهࣸ
إِلَىٰ مَايَحِبّࣸءَامِيࢽْ .. بِإِذْࢽِ الْمࣸوَلِّڢࣸ,إِىٰ مَايَحِبّࣸ ءَامِيࢽْ. بِإِذْࢽِ ِْمࣸوَلِّڢࣸ
هَٰذَاالْکَتَابࣸ اَلْحَاجِ مَالَمْ عَلِيّࣸ,هَذَاالْکِتَابࣸ اَلْحَاجِ مَالَمْ عَلِيّࣸ
ࢳࢽْعࣸوَاسࣸکَ تَمْبَيٰٜࢽِ   مࣸيْوَوَاڧَرْ تَامࣸ ڟَاࢽِي,ࢳَࢽْعࣸوَاسࣸکَ تَمْبَيٜيٰࢽِ  مࣸيْوَوَاڧَرْتَامࣸ ڟَاࢽِي
سَاإدࣸࢽْ ࢽَڟࣸوَادَدࣸوبَا    دࣸوࢽِيَابَمࣸ ذࣸوذَامَابَا,سَاإِدࣸࢽْ ࢽَڟࣸوَادَدࣸوبَا دࣸوࢽِيَابَمࣸ ذࣸوْذَمَابَا
دࣸوبِ خَيْرِاِلْخَلْڧِ إِمْبَا   وَوْتَا دَرَشِࢽْ ࢽَڟࣸوبَا,دࣸوبِ خَيْرࣸاِلْخَلْڧِ إِمْبَا  وَوْتَادَرَشِࢽْ ࢽَڟࣸوبَا
مَيْتࣸڧٜيٰ مَسَ حَمْزَرِࢽْسَ    تَاکَڟٜيٰ ڟَارَرَکِࢽْسَ,مَيْتࣸڧٜىٰ مَسَ حَمْزَرِࢽْسَ  تَاکَڟٜىٰ ڟَارَرَکِࢽْسَ
جِࢽْجِرِي أَثِکِࢽْ أࣸوَرْسَ  أَࢽْ کِرْا تِيلَسْ يَأَمْسَ,جِࢽْجِرِي أَثِکِࢽْ أࣸوَرْسَ  أَࢽْ کِرَاتِيْلَسْ يَأمْسَ
تَيْ ݒَرِي بَيْ ذَمْࢽَ دࣸوࢽِيَا,تَيْ بَرِي بَيْ ذَمْࢽَ دࣸوࢽِيَابَا
غَاکَ مَيْوْعَدِي دَطَطّٜيٰ   مٜيٰ يَسَاوَاوَا کَرࣸوطٜيٰ,غَاکَ مَيْوَعَدِي دَطَطّٜيٰ  مٜيٰ يَسَاوَاوَاکَرࣸوطٜيٰ
تࣸࢽْ کَࢽَايَارࣸواْأَڟࣸمَّا    کٜيٰ ڢَطِࢽْ مࣸتࣸوَاکَغِرْمَا,تࣸࢽْ کَࢽَايࣸارࣸواْأَڟࣸمَّا  کٜيٰ ڢَطِࢽْ مࣸتࣸوَاکَغِرْمَا
وَيْ أَثِيٰ مَکَ مَيْ سࣸکࣸوࢽِي   زࣸوثِيَاکࣸوْاْبَايَڧِکيࢽِ,وَيْ أَثٜيٰ مَکَ مَيْ سࣸکࣸوࢽِي زࣸوثِيَاکࣸوْاْبَايَڧِيࢽِ
مٜيٰ يَسَاکَ يَوَيْتَ هࣸوامَا    کࣸوْتࣸوࣸاْدَڢࣸرَادَࢽَامَا,مٜيٰ يَسَاکَ يَوَيْتَ هࣸواْمَا کࣸوتࣸوࣸاْدَڢࣸرَادَࢽَامَا
سَيْ کَشَاکَثِ کَيْ ࢽِشَاطِي   کَاسࣸوَا تَاذࣸواْ دَبࣸوطِي,سَيْ کَشَاکَثِ کَيْ ࢽِشَاطِي کَاسࣸوَاتَاذࣸواْدَبࣸوطِي
ࢽٜيٰمِ تَوحِيدِ کَذَاکَ   سَࢽْ سࣸأَلْوَضࣸا دࣸکْ دَوّࢽْکَ,ࢽٜيٰمِ تَوْحِيدِ کَذَاکَ سَࢽْ سࣸأَلْوَضࣸادࣸکْ دَوَࢽْکَ
تࣸࢽْ بَأَأّيْکࣸواْ مَلَا ءِکَابَا,تࣸࢽْ بَأَأَيْکࣸواْ مَلَاءِکَابَا
کَارࣸݒيٰ ڟࣸوڟَاتَشَرْبَا    يَࢽْذࣸمٜي يَفِ کࣸيْوکَذَابَاکࣸي,کَارࣸبٜيٰ ڟࣸوڟَاتَشَرْبَا يَࢽْذࣸمٜيٰ يَڢِ کࣸيْوکَذَابَا
دَعِبَادَاتَيْ بَکَيْ مࣸسࣸوبَا,دَعِبَادَاتَيْ بَکَيْ مࣸسࣸوبَا
کَارِڧࣸوْوَعَدِي غَأَللَّهْ   ذَاکَيِࢽْ أَزࣸمِيٰ دَصَلَّا,کَارِڧࣸوْوَعَدِي غَأَللهْ  ذَاکَيِࢽْ أَزࣸمِيْ دَصَلَّا
وَࢽْدَبࣸيْيِ غَمࣸࢽْ کَتَرْبَا    بَاشِ کࣸواْسَامࣸࢽْ إِجَابَا,وَࢽْدَبࣸيْيِ غَمࣸࢽْ کَتَرْبَا بَاشِ کࣸواْسَامࣸࢽْ إِجَابَا
تࣸࢽْدَدَيْ بَاذَيْيِ تَمْبَيَابَا,تࣸࢽْدَدَىْ بَاذَيْڧِ تَمْبَيَابَا
غِرْمَࢽْ بَاذَي وَاتَابَکّࣸويْبَا,غِرْمَࢽْ بَاذَيْ وَتَابَکࣸورْبَا
سَيِّدِاِلْوَرَا إِࢽْ کَغَاࢽٜيٰ     کَاغَ شَيْطَاࢽَࢽْ مࣸتࣸاࢽٜيٰ,سَيِّدِْوَرَ إِࢽْ کَغَاࢽٜيٰ کَاغَ شَيْطَاࢽَࢽْ مࣸتَاࢽٜيٰ
غَࢽِࢽْ إِدࣸوبَيْيِ ڢَاٱءِدَابَا,غَࢽِࢽْ إِدࣸوبَيْيِ ڢَاءِدَابَا
کَرْکَبَامࣸتࣸوَا أَمِࢽْثِي    کࣸواْوَادَکࣸواوَادࣸوࢽْ تَلَوْثِي,کَرْکَبَامࣸتَوَاأَمِࢽْثِي کࣸواْوَادَکࣸواْوَادࣸوࢽْ تَتَوْࢽَ
إِࢽْتَذࣸواْبَاڟَيْڟَيَاوَا   کواْدَڧࣸاشِ کࣸواْدَيِࢽْوَا,إِࢽْتَذࣸواْ بَاڟَيْڟَيَاوَا کࣸواْدَڧࣸواشِ کࣸواْدَيِࢽْوَا
تَاڢِ کࣸواْمِي ڟࣸواْرَتَرْوَا    طَالِبِي هَرْمَيْ سّࢽَرْوَا,تَاهِ کࣸواْمِ کࣸوارَتَرْوَا  طَاڢِبِي سَرْمَࢽْ سَࢽَرْوَا
بَأَسَࢽْ طَيْ وَࢽْدَتَارَغٜيٰبَا,بَأَسَࢽْ طَيْ وَࢽْدَتَارَغٜيٰبَا
مَيْ کࣸطِي کࣸواْ مَيْ سَرَوْتَا   کࣸوْوَاࢽٜيٰ يَجِ تَمْبّرِࢽْتَا,مَيْ کࣸطِي کࣸوامَيْ سَرَوْتَا  کࣸوْوَࢽٜيٰ يَجِ تَمْبَرِࢽْتَا
إِتَ بَاتَارَتَّ لَاڢِيَابَا,إِتَ بَاتَارَتَ لَاڢِيَابَا
تَارٜيٰ دَيْ کࣸکٜيٰ کࣸوْإِࢽَاࢽٜي    کࣸواْکَࢽَاتَڢٜيٰ کࣸواْ أَذَوْࢽٜيٰ,تَارٜيٰ دَيْ کࣸکٜيٰ کࣸوْإِࢽَاࢽٜيٰ کࣸواْکَࢽَاتَڢٜيٰ کࣸواْأَذَوْࢽٜيٰ
بَاتَ کࣸࢽْيَرْ کࣸوْسࣸوَاࢽٜيٰ   دَاتَࢽَادَمَکَࢽْغَرِيࢽٜيٰ,بَاتَ کࣸࢽْيَرْکࣸوْسࣸوَاࢽٜيٰ   دَاتَࢽَادَمَکَࢽْغَرِيࢽٜيٰ
