ImageID,Label,Notes,GroundTruth,Prediction,ImagePath,Timestamp,CER,WER
A_Letter_to_Malam_Ƙalarawi_Wasiƙa_zuwa_ga_Malam_Lawan_Ƙalarawi.pdf_page_1_line_001,Script mismatch (non-Arabic),,#718,#,../data/ajami-prepared-no-partial-leak/train/A_Letter_to_Malam_Ƙalarawi_Wasiƙa_zuwa_ga_Malam_Lawan_Ƙalarawi.pdf_page_1_line_001.png,2025-12-19T13:12:18,1.0,1.0
A_Letter_to_Malam_Ƙalarawi_Wasiƙa_zuwa_ga_Malam_Lawan_Ƙalarawi.pdf_page_1_line_003,Valid but hard,,بسم الله,ࢽم الله,../data/ajami-prepared-no-partial-leak/train/A_Letter_to_Malam_Ƙalarawi_Wasiƙa_zuwa_ga_Malam_Lawan_Ƙalarawi.pdf_page_1_line_003.png,2025-11-19T21:25:49,0.25,0.5
A_Letter_to_Malam_Ƙalarawi_Wasiƙa_zuwa_ga_Malam_Lawan_Ƙalarawi.pdf_page_1_line_006,Valid but hard,,اَلْحَجِّ اَلحَسَࢽْ بࣸࢽࣸ تَاتَا کَࢽࣸو اللَّهࣸمَّ أغْڢِرْهࣸ,اَلْحَجِّ الْحَسَࢽْ بࣸࢽࣸ تَاࢽَاکَࢽࣸواَللَهࣸلمَّ أَغْڢِرْهࣸ,../data/ajami-prepared-no-partial-leak/train/A_Letter_to_Malam_Ƙalarawi_Wasiƙa_zuwa_ga_Malam_Lawan_Ƙalarawi.pdf_page_1_line_006.png,2025-11-19T23:14:07,0.1379310344827586,0.7142857142857143
A_Letter_to_Malam_Ƙalarawi_Wasiƙa_zuwa_ga_Malam_Lawan_Ƙalarawi.pdf_page_1_line_015,Valid but hard,,صَوَابَ بِسْمِ اِللهِ,صوَابَ بمِ لللى,../data/ajami-prepared-no-partial-leak/train/A_Letter_to_Malam_Ƙalarawi_Wasiƙa_zuwa_ga_Malam_Lawan_Ƙalarawi.pdf_page_1_line_015.png,2025-11-18T10:40:19,0.5714285714285714,1.0
A_Person_with_a_Livelihood_Will_Never_Be_Destitute_Mai_Sanaa_Ba_Ya_Tsiya.pdf_page_1_line_001,Valid but hard,,إِسمِ هذِهِ اِلشِعْرِ بِکَلِمَةِ اِلْعَجَمِ,إِسْمِ هَزِهِ اسِّعْرَ بِکَلِْمَةِ اِلعَجْمِ,../data/ajami-prepared-no-partial-leak/train/A_Person_with_a_Livelihood_Will_Never_Be_Destitute_Mai_Sanaa_Ba_Ya_Tsiya.pdf_page_1_line_001.png,2025-11-18T10:11:45,0.2790697674418604,0.8
A_Person_with_a_Livelihood_Will_Never_Be_Destitute_Mai_Sanaa_Ba_Ya_Tsiya.pdf_page_1_line_002,Valid but hard,,مَيْ صَࢽَاعَ بَايَا ڟِيَا,مِوَ مَيْ صَࢽَاعَ بَابَاڟِيَا,../data/ajami-prepared-no-partial-leak/train/A_Person_with_a_Livelihood_Will_Never_Be_Destitute_Mai_Sanaa_Ba_Ya_Tsiya.pdf_page_1_line_002.png,2025-11-18T10:42:12,0.04,0.5
A_Person_with_a_Livelihood_Will_Never_Be_Destitute_Mai_Sanaa_Ba_Ya_Tsiya.pdf_page_1_line_006,Orientation error,,ڧَالَ عَلَيْهِ اِلصَّلاَت وَالسَّلاَمࣸ إِࢽَّ مِࢽَ الشِّعْرِ لَحِکْمَةِِ,ࢽَࢽَࢽَࢽَ َ َ لِ,../data/ajami-prepared-no-partial-leak/train/A_Person_with_a_Livelihood_Will_Never_Be_Destitute_Mai_Sanaa_Ba_Ya_Tsiya.pdf_page_1_line_006.png,2025-11-19T20:59:07,0.676056338028169,1.125
A_Person_with_a_Livelihood_Will_Never_Be_Destitute_Mai_Sanaa_Ba_Ya_Tsiya.pdf_page_1_line_007,Orientation error,,إِࢽْظࣸرْ ڢَهَذِهِ صَࢽَا عَةࣸ الْمࣸوَلِڢࣸإِࢽْ شَاءاَللَّهࣸ الْکَرِِيمِ,ࢽَࢽِࢽَࢽَّࢽَࢽَ َ َلِ,../data/ajami-prepared-no-partial-leak/train/A_Person_with_a_Livelihood_Will_Never_Be_Destitute_Mai_Sanaa_Ba_Ya_Tsiya.pdf_page_1_line_007.png,2025-11-19T21:00:57,0.7246376811594203,1.0
A_Person_with_a_Livelihood_Will_Never_Be_Destitute_Mai_Sanaa_Ba_Ya_Tsiya.pdf_page_1_line_008,Valid but hard,,ألࢽَّاشِرࣸ مࣸعَلِمࣸ أَمِيࢽࣸ ࢽَبَابَࢽْ عِࢽْدَا کَࢽࣸو يَلْوَا وَلاَيَجࣸوزࣸ طَبْعࣸهَا لِأحَدِِ إِلَّا بِإذْࢽْ,أَلࢽَّاشِرࣸمࣸعَلَّمْ أَمِيࢽࣸ ࢽَبَابَࢽْ عِࢽْدَاعَࢽࣸويَلْوَاوَلَايَجࣸوزࣸطَبْعࣸمَاغَاِحَدِ إِللَّبِذِ,../data/ajami-prepared-no-partial-leak/train/A_Person_with_a_Livelihood_Will_Never_Be_Destitute_Mai_Sanaa_Ba_Ya_Tsiya.pdf_page_1_line_008.png,2025-11-19T21:29:29,0.1886792452830188,0.8333333333333334
A_Person_with_a_Livelihood_Will_Never_Be_Destitute_Mai_Sanaa_Ba_Ya_Tsiya.pdf_page_2_line_001,Wrong transcription,بِسْمِ اِللّهِ اِلرَّحْمَࢽِ اِلرَّحِيمِ صَلَّى  اِللّهِ عَلَى سَيِّدِࢽَا مࣸحَمَّدِِ وَءالِهِ وصَحْبِهِ وَسَلِّمْ partial,بِسْمِ اِلرَّحْمَاࢽِ اِلرَّحِيمِ صَلَّى سَيِّدِࢽَا مࣸحَمَّدِِ وَءالِهِ وصَحْبِهِ وَسَلِّمْ,بِسْمِ اِللّهِ ِلرَّحْمَࢽِ لرّحِيمِ صَلَّ اللََّࣸ عَلَى سَيِّدِࢽَا مࣸحَمَّدِوَءَالِهِ وَصَحْبِهِ وَسَلِّي,../data/ajami-prepared-no-partial-leak/train/A_Person_with_a_Livelihood_Will_Never_Be_Destitute_Mai_Sanaa_Ba_Ya_Tsiya.pdf_page_2_line_001.png,2025-12-19T12:14:16,0.3555555555555555,1.1111111111111112
A_Person_with_a_Livelihood_Will_Never_Be_Destitute_Mai_Sanaa_Ba_Ya_Tsiya.pdf_page_3_line_005,Wrong transcription,إِࢽْ کَابَاشِ کَاغَ کَاسَابٜٜي اَللَّهْ إࢽْکحَࢽَاشِ کَابِي ڧَوْلِࢽْ شَرِعَ partial,إِࢽْ کَابَاشِ کَاغَ کَاسَابٜٜي اَللَّهْ إࢽْکحَࢽَاشِ کَابِي شَرِعَ,إِࢽْ کَابَاشِ کَاغَ کَاسَابِ أَللَّهْ إࢽْکَحَࢽَاشِ کَابِ ڧَوْلِࢽْ شرِعَ,../data/ajami-prepared-no-partial-leak/train/A_Person_with_a_Livelihood_Will_Never_Be_Destitute_Mai_Sanaa_Ba_Ya_Tsiya.pdf_page_3_line_005.png,2025-12-19T12:26:50,0.2,0.5
A_Person_with_a_Livelihood_Will_Never_Be_Destitute_Mai_Sanaa_Ba_Ya_Tsiya.pdf_page_3_line_009,Valid but hard,,تَڢِي وࣸوڢِي بَذَࢽْ عَبو تَا دَکَيْبَا دَࢽْ ࢽّٜي باࢽِسَࢽْ مَرَرْطَبِي عَا,تَڢِي وࣸوڢِي بَذَࢽْ عَبࣸوتَادَکَيْبَا دَࢽْ ࢽِّ بَاࢽِسَࢽْ مَرَرْکٜࢽْ طَبِي عَ,../data/ajami-prepared-no-partial-leak/train/A_Person_with_a_Livelihood_Will_Never_Be_Destitute_Mai_Sanaa_Ba_Ya_Tsiya.pdf_page_3_line_009.png,2025-11-19T23:03:32,0.1917808219178082,0.7272727272727273
A_Person_with_a_Livelihood_Will_Never_Be_Destitute_Mai_Sanaa_Ba_Ya_Tsiya.pdf_page_5_line_014,Valid but hard,,کَرکَيِى دَودࣸکࣸࢽْغَ کَرکَيِ کَوَلْثِ کّرکَيِى کَࢽذَغِࢽْ کِطَاکࣸيِى صَࢽَاءَ,کَرْکࣸيِى دَودࣸ کࣸࢽْغَ کَرْکࣸيِى کَوَلْثِ کَرْکࣸيِي کَࢽْدَغِࢽْکِطَاکࣸيِي صَࢽَاءَ,../data/ajami-prepared-no-partial-leak/train/A_Person_with_a_Livelihood_Will_Never_Be_Destitute_Mai_Sanaa_Ba_Ya_Tsiya.pdf_page_5_line_014.png,2025-11-18T10:14:10,0.2051282051282051,0.875
A_Person_with_a_Livelihood_Will_Never_Be_Destitute_Mai_Sanaa_Ba_Ya_Tsiya.pdf_page_6_line_019,Valid but hard,,مَىْ بَࢽْ ثِࢽْ دَرَاࢽَادَڧِيِو شِيدَىْ بَارَبࢽْسَ بَيَاصَࢽَاعَ,مَىْ بَرْثِࢽْ دَرٜي دَرَاࢽَادَڧِيىِ شِيدَيْ بَارَبَࢽْسَ بَايَاصَࢽَاعَ,../data/ajami-prepared-no-partial-leak/train/A_Person_with_a_Livelihood_Will_Never_Be_Destitute_Mai_Sanaa_Ba_Ya_Tsiya.pdf_page_6_line_019.png,2025-11-19T22:09:55,0.2461538461538461,1.0
A_Person_with_a_Livelihood_Will_Never_Be_Destitute_Mai_Sanaa_Ba_Ya_Tsiya.pdf_page_6_line_020,Valid but hard,,ࢽى,ࢽي,../data/ajami-prepared-no-partial-leak/train/A_Person_with_a_Livelihood_Will_Never_Be_Destitute_Mai_Sanaa_Ba_Ya_Tsiya.pdf_page_6_line_020.png,2025-11-18T09:59:46,0.5,1.0
A_Person_with_a_Livelihood_Will_Never_Be_Destitute_Mai_Sanaa_Ba_Ya_Tsiya.pdf_page_7_line_019,Wrong transcription,بڧلم معلم يارزحکاي يلوا partial,بڧلم ياحکاي يلوارو,بڧلم معلم يارزحکاي يلوا,../data/ajami-prepared-no-partial-leak/train/A_Person_with_a_Livelihood_Will_Never_Be_Destitute_Mai_Sanaa_Ba_Ya_Tsiya.pdf_page_7_line_019.png,2025-12-19T12:09:02,0.3888888888888889,1.3333333333333333
A_Person_with_a_Livelihood_Will_Never_Be_Destitute_Mai_Sanaa_Ba_Ya_Tsiya.pdf_page_8_line_001,Script mismatch (non-Arabic),,(29) Hausa poetry,وهH ausa pر,../data/ajami-prepared-no-partial-leak/train/A_Person_with_a_Livelihood_Will_Never_Be_Destitute_Mai_Sanaa_Ba_Ya_Tsiya.pdf_page_8_line_001.png,2025-11-19T20:26:45,0.4117647058823529,0.6
A_Person_with_a_Livelihood_Will_Never_Be_Destitute_Mai_Sanaa_Ba_Ya_Tsiya.pdf_page_8_line_003,Script mismatch (non-Arabic),,Mai Sana'a ba ya Tsiya,Mداaک ab'هnaa اa,../data/ajami-prepared-no-partial-leak/train/A_Person_with_a_Livelihood_Will_Never_Be_Destitute_Mai_Sanaa_Ba_Ya_Tsiya.pdf_page_8_line_003.png,2025-11-19T20:13:49,0.5454545454545454,1.0
A_Person_with_a_Livelihood_Will_Never_Be_Destitute_Mai_Sanaa_Ba_Ya_Tsiya.pdf_page_8_line_004,Script mismatch (non-Arabic),,1388,ڢ8,../data/ajami-prepared-no-partial-leak/train/A_Person_with_a_Livelihood_Will_Never_Be_Destitute_Mai_Sanaa_Ba_Ya_Tsiya.pdf_page_8_line_004.png,2025-12-19T13:12:21,0.5,1.0
A_Poem_in_Honor_of_the_Emir_of_Kano_Waƙar_Sarkin_Kano.pdf_page_1_line_002,Valid but hard,,أمير کࢽوأتاࢽا يوم سبت أتاࢽا عالم,اميرکࢽوااتاࢽا بوم سببت اتاࢽاعالم,../data/ajami-prepared-no-partial-leak/train/A_Poem_in_Honor_of_the_Emir_of_Kano_Waƙar_Sarkin_Kano.pdf_page_1_line_002.png,2025-11-19T21:25:53,0.25,0.8333333333333334
A_Poem_in_Honor_of_the_Emir_of_Kano_Waƙar_Sarkin_Kano.pdf_page_1_line_010,Valid but hard,,بࢽا إࢽغلࢽ تي أرزڧي دَکجٜيٰمتَا ڢسروࢽياتاثاش دࢽ غرمࢽکا,بَࢽَااࢽڧل تى ارزِڧِي دَکَجٜيٰمَتَا ڢِسَرࣸوࢽَيَاتَاثَاشَ دَࢽْ غِرمَࢽْکَا,../data/ajami-prepared-no-partial-leak/train/A_Poem_in_Honor_of_the_Emir_of_Kano_Waƙar_Sarkin_Kano.pdf_page_1_line_010.png,2025-11-18T10:39:50,0.1851851851851851,0.75
A_Poem_in_Honor_of_the_Emir_of_Kano_Waƙar_Sarkin_Kano.pdf_page_1_line_011,Valid but hard,,مࢽ يَّࢽْ ࢽصاري بِتْرکِ بِرْࢽِيسࣸ حرجِهْبِذِࢽْسࣸ دَلله ذࣸوَاکَلࣸࢽْکَا,مَࢽ يَّࢽْ ࢽَصَارَى بِتْرِکِ بِرْࢽِيࢽَسࣸ حَرْجِهْبِذِࢽْسࣸ دَللِم ذࣸوَاکَلࢽْکَا,../data/ajami-prepared-no-partial-leak/train/A_Poem_in_Honor_of_the_Emir_of_Kano_Waƙar_Sarkin_Kano.pdf_page_1_line_011.png,2025-11-20T08:52:09,0.1739130434782608,0.75
A_Poem_in_Honor_of_the_Emir_of_Kano_Waƙar_Sarkin_Kano.pdf_page_1_line_014,Orientation error,,عبد الوهاب,,../data/ajami-prepared-no-partial-leak/train/A_Poem_in_Honor_of_the_Emir_of_Kano_Waƙar_Sarkin_Kano.pdf_page_1_line_014.png,2025-11-19T20:54:27,0.9,1.0
A_Poem_in_Honor_of_the_Emir_of_Kano_Waƙar_Sarkin_Kano.pdf_page_1_line_015,Orientation error,,ءادم مࣸلاکٜيٰ,ل,../data/ajami-prepared-no-partial-leak/train/A_Poem_in_Honor_of_the_Emir_of_Kano_Waƙar_Sarkin_Kano.pdf_page_1_line_015.png,2025-11-19T20:58:03,1.0,1.0
A_Poem_on_Adultery_Waƙar_Zina.pdf_page_1_line_004,Valid but hard,,عِذَابَاتَا الله اَرَࢽَرْ الڧِيَامَا تَعَلَى دَيَيࣸوتَ دࣸࢽمِيْذِࢽَا,عَذَابَاتَالله أَرَاࢽَاالڧِيَامَا تَعَلى دَيَيوتَ دَࢽَمَيذَࢽَا,../data/ajami-prepared-no-partial-leak/train/A_Poem_on_Adultery_Waƙar_Zina.pdf_page_1_line_004.png,2025-11-18T10:44:36,0.1304347826086956,0.7142857142857143
A_Poem_on_Adultery_Waƙar_Zina.pdf_page_1_line_005,Valid but hard,,کَسَࢽ مَيذِࢽَاشيْکَ غَابَادَالله دَيَک مࣸحمديَيࣸوزِࢽَا,کࣸسَࢽْ مَيْذَࢽَا شِيکَ غَابَادَاللهْ دَيکَ مࣸحمديَيࣸوزࢽَا,../data/ajami-prepared-no-partial-leak/train/A_Poem_on_Adultery_Waƙar_Zina.pdf_page_1_line_005.png,2025-11-18T10:45:34,0.1052631578947368,0.6
A_Poem_on_Adultery_Waƙar_Zina.pdf_page_1_line_006,Valid but hard,,دَيَيَࢽْک ڧَمࢽَاطَکَاࢽِى دَالله اࢽَاوَمَکَومَاغَمَى يزِࢽَا,دَبِيَࢽْکَ ڧَمْࢽَا طَکَاࢽِي دَالله إِࢽَاوَ مَکࣸومَاغَمَࢽيِزِࢽَا,../data/ajami-prepared-no-partial-leak/train/A_Poem_on_Adultery_Waƙar_Zina.pdf_page_1_line_006.png,2025-11-19T21:47:53,0.1967213114754098,0.8
A_Poem_on_Adultery_Waƙar_Zina.pdf_page_1_line_007,Valid but hard,,تَعَلى شِتࣸوبى شِࢽ شِيَڢَاسَغيࢽٜى ذَمَابَابَ طَلڧى غَمَى يࢽْزِࢽَا,تَعَلى شِتࣸويࢽ ش شيڢاسَڧيبى ذَمَابَابَ طَلْڧي غَمَى يٜࢽزِࢽَا,../data/ajami-prepared-no-partial-leak/train/A_Poem_on_Adultery_Waƙar_Zina.pdf_page_1_line_007.png,2025-11-18T10:45:06,0.2205882352941176,0.75
A_Poem_on_Adultery_Waƙar_Zina.pdf_page_1_line_008,Valid but hard,,دَبَاشِࢽْ دَطَلڧى بَلٜى الْوَضى کࣸسَࢽْ بَابَ صَلَاغَمَى زِࢽَا,دَبَاشࣸ دَطَلغِى بلٜى الوضِى کࣸسَࢽ بَابِ صَلاغَمِى زِࢽَا,../data/ajami-prepared-no-partial-leak/train/A_Poem_on_Adultery_Waƙar_Zina.pdf_page_1_line_008.png,2025-11-18T10:13:19,0.15625,0.75
A_Poem_on_Adultery_Waƙar_Zina.pdf_page_1_line_011,Valid but hard,,ڢَحَالࢽسرياذمعبوجَرَبَاوا ذَمَاثِࢽْ عَماَࢽَاغَمِىِ زࢽَا,ڢَحَالِسْࢽ يَاذَمَعࣸبِࢽ جَرَبَاوَا ذَمَاشِ عَمَاࢽَاغَمِي زِࢽَا,../data/ajami-prepared-no-partial-leak/train/A_Poem_on_Adultery_Waƙar_Zina.pdf_page_1_line_011.png,2025-11-18T10:04:23,0.3275862068965517,1.5
A_Poem_on_Adultery_Waƙar_Zina.pdf_page_1_line_014,Valid but hard,,َِِاَبࢽثى ابࢽشاحَرامَ غريسࣸ ࢽى اِدَࢽْ يَࢽغَتࣸوبَاشِࢽَايࢽ زࢽَا,اَبِࢽثي أَبِࢽشَاحَرامࣸ غَرِيسࣸ ل إدَࢽْ يَغࣸتࣸوبَاشِࢽَايࢽ زِࢽَا,../data/ajami-prepared-no-partial-leak/train/A_Poem_on_Adultery_Waƙar_Zina.pdf_page_1_line_014.png,2025-11-19T21:11:57,0.390625,1.0
A_Poem_on_Adultery_Waƙar_Zina.pdf_page_1_line_016,Segmentation error,,کَلَامِسَࢽ اِࢽ يَيِعبِࢽ ڧريَتَاوَا ذَمَاغَسکِياتَى کَدَࢽمِيزِࢽَا,کَلَامِسࣸࢽ إِࢽْ يَيِعَبِࢽْ ڧࣸرْيࣸتَاوَا ذَمَاغَسَکِيَاتَي کَدِࢽمِيزِࢽَا,../data/ajami-prepared-no-partial-leak/train/A_Poem_on_Adultery_Waƙar_Zina.pdf_page_1_line_016.png,2025-11-19T22:37:07,0.1940298507462686,1.3333333333333333
A_Poem_on_Adultery_Waƙar_Zina.pdf_page_1_line_017,Segmentation error,,ذمَاشِࢽ بَتࣸى شِکࣸࢽْ ࢽَاشِࢽ يَکى دَبَابࣸ عِبَادَاغمِى زِࢽَا,ذَمَاشِ بَشَّي شِکࣸࢽْ ࢽَاشِ أَيکࣸي دَبَابࣸ عِبَادَاغَمِى زِࢽِي,../data/ajami-prepared-no-partial-leak/train/A_Poem_on_Adultery_Waƙar_Zina.pdf_page_1_line_017.png,2025-11-19T21:29:19,0.2258064516129032,0.875
A_Poem_on_Adultery_Waƙar_Zina.pdf_page_1_line_020,Valid but hard,,ڢَسࣸࢽٜبَرْتَعَالى تعالى شىٜرس اࢽَاسࢽک کومَا مࣸتَاࢽٜى زِࢽَا,ڢَسࣸࢽࢽَبَرْࢽعالي تعالي شبرس اࢽَاسࢽک کࣸومَامࣸتَاࢽٜي زِࢽَا,../data/ajami-prepared-no-partial-leak/train/A_Poem_on_Adultery_Waƙar_Zina.pdf_page_1_line_020.png,2025-11-19T22:11:31,0.2586206896551724,0.8571428571428571
A_Poem_on_Adultery_Waƙar_Zina.pdf_page_1_line_021,Segmentation error,,بَسࣸࢽغ مࣸحمدرَاࢽ الڧِيَامَا بَسࣸ سَامِ ثٜى تومࣸتاࢽٜى زِࢽَا,بَسࣸࢽْغَ ࢽَحَمَدرٜاࢽ الغِيامَاَبَسࣸ سَامِ ثٜي تࣸومࣸتَاࢽٜي ࢽزِزِا,../data/ajami-prepared-no-partial-leak/train/A_Poem_on_Adultery_Waƙar_Zina.pdf_page_1_line_021.png,2025-11-19T21:15:13,0.3709677419354839,0.875
A_Poem_on_Adultery_Waƙar_Zina.pdf_page_1_line_022,Segmentation error,,مِجࢽَࢽْ مَاتَاشِکࢽ مِى ڧِيَامَا دَشيڢ دَمَات دسࣸࢽْکَى زࢽَا,مࣸتَاࢽٜى کَبَرْسࣸ کَککَرْمِي ڧَيامِࢽ دَشٜيوْ دَمَاتَ دَࢽٜى زِࢽَاࢽَا,../data/ajami-prepared-no-partial-leak/train/A_Poem_on_Adultery_Waƙar_Zina.pdf_page_1_line_022.png,2025-11-18T10:38:19,0.5081967213114754,1.0
A_Poem_on_Adultery_Waƙar_Zina.pdf_page_1_line_024,Segmentation error,,ڢَمࣸࢽْرࣸوکِ الله تعالى کَرِيمࣸ شڢِشٜى م طَارمࣸتاࢽى زِࢽَا,ڢَمࣸࢽْبࣸوکِ اليْحِ رَذِلى کَرِيمࣸ شَڢشى مِ ڟَرِيتَاࢽى زِࢽَا,../data/ajami-prepared-no-partial-leak/train/A_Poem_on_Adultery_Waƙar_Zina.pdf_page_1_line_024.png,2025-11-19T21:10:12,0.5423728813559322,0.875
A_Poem_on_Adultery_Waƙar_Zina.pdf_page_1_line_025,Segmentation error,,صَدَيْددَڧَيحِ رَضِيع دَغَى ڢَسࣸوَاَکَشَادَمࣸتَاࢽٜى زِࢽَا,تَدَيْدَدَڧَࢽْخِ رَضِيغِ دَدغَي ڢَسࣸواکَشِادَمࣸتَاࢽٜي زِࢽَا,../data/ajami-prepared-no-partial-leak/train/A_Poem_on_Adultery_Waƙar_Zina.pdf_page_1_line_025.png,2025-11-19T21:42:39,0.3166666666666666,0.8
A_Poem_on_Adultery_Waƙar_Zina.pdf_page_1_line_026,Segmentation error,,تَࢽَابَاتَ اَيکِࢽْ ࢽَعرْࢽَ دَکَىِ کطرثِِ عَذَابَاکࣸبَر يِࢽْ زِࢽَا,تروکَ تَعالى شڢرْتَ دَکَىيَا کَطَرْثِ عَداَمࣸکَاࢽٜى رزࢽَا,../data/ajami-prepared-no-partial-leak/train/A_Poem_on_Adultery_Waƙar_Zina.pdf_page_1_line_026.png,2025-11-18T10:38:54,0.3382352941176471,1.0
A_Poem_on_Adultery_Waƙar_Zina.pdf_page_1_line_027,Valid but hard,,مروک تَعالى شِبَيشٜى م حَيَا مࣸبَرْکَاڢرثِ مࣸبَر يࢽْ زࢽَا,مࣸرࣸوکِ تَعَالِࢽ شبِيشٜي مَ حَيَا مࣸبرکَاڢَرث مَبريࢽْ زِࢽَا,../data/ajami-prepared-no-partial-leak/train/A_Poem_on_Adultery_Waƙar_Zina.pdf_page_1_line_027.png,2025-11-19T21:11:30,0.2950819672131147,0.7777777777777778
A_Poem_on_Adultery_Waƙar_Zina.pdf_page_1_line_029,Segmentation error,,ادَࢽ ذَاَکَ اَمْرِى کَبَرْکَاڢِرا عِدَࢽْ مࣸومِࢽِيࢽ شبَرميزࢽَا,إِدَࢽْ ذَاکَ أَمْرِي کَبَرْکَاڢِرَا عِدَࢽْ مࣸومِࢽِيࢽْ شِبرْمِيࢽْࢽَا,../data/ajami-prepared-no-partial-leak/train/A_Poem_on_Adultery_Waƙar_Zina.pdf_page_1_line_029.png,2025-11-19T21:41:23,0.28125,1.1428571428571428
A_Poem_on_Adultery_Waƙar_Zina.pdf_page_1_line_031,Valid but hard,part of paper not there,بسم الله الرحمٰࢽ الرحيم,ببومࢽ الرخيم,../data/ajami-prepared-no-partial-leak/train/A_Poem_on_Adultery_Waƙar_Zina.pdf_page_1_line_031.png,2025-11-19T20:23:59,0.6521739130434783,1.0
A_Poem_on_Adultery_Waƙar_Zina.pdf_page_2_line_001,Valid but hard,,تعالى کريم دَغَرِ مِࢽْکَ الله کڢٜشي مࣸ کَمَيَا مࣸتَاࢽٜي زِࢽَا,تعالࢽ کريم دغرمزک الࢽه کڢشي م کميامتاࢽٜي زِࢽا,../data/ajami-prepared-no-partial-leak/train/A_Poem_on_Adultery_Waƙar_Zina.pdf_page_2_line_001.png,2025-11-19T21:11:41,0.2580645161290322,0.7
A_Poem_on_Adultery_Waƙar_Zina.pdf_page_2_line_003,Valid but hard,,إِدَࢽْ بَاضَرࣸورَا کَبَرْ سࣸࢽْ ڧَتَارَا ذَمَابَابࣸ کٜيوࣸ دَمَيْيِࢽْ زِࢽَا,اِدَࢽْ بَاضِرࣸورَاکَبَرْسْکࣸ ڧَتَارَا ذَمَايَابࣸ کِي وࣸدَمَيِيِࢽْ زِࢽَا,../data/ajami-prepared-no-partial-leak/train/A_Poem_on_Adultery_Waƙar_Zina.pdf_page_2_line_003.png,2025-11-19T20:07:05,0.1486486486486486,0.5555555555555556
A_Poem_on_Adultery_Waƙar_Zina.pdf_page_2_line_005,Valid but hard,,أَبِࢽْ ثٜي أَبِࢽْ شَاکْبَرْتَيْمَکَاشِ شِبَرْ سَاتَڢَاڢِࢽْکَ مَيْٜࢽ زِِࢽَا,اَبَࢽ ثِى ابَࢽْ شَاکَبَر تيمَکَاش شِبَرْࢽَاتَڢَاڢِࢽْکَࢽ مِي زِࢽَا,../data/ajami-prepared-no-partial-leak/train/A_Poem_on_Adultery_Waƙar_Zina.pdf_page_2_line_005.png,2025-11-18T10:42:07,0.1973684210526315,1.0
A_Poem_on_Adultery_Waƙar_Zina.pdf_page_2_line_006,Valid but hard,,کَذَاتَا کَلْمَا کَذَاسڢٜدࢽْکَا کࣸبَرِبَاشِ سَࢽْ شَࢽَايٜࢽْ زِࢽَا,کࣸذَاتَاکَلمِاکَذَاسِڢٜدِࢽْکَا کࣸبَࢽْ بَاشِ کَاسٜࢽْ شࢽَايِࢽْ زِࢽَا,../data/ajami-prepared-no-partial-leak/train/A_Poem_on_Adultery_Waƙar_Zina.pdf_page_2_line_006.png,2025-11-19T21:25:46,0.2461538461538461,0.8571428571428571
A_Poem_on_Adultery_Waƙar_Zina.pdf_page_2_line_008,Valid but hard,,مࣸثَالَ کَمَاتٜي مِثَال ࢽَجٜسْ کَࢽَاسࣸࢽْ ڢَطَلْکَيْ کٜٜر مِيزِࢽَا,مِثَالَ کَمَاتَيْ مِثِࢽ ࢽَجِسْ کَࢽَاسࣸ ڢَطَلکَي کٜرمِيزَِا,../data/ajami-prepared-no-partial-leak/train/A_Poem_on_Adultery_Waƙar_Zina.pdf_page_2_line_008.png,2025-11-19T22:00:04,0.2878787878787879,0.875
A_Poem_on_Adultery_Waƙar_Zina.pdf_page_2_line_009,Valid but hard,,ذَمَادَي رࣸوࢽَ دَࢽْکَيْ ࢽࣸجَسَ بِسَ وَࢽْکَ دࣸودَا ࢽَمِييِࢽْ زِࢽَا,ذَمَادَمْ رࣸوࢽَ دَکࣸوࢽْکَࢽْ ࢽَجَسَ بِ وَࢽْکَ دࣸودَاتَمِييِࢽ زِࢽَا,../data/ajami-prepared-no-partial-leak/train/A_Poem_on_Adultery_Waƙar_Zina.pdf_page_2_line_009.png,2025-11-19T22:39:02,0.2537313432835821,0.8888888888888888
A_Poem_on_Adultery_Waƙar_Zina.pdf_page_2_line_014,Valid but hard,,بَکَاسࣸوأثٜي کَيامࣸࢽْثِي دَسࣸوبَا أدَوࣸمِࢽْ مَکࣸومَاتَمٜييࢽْ زِࢽَا,بِکَاسࣸواثٜࢽ کَيامࣸࢽثي دَسࣸوبَا ادَومَࢽْ مࣸکࣸوماتمييࢽ زِࢽَا,../data/ajami-prepared-no-partial-leak/train/A_Poem_on_Adultery_Waƙar_Zina.pdf_page_2_line_014.png,2025-11-19T22:20:31,0.2835820895522388,0.8333333333333334
A_Poem_on_Adultery_Waƙar_Zina.pdf_page_2_line_015,Valid but hard,,إدَࢽْ سَࢽْڢَتࣸو بَاکَسࣸو کَغَࢽٜي سࣸ سࣸکَوشَ دَذِ لاࣸمْتَاࢽٜي زِࢽَا,ادَࢽْ سࣸࢽڢَتࣸوبَا کَسࣸوکَغَࢽٜى سࣸ سࣸکࣸوشَْ دَذِلاَمࣸتَاࢽٜى زِࢽَا,../data/ajami-prepared-no-partial-leak/train/A_Poem_on_Adultery_Waƙar_Zina.pdf_page_2_line_015.png,2025-11-18T10:13:58,0.1343283582089552,0.7777777777777778
A_Poem_on_Adultery_Waƙar_Zina.pdf_page_2_line_020,Valid but hard,,مِثَالِ بَکَࢽْ يَࢽْمَذَا دࣸدَمَاتَا عَوَادٜي عَثٜي تࣸو کَذࣸوکَيزِࢽَا,مࣸثَالِ بکَࢽْ يࢽْࢽذَادَکَ دَمَاتَا عࣸوادَيْ عَثٜي تࣸوکَذࣸوکِيزِࢽَا,../data/ajami-prepared-no-partial-leak/train/A_Poem_on_Adultery_Waƙar_Zina.pdf_page_2_line_020.png,2025-11-19T21:37:21,0.2318840579710145,0.75
A_Poem_on_Adultery_Waƙar_Zina.pdf_page_2_line_021,Valid but hard,,إدَࢽ بَاکَ اَيکوطَرٜى غِدَࢽْکَ دَبَاکَدَعِيکࣸࢽ حࢽَاوَزࢽَا,ادَࢽْ بَاکَ ايَکࣸوطَرٜي غِدَࢽْکَ دَبَاکَدَعِيکࣸࢽ حَࢽَاوَ زِࢽَا,../data/ajami-prepared-no-partial-leak/train/A_Poem_on_Adultery_Waƙar_Zina.pdf_page_2_line_021.png,2025-11-19T20:08:43,0.1333333333333333,0.6666666666666666
A_Poem_on_Adultery_Waƙar_Zina.pdf_page_2_line_023,Valid but hard,,مࣸࢽَاغࣸودِالله شِکࢽ وَࢽْ غَوَکَا دَرࣸوکࣸوغَاالله مࣸبَريِࢽ زِࢽَا,مࣸࢽَاغࣸودِ اللَه شِکَࢽْ وَرْغَوَاکَاه دَرࣸوکࣸوغَاالله مࣸبَرْيِࢽْ زِࢽَا,../data/ajami-prepared-no-partial-leak/train/A_Poem_on_Adultery_Waƙar_Zina.pdf_page_2_line_023.png,2025-11-19T23:12:06,0.1384615384615384,0.7142857142857143
A_Poem_on_Adultery_Waƙar_Zina.pdf_page_2_line_024,Valid but hard,,مࣸࢽاغودِاللهَ مࣸࢽايِࢽ صلاتِى مࣸذَابِى مࣸحمدمبريࢽْ زِࢽَا,مࣸࢽَاغࣸودِالله مࣸࢽَايِࢽ صَلَاتِى مࣸذَابِى مࣸحَمدمࣸبَريࢽْ زࢽَا,../data/ajami-prepared-no-partial-leak/train/A_Poem_on_Adultery_Waƙar_Zina.pdf_page_2_line_024.png,2025-11-18T10:14:31,0.2758620689655172,1.0
A_Poem_on_Adultery_Waƙar_Zina.pdf_page_2_line_025,Valid but hard,,کَأمسَ غَتࣸوبَمّࣸ يَارَبَّࢽَا دَبَازَمࣸ کࣸومَابَ اَکِࢽ زِࢽَا,کَأَمْسَࢽ غَتࣸوبَمࣸ يَارَبَا دَبَازَمࣸ کࣸومَابَ أَيْکِࢽْ زِࢽَا,../data/ajami-prepared-no-partial-leak/train/A_Poem_on_Adultery_Waƙar_Zina.pdf_page_2_line_025.png,2025-11-19T22:39:36,0.1746031746031746,0.7142857142857143
A_Poem_on_Adultery_Waƙar_Zina.pdf_page_2_line_027,Segmentation error,,ذَمَࢽ کَوأبࣸوکى دَمَاتَرْأبࣸوکِى غَدَاکِى غࣸدَاࣸکاجِ وࢽَّࢽ زِࢽَا,ذَمَࢽْ کَواَبࣸوکِي دَمَاࢽَ تَرْأَبࣸوطِ غَدَاکِي عَدَاکَاجِ وَࢽَࢽْ زِࢽَا,../data/ajami-prepared-no-partial-leak/train/A_Poem_on_Adultery_Waƙar_Zina.pdf_page_2_line_027.png,2025-11-18T10:10:19,0.2388059701492537,0.8571428571428571
A_Poem_on_Adultery_Waƙar_Zina.pdf_page_2_line_030,Valid but hard,,سࣸدَوکࣸوَامَريَاذࣸوَاعࢽدَاَࢽ غَو غَتَارࣸسࣸ کواࢽڢاتيزࢽَا,سࣸدَوکࣸوأَمَرْيَاذࣸوَاعِࢽْدَاࢽْ غࣸو غَتَارࣸسࣸ کࣸواࢽڢاتَيَزْࢽَا,../data/ajami-prepared-no-partial-leak/train/A_Poem_on_Adultery_Waƙar_Zina.pdf_page_2_line_030.png,2025-11-19T21:59:02,0.293103448275862,1.0
A_Poem_on_Friends_and_Relations_Waƙar_Ƴan_Uwa.pdf_page_1_line_002,Wrong transcription,vowels missing in GT,بسم الله الرحمࢽ الرحيم وصل الله علي الࢽبي الکريم,بِسْمِ اللَّهِ الرَّحْمَࢽِ الرَّحِيمِ وَصلى الله على الࢽبي الکريم,../data/ajami-prepared-no-partial-leak/train/A_Poem_on_Friends_and_Relations_Waƙar_Ƴan_Uwa.pdf_page_1_line_002.png,2025-12-19T11:33:37,0.1041666666666666,0.5555555555555556
A_Poem_on_Friends_and_Relations_Waƙar_Ƴan_Uwa.pdf_page_1_line_003,Valid but hard,,ࢽَاࣸرِࣸوڧِ اَللهْ تيمکو دمواڢڧا دࢽسر يوا ڧاتا غزثࢽ يࢽ عوا,ࢽَارࣸوڧِ اللَّهْ تَيْمَکࣸو دَمࣸوَڢَڧَا ذَࢽْشَرْيَوَاڧَاتَاغذَࢽْثِࢽْ عٜࢽْ عࣸوَا,../data/ajami-prepared-no-partial-leak/train/A_Poem_on_Friends_and_Relations_Waƙar_Ƴan_Uwa.pdf_page_1_line_003.png,2025-11-18T10:38:23,0.5964912280701754,1.0
A_Poem_on_Friends_and_Relations_Waƙar_Ƴan_Uwa.pdf_page_1_line_004,Valid but hard,,يَا رَبِّ صَلِّ عَلَى ࢽَبِّي مࣸحَمَّدࣸ اࣸصَلِي دࣸکَࢽْ مَيْسࣸوࢽْ أشِرْيࣸ دَيَ عࣸوَا,يَارَبِّ صَلِ عَلَى ࢽَبِࢽِّ مࣸحَمَّدِ أَصَلِࢽْ دࣸکَࢽْ مَيْسࣸࢽْ أَشِرْيࣸ دَيٜࢽْ عࣸوَا,../data/ajami-prepared-no-partial-leak/train/A_Poem_on_Friends_and_Relations_Waƙar_Ƴan_Uwa.pdf_page_1_line_004.png,2025-11-19T22:39:55,0.1927710843373494,0.75
A_Poem_on_Friends_and_Relations_Waƙar_Ƴan_Uwa.pdf_page_1_line_005,Valid but hard,,يَا صَاحِبࣸ کَکࣸلاَ دَحَالِࢽْ دوࢽيا عمَّا کلور کدࢽزيرت عࢽ عوا,يَاصَاحِبِ کَکࣸلَا دَحَالِࢽْ دࣸوࢽِيَا عَمَّاکࣸلࣸورَکَذَࢽزِيَرْتَ غٜࢽْ عࣸوَا,../data/ajami-prepared-no-partial-leak/train/A_Poem_on_Friends_and_Relations_Waƙar_Ƴan_Uwa.pdf_page_1_line_005.png,2025-11-19T20:41:10,0.3934426229508196,0.8
A_Poem_on_Friends_and_Relations_Waƙar_Ƴan_Uwa.pdf_page_1_line_006,Valid but hard,,مَيْحَࢽْکَلي شيࢽي متࢽ غمحوکثي وعظي غمي لورا دذࢽثࢽ عࢽ عوا,مَيْحَࢽْکَلِي شِيࢽٜي مࣸتࣸࢽْ غَمَحَوْکثِي وَعَظِي غَمَࢽْ لࣸورَادَذࢽثِࢽ عࢽ عوا,../data/ajami-prepared-no-partial-leak/train/A_Poem_on_Friends_and_Relations_Waƙar_Ƴan_Uwa.pdf_page_1_line_006.png,2025-11-19T20:40:18,0.2678571428571428,0.8
A_Poem_on_Friends_and_Relations_Waƙar_Ƴan_Uwa.pdf_page_1_line_007,Wrong transcription,ٍاࢽدک صلا سيکجي کيالولا ککلا دجمع دࢽکڧاروادَعࢽْ عࣸوَا vowels no in GT,ٍاࢽدک صلا سيکجي کيالولا ککلا دجمع دࢽکڧاروا,إِࢽْذَکَ صَّلَاَسَيْکَجٜيٰ کَيألوَطَکَکࣸلاَ دَجَمْعِ دَࢽْکَغَارࣸ دَعࢽْ عࣸوَا,../data/ajami-prepared-no-partial-leak/train/A_Poem_on_Friends_and_Relations_Waƙar_Ƴan_Uwa.pdf_page_1_line_007.png,2025-12-19T12:13:56,0.7674418604651163,1.1428571428571428
A_Poem_on_Friends_and_Relations_Waƙar_Ƴan_Uwa.pdf_page_1_line_008,Wrong transcription,vowels missing in  GT,اࢽربࢽا ياياک وا کحࢽا مک اࢽ ياحࢽه مک ديࢽذر غࢽ عࢽ عوا,إِࢽْرَبَّࢽَايَابَاکَ وَاکَحَࢽَامَکَ إࢽْ يَاحَࢽَامَکَ دَيْࢽَذَࢽْ غِࢽْ عࢽْ عوا,../data/ajami-prepared-no-partial-leak/train/A_Poem_on_Friends_and_Relations_Waƙar_Ƴan_Uwa.pdf_page_1_line_008.png,2025-12-19T12:01:04,0.5,0.8333333333333334
A_Poem_on_Friends_and_Relations_Waƙar_Ƴan_Uwa.pdf_page_1_line_009,Valid but hard,,ًٍٍ دࣸمَيْبࣸکاتَرْ غَسْکِيَا کَڢَطَا مَسَ اࢽْذا کَطࣸحٍِ کࣸيࣸوا ڟَکَاࢽِࢽ عࢽْ عࣸوا,دࣸمَيْبࣸکَاتَࢽْ غَسْکِيَا کَڢَطَامَسَ إࢽْذَاکࣸطࣸمِ کࣸيࣸو ڟَکَاࢽِࢽ عࢽْ عࣸوا,../data/ajami-prepared-no-partial-leak/train/A_Poem_on_Friends_and_Relations_Waƙar_Ƴan_Uwa.pdf_page_1_line_009.png,2025-11-19T22:50:10,0.2674418604651162,0.9090909090909092
A_Poem_on_Friends_and_Relations_Waƙar_Ƴan_Uwa.pdf_page_1_line_010,Wrong transcription,مَيْسࣸࢽ حَڧِيڧَا بَايَڟࣸورࣸࢽڟٜي غࣸمِي مَيْکِࢽ طَبِيعا بَايَذَࢽْ ڧِࢽْ عࢳٜࢽْ عࣸوَا partial,َََّمَيْسࣸࢽ حَڧِيڧَا بَايَڟࣸورࣸࢽڟٜي غࣸمِي مَيْکِࢽ طَبِيعا بَايَذَࢽْ ڧِࢽْ ع,مَيْسࣸࢽْ حَڧِيڧَابَايڟࣸوࣸرِࢽْڟٜي غࣸمِِ مَيْکِࢽْ طَبِيعَابَايَذَࢽْ غِࢽْ ࢳٜࢽْ عࣸوَا,../data/ajami-prepared-no-partial-leak/train/A_Poem_on_Friends_and_Relations_Waƙar_Ƴan_Uwa.pdf_page_1_line_010.png,2025-12-19T12:15:16,0.2972972972972973,0.8888888888888888
A_Poem_on_Friends_and_Relations_Waƙar_Ƴan_Uwa.pdf_page_1_line_013,Valid but hard,,ميس,ميسࢽ,../data/ajami-prepared-no-partial-leak/train/A_Poem_on_Friends_and_Relations_Waƙar_Ƴan_Uwa.pdf_page_1_line_013.png,2025-11-19T21:05:08,0.3333333333333333,1.0
A_Poem_on_Friends_and_Relations_Waƙar_Ƴan_Uwa.pdf_page_2_line_007,Segmentation error,,شَرِِࢽْتَلَوْثِدَيَاغَمٜي دَࢽّذࣸوثِيا ڢَا مَيْذࣸوَا يَغَࢽࣸواْ ڢَڧِيرِ طَࢽْ عْࣸوَا,ࢽِيمَࢽْ کَطِي يَيَاغَمٜي دَࢽذࣸوثِيَا بَامَيْدࣸي شٜࢽٜيٰ ڧَڧِّ يِࢽ طَࢽْ عࣸوَا,../data/ajami-prepared-no-partial-leak/train/A_Poem_on_Friends_and_Relations_Waƙar_Ƴan_Uwa.pdf_page_2_line_007.png,2025-11-18T10:40:02,0.345679012345679,0.875
A_Poem_on_Friends_and_Relations_Waƙar_Ƴan_Uwa.pdf_page_2_line_008,Segmentation error,,يَو بَاشَڧِيڧِي کࣸولِعَبِي کّامِلِي يّوْتَاجِرِي شٜيࢽٜي ڧَوِّيِࢽ طَࢽْ عࣸوَا,شَرْ بَاشࣸڧِيڧِي کࣸولِبَبِي کَامِلِي يَوْتَاجِرِي شَࢽٜࢽٰ ڧَرِّيࢽْ طَࢽْ عࣸوَا,../data/ajami-prepared-no-partial-leak/train/A_Poem_on_Friends_and_Relations_Waƙar_Ƴan_Uwa.pdf_page_2_line_008.png,2025-11-19T22:37:42,0.4078947368421052,1.0
A_Poem_on_Friends_and_Relations_Waƙar_Ƴan_Uwa.pdf_page_2_line_010,Segmentation error,GT:کَبِ مَالَمِي دࣸومِࢽْکَصادࣸ دَأرْزِڧِ کَڟَرٜٜي أمَاࢽَادَࢽْ کَڧَارࣸ دَيٜࢽْ عࣸوَ,کَبِ مَالَمِي دࣸومِࢽْکَصادࣸ دَأرْزِڧِ کَڟَرٜٜي أمَاࢽَادَࢽْ کَڧَارࣸ دَيٜࢽْ عࣸوَا,کَࢽْ مَالَمِي دࣸومِࢽْ کَطَادࣸدَأَرِْ کَڟࣸرٜيٰ غࣸوَاࢽَادَࢽْکَغَدࣸدَيَࢽࢽْ ࣸࢽْ عࣸوََ,../data/ajami-prepared-no-partial-leak/train/A_Poem_on_Friends_and_Relations_Waƙar_Ƴan_Uwa.pdf_page_2_line_010.png,2025-11-19T20:44:40,0.4177215189873418,0.8888888888888888
A_Poem_on_Friends_and_Relations_Waƙar_Ƴan_Uwa.pdf_page_2_line_011,Segmentation error,,حَڧِّ مَڧࣸوثِ يَا کَمَاتَ کَسَࢽْ دَشِي دَغِدَ دَ غࣸوࢽَادَ يْࢽَ ثࣸوتَر يٜࢽْ عࣸوا,کَبِ مَالَمِي دࣸومِࢽْکََادࣸ د دَرْزِي دَکَڟِيَا غَوَادَلَثِي کَڧَرࣸ دَيٜࢽْ عࣸوَا,../data/ajami-prepared-no-partial-leak/train/A_Poem_on_Friends_and_Relations_Waƙar_Ƴan_Uwa.pdf_page_2_line_011.png,2025-11-18T09:59:00,0.425,1.0
A_Poem_on_Friends_and_Relations_Waƙar_Ƴan_Uwa.pdf_page_3_line_009,Segmentation error,,مَغَࢽَرْ دَ تَذࣸودَوَدَتَکٜي ذࣸوَا دࣸو رَبّࣸ شِيي يَڢَطِي سࣸ بَاوَتَبَاڧࣸوَا,کَڟَرٜ تَذࣸودࣸودَوَ دَتَّطٜي ذࣸوَا دࣸورَبَّ شِيي يَڢَطٜيٰ سࣸ دَوَ يٜࢽْ عࣸوَا,../data/ajami-prepared-no-partial-leak/train/A_Poem_on_Friends_and_Relations_Waƙar_Ƴan_Uwa.pdf_page_3_line_009.png,2025-11-18T10:41:14,0.2077922077922078,0.8
A_Poem_on_Friends_and_Relations_Waƙar_Ƴan_Uwa.pdf_page_3_line_010,Segmentation error,,ڟَرٜ کَࢽْکَ رَࢽْکَ دَأرْزِڧِࢽکَ سࣸتَبْتَ کَڧَرَࢽْتَ کَوْطِي دَࢽْکَشِرْيࣸدَ ࢳࢽْ عࣸوَا,مَعَ کࢽْکَ رَࢽْکَ دَأَرْزࣸڧِࢽْکَ سࣸتَبَّتَ کَڧَرْڧَْتَ کࣸواطِي دَࢽْکَيࣸدَر يࣸࢽْ ࢳٜࢽْ عَࣸا,../data/ajami-prepared-no-partial-leak/train/A_Poem_on_Friends_and_Relations_Waƙar_Ƴan_Uwa.pdf_page_3_line_010.png,2025-11-18T10:42:17,0.188235294117647,0.8
A_Poem_on_Friends_and_Relations_Waƙar_Ƴan_Uwa.pdf_page_3_line_011,Segmentation error,,بَرِ جَࢽْ جِدَالِ غࣸࢽْ دَبَا حَࢽْيَرْکبَ دࣸوعَيْجِدَالِ بَايَشِرْيࣸدَ ࢳࢽْ عࣸوَا,ڟَرْکَࢽْکَ رَالِي غࣸࢽْدَبَاحَࢽْيَرْکَبَ دࣸومَيْجِدَالِي بَا يَتَيْمࣸکِ ࢽْ عࣸوَا,../data/ajami-prepared-no-partial-leak/train/A_Poem_on_Friends_and_Relations_Waƙar_Ƴan_Uwa.pdf_page_3_line_011.png,2025-11-18T10:10:57,0.2375,0.8
A_Poem_on_Friends_and_Relations_Waƙar_Ƴan_Uwa.pdf_page_4_line_009,Valid but hard,,يَا طَࢽْ عࣸوَا إࢽْدَ حَالِࢽْ تَيْمَکࣸو سࣸتࣸرَأبَࢽْثِي دࣸو کَتَيْمْکَ طَࢽْ عࣸوَا,يَاطَࢽْ عࣸوَا ࢽَا إࢽْدَ حَالِࢽْ تَيْمَکࣸو سࣸتࣸوَا أَبࣸࢽْثِي دࣸوکَتَيْمَکِ طَࢽْ عࣸوَا,../data/ajami-prepared-no-partial-leak/train/A_Poem_on_Friends_and_Relations_Waƙar_Ƴan_Uwa.pdf_page_4_line_009.png,2025-11-19T20:07:01,0.1625,0.7272727272727273
A_Poem_on_Friends_and_Relations_Waƙar_Ƴan_Uwa.pdf_page_4_line_012,Valid but hard,,کࣸسَامِ لاَدَا کَا يَتَرْ ڧَارࣸوَا,کَسَامِ لَادَاکَايَتَࢽْ ڧَارࣸوَا,../data/ajami-prepared-no-partial-leak/train/A_Poem_on_Friends_and_Relations_Waƙar_Ƴan_Uwa.pdf_page_4_line_012.png,2025-11-19T22:48:08,0.2352941176470588,1.0
A_Poem_on_Friends_and_Relations_Waƙar_Ƴan_Uwa.pdf_page_4_line_013,Valid but hard,,کَووْا دَتَمْکَرْ يَدَّ يْعِيَ تَيْمَکࣸو,کَووَادَتَمْعَرْمَدَذَيْعِيَ تَيْمَکࣸو,../data/ajami-prepared-no-partial-leak/train/A_Poem_on_Friends_and_Relations_Waƙar_Ƴan_Uwa.pdf_page_4_line_013.png,2025-11-19T22:16:54,0.2,0.8
A_Poem_on_Friends_and_Relations_Waƙar_Ƴan_Uwa.pdf_page_5_line_011,Valid but hard,,وَࢽِکࣸو يَࢽَا ڟࣸورࣸࢽْعَثٜي رࣸوڧࣸو يَکٜي,وَࢽِکࣸويَࢽَاڟَوࣸرࣸࢽْعَثٜيٰ رࣸوڧࣸويَکٜيٰ,../data/ajami-prepared-no-partial-leak/train/A_Poem_on_Friends_and_Relations_Waƙar_Ƴan_Uwa.pdf_page_5_line_011.png,2025-11-19T22:45:09,0.0769230769230769,1.0
A_Poem_on_Friends_and_Relations_Waƙar_Ƴan_Uwa.pdf_page_6_line_011,Valid but hard,,کمل کتاب شعر ࢳࢽْ عࣸوَا بحمد لله,کمل کتاب شعرعࢽ غوابحمدله,../data/ajami-prepared-no-partial-leak/train/A_Poem_on_Friends_and_Relations_Waƙar_Ƴan_Uwa.pdf_page_6_line_011.png,2025-11-19T21:35:49,0.1935483870967742,0.7142857142857143
A_Poem_on_the_British_Waƙar_Nasara.pdf_page_1_line_023,Valid but hard,,ڧل هو الله,ال و اࢽله,../data/ajami-prepared-no-partial-leak/train/A_Poem_on_the_British_Waƙar_Nasara.pdf_page_1_line_023.png,2025-11-19T21:14:12,0.8,1.0
A_Poem_on_the_British_Waƙar_Nasara.pdf_page_1_line_024,Orientation error,,بسلام تمت,ل,../data/ajami-prepared-no-partial-leak/train/A_Poem_on_the_British_Waƙar_Nasara.pdf_page_1_line_024.png,2025-11-19T20:58:27,0.8888888888888888,1.0
A_Poem_on_the_British_Waƙar_Nasara.pdf_page_1_line_025,Orientation error,,بحمد لله,ام,../data/ajami-prepared-no-partial-leak/train/A_Poem_on_the_British_Waƙar_Nasara.pdf_page_1_line_025.png,2025-11-18T09:56:18,0.875,1.0
A_Poem_on_the_British_Waƙar_Nasara.pdf_page_2_line_021,Valid but hard,,دمي,دمࢽ,../data/ajami-prepared-no-partial-leak/train/A_Poem_on_the_British_Waƙar_Nasara.pdf_page_2_line_021.png,2025-11-19T21:05:48,0.3333333333333333,1.0
Celebrating_Cerno_Aliiyu_Ɓuuɓa_Ndiyaŋ_Waccugol_Cerno_Aliiyu_Ɓuuɓa_Ndiyaŋ.pdf_page_2_line_001,Valid but hard,,يَجَمࣽ فَبْرࣸوَيَنج کَمࣸ عٜلٜيْطٜ ڢࣽوْ يࣸولࣸيْمࣸ دْٜبحرࣸوج نورطيٜيَتا,يَجَّمࣽ ڢَبْرࣸوَيَنْجّ کَمّࣸ عٜلٜيطٜڢࣽوْيࣸولࣸيْمࣸ دٜرْبِحرࣸوجِ نورِطبٜيبَتا,../data/ajami-prepared-no-partial-leak/train/Celebrating_Cerno_Aliiyu_Ɓuuɓa_Ndiyaŋ_Waccugol_Cerno_Aliiyu_Ɓuuɓa_Ndiyaŋ.pdf_page_2_line_001.png,2025-11-19T22:13:09,0.2608695652173913,1.0
Celebrating_Cerno_Aliiyu_Ɓuuɓa_Ndiyaŋ_Waccugol_Cerno_Aliiyu_Ɓuuɓa_Ndiyaŋ.pdf_page_2_line_012,Valid but hard,,ىٰعٜسࣸوَندٜ طࣸمْ عٜسࣸوَندٜطࣸمْ کࣽعَلاَ يٜرࣸسبءصتتا فَلࣸمَاطَغم طࣸمْ ضࣸرَّتَا,عٜسࣽوَنْدٜطࣸمْ عٜسࣸوَندٜطࣸمْ کࣸعَلاَيرࣸ سبِعصتتا فَلࣸمَاطَغࣸم طࣸمْ ضرَّتَا,../data/ajami-prepared-no-partial-leak/train/Celebrating_Cerno_Aliiyu_Ɓuuɓa_Ndiyaŋ_Waccugol_Cerno_Aliiyu_Ɓuuɓa_Ndiyaŋ.pdf_page_2_line_012.png,2025-11-19T20:06:40,0.1447368421052631,0.625
Celebrating_Cerno_Aliiyu_Ɓuuɓa_Ndiyaŋ_Waccugol_Cerno_Aliiyu_Ɓuuɓa_Ndiyaŋ.pdf_page_2_line_015,Valid but hard,,وَنجَاعٜعَمْ برکٜيج مَکّࣸ طينࣸبٜ ڢࣽوْلَتِى نࣸطَبَّ مِوْ نّࣸمࣸطَبَّتَا,وَنْجَاعٜعَمْ بٜرکٜيجِ مَکّࣽ طِينبٜ ڢࣽوْاْلَتِى نࣽطَبَّ مِوࣽنَّمࣸطَبَّتَا,../data/ajami-prepared-no-partial-leak/train/Celebrating_Cerno_Aliiyu_Ɓuuɓa_Ndiyaŋ_Waccugol_Cerno_Aliiyu_Ɓuuɓa_Ndiyaŋ.pdf_page_2_line_015.png,2025-11-19T20:06:34,0.1739130434782608,0.875
Celebrating_Cerno_Aliiyu_Ɓuuɓa_Ndiyaŋ_Waccugol_Cerno_Aliiyu_Ɓuuɓa_Ndiyaŋ.pdf_page_3_line_006,Valid but hard,,اللهم صلى على محمدوسلم,اللهم صل على جروسࢽلم,../data/ajami-prepared-no-partial-leak/train/Celebrating_Cerno_Aliiyu_Ɓuuɓa_Ndiyaŋ_Waccugol_Cerno_Aliiyu_Ɓuuɓa_Ndiyaŋ.pdf_page_3_line_006.png,2025-11-19T21:20:07,0.2727272727272727,0.5
Celebrating_Cerno_Aliiyu_Ɓuuɓa_Ndiyaŋ_Waccugol_Cerno_Aliiyu_Ɓuuɓa_Ndiyaŋ.pdf_page_3_line_007,Orientation error,,نَفَل هذا,انفلمذ,../data/ajami-prepared-no-partial-leak/train/Celebrating_Cerno_Aliiyu_Ɓuuɓa_Ndiyaŋ_Waccugol_Cerno_Aliiyu_Ɓuuɓa_Ndiyaŋ.pdf_page_3_line_007.png,2025-11-19T20:18:10,0.4444444444444444,0.5
Celebrating_Cerno_Aliiyu_Ɓuuɓa_Ndiyaŋ_Waccugol_Cerno_Aliiyu_Ɓuuɓa_Ndiyaŋ.pdf_page_3_line_008,Segmentation error,,شيخ سلماࢽ بر,سلماࢽ بر,../data/ajami-prepared-no-partial-leak/train/Celebrating_Cerno_Aliiyu_Ɓuuɓa_Ndiyaŋ_Waccugol_Cerno_Aliiyu_Ɓuuɓa_Ndiyaŋ.pdf_page_3_line_008.png,2025-11-19T21:05:37,0.5833333333333334,1.0
ELIT_ESS_04893_001r_line_001,Valid but hard,,بسم الله الر حمٰࢽ الرحيم,لبم ووولرح الرحم,../data/ajami-prepared-no-partial-leak/train/ELIT_ESS_04893_001r_line_001.png,2025-11-19T20:27:45,0.4583333333333333,1.0
ELIT_ESS_04893_001r_line_005,Segmentation error,,عِلَ سࣸودࣸدنٜاٜڢَاعٜ الاخِرتَعْيࣸرَلْ کࣸوْتِرْطࣸ يِمْرَعْدٜاْبِعَاطࣸمْ,عِلَي سࣸودࣸدنٜاڢَاعِ الاخِرِتَعْيࣸرَلْ کࣸوْتِرْطࣸ يِمْرَمْدٜابِعَاطࣸمْ بٜنَࣸڢَا,../data/ajami-prepared-no-partial-leak/train/ELIT_ESS_04893_001r_line_005.png,2025-11-19T22:03:30,0.3285714285714285,1.0
ELIT_ESS_04893_001r_line_007,Segmentation error,,کَلَ نِطّࣸڢࣸمْ عَدّࣸيْطࣸ الله عٜمَغْمࣸمْ وࣸطَيَࢽْ عٜدࣸنْيَاسࣸودࣸحࣸيْدࣸدࣸتٜدَّتَا,کَلَ نِطّࣸڢࣸمْ عدࣸيطࣸ اللهࣸ عٜمَعࣸمࣸمْ وࣸطَيٜࢽ عٜدࣸنْيَا سࣸردࣸمࣸوطࣸمْ حِهْطَتَا,../data/ajami-prepared-no-partial-leak/train/ELIT_ESS_04893_001r_line_007.png,2025-11-18T10:11:01,0.225,1.0
ELIT_ESS_04893_001r_line_008,Segmentation error,,کَلَ نِطّࣸڢࣸمࣸ غَمطࣸ تَفا ڢࣸمٜنْ تَجࣸرَلْ اࣸعَدَّىْ رٜوْدٜدࣸنيانَڢْتَتَا,عࣸلَ نِطࣸڢࣸدࣸعَدْيࣸطࣸ غَمْطࣸ تَفٜاڢࣸمٜنْ تࣽجࣸرَلْ اࣸعَدَّىْ رٜوْدٜدࣸنبࣸنَڢٜتَذَتَا,../data/ajami-prepared-no-partial-leak/train/ELIT_ESS_04893_001r_line_008.png,2025-11-19T21:15:26,0.375,0.875
ELIT_ESS_04893_001r_line_010,Segmentation error,,وࣸنداکࣸ دࣸنيَامࣸعْلࣸغࣸلْمࣸمْ ب عيْدٜنࢽ ڢَيْمِيࢽ مِمَاىَ مِوࣸڢْتَا,وࣸنداکࣸ دࣸنيَامࣸعْڢࣸغࣸلْمࣸم ڢَيْدِنَ ڢَيْمِيࢽْ مِطَبَّدࣸ ڢَابِمَالَامِ وࣸڢَّتَتا,../data/ajami-prepared-no-partial-leak/train/ELIT_ESS_04893_001r_line_010.png,2025-11-18T10:02:25,0.4769230769230769,0.8571428571428571
ELIT_ESS_04893_001r_line_020,Valid but hard,,ادٰٜيٰرٜيرࣸمَيْرࣸعٜکࣸومْتِ مَيْرࣸدࣸحࣸوْتعࣸࢽْ ڢَاڢٜجࣸطࣸࢽْ دࣸکّࣸووࣸبَارْطࣸ مࣸهَابَتَا,دٜيٜࢽْ بِرࣸمࣸيْرࣸعٜکࣸرمْتِ مَيْرࣸدࣸحࣸوْتِعࣸࢽْ ڢَاڢٜجࣸطࣸࢽْ دࣸکࣸورࣸبَاوْطࣸ مࣸهَابَتَا,../data/ajami-prepared-no-partial-leak/train/ELIT_ESS_04893_001r_line_020.png,2025-11-19T20:06:51,0.1566265060240964,0.8
ELIT_ESS_04893_001r_line_024,Valid but hard,,مࣸمْتࣸيْطࣸ دࣸنْيَا جرْسࣸيَࢽْ بلَوࣸجَّدࣸ جَلٜيَىْ اَمَا يَࢽْ وايَيࣸهْ حࣸکࣸمࣸمْتَتَا,مࣸمْتࣸيْطࣸ دࣸنياجٜرْسࣸيَࢽْ بٜلْوࣸڢَّدࣸ حَليࢽ اَمَايَࢽْ وَايَنْࣸه ڢࣽکࣸمࣸمْتَتَا,../data/ajami-prepared-no-partial-leak/train/ELIT_ESS_04893_001r_line_024.png,2025-11-18T10:44:22,0.2560975609756097,1.0
ELIT_ESS_04893_001r_line_025,Valid but hard,,کَلَڢࣸو تَغَاطࣸ دٜهِمِّ دࣸنْيَا تَعْيࣸرَلْ نَاتَࢽْ عٜجَهَنَّمَ يِيتٜ وࣸلْغٜ عٜبࣸوتَتَا,کَلَڢࣸوتَغَاطࣸ دٜهِدِّنياتَعْيْرَلْ نَاتَࢽْ عِجَهَنْم يٜيت وَلَع عٜبࣸوتَتَا,../data/ajami-prepared-no-partial-leak/train/ELIT_ESS_04893_001r_line_025.png,2025-11-18T10:44:42,0.2093023255813953,0.9
ELIT_ESS_04893_001v_line_003,Segmentation error,,مࣸمْتࣸوبࣸويࣸواَمࣸمْتى مَجّٜرٜ> وࣸمْنࣸورٜجِعْلٜ طمستاک طبمتتا,مࣸمْتࣸورࣸيَوࣸوَمࣸنْمْتِى مَجِّرِى وࣸمْنࣸورٜجِعْلٜ طࣸمستاکࣽ طَاوَتَتا,../data/ajami-prepared-no-partial-leak/train/ELIT_ESS_04893_001v_line_003.png,2025-11-18T10:41:32,0.35,1.0
ELIT_ESS_04893_001v_line_005,Segmentation error,,ممتاڢهيوطڢطمابنيغر>غططاعغيغل ماط نمࢽ دڢوينتا,بمت ڢميوطڢطمابنيغر> غططاعليغل ماط نمࢽدعڢينتا,../data/ajami-prepared-no-partial-leak/train/ELIT_ESS_04893_001v_line_005.png,2025-11-19T22:40:03,0.2045454545454545,0.6666666666666666
ELIT_ESS_04893_001v_line_007,Segmentation error,,عٜتاڢطيل بييجى کررله برنغل کوريکماط ڡول مايد طورتتا,غتاڢطيل بييج کمرره برنل کوريکماط حول مايدطورتا,../data/ajami-prepared-no-partial-leak/train/ELIT_ESS_04893_001v_line_007.png,2025-11-19T22:49:09,0.2941176470588235,1.0
ELIT_WAN_00130_001r_line_001,Valid but hard,,رمࢽ اسم اسمه الودزداللطيڡ ڢى خاسر مࢽ ذهب عندصلاة,رمࢽ أسم اسمه الووراللطيڢ ڢى خاڢعر مࢽ ذسب عنا ولال,../data/ajami-prepared-no-partial-leak/train/ELIT_WAN_00130_001r_line_001.png,2025-11-18T10:11:31,0.1875,0.5555555555555556
ELIT_WAN_00130_001r_line_002,Segmentation error,,الجمعه وذسحرلملک ورغفراه شعروحورمبيࢽ,النلعه وذرعل ک ورعلا فلي,../data/ajami-prepared-no-partial-leak/train/ELIT_WAN_00130_001r_line_002.png,2025-11-19T20:27:08,0.6666666666666666,1.0
ELIT_WAN_00130_001r_line_004,Valid but hard,,ڢى منامه ما يطلبه مࢽ الا مورالمصيبةمثل الکشڡ والاصلاح,امل مه مايطلبه مࢽ الا مورالمعييه مثل الکسڡ وال لا,../data/ajami-prepared-no-partial-leak/train/ELIT_WAN_00130_001r_line_004.png,2025-11-18T10:11:05,0.3773584905660377,0.7777777777777778
ELIT_WAN_00130_001r_line_007,Valid but hard,,يزکى مࢽ بح صلاةيومالجمد ؞ ڢاذافى مٜࢽ مࢽ الخرومٜࢽ فبل وفت,يزکر مࢽ رحࢽصلاةيوم الجم ڢاذاغرمࢽ مࢽ الخرومࢽ فبل وفت,../data/ajami-prepared-no-partial-leak/train/ELIT_WAN_00130_001r_line_007.png,2025-11-19T22:00:55,0.2857142857142857,0.8181818181818182
ELIT_WAN_00130_001r_line_008,Valid but hard,,الکى التى سجَࢽ وزذکى الاسى يفول يالطڡ ڢى ما يتى مرة,الک اللت سجࢽ وذر امابسى يفول يالطبڢ الطڡ رمايت مرة,../data/ajami-prepared-no-partial-leak/train/ELIT_WAN_00130_001r_line_008.png,2025-11-18T10:04:29,0.4313725490196078,0.9090909090909092
ELIT_WAN_00130_001r_line_014,Valid but hard,,يتزوحبا يتوضلويصلى ويغراهزاماتى وتڢحت وعشريࢽ,يتزوحرايتوضلويصل ويغراهزاماتوتاتوعشࢽ,../data/ajami-prepared-no-partial-leak/train/ELIT_WAN_00130_001r_line_014.png,2025-11-19T21:42:53,0.25,1.0
ELIT_WAN_00130_001r_line_017,Valid but hard,,ڢليفل الڡ مرةلاالم الااللم الله لطيڢ مااسى عم لتڢريم,ڢليفل الڡ مةلا المالاللم اللة لطيڡ مااسعملتڢريج,../data/ajami-prepared-no-partial-leak/train/ELIT_WAN_00130_001r_line_017.png,2025-11-19T22:34:46,0.1153846153846153,0.5555555555555556
ELIT_WAN_00130_001r_line_018,Valid but hard,,الکرب ڢى اوفات الشرالى ڢلايغوم مࢽجلسم الاوفرزال,الحرمࢽ ڢى اوفات الشراتࢽ ڢلايغورمࢽ مجلسم الاوفرزال,../data/ajami-prepared-no-partial-leak/train/ELIT_WAN_00130_001r_line_018.png,2025-11-19T22:58:12,0.2553191489361702,1.0
ELIT_WAN_00130_001r_line_019,Valid but hard,,مامٜ ڡرالکرب وءاتاه الله الڢرج بامراالله ؞ انتى,مابى ور الخرب وءاتاه الڢه العج با خاللم  التم,../data/ajami-prepared-no-partial-leak/train/ELIT_WAN_00130_001r_line_019.png,2025-11-18T10:04:57,0.3191489361702128,1.0
ELIT_WAN_00130_001v_line_005,Orientation error,,السم العکبر,ألالم ا,../data/ajami-prepared-no-partial-leak/train/ELIT_WAN_00130_001v_line_005.png,2025-11-18T09:58:16,0.9090909090909092,1.0
ELIT_WAN_00130_001v_line_008,Valid but hard,,ڢَلَيْسَ بࣸحْمَى الَّذِ>أَوْلاَمࢽنِّعَمِ اَجَلّࣸهَانِعْمَةࣸاِلاّيماَࢽ بالْرࣸسࣸلِ,ڢَلِيسَ يࣸحْمَ الزِّى اوْلاَهࣸ مِࢽ نعَم اَجَلَّهَانِعَةࣸ الاِيمَاࢽِ بِالَ سِلِ,../data/ajami-prepared-no-partial-leak/train/ELIT_WAN_00130_001v_line_008.png,2025-12-18T16:11:15,0.4,1.4285714285714286
ELIT_WAN_00130_001v_line_010,Orientation error,,فضاءَشکرها واداءحفها ؞ اءالْنغمتاْشاْکْر,لا وم اتلااب ذال ال بد,../data/ajami-prepared-no-partial-leak/train/ELIT_WAN_00130_001v_line_010.png,2025-11-19T21:01:47,0.75,1.25
ELIT_WAN_00130_001v_line_011,Valid but hard,,مَࢽ ذَامِࢽَ الْخَلڡِ يَفْضِ شࣸکْرَوَالِڢِحِمَالَوْ کَاࢽَ يَشْکࣸرࣸ دلࣸولَ الَذلغࢽ لَمْ يَصِلِ,مَࢽْ ذَامَࢽَ الْخَلْڡِ يَفْضِ شࣸکَرَوَاِهِمَا لَوْکَاࢽَ يَشْکࣸرࣸدلࣸولَ الذَّلعَࢽ لمْ يَصِ,../data/ajami-prepared-no-partial-leak/train/ELIT_WAN_00130_001v_line_011.png,2025-11-19T22:11:56,0.2717391304347826,0.9090909090909092
ELIT_WAN_00130_001v_line_012,Valid but hard,,يود>ويٜکمل,يود>ريکمل,../data/ajami-prepared-no-partial-leak/train/ELIT_WAN_00130_001v_line_012.png,2025-11-19T22:15:08,0.6,1.0
ELIT_WAN_00130_001v_line_017,Valid but hard,,ڢال تعلىٰ مࢽ مضعى ا,فال تعا حسع,../data/ajami-prepared-no-partial-leak/train/ELIT_WAN_00130_001v_line_017.png,2025-11-18T10:38:33,0.5263157894736842,0.8
ELIT_WAN_00130_001v_line_019,Segmentation error,,الى ا د اءسکرتا,اي اسکࢽ م,../data/ajami-prepared-no-partial-leak/train/ELIT_WAN_00130_001v_line_019.png,2025-11-18T10:38:05,0.6666666666666666,1.0
ELIT_WAN_00130_001v_line_020,Valid but hard,,النعم,النکم,../data/ajami-prepared-no-partial-leak/train/ELIT_WAN_00130_001v_line_020.png,2025-11-18T10:13:48,0.6,1.0
ELIT_WAN_00130_002r_line_005,Valid but hard,,ڢصل نع يباࢽ حکم ا لتليد ڢى عفايدالتوحيد,ڢصل نا يماࢽ حکم التفليد ڢى عغابد التوحيࢽ,../data/ajami-prepared-no-partial-leak/train/ELIT_WAN_00130_002r_line_005.png,2025-11-18T10:45:32,0.1025641025641025,0.5
ELIT_WAN_00130_002v_line_001,Wrong transcription,لاࢽ توحيد نااصل النجاة غدا ؞ وعندمࢽ فدمضى مࢽ مسلم الملل partial,لارتوحيرناامل امل النجاةغدا ؞ وعندمࢽ فدمضى مࢽ مسلم الملل,لاࢽ توحيد نااصل النجاة غدا ؞ وعندمࢽ فدمضى مࢽ مسلم المالل,../data/ajami-prepared-no-partial-leak/train/ELIT_WAN_00130_002v_line_001.png,2025-12-19T11:35:08,0.1964285714285714,0.7777777777777778
ELIT_WAN_00130_002v_line_003,Valid but hard,,ڢنسنل الله ڢيضامرلعدايتى ؞ مࢽ لم ينلماللدى لم ينجمࢽ زعلى,ڢنسنل الله ڢيضام هدايته ؞ مࢽلم ينلمالدى لم ينج مࢽ زلل,../data/ajami-prepared-no-partial-leak/train/ELIT_WAN_00130_002v_line_003.png,2025-11-19T23:10:37,0.1428571428571428,0.4
ELIT_WAN_00130_002v_line_013,Script mismatch (non-Arabic),,4,1,../data/ajami-prepared-no-partial-leak/train/ELIT_WAN_00130_002v_line_013.png,2025-12-18T16:28:40,0.0,0.0
ELIT_WAN_00130_003r_line_009,Wrong transcription,کذاالسموات لا تخڢى عجابها ؞ يکيڢک ظالعࢽ لماع غيها partial,کذاالسموات لا تخڢى ؞ يکيڢک ظالعࢽ لماع,کذاالسموات لا تخڢ عجابها ؞ يکيڢک ظاعࢽ هاعرغيࢽ,../data/ajami-prepared-no-partial-leak/train/ELIT_WAN_00130_003r_line_009.png,2025-12-19T12:12:00,0.4054054054054054,0.8571428571428571
ELIT_WAN_00130_003r_line_014,Script mismatch (non-Arabic),,5,3,../data/ajami-prepared-no-partial-leak/train/ELIT_WAN_00130_003r_line_014.png,2025-12-19T13:09:05,0.0,0.0
ELIT_WAN_00130_003v_line_006,Valid but hard,,وايرماامࢽ ت تنحل حمَلة ؞ بحارمااتڢيض اعودومࢽ خللء,وايࢽ ماامࢽ ت تتل حاملة ؞ بحارمااتڢيض الودومࢽ خلل,../data/ajami-prepared-no-partial-leak/train/ELIT_WAN_00130_003v_line_006.png,2025-11-19T23:03:41,0.2448979591836734,1.125
ELIT_WAN_00130_003v_line_008,Valid but hard,,ليحسل الى ى ت سمل وت جبل ؞ تغࢽ بل السجب ذاک الودڡ ميࢽ محل,ليحصل الى ى نا سمل وت جبل ؞ تغربل السجب ذاک الودڡ ڢى مل,../data/ajami-prepared-no-partial-leak/train/ELIT_WAN_00130_003v_line_008.png,2025-11-19T23:12:12,0.1578947368421052,0.4
ELIT_WAN_00130_003v_line_011,Valid but hard,,لانحاالاصل ت اصل الحياةالى ؞ اࢽ يبلغ الطࢽ امنا منتلعى الاجل,لا نهاالاصل نا اصل الحياة الى ؞ اࢽ بيلغ الر امنامنتعى الاجل,../data/ajami-prepared-no-partial-leak/train/ELIT_WAN_00130_003v_line_011.png,2025-11-18T10:14:15,0.1694915254237288,0.7272727272727273
ELIT_WAN_00130_004r_line_003,Valid but hard,,ونسبت الکل للکࢽ سى ن عملم ؞ طحلفت ء ڢلا ت جاء ڢى المث,ونسبت الکل للکرسى ناعدظم ؞ طحلفةن ڢلاتجاء ڢى المثل,../data/ajami-prepared-no-partial-leak/train/ELIT_WAN_00130_004r_line_003.png,2025-11-18T10:45:20,0.1320754716981132,0.5
ELIT_WAN_00130_004r_line_012,Script mismatch (non-Arabic),,7,1,../data/ajami-prepared-no-partial-leak/train/ELIT_WAN_00130_004r_line_012.png,2025-12-19T11:37:17,1.0,1.0
ELIT_WAN_00130_004v_line_013,Script mismatch (non-Arabic),,8,و,../data/ajami-prepared-no-partial-leak/train/ELIT_WAN_00130_004v_line_013.png,2025-12-19T13:11:23,1.0,1.0
ELIT_WAN_00130_005r_line_001,Valid but hard,,ڢَلَيْسَ,ڢليࢽ,../data/ajami-prepared-no-partial-leak/train/ELIT_WAN_00130_005r_line_001.png,2025-11-18T09:58:53,0.875,1.0
ELIT_WAN_00130_005r_line_005,Valid but hard,,ڢلو بنا ڢد فستمرريࢽ ما اکتسبت ؞ مࢽ النا ثم لا تخشى مࢽ التى لل,ڢلوبنا فدفتست مرريࢽ مااکتسبت ؞ مࢽ المناثم لا تخشى مࢽ الزلل,../data/ajami-prepared-no-partial-leak/train/ELIT_WAN_00130_005r_line_005.png,2025-11-19T22:44:43,0.2295081967213114,0.8
ELIT_WAN_00130_005r_line_008,Valid but hard,,واعلم باࢽ وجودالله فدشحدت ؞ بما لٜى اهيࢽ ڢلنفص ولا نطل,واعلم باࢽ وجودالله فدمثدت ؞ به البࢽ اهيࢽ ڢلن فص ولانطل,../data/ajami-prepared-no-partial-leak/train/ELIT_WAN_00130_005r_line_008.png,2025-11-19T20:06:53,0.1481481481481481,0.5454545454545454
ELIT_WAN_00130_005r_line_013,Script mismatch (non-Arabic),,9,2,../data/ajami-prepared-no-partial-leak/train/ELIT_WAN_00130_005r_line_013.png,2025-12-19T11:37:10,1.0,1.0
ELIT_WAN_00130_005v_line_012,Script mismatch (non-Arabic),,10,18,../data/ajami-prepared-no-partial-leak/train/ELIT_WAN_00130_005v_line_012.png,2025-12-18T16:29:56,1.0,1.0
ELIT_WAN_00130_006r_line_001,Valid but hard,,ڢينکرالخالڡ العبودمو جده ؞ اومعجزات تبيࢽ الصدولله سل,ڢنع الخالڡ المعبودموجده ؞ ؞ اومعجزات تبيࢽ الصدوللر سل,../data/ajami-prepared-no-partial-leak/train/ELIT_WAN_00130_006r_line_001.png,2025-11-19T23:16:14,0.2307692307692307,0.625
ELIT_WAN_00130_006r_line_003,Valid but hard,,ڢصل ت اࢽ الاختى اع لله لله سبحانه لا لشى ء سواء,ڢصل نااࢽ الاخت اع لله سبحانه لالشيسواء,../data/ajami-prepared-no-partial-leak/train/ELIT_WAN_00130_006r_line_003.png,2025-11-18T10:11:26,0.2765957446808511,0.75
ELIT_WAN_00130_006r_line_009,Valid but hard,,ڢالجوهر الڢردوالا جسام حادثت ؞ کذاک اعى ا ضها لا ڢى ڡ ڢى المثل,ڢالجوعࢽ الڢردوالاجسام حادثة ؞ کذاک اعࢽر اضها لاڢ ڢى المثل,../data/ajami-prepared-no-partial-leak/train/ELIT_WAN_00130_006r_line_009.png,2025-11-19T20:06:05,0.1290322580645161,0.5714285714285714
ELIT_WAN_00130_006r_line_013,Script mismatch (non-Arabic),,11,3,../data/ajami-prepared-no-partial-leak/train/ELIT_WAN_00130_006r_line_013.png,2025-12-19T13:11:21,1.0,1.0
ELIT_WAN_00130_006v_line_001,Valid but hard,,ڢصل ت وجوب الوحداينت لخالڡ البى ية,ڢصل نا وجوب الوحداييت لخالڡ البريت,../data/ajami-prepared-no-partial-leak/train/ELIT_WAN_00130_006v_line_001.png,2025-11-19T22:48:40,0.1764705882352941,0.7142857142857143
ELIT_WAN_00130_006v_line_002,Valid but hard,,لا اله الا هوامنڢى ک بالالوهية,لااله الاهوالمنڢرد بالالوهية,../data/ajami-prepared-no-partial-leak/train/ELIT_WAN_00130_006v_line_002.png,2025-11-19T22:17:00,0.2,1.0
ELIT_WAN_00130_006v_line_007,Valid but hard,,اريڢرضِ العفل بالتجوين االلة ؞ والبعض مڢتفرعلبعض ت العمل,اࢽ بڢر ض العفل بالتجويزءالمة ؞ والبعض مڢتفر للبعض نا العمل,../data/ajami-prepared-no-partial-leak/train/ELIT_WAN_00130_006v_line_007.png,2025-11-18T10:11:50,0.1607142857142857,0.7777777777777778
ELIT_WAN_00130_006v_line_012,Orientation error,,ڢصل,,../data/ajami-prepared-no-partial-leak/train/ELIT_WAN_00130_006v_line_012.png,2025-11-19T20:57:20,1.0,1.0
ELIT_WAN_00130_006v_line_013,Script mismatch (non-Arabic),,12,غ,../data/ajami-prepared-no-partial-leak/train/ELIT_WAN_00130_006v_line_013.png,2025-12-19T13:11:29,0.5,1.0
ELIT_WAN_00130_007r_line_012,Script mismatch (non-Arabic),,13,11,../data/ajami-prepared-no-partial-leak/train/ELIT_WAN_00130_007r_line_012.png,2025-12-19T11:56:52,1.0,1.0
ELIT_WAN_00130_007v_line_010,Wrong transcription,کذاالبداية لا تخڢى استحالتها ؞ اذتفتضى النڢى لر غيرمشتمل partial,کذاالبداية لا تخڢى استحالتها ؞ اذتف,کذاالبواية لا تخڢى استحالتها ؞ اذتڢتض النڢى لر غيرمشتل,../data/ajami-prepared-no-partial-leak/train/ELIT_WAN_00130_007v_line_010.png,2025-12-19T12:07:11,0.5714285714285714,1.0
ELIT_WAN_00130_007v_line_012,Orientation error,,ڢصل,,../data/ajami-prepared-no-partial-leak/train/ELIT_WAN_00130_007v_line_012.png,2025-12-20T12:19:42,0.6666666666666666,1.0
ELIT_WAN_00130_007v_line_013,Script mismatch (non-Arabic),,14,11,../data/ajami-prepared-no-partial-leak/train/ELIT_WAN_00130_007v_line_013.png,2025-12-19T11:56:56,1.0,1.0
ELIT_WAN_00130_008r_line_009,Valid but hard,,فديته کذاته العليته>,فويمه کذاته العلبن,../data/ajami-prepared-no-partial-leak/train/ELIT_WAN_00130_008r_line_009.png,2025-11-19T21:14:10,0.3,0.75
ELIT_WAN_00130_008r_line_012,Script mismatch (non-Arabic),,15,3,../data/ajami-prepared-no-partial-leak/train/ELIT_WAN_00130_008r_line_012.png,2025-12-19T13:10:44,1.0,1.0
ELIT_WAN_00130_009r_line_010,Valid but hard,,ڢصل ت الغدرة,ڢصل نهالغدرة,../data/ajami-prepared-no-partial-leak/train/ELIT_WAN_00130_009r_line_010.png,2025-11-19T23:01:25,0.1666666666666666,0.3333333333333333
ELIT_WAN_00130_009r_line_012,Script mismatch (non-Arabic),,17,11,../data/ajami-prepared-no-partial-leak/train/ELIT_WAN_00130_009r_line_012.png,2025-12-19T11:56:50,1.0,1.0
ELIT_WAN_00130_009v_line_006,Orientation error,,ا>صڢة,اي,../data/ajami-prepared-no-partial-leak/train/ELIT_WAN_00130_009v_line_006.png,2025-11-19T21:01:12,0.8,0.6666666666666666
ELIT_WAN_00130_009v_line_008,Orientation error,,اي العبد؞,ا,../data/ajami-prepared-no-partial-leak/train/ELIT_WAN_00130_009v_line_008.png,2025-11-19T20:58:25,0.6666666666666666,1.0
ELIT_WAN_00130_009v_line_013,Orientation error,,اه الصويب,اعا,../data/ajami-prepared-no-partial-leak/train/ELIT_WAN_00130_009v_line_013.png,2025-11-18T09:58:07,0.8888888888888888,1.0
ELIT_WAN_00130_009v_line_016,Orientation error,,ثم الکلام,م ان,../data/ajami-prepared-no-partial-leak/train/ELIT_WAN_00130_009v_line_016.png,2025-11-19T20:18:41,0.7777777777777778,1.0
ELIT_WAN_00130_009v_line_017,Script mismatch (non-Arabic),,18,ل,../data/ajami-prepared-no-partial-leak/train/ELIT_WAN_00130_009v_line_017.png,2025-12-19T13:11:35,1.0,1.0
ELIT_WAN_00130_010r_line_003,Orientation error,,اي م اجل اࢽ کلام,لو لاوامراجل,../data/ajami-prepared-no-partial-leak/train/ELIT_WAN_00130_010r_line_003.png,2025-11-19T21:00:38,0.6875,1.0
ELIT_WAN_00130_010r_line_004,Orientation error,,مڢت لعوم بى,يله ع,../data/ajami-prepared-no-partial-leak/train/ELIT_WAN_00130_010r_line_004.png,2025-11-18T09:57:56,1.0,1.0
ELIT_WAN_00130_010r_line_008,Valid but hard,,ڢليس ڢيهاسوى معنى دلالتا على الکلام الذ> فدجل عن مثل,ڢليس ڢيها سوى معىدلالتماا ؞  على الکلام الذ>فدجل عࢽ مثل,../data/ajami-prepared-no-partial-leak/train/ELIT_WAN_00130_010r_line_008.png,2025-11-18T10:14:08,0.0961538461538461,0.3636363636363636
ELIT_WAN_00130_010r_line_013,Valid but hard,,ڢصل ءاخر نا معنا ه ايظ,ڢل داغرنا معناه ايا,../data/ajami-prepared-no-partial-leak/train/ELIT_WAN_00130_010r_line_013.png,2025-11-19T21:20:13,0.2727272727272727,0.8333333333333334
ELIT_WAN_00130_010r_line_014,Script mismatch (non-Arabic),,19,3,../data/ajami-prepared-no-partial-leak/train/ELIT_WAN_00130_010r_line_014.png,2025-12-19T13:11:30,1.0,1.0
ELIT_WAN_00130_010v_line_006,Valid but hard,,ڢصل نا اࢽ اسما ه تعلى توڢيڢيت,ڢصل نااࢽ اسماتعل توڢيفيت,../data/ajami-prepared-no-partial-leak/train/ELIT_WAN_00130_010v_line_006.png,2025-11-19T22:11:23,0.2068965517241379,0.7142857142857143
ELIT_WAN_00130_010v_line_010,Valid but hard,,ثم الا يمة هذاکله يسطوا ؞ ونحࢽ تنبيهز ايکڢى ولاظل,ثم الايمت هذاکله بسطوا ؞ ونحࢽ تتبيهاطايکڢى ولا نطل,../data/ajami-prepared-no-partial-leak/train/ELIT_WAN_00130_010v_line_010.png,2025-11-20T08:53:12,0.1836734693877551,0.6
ELIT_WAN_00130_010v_line_015,Valid but hard,,ان لا,ال,../data/ajami-prepared-no-partial-leak/train/ELIT_WAN_00130_010v_line_015.png,2025-11-19T20:26:40,0.8,1.0
ELIT_WAN_00130_010v_line_016,Script mismatch (non-Arabic),,20,ࢽ3,../data/ajami-prepared-no-partial-leak/train/ELIT_WAN_00130_010v_line_016.png,2025-12-19T13:11:02,0.0,0.0
ELIT_WAN_00130_011r_line_003,Valid but hard,,ورعي اصح اتصغى بدعته ؞ ڢاننه مذهب ا يضا لمعنتى ل,ورعى اصلح ااتصغ لبدعته ؞ ڢاندمذهب ايضالمعتتل,../data/ajami-prepared-no-partial-leak/train/ELIT_WAN_00130_011r_line_003.png,2025-11-19T21:20:32,0.1875,0.7272727272727273
ELIT_WAN_00130_011r_line_004,Valid but hard,,ڢلاٰکبيرةللطاعات محبطة ؞ احباط کڢرڢهذاغي معتدل,ڢلاکي ة للطاعات محبطة ؞ احباط کڢر ڢلعذاغير معتدل,../data/ajami-prepared-no-partial-leak/train/ELIT_WAN_00130_011r_line_004.png,2025-11-19T20:06:28,0.0869565217391304,0.6666666666666666
ELIT_WAN_00130_011v_line_006,Valid but hard,,وما ت الا نعام ت الدنياتحصص ؞ بما يعارض خوڢامࢽ الهل,وماتا الانعام نا الدنيا تخصهه ؞ بما يعارضه خوڢامࢽ الهمل,../data/ajami-prepared-no-partial-leak/train/ELIT_WAN_00130_011v_line_006.png,2025-11-18T10:44:55,0.0980392156862745,0.6363636363636364
ELIT_WAN_00130_011v_line_012,Orientation error,,نعم,لع,../data/ajami-prepared-no-partial-leak/train/ELIT_WAN_00130_011v_line_012.png,2025-12-18T16:32:47,1.0,1.0
ELIT_WAN_00130_012r_line_001,Valid but hard,,نعم شى يعت خي الخلڡ ناسخة ؞ غيرلمواڢڡ للمشروع مࢽنحل,تعم شريعتخي الخلڡ نالسخت ؞ غير المواڢڡللمشروع مࢽ نل,../data/ajami-prepared-no-partial-leak/train/ELIT_WAN_00130_012r_line_001.png,2025-11-19T22:00:02,0.2156862745098039,0.7
ELIT_WAN_00130_012r_line_012,Script mismatch (non-Arabic),,23,ررو,../data/ajami-prepared-no-partial-leak/train/ELIT_WAN_00130_012r_line_012.png,2025-12-19T13:08:47,0.5,1.0
ELIT_WAN_00130_012v_line_011,Valid but hard,,ڢصل نا جوازنى والعاداتکࢽ امة لنا ولياء السادات,ڢسل ناجوازضڡ العادان کࢽامةللا ولياءالدسادات,../data/ajami-prepared-no-partial-leak/train/ELIT_WAN_00130_012v_line_011.png,2025-11-19T21:24:22,0.3043478260869565,0.875
ELIT_WAN_00130_012v_line_012,Orientation error,,اࢽ الکࢽ,زاࢽ,../data/ajami-prepared-no-partial-leak/train/ELIT_WAN_00130_012v_line_012.png,2025-11-19T20:12:47,1.0,1.0
ELIT_WAN_00130_013r_line_005,Segmentation error,,وَذࣸواعْوِلاَتَخْڢَ ڢَصَاحِبࣸهَا مع الشريعة لاينڢک روجل,وَذࣸالِرلالس ااتَڢٜ ڢٜصَاَاجِبَࣸا مع الشريعةلانيڢک ووجل,../data/ajami-prepared-no-partial-leak/train/ELIT_WAN_00130_013r_line_005.png,2025-11-19T20:41:28,0.5272727272727272,1.3333333333333333
ELIT_WAN_00130_013r_line_009,Valid but hard,,ڢىءال عمࢽ اࢽ ثم ا لکهو فدثبتت ؞ والنمل يبدي صحيم الفل مࢽ فبل,ڢى ءال عم اࢽ ثم الکهڡ فدثبت ؞ والنل يد> صيم النفل مࢽ فل,../data/ajami-prepared-no-partial-leak/train/ELIT_WAN_00130_013r_line_009.png,2025-11-18T10:14:23,0.2,0.5714285714285714
ELIT_WAN_00130_013r_line_014,Valid but hard,,لا بد تعفبا عࢽ ماض ندما ؞ کذاالمظالم ڢى اددهاولا تحل,لا بدتعفبا عرمامض ندما ؞ کذاالمظالم ڢاددماولا تل,../data/ajami-prepared-no-partial-leak/train/ELIT_WAN_00130_013r_line_014.png,2025-11-19T23:16:17,0.173076923076923,0.6363636363636364
ELIT_WAN_00130_013r_line_015,Script mismatch (non-Arabic),,25,20,../data/ajami-prepared-no-partial-leak/train/ELIT_WAN_00130_013r_line_015.png,2025-12-18T16:30:19,0.5,1.0
ELIT_WAN_00130_013v_line_003,Valid but hard,,فالوالذى الکڢراࢽ تحصل له فبلت ؞ فطعارنا غيره تى جى لمتثل,ڢالوالذ>الکڢر اࢽ تحصل له فبلت ؞ فطعاوت غنره ترجى لممتثل,../data/ajami-prepared-no-partial-leak/train/ELIT_WAN_00130_013v_line_003.png,2025-11-19T22:20:48,0.1071428571428571,0.3636363636363636
ELIT_WAN_00130_013v_line_005,Valid but hard,,ڢصل نا حکم ا لاما مة,ڢصل ناحکم الامامت,../data/ajami-prepared-no-partial-leak/train/ELIT_WAN_00130_013v_line_005.png,2025-11-20T08:49:56,0.2,0.8333333333333334
ELIT_WAN_00130_013v_line_006,Valid but hard,,وجوب نصب الا مالم العدل نثبته ؞ بالشرع لاالعفل بانڢذفدر معتىٰ,وجوب نصب الا مام العدل ثثبته ؞ بالشى ع لاالعفل ڢانبذفول معتن ل,../data/ajami-prepared-no-partial-leak/train/ELIT_WAN_00130_013v_line_006.png,2025-11-20T08:54:00,0.180327868852459,0.6363636363636364
ELIT_WAN_00130_013v_line_011,Valid but hard,,ڢلا خى وج بوصڢ الڢسو ماوجدت ؞ منالطلاة لنا والڢسولم يزل,ڢلاخروج بوصڢ الڢسڡ ماوجد ؞ منه الصلاةلناوالڢس لم يزل,../data/ajami-prepared-no-partial-leak/train/ELIT_WAN_00130_013v_line_011.png,2025-11-19T22:17:36,0.1818181818181818,0.6363636363636364
ELIT_WAN_00130_013v_line_012,Orientation error,,باࢽ,ࢽࢽ,../data/ajami-prepared-no-partial-leak/train/ELIT_WAN_00130_013v_line_012.png,2025-11-19T20:14:00,1.0,1.0
ELIT_WAN_00130_013v_line_013,Script mismatch (non-Arabic),,26,28,../data/ajami-prepared-no-partial-leak/train/ELIT_WAN_00130_013v_line_013.png,2025-12-19T11:56:58,1.0,1.0
ELIT_WAN_00130_014r_line_009,Valid but hard,,ڢصل نا البعث والحشر,ڢل ناالبهث والحش,../data/ajami-prepared-no-partial-leak/train/ELIT_WAN_00130_014r_line_009.png,2025-11-19T22:08:09,0.1052631578947368,0.25
ELIT_WAN_00130_014r_line_013,Script mismatch (non-Arabic),,27,ملࢽ,../data/ajami-prepared-no-partial-leak/train/ELIT_WAN_00130_014r_line_013.png,2025-12-19T13:08:57,0.5,1.0
ELIT_WAN_00130_014v_line_011,Valid but hard,,ڢصل ڢى المين ار,ڢل عالميزار,../data/ajami-prepared-no-partial-leak/train/ELIT_WAN_00130_014v_line_011.png,2025-11-19T20:40:54,0.2666666666666666,0.75
ELIT_WAN_00130_015r_line_013,Script mismatch (non-Arabic),,29,20,../data/ajami-prepared-no-partial-leak/train/ELIT_WAN_00130_015r_line_013.png,2025-12-18T16:30:09,0.5,1.0
ELIT_WAN_00130_015v_line_013,Orientation error,,بعࢽ,بو,../data/ajami-prepared-no-partial-leak/train/ELIT_WAN_00130_015v_line_013.png,2025-11-19T20:19:34,0.6666666666666666,1.0
ELIT_WAN_00130_015v_line_014,Script mismatch (non-Arabic),,30,38,../data/ajami-prepared-no-partial-leak/train/ELIT_WAN_00130_015v_line_014.png,2025-11-18T10:01:15,1.0,1.0
ELIT_WAN_00130_016r_line_003,Valid but hard,,لا رالا يماࢽ تصد يڡ حفيفتى ؞ وفدافى وابلڢظ غير محتمل,لاࢽ الا يماࢽ تصديڡ خفيفته ؞ وفدافروابلڢظ غيرمحتمل,../data/ajami-prepared-no-partial-leak/train/ELIT_WAN_00130_016r_line_003.png,2025-11-19T23:16:20,0.1346153846153846,0.7272727272727273
ELIT_WAN_00130_016r_line_006,Valid but hard,,ڢصل نا لن وم طى يوسف الصالح,ڢصل نالتى وم ط يولڡ المالى,../data/ajami-prepared-no-partial-leak/train/ELIT_WAN_00130_016r_line_006.png,2025-11-18T10:41:58,0.2962962962962963,0.7142857142857143
ELIT_WAN_00130_016r_line_007,Valid but hard,,والحض على محبتهم حشى نا الله,والحض عل محبنهم حشناالله,../data/ajami-prepared-no-partial-leak/train/ELIT_WAN_00130_016r_line_007.png,2025-11-19T22:48:03,0.1428571428571428,0.5
ELIT_WAN_00130_016r_line_008,Valid but hard,,تعلى نا زمࢽ تهم,تعل تا زمࢽ تمم,../data/ajami-prepared-no-partial-leak/train/ELIT_WAN_00130_016r_line_008.png,2025-11-19T22:20:20,0.2,0.5
ELIT_WAN_00130_016v_line_001,Orientation error,with also segmentation isue but it can be neglegted,لفول امبى اصحا ع کالنجوم,لعو ااعات,../data/ajami-prepared-no-partial-leak/train/ELIT_WAN_00130_016v_line_001.png,2025-11-19T20:13:18,0.9583333333333334,1.0
ELIT_WAN_00130_016v_line_002,Orientation error,+segmentation,ڢباهم افتديم العتايتم,فلمنة,../data/ajami-prepared-no-partial-leak/train/ELIT_WAN_00130_016v_line_002.png,2025-12-18T16:12:18,1.0,1.0
ELIT_WAN_00130_016v_line_015,Script mismatch (non-Arabic),,32,3ࢽ,../data/ajami-prepared-no-partial-leak/train/ELIT_WAN_00130_016v_line_015.png,2025-12-19T13:07:20,1.0,1.0
ELIT_WAN_00130_017r_line_006,Valid but hard,,نياسب ماتفدم ڢفدحدى بها کلمات تحمد ولا تذم,ناسب ماتفدم ڢفدحويى بهاکلمات تحمدولاتزم,../data/ajami-prepared-no-partial-leak/train/ELIT_WAN_00130_017r_line_006.png,2025-11-19T23:01:36,0.1666666666666666,0.75
ELIT_WAN_00130_017v_line_012,Orientation error,,وهبࣸک,وب,../data/ajami-prepared-no-partial-leak/train/ELIT_WAN_00130_017v_line_012.png,2025-11-19T20:26:34,1.0,1.0
ELIT_WAN_00130_017v_line_013,Script mismatch (non-Arabic),,34,ل3,../data/ajami-prepared-no-partial-leak/train/ELIT_WAN_00130_017v_line_013.png,2025-12-19T13:10:42,1.0,1.0
ELIT_WAN_00130_018r_line_010,Valid but hard,,عليکدبا لجود لاتبخل بمکر مت ؞ ڢا بخل والجبࢽ بيس الوصڢ للجل,عليک بالجودلاتيخل بمکرم ؞ ڢالبخل والجبࢽ بيس الوصڢلجل,../data/ajami-prepared-no-partial-leak/train/ELIT_WAN_00130_018r_line_010.png,2025-11-19T23:13:33,0.1379310344827586,0.6666666666666666
ELIT_WAN_00130_018r_line_012,Script mismatch (non-Arabic),,35,33,../data/ajami-prepared-no-partial-leak/train/ELIT_WAN_00130_018r_line_012.png,2025-12-19T13:07:16,0.5,1.0
ELIT_WAN_00130_018v_line_001,Valid but hard,,فد جاء ڢى اثى تشبيهى سيعا؞ مهى اعتدى لم يذرشيئاولم يصل,فدجاءڢى اترتشبيهه سيعا ؞ مهى اعتدى لم يذرشيناولم يل,../data/ajami-prepared-no-partial-leak/train/ELIT_WAN_00130_018v_line_001.png,2025-11-19T22:40:27,0.1636363636363636,0.7272727272727273
ELIT_WAN_00130_018v_line_008,Wrong transcription,لا تخل وفتکاࢽ وڢفت مࢽ عمل ؞ على الدوام على رفڡ بلاملل partial,لا تخل وفتکاࢽ وڢفت مࢽ عمل ؞ على الدوم على الدوام على رفڡ بلاملل,لا تخل وفتک اࢽ وڢفت مࢽ عمل ࢽ على الدوام على رڢڡ بلا ملل,../data/ajami-prepared-no-partial-leak/train/ELIT_WAN_00130_018v_line_008.png,2025-12-19T12:27:53,0.238095238095238,0.5
ELIT_WAN_00130_018v_line_011,Valid but hard,,ولتکثرالذکر للمولى ولى وصل على ؞ خي الورى المصطڢى مࢽ خيرة لرسل,ولتکنرالذکࢽللمولر وصل على ؞ خير الورى الممطڢ مࢽخيرةالرسل,../data/ajami-prepared-no-partial-leak/train/ELIT_WAN_00130_018v_line_011.png,2025-11-19T22:10:03,0.1774193548387097,0.5
ELIT_WAN_00130_018v_line_012,Script mismatch (non-Arabic),,36,ر,../data/ajami-prepared-no-partial-leak/train/ELIT_WAN_00130_018v_line_012.png,2025-12-19T13:10:46,1.0,1.0
ELIT_WAN_00130_019r_line_013,Valid but hard,,تمت بحمد الله وسࢽ عونه,تت بدالله وحس موࢽ,../data/ajami-prepared-no-partial-leak/train/ELIT_WAN_00130_019r_line_013.png,2025-11-18T10:40:08,0.4090909090909091,0.8
ELIT_WAN_00130_019r_line_014,Valid but hard,,والصلى والسلم,وال,../data/ajami-prepared-no-partial-leak/train/ELIT_WAN_00130_019r_line_014.png,2025-11-19T21:01:53,0.9230769230769232,1.0
ELIT_WAN_00130_019r_line_015,Script mismatch (non-Arabic),,37,33,../data/ajami-prepared-no-partial-leak/train/ELIT_WAN_00130_019r_line_015.png,2025-12-18T16:30:05,1.0,1.0
ELIT_WAN_00130_019v_line_002,Segmentation error,,اللهم اغڢرلناولجميع المسلميࢽ,کلته اعڢرلنا ولجمع المسلمو,../data/ajami-prepared-no-partial-leak/train/ELIT_WAN_00130_019v_line_002.png,2025-11-19T21:18:14,0.5,1.0
ELIT_WAN_00130_019v_line_005,Segmentation error,,وباتع بيننا و بينهم,ونت الوخم وباتع باوع نم,../data/ajami-prepared-no-partial-leak/train/ELIT_WAN_00130_019v_line_005.png,2025-11-19T20:58:21,0.6842105263157895,1.0
ELIT_WAN_00130_019v_line_006,Segmentation error,,ولهم ءاميࢽ اللهم صلى على محمد,وث وب اللهلل عمىمى,../data/ajami-prepared-no-partial-leak/train/ELIT_WAN_00130_019v_line_006.png,2025-11-18T10:38:51,0.4482758620689655,1.0
ELIT_WAN_00130_019v_line_007,Segmentation error,,وعلىٰءال محمد وسلم,ولى الا ميࢽول تم,../data/ajami-prepared-no-partial-leak/train/ELIT_WAN_00130_019v_line_007.png,2025-11-18T09:58:58,0.5555555555555556,1.0
ELIT_WAN_00130_019v_line_008,Segmentation error,,الَّتى کاتبه م,عنه لم تب ىه,../data/ajami-prepared-no-partial-leak/train/ELIT_WAN_00130_019v_line_008.png,2025-11-18T09:58:03,0.7142857142857143,1.0
ELIT_WAN_00130_019v_line_009,Segmentation error,,حمْل ست وعشروࢽ,مل لممت وعࢽممو,../data/ajami-prepared-no-partial-leak/train/ELIT_WAN_00130_019v_line_009.png,2025-11-19T20:22:09,0.6428571428571429,1.0
ELIT_WAN_00130_019v_line_010,Segmentation error,,وڢرهب تسعة عشر,حْل ببت ࢽسعت عش,../data/ajami-prepared-no-partial-leak/train/ELIT_WAN_00130_019v_line_010.png,2025-11-18T10:38:28,0.6428571428571429,1.0
ELIT_WAN_00130_019v_line_011,Segmentation error,,وبلْج احدى وات هيࢽ,وجرلج احى وثةعنࢽ,../data/ajami-prepared-no-partial-leak/train/ELIT_WAN_00130_019v_line_011.png,2025-11-18T10:01:32,0.6666666666666666,1.0
ELIT_WAN_00130_019v_line_012,Segmentation error,وَجفلْب ثلاثة عشر,وَجفلْب ثط ثة عننى,ومفمملن,../data/ajami-prepared-no-partial-leak/train/ELIT_WAN_00130_019v_line_012.png,2025-11-19T21:00:12,0.9444444444444444,1.0
Infiraji_10.pdf_page_10_line_001,Wrong transcription,+ number,9,,../data/ajami-prepared-no-partial-leak/train/Infiraji_10.pdf_page_10_line_001.png,2025-12-20T11:00:14,0.0,0.0
Infiraji_10.pdf_page_10_line_005,Valid but hard,,ثَࢽْ اَلَاخِرَ کࣸمَ اَللَّهْ سَامࣸغَ الࢽَّبِيِّ ءَامِࢽ ڢَاءَامِيࢽْ أَرْزِڧِي يَاطࣸورٜيٰ,شَࢽْ اَلَغِرْکࣸمَ اللَّهْ سَامِغَ اَلࢽَّبِي أاْمِيَࢽْ ڢَاءَامِيࢽْ ارَزِڧِي يَاطࣸورٜيٰ,../data/ajami-prepared-no-partial-leak/train/Infiraji_10.pdf_page_10_line_005.png,2025-11-19T21:58:34,0.1363636363636363,0.6
Infiraji_10.pdf_page_10_line_012,Valid but hard,,حَکَ وَدَّکٜيٰ طِيبَرْ أَبِࢽثِ تَبَࢽْتَا حَکَ مَيْ حَࢽَاوَامِجِࢽْتَ سࣸࢽَّرْأَوْرٜيٰ,أَکَ وَدَّکٜيٰ طِيَࢽْ أَبِشِ بࣸبࢽْتَا حَکَ مَيْ حَࢽَاوَامِࢽِࢽْ أَسࣸسَࢽَّرْأَوْرٜيٰ,../data/ajami-prepared-no-partial-leak/train/Infiraji_10.pdf_page_10_line_012.png,2025-11-19T23:00:46,0.127906976744186,0.7777777777777778
Infiraji_10.pdf_page_10_line_015,Valid but hard,,سَࢽَّࢽْ أَݣࣸوࣸيْ سࣸوࢽَا تَکࣸسْ غࣸࢽْ مَّاتَا بَرِ إِࢽْ ڢَطٜيٰسࣸ غࣸدَا غࣸدَازَارٜٜيٰ,سَࢽَّࢽْ أَݣࣸوࢽْ سࣸوࢽَاتَکࣸࢽْ غࣸࢽْ مَّاتَا بَرِإِࢽْ ڢَطٜيٰ غࣸدَاغَدَابَازَارٜيٰ,../data/ajami-prepared-no-partial-leak/train/Infiraji_10.pdf_page_10_line_015.png,2025-11-19T23:12:09,0.1463414634146341,0.4545454545454545
Infiraji_10.pdf_page_10_line_017,Valid but hard,,سَࢽَّࢽْ,ࢽّࢽ,../data/ajami-prepared-no-partial-leak/train/Infiraji_10.pdf_page_10_line_017.png,2025-11-19T20:27:26,0.4285714285714285,1.0
Infiraji_10.pdf_page_10_line_018,Wrong transcription,+ number,9,,../data/ajami-prepared-no-partial-leak/train/Infiraji_10.pdf_page_10_line_018.png,2025-12-20T11:00:22,0.0,0.0
Infiraji_10.pdf_page_11_line_003,Valid but hard,segmentation,دَأَݣࣸيْ کࣸࢽَامَاسَيْ ڧَرِي ࢽَمࣸغࣸࢽْتَا مَيْ طَࢽْ ڧَسَاوَامِجِي عَذَابَرْأَوْرٜيٰ,دَأَلࣸکࣸڢَيْ کࣸࢽَامَامَيْ ڧَرِي ࢽَمࣸغَيْتَا مَيْ طَࢽْ طَساوَامِجِ عَذَاݒَرْ أَوْرٜيٰ,../data/ajami-prepared-no-partial-leak/train/Infiraji_10.pdf_page_11_line_003.png,2025-11-19T20:08:05,0.1071428571428571,0.5
Infiraji_10.pdf_page_11_line_011,Valid but hard,,کَاذاتّتࣸوࢽَاوَا مِجِࢽْتَ أَسِيِري سَبَِي دَݣوݣࣸوذࣸوْاْأَبَاکِࢽْ زَورٜيٰب,کَاذَاتَتࣸوࢽَاوَامِجِࢽْتَ أَسِيرِي سَبَبِي دَکࣸوکࣸوذࣸواْأَبَاکِࢽْ زَوْرٜيٰ,../data/ajami-prepared-no-partial-leak/train/Infiraji_10.pdf_page_11_line_011.png,2025-11-19T20:07:12,0.1756756756756756,1.0
Infiraji_10.pdf_page_11_line_016,Script mismatch (non-Arabic),,10,,../data/ajami-prepared-no-partial-leak/train/Infiraji_10.pdf_page_11_line_016.png,2025-12-20T11:00:32,0.0,0.0
Infiraji_10.pdf_page_12_line_010,Wrong transcription,اَللَّهࣸ يَٰأللَّهࣸ يَٰأللَّهࣸ يَٰأللَّهࣸ اَللَّه کَمَامࣸ رَبࣸواغَ لاَدَࢽْ أَورٜيٰ partial,اَللَّهࣸ يَٰأللَّهࣸ يَٰأللَّهࣸ اَللَّه کَمَامࣸ رَبࣸواغَ لاَدَࢽْ أَورٜيٰ,اِللَّايٰاَاللَّهࣸ يَٰااللَّهࣸ يَٰأَاللَّهࣸ إِللَّهَ کَبَامࣸ رَبࣸواْغَ لَادَࢽْ أَوْرٜيٰ,../data/ajami-prepared-no-partial-leak/train/Infiraji_10.pdf_page_12_line_010.png,2025-12-19T12:15:51,0.3150684931506849,1.125
Infiraji_10.pdf_page_12_line_013,Valid but hard,,الصَّلاَةࣸ وَالسَّلَامࣸ عَلَىٰ رَسࣸولِ اللَّه,اَلصَّلاةࣸ وَالتَلَاَمࣸ حَلَى رࣸسَولِ اللَّهِ,../data/ajami-prepared-no-partial-leak/train/Infiraji_10.pdf_page_12_line_013.png,2025-11-18T10:12:32,0.2444444444444444,1.0
Infiraji_10.pdf_page_12_line_014,Valid but hard,,صَلَّى اللَّهࣸ عَليْهِ وَسَلَّمَ,صَلَّى الله عَلَيْبِ وَسࣸلَّمَ,../data/ajami-prepared-no-partial-leak/train/Infiraji_10.pdf_page_12_line_014.png,2025-11-20T08:52:15,0.21875,0.75
Infiraji_10.pdf_page_13_line_002,Valid but hard,,غَاَامْبَرْوَايَ,غَأَامَبَرْوَيَ,../data/ajami-prepared-no-partial-leak/train/Infiraji_10.pdf_page_13_line_002.png,2025-11-19T22:36:59,0.25,1.0
Infiraji_10.pdf_page_13_line_005,Valid but hard,,سَابِسْ 1 أَݣَيْ رَشِࢽْ ثَاجِ 2 أَݣيْ ڧَارٜيٰوَرْ کࣸطِي أَحَࢽْسٜتْ3,اَلَابِسْ  أَݣࣸيْ رَشِࢽْ ثَابِࢽْأَݣࣸࢽْ ڧَارٜيٰوَرِکࣸطِي أَلَࢽْاِللتࣸ,../data/ajami-prepared-no-partial-leak/train/Infiraji_10.pdf_page_13_line_005.png,2025-11-19T21:14:23,0.2388059701492537,0.9
Infiraji_10.pdf_page_13_line_011,Valid but hard,,مَڢِي يَوَࢽْسࣸ سࣸࢽَادَبࣸکَاتَرْ بࣸغࣸومِࢽْ؞ وَطَࢽْسࣸمَا سࣸکَࢽْ,مَڢِي يَوْࢽَاسࣸ سࣸࢽَادَبࣸکَاتَرْبࣸغࣸومِࢽْ وَࢽَ ؞وَطَࢽْسࣸمَاسࣸکَࢽْ,../data/ajami-prepared-no-partial-leak/train/Infiraji_10.pdf_page_13_line_011.png,2025-11-19T22:44:53,0.2131147540983606,0.6666666666666666
Infiraji_10.pdf_page_1_line_008,Valid but hard,,وَمِࢽْهࣸ حَدِيثࣸ عࣸمَرْرَضِيَ اللَّهࣸ عࢽْهࣸ الࢽِّسَاءࣸ ثَلَاثَةࣸࣸ ڢࣸهَيْࢽَةࣸࣸ,وَمِࢽْهࣸ عَدِيثࣸ عࣸمَرِرَضِࢽَ اَلَّهࣸ عَࢽْهࣸ اَلࢽَّسَاءࣸ ثَلَاَࣸ ڢࣸهَيْࢽَهࣸ,../data/ajami-prepared-no-partial-leak/train/Infiraji_10.pdf_page_1_line_008.png,2025-11-19T23:13:29,0.1038961038961039,0.625
Infiraji_10.pdf_page_1_line_010,Valid but hard,,وَلاَتَعِيࢽࣸ الْعيْشَ عَلَى أَهْلِهَاوَاءࣸخَرَىٰ وِعَاءࣸࣸ لِلْوَلَدِ,وَلَاتَعِيࣸ المِيشَ عَلَى أَهْلِهَارَاءࣸنْخَرَىٰ رِعَاءࣸاࣸلْوَࢽَدِ,../data/ajami-prepared-no-partial-leak/train/Infiraji_10.pdf_page_1_line_010.png,2025-11-19T21:55:52,0.2205882352941176,0.8333333333333334
Infiraji_10.pdf_page_1_line_013,Valid but hard,,الحريرِي صح ٣٨٩ صحيڢة,الحريري صام واء صحيڢة,../data/ajami-prepared-no-partial-leak/train/Infiraji_10.pdf_page_1_line_013.png,2025-11-18T10:10:50,0.3333333333333333,0.75
Infiraji_10.pdf_page_1_line_014,Valid but hard,,إِࢽ,إر,../data/ajami-prepared-no-partial-leak/train/Infiraji_10.pdf_page_1_line_014.png,2025-11-19T20:20:09,0.3333333333333333,1.0
Infiraji_10.pdf_page_2_line_001,Script mismatch (non-Arabic),,1,,../data/ajami-prepared-no-partial-leak/train/Infiraji_10.pdf_page_2_line_001.png,2025-12-20T11:00:52,1.0,1.0
Infiraji_10.pdf_page_2_line_006,Valid but hard,,کَاسَࢽْ مَّاتَا سࣸࢽْ کَسࣸ عࣸلࣸ ذࣸوکࣸسَ إِࢽْ ࢽَّڢَطِي کَرࣸبࣸوتَا,کَاِسِࢽْ مَّاتَاسࣸࢽْ کَسࣸࢽْ عِکْ ذࣸࢽْکࣸمَࢽْ إِࢽْ ࢽَڢَطِي کَرࣸبࣸوتَا,../data/ajami-prepared-no-partial-leak/train/Infiraji_10.pdf_page_2_line_006.png,2025-11-19T21:55:29,0.0769230769230769,0.5555555555555556
Infiraji_10.pdf_page_2_line_008,Valid but hard,,أَݣࣸويْ وَتَ غَاݒَرْࢽَا غَاۼٜيٰرَا غَاتَاسَوڧِࢽْ کَيْ غَاثࣸوتَا,أَکࣸوࢽْ وَتَ غَابَرْࢽَاغَاغٜيٰرَا غَاتَادَسِوْڧِࢽْ کَيْ غَاثِوْتَا,../data/ajami-prepared-no-partial-leak/train/Infiraji_10.pdf_page_2_line_008.png,2025-11-19T22:50:22,0.1212121212121212,0.5714285714285714
Infiraji_10.pdf_page_3_line_001,Script mismatch (non-Arabic),,2,,../data/ajami-prepared-no-partial-leak/train/Infiraji_10.pdf_page_3_line_001.png,2025-12-20T11:00:55,1.0,1.0
Infiraji_10.pdf_page_3_line_017,Script mismatch (non-Arabic),,2,,../data/ajami-prepared-no-partial-leak/train/Infiraji_10.pdf_page_3_line_017.png,2025-12-20T11:00:56,1.0,1.0
Infiraji_10.pdf_page_4_line_001,Script mismatch (non-Arabic),,3,,../data/ajami-prepared-no-partial-leak/train/Infiraji_10.pdf_page_4_line_001.png,2025-12-20T11:00:57,1.0,1.0
Infiraji_10.pdf_page_4_line_006,Valid but hard,,کَࢽَاشَأَوَࢽَّا کَࢽَاکࣸمَ سࣸࢽْتَا بَادَࢽْ اللَّهْ بَا کىٰ ڧٜيٰلٜيٰتَا,کَࢽَاشَأَوْࢽَاکَࢽَاکࣸمَ سࣸࢽْتَا بَادَࢽْ إِالَهْ بَاکٜيٰ ڧٜيٰلٜيٰلَا,../data/ajami-prepared-no-partial-leak/train/Infiraji_10.pdf_page_4_line_006.png,2025-11-19T23:12:00,0.0704225352112676,0.375
Infiraji_10.pdf_page_4_line_012,Valid but hard,,ذَࢽْبَڧࣸوَامَيْ ذࣸرْڢِࢽْ تࣸࢽْبِي بَاتَ تَکࣸووَا سَيْتْ تَکَࢽْتَا,ذَࢽْبَڧࣸوَامَيْ ذࣸرْجِࢽْتبِي بَاتَ تَࣸورَاسَيْتَ ثِکِࢽْتَا,../data/ajami-prepared-no-partial-leak/train/Infiraji_10.pdf_page_4_line_012.png,2025-11-19T22:37:16,0.106060606060606,0.5714285714285714
Infiraji_10.pdf_page_4_line_017,Valid but hard,,سَيْ مَلَلِي,اَالَسيْ مَلَلِي,../data/ajami-prepared-no-partial-leak/train/Infiraji_10.pdf_page_4_line_017.png,2025-11-19T20:40:15,0.25,0.5
Infiraji_10.pdf_page_4_line_018,Script mismatch (non-Arabic),,3,,../data/ajami-prepared-no-partial-leak/train/Infiraji_10.pdf_page_4_line_018.png,2025-12-20T11:00:58,1.0,1.0
Infiraji_10.pdf_page_5_line_017,Script mismatch (non-Arabic),,4,,../data/ajami-prepared-no-partial-leak/train/Infiraji_10.pdf_page_5_line_017.png,2025-12-20T11:01:00,0.0,0.0
Infiraji_10.pdf_page_6_line_018,Valid but hard,,بَاتَ,ڢَت,../data/ajami-prepared-no-partial-leak/train/Infiraji_10.pdf_page_6_line_018.png,2025-11-19T20:26:22,0.4,1.0
Infiraji_10.pdf_page_6_line_019,Script mismatch (non-Arabic),,5,,../data/ajami-prepared-no-partial-leak/train/Infiraji_10.pdf_page_6_line_019.png,2025-12-20T11:01:01,0.0,0.0
Infiraji_10.pdf_page_7_line_001,Script mismatch (non-Arabic),,6,,../data/ajami-prepared-no-partial-leak/train/Infiraji_10.pdf_page_7_line_001.png,2025-12-20T11:01:02,1.0,1.0
Infiraji_10.pdf_page_7_line_017,Script mismatch (non-Arabic),,6,,../data/ajami-prepared-no-partial-leak/train/Infiraji_10.pdf_page_7_line_017.png,2025-12-20T11:01:03,0.0,0.0
Infiraji_10.pdf_page_8_line_001,Script mismatch (non-Arabic),,7,,../data/ajami-prepared-no-partial-leak/train/Infiraji_10.pdf_page_8_line_001.png,2025-12-20T11:01:04,0.0,0.0
Infiraji_10.pdf_page_8_line_017,Valid but hard,zoomed in,کَضࣸڢَامࣸ,ࣸ وَارࣸ,../data/ajami-prepared-no-partial-leak/train/Infiraji_10.pdf_page_8_line_017.png,2025-11-19T20:18:32,0.4444444444444444,1.0
Infiraji_10.pdf_page_8_line_018,Script mismatch (non-Arabic),,7,,../data/ajami-prepared-no-partial-leak/train/Infiraji_10.pdf_page_8_line_018.png,2025-12-20T11:01:05,0.0,0.0
Infiraji_10.pdf_page_9_line_001,Script mismatch (non-Arabic),,8,,../data/ajami-prepared-no-partial-leak/train/Infiraji_10.pdf_page_9_line_001.png,2025-12-20T11:01:06,1.0,1.0
Infiraji_10.pdf_page_9_line_009,Valid but hard,,سࣸوࢽَاࢽاَ محَمَّدࣸ الثَاࢽِي طَࢽْغَاࢽِ غَرِࢽْمّࣸو کَࢽَاثِغِيَاتَا,سࣸوࢽَاࢽَامࣸحمَّدࣸ التَّاࢽِ طِࢽْغَاࢽِ غَرِࢽْمࣸوکَࢽَاثِغِرَاتَا,../data/ajami-prepared-no-partial-leak/train/Infiraji_10.pdf_page_9_line_009.png,2025-11-19T22:53:31,0.1515151515151515,0.8333333333333334
Infiraji_10.pdf_page_9_line_012,Wrong transcription,رسول الله صَلى الله عليه وسلم parial,رسول الله صَلى الله وسلم,رمرࢽ الله لࢽ االتله وسلم,../data/ajami-prepared-no-partial-leak/train/Infiraji_10.pdf_page_9_line_012.png,2025-12-19T12:14:38,0.2916666666666667,0.8
Infiraji_10.pdf_page_9_line_013,Script mismatch (non-Arabic),,8,,../data/ajami-prepared-no-partial-leak/train/Infiraji_10.pdf_page_9_line_013.png,2025-12-20T11:01:07,1.0,1.0
Infiraji_11.pdf_page_10_line_015,Valid but hard,,جمَعَرْسَ بَسࣸىْ بَڧِࢽْ ثِکِيبَا,أَجْمَعَرْࢽَ بَسࣸࢽْ بَڧِࢽࢽْ ثِکِبَا,../data/ajami-prepared-no-partial-leak/train/Infiraji_11.pdf_page_10_line_015.png,2025-11-19T21:56:44,0.0625,0.5
Infiraji_11.pdf_page_10_line_016,Valid but hard,,عٜࢽْ اوا,و,../data/ajami-prepared-no-partial-leak/train/Infiraji_11.pdf_page_10_line_016.png,2025-11-19T20:58:38,0.625,1.0
Infiraji_11.pdf_page_10_line_017,Script mismatch (non-Arabic),,9,,../data/ajami-prepared-no-partial-leak/train/Infiraji_11.pdf_page_10_line_017.png,2025-12-20T10:57:59,0.0,0.0
Infiraji_11.pdf_page_11_line_004,Valid but hard,,طَࢽْ أمِيْࢽَ مَڢِى دَرَجَّا طَاوَيْࢽَسَ مِجِࢽْ هَدِيْجَا,طَࢽْ أَمِيࢽَ مَڢِي دَرَبَّا طَاوَبِࢽْسَ بِجِࢽْ حَدِيجَا,../data/ajami-prepared-no-partial-leak/train/Infiraji_11.pdf_page_11_line_004.png,2025-11-19T22:46:28,0.1864406779661017,0.7142857142857143
Infiraji_11.pdf_page_11_line_016,Script mismatch (non-Arabic),,10,,../data/ajami-prepared-no-partial-leak/train/Infiraji_11.pdf_page_11_line_016.png,2025-12-20T10:58:01,0.0,0.0
Infiraji_11.pdf_page_12_line_001,Valid but hard,,أࢽْکَثٜىٰ دَمࣸڧَرَّبࣸوࢽَ کࣸىْ شِرِى غَاالࢽَّبِيْࢽَا,أَࢽِْأَکِثٜيٰ دَمࣸغَرَّبࣸوࢽَ کࣸيْ شِرِى غَاالࢽِّبِيࢽَا,../data/ajami-prepared-no-partial-leak/train/Infiraji_11.pdf_page_12_line_001.png,2025-11-19T22:21:40,0.2037037037037037,0.6
Infiraji_11.pdf_page_12_line_004,Valid but hard,,سَيْدَکَىْ تَحِيَاغَأللهْ أࢽْکَثٜىٰ لَالٜى ڢِتِلَّهْ,سَيْدَکَيْ تَجِيَاغَأَلهْ أَࢽَْثٜىٰ مَالٜىٰ مِتِلَّه,../data/ajami-prepared-no-partial-leak/train/Infiraji_11.pdf_page_12_line_004.png,2025-11-19T22:53:16,0.1111111111111111,0.6
Infiraji_11.pdf_page_12_line_006,Valid but hard,,يَجِ کَلْمَابَاتَصطَࢽْ أدَمْبَا,يجِ کَلْمَابَاتَطَطࢽْ أَدَمِبَا,../data/ajami-prepared-no-partial-leak/train/Infiraji_11.pdf_page_12_line_006.png,2025-11-19T23:03:48,0.064516129032258,0.3333333333333333
Infiraji_11.pdf_page_12_line_016,Valid but hard,,کواْوࢽى,کواوࢽي,../data/ajami-prepared-no-partial-leak/train/Infiraji_11.pdf_page_12_line_016.png,2025-11-18T10:10:52,0.2857142857142857,1.0
Infiraji_11.pdf_page_13_line_012,Valid but hard,,دࣸوࢽْ بَاحيَالِࢽْسَ حَسَّدَابَا,دࣸوزࣸ َالِࢽْسَ هَسَّدَابَا,../data/ajami-prepared-no-partial-leak/train/Infiraji_11.pdf_page_13_line_012.png,2025-11-19T21:24:58,0.1612903225806451,0.3333333333333333
Infiraji_11.pdf_page_13_line_015,Valid but hard,,تࣸࢽْ بَامَکَطَادَࢳَࢽْ دَبࣸوْاْبَا,تࣸࢽْ بَا مَکَطَادَ بَࢽْ دَ بࣸوْأَبَا,../data/ajami-prepared-no-partial-leak/train/Infiraji_11.pdf_page_13_line_015.png,2025-11-18T10:14:35,0.0303030303030303,0.3333333333333333
Infiraji_11.pdf_page_13_line_016,Script mismatch (non-Arabic),,12,,../data/ajami-prepared-no-partial-leak/train/Infiraji_11.pdf_page_13_line_016.png,2025-12-20T10:58:02,0.0,0.0
Infiraji_11.pdf_page_14_line_001,Valid but hard,,سَࢽّࣸ طَامَى ݣࢽْࢽ ڟَيَاوَا مَىْ يَوَࢽْ ڢَرَعَادَکࣸوْاْوَا,سَࢽّࣸ طَالِيْکَرࢽْ ڟَيَارَا مَايَدَࢽْڢَرَمَادَوْاْوَا,../data/ajami-prepared-no-partial-leak/train/Infiraji_11.pdf_page_14_line_001.png,2025-11-19T21:35:43,0.2333333333333333,0.7142857142857143
Infiraji_11.pdf_page_14_line_017,Script mismatch (non-Arabic),,13,,../data/ajami-prepared-no-partial-leak/train/Infiraji_11.pdf_page_14_line_017.png,2025-12-20T10:58:03,0.5,1.0
Infiraji_11.pdf_page_15_line_001,Valid but hard,,يَوْڢَ وَاڧَاتَاتَڧَيْتَا کࣸلّࣸهَاسِتّࣸوࢽَ بَيْتََا,يَوڢِ وَاڧَاࢽَاتَڧَيْتَا کࣸلَّسَاسِࢽّࣸوࢽَ بَيْࢽَّا,../data/ajami-prepared-no-partial-leak/train/Infiraji_11.pdf_page_15_line_001.png,2025-11-19T23:12:21,0.2037037037037037,1.0
Infiraji_11.pdf_page_15_line_007,Valid but hard,,على رسࣸول الله,علي رسور الله,../data/ajami-prepared-no-partial-leak/train/Infiraji_11.pdf_page_15_line_007.png,2025-11-19T22:03:48,0.0714285714285714,0.3333333333333333
Infiraji_11.pdf_page_15_line_008,Valid but hard,,بڧلم إبراهيم,بࣸغَلمِ إِْرَامِيمࣸ,../data/ajami-prepared-no-partial-leak/train/Infiraji_11.pdf_page_15_line_008.png,2025-11-19T20:59:22,0.5,1.0
Infiraji_11.pdf_page_15_line_010,Script mismatch (non-Arabic),,14,,../data/ajami-prepared-no-partial-leak/train/Infiraji_11.pdf_page_15_line_010.png,2025-12-20T10:58:04,0.5,1.0
Infiraji_11.pdf_page_1_line_003,Valid but hard,,اَلࢽَّاشِرࣸاَحْمَدࣸالتِّجَاࢽِي حَڢِظَهࣸ الله,اَلࢽَّاشِرࣸأَحْمَدࣸ التِّجَاࢽِي حَڢِظَهࣸ اللَّهࣸ,../data/ajami-prepared-no-partial-leak/train/Infiraji_11.pdf_page_1_line_003.png,2025-11-19T22:12:18,0.25,1.0
Infiraji_11.pdf_page_1_line_004,Valid but hard,,وَڢَّڧْࢽَااللهࣸ إلَىٰ مَا يࣸحِبّࣸ. اميࢽْ,وَڢَّڧْࢽَااَللَّهࣸ إلَىٰ مَايࣸحِبّࣸ ءامِيࢽِ,../data/ajami-prepared-no-partial-leak/train/Infiraji_11.pdf_page_1_line_004.png,2025-11-19T22:18:05,0.2,1.0
Infiraji_11.pdf_page_1_line_007,Valid but hard,,زَارِِىَ,زَرَارِوَ,../data/ajami-prepared-no-partial-leak/train/Infiraji_11.pdf_page_1_line_007.png,2025-11-19T20:30:55,0.25,1.0
Infiraji_11.pdf_page_2_line_001,Valid but hard,,بِسْمِ اللهِ الرَّحْمَاࢽِ الرَّحِيم وَصَلَّى اللهࣸ عَلَى الࢽَبِى الکَرِيمْ,بِسمِ اِللَّهِ اِلرَّحْمَلࢽِ الرَّحِيمِ وَصَلى اَللَهࣸ عَلَى الࢽَّبِيِّ الْکَرِيمِ,../data/ajami-prepared-no-partial-leak/train/Infiraji_11.pdf_page_2_line_001.png,2025-11-18T10:12:05,0.1973684210526315,0.5555555555555556
Infiraji_11.pdf_page_2_line_016,Script mismatch (non-Arabic),,1,,../data/ajami-prepared-no-partial-leak/train/Infiraji_11.pdf_page_2_line_016.png,2025-12-20T10:58:05,1.0,1.0
Infiraji_11.pdf_page_3_line_011,Segmentation error,,وَࢽْدَيَاڢِ رࣸوَࢽْ ذࣸمَاأَغࣸمْبَا,تتمحمغحع مرࢽبمࢽ ع,../data/ajami-prepared-no-partial-leak/train/Infiraji_11.pdf_page_3_line_011.png,2025-11-18T10:37:13,0.9393939393939394,1.0
Infiraji_11.pdf_page_3_line_016,Script mismatch (non-Arabic),,2,,../data/ajami-prepared-no-partial-leak/train/Infiraji_11.pdf_page_3_line_016.png,2025-12-20T10:58:06,1.0,1.0
Infiraji_11.pdf_page_4_line_011,Valid but hard,,سَيْدَيَذَّکَ ࢽࣸوࢽَ تࣸرْبَا کࣸوْادࣸهࣸوبَىْ وَࢽْ ڟَکٜىٰبَا,سَيْدَيَذَّکࣸ ࢽࣸࢽَ تࣸربَا کࣸواْ دࣸهࣸوبَيْ وَرْ ڟَکٜيٰبا,../data/ajami-prepared-no-partial-leak/train/Infiraji_11.pdf_page_4_line_011.png,2025-11-19T20:08:19,0.1166666666666666,0.6666666666666666
Infiraji_11.pdf_page_4_line_017,Script mismatch (non-Arabic),,3,,../data/ajami-prepared-no-partial-leak/train/Infiraji_11.pdf_page_4_line_017.png,2025-12-20T10:58:06,1.0,1.0
Infiraji_11.pdf_page_5_line_001,Valid but hard,,سَࢽْدَأࢽْ أيْکࣸوشِ شِريَا غَسْکِيَاتَاکࣸواْرِِڧَرْيا,سَࢽْدَ أَࢽْ أَيْکࣸوْاشِ غِرْيَا غَسْکِيَاࢽَاکࣸوْاْرِڧَرْيَا,../data/ajami-prepared-no-partial-leak/train/Infiraji_11.pdf_page_5_line_001.png,2025-11-18T10:13:21,0.2962962962962963,1.0
Infiraji_11.pdf_page_5_line_002,Valid but hard,,مَاسࣸ أيْکِࢽْ رَاڟٜىٰ حَࢽْيَا ڧِيدَسࣸواْوَسࣸ سࣸࢽْ بِيَيَّا,سࣸ ارࣸاࢽࣸرَࢽْ رَاڟٜيٰ حَࢽْيَا ڧِيدَسࣸواْرَسࣸ سࣸࢽْ بَيَا,../data/ajami-prepared-no-partial-leak/train/Infiraji_11.pdf_page_5_line_002.png,2025-11-19T21:24:39,0.2786885245901639,0.7142857142857143
Infiraji_11.pdf_page_5_line_004,Valid but hard,,شِي مࣸتࣸمْ ࢽٜىٰ مَىْ لَطَاڢَا کَٜࢽْ حَلِى دَجِکِي دَصِڢَّا,ࢽي مَتࣸمْ ࢽٜىٰ مَيْ لَطَاڢِا کَيِࢽْ حَلِي دَجِکِي دَسَِّا,../data/ajami-prepared-no-partial-leak/train/Infiraji_11.pdf_page_5_line_004.png,2025-11-19T22:53:17,0.1475409836065573,0.3333333333333333
Infiraji_11.pdf_page_5_line_011,Valid but hard,,غَيَوَࢽْ أزࣸمِى دَصَلَّه تَيْمَکࣸوࢽْسَ شِࢽَاغَأللهْ,غَايَوَࢽْ أَزࣸمِي دَلَّا تَْمَکࣸوࢽْسَ شِࢽَاغَأَللّه,../data/ajami-prepared-no-partial-leak/train/Infiraji_11.pdf_page_5_line_011.png,2025-11-19T22:21:53,0.0925925925925925,0.6
Infiraji_11.pdf_page_5_line_012,Valid but hard,,يَکࣸوْاْإِسَ جَلَّ بَىْ غَزَابَا,ييَاکࣸوْاءِسَ جَلَّ بَيْ غَزَابَا,../data/ajami-prepared-no-partial-leak/train/Infiraji_11.pdf_page_5_line_012.png,2025-11-19T23:13:24,0.15625,0.5
Infiraji_11.pdf_page_5_line_013,Valid but hard,,رَبَّࢽَايَابَٜىدَوَࢽْجِࢽْ مَاسࣸ ڧِࢽْسَ سَبوْدَڧࣸࢽْجِࢽْ,رَرࢽْتَابَابَدَّوَࢽْجِࢽْ مَاسࣸ ڧِࢽْسَ سَبࣸواْدَڧࣸࢽْجِࢽِ,../data/ajami-prepared-no-partial-leak/train/Infiraji_11.pdf_page_5_line_013.png,2025-11-19T22:12:22,0.1403508771929824,0.5
Infiraji_11.pdf_page_5_line_014,Valid but hard,,أَرْزِڧِࢽْسَ يَهَسْکَ ڧِرْجِࢽْ اَلࢽَّبِࢽْسَ أبࣸوکَ بَرْجِࢽْ,ذَزِڧِࢽْࢽَْاکَ غِرْجِࢽْ اَلࢽَّبࢽْسَ أَبࣸوحَکِ بَرْجِࢽْ,../data/ajami-prepared-no-partial-leak/train/Infiraji_11.pdf_page_5_line_014.png,2025-11-19T21:17:27,0.1147540983606557,0.6666666666666666
Infiraji_11.pdf_page_6_line_005,Wrong transcription,کَامِلي أَبَرِࢽْ عَدَاوَا ذࣸوشِيَاتَسَ بَاطفارَا,بَشِکَࢽْ ڧِ مࣸتࣸمْ أَکَࢽْ رَشِيبَا,کَامِلي أَبَرِࢽْ عَدَاوَا ذࣸوشِيَاتَسَ بَاکَاغَارَا,../data/ajami-prepared-no-partial-leak/train/Infiraji_11.pdf_page_6_line_005.png,2025-12-19T12:13:41,1.088235294117647,1.0
Infiraji_11.pdf_page_6_line_006,Wrong transcription,,شِي تَوَاضِعࣸ ࢽٜىٰ هَلِࢽْسَ إِࢽْ يَهَࢽْغِ مࣸتࣸمْ أَࢽٜـيٰـسَا,بَشِکَࢽْشِ مࣸتࣸمْ أَکَࢽْ رَشِيبَا,../data/ajami-prepared-no-partial-leak/train/Infiraji_11.pdf_page_6_line_006.png,2025-11-19T20:10:26,0.7166666666666667,1.0
Infiraji_11.pdf_page_6_line_007,Wrong transcription,,سَيْ يَتَاشِ يَجَي سࣸغَيْسَا دࣸوࢽْ ثِکَکَّࢽْ هَࢽْکَلِࢽْسَا,شِي تَوَاضَمࣸࢽٜىٰ هَلِࢽْسَا إِࢽْ يَسَࢽْغِ مࣸتࣸمْ أَࢽٜيمَا,../data/ajami-prepared-no-partial-leak/train/Infiraji_11.pdf_page_6_line_007.png,2025-11-19T20:13:39,0.6724137931034483,1.1428571428571428
Infiraji_11.pdf_page_6_line_008,Wrong transcription,سَىْ يَتَاشِ سَجٜىٰ سࣸغَيْسَا دࣸوࢽْ ثِکَکٜيٰࢽْ مَکَلِࢽْسَا,دࣸوبَࢽْشِ دَکَيْ بَشِى يوَابَا,سَىْ يَتَاشِ سَجٜىٰ سࣸغَيْسَا دࣸوࢽْ ثِکَکٜيٰࢽْ مَکَلِࢽْسَا,../data/ajami-prepared-no-partial-leak/train/Infiraji_11.pdf_page_6_line_008.png,2025-12-19T12:13:30,1.4333333333333331,1.75
Infiraji_11.pdf_page_6_line_016,Valid but hard,,مي ادوا,مي ادک,../data/ajami-prepared-no-partial-leak/train/Infiraji_11.pdf_page_6_line_016.png,2025-11-18T10:10:44,0.0,0.0
Infiraji_11.pdf_page_7_line_013,Valid but hard,,طَࢽْ أَوَابَاوَامَشِيْءَا سࣸوْاشِ دࣸوْمِࢽْ کَࢽٜࢽْ صَليْءا,طَࢽْ أࣸوَابَاوَامَشِيعَا سࣸواْشِ دࣸواْمِࢽْ کَࢽْ طَيِتَا,../data/ajami-prepared-no-partial-leak/train/Infiraji_11.pdf_page_7_line_013.png,2025-11-19T21:42:23,0.2166666666666666,0.8333333333333334
Infiraji_11.pdf_page_7_line_014,Valid but hard,,بِࢽْمَ بِࢽْ حَڧِّࢽْ شَرِيْعا ذَࢽْ يَبࣸوࢽْسَ يَزَمْ صَࢽَاعَا,بِࢽْسَبِࢽْهَڧِّࢽْ شَرِيلَا ذِࢽْ يَبࣸوࢽْسَ بَزَمْ أَࢽْاعَا,../data/ajami-prepared-no-partial-leak/train/Infiraji_11.pdf_page_7_line_014.png,2025-11-19T22:59:16,0.0967741935483871,0.375
Infiraji_11.pdf_page_7_line_015,Valid but hard,,کَىْ بَکَاتࣸوْازَرْتَ لَاحِرَابَا,ََيْ بَکَاتࣸواْزَرْتَذَاِراْبَا,../data/ajami-prepared-no-partial-leak/train/Infiraji_11.pdf_page_7_line_015.png,2025-11-19T21:20:15,0.1515151515151515,1.0
Infiraji_11.pdf_page_7_line_016,Script mismatch (non-Arabic),,6,,../data/ajami-prepared-no-partial-leak/train/Infiraji_11.pdf_page_7_line_016.png,2025-12-20T10:58:24,0.0,0.0
Infiraji_11.pdf_page_8_line_009,Valid but hard,,شِى بَىْ تَبَٜٜ سَابَ ألْکَوَرْبَا,شِي بَيْ تَبَ سَابَ أَلْوَرْبَا,../data/ajami-prepared-no-partial-leak/train/Infiraji_11.pdf_page_8_line_009.png,2025-11-19T22:12:04,0.1176470588235294,0.6
Infiraji_11.pdf_page_8_line_015,Valid but hard,,غَاکَيْوتَابَادَکࣸوࢽْ مَتࣸوابَا,غَاکَيوْتَابَادَکࣸورْمَتࣸوبَا,../data/ajami-prepared-no-partial-leak/train/Infiraji_11.pdf_page_8_line_015.png,2025-11-19T20:07:27,0.0,0.0
Infiraji_11.pdf_page_8_line_016,Valid but hard,,غَابوࢽ,غايࣸوࢽ,../data/ajami-prepared-no-partial-leak/train/Infiraji_11.pdf_page_8_line_016.png,2025-11-18T10:01:12,0.1666666666666666,1.0
Infiraji_12.pdf_page_10_line_016,Valid but hard,,سَى اثٜى,سى اࢽى,../data/ajami-prepared-no-partial-leak/train/Infiraji_12.pdf_page_10_line_016.png,2025-11-18T10:40:37,0.5,1.0
Infiraji_12.pdf_page_10_line_017,Script mismatch (non-Arabic),,10,,../data/ajami-prepared-no-partial-leak/train/Infiraji_12.pdf_page_10_line_017.png,2025-12-20T10:49:42,0.0,0.0
Infiraji_12.pdf_page_11_line_016,Script mismatch (non-Arabic),,11,,../data/ajami-prepared-no-partial-leak/train/Infiraji_12.pdf_page_11_line_016.png,2025-12-20T10:49:44,0.5,1.0
Infiraji_12.pdf_page_12_line_005,Valid but hard,,ࢳَࢽْ وࣸڧَاکࣸواْطَرْبِدَاࢽٜىٰ؟ کٜىٰ ڟَرٜىٰمَسَ ثࣸوتࣸوَاࢽٜىٰ؟,عَرْوࣸڧَاکࣸواْطَࢽْ بِدَاࢽٜيٰ؟ کٜيٰ ڟَرٜيٰمَسَ ثࣸوتࣸوَاࢽٜيٰ,../data/ajami-prepared-no-partial-leak/train/Infiraji_12.pdf_page_12_line_005.png,2025-11-19T23:00:03,0.2258064516129032,1.0
Infiraji_12.pdf_page_12_line_016,Valid but hard,,ࢽٜىم,ࢽيم,../data/ajami-prepared-no-partial-leak/train/Infiraji_12.pdf_page_12_line_016.png,2025-11-19T20:31:50,0.5,1.0
Infiraji_12.pdf_page_12_line_017,Script mismatch (non-Arabic),,12,,../data/ajami-prepared-no-partial-leak/train/Infiraji_12.pdf_page_12_line_017.png,2025-12-20T10:49:45,0.5,1.0
Infiraji_12.pdf_page_13_line_016,Script mismatch (non-Arabic),,13,,../data/ajami-prepared-no-partial-leak/train/Infiraji_12.pdf_page_13_line_016.png,2025-12-20T10:49:46,0.0,0.0
Infiraji_12.pdf_page_14_line_016,Valid but hard,,اࢽتذو,إࢽتذو,../data/ajami-prepared-no-partial-leak/train/Infiraji_12.pdf_page_14_line_016.png,2025-11-20T08:48:34,0.0,0.0
Infiraji_12.pdf_page_15_line_016,Script mismatch (non-Arabic),,15,,../data/ajami-prepared-no-partial-leak/train/Infiraji_12.pdf_page_15_line_016.png,2025-12-20T10:49:47,0.5,1.0
Infiraji_12.pdf_page_16_line_015,Valid but hard,,طَاکِࢽْدَيَݣَاࢽَ ذَيْىِ غَمْبَا,طَاکِࢽْدَبَکَاذَيْيِ غَمْبَا,../data/ajami-prepared-no-partial-leak/train/Infiraji_12.pdf_page_16_line_015.png,2025-11-19T22:25:50,0.1290322580645161,0.6666666666666666
Infiraji_12.pdf_page_16_line_016,Valid but hard,,اربعر,اربڢࢽ,../data/ajami-prepared-no-partial-leak/train/Infiraji_12.pdf_page_16_line_016.png,2025-11-18T10:40:16,0.4,1.0
Infiraji_12.pdf_page_16_line_017,Script mismatch (non-Arabic),,16,,../data/ajami-prepared-no-partial-leak/train/Infiraji_12.pdf_page_16_line_017.png,2025-12-20T10:49:48,0.5,1.0
Infiraji_12.pdf_page_19_line_016,Script mismatch (non-Arabic),,19,,../data/ajami-prepared-no-partial-leak/train/Infiraji_12.pdf_page_19_line_016.png,2025-12-20T10:49:50,0.5,1.0
Infiraji_12.pdf_page_1_line_001,Valid but hard,,وَاڧَرْإࢽْڢِرَاجِ تَهࣸطࣸ,َيَاشِرْ إِࢽْڢِرَاجِ تَالِبࣸا,../data/ajami-prepared-no-partial-leak/train/Infiraji_12.pdf_page_1_line_001.png,2025-11-19T20:35:10,0.0,0.0
Infiraji_12.pdf_page_1_line_002,Valid but hard,,غَرْغَطِي,غَرْغَلِ,../data/ajami-prepared-no-partial-leak/train/Infiraji_12.pdf_page_1_line_002.png,2025-11-19T21:47:57,0.1111111111111111,1.0
Infiraji_12.pdf_page_1_line_004,Valid but hard,,اَلࢽَّاشِرࣸأَحْمَدࣸالتِجَّاࢽِي حَڢِظَهࣸ اللهࣸ وَڢَّڧَࢽَا,الࢽَّاشِرࣸأَحْمَدࣸاللࣸجَاࢽِي مَڢِظَهࣸ اللَّهࣸ وَڢَّڧَّࢽَا,../data/ajami-prepared-no-partial-leak/train/Infiraji_12.pdf_page_1_line_004.png,2025-11-19T22:45:32,0.1428571428571428,0.75
Infiraji_12.pdf_page_1_line_006,Valid but hard,,مࣸوَلَّڢࣸ هَذَاالکِتَابࣸ الْحَاجِِ,مࣸوَلِّڢࣸ هَٰذَاالْکَتَابࣸ اَلحَاجِ,../data/ajami-prepared-no-partial-leak/train/Infiraji_12.pdf_page_1_line_006.png,2025-11-18T10:13:37,0.0588235294117647,0.6666666666666666
Infiraji_12.pdf_page_1_line_007,Valid but hard,,مَالَمْ عَلِيّࣸ ࢽَمَࢽْغِ زَرِيَ,َمَالَمْ أَلࣸࢽْࢽَمࢽْغْ زَارِارَ,../data/ajami-prepared-no-partial-leak/train/Infiraji_12.pdf_page_1_line_007.png,2025-11-19T20:41:14,0.032258064516129,0.25
Infiraji_12.pdf_page_20_line_010,Script mismatch (non-Arabic),,20,,../data/ajami-prepared-no-partial-leak/train/Infiraji_12.pdf_page_20_line_010.png,2025-12-20T10:49:57,0.5,1.0
Infiraji_12.pdf_page_2_line_001,Valid but hard,,بِسمِ اللهِ الرَّحْمࢽِٰ الرَّحِيْمِ. وَصَلَّى اللهࣸ عَلَى الࢽَّبِىِّ الْکَرِِيمِ,بِسْمِ اِللهِ اِلرَّحْمَٰࢽِ الرَّحِيمِ وَصَلَّى اَللَّهࣸ عَلَى اِلࢽَّبِيِّ اِلْکَرِيمِ,../data/ajami-prepared-no-partial-leak/train/Infiraji_12.pdf_page_2_line_001.png,2025-11-19T22:50:14,0.1975308641975308,0.8
Infiraji_12.pdf_page_2_line_016,Script mismatch (non-Arabic),,2,,../data/ajami-prepared-no-partial-leak/train/Infiraji_12.pdf_page_2_line_016.png,2025-12-20T10:49:52,1.0,1.0
Infiraji_12.pdf_page_3_line_016,Script mismatch (non-Arabic),,3,,../data/ajami-prepared-no-partial-leak/train/Infiraji_12.pdf_page_3_line_016.png,2025-12-20T10:50:01,1.0,1.0
Infiraji_12.pdf_page_4_line_017,Script mismatch (non-Arabic),,4,,../data/ajami-prepared-no-partial-leak/train/Infiraji_12.pdf_page_4_line_017.png,2025-12-20T10:50:02,1.0,1.0
Infiraji_12.pdf_page_5_line_014,Valid but hard,,هَلَکَاࢽَسَ بَاأبِࢽْ مࣸسࣸوبَا,ِلکِاࢽَسَ بَا أَبِࢽْ مࣸسࣸوبَا,../data/ajami-prepared-no-partial-leak/train/Infiraji_12.pdf_page_5_line_014.png,2025-11-19T22:11:11,0.0689655172413793,0.6666666666666666
Infiraji_12.pdf_page_5_line_015,Script mismatch (non-Arabic),,5,,../data/ajami-prepared-no-partial-leak/train/Infiraji_12.pdf_page_5_line_015.png,2025-12-20T10:50:03,1.0,1.0
Infiraji_12.pdf_page_6_line_016,Script mismatch (non-Arabic),,6,,../data/ajami-prepared-no-partial-leak/train/Infiraji_12.pdf_page_6_line_016.png,2025-12-20T10:50:04,0.0,0.0
Infiraji_12.pdf_page_8_line_016,Valid but hard,,طايڢاط,طايڢاد,../data/ajami-prepared-no-partial-leak/train/Infiraji_12.pdf_page_8_line_016.png,2025-11-19T20:06:57,0.1666666666666666,1.0
Infiraji_12.pdf_page_8_line_017,Script mismatch (non-Arabic),,8,,../data/ajami-prepared-no-partial-leak/train/Infiraji_12.pdf_page_8_line_017.png,2025-12-20T10:50:05,1.0,1.0
Infiraji_3.pdf_page_11_line_006,Valid but hard,,بأسࣸوْا أَيِ بَاسَاکيٜيٰبَا,بَأَسࣸوْاأَيِ بَادَسَاکَيٜيٰبَا,../data/ajami-prepared-no-partial-leak/train/Infiraji_3.pdf_page_11_line_006.png,2025-11-19T21:55:14,0.2222222222222222,1.0
Infiraji_3.pdf_page_12_line_016,Script mismatch (non-Arabic),,10,,../data/ajami-prepared-no-partial-leak/train/Infiraji_3.pdf_page_12_line_016.png,2025-12-20T10:50:09,0.0,0.0
Infiraji_3.pdf_page_13_line_016,Valid but hard,,سࣸڢَشٜيٰ کࣸمْ بَادَوَيْوَيَابَا,دَسࣸڢَشٜيٰ کࣸورْبَادَوَيْوَيَابَا ل,../data/ajami-prepared-no-partial-leak/train/Infiraji_3.pdf_page_13_line_016.png,2025-11-19T21:43:14,0.032258064516129,0.3333333333333333
Infiraji_3.pdf_page_15_line_016,Script mismatch (non-Arabic),,13,,../data/ajami-prepared-no-partial-leak/train/Infiraji_3.pdf_page_15_line_016.png,2025-12-20T10:50:11,0.5,1.0
Infiraji_3.pdf_page_16_line_016,Script mismatch (non-Arabic),,14,,../data/ajami-prepared-no-partial-leak/train/Infiraji_3.pdf_page_16_line_016.png,2025-12-20T10:50:13,0.5,1.0
Infiraji_3.pdf_page_17_line_017,Script mismatch (non-Arabic),,15,,../data/ajami-prepared-no-partial-leak/train/Infiraji_3.pdf_page_17_line_017.png,2025-12-20T10:50:18,0.5,1.0
Infiraji_3.pdf_page_19_line_001,Valid but hard,,يَاإِلَهِ الْعَالَمِيࢽَ تَيْمَکٜيٰمࣸ رِڧࣸࢽْ أَمَاࢽا,بِلاِلَهِ الْعَالَمِيَ تَيْمَکٜىمࣸ رِࢽࣸࢽْ أَمَاࢽَا,../data/ajami-prepared-no-partial-leak/train/Infiraji_3.pdf_page_19_line_001.png,2025-11-19T20:06:21,0.1886792452830188,1.0
Infiraji_3.pdf_page_19_line_003,Valid but hard,,کڟَرٜيٰمࣸي دَمَاسࣸ غَابَا دَشِ,کَڟَرٜيٰمࣸ دَشِي دَمَاسࣸ غَابَا,../data/ajami-prepared-no-partial-leak/train/Infiraji_3.pdf_page_19_line_003.png,2025-11-18T10:41:01,0.4333333333333333,0.75
Infiraji_3.pdf_page_19_line_016,Script mismatch (non-Arabic),,17,,../data/ajami-prepared-no-partial-leak/train/Infiraji_3.pdf_page_19_line_016.png,2025-12-20T10:50:19,0.0,0.0
Infiraji_3.pdf_page_1_line_004,Valid but hard,,وَڢَّڧَࢽَا اللَّهࣸ إِلىَ مَايࣸحِبّࣸ ءامِيࢽ,وَڢَّڧْࢽَااللَهࣸ إلَىٰ مَايࣸحِبّࣸ ءَاطࢽْ,../data/ajami-prepared-no-partial-leak/train/Infiraji_3.pdf_page_1_line_004.png,2025-11-18T10:42:25,0.0952380952380952,0.8
Infiraji_3.pdf_page_20_line_016,Script mismatch (non-Arabic),,18,,../data/ajami-prepared-no-partial-leak/train/Infiraji_3.pdf_page_20_line_016.png,2025-12-20T10:50:20,0.5,1.0
Infiraji_3.pdf_page_21_line_016,Script mismatch (non-Arabic),,19,,../data/ajami-prepared-no-partial-leak/train/Infiraji_3.pdf_page_21_line_016.png,2025-12-20T10:50:21,0.0,0.0
Infiraji_3.pdf_page_22_line_011,Valid but hard,,بِحَمْدِاللهِ وَالصَلَاةࣸ و,بِحَمْدِ اللهِ وَالِصَلاةࣸ وَاتَلَامࣸ,../data/ajami-prepared-no-partial-leak/train/Infiraji_3.pdf_page_22_line_011.png,2025-11-19T21:34:45,0.2962962962962963,1.0
Infiraji_3.pdf_page_22_line_012,Valid but hard,,عَلَىٰ رَسࣸولࣸ الله,عَلَىٰ رَاسࣸوࢽࣸ الهِ,../data/ajami-prepared-no-partial-leak/train/Infiraji_3.pdf_page_22_line_012.png,2025-11-19T22:08:12,0.0526315789473684,0.3333333333333333
Infiraji_3.pdf_page_22_line_015,Script mismatch (non-Arabic),,20,,../data/ajami-prepared-no-partial-leak/train/Infiraji_3.pdf_page_22_line_015.png,2025-12-20T10:50:21,0.0,0.0
Infiraji_3.pdf_page_2_line_003,Wrong transcription,اَلࢽَّاشِرࣸأَحْمَدࣸ التِّجَاࢽِي حَڢِظَهࣸ اللَهࣸ partial,اَلࢽَّاشِرࣸ أحَمَدࣸ التِجَاࢽِي حَڢِظَࢽ اَللَّهࣸ,اَلࢽَّاشِرࣸأَحْمَدࣸ التِّجَاࢽِي حَڢِظَهࣸ اللَهࣸ,../data/ajami-prepared-no-partial-leak/train/Infiraji_3.pdf_page_2_line_003.png,2025-12-19T12:37:35,0.1489361702127659,1.0
Infiraji_3.pdf_page_3_line_002,Valid but hard,,وَعَلىءَالِهِ وَصحْبِهِ وسَلَّمَ,وَعَلَىٰ ءَالِهِ وَصَحْبِهِ وَسَلَّمَ؞,../data/ajami-prepared-no-partial-leak/train/Infiraji_3.pdf_page_3_line_002.png,2025-11-19T22:36:37,0.1875,1.3333333333333333
Infiraji_3.pdf_page_3_line_003,Valid but hard,,کَرکَيَردَ دَمَيکَسَالَه غࣸࢽ اَبࣸوتَادَࢽْ جَهَالْه,کَرْکَيَرْدَدَمَيْ کَسَالَهْ غࣸࢽْ أَبࣸوتَادَࢽْ جِهَالَهْ,../data/ajami-prepared-no-partial-leak/train/Infiraji_3.pdf_page_3_line_003.png,2025-11-19T21:56:40,0.24,1.0
Infiraji_3.pdf_page_3_line_004,Valid but hard,,شِکَسَاهِمَّتَلَالَهْ ثِى مࣸتࣸم مَي سࣸوࢽْ کَمَالَهْ,شِي کَسَاهِمَّاتَلَالَهْ ثٜيٰ مࣸتࣸمْ مَيْ سࣸوْࢽْ کَمَالَه,../data/ajami-prepared-no-partial-leak/train/Infiraji_3.pdf_page_3_line_004.png,2025-11-19T22:21:14,0.1372549019607843,0.8333333333333334
Infiraji_3.pdf_page_3_line_007,Valid but hard,,أَرزِڧِى غَمࣸتࣸمْ ࢽَرَيٜىٰ ڟَيࣸدسࣸࢽَّه ڢَىْ دَيࣸوميٜىٰ,أَرْزِڧِي غَمࣸتࣸمْ ࢽَرَايٜيٰ ڟَيْدَسࣸࢽَّهْ ڢَيْ دَݒࣸويٜيٰ,../data/ajami-prepared-no-partial-leak/train/Infiraji_3.pdf_page_3_line_007.png,2025-11-19T22:12:27,0.2037037037037037,0.8333333333333334
Infiraji_3.pdf_page_3_line_010,Valid but hard,,تَࢽْ سَشِࢽْ أيْکِى ࢽَبَرْࢽَا ڢَىْ ديࣸويٜىٰ شِطَيْدَسࣸࢽَّا,تَرْسَشِࢽْ أَبْکِي ࢽَبَرْࢽَا ڢَيْ دَݒࣸوبٜيٰ شِڟَيْدَسࣸࢽَّا,../data/ajami-prepared-no-partial-leak/train/Infiraji_3.pdf_page_3_line_010.png,2025-11-19T22:26:02,0.1578947368421052,0.7142857142857143
Infiraji_3.pdf_page_3_line_012,Valid but hard,,کَرْسࣸيَردَدَمَاسࣸ ڟَاڢِى سࣸࢽْزَمࣸواْسَوࢽَىٰٜ عَڢَيڢَى,کَرْشِيَرْدَدَمَاسࣸ ڟَاڢِى سࣸࢽْزَمࣸواْسࣸوࢽٜىٰ عَڢِيْڢِى,../data/ajami-prepared-no-partial-leak/train/Infiraji_3.pdf_page_3_line_012.png,2025-11-19T23:01:22,0.2037037037037037,1.0
Infiraji_3.pdf_page_4_line_003,Valid but hard,,ذࣸࢽࣸبِى ࢽٜىٰ بَاْأبَرْمࣸسࣸوبَا,ذࣸࢽࣸبِى ࢽٜىٰ بَاأَبِࢽْ مࣸسࣸوبَا,../data/ajami-prepared-no-partial-leak/train/Infiraji_3.pdf_page_4_line_003.png,2025-11-19T23:03:01,0.1333333333333333,0.6666666666666666
Infiraji_3.pdf_page_4_line_015,Valid but hard,,بَأسَامِ أبِࢽدَيَاإيَابَا,بَأَسَامِ أَبِࢽْدَيَاإِيَابَا,../data/ajami-prepared-no-partial-leak/train/Infiraji_3.pdf_page_4_line_015.png,2025-11-19T23:11:51,0.08,0.5
Infiraji_3.pdf_page_4_line_016,Script mismatch (non-Arabic),,2,,../data/ajami-prepared-no-partial-leak/train/Infiraji_3.pdf_page_4_line_016.png,2025-12-20T10:50:26,0.0,0.0
Infiraji_3.pdf_page_5_line_002,Valid but hard,,يٜࢽْ أࣸوَاسࣸتَهࣸوغَࢽِࢽْسَا تَمْبَيَرْ کࣸواࢽَّࢽْ حَرکِࢽْسَا کࣸوْا,يٜࢽْ أࣸوَاسࣸتَهࣸوغَࢽِࢽْسَا تَمْبَيَرْکࣸوْاْࢽَࢽْ جِکِࢽْسَا,../data/ajami-prepared-no-partial-leak/train/Infiraji_3.pdf_page_5_line_002.png,2025-11-19T22:12:59,0.203125,0.8333333333333334
Infiraji_3.pdf_page_5_line_004,Wrong transcription,غَاشِ کࣸوࢽْثٜىٰ ثِکِࢽْ ڧَرَمْشِى ثِى دَشابَلٜىٰ ڢَبَرْثِي partial,غَاشِ ڟࣸوࢽْثٜىٰ ثِکِࢽْ ڧَرَمْشِى ثِى دَشا,غَاشِ کࣸوࢽْثٜىٰ ثِکِࢽْ ڧَرَمْشِى ثِى دَشَابَلٜىٰ ڢَبَرْثِي,../data/ajami-prepared-no-partial-leak/train/Infiraji_3.pdf_page_5_line_004.png,2025-12-19T12:11:39,0.5365853658536586,0.8333333333333334
Infiraji_3.pdf_page_7_line_008,Valid but hard,,تَادَشِي إِࢽْ زَيْيِ صَلاَّ بَࢽْدَمَاتَامَاتَا مَاسࣸ خَِيْضَا,تَادَشِي إِࢽْ زَيْيِ صَلَّا بَࢽْدَمَاتَامَاسࣸ خَيْڟَا,../data/ajami-prepared-no-partial-leak/train/Infiraji_3.pdf_page_7_line_008.png,2025-11-18T10:14:51,0.1967213114754098,0.7142857142857143
Infiraji_3.pdf_page_7_line_016,Valid but hard,,توشࢽا,ࢽࣸوشࢽا,../data/ajami-prepared-no-partial-leak/train/Infiraji_3.pdf_page_7_line_016.png,2025-11-19T20:40:46,0.0,0.0
Infiraji_3.pdf_page_7_line_017,Script mismatch (non-Arabic),,5,,../data/ajami-prepared-no-partial-leak/train/Infiraji_3.pdf_page_7_line_017.png,2025-12-20T10:50:37,1.0,1.0
Infiraji_3.pdf_page_8_line_016,Script mismatch (non-Arabic),,6,,../data/ajami-prepared-no-partial-leak/train/Infiraji_3.pdf_page_8_line_016.png,2025-12-20T10:50:45,0.0,0.0
Infiraji_3.pdf_page_9_line_017,Script mismatch (non-Arabic),,7,,../data/ajami-prepared-no-partial-leak/train/Infiraji_3.pdf_page_9_line_017.png,2025-12-20T10:50:51,0.0,0.0
Infiraji_4.pdf_page_10_line_001,Wrong transcription,+ number,7,,../data/ajami-prepared-no-partial-leak/train/Infiraji_4.pdf_page_10_line_001.png,2025-12-20T10:51:24,1.0,1.0
Infiraji_4.pdf_page_10_line_009,Valid but hard,,کࣸواْ مَذَوْوَاتَارٜيٰ کࣸواْکَثِࢽْ دَبَّاتَطَوْرٜيٰ,کࣸواْ مَذࣸوْوَاتَارٜيٰ تَارٜيٰ کࣸواْ کثِࢽْ دَبَّاتَطَوْرٜيٰ,../data/ajami-prepared-no-partial-leak/train/Infiraji_4.pdf_page_10_line_009.png,2025-11-18T10:45:03,0.1851851851851851,0.5
Infiraji_4.pdf_page_11_line_001,Wrong transcription,+ number,8,,../data/ajami-prepared-no-partial-leak/train/Infiraji_4.pdf_page_11_line_001.png,2025-12-20T10:51:34,1.0,1.0
Infiraji_4.pdf_page_12_line_001,Script mismatch (non-Arabic),,9,,../data/ajami-prepared-no-partial-leak/train/Infiraji_4.pdf_page_12_line_001.png,2025-12-20T10:51:44,1.0,1.0
Infiraji_4.pdf_page_13_line_001,Wrong transcription,+ number,10,,../data/ajami-prepared-no-partial-leak/train/Infiraji_4.pdf_page_13_line_001.png,2025-12-20T10:51:53,0.5,1.0
Infiraji_4.pdf_page_14_line_001,Script mismatch (non-Arabic),,11,,../data/ajami-prepared-no-partial-leak/train/Infiraji_4.pdf_page_14_line_001.png,2025-12-20T10:51:58,0.5,1.0
Infiraji_4.pdf_page_14_line_008,Wrong transcription,partial,سَيْ أَسَازَبَّاࢽِيَاوَا غَرْغَطࣸوسࣸ رکࣸوْوَا,سَيْ أَسَازَابَّاࢽِيَاوَا غَرْغطࣸوسࣸ سࣸطࣸورَکࣸووَا,../data/ajami-prepared-no-partial-leak/train/Infiraji_4.pdf_page_14_line_008.png,2025-12-19T11:34:15,0.1304347826086956,0.25
Infiraji_4.pdf_page_14_line_013,Valid but hard,,غَبَࢽْتࣸوبَاوࣸرِࢽْ ڢِتࣸوبَا,غَݒَتَتࣸوبَاوࣸرِِࢽْ ڢِࢽࣸوبَا,../data/ajami-prepared-no-partial-leak/train/Infiraji_4.pdf_page_14_line_013.png,2025-11-20T08:52:31,0.074074074074074,0.5
Infiraji_4.pdf_page_15_line_001,Wrong transcription,+ number,12,,../data/ajami-prepared-no-partial-leak/train/Infiraji_4.pdf_page_15_line_001.png,2025-12-20T10:52:15,0.5,1.0
Infiraji_4.pdf_page_16_line_001,Wrong transcription,+ number,13,,../data/ajami-prepared-no-partial-leak/train/Infiraji_4.pdf_page_16_line_001.png,2025-12-20T10:52:22,0.5,1.0
Infiraji_4.pdf_page_17_line_015,Valid but hard,,بَسࣸ سَࢽْ شِࢽٜيٰ يَکٜيٰ کَرَابَا,بَسࣸ سَࢽْ شِࢽٜيٰ يَکٜىٰ إِبَبَا,../data/ajami-prepared-no-partial-leak/train/Infiraji_4.pdf_page_17_line_015.png,2025-11-19T23:13:27,0.15625,0.4
Infiraji_4.pdf_page_18_line_015,Valid but hard,,بَسࣸ سَࢽْ شٜيࢽٜيٰ يکٜيٰ کِرَابَا,,../data/ajami-prepared-no-partial-leak/train/Infiraji_4.pdf_page_18_line_015.png,2025-11-19T20:53:30,0.25,0.6
Infiraji_4.pdf_page_20_line_015,Valid but hard,,دَطَ بَيْ ثٜيٰکࣸ لَاخِرَابَا,دَطَ بَىْ ثٜىٰ شٜىٰتَ لَاشِرَابَا,../data/ajami-prepared-no-partial-leak/train/Infiraji_4.pdf_page_20_line_015.png,2025-11-19T20:44:00,0.1785714285714285,0.5
Infiraji_4.pdf_page_28_line_001,Wrong transcription,+ number,25,,../data/ajami-prepared-no-partial-leak/train/Infiraji_4.pdf_page_28_line_001.png,2025-12-20T10:52:31,1.0,1.0
Infiraji_4.pdf_page_2_line_008,Valid but hard,,َزَارِِيَ؞,زَارِيَ؞,../data/ajami-prepared-no-partial-leak/train/Infiraji_4.pdf_page_2_line_008.png,2025-11-19T22:17:04,0.4,1.0
Infiraji_4.pdf_page_30_line_001,Wrong transcription,+ number,27,,../data/ajami-prepared-no-partial-leak/train/Infiraji_4.pdf_page_30_line_001.png,2025-12-20T10:53:28,1.0,1.0
Infiraji_4.pdf_page_30_line_003,Segmentation error,,کَدَکَيْ ࢽࣸوْامَ بَکَيْ جِرَابَا,َکيبࣸرَسَصَاوَ کَيْ غَبَرَابَوْسࣸکبَ,../data/ajami-prepared-no-partial-leak/train/Infiraji_4.pdf_page_30_line_003.png,2025-11-19T21:00:53,0.5625,1.0
Infiraji_4.pdf_page_32_line_016,Valid but hard,,تاࢽجࢽس,تَاࢽجࢽس,../data/ajami-prepared-no-partial-leak/train/Infiraji_4.pdf_page_32_line_016.png,2025-11-19T23:01:46,0.1666666666666666,1.0
Infiraji_4.pdf_page_33_line_001,Wrong transcription,+ number,30,,../data/ajami-prepared-no-partial-leak/train/Infiraji_4.pdf_page_33_line_001.png,2025-12-20T10:54:51,0.5,1.0
Infiraji_4.pdf_page_35_line_001,Wrong transcription,+ number,32,,../data/ajami-prepared-no-partial-leak/train/Infiraji_4.pdf_page_35_line_001.png,2025-12-20T10:54:56,0.5,1.0
Infiraji_4.pdf_page_36_line_001,Wrong transcription,+ number,33,,../data/ajami-prepared-no-partial-leak/train/Infiraji_4.pdf_page_36_line_001.png,2025-12-20T10:54:59,0.5,1.0
Infiraji_4.pdf_page_37_line_001,Wrong transcription,+ number,34,,../data/ajami-prepared-no-partial-leak/train/Infiraji_4.pdf_page_37_line_001.png,2025-12-20T10:55:02,0.5,1.0
Infiraji_4.pdf_page_38_line_001,Wrong transcription,+ number,35,,../data/ajami-prepared-no-partial-leak/train/Infiraji_4.pdf_page_38_line_001.png,2025-12-20T10:55:05,0.5,1.0
Infiraji_4.pdf_page_39_line_001,Wrong transcription,+ number,36,,../data/ajami-prepared-no-partial-leak/train/Infiraji_4.pdf_page_39_line_001.png,2025-12-20T10:55:07,0.5,1.0
Infiraji_4.pdf_page_3_line_001,Script mismatch (non-Arabic),,1,,../data/ajami-prepared-no-partial-leak/train/Infiraji_4.pdf_page_3_line_001.png,2025-12-20T10:52:39,0.0,0.0
Infiraji_4.pdf_page_3_line_002,Wrong transcription,بِسْمِ اِللَّهِ اِلرَّحْمَٰࢽِ الرَّحِيمِ وَصَلَّى اَللَّهࣸ عَلَى الࢽَّبِيِّ اِلکَرِيمِ partial,بِسْمِ اِللَّهِ اِلرَّحْمَٰࢽِ وَصَلَّى اَللَّهࣸ عَلَى الࢽَّبِيِّ اِلکَرِيمِ,بِسْمِ اللَّهِ اِلرَّحْمَٰࢽِ الرَّحِيمِ وَصَلَّى اَللَّهࣸ عَلَى الࢽَّبِيِّ الْکَرِيمِ,../data/ajami-prepared-no-partial-leak/train/Infiraji_4.pdf_page_3_line_002.png,2025-12-19T12:36:21,0.1866666666666666,0.625
Infiraji_4.pdf_page_40_line_001,Wrong transcription,+ number,37,,../data/ajami-prepared-no-partial-leak/train/Infiraji_4.pdf_page_40_line_001.png,2025-12-20T10:55:14,0.0,0.0
Infiraji_4.pdf_page_41_line_001,Wrong transcription,+ number,38,,../data/ajami-prepared-no-partial-leak/train/Infiraji_4.pdf_page_41_line_001.png,2025-12-20T10:55:17,0.5,1.0
Infiraji_4.pdf_page_42_line_001,Wrong transcription,+ non-Arabic,39,3,../data/ajami-prepared-no-partial-leak/train/Infiraji_4.pdf_page_42_line_001.png,2025-12-19T13:07:10,0.5,1.0
Infiraji_4.pdf_page_43_line_001,Wrong transcription,,40,إࢽ,../data/ajami-prepared-no-partial-leak/train/Infiraji_4.pdf_page_43_line_001.png,2025-12-19T13:12:06,0.5,1.0
Infiraji_4.pdf_page_43_line_009,Segmentation error,,شِکٜيٰ کࣸوْاْشِيمَابَذَيْ إِيَابَا,ِدِدَࢽْکࣸاتࣸوَࢽْ سَىْ يَثٜىٰ أَثْکِبَا,../data/ajami-prepared-no-partial-leak/train/Infiraji_4.pdf_page_43_line_009.png,2025-11-19T20:59:04,0.7647058823529411,1.3333333333333333
Infiraji_4.pdf_page_44_line_001,Wrong transcription,+ non-Arabic,41,1,../data/ajami-prepared-no-partial-leak/train/Infiraji_4.pdf_page_44_line_001.png,2025-12-19T13:07:57,0.5,1.0
Infiraji_4.pdf_page_45_line_001,Wrong transcription,+ numbers,42,41,../data/ajami-prepared-no-partial-leak/train/Infiraji_4.pdf_page_45_line_001.png,2025-12-19T13:17:02,1.0,1.0
Infiraji_4.pdf_page_46_line_001,Wrong transcription,+ non-Arabic,43,ࢽ,../data/ajami-prepared-no-partial-leak/train/Infiraji_4.pdf_page_46_line_001.png,2025-12-19T13:10:57,0.5,1.0
Infiraji_4.pdf_page_47_line_001,Wrong transcription,+ numbers,44,45,../data/ajami-prepared-no-partial-leak/train/Infiraji_4.pdf_page_47_line_001.png,2025-12-19T13:17:16,1.0,1.0
Infiraji_4.pdf_page_4_line_001,Wrong transcription,+ number,2,,../data/ajami-prepared-no-partial-leak/train/Infiraji_4.pdf_page_4_line_001.png,2025-12-20T10:55:11,0.0,0.0
Infiraji_4.pdf_page_7_line_013,Segmentation error,,أَکَبَاشِ رِڧࣸࢽْمࣸ رِڧيٰبَا,أکَيَاسِي رِوْࢽِمَ بَيْ رَڧِاَا,../data/ajami-prepared-no-partial-leak/train/Infiraji_4.pdf_page_7_line_013.png,2025-11-18T09:58:42,0.6666666666666666,1.0
Infiraji_4.pdf_page_8_line_001,Wrong transcription,+ number,5,,../data/ajami-prepared-no-partial-leak/train/Infiraji_4.pdf_page_8_line_001.png,2025-12-20T10:55:41,1.0,1.0
Infiraji_4.pdf_page_8_line_016,Valid but hard,,کࣸواْوَاذَيْ حَوْشِ بَابَعَابَا,کࣸوْاوَاذَي هَوشِ بَابَعَابَا,../data/ajami-prepared-no-partial-leak/train/Infiraji_4.pdf_page_8_line_016.png,2025-11-19T20:07:25,0.032258064516129,0.3333333333333333
Infiraji_5.pdf_page_10_line_016,Script mismatch (non-Arabic),,8,,../data/ajami-prepared-no-partial-leak/train/Infiraji_5.pdf_page_10_line_016.png,2025-12-20T10:55:46,1.0,1.0
Infiraji_5.pdf_page_12_line_016,Script mismatch (non-Arabic),,10,,../data/ajami-prepared-no-partial-leak/train/Infiraji_5.pdf_page_12_line_016.png,2025-12-20T10:55:48,0.0,0.0
Infiraji_5.pdf_page_13_line_017,Script mismatch (non-Arabic),,11,,../data/ajami-prepared-no-partial-leak/train/Infiraji_5.pdf_page_13_line_017.png,2025-12-20T10:55:49,0.5,1.0
Infiraji_5.pdf_page_15_line_016,Valid but hard,,وࢽد,رࢽد,../data/ajami-prepared-no-partial-leak/train/Infiraji_5.pdf_page_15_line_016.png,2025-11-19T21:05:10,0.0,0.0
Infiraji_5.pdf_page_15_line_017,Script mismatch (non-Arabic),,13,,../data/ajami-prepared-no-partial-leak/train/Infiraji_5.pdf_page_15_line_017.png,2025-12-20T10:55:50,0.5,1.0
Infiraji_5.pdf_page_16_line_016,Script mismatch (non-Arabic),,14,,../data/ajami-prepared-no-partial-leak/train/Infiraji_5.pdf_page_16_line_016.png,2025-12-20T10:55:51,0.5,1.0
Infiraji_5.pdf_page_19_line_017,Irrelevant / page number / marginal ,,١٦,,../data/ajami-prepared-no-partial-leak/train/Infiraji_5.pdf_page_19_line_017.png,2025-12-20T10:56:24,1.0,1.0
Infiraji_5.pdf_page_1_line_003,Segmentation error,,الࢽَّاشِرࣸأَحْمَدࣸ اَلتِّجَاࢽِي حَڢِظَهࣸ اللَّهࣸ وَڢَّ ڧَࢽَااللَّهࣸ,الࢽَّاغِرْ أَمْمَدَ اَلࢽّجَاࢽِي مَڢِاظَهࣸ اِلَّهࣸرَجَّ مْࢽَالَه,../data/ajami-prepared-no-partial-leak/train/Infiraji_5.pdf_page_1_line_003.png,2025-11-19T21:18:31,0.3529411764705882,1.0
Infiraji_5.pdf_page_1_line_005,Valid but hard,,بِإِذْࢽِ مࣸوَلِڢࣸ هَذَا,ِبِإِذْࢽِ مࣸوَلْهࣸ حَدَا,../data/ajami-prepared-no-partial-leak/train/Infiraji_5.pdf_page_1_line_005.png,2025-11-19T21:59:53,0.1304347826086956,0.6666666666666666
Infiraji_5.pdf_page_1_line_006,Valid but hard,,الکِتَابࣸ اَلْحَاجِ,الاکِࢽَابࣸ اَابَ,../data/ajami-prepared-no-partial-leak/train/Infiraji_5.pdf_page_1_line_006.png,2025-11-19T20:40:07,0.1052631578947368,1.0
Infiraji_5.pdf_page_1_line_008,Valid but hard,,زَارِِيَ؞,زَارِوَمْ,../data/ajami-prepared-no-partial-leak/train/Infiraji_5.pdf_page_1_line_008.png,2025-11-19T20:36:10,0.2222222222222222,1.0
Infiraji_5.pdf_page_20_line_007,Valid but hard,,تَمت بحمدالله,تمتْ بِحَمْدِ اللَّهِ,../data/ajami-prepared-no-partial-leak/train/Infiraji_5.pdf_page_20_line_007.png,2025-11-18T10:37:42,0.1538461538461538,1.0
Infiraji_5.pdf_page_20_line_010,Valid but hard,,.اميࢽ,ءاميࢽ,../data/ajami-prepared-no-partial-leak/train/Infiraji_5.pdf_page_20_line_010.png,2025-11-20T08:49:35,0.2,1.0
Infiraji_5.pdf_page_4_line_010,Valid but hard,,إِࢽْ أࣸوَا کࣸوْاْأࣸبَࢽْکَ کࣸوْمࣸغࣸࢽْتَرْ يٜࢽْ أࣸوَࢽْکَ,إِࢽْ أࣸرَاکࣸوْاْکࣸوْاْأࣸبَࢽْکَ کࣸواْمࣸغࣸࢽْࢽَرْبَࢽْ أࣸوَࢽْکَ,../data/ajami-prepared-no-partial-leak/train/Infiraji_5.pdf_page_4_line_010.png,2025-11-19T21:55:41,0.1964285714285714,0.6666666666666666
Infiraji_5.pdf_page_4_line_016,Script mismatch (non-Arabic),,1,,../data/ajami-prepared-no-partial-leak/train/Infiraji_5.pdf_page_4_line_016.png,2025-12-20T10:56:31,1.0,1.0
Infiraji_5.pdf_page_5_line_014,Valid but hard,,ثࣸوتَرْ ࢽَڧَسَرْسَ بَيْ سَثٜيٰ بَا طࢽد,شࣸوتَرْࢽَغَسَرْسَ بَࢽْ سَثٜيٰ بَا ِࢽْدِ,../data/ajami-prepared-no-partial-leak/train/Infiraji_5.pdf_page_5_line_014.png,2025-11-19T22:39:11,0.1707317073170731,0.6666666666666666
Infiraji_5.pdf_page_6_line_009,Valid but hard,,إِࢽْبَاسَاݒࣸواْأَکَيْ ࢽࣸڢِيبَا,إمْبَاسَابࣸوْأَکَيْ ࢽࣸڢِبَا,../data/ajami-prepared-no-partial-leak/train/Infiraji_5.pdf_page_6_line_009.png,2025-11-19T23:03:05,0.1,0.5
Infiraji_5.pdf_page_6_line_016,Script mismatch (non-Arabic),,4,,../data/ajami-prepared-no-partial-leak/train/Infiraji_5.pdf_page_6_line_016.png,2025-12-20T10:56:32,1.0,1.0
Infiraji_5.pdf_page_7_line_017,Script mismatch (non-Arabic),,5,,../data/ajami-prepared-no-partial-leak/train/Infiraji_5.pdf_page_7_line_017.png,2025-12-20T10:56:33,1.0,1.0
Infiraji_5.pdf_page_8_line_016,Script mismatch (non-Arabic),,6,,../data/ajami-prepared-no-partial-leak/train/Infiraji_5.pdf_page_8_line_016.png,2025-12-20T10:56:34,0.0,0.0
Infiraji_5.pdf_page_9_line_017,Script mismatch (non-Arabic),,7,,../data/ajami-prepared-no-partial-leak/train/Infiraji_5.pdf_page_9_line_017.png,2025-12-20T10:56:35,0.0,0.0
Infiraji_6.pdf_page_11_line_016,Wrong transcription,,ميشرࢽ,مى شرࢽ,../data/ajami-prepared-no-partial-leak/train/Infiraji_6.pdf_page_11_line_016.png,2025-12-18T16:11:03,0.4,2.0
Infiraji_6.pdf_page_11_line_017,Script mismatch (non-Arabic),,9,,../data/ajami-prepared-no-partial-leak/train/Infiraji_6.pdf_page_11_line_017.png,2025-12-20T10:56:37,1.0,1.0
Infiraji_6.pdf_page_13_line_017,Script mismatch (non-Arabic),,11,,../data/ajami-prepared-no-partial-leak/train/Infiraji_6.pdf_page_13_line_017.png,2025-12-20T10:56:42,0.5,1.0
Infiraji_6.pdf_page_14_line_016,Script mismatch (non-Arabic),,12,,../data/ajami-prepared-no-partial-leak/train/Infiraji_6.pdf_page_14_line_016.png,2025-12-20T10:56:43,0.0,0.0
Infiraji_6.pdf_page_15_line_007,Valid but hard,,غَاتَ طَوْرٜيٰ تَࢽَاتَهَࢽْغٜيٰ کَࢽْ أَڧَارٜيٰ أَرٜيٰغٜيٰ,غَاتَ طَوْرٜىٰ تَࢽَاتَهَࢽْغٜىٰ کَࢽْ أَڧَارٜىٰ شِرِي أَرٜىٰغٜىٰ,../data/ajami-prepared-no-partial-leak/train/Infiraji_6.pdf_page_15_line_007.png,2025-11-18T10:14:01,0.15,0.1666666666666666
Infiraji_6.pdf_page_15_line_016,Valid but hard,,سيش,سسيش,../data/ajami-prepared-no-partial-leak/train/Infiraji_6.pdf_page_15_line_016.png,2025-11-19T21:05:47,0.0,0.0
Infiraji_6.pdf_page_15_line_017,Script mismatch (non-Arabic),,13,,../data/ajami-prepared-no-partial-leak/train/Infiraji_6.pdf_page_15_line_017.png,2025-12-20T10:56:44,0.0,0.0
Infiraji_6.pdf_page_16_line_016,Script mismatch (non-Arabic),,14,,../data/ajami-prepared-no-partial-leak/train/Infiraji_6.pdf_page_16_line_016.png,2025-12-20T10:56:45,0.5,1.0
Infiraji_6.pdf_page_18_line_016,Script mismatch (non-Arabic),,16,,../data/ajami-prepared-no-partial-leak/train/Infiraji_6.pdf_page_18_line_016.png,2025-12-20T10:56:47,0.5,1.0
Infiraji_6.pdf_page_19_line_016,Valid but hard,,سى مکࢽ,سي مکࢽ,../data/ajami-prepared-no-partial-leak/train/Infiraji_6.pdf_page_19_line_016.png,2025-11-19T23:01:06,0.0,0.0
Infiraji_6.pdf_page_19_line_017,Script mismatch (non-Arabic),,17,,../data/ajami-prepared-no-partial-leak/train/Infiraji_6.pdf_page_19_line_017.png,2025-12-20T10:56:49,0.0,0.0
Infiraji_6.pdf_page_20_line_010,Wrong transcription,سَىْ يَثٜىٰ کࣸوࣸثٜى غَمࣸوسىٰ شِي أکَࢽْس ايَجٜىٰ غَعِيْسَىٰ partial,سَىْ يَثٜىٰ کࣸوࣸثٜى غَمࣸوسىٰ شِي أکَࢽْس اࢽسايَجٜىٰ غَعِيْسَىٰ,سَىْ يَثٜيٰ کࣸوࣸثٜيٰ غَمࣸوسَىٰ شِي أَکَࢽْسَ يَجٜىٰ غَعِيسَىٰ,../data/ajami-prepared-no-partial-leak/train/Infiraji_6.pdf_page_20_line_010.png,2025-12-19T12:37:23,0.2575757575757575,0.875
Infiraji_6.pdf_page_20_line_016,Script mismatch (non-Arabic),,18,,../data/ajami-prepared-no-partial-leak/train/Infiraji_6.pdf_page_20_line_016.png,2025-12-20T10:56:50,0.5,1.0
Infiraji_6.pdf_page_21_line_016,Valid but hard,,سى يثٜىم,سي بثم,../data/ajami-prepared-no-partial-leak/train/Infiraji_6.pdf_page_21_line_016.png,2025-11-19T20:32:02,0.125,0.5
Infiraji_6.pdf_page_21_line_017,Script mismatch (non-Arabic),,19,,../data/ajami-prepared-no-partial-leak/train/Infiraji_6.pdf_page_21_line_017.png,2025-12-20T10:56:51,0.0,0.0
Infiraji_6.pdf_page_22_line_016,Script mismatch (non-Arabic),,20,,../data/ajami-prepared-no-partial-leak/train/Infiraji_6.pdf_page_22_line_016.png,2025-12-20T10:56:53,0.0,0.0
Infiraji_6.pdf_page_23_line_016,Valid but hard,,تَمَت,ت,../data/ajami-prepared-no-partial-leak/train/Infiraji_6.pdf_page_23_line_016.png,2025-11-19T21:01:02,0.4,1.0
Infiraji_6.pdf_page_23_line_018,Script mismatch (non-Arabic),,21,,../data/ajami-prepared-no-partial-leak/train/Infiraji_6.pdf_page_23_line_018.png,2025-12-20T10:56:55,0.5,1.0
Infiraji_6.pdf_page_4_line_016,Script mismatch (non-Arabic),,2,,../data/ajami-prepared-no-partial-leak/train/Infiraji_6.pdf_page_4_line_016.png,2025-12-20T10:57:00,1.0,1.0
Infiraji_6.pdf_page_6_line_016,Script mismatch (non-Arabic),,4,,../data/ajami-prepared-no-partial-leak/train/Infiraji_6.pdf_page_6_line_016.png,2025-12-20T10:57:03,1.0,1.0
Infiraji_6.pdf_page_9_line_017,Script mismatch (non-Arabic),,7َ,,../data/ajami-prepared-no-partial-leak/train/Infiraji_6.pdf_page_9_line_017.png,2025-12-19T13:08:51,0.5,1.0
Infiraji_7.pdf_page_10_line_001,Valid but hard,,ظَهِرِي أَذَتࣸࢽْتَ يَاڧِ کࣸواْوࣸتَا کࣸواْغَبِيڧِ,ڟَاإِرِِْ دَتࣸࢽْتَ يَاشِ کࣸواْرࣸࢽَاکࣸواْکࣸواْࢽَبِيڧِ,../data/ajami-prepared-no-partial-leak/train/Infiraji_7.pdf_page_10_line_001.png,2025-11-19T20:44:45,0.2708333333333333,0.8
Infiraji_7.pdf_page_10_line_003,Valid but hard,,يَامَثى بَࢽى حَىعَ ڧࣸواْشِيَابَا,يَامَثٜيٰ بَيْ وٜيٰڢَ ڧࣸواْشِيَابَا,../data/ajami-prepared-no-partial-leak/train/Infiraji_7.pdf_page_10_line_003.png,2025-11-19T21:11:37,0.1875,0.75
Infiraji_7.pdf_page_10_line_007,Valid but hard,,دࣸوْبِ مَࢽْيَࢽْ مَزَاجى مَاسࣸ شَࢽْ کࣸواْڟࣸواْدَجَوجى,دࣸوْبِ دَࢽْ مَࢽْيَࢽْ مَزَاجٜىٰ مَاسࣸ شَࢽْ کࣸواْڟࣸواْدَجَوْجٜيٰ,../data/ajami-prepared-no-partial-leak/train/Infiraji_7.pdf_page_10_line_007.png,2025-11-19T22:08:04,0.1923076923076923,0.3333333333333333
Infiraji_7.pdf_page_10_line_017,Script mismatch (non-Arabic),,10,,../data/ajami-prepared-no-partial-leak/train/Infiraji_7.pdf_page_10_line_017.png,2025-12-20T10:57:05,0.0,0.0
Infiraji_7.pdf_page_11_line_013,Valid but hard,,عَيٜࢽْ اࣸوَاإࢽْ تَࢽْبَيٰٜکࣸ ࢽَاغَ وَوْتَࢽْ غَالِبَࢽْکْ,يَٜࢽْ أࣸوَاإِࢽْ تَࢽْبَيٰٜکࣸ غَاغَ رَوْسَرْغَابَࢽْکࣸ,../data/ajami-prepared-no-partial-leak/train/Infiraji_7.pdf_page_11_line_013.png,2025-11-19T21:27:53,0.2592592592592592,1.0
Infiraji_7.pdf_page_11_line_016,Script mismatch (non-Arabic),,11,,../data/ajami-prepared-no-partial-leak/train/Infiraji_7.pdf_page_11_line_016.png,2025-12-20T10:57:06,0.5,1.0
Infiraji_7.pdf_page_12_line_016,Valid but hard,,دودِ ࢳࢽ,دوب عࢽْ,../data/ajami-prepared-no-partial-leak/train/Infiraji_7.pdf_page_12_line_016.png,2025-11-18T10:38:58,0.2857142857142857,1.0
Infiraji_7.pdf_page_13_line_004,Valid but hard,,سَي هࣸلࣸولࣸ دَشَࢽْ سِغَارِ بَاسࣸ إِسْتِغِڢَارِ,سَيْ هَلࣸولࣸ دَشَࢽْ شِغَارِ بَاسࣸ سࣸࢽْ إِسْتِࢽْغِڢَارِ,../data/ajami-prepared-no-partial-leak/train/Infiraji_7.pdf_page_13_line_004.png,2025-11-18T10:44:54,0.2391304347826087,0.6666666666666666
Infiraji_7.pdf_page_13_line_012,Valid but hard,,مࣸغَ اَلࢽَّبِ بَادَڢِرْغِ,مࣸغَ اَلࢽَّبِ بَادَڢِرْغِتَابَا,../data/ajami-prepared-no-partial-leak/train/Infiraji_7.pdf_page_13_line_012.png,2025-11-19T21:28:13,0.24,0.3333333333333333
Infiraji_7.pdf_page_13_line_016,Script mismatch (non-Arabic),,13,,../data/ajami-prepared-no-partial-leak/train/Infiraji_7.pdf_page_13_line_016.png,2025-12-20T10:57:08,0.0,0.0
Infiraji_7.pdf_page_14_line_009,Valid but hard,,دَاجَࢽْ غࣸرْذࣸواْ بَيَثٜي بَا,دَاجَࢽْ غࣸرْذࣸواْبَيَامَثٜيٰ بَا,../data/ajami-prepared-no-partial-leak/train/Infiraji_7.pdf_page_14_line_009.png,2025-11-19T22:53:24,0.1724137931034483,0.5
Infiraji_7.pdf_page_14_line_017,Script mismatch (non-Arabic),,14,,../data/ajami-prepared-no-partial-leak/train/Infiraji_7.pdf_page_14_line_017.png,2025-12-20T10:57:08,0.0,0.0
Infiraji_7.pdf_page_16_line_016,Segmentation error,,تمت بحَمدلله,بحم ه,../data/ajami-prepared-no-partial-leak/train/Infiraji_7.pdf_page_16_line_016.png,2025-11-18T10:37:59,1.0,1.0
Infiraji_7.pdf_page_16_line_019,Valid but hard,,تمت بحمد,مت ا,../data/ajami-prepared-no-partial-leak/train/Infiraji_7.pdf_page_16_line_019.png,2025-11-19T20:23:25,0.25,0.5
Infiraji_7.pdf_page_16_line_020,Script mismatch (non-Arabic),,16,,../data/ajami-prepared-no-partial-leak/train/Infiraji_7.pdf_page_16_line_020.png,2025-12-20T10:57:09,0.5,1.0
Infiraji_7.pdf_page_1_line_004,Valid but hard,,إِلَىٰ مَايَحِبّࣸءَامِيࢽْ .. بِإِذْࢽِ الْمࣸوَلِّڢࣸ,إِࢽْيٰ مَايَحِبّࣸ ءَامِيࢽْ. بِإذْࢽِ اِلْمࣸرَلِّدࣸ,../data/ajami-prepared-no-partial-leak/train/Infiraji_7.pdf_page_1_line_004.png,2025-11-19T22:17:02,0.08,0.8
Infiraji_7.pdf_page_1_line_005,Valid but hard,,هَٰذَاالْکَتَابࣸ اَلْحَاجِ مَالَمْ عَلِيّࣸ,هَٰذَااَلْکِࢽَارࣸالْسَامࣸ مَالَمْ عَلِرّࣸ,../data/ajami-prepared-no-partial-leak/train/Infiraji_7.pdf_page_1_line_005.png,2025-11-19T21:29:01,0.119047619047619,0.75
Infiraji_7.pdf_page_2_line_001,Valid but hard,,بِسْمِ اَللَّهِ اِلرَّحْمَٰࢽِ اِلرَّحِيمِ وَصَلَّي عَلَي اَلࢽَّبِيِّ اِلࢽَّبِيِّ اِلْکَرِيمِ,بِسْمِ اِللَّهِ الرَّحْمَٰࢽِ الرَّحِيمِ وَاصَلَّࢽِ اَلَّهَ اَلَىِّ اَلࢽَّبِيِّ اِلْکَرِيمِ,../data/ajami-prepared-no-partial-leak/train/Infiraji_7.pdf_page_2_line_001.png,2025-11-19T22:57:01,0.1956521739130435,0.7777777777777778
Infiraji_7.pdf_page_2_line_015,Script mismatch (non-Arabic),,2,,../data/ajami-prepared-no-partial-leak/train/Infiraji_7.pdf_page_2_line_015.png,2025-12-20T10:57:10,1.0,1.0
Infiraji_7.pdf_page_3_line_016,Script mismatch (non-Arabic),,3,,../data/ajami-prepared-no-partial-leak/train/Infiraji_7.pdf_page_3_line_016.png,2025-12-20T10:57:11,1.0,1.0
Infiraji_7.pdf_page_4_line_016,Valid but hard,,دَامࢽي,دامي,../data/ajami-prepared-no-partial-leak/train/Infiraji_7.pdf_page_4_line_016.png,2025-11-18T10:04:37,0.3333333333333333,1.0
Infiraji_7.pdf_page_6_line_014,Valid but hard,,يَاݒَثٜيٰ هَرْذࣸوثِ تࣸࢽْدَ بَاسَࢽِࢽْ کَلْمَرْشَهَادَا,يَابَثٜيٰ سَࢽْذࣸرتِ تࣸࢽْدَ بَاسَࢽِࢽْ کَلْمَࢽْ شسَادَا,../data/ajami-prepared-no-partial-leak/train/Infiraji_7.pdf_page_6_line_014.png,2025-11-19T22:59:14,0.0566037735849056,0.6
Infiraji_7.pdf_page_6_line_017,Script mismatch (non-Arabic),,6,,../data/ajami-prepared-no-partial-leak/train/Infiraji_7.pdf_page_6_line_017.png,2025-12-20T10:57:13,0.0,0.0
Infiraji_7.pdf_page_7_line_001,Valid but hard,,شِڢَ جَاهِلْثِ يَثَرْبࣸ ࢽٜيٰ ࢽَکَاڢِرْثِ غَأَيْبࣸ,شِع بَاءِثِ يَثَرْبࣸ ࢽٜيٰ أَکَابِرْثِ غَأَيْبࣸ,../data/ajami-prepared-no-partial-leak/train/Infiraji_7.pdf_page_7_line_001.png,2025-11-19T23:03:44,0.0816326530612244,0.5
Infiraji_7.pdf_page_7_line_016,Script mismatch (non-Arabic),,7,,../data/ajami-prepared-no-partial-leak/train/Infiraji_7.pdf_page_7_line_016.png,2025-12-20T10:57:13,0.0,0.0
Infiraji_7.pdf_page_9_line_001,Valid but hard,,دࣸوبَ دَىْ ڢِرعَوࢽْ وَيشِى ࢽٜىٰ طَغَاوَبَاکَمَرْشِ,دࣸوبِ دَيْ بَرْعَرْࢽَ وَيْࢽَِي ࢽٜيٰ طَغَاوَبَاکَمَرْشِ,../data/ajami-prepared-no-partial-leak/train/Infiraji_7.pdf_page_9_line_001.png,2025-11-19T21:24:25,0.2,1.0
Infiraji_7.pdf_page_9_line_004,Valid but hard,,بَلتَسَاسَࢽْتَاوَکࣸرَاوَا إࢽْتَذࣸوبَاتَارَغَاوَا,بَادَاسَادَࢽْتَارَکࣸواْوَا إِࢽْتَذࣸواْبَاتَارَغَاوَا,../data/ajami-prepared-no-partial-leak/train/Infiraji_7.pdf_page_9_line_004.png,2025-11-19T21:41:28,0.2708333333333333,1.5
Infiraji_7.pdf_page_9_line_005,Valid but hard,,سَوْرَيِ کࣸواْکࣸوْابࣸدࣸروَا طَىْ شِکَىْ بَرْکَࢽْ دَکٰٜوَا,سَاْرَيِ کࣸواْکࣸواْبࣸذࣸورَا طَࢽْ شِکَࢽْ بَرْطَࢽْ دَکٜيٰوَا,../data/ajami-prepared-no-partial-leak/train/Infiraji_7.pdf_page_9_line_005.png,2025-11-19T22:49:39,0.175438596491228,0.8333333333333334
Infiraji_7.pdf_page_9_line_008,Valid but hard,,تَابِ ڧَࢽْ واڢَاتَشَربٜىٰ دَاأکࣸوْࢽى مَڢࣸدَاأرَيٜىٰ,تَاڢِڧَرْڢَڢَاتَشَرْݒٜىٰ دَاأَݣࣸوىْ مَغࣸدَاأَرَابٜىٰ,../data/ajami-prepared-no-partial-leak/train/Infiraji_7.pdf_page_9_line_008.png,2025-11-18T10:41:23,0.2745098039215686,1.0
Infiraji_7.pdf_page_9_line_009,Valid but hard,,سࣸࢽْ کࣸمَامَادَابَاڧَثٜىٰ بَا,سࣸࢽ کࣸمَامَادَابَأَمْثٜيٰ بَا,../data/ajami-prepared-no-partial-leak/train/Infiraji_7.pdf_page_9_line_009.png,2025-11-19T22:11:27,0.1034482758620689,0.3333333333333333
Infiraji_8.pdf_page_10_line_016,Script mismatch (non-Arabic),,6,,../data/ajami-prepared-no-partial-leak/train/Infiraji_8.pdf_page_10_line_016.png,2025-12-20T10:57:15,0.0,0.0
Infiraji_8.pdf_page_15_line_017,Script mismatch (non-Arabic),,11,,../data/ajami-prepared-no-partial-leak/train/Infiraji_8.pdf_page_15_line_017.png,2025-12-20T10:57:20,0.5,1.0
Infiraji_8.pdf_page_16_line_016,Script mismatch (non-Arabic),,12,,../data/ajami-prepared-no-partial-leak/train/Infiraji_8.pdf_page_16_line_016.png,2025-12-20T10:57:21,0.5,1.0
Infiraji_8.pdf_page_17_line_017,Script mismatch (non-Arabic),,13,,../data/ajami-prepared-no-partial-leak/train/Infiraji_8.pdf_page_17_line_017.png,2025-12-20T10:57:23,0.5,1.0
Infiraji_8.pdf_page_18_line_016,Script mismatch (non-Arabic),,14,,../data/ajami-prepared-no-partial-leak/train/Infiraji_8.pdf_page_18_line_016.png,2025-12-20T10:57:40,0.5,1.0
Infiraji_8.pdf_page_1_line_004,Valid but hard,,وَڢَّڧْࢽَااَللَّهࣸ إِلَىٰ مَايَحِبّࣸءَامِيࢽْ,وَڢَّڧَࢽَااللَّهࣸ إِلَى مَايحبّࣸ ءَامِيࢽ,../data/ajami-prepared-no-partial-leak/train/Infiraji_8.pdf_page_1_line_004.png,2025-11-19T20:08:10,0.0909090909090909,1.0
Infiraji_8.pdf_page_21_line_015,Valid but hard,,هࣸوهࣸودَسَيْڢَٜٜٜٜٜٜٜٜٜٜٜٜٜٜٜٜٜرْسࣸ بَىْرَغٜىٰ بَا,مࣸوهࣸودَسَيْڢَرْسࣸ بَيْرَغٜيٰبَا,../data/ajami-prepared-no-partial-leak/train/Infiraji_8.pdf_page_21_line_015.png,2025-11-19T20:40:11,0.4,1.0
Infiraji_8.pdf_page_21_line_017,Script mismatch (non-Arabic),,17,,../data/ajami-prepared-no-partial-leak/train/Infiraji_8.pdf_page_21_line_017.png,2025-12-20T10:57:44,0.5,1.0
Infiraji_8.pdf_page_22_line_016,Script mismatch (non-Arabic),,18,,../data/ajami-prepared-no-partial-leak/train/Infiraji_8.pdf_page_22_line_016.png,2025-12-20T10:57:45,0.5,1.0
Infiraji_8.pdf_page_24_line_016,Script mismatch (non-Arabic),,20,,../data/ajami-prepared-no-partial-leak/train/Infiraji_8.pdf_page_24_line_016.png,2025-12-20T10:57:46,0.5,1.0
Infiraji_8.pdf_page_25_line_017,Script mismatch (non-Arabic),,21,,../data/ajami-prepared-no-partial-leak/train/Infiraji_8.pdf_page_25_line_017.png,2025-12-20T10:57:47,0.5,1.0
Infiraji_8.pdf_page_26_line_015,Script mismatch (non-Arabic),,22,,../data/ajami-prepared-no-partial-leak/train/Infiraji_8.pdf_page_26_line_015.png,2025-12-20T10:57:48,0.5,1.0
Infiraji_8.pdf_page_27_line_002,Valid but hard,,تࣸࢽدَدَىْ سࣸࢽْ ڧَرْيَتَاࢽٜىٰ سࣸࢽْىِ شَکَّرْغَسْکِيَاࢽٜىٰ,تࣸࢽْدَدَيْ سࣸࢽْ ڧَرْيَتَاࢽٜيٰ سࣸࢽْيِ غَسْکِيَاࢽٜيٰ,../data/ajami-prepared-no-partial-leak/train/Infiraji_8.pdf_page_27_line_002.png,2025-11-18T10:45:08,0.135593220338983,0.8
Infiraji_8.pdf_page_27_line_017,Script mismatch (non-Arabic),,23,,../data/ajami-prepared-no-partial-leak/train/Infiraji_8.pdf_page_27_line_017.png,2025-12-20T10:57:49,1.0,1.0
Infiraji_8.pdf_page_28_line_016,Script mismatch (non-Arabic),,22,,../data/ajami-prepared-no-partial-leak/train/Infiraji_8.pdf_page_28_line_016.png,2025-12-20T10:57:49,0.5,1.0
Infiraji_8.pdf_page_29_line_017,Script mismatch (non-Arabic),,23,,../data/ajami-prepared-no-partial-leak/train/Infiraji_8.pdf_page_29_line_017.png,2025-12-20T10:57:51,0.5,1.0
Infiraji_8.pdf_page_2_line_004,Valid but hard,,وَڢَّڧَࢽَااللَّهࣸ إِلَى مَايحبّࣸ ءَامِيࢽ,وَڢّࣸڧࣸࢽَااَللهࣸ إِلَىٰ مَايࣸحِبّࣸ ءامِيࢽ,../data/ajami-prepared-no-partial-leak/train/Infiraji_8.pdf_page_2_line_004.png,2025-11-19T21:47:44,0.1219512195121951,0.75
Infiraji_8.pdf_page_30_line_016,Valid but hard,,سلِي ؞,سليࢽ,../data/ajami-prepared-no-partial-leak/train/Infiraji_8.pdf_page_30_line_016.png,2025-11-19T20:31:52,0.3333333333333333,1.0
Infiraji_8.pdf_page_3_line_001,Valid but hard,,بِسْمِ اِللَّهِ اِلرَّحَمٰࢽِ اِلرَّحِيمِ وَصَلَّى اَللَّهࣸ عَلَى اَلࢽَّبِيِّ اِلࢽَّبِيِّ الْکَرِيمِ,بِسْمِ اِللَّهِ اِلرَّحْمَٰࢽِ احِي وَصَلَّى اَللَّهࣸ عَلَى الࢽَّبِيِّ اِلکَرِيمِ,../data/ajami-prepared-no-partial-leak/train/Infiraji_8.pdf_page_3_line_001.png,2025-11-18T10:12:55,0.2,0.6
Infiraji_8.pdf_page_4_line_016,Script mismatch (non-Arabic),,2,,../data/ajami-prepared-no-partial-leak/train/Infiraji_8.pdf_page_4_line_016.png,2025-12-20T10:57:55,1.0,1.0
Infiraji_8.pdf_page_5_line_016,Valid but hard,,کࢽْ,کࢽ,../data/ajami-prepared-no-partial-leak/train/Infiraji_8.pdf_page_5_line_016.png,2025-11-19T21:05:42,0.3333333333333333,1.0
Infiraji_8.pdf_page_5_line_017,Script mismatch (non-Arabic),,3,,../data/ajami-prepared-no-partial-leak/train/Infiraji_8.pdf_page_5_line_017.png,2025-12-20T10:57:56,1.0,1.0
Infiraji_8.pdf_page_6_line_016,Script mismatch (non-Arabic),,4,,../data/ajami-prepared-no-partial-leak/train/Infiraji_8.pdf_page_6_line_016.png,2025-12-20T10:57:57,1.0,1.0
Infiraji_8.pdf_page_7_line_017,Script mismatch (non-Arabic),,5,,../data/ajami-prepared-no-partial-leak/train/Infiraji_8.pdf_page_7_line_017.png,2025-12-20T10:57:57,1.0,1.0
Infiraji_8.pdf_page_9_line_007,Segmentation error,,ماسࣸ کࣸوارَا وَرْدَذَاڢِي ذَا،َ کࣸواْ ࢽَ مَاسࣸ لَيْڢِي,مَامَ کࣸوامࣸويَࢽْ دَوَࢽْبَي غَادَکࣸووْسَࢽْدَذࣸوْڢِ,../data/ajami-prepared-no-partial-leak/train/Infiraji_8.pdf_page_9_line_007.png,2025-11-19T20:27:20,0.6666666666666666,1.0
Infiraji_8.pdf_page_9_line_017,Script mismatch (non-Arabic),,5,,../data/ajami-prepared-no-partial-leak/train/Infiraji_8.pdf_page_9_line_017.png,2025-12-20T10:57:59,1.0,1.0
Infiraji_9.pdf_page_11_line_015,Valid but hard,,غلبي دࢽڢکي,غلَبِي دتَڢَکࣸي,../data/ajami-prepared-no-partial-leak/train/Infiraji_9.pdf_page_11_line_015.png,2025-12-18T16:10:14,0.6,1.0
Infiraji_9.pdf_page_11_line_016,Script mismatch (non-Arabic),,9,,../data/ajami-prepared-no-partial-leak/train/Infiraji_9.pdf_page_11_line_016.png,2025-12-20T10:29:14,1.0,1.0
Infiraji_9.pdf_page_12_line_014,Script mismatch (non-Arabic),,10,,../data/ajami-prepared-no-partial-leak/train/Infiraji_9.pdf_page_12_line_014.png,2025-12-20T10:29:15,0.0,0.0
Infiraji_9.pdf_page_13_line_005,Segmentation error,,اَللَّه تَعَالَىٰ مࣸࢽْرࣸوڧٜيٰ کَࢽٜيٰ کَرْکَکَيْ رَايِࢽْمࣸوا ݣࣸاࢽࣸکَا,اَللهْ ࢽَعَالَىٰ مࣸࢽْرࣸوڧٜيٰ کَࢽٜيٰ کَرْکَکَيْ رَايِࢽْمࣸوَاْأَکَازࣸرْکَا,../data/ajami-prepared-no-partial-leak/train/Infiraji_9.pdf_page_13_line_005.png,2025-11-19T22:35:17,0.1,0.2857142857142857
Infiraji_9.pdf_page_13_line_012,Valid but hard,,أّمْْْْْْْْْْْْْْرٜيٰ دَعِدَّ اَللَّهْ يَاهَࢽَا إِࢽْ يَّايَوَيْتَ يَࢽَاسَاأَيْڢَرِٜي,أَمْزٜيٰ دَعِدَّاَللَّهْ يَاسَࢽَا إِࢽْ يَّايَوَيْتَ يَࢽَاسَاأَيْڢَرِي,../data/ajami-prepared-no-partial-leak/train/Infiraji_9.pdf_page_13_line_012.png,2025-11-19T22:02:32,0.2674418604651162,0.5714285714285714
Infiraji_9.pdf_page_13_line_016,Script mismatch (non-Arabic),,11,,../data/ajami-prepared-no-partial-leak/train/Infiraji_9.pdf_page_13_line_016.png,2025-12-20T10:29:16,0.5,1.0
Infiraji_9.pdf_page_14_line_003,Valid but hard,,لَايَمࣸسّࣸهࣸ إِلَّاالْمࣸطَهَّرࣸوࢽَ کࣸࢽجِ ءَايَرْ هَࢽِࢽْ طَوْکَاتَسى,لَايَمَّسࣸمࣸ إِلَالمࣸطَمَرࣸوࢽَ کࣸࢽْجِ ءَايَرْهَࢽِࢽْ طَوْکَاتَسَى,../data/ajami-prepared-no-partial-leak/train/Infiraji_9.pdf_page_14_line_003.png,2025-11-19T22:45:19,0.1428571428571428,1.0
Infiraji_9.pdf_page_14_line_015,Script mismatch (non-Arabic),,12,,../data/ajami-prepared-no-partial-leak/train/Infiraji_9.pdf_page_14_line_015.png,2025-12-20T10:29:17,0.5,1.0
Infiraji_9.pdf_page_15_line_015,Valid but hard,,شي يغيامࢽا,شِي يَغَيَامࢽَا,../data/ajami-prepared-no-partial-leak/train/Infiraji_9.pdf_page_15_line_015.png,2025-11-19T20:31:43,0.3,1.0
Infiraji_9.pdf_page_15_line_016,Script mismatch (non-Arabic),,13,,../data/ajami-prepared-no-partial-leak/train/Infiraji_9.pdf_page_15_line_016.png,2025-12-20T10:29:18,0.5,1.0
Infiraji_9.pdf_page_16_line_015,Script mismatch (non-Arabic),,14,,../data/ajami-prepared-no-partial-leak/train/Infiraji_9.pdf_page_16_line_015.png,2025-12-20T10:29:19,0.5,1.0
Infiraji_9.pdf_page_17_line_014,Valid but hard,,ڢَصْلࣸࣸ مَّالَم مࣸوسىٰ لِيمامِ کَبࣸو,ڢَصْلْࣸ مَالَمْ مّࣸوسَىٰ لِمَامِ کࣸبࣸو,../data/ajami-prepared-no-partial-leak/train/Infiraji_9.pdf_page_17_line_014.png,2025-11-19T21:54:10,0.1388888888888889,0.8
Infiraji_9.pdf_page_17_line_015,Valid but hard,,مࢽج,,../data/ajami-prepared-no-partial-leak/train/Infiraji_9.pdf_page_17_line_015.png,2025-11-19T20:54:36,1.0,1.0
Infiraji_9.pdf_page_18_line_007,Valid but hard,,تَاڢِي جَامزَ کَمَرْ ثࣸورِࢽْتَمَا کَمَرْ مَدوشِي جَاأَوࣸ يَاࢽَسَيٰ,تَاࢽِي ڢَاوَرْکَمَرْثࣸورِࢽْتَمَا کَمَرْمَدࣸوشِي جَاأَوࣸيَاࢽَسَىٰ,../data/ajami-prepared-no-partial-leak/train/Infiraji_9.pdf_page_18_line_007.png,2025-11-19T23:02:55,0.1911764705882352,1.0
Infiraji_9.pdf_page_18_line_015,Script mismatch (non-Arabic),,16,,../data/ajami-prepared-no-partial-leak/train/Infiraji_9.pdf_page_18_line_015.png,2025-12-20T10:29:20,0.0,0.0
Infiraji_9.pdf_page_19_line_016,Script mismatch (non-Arabic),,17,,../data/ajami-prepared-no-partial-leak/train/Infiraji_9.pdf_page_19_line_016.png,2025-12-20T10:29:21,0.5,1.0
Infiraji_9.pdf_page_1_line_007,Valid but hard,,الهࣸمَّ أَحْڢِظَࢽَا مِࢽْ کࣸلِّ شَرِِّ,مَاللَّهࣸمَّ أخْڢِڟِࢽَامِࢽَ کࣸل ثَرِي,../data/ajami-prepared-no-partial-leak/train/Infiraji_9.pdf_page_1_line_007.png,2025-11-18T10:39:57,0.1891891891891892,1.0
Infiraji_9.pdf_page_1_line_008,Valid but hard,,أللَّهࣸمَّ أَحْڢِظْࢽَا مِࢽْ بࣸغضِ الظَالِمِيࢽْ,اللَّهࣸمَ احْڢِظَࢽَامِࢽْ بࣸغڧࣸمْ طِمِيࢽَ,../data/ajami-prepared-no-partial-leak/train/Infiraji_9.pdf_page_1_line_008.png,2025-11-18T10:41:04,0.1956521739130435,1.0
Infiraji_9.pdf_page_1_line_009,Valid but hard,,لسَبَبِ حکࣸمِ الدّࣸࢽْيَا,وَالِسَبَبِ مࣸطَمِ اِدّࣸࢽْبَا,../data/ajami-prepared-no-partial-leak/train/Infiraji_9.pdf_page_1_line_009.png,2025-11-19T20:40:14,0.5416666666666666,1.0
Infiraji_9.pdf_page_1_line_010,Irrelevant / page number / marginal,,١٣٩٣,31,../data/ajami-prepared-no-partial-leak/train/Infiraji_9.pdf_page_1_line_010.png,2025-11-18T10:30:42,0.25,1.0
Infiraji_9.pdf_page_1_line_011,Irrelevant / page number / marginal,,١٩٧٣,ل88,../data/ajami-prepared-no-partial-leak/train/Infiraji_9.pdf_page_1_line_011.png,2025-12-19T13:11:11,0.25,1.0
Infiraji_9.pdf_page_20_line_002,Valid but hard,,ڢَضل شَيْخࣸ مَدَابࣸواْمَالَمْ صَالِحࣸ,ڢَࢽْلࣸ شَيخࣸ مَدَابࣸواْ مَالَمْ صَاࢽِحࣸ,../data/ajami-prepared-no-partial-leak/train/Infiraji_9.pdf_page_20_line_002.png,2025-11-19T23:03:45,0.1621621621621621,1.0
Infiraji_9.pdf_page_21_line_015,Valid but hard,,اماعدࢽ,اامامدࢽ,../data/ajami-prepared-no-partial-leak/train/Infiraji_9.pdf_page_21_line_015.png,2025-11-19T21:05:54,0.3333333333333333,1.0
Infiraji_9.pdf_page_22_line_014,Wrong transcription,partial,ڢَصْلࣸࣸ عَلِيّࣸ ࢽَڢَاڢَوْارࣸوغࣸ,ڢَصَلࣸ عَلِيّࣸ ࢽَڢَاڢَڢْ ارࣸوخࣸ غِدَاࢽَسَا,../data/ajami-prepared-no-partial-leak/train/Infiraji_9.pdf_page_22_line_014.png,2025-12-18T16:33:21,0.3870967741935484,0.6666666666666666
Infiraji_9.pdf_page_23_line_015,Segmentation error,,کدمتا,ديࢽا,../data/ajami-prepared-no-partial-leak/train/Infiraji_9.pdf_page_23_line_015.png,2025-11-18T09:59:10,0.8,1.0
Infiraji_9.pdf_page_24_line_015,Script mismatch (non-Arabic),,22,,../data/ajami-prepared-no-partial-leak/train/Infiraji_9.pdf_page_24_line_015.png,2025-12-20T10:49:34,0.5,1.0
Infiraji_9.pdf_page_25_line_006,Valid but hard,,تَمَتْ بِحَمْدِ لِلَّهِ وَحࣸسْࢽِ عَوْࢽِهِ,تَمَّتَ بِحَمْدِاِللَّهِ وَحࣸسِࢽِ عَوْࢽِي,../data/ajami-prepared-no-partial-leak/train/Infiraji_9.pdf_page_25_line_006.png,2025-11-18T10:14:03,0.1219512195121951,0.6
Infiraji_9.pdf_page_25_line_008,Valid but hard,,صَلَّى اللَّهࣸ علَيْهِ وَسَلَّمَ,اَصَلَّى اَللَّهࣸ عَلَيْهِ وَاَلَّمَ,../data/ajami-prepared-no-partial-leak/train/Infiraji_9.pdf_page_25_line_008.png,2025-11-19T23:13:26,0.03125,0.25
Infiraji_9.pdf_page_25_line_010,Valid but hard,,وَلِجَمِيعِ اِلْمࣸسْلِمِيࢽَ,وَلِجَمِيࢽْ اِلمࣸࢽْلِمِࢽَ,../data/ajami-prepared-no-partial-leak/train/Infiraji_9.pdf_page_25_line_010.png,2025-11-19T22:38:24,0.3333333333333333,1.0
Infiraji_9.pdf_page_25_line_011,Valid but hard,,وَالمࣸسلِمَاتࣸ ءَامِيࢽْ,وَالْمࣸسِْمِࢽِ ءَامِي,../data/ajami-prepared-no-partial-leak/train/Infiraji_9.pdf_page_25_line_011.png,2025-11-19T20:44:50,0.4782608695652174,1.0
Infiraji_9.pdf_page_25_line_012,Script mismatch (non-Arabic),,23,,../data/ajami-prepared-no-partial-leak/train/Infiraji_9.pdf_page_25_line_012.png,2025-12-20T10:49:35,0.5,1.0
Infiraji_9.pdf_page_2_line_006,Valid but hard,,يَࢽْتَدࣸواْ کَࢽࣸو,يَࢽْتَࢽْدَواْکَࢽࣸو,../data/ajami-prepared-no-partial-leak/train/Infiraji_9.pdf_page_2_line_006.png,2025-11-19T21:37:23,0.0,0.0
Infiraji_9.pdf_page_2_line_010,Irrelevant / page number / marginal ,,١٣٩٣,,../data/ajami-prepared-no-partial-leak/train/Infiraji_9.pdf_page_2_line_010.png,2025-12-20T10:29:24,0.0,0.0
Infiraji_9.pdf_page_2_line_011,Wrong transcription,+ numbers,١٩٧٣1973,١٩٧٣,../data/ajami-prepared-no-partial-leak/train/Infiraji_9.pdf_page_2_line_011.png,2025-12-19T13:16:01,0.5,1.0
Infiraji_9.pdf_page_3_line_015,Script mismatch (non-Arabic),,1,,../data/ajami-prepared-no-partial-leak/train/Infiraji_9.pdf_page_3_line_015.png,2025-12-20T10:49:36,1.0,1.0
Infiraji_9.pdf_page_3_line_016,Segmentation error,,الامر,شامر,../data/ajami-prepared-no-partial-leak/train/Infiraji_9.pdf_page_3_line_016.png,2025-11-18T10:03:21,0.2,1.0
Infiraji_9.pdf_page_6_line_015,Script mismatch (non-Arabic),,4,,../data/ajami-prepared-no-partial-leak/train/Infiraji_9.pdf_page_6_line_015.png,2025-12-20T10:49:39,1.0,1.0
Infiraji_9.pdf_page_8_line_015,Script mismatch (non-Arabic),,6,,../data/ajami-prepared-no-partial-leak/train/Infiraji_9.pdf_page_8_line_015.png,2025-12-20T10:49:41,0.0,0.0
Knowledge_to_Follow_God_Gandal_Fii_Rewugol_Alla.pdf_page_10_line_001,Script mismatch (non-Arabic),,10,,../data/ajami-prepared-no-partial-leak/train/Knowledge_to_Follow_God_Gandal_Fii_Rewugol_Alla.pdf_page_10_line_001.png,2025-12-20T10:28:46,0.5,1.0
Knowledge_to_Follow_God_Gandal_Fii_Rewugol_Alla.pdf_page_10_line_008,Valid but hard,,ࡶَلصِّيَامࣸ کࣽ کࣽرْوَالرَّابِعࣸ نَيَ بࣽعࣽࢽْ ࡶَلزَّکَٰوةِ,ࡶَلصِّيَامࣸ کࣽکࣽرْکَ وَالرَّابِعࣸ نَيَبࣽعࣽࢽْࡶٔلزَّکَوِ,../data/ajami-prepared-no-partial-leak/train/Knowledge_to_Follow_God_Gandal_Fii_Rewugol_Alla.pdf_page_10_line_008.png,2025-11-19T23:10:32,0.1071428571428571,0.6666666666666666
Knowledge_to_Follow_God_Gandal_Fii_Rewugol_Alla.pdf_page_10_line_015,Valid but hard,,وَتَعَآلَٜىٰ عࣽتࣸووٜ>وَوَاحِدࣻ کࣽعࣽ فࣽوطࣽ ڢِى مࣸلکه>,وَتَعَالَى عࣽتࣽووِ> وَوَاحِدࣻکࣽعࣽ فࣽطࣽ ڢِح مࣸلْکَه >,../data/ajami-prepared-no-partial-leak/train/Knowledge_to_Follow_God_Gandal_Fii_Rewugol_Alla.pdf_page_10_line_015.png,2025-11-18T10:12:00,0.1538461538461538,0.5555555555555556
Knowledge_to_Follow_God_Gandal_Fii_Rewugol_Alla.pdf_page_10_line_019,Valid but hard,,ڢى ملکه علام مک,يڡ ملکم عال م مک,../data/ajami-prepared-no-partial-leak/train/Knowledge_to_Follow_God_Gandal_Fii_Rewugol_Alla.pdf_page_10_line_019.png,2025-11-19T21:05:46,0.3333333333333333,1.0
Knowledge_to_Follow_God_Gandal_Fii_Rewugol_Alla.pdf_page_11_line_001,Script mismatch (non-Arabic),,11,,../data/ajami-prepared-no-partial-leak/train/Knowledge_to_Follow_God_Gandal_Fii_Rewugol_Alla.pdf_page_11_line_001.png,2025-12-20T10:28:46,0.5,1.0
Knowledge_to_Follow_God_Gandal_Fii_Rewugol_Alla.pdf_page_1_line_002,Valid but hard,,بِسْمِ اللَّهِ الرَّ حْمَٰنِ الرَّ حِيمِ,بِسْمِ اللَّهِ ࡽِلرَّحْمَلࢽِ ࡽلرَّحِيمِ,../data/ajami-prepared-no-partial-leak/train/Knowledge_to_Follow_God_Gandal_Fii_Rewugol_Alla.pdf_page_1_line_002.png,2025-11-19T22:50:19,0.2,1.0
Knowledge_to_Follow_God_Gandal_Fii_Rewugol_Alla.pdf_page_1_line_008,Valid but hard,,ࡶَلْوࣸ ضࣸو ءࣸ سَلِّفِح ڢَرْ ضࣻ کࣽڢَرِ ضَّ وَ ڢَرَا ءضࣸهࣸ,ࡻَلْوࣸضࣸوءࣸسَلِّفِى ڢَرْضࣸ کࣽڢَرِضّ وَڢَرَآإِضࣸهࣸ,../data/ajami-prepared-no-partial-leak/train/Knowledge_to_Follow_God_Gandal_Fii_Rewugol_Alla.pdf_page_1_line_008.png,2025-11-18T10:11:53,0.1785714285714285,1.0
Knowledge_to_Follow_God_Gandal_Fii_Rewugol_Alla.pdf_page_1_line_011,Valid but hard,,ࡻلنِّيَّةࣸ کࣽࡶَ لنِّيَا دٜ وَالْمَا ءࣸ ࡺلطَّآ هِرࣸ عٜدِ يَمْ للَبࣸطࣸࢽْ,ࡼلنِّيَّةࣸکࣽࡶَلنِّيَادٜوَالْمَآءࣸࡼلطَّاهِرࣸعٜدِيَمْ لَبࣸطࣽࢽْ,../data/ajami-prepared-no-partial-leak/train/Knowledge_to_Follow_God_Gandal_Fii_Rewugol_Alla.pdf_page_1_line_011.png,2025-11-19T22:00:18,0.2,1.0
Knowledge_to_Follow_God_Gandal_Fii_Rewugol_Alla.pdf_page_2_line_003,Valid but hard,,وَالْمَضْمَضَةࣸ عٜوࣸسْبࣵا دٜ وَالاِسْتِنشَاڡࣸ عٜشࣽرْ,وَالْمَضْمَضَةࣸعٜوࣸسْبَادٜوَالاِسْتِشَاوࣸعٜشرْ,../data/ajami-prepared-no-partial-leak/train/Knowledge_to_Follow_God_Gandal_Fii_Rewugol_Alla.pdf_page_2_line_003.png,2025-11-19T23:16:03,0.1153846153846153,1.0
Knowledge_to_Follow_God_Gandal_Fii_Rewugol_Alla.pdf_page_2_line_004,Valid but hard,,کِنَادٜوالاِسْتِنسَارࣸعٜجِتِّتَادٜ وَمَسْحࣸ ࡼ للّࣸذْنَيْࢽِ,کِنَادٜوَالِاِسْتِنسَارࣸعٜجِتِّتَادٜوَمَسْمࣸحࣸ ࡼللَّنْذْنَيْࢽِ,../data/ajami-prepared-no-partial-leak/train/Knowledge_to_Follow_God_Gandal_Fii_Rewugol_Alla.pdf_page_2_line_004.png,2025-11-19T23:13:35,0.0862068965517241,1.0
Knowledge_to_Follow_God_Gandal_Fii_Rewugol_Alla.pdf_page_2_line_017,Valid but hard,,عمسکد,عمکد,../data/ajami-prepared-no-partial-leak/train/Knowledge_to_Follow_God_Gandal_Fii_Rewugol_Alla.pdf_page_2_line_017.png,2025-11-19T22:16:56,0.2,1.0
Knowledge_to_Follow_God_Gandal_Fii_Rewugol_Alla.pdf_page_2_line_018,Script mismatch (non-Arabic),,2,,../data/ajami-prepared-no-partial-leak/train/Knowledge_to_Follow_God_Gandal_Fii_Rewugol_Alla.pdf_page_2_line_018.png,2025-12-20T10:28:47,1.0,1.0
Knowledge_to_Follow_God_Gandal_Fii_Rewugol_Alla.pdf_page_3_line_001,Script mismatch (non-Arabic),,3,,../data/ajami-prepared-no-partial-leak/train/Knowledge_to_Follow_God_Gandal_Fii_Rewugol_Alla.pdf_page_3_line_001.png,2025-12-20T10:28:48,0.0,0.0
Knowledge_to_Follow_God_Gandal_Fii_Rewugol_Alla.pdf_page_4_line_001,Script mismatch (non-Arabic),,4,,../data/ajami-prepared-no-partial-leak/train/Knowledge_to_Follow_God_Gandal_Fii_Rewugol_Alla.pdf_page_4_line_001.png,2025-12-20T10:28:48,0.0,0.0
Knowledge_to_Follow_God_Gandal_Fii_Rewugol_Alla.pdf_page_5_line_001,Script mismatch (non-Arabic),,5,,../data/ajami-prepared-no-partial-leak/train/Knowledge_to_Follow_God_Gandal_Fii_Rewugol_Alla.pdf_page_5_line_001.png,2025-12-20T10:28:49,1.0,1.0
Knowledge_to_Follow_God_Gandal_Fii_Rewugol_Alla.pdf_page_6_line_019,Valid but hard,,وسننه,وله,../data/ajami-prepared-no-partial-leak/train/Knowledge_to_Follow_God_Gandal_Fii_Rewugol_Alla.pdf_page_6_line_019.png,2025-11-19T20:24:02,0.2,1.0
Knowledge_to_Follow_God_Gandal_Fii_Rewugol_Alla.pdf_page_7_line_001,Script mismatch (non-Arabic),,7,,../data/ajami-prepared-no-partial-leak/train/Knowledge_to_Follow_God_Gandal_Fii_Rewugol_Alla.pdf_page_7_line_001.png,2025-12-20T10:28:50,1.0,1.0
Knowledge_to_Follow_God_Gandal_Fii_Rewugol_Alla.pdf_page_8_line_008,Valid but hard,,ࡶَلْحَطَبِ جَرْمَلّٜ ࡶَلرَّفِيڡِ جٜوْطِ وَفَارَعࣽمَاکِ,اَلْحَطَبِ جَرْمَلِّ الرَّفِيِوِجٜوْطٜ وَفَالَ عࣽمَاکِ,../data/ajami-prepared-no-partial-leak/train/Knowledge_to_Follow_God_Gandal_Fii_Rewugol_Alla.pdf_page_8_line_008.png,2025-11-20T08:52:35,0.1481481481481481,1.0
Knowledge_to_Follow_God_Gandal_Fii_Rewugol_Alla.pdf_page_8_line_011,Valid but hard,,عَࢽِ ࡽلْڢَحْسَاءِعٜبࣽنْطࣶ وَالْمࣸنْکَرِعٜکࣽعَذًاࡶَلَمْ,عَرِࡽلْڢَحْسَآءِ عٜبࣽنْطِ وَالمࣸنکَرِعٜکࣽعَذَاللمْ,../data/ajami-prepared-no-partial-leak/train/Knowledge_to_Follow_God_Gandal_Fii_Rewugol_Alla.pdf_page_8_line_011.png,2025-11-18T10:45:36,0.0925925925925925,1.3333333333333333
Knowledge_to_Follow_God_Gandal_Fii_Rewugol_Alla.pdf_page_8_line_016,Valid but hard,,عٜمࣽجِّ عَآدٜࢽْ کَمَايَجْر>ࡶَلنَّارࣸوَنࣽيِيتٜ جَامِرْتَ,عٜمࣽجِّ عَاَدٜرْکَمَايَجْرِ>ࡽلنَّارࣸوَنّࣸيِيتٜ جَامِرْتَ,../data/ajami-prepared-no-partial-leak/train/Knowledge_to_Follow_God_Gandal_Fii_Rewugol_Alla.pdf_page_8_line_016.png,2025-11-19T20:07:22,0.109090909090909,0.6666666666666666
Knowledge_to_Follow_God_Gandal_Fii_Rewugol_Alla.pdf_page_9_line_001,Script mismatch (non-Arabic),,9,,../data/ajami-prepared-no-partial-leak/train/Knowledge_to_Follow_God_Gandal_Fii_Rewugol_Alla.pdf_page_9_line_001.png,2025-12-20T10:28:51,1.0,1.0
MAF_286.pdf_page_12_line_019,Valid but hard,,مربوثي,مربوتى,../data/ajami-prepared-no-partial-leak/train/MAF_286.pdf_page_12_line_019.png,2025-11-18T10:04:33,0.1666666666666666,1.0
MAF_286.pdf_page_13_line_018,Orientation error,,کَدَ,ل,../data/ajami-prepared-no-partial-leak/train/MAF_286.pdf_page_13_line_018.png,2025-11-19T20:53:38,1.0,1.0
MAF_286.pdf_page_14_line_018,Valid but hard,,کلزمث,کلزم,../data/ajami-prepared-no-partial-leak/train/MAF_286.pdf_page_14_line_018.png,2025-11-19T22:15:11,0.2,1.0
MAF_286.pdf_page_1_line_001,Wrong transcription,بِسْمِ اِللَّهِ الرَّحْمَٰࢽِ الرَّحِيمِ الحَمْدࣸ لِلََهِ الوَلِي الکَرِيمِ وَالصَّلَاةࣸ partial,بِسْمِ اِللَّهِ الرَّحْمَٰࢽِ الرَّحِيمِ الحَمْدࣸ لِلََهِ الوَلِي الکَرِيمِ وَالصَّلَاةࣸ الکَريمِ وَس,بِسْمِ اِللَّهِ الرَّحْمَࢽِ الرَّحِيم اَلْحَمْمࣸدࣸ لِلَّهِ الْوَالِي الْکِرِيمِ وَالصَّلَࣸةࣸ,../data/ajami-prepared-no-partial-leak/train/MAF_286.pdf_page_1_line_001.png,2025-12-19T12:20:27,0.2692307692307692,0.8181818181818182
MAF_286.pdf_page_20_line_014,Valid but hard,,شهرالله الࢽحرم باربع عشرايَامه,شراله الحرم باربغ عشرايامه,../data/ajami-prepared-no-partial-leak/train/MAF_286.pdf_page_20_line_014.png,2025-11-19T23:03:22,0.2,1.0
MAF_286.pdf_page_20_line_015,Valid but hard,,کمله يوم لابعاء بست وعشر,کملديوم لاررعاء بت وعشر,../data/ajami-prepared-no-partial-leak/train/MAF_286.pdf_page_20_line_015.png,2025-11-19T22:10:17,0.0833333333333333,0.2
MAF_286.pdf_page_20_line_016,Valid but hard,,ايامه وڧت زوال اللهم اغڢرلي,ايامه وفت زواࢽ اللهراغڢري,../data/ajami-prepared-no-partial-leak/train/MAF_286.pdf_page_20_line_016.png,2025-11-20T08:52:28,0.1851851851851851,0.6
MAF_286.pdf_page_20_line_023,Orientation error,,بعد کاتبه يࢽجوا مࢽ الࢽار,ياڟرتغڢرلکاته,../data/ajami-prepared-no-partial-leak/train/MAF_286.pdf_page_20_line_023.png,2025-11-18T10:37:03,0.9583333333333334,1.0
MAF_286.pdf_page_20_line_025,Orientation error,,بعدکاتبه يࢽجوا مࢽ الࢽار,ابڧى زماد کاته,../data/ajami-prepared-no-partial-leak/train/MAF_286.pdf_page_20_line_025.png,2025-11-18T10:37:36,0.9565217391304348,1.0
MAF_286.pdf_page_20_line_027,Orientation error,,الخط وال,ا ب,../data/ajami-prepared-no-partial-leak/train/MAF_286.pdf_page_20_line_027.png,2025-11-19T21:02:48,0.875,1.0
MAF_286.pdf_page_20_line_028,Orientation error,,رءاڢسا,اا,../data/ajami-prepared-no-partial-leak/train/MAF_286.pdf_page_20_line_028.png,2025-11-19T20:18:37,0.8333333333333334,1.0
MAF_286.pdf_page_20_line_033,Orientation error,,يدالمکاتب,وغبراب,../data/ajami-prepared-no-partial-leak/train/MAF_286.pdf_page_20_line_033.png,2025-11-19T21:01:26,0.7777777777777778,2.0
MAF_286.pdf_page_20_line_034,Orientation error,,اعمى ولوکاࢽ عا,اااک,../data/ajami-prepared-no-partial-leak/train/MAF_286.pdf_page_20_line_034.png,2025-11-19T20:58:45,0.8571428571428571,1.0
MAF_286.pdf_page_20_line_035,Orientation error,,لما,م,../data/ajami-prepared-no-partial-leak/train/MAF_286.pdf_page_20_line_035.png,2025-11-19T20:19:49,0.6666666666666666,1.0
MAF_286.pdf_page_20_line_038,Orientation error,,تب,لا,../data/ajami-prepared-no-partial-leak/train/MAF_286.pdf_page_20_line_038.png,2025-11-18T10:30:32,0.5,1.0
MAF_286.pdf_page_20_line_040,Orientation error,,المشهو,م,../data/ajami-prepared-no-partial-leak/train/MAF_286.pdf_page_20_line_040.png,2025-11-19T21:00:16,0.8333333333333334,1.0
MAF_286.pdf_page_20_line_041,Orientation error,,رباࢽوا,ا,../data/ajami-prepared-no-partial-leak/train/MAF_286.pdf_page_20_line_041.png,2025-11-19T21:00:29,0.8333333333333334,1.0
MAF_286.pdf_page_20_line_042,Orientation error,,اࢽي کتب,ا,../data/ajami-prepared-no-partial-leak/train/MAF_286.pdf_page_20_line_042.png,2025-11-19T20:58:48,0.7142857142857143,1.0
MAF_286.pdf_page_20_line_043,Orientation error,,هذاا,ا,../data/ajami-prepared-no-partial-leak/train/MAF_286.pdf_page_20_line_043.png,2025-11-19T21:02:45,0.75,1.0
MAF_286.pdf_page_20_line_044,Orientation error,,لکتاب,,../data/ajami-prepared-no-partial-leak/train/MAF_286.pdf_page_20_line_044.png,2025-11-19T20:54:00,0.8,1.0
MAF_286.pdf_page_20_line_045,Orientation error,,لمعلم,لما,../data/ajami-prepared-no-partial-leak/train/MAF_286.pdf_page_20_line_045.png,2025-11-18T10:38:39,1.0,1.0
MAF_286.pdf_page_20_line_046,Orientation error,,احمد هو,ࢽ,../data/ajami-prepared-no-partial-leak/train/MAF_286.pdf_page_20_line_046.png,2025-11-19T20:55:47,0.8571428571428571,1.0
MAF_286.pdf_page_20_line_047,Orientation error,,رجل صحيح,امد,../data/ajami-prepared-no-partial-leak/train/MAF_286.pdf_page_20_line_047.png,2025-11-18T09:55:26,1.0,1.0
MAF_286.pdf_page_20_line_049,Orientation error,,بربامرالدࢽيا,,../data/ajami-prepared-no-partial-leak/train/MAF_286.pdf_page_20_line_049.png,2025-11-19T20:53:44,0.9166666666666666,1.0
MAF_286.pdf_page_20_line_050,Orientation error,,حڧيروهوحڧير وهو,م,../data/ajami-prepared-no-partial-leak/train/MAF_286.pdf_page_20_line_050.png,2025-11-19T20:57:38,1.0,1.0
MAF_286.pdf_page_20_line_051,Orientation error,,ڢاهم,ڧ,../data/ajami-prepared-no-partial-leak/train/MAF_286.pdf_page_20_line_051.png,2025-11-19T20:57:09,1.0,1.0
MAF_286.pdf_page_20_line_053,Orientation error,,ڧراو,ࢽ,../data/ajami-prepared-no-partial-leak/train/MAF_286.pdf_page_20_line_053.png,2025-11-18T10:36:42,0.75,1.0
MAF_286.pdf_page_20_line_054,Orientation error,,ليس,ي,../data/ajami-prepared-no-partial-leak/train/MAF_286.pdf_page_20_line_054.png,2025-11-19T20:19:20,1.0,1.0
MAF_286.pdf_page_20_line_056,Orientation error,also wrong transcription,لي کࢽدلي عࢽد,,../data/ajami-prepared-no-partial-leak/train/MAF_286.pdf_page_20_line_056.png,2025-11-19T20:53:04,1.0,1.0
MAF_286.pdf_page_20_line_057,Orientation error,,العࢽام,غ,../data/ajami-prepared-no-partial-leak/train/MAF_286.pdf_page_20_line_057.png,2025-11-19T20:57:45,0.8333333333333334,1.0
MAF_286.pdf_page_20_line_058,Orientation error,,إࢽي حمده,ي,../data/ajami-prepared-no-partial-leak/train/MAF_286.pdf_page_20_line_058.png,2025-11-19T20:58:29,1.0,1.0
MAF_286.pdf_page_20_line_059,Orientation error,,بحمدالله,ي,../data/ajami-prepared-no-partial-leak/train/MAF_286.pdf_page_20_line_059.png,2025-11-19T20:55:35,0.875,1.0
MAF_286.pdf_page_20_line_060,Orientation error,,الحمد لله,ي,../data/ajami-prepared-no-partial-leak/train/MAF_286.pdf_page_20_line_060.png,2025-11-19T20:57:42,0.8888888888888888,1.0
MAF_286.pdf_page_20_line_061,Orientation error,,على تمام,,../data/ajami-prepared-no-partial-leak/train/MAF_286.pdf_page_20_line_061.png,2025-11-19T20:57:47,0.875,1.0
MAF_286.pdf_page_20_line_062,Orientation error,,وشکر,,../data/ajami-prepared-no-partial-leak/train/MAF_286.pdf_page_20_line_062.png,2025-11-19T20:53:15,1.0,1.0
MAF_286.pdf_page_2_line_001,Script mismatch (non-Arabic),,1,,../data/ajami-prepared-no-partial-leak/train/MAF_286.pdf_page_2_line_001.png,2025-12-20T10:29:07,0.0,0.0
MAF_286.pdf_page_4_line_017,Valid but hard,,سࣸکَ,سࣸوک,../data/ajami-prepared-no-partial-leak/train/MAF_286.pdf_page_4_line_017.png,2025-11-18T10:39:41,0.5,1.0
MAF_286.pdf_page_7_line_010,Wrong transcription,جِبريلࣸ يَاکࣸومࣸواأَبَي ثِرْڢَ شٜکَرَا ؞ سَرْکِࢽْکَ يَاغَيْشٰٜکَ أَࢽَّبِ أَحْمَدَا partial,جِبريلࣸ يَاکࣸومࣸواأَبَي ثِرْڢَ شٜکَرَا ؞ سَرْکِࢽْکَ يَاکِࢽْکَ يَاغَيْشٰٜکَ أَࢽَّبِ أَحْمَدَا,جِبرِيلࣸ يَاکࣸوࣸمࣸواْ أَبَيِ ثِࢽْ ڢَ شٜکَرَا ؞ سَرْکِࢽْکَ يَاغَيْشٜࢽٰکَ أَࢽَّبِ أَحْمَدَا,../data/ajami-prepared-no-partial-leak/train/MAF_286.pdf_page_7_line_010.png,2025-12-19T12:34:29,0.1847826086956521,0.4
Nana_Asmāʾu_Admonition_Nana_Asmāʾu_Waazi.pdf_page_1_line_006,Valid but hard,,سࢽڢَ جِيࢽَيْ حَڧِيڧَةََبَادَ کࣸࢽّٜي حَرْٜ غَِيࢽَيْ ڢَبَادَ إ جِيَا کَڢَهࣸمِ,سَࢽِڢَ جِيࢽَيْ حَڧِيڧَةَ بَادَکࣸࢽّٜيٰ جَرْغَࢽِيࢽَيْ ڢَبَادَإِجِيَاکَڢَهْمِ,../data/ajami-prepared-no-partial-leak/train/Nana_Asmāʾu_Admonition_Nana_Asmāʾu_Waazi.pdf_page_1_line_006.png,2025-11-19T22:56:34,0.1688311688311688,0.9
Nana_Asmāʾu_Admonition_Nana_Asmāʾu_Waazi.pdf_page_1_line_015,Script mismatch (non-Arabic),,21,,../data/ajami-prepared-no-partial-leak/train/Nana_Asmāʾu_Admonition_Nana_Asmāʾu_Waazi.pdf_page_1_line_015.png,2025-12-20T10:58:27,0.5,1.0
Nana_Asmāʾu_Admonition_Nana_Asmāʾu_Waazi.pdf_page_2_line_006,Valid but hard,,سࣸوࢽْ ڢَڧࣸرْءَاࢽࣸ أڢَّسࣸوࢽْ سَرْکِي رِڧٜي تࣸتࣸتْ کࣸلّࣸ يَوْمِ,سࣸوࢽْ ڢَڧࣸرْءَاࢽࣸ أَڢَّسࣸوࢽْ جَلَّ سَرْکِي حَرْمَأَيْکِ رِڧٜيٰ تࣸتࣸتْ کࣸلّࣸيَومِ,../data/ajami-prepared-no-partial-leak/train/Nana_Asmāʾu_Admonition_Nana_Asmāʾu_Waazi.pdf_page_2_line_006.png,2025-11-19T20:43:44,0.3770491803278688,0.5
Nana_Asmāʾu_Admonition_Nana_Asmāʾu_Waazi.pdf_page_2_line_007,Wrong transcription,کَاجِ حَࢽْيَاتَبَيْ ࢽَاللهْ حَڧِيڧَا وَࢽْدَيَبِّيتَ يَاڢَذَمْ مࣸسْتَڧِيمِ partial,کَاجِ حَࢽْيَاتَبَيْ وَࢽْدَيَبِّيتَ يَاڢَذَمْ مࣸسْتَڧِيمِ,کَاجِ حَࢽْيَاتَبَيْ ࢽَاللهْ حَڧِيڧَا وَࢽْدَيَبِّيتَ يَاڢَذَمْ مࣸسْتَڧِيمِ,../data/ajami-prepared-no-partial-leak/train/Nana_Asmāʾu_Admonition_Nana_Asmāʾu_Waazi.pdf_page_2_line_007.png,2025-12-19T12:18:25,0.3571428571428571,0.8
Nana_Asmāʾu_Admonition_Nana_Asmāʾu_Waazi.pdf_page_2_line_016,Valid but hard,,الحمد لله وحده,الحملواله وحده,../data/ajami-prepared-no-partial-leak/train/Nana_Asmāʾu_Admonition_Nana_Asmāʾu_Waazi.pdf_page_2_line_016.png,2025-11-19T22:00:58,0.2142857142857142,0.6666666666666666
Nana_Asmāʾu_Admonition_Nana_Asmāʾu_Waazi.pdf_page_2_line_017,Valid but hard,,صلى الله عّلى حبيبه,صل الله على حبيه,../data/ajami-prepared-no-partial-leak/train/Nana_Asmāʾu_Admonition_Nana_Asmāʾu_Waazi.pdf_page_2_line_017.png,2025-11-19T23:12:16,0.3157894736842105,1.0
Nana_Asmāʾu_Admonition_Nana_Asmāʾu_Waazi.pdf_page_2_line_018,Script mismatch (non-Arabic),,22,,../data/ajami-prepared-no-partial-leak/train/Nana_Asmāʾu_Admonition_Nana_Asmāʾu_Waazi.pdf_page_2_line_018.png,2025-12-20T10:58:28,0.5,1.0
Nana_Asmāʾu_The_Absolute_Truth_1_Nana_Asmāʾu_Tabbat_Haqiqan_1.pdf_page_10_line_012,Valid but hard,,على سيدࢽا محمد,على بيرࢽامحم,../data/ajami-prepared-no-partial-leak/train/Nana_Asmāʾu_The_Absolute_Truth_1_Nana_Asmāʾu_Tabbat_Haqiqan_1.pdf_page_10_line_012.png,2025-11-19T21:18:06,0.2857142857142857,0.6666666666666666
Nana_Asmāʾu_The_Absolute_Truth_1_Nana_Asmāʾu_Tabbat_Haqiqan_1.pdf_page_10_line_015,Script mismatch (non-Arabic),,20,,../data/ajami-prepared-no-partial-leak/train/Nana_Asmāʾu_The_Absolute_Truth_1_Nana_Asmāʾu_Tabbat_Haqiqan_1.pdf_page_10_line_015.png,2025-12-20T10:58:31,0.0,0.0
Nana_Asmāʾu_The_Absolute_Truth_1_Nana_Asmāʾu_Tabbat_Haqiqan_1.pdf_page_1_line_017,Script mismatch (non-Arabic),,11,,../data/ajami-prepared-no-partial-leak/train/Nana_Asmāʾu_The_Absolute_Truth_1_Nana_Asmāʾu_Tabbat_Haqiqan_1.pdf_page_1_line_017.png,2025-12-20T10:58:30,0.5,1.0
Nana_Asmāʾu_The_Absolute_Truth_1_Nana_Asmāʾu_Tabbat_Haqiqan_1.pdf_page_2_line_017,Script mismatch (non-Arabic),,12,,../data/ajami-prepared-no-partial-leak/train/Nana_Asmāʾu_The_Absolute_Truth_1_Nana_Asmāʾu_Tabbat_Haqiqan_1.pdf_page_2_line_017.png,2025-12-20T10:58:32,0.0,0.0
Nana_Asmāʾu_The_Absolute_Truth_1_Nana_Asmāʾu_Tabbat_Haqiqan_1.pdf_page_3_line_016,Script mismatch (non-Arabic),,13,,../data/ajami-prepared-no-partial-leak/train/Nana_Asmāʾu_The_Absolute_Truth_1_Nana_Asmāʾu_Tabbat_Haqiqan_1.pdf_page_3_line_016.png,2025-12-20T10:58:33,0.0,0.0
Nana_Asmāʾu_The_Absolute_Truth_1_Nana_Asmāʾu_Tabbat_Haqiqan_1.pdf_page_4_line_016,Valid but hard,,بَاطڟيرد,باطڟبرد,../data/ajami-prepared-no-partial-leak/train/Nana_Asmāʾu_The_Absolute_Truth_1_Nana_Asmāʾu_Tabbat_Haqiqan_1.pdf_page_4_line_016.png,2025-11-19T21:26:04,0.25,1.0
Nana_Asmāʾu_The_Absolute_Truth_1_Nana_Asmāʾu_Tabbat_Haqiqan_1.pdf_page_4_line_017,Script mismatch (non-Arabic),,14,,../data/ajami-prepared-no-partial-leak/train/Nana_Asmāʾu_The_Absolute_Truth_1_Nana_Asmāʾu_Tabbat_Haqiqan_1.pdf_page_4_line_017.png,2025-12-20T10:58:34,0.5,1.0
Nana_Asmāʾu_The_Absolute_Truth_1_Nana_Asmāʾu_Tabbat_Haqiqan_1.pdf_page_5_line_016,Script mismatch (non-Arabic),,15,,../data/ajami-prepared-no-partial-leak/train/Nana_Asmāʾu_The_Absolute_Truth_1_Nana_Asmāʾu_Tabbat_Haqiqan_1.pdf_page_5_line_016.png,2025-12-20T10:58:35,0.5,1.0
Nana_Asmāʾu_The_Absolute_Truth_1_Nana_Asmāʾu_Tabbat_Haqiqan_1.pdf_page_6_line_017,Script mismatch (non-Arabic),,16,,../data/ajami-prepared-no-partial-leak/train/Nana_Asmāʾu_The_Absolute_Truth_1_Nana_Asmāʾu_Tabbat_Haqiqan_1.pdf_page_6_line_017.png,2025-12-20T10:58:36,0.5,1.0
Nana_Asmāʾu_The_Absolute_Truth_1_Nana_Asmāʾu_Tabbat_Haqiqan_1.pdf_page_7_line_016,Script mismatch (non-Arabic),,17,,../data/ajami-prepared-no-partial-leak/train/Nana_Asmāʾu_The_Absolute_Truth_1_Nana_Asmāʾu_Tabbat_Haqiqan_1.pdf_page_7_line_016.png,2025-12-20T10:58:38,0.5,1.0
Nana_Asmāʾu_The_Absolute_Truth_1_Nana_Asmāʾu_Tabbat_Haqiqan_1.pdf_page_8_line_016,Valid but hard,,اࢽي ڢور,اࢽى ڢوࢽ,../data/ajami-prepared-no-partial-leak/train/Nana_Asmāʾu_The_Absolute_Truth_1_Nana_Asmāʾu_Tabbat_Haqiqan_1.pdf_page_8_line_016.png,2025-11-19T21:18:02,0.0,0.0
Nana_Asmāʾu_The_Absolute_Truth_1_Nana_Asmāʾu_Tabbat_Haqiqan_1.pdf_page_8_line_017,Script mismatch (non-Arabic),,18,,../data/ajami-prepared-no-partial-leak/train/Nana_Asmāʾu_The_Absolute_Truth_1_Nana_Asmāʾu_Tabbat_Haqiqan_1.pdf_page_8_line_017.png,2025-12-20T10:58:39,0.5,1.0
Nana_Asmāʾu_The_Absolute_Truth_1_Nana_Asmāʾu_Tabbat_Haqiqan_1.pdf_page_9_line_016,Script mismatch (non-Arabic),,19,,../data/ajami-prepared-no-partial-leak/train/Nana_Asmāʾu_The_Absolute_Truth_1_Nana_Asmāʾu_Tabbat_Haqiqan_1.pdf_page_9_line_016.png,2025-12-20T10:58:41,0.0,0.0
Nana_Asmāʾu_The_Authentic_Path_Nana_Asmāʾu_Godaben_Gaskiya.pdf_page_10_line_006,Valid but hard,,ڢَࢽَاغࣸودَٜى ألله ࢽَى صَلَاةِدَسَلَّمَا بِسَاغَ ڢِيَيَّٜ الرَّسࣸولࣸ مࣸحَمَّدَا,ڢَࢽَاغࣸودِيَ اَللَّهْ ࢽَيْ صَلاَةِ دَسَلَّمَا بِسَاغَ ڢِيَيّٜي اَلرَّسࣸولࣸ مࣸحَمَّدَا,../data/ajami-prepared-no-partial-leak/train/Nana_Asmāʾu_The_Authentic_Path_Nana_Asmāʾu_Godaben_Gaskiya.pdf_page_10_line_006.png,2025-11-18T10:44:50,0.1728395061728395,0.875
Nana_Asmāʾu_The_Authentic_Path_Nana_Asmāʾu_Godaben_Gaskiya.pdf_page_10_line_010,Segmentation error,,تمت بحمدالله وحسࢽ عوࢽه,و,../data/ajami-prepared-no-partial-leak/train/Nana_Asmāʾu_The_Authentic_Path_Nana_Asmāʾu_Godaben_Gaskiya.pdf_page_10_line_010.png,2025-11-19T20:57:59,0.6363636363636364,1.0
Nana_Asmāʾu_The_Authentic_Path_Nana_Asmāʾu_Godaben_Gaskiya.pdf_page_10_line_011,Valid but hard,,والصلاوالسلامࣸ على,والصلاةوالسلام عل,../data/ajami-prepared-no-partial-leak/train/Nana_Asmāʾu_The_Authentic_Path_Nana_Asmāʾu_Godaben_Gaskiya.pdf_page_10_line_011.png,2025-11-19T23:01:59,0.1111111111111111,0.5
Nana_Asmāʾu_The_Authentic_Path_Nana_Asmāʾu_Godaben_Gaskiya.pdf_page_10_line_014,Valid but hard,,وسَلَّم,وسله,../data/ajami-prepared-no-partial-leak/train/Nana_Asmāʾu_The_Authentic_Path_Nana_Asmāʾu_Godaben_Gaskiya.pdf_page_10_line_014.png,2025-11-19T20:27:34,0.5714285714285714,1.0
Nana_Asmāʾu_The_Authentic_Path_Nana_Asmāʾu_Godaben_Gaskiya.pdf_page_10_line_015,Script mismatch (non-Arabic),,10,,../data/ajami-prepared-no-partial-leak/train/Nana_Asmāʾu_The_Authentic_Path_Nana_Asmāʾu_Godaben_Gaskiya.pdf_page_10_line_015.png,2025-12-20T10:58:42,0.0,0.0
Nana_Asmāʾu_The_Authentic_Path_Nana_Asmāʾu_Godaben_Gaskiya.pdf_page_1_line_002,Wrong transcription,وَاڧَرْ ࢽَاࢽَ طِيَرْ شيخ عثماࢽ vowels in GT,وَاڧَرْ ࢽَاࢽَ طِيَرْ شي,واڧرࢽاࢽ طيررشࢽ عتماࢽ,../data/ajami-prepared-no-partial-leak/train/Nana_Asmāʾu_The_Authentic_Path_Nana_Asmāʾu_Godaben_Gaskiya.pdf_page_1_line_002.png,2025-12-19T12:03:15,0.6086956521739131,1.0
Nana_Asmāʾu_The_Authentic_Path_Nana_Asmāʾu_Godaben_Gaskiya.pdf_page_1_line_007,Valid but hard,,ت صکتولࢽبرکاته,تصکتو لࢽبراکاتر,../data/ajami-prepared-no-partial-leak/train/Nana_Asmāʾu_The_Authentic_Path_Nana_Asmāʾu_Godaben_Gaskiya.pdf_page_1_line_007.png,2025-11-18T10:10:41,0.1428571428571428,0.5
Nana_Asmāʾu_The_Authentic_Path_Nana_Asmāʾu_Godaben_Gaskiya.pdf_page_1_line_008,Valid but hard,,ڢى عمْ بد ٢١٨٠,ڢ عٜمْ بر  1اࢽر,../data/ajami-prepared-no-partial-leak/train/Nana_Asmāʾu_The_Authentic_Path_Nana_Asmāʾu_Godaben_Gaskiya.pdf_page_1_line_008.png,2025-11-19T20:27:30,0.2857142857142857,0.75
Nana_Asmāʾu_The_Authentic_Path_Nana_Asmāʾu_Godaben_Gaskiya.pdf_page_1_line_009,Valid but hard,,صکتو,3کتو,../data/ajami-prepared-no-partial-leak/train/Nana_Asmāʾu_The_Authentic_Path_Nana_Asmāʾu_Godaben_Gaskiya.pdf_page_1_line_009.png,2025-11-18T10:11:28,0.25,1.0
Nana_Asmāʾu_The_Authentic_Path_Nana_Asmāʾu_Godaben_Gaskiya.pdf_page_2_line_001,Valid but hard,,بِسْمِ اللهِ الرَّحمَࢽِِِِ الرَّحيمِ صلَّى الله على الࢽَّبيِّ,بِسْمِ اِللَّهِ الرَّحْمَٰࢽ الرَّحِيمِ صَلَّى اَللَّهࣸ عَلَى اَلࢽَّبِيِّ,../data/ajami-prepared-no-partial-leak/train/Nana_Asmāʾu_The_Authentic_Path_Nana_Asmāʾu_Godaben_Gaskiya.pdf_page_2_line_001.png,2025-11-18T10:05:03,0.2622950819672131,0.875
Nana_Asmāʾu_The_Authentic_Path_Nana_Asmāʾu_Godaben_Gaskiya.pdf_page_2_line_003,Valid but hard,,ࢽورالزَّمَاࢽ عࣸثْمَاࢽ بࢽِ ڢࣸودࣸوتَغَمَّدَهࣸ اللهࣸ,ࢽࣸورࣸاِلزَّمَاࢽِ عࣸثْمَاࢽَ بِࢽْ ڢࣸودࣸي تَغَمَّدَهࣸ اَللّه,../data/ajami-prepared-no-partial-leak/train/Nana_Asmāʾu_The_Authentic_Path_Nana_Asmāʾu_Godaben_Gaskiya.pdf_page_2_line_003.png,2025-11-19T21:27:41,0.2653061224489796,1.4
Nana_Asmāʾu_The_Authentic_Path_Nana_Asmāʾu_Godaben_Gaskiya.pdf_page_2_line_004,Valid but hard,,بِرَحْمَتِهِ. ٤ اَمِيࢽ,بِرَحْمَتِه ء أَمِيࢽْ,../data/ajami-prepared-no-partial-leak/train/Nana_Asmāʾu_The_Authentic_Path_Nana_Asmāʾu_Godaben_Gaskiya.pdf_page_2_line_004.png,2025-11-19T21:42:43,0.1818181818181818,0.75
Nana_Asmāʾu_The_Authentic_Path_Nana_Asmāʾu_Godaben_Gaskiya.pdf_page_2_line_011,Valid but hard,,صَلاةࣸࢽَاَللهࣸ شِدَوَّمَ هَکَذَا سَلَامࣻ غَرَى ش يَعَّى کࣸووَامࣸحَمَّدا,صَلاَةࣸ ࢽَاَللَّهࣸ شِدَوَّمَ مَکَذَا سَلَامࣸ غَرَيْ شِ يَڢِّ کࣸووَامࣸحَمَّدَا,../data/ajami-prepared-no-partial-leak/train/Nana_Asmāʾu_The_Authentic_Path_Nana_Asmāʾu_Godaben_Gaskiya.pdf_page_2_line_011.png,2025-11-19T22:39:38,0.2602739726027397,1.0
Nana_Asmāʾu_The_Authentic_Path_Nana_Asmāʾu_Godaben_Gaskiya.pdf_page_2_line_012,Wrong transcription,کَذَاکَدَاَلَّيْࢽَىْ دَصَحْبࣸ دَتَبِعِ دَتَابِعِ تَابِع دࣸکْ غَتࣸرْبَرْمُحَمَّدَا partial,کَذَاکَدَاَلَّيْࢽَىْ دَصَحْبࣸ دَتَبِعِ دَتَابِعِ تَابِع,کَذَاکَ دَاَلَّيْࢽَيْ دَصَحْبࣸ دَتَابِعِ دَتَابِعِ تَابِعِ دࣸکْ غَتࣸرْبَرْحَمَّدَا,../data/ajami-prepared-no-partial-leak/train/Nana_Asmāʾu_The_Authentic_Path_Nana_Asmāʾu_Godaben_Gaskiya.pdf_page_2_line_012.png,2025-12-19T12:08:51,0.543859649122807,1.4
Nana_Asmāʾu_The_Authentic_Path_Nana_Asmāʾu_Godaben_Gaskiya.pdf_page_3_line_001,Valid but hard,no vowels in GT (+ wrong transcription),مکوت ڢصلاواجبيتاغرىم دک ذماات اکردک عبادغامحمدا,مࣸکٰٜوْتَ ڢَصَلَّوَاجِبِيتَاغَرٜيٰمࣸ دࣸکْ ذَمَاإِتَ أَکَّࢽْ دࣸکْ عِبَادَاغَأحَمَدَا,../data/ajami-prepared-no-partial-leak/train/Nana_Asmāʾu_The_Authentic_Path_Nana_Asmāʾu_Godaben_Gaskiya.pdf_page_3_line_001.png,2025-12-18T16:32:20,0.8163265306122449,1.3333333333333333
Nana_Asmāʾu_The_Authentic_Path_Nana_Asmāʾu_Godaben_Gaskiya.pdf_page_3_line_017,Script mismatch (non-Arabic),,3,,../data/ajami-prepared-no-partial-leak/train/Nana_Asmāʾu_The_Authentic_Path_Nana_Asmāʾu_Godaben_Gaskiya.pdf_page_3_line_017.png,2025-12-20T10:58:43,1.0,1.0
Nana_Asmāʾu_The_Authentic_Path_Nana_Asmāʾu_Godaben_Gaskiya.pdf_page_4_line_016,Valid but hard,,دميزࢽى,دمي زࢽى,../data/ajami-prepared-no-partial-leak/train/Nana_Asmāʾu_The_Authentic_Path_Nana_Asmāʾu_Godaben_Gaskiya.pdf_page_4_line_016.png,2025-11-19T23:02:52,0.1666666666666666,1.0
Nana_Asmāʾu_The_Authentic_Path_Nana_Asmāʾu_Godaben_Gaskiya.pdf_page_4_line_017,Script mismatch (non-Arabic),,4,,../data/ajami-prepared-no-partial-leak/train/Nana_Asmāʾu_The_Authentic_Path_Nana_Asmāʾu_Godaben_Gaskiya.pdf_page_4_line_017.png,2025-12-20T10:58:45,1.0,1.0
Nana_Asmāʾu_The_Authentic_Path_Nana_Asmāʾu_Godaben_Gaskiya.pdf_page_5_line_003,Valid but hard,,حَلࣸسَّࢽْسࣸ حَرْغَغَبَادَطَايٰتوغاَحْمَدَاسࣸࢽْڢَ بَيَّࢽَ ذَمَاباسࣸ سَامࣸࢽْ سࣸوڢَ ثٜيٰتو غَاَحْمَدَا,حَلࣸسَّࢽْسࣸ حَرْغَغَبَادَطَاسࣸࢽْڢَ بَيَّࢽَي ذَمَابَاسࣸ سَامࣸࢽْ سࣸوڢَ ثٜيٰتࣸو غَأَحْمَدَا,../data/ajami-prepared-no-partial-leak/train/Nana_Asmāʾu_The_Authentic_Path_Nana_Asmāʾu_Godaben_Gaskiya.pdf_page_5_line_003.png,2025-11-19T22:41:43,0.19,0.625
Nana_Asmāʾu_The_Authentic_Path_Nana_Asmāʾu_Godaben_Gaskiya.pdf_page_5_line_013,Wrong transcription,سࣸثٜيٰ يَوْکࣸذࣸوغخَلِيلࣸ سَرْکِࢽْمࣸ يَيْ ڢࣸشِيٰ خَلِيلࣸ شِثٜيٰ يَوْسَيْ ڢِيَيّٜيٰ مࣸحَمَّدَا partial,سࣸثٜيٰ يَوْکࣸذࣸوغخَلِيلࣸ سَرْکِࢽْمࣸ يَيْ ڢࣸشِيٰ يَوْسَيْ ڢِيَيّٜيٰ مࣸحَمَّدَا,سࣸثٜيٰ يَوْکࣸذࣸوغَخَلِيلࣸ سَرْکِࢽْمࣸ يَيْ ڢࣸشِي خَلِيلࣸ شِثٜيٰ يَوْسَيْ ڢِيَيّٜيٰ مࣸحَمَّدَا,../data/ajami-prepared-no-partial-leak/train/Nana_Asmāʾu_The_Authentic_Path_Nana_Asmāʾu_Godaben_Gaskiya.pdf_page_5_line_013.png,2025-12-19T12:35:08,0.2077922077922078,0.5
Nana_Asmāʾu_The_Authentic_Path_Nana_Asmāʾu_Godaben_Gaskiya.pdf_page_6_line_015,Wrong transcription,غَتࣸوذࣸوࢽَبِوصَلاَّ ڢَࢽَࢽْ أَکَتَࢽْبَيَا ࢽَعࣸکّࣸ ڢَزَکَّا کَيْ مࣸمࣸذَمْبِࢽْ مࣸحَمَّدَا partial,غَتࣸوذࣸوࢽَبِوصَلاَّ ڢَࢽَࢽْ أَکَتَࢽْبَيَا ࢽَعࣸکّࣸ ڢَزَکَّا کَيْ مࣸ,غَتࣸوذࣸوࢽَبِوصَلَّا ڢَࢽَࢽْ أَکَتَࢽْبَيَا ࢽَعࣸکّࣸ ڢَزَکَّاکَيْ مࣸذَمْبِࢽْ مࣸحَمَّدَا,../data/ajami-prepared-no-partial-leak/train/Nana_Asmāʾu_The_Authentic_Path_Nana_Asmāʾu_Godaben_Gaskiya.pdf_page_6_line_015.png,2025-12-19T12:12:41,0.3823529411764705,0.7142857142857143
Nana_Asmāʾu_The_Authentic_Path_Nana_Asmāʾu_Godaben_Gaskiya.pdf_page_6_line_019,Script mismatch (non-Arabic),,6,,../data/ajami-prepared-no-partial-leak/train/Nana_Asmāʾu_The_Authentic_Path_Nana_Asmāʾu_Godaben_Gaskiya.pdf_page_6_line_019.png,2025-12-20T10:58:50,0.0,0.0
Nana_Asmāʾu_The_Authentic_Path_Nana_Asmāʾu_Godaben_Gaskiya.pdf_page_7_line_017,Script mismatch (non-Arabic),,7,,../data/ajami-prepared-no-partial-leak/train/Nana_Asmāʾu_The_Authentic_Path_Nana_Asmāʾu_Godaben_Gaskiya.pdf_page_7_line_017.png,2025-12-20T10:58:50,0.0,0.0
Nana_Asmāʾu_The_Authentic_Path_Nana_Asmāʾu_Godaben_Gaskiya.pdf_page_8_line_006,Valid but hard,,دباب مࣸتࣸوا تتب مࢽا ذمࢽي سرمدا تتب کو ثکࢽ شاوادساروادکا ثکِ,دباب متواتتب مࢽاذمࢽي سرمددا تتب کوثکࢽ شاوادساروادکا,../data/ajami-prepared-no-partial-leak/train/Nana_Asmāʾu_The_Authentic_Path_Nana_Asmāʾu_Godaben_Gaskiya.pdf_page_8_line_006.png,2025-11-19T22:59:54,0.1639344262295081,0.6363636363636364
Nana_Asmāʾu_The_Authentic_Path_Nana_Asmāʾu_Godaben_Gaskiya.pdf_page_9_line_017,Script mismatch (non-Arabic),,9,,../data/ajami-prepared-no-partial-leak/train/Nana_Asmāʾu_The_Authentic_Path_Nana_Asmāʾu_Godaben_Gaskiya.pdf_page_9_line_017.png,2025-12-20T10:58:51,0.0,0.0
On_Divine_Punishment_2_Kuuɗe_Lette_2.pdf_page_1_line_008,Valid but hard,,مࣽرࣽڢَامِ عࣽطࣸىْ تَىْ بِکّࣸ مࣸعࣸࢽ سَبࣸ جٜکّࣸ کࣽجࣽکّٜي جنرٜءَرَࢽْ,مࣽرࣽڢَامِ عࣽطࣽࢽْ تَࢽْ بِکّࣽ مࣸعࣸࢽ سَبࣸ جِکّࣽࣸ کࣽجࣽکّٜ جَنْررَرَࢽْ,../data/ajami-prepared-no-partial-leak/train/On_Divine_Punishment_2_Kuuɗe_Lette_2.pdf_page_1_line_008.png,2025-11-19T22:53:32,0.296875,0.8888888888888888
The_Glorious_Majidu_Infiraji_1.pdf_page_10_line_001,Valid but hard,,٣٥ ڧَايَوَࢽْ ࢽَڟࣸوَا دَمڢَّا غَاشِ کَيکَّياوَاغَصِڧَّا,٣ غَايَدَࢽْ ࢽَڟَوَادَمِڢَّا غَاشِ يکَّياوَاغِصِڢَّا,../data/ajami-prepared-no-partial-leak/train/The_Glorious_Majidu_Infiraji_1.pdf_page_10_line_001.png,2025-11-19T22:38:45,0.2321428571428571,0.8333333333333334
The_Glorious_Majidu_Infiraji_1.pdf_page_10_line_003,Valid but hard,,حَرْ شَࢽْسَ بَشِى غࣸرَاغࣸرَابَا,مَرْشٰٜࢽْسَ بَشِي غࣸرَاغࣸرَابَا,../data/ajami-prepared-no-partial-leak/train/The_Glorious_Majidu_Infiraji_1.pdf_page_10_line_003.png,2025-11-19T23:03:47,0.0967741935483871,0.5
The_Glorious_Majidu_Infiraji_1.pdf_page_10_line_004,Valid but hard,,٣٦ مَادࣸغࣸࢽْ مَکَهْ دَاکَثىي ذَاࢽِ کىوَا تَاإِࢽتى,٣٣ مَادࣸغࣸࢽْ مَکَهْ دَاکَثٜىࢽِ ذَاࢽِ کٜىٰوَاتَاإشٜىࢽِ,../data/ajami-prepared-no-partial-leak/train/The_Glorious_Majidu_Infiraji_1.pdf_page_10_line_004.png,2025-11-18T10:11:34,0.22,0.5714285714285714
The_Glorious_Majidu_Infiraji_1.pdf_page_10_line_007,Valid but hard,,٣٧ يَامَجِيْ دࣸو ڧࣸࢽْ غَزَجّى رَبَّࢽَا تَاثىِࢽ إِࢽْجى,٣٣ يَامَجِى رࣸوڧࣸࢽْ غَزَجّٜىٰ رَبَّࢽَاتَاشٜىࢽِ إِࢽْجى,../data/ajami-prepared-no-partial-leak/train/The_Glorious_Majidu_Infiraji_1.pdf_page_10_line_007.png,2025-11-19T21:42:57,0.1851851851851851,0.875
The_Glorious_Majidu_Infiraji_1.pdf_page_10_line_011,Valid but hard,,إِࢽْ ڢَطَامَسَ يَࢽْ جࣸکَاتَ کى غَي سَ دَتَاڟَ,إِࢽْ ڢَطَامَسَ يَرْبࣸکَاتَا کٜىٰ غَيِي شِ دَتَاڟَبَ,../data/ajami-prepared-no-partial-leak/train/The_Glorious_Majidu_Infiraji_1.pdf_page_10_line_011.png,2025-11-19T21:21:10,0.3260869565217391,0.75
The_Glorious_Majidu_Infiraji_1.pdf_page_10_line_016,Script mismatch (non-Arabic),,8,,../data/ajami-prepared-no-partial-leak/train/The_Glorious_Majidu_Infiraji_1.pdf_page_10_line_016.png,2025-12-20T10:58:52,1.0,1.0
The_Glorious_Majidu_Infiraji_1.pdf_page_11_line_001,Valid but hard,,يَا مَڟِيرَا يَامَدَاڢَا يَامَحَبِى تَوْسْࢽْ مَهَيڢَا,٤ يَامَڟِيرَايَامَدَاڢَا يَامَبِي تَوْسَࢽْ مَمَيْڢَا,../data/ajami-prepared-no-partial-leak/train/The_Glorious_Majidu_Infiraji_1.pdf_page_11_line_001.png,2025-11-19T22:35:33,0.1785714285714285,0.8333333333333334
The_Glorious_Majidu_Infiraji_1.pdf_page_11_line_003,Valid but hard,,دَتَکى هَࢽّࣸࢽَکَ بَارࣸڢىوَ,دَتَکٜى هَࢽّࣸࢽْکَ بَارࣸڢٜيٰوَ,../data/ajami-prepared-no-partial-leak/train/The_Glorious_Majidu_Infiraji_1.pdf_page_11_line_003.png,2025-11-19T22:30:22,0.1538461538461538,0.6666666666666666
The_Glorious_Majidu_Infiraji_1.pdf_page_11_line_005,Valid but hard,,يَࢽْ ڧَࢽَا ࢽَاهَرْسࣸشِرْيࣸو رࣸࢽْڧࣸمَىمࣸ کَثى عَلِيْمࣸ,يَࢽْ ڧَࢽَاࢽَاهَرْسࣸشِرْيࣸو رࣸࢽْغࣸمٜىٰمࣸ کَثٜىٰ عَلِيّࣸو,../data/ajami-prepared-no-partial-leak/train/The_Glorious_Majidu_Infiraji_1.pdf_page_11_line_005.png,2025-11-19T22:59:10,0.1111111111111111,0.6666666666666666
The_Glorious_Majidu_Infiraji_1.pdf_page_11_line_017,Script mismatch (non-Arabic),,9,,../data/ajami-prepared-no-partial-leak/train/The_Glorious_Majidu_Infiraji_1.pdf_page_11_line_017.png,2025-12-20T10:58:53,0.0,0.0
The_Glorious_Majidu_Infiraji_1.pdf_page_12_line_002,Valid but hard,,ألࢽَّبِࢽْمࣸ يَذࣸودَ سࣸࢽَّـا دࣸوࢽِيَا هَسْکى يَذࣸوࢽَا,اَلࢽَّبِࢽْمࣸ يَذࣸودَسࣸࢽَّا ذࣸوࢽِيَا سَسْکٜىٰ يَذَرْࢽَا,../data/ajami-prepared-no-partial-leak/train/The_Glorious_Majidu_Infiraji_1.pdf_page_12_line_002.png,2025-11-19T22:08:02,0.1666666666666666,1.0
The_Glorious_Majidu_Infiraji_1.pdf_page_12_line_003,Valid but hard,,هَرغࣸس ݒى بَمࣸىْ ذَمَࢽ دࣸهࣸوْبَا,هَرْغࣸربٜى بَمࣸࢽْ ذَمَࢽْ دࣸسࣸوبَا,../data/ajami-prepared-no-partial-leak/train/The_Glorious_Majidu_Infiraji_1.pdf_page_12_line_003.png,2025-11-19T21:26:49,0.21875,1.0
The_Glorious_Majidu_Infiraji_1.pdf_page_12_line_007,Valid but hard,,٤٧ رَبَّࢽَا يَکِرَاکَ کَاجى إࢽْدَ يَاوَى وَࢽَدَيَاجى,٢ رَبَّࢽَا يَکِرَاکَ کَاجٜىٰ إࢽْدَيَاوَࢽِ وَࢽْدَيَابٜىٰ,../data/ajami-prepared-no-partial-leak/train/The_Glorious_Majidu_Infiraji_1.pdf_page_12_line_007.png,2025-11-19T22:07:53,0.1509433962264151,0.7142857142857143
The_Glorious_Majidu_Infiraji_1.pdf_page_12_line_013,Valid but hard,,٤٩ يَاکࣸسَࢽْثِ غَدࣸوࢽْ سَرَوتَ جࢽ کِرَࢽسَ شِࢽَابَوَيْيَّا,٤٤ يَا کࣸسَࢽْثِ غَدࣸوࢽْ سَرَوْتَ جَࢽْ کِرَࢽْسَ شَࢽَابَوَيْتَا,../data/ajami-prepared-no-partial-leak/train/The_Glorious_Majidu_Infiraji_1.pdf_page_12_line_013.png,2025-11-19T20:08:16,0.1551724137931034,0.7142857142857143
The_Glorious_Majidu_Infiraji_1.pdf_page_13_line_004,Valid but hard,,٥١ سَيْدَ کَى تَحِيَا غَأَللَّه أَࢽْکَثى بَابى ڢِتِلَّه,٤٤ سَيْدَکَࢽْ تَحِيَاغَأَللهْ أَࢽْکَثٜىٰ لَابٜى ڢِتِلَّه,../data/ajami-prepared-no-partial-leak/train/The_Glorious_Majidu_Infiraji_1.pdf_page_13_line_004.png,2025-11-19T21:29:22,0.2142857142857142,0.875
The_Glorious_Majidu_Infiraji_1.pdf_page_13_line_006,Valid but hard,,يَجِ کَلْمَابَا تَطَࢽْ أَدَمَّبَا,يَجِ کَلْمَابَاتَصطَطࢽْ أدَمْبَا,../data/ajami-prepared-no-partial-leak/train/The_Glorious_Majidu_Infiraji_1.pdf_page_13_line_006.png,2025-11-20T08:53:22,0.1515151515151515,1.0
The_Glorious_Majidu_Infiraji_1.pdf_page_13_line_014,Valid but hard,,مࣸصْطَڢَى ࢽى شࣸوغَبَࢽسࣸ کࣸواْدَ يَزَّکَ ڧَارِشَࢽْسࣸ,مࣸصْطَڢَى ࢽٜىٰ شࣸوغَبَࢽْسࣸ کࣸوْاْأَيَزَّکَ ڧَارَشِࢽْسࣸ,../data/ajami-prepared-no-partial-leak/train/The_Glorious_Majidu_Infiraji_1.pdf_page_13_line_014.png,2025-11-19T23:12:39,0.173076923076923,1.0
The_Glorious_Majidu_Infiraji_1.pdf_page_13_line_017,Script mismatch (non-Arabic),,11,,../data/ajami-prepared-no-partial-leak/train/The_Glorious_Majidu_Infiraji_1.pdf_page_13_line_017.png,2025-12-20T10:58:55,0.5,1.0
The_Glorious_Majidu_Infiraji_1.pdf_page_14_line_005,Valid but hard,,وَࢽْدَ کبى ڟَامࣸوا ڟَّڟى يَارِڧىمࣸدَسࣸوْاکَرَࢽْڟى,وَࢽْدَکٜىٰ ڟَامࣸواࣸڟَّڟٜيٰ يَارِڧٜيٰمࣸ دَسࣸواکَرَࢽْڟٜى,../data/ajami-prepared-no-partial-leak/train/The_Glorious_Majidu_Infiraji_1.pdf_page_14_line_005.png,2025-11-19T21:21:13,0.28,1.0
The_Glorious_Majidu_Infiraji_1.pdf_page_14_line_006,Valid but hard,,رَࢽْ غࣸوىى بَمࣸى بَڧِࢽ ثِکِيْبَا,رَࢽْ غࣸوبٜيٰ بَمࣸي بَڧِࢽْ ثِکِيبَا,../data/ajami-prepared-no-partial-leak/train/The_Glorious_Majidu_Infiraji_1.pdf_page_14_line_006.png,2025-11-18T10:44:45,0.21875,0.8
The_Glorious_Majidu_Infiraji_1.pdf_page_14_line_007,Valid but hard,,٥٧ کَيࢽ طَبِيعَاࢽَاغَىرــشِ وَࢽْدَأَࢽکَجِ سَيْکَ سࣸوْشِ,٣ کَيْࢽْ طَبِيعَاࢽَاغَرٜىٰشِ وَࢽْدَ أَࢽْ کَجِ سَيْکَ سࣸواْشِ,../data/ajami-prepared-no-partial-leak/train/The_Glorious_Majidu_Infiraji_1.pdf_page_14_line_007.png,2025-11-19T21:59:04,0.1607142857142857,0.8333333333333334
The_Glorious_Majidu_Infiraji_1.pdf_page_14_line_010,Valid but hard,,٥٨ بَاشِ ذࣸوبى إࢽْ يَبَاکَ بَاشِ جِࢽْ ڧَيَا شِى أَبِࢽْکَ,٣ بَاشِ ذࣸوبٜى إِࢽْ بَبَاکَ بَاشِ بِࢽْ ڧَياشِࢽ أبِࢽْکَ,../data/ajami-prepared-no-partial-leak/train/The_Glorious_Majidu_Infiraji_1.pdf_page_14_line_010.png,2025-11-19T22:45:56,0.1578947368421052,0.6
The_Glorious_Majidu_Infiraji_1.pdf_page_14_line_015,Valid but hard,,تࣸࢽْ بَا مَکَطَادَ عَࢽْ دَ بࣸوْأَبَا,تࣸࢽْ بَامَکَکَادَࢳَࢽْ دَبࣸوْاْبَا,../data/ajami-prepared-no-partial-leak/train/The_Glorious_Majidu_Infiraji_1.pdf_page_14_line_015.png,2025-12-19T12:35:30,0.1944444444444444,0.8333333333333334
The_Glorious_Majidu_Infiraji_1.pdf_page_15_line_004,Valid but hard,,٦١ سَࢽّࣸ مَىْ ڢࣸسْکَا سَکَکٰٜى وَࢽْدَيَاڢِ وَتَاغَهَسْکٜىٰ,٢٢ سَࢽّࣸ مَى ڢࣸسْکَامَکَکى وَࢽْدَ يَادِ وَࢽَا غَهَسْکى,../data/ajami-prepared-no-partial-leak/train/The_Glorious_Majidu_Infiraji_1.pdf_page_15_line_004.png,2025-11-18T10:44:32,0.0847457627118644,0.5714285714285714
The_Glorious_Majidu_Infiraji_1.pdf_page_15_line_010,Valid but hard,,٦٣ يَاإِلَهِ العَالَمِيْࢽَ تَيْمَکىمࣸ مࣸجى مَدِيْࢽَا,٣٤ يَاِلهِ اللَالَمِيࢽَ تَيْدَکٜىٰمࣸ مࣸجٜى مَدِيࢽَا,../data/ajami-prepared-no-partial-leak/train/The_Glorious_Majidu_Infiraji_1.pdf_page_15_line_010.png,2025-11-19T22:07:57,0.1698113207547169,0.8333333333333334
The_Glorious_Majidu_Infiraji_1.pdf_page_15_line_013,Valid but hard,,٦٤ وَࢽْغَ تَالِيڢِى دَکࣸࢽࣸجِ وَاڧَࢽ وَاڧىࢽ مَاسࣸ ثَاجِ,٤٤ وَࢽْغَ تَالِيڢِي دَکࣸࢽْجِ وَاڧٜي وَاڧٜࢽࢽْ مَاسࣸ ثَابِ,../data/ajami-prepared-no-partial-leak/train/The_Glorious_Majidu_Infiraji_1.pdf_page_15_line_013.png,2025-11-19T23:01:44,0.1636363636363636,0.75
The_Glorious_Majidu_Infiraji_1.pdf_page_16_line_001,Valid but hard,,٦٥ يَوَو وَاڧَاتَا تڧَيْتَا کࣸلَّتَا سِتَّوࢽَ بَيَّࢽَا,٤٥ يَوڢِ وَاڧَاتَاتَڧَيْتَا کࣸلَّتَاِتّࣸوࢽَ بَيِْࢽَا,../data/ajami-prepared-no-partial-leak/train/The_Glorious_Majidu_Infiraji_1.pdf_page_16_line_001.png,2025-11-19T22:38:50,0.2,0.8571428571428571
The_Glorious_Majidu_Infiraji_1.pdf_page_16_line_004,Wrong transcription,vowels in GT,الحَمْدࣸ لِلَّهِ رَبِّ العَالَمِيࢽ,الحمدلله رب العالميࢽ,../data/ajami-prepared-no-partial-leak/train/The_Glorious_Majidu_Infiraji_1.pdf_page_16_line_004.png,2025-12-18T16:07:17,0.4411764705882353,1.0
The_Glorious_Majidu_Infiraji_1.pdf_page_16_line_005,Wrong transcription,vowels in GT,تَمَّتْ بِحَمْدِ اللَّهِ,تمت بحمد اللهه,../data/ajami-prepared-no-partial-leak/train/The_Glorious_Majidu_Infiraji_1.pdf_page_16_line_005.png,2025-12-19T12:10:59,0.5,1.0
The_Glorious_Majidu_Infiraji_1.pdf_page_16_line_006,Wrong transcription,vowels in GT,وَالصَّلاةࣸ والسَّلاَمࣸ,والصلاةوالسلام,../data/ajami-prepared-no-partial-leak/train/The_Glorious_Majidu_Infiraji_1.pdf_page_16_line_006.png,2025-12-18T16:07:54,0.3478260869565217,1.0
The_Glorious_Majidu_Infiraji_1.pdf_page_16_line_007,Wrong transcription,vowels added in GT,عَلَى رَسࣸولِ اللَّهِ,على رسول الله,../data/ajami-prepared-no-partial-leak/train/The_Glorious_Majidu_Infiraji_1.pdf_page_16_line_007.png,2025-12-19T11:33:24,0.4285714285714285,1.0
The_Glorious_Majidu_Infiraji_1.pdf_page_16_line_008,Wrong transcription,vowels added in GT,بِڧَلَم إبْرَاهِيمࣸ,بڧلم إبراهيم,../data/ajami-prepared-no-partial-leak/train/The_Glorious_Majidu_Infiraji_1.pdf_page_16_line_008.png,2025-12-19T11:33:51,0.2631578947368421,1.0
The_Glorious_Majidu_Infiraji_1.pdf_page_1_line_003,Valid but hard,,الࢽَّاشِرࣸ أحَمَدࣸ التِجَاࢽِي حَڢِظَهࣸ اللَّهࣸ,اَالࢽَّاشِرࣸ أَحْمَدࣸالَدِسِي دَڢِلظَمهَللّهࣸ,../data/ajami-prepared-no-partial-leak/train/The_Glorious_Majidu_Infiraji_1.pdf_page_1_line_003.png,2025-11-19T20:41:12,0.2765957446808511,0.8
The_Glorious_Majidu_Infiraji_1.pdf_page_1_line_004,Valid but hard,,وَڢَّڧَࢽَااللَّهࣸ إِلَى مَايࣸحِبّࣸ ءَامِيࢽْ,وَڢَّڧَذَاللهࣸ اِلࣸ ࣸ مَايࣸحِبَّ دَيِيامَ,../data/ajami-prepared-no-partial-leak/train/The_Glorious_Majidu_Infiraji_1.pdf_page_1_line_004.png,2025-11-19T20:44:48,0.3023255813953488,1.0
The_Glorious_Majidu_Infiraji_1.pdf_page_1_line_006,Valid but hard,,الحَاجِ مَالَمْ عَلِيّࣸ ࢽَمَࢽَغِ,اَلحَلَجِ سَالَمْ عَلِيّࣸ ࢽَمَࢽْغِ,../data/ajami-prepared-no-partial-leak/train/The_Glorious_Majidu_Infiraji_1.pdf_page_1_line_006.png,2025-11-19T23:12:58,0.21875,1.0
The_Glorious_Majidu_Infiraji_1.pdf_page_2_line_003,Valid but hard,,اَلࢽَاشِر اَحْمَد التِجَّاࢽِي حَڢِڟَه اللَّه,اَلࢽَّاشِرࣸأَلْمَ دࣸ إࢽْتِجَاࢽِي حَڢِظَهࣸ اِللَّهࣸ,../data/ajami-prepared-no-partial-leak/train/The_Glorious_Majidu_Infiraji_1.pdf_page_2_line_003.png,2025-11-19T21:36:33,0.2045454545454545,1.0
The_Glorious_Majidu_Infiraji_1.pdf_page_2_line_004,Wrong transcription,partial,وَڢَّڧَهࣸ اللَّهࣸ اِلَى مَا يࣸحِبࣸ ءا,وَڢَّڧْࢽَااللهࣸ إلَىٰ مَا يࣸحِبّࣸ. اميࢽْ,../data/ajami-prepared-no-partial-leak/train/The_Glorious_Majidu_Infiraji_1.pdf_page_2_line_004.png,2025-12-18T16:34:56,0.2972972972972973,1.0
The_Glorious_Majidu_Infiraji_1.pdf_page_2_line_005,Valid but hard,,بِإِزْࢽِ مࣸوَلِّڢࣸ هَزَا الْکِتَابࣸ,بِإِذْࢽِ مࣸوَلِّڢࣸ ِلذَاالکتَابࣸ,../data/ajami-prepared-no-partial-leak/train/The_Glorious_Majidu_Infiraji_1.pdf_page_2_line_005.png,2025-11-19T22:15:15,0.0857142857142857,0.75
The_Glorious_Majidu_Infiraji_1.pdf_page_2_line_007,Valid but hard,,زَارِيَ,زَرْرِيَ,../data/ajami-prepared-no-partial-leak/train/The_Glorious_Majidu_Infiraji_1.pdf_page_2_line_007.png,2025-11-19T21:17:45,0.0,0.0
The_Glorious_Majidu_Infiraji_1.pdf_page_3_line_001,Valid but hard,,بِسْمِ اللَّهِ الرَّحْمَاࢽِ الرَّحِيم وَصَلَّى اللَّهࣸ الࢽَّبِي الْمَکرِيمِ,بِسْمِ اِللَّهِ اِلرَّحْمَࢽِ الرَّحِيمِ وَصَلَى اللَهࣸ عَلَى الࢽَّبِيِّ اِلمَ کَرِِيمِ,../data/ajami-prepared-no-partial-leak/train/The_Glorious_Majidu_Infiraji_1.pdf_page_3_line_001.png,2025-11-18T10:42:33,0.1818181818181818,0.625
The_Glorious_Majidu_Infiraji_1.pdf_page_3_line_009,Valid but hard,,٣ غَيْسࣸوَا تَاکࣸواْتَدبثى غࣸࢽْ مَأَيْکِࢽْ ࢽَࢽْ أَࢽْبَثِى,٢ غَيْسࣸوَاتَاکࣸوْاتَدَاثٜى غࣸࢽْ مَأيْکِࢽْ ࢽَࢽْ دَأَࢽْثٜىٰ,../data/ajami-prepared-no-partial-leak/train/The_Glorious_Majidu_Infiraji_1.pdf_page_3_line_009.png,2025-11-18T10:42:41,0.2203389830508474,0.5714285714285714
The_Glorious_Majidu_Infiraji_1.pdf_page_4_line_004,Valid but hard,,٦ يَاإِلَهَ الْعَالَمِيࢽَ ࢽࣸيمَکـࢽ إِࢽْجي مَدِيࢽَا,٢ يَاإِلَهَ الْعَالَمِيࢽَ تࣸيْمَکٜىٰࢽِ إِࢽْجٜى مَدِيࢽَا,../data/ajami-prepared-no-partial-leak/train/The_Glorious_Majidu_Infiraji_1.pdf_page_4_line_004.png,2025-11-19T22:44:55,0.2115384615384615,0.8333333333333334
The_Glorious_Majidu_Infiraji_1.pdf_page_4_line_008,Valid but hard,,غࣸࢽْ کࣸثبوَ ࢽَّࢽ دَࢽࣸورَا تَثِکَا ثِي ࢽَمَࢽ بࣸشَارَا,غࣸࢽْ کࣸشٜىٰوَࢽَّࢽْ دَࢽࣸورَا تَثِکَاشِ ࢽَمَࢽْ بࣸشَارَا,../data/ajami-prepared-no-partial-leak/train/The_Glorious_Majidu_Infiraji_1.pdf_page_4_line_008.png,2025-11-20T08:51:54,0.2222222222222222,0.625
The_Glorious_Majidu_Infiraji_1.pdf_page_4_line_016,Script mismatch (non-Arabic),,2,,../data/ajami-prepared-no-partial-leak/train/The_Glorious_Majidu_Infiraji_1.pdf_page_4_line_016.png,2025-12-20T10:58:59,0.0,0.0
The_Glorious_Majidu_Infiraji_1.pdf_page_5_line_004,Valid but hard,,١١ يَاکَمَاتَ مࣸغࣸوْداي اَللَهْ ثَࢽ غَبَࢽْمࣸ أَکࣸوْي ڧَبِيلَه,١١ يَاکَمَاتَ مࣸغࣸودٜىٰ اللهْ ثَࢽْ غَبَࢽْمࣸ أَکࣸوىْ ڧَبِيلَهْ,../data/ajami-prepared-no-partial-leak/train/The_Glorious_Majidu_Infiraji_1.pdf_page_5_line_004.png,2025-11-19T20:07:16,0.1428571428571428,0.75
The_Glorious_Majidu_Infiraji_1.pdf_page_5_line_006,Valid but hard,,أَغَـرــمࣸ بَهࣸࢽ ذَمَي دࣸهࣸوبَا,أَغَرٜـٰمࣸ بَمࣸࢽْ ذَمَࢽْ دࣸهࣸوبَا,../data/ajami-prepared-no-partial-leak/train/The_Glorious_Majidu_Infiraji_1.pdf_page_5_line_006.png,2025-11-19T21:43:17,0.1935483870967742,0.75
The_Glorious_Majidu_Infiraji_1.pdf_page_5_line_009,Valid but hard,,مࣸوَابَتَرِِسْکِ مَيْ شيبَا,مࣸوَابَتَرِسْکِ مَىْ رَشِيْبَا,../data/ajami-prepared-no-partial-leak/train/The_Glorious_Majidu_Infiraji_1.pdf_page_5_line_009.png,2025-11-18T10:12:30,0.1851851851851851,0.6666666666666666
The_Glorious_Majidu_Infiraji_1.pdf_page_5_line_017,Script mismatch (non-Arabic),,3,,../data/ajami-prepared-no-partial-leak/train/The_Glorious_Majidu_Infiraji_1.pdf_page_5_line_017.png,2025-12-20T10:59:00,1.0,1.0
The_Glorious_Majidu_Infiraji_1.pdf_page_6_line_013,Valid but hard,,١٩ رَبَّࢽَا بَدَّ وَࢽْجِࢽْ مَاسࣸ ڧِࢽْسَ سَبࣸءاْ دَڧࣸࢽْجِي,٤٥ رَبَّتَايَابَدَّوَࢽْجِࢽْ مَاسࣸ ڧِࢽْسَ سَبࣸواْدَڧࣸࢽْجِࢽْ,../data/ajami-prepared-no-partial-leak/train/The_Glorious_Majidu_Infiraji_1.pdf_page_6_line_013.png,2025-11-19T22:26:07,0.2,0.75
The_Glorious_Majidu_Infiraji_1.pdf_page_6_line_016,Script mismatch (non-Arabic),,4,,../data/ajami-prepared-no-partial-leak/train/The_Glorious_Majidu_Infiraji_1.pdf_page_6_line_016.png,2025-12-20T10:59:00,1.0,1.0
The_Glorious_Majidu_Infiraji_1.pdf_page_7_line_005,Valid but hard,,کَامِلِي أبَرِࢽْ عَدَاوَا ذࣸوثِيا تَسَ بَاطَغَاوَا,بَشِکَࢽْ ڧِ مࣸرࣸمْ أَکَوَا رَشِيتبَاغا,../data/ajami-prepared-no-partial-leak/train/The_Glorious_Majidu_Infiraji_1.pdf_page_7_line_005.png,2025-11-18T10:38:13,0.1320754716981132,0.8333333333333334
The_Glorious_Majidu_Infiraji_1.pdf_page_7_line_007,Valid but hard,,٢٢ شِي تَوَاضِعࣸ ࢽبى هَلِࢽْسَ إِࢽْ يَهَࢽْغَ أَبْࢽَــسَا,٢٣ شِي تَوَاضِعࣸ ࢽٜى هَلِࢽْسَا إِࢽْ يَهَࢽْغِ مࣸتࣸمْ أَبـسَا,../data/ajami-prepared-no-partial-leak/train/The_Glorious_Majidu_Infiraji_1.pdf_page_7_line_007.png,2025-11-19T21:58:41,0.293103448275862,0.875
The_Glorious_Majidu_Infiraji_1.pdf_page_7_line_011,Valid but hard,,کࣸورجِࢽِي مَى ڟࣸوارَتَزوَا ࢽَاغَ الࢽَّبِ غَاعࣸلّࣸوَا,ݣࣸࣸوْرْجِࢽِي مَيْ ڟࣸواْرَتَرْوَا ࢽَاغَ اَلࢽَّبِ غَا عࣸلّࣸوَا,../data/ajami-prepared-no-partial-leak/train/The_Glorious_Majidu_Infiraji_1.pdf_page_7_line_011.png,2025-11-18T10:13:24,0.1296296296296296,0.5
The_Glorious_Majidu_Infiraji_1.pdf_page_7_line_014,Valid but hard,,کࣸوْا دَيَاذَمَ شࣸوغَبَا ࢽٜىٰ بَـاشِ ثٜى مَکَ يَاڢِ وَاࢽيٰ,دِکَکوْادَيَاذَمَ شࣸوغَبَاࢽٜيٰ بَاشِ ثٜىٰ مَکَ يَاڢِ وَاࢽٜيٰ,../data/ajami-prepared-no-partial-leak/train/The_Glorious_Majidu_Infiraji_1.pdf_page_7_line_014.png,2025-11-19T22:53:29,0.1333333333333333,0.7777777777777778
The_Glorious_Majidu_Infiraji_1.pdf_page_7_line_016,Valid but hard,,مي ادک,مي ادد,../data/ajami-prepared-no-partial-leak/train/The_Glorious_Majidu_Infiraji_1.pdf_page_7_line_016.png,2025-11-19T23:01:52,0.1666666666666666,0.5
The_Glorious_Majidu_Infiraji_1.pdf_page_7_line_017,Script mismatch (non-Arabic),,5,,../data/ajami-prepared-no-partial-leak/train/The_Glorious_Majidu_Infiraji_1.pdf_page_7_line_017.png,2025-12-20T10:59:01,1.0,1.0
The_Glorious_Majidu_Infiraji_1.pdf_page_8_line_002,Valid but hard,,شِي مࣸتࣸم بࢽى االْوَڧَارِي لاَزِمِࢽْ إِسْتِغْڢَارِي,شِي مࣸتࣸم ࢽى ذَلْوَڧَارِى لَازِمِࢽْ إسْتِࢽْغِڢَارِى,../data/ajami-prepared-no-partial-leak/train/The_Glorious_Majidu_Infiraji_1.pdf_page_8_line_002.png,2025-11-18T10:13:08,0.1538461538461538,0.6666666666666666
The_Glorious_Majidu_Infiraji_1.pdf_page_8_line_010,Valid but hard,,٢٨ دࣸکـ مَسࣸورَحَمَه يَبِيشِ تࣸتّࣸرَايَ مَايَايِ ࢽِيْشِي,٢ دࣸکْ مَسࣸورَحَمَهْ يَبِيشِ تࣸتّࣸرٜىٰ مَايَايِ ࢽِيشِ,../data/ajami-prepared-no-partial-leak/train/The_Glorious_Majidu_Infiraji_1.pdf_page_8_line_010.png,2025-11-19T23:10:34,0.2105263157894736,0.7142857142857143
The_Glorious_Majidu_Infiraji_1.pdf_page_8_line_011,Valid but hard,,يَايِ کـٰـوَرْشِبَرْشِ مَࢽّࣸ مَي لࣸڧࣸدى دَمَاشِ,يَاىِ کٜىٰوَرْکَࢽْ شِبَرْشِ سَࢽّࣸ مࣸىْ لࣸغࣸدٜىٰ دَمَاشِ,../data/ajami-prepared-no-partial-leak/train/The_Glorious_Majidu_Infiraji_1.pdf_page_8_line_011.png,2025-11-18T10:41:19,0.2448979591836734,0.6666666666666666
The_Glorious_Majidu_Infiraji_1.pdf_page_8_line_013,Valid but hard,,٢٩ طَࢽْ أࣸوَا بَاوَا مَشِيْـءَا سࣸواْشِ دࣸوامِࢽْ کَبࢽ طَبِيعَا,٣٤طَࢽْ أَوَابَاوَا مَشِيءَا سࣸوْاشِ دࣸوْمِࢽْ کَࢽٜࢽْ صَلبِيعا,../data/ajami-prepared-no-partial-leak/train/The_Glorious_Majidu_Infiraji_1.pdf_page_8_line_013.png,2025-11-18T10:11:15,0.1692307692307692,0.8888888888888888
The_Glorious_Majidu_Infiraji_1.pdf_page_9_line_002,Valid but hard,,دࣸوࢽِيَا مَرْ مَاهࣸوتَا رَࢽْدَ ڟَيْوَا تَاڟَࢽَࢽْتَا,دࣸࢽْ ࢽِبَاعَرْمَامَهࣸوتَا رَࢽْدَڟَيْوَاتَاڟَࢽَࢽْتَا,../data/ajami-prepared-no-partial-leak/train/The_Glorious_Majidu_Infiraji_1.pdf_page_9_line_002.png,2025-11-18T10:12:57,0.1698113207547169,1.0
The_Glorious_Majidu_Infiraji_1.pdf_page_9_line_007,Valid but hard,,٣٢ شِيْ مࣸتࣸمْ ࢽى مَى حَࢽَاࢽَا غࣸࢽ مࣸسࣸلمِى بَاڧِـيَاࢽَا,٣٠ شِي مَتࣸمْ ࢽٜى مَيْ حَࢽَاࢽَا غࣸࢽْ مࣸسࣸلْمِى بَاخِييَاࢽَا,../data/ajami-prepared-no-partial-leak/train/The_Glorious_Majidu_Infiraji_1.pdf_page_9_line_007.png,2025-11-19T22:46:32,0.1724137931034483,0.6666666666666666
The_Glorious_Majidu_Infiraji_1.pdf_page_9_line_014,Valid but hard,,َذࣸوثِيَرْ کࣸوَاتَوَايٜيٰ غاصِڢَامَيْبَادَڧَايٜيٰ,ذࣸوثِيَرْکࣸوَاوَاتَوَايٜيٰ غَاصِڢَامَيْبَادَڧَاݒٜىٰ,../data/ajami-prepared-no-partial-leak/train/The_Glorious_Majidu_Infiraji_1.pdf_page_9_line_014.png,2025-11-19T23:03:38,0.1568627450980392,1.0
The_Glorious_Majidu_Infiraji_1.pdf_page_9_line_015,Valid but hard,,غَاکَيوْتَا بَادَ کࣸورْ مَتࣸوبَا,غَاکَيْوتَابَادَکࣸورْمَتࣸواْبَا,../data/ajami-prepared-no-partial-leak/train/The_Glorious_Majidu_Infiraji_1.pdf_page_9_line_015.png,2025-11-19T21:57:08,0.1875,1.0
The_Glorious_Majidu_Infiraji_1.pdf_page_9_line_017,Script mismatch (non-Arabic),,7,,../data/ajami-prepared-no-partial-leak/train/The_Glorious_Majidu_Infiraji_1.pdf_page_9_line_017.png,2025-12-20T10:59:06,0.0,0.0
The_Harlots_Song_Waƙar_Karuwa.pdf_page_1_line_009,Valid but hard,,کَارࣸوَ بَاةَ غࣸوࢽِي کَڢْهَمْةَ کࣸوْوَّا يَبَاةَ شِيࢽٜي غࣸوࢽِِِِِِࢽةَ,کَارࣸوَبَاةَ غࣸوࢽِي کَڢْمِمْةࣸ کࣸوْوَّايَبَاةَ شِيࢽٜي غࣸوَࢽِࢽْةَ,../data/ajami-prepared-no-partial-leak/train/The_Harlots_Song_Waƙar_Karuwa.pdf_page_1_line_009.png,2025-11-19T22:56:15,0.1571428571428571,0.5
The_Harlots_Song_Waƙar_Karuwa.pdf_page_2_line_012,Valid but hard,,ألْ غࣸࢽْ غࣸمّا مَيْ إدَࢽْ ثِࢽْ کࣸطِي,أَࢽْ غࣸࢽْ غࣸمَامَيْ إِدَࢽْ ثِࢽْ کࣸطِ,../data/ajami-prepared-no-partial-leak/train/The_Harlots_Song_Waƙar_Karuwa.pdf_page_2_line_012.png,2025-11-19T23:03:10,0.1666666666666666,0.5714285714285714
The_Harlots_Song_Waƙar_Karuwa.pdf_page_3_line_007,Valid but hard,,سࣸوࢽَࢽْةعَاء ثِکِࢽْ کَڟِࢽَا أسْکْکّࣸتࣸوْاْ سَيْ تَثٜي مَيْمࣸࢽَا,سࣸوࢽَࢽْةَ عَاثِکِࢽْ کَڟِࢽَا أَسْککّࣸتࣸوْاْکࣸواْسَيْ تَثٜي مَيْمࣸࢽَا,../data/ajami-prepared-no-partial-leak/train/The_Harlots_Song_Waƙar_Karuwa.pdf_page_3_line_007.png,2025-11-19T22:50:24,0.1875,0.5714285714285714
The_Harlots_Song_Waƙar_Karuwa.pdf_page_3_line_009,Valid but hard,,ࢽَإکْکّࣸواْ دَبَࢽْࢽٜي دَࢽَکࣸوا إࢽَا,ࢽَاکࣸکࣸکّࣸواْدَبَࢽْࢽٜࢽ دَاࢽَکࣸوَل إِࢽَا,../data/ajami-prepared-no-partial-leak/train/The_Harlots_Song_Waƙar_Karuwa.pdf_page_3_line_009.png,2025-11-19T21:17:48,0.2,1.0
The_Harlots_Song_Waƙar_Karuwa.pdf_page_3_line_013,Valid but hard,,تَکَࢽْ ڟِرِِي يَاوࣸاْ دَبَابࣸ دَلِي لِي تَکَࢽْ غࣸزِرِࢽْ مَيْ دَطَࢽْ غࣸورࣸاْ ڧّٜللِي,تَکࣸࢽْشِرِي يَاوࣸاْدَبَابࣸ دَلِيلِ تَکَࢽْ غࣸزِرِࢽْ مَࢽْ دَطَࢽْ غࣸوࣸرࣸواْڧِلِلِي,../data/ajami-prepared-no-partial-leak/train/The_Harlots_Song_Waƙar_Karuwa.pdf_page_3_line_013.png,2025-11-19T23:00:15,0.0952380952380952,0.4166666666666667
The_Harlots_Song_Waƙar_Karuwa.pdf_page_4_line_007,Valid but hard,,تَکَࢽْ غٜي رَ طَاکِ دَکَايَࢽْ أدࣸوا ڢࣸلࣸولِي کَتِيڢࣸواتطࣸور غَدࣸواْ,تَکَࢽْ غٜي رَکَاکِ دَکَايَࢽْ أَدࣸواْ ڢࣸلّࣸولِي کِتِيڢࣸوا تَسࣸوࢽِ غَدّࣸرا,../data/ajami-prepared-no-partial-leak/train/The_Harlots_Song_Waƙar_Karuwa.pdf_page_4_line_007.png,2025-11-19T22:10:08,0.2058823529411764,0.6666666666666666
The_Harlots_Song_Waƙar_Karuwa.pdf_page_4_line_008,Valid but hard,,تَسَاتَيْ غَرَࢽْ مَسࣸ طَوْکَرْ عِدࣸواْ إدَࢽْ زَاةَ يَاوࣸاتَکِࢽْࢽّٜࢽْ عِدࣸواْ,تَسَاتَࢽْ غَرَࢽْ مَسࣸ طَوْکَرْعَدّࣸواْ إدَࢽْ زَاةَيَاوࣸاْ تَکَࢽْثٜي عِدّࣸوَا,../data/ajami-prepared-no-partial-leak/train/The_Harlots_Song_Waƙar_Karuwa.pdf_page_4_line_008.png,2025-11-18T10:13:53,0.1038961038961039,0.4444444444444444
The_Harlots_Song_Waƙar_Karuwa.pdf_page_4_line_009,Valid but hard,,دَتَا دَاوَيّࣸواْ سَيْ تَکࣸومَ غَدّࣸواْ,دَتَادَاوَبّࣸوْاْ سَࢽْ تَکࣸومَ غَمࣸواْ,../data/ajami-prepared-no-partial-leak/train/The_Harlots_Song_Waƙar_Karuwa.pdf_page_4_line_009.png,2025-11-19T23:15:43,0.0769230769230769,0.6
The_Harlots_Song_Waƙar_Karuwa.pdf_page_5_line_001,Valid but hard,,َاأوْضَࢽْةْ بَيْڢِࢽْ وَتَࢽِّي شِدَّا کࣸوْاْ تَا کَشٜي بَارࣸࢽْةَ دَإدَّا,أَوْضَࢽْةࣸ بَبْڢِࢽْ وَتَࢽِي شِدَّا کࣸوْاْتَاکَشٜيٰ بَارࣸوࢽْةَ دَإِدَّا,../data/ajami-prepared-no-partial-leak/train/The_Harlots_Song_Waƙar_Karuwa.pdf_page_5_line_001.png,2025-11-19T23:15:19,0.1527777777777778,0.6666666666666666
The_Harlots_Song_Waƙar_Karuwa.pdf_page_6_line_001,Valid but hard,,کࣸووَّا يَايَرْدَا دَسࣸوا يَايِ کࣸوکَا دَسࣸودَابࣸوبࣸوا کَࢽْسࣸ عࢽ عࢽ ࢽَاسْکَا,کࣸووَّايَايَرْدَادَسࣸواْ يَايِي کࣸوَکَا دَسࣸودَأَبࣸواکَࢽْسࣸ عَࢽ عَࢽ ࢽَاسْکَا,../data/ajami-prepared-no-partial-leak/train/The_Harlots_Song_Waƙar_Karuwa.pdf_page_6_line_001.png,2025-11-19T23:12:11,0.1818181818181818,1.0
The_Harlots_Song_Waƙar_Karuwa.pdf_page_6_line_005,Valid but hard,,خَامِسࣸ يَا دࣸودࣸوا يَيْ وَاڧَا کَرْ کࣸغَ بَيْ دَڢࣸسَاحَ غَ وَاڧَا,خَامِسࣸ يَادࣸودࣸواْ يَࢽْ وَغَ وَاڧَا کَرْکࣸغَ بَࢽْ دَڢࣸسَاحَ غَوَاڧَا,../data/ajami-prepared-no-partial-leak/train/The_Harlots_Song_Waƙar_Karuwa.pdf_page_6_line_005.png,2025-11-19T23:01:11,0.1343283582089552,0.6363636363636364
The_Harlots_Song_Waƙar_Karuwa.pdf_page_6_line_010,Valid but hard,,ڟمت بحمد لله,ت بحمد له,../data/ajami-prepared-no-partial-leak/train/The_Harlots_Song_Waƙar_Karuwa.pdf_page_6_line_010.png,2025-11-19T21:26:00,0.25,1.0
The_Harlots_Song_Waƙar_Karuwa.pdf_page_6_line_014,Valid but hard,,بِسَلاَمِ,بِࢽْسَلَامِ,../data/ajami-prepared-no-partial-leak/train/The_Harlots_Song_Waƙar_Karuwa.pdf_page_6_line_014.png,2025-11-19T20:38:29,0.3333333333333333,1.0
The_Human_Being_Is_an_Incurable_Disease_Mutum_Cuta_Ne_Marar_Magani.pdf_page_10_line_001,Script mismatch (non-Arabic),,Printed by,,../data/ajami-prepared-no-partial-leak/train/The_Human_Being_Is_an_Incurable_Disease_Mutum_Cuta_Ne_Marar_Magani.pdf_page_10_line_001.png,2025-11-19T20:58:10,0.6,1.0
The_Human_Being_Is_an_Incurable_Disease_Mutum_Cuta_Ne_Marar_Magani.pdf_page_10_line_002,Script mismatch (non-Arabic),,OLUSEYI PRINTING PRESS,OLIIPIIIIII PIل,../data/ajami-prepared-no-partial-leak/train/The_Human_Being_Is_an_Incurable_Disease_Mutum_Cuta_Ne_Marar_Magani.pdf_page_10_line_002.png,2025-11-19T20:22:17,0.3636363636363636,1.0
The_Human_Being_Is_an_Incurable_Disease_Mutum_Cuta_Ne_Marar_Magani.pdf_page_10_line_003,Script mismatch (non-Arabic),,"26 Niger Road, Phone 3348 Kano,",OSEYITINTIPING PEiSa,../data/ajami-prepared-no-partial-leak/train/The_Human_Being_Is_an_Incurable_Disease_Mutum_Cuta_Ne_Marar_Magani.pdf_page_10_line_003.png,2025-11-18T09:56:14,0.6774193548387096,1.0
The_Human_Being_Is_an_Incurable_Disease_Mutum_Cuta_Ne_Marar_Magani.pdf_page_1_line_001,Valid but hard,,مࣸتࣸمْ ثوتاࢽٜي مَرَغَاࢽِي بَاعَ غࣸوْࢽِࢽْتاغَرٜيشِ,مࣸتࣸمْ ثࣸوتَاࢽٜيٰ مَرَࢽْ مَاغَࢽِي بَاعَ غࣸوْࢽِࢽْتَاغَرٜيٰشِ,../data/ajami-prepared-no-partial-leak/train/The_Human_Being_Is_an_Incurable_Disease_Mutum_Cuta_Ne_Marar_Magani.pdf_page_1_line_001.png,2025-11-18T10:12:27,0.2,0.8
The_Human_Being_Is_an_Incurable_Disease_Mutum_Cuta_Ne_Marar_Magani.pdf_page_1_line_007,Valid but hard,,إࢽي تحيرت ڢي أمري وأمرهم شبه الࢽعامة لا طير ولا جملࣼ,اࢽي تجيرت ڢي امري وامرهم شبه الࢽعامة لاڟيرولاجمل,../data/ajami-prepared-no-partial-leak/train/The_Human_Being_Is_an_Incurable_Disease_Mutum_Cuta_Ne_Marar_Magani.pdf_page_1_line_007.png,2025-11-19T22:53:11,0.1320754716981132,0.6363636363636364
The_Human_Being_Is_an_Incurable_Disease_Mutum_Cuta_Ne_Marar_Magani.pdf_page_1_line_008,Wrong transcription,partial,ڧام بطبعها وࢽشرها ࢽا,ڧام بطبعها وࢽشرها أحمد التجاࢽي تکر,../data/ajami-prepared-no-partial-leak/train/The_Human_Being_Is_an_Incurable_Disease_Mutum_Cuta_Ne_Marar_Magani.pdf_page_1_line_008.png,2025-12-19T11:32:05,1.05,0.75
The_Human_Being_Is_an_Incurable_Disease_Mutum_Cuta_Ne_Marar_Magani.pdf_page_1_line_010,Valid but hard,,ْْشراوضيرا اٰميࢽ بحڧِّ خير العالميࢽ,شراوضيراأميࢽ بحڧّ خيرالعالميࢽ,../data/ajami-prepared-no-partial-leak/train/The_Human_Being_Is_an_Incurable_Disease_Mutum_Cuta_Ne_Marar_Magani.pdf_page_1_line_010.png,2025-11-19T22:14:29,0.1714285714285714,1.0
The_Human_Being_Is_an_Incurable_Disease_Mutum_Cuta_Ne_Marar_Magani.pdf_page_1_line_011,Valid but hard,,طبعة الأولى 1963,طبعة الاولى,../data/ajami-prepared-no-partial-leak/train/The_Human_Being_Is_an_Incurable_Disease_Mutum_Cuta_Ne_Marar_Magani.pdf_page_1_line_011.png,2025-11-19T20:43:51,0.3125,0.6666666666666666
The_Human_Being_Is_an_Incurable_Disease_Mutum_Cuta_Ne_Marar_Magani.pdf_page_2_line_008,Wrong transcription,ڧام بطبعها وࢽشرها ࢽاظمها أحمد التجاࢽي تکر partial,ڧام بطبعها وࢽشرها أحمد التجاࢽي تکر,ڧام بطبعهاوࢽشرهاࢽاڟمهاأحمد التجاࢽࢽى تکر,../data/ajami-prepared-no-partial-leak/train/The_Human_Being_Is_an_Incurable_Disease_Mutum_Cuta_Ne_Marar_Magani.pdf_page_2_line_008.png,2025-12-19T12:19:55,0.3235294117647059,0.6666666666666666
The_Human_Being_Is_an_Incurable_Disease_Mutum_Cuta_Ne_Marar_Magani.pdf_page_2_line_010,Wrong transcription,partial,شراوضيرا اميࢽ العالميࢽ,ْشراوضيرا اٰميࢽ بحڧِّ خير العالميࢽ,../data/ajami-prepared-no-partial-leak/train/The_Human_Being_Is_an_Incurable_Disease_Mutum_Cuta_Ne_Marar_Magani.pdf_page_2_line_010.png,2025-12-19T11:59:00,0.3636363636363636,1.0
The_Human_Being_Is_an_Incurable_Disease_Mutum_Cuta_Ne_Marar_Magani.pdf_page_3_line_002,Valid but hard,بِسْمِ اَللَّهْ اَلرَّحْمَࢽِٰ اَلرَّحِيمِ وَصلى اَللَّهࣸ عَلى الࢽَّبِيِّ اَلکَرِيمِ,بِسْمِ اَللَّهْ اَلرَّحْمَࢽِٰ اَلرَّحِيمِ وَصلى اَللَّهࣸ عَلى الࢽَّبِييِّ اَلکَرِيمِ,بِسْمِ اِللَّهِ اِلرَّحْمَٰࢽِ الرَّحِيمِ وَصَلَّى اللَّهࣸ عَلَى اَلࢽَّبِيِّ اِلْکَرِيمِ,../data/ajami-prepared-no-partial-leak/train/The_Human_Being_Is_an_Incurable_Disease_Mutum_Cuta_Ne_Marar_Magani.pdf_page_3_line_002.png,2025-11-19T22:47:53,0.1547619047619047,0.7777777777777778
The_Human_Being_Is_an_Incurable_Disease_Mutum_Cuta_Ne_Marar_Magani.pdf_page_3_line_008,Valid but hard,,ࢽَکࣸوثٜيٰ دَشَاهࣸوَکَيْ يَايَاسࣸکٜي ࢽِيدَيْ إِࢽَاڢَاتَاإِࢽَاڢَاتَاإࢽْغَابوٰمࣸتَابوٰ,ࢽَکࣸوثٜيٰ دَشَاهࣸوکَيْ جَبَايَايَاسࣸکٜيٰ ࢽِيدَيْ إِࢽَاڢَاتَا إِࢽْغَاࢽٜيٰ مࣸتَاࢽٜيٰ,../data/ajami-prepared-no-partial-leak/train/The_Human_Being_Is_an_Incurable_Disease_Mutum_Cuta_Ne_Marar_Magani.pdf_page_3_line_008.png,2025-11-19T21:14:07,0.2976190476190476,0.8
The_Human_Being_Is_an_Incurable_Disease_Mutum_Cuta_Ne_Marar_Magani.pdf_page_3_line_018,Valid but hard,,ا,,../data/ajami-prepared-no-partial-leak/train/The_Human_Being_Is_an_Incurable_Disease_Mutum_Cuta_Ne_Marar_Magani.pdf_page_3_line_018.png,2025-12-19T13:08:16,1.0,1.0
The_Human_Being_Is_an_Incurable_Disease_Mutum_Cuta_Ne_Marar_Magani.pdf_page_4_line_001,Irrelevant / page number / marginal,,٢,3,../data/ajami-prepared-no-partial-leak/train/The_Human_Being_Is_an_Incurable_Disease_Mutum_Cuta_Ne_Marar_Magani.pdf_page_4_line_001.png,2025-12-19T13:11:41,1.0,1.0
The_Human_Being_Is_an_Incurable_Disease_Mutum_Cuta_Ne_Marar_Magani.pdf_page_5_line_001,Irrelevant / page number / marginal,,٣,ا,../data/ajami-prepared-no-partial-leak/train/The_Human_Being_Is_an_Incurable_Disease_Mutum_Cuta_Ne_Marar_Magani.pdf_page_5_line_001.png,2025-11-18T10:36:49,1.0,1.0
The_Human_Being_Is_an_Incurable_Disease_Mutum_Cuta_Ne_Marar_Magani.pdf_page_5_line_017,Valid but hard,,إِࢽْکاڟَيَا,إِࢽْکَاڟَيبا,../data/ajami-prepared-no-partial-leak/train/The_Human_Being_Is_an_Incurable_Disease_Mutum_Cuta_Ne_Marar_Magani.pdf_page_5_line_017.png,2025-11-18T10:14:38,0.1818181818181818,1.0
The_Human_Being_Is_an_Incurable_Disease_Mutum_Cuta_Ne_Marar_Magani.pdf_page_6_line_001,Wrong transcription,+ numbers,٤,٢,../data/ajami-prepared-no-partial-leak/train/The_Human_Being_Is_an_Incurable_Disease_Mutum_Cuta_Ne_Marar_Magani.pdf_page_6_line_001.png,2025-12-19T13:16:49,1.0,1.0
The_Human_Being_Is_an_Incurable_Disease_Mutum_Cuta_Ne_Marar_Magani.pdf_page_7_line_017,Script mismatch (non-Arabic),,5,,../data/ajami-prepared-no-partial-leak/train/The_Human_Being_Is_an_Incurable_Disease_Mutum_Cuta_Ne_Marar_Magani.pdf_page_7_line_017.png,2025-12-20T10:59:43,0.0,0.0
The_Human_Being_Is_an_Incurable_Disease_Mutum_Cuta_Ne_Marar_Magani.pdf_page_8_line_018,Script mismatch (non-Arabic),,6,,../data/ajami-prepared-no-partial-leak/train/The_Human_Being_Is_an_Incurable_Disease_Mutum_Cuta_Ne_Marar_Magani.pdf_page_8_line_018.png,2025-12-20T10:59:57,1.0,1.0
The_Human_Being_Is_an_Incurable_Disease_Mutum_Cuta_Ne_Marar_Magani.pdf_page_9_line_001,Script mismatch (non-Arabic),,Printed by,,../data/ajami-prepared-no-partial-leak/train/The_Human_Being_Is_an_Incurable_Disease_Mutum_Cuta_Ne_Marar_Magani.pdf_page_9_line_001.png,2025-12-20T12:23:53,0.5,1.0
The_Human_Being_Is_an_Incurable_Disease_Mutum_Cuta_Ne_Marar_Magani.pdf_page_9_line_002,Script mismatch (non-Arabic),,OLUSEYI PRINTING PRESS,,../data/ajami-prepared-no-partial-leak/train/The_Human_Being_Is_an_Incurable_Disease_Mutum_Cuta_Ne_Marar_Magani.pdf_page_9_line_002.png,2025-12-20T12:23:56,0.3181818181818182,1.0
The_Human_Being_Is_an_Incurable_Disease_Mutum_Cuta_Ne_Marar_Magani.pdf_page_9_line_003,Script mismatch (non-Arabic),,"26 Niger Road, Phone 3348 Kano,",,../data/ajami-prepared-no-partial-leak/train/The_Human_Being_Is_an_Incurable_Disease_Mutum_Cuta_Ne_Marar_Magani.pdf_page_9_line_003.png,2025-12-20T12:23:58,0.5806451612903226,0.875
Warning_Gargaɗi_Infiraji_2.pdf_page_10_line_016,Script mismatch (non-Arabic),,9,,../data/ajami-prepared-no-partial-leak/train/Warning_Gargaɗi_Infiraji_2.pdf_page_10_line_016.png,2025-12-20T11:01:08,0.0,0.0
Warning_Gargaɗi_Infiraji_2.pdf_page_11_line_017,Script mismatch (non-Arabic),,11,,../data/ajami-prepared-no-partial-leak/train/Warning_Gargaɗi_Infiraji_2.pdf_page_11_line_017.png,2025-12-20T11:01:08,0.5,1.0
Warning_Gargaɗi_Infiraji_2.pdf_page_13_line_017,Script mismatch (non-Arabic),,12,,../data/ajami-prepared-no-partial-leak/train/Warning_Gargaɗi_Infiraji_2.pdf_page_13_line_017.png,2025-12-20T11:01:11,0.5,1.0
Warning_Gargaɗi_Infiraji_2.pdf_page_16_line_016,Script mismatch (non-Arabic),,15,,../data/ajami-prepared-no-partial-leak/train/Warning_Gargaɗi_Infiraji_2.pdf_page_16_line_016.png,2025-12-20T11:01:15,0.5,1.0
Warning_Gargaɗi_Infiraji_2.pdf_page_17_line_017,Orientation error,,تمت بحمد لله,اࢽࢽࢽ,../data/ajami-prepared-no-partial-leak/train/Warning_Gargaɗi_Infiraji_2.pdf_page_17_line_017.png,2025-11-19T20:56:38,0.9166666666666666,1.0
Warning_Gargaɗi_Infiraji_2.pdf_page_17_line_020,Script mismatch (non-Arabic),,16,,../data/ajami-prepared-no-partial-leak/train/Warning_Gargaɗi_Infiraji_2.pdf_page_17_line_020.png,2025-12-20T11:01:16,0.0,0.0
Warning_Gargaɗi_Infiraji_2.pdf_page_4_line_003,Wrong transcription,شِڢَطِ بَاذَاتَ کَرْݒࣸوَابَا partial,کَ بَاذَاتَ کَرْݒࣸوَابَا,شِڢَطِ بَاذَاتَ کَࢽْبࣸوَابَا,../data/ajami-prepared-no-partial-leak/train/Warning_Gargaɗi_Infiraji_2.pdf_page_4_line_003.png,2025-12-19T12:18:37,0.25,0.3333333333333333
Warning_Gargaɗi_Infiraji_2.pdf_page_6_line_016,Script mismatch (non-Arabic),,5,,../data/ajami-prepared-no-partial-leak/train/Warning_Gargaɗi_Infiraji_2.pdf_page_6_line_016.png,2025-12-20T11:01:21,0.0,0.0
Warning_Gargaɗi_Infiraji_2.pdf_page_9_line_017,Script mismatch (non-Arabic),,8,,../data/ajami-prepared-no-partial-leak/train/Warning_Gargaɗi_Infiraji_2.pdf_page_9_line_017.png,2025-12-20T11:01:24,1.0,1.0
