CER,GroundTruth,ImageID,ImagePath,Label,Notes,Prediction,Timestamp
3.0,5,train_017496,../data/muharaf_prepared_resized/train/train_017496.png,Script mismatch (non-Arabic),,,2025-11-26T19:51:03
3.0,7,train_017538,../data/muharaf_prepared_resized/train/train_017538.png,Script mismatch (non-Arabic),,,2025-11-26T19:51:06
3.0,X,train_014271,../data/muharaf_prepared_resized/train/train_014271.png,Script mismatch (non-Arabic),,,2025-11-26T19:51:20
3.0,8,train_017559,../data/muharaf_prepared_resized/train/train_017559.png,Script mismatch (non-Arabic),,,2025-11-26T19:51:22
3.0,A,train_019397,../data/muharaf_prepared_resized/train/train_019397.png,Script mismatch (non-Arabic),,,2025-11-26T19:51:25
3.0,2,train_019075,../data/muharaf_prepared_resized/train/train_019075.png,Script mismatch (non-Arabic),,,2025-11-26T19:51:29
3.0,K,train_010667,../data/muharaf_prepared_resized/train/train_010667.png,Script mismatch (non-Arabic),,,2025-11-26T19:51:35
3.0,9,train_017582,../data/muharaf_prepared_resized/train/train_017582.png,Script mismatch (non-Arabic),,,2025-11-26T19:51:47
1.5,صح,train_016737,../data/muharaf_prepared_resized/train/train_016737.png,Valid but hard,,,2025-11-26T19:52:02
1.5,M.,train_010766,../data/muharaf_prepared_resized/train/train_010766.png,Script mismatch (non-Arabic),,,2025-11-26T19:52:08
1.0,أسيرة العطف مرغريت الحداد,train_003763,../data/muharaf_prepared_resized/train/train_003763.png,Irrelevant / signature,,,2025-11-26T19:52:20
1.0,كاتب حضرمخايل الحاج بترومين,train_016685,../data/muharaf_prepared_resized/train/train_016685.png,Irrelevant / signature,,,2025-11-26T19:52:22
1.0,59,train_003889,../data/muharaf_prepared_resized/train/train_003889.png,Script mismatch (non-Arabic),,0,2025-11-26T19:52:30
1.0,الحاكم,train_001151,../data/muharaf_prepared_resized/train/train_001151.png,Valid but hard,,,2025-11-26T19:52:48
1.0,عضو انطوان طربيه,train_016473,../data/muharaf_prepared_resized/train/train_016473.png,Irrelevant / signature,,,2025-11-26T19:52:53
1.0,ل,train_006264,../data/muharaf_prepared_resized/train/train_006264.png,Irrelevant / non-text,,6,2025-11-26T19:52:57
1.0,83,train_013234,../data/muharaf_prepared_resized/train/train_013234.png,Script mismatch (non-Arabic),,5,2025-11-26T19:53:01
1.0,شهد بذلك مدونها العريجي,train_015836,../data/muharaf_prepared_resized/train/train_015836.png,Irrelevant / signature,,,2025-11-26T19:53:35
1.0,FA Wayne,train_001689,../data/muharaf_prepared_resized/train/train_001689.png,Script mismatch (non-Arabic),,Bo,2025-11-26T19:53:44
1.0,سَمعان سَليمان داود صورات,train_015855,../data/muharaf_prepared_resized/train/train_015855.png,Irrelevant / signature,,,2025-11-26T19:53:49
1.0,رئىس ىعوم دىب العارح,train_013664,../data/muharaf_prepared_resized/train/train_013664.png,Irrelevant / signature,,,2025-11-26T19:54:05
1.0,شيخ قرية اسمر جبيل,train_016447,../data/muharaf_prepared_resized/train/train_016447.png,Irrelevant / non-text,,,2025-11-26T19:54:18
1.0,بلدية كفرشيما رئىس ىعوم دىب العارح,train_013642,../data/muharaf_prepared_resized/train/train_013642.png,Irrelevant / signature,,,2025-11-26T19:54:28
1.0,رىس ابراهىم الحىاط,train_013561,../data/muharaf_prepared_resized/train/train_013561.png,Irrelevant / signature,,ي,2025-11-26T19:54:35
1.0,جرجي دمتري سرسق,train_001788,../data/muharaf_prepared_resized/train/train_001788.png,Irrelevant / signature,,ح,2025-11-26T19:54:39
1.0,كاتب طوبيا حنا رزق عبدللى,train_015890,../data/muharaf_prepared_resized/train/train_015890.png,Irrelevant / signature,,,2025-11-26T19:54:44
1.0,الوكيل الرسمي,train_015903,../data/muharaf_prepared_resized/train/train_015903.png,Valid but hard,,,2025-11-26T19:55:10
1.0,هنا ادرس الياس بطرس ابراهيم بطرس,train_008739,../data/muharaf_prepared_resized/train/train_008739.png,Irrelevant / signature,,,2025-11-26T19:55:18
1.0,معاملة البترون مختار صورات رشكده سنة ١٩٢٨,train_015865,../data/muharaf_prepared_resized/train/train_015865.png,Irrelevant / non-text,,ي,2025-11-26T19:55:22
1.0,٢١ شباط سنة ٩٢٦,train_013473,../data/muharaf_prepared_resized/train/train_013473.png,Segmentation error,,,2025-11-26T19:55:30
1.0,٢٤ آب سنة ٩٣٣	خالد سنا,train_015864,../data/muharaf_prepared_resized/train/train_015864.png,Segmentation error,,١,2025-11-26T19:55:33
1.0,ولد سيادتكم سليم ضاهر,train_010065,../data/muharaf_prepared_resized/train/train_010065.png,Irrelevant / signature,,,2025-11-26T19:55:39
1.0,سبعلي,train_020824,../data/muharaf_prepared_resized/train/train_020824.png,Irrelevant / signature,,,2025-11-26T19:55:41
1.0,الوصي الشرعي كاتبه,train_016736,../data/muharaf_prepared_resized/train/train_016736.png,Irrelevant / signature,,,2025-11-26T19:55:43
1.0,(٣    3,train_006085,../data/muharaf_prepared_resized/train/train_006085.png,Script mismatch (non-Arabic),,,2025-11-26T19:55:45
1.0,المقره بيأسم افيميا ابنة منصور يعقوب طرزا,train_015934,../data/muharaf_prepared_resized/train/train_015934.png,Irrelevant / signature,,,2025-11-26T19:55:59
1.0,كفيل نخله جبرايل النخل طرزا,train_015937,../data/muharaf_prepared_resized/train/train_015937.png,Irrelevant / signature,,,2025-11-26T19:56:02
1.0,الرئيس جرجس شاول,train_016475,../data/muharaf_prepared_resized/train/train_016475.png,Irrelevant / signature,,,2025-11-26T19:56:04
1.0,OF TEXAS,train_018610,../data/muharaf_prepared_resized/train/train_018610.png,Script mismatch (non-Arabic),,,2025-11-26T19:56:10
1.0,امين الريحاني,train_001212,../data/muharaf_prepared_resized/train/train_001212.png,Irrelevant / signature,,,2025-11-26T19:56:14
1.0,عضو انطون بطرس نهرا,train_016472,../data/muharaf_prepared_resized/train/train_016472.png,Irrelevant / signature,,,2025-11-26T19:56:28
1.0,رىس ىعوم دىب العارح,train_013652,../data/muharaf_prepared_resized/train/train_013652.png,Irrelevant / signature,,,2025-11-26T19:56:29
1.0,ماضي خليل طربي كيروز,train_016702,../data/muharaf_prepared_resized/train/train_016702.png,Irrelevant / signature,,,2025-11-26T19:56:31
1.0,57,train_018467,../data/muharaf_prepared_resized/train/train_018467.png,Script mismatch (non-Arabic),,٥,2025-11-26T19:56:34
1.0,جبير مطران طرابلس,train_009192,../data/muharaf_prepared_resized/train/train_009192.png,Irrelevant / signature,,,2025-11-26T19:56:38
1.0,نظر 		القائمقام	حبيب سلوم,train_016504,../data/muharaf_prepared_resized/train/train_016504.png,Irrelevant / signature,,,2025-11-26T19:56:51
1.0,6,train_017517,../data/muharaf_prepared_resized/train/train_017517.png,Script mismatch (non-Arabic),,٥,2025-11-26T19:56:56
1.0,المدعى العام,train_015678,../data/muharaf_prepared_resized/train/train_015678.png,Irrelevant / signature,,,2025-11-26T19:56:59
1.0,يشهد بدالك يخصها ميره على دفتر الحاكم,train_014197,../data/muharaf_prepared_resized/train/train_014197.png,Segmentation error,,,2025-11-26T19:57:10
1.0,69,train_018589,../data/muharaf_prepared_resized/train/train_018589.png,Script mismatch (non-Arabic),,160,2025-11-26T19:57:14
1.0,٢٠ تشرين اول ١٩٥٨,train_010117,../data/muharaf_prepared_resized/train/train_010117.png,Segmentation error,,,2025-11-26T19:57:23
1.0,اَلحُرِيّةُ,train_019105,../data/muharaf_prepared_resized/train/train_019105.png,Valid but hard,,ج,2025-11-26T19:57:29
1.0,محمد امين الحسيني,train_002640,../data/muharaf_prepared_resized/train/train_002640.png,Irrelevant / signature,,,2025-11-26T19:58:28
1.0,4/3,train_011813,../data/muharaf_prepared_resized/train/train_011813.png,Script mismatch (non-Arabic),,,2025-11-26T19:58:32
1.0,٧ ايلول ٩٣٢	محكمة لبنان الشمالي البدائية النيابة العامة,train_016413,../data/muharaf_prepared_resized/train/train_016413.png,Segmentation error,,,2025-11-26T19:58:43
1.0,4,train_019094,../data/muharaf_prepared_resized/train/train_019094.png,Script mismatch (non-Arabic),,1,2025-11-26T19:58:44
1.0,يوسف بك الحلو,train_015956,../data/muharaf_prepared_resized/train/train_015956.png,Irrelevant / signature,,,2025-11-26T19:58:49
1.0,رىس ىلدية كفرشيما ىعوم دىب العارح,train_013630,../data/muharaf_prepared_resized/train/train_013630.png,Irrelevant / signature,,,2025-11-26T19:58:52
1.0,ولد سادكم ىوسف موسى ابراهم,train_008700,../data/muharaf_prepared_resized/train/train_008700.png,Irrelevant / signature,,,2025-11-26T19:58:54
1.0,N.J.,train_001639,../data/muharaf_prepared_resized/train/train_001639.png,Script mismatch (non-Arabic),,ر,2025-11-26T19:58:59
1.0,الجمهورية اللبنانية ١٨/١/٥٤ رقم ١٣٣,train_016565,../data/muharaf_prepared_resized/train/train_016565.png,Irrelevant / signature,,,2025-11-26T19:59:02
1.0,. . .,train_017499,../data/muharaf_prepared_resized/train/train_017499.png,Wrong transcription,,خ,2025-11-26T19:59:18
1.0,26,train_015203,../data/muharaf_prepared_resized/train/train_015203.png,Wrong transcription,,٢٦,2025-11-26T19:59:22
1.0,نحىب,train_005041,../data/muharaf_prepared_resized/train/train_005041.png,Irrelevant / signature,,,2025-11-26T20:00:11
1.0,كاتب موسى فرحات فرح يوسف فرحات,train_000195,../data/muharaf_prepared_resized/train/train_000195.png,Irrelevant / signature,,,2025-11-26T20:00:13
1.0,لولدكم كروجر عطالله,train_018313,../data/muharaf_prepared_resized/train/train_018313.png,Irrelevant / signature,,ي,2025-11-26T20:00:20
1.0,Nº,train_004432,../data/muharaf_prepared_resized/train/train_004432.png,Script mismatch (non-Arabic),,٥,2025-11-26T20:00:26
1.0,محكمة بدايت قضاء بترون ١٣٠١,train_016190,../data/muharaf_prepared_resized/train/train_016190.png,Script mismatch (non-Arabic),,ل,2025-11-26T20:00:29
1.0,نهاد,train_019133,../data/muharaf_prepared_resized/train/train_019133.png,Wrong transcription,,,2025-11-26T20:01:06
1.0,لولدكم  كروجر عطالله,train_018260,../data/muharaf_prepared_resized/train/train_018260.png,Irrelevant / signature,,,2025-11-26T20:01:14
1.0,محكمة البترون الصلحية,train_016412,../data/muharaf_prepared_resized/train/train_016412.png,Irrelevant / non-text,,,2025-11-26T20:01:27
1.0,جورج,train_005206,../data/muharaf_prepared_resized/train/train_005206.png,Valid but hard,,,2025-11-26T20:01:34
1.0,20,train_017799,../data/muharaf_prepared_resized/train/train_017799.png,Script mismatch (non-Arabic),,3,2025-11-26T20:01:40
1.0,القس طوبيا,train_018089,../data/muharaf_prepared_resized/train/train_018089.png,Irrelevant / signature,,,2025-11-26T20:01:44
1.0,رىس ىلديه كفرشيما نعوم ديب,train_013593,../data/muharaf_prepared_resized/train/train_013593.png,Irrelevant / signature,,,2025-11-26T20:02:59
1.0,كاتب نصار طانيوس السمراني,train_000211,../data/muharaf_prepared_resized/train/train_000211.png,Irrelevant / signature,,,2025-11-26T20:03:15
1.0,عام,train_012223,../data/muharaf_prepared_resized/train/train_012223.png,Valid but hard,,٣,2025-11-26T20:03:20
1.0,من فضلكم,train_010816,../data/muharaf_prepared_resized/train/train_010816.png,Orientation error,,,2025-11-26T20:03:24
1.0,18,train_017767,../data/muharaf_prepared_resized/train/train_017767.png,Script mismatch (non-Arabic),,6,2025-11-26T20:03:28
1.0,نعمه الله,train_010430,../data/muharaf_prepared_resized/train/train_010430.png,Valid but hard,,,2025-11-26T20:03:40
1.0,ولد سيادتكم سلىم صاهر,train_010149,../data/muharaf_prepared_resized/train/train_010149.png,Irrelevant / signature,,,2025-11-26T20:03:45
1.0,لحضرة الاجل الاكرم الخواجه يوسَف نادر رعد الافخم,train_010817,../data/muharaf_prepared_resized/train/train_010817.png,Orientation error,,,2025-11-26T20:03:52
1.0,مرحبه,train_017019,../data/muharaf_prepared_resized/train/train_017019.png,Valid but hard,,,2025-11-26T20:04:14
1.0,ولدكم,train_019106,../data/muharaf_prepared_resized/train/train_019106.png,Valid but hard,,,2025-11-26T20:04:25
1.0,الى ابن  عمكم بشاره مرعي منصور,train_018667,../data/muharaf_prepared_resized/train/train_018667.png,Irrelevant / signature,,,2025-11-26T20:04:36
1.0,بوافة سهيل,train_014893,../data/muharaf_prepared_resized/train/train_014893.png,Wrong transcription,,بوفاة الدكتور سهيل,2025-11-26T20:04:48
1.0,اطال الله تعالى بقاه,train_010809,../data/muharaf_prepared_resized/train/train_010809.png,Orientation error,,,2025-11-26T20:04:56
1.0,كاترين يزبك,train_018693,../data/muharaf_prepared_resized/train/train_018693.png,Irrelevant / signature,,ح,2025-11-26T20:05:08
1.0,عد ٣     2,train_018854,../data/muharaf_prepared_resized/train/train_018854.png,Script mismatch (non-Arabic),,,2025-11-26T20:05:13
1.0,(مكان الختم),train_004765,../data/muharaf_prepared_resized/train/train_004765.png,Segmentation error,,,2025-11-26T20:05:31
1.0,ولد سيادتكم محول حروح,train_010148,../data/muharaf_prepared_resized/train/train_010148.png,Irrelevant / signature,,,2025-11-26T20:05:35
1.0,مختار مرتموره مخول موسى فهد,train_010079,../data/muharaf_prepared_resized/train/train_010079.png,Irrelevant / signature,,,2025-11-26T20:05:54
1.0,مختار مرتموره    مخول موسَى فهد,train_010094,../data/muharaf_prepared_resized/train/train_010094.png,Irrelevant / signature,,,2025-11-26T20:05:56
1.0,مختار الضهر      بدوي اسعد بطرسَ,train_010092,../data/muharaf_prepared_resized/train/train_010092.png,Irrelevant / signature,,,2025-11-26T20:06:00
1.0,انه,train_001076,../data/muharaf_prepared_resized/train/train_001076.png,Valid but hard,,يرته,2025-11-26T20:06:15
1.0,?,train_001685,../data/muharaf_prepared_resized/train/train_001685.png,Valid but hard,,2,2025-11-26T20:06:29
1.0,تحريرات عدد ١٧,train_013663,../data/muharaf_prepared_resized/train/train_013663.png,Segmentation error,,ن,2025-11-26T20:06:39
1.0,عضو انطون خوري حرب,train_016468,../data/muharaf_prepared_resized/train/train_016468.png,Irrelevant / signature,,,2025-11-26T20:06:45
1.0,المخلصه مىّ,train_002104,../data/muharaf_prepared_resized/train/train_002104.png,Irrelevant / signature,,عا,2025-11-26T20:06:47
0.975609756097561,بصمة ابهام يد اليمين نزهه ابنة طنوس ساسين,train_010109,../data/muharaf_prepared_resized/train/train_010109.png,Irrelevant / signature,,ا,2025-11-26T20:06:50
0.972972972972973,٢٠ رمضان سنة ١٣٥٢		 أمين محمد الحسيني,train_002845,../data/muharaf_prepared_resized/train/train_002845.png,Segmentation error,,٩٢,2025-11-26T20:07:02
0.9714285714285714,المملكة الحجازية والنجدية وملحقاتها,train_002664,../data/muharaf_prepared_resized/train/train_002664.png,Valid but hard,,ا,2025-11-26T20:07:07
0.9714285714285714,الياس الحويك بطرس البطريرك الانطاكى,train_016740,../data/muharaf_prepared_resized/train/train_016740.png,Irrelevant / signature,,ا,2025-11-26T20:07:11
0.9696969696969696,الماضي عنه باذنه بطرسَ منصور فخري,train_016701,../data/muharaf_prepared_resized/train/train_016701.png,Irrelevant / signature,,ا,2025-11-26T20:07:12
0.967741935483871,ولد سَيادتكم طنوس سمعان القبيات,train_008933,../data/muharaf_prepared_resized/train/train_008933.png,Irrelevant / signature,,ي,2025-11-26T20:07:17
0.967741935483871,ولد سيادتكم يوسف سعد شاهين ضاهر,train_010060,../data/muharaf_prepared_resized/train/train_010060.png,Irrelevant / signature,,ي,2025-11-26T20:07:18
0.967741935483871,كاتب امين متى شيخ قرية دريا ٣١٦,train_016429,../data/muharaf_prepared_resized/train/train_016429.png,Irrelevant / signature,,ي,2025-11-26T20:07:21
0.967741935483871,المستدعي المحامى الياس عبد الله,train_000251,../data/muharaf_prepared_resized/train/train_000251.png,Irrelevant / signature,,ا,2025-11-26T20:07:25
0.9666666666666668,ولد سيادتكم امطانوس محاىل صاهر,train_010063,../data/muharaf_prepared_resized/train/train_010063.png,Irrelevant / signature,,ا,2025-11-26T20:07:27
0.9655172413793104,حنا الخوري سليمان الفرخ صورات,train_015853,../data/muharaf_prepared_resized/train/train_015853.png,Irrelevant / signature,,ي,2025-11-26T20:08:10
0.9642857142857144,مختار الضهر بدوي اسَعد بطرسَ,train_010077,../data/muharaf_prepared_resized/train/train_010077.png,Irrelevant / signature,,ي,2025-11-26T20:08:12
0.9629629629629628,ولد سيادتكم ىادر ساهىن ىادر,train_010059,../data/muharaf_prepared_resized/train/train_010059.png,Irrelevant / signature,,ال,2025-11-26T20:08:13
0.9615384615384616,عن رئيس البلدية شكري كنعان,train_013957,../data/muharaf_prepared_resized/train/train_013957.png,Irrelevant / signature,,ي,2025-11-26T20:08:15
0.9615384615384616,عضو طنوس خليل الصايغ رشكده,train_015862,../data/muharaf_prepared_resized/train/train_015862.png,Irrelevant / signature,,ع,2025-11-26T20:08:16
0.96,ولد سيادتكم ابراهيم قسطون,train_010061,../data/muharaf_prepared_resized/train/train_010061.png,Irrelevant / signature,,ي,2025-11-26T20:08:18
0.96,المخلص احمد شاكر الكريحات,train_002211,../data/muharaf_prepared_resized/train/train_002211.png,Irrelevant / signature,,ا,2025-11-26T20:08:20
0.9591836734693876,وكيل الوقف وخوري الرعية الحورى ىوحىا حىىب البيسري,train_009439,../data/muharaf_prepared_resized/train/train_009439.png,Irrelevant / signature,,س ي,2025-11-26T20:08:24
0.9583333333333334,كاتب الاسرار فيكتور شميل,train_002196,../data/muharaf_prepared_resized/train/train_002196.png,Irrelevant / signature,,ا,2025-11-26T20:08:27
0.9583333333333334,ولد سَيادتكم الخورى ىوسف,train_009352,../data/muharaf_prepared_resized/train/train_009352.png,Irrelevant / signature,,ي,2025-11-26T20:08:28
0.9583333333333334,محبّك محمد الحسين النجفي,train_002077,../data/muharaf_prepared_resized/train/train_002077.png,Irrelevant / signature,,ا,2025-11-26T20:08:29
0.9523809523809524,عضو سليم سعدالله سلوم,train_016532,../data/muharaf_prepared_resized/train/train_016532.png,Irrelevant / signature,,ع,2025-11-26T20:08:36
0.9473684210526316,عن عضو ملحم  سعيفان,train_015335,../data/muharaf_prepared_resized/train/train_015335.png,Irrelevant / signature,,ع,2025-11-26T20:08:37
0.9473684210526316,مبلغ مية ليرة .....,train_014914,../data/muharaf_prepared_resized/train/train_014914.png,Valid but hard,,.ان,2025-11-26T20:08:44
0.9473684210526316,عضو حبيب نبهان ١٨٨٠,train_016144,../data/muharaf_prepared_resized/train/train_016144.png,Irrelevant / non-text,,ع,2025-11-26T20:08:47
0.9444444444444444,عن عضو ملحم سعيفان,train_015370,../data/muharaf_prepared_resized/train/train_015370.png,Irrelevant / signature,,ع,2025-11-26T20:08:50
0.9411764705882352,رىس سليم باز ١٨٨٣,train_016145,../data/muharaf_prepared_resized/train/train_016145.png,Irrelevant / non-text,,ي,2025-11-26T20:08:55
0.9411764705882352,عدد ٥٧٩٨	٢٤/١٢/٥٢,train_016476,../data/muharaf_prepared_resized/train/train_016476.png,Segmentation error,,ع,2025-11-26T20:09:00
0.9393939393939394,سهود محول عصى     موسَى البر عبدو,train_009521,../data/muharaf_prepared_resized/train/train_009521.png,Segmentation error,,حو,2025-11-26T20:09:08
0.9375,١٨٧ وذلك ٥٣/٩/١٨,train_016597,../data/muharaf_prepared_resized/train/train_016597.png,Segmentation error,,١,2025-11-26T20:10:37
0.9375,ولد سيادتكم محاىل الحورى الدرىىى,train_009636,../data/muharaf_prepared_resized/train/train_009636.png,Irrelevant / signature,,لد,2025-11-26T20:10:43
0.9375,E.F.B. Peixe-Boi,train_017980,../data/muharaf_prepared_resized/train/train_017980.png,Script mismatch (non-Arabic),,-,2025-11-26T20:10:47
0.9375,516 Oriental Ave,train_001637,../data/muharaf_prepared_resized/train/train_001637.png,Script mismatch (non-Arabic),,5,2025-11-26T20:10:51
0.9333333333333332,تبلغت الياس جبر,train_015738,../data/muharaf_prepared_resized/train/train_015738.png,Irrelevant / signature,,ا,2025-11-26T20:11:02
0.9333333333333332,شاهد ميشال شماس,train_016392,../data/muharaf_prepared_resized/train/train_016392.png,Irrelevant / signature,,ا,2025-11-26T20:11:05
0.9333333333333332,مستمد دعاكم الخوري الياس ساسين,train_017994,../data/muharaf_prepared_resized/train/train_017994.png,Irrelevant / signature,,ال,2025-11-26T20:11:07
0.9305555555555556,داوود موسى دومط دوميط موسى دوميط واسعد وتوفيق وديبه هيلانه دوميط يوسف عن,train_015985,../data/muharaf_prepared_resized/train/train_015985.png,Irrelevant / signature,,ال ي ا,2025-11-26T20:11:16
0.926829268292683,كنيسة مار جرجس القبيات - غوايا لجنة الوقف,train_009850,../data/muharaf_prepared_resized/train/train_009850.png,Irrelevant / non-text,,ل ي,2025-11-26T20:11:21
0.9230769230769232,PHILADELPHIA.,train_001474,../data/muharaf_prepared_resized/train/train_001474.png,Script mismatch (non-Arabic),,BUSE,2025-11-26T20:11:26
0.9230769230769232,عضو حنون راشد,train_016474,../data/muharaf_prepared_resized/train/train_016474.png,Irrelevant / signature,,ع,2025-11-26T20:13:23
0.92,Il faut) une execution) -,train_004675,../data/muharaf_prepared_resized/train/train_004675.png,Script mismatch (non-Arabic),,Ho o,2025-11-26T20:13:32
0.918918918918919,واصل لكم ضمن كتابي هذا صورة ولدي جوزف,train_017977,../data/muharaf_prepared_resized/train/train_017977.png,Segmentation error,,ا ا,2025-11-26T20:13:44
0.9183673469387756,المقره بما فيه نجيبه زوجة فرحات مسَعود كسبار طرزا,train_015918,../data/muharaf_prepared_resized/train/train_015918.png,Irrelevant / signature,,ال ي,2025-11-26T20:13:50
0.9166666666666666,الجمهوريّة اللبْنانيَة - وزارة الدَاخليّة محَافظة جبَل لبنان,train_012865,../data/muharaf_prepared_resized/train/train_012865.png,Irrelevant / non-text,,ي ا ا,2025-11-26T20:13:52
0.9166666666666666,رئيس لجنة مشاع سلعاتا اسطفان سلوم مامور فريد كرم,train_016502,../data/muharaf_prepared_resized/train/train_016502.png,Irrelevant / non-text,,ل  ا,2025-11-26T20:13:54
0.9166666666666666,عبدالله ضاهر,train_008852,../data/muharaf_prepared_resized/train/train_008852.png,Irrelevant / signature,,ع,2025-11-26T20:13:57
0.9130434782608696,ىوسف طانيوس من الهلاليه,train_014205,../data/muharaf_prepared_resized/train/train_014205.png,Irrelevant / signature,,الو,2025-11-26T20:14:14
0.912280701754386,المقر بما فيه اصالة وولاية سابا جبرائيل نقولا كفور العربي,train_016718,../data/muharaf_prepared_resized/train/train_016718.png,Irrelevant / signature,,ال  ا,2025-11-26T20:14:36
0.9090909090909092,other story,train_010724,../data/muharaf_prepared_resized/train/train_010724.png,Script mismatch (non-Arabic),,Wo u,2025-11-26T20:14:48
0.9090909090909092,قضاء كسروان,train_000227,../data/muharaf_prepared_resized/train/train_000227.png,Irrelevant / non-text,,ووره,2025-11-26T20:14:55
0.9090909090909092,رىس ىلدية كفرشىما ىعوم دىب العارح,train_013635,../data/muharaf_prepared_resized/train/train_013635.png,Irrelevant / signature,,ي ر,2025-11-26T20:15:00
0.9090909090909092,الخوري الاسقفي  ارسانيوس الفاخوري,train_009227,../data/muharaf_prepared_resized/train/train_009227.png,Irrelevant / signature,,اخدي,2025-11-26T20:15:03
0.9090909090909092,Chey Housif,train_018375,../data/muharaf_prepared_resized/train/train_018375.png,Script mismatch (non-Arabic),,o,2025-11-26T20:15:13
0.9090909090909092,1943/ عدد 1,train_014182,../data/muharaf_prepared_resized/train/train_014182.png,Segmentation error,,١٣ ٣,2025-11-26T20:15:18
0.9090909090909092,514 West St,train_010671,../data/muharaf_prepared_resized/train/train_010671.png,Script mismatch (non-Arabic),,1,2025-11-26T20:15:24
0.90625,رىس بلدية كفرشيما ابراهىم الخىاط,train_013474,../data/muharaf_prepared_resized/train/train_013474.png,Irrelevant / signature,,ل ي,2025-11-26T20:16:18
0.9047619047619048,شاهد اسعد طنوس الشماس,train_016393,../data/muharaf_prepared_resized/train/train_016393.png,Irrelevant / signature,,ال ي,2025-11-26T20:16:20
0.9047619047619048,its a summer material,train_010696,../data/muharaf_prepared_resized/train/train_010696.png,Script mismatch (non-Arabic),,ma,2025-11-26T20:16:24
0.9032258064516128,الحورى انطون نعمان رئيس الديوان,train_009190,../data/muharaf_prepared_resized/train/train_009190.png,Irrelevant / signature,,س ري,2025-11-26T20:16:31
0.9019607843137256,المقر به وكاتب الوكيل الشرعي حنا سَابا جبرايل نقولا,train_016717,../data/muharaf_prepared_resized/train/train_016717.png,Irrelevant / signature,,الس ي,2025-11-26T20:16:36
0.9017857142857144,باعث لتحرير ورقة اجيرنا ....حاضر ومحترف لرويد عبد الرحيم ولد مرحوم مشهد حسن .... دولت علية عالية ايران مقيم ....,train_014924,../data/muharaf_prepared_resized/train/train_014924.png,Valid but hard,,ا الر م م ا,2025-11-26T20:16:55
0.9,نادر مخول نادر مخاىل,train_010075,../data/muharaf_prepared_resized/train/train_010075.png,Irrelevant / signature,,ال,2025-11-26T20:17:01
0.9,you called,train_010685,../data/muharaf_prepared_resized/train/train_010685.png,Script mismatch (non-Arabic),,o,2025-11-26T20:17:08
0.8978102189781022,اعضاء انطوان طربيه            شليطا الزين          حنا شاول منصور ضو                   حداد                                رئيس انطون حرب,train_016596,../data/muharaf_prepared_resized/train/train_016596.png,Irrelevant / signature,,الو          ن,2025-11-26T20:17:14
0.8947368421052632,عصو ىعوم دىب العارح,train_013495,../data/muharaf_prepared_resized/train/train_013495.png,Irrelevant / signature,,عضو,2025-11-26T20:17:16
0.8947368421052632,Naja Frères Conakry,train_018250,../data/muharaf_prepared_resized/train/train_018250.png,Segmentation error,,,2025-11-26T20:17:23
0.8947368421052632,الوطنية، السيادة القومية، الاستقلال ..,train_019502,../data/muharaf_prepared_resized/train/train_019502.png,Wrong transcription,,ل ا.,2025-11-26T20:17:34
0.8947368421052632,اللسان في شواذاتها،,train_000650,../data/muharaf_prepared_resized/train/train_000650.png,Orientation error,,ي ن,2025-11-26T20:17:39
0.8947368421052632,بالمنصورة MANSOURAH,train_005779,../data/muharaf_prepared_resized/train/train_005779.png,Script mismatch (non-Arabic),,رن B,2025-11-26T20:17:53
0.8947368421052632,عصو نعوم دىب القارح,train_013488,../data/muharaf_prepared_resized/train/train_013488.png,Irrelevant / signature,,عضو,2025-11-26T20:17:57
0.8947368421052632,عصو حلىل نعوم الرحى,train_013494,../data/muharaf_prepared_resized/train/train_013494.png,Irrelevant / signature,,عضو,2025-11-26T20:17:58
0.8928571428571429,الحورى الاسقفى محاىل الدرىىى,train_009238,../data/muharaf_prepared_resized/train/train_009238.png,Irrelevant / signature,,ريرولس,2025-11-26T20:18:14
0.8928571428571429,رئيس بلدية القبيات سلىم ضاهر,train_010076,../data/muharaf_prepared_resized/train/train_010076.png,Irrelevant / signature,,الني,2025-11-26T20:18:16
0.8888888888888888,ولد سيادتكم دكتور حبيب ضاهر,train_010064,../data/muharaf_prepared_resized/train/train_010064.png,Irrelevant / signature,,خوري,2025-11-26T20:18:16
0.8888888888888888,سمسوم الكفرون حلل لهما من رابع وسادس,train_008740,../data/muharaf_prepared_resized/train/train_008740.png,Irrelevant / signature,,س  ا,2025-11-26T20:18:18
0.8888888888888888,عمي العزي,train_000125,../data/muharaf_prepared_resized/train/train_000125.png,Valid but hard,,احف,2025-11-26T20:18:25
0.8888888888888888,OFFICE OF,train_002311,../data/muharaf_prepared_resized/train/train_002311.png,Script mismatch (non-Arabic),,O,2025-11-26T20:18:28
0.8823529411764706,لبيب الخوري 	فارس,train_015954,../data/muharaf_prepared_resized/train/train_015954.png,Irrelevant / signature,,كمار,2025-11-26T20:18:31
0.8823529411764706,الخوري يوحنا حبيب,train_010037,../data/muharaf_prepared_resized/train/train_010037.png,Irrelevant / signature,,والا,2025-11-26T20:18:36
0.8823529411764706,Guinee Frangruire,train_018373,../data/muharaf_prepared_resized/train/train_018373.png,Script mismatch (non-Arabic),,Mo Contlh,2025-11-26T20:18:42
0.88,عضو حسين العلم الحاج يوسف,train_016143,../data/muharaf_prepared_resized/train/train_016143.png,Irrelevant / non-text,,عضو,2025-11-26T20:18:55
0.8571428571428571,.Weslaco Texas,train_004999,../data/muharaf_prepared_resized/train/train_004999.png,Script mismatch (non-Arabic),,Wo,2025-11-26T20:20:24
0.8571428571428571,"11, Rue de Chabrol 11",train_020573,../data/muharaf_prepared_resized/train/train_020573.png,Script mismatch (non-Arabic),,d Bh,2025-11-26T20:20:26
0.8571428571428571,ودمت لاخيك امين فرحات,train_000527,../data/muharaf_prepared_resized/train/train_000527.png,Irrelevant / signature,,ال ي,2025-11-26T20:20:31
0.8571428571428571,Washington D.C,train_010699,../data/muharaf_prepared_resized/train/train_010699.png,Script mismatch (non-Arabic),,Wa,2025-11-26T20:20:33
0.8571428571428571,المَملَكَة الحجازِيةّ,train_002603,../data/muharaf_prepared_resized/train/train_002603.png,Irrelevant / non-text,,ا ينا بحس,2025-11-26T20:20:43
0.8571428571428571,عصو سعىد كىعان,train_013492,../data/muharaf_prepared_resized/train/train_013492.png,Irrelevant / signature,,عضو,2025-11-26T20:20:48
0.8571428571428571,نائب رئيس البلدية شكري كنعان,train_014010,../data/muharaf_prepared_resized/train/train_014010.png,Irrelevant / signature,,رسية,2025-11-26T20:20:51
0.8529411764705882,وفسح لهما على مرتين في ٨ شباط ١٩١٢,train_008741,../data/muharaf_prepared_resized/train/train_008741.png,Segmentation error,,ل   ا,2025-11-26T20:20:56
0.85,مع الموافقه ٢٤/١٢/٥٢,train_016479,../data/muharaf_prepared_resized/train/train_016479.png,Segmentation error,,دا نة ٢,2025-11-26T20:21:01
0.8461538461538461,اميل وكيل نقولا طنوس شلالا,train_015953,../data/muharaf_prepared_resized/train/train_015953.png,Irrelevant / signature,,و ول,2025-11-26T20:21:07
0.8448275862068966,"Shreveport, LA........................................1910",train_018734,../data/muharaf_prepared_resized/train/train_018734.png,Script mismatch (non-Arabic),,CoLA.....1.,2025-11-26T20:21:16
0.8421052631578947,شهد بذلك مخايل عواذ,train_015837,../data/muharaf_prepared_resized/train/train_015837.png,Segmentation error,,د ك,2025-11-26T20:21:25
0.8421052631578947,وردى الخورى زوجة الياس طنوس جبور قبيات,train_010182,../data/muharaf_prepared_resized/train/train_010182.png,Irrelevant / signature,,ال ا ا,2025-11-26T20:21:30
0.8333333333333334,خليل موسي نادر رعد,train_010815,../data/muharaf_prepared_resized/train/train_010815.png,Irrelevant / signature,,ال و,2025-11-26T20:21:31
0.8333333333333334,تجاهكم,train_018420,../data/muharaf_prepared_resized/train/train_018420.png,Valid but hard,,تبحن,2025-11-26T20:21:35
0.8333333333333334,عضو اديب شليطا حرب,train_016471,../data/muharaf_prepared_resized/train/train_016471.png,Irrelevant / signature,,عضو,2025-11-26T20:22:00
0.8333333333333334,GÉBAIL,train_005838,../data/muharaf_prepared_resized/train/train_005838.png,Script mismatch (non-Arabic),,EA,2025-11-26T20:22:03
0.8333333333333334,١٨٢/ ١٨/٩/٥٣,train_016553,../data/muharaf_prepared_resized/train/train_016553.png,Segmentation error,,١/٧,2025-11-26T20:22:11
0.8333333333333334,٣٥٨/٧٠,train_009135,../data/muharaf_prepared_resized/train/train_009135.png,Segmentation error,,ع٧,2025-11-26T20:22:13
0.8333333333333334,شبلى بركات فرحات الدكتور,train_000196,../data/muharaf_prepared_resized/train/train_000196.png,Segmentation error,,ى ال,2025-11-26T20:22:25
0.8333333333333334,طنوسَ سَمعان,train_008935,../data/muharaf_prepared_resized/train/train_008935.png,Irrelevant / non-text,,ر ي ا,2025-11-26T20:22:29
0.8333333333333334,عضو امين اسعد سلوم,train_016535,../data/muharaf_prepared_resized/train/train_016535.png,Irrelevant / signature,,عضو,2025-11-26T20:22:32
0.8333333333333334,Kindia,train_018232,../data/muharaf_prepared_resized/train/train_018232.png,Script mismatch (non-Arabic),,Ke,2025-11-26T20:22:35
0.8333333333333334,المطران يوسف دريان,train_020011,../data/muharaf_prepared_resized/train/train_020011.png,Irrelevant / signature,,يونن,2025-11-26T20:22:39
0.8333333333333334,كاتب انطوىىوس اىراهم سعد,train_009271,../data/muharaf_prepared_resized/train/train_009271.png,Irrelevant / signature,,طوسسف,2025-11-26T20:23:07
0.8333333333333334,Carthage N.Y,train_010672,../data/muharaf_prepared_resized/train/train_010672.png,Script mismatch (non-Arabic),,Cal,2025-11-26T20:23:10
0.8285714285714286,نائِب رئىس بلدية كفرشيما شكري كنعان,train_014038,../data/muharaf_prepared_resized/train/train_014038.png,Irrelevant / signature,,ا اية ا,2025-11-26T20:23:18
0.8275862068965517,ودمتم محروسين		 ١٣٤١	 ٢ ربيع٢,train_002344,../data/muharaf_prepared_resized/train/train_002344.png,Irrelevant / signature,,٣٣ وي ١,2025-11-26T20:23:28
0.8275862068965517,المجلس الشرعى الاسلامى الاعلى,train_002848,../data/muharaf_prepared_resized/train/train_002848.png,Irrelevant / non-text,,ال ي ا,2025-11-26T20:23:40
0.825,"P. O. BOX		Mannington, W. Va., 						189",train_010767,../data/muharaf_prepared_resized/train/train_010767.png,Script mismatch (non-Arabic),,"ngtn, W",2025-11-26T20:23:44
0.8235294117647058,السَلطَنَة النّجديّة ومُلحَقَاتَها,train_002595,../data/muharaf_prepared_resized/train/train_002595.png,Valid but hard,,لين ي الي,2025-11-26T20:24:00
0.8235294117647058,فرنسيس لحود ونزها,train_018711,../data/muharaf_prepared_resized/train/train_018711.png,Irrelevant / signature,,وون,2025-11-26T20:24:03
0.8235294117647058,الحورى ىوحىا حىىب,train_009503,../data/muharaf_prepared_resized/train/train_009503.png,Irrelevant / signature,,الحد,2025-11-26T20:24:07
0.8181818181818182,Comeiciante,train_021235,../data/muharaf_prepared_resized/train/train_021235.png,Script mismatch (non-Arabic),,Wa Aipe,2025-11-26T20:24:10
0.8181818181818182,Roforidnova,train_000411,../data/muharaf_prepared_resized/train/train_000411.png,Script mismatch (non-Arabic),,Coaol,2025-11-26T20:24:14
0.8125,ورفيقهم خياط ...,train_015053,../data/muharaf_prepared_resized/train/train_015053.png,Wrong transcription,,وراهم خاط واستر ساد,2025-11-26T20:24:34
0.8125,اسعد درويش زكريا,train_017976,../data/muharaf_prepared_resized/train/train_017976.png,Irrelevant / signature,,روس  ن,2025-11-26T20:24:41
0.8076923076923077,موسى يعقوب طنوس دكريا طرزا,train_015938,../data/muharaf_prepared_resized/train/train_015938.png,Irrelevant / signature,,يوسي يدعو,2025-11-26T20:24:42
0.8076923076923077,الحقير الياس بطرس البطريرك,train_003349,../data/muharaf_prepared_resized/train/train_003349.png,Irrelevant / signature,,الطري,2025-11-26T20:24:43
0.8,فليكس,train_002018,../data/muharaf_prepared_resized/train/train_002018.png,Valid but hard,,باك,2025-11-26T20:24:47
0.8,حرر / ١٣ ك٢ ٩٣٧,train_015897,../data/muharaf_prepared_resized/train/train_015897.png,Valid but hard,,٣ ٣,2025-11-26T20:24:51
0.8,نصار طانيوس السمراني,train_000215,../data/muharaf_prepared_resized/train/train_000215.png,Irrelevant / signature,,طانيد,2025-11-26T20:24:57
0.8,٣  لك,train_011954,../data/muharaf_prepared_resized/train/train_011954.png,Wrong transcription,,٣,2025-11-26T20:25:03
0.8,Paris,train_020574,../data/muharaf_prepared_resized/train/train_020574.png,Script mismatch (non-Arabic),,s,2025-11-26T20:25:06
0.8,الخوري بطرس حسن,train_008816,../data/muharaf_prepared_resized/train/train_008816.png,Irrelevant / signature,,موسر ا ا,2025-11-26T20:25:21
0.8,20017,train_010700,../data/muharaf_prepared_resized/train/train_010700.png,Script mismatch (non-Arabic),,11,2025-11-26T20:25:26
0.8,DEC 14 '29,train_002736,../data/muharaf_prepared_resized/train/train_002736.png,Script mismatch (non-Arabic),,EA-22,2025-11-26T20:25:29
0.8,مَطرَانيَّة بَيروت المارونيَّة,train_004674,../data/muharaf_prepared_resized/train/train_004674.png,Valid but hard,,ا ايا ال,2025-11-26T20:25:48
0.8,الياس طنوس اسعد,train_009282,../data/muharaf_prepared_resized/train/train_009282.png,Irrelevant / signature,,طوسف,2025-11-26T20:25:51
0.8,مبارك,train_005582,../data/muharaf_prepared_resized/train/train_005582.png,Valid but hard,,حياام,2025-11-26T20:25:57
0.8,صدر بـ ١٨٢,train_016650,../data/muharaf_prepared_resized/train/train_016650.png,Segmentation error,,عد ٥,2025-11-26T20:26:04
0.7966101694915254,١٨ اب سنة ٩٢٨ ولد سيادتكم مدبر القبيات بطرس كرم ولد سيادتكم,train_010058,../data/muharaf_prepared_resized/train/train_010058.png,Segmentation error,,١ ٩٢ ولدس  ا,2025-11-26T20:26:09
0.7941176470588235,عدد ٥٩٧ الى القلم ٢٠ تشرين اول ٩٢٧,train_015739,../data/muharaf_prepared_resized/train/train_015739.png,Segmentation error,,عند  حقم ١,2025-11-26T20:26:38
0.7916666666666666,رئىس البلدية ىعوم العارح,train_013661,../data/muharaf_prepared_resized/train/train_013661.png,Irrelevant / signature,,ا الي ش,2025-11-26T20:26:45
0.7916666666666666,We'll meet her in Syracu,train_010687,../data/muharaf_prepared_resized/train/train_010687.png,Script mismatch (non-Arabic),,e   a,2025-11-26T20:26:48
0.7916666666666666,باقي بوي في اذار سنة ٩٢١,train_017975,../data/muharaf_prepared_resized/train/train_017975.png,Irrelevant / signature,,ياس  ٢,2025-11-26T20:26:53
0.7916666666666666,كاتب جرجسَ روحانا باسَيل,train_016446,../data/muharaf_prepared_resized/train/train_016446.png,Irrelevant / signature,,ر حاا,2025-11-26T20:26:56
0.7899159663865546,إقرار واعتراف صحح شرع بنمو بطوع رضا ورغبت خودخالي ... موانع شرعية وعرفية اجير وادم نفس خود العمل زورخانة كارسرور شيكاغو,train_014935,../data/muharaf_prepared_resized/train/train_014935.png,Valid but hard,,ا     غرا رغب رض الربج والا وا,2025-11-26T20:27:04
0.7894736842105263,انطوان نصار السمراني حنا طنوس السمراني,train_000213,../data/muharaf_prepared_resized/train/train_000213.png,Irrelevant / signature,,ا  حاط  ي,2025-11-26T20:27:10
0.7878787878787878,الاخ اسطفان    فرحات فرح يوسف جاج,train_000182,../data/muharaf_prepared_resized/train/train_000182.png,Irrelevant / signature,,ا ة را ر,2025-11-26T20:27:20
0.7857142857142857,..... على ولده خير الله ....,train_014915,../data/muharaf_prepared_resized/train/train_014915.png,Wrong transcription,,ا خيله رسة ر,2025-11-26T20:27:29
0.7857142857142857,اخوكم رحمى رعد,train_018587,../data/muharaf_prepared_resized/train/train_018587.png,Irrelevant / signature,,رام ال ا,2025-11-26T20:27:36
0.7857142857142857,-١- BEK1A-27 1,train_003501,../data/muharaf_prepared_resized/train/train_003501.png,Script mismatch (non-Arabic),,ES2A-5,2025-11-26T20:27:40
0.782608695652174,Freeda's coming tonight,train_010686,../data/muharaf_prepared_resized/train/train_010686.png,Script mismatch (non-Arabic),,Tr cng,2025-11-26T20:27:42
0.782608695652174,SAN ANTONIO. TEXAS. 190,train_018611,../data/muharaf_prepared_resized/train/train_018611.png,Script mismatch (non-Arabic),,"SAA. ,",2025-11-26T20:27:43
0.782608695652174,محرر الاحرف ناصيف منصور,train_014192,../data/muharaf_prepared_resized/train/train_014192.png,Irrelevant / signature,,ا ير الر,2025-11-26T20:27:50
0.7777777777777778,PROP. T. REDACTEUR,train_018978,../data/muharaf_prepared_resized/train/train_018978.png,Script mismatch (non-Arabic),,POR E,2025-11-26T20:27:54
0.7777777777777778,TEL. 7516,train_005990,../data/muharaf_prepared_resized/train/train_005990.png,Script mismatch (non-Arabic),,E58,2025-11-26T20:27:55
0.7777777777777778,نومرو ٥٥٥,train_015732,../data/muharaf_prepared_resized/train/train_015732.png,Segmentation error,,٥٥,2025-11-26T20:27:59
0.7777777777777778,عصو واكىم,train_013485,../data/muharaf_prepared_resized/train/train_013485.png,Irrelevant / signature,,عضو,2025-11-26T20:28:03
0.7777777777777778,"Bell Phone, 1706 W",train_000441,../data/muharaf_prepared_resized/train/train_000441.png,Script mismatch (non-Arabic),,Ce Pe,2025-11-26T20:28:14
0.7777777777777778,..................,train_014937,../data/muharaf_prepared_resized/train/train_014937.png,Wrong transcription,,... .,2025-11-26T20:28:21
0.7769784172661871,محول حور                     سلىم دفون                               ىوسف حىا                حود ىوسف                           الحورى موسى,train_009109,../data/muharaf_prepared_resized/train/train_009109.png,Valid but hard,,مجول صور م دو  سس حودوس الحورى موس,2025-11-26T20:28:39
0.7741935483870968,ولدكم الحورى ىوسف الحاح القىىات,train_009209,../data/muharaf_prepared_resized/train/train_009209.png,Irrelevant / signature,,لم ى  ا,2025-11-26T20:28:43
0.7692307692307693,حضرة الاجل الاكرم الخواجه اسَعد بطرسَ موسَى نادر الافخم ادام بقاه,train_010900,../data/muharaf_prepared_resized/train/train_010900.png,Valid but hard,,ة   وي اور الم ال,2025-11-26T20:28:52
0.7692307692307693,اىراهم عسى عىود  موسى قسطون ىوسف سمعان اىرهم اسكندر اعناطىوس حصر ابراهيم عىد  مخاىل الحورى محايل الدرىىى,train_009082,../data/muharaf_prepared_resized/train/train_009082.png,Valid but hard,,ل   سى س    شكو و ا     ا ا,2025-11-26T20:29:07
0.7692307692307693,Wafaa EL-Murr,train_013461,../data/muharaf_prepared_resized/train/train_013461.png,Script mismatch (non-Arabic),,WaL,2025-11-26T20:29:10
0.7666666666666667,"Monteria, de 9 Febrero de 1921",train_020861,../data/muharaf_prepared_resized/train/train_020861.png,Script mismatch (non-Arabic),,Woa   i Boe,2025-11-26T20:29:36
0.7647058823529411,"AL-ISLAH ""Reform""",train_001683,../data/muharaf_prepared_resized/train/train_001683.png,Script mismatch (non-Arabic),,"A ""R",2025-11-26T20:29:39
0.7619047619047619,ولد سَيادكم نادر عبدو,train_009020,../data/muharaf_prepared_resized/train/train_009020.png,Irrelevant / signature,,سم اياال ا,2025-11-26T20:29:42
0.7619047619047619,JPK2B-57							2 		(٢,train_008213,../data/muharaf_prepared_resized/train/train_008213.png,Script mismatch (non-Arabic),,JPK2-),2025-11-26T20:29:47
0.7619047619047619,المقاول ابرهيم الخياط,train_013575,../data/muharaf_prepared_resized/train/train_013575.png,Irrelevant / signature,,ر اللقاي,2025-11-26T20:29:50
0.76,١٩٦١ فى ٢٨ تشرين اول ١٩٦١,train_000214,../data/muharaf_prepared_resized/train/train_000214.png,Valid but hard,,١٣٤ ١٩ يش ٩٧,2025-11-26T20:29:58
0.76,"عدد ١٧٧٨					Beyrouth, le",train_016415,../data/muharaf_prepared_resized/train/train_016415.png,Script mismatch (non-Arabic),,عد١	Brr,2025-11-26T20:30:03
0.7586206896551724,FORT WAYNE.IND. aug 1 21 1900,train_001293,../data/muharaf_prepared_resized/train/train_001293.png,Script mismatch (non-Arabic),,FANT.  1,2025-11-26T20:30:05
0.7586206896551724,رئيس بلدية القبيات  سليم ضاهر,train_010091,../data/muharaf_prepared_resized/train/train_010091.png,Irrelevant / signature,,م ليدية ال,2025-11-26T20:30:10
0.75,دانى,train_019188,../data/muharaf_prepared_resized/train/train_019188.png,Valid but hard,,حدوان,2025-11-26T20:30:21
0.75,B J.,train_001275,../data/muharaf_prepared_resized/train/train_001275.png,Script mismatch (non-Arabic),,Jر,2025-11-26T20:30:26
0.75,Kleiststr.19,train_002905,../data/muharaf_prepared_resized/train/train_002905.png,Script mismatch (non-Arabic),,Kl1,2025-11-26T20:30:28
0.75,سَعيد فريق الياسَ طرزآ	انطانيوسَ منصور نهرا طرزا		فرحات مسعود كسبار طرزا,train_015920,../data/muharaf_prepared_resized/train/train_015920.png,Segmentation error,,لي  اطاي ا منو   دد    رن,2025-11-26T20:30:37
0.75,Hotel Dennis,train_001657,../data/muharaf_prepared_resized/train/train_001657.png,Script mismatch (non-Arabic),,Koni,2025-11-26T20:30:42
0.75,خوك.,train_010510,../data/muharaf_prepared_resized/train/train_010510.png,Valid but hard,,حوو,2025-11-26T20:30:53
0.75,.U. S. A,train_005001,../data/muharaf_prepared_resized/train/train_005001.png,Script mismatch (non-Arabic),,..,2025-11-26T20:31:01
0.75,ES1D-18    1,train_006042,../data/muharaf_prepared_resized/train/train_006042.png,Script mismatch (non-Arabic),,EA11,2025-11-26T20:31:08
0.75,Daoud Mujaés,train_002903,../data/muharaf_prepared_resized/train/train_002903.png,Script mismatch (non-Arabic),,Co a,2025-11-26T20:31:09
0.75,الضهر -      ⸗        ⸗        ⸗,train_009475,../data/muharaf_prepared_resized/train/train_009475.png,Valid but hard,,الضهر ⸗                                             ⸗,2025-11-26T20:31:13
0.75,مزهر,train_015826,../data/muharaf_prepared_resized/train/train_015826.png,Valid but hard,,ضره,2025-11-26T20:31:22
0.75,للمراجعة,train_002000,../data/muharaf_prepared_resized/train/train_002000.png,Valid but hard,,ااج,2025-11-26T20:31:25
0.75,بولس,train_005042,../data/muharaf_prepared_resized/train/train_005042.png,Valid but hard,,لبوي,2025-11-26T20:31:31
0.75,1_MUKF1B,train_012603,../data/muharaf_prepared_resized/train/train_012603.png,Script mismatch (non-Arabic),,MG21,2025-11-26T20:31:35
0.75,CARTAGENA (COLOMBIA),train_020841,../data/muharaf_prepared_resized/train/train_020841.png,Script mismatch (non-Arabic),,RERE PO),2025-11-26T20:31:40
0.75,delg,train_020848,../data/muharaf_prepared_resized/train/train_020848.png,Script mismatch (non-Arabic),,g,2025-11-26T20:31:42
0.75,3900 Hartwood Rd N.E,train_010698,../data/muharaf_prepared_resized/train/train_010698.png,Script mismatch (non-Arabic),,90 Ha,2025-11-26T20:32:04
0.7428571428571429,نائب رئيسَ بلدية كفرشيما شكري كنعان,train_014076,../data/muharaf_prepared_resized/train/train_014076.png,Irrelevant / signature,,ريس لي  ن,2025-11-26T20:32:19
0.7407407407407407,gold-Coast Colonf A. Africa,train_000419,../data/muharaf_prepared_resized/train/train_000419.png,Script mismatch (non-Arabic),,oC Conf,2025-11-26T20:32:22
0.7368421052631579,حنا يونس عبود جربتا,train_015901,../data/muharaf_prepared_resized/train/train_015901.png,Irrelevant / signature,,ود جوينا,2025-11-26T20:32:28
0.7333333333333333,شهود شبلي بركات,train_000183,../data/muharaf_prepared_resized/train/train_000183.png,Irrelevant / signature,,بيع بر,2025-11-26T20:32:32
0.7333333333333333,كرم حنا الشويري,train_016699,../data/muharaf_prepared_resized/train/train_016699.png,Irrelevant / signature,,روم نا,2025-11-26T20:32:34
0.7333333333333333,Mr Toufee Ellis,train_010670,../data/muharaf_prepared_resized/train/train_010670.png,Script mismatch (non-Arabic),,Hor To o,2025-11-26T20:32:43
0.7333333333333333,اعضاء  انطون طربيه       شليطا الزين     حنا شاول  منصور ضو    طري         رئيس  انطون حرب,train_016576,../data/muharaf_prepared_resized/train/train_016576.png,Irrelevant / signature,,الح                    حو,2025-11-26T20:32:46
0.7303370786516854,مستمد الدعا ولدكم           مستمد الدعا ولدكم    مستمد الدعا مدبر اول  الحورى ىوسف اسكىدر,train_008466,../data/muharaf_prepared_resized/train/train_008466.png,Segmentation error,,ول           اوى و  اوى  و,2025-11-26T20:32:53
0.7272727272727273,Proffessor Krachkovsky,train_002947,../data/muharaf_prepared_resized/train/train_002947.png,Script mismatch (non-Arabic),,Wor Caiaky,2025-11-26T20:33:15
0.7272727272727273,فرحات مسعود كسبار طرزا,train_015942,../data/muharaf_prepared_resized/train/train_015942.png,Irrelevant / signature,,ار معور,2025-11-26T20:33:22
0.7272727272727273,اننا نعرف القطعة الأرض تمامًا وكفى قد افتكرنا ان تشبلون,train_011161,../data/muharaf_prepared_resized/train/train_011161.png,Wrong transcription,,جهة ما اوصاكم يوسف رجال افيدكم تعم اننا تعرف القطعة الأرض تماماً وكن قد افتكرنا ان تشبلون,2025-11-26T20:33:33
0.723404255319149,تحريراً في اول شباط سنة ٩٣٠ رئيسَ ابرهىم الحىاط,train_013557,../data/muharaf_prepared_resized/train/train_013557.png,Segmentation error,,راي اول شبا ن,2025-11-26T20:33:50
0.7222222222222222,خليل يوسف نادر رعد,train_010864,../data/muharaf_prepared_resized/train/train_010864.png,Irrelevant / signature,,الي وسى,2025-11-26T20:33:54
0.7222222222222222,١٣٤٦ ٦ جماد الثانى,train_002650,../data/muharaf_prepared_resized/train/train_002650.png,Segmentation error,,جا ال٣,2025-11-26T20:34:03
0.7222222222222222,نائب ريس فارس بولس,train_016623,../data/muharaf_prepared_resized/train/train_016623.png,Irrelevant / signature,,ار يقول,2025-11-26T20:34:07
0.7222222222222222,محمد الحسين النجفي,train_002827,../data/muharaf_prepared_resized/train/train_002827.png,Irrelevant / signature,,حين ن,2025-11-26T20:34:09
0.7142857142857143,ADDRESS,train_010665,../data/muharaf_prepared_resized/train/train_010665.png,Script mismatch (non-Arabic),,ARA,2025-11-26T20:34:12
0.7142857142857143,*  *  *,train_014674,../data/muharaf_prepared_resized/train/train_014674.png,Irrelevant / non-text,,**,2025-11-26T20:34:15
0.7142857142857143,FILIAL:,train_018113,../data/muharaf_prepared_resized/train/train_018113.png,Script mismatch (non-Arabic),,IL,2025-11-26T20:34:21
0.7142857142857143,فضل الله سلامه,train_018908,../data/muharaf_prepared_resized/train/train_018908.png,Segmentation error,,فضلاب,2025-11-26T20:34:39
0.7142857142857143,The Farm House,train_001236,../data/muharaf_prepared_resized/train/train_001236.png,Script mismatch (non-Arabic),,To a a,2025-11-26T20:34:44
0.7142857142857143,عضو ناىف واكىم,train_013491,../data/muharaf_prepared_resized/train/train_013491.png,Irrelevant / signature,,عضوا,2025-11-26T20:34:48
0.7083333333333334,لطوف فرح 	حنا خوري ناصيف,train_016687,../data/muharaf_prepared_resized/train/train_016687.png,Irrelevant / signature,,طوف  حو,2025-11-26T20:34:52
0.7083333333333334,Greeting from CopKennedy,train_010680,../data/muharaf_prepared_resized/train/train_010680.png,Script mismatch (non-Arabic),,in om Ca,2025-11-26T20:34:54
0.7058823529411765,Collège Stanislas,train_017990,../data/muharaf_prepared_resized/train/train_017990.png,Script mismatch (non-Arabic),,Moi Saoka,2025-11-26T20:34:56
0.7058823529411765,...تغره بزنم وتخلف ورزم وركدم ... فقدًا ازطرق ...رح أيام ... مصروف..,train_014927,../data/muharaf_prepared_resized/train/train_014927.png,Wrong transcription,,م م رم وبركم ا فقاً انروف مالة حن رقتة ا      .,2025-11-26T20:35:11
0.7037037037037037,رئيس البلدية ابراهىم الحىاط,train_013549,../data/muharaf_prepared_resized/train/train_013549.png,Irrelevant / signature,,ئسة البري  ن,2025-11-26T20:35:36
0.7027027027027027,I been trying to catch the song about,train_010722,../data/muharaf_prepared_resized/train/train_010722.png,Script mismatch (non-Arabic),,t to a e to th,2025-11-26T20:35:41
0.7,عدد ١ ص #١,train_018822,../data/muharaf_prepared_resized/train/train_018822.png,Segmentation error,,عدد,2025-11-26T20:36:44
0.7,٩٣١/ ١٠ ت١,train_005285,../data/muharaf_prepared_resized/train/train_005285.png,Segmentation error,,١٣٤ ١,2025-11-26T20:36:48
0.7,شهود الحال,train_016700,../data/muharaf_prepared_resized/train/train_016700.png,Wrong transcription,,ودل,2025-11-26T20:36:56
0.7,JEH2E1-411,train_007636,../data/muharaf_prepared_resized/train/train_007636.png,Script mismatch (non-Arabic),,YS2-42,2025-11-26T20:37:00
0.6956521739130435,نائب الرئيسَ شكري كنعان,train_014178,../data/muharaf_prepared_resized/train/train_014178.png,Irrelevant / signature,,ريسَ شن,2025-11-26T20:37:04
0.6923076923076923,عضو قيصر داغر,train_016469,../data/muharaf_prepared_resized/train/train_016469.png,Irrelevant / signature,,عضو حو,2025-11-26T20:37:07
0.6923076923076923,Ameen My Dear,train_001234,../data/muharaf_prepared_resized/train/train_001234.png,Script mismatch (non-Arabic),,Ao  Ca,2025-11-26T20:37:13
0.6923076923076923,الوجه السَابق,train_014270,../data/muharaf_prepared_resized/train/train_014270.png,Segmentation error,,الوج,2025-11-26T20:37:25
0.6875,٨ حزيران سنة ٩٣١,train_013629,../data/muharaf_prepared_resized/train/train_013629.png,Segmentation error,,١حزران,2025-11-26T20:37:31
0.6875,B.G. CONSTANTINE,train_000440,../data/muharaf_prepared_resized/train/train_000440.png,Script mismatch (non-Arabic),,BTATTN,2025-11-26T20:37:35
0.6875,لجنة الاصل سكرتر,train_016620,../data/muharaf_prepared_resized/train/train_016620.png,Segmentation error,,طبسة الري,2025-11-26T20:37:44
0.6875,JOSEPH F. SALAMI,train_018979,../data/muharaf_prepared_resized/train/train_018979.png,Script mismatch (non-Arabic),,FOS A M,2025-11-26T20:37:48
0.6875,الداعي مرشد حبشي,train_011833,../data/muharaf_prepared_resized/train/train_011833.png,Irrelevant / signature,,الداع,2025-11-26T20:37:50
0.6867469879518072,"١- كل مشروع خيري يعود لمجد الله ولخير الشعب, لا بدّ له من اشخاصٍ غُيُرِ متجردين ذوي",train_009894,../data/muharaf_prepared_resized/train/train_009894.png,Segmentation error,,ي جود الحيد الله وحتر الفي الادية ملن ا,2025-11-26T20:38:05
0.6842105263157895,se 7.30 nothing new,train_010688,../data/muharaf_prepared_resized/train/train_010688.png,Script mismatch (non-Arabic),,70 nht o,2025-11-26T20:38:09
0.6842105263157895,اخيك ايليا ابو ماضي,train_002310,../data/muharaf_prepared_resized/train/train_002310.png,Irrelevant / signature,,ابو ا ي,2025-11-26T20:38:14
0.6818181818181818,ليفورنو ٢٠ حزيران ١٩٢٤,train_018088,../data/muharaf_prepared_resized/train/train_018088.png,Segmentation error,,ليقودنو ٢,2025-11-26T20:38:18
0.6744186046511628,٢ اذار سنة ١٩٣٠ رئىس البلدية ابراهىم الحىاط,train_013520,../data/muharaf_prepared_resized/train/train_013520.png,Segmentation error,,١٢ - رئش البلدي ال,2025-11-26T20:38:22
0.6666666666666666,Mr Ameen Rihani,train_002936,../data/muharaf_prepared_resized/train/train_002936.png,Script mismatch (non-Arabic),,Mie an,2025-11-26T20:38:27
0.6666666666666666,دىب,train_005996,../data/muharaf_prepared_resized/train/train_005996.png,Valid but hard,,دل,2025-11-26T20:38:31
0.6666666666666666,ومنهم أهالي عانه ووففد ذلك منهم أنصاره نحو...,train_015093,../data/muharaf_prepared_resized/train/train_015093.png,Valid but hard,,هم ن و. وهم ن.ا. حو,2025-11-26T20:38:42
0.6666666666666666,2RUE LENOTRE,train_005995,../data/muharaf_prepared_resized/train/train_005995.png,Script mismatch (non-Arabic),,2 NE,2025-11-26T20:38:45
0.6666666666666666,عضو,train_015863,../data/muharaf_prepared_resized/train/train_015863.png,Segmentation error,,دعضم,2025-11-26T20:39:03
0.6666666666666666,Casa Principal:,train_020840,../data/muharaf_prepared_resized/train/train_020840.png,Script mismatch (non-Arabic),,Ca cp,2025-11-26T20:39:06
0.6666666666666666,SYRIAN ASSOCIATION,train_018607,../data/muharaf_prepared_resized/train/train_018607.png,Script mismatch (non-Arabic),,IN AOO,2025-11-26T20:39:18
0.6666666666666666,.... ليرة عين ياجميع مخارج جزئية وكلية زاد راحله سفر وحضرات اكل وشرب مراكل مرائية دوايّ واجاره منازل ....,train_014939,../data/muharaf_prepared_resized/train/train_014939.png,Valid but hard,,.      ة ي ورا اله سر وحضرا ك شر و       .,2025-11-26T20:39:36
0.6666666666666666,...,train_019499,../data/muharaf_prepared_resized/train/train_019499.png,Irrelevant / non-text,,.,2025-11-26T20:39:46
0.6666666666666666,7-6-17,train_019993,../data/muharaf_prepared_resized/train/train_019993.png,Script mismatch (non-Arabic),,117,2025-11-26T20:40:13
0.6666666666666666,PRES BEYROUTH (SYRIC),train_011690,../data/muharaf_prepared_resized/train/train_011690.png,Script mismatch (non-Arabic),,E EET SATR),2025-11-26T20:40:15
0.6666666666666666,4/4,train_011834,../data/muharaf_prepared_resized/train/train_011834.png,Script mismatch (non-Arabic),,4,2025-11-26T20:40:19
0.6666666666666666,شرانق؟...,train_014779,../data/muharaf_prepared_resized/train/train_014779.png,Valid but hard,,شفوافق؟,2025-11-26T20:40:23
0.6666666666666666,جورج داغر,train_013372,../data/muharaf_prepared_resized/train/train_013372.png,Irrelevant / signature,,جواد,2025-11-26T20:40:33
0.6666666666666666,14/5/2011,train_014490,../data/muharaf_prepared_resized/train/train_014490.png,Script mismatch (non-Arabic),,1/00,2025-11-26T20:40:41
0.6666666666666666,شهودات الحال,train_014191,../data/muharaf_prepared_resized/train/train_014191.png,Segmentation error,,ودات,2025-11-26T20:40:50
0.6666666666666666,LENINGRAD,train_002733,../data/muharaf_prepared_resized/train/train_002733.png,Script mismatch (non-Arabic),,LELD,2025-11-26T20:40:53
0.6666666666666666,وقت,train_001698,../data/muharaf_prepared_resized/train/train_001698.png,Valid but hard,,ورفت,2025-11-26T20:40:57
0.6666666666666666,REVUE (JUPITER),train_018977,../data/muharaf_prepared_resized/train/train_018977.png,Script mismatch (non-Arabic),,MERYITR),2025-11-26T20:41:01
0.6666666666666666,حىا,train_008443,../data/muharaf_prepared_resized/train/train_008443.png,Wrong transcription,,حص,2025-11-26T20:41:58
0.6666666666666666,Shibli N. Damus,train_001686,../data/muharaf_prepared_resized/train/train_001686.png,Script mismatch (non-Arabic),,Soi. m,2025-11-26T20:42:07
0.6666666666666666,(2),train_000412,../data/muharaf_prepared_resized/train/train_000412.png,Script mismatch (non-Arabic),,),2025-11-26T20:42:10
0.6666666666666666,علي,train_012489,../data/muharaf_prepared_resized/train/train_012489.png,Valid but hard,,بملي,2025-11-26T20:42:14
0.6521739130434783,عيني واهديك شوق مني جار,train_003824,../data/muharaf_prepared_resized/train/train_003824.png,Valid but hard,,وهو ووفي بار,2025-11-26T20:42:29
0.6521739130434783,بسمِ الله الرحمن الرحيم,train_002659,../data/muharaf_prepared_resized/train/train_002659.png,Valid but hard,,ي ا ل الر,2025-11-26T20:42:32
0.65,طفلتك الحبيبة مرغريت,train_003791,../data/muharaf_prepared_resized/train/train_003791.png,Segmentation error,,طعل الية,2025-11-26T20:42:39
0.65,ضاهر موسَى من كفيفان,train_014194,../data/muharaf_prepared_resized/train/train_014194.png,Segmentation error,,خار موسى,2025-11-26T20:42:42
0.65,يوسف داود الياس طرزا,train_015939,../data/muharaf_prepared_resized/train/train_015939.png,Irrelevant / signature,,يوسف دا,2025-11-26T20:42:46
0.6494845360824743,...ولجهة اطمينان دل مستاجر خودم حجر رحبعلي ولد أبو طالب صراف طهراني داكه اوساكنين كربلاد ... دولت,train_014929,../data/muharaf_prepared_resized/train/train_014929.png,Valid but hard,,م التان ولس با جزوم جر جعيل ولدا ب طل طرا ط و ا    ت,2025-11-26T20:42:51
0.6486486486486487,صيانة مصابيح الكهرباء والأناره العامة,train_012681,../data/muharaf_prepared_resized/train/train_012681.png,Segmentation error,,وصانية صايح البكربة,2025-11-26T20:43:07
0.6486486486486487,وبعدن جاء المونسينيور الوف عديدة فكان,train_020690,../data/muharaf_prepared_resized/train/train_020690.png,Valid but hard,,بعدن حاءاقط ال الديع,2025-11-26T20:43:12
0.6470588235294118,MK2A-77         ٢,train_012285,../data/muharaf_prepared_resized/train/train_012285.png,Script mismatch (non-Arabic),,MK2A-72,2025-11-26T20:43:37
0.6470588235294118,نائب رئيس بلدية كفرشيما شكري كنعان,train_014111,../data/muharaf_prepared_resized/train/train_014111.png,Irrelevant / signature,,رئي لبرين كرين,2025-11-26T20:43:40
0.6470588235294118,Ign. Kratchkovsky,train_002747,../data/muharaf_prepared_resized/train/train_002747.png,Script mismatch (non-Arabic),,Hoathovk,2025-11-26T20:43:43
0.6455696202531646,ارجوك بان تطمن اخي وشقيقتي وسَيديَّ العم والحبيبين اديب ويزبك وكفاة العائلة عنا,train_018715,../data/muharaf_prepared_resized/train/train_018715.png,Valid but hard,,و ن ن ي يننتية سي لعم المري الي وا   ل,2025-11-26T20:43:48
0.6453900709219859,من محكمه بداية قضا البترون يعرض على عزتلو قايمقام الافخم لكى غب اجراي يسَلم لكل فريق نسخة تحرراً فى ١٥ ربيع اول /٣٠٥ وفى ١٨ تشرين الثانى /٣٠٣,train_016227,../data/muharaf_prepared_resized/train/train_016227.png,Valid but hard,,ممن ة ن رة ا الى علعروى شريا الوا فم الكف البر ا اي السي اسَر ف ر و اى الاى الانة ٣٠٣,2025-11-26T20:43:52
0.6428571428571429,..............,train_014936,../data/muharaf_prepared_resized/train/train_014936.png,Wrong transcription,,... ..,2025-11-26T20:43:59
0.6428571428571429,(1) Ch-André Julien: Histoire de l’Afrique,train_000813,../data/muharaf_prepared_resized/train/train_000813.png,Script mismatch (non-Arabic),,1idé Jen ie ies ’qoe,2025-11-26T20:44:03
0.6428571428571429,في عامه السادس,train_012350,../data/muharaf_prepared_resized/train/train_012350.png,Valid but hard,,في  ا,2025-11-26T20:44:08
0.6428571428571429,رضاكم وبما يلزم خدم شرفو ولدكم واكرار لثم اناملكم ثانياً وثالثاً  فى ٢ اب ٩١٢                                                                   ولد سىادكم,train_008721,../data/muharaf_prepared_resized/train/train_008721.png,Valid but hard,,اكم يما يلكم خدم شروف ولكم واكرار لة اناملكم تابيا وثلنا ا ي السة٠ سدا,2025-11-26T20:44:11
0.6428571428571429,"Cartagena, (APARTADO, NO Q1)",train_020847,../data/muharaf_prepared_resized/train/train_020847.png,Script mismatch (non-Arabic),,"CamAPRa, N )",2025-11-26T20:44:14
0.6428571428571429,اكرر لثم اناملكم اول وثاني وثالث واطال الله ايام رياستكم  فى ٢٩ ت١ ٩١٤                                                                         مستمد الدعى,train_008699,../data/muharaf_prepared_resized/train/train_008699.png,Valid but hard,,اكرر ثم انا ملكم اول وثاني وثالث وكال الله يام دياستكم ف   نة,2025-11-26T20:44:18
0.6428571428571429,To your mother,train_010552,../data/muharaf_prepared_resized/train/train_010552.png,Script mismatch (non-Arabic),,To too,2025-11-26T20:44:21
0.6428571428571429,الحورى ىوسف حىا القىات   الحورى ىوسف مرعب     الحورى  الحورى ىوسف ىراهم   الحورى حىا الحورى موسى عصى القىىات الخورى بطرس حسن مىىات الحورى ىوسف الحاج مىىات,train_008481,../data/muharaf_prepared_resized/train/train_008481.png,Irrelevant / signature,,الىى لوى الوى اى الوى الوى ال  ا    ى     لى لمى اى اى اى ى اى الى ىان,2025-11-26T20:44:30
0.64,الفردوسي: صدقوا يا مولاي.,train_003230,../data/muharaf_prepared_resized/train/train_003230.png,Valid but hard,,الفردوسي:,2025-11-26T20:44:33
0.6363636363636364,نائب الرئيس شكري كنعان,train_014132,../data/muharaf_prepared_resized/train/train_014132.png,Irrelevant / signature,,ب اليس ن,2025-11-26T20:44:37
0.6363636363636364,"Berlin, W62",train_002904,../data/muharaf_prepared_resized/train/train_002904.png,Script mismatch (non-Arabic),,Be W,2025-11-26T20:44:44
0.6363636363636364,قرار رقم ٥٣,train_016561,../data/muharaf_prepared_resized/train/train_016561.png,Segmentation error,,عر قم,2025-11-26T20:44:49
0.6357142857142857,يوسف ابراهم                    ىوسف الياس                  ضاهر مسَوح                      انطوىىوس رومانوس   ابراهم ىوسف     جرجي عبود رفقه,train_009312,../data/muharaf_prepared_resized/train/train_009312.png,Irrelevant / signature,,فرسف اناهم. يوسف الباس خاهر مسَي نطوسارا الى                       رفه,2025-11-26T20:44:55
0.6333333333333333,نائب الرئيس البلدية شكري كنعان,train_013967,../data/muharaf_prepared_resized/train/train_013967.png,Irrelevant / signature,,١ ارب الريس    ن,2025-11-26T20:44:59
0.631578947368421,حـبه ١٢ قيراط عدد ٢,train_016434,../data/muharaf_prepared_resized/train/train_016434.png,Segmentation error,,عن ١٢ قداط,2025-11-26T20:45:02
0.631578947368421,"1920  ٢٥   شباط ,.NARBERTH, PA., U.S.A",train_000443,../data/muharaf_prepared_resized/train/train_000443.png,Script mismatch (non-Arabic),,"292٥  شباط ,N.,",2025-11-26T20:45:06
0.6307692307692307,ايها الحبيب لما كنت في رومية حررت لك واخبرتك عن تأخر سفري بسب عدم وجود محل في البابور وطلبتك الي ولكن بعد قليل من الزمن تيسر الامر,train_005649,../data/muharaf_prepared_resized/train/train_005649.png,Valid but hard,,يها ايا ا   ك واحابا من اخرين ني يسيب عديم وموكم في ا و و    ا ال لر,2025-11-26T20:45:16
0.6296296296296297,موشح     .    .    .    غزل,train_007371,../data/muharaf_prepared_resized/train/train_007371.png,Valid but hard,,مورشح .    ل,2025-11-26T20:45:27
0.627906976744186,٢ آذار سنة ١٩٣٠ رئىس البلدية ابراهىم الخىاط,train_013523,../data/muharaf_prepared_resized/train/train_013523.png,Segmentation error,,١  ٢ رس البلدية ال,2025-11-26T20:45:33
0.6274509803921569,روحه الاستقلالية عن السدة البطرسية، بل نعرف ان كلَّ,train_019701,../data/muharaf_prepared_resized/train/train_019701.png,Wrong transcription,,روحه الاستقلالية عن,2025-11-26T20:45:57
0.625,JPK2B-78			3		٣),train_008351,../data/muharaf_prepared_resized/train/train_008351.png,Script mismatch (non-Arabic),,JPK2-),2025-11-26T20:46:03
0.625,59 East Main St.,train_001688,../data/muharaf_prepared_resized/train/train_001688.png,Script mismatch (non-Arabic),,5  at t,2025-11-26T20:46:04
0.625,"du Nord, P. 500.",train_000814,../data/muharaf_prepared_resized/train/train_000814.png,Script mismatch (non-Arabic),,Weld P. 0,2025-11-26T20:46:10
0.625,دريافت ... حساب محرب ...,train_014917,../data/muharaf_prepared_resized/train/train_014917.png,Valid but hard,,ا . .اب حر,2025-11-26T20:46:27
0.625,يوم عشره,train_015176,../data/muharaf_prepared_resized/train/train_015176.png,Segmentation error,,يوعد,2025-11-26T20:46:32
0.625,JPK2B-78			4		٤),train_008377,../data/muharaf_prepared_resized/train/train_008377.png,Script mismatch (non-Arabic),,JPK2-),2025-11-26T20:46:35
0.625,Conkry -,train_018495,../data/muharaf_prepared_resized/train/train_018495.png,Script mismatch (non-Arabic),,Makry,2025-11-26T20:46:37
0.625,JPK2B-57							1,train_008185,../data/muharaf_prepared_resized/train/train_008185.png,Script mismatch (non-Arabic),,JPK2-1,2025-11-26T20:46:40
0.625,JPK2B-69				2	٢),train_008276,../data/muharaf_prepared_resized/train/train_008276.png,Script mismatch (non-Arabic),,JPK2-),2025-11-26T20:46:41
0.625,READY-MADE GOODS,train_011199,../data/muharaf_prepared_resized/train/train_011199.png,Script mismatch (non-Arabic),,ME DAE AOR,2025-11-26T20:46:43
0.625,حرر لولدكم كروجر,train_018171,../data/muharaf_prepared_resized/train/train_018171.png,Irrelevant / signature,,لوالدكم م,2025-11-26T20:46:48
0.6206896551724138,يراً فى ايلول ٢٩ منه سنه ١٨٣٩,train_014203,../data/muharaf_prepared_resized/train/train_014203.png,Segmentation error,,ى الول سنة ١,2025-11-26T20:46:59
0.6190476190476191,DIRECCIÓN TELEGRÁFICA,train_017933,../data/muharaf_prepared_resized/train/train_017933.png,Script mismatch (non-Arabic),,CORCÓN TEIE,2025-11-26T20:47:02
0.6176470588235294,حنا بو عسَاف            يوسف الياس,train_014214,../data/muharaf_prepared_resized/train/train_014214.png,Valid but hard,,ح   يوسف لياس,2025-11-26T20:47:06
0.6153846153846154,Atlantic City,train_001638,../data/muharaf_prepared_resized/train/train_001638.png,Script mismatch (non-Arabic),,Kalaicy,2025-11-26T20:47:09
0.6153846153846154,... اجتناب كنيم واكر ...انقضاء مدة شش ماه مذكور لازم شركة ربلد مشهوربعمل مزبور خانة باقي خانة بمانيم ...,train_014944,../data/muharaf_prepared_resized/train/train_014944.png,Valid but hard,,ي ك ر ان اقضا مدرة ثل ما مذور لزم شو بد و       ..,2025-11-26T20:47:16
0.6153846153846154,يوسَف عبدالله,train_018752,../data/muharaf_prepared_resized/train/train_018752.png,Segmentation error,,وسن عندم,2025-11-26T20:47:23
0.6153846153846154,هيكل سليم  موسَي غصن صورات,train_015852,../data/muharaf_prepared_resized/train/train_015852.png,Irrelevant / signature,,ي م موسَف ن,2025-11-26T20:47:35
0.6111111111111112,محاىل ضاهر واخوانه,train_009047,../data/muharaf_prepared_resized/train/train_009047.png,Irrelevant / signature,,محاىل حداكمم,2025-11-26T20:47:38
0.6111111111111112,thats ill I can get out of the whole,train_010726,../data/muharaf_prepared_resized/train/train_010726.png,Script mismatch (non-Arabic),,l  g go hf te wh,2025-11-26T20:47:44
0.6111111111111112,Rev Tail Ellis 000,train_010708,../data/muharaf_prepared_resized/train/train_010708.png,Script mismatch (non-Arabic),,Re Tl 0,2025-11-26T20:47:52
0.6111111111111112,SUPÉRIORAT GÉNÉRAL,train_005835,../data/muharaf_prepared_resized/train/train_005835.png,Script mismatch (non-Arabic),,SEPÉAT É,2025-11-26T20:47:53
0.6111111111111112,حليل يوسف نادر رعد,train_010887,../data/muharaf_prepared_resized/train/train_010887.png,Irrelevant / signature,,ليوسف ن,2025-11-26T20:47:56
0.6097560975609756,المحكمة فى ٢٨ ايلول /٣٠٣ فعليه تحرر بوصلتى احضار للغايبين وتعين لهما ميعاد الحضور نهار الاثنين الواقع فى ١٦ ت٢ / ٣٠٣ وفيه حضر احدهما عيسَى المعترض عليه واما المعترض,train_016209,../data/muharaf_prepared_resized/train/train_016209.png,Valid but hard,,الم ن  ٣   لي لحران اضر المغنين وتعاي لا معد الاواه ا الا ٣ ه ه ي ل ي الاعي اع المعض,2025-11-26T20:48:04
0.6086956521739131,ولد سىادتكم الخورى ىطرس,train_008735,../data/muharaf_prepared_resized/train/train_008735.png,Irrelevant / signature,,ود سادتكم,2025-11-26T20:48:07
0.6,رئيس مخالف,train_015336,../data/muharaf_prepared_resized/train/train_015336.png,Irrelevant / signature,,رئيس خاوسفينه,2025-11-26T20:48:23
0.6,كاتبه,train_015839,../data/muharaf_prepared_resized/train/train_015839.png,Valid but hard,,كانهم,2025-11-26T20:48:26
0.6,Drogaria Rapozo,train_018114,../data/muharaf_prepared_resized/train/train_018114.png,Script mismatch (non-Arabic),,Toia azon,2025-11-26T20:48:44
0.6,احوكم,train_005633,../data/muharaf_prepared_resized/train/train_005633.png,Valid but hard,,اجوع,2025-11-26T20:48:53
0.6,Montevideo,train_017931,../data/muharaf_prepared_resized/train/train_017931.png,Script mismatch (non-Arabic),,Morie,2025-11-26T20:48:56
0.6,حكومة,train_012562,../data/muharaf_prepared_resized/train/train_012562.png,Valid but hard,,هلومه,2025-11-26T20:49:00
0.6,JEH2F1-903,train_007704,../data/muharaf_prepared_resized/train/train_007704.png,Script mismatch (non-Arabic),,JEH22,2025-11-26T20:49:07
0.6,MALLUK HERMANOS,train_020838,../data/muharaf_prepared_resized/train/train_020838.png,Script mismatch (non-Arabic),,MARK TNO,2025-11-26T20:49:10
0.6,يوحنا,train_005925,../data/muharaf_prepared_resized/train/train_005925.png,Irrelevant / signature,,يوج,2025-11-26T20:49:16
0.6,UNION,train_018596,../data/muharaf_prepared_resized/train/train_018596.png,Script mismatch (non-Arabic),,IOL,2025-11-26T20:49:19
0.6,Meilleurs Voeux,train_019134,../data/muharaf_prepared_resized/train/train_019134.png,Script mismatch (non-Arabic),,Melr V,2025-11-26T20:49:59
0.6,غبتهو,train_014920,../data/muharaf_prepared_resized/train/train_014920.png,Valid but hard,,غب,2025-11-26T20:50:13
0.6,بتدين,train_005887,../data/muharaf_prepared_resized/train/train_005887.png,Valid but hard,,اتمتدين,2025-11-26T20:50:15
0.6,دريان,train_020154,../data/muharaf_prepared_resized/train/train_020154.png,Valid but hard,,ويا,2025-11-26T20:50:28
0.6,حلب في ٥ ت٢ سنة ٩٣١ الداعى لسيادتكم,train_005083,../data/muharaf_prepared_resized/train/train_005083.png,Valid but hard,,حلبها في ٥ ت٢ سن م,2025-11-26T20:50:37
0.6,خادم رعِة ضهر البلان,train_010165,../data/muharaf_prepared_resized/train/train_010165.png,Irrelevant / signature,,خادم رمي حر,2025-11-26T20:50:41
0.6,نفسه.,train_001957,../data/muharaf_prepared_resized/train/train_001957.png,Valid but hard,,فنفس,2025-11-26T20:50:45
0.6,13619,train_010673,../data/muharaf_prepared_resized/train/train_010673.png,Script mismatch (non-Arabic),,1110,2025-11-26T20:50:49
0.6,سَمو الدعا,train_005038,../data/muharaf_prepared_resized/train/train_005038.png,Valid but hard,,مسشمحد المعل,2025-11-26T20:50:56
0.6,FRANCIS HECHEME,train_005778,../data/muharaf_prepared_resized/train/train_005778.png,Script mismatch (non-Arabic),,MENAS EME,2025-11-26T20:51:03
0.6,Et SOUHAITS SINCERES,train_019132,../data/muharaf_prepared_resized/train/train_019132.png,Script mismatch (non-Arabic),,COUHIS SAE,2025-11-26T20:51:04
0.5986394557823129,حنا سمعان                     سمعان ولد سيادىكم                ولد سَيادتكم               ولد سيادتكم       ولد سَيادتكم               ولد سَيادتكم,train_009313,../data/muharaf_prepared_resized/train/train_009313.png,Irrelevant / signature,,حسَميان ولد سمعان ولد س وكان ولد ادم و ي ك                        سدكم,2025-11-26T20:51:10
0.5981308411214953,يوسف... از بغداد غريمت مملكت أمريكا وشهد شيكاغو غوبرويم ودارآغا يعمل مزبور تنظيمات وفنونات إيراني بنوع ....,train_014941,../data/muharaf_prepared_resized/train/train_014941.png,Valid but hard,,و    م كم ارا ر شما او ريم ودراخيا مل مزبو ونتيما وخضوا و    ن,2025-11-26T20:51:15
0.5957446808510638,الرابع من دار الصياد، وتجاوز مكتبينا، كنا نلتقي,train_014762,../data/muharaf_prepared_resized/train/train_014762.png,Wrong transcription,,و تخاوَه لكتبينا، كن نلتقتي,2025-11-26T20:51:29
0.5952380952380952,وهنا جميع اهل البيت يسلمون عليكم وعن المحل,train_020454,../data/muharaf_prepared_resized/train/train_020454.png,Valid but hard,,ضع لسمول علكم المحل,2025-11-26T20:51:37
0.5925925925925926,Hope you receive this pants,train_010695,../data/muharaf_prepared_resized/train/train_010695.png,Script mismatch (non-Arabic),,Ho o e he pa,2025-11-26T20:51:44
0.5925925925925926,Hotel du Nord &de Champagne,train_020572,../data/muharaf_prepared_resized/train/train_020572.png,Script mismatch (non-Arabic),,To d o de ha,2025-11-26T20:51:46
0.5909090909090909,بطرس البطرىرك الانطاكى,train_003372,../data/muharaf_prepared_resized/train/train_003372.png,Irrelevant / signature,,بطرى الطرار,2025-11-26T20:51:49
0.5909090909090909,LADIES FURNISHINGS AND,train_011198,../data/muharaf_prepared_resized/train/train_011198.png,Script mismatch (non-Arabic),,AIE FNNGS,2025-11-26T20:51:53
0.5897435897435898,في ١٥ ايلول /٩٨  عن سان انطونيو تكسَاسَ,train_018625,../data/muharaf_prepared_resized/train/train_018625.png,Valid but hard,,اليل سا عن سَانة المفي ساس,2025-11-26T20:52:20
0.5894736842105263,مرقوم اختيار بارا داسوكة ازقرار ماه دو ليرة مصارف أيام بشرح مذكور كما في السابق مجددًا مجرى ...,train_014925,../data/muharaf_prepared_resized/train/train_014925.png,Valid but hard,,م  ا ه را وديه اصار ف ايام بر مذكور مان السَيا مجد,2025-11-26T20:52:22
0.5882352941176471,نمرو ٤٤ قيراط ٣ حبه ١٢ يحدها قبلةً ملك الخورى انطانيوس عريضى وطنوسَ متى وشرقاً وشمالاً طريق وغرباً ملك غطاسَ بطرسَ ابى الياسَ تركة حنا المدعى عليه بالباقى متصلة له بالارث,train_016113,../data/muharaf_prepared_resized/train/train_016113.png,Valid but hard,,قر ٣٤ ٤  ل لا الا الطار انرورن نطسى روى من اشرقا وشمالا اريق قا مام طر ارا الال الل الل اللى ال الا الات,2025-11-26T20:52:30
0.585635359116022,الصحيفة العاشرة وجاهياً قابلاً التمييز وغير قابل الاسَتئناف تبلغ للفريقين مواجهة علانية بتاريخ ٢٠ ربيع اول ٣٠٥ و ٢٣ ت٢ ٣٠٣ ولاجله تحرر هذا الاعلام نسَختين من محكمة بداية قضا البترون,train_016338,../data/muharaf_prepared_resized/train/train_016338.png,Valid but hard,,الية الصية ااً اً وا الاً لري الغا السَتا بل لفرين واجة علاية بار ٣ ولن ٣ ا ا ا ال ا ال اة رون,2025-11-26T20:52:33
0.5833333333333334,مزبور وحضور شهود عدول محرّر وومهور كرديدواين ورقة بمنزلة اجير نا... قلم نموديم مه عند الحاج ....,train_014933,../data/muharaf_prepared_resized/train/train_014933.png,Valid but hard,,ر ور وحود د عل محر مخورويد اين ورقدر ابزه زريا  م     .,2025-11-26T20:52:37
0.5833333333333334,عبدالله صفير,train_004452,../data/muharaf_prepared_resized/train/train_004452.png,Valid but hard,,عين الله حرق,2025-11-26T20:52:45
0.5833333333333334,JPK2B-96			3,train_007876,../data/muharaf_prepared_resized/train/train_007876.png,Script mismatch (non-Arabic),,JPK2-2,2025-11-26T20:52:48
0.5833333333333334,-٧- BEK1A-27,train_003539,../data/muharaf_prepared_resized/train/train_003539.png,Script mismatch (non-Arabic),,EH1A-7,2025-11-26T20:52:49
0.5833333333333334,QAJE3G_49 16,train_015788,../data/muharaf_prepared_resized/train/train_015788.png,Script mismatch (non-Arabic),,QAJ2G_02,2025-11-26T20:52:51
0.5833333333333334,كاتب سعد طنوس سعد كفرعقا,train_016394,../data/muharaf_prepared_resized/train/train_016394.png,Irrelevant / signature,,عد نوس سعد,2025-11-26T20:52:53
0.5833333333333334,وبيوم الحساب,train_006303,../data/muharaf_prepared_resized/train/train_006303.png,Valid but hard,,وبيوم,2025-11-26T20:52:56
0.5833333333333334,سَمد الدعا اولاد سيادتكم,train_009046,../data/muharaf_prepared_resized/train/train_009046.png,Irrelevant / signature,,اسَمد الاا م,2025-11-26T20:53:00
0.5833333333333334,٣ BEK2A-11 3,train_003748,../data/muharaf_prepared_resized/train/train_003748.png,Script mismatch (non-Arabic),,EA2A-12,2025-11-26T20:53:05
0.5833333333333334,مطرانية طرابلس المارونية,train_010127,../data/muharaf_prepared_resized/train/train_010127.png,Valid but hard,,مرني طر ال,2025-11-26T20:53:09
0.5806451612903226,حادم صهر الىلان             حسن,train_008875,../data/muharaf_prepared_resized/train/train_008875.png,Valid but hard,,حادم حهر البلان,2025-11-26T20:53:17
0.5789473684210527,"MANNINGTON, W. VA.,",train_011117,../data/muharaf_prepared_resized/train/train_011117.png,Script mismatch (non-Arabic),,"Mano, W. V,",2025-11-26T20:53:21
0.5789473684210527,٤٧٢ مع كافة الاوراق,train_016410,../data/muharaf_prepared_resized/train/train_016410.png,Valid but hard,,مف الاودران,2025-11-26T20:53:38
0.5789473684210527,نومرو ٦٥ خمسة وستين,train_015380,../data/muharaf_prepared_resized/train/train_015380.png,Valid but hard,,ن ٢ ة وسي,2025-11-26T20:53:42
0.5771428571428572,الاف وماية وثلاثين قرشاً وربع وتاجلت الجلسَة لنهار الاثنين القادم الواقع  فى ٢٢ ت٢ ٣٠٣ فيه حضر الفريقين وسئل امين  المحرر عما يجيبه على دعوى المعترض عليه فلم يجيب بشى اما وكيل,train_016324,../data/muharaf_prepared_resized/train/train_016324.png,Valid but hard,,الري و وة وت را اجه الجَة نهار الاتيمن القادم الواقف ى ت ا ا ا ل ع الع ع ع ع علي لي كيل,2025-11-26T20:53:46
0.5757575757575758,NO OTHER ENVELOPE SHOULD BE USED.,train_003492,../data/muharaf_prepared_resized/train/train_003492.png,Script mismatch (non-Arabic),,NOH EE S BE UD,2025-11-26T20:53:48
0.5747126436781609,الآحاد ولكنني لا أعلم إلى أيُّ وقتٍ تبقى في البلاد فزدني علماً بتحرير شقيقكم ودمتم وديع,train_011897,../data/muharaf_prepared_resized/train/train_011897.png,Valid but hard,,ا   الى أي ونتي بير في البار ورون عا م شكم وم و,2025-11-26T20:53:57
0.5747126436781609,ولم يتكلمو بشى والتمن اربعماية وخمسَون قرش وفى ١٧ ربيع تانى سنة ٩٩ وفى ٢٢ شباط سنة ٩٧ حضر كل من دانيال شيت المدعى ولحود المدعى عليه وقرر لحود المرقوم ان القطعة المدعاة هى ملك,train_016160,../data/muharaf_prepared_resized/train/train_016160.png,Valid but hard,,ولمكميم وميم اليا الان سان ى ى ٢ بطسَة ٩ ض كلمنه رال ثي المدى الدى عل وى المو المرور المقورق المقع المام مك,2025-11-26T20:54:01
0.5714285714285714,ت١ ١٩٢٦,train_020173,../data/muharaf_prepared_resized/train/train_020173.png,Valid but hard,,ت٩٢,2025-11-26T20:54:05
0.5714285714285714,عدد ١٠٠,train_013757,../data/muharaf_prepared_resized/train/train_013757.png,Segmentation error,,عد٠,2025-11-26T20:54:08
0.5714285714285714,CONAKRY,train_018347,../data/muharaf_prepared_resized/train/train_018347.png,Script mismatch (non-Arabic),,CAR,2025-11-26T20:54:11
0.5714285714285714,21.5.21,train_020269,../data/muharaf_prepared_resized/train/train_020269.png,Script mismatch (non-Arabic),,1.58,2025-11-26T20:54:17
0.5714285714285714,RÉP. LIBANAISE,train_005834,../data/muharaf_prepared_resized/train/train_005834.png,Script mismatch (non-Arabic),,PO ANAE,2025-11-26T20:54:19
0.5714285714285714,téléph.: 44/70,train_003469,../data/muharaf_prepared_resized/train/train_003469.png,Script mismatch (non-Arabic),,Eélh. 7,2025-11-26T20:54:22
0.5714285714285714,JPK2B-42 	4	٤),train_008044,../data/muharaf_prepared_resized/train/train_008044.png,Script mismatch (non-Arabic),,JPK2-),2025-11-26T20:54:28
0.5714285714285714,COLLÈGE,train_005992,../data/muharaf_prepared_resized/train/train_005992.png,Script mismatch (non-Arabic),,COÈ,2025-11-26T20:54:33
0.5714285714285714,JPK2B-42 	2	(٢,train_007986,../data/muharaf_prepared_resized/train/train_007986.png,Script mismatch (non-Arabic),,JPK2-4),2025-11-26T20:54:36
0.5714285714285714,ARABIC WEEKLY JOURNAL,train_001684,../data/muharaf_prepared_resized/train/train_001684.png,Script mismatch (non-Arabic),,AC WEL JNE,2025-11-26T20:54:43
0.5714285714285714,العنيسي,train_018090,../data/muharaf_prepared_resized/train/train_018090.png,Valid but hard,,الع,2025-11-26T20:54:46
0.5696969696969697,ومشتملاته وما يعرف اليه وينسَب به شرعاً من حقوق ظاهره ومنافع باطنه بتمن قدره اربعماية مضمون منها عملة بندر طرابلوسَ وقتيذٍ مقبوض تماماً فيه الشارى المذكور ليدنا كلاً,train_016172,../data/muharaf_prepared_resized/train/train_016172.png,Valid but hard,,وشه وه ويه يه يه سا ا قطر امه من بر من قدره ابربعاية وخضسَن فرا مة بن الوَ بن  من ال  ور  كلاً,2025-11-26T20:55:01
0.569620253164557,فايض عن القيمة المدونة عن سَنة وسَبعة اشهر من تاريخ الغصب اخر تشرين الثانى سنة ٨٧ ١٤٢٢ من قراية الاستئناف ٣٧٢ صاغ بكون جزاه ٤٥٠ مصارفات السَفر الى بعبدا بدعوى,train_016318,../data/muharaf_prepared_resized/train/train_016318.png,Valid but hard,,فية اليضة المة المومة سعة سَعة لتر اري الخي اى ارى ترين الثا ٣ ارية التان ٣ بلك ا ا ا ال الد عوى,2025-11-26T20:55:04
0.5681818181818182,"ثانياً فى التحرر نفسَه تقول : "" بما ان طبع المذكور (الخورى) هو حقود وحالاً تحزب ضد الرهبان ولكن بما انه لا يليق به ان يضع ذلته بينهم",train_005698,../data/muharaf_prepared_resized/train/train_005698.png,Valid but hard,,ا ا الى اة ة وباما اعن المذكور الخرى اهو حسود وصلاًتحد حين الراه والن ون   ه تهم,2025-11-26T20:55:07
0.5666666666666667,مكررين قبلات انامكم المقدسَة ايها السَيد الجليل                                                              ولد سَادىكم,train_008793,../data/muharaf_prepared_resized/train/train_008793.png,Valid but hard,,مل     ا ا ا ا ا ا ا ا               ي قبلات انامك افقدسة ايها السَيد الج                                دكم,2025-11-26T20:55:10
0.5625,عضو يوسف سعد حرب,train_016470,../data/muharaf_prepared_resized/train/train_016470.png,Irrelevant / signature,,عضو حسن ر,2025-11-26T20:55:19
0.5625,FOLD SIDES OVER AND THEN FOLD BOTTOM UP AND SEAL,train_003491,../data/muharaf_prepared_resized/train/train_003491.png,Script mismatch (non-Arabic),,FO S E OE FD EN F BTM UU,2025-11-26T20:55:21
0.5625,الى القلم ١٢ منه,train_015756,../data/muharaf_prepared_resized/train/train_015756.png,Valid but hard,,الى الصم,2025-11-26T20:55:30
0.5625,JPK2B-96			5		٣),train_007902,../data/muharaf_prepared_resized/train/train_007902.png,Script mismatch (non-Arabic),,JPK2-5),2025-11-26T20:55:34
0.5625,JPK2B-78			٢)		2,train_008326,../data/muharaf_prepared_resized/train/train_008326.png,Script mismatch (non-Arabic),,JPK2-7),2025-11-26T20:55:40
0.5595238095238095,ورضا خاطر ...يا إضافة آزان بقدر اقتضاى وقت مصلحت دربلد مشهور بعمل مزبور كاركنيم ....,train_014942,../data/muharaf_prepared_resized/train/train_014942.png,Valid but hard,,وضر   يا اضه ان قدر اقضال وقت صحت ب      ..,2025-11-26T20:55:44
0.5581395348837209,عبد الحاج في ٨ تشرين الأول ١٩١٥ نهار الجمعة,train_020436,../data/muharaf_prepared_resized/train/train_020436.png,Valid but hard,,عد الجاع في ٨ ت سنة   ال,2025-11-26T20:55:54
0.5555555555555556,طبق مسَودة باشكاتب,train_016108,../data/muharaf_prepared_resized/train/train_016108.png,Valid but hard,,ليق سورتة ما نكات,2025-11-26T20:55:58
0.5555555555555556,POST CARD,train_010681,../data/muharaf_prepared_resized/train/train_010681.png,Script mismatch (non-Arabic),,SO CA,2025-11-26T20:56:01
0.5555555555555556,عرىر حورى,train_004268,../data/muharaf_prepared_resized/train/train_004268.png,Irrelevant / signature,,ع جوري,2025-11-26T20:56:09
0.5555555555555556,عضو اسعد طنوس سلوم,train_016534,../data/muharaf_prepared_resized/train/train_016534.png,Irrelevant / signature,,عضو ود عس ر,2025-11-26T20:56:12
0.5555555555555556,5 -5 - 15,train_019752,../data/muharaf_prepared_resized/train/train_019752.png,Script mismatch (non-Arabic),,57 - 5 -7,2025-11-26T20:56:14
0.5555555555555556,280 /2019,train_014195,../data/muharaf_prepared_resized/train/train_014195.png,Script mismatch (non-Arabic),,22 /22,2025-11-26T20:56:16
0.5555555555555556,LENINGRAD - Russie,train_002709,../data/muharaf_prepared_resized/train/train_002709.png,Script mismatch (non-Arabic),,CANNGD - is),2025-11-26T20:56:20
0.5555555555555556,عدد ٤٤ ١٠/١٦ / ٩٣٤,train_012640,../data/muharaf_prepared_resized/train/train_012640.png,Segmentation error,,عد ٤ ١/٩٦,2025-11-26T20:56:23
0.5555555555555556,ME-   221,train_011240,../data/muharaf_prepared_resized/train/train_011240.png,Script mismatch (non-Arabic),,ME-1,2025-11-26T20:56:26
0.5555555555555556,ودمتم لولدكم كروجر,train_018201,../data/muharaf_prepared_resized/train/train_018201.png,Irrelevant / signature,,م ولدكم م,2025-11-26T20:56:44
0.5555555555555556,Direction,train_003467,../data/muharaf_prepared_resized/train/train_003467.png,Script mismatch (non-Arabic),,DAtin,2025-11-26T20:56:47
0.5555555555555556,محاىل ضاهر واحواىه,train_008417,../data/muharaf_prepared_resized/train/train_008417.png,Irrelevant / signature,,محامل حوا,2025-11-26T20:57:01
0.5555555555555556,"Bought of MODI & K. JOSEPH,",train_010758,../data/muharaf_prepared_resized/train/train_010758.png,Script mismatch (non-Arabic),,Boo D & JK. JH,2025-11-26T20:57:06
0.5535714285714286,ويساعد لمن لا ينساكم                              المخلص,train_016915,../data/muharaf_prepared_resized/train/train_016915.png,Valid but hard,,ويساعد لمن لا ينساكم المل,2025-11-26T20:57:12
0.5520833333333334,...عبد الرحيم ورعرض مدة مذكور موافق إرادة يوسف... ورفتار دو تخلّف ورزيد منك حصة ... رستم از عهده,train_014931,../data/muharaf_prepared_resized/train/train_014931.png,Valid but hard,,الرع الري رضة ضدة مكور واق اراة وسف وشرفات ركم و       ده,2025-11-26T20:57:19
0.5517241379310345,فى ١٠ ك٢ ٩١١ محاىل ضاهر  واخو,train_008917,../data/muharaf_prepared_resized/train/train_008917.png,Segmentation error,,ففى ١ ك٢ ١٩ محال,2025-11-26T20:57:22
0.5517241379310345,Cher Assad Darouich Zacharias,train_017979,../data/muharaf_prepared_resized/train/train_017979.png,Script mismatch (non-Arabic),,Hrede ruih Zahais,2025-11-26T20:57:25
0.5508474576271186,الحصص وقدرها ٣٧ ... وقد دفعنا ايضاًأ قيمة تلغراف المطروق بخصوص سفركم ٢٢ ... فصار مجمل ٥٩ ... ومع فرق مجيدي ... فقيدوها,train_014969,../data/muharaf_prepared_resized/train/train_014969.png,Valid but hard,,الح      دا ايضا مية لاف المطروق البخوص سفركم عن ن . ا        .ا,2025-11-26T20:57:49
0.55,252 Haverford Avenue,train_000442,../data/muharaf_prepared_resized/train/train_000442.png,Script mismatch (non-Arabic),,25vrd Mvnu,2025-11-26T20:57:52
0.55,ولد سيادتكم                   انطانيوس الياس             ولد سيادىكم                        ولد سيادتكم      ىوسف جرجس     ابراهيم حبيب خطار,train_009314,../data/muharaf_prepared_resized/train/train_009314.png,Valid but hard,,ولد سيادتكم انطاندي الاس ولد سيادتكم  ولسيد سيادتكم جروس ابراهيم جبيب خارر,2025-11-26T20:58:04
0.5492957746478874,كانت تترجم كلماتي وسؤالاتي لزوجها باللغة الاسبانية ثم تترجك بالانكليزية,train_001171,../data/muharaf_prepared_resized/train/train_001171.png,Segmentation error,,ال م الاي وسالوني نروجه بلقة الساية   ة,2025-11-26T20:58:10
0.5487804878048781,ايها السَيد الجليل والراعي العلامة الغيور النبيل ايد الله ايام رياسَته مدى الدوران,train_008928,../data/muharaf_prepared_resized/train/train_008928.png,Valid but hard,,سي والي والي المادة القير البل البعله البرية س ا ا اله,2025-11-26T20:58:15
0.5483870967741935,رئيسَ بلدية كفرشيما نعوم القارح,train_014181,../data/muharaf_prepared_resized/train/train_014181.png,Irrelevant / signature,,رئيس بلدية كترش,2025-11-26T20:58:19
0.5470085470085471,اذا اردتم الفحص يكون ان حسَن غيب حضرة الاب الخورى مخايل الذريبي                                           ولد سَيادىم,train_008997,../data/muharaf_prepared_resized/train/train_008997.png,Valid but hard,,ا     ح                                           سدم,2025-11-26T20:58:26
0.5454545454545454,جناب اخونا الشيخ يوسف عبد الله لحود دام بقاه,train_018590,../data/muharaf_prepared_resized/train/train_018590.png,Valid but hard,,بين اخونا البيم يو فل حم م هم,2025-11-26T20:58:28
0.5454545454545454,روبير كنعان,train_013374,../data/muharaf_prepared_resized/train/train_013374.png,Irrelevant / signature,,ادير كنيفات,2025-11-26T20:58:32
0.5454545454545454,JPK2B-53		١,train_008103,../data/muharaf_prepared_resized/train/train_008103.png,Script mismatch (non-Arabic),,JPK2-1,2025-11-26T20:58:52
0.5454545454545454,قبلت البيع احالة خليل سابا جبرايل,train_016716,../data/muharaf_prepared_resized/train/train_016716.png,Valid but hard,,قبلت البيع احالت,2025-11-26T20:58:58
0.5454545454545454,Editor and Proprietor.,train_001687,../data/muharaf_prepared_resized/train/train_001687.png,Script mismatch (non-Arabic),,Aréir. and ropiaes.,2025-11-26T20:59:01
0.5454545454545454,JEH2E1-3010,train_007607,../data/muharaf_prepared_resized/train/train_007607.png,Script mismatch (non-Arabic),,JEH2-2,2025-11-26T20:59:06
0.5454545454545454,١٣٤٣ ١٠ صفر,train_002457,../data/muharaf_prepared_resized/train/train_002457.png,Segmentation error,,١٣٤ ر,2025-11-26T20:59:09
0.5454545454545454,لسيادتكم فى ١٢ ك٢ ١٩١٩,train_009093,../data/muharaf_prepared_resized/train/train_009093.png,Irrelevant / signature,,سيادك ٢ ١٩٣١,2025-11-26T20:59:12
0.5454545454545454,شحادي بربور,train_013236,../data/muharaf_prepared_resized/train/train_013236.png,Valid but hard,,بشاي بديو,2025-11-26T20:59:16
0.5454545454545454,ان وجدتم موافق تحرير لقنصل فرنسَا بالمسَاعدة تكرموا بهِ,train_008854,../data/muharaf_prepared_resized/train/train_008854.png,Valid but hard,,انم واات فري القل فرسَ باعد ع هه,2025-11-26T20:59:20
0.5454545454545454,حتى فتح عيونو مارون ودبدب ومشي وكِبر وتثبَّت,train_012338,../data/muharaf_prepared_resized/train/train_012338.png,Valid but hard,,مابو ومشي وكبر وتثبّت,2025-11-26T20:59:43
0.5432098765432098,سَبعة وعشرين سَنة وهذا المبيع قطعة ارض سَليخ بخراج قرية بقرقاشا بمحل المدعو بعل البحيص واقعة تحت نمرو ٩٩٤ قدر مسَاحتها قيراط ١ حبه ٢ يحدها من الاربع جهات قبلة ملك,train_016150,../data/muharaf_prepared_resized/train/train_016150.png,Valid but hard,,سَعة عة وعة وة لاع الاع ل ع شرة خربة قية قرا محل المدع بعل البجيى واقعة ت  ف ر ارا    ه ااه ل,2025-11-26T21:00:20
0.5423728813559322,من اجدادنا كامل القطعة الارض الشهيرة فى البحيص بخراج قرية بقرقاشا الجارية مسَاحتها نمرو ٩٩٤ قيراط ١ حبه ١٢ ارض سَليخ منها قسَم معد لزراعة الحبوب وباقيها متروك بدون زراعه يحد ذلك,train_016128,../data/muharaf_prepared_resized/train/train_016128.png,Valid but hard,,با ذان الا ل ا ل ي ي احري حرية بر قراً الاية ستاه سمد ١ ط ١ ارض سَليم منه س معد راه بوب باه مكن  ه ذلك,2025-11-26T21:00:24
0.5412844036697247,١١ شن الغارة على ابراهم يواسف ابراهيم عبدالله واخده اسيراً وبقي كذلك الى ان استرده مدير الهرمل ولولاه كان هلك,train_008662,../data/muharaf_prepared_resized/train/train_008662.png,Valid but hard,,ا ال ال يه بي ارارهم عبه واخذ الرياً وقي ذلك الى اتر ه ال ا   ك,2025-11-26T21:00:28
0.541095890410959,خليل مشرف الحداد عشرون قرشاً اجرة لايحة جوابية على حق افندى الباحوط وكيل امين يعقوب عيسَى ٤٥٢ اجرة موكله المستر هرون حضوره مرتين الى محكمة البترون,train_016321,../data/muharaf_prepared_resized/train/train_016321.png,Valid but hard,,في الل الر الش ش شا اجه جاية على قا فذدى الباو وكي الي بعو بع ٤ ره الممة الموة الرورة ا اية الية الكون,2025-11-26T21:00:32
0.54,ان حضرتكم وسَيدي الوالد ونحن بيت واحد والموفق الله,train_010880,../data/muharaf_prepared_resized/train/train_010880.png,Segmentation error,,حركة اي الاوه ولفنوية واحد والاف,2025-11-26T21:00:37
0.5394736842105263,لا لزوم لاعيد الشكر بعد التحرير كمرسل طيه لديلور والذي لا شك ستقرأينه. فالله,train_010584,../data/muharaf_prepared_resized/train/train_010584.png,Valid but hard,,م م  شير عد التحرير ركي خي يليله والذي م ة واه,2025-11-26T21:00:41
0.5391304347826087,في اليوم الرابع عشر من شهر ايار سنة ٩٢٤ تسعامية واربعة وعشرين حضر لمكتبي في اميون انا كاتب عدل قضاء الكوره سعد طنوس,train_016386,../data/muharaf_prepared_resized/train/train_016386.png,Valid but hard,,في ال الر الر   ٩ ي والربو عشرين حضر مكي ي اليون انا ا    وسى,2025-11-26T21:00:58
0.5384615384615384,٢٢ ش سنة ١٩٣٤,train_004575,../data/muharaf_prepared_resized/train/train_004575.png,Valid but hard,,٢ ت٢  ١٩٣٧,2025-11-26T21:01:02
0.5384615384615384,MG31-101  2/3,train_012160,../data/muharaf_prepared_resized/train/train_012160.png,Script mismatch (non-Arabic),,MG6-102,2025-11-26T21:01:05
0.5384615384615384,ولد سيادتكم                          ولد سيادكم                ولد سيادكم                    ولد سيادتكم                 ولد سيادتكم             ولد سيادتكم,train_009311,../data/muharaf_prepared_resized/train/train_009311.png,Valid but hard,,وقد سيادتك  ولد سادكم   ولد سيادكم   ولد ديادك   ل يد                     سد اداودا يدَتم,2025-11-26T21:01:15
0.5384615384615384,ANGEL GABRIEL,train_017926,../data/muharaf_prepared_resized/train/train_017926.png,Script mismatch (non-Arabic),,NAGL GATE,2025-11-26T21:01:19
0.5384615384615384,"SHINNSTON, W. VA., U.S.A.,",train_011203,../data/muharaf_prepared_resized/train/train_011203.png,Script mismatch (non-Arabic),,"SANO, W. V. .",2025-11-26T21:01:21
0.5384615384615384,عضو نجيب عبود,train_016621,../data/muharaf_prepared_resized/train/train_016621.png,Irrelevant / signature,,عضو  بمو,2025-11-26T21:01:24
0.5384615384615384,يونيك ف ١١ ك٢,train_003482,../data/muharaf_prepared_resized/train/train_003482.png,Valid but hard,,يوني ف,2025-11-26T21:01:34
0.5384615384615384,وديع سليم كرم,train_005894,../data/muharaf_prepared_resized/train/train_005894.png,Irrelevant / signature,,ويوسيكم م,2025-11-26T21:01:39
0.5376344086021505,حسَب امركم الكريم عدد ١٨٥ المورخ فى ٣٠ حزيران سنة ٩٣١ الحاقاً بكتاب عدد ١٢٠ المورخ فى ٢٢ ايار,train_013612,../data/muharaf_prepared_resized/train/train_013612.png,Valid but hard,,حس كم المكريم ٣ القرخ ف ٢٠ حزيران سنة ٩ الماً باي,2025-11-26T21:01:48
0.5375722543352601,والاعتراض والاسَتئناف والتمييز والتوكيل وحضر معه لحود وطوبيا بولسَ البحرى وطنوسَ وجبرايل ابن عيسَى شمشوم وسَئل لحود المرقوم عن ممات الخورى يوسَف المحرر فاجاب لا يعلم سَئل هل,train_016177,../data/muharaf_prepared_resized/train/train_016177.png,Valid but hard,,والاعررا الا الا ال الي ولوي ورو ورو وب بس الجرس طوسَ جراي ابي شر شول الموم المو المور الماورى ا ا ا س ل,2025-11-26T21:01:50
0.5365853658536586,مصروفنا ليس اخذنا من الخوري .. وعطاه نجيب,train_015191,../data/muharaf_prepared_resized/train/train_015191.png,Valid but hard,,رفنا . اخدنا هامن الوة ط.ي .. ب,2025-11-26T21:01:56
0.5357142857142857,de L'Ordre Libanais Maronite,train_005836,../data/muharaf_prepared_resized/train/train_005836.png,Script mismatch (non-Arabic),,L're Lbins Mai,2025-11-26T21:01:59
0.5344827586206896,تشليح جرجس يوسف قطفه كان ذاهباً لمركز القضا بتحريرات اخبار بحالتنا بوادي الاسطوان تجاه المجدل ريالين مجيدي وملبوساته,train_008603,../data/muharaf_prepared_resized/train/train_008603.png,Valid but hard,,ساي ي وع وقافه ان اً كلة الرضا بتحرات اخبار حا يري السان به اه اج ه و وت,2025-11-26T21:02:03
0.5340909090909091,من كونها علماً بدأ يصير فنّا وتخصّصا:                              فالمحرر الاول، الانشط,train_003723,../data/muharaf_prepared_resized/train/train_003723.png,Valid but hard,,من كونها علمًا بدأ يصير فنا وتخصّصا :   ال  طك,2025-11-26T21:02:07
0.5333333333333333,يا عزيزي الأمين,train_001283,../data/muharaf_prepared_resized/train/train_001283.png,Valid but hard,,مزري الاميسن,2025-11-26T21:02:12
0.5333333333333333,المحل بانه مساعدتي كتابة ميشال,train_020496,../data/muharaf_prepared_resized/train/train_020496.png,Valid but hard,,ل ما معاع كفاية ال,2025-11-26T21:02:15
0.5333333333333333,من دايرة الحقوق الاسَتئنافيه بتاريخ ٢٧ ذى القعده ٣٠٤ وفى ٤ اغوسَتوسَ ٣٠٣ حاصله انه بعد روية دعوى الصلاحية اسَتئنافاً قررت الدايره الموماليها باتفاق الاراء بان الدعوى,train_016315,../data/muharaf_prepared_resized/train/train_016315.png,Valid but hard,,منة الية القاين ان ا  لى الدوى ١٢ ١٢٩ وستو ن حاصه ان بع روة عود الاة التا الارار الا الا الا الا الابوى,2025-11-26T21:02:20
0.5333333333333333,never could get it all I only get three words,train_010723,../data/muharaf_prepared_resized/train/train_010723.png,Script mismatch (non-Arabic),,o rol get itl tal gt ge hee w,2025-11-26T21:02:23
0.5333333333333333,الخوري لويس غصن,train_010078,../data/muharaf_prepared_resized/train/train_010078.png,Irrelevant / signature,,لخورى بلوس,2025-11-26T21:02:48
0.5333333333333333,JPK2B-45 	2		٢),train_008093,../data/muharaf_prepared_resized/train/train_008093.png,Script mismatch (non-Arabic),,JPK2-4),2025-11-26T21:02:51
0.53125,"Cable Address: ""NAJEEB"" New York",train_002319,../data/muharaf_prepared_resized/train/train_002319.png,Script mismatch (non-Arabic),,CelAdedes: NE Nw Y,2025-11-26T21:02:55
0.5306122448979592,عصو                    عصو                    رىس,train_016332,../data/muharaf_prepared_resized/train/train_016332.png,Valid but hard,,عصو     عصو           س,2025-11-26T21:02:58
0.5306122448979592,اخيرًأ تلاث غرف في hotel du nord كل غرفة تخت واحد,train_020521,../data/muharaf_prepared_resized/train/train_020521.png,Valid but hard,,ا ثلات غرف في   كل غرفة التح هو,2025-11-26T21:03:03
0.5294117647058824,وذكيه وفكتوريا كل واحدة قدر الالوف,train_020563,../data/muharaf_prepared_resized/train/train_020563.png,Valid but hard,,اليع وقلق يا كل واهت م الو الوفم,2025-11-26T21:03:05
0.5277777777777778,بونكاره والمارشاليه جوفر وفوش وبيتان,train_020710,../data/muharaf_prepared_resized/train/train_020710.png,Valid but hard,,ور  ارش ليه صومر وفريس وجباتينا,2025-11-26T21:03:11
0.5273972602739726,ولد سىادكم             ولد سىادكم      ولد سَيادتكم      ولد سىادكم      ولد سَيادكم        ولد سَيادكم     ولد سَيادكم                ولد سَيادكم,train_008480,../data/muharaf_prepared_resized/train/train_008480.png,Valid but hard,,ووسادكم ودادم ويسَاتكم ولد ارم                                      داداي يَدام,2025-11-26T21:03:15
0.5241379310344828,ولد سيادتكم مطانيوس حبقا       سمعان حبقا        حبىب كرم       عرىر  قديح                      بشارة                            ولد سيادتكم يوسف,train_009315,../data/muharaf_prepared_resized/train/train_009315.png,Valid but hard,,يد سيادتك م        بب                                          د سدتكم,2025-11-26T21:03:21
0.5238095238095238,LISSAN - UL - ITTIHAD,train_001978,../data/muharaf_prepared_resized/train/train_001978.png,Script mismatch (non-Arabic),,LOLS UL- IID,2025-11-26T21:03:24
0.5238095238095238,DIRECTEUR - REDACYEUR,train_001979,../data/muharaf_prepared_resized/train/train_001979.png,Script mismatch (non-Arabic),,COEUR ENYEUR,2025-11-26T21:03:26
0.5227272727272727,الشويفات الخميس \ ١٦ حزيران سنة ٩٣٢ الساعه ٥,train_019485,../data/muharaf_prepared_resized/train/train_019485.png,Valid but hard,,لشوينات الخميس فى ١٦ حريرا,2025-11-26T21:03:42
0.5225225225225225,وبم وقت از يوم خروج بغداد الى ورمو بغداد ... بعهده يوسف ... وقرار شركة يوم تاريخ في عزرو بهمانة باسم قطارات ...,train_014940,../data/muharaf_prepared_resized/train/train_014940.png,Valid but hard,,وم م  و غدا الى روم بد داناً بعده وسف او شايت وقرار شكيه وم تار ي عره وبام با ا,2025-11-26T21:03:47
0.5217391304347826,ليقورنو في حزيران /١٩٢٠,train_017944,../data/muharaf_prepared_resized/train/train_017944.png,Segmentation error,,يقوو ي ي١٩٢٦,2025-11-26T21:03:51
0.5217391304347826,Sorry I wasnt home when,train_010684,../data/muharaf_prepared_resized/train/train_010684.png,Script mismatch (non-Arabic),,Ho  wa mhote wh,2025-11-26T21:03:55
0.5217391304347826,فرح فؤادي ومبهج الأفكار,train_003820,../data/muharaf_prepared_resized/train/train_003820.png,Script mismatch (non-Arabic),,افيخ فلدي ولكحج الاحقا,2025-11-26T21:03:56
0.5212121212121212,تحرر هذا الاعلام نسَختين من محكمة بداية قضا البترون يعرض على عزتلو قايمقام الافخم لكى غب اجرا ايجابه يسَلم لكل فريق نسَخة تحريراً فى ٩ صفر  سنة ٣٠٥ وفى ١٥ ت١ سنة ٣٠٣,train_016043,../data/muharaf_prepared_resized/train/train_016043.png,Valid but hard,,ترها ها اا لن م ميمة مية لاة الر يعض على تو ويقمه الاخم لك فب ارج ايه كل فلي ري فر فرة ف   ١ ٣٠٣,2025-11-26T21:04:37
0.5208333333333334,وردني كتاب من حمص في 1حزيران من الاب Huguet هوغه,train_021838,../data/muharaf_prepared_resized/train/train_021838.png,Valid but hard,,وردي كتاب من حرص من اا furfr,2025-11-26T21:04:44
0.52,يمود لك وقد زاد قلبي حبور,train_003825,../data/muharaf_prepared_resized/train/train_003825.png,Valid but hard,,يمود فك م خلي جووت,2025-11-26T21:04:47
0.52,غايه وتسليم .... ليره....,train_014916,../data/muharaf_prepared_resized/train/train_014916.png,Wrong transcription,,اين وسليم ح...,2025-11-26T21:04:54
0.5192307692307693,بمدحت آثار يوسف او .. ملّت .. دولت علية عثمانية مقيم بغداد ...تاريخ الى دزو شش ماه كامل ... لسرة عثمانية,train_014938,../data/muharaf_prepared_resized/train/train_014938.png,Valid but hard,,ان و  يت اته ولت علية ثمانية قيم بداد ازحال تاريخ الى دة ثم م ا  و    ات,2025-11-26T21:04:58
0.5172413793103449,اميراي صغير وقايمقام وادي ...,train_015094,../data/muharaf_prepared_resized/train/train_015094.png,Valid but hard,,ي صير وما.قم وداي مع,2025-11-26T21:05:02
0.5170454545454546,غب الاحالة فى ٣ ذى القعده سنة ٢٩٨ وفى ١٤ ايلول سنة ٢٩٧ حضر هذه المحاكمة دانيال شيت الخورى يوسَف اشعيا الاصيل عن نفسَه والوكيل الشرعى عن حبيب وحنا وبشاره اولاد الخورى يوسَف شعيا,train_016125,../data/muharaf_prepared_resized/train/train_016125.png,Valid but hard,,با ا ة ى ل ٣ هذه المحكمة وايال شيت الخورى يوسَف اشعب الاجل لن نسوه ولسول عرب با به والوه الى الف وششيا,2025-11-26T21:05:06
0.5163934426229508,القابلي النص فلاجل ذلك كان الواجب عليك او الاَّ تصغى له بالكليه او على الاقل لا تسنيد رأيك لهذا سريعا قبل ان تسمع ما يقوله,train_005655,../data/muharaf_prepared_resized/train/train_005655.png,Valid but hard,,ال ل الل ال لكل الا الاجيب عل والاً صفى لة كليه وعلى الال لن بذك كر     له,2025-11-26T21:05:07
0.5161290322580645,ابراهيم اىراهم الدرىىى ىوسف غصن,train_008947,../data/muharaf_prepared_resized/train/train_008947.png,Segmentation error,,ابراهيم الراهي غن,2025-11-26T21:05:14
0.5128205128205128,قبلنا الشراء احالة وكفالة / فرحات فرحات,train_015968,../data/muharaf_prepared_resized/train/train_015968.png,Valid but hard,,قبل الشراء املة وكفة,2025-11-26T21:05:19
0.5121951219512195,لسَيادتكم بما يجدً معنا ارجوا عدم ابراحي من دايرة الضمير مكراراً لثم انامكم الطاهرة  فى ٢٧ ايلول ١٩١٠             ولد سادكم,train_008853,../data/muharaf_prepared_resized/train/train_008853.png,Valid but hard,,لسَيام م م نا ارو عدم ارايه من اية الضير مكرا تم ملكم الارة   سدكم,2025-11-26T21:05:27
0.5120481927710844,معوض من محله وتبعته يتضمن لزوم رفع يده عن قطعة ارض توت وزيتون واقعة بخراج زغرتا وبلزوم تسَليمها للخورى منصور المذكور وبما ان هذا القرار مجحف بحقه لكون القطعة المرقومة,train_016371,../data/muharaf_prepared_resized/train/train_016371.png,Valid but hard,,معن ن ن ه مه ر ري ع عطه ا ون وزيون وقعة بجراع رغا وبزم سَيها المحخور الخور وذو الا المر المر المور المقوعة ل مكم,2025-11-26T21:05:29
0.5116279069767442,من عبد العزيز بن عبد الرحمن ال فيصل الى جناب الاجل الاكرم حضرة الاستاذ الجليل والمصلح الكبير امين افندي الريحاني المحترم دام بقاه,train_002347,../data/muharaf_prepared_resized/train/train_002347.png,Valid but hard,,بعبد عبيد اليد الد ال الحل الجا الاجل الاكمن حضرة الاستاد الجيل والحك الي الن,2025-11-26T21:05:35
0.5111111111111111,نبلغ حضرتكم صورة التعميم الصادر من المفتش العام المبلغ الينا بواسطة النيابة العامة الاستئنافية العلية المبين صورته اعلاه واقبلو احترامي,train_015735,../data/muharaf_prepared_resized/train/train_015735.png,Valid but hard,,بلي م  ان ان الم اليم المبيغ النيا بوسَفة التباية المة الساية الية المة اة ا ال الية,2025-11-26T21:05:37
0.5102040816326531,"Mannington, N. Va. U.S.A., في ١٠ ايلول سنة ٩٣ 189",train_010802,../data/muharaf_prepared_resized/train/train_010802.png,Script mismatch (non-Arabic),,Man.NU. في ١٠ ايلول سنة ٩,2025-11-26T21:05:41
0.5096774193548387,نومرو ٤٤ بلزوم اعطا اربعين رطل حنطة لفريم عيسَى خضر من رشكيده وتغريمه ريالين مجيدي بدل عطله وضرره واجرة الوكيل المسَمى قدم اسَتدعا الاعتراض عليه فاحيل لهذه,train_016208,../data/muharaf_prepared_resized/train/train_016208.png,Valid but hard,,فعر ٤ ٤ ن ن  الل الي مين مسَ رن سكيده وتفريه ريالين مجي بول طله طورة وجوره الل المَم اسَ اا عا اا الله له,2025-11-26T21:05:46
0.5094339622641509,خدا ... ستة منكم عبد الرحيم رستم درعرض مدة يادرين راه يا محلّ مقصود ازا انقضاء مدة ده مابدون رخصت يوسف ...,train_014926,../data/muharaf_prepared_resized/train/train_014926.png,Valid but hard,,ف  كم م عبد الريم اسم درض مدة يادرين راه اتحل مقصود قي الذ القضا د,2025-11-26T21:05:51
0.5093167701863354,المحاكمات الحقوقية وتغريمه للمعترض عليه ريالاً مجيدياً بدل عطله وضرره وتبلغ هذا القرار للمعترض عليه مواجهة علانية فى ١٣ ربيع اول /٣٠٥ و فى ١٦ ت٢/ ٣٠٣ ولاجله تحرر,train_016213,../data/muharaf_prepared_resized/train/train_016213.png,Valid but hard,,المة التت التقق اق اليه عي باليا مجياً بل عطله وحره وتبلغ هذا القر الملترع عل الاة الاية او و ٣ ٣ال الجر,2025-11-26T21:05:53
0.5093167701863354,بزعون ومات وترك ميراثاً عنه لولديه الخورى يوسَف وبشاره فخص كلاً منهما اثنى عشر قيراطاً ثم توفى بشاره عنه زوجته حنه بنت ابى فرج وبنتيه حوا وسَاره وعن شقيقه الخورى,train_016166,../data/muharaf_prepared_resized/train/train_016166.png,Valid but hard,,بن وات ا ا ا لوى الوي وسَ وَاه خه حلا نها ان عشر رطا ثم توى باره رة منة ا بنه وا و وه وال لورى,2025-11-26T21:05:54
0.5087719298245614,قصيدة غزلية عنوانها   .   .   .   تخمين من ايََّ سما خلقت,train_007099,../data/muharaf_prepared_resized/train/train_007099.png,Valid but hard,,قصيدة عغزلية عنوانها  م     خقت,2025-11-26T21:05:57
0.5072463768115942,اتركني انا الغصن الطري الكلو زرار      كل ما لعب فيي الهوا وهز القمار,train_007488,../data/muharaf_prepared_resized/train/train_007488.png,Valid but hard,,اتركني انا الفصض الطري لكلا زا      ا,2025-11-26T21:06:10
0.5040650406504065,وهو يوم الجمعه سَلبوا من ابنآ القبيات فى الطريق اربعة عشر بغل عدى النقود والحبوب واوسَعوهم ضرباً مولماً وحالتنا حرجه للغاية,train_008862,../data/muharaf_prepared_resized/train/train_008862.png,Valid but hard,,وي اليه اة ة ا الت فى الطريق درية عزريل عو المور والو واسا و واً واً ولا وايه,2025-11-26T21:06:12
0.5,10,train_017602,../data/muharaf_prepared_resized/train/train_017602.png,Script mismatch (non-Arabic),,190,2025-11-26T21:06:17
0.5,عدد ٢٠٠ مايتين,train_016385,../data/muharaf_prepared_resized/train/train_016385.png,Valid but hard,,عد٠ وماين,2025-11-26T21:06:27
0.5,19,train_017791,../data/muharaf_prepared_resized/train/train_017791.png,Script mismatch (non-Arabic),,9,2025-11-26T21:06:30
0.5,يزبك,train_018770,../data/muharaf_prepared_resized/train/train_018770.png,Valid but hard,,بك,2025-11-26T21:06:35
0.5,فآلمك ان يخبو نورُ ذلك النجم الوهَّاج،,train_019454,../data/muharaf_prepared_resized/train/train_019454.png,Segmentation error,,فاكم ان حيت ذكر الزم الوُاج،,2025-11-26T21:06:42
0.5,حاكم,train_016390,../data/muharaf_prepared_resized/train/train_016390.png,Valid but hard,,حم,2025-11-26T21:06:48
0.5,R.C.17,train_018348,../data/muharaf_prepared_resized/train/train_018348.png,Script mismatch (non-Arabic),,R.7,2025-11-26T21:06:52
0.5,MK2A-7       1,train_012169,../data/muharaf_prepared_resized/train/train_012169.png,Script mismatch (non-Arabic),,MK2A-71,2025-11-26T21:06:56
0.5,زورك دفتر يوسف ... ردو كارت مرقوم نمايم ومستحق بول نباشم وازطرف مائة خصوم دوليرة ...,train_014928,../data/muharaf_prepared_resized/train/train_014928.png,Valid but hard,,ر و  شار و ساسم مرقوم تمايم وستحق ك قيل بناشم وانرف ما انه خوم وار,2025-11-26T21:06:59
0.5,85,train_013378,../data/muharaf_prepared_resized/train/train_013378.png,Script mismatch (non-Arabic),,5,2025-11-26T21:07:02
0.5,N.A.S.A.,train_010679,../data/muharaf_prepared_resized/train/train_010679.png,Script mismatch (non-Arabic),,NAA..,2025-11-26T21:07:08
0.5,مأمور مال كسروان,train_000228,../data/muharaf_prepared_resized/train/train_000228.png,Irrelevant / signature,,الال كروان,2025-11-26T21:07:20
0.5,"Alep, le",train_005811,../data/muharaf_prepared_resized/train/train_005811.png,Script mismatch (non-Arabic),,"Melp, e",2025-11-26T21:07:23
0.5,23,train_017873,../data/muharaf_prepared_resized/train/train_017873.png,Script mismatch (non-Arabic),,3,2025-11-26T21:07:29
0.5,64,train_003939,../data/muharaf_prepared_resized/train/train_003939.png,Script mismatch (non-Arabic),,6,2025-11-26T21:08:07
0.5,انطانوسَ منصور نهرا طرزا,train_015941,../data/muharaf_prepared_resized/train/train_015941.png,Irrelevant / signature,,انبطانوسي مصورا,2025-11-26T21:08:12
0.5,اخوك ميشال,train_021009,../data/muharaf_prepared_resized/train/train_021009.png,Valid but hard,,اخك المشار,2025-11-26T21:08:28
0.5,17,train_017746,../data/muharaf_prepared_resized/train/train_017746.png,Script mismatch (non-Arabic),,1,2025-11-26T21:08:31
0.5,14,train_017684,../data/muharaf_prepared_resized/train/train_017684.png,Script mismatch (non-Arabic),,1,2025-11-26T21:08:33
0.5,16,train_017728,../data/muharaf_prepared_resized/train/train_017728.png,Script mismatch (non-Arabic),,15,2025-11-26T21:08:33
0.5,قلي كميل شلهوب,train_012463,../data/muharaf_prepared_resized/train/train_012463.png,Valid but hard,,قلي سكميل,2025-11-26T21:08:38
0.5,بالسلامة وبعد فحص الوابور من حكم الكورنيته ...,train_015272,../data/muharaf_prepared_resized/train/train_015272.png,Valid but hard,,وبلد حص الوابو من حليم المكو ع,2025-11-26T21:08:43
0.5,12,train_017644,../data/muharaf_prepared_resized/train/train_017644.png,Script mismatch (non-Arabic),,1,2025-11-26T21:08:46
0.5,٢ BEK2A-11 2,train_003721,../data/muharaf_prepared_resized/train/train_003721.png,Script mismatch (non-Arabic),,EKA-11,2025-11-26T21:09:01
0.5,16.6.32.,train_019484,../data/muharaf_prepared_resized/train/train_019484.png,Script mismatch (non-Arabic),,6.6.7,2025-11-26T21:09:06
0.5,EٍS4A-3  1,train_006252,../data/muharaf_prepared_resized/train/train_006252.png,Script mismatch (non-Arabic),,ES1A-1,2025-11-26T21:09:10
0.5,فقط قيراط عدد ٣ واثنا عشر حبه لا غير,train_016453,../data/muharaf_prepared_resized/train/train_016453.png,Valid but hard,,قط  اننا عشر جيه لا يا,2025-11-26T21:09:17
0.5,امين,train_002184,../data/muharaf_prepared_resized/train/train_002184.png,Valid but hard,,ام,2025-11-26T21:09:28
0.5,ES4A-4,train_006343,../data/muharaf_prepared_resized/train/train_006343.png,Script mismatch (non-Arabic),,S1A-1,2025-11-26T21:09:31
0.5,18 . 5 -68,train_020257,../data/muharaf_prepared_resized/train/train_020257.png,Script mismatch (non-Arabic),,. 5.68,2025-11-26T21:09:36
0.5,Hi,train_010694,../data/muharaf_prepared_resized/train/train_010694.png,Script mismatch (non-Arabic),,H,2025-11-26T21:09:40
0.5,125670,train_010669,../data/muharaf_prepared_resized/train/train_010669.png,Script mismatch (non-Arabic),,150,2025-11-26T21:09:46
0.5,JPK2B-42 	3	٣),train_008016,../data/muharaf_prepared_resized/train/train_008016.png,Script mismatch (non-Arabic),,JPK2-4),2025-11-26T21:09:47
0.5,86,train_013448,../data/muharaf_prepared_resized/train/train_013448.png,Script mismatch (non-Arabic),,85,2025-11-26T21:09:51
0.5,JEH2E1-618,train_007682,../data/muharaf_prepared_resized/train/train_007682.png,Script mismatch (non-Arabic),,JEH2-2,2025-11-26T21:09:54
0.5,24,train_017894,../data/muharaf_prepared_resized/train/train_017894.png,Script mismatch (non-Arabic),,22,2025-11-26T21:09:58
0.5,عليّ بفرح:,train_014825,../data/muharaf_prepared_resized/train/train_014825.png,Valid but hard,,حت بفرح,2025-11-26T21:10:03
0.5,٢٤,train_013943,../data/muharaf_prepared_resized/train/train_013943.png,Wrong transcription,,٢٣,2025-11-26T21:10:10
0.5,Krougar Attallah,train_018494,../data/muharaf_prepared_resized/train/train_018494.png,Script mismatch (non-Arabic),,Kro A tah,2025-11-26T21:10:14
0.5,MG1-61,train_011729,../data/muharaf_prepared_resized/train/train_011729.png,Script mismatch (non-Arabic),,MG-7,2025-11-26T21:10:39
0.5,طلعت,train_020064,../data/muharaf_prepared_resized/train/train_020064.png,Valid but hard,,طت,2025-11-26T21:10:47
0.5,قوة تشليح رسول من ممنع حامل بوسطة من طرابلس الى دير الكرمليين خمسة ريالات مجيدى غب الضرب واشهار السلاح,train_008665,../data/muharaf_prepared_resized/train/train_008665.png,Valid but hard,,تكري س ني حال بسطة طابس ال دير الكرين سرة با   الر والش الا,2025-11-26T21:11:00
0.5,tape,train_010727,../data/muharaf_prepared_resized/train/train_010727.png,Script mismatch (non-Arabic),,pe,2025-11-26T21:11:11
0.5,13,train_017666,../data/muharaf_prepared_resized/train/train_017666.png,Script mismatch (non-Arabic),,3,2025-11-26T21:11:14
0.5,62,train_018493,../data/muharaf_prepared_resized/train/train_018493.png,Script mismatch (non-Arabic),,2,2025-11-26T21:11:16
0.5,اسعد غبريل,train_017923,../data/muharaf_prepared_resized/train/train_017923.png,Valid but hard,,سعد ىووي,2025-11-26T21:11:23
0.5,Comité National de Musique au Liban (UNESCO),train_018573,../data/muharaf_prepared_resized/train/train_018573.png,Script mismatch (non-Arabic),,Coitoal dy Maiqe au  (UN,2025-11-26T21:11:35
0.5,de 192,train_017932,../data/muharaf_prepared_resized/train/train_017932.png,Script mismatch (non-Arabic),,de 0,2025-11-26T21:11:37
0.5,"K. JOSEPH BROS.,",train_011114,../data/muharaf_prepared_resized/train/train_011114.png,Script mismatch (non-Arabic),,"KJOH BS,",2025-11-26T21:11:43
0.5,١٣٤٣ ٢٢ ج٢,train_002546,../data/muharaf_prepared_resized/train/train_002546.png,Segmentation error,,١٣٤٩ ٢,2025-11-26T21:11:47
0.5,مقدار مسَاحتها نومرو ١٤٧ حـ ١٢ ق ٢,train_016433,../data/muharaf_prepared_resized/train/train_016433.png,Valid but hard,,مقدار سَامتها تم ٤ ٤,2025-11-26T21:11:56
0.5,باسَيل,train_018652,../data/muharaf_prepared_resized/train/train_018652.png,Valid but hard,,بايسل,2025-11-26T21:11:59
0.5,سبعين راس ماعز الى عبدالله عبود زهر من اراضي القرية ومرًة بارض الجومه فى رابعة النهار على رآي اعين كثيرة,train_008604,../data/muharaf_prepared_resized/train/train_008604.png,Valid but hard,,سعين ما ل لعياه عبود هر من اري ية ورية ارة ة ا اة اية الية اي ية,2025-11-26T21:12:04
0.5,كاتب,train_015825,../data/muharaf_prepared_resized/train/train_015825.png,Valid but hard,,كا,2025-11-26T21:12:12
0.5,21,train_017820,../data/muharaf_prepared_resized/train/train_017820.png,Script mismatch (non-Arabic),,2,2025-11-26T21:12:15
0.5,اغناطيوس,train_005581,../data/muharaf_prepared_resized/train/train_005581.png,Irrelevant / signature,,نمناطوسد,2025-11-26T21:12:26
0.5,غروش,train_016704,../data/muharaf_prepared_resized/train/train_016704.png,Valid but hard,,غردشي,2025-11-26T21:12:30
0.5,ys- 4C - 067,train_019977,../data/muharaf_prepared_resized/train/train_019977.png,Script mismatch (non-Arabic),,ys-4c-04,2025-11-26T21:12:34
0.5,COMERCIANTES Y COMISIONISTAS,train_020839,../data/muharaf_prepared_resized/train/train_020839.png,Script mismatch (non-Arabic),,CORMCANES Y CNOIOII,2025-11-26T21:12:37
0.5,بقسنيه,train_004533,../data/muharaf_prepared_resized/train/train_004533.png,Valid but hard,,فتسيه,2025-11-26T21:12:59
0.5,المطران بولس عقل,train_003435,../data/muharaf_prepared_resized/train/train_003435.png,Irrelevant / signature,,الطرن يوسف,2025-11-26T21:13:07
0.5,(٤ 4,train_006110,../data/muharaf_prepared_resized/train/train_006110.png,Script mismatch (non-Arabic),,(٤),2025-11-26T21:13:24
0.5,35,train_013532,../data/muharaf_prepared_resized/train/train_013532.png,Script mismatch (non-Arabic),,5,2025-11-26T21:13:25
0.5,7-7-17,train_020131,../data/muharaf_prepared_resized/train/train_020131.png,Script mismatch (non-Arabic),,7-1,2025-11-26T21:13:29
0.5,نومرو ٧٠ سبعون,train_015518,../data/muharaf_prepared_resized/train/train_015518.png,Segmentation error,,و ٣ سَبعون,2025-11-26T21:13:44
0.5,نمرو ٦٧ سبعة وستين,train_015448,../data/muharaf_prepared_resized/train/train_015448.png,Segmentation error,,ن٣ سبعة وشيد,2025-11-26T21:13:53
0.5,ROMA,train_005234,../data/muharaf_prepared_resized/train/train_005234.png,Script mismatch (non-Arabic),,BOM,2025-11-26T21:14:42
0.5,AF-279,train_000163,../data/muharaf_prepared_resized/train/train_000163.png,Script mismatch (non-Arabic),,AF-322,2025-11-26T21:14:44
0.5,نومرو ١٠,train_009514,../data/muharaf_prepared_resized/train/train_009514.png,Segmentation error,,عنور ٠,2025-11-26T21:14:53
0.5,YFS1A-10,train_018916,../data/muharaf_prepared_resized/train/train_018916.png,Script mismatch (non-Arabic),,YS-1,2025-11-26T21:14:58
0.5,JPK2B-78			1,train_008302,../data/muharaf_prepared_resized/train/train_008302.png,Script mismatch (non-Arabic),,JPK2-1,2025-11-26T21:15:00
0.5,عنه  .,train_012610,../data/muharaf_prepared_resized/train/train_012610.png,Valid but hard,,عن.,2025-11-26T21:15:07
0.5,الشوير,train_000012,../data/muharaf_prepared_resized/train/train_000012.png,Valid but hard,,الشررس,2025-11-26T21:15:22
0.5,JEH2A2-202,train_007453,../data/muharaf_prepared_resized/train/train_007453.png,Script mismatch (non-Arabic),,JEH2-9,2025-11-26T21:15:25
0.5,وديع,train_011704,../data/muharaf_prepared_resized/train/train_011704.png,Valid but hard,,وع,2025-11-26T21:15:29
0.5,٠٧,train_014320,../data/muharaf_prepared_resized/train/train_014320.png,Valid but hard,,٧,2025-11-26T21:15:30
0.5,١٩٠٢,train_010929,../data/muharaf_prepared_resized/train/train_010929.png,Valid but hard,,١٩,2025-11-26T21:16:10
0.5,Parà  Brazil,train_017981,../data/muharaf_prepared_resized/train/train_017981.png,Script mismatch (non-Arabic),,arà   a,2025-11-26T21:16:13
0.5,22,train_017852,../data/muharaf_prepared_resized/train/train_017852.png,Script mismatch (non-Arabic),,2,2025-11-26T21:16:22
0.5,SALEM JOSEPH,train_011201,../data/muharaf_prepared_resized/train/train_011201.png,Script mismatch (non-Arabic),,DLAE JEPH,2025-11-26T21:16:25
0.5,كيف أعيش,train_001402,../data/muharaf_prepared_resized/train/train_001402.png,Valid but hard,,كبيب راعيش,2025-11-26T21:16:31
0.5,84,train_013302,../data/muharaf_prepared_resized/train/train_013302.png,Script mismatch (non-Arabic),,4,2025-11-26T21:16:49
0.5,نمرو,train_015579,../data/muharaf_prepared_resized/train/train_015579.png,Valid but hard,,لومرو,2025-11-26T21:16:53
0.5,25,train_012863,../data/muharaf_prepared_resized/train/train_012863.png,Script mismatch (non-Arabic),,5,2025-11-26T21:16:58
0.5,GAJE 3G-28 2,train_015711,../data/muharaf_prepared_resized/train/train_015711.png,Script mismatch (non-Arabic),,QAJG-22,2025-11-26T21:17:02
0.5,شي,train_017769,../data/muharaf_prepared_resized/train/train_017769.png,Valid but hard,,شيء,2025-11-26T21:17:04
0.5,QAJE 3G-20,train_015679,../data/muharaf_prepared_resized/train/train_015679.png,Script mismatch (non-Arabic),,QAJ30,2025-11-26T21:17:09
0.5,الحقير انطون,train_009191,../data/muharaf_prepared_resized/train/train_009191.png,Valid but hard,,ة انطون,2025-11-26T21:17:28
0.5,.MARONITARUM,train_004718,../data/muharaf_prepared_resized/train/train_004718.png,Script mismatch (non-Arabic),,MA TRUM,2025-11-26T21:17:31
0.5,نمره ٣,train_009272,../data/muharaf_prepared_resized/train/train_009272.png,Valid but hard,,مر ٥,2025-11-26T21:17:36
0.5,Basket,train_010725,../data/muharaf_prepared_resized/train/train_010725.png,Script mismatch (non-Arabic),,Bke,2025-11-26T21:17:41
0.5,شفة.,train_009724,../data/muharaf_prepared_resized/train/train_009724.png,Valid but hard,,سفة .,2025-11-26T21:17:46
0.5,نائِب الرئيسَ شكري كنعان,train_014103,../data/muharaf_prepared_resized/train/train_014103.png,Irrelevant / signature,,ب ارئسَ شك ن,2025-11-26T21:18:00
0.5,الموظف,train_001152,../data/muharaf_prepared_resized/train/train_001152.png,Valid but hard,,رسموضف,2025-11-26T21:18:32
0.4970414201183432,تلاوة اسَتدعا المدعى ومصادقة وكيله عليه واكتفايه بهِ سَئل وكيل المدعى عليه عما يجيبه فاجاب ان القطعه المحرره هى ملك موكله واضع اليد عليها ومتصرف بها التصرف التام بمشاهدة,train_016381,../data/muharaf_prepared_resized/train/train_016381.png,Valid but hard,,الاة وسَاد ولدعة واعه العيه اليه ويه ويه يَيل المدى عليه عي يه بجا بان الط المرى الكم ململهم ال ا الا الا الا الا الا دة,2025-11-26T21:18:38
0.4962962962962963,للقبيات واشاعة خبر القرعه ضجًت الاهالي من اعادة السَابق وطلبوا منه الدراهم التى اخذها من بعضهم في المده الماضيه بدون ان يحصلوا على ثمره,train_008858,../data/muharaf_prepared_resized/train/train_008858.png,Valid but hard,,الة اة ارة ارة ات الا ن ارة السَايق والبوا من الدهم الق خا بيم مه الم ال ال الن الان الره,2025-11-26T21:18:41
0.4933333333333333,دين سَابق ولا يتم ذلك الا بافلاسَ البايع وبما ان الكفالة المعلقة بالشرط لا يطالب الكفيل بها ما لم يتحقق الشرط كما فى المادة الـ ٦٣٦ من المجلة فقد تقرر,train_016109,../data/muharaf_prepared_resized/train/train_016109.png,Valid but hard,,بة نة وان وا الا الا الا الاب بان لكالة العلقة باتطرا طبال اليه لم يا لا الاق المة المة ل٦١٦ة المة الم قر,2025-11-26T21:18:43
0.4931506849315068,المتضمن الحكم عليه برفع يده عن اوضة واقعة بخراج البترون وبوجوب تسَليمها للقسَ هرون الاميركانى القاطن طرابلوس وبلزمه دفع اجرتها بحسَاب كل يوم غرشين,train_016336,../data/muharaf_prepared_resized/train/train_016336.png,Valid but hard,,بال م م ععيه عيه ه انانة اوعة بحجا ابرون وبوب سَليما للقسَ رون المارا الاط طسَ وروَ و     ششين,2025-11-26T21:18:49
0.4931506849315068,"ناهيك بالمنتدى الذي اسسه رواد جريدة ""البرق"" وكان يجمع بين لبنانيين مقيمين",train_003730,../data/muharaf_prepared_resized/train/train_003730.png,Valid but hard,,اني بالمنوى الذي اسه رواد جرة ار     ين,2025-11-26T21:18:57
0.4930555555555556,نظاماً لعدم تسَجيل صكها وان البيع غير معتبر ايضاً لان المبنى على الباطل باطل فقد حكم باتفاق الاراء بنقض القسَمة والبيع المحررين الصحيفة التاسَعة,train_016290,../data/muharaf_prepared_resized/train/train_016290.png,Valid but hard,,ماً ا    ا  ماً الا المبن على الجلي ل قدكم بالقاق الار ان السَة وال الية الة السَعة,2025-11-26T21:19:00
0.4916666666666666,"التجى اليكم..."" مما مرَّ يتوضح لك فساد هذا القول من جهة اخرى انت تعرف ان الريس توجةَ العام الماضي الى لبنان فوكلوا علينا",train_005709,../data/muharaf_prepared_resized/train/train_005709.png,Valid but hard,,.  م يو لك سا ذا القول من جة اخري ان تقرف الاري الس ال الن اا ا ل ينا,2025-11-26T21:19:03
0.490566037735849,٨ تشليج بغلين لمخول موسى وهبه فى طريق المشتى العام مع حمولتهما نهاراً واستفكهما بسبعين ريال مجيدى من الحاج,train_008631,../data/muharaf_prepared_resized/train/train_008631.png,Valid but hard,,ليل ليل نون وس وبه فى طريق الشن الدام مع عتها ها واتكنا ين   اع,2025-11-26T21:19:05
0.4888888888888889,وكان ذاك ١٣ شهر شعبان مطابق عشرة مارس ...١٨٩٣,train_014934,../data/muharaf_prepared_resized/train/train_014934.png,Valid but hard,,وكان ذالك . شر شغبا ٩١ مطاب قراً سر  ٩,2025-11-26T21:19:10
0.4878048780487805,لنا بيـ ـه وقبض ثمنه المتصل الينا بالارث الشرعى من جدنا شمشوم المتوفى من مدة واحد وعشرين سَنة وبالارث الشرعى من والدتنا صاره ابنة بشارة الخورى اشعيا المتوفية من مدة,train_016134,../data/muharaf_prepared_resized/train/train_016134.png,Valid but hard,,النن ن ن ن ان الان الا الرع من ما تشروم المقى منمدة واحد وعرين سنة وبلا ثر من اه  ب اة الة المة مدة,2025-11-26T21:19:12
0.4875,قدس السيد الجليل والحبر النبيل الكلي الشرف والجزيل الاحترام ادام الله شريف وجوده,train_005852,../data/muharaf_prepared_resized/train/train_005852.png,Valid but hard,,الديد السي الجليل والالي الزيز الحري الارام الم   وه,2025-11-26T21:19:14
0.4871794871794871,٥ كانون الثانى سنة ١٩٣٤		(أمين الحسيني),train_002846,../data/muharaf_prepared_resized/train/train_002846.png,Valid but hard,,ان ان ٩			(رأين الحسني),2025-11-26T21:19:24
0.4868421052631579,البينة من وكيل المدعى لاثبات دعواه سنداً على الفقرة الاخيرة من المادة الـ١٨١٧ من المجلة وابلغ هذا القرار للفريقين وسَئل الوكيل المذكور تسمية شهوده فاجاب,train_016286,../data/muharaf_prepared_resized/train/train_016286.png,Valid but hard,,المبيية ية ى ن ادان عدا د علىة لقاة الارة من المادة ال ١ امن المجلة ولالاه ار القروير بلي الكل ال ال وه و اب,2025-11-26T21:19:26
0.4854368932038835,وفي الختام اكرر لثم اناملكم الطاهرة واسَتمد غيث بركتكم الرسولية طالبا رضاكم على قسيمكم في احزانكم ولدكم,train_005922,../data/muharaf_prepared_resized/train/train_005922.png,Valid but hard,,وم م اكم الماكة الارة وسَع تين بركم المروية جا اكم على ي م م م كم,2025-11-26T21:19:28
0.4848484848484848,وسَتين قرشاً بموجب كمبيالتين مسَتحقتين الاداء على حنا اسَطفان الحواط واسَطفان طنوس فياض وولده يوسَف صيادة اسَفنج عثمانيين من البترون,train_016017,../data/muharaf_prepared_resized/train/train_016017.png,Valid but hard,,وسَن ي ي ين تقين الاة على نا اسَطان الحوط واسَطفان طونى فاف و ويسد سَسف س   الون,2025-11-26T21:19:29
0.4846625766871165,عوض ثلاثة اشهر عن كل يوم ثلاثة عشر قرشاً الف وماية وسَبعين اجرة الرد على الاعتراض مع اجرة الرسَول لجلب اللابحة ٦٠ اجرة تبييض مضبطه على مرتين بامر الشيخ نوفل المعلم,train_016320,../data/muharaf_prepared_resized/train/train_016320.png,Valid but hard,,مة لة الة اشلا الة شعا قا الماة وسَين اجرة الر عى الاعتراض ى اجرة السَل لة الجة اجر ار ا ر ا الا الا ل مقلم,2025-11-26T21:19:31
0.4838709677419355,مِطرَانيَةُ بَيرُوت المارونيَّة,train_004383,../data/muharaf_prepared_resized/train/train_004383.png,Valid but hard,,مطرانية يَزون الملاية,2025-11-26T21:19:34
0.4836065573770491,غب لثم انامكم الطاهرة والتماس بركتكم الالهية نعرض من بعد مفارقة سَيادتكم بالسَلامه توجهت لعكار مررنا لحلبا مركز قضانا وجدت,train_008855,../data/muharaf_prepared_resized/train/train_008855.png,Valid but hard,,غبم ثم كم ااركم الركة ااكمة الابة تضر ن مبعد مافة سَيادتكم بالسَام وجاها لا ا ا ا ا دا,2025-11-26T21:19:43
0.4833333333333333,وبقلك تهني يا زينة هالبنات     ومية سنه انشالله تعيشي يا ندى,train_007812,../data/muharaf_prepared_resized/train/train_007812.png,Valid but hard,,وبتلك تهنيل ي زينة هالبنات     هم سة,2025-11-26T21:19:52
0.4827586206896552,اليوم سأذهب عند صاحبكم. [...] تبع الأوراق للآن بعد ما ذهبت,train_020511,../data/muharaf_prepared_resized/train/train_020511.png,Valid but hard,,وسا هب عند صاحبكم وند ن بجع الاورق الان ما,2025-11-26T21:19:54
0.4818181818181818,ارزاقنا ورهبوا مزروعاتنا وكذلك في الليل لا نقدر ان ننام من كثرة الحرام وصارو يمشوا على قتلنا وعلى تقطيع نصوبنا,train_009132,../data/muharaf_prepared_resized/train/train_009132.png,Valid but hard,,اراا ها وها رنا وك في اليل لانقور ان نسَاع من شتر المر وا و ل ل   ينا,2025-11-26T21:19:57
0.4814814814814814,COLLEGE ST JOSEPH D'ANTOURA,train_011689,../data/muharaf_prepared_resized/train/train_011689.png,Script mismatch (non-Arabic),,COE T JOEPH 'R,2025-11-26T21:20:00
0.4810126582278481,بزيارتكم لافتقاد خاطركم العزيز قبلَ مهاجرتكم البلاد واذا صحَّ ذلك يكون أحد أيام,train_011896,../data/muharaf_prepared_resized/train/train_011896.png,Valid but hard,,براكم ا احاكم العزيز زقل مهاجرتكم الباد وا    ى,2025-11-26T21:20:10
0.4810126582278481,على البعد لكن لايمكن ذلك بحيث انه لا يأتي لعندنا بالتنزيهه كون معه كل التنزيهات,train_005599,../data/muharaf_prepared_resized/train/train_005599.png,Valid but hard,,على الحال كل ليا كن ذك بحت ان ليبأني عدنا انذكه يه  ع ايت,2025-11-26T21:20:14
0.4809160305343511,رضاكم وتشريفي بما يلزم في الخدم مكررًا لثم اناملكم ثانيًا وثالثا فى ١٦ ت١ ٩١                                            مسىمد دعاكم,train_009208,../data/muharaf_prepared_resized/train/train_009208.png,Valid but hard,,اكم تشري ما يلزم من الخدم م  انا ملكم ثانيا وتالا في  ت                 دىم,2025-11-26T21:20:15
0.48,سَمد الدعا اولاد سَيادتكم,train_008416,../data/muharaf_prepared_resized/train/train_008416.png,Irrelevant / signature,,سَمد الدي ادنكمكم,2025-11-26T21:20:24
0.4788732394366197,"NASA TOURS Conducted by TWA, P.O. Box 21222, Kennedy Space Center, Fla.",train_010668,../data/muharaf_prepared_resized/train/train_010668.png,Script mismatch (non-Arabic),,"NOA CT Cute by W, P. Bx 2, ney Spe e, Fe.",2025-11-26T21:20:31
0.4782608695652174,فطلب امين المدعى عليه استئنافه ولذا ربط القرار المذكور باعلام وتسَلم للفريقين وتوقفت الدعوى ثم بتاريخ ١٦ ت٢ ٣٠٣ حضر الفريقان وقدم وكيل المعترض عليه اعلاما صادراً,train_016314,../data/muharaf_prepared_resized/train/train_016314.png,Valid but hard,,ف ن العى اله النه َاه واريه القرار المذكور بعلام وتسلم للقويقي وف الدوم مى تا ض ي ويل الول الل الل الملا مداً,2025-11-26T21:20:41
0.4782608695652174,يا ليت مرا تزورنا للدور,train_003827,../data/muharaf_prepared_resized/train/train_003827.png,Valid but hard,,بالدت م مزوائا اللوول,2025-11-26T21:20:50
0.4782608695652174,عصو                 عصو                    ريس,train_016236,../data/muharaf_prepared_resized/train/train_016236.png,Valid but hard,,عصو   عصو              س,2025-11-26T21:20:51
0.4782608695652174,تحريرًا فى ٢٧ اذار ١٩٣٥,train_000246,../data/muharaf_prepared_resized/train/train_000246.png,Valid but hard,,تحررا فى٧ اذ٦,2025-11-26T21:21:01
0.4772727272727273,ومحطات و...ساروني (مسكنه ساعة ٧) كطريق معسكر,train_015148,../data/muharaf_prepared_resized/train/train_015148.png,Valid but hard,,ووطات وكوفك وساروي (مسكنه سعة  اطارق,2025-11-26T21:21:06
0.4765100671140939,شهيرة عند النهر نمرو ٣٠٠ قيراط ٤ يحدها قبلة ملك الشيخين كنعان ونوهرا الضاهر وشرقاً وشمالاً مجرا ما وغرباً ملك عبدالله اسَحق وبقطعة توت وزيتون بالتلال,train_016112,../data/muharaf_prepared_resized/train/train_016112.png,Valid but hard,,يه ن  ٥ ٠ ا قابلة مك الشيال كفان ونها الضاهر شراً وشماً براما عغاً م ع ل السق قة وقته وا اللال,2025-11-26T21:21:09
0.4761904761904761,الطرد تلميذ اكليريكي راهب ناذر العمال المسيحى ؟؟؟ اترك ما سببَّ طرد هذا الانسان ثاني مره لانى ضجرت ! ! !.,train_005714,../data/muharaf_prepared_resized/train/train_005714.png,Valid but hard,,الطاد بي المكيكي راب اذر الهمل السيم ؟ اكرما بَ هرها الان ة    !,2025-11-26T21:21:12
0.4758620689655172,وانطانوس جبور الكوسَا وانطانيوس الخواجه وبطرس مخايل فرنجيه وبطرس جبور سَعاده وسَمعان انطانيوس بو دراع وسَليمان تادروسَ القسَ حنا وحنا بطرس المصرى,train_016343,../data/muharaf_prepared_resized/train/train_016343.png,Valid but hard,,وانان ن ون اوسَ واوس ولوس وجر جرين نريه ورس جور سَاده وسَمعان انطانوي وَ وميا ا َ سا ا  رى,2025-11-26T21:21:15
0.4743589743589743,الواقعة بخراج قرية بلا ملكهما وفى يدهما و تصرفهما من مدة مديدة فتلتمسَان جلب يوسَف المحرر لاجل اسَتماع دعواهما والحكم بنقض قرار الحجز والطرح المحرر ولدى طلب,train_016259,../data/muharaf_prepared_resized/train/train_016259.png,Valid but hard,,ال ة قة ة اه لا يها ورصها من مدة ديده فلتمنان جل وَف المحر ال اسَا وهم ل الر الر الر الرر ال ل,2025-11-26T21:21:36
0.4729729729729729,ج ان اخلاقه كانت ممدوحة وكان متدينًا - تلي تقريره عليه فاثبته بامضاىه كاتب,train_009281,../data/muharaf_prepared_resized/train/train_009281.png,Valid but hard,,ان ان الخاله ان محدوضه وكان موديا تيل تقريه لايا با اكه,2025-11-26T21:21:41
0.4727272727272727,تكونوا جميعكم بخير وسلام اعرف عنكم ولفي فكري عندكم مركب,train_020447,../data/muharaf_prepared_resized/train/train_020447.png,Valid but hard,,و محيكم حر وسلامه الرف وعكم وتقى ترك عكم وقرك,2025-11-26T21:21:46
0.4727272727272727,غيرهم واجاب وكيل المدعى عليه ان شهوده هم سَركيسَ جبور ديب ومخايل الياسَ الخورى وابنه البدوى وسَاسَين غسَطين وفياض فرنسَيسَ دحدح وسَليم مخايل الصوص ويوسَف موسَى انطون,train_016351,../data/muharaf_prepared_resized/train/train_016351.png,Valid but hard,,غبرا ام الا اليه اليه لهيه هده مه سَرير وب بمخايل ايسَ الخورى ابة البوى وسَ سَي ونين وسَيَ وي وي ولويى ووَ ويَوَ وَ سَطون,2025-11-26T21:21:49
0.4722222222222222,نائب رئيسَ بلدية كفرشيما نعوم القارح,train_014177,../data/muharaf_prepared_resized/train/train_014177.png,Valid but hard,,نائب رئس بلدي اكفرشسَيا ا,2025-11-26T21:22:10
0.4716981132075472,من رعيتهم فالقرية لا تقبل الجناز الا فى كنيسة الدير وحضراتهم لا يتنازلون الى اخذ الازن ولا يذهبون مع الجثه,train_008758,../data/muharaf_prepared_resized/train/train_008758.png,Valid but hard,,م ي م ا ال الجان الاف نيسَة الدير وخضرتكم ل بتوا الى الذى الذى ا ا ا لبه,2025-11-26T21:22:16
0.4705882352941176,Krouger A ttallah,train_018230,../data/muharaf_prepared_resized/train/train_018230.png,Script mismatch (non-Arabic),,Monr Attalh,2025-11-26T21:22:20
0.4705882352941176,"MODI & K. JOSEPH,",train_010784,../data/muharaf_prepared_resized/train/train_010784.png,Script mismatch (non-Arabic),,"FO & JEPH,",2025-11-26T21:22:22
0.4705882352941176,الثقه الكبرى نسَلمه بعض اسراره وعندما يريد ان يقدم نتيجة حسابه للروسا الاكبر منه فى راس السنة يكلف ذلك,train_005675,../data/muharaf_prepared_resized/train/train_005675.png,Valid but hard,,الي يه ين ن عه ره وعينما ري ن يقدم تينجة حر للريسا الاكن منرن ارسة اة  لك,2025-11-26T21:22:26
0.4705882352941176,مجيديه بدل مصارفات الدعوى وتبلغ هذا الحكم للمعترض على المذكور مواجهة علانية فى ١٥ ربيع اول ٣٠٥ و ١٨ تشرين الثانى /٣٠٣ ولا جله تحرر هذا الاعلام نسَختين من,train_016265,../data/muharaf_prepared_resized/train/train_016265.png,Valid but hard,,ييد د عا العوى وبغ هذا الحكم لمعفرض على المذكور وراجة علية ١ بري ٣ ٣ ال ا الا الا الا لا سَمن,2025-11-26T21:22:27
0.4705882352941176,Telegrafo: MALLUK,train_020845,../data/muharaf_prepared_resized/train/train_020845.png,Script mismatch (non-Arabic),,Celfo: SMAUK,2025-11-26T21:22:30
0.4693877551020408,ويوسَف اولاد سَركيسَ شبيعا وغرباً ملك اولاد شبل الخورى وان ميلان وحنا ابنى الخورى جبرايل جبران من بشرى قد وضعا يدهما على القطعة المحرره بغير وجه حق,train_015997,../data/muharaf_prepared_resized/train/train_015997.png,Valid but hard,,وَاف ت ي يا واب لم الوا ليل الخورى وان يلان وحنا البن الخورى جاب بجريان مين ن دي عده له المه المروره الر اق,2025-11-26T21:22:33
0.4689655172413793,فرنجيه من اهدن وغب حلفه اليمين شهد بوجه المدعى عليه ان القطعة الارض الشهيرة بغضة الجور وحدودها تحديداً مطابقاً للتحديد المدرج فى الاستدعا ملك رزق,train_016281,../data/muharaf_prepared_resized/train/train_016281.png,Valid but hard,,ه ن اه اه اليه يه شجيه اع لعليه ان الفظه الارض الشهرية بقضة الجور وحدها حدً باً الا ال الم ال ا  ذرقت,2025-11-26T21:22:35
0.46875,"Paris, le م ١٤ حزيران سنة ٩٢٢ ١٩",train_017995,../data/muharaf_prepared_resized/train/train_017995.png,Script mismatch (non-Arabic),,Ma ١٤ حزيران سنة ٩,2025-11-26T21:22:40
0.4675324675324675,والاعتراض تبلغ لوكيل المدعين فى ١٦ ت٢ سنة ٣٠٣ وفى ١٣ ربيع اول ٣٠٥ ولاجله تحرر هذا الاعلام نسَختين من محكمة بداية قضا البترون يعرض على عزتلو قايمقام الافخم,train_016205,../data/muharaf_prepared_resized/train/train_016205.png,Valid but hard,,والاقارض الريض اي  يى ل ن  ٣ ولبي ال ٣ ولال تحر هذا الاعا نسَخين من حكم بدي ضين التضو عى ع  ى ال اخم,2025-11-26T21:22:45
0.4672131147540984,لك فى هذا المعني ليس ليطلعوك على الحقيقه بل ليبينوا غرضهم وبما انهم يعرفوك تحبني ولا ترغب ان اكون مغشوشاً ظنوا انهم سيحموك,train_005682,../data/muharaf_prepared_resized/train/train_005682.png,Valid but hard,,يع عل الحقيق بله بينا ورضهم بمانهم يفرفوك تجبني ولا رع ان اكون موً انا ن,2025-11-26T21:23:00
0.4666666666666667,Toufic El Bacha,train_018545,../data/muharaf_prepared_resized/train/train_018545.png,Script mismatch (non-Arabic),,To El Baal,2025-11-26T21:23:02
0.4666666666666667,MANAGING EDITOR,train_002318,../data/muharaf_prepared_resized/train/train_002318.png,Script mismatch (non-Arabic),,MAN ETOR,2025-11-26T21:23:03
0.4666666666666667,الخوري ىولس غصن,train_010093,../data/muharaf_prepared_resized/train/train_010093.png,Valid but hard,,الخورى لوسف,2025-11-26T21:23:09
0.4666666666666667,التى باعها ابتداءً من سنة ٨٨٠ للان بخراج قريتها المحررتين وتبلغ هذا القرار للفريقين مواجهة واجلت الجلسَة لنهار الخميسَ فى ١٢ ت٢ سنة ٣٠٣ وبالوقت المعين,train_016131,../data/muharaf_prepared_resized/train/train_016131.png,Valid but hard,,الا ان ان    الاج رياها المحرين وتبلغ هذا القرار لقين مواجة واجة الجتلة الاي الس س    ت والين,2025-11-26T21:23:12
0.4666666666666667,فانكم لا تجهلون بأننا ذقنا الامرَّين حتى بلغنا بمساعيكم الى عصر الانتداب الافرنسي وتخلصنا من نير العبوديه,train_009372,../data/muharaf_prepared_resized/train/train_009372.png,Valid but hard,,فم لام ها ونا نا الارين حتيلنا بماعيم لى صد الات والاورف ون  ال اليه,2025-11-26T21:23:16
0.4666666666666667,انهم ... فهم طحين معهم بيوت قط,train_015019,../data/muharaf_prepared_resized/train/train_015019.png,Valid but hard,,م .. و.. فهم طن منهم ب,2025-11-26T21:23:18
0.4666666666666667,تسعمئة او الف ومئة وخمس وعشرون,train_022087,../data/muharaf_prepared_resized/train/train_022087.png,Valid but hard,,تسعمة من ثمن المة رسال وخمسه وعشرون,2025-11-26T21:23:21
0.4655172413793103,ولا اخراً عن احوال المدرسة هنا وما سمعت ما نقوله نحن فكيف يجوز ذلك ان ننسَى حكمك على قول الاخ بولس وغيره اهل هذا صار,train_005653,../data/muharaf_prepared_resized/train/train_005653.png,Valid but hard,,والرا  اله اه وهنا وستما تنول بجن فكيف نجوذ لك ن انى حكم على قلول الخايى   ه ه ار,2025-11-26T21:23:24
0.4642857142857143,الرهبانية الباسيلية المخلصية,train_016942,../data/muharaf_prepared_resized/train/train_016942.png,Valid but hard,,البراني ال اينيا اخ ة,2025-11-26T21:23:29
0.4642857142857143,واقوال ان الدعوى به الان لا تسَمع لمرور الزمان كونه مضى على موت من يدعون الارث عنه اكثر من خمسَين سَنة كما لا تسَمع دعواهم الملك ايضاً لمضى اكثر من اربعينَ سَنة على وضع,train_016182,../data/muharaf_prepared_resized/train/train_016182.png,Valid but hard,,وافا ن اى الى الى لع عر الان نكون من على مون من دون الاث عن اكثر من خميَة سَنه لا اسمعم لما المرا الارا اسَة اية ع,2025-11-26T21:23:35
0.4639175257731959,واعاطت يوسف ... وازا عمل مناجر ومعاصر كرمو اختلال كربا شد ما ...خمر خوردن وشرارت كردن وسائر حركات,train_014943,../data/muharaf_prepared_resized/train/train_014943.png,Valid but hard,,وطات سوف وا جم وازا عمى منابر معاصرك موث اختل كرا شدا ان خور و وش و ات,2025-11-26T21:23:37
0.4632768361581921,فاصبحت حصة الخوري يوسَف المحرر اربعة عشر قيراطاً ونصف القيراط في كامل القطعة الارض  المنوه بها ثم توفى الخورى يوسَف المسَفور عن اولاده واكيم وشيت ووهبه فخص كل واحد منهم من تركته,train_016168,../data/muharaf_prepared_resized/train/train_016168.png,Valid but hard,,فخص ة الحوة الور الشر عشرة عشرية را اطا ا ا ف ال القطة الاض المو بها ثم قوى الخورى يوسَ السَف الوم وه واوه وله وحاه وام مركته,2025-11-26T21:23:39
0.4615384615384615,Oct 11th 1900,train_001235,../data/muharaf_prepared_resized/train/train_001235.png,Script mismatch (non-Arabic),,Oc11 90,2025-11-26T21:23:42
0.4615384615384615,واكيم وابنيها يوسَف ومريم وشقيقها سَاره ماتت عن اولادها الحاصلين لها من بولسَ ابن الياسَ زوجها وهم بشاره وطوبيا وامين وشقايقهم رفقا وزينه وعميه,train_016187,../data/muharaf_prepared_resized/train/train_016187.png,Valid but hard,,كم وهم وي ويم وشَيم ويها شره ما تاى اواها الحاصل لها من بوسَ الى اسَ وسردوه وره والا وا وان ون وه ويه,2025-11-26T21:23:47
0.4615384615384615,الشهادات التي تخوله الامر.,train_015755,../data/muharaf_prepared_resized/train/train_015755.png,Valid but hard,,ح الشهاداتر الي نحنو الا,2025-11-26T21:23:50
0.4615384615384615,"25 DE MAYO, 123, 125 Y 127",train_017929,../data/muharaf_prepared_resized/train/train_017929.png,Script mismatch (non-Arabic),,"5A MO, 123, 1 7",2025-11-26T21:23:53
0.4615384615384615,١٣٤٢ ١٤ رمضان,train_002407,../data/muharaf_prepared_resized/train/train_002407.png,Segmentation error,,١٣٤مضان,2025-11-26T21:24:05
0.4615384615384615,A. SFER PACHA,train_004449,../data/muharaf_prepared_resized/train/train_004449.png,Script mismatch (non-Arabic),,DA SRO PACH,2025-11-26T21:24:10
0.4609929078014184,وكيل المدعى نسَخة اعلام صادر فى هذه المحكمة بمدة النايب الاسَبق داود افندى الشدياق مؤرخ فى ٨ ذى الحجه سنة ٢٩٨ وفي ١٩ ت١ سنة ٢٩٧ نمرو ٩٢ حاصله,train_016067,../data/muharaf_prepared_resized/train/train_016067.png,Valid but hard,,وييل الع عسعة الصا ارن هذه المحكمة بمدة الناب الاسَيق داود خفد الشدياق ورخ ة ف   وصله,2025-11-26T21:24:30
0.4587155963302752,بموجب سند رسمي استحقاق / ٧ تشرين الثاني سنة ٩١٥ وفيه تعهد بالفائدة القانونية ومحكوم ليره سورية عطل وضرر وانني,train_016397,../data/muharaf_prepared_resized/train/train_016397.png,Valid but hard,,ب   التقاق  تشرين الثاني سن ١٩ ومن تعه بالفات وتقاواية وحكم م  ة و و ي,2025-11-26T21:24:49
0.4583333333333333,الى ولدنا العزيز يوسف ويعقوب المكرمين ونطفنا ...,train_014945,../data/muharaf_prepared_resized/train/train_014945.png,Valid but hard,,ونا ولدنا الن يس وشه وا عود الكرين دن انا كينا,2025-11-26T21:24:54
0.4583333333333333,وج مقبوضة ومصارف أيام ... مرقوم برايم وأين ورقة .. ارطاف ثلاثة اوا آجر مستأجر وكفيل مذكور بعنوان,train_014932,../data/muharaf_prepared_resized/train/train_014932.png,Valid but hard,,وجه مضلوه ومصضارق ايام مدشة مروم براعيم واين ورور باقارير اطراق ثلاث ازاجو وستأجر وطين  ون,2025-11-26T21:24:56
0.4578313253012048,من فسَخه بما ان الكافلة هى المشترية المبيع فبناءً عليه وسنداً على المواد الـ ٦٣٦ فى المجلة والـ ٦٤ والـ ١٣٤ من قانون المحاكمات الحقوقية حكم باتفاق الارا حكماً وجاهياً,train_016103,../data/muharaf_prepared_resized/train/train_016103.png,Valid but hard,,فنسن ن الان الي الية لية مي عا الي وسنداً على المواد الـ ١ من المجلة الا والـ١ ن ان المحوم الة اا ااً ااً احياة,2025-11-26T21:24:57
0.4569536423841059,عليه المرقوم عن ذلك فاجاب ان القطعه المرقومة ملكى اتصلت الىَّ بالشرا من طوبيا بن البحرى واخوه امين ومن بطرس بن عبود وشمشوم واولاد عمه اولاد عيسَى شمشوم,train_016132,../data/muharaf_prepared_resized/train/train_016132.png,Valid but hard,,علي المه ارم  ا ان الة المقومة لك اصل التى بالشرا من طوعيا با بحرى والاهره العاين ون رب ابعو ا د واو الول ولو ام سَمكوم,2025-11-26T21:24:59
0.4545454545454545,١٣٤٢	٩ محرم,train_002374,../data/muharaf_prepared_resized/train/train_002374.png,Segmentation error,,١٣٤٩ مد,2025-11-26T21:25:03
0.4545454545454545,MARONITARUM,train_003387,../data/muharaf_prepared_resized/train/train_003387.png,Script mismatch (non-Arabic),,MAR TRM,2025-11-26T21:25:05
0.4545454545454545,TB1A-16			1,train_018503,../data/muharaf_prepared_resized/train/train_018503.png,Script mismatch (non-Arabic),,T1A-11,2025-11-26T21:25:08
0.4545454545454545,غرش عد ٢. يلاّ صرفني .,train_010340,../data/muharaf_prepared_resized/train/train_010340.png,Valid but hard,,عرش. بلاً صرفتي.,2025-11-26T21:25:14
0.4545454545454545,QAJE3G_48 2,train_015769,../data/muharaf_prepared_resized/train/train_015769.png,Script mismatch (non-Arabic),,QKJ23G-42,2025-11-26T21:25:16
0.4545454545454545,واعزم الاصحاب والجمهور,train_003814,../data/muharaf_prepared_resized/train/train_003814.png,Valid but hard,,عزم الطاومهور,2025-11-26T21:25:20
0.4545454545454545,JPK2B-42 	1,train_007958,../data/muharaf_prepared_resized/train/train_007958.png,Script mismatch (non-Arabic),,JPK2-1,2025-11-26T21:25:23
0.4545454545454545,NEGOCIANTES,train_018109,../data/muharaf_prepared_resized/train/train_018109.png,Script mismatch (non-Arabic),,NEITES,2025-11-26T21:25:28
0.4545454545454545,بسم الله الرحمن الرحيم,train_002547,../data/muharaf_prepared_resized/train/train_002547.png,Valid but hard,,سم اله اا ايم,2025-11-26T21:25:33
0.4545454545454545,العزيز اقرب الــ Ideal منك الى الــPractical,train_001339,../data/muharaf_prepared_resized/train/train_001339.png,Script mismatch (non-Arabic),,العزيز اقرب الىـ  منك الى,2025-11-26T21:25:42
0.4545454545454545,TB1A-25			1,train_018553,../data/muharaf_prepared_resized/train/train_018553.png,Script mismatch (non-Arabic),,T1A-21,2025-11-26T21:25:47
0.4545454545454545,JEH2E1-3013,train_007628,../data/muharaf_prepared_resized/train/train_007628.png,Script mismatch (non-Arabic),,JEH21-2,2025-11-26T21:25:48
0.4545454545454545,الجعيتانى والشدياق انطانوسَ يمين وحنا جرجسَ يمين وبولسَ جرجسَ يمين وعبود تادروس القسَ حنا وعبود اندراوسَ ورومانوس اندراوسَ ويعقوب الياسَ سَعاده,train_016346,../data/muharaf_prepared_resized/train/train_016346.png,Valid but hard,,االجايى القاي واسنانسن وجا جسَ مين وبوسَ جرجس بين وبعود تا دروسَ السَفيا بعد الور وسَ السَوَ الوَ الو وسََ سَداده,2025-11-26T21:25:51
0.4539877300613497,نسَختين من محكمة بداية قضا البترون يعرض على عزتلو قايمقام الافخم لكى غب اجرا ايجابه يسَلم لكل فريق نسَخة تحريراً فى ١٠ ربيع اول سنة ٣٠٥ وفى ١٣ تشرين الثانى سنة ٣٠٣,train_016107,../data/muharaf_prepared_resized/train/train_016107.png,Valid but hard,,سَن ين ميم ممة ة اا الرون عى على تقوقام الالخ ك ب اج الجاه يسَل ك فري سَخة حرً ف برا لاى و٠ تشرن انة ٣٠٣,2025-11-26T21:26:10
0.4538461538461538,تحية وشوقا وبعد فاني آسف اشد الأسف لعدم تمكني من مقابلتكم مع شدة حرصي على ذلك لما لدي من الاعمال الكثيرة التي لا تسمح لي بالبعد عن,train_002512,../data/muharaf_prepared_resized/train/train_002512.png,Valid but hard,,ية وشاً وا اي ن الشد الال عدم تكي ن قالتكم مع شلر حري على لك المدم ا ال ال ا ال ال العى,2025-11-26T21:26:11
0.453781512605042,بكل احترام نقبل انامكم الطاهرة ونطلب بركتم الالهية على الدوام المعروض منا اولادكم اوجه قرية القبيات الذين اتخذنا الحياد,train_008750,../data/muharaf_prepared_resized/train/train_008750.png,Valid but hard,,بلم م ام اكم الارة وطلب برتكم الاربة على الدوام المرض ما والوم اة ا ا ال الاء,2025-11-26T21:26:14
0.4528301886792453,في عداد اسباب المشكله اللبنانية نازحي الجنوب الناقمين,train_006348,../data/muharaf_prepared_resized/train/train_006348.png,Valid but hard,,ي د اشط اللبنانية لنا راجي الجنوب الشاي,2025-11-26T21:26:15
0.4527027027027027,بايعيه وبعض الورثة غير معتبرة شرعاً لعدم وقوعها بين جميع المتقاسمين في مقتضى المادة ال ١١٢٨ من المجلة دون ولعدم تسجيل صكها كما تقتضى المادة ال ١٢ من,train_016242,../data/muharaf_prepared_resized/train/train_016242.png,Valid but hard,,بع و ا اة برة شرم معوم وعيا بين ميع المقا سمين كا تقتض المادة الـ١ من الملة والو ال  الا الاة المان المـ المن,2025-11-26T21:26:17
0.4525139664804469,قابلاً لأستئناف والتمييز بلزوم المدعى عليها دفع ما تبقى للمدعى من الدين المحرر وقدره سَبعة الاف وسَتماية وتسَعة وعشرين قرشاً مع ما يلحقه من الفايدة القانونية المسَتحقة على المديون,train_016104,../data/muharaf_prepared_resized/train/train_016104.png,Valid but hard,,قا وَا وان ا لريع ل ع عى لقى لملى الدين المر وقده سبعة الاق وسَماية وسَعة وعشرت قشرتن م مل ان الاين المقاية المقوية الم ون,2025-11-26T21:26:19
0.4516129032258064,قصيدة عنوانها   .  .  .   العمر,train_007128,../data/muharaf_prepared_resized/train/train_007128.png,Valid but hard,,قصيدة عنوانها  مر,2025-11-26T21:26:23
0.4516129032258064,عن سانبول في ٣ كانون الأول ١٩١٢,train_020407,../data/muharaf_prepared_resized/train/train_020407.png,Valid but hard,,عن سانبول في ٣ ك ٣,2025-11-26T21:26:28
0.4516129032258064,قبلت الرهن نيابة كاتب امين وهبه,train_016684,../data/muharaf_prepared_resized/train/train_016684.png,Valid but hard,,قبلت الرهن ينابة كا,2025-11-26T21:26:34
0.4513274336283185,هو انه بتاريخه قد باع الخواجه كرتبيه طربي الوصي الشرعي على آميل ووليم كرم ولدي المرحوم الشيخ رزق كرم بموجب وصايته,train_016742,../data/muharaf_prepared_resized/train/train_016742.png,Valid but hard,,ها يه   الاوج جري طايه الوي الشري على اميل وريم كم ولدي الرم ام م   يته,2025-11-26T21:26:37
0.45,علية ايران الست كفيل خسّار ادم ودراين ضمن حاضر ويد كفيل مرقوم جود قبول كفالت عبد ارحيم كردبابن مضمون,train_014930,../data/muharaf_prepared_resized/train/train_014930.png,Valid but hard,,ي ا اك كلي ضرا ادم وراين ضمت حاضرك ويد كفيل مرقوم جرجبع بقل لاب علد    ون,2025-11-26T21:26:46
0.45,ENTRANCE TO VISITORS' INFORMATION CENTER,train_010677,../data/muharaf_prepared_resized/train/train_010677.png,Script mismatch (non-Arabic),,ERRAC TOSTORS' AFORON COE,2025-11-26T21:26:49
0.45,ALTAMIRA — RIO XINGÚ,train_018111,../data/muharaf_prepared_resized/train/train_018111.png,Script mismatch (non-Arabic),,ARA — RI XÚ,2025-11-26T21:26:53
0.45,نومرو ٦٣ ثلاثة وستين,train_015308,../data/muharaf_prepared_resized/train/train_015308.png,Valid but hard,,مر راة وستين,2025-11-26T21:26:59
0.4487179487179487,مقيد بسَجل الفراغ والانتقال بتاريخ ٣٠ ت١ سنة ٢٩٦ نمرو ٥٦٩ ما نصه حضر محكمة قضا البترون حضرة الخورى يوسَف بن انطونيوس سَكر وصادق على البيع الصادر عنه للحاضرة,train_016079,../data/muharaf_prepared_resized/train/train_016079.png,Valid but hard,,مسيد سل القال الاخ الا ي   ن ٣٨ و ما ع حض محكمة قضا البترون حضرة الخورى ويسف انطنسَ وسَو و  عع الال المحرة,2025-11-26T21:27:03
0.4482758620689655,"KENNEDY SPACE CENTER, FLORIDA",train_010678,../data/muharaf_prepared_resized/train/train_010678.png,Script mismatch (non-Arabic),,"MEN PEE CEER, FLRODE",2025-11-26T21:27:12
0.4482758620689655,المرقومة وبوجوب تسَليمها للقسَ المذكور وبتضمين له اجرة مثل الاوضه المذكوره بحسَاب كل يوم قرشين من تاريخ الغصب فصاعداً لحين تسَليم الاوضة المذكوره,train_016297,../data/muharaf_prepared_resized/train/train_016297.png,Valid but hard,,المرو وة س الَلم المكور بتضيم له جرة مل الاوضة المذكور بسَل ل مرم مرين ا الا الاي لسَ الم المكر,2025-11-26T21:27:29
0.445859872611465,فاجاب ان يعقوب الدبسَ شيخ صلح بزعون والشهود المدروجة بالصك يشهدون له بذلك وفى ١٧ ذى القعده سنة ٩٨ وفى ٢٨ ايلول سنة ٩٧ حضر كل من الاصيل والوكيل المدعى المرقوم,train_016155,../data/muharaf_prepared_resized/train/train_016155.png,Valid but hard,,فاا ين اي الين خ برون والشاد المروجة بالك يهدون لم بذلك فى ١ ال القعدة لنة ٨ و ولول والول المو المول الموم,2025-11-26T21:27:30
0.4444444444444444,CASA FUNDADA EN EL AÑO 1898,train_017928,../data/muharaf_prepared_resized/train/train_017928.png,Script mismatch (non-Arabic),,COA FUDA E L Ñ88,2025-11-26T21:27:33
0.4444444444444444,216 /2019,train_014217,../data/muharaf_prepared_resized/train/train_014217.png,Script mismatch (non-Arabic),,21/200,2025-11-26T21:27:36
0.4444444444444444,سائق وعمال تنظيفات,train_012682,../data/muharaf_prepared_resized/train/train_012682.png,Segmentation error,,وعاة ننظيفات,2025-11-26T21:27:47
0.4444444444444444,فى ١٨ نيسَان /١٩٠٧,train_018754,../data/muharaf_prepared_resized/train/train_018754.png,Valid but hard,,في ١٨ نينان نة ١٩٤٠,2025-11-26T21:27:52
0.4444444444444444,اولاد عمك,train_018751,../data/muharaf_prepared_resized/train/train_018751.png,Valid but hard,,اولاد,2025-11-26T21:27:59
0.4444444444444444,AF- 322 2,train_000408,../data/muharaf_prepared_resized/train/train_000408.png,Script mismatch (non-Arabic),,AF-342,2025-11-26T21:28:04
0.4444444444444444,YAL4A-3 1,train_018821,../data/muharaf_prepared_resized/train/train_018821.png,Script mismatch (non-Arabic),,YAL2A-2,2025-11-26T21:28:05
0.4444444444444444,عن باري دوبرامي ٢٦ ك٢ /١٩٠٩,train_018653,../data/muharaf_prepared_resized/train/train_018653.png,Valid but hard,,عغباه وربري ٢ ٢ ك٢ ١٩٩,2025-11-26T21:28:10
0.4444444444444444,نمرو ٦٩ تسعة وستين,train_015484,../data/muharaf_prepared_resized/train/train_015484.png,Valid but hard,,و ٢٦ سفة وسَين,2025-11-26T21:28:17
0.4444444444444444,ST1A-15 1,train_017001,../data/muharaf_prepared_resized/train/train_017001.png,Script mismatch (non-Arabic),,1A-11,2025-11-26T21:28:24
0.4444444444444444,JEH2E1-24,train_007560,../data/muharaf_prepared_resized/train/train_007560.png,Script mismatch (non-Arabic),,JEH2-,2025-11-26T21:28:30
0.4444444444444444,لحود ابي رعد من بشرى وانطانيوس افندى طيون من اهدن واجلت الجلسَة لنهار الاثنين / ١٦ ت٢ ٣٠٣ وفى الوقت المعين حضر وكيل المدعيةواما وكيل المدعى عليه,train_016233,../data/muharaf_prepared_resized/train/train_016233.png,Valid but hard,,و ى ى رس واطانين وسى طون من اهدن واجلت الجسَة لهار الاي فى ت ٣ ولوق المقي المي المي المى الميى العيى العيه,2025-11-26T21:28:33
0.4444444444444444,YS-54-003,train_020162,../data/muharaf_prepared_resized/train/train_020162.png,Script mismatch (non-Arabic),,ys-5-008,2025-11-26T21:28:36
0.4444444444444444,AF- 322 1,train_000395,../data/muharaf_prepared_resized/train/train_000395.png,Script mismatch (non-Arabic),,AF-342,2025-11-26T21:28:39
0.4444444444444444,معي بتقبل يديكم وبتقديم تحياتهم الى من ذكر اعده. هذا وفي الختام,train_018104,../data/muharaf_prepared_resized/train/train_018104.png,Valid but hard,,بيل بيدكم دم شراهم الن من كرا عبه. هذ اذاي الحتام,2025-11-26T21:28:56
0.4444444444444444,ME - 21 6,train_011356,../data/muharaf_prepared_resized/train/train_011356.png,Script mismatch (non-Arabic),,ME-211,2025-11-26T21:29:00
0.4444444444444444,فى ١٢ كانون الثاني سنة ١٩٣٦,train_009524,../data/muharaf_prepared_resized/train/train_009524.png,Valid but hard,,١ ١ كان  الد الي  ١٩٣١,2025-11-26T21:29:04
0.4444444444444444,EAK1A 165,train_005359,../data/muharaf_prepared_resized/train/train_005359.png,Script mismatch (non-Arabic),,EAK1A2,2025-11-26T21:29:07
0.4444444444444444,وزكية وفكتوريا (اين صورهم) وارتمي على صدرك أيها الحبيب,train_021007,../data/muharaf_prepared_resized/train/train_021007.png,Valid but hard,,ي شكت الي صورهم) فارقي على صدرك عاحب,2025-11-26T21:29:11
0.4444444444444444,دير القمر,train_005888,../data/muharaf_prepared_resized/train/train_005888.png,Valid but hard,,زيز القسم,2025-11-26T21:29:13
0.4444444444444444,لها اذا فرض سقوطها وحكم بتضمين المدعى عليه ماية قرشاً للمدعين بدل عطلهم وضررهم ووجبت عليه رسوم المحاكمة البالغة خمسَة قروش حكماً قابلًا التمييز وغير قابل,train_016235,../data/muharaf_prepared_resized/train/train_016235.png,Valid but hard,,اها ا سا سم م م ميعن علعية الاة الن بعه علهم ورهم وجبت عليه سَوم المحاكمة البانة مسَة رومً قاً الا ا ليا اس,2025-11-26T21:29:17
0.4444444444444444,18. 5. 68,train_020224,../data/muharaf_prepared_resized/train/train_020224.png,Script mismatch (non-Arabic),,1..68,2025-11-26T21:29:43
0.4444444444444444,بكير  ...,train_017658,../data/muharaf_prepared_resized/train/train_017658.png,Valid but hard,,ركير .,2025-11-26T21:29:47
0.4444444444444444,طبعة أولى,train_001449,../data/muharaf_prepared_resized/train/train_001449.png,Valid but hard,,طبيسة ارلى,2025-11-26T21:29:50
0.4435483870967742,غب تقبيل اياديكم المقدسَة بكل توقير واحترام مع طلب بركتكم الآلهية والدعا بخلود ايام سَيادتكم السَنية. اعرض لسَيادتكم انهُ قد,train_008438,../data/muharaf_prepared_resized/train/train_008438.png,Valid but hard,,غب قيكم الميديم الدكة والتبر واتام م طلب برتكم الالرية والدال بلوا اتكم اليم اليم اسَ  د,2025-11-26T21:29:53
0.4424778761061947,هو ذاته خولي هو ذاته وكيل المرضا هو ذاته يشترى اغراض للتلاميذ بحر الصيف وبرد الشتا فماذا تقول اذا كان هذا الانسان,train_005696,../data/muharaf_prepared_resized/train/train_005696.png,Valid but hard,,ذ  ية ذه كي المرا هوا انه تشرى اطض لبلامي ير الصي ور الاتا فذا ذا اذا اذ اذ ا,2025-11-26T21:30:18
0.4424242424242424,تصادق على تعرفيه عن الورثه الذين ذكرهم دانيال المذكور اجاب كلا ولدى المذاكره تقرر بالاتفاق طلب البينة من وكيل المدعين لاثبات توفى الخوري يوسَف المورث الاول عن الورثة,train_016178,../data/muharaf_prepared_resized/train/train_016178.png,Valid but hard,,صاى على على الى الريى الذيه الريا ام المكروا ابل ود المذكة تقر بلاتقا طلب البية ومي لي الايى الاوى الورى الوى الوى الوى الورة,2025-11-26T21:30:25
0.4411764705882353,في هذه الحرب ثم عربة كبير يحمل قلب,train_020707,../data/muharaf_prepared_resized/train/train_020707.png,Valid but hard,,في  قرية كبير نحمل قلب,2025-11-26T21:30:27
0.4411764705882353,"الحقوقية الموقت ومنع المعترض عليه من دعواه باجرة الاوضه المحررة اما النوع الاخر المتعلق بالحكم وهو اخراج المعترض من الاوضه المرقومة فلم يبق له محل لمضى مدة الاجاره حكماً""",train_016329,../data/muharaf_prepared_resized/train/train_016329.png,Valid but hard,,التية ام امون العع لع ععه ه اه الارة المحرة اما الفع الاضر المقعلق بالحكم و اجرع المرن منا المقرم الملم ململم الملم المحاه الحاه ماً,2025-11-26T21:30:32
0.4411764705882353,Telephone Call: 9345 Bowling Green,train_002320,../data/muharaf_prepared_resized/train/train_002320.png,Script mismatch (non-Arabic),,Tealene C 5 Bowing Ge.,2025-11-26T21:30:35
0.4406779661016949,الصحة واقبلوا فايق الاعتبار والامتنان تحريراً  ٣ اب سنة ٩٣١,train_013620,../data/muharaf_prepared_resized/train/train_013620.png,Valid but hard,,الصة والقال اي الاقبا والاتان ري ة ٩١,2025-11-26T21:30:40
0.440251572327044,بوقت تاريخ الصك المحرر كنت قاعد فى بيتى فى بزعون حضر الىّ طوبيا بولسَ ابى الياسَ البحرى واخيه امين من بزعون وبطرسَ بن يوسَف شمشوم واولاد عمه طنوسَ وجبرايل ولدى,train_016157,../data/muharaf_prepared_resized/train/train_016157.png,Valid but hard,,بقرت الر الرك لكر  ت ت عيى ي روى ضا الى طوبا بوسَ الي اليسَ البر واخيه امين منون وروي وسَ وماو واوا و و و لودى,2025-11-26T21:30:45
0.44,كيف حالك فى aix-les Bains,train_018811,../data/muharaf_prepared_resized/train/train_018811.png,Script mismatch (non-Arabic),,كف حامله فى ix e ie,2025-11-26T21:30:51
0.44,COLLÈGE GREC - CATHOLIQUE,train_005808,../data/muharaf_prepared_resized/train/train_005808.png,Script mismatch (non-Arabic),,COÈEGE - CATOQ,2025-11-26T21:30:53
0.4391891891891892,الشاهد الاول هى ملك الخورى جرجس فرنجيه وبيده من سَبع او ثمان او عشر سنوات ما بعرف وشاهدََا اخر هو الشيخ سَمعان البدوى فرنجيه من اهدن وغب حلفه اليمين,train_016355,../data/muharaf_prepared_resized/train/train_016355.png,Valid but hard,,الشها الار الر الى الجرى ج جسَيه وريه مسَيع اتمان ا وعشر شنوات ما برف وشهدا وه الخَ السَن المون ونن ه ه ه الم المين,2025-11-26T21:31:07
0.4385964912280701,نقولا خليل داود                           جرجس الياس مفرج,train_016720,../data/muharaf_prepared_resized/train/train_016720.png,Irrelevant / signature,,عل                                                 ا الر,2025-11-26T21:31:13
0.4385964912280701,بسم الله الرحمن الرحيم		لاحق خير وسرور انشأالله تعالى 	٦٣,train_002424,../data/muharaf_prepared_resized/train/train_002424.png,Valid but hard,,له ال حيم	لاحق خبر وسور اشا الله تعا,2025-11-26T21:31:22
0.4383561643835616,نعم، كرتلٍ من الارتال في أسواقها او كدميةٍ من الدمى في احد دكاكينها – الى,train_000608,../data/muharaf_prepared_resized/train/train_000608.png,Valid but hard,,من الا ال او كدمية من الدي في احد وكايها) الى,2025-11-26T21:31:26
0.4380952380952381,اقمتها على الحكومة لدى مجلسَ الشورى مقابل اعتراف الحكومة لي بحقي باصدار جريدتي البرق التي لبثت تسَع سنوات,train_003475,../data/muharaf_prepared_resized/train/train_003475.png,Valid but hard,,"الق اى الى الر  ى التر ا الي شبحق باصدار جريدي البرق"" التي لبت تسَمع سَنوات",2025-11-26T21:31:30
0.4380165289256198,٠٠٤ الى اخينا نخله ليره ٣ من والدتنا ومنا ليره ١ الجمله ٤ وافهموا اخينا يعطي خالنا خيرالله ليره من اصلهم عن لسَان والدتنا,train_018669,../data/muharaf_prepared_resized/train/train_018669.png,Valid but hard,,٠ الى خينا خده ل من والدتنا منا ل الجسل ٢ وافهموا اقنينا بي انان الخي الي   ن  ان,2025-11-26T21:31:32
0.4375,وتعهدت بانه اذا كان البيع المحرر سَبباً لهلاك دين سَابق تاريخ البيع فتلزم بدفع مثل التمن المرقوم وقد تبين بان دين المدعى اضحى هالكاً لما تبين فى افادة شيخى بشرى,train_016101,../data/muharaf_prepared_resized/train/train_016101.png,Valid but hard,,وتها اان اان الا الر الر الكاه اكلان سَين اقريخ اليع قم بع معل التمى المرقم وقبن باي الدعى ال ى الم ا م ا اا ااي ايى شرى,2025-11-26T21:31:41
0.4375,١٣٤١ 	٤	ذي الحجه,train_002360,../data/muharaf_prepared_resized/train/train_002360.png,Segmentation error,,١٣ دي المجه,2025-11-26T21:31:44
0.4375,الامر لسَيادتكم فلا تحرموني من بركتكم الرسَولية اطال الله ايام سَيادتكم للدوام ٢٠ كانون ثاني ٩١١,train_008930,../data/muharaf_prepared_resized/train/train_008930.png,Valid but hard,,الماسَيدكم لا تحروين مي بركتكم المرَولة اطل الله ايم اسادكم الم,2025-11-26T21:31:47
0.4375,١٠ ايار سنة ١٢٢٤,train_015984,../data/muharaf_prepared_resized/train/train_015984.png,Valid but hard,,١٠ ايركة ٩٢,2025-11-26T21:31:50
0.4375,وغب حلفه اليمين شهد ان القطعة المرقومة وحددها هي بيد الخورى جرجسَ فرنجيه من تمان سَنوات وشاهداً هو الخورى فرنسَيسَ حنا ديب من اهدن وغب حلفه اليمين شهد ان القطعة,train_016362,../data/muharaf_prepared_resized/train/train_016362.png,Valid but hard,,ب له الين ن هدن القة المقومة ومهدى ب الخورى جرسَ فربجهمنتماس سَوا وشها اذى الخر سَ ن انن الن لن الن الما اعة,2025-11-26T21:31:53
0.4375,والمدنية في شرقي,train_019576,../data/muharaf_prepared_resized/train/train_019576.png,Valid but hard,,والمدنية ٢,2025-11-26T21:32:04
0.4375,١٩٠١ عن اتلانتك ستي\٢٣ أيار ١٩٠١,train_001532,../data/muharaf_prepared_resized/train/train_001532.png,Valid but hard,,عن الحتك شي ف ٢٣ أيار ١٩٠,2025-11-26T21:32:12
0.437125748502994,يد موكلى وبايعيه ومشاهدتهم وسَكونهم عن الدعوى وان حيث صدر من هذه المحاكمة قراراً بطلب البينة من موكلى لاثبات مدعاه فلا يمكن الرجوع عنه الان فالتمسَ طلبها منها لاحضارها,train_016184,../data/muharaf_prepared_resized/train/train_016184.png,Valid but hard,,ييه وك وياه وها وه وسمن عنى العدى حو ى حر ن هذه الحكمة قاراً بطل البية من مكلى لثات مرعا اكن المعرع ع الا سَا  ا ا,2025-11-26T21:32:15
0.4363636363636363,سلام لجيراننا بيت بيت الخواجه مخايل المنير والله يحفظكم,train_019104,../data/muharaf_prepared_resized/train/train_019104.png,Valid but hard,,سلام حير انا بي الخوي مخال المي  كم,2025-11-26T21:32:18
0.4353741496598639,لدى المذاكره ثبت بالبينة المذكاة شرعاً ان القطعة الارض المدعاة ملكاً للمدعى فعليِه وسَنداً على المادة الـ ١٨١٧ من المجلة حكم بالاتفاق حكماً غيابياً,train_016008,../data/muharaf_prepared_resized/train/train_016008.png,Valid but hard,,لى الكة المكة ة اة ااة الماة الع المامة المعة مكا لمدعىفعليه وسَيدً على الادة ال ١ ا  لملم المحكاً لكاً ا يا,2025-11-26T21:32:22
0.4347826086956521,بطرسَ الفغالي عم الدائنين والديون وجدت ضمن ظرف,train_004748,../data/muharaf_prepared_resized/train/train_004748.png,Valid but hard,,ن يط ملفظاليم اعمن الئائنين و المديوتما خلات حمن ظرف,2025-11-26T21:32:28
0.4347826086956521,القيام بأعمال المستوصف.,train_012685,../data/muharaf_prepared_resized/train/train_012685.png,Segmentation error,,ا ال المستوصف,2025-11-26T21:32:36
0.4347826086956521,COUVENT N.D. DU SECOURS,train_005837,../data/muharaf_prepared_resized/train/train_005837.png,Script mismatch (non-Arabic),,COV D. DU SPUR,2025-11-26T21:32:39
0.4333333333333333,"Piazza S. Pietro in Vincoli, 8",train_005235,../data/muharaf_prepared_resized/train/train_005235.png,Script mismatch (non-Arabic),,SizS. Ptro in Vino,2025-11-26T21:32:40
0.4333333333333333,عدد ١٠					تحريراً فى			سنة	١٣,train_002607,../data/muharaf_prepared_resized/train/train_002607.png,Valid but hard,,عدد١	تحريراف	سنة١,2025-11-26T21:32:45
0.4331210191082802,المرقومة وحددها هى بيد الخورى جرجسَ فرنجيه من سَبع سنوات وشاهداً اخر هو الخورى يوسَف توما من اهدن وغب حلفه اليمين شهد ان القطعة المرقومة وحددها هى بيد الخورى,train_016363,../data/muharaf_prepared_resized/train/train_016363.png,Valid but hard,,المدو و دوده دود الجر جرس نَيمه سع اسرات وشاهدً خ هد الخورى يوسَف مام من د فولف الين ن ران القوقة المة اة واوة الخوى لخورى,2025-11-26T21:33:06
0.432258064516129,والى شقيقته مريم قيراط وتمان حبات والى بولسَ رومانوس ديب ثمانية عشر حبه وذلك سَنداً على المادتين ال ١٨١٧ و ال ١٨٣٠ من المجلة واما دعوى وكيل المدعى عليه بان,train_016202,../data/muharaf_prepared_resized/train/train_016202.png,Valid but hard,,والمي شية قرة م وان ا ولى يسَ رونسَ وب ثماية عرجه وذلك سندنً على المادي الـ ١ وال ١٣ مل مام المول الموى الدى المدى ع اب,2025-11-26T21:33:12
0.4313725490196078,بيان اقرارها خرج اعلام ٣٢ اجرة الوكيل المسَخر اربع جلسَات عن كل جلسَة ريال مجيدى اجرة الاوضه المغصوبة ٣٢٥ عن كل يوم قرشين من ٢٣ ادار لغاية ١٥ شباط ٨٧ ٦٧٦,train_016317,../data/muharaf_prepared_resized/train/train_016317.png,Valid but hard,,بان ا ار اا الا مة جرة الكليل السَر اربع جسَات عن كلبسة ريا الجيى ارة الموة المعوة وي ي اشين اين الي الاي شاة ٨٣٠٦,2025-11-26T21:33:14
0.4313725490196078,بتاريخه قد جرت المقايضه الشرعية فيما بين الدكتور يوسف فرحات فريق اول والخواجه موسى فرحات فرح فريق ثاني,train_000192,../data/muharaf_prepared_resized/train/train_000192.png,Valid but hard,,بتاريخيه ن القاية المرية بماين الاكتور ليسف رحل تغري الول والخوج م ف   ان,2025-11-26T21:33:15
0.4311926605504587,ارادة اما تقول عنه انه حقاً ناكر الجميل؟ فهذه ايها العزيز حالتي مع الخوري لا اكثر ولا اقل وفضلاً عن ذلك امرتي,train_005677,../data/muharaf_prepared_resized/train/train_005677.png,Valid but hard,,ارة اة ل له حبا اكر الحيل في فهذه اليها العزي حلني فع الخوري لا كرل ول وجً ا  ليس,2025-11-26T21:33:18
0.4310344827586206,رفيديا - نابلس ص ب ٨٤                سلامي الى مدام صيداوي,train_016974,../data/muharaf_prepared_resized/train/train_016974.png,Valid but hard,,ورفيديا نابلس ص ٤            ادي داي,2025-11-26T21:33:20
0.4285714285714285,.Joe. J. Allen,train_004996,../data/muharaf_prepared_resized/train/train_004996.png,Script mismatch (non-Arabic),,Je. J Al,2025-11-26T21:33:23
0.4285714285714285,YS - 4D - 050b,train_020061,../data/muharaf_prepared_resized/train/train_020061.png,Script mismatch (non-Arabic),,YS-4D-00,2025-11-26T21:33:25
0.4285714285714285,3IM 108,train_012736,../data/muharaf_prepared_resized/train/train_012736.png,Script mismatch (non-Arabic),,M 08,2025-11-26T21:33:27
0.4285714285714285,"شحلو "".",train_009537,../data/muharaf_prepared_resized/train/train_009537.png,Valid but hard,,سشحلو.,2025-11-26T21:33:31
0.4285714285714285,جناب الاجل الماجد كريم الشئم عمنا العزيز الخواجه اسَعد بطرسَ الافخم ادام بقاه,train_010847,../data/muharaf_prepared_resized/train/train_010847.png,Valid but hard,,ج الال المال امركي الشر عمنا العقزير الخوا اسَ سَ  م ا,2025-11-26T21:33:33
0.4285714285714285,*		*		*,train_008045,../data/muharaf_prepared_resized/train/train_008045.png,Irrelevant / non-text,,*	**,2025-11-26T21:33:38
0.4285714285714285,SAINT - BASILE,train_005994,../data/muharaf_prepared_resized/train/train_005994.png,Script mismatch (non-Arabic),,ST- BALE,2025-11-26T21:33:42
0.4285714285714285,عدد ١٤٧,train_010110,../data/muharaf_prepared_resized/train/train_010110.png,Segmentation error,,عد ١٣,2025-11-26T21:33:45
0.4285714285714285,MG26-43   3/12,train_011943,../data/muharaf_prepared_resized/train/train_011943.png,Script mismatch (non-Arabic),,MG2-4312,2025-11-26T21:33:48
0.4285714285714285,QUIBDO_ISTMINA,train_020843,../data/muharaf_prepared_resized/train/train_020843.png,Script mismatch (non-Arabic),,QUO_ISTN,2025-11-26T21:33:53
0.4285714285714285,الدعى لتحريره.,train_014223,../data/muharaf_prepared_resized/train/train_014223.png,Valid but hard,,الان اعلى لتحريره,2025-11-26T21:34:00
0.4285714285714285,4 5 -17,train_019976,../data/muharaf_prepared_resized/train/train_019976.png,Script mismatch (non-Arabic),,47 -7,2025-11-26T21:34:03
0.4285714285714285,21.5.68,train_020319,../data/muharaf_prepared_resized/train/train_020319.png,Script mismatch (non-Arabic),,1..8,2025-11-26T21:34:04
0.4285714285714285,MeM1C-1,train_014196,../data/muharaf_prepared_resized/train/train_014196.png,Script mismatch (non-Arabic),,MeC-4,2025-11-26T21:34:10
0.4285714285714285,- فرنسيس حشيمه,train_005773,../data/muharaf_prepared_resized/train/train_005773.png,Valid but hard,,فرنيس حنيبه.,2025-11-26T21:34:21
0.4285714285714285,Estado do Pará,train_018112,../data/muharaf_prepared_resized/train/train_018112.png,Script mismatch (non-Arabic),,Ts do Paá,2025-11-26T21:34:24
0.4285714285714285,بارا في,train_018065,../data/muharaf_prepared_resized/train/train_018065.png,Valid but hard,,باراح,2025-11-26T21:34:28
0.4285714285714285,من جديد,train_005557,../data/muharaf_prepared_resized/train/train_005557.png,Valid but hard,,من حويد.,2025-11-26T21:34:32
0.4272727272727272,غب لثم ايديكم واهديكم مزيد الاحترام ولعايلتكم الكريمة اعرض لقد عزمنا على بيع ارزاقنا بالوطن فعليه اقتضى ارسَال,train_018756,../data/muharaf_prepared_resized/train/train_018756.png,Valid but hard,,غلثم لثم الدثكم ااديكم ااركم الحرم الراكم الكرية المعرض لعد غرمنا على مسيع الران والط ع  اسَ,2025-11-26T21:34:34
0.4261363636363636,عيسَى شمشوم ومعهم لحود الخورى من بقورقاشا والخمسَة اشخاص المذكورين قالوا اعمل لنا حجة الى لحود الخورى من بقورقاشا بقطعة ارض بخراج بقرقاشا جاوبتهم انا بانه لا اعلم ان لطوبيا ارض,train_016158,../data/muharaf_prepared_resized/train/train_016158.png,Valid but hard,,عيسَم موم وم وحور الحرى لي بلا الخشسة اخ المكورين اقوا امعمل لاجة ل احد الخورى من قوق اطقة طر ر اجرواج اجا الا الا ا ارض,2025-11-26T21:34:35
0.4258064516129032,طبق شهادة سَليمان اغناطيوس وشاهدًا هو يوسَف بطرس توما من اهدن وغب حلفه اليمين شهد ان القطعة المرقومة هى بيد الخورى جرجسَ فرنجيه من سَبع ثمان سَنوات وشاهداً,train_016357,../data/muharaf_prepared_resized/train/train_016357.png,Valid but hard,,بطقه قاة سمان ايون وشادا لو وسف برس عاض اهدن وغب صلفه البين شهد ان القرة المويى لويى الخجرى خجى مجَ مسََ مسَا سَا سَاده,2025-11-26T21:34:37
0.4251968503937008,الزمان ولم يزالوا على اجرآ  كلما بوسَعهم من الاعمال الخيريه من تشييد المدارسَ للذكور والاناث وتعليمهم علاوناً عن اللغات ضروريات,train_008762,../data/muharaf_prepared_resized/train/train_008762.png,Valid but hard,,الا ا ا ام ا ا الا وسَ م الال الخريه من تشبيد المداس للذكر والاثات وبعلما وعاً علا الخ ياً,2025-11-26T21:34:38
0.425,صح وان شاءتم ان تطلعون حضرة سَيدي الوالد,train_010888,../data/muharaf_prepared_resized/train/train_010888.png,Segmentation error,,ان اهم ان طلعون حرة سَودي,2025-11-26T21:34:45
0.4236111111111111,لكل واحد منها قيراطان ونصف الا ربع الثلث ثم توفيت حوا عن ولديها يوسَف ومريم فخص يوسَف قيراطان وثلث القيراط وخص مريم قيراط وثلث ثم توفيت سَاره عن,train_016170,../data/muharaf_prepared_resized/train/train_016170.png,Valid but hard,,ل  و  ا اوان الاب الثاثم وية صان وليها يوسَف وميم فخضى يوسَف فيرطان وثلثت الغطرا وصو مري را واثلم وث ش ر,2025-11-26T21:34:49
0.4236111111111111,فنظر فى بادئ الامر فى استدعا الاعتراض فوجد متقدماً فى مدته القانونية وموافقًا شرايط النظامية ولهذا قر القرار بالاتفاق بقبوله سَنداً على المادتين,train_016292,../data/muharaf_prepared_resized/train/train_016292.png,Valid but hard,,فرر ى الاى المامى اسَع العران وجود مقدماً فى حدة القنويةوموافا اشرية التاية وقدا الاراق الابا القاً قاً الاً ال المتين,2025-11-26T21:34:51
0.4236111111111111,قد اسَتدعى حجز بعض عقارات وطرحها فى المزاد العمومى لاجل وفا دين يدعيه على ذمة شقيقهما ميلان بحجة انها ملك ميلان المحرر ومن كون العقارات المرقومة,train_016258,../data/muharaf_prepared_resized/train/train_016258.png,Valid but hard,,ققدَ سد عى ر ارا وروفن المار المعوى ال فوين دعيه على ذمة شفيها بلان بجنه انه م ملات المحر م الم المقومة,2025-11-26T21:35:04
0.4228187919463087,وعهد بطل صادرين عن رضا وقبول وتسَليم وتسَلم طوعيين من الجانب وغب المعاقده الشرعية صار البيع المحرر ملكاً للشارى المذكور يتصرف به حيث شا وبناءً لحقيقة,train_016194,../data/muharaf_prepared_resized/train/train_016194.png,Valid but hard,,ر ر رين وقول وسَيم وسَلم طعين من الجانبين وغب الماقده الشرعية ار البر المر لمكر المكور المر الر ارا ا باق,2025-11-26T21:35:20
0.421875,يا سندباد اللعب يا معلّم فُلان      لو قلت عنا ولاد خدلك هالبيان,train_007475,../data/muharaf_prepared_resized/train/train_007475.png,Valid but hard,,يا سَندبد العي م  قلا        ل ا اود ل البيا,2025-11-26T21:35:24
0.4215686274509804,ودوام عز الحكومه الجديده التي لم نرَ اليوم السعيد الاَّ بوجودها وبانظار سيادتكم لازلتم سيدنا بصحة وخير,train_009080,../data/muharaf_prepared_resized/train/train_009080.png,Valid but hard,,وم ال الم ال الين رم اليوم السعيد الا وجوه وانظر سَيدكم لا نا سم ووور,2025-11-26T21:35:49
0.4215686274509804,بطلب الحجز على نسختين ليحفظ منها نسخة في المركز ويعاد لكم النسخة الثانية مدرج عليها قرار الحجز للتنفيذ,train_000237,../data/muharaf_prepared_resized/train/train_000237.png,Valid but hard,,بطل الجير على لستين لحفظ مها لنة في المرك وادلكم الشثنة الاة ه   ال الور,2025-11-26T21:35:51
0.4214876033057851,الخوري جبرايل ريس المدرسة الجزيل الاحترام فبقينا فى هذه المدينة مده يومين ثم يومين اخر فى برنديرنسَ وطلعنا الباخره من هذه,train_005667,../data/muharaf_prepared_resized/train/train_005667.png,Valid but hard,,الخخوري ي اس الرية الري الحتم قينا فى هذه المذية مده لون ثم من فخرى ر ب ال ول  هذه,2025-11-26T21:35:53
0.4210526315789473,اتامل مع انسان خبيث فقد خدمته امس خدمة,train_020986,../data/muharaf_prepared_resized/train/train_020986.png,Valid but hard,,اتامل انان خبيت فقد خة م,2025-11-26T21:36:01
0.4210526315789473,"Mannington, W. Va.,",train_011064,../data/muharaf_prepared_resized/train/train_011064.png,Script mismatch (non-Arabic),,"Mant, W. V,,",2025-11-26T21:36:04
0.4210526315789473,Color Photo by NASA,train_010666,../data/muharaf_prepared_resized/train/train_010666.png,Script mismatch (non-Arabic),,Col Po by N,2025-11-26T21:36:06
0.4210526315789473,قبلت الشراء بما فيه,train_015955,../data/muharaf_prepared_resized/train/train_015955.png,Valid but hard,,بن الشراءة بتاني,2025-11-26T21:36:11
0.4206896551724138,بعضهم بعضاً واحدهم يوسَف قد توفى عن والده المذكور فيلتمسَان جلب اسَطفان والحكم عليه بالمبلغ المسَطر وفايدته فطلب الفريقين بالصوره القانونية فحضرا,train_016218,../data/muharaf_prepared_resized/train/train_016218.png,Valid but hard,,ع ضا ضها وايهم وسَ ف من الده المذكور فلمسَان جل اسَطفان والكم عيه البل المسَة ط طيه البيب الي ال ارة,2025-11-26T21:36:13
0.4201680672268907,المدرج فى اسَتدعا هى ملك رزق سَليمان طيون اتصلت اليه بلارث من ابيه وكانت بيده انما الان من سنة او سنتين قدم المدعى عليه,train_016279,../data/muharaf_prepared_resized/train/train_016279.png,Valid but hard,,المري س اتاد دهم ر سَ ين ون المحه اليه والاد من ابيه وكات بيدها من الان من سَة او سَنيى وجي يسف   لمدى,2025-11-26T21:36:14
0.4196428571428571,عدد ١٢٢ لدى امعان النظر فى مندرجات ضبطنا من المحاكمة وسائر اوراق الدعوى المتفرعة تبين ان حنا شربل المسن قطع شجرة,train_015530,../data/muharaf_prepared_resized/train/train_015530.png,Valid but hard,,عد ١ لدى العى المان ران بطنا من المحاكمة وسائ ورع الدوى المتقرية عنين     ل ية,2025-11-26T21:36:16
0.4193548387096774,عنكم وعن جميع لاننا من مدَة كبيرة لم نحظ ولا بتحرير من حضرتك ومن جهت العزيز خالنا بتمام الصحة,train_018659,../data/muharaf_prepared_resized/train/train_018659.png,Valid but hard,,كم ن ن ان مكة كية م نخظر ولا تري من حضرك ومن هيه الزي نام الا الصة,2025-11-26T21:36:17
0.4189189189189189,مثل التمن لوفا الدين وحيث ان دين موكله سَابق هذا المبيع فيلتمسَ جلب منتوره المحرره والحكم عليها بالدين الباقى لموكله وفايدته والعطل والضرر حافظاً حق,train_016055,../data/muharaf_prepared_resized/train/train_016055.png,Valid but hard,,ف ن ان اين ين اامن مكم ساق هذا المع فيلمسَ جلب مقره المحره والحكم عليا الاي المايم ولميل والاة والا ولا وا ضفق,2025-11-26T21:36:19
0.4186046511627907,وعشتم دهراً  ولك دايم محبته وكرمه بعد خسَرا,train_004574,../data/muharaf_prepared_resized/train/train_004574.png,Valid but hard,,وعستمة وحسًَ ول رايم منه وكرمه بعد,2025-11-26T21:36:20
0.4166666666666667,نظامي ... واحد مع ثور باشي ويوجد خان,train_015146,../data/muharaf_prepared_resized/train/train_015146.png,Valid but hard,,نظان بغال بلك واحل مع نورباش وبوجد خات,2025-11-26T21:36:21
0.4166666666666667,.. / ..Tel. (01) 303344 - Fax (01) 311967 - Boite Postale 14/5312 - Beyrouth - Liban,train_018572,../data/muharaf_prepared_resized/train/train_018572.png,Script mismatch (non-Arabic),,.Tel. (01) 34 - Fax 031 1 967 - Bote Pote eoth Liban,2025-11-26T21:36:24
0.4166666666666667,NADER JOSEPH,train_011202,../data/muharaf_prepared_resized/train/train_011202.png,Script mismatch (non-Arabic),,NAE JEP,2025-11-26T21:36:25
0.4166666666666667,AL – HORRIAT,train_019110,../data/muharaf_prepared_resized/train/train_019110.png,Script mismatch (non-Arabic),,AL RIAT,2025-11-26T21:36:26
0.4166666666666667,المطران ىطرس,train_004757,../data/muharaf_prepared_resized/train/train_004757.png,Valid but hard,,المصور بطرس,2025-11-26T21:36:30
0.4166666666666667,AL - HORRIAT,train_019069,../data/muharaf_prepared_resized/train/train_019069.png,Script mismatch (non-Arabic),,AL RIAT,2025-11-26T21:36:32
0.4166666666666667,فرنسيس حسىمه,train_005775,../data/muharaf_prepared_resized/train/train_005775.png,Valid but hard,,مرسيسجسمه,2025-11-26T21:36:35
0.4166666666666667,قدس السيد الجليل الفاضل دامة رياسَته,train_008757,../data/muharaf_prepared_resized/train/train_008757.png,Valid but hard,,قدس السيد اليل افاضل النبيل دة وسه,2025-11-26T21:37:00
0.4166666666666667,عضو حنا قديس,train_016622,../data/muharaf_prepared_resized/train/train_016622.png,Irrelevant / signature,,عضو قدي,2025-11-26T21:37:12
0.4166666666666667,حىىب حىرالله,train_004210,../data/muharaf_prepared_resized/train/train_004210.png,Valid but hard,,ححبرالله,2025-11-26T21:40:44
0.4166666666666667,JPK2B-69			1,train_008252,../data/muharaf_prepared_resized/train/train_008252.png,Script mismatch (non-Arabic),,JPK2-61,2025-11-26T21:40:57
0.4166666666666667,(كأنه يتشدق),train_003265,../data/muharaf_prepared_resized/train/train_003265.png,Valid but hard,,(يأمن يشدو),2025-11-26T21:41:01
0.4161073825503356,وشاهداً هوا انطانيوس سمعان سَاروفيم من اهدن وغب حلفه اليمين شهد ان القطعة المرقومة هى بيد الخورى جرجسَ فرنجيه من سَبع او ثمان سَنوات وحددها طبق تحديد,train_016368,../data/muharaf_prepared_resized/train/train_016368.png,Valid but hard,,وشا ها ا ون سن سَرايم من اهدن غب حلفه اليمين شهد ان العطعة المرقمة هيد الدى ارخجرَى جه مسن س ا    حد,2025-11-26T21:41:03
0.4158415841584158,قال للمونسيور ان فتح الله وفاضل ومسعد سبب كل علة وذلك امام القرار عما وتقول فى اوانه هذا عن صحة كلامك,train_005726,../data/muharaf_prepared_resized/train/train_005726.png,Valid but hard,,قل سيون ان  اه وفضيل وسد سيب كل عله وذلك اصلم اقداعى وتقول اى ا ا    ك,2025-11-26T21:41:04
0.4155844155844156,فرنجيه وسَمعان انطانيوسَ كرم ولا بينة لغيرهم فتعين لاحضار البينة نهار الارابعا فى ٢٩ نيسَان ٣٠٣ وبالتاريخ المعين حضر المتداعيان وقدم احدهما سَليمان شاهداً,train_016276,../data/muharaf_prepared_resized/train/train_016276.png,Valid but hard,,ترجه وعسان انطوس م ابنة لى عرهم فين لاحضار البية نهار الابع ف٢ تنسن ٣٠ وتاتاري المحر المرن الادا الدا المدام مسما سَهدا,2025-11-26T21:41:06
0.4155844155844156,ابيها لكونه من بشرى وماتت رفقه عن اربع بنين بطرس وداود ويوسَف ويونسَ الحاصلين لها من طنوسَ صالح ثم مات داود المذكور عن بنته نزهه القاصره وزوجته فرنجيه بنت,train_016173,../data/muharaf_prepared_resized/train/train_016173.png,Valid but hard,,ا ن ن ن ر رف ق الرع بن بطرس واد ويوسَف وسَ الحاصلين لها من انوسَ حا ثم مار او المذو رن نه اه ه ه ينت,2025-11-26T21:41:08
0.4137931034482758,وبشاره ثم توفى بشاره عن زوجته حنه بنت الياسَ ابى قزح وبنتيه حنه وسَاره وعن شقيق الخورى يوسَف من ان حنه زوجة بشاره المتوفى تزوجت بديب الخورى اشعيا,train_016185,../data/muharaf_prepared_resized/train/train_016185.png,Valid but hard,,وباه ن ه شه ه ه جن انة الي لى رج وبنية صا وسَاره وعن شقية الخورى يوسَ من ان نه رجش بشاه المري ت  ال اي,2025-11-26T21:41:15
0.4133333333333333,لانَّني لم أجد لكَ عذراً أو سَبباً معقولاً لهذا.. أَكنتَ خائناً لما تصل إلى,train_011699,../data/muharaf_prepared_resized/train/train_011699.png,Valid but hard,,لّ ّ  لك عذً اً َباً عثولاً لهذا .. كن خاً ملا صل الى,2025-11-26T21:41:26
0.4130434782608695,انظروا تلك صيدون وبيبلوس، ممالك الارجواني هذه،,train_019537,../data/muharaf_prepared_resized/train/train_019537.png,Valid but hard,,الو شك صيدون مال وطالارجواني هذه،,2025-11-26T21:41:31
0.4125,صك قدم للمحكمة وهذه صورة الداعى لتحريره اقر اننا بالحالة والاوصاف المعبر اقرارنا بها شرعاً قد بعنا لحود الخورى من قرية بقرقاشا من طايفة المارونية وهو ملكنا ويحق,train_016133,../data/muharaf_prepared_resized/train/train_016133.png,Valid but hard,,ملم م ة ة وة الهرة لحر حرهاه ا بالالة والاصاف المعير قارا بها شرعاً قدعنا لوى الخورى مر قرا اة الماة وة ووية ويق,2025-11-26T21:41:32
0.4117647058823529,Liebers Code Used,train_020846,../data/muharaf_prepared_resized/train/train_020846.png,Script mismatch (non-Arabic),,Meiers Cde e,2025-11-26T21:41:35
0.4117647058823529,سمعناك في ليل الحياة ترافع              لقد مات من تهوى فعمّن تدافعُ,train_004088,../data/muharaf_prepared_resized/train/train_004088.png,Valid but hard,,سمعناك في ليل الحياة ترافع       م ا  داع,2025-11-26T21:41:55
0.4117647058823529,الحورى ىوسف الحاج,train_009228,../data/muharaf_prepared_resized/train/train_009228.png,Irrelevant / signature,,الحورى لوسف,2025-11-26T21:42:12
0.4117647058823529,لعلَّ الوقتَ يَسمحُ لنا بزيارتهِ قبل مغادرتهِ البلاد فاذا أمكنني ذلك أزورُهُ يوماً من,train_011700,../data/muharaf_prepared_resized/train/train_011700.png,Valid but hard,,ة التَ لم لا برنه ل معادته البلاد فاذا أكني ذك أرة ا وم مان,2025-11-26T21:42:22
0.4117647058823529,لطوف المقدسَ وعن اخت المذكورين ومات وهبه عن حنا وحبيب وبشاره ونور هذا ما وجد مسَطراً بمدة القراب السَابقين وبتاريخ ٣٠ ايلول سنة ٣٠٣ حضر الشيخ مخايل جرجسَ,train_016174,../data/muharaf_prepared_resized/train/train_016174.png,Valid but hard,,طو قوس ى ال المذكوي ومان ه عن حنا وحجيب وشاره ونور هذا ما جد سَاً بد الا الساي واي و ٠  الجال جا جس,2025-11-26T21:42:24
0.4117647058823529,Journal Al - Bark,train_003466,../data/muharaf_prepared_resized/train/train_003466.png,Script mismatch (non-Arabic),,Joal l  Ba,2025-11-26T21:42:30
0.4117647058823529,ابدًا نزودكم بساعة خرجنا من غرفتنا,train_020517,../data/muharaf_prepared_resized/train/train_020517.png,Valid but hard,,ابدًا منعم نزوكم بساعد رحا فو غرمتا,2025-11-26T21:42:33
0.4117647058823529,EAC-D-47b (copie),train_004052,../data/muharaf_prepared_resized/train/train_004052.png,Script mismatch (non-Arabic),,EA-CD47c-(ope),2025-11-26T21:42:36
0.4117647058823529,رحلتنا من بيروت إلى مرسيليا ما كان ممنون منها الشيخ,train_020516,../data/muharaf_prepared_resized/train/train_020516.png,Valid but hard,,وخلنا من بيروت الرسيان كاون فيه الشيح,2025-11-26T21:42:40
0.4090909090909091,قرش بموجب اعلام من هذه المحكمة بتاريخ ١٩ ت١ سنة ٩٧ تحت نمرو ٩٢ تبلغ بحسَب الاصول فى ٧ ت٢ سنة ٩٧ البالغ القدر المحرر مع فايدته المحكوم بها مبلغ ثمانية الاف,train_016051,../data/muharaf_prepared_resized/train/train_016051.png,Valid but hard,,ر م باعلم ن همه المكمة اتاري ١ ن ٩ تن نو ٣٥ تبلغ بحسب الاول فى ٢ س ة٣٠ بالابق القدر المدر ام م المم المم اللة الغفق,2025-11-26T21:42:44
0.4090909090909091,كما تلده القلب ما يزود,train_003821,../data/muharaf_prepared_resized/train/train_003821.png,Valid but hard,,ما جلزه القلب فار مر,2025-11-26T21:42:46
0.4090909090909091,هلا كيف بل يا اخي خطار,train_003810,../data/muharaf_prepared_resized/train/train_003810.png,Valid but hard,,فلا يناجج با اخي صطاح,2025-11-26T21:42:47
0.4084507042253521,حررت سلاماً للنصير وسوف ارسل باول فرصة مقالةً                       ؟؟؟,train_001940,../data/muharaf_prepared_resized/train/train_001940.png,Valid but hard,,حررت سلاماً للنصير وسوف ارسل بابول فرصة مقال,2025-11-26T21:42:49
0.4081632653061224,عصو                   عصو                     رىس,train_016284,../data/muharaf_prepared_resized/train/train_016284.png,Valid but hard,,عصو        عضر                س,2025-11-26T21:42:50
0.4074074074074074,او ارسل فليس للإنسان غير الشكر. وهو في الحالين على حزم,train_003293,../data/muharaf_prepared_resized/train/train_003293.png,Valid but hard,,ر اسل ليس وي غير الشكر و في الاين الاية,2025-11-26T21:42:52
0.4074074074074074,الاغراض التي ارسلتيها وصل منهم علبتين كرتون/فقط مفتوحين فيهم تياب صيفية ضمنهم طقم,train_010314,../data/muharaf_prepared_resized/train/train_010314.png,Valid but hard,,الر لي سليلها وصا له علتين كرو ف مترحين فهم با ابية من طتم,2025-11-26T21:42:54
0.4074074074074074,١٩٤٦ اصدر مجلة باسم الزغلول غير مرخص لها اوقفتها دائرة,train_012346,../data/muharaf_prepared_resized/train/train_012346.png,Valid but hard,,١٩٤ احدر مجلة ا ر ول خص نها اوقتها واا,2025-11-26T21:42:56
0.4074074074074074,سلب ملبوسات ومصاغاة واندافعهم على ذبح ولد مرت يوسف حنا قديح من القبيات المرافقة شفيق اوصا المومى اليه من حمص,train_008622,../data/muharaf_prepared_resized/train/train_008622.png,Valid but hard,,سل سبما وصاة واوفافهم على يزيج ولد حرتي يوسف مناقير من البيا المرف فقا اا ال ال ا,2025-11-26T21:42:58
0.4074074074074074,تحويل ٢٧/١٥٠ فرنك علي البنك الفرنسَاوي السَوري في بيروت مبلغ ماية جنيه مصري مكتوب,train_011761,../data/muharaf_prepared_resized/train/train_011761.png,Valid but hard,,تو ١ على البك الفرسَاوي السوري و بلغ ماي خيه صرب كو,2025-11-26T21:43:01
0.4071856287425149,ورشعين بان الخورى المحرر لم يبق على ملكه شى سَوى البيت المحرر المباع منه الى المدعى عليها بموجب صك غير مسَجل وبما ان وكيل المدعى لم يطلب فسَخ هذا البيع كما ان لا فايدة,train_016102,../data/muharaf_prepared_resized/train/train_016102.png,Valid but hard,,ورى عين لين الحول الرى لرى عى عشكى اشري الر الرامن الى المدعى عليه موجب حك غير مسَجل وبان وكل الدعى مل يس  ا ال ا يدة,2025-11-26T21:43:03
0.4069767441860465,اخي يوسف وابنة عمي ادما وولدي العزيزين فوآد ودرويش يشتركون معي بتقبيل يديكم وبتقديم ما,train_018059,../data/muharaf_prepared_resized/train/train_018059.png,Valid but hard,,ي و ة  و ي العزين فواد ودريشس بشتكون على بقبله لديكم وبقديم ما,2025-11-26T21:43:04
0.4065934065934066,والرفاهية. وان جرات بالسَوال عنا وسَيديّ الوالدين وعن العزيز خالنا فلالله الحمد حين تاريخهِ,train_018656,../data/muharaf_prepared_resized/train/train_018656.png,Valid but hard,,والراية وان جر السَوله فا سَيدي الوالين عن العغز فلا ال  ير,2025-11-26T21:43:05
0.4065934065934066,لاخر السنه فهو دائما موجود مع الاولاد حضرة الاخ كلاره يهديك سلامه ويقول لك اذا كان لايجاوبك,train_005600,../data/muharaf_prepared_resized/train/train_005600.png,Valid but hard,,لا  ده ودا مجود مع لاولاد حضة الحخ كوه بدك سلام وقول ل اكا  ت,2025-11-26T21:43:06
0.406060606060606,وزخيا والياسَ ولدى واكيم الخورى ويوسَف بن الياسَ واكيم وشقيقته مريم وديب بن رومانوسَ ديب وجرجسَ اخى الوكيل المرقوم الثابت الوكالة بتوكيلهم اياه بموجب سَند مسَجل بهذه,train_016126,../data/muharaf_prepared_resized/train/train_016126.png,Valid but hard,,وراَ والاسَ والديى والي والوي وسَ ا ويكم وق م وديب ن رونوسَ وديب وجرجسَ اخى الوي المروم ات الاولة ولا ا اا سجَ سَجه هذه,2025-11-26T21:43:07
0.4054054054054054,الأربعاء التفتيش على ورق اليول وباريس,train_020627,../data/muharaf_prepared_resized/train/train_020627.png,Valid but hard,,لاريضا التفيش على في زووق البل وبار,2025-11-26T21:43:09
0.4054054054054054,"فتح الله ايش بقا على باله خدامته للريس بعفة يده يعمله راعي"" فلما عرفت هذا استعفيت حالاً دون ان اقول السبب مبينا",train_005680,../data/muharaf_prepared_resized/train/train_005680.png,Valid but hard,,ف ه ال ا ا ال جامة المدسة عفة بد عمله راعي، فلما عرفت هذا اتعي جاً برون ون ال بينا,2025-11-26T21:43:10
0.4047619047619047,الخورى وبايعى من نحو ثمانية عشرة سَنة والذي يؤكد ويحقق ملكيتها لبايعى هو بيعهم اياها بمشاهدة المدعيين ومعرفتهم ومشاهدتهم تصرفى بها من نحو خمسَة سَنين ولى البينة على ذلك,train_016163,../data/muharaf_prepared_resized/train/train_016163.png,Valid but hard,,الخوى ى ن ن ية شَة الكي وكي وق ميها بعى هو يوهم اياها بمراهدة المدعين ومعراهم وشادتم ترب نا منوس وسَة نى ى ى ذلك,2025-11-26T21:43:11
0.4038461538461538,من أهالي ماردين مع القضي السيد من أهالي الدير ما ...,train_015021,../data/muharaf_prepared_resized/train/train_015021.png,Valid but hard,,اية امارين مع القاضي اليد من اهاله ليدر  ال,2025-11-26T21:43:13
0.4037267080745341,اهدن نومرو ٢٤٨٥ حبه١٢ قيراط ٢ يحدها قبلةً ملك يوسَف رزق طيون وشرقاً البيت المباع من بولسَ المدعى عليه وشمالاً قناة ماء وغرباً ملك ديب الخورى ارنوعه ومن نحو سَنين,train_016270,../data/muharaf_prepared_resized/train/train_016270.png,Valid but hard,,مدهدون ون ٢٥ ٢٥ ١ يدا قلاً م يوسَف رف طيون وشرقاً البيت المباع من يولسَ المدعى عيه وثلا ثاً وعاً لا ايل الير المخرر المه الا مسَمرين,2025-11-26T21:43:14
0.4035087719298245,صهري اسعد حررت له وكان مرسلي عنوانه وانتم حرروا له بدوركم,train_018253,../data/muharaf_prepared_resized/train/train_018253.png,Segmentation error,,حقيق كم و منان ر سي عنوانه وانت حرروا لله بيديركم,2025-11-26T21:43:23
0.4029850746268656,وبتضمين المحكوم عليه للمحكوم له اربعة ريالات مجيديه للمدعى بدل مصارفات الدعوى واجرة وكيل المسَخر الذى اجاب بان الاوضة المدعى غصبها ملك,train_016298,../data/muharaf_prepared_resized/train/train_016298.png,Valid but hard,,ون م الحيكم الكم الحوم الراعة بالات جي لمدعى بدل صارفات الدعوى اجة ويم المسَى الا الاى الا الا اى عاى ك,2025-11-26T21:43:32
0.4028776978417266,ثاني ٣٠٣ ولاجله تحرر هذا الاعلام نسَختين من محكمة بداية قضا البترون ليعطى لكل فريق نسخة تحريراً فى ١٦ ربيع اول ٣٠٥ و١٩ تشرين الثانى سنة ٣٠٣,train_016252,../data/muharaf_prepared_resized/train/train_016252.png,Valid but hard,,ان ٣   ر ها الا سَين من محكمة بداية قرضا البرون بعط لافريف سَخة تحرً فى را تشرين الثان ة٣٠٣,2025-11-26T21:43:33
0.4023668639053254,قرشًا فبناءً عليه وعلى تمرد المدعى عليه عن الحضور للمحكمة بالوقت المعين حكم باتفاق الارآء حكماً غيابياً قابلاً الاعتراض والاسَتئناف والتمييز بلزوم المدعى عليه دفع المبلغ,train_016248,../data/muharaf_prepared_resized/train/train_016248.png,Valid but hard,,شراً اً ً عى العى الى الع ين الو المحكمة بالقا المعين حكم باتفاق الاراء حكماً بياً بلاً الارا والان التي  ي الم المل لغ,2025-11-26T21:43:34
0.4017094017094017,وبينحكم بوجه الحقانين ويرفعوا اسقالهم عنا وكل شي راجع لامر سيادتكم ونكرر لثم اناملكم النقيه ثانياً وثالثاً ١٦ اىار ٩٢,train_009120,../data/muharaf_prepared_resized/train/train_009120.png,Valid but hard,,وبتنمه جه الماية ودعوا اسقاله عنا وكل شي راجع ل سيادتكم ونر لم اكمة اليا واً لاً,2025-11-26T21:43:36
0.4016393442622951,٤ سلب اربعون ليره عثمانيه وستة ليرات انكليز وسبعة ريالات مجيدى وخمسة بشالك من اسكندر سركيس من قرية مشتى بيةِ الحلو التابعة,train_008619,../data/muharaf_prepared_resized/train/train_008619.png,Valid but hard,,ي البور بعله مانين سن يرا الين وسبعة ريا مجدى وخسة بشالك من الكنورسه م رمية تتية ة ل الاية,2025-11-26T21:43:37
0.4,البعض من .. اهل ... الين معنا. ثم سافرنا,train_015000,../data/muharaf_prepared_resized/train/train_015000.png,Valid but hard,,البض م ال.م. اهل ارونضانه الدين معنا. فمسافرنا,2025-11-26T21:43:40
0.4,YAL2A-14 3,train_018646,../data/muharaf_prepared_resized/train/train_018646.png,Script mismatch (non-Arabic),,YAL2A-2,2025-11-26T21:43:45
0.4,JEH2F1-305,train_007858,../data/muharaf_prepared_resized/train/train_007858.png,Script mismatch (non-Arabic),,JEH21-9,2025-11-26T21:43:47
0.4,عيسى مخايل,train_001635,../data/muharaf_prepared_resized/train/train_001635.png,Irrelevant / signature,,يس محال,2025-11-26T21:43:52
0.4,٢٣ ك٢ ١٩٢٩,train_002721,../data/muharaf_prepared_resized/train/train_002721.png,Script mismatch (non-Arabic),,٣ ك٢ ٢٥,2025-11-26T21:43:55
0.4,١٣٤٣	٢٧ ج١,train_002526,../data/muharaf_prepared_resized/train/train_002526.png,Segmentation error,,١٣٤٧ ج,2025-11-26T21:43:57
0.4,"N.M. DIAB,",train_002317,../data/muharaf_prepared_resized/train/train_002317.png,Script mismatch (non-Arabic),,"NM DA,",2025-11-26T21:43:59
0.4,SUCURSALES,train_020842,../data/muharaf_prepared_resized/train/train_020842.png,Script mismatch (non-Arabic),,SOURSAEL,2025-11-26T21:44:09
0.4,PATRIARCHATUS ANTIOCHENUS,train_004709,../data/muharaf_prepared_resized/train/train_004709.png,Script mismatch (non-Arabic),,PARACCHTUS ANTNU,2025-11-26T21:44:11
0.4,عليه من محكمة قضا المتن مجاز له بهِ كلما يجوز للموكل ان يفعله حاصل الاسَتدعا المحرر انه قد حكم لموكله على الخورى يوسَف حيمور من بشرى بمبلغ خمسَة الاف وماية,train_016050,../data/muharaf_prepared_resized/train/train_016050.png,Valid but hard,,علميه من ممن مة م ل اله هيه ل المكول ان عله حل اسَتعا المرانه د حكم المكل على الخورى يسَف موم مربر ب لسة لسفة الماية,2025-11-26T21:44:13
0.4,عصو          عصو                     رىس,train_016228,../data/muharaf_prepared_resized/train/train_016228.png,Valid but hard,,عصو    عصو             س,2025-11-26T21:44:15
0.4,نصًا أخيرًا، ونهائيًا، وأنا تعوّدتُ,train_014810,../data/muharaf_prepared_resized/train/train_014810.png,Valid but hard,,نصاً أخيراً، ونهائياً، وأنا,2025-11-26T21:44:16
0.4,N.M. DIAB.,train_002293,../data/muharaf_prepared_resized/train/train_002293.png,Script mismatch (non-Arabic),,"NM DIA,",2025-11-26T21:44:19
0.4,١٣٤٣ ٢٣ جا,train_002509,../data/muharaf_prepared_resized/train/train_002509.png,Segmentation error,,١٣٤٣ ج,2025-11-26T21:44:23
0.4,JEH2F1-302,train_007732,../data/muharaf_prepared_resized/train/train_007732.png,Script mismatch (non-Arabic),,JEH21-9,2025-11-26T21:44:32
0.4,فليكس فارس,train_003032,../data/muharaf_prepared_resized/train/train_003032.png,Irrelevant / signature,,خاليك تارس,2025-11-26T21:44:42
0.4,إضافة للخدمتشي والان الان الطلب كبير على غرف بكون يوم الخميس,train_020505,../data/muharaf_prepared_resized/train/train_020505.png,Valid but hard,,اخاف لنحد منشي والان الصلب كبير على وف يكون بوم,2025-11-26T21:44:45
0.4,عن ماننكتون وسَط فيرجنيا في ٢٣ اب سنة ٩٩,train_010836,../data/muharaf_prepared_resized/train/train_010836.png,Valid but hard,,عن مانكون وسف فرجنا ي  ة ٩٣١,2025-11-26T21:44:48
0.4,شعر :,train_000052,../data/muharaf_prepared_resized/train/train_000052.png,Valid but hard,,شغر:,2025-11-26T21:44:50
0.4,فكنت غريبا كريماً في المجاهدين,train_019456,../data/muharaf_prepared_resized/train/train_019456.png,Segmentation error,,وتزع ري كريما الع المجاهدي,2025-11-26T21:45:02
0.4,اليك.,train_004863,../data/muharaf_prepared_resized/train/train_004863.png,Valid but hard,,ابك.,2025-11-26T21:45:07
0.4,اللجنَة الوَطنيَّة لِلموسِيقى في لبْنَان,train_018564,../data/muharaf_prepared_resized/train/train_018564.png,Valid but hard,,الجنة (وقطنسَين للموريقى في لبشسناف,2025-11-26T21:45:10
0.4,شبلي يعقوب رشال جورج منير جنات,train_018430,../data/muharaf_prepared_resized/train/train_018430.png,Valid but hard,,شبلي يعقوب شال جورج مير جنات ورض والدي,2025-11-26T21:45:17
0.4,DEALERS IN,train_011118,../data/muharaf_prepared_resized/train/train_011118.png,Script mismatch (non-Arabic),,DELERS,2025-11-26T21:45:20
0.4,"""AGABRIEL""",train_017934,../data/muharaf_prepared_resized/train/train_017934.png,Script mismatch (non-Arabic),,"""AREL""",2025-11-26T21:45:21
0.4,فوصلنا مجل وطح عدل على جرف الشط ...,train_014996,../data/muharaf_prepared_resized/train/train_014996.png,Valid but hard,,وصلنا معى مطح عدل على .ف ا.ط يح .يان,2025-11-26T21:45:24
0.4,JEH2E1-597,train_007655,../data/muharaf_prepared_resized/train/train_007655.png,Script mismatch (non-Arabic),,JEH21-2,2025-11-26T21:45:26
0.4,YAL2A-23 2,train_018683,../data/muharaf_prepared_resized/train/train_018683.png,Script mismatch (non-Arabic),,YAL2A-9,2025-11-26T21:45:30
0.4,"""ميّ""",train_002586,../data/muharaf_prepared_resized/train/train_002586.png,Valid but hard,,"تيّ""",2025-11-26T21:45:32
0.4,مذيل بما نصه ان الكافل (بين اسَمه واسَم ابيه وشهرته) كفل على انه اذا اسَتحق المبيع او كان البيع المذكور سَبباً لهلاك دين سَابق بذمة البايعة فملزوم بدفع مثل,train_016086,../data/muharaf_prepared_resized/train/train_016086.png,Valid but hard,,قي  ال اان ال البيه واامه وسه به كت على انى اذا استحق المبيع اوكان البع المذكور سَباً ل ليا سَتة الة المة مم بم ل,2025-11-26T21:45:34
0.4,=تمت=,train_006619,../data/muharaf_prepared_resized/train/train_006619.png,Valid but hard,,تمف=,2025-11-26T21:45:36
0.4,خادم رعية مرتموره القبيات,train_009637,../data/muharaf_prepared_resized/train/train_009637.png,Irrelevant / signature,,خادم رعية مركيوره,2025-11-26T21:46:01
0.4,ويطلبوا لكم السَعادة والتوفيق ودمتم,train_010410,../data/muharaf_prepared_resized/train/train_010410.png,Segmentation error,,طب اي التعادة والتوفيق ع مس,2025-11-26T21:46:37
0.4,حرفوش,train_004513,../data/muharaf_prepared_resized/train/train_004513.png,Valid but hard,,جرفوس,2025-11-26T21:46:46
0.4,بتاريخ ٩ تشرين تانى / ٣٠٣ اجل لهذه المحكمة اسَتدعا مُقدم من جرجسَ عسَاف صقر وطنوس يعقوب مينا من البترون حاصله انه يطلب لهما مبلغ خمسَماية وواحد وعشرين,train_016216,../data/muharaf_prepared_resized/train/train_016216.png,Valid but hard,,بتايرخ ن ا ن ٣ ل لهذه الحمةاسَدعا مقتم من جرسَ عسافاضو مطنوس بعقوب بمن من التوت اه هبه ل ل ما وساة وع وشرين,2025-11-26T21:46:48
0.4,IMPORTADOR,train_017927,../data/muharaf_prepared_resized/train/train_017927.png,Script mismatch (non-Arabic),,ORTAOR,2025-11-26T21:46:50
0.4,فهمان    (لحسني) انت ارتاح مش شوغلك  . .,train_017553,../data/muharaf_prepared_resized/train/train_017553.png,Valid but hard,,فام الحسا انت ارتاح مش شوغك,2025-11-26T21:46:58
0.3986928104575163,الفريقين بالصورة القانونية حضر بالوقت المعين لروية الدعوى الواقع فى١٧ تشرين الثانى /٣٠٣ المعترض عليه المذكور واما المعترضتان فلم تحضرا حالة كونهما تبلغتا,train_016260,../data/muharaf_prepared_resized/train/train_016260.png,Valid but hard,,الفين الصارة الرية بحية الات المعين لية الدعى الاف ف ١ تشرين الان سن ٣٠ المعر علي الموم المر الترا الضا احاه اه ا نلت,2025-11-26T21:47:00
0.3986928104575163,المذكورين وفقاً للفقرة الاخيرة من المادة الـ ١٨١٧ من المجلة وتبلغ هذا القرار للفريقين وسَئل وكيل المدعين تسَمية شهود فاجابهم الشيخ يوسَف داود شعيا ودوميط,train_016179,../data/muharaf_prepared_resized/train/train_016179.png,Valid but hard,,المذكوين الفان لفقفة الماة المة المامة الـ١ من المجلة وبلغ هذا القر لفقين وسَل لي المدي مسية ع ه  الي الش وش وشا ووا وي,2025-11-26T21:47:01
0.3983050847457627,الاعتراض والاستناف والتمييز ضمن المدات القانونية اعلن تفهيمه الشفاهى على سمع                وكيل معاونه المدعى العمومى,train_015618,../data/muharaf_prepared_resized/train/train_015618.png,Valid but hard,,الاعض والاستاف والتير ضمن الموات القاونية اعلن تفهيمه الشفاهى ل  ا الالمعوى,2025-11-26T21:47:01
0.3983050847457627,للآن بالحالة الحاضرة التي كدرة واشغلت افكار سَيادتكم واوجبت لنا ولعموم السَكان اضرار جمًة ولذلك اسَمحو ان سَيادتم نقول,train_008759,../data/muharaf_prepared_resized/train/train_008759.png,Valid but hard,,ل ا الحة الة الكية واف الكار سَيادتكم واوجيت لنا وعوم السَان ارار جه و ال اس م و,2025-11-26T21:47:02
0.3978494623655914,تمنها خمسة الاف ايره لم انتم ذاكرين عنه الليل اءهل انكليزيو ام فرنساوية ام عثملية ام خمس ماية,train_011050,../data/muharaf_prepared_resized/train/train_011050.png,Valid but hard,,تمه خله الخال بل والان من انتة اكرين عز اللير اوهل انكليز ام فرسَياة م علة الخم اسم ماية,2025-11-26T21:47:03
0.3974358974358974,بكفيّا أَم لترحل بكفيّا قبل وصولكَ إليها فالذي كدَّرني من هذا لا نسَيان العلبة,train_011705,../data/muharaf_prepared_resized/train/train_011705.png,Valid but hard,,كًّ لَ ل حبت قبل وصلكة اليها فالذي كري من هذا الان المعية,2025-11-26T21:47:06
0.3972602739726027,سَوا كان العقار معدًا للاسَتغلال اولا كما يوئد ذلك المادة الـ٤٣٢ من المجلة ثالثاً اعتراضه انه لا يجوز الحكم عليه غياباً قبل احضاره مردود بانه اخطر,train_016308,../data/muharaf_prepared_resized/train/train_016308.png,Valid but hard,,سَوا ان المعر عما السَقلا الو كا يد ذلك المادة الـ١٧ من المجلة ثلماً عراه ها او لحكهم لبا با البا الراه ه ا ر,2025-11-26T21:47:08
0.396694214876033,ان ما تسطرهُ يداي اولاً لتفقد من تركتهُ ضيرًا وتانياً ممّا جعلني افتخر به لوجودهُ شابًا وخصوصًا عند وقوع نظري على كتاباتك,train_018718,../data/muharaf_prepared_resized/train/train_018718.png,Valid but hard,,اان ان سَي ية ولا تم تركمة يرا واتياً ما صلني انتخر به لوجد شاباً وصاً عن دون طر على كتاباك,2025-11-26T21:47:10
0.396694214876033,فماذا لك ان القول فيه ربما تجاوبني ان محبته ما كانت مخلصة لانها كانت ظاهره لاباطنه. فعلى هذا  لا انا ولا انت يمكن ان نحكم,train_005693,../data/muharaf_prepared_resized/train/train_005693.png,Valid but hard,,فذا ل و رور رما بان بن مية ما كانت مخصه لانها كانت ما هره لاو طنه. حعل هذا ان ا ن  احكم,2025-11-26T21:47:11
0.396551724137931,وبان يردَّ ما اختلس من العقار الموصوف فى سياق الضبط الى المدعيين الشخصيين سليم عيسى واخويه نقولا ونخله حكماً وجاهياً,train_015459,../data/muharaf_prepared_resized/train/train_015459.png,Valid but hard,,ون ان ات ا امعد المصوص ف ساق اقضب الىامدعين التخين سليم ي واخوين ولا ولاً حاً وجاًً,2025-11-26T21:47:13
0.396551724137931,فكري طغاني ورحت وديتو                     بسَفرا بعيدي تاه,train_006785,../data/muharaf_prepared_resized/train/train_006785.png,Valid but hard,,فكرب طفاني ورحت وديتو          سبي ياه,2025-11-26T21:47:16
0.3962264150943396,لاترجم فكنت اجلس امام الشفور حتى اخنق من البرد والذلج,train_020891,../data/muharaf_prepared_resized/train/train_020891.png,Valid but hard,,لانرم فكنف ابس امم الشقورح فبقى البرى وانلج م,2025-11-26T21:47:19
0.3958333333333333,غيوم البارد ولم نقدر .. الا في النهار وصلنا ساعة,train_015079,../data/muharaf_prepared_resized/train/train_015079.png,Valid but hard,,البار ولم نقدر ن.ل الا الساعة ١ من النهار وصلنا ساعة,2025-11-26T21:47:23
0.3939393939393939,اكرر لثم انامكم تانيا ولد سَيادىم,train_008815,../data/muharaf_prepared_resized/train/train_008815.png,Valid but hard,,اكرر لثم انامكم تاميا,2025-11-26T21:47:25
0.3939393939393939,قصيدة غزلية عنوانها    .    .    .     مثلك قطعت الليل محروم الغفى,train_007374,../data/muharaf_prepared_resized/train/train_007374.png,Valid but hard,,قصيدة غزلية عنوانها            ال ال الالفى,2025-11-26T21:47:29
0.3939393939393939,غب لثم وجناتكم المحبوبة اعرض للان حررت لكم جمة وما حصلت على الجواب فما عتبت على ذلك كوني كنت عارفاً,train_005617,../data/muharaf_prepared_resized/train/train_005617.png,Valid but hard,,غلثم لثم كم ة ن اان حرت ك جة وما حلت على الجواب من تبت على ذك ن فاً,2025-11-26T21:47:32
0.3939393939393939,عليه ورضاه التام صار قيده عيناً بدفتره المخصوص واستوفى الرسم لعدم وجود وراق بول وسيصير تعطيل مقداره,train_016389,../data/muharaf_prepared_resized/train/train_016389.png,Valid but hard,,عليه ورا والام مصارقيده عنا ب فروا امخص وسنوي الرم لدم وجود ورولة ول ي  ار,2025-11-26T21:47:33
0.3928571428571428,من بعد السلام عليكم والسوال عنكم عساكم بخير انتم وعيالكم,train_000014,../data/muharaf_prepared_resized/train/train_000014.png,Valid but hard,,الله اتم والسدال عنكم معساكم نير التم الكم,2025-11-26T21:47:38
0.392156862745098,رجال ونساء واولاد ارمن ونصارى ...واورواح اغلبهم ...,train_015307,../data/muharaf_prepared_resized/train/train_015307.png,Valid but hard,,برصال ونساء والاد ارمن ونصاري كا قروك وارام اام,2025-11-26T21:47:39
0.391304347826087,شتأً ⸗ ⸗ بـ ⸗ ٥ ⸗ ٨ ⸗ ⸗,train_013508,../data/muharaf_prepared_resized/train/train_013508.png,Valid but hard,,شاشيأ ⸗⸗ ⸗ ب ⸗ ٥⸗ ٨⸗⸗⸗,2025-11-26T21:47:43
0.3904109589041096,واسَعد طنوسَ الدويهى وبشاره غسَطين ويوسَف بشاره ابي اسَطفان ومخايل بولسَ معوض ولا بنية لموكلى خلافهم غير ان له بنية التواتر فلا لزوم تسَميتها وقدم,train_016352,../data/muharaf_prepared_resized/train/train_016352.png,Valid but hard,,واسَد ادوس الدي اشره شَين ون شره الي اسفان مخاير يوسَ معض ولا بنة مول خفام غيرا ينة الارور والم سم وقدم,2025-11-26T21:47:44
0.3902439024390244,وكنت الى الركاب بدرجة يرثى لها فهم يتقيون,train_015295,../data/muharaf_prepared_resized/train/train_015295.png,Valid but hard,,كنت وولى الحابا برجد ير الها ي يقون,2025-11-26T21:47:45
0.3892617449664429,التمن المسَطر لهذه المحكمة الخ ثم خلت هيئة المحكمة للمذاكره مرة ثانية فاتخذت فيها القرار الاتى بما ان كفالة المدعى عليها مشروطة يكون بيعها سَبب لهلاك,train_016088,../data/muharaf_prepared_resized/train/train_016088.png,Valid but hard,,الامن الشَه اله المكم او بيه المحكمة الكرة مرة ثانية فاتخذت فيها القر الاى بمان كلة المعة عرة ر ه ه با لاك,2025-11-26T21:47:46
0.3888888888888889,السَيدات البنت عمكم وابناتها مع ولدكم المحروسَ عبدالله هذا ما تره تحريره ودمتم الى ابن عمك,train_018736,../data/muharaf_prepared_resized/train/train_018736.png,Valid but hard,,سَدان البنت كمكم والبنانها مع ذلك المحرو احل عبدا ال هذه ماتى تحر دكم ا ال,2025-11-26T21:47:47
0.3888888888888889,ابنِ ماءِ السَماء،,train_019423,../data/muharaf_prepared_resized/train/train_019423.png,Valid but hard,,ماء السماء،,2025-11-26T21:47:55
0.3888888888888889,عن قبيات عكار في ٢٦ تشرين ٢ سنة ١٩٣٥,train_010192,../data/muharaf_prepared_resized/train/train_010192.png,Segmentation error,,عن زيت عح في ٢ شري نة ١٩٢١,2025-11-26T21:48:09
0.3888888888888889,"""THE DAILY MIRROR""",train_002314,../data/muharaf_prepared_resized/train/train_002314.png,Script mismatch (non-Arabic),,"""N DLY MIRR""",2025-11-26T21:48:13
0.3888888888888889,وفي ١۹ منه عصر ذلك النهار فقصد يبرود,train_021926,../data/muharaf_prepared_resized/train/train_021926.png,Valid but hard,,وفي ١٩ منه عصارى النهار قوجه الى برود,2025-11-26T21:48:17
0.3888888888888889,حتى يقصدون بالطيري يصرفون ...حتى ...,train_015017,../data/muharaf_prepared_resized/train/train_015017.png,Valid but hard,,حتى بصد قرت باطرة يصرفون .... .تى .ل,2025-11-26T21:48:19
0.3888888888888889,J. Darwich & Irmão,train_018108,../data/muharaf_prepared_resized/train/train_018108.png,Script mismatch (non-Arabic),,K. rwch & mã,2025-11-26T21:48:25
0.3877551020408163,غياباً وتلى اسَتدعا المدعى فصادق عليه واكتفى بهِ سَئل الوكيل المسَخر عن ذلك فاجاب منكراً وبالمذاكره تقرر بالاتفاق طلب البينة من المدعى لاثبات دعواه,train_016001,../data/muharaf_prepared_resized/train/train_016001.png,Valid but hard,,غاً بسوسً الستعدعى المعادى قداه ليه واكيه بي شل لكيل المسَر عن ذل فاجاب كراً وبالمذاكرة تر بالاق لبل بية الم المدل الى عاه,2025-11-26T21:48:28
0.3877551020408163,بحيث الذي ... الماء ينحدر وتبللت فراشنا فصرنا ...,train_015041,../data/muharaf_prepared_resized/train/train_015041.png,Valid but hard,,حيث الذي . ماء للادر وبلت فرشا و.. .,2025-11-26T21:48:31
0.3870967741935484,الى مرسيليا كان الطقس جميل جدًا,train_020540,../data/muharaf_prepared_resized/train/train_020540.png,Valid but hard,,الى ميل في الطق جيل ج,2025-11-26T21:48:34
0.3870967741935484,وقتها لان دايماً يتهددونا في الحكم العرفي ولا يحفا سَيادتكم في هاكذ تهديدات خلت القرية بحالةً,train_008692,../data/muharaf_prepared_resized/train/train_008692.png,Valid but hard,,وقلا ا ا يجيدا ون في احكم العدفي ولا يحنا سَيدتكم فيه اه تو ل الرة الحري الة,2025-11-26T21:48:36
0.3867924528301887,سفركم وتحويل المبل لنا فافتكرنا ان التلغراف كتابك يصير سندًا للتلغرافيا ويصير التعويض وبعد ذلك ... بالعقول,train_014967,../data/muharaf_prepared_resized/train/train_014967.png,Valid but hard,,سركم وجل الجلغ لنا افاركنا ان لعراف النابك يصير سندا للغرافنا ويصر الانو. و  باقبول,2025-11-26T21:48:37
0.3866666666666666,نعود الى البنطلون النحس – ولا تاخذي الكلام في غير معناه  – قلت لك لا ترسليه,train_010586,../data/muharaf_prepared_resized/train/train_010586.png,Valid but hard,,ى الن الون والور وا ا ذي الكلا من غير مناه. قل ل لا سليه,2025-11-26T21:48:39
0.3858267716535433,تصرفاتهم معنا فاذا لا نحن ولا الخوري فتحنا الباب لمثل هذه الاختلافات بل هم بسوء تصرفاتهم جعلونا ان نشمئذ منهم لما رئساهم يشينوا,train_005717,../data/muharaf_prepared_resized/train/train_005717.png,Valid but hard,,تصراهم ها ا ذا الل لخوري تم البا مل هذه الاختلافات بلهم بسوت ترانتهم عله انان ش رم م م  شيا,2025-11-26T21:48:41
0.3858267716535433,حكومة شكلة قومسَيون لمعاينة القرعه العسَكريه العموميه على المسَيحين وغير المسَيحين عن سنه ٣٢٦ وتعين ولدكم عضواً لذاك القومسَيون,train_008856,../data/muharaf_prepared_resized/train/train_008856.png,Valid but hard,,ة مة من الماعنة العرة السَاية الموميه على المسَيمين وغير المسَين عن ن ٣ وم ووكم الوا الو لون,2025-11-26T21:48:49
0.3851351351351351,مضر بحق موكلته ومخالفاً القانون فيعترض عليه بما ياتى اولاً ان المحكمة اخطئة بسَماعها هذه الدعوى لان المبلغ المدعى بهِ مربوط بكمبيالة لامر وعليه تكون,train_016060,../data/muharaf_prepared_resized/train/train_016060.png,Valid but hard,,مضر كمة وا واان التقان تقريه عله بيانى الاً ان المحكمة اخطئة بماعها هذ المدوى ان المبع المعى بمر بل بل ولولة وكون,2025-11-26T21:48:51
0.3846153846153846,YS - 1D  070f,train_019217,../data/muharaf_prepared_resized/train/train_019217.png,Script mismatch (non-Arabic),,YS- 1D- 05a,2025-11-26T21:48:54
0.3846153846153846,١٥ ك سنة ١٩٣١,train_013662,../data/muharaf_prepared_resized/train/train_013662.png,Segmentation error,,١٣سنة ١٩٩٣١,2025-11-26T21:48:57
0.3846153846153846,نحب تقبيل ايديكم وايادي جدتي والاعزاء ميشال وشفيقة وذكية وفكتوريا,train_020446,../data/muharaf_prepared_resized/train/train_020446.png,Valid but hard,,ي يل ايديكم واي دي والاعرار ميال وفيعه وذكم وتكوره اصص,2025-11-26T21:49:02
0.3841059602649007,من اهدن بالوكلة عن منتوره المدعى عليها الثابتة بسَند مصدق عليه من هذه المحاكمة مجاز له به المرافعه والصلح والاقرار والابرا وطلب الحلف واسَقاط والاعتراض,train_016057,../data/muharaf_prepared_resized/train/train_016057.png,Valid but hard,,فن ن الن ن مرة المع عيها الثاتة سند مصدق عليه من هذه المحكمة جار ليم اعم الا والا والاطا والاطا الا الا الضرض,2025-11-26T21:49:20
0.3833333333333333,وكانت تصدر نصف شهرية في مواعيدها المحددة وصدر منها ٧٦٥ عدداً,train_012404,../data/muharaf_prepared_resized/train/train_012404.png,Valid but hard,,وكانت تصدر نصف شهرية في حعى العيدا المحادة  دا,2025-11-26T21:49:28
0.3833333333333333,عندي وقت لاححرك لك فانك تعذرني فبالاسبوع القادم اشرح لك مطول,train_021048,../data/muharaf_prepared_resized/train/train_021048.png,Valid but hard,,ي وت لكرك فاك نذي بالاسبوح النادمه اشرح الله مطوك,2025-11-26T21:49:31
0.3829787234042553,اليمين شهد طبق شهادة يوسَف سَمعان فرنجيه وشاهدًا هو الشيخ لحود فرنجيه من اهدن وغب حلفه اليمين شهد ان القطعة الارض المحدودة قبلة بملك ورثة رزق,train_016361,../data/muharaf_prepared_resized/train/train_016361.png,Valid but hard,,يمين شين شهده شهدة وسَمان ريجه واداً هو الشيخ لور فنيه من هن وغب لفه المين شهذ ن اقة الماى المروة ة ة ه ق,2025-11-26T21:49:32
0.3828125,بتاريخه قد باع نقولا طنوس نقولا باحالة عن نفسَه وبوكالته الرسمية عن شقيقه عبود مسجلة في محكمة بداية قضاء الفريق بتاريخ ٢٣ حزيران,train_015959,../data/muharaf_prepared_resized/train/train_015959.png,Valid but hard,,بتاريخه قدا قوا وطنسن قولا بالة عن نسه وبوك مة الرسة عن شقريه بواد ملة بالمة بيداة قرا والقري والخرخ رن,2025-11-26T21:49:33
0.3823529411764705,فى ١٥ ك١ ١٩٢٠    نعمه الياسَ مخايل,train_018637,../data/muharaf_prepared_resized/train/train_018637.png,Valid but hard,,ف ة ١٥٠٢ ١٩ فعه الياس مخايل,2025-11-26T21:49:42
0.3823529411764705,جليل هو علمك املك وشريف املك وحلمك. فإذا كان ينقصك المال تقول: سيحقق,train_003300,../data/muharaf_prepared_resized/train/train_003300.png,Valid but hard,,ل ملكم، وراي الولك. فاذا كان يقصك المال تقول: يَُحق,2025-11-26T21:49:47
0.3823529411764705,جناب ابن العم الاجل الماجد المحترم,train_018755,../data/muharaf_prepared_resized/train/train_018755.png,Valid but hard,,جنا بين الم الال اجيد الم,2025-11-26T21:49:49
0.3821656050955414,مشتمله على غراسَ عريش بمحل قرني بخراج بشرى ممسَوحه تحت نمرو ٣٨٧١ قيراط ١٢  فقد باعتها المحكمة لوفا الدين ووزعت تمنها على الداينين فاصاب موكله الف وماية وسَتة,train_016053,../data/muharaf_prepared_resized/train/train_016053.png,Valid but hard,,مشل اعى عى عشرى شري بشيل الاب بمو مت ر ر ٩٥ فقد باعتها المحكمة لوقا الدين وزعت منا على الداين فاب موكه الف واية وسَة,2025-11-26T21:49:50
0.3819444444444444,ورومانوس معوض وسَمعان الصباغ معوض وسَمعان انطون فرنجيه وبريص فرنجيه والخورى سَمعان يمين وسَمعان البدوى فرنجيه ومخايل البدوى فرنجيه ويوسَف البدوى,train_016275,../data/muharaf_prepared_resized/train/train_016275.png,Valid but hard,,روون سَ ومَمان الب عو اسَعان نطون ارجيه وبريص فرنيه والخورى سَعان ين وسعن الويى وخجه الا الوى ووف ويف وى,2025-11-26T21:49:51
0.3818181818181818,ميخاىل الدرىىى                        ارسانيوس الفاخوري,train_009292,../data/muharaf_prepared_resized/train/train_009292.png,Valid but hard,,ميخامل الدرى                 الخوري,2025-11-26T21:49:52
0.38125,الحال حرر هذا الصك للبيان تحريراً فى ٢٢ آب سنة ١٨٧٨ وتمانماية وتمانية وسَبعين مسَيحية المقر بما فيه صحيحاً بطرس شمشوم واولاد عمه مطنوس واخيه جبرايل واولاد يونسَ,train_016196,../data/muharaf_prepared_resized/train/train_016196.png,Valid but hard,,الحر ر ها الحلب با ريى س ن ٩٣ واماية ومامية وسَعين مسَيحية المقر بافي صحياً بطر شم وا عمه مطون واجر جيل وال وسَ,2025-11-26T21:49:54
0.3809523809523809,بلخان دون .. بتنا هناك حتى الليل الساعة ١٢,train_015035,../data/muharaf_prepared_resized/train/train_015035.png,Valid but hard,,بان دون نصب جاد ريتنا هناك حتى الرباح الساعة ١١,2025-11-26T21:49:55
0.3809523809523809,93 WASHINGTON STREET.,train_002315,../data/muharaf_prepared_resized/train/train_002315.png,Script mismatch (non-Arabic),,9WANGON STET.,2025-11-26T21:49:58
0.3809523809523809,جلسَة ٢١ شباط سنة ٩٢٦,train_013496,../data/muharaf_prepared_resized/train/train_013496.png,Valid but hard,,جلسَ ٢٨ شكه سنة ١٩٣١,2025-11-26T21:50:07
0.3809523809523809,٢ عطاره ومعكرون عدد ٢,train_000487,../data/muharaf_prepared_resized/train/train_000487.png,Valid but hard,,٢ عكار ومعك ان سعد,2025-11-26T21:50:16
0.3809523809523809,في الوقت الذي كانت فيه الجهات الاخرى صامتت,train_006346,../data/muharaf_prepared_resized/train/train_006346.png,Valid but hard,,حتي يتشوفت البذي كانن متر الجبات الاخرى قاده,2025-11-26T21:50:17
0.38,باتم الصحة مع لفيف العائلة اذ لا يبق بالكم بطرفنا نسألة الولى ان يحفظكم ويلاقينا معكم بالخير والسرور,train_014958,../data/muharaf_prepared_resized/train/train_014958.png,Valid but hard,,باتم الصحة مع لفيف العائلة اذا ل بيغ بالكم بطرفنا نسأل و  انا  ل ال ل,2025-11-26T21:50:19
0.38,الخوري يوسف ... واخذنا رحنا عند الخوري بولس اور في,train_015177,../data/muharaf_prepared_resized/train/train_015177.png,Valid but hard,,يوسف منجاج واخدنا ورجنا عند الخوي اوجس اود في,2025-11-26T21:50:24
0.3793103448275862,لان البواطن لله ولنا الظوهر فانا كنت ارى ان هذا الخوري يحبني ويعتبرني فمن الواجب على ان اكاتبه بالمثل وما لى ولباطنه,train_005694,../data/muharaf_prepared_resized/train/train_005694.png,Valid but hard,,ون اطول لن نا الظوا انا ك ارى ان هذا الخورني يجني ويعشتري فى الراجب بلى ا ايت الملة ول وية,2025-11-26T21:50:25
0.3789473684210526,كل الذكرتو بالغنج والتكتكي                                           وحياة عينك والصبا خلقو لكي,train_007336,../data/muharaf_prepared_resized/train/train_007336.png,Valid but hard,,كل   ا                                             ب ع ا ا ا لوكي,2025-11-26T21:50:33
0.3787878787878788,ضرباً مؤلماً وكسر يد حنا قديج منسوب الى محمد اغا الكنج واخوه وابنه,train_008624,../data/muharaf_prepared_resized/train/train_008624.png,Valid but hard,,غرباً مولاً ولمحريد حنا ديح منسوي الى محدا الخكيمة واه,2025-11-26T21:50:35
0.3787878787878788,مع ستة افلام ثلاثه كبار وثلاثه صغار والبنطلون وقطع الاقمشة والقميص,train_010565,../data/muharaf_prepared_resized/train/train_010565.png,Valid but hard,,ة قلا لاتة كاير وثلاثه صغفار والبلوصه وتطع الانسة والي,2025-11-26T21:50:36
0.3786407766990291,لذلك اننى لا افنش مثلهم على امور كهذه ان لبعضهم اخذ يتشكى لان الريس عزله من وظيفة الى اخره فعليه كلامهم,train_005681,../data/muharaf_prepared_resized/train/train_005681.png,Valid but hard,,ذ  نا ى ى على لمور كه ا ان بعضهم اخذ يتشكى لان الرس عغزية ون وية ار فيه له لاام,2025-11-26T21:50:42
0.3777777777777777,المشاهد الخلابة التي يبسَطها العِلمُ امامكم :,train_019520,../data/muharaf_prepared_resized/train/train_019520.png,Valid but hard,,الشاد الخلابة التني  العلم اكم.,2025-11-26T21:50:44
0.3770491803278688,يوم شعرة تابع ... في ٢٦ اذار . العشرين. من ... حتى وصلنا لميم,train_015127,../data/muharaf_prepared_resized/train/train_015127.png,Valid but hard,,ص اج ال.ل في ٢ اذار. العشرين. من يوفر حتى وصلينايم,2025-11-26T21:50:52
0.3768115942028985,الحورى يوسف                  الحورى محاىل                 الحورى يوسف,train_008953,../data/muharaf_prepared_resized/train/train_008953.png,Valid but hard,,الحو                            الخور محاى          ى وس,2025-11-26T21:50:56
0.3768115942028985,أأبسمُ والآثام حولي بواسمٌ                أأبسمُ والدنيا تشدّ بمنكبي؟,train_004086,../data/muharaf_prepared_resized/train/train_004086.png,Valid but hard,,أبسمُ والآتام حولي بواسمٌ            اا ا  كب؟,2025-11-26T21:51:00
0.3766233766233766,علانية بتاريخ ٦ ربيع اول سنة ٣٠٥ وفى ٩ تشرين الثانى سنة ٣٠٣ ولاجله تحرر هذا الاعلام نسَختين من محكمة بداية قضا البترون يعرض على عزتلو قايمقام الافخم كى غب,train_016094,../data/muharaf_prepared_resized/train/train_016094.png,Valid but hard,,لاية ية ارية ر  ة    ن ي الرا ٣ والة حر هذا الاعلام نسَختين من حمة بداية قضا الترون بعرض على لو قا الا ملمكم غب,2025-11-26T21:51:02
0.375,المنصوره,train_005772,../data/muharaf_prepared_resized/train/train_005772.png,Valid but hard,,انا نصوره,2025-11-26T21:51:03
0.375,22-11-15,train_019714,../data/muharaf_prepared_resized/train/train_019714.png,Script mismatch (non-Arabic),,2-1-5,2025-11-26T21:51:07
0.375,يتحقق بالشاهنامة,train_003310,../data/muharaf_prepared_resized/train/train_003310.png,Valid but hard,,يتحقق حكم بالشاهنامه.,2025-11-26T21:51:09
0.375,4I M 108,train_012790,../data/muharaf_prepared_resized/train/train_012790.png,Script mismatch (non-Arabic),,1 M 08,2025-11-26T21:51:14
0.375,Walter J. Bugby.,train_001660,../data/muharaf_prepared_resized/train/train_001660.png,Script mismatch (non-Arabic),,Wa J. Bgby,2025-11-26T21:51:15
0.375,حلىل حصو,train_010119,../data/muharaf_prepared_resized/train/train_010119.png,Irrelevant / signature,,حليل حر,2025-11-26T21:51:18
0.375,وصحافة..,train_019546,../data/muharaf_prepared_resized/train/train_019546.png,Valid but hard,,وهماشة..,2025-11-26T21:51:21
0.375,ME- 21 8,train_011413,../data/muharaf_prepared_resized/train/train_011413.png,Script mismatch (non-Arabic),,ME-211,2025-11-26T21:51:25
0.375,قصيدة غزلية عنوانها  .   .   .   غلي بعرزال الهوى تا نفل,train_007255,../data/muharaf_prepared_resized/train/train_007255.png,Valid but hard,,قصيدة غزلية عنوانها         عى ى  افل,2025-11-26T21:51:28
0.375,JPK2B-65,train_008227,../data/muharaf_prepared_resized/train/train_008227.png,Script mismatch (non-Arabic),,JPK2-1,2025-11-26T21:51:34
0.375,YAL2A-74,train_018780,../data/muharaf_prepared_resized/train/train_018780.png,Script mismatch (non-Arabic),,YALA-11,2025-11-26T21:51:35
0.375,اوقاتهم فى خدمة كرم الرب مستعينين بكاهنين من القريه معاً لاجل يقوموا عمومهم باسَتماع اعترافات الشعب الذي بكل احد,train_008764,../data/muharaf_prepared_resized/train/train_008764.png,Valid but hard,,وفاه فمى فدمة الم ارب مستعين باهين من اقره عاً ال يقو م بسَما عا الش ال ال اد,2025-11-26T21:51:37
0.375,MK2A7 21,train_012542,../data/muharaf_prepared_resized/train/train_012542.png,Script mismatch (non-Arabic),,MK2A-71,2025-11-26T21:51:40
0.375,اللبنانى,train_004474,../data/muharaf_prepared_resized/train/train_004474.png,Valid but hard,,اللقالى,2025-11-26T21:52:06
0.375,جانبيه .,train_013350,../data/muharaf_prepared_resized/train/train_013350.png,Valid but hard,,جطانيه.,2025-11-26T21:52:08
0.375,ME- 21 3,train_011285,../data/muharaf_prepared_resized/train/train_011285.png,Script mismatch (non-Arabic),,ME-211,2025-11-26T21:52:30
0.375,EAK1A-66,train_004438,../data/muharaf_prepared_resized/train/train_004438.png,Script mismatch (non-Arabic),,EAK1A8,2025-11-26T21:52:31
0.375,على تحاريرك فهو لاجل انه يقدر يكتب لغيره فاذا لا تعتب عليه وهذا لا يلزم ان يمنعك,train_005601,../data/muharaf_prepared_resized/train/train_005601.png,Valid but hard,,على تار وكو وال ان  يقدر يكت لعجره فاذا لاتق ليه وذا ام م,2025-11-26T21:52:34
0.375,احترامي.,train_013538,../data/muharaf_prepared_resized/train/train_013538.png,Valid but hard,,احترامي به,2025-11-26T21:52:35
0.375,ME- 21 9,train_011457,../data/muharaf_prepared_resized/train/train_011457.png,Script mismatch (non-Arabic),,ME-211,2025-11-26T21:52:38
0.375,MeM1C-22,train_014206,../data/muharaf_prepared_resized/train/train_014206.png,Script mismatch (non-Arabic),,MG1C-2,2025-11-26T21:52:45
0.375,١ كانون اول ٩١١                      مسىمد دعاكم ولدكم ادىب سىحا,train_008506,../data/muharaf_prepared_resized/train/train_008506.png,Segmentation error,,كانو اول ١٩١                                   دى دى ادى ىم,2025-11-26T21:53:12
0.375,ديب ملعب,train_013235,../data/muharaf_prepared_resized/train/train_013235.png,Valid but hard,,الرديب ملعب,2025-11-26T21:53:20
0.375,YAL2A-47,train_018746,../data/muharaf_prepared_resized/train/train_018746.png,Script mismatch (non-Arabic),,YAL2A1,2025-11-26T21:53:23
0.375,AF-304 1,train_000272,../data/muharaf_prepared_resized/train/train_000272.png,Script mismatch (non-Arabic),,AF-302,2025-11-26T21:53:26
0.3734939759036144,انحسرت دموع اليأسَ على خدود الغرام                        متل شحتارا على بلاطة رخام,train_006679,../data/muharaf_prepared_resized/train/train_006679.png,Valid but hard,,انه حرث دموع الياأسَ عىا داد القرام                                  مم ل العى ال خرام,2025-11-26T21:53:29
0.3727272727272727,الجسر مقطوع واذا بكره  بقي مقطوع آخذها واعبّرها بل الى ان ينصبوه واتفق ان الجسر منذ ذاك اليوم حتى تاريخه مقطوع,train_014970,../data/muharaf_prepared_resized/train/train_014970.png,Valid but hard,,الجر وا واك بمى مقطا علا اقر اخذها واعيرها بل الى ان ينصبوه واتق ان احسر من ذك اليويى اى حا رت طع,2025-11-26T21:53:30
0.3724137931034483,بالصورة القانونية حضريا بالوقت المعين لروية الدعوى الواقع فى ١٧ تشرين الثانى ٣٠٣ سَركيسِ حبيب يمين من اهدن بالوكالة المصدقة عن المدعى واما المدعى,train_016231,../data/muharaf_prepared_resized/train/train_016231.png,Valid but hard,,بالاصوة القرية اية الر المن مين العى اواق فى ١٧ تشرين الثالى ٣ ٠ رسَ حبي بين من اهذه بالكلة الما و م اى الم عى,2025-11-26T21:53:32
0.3720930232558139,والمسوغ لهذا البيع هو لاجل نفقتهما الضرورية,train_016735,../data/muharaf_prepared_resized/train/train_016735.png,Valid but hard,,والمسَوغ لهذا المبيع هو لاجل تفقهما الضروري تعلوا باليع,2025-11-26T21:53:33
0.3714285714285714,بتاريخه انا الواضع اسمي ادناه فرحات فرح من قرية جاج قد استاجرت من الخوجات جرجي وحبيب بدارو من مدينة بيروت,train_000184,../data/muharaf_prepared_resized/train/train_000184.png,Valid but hard,,بم ن الو اي اه خا رع من قرية جاج قد است حريرت من لوات جري وجب باره من منيهة برت,2025-11-26T21:53:34
0.3712121212121212,والقريه اصبحت محصوره لا احد يتجرع الخروج منها كلياً لغاية هذه السَاعه ما قابل عطوفة المتصرف انما بعد الضهر انشالله تقابله ونعود نعرض,train_008851,../data/muharaf_prepared_resized/train/train_008851.png,Valid but hard,,واوالقريه  صود الاد تع الروج مها لياً لغاية هذه الساعه ما قاين عطوة المترف ا عد الضره له  وض,2025-11-26T21:53:38
0.3710691823899371,لا تسَمع قصداً بل من ضمن دعوى شرعية وحيث ان الدعوى الاصلية اضحت مسموعة بسَبب اقرار المدعى عليه سَنداً على المادة الـ ١٦٧٤ فاصبحت دعوى النسَب مسموعة ايضا نسبياً,train_016204,../data/muharaf_prepared_resized/train/train_016204.png,Valid but hard,,الساً عاً ا من من عى شرة وجيه ان الدعى الاحية اخحت مسَمعة سَيب قرار المدعى عليه سَدً على الدة الى ح اح ام اسَا اا بعياً,2025-11-26T21:53:40
0.3706293706293706,قابلاً الاستناف والتمييز ضمن المدة القانونية أُلقي الى الجانبين تفهيمه مشافهةً فى العلانية على سمع القائم بوظيفة المدعى العمومى مصدر هذا القرار,train_015329,../data/muharaf_prepared_resized/train/train_015329.png,Valid but hard,,قاباً الاً التنين التي المعنة الانية ولى الى الجان فهميه هشافهً في العلانية على سم الماط بية الدى المدى الم  القور,2025-11-26T21:53:44
0.3703703703703703,الرابع وبالحجم ذاته وان شاء,train_012364,../data/muharaf_prepared_resized/train/train_012364.png,Valid but hard,,الرايح وبالحجمزائ ولدة شا,2025-11-26T21:53:47
0.37,في مقبرة الدير كون بعيد عن دير مار ضومط                 الدير كوني بعيد عن دير مار ضوميط ولما تحوجني,train_008951,../data/muharaf_prepared_resized/train/train_008951.png,Valid but hard,,في مقيرة الدير كون بعيد عنه ورمار ضوميط                               كد اي الي الي الي وي,2025-11-26T21:53:52
0.3695652173913043,النوع من الورق المسطّر (على دفتر مدرسي). وكنتُ,train_014808,../data/muharaf_prepared_resized/train/train_014808.png,Valid but hard,,النوع من الورق المسطرو على ذم مرس,2025-11-26T21:54:02
0.3695652173913043,عملنا تلغراف ٢ لاواحد للأخ بطرس والثاني للخوري,train_015187,../data/muharaf_prepared_resized/train/train_015187.png,Valid but hard,,عملنا تلغرغفات ٢ الواحد لغدا للاخ بطرسى والثاني ال,2025-11-26T21:54:07
0.3694267515923566,الياسَ عواد عسَاف الخورى البيطار ثم قرر المدعى عليه انه اشترى العقار المحرر بمشاهدة المدعيين ومناظرتهم وانه تصرف به باطلاعهم ومناظرتهم بدون ادنى معارضه سَئِل,train_016154,../data/muharaf_prepared_resized/train/train_016154.png,Valid but hard,,الاسا سعا اعا الر الر ارار الدعى العيه اهن اشرى القار المحر مشاهدة المدعين ومنضارتهم وات تصربه بالهم واتهم بدن  ى ئل,2025-11-26T21:54:15
0.3691275167785235,وبما ان يوسَف احد المديونين المذكورين قد توفى وورثته مع بقية المديونين مترددون عن الدفع فيلتمسَان جلب احدهم اسَطفان والحكم عليه بدفع المبلغ المحرر مع,train_016018,../data/muharaf_prepared_resized/train/train_016018.png,Valid but hard,,وبا ا ااس ا المين المكوين ون قوى ورة مى قية المديونين منر دون عن الدف فيلاَا جب احم سَام الهه عه عل الل الم المع,2025-11-26T21:54:17
0.3689320388349514,ونومل ان يلحككم ايضًا ومن هنا الوالدين مع الضيف والزوج يقبلونكم بشوق ويدعون لكم بالعافي والنجاح والسلام,train_014976,../data/muharaf_prepared_resized/train/train_014976.png,Valid but hard,,ول لان يحتكم اليضا ومن هنا والادين مع اليه والام بقبلاتكم بالسَوق ودعو لم بالضهة والج وسلام من,2025-11-26T21:54:34
0.3684210526315789,"Atlantic City, N.J.",train_001659,../data/muharaf_prepared_resized/train/train_001659.png,Script mismatch (non-Arabic),,"Aalntic City,",2025-11-26T21:54:37
0.3684210526315789,١/٤ يود محلول عدد ١,train_000491,../data/muharaf_prepared_resized/train/train_000491.png,Segmentation error,,٤ يود محون مد١,2025-11-26T21:54:42
0.3684210526315789,سيادة مولاي الجليل الحبر العلامة المفضال المطران عبدالله الكلي الشرف والوقار,train_005912,../data/muharaf_prepared_resized/train/train_005912.png,Valid but hard,,سادة لية الي الجار الامة المفال المطا عد ال ال ال الار,2025-11-26T21:54:48
0.3675213675213675,كما اخبركم سيادة الحويك الكلي الشرف والاحترام في ٢٨ حزيران تركت رومية متوحها الى نابولي بمعية حضرة الاب الجليل الفاضل,train_005660,../data/muharaf_prepared_resized/train/train_005660.png,Valid but hard,,كا ركم ري اي اللي الشروف الاحرام في شرة بران شهر تركت رومة متوه لى قولي بمعة حضرة ال ال الل,2025-11-26T21:54:52
0.3673469387755102,الى شىـخ صلح قرية بقرقاشا الآن من ثلاثة سَنين وضع يده عليها لحود والمدعى عليه المذكور بدون حق فالتمسَ رفع يده عنها وتسَليمها لى ولموكلى سَئل المدعى,train_016130,../data/muharaf_prepared_resized/train/train_016130.png,Valid but hard,,ة اة اا ان ملة ثان اخى بره عليه تحود المدعى عليه المذكور بدون حق قالتسَ رف بده عها وسَليها ولى ولك سلمى المدعى,2025-11-26T21:54:53
0.3669064748201439,وبولسَ بطرس غسَطين وسَمعان يوسَف نفليش وانطانيوس سَمعان فرنجيه ويوسَف سمعان فرنجيه وسَليمان يوسَف الست ويوسَف سَليمان الست ورومانوسَ الياسَ,train_016345,../data/muharaf_prepared_resized/train/train_016345.png,Valid but hard,,وبطسَ سطيَ طين وسَان ويَن لي واطانوس سَعان جرنجه ويوسَف سعان فرجه وسَما وَيف السَ وسَين اسَ السَوَ الوَ والوَسَ,2025-11-26T21:54:58
0.3666666666666666,مطانيوس الحلبي وذلك في قاعة المحاضرات لطب الاسنان في الجامعة,train_012362,../data/muharaf_prepared_resized/train/train_012362.png,Valid but hard,,ايومس الحبي وذلك في فاعة المحاضرات بطب الا,2025-11-26T21:55:02
0.3666666666666666,تاكوهي ليد ... وفي الساعة ١٢ من تلك الليلة يعني ليلة الاربعا,train_015256,../data/muharaf_prepared_resized/train/train_015256.png,Valid but hard,,ي ليد خج.. وفي الساعة من لك اليم عين ل الرعا,2025-11-26T21:55:04
0.3666666666666666,وبناءً على صحة وفاة جد القاصرين لوالدهم الذي كان وصياً عليهم,train_009137,../data/muharaf_prepared_resized/train/train_009137.png,Valid but hard,,وبينأنر مح تحة وماة حة المعاهرن لولدهم الخومي كان وصيعا كليهم,2025-11-26T21:55:05
0.3666666666666666,القرار الصادر بدعوى ورد بنت محمد جهجاه نصرالله على سليمان وامين سليمان نصرالله واولاد عمهم,train_015361,../data/muharaf_prepared_resized/train/train_015361.png,Valid but hard,,القرار الصار بدعوى ود بنت محو هجاه تصر له على مسم وي سمن م  ل هم,2025-11-26T21:55:06
0.3666666666666666,يسَرع شفاءَه حتى ترجعوا سَوية.,train_005438,../data/muharaf_prepared_resized/train/train_005438.png,Valid but hard,,بسَرع ثلفاءؤة متى ترجيوا سَوبية؟له,2025-11-26T21:55:08
0.3666666666666666,فوق شفاه سامعيه لكنها ارست، في,train_014746,../data/muharaf_prepared_resized/train/train_014746.png,Valid but hard,,فوق شفاةٍ سامعية، مُ أرسَت، في,2025-11-26T21:55:10
0.3658536585365853,وفي يده وتصرفه بمشاهدة الخورى منصور وبايعه وسَكوتهما مدة لاتسَمع الدعوى بعدها فيطلب جلب الخورى المحرر ونقض القرار المسَطر ولدى طلب الفريقين بالصورة القانونية حضر فى,train_016379,../data/muharaf_prepared_resized/train/train_016379.png,Valid but hard,,وفيه يه اره ار الخر اخوه وابعه وهوهما مد لاسَمع الدعوى بعدها فبطلب حلب الخورى المحر وقتفر المر السَر الية القية القوي الان ال ضرفى,2025-11-26T21:55:12
0.3655913978494624,ما خص سفرتي ووصولى بالسلامة. فلان اغتنم هذه لاننى حرٌّ بزيادة ان اجاوبك بالتفصيل على التحارير,train_005671,../data/muharaf_prepared_resized/train/train_005671.png,Valid but hard,,ما خر سوي وب بالساة. فلان عثم هذه لاسن حترّ بزدادة ان اجات حرما وتصيل على التار التريت,2025-11-26T21:55:12
0.3653846153846153,على نفسَي تحريراً في ايلول ١٧ سنة ١٩٣٤ المقر ىما فىه,train_010074,../data/muharaf_prepared_resized/train/train_010074.png,Valid but hard,,على نفسَي تحريرًا في ايلول ١٧ نة ١٩١,2025-11-26T21:55:14
0.3653846153846153,واللي مغمق جرحة اصحابو                   بيعقل مذهول,train_006789,../data/muharaf_prepared_resized/train/train_006789.png,Valid but hard,,واللي مغحمت جرحة اصمابو        بق مول,2025-11-26T21:55:15
0.3648648648648648,فرنكو رئيسَا لفرع من اركان الحرب، وفوض اليه امر اصلاح الجيش، واعادة تنظيمه,train_001011,../data/muharaf_prepared_resized/train/train_001011.png,Valid but hard,,ي ى ران الحرب، وفوحن اليه امر الح الجبيش، واعادة تطظيمه.,2025-11-26T21:55:17
0.3645833333333333,وعندئذ ابتدأوا يقللوا نحوه الاعتبار فاذا Mrgo الريس ما كان مستعبرنى كالقول بل ذلك هو كثرة ثقه في,train_005689,../data/muharaf_prepared_resized/train/train_005689.png,Valid but hard,,عذ تدا وقعلوا نخوه الاعتار ماذا  الرمس اكان سَعبن كاتقو بل ذل ك ة ف في,2025-11-26T21:55:18
0.3636363636363636,Beyrouth le,train_005540,../data/muharaf_prepared_resized/train/train_005540.png,Script mismatch (non-Arabic),,Beyrhle,2025-11-26T21:55:20
0.3636363636363636,EAK1K1A-289,train_005787,../data/muharaf_prepared_resized/train/train_005787.png,Script mismatch (non-Arabic),,EAK1A-39,2025-11-26T21:55:21
0.3636363636363636,JEH2E1-5928,train_007667,../data/muharaf_prepared_resized/train/train_007667.png,Script mismatch (non-Arabic),,JEH21-2,2025-11-26T21:55:22
0.3636363636363636,دافيًا وهذا أبو علي ... منزل في حدود ولاية حلب بعد قايم,train_015015,../data/muharaf_prepared_resized/train/train_015015.png,Valid but hard,,ياً وهذا اوك اوا منزل ن حدود ولاية حلب ب قيومو,2025-11-26T21:55:25
0.3636363636363636,FÉLIX FARÈS,train_001980,../data/muharaf_prepared_resized/train/train_001980.png,Script mismatch (non-Arabic),,EALX FARÈ,2025-11-26T21:55:28
0.3636363636363636,JPK2B-45 	1,train_008068,../data/muharaf_prepared_resized/train/train_008068.png,Script mismatch (non-Arabic),,JPK2-41,2025-11-26T21:55:29
0.3636363636363636,/ ٨ آب ١٩٣٦,train_000226,../data/muharaf_prepared_resized/train/train_000226.png,Valid but hard,,١٨ آب ٩٣١,2025-11-26T21:55:34
0.3636363636363636,NAJA FRERES,train_018346,../data/muharaf_prepared_resized/train/train_018346.png,Script mismatch (non-Arabic),,NA FRES,2025-11-26T21:55:37
0.3636363636363636,تلفون ٤٤/٧٠,train_003465,../data/muharaf_prepared_resized/train/train_003465.png,Valid but hard,,تلفون ٩٤,2025-11-26T21:55:48
0.3636363636363636,ys-4C - 066,train_019959,../data/muharaf_prepared_resized/train/train_019959.png,Script mismatch (non-Arabic),,ys-4Cc-00,2025-11-26T21:55:51
0.3636363636363636,بيت بقيمت خمسماية ليره انكليز وكسَور دفع قصم نقداً  وقصم على الوقت,train_018730,../data/muharaf_prepared_resized/train/train_018730.png,Valid but hard,,ب بقمتالكيز وكسور رفع قص نقداً وقص على الوق,2025-11-26T21:55:54
0.3636363636363636,EAK1A - 681,train_006003,../data/muharaf_prepared_resized/train/train_006003.png,Script mismatch (non-Arabic),,EAK1A -,2025-11-26T21:56:02
0.3636363636363636,المعترض عليه فقرر بانه لم يفِ له مال يقال واذ بلغت الدعوى درجة النهاية اعلن ختم المرافعة,train_016325,../data/muharaf_prepared_resized/train/train_016325.png,Valid but hard,,لعرض ليه بقر با م يقلم ما يقال واريت الدوى ورجنه الهاهة اعى الى الم اعة,2025-11-26T21:56:04
0.3636363636363636,يوم الجمعة في ٢٤ اذار. الثامن شر. شافرنا من ال...الحمام,train_015151,../data/muharaf_prepared_resized/train/train_015151.png,Valid but hard,,يوم المحيا في٢ اذر والذني عشر. سافرنا من الشره الحام,2025-11-26T21:56:08
0.3620689655172414,عدد ١١٣ بعد التامل فى مندرجات ضبطنا من المحاكمة وسائر اوراق الدعوى المتفرعة تبين ان اسماعيل عيسى يونس اطلق ماشية على,train_015483,../data/muharaf_prepared_resized/train/train_015483.png,Valid but hard,,عد  الدى لمى را ا بطن من المحاكمة وسائر اوراق الدعوى المتفرعة بين ن اعيى عي  الة  ى,2025-11-26T21:56:09
0.3620689655172414,الا وظيفة ادارة التلاميذ لا غيرها. ولا يرضى الا بتلت الاف فرنك مع ان الخورى جبرايل ياخذ الف رغما عما عنده من الاشغال,train_005724,../data/muharaf_prepared_resized/train/train_005724.png,Valid but hard,,ال ية اياة التان ايرها والايرض الابلث الاف فرنك مع الن الخور راجي خا الر عا منا ما  الشال,2025-11-26T21:56:10
0.3617021276595745,فقظ اريد ان تعرف بان هذه المرة الثانية التي هى افظع من الاولى ذلك الريس المسكين البسيط القلب اراد محبة به ان يرجع فى كلامه ويطلب له العفو لكن,train_005723,../data/muharaf_prepared_resized/train/train_005723.png,Valid but hard,,ف رن ان ان اه الهذرة اتية التهيى اط من الاوى ذك الرى السكن السَيط العلب اد مجبة بن ان برجع فم مله وطله ال كن,2025-11-26T21:56:11
0.3614457831325301,ومسَاحته وتمنه وقدره اربعماية وخمسَون قرش مقبوض تماماً بيعاً باتاً المصادقه الشرعيه باركانها ورسَومها المرعيه على الوجه المشروح والمشترى كفل على انه اذا اسَتحق المبيع,train_016152,../data/muharaf_prepared_resized/train/train_016152.png,Valid but hard,,ومسَمة مه وده وه وامان ون ور قا ماً باً ا المصادقة اشرعيه باركانها ورسَومها المرعه على الوم الشرى والمت علل اله الا اا السبيع,2025-11-26T21:56:12
0.3611111111111111,"DRY GOODS, NOTIONS, SHOES, CLOTHING,",train_011197,../data/muharaf_prepared_resized/train/train_011197.png,Script mismatch (non-Arabic),,"DRY G, NOIONS, SFOES, C,",2025-11-26T21:56:17
0.3611111111111111,يم الخميس في ١٦ اذار يوم العاشر سافرنا من القايم الساعة ١٠ صباحًا مع ...,train_015037,../data/muharaf_prepared_resized/train/train_015037.png,Valid but hard,,الخميس في ٨ اذار يوم العاشر اذنا من الغام الساة ا,2025-11-26T21:56:21
0.3611111111111111,طبق الاصل فى ١٩ حزيران سنة ٩٤٠ سكرتر,train_016668,../data/muharaf_prepared_resized/train/train_016668.png,Valid but hard,,طبق الاصل في ٩ حرنسنة ٩٠,2025-11-26T21:56:28
0.3611111111111111,اشرف من جهة الPanthéon مارًا بساحتنا,train_020679,../data/muharaf_prepared_resized/train/train_020679.png,Valid but hard,,اشرف من جهة ot فارًا بيساحتت,2025-11-26T21:56:30
0.3611111111111111,أأبسم والشعب البريء مكبلّ                    ولا رأى في لبنان الا لمذنبِ,train_004102,../data/muharaf_prepared_resized/train/train_004102.png,Valid but hard,,أبسم والشعب البريء مكلبّ                                     اري الايا الا الذنبِ,2025-11-26T21:56:31
0.36,بوافر الأحترام أقبل يديكم واطلب رضاكم سائلاً المنه الألهية أن تهديكم مع العائلة العزيزة على ما ارجوه,train_017964,../data/muharaf_prepared_resized/train/train_017964.png,Valid but hard,,وان الحام البل يديكم وطلب رضاكم سارنا النه ا لهيه ان يكم ع الة الية ال ال ا,2025-11-26T21:56:32
0.36,هزَّ صليل جواده المشرقين،,train_019442,../data/muharaf_prepared_resized/train/train_019442.png,Valid but hard,,صلب جعراده المشرقين،,2025-11-26T21:56:34
0.36,OSPIZIO COLLEGIO MARONITI,train_005227,../data/muharaf_prepared_resized/train/train_005227.png,Script mismatch (non-Arabic),,SOZIO COLGITO MARNI,2025-11-26T21:56:39
0.36,شتأً ⸗ ⸗  ⸗ ١ ⸗ ٣ رأس بقر,train_013522,../data/muharaf_prepared_resized/train/train_013522.png,Valid but hard,,شتأً ⸗ ⸗  ⸗ ٣ رئيسن نقير,2025-11-26T21:56:48
0.3597560975609756,جرجسَ البعينى من مجدليا وتعين جلسَة نهار السَبت فى ٣ ت١ سنة ٣٠٣ وفيه حضر الشيخ مخايل الوكيل وحضر معه يوحنا مارون الدويهى من اهدن بالوكالة عن لحود الخورى المدعى عليه,train_016180,../data/muharaf_prepared_resized/train/train_016180.png,Valid but hard,,جسيسن ين ين ين مجين ينة سهاة اسَتيت ٣ وفيه حضر الشيخ مخايل الوكيل محضر معه يوضا مارن الدوي من اد الكان من الموى الموى المعدلعيه,2025-11-26T21:56:49
0.358974358974359,صورة طبق الاصل       بيروت ١ حزيران ٩٢٩,train_015798,../data/muharaf_prepared_resized/train/train_015798.png,Valid but hard,,حورة طبل الاحك       بروبو ار ٩٢١,2025-11-26T21:56:53
0.3583815028901734,المحكمة وادعى على الحاضرين فيها لحود الخورى انطانيوسَ من قرية بقورقاشا قايلاً بتقرر دعواه عليه انه فى الجارى على ملكى وملك موكلى من قديم الزمان ومتصل الينا فما باين ولابأينا,train_016127,../data/muharaf_prepared_resized/train/train_016127.png,Valid but hard,,اى اعى عى المرى لهيه ه الخور انيَ من قرة برو ق قايلاً تقر دعواه عليه انه من الجارى على كى وملك ول ن قديم المان مان منن ا ا أبنا,2025-11-26T21:56:54
0.3580246913580246,يده سنداً على المادة الـ ١٧٥٥ من المجلة وابلغ هذا القرار للفريقين وطلب من كل منها تسَمية شهوده فاجاب وكيل المدعى ان شهوده هم يوسَف الخورى فرنسَيسَ حنا ديب والخورى,train_016339,../data/muharaf_prepared_resized/train/train_016339.png,Valid but hard,,عيدها ا الة الـا١ة الـ١٥ من الجل ولهذا الر لوين وطلب من لهما نسَية شهوره فاجب وكل المدع ان اشه بسَ الخورى فخسَ سَا و والخر,2025-11-26T21:56:55
0.3576158940397351,تائيد الحكم الغيابي وتضمين المعترض العطل والضرر اما امين المعترض فقد طلب اولاً اعطا القرار بكون الدعوى من صلاحية المحكمة او ليسَت من صلاحيتها ينظر فيها,train_016310,../data/muharaf_prepared_resized/train/train_016310.png,Valid but hard,,اي اليل الين اضيض المض العطل والضر اما امين المعرض فقد طلبالً عطا القار بن الدوى عى اية المحة امة ة ا ا ظيها,2025-11-26T21:56:56
0.3571428571428571,وثم جثة البطل المجهول موضوعة على مدفع كبير,train_020708,../data/muharaf_prepared_resized/train/train_020708.png,Valid but hard,,م اجنة البطل المجهمع فوضوعة على ادقيخ ال,2025-11-26T21:56:57
0.3571428571428571,بفروغ حبر نخن بانتظار جوابكم,train_018750,../data/muharaf_prepared_resized/train/train_018750.png,Valid but hard,,ويفروع مبر نحن بانتظار جراكم در,2025-11-26T21:57:00
0.3571428571428571,الى التعرف بكم,train_010414,../data/muharaf_prepared_resized/train/train_010414.png,Valid but hard,,ي التصرف يكم,2025-11-26T21:57:07
0.3571428571428571,حضرة رئيس بلدية الشويفات المحترم : تحية واعتبار انه لما كان قد جرى فيما بيننا شجارات,train_014189,../data/muharaf_prepared_resized/train/train_014189.png,Valid but hard,,حرة طيسَ لوي السويقا المحرتم نمة واعتبار انه لما كان قدو جرى ما س ال,2025-11-26T21:57:09
0.3571428571428571,المنصورة هذه ...هناك وحدنا على افندي مامور,train_015008,../data/muharaf_prepared_resized/train/train_015008.png,Valid but hard,,وصور هنك وال.. .ناك وحدنا على افندي ما م,2025-11-26T21:57:11
0.3571428571428571,بكركي ٦ كانون الاول سنة ١٩١٩,train_003397,../data/muharaf_prepared_resized/train/train_003397.png,Valid but hard,,بكولي ١٥ كانو الاول  ١٩٣١,2025-11-26T21:57:13
0.3571428571428571,العنوان   .   .   .   العاشق,train_007303,../data/muharaf_prepared_resized/train/train_007303.png,Valid but hard,,العنوان         اق,2025-11-26T21:57:16
0.3571428571428571,MG26-43   9/12,train_012072,../data/muharaf_prepared_resized/train/train_012072.png,Script mismatch (non-Arabic),,MG26-4312,2025-11-26T21:57:21
0.3571428571428571,MG26-43   6/12,train_012016,../data/muharaf_prepared_resized/train/train_012016.png,Script mismatch (non-Arabic),,MG26-4312,2025-11-26T21:57:22
0.3571428571428571,MG26-43   2/12,train_011924,../data/muharaf_prepared_resized/train/train_011924.png,Script mismatch (non-Arabic),,MG26-4312,2025-11-26T21:57:22
0.3571428571428571,MG26-43   5/12,train_011996,../data/muharaf_prepared_resized/train/train_011996.png,Script mismatch (non-Arabic),,MG26-4312,2025-11-26T21:57:23
0.3571428571428571,امّنا، رُحماكِ,train_003193,../data/muharaf_prepared_resized/train/train_003193.png,Valid but hard,,أَنا، ُحماك:,2025-11-26T21:57:27
0.3571428571428571,MG26-43   4/12,train_011965,../data/muharaf_prepared_resized/train/train_011965.png,Script mismatch (non-Arabic),,MG26-4312,2025-11-26T21:57:29
0.3571428571428571,ومعاصروه 	طبعة,train_002682,../data/muharaf_prepared_resized/train/train_002682.png,Valid but hard,,القاحروه -طبعة,2025-11-26T21:57:32
0.3571428571428571,١٣٤١ ٢٧ ربيع ١,train_002330,../data/muharaf_prepared_resized/train/train_002330.png,Segmentation error,,١٣٤ ١٢ ربيع,2025-11-26T21:57:37
0.3571428571428571,#QAJE5#L_1#0#9,train_015813,../data/muharaf_prepared_resized/train/train_015813.png,Script mismatch (non-Arabic),,QAJ5#L_#0,2025-11-26T21:57:39
0.3571428571428571,"STRASBOURG, LE",train_005989,../data/muharaf_prepared_resized/train/train_005989.png,Script mismatch (non-Arabic),,"SABOUG,LE",2025-11-26T21:57:42
0.3571428571428571,MG26-43   8/12,train_012064,../data/muharaf_prepared_resized/train/train_012064.png,Script mismatch (non-Arabic),,MG26-4312,2025-11-28T09:36:55
0.3563218390804598,باشد الاسف تلقينا منعى مثلث الرحمات المطران شكر الله شقيقكم العزيز الحبر المفضال فانقضّ,train_004456,../data/muharaf_prepared_resized/train/train_004456.png,Valid but hard,,باد الالت تيونا مع مث الرحمات المطران شكر اللش وفيقتكم التير الزري الا,2025-11-28T09:36:59
0.3557692307692308,واسمح لك ىان تخبره عنها وسترى اذا كان تنكر اذ اننى فهمت انه ينسَب طرده لزلات خفيفه ولبغض وانتقام الخوري),train_005699,../data/muharaf_prepared_resized/train/train_005699.png,Valid but hard,,وسا لكم كن رنه عوا اسى اذان كر اذانى فهمت انه يسَب طروه لا فيهة وبع والتام الخري,2025-11-28T09:37:02
0.3555555555555555,اعمالهم واغراضهم واليوم ستؤخذ صورة الاكليل ونهار الاثنين او الثلاثا يكون العروسان في بعلبك,train_018961,../data/muharaf_prepared_resized/train/train_018961.png,Valid but hard,,عالهم واضا هم اليكم شؤخذ صورة الاكلي ونهار الاثني ا الا لكن   يك,2025-11-28T09:37:17
0.3555555555555555,احد كما لا يقرب طال عزيز بقاك                                               الداعى لحضرتكم,train_020010,../data/muharaf_prepared_resized/train/train_020010.png,Valid but hard,,ال                                                                الانى,2025-11-28T09:37:25
0.3548387096774194,ويحبني الهزار ويحب وبرا الشحرور,train_003799,../data/muharaf_prepared_resized/train/train_003799.png,Valid but hard,,وتحيي الزار ويجيا وبوا لتمرور,2025-11-28T09:37:32
0.3548387096774194,حفلة تآبين المرحوم ابو علي سلام,train_019398,../data/muharaf_prepared_resized/train/train_019398.png,Valid but hard,,فلة تكابين المرحوم الو م,2025-11-28T09:37:46
0.3548387096774194,راجياً في الوقت ذاته ان تقدموا خالص احترامنا لصاحب الغبطه ايده,train_004363,../data/muharaf_prepared_resized/train/train_004363.png,Valid but hard,,ركن الحوت ذاسه ان تقدمفوا خابد اختامنا لصاب البطة بد,2025-11-28T09:37:48
0.3548387096774194,شريفبورت لوزيانا ٢٦ ايلول /١٩٠١,train_018661,../data/muharaf_prepared_resized/train/train_018661.png,Valid but hard,,شريبوت لزينا ن٢ الو نة١٩٣١,2025-11-28T09:37:59
0.3540372670807453,ملك ومن اسَتغل مال غيره بتاويل ملك لا يلزمه اجرة ولو كان معداً للاسَتغلال كما هو مصرح فى مادتى ال٥٩٦ وال ٥٩٧ من مجلة الاحكام العدلية هذا فصلاً عد ان المحكمة حكمت,train_016327,../data/muharaf_prepared_resized/train/train_016327.png,Valid but hard,,لمل كمن اسَل له ريه ا ول لا لمه اجة ول كان معداً لاسَقال كاهو صرح في مادى ال ٥والـ ن مجلة المحكم المعية عف ا عا علحا المحام حمت,2025-11-28T09:38:01
0.3537414965986394,وخمسَة وتسَعين قرشاً بموجب سند مسَتحق الاداء وبما انه متردد عن الدفع فيطلب جلبه والحكم عليه بالمبلغ المذكور وفايدته والعطل والضرر ولدى طلب الفريقين,train_016230,../data/muharaf_prepared_resized/train/train_016230.png,Valid but hard,,خمسَة وسَتية قرا بمجون سَس مسَاة الراء ويا اك متردودعن الدفو نيطنين جايه والحكم عيه بالبابل المذكر واوياة والطلر والر وطل لل القري,2025-11-28T09:38:03
0.3529411764705882,أأبسم والموتى تسير طروبة                 باثواب انسٍ في ضريحٍ مطيّبِ,train_004103,../data/muharaf_prepared_resized/train/train_004103.png,Valid but hard,,أبعلم والموتى تسير طروية                            با ا   بّبِ,2025-11-28T09:38:27
0.3529411764705882,-١- الخادم الامين,train_017012,../data/muharaf_prepared_resized/train/train_017012.png,Valid but hard,,الخادم السلامين,2025-11-28T09:38:39
0.3529411764705882,ربما تشكر بها امك,train_010707,../data/muharaf_prepared_resized/train/train_010707.png,Valid but hard,,ريما تسر. لهما امك,2025-11-28T09:38:41
0.3529411764705882,8 شعبان تموز 1913,train_002080,../data/muharaf_prepared_resized/train/train_002080.png,Wrong transcription,,٨ شبان تموز ١٩٢٧,2025-11-28T09:39:01
0.3529411764705882,برلين 5 شباط 1934,train_002856,../data/muharaf_prepared_resized/train/train_002856.png,Wrong transcription,,برلي ٥ شباط ١٩٣٤,2025-11-28T09:39:10
0.3529411764705882,غب لثم مواطي اقدامكم الطاهرة والتماس بركة ادعيتكم الباهرة الى الدوام، يعرض عبيدكم اهالي قرية ربله عموماً عن قضية الجسَر,train_009128,../data/muharaf_prepared_resized/train/train_009128.png,Valid but hard,,غغب لث االم امكم الطارة والتا برة اعيتكم الباهره الى الاولم يعوض عبيكم اي قي مً اً ع الر,2025-11-28T09:39:15
0.3529411764705882,لحضرة النائب العام لدى محكمة بداية,train_015802,../data/muharaf_prepared_resized/train/train_015802.png,Valid but hard,,حضرة اب بالام لد مفكم راية,2025-11-28T09:39:24
0.3529411764705882,الريحاني ومعاصرُه,train_003057,../data/muharaf_prepared_resized/train/train_003057.png,Valid but hard,,لركاني ومعار,2025-11-28T09:39:30
0.3529411764705882,١٣٤٣ ٩ جماد الاول,train_002497,../data/muharaf_prepared_resized/train/train_002497.png,Segmentation error,,١٣ جاد الاولى,2025-11-28T09:39:33
0.3524590163934426,غب لثم انامكم الطاهرة المقدسَة والتماسَ البركة من فمكم الاقدسَ على الدوام. المعروض لسَيادتكم قبلاً تشرفنا بمرسَومكم الكريم,train_008778,../data/muharaf_prepared_resized/train/train_008778.png,Valid but hard,,غب لثم انامكم المطارمة المدة والمساسة البر كم الاقوسَ على الوا. المعوض سياكم كلين بغرا سرام كم,2025-11-28T09:39:38
0.3513513513513513,منه بالشرا الشرعى بموجب صك غير مسَجل بتمن اربعة الاف قرش وعند ذلك قرر الفريقان بان قطعة الارض الموجودة بخراج ارده مباعة من الخورى يوسَف سَكر المذكور,train_016147,../data/muharaf_prepared_resized/train/train_016147.png,Valid but hard,,من اا الشاع الع  وب حب سَل من ارعةالاف قرش وعن ذلك قر الفريقان بان قطعة الارض المجوة تار جة من الى الموى السَ المَ المكور,2025-11-28T09:39:39
0.3513513513513513,كالكتابة وبهذا الى سبب عندك للملامه من يحب الثاني مجاناً فى هذه الدينا فاذا كان هذا الخورى آذنى (ازيد مدح ذاتي),train_005691,../data/muharaf_prepared_resized/train/train_005691.png,Valid but hard,,كابية بهذا اشب بعدم الامه من حب الثاني جانا فى هذه الدياً فا ا هذا الخورى اى ا   ي,2025-11-28T09:39:41
0.3513513513513513,العنوان     .    .    .    بحضن الحبق,train_007200,../data/muharaf_prepared_resized/train/train_007200.png,Valid but hard,,العنوان       .      لحيق,2025-11-28T09:39:53
0.3508771929824561,ومهري ان لبط قمة جبل بحوافرو     بتلطم بقمي غيرها وبتهدها,train_006764,../data/muharaf_prepared_resized/train/train_006764.png,Valid but hard,,ومهري ان لبط قمة جبل بحوافرو ب ر بدها,2025-11-28T09:39:55
0.3505747126436782,المدعى وسَعيد افندى فتوش من دير القمر بالوكالة عن المدعى عليه الثابتة بسَند مصادق عليه فى هذه المحكمة مجاز له به المرافعه والصلح والاقرار والابرا وطلب الحلف واسقاطه والاعتراض,train_016115,../data/muharaf_prepared_resized/train/train_016115.png,Valid but hard,,المددى وسَدن فن  ر بر الال من المدعى عليه اثمة بسند مصادق عيه من هذه المحكم جاز ليه الاعه والم والارا والا والا والسَا والاراض,2025-11-28T09:39:58
0.3505154639175257,صح تحرير لكم من ... صديقكم ... ويريد الجواب معكم بخصوص كيفية السفر والطريق لا وفق الاحسن يقول ...,train_014977,../data/muharaf_prepared_resized/train/train_014977.png,Valid but hard,,حح حر ريم كم ار بعل صدتكم وزان وريد الواب معكم خص كيفي الشضر والطري وا ق الحسن وقول وس,2025-11-28T09:39:59
0.35,١٩ ادار / ٩٢٦ طلب جدول كما هو محرر اعلاه,train_015759,../data/muharaf_prepared_resized/train/train_015759.png,Segmentation error,,ف ١٩ ادار ٩ طلب جدول كما هو حر,2025-11-28T09:40:07
0.35,سليم الحاج ايلي قشوع,train_012836,../data/muharaf_prepared_resized/train/train_012836.png,Irrelevant / signature,,سيم اخاحايلي شرع,2025-11-28T09:40:12
0.35,فوصلنا الى ساحة Place de la Concorde وما,train_020672,../data/muharaf_prepared_resized/train/train_020672.png,Script mismatch (non-Arabic),,فوصلنا الى ساحة Pe Cacne وما,2025-11-28T09:40:18
0.3488372093023256,... عن الشط رعد وبرق وباقي من مياه حراي ...,train_015086,../data/muharaf_prepared_resized/train/train_015086.png,Valid but hard,,عبده عن الشط .عد . وساقي من مياه حراى,2025-11-28T09:40:21
0.3484848484848485,"قال كسرى لوفد من امراء العرب : ""ما بالكم تتفرقون امارات صغيرة، ولا",train_019655,../data/muharaf_prepared_resized/train/train_019655.png,Valid but hard,,قال ل رون عمن العار العر : ما بلكم مترون ار صرية، ولا,2025-11-28T09:40:24
0.3478260869565217,"N. A. MOKARZEL, Editor.",train_001472,../data/muharaf_prepared_resized/train/train_001472.png,Script mismatch (non-Arabic),,"N. MOZEL, Eitor",2025-11-28T09:40:27
0.3478260869565217,ارجوكم اذا قدرتم تسَفروا ولدنا مرعي الى عندنا سَرًا عن والدته باسَرع ما يمكن من كون لازم لنا,train_018682,../data/muharaf_prepared_resized/train/train_018682.png,Valid but hard,,واكم دم دم تسروا ولا نرمي الى عنا سرا عن ولده باسع ا يمن من لزا لنا,2025-11-28T09:40:31
0.3478260869565217,جاج المحترمين فى ٢٧ منه,train_000248,../data/muharaf_prepared_resized/train/train_000248.png,Valid but hard,,جاع المحت رقن في ٢٧ ك,2025-11-28T09:40:46
0.3478260869565217,كلمة الاستاذ السَودا في,train_019396,../data/muharaf_prepared_resized/train/train_019396.png,Valid but hard,,كلم الاسيق السواء مي,2025-11-28T09:40:51
0.3478260869565217,وكيل قنصل الميركان (القنصل أنطون يني) الذي ...,train_015208,../data/muharaf_prepared_resized/train/train_015208.png,Valid but hard,,ويكيل قضصل الايران الخا انطون بني) الي,2025-11-28T09:40:53
0.3478260869565217,Prof. Ign. Kratchkovsky,train_002734,../data/muharaf_prepared_resized/train/train_002734.png,Script mismatch (non-Arabic),,Po Kratchkovsky,2025-11-28T09:40:56
0.3478260869565217,ملحق خير انشاالله تعالى,train_002384,../data/muharaf_prepared_resized/train/train_002384.png,Valid but hard,,ملحق خيرانشا الله,2025-11-28T09:41:07
0.3478260869565217,لدى المذاكره ثبت باقرار المدعى عليه المذكور ان القطعة المرقومة متروكة عن الخورى يوسَف شعيا الذى توفى عمن ذكر من الورثة وحيث كان دعوى المدعى عليه وقوع القسَمة بين,train_016241,../data/muharaf_prepared_resized/train/train_016241.png,Valid but hard,,لدى الذك امذر ار الى الديه المذكوان القطعة المقومة مدوكة عن الخرى يوسَف شعب الذى تفنى عن كمن المرة وا ن ا الى الى الموعة المسة سَين,2025-11-28T09:41:11
0.3478260869565217,نحو عشرون ورقة عوري بسبب لصقهم على بعضهم البعض,train_020510,../data/muharaf_prepared_resized/train/train_020510.png,Valid but hard,,نحو عشرون ولعوري بسبب ملسفهم في بعري بقض,2025-11-28T09:41:18
0.3472222222222222,ذلك الحارة لا تكونو عملتم راي مناسب جدًا واكيم برهان على ذلك لو قصدتم ان,train_010997,../data/muharaf_prepared_resized/train/train_010997.png,Valid but hard,,وكر الحار لاتكونو عملتم غ بل تونو عملتم راي فاسب جدًا واليكم برهان على ذالك لو قصدتم ان,2025-11-28T09:41:19
0.3461538461538461,اخي العزيز جورج دمت سالمًا,train_020856,../data/muharaf_prepared_resized/train/train_020856.png,Valid but hard,,ي العزي جوع ومت سانا,2025-11-28T09:41:25
0.3461538461538461,ويحن عابالي  الجزل والكبار,train_003822,../data/muharaf_prepared_resized/train/train_003822.png,Valid but hard,,ورحني عماباك الجزل موالكران,2025-11-28T09:41:27
0.3443708609271523,قبل صدور الحكم بمدة اربعة اشهر هذا يخالف حكم المحكمة ويوكد عدمه وتبلغ هذا القرار للفريقين وصار الدخول  باسَاسَ الدعوى ولدى الكشف على قيودات المحكمة وجد,train_016078,../data/muharaf_prepared_resized/train/train_016078.png,Valid but hard,,قبل الحلم الحركم برة الرة راها اخضلكم الحكة ود عم وبلغ هذا القرار للفريقين وصار الخولى بسَاد الدى ولى سَى عى الل المحة ود,2025-11-28T09:41:28
0.3442622950819672,مسَكين عن بتخايلو محتار                    واكتر ما كان مجروح,train_006787,../data/muharaf_prepared_resized/train/train_006787.png,Valid but hard,,مسَين عن بتخايلو محتار                                       اما مجوح,2025-11-28T09:41:29
0.3441558441558441,وجريسَ شاهين عنتر وديب الزلوعا واسَعد مخايل القارح ومخايل موسَى القارح وبولس سَمعان بولس وسَليم انطانيوس كرم وخليل انطانيوس فرنجيه من اهدن ولا بينة لموكلى,train_016350,../data/muharaf_prepared_resized/train/train_016350.png,Valid but hard,,شي ن وور بالبو اسعد مليل القار وخاي موس القارح ويوسَ سَمعان بوسَ وسَليم انطانوسَ رم وخل انانيس ريه من اند وان بنل كلى,2025-11-28T09:41:30
0.3439490445859872,لدى المذاكرة وتدقيق النظر باعلام المحكمة الغيابي وجد واقعاً بغير محله من جهة الحكم باجرة الاوضه المرقومة على المعترض المرقوم الاوضه المتنازع فيها بدعواه انها,train_016326,../data/muharaf_prepared_resized/train/train_016326.png,Valid but hard,,لدى المذكر المتر اتا الام المكمة الكاي وج واقاً ي محله من جهة الحكم باجرة الاراة المروع علعى المقر المرا اما الا الا الا ا ها,2025-11-28T09:41:31
0.34375,البابور ثلاثة وثلاثون عربية عرفتكم امسَ سَلمولي على الجميع ودمتم,train_011642,../data/muharaf_prepared_resized/train/train_011642.png,Valid but hard,,الجاير ثاثة وثلهون عربيه كما فرفكم المشَ سَلموا علي المجيم ومتم,2025-11-28T09:41:33
0.34375,واقبلوا كرمًا مولاي تهنئتي الخلوصية وولآءي الصادق وتكرموا ببشائر,train_005844,../data/muharaf_prepared_resized/train/train_005844.png,Valid but hard,,واقلا كرا ولا نرنَني اخوية ولادي العاو وتكروا بشائف,2025-11-28T09:41:34
0.3432835820895522,واننا لنعلم ما لهؤلاء الحكام المحليين، مرابين كانوا او مستشارين، من,train_001148,../data/muharaf_prepared_resized/train/train_001148.png,Valid but hard,,وانا لهم الالاحكا المحلبين. مرافنين كنوا الما شاري، من,2025-11-28T09:41:36
0.3428571428571428,بتاريخه قد باع داود واسَعد ودوميط وتوفيق وديبه اولاد يوسَف دوميط الخورى من يعقوب انطون العلم كلهم من قرية,train_015986,../data/muharaf_prepared_resized/train/train_015986.png,Valid but hard,,بتاخ  واد اد وسَد وي وقيق دبيه ولا يوسَف وميط الخورى من تقو النطون للم لكم  ية,2025-11-28T09:41:37
0.3428571428571428,الهدف، اذ يحق ذلك فقط للمسجّلين لدى,train_014755,../data/muharaf_prepared_resized/train/train_014755.png,Valid but hard,,الهدف، ذ يحقَ ذل نا للمجين فيت,2025-11-28T09:41:41
0.3426573426573426,المسَطرين يتضمنان تعهدهما بدفع المبلغ وفايدته كافلين بعضهم بعضاً مؤرخ احدهما فى ٨ ك٢ / ٨٦ مؤجل لمرور سَبعة اشهر والاخر بتاريخ ٢ ادار /٨٦ مسَتحق,train_016220,../data/muharaf_prepared_resized/train/train_016220.png,Valid but hard,,المسَطرين يقمان تعهدها بدفع المبع وفايد كافلين بعضهم بعضا مؤرخ احدهما ى ١ ٢ ال رو وسَية وشرة الاري الاري   حتتة,2025-11-28T09:41:42
0.3425925925925926,ان نجد خوريا مثل هذا الريس متجرد وضحى ذاته يتعاطى مهام كثيره ولا يأخذ الا قيمة قليلة مع ان اللاتنن لا يتعاطى,train_005742,../data/muharaf_prepared_resized/train/train_005742.png,Valid but hard,,النير مخري ل هذا الشري م متجر وضالى ذانه يتعاض مهم كثيره ولا ياخذ الاقيمة قلة با الان  اس,2025-11-28T09:41:43
0.3421052631578947,المطر لكنه بارد وشديد وقع معنا هذا ...,train_015047,../data/muharaf_prepared_resized/train/train_015047.png,Valid but hard,,لكن بار وشدلد وتع معنا هذا الا,2025-11-28T09:41:45
0.3416666666666667,الذي اعرض لسيادتكم ولدكم اسَعد سَمعان وبحسَب امر سيادتكم حضر ولدكم المذكور وحجته تحرير سَيادتكم الى عند سَعادتلو قايمقام,train_009129,../data/muharaf_prepared_resized/train/train_009129.png,Valid but hard,,الين ر سدكم المكم السَم عمان وبمسَه الر سيادتكم حضر ولدكم المذكور وصحت تحري سيادكم لى س سَ قلا,2025-11-28T09:41:46
0.3411764705882353,ووزرائه ومنهم من هؤلاء الوزراء الشاعر بشاره الخورى فاخذ الجدال بيننا يحتد والبحر ساكن,train_002791,../data/muharaf_prepared_resized/train/train_002791.png,Valid but hard,,وراه م  ال ا الر البشاره الخورى فاخذ الجدال بنيا يميد والبحريسن,2025-11-28T09:42:03
0.3409090909090909,الطويل وتحملهم العناء وعلينا ان نوفر لهم اقل,train_006336,../data/muharaf_prepared_resized/train/train_006336.png,Valid but hard,,احمهم العت، وعلين ان توفر بهم اقل,2025-11-28T09:42:05
0.3404255319148936,المقبل الى جنب ممثلي ٥٤ دولة من اكبر دول الارض،,train_019608,../data/muharaf_prepared_resized/train/train_019608.png,Valid but hard,,المقبل الى هئب مل ٥ ول عن الكر ول لصاض,2025-11-28T09:42:13
0.3404255319148936,يلمنا لولا تفشلقنا                                                     واقف حرسَ ما بين خل وخل,train_007243,../data/muharaf_prepared_resized/train/train_007243.png,Valid but hard,,ي ل                                                     ح ي خل,2025-11-28T09:42:18
0.34,بتاريخه اقر معترفاً بان كامل الدين المنسوب لي على ذمة امين عبود نعمه فياض من كفرعقا بموجب حكمية صارت,train_016395,../data/muharaf_prepared_resized/train/train_016395.png,Valid but hard,,بتراريخه قر قنا بان اكامل والدين النسوب لي على ذمه امية عبود فمه فيض من توف بجوب تريتة الحكية حاوتة,2025-11-28T09:42:19
0.34,علا احسن حال فقط نريد يكون بينكم مليح ... يلافقينا,train_014951,../data/muharaf_prepared_resized/train/train_014951.png,Valid but hard,,لا احمسن حال قط نود يكون كينكم ملجح بنا بكون بلاقينا,2025-11-28T09:42:20
0.34,اجد الشر كل الشكر بأمثال المستكبرين على غير شيء لانهم لا يفهمون ان المشاريع لا تقول بدون جهاد وخصومة,train_001478,../data/muharaf_prepared_resized/train/train_001478.png,Valid but hard,,بد الشرلر الشرير ابمال المستكرين على غرشي لانهم ايتعمن ان المشاري اقدوم بمده و صوية,2025-11-28T09:42:22
0.34,نجيب سرسق في بيروت وجنابهم الى التلغراف نحو ساعة ٣,train_015166,../data/muharaf_prepared_resized/train/train_015166.png,Valid but hard,,سرتقا في بيروت ورجنابم على التلر ا وح ساع ١,2025-11-28T09:42:23
0.3395061728395062,قابلاً الاعتراض والاسَتئناف بلزوم رفع يد المدعى عليهما عن القطعة المحررة وتسَليمها للمدعى وتقديمهما له خمسَة ريالات مجيدية بدل مصارفات الدعوى واجرة الوكيل المسَخر,train_016009,../data/muharaf_prepared_resized/train/train_016009.png,Valid but hard,,قا الا واسَان ان ر ردع لعى عيه ن القطعة المحرة وتسليمها للمدعى وتقريما له خحسَة ريلا مجيبدة ل صات الدوى ارجة الية المسَخ,2025-11-28T09:42:24
0.3389830508474576,ليعطى لكل فريق نسَخة تحريراً فى ٢١ ربيع اول ٣٠٥ و ٢٤ ت٢ ٣٠٣,train_016349,../data/muharaf_prepared_resized/train/train_016349.png,Valid but hard,,بعطل لكرير سَة تحرياً فى ٢ بع و ٣٥ و ت٢٣٠٣,2025-11-28T09:42:34
0.3389830508474576,قصيدة غزلية عنوانها  .  .  .  يا اللي الحياة اكليل عا راسَك,train_006915,../data/muharaf_prepared_resized/train/train_006915.png,Valid but hard,,قصيدة غنزلية عنوانها            ي لي ل ال اسَك,2025-11-28T09:42:36
0.3389830508474576,قصيدة غزلية عنوانها   .   .   .   لو كون بيفجر الحياة نسَمي,train_007158,../data/muharaf_prepared_resized/train/train_007158.png,Valid but hard,,قصيدة غزلية عنوانها                     ل مَمي,2025-11-28T09:42:37
0.3385826771653543,ثالثاً تقول ان الريس تشكى من الرهبان لدى غبطه لكن هذا لما عرف لما عرف كيفيه طرد الاخ برنردوس يتعين ان اصل كلشي هو الخوري جبرايل,train_005720,../data/muharaf_prepared_resized/train/train_005720.png,Valid but hard,,قبلاً ا ا ى ن كمن اده عى بل كن هذا لما عرف ما عرف كيفه طرد الاخ برنوي يتين ن صل كش جو الخوري بجرل,2025-11-28T09:42:42
0.3381294964028777,باننا وقفنالك الى أخيه علي نقي واخذنا منه لها موصولًا. يلزم في بيروت تحولون لنا مبلغ كافي حتى يبقى عندنا لدفع المعاشات مع اهل الأشخاص ودمتم,train_014979,../data/muharaf_prepared_resized/train/train_014979.png,Valid but hard,,نا ا له الى ليى ليه في وان مني يها صل. بلزم ن يروت تحرلوت لنا مبلغ وافي حت يصى عدنا لدع الماشات الى ال الاشخر ومتم,2025-11-28T09:42:43
0.3381294964028777,الحكم المحرر ان المعلم بشاره ادعى بالوجه الغيابي بالوكالة عن القسَ هرون المذكور بان موكله اسَتاجر من يوسَف يعقوب عيسَى فياض الملاك العثمانى,train_016294,../data/muharaf_prepared_resized/train/train_016294.png,Valid but hard,,الحكم الم ن ان ه بعده الب الاي ولكاة عن القسَ هرون المذكور بان موكله اسَاج من سَف بعبوس سيى في الاكم الماثعان,2025-11-28T09:42:44
0.3378378378378378,لا قلبها تحنن ولا البلبل شدى                    ولا عروسَ الصبح جات مبسَمي,train_006750,../data/muharaf_prepared_resized/train/train_006750.png,Valid but hard,,لا قلبها تحن ولا البليل شدع                  ا سَمي,2025-11-28T09:42:45
0.3376623376623376,قضيت الليل سَهران في مجرى الودا                    من قلبها الصوان اطلب مرحمي,train_006749,../data/muharaf_prepared_resized/train/train_006749.png,Valid but hard,,قضيت الليل سهران في مجرن الود                                   نن ملا الا الا محمي,2025-11-28T09:42:46
0.3375796178343949,عليه من المنسَوبين اليها وذلك توفيقاً للمادة ال ١٨ من قانون اصول المحاكمات الحقوقية الموقت وابلغ هذا القرار للفريقين بتاريخ ١٠ جماد الاخر ٣٠٤ وفى ٢١ شباط ٣٠٢,train_016313,../data/muharaf_prepared_resized/train/train_016313.png,Valid but hard,,عليله من السَنين اليه ولوك وقياً المادة ال١٨ من قانون احول المحاكمات الحقوية الموقت والبقهاه الر الريا تيري الايى الا ا   ١ ٣٠٣,2025-11-28T09:42:47
0.3375,وليت اسَقي منا وما خصمي التراب                    تا انطفيت جهنم على الاربع جناب,train_006769,../data/muharaf_prepared_resized/train/train_006769.png,Valid but hard,,وليت اشقي من وما خصمي التراب                                  تا طن العا الع الجاب,2025-11-28T09:42:48
0.3373493975903614,اطلب الدعاء اولاً . ثم وصلت الى بيروت الساعه ٣ من بعد ظهر الاربعا ولحسن الحظ اهتديت,train_018958,../data/muharaf_prepared_resized/train/train_018958.png,Valid but hard,,طلب العداد الا. م وحلت الايروت السع ١ من بعد ذ البا ون الطظه الهديت,2025-11-28T09:42:54
0.3370786516853932,تأتوا. وبالاختصار تعرفون كم ان قلبي يريد ان تكون معي والله يعلم فيما يوجد به من الحب نحوك,train_005646,../data/muharaf_prepared_resized/train/train_005646.png,Valid but hard,,أا وبلاتصار العون كه ان قلي يريد الاسكون معي والعله لعلم فيا جره من ان اخر,2025-11-28T09:42:57
0.3363636363636363,عندك (كما الخوري جبرايل هو عندي) الكلمة المبذلة فيه فيمكنه ان يتكلم عن غرض عن بغض عن انتقام عن حسد كبقية البشر,train_005654,../data/muharaf_prepared_resized/train/train_005654.png,Valid but hard,,ع ل الخري جيل هدي الملمة المذلة ه فيمكة ان يقكم عن عرض عن بض عن التقام محص ركي اللشر,2025-11-28T09:42:58
0.3362068965517241,وعند التقأيهم بهم  وكانوا كثيرين قوصوهم وتكاشفوا عليهم وسلبوهم بواريدهم وذلك فى رابعة النهار محمد سعيد العوض واعوانه,train_008649,../data/muharaf_prepared_resized/train/train_008649.png,Valid but hard,,وعند التاليهم به وكانا كثين وهم وتكا شعوا عليهم وسليوهم بواريدهم وذك ن ربقة الم  ال ا,2025-11-28T09:43:00
0.3355704697986577,من محكمة بداية قضا البترون ليعرض على عزتلو قايمقام الافخم كى غب اجرا ايجابه يسَلم لكل فريق نسَخة تحريراً فى ٩ صفر سنة ٣٠٥ وفى ١٥ تشرين الاول سنة ٣٠٣.,train_016011,../data/muharaf_prepared_resized/train/train_016011.png,Valid but hard,,من محكمة حية قا البون لعرض على ترو قيا من الاخم م غب اجر ايجابه سَيلم كل يف سخة حرًف ر سن ٣٠٥ ت ري الال سنة ٣٠,2025-11-28T09:43:02
0.3354430379746835,هم المدرجة اسَمايهم بالسَند وليسَ له غيرهم واحضر بالجلسَة نفسَها مخايل يوسَف يمين وفي حلفه اليمين شهد بوجه الوكيل المسَخر ان المدعى عليه اشهده ان بذمته المبلغ,train_016287,../data/muharaf_prepared_resized/train/train_016287.png,Valid but hard,,هم المردسمة اسايا السَ ول يهم واجب بالسة قسها مايل يوسَاة مين ورف حله المين شهد بوه الوكيل المسَرن المدى اليه عه ده ه البغ,2025-11-28T09:43:02
0.3333333333333333,"أهذا مكتب أم ""مَخنَق""",train_014769,../data/muharaf_prepared_resized/train/train_014769.png,Valid but hard,,وأهذا مكتب أم تُنق,2025-11-28T09:43:15
0.3333333333333333,QBat 5H-1067,train_016659,../data/muharaf_prepared_resized/train/train_016659.png,Script mismatch (non-Arabic),,QBat5H-50,2025-11-28T09:43:18
0.3333333333333333,الحقير الياس,train_003388,../data/muharaf_prepared_resized/train/train_003388.png,Segmentation error,,الح الاس,2025-11-28T09:43:38
0.3333333333333333,2/1,train_011898,../data/muharaf_prepared_resized/train/train_011898.png,Script mismatch (non-Arabic),,2/,2025-11-28T09:43:46
0.3333333333333333,190,train_011205,../data/muharaf_prepared_resized/train/train_011205.png,Script mismatch (non-Arabic),,10,2025-11-28T09:43:47
0.3333333333333333,YS-1D - 065a,train_019135,../data/muharaf_prepared_resized/train/train_019135.png,Script mismatch (non-Arabic),,YS- 1D- 05b,2025-11-28T09:43:51
0.3333333333333333,مسىموس,train_009125,../data/muharaf_prepared_resized/train/train_009125.png,Valid but hard,,مسلمدس,2025-11-28T10:05:04
0.3333333333333333,EAK1A-154,train_005170,../data/muharaf_prepared_resized/train/train_005170.png,Script mismatch (non-Arabic),,EAK1-12,2025-11-28T10:05:06
0.3333333333333333,JEH2A2-19,train_007428,../data/muharaf_prepared_resized/train/train_007428.png,Script mismatch (non-Arabic),,JEH21-9,2025-11-28T10:05:12
0.3333333333333333,EAK1A-138,train_004719,../data/muharaf_prepared_resized/train/train_004719.png,Script mismatch (non-Arabic),,EAK1AA-10,2025-11-28T10:05:22
0.3333333333333333,يعتو للفاتحين :,train_019563,../data/muharaf_prepared_resized/train/train_019563.png,Valid but hard,,يعيتوللنانحين:,2025-11-28T10:05:29
0.3333333333333333,ثانياً,train_004907,../data/muharaf_prepared_resized/train/train_004907.png,Valid but hard,,"""انياة",2025-11-28T10:05:51
0.3333333333333333,QBat 4L-3,train_016422,../data/muharaf_prepared_resized/train/train_016422.png,Script mismatch (non-Arabic),,QBatL-2,2025-11-28T10:06:38
0.3333333333333333,نمره ١,train_009220,../data/muharaf_prepared_resized/train/train_009220.png,Valid but hard,,نمره,2025-11-28T10:06:48
0.3333333333333333,2/2,train_011665,../data/muharaf_prepared_resized/train/train_011665.png,Script mismatch (non-Arabic),,/2,2025-11-28T10:06:52
0.3333333333333333,JEH2E1-22,train_007528,../data/muharaf_prepared_resized/train/train_007528.png,Script mismatch (non-Arabic),,JEH21-9,2025-11-28T10:06:55
0.3333333333333333,MK2A-7 20,train_012528,../data/muharaf_prepared_resized/train/train_012528.png,Script mismatch (non-Arabic),,MK2A-71,2025-11-28T10:07:01
0.3333333333333333,MG1-45,train_011549,../data/muharaf_prepared_resized/train/train_011549.png,Script mismatch (non-Arabic),,MG1-6,2025-11-28T10:07:08
0.3333333333333333,الخادم قبلهم يحمل لهم اسرتهم وهي تخوت نقالة portatifs يفرشها,train_010482,../data/muharaf_prepared_resized/train/train_010482.png,Valid but hard,,الخادم قلهم مجي لهم اسرتهم وهي تخوت تغالة tم ويش,2025-11-28T10:07:52
0.3333333333333333,K. Joseph,train_011200,../data/muharaf_prepared_resized/train/train_011200.png,Script mismatch (non-Arabic),,K. oep,2025-11-28T10:08:03
0.3333333333333333,xxx,train_014445,../data/muharaf_prepared_resized/train/train_014445.png,Irrelevant / non-text,,xx,2025-11-28T10:08:08
0.3333333333333333,MG1-48,train_011632,../data/muharaf_prepared_resized/train/train_011632.png,Script mismatch (non-Arabic),,MG1-0,2025-11-28T10:08:11
0.3333333333333333,QBat 5L-9,train_016677,../data/muharaf_prepared_resized/train/train_016677.png,Script mismatch (non-Arabic),,QBatL-2,2025-11-28T10:08:12
0.3333333333333333,انه جميل يريد ولكن لا يقدر لان ... فاعذره أيها الحبيب.,train_001520,../data/muharaf_prepared_resized/train/train_001520.png,Valid but hard,,ان جليل ريد الن لا قد الية فما عنوره ايها الحبيب.,2025-11-28T10:08:22
0.3333333333333333,QBat1L-87,train_015967,../data/muharaf_prepared_resized/train/train_015967.png,Script mismatch (non-Arabic),,QBatL-2,2025-11-28T10:08:26
0.3333333333333333,البول وما حدا دفع سعر جيد فاحسنهم,train_020625,../data/muharaf_prepared_resized/train/train_020625.png,Valid but hard,,ول وما اجتافع سفر جيد فاحسم,2025-11-28T10:08:29
0.3333333333333333,ضون,train_000628,../data/muharaf_prepared_resized/train/train_000628.png,Irrelevant / signature,,حون,2025-11-28T10:08:33
0.3333333333333333,1 ناتب وئيل ريشل البلدية,train_013046,../data/muharaf_prepared_resized/train/train_013046.png,Wrong transcription,,نائب رئيس رئيس البلدية,2025-11-28T10:09:25
0.3333333333333333,تقطبلك زرك فيها,train_007591,../data/muharaf_prepared_resized/train/train_007591.png,Valid but hard,,تقطيلك زدك ف.,2025-11-28T10:09:29
0.3333333333333333,SB3A-1,train_016925,../data/muharaf_prepared_resized/train/train_016925.png,Script mismatch (non-Arabic),,S3A1,2025-11-28T10:09:37
0.3333333333333333,كان,train_000929,../data/muharaf_prepared_resized/train/train_000929.png,Valid but hard,,عان,2025-11-28T10:09:59
0.3333333333333333,AF-342,train_000420,../data/muharaf_prepared_resized/train/train_000420.png,Script mismatch (non-Arabic),,AF-31,2025-11-28T10:10:04
0.3333333333333333,SB1A-9,train_016868,../data/muharaf_prepared_resized/train/train_016868.png,Script mismatch (non-Arabic),,S1A-1,2025-11-28T10:10:08
0.3333333333333333,والفاتحين,train_019541,../data/muharaf_prepared_resized/train/train_019541.png,Valid but hard,,والقاتح,2025-11-28T10:10:21
0.3333333333333333,SB2A-1,train_016901,../data/muharaf_prepared_resized/train/train_016901.png,Script mismatch (non-Arabic),,SA-1,2025-11-28T10:10:23
0.3333333333333333,٥	YS_2C_004e,train_019461,../data/muharaf_prepared_resized/train/train_019461.png,Script mismatch (non-Arabic),,YS_2C_04d,2025-11-28T10:10:31
0.3333333333333333,عدد ص٢,train_018829,../data/muharaf_prepared_resized/train/train_018829.png,Segmentation error,,عدد ١١,2025-11-28T10:10:36
0.3333333333333333,Walter J. Bugby,train_001613,../data/muharaf_prepared_resized/train/train_001613.png,Script mismatch (non-Arabic),,Wal J Bgby,2025-11-28T10:10:39
0.3333333333333333,AF-356,train_000497,../data/muharaf_prepared_resized/train/train_000497.png,Script mismatch (non-Arabic),,AF-32,2025-11-28T10:10:43
0.3333333333333333,YAL4A-1 2,train_018798,../data/muharaf_prepared_resized/train/train_018798.png,Script mismatch (non-Arabic),,YALA-2,2025-11-28T10:10:44
0.3333333333333333,لدى المذاكرة ثبت بالبينة الشرعيةالمذكاة سراً وعلناً ان للمدعى بذمة المدعى عليهم مبلغ الفين وثلاثماية وخمسَون قرشاً بموجب السَند المحرر فعليه وسَنداً على المادة الـ ١٨١٨,train_016005,../data/muharaf_prepared_resized/train/train_016005.png,Valid but hard,,لدلم المذك الثبية البية الرة المراة اً اعلن المعدعى بدمه المدعى عليهم ملغ الغين وثلاثماية ومسَون شاً ب الحَد الحد سَ سَا عدا الدة الـ٨١٨,2025-11-28T10:10:53
0.3333333333333333,عقود في بضعة              من العمر وصارت الى ما صرنا فيه بين حابل ونابل، ومشرق,train_003744,../data/muharaf_prepared_resized/train/train_003744.png,Valid but hard,,علصو من العمر وصارت الى ما صرنا فيه بين حابل وناب، ويشرق,2025-11-28T10:10:55
0.3333333333333333,SB1A-4,train_016806,../data/muharaf_prepared_resized/train/train_016806.png,Script mismatch (non-Arabic),,S1A-1,2025-11-28T10:10:58
0.3333333333333333,كاتب ⸗ ⸗ ⸗ ٤٥ خمسة واربعون ليره ⸗,train_013666,../data/muharaf_prepared_resized/train/train_013666.png,Valid but hard,,كاحب:⸗⸗٥٥ خمسة واربعبون ليكه,2025-11-28T10:11:07
0.3333333333333333,جان,train_014949,../data/muharaf_prepared_resized/train/train_014949.png,Valid but hard,,جاني,2025-11-28T10:11:15
0.3333333333333333,للثقافة الشعبية ١١/ ٧/ ١٩٩٩,train_012384,../data/muharaf_prepared_resized/train/train_012384.png,Valid but hard,,لشفافة الشقيبة ١/ ٣/ ١٩٩,2025-11-28T10:11:19
0.3333333333333333,AF-357,train_000518,../data/muharaf_prepared_resized/train/train_000518.png,Script mismatch (non-Arabic),,AF-32,2025-11-28T10:11:26
0.3333333333333333,الخوراسقف,train_005924,../data/muharaf_prepared_resized/train/train_005924.png,Irrelevant / signature,,الخور سَقفا,2025-11-28T10:11:30
0.3333333333333333,بيأرض قفر قفرا ما حدا فيها                     ضيع عن الطرقا,train_006799,../data/muharaf_prepared_resized/train/train_006799.png,Valid but hard,,بير ضن قفراما حدا فيها                                 يع لطرق,2025-11-28T10:11:36
0.3333333333333333,. واجلت الجلسَة لنهار الاربعا فى ١١ ت٢ سنة ٣٠٣ وبالوقت المعين حضر سَعيد وكيل المدعى عليه واما المدعى فلم يحضر ولا ارسَل عنه وكيلاً ولم يبد عذرا فطلب الوكيل الحكم لموكله,train_016117,../data/muharaf_prepared_resized/train/train_016117.png,Valid but hard,,ا ال لسلة ا الرا ت ٣ والقت الحين حر سَيد وكيل المدعى عليه واما المدعى فلم يضر ولا رَل عنه وياً ول يد طا الكل الحكلم امك كه,2025-11-28T10:11:38
0.3333333333333333,حميدا.,train_002671,../data/muharaf_prepared_resized/train/train_002671.png,Valid but hard,,ميدار,2025-11-28T10:12:51
0.3333333333333333,الخورى بطرس حسن,train_008992,../data/muharaf_prepared_resized/train/train_008992.png,Irrelevant / signature,,الخور بطرس,2025-11-28T10:12:54
0.3333333333333333,أي خصم ٧٥ من وهو يريد يتثنى الورقة الذي,train_020637,../data/muharaf_prepared_resized/train/train_020637.png,Valid but hard,,اني خصم  وهو يريد يتحب اتورف الذي,2025-11-28T10:13:21
0.3333333333333333,etc - - -,train_010728,../data/muharaf_prepared_resized/train/train_010728.png,Script mismatch (non-Arabic),,t- - -,2025-11-28T10:13:29
0.3333333333333333,أأبسم والجلاد تعْب نواظري ؟                  إذنْ أنا كذابُ لئيمُ التقلّبِ.,train_004104,../data/muharaf_prepared_resized/train/train_004104.png,Valid but hard,,أأبسم والجلاّد نقب نواظري ؟                      ُ للِّ,2025-11-28T10:13:36
0.3333333333333333,نمره ٢,train_009260,../data/muharaf_prepared_resized/train/train_009260.png,Segmentation error,,مره ٣,2025-11-28T10:13:58
0.3333333333333333,ابنأ جيرتى لعلهم يفرحون.,train_001734,../data/muharaf_prepared_resized/train/train_001734.png,Valid but hard,,أ بجدت لعلهم يفرصون.,2025-11-28T10:14:16
0.3333333333333333,التي تعادل البكالوريا,train_012357,../data/muharaf_prepared_resized/train/train_012357.png,Valid but hard,,امني توادل اليق لوويا,2025-11-28T10:14:28
0.3333333333333333,صفحة اولى/١           قرار رقم ١٥,train_016525,../data/muharaf_prepared_resized/train/train_016525.png,Valid but hard,,ح          قرار رقم ١٥,2025-11-28T10:14:33
0.3333333333333333,MK2A-7 15,train_012422,../data/muharaf_prepared_resized/train/train_012422.png,Script mismatch (non-Arabic),,MK2A-1,2025-11-28T10:14:38
0.3333333333333333,على حلب ابونا يوسف مات واعطاكم عمره رشيد عمونيل اتى لعند ريس العام بسَبب,train_005603,../data/muharaf_prepared_resized/train/train_005603.png,Valid but hard,,على حلى انا وسف مات واعلاكمكل رشيد بعا موسل ان عدري العام ستب,2025-11-28T10:14:42
0.3333333333333333,الرياض: فى ١١ شعبان ١٣٤٧,train_002722,../data/muharaf_prepared_resized/train/train_002722.png,Valid but hard,,الرباضن اتى  شعبا ١٣٧,2025-11-28T10:14:52
0.3333333333333333,لدى المذاكره ثبت من مراجعة قيود المحكمة بان المدعى عليها المرقومة اشترت من الخورى يوسَف حيمور المتوفى بعض عقارات بمبلغ ثلاثين الف قرش وانه ابرا ذمتها منه وقد كفلت,train_016100,../data/muharaf_prepared_resized/train/train_016100.png,Valid but hard,,لد الاكم مذكمة ااة ة بحمة الماكمة من الدعى ليها المقومة اشرت من الورى يوسَف حيور المقرفى بعض عقارت بجل ثان القرن وا اا ه ه  لت,2025-11-28T10:14:53
0.3333333333333333,علوم لإنقاذ طوس من عدوها,train_003297,../data/muharaf_prepared_resized/train/train_003297.png,Valid but hard,,اتقاذ طوس من عدوها,2025-11-28T10:14:56
0.3333333333333333,المعرض لشيحا نحو معهم مهاجرين لبلاد اميركا وأوروبا ...,train_015284,../data/muharaf_prepared_resized/train/train_015284.png,Valid but hard,,حرضي ليشكا عو مضهم مهاجي لبلاد اميركا واوروبا,2025-11-28T10:14:58
0.3333333333333333,AF-296,train_000238,../data/muharaf_prepared_resized/train/train_000238.png,Script mismatch (non-Arabic),,AF-39,2025-11-28T10:15:03
0.3333333333333333,BEK2A-5 3,train_003628,../data/muharaf_prepared_resized/train/train_003628.png,Script mismatch (non-Arabic),,BEK2A-2,2025-11-28T10:15:04
0.3333333333333333,دام بقاوه,train_014923,../data/muharaf_prepared_resized/train/train_014923.png,Irrelevant / signature,,دام بق,2025-11-28T10:15:13
0.3333333333333333,Office,train_001443,../data/muharaf_prepared_resized/train/train_001443.png,Script mismatch (non-Arabic),,Ofie,2025-11-28T10:15:16
0.3333333333333333,BEK2A-5 2,train_003572,../data/muharaf_prepared_resized/train/train_003572.png,Script mismatch (non-Arabic),,BEAK2A-2,2025-11-28T10:15:20
0.3333333333333333,Conkry,train_018376,../data/muharaf_prepared_resized/train/train_018376.png,Script mismatch (non-Arabic),,Mokkry,2025-11-28T10:15:25
0.3333333333333333,جوابي.,train_012467,../data/muharaf_prepared_resized/train/train_012467.png,Valid but hard,,صيابي.,2025-11-28T10:15:38
0.33125,ابنتها سَيده وبقيت العقارات بيدها لحين توفيها تم وضع المدعى عليه يده عليها من نحو سَنتين سَئل وكيل المدعى عليه عن ذلك فاجاب منكراً دعوى المدعى النسَب فى الملكية,train_016116,../data/muharaf_prepared_resized/train/train_016116.png,Valid but hard,,بابتها سَقده وقا القا ايه ل ين يتمت م الدعى عله ده عليها من نوسَين سَئء وكيل المدعى على عن ذن فابا مرا عد الدى السَ والكية,2025-11-28T10:15:44
0.3308270676691729,شاهدا اخر هو الشيخ سَمعان انطانيوس كرم من اهدن حلف اليمين شهد بوجه المدعى طبق شهادة الشاهد الاول ثم قدم المدعى شاهداً هو مخايل البدوى,train_016280,../data/muharaf_prepared_resized/train/train_016280.png,Valid but hard,,شهذا اخهو الشيخ سَمعان انطانيوس كوم من ام ري ها ى المين شهد بوجه المدعى عله بت شاد الشه الال الم المد اع د شا ه الى لدوى,2025-11-28T10:15:45
0.3303571428571428,هو علم وعت معكم ولازم انتم ايضًا تكونون على وعدكم ايَصا وقد تسوق بعض الإغراق من الانتيكات ويجلبها معه السفر. ...,train_014978,../data/muharaf_prepared_resized/train/train_014978.png,Valid but hard,,وعل ع وكم وام اتم ايا كون على وعدكم ايضاً وقد توق بوض الاغر حن والانتيات وجلا عمه البسرة. .  ه,2025-11-28T10:15:45
0.3303571428571428,هنا انك متيقن بان الاخ برنردوس طرد بغير حق لكن انا حباً بالحقيقه لا نميمة بالغير اريد ان اطلعك على سيرة هذا الاخ,train_005722,../data/muharaf_prepared_resized/train/train_005722.png,Valid but hard,,هنا كنا تين بان الاب روس طر وعين حق لكن انا حباً بالحقيق لا بمة الي ارا اك عى   لا,2025-11-28T10:15:47
0.3297872340425531,تفيي علينا وين ما كنا                                                 وعين العنايي صوبنا بتشوح,train_007060,../data/muharaf_prepared_resized/train/train_007060.png,Valid but hard,,ت                                                     ع عن ن اوح,2025-11-28T10:15:52
0.3287671232876712,وما ضرَّهم ان يُبطئوا ويتشاوروا، وفي الخمسة عشر المجتمعين، احبارٌ كثر ملء,train_019653,../data/muharaf_prepared_resized/train/train_019653.png,Valid but hard,,ومم نا يطلا ويتشاروا. وفي الخمسة عشر الجمية، ار كر ملء,2025-11-28T10:15:56
0.3286713286713286,يسَلم ولاوقف ولا معدة للاسَتغلال ثالثاً ان لا يسَوغ الحكم عليه غياباً قبل اخطاره بالاشعار الن لم يحضر تسَمع الدعوى غياباً ولم يصر ذلك رابعاً ان,train_016303,../data/muharaf_prepared_resized/train/train_016303.png,Valid but hard,,يسَلم واق وماده السقلا ثاً ان ا سوغ الحكم عليه غياباً قبل اخطاره بالاشعار ان لي يحر سَت العوع ا لك ا راً با,2025-11-28T10:16:47
0.3283582089552239,مواجهة علانية فى ١٨ ربيع اول ٣٠٥ وفى ٢١ ت٢ ٣٠٣ ولاجله تحرر هذا الاعلام نسَختين من محكمة بداية قضا البترون ليعطى لكل فريق نسَخة تحريراً,train_016312,../data/muharaf_prepared_resized/train/train_016312.png,Valid but hard,,واجعة لية ر با ة ٣٢ ت ٠٣ ولاجه تحر هذا الاعلام تسَنين من محكمة بداية قضا البترون بيوى طل فيف سَاة حرً,2025-11-28T10:16:48
0.328125,تقرير طنوسَ افندى ضاهر بعد حلفه اليمين القانونية لاجل تقرير الحق,train_009249,../data/muharaf_prepared_resized/train/train_009249.png,Valid but hard,,تقرير اراسن القدى ضاهر بد لة الين الانويه ل لحري الحق,2025-11-28T10:16:51
0.328125,بينك وبين ابن عمك فتامل الان جسَارة حكمك على هذا الخوري المسكين.,train_005735,../data/muharaf_prepared_resized/train/train_005735.png,Valid but hard,,بيك وبين اراعله قامل الاجهراه علك عه هذا الخوى المسكين.,2025-11-28T10:16:53
0.3278688524590163,ممنوعة بمقتضى المعاهدات الدولية لما ينتج عنها من الضرر العام.,train_015790,../data/muharaf_prepared_resized/train/train_015790.png,Valid but hard,,مقض العالمدولية لما ينتج عنها من الضم العام.,2025-11-28T10:16:59
0.3278688524590163,كان علي افندي مرسل من ثانية على الفرس ام لا الغاية فاذا كان هو بلحقيبة له رغبة بها فيرسل عليها غير طارش او ... يتراهم معنا,train_014981,../data/muharaf_prepared_resized/train/train_014981.png,Valid but hard,,كان اعلنى عيدي سليل مان ايه على الفرسم الا الفاين فاذا كان هوب القيقة له غبه بها فرسل ليا غي شرا واخوب بتارهم عنا,2025-11-28T10:17:00
0.3269230769230769,٢ شن الغارة على مخول طنوس مخايل وتشليحه بارودته وضربه بارض الجرد واشهار السلاح عليه اشقيا الهرمل معلومين,train_008650,../data/muharaf_prepared_resized/train/train_008650.png,Valid but hard,,ن العاده على مل طنون مخايل وتشليح باروته وربه بارض الحجره والشها الم عل اش ل لين,2025-11-28T10:17:01
0.3269230769230769,على جنابكم كما موضح بقفاه محرر ذهب ١٠٧٢٢ لزم افادتكم,train_000479,../data/muharaf_prepared_resized/train/train_000479.png,Valid but hard,,على جنايكر كما موضح بقضاه م ف١٠ م ادتكم,2025-11-28T10:17:05
0.3265306122448979,وكان العالم يضرب المثل بتعايشنا الاخوي - فلنتسآءل,train_006330,../data/muharaf_prepared_resized/train/train_006330.png,Valid but hard,,وكان العاليضر المقل بتبائيف الاخوي وليتأل,2025-11-28T10:17:06
0.3265306122448979,اكسلة نزلنا ... وننصنا الجادر حيث لم يكن لها معجع,train_015063,../data/muharaf_prepared_resized/train/train_015063.png,Valid but hard,,البل نزلنا بالخارج ونصنا الجادر حيت لم يكن بها مهجوم,2025-11-28T10:17:08
0.3260869565217391,يحق ان نسميها عله فدلخنا وصرنا ...الوصف الحفرة,train_015060,../data/muharaf_prepared_resized/train/train_015060.png,Valid but hard,,ان نسميها عله فدخلنا وصرنا نقلو. الغبره,2025-11-28T10:17:09
0.3260869565217391,السنة هذه كنت بالصيف في البيت بالقطين وكان معي عشرين فاعل يشتغلوا الشقفة خلف البيت التي كانت,train_010347,../data/muharaf_prepared_resized/train/train_010347.png,Valid but hard,,ة ذ ات البت في اليت القطين وكان معي عشري ال ستغلوا السَفه الغ البي ا ات,2025-11-28T10:17:10
0.3260869565217391,بان يلهمكم نعمة الصبر والسلوان على فقد العريز الكريم تغمد الله نفسَه السعيدة برضوانه واحصاها,train_004448,../data/muharaf_prepared_resized/train/train_004448.png,Valid but hard,,بن م كم مة المحرير والان على قد العريز الكريم تقد اله فس السعبدة وبرا واحا حها,2025-11-28T10:17:11
0.3260869565217391,ما وضع كاهنا لاتنيا حسب رجا البطرك لان اولئك الكهنه كانوا فى وظائفهم (آه يا حسرتي عليك قديشك,train_005740,../data/muharaf_prepared_resized/train/train_005740.png,Valid but hard,,ما وعضا انا لتينا احس بها البطرط اك لانداولك اكلن كانوا فى طافهم كرا ا حري لي قديشك,2025-11-28T10:17:12
0.3255813953488372,الثامنه صباحاً من نهار غد الاثنين الواقع فى ٤ الجاري موعداً لأجراء دور التسلم والتسليم,train_013589,../data/muharaf_prepared_resized/train/train_013589.png,Valid but hard,,لثانه صاً من نها وغد الابن العراقع ام الجاري عدا الأجء وا التلم والسم,2025-11-28T10:17:13
0.3255813953488372,المخطوطة لم تلبث ان تحوّلت الى رواية مطبوعة,train_014817,../data/muharaf_prepared_resized/train/train_014817.png,Valid but hard,,المخط ة موّلت الى رواية مطبوعة,2025-11-28T10:17:14
0.3253012048192771,نسَختين من محكمة بداية قضا البترون تحريراً فى ١٠ ربيع اول سنة ٣٠٥ وفى ١٣ ت٢ سنة ٣٠٣,train_016124,../data/muharaf_prepared_resized/train/train_016124.png,Valid but hard,,نسَين من محكمة براية فض البترون تحريرً فى با ٣٠٥ و تسنة٣٠٣,2025-11-28T10:17:16
0.325,فى ١٩ ربيع اول ٣٠٥ وفى ٢٢ تشرين ثانى ٣٠٣,train_016323,../data/muharaf_prepared_resized/train/train_016323.png,Valid but hard,,ف١٩ اربيع اول ن ٣ ف تشرين ثان ٣٠,2025-11-28T10:17:20
0.325,عدد ١١٤ لدى امعان النظر فى مشتملات ضبطنا من المحاكمة وسائر اوراق الدعوى المتفرعة ثبت ان يوسف اسطفان يوسف قد اقدم على شتم,train_015462,../data/muharaf_prepared_resized/train/train_015462.png,Valid but hard,,عد ١ ى العدى الى لمناف مطان بطا من المحاكمة وسائر اوراق الدعوى المتفرعة بتا ا وسف اطاسن وسف ود عى عاكم,2025-11-28T10:17:23
0.325,عربون وفاء وتقدير لمرجعيه الزجل اللبناني,train_012378,../data/muharaf_prepared_resized/train/train_012378.png,Valid but hard,,عرعيون وخار وق قدير لمرحيه النجل الجناف,2025-11-28T10:17:25
0.325,بعد اهدايكم السَلام والدعى لله بتوفيقكم لنحونا من حمده تعالى تاريخه بكل صحة انما,train_010901,../data/muharaf_prepared_resized/train/train_010901.png,Valid but hard,,ديكم السلام والدى الين فقكم لتحونا من صمت تعالي تاري كل لح انما,2025-11-28T10:17:35
0.325,له ان يجدد ثقتهِ بي اذ لا يمكن ان اخدَعه,train_004803,../data/muharaf_prepared_resized/train/train_004803.png,Valid but hard,,له ان يجبرد ثفته بي منكن ان اخدعه,2025-11-28T10:17:44
0.325,الساعة ... هذا ...علي ضديد فرق الفحم ...,train_015046,../data/muharaf_prepared_resized/train/train_015046.png,Valid but hard,,ساعة . هذا غ على شديد وق الفيم ..,2025-11-28T10:17:47
0.325,مصاره وعلى ما يلحقهم               فارسَ,train_014212,../data/muharaf_prepared_resized/train/train_014212.png,Valid but hard,,مصاره وعلى ما يلحفهم       س,2025-11-28T10:17:49
0.3247863247863248,فلم يحضر ولم يبد عذرًا فطلب الاول الحكم الغيابي مكتسبًا الحكم الوجاهى واذ بلغت الدعوى درجة النهايه اعلن ختام المرافعه,train_016240,../data/muharaf_prepared_resized/train/train_016240.png,Valid but hard,,فلم وم رم عداً الا الول الحكم الغابي مكتسبا الحكم الوجاه وا بتقت الوعى الهة ال الا المام الم اعه,2025-11-28T10:17:50
0.3243243243243243,السادسة صباحًا اكتب على ضوء الكهرباء.,train_020514,../data/muharaf_prepared_resized/train/train_020514.png,Valid but hard,,السادسة صياحاً اكتب ويون الكهريات,2025-11-28T10:17:52
0.3243243243243243,عن بعدًا اهديكم جزيل اشواقي القلبية الى مشاهدة نور وجهكم البهَّية مع اهداء,train_018676,../data/muharaf_prepared_resized/train/train_018676.png,Valid but hard,,عب عنا اديكم بديل اشوقي القلبية الى اشاحدة لاورجكم البية عن ا,2025-11-28T10:17:53
0.3238095238095238,الرهبان الذين تهمهم كانوا يقولون للريسَ ان لم تطرده نحن نشتكى عليه للحكومه لانه شان بشرفنا اما الريس اخده,train_005711,../data/muharaf_prepared_resized/train/train_005711.png,Valid but hard,,ااد الين كم ا يقون لريسان لم تطرده كمن تشتكى عليه للخكوم لا شان شنا ما اري الخدة,2025-11-28T10:17:55
0.3235294117647059,لتفذه الحكومة %% بمساعدة المراقبين,train_001140,../data/muharaf_prepared_resized/train/train_001140.png,Valid but hard,,التفذه الحكومة المحزنبة عساعدة المراقبين.,2025-11-28T10:17:56
0.3235294117647059,مكررين لثم اياديكم وادام الله بقاك,train_009014,../data/muharaf_prepared_resized/train/train_009014.png,Valid but hard,,كرين لثم ابيايكم والكم المل ك,2025-11-28T10:17:58
0.3225806451612903,اولادها بشاره وطوبيا وامين ورفقه وزينه ومسَيحيه الحاصلين لها من زوجها بولسَ ابى الياسَ ثم مات بشاره المذكور بنين هما حنه ومارتا وزوجته هى مريم لا اعرف اسَم,train_016171,../data/muharaf_prepared_resized/train/train_016171.png,Valid but hard,,اها وشبا وبيا واه اين وره ويه وسَحه الحايه له من رجه بوسَ الي اليسَ ثم مات بشاره المذكور عن بين مان مه وار وجه ه يم ل الارف اسَم,2025-11-28T10:17:59
0.3225806451612903,جميل     الى رجل   كلم ابو سليم,train_017542,../data/muharaf_prepared_resized/train/train_017542.png,Valid but hard,,جل  جل     كلم ابو سليم,2025-11-28T10:18:01
0.3220338983050847,المكاريه محرر هذه للاطمئنان وصار لي من نهار الاثنين وانا في,train_020441,../data/muharaf_prepared_resized/train/train_020441.png,Valid but hard,,المكاريه محرير هذا لا متنانه جار ي واتهر الاتنين واي,2025-11-28T10:18:02
0.3214285714285714,شكري واعتباري 27 ايلول /1942,train_014175,../data/muharaf_prepared_resized/train/train_014175.png,Irrelevant / signature,,شكري واعتبياري رف ٢7 ايلول ن١٩940,2025-11-28T10:18:13
0.3214285714285714,⸗        القديس جرجس - شويتا,train_009481,../data/muharaf_prepared_resized/train/train_009481.png,Valid but hard,,"⸗""القديس جرجس - شويتًا",2025-11-28T10:18:18
0.3214285714285714,السيد الحبيس +  الداعى شكركم,train_005231,../data/muharaf_prepared_resized/train/train_005231.png,Valid but hard,,سيد الجليس الداعى شكم,2025-11-28T10:18:53
0.3214285714285714,اهنئكم بقرب حلول عيد الفصح المجيد اعاده الله عليكم اعياد,train_018266,../data/muharaf_prepared_resized/train/train_018266.png,Segmentation error,,وايكم تري مصلول عيد الفح الحير العاه الله علكيم الياد,2025-11-28T10:19:11
0.3214285714285714,الساعة ١ من النهار وسرنا ايضًأ بذاك البرد الهوا و... مطر,train_015158,../data/muharaf_prepared_resized/train/train_015158.png,Valid but hard,,ساعة من النهار سرنا ايضاً للاك الرد والهوا وبالاث ط,2025-11-28T10:19:16
0.3214285714285714,الذبيح فعليه وبالنظر لما تقدم نرى لا بأسَ من التأخير في انشأ مجزر لحينما يتوفر لدينا,train_013504,../data/muharaf_prepared_resized/train/train_013504.png,Valid but hard,,لنذي فليه والظ ما تقدم فر لا يأسَ من الشاخير في اتشا جز لمنا ن ولينا,2025-11-28T10:19:17
0.3211009174311927,وبكل مقتضى شرعي ونظامي لاخر درجات المحاكمه واذا رجعت عن اقراري هذا اكون ملزو بارجاع المبلغ مع فائدته ليد طالب,train_016402,../data/muharaf_prepared_resized/train/train_016402.png,Valid but hard,,وبكم شيع عري وايا لي اخربات المحاكمه واذا رجت عن افراري هذا اكون لزم باران البل مق ده لد البلاب,2025-11-28T10:19:19
0.3211009174311927,٤ تشليح دابتين الى ابراهيم ملحم شاهين وابراهيم عبود قديح في الطريق المذكور بجوار مشتى الدنادشه وكل ذلك نهاراً,train_008627,../data/muharaf_prepared_resized/train/train_008627.png,Valid but hard,,تي با ان ارهم لم شاين وابراهيم عبود قيخ في الطريق المذكور جوار شتىن الاسى ولى لا هاً,2025-11-28T10:19:22
0.3209876543209876,حاصلاتها من يوم مشتراه اياها لحد الان وحيث قرر الفريقان بانه لم يبق لها ما يقال خلت هيئة المحكمة للمذاكرة فقررت بالاتفاق طلب البينة من الفريقين لاثبات كل منها وضع,train_016383,../data/muharaf_prepared_resized/train/train_016383.png,Valid but hard,,صحات م م شرها ايها حلا ان وحيق قر الفيان باه لم يب لها ما يقال خلت هيئة المحكمة للمذكنه اقرت بالا لالبية من الري التا ا وا,2025-11-28T10:19:24
0.3209876543209876,لدى المذاكره ثبت باقرار المدعى عليه المذكور توجب المبلغ المدعى وقدره الفان وتمانماية وسَتون قرشاً بذمته وذمة رفيقيه المحررين للمسَتدعين  المذكورين الصحيفة الثالثة,train_016058,../data/muharaf_prepared_resized/train/train_016058.png,Valid but hard,,لدىذى المار امار العرعى العيى المذكور وجب بالملغ المدعى قدره الفاه وماماية وستون قرسَاً بذمته وزمه ري المحرين لمي و الحكوية الثاة اللثة,2025-11-28T10:19:27
0.32,مُطرانية طرابلس المارونية,train_009976,../data/muharaf_prepared_resized/train/train_009976.png,Valid but hard,,مطرنية طرالية الارية,2025-11-28T10:19:30
0.3194444444444444,الخورى سطفان شلهوب من اهدن وغب حلفه اليمين شهد ان القطعة المرقومة وحددها هى بيد الخورى جرجسَ فرنجيه من سَبع او سَت سنوات يتصرف فيها للان وشاهداً,train_016366,../data/muharaf_prepared_resized/train/train_016366.png,Valid but hard,,الخورى اطان نوه ن اهده وب لفه الين شهد ان القطعة المرقومة وصدها هى بيد الخورى جرَ جه م مسَن اسَ ا وا وا اهدا,2025-11-28T10:19:31
0.3191489361702128,عما تعيصه بشهادة الشاهدين المحررين فاجاب انها متعصبان ضد موكلى واجلت الجلسَه لنهار الثلاثا ١٣ ت١ ٣٠٣ وفى خلال ذلك صارت تذكية الشاهدين سراً من,train_016211,../data/muharaf_prepared_resized/train/train_016211.png,Valid but hard,,مان بلة بهاهة الشادين المحرين فاب انها متعبان ضد مكل واجلت الجسَة لنار الكا ى ١ ٣ و ال ل صار لكية الهرا سراً,2025-11-28T10:19:32
0.3188405797101449,حبرنا الجليل المفضال المطران عبدالله خوري امدكم الله بالاجلال والوقار,train_004455,../data/muharaf_prepared_resized/train/train_004455.png,Valid but hard,,بحيار الجليل المفضال الطران عبدالا خوي المكم ال ال لار,2025-11-28T10:19:33
0.31875,لدى المذاكرة ثبت بشهادة الشاهدين المرقومين المذكيين سراً وعلنا ان للمدعى بذمة المدعى عليه المبلغ المحرر بموجب السَند المذكور وقدره الفان وتسعماية وخمسَة وتسَعين,train_016247,../data/muharaf_prepared_resized/train/train_016247.png,Valid but hard,,ىلدى المذك شبين شهاه الاهدين المروفن المكين سراً وعلنا ان للمدعى بذدة المدى عي المل المجر م ور المرور المدرور الما واماة وسَية وَين,2025-11-28T10:19:35
0.3181818181818182,يُقضي عليً اويُقضى لي.,train_001949,../data/muharaf_prepared_resized/train/train_001949.png,Valid but hard,,نقضى علياً او يُقض لي..,2025-11-28T10:19:37
0.3181818181818182,الجمهورية اللبنانية					RÉPUBLIQUE LIBANAISE,train_016414,../data/muharaf_prepared_resized/train/train_016414.png,Script mismatch (non-Arabic),,الجمهورية اللبنانية						RRÉPUBQUS,2025-11-28T10:19:40
0.3181818181818182,ونقالين منهم ماردينةومنهم من أهالي اطراف ...,train_015092,../data/muharaf_prepared_resized/train/train_015092.png,Valid but hard,,وتعالين نهم ماري ن ومنهم من اها طرف ص,2025-11-28T10:19:43
0.3170731707317073,صفحة ١٤ بعنوان عا صورتي معلق وسام الشجاعه,train_012294,../data/muharaf_prepared_resized/train/train_012294.png,Valid but hard,,صفحة عنوان  دري موعلقا وشام الشجاعة,2025-11-28T10:19:52
0.3170731707317073,المركز الأعلى، او في المركز الاوسط، او في المراكز الفرعيه. فيعطى المقيم العام حرية,train_001157,../data/muharaf_prepared_resized/train/train_001157.png,Valid but hard,,ال ال الكر الاوسا، وفي المراكزه الغريه. فيعط المقيم المام حرية,2025-11-28T10:19:53
0.3170731707317073,ايها السَيد الجليل والراعى النبل ماري انطون عريضه مطران اطرابلسَ شام الكلى الشرف والفائق الاحترام ادام سَمو رىاسَته للداوام,train_008482,../data/muharaf_prepared_resized/train/train_008482.png,Valid but hard,,ايها السَيد الجليل والرعي النبيل مار انطون عريه مطران اريل الساكم الكلى الارف الاف الم ام   لوام,2025-11-28T10:19:54
0.3170731707317073,صورة القرار الصادر بالدعوى المقامه على اسَمعيل رافع ابي شقره من عمطور لارتكابه جرم,train_015562,../data/muharaf_prepared_resized/train/train_015562.png,Valid but hard,,صورة القصار الصاد الدعوى المقامه على سَمي اف الى شر م ا ر رم,2025-11-28T10:19:55
0.3170731707317073,الا... رخصوا الركاب بالطلوع وكان وصلنا من,train_015273,../data/muharaf_prepared_resized/train/train_015273.png,Valid but hard,,الام.. رضصوا الكانب بالطل.. وكان خرضا,2025-11-28T10:19:58
0.3170731707317073,هذه الأصناف كتير. اما صاحبكم الذي اعطيطني,train_020639,../data/muharaf_prepared_resized/train/train_020639.png,Valid but hard,,الاصباب كثير. اما صاحتكم الذي المطيعتي,2025-11-28T10:19:59
0.3170731707317073,قصيدة غزلية عنوانها  .  .  .  الشمسَ صفرا,train_006875,../data/muharaf_prepared_resized/train/train_006875.png,Valid but hard,,قصيدة غزلية عنوانا . .    رفا,2025-11-28T10:21:22
0.3167701863354037,والمدعى عليه المحرر واحضر المدعى عليه المرقوم للشهادة من رايها يعقوب بن حنا الدبسَ شيخ قرية بزعون وشهد غب حلفه اليمين والاشهاد الشرعى بوجه الاصيل والوكيل المرقوم,train_016156,../data/muharaf_prepared_resized/train/train_016156.png,Valid but hard,,والمعى اليى اله الره الرع عليه المقوم الشهاة وايها يعقو بن حنا الدين شيخ قي برعون وشهد غي حه الين واشا الرع والل الل ال المقوم,2025-11-28T10:21:24
0.3161290322580645,المرقومة من صلاحية هذه المحكمة وبناءً عليه صارت المباشرة الى اكمال الدعوى الاعتراضية وجاهياً وقدم وكيل المعترض عليه قيمة مصارفات الدعوى وطلب الحكم بها وهذا,train_016316,../data/muharaf_prepared_resized/train/train_016316.png,Valid but hard,,الممة مة مة هة الحكمة وباً على حات المبارة الى اكمال الدعوى الاعراضية وجاياً وقدم ويل المرية عيم ما الاراق والولى والله وه وهها,2025-11-28T10:21:26
0.3157894736842105,وبقيت على هذا الحال,train_012429,../data/muharaf_prepared_resized/train/train_012429.png,Valid but hard,,وبقيت على هذا الحال حوالي,2025-11-28T10:21:28
0.3157894736842105,كونو برحة بال لنحوه,train_010919,../data/muharaf_prepared_resized/train/train_010919.png,Valid but hard,,ككونص براحة يل لنحوة,2025-11-28T10:21:34
0.3157894736842105,وحتى شجع مارون كرم ها الشخص يلي ما كنت,train_012273,../data/muharaf_prepared_resized/train/train_012273.png,Valid but hard,,وحتى شع لر م الشلص يمي ما كنت,2025-11-28T10:21:35
0.3157894736842105,اسعد : (( يتصنع المرض )) اخ . . اخ . .,train_017366,../data/muharaf_prepared_resized/train/train_017366.png,Valid but hard,,اسعد :( يقضع المرض ) اخ اخ .,2025-11-28T10:21:49
0.3157894736842105,ARCHEVÊCHÉ MARONITE,train_005538,../data/muharaf_prepared_resized/train/train_005538.png,Script mismatch (non-Arabic),,ARHVÊHÉ MARTE,2025-11-28T10:21:52
0.3153153153153153,١٢ شن الغارة على مكاريه كانوا ذاهبين فى الجرد واطلاق الرصاص عليهم وضربهم وارجاعهم عن طريقهم مراراً متعدده منسوب,train_008663,../data/muharaf_prepared_resized/train/train_008663.png,Valid but hard,,ان العارة على كرايه كنا راهبين في الجد واطلاق الرصاص عليهم وخضبم وارجاه علير را ماً مد وب,2025-11-28T10:21:55
0.3150684931506849,هيدي قطع ارواح مكبوسَي                            مطرطش عليها صباغ ترحالك,train_007106,../data/muharaf_prepared_resized/train/train_007106.png,Valid but hard,,صيدي قطع ارواح مكبوسَي                                          ط طه عيب  رالك,2025-11-28T10:21:56
0.3150684931506849,الحاج محمد الـتمين. (؟) رسول ولاء واجلال – وتجاره – الى الملك لويس، وارسل,train_000824,../data/muharaf_prepared_resized/train/train_000824.png,Valid but hard,,الحاحب مد التحينن ( رسول ولاءٍ واجلال وتحاره م ك لوليس، وارسل,2025-11-28T10:22:01
0.3150684931506849,المولودة في ٧/ ١٢/ ٥٨ وكاتيا المولودة في ١٥/ ٣/ ٥٤ اولاد المرحوم انطونيوس,train_009136,../data/muharaf_prepared_resized/train/train_009136.png,Valid but hard,,لمولودة في  ١ /٥ وكماب الولووة ف ١/  اولاد المرحوم انطسو,2025-11-28T10:22:06
0.3148148148148148,المدرسَة ما عدا دريان وذلل امام غبطته لكن لمفاده واحد تركوا راى كثيرين وقتئدئد طلب الخورى عدم الرجوع فالزمهُ,train_005701,../data/muharaf_prepared_resized/train/train_005701.png,Valid but hard,,المدسة ومعد ورين ومام عبطة لن مراه واحد روا راى كثيرين فقندية طلب الحورى عدم الرجع واه,2025-11-28T10:22:07
0.3148148148148148,مفتس العدليه العام           الى مدعى العام الاستئنافى,train_015747,../data/muharaf_prepared_resized/train/train_015747.png,Valid but hard,,ضقتس العدليه العام          اى المى الى اسف,2025-11-28T10:22:09
0.3148148148148148,هاتين المرأتين من نسب اليهما لفقدان الدلائل والامارات كما مرَّ وبتضمين المرأة نجمه المبطلة في دعواها الشخصيه,train_015422,../data/muharaf_prepared_resized/train/train_015422.png,Valid but hard,,هايه التايمن نسيس الها لسقان اولائل والامارات كا مرَ وتضين المرا اجم المطلعة عد ا الشخيه,2025-11-28T10:22:11
0.3142857142857143,واهي %% ونكون ذالك العلقة افرط من حات الخصوص الفونس النقاش وافيدونا كم,train_011056,../data/muharaf_prepared_resized/train/train_011056.png,Valid but hard,,واهي بالتمن المعين وتكون ذلك العلقة اقرط من حات الخواص الفوسَ التقاش وافيدوناكم,2025-11-28T10:22:12
0.313953488372093,سنه ٩٣١ واصل تلات ليرات سورية عما اصاب بلديتا كفرشيما من اسَتنساخ عن القديم الانتها به,train_013634,../data/muharaf_prepared_resized/train/train_013634.png,Valid but hard,,٣ وال قلاة ليرات سورية عما اصاب بلدينا كفرسما من استنَا خ العيع الشاي,2025-11-28T10:22:27
0.313953488372093,١٩٤١ والبالغة كميتة ثلاثماية وثمانون ليتراً بيعت من الاهالي بسعر الليتر ١٧ غروش كما هو,train_013843,../data/muharaf_prepared_resized/train/train_013843.png,Valid but hard,,١ وابالة مية ثلاثناية مانون لتداً بيت من الاصاليه بسعر اللير عر  اد,2025-11-28T10:22:30
0.3137254901960784,ولما لم يكن بد من التساهل واحتمال ما لا يمكن احتماله فى سبيل مصلحة البلاد فاننا لم نحجم عن هذه التضحية,train_002635,../data/muharaf_prepared_resized/train/train_002635.png,Valid but hard,,ولم كم يرمن الساه والحتام ما اليكم احتماله فى سي مصلة البلاد فالنا مل ه هذه الية,2025-11-28T10:22:59
0.3137254901960784,وكيلاً مسَخراً باجرة ريال مجيدى عن كل جلسَة يحضر بها المحكمة وذلك سَنداً على المادتين الـ ١٤٥ والـ ١٤٦ من قانون المحاكمات الحقوقية وبودر الى رؤيةَ الدعوى,train_016000,../data/muharaf_prepared_resized/train/train_016000.png,Valid but hard,,وكياً مجياً جرة ال مجد عن كل جسَة بخربها لمحكمة وذلك سَنداً على المادين الـ١ والـ١ ن المحاة القوية والدة الوة الوى,2025-11-28T10:23:01
0.3137254901960784,اخونا نجيب يهدكم السَلام وكذالك الخواجه طوبيا مهاوش,train_010812,../data/muharaf_prepared_resized/train/train_010812.png,Valid but hard,,لاونا جب يدكم السَام وكذالك الخواج ل با,2025-11-28T10:23:05
0.3135593220338983,ولدكم رجعت البارح لطرابلسَ بسَبب التعدي والهياج الذي حصل علينا من بعض اغاواة الدنادشي عشيرة بية الحسَن الذين بيوم واحد,train_008861,../data/muharaf_prepared_resized/train/train_008861.png,Valid but hard,,ولمدكم جم الرارل رايسَ سَيب التعدي والهاح الذي حصل علين من بض اغعاة النادري شر رية الية السَي ا اد,2025-11-28T10:23:07
0.3125,نصوص شعرية أو مسرحية بسيطة، تقوم,train_014363,../data/muharaf_prepared_resized/train/train_014363.png,Valid but hard,,صرة  سرحية بسيطة، تقوم,2025-11-28T10:23:09
0.3125,أريدُكِ أن تقرإي,train_014794,../data/muharaf_prepared_resized/train/train_014794.png,Valid but hard,,-أريدُي ان تقراي,2025-11-28T10:23:11
0.3125,بآرا في ٩ ت٢ ٩٢٣,train_018033,../data/muharaf_prepared_resized/train/train_018033.png,Valid but hard,,بآر في ٩ ت٢  ١٩٣١,2025-11-28T10:23:27
0.3125,اخبروني عن احوالكم وهل مراد السيد جوزيف ان ياتي عند السيدة اميلي التي كلمتكم عنها كثيرا وهي باذن الله تشفيه ؟ ..,train_016874,../data/muharaf_prepared_resized/train/train_016874.png,Valid but hard,,اخبريون عن الك مهم راد اليد جزين ان اتي عند اليدة اميل التي لكم عا ثي وي اله له شي..,2025-11-28T10:23:31
0.3125,بعد السَلام وصلنا جوابكم رقم ٣٠ الماضي وما به علم حسَب تعريفكم مرسَول لكم طى هذا,train_011760,../data/muharaf_prepared_resized/train/train_011760.png,Valid but hard,,عد السَلم مالا جايك قم ٣٠ الماجه وايه لم بسَ تويقكم رَول لكم كلى ها,2025-11-28T10:23:40
0.3125,محضر جلسة رقم 12,train_012808,../data/muharaf_prepared_resized/train/train_012808.png,Valid but hard,,حضر جلسة وقمر ٢,2025-11-28T10:23:49
0.3125,بعلم وورائها رئيس الجمهورية المسيو ملران والمسيو,train_020709,../data/muharaf_prepared_resized/train/train_020709.png,Valid but hard,,بعليم ومورابرها رئيس وعرية المحيو شران واتسيو,2025-11-28T10:24:05
0.3125,انتظره بفروغ صبر,train_005664,../data/muharaf_prepared_resized/train/train_005664.png,Valid but hard,,النظر لفروغ صير,2025-11-28T10:24:14
0.3116883116883117,Tel. (01) 303344 - Fax (01) 311967 - Boite Postale 14/5312 - Beyrouth - Liban,train_018544,../data/muharaf_prepared_resized/train/train_018544.png,Script mismatch (non-Arabic),,.el. (0) 3034 Fax(01) 31967 - oite Posae 14/512 B-iban,2025-11-28T10:24:21
0.3114754098360656,لا بيرجع ولا في يكفيها                         وخدك بكي وحرقا,train_006784,../data/muharaf_prepared_resized/train/train_006784.png,Valid but hard,,لا بيرجع ولا في يكفيها                                         ووحي حرق,2025-11-28T10:24:25
0.3113207547169811,من محكمه البترون العلية بتاريخ / ١١ تموز سنة ٩٢٣ عد ١٧٩٨ ساس ٩١٣ بمبلغ الفان وسبعماية وخمسة وثمانيون قرشاً,train_016396,../data/muharaf_prepared_resized/train/train_016396.png,Valid but hard,,من حكمة البيانة الاحية ابير ١ نو نة ٣ د ١ سا ١ بمبلغ الفان وسبعماية وخمسة وان قرشاً,2025-11-28T10:24:28
0.3111111111111111,كنت معزوم عنده على العشاء اول امس فكان العشاء,train_020883,../data/muharaf_prepared_resized/train/train_020883.png,Valid but hard,,جسعد كساب كنت معزوم عنده على العشء اول اس فكان العشأ,2025-11-28T10:24:36
0.3111111111111111,أيها السَيد الجليل الفاضل مار انطون عربضه الكلى الشرف والفايق الاحترام دامة رياسَتة للدوام,train_008850,../data/muharaf_prepared_resized/train/train_008850.png,Valid but hard,,ايها السَيد الجليل القال ما اطون عريه الكل الشرف والات الاراتم   لام,2025-11-28T10:24:45
0.3106796116504854,القرار الصادر بدعوى مرتى ابنة يوسف جرجس وبرباره زوجة جرجس توما وقمرا زوجة سليم العيسى ورفقاهم من حيتولي,train_015401,../data/muharaf_prepared_resized/train/train_015401.png,Valid but hard,,القرار الصاد بدعوى مرش اية يوسف جرجس ورباه زوجة جرجس توا وقرا ارجة ام م م وي,2025-11-28T10:24:50
0.3103448275862069,ربالين مجيدي بوادي الاسطوان بينما كان زاهباً الى مركز القضا حاملاً تحريرات للحكومه بوصف,train_008647,../data/muharaf_prepared_resized/train/train_008647.png,Valid but hard,,بري ه اري مجيد بدادي الاطوان بينما كا زرها الى حركة القضا حلاً تحرياً للم حو وف,2025-11-28T10:24:54
0.3103448275862069,هذه الليلة ايضًا في الإسكندرية بعدما ليلًا ... على القهاوي,train_015301,../data/muharaf_prepared_resized/train/train_015301.png,Valid but hard,,هذه الليه ايضا بالاسكندرية بعد ما ليلاً تقضنا لى القادي,2025-11-28T10:24:58
0.3103448275862069,كما تعلم وعملي ارفض موته شعر.,train_001253,../data/muharaf_prepared_resized/train/train_001253.png,Valid but hard,,كما تعلم وعلى الاخص لانه شعر.,2025-11-28T10:25:17
0.310126582278481,معه منتوره بنت ايوب الجميل كلاهما من قرية رشعين بموجب صك مؤرخ فى ١٣ ت١ سنة ٨٨٠  المتصل اليه بالشرا من مارينا بنت بطرس شاهين من نحو اربعين سَنة وهو حاره مشتملة,train_016081,../data/muharaf_prepared_resized/train/train_016081.png,Valid but hard,,معه متره بن ابو الجيل كاه من قية شعن بو حكم ورفى ١ ت ن ٨ المتصل اليه بالشرا نه مارينا بنب برس شاي من ار ورين سنه واوه مة ملة,2025-11-28T10:25:18
0.3098591549295774,عافيتكم ومروا بما يلزم خدم فاني رهين الامر والله المسئول بالأخذ بناصركم,train_005845,../data/muharaf_prepared_resized/train/train_005845.png,Valid but hard,,عاقتكم وا با يزم خدم فاني دهين الار والمنه السل والخا خكم,2025-11-28T10:25:21
0.3096774193548387,فى البوصلة الثالثة وهذا كاف رابعاً اعتراضه على صلاحية المحكمة واقع بغير محله ايضاً لانها هى محكمة المدعى عليه العاىد اليها روية الدعوى وبناءً عليه فهو يطلب,train_016309,../data/muharaf_prepared_resized/train/train_016309.png,Valid but hard,,في الحوحة والالة وها ا براً اعاة على حابة الحركمة واقع بغير حله ايضاً لانها هى محكمة المدعى عليه الما ايرية العدية عايى ه  طل,2025-11-28T10:31:44
0.3095238095238095,عدد ٤٣٥ اربعماية وخمسة وثلاثون / عدد١ يومي,train_015874,../data/muharaf_prepared_resized/train/train_015874.png,Valid but hard,,عد ٥ ارسيماية وخسة وثلاون عديوي,2025-11-28T10:31:46
0.3093525179856115,هو بدوى يوسَف الشدراوى من اهدن وغب حلفه اليمين شهد ان القطعة المرقومة وحررها هى بيد الخورى جرجسَ فرنجيه من عشر سنوات وشاهداً هو يوسف سَمعان,train_016358,../data/muharaf_prepared_resized/train/train_016358.png,Valid but hard,,هوا ابدوى وسف الشرو من اهدن غب حله البين شهد ان القطعة المرقومة ودها هى بدوى الخورى جرجر وشه وشنا وشا وا وا وسَا َعان,2025-11-28T10:32:37
0.3090909090909091,غبراىل قد للمجمع الشرقى استعفاه وقبلاه ومن يومين سَافر.,train_005222,../data/muharaf_prepared_resized/train/train_005222.png,Valid but hard,,غبراسل نقدر للمجمع الشرق استنفع وتحلده ول يذبي مسافر.,2025-11-28T10:32:39
0.3086419753086419,صالح بزعون نمرو ٤١٢ غب الاحالة حبه ٢٥ قيراط سنة ٩٥ و فى ١٩ ايلول سنة ٩٤ حضر محكمة قضا البترون بطرس بن يوسَف شمشوم بالاصالة عن نفسَه والوكالة عن طنوسَ وجبرايل ولدى,train_016198,../data/muharaf_prepared_resized/train/train_016198.png,Valid but hard,,لالع عزون نرو الحالة ورة ناو ف اربو سن ٩ حضر محكمة قض البترون بطرس بن يوسَف تشوم بالاحلة عن نفسة والكالة عن نوسَ وجريل ولدى,2025-11-28T10:32:41
0.3085106382978723,المستدعي: المحامي الياس عبدالله من جدايل بوكالته عن السيدة مَتيلدا ارملة سابا نصرالله واولادها,train_000252,../data/muharaf_prepared_resized/train/train_000252.png,Valid but hard,,المستدي المحي البايع اله من جدايل بدكاله عن السيدة حسَيلا ملة بن باه والله ها,2025-11-28T10:32:43
0.3085106382978723,فى سان سيلبيسَ جعل الله نهاية الامر على هذا المنوال خيراً فلا تجهلون انى هنا فى رومية من جمله.,train_005622,../data/muharaf_prepared_resized/train/train_005622.png,Valid but hard,,فى سان بليَ جل لله لناية الامر على هذا المنال خيراً فا يكون الى ن نر يه مل,2025-11-28T10:32:44
0.3083333333333333,وعند فكري ان سَيادتكم ترجحون الخورى يوسَف الحاج بالنظر لسَنه ومركزه في الناحيه تجاه الطايفه ومع هذا راجع الامر لسيادتكم.,train_008860,../data/muharaf_prepared_resized/train/train_008860.png,Valid but hard,,وعند كين سيتكم بحون اخورى يسَف الجاج بالنرلسَنه وركفه فى الناصي باه الطاية وعه ه اا الار اتكم,2025-11-28T10:32:46
0.3076923076923077,العاشق صنم واقف على مطل الوليف                      الحظ يبكي والامل يضحك عليه,train_007291,../data/muharaf_prepared_resized/train/train_007291.png,Valid but hard,,العاشق ح واف على مطل الوليف                لا الي الي ال ليه,2025-11-28T10:32:47
0.3076923076923077,القبيات ٢٢ تشرين ثانى ١٩١٨,train_009105,../data/muharaf_prepared_resized/train/train_009105.png,Valid but hard,,القبيات ف ٢ تشري ن ١٩٠,2025-11-28T10:32:52
0.3076923076923077,يقع على الارض,train_017306,../data/muharaf_prepared_resized/train/train_017306.png,Valid but hard,,يبقمع على الاصن,2025-11-28T10:32:55
0.3076923076923077,الى اضيق إطار,train_020192,../data/muharaf_prepared_resized/train/train_020192.png,Valid but hard,,الى ا إطار.,2025-11-28T10:33:03
0.3076923076923077,والتمييز بلزوم المدعى عليه المحرر دفع المبلغين المحررين للمسَتدعيين المحررين مع الفايدة البسَيطه من حين الاسَتحقاق لحين الدفع عملاً بتعهده المربوط بالسَندين,train_016080,../data/muharaf_prepared_resized/train/train_016080.png,Valid but hard,,بلبيز اليم لمدرى الموعى الع ال المفين المرين المسَ عين المحرين مع الفايدة البسيط من حين الاسَتقاق حي الدع علاً بته الر السَين,2025-11-28T10:33:05
0.3076923076923077,خبرٍ ما (...),train_003750,../data/muharaf_prepared_resized/train/train_003750.png,Valid but hard,,خبر يا (.),2025-11-28T10:33:09
0.3076923076923077,"صالحا "" (...)",train_003716,../data/muharaf_prepared_resized/train/train_003716.png,Valid but hard,,"صالحا""(..",2025-11-28T10:33:12
0.3076923076923077,بطرس الىطرىرك,train_003384,../data/muharaf_prepared_resized/train/train_003384.png,Irrelevant / signature,,طرس الطرك,2025-11-28T10:33:42
0.3076923076923077,(( يعود الضوء,train_017392,../data/muharaf_prepared_resized/train/train_017392.png,Valid but hard,,( يعود الصوء .,2025-11-28T10:33:46
0.3076923076923077,انجال حرري لي دائما شقيقتي وطمنيني عنكم,train_018259,../data/muharaf_prepared_resized/train/train_018259.png,Valid but hard,,انا لي واما شقيقتي وطنينين منكم,2025-11-28T10:33:51
0.3076923076923077,بكاسَين فى ٢١ شباط سنة ٩٣٤,train_004552,../data/muharaf_prepared_resized/train/train_004552.png,Valid but hard,,بكاسي ٢١ شياط سنة ١٩٣١,2025-11-28T10:33:54
0.3076923076923077,عن القبيات في ٢ اب سنه ٩١٠,train_008789,../data/muharaf_prepared_resized/train/train_008789.png,Valid but hard,,عن القبيا اب سنه ١٩٠,2025-11-28T10:33:58
0.3076923076923077,الاب يوسف ىكد,train_004473,../data/muharaf_prepared_resized/train/train_004473.png,Valid but hard,,الاى يوسعكد,2025-11-28T10:34:05
0.3076923076923077,مع ... سافرنا الى ابوو علي,train_015036,../data/muharaf_prepared_resized/train/train_015036.png,Valid but hard,,مع لش سافرنا الى ابو,2025-11-28T10:34:08
0.3076923076923077,الحورى سلىمان,train_004629,../data/muharaf_prepared_resized/train/train_004629.png,Irrelevant / signature,,لحورسى لمان,2025-11-28T10:34:12
0.3076923076923077,يا ما عيون فيها بتتلاقه                                                وكل عين وفي لها حاجي,train_007314,../data/muharaf_prepared_resized/train/train_007314.png,Valid but hard,,ي ا ا                                                      و و لي اجي,2025-11-28T10:34:15
0.3076923076923077,واقصى أصدقائه,train_001518,../data/muharaf_prepared_resized/train/train_001518.png,Valid but hard,,واخص اصدقائه.,2025-11-28T10:34:19
0.3076923076923077,أتكلم احاديث واحكي قصص وبالسياسة والادب,train_020971,../data/muharaf_prepared_resized/train/train_020971.png,Valid but hard,,انكلم اماديت واحكي قصص وبالسياسية,2025-11-28T10:34:21
0.3076923076923077,شهود الفريقين,train_015958,../data/muharaf_prepared_resized/train/train_015958.png,Valid but hard,,هود الفريفب,2025-11-28T10:34:41
0.3076923076923077,٢٤ آب سنة ٩٣٣,train_015856,../data/muharaf_prepared_resized/train/train_015856.png,Valid but hard,,٢ آب نة٩٣,2025-11-28T10:34:46
0.3076923076923077,ذاهبًا الى قبة النصر Arc de Triomphe فكان في المقدمة,train_020687,../data/muharaf_prepared_resized/train/train_020687.png,Valid but hard,,حبًا الى قية النصر e mh فان في المقدمة,2025-11-28T10:34:50
0.3070175438596491,ولالي عادة ان اجنز  ام ادفن ميت رعيتي                                        عادة ان اجنز او ادفن ميت رعيتي بمقبرة,train_008950,../data/muharaf_prepared_resized/train/train_008950.png,Valid but hard,,ولالي عادة ان اجنزر اصر دفن مي عي                                                ا ا برية,2025-11-28T10:34:51
0.3069306930693069,اكتب هذه الاسطر خصوصا لاجل العزيزة ماري شاوي لاهنئها بعيدها المجيد واسال شفيعتها امنا العذراء الطاهرة,train_016869,../data/muharaf_prepared_resized/train/train_016869.png,Valid but hard,,اتبذ هذا الار فروا ال العزيزة قاري شادي لا خنتها بعيدها الجيد وا فيها ان القاء الار ارة,2025-11-28T10:34:52
0.3069306930693069,والاسَتبداد واستعملوا اوليك الكهنة آلت لبث سَموم نفاقهم ومفاسَدهم ضد اوليك الرهبان الاجلاً حتى اقلقوا,train_008754,../data/muharaf_prepared_resized/train/train_008754.png,Valid but hard,,والاسَبدا واسَت وا وليك الكنة الت ليت سَلوم تقافهم ومعاسدهم خذ الك الربا الجلاً الى ا,2025-11-28T10:34:53
0.3068181818181818,الحكام وطلب ردهم والدخول بصفة شخص ثالث والقسمة طوعاً ام جبرًا والتوكيل تحريرًا / ٢٥نيسان,train_015889,../data/muharaf_prepared_resized/train/train_015889.png,Valid but hard,,المحكام مطب دهم والدخول بصفة تص ثالث والفسَة طوعً ام جيداً والذيت تحراً  ياسنة,2025-11-28T10:34:55
0.3066666666666666,محباً ونحن خسَرنا به اباً رءوفًا ومواطنًا غيورًا وحبرًا جليلاً فاننا نسَأله,train_004539,../data/muharaf_prepared_resized/train/train_004539.png,Valid but hard,,مجناً ونحن سَنابه ابا رؤوقاً ومواطناً غيوراً وحيرً جيلاً قانا سَالئم,2025-11-28T10:34:56
0.3066666666666666,وسؤدداً ليزيد نوركم وافضالكم على الناس وتتم مشيئته تعالى بانتقآء رعاةً فيهم,train_005856,../data/muharaf_prepared_resized/train/train_005856.png,Valid but hard,,وسؤداً ليز نوكم واضالكم عى الناس وتم شية لوى بالناءة فاة فيهم,2025-11-28T10:35:04
0.3064516129032258,شمس عمري ما بقى فيها شعاع       اختنقت وماتت عا زنود برج الحمل,train_006722,../data/muharaf_prepared_resized/train/train_006722.png,Valid but hard,,شمس عمري ما بقى فيها شعاع             ت ات ات الحمل,2025-11-28T10:35:06
0.3061224489795918,لي شقيقتي العزيزة بانك مستفقدي ومشتاقة الى كثيرًا,train_021198,../data/muharaf_prepared_resized/train/train_021198.png,Valid but hard,,شفيقي العزيزة انك وستقدي عي رمشئافة الى كثيرا,2025-11-28T10:35:37
0.3057324840764331,الوكيل المسَخر ووجبت عليه رسَومات المحاكمة البالغة سَتة وثلاثون قرشاً وتبلغ هذا الحكم لوكيل المدعى والوكيل المسَخر مواجهة علانية فى ١٥ ربيع اول ٣٠٥ و١٨ تشرين,train_016251,../data/muharaf_prepared_resized/train/train_016251.png,Valid but hard,,لكيك المسَل وجوي بله شروات المحاكمة الباغة سنة وثلثون قرشاً وتبلغ هذا الحكم مويل المدعى والويل المسَرة حراة عاية الا و و ر شرين,2025-11-28T10:35:40
0.3055555555555556,وعند الملتقى نتخابر ملياً بهذا الامر,train_001773,../data/muharaf_prepared_resized/train/train_001773.png,Valid but hard,,وعند الملتض ننيى قلتا بهذا الام,2025-11-28T10:36:31
0.3055555555555556,افيدونا عن ذلك لان فايظ الماية في بلادنا ارخص من عندنا اذًا كان ذلك حقيق,train_011093,../data/muharaf_prepared_resized/train/train_011093.png,Valid but hard,,نكم في عيدات ايضاً افيدونا عن ذلك لان فايظ الحاية في بلادنا ارخص من عندنا اذا كان ذالك حقيق,2025-11-28T10:36:32
0.3055555555555556,واوتار صوتي تكفنت بالعنعنات                    والواح صدري رمدت من حرقتو,train_006776,../data/muharaf_prepared_resized/train/train_006776.png,Valid but hard,,واوتار صوتي تكفنت بالعنعنات                                 لل الصد ححر ح رقتو,2025-11-28T10:36:34
0.3055555555555556,دفع ربع عن أسعار كليا نوع ايڤر تاليه,train_020636,../data/muharaf_prepared_resized/train/train_020636.png,Valid but hard,,دفع ربع عن كلفانوع ابقر تاله,2025-11-28T10:36:38
0.3048780487804878,… /… Tel. (01) 303344 - Fax (01) 311967 - Boite Postale 14/5312 - Beyrouth - Liban,train_018520,../data/muharaf_prepared_resized/train/train_018520.png,Script mismatch (non-Arabic),,…Tel. (01) 304 - Fax 1)31967 - Boit ote 4/131e - youthLiban,2025-11-28T10:36:49
0.3048780487804878,احصل على كتابٍ من حضرتكم لسَببٍ أجهله: أهو قلة مكاتبة أو تضعضع المكاتيب على الطريق,train_017970,../data/muharaf_prepared_resized/train/train_017970.png,Valid but hard,,ل على كنابر ن حنتك لسَبب أجهله. أهول وكانينز او تضع الكاتب على اطريق,2025-11-28T10:36:53
0.3043478260869565,ايها السيد الجليل الكلى الشرف والفائق الاحترام ماري انطون عريضه ادام الله سمو رئاستهِ للدوام,train_008462,../data/muharaf_prepared_resized/train/train_008462.png,Valid but hard,,ايها السَي الجليل ال اشف والفئق الاحترام ماري تطون عيه اه الم   لدوام,2025-11-28T10:36:59
0.3043478260869565,ليك جفون النور عن يتفتحو                                        والشمسَ جايي للقمر تا تشوشحو,train_007340,../data/muharaf_prepared_resized/train/train_007340.png,Valid but hard,,ك جفون الرو عن يتوخ                                          ا شوح,2025-11-28T10:37:01
0.3043478260869565,بيوت شعر عرب عنزه نحو بيت مع غنم وراع واملاكهم,train_015075,../data/muharaf_prepared_resized/train/train_015075.png,Valid but hard,,بيو شوعرن عندما نحو بيب مع غنم وابعر والادهم,2025-11-28T10:37:10
0.3043478260869565,غب لثم اناملكم الطاهرة والتماس بركتكم الرسولية على الدوام المعروض لقد تكرر الآن العرف والاسترحام بخصوص ما حصل علينا,train_009084,../data/muharaf_prepared_resized/train/train_009084.png,Valid but hard,,غب لثم انامكم الاركة والاة بتك السولة على الدوام المعرض قد كر الان العرعى الاتان تا صل نا,2025-11-28T10:37:12
0.3043478260869565,وولدي جوزف حفيدكم يقبل يديكم ويدي اخواله وخالاته. هذا وفي الختام أطلب,train_017973,../data/muharaf_prepared_resized/train/train_017973.png,Valid but hard,,ولدي جروف حقيدكم قبل بديكم ومي اخواله وخارة هاي المخام اللب,2025-11-28T10:37:13
0.3043478260869565,مونتريا في ٢٣ شباط ١٩٢١,train_020887,../data/muharaf_prepared_resized/train/train_020887.png,Valid but hard,,تتريا في ٢ شباط ٩٤,2025-11-28T10:37:46
0.3043478260869565,وتبادل الافكار وهي شعور,train_003812,../data/muharaf_prepared_resized/train/train_003812.png,Valid but hard,,ونتنادل الافيكار وحي وبفعور,2025-11-28T10:37:50
0.3043478260869565,بتجيبها وبتردها هزة شقا                                           وسَيخ المنيي عن يحز حبالها,train_007134,../data/muharaf_prepared_resized/train/train_007134.png,Valid but hard,,تجيها وترها ر                                               َسَ يحلها,2025-11-28T10:37:54
0.3043478260869565,الداعي ابن ابنتك العزيز,train_018650,../data/muharaf_prepared_resized/train/train_018650.png,Valid but hard,,الد اين تك العزيز,2025-11-28T10:37:56
0.304,من عبد العزيز بن عبد الرحمن ال فيصل ال سعود الى حضرة الوطني الغيور والمصلح الكبير امين افندي الريحاني المحترم دام افضاله امين,train_002333,../data/muharaf_prepared_resized/train/train_002333.png,Valid but hard,,م عبد العزيز اين احن الفيل السعود الى حضرة الوطني الغيور والمصح الحيار من فني الاي الحم ا  اله,2025-11-28T10:38:00
0.3037974683544304,بملء الخضوع والخشوع والاحترام الثم اناملكم المقدسة مستمداً منكم البركة والرضاء.,train_009592,../data/muharaf_prepared_resized/train/train_009592.png,Valid but hard,,بجل المخوع الشرع والاحترام الثم اناكم المندسة سَمدا م ة والرا,2025-11-28T10:38:28
0.3035714285714285,٤ شن الغارة على اسبر ابراهيم عبده واخذ سبع بقرات منه بعد  ان اوسعوه ضرباً مولماً وربطوه بالمرس وتركوه مربوط وذلك,train_008652,../data/muharaf_prepared_resized/train/train_008652.png,Valid but hard,,ن الفرارعة على اب ابراهيم عده واخذ سبع بقرات من يكد ان اسعوه ضرباً وماً طب الار وك وبوك ك,2025-11-28T10:38:29
0.3035714285714285,المسماة قديماً  نسبة لمركزها الطبيعي مع ان الاثار القديمة الموجودة بها تدل على انها قبل المسيح كما يستدل من كثرة,train_009574,../data/muharaf_prepared_resized/train/train_009574.png,Valid but hard,,المسماة قياً حصلا اسية مركها الطبعي مع ان لاثار القديم الوجودة ب تدل لىه هال المسي م م م كري,2025-11-28T10:38:31
0.3027522935779816,المثلث الرحمات ودعوت بلسان الجريدة عموم المواطنين على اختلاف طبقاتهم ونحلهم لمشاركتنا في الاحتفال المحزن ولما,train_005927,../data/muharaf_prepared_resized/train/train_005927.png,Valid but hard,,الثت الحرم و بسان الجيدة موم المواطنين على اخلاف طيقاتهم ونخلم اشا ي القحال الحتر ولملا,2025-11-28T10:38:33
0.3023255813953488,يقبلوكم والقبلات الكثره لرياض ودمتم لوالدكم,train_018905,../data/muharaf_prepared_resized/train/train_018905.png,Valid but hard,,وم والاقبلات المشر لرياض وملكم والدكم,2025-11-28T10:38:37
0.3023255813953488,يملكون قسطاً وافراً من ثروة البلاد ويسيطرون,train_000659,../data/muharaf_prepared_resized/train/train_000659.png,Valid but hard,,يمكون سنطا وانما موة البلاد، وسيطرون,2025-11-28T10:38:40
0.3020833333333333,وكل يوم يحبنا ويروح                                                     وقلبو بسَيخ وداعنا مجروح,train_007051,../data/muharaf_prepared_resized/train/train_007051.png,Valid but hard,,ول                                                          و َا مجوح,2025-11-28T10:38:42
0.3018867924528302,من تاريخ فتوح محلي فكان اول يوم الاحد في ١٢ آذار ١٩٢١,train_020950,../data/muharaf_prepared_resized/train/train_020950.png,Valid but hard,,ن اسخ ح محلي مكان اوال بعص الاحب في ١٧ اذار ١٩٣١,2025-11-28T10:38:43
0.3018867924528302,بالعالم وحالًا .... بالمجمع. الاسم ابوهريره (المساعد),train_015163,../data/muharaf_prepared_resized/train/train_015163.png,Valid but hard,,بالعالم وحالاً خنلنا بالمجمع. الام الوهر )( الساعة,2025-11-28T10:38:45
0.3017241379310345,تصديقى مظهراً محبتى نحوك فانت لا اظن انك تشك بمحبتى كما لا اشك بمحبتك بل اقول لك الاشياء صريحا وانت تفكر بذالك وانظر,train_005674,../data/muharaf_prepared_resized/train/train_005674.png,Valid but hard,,تصدقي مهاً محين حوك فنت الان اك بشك محتى كمالاتلا بحتك بل قوب لك الاسبا ريحا وانت لكر فوك وانظر,2025-11-28T10:38:46
0.3015873015873015,فصار يمشي والبحر هاديًا حتى الصباح الساعة ٢ من النهار وصلنا ...,train_015196,../data/muharaf_prepared_resized/train/train_015196.png,Valid but hard,,ما ريشي والبر هادياً حتى الصباح الساعة من الما صا وي,2025-11-28T10:38:47
0.3015873015873015,مفتفت فؤاد الصبح عا طواقك                          ومدرور بحجرك,train_007138,../data/muharaf_prepared_resized/train/train_007138.png,Valid but hard,,مفتفت مؤاد الصبح عا طواقك                                          ور رك,2025-11-28T10:38:49
0.3013698630136986,الا مسرورين راضين. في كل حال ان الامر لعظمتكم. ولكني التمس منكم ان تأذنوا,train_001209,../data/muharaf_prepared_resized/train/train_001209.png,Valid but hard,,الامروين ان في كل الر لعظمتكم. وكني التمى سكم مان تأذوا,2025-11-28T10:38:50
0.3009708737864077,غب لثم نرى مواطي اقدمكم. نعرض انه بهاذا النهار توجه حبيب الذريبي لعند غبطته وكل هذا التحريك بهذه الدعوى,train_009024,../data/muharaf_prepared_resized/train/train_009024.png,Valid but hard,,غب لث روم وامي اليكم عض ان هذا التهار توجه جيب الذربين لعند غطبة وكل هذا لحيك به اهل لدوى,2025-11-28T10:39:09
0.3,بكير يعني الفجر واذا البحر هاج وماج وقام ريحًا عاصفًا شديدًا,train_015292,../data/muharaf_prepared_resized/train/train_015292.png,Valid but hard,,ير عفي الفى واذا الجر هاج وماج وقام رياً عا ضاً داً,2025-11-28T10:39:10
0.3,YAL2A-11 2,train_018617,../data/muharaf_prepared_resized/train/train_018617.png,Script mismatch (non-Arabic),,YAL2A-2,2025-11-28T10:39:13
0.3,EAKA - 292,train_005818,../data/muharaf_prepared_resized/train/train_005818.png,Script mismatch (non-Arabic),,EAK1A - 129,2025-11-28T10:39:14
0.3,محكمة بداية البترون تحريراً فى ١٦ ربيع اول/٣٠٥ وفى ١٩ تشرين الثانى ٣٠٣,train_016266,../data/muharaf_prepared_resized/train/train_016266.png,Valid but hard,,محكمة باية ضا البترو تحرياً فى ١ بع وال ٣٠٥ و شرين الثان ٣,2025-11-28T10:39:33
0.3,"/١٠,٠٠٠,٠٠٠/ ل. ل. عشرة ملايين",train_013393,../data/muharaf_prepared_resized/train/train_013393.png,Valid but hard,,١٠/ ل. ل. عشرة ملايين,2025-11-28T10:39:37
0.3,على فارس وعلى إِلين وجورج جميل,train_011678,../data/muharaf_prepared_resized/train/train_011678.png,Valid but hard,,على فارس فارس وعلى إليى وجورج جميل م,2025-11-28T10:39:42
0.3,فى ١٩ رجب			سنة ١٣٤٦,train_002665,../data/muharaf_prepared_resized/train/train_002665.png,Valid but hard,,في ١٩٠ رجب سنة ١٩٤٦,2025-11-28T10:39:46
0.3,تحية سلام. اما بعد اثبت لك تحريري رقم ١١,train_020657,../data/muharaf_prepared_resized/train/train_020657.png,Valid but hard,,نج قو سلام. اما بعدنا ثبث لك تحريري رم,2025-11-28T10:39:50
0.3,QAJE 23D-2,train_015334,../data/muharaf_prepared_resized/train/train_015334.png,Script mismatch (non-Arabic),,QAJ3D-2,2025-11-28T10:39:52
0.3,بشاره مرعى,train_018737,../data/muharaf_prepared_resized/train/train_018737.png,Valid but hard,,شاره مرح,2025-11-28T10:39:55
0.3,اسعد درويش,train_018106,../data/muharaf_prepared_resized/train/train_018106.png,Irrelevant / signature,,سعد درو,2025-11-28T10:40:01
0.3,JEH2E1-212,train_007512,../data/muharaf_prepared_resized/train/train_007512.png,Script mismatch (non-Arabic),,JEH21-2,2025-11-28T10:40:05
0.3,BEK2A-17 2,train_003772,../data/muharaf_prepared_resized/train/train_003772.png,Script mismatch (non-Arabic),,BEK2A-1,2025-11-28T10:40:12
0.3,YAL2A-13 2,train_018633,../data/muharaf_prepared_resized/train/train_018633.png,Script mismatch (non-Arabic),,YAL2--12,2025-11-28T10:40:14
0.3,جنيف مهيبة,train_019613,../data/muharaf_prepared_resized/train/train_019613.png,Valid but hard,,جزيف رحيبة,2025-11-28T10:40:16
0.3,ys-4A-011F,train_019820,../data/muharaf_prepared_resized/train/train_019820.png,Script mismatch (non-Arabic),,Ys-4A-01,2025-11-28T10:40:25
0.3,"المعتر المستقل بالوظائف والمهام اذا كان لنتخب احد التلاميذ الذين نخدمهم كالعين ونكلفه ببعض كتابات وبما انه له""",train_005697,../data/muharaf_prepared_resized/train/train_005697.png,Valid but hard,,المعد المقل الطوف والما اذا كان تحت احد التلاصدً الذين الخدمهم كالين ويكله بع كات وا انه هبه,2025-11-28T10:40:31
0.3,وسمعت من نظمنا أدوار,train_003815,../data/muharaf_prepared_resized/train/train_003815.png,Valid but hard,,و  من ظمنا ادوار,2025-11-28T10:40:46
0.3,JEH2F1-304,train_007831,../data/muharaf_prepared_resized/train/train_007831.png,Script mismatch (non-Arabic),,JEH21-39,2025-11-28T10:40:50
0.3,انسان وضع (مادّة) على ظاهر ايديهم تدعى (Glycerine),train_018893,../data/muharaf_prepared_resized/train/train_018893.png,Valid but hard,,انسان ضع امادة، على اهديهم تدعى ( tern),2025-11-28T10:40:56
0.3,جلسى ٢١ شباط سنة ٩٢٦,train_013476,../data/muharaf_prepared_resized/train/train_013476.png,Valid but hard,,جلت ٢ تشباطل سنة ٩٢,2025-11-28T10:40:59
0.3,JEH2F1-303,train_007784,../data/muharaf_prepared_resized/train/train_007784.png,Script mismatch (non-Arabic),,JEH21-39,2025-11-28T10:41:02
0.3,بالاتفاق بوجوب الاسَتعلام من شيخ صلح قرية بشرى وشيخ صلح قرية رشعين عما اذا كان للخورى يوسَف حيمور سَكر املاك بالوقت الحاضر وما هى وعن املاكه,train_016120,../data/muharaf_prepared_resized/train/train_016120.png,Valid but hard,,بتاق واب ب الساين م خي خلق قرية برى وشيخ صل قرية رشعين عما اذا كان لخورى يوسَف مور سرا مكا القت الحار و ومن الاك,2025-11-28T10:41:08
0.3,يصادق على صحة بيعه المار بيانه ويسَجله حسَب النظام واما ان يدفع للمدعى المبلغ المذكور حكماً غيابياً قابلاً الاعتراض وحيث قرر الفريقان يانه لم يقبلها ما يقال خلت,train_016074,../data/muharaf_prepared_resized/train/train_016074.png,Valid but hard,,صياق فلى حلة بيعة اماربين وسَله حبن النكم وا ايدفع المدعى المبلغ لمذكور حكماً غيابا قبالً الاعرا وحيت ر القريا انه ليم ا ال خلت,2025-11-28T10:41:08
0.3,هل تعرفني؟,train_014699,../data/muharaf_prepared_resized/train/train_014699.png,Valid but hard,,- هل تعرفني؟.,2025-11-28T10:41:10
0.3,"""Mokarzel""",train_001476,../data/muharaf_prepared_resized/train/train_001476.png,Script mismatch (non-Arabic),,"""Mokzlel""",2025-11-28T10:41:13
0.3,QBat1L-242,train_015981,../data/muharaf_prepared_resized/train/train_015981.png,Script mismatch (non-Arabic),,QBatL-2,2025-11-28T10:41:14
0.3,نخلي منصور,train_017937,../data/muharaf_prepared_resized/train/train_017937.png,Valid but hard,,لخالي منصو,2025-11-28T10:41:50
0.3,تابع عدد ٩,train_014053,../data/muharaf_prepared_resized/train/train_014053.png,Valid but hard,,تابع عد,2025-11-28T10:41:53
0.3,عزيزي جورج,train_020515,../data/muharaf_prepared_resized/train/train_020515.png,Valid but hard,,عزي جبرج,2025-11-28T10:42:24
0.2994011976047904,باجرة المسَخر  بدون ان تحقق عليها ولذا قر القرار بالاتفاق بنقض الحكم الغيابي في هذه الحيثية وابقا مصارفه على المعترض المذكور وفقاً للمادة ال١٥٨ من قانون اصول المحاكمات,train_016328,../data/muharaf_prepared_resized/train/train_016328.png,Valid but hard,,باة ة امن ون تق لها ولوا القرار بالافاق بنقض الحكم الغيالي من هذه الجبية وابقا مصارق على المعدرى المكور وقواً لادة الم م ن امن الحون المحمت,2025-11-28T10:42:26
0.2992125984251969,في الدين وروسَآ الدين. والان ممّا يبرهن ويحقق ذالك اطلاع سَيادتكم على جريدة الاتحاد العثماني تحت عدد ٩٦٦ تاريخ فى ٢٢ ت٢ سنه ٩١١,train_008486,../data/muharaf_prepared_resized/train/train_008486.png,Valid but hard,,في الدين وروسَا الدين. والان مَّ بيرهن ويحفق ذالك اطلاع سَيادتكم على جريدة الاتحاد العثماني حت,2025-11-28T10:42:27
0.2991452991452991,بمضبطة الكشف على العقار المنازع فيه التى نظمها مامور المحكمة الناطقة بان الياس فعل ما اسند اليه من الجرم فى اول   اول,train_015433,../data/muharaf_prepared_resized/train/train_015433.png,Valid but hard,,مبضطة الكلة عفى القر المتافن في الى نظها مامور المكمة الناطعة بان الياس فل م انده ا ال ا ا ال,2025-11-28T10:42:28
0.2991452991452991,حكيمة فكانت مضادة للصواب. اولاً ايها العزيز انت اجريت حكماً دون ان تسمع الا فريقا واحدا فانا ما اخترتك ابداً لا اولاً,train_005652,../data/muharaf_prepared_resized/train/train_005652.png,Valid but hard,,حكينة مان صادة الصاب. والا يها العز ابت اجريت حكماً ون ان سمع الافريق وادا فا اخحتا ا الا لا,2025-11-28T10:42:29
0.2990654205607476,لى شيئا ما فى ذلك المكتوب بل ان فتح الله الخورى عبد عبيد الله كتبته من تلقاء ذاتي مبينا فيه افكارى الخصوصية,train_005732,../data/muharaf_prepared_resized/train/train_005732.png,Valid but hard,,ما شا فى ذك المتوب ل انفتح الله الخورى عبد عيت الله كنة م تلارا في جينا في فار الخصية,2025-11-28T10:42:30
0.2989690721649484,والفاصل حأيط وماء الشويري وغرباً طريق عام وتمامه متروك عن الياس طنوس صافي آل بجميع حقوق هذا البيع,train_015965,../data/muharaf_prepared_resized/train/train_015965.png,Valid but hard,,اورافال مابط وماد الشوري وعغرباً طريقة عام ونامه مذدوك عن اباس لمذس حاني ا لجميع مفوه مذا البيع,2025-11-28T10:42:41
0.2988505747126437,من نعيم وجميل وجورج وطنوس ولويزا المسجلة لدى كاتب عدل جبيل بتاريخ ٨ اذار سنة ٩٣٥ عدد ٤٧,train_000253,../data/muharaf_prepared_resized/train/train_000253.png,Valid but hard,,منه نعيم وجيل روج اطنوس وليزا المسجلة لدى كاتب عدل جيل سارخ خارس٩ د٢,2025-11-28T10:42:43
0.2987012987012987,ما اهتزَّ لبنان في مصاب، اهتزازه لفقد البطريرك اللبناني. ولا ترنّح لبنان لحدث,train_019633,../data/muharaf_prepared_resized/train/train_019633.png,Valid but hard,,ما مهّ لن في صاب، اتازه لنقد البطريرك الليان. ولا تم لنا ث,2025-11-28T10:42:45
0.2987012987012987,وسَحبت من اجفون الغرام خيال                           بلون الدهب صبغت جناحاتو,train_006689,../data/muharaf_prepared_resized/train/train_006689.png,Valid but hard,,وسَحبت من اجفون الغرام خيال                                       لبل بلبه البها صاتو,2025-11-28T10:42:46
0.2985074626865671,منظراً وأَتقنُ شغلاً ولكن يا لسَوء َالحظِّ ممّا حدثَ مع جناب الشقيق,train_011905,../data/muharaf_prepared_resized/train/train_011905.png,Valid but hard,,نظراً وَ قلاً وك يالسَر الحظِ ما حدَ مع ناب الشقين,2025-11-28T10:42:47
0.2985074626865671,وقد تختلف العروض، والجوهر واحد لا يتغير، فلتخرسِ أَلسنةُ المرجفين !,train_019690,../data/muharaf_prepared_resized/train/train_019690.png,Valid but hard,,ند تلف العروض . والجوهر واحد له يتقير، فلتحرس الَفرة المجوينة,2025-11-28T10:42:48
0.2985074626865671,وان تكونوا قد بلغتم المقر البطريركى الشتوى مع صاحب الغبطة ايده الله,train_005238,../data/muharaf_prepared_resized/train/train_005238.png,Valid but hard,,انكن كون فر بلتكم الفر البطريرك التنورى مع حاب الفبطة ابده الله,2025-11-28T10:42:49
0.2982456140350877,مع عائلته. وان حضرة الخوري اسْقف افادكم بنوع مجهول ومضمون,train_010219,../data/muharaf_prepared_resized/train/train_010219.png,Valid but hard,,عالت. وان حضرة الخوري اشفق ادتكم بسوع لروسل وضمون,2025-11-28T10:42:51
0.2982456140350877,ايضاً حول وحولنا لم يكن الا مجرى فريب من ساعة ١٢ وهدر ...,train_015085,../data/muharaf_prepared_resized/train/train_015085.png,Valid but hard,,يضا هول وحولنا لم ي الو عرب فر عو ساعة ١ وهدر م,2025-11-28T10:43:00
0.2980769230769231,"فعندئذ نصحه وارجعه الى رومية (الجمله المسطره ""طرد الاخ برنردوس"" كنت محيتها ووضعت فوقها ""الامور"" فيظهر من",train_005721,../data/muharaf_prepared_resized/train/train_005721.png,Valid but hard,,"فقد  ووه الاجعة امرمة الجله المسطره طرد الاخ برزدوس،"" كنت حيها وصعت فوقوها الاور فظهر من",2025-11-28T10:43:03
0.2978723404255319,تقريبًأ وسوق صغير ودكاكين نحو ٣٠ زنارين وعطارين,train_015091,../data/muharaf_prepared_resized/train/train_015091.png,Valid but hard,,غقرينا وسوق صغير وكالكين نحق ٠ رن وطرين,2025-11-28T10:43:05
0.2978723404255319,نحو مجيدي اجت خان .... كان اسير... كلموه وبعدما,train_015185,../data/muharaf_prepared_resized/train/train_015185.png,Valid but hard,,نحن مجيدي اج خان و. خفي كان اسرت وكلموه وبعم,2025-11-28T10:43:10
0.2978723404255319,٢٠٠١ خلال مهرجان الزجل اللبناني في برجا ٢٠ تموز,train_012376,../data/muharaf_prepared_resized/train/train_012376.png,Valid but hard,,٢٠٠ خلاق مهرجان المزجل نا يس في برجا ٠ المورة,2025-11-28T10:43:13
0.2976190476190476,من والده ومن محبه بنت عمه سَركيسَ فيلتمسَ احالة عرضه للمحكمة لتجلب المدعى عليه وتحكم عليه له بملكه النصيب المسَطر وبرفع يده عنه الخ فطلب الفريقين بالصورة القانونية فحضر,train_016114,../data/muharaf_prepared_resized/train/train_016114.png,Valid but hard,,منه امه مه يه بره رسَ سل الحضة عله لمحلمة لتبل المدعى عليه وتحكم عيه له ملكه النصب المسَط ورفي بده عنه هذ فطب المرين بالصورة القانوية حضير,2025-11-28T10:43:15
0.2974683544303797,ووجبت عليهما رسَومات المحاكمة البالغة خمسَة قروش وتبلغ هذا الحكم للمدعى والوكيل المسَخر بتاريخ ٨ صفر سنة ٣٠٥ وفى ١٤ ت١ سنة ٣٠٣ ولاجله تحرر هذا الاعلام نسَختين,train_016010,../data/muharaf_prepared_resized/train/train_016010.png,Valid but hard,,ودجيت عليها رسما الحكمة الباغة خسة فروش وتبلغ هذا الحكم للمدعى والوكيل المسَمة باريخ ر نة٣٠٥ وفى٢ ٣٠ ول حر ارا الا اسَحين,2025-11-28T10:43:17
0.2972972972972973,متمتّعاً برخاءِ العيشِ وهنائهِ .. إنّي أَبذلُ جهدي لعلَّ الوقتَ يَسنحُ لنا,train_011895,../data/muharaf_prepared_resized/train/train_011895.png,Valid but hard,,متعاً برخاٍ العبي وهنائهِ – - إيّ أبذل جدي لعلة الوقتَ سَعح لنا,2025-11-28T10:43:19
0.2972972972972973,في القصر بغَزْنَه (١) عاصمة افغانساتن,train_003221,../data/muharaf_prepared_resized/train/train_003221.png,Valid but hard,,"في القصر بَزنه "" عاحة افا سان",2025-11-28T10:43:34
0.2972972972972973,وجئت الى نورث وين ومن بطلب إذ علمت ان,train_001404,../data/muharaf_prepared_resized/train/train_001404.png,Valid but hard,,وجئت الىلارق وين يطلب اذ علمه ان,2025-11-28T10:43:36
0.2972972972972973,التجارة قد الجهد قدرت ان احصل عليه من,train_020954,../data/muharaf_prepared_resized/train/train_020954.png,Valid but hard,,تجارة ر الجهد حتى قدرت ان احصل عليه,2025-11-28T10:43:38
0.2972972972972973,وبعدني كابسَ على جرحي الوجيع                    وعيني على درب الامال بدلها,train_006746,../data/muharaf_prepared_resized/train/train_006746.png,Valid but hard,,وبعدني كابسَ على جرحي الوجيع                                 عي عين عل الا الادلها,2025-11-28T10:43:40
0.2972972972972973,ي. م. ي. رسالة في ١١ كانون الاول ١٩٥٩,train_000020,../data/muharaf_prepared_resized/train/train_000020.png,Valid but hard,,اي. رسالة في ١١ كلون الاول ٩٧,2025-11-28T10:43:45
0.2972972972972973,قصيدة غزلية عنوانها   .   .   .   ليك,train_007329,../data/muharaf_prepared_resized/train/train_007329.png,Valid but hard,,قصيدة غزلية عنوانها . . يك,2025-11-28T10:43:46
0.2972972972972973,تجاوب عليه بكتاب سليم ضاهر ومخول جروج,train_009323,../data/muharaf_prepared_resized/train/train_009323.png,Valid but hard,,جاجب عليه كن بيلم فاهر وخول جوج,2025-11-28T10:43:49
0.296875,وهلال سَعدي عاجناح الليل ماع         قبل ما شفتو قبال عيني اكتمل,train_006704,../data/muharaf_prepared_resized/train/train_006704.png,Valid but hard,,وملال سَعدي عاجناح الليل ماع                ق  اي اي متل,2025-11-28T10:43:51
0.2967032967032967,لا يكون لك ادنى فكر. الجميع من هنا بخير يهدونكم ولمن ذكر اذكى التحيات. وبالختام اقبل وجناتك,train_018660,../data/muharaf_prepared_resized/train/train_018660.png,Valid but hard,,لي ك كل افن فكر الجميع عن هنا بخير بهدكم ولمنذكر اذك الحات والقام بلت وبجابتك,2025-11-28T10:43:53
0.2962962962962963,ايها السَيد الجليل والراعي النبيل ماري اسَطفانوسَ عواد الكلى الشرف والفايق الاحترام ادام سَمو رىاسَته للدوام,train_009022,../data/muharaf_prepared_resized/train/train_009022.png,Valid but hard,,ايها السيد الجل والري اليل ماري اسطاوس عواد الكل الشرف والاتا والاترام ام م  وام,2025-11-28T10:43:54
0.2962962962962963,اخذناهم على الحمص حيث كانت الحمص طيبة ولطيفة مبلطة ...,train_015171,../data/muharaf_prepared_resized/train/train_015171.png,Valid but hard,,اخدناهم على المام حيث كانت الحمام طيبنه ويطفه مبلطه,2025-11-28T10:43:55
0.2962962962962963,عرفه وعاشره وسَمع عنه فتياً لهذهِ الدنيا الخائنة وتباً لنعيمها فلا حياة فيها ايها,train_004440,../data/muharaf_prepared_resized/train/train_004440.png,Valid but hard,,عروفه اسه وعن غيا لهنه الدنا الخائنة وتباً لزنعيها فلحاية فيا ايها,2025-11-28T10:43:57
0.2962962962962963,انا اذا كنت ما رجعت اليوم على الحارك لطرابلس لاعطي الهديه لصاحبها الشيخ نعمة الله,train_010556,../data/muharaf_prepared_resized/train/train_010556.png,Valid but hard,,اما اذا كنت مار جت ليم على الحارك لطرابسن اطي المدية باها الشر ام ل,2025-11-28T10:43:58
0.2962962962962963,هنا العروسان بخير يسلمون على الجميع ودمتم        ولدكم,train_018987,../data/muharaf_prepared_resized/train/train_018987.png,Valid but hard,,منا الفرسان بخير ليسمون على الجيع ودم لدكم,2025-11-28T10:44:02
0.296,فيصير الجملة ززوج عدد ١٠٠ وطبق المطلوب وهذا ونختم هذه الاسطر بصرعة لان ... تسافر الآن مع الابنة نحرركم خلافًأ ايضًا الى بيروت,train_014975,../data/muharaf_prepared_resized/train/train_014975.png,Valid but hard,,فيصر الحمل زوج ٠ طبق المطلوب هذا ونحتم هذه الاسط لرع لا ن صيوسط تشار الآن ومع الآكن حر كم خلافن اضينا الى يروت,2025-11-28T10:44:03
0.2959183673469387,حصل فرق ما بين الطلمبة والكيلة اربع ليترات وربع اما الزيادة بالسعر المبيع بلغت مائتين وخمسين غرشاً,train_013791,../data/muharaf_prepared_resized/train/train_013791.png,Valid but hard,,حل قان يامن الطية والية اري ليزات تديع اما الزيدة بالسعه المبيع بلت ماين ومين منرشاً,2025-11-28T10:44:04
0.2954545454545454,وفياتو تحت ديالو                                                      عا خد الدنيا شامات,train_007322,../data/muharaf_prepared_resized/train/train_007322.png,Valid but hard,,ول                                                         ا سات,2025-11-28T10:44:05
0.2954545454545454,طنوس عبدو                    الخورى بطرس حسن,train_009015,../data/muharaf_prepared_resized/train/train_009015.png,Valid but hard,,طنوسي عبدور                        ى ىىرس,2025-11-28T10:44:21
0.2949640287769784,بتاريخ ١٧ ت٢ /٣٠٣ وبودر الى روية الدعوى وجاهاً وبعد تلاوة اسَتدعا المدعيين واكتفايهما به ابرزا سندين بالقيمة المحررة من امضا اسَطفان وولديه,train_016219,../data/muharaf_prepared_resized/train/train_016219.png,Valid but hard,,بتاريخ ٣٠ وبر الى وجية الدعى وجاهاً وبعد تلادة اسَتدعا المدعين واكفا با باراَ سَدين الية المحرة مض ما سا دي,2025-11-28T10:44:29
0.2948717948717949,نهيب بغلة حبيب جروج قسطون فى المكان ذاته والوقت ذاتة بحضور شفيق اوصا شمس الدين,train_008600,../data/muharaf_prepared_resized/train/train_008600.png,Valid but hard,,هب بغلة حجيب روح قصوق في المان زاته والاقت ات تحور شيف فا اس الدين,2025-11-28T10:44:30
0.2941176470588235,وفكرتو من الف هم مضعضعا                                  وبيمطرح البيدسَ جسَمو بيوجعو,train_006821,../data/muharaf_prepared_resized/train/train_006821.png,Valid but hard,,ومقكرتو من القهم مضعا                                         م ي يسيم سَم مجعو,2025-11-28T10:44:31
0.2941176470588235,انه لمن حق كل مواطن ان يبدي رأيه في الشؤون العامة ؛,train_006184,../data/muharaf_prepared_resized/train/train_006184.png,Valid but hard,,ق مل امواظن ان يبدي رأيه في الشؤون العاقة,2025-11-28T10:44:41
0.2941176470588235,وذلك في ٢٧/ ٨/ ٧٠,train_009140,../data/muharaf_prepared_resized/train/train_009140.png,Valid but hard,,وذلك في ٧//٧,2025-11-28T10:44:47
0.2941176470588235,الخوري يوسف الحاج,train_010056,../data/muharaf_prepared_resized/train/train_010056.png,Irrelevant / signature,,الخوري يوسف ن,2025-11-28T10:45:36
0.2941176470588235,عليها عربون تقدير ومحبة للشاعر والصحافي ميشال قهوجي,train_012391,../data/muharaf_prepared_resized/train/train_012391.png,Valid but hard,,عريومه تقدير ومحبة للشاعر والصحفي ميشل لهد,2025-11-28T10:45:39
0.2941176470588235,لم اسمع ولم أرى تونتر الحبيبة زكيه,train_020588,../data/muharaf_prepared_resized/train/train_020588.png,Valid but hard,,ولم اسع ولم ارى تكوتوتير الحية زكية,2025-11-28T10:45:40
0.2941176470588235,يوم الخميسً المنصرم. وتصف لي كم هي enjoying herself,train_002590,../data/muharaf_prepared_resized/train/train_002590.png,Valid but hard,,يوم الخيسَ المنصرم. وتصف ي كم هي o ehre,2025-11-28T10:45:42
0.2941176470588235,بنا وقال ان في ال... وكتب تحرير من,train_015174,../data/muharaf_prepared_resized/train/train_015174.png,Valid but hard,,بنا وقال اني مح الخور.... ولك تحرير من,2025-11-28T10:45:46
0.2941176470588235,نمرو ٦٦ ستة وستين,train_015415,../data/muharaf_prepared_resized/train/train_015415.png,Valid but hard,,و ٦ سنة وستين,2025-11-28T10:45:51
0.2941176470588235,مركب البحر سَاري                                                   وجاب منعاك الدياري,train_007167,../data/muharaf_prepared_resized/train/train_007167.png,Valid but hard,,كل                                                    و ن اي,2025-11-28T10:45:57
0.2941176470588235,فلم يحضر ولهذا طلب الاول الحكم عليه برد اعتراضه وتضمينه العطل والضرر,train_016210,../data/muharaf_prepared_resized/train/train_016210.png,Valid but hard,,فلم يحضر ها طب الاو احكم على بدا اعراه وخضيهة والطل والطره,2025-11-28T10:46:00
0.2941176470588235,ولد سيادتم ولد سَياكم الحورى ىوسَف,train_008546,../data/muharaf_prepared_resized/train/train_008546.png,Valid but hard,,ولد سادسم ولدسيان الحورس يوصف,2025-11-28T10:46:03
0.2934782608695652,٥ قواص وقتل حصان الياس غصن فى اراضي قرية عندقة كان مستأجره وراكبه شفيق اوصا شمس الدين من حمص,train_008621,../data/muharaf_prepared_resized/train/train_008621.png,Valid but hard,,قواق وتصقل حان الاس خض فى الرضي قرية عندتة كان مستأجه ورا لره شقيق اصا شمله دين من مص ل,2025-11-28T10:46:05
0.2932330827067669,وبلزوم الفريقين قسَمة القطعتين المرقومتين تكراراً وفق للمادة ال١٢من نظامنامه جبل لبنان حكماً وجاهياً غير قابل الاستئناف تبلغ للفريقين,train_016301,../data/muharaf_prepared_resized/train/train_016301.png,Valid but hard,,وبالتروم القين قسَة القطبين المروتين تكاراً وقا لتلمادة ال١ من فظا مام جبل بيان حكماً وجاها فير فيل الاستات ل وفين,2025-11-28T10:46:09
0.293103448275862,"من ذلك الحين وابتداء يلقبونه ""بكاتم الاسرار"" وفى سنة ما اراد الريس ان يعملني راعيا على التلاميذ فاخذوا يقولو "" ياخيّ",train_005679,../data/muharaf_prepared_resized/train/train_005679.png,Valid but hard,,فن ك لين واتا يوق والكم المراء، وفى سَ ما اراد الريس ان يعملن راعيا على التلادي فخذاي قلو اخيّ,2025-11-28T10:46:14
0.2929936305732484,ووجب عليه رسَوم المحاكمة حكماً وجاهياً قابلاً للتمييز غير قابل الاسَتئناف تبلغ الطرفين بتاريخ ١٤ ربيع اول / ٣٠٥ وفى ١٧ ت٢/ ٣٠٣ ولاجله تحرر هذا الاعلام نسختين,train_016226,../data/muharaf_prepared_resized/train/train_016226.png,Valid but hard,,وجبت عليه سوم المحاكمة كماً وجهاًقبلاً التميزغير قايل الاسَتناف تبلغ للطرقين بتاريخ ١ اربيع اول س٣٥ فى١ ٣٠ والح حر ا الا ح,2025-11-28T10:46:16
0.2929292929292929,لو صار تراب الارض فرسَان ونصال                                        شو هم طير الباز من كتر الحجال,train_006858,../data/muharaf_prepared_resized/train/train_006858.png,Valid but hard,,لوصار تراب الالض ض سا ت                                          ر ني را الجال,2025-11-28T10:46:19
0.2926829268292683,البروجكتور projecteur المختص بآلة التصوير وقد وصلت الى بعبدا من نهار الجمعه الفائت,train_010567,../data/muharaf_prepared_resized/train/train_010567.png,Valid but hard,,البر جكتر necere المخص بآلة التصوري وقد وله الى عيا من نهر الري الاقت,2025-11-28T10:46:27
0.2926829268292683,أأبسم والبأساء في كل موضعٍ                             وحق اليتامى ملك باعٍ مذبذبِ,train_004097,../data/muharaf_prepared_resized/train/train_004097.png,Valid but hard,,أبسم والسشاء يكل موضع                                   ا الا ال ا ذبِ,2025-11-28T10:46:31
0.2926829268292683,الغربية -         ⸗       الاربعين شهيداً,train_009478,../data/muharaf_prepared_resized/train/train_009478.png,Valid but hard,,الغ             الاربعين شهيدًا,2025-11-28T10:46:32
0.2926829268292683,وصول الوابور الى يافا فطلعنا هناك الى ...,train_015237,../data/muharaf_prepared_resized/train/train_015237.png,Valid but hard,,ل الوابوز الى ياقا فطلعنا هناك الى البوسط. ..,2025-11-28T10:46:33
0.2923076923076923,ان قلتلها تايه بولد شر                           وجايز ع غفلي تجن,train_006791,../data/muharaf_prepared_resized/train/train_006791.png,Valid but hard,,ان قلها تايه بولد شر                                         يجيجا جن,2025-11-28T10:46:35
0.2921348314606741,وثمن المواد وكل لوازم العمل تقدم لرئيس اللجنة بحضور او معظمها للمصادقة عليها وتحويلها الى,train_009903,../data/muharaf_prepared_resized/train/train_009903.png,Valid but hard,,وثمن الموادً وكل لوازم العمل تقدم لرئيس اللجنة للو ا مه لها وحويه و اى,2025-11-28T10:46:36
0.2921348314606741,في اول مارت من كل سنه تتألف لجنه من رئيس محكمة الجزاء ومن المدعى العام لدى محكمة البدائية,train_015670,../data/muharaf_prepared_resized/train/train_015670.png,Valid but hard,,اي ا را من مل سنة تال حنه من رئيس محكمة الجزاء ومن المعى علدى ممكم م الية,2025-11-28T10:46:37
0.291970802919708,للبايعة وملكها ومتصل اليها بالارث عن شقيقها جبرايل المتوفي من مدة اربعة عشر سنة تقريباُ والمبيع هو خمسَة قراريط شايعة من اصل اربعة وعشرون,train_015945,../data/muharaf_prepared_resized/train/train_015945.png,Valid but hard,,ب ة له وكلا الها ارات عشن شيا جريل المتوفي من مدة اربعة عشر سنة تقريباً والمبيع و حمسَة قراي شاة من ا ال واشو,2025-11-28T10:46:39
0.2916666666666667,ونقعد على ركاب النجم نحكي                         والعتم صندوقة سَرايرنا,train_007027,../data/muharaf_prepared_resized/train/train_007027.png,Valid but hard,,ونقعد لى كاب النجم نحكي                                    و الو اسَم يَيرنا,2025-11-28T10:46:43
0.2916666666666667,عن صيدا فى ١٥ ايار /١٩٣٣,train_019072,../data/muharaf_prepared_resized/train/train_019072.png,Valid but hard,,عن صيدا ٤ ايار ١٩٣١,2025-11-28T10:46:48
0.2916666666666667,ولو راد مرا الهجر يطعنا                                               ومسَلت فكار وبينحسَب مجنوح,train_007055,../data/muharaf_prepared_resized/train/train_007055.png,Valid but hard,,ولورادور الهرا                                                  ك كم م منوح,2025-11-28T10:46:51
0.2916666666666667,وذلك بتاريخ ١٤ / ٧/ ٩٦٤.,train_009160,../data/muharaf_prepared_resized/train/train_009160.png,Valid but hard,,وذلك تاريخ ١٤ /٧/,2025-11-28T10:46:55
0.2913907284768212,يوم ٦ مع اجرة المركوب ثمان ليرات انكليزية الجمله وثمانية وثمانين اجرة عن جلسَتين فى ١٦ ت٢ و١٨ منه ٣٠٣ ٤٠ عن كل يوم عشرين قرشاً فيكون جملة المطلوب اربعة,train_016322,../data/muharaf_prepared_resized/train/train_016322.png,Valid but hard,,ويم مى اجرة المكويب من برات اكلبية الجله وثمانية ثماني اجرة عن جلسَي فى ١ ت و١ من ٣٠ ٣ وكلي يوم عي شاً كون جيلة الطور بالرابعة,2025-11-28T10:46:59
0.2913907284768212,ومخايل فقط بثلاثة ريالات مجيدى اجرة الوكيل المسَخر وذلك سَنداً على المادتين الـ١٣٤ والـ١٤٦ من قانون المحاكمات الحقوقية حكماً وجاهياً بحق دومينا الحاضرة,train_016027,../data/muharaf_prepared_resized/train/train_016027.png,Valid but hard,,ومايل ال بثاة باية جد اجر الكيل المسَخر وذلك سَنداً على المادين الـ١٤١ والـ١ من تقون المحكات القوقية وحاً وحاً وحيا و الحرة,2025-11-28T10:47:01
0.2912621359223301,لكم من الصحة والعافية. أنا بحمده تعالى ورضاكم مع ابنة عمي ولدكم أدما وولدي جوزف بالصحة التامة التي نرغب,train_017965,../data/muharaf_prepared_resized/train/train_017965.png,Valid but hard,,لكم كم الصاعة والاية بانا بحدة تعلى ورضاكم مع انية عي ولكم ادما ولي جزن الاصحة الاية الني ي,2025-11-28T10:47:02
0.2911392405063291,المذكور للمدعى بموجب السَند المحرر وان يوضع شهادته فيه وتاجل استماع بقية الشهود الى يوم الاربعا فى ١٨ تشرين سنة ٣٠٣ وفيه حضر وكيل المدعى والوكيل المسَخر واحضر,train_016288,../data/muharaf_prepared_resized/train/train_016288.png,Valid but hard,,المذكور العى بجوب السند المحر وان بضع شهادته فيه رتاجل اسَتع بقية الشهود الى يوم الاربعا ى تريشس ٣٠ وض ري ع العيى المي المَم اخر,2025-11-28T10:47:03
0.2911392405063291,دبحت القمر والشمس عا ركاب الغيوم                    وشلحتهم عالارض زعزعت التخوم,train_006771,../data/muharaf_prepared_resized/train/train_006771.png,Valid but hard,,وبحت الفمر والشمس عا ركاب النيوم               تت الا الا الا لخوم,2025-11-28T10:47:05
0.2909090909090909,مطلع جناب الأخ الاجل الافخم الخواجا يوسف اوساني المحترم,train_014922,../data/muharaf_prepared_resized/train/train_014922.png,Valid but hard,,ا  الا اليدالفخم الخواجا يوسف اوسافي المحترم,2025-11-28T10:47:09
0.2909090909090909,لو انو الناس بالكلمه بتقنع     بدل هالمدفع اللي مسلطينو,train_007698,../data/muharaf_prepared_resized/train/train_007698.png,Valid but hard,,لوانو الناس باكمل بتقع     بده لافقع ال ومطينو,2025-11-28T10:47:11
0.2906976744186046,ودمعك بيجري يا ترا بتكفكفيه                              تاشوف سَن الدهر يا وجه الصبوح,train_006657,../data/muharaf_prepared_resized/train/train_006657.png,Valid but hard,,ودمعك بيجريد ياثرا بتكفيه                                      شا شَا اله ا لوح,2025-11-28T10:47:18
0.2903225806451613,//٤٠٠٠٠٠٠.٠٠// فقط أربعة ملايين ليرة لبنانية و٣٦٧٥.٠٠ $، ثلاثة,train_009847,../data/muharaf_prepared_resized/train/train_009847.png,Valid but hard,,٠/ فقط أربعة ملايين ليرة لبنانية و٣٠ $ ثلاثة,2025-11-28T10:47:19
0.2903225806451613,بيروت السبت في ١٧ ايار سنة ١٩٣٠,train_018956,../data/muharaf_prepared_resized/train/train_018956.png,Valid but hard,,بيروت الستجبك في ١٧ بارسنة ١,2025-11-28T10:47:22
0.2903225806451613,وسائل العيش وادنى وسائل الدفاع.,train_006337,../data/muharaf_prepared_resized/train/train_006337.png,Valid but hard,,وساثل الله وادتي وسائل الرقاع,2025-11-28T10:47:26
0.2903225806451613,كسّر نبيُّ العرب الأصنام وقوَّض,train_019472,../data/muharaf_prepared_resized/train/train_019472.png,Valid but hard,,كشَرنيُّ العرب الأحتام وقوصى,2025-11-28T10:47:48
0.2903225806451613,وكلما ذوبت شعري عالورق                                              اسَمك بيطلع من شفاف القلم,train_007358,../data/muharaf_prepared_resized/train/train_007358.png,Valid but hard,,وكلما و شعر                                              س َ َ القلم,2025-11-28T10:47:50
0.29,قلبي خسَرتو وانقطع منو الامل                                           حسَني بوجه الحب تا اخبر خاطري,train_006822,../data/muharaf_prepared_resized/train/train_006822.png,Valid but hard,,قبيس خرو اقطعل مو ا ا                                            سَح جا با خاري,2025-11-28T10:47:51
0.2899408284023668,بتاريخ ١٨ اغوسَتوس ٣٠٣ احيل لهذه المحكمة استدعا مقدم من الخورى جرجس افرنجيه العثمانى من اهدن حاصله انه تبلغ قراراً من هذه المحكمة معلقاً على استدعا متقدم من الخورى منصور,train_016360,../data/muharaf_prepared_resized/train/train_016360.png,Valid but hard,,بتاريخن وسن س٣٠ ل الهذه المحكمة استدا امقد من الخرى جرسَ اريه الثانا من اهدن حال ان تبلغ قراً من هذه الحمة معاً على الستد عمدم المى المضور مخور,2025-11-28T10:47:54
0.2894736842105263,١٩٣٢ اشتغلت في الطباعة واصبحت عضواً في,train_012358,../data/muharaf_prepared_resized/train/train_012358.png,Valid but hard,,١٩٢ اشتنغالتني الطباعة واصبح عدر حراً في,2025-11-28T10:47:56
0.2894736842105263,فلسَطين عن مدينة جنين في ٢٢ شباط / ٩٣٤,train_005959,../data/muharaf_prepared_resized/train/train_005959.png,Valid but hard,,طين عن موتنه جنين في ٢ شبا س ٩٣١,2025-11-28T10:48:00
0.2894736842105263,العاشق وصل وحدو على حد الجنون                      تعبان من حالو ولو صبح اثر,train_007286,../data/muharaf_prepared_resized/train/train_007286.png,Valid but hard,,العاشق وصل وحدو على حد الجنون                                     عن ن لا وا حار,2025-11-28T10:48:01
0.2894736842105263,الله خلال هذا العام ٢٠٠٢ وصدور  الخامس,train_012365,../data/muharaf_prepared_resized/train/train_012365.png,Valid but hard,,الله خاصل هذا العتام ٢٠ وصدور المحتاس.,2025-11-28T10:48:08
0.2894736842105263,إنّ سَوءَ الحظِ وتعاسَته قد حرماني لذّة َمشاهدتكم فما كانَ أَشدَّ اسفي لانني,train_011900,../data/muharaf_prepared_resized/train/train_011900.png,Valid but hard,,ّ سَوا الحر ولاسَه قد حراني لذنًّ مشاهدتكم فما كانَ سَ اسَلي اني,2025-11-28T10:48:10
0.2894736842105263,السفر راسًا الى الاسكندرون  وان يحوّلأ ٤٠ ... لنا ورد تحرير من كتابك الثماني ... وفيه يقول ان نبلغ ٤٠ ... حضرة تحت,train_014961,../data/muharaf_prepared_resized/train/train_014961.png,Valid but hard,,بالبعر راسً لى الاسكندرون وان ح . لنا. ورد تحرير من البابك الثماني ماكم وله يقوال ان مبلغ .٠ حضرة تحت,2025-11-28T10:48:11
0.2894736842105263,عدد ١٢٥ لدى التروى في ضبطنا من المحاكمة وسائر اوراق الدعوى المتفرعة لم يقم دلائل ولا امارات كافيه على ان يوسف فارس,train_015566,../data/muharaf_prepared_resized/train/train_015566.png,Valid but hard,,عد ١٢ لدى الى فى بطنا من المحاكمة وسائر اوراق المدعوى المتفرعة لم يم وال لا ا عان الن ى  س,2025-11-28T10:48:12
0.2894736842105263,فرنجيه من اهدن وغب حلفه اليمين شهد ان القطعه المرقومة وحددها هي بيد الخورى جرجسَ فرنجيه من ثمان سَنوات وشاهداً هو مخايل الخورى حنا العم من اهدن وغب حلفه,train_016359,../data/muharaf_prepared_resized/train/train_016359.png,Valid but hard,,من نجه من اهدن وغب صلفه الين شهد ان القطعة المرقومة وحدها هى بيد الخورى جرجسَ فرجه من سواً وشهاً ما الخى الخى الم ان ااد له,2025-11-28T10:49:58
0.2891566265060241,قضيت العمر طايف على السَهل الوسَيع                      وتزرد على عنقي الامور وحلها,train_006744,../data/muharaf_prepared_resized/train/train_006744.png,Valid but hard,,قضيت العمر طايف على الَهل الوسَيع                                 تت عى علعل الو الصلها,2025-11-28T10:50:02
0.2888888888888888,فوقف المركب هناك نحو ساعة ٢ استلم ... حمل ...,train_015197,../data/muharaf_prepared_resized/train/train_015197.png,Valid but hard,,فوقف المركب هناك حو سعة استلم و..,2025-11-28T10:50:10
0.2888888888888888,بجانبها هي طريق عربات عامة ومختصة بالبلدية اما القرار رقم ١٢ تاريخ ٦ ت١ الماضي الذي اتخذته,train_013665,../data/muharaf_prepared_resized/train/train_013665.png,Valid but hard,,بجانها هي طراي عغربان عامة ومخسَعة بالدية ايا القرار قم ٢٣ تريخ ٩ ٩ الاي الي ا,2025-11-28T10:50:12
0.2887323943661972,بتاريخ ١٨ تشرين اول ٣٠٣ احيل لهذه المحكمة اسَتدعا مقدم من مرون ولطيفه بنتى جرجسَ شديد من مزرعة بيت ابي صعب حاصله ان يوسَف طنوس طربيه من تنورين,train_016257,../data/muharaf_prepared_resized/train/train_016257.png,Valid but hard,,بتاريخ ٨ ن  ن ٣ ليل هذه المحكمة اسَتدعا مقدم ن مرون ولطية بنى جسَ شديد من زعة بت ايى صلب حصله ن اوسة سَوسَ ط م روين,2025-11-28T10:50:13
0.2884615384615384,وعناقيد الغضب تنزل وتفقع     بشيخ وطفل ما كملت سنيىو,train_007697,../data/muharaf_prepared_resized/train/train_007697.png,Valid but hard,,وعنا قيد الضيب تنالر فق      بشخ وطل ما مت ينو,2025-11-28T10:50:14
0.288135593220339,ويثيرون الفتن، تحقيقاً لمآربهم الخاصة، ولمآرب دولهم العامه،,train_000804,../data/muharaf_prepared_resized/train/train_000804.png,Valid but hard,,وبرون الفن، تحقيا لماربه الخصاة والمور والم العامه،,2025-11-28T10:50:19
0.288135593220339,والذي فيها لا تقبل أولاد أولاد حقار أولاد الشيخ محمد فوجدنا,train_020520,../data/muharaf_prepared_resized/train/train_020520.png,Valid but hard,,والذي فيها لا تقبل اولاد صفا وا ولا الشيح محد قلون,2025-11-28T10:50:20
0.2878787878787879,فيستميلهم اليه، ويقنعهم بوجوب التقيد للقانون، وبما في ذلك من الخير,train_001144,../data/muharaf_prepared_resized/train/train_001144.png,Valid but hard,,سيلهم الي، ويقهم بجوب النفيد الفانو، ويمان فذك من اخير,2025-11-28T10:50:22
0.2878787878787879,"طلع لي ورقة يانصيب بالف او بخمسين الف ليرة فانك تقولين ايضا ""شرحه""",train_010443,../data/muharaf_prepared_resized/train/train_010443.png,Valid but hard,,طلع علي رقة بانيب بلغ اد نجمين الفغايره فاك تقولن ايضاً اشرحة,2025-11-28T10:50:51
0.2878787878787879,سَداد مطلوبه عرفونا ماذا تم بذلك محمد علي قبيل بلغنا من علي سَعفان,train_011726,../data/muharaf_prepared_resized/train/train_011726.png,Valid but hard,,سَدار ومطلوبه عرفنت ماذا ثم بذلك حم يك قبل بنا زعلي سَعوني,2025-11-28T10:50:52
0.2878787878787879,أأبسم والتاريخ في شفق العلى           يسيل دماً كالشلو نيط بمخلب ؟,train_004100,../data/muharaf_prepared_resized/train/train_004100.png,Valid but hard,,أبسم والتاريخ في شفق العلى            ييا ال  خب؟,2025-11-28T10:50:54
0.2878787878787879,ال١٥٧ وال١٥٨ من قانون المحاكمات الحقوقية وشرع بروية مادة الاعتراض وجاهياً تلى كاتب الضبط ابرهيم افندى العلم اورق الدعوى فتبين من قبل,train_016293,../data/muharaf_prepared_resized/train/train_016293.png,Valid but hard,,٥ ٥ وال من انان والمحاتات الحوقية وشع برية مادة الاعراض وجاجياً تلى كاتب الط اريم عن الم الدوق الدو من من ال,2025-11-28T10:50:55
0.2875816993464052,كل من المدعين موكلى الشيخ مخايل نصيبه منها بحسَب الفريضة الشرعية على الوجه الاتى لجرجس شيت الخورى قيرطان وعشر حبات ولحبيب وحنا وبشاره اولاد الخورى يوسَف+,train_016244,../data/muharaf_prepared_resized/train/train_016244.png,Valid but hard,,كمن المامن المدعيى عكن الشخي خايل نصيه ها بسَب الفريضة الشرعية على الوجه الانى لرجَ شبت الخورى فران عربا ولي وبا بشه والاور الخورى يوسف,2025-11-28T10:50:56
0.2875,مقدار ماية وثمانون غرشا  لبنانياً ولما كان يوجد من يملكون في بلدتنا مقدار ثمانية,train_014166,../data/muharaf_prepared_resized/train/train_014166.png,Valid but hard,,يقدار ماية وثمانون رن لبنابة ولما كان يوخدف عليكو في بلدتا معد ارنانية,2025-11-28T10:50:57
0.2872340425531915,يلمنا لولا تفشلقنا                                                      وبالنور والرهجي مطوقنا,train_007244,../data/muharaf_prepared_resized/train/train_007244.png,Valid but hard,,بي                                                                 ولو الور ول طقنا,2025-11-28T10:50:58
0.2871287128712871,كنايس فى رومية يوم جمعة الحزينة اعترض غير قدر المشي معلناً ان تلك الزيارات ليست ضرورية وتركنا فى الصف,train_005706,../data/muharaf_prepared_resized/train/train_005706.png,Valid but hard,,كاي رسى مروة وميم اعة الحزية اعر ض غير قر المشى علنا ان لك الزرات ليرت ضوية وكا فن الصف,2025-11-28T10:50:59
0.2868852459016393,حافضاً قوانيني رافقا في دروسي مطيعاً له وكلفني بان احرر له كتاباته الرسمية للبطرك والمطارين حباً باللياقه نظراً لبشاعة خطه,train_005692,../data/muharaf_prepared_resized/train/train_005692.png,Valid but hard,,حضاً قاً انين اراقاً فى ويس طيعاً له كلفني بان اجر له كتابية الرسمية بلطرك والمطارين جباً باللريف ظا لشاعه خظيه,2025-11-28T10:51:00
0.2857142857142857,كميل نصر عفيف ريمون فرحات اديب وهبه,train_012893,../data/muharaf_prepared_resized/train/train_012893.png,Valid but hard,,كيل نصر عفيف اب ريحوما فرحت امعيب وهبه,2025-11-28T10:51:01
0.2857142857142857,Conkrey,train_018433,../data/muharaf_prepared_resized/train/train_018433.png,Script mismatch (non-Arabic),,Cokry,2025-11-28T10:51:05
0.2857142857142857,وزير الداخلية عدد ٣٣٩ وبخصوص الاسَتيفأ عن المواد الملتهبة التي يتشبث بتحصيلها,train_013512,../data/muharaf_prepared_resized/train/train_013512.png,Valid but hard,,وزرير الالخة عد١٩٣ وبخصول الاستيقاأ عن المذار الملتهي التي شبت تصيها,2025-11-28T10:51:18
0.2857142857142857,ايام ..,train_010376,../data/muharaf_prepared_resized/train/train_010376.png,Valid but hard,,ايام:.,2025-11-28T10:51:22
0.2857142857142857,طرابلوس,train_016334,../data/muharaf_prepared_resized/train/train_016334.png,Valid but hard,,طربوس,2025-11-28T10:51:24
0.2857142857142857,ت٢ ١٩٢٥,train_020187,../data/muharaf_prepared_resized/train/train_020187.png,Valid but hard,,٢ ٩٢٥,2025-11-28T10:51:27
0.2857142857142857,O ffice,train_001470,../data/muharaf_prepared_resized/train/train_001470.png,Script mismatch (non-Arabic),,Ofice,2025-11-28T10:51:30
0.2857142857142857,يُقرأ. وهذا هو,train_001844,../data/muharaf_prepared_resized/train/train_001844.png,Valid but hard,,يُراً.وهذا هو,2025-11-28T10:51:34
0.2857142857142857,عدد ١٣١,train_013489,../data/muharaf_prepared_resized/train/train_013489.png,Segmentation error,,عدد ١,2025-11-28T10:51:38
0.2857142857142857,الفغالي,train_004758,../data/muharaf_prepared_resized/train/train_004758.png,Valid but hard,,الغغالى,2025-11-28T10:51:42
0.2857142857142857,MG1-367,train_011870,../data/muharaf_prepared_resized/train/train_011870.png,Script mismatch (non-Arabic),,MG-37,2025-11-28T10:51:45
0.2857142857142857,مبتسمًا,train_003206,../data/muharaf_prepared_resized/train/train_003206.png,Valid but hard,,(مبتسمًا),2025-11-28T10:51:47
0.2857142857142857,مامور فريد كرم,train_016537,../data/muharaf_prepared_resized/train/train_016537.png,Valid but hard,,ماصور وبد كرم,2025-11-28T10:51:52
0.2857142857142857,MG26-43  10/12,train_012107,../data/muharaf_prepared_resized/train/train_012107.png,Script mismatch (non-Arabic),,MG26-43/12,2025-11-28T10:51:54
0.2857142857142857,MG26-43  11/12,train_012116,../data/muharaf_prepared_resized/train/train_012116.png,Script mismatch (non-Arabic),,MG26-43/12,2025-11-28T10:51:55
0.2857142857142857,الداعين,train_005774,../data/muharaf_prepared_resized/train/train_005774.png,Valid but hard,,الراعن,2025-11-28T10:51:58
0.2857142857142857,ومدامته,train_005776,../data/muharaf_prepared_resized/train/train_005776.png,Valid but hard,,ومرمته,2025-11-28T10:52:00
0.2857142857142857,MG26-43   7/12,train_012041,../data/muharaf_prepared_resized/train/train_012041.png,Script mismatch (non-Arabic),,MG26-43/12,2025-11-28T10:52:02
0.2857142857142857,"عام اسست فرقة زجلية "" فرقة الزغلول""",train_012415,../data/muharaf_prepared_resized/train/train_012415.png,Valid but hard,,"مام أست جوه فرقة زجلية ""فرقة الزغول",2025-11-28T10:52:05
0.2857142857142857,الستمائة جنيهاً مصرياً كما ثبت لي ذلك من دفاتري .,train_019775,../data/muharaf_prepared_resized/train/train_019775.png,Valid but hard,,التمائية جنها مصرية كا ثبت لي الك منا ان بتري.,2025-11-28T10:52:06
0.2857142857142857,حضرة محافظ جبل الأفخم,train_013643,../data/muharaf_prepared_resized/train/train_013643.png,Valid but hard,,حضرة محافظ جبل لبنان الأفخم,2025-11-28T10:52:09
0.2857142857142857,صيدا ٩٣٣/١١/٢٣,train_019049,../data/muharaf_prepared_resized/train/train_019049.png,Valid but hard,,صيدا ٩٣/١٣,2025-11-28T10:52:12
0.2857142857142857,١٩٩٩ تاريخ استلم من وزارة التربية في قصر اليونسكو,train_012400,../data/muharaf_prepared_resized/train/train_012400.png,Valid but hard,,٩٩ تاريخ ستكم عن وزلة اللقرية في قشر العرسكو,2025-11-28T10:52:25
0.2857142857142857,MK2A-82,train_012574,../data/muharaf_prepared_resized/train/train_012574.png,Script mismatch (non-Arabic),,MK2A-5,2025-11-28T10:52:29
0.2857142857142857,أُحسُّ في جسدي شوقاً يعذّبني,train_004141,../data/muharaf_prepared_resized/train/train_004141.png,Valid but hard,,أجسّ في جسدي شوعاً بقدّني,2025-11-28T10:52:31
0.2857142857142857,والتجسس,train_001001,../data/muharaf_prepared_resized/train/train_001001.png,Valid but hard,,التجس,2025-11-28T10:52:35
0.2857142857142857,بدروة سَياج الدير ببقى ناطرك                         وكيف مارحت بعيوني برافقك,train_006723,../data/muharaf_prepared_resized/train/train_006723.png,Valid but hard,,بدروة سَياج الدير بيق ناطرك                                  ووك ب بر ر رياتك,2025-11-28T10:52:37
0.2857142857142857,عنكم...,train_021084,../data/muharaf_prepared_resized/train/train_021084.png,Valid but hard,,عنهم..,2025-11-28T10:52:39
0.2857142857142857,القبيات في ١٩ /١٢/ ٦٨,train_009760,../data/muharaf_prepared_resized/train/train_009760.png,Valid but hard,,القبيان في ١٦/١/٨,2025-11-28T10:52:43
0.2857142857142857,ME-21 5,train_011343,../data/muharaf_prepared_resized/train/train_011343.png,Script mismatch (non-Arabic),,ME-211,2025-11-28T10:52:46
0.2857142857142857,القلعه:,train_012480,../data/muharaf_prepared_resized/train/train_012480.png,Valid but hard,,القلاه :,2025-11-28T10:52:48
0.2857142857142857,لمنشئها,train_018975,../data/muharaf_prepared_resized/train/train_018975.png,Valid but hard,,لمنتها,2025-11-28T10:53:21
0.2857142857142857,MK2A-83,train_012593,../data/muharaf_prepared_resized/train/train_012593.png,Script mismatch (non-Arabic),,MK2A-7,2025-11-28T10:53:23
0.2857142857142857,اخوانكم,train_019163,../data/muharaf_prepared_resized/train/train_019163.png,Irrelevant / signature,,اخداتكم,2025-11-28T10:53:27
0.2857142857142857,الفغالى,train_004740,../data/muharaf_prepared_resized/train/train_004740.png,Valid but hard,,العلالى,2025-11-28T10:53:36
0.2857142857142857,جبانة و.. ورده من الاستانة رسم ولاي البصرة,train_015052,../data/muharaf_prepared_resized/train/train_015052.png,Valid but hard,,طان وتعك ورده من الاستانه ريم ولاية الر,2025-11-28T10:53:42
0.2857142857142857,الدرىىى,train_009094,../data/muharaf_prepared_resized/train/train_009094.png,Valid but hard,,الدريىس,2025-11-28T10:53:49
0.2857142857142857,أبو علي حتى وصلنا أبو علي الساعة ٥ من النهار وكان نهارًأ صحيحًا صافيًا,train_015038,../data/muharaf_prepared_resized/train/train_015038.png,Valid but hard,,وال حتى وصلنا ابوكل الساعة من النهار وكان هراً حيحا حايً,2025-11-28T10:53:51
0.2857142857142857,الفريكة,train_003184,../data/muharaf_prepared_resized/train/train_003184.png,Valid but hard,,الفرين,2025-11-28T10:53:54
0.2857142857142857,وانت أيها الأخ الحبيب ويا أيها الاب الحنون,train_020817,../data/muharaf_prepared_resized/train/train_020817.png,Valid but hard,,وانت أيها لاخ بج وجا ايها الايالحسنون,2025-11-28T10:53:55
0.2857142857142857,YFS2A-1,train_019036,../data/muharaf_prepared_resized/train/train_019036.png,Script mismatch (non-Arabic),,YFS-1,2025-11-28T10:53:58
0.2857142857142857,ME-21 7,train_011383,../data/muharaf_prepared_resized/train/train_011383.png,Script mismatch (non-Arabic),,ME-211,2025-11-28T10:53:59
0.2857142857142857,وكل مره انذبح متل القطيع                    وروحي تطير وتعود تغط محلها,train_006745,../data/muharaf_prepared_resized/train/train_006745.png,Valid but hard,,وكل مره انذبج مثل القطيع                                وور ور او حلها,2025-11-28T10:54:04
0.2857142857142857,بالشهود,train_014210,../data/muharaf_prepared_resized/train/train_014210.png,Valid but hard,,الشهد,2025-11-28T10:54:06
0.2857142857142857,لامانيّكم وزغردوا لمطالع نبوغكم ...,train_019518,../data/muharaf_prepared_resized/train/train_019518.png,Valid but hard,,لامايتكم وزغزواء لمطلح بنوغكم ..,2025-11-28T10:54:07
0.2857142857142857,YFS2A-2,train_018999,../data/muharaf_prepared_resized/train/train_018999.png,Script mismatch (non-Arabic),,YFSA-7,2025-11-28T10:54:10
0.2857142857142857,مىحاىل الدرىىى,train_009288,../data/muharaf_prepared_resized/train/train_009288.png,Valid but hard,,محامىل الدرمى,2025-11-28T10:54:14
0.2857142857142857,TB1A-19,train_018529,../data/muharaf_prepared_resized/train/train_018529.png,Script mismatch (non-Arabic),,T1A-11,2025-11-28T10:54:17
0.2857142857142857,YFS5A-9,train_019118,../data/muharaf_prepared_resized/train/train_019118.png,Script mismatch (non-Arabic),,YFSA-2,2025-11-28T10:54:19
0.2857142857142857,ME-21 4,train_011312,../data/muharaf_prepared_resized/train/train_011312.png,Script mismatch (non-Arabic),,ME-212,2025-11-28T10:54:20
0.2857142857142857,الاهدني,train_004979,../data/muharaf_prepared_resized/train/train_004979.png,Valid but hard,,الهكدني,2025-11-28T10:54:23
0.2857142857142857,(النايب العام),train_015682,../data/muharaf_prepared_resized/train/train_015682.png,Valid but hard,,(النياس العوام),2025-11-28T10:54:26
0.2857142857142857,مهاجرين,train_019164,../data/muharaf_prepared_resized/train/train_019164.png,Valid but hard,,مراجريين,2025-11-28T10:54:29
0.2857142857142857,راسَاً وبعد جمعتين من تاريخه هذا سَنرسَل لكم الدراهم على قدر مطلوبكم ام زيادة,train_010855,../data/muharaf_prepared_resized/train/train_010855.png,Valid but hard,,راً وبد عين من تاريه هذه نرسل ليكم الداهم على قر مطلوكم ميا باة,2025-11-28T10:54:31
0.2857142857142857,MK2A-76,train_012267,../data/muharaf_prepared_resized/train/train_012267.png,Script mismatch (non-Arabic),,MK2A-1,2025-11-28T10:54:33
0.2857142857142857,لاولادك,train_004995,../data/muharaf_prepared_resized/train/train_004995.png,Valid but hard,,لا وادك,2025-11-28T10:54:36
0.2857142857142857,من مواليد ١٩١٢,train_012353,../data/muharaf_prepared_resized/train/train_012353.png,Valid but hard,,حن موالير ١٩,2025-11-28T10:54:43
0.2857142857142857,"١"" سليم الضاهر",train_009337,../data/muharaf_prepared_resized/train/train_009337.png,Valid but hard,,سلم الضاهر,2025-11-28T10:54:49
0.2857142857142857,وقيس الجن قبلي بحب ليلى   جنونو ما بيفرق عن جنوني,train_007608,../data/muharaf_prepared_resized/train/train_007608.png,Valid but hard,,وقي لجن قبلي يجب بلل    جطنو ما يقر عن جنور,2025-11-28T10:54:50
0.2857142857142857,مقدار مساحتها حـه ١٢ قيراط ١,train_016452,../data/muharaf_prepared_resized/train/train_016452.png,Valid but hard,,مقدار صساحتها حـ غيرا١,2025-11-28T10:54:52
0.2857142857142857,MG1-374,train_011891,../data/muharaf_prepared_resized/train/train_011891.png,Script mismatch (non-Arabic),,MG1-33,2025-11-28T10:54:55
0.2857142857142857,بحريته واستقلاله، حامي ممر اللاجئين,train_019574,../data/muharaf_prepared_resized/train/train_019574.png,Valid but hard,,بجرية واستقلاله  خابي حم اللاجي,2025-11-28T10:54:57
0.2857142857142857,الابيض المتوسط,train_019577,../data/muharaf_prepared_resized/train/train_019577.png,Valid but hard,,الاميض الموسطيه,2025-11-28T10:54:59
0.2838709677419355,المجلة حكم باتفاق الاراء بالضرر دفع كامل المبلغ المحرر للمدعيين مع الفايدة القانونية البسَيطه من حين الاستحقاق فصاعداً عملاً بتعهده المربوط بالسَند المذكور,train_016225,../data/muharaf_prepared_resized/train/train_016225.png,Valid but hard,,المجحكمة كاة اة الا الر ارم مل المليغ المرمال لمعدعين من الفايدةالقانونية البسَطه من حين الاسَحقاق قصعدعً علاً بمه البرب بالسَ المذكور,2025-11-28T10:55:01
0.2837837837837837,الرصيد تجدونه طيه لذلك جئنا نطلب دفع الرصيد الباقي مع ناقله والسَلام عليكم,train_014171,../data/muharaf_prepared_resized/train/train_014171.png,Valid but hard,,وصيد جدوه طيه مذلك يشًا نطلب دفع الرضيد البياي اقم والسَام لكم,2025-11-28T10:55:02
0.2835820895522388,وانطانيوسَ الخوري جرجسَ واسَطفان الخورى معوض ومخايل يوسَف يمين سَئل الوكيل المسَخر عن ذلك فاجاب ناكراً ولدى المذاكره تقرر بالاتفاق طلب,train_016285,../data/muharaf_prepared_resized/train/train_016285.png,Valid but hard,,واناون الخورى جرسَ وسَطان الخورى معوض ومخالي يوسَف يمين نئل الوكيل المسَر من لك ا كراً وملى الم ارا را طا طل,2025-11-28T10:55:02
0.2830188679245283,نظرنا الجبال القريبة الى مرسيليا مع قطع ... منها بوسط,train_015265,../data/muharaf_prepared_resized/train/train_015265.png,Valid but hard,,طرنا الجبال القرين الى وسيليا مع قطع صار نا .,2025-11-28T10:55:03
0.2830188679245283,وكام رطل سكر ام ذبيحه ماعز سعر ١٣٥ ورطل قهوى ام رطلين,train_010009,../data/muharaf_prepared_resized/train/train_010009.png,Valid but hard,,وكام وطل كرام ذليه ما غر ع٢ وطل قوى ام رلين,2025-11-28T10:55:05
0.2828282828282828,المتفرقة ويهتمون بمصالحنا العموميَّه وينهضون بنا حتى اذا سرنا ولو خطوة واحدة في طربق النجاح والوفاق,train_009375,../data/muharaf_prepared_resized/train/train_009375.png,Valid but hard,,المتفرة مومن وحصالنا العومية وينه ضون بنا حتى اذا سرنا ول طر وادة فريس الجاف والواف,2025-11-28T10:55:05
0.2828282828282828,ازف الوقت والساعة المعينين واحتشد الجمع في الكنيسَة التي غصت به على وجها احتفلت بجناز صارخ بكل خشوع,train_005928,../data/muharaf_prepared_resized/train/train_005928.png,Valid but hard,,ر الوق والسعة المين وحه الجمع في الكنية التي صت به على وها اتل بيناد دل ل شوع,2025-11-28T10:58:56
0.2826086956521739,افندي يحول التحرير الى البك وان ولدكم وصلته الى جانبه وكمشة التحرير من قبل ان يخلصهُ بل كان.,train_008703,../data/muharaf_prepared_resized/train/train_008703.png,Valid but hard,,افن ي اليل الريى الباك وان الكم وصلة الى جانبه وكثشة التحرير من لا ان بجبل كان.,2025-11-28T10:58:57
0.2826086956521739,Turenne للصف الاعلى الفرنسوي وهو من الفرنسويين,train_021531,../data/muharaf_prepared_resized/train/train_021531.png,Script mismatch (non-Arabic),,To لصف اعلى الفرنسوي وهو من الرزنوين,2025-11-28T10:59:56
0.2826086956521739,الوكة مخلص لحضرة الخطيب امين افندي دامت نوافله,train_002823,../data/muharaf_prepared_resized/train/train_002823.png,Valid but hard,,الكة تحل لحضرة الخطي اين اخذي وات وواله,2025-11-28T11:00:13
0.2826086956521739,كما والحمدلله ركب النهار لم يفعل بنا شيء ابدًا,train_015281,../data/muharaf_prepared_resized/train/train_015281.png,Valid but hard,,وطني كما والجمدللد ذكي النهار لم يفعل بناشي ابداً,2025-11-28T11:00:14
0.2823529411764706,بالسَيف في صدر العدا بنفتح طريق                            وبالدم بنسَطر قصايد عالحرم,train_006847,../data/muharaf_prepared_resized/train/train_006847.png,Valid but hard,,بالسَيف في صدر العد ابفتح طريق                                    الا السا اسا اا الحرم,2025-11-28T11:00:15
0.282051282051282,لجانب رياسة المحكمه الصلحيه لقضا الاساس,train_016411,../data/muharaf_prepared_resized/train/train_016411.png,Valid but hard,,لجاب راة المحكمة العلية لفضها الاس,2025-11-28T11:00:19
0.282051282051282,بها خان نقطة للعسكر الضبطية وكم بيت ...,train_015033,../data/muharaf_prepared_resized/train/train_015033.png,Valid but hard,,بها خان نقطه للعسكر الضبطية وكم بيت ضارمع مدير,2025-11-28T11:00:20
0.28125,الكوكب من ليل وجودك                               عا حسَنو انغار,train_007090,../data/muharaf_prepared_resized/train/train_007090.png,Valid but hard,,اكتوكب من ليل وجودك                                            عَ انفاد,2025-11-28T11:00:22
0.28125,١٥ وحماره الى ابراهيم شاهين هلال,train_008608,../data/muharaf_prepared_resized/train/train_008608.png,Valid but hard,,ساع وصارة الى ابرهيم شهين هال,2025-11-28T11:00:24
0.2808988764044944,"فهلاً ""استلحقنا"" بقاء امثال الشاعر القروي وبدوي الجبل وعمر ابو ريشة ونزار قباني وسعيد عقل",train_007905,../data/muharaf_prepared_resized/train/train_007905.png,Valid but hard,,"فهلاً ""ود وستحقاً باً اماَ الع الادوي الجيل وعمر ابوريشة ونزار قباني وسعيد يحقل",2025-11-28T11:00:26
0.2807017543859649,حقاً انك تعدّيت مرحلة الشباب - شباب الجسد - ولكن .. ألستَ,train_003773,../data/muharaf_prepared_resized/train/train_003773.png,Valid but hard,,حقاً انك تعديّت مرحلة الشباب. شاب السد الجبد. ولكن . أسَت,2025-11-28T11:00:27
0.2803738317757009,قابلاً التمييز دون الاستناف ضمن المدة القانونية ألقى تفهيمه الشفاهى للجانبين فى العلانية على سمع وكيل معاون,train_015628,../data/muharaf_prepared_resized/train/train_015628.png,Valid but hard,,قابلا المتيزن ون الستاف من المةاقنانوسية القى تفهيمه الشفاهى لجان فنى الاية على وعى عل ماو,2025-11-28T11:00:28
0.2803738317757009,الباقى تكملة الاربعة وعشرين قيراطاً من شى ٤٨ حـ ٤ يحدها قبلة ملك خليل الخورى جرجسَ ابراهيم وشركاه شرقاً ملك,train_015990,../data/muharaf_prepared_resized/train/train_015990.png,Valid but hard,,باتى كلة العرة وعشين قرا من نش ح م يحوها قبلة ملك خليل الخورى جرسَ اهم وشكا شراً لك,2025-11-28T11:00:30
0.28,عزورڤيل في ١٣ أذار / ١٩٣٤,train_005935,../data/muharaf_prepared_resized/train/train_005935.png,Valid but hard,,عن رقيل في ٣ اذار س ١٩٣,2025-11-28T11:01:16
0.28,فاني اشتغلت من يناير ١٩١٢ الى يناير ١٩١٣ بما يناهز,train_019774,../data/muharaf_prepared_resized/train/train_019774.png,Valid but hard,,فاني اشتغل من ياير ١٩٣ الى نيار ١٩٣٠ باين ضر,2025-11-28T11:01:19
0.28,في الحادي الساعة ١١ ليلًا,train_015001,../data/muharaf_prepared_resized/train/train_015001.png,Valid but hard,,المادي الساعة ١ ليلاً,2025-11-28T11:01:45
0.28,اللطيف ودمتم لأخيكم ادمون,train_018938,../data/muharaf_prepared_resized/train/train_018938.png,Valid but hard,,طيف ودقتم لأخيكم اوم,2025-11-28T11:01:47
0.28,اقبل اياديكم طالباً رضاكم,train_018175,../data/muharaf_prepared_resized/train/train_018175.png,Valid but hard,,ايادكم طالبا رضاكم,2025-11-28T11:01:49
0.2796610169491525,مسأ كنت فى حيفا فاتى لملاقاتى العزيز قيصر والان موجود في هذه المدينة وعن قريب اتوجه الى الجبل هرباً من الحر الشديد هذا,train_005670,../data/muharaf_prepared_resized/train/train_005670.png,Valid but hard,,مسان كفى فا فالى الملاق العزية قير والان موحود في هذه المدية وعن قريب اوه الى الجبر ب م الش الد,2025-11-28T11:01:51
0.2795698924731182,قلة نجاح وجروح طامرها العمل                                  وفجعات اقسَى من الدياب على الحمل,train_006805,../data/muharaf_prepared_resized/train/train_006805.png,Valid but hard,,قلة فجاج وروح طامرحا العمل                                       َ عَى عى لمل,2025-11-28T11:01:52
0.2795031055900621,والشيخ اسَعد يوسَف كرم ومخايل الخورى حنا العم وسَليمان اغناطيوس فرنجيه ويوسَف اغناطيوسَ افرنجيه وبولسَ موسَى افرنجيه وسَمعان البدوى افرنجيه وبطرس رومانوسَ سَعاده,train_016341,../data/muharaf_prepared_resized/train/train_016341.png,Valid but hard,,الشيخ اعيع وسَوفم ومخايل الخور ضا الم وسَليمان اغناطيوس رنجيه ويوسَف اغناطيوسَ فرنجه وبوس مسَ وارجه وسمن الدوى بجبره وبر و سَاعداده,2025-11-28T11:01:53
0.2794117647058823,في هذا الانقلاب؟ قرأت مرة في جريدة  انكليزية رصينه مقالًا لكاتبها في,train_001047,../data/muharaf_prepared_resized/train/train_001047.png,Valid but hard,,في هذا الاقاب؟ فرات مرة في جرية اكلية صين قلا الا في,2025-11-28T11:01:54
0.2792792792792792,خلاف عن كل الاوقاف بهذه البلاد وفي المرة الماضية حضرة الدراهم للوقف باسم ولد سيادتكم يوسف سركيس سلوم نظراً لثقة,train_009317,../data/muharaf_prepared_resized/train/train_009317.png,Valid but hard,,خان عن علن الاف بهذه الاد في المرة المافية حضرة الدراهم لوف باسم ول ساتك يفسر سيم ماً لراً فغة,2025-11-28T11:01:55
0.2792792792792792,َوواصل طيه ايضاً عريضة مقدمة من اهالي القرية وعند مطالعتها تعلمون الحالة الحرجة التي نحن فيها الان والامر لوليه,train_013483,../data/muharaf_prepared_resized/train/train_013483.png,Valid but hard,,وطايه طيه اضه ضية قدة من الي القرية وعند مطالتهما تعلمون الحالة الجرجة التي في هنا ا الموم وليه,2025-11-28T11:01:56
0.2790697674418604,الجابري تسجل على مايتين بيت وزراعه وغير ذلك,train_015135,../data/muharaf_prepared_resized/train/train_015135.png,Valid but hard,,جابرى نشمل على مايين بيت ورراعه وغبررك,2025-11-28T11:01:58
0.2790697674418604,ماشي سَباحا فوق دماتو                                                   ورايح تايندهلا,train_006696,../data/muharaf_prepared_resized/train/train_006696.png,Valid but hard,,ش   و     فقو                                                       ي يدلا,2025-11-28T11:01:59
0.2789115646258503,بتاريخ ٣٠ تموز سنة ٣٠٣ احيل لهذه المحكمة اسَتدعا مقدم من الشيخ اسَعد ابى رعد من بشرى بالوكالة عن عمه حضرة الاب افرام جعجع من بشرى الثابة بسَند مصدق,train_016049,../data/muharaf_prepared_resized/train/train_016049.png,Valid but hard,,بتاريخ ٣ تنو ن ٣ ل لهذه المحكمة اسَتدعا مقدم من الشيخ اسَعد الجدعد من بشرى بالوكالة معد عم حرة الا را م م ال بسة دق,2025-11-28T11:01:59
0.2784810126582278,"والهوى، لو يفهم الناي الهوى،                    لم تلد، لولا الهوى،  امّ ولد !""",train_003646,../data/muharaf_prepared_resized/train/train_003646.png,Valid but hard,,والهوى لويفهم الناي الهوى،                               ال ال ال !,2025-11-28T11:02:01
0.2783505154639175,غب لثم انامكم الطاهرة المقدسَة والتماسَ البركة من فمكم  الاقدس على الدوام. المعروض لسَيادتكم بانه,train_008743,../data/muharaf_prepared_resized/train/train_008743.png,Valid but hard,,غلب لثم انامكم الطاهرة المدسة التاسة ابرة من فكم الاقدت على الدوام على الدوام المعوض سَياتم باته,2025-11-28T11:02:03
0.2777777777777778,Ammiq El-Mounassif,train_016993,../data/muharaf_prepared_resized/train/train_016993.png,Script mismatch (non-Arabic),,Amql-Mounasif,2025-11-28T11:02:06
0.2777777777777778,٢٤ تشرين الثانى ٩٣,train_005036,../data/muharaf_prepared_resized/train/train_005036.png,Valid but hard,,٢ تشرير الثانة ١٩٣١,2025-11-28T11:02:10
0.2777777777777778,بمناسبة يوبيل مجلته الدهبي وعطائه المستمر خلال ٥٠ عاما,train_012396,../data/muharaf_prepared_resized/train/train_012396.png,Valid but hard,,بمنا ريرة يوبيل فلت الي وعطارة المستمر ملال ن عاما,2025-11-28T11:02:14
0.2777777777777778,دامة رياسته للدوام,train_009124,../data/muharaf_prepared_resized/train/train_009124.png,Valid but hard,,دامست رياست للواح,2025-11-28T11:02:25
0.2777777777777778,لو يوسع محط الرجل. وكان البحر رايقًا هاديًا حتى الصباح,train_015286,../data/muharaf_prepared_resized/train/train_015286.png,Valid but hard,,ويوسع فحط ارصل. وكان البحر رايقاً هارياً حا الح,2025-11-28T11:02:27
0.2777777777777778,كفرشيما 12/ 12/ 42,train_014172,../data/muharaf_prepared_resized/train/train_014172.png,Valid but hard,,كفرشيما 2  12/٢,2025-11-28T11:02:32
0.2777777777777778,بالاكتر الحفهم هنا,train_020614,../data/muharaf_prepared_resized/train/train_020614.png,Valid but hard,,بالاتمالحقهم هنا.,2025-11-28T11:02:38
0.2777777777777778,وفى الختام تفضلوا بقبول تحيتى واحترامى والله يحفظكم من,train_002210,../data/muharaf_prepared_resized/train/train_002210.png,Valid but hard,,في النتم تفضلوا يقبول نحتي واحتراى رالتله بحضظكم ك,2025-11-28T11:02:39
0.2777777777777778,وبعدما ينتهي عمري بدقيقه   امرقو عليي انا وبالنعش نايم,train_007605,../data/muharaf_prepared_resized/train/train_007605.png,Valid but hard,,وبعد ما نيتهي عمري بريقه     مرو علي نا بالنشراكم,2025-11-28T11:14:02
0.2777777777777778,الاب الياس ابي خير,train_011862,../data/muharaf_prepared_resized/train/train_011862.png,Valid but hard,,الاب اليالالي خب,2025-11-28T11:14:11
0.2777777777777778,فى ١٧ تموز سنة ٩٤١,train_004401,../data/muharaf_prepared_resized/train/train_004401.png,Valid but hard,,١٧ تموز ن ٩٤١,2025-11-28T11:14:22
0.2774193548387096,من المجلة حكم بالاتفاق بثبوت المبلغ المحرر بذمة المدعى عليهم وبلزومهم دفعه للمدعى ووجبت عليهم رسَومات المحاكمة البالغة ثلاثة وعشرين قرشاً ونصف وتقديم طنوسَ,train_016016,../data/muharaf_prepared_resized/train/train_016016.png,Valid but hard,,من المحجة المجلة بلا اقف بت ال المحر بده المدعى عليهم وبلزوهم دفعه للمدعى وجت عليهم مرَومات المحاكمة الباثة ثاثة وعي شرً ون وقرم طوَ,2025-11-28T11:14:25
0.2772277227722772,ونوضع موضعه طونى ابن حرمة فارسَ جبرايل البدوى افهمي ابنة  عمنا غسَطين تقبل ايدى قرينتكم المصونة وتهدى,train_018747,../data/muharaf_prepared_resized/train/train_018747.png,Valid but hard,,ونوضع موضو طون ابر حرة قارسَ جبدايل البدوى فهو ايد غما غشطيه نقبل الامن فريتكم الصوة وتهدى,2025-11-28T11:14:33
0.2771084337349397,(١) المعروض تشرفنا بمناولة الامر الكريم عدد ٨٤ تاريخ ٢٥ الماضي المبني على امر معالي,train_013511,../data/muharaf_prepared_resized/train/train_013511.png,Valid but hard,,(١) المعون شرنا بناولة الامر الكريم د ٢٠ تاريخ الاي العيع على ل ماي,2025-11-28T11:14:34
0.2769230769230769,المقدمين لحضرتكم الوفاً من المهاجرين اللبنانيين يقدمون اليكم مزيد,train_019143,../data/muharaf_prepared_resized/train/train_019143.png,Valid but hard,,عدي الحضرتكم القا من الها جرين اللبنانين يقدون لكم منديد,2025-11-28T11:14:35
0.2765957446808511,١ احاطة ستة لصوص وقطاع الطرق على الطريق العام بخراج قرية شدرا برجل من القبيات واطلاقهم الرصاص.,train_008642,../data/muharaf_prepared_resized/train/train_008642.png,Valid but hard,,ة اطة منة صوة وقاع الطرف على الطريق الام خراج قرية شوده بر ملن القباق والاهم لاصراة,2025-11-28T11:14:37
0.2765957446808511,الساعة ٩ من النهار ونزلنا خارج الخان ورقينا ...,train_015049,../data/muharaf_prepared_resized/train/train_015049.png,Valid but hard,,الساعة من انهار ونزلنا فار. الخان .ا اح,2025-11-28T11:14:38
0.2765957446808511,"* Jobbers * in * Dry * Goods * and * Notions, *",train_010747,../data/muharaf_prepared_resized/train/train_010747.png,Script mismatch (non-Arabic),,* Jbers * nd * Dry * os * an * Nns *,2025-11-28T11:14:43
0.2764227642276423,المدينه ونهار الخميس الواقع في غره هذا الشهر نهار الاحد صباحاً وصلنا الاسكندرية فرافقنى لدير العاذارين احد اباء هذه الجمعية,train_005668,../data/muharaf_prepared_resized/train/train_005668.png,Valid but hard,,المهدينه ونار الريس السوا في ره هذا الشير تهار الاحد احباً وصلتاى الاسكندرية فراقى لي ادا اين ان ا ا الية,2025-11-28T11:14:46
0.2761904761904762,فليبكه الوطن ويسح عليه العيرات السخينة فلتبكه صور القديمه بدموع غزيرة لينح عليه سكانها ليندب الفضل من شاد,train_005917,../data/muharaf_prepared_resized/train/train_005917.png,Valid but hard,,قيك اايله وس سليعه العيرات السَينة فلبكه صور القديمه يدوع غزيز ليع عليه سكها بين ال م شاد,2025-11-28T11:14:48
0.2761904761904762,حريق بيوت عدد ٢ الى اسبر ابراهيم عبده بمزرعة شماع خراج القبيات وحصل الكشف القانوني عليهم فى ١٣ تشرين تانى,train_008616,../data/muharaf_prepared_resized/train/train_008616.png,Valid but hard,,ريق بوت ع٦ الى ابر ابراهيم عبده بمذرعة كماع حرج البيات وحاصل الاسف القانوي عليهم في ر,2025-11-28T11:14:48
0.2758620689655172,صح تاريخ عزيزتي البر بدونه شر,train_010908,../data/muharaf_prepared_resized/train/train_010908.png,Valid but hard,,.ح وتاريخ عزيزق اليريدون شر,2025-11-28T11:14:50
0.2758620689655172,غير الزاوية التي اواجهها انا منها، أن اتوقَّف عن التمادي في توثيق الصلة بيني وبينكِ، بل,train_008283,../data/muharaf_prepared_resized/train/train_008283.png,Valid but hard,,ف ال الي اواجها انا منها، أن اتوقَّف عن التمادي في توقيق الصلة بتي,2025-11-28T11:14:51
0.2758620689655172,اليمين شهد ان القطعة المرقومة هى ملك الخورى جرجس فرنجيه وبيده من ثمان سَنوات وحددها طبق تحديد الشاهد الاول وشاهداً هو يوسَف البدوى فرنجيه من اهدن,train_016370,../data/muharaf_prepared_resized/train/train_016370.png,Valid but hard,,لي ن اان الطعة المقوة م مك الخور جسَ فرجيه وبيده من تمان سَفات وحدها طبق تحديد الشه الاو وشا د يوسَ الوسى فه مه اهدن,2025-11-28T11:14:52
0.2758620689655172,عن كوماسَي فى ٢٧ ايار سنة ٩٢٥,train_000508,../data/muharaf_prepared_resized/train/train_000508.png,Valid but hard,,عنى كواسي ف ٢٧ ايار س ٩٣,2025-11-28T11:14:55
0.2758620689655172,ومن كتر سَقمي اسَتضيعو فيي الدوا                           تالخيزراني النابتي بمصفق هوا,train_006653,../data/muharaf_prepared_resized/train/train_006653.png,Valid but hard,,ومن كت سَقمي اسَتضيعوفي لدو                                   للي الي ا اا قوا,2025-11-28T11:15:30
0.2758620689655172,بتاريخ ١٣ كانون اول سنة ٩٤٠ ارسل الرئيس دعوة للاعضآ موعدها,train_016624,../data/muharaf_prepared_resized/train/train_016624.png,Valid but hard,,ابتاريخ ١ كانون الوسنة ٩٣٠ ارى نائب الريس دعقة للاعضا معدعدها,2025-11-28T11:15:35
0.2758620689655172,لنا خلقتي والك نحنا حلقنا      وما عاش اللي على غصونك تجنا,train_007577,../data/muharaf_prepared_resized/train/train_007577.png,Valid but hard,,لنا خلتي والك بحا حقن      م اش الي عى رل حجنا,2025-11-28T11:15:36
0.2758620689655172,ابن حاقل بتاريخ ٢٢ اب سنة ٩٣٥,train_004743,../data/muharaf_prepared_resized/train/train_004743.png,Valid but hard,,اليرهت حالل بتاريخ ٢ اب سنة ٩٢٥,2025-11-28T11:15:37
0.2754491017964072,وضرره والمصارفات الرسَمية حكماً غيابياً قابلاً الاعتراض والاسَتئناف والتمييز تبلغ لوكيل المدعى عليه بتاريخ ٩ ربيع اول سنة ٣٠٥ وفى ١٢ ت٢ سنة ٣٠٣ ولاجله تحرر هذا الاعلام,train_016123,../data/muharaf_prepared_resized/train/train_016123.png,Valid but hard,,وحره والمارات الرية حكا بياً قابلاً الاعتراض والاستئاف والتميز تبغ لوكيل المدعى عليه تاريخ ١ ربيع اول ة٣٠٥ فى ١ ٣٠والح  هاوام,2025-11-28T11:15:38
0.2753623188405797,من البوابّ هنا فوجدتك معتذراً لي عمّا حدثَ ولكننيّ لا أَقبلُ لك عذراً,train_011688,../data/muharaf_prepared_resized/train/train_011688.png,Valid but hard,,من البا نا نجدتك مقرً لي عمّا حدة وكنيّ لا أُبل ل عذاً,2025-11-28T11:15:39
0.2753623188405797,اليمين التي أُقسمت في جبل كنامه  من حيث يقوم اليوم هذا النصب التذكاري,train_001018,../data/muharaf_prepared_resized/train/train_001018.png,Valid but hard,,الين التي رنسحت في جبل كنامه حبث يقوم اليم هذا الاي الذاء,2025-11-28T11:15:40
0.2753623188405797,والزهر مفرش للنسَيم وللندى                    وزهرتي بين الجروح مكممي,train_006751,../data/muharaf_prepared_resized/train/train_006751.png,Valid but hard,,والزهر مفرش للنسَيم وللندد                                  ز ي   مكمي,2025-11-28T11:15:41
0.275,فذاك ايضًأ من فضل ربي حيث نمت حامدًا ...,train_015282,../data/muharaf_prepared_resized/train/train_015282.png,Valid but hard,,فذاك ايضًا من فضل ري حيث نمت حامدًا المراق ال,2025-11-28T11:15:49
0.275,... قبور عرب تلك الأطراف هناك ينزلون ...,train_014997,../data/muharaf_prepared_resized/train/train_014997.png,Valid but hard,,قبور ع.ب لك الوطراف هناك ينزلوت  ا,2025-11-28T11:15:50
0.275,فانا ما سالت القرداحى لكن سالت المونسنيور نفسَه وهذا اكد لى الضد فلا اظن به يكذب انما كان الواجب عليه اذا كان ذلك صحيحاً,train_005727,../data/muharaf_prepared_resized/train/train_005727.png,Valid but hard,,فانا نا اسل القرا لكن سات الموسنيو نسته وهذا اكر الى القد فلا اطن ان كنا ام كن اوجع عليه اذا ذا كل حياً,2025-11-28T11:15:51
0.2747252747252747,وقعت واوقع فى الضلال نفسه لانك اردت ان تطلعنى على الحقيقه فاخطأت لانك ادران ان تعطيني نصائح,train_005651,../data/muharaf_prepared_resized/train/train_005651.png,Valid but hard,,وق وافع فى الفل نسه لانك ارون ان تطلفى على الحقيقه فناطائت لانك اروان لاطين نائ,2025-11-28T11:15:52
0.2745098039215686,سيدي هىاشم يخاطبهم: ارفعوا علمًا أحمر (١) مثل علمهم,train_001119,../data/muharaf_prepared_resized/train/train_001119.png,Valid but hard,,سَيدي هاشر بخاطهم: ارفعوا علمً احمرا امل علمهم.,2025-11-28T11:15:53
0.2745098039215686,شهد ان القطعة المرقومة وحددها طبق تحديد الشيخ سَليمان فرنجيه هى بيد الخورى جرجسَ فرنجيه من تسَع او عشر سنوات وشاهداً هو خليل انطانيوس فرنجيه من اهدن وشهد,train_016356,../data/muharaf_prepared_resized/train/train_016356.png,Valid but hard,,شد ان القطعة المقرومة وصدها طبت تحديد الشيخ سَيمان فرجه هى بيد الخورى جرسَ فرجه من سَع اعر شوتا وشادا وخا الناون ونين من من وه وشه,2025-11-28T11:15:54
0.2745098039215686,عند أيوب. من محل أيوب ما اخذت بضائع لأني لا اريد ان,train_020985,../data/muharaf_prepared_resized/train/train_020985.png,Valid but hard,,عند ابو من محل ابوب ما لهذت الصائع لاني ل اريدة ان,2025-11-28T11:15:55
0.2741935483870967,لسبب فيضان النهر والاهوية المتداومة ومنذ ذلك اليوم سليمان المرقوم ما رجع عندنا فلا واجهناه وكاين ان رجع أبو غريب ولا نعلم ان,train_014980,../data/muharaf_prepared_resized/train/train_014980.png,Valid but hard,,اللسي غي ضن انه الاديه المتاو وفنذ ذك اليوم سليان المرقوم ما رجع عندنا ولا واجهنا والاين ن رع الى اغرب وعا الم مان,2025-11-28T11:15:56
0.273972602739726,خاطر العزيز فيليب وأَفدني هل وصلت العلبة أَم لا أو وصلت لديكم صاغاً ودمتم,train_011702,../data/muharaf_prepared_resized/train/train_011702.png,Valid but hard,,طر العزيز زلب واأَدني هل وصلت العلة أمَ لأو صحلت ديكم صا ودتكم,2025-11-28T11:15:57
0.2736842105263158,وبرباره زوجة جرجس توما وقمرا زوجة سليم العيسى ورفقا زوجة نقولا عيسى والياس يوسف فاضل قد تضاربوا,train_015426,../data/muharaf_prepared_resized/train/train_015426.png,Valid but hard,,وبرايه زجة جس سما وقر زجة سليم اليس وفا زوجة نقولا عي والياي يسف فض تضوا,2025-11-28T11:15:58
0.2736842105263158,القهر وتحفظ ناخذها منه لبلا النة ما تبيعها %% %% فيما بينها وبين سيدي الوالد الخلاصة في أي وقهة,train_010915,../data/muharaf_prepared_resized/train/train_010915.png,Valid but hard,,القبير وتحقظطا اخرها مته لبلا السنة ما تبيعه لناحيش بوحد تفورفيما بينها وبين سَيدي الوالد الخلاصة في اي وقة,2025-11-28T11:15:59
0.2733812949640288,وسَبعماية وخمسَة وتسَعين قرشاً ومن كون المديون المحكوم عليه توفى عن ابن ابن عمه يوسَف طنوسَ المعدور سَكر من بشرى ولم يترك سَوى نصف قطعة ارض,train_016052,../data/muharaf_prepared_resized/train/train_016052.png,Valid but hard,,وسَماية ومسَة سَية عاً من الدين المحكوم عليه تفى عن ان ين عله يوسَف اطنوسَ المعدو سا من بشرى ومتر سون ن صعرعة ارض,2025-11-28T11:16:00
0.2733333333333333,المجلة تصرح بوجوب حضور المؤجر والمسَتاجر وقت الادعا بالشى الماجور فكان من الواجب حضور اخيه وقت ادعا المدعى عليه ثانياً ان المحكمة حكمت عليه يدفع غرشين,train_016300,../data/muharaf_prepared_resized/train/train_016300.png,Valid but hard,,الحجلة حار وب حضر المر والمستحاج رق الادعا بالشى الاجور كان من الواجب حضولاخيه وقت ارعا المدرع عليه بياً امحكم عة علية ع ششرين,2025-11-28T11:16:00
0.2732558139534883,وجرجسَ شيت الخورى يوسَف من بزعون الثابتة بسند مصادق عليه فى هذه المحكمة مجاز له به المرافعة لاخر درجة الدعوى فى الصلح والاقرار والابرار وطلب الحلف واسَقاط وتقديم الاسَتدعات,train_016176,../data/muharaf_prepared_resized/train/train_016176.png,Valid but hard,,جرجس شت الخورى يسَف فمن زعون الثابة بصد مصاق عليه من هذه المحكمة مجازله به المراعة لاضر ورجة الدعوى والصح الاقر والار وال والقطا وقد سدت,2025-11-28T11:16:01
0.2727272727272727,ميشال قهوجي,train_012352,../data/muharaf_prepared_resized/train/train_012352.png,Valid but hard,,متال قهوبي,2025-11-28T11:16:04
0.2727272727272727,EAK1A - 161,train_005319,../data/muharaf_prepared_resized/train/train_005319.png,Script mismatch (non-Arabic),,EAK1A- 10,2025-11-28T11:16:07
0.2727272727272727,بتمام الصحة,train_018649,../data/muharaf_prepared_resized/train/train_018649.png,Valid but hard,,جمدم الصحة,2025-11-28T11:16:09
0.2727272727272727,EAK1A - 170,train_005403,../data/muharaf_prepared_resized/train/train_005403.png,Script mismatch (non-Arabic),,EAK1A 10,2025-11-28T11:16:12
0.2727272727272727,EAK1A - 160,train_005296,../data/muharaf_prepared_resized/train/train_005296.png,Script mismatch (non-Arabic),,EAK1A-10,2025-11-28T11:16:15
0.2727272727272727,ادهم الجندى,train_003972,../data/muharaf_prepared_resized/train/train_003972.png,Irrelevant / signature,,ادهم المبدك,2025-11-28T11:16:18
0.2727272727272727,YS-1D- 071c,train_019295,../data/muharaf_prepared_resized/train/train_019295.png,Script mismatch (non-Arabic),,YS-1D- 05F,2025-11-28T11:16:20
0.2727272727272727,اثباتات او ايضاحات كافية يقدمها علاوة على ما ذكر في التقرير المؤرخ في ٢٠ شباط,train_005323,../data/muharaf_prepared_resized/train/train_005323.png,Valid but hard,,ابتات وايا ات اكافية يقدمها علادة على ماذكي في التري المخ فخي بشي,2025-11-28T11:16:23
0.2727272727272727,محرر عن بسَكريما رأساً,train_018180,../data/muharaf_prepared_resized/train/train_018180.png,Valid but hard,,محر عن بنسكريما اً,2025-11-28T11:16:24
0.2727272727272727,سرحال مارون,train_004578,../data/muharaf_prepared_resized/train/train_004578.png,Valid but hard,,رحال مادومن,2025-11-28T11:16:26
0.2727272727272727,في ٨ تشرين اول سنة ٩٢٣,train_016445,../data/muharaf_prepared_resized/train/train_016445.png,Valid but hard,,٨ تشرين لول سنة٩٢,2025-11-28T11:16:29
0.2727272727272727,QBat 5H-856,train_016607,../data/muharaf_prepared_resized/train/train_016607.png,Script mismatch (non-Arabic),,QBat5H-52,2025-11-28T11:16:31
0.2727272727272727,منصور وعن طيه كتاب لنا من الأخ بطرس فتلوناه بحمده تعالى,train_015254,../data/muharaf_prepared_resized/train/train_015254.png,Valid but hard,,ور وعن طينه كاب لنا من الوخ بطرسى فلوناه بمدة بق,2025-11-28T11:16:34
0.2727272727272727,اسَعد درويش,train_018063,../data/muharaf_prepared_resized/train/train_018063.png,Valid but hard,,اسعد دروس,2025-11-28T11:16:55
0.2727272727272727,EAK1A - 178,train_005505,../data/muharaf_prepared_resized/train/train_005505.png,Script mismatch (non-Arabic),,EAK1A-17,2025-11-28T11:16:59
0.2727272727272727,فورتوين في ١ نوار ١٩٠١,train_001691,../data/muharaf_prepared_resized/train/train_001691.png,Valid but hard,,كورنوني في ١ نوار ٩٠,2025-11-28T11:17:03
0.2727272727272727,اعضاء  رئيس,train_016552,../data/muharaf_prepared_resized/train/train_016552.png,Valid but hard,,اعاء رئين,2025-11-28T11:17:16
0.2727272727272727,الينا للنظر,train_016557,../data/muharaf_prepared_resized/train/train_016557.png,Valid but hard,,الينا للنظر ..,2025-11-28T11:17:20
0.2727272727272727,١١ تموز ٩٢٩,train_015775,../data/muharaf_prepared_resized/train/train_015775.png,Valid but hard,,١ تموز ١٩٢٥,2025-11-28T11:17:23
0.2727272727272727,ولد سىادىكم,train_009095,../data/muharaf_prepared_resized/train/train_009095.png,Valid but hard,,لد سىادى,2025-11-28T11:17:26
0.2727272727272727,رحمهما الله,train_000058,../data/muharaf_prepared_resized/train/train_000058.png,Valid but hard,,رلمههما الله.,2025-11-28T11:17:33
0.2727272727272727,EAK1A - 179,train_005525,../data/muharaf_prepared_resized/train/train_005525.png,Script mismatch (non-Arabic),,EAK1A- 10,2025-11-28T11:17:36
0.2727272727272727,او عشر دقايق على هالدردشه واذ بمارون بطل على,train_012329,../data/muharaf_prepared_resized/train/train_012329.png,Valid but hard,,او عشر دقاى علي ها ال بمارون يطل على,2025-11-28T11:17:38
0.2727272727272727,تشترك معي بوالجب نحوكم,train_010704,../data/muharaf_prepared_resized/train/train_010704.png,Valid but hard,,نشترك معي بالواجب بحدكم,2025-11-28T11:17:54
0.2727272727272727,من الجاهلية,train_019528,../data/muharaf_prepared_resized/train/train_019528.png,Valid but hard,,من الى هعلية,2025-11-28T11:17:56
0.2727272727272727,EAK1A - 328,train_005942,../data/muharaf_prepared_resized/train/train_005942.png,Script mismatch (non-Arabic),,EAK1AA - 37,2025-11-28T11:17:59
0.2727272727272727,QBat 5H-559,train_016556,../data/muharaf_prepared_resized/train/train_016556.png,Script mismatch (non-Arabic),,QBat5H-52,2025-11-28T11:18:00
0.2727272727272727,الاثنين التى ارسلتها لى بينما كنت مريضا والتى ما اطلعت عليها الا يومين قبل سَفرى من رومية. ايها العزيز تحاريرك,train_005672,../data/muharaf_prepared_resized/train/train_005672.png,Valid but hard,,الان التى التستلا لى يما كن قرينا والتما طبعت عليها الايومن قيل سوي من زومية. ايها الغري اتحريك,2025-11-28T11:18:02
0.2727272727272727,امس نهار الأربعاء زرت كل تجار ورق,train_020617,../data/muharaf_prepared_resized/train/train_020617.png,Valid but hard,,س نهار الابعاء زش كل تجاراوت,2025-11-28T11:18:06
0.2727272727272727,اطلت عليك الشرح الى اللقاء قبلات عديدة مكررة واشواق لكم,train_010361,../data/muharaf_prepared_resized/train/train_010361.png,Valid but hard,,وعل لك الشرعه الى اللقاء مبلابت عديدة كرة واقاقكم,2025-11-28T11:18:07
0.2727272727272727,YS-4A--011G,train_019833,../data/muharaf_prepared_resized/train/train_019833.png,Script mismatch (non-Arabic),,YS-4A-01,2025-11-28T11:18:10
0.2727272727272727,١٣٤٢ ٣ شوال,train_002423,../data/muharaf_prepared_resized/train/train_002423.png,Segmentation error,,١٣٤٢ وال,2025-11-28T11:18:12
0.2727272727272727,تعجيزًا ...,train_019873,../data/muharaf_prepared_resized/train/train_019873.png,Valid but hard,,تعجدا ...,2025-11-28T11:18:15
0.2720588235294117,الاداء فى ١ اب /٨٦ سَئل المدعى عليه عن ذلك من جديد مقرًا بالسندين المذكورين وبكلما تضمنان وبان قيمتهما بذمته وذمة ولديه وحيث قرر الطرفان,train_016221,../data/muharaf_prepared_resized/train/train_016221.png,Valid but hard,,الاواءى ر  سَئل المدعى عليه عن ذلك منى جابد قرا بالسَندين المذكورين ويكلما تضن وبا قم بم ومد ولده وحرير وار الطران,2025-11-28T11:18:17
0.2719298245614035,الاكرام لانجالكم المحروسَين نكلفكم بالسَلام لابن عمنا غسَطين وابن عمنا سَليم يقبل ايديكم وايدي قرينتكم ويسَال خاطر,train_018748,../data/muharaf_prepared_resized/train/train_018748.png,Valid but hard,,الاروكم لبالكم المحروَين نكلفكم باسلام لان غما غسَطين مره ن عمن نسم بقبل يدكم وايدى فريتكم وسَياخ خطر,2025-11-28T11:18:18
0.2717391304347826,لا يصلحون للغد وقد اعجبني قولك بأنك تكذب وتنافق وتخبث وتلؤم وانت تريد التطرق الى غيرك فأسألك,train_001453,../data/muharaf_prepared_resized/train/train_001453.png,Valid but hard,,ليلا يحمون ول قد البني ولك باك كتذب وتنافق وتخبت وتلؤم واتاتريد التطرق الى غير كاك,2025-11-28T11:18:19
0.2717391304347826,والليل فوقو لو بسَط جنحو الثقيل                                   وسَاقبت مرا وغفي بين الزعل,train_006809,../data/muharaf_prepared_resized/train/train_006809.png,Valid but hard,,والليل لا فو لو يسَط جنوا الثقبيل                                    و ا اف اي معل,2025-11-28T11:18:19
0.2716049382716049,البربرية والفينيقية والفرعونية لا تمت الى العرب بصلة ما، بل هل والعروبة متناقضتان,train_001106,../data/muharaf_prepared_resized/train/train_001106.png,Valid but hard,,برية والقنية والرونية لاتحت الى العرب وجلة ما بل هى والعرونة منا قنا,2025-11-28T11:18:20
0.2716049382716049,يا نفسَ لحمي ذاب والعظم انبرى                       ومع كل لحظى واختها بيمرق قطوع,train_007155,../data/muharaf_prepared_resized/train/train_007155.png,Valid but hard,,يانفسَ لحمي ذاب والعظم انبرى                             م ل ال ن طع,2025-11-28T11:18:21
0.2711864406779661,به بل سافرنا راسًا الى عانه حتى وصلنا الى راس تلم عانه اكثر,train_015059,../data/muharaf_prepared_resized/train/train_015059.png,Valid but hard,,بسافر نااسًا الى عاته حتى وصلنا الى راستلعان الت,2025-11-28T11:18:21
0.2708333333333333,بدرجة اعظم وبعد المغرب بدا نوعًا ما مايل للتهاون,train_015279,../data/muharaf_prepared_resized/train/train_015279.png,Valid but hard,,هد اعظم واجد المغرب بدا نوعًا ا فا بالتهاور,2025-11-28T11:18:22
0.2708333333333333,قصيدة غزلية عنوانها   .   .   .   خلقنا بظل الحب,train_007023,../data/muharaf_prepared_resized/train/train_007023.png,Valid but hard,,قصيدة غزلية عنوانها .             لحب,2025-11-28T11:18:23
0.2708333333333333,الذي تألم الاماً كادت تزهق الروح لولا عنايه الله,train_003355,../data/muharaf_prepared_resized/train/train_003355.png,Valid but hard,,اليلكم ما كات تزهق الروح اولا عناية الل,2025-11-28T11:18:24
0.2705882352941176,راح الحبيب ما قدرت لحظة صبرو                           وبالعين دمعه وبالقلب كومة جروح,train_006648,../data/muharaf_prepared_resized/train/train_006648.png,Valid but hard,,راح الحبيب ما قدرت لحظة صبرو                                    دا بلبيا اليا ب بروح,2025-11-28T11:18:25
0.2702702702702703,واقرأ لهم التحرير اذا ان يعلموا شيئًا,train_001413,../data/muharaf_prepared_resized/train/train_001413.png,Valid but hard,,واقرا لهم التحرير اذا اطبوا ان يعلموا شباً,2025-11-28T11:18:25
0.2702702702702703,طيه محرر ذهب ٩٩٣ نقد جرى قيدهم امامنا,train_000495,../data/muharaf_prepared_resized/train/train_000495.png,Valid but hard,,طيه مح ر ٢ نقد جريى ميدهم امامنا,2025-11-28T11:18:27
0.2702702702702703,ورئيس الوزارة ورؤساء المجالس وكثير من,train_020688,../data/muharaf_prepared_resized/train/train_020688.png,Valid but hard,,وريس الوزارة وااء المجاس وكتيوي,2025-11-28T11:18:30
0.2702702702702703,شباط ١٩٤٧ اي بعد شهر من استلام الرخصة,train_012219,../data/muharaf_prepared_resized/train/train_012219.png,Valid but hard,,شباط ١٩٧ ايي بعد شهر طن   الرصة,2025-11-28T11:18:35
0.2702702702702703,الثياب المدنية العصرية... ان لتك تفضح,train_014788,../data/muharaf_prepared_resized/train/train_014788.png,Valid but hard,,الثباب المرنية العحصرية.. إن لفَّركَ تفضح,2025-11-28T11:18:36
0.2699386503067484,المدعى عليه وكيلاً مسخراً ابراهيم ضاهر الشموتى من البترون باجرة ريال مجيدى عن كل جلسَة وفقاً للمادتين ال١٤٥ وال١٤٦ من قانون المحاكمات الحقوقية وتلى الصحيفة السابعة,train_016256,../data/muharaf_prepared_resized/train/train_016256.png,Valid but hard,,المى ليىه كيه اياً اً ارها ها المتو من البرون باجرة ريال مجيدى عن كل جلسَ وفقاً للمادين الـ١٥والـ١ من نون المحات المقوقية وقل الحصية الساعة,2025-11-28T11:18:37
0.2696629213483146,بحورنا زايد طمعها                                                     رغم ما في كنوز معها,train_007169,../data/muharaf_prepared_resized/train/train_007169.png,Valid but hard,,بي                                                           م م م معها,2025-11-28T11:18:38
0.2692307692307692,والباب انشالله يكونوا بخير وعافيه واطلب منهم المعذرة,train_020458,../data/muharaf_prepared_resized/train/train_020458.png,Valid but hard,,وليك اشاة يكلدلو بخير وعافيهم واطلب منهم المعزرة,2025-11-28T11:18:39
0.2692307692307692,جودات ضاهر -     ⸗    رابع,train_009886,../data/muharaf_prepared_resized/train/train_009886.png,Valid but hard,,جودات ضاهر -      ع,2025-11-28T11:18:40
0.2689075630252101,والبيع هو اثنى عشر قيراط من اصل اربعة وعشرون قيراط شائعين بكامل قطعه الارض الكائنة بمحل البلان بخراج شكا شكا شراكة اخيه,train_015974,../data/muharaf_prepared_resized/train/train_015974.png,Valid but hard,,وايعه وهن اعى شراه من ال ارية وعشرون قراط شائعين لبكال قطعه الارض الكانة مبمل الفبان اخوج جشاشا شراكه اخيه,2025-11-28T11:18:41
0.2686567164179104,"ينكتوا على امهم بمسائل الخياطه او مسائل الطبخ ""وناهده فعلاً اقول لك",train_010514,../data/muharaf_prepared_resized/train/train_010514.png,Valid but hard,,نكوا على ام بس الخياطه امسائ الطبح وناهن فقلاً اول كلك,2025-11-28T11:18:42
0.2686567164179104,وكانت فرنسا ابعد الدول هدفاً، واكثرها نفوذاً واكثرها نفوذاً، واشدها,train_000809,../data/muharaf_prepared_resized/train/train_000809.png,Valid but hard,,وكانت فرنسها ابعد الدول هدفاً، وكثرها نفوذًا، واشرها,2025-11-28T11:18:42
0.2682926829268293,وموسًى والاسًرائيليّين دفعة واحدة. علّتي،,train_002136,../data/muharaf_prepared_resized/train/train_002136.png,Valid but hard,,ولاسى والاسَرايلين دفعة واحدة.  حلتّي،,2025-11-28T11:18:43
0.2682926829268293,مسَتحيل تبقى بوجودي زائرا                               ما زالها بتذكر فعالي بجدها,train_006783,../data/muharaf_prepared_resized/train/train_006783.png,Valid but hard,,مسَتجل تبقى بوجوهي زاثر                                      ا لا ا دها,2025-11-28T11:18:44
0.2682926829268293,على أثر المصالحة التي تمت بيني وبين وزير الانباء الَسَابق على ان اسَقط الدعوى التي,train_003474,../data/muharaf_prepared_resized/train/train_003474.png,Valid but hard,,ع اأر المصحة التي تمت بني بين زائسية لاباء السابع على ان استد العوى التي,2025-11-28T11:18:45
0.2682926829268293,من الحسَد دولاب ايامي ان برم                        وصار كل سَاعه بزيد نفور وينصرم,train_006792,../data/muharaf_prepared_resized/train/train_006792.png,Valid but hard,,من الحسَد دولا ب ايامي ان برم                                   وا السَ سَد و نرم,2025-11-28T11:18:46
0.2682926829268293,والناولون الى كولومبيا لا يعزها الشيخ علي,train_020737,../data/muharaf_prepared_resized/train/train_020737.png,Valid but hard,,والناون مى كتروبا لا يعزها الن شيخ عالي,2025-11-28T11:18:47
0.2682926829268293,بطريقة اوتوماتيكية . وبكل سرور ورضى وقبول,train_010461,../data/muharaf_prepared_resized/train/train_010461.png,Valid but hard,,بطريقه التر ما تبكية. وكل سرور رض وقبول.,2025-11-28T11:18:48
0.2682926829268293,...على ارض يصل شط الفرات هناك بضنا الجادر,train_014988,../data/muharaf_prepared_resized/train/train_014988.png,Valid but hard,,.صر اخر على ارض شال شط الفرات هناك نضنا الجارر,2025-11-28T11:18:49
0.2682926829268293,لماذا يا اخي يتبادر الى ذهنكم سؤ الظن قبل,train_019803,../data/muharaf_prepared_resized/train/train_019803.png,Valid but hard,,عاذا بيافي يتبادر الى ذهنكم أسؤظف قبل,2025-11-28T11:18:52
0.2678571428571428,فلو كنت قادر ان اطير واقبل لكم من قلبي المجروح من الفراق,train_020473,../data/muharaf_prepared_resized/train/train_020473.png,Valid but hard,,فلو كنت فاد ان اطير واقمل انكنم خلى المحروح من الشر,2025-11-28T11:18:53
0.2678571428571428,١٣٥    نبلغ حضرتكم صورة التعليمات الصادرة الينا من النيابة المامة الاستئنافيه المبين صورتها اعلاه وقبول الاحترام,train_015675,../data/muharaf_prepared_resized/train/train_015675.png,Valid but hard,,٢ بلغ ضرم ومة التبلمات الصارة النيا من الباية العامة الاستنافيه المبين صرنها الا قول احترام,2025-11-28T11:18:54
0.2676056338028169,حضرة الاب الخوري يوسَف حنا الحديث قائلًا. انا الذي عمدت ابن سَليم معيكى,train_010207,../data/muharaf_prepared_resized/train/train_010207.png,Valid but hard,,حضرة الاب الخوري يوسف حنا الحديث قائلاً. انا  متوت اسَلم عليم يكي,2025-11-28T11:18:55
0.2676056338028169,"المجلس الحساب القطعي عن ١٩٦٦ وبلغ النقد المدوّر لسنة١٩٦٧ ٢٩١٢٧,٩٦ / ل.ل",train_013014,../data/muharaf_prepared_resized/train/train_013014.png,Valid but hard,,المجلس الحساب القطي عن ١٩٦ وبلغ الكند المذورة لسنة ١٦٧٦١٧٠/ل..,2025-11-28T11:18:56
0.267515923566879,ان يعترض على الحكم الا فيما يمسَ حقوقه فقط كما فى المادتين الـ١٦١ والـ١٦٩ من قانون المحاكمات الحقوقية واعتراضه على عدم ارسَال المحكمة ثلاث بوصلات دعوة للمدعى,train_016076,../data/muharaf_prepared_resized/train/train_016076.png,Valid but hard,,اعن عض عضلى المكم الماي سَ ق قط افى الماديتن ال١٨ وال١٦٧ من قانون المحاكمات الحقوقية واعتراضه على عدم رسال المحمة لا باوة وولة ولدعى,2025-11-28T11:18:57
0.2674418604651162,الحور برهجة اشكالو                                                  مطفطف عالاربع جهات,train_007318,../data/muharaf_prepared_resized/train/train_007318.png,Valid but hard,,والح                                                    ط ط الع جاتا,2025-11-28T11:18:58
0.2672413793103448,القطلبة المعروفة مني بالذات وبحضوري وحضور الشاهدين مطانيوس يوسف سركيس وخليل ابرهيم الياس خطار كلاهما من القبيات صدقت,train_010113,../data/muharaf_prepared_resized/train/train_010113.png,Valid but hard,,القطلبة المروة ضي بالذات وبخوري وضور الشاهدبن مطانيوس يوسف مركيس وحلي اريم الماس ضاه كاها ما  الون,2025-11-28T11:18:59
0.2671755725190839,واليه ومنه بثمن قدره الفان غرش عملة دارجة باعتبار الليره الافرنسَية ماية وواحد واربعون غرشاً قبضه البائع من الشاري بمجلسَ عقده نقدا,train_015977,../data/muharaf_prepared_resized/train/train_015977.png,Valid but hard,,واليه يه ن ن دن الافن عر علة اة بغار الميه الافرسَية باية واح اربعون غرشاً قيضه البائع من الشاري جملس عده تقداً,2025-11-28T11:19:00
0.2666666666666666,فى ١٨ ك٢  ٩١١  الخورى بطرس حسن,train_008580,../data/muharaf_prepared_resized/train/train_008580.png,Irrelevant / signature,,ى ١ ك٢ ٩١ الخورى بطرسس,2025-11-28T11:19:17
0.2666666666666666,اخي ومهجت فوادي موسي حفظك الله,train_000374,../data/muharaf_prepared_resized/train/train_000374.png,Valid but hard,,اخي وصيحة فوالدي موي ضفك الله,2025-11-28T11:19:23
0.2666666666666666,غب لثم ايديكم والثماسَ دعاكم. نعرض. كون الان حطونا بتحريركم الحاوي رفضكم قبول الجنازات في كنيسَتكم اي دير,train_008874,../data/muharaf_prepared_resized/train/train_008874.png,Valid but hard,,غب لثم ايم والان عاكم. ونعضة كون ان طونا بتحركم الحاوي رفضتكم قبول الجات في يتم اير,2025-11-28T11:19:24
0.2666666666666666,BUFFALO STREET.,train_011119,../data/muharaf_prepared_resized/train/train_011119.png,Script mismatch (non-Arabic),,BUALO STET.,2025-11-28T11:19:27
0.2666666666666666,اذا امكن بعد قرأتك هذا التحرىر,train_005662,../data/muharaf_prepared_resized/train/train_005662.png,Valid but hard,,اذا كل بد قراستك هذا التحر,2025-11-28T11:19:34
0.2666666666666666,يصل نصراني من اهل الدير جاية لها القايمقم ...,train_015018,../data/muharaf_prepared_resized/train/train_015018.png,Valid but hard,,صل نرين من احل الدير جائة لنها القايو. .,2025-11-28T11:19:35
0.2666666666666666,موشح  . . . غزل,train_006780,../data/muharaf_prepared_resized/train/train_006780.png,Valid but hard,,موشح  . عغزل,2025-11-28T11:19:35
0.2666666666666666,٧٢ اثنين وسبعين,train_015586,../data/muharaf_prepared_resized/train/train_015586.png,Valid but hard,,٢ اسين وسعين,2025-11-28T11:19:39
0.2666666666666666,وثلاثمايه والف.,train_015645,../data/muharaf_prepared_resized/train/train_015645.png,Valid but hard,,وثلاثاي والغا,2025-11-28T11:19:41
0.2666666666666666,ان يردوها اليه.,train_019914,../data/muharaf_prepared_resized/train/train_019914.png,Valid but hard,,اوا يردوما اليه,2025-11-28T11:19:42
0.2666666666666666,سلام خصوصي لحضرة الحاج الدسوقي,train_016988,../data/muharaf_prepared_resized/train/train_016988.png,Valid but hard,,سلام خصوصي طرة الاحم الدوفي,2025-11-28T11:19:43
0.2666666666666666,الخورى بطرس حبس,train_009003,../data/muharaf_prepared_resized/train/train_009003.png,Irrelevant / signature,,الخورى بطرس,2025-11-28T11:19:48
0.2666666666666666,هاتف : كابين بتدين اللقش لبنان,train_011486,../data/muharaf_prepared_resized/train/train_011486.png,Segmentation error,,هاف : كاين بتدين القشن,2025-11-28T11:20:01
0.2666666666666666,MERAAT-UL-GHARB,train_002312,../data/muharaf_prepared_resized/train/train_002312.png,Script mismatch (non-Arabic),,MERA-UL-ARB,2025-11-28T11:20:04
0.2666666666666666,في ٢ ايلول ١٩٤١,train_013864,../data/muharaf_prepared_resized/train/train_013864.png,Valid but hard,,في ٢ ايلول سنه ١٩٤١,2025-11-28T11:20:08
0.2666666666666666,١٠ سىاط سنة ٩٣٦,train_010147,../data/muharaf_prepared_resized/train/train_010147.png,Valid but hard,,١٠ سطر سنة ١٩٣٦,2025-11-28T11:20:17
0.2666666666666666,طلع الخوري نجيب سرسق الى الوابور سلمان كتاب من الخوري إسكندر,train_015253,../data/muharaf_prepared_resized/train/train_015253.png,Valid but hard,,طلع الوا جنيب رق اله الوابور سلمنا كاب من اخوم اسندر,2025-11-28T11:20:28
0.2666666666666666,(٢) عاصمة ايران,train_003224,../data/muharaf_prepared_resized/train/train_003224.png,Valid but hard,,عاصمة ايران,2025-11-28T11:20:32
0.2666666666666666,فليكتب الى توفيق بسرعة شيطانية,train_018989,../data/muharaf_prepared_resized/train/train_018989.png,Valid but hard,,فليكتب الى لا شيق نسرعة شطايفة,2025-11-28T11:20:33
0.2666666666666666,ولا أزال أتجنّبه. كما لفتني اعتادُه المسودَّة,train_014809,../data/muharaf_prepared_resized/train/train_014809.png,Valid but hard,,ولا أزال الجنَّه م لفبتي عتمادُه المسَودّة,2025-11-28T11:20:34
0.2666666666666666,بيتغنج من جما لو                                                      بيعمل حرفي بالنسَمات,train_007323,../data/muharaf_prepared_resized/train/train_007323.png,Valid but hard,,بي                                                       ب ب ب ل سمات,2025-11-28T11:20:35
0.2662721893491124,بايعها طوبيا البحرى وبطرس وجبرايل وطنوسَ اولاد عيسَى شمشوم متصلة اليهم بالارث الشرعى عن مورثهم الاول الخورى يوسَف شعيا وقد وقعت بنصيبهم بالقسَمة العادلة التى جرت بين شيت,train_016162,../data/muharaf_prepared_resized/train/train_016162.png,Valid but hard,,بايعى بوب الطرى وطوى وطيَ ونوسَ والا عيى شعوم مصلة اليهم بالات الشرعى عن مورثهم الاول الخورى يوسَف شي وقد وقت بتضهم بالسَمة الالة التحترية بديت,2025-11-28T11:20:40
0.2660550458715596,الخمسة المذكورين في سياق الضبط لكلٍ منهم نصف ريال حكماً وجاهياً قابلاً  الاستناف والتمييز ضمن المدة القانونية,train_015517,../data/muharaf_prepared_resized/train/train_015517.png,Valid but hard,,مسة المكوري في ساق الضب كل منم نصف ريال حكماً وجاهيا قالً الاستان والمين مة الم اليه,2025-11-28T11:20:44
0.2658227848101265,الاعمال التي لا يستقيم فيها خير حكومتهم ولا خير البلاد. نوحيها المصلحة الخاصة -,train_001149,../data/muharaf_prepared_resized/train/train_001149.png,Valid but hard,,الا لي لتقيم يها خير مكومنهم ولاخير البلاد. وجها الحصحة الخاصة,2025-11-28T11:20:45
0.2658227848101265,الموظفين الفرنسين قد استعيض عنهم بالكثير الكثير من الاختصاصيين في حقل المساعدات,train_011949,../data/muharaf_prepared_resized/train/train_011949.png,Valid but hard,,الموطظفين الفرسين قد استعيض عنهم بالكثير الكثير من    ال السات,2025-11-28T11:20:46
0.265625,فقد اغتنم الحسن الفرصة في انهزام فرنسه في حربها وبروسية سنة ١٨٧٠,train_000877,../data/muharaf_prepared_resized/train/train_000877.png,Valid but hard,,فقد اتم المس الفرضمة أنزام فرنسه في جربها ورسية سنة ٠,2025-11-28T11:20:47
0.2654867256637168,تلك البساطه القلبية التى انت ممتاز بها ومن جهة اخرى تاسفت كثيرا لانك بالوقت الذي به تريد ان تكشف الضلال عن مخيلتى,train_005650,../data/muharaf_prepared_resized/train/train_005650.png,Valid but hard,,للكن البة اللية اليى الت ماليها ومن خهة احرينا سفت كثير لانك الوقت الذي به تيد ان كشف الفال عل خيلى,2025-11-28T11:20:54
0.2653061224489796,قوى يوقفني على ظهر الاوتومبيل قبل بكثير ما الهواء,train_020692,../data/muharaf_prepared_resized/train/train_020692.png,Valid but hard,,قوي يوفتي على ظهر الاوتو قبل ت بكذر فا الهوار,2025-11-28T11:21:20
0.2650602409638554,فبالنتيجه مررت على حيفا فكنت قبلا ضربت تلغرافا لعمى ابراهيم واخبرته بذلك فلاقاني مع,train_005625,../data/muharaf_prepared_resized/train/train_005625.png,Valid but hard,,فبالنيه ورت على حيف فكنت قبلا ضرب تلفرفا لعلى برهيم واجزتة بذك فلان وجو,2025-11-28T11:21:20
0.2649572649572649,غب لثم اناملكم الطاهرة المقدسَة والتماسَ البركة من فمكم الاقدسَ علي الدوام. المعروض لسَيادتكم بانوا قد حضر الاب يوسَف,train_008894,../data/muharaf_prepared_resized/train/train_008894.png,Valid but hard,,غب لثم انالثكم الطاهرة المقاوسة والماسَ البركة من فمكم الاوسَ علي الدوام المض اسَيتام دا ادا ال َ,2025-11-28T11:21:21
0.2649572649572649,الذوق حيث دعيت اليه انا يوسف الزمز الكاتب العدل بالقبيات السيدة نزها ابنة طنوس ساسين زوجة طنوس ابرهيم نادر من القبيات,train_010112,../data/muharaf_prepared_resized/train/train_010112.png,Valid but hard,,الل ت  لا الن يوسف الذ الكاتب العول بالقبيات السيد نزها بنة طنوس ساسيف راجة نوس اريم مر من البيات,2025-11-28T11:21:23
0.2647058823529412,وبيقفى ايدي ضربت على النجوم                    كل اصبع شق وادي بخدها,train_006773,../data/muharaf_prepared_resized/train/train_006773.png,Valid but hard,,ويقفى ايدي ضريت على النجوم                               الي ايا ي يخدها,2025-11-28T11:21:24
0.2647058823529412,واقبلوا اعتىاري فى ١١ تمرر سنة ٩٣١,train_013613,../data/muharaf_prepared_resized/train/train_013613.png,Valid but hard,,واتبلوا العتاري ١ تر سنة ٩٣١,2025-11-28T11:21:28
0.2647058823529412,تماماً.	اختم بقبلة لحيتكم وعوارضكم,train_001712,../data/muharaf_prepared_resized/train/train_001712.png,Valid but hard,,تماماًا. اخم بقلة حيكم وعورفتكم,2025-11-28T11:21:31
0.264367816091954,بصبوص عين العشق من ذاتو                                                   عالدرب يهديها,train_006675,../data/muharaf_prepared_resized/train/train_006675.png,Valid but hard,,بي                                                             اد يديها,2025-11-28T11:21:36
0.264367816091954,وبيصير يخروع حالو                                                     تا يبوسَ شربيناتو,train_007324,../data/muharaf_prepared_resized/train/train_007324.png,Valid but hard,,وي                                                           اشاي بياتو,2025-11-28T11:21:36
0.2641509433962264,الكتابية وبما ان رئيس البلدية اضطر لاجراء عدة اتصالات,train_016546,../data/muharaf_prepared_resized/train/train_016546.png,Valid but hard,,اكتتع يه وبما ان رئيس البلدية اخط لاجراء عدة اصالات ومراح,2025-11-28T11:21:37
0.2641509433962264,اينما حلت لانها حية برضا الله ورضاكم لانكم شملتموني بعنايتكم في ايام صعبة وفي الايام الرحبة اما انا فاعدها,train_005260,../data/muharaf_prepared_resized/train/train_005260.png,Valid but hard,,البنما لت لناهية غضا له ورضاكم لاتكم ملتمون بعنا بكم في ا صية وفي الايام الرية الا ا فقدها,2025-11-28T11:21:47
0.2641509433962264,لما جرى على طور سًينا منذ ... كذا آلاف من ألا...جيال.,train_002126,../data/muharaf_prepared_resized/train/train_002126.png,Valid but hard,,لما جرى على طورشينا مذ . ذا الاف م لأان جيال.,2025-11-28T11:21:48
0.2637362637362637,غب الانحنا للثم راحاتكم المقدسة الكرام بكمال التوفير ووفور الاحترام واغتنام بركتكم واستمطار,train_009114,../data/muharaf_prepared_resized/train/train_009114.png,Valid but hard,,غب ا الثم الام المدكمة الراكم بمال التوفير ودوفور الاحترام وانام بركم وستطار,2025-11-28T11:21:49
0.2637362637362637,بحاكي الرياح بلكي عا دربا بتقشعوا                            يماات بلكي عليك شي مرا بتسَمعو,train_006819,../data/muharaf_prepared_resized/train/train_006819.png,Valid but hard,,بحاي الرياح بكي عا ور با بتقشعوا                                        ي الي اي  شسمعو,2025-11-28T11:21:50
0.2637362637362637,الظرف الحالك، إلا هنا، حتى غدا هذا اللقاء الدوليّ مناسبةً تُنتظر وتُعدُّ، ارتقاباً لحلولها،,train_008098,../data/muharaf_prepared_resized/train/train_008098.png,Valid but hard,,الظرف الحالك، الا ه، حت دام اللقاء الحوليّ مناسية ُنتظر وتُقدّ، رقاً لوا ها,2025-11-28T11:21:51
0.2637362637362637,وعا زنودها بتصير تنقلنا                                            من حضن حبقا الحضن جارتها,train_007198,../data/muharaf_prepared_resized/train/train_007198.png,Valid but hard,,وعازودمنا يتير ن                                              م من ا ارتها,2025-11-28T11:21:51
0.2631578947368421,باعها من بولسَ المكارى من محله بتمن الفى قرش على انه يعطيه بقيمة ذلك توت بجوار بيته من قطعة اشتراها من ريسَة دير مار سَمعان القرن وحيث ان صك شراه لم يكن,train_016271,../data/muharaf_prepared_resized/train/train_016271.png,Valid but hard,,اباه عن ل المكار من حه من الاف رى على انه بعطيه بتمة ذل توت بجوار بيه من قطعة اشتراها من رسَة ويرار سما القرفن وحرين ان ش ام م كين,2025-11-28T11:21:52
0.2631578947368421,تعبان من حملة هواك والجفا                                            ولا قسَي قلبي ولا قلبك رحم,train_007364,../data/muharaf_prepared_resized/train/train_007364.png,Valid but hard,,تعيان من مل حاوك ا ف                                            ا ق قل لرحم,2025-11-28T11:21:59
0.2631578947368421,لا تناسب غريب متلي يريد لنفسه من الفرص,train_020649,../data/muharaf_prepared_resized/train/train_020649.png,Valid but hard,,لا تياسيا غريب مثلي بريد ليسنفيد من الفرض,2025-11-28T11:22:00
0.2631578947368421,في 2 ايلول سنه 1940,train_013691,../data/muharaf_prepared_resized/train/train_013691.png,Valid but hard,,في ٢ ايلول سنه ١٩٤١,2025-11-28T11:22:04
0.2631578947368421,لما ببو عينها زق                           وتلفت صوبي مره,train_006627,../data/muharaf_prepared_resized/train/train_006627.png,Valid but hard,,لما بيبو عينك زق                                      وتف مره,2025-11-28T11:22:07
0.2631578947368421,وتاكون مره ما كسَرت بخاطرك                        من كل قلبي بقول الله يوفقك,train_006734,../data/muharaf_prepared_resized/train/train_006734.png,Valid but hard,,وتاكون مره ما كسَرت بخاطرك                                    م لبل بلب بي لوقك,2025-11-28T11:22:08
0.2631578947368421,واول ما قلي تا انسَلخ قلبي عليه                                  ليل الما فيش نصيب ليتو ما يكون,train_006928,../data/muharaf_prepared_resized/train/train_006928.png,Valid but hard,,ا ول ما قليا اسلخ قلبي عليه                                     لي الي اي يون,2025-11-28T11:22:09
0.2631578947368421,اكرر لثم يديكم وطلب دعاكم. اطال الله وجود سَيادتكم الداعي,train_004267,../data/muharaf_prepared_resized/train/train_004267.png,Valid but hard,,اكرر لم يدكم وطب رعاكم. احال الله رجو بكم الدا,2025-11-28T11:22:11
0.2631578947368421,رجع فهمان وجلس . . ورجع الرجل الى جميل,train_017541,../data/muharaf_prepared_resized/train/train_017541.png,Valid but hard,,جه فهما وجلس ورجع الرجل ان حميل,2025-11-28T11:22:12
0.2631578947368421,٢١ تشرين الاول ١٩١٩,train_003434,../data/muharaf_prepared_resized/train/train_003434.png,Valid but hard,,٢١ تشرين الاول سة ١٩٣١,2025-11-28T11:22:15
0.2631578947368421,نمرو ٦٤ اربعة وستين,train_015346,../data/muharaf_prepared_resized/train/train_015346.png,Valid but hard,,نرو ٩٤ ربة وسَين,2025-11-28T11:22:17
0.2631578947368421,لبنان في ١٧/١٠/١٩٦٠,train_000000,../data/muharaf_prepared_resized/train/train_000000.png,Valid but hard,,لبنان في ١٩٧/٠/٦,2025-11-28T11:22:18
0.2631578947368421,ذكيه كيف حال توترها,train_020579,../data/muharaf_prepared_resized/train/train_020579.png,Valid but hard,,للية كيف حال تونترها.,2025-11-28T11:22:21
0.2626262626262626,الاخرون فهذا من مقتضيات العدل والانصاف (١) فمن ثم اريد ان ابرهن لك انك انسبقت فى حكمك عليّ وانك انت,train_005656,../data/muharaf_prepared_resized/train/train_005656.png,Valid but hard,,الاخون فغقدا ا متقينا العلد والانصاف اليا من ثم ازيد ان ابرهن لك انك اسَبعت فى حكم علي اك النت,2025-11-28T11:22:23
0.2622950819672131,وسَياً فهذا خرب الرهبان اذا انهم بغياب الريس قطعو معنا كل علاقه كله فشكيت من ذلك لكاتم الاسرار وهذا انبههم والوكيل على سوء,train_005716,../data/muharaf_prepared_resized/train/train_005716.png,Valid but hard,,وسَيداً فاذا خذر البا ان اهم بيات الريق قطول معن كل علاكه فشكي جن ذلك لكات الابشرا وذا ايهم والكل على سوء,2025-11-28T11:22:24
0.2619047619047619,وديت روحي بطين جراها                                                     ردها الاهلا,train_006673,../data/muharaf_prepared_resized/train/train_006673.png,Valid but hard,,ول                                                       رهالها,2025-11-28T11:22:25
0.2619047619047619,مع قبلات كل افراد العائلة هنا         اخوك,train_010328,../data/muharaf_prepared_resized/train/train_010328.png,Valid but hard,,مع قبلات كل افراد العالية هنا احوك,2025-11-28T11:22:26
0.2619047619047619,امين : ما معى غير // ٢٥ //  ما بقي غيرهم .,train_017299,../data/muharaf_prepared_resized/train/train_017299.png,Valid but hard,,امين: ما معى غيل /٢/ م بي غيرهم.,2025-11-28T11:22:27
0.2615384615384615,لأَنّها ضمن صندوقة خشب ثمَّ أخبرك عن رجوعي من البيت أخذتُ تحريركم,train_011698,../data/muharaf_prepared_resized/train/train_011698.png,Valid but hard,,لأّها صن صدقة خب ثم أبرك عن رجوي من البيت اخت احركم,2025-11-28T11:22:28
0.2615384615384615,تدافع عن حقٍ؟ الم ترَ انه               ضحية ظلمٍ دفنتها الشرائعُ,train_004089,../data/muharaf_prepared_resized/train/train_004089.png,Valid but hard,,تدافع عن حقٍ؟ الم ترَ انه                   ن  ل لئعُ,2025-11-28T11:22:29
0.2615384615384615,ولكننا نظلم الحكام المحليين اذا افترضنا انهم جميعًا مثل ما ذكرنا.,train_001154,../data/muharaf_prepared_resized/train/train_001154.png,Valid but hard,,ولكنانلكم الحام الحلبين اذا افترضنا رنه ميا عل م مكنا.,2025-11-28T11:22:30
0.2615384615384615,نهيب بغل عزيز موسي جبور في ارض عقبة شدرا آخر حدود عكار بارض الحصن,train_008618,../data/muharaf_prepared_resized/train/train_008618.png,Valid but hard,,هب بل عزين مسي جور فى ارض عبة شد اخر حدود قار بارض اض,2025-11-28T11:22:31
0.2615384615384615,الأكبر، واني واثق بالله وبمولاي الغازي اننا سنتغلب على هذا العدو.,train_003319,../data/muharaf_prepared_resized/train/train_003319.png,Valid but hard,,الاكبر. واني واثق اله بمولاي الفازي المظفر  على هذا العدود.,2025-11-28T11:22:32
0.2613636363636363,كان لسيادته رحمه الله من المبرات فى خدمة الدين والانسانية فكان نبراس العلوم والفضائل فقد,train_004458,../data/muharaf_prepared_resized/train/train_004458.png,Valid but hard,,كا سيده ه اله من المبرات فى خدمة الين والاسَاية كان بس العال والائف قد,2025-11-28T11:22:32
0.2608695652173913,بيروت / ١٠ مارس سنة ٩٢٧,train_015667,../data/muharaf_prepared_resized/train/train_015667.png,Valid but hard,,كروت ١٠ ماريل سنة ٩٢٧,2025-11-28T11:22:40
0.2608695652173913,ثم صدقنا ورقتنا مع .. من بعض ..كان على الاسكلة,train_015210,../data/muharaf_prepared_resized/train/train_015210.png,Valid but hard,,م صدفنا ورقتنا مع .له من بعرس الدي كان على الاسكل,2025-11-28T11:22:46
0.2608695652173913,أأبسم والاخلاق يطمي فسادها               وظلم الموالي موكب اثر موكب ؟,train_004099,../data/muharaf_prepared_resized/train/train_004099.png,Valid but hard,,أبسم والاخلاق يطمي فسادها                   للل الك ال  كب؟,2025-11-28T11:22:51
0.2608695652173913,سنرسله عاجلا ونفهمك عنه,train_010364,../data/muharaf_prepared_resized/train/train_010364.png,Valid but hard,,سرمله عاجلاً وفهحمك عن,2025-11-28T11:22:57
0.2608695652173913,مريجات في ٣١ اذار / ٩٠٨,train_001861,../data/muharaf_prepared_resized/train/train_001861.png,Valid but hard,,مريجات في ٣ اليار ٩٠٦,2025-11-28T11:22:59
0.2608695652173913,يهديه ااشواقًا فوق بدور,train_003809,../data/muharaf_prepared_resized/train/train_003809.png,Valid but hard,,يهديك اشواقوا اطون بدور,2025-11-28T11:23:00
0.2608695652173913,اليه، رافع منار الثقافة,train_019575,../data/muharaf_prepared_resized/train/train_019575.png,Valid but hard,,"الينّ"" رافع جثار الثقاقة",2025-11-28T11:23:01
0.2608695652173913,حضرة الاخ الاعز المحترم,train_001728,../data/muharaf_prepared_resized/train/train_001728.png,Valid but hard,,محصرة الاخ الاعذ الحدّم,2025-11-28T11:23:03
0.2608695652173913,رأيتني اشحذ القلم واللسان بالانكليزيةـ واحبِّر,train_000641,../data/muharaf_prepared_resized/train/train_000641.png,Valid but hard,,يني استخد القلم واللسان بالانكيزية، واحتبر,2025-11-28T11:23:05
0.2606060606060606,وكان هذا البيع سَبباً لهلاك دين سَابق بذمة البايعين فملزوم بدفع متل التمن المسَطر لهذه المحكمة وبناءً على ما ذكر حكم بصحة البيع وتسَجل صكه بحسَب النظام شهود المصادقة,train_016153,../data/muharaf_prepared_resized/train/train_016153.png,Valid but hard,,وكا هنا بي سَيا بلا ين سَاق دمن الباين مزوم بع شمل التمن المسَطر هذه الحكمة وبناءً على ما كر حكم بصحة البع وسَح ح بسَب الن هو الصاحرة,2025-11-28T11:23:06
0.2605042016806723,حنا لا يزال مجاهد في بيعه ويوجد امل بهذه كي يقدر يتصرّف واذا لا فنقنّعه يأخذ نصفه ونصرف عليه اثنيننا مناصفة الى ان يرهم,train_014984,../data/muharaf_prepared_resized/train/train_014984.png,Valid but hard,,ضنا لا ل ما ي يعه وجد امل هذا الكم يوم يتصرّف واذا لا فنققه ماخذ نصفه ونصرف عليه التنين ن صة الى ان يرهم,2025-11-28T11:23:07
0.2602739726027397,وبليلة الما كان سَاهرها حدا                    عا مذبح الهجران يتماوج دمي,train_006752,../data/muharaf_prepared_resized/train/train_006752.png,Valid but hard,,وبليلة الما كان سَاحرها حدا                             اا ا اه دي,2025-11-28T11:23:08
0.2602739726027397,حتى بزفيري يحترق عشب الربيع                     ونيسَان تتشولط جعودو كلها,train_006747,../data/muharaf_prepared_resized/train/train_006747.png,Valid but hard,,حتى بزفيري يحترق عشب الربع                                  ن    كلها,2025-11-28T11:23:09
0.26,بضائع كافية وابيع اكتر منهم. فكان فلره صاحبكم أيوب,train_020996,../data/muharaf_prepared_resized/train/train_020996.png,Valid but hard,,بضائع كامية واجميع الكترمهم ثكان مكره صاحيكم ايو,2025-11-28T11:23:10
0.26,في الوادور الفرنسواي في شركة (ميساوي) اسمه (جورمن),train_015193,../data/muharaf_prepared_resized/train/train_015193.png,Valid but hard,,الابور الفرنساي من شركه (ميساجي) اسن (جور من),2025-11-28T11:23:11
0.26,وصلنا الخان ورتناهم و... واكلنا القمح واسترحنا ...,train_015186,../data/muharaf_prepared_resized/train/train_015186.png,Valid but hard,,صلنا نحات ورتناهم و.م واكلنا لمد استرحنا ج.,2025-11-28T11:23:12
0.26,ودوا بعطيك نتفة قابلييّ     لأنك عم بتضعف يا ضنايي,train_007678,../data/muharaf_prepared_resized/train/train_007678.png,Valid but hard,,ودوا بعطيك نقة قابلي     لأمك عل بتطع في اخناي,2025-11-28T11:23:12
0.26,منا الجمعة ريان وحمص فاجبنا كلبهم وجبنا المزين ...,train_015170,../data/muharaf_prepared_resized/train/train_015170.png,Valid but hard,,نا الجماع رينات وحم فاجنا طلهم وجبنا المزين ولهم,2025-11-28T11:23:13
0.26,ان توضع هذه الكتابات حالًا وتُرسل في اقرب وقت ممكن,train_020067,../data/muharaf_prepared_resized/train/train_020067.png,Valid but hard,,ان يتض هذه الطباً حاً وُرسل في اقهب وقت مكب,2025-11-28T11:23:20
0.2597402597402597,شايعة بقطعة ارض زيتون بالصوان نمرو ٢٣٩ قيراط ٥ حبه ٦ يحدها من الاربع جهات، ملك الشيخ كنعان الضاهر وابن اخيه الشيخ ضاهر وبقطعة ارض سَليخ وزيتون وتوت ومختلف,train_016111,../data/muharaf_prepared_resized/train/train_016111.png,Valid but hard,,سايعة بقة الرين بين والا ن ٥ قر د يدها من الابع جهات، ملك الشيخ كفان المضار وان اخيه الشيخ خاهر وبقطعة ارض سَليخ وزيون وتوت وخلف,2025-11-28T11:23:22
0.2597402597402597,ولم يبق لنا بذمته بارة النرد بيعاً وشراءً صحيحين شرعيين باتين نافدين لازمين مرعيين خاليين من الغبن والغرر والاكراه والاجبار والتخلية والاطوار وكل شرط فسَد,train_016183,../data/muharaf_prepared_resized/train/train_016183.png,Valid but hard,,ولم بن م بارة الرة بياً وشرً حيمن شرعين باتين نافدين لازين مرعينخالين من الفين والفر والاكرا والاجار والخية والاور ك ش ش,2025-11-28T11:23:23
0.2592592592592592,الساعة ١٢ من النهار والبلد معنا والهواء نوعًا قليل حتى,train_015141,../data/muharaf_prepared_resized/train/train_015141.png,Valid but hard,,الساعة ٩ ة الهاد ولر معنا رالهواء نوعاً تليل حتى,2025-11-28T11:23:29
0.2592592592592592,- المحبة تبني والبغضاء تهدم,train_006308,../data/muharaf_prepared_resized/train/train_006308.png,Valid but hard,,المحبة تبني والبغف انهدم,2025-11-28T11:23:31
0.2592592592592592,ومن سَرختكت ليش الحمام بتزوديه                       تا يخبرك اني على الفرقا بنوح,train_006658,../data/muharaf_prepared_resized/train/train_006658.png,Valid but hard,,ومن سَرختك ليش الحمام بتزوديه                                     اي الي الاي ل نوح,2025-11-28T11:23:41
0.2592592592592592,الصحافي والشاعر ميشال قهوجى,train_012379,../data/muharaf_prepared_resized/train/train_012379.png,Valid but hard,,الصحافي والشاعر مي وب,2025-11-28T11:23:45
0.2592592592592592,بلد مستجده طيبه مظهرها لطيف أسواقها حلوه بيوتها الأعلى,train_015097,../data/muharaf_prepared_resized/train/train_015097.png,Valid but hard,,بله مشحدة طيبة مظرها لطف اسواعها حلوم بيوتها الاجل,2025-11-28T11:23:46
0.2589285714285714,بفكر وان شاء الله الحين ورود تلغرافكم في بيروت تكون حضرة ويصير ... بموجب تفويضكم في بيروت الذي نحن بانتظاره فصور,train_014973,../data/muharaf_prepared_resized/train/train_014973.png,Valid but hard,,بفكر وان شاء الله حني ورود تلورافكم من جروت لن حضرة ويصير شحها موجب تور فيه مروت الذي نحن بانتعطاره. تصور,2025-11-28T11:24:11
0.2588235294117647,والغرام بيسَتحي فينا                                                    وبيصير تاركنا,train_007012,../data/muharaf_prepared_resized/train/train_007012.png,Valid but hard,,وال                                                       بي رنا,2025-11-28T11:24:12
0.2587412587412587,له صورة مصدقة عن الاسَتدعا المذكور وفى الوقت المعين حضر المعترض المحرر والمعلم بشاره طعمه الشويرى قاطن البترون بالوكالة المصدقة عن المعترض عليه,train_016291,../data/muharaf_prepared_resized/train/train_016291.png,Valid but hard,,له ورة قدة عى السَعا المذرور فى الوت المعين حضر المعرض المحرر والمعلم بشار عه الشور اطان البر بالماكة المة المضضة المض اليه,2025-11-28T11:24:16
0.2584269662921348,بالرضا والقبول والايجاب والتسلم والتسليم من الطرفين وقد خرجت كل قطعة من ملك مالكها الاصلي,train_000205,../data/muharaf_prepared_resized/train/train_000205.png,Valid but hard,,بالبرا والقولي والايب والسَلم والسليم من الطرفين وقد خرب كل فوه مل كا الاصلي,2025-11-28T11:24:18
0.2584269662921348,طايرا بقلبها وافكارها                                             ومكسَرا جناحاتها ومنتفي,train_007305,../data/muharaf_prepared_resized/train/train_007305.png,Valid but hard,,طاير ا بيتقلبها  واف ار                                              ا نتفي,2025-11-28T11:24:19
0.2580645161290322,الجمهور المنتظر عملنا بياناً عموميًا لاجل طيه واظنه برضي ارباب,train_005484,../data/muharaf_prepared_resized/train/train_005484.png,Valid but hard,,الجهور المتر طملنا باتاً مدياً لاطل طيه وانه بي اراب,2025-11-28T11:24:20
0.2580645161290322,لحضرة مختار وهيأة اختياره لقرية,train_000247,../data/muharaf_prepared_resized/train/train_000247.png,Valid but hard,,لحضرة قمار جهيئة اخثياره كرية,2025-11-28T11:24:24
0.2580645161290322,اني مرسل خمس ليرات لطوني وجانات,train_000345,../data/muharaf_prepared_resized/train/train_000345.png,Valid but hard,,اني مرسل بجانت خت ليرات لطوني وجانات,2025-11-28T11:24:26
0.2580645161290322,بعد قبلتك واهدائك الشوق انشالله تعالى تكوني انتِ وعائلتك بتمام,train_010449,../data/muharaf_prepared_resized/train/train_010449.png,Valid but hard,,بعد قبلك واهائك الشون الناله لقالى توني ات عالك تام,2025-11-28T11:24:27
0.2577319587628865,ولما تحوجني الضرورة اتم ذلك مثل غيري كاتب                          الضرورة اتمم ذلك متل غيري كاتب,train_008952,../data/muharaf_prepared_resized/train/train_008952.png,Valid but hard,,ولما تحدجني الضرورة اتم ذلك مثل غيري كاتب                                  للالا الحر الحرم ح اكاب,2025-11-28T11:24:28
0.2577319587628865,بالامكان التغاضي عن السَير بالكرم المذكور ولما كان هذا التهدم يؤدي على خطر محتم على جسَر قريب جدا,train_014165,../data/muharaf_prepared_resized/train/train_014165.png,Valid but hard,,لاكن ااي من السَيد بالكم المذكور ولما كان هذا الكمهم عؤودي على خظر متم على حر قي حداك,2025-11-28T11:24:29
0.2574257425742574,عرفت ان كهنة ديرهم الذين عمّا يقدسَوا بالدير متل الخوري ابراهيم الذريبى والصافتلي هولا معيَّن لهما ٢٥,train_008833,../data/muharaf_prepared_resized/train/train_008833.png,Valid but hard,,عرت ان كهنة براهم الذين عمًّ يندسَوا بالدير مثل الخوري براهم الذي والصافلي لا ي اا,2025-11-28T11:24:29
0.2574257425742574,عن حضرتكم %% وذلك غاية الوصية تكون عنا الرب الا الله يسال عنكم بقدير اتفاقيه ونحن من حين رضاكم ودعاكم,train_010989,../data/muharaf_prepared_resized/train/train_010989.png,Valid but hard,,عن نحضركم الا وذلك غاية الوصيدة تسَلون عنا الدب الله يسَا عنكم بعدير انعامه وتحنوا من حسن رضاكم وعاكم,2025-11-28T11:24:30
0.2574257425742574,وتوابعه وما يعرف به ويوكل اليه شرعاً بثمن سبعة واربعين الف قرش سَوري مقبوض تماماً بيعاً وشراءً صحيحين,train_015966,../data/muharaf_prepared_resized/train/train_015966.png,Valid but hard,,ونواعرد ما بعرفبه وبوك اليه شرعاً بهن سبعة واربعين اسف فرش سَوري بغورض فاما بيعاً وشرا جلين,2025-11-28T11:24:31
0.2571428571428571,"مبلغ أجمالي قدره / ١١,٥٠٠,٠٠٠/ل. ل.",train_013397,../data/muharaf_prepared_resized/train/train_013397.png,Valid but hard,,"بمبلغ أجمالي قدره ١,٠٠٠/ ل. ل.",2025-11-28T11:24:38
0.2571428571428571,....ودكان فيه نصراني يصرف ... واكثر,train_015147,../data/muharaf_prepared_resized/train/train_015147.png,Valid but hard,,... وكان فيه نصرني .صرف .. وو و,2025-11-28T11:24:39
0.2571428571428571,الحاج القبيات                               الدرىى القىىات                                    رعد القبيات,train_008954,../data/muharaf_prepared_resized/train/train_008954.png,Irrelevant / signature,,الحا                                             لد ى الى                                       اب,2025-11-28T11:24:44
0.2571428571428571,وبناءٍ على ذلك حكم والراى متفق فى الدرجة الاولى بتبرئة كلا هذين الشخصين مما عزي اليهما وبتضمينهما اشراكاً,train_015354,../data/muharaf_prepared_resized/train/train_015354.png,Valid but hard,,وبناء على الى حكم والمرى متق فى الدرجة الول بتراة كلا هذين الشخي م الزي الها وما شراً,2025-11-28T11:24:46
0.2571428571428571,استرداده متى شاء تحريراً ١١ ت١ ١٩١٩,train_015818,../data/muharaf_prepared_resized/train/train_015818.png,Valid but hard,,سترواده متى شاء تحريرً / ١ ب١٩٣١,2025-11-28T11:24:48
0.2567567567567567,دراهم المتوفى الباشا اتي لهنا فهو يشبه خليل غازي فمر لعند البطرك ونام هناك,train_005604,../data/muharaf_prepared_resized/train/train_005604.png,Valid but hard,,راهم العوفى البا اني لنا فهو يتي خليل غادي فر عتد البطرا وام نها,2025-11-28T11:24:49
0.2566371681415929,ما اشعر اني حسب العادة موجود فيما بينكم احدثكم وبلحظة ارى ذاتي بعيداً عنكم فيشملني الحزن والاسف واندب سؤ حظي الذي,train_016980,../data/muharaf_prepared_resized/train/train_016980.png,Valid but hard,,ما اسشوا ب العادة مو فنا بنكم احدتكم وبلخة ارى ذاتي بعياً عنك يشملي الزن والاس واندس وجطي الذي,2025-11-28T11:24:51
0.2565789473684211,هي ملك المدعى المحرر وبيده وتصرفه من عشرين سَنة واما الان فهى بيد المدعى عليهما وشاهداً اخر هو ابراهيم عبدالله من اميون وغب حلفه اليمين شهد بوصيه الوكيل,train_016004,../data/muharaf_prepared_resized/train/train_016004.png,Valid but hard,,هه المدك المعرى المحر وبيه وصوته من عرية سنة واما الن فهى بيد المعى ليها وشاهداً اضر هو ابرهيم عبد اله من ابنو وبغ له المي ه ه ال كل,2025-11-28T11:24:52
0.2564102564102564,على تحريركم هذه يطلع على كل شي ولا لزوم,train_010878,../data/muharaf_prepared_resized/train/train_010878.png,Valid but hard,,على تحريركم هن يضلع على كلي ولا,2025-11-28T11:24:55
0.2564102564102564,لا يكفي ان نتكلم على الجنوبيين في صبرهم,train_006335,../data/muharaf_prepared_resized/train/train_006335.png,Valid but hard,,لا كي ان نتكم على لجنوين اي هم,2025-11-28T11:24:57
0.2564102564102564,فى السَنة الاولى بكاملها كان دائماً يكلف الاخ بولس ذاته حتى يحرر له تحاريره ولما راى بعض فشي سرّ عَدَل فاغتاط الجماعة,train_005678,../data/muharaf_prepared_resized/train/train_005678.png,Valid but hard,,فسى السَة الالى بكلها انا اً يلف الاخ بلس راته حتى تحر له تكاريرُ ولبا راي يعض شي شرَ َد العاط الجاعة,2025-11-28T11:24:58
0.256198347107438,والتصرف به كتصرفها باملاكها الخصوصية اقراراً صحيحاً شرعياً بايجاب وقبول تحريراً في ٢٠ تشرين الثاني سنة ١٩٥ المقرة بما فيه,train_010106,../data/muharaf_prepared_resized/train/train_010106.png,Valid but hard,,والتر به تفراها بم كا الخصوصية اراً حياً شرعياً بيجاب وقبل تحرً في٢ شرين الثاني ن ٩ المرم من فايه,2025-11-28T11:25:07
0.2560975609756097,نعمائه وهىئًا للوظيفة التي نالتكم ونلتموها وهنئًا لكم بما رقيتم واذادكم الله علآءً,train_005855,../data/muharaf_prepared_resized/train/train_005855.png,Valid but hard,,نعائه وهناً لوطيفة التي نالتكم ونلتموها وهنا لكم باقيم واذام ال كر,2025-11-28T11:25:10
0.2560975609756097,وبكرا متى وصلت بنا الشط الحمام                        وموج الغنا طرطش على رفاريفها,train_007130,../data/muharaf_prepared_resized/train/train_007130.png,Valid but hard,,وبكرا متى وصلت بنا الشط الحمام                                   ول الى الرى فر رفها,2025-11-28T11:25:11
0.2558139534883721,لفًا اوراق التمغة اللازمة ورسم طابع المختار,train_000244,../data/muharaf_prepared_resized/train/train_000244.png,Valid but hard,,لفاً ادراض التمفة اللازية رسم اطمال المختار,2025-11-28T11:25:13
0.2558139534883721,لم نرى له اخ حتى يومنا هذا و...قيل كلمة علم,train_015229,../data/muharaf_prepared_resized/train/train_015229.png,Valid but hard,,م نرى له واخي حتى يومنا هذا وه  فل كلق على,2025-11-28T11:25:15
0.2558139534883721,بعد ان عجز عن افهامه بما كان يفهمه من اللغة,train_018873,../data/muharaf_prepared_resized/train/train_018873.png,Valid but hard,,بعد ان عز عن افهامه بما كان يفعمه,2025-11-28T11:25:25
0.2553191489361702,بكلوربة ايه انا حاعلم كستا سنه اتنين (pratique),train_011586,../data/muharaf_prepared_resized/train/train_011586.png,Valid but hard,,للوربة ايه انا حاعلم كستاسنه اثنين (e,2025-11-28T11:25:27
0.2553191489361702,ويعملون الطريق منزلين ... المنزل ليناموا قليلًا,train_014999,../data/muharaf_prepared_resized/train/train_014999.png,Valid but hard,,يعملون الطريق مانزلين . المرل لنانيوا قلاً,2025-11-28T11:25:29
0.2553191489361702,لو صار تراب الارض فرسَان ونصال                                  وموج البحر يفقش على الشاطي حمم,train_006857,../data/muharaf_prepared_resized/train/train_006857.png,Valid but hard,,لو صارة تراب الارض فرساى ونصال                                      ل لي ا حم,2025-11-28T11:25:30
0.2553191489361702,ولكن الله مهو زيدله يفرح شبابه ) اعز دني يانجال,train_010397,../data/muharaf_prepared_resized/train/train_010397.png,Valid but hard,,وكن الله رع بدله يفدح ثبابه) عزني يانجال,2025-11-28T11:25:35
0.2549019607843137,جانباً – برفقٍ، ارجوك، لا بعنف – وتستمر في التدخين،,train_000753,../data/muharaf_prepared_resized/train/train_000753.png,Valid but hard,,جانباً – يرفق ادو لغف – وتستمر في التخين،,2025-11-28T11:25:37
0.2549019607843137,يوم الخميس ٩ اذار طلعنا من القلعة الساعة ٨ من الليل,train_014992,../data/muharaf_prepared_resized/train/train_014992.png,Valid but hard,,يوم الثال الخيس ٩ اذار. طلعنا من الفلص الساعة من الليل,2025-11-28T11:25:43
0.2549019607843137,ارجوك أيها الأخ ان تطمن بالها فاني لا اخالف نصائحها,train_020481,../data/muharaf_prepared_resized/train/train_020481.png,Valid but hard,,فارجوك ايها الاخ ان طمن باليها فاني الالمجالف نصار,2025-11-28T11:25:45
0.2547770700636942,المدعى وقد اتصلت اليه بالشرا بموجب صك مسَجل من يوسَف جبور الشيخا الذى كان واضعاً يده عليها ومتصرفاً بها من مدة طويلة مما يؤكد كون القطعة ملك موكله وبيده اخذه,train_016382,../data/muharaf_prepared_resized/train/train_016382.png,Valid but hard,,المدى وقت اله البرا وب حكم سَل من يسَ جور الشينا الذى كان واضعاً يده عليها وتصرفا با من مدة وطية وم يك ون القعة له مكه ويه اخده,2025-11-28T11:25:46
0.2547770700636942,هذا الاعلام نسَختين من محكمة بدايه قضا البترون يعرض على عزتلو قايمقام الافخم كى غب اجرا ايجابه يسَلم لكل فريق نسَخة تحريراً فى ١٤ ربيع اول /٣٠٥ وفى ١٧ت٢ /٣٠٣,train_016214,../data/muharaf_prepared_resized/train/train_016214.png,Valid but hard,,هذا اللا عم سَتين من حكمة باي قضا الترون بعض على غرتو ايق ام الافم كى غب اجرا ايجابه سَلم ل في نسَخة تحريرً فى ري لس ٣٠ وى ١ س٣٠٣,2025-11-28T11:25:47
0.2545454545454545,امّا الكنائسَ بقيت سَالمة رغمَا عن اضرار خفيفة. والسَهل,train_004380,../data/muharaf_prepared_resized/train/train_004380.png,Valid but hard,,امّا الكناسَ فنفيت سَالمة دغماً عن اخرار خقيقة، والشهى,2025-11-28T11:25:48
0.2543859649122807,بتاريخ ادناه انا الموضوع اسَمي بذيله سليمان بن حبيب سليمان يعقوب العثماني من سبعل قد وكلت والدي حبيب المرقوم ليدفع,train_015834,../data/muharaf_prepared_resized/train/train_015834.png,Valid but hard,,بتاراخ ه انانا الموض اساي يه سليمان بن حب سليمان يعقوب العماني من سبل قتد ولت الدي بي المرم م,2025-11-28T11:25:49
0.2542372881355932,للمينا وجدنا مظهره لطيف للغاية من الجهتين محصن بالاستحصانات,train_015267,../data/muharaf_prepared_resized/train/train_015267.png,Valid but hard,,لينا وصدنا مطر لطيف للغايه من الجهتنين محصضن الرسح الان,2025-11-28T11:25:50
0.2542372881355932,كروش وهو بصحة جيدة ويرسل سلامه الى اهله واخوه الخواجة نقولا,train_020884,../data/muharaf_prepared_resized/train/train_020884.png,Valid but hard,,مكرورس وهو يصة جيدة وبرسل سلامه الى اصله واخو لحرا تقدلا,2025-11-28T11:25:51
0.2542372881355932,بان اعظم هدية عنده اني لا ازعل ولا اتعب وهذي هدية نعمه الله,train_010406,../data/muharaf_prepared_resized/train/train_010406.png,Valid but hard,,بان عظم هدية نده اني وازهل ولا لتعب وهذه هدية عه,2025-11-28T11:25:52
0.2539682539682539,المحكمه استدعا مقدم من اسَعد امطانيوسَ الشيخه العثماني من اهدن حاصله انه يطلب من خليل جبور الشيخا من محله مبلغ الفين وتسَعماية,train_016229,../data/muharaf_prepared_resized/train/train_016229.png,Valid but hard,,الا المحكمة استدعا معدم في اسَند انطائيرسَ الشيق العيمانى من هدن حاحله انه يطلب له من خليل جور الشيخا من مل مل الغاي وسَحمياية,2025-11-28T11:25:53
0.2539682539682539,... ووافت اللحظة الغرّاء حين غدا		عقدُ الاواصر مبنيّاً على خطلِ,train_008296,../data/muharaf_prepared_resized/train/train_008296.png,Valid but hard,,وانت الحخظة الغرار حين غدا عقدُ الاداهر مبنياً على خطلٍِ,2025-11-28T11:25:54
0.2539682539682539,ثلاثة قراريط من اصل اربعة وعشرون قيراطاً بكامل القطعة الأرض الشهيرة بمحلة صلان شراكة الحاج حسَين عويض عبد الباقي الكاينة بخراج,train_016744,../data/muharaf_prepared_resized/train/train_016744.png,Valid but hard,,اة ري امن ال اراعة وشرين قراطاً بكامل القطعة الأرض الشتيرة بحلة صلا شركة الحاح حين عريه حيد الاي الانية جرج,2025-11-28T11:25:55
0.2537313432835821,انما صار الو دين عند بعض اناسَ في العمشت واحوال ماشيت.. ..  واصل طه,train_018731,../data/muharaf_prepared_resized/train/train_018731.png,Valid but hard,,ما صار الوديز عند بعض اناس في الضن واحوالا ماشية. . واحل طرب,2025-11-28T11:25:56
0.2535211267605634,السَيدة ابنت عمكم وانجالكم المحروسين ودام الله شريف وجودكم للدوام سيديَ,train_018599,../data/muharaf_prepared_resized/train/train_018599.png,Valid but hard,,السيدة ابت م وانجالك والمروسين ودم الله شرف وجيودمَ للدوجح سَيدى,2025-11-28T11:25:57
0.2533333333333333,والسهر حتى السهر ذاتو                                مشركل الف غفوي برمشاتو,train_007116,../data/muharaf_prepared_resized/train/train_007116.png,Valid but hard,,والسهر حتى السهر ذاتو                                         كر لر الفر رشراتو,2025-11-28T11:25:58
0.2533333333333333,القرار الصادر بدعوى حبيب لحود عازار وداود شهدان نجم كليهما قاطنان قصبة جزين,train_015597,../data/muharaf_prepared_resized/train/train_015597.png,Valid but hard,,القرار الصادر بعوى حبيب لحور عزار وداد شهوان نخجيم ليم ا قنية رين,2025-11-28T11:25:59
0.2533333333333333,فريد التحيات. هذا وفي الختام اكرر تقبيل يديكم وطلب رضاكم ودعاكم ودمت سالمين,train_018061,../data/muharaf_prepared_resized/train/train_018061.png,Valid but hard,,مري حات. هذا وفي تام اكر قبيل يديكم وطلب رضكم وماكم وم ثاين,2025-11-28T11:25:59
0.2533333333333333,ازًا كفة حرن الى النية وقلة لها تسلخه ولدك الفين غرش كنهة حرك لها ذالك يكون,train_010965,../data/muharaf_prepared_resized/train/train_010965.png,Valid but hard,,اذً كنة حر% الى النة وقلبة لها سلمة ولد الفين غرش فاذً كنهة صررة لها ذاك يكون,2025-11-28T11:26:01
0.2533333333333333,الدنيا اذا افتخترت برفعة قدها                    شطرين في ضربة حسَامي بقدها,train_006763,../data/muharaf_prepared_resized/train/train_006763.png,Valid but hard,,الدينا اذا افتخرت برفعة قدها                            ر بي بي ي بدها,2025-11-28T11:26:03
0.2533333333333333,قضيت العمر سَهران انا وقلبي سَوا                نتلاطم تنيناتنا ببحر الولوع,train_006760,../data/muharaf_prepared_resized/train/train_006760.png,Valid but hard,,قضيت العمر سَهرات انا وقلبي سَوا              نن انا ا الوع,2025-11-28T11:26:06
0.2531645569620253,وحتى  المنية ان فتحت عليي بواب                     بسَتف الجماجم والعظام بسَدها,train_006770,../data/muharaf_prepared_resized/train/train_006770.png,Valid but hard,,وحتى المنية ان فحت علي بواب                   تا الا بلم َدها,2025-11-28T11:26:07
0.2531645569620253,راح الحبيب عا جناح نسَمات الغوى                       وبقيت وحدي قاعد بخلوة نوى,train_006650,../data/muharaf_prepared_resized/train/train_006650.png,Valid but hard,,راح الحبيب عا جناح نسَمات الفوى                                   قق ق ا ا لنوى,2025-11-28T11:26:08
0.2530864197530864,باسَقاط المدعى من حق المحاكمة وتضمينه العطل والضرر والمصارفات الرسَمية فتاجل النظر بطلبه لنهار الجمعة الواقع فى ١٣ ت٢ سنة ٣٠٣ قد حضر وكرر طلبه المسَطر فاعلن الرئس,train_016118,../data/muharaf_prepared_resized/train/train_016118.png,Valid but hard,,باسَقاف المدى عن حن المحاكمة وتضيه العطل والضرر والمارقات الرسمة فتاجل انظر بطليه لهار الجمع الواق ى س ٣٠ قر ر طلط السطة عر الرئس,2025-11-28T11:26:09
0.253012048192771,اعلام دعوى مرون ولطيفه بنتى جرجسَ شديد من مزرعة بيت ابي صعب مع يوسَف طنوسَ طربيه من,train_016254,../data/muharaf_prepared_resized/train/train_016254.png,Valid but hard,,اعلام عوى مرون وطليه بنتحر رجسَ شديد من زعة بيت اجب ع وسف اطسَ طريه من,2025-11-28T11:26:11
0.253012048192771,بتخمنو ورقة خريف تحت الغصون                          وابواب جفنو حارسَ عليها السَهر,train_007287,../data/muharaf_prepared_resized/train/train_007287.png,Valid but hard,,بتخمنو ورقة خريف تحت الغصون                                    وبوا ا ا الالَر,2025-11-28T11:26:12
0.253012048192771,متعلق بنا غير فنا حتى سيدي الوالد لم له تعلق %% وانا وثق بقي يدًا واحتى %% كانه ذاك,train_010934,../data/muharaf_prepared_resized/train/train_010934.png,Valid but hard,,متعلق بنا غير تحلافنا حتى سيدي الوالد لم له تعلق بذلك وانا وشقايقي يدا واحد فاذًا كان ذلك,2025-11-28T11:26:13
0.2527472527472527,فى السجل الموجود عندكم والمبادرة حالاً ببذل كلما في جهدكم لتحصيل مال هذه السنة مع مال سنتين,train_000234,../data/muharaf_prepared_resized/train/train_000234.png,Valid but hard,,في السجل الجوع اندكم والمبادة حلً بول كما في جدكم لخصي ل هذه النة معم الا شتين,2025-11-28T11:26:14
0.2526315789473684,"الجرم. وبناءٍ على ما تقدم وتوفيقاً للمادة الـ١٧٩ فقرتها الاولى من قانون الجزاءِ ونصها ""..."" حكم",train_015309,../data/muharaf_prepared_resized/train/train_015309.png,Valid but hard,,الجرم. وبناعا لا تقدم وتويقاً لمادة الـ١٣١ فقرتها الاولى من قون الجرء و . وحكم,2025-11-28T11:26:15
0.2524271844660194,فى الوصول الى النتيجة التى نسعى اليها جميعاً، ويشهد الله اننا لم نؤثر على المصلحة العامة شيئاً ولم نسعى,train_002645,../data/muharaf_prepared_resized/train/train_002645.png,Valid but hard,,فى الو لنى التية الن سى اليها جميعاً، ويشهد الله انتن لم ثور على المصلحة الشاةً وباً ومسع,2025-11-28T11:26:17
0.2524271844660194,مجيدى وخمسة بشالك وضربه ضرباً مولماً واشهار السلاح عليه وتهديده بالقتل وذلك على الطريق العام بخراج خربة,train_008636,../data/muharaf_prepared_resized/train/train_008636.png,Valid but hard,,مجورى ورسشة بال وخره ضياً ولاً واشهار السلاح عليه وتهديه بالقل وذك على الرف الما جر جربة,2025-11-28T11:26:18
0.2515723270440251,فسَئل عن اسَما شهوده فاجاب هم يوسَف طنوسَ البطى وموسَى نوهرا الشمار ومخايل طنوسَ البطى واكثر من ذلك ما عنده تم بتاريخ ٢٧ ايلول سنة ٢٩٩ حضر دانيال ولحود المذكور,train_016164,../data/muharaf_prepared_resized/train/train_016164.png,Valid but hard,,فسَلَ عن سَا هوه فخا بهم يوسَف طنوس ابط وموسى نوها الشمار مخايل طنوسَ البط واكثرم ذلك ما عنده م بارخ ٢ يل سنة٩٠ ضريا ال المو المكيرن,2025-11-28T11:26:19
0.25,ابى راسد,train_004213,../data/muharaf_prepared_resized/train/train_004213.png,Valid but hard,,ابي راس,2025-11-28T11:26:21
0.25,وابرشية صيدا هما اللتان قد نكبتا وكانا فدا لبنان هذه,train_004397,../data/muharaf_prepared_resized/train/train_004397.png,Valid but hard,,وبرسية صيداهما اللتاب فد نكيقار كا نا قد البنان هذه,2025-11-28T11:26:22
0.25,"٢""\- الأموال",train_009846,../data/muharaf_prepared_resized/train/train_009846.png,Valid but hard,,"٢"" -ألأموال",2025-11-28T11:26:25
0.25,دمشق,train_021394,../data/muharaf_prepared_resized/train/train_021394.png,Valid but hard,,ومشق,2025-11-28T11:26:26
0.25,عن ماننت وسَط فرجنيا,train_010801,../data/muharaf_prepared_resized/train/train_010801.png,Valid but hard,,عن ما ننت ولسط فرجسَيا,2025-11-28T11:26:28
0.25,وشوفي الضفاف قايم مخلق عالمياه                          من عياط النهر جفلت غفوتو,train_007332,../data/muharaf_prepared_resized/train/train_007332.png,Valid but hard,,وشوفي الضفاق قايم مخلت عليه                                  عن عل الظ غ فوتو,2025-11-28T11:26:29
0.25,قصيدة غزلية عنوانها  .  .  .  عرزالك,train_007308,../data/muharaf_prepared_resized/train/train_007308.png,Valid but hard,,قصيدة غزلية عنوانها    زالك,2025-11-28T11:26:30
0.25,ولدكم الاسيف,train_004577,../data/muharaf_prepared_resized/train/train_004577.png,Valid but hard,,ولدك الاسق,2025-11-28T11:26:35
0.25,١٩٢٣,train_003174,../data/muharaf_prepared_resized/train/train_003174.png,Valid but hard,,١٩٢,2025-11-28T11:26:37
0.25,الفردوسي,train_003217,../data/muharaf_prepared_resized/train/train_003217.png,Valid but hard,,الفردسي:,2025-11-28T11:26:41
0.25,ان احرر لحضرته بذاك الشان بما اني اعلم جيداً,train_010879,../data/muharaf_prepared_resized/train/train_010879.png,Valid but hard,,حضرر الحضرة بذاكم الشان بما اني اعله جيدا,2025-11-28T11:26:45
0.25,EAK1A-88,train_004542,../data/muharaf_prepared_resized/train/train_004542.png,Script mismatch (non-Arabic),,EAK1A-6,2025-11-28T11:26:47
0.25,في باريس والورق بول للآن ما تيسر شيء,train_020682,../data/muharaf_prepared_resized/train/train_020682.png,Valid but hard,,باريس والورق يقل للآنما تنير شيء.,2025-11-28T11:26:50
0.25,EAK1A-99,train_004642,../data/muharaf_prepared_resized/train/train_004642.png,Script mismatch (non-Arabic),,EAK1A-5,2025-11-28T11:26:52
0.25,والنقل .,train_020385,../data/muharaf_prepared_resized/train/train_020385.png,Valid but hard,,والفقل.,2025-11-28T11:27:01
0.25,"""النادي العائلي""",train_002193,../data/muharaf_prepared_resized/train/train_002193.png,Valid but hard,,الفادي العائي,2025-11-28T11:27:03
0.25,1902,train_010931,../data/muharaf_prepared_resized/train/train_010931.png,Script mismatch (non-Arabic),,190,2025-11-28T11:27:07
0.25,EAK1A-81,train_004506,../data/muharaf_prepared_resized/train/train_004506.png,Script mismatch (non-Arabic),,EAK1A-2,2025-11-28T11:27:09
0.25,البطرك بامر الطاعة بالرجوع فاذا البطرك اعطى حق للخوري وفي بادي الامر يظهر (كماقال المطران الياس) ان غبطه طرد,train_005702,../data/muharaf_prepared_resized/train/train_005702.png,Valid but hard,,البطر امر الاعة بالرجوف فاذ البر على حق للوري وضي عادي الامر يضير كما قال المطري الان ان طه,2025-11-28T11:27:12
0.25,شاكراً. والجنرال كاترو اجاب انشالله قريباً نشاهد,train_004416,../data/muharaf_prepared_resized/train/train_004416.png,Valid but hard,,شاكراً. والحنرال كانر واجاب اناه قرباً عد,2025-11-28T11:27:19
0.25,- هذا المنصبيه -,train_015763,../data/muharaf_prepared_resized/train/train_015763.png,Valid but hard,,- حها المنضبي -,2025-11-28T11:27:20
0.25,BEYROUTH,train_019112,../data/muharaf_prepared_resized/train/train_019112.png,Script mismatch (non-Arabic),,BEYOTH,2025-11-28T11:27:22
0.25,كميل نصر,train_012973,../data/muharaf_prepared_resized/train/train_012973.png,Valid but hard,,كليلا نصر,2025-11-28T11:27:25
0.25,على عواهِنِها ؛ بل حاولت التّدَخُّلَ,train_014662,../data/muharaf_prepared_resized/train/train_014662.png,Valid but hard,,على عواجنبها ؛ بل حاولتُ التَّحّلَ,2025-11-28T11:27:26
0.25,"المنسي من الوطن؟""...",train_014864,../data/muharaf_prepared_resized/train/train_014864.png,Valid but hard,,"المنسيّ من الوطن""؟",2025-11-28T11:27:27
0.25,""" تعميم""",train_015740,../data/muharaf_prepared_resized/train/train_015740.png,Valid but hard,,""" نعيم""",2025-11-28T11:27:28
0.25,ME-21 12,train_011540,../data/muharaf_prepared_resized/train/train_011540.png,Script mismatch (non-Arabic),,ME-211,2025-11-28T11:27:31
0.8775510204081632,٢١ شباط سنة ٩٢٦  رئىس بلديه كفرشيما ابرهىم الحىاط,train_013490,../data/muharaf_prepared_resized/train/train_013490.png,Segmentation error,,رسيي ل,2025-11-28T11:54:30
0.875,BAALBECK,train_018980,../data/muharaf_prepared_resized/train/train_018980.png,Script mismatch (non-Arabic),,AO,2025-11-28T11:54:34
0.875,s'impose,train_004672,../data/muharaf_prepared_resized/train/train_004672.png,Script mismatch (non-Arabic),,o,2025-11-28T11:54:42
0.8666666666666667,I hope that fit,train_010683,../data/muharaf_prepared_resized/train/train_010683.png,Script mismatch (non-Arabic),,ta,2025-11-28T11:54:44
0.25,QBat8L-3,train_016729,../data/muharaf_prepared_resized/train/train_016729.png,Script mismatch (non-Arabic),,QBatL-2,2025-11-28T11:54:46
0.25,"النفقات ٦١٦,٩٩٦٧٤٤ ل . ل",train_012703,../data/muharaf_prepared_resized/train/train_012703.png,Valid but hard,,"النفقات ٦,٤٤ ل . ل",2025-11-28T11:54:54
0.25,13IM 108,train_012815,../data/muharaf_prepared_resized/train/train_012815.png,Script mismatch (non-Arabic),,13I M08,2025-11-28T11:55:08
0.25,ME-21 11,train_011523,../data/muharaf_prepared_resized/train/train_011523.png,Script mismatch (non-Arabic),,ME-211,2025-11-28T11:55:15
0.25,ME-21 10,train_011482,../data/muharaf_prepared_resized/train/train_011482.png,Script mismatch (non-Arabic),,ME-211,2025-11-28T11:55:16
0.25,قصدناها قريه صغيره لكنها جيدة نحوى ٦ كلم بين ...,train_015115,../data/muharaf_prepared_resized/train/train_015115.png,Valid but hard,,قصدنا ها قرين صغين لكنها جيدة تحوى عل بيت. .,2025-11-28T11:55:21
0.25,"- رواتب عمال مياومين ١,٥٠٠,٠٠ / ل. ل",train_013357,../data/muharaf_prepared_resized/train/train_013357.png,Valid but hard,,رواتب عمال مياومين ١٠ / ل . ل,2025-11-28T12:06:18
0.25,ليره  توزيع الدراهم الباقين ليره/١١٦,train_018666,../data/muharaf_prepared_resized/train/train_018666.png,Valid but hard,,يره توزيع الدراهم الباقين دي٩٠,2025-11-28T12:06:27
0.25,16 - 10 - 12,train_020035,../data/muharaf_prepared_resized/train/train_020035.png,Script mismatch (non-Arabic),,16 - 10 -7,2025-11-28T12:06:46
0.25,AF-304 6,train_000332,../data/muharaf_prepared_resized/train/train_000332.png,Script mismatch (non-Arabic),,AF-3042,2025-11-28T12:06:49
0.25,AF-304 3,train_000302,../data/muharaf_prepared_resized/train/train_000302.png,Script mismatch (non-Arabic),,AF-3041,2025-11-28T12:06:51
0.25,"٢"" نحول جروح",train_009339,../data/muharaf_prepared_resized/train/train_009339.png,Valid but hard,,نحول جروح,2025-11-28T12:06:54
0.25,place des Martyrs - Beyrouth,train_003468,../data/muharaf_prepared_resized/train/train_003468.png,Script mismatch (non-Arabic),,pelae des Martyrs Byrou),2025-11-28T12:06:58
0.25,7 - 5 17,train_019945,../data/muharaf_prepared_resized/train/train_019945.png,Script mismatch (non-Arabic),,57 - 5 7,2025-11-28T12:07:02
0.25,"١٩/٥٦  وبنائه المهندس ""اريكوني"".",train_009568,../data/muharaf_prepared_resized/train/train_009568.png,Valid but hard,,٩٦٥ وبنائه المهندس رايكوني,2025-11-28T12:07:43
0.25,EAC-C- 1,train_003974,../data/muharaf_prepared_resized/train/train_003974.png,Script mismatch (non-Arabic),,EAC-C-9,2025-11-28T12:07:53
0.25,AF-304 4,train_000317,../data/muharaf_prepared_resized/train/train_000317.png,Script mismatch (non-Arabic),,AF-3042,2025-11-28T12:07:55
0.25,EAK1A-87,train_004527,../data/muharaf_prepared_resized/train/train_004527.png,Script mismatch (non-Arabic),,EAK1A-9,2025-11-28T12:07:56
0.25,YAL2A-82,train_018608,../data/muharaf_prepared_resized/train/train_018608.png,Script mismatch (non-Arabic),,YAL2A-7,2025-11-28T12:07:57
0.25,19 - 10 - 17,train_020142,../data/muharaf_prepared_resized/train/train_020142.png,Script mismatch (non-Arabic),,1 - 10-17,2025-11-28T12:08:00
0.25,1901,train_001661,../data/muharaf_prepared_resized/train/train_001661.png,Script mismatch (non-Arabic),,190,2025-11-28T12:08:05
0.25,QBat3D-6,train_016384,../data/muharaf_prepared_resized/train/train_016384.png,Script mismatch (non-Arabic),,QBatD-2,2025-11-28T12:20:39
0.25,YS - 4D- 054,train_020075,../data/muharaf_prepared_resized/train/train_020075.png,Script mismatch (non-Arabic),,YS-4D- 04,2025-11-28T12:20:46
0.25,١١ /٣/ ٢٤ من المسيو دى ريفي.,train_020247,../data/muharaf_prepared_resized/train/train_020247.png,Valid but hard,,١/ ٢ من المسيودى ريضي.,2025-11-28T12:25:13
0.25,JPK2B-41,train_007944,../data/muharaf_prepared_resized/train/train_007944.png,Script mismatch (non-Arabic),,JPS2-41,2025-11-28T12:25:22
0.25,JPK2B-56,train_008140,../data/muharaf_prepared_resized/train/train_008140.png,Script mismatch (non-Arabic),,JPK2-6,2025-11-28T13:07:04
0.25,عن صلحية صيد ا مديرية اقليم التفاح فى ٧ اذار ٩١١,train_005848,../data/muharaf_prepared_resized/train/train_005848.png,Valid but hard,,عن صلية صيد امدية اقليم التفاح ف ذار ١٨٩٣,2025-11-28T13:07:24
0.25,ALEP (Syrie),train_005810,../data/muharaf_prepared_resized/train/train_005810.png,Script mismatch (non-Arabic),,AL(Syrie),2025-11-28T13:07:28
0.2482758620689655,بغيابه وبعد ان اثبت وكيل المدعى دعواه ببينة تزكها شرعاً حكمت المحكمة بثبوت مبلغ الدين المحر وقدره قروش ٥١٠٠ بذمة الخورى يوسَف سَكر ويلزموه اما ان,train_016073,../data/muharaf_prepared_resized/train/train_016073.png,Valid but hard,,بغياية ودا ان اثت وبيل المدع وعاه بين نكت شرعاً حت المحكمة بوت مبلغ الين المحرر وقدره فر٠ يذمة الخورى يوسف سكر وبلزره ما ان,2025-11-28T13:07:31
0.2475247524752475,المعروض تبلغنا امركم الكريم عدد ١٣٤٤ رقم ١٤ الجاري وبناء على ما جاء فيهِ توجهنا للمكان الذي باشر فيهِ,train_013653,../data/muharaf_prepared_resized/train/train_013653.png,Valid but hard,,العروض بنا المكم الريم عد ١ ق ٤ الجاري وبناء على ماجاء في توجه لمكان الذي شر به,2025-11-28T13:07:32
0.2466666666666666,بتاريخ ٤ اغوسَتوس سنة ٣٠٣ احيل لهذه المحكمة اسَتدعا مقدم من الشيخ اسَعد الحاج رفول من اجبع حاصله انه من الجارى بملكه وبيده وتصرفه بالاسَتقلال دون غيره,train_015995,../data/muharaf_prepared_resized/train/train_015995.png,Valid but hard,,بتارخ فنوسنة٣ ال هذه الحمة اسَتدعا مقدم من الشيخ اسَعد الحاج رقول من اجع حاصله ان منالجار مله ويدت وترفه الاستل لود غره,2025-11-28T13:07:35
0.2459016393442623,الذي كان ورد بذاك النهار وفي الساعة ٢ من هذه الليلة يعني ليلة,train_015194,../data/muharaf_prepared_resized/train/train_015194.png,Valid but hard,,في كان رد بالك الهار وفي الساعة من هذه البليهة ني لة,2025-11-28T13:07:37
0.2456140350877192,"لزوم البلدية بناء للعرض الأول بمبلغ قدره/١٠,٠٠٠,٠٠٠/ ل. ل",train_013404,../data/muharaf_prepared_resized/train/train_013404.png,Valid but hard,,لزوم البلدية بناء للعرض الأول بمبلغ قدره /١٠٠,2025-11-28T13:07:39
0.2448979591836734,وبناء على قرار هذه المحكمة الصادر في ٤/ ١١/ ١٩٨٠؛,train_009182,../data/muharaf_prepared_resized/train/train_009182.png,Valid but hard,,وبناءَ على قرار هذه المحكمة العارف في ٤//١,2025-11-28T13:07:41
0.2429906542056074,صنوبر جارية على ملك المدعى الشخصي يوسف جرجس بنوره بخراج محلتهما قيتولى فى ١١ تموز سنة ١٨٩٠ كما ثبت باعترافه,train_015531,../data/muharaf_prepared_resized/train/train_015531.png,Valid but hard,,قبر براية على ملك المدعى الشخصي يوسف جرجس بوره بخراج محلتهما قيول لى توسن ١٩٠ لكت بترافه,2025-11-28T13:07:44
0.2424242424242424,المحرر تحريراً في ١٢ ايار سنة ٩٢٤,train_016391,../data/muharaf_prepared_resized/train/train_016391.png,Valid but hard,,التحر حيريرا فى ٢ ايار سنة ٩٢,2025-11-28T13:07:48
0.2424242424242424,۳٠  مترًا على شارع خزال باس اكمله,train_022086,../data/muharaf_prepared_resized/train/train_022086.png,Valid but hard,,٠ حترا على شارع خد ال باس الحمله,2025-11-28T13:07:51
0.2424242424242424,اما المتفرفات فهي جمل مضرب الامثال حرف آللالف بتاريخ اخر  ١٩٦٧ ٩٤٧,train_014325,../data/muharaf_prepared_resized/train/train_014325.png,Valid but hard,,اما المتعرفان فهي جمل مضرب الامثال حرق الكول بتاريخ افر سنة ١٩,2025-11-28T13:07:56
0.2424242424242424,القدس الشريف / ١٥ حزيران سنة ١٩٢٧,train_002625,../data/muharaf_prepared_resized/train/train_002625.png,Valid but hard,,القدس الشريف ٥ حزيران  ١٩٣١,2025-11-28T13:07:59
0.2413793103448276,الطريق من البللب والبد انوفنا عن البردات الساعة ١٢ قبل ...,train_015119,../data/muharaf_prepared_resized/train/train_015119.png,Valid but hard,,الطريق من البلل والبرد الفرفنا عن الكرات ساعة ١ بل. .و,2025-11-28T13:08:00
0.2413793103448276,"بدل محروقات  ١,٠٠٠,٠٠٠ / ل. ل",train_013361,../data/muharaf_prepared_resized/train/train_013361.png,Valid but hard,,بدل محروقات ١٠٠ / ل. ل,2025-11-28T13:08:05
0.2411347517730496,لدير قزحيا بموجب صك مسَجل بالمحكمة ولدى مراجعة قيود الصكوك وجد ذلك الصك مقيداً تحت نمرو ٩٧٢ بتاريخ ٩ ذى الحجه سنة ٩٧ و٣٠ ت١ سنة ٩٦ وقرر الشيخ,train_016148,../data/muharaf_prepared_resized/train/train_016148.png,Valid but hard,,مدير قريا بوجب حك سَجل بالمحكمة ولدى واجعة قيود الصكوك وجد ذلك الصك مقيراً تحت نر ٥ بتاريخ ٩ ذ الج سة ٣٥ ى  ر الشيخ,2025-11-28T13:08:06
0.2410714285714285,هكالات الروج عدد ٣٦ ايضًا صرنا ناخذها ونرسلها مع المهافيف وعندنا زوج ٢ فتصير زوج ٣٨ وعندكن زوج ٦٢  اخد عنها معكم,train_014974,../data/muharaf_prepared_resized/train/train_014974.png,Valid but hard,,الكلالرت الزروج عس ٣ ايضًا صرنا فاخذها ورسَلها مع المهافيف وعندنا زروج دقيه فنصر زوج ٣ وعندكم زوج ٢ اخذد ا مكم,2025-11-28T13:08:08
0.2402597402597402,بتاريخ ٢٤ نيسَان /٣٠٣ احيل لهذه المحكمة اسَتدعا مقدم من سَلمان طيون من اهدن حاصله انه من الجارى بملكه قطعة ارض مشتمله على اشجار توت شهيرة بغضه الجور بخراج,train_016269,../data/muharaf_prepared_resized/train/train_016269.png,Valid but hard,,بتاريخ  اسن ٣ ل لهذه المحكمة اسَتدعا مقدم من سَلمان طيون من اهدن حاصه ازر من الجارى بمكة قطعة ارض ملعه على اشا وت شريه ه ال جر,2025-11-28T13:08:09
0.24,كنريا في ١٧ اذار سنة ١٩٣٦,train_018239,../data/muharaf_prepared_resized/train/train_018239.png,Valid but hard,,كنريا في ١٧ اذار ١٩۳١,2025-11-28T13:08:12
0.24,اكثر من ٤\٥ ساعة بالسكة الحديدية اخيرًأ صباح الاحد,train_015303,../data/muharaf_prepared_resized/train/train_015303.png,Valid but hard,,ك م سا بالسكة الجديدية اخيرًا صباح الاحد,2025-11-28T13:08:16
0.2387096774193548,قطعة ارض سَليخ فى بعزكتا بخراج بشرى نمرو ٢٧٧ حبه ١٢ قيراط ٥ يحدها قبلةً طريق عام وشرقاً كذلك وتمامه ملك الخورى يوحنا شبيعه وشمالاً ملك الخورى سَمعان وبركات,train_015996,../data/muharaf_prepared_resized/train/train_015996.png,Valid but hard,,طة رى ارف ف بكت تج لجرس و  حد رطا يحدها قبلةً طريق عام وشرقا كذلك وتمامه ملك الخورى يوحنا شبيعه وشمالاً ملك الخورى سَمعان وبركات,2025-11-28T13:08:17
0.238095238095238,Académie des Sciences,train_002745,../data/muharaf_prepared_resized/train/train_002745.png,Script mismatch (non-Arabic),,Acdémie des Snes,2025-11-28T13:08:29
0.2371134020618556,اجاب ان له ٦٢ لىر سورى اثنين وستون ليره مصارفات رغم طلبه تأجيل خلاص الشغل لبعد فوات مدة الأستئناف,train_010154,../data/muharaf_prepared_resized/train/train_010154.png,Valid but hard,,اجاب ان د ٢ الثين وستون ليه وصارفاترغم طلبه تأجيل خلوصه الشغل لبعد فات مدة الاستاف,2025-11-28T13:08:32
0.2368421052631578,(2) فهذه القطعة يجب ان ترجع وهى مقروّة,train_005565,../data/muharaf_prepared_resized/train/train_005565.png,Valid but hard,,2) فهذه القطفة بحد ان ترجع وهيى معرّورة,2025-11-28T13:08:33
0.2363636363636363,نكرر لثم اناملكم ايها السَيد الجليل فى ١٧  ادار سنة ٩٢١,train_008972,../data/muharaf_prepared_resized/train/train_008972.png,Valid but hard,,كرر ثم اناملكم ليها السَيد المليل فى ١ ار  ١٩٣١,2025-11-28T13:08:34
0.2357723577235772,سنة ٣٢٦ عدد ٢٥١ ايجاز / فيها البيع من املاك شقيقه موكله المذكور ما هو ملك الوكيل وملك البايع نقولا المذكور وبيدهما وتصرفهما,train_015960,../data/muharaf_prepared_resized/train/train_015960.png,Valid but hard,,اد٩٥ المار فيها البيع ن املاك شقيقه مدلكه الذكور ما هو للك الوكل ولك البايع نقولا المذكور ويدها وتصرفها,2025-11-28T13:08:35
0.2352941176470588,EAC-D-47c (copie),train_004077,../data/muharaf_prepared_resized/train/train_004077.png,Script mismatch (non-Arabic),,EAC-47c(cpie),2025-11-28T13:08:38
0.2352941176470588,كبيا دلمونتي ١۹٠٥,train_022052,../data/muharaf_prepared_resized/train/train_022052.png,Valid but hard,,كبيا ولمنتي ١۹٥٠,2025-11-28T13:08:47
0.2340425531914893,تابع رحلة سفرنا من بغداد لشيكاغو في ٧ اذار ١٨٩٣,train_015260,../data/muharaf_prepared_resized/train/train_015260.png,Valid but hard,,ج رصلة سفنا من بعداد لشكافو في ١٧ اذار ٨٩٣,2025-11-28T13:08:49
0.2336448598130841,عدد ١٠٦ لدى مراجعة ضبطنا من المحاكمة وسائر اوراق الدعوى المتفرعة والتروى في ما اشتملت عليه لم تقم البرهانات,train_015352,../data/muharaf_prepared_resized/train/train_015352.png,Valid but hard,,عد ١٢ لدى لرض ضطا من المحاكمة وسائر اوراق الدعوى المتفرعة والتروى فى ا تله عليه الهم اه الانت,2025-11-28T13:08:50
0.2333333333333333,عــ ٩ فغب ان تسَتلمون الدراهم من البنك نرجو ان تعرفونا بوصول,train_010906,../data/muharaf_prepared_resized/train/train_010906.png,Valid but hard,,فب ا ستلمون الدراهم من البنكل ترجو لن تعرفعنا بوصول,2025-11-28T13:08:51
0.2333333333333333,عن ماننكتون في ١٣ ايلول سنة ٩٩,train_010889,../data/muharaf_prepared_resized/train/train_010889.png,Valid but hard,,عن اسكنور في ١٢٣ ايلول سنة ٩٢,2025-11-28T13:08:52
0.2325581395348837,عام ١٩٤٦ استحصلت عا رخصة اسبوعية باسم الادب,train_012402,../data/muharaf_prepared_resized/train/train_012402.png,Valid but hard,,عام ١٩٤ استحصلت عا ر خصة اسبود م العاوب,2025-11-28T13:08:53
0.2325581395348837,فراجعنا 18 - و 18 bis -  و 18 tes - حىى نصل,train_005585,../data/muharaf_prepared_resized/train/train_005585.png,Script mismatch (non-Arabic),,فراجعنا 18 - و18bs 18 es - حى نصل,2025-11-28T13:09:00
0.2323232323232323,وتدينهم) بدعوى وفاة ابرهيم يوسف ضاهر .. يوم الاثنين في ٥ تشرين ثانى ١٩٢٨ الساعة ٨ افرنجيه قبل الظهر,train_009240,../data/muharaf_prepared_resized/train/train_009240.png,Valid but hard,,وتدينهم) بدعوى وفاة ابرهم وسف ضاهر.. يوم الاثنين في ٢ تزينانى سنة ١ الساعة ار بيه الاهر,2025-11-28T13:09:07
0.2318840579710145,والباطون المسلّح لئلا  تفجره المياه وورّقته من الداخل بالسمنتو Ciment,train_010499,../data/muharaf_prepared_resized/train/train_010499.png,Valid but hard,,والبطون السَلح ثلا تفجره المياه وورّقته من الداخل بالسَنم ra,2025-11-28T13:09:08
0.2307692307692307,YS - 1D- 071b,train_019272,../data/muharaf_prepared_resized/train/train_019272.png,Script mismatch (non-Arabic),,YS- 1D- 05b,2025-11-28T13:09:10
0.2307692307692307,وصل مى ٤ جاري,train_002723,../data/muharaf_prepared_resized/train/train_002723.png,Valid but hard,,وصل ي  جاري,2025-11-28T13:09:13
0.2297297297297297,بما ان مخايل حنا لويسَ الفلاح العثماني من عبرين لم يرضخ للحكم الغيابي الصادر عليه من هذه المحكمة المؤرخ فى ١٦ ذو الحجة ٣٠٤  وفى ١٣ اوغوستوسَ/٣٠٣ تحت,train_016207,../data/muharaf_prepared_resized/train/train_016207.png,Valid but hard,,بما من اخليل لا ويسَ الفاع العثمان من عبرين لم يضخ للحكم الغبابي العادر عليه من هذه المحكمة المؤرخ فى ١٨ ذل الج ٣٥ وف الوس ٣ تن,2025-11-28T13:09:14
0.2297297297297297,ليصير العمل بموجبه عند الاقتضاء وللبيان حرر فى ٢٥ آب ٩٢٤           الدكتور,train_000194,../data/muharaf_prepared_resized/train/train_000194.png,Valid but hard,,ليصير العمل بموجبه عند الاقتضاء ولليان حرر ف ٢٥ آب سنة ١٩    وم,2025-11-28T13:09:15
0.2295081967213114,يوم الاحد الواقع في ٦ ايلول سنة ٩٥٣ الساعة التاسعة صباحاً عقد,train_016580,../data/muharaf_prepared_resized/train/train_016580.png,Valid but hard,,ليوم الامد الراع في ٦ يلو سنة ١٩٥ السَاعة التاعستة صباً عند,2025-11-28T13:09:17
0.2295081967213114,٢-. زوجته (وألغا بنت . . . . واسمآء اولاده المحروسين بالتسلسل,train_003968,../data/muharaf_prepared_resized/train/train_003968.png,Valid but hard,,-. زوحية (الغانيت .... واسمآء اولاده المحروسين بالتسل,2025-11-28T13:09:18
0.2280701754385964,عدد ١٠٥ لدى الاطلاع على ضبطنا والمحاكمة وسائر اوراق الدعوى المتفرعة وتدقيق النظر فى مشتملاتها لم يقم دلائل وامارات,train_015368,../data/muharaf_prepared_resized/train/train_015368.png,Valid but hard,,عد ١٢٠ د الدعلاع على ضط من المحاكمة وسائر اوراق الدعوى المتفرعة وتدقيق النظر فى مشملاهم يل ل ول الات,2025-11-28T13:09:19
0.2280701754385964,يوم الثاني الاربعا في ٨ آذار. طلعنا من البوغريب ... وصلنا,train_015012,../data/muharaf_prepared_resized/train/train_015012.png,Valid but hard,,يوم الثاني الاربعا في ٨ انار. طلعنا من الواغريو الساعة   وصلنا,2025-11-28T13:09:22
0.2278481012658227,٦) على الكاهن الامتناع عن التشهير بالافراد من على مذبح الكنيسة مهما كان السبب .,train_009744,../data/muharaf_prepared_resized/train/train_009744.png,Valid but hard,,) على الكان الاتاع عن الشهر بلاراد من على مذي الكنية سم ان النب.,2025-11-28T13:09:23
0.2272727272727272,... BUFFALO STREET ...,train_010927,../data/muharaf_prepared_resized/train/train_010927.png,Script mismatch (non-Arabic),,... BUFALO STET..,2025-11-28T13:09:26
0.2272727272727272,٢٧ ك٢ /٨٦ مع فايض القانونى من الاسَتحقاق فصاعداً ومشهوراً به من الخورى جرجسَ معوض وحنا بطرسَ يمين وبطرس مخايل حليسَ وخليل يوسَف يمين,train_016278,../data/muharaf_prepared_resized/train/train_016278.png,Valid but hard,,٢٣  م ايضة القانونى من الاسَتحقاق قاداً ومشهراً با من الخورى جرجس معوض وضنا بطرسَ مين برس مخل حسَ ول وسف مين,2025-11-28T13:09:31
0.2058823529411764,لبنانيه ورق وذلك رصيد ما يطلب منا للجنة المذكوره عن سنة ١٩٣١ الحالية,train_013628,../data/muharaf_prepared_resized/train/train_013628.png,Valid but hard,,لبنانيه ورمه وذلك رهي ما يطلب منا للجاة المذكور من سنة١ الاجة,2025-11-28T13:10:11
0.2051282051282051,على المدعى عليه رسَومات المحاكمة البالغة قروش ٧٦٢ وتبلغ هذا الحكم للفريقين مواجهة علانية بتاريخ ٩ ربيع اول سنة ٣٠٥ وفى ١٢ ت٢ سنة ٣٠٣ ولاجله تحرر هذا الاعلام,train_016106,../data/muharaf_prepared_resized/train/train_016106.png,Valid but hard,,على المدى عليه رَوا من المحاكمة البلغة ر٠ وتبلغ هذا الحكم للفريقين مواجة علامية بتاريخ ٩ ربيع اول سنة ٣٥ فى ٢ س ٣٠ والت حره ا الاعلام,2025-11-28T13:10:11
0.2051282051282051,"- بدل تعويضات مستحقة  ٤٠,٠٠٠,٠٠٠ / ل. ل",train_013377,../data/muharaf_prepared_resized/train/train_013377.png,Valid but hard,,- بدل تعويضات مستحقة ٠٠٠٠/ ل. ل,2025-11-28T13:10:13
0.2048192771084337,(١٨٨٥) الف وثمانماية وخمسة وثمانون ليترًا وجرى التوزيع حسب ما هو مبين في الجدول خمس,train_013953,../data/muharaf_prepared_resized/train/train_013953.png,Valid but hard,,(٥٠ لق وثمانايا وخمسة وثمانون ليترا وجرى التهزيع حب ما حدمين في الجول فخمس,2025-11-28T13:10:14
0.2045454545454545,فرده اليه على سبيل العارية بحيث يحق له استرداده متى شاء تحريراً \ ٢٢ تشرين ثانى سنة ١٩٢١,train_016683,../data/muharaf_prepared_resized/train/train_016683.png,Valid but hard,,فر البلا عى سبيل العارية بحيث يحق له استراده تن شاء تحرً ى٢ تشرين ثن سنة ١٩٠١,2025-11-28T13:10:15
0.2045454545454545,٧ تشليح عبود الشدياق بارودة ودابته وضربه في قرية المشتى من عبد اللطيف اغا الرسَتم دندشلي,train_008630,../data/muharaf_prepared_resized/train/train_008630.png,Valid but hard,,٧ تشليح عيده الشدياق باروته وؤئيته وخربه في ترية المشتى من عبد اللطيف اعنا المسَتة ود شي,2025-11-28T13:10:15
0.2037037037037037,بتاريخ ٢١ شباط سنة ٩٢٦ اجتمعه هيئة بلدية كفرشيما مؤلفه من الرئيسَ ابراهيم افندي الخياط والاعضأ الافندية نعوم,train_013477,../data/muharaf_prepared_resized/train/train_013477.png,Valid but hard,,بتاريخ ٢ شياه سنة ٩ اجمعه هئية بلدية تريا مؤئفه من الدئيسَ ابراهيم اندي الخيه والاعاض الاندية عوهم,2025-11-28T13:10:16
0.2037037037037037,انزلنا هناك من جهة الهواء ومياه حتى الساعة ٨ من الليلة,train_014990,../data/muharaf_prepared_resized/train/train_014990.png,Valid but hard,,يرنا هناك من جهة الهداء والياه حتى الساعة من اليل,2025-11-28T13:10:17
0.2033898305084746,مالية محولة الى اسمكم عددها ٤٦٣٨٧١ قيمتها ٦٤٠ فرنكا ايتاليا,train_018096,../data/muharaf_prepared_resized/train/train_018096.png,Valid but hard,,مالية محولة الى سمكم عودها  قيمتها ٤٠ فركا ايها ليا,2025-11-28T13:10:18
0.203125,يوم الاثنين في ٢٧ اذار (اليوم الحادي والعشرين) سافرنا من وقت رسم,train_015136,../data/muharaf_prepared_resized/train/train_015136.png,Valid but hard,,م الاثين ي ٢٧ اذر واليوم الجاري والعقيرين) سافرنا من قردرسم,2025-11-28T13:10:19
0.2025316455696202,الرسالة. التي اخبرك فيها انني نجحت في الشهادة التي يدعونها بالافرنسي Certificat,train_010433,../data/muharaf_prepared_resized/train/train_010433.png,Valid but hard,,لرسالة التي اخرك فيها لني نحت في الهادة التي بدعونها بالافرني trtie,2025-11-28T13:10:20
0.2019230769230769,عدد ١٢٧ لدى امعان النظر فى ما حوت جريدة المحاكمة وسائر اوراق الدعوى المتفرعة تبين ان ناصيف سعيد حنينه قد,train_015591,../data/muharaf_prepared_resized/train/train_015591.png,Valid but hard,,عد ١ لدى المدان النظرفى محدة جرية المحاكمة وسائر واراق الدعوى المتفرعة بين ان صيس سعد ني قد,2025-11-28T13:10:20
0.2017543859649122,عدد ١١١ لدى امعان النظر فى مشتملات ضبطنا من المحاكم ومتفرعات اوراق الدعوى لم يقم برهان كافٍ على ان مريم زوجه شاهين,train_015420,../data/muharaf_prepared_resized/train/train_015420.png,Valid but hard,,عد ١ لدى امعان النظر فى متو ضطنا ن الحكمة ومتفرعات اوراق الدعوى لم يقم برها كاقي على ان ميم زه اره شاي,2025-11-28T13:10:21
0.2,YS-47-054b,train_020113,../data/muharaf_prepared_resized/train/train_020113.png,Script mismatch (non-Arabic),,YS-4D-05b,2025-11-28T13:10:28
0.2,YS-1E-005a,train_019358,../data/muharaf_prepared_resized/train/train_019358.png,Script mismatch (non-Arabic),,YS-1F-05a,2025-11-28T13:10:30
0.2,ys-5H-011F,train_020279,../data/muharaf_prepared_resized/train/train_020279.png,Script mismatch (non-Arabic),,ys-5H-01,2025-11-28T13:10:31
0.2,٥  رسالة :,train_009390,../data/muharaf_prepared_resized/train/train_009390.png,Valid but hard,,٥ الرسالة :,2025-11-28T13:10:43
0.2,YS-4A-011b,train_019791,../data/muharaf_prepared_resized/train/train_019791.png,Script mismatch (non-Arabic),,YS-4A-01,2025-11-28T13:10:55
0.2,١٦ شارع أبو السًباع،,train_003044,../data/muharaf_prepared_resized/train/train_003044.png,Valid but hard,,٦ شارع أبيه السَباع،,2025-11-28T13:11:16
0.2,YS_2C_004b,train_019420,../data/muharaf_prepared_resized/train/train_019420.png,Script mismatch (non-Arabic),,YS_2C_04d,2025-11-28T13:11:23
0.2,"- رواتب شهرية ثابتة ٣,٥٠٠,٠٠٠ / ل. ل للمثىتين",train_013356,../data/muharaf_prepared_resized/train/train_013356.png,Valid but hard,,رواتب شهرية تابتة ٣٥٠٠ / ل. ل للمثتين,2025-11-28T13:11:27
0.2,YS-4A-011H,train_019846,../data/muharaf_prepared_resized/train/train_019846.png,Script mismatch (non-Arabic),,YS-4A-01d,2025-11-28T13:11:30
0.2,YS-4A-011I,train_019859,../data/muharaf_prepared_resized/train/train_019859.png,Script mismatch (non-Arabic),,YS-4A-01,2025-11-28T13:11:31
0.2,١٤ / تموز /١٩٥٢,train_003472,../data/muharaf_prepared_resized/train/train_003472.png,Valid but hard,,١٤ / تموز س٩٥,2025-11-28T13:11:46
0.2,١ - لانني سبقت واعطيته شهادة مطلق حال في ١٩٧٤/٢/٧.,train_010027,../data/muharaf_prepared_resized/train/train_010027.png,Valid but hard,,١ - لانني سبقت واعطيته شهاة مل قال في ٩٢٨/.,2025-11-28T13:11:50
0.2,روسَاريو الارجنتين في ٢ نيسان /١٩٣٤,train_005753,../data/muharaf_prepared_resized/train/train_005753.png,Valid but hard,,روسَاريولاوجني في ٢ نيسان ١٩٣١,2025-11-28T13:11:52
0.2,بطرس قد ارتكب جرم السرقه الذى اسنده اليه المدعى الشخصي طنوس لياس متى فى ٢٢ صفر سنة ٣٠٦ داخل محلتهما مليخ وبناءٍ على,train_015567,../data/muharaf_prepared_resized/train/train_015567.png,Valid but hard,,بطر ق داتك جر المرمة الذى السنده اليه المدعى الخصي طنوس لياس متى فى ٢ فر سنة ٣٠ واحم حلهما الي وباء على,2025-11-28T13:11:53
0.2,DE BEYROUT,train_005518,../data/muharaf_prepared_resized/train/train_005518.png,Script mismatch (non-Arabic),,DE BEYOUTH,2025-11-28T13:12:01
0.2,ادار سنة ٩٤٢ رقم ١٠٣٩ يحتم على صاحب الامتياز اعطأ النور عند وقوع الظلام حتى تمام,train_016634,../data/muharaf_prepared_resized/train/train_016634.png,Valid but hard,,اذار سنة ٩٤ رقم ١ يجنم به على صاحب الامياز اعطاأ السور عن وتوع الظلام حتى تام,2025-11-28T13:12:08
0.2,ys-5H-017d,train_020369,../data/muharaf_prepared_resized/train/train_020369.png,Script mismatch (non-Arabic),,ys-5H-01b,2025-11-28T13:13:42
0.2,بيروت ٩ تشرين ١ ١٩٥٧,train_010587,../data/muharaf_prepared_resized/train/train_010587.png,Valid but hard,,بيروت ى ٩ تشرين ١٩٥٧,2025-11-28T13:13:57
0.2,عدد ٧,train_014052,../data/muharaf_prepared_resized/train/train_014052.png,Valid but hard,,عد ٧,2025-11-28T13:14:08
0.2,رأي القائلين بصحة الجسم من صحة الروح le magnétisme,train_001807,../data/muharaf_prepared_resized/train/train_001807.png,Valid but hard,,رأي القائلين بصحة الجسم من صحة الروح nmgi,2025-11-28T13:14:15
0.2,بغداد في ١٤\٩٣ أيلول,train_014950,../data/muharaf_prepared_resized/train/train_014950.png,Valid but hard,,بغداد في \٩٤ ايلول,2025-11-28T13:14:23
0.2,QBat 4L-12,train_016438,../data/muharaf_prepared_resized/train/train_016438.png,Script mismatch (non-Arabic),,QBat4L-1,2025-11-28T13:14:25
0.2,YS_2F_015O,train_019590,../data/muharaf_prepared_resized/train/train_019590.png,Script mismatch (non-Arabic),,YS_2F_05a,2025-11-28T13:14:44
0.2,JEH2E1-211,train_007497,../data/muharaf_prepared_resized/train/train_007497.png,Script mismatch (non-Arabic),,JEH21-21,2025-11-28T13:14:45
0.2,YS_2F_015e,train_019521,../data/muharaf_prepared_resized/train/train_019521.png,Script mismatch (non-Arabic),,YS_2F_05c,2025-11-28T13:14:47
0.2,١٨٤ والمادة ١٨٥ من قانون الاحوال الشخصية,train_009146,../data/muharaf_prepared_resized/train/train_009146.png,Valid but hard,,١٩٨٤ ولادة ١٥ من قانون الاحوال بخصة,2025-11-28T13:14:54
0.2,ys-5H-011C,train_020256,../data/muharaf_prepared_resized/train/train_020256.png,Script mismatch (non-Arabic),,ys-5H-01d,2025-11-28T13:14:59
0.2,BEK2A-17 1,train_003757,../data/muharaf_prepared_resized/train/train_003757.png,Script mismatch (non-Arabic),,BEK2A-11,2025-11-28T13:15:01
0.2,"في يوم الثلاثاء الواقع في ٢٢ / ٢ / ٢٠٠٠      سنة ٢٠٠٠ عناد الساعة ٦,١٥",train_012672,../data/muharaf_prepared_resized/train/train_012672.png,Valid but hard,,في يوم الثلاثاء الواقع في ٢٢/ ٢/ ٢ سنة ٢٠٠ عند الساعة ١٥,2025-11-28T13:15:08
0.2,ys-4B-089b,train_019904,../data/muharaf_prepared_resized/train/train_019904.png,Script mismatch (non-Arabic),,ys-4B-05b,2025-11-28T13:15:11
0.2,انها خياطه شاطره وعشيّة من نمره ١ وهذا هي مشهوره به فلا,train_010515,../data/muharaf_prepared_resized/train/train_010515.png,Valid but hard,,ها خياطه شاطره وعشبّة. من مه وهذا هي مشهوره به خلمه,2025-11-28T13:15:21
0.2,YS_2F_022b,train_019640,../data/muharaf_prepared_resized/train/train_019640.png,Script mismatch (non-Arabic),,YS_2F_02d,2025-11-28T13:15:24
0.2,YS_2C_004f,train_019469,../data/muharaf_prepared_resized/train/train_019469.png,Script mismatch (non-Arabic),,YS_2C_04b,2025-11-28T13:15:25
0.2,YS_2F_015d,train_019509,../data/muharaf_prepared_resized/train/train_019509.png,Script mismatch (non-Arabic),,YS_2F_05F,2025-11-28T13:15:26
0.2,"DRY GOODS, NOTIONS, CLOTHING, LADIES' FURNISHINGS,",train_011010,../data/muharaf_prepared_resized/train/train_011010.png,Script mismatch (non-Arabic),,"DRY GDS, NOTIONS, CLOING, LDIES' FUSING,",2025-11-28T13:15:28
0.2,EAK1A- 158,train_005242,../data/muharaf_prepared_resized/train/train_005242.png,Script mismatch (non-Arabic),,EAK1A- 10,2025-11-28T13:15:36
0.2,"- رواتب شرطة  ٣,٥٠٠,٠٠٠ / ل. ل",train_013359,../data/muharaf_prepared_resized/train/train_013359.png,Valid but hard,,- رواتب شرطة ٣٠٠٠ / ل. ل,2025-11-28T13:15:39
0.2,١٦ فردة بقر الى الياس شاهين الخوريه,train_008610,../data/muharaf_prepared_resized/train/train_008610.png,Valid but hard,,٤ فرة يقير الى الياس شهين الخوري,2025-11-28T13:15:40
0.2,YS-4A-011K,train_019870,../data/muharaf_prepared_resized/train/train_019870.png,Script mismatch (non-Arabic),,YS-4A-01,2025-11-28T13:15:43
0.2,YS-4A-011a,train_019776,../data/muharaf_prepared_resized/train/train_019776.png,Script mismatch (non-Arabic),,YS-4A-01d,2025-11-28T13:15:44
0.2,YS-1D-065b,train_019149,../data/muharaf_prepared_resized/train/train_019149.png,Script mismatch (non-Arabic),,YS- 1D-05b,2025-11-28T13:15:44
0.2,YS-5H-023a,train_020398,../data/muharaf_prepared_resized/train/train_020398.png,Script mismatch (non-Arabic),,YS-5H-02b,2025-11-28T13:15:45
0.2,YS_2F_015N,train_019578,../data/muharaf_prepared_resized/train/train_019578.png,Script mismatch (non-Arabic),,YS_2F_05d,2025-11-28T13:15:46
0.2,K.JOSEPH & BROS,train_011196,../data/muharaf_prepared_resized/train/train_011196.png,Script mismatch (non-Arabic),,K.JOEPH & BS,2025-11-28T13:15:47
0.2,QBat5H-517,train_016456,../data/muharaf_prepared_resized/train/train_016456.png,Script mismatch (non-Arabic),,QBat5H-54,2025-11-28T13:15:48
0.1978021978021978,المعروض تبلغنا امركم الكريم عدد ١٠٧٣ تاريخ ٢١ ت١ الفائت وبخصوص الموظفين الذي يتقاضون مرتبات,train_013648,../data/muharaf_prepared_resized/train/train_013648.png,Valid but hard,,المعون تبلغا اركم الكريم عد ١٠ تاريخ ٢١ ت١ الفائت وبخصوص الوظفين الذي تياموت,2025-11-28T13:15:50
0.1975308641975308,ترون ذيلاً علمًا مفصلاً عن المصارفات التي صرفناها لغاية الان غروش ل : /٥٨٠٠/ آجرة,train_014148,../data/muharaf_prepared_resized/train/train_014148.png,Valid but hard,,برون ذبلاً علمً موضلاً عن المصارفات التي جرفنا هنا بعاية الان عروشرل : /٥٠ لرآجرة,2025-11-28T13:15:51
0.1971830985915492,//٤٦٨٣٢٨.٠٠// اربعماية وثماني وستون الفاً وثلاثماية وثمانية وعشرون ليرة,train_009825,../data/muharaf_prepared_resized/train/train_009825.png,Valid but hard,,٨.٠/ اربعماية وثماني وشون الفاأ ثلاثماية وثمانية وعشون ليرة,2025-11-28T13:15:52
0.1971830985915492,٧ تقوم لجنة الوقف بجباية مبلغ /١٠ ل.ل./ عن كل بيت وتدفع منها دفعة واحدة,train_009753,../data/muharaf_prepared_resized/train/train_009753.png,Valid but hard,,تقوم لطبنة الوقف ويجياية مبلغ/١٠ .ل عن كل بيت وتدف منها ودعة واحدة,2025-11-28T13:15:52
0.1964285714285714,مقطوع على بنك سوريا ولبنان في بيروت وباسمكم ونمرته ٣١٠٦٠,train_018184,../data/muharaf_prepared_resized/train/train_018184.png,Valid but hard,,مطوح على بنك سعوريا ولبنان في بيروت ربانسَمكم وفرته ٣٠,2025-11-28T13:15:53
0.1964285714285714,شجر المدعى الشخصي جرجوره الحداد بخراج محلتهما قرية روم اوائل تموز سنة ١٨٩٠ فاوقعت بها ضرراً كاوَّل اخبار الناطور,train_015449,../data/muharaf_prepared_resized/train/train_015449.png,Valid but hard,,شجر المدعى الشخي جروه الحاد براج محلتهما قرية روم اوائل تمو سنة ١٩٠ وق ها راً ال الخار الاطر,2025-11-28T13:15:54
0.1951219512195122,حسَب امركم الكريم عدد ١٥٢ تاريخ ٨ حزيران سنة ٩٣١ الملحق بعدد ١١٩٦ المورخ فى ٧ أيار,train_013606,../data/muharaf_prepared_resized/train/train_013606.png,Valid but hard,,حبسَب المركم الكريم عد ١٤ تاريخ ٨ حزيران سنة ٩٣ الحلحق بعد ١٩٦ المرخ ١ يا,2025-11-28T13:15:54
0.1951219512195122,تابع رحلة سفرنا الى شيكاغو في ٧ اذار ١٨٩٣,train_015116,../data/muharaf_prepared_resized/train/train_015116.png,Valid but hard,,تابع صلة سفرنا الى شيكا غخو ي ١٧ اذار١٩٣,2025-11-28T13:15:55
0.1951219512195122,صفحات. ما عدا الممحو في صفحه ٧ (7) نمرة ٢,train_005564,../data/muharaf_prepared_resized/train/train_005564.png,Valid but hard,,صحاب. ما عدا المحمحو في صفحه ٧ ٤) مة٢,2025-11-28T13:15:56
0.1944444444444444,وفي 1 ت سنة 1892 فتحت المدرسه فدخلها,train_021733,../data/muharaf_prepared_resized/train/train_021733.png,Valid but hard,,وفي ١ ت سنة ١٩٤٢ تحت المدرسة فدخلها,2025-11-28T13:15:57
0.1935483870967742,وجمعت ٦ دفاتر زجل لي ولاخوتي ولبعض الزجالين فيهم كل ما لذ وطاب,train_014308,../data/muharaf_prepared_resized/train/train_014308.png,Valid but hard,,ومعرفت فالر زجل لى ولاخوتي ولبنض النزجالهن يهم كل ما لذوطاب,2025-11-28T13:15:58
0.1929824561403508,عدد ١٢٣ لدى التامل فى ضبطنا من المحاكمة وسائر اوراق الدعوى المفرعه تبين ان سمعيل رافع ابى شقره مرتكب بحضور المحكمة,train_015580,../data/muharaf_prepared_resized/train/train_015580.png,Valid but hard,,عد ١٢ لدى التا م ضطبطا من المحاكمة وسائر اوراق الدعوى المتفرعه بين ان سعيل افع على اشره مت بحر الحكمة,2025-11-28T13:15:58
0.1925465838509316,لدى المذاكرة ثبت باقرارا المدعى عليه انه بذمته للمدعين مبلغ خمسَماية وواحد وعشرين قرشاً وثلاثين باره بموجب السَندين المذكورين فعليه وسَنداً على الماده الـ١٨١٧ من,train_016224,../data/muharaf_prepared_resized/train/train_016224.png,Valid but hard,,دلمار المذكرة بة برار الدعى عيه ان برمة لمدعين مبلغ خمسَماية واحد وعشرين قرشاً وثلاثين باره بموج السَين المذكوي فعيه وسَاً على الاده الـ١٣ ممن,2025-11-28T13:15:59
0.1923076923076923,عددها ٥٤٧٨٣ تاريخها اول حزيران قدرها ثلاثماية وثلاثة,train_017952,../data/muharaf_prepared_resized/train/train_017952.png,Valid but hard,,عدد تاريخا اول حزيران قدمرها ثلاثماية وثلاثة,2025-11-28T13:16:00
0.1923076923076923,الأيّام عدداً من مجلّة Survey Graphic يحتوي مقالة عن,train_002741,../data/muharaf_prepared_resized/train/train_002741.png,Valid but hard,,الأيّام عدداً من مجلّة S Goh يحتوي مقالة عن,2025-11-28T13:16:01
0.1923076923076923,باريسَ ١٨ فى شباط سنة ١٩٣٤,train_004587,../data/muharaf_prepared_resized/train/train_004587.png,Valid but hard,,باريس ١٨ ١ شباط نة ١٩٤,2025-11-28T13:16:05
0.1923076923076923,الاصوات من افواه الجميع ماري وجهينه ونعمه الله Horah,train_010524,../data/muharaf_prepared_resized/train/train_010524.png,Valid but hard,,الاحوات منه افرا اجميع ماري وجهنه ونعور الله ora,2025-11-28T13:16:17
0.1919191919191919,في ١٥ تموز سنة ١٨٩٠ على ان جرأة المرأة فرحة كانت اشد اما يوسف حنا السغبينى فلم يثبت ما اسند اليه من,train_015345,../data/muharaf_prepared_resized/train/train_015345.png,Valid but hard,,في مون٨ على ان جرأة المرأة فرحة كانت اشد اما يوسف حنا السقيني فلم يت ما سند اليه منه,2025-11-28T13:16:30
0.1911764705882352,ابتدوا منذ اسبوع لا يعطوا السائق الا عشرة ليترات (٢ غالون) كل يومين.,train_010560,../data/muharaf_prepared_resized/train/train_010560.png,Valid but hard,,اتدوا منذا مبوح لا بعطوا الاعة الاعشرة لينران ( غالون) كل يومين.,2025-11-28T13:16:31
0.1909090909090909,قرينة الشيخ جواد عبدو سنة ١٩٣٥ وقد اذن صاحب السيادة راعينا الجليل باقامة الذبيحة الالهية فيها يوم عيدها الواقع,train_009583,../data/muharaf_prepared_resized/train/train_009583.png,Valid but hard,,قرينة الشخ واديسن ١٩ قد اذن صاحب السيادة راعيا بلجيل باقامة الذيحة الاهية فيا يوم عدها والاقع,2025-11-28T13:16:32
0.1904761904761904,"مياه ومجاري صحية وخلافه   ٥,٠٠٠,٠٠٠ / ل. ل",train_013363,../data/muharaf_prepared_resized/train/train_013363.png,Valid but hard,,مياه ومجاري صحية وخلاته ٥٠٠٠٠/ ل. ل,2025-11-28T13:16:38
0.1904761904761904,كنديا في ٢٣ أيار ١٩٣٣,train_018209,../data/muharaf_prepared_resized/train/train_018209.png,Valid but hard,,كنديا في ٣ ايار ١٩٣۳٧,2025-11-28T13:16:41
0.1904761904761904,"١٩٥٠  صدر له اول كتاب زجلي باسم "" الزغلول""",train_012367,../data/muharaf_prepared_resized/train/train_012367.png,Valid but hard,,"١٩٠ صدر له اول كتاب فرحعي باسم "" المزغول""",2025-11-28T13:16:42
0.1896551724137931,فلما قلّد خيل روبليس (Gil Rubles) فنصب الوزارة عين الجنرال,train_001010,../data/muharaf_prepared_resized/train/train_001010.png,Valid but hard,,فلما قلَد خيل روئيس (Gle) نصب الوزارة عين الجنرال,2025-11-28T13:16:44
0.1896551724137931,المستند : موافقة مطرانية طرابلس المارونية بتاريخ ١٩٨٧/٥/٣٠,train_009841,../data/muharaf_prepared_resized/train/train_009841.png,Valid but hard,,المستيد احواقة مطرانية طرالك المارونية بتاريخ ١٩٨ /١/٩٨,2025-11-28T13:16:47
0.1515151515151515,في صيف ١٩٤٦ قلت في حفلة فرقتي على,train_012520,../data/muharaf_prepared_resized/train/train_012520.png,Valid but hard,,في صيف ١٩٦ قلت في حقلة قرمني على,2025-11-28T13:17:37
0.1510791366906475,ان المدعى المرقوم ادعى على الخوري يوسَف حيمور سَكر من بشرى قاطن رشعين بمبلغ قروش ٥١٠٠ بموجب كمبياله وان الخوري يوسَف المحرر باعه ثمانيه عشر,train_016068,../data/muharaf_prepared_resized/train/train_016068.png,Valid but hard,,ان الدعى المرقوم الدعى على الخورى يوسَف حيمور ساكر من بشرى قاطن شعين بمبلغ قر ٠ بوجب كوجايله وان الخورى يوسَف المحر اعه مانيه وعر,2025-11-28T13:17:38
0.1509433962264151,١٢: جوز بقر الى مارون نادر طنوس من ملكه في خراج عندقة,train_008606,../data/muharaf_prepared_resized/train/train_008606.png,Valid but hard,,١ لاجز بقر الى مارون تالور طنوس من ملكه في خراج عندقوة,2025-11-28T13:17:41
0.1509433962264151,تابع يوم الاربعا ١٢ نيسان (السابع والثلاثين) يستغرقون,train_015271,../data/muharaf_prepared_resized/train/train_015271.png,Valid but hard,,تابع يوم الربها ف ١ نيسان (الساع والثلاثين) يستعرفون,2025-11-28T13:17:42
0.1506849315068493,٣ شن الغاره على ابراهيم اسبر عبده واخذ ثلاثة دواب كمه نهاراً من امام بيته,train_008651,../data/muharaf_prepared_resized/train/train_008651.png,Valid but hard,,٢ شن الغاره على ابراهم غبده واخذ ثلاثة دواب من نهاراً من امام يته,2025-11-28T13:17:43
0.1505376344086021,بكامل القطعة الكائنة بمحل الجدار توت وبيت سكن ممسوح نمرو ١٠١٧ حـ ١٠ والبيت مؤلف من تسع عينيات,train_016725,../data/muharaf_prepared_resized/train/train_016725.png,Valid but hard,,بكال القطعة الكائفة بمل الجدار توت وبيت مسكن مسو و ١ ـ١٠ والبيت مؤلف من تسع عينيات,2025-11-28T13:17:44
0.1505376344086021,لا بل يرسَلون ىحضرَّوها لعندهم بالتمليق. وذالك ضد منطوق المجمع اللبناني وجه ١١١. القايل ان كل,train_008556,../data/muharaf_prepared_resized/train/train_008556.png,Valid but hard,,لا بل ليرسَلون بحضرَّها لعندهم بالمتمليق. وذالك هذد قنطوق الجيع اللباني وجه ١٠ القايل ان كل,2025-11-28T13:17:45
0.15,١٨٨٨: مدرسة عين تراز,train_021652,../data/muharaf_prepared_resized/train/train_021652.png,Valid but hard,,١٨: مدرسه عين تراز,2025-11-28T13:17:48
0.15,غوبري Goupri يعلمنا الفرنسويه واليونانية,train_021688,../data/muharaf_prepared_resized/train/train_021688.png,Valid but hard,,غوبري G يعلمنا الفرسويه واليونانية,2025-11-28T13:17:50
0.15,والارز البالغة كميتها ٣٨٧ كيلو سكر و ١٠٤٧  كيلو ارز وذلك بسعر كيلو السكر ٤٠ غرشا,train_013818,../data/muharaf_prepared_resized/train/train_013818.png,Valid but hard,,والارز البالة كمتها ٣٧ كيلو سكر و ١٧٧ كيلو ارز وذلك بسعر كيل الكر ٢٠ كر,2025-11-28T13:17:51
0.15,"١""\- الاعمال المنفذة",train_009842,../data/muharaf_prepared_resized/train/train_009842.png,Valid but hard,,١\- الاعمال المنعزة,2025-11-28T13:17:53
0.15,اجرا ايجابه يسَلم لكل فريق نسَخة تحريراً فى ٧ ربيع اول سنة ٣٠٥ وفى ١٠ ت١ سنة ٣٠٣,train_016095,../data/muharaf_prepared_resized/train/train_016095.png,Valid but hard,,اجرار اجابه يسَليم مكل فريق نسَخة تحرياً فى ٧ ربيع اول سنة ٠ ف ١ ت سنة٣٠٣,2025-11-28T13:17:54
0.15,"مشتروات تمت هذا العام  ١٧,٠٠٠,٠٠٠ / ل. ل",train_013366,../data/muharaf_prepared_resized/train/train_013366.png,Valid but hard,,مشتروات تمت هذا العام ١٧٠٠٠ / ل. ل,2025-11-28T13:18:00
0.15,يوم الجمعة في ١٧ اذر الحادي عشر. شافرنا من أبو قار الساعة ١٢,train_015101,../data/muharaf_prepared_resized/train/train_015101.png,Valid but hard,,يوم الجمع في ١٧ اذار الحاري عشر. سافرنا من ابو  الساعة ١١,2025-11-28T13:18:02
0.15,البوسطة ب ٤ ساعات واما تحريركم رقم ۳١ اب,train_018502,../data/muharaf_prepared_resized/train/train_018502.png,Valid but hard,,البوسَطة ب ٤ ساعات الاواما تحريركم رقم  اب,2025-11-28T13:18:10
0.1495327102803738,بعد التحيه والاكرام وصلتنا كتبكم الاول والثاني المؤرخات ١٨ ربيع الاخر سنة ١٣٤٥ و٢١ جماد الاول سنة ١٣٤٥ وكنا,train_002609,../data/muharaf_prepared_resized/train/train_002609.png,Valid but hard,,بعد التحيه والاكرام وصلتنا كتبكم الاول والثاني المؤرخات ١٨ ربع الاخر سنة ٩٣ وى٢ ما الال س ٩٥٠ وكن,2025-11-28T13:18:12
0.1494252873563218,فعلة عدد ٢٩ سَعر ٢٠٠ بخلال شهر حزيران سنه ١٩٤٢ ثمن مصفاة للقصطل واجرة تركيبها /٢٥٠/ ثمن,train_014149,../data/muharaf_prepared_resized/train/train_014149.png,Valid but hard,,فعلة عد ٢ سَع ٠ بجلال شهر حزيران سنة ١٩٤٢ ثمن مصفاة للقطل واجرة ترميها /٢/ ثمنة,2025-11-28T13:18:12
0.1489361702127659,قررت في جلستها المنعقدة في 31 ك2 سنة 1910 تقديم,train_002202,../data/muharaf_prepared_resized/train/train_002202.png,Valid but hard,,قررت في جلسَتها المتعقدة في ٣١ ك٢ سنة 19٠0 قديم,2025-11-28T13:18:13
0.1486486486486486,١- إقتراح كل الاعمال والمشاريع التي تتعلّق بصيانه الوقف، وتجميله، وتطويره،,train_009912,../data/muharaf_prepared_resized/train/train_009912.png,Valid but hard,,- اترا كمل العال والمَاريع التي تتقلق بصيانه الوقف، وتجميله، وتويره،,2025-11-28T13:18:14
0.1486486486486486,بلدية تنورين يوم الاحد الواقع في ٦ ايلول ٩٥٣ الساعة التاسعة صباحا عقد مجلس,train_016545,../data/muharaf_prepared_resized/train/train_016545.png,Valid but hard,,بلدية تقرين بيوم الاحد المواقعو في ٦ يلول ٩٥ الساعة التاسبغة صباحًا عفد مجلس,2025-11-28T13:18:15
0.1481481481481481,من جريدة ام القرى العدد ١ والعدد٢ تطلعون عليهن مسرورين,train_002516,../data/muharaf_prepared_resized/train/train_002516.png,Valid but hard,,من جريدة ام القرى اعد والعد تطلعون عليين مسرورين-,2025-11-28T13:18:22
0.1481481481481481,بلدية الاسكندرية ٢٥ / ٢ /٣٨,train_002962,../data/muharaf_prepared_resized/train/train_002962.png,Valid but hard,,بلدية الاسكتدرية ٢٥ /٢/٣,2025-11-28T13:18:26
0.1475409836065573,قداسا المرسلة لكم في ت٢ السنة الماضية. وما ذكرتموه بشان ارسال,train_017949,../data/muharaf_prepared_resized/train/train_017949.png,Valid but hard,,قبراتنا المرسلة لكم  ت٢ المنة الماضية. وما ذكر تموه بشان رسال,2025-11-28T13:18:27
0.1470588235294117,تدنيت الف ليرة من اخيها وجاء اليوم يطالبني بها . اعمل لي حساب ١٤ سنة,train_010353,../data/muharaf_prepared_resized/train/train_010353.png,Valid but hard,,ندنيت الس ليره من احينها وجاء اليوم يطلبني ها اعمل لي حساب ٤ سنة,2025-11-28T13:18:28
0.1470588235294117,جلسة نهار الثلاثاء في ٧ - ٣ - ١٩٦٧,train_013022,../data/muharaf_prepared_resized/train/train_013022.png,Valid but hard,,بلسة نهار الثلاثاء في ٧ ٧- ١٩٦٧,2025-11-28T13:18:30
0.1470588235294117,حفلة ام القيوان الخميس ٢٤ - ٣ - ٨٨,train_007771,../data/muharaf_prepared_resized/train/train_007771.png,Valid but hard,,حفلة ام القيوان الخمين ٢- ٣- ٨,2025-11-28T13:18:31
0.146788990825688,رقم ١٠ تاريخ ٢٣ آب سنه ١٩٣١ الدكتور نايف سعيد كنعان طبيباً للبلدية نهرياً ثم حصل له تعويضاً سنوياً قدره خمسَة,train_013933,../data/muharaf_prepared_resized/train/train_013933.png,Valid but hard,,رقم ١٠ تاريخ ٢ آب نة ١٩٤ الدكتور نامين سعين كنسان طبيباً للبلدية نحرياً عم خصل له تعديضا سَوياً قدره خمسة,2025-11-28T13:18:32
0.1463414634146341,تابع مذكراتي فى رحلتي الى الخليج عام ١٩٨٨,train_007743,../data/muharaf_prepared_resized/train/train_007743.png,Valid but hard,,تابع مذكراي في رحلتي الى الخليح ع ١٨٨,2025-11-28T13:18:33
0.1463414634146341,- سنة ١٩٤٨ ٩ آب في قهوة الميدان دير القمر,train_012462,../data/muharaf_prepared_resized/train/train_012462.png,Valid but hard,,سنة ١٩٤٨ ٩ آب في قهوة المبدان وير الفقر,2025-11-28T13:18:34
0.1463414634146341,جلسة نهار الجمعة الواقع في ١١ - ١١ - ١٩٦٦,train_012981,../data/muharaf_prepared_resized/train/train_012981.png,Valid but hard,,جلسة نهار المجمعة الواقع في ١ - ١ ١٩٦,2025-11-28T13:18:34
0.1454545454545454,(١) ما هو مركز الامير علي في الحجاز. (٢) ما هو مركز حكومة نجد في الحجاز وما هي الحقوق الذي ستكون لها في الحجاز,train_002520,../data/muharaf_prepared_resized/train/train_002520.png,Valid but hard,,(١) ما هو مركز الامير علي في الحجا. ٢ ما هومركز كوة نجد في الجاز وما هي الحقوق الذي سكون انان الياج,2025-11-28T13:18:35
0.1454545454545454,الجلسة. المحددة بتاريخ ١١- ١١ - ١٩٦٦. وبعد ان تبلغ كافة,train_012983,../data/muharaf_prepared_resized/train/train_012983.png,Valid but hard,,الجلسة. المددة تباريخ ١- ١- ١٩٦. وبعد ان تبلغ كانة,2025-11-28T13:18:36
0.1451612903225806,تلاتون ليره انكليز عــ ٣٠ وتسَعة شلونات عــ ٩ وتسَعة اسَترالية,train_010905,../data/muharaf_prepared_resized/train/train_010905.png,Valid but hard,,تلاثون ليره انكليز عـ٣٠ وتسَعة شلونات عـ ٢٢ وتسعة استرالين,2025-11-28T13:18:37
0.1451612903225806,الواقع فى ٣ الجاري الساعة العاشرة من قبل الظهر وبما انني بموعد,train_013568,../data/muharaf_prepared_resized/train/train_013568.png,Valid but hard,,الواقع فى ٣ الجاريس السالعة العاسرما من قبل الظهروبما الني يمو عد,2025-11-28T13:18:38
0.144927536231884,٤ - للجّنه مجتمعة حق الاطلاع على حساب الصندوق متى شاءَت اطمئناناً الى,train_009962,../data/muharaf_prepared_resized/train/train_009962.png,Valid but hard,,- لجنه مجتمعة حت الاطلاع على حساب الصفوق متى شأءت اطمئنانا الى,2025-11-28T13:18:38
0.1444444444444444,قمت فى ٢٨ ايلول مساء فوصلتها صباح ٢٩ الثلثا الموافق عيد مار روحانا شفيع الخوري فرنسيس زوين,train_005267,../data/muharaf_prepared_resized/train/train_005267.png,Valid but hard,,مت فى ٢٨ اليوس مساء فحلها صباح ٢ الثلن الموافق عيد مار دوحانا شفيع الخوري فريس زوين,2025-11-28T13:18:39
0.1442307692307692,تموز سنة ١٨٩٠ بمحلة نهر شماس وبناءٍ على ذلك وعدولاً الى جزاءِ الجرم الاشد وتطبيقا للمادة الـ٢٢٧ من قانون,train_015434,../data/muharaf_prepared_resized/train/train_015434.png,Valid but hard,,مو سنة ١٠ جلة منهرشماس وبناءٍ على ذلك وعدولاً الى جزاء الجرم الاشد وتطيقا للمادة الـ١ م قانون,2025-11-28T13:18:40
0.1428571428571428,بخصوص عريضة مقدمة من ايفا ملحم الشويري في ١٢ آب سنه ١٩٤١,train_013847,../data/muharaf_prepared_resized/train/train_013847.png,Valid but hard,,بخصوص ريضة مقدرية من ايقا ملم الشديري في ١ ب سنه ١٩٤١,2025-11-28T13:18:41
0.1428571428571428,عام ١٩٢٥ دخل مدرسة الفرير - الجميزه,train_012354,../data/muharaf_prepared_resized/train/train_012354.png,Valid but hard,,عام ١٩٥ دخل مددسة التفرير - المجميز,2025-11-28T13:18:41
0.1428571428571428,عن بكاسين في ١٩ شباط سنة ٩٢٤,train_004517,../data/muharaf_prepared_resized/train/train_004517.png,Valid but hard,,عن بكاسين في ١٩ كشبلا سنة ٩٤,2025-11-28T13:18:45
0.1428571428571428,"مجموح المصارفات /٦٥١٨,٤٥/ل.ل",train_013138,../data/muharaf_prepared_resized/train/train_013138.png,Valid but hard,,"جموح المصارفات /٦٥,,٥/ل.ل",2025-11-28T13:18:47
0.1428571428571428,EAC-C-9,train_004030,../data/muharaf_prepared_resized/train/train_004030.png,Script mismatch (non-Arabic),,EAC-C-,2025-11-28T13:18:49
0.1428571428571428,YFS1A-7,train_018895,../data/muharaf_prepared_resized/train/train_018895.png,Script mismatch (non-Arabic),,YFSA-7,2025-11-28T13:18:51
0.1428571428571428,MK2A-78,train_012306,../data/muharaf_prepared_resized/train/train_012306.png,Script mismatch (non-Arabic),,MK2A-71,2025-11-28T13:18:57
0.1428571428571428,١٧ الى يوسف نادر يوسف,train_008611,../data/muharaf_prepared_resized/train/train_008611.png,Valid but hard,,الى يوسف نادر يوسف,2025-11-28T13:19:01
0.1428571428571428,ترابة شوال عدد ٢٠ اي طون /٧٣٣٠/ آجرة نقل ترابة من بيروت الى كفرشيما طن,train_014150,../data/muharaf_prepared_resized/train/train_014150.png,Valid but hard,,تراية شو ال عد ٢٠ اي طون /٣٠/ آجرة نقل ترابة منز بروت الى كفرشما طنير,2025-11-28T13:19:08
0.1428571428571428,٢٣ وخمسة ريالات مجيدى واشهروا عليه السلاح وتهددوه بالقتل,train_008667,../data/muharaf_prepared_resized/train/train_008667.png,Valid but hard,,/وخسةريالوت بجيدس واشهروا عليه السلاح وتهددوه بالقتل,2025-11-28T13:19:09
0.1428571428571428,بيروت في ٢ ايلول /٩٠٩,train_001981,../data/muharaf_prepared_resized/train/train_001981.png,Valid but hard,,بيروت في ٢ ايلول ١٩٥٨,2025-11-28T13:19:11
0.1428571428571428,مرسل لكم طيه جدولاً باسماء المكلفين لدفع بدل الطريق عن سنة ١٩٣٦ للقرى المذكورة ادناه,train_000232,../data/muharaf_prepared_resized/train/train_000232.png,Valid but hard,,مسرل لكم يه جدولاً باسماء المكلوين لدفع بول الطريق عن سنة ١٩٠ لفرى المكورة انه,2025-11-28T13:19:12
0.1428571428571428,٦ - اجراء استدراج عروض لشراء مشمعات وجزمات لعمال النظافة,train_013147,../data/muharaf_prepared_resized/train/train_013147.png,Valid but hard,,٦ - الجوراء استدراج عروض لشراء مسَمعات وجزمات لعمل النظيات,2025-11-28T13:19:13
0.1428571428571428,لبيع حصة القاصر هو لاجل النفقة الضرورية عليه ولاجله حرر / ٨ اب سنة ٩٢١,train_016715,../data/muharaf_prepared_resized/train/train_016715.png,Valid but hard,,لبيع حصة القصر هو لاجل النققة الضرورية عليه ولا جور ١ اب سنة ٩٢١,2025-11-28T13:19:14
0.1428571428571428,عنواني : المملكة الاردنية الهاشمية - نابلس ص ب ٨٤,train_016882,../data/muharaf_prepared_resized/train/train_016882.png,Valid but hard,,عنواني : ة الاردنية الهاشمية - نابلس ص ب ٤,2025-11-28T13:19:15
0.1428571428571428,"C. POSTAL, 347",train_007461,../data/muharaf_prepared_resized/train/train_007461.png,Script mismatch (non-Arabic),,"C. PSTAL, 47",2025-11-28T13:19:17
0.1428571428571428,(١) كانت عزبة في ذلك الزمان.,train_003223,../data/muharaf_prepared_resized/train/train_003223.png,Valid but hard,,(١) كانت عره في ذلك الزمان,2025-11-28T13:19:20
0.1428571428571428,١- خط من مفرق الدير مبانى أنيس وهبه,train_012805,../data/muharaf_prepared_resized/train/train_012805.png,Valid but hard,,١- حط من مفرق الدير سه مباني أنيس وهبه,2025-11-28T13:19:22
0.1428571428571428,1 M 108,train_012864,../data/muharaf_prepared_resized/train/train_012864.png,Script mismatch (non-Arabic),,1 M 08,2025-11-28T13:19:24
0.1428571428571428,محضر جلسة ٢٦/ ٤/ ٢٠٠٠,train_012732,../data/muharaf_prepared_resized/train/train_012732.png,Valid but hard,,محضر جلسة ٢٦/ ٢/٢٠٠,2025-11-28T13:19:27
0.1428571428571428,YAL2A-1,train_018580,../data/muharaf_prepared_resized/train/train_018580.png,Script mismatch (non-Arabic),,YAL2A-12,2025-11-28T13:19:29
0.1428571428571428,MG1-150,train_011811,../data/muharaf_prepared_resized/train/train_011811.png,Script mismatch (non-Arabic),,MG1-50,2025-11-28T13:19:30
0.1428571428571428,عن فانك في ٤ تموز ٩٢٣,train_018013,../data/muharaf_prepared_resized/train/train_018013.png,Valid but hard,,عن فانك في ٤ تمواز ١٩٣,2025-11-28T13:19:33
0.1428571428571428,YS - 1D - 070h,train_019234,../data/muharaf_prepared_resized/train/train_019234.png,Script mismatch (non-Arabic),,YS - 1D - 004,2025-11-28T13:19:36
0.1428571428571428,عن مصر ١٢ اكتوبر ١٩١٦,train_020031,../data/muharaf_prepared_resized/train/train_020031.png,Valid but hard,,عن مصر ١ كتوبر ١٩١٧,2025-11-28T13:19:40
0.1428571428571428,ودعاكم علينا فى ١٤ ك٢ سنه ١٩١٠ ولد سىادىكم,train_008434,../data/muharaf_prepared_resized/train/train_008434.png,Valid but hard,,ودعاكم علينا فى ٢ ك٢ سنة ١٩١ ولد سادكم,2025-11-28T13:20:00
0.1428571428571428,توجب دفعه من مال الاميرية والطراقات لجهة الماجور المذكور تحريرا/ ٢٦ نسان /٩١٦,train_000181,../data/muharaf_prepared_resized/train/train_000181.png,Valid but hard,,بتوجب دفعه ن مال الاميرية والطرقات لجهة الماجور المذكور تحريرا فى ٢ ان ١٩٠١,2025-11-28T13:20:01
0.1428571428571428,عدد ٩ سَعادة محافظ جبل لبنان الافخم,train_014039,../data/muharaf_prepared_resized/train/train_014039.png,Valid but hard,,عد سَعاده محافظ جبل لبنات الافخم,2025-11-28T13:20:02
0.1428571428571428,سان باولو ٩ اذار ١٩٦٣,train_007398,../data/muharaf_prepared_resized/train/train_007398.png,Valid but hard,,ان باولو ٩ اذر ١٩٦,2025-11-28T13:20:06
0.1428571428571428,٢- مناسبات عشرون مليون ليرة لبنانية,train_012776,../data/muharaf_prepared_resized/train/train_012776.png,Valid but hard,,٢ - مناسات عشرون مليون لرة لبنانيه،,2025-11-28T13:20:07
0.1428571428571428,MK2A-81,train_012563,../data/muharaf_prepared_resized/train/train_012563.png,Script mismatch (non-Arabic),,MK2A-71,2025-11-28T13:20:10
0.1428571428571428,BEK1A-2,train_003473,../data/muharaf_prepared_resized/train/train_003473.png,Script mismatch (non-Arabic),,BEK1A-5,2025-11-28T13:20:12
0.1428571428571428,عن بعبدا ٩ ايلول ١٩٤٧,train_010439,../data/muharaf_prepared_resized/train/train_010439.png,Script mismatch (non-Arabic),,عن بعبدا ٩ ايلول نة٩٤١,2025-11-28T13:20:15
0.1416666666666666,ان لم تكن تحاريرك مبنية على اساس فاسد. تقول فى تحريرك الاول تاريخ ١٠ ايار أولاً ان محبة الخوري لي هي كونى اقدم له خدامات,train_005685,../data/muharaf_prepared_resized/train/train_005685.png,Valid but hard,,ان لم كن تحاريك منة على اس فاسداً. تقدل فى تحريك الاول تاريخ ١٠ ايار اولاً ان قخجة الخورى في هي كون اقدم له خدامات,2025-11-28T13:20:19
0.1415929203539823,بالبيع والمبيع والثمن ابراء عاماً مستقلاً وبعد تصادق الطرفين على مندرجات هذا الصك حرر بالتوقيع / ١٠ ايلول سنة ٩٢٨,train_015980,../data/muharaf_prepared_resized/train/train_015980.png,Valid but hard,,بالبيع والمبيع والشمن ابراء عاماً مشقلاً وبعد تصادق الطرقين على مند رجات هو الصك حرر بالقواقع ١٠ ال سنة ٩٢١,2025-11-28T13:20:20
0.1414141414141414,بالجزوع والاخشاب ممسوح نمرو ١٠٣ حب ٤ مـ يحد جميع ذلك قبلة متروك عن مخايل ابراهيم النجار شرقاً متروك,train_016692,../data/muharaf_prepared_resized/train/train_016692.png,Valid but hard,,الجزوع والاخشاب مسوم سنة ١٠ حث مب يجد جميع ذلك قبلة متروك عن مخايل ابراهيم النجار شراً متروك,2025-11-28T13:20:21
0.1411764705882353,لبنانية وفاوصلنا منها مبلغ خمسَون ليرة بموجب الايصال عدد ٨ جلد ٢ تاريخ ٢٨ اب سنه ١٩٤٢,train_014125,../data/muharaf_prepared_resized/train/train_014125.png,Valid but hard,,لبنانية وقا دخلنا منها مبلغ خمسَون ليرة بمواجب الايصال عد ٨ جلد تاريخ ٢٨ اب سنة ٩٢١,2025-11-28T13:20:22
0.141025641025641,لدى المذكره انه بناءً على تمرد المسَتدعين المرقومين عن الحضور الى المحاكمة بالوقت المعين حالة كونهما ابلغتا الطلب رسَمياً فسنداً على المادة الـ ١٤٢ من قانون,train_016263,../data/muharaf_prepared_resized/train/train_016263.png,Valid but hard,,لدى المذكارة ان اً على تر المستدين المرمين عن الحور الى المحكمة بالوقت المعين حالة كونهما ابلغا الطلب رسَمياً عسَنداً على المادة الـ١٢ م انو,2025-11-28T13:20:22
0.141025641025641,وروى البطرك الدويهي تلك الحروب بالتفصيل سنة  ١٢٦٦ ان الموارنة رافقوا الصليبيين,train_014236,../data/muharaf_prepared_resized/train/train_014236.png,Valid but hard,,وروى البطروك الدويهي تلك التحروب بالتفصيل سنة ١٩٢ ان الموانة رافوا الصلين,2025-11-28T13:20:23
0.1408450704225352,الىّ فى كتابكم المؤرخ فى 25 حزيران سنة 921 والتى سيبقى أثرها في نفسى ما,train_002214,../data/muharaf_prepared_resized/train/train_002214.png,Valid but hard,,التى فى كتابكم المؤرخ في ٢٥ حزيران سنة ٩٣ والتى سبقى أثرها فى نفسى ما,2025-11-28T13:20:24
0.1408450704225352,١١ - تم تنفيذ جميع البنود الواردة في الموافقة المدرجة في المستند أعلاه،,train_009837,../data/muharaf_prepared_resized/train/train_009837.png,Valid but hard,,- ثم تنعيز جميع المنبود الواردة في الموافقة المدرجة في المستند أميلاه،,2025-11-28T13:20:24
0.140625,في يوم الثلاثاء الواقع في ٢٠٠٢/٢/١٩  سنة ٢٠٠٢ عند الساعة السادسة,train_012842,../data/muharaf_prepared_resized/train/train_012842.png,Valid but hard,,في يوم الثلاثاء الواقع في ٢/  سنة ٢٠ عند الساعة السادسة,2025-11-28T13:20:26
0.140625,قبل سَفره الذي يكون في ٣ تموز وهو يقول لكم ما ينويه... (وهل ينوى,train_005442,../data/muharaf_prepared_resized/train/train_005442.png,Valid but hard,,قبل شفره الذي يكون في ٣ تموز وهو بقول مكم مانينويه . (وهل بنوس,2025-11-28T13:20:27
0.1403508771929824,منذ ست سنوات لا تزيد في هذا التاريخ من كل سنة عن ٤٠ مترًا,train_012605,../data/muharaf_prepared_resized/train/train_012605.png,Valid but hard,,مغذت منواث لا تزريد في هذا التاريخ من كل سنة عن ٤٠ قرًا,2025-11-28T13:20:31
0.14,على شقيقها حنا بماية ليرا دهب بتاريخ ٢٢ اب سنة ٩٣٥,train_004725,../data/muharaf_prepared_resized/train/train_004725.png,Valid but hard,,على شفيوها حنا باية ليرا هب تاريخ ٢ اب سنة ٩٣,2025-11-28T13:20:32
0.14,تابع رحلة سفرنا من بغداد الى شيكاغو ف ١٧ آذار ١٨٩٣,train_015039,../data/muharaf_prepared_resized/train/train_015039.png,Valid but hard,,تابع رولة سرنا من بعداد الى شيكاو في ٧ اذار ١٨٩٣,2025-11-28T13:20:33
0.1397849462365591,٦ تشليح فردة بقر الى يوسَف نادر يوسف وظهرت وانطلب فكاكها خمسون ريال مجيدى عند اغاواة الدنادشه,train_008629,../data/muharaf_prepared_resized/train/train_008629.png,Valid but hard,,٦٥ تشليحم فردة بقر الى يوسف نادر فوسف وظهرت وانطلب فالها فحسون ريال جيدى عند اغاوة الداوش,2025-11-28T13:20:34
0.1395348837209302,الجنوب صمد منذ عام ١٩٦٧ - وكان صموده رائعاً,train_006331,../data/muharaf_prepared_resized/train/train_006331.png,Valid but hard,,الجنوب صمد مند عام ١٩٦٧ - وكان لموه اقاً,2025-11-28T13:20:37
0.1395348837209302,جلسة نهار الأربعاء الواقع في ٩ - ١١ - ١٩٦٦.,train_012955,../data/muharaf_prepared_resized/train/train_012955.png,Valid but hard,,جلسة نهاد الأربعاء الواقع في ٩ -١ ١٩٦.,2025-11-28T13:20:37
0.1395348837209302,١٩٤٤ كانت فرقته اول فرقة زجلية دخلت الاذاعة,train_012344,../data/muharaf_prepared_resized/train/train_012344.png,Valid but hard,,١٩٤ كانت فرقته او فرقة زجية وخالت الافاعة,2025-11-28T13:20:38
0.1395348837209302,يوم الاثنين ١٠ نيسان (يوم الخامس والثلاثين),train_015287,../data/muharaf_prepared_resized/train/train_015287.png,Valid but hard,,يوم الاثين ن ١ نيسان)(يوم الخامس والثارين),2025-11-28T13:20:39
0.1395348837209302,٢٥ ايلول ١٩٤١ وقدره الفان وثمانماية واربعة واربعون كيلو فبيع من الاهالي الفان وسبعماية,train_013927,../data/muharaf_prepared_resized/train/train_013927.png,Valid but hard,,٥ ايمو ن ١٩٤ وقدره النان مثانماية واربعة واربعون كيلو نبيع من الاصالي النان وسبعاية,2025-11-28T13:20:41
0.1395348837209302,سأله صهرنا عن الحساب فقا له انه دفعه له إياه في ٢۹ تموز ١۹٠٧ بين الساعة عشره واحدى عشر,train_011187,../data/muharaf_prepared_resized/train/train_011187.png,Valid but hard,,سأنه صهرا عن الحساب فقال له انه دفعه له اياه في ٢٩ تموز ن ١٩٣٠ بين السَاعة عشره واحد عشر,2025-11-28T13:20:41
0.1395348837209302,كفرشيما تشمل العقارات ٧٢٣ - ٧٢٤ - ٧٢٥ - ٧١٦,train_012852,../data/muharaf_prepared_resized/train/train_012852.png,Valid but hard,,كفرشيما بتشمل العقارات ٣٣ - ٧٢٤٢- ٢٢٥ - ٧٦,2025-11-28T13:27:42
0.1388888888888889,سنة ١٩٩٩ (طلب نائب الرئيس سهيل طعمه),train_012720,../data/muharaf_prepared_resized/train/train_012720.png,Valid but hard,,سنة ١٩٩ بنائب الرئيس سهيل طعمه),2025-11-28T13:27:45
0.1382978723404255,فتكون قيمة الكمية المستلمة ٦٢٥٦٨ غروش اما الكمية المباعة فبلغت ٦١٥٧٨ غروش فتكون القيمة المكسور,train_013929,../data/muharaf_prepared_resized/train/train_013929.png,Valid but hard,,يتكون قيمة الكمية المستلمة ٦٨ غش اما الكمية المباعة فبلغت ٦٨ غر فتكون القيمة المكو,2025-11-28T13:27:48
0.1379310344827586,١- تلاوة محضر الجلسة السابقة.,train_012795,../data/muharaf_prepared_resized/train/train_012795.png,Valid but hard,,لمستلادة محضر الجلسة السابقة.,2025-11-28T13:27:48
0.1379310344827586,بيروت \ ٥ ت١ ٩٢٧ المفتش العام,train_015731,../data/muharaf_prepared_resized/train/train_015731.png,Valid but hard,,بيروت ٥ ت ٩٢ المفتش العام,2025-11-28T13:27:51
0.1379310344827586,بعد اهدأ التحية والسلام. اخذت كتابكم المؤرخ ٢١ ج٢ ١٣٤٣ وسررت بصحتكم وشكرتكم على ارسالكم,train_002549,../data/muharaf_prepared_resized/train/train_002549.png,Valid but hard,,اهداً التحية والسلم. اذت كتابكم المؤخ ٢١ ج ١٣ وسررت بصحتكم وشكرتكم على ارسالكم,2025-11-28T13:27:52
0.1379310344827586,المنصوره في ٥ لوليو ٩٢٧ بكفيا,train_011619,../data/muharaf_prepared_resized/train/train_011619.png,Valid but hard,,المنصور في٥ لولو ٩٢٧ بكفي,2025-11-28T13:27:56
0.1379310344827586,يوم احد في ١٩ اذار. الثالث عشر. سافرنا من ميادين الساعة ١٠,train_015095,../data/muharaf_prepared_resized/train/train_015095.png,Valid but hard,,موم الاحد في ١٩ اذار . الثالثة عشر . مسافرنا من ميادين الساعة ١١,2025-11-28T13:27:58
0.1375,سَنة لا ادفع سوى ثمن القسَاطل وكلفة تمديدها . ثم زرعت ٢٠٠ شجرة زيتون مطعمة و ٢٠٠,train_004237,../data/muharaf_prepared_resized/train/train_004237.png,Valid but hard,,سَنة لا ادفع سوى ثمي التساطل وكلفة تمديدها ثم نزرعت ٠ شجرة زيتون مطعمة و٠,2025-11-28T13:27:59
0.1372549019607843,من هنا للاخ بطرس ايضاً ورجعنا للوابور وفي الساعة ١١,train_015233,../data/muharaf_prepared_resized/train/train_015233.png,Valid but hard,,من هنا للاح ابطرسن ايضا ورجعا للوابول وفي الساعة ١٢,2025-11-28T13:28:00
0.1363636363636363,كان عمرة تقديرا نحو ٣٥ سنة وكان من صف الرديف,train_009236,../data/muharaf_prepared_resized/train/train_009236.png,Valid but hard,,ج كان عمره تقديرا نكو ٣٥ سنة وكان من حف الرويف,2025-11-28T13:28:01
0.1363636363636363,عبد الرحمن (١٨٢٢-١٨٥٩) بن سليمان (١٧٩٢-١٨٢٢),train_000850,../data/muharaf_prepared_resized/train/train_000850.png,Valid but hard,,عبد الرحمن (١٨٢-١٨) بن سليمان (١٧٧-١٨٢),2025-11-28T13:28:02
0.1363636363636363,بيروت في ٢ ك١ سنة ١٩٥٤,train_012137,../data/muharaf_prepared_resized/train/train_012137.png,Valid but hard,,بيروت في ٢ ك١ سنه ١٩٤١,2025-11-28T13:28:04
0.1363636363636363,POR TELEGRAFO: SAIKALI,train_021240,../data/muharaf_prepared_resized/train/train_021240.png,Script mismatch (non-Arabic),,POR TEGRAFO: SAKALI,2025-11-28T13:28:06
0.1363636363636363,مرخص بموجب علم وخبر رقم ٢٤/اد تاريخ ٩ /١/ ٦٥,train_011485,../data/muharaf_prepared_resized/train/train_011485.png,Segmentation error,,مرخصبموجب علم وخبرقم ٢٤/اد تاريخ ٩/ ١/٦٥,2025-11-28T13:28:12
0.1363636363636363,كذلك نقلنا للقراءَة السَهله N 2 - في صفحه ١١,train_005552,../data/muharaf_prepared_resized/train/train_005552.png,Valid but hard,,كذلك تقلنا للقراءَه السَهله  - في صفحه ١,2025-11-28T13:28:19
0.1363636363636363,اولاد البرتو 32 البرتو,train_021465,../data/muharaf_prepared_resized/train/train_021465.png,Valid but hard,,اولاد الرتو 3 الدرتو,2025-11-28T13:28:20
0.1363636363636363,١٩٤٧ استحصل على رخصة رسمية واصدر مجلة الاديب,train_012348,../data/muharaf_prepared_resized/train/train_012348.png,Valid but hard,,١٩٣ استحصل على رخصة رسميرة واصدر مجلة الحروب,2025-11-28T13:28:21
0.1363636363636363,"امين : انته ما دخلك . الاغا طلب مني بي ""٥٠٠""",train_017271,../data/muharaf_prepared_resized/train/train_017271.png,Valid but hard,,"امين : انته ما دخلك، الاغا طلب مني في ""٠",2025-11-28T13:28:31
0.1358024691358024,لي الشرف ان ابلغكم ربط صورة عن تعليمات وزارة العدليه بتاريخه ١٣٣٠ المتعلق بالاشيا,train_015669,../data/muharaf_prepared_resized/train/train_015669.png,Valid but hard,,لي التشرف ان ابلفكم ربط صدرة عن تعليمات وزارة العد ليه ناريخه ٣٠ المقلق بالاشا,2025-11-28T13:28:32
0.135593220338983,قرية ارده والممسَوحة تحت لون ٢٢ مدالى ٤ ومشتملة على ارض سَليخ وزيتون ومختلف يحد كاملها قبلةً ملك الخوري واكيم فضل الله,train_016745,../data/muharaf_prepared_resized/train/train_016745.png,Valid but hard,,قرية اده والمسَوحة تحن و٠ مدالى ومشتملة على ارضى سَلخ وذتون ويختلف يحد كاملها قبلةً ملك الخوري واكيم فضصل الله,2025-11-28T13:28:33
0.135593220338983,بحملة تعشيب في البلدة . . كما جرى حجز اعتماد قدره ١٤٠٠٠/ل.ل,train_013082,../data/muharaf_prepared_resized/train/train_013082.png,Valid but hard,,لجملة تعشيب في البلدة . كما جرى محز اعتماد قدره ١٠٠/ل.ل,2025-11-28T13:28:34
0.1351351351351351,الصبر وطال عزيز بقاكم  ٢ حزيران / ٩٣٥,train_005577,../data/muharaf_prepared_resized/train/train_005577.png,Valid but hard,,الصبر وطال عزيز بقاكم ٢ حزيران سنة ٩٢٥,2025-11-28T13:28:35
0.1346153846153846,حتى الساعة ١٢ بحوالي نصف ساعة بعد المغرب قلع من يافا,train_015244,../data/muharaf_prepared_resized/train/train_015244.png,Valid but hard,,حتى الساع ٢ بعمايل نصف ساعة بعد المغرب قل من يافا,2025-11-28T13:28:36
0.134020618556701,"في الثامن من ايلول. طولها ٨ امتار عرضُها ٥ امتار علوها ٤ امتار ولا يوجد بها سند تمليك . /٧"" كنيسة",train_009585,../data/muharaf_prepared_resized/train/train_009585.png,Valid but hard,,"في العن من ايلول. طولا ١ امتار عرضها امتار علوها ي امتار ولا يوجد بها سند تليك /"" كنيسة",2025-11-28T13:28:38
0.1333333333333333,فالمجمع اللبناني كان دستور الاستقلال الطائفي، كما كان بروتكول ١٨٦١، ولاحبار,train_019623,../data/muharaf_prepared_resized/train/train_019623.png,Valid but hard,,الجع اللباني كان وستور الاستقلال الطائفي، كما كان برتول ١٨، ولاجبار,2025-11-28T13:28:48
0.1333333333333333,عن المعاملتين ٩ حزيران سنة ٩٣٠,train_003444,../data/muharaf_prepared_resized/train/train_003444.png,Valid but hard,,عن المعاملته ٩ حزيران سنة ١٩٣١,2025-11-28T13:28:55
0.1333333333333333,٧- الموافقة على صرف مبلغ /٧٠٠/ ل.ل لمديرية الدفاع لأجل تجهيز,train_013149,../data/muharaf_prepared_resized/train/train_013149.png,Valid but hard,,٧ - الموافقة على صرو يمبلغ /٠٠/ل.ل لمديرية الدناع لأجل بمهيز,2025-11-28T13:28:56
0.1333333333333333,بقاءَها. اما الفصل الثالث (III) فقد نقل بعدها,train_005550,../data/muharaf_prepared_resized/train/train_005550.png,Valid but hard,,بقاءَها. اّا الفصل الثالث (I) فقد تفل بعدهنا,2025-11-28T13:28:57
0.1333333333333333,٧٣ ثلاثة وسبعين,train_015620,../data/muharaf_prepared_resized/train/train_015620.png,Valid but hard,,٧ لاثة وسبعين,2025-11-28T13:28:59
0.1333333333333333,"علوان وشلهوب معلوف تحصيلاً لمبلغ /947,70/ل.ل.",train_013118,../data/muharaf_prepared_resized/train/train_013118.png,Valid but hard,,علوان وشلهوب معلوف لحصيلاً لمبلغ /7/ل.ل.,2025-11-28T13:29:00
0.1333333333333333,خان ولا دكان فقط خرايب وبساتين ووصلنا ساعة ١١,train_015064,../data/muharaf_prepared_resized/train/train_015064.png,Valid but hard,,خان ولادكان فقط ضريب وبسانين ووصولنا ساعة ١,2025-11-28T13:29:01
0.1333333333333333,محضر جلسة رقم ١,train_012661,../data/muharaf_prepared_resized/train/train_012661.png,Valid but hard,,محضر جلسة رقم:,2025-11-28T13:29:02
0.1333333333333333,في ٢٤ ايار ١٩٤٢,train_014049,../data/muharaf_prepared_resized/train/train_014049.png,Valid but hard,,في ٢٤ ايار س ١٩٤٢,2025-11-28T13:29:08
0.1326530612244898,١٠ هجوم عصابة من الاشقيا على احدى حاراة القبيات الساعه الرابعه ليلاً بوجود قنصل دولة فرنسا الفخيمة,train_008660,../data/muharaf_prepared_resized/train/train_008660.png,Valid but hard,,هوم عصابة من الاشقيا على احدى حاراة القبيات الساعة الرابعه ليلاً يوجد فضصل دولة غرسنا الفخية,2025-11-28T13:29:09
0.1326530612244898,قيمتها ١٢٥٠ غرش حجر والقيمة باقيه ضمن الشاري إبراهىم عيسي المذكور لا يسلمها الا بموجب امركم الكريم,train_009330,../data/muharaf_prepared_resized/train/train_009330.png,Valid but hard,,وعني قيمتها ٢٥٠ غرش حجر والقيمة بافيه ضمن الشاري ابراهيم عيل المذكور لا يسلما الا يموجب امركم الكريم,2025-11-28T13:29:10
0.1325301204819277,وحلوي الصدف لما بتجعلنا                                      kجنينة الملقا ونضارتها,train_007197,../data/muharaf_prepared_resized/train/train_007197.png,Valid but hard,,وحلوي الصدف لما بتجعلنا                                         نلن الا ارتها,2025-11-28T13:29:11
0.1325301204819277,٩ مخول طنوس مخايل الترس هو باطراف القريه ونهبوا وعطلو كلما بهِ منسوب للمحررين اعلاه,train_008659,../data/muharaf_prepared_resized/train/train_008659.png,Valid but hard,,مخول طنوس مخايل الذى هو باطراق القريه ونهبوا وعطلوا كلما بهِ مسوب للحرين لعلاه,2025-11-28T13:29:11
0.1324503311258278,لدى المذاكرة بما ان المعترض المذكور تبلغ الطلب بطريقة رسَمية ولم يحضر بالوقت المعين فقد قر القرار بالاتفاق برد اعتراضه سَنداً على المادة ال١٥٩ من قانون,train_016212,../data/muharaf_prepared_resized/train/train_016212.png,Valid but hard,,عرى المذاكره بما ان المعرض الذكور تبلغ الطلب بطريق سَمة ولم يحضر بالوقت المعين فقدر القرار بالاتقوق برد اغراه سَنداً على المادة الـ١ من قون,2025-11-28T13:29:12
0.1320754716981132,وهي حسنة ٢٠٠ مايتين قداس المرجو الوصل بها حسَب العادة,train_018097,../data/muharaf_prepared_resized/train/train_018097.png,Valid but hard,,وهي حسَنة ٢٠٠ ما يتين قداس المرجع الوصل بمها حسَب القسية,2025-11-28T13:29:13
0.1320754716981132,في اجزخانه سنه واحده (pratique)  وبعده اقدم الى مدرسة,train_011582,../data/muharaf_prepared_resized/train/train_011582.png,Valid but hard,,فن اجزخانه سنه واحده (tqe) وبعده اقدم الى مدرسة,2025-11-28T13:29:14
0.1318681318681318,لو قلنا انه يستوفى اجرة عدل ١٠ غروش تركية اذا كانت قيمة ان السند من الفين الى عشرة الاف غرش,train_015692,../data/muharaf_prepared_resized/train/train_015692.png,Valid but hard,,لوقلنا انه يستد فى اجرة عدل ١٠ غرش تركية اذا كات قيمة السند المجل من القين الى عشرة الاف غرش,2025-11-28T13:29:15
0.131578947368421,حلسة نهار الجمعة الواقع في ٩- ٩- ١٩٦٦.,train_012874,../data/muharaf_prepared_resized/train/train_012874.png,Valid but hard,,جلسة نهار الجمعة الواقع في ٩ - ٩ - ١٩٦,2025-11-28T13:29:16
0.1311475409836065,٦ ونكون اخيرا قد اوجدنا مجالا لتشجيع اصحاب المشاريع على تحقيق,train_012012,../data/muharaf_prepared_resized/train/train_012012.png,Valid but hard,,ذكن اخير اد اوجدنا مجالا لتشجيع اصحاب المشاريع على حقيق,2025-11-28T13:29:17
0.1311475409836065,١- . اسم والد الفقيد وجده، وأصل أسرته وسبب تسميتها (ابو شبكه),train_003967,../data/muharaf_prepared_resized/train/train_003967.png,Valid but hard,,١-. اسم والد الفقيد وجده، أصل أسرتة وسبيب سميها (أبو شبكه,2025-11-28T13:29:17
0.1308411214953271,ج عمري ٣٠ سنه.. انني اعرفه جيدا لانه من جيراني وابن خال والدي وقد سيق معي للخدمه العسكريه ابان الحرب الكبرى,train_009233,../data/muharaf_prepared_resized/train/train_009233.png,Valid but hard,,ج عمري ٠. اني اعرفه جيدا لانه من جيراني وابن خال والدي وقد سيق معي للحدم العسكره با الحرب الكري,2025-11-28T13:29:18
0.1304347826086956,بيروت \ ١٤ ايار سنة ٩٢٧,train_015709,../data/muharaf_prepared_resized/train/train_015709.png,Valid but hard,,بيروت \ ١٤ ايار سن٩٣٧,2025-11-28T13:29:20
0.1304347826086956,"Ready-made Goods and Ladies' and Gents' Shoes,",train_011116,../data/muharaf_prepared_resized/train/train_011116.png,Script mismatch (non-Arabic),,Ready=Mde Gods and Ladies' and Gent' Shoes.,2025-11-28T13:29:23
0.1304347826086956,٨ تشرين الثاني سنة ١٩١٨,train_003345,../data/muharaf_prepared_resized/train/train_003345.png,Valid but hard,,٨ تشرين الثاني س١٩١٨,2025-11-28T13:29:26
0.1304347826086956,Ready=Made Goods and Ladies' and Gent's Shoes.,train_011062,../data/muharaf_prepared_resized/train/train_011062.png,Script mismatch (non-Arabic),,Redy=Mde Gods and Ldies' and Gents Shoes,2025-11-28T13:29:28
0.25,QBat 5 H-574,train_016568,../data/muharaf_prepared_resized/train/train_016568.png,Script mismatch (non-Arabic),,QBat5H-54,2025-11-28T13:32:41
0.2260869565217391,عدد ١٠٤ بعد الوقوف على ضبطنا من المحاكمة وسائر اوراق الدعوى المتفرعة وامعنا النظر فى مندرجاتها وجد ان ما فعله شاهين,train_015321,../data/muharaf_prepared_resized/train/train_015321.png,Valid but hard,,عد ٤ د القوق لى بطنا من المحاكمة وسائر اوراق الدعوى المتفرعة وامعان النظرف من راه وجنا فا مشا شهين,2025-11-28T13:32:47
0.2258064516129032,صورة طبق الاصل في _______________________________ سنة       ١٩,train_016649,../data/muharaf_prepared_resized/train/train_016649.png,Valid but hard,,صودة طبق الاصل في _____________________________________,2025-11-28T13:32:50
0.225,فى ٢٥ ادار /١٩٠٤ عن سَان انطونيو تكسَاسَ,train_018790,../data/muharaf_prepared_resized/train/train_018790.png,Valid but hard,,ف ٢٥ ادار ١٩٠ عن سان انطونيو نكس مفن,2025-11-28T13:32:53
0.225,في ٢٨ ادار /١٩٠٤ عن سَان انطونيو تكسَاسَ,train_018694,../data/muharaf_prepared_resized/train/train_018694.png,Valid but hard,,فى ١٢ ادار ١٩٤ عنة سَان انطونيو تكساف,2025-11-28T13:32:55
0.2244897959183673,القايمقم وتانسنا عنده الى الساعة ٤ ليلًا وهو غاية,train_015024,../data/muharaf_prepared_resized/train/train_015024.png,Valid but hard,,ناتموم وتانسنا عنده الى الساعة ليلاً وهدغاية,2025-11-28T13:32:56
0.2241379310344827,ساعة ٦ الفلوجة الساعة ٦ من النهار غير الجسر ونزلنا في جانب,train_015013,../data/muharaf_prepared_resized/train/train_015013.png,Valid but hard,,اساعة الوجه الساعة من النهار فيرا الجسير وزلنا في جاب,2025-11-28T13:32:56
0.2241379310344827,حتى الساعة ٦ اشتد عليه الريح والساعة ١٠ وصلنا طرابلس الشام,train_015201,../data/muharaf_prepared_resized/train/train_015201.png,Valid but hard,,حتى الساعة١ اشتد عيه الي والساعة ١ وصلنا جاي الساح,2025-11-28T13:33:00
0.2241379310344827,جان المولود في ٩ /١٢/ ٦٠ وجورج المولود في ٦ /٤ / ٥٦ وجانيت,train_009156,../data/muharaf_prepared_resized/train/train_009156.png,Valid but hard,,جان المونود في ٢/١٢/  وصورح المبونود في ٦/٤/٥ وجانيت,2025-11-28T13:33:03
0.2222222222222222,YAL2A-652,train_018762,../data/muharaf_prepared_resized/train/train_018762.png,Script mismatch (non-Arabic),,YAL2A-2,2025-11-28T13:34:08
0.2222222222222222,YS-4D-060,train_020120,../data/muharaf_prepared_resized/train/train_020120.png,Script mismatch (non-Arabic),,YS-4D- 00,2025-11-28T13:34:09
0.2222222222222222,MK2A-7 12,train_012375,../data/muharaf_prepared_resized/train/train_012375.png,Script mismatch (non-Arabic),,MK2A-71,2025-11-28T13:34:10
0.2222222222222222,QBat1L-52,train_015932,../data/muharaf_prepared_resized/train/train_015932.png,Script mismatch (non-Arabic),,QBatL-2,2025-11-28T13:34:11
0.2222222222222222,QBat1L-51,train_015912,../data/muharaf_prepared_resized/train/train_015912.png,Script mismatch (non-Arabic),,QBatL-52,2025-11-28T13:34:12
0.2222222222222222,QBat7F-12,train_016696,../data/muharaf_prepared_resized/train/train_016696.png,Script mismatch (non-Arabic),,QBat7F-7,2025-11-28T13:34:12
0.2222222222222222,JEH2A2-17,train_007376,../data/muharaf_prepared_resized/train/train_007376.png,Script mismatch (non-Arabic),,JEH2A-7,2025-11-28T13:34:13
0.2222222222222222,JEH2E1-26,train_007576,../data/muharaf_prepared_resized/train/train_007576.png,Script mismatch (non-Arabic),,JEH21-2,2025-11-28T13:34:14
0.2222222222222222,ys-4B-089,train_019895,../data/muharaf_prepared_resized/train/train_019895.png,Script mismatch (non-Arabic),,yS-4B-08,2025-11-28T13:34:15
0.2222222222222222,MK2A-7 17,train_012464,../data/muharaf_prepared_resized/train/train_012464.png,Script mismatch (non-Arabic),,MK2A-71,2025-11-28T13:34:16
0.2222222222222222,MK2A-7 19,train_012509,../data/muharaf_prepared_resized/train/train_012509.png,Script mismatch (non-Arabic),,MK2A-71,2025-11-28T13:34:17
0.2222222222222222,JEH2E1-23,train_007543,../data/muharaf_prepared_resized/train/train_007543.png,Script mismatch (non-Arabic),,JEH21-2,2025-11-28T13:34:18
0.2222222222222222,MK2A-7 14,train_012401,../data/muharaf_prepared_resized/train/train_012401.png,Script mismatch (non-Arabic),,MK2A-71,2025-11-28T13:34:19
0.2222222222222222,EAC-D-51g,train_004167,../data/muharaf_prepared_resized/train/train_004167.png,Script mismatch (non-Arabic),,EAC-D-53,2025-11-28T13:34:20
0.2222222222222222,JEH2E1-27,train_007592,../data/muharaf_prepared_resized/train/train_007592.png,Script mismatch (non-Arabic),,JEH21-2,2025-11-28T13:34:21
0.2222222222222222,ES1D-19 ١,train_006133,../data/muharaf_prepared_resized/train/train_006133.png,Script mismatch (non-Arabic),,ES1D-191,2025-11-28T13:34:22
0.2222222222222222,EAC-D-51f,train_004144,../data/muharaf_prepared_resized/train/train_004144.png,Script mismatch (non-Arabic),,EAC-D-52,2025-11-28T13:34:22
0.2222222222222222,MK2A-7 11,train_012360,../data/muharaf_prepared_resized/train/train_012360.png,Script mismatch (non-Arabic),,MK2A-71,2025-11-28T13:34:24
0.2222222222222222,YS-4D-05٠,train_020053,../data/muharaf_prepared_resized/train/train_020053.png,Script mismatch (non-Arabic),,YS-4D-00,2025-11-28T13:34:24
0.2222222222222222,""" قائدات "" (Leaders). وكانت",train_014343,../data/muharaf_prepared_resized/train/train_014343.png,Script mismatch (non-Arabic),,"""قائدات "" (rs). وكانت",2025-11-28T13:34:28
0.2222222222222222,MK2A-7 16,train_012445,../data/muharaf_prepared_resized/train/train_012445.png,Script mismatch (non-Arabic),,MK2A-71,2025-11-28T13:34:29
0.2222222222222222,JEH2E1-19,train_007481,../data/muharaf_prepared_resized/train/train_007481.png,Script mismatch (non-Arabic),,JEH21-9,2025-11-28T13:34:30
0.2222222222222222,EAK1A-137,train_004663,../data/muharaf_prepared_resized/train/train_004663.png,Script mismatch (non-Arabic),,EAK1A-11,2025-11-28T13:34:31
0.2222222222222222,MK2A-7 10,train_012341,../data/muharaf_prepared_resized/train/train_012341.png,Script mismatch (non-Arabic),,MK2A-70,2025-11-28T13:34:32
0.2222222222222222,QAJE3G_42,train_015723,../data/muharaf_prepared_resized/train/train_015723.png,Script mismatch (non-Arabic),,QAJ3G_2,2025-11-28T13:34:33
0.2222222222222222,EAK1A-146,train_005009,../data/muharaf_prepared_resized/train/train_005009.png,Script mismatch (non-Arabic),,EAK1A-10,2025-11-28T13:34:34
0.2222222222222222,EAK1A-142,train_004921,../data/muharaf_prepared_resized/train/train_004921.png,Script mismatch (non-Arabic),,EAK1A-1,2025-11-28T13:34:34
0.2222222222222222,EAK1A-172,train_005492,../data/muharaf_prepared_resized/train/train_005492.png,Script mismatch (non-Arabic),,EAK1A-10,2025-11-28T13:34:35
0.2222222222222222,EAK1A 157,train_005216,../data/muharaf_prepared_resized/train/train_005216.png,Script mismatch (non-Arabic),,EAK1A15,2025-11-28T13:34:36
0.2222222222222222,YS-4D-047,train_020036,../data/muharaf_prepared_resized/train/train_020036.png,Script mismatch (non-Arabic),,YS-4D-08,2025-11-28T13:34:38
0.2222222222222222,EAK1A 162,train_005338,../data/muharaf_prepared_resized/train/train_005338.png,Script mismatch (non-Arabic),,EAK1A 19,2025-11-28T13:34:38
0.2222222222222222,EAK1A 150,train_005093,../data/muharaf_prepared_resized/train/train_005093.png,Script mismatch (non-Arabic),,EAK1A-10,2025-11-28T13:34:40
0.2142857142857142,"CABLE ADDRESS,",train_001475,../data/muharaf_prepared_resized/train/train_001475.png,Script mismatch (non-Arabic),,"CABLE ADES,",2025-11-28T13:34:43
0.2142857142857142,للسباحة natation. وهذا - وهنا بيت القصيد - كل يوم صباحاً,train_010492,../data/muharaf_prepared_resized/train/train_010492.png,Valid but hard,,للباحة an. وهذا وهنا بيت القصيد - كل يوم صاجا,2025-11-28T13:34:46
0.2142857142857142,YS - 1D - 071a,train_019251,../data/muharaf_prepared_resized/train/train_019251.png,Script mismatch (non-Arabic),,YS - 1D - 057,2025-11-28T13:34:48
0.2105263157894736,دمشق 15 آب سنة 1921,train_002205,../data/muharaf_prepared_resized/train/train_002205.png,Valid but hard,,دمق ١٥5 آب سنة 192,2025-11-28T13:34:51
0.2105263157894736,ما بعده ١٧ 17 - وكررنا ١٨ 18 تلات مرات,train_005567,../data/muharaf_prepared_resized/train/train_005567.png,Valid but hard,,ما بعبده ١٧ - كررنا ١٨8 تلات مراب,2025-11-28T13:34:53
0.2105263157894736,ARCHEVECHÉ MARONITE,train_004428,../data/muharaf_prepared_resized/train/train_004428.png,Script mismatch (non-Arabic),,ARCHVCHÉ MAROTE,2025-11-28T13:34:57
0.2105263157894736,QUOTIDIEN POLITIQUE,train_019111,../data/muharaf_prepared_resized/train/train_019111.png,Script mismatch (non-Arabic),,QUODIEN POLIQUE,2025-11-28T13:34:57
0.2105263157894736,في ٢٧ اذار سنه 1941,train_013839,../data/muharaf_prepared_resized/train/train_013839.png,Valid but hard,,في ٢٧ اذار سنه ١٩٤١,2025-11-28T13:35:00
0.1896551724137931,على الحكم في فبراير ١۹۳٦، عزل الرئيس سامورا (Zamora) وأقيم,train_000991,../data/muharaf_prepared_resized/train/train_000991.png,Valid but hard,,على الحكم، في فبراير ١۹۳، غزلوه الرئيس ساموا (Zaoa) وتافيم,2025-11-28T13:35:02
0.1851851851851851,3: الياس - ابنا عيسى 4 يوسف,train_021460,../data/muharaf_prepared_resized/train/train_021460.png,Valid but hard,,٣ : الساس - ابنا عيس 1 يوسف,2025-11-28T13:35:03
0.1818181818181818,MERCANCIAS Y NOVEDADES,train_021238,../data/muharaf_prepared_resized/train/train_021238.png,Script mismatch (non-Arabic),,MERCACIAS Y NOVDES,2025-11-28T13:35:05
0.1818181818181818,EAK1A - 325,train_005860,../data/muharaf_prepared_resized/train/train_005860.png,Script mismatch (non-Arabic),,EAK1A- 35,2025-11-28T13:35:07
0.1818181818181818,EAK1A - 180,train_005554,../data/muharaf_prepared_resized/train/train_005554.png,Script mismatch (non-Arabic),,EAK1A- 10,2025-11-28T13:35:07
0.1818181818181818,DE BEYROUTH,train_005539,../data/muharaf_prepared_resized/train/train_005539.png,Script mismatch (non-Arabic),,DEBEYOUTH,2025-11-28T13:35:10
0.1818181818181818,QBat 19D-86,train_015873,../data/muharaf_prepared_resized/train/train_015873.png,Script mismatch (non-Arabic),,QBat19D-6,2025-11-28T13:35:11
0.1818181818181818,YS-1D- 070d,train_019197,../data/muharaf_prepared_resized/train/train_019197.png,Script mismatch (non-Arabic),,YS-1D- 00b,2025-11-28T13:35:13
0.1794871794871795,الكردينال Binet رئيسَ اسَاقفة Besançon.,train_004976,../data/muharaf_prepared_resized/train/train_004976.png,Valid but hard,,الكردينال oiet رئيس اسَاقفة Baçn.,2025-11-28T13:35:16
0.1764705882352941,مارشيه (Bon marché) منهم اربعه الى,train_020720,../data/muharaf_prepared_resized/train/train_020720.png,Valid but hard,,ما رشيه ( mahé) منهم اربعه الى,2025-11-28T13:35:17
0.175,وهو منمر وبعض نمره مراجعه bis و  tes حتى,train_005561,../data/muharaf_prepared_resized/train/train_005561.png,Valid but hard,,وهو نمر. وبعض شمره مراجعه is وes حتى,2025-11-28T13:35:18
0.1739130434782608,عنكم ولو كل شهر مكتوب الى عنوان  Georges Ruree,train_000418,../data/muharaf_prepared_resized/train/train_000418.png,Valid but hard,,عنكم ولو كل شهر مكتوب الى عنوان oore Mre,2025-11-28T13:35:19
0.1714285714285714,جانبه غرفه ٥ x  ٤  وفي ىخر سنة ١۹٠٦,train_022091,../data/muharaf_prepared_resized/train/train_022091.png,Valid but hard,,جانبه عرفه ٥ x ٤ وفي اخر سنة ١٩۹٦,2025-11-28T13:35:22
0.1698113207547169,قلت لك ان العمل اصبح عندهم automatic نعم وهم مَسرورون,train_010462,../data/muharaf_prepared_resized/train/train_010462.png,Valid but hard,,قلت لك ان العمل اصبح عندهم uiio نعم وهم مسَورون,2025-11-28T13:35:23
0.1685393258426966,تاريخ 21 ك1 سنه 1940 نواطيرًا على الارزاق بناءً على طلب الملاكين فلما كان احدهم فريد ياغي,train_013781,../data/muharaf_prepared_resized/train/train_013781.png,Valid but hard,,تاريخ ٢٠ ك١ سنة ١90 نواطيراً على الازاق بناءً على طلب الملاكي فظا كان اجدهم فويد يا غي,2025-11-28T13:35:23
0.1666666666666666,SB1A-5,train_016823,../data/muharaf_prepared_resized/train/train_016823.png,Script mismatch (non-Arabic),,S1A-5,2025-11-28T13:35:26
0.1666666666666666,MG1-64,train_011747,../data/muharaf_prepared_resized/train/train_011747.png,Script mismatch (non-Arabic),,MG1-4,2025-11-28T13:35:27
0.1666666666666666,MG1-51,train_011687,../data/muharaf_prepared_resized/train/train_011687.png,Script mismatch (non-Arabic),,MG1-57,2025-11-28T13:35:27
0.1666666666666666,AF-303,train_000259,../data/muharaf_prepared_resized/train/train_000259.png,Script mismatch (non-Arabic),,AF-305,2025-11-28T13:35:28
0.1666666666666666,AF-291,train_000206,../data/muharaf_prepared_resized/train/train_000206.png,Script mismatch (non-Arabic),,AF-21,2025-11-28T13:35:29
0.1666666666666666,MK2A-7,train_012322,../data/muharaf_prepared_resized/train/train_012322.png,Script mismatch (non-Arabic),,MK2A-1,2025-11-28T13:35:30
0.1666666666666666,زاد على ماكنا نعلمه عن استعدادات المدعي العام Régis . Mancet,train_005070,../data/muharaf_prepared_resized/train/train_005070.png,Valid but hard,,زاد على ماكنا نعلم عن استعدادات المدعي العام Ré ce,2025-11-28T13:35:33
0.1666666666666666,Comericiante,train_021125,../data/muharaf_prepared_resized/train/train_021125.png,Script mismatch (non-Arabic),,Comeciante,2025-11-28T13:35:35
0.1666666666666666,القطعة الى غير موضع صفحه (tes 8 ٨ ).,train_005551,../data/muharaf_prepared_resized/train/train_005551.png,Valid but hard,,القطعة الى عير موضع صفحه (t- 8 ),2025-11-28T13:35:43
0.1666666666666666,AF-321,train_000381,../data/muharaf_prepared_resized/train/train_000381.png,Script mismatch (non-Arabic),,AF-322,2025-11-28T13:35:46
0.1666666666666666,MG1-50,train_011645,../data/muharaf_prepared_resized/train/train_011645.png,Script mismatch (non-Arabic),,MG1-0,2025-11-28T13:35:59
0.1666666666666666,AF-280,train_000180,../data/muharaf_prepared_resized/train/train_000180.png,Script mismatch (non-Arabic),,AF-20,2025-11-28T13:36:00
0.1666666666666666,SB1A-6,train_016859,../data/muharaf_prepared_resized/train/train_016859.png,Script mismatch (non-Arabic),,S1A-6,2025-11-28T13:36:00
0.1666666666666666,Jobbers * in * Dry Goods * and * Notions *,train_010795,../data/muharaf_prepared_resized/train/train_010795.png,Script mismatch (non-Arabic),,Bebers * n * Dy Goods * and * Noons *,2025-11-28T13:36:02
0.1666666666666666,"247 S. 9th Street,",train_001473,../data/muharaf_prepared_resized/train/train_001473.png,Script mismatch (non-Arabic),,"247 S 9th Stre,",2025-11-28T13:36:03
0.1666666666666666,SB1A-1,train_016756,../data/muharaf_prepared_resized/train/train_016756.png,Script mismatch (non-Arabic),,S1A-1,2025-11-28T13:36:04
0.1636363636363636,واحد المايو maillot المختص به ويغطسَوا بالبركة المذكورة,train_010495,../data/muharaf_prepared_resized/train/train_010495.png,Valid but hard,,واحد المايو at لمختصى به ويبغطسَوا بالبركية المذكورة,2025-11-28T13:36:07
0.1636363636363636,فما لى اذاً الاّ ان اعمل لك ربورتاج Reportage عن العيشة,train_010444,../data/muharaf_prepared_resized/train/train_010444.png,Valid but hard,,فمالى اذا الّ ان اعمل لك ربورتاج prg عن العيشة,2025-11-28T13:36:07
0.1632653061224489,العام الكولونيل خوان بايبدد في تطواف العامره Juan,train_000709,../data/muharaf_prepared_resized/train/train_000709.png,Valid but hard,,العام الكولونيل خوان با بد في تطوان العامره,2025-11-28T13:36:08
0.1612903225806451,هو اغتيال العلامة كلفو سوتيلو (Calvo Sotilo) زعيم الحزب الملكي,train_001033,../data/muharaf_prepared_resized/train/train_001033.png,Valid but hard,,هو اغيال العلامة كلفو سوتيلو (Clve Soe) زعيم الحرب المكي.,2025-11-28T13:36:09
0.1607142857142857,Régis - Mançet وقد شكرنا لسيادتكم الشكر الجزيل هذه الهمة,train_005145,../data/muharaf_prepared_resized/train/train_005145.png,Valid but hard,,e - Mçes وقد شكرنا لسيادتكم الشَكر الجزيل هذه الهمة,2025-11-28T13:36:10
0.16,بيروت في 16 شباط سنة 1910,train_002197,../data/muharaf_prepared_resized/train/train_002197.png,Valid but hard,,بيرفوت في ١٦6 شباط سنة ١1910,2025-11-28T13:36:15
0.15625,ان سالون الزاوية متر ۹ x  ٥ والى,train_022090,../data/muharaf_prepared_resized/train/train_022090.png,Valid but hard,,النا سالون الزاوية من ۹ x ٥ والى,2025-11-28T13:36:20
0.1538461538461538,NEW YORK CITY,train_002316,../data/muharaf_prepared_resized/train/train_002316.png,Script mismatch (non-Arabic),,NW YOK CITY,2025-11-28T13:36:22
0.1538461538461538,YS - 1D - 073,train_019318,../data/muharaf_prepared_resized/train/train_019318.png,Script mismatch (non-Arabic),,YS - 1D - 08,2025-11-28T13:36:26
0.1538461538461538,HABIB MASSOUD,train_007464,../data/muharaf_prepared_resized/train/train_007464.png,Script mismatch (non-Arabic),,HABIB MASOD,2025-11-28T13:36:27
0.1538461538461538,CABLE ADDRESS,train_001442,../data/muharaf_prepared_resized/train/train_001442.png,Script mismatch (non-Arabic),,CABLE ADRES,2025-11-28T13:36:29
0.1538461538461538,(Sr. Pidou de Saint-Olan) يرج الزياره (١٦٩٣) وقد سُر,train_000826,../data/muharaf_prepared_resized/train/train_000826.png,Script mismatch (non-Arabic),,(S. Paiu de Sait-Olan) ير الزياره (١٩٧) وقد سُر,2025-11-28T13:36:32
0.1538461538461538,YS - 1D - 068,train_019172,../data/muharaf_prepared_resized/train/train_019172.png,Script mismatch (non-Arabic),,YS - 1D- 008,2025-11-28T13:36:33
0.1294117647058823,"والى الڨاتيكان فأشتريت منه النشرة المسَماة ""Ecclesia"" بمبلغ ثلاثة آلاف وخمسَماية فرنك",train_004244,../data/muharaf_prepared_resized/train/train_004244.png,Valid but hard,,"والى الفاتيكان قاشتريت منه النشرة المسَماة  ce"" بمبلغ ثلاثة آلاَف وخمسَماية فرنك",2025-11-28T13:36:36
0.1282051282051282,الاحترام كفرشيما 10 تشرين ثاني سنه 1942,train_014188,../data/muharaf_prepared_resized/train/train_014188.png,Valid but hard,,الاحترام كفرشيما ١0 تشرين ثاني س ١9٤2,2025-11-28T13:36:40
0.125,EAK1A-35,train_004248,../data/muharaf_prepared_resized/train/train_004248.png,Script mismatch (non-Arabic),,EAK1A-5,2025-11-28T13:36:42
0.125,EAK1A-67,train_004460,../data/muharaf_prepared_resized/train/train_004460.png,Script mismatch (non-Arabic),,EAK1A-6,2025-11-28T13:36:43
0.125,ابراهيم 13 سمعان 14 عبود,train_021453,../data/muharaf_prepared_resized/train/train_021453.png,Valid but hard,,براهيم 1 سمعان 14 بود,2025-11-28T13:36:45
0.125,YAL2A-24,train_018702,../data/muharaf_prepared_resized/train/train_018702.png,Script mismatch (non-Arabic),,YAL2A-2,2025-11-28T13:36:48
0.125,YAL2A-16,train_018675,../data/muharaf_prepared_resized/train/train_018675.png,Script mismatch (non-Arabic),,YAL2A-11,2025-11-28T13:36:49
0.08,COMPRA DE FRUTOS DEL PAIS,train_021239,../data/muharaf_prepared_resized/train/train_021239.png,Script mismatch (non-Arabic),,COMPRA DE FRUTOS DEL PA,2025-11-28T13:37:05
0.0789473684210526,وفتح مدرسة يبرود باسمه في 20 شباط وذلك,train_021906,../data/muharaf_prepared_resized/train/train_021906.png,Valid but hard,,وفتح مدرسة يبرود باسم في ٢٠ شباط وذلك,2025-11-28T13:37:07
0.0789473684210526,لتوعك صحته ثم شفي بعد ايام وفي اليوم 3,train_021668,../data/muharaf_prepared_resized/train/train_021668.png,Valid but hard,,لتوعك صحتةه ثم شفى بعد ايام وفي اليوم ٣,2025-11-28T13:37:08
0.0769230769230769,YS - 1D - 074,train_019336,../data/muharaf_prepared_resized/train/train_019336.png,Script mismatch (non-Arabic),,YS - 1D - 07,2025-11-28T13:37:12
0.0769230769230769,1834 حين تنزل عنها في ايام,train_021374,../data/muharaf_prepared_resized/train/train_021374.png,Valid but hard,,184 حن تنزل عنها في ايام,2025-11-28T13:37:15
0.0769230769230769,9 عيسى 10 حنا,train_021451,../data/muharaf_prepared_resized/train/train_021451.png,Valid but hard,,9 عيسى 18 حنا,2025-11-28T13:37:20
0.074074074074074,5 جروس - ابنا يوسف 6 مخائيل,train_021461,../data/muharaf_prepared_resized/train/train_021461.png,Valid but hard,,5 جروس - انا يوسف 9 مخائيل,2025-11-28T13:37:22
0.073170731707317,العرض الثاني - مقدم من مؤسسة ICM للسيارات,train_013395,../data/muharaf_prepared_resized/train/train_013395.png,Valid but hard,,العرض الثاني - مقدم من مؤسة I للسيارات,2025-11-28T13:37:23
0.0714285714285714,Miguel Saikali,train_021234,../data/muharaf_prepared_resized/train/train_021234.png,Script mismatch (non-Arabic),,Miguel Sakali,2025-11-28T13:37:25
0.0689655172413793,باسم غريغوريوس في 4 ايار 1849,train_021389,../data/muharaf_prepared_resized/train/train_021389.png,Valid but hard,,باسم غريغوريوس في ٤ ايار 184,2025-11-28T13:37:33
0.0666666666666666,FORT WAYNE.IND.,train_001337,../data/muharaf_prepared_resized/train/train_001337.png,Script mismatch (non-Arabic),,FORT WAYNE. IND.,2025-11-28T13:37:36
0.0638297872340425,Horah الله ينصره جات الماما معنا وصرنا حزب واحد,train_010525,../data/muharaf_prepared_resized/train/train_010525.png,Valid but hard,,rh الله ينصره جات الماما معنا وصرنا حزب واحد,2025-11-28T13:37:39
0.0625,20 الياس 21 نخله,train_021469,../data/muharaf_prepared_resized/train/train_021469.png,Valid but hard,,20 الياس 2١ نخله,2025-11-28T13:37:40
0.0625,EAC-D-47m(copie),train_004121,../data/muharaf_prepared_resized/train/train_004121.png,Script mismatch (non-Arabic),,EAC-D-47(copie),2025-11-28T13:37:42
0.0615384615384615,بناءً على توريع سعادتكم رقم ٣٦٥ تاريخ ٣ ت٢ سنi ١٩٤١ نقدم لسعادتكم,train_013985,../data/muharaf_prepared_resized/train/train_013985.png,Valid but hard,,بناءً على توريع سعادتكم رقم ٣٥ تاريخ ٢ ت٢ سنه ١٩٤١ تقدم لسعادتكم,2025-11-28T13:37:45
0.0588235294117647,Couvent St Michel,train_016990,../data/muharaf_prepared_resized/train/train_016990.png,Script mismatch (non-Arabic),,Covent St Michel,2025-11-28T13:37:47
0.0588235294117647,ليوبولدو 31 نسطور,train_021464,../data/muharaf_prepared_resized/train/train_021464.png,Valid but hard,,يوبولدو 31 نسطور,2025-11-28T13:37:52
0.0571428571428571,اكليمنضوس الى يبرود 1814 واقام فيها,train_021385,../data/muharaf_prepared_resized/train/train_021385.png,Valid but hard,,اكليمنوس الى يبرود 184 واقام فيها,2025-11-28T13:37:59
0.0526315789473684,Archevêché Maronite,train_005378,../data/muharaf_prepared_resized/train/train_005378.png,Script mismatch (non-Arabic),,Archevêché Marnite,2025-11-28T13:38:01
0.0526315789473684,Monteria = Colombia,train_021237,../data/muharaf_prepared_resized/train/train_021237.png,Script mismatch (non-Arabic),,Monteia = Colombia,2025-11-28T13:38:06
0.0526315789473684,خورخي 33 ميكال انخل,train_021466,../data/muharaf_prepared_resized/train/train_021466.png,Valid but hard,,خورخي 3 ميكال انخل,2025-11-28T13:38:11
0.0476190476190476,CANGE & ELIAS GEMAYEL,train_011752,../data/muharaf_prepared_resized/train/train_011752.png,Script mismatch (non-Arabic),,CANGE & ELIAS GMAYEL,2025-11-28T13:38:16
0.0454545454545454,CANGE & ELIAS  GEMAYEL,train_011594,../data/muharaf_prepared_resized/train/train_011594.png,Script mismatch (non-Arabic),,CANGE & ELIAS GEMAYEL,2025-11-28T13:38:17
0.0454545454545454,اولاد مخائيل 26 البرتو,train_021473,../data/muharaf_prepared_resized/train/train_021473.png,Valid but hard,,اولا مخائيل 26 البرتو,2025-11-28T13:38:19
0.0425531914893617,1 - العرض الأول - مقدم من مؤسسة لودي عزيز فرحات,train_013390,../data/muharaf_prepared_resized/train/train_013390.png,Valid but hard,,١ - العرض الأول - مقدم من مؤسية لودي عزيز فرحات,2025-11-28T13:38:21
0.0416666666666666,يوم الخميس الموافق 23 شباط اباً وصارت زوجتي اماً,train_002307,../data/muharaf_prepared_resized/train/train_002307.png,Valid but hard,,يوم الخميس الموافق 33 شباط اباً وصارت روجتي اماً,2025-11-28T13:38:22
0.0416666666666666,اولاد نديم 29 رودولفو 30,train_021463,../data/muharaf_prepared_resized/train/train_021463.png,Valid but hard,,اولاد نديم 29 رورولفو 30,2025-11-28T13:38:23
0.0416666666666666,عبود 18 يوسف 19 انطونيوس,train_021468,../data/muharaf_prepared_resized/train/train_021468.png,Valid but hard,,بود 18 يوسف 19 انطونيوس,2025-11-28T13:38:23
0.04,اولاد سمعان 17 عزيز اولاد,train_021467,../data/muharaf_prepared_resized/train/train_021467.png,Valid but hard,,اولاد سمعان 1 عزيز اولاد,2025-11-28T13:38:33
0.04,"Dry Goods, Notions, Clothing, Ladies' Furnishings,",train_011115,../data/muharaf_prepared_resized/train/train_011115.png,Script mismatch (non-Arabic),,"Dry Goods, Notions, Cloting, Ladies' Funishings,",2025-11-28T13:38:35
0.0344827586206896,Boite Postale 77-Téléphone 72,train_011754,../data/muharaf_prepared_resized/train/train_011754.png,Script mismatch (non-Arabic),,Boite Postale 7-Téléphone 72,2025-11-28T13:38:37
0.0333333333333333,ابراهيم 24 انطونيوس 25 وجبران.,train_021471,../data/muharaf_prepared_resized/train/train_021471.png,Valid but hard,,ابراهيم 24 انطونيوس 2 وجبران.,2025-11-28T13:38:42
0.032258064516129,في 24 شباط تم انتخاب السيد بطرس,train_021869,../data/muharaf_prepared_resized/train/train_021869.png,Valid but hard,,في 24 شباط ثم انتخاب السيد بطرس,2025-11-28T13:38:43
0.03125,في 27 اب انتقل والدي الى الدمينه,train_021728,../data/muharaf_prepared_resized/train/train_021728.png,Valid but hard,,في ٢7 اب انتقل والدي الى الدمينه,2025-11-28T13:38:44
0.0303030303030303,وفي اول ت1 افتتحت المدرسة فاستلمت,train_021730,../data/muharaf_prepared_resized/train/train_021730.png,Valid but hard,,وفي اولست1 افتتحت المدرسة فاستلمت,2025-11-28T13:38:45
0.0303030303030303,وفي صباح 17 اتينا الى الراس ومنها,train_021725,../data/muharaf_prepared_resized/train/train_021725.png,Valid but hard,,وفي صباح ١17 اتينا الى الراس ومنها,2025-11-28T13:38:47
0.0303030303030303,الى ان مات بوباء الطاعون سنة 1827,train_021372,../data/muharaf_prepared_resized/train/train_021372.png,Valid but hard,,الى ان مات بوباء الطاعون سنة 182,2025-11-28T13:39:00
0.0285714285714285,الخوري مخائيل عطا وبعد وكالة 11 سنة,train_021387,../data/muharaf_prepared_resized/train/train_021387.png,Valid but hard,,الخوري مخائيل عطا وبعد وكالة ١1 سنة,2025-11-28T13:39:03
0.0232558139534883,Cultural Sporting Club of Bteddine El-Lukch,train_011492,../data/muharaf_prepared_resized/train/train_011492.png,Script mismatch (non-Arabic),,Cultral Sporting Club of Bteddine El-Lukch,2025-11-28T13:39:06
0.0196078431372549,2 ٢) ان نفعل معاً، عندما نوطّد العزم، ونحزمُ الامر.,train_006061,../data/muharaf_prepared_resized/train/train_006061.png,Valid but hard,,2٢) ان نفعل معاً، عندما نوطّد العزم، ونحزمُ الامر.,2025-11-28T13:39:14
0.0,of,train_001471,../data/muharaf_prepared_resized/train/train_001471.png,Script mismatch (non-Arabic),,of,2025-11-28T13:39:17
0.0,15 اب بارحت المدرسة التي اوتني,train_021711,../data/muharaf_prepared_resized/train/train_021711.png,Valid but hard,,15 اب بارحت المدرسة التي اوتني,2025-11-28T13:39:21
0.0,15,train_017704,../data/muharaf_prepared_resized/train/train_017704.png,Script mismatch (non-Arabic),,15,2025-11-28T13:39:24
0.0,MG1-46,train_011589,../data/muharaf_prepared_resized/train/train_011589.png,Script mismatch (non-Arabic),,MG1-46,2025-11-28T13:39:27
0.0,EAK1A-140,train_004899,../data/muharaf_prepared_resized/train/train_004899.png,Script mismatch (non-Arabic),,EAK1A-140,2025-11-28T13:39:27
0.0,حمص وقارا سنة 1810 وكانت,train_021382,../data/muharaf_prepared_resized/train/train_021382.png,Valid but hard,,حمص وقارا سنة 1810 وكانت,2025-11-28T13:39:31
0.0,YS_2F_015F,train_019536,../data/muharaf_prepared_resized/train/train_019536.png,Script mismatch (non-Arabic),,YS_2F_015F,2025-11-28T13:39:33
0.0,YS-5H-008,train_020213,../data/muharaf_prepared_resized/train/train_020213.png,Script mismatch (non-Arabic),,YS-5H-008,2025-11-28T13:39:34
0.0,YS-5H-004,train_020198,../data/muharaf_prepared_resized/train/train_020198.png,Script mismatch (non-Arabic),,YS-5H-004,2025-11-28T13:39:34
0.0,AF-305,train_000355,../data/muharaf_prepared_resized/train/train_000355.png,Script mismatch (non-Arabic),,AF-305,2025-11-28T13:39:44
0.0,(El-Shouf),train_016991,../data/muharaf_prepared_resized/train/train_016991.png,Script mismatch (non-Arabic),,(El-Shouf),2025-11-28T13:39:44
0.0,FORT WAYNE. IND.,train_001415,../data/muharaf_prepared_resized/train/train_001415.png,Script mismatch (non-Arabic),,FORT WAYNE. IND.,2025-11-28T13:39:50
0.0,(3),train_000293,../data/muharaf_prepared_resized/train/train_000293.png,Script mismatch (non-Arabic),,(3),2025-11-28T13:39:54
0.0,ME-21,train_011212,../data/muharaf_prepared_resized/train/train_011212.png,Script mismatch (non-Arabic),,ME-21,2025-11-28T13:39:55
0.0,(4),train_000309,../data/muharaf_prepared_resized/train/train_000309.png,Script mismatch (non-Arabic),,(4),2025-11-28T13:39:56
0.75,1898,train_021877,../data/muharaf_prepared_resized/train/train_021877.png,Wrong transcription,,١90,2025-12-13T12:09:02
0.0,MG1-47,train_011608,../data/muharaf_prepared_resized/train/train_011608.png,Script mismatch (non-Arabic),,MG1-47,2025-11-28T13:40:03
0.0,D'ALEP,train_005379,../data/muharaf_prepared_resized/train/train_005379.png,Script mismatch (non-Arabic),,D'ALEP,2025-11-28T13:40:05
0.0,X,train_012479,../data/muharaf_prepared_resized/train/train_012479.png,Script mismatch (non-Arabic),,X,2025-12-13T09:57:19
0.0,5,train_013067,../data/muharaf_prepared_resized/train/train_013067.png,Script mismatch (non-Arabic),,5,2025-12-13T10:02:01
0.0,X,train_012479,../data/muharaf_prepared_resized/train/train_012479.png,Script mismatch (non-Arabic),,X,2025-12-13T10:15:31
0.0,5,train_013067,../data/muharaf_prepared_resized/train/train_013067.png,Script mismatch (non-Arabic),,5,2025-12-13T10:15:34
0.0,اخي الياسَ الجميل ادام بقاك,train_011722,../data/muharaf_prepared_resized/train/train_011722.png,Valid but hard,,اخي الياسَ الجميل ادام بقاك,2025-12-13T10:15:50
0.0,2,train_004762,../data/muharaf_prepared_resized/train/train_004762.png,Script mismatch (non-Arabic),,2,2025-12-13T10:15:58
0.0,مبارك,train_004689,../data/muharaf_prepared_resized/train/train_004689.png,Valid but hard,,مبارك,2025-12-13T10:16:06
0.0,MK2A-7,train_012234,../data/muharaf_prepared_resized/train/train_012234.png,Script mismatch (non-Arabic),,MK2A-7,2025-12-13T10:16:24
0.0,4,train_012242,../data/muharaf_prepared_resized/train/train_012242.png,Script mismatch (non-Arabic),,4,2025-12-13T10:16:27
0.0,6,train_012276,../data/muharaf_prepared_resized/train/train_012276.png,Script mismatch (non-Arabic),,6,2025-12-13T10:16:29
0.0,2,train_012202,../data/muharaf_prepared_resized/train/train_012202.png,Script mismatch (non-Arabic),,2,2025-12-13T10:16:31
0.0,MK2A-7,train_012213,../data/muharaf_prepared_resized/train/train_012213.png,Script mismatch (non-Arabic),,MK2A-7,2025-12-13T10:16:34
0.0,حضرة محافظ جبل لبنان الافخم,train_013918,../data/muharaf_prepared_resized/train/train_013918.png,Valid but hard,,حضرة محافظ جبل لبنان الافخم,2025-12-13T10:16:38
0.0,حضرة محافظ جبل لبنان الافخم,train_013924,../data/muharaf_prepared_resized/train/train_013924.png,Valid but hard,,حضرة محافظ جبل لبنان الافخم,2025-12-13T10:16:43
0.0,حضرة محافظ جبل لبنان الافخم,train_013888,../data/muharaf_prepared_resized/train/train_013888.png,Valid but hard,,حضرة محافظ جبل لبنان الافخم,2025-12-13T10:16:54
0.0,حضرة محافظ جبل لبنان الافخم,train_013935,../data/muharaf_prepared_resized/train/train_013935.png,Valid but hard,,حضرة محافظ جبل لبنان الافخم,2025-12-13T10:17:03
0.0,حضرة محافظ جبل لبنان الافخم,train_013951,../data/muharaf_prepared_resized/train/train_013951.png,Valid but hard,,حضرة محافظ جبل لبنان الافخم,2025-12-13T10:17:05
0.0,حضرة محافظ جبل لبنان الافخم,train_013775,../data/muharaf_prepared_resized/train/train_013775.png,Valid but hard,,حضرة محافظ جبل لبنان الافخم,2025-12-13T10:17:11
0.0,حضرة محافظ جبل لبنان الافخم,train_013779,../data/muharaf_prepared_resized/train/train_013779.png,Valid but hard,,حضرة محافظ جبل لبنان الافخم,2025-12-13T10:17:14
0.0,حضرة محافظ جبل لبنان الافخم,train_013710,../data/muharaf_prepared_resized/train/train_013710.png,Valid but hard,,حضرة محافظ جبل لبنان الافخم,2025-12-13T10:17:19
0.0,حضرة محافظ جبل لبنان الافخم,train_013733,../data/muharaf_prepared_resized/train/train_013733.png,Valid but hard,,حضرة محافظ جبل لبنان الافخم,2025-12-13T10:17:23
0.0,حضرة محافظ جبل لبنان الافخم,train_013738,../data/muharaf_prepared_resized/train/train_013738.png,Valid but hard,,حضرة محافظ جبل لبنان الافخم,2025-12-13T10:17:24
0.0,حضرة محافظ جبل لبنان الافخم,train_013740,../data/muharaf_prepared_resized/train/train_013740.png,Valid but hard,,حضرة محافظ جبل لبنان الافخم,2025-12-13T10:17:26
0.0,حضرة محافظ جبل لبنان الافخم,train_013744,../data/muharaf_prepared_resized/train/train_013744.png,Valid but hard,,حضرة محافظ جبل لبنان الافخم,2025-12-13T10:17:30
0.0,حضرة محافظ جبل لبنان الافخم,train_013845,../data/muharaf_prepared_resized/train/train_013845.png,Valid but hard,,حضرة محافظ جبل لبنان الافخم,2025-12-13T10:17:37
0.0,حضرة محافظ جبل لبنان الافخم,train_013857,../data/muharaf_prepared_resized/train/train_013857.png,Valid but hard,,حضرة محافظ جبل لبنان الافخم,2025-12-13T10:17:41
0.0,حضرة محافظ جبل لبنان الافخم,train_013807,../data/muharaf_prepared_resized/train/train_013807.png,Valid but hard,,حضرة محافظ جبل لبنان الافخم,2025-12-13T10:17:45
0.0,حضرة محافظ جبل لبنان الافخم,train_013810,../data/muharaf_prepared_resized/train/train_013810.png,Valid but hard,,حضرة محافظ جبل لبنان الافخم,2025-12-13T10:17:46
0.0,حضرة محافظ جبل لبنان الافخم,train_013816,../data/muharaf_prepared_resized/train/train_013816.png,Valid but hard,,حضرة محافظ جبل لبنان الافخم,2025-12-13T10:17:48
0.0,5,train_014380,../data/muharaf_prepared_resized/train/train_014380.png,Script mismatch (non-Arabic),,5,2025-12-13T10:17:52
0.0,xxx,train_014371,../data/muharaf_prepared_resized/train/train_014371.png,Irrelevant / non-text,,xxx,2025-12-13T10:17:58
0.0,8,train_014416,../data/muharaf_prepared_resized/train/train_014416.png,Script mismatch (non-Arabic),,8,2025-12-13T10:18:03
0.0,6,train_014396,../data/muharaf_prepared_resized/train/train_014396.png,Script mismatch (non-Arabic),,6,2025-12-13T10:18:38
0.0,2,train_014347,../data/muharaf_prepared_resized/train/train_014347.png,Script mismatch (non-Arabic),,2,2025-12-13T10:18:40
0.0,حضرة محافظ جبل لبنان الافخم,train_014101,../data/muharaf_prepared_resized/train/train_014101.png,Valid but hard,,حضرة محافظ جبل لبنان الافخم,2025-12-13T10:18:44
0.0,5,train_014321,../data/muharaf_prepared_resized/train/train_014321.png,Script mismatch (non-Arabic),,5,2025-12-13T10:18:47
0.0,4,train_014296,../data/muharaf_prepared_resized/train/train_014296.png,Script mismatch (non-Arabic),,4,2025-12-13T10:18:51
0.0,الداعى,train_020132,../data/muharaf_prepared_resized/train/train_020132.png,Valid but hard,,الداعى,2025-12-13T10:18:55
0.0,2,train_003550,../data/muharaf_prepared_resized/train/train_003550.png,Script mismatch (non-Arabic),,2,2025-12-13T10:18:58
0.0,حضرة محافظ جبل لبنان الافخم,train_013651,../data/muharaf_prepared_resized/train/train_013651.png,Valid but hard,,حضرة محافظ جبل لبنان الافخم,2025-12-13T10:19:02
0.0,حضرة محافظ جبل لبنان الافخم,train_013701,../data/muharaf_prepared_resized/train/train_013701.png,Valid but hard,,حضرة محافظ جبل لبنان الافخم,2025-12-13T10:19:23
0.0,حضرة محافظ جبل لبنان الافخم,train_013706,../data/muharaf_prepared_resized/train/train_013706.png,Valid but hard,,حضرة محافظ جبل لبنان الافخم,2025-12-13T10:19:35
0.0,حضرة محافظ جبل لبنان الافخم,train_013687,../data/muharaf_prepared_resized/train/train_013687.png,Valid but hard,,حضرة محافظ جبل لبنان الافخم,2025-12-13T10:19:37
0.0,6,train_006655,../data/muharaf_prepared_resized/train/train_006655.png,Script mismatch (non-Arabic),,6,2025-12-13T10:19:58
0.0,22,train_006577,../data/muharaf_prepared_resized/train/train_006577.png,Script mismatch (non-Arabic),,22,2025-12-13T10:20:01
0.0,5,train_006323,../data/muharaf_prepared_resized/train/train_006323.png,Script mismatch (non-Arabic),,5,2025-12-13T10:20:04
0.0,4,train_006298,../data/muharaf_prepared_resized/train/train_006298.png,Script mismatch (non-Arabic),,4,2025-12-13T10:20:06
0.0,4,train_006373,../data/muharaf_prepared_resized/train/train_006373.png,Script mismatch (non-Arabic),,4,2025-12-13T10:20:08
0.0,صح,train_008956,../data/muharaf_prepared_resized/train/train_008956.png,Valid but hard,,صح,2025-12-13T10:20:15
0.0,صح,train_008957,../data/muharaf_prepared_resized/train/train_008957.png,Valid but hard,,صح,2025-12-13T10:20:32
0.0,2,train_006269,../data/muharaf_prepared_resized/train/train_006269.png,Script mismatch (non-Arabic),,2,2025-12-13T10:20:42
0.0,6,train_006216,../data/muharaf_prepared_resized/train/train_006216.png,Script mismatch (non-Arabic),,6,2025-12-13T10:20:45
0.0,5,train_006195,../data/muharaf_prepared_resized/train/train_006195.png,Script mismatch (non-Arabic),,5,2025-12-13T10:20:47
0.0,4,train_006187,../data/muharaf_prepared_resized/train/train_006187.png,Script mismatch (non-Arabic),,4,2025-12-13T10:20:53
0.0,10,train_006457,../data/muharaf_prepared_resized/train/train_006457.png,Script mismatch (non-Arabic),,10,2025-12-13T10:20:58
0.0,6,train_006417,../data/muharaf_prepared_resized/train/train_006417.png,Script mismatch (non-Arabic),,6,2025-12-13T10:21:01
0.0,5,train_006395,../data/muharaf_prepared_resized/train/train_006395.png,Script mismatch (non-Arabic),,5,2025-12-13T10:21:04
0.0,7,train_006439,../data/muharaf_prepared_resized/train/train_006439.png,Script mismatch (non-Arabic),,7,2025-12-13T10:22:01
0.0,25,train_007319,../data/muharaf_prepared_resized/train/train_007319.png,Script mismatch (non-Arabic),,25,2025-12-13T10:22:04
0.0,15,train_006975,../data/muharaf_prepared_resized/train/train_006975.png,Script mismatch (non-Arabic),,15,2025-12-13T10:22:08
0.0,14,train_006931,../data/muharaf_prepared_resized/train/train_006931.png,Script mismatch (non-Arabic),,14,2025-12-13T10:22:11
0.0,6,train_007113,../data/muharaf_prepared_resized/train/train_007113.png,Script mismatch (non-Arabic),,6,2025-12-13T10:22:13
0.0,2,train_008176,../data/muharaf_prepared_resized/train/train_008176.png,Script mismatch (non-Arabic),,2,2025-12-13T10:22:33
0.0,2,train_008139,../data/muharaf_prepared_resized/train/train_008139.png,Script mismatch (non-Arabic),,2,2025-12-13T10:22:37
0.0,التاريخ,train_011287,../data/muharaf_prepared_resized/train/train_011287.png,Valid but hard,,التاريخ,2025-12-13T10:22:38
0.0,2,train_005194,../data/muharaf_prepared_resized/train/train_005194.png,Script mismatch (non-Arabic),,2,2025-12-13T10:22:52
0.0,المطران,train_005392,../data/muharaf_prepared_resized/train/train_005392.png,Valid but hard,,المطران,2025-12-13T10:22:58
0.0,المطران,train_005429,../data/muharaf_prepared_resized/train/train_005429.png,Valid but hard,,المطران,2025-12-13T10:23:50
0.0,190,train_011065,../data/muharaf_prepared_resized/train/train_011065.png,Script mismatch (non-Arabic),,190,2025-12-13T10:23:54
0.0,190,train_011120,../data/muharaf_prepared_resized/train/train_011120.png,Script mismatch (non-Arabic),,190,2025-12-13T10:23:56
0.0,190,train_011015,../data/muharaf_prepared_resized/train/train_011015.png,Script mismatch (non-Arabic),,190,2025-12-13T10:23:58
0.0,6,train_004871,../data/muharaf_prepared_resized/train/train_004871.png,Script mismatch (non-Arabic),,6,2025-12-13T10:24:00
0.0,5,train_004853,../data/muharaf_prepared_resized/train/train_004853.png,Script mismatch (non-Arabic),,5,2025-12-13T10:24:03
0.0,7,train_004890,../data/muharaf_prepared_resized/train/train_004890.png,Script mismatch (non-Arabic),,7,2025-12-13T10:24:16
0.0,4,train_004829,../data/muharaf_prepared_resized/train/train_004829.png,Script mismatch (non-Arabic),,4,2025-12-13T10:24:34
0.0,اخي الياسَ الجميل ادام بقاك,train_011638,../data/muharaf_prepared_resized/train/train_011638.png,Valid but hard,,اخي الياسَ الجميل ادام بقاك,2025-12-13T10:24:38
0.0,2/2,train_011581,../data/muharaf_prepared_resized/train/train_011581.png,Script mismatch (non-Arabic),,2/2,2025-12-13T10:24:41
0.0,2,train_004958,../data/muharaf_prepared_resized/train/train_004958.png,Script mismatch (non-Arabic),,2,2025-12-13T10:25:10
0.0,ولدكم,train_009565,../data/muharaf_prepared_resized/train/train_009565.png,Valid but hard,,ولدكم,2025-12-13T10:26:53
0.0,احوكم,train_005579,../data/muharaf_prepared_resized/train/train_005579.png,Valid but hard,,احوكم,2025-12-13T10:26:57
0.0,2,train_005715,../data/muharaf_prepared_resized/train/train_005715.png,Script mismatch (non-Arabic),,2,2025-12-13T10:27:01
0.0,2,train_014905,../data/muharaf_prepared_resized/train/train_014905.png,Script mismatch (non-Arabic),,2,2025-12-13T10:27:03
0.0,X,train_012479,../data/muharaf_prepared_resized/train/train_012479.png,Script mismatch (non-Arabic),,X,2025-12-13T10:33:03
0.0,4,train_016652,../data/muharaf_prepared_resized/train/train_016652.png,Script mismatch (non-Arabic),,4,2025-12-13T10:41:46
0.0,4,train_017074,../data/muharaf_prepared_resized/train/train_017074.png,Script mismatch (non-Arabic),,4,2025-12-13T10:43:14
0.0,7,train_017120,../data/muharaf_prepared_resized/train/train_017120.png,Script mismatch (non-Arabic),,7,2025-12-13T10:43:17
0.0,6,train_017112,../data/muharaf_prepared_resized/train/train_017112.png,Script mismatch (non-Arabic),,6,2025-12-13T10:43:19
0.0,شهود التعريف,train_015940,../data/muharaf_prepared_resized/train/train_015940.png,Valid but hard,,شهود التعريف,2025-12-13T10:43:36
0.0,5,train_015578,../data/muharaf_prepared_resized/train/train_015578.png,Script mismatch (non-Arabic),,5,2025-12-13T10:43:57
0.0,4,train_015508,../data/muharaf_prepared_resized/train/train_015508.png,Script mismatch (non-Arabic),,4,2025-12-13T10:44:00
0.0,6,train_015646,../data/muharaf_prepared_resized/train/train_015646.png,Script mismatch (non-Arabic),,6,2025-12-13T10:44:17
0.0,2,train_016403,../data/muharaf_prepared_resized/train/train_016403.png,Script mismatch (non-Arabic),,2,2025-12-13T10:44:24
0.0,190,train_001336,../data/muharaf_prepared_resized/train/train_001336.png,Script mismatch (non-Arabic),,190,2025-12-13T10:44:31
0.0,190,train_001358,../data/muharaf_prepared_resized/train/train_001358.png,Script mismatch (non-Arabic),,190,2025-12-13T10:44:34
0.0,190,train_001379,../data/muharaf_prepared_resized/train/train_001379.png,Script mismatch (non-Arabic),,190,2025-12-13T10:44:43
0.0,190,train_001417,../data/muharaf_prepared_resized/train/train_001417.png,Script mismatch (non-Arabic),,190,2025-12-13T10:44:45
0.0,5,train_016245,../data/muharaf_prepared_resized/train/train_016245.png,Script mismatch (non-Arabic),,5,2025-12-13T10:44:48
0.0,190,train_001401,../data/muharaf_prepared_resized/train/train_001401.png,Script mismatch (non-Arabic),,190,2025-12-13T10:44:50
0.0,(2),train_000279,../data/muharaf_prepared_resized/train/train_000279.png,Script mismatch (non-Arabic),,(2),2025-12-13T10:45:01
0.0,2,train_014530,../data/muharaf_prepared_resized/train/train_014530.png,Script mismatch (non-Arabic),,2,2025-12-13T10:45:08
0.0,10,train_014441,../data/muharaf_prepared_resized/train/train_014441.png,Script mismatch (non-Arabic),,10,2025-12-13T10:45:27
0.0,14,train_014489,../data/muharaf_prepared_resized/train/train_014489.png,Script mismatch (non-Arabic),,14,2025-12-13T10:45:56
0.0,17,train_017272,../data/muharaf_prepared_resized/train/train_017272.png,Script mismatch (non-Arabic),,17,2025-12-13T10:46:12
0.0,6,train_014656,../data/muharaf_prepared_resized/train/train_014656.png,Script mismatch (non-Arabic),,6,2025-12-13T10:46:18
0.0,10,train_017152,../data/muharaf_prepared_resized/train/train_017152.png,Script mismatch (non-Arabic),,10,2025-12-13T10:46:23
0.0,4,train_017478,../data/muharaf_prepared_resized/train/train_017478.png,Script mismatch (non-Arabic),,4,2025-12-13T10:49:31
0.0,6,train_014584,../data/muharaf_prepared_resized/train/train_014584.png,Script mismatch (non-Arabic),,6,2025-12-13T10:49:33
0.0,5,train_014569,../data/muharaf_prepared_resized/train/train_014569.png,Script mismatch (non-Arabic),,5,2025-12-13T10:49:35
0.0,2,train_014613,../data/muharaf_prepared_resized/train/train_014613.png,Script mismatch (non-Arabic),,2,2025-12-13T10:49:36
0.0,2,train_017434,../data/muharaf_prepared_resized/train/train_017434.png,Script mismatch (non-Arabic),,2,2025-12-13T10:49:38
0.0697674418604651,Cultural Sporting Club of Bteddine El-Lukch,train_011375,../data/muharaf_prepared_resized/train/train_011375.png,Script mismatch (non-Arabic),,Cuuural Sporting Club of Bteddine El-ukch,2025-12-13T10:50:54
0.0930232558139534,Cultural Sporting Club of Bteddine El-Lukch,train_011232,../data/muharaf_prepared_resized/train/train_011232.png,Script mismatch (non-Arabic),,Cuttral Sporting Club of Btedine El-ukch,2025-12-13T10:52:12
0.0930232558139534,Cultural Sporting Club of Bteddine El-Lukch,train_011436,../data/muharaf_prepared_resized/train/train_011436.png,Script mismatch (non-Arabic),,Cutural Spoting Club of Btedine El-ukch,2025-12-13T10:52:13
0.0930232558139534,Cultural Sporting Club of Bteddine El-Lukch,train_011290,../data/muharaf_prepared_resized/train/train_011290.png,Script mismatch (non-Arabic),,Cuuuural Spotting Club of Bteddine El-ukch,2025-12-13T10:52:15
0.1111111111111111,EAK1A-140,train_004880,../data/muharaf_prepared_resized/train/train_004880.png,Script mismatch (non-Arabic),,EAK1A-10,2025-12-13T10:53:24
0.1111111111111111,EAK1A-140,train_004814,../data/muharaf_prepared_resized/train/train_004814.png,Script mismatch (non-Arabic),,EAK1A-14,2025-12-13T10:53:27
0.1162790697674418,Cultural Sporting Club of Bteddine El-Lukch,train_011406,../data/muharaf_prepared_resized/train/train_011406.png,Script mismatch (non-Arabic),,Cututral Sporting Club of Btdine El-ukch,2025-12-13T10:53:55
0.125,ديب ملعب,train_012758,../data/muharaf_prepared_resized/train/train_012758.png,Valid but hard,,ديب ملع,2025-12-13T10:54:21
0.125,كميل نصر,train_012931,../data/muharaf_prepared_resized/train/train_012931.png,Valid but hard,,لميل نصر,2025-12-13T10:54:27
0.1395348837209302,Cultural Sporting Club of Bteddine El-Lukch,train_011259,../data/muharaf_prepared_resized/train/train_011259.png,Script mismatch (non-Arabic),,Cuural Sporing Club of Btdine El-ukch,2025-12-13T10:55:09
0.1627906976744186,Cultural Sporting Club of Bteddine El-Lukch,train_011318,../data/muharaf_prepared_resized/train/train_011318.png,Script mismatch (non-Arabic),,Cural Sporing Club of Btdine El-ukch,2025-12-13T10:55:37
0.1627906976744186,Cultural Sporting Club of Bteddine El-Lukch,train_011349,../data/muharaf_prepared_resized/train/train_011349.png,Script mismatch (non-Arabic),,Cuuturl Spoting Club of Btdne El-Lukfh,2025-12-13T10:55:47
0.1627906976744186,Cultural Sporting Club of Bteddine El-Lukch,train_011464,../data/muharaf_prepared_resized/train/train_011464.png,Script mismatch (non-Arabic),,Cural Sporing Club of Btdine El-ukch,2025-12-13T10:55:50
0.1666666666666666,الحقير الياس,train_003325,../data/muharaf_prepared_resized/train/train_003325.png,Segmentation error,,الحعر الياس,2025-12-13T10:55:58
0.1666666666666666,مطرانية طرابلس المارونية,train_009175,../data/muharaf_prepared_resized/train/train_009175.png,Valid but hard,,مطرانية طرالني المرونية,2025-12-13T10:56:04
0.1666666666666666,MK2A-7,train_012189,../data/muharaf_prepared_resized/train/train_012189.png,Script mismatch (non-Arabic),,MK2A7,2025-12-13T10:56:13
0.1875,FORT WAYNE. IND.,train_001316,../data/muharaf_prepared_resized/train/train_001316.png,Script mismatch (non-Arabic),,ORT WAYN. ND.,2025-12-13T11:05:17
0.1914893617021276,تابع رحلة سفرنا من بغداد لشيكاغو في ٧ اذار ١٨٩٣,train_015212,../data/muharaf_prepared_resized/train/train_015212.png,Valid but hard,,ج رحلة سفرنا من بعداد لشكافو في ٧ اذار١٩٣,2025-12-13T11:05:22
0.2,مبارك,train_004346,../data/muharaf_prepared_resized/train/train_004346.png,Valid but hard,,بارك,2025-12-13T11:05:29
0.2,(El-Shouf),train_016784,../data/muharaf_prepared_resized/train/train_016784.png,Script mismatch (non-Arabic),,(El-huf),2025-12-13T11:05:33
0.2,هاتف : كابين بتدين اللقش لبنان,train_011342,../data/muharaf_prepared_resized/train/train_011342.png,Segmentation error,,هاتف : كابين بتدين اللقش,2025-12-13T11:05:38
0.2,هاتف : كابين بتدين اللقش لبنان,train_011368,../data/muharaf_prepared_resized/train/train_011368.png,Segmentation error,,هاتف : كابين بتدين اللقش,2025-12-13T11:05:40
0.2,هاتف : كابين بتدين اللقش لبنان,train_011257,../data/muharaf_prepared_resized/train/train_011257.png,Segmentation error,,هاتف : كابين بتدين اللقش,2025-12-13T11:05:50
0.2,ولدكم,train_004555,../data/muharaf_prepared_resized/train/train_004555.png,Valid but hard,,اولدكم,2025-12-13T11:06:02
0.2,دريان,train_020034,../data/muharaf_prepared_resized/train/train_020034.png,Valid but hard,,دربيان,2025-12-13T11:06:07
0.2,هاتف : كابين بتدين اللقش لبنان,train_011284,../data/muharaf_prepared_resized/train/train_011284.png,Segmentation error,,هاتف : كابين بتدين اللقش,2025-12-13T11:06:16
0.2,هاتف : كابين بتدين اللقش لبنان,train_011424,../data/muharaf_prepared_resized/train/train_011424.png,Segmentation error,,هاتف : كابين بتدين اللقش,2025-12-13T11:06:18
0.2,فليكس,train_001985,../data/muharaf_prepared_resized/train/train_001985.png,Valid but hard,,فليلس,2025-12-13T11:06:25
0.2,فليكس,train_001820,../data/muharaf_prepared_resized/train/train_001820.png,Valid but hard,,فلكس,2025-12-13T11:06:27
0.2,فليكس فارس,train_002268,../data/muharaf_prepared_resized/train/train_002268.png,Irrelevant / signature,,فاليك فارس,2025-12-13T11:06:36
0.2,فليكس فارس,train_002171,../data/muharaf_prepared_resized/train/train_002171.png,Irrelevant / signature,,فلك فارس,2025-12-13T11:06:38
0.2,ولدكم,train_004911,../data/muharaf_prepared_resized/train/train_004911.png,Valid but hard,,ولدك,2025-12-13T11:06:48
0.2,ولدكم,train_004253,../data/muharaf_prepared_resized/train/train_004253.png,Valid but hard,,ولديكم,2025-12-13T11:06:50
0.2,هاتف : كابين بتدين اللقش لبنان,train_011451,../data/muharaf_prepared_resized/train/train_011451.png,Segmentation error,,هاتف : كابين بتدين اللقش,2025-12-13T11:06:53
0.2,هاتف : كابين بتدين اللقش لبنان,train_011317,../data/muharaf_prepared_resized/train/train_011317.png,Segmentation error,,هاتف : كابين بتدين اللقش,2025-12-13T11:06:55
0.2333333333333333,هاتف : كابين بتدين اللقش لبنان,train_011400,../data/muharaf_prepared_resized/train/train_011400.png,Segmentation error,,هاتف : كابين بتدين القش,2025-12-13T11:12:13
0.25,الحقير الياس,train_003371,../data/muharaf_prepared_resized/train/train_003371.png,Segmentation error,,الحو الياس,2025-12-13T11:12:28
0.25,ديب ملعب,train_012833,../data/muharaf_prepared_resized/train/train_012833.png,Valid but hard,,ديبب ملعن,2025-12-13T11:12:51
0.25,FORT WAYNE. IND.,train_001376,../data/muharaf_prepared_resized/train/train_001376.png,Script mismatch (non-Arabic),,ORT WNY. IND.,2025-12-13T11:12:54
0.25,FORT WAYNE. IND.,train_001355,../data/muharaf_prepared_resized/train/train_001355.png,Script mismatch (non-Arabic),,ORT WAYN IND,2025-12-13T11:12:56
0.2580645161290322,مِطرَانيَةُ بَيرُوت المارونيَّة,train_004315,../data/muharaf_prepared_resized/train/train_004315.png,Valid but hard,,مطرانيَة بيروت المالاونيّة,2025-12-13T11:13:02
0.2727272727272727,ولد سىادىكم,train_005986,../data/muharaf_prepared_resized/train/train_005986.png,Valid but hard,,ولسىادىك,2025-12-13T11:13:18
0.2727272727272727,اسَعد درويش,train_018049,../data/muharaf_prepared_resized/train/train_018049.png,Valid but hard,,اسعد درو,2025-12-13T11:13:26
0.2857142857142857,1 M 108,train_012673,../data/muharaf_prepared_resized/train/train_012673.png,Script mismatch (non-Arabic),,11M 100,2025-12-13T11:13:39
0.2857142857142857,1 M 108,train_012838,../data/muharaf_prepared_resized/train/train_012838.png,Script mismatch (non-Arabic),,1M 100,2025-12-13T11:13:44
0.3076923076923077,٢٤ آب سنة ٩٣٣,train_015854,../data/muharaf_prepared_resized/train/train_015854.png,Valid but hard,,٢ آب ن ٩٣,2025-12-13T11:14:41
0.3125,FORT WAYNE. IND.,train_001399,../data/muharaf_prepared_resized/train/train_001399.png,Script mismatch (non-Arabic),,ORT WY IND.,2025-12-13T11:14:44
0.3333333333333333,D'ALEP,train_005087,../data/muharaf_prepared_resized/train/train_005087.png,Script mismatch (non-Arabic),,D'EP,2025-12-13T11:14:50
0.3333333333333333,المطران يوسف دريان,train_019992,../data/muharaf_prepared_resized/train/train_019992.png,Irrelevant / signature,,المطران يوسف,2025-12-13T11:15:17
0.3333333333333333,190,train_010987,../data/muharaf_prepared_resized/train/train_010987.png,Script mismatch (non-Arabic),,١90,2025-12-13T11:15:20
0.3333333333333333,EAK1A-140,train_004771,../data/muharaf_prepared_resized/train/train_004771.png,Script mismatch (non-Arabic),,EA1A-1,2025-12-13T11:15:22
0.3333333333333333,EAK1A-140,train_004861,../data/muharaf_prepared_resized/train/train_004861.png,Script mismatch (non-Arabic),,AK1A-4,2025-12-13T11:15:24
0.3333333333333333,EAK1A-140,train_004837,../data/muharaf_prepared_resized/train/train_004837.png,Script mismatch (non-Arabic),,EK1A-0,2025-12-13T11:15:26
0.3333333333333333,EAK1A-140,train_004790,../data/muharaf_prepared_resized/train/train_004790.png,Script mismatch (non-Arabic),,EEK1A-4,2025-12-13T11:15:28
0.3333333333333333,MK2A-7,train_012251,../data/muharaf_prepared_resized/train/train_012251.png,Script mismatch (non-Arabic),,MK2A,2025-12-13T11:15:31
0.3333333333333333,D'ALEP,train_005332,../data/muharaf_prepared_resized/train/train_005332.png,Script mismatch (non-Arabic),,D'LP,2025-12-13T11:15:33
0.3333333333333333,D'ALEP,train_005313,../data/muharaf_prepared_resized/train/train_005313.png,Script mismatch (non-Arabic),,D'EP,2025-12-13T11:15:35
0.3333333333333333,2/1,train_011656,../data/muharaf_prepared_resized/train/train_011656.png,Script mismatch (non-Arabic),,1/1,2025-12-13T11:15:38
0.3333333333333333,xxx,train_014345,../data/muharaf_prepared_resized/train/train_014345.png,Irrelevant / non-text,,xx,2025-12-13T11:15:50
0.3333333333333333,D'ALEP,train_005164,../data/muharaf_prepared_resized/train/train_005164.png,Script mismatch (non-Arabic),,D'EP,2025-12-13T11:15:52
0.3571428571428571,"C. POSTAL, 347",train_007442,../data/muharaf_prepared_resized/train/train_007442.png,Script mismatch (non-Arabic),,"C. POAIL,34",2025-12-13T11:15:56
0.3636363636363636,اَلحُرِيّةُ,train_019086,../data/muharaf_prepared_resized/train/train_019086.png,Valid but hard,,اَلحرية,2025-12-13T11:16:14
0.3636363636363636,بسم الله الرحمن الرحيم,train_002399,../data/muharaf_prepared_resized/train/train_002399.png,Valid but hard,,لبسم الالحن الحم,2025-12-13T11:16:42
0.375,ديب ملعب,train_012709,../data/muharaf_prepared_resized/train/train_012709.png,Valid but hard,,الدديب ملعب,2025-12-13T11:16:50
0.375,اغناطيوس,train_005535,../data/muharaf_prepared_resized/train/train_005535.png,Irrelevant / signature,,اقناطعو,2025-12-13T11:16:54
0.3809523809523809,CANGE & ELIAS GEMAYEL,train_011618,../data/muharaf_prepared_resized/train/train_011618.png,Script mismatch (non-Arabic),,CA& ES GEMAEL,2025-12-13T11:17:49
0.3846153846153846,Wafaa EL-Murr,train_013373,../data/muharaf_prepared_resized/train/train_013373.png,Script mismatch (non-Arabic),,Waaaa-EL Mr,2025-12-13T11:17:56
0.4,ميشال,train_020703,../data/muharaf_prepared_resized/train/train_020703.png,Irrelevant / signature,,مال,2025-12-13T11:18:05
0.4,فليكس,train_001936,../data/muharaf_prepared_resized/train/train_001936.png,Valid but hard,,فاليك,2025-12-13T11:18:21
0.4,فليكس,train_001862,../data/muharaf_prepared_resized/train/train_001862.png,Valid but hard,,اليك,2025-12-13T11:18:28
0.4,سبعلي,train_020773,../data/muharaf_prepared_resized/train/train_020773.png,Irrelevant / signature,,بعلى,2025-12-13T11:18:38
0.4,احوكم,train_004686,../data/muharaf_prepared_resized/train/train_004686.png,Valid but hard,,احو,2025-12-13T11:19:11
0.4,احوكم,train_004340,../data/muharaf_prepared_resized/train/train_004340.png,Valid but hard,,احاك,2025-12-13T11:19:13
0.4,احوكم,train_005533,../data/muharaf_prepared_resized/train/train_005533.png,Valid but hard,,احضك,2025-12-13T11:19:15
0.4,دريان,train_019958,../data/muharaf_prepared_resized/train/train_019958.png,Valid but hard,,دراس,2025-12-13T11:19:24
0.4285714285714285,"C. POSTAL, 347",train_007388,../data/muharaf_prepared_resized/train/train_007388.png,Script mismatch (non-Arabic),,C. OSIL34,2025-12-13T11:19:48
0.4285714285714285,"C. POSTAL, 347",train_007420,../data/muharaf_prepared_resized/train/train_007420.png,Script mismatch (non-Arabic),,C. POSI34,2025-12-13T11:19:50
0.4285714285714285,نائب رئيس البلدية شكري كنعان,train_013999,../data/muharaf_prepared_resized/train/train_013999.png,Irrelevant / signature,,نائل رئيس البلدية,2025-12-13T11:19:55
0.4285714285714285,CANGE & ELIAS GEMAYEL,train_011733,../data/muharaf_prepared_resized/train/train_011733.png,Script mismatch (non-Arabic),,CG& ES GMAEL,2025-12-13T11:19:58
0.4347826086956521,بسمِ الله الرحمن الرحيم,train_002606,../data/muharaf_prepared_resized/train/train_002606.png,Valid but hard,,بسيم الدالرم الر,2025-12-13T11:20:02
0.4347826086956521,نائب الرئيسَ شكري كنعان,train_014071,../data/muharaf_prepared_resized/train/train_014071.png,Irrelevant / signature,,نائب ارئيسَ ن,2025-12-13T11:20:07
0.44,COMPRA DE FRUTOS DEL PAIS,train_021034,../data/muharaf_prepared_resized/train/train_021034.png,Script mismatch (non-Arabic),,COMPA DES FS D P,2025-12-13T11:20:11
0.44,COMPRA DE FRUTOS DEL PAIS,train_021096,../data/muharaf_prepared_resized/train/train_021096.png,Script mismatch (non-Arabic),,COMP D FS DS PS,2025-12-13T11:20:13
0.4444444444444444,المطران يوسف دريان,train_019975,../data/muharaf_prepared_resized/train/train_019975.png,Irrelevant / signature,,الطران يعسف,2025-12-13T11:20:18
0.4545454545454545,MERCANCIAS Y NOVEDADES,train_021033,../data/muharaf_prepared_resized/train/train_021033.png,Script mismatch (non-Arabic),,MCCIAS Y NNDS,2025-12-13T11:20:21
0.4545454545454545,اَلحُرِيّةُ,train_019067,../data/muharaf_prepared_resized/train/train_019067.png,Valid but hard,,أَلجحريُّ,2025-12-13T11:21:02
0.4545454545454545,بسم الله الرحمن الرحيم,train_002527,../data/muharaf_prepared_resized/train/train_002527.png,Valid but hard,,سم الاله الحم,2025-12-13T11:21:10
0.4545454545454545,بسم الله الرحمن الرحيم,train_002458,../data/muharaf_prepared_resized/train/train_002458.png,Valid but hard,,سم الل الرحم,2025-12-13T11:21:16
0.4615384615384615,Wafaa EL-Murr,train_013214,../data/muharaf_prepared_resized/train/train_013214.png,Script mismatch (non-Arabic),,aaaaEL Mr,2025-12-13T11:21:27
0.4615384615384615,Wafaa EL-Murr,train_013300,../data/muharaf_prepared_resized/train/train_013300.png,Script mismatch (non-Arabic),,aaaaEMrr,2025-12-13T11:21:29
0.4642857142857143,الرهبانية الباسيلية المخلصية,train_016814,../data/muharaf_prepared_resized/train/train_016814.png,Valid but hard,,الزيبية التارية الخ,2025-12-13T11:21:32
0.4705882352941176,Couvent St Michel,train_016788,../data/muharaf_prepared_resized/train/train_016788.png,Script mismatch (non-Arabic),,Cet St Me,2025-12-13T11:21:35
0.4761904761904761,CANGE & ELIAS GEMAYEL,train_011715,../data/muharaf_prepared_resized/train/train_011715.png,Script mismatch (non-Arabic),,A& ELI GEEL,2025-12-13T11:21:37
0.4782608695652174,نائب الرئيسَ شكري كنعان,train_014077,../data/muharaf_prepared_resized/train/train_014077.png,Irrelevant / signature,,نائب الرئيسَ,2025-12-13T11:21:48
0.4782608695652174,نائب الرئيسَ شكري كنعان,train_014068,../data/muharaf_prepared_resized/train/train_014068.png,Irrelevant / signature,,نائب الرئيسَ,2025-12-13T11:22:34
0.4827586206896552,Boite Postale 77-Téléphone 72,train_011621,../data/muharaf_prepared_resized/train/train_011621.png,Script mismatch (non-Arabic),,Boite P 7-Tép 7,2025-12-13T11:22:38
0.5,كاتب,train_015822,../data/muharaf_prepared_resized/train/train_015822.png,Valid but hard,,كان,2025-12-13T11:22:45
0.5,18,train_017288,../data/muharaf_prepared_resized/train/train_017288.png,Script mismatch (non-Arabic),,16,2025-12-13T11:22:48
0.5,20,train_017322,../data/muharaf_prepared_resized/train/train_017322.png,Script mismatch (non-Arabic),,0,2025-12-13T11:22:50
0.5,13,train_006899,../data/muharaf_prepared_resized/train/train_006899.png,Script mismatch (non-Arabic),,11,2025-12-13T11:22:53
0.5,DEALERS IN,train_011066,../data/muharaf_prepared_resized/train/train_011066.png,Script mismatch (non-Arabic),,DAERIS,2025-12-13T11:24:25
0.5,المطران ىطرس,train_004739,../data/muharaf_prepared_resized/train/train_004739.png,Valid but hard,,المصون بطسن,2025-12-13T11:26:22
0.5,DEALERS IN,train_010983,../data/muharaf_prepared_resized/train/train_010983.png,Script mismatch (non-Arabic),,DAERIS,2025-12-13T11:26:24
0.5,20,train_007226,../data/muharaf_prepared_resized/train/train_007226.png,Script mismatch (non-Arabic),,29,2025-12-13T11:26:32
0.5,16,train_017255,../data/muharaf_prepared_resized/train/train_017255.png,Script mismatch (non-Arabic),,11,2025-12-13T11:26:36
0.5,صح,train_003320,../data/muharaf_prepared_resized/train/train_003320.png,Valid but hard,,2ح,2025-12-13T11:27:11
0.5,22,train_007270,../data/muharaf_prepared_resized/train/train_007270.png,Script mismatch (non-Arabic),,23,2025-12-13T11:27:14
0.5,اغناطيوس,train_005393,../data/muharaf_prepared_resized/train/train_005393.png,Irrelevant / signature,,امناطر,2025-12-13T11:27:18
0.5,18,train_006529,../data/muharaf_prepared_resized/train/train_006529.png,Script mismatch (non-Arabic),,11,2025-12-13T11:27:21
0.5,12,train_014466,../data/muharaf_prepared_resized/train/train_014466.png,Script mismatch (non-Arabic),,1,2025-12-13T11:27:26
0.5,13,train_014477,../data/muharaf_prepared_resized/train/train_014477.png,Script mismatch (non-Arabic),,1,2025-12-13T11:27:34
0.5,بسم الله الرحمن الرحيم,train_002362,../data/muharaf_prepared_resized/train/train_002362.png,Valid but hard,,سم اله الحم,2025-12-13T11:27:37
0.5,16,train_006505,../data/muharaf_prepared_resized/train/train_006505.png,Script mismatch (non-Arabic),,11,2025-12-13T11:27:48
0.5,19,train_006541,../data/muharaf_prepared_resized/train/train_006541.png,Script mismatch (non-Arabic),,11,2025-12-13T11:27:54
0.5,بسم الله الرحمن الرحيم,train_002328,../data/muharaf_prepared_resized/train/train_002328.png,Valid but hard,,بلم الاه الرم,2025-12-13T11:27:57
0.5,17,train_006517,../data/muharaf_prepared_resized/train/train_006517.png,Script mismatch (non-Arabic),,11,2025-12-13T11:27:58
0.5,15,train_006493,../data/muharaf_prepared_resized/train/train_006493.png,Script mismatch (non-Arabic),,1,2025-12-13T11:28:00
0.5,18,train_005583,../data/muharaf_prepared_resized/train/train_005583.png,Script mismatch (non-Arabic),,1١,2025-12-13T11:28:02
0.5,نائب الرئيس شكري كنعان,train_014025,../data/muharaf_prepared_resized/train/train_014025.png,Irrelevant / signature,,نائب الرئيس,2025-12-13T11:28:05
0.5,بسم الله الرحمن الرحيم,train_002416,../data/muharaf_prepared_resized/train/train_002416.png,Valid but hard,,سم الدال اطرم,2025-12-13T11:28:07
0.5,نائب الرئيس شكري كنعان,train_014050,../data/muharaf_prepared_resized/train/train_014050.png,Irrelevant / signature,,نائب الرئيس,2025-12-13T11:28:09
0.5,1901,train_001614,../data/muharaf_prepared_resized/train/train_001614.png,Script mismatch (non-Arabic),,1100,2025-12-13T11:28:12
0.5,25,train_006611,../data/muharaf_prepared_resized/train/train_006611.png,Script mismatch (non-Arabic),,22,2025-12-13T11:28:13
0.5,12,train_017186,../data/muharaf_prepared_resized/train/train_017186.png,Script mismatch (non-Arabic),,1,2025-12-13T11:28:15
0.5,23,train_006589,../data/muharaf_prepared_resized/train/train_006589.png,Script mismatch (non-Arabic),,22,2025-12-13T11:29:16
0.5,14,train_006481,../data/muharaf_prepared_resized/train/train_006481.png,Script mismatch (non-Arabic),,11,2025-12-13T11:29:38
0.5,12,train_006469,../data/muharaf_prepared_resized/train/train_006469.png,Script mismatch (non-Arabic),,11,2025-12-13T11:29:40
0.5,15,train_017238,../data/muharaf_prepared_resized/train/train_017238.png,Script mismatch (non-Arabic),,1,2025-12-13T11:30:03
0.5,13,train_017203,../data/muharaf_prepared_resized/train/train_017203.png,Script mismatch (non-Arabic),,1,2025-12-13T11:30:32
0.5357142857142857,نائب رئيس البلدية شكري كنعان,train_013988,../data/muharaf_prepared_resized/train/train_013988.png,Irrelevant / signature,,نانب ري البدية,2025-12-13T11:30:34
0.5384615384615384,Wafaa EL-Murr,train_012707,../data/muharaf_prepared_resized/train/train_012707.png,Script mismatch (non-Arabic),,WaaEEur,2025-12-13T11:30:38
0.5454545454545454,بسم الله الرحمن الرحيم,train_002489,../data/muharaf_prepared_resized/train/train_002489.png,Valid but hard,,سه اللى الحم,2025-12-13T11:30:41
0.5454545454545454,بطرس البطرىرك الانطاكى,train_003327,../data/muharaf_prepared_resized/train/train_003327.png,Irrelevant / signature,,طرس الطررك,2025-12-13T11:30:46
0.5454545454545454,MERCANCIAS Y NOVEDADES,train_021072,../data/muharaf_prepared_resized/train/train_021072.png,Script mismatch (non-Arabic),,MCPAIS Y DES,2025-12-13T11:30:49
0.5517241379310345,Boite Postale 77-Téléphone 72,train_011635,../data/muharaf_prepared_resized/train/train_011635.png,Script mismatch (non-Arabic),,Boite P -ép 7,2025-12-13T11:30:51
0.5517241379310345,Boite Postale 77-Téléphone 72,train_011717,../data/muharaf_prepared_resized/train/train_011717.png,Script mismatch (non-Arabic),,Boite P 7-Tép,2025-12-13T11:30:53
0.5517241379310345,Boite Postale 77-Téléphone 72,train_011596,../data/muharaf_prepared_resized/train/train_011596.png,Script mismatch (non-Arabic),,Boit P 7-ép 7,2025-12-13T11:30:59
0.5517241379310345,Boite Postale 77-Téléphone 72,train_011735,../data/muharaf_prepared_resized/train/train_011735.png,Script mismatch (non-Arabic),,Bote P 7-ép 7,2025-12-13T11:31:01
0.5555555555555556,رئيس البلدية ابراهىم الحىاط,train_013539,../data/muharaf_prepared_resized/train/train_013539.png,Irrelevant / signature,,رئيس البلدية,2025-12-13T11:31:03
0.56,COMPRA DE FRUTOS DEL PAIS,train_021216,../data/muharaf_prepared_resized/train/train_021216.png,Script mismatch (non-Arabic),,CPA D FS  P,2025-12-13T11:31:06
0.56,COMPRA DE FRUTOS DEL PAIS,train_021193,../data/muharaf_prepared_resized/train/train_021193.png,Script mismatch (non-Arabic),,CPA D FS S P,2025-12-13T11:31:08
0.5714285714285714,*		*		*,train_008025,../data/muharaf_prepared_resized/train/train_008025.png,Irrelevant / non-text,,***,2025-12-13T11:31:13
0.5714285714285714,*		*		*,train_008015,../data/muharaf_prepared_resized/train/train_008015.png,Irrelevant / non-text,,***,2025-12-13T11:31:22
0.5714285714285714,*		*		*,train_008005,../data/muharaf_prepared_resized/train/train_008005.png,Irrelevant / non-text,,***,2025-12-13T11:31:24
0.5789473684210527,Monteria = Colombia,train_021191,../data/muharaf_prepared_resized/train/train_021191.png,Script mismatch (non-Arabic),,Mon = Co,2025-12-13T11:31:27
0.5789473684210527,Archevêché Maronite,train_005163,../data/muharaf_prepared_resized/train/train_005163.png,Script mismatch (non-Arabic),,Acêé Moe,2025-12-13T11:31:32
0.5789473684210527,Archevêché Maronite,train_005312,../data/muharaf_prepared_resized/train/train_005312.png,Script mismatch (non-Arabic),,Ahêé Mon,2025-12-13T11:31:35
0.5789473684210527,Archevêché Maronite,train_005086,../data/muharaf_prepared_resized/train/train_005086.png,Script mismatch (non-Arabic),,Achêé Mo,2025-12-13T11:31:36
0.5789473684210527,Archevêché Maronite,train_005331,../data/muharaf_prepared_resized/train/train_005331.png,Script mismatch (non-Arabic),,Arcvvé Me,2025-12-13T11:31:39
0.5869565217391305,Ready=Made Goods and Ladies' and Gent's Shoes.,train_011012,../data/muharaf_prepared_resized/train/train_011012.png,Script mismatch (non-Arabic),,ay  Gs dd Gds' d Gns' S,2025-12-13T11:31:43
0.5909090909090909,MERCANCIAS Y NOVEDADES,train_021192,../data/muharaf_prepared_resized/train/train_021192.png,Script mismatch (non-Arabic),,MCS Y NDS,2025-12-13T11:31:45
0.5909090909090909,بسم الله الرحمن الرحيم,train_002346,../data/muharaf_prepared_resized/train/train_002346.png,Valid but hard,,س ال الرم,2025-12-13T11:31:49
0.5909090909090909,POR TELEGRAFO: SAIKALI,train_021194,../data/muharaf_prepared_resized/train/train_021194.png,Script mismatch (non-Arabic),,POREEEAF S,2025-12-13T11:32:57
0.5909090909090909,بسم الله الرحمن الرحيم,train_002535,../data/muharaf_prepared_resized/train/train_002535.png,Valid but hard,,سم ال الحه,2025-12-13T11:33:00
0.5909090909090909,MERCANCIAS Y NOVEDADES,train_021174,../data/muharaf_prepared_resized/train/train_021174.png,Script mismatch (non-Arabic),,MCCS Y ND,2025-12-13T11:33:03
0.6,مبارك,train_005537,../data/muharaf_prepared_resized/train/train_005537.png,Valid but hard,,مبد,2025-12-13T11:33:06
0.6,"""Mokarzel""",train_001441,../data/muharaf_prepared_resized/train/train_001441.png,Script mismatch (non-Arabic),,"""""oa""",2025-12-13T11:33:09
0.6,ولدكم,train_005039,../data/muharaf_prepared_resized/train/train_005039.png,Valid but hard,,والد,2025-12-13T11:33:14
0.6,القس طوبيا,train_017946,../data/muharaf_prepared_resized/train/train_017946.png,Irrelevant / signature,,الطنولا,2025-12-13T11:33:17
0.6,دريان,train_020134,../data/muharaf_prepared_resized/train/train_020134.png,Valid but hard,,ورا,2025-12-13T11:33:20
0.6,COMPRA DE FRUTOS DEL PAIS,train_021128,../data/muharaf_prepared_resized/train/train_021128.png,Script mismatch (non-Arabic),,CPA D F S P,2025-12-13T11:33:23
0.6111111111111112,خليل يوسف نادر رعد,train_010779,../data/muharaf_prepared_resized/train/train_010779.png,Irrelevant / signature,,جليل يوس,2025-12-13T11:33:37
0.6153846153846154,Wafaa EL-Murr,train_012835,../data/muharaf_prepared_resized/train/train_012835.png,Script mismatch (non-Arabic),,Waa u,2025-12-13T11:33:40
0.6153846153846154,HABIB MASSOUD,train_007439,../data/muharaf_prepared_resized/train/train_007439.png,Script mismatch (non-Arabic),,CA MS SUU,2025-12-13T11:33:47
0.6153846153846154,Wafaa EL-Murr,train_012861,../data/muharaf_prepared_resized/train/train_012861.png,Script mismatch (non-Arabic),,Waaapu,2025-12-13T11:33:52
0.625,اغناطيوس,train_005430,../data/muharaf_prepared_resized/train/train_005430.png,Irrelevant / signature,,عنطو,2025-12-13T11:33:55
0.625,المطران بولس عقل,train_003406,../data/muharaf_prepared_resized/train/train_003406.png,Irrelevant / signature,,(لمططف لوس,2025-12-13T11:33:57
0.6304347826086957,Ready=Made Goods and Ladies' and Gent's Shoes.,train_010985,../data/muharaf_prepared_resized/train/train_010985.png,Script mismatch (non-Arabic),,d  Gs d dds'  Gns' s,2025-12-13T11:34:04
0.631578947368421,Monteria = Colombia,train_021071,../data/muharaf_prepared_resized/train/train_021071.png,Script mismatch (non-Arabic),,Mo = Co,2025-12-13T11:34:07
0.631578947368421,Monteria = Colombia,train_021094,../data/muharaf_prepared_resized/train/train_021094.png,Script mismatch (non-Arabic),,Mo = Co,2025-12-13T11:34:08
0.631578947368421,Monteria = Colombia,train_021213,../data/muharaf_prepared_resized/train/train_021213.png,Script mismatch (non-Arabic),,Mo = Co,2025-12-13T11:34:10
0.631578947368421,Monteria = Colombia,train_021126,../data/muharaf_prepared_resized/train/train_021126.png,Script mismatch (non-Arabic),,Mo = Co,2025-12-13T11:34:11
0.631578947368421,QUOTIDIEN POLITIQUE,train_019070,../data/muharaf_prepared_resized/train/train_019070.png,Script mismatch (non-Arabic),,ORIEA POU,2025-12-13T11:34:14
0.631578947368421,QUOTIDIEN POLITIQUE,train_019089,../data/muharaf_prepared_resized/train/train_019089.png,Script mismatch (non-Arabic),,ORIIES PI,2025-12-13T11:34:17
0.631578947368421,Monteria = Colombia,train_021173,../data/muharaf_prepared_resized/train/train_021173.png,Script mismatch (non-Arabic),,Mo = Co,2025-12-13T11:34:20
0.6363636363636364,MERCANCIAS Y NOVEDADES,train_021214,../data/muharaf_prepared_resized/train/train_021214.png,Script mismatch (non-Arabic),,MCS Y ND,2025-12-13T11:34:46
0.6363636363636364,POR TELEGRAFO: SAIKALI,train_021074,../data/muharaf_prepared_resized/train/train_021074.png,Script mismatch (non-Arabic),,COEAO: SA,2025-12-13T11:34:52
0.6363636363636364,Beyrouth le,train_005453,../data/muharaf_prepared_resized/train/train_005453.png,Script mismatch (non-Arabic),,Beyo,2025-12-13T11:34:54
0.6363636363636364,DE BEYROUTH,train_005452,../data/muharaf_prepared_resized/train/train_005452.png,Script mismatch (non-Arabic),,DEEST,2025-12-13T11:34:58
0.6363636363636364,Beyrouth le,train_004431,../data/muharaf_prepared_resized/train/train_004431.png,Script mismatch (non-Arabic),,By oe,2025-12-13T11:35:00
0.6363636363636364,MERCANCIAS Y NOVEDADES,train_021095,../data/muharaf_prepared_resized/train/train_021095.png,Script mismatch (non-Arabic),,MEIS Y S,2025-12-13T11:35:02
0.64,COMPRA DE FRUTOS DEL PAIS,train_021175,../data/muharaf_prepared_resized/train/train_021175.png,Script mismatch (non-Arabic),,MMPP D  DS P,2025-12-13T11:35:05
0.6470588235294118,Couvent St Michel,train_016746,../data/muharaf_prepared_resized/train/train_016746.png,Script mismatch (non-Arabic),,Coy S M,2025-12-13T11:36:16
0.6551724137931034,المجلس الشرعى الاسلامى الاعلى,train_002634,../data/muharaf_prepared_resized/train/train_002634.png,Irrelevant / non-text,,ملة الاة الل,2025-12-13T11:36:23
0.6666666666666666,MERAAT-UL-GHARB,train_002289,../data/muharaf_prepared_resized/train/train_002289.png,Script mismatch (non-Arabic),,MEA-A,2025-12-13T11:36:25
0.6666666666666666,رىس ىلدية كفرشيما ىعوم دىب العارح,train_013604,../data/muharaf_prepared_resized/train/train_013604.png,Irrelevant / signature,,لى الدية كفرم,2025-12-13T11:36:28
0.6666666666666666,xxx,train_014420,../data/muharaf_prepared_resized/train/train_014420.png,Irrelevant / non-text,,x,2025-12-13T11:36:32
0.6666666666666666,Ammiq El-Mounassif,train_016807,../data/muharaf_prepared_resized/train/train_016807.png,Script mismatch (non-Arabic),,Amql Ms,2025-12-13T11:36:35
0.6666666666666666,Ammiq El-Mounassif,train_016758,../data/muharaf_prepared_resized/train/train_016758.png,Script mismatch (non-Arabic),,Amql Ms,2025-12-13T11:36:36
0.6666666666666666,CANGE & ELIAS GEMAYEL,train_011643,../data/muharaf_prepared_resized/train/train_011643.png,Script mismatch (non-Arabic),,A& E MME,2025-12-13T11:36:38
0.6666666666666666,2/1,train_011559,../data/muharaf_prepared_resized/train/train_011559.png,Script mismatch (non-Arabic),,-/,2025-12-13T11:36:41
0.6666666666666666,عرىر حورى,train_004254,../data/muharaf_prepared_resized/train/train_004254.png,Irrelevant / signature,,عصور,2025-12-13T11:36:47
0.6666666666666666,190,train_001314,../data/muharaf_prepared_resized/train/train_001314.png,Script mismatch (non-Arabic),,99,2025-12-13T11:36:51
0.6818181818181818,MERCANCIAS Y NOVEDADES,train_021127,../data/muharaf_prepared_resized/train/train_021127.png,Script mismatch (non-Arabic),,CCCS Y N,2025-12-13T11:36:59
0.6818181818181818,POR TELEGRAFO: SAIKALI,train_021176,../data/muharaf_prepared_resized/train/train_021176.png,Script mismatch (non-Arabic),,POREEE S,2025-12-13T11:37:02
0.6818181818181818,POR TELEGRAFO: SAIKALI,train_021217,../data/muharaf_prepared_resized/train/train_021217.png,Script mismatch (non-Arabic),,CEEEAF SI,2025-12-13T11:37:04
0.6875,"K. JOSEPH BROS.,",train_010982,../data/muharaf_prepared_resized/train/train_010982.png,Script mismatch (non-Arabic),,M.OE S...,2025-12-13T11:37:05
0.6923076923076923,HABIB MASSOUD,train_007391,../data/muharaf_prepared_resized/train/train_007391.png,Script mismatch (non-Arabic),,AABMS SM,2025-12-13T11:37:06
0.6923076923076923,HABIB MASSOUD,train_007409,../data/muharaf_prepared_resized/train/train_007409.png,Script mismatch (non-Arabic),,CAMS SUS,2025-12-13T11:37:09
0.7,DEALERS IN,train_011011,../data/muharaf_prepared_resized/train/train_011011.png,Script mismatch (non-Arabic),,AERRD,2025-12-13T11:37:11
0.7,"Dry Goods, Notions, Clothing, Ladies' Furnishings,",train_011061,../data/muharaf_prepared_resized/train/train_011061.png,Script mismatch (non-Arabic),,"s ns Cns, Ns' n hs",2025-12-13T11:37:15
0.7058823529411765,بلدية كفرشيما رئىس ىعوم دىب العارح,train_013621,../data/muharaf_prepared_resized/train/train_013621.png,Irrelevant / signature,,بلدية كفري,2025-12-13T11:37:25
0.7058823529411765,Couvent St Michel,train_016776,../data/muharaf_prepared_resized/train/train_016776.png,Script mismatch (non-Arabic),,Ct  M,2025-12-13T11:37:28
0.7142857142857143,*		*		*,train_008034,../data/muharaf_prepared_resized/train/train_008034.png,Irrelevant / non-text,,**,2025-12-13T11:37:31
0.7142857142857143,نائب رئيس البلدية شكري كنعان,train_013977,../data/muharaf_prepared_resized/train/train_013977.png,Irrelevant / signature,,رئيس الي,2025-12-13T11:37:34
0.7142857142857143,Miguel Saikali,train_021211,../data/muharaf_prepared_resized/train/train_021211.png,Script mismatch (non-Arabic),,Mi S,2025-12-13T11:37:36
0.7222222222222222,Ammiq El-Mounassif,train_016781,../data/muharaf_prepared_resized/train/train_016781.png,Script mismatch (non-Arabic),,mml Ms,2025-12-13T11:37:39
0.7272727272727273,Beyrouth le,train_005519,../data/muharaf_prepared_resized/train/train_005519.png,Script mismatch (non-Arabic),,Byo,2025-12-13T11:37:41
0.7272727272727273,Beyrouth le,train_005497,../data/muharaf_prepared_resized/train/train_005497.png,Script mismatch (non-Arabic),,Byo,2025-12-13T11:37:44
0.7272727272727273,DE BEYROUTH,train_005496,../data/muharaf_prepared_resized/train/train_005496.png,Script mismatch (non-Arabic),,DUT,2025-12-13T11:37:46
0.7272727272727273,MARONITARUM,train_003374,../data/muharaf_prepared_resized/train/train_003374.png,Script mismatch (non-Arabic),,AAIA,2025-12-13T11:37:47
0.7272727272727273,Comeiciante,train_021070,../data/muharaf_prepared_resized/train/train_021070.png,Script mismatch (non-Arabic),,Com,2025-12-13T11:37:49
0.7272727272727273,Comeiciante,train_021092,../data/muharaf_prepared_resized/train/train_021092.png,Script mismatch (non-Arabic),,Com,2025-12-13T11:37:51
0.7272727272727273,POR TELEGRAFO: SAIKALI,train_021129,../data/muharaf_prepared_resized/train/train_021129.png,Script mismatch (non-Arabic),,MOREAA S,2025-12-13T11:37:56
0.7272727272727273,POR TELEGRAFO: SAIKALI,train_021097,../data/muharaf_prepared_resized/train/train_021097.png,Script mismatch (non-Arabic),,OEAO S,2025-12-13T11:37:58
0.7272727272727273,نائب الرئيس شكري كنعان,train_014091,../data/muharaf_prepared_resized/train/train_014091.png,Irrelevant / signature,,الرئيس,2025-12-13T11:38:02
0.7333333333333333,BUFFALO STREET.,train_010986,../data/muharaf_prepared_resized/train/train_010986.png,Script mismatch (non-Arabic),,O SE,2025-12-13T11:38:05
0.7368421052631579,رىس ىعوم دىب العارح,train_013646,../data/muharaf_prepared_resized/train/train_013646.png,Irrelevant / signature,,يعوم اب,2025-12-13T11:38:10
0.75,وديع,train_004761,../data/muharaf_prepared_resized/train/train_004761.png,Valid but hard,,واليو,2025-12-13T11:38:13
0.75,"K. JOSEPH BROS.,",train_011009,../data/muharaf_prepared_resized/train/train_011009.png,Script mismatch (non-Arabic),,O S..,2025-12-13T11:38:16
0.75,اغناطيوس,train_004408,../data/muharaf_prepared_resized/train/train_004408.png,Irrelevant / signature,,نا,2025-12-13T11:38:19
0.75,Krougar Attallah,train_018374,../data/muharaf_prepared_resized/train/train_018374.png,Script mismatch (non-Arabic),,oe Caa,2025-12-13T11:38:24
0.75,BEYROUTH,train_019071,../data/muharaf_prepared_resized/train/train_019071.png,Script mismatch (non-Arabic),,SUT,2025-12-13T11:38:27
0.75,BEYROUTH,train_019090,../data/muharaf_prepared_resized/train/train_019090.png,Script mismatch (non-Arabic),,OT,2025-12-13T11:39:04
0.76,PATRIARCHATUS ANTIOCHENUS,train_003347,../data/muharaf_prepared_resized/train/train_003347.png,Script mismatch (non-Arabic),,CS AOS,2025-12-13T11:39:06
0.76,COMPRA DE FRUTOS DEL PAIS,train_021073,../data/muharaf_prepared_resized/train/train_021073.png,Script mismatch (non-Arabic),,CRR F P,2025-12-13T11:39:09
0.7777777777777778,كفيل نخله جبرايل النخل طرزا,train_015922,../data/muharaf_prepared_resized/train/train_015922.png,Irrelevant / signature,,فيل يزي,2025-12-13T11:39:12
0.7777777777777778,عن عضو ملحم سعيفان,train_015337,../data/muharaf_prepared_resized/train/train_015337.png,Irrelevant / signature,,معنعضو,2025-12-13T11:39:16
0.7777777777777778,عن عضو ملحم سعيفان,train_015367,../data/muharaf_prepared_resized/train/train_015367.png,Irrelevant / signature,,مع عضو,2025-12-13T11:39:17
0.7777777777777778,عضو امين اسعد سلوم,train_016500,../data/muharaf_prepared_resized/train/train_016500.png,Irrelevant / signature,,عضوو,2025-12-13T11:39:19
0.7777777777777778,المطران يوسف دريان,train_019936,../data/muharaf_prepared_resized/train/train_019936.png,Irrelevant / signature,,ا يو,2025-12-13T11:39:21
0.78,"DRY GOODS, NOTIONS, CLOTHING, LADIES' FURNISHINGS,",train_010984,../data/muharaf_prepared_resized/train/train_010984.png,Script mismatch (non-Arabic),,OR NS O OS IS,2025-12-13T11:39:37
0.7857142857142857,Miguel Saikali,train_021068,../data/muharaf_prepared_resized/train/train_021068.png,Script mismatch (non-Arabic),,Mo S,2025-12-13T11:39:40
0.7857142857142857,Miguel Saikali,train_021091,../data/muharaf_prepared_resized/train/train_021091.png,Script mismatch (non-Arabic),,M S,2025-12-13T11:39:42
0.7857142857142857,عصو سعىد كىعان,train_013486,../data/muharaf_prepared_resized/train/train_013486.png,Irrelevant / signature,,عصو,2025-12-13T11:39:46
0.7857142857142857,Miguel Saikali,train_021190,../data/muharaf_prepared_resized/train/train_021190.png,Script mismatch (non-Arabic),,M S,2025-12-13T11:39:49
0.7857142857142857,Miguel Saikali,train_021124,../data/muharaf_prepared_resized/train/train_021124.png,Script mismatch (non-Arabic),,Mo Ck,2025-12-13T11:39:51
0.7894736842105263,"Mannington, W. Va.,",train_011014,../data/muharaf_prepared_resized/train/train_011014.png,Script mismatch (non-Arabic),,CNnWW. W,2025-12-13T11:40:01
0.7894736842105263,"Atlantic City, N.J.",train_001544,../data/muharaf_prepared_resized/train/train_001544.png,Script mismatch (non-Arabic),,Man C,2025-12-13T11:40:08
0.7931034482758621,المجلس الشرعى الاسلامى الاعلى,train_002614,../data/muharaf_prepared_resized/train/train_002614.png,Irrelevant / non-text,,لل الا,2025-12-13T11:40:11
0.8,BUFFALO STREET.,train_011063,../data/muharaf_prepared_resized/train/train_011063.png,Script mismatch (non-Arabic),,COOETE,2025-12-13T11:40:16
0.8,Toufic El Bacha,train_018521,../data/muharaf_prepared_resized/train/train_018521.png,Script mismatch (non-Arabic),,o  Mo,2025-12-13T11:40:18
0.8,MANAGING EDITOR,train_002294,../data/muharaf_prepared_resized/train/train_002294.png,Script mismatch (non-Arabic),,MA AU,2025-12-13T11:40:21
0.8,مبارك,train_004409,../data/muharaf_prepared_resized/train/train_004409.png,Valid but hard,,وبالار,2025-12-13T11:40:30
0.8043478260869565,"Ready-made Goods and Ladies' and Gents' Shoes,",train_010926,../data/muharaf_prepared_resized/train/train_010926.png,Script mismatch (non-Arabic),,s n Gs  s',2025-12-13T11:41:06
0.8181818181818182,Comeiciante,train_021196,../data/muharaf_prepared_resized/train/train_021196.png,Script mismatch (non-Arabic),,Cotre C,2025-12-13T11:41:15
0.8181818181818182,كاترين يزبك,train_018621,../data/muharaf_prepared_resized/train/train_018621.png,Irrelevant / signature,,ان,2025-12-13T11:41:18
0.8181818181818182,Comeiciante,train_021172,../data/muharaf_prepared_resized/train/train_021172.png,Script mismatch (non-Arabic),,Co,2025-12-13T11:41:24
0.8181818181818182,Comeiciante,train_021212,../data/muharaf_prepared_resized/train/train_021212.png,Script mismatch (non-Arabic),,Co,2025-12-13T11:41:26
0.8181818181818182,DE BEYROUTH,train_004430,../data/muharaf_prepared_resized/train/train_004430.png,Script mismatch (non-Arabic),,EEEE,2025-12-13T11:41:29
0.82,"Dry Goods, Notions, Clothing, Ladies' Furnishings,",train_010925,../data/muharaf_prepared_resized/train/train_010925.png,Script mismatch (non-Arabic),,ns s ns Ns s,2025-12-13T11:41:31
0.8333333333333334,عضو اسعد طنوس سلوم,train_016498,../data/muharaf_prepared_resized/train/train_016498.png,Irrelevant / signature,,عضو,2025-12-13T11:41:34
0.8333333333333334,"247 S. 9th Street,",train_001446,../data/muharaf_prepared_resized/train/train_001446.png,Script mismatch (non-Arabic),,M tri,2025-12-13T11:41:37
0.8333333333333334,Hotel Dennis,train_001610,../data/muharaf_prepared_resized/train/train_001610.png,Script mismatch (non-Arabic),,ot,2025-12-13T11:41:39
0.8333333333333334,عن عضو ملحم سعيفان,train_015332,../data/muharaf_prepared_resized/train/train_015332.png,Irrelevant / signature,,نعض,2025-12-13T11:41:44
0.84,PATRIARCHATUS ANTIOCHENUS,train_003373,../data/muharaf_prepared_resized/train/train_003373.png,Script mismatch (non-Arabic),,AS FSS,2025-12-13T11:41:46
0.8421052631578947,"MANNINGTON, W. VA.,",train_010928,../data/muharaf_prepared_resized/train/train_010928.png,Script mismatch (non-Arabic),,NW W,2025-12-13T11:41:48
0.8421052631578947,عضو حبيب نبهان ١٨٨٠,train_016041,../data/muharaf_prepared_resized/train/train_016041.png,Irrelevant / non-text,,عضو,2025-12-13T11:41:52
0.8421052631578947,عضو حبيب نبهان ١٨٨٠,train_016037,../data/muharaf_prepared_resized/train/train_016037.png,Irrelevant / non-text,,عضو,2025-12-13T11:41:53
0.8421052631578947,عضو حبيب نبهان ١٨٨٠,train_016140,../data/muharaf_prepared_resized/train/train_016140.png,Irrelevant / non-text,,عضو,2025-12-13T11:41:55
0.8421052631578947,ARCHEVÊCHÉ MARONITE,train_005495,../data/muharaf_prepared_resized/train/train_005495.png,Script mismatch (non-Arabic),,S MA,2025-12-13T11:41:58
0.8421052631578947,ARCHEVÊCHÉ MARONITE,train_005516,../data/muharaf_prepared_resized/train/train_005516.png,Script mismatch (non-Arabic),,SÉ M,2025-12-13T11:42:00
0.8461538461538461,PHILADELPHIA.,train_001447,../data/muharaf_prepared_resized/train/train_001447.png,Script mismatch (non-Arabic),,DL,2025-12-13T11:42:02
0.8571428571428571,YFS2A-1,train_018955,../data/muharaf_prepared_resized/train/train_018955.png,Script mismatch (non-Arabic),,AA--4,2025-12-13T11:42:05
0.8571428571428571,عضو سليم سعدالله سلوم,train_016501,../data/muharaf_prepared_resized/train/train_016501.png,Irrelevant / signature,,عضو,2025-12-13T11:42:11
0.8571428571428571,Miguel Saikali,train_021030,../data/muharaf_prepared_resized/train/train_021030.png,Script mismatch (non-Arabic),,Mo C,2025-12-13T11:42:14
0.8571428571428571,21.5.68,train_020296,../data/muharaf_prepared_resized/train/train_020296.png,Script mismatch (non-Arabic),,5-,2025-12-13T11:42:20
0.8571428571428571,Miguel Saikali,train_021171,../data/muharaf_prepared_resized/train/train_021171.png,Script mismatch (non-Arabic),,Mi,2025-12-13T11:42:27
0.8666666666666667,جرجي دمتري سرسق,train_001771,../data/muharaf_prepared_resized/train/train_001771.png,Irrelevant / signature,,مصرع,2025-12-13T11:42:31
0.875,"K. JOSEPH BROS.,",train_010924,../data/muharaf_prepared_resized/train/train_010924.png,Script mismatch (non-Arabic),,.O,2025-12-13T11:42:33
0.88,عضو حسين العلم الحاج يوسف,train_016090,../data/muharaf_prepared_resized/train/train_016090.png,Irrelevant / non-text,,عضو,2025-12-13T11:42:36
0.88,PATRIARCHATUS ANTIOCHENUS,train_003386,../data/muharaf_prepared_resized/train/train_003386.png,Script mismatch (non-Arabic),,S A,2025-12-13T11:42:40
0.88,عضو حسين العلم الحاج يوسف,train_016040,../data/muharaf_prepared_resized/train/train_016040.png,Irrelevant / non-text,,عضو,2025-12-13T11:43:26
0.88,عضو حسين العلم الحاج يوسف,train_016139,../data/muharaf_prepared_resized/train/train_016139.png,Irrelevant / non-text,,عضو,2025-12-13T11:43:28
0.88,عضو حسين العلم الحاج يوسف,train_016036,../data/muharaf_prepared_resized/train/train_016036.png,Irrelevant / non-text,,عضو,2025-12-13T11:43:30
0.8823529411764706,رىس سليم باز ١٨٨٣,train_016039,../data/muharaf_prepared_resized/train/train_016039.png,Irrelevant / non-text,,رس,2025-12-13T11:43:31
0.8888888888888888,"""THE DAILY MIRROR""",train_002290,../data/muharaf_prepared_resized/train/train_002290.png,Script mismatch (non-Arabic),,"D""",2025-12-13T11:43:37
0.8947368421052632,"Atlantic City, N.J.",train_001612,../data/muharaf_prepared_resized/train/train_001612.png,Script mismatch (non-Arabic),,an,2025-12-13T11:43:39
0.8947368421052632,عصو حلىل نعوم الرحى,train_013487,../data/muharaf_prepared_resized/train/train_013487.png,Irrelevant / signature,,عضو,2025-12-13T11:43:42
0.8947368421052632,ARCHEVÊCHÉ MARONITE,train_005450,../data/muharaf_prepared_resized/train/train_005450.png,Script mismatch (non-Arabic),,S M,2025-12-13T11:43:45
0.8947368421052632,عضو حبيب نبهان ١٨٨٠,train_016092,../data/muharaf_prepared_resized/train/train_016092.png,Irrelevant / non-text,,ضو,2025-12-13T11:43:52
0.9,الجمهوريّة اللبْنانيَة - وزارة الدَاخليّة محَافظة جبَل لبنان,train_012839,../data/muharaf_prepared_resized/train/train_012839.png,Irrelevant / non-text,,ة لي ن,2025-12-13T11:43:56
0.9,DEALERS IN,train_010932,../data/muharaf_prepared_resized/train/train_010932.png,Script mismatch (non-Arabic),,AM,2025-12-13T11:43:58
0.9047619047619048,Académie des Sciences,train_002708,../data/muharaf_prepared_resized/train/train_002708.png,Script mismatch (non-Arabic),,CA d,2025-12-13T11:44:00
0.9090909090909092,MARONITARUM,train_003348,../data/muharaf_prepared_resized/train/train_003348.png,Script mismatch (non-Arabic),,DA,2025-12-13T11:44:03
0.9130434782608696,Prof. Ign. Kratchkovsky,train_002703,../data/muharaf_prepared_resized/train/train_002703.png,Script mismatch (non-Arabic),,,2025-12-13T11:44:05
0.9130434782608696,"N. A. MOKARZEL, Editor.",train_001445,../data/muharaf_prepared_resized/train/train_001445.png,Script mismatch (non-Arabic),,Do.,2025-12-13T11:44:08
0.9166666666666666,Hotel Dennis,train_001542,../data/muharaf_prepared_resized/train/train_001542.png,Script mismatch (non-Arabic),,o,2025-12-13T11:44:10
0.9230769230769232,امين الريحاني,train_001196,../data/muharaf_prepared_resized/train/train_001196.png,Irrelevant / signature,,ي,2025-12-13T11:44:19
0.9230769230769232,NEW YORK CITY,train_002292,../data/muharaf_prepared_resized/train/train_002292.png,Script mismatch (non-Arabic),,f Ee,2025-12-13T11:44:22
0.9333333333333332,جرجي دمتري سرسق,train_001715,../data/muharaf_prepared_resized/train/train_001715.png,Irrelevant / signature,,رو,2025-12-13T11:44:36
0.9375,Walter J. Bugby.,train_001545,../data/muharaf_prepared_resized/train/train_001545.png,Script mismatch (non-Arabic),,Wo,2025-12-13T11:44:38
0.9375,Krougar Attallah,train_018432,../data/muharaf_prepared_resized/train/train_018432.png,Script mismatch (non-Arabic),,oo,2025-12-13T11:44:50
0.9375,"K. JOSEPH BROS.,",train_011060,../data/muharaf_prepared_resized/train/train_011060.png,Script mismatch (non-Arabic),,O,2025-12-13T11:44:55
0.9411764705882352,رىس سليم باز ١٨٨٣,train_016141,../data/muharaf_prepared_resized/train/train_016141.png,Irrelevant / non-text,,لس,2025-12-13T11:44:58
0.9411764705882352,رىس سليم باز ١٨٨٣,train_016093,../data/muharaf_prepared_resized/train/train_016093.png,Irrelevant / non-text,,رئ,2025-12-13T11:45:03
0.9523809523809524,93 WASHINGTON STREET.,train_002291,../data/muharaf_prepared_resized/train/train_002291.png,Script mismatch (non-Arabic),,MO,2025-12-13T11:45:06
0.9629629629629628,محكمة بدايت قضاء بترون ١٣٠١,train_016047,../data/muharaf_prepared_resized/train/train_016047.png,Script mismatch (non-Arabic),,ة,2025-12-13T11:45:08
0.9833333333333332,الجمهوريّة اللبْنانيَة - وزارة الدَاخليّة محَافظة جبَل لبنان,train_012674,../data/muharaf_prepared_resized/train/train_012674.png,Irrelevant / non-text,,ات,2025-12-13T11:45:10
1.0,2,train_015408,../data/muharaf_prepared_resized/train/train_015408.png,Script mismatch (non-Arabic),,2د,2025-12-13T11:45:12
1.0,BUFFALO STREET.,train_011013,../data/muharaf_prepared_resized/train/train_011013.png,Script mismatch (non-Arabic),,&,2025-12-13T11:45:14
1.0,8,train_004909,../data/muharaf_prepared_resized/train/train_004909.png,Script mismatch (non-Arabic),,6,2025-12-13T11:45:22
1.0,6,train_016330,../data/muharaf_prepared_resized/train/train_016330.png,Script mismatch (non-Arabic),,66,2025-12-13T11:45:31
1.0,امين الريحاني,train_000770,../data/muharaf_prepared_resized/train/train_000770.png,Irrelevant / signature,,,2025-12-13T11:45:37
1.0,رىس سليم باز ١٨٨٣,train_016042,../data/muharaf_prepared_resized/train/train_016042.png,Irrelevant / non-text,,,2025-12-13T11:45:39
1.0,9,train_006775,../data/muharaf_prepared_resized/train/train_006775.png,Script mismatch (non-Arabic),,1,2025-12-13T11:45:48
1.0,4,train_016191,../data/muharaf_prepared_resized/train/train_016191.png,Script mismatch (non-Arabic),,١4,2025-12-13T11:45:50
1.0,جورج,train_000339,../data/muharaf_prepared_resized/train/train_000339.png,Valid but hard,,,2025-12-13T11:45:56
1.0,23,train_010239,../data/muharaf_prepared_resized/train/train_010239.png,Script mismatch (non-Arabic),,ح,2025-12-13T11:45:59
1.0,محكمة بدايت قضاء بترون ١٣٠١,train_016035,../data/muharaf_prepared_resized/train/train_016035.png,Script mismatch (non-Arabic),,,2025-12-13T11:46:00
1.0,ولدكم,train_004266,../data/muharaf_prepared_resized/train/train_004266.png,Valid but hard,,ا,2025-12-13T11:46:08
1.0,7,train_007154,../data/muharaf_prepared_resized/train/train_007154.png,Script mismatch (non-Arabic),,2,2025-12-13T11:46:10
1.0,9,train_013133,../data/muharaf_prepared_resized/train/train_013133.png,Script mismatch (non-Arabic),,1,2025-12-13T11:46:12
1.0,4,train_014641,../data/muharaf_prepared_resized/train/train_014641.png,Script mismatch (non-Arabic),,٧,2025-12-13T11:46:31
1.0,7,train_006695,../data/muharaf_prepared_resized/train/train_006695.png,Script mismatch (non-Arabic),,1,2025-12-13T11:46:33
1.0,OFFICE OF,train_002287,../data/muharaf_prepared_resized/train/train_002287.png,Script mismatch (non-Arabic),,,2025-12-13T11:46:37
1.0,20,train_006553,../data/muharaf_prepared_resized/train/train_006553.png,Script mismatch (non-Arabic),,55,2025-12-13T11:47:08
1.0,21,train_006565,../data/muharaf_prepared_resized/train/train_006565.png,Script mismatch (non-Arabic),,13,2025-12-13T11:47:11
1.0,8,train_006453,../data/muharaf_prepared_resized/train/train_006453.png,Script mismatch (non-Arabic),,3,2025-12-13T11:47:15
1.0,4,train_006632,../data/muharaf_prepared_resized/train/train_006632.png,Script mismatch (non-Arabic),,44,2025-12-13T11:47:17
1.0,...,train_014718,../data/muharaf_prepared_resized/train/train_014718.png,Irrelevant / non-text,,٣٣,2025-12-13T11:47:24
1.0,7,train_006237,../data/muharaf_prepared_resized/train/train_006237.png,Script mismatch (non-Arabic),,27,2025-12-13T11:47:29
1.0,محكمة بدايت قضاء بترون ١٣٠١,train_016098,../data/muharaf_prepared_resized/train/train_016098.png,Script mismatch (non-Arabic),,,2025-12-13T11:47:31
1.0,X,train_012550,../data/muharaf_prepared_resized/train/train_012550.png,Script mismatch (non-Arabic),,1,2025-12-13T11:47:42
1.0,X,train_012205,../data/muharaf_prepared_resized/train/train_012205.png,Script mismatch (non-Arabic),,2,2025-12-13T11:47:43
1.0,8,train_006733,../data/muharaf_prepared_resized/train/train_006733.png,Script mismatch (non-Arabic),,3,2025-12-13T11:47:45
1.0,19,train_017314,../data/muharaf_prepared_resized/train/train_017314.png,Script mismatch (non-Arabic),,١٩,2025-12-13T11:47:48
1.0,of,train_001444,../data/muharaf_prepared_resized/train/train_001444.png,Script mismatch (non-Arabic),,4,2025-12-13T11:47:50
1.0,9,train_014433,../data/muharaf_prepared_resized/train/train_014433.png,Script mismatch (non-Arabic),,3,2025-12-13T11:47:52
1.0,7,train_014408,../data/muharaf_prepared_resized/train/train_014408.png,Script mismatch (non-Arabic),,2,2025-12-13T11:47:54
1.0,4,train_014367,../data/muharaf_prepared_resized/train/train_014367.png,Script mismatch (non-Arabic),,14,2025-12-13T11:47:56
1.0,9,train_012332,../data/muharaf_prepared_resized/train/train_012332.png,Script mismatch (non-Arabic),,1,2025-12-13T11:47:58
1.0,5,train_012258,../data/muharaf_prepared_resized/train/train_012258.png,Script mismatch (non-Arabic),,3,2025-12-13T11:48:00
1.0,5,train_017093,../data/muharaf_prepared_resized/train/train_017093.png,Script mismatch (non-Arabic),,3,2025-12-13T11:48:02
1.0,8,train_017136,../data/muharaf_prepared_resized/train/train_017136.png,Script mismatch (non-Arabic),,6,2025-12-13T11:48:04
1.0,19,train_005991,../data/muharaf_prepared_resized/train/train_005991.png,Script mismatch (non-Arabic),,-1٠,2025-12-13T11:48:06
1.0,14,train_017221,../data/muharaf_prepared_resized/train/train_017221.png,Script mismatch (non-Arabic),,١٧,2025-12-13T11:48:10
1.5,24,train_006601,../data/muharaf_prepared_resized/train/train_006601.png,Script mismatch (non-Arabic),,,2025-12-13T11:48:34
1.5,17,train_005584,../data/muharaf_prepared_resized/train/train_005584.png,Script mismatch (non-Arabic),,,2025-12-13T11:48:36
3.0,4,train_014554,../data/muharaf_prepared_resized/train/train_014554.png,Script mismatch (non-Arabic),,,2025-12-13T11:48:39
3.0,X,train_012204,../data/muharaf_prepared_resized/train/train_012204.png,Script mismatch (non-Arabic),,,2025-12-13T11:48:41
3.0,2,train_017036,../data/muharaf_prepared_resized/train/train_017036.png,Script mismatch (non-Arabic),,,2025-12-13T11:48:45
3.0,2,train_017036,../data/muharaf_prepared_resized/train/train_017036.png,Script mismatch (non-Arabic),,,2025-12-13T11:48:47
3.0,2,train_017036,../data/muharaf_prepared_resized/train/train_017036.png,Script mismatch (non-Arabic),,,2025-12-13T11:48:48
3.0,2,train_017036,../data/muharaf_prepared_resized/train/train_017036.png,Script mismatch (non-Arabic),,,2025-12-13T11:48:49
3.0,2,train_017036,../data/muharaf_prepared_resized/train/train_017036.png,Script mismatch (non-Arabic),,,2025-12-13T11:48:50
0.64,الفردوسي: صدقوا يا مولاي.,train_003208,../data/muharaf_prepared_resized/train/train_003208.png,Wrong transcription,,الفردوسي:,2025-12-13T12:08:49
0.64,الفردوسي: صدقوا يا مولاي.,train_003203,../data/muharaf_prepared_resized/train/train_003203.png,Wrong transcription,,الفردوسي:,2025-12-13T12:08:54
0.75,1898,train_021862,../data/muharaf_prepared_resized/train/train_021862.png,Wrong transcription,,١8٩٩,2025-12-13T12:09:07
0.8,ميشال,train_020823,../data/muharaf_prepared_resized/train/train_020823.png,Wrong transcription,,مسالما,2025-12-13T12:09:15
1.0,2,train_014865,../data/muharaf_prepared_resized/train/train_014865.png,Wrong transcription,,٢,2025-12-13T12:09:18
1.0,8,train_014756,../data/muharaf_prepared_resized/train/train_014756.png,Wrong transcription,,٨,2025-12-13T12:09:20
1.0,8,train_013799,../data/muharaf_prepared_resized/train/train_013799.png,Wrong transcription,,٣,2025-12-13T12:09:22
1.4,ميشال,train_020772,../data/muharaf_prepared_resized/train/train_020772.png,Wrong transcription,,مسال وسان,2025-12-13T12:09:42
0.0,3,train_004806,../data/muharaf_prepared_resized/train/train_004806.png,Script mismatch (non-Arabic),,3,2025-12-15T12:24:25
0.5,AF-304 2,train_000287,../data/muharaf_prepared_resized/train/train_000287.png,Script mismatch (non-Arabic),,YF-34,2025-12-15T14:00:24
0.375,BEK2A-11,train_003684,../data/muharaf_prepared_resized/train/train_003684.png,Script mismatch (non-Arabic),,EK2A--4,2025-12-15T14:00:26
0.7142857142857143,EAC.C.2,train_004004,../data/muharaf_prepared_resized/train/train_004004.png,Script mismatch (non-Arabic),,EC--14,2025-12-15T14:00:27
0.7647058823529411,EAC-D-47i (copie),train_004096,../data/muharaf_prepared_resized/train/train_004096.png,Script mismatch (non-Arabic),,(A Bt-hue),2025-12-15T14:00:28
0.5555555555555556,EAC-D-51h,train_004183,../data/muharaf_prepared_resized/train/train_004183.png,Script mismatch (non-Arabic),,EA1-1,2025-12-15T14:30:26
0.5555555555555556,EAC-D-51i,train_004202,../data/muharaf_prepared_resized/train/train_004202.png,Script mismatch (non-Arabic),,E-1--1,2025-12-15T14:30:28
0.5,EAK1A-33,train_004239,../data/muharaf_prepared_resized/train/train_004239.png,Script mismatch (non-Arabic),,EEKA-,2025-12-15T14:30:29
0.125,EAK1A-46,train_004296,../data/muharaf_prepared_resized/train/train_004296.png,Script mismatch (non-Arabic),,EAK1A-4,2025-12-15T14:30:30
0.375,EAK1A-51,train_004373,../data/muharaf_prepared_resized/train/train_004373.png,Script mismatch (non-Arabic),,EA1A-14,2025-12-15T14:30:30
0.25,EAK1A-52,train_004417,../data/muharaf_prepared_resized/train/train_004417.png,Script mismatch (non-Arabic),,EAK1A-13,2025-12-15T14:30:30
0.375,EAK1A-80,train_004483,../data/muharaf_prepared_resized/train/train_004483.png,Script mismatch (non-Arabic),,EA1A-13,2025-12-15T14:30:31
0.25,EAK1A-89,train_004565,../data/muharaf_prepared_resized/train/train_004565.png,Script mismatch (non-Arabic),,EAK1A-1,2025-12-15T14:30:31
0.25,EAK1A-90,train_004596,../data/muharaf_prepared_resized/train/train_004596.png,Script mismatch (non-Arabic),,EAK1A-,2025-12-15T14:30:31
0.375,EAK1A-95,train_004631,../data/muharaf_prepared_resized/train/train_004631.png,Script mismatch (non-Arabic),,EEK1A-1,2025-12-15T14:30:32
0.1111111111111111,EAK1A-149,train_005069,../data/muharaf_prepared_resized/train/train_005069.png,Script mismatch (non-Arabic),,EAK1A-14,2025-12-15T14:30:33
0.6666666666666666,Alep (Syrie),train_005088,../data/muharaf_prepared_resized/train/train_005088.png,Script mismatch (non-Arabic),,A Sy,2025-12-15T14:30:33
0.2222222222222222,EAK1A-151,train_005144,../data/muharaf_prepared_resized/train/train_005144.png,Script mismatch (non-Arabic),,EEAK1A-11,2025-12-15T14:30:34
0.5833333333333334,Alep (Syrie),train_005165,../data/muharaf_prepared_resized/train/train_005165.png,Script mismatch (non-Arabic),,A (Sys,2025-12-15T14:30:34
0.5833333333333334,Alep (Syrie),train_005314,../data/muharaf_prepared_resized/train/train_005314.png,Script mismatch (non-Arabic),,Al Sys,2025-12-15T14:30:34
0.5833333333333334,Alep (Syrie),train_005333,../data/muharaf_prepared_resized/train/train_005333.png,Script mismatch (non-Arabic),,A Syi,2025-12-15T14:30:35
0.3333333333333333,EAK1A-171,train_005440,../data/muharaf_prepared_resized/train/train_005440.png,Script mismatch (non-Arabic),,EK1A-1,2025-12-15T14:30:35
0.5454545454545454,EAK1A - 288,train_005762,../data/muharaf_prepared_resized/train/train_005762.png,Script mismatch (non-Arabic),,EA1A-1,2025-12-15T14:30:36
0.4545454545454545,EAK1A - 322,train_005843,../data/muharaf_prepared_resized/train/train_005843.png,Script mismatch (non-Arabic),,EAK1A-,2025-12-15T14:30:36
0.3636363636363636,EAK1A - 326,train_005889,../data/muharaf_prepared_resized/train/train_005889.png,Script mismatch (non-Arabic),,EAK1A-3,2025-12-15T14:30:37
0.4,EAK1A- 327,train_005902,../data/muharaf_prepared_resized/train/train_005902.png,Script mismatch (non-Arabic),,EA1A-3,2025-12-15T14:30:37
0.4444444444444444,EAK1A-364,train_005971,../data/muharaf_prepared_resized/train/train_005971.png,Script mismatch (non-Arabic),,EK1A-13,2025-12-15T14:30:38
0.1111111111111111,SÃO PAULO,train_007389,../data/muharaf_prepared_resized/train/train_007389.png,Script mismatch (non-Arabic),,SÃOPAULO,2025-12-15T14:30:38
0.5,BRASIL,train_007390,../data/muharaf_prepared_resized/train/train_007390.png,Script mismatch (non-Arabic),,BAAS,2025-12-15T14:30:38
0.2222222222222222,SÃO PAULO,train_007418,../data/muharaf_prepared_resized/train/train_007418.png,Script mismatch (non-Arabic),,SÃOPAUEO,2025-12-15T14:30:39
0.3333333333333333,BRASIL,train_007419,../data/muharaf_prepared_resized/train/train_007419.png,Script mismatch (non-Arabic),,BASL,2025-12-15T14:30:41
0.4444444444444444,SÃO PAULO,train_007443,../data/muharaf_prepared_resized/train/train_007443.png,Script mismatch (non-Arabic),,SÃPAU,2025-12-15T14:30:42
0.3333333333333333,BRASIL,train_007444,../data/muharaf_prepared_resized/train/train_007444.png,Script mismatch (non-Arabic),,BASI,2025-12-15T14:30:42
0.5555555555555556,SÃO PAULO,train_007462,../data/muharaf_prepared_resized/train/train_007462.png,Script mismatch (non-Arabic),,CAÃPASLO,2025-12-15T14:30:44
0.3333333333333333,BRASIL,train_007465,../data/muharaf_prepared_resized/train/train_007465.png,Script mismatch (non-Arabic),,BRASIIS,2025-12-15T14:30:44
0.375,JPK2B-40,train_007916,../data/muharaf_prepared_resized/train/train_007916.png,Script mismatch (non-Arabic),,JEK2--4,2025-12-15T14:30:45
0.5,MANSOURAH (EGYPTE),train_011595,../data/muharaf_prepared_resized/train/train_011595.png,Script mismatch (non-Arabic),,MANNA ( PTES,2025-12-15T14:30:46
0.6111111111111112,MANSOURAH (EGYPTE),train_011620,../data/muharaf_prepared_resized/train/train_011620.png,Script mismatch (non-Arabic),,MANN (PEES,2025-12-15T14:30:47
0.7222222222222222,MANSOURAH (EGYPTE),train_011644,../data/muharaf_prepared_resized/train/train_011644.png,Script mismatch (non-Arabic),,MAN ES,2025-12-15T14:30:48
0.3333333333333333,MG1-57,train_011713,../data/muharaf_prepared_resized/train/train_011713.png,Script mismatch (non-Arabic),,M1-7,2025-12-15T14:30:49
0.6111111111111112,MANSOURAH (EGYPTE),train_011716,../data/muharaf_prepared_resized/train/train_011716.png,Script mismatch (non-Arabic),,MANN (TES,2025-12-15T14:30:50
0.6111111111111112,MANSOURAH (EGYPTE),train_011734,../data/muharaf_prepared_resized/train/train_011734.png,Script mismatch (non-Arabic),,MANNA (NA EE,2025-12-15T14:30:50
0.6666666666666666,MANSOURAH (EGYPTE),train_011753,../data/muharaf_prepared_resized/train/train_011753.png,Script mismatch (non-Arabic),,MANN E EE,2025-12-15T14:30:51
0.375,MK2A-713,train_012382,../data/muharaf_prepared_resized/train/train_012382.png,Script mismatch (non-Arabic),,MK2A-,2025-12-15T14:30:52
0.375,MK2A-718,train_012487,../data/muharaf_prepared_resized/train/train_012487.png,Script mismatch (non-Arabic),,MK2A-,2025-12-15T14:30:52
0.5555555555555556,QBat19D-4,train_015838,../data/muharaf_prepared_resized/train/train_015838.png,Script mismatch (non-Arabic),,QBB--4,2025-12-15T14:30:53
0.6,QBat19D-20,train_015850,../data/muharaf_prepared_resized/train/train_015850.png,Script mismatch (non-Arabic),,Ba1-4,2025-12-15T14:30:54
0.5,QBat19D-94,train_015891,../data/muharaf_prepared_resized/train/train_015891.png,Script mismatch (non-Arabic),,Bt1--4,2025-12-15T14:30:54
0.5555555555555556,QBat1L-53,train_015951,../data/muharaf_prepared_resized/train/train_015951.png,Script mismatch (non-Arabic),,BBt-5,2025-12-15T14:30:55
0.3,QBat5H-523,train_016488,../data/muharaf_prepared_resized/train/train_016488.png,Script mismatch (non-Arabic),,Bat5H-5,2025-12-15T14:30:55
0.3,QBat5H-534,train_016514,../data/muharaf_prepared_resized/train/train_016514.png,Script mismatch (non-Arabic),,QBt5H-4,2025-12-15T14:30:55
0.6,QBat 5H-57,train_016587,../data/muharaf_prepared_resized/train/train_016587.png,Script mismatch (non-Arabic),,QQBa5H2,2025-12-15T14:30:55
0.5,QBat8L-2,train_016712,../data/muharaf_prepared_resized/train/train_016712.png,Script mismatch (non-Arabic),,QBt-6,2025-12-15T14:30:56
0.2727272727272727,(El- Shouf),train_016759,../data/muharaf_prepared_resized/train/train_016759.png,Script mismatch (non-Arabic),,(El-huf),2025-12-15T14:30:56
0.1818181818181818,( El-Shouf),train_016810,../data/muharaf_prepared_resized/train/train_016810.png,Script mismatch (non-Arabic),,(El-Shuf),2025-12-15T14:30:56
0.5,YAL2A-40,train_018723,../data/muharaf_prepared_resized/train/train_018723.png,Script mismatch (non-Arabic),,2A-10,2025-12-15T14:30:56
0.375,YFS1A-14,train_018937,../data/muharaf_prepared_resized/train/train_018937.png,Script mismatch (non-Arabic),,YK2A-14,2025-12-15T14:30:56
0.5714285714285714,YFS2A-5,train_019057,../data/muharaf_prepared_resized/train/train_019057.png,Script mismatch (non-Arabic),,E22A-,2025-12-15T14:30:57
0.1111111111111111,YS-1F-010,train_019376,../data/muharaf_prepared_resized/train/train_019376.png,Script mismatch (non-Arabic),,YS-1F-015,2025-12-15T14:30:57
0.4,YS-1F-010a,train_019385,../data/muharaf_prepared_resized/train/train_019385.png,Script mismatch (non-Arabic),,S-1-00,2025-12-15T14:30:57
0.5555555555555556,YS_2C_004,train_019391,../data/muharaf_prepared_resized/train/train_019391.png,Script mismatch (non-Arabic),,Y_00,2025-12-15T14:30:57
0.3,YS_2C_004a,train_019406,../data/muharaf_prepared_resized/train/train_019406.png,Script mismatch (non-Arabic),,YS_2F_00,2025-12-15T14:30:57
0.5,YS_2C_004c,train_019432,../data/muharaf_prepared_resized/train/train_019432.png,Script mismatch (non-Arabic),,S_4F_00,2025-12-15T14:30:58
0.5,YS_2C_004d,train_019445,../data/muharaf_prepared_resized/train/train_019445.png,Script mismatch (non-Arabic),,S_F_00,2025-12-15T14:30:58
0.3,YS_2F_015a,train_019480,../data/muharaf_prepared_resized/train/train_019480.png,Script mismatch (non-Arabic),,Y_2_015,2025-12-15T14:30:58
0.2,YS_2F_015c,train_019493,../data/muharaf_prepared_resized/train/train_019493.png,Script mismatch (non-Arabic),,YS_2F_010,2025-12-15T14:30:58
0.4,YS_2F_015G,train_019553,../data/muharaf_prepared_resized/train/train_019553.png,Script mismatch (non-Arabic),,YS_1F_00,2025-12-15T14:30:58
0.3,YS_2F_015I,train_019568,../data/muharaf_prepared_resized/train/train_019568.png,Script mismatch (non-Arabic),,YSS_2F_01,2025-12-15T14:30:59
0.2,YS_2F_015P,train_019606,../data/muharaf_prepared_resized/train/train_019606.png,Script mismatch (non-Arabic),,YS_2F_01,2025-12-15T14:30:59
0.3,YS_2F_022a,train_019622,../data/muharaf_prepared_resized/train/train_019622.png,Script mismatch (non-Arabic),,YS_2F_01,2025-12-15T14:30:59
0.4,YS_2F_022d,train_019683,../data/muharaf_prepared_resized/train/train_019683.png,Script mismatch (non-Arabic),,S_2F_00,2025-12-15T14:30:59
0.4,YS_2F_022f,train_019702,../data/muharaf_prepared_resized/train/train_019702.png,Script mismatch (non-Arabic),,S_2F_04,2025-12-15T14:30:59
0.1111111111111111,YS-4A-002,train_019725,../data/muharaf_prepared_resized/train/train_019725.png,Script mismatch (non-Arabic),,YS-4A-00,2025-12-15T14:31:00
0.2222222222222222,YS-4A-004,train_019739,../data/muharaf_prepared_resized/train/train_019739.png,Script mismatch (non-Arabic),,YS-4A-01,2025-12-15T14:31:00
0.2222222222222222,YS-4A-011,train_019760,../data/muharaf_prepared_resized/train/train_019760.png,Script mismatch (non-Arabic),,YS-4A-04,2025-12-15T14:31:00
0.4,YS-4A-011d,train_019805,../data/muharaf_prepared_resized/train/train_019805.png,Script mismatch (non-Arabic),,yS-4D-01,2025-12-15T14:31:00
0.4444444444444444,ys-4c-038,train_019924,../data/muharaf_prepared_resized/train/train_019924.png,Script mismatch (non-Arabic),,yS-4C-01,2025-12-15T14:31:00
0.3333333333333333,ys-4c-068,train_019994,../data/muharaf_prepared_resized/train/train_019994.png,Script mismatch (non-Arabic),,ys-4C-01,2025-12-15T14:31:01
0.3333333333333333,ys-4c-069,train_020012,../data/muharaf_prepared_resized/train/train_020012.png,Script mismatch (non-Arabic),,ys-4C-01,2025-12-15T14:31:01
0.3333333333333333,YS-4D-095,train_020155,../data/muharaf_prepared_resized/train/train_020155.png,Script mismatch (non-Arabic),,S-4D-04,2025-12-15T14:31:01
0.5,ys-5H-011d,train_020267,../data/muharaf_prepared_resized/train/train_020267.png,Script mismatch (non-Arabic),,Y-55H-01,2025-12-15T14:31:01
0.3333333333333333,ys-5H-011,train_020305,../data/muharaf_prepared_resized/train/train_020305.png,Script mismatch (non-Arabic),,Ys-H-01,2025-12-15T14:31:01
0.4444444444444444,ys-5H-017,train_020340,../data/muharaf_prepared_resized/train/train_020340.png,Script mismatch (non-Arabic),,S-55H-01,2025-12-15T14:31:02
0.9090909090909092,Cameiciante,train_021031,../data/muharaf_prepared_resized/train/train_021031.png,Script mismatch (non-Arabic),,Co,2025-12-15T14:31:02
0.6842105263157895,Monteria = Colamlia,train_021032,../data/muharaf_prepared_resized/train/train_021032.png,Script mismatch (non-Arabic),,Co = Co,2025-12-15T14:31:02
0.6190476190476191,POR TELEGRAFO SAIKALI,train_021035,../data/muharaf_prepared_resized/train/train_021035.png,Script mismatch (non-Arabic),,POREAF S,2025-12-15T14:31:03
1.0,1886,train_021475,../data/muharaf_prepared_resized/train/train_021475.png,Wrong transcription,,١٨٨٨,2025-12-16T06:38:09
0.6666666666666666,-1891-,train_021694,../data/muharaf_prepared_resized/train/train_021694.png,Wrong transcription,,-١-,2025-12-16T06:38:13
0.25,1894,train_021741,../data/muharaf_prepared_resized/train/train_021741.png,Wrong transcription,,194,2025-12-16T06:38:19
0.5,1895,train_021742,../data/muharaf_prepared_resized/train/train_021742.png,Wrong transcription,,188,2025-12-16T06:38:20
0.5,1895,train_021773,../data/muharaf_prepared_resized/train/train_021773.png,Wrong transcription,,18,2025-12-16T06:38:23
1.0,1896,train_021789,../data/muharaf_prepared_resized/train/train_021789.png,Wrong transcription,,٨٨٩,2025-12-16T06:38:26
1.0,1896,train_021801,../data/muharaf_prepared_resized/train/train_021801.png,Wrong transcription,,١١٨٩,2025-12-16T06:38:27
1.0,1897,train_021826,../data/muharaf_prepared_resized/train/train_021826.png,Wrong transcription,,٨٨٧,2025-12-16T06:38:30
0.5,1897,train_021852,../data/muharaf_prepared_resized/train/train_021852.png,Wrong transcription,,1880,2025-12-16T06:38:35
0.3,YS_2F_022c,train_019660,../data/muharaf_prepared_resized/train/train_019660.png,Script mismatch (non-Arabic),,YS_2F_01,2025-12-16T06:41:32
1.0,مطانيوس سركىس,train_010108,../data/muharaf_prepared_resized/train/train_010108.png,Irrelevant / signature,,ض,2025-12-18T15:37:03
3.0,1,train_005311,../data/muharaf_prepared_resized/train/train_005311.png,Script mismatch (non-Arabic),,,2025-12-24T18:51:38
3.0,1,train_005097,../data/muharaf_prepared_resized/train/train_005097.png,Script mismatch (non-Arabic),,,2025-12-24T18:51:48
3.0,1,train_005619,../data/muharaf_prepared_resized/train/train_005619.png,Script mismatch (non-Arabic),,,2025-12-24T18:52:04
3.0,1,train_005454,../data/muharaf_prepared_resized/train/train_005454.png,Script mismatch (non-Arabic),,,2025-12-24T19:23:27
3.0,1,train_004306,../data/muharaf_prepared_resized/train/train_004306.png,Script mismatch (non-Arabic),,,2025-12-24T19:23:43
2.0,1,train_014515,../data/muharaf_prepared_resized/train/train_014515.png,Script mismatch (non-Arabic),,١١,2025-12-24T19:24:25
1.5,26,train_007343,../data/muharaf_prepared_resized/train/train_007343.png,Script mismatch (non-Arabic),,,2025-12-24T19:24:28
1.5,26,train_014083,../data/muharaf_prepared_resized/train/train_014083.png,Script mismatch (non-Arabic),,,2025-12-24T19:24:29
1.0,3,train_014627,../data/muharaf_prepared_resized/train/train_014627.png,Script mismatch (non-Arabic),,3-,2025-12-24T19:26:37
1.0,3,train_020259,../data/muharaf_prepared_resized/train/train_020259.png,Wrong transcription,,٢,2025-12-24T19:27:10
1.0,1,train_017415,../data/muharaf_prepared_resized/train/train_017415.png,Script mismatch (non-Arabic),,١,2025-12-24T19:27:23
1.0,1,train_016538,../data/muharaf_prepared_resized/train/train_016538.png,Script mismatch (non-Arabic),,٣,2025-12-24T19:27:32
1.0,(1),train_000385,../data/muharaf_prepared_resized/train/train_000385.png,Script mismatch (non-Arabic),,١٦٦,2025-12-24T19:27:35
1.0,11,train_017168,../data/muharaf_prepared_resized/train/train_017168.png,Script mismatch (non-Arabic),,١١,2025-12-24T19:27:42
1.0,(1),train_000400,../data/muharaf_prepared_resized/train/train_000400.png,Script mismatch (non-Arabic),,,2025-12-24T19:27:49
1.0,11,train_017623,../data/muharaf_prepared_resized/train/train_017623.png,Script mismatch (non-Arabic),,١١,2025-12-24T19:28:23
1.0,1,train_008165,../data/muharaf_prepared_resized/train/train_008165.png,Script mismatch (non-Arabic),,٦,2025-12-24T19:28:44
1.0,1,train_005517,../data/muharaf_prepared_resized/train/train_005517.png,Script mismatch (non-Arabic),,١,2025-12-24T19:28:45
1.0,3,train_014360,../data/muharaf_prepared_resized/train/train_014360.png,Script mismatch (non-Arabic),,33,2025-12-24T19:28:48
1.0,3,train_015477,../data/muharaf_prepared_resized/train/train_015477.png,Script mismatch (non-Arabic),,٥,2025-12-24T19:29:07
1.0,رئيس يوسف زينه,train_015439,../data/muharaf_prepared_resized/train/train_015439.png,Irrelevant / signature,,,2025-12-24T19:29:16
1.0,50,train_003871,../data/muharaf_prepared_resized/train/train_003871.png,Script mismatch (non-Arabic),,٥,2025-12-24T19:29:23
1.0,التاريخ,train_011314,../data/muharaf_prepared_resized/train/train_011314.png,Wrong transcription,,التاريخ الجمعة,2025-12-24T19:29:33
1.0,1,train_004597,../data/muharaf_prepared_resized/train/train_004597.png,Script mismatch (non-Arabic),,1٨,2025-12-24T19:29:50
1.0,3,train_016087,../data/muharaf_prepared_resized/train/train_016087.png,Script mismatch (non-Arabic),,3٥,2025-12-24T19:29:52
1.0,الداعى,train_003405,../data/muharaf_prepared_resized/train/train_003405.png,Irrelevant / signature,,,2025-12-24T19:30:17
1.0,4/2,train_011785,../data/muharaf_prepared_resized/train/train_011785.png,Script mismatch (non-Arabic),,,2025-12-24T19:30:30
1.0,1,train_005173,../data/muharaf_prepared_resized/train/train_005173.png,Script mismatch (non-Arabic),,١,2025-12-24T19:30:50
1.0,11,train_014454,../data/muharaf_prepared_resized/train/train_014454.png,Wrong transcription,,١١,2025-12-24T19:31:21
1.0,3,train_006164,../data/muharaf_prepared_resized/train/train_006164.png,Script mismatch (non-Arabic),,33,2025-12-24T19:31:24
1.0,11,train_006836,../data/muharaf_prepared_resized/train/train_006836.png,Script mismatch (non-Arabic),,١٨,2025-12-24T19:31:40
1.0,1,train_014221,../data/muharaf_prepared_resized/train/train_014221.png,Script mismatch (non-Arabic),,٥,2025-12-24T19:31:47
