ImageID,Label,Notes,CER,GroundTruth,Prediction,ImagePath,Timestamp,Reviewer
train_017496,Script mismatch (non-Arabic),,3.0,5,,../data/muharaf_prepared_resized/train/train_017496.png,2025-11-26T19:51:03,Sana
train_017538,Script mismatch (non-Arabic),,3.0,7,,../data/muharaf_prepared_resized/train/train_017538.png,2025-11-26T19:51:06,Sana
train_014271,Script mismatch (non-Arabic),,3.0,X,,../data/muharaf_prepared_resized/train/train_014271.png,2025-11-26T19:51:20,Sana
train_017559,Script mismatch (non-Arabic),,3.0,8,,../data/muharaf_prepared_resized/train/train_017559.png,2025-11-26T19:51:22,Sana
train_019397,Script mismatch (non-Arabic),,3.0,A,,../data/muharaf_prepared_resized/train/train_019397.png,2025-11-26T19:51:25,Sana
train_019075,Script mismatch (non-Arabic),,3.0,2,,../data/muharaf_prepared_resized/train/train_019075.png,2025-11-26T19:51:29,Sana
train_010667,Script mismatch (non-Arabic),,3.0,K,,../data/muharaf_prepared_resized/train/train_010667.png,2025-11-26T19:51:35,Sana
train_017582,Script mismatch (non-Arabic),,3.0,9,,../data/muharaf_prepared_resized/train/train_017582.png,2025-11-26T19:51:47,Sana
train_016737,Valid but hard,,1.5,صح,,../data/muharaf_prepared_resized/train/train_016737.png,2025-11-26T19:52:02,Sana
train_010766,Script mismatch (non-Arabic),,1.5,M.,,../data/muharaf_prepared_resized/train/train_010766.png,2025-11-26T19:52:08,Sana
train_003763,Irrelevant / signature,,1.0,أسيرة العطف مرغريت الحداد,,../data/muharaf_prepared_resized/train/train_003763.png,2025-11-26T19:52:20,Sana
train_016685,Irrelevant / signature,,1.0,كاتب حضرمخايل الحاج بترومين,,../data/muharaf_prepared_resized/train/train_016685.png,2025-11-26T19:52:22,Sana
train_003889,Script mismatch (non-Arabic),,1.0,59,0,../data/muharaf_prepared_resized/train/train_003889.png,2025-11-26T19:52:30,Sana
train_001151,Valid but hard,,1.0,الحاكم,,../data/muharaf_prepared_resized/train/train_001151.png,2025-11-26T19:52:48,Sana
train_016473,Irrelevant / signature,,1.0,عضو انطوان طربيه,,../data/muharaf_prepared_resized/train/train_016473.png,2025-11-26T19:52:53,Sana
train_006264,Irrelevant / non-text,,1.0,ل,6,../data/muharaf_prepared_resized/train/train_006264.png,2025-11-26T19:52:57,Sana
train_013234,Script mismatch (non-Arabic),,1.0,83,5,../data/muharaf_prepared_resized/train/train_013234.png,2025-11-26T19:53:01,Sana
train_015836,Irrelevant / signature,,1.0,شهد بذلك مدونها العريجي,,../data/muharaf_prepared_resized/train/train_015836.png,2025-11-26T19:53:35,Sana
train_001689,Script mismatch (non-Arabic),,1.0,FA Wayne,Bo,../data/muharaf_prepared_resized/train/train_001689.png,2025-11-26T19:53:44,Sana
train_015855,Irrelevant / signature,,1.0,سَمعان سَليمان داود صورات,,../data/muharaf_prepared_resized/train/train_015855.png,2025-11-26T19:53:49,Sana
train_013664,Irrelevant / signature,,1.0,رئىس ىعوم دىب العارح,,../data/muharaf_prepared_resized/train/train_013664.png,2025-11-26T19:54:05,Sana
train_016447,Irrelevant / non-text,,1.0,شيخ قرية اسمر جبيل,,../data/muharaf_prepared_resized/train/train_016447.png,2025-11-26T19:54:18,Sana
train_013642,Irrelevant / signature,,1.0,بلدية كفرشيما رئىس ىعوم دىب العارح,,../data/muharaf_prepared_resized/train/train_013642.png,2025-11-26T19:54:28,Sana
train_013561,Irrelevant / signature,,1.0,رىس ابراهىم الحىاط,ي,../data/muharaf_prepared_resized/train/train_013561.png,2025-11-26T19:54:35,Sana
train_001788,Irrelevant / signature,,1.0,جرجي دمتري سرسق,ح,../data/muharaf_prepared_resized/train/train_001788.png,2025-11-26T19:54:39,Sana
train_015890,Irrelevant / signature,,1.0,كاتب طوبيا حنا رزق عبدللى,,../data/muharaf_prepared_resized/train/train_015890.png,2025-11-26T19:54:44,Sana
train_015903,Valid but hard,,1.0,الوكيل الرسمي,,../data/muharaf_prepared_resized/train/train_015903.png,2025-11-26T19:55:10,Sana
train_008739,Irrelevant / signature,,1.0,هنا ادرس الياس بطرس ابراهيم بطرس,,../data/muharaf_prepared_resized/train/train_008739.png,2025-11-26T19:55:18,Sana
train_015865,Irrelevant / non-text,,1.0,معاملة البترون مختار صورات رشكده سنة ١٩٢٨,ي,../data/muharaf_prepared_resized/train/train_015865.png,2025-11-26T19:55:22,Sana
train_013473,Segmentation error,,1.0,٢١ شباط سنة ٩٢٦,,../data/muharaf_prepared_resized/train/train_013473.png,2025-11-26T19:55:30,Sana
train_015864,Segmentation error,,1.0,٢٤ آب سنة ٩٣٣	خالد سنا,١,../data/muharaf_prepared_resized/train/train_015864.png,2025-11-26T19:55:33,Sana
train_010065,Irrelevant / signature,,1.0,ولد سيادتكم سليم ضاهر,,../data/muharaf_prepared_resized/train/train_010065.png,2025-11-26T19:55:39,Sana
train_020824,Irrelevant / signature,,1.0,سبعلي,,../data/muharaf_prepared_resized/train/train_020824.png,2025-11-26T19:55:41,Sana
train_016736,Irrelevant / signature,,1.0,الوصي الشرعي كاتبه,,../data/muharaf_prepared_resized/train/train_016736.png,2025-11-26T19:55:43,Sana
train_006085,Script mismatch (non-Arabic),,1.0,(٣    3,,../data/muharaf_prepared_resized/train/train_006085.png,2025-11-26T19:55:45,Sana
train_015934,Irrelevant / signature,,1.0,المقره بيأسم افيميا ابنة منصور يعقوب طرزا,,../data/muharaf_prepared_resized/train/train_015934.png,2025-11-26T19:55:59,Sana
train_015937,Irrelevant / signature,,1.0,كفيل نخله جبرايل النخل طرزا,,../data/muharaf_prepared_resized/train/train_015937.png,2025-11-26T19:56:02,Sana
train_016475,Irrelevant / signature,,1.0,الرئيس جرجس شاول,,../data/muharaf_prepared_resized/train/train_016475.png,2025-11-26T19:56:04,Sana
train_018610,Script mismatch (non-Arabic),,1.0,OF TEXAS,,../data/muharaf_prepared_resized/train/train_018610.png,2025-11-26T19:56:10,Sana
train_001212,Irrelevant / signature,,1.0,امين الريحاني,,../data/muharaf_prepared_resized/train/train_001212.png,2025-11-26T19:56:14,Sana
train_016472,Irrelevant / signature,,1.0,عضو انطون بطرس نهرا,,../data/muharaf_prepared_resized/train/train_016472.png,2025-11-26T19:56:28,Sana
train_013652,Irrelevant / signature,,1.0,رىس ىعوم دىب العارح,,../data/muharaf_prepared_resized/train/train_013652.png,2025-11-26T19:56:29,Sana
train_016702,Irrelevant / signature,,1.0,ماضي خليل طربي كيروز,,../data/muharaf_prepared_resized/train/train_016702.png,2025-11-26T19:56:31,Sana
train_018467,Script mismatch (non-Arabic),,1.0,57,٥,../data/muharaf_prepared_resized/train/train_018467.png,2025-11-26T19:56:34,Sana
train_009192,Irrelevant / signature,,1.0,جبير مطران طرابلس,,../data/muharaf_prepared_resized/train/train_009192.png,2025-11-26T19:56:38,Sana
train_016504,Irrelevant / signature,,1.0,نظر 		القائمقام	حبيب سلوم,,../data/muharaf_prepared_resized/train/train_016504.png,2025-11-26T19:56:51,Sana
train_017517,Script mismatch (non-Arabic),,1.0,6,٥,../data/muharaf_prepared_resized/train/train_017517.png,2025-11-26T19:56:56,Sana
train_015678,Irrelevant / signature,,1.0,المدعى العام,,../data/muharaf_prepared_resized/train/train_015678.png,2025-11-26T19:56:59,Sana
train_014197,Segmentation error,,1.0,يشهد بدالك يخصها ميره على دفتر الحاكم,,../data/muharaf_prepared_resized/train/train_014197.png,2025-11-26T19:57:10,Sana
train_018589,Script mismatch (non-Arabic),,1.0,69,160,../data/muharaf_prepared_resized/train/train_018589.png,2025-11-26T19:57:14,Sana
train_010117,Segmentation error,,1.0,٢٠ تشرين اول ١٩٥٨,,../data/muharaf_prepared_resized/train/train_010117.png,2025-11-26T19:57:23,Sana
train_019105,Valid but hard,,1.0,اَلحُرِيّةُ,ج,../data/muharaf_prepared_resized/train/train_019105.png,2025-11-26T19:57:29,Sana
train_002640,Irrelevant / signature,,1.0,محمد امين الحسيني,,../data/muharaf_prepared_resized/train/train_002640.png,2025-11-26T19:58:28,Sana
train_011813,Script mismatch (non-Arabic),,1.0,4/3,,../data/muharaf_prepared_resized/train/train_011813.png,2025-11-26T19:58:32,Sana
train_016413,Segmentation error,,1.0,٧ ايلول ٩٣٢	محكمة لبنان الشمالي البدائية النيابة العامة,,../data/muharaf_prepared_resized/train/train_016413.png,2025-11-26T19:58:43,Sana
train_019094,Script mismatch (non-Arabic),,1.0,4,1,../data/muharaf_prepared_resized/train/train_019094.png,2025-11-26T19:58:44,Sana
train_015956,Irrelevant / signature,,1.0,يوسف بك الحلو,,../data/muharaf_prepared_resized/train/train_015956.png,2025-11-26T19:58:49,Sana
train_013630,Irrelevant / signature,,1.0,رىس ىلدية كفرشيما ىعوم دىب العارح,,../data/muharaf_prepared_resized/train/train_013630.png,2025-11-26T19:58:52,Sana
train_008700,Irrelevant / signature,,1.0,ولد سادكم ىوسف موسى ابراهم,,../data/muharaf_prepared_resized/train/train_008700.png,2025-11-26T19:58:54,Sana
train_001639,Script mismatch (non-Arabic),,1.0,N.J.,ر,../data/muharaf_prepared_resized/train/train_001639.png,2025-11-26T19:58:59,Sana
train_016565,Irrelevant / signature,,1.0,الجمهورية اللبنانية ١٨/١/٥٤ رقم ١٣٣,,../data/muharaf_prepared_resized/train/train_016565.png,2025-11-26T19:59:02,Sana
train_017499,Wrong transcription,,1.0,. . .,خ,../data/muharaf_prepared_resized/train/train_017499.png,2025-11-26T19:59:18,Sana
train_015203,Wrong transcription,,1.0,26,٢٦,../data/muharaf_prepared_resized/train/train_015203.png,2025-11-26T19:59:22,Sana
train_005041,Irrelevant / signature,,1.0,نحىب,,../data/muharaf_prepared_resized/train/train_005041.png,2025-11-26T20:00:11,Sana
train_000195,Irrelevant / signature,,1.0,كاتب موسى فرحات فرح يوسف فرحات,,../data/muharaf_prepared_resized/train/train_000195.png,2025-11-26T20:00:13,Sana
train_018313,Irrelevant / signature,,1.0,لولدكم كروجر عطالله,ي,../data/muharaf_prepared_resized/train/train_018313.png,2025-11-26T20:00:20,Sana
train_004432,Script mismatch (non-Arabic),,1.0,Nº,٥,../data/muharaf_prepared_resized/train/train_004432.png,2025-11-26T20:00:26,Sana
train_016190,Script mismatch (non-Arabic),,1.0,محكمة بدايت قضاء بترون ١٣٠١,ل,../data/muharaf_prepared_resized/train/train_016190.png,2025-11-26T20:00:29,Sana
train_019133,Wrong transcription,,1.0,نهاد,,../data/muharaf_prepared_resized/train/train_019133.png,2025-11-26T20:01:06,Sana
train_018260,Irrelevant / signature,,1.0,لولدكم  كروجر عطالله,,../data/muharaf_prepared_resized/train/train_018260.png,2025-11-26T20:01:14,Sana
train_016412,Irrelevant / non-text,,1.0,محكمة البترون الصلحية,,../data/muharaf_prepared_resized/train/train_016412.png,2025-11-26T20:01:27,Sana
train_005206,Valid but hard,,1.0,جورج,,../data/muharaf_prepared_resized/train/train_005206.png,2025-11-26T20:01:34,Sana
train_017799,Script mismatch (non-Arabic),,1.0,20,3,../data/muharaf_prepared_resized/train/train_017799.png,2025-11-26T20:01:40,Sana
train_018089,Irrelevant / signature,,1.0,القس طوبيا,,../data/muharaf_prepared_resized/train/train_018089.png,2025-11-26T20:01:44,Sana
train_010108,Valid but hard,,1.0,مطانيوس سركىس,,../data/muharaf_prepared_resized/train/train_010108.png,2025-11-26T20:01:53,Sana
train_013593,Irrelevant / signature,,1.0,رىس ىلديه كفرشيما نعوم ديب,,../data/muharaf_prepared_resized/train/train_013593.png,2025-11-26T20:02:59,Sana
train_000211,Irrelevant / signature,,1.0,كاتب نصار طانيوس السمراني,,../data/muharaf_prepared_resized/train/train_000211.png,2025-11-26T20:03:15,Sana
train_012223,Valid but hard,,1.0,عام,٣,../data/muharaf_prepared_resized/train/train_012223.png,2025-11-26T20:03:20,Sana
train_010816,Orientation error,,1.0,من فضلكم,,../data/muharaf_prepared_resized/train/train_010816.png,2025-11-26T20:03:24,Sana
train_017767,Script mismatch (non-Arabic),,1.0,18,6,../data/muharaf_prepared_resized/train/train_017767.png,2025-11-26T20:03:28,Sana
train_010430,Valid but hard,,1.0,نعمه الله,,../data/muharaf_prepared_resized/train/train_010430.png,2025-11-26T20:03:40,Sana
train_010149,Irrelevant / signature,,1.0,ولد سيادتكم سلىم صاهر,,../data/muharaf_prepared_resized/train/train_010149.png,2025-11-26T20:03:45,Sana
train_010817,Orientation error,,1.0,لحضرة الاجل الاكرم الخواجه يوسَف نادر رعد الافخم,,../data/muharaf_prepared_resized/train/train_010817.png,2025-11-26T20:03:52,Sana
train_017019,Valid but hard,,1.0,مرحبه,,../data/muharaf_prepared_resized/train/train_017019.png,2025-11-26T20:04:14,Sana
train_019106,Valid but hard,,1.0,ولدكم,,../data/muharaf_prepared_resized/train/train_019106.png,2025-11-26T20:04:25,Sana
train_018667,Irrelevant / signature,,1.0,الى ابن  عمكم بشاره مرعي منصور,,../data/muharaf_prepared_resized/train/train_018667.png,2025-11-26T20:04:36,Sana
train_014893,Wrong transcription,,1.0,بوافة سهيل,بوفاة الدكتور سهيل,../data/muharaf_prepared_resized/train/train_014893.png,2025-11-26T20:04:48,Sana
train_010809,Orientation error,,1.0,اطال الله تعالى بقاه,,../data/muharaf_prepared_resized/train/train_010809.png,2025-11-26T20:04:56,Sana
train_018693,Irrelevant / signature,,1.0,كاترين يزبك,ح,../data/muharaf_prepared_resized/train/train_018693.png,2025-11-26T20:05:08,Sana
train_018854,Script mismatch (non-Arabic),,1.0,عد ٣     2,,../data/muharaf_prepared_resized/train/train_018854.png,2025-11-26T20:05:13,Sana
train_004765,Segmentation error,,1.0,(مكان الختم),,../data/muharaf_prepared_resized/train/train_004765.png,2025-11-26T20:05:31,Sana
train_010148,Irrelevant / signature,,1.0,ولد سيادتكم محول حروح,,../data/muharaf_prepared_resized/train/train_010148.png,2025-11-26T20:05:35,Sana
train_010079,Irrelevant / signature,,1.0,مختار مرتموره مخول موسى فهد,,../data/muharaf_prepared_resized/train/train_010079.png,2025-11-26T20:05:54,Sana
train_010094,Irrelevant / signature,,1.0,مختار مرتموره    مخول موسَى فهد,,../data/muharaf_prepared_resized/train/train_010094.png,2025-11-26T20:05:56,Sana
train_010092,Irrelevant / signature,,1.0,مختار الضهر      بدوي اسعد بطرسَ,,../data/muharaf_prepared_resized/train/train_010092.png,2025-11-26T20:06:00,Sana
train_001076,Valid but hard,,1.0,انه,يرته,../data/muharaf_prepared_resized/train/train_001076.png,2025-11-26T20:06:15,Sana
train_001685,Valid but hard,,1.0,?,2,../data/muharaf_prepared_resized/train/train_001685.png,2025-11-26T20:06:29,Sana
train_013663,Segmentation error,,1.0,تحريرات عدد ١٧,ن,../data/muharaf_prepared_resized/train/train_013663.png,2025-11-26T20:06:39,Sana
train_016468,Irrelevant / signature,,1.0,عضو انطون خوري حرب,,../data/muharaf_prepared_resized/train/train_016468.png,2025-11-26T20:06:45,Sana
train_002104,Irrelevant / signature,,1.0,المخلصه مىّ,عا,../data/muharaf_prepared_resized/train/train_002104.png,2025-11-26T20:06:47,Sana
train_010109,Irrelevant / signature,,0.975609756097561,بصمة ابهام يد اليمين نزهه ابنة طنوس ساسين,ا,../data/muharaf_prepared_resized/train/train_010109.png,2025-11-26T20:06:50,Sana
train_002845,Segmentation error,,0.972972972972973,٢٠ رمضان سنة ١٣٥٢		 أمين محمد الحسيني,٩٢,../data/muharaf_prepared_resized/train/train_002845.png,2025-11-26T20:07:02,Sana
train_002664,Valid but hard,,0.9714285714285714,المملكة الحجازية والنجدية وملحقاتها,ا,../data/muharaf_prepared_resized/train/train_002664.png,2025-11-26T20:07:07,Sana
train_016740,Irrelevant / signature,,0.9714285714285714,الياس الحويك بطرس البطريرك الانطاكى,ا,../data/muharaf_prepared_resized/train/train_016740.png,2025-11-26T20:07:11,Sana
train_016701,Irrelevant / signature,,0.9696969696969696,الماضي عنه باذنه بطرسَ منصور فخري,ا,../data/muharaf_prepared_resized/train/train_016701.png,2025-11-26T20:07:12,Sana
train_008933,Irrelevant / signature,,0.967741935483871,ولد سَيادتكم طنوس سمعان القبيات,ي,../data/muharaf_prepared_resized/train/train_008933.png,2025-11-26T20:07:17,Sana
train_010060,Irrelevant / signature,,0.967741935483871,ولد سيادتكم يوسف سعد شاهين ضاهر,ي,../data/muharaf_prepared_resized/train/train_010060.png,2025-11-26T20:07:18,Sana
train_016429,Irrelevant / signature,,0.967741935483871,كاتب امين متى شيخ قرية دريا ٣١٦,ي,../data/muharaf_prepared_resized/train/train_016429.png,2025-11-26T20:07:21,Sana
train_000251,Irrelevant / signature,,0.967741935483871,المستدعي المحامى الياس عبد الله,ا,../data/muharaf_prepared_resized/train/train_000251.png,2025-11-26T20:07:25,Sana
train_010063,Irrelevant / signature,,0.9666666666666668,ولد سيادتكم امطانوس محاىل صاهر,ا,../data/muharaf_prepared_resized/train/train_010063.png,2025-11-26T20:07:27,Sana
train_015853,Irrelevant / signature,,0.9655172413793104,حنا الخوري سليمان الفرخ صورات,ي,../data/muharaf_prepared_resized/train/train_015853.png,2025-11-26T20:08:10,Sana
train_010077,Irrelevant / signature,,0.9642857142857144,مختار الضهر بدوي اسَعد بطرسَ,ي,../data/muharaf_prepared_resized/train/train_010077.png,2025-11-26T20:08:12,Sana
train_010059,Irrelevant / signature,,0.9629629629629628,ولد سيادتكم ىادر ساهىن ىادر,ال,../data/muharaf_prepared_resized/train/train_010059.png,2025-11-26T20:08:13,Sana
train_013957,Irrelevant / signature,,0.9615384615384616,عن رئيس البلدية شكري كنعان,ي,../data/muharaf_prepared_resized/train/train_013957.png,2025-11-26T20:08:15,Sana
train_015862,Irrelevant / signature,,0.9615384615384616,عضو طنوس خليل الصايغ رشكده,ع,../data/muharaf_prepared_resized/train/train_015862.png,2025-11-26T20:08:16,Sana
train_010061,Irrelevant / signature,,0.96,ولد سيادتكم ابراهيم قسطون,ي,../data/muharaf_prepared_resized/train/train_010061.png,2025-11-26T20:08:18,Sana
train_002211,Irrelevant / signature,,0.96,المخلص احمد شاكر الكريحات,ا,../data/muharaf_prepared_resized/train/train_002211.png,2025-11-26T20:08:20,Sana
train_009439,Irrelevant / signature,,0.9591836734693876,وكيل الوقف وخوري الرعية الحورى ىوحىا حىىب البيسري,س ي,../data/muharaf_prepared_resized/train/train_009439.png,2025-11-26T20:08:24,Sana
train_002196,Irrelevant / signature,,0.9583333333333334,كاتب الاسرار فيكتور شميل,ا,../data/muharaf_prepared_resized/train/train_002196.png,2025-11-26T20:08:27,Sana
train_009352,Irrelevant / signature,,0.9583333333333334,ولد سَيادتكم الخورى ىوسف,ي,../data/muharaf_prepared_resized/train/train_009352.png,2025-11-26T20:08:28,Sana
train_002077,Irrelevant / signature,,0.9583333333333334,محبّك محمد الحسين النجفي,ا,../data/muharaf_prepared_resized/train/train_002077.png,2025-11-26T20:08:29,Sana
train_016532,Irrelevant / signature,,0.9523809523809524,عضو سليم سعدالله سلوم,ع,../data/muharaf_prepared_resized/train/train_016532.png,2025-11-26T20:08:36,Sana
train_015335,Irrelevant / signature,,0.9473684210526316,عن عضو ملحم  سعيفان,ع,../data/muharaf_prepared_resized/train/train_015335.png,2025-11-26T20:08:37,Sana
train_014914,Valid but hard,,0.9473684210526316,مبلغ مية ليرة .....,.ان,../data/muharaf_prepared_resized/train/train_014914.png,2025-11-26T20:08:44,Sana
train_016144,Irrelevant / non-text,,0.9473684210526316,عضو حبيب نبهان ١٨٨٠,ع,../data/muharaf_prepared_resized/train/train_016144.png,2025-11-26T20:08:47,Sana
train_015370,Irrelevant / signature,,0.9444444444444444,عن عضو ملحم سعيفان,ع,../data/muharaf_prepared_resized/train/train_015370.png,2025-11-26T20:08:50,Sana
train_016145,Irrelevant / non-text,,0.9411764705882352,رىس سليم باز ١٨٨٣,ي,../data/muharaf_prepared_resized/train/train_016145.png,2025-11-26T20:08:55,Sana
train_016476,Segmentation error,,0.9411764705882352,عدد ٥٧٩٨	٢٤/١٢/٥٢,ع,../data/muharaf_prepared_resized/train/train_016476.png,2025-11-26T20:09:00,Sana
train_009521,Segmentation error,,0.9393939393939394,سهود محول عصى     موسَى البر عبدو,حو,../data/muharaf_prepared_resized/train/train_009521.png,2025-11-26T20:09:08,Sana
train_016597,Segmentation error,,0.9375,١٨٧ وذلك ٥٣/٩/١٨,١,../data/muharaf_prepared_resized/train/train_016597.png,2025-11-26T20:10:37,Sana
train_009636,Irrelevant / signature,,0.9375,ولد سيادتكم محاىل الحورى الدرىىى,لد,../data/muharaf_prepared_resized/train/train_009636.png,2025-11-26T20:10:43,Sana
train_017980,Script mismatch (non-Arabic),,0.9375,E.F.B. Peixe-Boi,-,../data/muharaf_prepared_resized/train/train_017980.png,2025-11-26T20:10:47,Sana
train_001637,Script mismatch (non-Arabic),,0.9375,516 Oriental Ave,5,../data/muharaf_prepared_resized/train/train_001637.png,2025-11-26T20:10:51,Sana
train_015738,Irrelevant / signature,,0.9333333333333332,تبلغت الياس جبر,ا,../data/muharaf_prepared_resized/train/train_015738.png,2025-11-26T20:11:02,Sana
train_016392,Irrelevant / signature,,0.9333333333333332,شاهد ميشال شماس,ا,../data/muharaf_prepared_resized/train/train_016392.png,2025-11-26T20:11:05,Sana
train_017994,Irrelevant / signature,,0.9333333333333332,مستمد دعاكم الخوري الياس ساسين,ال,../data/muharaf_prepared_resized/train/train_017994.png,2025-11-26T20:11:07,Sana
train_015985,Irrelevant / signature,,0.9305555555555556,داوود موسى دومط دوميط موسى دوميط واسعد وتوفيق وديبه هيلانه دوميط يوسف عن,ال ي ا,../data/muharaf_prepared_resized/train/train_015985.png,2025-11-26T20:11:16,Sana
train_009850,Irrelevant / non-text,,0.926829268292683,كنيسة مار جرجس القبيات - غوايا لجنة الوقف,ل ي,../data/muharaf_prepared_resized/train/train_009850.png,2025-11-26T20:11:21,Sana
train_001474,Script mismatch (non-Arabic),,0.9230769230769232,PHILADELPHIA.,BUSE,../data/muharaf_prepared_resized/train/train_001474.png,2025-11-26T20:11:26,Sana
train_016474,Irrelevant / signature,,0.9230769230769232,عضو حنون راشد,ع,../data/muharaf_prepared_resized/train/train_016474.png,2025-11-26T20:13:23,Sana
train_004675,Script mismatch (non-Arabic),,0.92,Il faut) une execution) -,Ho o,../data/muharaf_prepared_resized/train/train_004675.png,2025-11-26T20:13:32,Sana
train_017977,Segmentation error,,0.918918918918919,واصل لكم ضمن كتابي هذا صورة ولدي جوزف,ا ا,../data/muharaf_prepared_resized/train/train_017977.png,2025-11-26T20:13:44,Sana
train_015918,Irrelevant / signature,,0.9183673469387756,المقره بما فيه نجيبه زوجة فرحات مسَعود كسبار طرزا,ال ي,../data/muharaf_prepared_resized/train/train_015918.png,2025-11-26T20:13:50,Sana
train_012865,Irrelevant / non-text,,0.9166666666666666,الجمهوريّة اللبْنانيَة - وزارة الدَاخليّة محَافظة جبَل لبنان,ي ا ا,../data/muharaf_prepared_resized/train/train_012865.png,2025-11-26T20:13:52,Sana
train_016502,Irrelevant / non-text,,0.9166666666666666,رئيس لجنة مشاع سلعاتا اسطفان سلوم مامور فريد كرم,ل  ا,../data/muharaf_prepared_resized/train/train_016502.png,2025-11-26T20:13:54,Sana
train_008852,Irrelevant / signature,,0.9166666666666666,عبدالله ضاهر,ع,../data/muharaf_prepared_resized/train/train_008852.png,2025-11-26T20:13:57,Sana
train_014205,Irrelevant / signature,,0.9130434782608696,ىوسف طانيوس من الهلاليه,الو,../data/muharaf_prepared_resized/train/train_014205.png,2025-11-26T20:14:14,Sana
train_016718,Irrelevant / signature,,0.912280701754386,المقر بما فيه اصالة وولاية سابا جبرائيل نقولا كفور العربي,ال  ا,../data/muharaf_prepared_resized/train/train_016718.png,2025-11-26T20:14:36,Sana
train_007347,Script mismatch (non-Arabic),,0.9090909090909092,.    .    .,.,../data/muharaf_prepared_resized/train/train_007347.png,2025-11-26T20:14:42,Sana
train_010724,Script mismatch (non-Arabic),,0.9090909090909092,other story,Wo u,../data/muharaf_prepared_resized/train/train_010724.png,2025-11-26T20:14:48,Sana
train_000227,Irrelevant / non-text,,0.9090909090909092,قضاء كسروان,ووره,../data/muharaf_prepared_resized/train/train_000227.png,2025-11-26T20:14:55,Sana
train_013635,Irrelevant / signature,,0.9090909090909092,رىس ىلدية كفرشىما ىعوم دىب العارح,ي ر,../data/muharaf_prepared_resized/train/train_013635.png,2025-11-26T20:15:00,Sana
train_009227,Irrelevant / signature,,0.9090909090909092,الخوري الاسقفي  ارسانيوس الفاخوري,اخدي,../data/muharaf_prepared_resized/train/train_009227.png,2025-11-26T20:15:03,Sana
train_018375,Script mismatch (non-Arabic),,0.9090909090909092,Chey Housif,o,../data/muharaf_prepared_resized/train/train_018375.png,2025-11-26T20:15:13,Sana
train_014182,Segmentation error,,0.9090909090909092,1943/ عدد 1,١٣ ٣,../data/muharaf_prepared_resized/train/train_014182.png,2025-11-26T20:15:18,Sana
train_010671,Script mismatch (non-Arabic),,0.9090909090909092,514 West St,1,../data/muharaf_prepared_resized/train/train_010671.png,2025-11-26T20:15:24,Sana
train_013474,Irrelevant / signature,,0.90625,رىس بلدية كفرشيما ابراهىم الخىاط,ل ي,../data/muharaf_prepared_resized/train/train_013474.png,2025-11-26T20:16:18,Sana
train_016393,Irrelevant / signature,,0.9047619047619048,شاهد اسعد طنوس الشماس,ال ي,../data/muharaf_prepared_resized/train/train_016393.png,2025-11-26T20:16:20,Sana
train_010696,Script mismatch (non-Arabic),,0.9047619047619048,its a summer material,ma,../data/muharaf_prepared_resized/train/train_010696.png,2025-11-26T20:16:24,Sana
train_009190,Irrelevant / signature,,0.9032258064516128,الحورى انطون نعمان رئيس الديوان,س ري,../data/muharaf_prepared_resized/train/train_009190.png,2025-11-26T20:16:31,Sana
train_016717,Irrelevant / signature,,0.9019607843137256,المقر به وكاتب الوكيل الشرعي حنا سَابا جبرايل نقولا,الس ي,../data/muharaf_prepared_resized/train/train_016717.png,2025-11-26T20:16:36,Sana
train_014924,Valid but hard,,0.9017857142857144,باعث لتحرير ورقة اجيرنا ....حاضر ومحترف لرويد عبد الرحيم ولد مرحوم مشهد حسن .... دولت علية عالية ايران مقيم ....,ا الر م م ا,../data/muharaf_prepared_resized/train/train_014924.png,2025-11-26T20:16:55,Sana
train_010075,Irrelevant / signature,,0.9,نادر مخول نادر مخاىل,ال,../data/muharaf_prepared_resized/train/train_010075.png,2025-11-26T20:17:01,Sana
train_010685,Script mismatch (non-Arabic),,0.9,you called,o,../data/muharaf_prepared_resized/train/train_010685.png,2025-11-26T20:17:08,Sana
train_016596,Irrelevant / signature,,0.8978102189781022,اعضاء انطوان طربيه            شليطا الزين          حنا شاول منصور ضو                   حداد                                رئيس انطون حرب,الو          ن,../data/muharaf_prepared_resized/train/train_016596.png,2025-11-26T20:17:14,Sana
train_013495,Irrelevant / signature,,0.8947368421052632,عصو ىعوم دىب العارح,عضو,../data/muharaf_prepared_resized/train/train_013495.png,2025-11-26T20:17:16,Sana
train_018250,Segmentation error,,0.8947368421052632,Naja Frères Conakry,,../data/muharaf_prepared_resized/train/train_018250.png,2025-11-26T20:17:23,Sana
train_019502,Wrong transcription,,0.8947368421052632,الوطنية، السيادة القومية، الاستقلال ..,ل ا.,../data/muharaf_prepared_resized/train/train_019502.png,2025-11-26T20:17:34,Sana
train_000650,Orientation error,,0.8947368421052632,اللسان في شواذاتها،,ي ن,../data/muharaf_prepared_resized/train/train_000650.png,2025-11-26T20:17:39,Sana
train_005779,Script mismatch (non-Arabic),,0.8947368421052632,بالمنصورة MANSOURAH,رن B,../data/muharaf_prepared_resized/train/train_005779.png,2025-11-26T20:17:53,Sana
train_013488,Irrelevant / signature,,0.8947368421052632,عصو نعوم دىب القارح,عضو,../data/muharaf_prepared_resized/train/train_013488.png,2025-11-26T20:17:57,Sana
train_013494,Irrelevant / signature,,0.8947368421052632,عصو حلىل نعوم الرحى,عضو,../data/muharaf_prepared_resized/train/train_013494.png,2025-11-26T20:17:58,Sana
train_009238,Irrelevant / signature,,0.8928571428571429,الحورى الاسقفى محاىل الدرىىى,ريرولس,../data/muharaf_prepared_resized/train/train_009238.png,2025-11-26T20:18:14,Sana
train_010076,Irrelevant / signature,,0.8928571428571429,رئيس بلدية القبيات سلىم ضاهر,الني,../data/muharaf_prepared_resized/train/train_010076.png,2025-11-26T20:18:16,Sana
train_010064,Irrelevant / signature,,0.8888888888888888,ولد سيادتكم دكتور حبيب ضاهر,خوري,../data/muharaf_prepared_resized/train/train_010064.png,2025-11-26T20:18:16,Sana
train_008740,Irrelevant / signature,,0.8888888888888888,سمسوم الكفرون حلل لهما من رابع وسادس,س  ا,../data/muharaf_prepared_resized/train/train_008740.png,2025-11-26T20:18:18,Sana
train_000125,Valid but hard,,0.8888888888888888,عمي العزي,احف,../data/muharaf_prepared_resized/train/train_000125.png,2025-11-26T20:18:25,Sana
train_002311,Script mismatch (non-Arabic),,0.8888888888888888,OFFICE OF,O,../data/muharaf_prepared_resized/train/train_002311.png,2025-11-26T20:18:28,Sana
train_015954,Irrelevant / signature,,0.8823529411764706,لبيب الخوري 	فارس,كمار,../data/muharaf_prepared_resized/train/train_015954.png,2025-11-26T20:18:31,Sana
train_010037,Irrelevant / signature,,0.8823529411764706,الخوري يوحنا حبيب,والا,../data/muharaf_prepared_resized/train/train_010037.png,2025-11-26T20:18:36,Sana
train_018373,Script mismatch (non-Arabic),,0.8823529411764706,Guinee Frangruire,Mo Contlh,../data/muharaf_prepared_resized/train/train_018373.png,2025-11-26T20:18:42,Sana
train_016143,Irrelevant / non-text,,0.88,عضو حسين العلم الحاج يوسف,عضو,../data/muharaf_prepared_resized/train/train_016143.png,2025-11-26T20:18:55,Sana
train_004999,Script mismatch (non-Arabic),,0.8571428571428571,.Weslaco Texas,Wo,../data/muharaf_prepared_resized/train/train_004999.png,2025-11-26T20:20:24,Sana
train_020573,Script mismatch (non-Arabic),,0.8571428571428571,"11, Rue de Chabrol 11",d Bh,../data/muharaf_prepared_resized/train/train_020573.png,2025-11-26T20:20:26,Sana
train_000527,Irrelevant / signature,,0.8571428571428571,ودمت لاخيك امين فرحات,ال ي,../data/muharaf_prepared_resized/train/train_000527.png,2025-11-26T20:20:31,Sana
train_010699,Script mismatch (non-Arabic),,0.8571428571428571,Washington D.C,Wa,../data/muharaf_prepared_resized/train/train_010699.png,2025-11-26T20:20:33,Sana
train_002603,Irrelevant / non-text,,0.8571428571428571,المَملَكَة الحجازِيةّ,ا ينا بحس,../data/muharaf_prepared_resized/train/train_002603.png,2025-11-26T20:20:43,Sana
train_013492,Irrelevant / signature,,0.8571428571428571,عصو سعىد كىعان,عضو,../data/muharaf_prepared_resized/train/train_013492.png,2025-11-26T20:20:48,Sana
train_014010,Irrelevant / signature,,0.8571428571428571,نائب رئيس البلدية شكري كنعان,رسية,../data/muharaf_prepared_resized/train/train_014010.png,2025-11-26T20:20:51,Sana
train_008741,Segmentation error,,0.8529411764705882,وفسح لهما على مرتين في ٨ شباط ١٩١٢,ل   ا,../data/muharaf_prepared_resized/train/train_008741.png,2025-11-26T20:20:56,Sana
train_016479,Segmentation error,,0.85,مع الموافقه ٢٤/١٢/٥٢,دا نة ٢,../data/muharaf_prepared_resized/train/train_016479.png,2025-11-26T20:21:01,Sana
train_015953,Irrelevant / signature,,0.8461538461538461,اميل وكيل نقولا طنوس شلالا,و ول,../data/muharaf_prepared_resized/train/train_015953.png,2025-11-26T20:21:07,Sana
train_018734,Script mismatch (non-Arabic),,0.8448275862068966,"Shreveport, LA........................................1910",CoLA.....1.,../data/muharaf_prepared_resized/train/train_018734.png,2025-11-26T20:21:16,Sana
train_015837,Segmentation error,,0.8421052631578947,شهد بذلك مخايل عواذ,د ك,../data/muharaf_prepared_resized/train/train_015837.png,2025-11-26T20:21:25,Sana
train_010182,Irrelevant / signature,,0.8421052631578947,وردى الخورى زوجة الياس طنوس جبور قبيات,ال ا ا,../data/muharaf_prepared_resized/train/train_010182.png,2025-11-26T20:21:30,Sana
train_010815,Irrelevant / signature,,0.8333333333333334,خليل موسي نادر رعد,ال و,../data/muharaf_prepared_resized/train/train_010815.png,2025-11-26T20:21:31,Sana
train_018420,Valid but hard,,0.8333333333333334,تجاهكم,تبحن,../data/muharaf_prepared_resized/train/train_018420.png,2025-11-26T20:21:35,Sana
train_016471,Irrelevant / signature,,0.8333333333333334,عضو اديب شليطا حرب,عضو,../data/muharaf_prepared_resized/train/train_016471.png,2025-11-26T20:22:00,Sana
train_005838,Script mismatch (non-Arabic),,0.8333333333333334,GÉBAIL,EA,../data/muharaf_prepared_resized/train/train_005838.png,2025-11-26T20:22:03,Sana
train_016553,Segmentation error,,0.8333333333333334,١٨٢/ ١٨/٩/٥٣,١/٧,../data/muharaf_prepared_resized/train/train_016553.png,2025-11-26T20:22:11,Sana
train_009135,Segmentation error,,0.8333333333333334,٣٥٨/٧٠,ع٧,../data/muharaf_prepared_resized/train/train_009135.png,2025-11-26T20:22:13,Sana
train_000196,Segmentation error,,0.8333333333333334,شبلى بركات فرحات الدكتور,ى ال,../data/muharaf_prepared_resized/train/train_000196.png,2025-11-26T20:22:25,Sana
train_008935,Irrelevant / non-text,,0.8333333333333334,طنوسَ سَمعان,ر ي ا,../data/muharaf_prepared_resized/train/train_008935.png,2025-11-26T20:22:29,Sana
train_016535,Irrelevant / signature,,0.8333333333333334,عضو امين اسعد سلوم,عضو,../data/muharaf_prepared_resized/train/train_016535.png,2025-11-26T20:22:32,Sana
train_018232,Script mismatch (non-Arabic),,0.8333333333333334,Kindia,Ke,../data/muharaf_prepared_resized/train/train_018232.png,2025-11-26T20:22:35,Sana
train_020011,Irrelevant / signature,,0.8333333333333334,المطران يوسف دريان,يونن,../data/muharaf_prepared_resized/train/train_020011.png,2025-11-26T20:22:39,Sana
train_009271,Irrelevant / signature,,0.8333333333333334,كاتب انطوىىوس اىراهم سعد,طوسسف,../data/muharaf_prepared_resized/train/train_009271.png,2025-11-26T20:23:07,Sana
train_010672,Script mismatch (non-Arabic),,0.8333333333333334,Carthage N.Y,Cal,../data/muharaf_prepared_resized/train/train_010672.png,2025-11-26T20:23:10,Sana
train_014038,Irrelevant / signature,,0.8285714285714286,نائِب رئىس بلدية كفرشيما شكري كنعان,ا اية ا,../data/muharaf_prepared_resized/train/train_014038.png,2025-11-26T20:23:18,Sana
train_002344,Irrelevant / signature,,0.8275862068965517,ودمتم محروسين		 ١٣٤١	 ٢ ربيع٢,٣٣ وي ١,../data/muharaf_prepared_resized/train/train_002344.png,2025-11-26T20:23:28,Sana
train_002848,Irrelevant / non-text,,0.8275862068965517,المجلس الشرعى الاسلامى الاعلى,ال ي ا,../data/muharaf_prepared_resized/train/train_002848.png,2025-11-26T20:23:40,Sana
train_010767,Script mismatch (non-Arabic),,0.825,"P. O. BOX		Mannington, W. Va., 						189","ngtn, W",../data/muharaf_prepared_resized/train/train_010767.png,2025-11-26T20:23:44,Sana
train_002595,Valid but hard,,0.8235294117647058,السَلطَنَة النّجديّة ومُلحَقَاتَها,لين ي الي,../data/muharaf_prepared_resized/train/train_002595.png,2025-11-26T20:24:00,Sana
train_018711,Irrelevant / signature,,0.8235294117647058,فرنسيس لحود ونزها,وون,../data/muharaf_prepared_resized/train/train_018711.png,2025-11-26T20:24:03,Sana
train_009503,Irrelevant / signature,,0.8235294117647058,الحورى ىوحىا حىىب,الحد,../data/muharaf_prepared_resized/train/train_009503.png,2025-11-26T20:24:07,Sana
train_021235,Script mismatch (non-Arabic),,0.8181818181818182,Comeiciante,Wa Aipe,../data/muharaf_prepared_resized/train/train_021235.png,2025-11-26T20:24:10,Sana
train_000411,Script mismatch (non-Arabic),,0.8181818181818182,Roforidnova,Coaol,../data/muharaf_prepared_resized/train/train_000411.png,2025-11-26T20:24:14,Sana
train_015053,Wrong transcription,,0.8125,ورفيقهم خياط ...,وراهم خاط واستر ساد,../data/muharaf_prepared_resized/train/train_015053.png,2025-11-26T20:24:34,Sana
train_017976,Irrelevant / signature,,0.8125,اسعد درويش زكريا,روس  ن,../data/muharaf_prepared_resized/train/train_017976.png,2025-11-26T20:24:41,Sana
train_015938,Irrelevant / signature,,0.8076923076923077,موسى يعقوب طنوس دكريا طرزا,يوسي يدعو,../data/muharaf_prepared_resized/train/train_015938.png,2025-11-26T20:24:42,Sana
train_003349,Irrelevant / signature,,0.8076923076923077,الحقير الياس بطرس البطريرك,الطري,../data/muharaf_prepared_resized/train/train_003349.png,2025-11-26T20:24:43,Sana
train_002018,Valid but hard,,0.8,فليكس,باك,../data/muharaf_prepared_resized/train/train_002018.png,2025-11-26T20:24:47,Sana
train_015897,Valid but hard,,0.8,حرر / ١٣ ك٢ ٩٣٧,٣ ٣,../data/muharaf_prepared_resized/train/train_015897.png,2025-11-26T20:24:51,Sana
train_000215,Irrelevant / signature,,0.8,نصار طانيوس السمراني,طانيد,../data/muharaf_prepared_resized/train/train_000215.png,2025-11-26T20:24:57,Sana
train_011954,Wrong transcription,,0.8,٣  لك,٣,../data/muharaf_prepared_resized/train/train_011954.png,2025-11-26T20:25:03,Sana
train_020574,Script mismatch (non-Arabic),,0.8,Paris,s,../data/muharaf_prepared_resized/train/train_020574.png,2025-11-26T20:25:06,Sana
train_008816,Irrelevant / signature,,0.8,الخوري بطرس حسن,موسر ا ا,../data/muharaf_prepared_resized/train/train_008816.png,2025-11-26T20:25:21,Sana
train_010700,Script mismatch (non-Arabic),,0.8,20017,11,../data/muharaf_prepared_resized/train/train_010700.png,2025-11-26T20:25:26,Sana
train_002736,Script mismatch (non-Arabic),,0.8,DEC 14 '29,EA-22,../data/muharaf_prepared_resized/train/train_002736.png,2025-11-26T20:25:29,Sana
train_004674,Valid but hard,,0.8,مَطرَانيَّة بَيروت المارونيَّة,ا ايا ال,../data/muharaf_prepared_resized/train/train_004674.png,2025-11-26T20:25:48,Sana
train_009282,Irrelevant / signature,,0.8,الياس طنوس اسعد,طوسف,../data/muharaf_prepared_resized/train/train_009282.png,2025-11-26T20:25:51,Sana
train_005582,Valid but hard,,0.8,مبارك,حياام,../data/muharaf_prepared_resized/train/train_005582.png,2025-11-26T20:25:57,Sana
train_016650,Segmentation error,,0.8,صدر بـ ١٨٢,عد ٥,../data/muharaf_prepared_resized/train/train_016650.png,2025-11-26T20:26:04,Sana
train_010058,Segmentation error,,0.7966101694915254,١٨ اب سنة ٩٢٨ ولد سيادتكم مدبر القبيات بطرس كرم ولد سيادتكم,١ ٩٢ ولدس  ا,../data/muharaf_prepared_resized/train/train_010058.png,2025-11-26T20:26:09,Sana
train_015739,Segmentation error,,0.7941176470588235,عدد ٥٩٧ الى القلم ٢٠ تشرين اول ٩٢٧,عند  حقم ١,../data/muharaf_prepared_resized/train/train_015739.png,2025-11-26T20:26:38,Sana
train_013661,Irrelevant / signature,,0.7916666666666666,رئىس البلدية ىعوم العارح,ا الي ش,../data/muharaf_prepared_resized/train/train_013661.png,2025-11-26T20:26:45,Sana
train_010687,Script mismatch (non-Arabic),,0.7916666666666666,We'll meet her in Syracu,e   a,../data/muharaf_prepared_resized/train/train_010687.png,2025-11-26T20:26:48,Sana
train_017975,Irrelevant / signature,,0.7916666666666666,باقي بوي في اذار سنة ٩٢١,ياس  ٢,../data/muharaf_prepared_resized/train/train_017975.png,2025-11-26T20:26:53,Sana
train_016446,Irrelevant / signature,,0.7916666666666666,كاتب جرجسَ روحانا باسَيل,ر حاا,../data/muharaf_prepared_resized/train/train_016446.png,2025-11-26T20:26:56,Sana
train_014935,Valid but hard,,0.7899159663865546,إقرار واعتراف صحح شرع بنمو بطوع رضا ورغبت خودخالي ... موانع شرعية وعرفية اجير وادم نفس خود العمل زورخانة كارسرور شيكاغو,ا     غرا رغب رض الربج والا وا,../data/muharaf_prepared_resized/train/train_014935.png,2025-11-26T20:27:04,Sana
train_000213,Irrelevant / signature,,0.7894736842105263,انطوان نصار السمراني حنا طنوس السمراني,ا  حاط  ي,../data/muharaf_prepared_resized/train/train_000213.png,2025-11-26T20:27:10,Sana
train_000182,Irrelevant / signature,,0.7878787878787878,الاخ اسطفان    فرحات فرح يوسف جاج,ا ة را ر,../data/muharaf_prepared_resized/train/train_000182.png,2025-11-26T20:27:20,Sana
train_014915,Wrong transcription,,0.7857142857142857,..... على ولده خير الله ....,ا خيله رسة ر,../data/muharaf_prepared_resized/train/train_014915.png,2025-11-26T20:27:29,Sana
train_018587,Irrelevant / signature,,0.7857142857142857,اخوكم رحمى رعد,رام ال ا,../data/muharaf_prepared_resized/train/train_018587.png,2025-11-26T20:27:36,Sana
train_003501,Script mismatch (non-Arabic),,0.7857142857142857,-١- BEK1A-27 1,ES2A-5,../data/muharaf_prepared_resized/train/train_003501.png,2025-11-26T20:27:40,Sana
train_010686,Script mismatch (non-Arabic),,0.782608695652174,Freeda's coming tonight,Tr cng,../data/muharaf_prepared_resized/train/train_010686.png,2025-11-26T20:27:42,Sana
train_018611,Script mismatch (non-Arabic),,0.782608695652174,SAN ANTONIO. TEXAS. 190,"SAA. ,",../data/muharaf_prepared_resized/train/train_018611.png,2025-11-26T20:27:43,Sana
train_014192,Irrelevant / signature,,0.782608695652174,محرر الاحرف ناصيف منصور,ا ير الر,../data/muharaf_prepared_resized/train/train_014192.png,2025-11-26T20:27:50,Sana
train_018978,Script mismatch (non-Arabic),,0.7777777777777778,PROP. T. REDACTEUR,POR E,../data/muharaf_prepared_resized/train/train_018978.png,2025-11-26T20:27:54,Sana
train_005990,Script mismatch (non-Arabic),,0.7777777777777778,TEL. 7516,E58,../data/muharaf_prepared_resized/train/train_005990.png,2025-11-26T20:27:55,Sana
train_015732,Segmentation error,,0.7777777777777778,نومرو ٥٥٥,٥٥,../data/muharaf_prepared_resized/train/train_015732.png,2025-11-26T20:27:59,Sana
train_013485,Irrelevant / signature,,0.7777777777777778,عصو واكىم,عضو,../data/muharaf_prepared_resized/train/train_013485.png,2025-11-26T20:28:03,Sana
train_000441,Script mismatch (non-Arabic),,0.7777777777777778,"Bell Phone, 1706 W",Ce Pe,../data/muharaf_prepared_resized/train/train_000441.png,2025-11-26T20:28:14,Sana
train_014937,Wrong transcription,,0.7777777777777778,..................,... .,../data/muharaf_prepared_resized/train/train_014937.png,2025-11-26T20:28:21,Sana
train_009109,Valid but hard,,0.7769784172661871,محول حور                     سلىم دفون                               ىوسف حىا                حود ىوسف                           الحورى موسى,مجول صور م دو  سس حودوس الحورى موس,../data/muharaf_prepared_resized/train/train_009109.png,2025-11-26T20:28:39,Sana
train_009209,Irrelevant / signature,,0.7741935483870968,ولدكم الحورى ىوسف الحاح القىىات,لم ى  ا,../data/muharaf_prepared_resized/train/train_009209.png,2025-11-26T20:28:43,Sana
train_010900,Valid but hard,,0.7692307692307693,حضرة الاجل الاكرم الخواجه اسَعد بطرسَ موسَى نادر الافخم ادام بقاه,ة   وي اور الم ال,../data/muharaf_prepared_resized/train/train_010900.png,2025-11-26T20:28:52,Sana
train_009082,Valid but hard,,0.7692307692307693,اىراهم عسى عىود  موسى قسطون ىوسف سمعان اىرهم اسكندر اعناطىوس حصر ابراهيم عىد  مخاىل الحورى محايل الدرىىى,ل   سى س    شكو و ا     ا ا,../data/muharaf_prepared_resized/train/train_009082.png,2025-11-26T20:29:07,Sana
train_013461,Script mismatch (non-Arabic),,0.7692307692307693,Wafaa EL-Murr,WaL,../data/muharaf_prepared_resized/train/train_013461.png,2025-11-26T20:29:10,Sana
train_020861,Script mismatch (non-Arabic),,0.7666666666666667,"Monteria, de 9 Febrero de 1921",Woa   i Boe,../data/muharaf_prepared_resized/train/train_020861.png,2025-11-26T20:29:36,Sana
train_001683,Script mismatch (non-Arabic),,0.7647058823529411,"AL-ISLAH ""Reform""","A ""R",../data/muharaf_prepared_resized/train/train_001683.png,2025-11-26T20:29:39,Sana
train_009020,Irrelevant / signature,,0.7619047619047619,ولد سَيادكم نادر عبدو,سم اياال ا,../data/muharaf_prepared_resized/train/train_009020.png,2025-11-26T20:29:42,Sana
train_008213,Script mismatch (non-Arabic),,0.7619047619047619,JPK2B-57							2 		(٢,JPK2-),../data/muharaf_prepared_resized/train/train_008213.png,2025-11-26T20:29:47,Sana
train_013575,Irrelevant / signature,,0.7619047619047619,المقاول ابرهيم الخياط,ر اللقاي,../data/muharaf_prepared_resized/train/train_013575.png,2025-11-26T20:29:50,Sana
train_000214,Valid but hard,,0.76,١٩٦١ فى ٢٨ تشرين اول ١٩٦١,١٣٤ ١٩ يش ٩٧,../data/muharaf_prepared_resized/train/train_000214.png,2025-11-26T20:29:58,Sana
train_016415,Script mismatch (non-Arabic),,0.76,"عدد ١٧٧٨					Beyrouth, le",عد١	Brr,../data/muharaf_prepared_resized/train/train_016415.png,2025-11-26T20:30:03,Sana
train_001293,Script mismatch (non-Arabic),,0.7586206896551724,FORT WAYNE.IND. aug 1 21 1900,FANT.  1,../data/muharaf_prepared_resized/train/train_001293.png,2025-11-26T20:30:05,Sana
train_010091,Irrelevant / signature,,0.7586206896551724,رئيس بلدية القبيات  سليم ضاهر,م ليدية ال,../data/muharaf_prepared_resized/train/train_010091.png,2025-11-26T20:30:10,Sana
train_019188,Valid but hard,,0.75,دانى,حدوان,../data/muharaf_prepared_resized/train/train_019188.png,2025-11-26T20:30:21,Sana
train_001275,Script mismatch (non-Arabic),,0.75,B J.,Jر,../data/muharaf_prepared_resized/train/train_001275.png,2025-11-26T20:30:26,Sana
train_002905,Script mismatch (non-Arabic),,0.75,Kleiststr.19,Kl1,../data/muharaf_prepared_resized/train/train_002905.png,2025-11-26T20:30:28,Sana
train_015920,Segmentation error,,0.75,سَعيد فريق الياسَ طرزآ	انطانيوسَ منصور نهرا طرزا		فرحات مسعود كسبار طرزا,لي  اطاي ا منو   دد    رن,../data/muharaf_prepared_resized/train/train_015920.png,2025-11-26T20:30:37,Sana
train_001657,Script mismatch (non-Arabic),,0.75,Hotel Dennis,Koni,../data/muharaf_prepared_resized/train/train_001657.png,2025-11-26T20:30:42,Sana
train_010510,Valid but hard,,0.75,خوك.,حوو,../data/muharaf_prepared_resized/train/train_010510.png,2025-11-26T20:30:53,Sana
train_005001,Script mismatch (non-Arabic),,0.75,.U. S. A,..,../data/muharaf_prepared_resized/train/train_005001.png,2025-11-26T20:31:01,Sana
train_006042,Script mismatch (non-Arabic),,0.75,ES1D-18    1,EA11,../data/muharaf_prepared_resized/train/train_006042.png,2025-11-26T20:31:08,Sana
train_002903,Script mismatch (non-Arabic),,0.75,Daoud Mujaés,Co a,../data/muharaf_prepared_resized/train/train_002903.png,2025-11-26T20:31:09,Sana
train_009475,Valid but hard,,0.75,الضهر -      ⸗        ⸗        ⸗,الضهر ⸗                                             ⸗,../data/muharaf_prepared_resized/train/train_009475.png,2025-11-26T20:31:13,Sana
train_015826,Valid but hard,,0.75,مزهر,ضره,../data/muharaf_prepared_resized/train/train_015826.png,2025-11-26T20:31:22,Sana
train_002000,Valid but hard,,0.75,للمراجعة,ااج,../data/muharaf_prepared_resized/train/train_002000.png,2025-11-26T20:31:25,Sana
train_005042,Valid but hard,,0.75,بولس,لبوي,../data/muharaf_prepared_resized/train/train_005042.png,2025-11-26T20:31:31,Sana
train_012603,Script mismatch (non-Arabic),,0.75,1_MUKF1B,MG21,../data/muharaf_prepared_resized/train/train_012603.png,2025-11-26T20:31:35,Sana
train_020841,Script mismatch (non-Arabic),,0.75,CARTAGENA (COLOMBIA),RERE PO),../data/muharaf_prepared_resized/train/train_020841.png,2025-11-26T20:31:40,Sana
train_020848,Script mismatch (non-Arabic),,0.75,delg,g,../data/muharaf_prepared_resized/train/train_020848.png,2025-11-26T20:31:42,Sana
train_010698,Script mismatch (non-Arabic),,0.75,3900 Hartwood Rd N.E,90 Ha,../data/muharaf_prepared_resized/train/train_010698.png,2025-11-26T20:32:04,Sana
train_014076,Irrelevant / signature,,0.7428571428571429,نائب رئيسَ بلدية كفرشيما شكري كنعان,ريس لي  ن,../data/muharaf_prepared_resized/train/train_014076.png,2025-11-26T20:32:19,Sana
train_000419,Script mismatch (non-Arabic),,0.7407407407407407,gold-Coast Colonf A. Africa,oC Conf,../data/muharaf_prepared_resized/train/train_000419.png,2025-11-26T20:32:22,Sana
train_015901,Irrelevant / signature,,0.7368421052631579,حنا يونس عبود جربتا,ود جوينا,../data/muharaf_prepared_resized/train/train_015901.png,2025-11-26T20:32:28,Sana
train_000183,Irrelevant / signature,,0.7333333333333333,شهود شبلي بركات,بيع بر,../data/muharaf_prepared_resized/train/train_000183.png,2025-11-26T20:32:32,Sana
train_016699,Irrelevant / signature,,0.7333333333333333,كرم حنا الشويري,روم نا,../data/muharaf_prepared_resized/train/train_016699.png,2025-11-26T20:32:34,Sana
train_010670,Script mismatch (non-Arabic),,0.7333333333333333,Mr Toufee Ellis,Hor To o,../data/muharaf_prepared_resized/train/train_010670.png,2025-11-26T20:32:43,Sana
train_016576,Irrelevant / signature,,0.7333333333333333,اعضاء  انطون طربيه       شليطا الزين     حنا شاول  منصور ضو    طري         رئيس  انطون حرب,الح                    حو,../data/muharaf_prepared_resized/train/train_016576.png,2025-11-26T20:32:46,Sana
train_008466,Segmentation error,,0.7303370786516854,مستمد الدعا ولدكم           مستمد الدعا ولدكم    مستمد الدعا مدبر اول  الحورى ىوسف اسكىدر,ول           اوى و  اوى  و,../data/muharaf_prepared_resized/train/train_008466.png,2025-11-26T20:32:53,Sana
train_002947,Script mismatch (non-Arabic),,0.7272727272727273,Proffessor Krachkovsky,Wor Caiaky,../data/muharaf_prepared_resized/train/train_002947.png,2025-11-26T20:33:15,Sana
train_015942,Irrelevant / signature,,0.7272727272727273,فرحات مسعود كسبار طرزا,ار معور,../data/muharaf_prepared_resized/train/train_015942.png,2025-11-26T20:33:22,Sana
train_011161,Wrong transcription,,0.7272727272727273,اننا نعرف القطعة الأرض تمامًا وكفى قد افتكرنا ان تشبلون,جهة ما اوصاكم يوسف رجال افيدكم تعم اننا تعرف القطعة الأرض تماماً وكن قد افتكرنا ان تشبلون,../data/muharaf_prepared_resized/train/train_011161.png,2025-11-26T20:33:33,Sana
train_013557,Segmentation error,,0.723404255319149,تحريراً في اول شباط سنة ٩٣٠ رئيسَ ابرهىم الحىاط,راي اول شبا ن,../data/muharaf_prepared_resized/train/train_013557.png,2025-11-26T20:33:50,Sana
train_010864,Irrelevant / signature,,0.7222222222222222,خليل يوسف نادر رعد,الي وسى,../data/muharaf_prepared_resized/train/train_010864.png,2025-11-26T20:33:54,Sana
train_002650,Segmentation error,,0.7222222222222222,١٣٤٦ ٦ جماد الثانى,جا ال٣,../data/muharaf_prepared_resized/train/train_002650.png,2025-11-26T20:34:03,Sana
train_016623,Irrelevant / signature,,0.7222222222222222,نائب ريس فارس بولس,ار يقول,../data/muharaf_prepared_resized/train/train_016623.png,2025-11-26T20:34:07,Sana
train_002827,Irrelevant / signature,,0.7222222222222222,محمد الحسين النجفي,حين ن,../data/muharaf_prepared_resized/train/train_002827.png,2025-11-26T20:34:09,Sana
train_010665,Script mismatch (non-Arabic),,0.7142857142857143,ADDRESS,ARA,../data/muharaf_prepared_resized/train/train_010665.png,2025-11-26T20:34:12,Sana
train_014674,Irrelevant / non-text,,0.7142857142857143,*  *  *,**,../data/muharaf_prepared_resized/train/train_014674.png,2025-11-26T20:34:15,Sana
train_018113,Script mismatch (non-Arabic),,0.7142857142857143,FILIAL:,IL,../data/muharaf_prepared_resized/train/train_018113.png,2025-11-26T20:34:21,Sana
train_018908,Segmentation error,,0.7142857142857143,فضل الله سلامه,فضلاب,../data/muharaf_prepared_resized/train/train_018908.png,2025-11-26T20:34:39,Sana
train_001236,Script mismatch (non-Arabic),,0.7142857142857143,The Farm House,To a a,../data/muharaf_prepared_resized/train/train_001236.png,2025-11-26T20:34:44,Sana
train_013491,Irrelevant / signature,,0.7142857142857143,عضو ناىف واكىم,عضوا,../data/muharaf_prepared_resized/train/train_013491.png,2025-11-26T20:34:48,Sana
train_016687,Irrelevant / signature,,0.7083333333333334,لطوف فرح 	حنا خوري ناصيف,طوف  حو,../data/muharaf_prepared_resized/train/train_016687.png,2025-11-26T20:34:52,Sana
train_010680,Script mismatch (non-Arabic),,0.7083333333333334,Greeting from CopKennedy,in om Ca,../data/muharaf_prepared_resized/train/train_010680.png,2025-11-26T20:34:54,Sana
train_017990,Script mismatch (non-Arabic),,0.7058823529411765,Collège Stanislas,Moi Saoka,../data/muharaf_prepared_resized/train/train_017990.png,2025-11-26T20:34:56,Sana
train_014927,Wrong transcription,,0.7058823529411765,...تغره بزنم وتخلف ورزم وركدم ... فقدًا ازطرق ...رح أيام ... مصروف..,م م رم وبركم ا فقاً انروف مالة حن رقتة ا      .,../data/muharaf_prepared_resized/train/train_014927.png,2025-11-26T20:35:11,Sana
train_013549,Irrelevant / signature,,0.7037037037037037,رئيس البلدية ابراهىم الحىاط,ئسة البري  ن,../data/muharaf_prepared_resized/train/train_013549.png,2025-11-26T20:35:36,Sana
train_010722,Script mismatch (non-Arabic),,0.7027027027027027,I been trying to catch the song about,t to a e to th,../data/muharaf_prepared_resized/train/train_010722.png,2025-11-26T20:35:41,Sana
train_018822,Segmentation error,,0.7,عدد ١ ص #١,عدد,../data/muharaf_prepared_resized/train/train_018822.png,2025-11-26T20:36:44,Sana
train_005285,Segmentation error,,0.7,٩٣١/ ١٠ ت١,١٣٤ ١,../data/muharaf_prepared_resized/train/train_005285.png,2025-11-26T20:36:48,Sana
train_016700,Wrong transcription,,0.7,شهود الحال,ودل,../data/muharaf_prepared_resized/train/train_016700.png,2025-11-26T20:36:56,Sana
train_007636,Script mismatch (non-Arabic),,0.7,JEH2E1-411,YS2-42,../data/muharaf_prepared_resized/train/train_007636.png,2025-11-26T20:37:00,Sana
train_014178,Irrelevant / signature,,0.6956521739130435,نائب الرئيسَ شكري كنعان,ريسَ شن,../data/muharaf_prepared_resized/train/train_014178.png,2025-11-26T20:37:04,Sana
train_016469,Irrelevant / signature,,0.6923076923076923,عضو قيصر داغر,عضو حو,../data/muharaf_prepared_resized/train/train_016469.png,2025-11-26T20:37:07,Sana
train_001234,Script mismatch (non-Arabic),,0.6923076923076923,Ameen My Dear,Ao  Ca,../data/muharaf_prepared_resized/train/train_001234.png,2025-11-26T20:37:13,Sana
train_014270,Segmentation error,,0.6923076923076923,الوجه السَابق,الوج,../data/muharaf_prepared_resized/train/train_014270.png,2025-11-26T20:37:25,Sana
train_013629,Segmentation error,,0.6875,٨ حزيران سنة ٩٣١,١حزران,../data/muharaf_prepared_resized/train/train_013629.png,2025-11-26T20:37:31,Sana
train_000440,Script mismatch (non-Arabic),,0.6875,B.G. CONSTANTINE,BTATTN,../data/muharaf_prepared_resized/train/train_000440.png,2025-11-26T20:37:35,Sana
train_016620,Segmentation error,,0.6875,لجنة الاصل سكرتر,طبسة الري,../data/muharaf_prepared_resized/train/train_016620.png,2025-11-26T20:37:44,Sana
train_018979,Script mismatch (non-Arabic),,0.6875,JOSEPH F. SALAMI,FOS A M,../data/muharaf_prepared_resized/train/train_018979.png,2025-11-26T20:37:48,Sana
train_011833,Irrelevant / signature,,0.6875,الداعي مرشد حبشي,الداع,../data/muharaf_prepared_resized/train/train_011833.png,2025-11-26T20:37:50,Sana
train_009894,Segmentation error,,0.6867469879518072,"١- كل مشروع خيري يعود لمجد الله ولخير الشعب, لا بدّ له من اشخاصٍ غُيُرِ متجردين ذوي",ي جود الحيد الله وحتر الفي الادية ملن ا,../data/muharaf_prepared_resized/train/train_009894.png,2025-11-26T20:38:05,Sana
train_010688,Script mismatch (non-Arabic),,0.6842105263157895,se 7.30 nothing new,70 nht o,../data/muharaf_prepared_resized/train/train_010688.png,2025-11-26T20:38:09,Sana
train_002310,Irrelevant / signature,,0.6842105263157895,اخيك ايليا ابو ماضي,ابو ا ي,../data/muharaf_prepared_resized/train/train_002310.png,2025-11-26T20:38:14,Sana
train_018088,Segmentation error,,0.6818181818181818,ليفورنو ٢٠ حزيران ١٩٢٤,ليقودنو ٢,../data/muharaf_prepared_resized/train/train_018088.png,2025-11-26T20:38:18,Sana
train_013520,Segmentation error,,0.6744186046511628,٢ اذار سنة ١٩٣٠ رئىس البلدية ابراهىم الحىاط,١٢ - رئش البلدي ال,../data/muharaf_prepared_resized/train/train_013520.png,2025-11-26T20:38:22,Sana
train_002936,Script mismatch (non-Arabic),,0.6666666666666666,Mr Ameen Rihani,Mie an,../data/muharaf_prepared_resized/train/train_002936.png,2025-11-26T20:38:27,Sana
train_005996,Valid but hard,,0.6666666666666666,دىب,دل,../data/muharaf_prepared_resized/train/train_005996.png,2025-11-26T20:38:31,Sana
train_015093,Valid but hard,,0.6666666666666666,ومنهم أهالي عانه ووففد ذلك منهم أنصاره نحو...,هم ن و. وهم ن.ا. حو,../data/muharaf_prepared_resized/train/train_015093.png,2025-11-26T20:38:42,Sana
train_005995,Script mismatch (non-Arabic),,0.6666666666666666,2RUE LENOTRE,2 NE,../data/muharaf_prepared_resized/train/train_005995.png,2025-11-26T20:38:45,Sana
train_015863,Segmentation error,,0.6666666666666666,عضو,دعضم,../data/muharaf_prepared_resized/train/train_015863.png,2025-11-26T20:39:03,Sana
train_020840,Script mismatch (non-Arabic),,0.6666666666666666,Casa Principal:,Ca cp,../data/muharaf_prepared_resized/train/train_020840.png,2025-11-26T20:39:06,Sana
train_018607,Script mismatch (non-Arabic),,0.6666666666666666,SYRIAN ASSOCIATION,IN AOO,../data/muharaf_prepared_resized/train/train_018607.png,2025-11-26T20:39:18,Sana
train_014939,Valid but hard,,0.6666666666666666,.... ليرة عين ياجميع مخارج جزئية وكلية زاد راحله سفر وحضرات اكل وشرب مراكل مرائية دوايّ واجاره منازل ....,.      ة ي ورا اله سر وحضرا ك شر و       .,../data/muharaf_prepared_resized/train/train_014939.png,2025-11-26T20:39:36,Sana
train_019499,Irrelevant / non-text,,0.6666666666666666,...,.,../data/muharaf_prepared_resized/train/train_019499.png,2025-11-26T20:39:46,Sana
train_019993,Script mismatch (non-Arabic),,0.6666666666666666,7-6-17,117,../data/muharaf_prepared_resized/train/train_019993.png,2025-11-26T20:40:13,Sana
train_011690,Script mismatch (non-Arabic),,0.6666666666666666,PRES BEYROUTH (SYRIC),E EET SATR),../data/muharaf_prepared_resized/train/train_011690.png,2025-11-26T20:40:15,Sana
train_011834,Script mismatch (non-Arabic),,0.6666666666666666,4/4,4,../data/muharaf_prepared_resized/train/train_011834.png,2025-11-26T20:40:19,Sana
train_014779,Valid but hard,,0.6666666666666666,شرانق؟...,شفوافق؟,../data/muharaf_prepared_resized/train/train_014779.png,2025-11-26T20:40:23,Sana
train_013372,Irrelevant / signature,,0.6666666666666666,جورج داغر,جواد,../data/muharaf_prepared_resized/train/train_013372.png,2025-11-26T20:40:33,Sana
train_014490,Script mismatch (non-Arabic),,0.6666666666666666,14/5/2011,1/00,../data/muharaf_prepared_resized/train/train_014490.png,2025-11-26T20:40:41,Sana
train_014191,Segmentation error,,0.6666666666666666,شهودات الحال,ودات,../data/muharaf_prepared_resized/train/train_014191.png,2025-11-26T20:40:50,Sana
train_002733,Script mismatch (non-Arabic),,0.6666666666666666,LENINGRAD,LELD,../data/muharaf_prepared_resized/train/train_002733.png,2025-11-26T20:40:53,Sana
train_001698,Valid but hard,,0.6666666666666666,وقت,ورفت,../data/muharaf_prepared_resized/train/train_001698.png,2025-11-26T20:40:57,Sana
train_018977,Script mismatch (non-Arabic),,0.6666666666666666,REVUE (JUPITER),MERYITR),../data/muharaf_prepared_resized/train/train_018977.png,2025-11-26T20:41:01,Sana
train_008443,Wrong transcription,,0.6666666666666666,حىا,حص,../data/muharaf_prepared_resized/train/train_008443.png,2025-11-26T20:41:58,Sana
train_001686,Script mismatch (non-Arabic),,0.6666666666666666,Shibli N. Damus,Soi. m,../data/muharaf_prepared_resized/train/train_001686.png,2025-11-26T20:42:07,Sana
train_000412,Script mismatch (non-Arabic),,0.6666666666666666,(2),),../data/muharaf_prepared_resized/train/train_000412.png,2025-11-26T20:42:10,Sana
train_012489,Valid but hard,,0.6666666666666666,علي,بملي,../data/muharaf_prepared_resized/train/train_012489.png,2025-11-26T20:42:14,Sana
train_003824,Valid but hard,,0.6521739130434783,عيني واهديك شوق مني جار,وهو ووفي بار,../data/muharaf_prepared_resized/train/train_003824.png,2025-11-26T20:42:29,Sana
train_002659,Valid but hard,,0.6521739130434783,بسمِ الله الرحمن الرحيم,ي ا ل الر,../data/muharaf_prepared_resized/train/train_002659.png,2025-11-26T20:42:32,Sana
train_003791,Segmentation error,,0.65,طفلتك الحبيبة مرغريت,طعل الية,../data/muharaf_prepared_resized/train/train_003791.png,2025-11-26T20:42:39,Sana
train_014194,Segmentation error,,0.65,ضاهر موسَى من كفيفان,خار موسى,../data/muharaf_prepared_resized/train/train_014194.png,2025-11-26T20:42:42,Sana
train_015939,Irrelevant / signature,,0.65,يوسف داود الياس طرزا,يوسف دا,../data/muharaf_prepared_resized/train/train_015939.png,2025-11-26T20:42:46,Sana
train_014929,Valid but hard,,0.6494845360824743,...ولجهة اطمينان دل مستاجر خودم حجر رحبعلي ولد أبو طالب صراف طهراني داكه اوساكنين كربلاد ... دولت,م التان ولس با جزوم جر جعيل ولدا ب طل طرا ط و ا    ت,../data/muharaf_prepared_resized/train/train_014929.png,2025-11-26T20:42:51,Sana
train_012681,Segmentation error,,0.6486486486486487,صيانة مصابيح الكهرباء والأناره العامة,وصانية صايح البكربة,../data/muharaf_prepared_resized/train/train_012681.png,2025-11-26T20:43:07,Sana
train_020690,Valid but hard,,0.6486486486486487,وبعدن جاء المونسينيور الوف عديدة فكان,بعدن حاءاقط ال الديع,../data/muharaf_prepared_resized/train/train_020690.png,2025-11-26T20:43:12,Sana
train_012285,Script mismatch (non-Arabic),,0.6470588235294118,MK2A-77         ٢,MK2A-72,../data/muharaf_prepared_resized/train/train_012285.png,2025-11-26T20:43:37,Sana
train_014111,Irrelevant / signature,,0.6470588235294118,نائب رئيس بلدية كفرشيما شكري كنعان,رئي لبرين كرين,../data/muharaf_prepared_resized/train/train_014111.png,2025-11-26T20:43:40,Sana
train_002747,Script mismatch (non-Arabic),,0.6470588235294118,Ign. Kratchkovsky,Hoathovk,../data/muharaf_prepared_resized/train/train_002747.png,2025-11-26T20:43:43,Sana
train_018715,Valid but hard,,0.6455696202531646,ارجوك بان تطمن اخي وشقيقتي وسَيديَّ العم والحبيبين اديب ويزبك وكفاة العائلة عنا,و ن ن ي يننتية سي لعم المري الي وا   ل,../data/muharaf_prepared_resized/train/train_018715.png,2025-11-26T20:43:48,Sana
train_016227,Valid but hard,,0.6453900709219859,من محكمه بداية قضا البترون يعرض على عزتلو قايمقام الافخم لكى غب اجراي يسَلم لكل فريق نسخة تحرراً فى ١٥ ربيع اول /٣٠٥ وفى ١٨ تشرين الثانى /٣٠٣,ممن ة ن رة ا الى علعروى شريا الوا فم الكف البر ا اي السي اسَر ف ر و اى الاى الانة ٣٠٣,../data/muharaf_prepared_resized/train/train_016227.png,2025-11-26T20:43:52,Sana
train_014936,Wrong transcription,,0.6428571428571429,..............,... ..,../data/muharaf_prepared_resized/train/train_014936.png,2025-11-26T20:43:59,Sana
train_000813,Script mismatch (non-Arabic),,0.6428571428571429,(1) Ch-André Julien: Histoire de l’Afrique,1idé Jen ie ies ’qoe,../data/muharaf_prepared_resized/train/train_000813.png,2025-11-26T20:44:03,Sana
train_012350,Valid but hard,,0.6428571428571429,في عامه السادس,في  ا,../data/muharaf_prepared_resized/train/train_012350.png,2025-11-26T20:44:08,Sana
train_008721,Valid but hard,,0.6428571428571429,رضاكم وبما يلزم خدم شرفو ولدكم واكرار لثم اناملكم ثانياً وثالثاً  فى ٢ اب ٩١٢                                                                   ولد سىادكم,اكم يما يلكم خدم شروف ولكم واكرار لة اناملكم تابيا وثلنا ا ي السة٠ سدا,../data/muharaf_prepared_resized/train/train_008721.png,2025-11-26T20:44:11,Sana
train_020847,Script mismatch (non-Arabic),,0.6428571428571429,"Cartagena, (APARTADO, NO Q1)","CamAPRa, N )",../data/muharaf_prepared_resized/train/train_020847.png,2025-11-26T20:44:14,Sana
train_008699,Valid but hard,,0.6428571428571429,اكرر لثم اناملكم اول وثاني وثالث واطال الله ايام رياستكم  فى ٢٩ ت١ ٩١٤                                                                         مستمد الدعى,اكرر ثم انا ملكم اول وثاني وثالث وكال الله يام دياستكم ف   نة,../data/muharaf_prepared_resized/train/train_008699.png,2025-11-26T20:44:18,Sana
train_010552,Script mismatch (non-Arabic),,0.6428571428571429,To your mother,To too,../data/muharaf_prepared_resized/train/train_010552.png,2025-11-26T20:44:21,Sana
train_008481,Irrelevant / signature,,0.6428571428571429,الحورى ىوسف حىا القىات   الحورى ىوسف مرعب     الحورى  الحورى ىوسف ىراهم   الحورى حىا الحورى موسى عصى القىىات الخورى بطرس حسن مىىات الحورى ىوسف الحاج مىىات,الىى لوى الوى اى الوى الوى ال  ا    ى     لى لمى اى اى اى ى اى الى ىان,../data/muharaf_prepared_resized/train/train_008481.png,2025-11-26T20:44:30,Sana
train_003230,Valid but hard,,0.64,الفردوسي: صدقوا يا مولاي.,الفردوسي:,../data/muharaf_prepared_resized/train/train_003230.png,2025-11-26T20:44:33,Sana
train_014132,Irrelevant / signature,,0.6363636363636364,نائب الرئيس شكري كنعان,ب اليس ن,../data/muharaf_prepared_resized/train/train_014132.png,2025-11-26T20:44:37,Sana
train_002904,Script mismatch (non-Arabic),,0.6363636363636364,"Berlin, W62",Be W,../data/muharaf_prepared_resized/train/train_002904.png,2025-11-26T20:44:44,Sana
train_016561,Segmentation error,,0.6363636363636364,قرار رقم ٥٣,عر قم,../data/muharaf_prepared_resized/train/train_016561.png,2025-11-26T20:44:49,Sana
train_009312,Irrelevant / signature,,0.6357142857142857,يوسف ابراهم                    ىوسف الياس                  ضاهر مسَوح                      انطوىىوس رومانوس   ابراهم ىوسف     جرجي عبود رفقه,فرسف اناهم. يوسف الباس خاهر مسَي نطوسارا الى                       رفه,../data/muharaf_prepared_resized/train/train_009312.png,2025-11-26T20:44:55,Sana
train_013967,Irrelevant / signature,,0.6333333333333333,نائب الرئيس البلدية شكري كنعان,١ ارب الريس    ن,../data/muharaf_prepared_resized/train/train_013967.png,2025-11-26T20:44:59,Sana
train_016434,Segmentation error,,0.631578947368421,حـبه ١٢ قيراط عدد ٢,عن ١٢ قداط,../data/muharaf_prepared_resized/train/train_016434.png,2025-11-26T20:45:02,Sana
train_000443,Script mismatch (non-Arabic),,0.631578947368421,"1920  ٢٥   شباط ,.NARBERTH, PA., U.S.A","292٥  شباط ,N.,",../data/muharaf_prepared_resized/train/train_000443.png,2025-11-26T20:45:06,Sana
train_005649,Valid but hard,,0.6307692307692307,ايها الحبيب لما كنت في رومية حررت لك واخبرتك عن تأخر سفري بسب عدم وجود محل في البابور وطلبتك الي ولكن بعد قليل من الزمن تيسر الامر,يها ايا ا   ك واحابا من اخرين ني يسيب عديم وموكم في ا و و    ا ال لر,../data/muharaf_prepared_resized/train/train_005649.png,2025-11-26T20:45:16,Sana
train_007371,Valid but hard,,0.6296296296296297,موشح     .    .    .    غزل,مورشح .    ل,../data/muharaf_prepared_resized/train/train_007371.png,2025-11-26T20:45:27,Sana
train_013523,Segmentation error,,0.627906976744186,٢ آذار سنة ١٩٣٠ رئىس البلدية ابراهىم الخىاط,١  ٢ رس البلدية ال,../data/muharaf_prepared_resized/train/train_013523.png,2025-11-26T20:45:33,Sana
train_019701,Wrong transcription,,0.6274509803921569,روحه الاستقلالية عن السدة البطرسية، بل نعرف ان كلَّ,روحه الاستقلالية عن,../data/muharaf_prepared_resized/train/train_019701.png,2025-11-26T20:45:57,Sana
train_008351,Script mismatch (non-Arabic),,0.625,JPK2B-78			3		٣),JPK2-),../data/muharaf_prepared_resized/train/train_008351.png,2025-11-26T20:46:03,Sana
train_001688,Script mismatch (non-Arabic),,0.625,59 East Main St.,5  at t,../data/muharaf_prepared_resized/train/train_001688.png,2025-11-26T20:46:04,Sana
train_000814,Script mismatch (non-Arabic),,0.625,"du Nord, P. 500.",Weld P. 0,../data/muharaf_prepared_resized/train/train_000814.png,2025-11-26T20:46:10,Sana
train_014917,Valid but hard,,0.625,دريافت ... حساب محرب ...,ا . .اب حر,../data/muharaf_prepared_resized/train/train_014917.png,2025-11-26T20:46:27,Sana
train_015176,Segmentation error,,0.625,يوم عشره,يوعد,../data/muharaf_prepared_resized/train/train_015176.png,2025-11-26T20:46:32,Sana
train_008377,Script mismatch (non-Arabic),,0.625,JPK2B-78			4		٤),JPK2-),../data/muharaf_prepared_resized/train/train_008377.png,2025-11-26T20:46:35,Sana
train_018495,Script mismatch (non-Arabic),,0.625,Conkry -,Makry,../data/muharaf_prepared_resized/train/train_018495.png,2025-11-26T20:46:37,Sana
train_008185,Script mismatch (non-Arabic),,0.625,JPK2B-57							1,JPK2-1,../data/muharaf_prepared_resized/train/train_008185.png,2025-11-26T20:46:40,Sana
train_008276,Script mismatch (non-Arabic),,0.625,JPK2B-69				2	٢),JPK2-),../data/muharaf_prepared_resized/train/train_008276.png,2025-11-26T20:46:41,Sana
train_011199,Script mismatch (non-Arabic),,0.625,READY-MADE GOODS,ME DAE AOR,../data/muharaf_prepared_resized/train/train_011199.png,2025-11-26T20:46:43,Sana
train_018171,Irrelevant / signature,,0.625,حرر لولدكم كروجر,لوالدكم م,../data/muharaf_prepared_resized/train/train_018171.png,2025-11-26T20:46:48,Sana
train_014203,Segmentation error,,0.6206896551724138,يراً فى ايلول ٢٩ منه سنه ١٨٣٩,ى الول سنة ١,../data/muharaf_prepared_resized/train/train_014203.png,2025-11-26T20:46:59,Sana
train_017933,Script mismatch (non-Arabic),,0.6190476190476191,DIRECCIÓN TELEGRÁFICA,CORCÓN TEIE,../data/muharaf_prepared_resized/train/train_017933.png,2025-11-26T20:47:02,Sana
train_014214,Valid but hard,,0.6176470588235294,حنا بو عسَاف            يوسف الياس,ح   يوسف لياس,../data/muharaf_prepared_resized/train/train_014214.png,2025-11-26T20:47:06,Sana
train_001638,Script mismatch (non-Arabic),,0.6153846153846154,Atlantic City,Kalaicy,../data/muharaf_prepared_resized/train/train_001638.png,2025-11-26T20:47:09,Sana
train_014944,Valid but hard,,0.6153846153846154,... اجتناب كنيم واكر ...انقضاء مدة شش ماه مذكور لازم شركة ربلد مشهوربعمل مزبور خانة باقي خانة بمانيم ...,ي ك ر ان اقضا مدرة ثل ما مذور لزم شو بد و       ..,../data/muharaf_prepared_resized/train/train_014944.png,2025-11-26T20:47:16,Sana
train_018752,Segmentation error,,0.6153846153846154,يوسَف عبدالله,وسن عندم,../data/muharaf_prepared_resized/train/train_018752.png,2025-11-26T20:47:23,Sana
train_015852,Irrelevant / signature,,0.6153846153846154,هيكل سليم  موسَي غصن صورات,ي م موسَف ن,../data/muharaf_prepared_resized/train/train_015852.png,2025-11-26T20:47:35,Sana
train_009047,Irrelevant / signature,,0.6111111111111112,محاىل ضاهر واخوانه,محاىل حداكمم,../data/muharaf_prepared_resized/train/train_009047.png,2025-11-26T20:47:38,Sana
train_010726,Script mismatch (non-Arabic),,0.6111111111111112,thats ill I can get out of the whole,l  g go hf te wh,../data/muharaf_prepared_resized/train/train_010726.png,2025-11-26T20:47:44,Sana
train_010708,Script mismatch (non-Arabic),,0.6111111111111112,Rev Tail Ellis 000,Re Tl 0,../data/muharaf_prepared_resized/train/train_010708.png,2025-11-26T20:47:52,Sana
train_005835,Script mismatch (non-Arabic),,0.6111111111111112,SUPÉRIORAT GÉNÉRAL,SEPÉAT É,../data/muharaf_prepared_resized/train/train_005835.png,2025-11-26T20:47:53,Sana
train_010887,Irrelevant / signature,,0.6111111111111112,حليل يوسف نادر رعد,ليوسف ن,../data/muharaf_prepared_resized/train/train_010887.png,2025-11-26T20:47:56,Sana
train_016209,Valid but hard,,0.6097560975609756,المحكمة فى ٢٨ ايلول /٣٠٣ فعليه تحرر بوصلتى احضار للغايبين وتعين لهما ميعاد الحضور نهار الاثنين الواقع فى ١٦ ت٢ / ٣٠٣ وفيه حضر احدهما عيسَى المعترض عليه واما المعترض,الم ن  ٣   لي لحران اضر المغنين وتعاي لا معد الاواه ا الا ٣ ه ه ي ل ي الاعي اع المعض,../data/muharaf_prepared_resized/train/train_016209.png,2025-11-26T20:48:04,Sana
train_008735,Irrelevant / signature,,0.6086956521739131,ولد سىادتكم الخورى ىطرس,ود سادتكم,../data/muharaf_prepared_resized/train/train_008735.png,2025-11-26T20:48:07,Sana
train_015336,Irrelevant / signature,,0.6,رئيس مخالف,رئيس خاوسفينه,../data/muharaf_prepared_resized/train/train_015336.png,2025-11-26T20:48:23,Sana
train_015839,Valid but hard,,0.6,كاتبه,كانهم,../data/muharaf_prepared_resized/train/train_015839.png,2025-11-26T20:48:26,Sana
train_018114,Script mismatch (non-Arabic),,0.6,Drogaria Rapozo,Toia azon,../data/muharaf_prepared_resized/train/train_018114.png,2025-11-26T20:48:44,Sana
train_005633,Valid but hard,,0.6,احوكم,اجوع,../data/muharaf_prepared_resized/train/train_005633.png,2025-11-26T20:48:53,Sana
train_017931,Script mismatch (non-Arabic),,0.6,Montevideo,Morie,../data/muharaf_prepared_resized/train/train_017931.png,2025-11-26T20:48:56,Sana
train_012562,Valid but hard,,0.6,حكومة,هلومه,../data/muharaf_prepared_resized/train/train_012562.png,2025-11-26T20:49:00,Sana
train_007704,Script mismatch (non-Arabic),,0.6,JEH2F1-903,JEH22,../data/muharaf_prepared_resized/train/train_007704.png,2025-11-26T20:49:07,Sana
train_020838,Script mismatch (non-Arabic),,0.6,MALLUK HERMANOS,MARK TNO,../data/muharaf_prepared_resized/train/train_020838.png,2025-11-26T20:49:10,Sana
train_005925,Irrelevant / signature,,0.6,يوحنا,يوج,../data/muharaf_prepared_resized/train/train_005925.png,2025-11-26T20:49:16,Sana
train_018596,Script mismatch (non-Arabic),,0.6,UNION,IOL,../data/muharaf_prepared_resized/train/train_018596.png,2025-11-26T20:49:19,Sana
train_019134,Script mismatch (non-Arabic),,0.6,Meilleurs Voeux,Melr V,../data/muharaf_prepared_resized/train/train_019134.png,2025-11-26T20:49:59,Sana
train_014920,Valid but hard,,0.6,غبتهو,غب,../data/muharaf_prepared_resized/train/train_014920.png,2025-11-26T20:50:13,Sana
train_005887,Valid but hard,,0.6,بتدين,اتمتدين,../data/muharaf_prepared_resized/train/train_005887.png,2025-11-26T20:50:15,Sana
train_020154,Valid but hard,,0.6,دريان,ويا,../data/muharaf_prepared_resized/train/train_020154.png,2025-11-26T20:50:28,Sana
train_005083,Valid but hard,,0.6,حلب في ٥ ت٢ سنة ٩٣١ الداعى لسيادتكم,حلبها في ٥ ت٢ سن م,../data/muharaf_prepared_resized/train/train_005083.png,2025-11-26T20:50:37,Sana
train_010165,Irrelevant / signature,,0.6,خادم رعِة ضهر البلان,خادم رمي حر,../data/muharaf_prepared_resized/train/train_010165.png,2025-11-26T20:50:41,Sana
train_001957,Valid but hard,,0.6,نفسه.,فنفس,../data/muharaf_prepared_resized/train/train_001957.png,2025-11-26T20:50:45,Sana
train_010673,Script mismatch (non-Arabic),,0.6,13619,1110,../data/muharaf_prepared_resized/train/train_010673.png,2025-11-26T20:50:49,Sana
train_005038,Valid but hard,,0.6,سَمو الدعا,مسشمحد المعل,../data/muharaf_prepared_resized/train/train_005038.png,2025-11-26T20:50:56,Sana
train_005778,Script mismatch (non-Arabic),,0.6,FRANCIS HECHEME,MENAS EME,../data/muharaf_prepared_resized/train/train_005778.png,2025-11-26T20:51:03,Sana
train_019132,Script mismatch (non-Arabic),,0.6,Et SOUHAITS SINCERES,COUHIS SAE,../data/muharaf_prepared_resized/train/train_019132.png,2025-11-26T20:51:04,Sana
train_009313,Irrelevant / signature,,0.5986394557823129,حنا سمعان                     سمعان ولد سيادىكم                ولد سَيادتكم               ولد سيادتكم       ولد سَيادتكم               ولد سَيادتكم,حسَميان ولد سمعان ولد س وكان ولد ادم و ي ك                        سدكم,../data/muharaf_prepared_resized/train/train_009313.png,2025-11-26T20:51:10,Sana
train_014941,Valid but hard,,0.5981308411214953,يوسف... از بغداد غريمت مملكت أمريكا وشهد شيكاغو غوبرويم ودارآغا يعمل مزبور تنظيمات وفنونات إيراني بنوع ....,و    م كم ارا ر شما او ريم ودراخيا مل مزبو ونتيما وخضوا و    ن,../data/muharaf_prepared_resized/train/train_014941.png,2025-11-26T20:51:15,Sana
train_014762,Wrong transcription,,0.5957446808510638,الرابع من دار الصياد، وتجاوز مكتبينا، كنا نلتقي,و تخاوَه لكتبينا، كن نلتقتي,../data/muharaf_prepared_resized/train/train_014762.png,2025-11-26T20:51:29,Sana
train_020454,Valid but hard,,0.5952380952380952,وهنا جميع اهل البيت يسلمون عليكم وعن المحل,ضع لسمول علكم المحل,../data/muharaf_prepared_resized/train/train_020454.png,2025-11-26T20:51:37,Sana
train_010695,Script mismatch (non-Arabic),,0.5925925925925926,Hope you receive this pants,Ho o e he pa,../data/muharaf_prepared_resized/train/train_010695.png,2025-11-26T20:51:44,Sana
train_020572,Script mismatch (non-Arabic),,0.5925925925925926,Hotel du Nord &de Champagne,To d o de ha,../data/muharaf_prepared_resized/train/train_020572.png,2025-11-26T20:51:46,Sana
train_003372,Irrelevant / signature,,0.5909090909090909,بطرس البطرىرك الانطاكى,بطرى الطرار,../data/muharaf_prepared_resized/train/train_003372.png,2025-11-26T20:51:49,Sana
train_011198,Script mismatch (non-Arabic),,0.5909090909090909,LADIES FURNISHINGS AND,AIE FNNGS,../data/muharaf_prepared_resized/train/train_011198.png,2025-11-26T20:51:53,Sana
train_018625,Valid but hard,,0.5897435897435898,في ١٥ ايلول /٩٨  عن سان انطونيو تكسَاسَ,اليل سا عن سَانة المفي ساس,../data/muharaf_prepared_resized/train/train_018625.png,2025-11-26T20:52:20,Sana
train_014925,Valid but hard,,0.5894736842105263,مرقوم اختيار بارا داسوكة ازقرار ماه دو ليرة مصارف أيام بشرح مذكور كما في السابق مجددًا مجرى ...,م  ا ه را وديه اصار ف ايام بر مذكور مان السَيا مجد,../data/muharaf_prepared_resized/train/train_014925.png,2025-11-26T20:52:22,Sana
train_016113,Valid but hard,,0.5882352941176471,نمرو ٤٤ قيراط ٣ حبه ١٢ يحدها قبلةً ملك الخورى انطانيوس عريضى وطنوسَ متى وشرقاً وشمالاً طريق وغرباً ملك غطاسَ بطرسَ ابى الياسَ تركة حنا المدعى عليه بالباقى متصلة له بالارث,قر ٣٤ ٤  ل لا الا الطار انرورن نطسى روى من اشرقا وشمالا اريق قا مام طر ارا الال الل الل اللى ال الا الات,../data/muharaf_prepared_resized/train/train_016113.png,2025-11-26T20:52:30,Sana
train_016338,Valid but hard,,0.585635359116022,الصحيفة العاشرة وجاهياً قابلاً التمييز وغير قابل الاسَتئناف تبلغ للفريقين مواجهة علانية بتاريخ ٢٠ ربيع اول ٣٠٥ و ٢٣ ت٢ ٣٠٣ ولاجله تحرر هذا الاعلام نسَختين من محكمة بداية قضا البترون,الية الصية ااً اً وا الاً لري الغا السَتا بل لفرين واجة علاية بار ٣ ولن ٣ ا ا ا ال ا ال اة رون,../data/muharaf_prepared_resized/train/train_016338.png,2025-11-26T20:52:33,Sana
train_014933,Valid but hard,,0.5833333333333334,مزبور وحضور شهود عدول محرّر وومهور كرديدواين ورقة بمنزلة اجير نا... قلم نموديم مه عند الحاج ....,ر ور وحود د عل محر مخورويد اين ورقدر ابزه زريا  م     .,../data/muharaf_prepared_resized/train/train_014933.png,2025-11-26T20:52:37,Sana
train_004452,Valid but hard,,0.5833333333333334,عبدالله صفير,عين الله حرق,../data/muharaf_prepared_resized/train/train_004452.png,2025-11-26T20:52:45,Sana
train_007876,Script mismatch (non-Arabic),,0.5833333333333334,JPK2B-96			3,JPK2-2,../data/muharaf_prepared_resized/train/train_007876.png,2025-11-26T20:52:48,Sana
train_003539,Script mismatch (non-Arabic),,0.5833333333333334,-٧- BEK1A-27,EH1A-7,../data/muharaf_prepared_resized/train/train_003539.png,2025-11-26T20:52:49,Sana
train_015788,Script mismatch (non-Arabic),,0.5833333333333334,QAJE3G_49 16,QAJ2G_02,../data/muharaf_prepared_resized/train/train_015788.png,2025-11-26T20:52:51,Sana
train_016394,Irrelevant / signature,,0.5833333333333334,كاتب سعد طنوس سعد كفرعقا,عد نوس سعد,../data/muharaf_prepared_resized/train/train_016394.png,2025-11-26T20:52:53,Sana
train_006303,Valid but hard,,0.5833333333333334,وبيوم الحساب,وبيوم,../data/muharaf_prepared_resized/train/train_006303.png,2025-11-26T20:52:56,Sana
train_009046,Irrelevant / signature,,0.5833333333333334,سَمد الدعا اولاد سيادتكم,اسَمد الاا م,../data/muharaf_prepared_resized/train/train_009046.png,2025-11-26T20:53:00,Sana
train_003748,Script mismatch (non-Arabic),,0.5833333333333334,٣ BEK2A-11 3,EA2A-12,../data/muharaf_prepared_resized/train/train_003748.png,2025-11-26T20:53:05,Sana
train_010127,Valid but hard,,0.5833333333333334,مطرانية طرابلس المارونية,مرني طر ال,../data/muharaf_prepared_resized/train/train_010127.png,2025-11-26T20:53:09,Sana
train_008875,Valid but hard,,0.5806451612903226,حادم صهر الىلان             حسن,حادم حهر البلان,../data/muharaf_prepared_resized/train/train_008875.png,2025-11-26T20:53:17,Sana
train_011117,Script mismatch (non-Arabic),,0.5789473684210527,"MANNINGTON, W. VA.,","Mano, W. V,",../data/muharaf_prepared_resized/train/train_011117.png,2025-11-26T20:53:21,Sana
train_016410,Valid but hard,,0.5789473684210527,٤٧٢ مع كافة الاوراق,مف الاودران,../data/muharaf_prepared_resized/train/train_016410.png,2025-11-26T20:53:38,Sana
train_015380,Valid but hard,,0.5789473684210527,نومرو ٦٥ خمسة وستين,ن ٢ ة وسي,../data/muharaf_prepared_resized/train/train_015380.png,2025-11-26T20:53:42,Sana
train_016324,Valid but hard,,0.5771428571428572,الاف وماية وثلاثين قرشاً وربع وتاجلت الجلسَة لنهار الاثنين القادم الواقع  فى ٢٢ ت٢ ٣٠٣ فيه حضر الفريقين وسئل امين  المحرر عما يجيبه على دعوى المعترض عليه فلم يجيب بشى اما وكيل,الري و وة وت را اجه الجَة نهار الاتيمن القادم الواقف ى ت ا ا ا ل ع الع ع ع ع علي لي كيل,../data/muharaf_prepared_resized/train/train_016324.png,2025-11-26T20:53:46,Sana
train_003492,Script mismatch (non-Arabic),,0.5757575757575758,NO OTHER ENVELOPE SHOULD BE USED.,NOH EE S BE UD,../data/muharaf_prepared_resized/train/train_003492.png,2025-11-26T20:53:48,Sana
train_011897,Valid but hard,,0.5747126436781609,الآحاد ولكنني لا أعلم إلى أيُّ وقتٍ تبقى في البلاد فزدني علماً بتحرير شقيقكم ودمتم وديع,ا   الى أي ونتي بير في البار ورون عا م شكم وم و,../data/muharaf_prepared_resized/train/train_011897.png,2025-11-26T20:53:57,Sana
train_016160,Valid but hard,,0.5747126436781609,ولم يتكلمو بشى والتمن اربعماية وخمسَون قرش وفى ١٧ ربيع تانى سنة ٩٩ وفى ٢٢ شباط سنة ٩٧ حضر كل من دانيال شيت المدعى ولحود المدعى عليه وقرر لحود المرقوم ان القطعة المدعاة هى ملك,ولمكميم وميم اليا الان سان ى ى ٢ بطسَة ٩ ض كلمنه رال ثي المدى الدى عل وى المو المرور المقورق المقع المام مك,../data/muharaf_prepared_resized/train/train_016160.png,2025-11-26T20:54:01,Sana
train_020173,Valid but hard,,0.5714285714285714,ت١ ١٩٢٦,ت٩٢,../data/muharaf_prepared_resized/train/train_020173.png,2025-11-26T20:54:05,Sana
train_013757,Segmentation error,,0.5714285714285714,عدد ١٠٠,عد٠,../data/muharaf_prepared_resized/train/train_013757.png,2025-11-26T20:54:08,Sana
train_018347,Script mismatch (non-Arabic),,0.5714285714285714,CONAKRY,CAR,../data/muharaf_prepared_resized/train/train_018347.png,2025-11-26T20:54:11,Sana
train_020269,Script mismatch (non-Arabic),,0.5714285714285714,21.5.21,1.58,../data/muharaf_prepared_resized/train/train_020269.png,2025-11-26T20:54:17,Sana
train_005834,Script mismatch (non-Arabic),,0.5714285714285714,RÉP. LIBANAISE,PO ANAE,../data/muharaf_prepared_resized/train/train_005834.png,2025-11-26T20:54:19,Sana
train_003469,Script mismatch (non-Arabic),,0.5714285714285714,téléph.: 44/70,Eélh. 7,../data/muharaf_prepared_resized/train/train_003469.png,2025-11-26T20:54:22,Sana
train_008044,Script mismatch (non-Arabic),,0.5714285714285714,JPK2B-42 	4	٤),JPK2-),../data/muharaf_prepared_resized/train/train_008044.png,2025-11-26T20:54:28,Sana
train_005992,Script mismatch (non-Arabic),,0.5714285714285714,COLLÈGE,COÈ,../data/muharaf_prepared_resized/train/train_005992.png,2025-11-26T20:54:33,Sana
train_007986,Script mismatch (non-Arabic),,0.5714285714285714,JPK2B-42 	2	(٢,JPK2-4),../data/muharaf_prepared_resized/train/train_007986.png,2025-11-26T20:54:36,Sana
train_001684,Script mismatch (non-Arabic),,0.5714285714285714,ARABIC WEEKLY JOURNAL,AC WEL JNE,../data/muharaf_prepared_resized/train/train_001684.png,2025-11-26T20:54:43,Sana
train_018090,Valid but hard,,0.5714285714285714,العنيسي,الع,../data/muharaf_prepared_resized/train/train_018090.png,2025-11-26T20:54:46,Sana
train_016172,Valid but hard,,0.5696969696969697,ومشتملاته وما يعرف اليه وينسَب به شرعاً من حقوق ظاهره ومنافع باطنه بتمن قدره اربعماية مضمون منها عملة بندر طرابلوسَ وقتيذٍ مقبوض تماماً فيه الشارى المذكور ليدنا كلاً,وشه وه ويه يه يه سا ا قطر امه من بر من قدره ابربعاية وخضسَن فرا مة بن الوَ بن  من ال  ور  كلاً,../data/muharaf_prepared_resized/train/train_016172.png,2025-11-26T20:55:01,Sana
train_016318,Valid but hard,,0.569620253164557,فايض عن القيمة المدونة عن سَنة وسَبعة اشهر من تاريخ الغصب اخر تشرين الثانى سنة ٨٧ ١٤٢٢ من قراية الاستئناف ٣٧٢ صاغ بكون جزاه ٤٥٠ مصارفات السَفر الى بعبدا بدعوى,فية اليضة المة المومة سعة سَعة لتر اري الخي اى ارى ترين الثا ٣ ارية التان ٣ بلك ا ا ا ال الد عوى,../data/muharaf_prepared_resized/train/train_016318.png,2025-11-26T20:55:04,Sana
train_005698,Valid but hard,,0.5681818181818182,"ثانياً فى التحرر نفسَه تقول : "" بما ان طبع المذكور (الخورى) هو حقود وحالاً تحزب ضد الرهبان ولكن بما انه لا يليق به ان يضع ذلته بينهم",ا ا الى اة ة وباما اعن المذكور الخرى اهو حسود وصلاًتحد حين الراه والن ون   ه تهم,../data/muharaf_prepared_resized/train/train_005698.png,2025-11-26T20:55:07,Sana
train_008793,Valid but hard,,0.5666666666666667,مكررين قبلات انامكم المقدسَة ايها السَيد الجليل                                                              ولد سَادىكم,مل     ا ا ا ا ا ا ا ا               ي قبلات انامك افقدسة ايها السَيد الج                                دكم,../data/muharaf_prepared_resized/train/train_008793.png,2025-11-26T20:55:10,Sana
train_016470,Irrelevant / signature,,0.5625,عضو يوسف سعد حرب,عضو حسن ر,../data/muharaf_prepared_resized/train/train_016470.png,2025-11-26T20:55:19,Sana
train_003491,Script mismatch (non-Arabic),,0.5625,FOLD SIDES OVER AND THEN FOLD BOTTOM UP AND SEAL,FO S E OE FD EN F BTM UU,../data/muharaf_prepared_resized/train/train_003491.png,2025-11-26T20:55:21,Sana
train_015756,Valid but hard,,0.5625,الى القلم ١٢ منه,الى الصم,../data/muharaf_prepared_resized/train/train_015756.png,2025-11-26T20:55:30,Sana
train_007902,Script mismatch (non-Arabic),,0.5625,JPK2B-96			5		٣),JPK2-5),../data/muharaf_prepared_resized/train/train_007902.png,2025-11-26T20:55:34,Sana
train_008326,Script mismatch (non-Arabic),,0.5625,JPK2B-78			٢)		2,JPK2-7),../data/muharaf_prepared_resized/train/train_008326.png,2025-11-26T20:55:40,Sana
train_014942,Valid but hard,,0.5595238095238095,ورضا خاطر ...يا إضافة آزان بقدر اقتضاى وقت مصلحت دربلد مشهور بعمل مزبور كاركنيم ....,وضر   يا اضه ان قدر اقضال وقت صحت ب      ..,../data/muharaf_prepared_resized/train/train_014942.png,2025-11-26T20:55:44,Sana
train_020436,Valid but hard,,0.5581395348837209,عبد الحاج في ٨ تشرين الأول ١٩١٥ نهار الجمعة,عد الجاع في ٨ ت سنة   ال,../data/muharaf_prepared_resized/train/train_020436.png,2025-11-26T20:55:54,Sana
train_016108,Valid but hard,,0.5555555555555556,طبق مسَودة باشكاتب,ليق سورتة ما نكات,../data/muharaf_prepared_resized/train/train_016108.png,2025-11-26T20:55:58,Sana
train_010681,Script mismatch (non-Arabic),,0.5555555555555556,POST CARD,SO CA,../data/muharaf_prepared_resized/train/train_010681.png,2025-11-26T20:56:01,Sana
train_004268,Irrelevant / signature,,0.5555555555555556,عرىر حورى,ع جوري,../data/muharaf_prepared_resized/train/train_004268.png,2025-11-26T20:56:09,Sana
train_016534,Irrelevant / signature,,0.5555555555555556,عضو اسعد طنوس سلوم,عضو ود عس ر,../data/muharaf_prepared_resized/train/train_016534.png,2025-11-26T20:56:12,Sana
train_019752,Script mismatch (non-Arabic),,0.5555555555555556,5 -5 - 15,57 - 5 -7,../data/muharaf_prepared_resized/train/train_019752.png,2025-11-26T20:56:14,Sana
train_014195,Script mismatch (non-Arabic),,0.5555555555555556,280 /2019,22 /22,../data/muharaf_prepared_resized/train/train_014195.png,2025-11-26T20:56:16,Sana
train_002709,Script mismatch (non-Arabic),,0.5555555555555556,LENINGRAD - Russie,CANNGD - is),../data/muharaf_prepared_resized/train/train_002709.png,2025-11-26T20:56:20,Sana
train_012640,Segmentation error,,0.5555555555555556,عدد ٤٤ ١٠/١٦ / ٩٣٤,عد ٤ ١/٩٦,../data/muharaf_prepared_resized/train/train_012640.png,2025-11-26T20:56:23,Sana
train_011240,Script mismatch (non-Arabic),,0.5555555555555556,ME-   221,ME-1,../data/muharaf_prepared_resized/train/train_011240.png,2025-11-26T20:56:26,Sana
train_018201,Irrelevant / signature,,0.5555555555555556,ودمتم لولدكم كروجر,م ولدكم م,../data/muharaf_prepared_resized/train/train_018201.png,2025-11-26T20:56:44,Sana
train_003467,Script mismatch (non-Arabic),,0.5555555555555556,Direction,DAtin,../data/muharaf_prepared_resized/train/train_003467.png,2025-11-26T20:56:47,Sana
train_008417,Irrelevant / signature,,0.5555555555555556,محاىل ضاهر واحواىه,محامل حوا,../data/muharaf_prepared_resized/train/train_008417.png,2025-11-26T20:57:01,Sana
train_010758,Script mismatch (non-Arabic),,0.5555555555555556,"Bought of MODI & K. JOSEPH,",Boo D & JK. JH,../data/muharaf_prepared_resized/train/train_010758.png,2025-11-26T20:57:06,Sana
train_016915,Valid but hard,,0.5535714285714286,ويساعد لمن لا ينساكم                              المخلص,ويساعد لمن لا ينساكم المل,../data/muharaf_prepared_resized/train/train_016915.png,2025-11-26T20:57:12,Sana
train_014931,Valid but hard,,0.5520833333333334,...عبد الرحيم ورعرض مدة مذكور موافق إرادة يوسف... ورفتار دو تخلّف ورزيد منك حصة ... رستم از عهده,الرع الري رضة ضدة مكور واق اراة وسف وشرفات ركم و       ده,../data/muharaf_prepared_resized/train/train_014931.png,2025-11-26T20:57:19,Sana
train_008917,Segmentation error,,0.5517241379310345,فى ١٠ ك٢ ٩١١ محاىل ضاهر  واخو,ففى ١ ك٢ ١٩ محال,../data/muharaf_prepared_resized/train/train_008917.png,2025-11-26T20:57:22,Sana
train_017979,Script mismatch (non-Arabic),,0.5517241379310345,Cher Assad Darouich Zacharias,Hrede ruih Zahais,../data/muharaf_prepared_resized/train/train_017979.png,2025-11-26T20:57:25,Sana
train_014969,Valid but hard,,0.5508474576271186,الحصص وقدرها ٣٧ ... وقد دفعنا ايضاًأ قيمة تلغراف المطروق بخصوص سفركم ٢٢ ... فصار مجمل ٥٩ ... ومع فرق مجيدي ... فقيدوها,الح      دا ايضا مية لاف المطروق البخوص سفركم عن ن . ا        .ا,../data/muharaf_prepared_resized/train/train_014969.png,2025-11-26T20:57:49,Sana
train_000442,Script mismatch (non-Arabic),,0.55,252 Haverford Avenue,25vrd Mvnu,../data/muharaf_prepared_resized/train/train_000442.png,2025-11-26T20:57:52,Sana
train_009314,Valid but hard,,0.55,ولد سيادتكم                   انطانيوس الياس             ولد سيادىكم                        ولد سيادتكم      ىوسف جرجس     ابراهيم حبيب خطار,ولد سيادتكم انطاندي الاس ولد سيادتكم  ولسيد سيادتكم جروس ابراهيم جبيب خارر,../data/muharaf_prepared_resized/train/train_009314.png,2025-11-26T20:58:04,Sana
train_001171,Segmentation error,,0.5492957746478874,كانت تترجم كلماتي وسؤالاتي لزوجها باللغة الاسبانية ثم تترجك بالانكليزية,ال م الاي وسالوني نروجه بلقة الساية   ة,../data/muharaf_prepared_resized/train/train_001171.png,2025-11-26T20:58:10,Sana
train_008928,Valid but hard,,0.5487804878048781,ايها السَيد الجليل والراعي العلامة الغيور النبيل ايد الله ايام رياسَته مدى الدوران,سي والي والي المادة القير البل البعله البرية س ا ا اله,../data/muharaf_prepared_resized/train/train_008928.png,2025-11-26T20:58:15,Sana
train_014181,Irrelevant / signature,,0.5483870967741935,رئيسَ بلدية كفرشيما نعوم القارح,رئيس بلدية كترش,../data/muharaf_prepared_resized/train/train_014181.png,2025-11-26T20:58:19,Sana
train_008997,Valid but hard,,0.5470085470085471,اذا اردتم الفحص يكون ان حسَن غيب حضرة الاب الخورى مخايل الذريبي                                           ولد سَيادىم,ا     ح                                           سدم,../data/muharaf_prepared_resized/train/train_008997.png,2025-11-26T20:58:26,Sana
train_018590,Valid but hard,,0.5454545454545454,جناب اخونا الشيخ يوسف عبد الله لحود دام بقاه,بين اخونا البيم يو فل حم م هم,../data/muharaf_prepared_resized/train/train_018590.png,2025-11-26T20:58:28,Sana
train_013374,Irrelevant / signature,,0.5454545454545454,روبير كنعان,ادير كنيفات,../data/muharaf_prepared_resized/train/train_013374.png,2025-11-26T20:58:32,Sana
train_008103,Script mismatch (non-Arabic),,0.5454545454545454,JPK2B-53		١,JPK2-1,../data/muharaf_prepared_resized/train/train_008103.png,2025-11-26T20:58:52,Sana
train_016716,Valid but hard,,0.5454545454545454,قبلت البيع احالة خليل سابا جبرايل,قبلت البيع احالت,../data/muharaf_prepared_resized/train/train_016716.png,2025-11-26T20:58:58,Sana
train_001687,Script mismatch (non-Arabic),,0.5454545454545454,Editor and Proprietor.,Aréir. and ropiaes.,../data/muharaf_prepared_resized/train/train_001687.png,2025-11-26T20:59:01,Sana
train_007607,Script mismatch (non-Arabic),,0.5454545454545454,JEH2E1-3010,JEH2-2,../data/muharaf_prepared_resized/train/train_007607.png,2025-11-26T20:59:06,Sana
train_002457,Segmentation error,,0.5454545454545454,١٣٤٣ ١٠ صفر,١٣٤ ر,../data/muharaf_prepared_resized/train/train_002457.png,2025-11-26T20:59:09,Sana
train_009093,Irrelevant / signature,,0.5454545454545454,لسيادتكم فى ١٢ ك٢ ١٩١٩,سيادك ٢ ١٩٣١,../data/muharaf_prepared_resized/train/train_009093.png,2025-11-26T20:59:12,Sana
train_013236,Valid but hard,,0.5454545454545454,شحادي بربور,بشاي بديو,../data/muharaf_prepared_resized/train/train_013236.png,2025-11-26T20:59:16,Sana
train_008854,Valid but hard,,0.5454545454545454,ان وجدتم موافق تحرير لقنصل فرنسَا بالمسَاعدة تكرموا بهِ,انم واات فري القل فرسَ باعد ع هه,../data/muharaf_prepared_resized/train/train_008854.png,2025-11-26T20:59:20,Sana
train_012338,Valid but hard,,0.5454545454545454,حتى فتح عيونو مارون ودبدب ومشي وكِبر وتثبَّت,مابو ومشي وكبر وتثبّت,../data/muharaf_prepared_resized/train/train_012338.png,2025-11-26T20:59:43,Sana
train_016150,Valid but hard,,0.5432098765432098,سَبعة وعشرين سَنة وهذا المبيع قطعة ارض سَليخ بخراج قرية بقرقاشا بمحل المدعو بعل البحيص واقعة تحت نمرو ٩٩٤ قدر مسَاحتها قيراط ١ حبه ٢ يحدها من الاربع جهات قبلة ملك,سَعة عة وعة وة لاع الاع ل ع شرة خربة قية قرا محل المدع بعل البجيى واقعة ت  ف ر ارا    ه ااه ل,../data/muharaf_prepared_resized/train/train_016150.png,2025-11-26T21:00:20,Sana
train_016128,Valid but hard,,0.5423728813559322,من اجدادنا كامل القطعة الارض الشهيرة فى البحيص بخراج قرية بقرقاشا الجارية مسَاحتها نمرو ٩٩٤ قيراط ١ حبه ١٢ ارض سَليخ منها قسَم معد لزراعة الحبوب وباقيها متروك بدون زراعه يحد ذلك,با ذان الا ل ا ل ي ي احري حرية بر قراً الاية ستاه سمد ١ ط ١ ارض سَليم منه س معد راه بوب باه مكن  ه ذلك,../data/muharaf_prepared_resized/train/train_016128.png,2025-11-26T21:00:24,Sana
train_008662,Valid but hard,,0.5412844036697247,١١ شن الغارة على ابراهم يواسف ابراهيم عبدالله واخده اسيراً وبقي كذلك الى ان استرده مدير الهرمل ولولاه كان هلك,ا ال ال يه بي ارارهم عبه واخذ الرياً وقي ذلك الى اتر ه ال ا   ك,../data/muharaf_prepared_resized/train/train_008662.png,2025-11-26T21:00:28,Sana
train_016321,Valid but hard,,0.541095890410959,خليل مشرف الحداد عشرون قرشاً اجرة لايحة جوابية على حق افندى الباحوط وكيل امين يعقوب عيسَى ٤٥٢ اجرة موكله المستر هرون حضوره مرتين الى محكمة البترون,في الل الر الش ش شا اجه جاية على قا فذدى الباو وكي الي بعو بع ٤ ره الممة الموة الرورة ا اية الية الكون,../data/muharaf_prepared_resized/train/train_016321.png,2025-11-26T21:00:32,Sana
train_010880,Segmentation error,,0.54,ان حضرتكم وسَيدي الوالد ونحن بيت واحد والموفق الله,حركة اي الاوه ولفنوية واحد والاف,../data/muharaf_prepared_resized/train/train_010880.png,2025-11-26T21:00:37,Sana
train_010584,Valid but hard,,0.5394736842105263,لا لزوم لاعيد الشكر بعد التحرير كمرسل طيه لديلور والذي لا شك ستقرأينه. فالله,م م  شير عد التحرير ركي خي يليله والذي م ة واه,../data/muharaf_prepared_resized/train/train_010584.png,2025-11-26T21:00:41,Sana
train_016386,Valid but hard,,0.5391304347826087,في اليوم الرابع عشر من شهر ايار سنة ٩٢٤ تسعامية واربعة وعشرين حضر لمكتبي في اميون انا كاتب عدل قضاء الكوره سعد طنوس,في ال الر الر   ٩ ي والربو عشرين حضر مكي ي اليون انا ا    وسى,../data/muharaf_prepared_resized/train/train_016386.png,2025-11-26T21:00:58,Sana
train_004575,Valid but hard,,0.5384615384615384,٢٢ ش سنة ١٩٣٤,٢ ت٢  ١٩٣٧,../data/muharaf_prepared_resized/train/train_004575.png,2025-11-26T21:01:02,Sana
train_012160,Script mismatch (non-Arabic),,0.5384615384615384,MG31-101  2/3,MG6-102,../data/muharaf_prepared_resized/train/train_012160.png,2025-11-26T21:01:05,Sana
train_009311,Valid but hard,,0.5384615384615384,ولد سيادتكم                          ولد سيادكم                ولد سيادكم                    ولد سيادتكم                 ولد سيادتكم             ولد سيادتكم,وقد سيادتك  ولد سادكم   ولد سيادكم   ولد ديادك   ل يد                     سد اداودا يدَتم,../data/muharaf_prepared_resized/train/train_009311.png,2025-11-26T21:01:15,Sana
train_017926,Script mismatch (non-Arabic),,0.5384615384615384,ANGEL GABRIEL,NAGL GATE,../data/muharaf_prepared_resized/train/train_017926.png,2025-11-26T21:01:19,Sana
train_011203,Script mismatch (non-Arabic),,0.5384615384615384,"SHINNSTON, W. VA., U.S.A.,","SANO, W. V. .",../data/muharaf_prepared_resized/train/train_011203.png,2025-11-26T21:01:21,Sana
train_016621,Irrelevant / signature,,0.5384615384615384,عضو نجيب عبود,عضو  بمو,../data/muharaf_prepared_resized/train/train_016621.png,2025-11-26T21:01:24,Sana
train_003482,Valid but hard,,0.5384615384615384,يونيك ف ١١ ك٢,يوني ف,../data/muharaf_prepared_resized/train/train_003482.png,2025-11-26T21:01:34,Sana
train_005894,Irrelevant / signature,,0.5384615384615384,وديع سليم كرم,ويوسيكم م,../data/muharaf_prepared_resized/train/train_005894.png,2025-11-26T21:01:39,Sana
train_013612,Valid but hard,,0.5376344086021505,حسَب امركم الكريم عدد ١٨٥ المورخ فى ٣٠ حزيران سنة ٩٣١ الحاقاً بكتاب عدد ١٢٠ المورخ فى ٢٢ ايار,حس كم المكريم ٣ القرخ ف ٢٠ حزيران سنة ٩ الماً باي,../data/muharaf_prepared_resized/train/train_013612.png,2025-11-26T21:01:48,Sana
train_016177,Valid but hard,,0.5375722543352601,والاعتراض والاسَتئناف والتمييز والتوكيل وحضر معه لحود وطوبيا بولسَ البحرى وطنوسَ وجبرايل ابن عيسَى شمشوم وسَئل لحود المرقوم عن ممات الخورى يوسَف المحرر فاجاب لا يعلم سَئل هل,والاعررا الا الا ال الي ولوي ورو ورو وب بس الجرس طوسَ جراي ابي شر شول الموم المو المور الماورى ا ا ا س ل,../data/muharaf_prepared_resized/train/train_016177.png,2025-11-26T21:01:50,Sana
train_015191,Valid but hard,,0.5365853658536586,مصروفنا ليس اخذنا من الخوري .. وعطاه نجيب,رفنا . اخدنا هامن الوة ط.ي .. ب,../data/muharaf_prepared_resized/train/train_015191.png,2025-11-26T21:01:56,Sana
train_005836,Script mismatch (non-Arabic),,0.5357142857142857,de L'Ordre Libanais Maronite,L're Lbins Mai,../data/muharaf_prepared_resized/train/train_005836.png,2025-11-26T21:01:59,Sana
train_008603,Valid but hard,,0.5344827586206896,تشليح جرجس يوسف قطفه كان ذاهباً لمركز القضا بتحريرات اخبار بحالتنا بوادي الاسطوان تجاه المجدل ريالين مجيدي وملبوساته,ساي ي وع وقافه ان اً كلة الرضا بتحرات اخبار حا يري السان به اه اج ه و وت,../data/muharaf_prepared_resized/train/train_008603.png,2025-11-26T21:02:03,Sana
train_003723,Valid but hard,,0.5340909090909091,من كونها علماً بدأ يصير فنّا وتخصّصا:                              فالمحرر الاول، الانشط,من كونها علمًا بدأ يصير فنا وتخصّصا :   ال  طك,../data/muharaf_prepared_resized/train/train_003723.png,2025-11-26T21:02:07,Sana
train_001283,Valid but hard,,0.5333333333333333,يا عزيزي الأمين,مزري الاميسن,../data/muharaf_prepared_resized/train/train_001283.png,2025-11-26T21:02:12,Sana
train_020496,Valid but hard,,0.5333333333333333,المحل بانه مساعدتي كتابة ميشال,ل ما معاع كفاية ال,../data/muharaf_prepared_resized/train/train_020496.png,2025-11-26T21:02:15,Sana
train_016315,Valid but hard,,0.5333333333333333,من دايرة الحقوق الاسَتئنافيه بتاريخ ٢٧ ذى القعده ٣٠٤ وفى ٤ اغوسَتوسَ ٣٠٣ حاصله انه بعد روية دعوى الصلاحية اسَتئنافاً قررت الدايره الموماليها باتفاق الاراء بان الدعوى,منة الية القاين ان ا  لى الدوى ١٢ ١٢٩ وستو ن حاصه ان بع روة عود الاة التا الارار الا الا الا الا الابوى,../data/muharaf_prepared_resized/train/train_016315.png,2025-11-26T21:02:20,Sana
train_010723,Script mismatch (non-Arabic),,0.5333333333333333,never could get it all I only get three words,o rol get itl tal gt ge hee w,../data/muharaf_prepared_resized/train/train_010723.png,2025-11-26T21:02:23,Sana
train_010078,Irrelevant / signature,,0.5333333333333333,الخوري لويس غصن,لخورى بلوس,../data/muharaf_prepared_resized/train/train_010078.png,2025-11-26T21:02:48,Sana
train_008093,Script mismatch (non-Arabic),,0.5333333333333333,JPK2B-45 	2		٢),JPK2-4),../data/muharaf_prepared_resized/train/train_008093.png,2025-11-26T21:02:51,Sana
train_002319,Script mismatch (non-Arabic),,0.53125,"Cable Address: ""NAJEEB"" New York",CelAdedes: NE Nw Y,../data/muharaf_prepared_resized/train/train_002319.png,2025-11-26T21:02:55,Sana
train_016332,Valid but hard,,0.5306122448979592,عصو                    عصو                    رىس,عصو     عصو           س,../data/muharaf_prepared_resized/train/train_016332.png,2025-11-26T21:02:58,Sana
train_020521,Valid but hard,,0.5306122448979592,اخيرًأ تلاث غرف في hotel du nord كل غرفة تخت واحد,ا ثلات غرف في   كل غرفة التح هو,../data/muharaf_prepared_resized/train/train_020521.png,2025-11-26T21:03:03,Sana
train_020563,Valid but hard,,0.5294117647058824,وذكيه وفكتوريا كل واحدة قدر الالوف,اليع وقلق يا كل واهت م الو الوفم,../data/muharaf_prepared_resized/train/train_020563.png,2025-11-26T21:03:05,Sana
train_020710,Valid but hard,,0.5277777777777778,بونكاره والمارشاليه جوفر وفوش وبيتان,ور  ارش ليه صومر وفريس وجباتينا,../data/muharaf_prepared_resized/train/train_020710.png,2025-11-26T21:03:11,Sana
train_008480,Valid but hard,,0.5273972602739726,ولد سىادكم             ولد سىادكم      ولد سَيادتكم      ولد سىادكم      ولد سَيادكم        ولد سَيادكم     ولد سَيادكم                ولد سَيادكم,ووسادكم ودادم ويسَاتكم ولد ارم                                      داداي يَدام,../data/muharaf_prepared_resized/train/train_008480.png,2025-11-26T21:03:15,Sana
train_009315,Valid but hard,,0.5241379310344828,ولد سيادتكم مطانيوس حبقا       سمعان حبقا        حبىب كرم       عرىر  قديح                      بشارة                            ولد سيادتكم يوسف,يد سيادتك م        بب                                          د سدتكم,../data/muharaf_prepared_resized/train/train_009315.png,2025-11-26T21:03:21,Sana
train_001978,Script mismatch (non-Arabic),,0.5238095238095238,LISSAN - UL - ITTIHAD,LOLS UL- IID,../data/muharaf_prepared_resized/train/train_001978.png,2025-11-26T21:03:24,Sana
train_001979,Script mismatch (non-Arabic),,0.5238095238095238,DIRECTEUR - REDACYEUR,COEUR ENYEUR,../data/muharaf_prepared_resized/train/train_001979.png,2025-11-26T21:03:26,Sana
train_016533,Irrelevant / signature,,0.5238095238095238,رئيس لجنة مشاع سلعاتا,مي الخية مسام سليفانا,../data/muharaf_prepared_resized/train/train_016533.png,2025-11-26T21:03:32,Sana
train_019485,Valid but hard,,0.5227272727272727,الشويفات الخميس \ ١٦ حزيران سنة ٩٣٢ الساعه ٥,لشوينات الخميس فى ١٦ حريرا,../data/muharaf_prepared_resized/train/train_019485.png,2025-11-26T21:03:42,Sana
train_014940,Valid but hard,,0.5225225225225225,وبم وقت از يوم خروج بغداد الى ورمو بغداد ... بعهده يوسف ... وقرار شركة يوم تاريخ في عزرو بهمانة باسم قطارات ...,وم م  و غدا الى روم بد داناً بعده وسف او شايت وقرار شكيه وم تار ي عره وبام با ا,../data/muharaf_prepared_resized/train/train_014940.png,2025-11-26T21:03:47,Sana
train_017944,Segmentation error,,0.5217391304347826,ليقورنو في حزيران /١٩٢٠,يقوو ي ي١٩٢٦,../data/muharaf_prepared_resized/train/train_017944.png,2025-11-26T21:03:51,Sana
train_010684,Script mismatch (non-Arabic),,0.5217391304347826,Sorry I wasnt home when,Ho  wa mhote wh,../data/muharaf_prepared_resized/train/train_010684.png,2025-11-26T21:03:55,Sana
train_003820,Script mismatch (non-Arabic),,0.5217391304347826,فرح فؤادي ومبهج الأفكار,افيخ فلدي ولكحج الاحقا,../data/muharaf_prepared_resized/train/train_003820.png,2025-11-26T21:03:56,Sana
train_016043,Valid but hard,,0.5212121212121212,تحرر هذا الاعلام نسَختين من محكمة بداية قضا البترون يعرض على عزتلو قايمقام الافخم لكى غب اجرا ايجابه يسَلم لكل فريق نسَخة تحريراً فى ٩ صفر  سنة ٣٠٥ وفى ١٥ ت١ سنة ٣٠٣,ترها ها اا لن م ميمة مية لاة الر يعض على تو ويقمه الاخم لك فب ارج ايه كل فلي ري فر فرة ف   ١ ٣٠٣,../data/muharaf_prepared_resized/train/train_016043.png,2025-11-26T21:04:37,Sana
train_021838,Valid but hard,,0.5208333333333334,وردني كتاب من حمص في 1حزيران من الاب Huguet هوغه,وردي كتاب من حرص من اا furfr,../data/muharaf_prepared_resized/train/train_021838.png,2025-11-26T21:04:44,Sana
train_003825,Valid but hard,,0.52,يمود لك وقد زاد قلبي حبور,يمود فك م خلي جووت,../data/muharaf_prepared_resized/train/train_003825.png,2025-11-26T21:04:47,Sana
train_014916,Wrong transcription,,0.52,غايه وتسليم .... ليره....,اين وسليم ح...,../data/muharaf_prepared_resized/train/train_014916.png,2025-11-26T21:04:54,Sana
train_014938,Valid but hard,,0.5192307692307693,بمدحت آثار يوسف او .. ملّت .. دولت علية عثمانية مقيم بغداد ...تاريخ الى دزو شش ماه كامل ... لسرة عثمانية,ان و  يت اته ولت علية ثمانية قيم بداد ازحال تاريخ الى دة ثم م ا  و    ات,../data/muharaf_prepared_resized/train/train_014938.png,2025-11-26T21:04:58,Sana
train_015094,Valid but hard,,0.5172413793103449,اميراي صغير وقايمقام وادي ...,ي صير وما.قم وداي مع,../data/muharaf_prepared_resized/train/train_015094.png,2025-11-26T21:05:02,Sana
train_016125,Valid but hard,,0.5170454545454546,غب الاحالة فى ٣ ذى القعده سنة ٢٩٨ وفى ١٤ ايلول سنة ٢٩٧ حضر هذه المحاكمة دانيال شيت الخورى يوسَف اشعيا الاصيل عن نفسَه والوكيل الشرعى عن حبيب وحنا وبشاره اولاد الخورى يوسَف شعيا,با ا ة ى ل ٣ هذه المحكمة وايال شيت الخورى يوسَف اشعب الاجل لن نسوه ولسول عرب با به والوه الى الف وششيا,../data/muharaf_prepared_resized/train/train_016125.png,2025-11-26T21:05:06,Sana
train_005655,Valid but hard,,0.5163934426229508,القابلي النص فلاجل ذلك كان الواجب عليك او الاَّ تصغى له بالكليه او على الاقل لا تسنيد رأيك لهذا سريعا قبل ان تسمع ما يقوله,ال ل الل ال لكل الا الاجيب عل والاً صفى لة كليه وعلى الال لن بذك كر     له,../data/muharaf_prepared_resized/train/train_005655.png,2025-11-26T21:05:07,Sana
train_008947,Segmentation error,,0.5161290322580645,ابراهيم اىراهم الدرىىى ىوسف غصن,ابراهيم الراهي غن,../data/muharaf_prepared_resized/train/train_008947.png,2025-11-26T21:05:14,Sana
train_015968,Valid but hard,,0.5128205128205128,قبلنا الشراء احالة وكفالة / فرحات فرحات,قبل الشراء املة وكفة,../data/muharaf_prepared_resized/train/train_015968.png,2025-11-26T21:05:19,Sana
train_008853,Valid but hard,,0.5121951219512195,لسَيادتكم بما يجدً معنا ارجوا عدم ابراحي من دايرة الضمير مكراراً لثم انامكم الطاهرة  فى ٢٧ ايلول ١٩١٠             ولد سادكم,لسَيام م م نا ارو عدم ارايه من اية الضير مكرا تم ملكم الارة   سدكم,../data/muharaf_prepared_resized/train/train_008853.png,2025-11-26T21:05:27,Sana
train_016371,Valid but hard,,0.5120481927710844,معوض من محله وتبعته يتضمن لزوم رفع يده عن قطعة ارض توت وزيتون واقعة بخراج زغرتا وبلزوم تسَليمها للخورى منصور المذكور وبما ان هذا القرار مجحف بحقه لكون القطعة المرقومة,معن ن ن ه مه ر ري ع عطه ا ون وزيون وقعة بجراع رغا وبزم سَيها المحخور الخور وذو الا المر المر المور المقوعة ل مكم,../data/muharaf_prepared_resized/train/train_016371.png,2025-11-26T21:05:29,Sana
train_002347,Valid but hard,,0.5116279069767442,من عبد العزيز بن عبد الرحمن ال فيصل الى جناب الاجل الاكرم حضرة الاستاذ الجليل والمصلح الكبير امين افندي الريحاني المحترم دام بقاه,بعبد عبيد اليد الد ال الحل الجا الاجل الاكمن حضرة الاستاد الجيل والحك الي الن,../data/muharaf_prepared_resized/train/train_002347.png,2025-11-26T21:05:35,Sana
train_015735,Valid but hard,,0.5111111111111111,نبلغ حضرتكم صورة التعميم الصادر من المفتش العام المبلغ الينا بواسطة النيابة العامة الاستئنافية العلية المبين صورته اعلاه واقبلو احترامي,بلي م  ان ان الم اليم المبيغ النيا بوسَفة التباية المة الساية الية المة اة ا ال الية,../data/muharaf_prepared_resized/train/train_015735.png,2025-11-26T21:05:37,Sana
train_010802,Script mismatch (non-Arabic),,0.5102040816326531,"Mannington, N. Va. U.S.A., في ١٠ ايلول سنة ٩٣ 189",Man.NU. في ١٠ ايلول سنة ٩,../data/muharaf_prepared_resized/train/train_010802.png,2025-11-26T21:05:41,Sana
train_016208,Valid but hard,,0.5096774193548387,نومرو ٤٤ بلزوم اعطا اربعين رطل حنطة لفريم عيسَى خضر من رشكيده وتغريمه ريالين مجيدي بدل عطله وضرره واجرة الوكيل المسَمى قدم اسَتدعا الاعتراض عليه فاحيل لهذه,فعر ٤ ٤ ن ن  الل الي مين مسَ رن سكيده وتفريه ريالين مجي بول طله طورة وجوره الل المَم اسَ اا عا اا الله له,../data/muharaf_prepared_resized/train/train_016208.png,2025-11-26T21:05:46,Sana
train_014926,Valid but hard,,0.5094339622641509,خدا ... ستة منكم عبد الرحيم رستم درعرض مدة يادرين راه يا محلّ مقصود ازا انقضاء مدة ده مابدون رخصت يوسف ...,ف  كم م عبد الريم اسم درض مدة يادرين راه اتحل مقصود قي الذ القضا د,../data/muharaf_prepared_resized/train/train_014926.png,2025-11-26T21:05:51,Sana
train_016213,Valid but hard,,0.5093167701863354,المحاكمات الحقوقية وتغريمه للمعترض عليه ريالاً مجيدياً بدل عطله وضرره وتبلغ هذا القرار للمعترض عليه مواجهة علانية فى ١٣ ربيع اول /٣٠٥ و فى ١٦ ت٢/ ٣٠٣ ولاجله تحرر,المة التت التقق اق اليه عي باليا مجياً بل عطله وحره وتبلغ هذا القر الملترع عل الاة الاية او و ٣ ٣ال الجر,../data/muharaf_prepared_resized/train/train_016213.png,2025-11-26T21:05:53,Sana
train_016166,Valid but hard,,0.5093167701863354,بزعون ومات وترك ميراثاً عنه لولديه الخورى يوسَف وبشاره فخص كلاً منهما اثنى عشر قيراطاً ثم توفى بشاره عنه زوجته حنه بنت ابى فرج وبنتيه حوا وسَاره وعن شقيقه الخورى,بن وات ا ا ا لوى الوي وسَ وَاه خه حلا نها ان عشر رطا ثم توى باره رة منة ا بنه وا و وه وال لورى,../data/muharaf_prepared_resized/train/train_016166.png,2025-11-26T21:05:54,Sana
train_007099,Valid but hard,,0.5087719298245614,قصيدة غزلية عنوانها   .   .   .   تخمين من ايََّ سما خلقت,قصيدة عغزلية عنوانها  م     خقت,../data/muharaf_prepared_resized/train/train_007099.png,2025-11-26T21:05:57,Sana
train_007488,Valid but hard,,0.5072463768115942,اتركني انا الغصن الطري الكلو زرار      كل ما لعب فيي الهوا وهز القمار,اتركني انا الفصض الطري لكلا زا      ا,../data/muharaf_prepared_resized/train/train_007488.png,2025-11-26T21:06:10,Sana
train_008862,Valid but hard,,0.5040650406504065,وهو يوم الجمعه سَلبوا من ابنآ القبيات فى الطريق اربعة عشر بغل عدى النقود والحبوب واوسَعوهم ضرباً مولماً وحالتنا حرجه للغاية,وي اليه اة ة ا الت فى الطريق درية عزريل عو المور والو واسا و واً واً ولا وايه,../data/muharaf_prepared_resized/train/train_008862.png,2025-11-26T21:06:12,Sana
train_017602,Script mismatch (non-Arabic),,0.5,10,190,../data/muharaf_prepared_resized/train/train_017602.png,2025-11-26T21:06:17,Sana
train_016385,Valid but hard,,0.5,عدد ٢٠٠ مايتين,عد٠ وماين,../data/muharaf_prepared_resized/train/train_016385.png,2025-11-26T21:06:27,Sana
train_017791,Script mismatch (non-Arabic),,0.5,19,9,../data/muharaf_prepared_resized/train/train_017791.png,2025-11-26T21:06:30,Sana
train_018770,Valid but hard,,0.5,يزبك,بك,../data/muharaf_prepared_resized/train/train_018770.png,2025-11-26T21:06:35,Sana
train_019454,Segmentation error,,0.5,فآلمك ان يخبو نورُ ذلك النجم الوهَّاج،,فاكم ان حيت ذكر الزم الوُاج،,../data/muharaf_prepared_resized/train/train_019454.png,2025-11-26T21:06:42,Sana
train_016390,Valid but hard,,0.5,حاكم,حم,../data/muharaf_prepared_resized/train/train_016390.png,2025-11-26T21:06:48,Sana
train_018348,Script mismatch (non-Arabic),,0.5,R.C.17,R.7,../data/muharaf_prepared_resized/train/train_018348.png,2025-11-26T21:06:52,Sana
train_012169,Script mismatch (non-Arabic),,0.5,MK2A-7       1,MK2A-71,../data/muharaf_prepared_resized/train/train_012169.png,2025-11-26T21:06:56,Sana
train_014928,Valid but hard,,0.5,زورك دفتر يوسف ... ردو كارت مرقوم نمايم ومستحق بول نباشم وازطرف مائة خصوم دوليرة ...,ر و  شار و ساسم مرقوم تمايم وستحق ك قيل بناشم وانرف ما انه خوم وار,../data/muharaf_prepared_resized/train/train_014928.png,2025-11-26T21:06:59,Sana
train_013378,Script mismatch (non-Arabic),,0.5,85,5,../data/muharaf_prepared_resized/train/train_013378.png,2025-11-26T21:07:02,Sana
train_010679,Script mismatch (non-Arabic),,0.5,N.A.S.A.,NAA..,../data/muharaf_prepared_resized/train/train_010679.png,2025-11-26T21:07:08,Sana
train_000228,Irrelevant / signature,,0.5,مأمور مال كسروان,الال كروان,../data/muharaf_prepared_resized/train/train_000228.png,2025-11-26T21:07:20,Sana
train_005811,Script mismatch (non-Arabic),,0.5,"Alep, le","Melp, e",../data/muharaf_prepared_resized/train/train_005811.png,2025-11-26T21:07:23,Sana
train_017873,Script mismatch (non-Arabic),,0.5,23,3,../data/muharaf_prepared_resized/train/train_017873.png,2025-11-26T21:07:29,Sana
train_003939,Script mismatch (non-Arabic),,0.5,64,6,../data/muharaf_prepared_resized/train/train_003939.png,2025-11-26T21:08:07,Sana
train_015941,Irrelevant / signature,,0.5,انطانوسَ منصور نهرا طرزا,انبطانوسي مصورا,../data/muharaf_prepared_resized/train/train_015941.png,2025-11-26T21:08:12,Sana
train_021009,Valid but hard,,0.5,اخوك ميشال,اخك المشار,../data/muharaf_prepared_resized/train/train_021009.png,2025-11-26T21:08:28,Sana
train_017746,Script mismatch (non-Arabic),,0.5,17,1,../data/muharaf_prepared_resized/train/train_017746.png,2025-11-26T21:08:31,Sana
train_017684,Script mismatch (non-Arabic),,0.5,14,1,../data/muharaf_prepared_resized/train/train_017684.png,2025-11-26T21:08:33,Sana
train_017728,Script mismatch (non-Arabic),,0.5,16,15,../data/muharaf_prepared_resized/train/train_017728.png,2025-11-26T21:08:33,Sana
train_012463,Valid but hard,,0.5,قلي كميل شلهوب,قلي سكميل,../data/muharaf_prepared_resized/train/train_012463.png,2025-11-26T21:08:38,Sana
train_015272,Valid but hard,,0.5,بالسلامة وبعد فحص الوابور من حكم الكورنيته ...,وبلد حص الوابو من حليم المكو ع,../data/muharaf_prepared_resized/train/train_015272.png,2025-11-26T21:08:43,Sana
train_017644,Script mismatch (non-Arabic),,0.5,12,1,../data/muharaf_prepared_resized/train/train_017644.png,2025-11-26T21:08:46,Sana
train_003721,Script mismatch (non-Arabic),,0.5,٢ BEK2A-11 2,EKA-11,../data/muharaf_prepared_resized/train/train_003721.png,2025-11-26T21:09:01,Sana
train_019484,Script mismatch (non-Arabic),,0.5,16.6.32.,6.6.7,../data/muharaf_prepared_resized/train/train_019484.png,2025-11-26T21:09:06,Sana
train_006252,Script mismatch (non-Arabic),,0.5,EٍS4A-3  1,ES1A-1,../data/muharaf_prepared_resized/train/train_006252.png,2025-11-26T21:09:10,Sana
train_016453,Valid but hard,,0.5,فقط قيراط عدد ٣ واثنا عشر حبه لا غير,قط  اننا عشر جيه لا يا,../data/muharaf_prepared_resized/train/train_016453.png,2025-11-26T21:09:17,Sana
train_002184,Valid but hard,,0.5,امين,ام,../data/muharaf_prepared_resized/train/train_002184.png,2025-11-26T21:09:28,Sana
train_006343,Script mismatch (non-Arabic),,0.5,ES4A-4,S1A-1,../data/muharaf_prepared_resized/train/train_006343.png,2025-11-26T21:09:31,Sana
train_020257,Script mismatch (non-Arabic),,0.5,18 . 5 -68,. 5.68,../data/muharaf_prepared_resized/train/train_020257.png,2025-11-26T21:09:36,Sana
train_010694,Script mismatch (non-Arabic),,0.5,Hi,H,../data/muharaf_prepared_resized/train/train_010694.png,2025-11-26T21:09:40,Sana
train_010669,Script mismatch (non-Arabic),,0.5,125670,150,../data/muharaf_prepared_resized/train/train_010669.png,2025-11-26T21:09:46,Sana
train_008016,Script mismatch (non-Arabic),,0.5,JPK2B-42 	3	٣),JPK2-4),../data/muharaf_prepared_resized/train/train_008016.png,2025-11-26T21:09:47,Sana
train_013448,Script mismatch (non-Arabic),,0.5,86,85,../data/muharaf_prepared_resized/train/train_013448.png,2025-11-26T21:09:51,Sana
train_007682,Script mismatch (non-Arabic),,0.5,JEH2E1-618,JEH2-2,../data/muharaf_prepared_resized/train/train_007682.png,2025-11-26T21:09:54,Sana
train_017894,Script mismatch (non-Arabic),,0.5,24,22,../data/muharaf_prepared_resized/train/train_017894.png,2025-11-26T21:09:58,Sana
train_014825,Valid but hard,,0.5,عليّ بفرح:,حت بفرح,../data/muharaf_prepared_resized/train/train_014825.png,2025-11-26T21:10:03,Sana
train_013943,Wrong transcription,,0.5,٢٤,٢٣,../data/muharaf_prepared_resized/train/train_013943.png,2025-11-26T21:10:10,Sana
train_018494,Script mismatch (non-Arabic),,0.5,Krougar Attallah,Kro A tah,../data/muharaf_prepared_resized/train/train_018494.png,2025-11-26T21:10:14,Sana
train_011729,Script mismatch (non-Arabic),,0.5,MG1-61,MG-7,../data/muharaf_prepared_resized/train/train_011729.png,2025-11-26T21:10:39,Sana
train_020064,Valid but hard,,0.5,طلعت,طت,../data/muharaf_prepared_resized/train/train_020064.png,2025-11-26T21:10:47,Sana
train_008665,Valid but hard,,0.5,قوة تشليح رسول من ممنع حامل بوسطة من طرابلس الى دير الكرمليين خمسة ريالات مجيدى غب الضرب واشهار السلاح,تكري س ني حال بسطة طابس ال دير الكرين سرة با   الر والش الا,../data/muharaf_prepared_resized/train/train_008665.png,2025-11-26T21:11:00,Sana
train_010727,Script mismatch (non-Arabic),,0.5,tape,pe,../data/muharaf_prepared_resized/train/train_010727.png,2025-11-26T21:11:11,Sana
train_017666,Script mismatch (non-Arabic),,0.5,13,3,../data/muharaf_prepared_resized/train/train_017666.png,2025-11-26T21:11:14,Sana
train_018493,Script mismatch (non-Arabic),,0.5,62,2,../data/muharaf_prepared_resized/train/train_018493.png,2025-11-26T21:11:16,Sana
train_017923,Valid but hard,,0.5,اسعد غبريل,سعد ىووي,../data/muharaf_prepared_resized/train/train_017923.png,2025-11-26T21:11:23,Sana
train_018573,Script mismatch (non-Arabic),,0.5,Comité National de Musique au Liban (UNESCO),Coitoal dy Maiqe au  (UN,../data/muharaf_prepared_resized/train/train_018573.png,2025-11-26T21:11:35,Sana
train_017932,Script mismatch (non-Arabic),,0.5,de 192,de 0,../data/muharaf_prepared_resized/train/train_017932.png,2025-11-26T21:11:37,Sana
train_011114,Script mismatch (non-Arabic),,0.5,"K. JOSEPH BROS.,","KJOH BS,",../data/muharaf_prepared_resized/train/train_011114.png,2025-11-26T21:11:43,Sana
train_002546,Segmentation error,,0.5,١٣٤٣ ٢٢ ج٢,١٣٤٩ ٢,../data/muharaf_prepared_resized/train/train_002546.png,2025-11-26T21:11:47,Sana
train_016433,Valid but hard,,0.5,مقدار مسَاحتها نومرو ١٤٧ حـ ١٢ ق ٢,مقدار سَامتها تم ٤ ٤,../data/muharaf_prepared_resized/train/train_016433.png,2025-11-26T21:11:56,Sana
train_018652,Valid but hard,,0.5,باسَيل,بايسل,../data/muharaf_prepared_resized/train/train_018652.png,2025-11-26T21:11:59,Sana
train_008604,Valid but hard,,0.5,سبعين راس ماعز الى عبدالله عبود زهر من اراضي القرية ومرًة بارض الجومه فى رابعة النهار على رآي اعين كثيرة,سعين ما ل لعياه عبود هر من اري ية ورية ارة ة ا اة اية الية اي ية,../data/muharaf_prepared_resized/train/train_008604.png,2025-11-26T21:12:04,Sana
train_015825,Valid but hard,,0.5,كاتب,كا,../data/muharaf_prepared_resized/train/train_015825.png,2025-11-26T21:12:12,Sana
train_017820,Script mismatch (non-Arabic),,0.5,21,2,../data/muharaf_prepared_resized/train/train_017820.png,2025-11-26T21:12:15,Sana
train_005581,Irrelevant / signature,,0.5,اغناطيوس,نمناطوسد,../data/muharaf_prepared_resized/train/train_005581.png,2025-11-26T21:12:26,Sana
train_016704,Valid but hard,,0.5,غروش,غردشي,../data/muharaf_prepared_resized/train/train_016704.png,2025-11-26T21:12:30,Sana
train_019977,Script mismatch (non-Arabic),,0.5,ys- 4C - 067,ys-4c-04,../data/muharaf_prepared_resized/train/train_019977.png,2025-11-26T21:12:34,Sana
train_020839,Script mismatch (non-Arabic),,0.5,COMERCIANTES Y COMISIONISTAS,CORMCANES Y CNOIOII,../data/muharaf_prepared_resized/train/train_020839.png,2025-11-26T21:12:37,Sana
train_004533,Valid but hard,,0.5,بقسنيه,فتسيه,../data/muharaf_prepared_resized/train/train_004533.png,2025-11-26T21:12:59,Sana
train_003435,Irrelevant / signature,,0.5,المطران بولس عقل,الطرن يوسف,../data/muharaf_prepared_resized/train/train_003435.png,2025-11-26T21:13:07,Sana
train_006110,Script mismatch (non-Arabic),,0.5,(٤ 4,(٤),../data/muharaf_prepared_resized/train/train_006110.png,2025-11-26T21:13:24,Sana
train_013532,Script mismatch (non-Arabic),,0.5,35,5,../data/muharaf_prepared_resized/train/train_013532.png,2025-11-26T21:13:25,Sana
train_020131,Script mismatch (non-Arabic),,0.5,7-7-17,7-1,../data/muharaf_prepared_resized/train/train_020131.png,2025-11-26T21:13:29,Sana
train_015518,Segmentation error,,0.5,نومرو ٧٠ سبعون,و ٣ سَبعون,../data/muharaf_prepared_resized/train/train_015518.png,2025-11-26T21:13:44,Sana
train_015448,Segmentation error,,0.5,نمرو ٦٧ سبعة وستين,ن٣ سبعة وشيد,../data/muharaf_prepared_resized/train/train_015448.png,2025-11-26T21:13:53,Sana
train_005234,Script mismatch (non-Arabic),,0.5,ROMA,BOM,../data/muharaf_prepared_resized/train/train_005234.png,2025-11-26T21:14:42,Sana
train_000163,Script mismatch (non-Arabic),,0.5,AF-279,AF-322,../data/muharaf_prepared_resized/train/train_000163.png,2025-11-26T21:14:44,Sana
train_009514,Segmentation error,,0.5,نومرو ١٠,عنور ٠,../data/muharaf_prepared_resized/train/train_009514.png,2025-11-26T21:14:53,Sana
train_018916,Script mismatch (non-Arabic),,0.5,YFS1A-10,YS-1,../data/muharaf_prepared_resized/train/train_018916.png,2025-11-26T21:14:58,Sana
train_008302,Script mismatch (non-Arabic),,0.5,JPK2B-78			1,JPK2-1,../data/muharaf_prepared_resized/train/train_008302.png,2025-11-26T21:15:00,Sana
train_012610,Valid but hard,,0.5,عنه  .,عن.,../data/muharaf_prepared_resized/train/train_012610.png,2025-11-26T21:15:07,Sana
train_000012,Valid but hard,,0.5,الشوير,الشررس,../data/muharaf_prepared_resized/train/train_000012.png,2025-11-26T21:15:22,Sana
train_007453,Script mismatch (non-Arabic),,0.5,JEH2A2-202,JEH2-9,../data/muharaf_prepared_resized/train/train_007453.png,2025-11-26T21:15:25,Sana
train_011704,Valid but hard,,0.5,وديع,وع,../data/muharaf_prepared_resized/train/train_011704.png,2025-11-26T21:15:29,Sana
train_014320,Valid but hard,,0.5,٠٧,٧,../data/muharaf_prepared_resized/train/train_014320.png,2025-11-26T21:15:30,Sana
train_010929,Valid but hard,,0.5,١٩٠٢,١٩,../data/muharaf_prepared_resized/train/train_010929.png,2025-11-26T21:16:10,Sana
train_017981,Script mismatch (non-Arabic),,0.5,Parà  Brazil,arà   a,../data/muharaf_prepared_resized/train/train_017981.png,2025-11-26T21:16:13,Sana
train_017852,Script mismatch (non-Arabic),,0.5,22,2,../data/muharaf_prepared_resized/train/train_017852.png,2025-11-26T21:16:22,Sana
train_011201,Script mismatch (non-Arabic),,0.5,SALEM JOSEPH,DLAE JEPH,../data/muharaf_prepared_resized/train/train_011201.png,2025-11-26T21:16:25,Sana
train_001402,Valid but hard,,0.5,كيف أعيش,كبيب راعيش,../data/muharaf_prepared_resized/train/train_001402.png,2025-11-26T21:16:31,Sana
train_013302,Script mismatch (non-Arabic),,0.5,84,4,../data/muharaf_prepared_resized/train/train_013302.png,2025-11-26T21:16:49,Sana
train_015579,Valid but hard,,0.5,نمرو,لومرو,../data/muharaf_prepared_resized/train/train_015579.png,2025-11-26T21:16:53,Sana
train_012863,Script mismatch (non-Arabic),,0.5,25,5,../data/muharaf_prepared_resized/train/train_012863.png,2025-11-26T21:16:58,Sana
train_015711,Script mismatch (non-Arabic),,0.5,GAJE 3G-28 2,QAJG-22,../data/muharaf_prepared_resized/train/train_015711.png,2025-11-26T21:17:02,Sana
train_017769,Valid but hard,,0.5,شي,شيء,../data/muharaf_prepared_resized/train/train_017769.png,2025-11-26T21:17:04,Sana
train_015679,Script mismatch (non-Arabic),,0.5,QAJE 3G-20,QAJ30,../data/muharaf_prepared_resized/train/train_015679.png,2025-11-26T21:17:09,Sana
train_009191,Valid but hard,,0.5,الحقير انطون,ة انطون,../data/muharaf_prepared_resized/train/train_009191.png,2025-11-26T21:17:28,Sana
train_004718,Script mismatch (non-Arabic),,0.5,.MARONITARUM,MA TRUM,../data/muharaf_prepared_resized/train/train_004718.png,2025-11-26T21:17:31,Sana
train_009272,Valid but hard,,0.5,نمره ٣,مر ٥,../data/muharaf_prepared_resized/train/train_009272.png,2025-11-26T21:17:36,Sana
train_010725,Script mismatch (non-Arabic),,0.5,Basket,Bke,../data/muharaf_prepared_resized/train/train_010725.png,2025-11-26T21:17:41,Sana
train_009724,Valid but hard,,0.5,شفة.,سفة .,../data/muharaf_prepared_resized/train/train_009724.png,2025-11-26T21:17:46,Sana
train_014103,Irrelevant / signature,,0.5,نائِب الرئيسَ شكري كنعان,ب ارئسَ شك ن,../data/muharaf_prepared_resized/train/train_014103.png,2025-11-26T21:18:00,Sana
train_001152,Valid but hard,,0.5,الموظف,رسموضف,../data/muharaf_prepared_resized/train/train_001152.png,2025-11-26T21:18:32,Sana
train_016381,Valid but hard,,0.4970414201183432,تلاوة اسَتدعا المدعى ومصادقة وكيله عليه واكتفايه بهِ سَئل وكيل المدعى عليه عما يجيبه فاجاب ان القطعه المحرره هى ملك موكله واضع اليد عليها ومتصرف بها التصرف التام بمشاهدة,الاة وسَاد ولدعة واعه العيه اليه ويه ويه يَيل المدى عليه عي يه بجا بان الط المرى الكم ململهم ال ا الا الا الا الا الا دة,../data/muharaf_prepared_resized/train/train_016381.png,2025-11-26T21:18:38,Sana
train_008858,Valid but hard,,0.4962962962962963,للقبيات واشاعة خبر القرعه ضجًت الاهالي من اعادة السَابق وطلبوا منه الدراهم التى اخذها من بعضهم في المده الماضيه بدون ان يحصلوا على ثمره,الة اة ارة ارة ات الا ن ارة السَايق والبوا من الدهم الق خا بيم مه الم ال ال الن الان الره,../data/muharaf_prepared_resized/train/train_008858.png,2025-11-26T21:18:41,Sana
train_016109,Valid but hard,,0.4933333333333333,دين سَابق ولا يتم ذلك الا بافلاسَ البايع وبما ان الكفالة المعلقة بالشرط لا يطالب الكفيل بها ما لم يتحقق الشرط كما فى المادة الـ ٦٣٦ من المجلة فقد تقرر,بة نة وان وا الا الا الا الاب بان لكالة العلقة باتطرا طبال اليه لم يا لا الاق المة المة ل٦١٦ة المة الم قر,../data/muharaf_prepared_resized/train/train_016109.png,2025-11-26T21:18:43,Sana
train_016336,Valid but hard,,0.4931506849315068,المتضمن الحكم عليه برفع يده عن اوضة واقعة بخراج البترون وبوجوب تسَليمها للقسَ هرون الاميركانى القاطن طرابلوس وبلزمه دفع اجرتها بحسَاب كل يوم غرشين,بال م م ععيه عيه ه انانة اوعة بحجا ابرون وبوب سَليما للقسَ رون المارا الاط طسَ وروَ و     ششين,../data/muharaf_prepared_resized/train/train_016336.png,2025-11-26T21:18:49,Sana
train_003730,Valid but hard,,0.4931506849315068,"ناهيك بالمنتدى الذي اسسه رواد جريدة ""البرق"" وكان يجمع بين لبنانيين مقيمين",اني بالمنوى الذي اسه رواد جرة ار     ين,../data/muharaf_prepared_resized/train/train_003730.png,2025-11-26T21:18:57,Sana
train_016290,Valid but hard,,0.4930555555555556,نظاماً لعدم تسَجيل صكها وان البيع غير معتبر ايضاً لان المبنى على الباطل باطل فقد حكم باتفاق الاراء بنقض القسَمة والبيع المحررين الصحيفة التاسَعة,ماً ا    ا  ماً الا المبن على الجلي ل قدكم بالقاق الار ان السَة وال الية الة السَعة,../data/muharaf_prepared_resized/train/train_016290.png,2025-11-26T21:19:00,Sana
train_005709,Valid but hard,,0.4916666666666666,"التجى اليكم..."" مما مرَّ يتوضح لك فساد هذا القول من جهة اخرى انت تعرف ان الريس توجةَ العام الماضي الى لبنان فوكلوا علينا",.  م يو لك سا ذا القول من جة اخري ان تقرف الاري الس ال الن اا ا ل ينا,../data/muharaf_prepared_resized/train/train_005709.png,2025-11-26T21:19:03,Sana
train_008631,Valid but hard,,0.490566037735849,٨ تشليج بغلين لمخول موسى وهبه فى طريق المشتى العام مع حمولتهما نهاراً واستفكهما بسبعين ريال مجيدى من الحاج,ليل ليل نون وس وبه فى طريق الشن الدام مع عتها ها واتكنا ين   اع,../data/muharaf_prepared_resized/train/train_008631.png,2025-11-26T21:19:05,Sana
train_014934,Valid but hard,,0.4888888888888889,وكان ذاك ١٣ شهر شعبان مطابق عشرة مارس ...١٨٩٣,وكان ذالك . شر شغبا ٩١ مطاب قراً سر  ٩,../data/muharaf_prepared_resized/train/train_014934.png,2025-11-26T21:19:10,Sana
train_016134,Valid but hard,,0.4878048780487805,لنا بيـ ـه وقبض ثمنه المتصل الينا بالارث الشرعى من جدنا شمشوم المتوفى من مدة واحد وعشرين سَنة وبالارث الشرعى من والدتنا صاره ابنة بشارة الخورى اشعيا المتوفية من مدة,النن ن ن ن ان الان الا الرع من ما تشروم المقى منمدة واحد وعرين سنة وبلا ثر من اه  ب اة الة المة مدة,../data/muharaf_prepared_resized/train/train_016134.png,2025-11-26T21:19:12,Sana
train_005852,Valid but hard,,0.4875,قدس السيد الجليل والحبر النبيل الكلي الشرف والجزيل الاحترام ادام الله شريف وجوده,الديد السي الجليل والالي الزيز الحري الارام الم   وه,../data/muharaf_prepared_resized/train/train_005852.png,2025-11-26T21:19:14,Sana
train_002846,Valid but hard,,0.4871794871794871,٥ كانون الثانى سنة ١٩٣٤		(أمين الحسيني),ان ان ٩			(رأين الحسني),../data/muharaf_prepared_resized/train/train_002846.png,2025-11-26T21:19:24,Sana
train_016286,Valid but hard,,0.4868421052631579,البينة من وكيل المدعى لاثبات دعواه سنداً على الفقرة الاخيرة من المادة الـ١٨١٧ من المجلة وابلغ هذا القرار للفريقين وسَئل الوكيل المذكور تسمية شهوده فاجاب,المبيية ية ى ن ادان عدا د علىة لقاة الارة من المادة ال ١ امن المجلة ولالاه ار القروير بلي الكل ال ال وه و اب,../data/muharaf_prepared_resized/train/train_016286.png,2025-11-26T21:19:26,Sana
train_005922,Valid but hard,,0.4854368932038835,وفي الختام اكرر لثم اناملكم الطاهرة واسَتمد غيث بركتكم الرسولية طالبا رضاكم على قسيمكم في احزانكم ولدكم,وم م اكم الماكة الارة وسَع تين بركم المروية جا اكم على ي م م م كم,../data/muharaf_prepared_resized/train/train_005922.png,2025-11-26T21:19:28,Sana
train_016017,Valid but hard,,0.4848484848484848,وسَتين قرشاً بموجب كمبيالتين مسَتحقتين الاداء على حنا اسَطفان الحواط واسَطفان طنوس فياض وولده يوسَف صيادة اسَفنج عثمانيين من البترون,وسَن ي ي ين تقين الاة على نا اسَطان الحوط واسَطفان طونى فاف و ويسد سَسف س   الون,../data/muharaf_prepared_resized/train/train_016017.png,2025-11-26T21:19:29,Sana
train_016320,Valid but hard,,0.4846625766871165,عوض ثلاثة اشهر عن كل يوم ثلاثة عشر قرشاً الف وماية وسَبعين اجرة الرد على الاعتراض مع اجرة الرسَول لجلب اللابحة ٦٠ اجرة تبييض مضبطه على مرتين بامر الشيخ نوفل المعلم,مة لة الة اشلا الة شعا قا الماة وسَين اجرة الر عى الاعتراض ى اجرة السَل لة الجة اجر ار ا ر ا الا الا ل مقلم,../data/muharaf_prepared_resized/train/train_016320.png,2025-11-26T21:19:31,Sana
train_004383,Valid but hard,,0.4838709677419355,مِطرَانيَةُ بَيرُوت المارونيَّة,مطرانية يَزون الملاية,../data/muharaf_prepared_resized/train/train_004383.png,2025-11-26T21:19:34,Sana
train_008855,Valid but hard,,0.4836065573770491,غب لثم انامكم الطاهرة والتماس بركتكم الالهية نعرض من بعد مفارقة سَيادتكم بالسَلامه توجهت لعكار مررنا لحلبا مركز قضانا وجدت,غبم ثم كم ااركم الركة ااكمة الابة تضر ن مبعد مافة سَيادتكم بالسَام وجاها لا ا ا ا ا دا,../data/muharaf_prepared_resized/train/train_008855.png,2025-11-26T21:19:43,Sana
train_007812,Valid but hard,,0.4833333333333333,وبقلك تهني يا زينة هالبنات     ومية سنه انشالله تعيشي يا ندى,وبتلك تهنيل ي زينة هالبنات     هم سة,../data/muharaf_prepared_resized/train/train_007812.png,2025-11-26T21:19:52,Sana
train_020511,Valid but hard,,0.4827586206896552,اليوم سأذهب عند صاحبكم. [...] تبع الأوراق للآن بعد ما ذهبت,وسا هب عند صاحبكم وند ن بجع الاورق الان ما,../data/muharaf_prepared_resized/train/train_020511.png,2025-11-26T21:19:54,Sana
train_009132,Valid but hard,,0.4818181818181818,ارزاقنا ورهبوا مزروعاتنا وكذلك في الليل لا نقدر ان ننام من كثرة الحرام وصارو يمشوا على قتلنا وعلى تقطيع نصوبنا,اراا ها وها رنا وك في اليل لانقور ان نسَاع من شتر المر وا و ل ل   ينا,../data/muharaf_prepared_resized/train/train_009132.png,2025-11-26T21:19:57,Sana
train_011689,Script mismatch (non-Arabic),,0.4814814814814814,COLLEGE ST JOSEPH D'ANTOURA,COE T JOEPH 'R,../data/muharaf_prepared_resized/train/train_011689.png,2025-11-26T21:20:00,Sana
train_011896,Valid but hard,,0.4810126582278481,بزيارتكم لافتقاد خاطركم العزيز قبلَ مهاجرتكم البلاد واذا صحَّ ذلك يكون أحد أيام,براكم ا احاكم العزيز زقل مهاجرتكم الباد وا    ى,../data/muharaf_prepared_resized/train/train_011896.png,2025-11-26T21:20:10,Sana
train_005599,Valid but hard,,0.4810126582278481,على البعد لكن لايمكن ذلك بحيث انه لا يأتي لعندنا بالتنزيهه كون معه كل التنزيهات,على الحال كل ليا كن ذك بحت ان ليبأني عدنا انذكه يه  ع ايت,../data/muharaf_prepared_resized/train/train_005599.png,2025-11-26T21:20:14,Sana
train_009208,Valid but hard,,0.4809160305343511,رضاكم وتشريفي بما يلزم في الخدم مكررًا لثم اناملكم ثانيًا وثالثا فى ١٦ ت١ ٩١                                            مسىمد دعاكم,اكم تشري ما يلزم من الخدم م  انا ملكم ثانيا وتالا في  ت                 دىم,../data/muharaf_prepared_resized/train/train_009208.png,2025-11-26T21:20:15,Sana
train_008416,Irrelevant / signature,,0.48,سَمد الدعا اولاد سَيادتكم,سَمد الدي ادنكمكم,../data/muharaf_prepared_resized/train/train_008416.png,2025-11-26T21:20:24,Sana
train_010668,Script mismatch (non-Arabic),,0.4788732394366197,"NASA TOURS Conducted by TWA, P.O. Box 21222, Kennedy Space Center, Fla.","NOA CT Cute by W, P. Bx 2, ney Spe e, Fe.",../data/muharaf_prepared_resized/train/train_010668.png,2025-11-26T21:20:31,Sana
train_016314,Valid but hard,,0.4782608695652174,فطلب امين المدعى عليه استئنافه ولذا ربط القرار المذكور باعلام وتسَلم للفريقين وتوقفت الدعوى ثم بتاريخ ١٦ ت٢ ٣٠٣ حضر الفريقان وقدم وكيل المعترض عليه اعلاما صادراً,ف ن العى اله النه َاه واريه القرار المذكور بعلام وتسلم للقويقي وف الدوم مى تا ض ي ويل الول الل الل الملا مداً,../data/muharaf_prepared_resized/train/train_016314.png,2025-11-26T21:20:41,Sana
train_003827,Valid but hard,,0.4782608695652174,يا ليت مرا تزورنا للدور,بالدت م مزوائا اللوول,../data/muharaf_prepared_resized/train/train_003827.png,2025-11-26T21:20:50,Sana
train_016236,Valid but hard,,0.4782608695652174,عصو                 عصو                    ريس,عصو   عصو              س,../data/muharaf_prepared_resized/train/train_016236.png,2025-11-26T21:20:51,Sana
train_000246,Valid but hard,,0.4782608695652174,تحريرًا فى ٢٧ اذار ١٩٣٥,تحررا فى٧ اذ٦,../data/muharaf_prepared_resized/train/train_000246.png,2025-11-26T21:21:01,Sana
train_015148,Valid but hard,,0.4772727272727273,ومحطات و...ساروني (مسكنه ساعة ٧) كطريق معسكر,ووطات وكوفك وساروي (مسكنه سعة  اطارق,../data/muharaf_prepared_resized/train/train_015148.png,2025-11-26T21:21:06,Sana
train_016112,Valid but hard,,0.4765100671140939,شهيرة عند النهر نمرو ٣٠٠ قيراط ٤ يحدها قبلة ملك الشيخين كنعان ونوهرا الضاهر وشرقاً وشمالاً مجرا ما وغرباً ملك عبدالله اسَحق وبقطعة توت وزيتون بالتلال,يه ن  ٥ ٠ ا قابلة مك الشيال كفان ونها الضاهر شراً وشماً براما عغاً م ع ل السق قة وقته وا اللال,../data/muharaf_prepared_resized/train/train_016112.png,2025-11-26T21:21:09,Sana
train_005714,Valid but hard,,0.4761904761904761,الطرد تلميذ اكليريكي راهب ناذر العمال المسيحى ؟؟؟ اترك ما سببَّ طرد هذا الانسان ثاني مره لانى ضجرت ! ! !.,الطاد بي المكيكي راب اذر الهمل السيم ؟ اكرما بَ هرها الان ة    !,../data/muharaf_prepared_resized/train/train_005714.png,2025-11-26T21:21:12,Sana
train_016343,Valid but hard,,0.4758620689655172,وانطانوس جبور الكوسَا وانطانيوس الخواجه وبطرس مخايل فرنجيه وبطرس جبور سَعاده وسَمعان انطانيوس بو دراع وسَليمان تادروسَ القسَ حنا وحنا بطرس المصرى,وانان ن ون اوسَ واوس ولوس وجر جرين نريه ورس جور سَاده وسَمعان انطانوي وَ وميا ا َ سا ا  رى,../data/muharaf_prepared_resized/train/train_016343.png,2025-11-26T21:21:15,Sana
train_016259,Valid but hard,,0.4743589743589743,الواقعة بخراج قرية بلا ملكهما وفى يدهما و تصرفهما من مدة مديدة فتلتمسَان جلب يوسَف المحرر لاجل اسَتماع دعواهما والحكم بنقض قرار الحجز والطرح المحرر ولدى طلب,ال ة قة ة اه لا يها ورصها من مدة ديده فلتمنان جل وَف المحر ال اسَا وهم ل الر الر الر الرر ال ل,../data/muharaf_prepared_resized/train/train_016259.png,2025-11-26T21:21:36,Sana
train_009281,Valid but hard,,0.4729729729729729,ج ان اخلاقه كانت ممدوحة وكان متدينًا - تلي تقريره عليه فاثبته بامضاىه كاتب,ان ان الخاله ان محدوضه وكان موديا تيل تقريه لايا با اكه,../data/muharaf_prepared_resized/train/train_009281.png,2025-11-26T21:21:41,Sana
train_020447,Valid but hard,,0.4727272727272727,تكونوا جميعكم بخير وسلام اعرف عنكم ولفي فكري عندكم مركب,و محيكم حر وسلامه الرف وعكم وتقى ترك عكم وقرك,../data/muharaf_prepared_resized/train/train_020447.png,2025-11-26T21:21:46,Sana
train_016351,Valid but hard,,0.4727272727272727,غيرهم واجاب وكيل المدعى عليه ان شهوده هم سَركيسَ جبور ديب ومخايل الياسَ الخورى وابنه البدوى وسَاسَين غسَطين وفياض فرنسَيسَ دحدح وسَليم مخايل الصوص ويوسَف موسَى انطون,غبرا ام الا اليه اليه لهيه هده مه سَرير وب بمخايل ايسَ الخورى ابة البوى وسَ سَي ونين وسَيَ وي وي ولويى ووَ ويَوَ وَ سَطون,../data/muharaf_prepared_resized/train/train_016351.png,2025-11-26T21:21:49,Sana
train_014177,Valid but hard,,0.4722222222222222,نائب رئيسَ بلدية كفرشيما نعوم القارح,نائب رئس بلدي اكفرشسَيا ا,../data/muharaf_prepared_resized/train/train_014177.png,2025-11-26T21:22:10,Sana
train_008758,Valid but hard,,0.4716981132075472,من رعيتهم فالقرية لا تقبل الجناز الا فى كنيسة الدير وحضراتهم لا يتنازلون الى اخذ الازن ولا يذهبون مع الجثه,م ي م ا ال الجان الاف نيسَة الدير وخضرتكم ل بتوا الى الذى الذى ا ا ا لبه,../data/muharaf_prepared_resized/train/train_008758.png,2025-11-26T21:22:16,Sana
train_018230,Script mismatch (non-Arabic),,0.4705882352941176,Krouger A ttallah,Monr Attalh,../data/muharaf_prepared_resized/train/train_018230.png,2025-11-26T21:22:20,Sana
train_010784,Script mismatch (non-Arabic),,0.4705882352941176,"MODI & K. JOSEPH,","FO & JEPH,",../data/muharaf_prepared_resized/train/train_010784.png,2025-11-26T21:22:22,Sana
train_005675,Valid but hard,,0.4705882352941176,الثقه الكبرى نسَلمه بعض اسراره وعندما يريد ان يقدم نتيجة حسابه للروسا الاكبر منه فى راس السنة يكلف ذلك,الي يه ين ن عه ره وعينما ري ن يقدم تينجة حر للريسا الاكن منرن ارسة اة  لك,../data/muharaf_prepared_resized/train/train_005675.png,2025-11-26T21:22:26,Sana
train_016265,Valid but hard,,0.4705882352941176,مجيديه بدل مصارفات الدعوى وتبلغ هذا الحكم للمعترض على المذكور مواجهة علانية فى ١٥ ربيع اول ٣٠٥ و ١٨ تشرين الثانى /٣٠٣ ولا جله تحرر هذا الاعلام نسَختين من,ييد د عا العوى وبغ هذا الحكم لمعفرض على المذكور وراجة علية ١ بري ٣ ٣ ال ا الا الا الا لا سَمن,../data/muharaf_prepared_resized/train/train_016265.png,2025-11-26T21:22:27,Sana
train_020845,Script mismatch (non-Arabic),,0.4705882352941176,Telegrafo: MALLUK,Celfo: SMAUK,../data/muharaf_prepared_resized/train/train_020845.png,2025-11-26T21:22:30,Sana
train_015997,Valid but hard,,0.4693877551020408,ويوسَف اولاد سَركيسَ شبيعا وغرباً ملك اولاد شبل الخورى وان ميلان وحنا ابنى الخورى جبرايل جبران من بشرى قد وضعا يدهما على القطعة المحرره بغير وجه حق,وَاف ت ي يا واب لم الوا ليل الخورى وان يلان وحنا البن الخورى جاب بجريان مين ن دي عده له المه المروره الر اق,../data/muharaf_prepared_resized/train/train_015997.png,2025-11-26T21:22:33,Sana
train_016281,Valid but hard,,0.4689655172413793,فرنجيه من اهدن وغب حلفه اليمين شهد بوجه المدعى عليه ان القطعة الارض الشهيرة بغضة الجور وحدودها تحديداً مطابقاً للتحديد المدرج فى الاستدعا ملك رزق,ه ن اه اه اليه يه شجيه اع لعليه ان الفظه الارض الشهرية بقضة الجور وحدها حدً باً الا ال الم ال ا  ذرقت,../data/muharaf_prepared_resized/train/train_016281.png,2025-11-26T21:22:35,Sana
train_017995,Script mismatch (non-Arabic),,0.46875,"Paris, le م ١٤ حزيران سنة ٩٢٢ ١٩",Ma ١٤ حزيران سنة ٩,../data/muharaf_prepared_resized/train/train_017995.png,2025-11-26T21:22:40,Sana
train_016205,Valid but hard,,0.4675324675324675,والاعتراض تبلغ لوكيل المدعين فى ١٦ ت٢ سنة ٣٠٣ وفى ١٣ ربيع اول ٣٠٥ ولاجله تحرر هذا الاعلام نسَختين من محكمة بداية قضا البترون يعرض على عزتلو قايمقام الافخم,والاقارض الريض اي  يى ل ن  ٣ ولبي ال ٣ ولال تحر هذا الاعا نسَخين من حكم بدي ضين التضو عى ع  ى ال اخم,../data/muharaf_prepared_resized/train/train_016205.png,2025-11-26T21:22:45,Sana
train_005682,Valid but hard,,0.4672131147540984,لك فى هذا المعني ليس ليطلعوك على الحقيقه بل ليبينوا غرضهم وبما انهم يعرفوك تحبني ولا ترغب ان اكون مغشوشاً ظنوا انهم سيحموك,يع عل الحقيق بله بينا ورضهم بمانهم يفرفوك تجبني ولا رع ان اكون موً انا ن,../data/muharaf_prepared_resized/train/train_005682.png,2025-11-26T21:23:00,Sana
train_018545,Script mismatch (non-Arabic),,0.4666666666666667,Toufic El Bacha,To El Baal,../data/muharaf_prepared_resized/train/train_018545.png,2025-11-26T21:23:02,Sana
train_002318,Script mismatch (non-Arabic),,0.4666666666666667,MANAGING EDITOR,MAN ETOR,../data/muharaf_prepared_resized/train/train_002318.png,2025-11-26T21:23:03,Sana
train_010093,Valid but hard,,0.4666666666666667,الخوري ىولس غصن,الخورى لوسف,../data/muharaf_prepared_resized/train/train_010093.png,2025-11-26T21:23:09,Sana
train_016131,Valid but hard,,0.4666666666666667,التى باعها ابتداءً من سنة ٨٨٠ للان بخراج قريتها المحررتين وتبلغ هذا القرار للفريقين مواجهة واجلت الجلسَة لنهار الخميسَ فى ١٢ ت٢ سنة ٣٠٣ وبالوقت المعين,الا ان ان    الاج رياها المحرين وتبلغ هذا القرار لقين مواجة واجة الجتلة الاي الس س    ت والين,../data/muharaf_prepared_resized/train/train_016131.png,2025-11-26T21:23:12,Sana
train_009372,Valid but hard,,0.4666666666666667,فانكم لا تجهلون بأننا ذقنا الامرَّين حتى بلغنا بمساعيكم الى عصر الانتداب الافرنسي وتخلصنا من نير العبوديه,فم لام ها ونا نا الارين حتيلنا بماعيم لى صد الات والاورف ون  ال اليه,../data/muharaf_prepared_resized/train/train_009372.png,2025-11-26T21:23:16,Sana
train_015019,Valid but hard,,0.4666666666666667,انهم ... فهم طحين معهم بيوت قط,م .. و.. فهم طن منهم ب,../data/muharaf_prepared_resized/train/train_015019.png,2025-11-26T21:23:18,Sana
train_022087,Valid but hard,,0.4666666666666667,تسعمئة او الف ومئة وخمس وعشرون,تسعمة من ثمن المة رسال وخمسه وعشرون,../data/muharaf_prepared_resized/train/train_022087.png,2025-11-26T21:23:21,Sana
train_005653,Valid but hard,,0.4655172413793103,ولا اخراً عن احوال المدرسة هنا وما سمعت ما نقوله نحن فكيف يجوز ذلك ان ننسَى حكمك على قول الاخ بولس وغيره اهل هذا صار,والرا  اله اه وهنا وستما تنول بجن فكيف نجوذ لك ن انى حكم على قلول الخايى   ه ه ار,../data/muharaf_prepared_resized/train/train_005653.png,2025-11-26T21:23:24,Sana
train_016942,Valid but hard,,0.4642857142857143,الرهبانية الباسيلية المخلصية,البراني ال اينيا اخ ة,../data/muharaf_prepared_resized/train/train_016942.png,2025-11-26T21:23:29,Sana
train_016182,Valid but hard,,0.4642857142857143,واقوال ان الدعوى به الان لا تسَمع لمرور الزمان كونه مضى على موت من يدعون الارث عنه اكثر من خمسَين سَنة كما لا تسَمع دعواهم الملك ايضاً لمضى اكثر من اربعينَ سَنة على وضع,وافا ن اى الى الى لع عر الان نكون من على مون من دون الاث عن اكثر من خميَة سَنه لا اسمعم لما المرا الارا اسَة اية ع,../data/muharaf_prepared_resized/train/train_016182.png,2025-11-26T21:23:35,Sana
train_014943,Valid but hard,,0.4639175257731959,واعاطت يوسف ... وازا عمل مناجر ومعاصر كرمو اختلال كربا شد ما ...خمر خوردن وشرارت كردن وسائر حركات,وطات سوف وا جم وازا عمى منابر معاصرك موث اختل كرا شدا ان خور و وش و ات,../data/muharaf_prepared_resized/train/train_014943.png,2025-11-26T21:23:37,Sana
train_016168,Valid but hard,,0.4632768361581921,فاصبحت حصة الخوري يوسَف المحرر اربعة عشر قيراطاً ونصف القيراط في كامل القطعة الارض  المنوه بها ثم توفى الخورى يوسَف المسَفور عن اولاده واكيم وشيت ووهبه فخص كل واحد منهم من تركته,فخص ة الحوة الور الشر عشرة عشرية را اطا ا ا ف ال القطة الاض المو بها ثم قوى الخورى يوسَ السَف الوم وه واوه وله وحاه وام مركته,../data/muharaf_prepared_resized/train/train_016168.png,2025-11-26T21:23:39,Sana
train_001235,Script mismatch (non-Arabic),,0.4615384615384615,Oct 11th 1900,Oc11 90,../data/muharaf_prepared_resized/train/train_001235.png,2025-11-26T21:23:42,Sana
train_016187,Valid but hard,,0.4615384615384615,واكيم وابنيها يوسَف ومريم وشقيقها سَاره ماتت عن اولادها الحاصلين لها من بولسَ ابن الياسَ زوجها وهم بشاره وطوبيا وامين وشقايقهم رفقا وزينه وعميه,كم وهم وي ويم وشَيم ويها شره ما تاى اواها الحاصل لها من بوسَ الى اسَ وسردوه وره والا وا وان ون وه ويه,../data/muharaf_prepared_resized/train/train_016187.png,2025-11-26T21:23:47,Sana
train_015755,Valid but hard,,0.4615384615384615,الشهادات التي تخوله الامر.,ح الشهاداتر الي نحنو الا,../data/muharaf_prepared_resized/train/train_015755.png,2025-11-26T21:23:50,Sana
train_017929,Script mismatch (non-Arabic),,0.4615384615384615,"25 DE MAYO, 123, 125 Y 127","5A MO, 123, 1 7",../data/muharaf_prepared_resized/train/train_017929.png,2025-11-26T21:23:53,Sana
train_002407,Segmentation error,,0.4615384615384615,١٣٤٢ ١٤ رمضان,١٣٤مضان,../data/muharaf_prepared_resized/train/train_002407.png,2025-11-26T21:24:05,Sana
train_004449,Script mismatch (non-Arabic),,0.4615384615384615,A. SFER PACHA,DA SRO PACH,../data/muharaf_prepared_resized/train/train_004449.png,2025-11-26T21:24:10,Sana
train_016067,Valid but hard,,0.4609929078014184,وكيل المدعى نسَخة اعلام صادر فى هذه المحكمة بمدة النايب الاسَبق داود افندى الشدياق مؤرخ فى ٨ ذى الحجه سنة ٢٩٨ وفي ١٩ ت١ سنة ٢٩٧ نمرو ٩٢ حاصله,وييل الع عسعة الصا ارن هذه المحكمة بمدة الناب الاسَيق داود خفد الشدياق ورخ ة ف   وصله,../data/muharaf_prepared_resized/train/train_016067.png,2025-11-26T21:24:30,Sana
train_016397,Valid but hard,,0.4587155963302752,بموجب سند رسمي استحقاق / ٧ تشرين الثاني سنة ٩١٥ وفيه تعهد بالفائدة القانونية ومحكوم ليره سورية عطل وضرر وانني,ب   التقاق  تشرين الثاني سن ١٩ ومن تعه بالفات وتقاواية وحكم م  ة و و ي,../data/muharaf_prepared_resized/train/train_016397.png,2025-11-26T21:24:49,Sana
train_014945,Valid but hard,,0.4583333333333333,الى ولدنا العزيز يوسف ويعقوب المكرمين ونطفنا ...,ونا ولدنا الن يس وشه وا عود الكرين دن انا كينا,../data/muharaf_prepared_resized/train/train_014945.png,2025-11-26T21:24:54,Sana
train_014932,Valid but hard,,0.4583333333333333,وج مقبوضة ومصارف أيام ... مرقوم برايم وأين ورقة .. ارطاف ثلاثة اوا آجر مستأجر وكفيل مذكور بعنوان,وجه مضلوه ومصضارق ايام مدشة مروم براعيم واين ورور باقارير اطراق ثلاث ازاجو وستأجر وطين  ون,../data/muharaf_prepared_resized/train/train_014932.png,2025-11-26T21:24:56,Sana
train_016103,Valid but hard,,0.4578313253012048,من فسَخه بما ان الكافلة هى المشترية المبيع فبناءً عليه وسنداً على المواد الـ ٦٣٦ فى المجلة والـ ٦٤ والـ ١٣٤ من قانون المحاكمات الحقوقية حكم باتفاق الارا حكماً وجاهياً,فنسن ن الان الي الية لية مي عا الي وسنداً على المواد الـ ١ من المجلة الا والـ١ ن ان المحوم الة اا ااً ااً احياة,../data/muharaf_prepared_resized/train/train_016103.png,2025-11-26T21:24:57,Sana
train_016132,Valid but hard,,0.4569536423841059,عليه المرقوم عن ذلك فاجاب ان القطعه المرقومة ملكى اتصلت الىَّ بالشرا من طوبيا بن البحرى واخوه امين ومن بطرس بن عبود وشمشوم واولاد عمه اولاد عيسَى شمشوم,علي المه ارم  ا ان الة المقومة لك اصل التى بالشرا من طوعيا با بحرى والاهره العاين ون رب ابعو ا د واو الول ولو ام سَمكوم,../data/muharaf_prepared_resized/train/train_016132.png,2025-11-26T21:24:59,Sana
train_002374,Segmentation error,,0.4545454545454545,١٣٤٢	٩ محرم,١٣٤٩ مد,../data/muharaf_prepared_resized/train/train_002374.png,2025-11-26T21:25:03,Sana
train_003387,Script mismatch (non-Arabic),,0.4545454545454545,MARONITARUM,MAR TRM,../data/muharaf_prepared_resized/train/train_003387.png,2025-11-26T21:25:05,Sana
train_018503,Script mismatch (non-Arabic),,0.4545454545454545,TB1A-16			1,T1A-11,../data/muharaf_prepared_resized/train/train_018503.png,2025-11-26T21:25:08,Sana
train_010340,Valid but hard,,0.4545454545454545,غرش عد ٢. يلاّ صرفني .,عرش. بلاً صرفتي.,../data/muharaf_prepared_resized/train/train_010340.png,2025-11-26T21:25:14,Sana
train_015769,Script mismatch (non-Arabic),,0.4545454545454545,QAJE3G_48 2,QKJ23G-42,../data/muharaf_prepared_resized/train/train_015769.png,2025-11-26T21:25:16,Sana
train_003814,Valid but hard,,0.4545454545454545,واعزم الاصحاب والجمهور,عزم الطاومهور,../data/muharaf_prepared_resized/train/train_003814.png,2025-11-26T21:25:20,Sana
train_007958,Script mismatch (non-Arabic),,0.4545454545454545,JPK2B-42 	1,JPK2-1,../data/muharaf_prepared_resized/train/train_007958.png,2025-11-26T21:25:23,Sana
train_018109,Script mismatch (non-Arabic),,0.4545454545454545,NEGOCIANTES,NEITES,../data/muharaf_prepared_resized/train/train_018109.png,2025-11-26T21:25:28,Sana
train_002547,Valid but hard,,0.4545454545454545,بسم الله الرحمن الرحيم,سم اله اا ايم,../data/muharaf_prepared_resized/train/train_002547.png,2025-11-26T21:25:33,Sana
train_001339,Script mismatch (non-Arabic),,0.4545454545454545,العزيز اقرب الــ Ideal منك الى الــPractical,العزيز اقرب الىـ  منك الى,../data/muharaf_prepared_resized/train/train_001339.png,2025-11-26T21:25:42,Sana
train_018553,Script mismatch (non-Arabic),,0.4545454545454545,TB1A-25			1,T1A-21,../data/muharaf_prepared_resized/train/train_018553.png,2025-11-26T21:25:47,Sana
train_007628,Script mismatch (non-Arabic),,0.4545454545454545,JEH2E1-3013,JEH21-2,../data/muharaf_prepared_resized/train/train_007628.png,2025-11-26T21:25:48,Sana
train_016346,Valid but hard,,0.4545454545454545,الجعيتانى والشدياق انطانوسَ يمين وحنا جرجسَ يمين وبولسَ جرجسَ يمين وعبود تادروس القسَ حنا وعبود اندراوسَ ورومانوس اندراوسَ ويعقوب الياسَ سَعاده,االجايى القاي واسنانسن وجا جسَ مين وبوسَ جرجس بين وبعود تا دروسَ السَفيا بعد الور وسَ السَوَ الوَ الو وسََ سَداده,../data/muharaf_prepared_resized/train/train_016346.png,2025-11-26T21:25:51,Sana
train_016107,Valid but hard,,0.4539877300613497,نسَختين من محكمة بداية قضا البترون يعرض على عزتلو قايمقام الافخم لكى غب اجرا ايجابه يسَلم لكل فريق نسَخة تحريراً فى ١٠ ربيع اول سنة ٣٠٥ وفى ١٣ تشرين الثانى سنة ٣٠٣,سَن ين ميم ممة ة اا الرون عى على تقوقام الالخ ك ب اج الجاه يسَل ك فري سَخة حرً ف برا لاى و٠ تشرن انة ٣٠٣,../data/muharaf_prepared_resized/train/train_016107.png,2025-11-26T21:26:10,Sana
train_002512,Valid but hard,,0.4538461538461538,تحية وشوقا وبعد فاني آسف اشد الأسف لعدم تمكني من مقابلتكم مع شدة حرصي على ذلك لما لدي من الاعمال الكثيرة التي لا تسمح لي بالبعد عن,ية وشاً وا اي ن الشد الال عدم تكي ن قالتكم مع شلر حري على لك المدم ا ال ال ا ال ال العى,../data/muharaf_prepared_resized/train/train_002512.png,2025-11-26T21:26:11,Sana
train_008750,Valid but hard,,0.453781512605042,بكل احترام نقبل انامكم الطاهرة ونطلب بركتم الالهية على الدوام المعروض منا اولادكم اوجه قرية القبيات الذين اتخذنا الحياد,بلم م ام اكم الارة وطلب برتكم الاربة على الدوام المرض ما والوم اة ا ا ال الاء,../data/muharaf_prepared_resized/train/train_008750.png,2025-11-26T21:26:14,Sana
train_006348,Valid but hard,,0.4528301886792453,في عداد اسباب المشكله اللبنانية نازحي الجنوب الناقمين,ي د اشط اللبنانية لنا راجي الجنوب الشاي,../data/muharaf_prepared_resized/train/train_006348.png,2025-11-26T21:26:15,Sana
train_016242,Valid but hard,,0.4527027027027027,بايعيه وبعض الورثة غير معتبرة شرعاً لعدم وقوعها بين جميع المتقاسمين في مقتضى المادة ال ١١٢٨ من المجلة دون ولعدم تسجيل صكها كما تقتضى المادة ال ١٢ من,بع و ا اة برة شرم معوم وعيا بين ميع المقا سمين كا تقتض المادة الـ١ من الملة والو ال  الا الاة المان المـ المن,../data/muharaf_prepared_resized/train/train_016242.png,2025-11-26T21:26:17,Sana
train_016104,Valid but hard,,0.4525139664804469,قابلاً لأستئناف والتمييز بلزوم المدعى عليها دفع ما تبقى للمدعى من الدين المحرر وقدره سَبعة الاف وسَتماية وتسَعة وعشرين قرشاً مع ما يلحقه من الفايدة القانونية المسَتحقة على المديون,قا وَا وان ا لريع ل ع عى لقى لملى الدين المر وقده سبعة الاق وسَماية وسَعة وعشرت قشرتن م مل ان الاين المقاية المقوية الم ون,../data/muharaf_prepared_resized/train/train_016104.png,2025-11-26T21:26:19,Sana
train_007128,Valid but hard,,0.4516129032258064,قصيدة عنوانها   .  .  .   العمر,قصيدة عنوانها  مر,../data/muharaf_prepared_resized/train/train_007128.png,2025-11-26T21:26:23,Sana
train_020407,Valid but hard,,0.4516129032258064,عن سانبول في ٣ كانون الأول ١٩١٢,عن سانبول في ٣ ك ٣,../data/muharaf_prepared_resized/train/train_020407.png,2025-11-26T21:26:28,Sana
train_016684,Valid but hard,,0.4516129032258064,قبلت الرهن نيابة كاتب امين وهبه,قبلت الرهن ينابة كا,../data/muharaf_prepared_resized/train/train_016684.png,2025-11-26T21:26:34,Sana
train_016742,Valid but hard,,0.4513274336283185,هو انه بتاريخه قد باع الخواجه كرتبيه طربي الوصي الشرعي على آميل ووليم كرم ولدي المرحوم الشيخ رزق كرم بموجب وصايته,ها يه   الاوج جري طايه الوي الشري على اميل وريم كم ولدي الرم ام م   يته,../data/muharaf_prepared_resized/train/train_016742.png,2025-11-26T21:26:37,Sana
train_014930,Valid but hard,,0.45,علية ايران الست كفيل خسّار ادم ودراين ضمن حاضر ويد كفيل مرقوم جود قبول كفالت عبد ارحيم كردبابن مضمون,ي ا اك كلي ضرا ادم وراين ضمت حاضرك ويد كفيل مرقوم جرجبع بقل لاب علد    ون,../data/muharaf_prepared_resized/train/train_014930.png,2025-11-26T21:26:46,Sana
train_010677,Script mismatch (non-Arabic),,0.45,ENTRANCE TO VISITORS' INFORMATION CENTER,ERRAC TOSTORS' AFORON COE,../data/muharaf_prepared_resized/train/train_010677.png,2025-11-26T21:26:49,Sana
train_018111,Script mismatch (non-Arabic),,0.45,ALTAMIRA — RIO XINGÚ,ARA — RI XÚ,../data/muharaf_prepared_resized/train/train_018111.png,2025-11-26T21:26:53,Sana
train_015308,Valid but hard,,0.45,نومرو ٦٣ ثلاثة وستين,مر راة وستين,../data/muharaf_prepared_resized/train/train_015308.png,2025-11-26T21:26:59,Sana
train_016079,Valid but hard,,0.4487179487179487,مقيد بسَجل الفراغ والانتقال بتاريخ ٣٠ ت١ سنة ٢٩٦ نمرو ٥٦٩ ما نصه حضر محكمة قضا البترون حضرة الخورى يوسَف بن انطونيوس سَكر وصادق على البيع الصادر عنه للحاضرة,مسيد سل القال الاخ الا ي   ن ٣٨ و ما ع حض محكمة قضا البترون حضرة الخورى ويسف انطنسَ وسَو و  عع الال المحرة,../data/muharaf_prepared_resized/train/train_016079.png,2025-11-26T21:27:03,Sana
train_010678,Script mismatch (non-Arabic),,0.4482758620689655,"KENNEDY SPACE CENTER, FLORIDA","MEN PEE CEER, FLRODE",../data/muharaf_prepared_resized/train/train_010678.png,2025-11-26T21:27:12,Sana
train_016297,Valid but hard,,0.4482758620689655,المرقومة وبوجوب تسَليمها للقسَ المذكور وبتضمين له اجرة مثل الاوضه المذكوره بحسَاب كل يوم قرشين من تاريخ الغصب فصاعداً لحين تسَليم الاوضة المذكوره,المرو وة س الَلم المكور بتضيم له جرة مل الاوضة المذكور بسَل ل مرم مرين ا الا الاي لسَ الم المكر,../data/muharaf_prepared_resized/train/train_016297.png,2025-11-26T21:27:29,Sana
train_016155,Valid but hard,,0.445859872611465,فاجاب ان يعقوب الدبسَ شيخ صلح بزعون والشهود المدروجة بالصك يشهدون له بذلك وفى ١٧ ذى القعده سنة ٩٨ وفى ٢٨ ايلول سنة ٩٧ حضر كل من الاصيل والوكيل المدعى المرقوم,فاا ين اي الين خ برون والشاد المروجة بالك يهدون لم بذلك فى ١ ال القعدة لنة ٨ و ولول والول المو المول الموم,../data/muharaf_prepared_resized/train/train_016155.png,2025-11-26T21:27:30,Sana
train_017928,Script mismatch (non-Arabic),,0.4444444444444444,CASA FUNDADA EN EL AÑO 1898,COA FUDA E L Ñ88,../data/muharaf_prepared_resized/train/train_017928.png,2025-11-26T21:27:33,Sana
train_014217,Script mismatch (non-Arabic),,0.4444444444444444,216 /2019,21/200,../data/muharaf_prepared_resized/train/train_014217.png,2025-11-26T21:27:36,Sana
train_012682,Segmentation error,,0.4444444444444444,سائق وعمال تنظيفات,وعاة ننظيفات,../data/muharaf_prepared_resized/train/train_012682.png,2025-11-26T21:27:47,Sana
train_018754,Valid but hard,,0.4444444444444444,فى ١٨ نيسَان /١٩٠٧,في ١٨ نينان نة ١٩٤٠,../data/muharaf_prepared_resized/train/train_018754.png,2025-11-26T21:27:52,Sana
train_018751,Valid but hard,,0.4444444444444444,اولاد عمك,اولاد,../data/muharaf_prepared_resized/train/train_018751.png,2025-11-26T21:27:59,Sana
train_000408,Script mismatch (non-Arabic),,0.4444444444444444,AF- 322 2,AF-342,../data/muharaf_prepared_resized/train/train_000408.png,2025-11-26T21:28:04,Sana
train_018821,Script mismatch (non-Arabic),,0.4444444444444444,YAL4A-3 1,YAL2A-2,../data/muharaf_prepared_resized/train/train_018821.png,2025-11-26T21:28:05,Sana
train_018653,Valid but hard,,0.4444444444444444,عن باري دوبرامي ٢٦ ك٢ /١٩٠٩,عغباه وربري ٢ ٢ ك٢ ١٩٩,../data/muharaf_prepared_resized/train/train_018653.png,2025-11-26T21:28:10,Sana
train_015484,Valid but hard,,0.4444444444444444,نمرو ٦٩ تسعة وستين,و ٢٦ سفة وسَين,../data/muharaf_prepared_resized/train/train_015484.png,2025-11-26T21:28:17,Sana
train_017001,Script mismatch (non-Arabic),,0.4444444444444444,ST1A-15 1,1A-11,../data/muharaf_prepared_resized/train/train_017001.png,2025-11-26T21:28:24,Sana
train_007560,Script mismatch (non-Arabic),,0.4444444444444444,JEH2E1-24,JEH2-,../data/muharaf_prepared_resized/train/train_007560.png,2025-11-26T21:28:30,Sana
train_016233,Valid but hard,,0.4444444444444444,لحود ابي رعد من بشرى وانطانيوس افندى طيون من اهدن واجلت الجلسَة لنهار الاثنين / ١٦ ت٢ ٣٠٣ وفى الوقت المعين حضر وكيل المدعيةواما وكيل المدعى عليه,و ى ى رس واطانين وسى طون من اهدن واجلت الجسَة لهار الاي فى ت ٣ ولوق المقي المي المي المى الميى العيى العيه,../data/muharaf_prepared_resized/train/train_016233.png,2025-11-26T21:28:33,Sana
train_020162,Script mismatch (non-Arabic),,0.4444444444444444,YS-54-003,ys-5-008,../data/muharaf_prepared_resized/train/train_020162.png,2025-11-26T21:28:36,Sana
train_000395,Script mismatch (non-Arabic),,0.4444444444444444,AF- 322 1,AF-342,../data/muharaf_prepared_resized/train/train_000395.png,2025-11-26T21:28:39,Sana
train_018104,Valid but hard,,0.4444444444444444,معي بتقبل يديكم وبتقديم تحياتهم الى من ذكر اعده. هذا وفي الختام,بيل بيدكم دم شراهم الن من كرا عبه. هذ اذاي الحتام,../data/muharaf_prepared_resized/train/train_018104.png,2025-11-26T21:28:56,Sana
train_011356,Script mismatch (non-Arabic),,0.4444444444444444,ME - 21 6,ME-211,../data/muharaf_prepared_resized/train/train_011356.png,2025-11-26T21:29:00,Sana
train_009524,Valid but hard,,0.4444444444444444,فى ١٢ كانون الثاني سنة ١٩٣٦,١ ١ كان  الد الي  ١٩٣١,../data/muharaf_prepared_resized/train/train_009524.png,2025-11-26T21:29:04,Sana
train_005359,Script mismatch (non-Arabic),,0.4444444444444444,EAK1A 165,EAK1A2,../data/muharaf_prepared_resized/train/train_005359.png,2025-11-26T21:29:07,Sana
train_021007,Valid but hard,,0.4444444444444444,وزكية وفكتوريا (اين صورهم) وارتمي على صدرك أيها الحبيب,ي شكت الي صورهم) فارقي على صدرك عاحب,../data/muharaf_prepared_resized/train/train_021007.png,2025-11-26T21:29:11,Sana
train_005888,Valid but hard,,0.4444444444444444,دير القمر,زيز القسم,../data/muharaf_prepared_resized/train/train_005888.png,2025-11-26T21:29:13,Sana
train_016235,Valid but hard,,0.4444444444444444,لها اذا فرض سقوطها وحكم بتضمين المدعى عليه ماية قرشاً للمدعين بدل عطلهم وضررهم ووجبت عليه رسوم المحاكمة البالغة خمسَة قروش حكماً قابلًا التمييز وغير قابل,اها ا سا سم م م ميعن علعية الاة الن بعه علهم ورهم وجبت عليه سَوم المحاكمة البانة مسَة رومً قاً الا ا ليا اس,../data/muharaf_prepared_resized/train/train_016235.png,2025-11-26T21:29:17,Sana
train_020224,Script mismatch (non-Arabic),,0.4444444444444444,18. 5. 68,1..68,../data/muharaf_prepared_resized/train/train_020224.png,2025-11-26T21:29:43,Sana
train_017658,Valid but hard,,0.4444444444444444,بكير  ...,ركير .,../data/muharaf_prepared_resized/train/train_017658.png,2025-11-26T21:29:47,Sana
train_001449,Valid but hard,,0.4444444444444444,طبعة أولى,طبيسة ارلى,../data/muharaf_prepared_resized/train/train_001449.png,2025-11-26T21:29:50,Sana
train_008438,Valid but hard,,0.4435483870967742,غب تقبيل اياديكم المقدسَة بكل توقير واحترام مع طلب بركتكم الآلهية والدعا بخلود ايام سَيادتكم السَنية. اعرض لسَيادتكم انهُ قد,غب قيكم الميديم الدكة والتبر واتام م طلب برتكم الالرية والدال بلوا اتكم اليم اليم اسَ  د,../data/muharaf_prepared_resized/train/train_008438.png,2025-11-26T21:29:53,Sana
train_005696,Valid but hard,,0.4424778761061947,هو ذاته خولي هو ذاته وكيل المرضا هو ذاته يشترى اغراض للتلاميذ بحر الصيف وبرد الشتا فماذا تقول اذا كان هذا الانسان,ذ  ية ذه كي المرا هوا انه تشرى اطض لبلامي ير الصي ور الاتا فذا ذا اذا اذ اذ ا,../data/muharaf_prepared_resized/train/train_005696.png,2025-11-26T21:30:18,Sana
train_016178,Valid but hard,,0.4424242424242424,تصادق على تعرفيه عن الورثه الذين ذكرهم دانيال المذكور اجاب كلا ولدى المذاكره تقرر بالاتفاق طلب البينة من وكيل المدعين لاثبات توفى الخوري يوسَف المورث الاول عن الورثة,صاى على على الى الريى الذيه الريا ام المكروا ابل ود المذكة تقر بلاتقا طلب البية ومي لي الايى الاوى الورى الوى الوى الوى الورة,../data/muharaf_prepared_resized/train/train_016178.png,2025-11-26T21:30:25,Sana
train_020707,Valid but hard,,0.4411764705882353,في هذه الحرب ثم عربة كبير يحمل قلب,في  قرية كبير نحمل قلب,../data/muharaf_prepared_resized/train/train_020707.png,2025-11-26T21:30:27,Sana
train_016329,Valid but hard,,0.4411764705882353,"الحقوقية الموقت ومنع المعترض عليه من دعواه باجرة الاوضه المحررة اما النوع الاخر المتعلق بالحكم وهو اخراج المعترض من الاوضه المرقومة فلم يبق له محل لمضى مدة الاجاره حكماً""",التية ام امون العع لع ععه ه اه الارة المحرة اما الفع الاضر المقعلق بالحكم و اجرع المرن منا المقرم الملم ململم الملم المحاه الحاه ماً,../data/muharaf_prepared_resized/train/train_016329.png,2025-11-26T21:30:32,Sana
train_002320,Script mismatch (non-Arabic),,0.4411764705882353,Telephone Call: 9345 Bowling Green,Tealene C 5 Bowing Ge.,../data/muharaf_prepared_resized/train/train_002320.png,2025-11-26T21:30:35,Sana
train_013620,Valid but hard,,0.4406779661016949,الصحة واقبلوا فايق الاعتبار والامتنان تحريراً  ٣ اب سنة ٩٣١,الصة والقال اي الاقبا والاتان ري ة ٩١,../data/muharaf_prepared_resized/train/train_013620.png,2025-11-26T21:30:40,Sana
train_016157,Valid but hard,,0.440251572327044,بوقت تاريخ الصك المحرر كنت قاعد فى بيتى فى بزعون حضر الىّ طوبيا بولسَ ابى الياسَ البحرى واخيه امين من بزعون وبطرسَ بن يوسَف شمشوم واولاد عمه طنوسَ وجبرايل ولدى,بقرت الر الرك لكر  ت ت عيى ي روى ضا الى طوبا بوسَ الي اليسَ البر واخيه امين منون وروي وسَ وماو واوا و و و لودى,../data/muharaf_prepared_resized/train/train_016157.png,2025-11-26T21:30:45,Sana
train_018811,Script mismatch (non-Arabic),,0.44,كيف حالك فى aix-les Bains,كف حامله فى ix e ie,../data/muharaf_prepared_resized/train/train_018811.png,2025-11-26T21:30:51,Sana
train_005808,Script mismatch (non-Arabic),,0.44,COLLÈGE GREC - CATHOLIQUE,COÈEGE - CATOQ,../data/muharaf_prepared_resized/train/train_005808.png,2025-11-26T21:30:53,Sana
train_016355,Valid but hard,,0.4391891891891892,الشاهد الاول هى ملك الخورى جرجس فرنجيه وبيده من سَبع او ثمان او عشر سنوات ما بعرف وشاهدََا اخر هو الشيخ سَمعان البدوى فرنجيه من اهدن وغب حلفه اليمين,الشها الار الر الى الجرى ج جسَيه وريه مسَيع اتمان ا وعشر شنوات ما برف وشهدا وه الخَ السَن المون ونن ه ه ه الم المين,../data/muharaf_prepared_resized/train/train_016355.png,2025-11-26T21:31:07,Sana
train_016720,Irrelevant / signature,,0.4385964912280701,نقولا خليل داود                           جرجس الياس مفرج,عل                                                 ا الر,../data/muharaf_prepared_resized/train/train_016720.png,2025-11-26T21:31:13,Sana
train_002424,Valid but hard,,0.4385964912280701,بسم الله الرحمن الرحيم		لاحق خير وسرور انشأالله تعالى 	٦٣,له ال حيم	لاحق خبر وسور اشا الله تعا,../data/muharaf_prepared_resized/train/train_002424.png,2025-11-26T21:31:22,Sana
train_000608,Valid but hard,,0.4383561643835616,نعم، كرتلٍ من الارتال في أسواقها او كدميةٍ من الدمى في احد دكاكينها – الى,من الا ال او كدمية من الدي في احد وكايها) الى,../data/muharaf_prepared_resized/train/train_000608.png,2025-11-26T21:31:26,Sana
train_003475,Valid but hard,,0.4380952380952381,اقمتها على الحكومة لدى مجلسَ الشورى مقابل اعتراف الحكومة لي بحقي باصدار جريدتي البرق التي لبثت تسَع سنوات,"الق اى الى الر  ى التر ا الي شبحق باصدار جريدي البرق"" التي لبت تسَمع سَنوات",../data/muharaf_prepared_resized/train/train_003475.png,2025-11-26T21:31:30,Sana
train_018669,Valid but hard,,0.4380165289256198,٠٠٤ الى اخينا نخله ليره ٣ من والدتنا ومنا ليره ١ الجمله ٤ وافهموا اخينا يعطي خالنا خيرالله ليره من اصلهم عن لسَان والدتنا,٠ الى خينا خده ل من والدتنا منا ل الجسل ٢ وافهموا اقنينا بي انان الخي الي   ن  ان,../data/muharaf_prepared_resized/train/train_018669.png,2025-11-26T21:31:32,Sana
train_016101,Valid but hard,,0.4375,وتعهدت بانه اذا كان البيع المحرر سَبباً لهلاك دين سَابق تاريخ البيع فتلزم بدفع مثل التمن المرقوم وقد تبين بان دين المدعى اضحى هالكاً لما تبين فى افادة شيخى بشرى,وتها اان اان الا الر الر الكاه اكلان سَين اقريخ اليع قم بع معل التمى المرقم وقبن باي الدعى ال ى الم ا م ا اا ااي ايى شرى,../data/muharaf_prepared_resized/train/train_016101.png,2025-11-26T21:31:41,Sana
train_002360,Segmentation error,,0.4375,١٣٤١ 	٤	ذي الحجه,١٣ دي المجه,../data/muharaf_prepared_resized/train/train_002360.png,2025-11-26T21:31:44,Sana
train_008930,Valid but hard,,0.4375,الامر لسَيادتكم فلا تحرموني من بركتكم الرسَولية اطال الله ايام سَيادتكم للدوام ٢٠ كانون ثاني ٩١١,الماسَيدكم لا تحروين مي بركتكم المرَولة اطل الله ايم اسادكم الم,../data/muharaf_prepared_resized/train/train_008930.png,2025-11-26T21:31:47,Sana
train_015984,Valid but hard,,0.4375,١٠ ايار سنة ١٢٢٤,١٠ ايركة ٩٢,../data/muharaf_prepared_resized/train/train_015984.png,2025-11-26T21:31:50,Sana
train_016362,Valid but hard,,0.4375,وغب حلفه اليمين شهد ان القطعة المرقومة وحددها هي بيد الخورى جرجسَ فرنجيه من تمان سَنوات وشاهداً هو الخورى فرنسَيسَ حنا ديب من اهدن وغب حلفه اليمين شهد ان القطعة,ب له الين ن هدن القة المقومة ومهدى ب الخورى جرسَ فربجهمنتماس سَوا وشها اذى الخر سَ ن انن الن لن الن الما اعة,../data/muharaf_prepared_resized/train/train_016362.png,2025-11-26T21:31:53,Sana
train_019576,Valid but hard,,0.4375,والمدنية في شرقي,والمدنية ٢,../data/muharaf_prepared_resized/train/train_019576.png,2025-11-26T21:32:04,Sana
train_001532,Valid but hard,,0.4375,١٩٠١ عن اتلانتك ستي\٢٣ أيار ١٩٠١,عن الحتك شي ف ٢٣ أيار ١٩٠,../data/muharaf_prepared_resized/train/train_001532.png,2025-11-26T21:32:12,Sana
train_016184,Valid but hard,,0.437125748502994,يد موكلى وبايعيه ومشاهدتهم وسَكونهم عن الدعوى وان حيث صدر من هذه المحاكمة قراراً بطلب البينة من موكلى لاثبات مدعاه فلا يمكن الرجوع عنه الان فالتمسَ طلبها منها لاحضارها,ييه وك وياه وها وه وسمن عنى العدى حو ى حر ن هذه الحكمة قاراً بطل البية من مكلى لثات مرعا اكن المعرع ع الا سَا  ا ا,../data/muharaf_prepared_resized/train/train_016184.png,2025-11-26T21:32:15,Sana
train_019104,Valid but hard,,0.4363636363636363,سلام لجيراننا بيت بيت الخواجه مخايل المنير والله يحفظكم,سلام حير انا بي الخوي مخال المي  كم,../data/muharaf_prepared_resized/train/train_019104.png,2025-11-26T21:32:18,Sana
train_016008,Valid but hard,,0.4353741496598639,لدى المذاكره ثبت بالبينة المذكاة شرعاً ان القطعة الارض المدعاة ملكاً للمدعى فعليِه وسَنداً على المادة الـ ١٨١٧ من المجلة حكم بالاتفاق حكماً غيابياً,لى الكة المكة ة اة ااة الماة الع المامة المعة مكا لمدعىفعليه وسَيدً على الادة ال ١ ا  لملم المحكاً لكاً ا يا,../data/muharaf_prepared_resized/train/train_016008.png,2025-11-26T21:32:22,Sana
train_004748,Valid but hard,,0.4347826086956521,بطرسَ الفغالي عم الدائنين والديون وجدت ضمن ظرف,ن يط ملفظاليم اعمن الئائنين و المديوتما خلات حمن ظرف,../data/muharaf_prepared_resized/train/train_004748.png,2025-11-26T21:32:28,Sana
train_012685,Segmentation error,,0.4347826086956521,القيام بأعمال المستوصف.,ا ال المستوصف,../data/muharaf_prepared_resized/train/train_012685.png,2025-11-26T21:32:36,Sana
train_005837,Script mismatch (non-Arabic),,0.4347826086956521,COUVENT N.D. DU SECOURS,COV D. DU SPUR,../data/muharaf_prepared_resized/train/train_005837.png,2025-11-26T21:32:39,Sana
train_005235,Script mismatch (non-Arabic),,0.4333333333333333,"Piazza S. Pietro in Vincoli, 8",SizS. Ptro in Vino,../data/muharaf_prepared_resized/train/train_005235.png,2025-11-26T21:32:40,Sana
train_002607,Valid but hard,,0.4333333333333333,عدد ١٠					تحريراً فى			سنة	١٣,عدد١	تحريراف	سنة١,../data/muharaf_prepared_resized/train/train_002607.png,2025-11-26T21:32:45,Sana
train_016363,Valid but hard,,0.4331210191082802,المرقومة وحددها هى بيد الخورى جرجسَ فرنجيه من سَبع سنوات وشاهداً اخر هو الخورى يوسَف توما من اهدن وغب حلفه اليمين شهد ان القطعة المرقومة وحددها هى بيد الخورى,المدو و دوده دود الجر جرس نَيمه سع اسرات وشاهدً خ هد الخورى يوسَف مام من د فولف الين ن ران القوقة المة اة واوة الخوى لخورى,../data/muharaf_prepared_resized/train/train_016363.png,2025-11-26T21:33:06,Sana
train_016202,Valid but hard,,0.432258064516129,والى شقيقته مريم قيراط وتمان حبات والى بولسَ رومانوس ديب ثمانية عشر حبه وذلك سَنداً على المادتين ال ١٨١٧ و ال ١٨٣٠ من المجلة واما دعوى وكيل المدعى عليه بان,والمي شية قرة م وان ا ولى يسَ رونسَ وب ثماية عرجه وذلك سندنً على المادي الـ ١ وال ١٣ مل مام المول الموى الدى المدى ع اب,../data/muharaf_prepared_resized/train/train_016202.png,2025-11-26T21:33:12,Sana
train_016317,Valid but hard,,0.4313725490196078,بيان اقرارها خرج اعلام ٣٢ اجرة الوكيل المسَخر اربع جلسَات عن كل جلسَة ريال مجيدى اجرة الاوضه المغصوبة ٣٢٥ عن كل يوم قرشين من ٢٣ ادار لغاية ١٥ شباط ٨٧ ٦٧٦,بان ا ار اا الا مة جرة الكليل السَر اربع جسَات عن كلبسة ريا الجيى ارة الموة المعوة وي ي اشين اين الي الاي شاة ٨٣٠٦,../data/muharaf_prepared_resized/train/train_016317.png,2025-11-26T21:33:14,Sana
train_000192,Valid but hard,,0.4313725490196078,بتاريخه قد جرت المقايضه الشرعية فيما بين الدكتور يوسف فرحات فريق اول والخواجه موسى فرحات فرح فريق ثاني,بتاريخيه ن القاية المرية بماين الاكتور ليسف رحل تغري الول والخوج م ف   ان,../data/muharaf_prepared_resized/train/train_000192.png,2025-11-26T21:33:15,Sana
train_005677,Valid but hard,,0.4311926605504587,ارادة اما تقول عنه انه حقاً ناكر الجميل؟ فهذه ايها العزيز حالتي مع الخوري لا اكثر ولا اقل وفضلاً عن ذلك امرتي,ارة اة ل له حبا اكر الحيل في فهذه اليها العزي حلني فع الخوري لا كرل ول وجً ا  ليس,../data/muharaf_prepared_resized/train/train_005677.png,2025-11-26T21:33:18,Sana
train_016974,Valid but hard,,0.4310344827586206,رفيديا - نابلس ص ب ٨٤                سلامي الى مدام صيداوي,ورفيديا نابلس ص ٤            ادي داي,../data/muharaf_prepared_resized/train/train_016974.png,2025-11-26T21:33:20,Sana
train_004996,Script mismatch (non-Arabic),,0.4285714285714285,.Joe. J. Allen,Je. J Al,../data/muharaf_prepared_resized/train/train_004996.png,2025-11-26T21:33:23,Sana
train_020061,Script mismatch (non-Arabic),,0.4285714285714285,YS - 4D - 050b,YS-4D-00,../data/muharaf_prepared_resized/train/train_020061.png,2025-11-26T21:33:25,Sana
train_012736,Script mismatch (non-Arabic),,0.4285714285714285,3IM 108,M 08,../data/muharaf_prepared_resized/train/train_012736.png,2025-11-26T21:33:27,Sana
train_009537,Valid but hard,,0.4285714285714285,"شحلو "".",سشحلو.,../data/muharaf_prepared_resized/train/train_009537.png,2025-11-26T21:33:31,Sana
train_010847,Valid but hard,,0.4285714285714285,جناب الاجل الماجد كريم الشئم عمنا العزيز الخواجه اسَعد بطرسَ الافخم ادام بقاه,ج الال المال امركي الشر عمنا العقزير الخوا اسَ سَ  م ا,../data/muharaf_prepared_resized/train/train_010847.png,2025-11-26T21:33:33,Sana
train_008045,Irrelevant / non-text,,0.4285714285714285,*		*		*,*	**,../data/muharaf_prepared_resized/train/train_008045.png,2025-11-26T21:33:38,Sana
train_005994,Script mismatch (non-Arabic),,0.4285714285714285,SAINT - BASILE,ST- BALE,../data/muharaf_prepared_resized/train/train_005994.png,2025-11-26T21:33:42,Sana
train_010110,Segmentation error,,0.4285714285714285,عدد ١٤٧,عد ١٣,../data/muharaf_prepared_resized/train/train_010110.png,2025-11-26T21:33:45,Sana
train_011943,Script mismatch (non-Arabic),,0.4285714285714285,MG26-43   3/12,MG2-4312,../data/muharaf_prepared_resized/train/train_011943.png,2025-11-26T21:33:48,Sana
train_020843,Script mismatch (non-Arabic),,0.4285714285714285,QUIBDO_ISTMINA,QUO_ISTN,../data/muharaf_prepared_resized/train/train_020843.png,2025-11-26T21:33:53,Sana
train_014223,Valid but hard,,0.4285714285714285,الدعى لتحريره.,الان اعلى لتحريره,../data/muharaf_prepared_resized/train/train_014223.png,2025-11-26T21:34:00,Sana
train_019976,Script mismatch (non-Arabic),,0.4285714285714285,4 5 -17,47 -7,../data/muharaf_prepared_resized/train/train_019976.png,2025-11-26T21:34:03,Sana
train_020319,Script mismatch (non-Arabic),,0.4285714285714285,21.5.68,1..8,../data/muharaf_prepared_resized/train/train_020319.png,2025-11-26T21:34:04,Sana
train_014196,Script mismatch (non-Arabic),,0.4285714285714285,MeM1C-1,MeC-4,../data/muharaf_prepared_resized/train/train_014196.png,2025-11-26T21:34:10,Sana
train_005773,Valid but hard,,0.4285714285714285,- فرنسيس حشيمه,فرنيس حنيبه.,../data/muharaf_prepared_resized/train/train_005773.png,2025-11-26T21:34:21,Sana
train_018112,Script mismatch (non-Arabic),,0.4285714285714285,Estado do Pará,Ts do Paá,../data/muharaf_prepared_resized/train/train_018112.png,2025-11-26T21:34:24,Sana
train_018065,Valid but hard,,0.4285714285714285,بارا في,باراح,../data/muharaf_prepared_resized/train/train_018065.png,2025-11-26T21:34:28,Sana
train_005557,Valid but hard,,0.4285714285714285,من جديد,من حويد.,../data/muharaf_prepared_resized/train/train_005557.png,2025-11-26T21:34:32,Sana
train_018756,Valid but hard,,0.4272727272727272,غب لثم ايديكم واهديكم مزيد الاحترام ولعايلتكم الكريمة اعرض لقد عزمنا على بيع ارزاقنا بالوطن فعليه اقتضى ارسَال,غلثم لثم الدثكم ااديكم ااركم الحرم الراكم الكرية المعرض لعد غرمنا على مسيع الران والط ع  اسَ,../data/muharaf_prepared_resized/train/train_018756.png,2025-11-26T21:34:34,Sana
train_016158,Valid but hard,,0.4261363636363636,عيسَى شمشوم ومعهم لحود الخورى من بقورقاشا والخمسَة اشخاص المذكورين قالوا اعمل لنا حجة الى لحود الخورى من بقورقاشا بقطعة ارض بخراج بقرقاشا جاوبتهم انا بانه لا اعلم ان لطوبيا ارض,عيسَم موم وم وحور الحرى لي بلا الخشسة اخ المكورين اقوا امعمل لاجة ل احد الخورى من قوق اطقة طر ر اجرواج اجا الا الا ا ارض,../data/muharaf_prepared_resized/train/train_016158.png,2025-11-26T21:34:35,Sana
train_016357,Valid but hard,,0.4258064516129032,طبق شهادة سَليمان اغناطيوس وشاهدًا هو يوسَف بطرس توما من اهدن وغب حلفه اليمين شهد ان القطعة المرقومة هى بيد الخورى جرجسَ فرنجيه من سَبع ثمان سَنوات وشاهداً,بطقه قاة سمان ايون وشادا لو وسف برس عاض اهدن وغب صلفه البين شهد ان القرة المويى لويى الخجرى خجى مجَ مسََ مسَا سَا سَاده,../data/muharaf_prepared_resized/train/train_016357.png,2025-11-26T21:34:37,Sana
train_008762,Valid but hard,,0.4251968503937008,الزمان ولم يزالوا على اجرآ  كلما بوسَعهم من الاعمال الخيريه من تشييد المدارسَ للذكور والاناث وتعليمهم علاوناً عن اللغات ضروريات,الا ا ا ام ا ا الا وسَ م الال الخريه من تشبيد المداس للذكر والاثات وبعلما وعاً علا الخ ياً,../data/muharaf_prepared_resized/train/train_008762.png,2025-11-26T21:34:38,Sana
train_010888,Segmentation error,,0.425,صح وان شاءتم ان تطلعون حضرة سَيدي الوالد,ان اهم ان طلعون حرة سَودي,../data/muharaf_prepared_resized/train/train_010888.png,2025-11-26T21:34:45,Sana
train_016170,Valid but hard,,0.4236111111111111,لكل واحد منها قيراطان ونصف الا ربع الثلث ثم توفيت حوا عن ولديها يوسَف ومريم فخص يوسَف قيراطان وثلث القيراط وخص مريم قيراط وثلث ثم توفيت سَاره عن,ل  و  ا اوان الاب الثاثم وية صان وليها يوسَف وميم فخضى يوسَف فيرطان وثلثت الغطرا وصو مري را واثلم وث ش ر,../data/muharaf_prepared_resized/train/train_016170.png,2025-11-26T21:34:49,Sana
train_016292,Valid but hard,,0.4236111111111111,فنظر فى بادئ الامر فى استدعا الاعتراض فوجد متقدماً فى مدته القانونية وموافقًا شرايط النظامية ولهذا قر القرار بالاتفاق بقبوله سَنداً على المادتين,فرر ى الاى المامى اسَع العران وجود مقدماً فى حدة القنويةوموافا اشرية التاية وقدا الاراق الابا القاً قاً الاً ال المتين,../data/muharaf_prepared_resized/train/train_016292.png,2025-11-26T21:34:51,Sana
train_016258,Valid but hard,,0.4236111111111111,قد اسَتدعى حجز بعض عقارات وطرحها فى المزاد العمومى لاجل وفا دين يدعيه على ذمة شقيقهما ميلان بحجة انها ملك ميلان المحرر ومن كون العقارات المرقومة,ققدَ سد عى ر ارا وروفن المار المعوى ال فوين دعيه على ذمة شفيها بلان بجنه انه م ملات المحر م الم المقومة,../data/muharaf_prepared_resized/train/train_016258.png,2025-11-26T21:35:04,Sana
train_016194,Valid but hard,,0.4228187919463087,وعهد بطل صادرين عن رضا وقبول وتسَليم وتسَلم طوعيين من الجانب وغب المعاقده الشرعية صار البيع المحرر ملكاً للشارى المذكور يتصرف به حيث شا وبناءً لحقيقة,ر ر رين وقول وسَيم وسَلم طعين من الجانبين وغب الماقده الشرعية ار البر المر لمكر المكور المر الر ارا ا باق,../data/muharaf_prepared_resized/train/train_016194.png,2025-11-26T21:35:20,Sana
train_007475,Valid but hard,,0.421875,يا سندباد اللعب يا معلّم فُلان      لو قلت عنا ولاد خدلك هالبيان,يا سَندبد العي م  قلا        ل ا اود ل البيا,../data/muharaf_prepared_resized/train/train_007475.png,2025-11-26T21:35:24,Sana
train_009080,Valid but hard,,0.4215686274509804,ودوام عز الحكومه الجديده التي لم نرَ اليوم السعيد الاَّ بوجودها وبانظار سيادتكم لازلتم سيدنا بصحة وخير,وم ال الم ال الين رم اليوم السعيد الا وجوه وانظر سَيدكم لا نا سم ووور,../data/muharaf_prepared_resized/train/train_009080.png,2025-11-26T21:35:49,Sana
train_000237,Valid but hard,,0.4215686274509804,بطلب الحجز على نسختين ليحفظ منها نسخة في المركز ويعاد لكم النسخة الثانية مدرج عليها قرار الحجز للتنفيذ,بطل الجير على لستين لحفظ مها لنة في المرك وادلكم الشثنة الاة ه   ال الور,../data/muharaf_prepared_resized/train/train_000237.png,2025-11-26T21:35:51,Sana
train_005667,Valid but hard,,0.4214876033057851,الخوري جبرايل ريس المدرسة الجزيل الاحترام فبقينا فى هذه المدينة مده يومين ثم يومين اخر فى برنديرنسَ وطلعنا الباخره من هذه,الخخوري ي اس الرية الري الحتم قينا فى هذه المذية مده لون ثم من فخرى ر ب ال ول  هذه,../data/muharaf_prepared_resized/train/train_005667.png,2025-11-26T21:35:53,Sana
train_020986,Valid but hard,,0.4210526315789473,اتامل مع انسان خبيث فقد خدمته امس خدمة,اتامل انان خبيت فقد خة م,../data/muharaf_prepared_resized/train/train_020986.png,2025-11-26T21:36:01,Sana
train_011064,Script mismatch (non-Arabic),,0.4210526315789473,"Mannington, W. Va.,","Mant, W. V,,",../data/muharaf_prepared_resized/train/train_011064.png,2025-11-26T21:36:04,Sana
train_010666,Script mismatch (non-Arabic),,0.4210526315789473,Color Photo by NASA,Col Po by N,../data/muharaf_prepared_resized/train/train_010666.png,2025-11-26T21:36:06,Sana
train_015955,Valid but hard,,0.4210526315789473,قبلت الشراء بما فيه,بن الشراءة بتاني,../data/muharaf_prepared_resized/train/train_015955.png,2025-11-26T21:36:11,Sana
train_016218,Valid but hard,,0.4206896551724138,بعضهم بعضاً واحدهم يوسَف قد توفى عن والده المذكور فيلتمسَان جلب اسَطفان والحكم عليه بالمبلغ المسَطر وفايدته فطلب الفريقين بالصوره القانونية فحضرا,ع ضا ضها وايهم وسَ ف من الده المذكور فلمسَان جل اسَطفان والكم عيه البل المسَة ط طيه البيب الي ال ارة,../data/muharaf_prepared_resized/train/train_016218.png,2025-11-26T21:36:13,Sana
train_016279,Valid but hard,,0.4201680672268907,المدرج فى اسَتدعا هى ملك رزق سَليمان طيون اتصلت اليه بلارث من ابيه وكانت بيده انما الان من سنة او سنتين قدم المدعى عليه,المري س اتاد دهم ر سَ ين ون المحه اليه والاد من ابيه وكات بيدها من الان من سَة او سَنيى وجي يسف   لمدى,../data/muharaf_prepared_resized/train/train_016279.png,2025-11-26T21:36:14,Sana
train_015530,Valid but hard,,0.4196428571428571,عدد ١٢٢ لدى امعان النظر فى مندرجات ضبطنا من المحاكمة وسائر اوراق الدعوى المتفرعة تبين ان حنا شربل المسن قطع شجرة,عد ١ لدى العى المان ران بطنا من المحاكمة وسائ ورع الدوى المتقرية عنين     ل ية,../data/muharaf_prepared_resized/train/train_015530.png,2025-11-26T21:36:16,Sana
train_018659,Valid but hard,,0.4193548387096774,عنكم وعن جميع لاننا من مدَة كبيرة لم نحظ ولا بتحرير من حضرتك ومن جهت العزيز خالنا بتمام الصحة,كم ن ن ان مكة كية م نخظر ولا تري من حضرك ومن هيه الزي نام الا الصة,../data/muharaf_prepared_resized/train/train_018659.png,2025-11-26T21:36:17,Sana
train_016055,Valid but hard,,0.4189189189189189,مثل التمن لوفا الدين وحيث ان دين موكله سَابق هذا المبيع فيلتمسَ جلب منتوره المحرره والحكم عليها بالدين الباقى لموكله وفايدته والعطل والضرر حافظاً حق,ف ن ان اين ين اامن مكم ساق هذا المع فيلمسَ جلب مقره المحره والحكم عليا الاي المايم ولميل والاة والا ولا وا ضفق,../data/muharaf_prepared_resized/train/train_016055.png,2025-11-26T21:36:19,Sana
train_004574,Valid but hard,,0.4186046511627907,وعشتم دهراً  ولك دايم محبته وكرمه بعد خسَرا,وعستمة وحسًَ ول رايم منه وكرمه بعد,../data/muharaf_prepared_resized/train/train_004574.png,2025-11-26T21:36:20,Sana
train_015146,Valid but hard,,0.4166666666666667,نظامي ... واحد مع ثور باشي ويوجد خان,نظان بغال بلك واحل مع نورباش وبوجد خات,../data/muharaf_prepared_resized/train/train_015146.png,2025-11-26T21:36:21,Sana
train_018572,Script mismatch (non-Arabic),,0.4166666666666667,.. / ..Tel. (01) 303344 - Fax (01) 311967 - Boite Postale 14/5312 - Beyrouth - Liban,.Tel. (01) 34 - Fax 031 1 967 - Bote Pote eoth Liban,../data/muharaf_prepared_resized/train/train_018572.png,2025-11-26T21:36:24,Sana
train_011202,Script mismatch (non-Arabic),,0.4166666666666667,NADER JOSEPH,NAE JEP,../data/muharaf_prepared_resized/train/train_011202.png,2025-11-26T21:36:25,Sana
train_019110,Script mismatch (non-Arabic),,0.4166666666666667,AL – HORRIAT,AL RIAT,../data/muharaf_prepared_resized/train/train_019110.png,2025-11-26T21:36:26,Sana
train_004757,Valid but hard,,0.4166666666666667,المطران ىطرس,المصور بطرس,../data/muharaf_prepared_resized/train/train_004757.png,2025-11-26T21:36:30,Sana
train_019069,Script mismatch (non-Arabic),,0.4166666666666667,AL - HORRIAT,AL RIAT,../data/muharaf_prepared_resized/train/train_019069.png,2025-11-26T21:36:32,Sana
train_005775,Valid but hard,,0.4166666666666667,فرنسيس حسىمه,مرسيسجسمه,../data/muharaf_prepared_resized/train/train_005775.png,2025-11-26T21:36:35,Sana
train_008757,Valid but hard,,0.4166666666666667,قدس السيد الجليل الفاضل دامة رياسَته,قدس السيد اليل افاضل النبيل دة وسه,../data/muharaf_prepared_resized/train/train_008757.png,2025-11-26T21:37:00,Sana
train_016622,Irrelevant / signature,,0.4166666666666667,عضو حنا قديس,عضو قدي,../data/muharaf_prepared_resized/train/train_016622.png,2025-11-26T21:37:12,Sana
train_004210,Valid but hard,,0.4166666666666667,حىىب حىرالله,ححبرالله,../data/muharaf_prepared_resized/train/train_004210.png,2025-11-26T21:40:44,Sana
train_008252,Script mismatch (non-Arabic),,0.4166666666666667,JPK2B-69			1,JPK2-61,../data/muharaf_prepared_resized/train/train_008252.png,2025-11-26T21:40:57,Sana
train_003265,Valid but hard,,0.4166666666666667,(كأنه يتشدق),(يأمن يشدو),../data/muharaf_prepared_resized/train/train_003265.png,2025-11-26T21:41:01,Sana
train_016368,Valid but hard,,0.4161073825503356,وشاهداً هوا انطانيوس سمعان سَاروفيم من اهدن وغب حلفه اليمين شهد ان القطعة المرقومة هى بيد الخورى جرجسَ فرنجيه من سَبع او ثمان سَنوات وحددها طبق تحديد,وشا ها ا ون سن سَرايم من اهدن غب حلفه اليمين شهد ان العطعة المرقمة هيد الدى ارخجرَى جه مسن س ا    حد,../data/muharaf_prepared_resized/train/train_016368.png,2025-11-26T21:41:03,Sana
train_005726,Valid but hard,,0.4158415841584158,قال للمونسيور ان فتح الله وفاضل ومسعد سبب كل علة وذلك امام القرار عما وتقول فى اوانه هذا عن صحة كلامك,قل سيون ان  اه وفضيل وسد سيب كل عله وذلك اصلم اقداعى وتقول اى ا ا    ك,../data/muharaf_prepared_resized/train/train_005726.png,2025-11-26T21:41:04,Sana
train_016276,Valid but hard,,0.4155844155844156,فرنجيه وسَمعان انطانيوسَ كرم ولا بينة لغيرهم فتعين لاحضار البينة نهار الارابعا فى ٢٩ نيسَان ٣٠٣ وبالتاريخ المعين حضر المتداعيان وقدم احدهما سَليمان شاهداً,ترجه وعسان انطوس م ابنة لى عرهم فين لاحضار البية نهار الابع ف٢ تنسن ٣٠ وتاتاري المحر المرن الادا الدا المدام مسما سَهدا,../data/muharaf_prepared_resized/train/train_016276.png,2025-11-26T21:41:06,Sana
train_016173,Valid but hard,,0.4155844155844156,ابيها لكونه من بشرى وماتت رفقه عن اربع بنين بطرس وداود ويوسَف ويونسَ الحاصلين لها من طنوسَ صالح ثم مات داود المذكور عن بنته نزهه القاصره وزوجته فرنجيه بنت,ا ن ن ن ر رف ق الرع بن بطرس واد ويوسَف وسَ الحاصلين لها من انوسَ حا ثم مار او المذو رن نه اه ه ه ينت,../data/muharaf_prepared_resized/train/train_016173.png,2025-11-26T21:41:08,Sana
train_016185,Valid but hard,,0.4137931034482758,وبشاره ثم توفى بشاره عن زوجته حنه بنت الياسَ ابى قزح وبنتيه حنه وسَاره وعن شقيق الخورى يوسَف من ان حنه زوجة بشاره المتوفى تزوجت بديب الخورى اشعيا,وباه ن ه شه ه ه جن انة الي لى رج وبنية صا وسَاره وعن شقية الخورى يوسَ من ان نه رجش بشاه المري ت  ال اي,../data/muharaf_prepared_resized/train/train_016185.png,2025-11-26T21:41:15,Sana
train_011699,Valid but hard,,0.4133333333333333,لانَّني لم أجد لكَ عذراً أو سَبباً معقولاً لهذا.. أَكنتَ خائناً لما تصل إلى,لّ ّ  لك عذً اً َباً عثولاً لهذا .. كن خاً ملا صل الى,../data/muharaf_prepared_resized/train/train_011699.png,2025-11-26T21:41:26,Sana
train_019537,Valid but hard,,0.4130434782608695,انظروا تلك صيدون وبيبلوس، ممالك الارجواني هذه،,الو شك صيدون مال وطالارجواني هذه،,../data/muharaf_prepared_resized/train/train_019537.png,2025-11-26T21:41:31,Sana
train_016133,Valid but hard,,0.4125,صك قدم للمحكمة وهذه صورة الداعى لتحريره اقر اننا بالحالة والاوصاف المعبر اقرارنا بها شرعاً قد بعنا لحود الخورى من قرية بقرقاشا من طايفة المارونية وهو ملكنا ويحق,ملم م ة ة وة الهرة لحر حرهاه ا بالالة والاصاف المعير قارا بها شرعاً قدعنا لوى الخورى مر قرا اة الماة وة ووية ويق,../data/muharaf_prepared_resized/train/train_016133.png,2025-11-26T21:41:32,Sana
train_020846,Script mismatch (non-Arabic),,0.4117647058823529,Liebers Code Used,Meiers Cde e,../data/muharaf_prepared_resized/train/train_020846.png,2025-11-26T21:41:35,Sana
train_004088,Valid but hard,,0.4117647058823529,سمعناك في ليل الحياة ترافع              لقد مات من تهوى فعمّن تدافعُ,سمعناك في ليل الحياة ترافع       م ا  داع,../data/muharaf_prepared_resized/train/train_004088.png,2025-11-26T21:41:55,Sana
train_009228,Irrelevant / signature,,0.4117647058823529,الحورى ىوسف الحاج,الحورى لوسف,../data/muharaf_prepared_resized/train/train_009228.png,2025-11-26T21:42:12,Sana
train_011700,Valid but hard,,0.4117647058823529,لعلَّ الوقتَ يَسمحُ لنا بزيارتهِ قبل مغادرتهِ البلاد فاذا أمكنني ذلك أزورُهُ يوماً من,ة التَ لم لا برنه ل معادته البلاد فاذا أكني ذك أرة ا وم مان,../data/muharaf_prepared_resized/train/train_011700.png,2025-11-26T21:42:22,Sana
train_016174,Valid but hard,,0.4117647058823529,لطوف المقدسَ وعن اخت المذكورين ومات وهبه عن حنا وحبيب وبشاره ونور هذا ما وجد مسَطراً بمدة القراب السَابقين وبتاريخ ٣٠ ايلول سنة ٣٠٣ حضر الشيخ مخايل جرجسَ,طو قوس ى ال المذكوي ومان ه عن حنا وحجيب وشاره ونور هذا ما جد سَاً بد الا الساي واي و ٠  الجال جا جس,../data/muharaf_prepared_resized/train/train_016174.png,2025-11-26T21:42:24,Sana
train_003466,Script mismatch (non-Arabic),,0.4117647058823529,Journal Al - Bark,Joal l  Ba,../data/muharaf_prepared_resized/train/train_003466.png,2025-11-26T21:42:30,Sana
train_020517,Valid but hard,,0.4117647058823529,ابدًا نزودكم بساعة خرجنا من غرفتنا,ابدًا منعم نزوكم بساعد رحا فو غرمتا,../data/muharaf_prepared_resized/train/train_020517.png,2025-11-26T21:42:33,Sana
train_004052,Script mismatch (non-Arabic),,0.4117647058823529,EAC-D-47b (copie),EA-CD47c-(ope),../data/muharaf_prepared_resized/train/train_004052.png,2025-11-26T21:42:36,Sana
train_020516,Valid but hard,,0.4117647058823529,رحلتنا من بيروت إلى مرسيليا ما كان ممنون منها الشيخ,وخلنا من بيروت الرسيان كاون فيه الشيح,../data/muharaf_prepared_resized/train/train_020516.png,2025-11-26T21:42:40,Sana
train_016051,Valid but hard,,0.4090909090909091,قرش بموجب اعلام من هذه المحكمة بتاريخ ١٩ ت١ سنة ٩٧ تحت نمرو ٩٢ تبلغ بحسَب الاصول فى ٧ ت٢ سنة ٩٧ البالغ القدر المحرر مع فايدته المحكوم بها مبلغ ثمانية الاف,ر م باعلم ن همه المكمة اتاري ١ ن ٩ تن نو ٣٥ تبلغ بحسب الاول فى ٢ س ة٣٠ بالابق القدر المدر ام م المم المم اللة الغفق,../data/muharaf_prepared_resized/train/train_016051.png,2025-11-26T21:42:44,Sana
train_003821,Valid but hard,,0.4090909090909091,كما تلده القلب ما يزود,ما جلزه القلب فار مر,../data/muharaf_prepared_resized/train/train_003821.png,2025-11-26T21:42:46,Sana
train_003810,Valid but hard,,0.4090909090909091,هلا كيف بل يا اخي خطار,فلا يناجج با اخي صطاح,../data/muharaf_prepared_resized/train/train_003810.png,2025-11-26T21:42:47,Sana
train_001940,Valid but hard,,0.4084507042253521,حررت سلاماً للنصير وسوف ارسل باول فرصة مقالةً                       ؟؟؟,حررت سلاماً للنصير وسوف ارسل بابول فرصة مقال,../data/muharaf_prepared_resized/train/train_001940.png,2025-11-26T21:42:49,Sana
train_016284,Valid but hard,,0.4081632653061224,عصو                   عصو                     رىس,عصو        عضر                س,../data/muharaf_prepared_resized/train/train_016284.png,2025-11-26T21:42:50,Sana
train_003293,Valid but hard,,0.4074074074074074,او ارسل فليس للإنسان غير الشكر. وهو في الحالين على حزم,ر اسل ليس وي غير الشكر و في الاين الاية,../data/muharaf_prepared_resized/train/train_003293.png,2025-11-26T21:42:52,Sana
train_010314,Valid but hard,,0.4074074074074074,الاغراض التي ارسلتيها وصل منهم علبتين كرتون/فقط مفتوحين فيهم تياب صيفية ضمنهم طقم,الر لي سليلها وصا له علتين كرو ف مترحين فهم با ابية من طتم,../data/muharaf_prepared_resized/train/train_010314.png,2025-11-26T21:42:54,Sana
train_012346,Valid but hard,,0.4074074074074074,١٩٤٦ اصدر مجلة باسم الزغلول غير مرخص لها اوقفتها دائرة,١٩٤ احدر مجلة ا ر ول خص نها اوقتها واا,../data/muharaf_prepared_resized/train/train_012346.png,2025-11-26T21:42:56,Sana
train_008622,Valid but hard,,0.4074074074074074,سلب ملبوسات ومصاغاة واندافعهم على ذبح ولد مرت يوسف حنا قديح من القبيات المرافقة شفيق اوصا المومى اليه من حمص,سل سبما وصاة واوفافهم على يزيج ولد حرتي يوسف مناقير من البيا المرف فقا اا ال ال ا,../data/muharaf_prepared_resized/train/train_008622.png,2025-11-26T21:42:58,Sana
train_011761,Valid but hard,,0.4074074074074074,تحويل ٢٧/١٥٠ فرنك علي البنك الفرنسَاوي السَوري في بيروت مبلغ ماية جنيه مصري مكتوب,تو ١ على البك الفرسَاوي السوري و بلغ ماي خيه صرب كو,../data/muharaf_prepared_resized/train/train_011761.png,2025-11-26T21:43:01,Sana
train_016102,Valid but hard,,0.4071856287425149,ورشعين بان الخورى المحرر لم يبق على ملكه شى سَوى البيت المحرر المباع منه الى المدعى عليها بموجب صك غير مسَجل وبما ان وكيل المدعى لم يطلب فسَخ هذا البيع كما ان لا فايدة,ورى عين لين الحول الرى لرى عى عشكى اشري الر الرامن الى المدعى عليه موجب حك غير مسَجل وبان وكل الدعى مل يس  ا ال ا يدة,../data/muharaf_prepared_resized/train/train_016102.png,2025-11-26T21:43:03,Sana
train_018059,Valid but hard,,0.4069767441860465,اخي يوسف وابنة عمي ادما وولدي العزيزين فوآد ودرويش يشتركون معي بتقبيل يديكم وبتقديم ما,ي و ة  و ي العزين فواد ودريشس بشتكون على بقبله لديكم وبقديم ما,../data/muharaf_prepared_resized/train/train_018059.png,2025-11-26T21:43:04,Sana
train_018656,Valid but hard,,0.4065934065934066,والرفاهية. وان جرات بالسَوال عنا وسَيديّ الوالدين وعن العزيز خالنا فلالله الحمد حين تاريخهِ,والراية وان جر السَوله فا سَيدي الوالين عن العغز فلا ال  ير,../data/muharaf_prepared_resized/train/train_018656.png,2025-11-26T21:43:05,Sana
train_005600,Valid but hard,,0.4065934065934066,لاخر السنه فهو دائما موجود مع الاولاد حضرة الاخ كلاره يهديك سلامه ويقول لك اذا كان لايجاوبك,لا  ده ودا مجود مع لاولاد حضة الحخ كوه بدك سلام وقول ل اكا  ت,../data/muharaf_prepared_resized/train/train_005600.png,2025-11-26T21:43:06,Sana
train_016126,Valid but hard,,0.406060606060606,وزخيا والياسَ ولدى واكيم الخورى ويوسَف بن الياسَ واكيم وشقيقته مريم وديب بن رومانوسَ ديب وجرجسَ اخى الوكيل المرقوم الثابت الوكالة بتوكيلهم اياه بموجب سَند مسَجل بهذه,وراَ والاسَ والديى والي والوي وسَ ا ويكم وق م وديب ن رونوسَ وديب وجرجسَ اخى الوي المروم ات الاولة ولا ا اا سجَ سَجه هذه,../data/muharaf_prepared_resized/train/train_016126.png,2025-11-26T21:43:07,Sana
train_020627,Valid but hard,,0.4054054054054054,الأربعاء التفتيش على ورق اليول وباريس,لاريضا التفيش على في زووق البل وبار,../data/muharaf_prepared_resized/train/train_020627.png,2025-11-26T21:43:09,Sana
train_005680,Valid but hard,,0.4054054054054054,"فتح الله ايش بقا على باله خدامته للريس بعفة يده يعمله راعي"" فلما عرفت هذا استعفيت حالاً دون ان اقول السبب مبينا",ف ه ال ا ا ال جامة المدسة عفة بد عمله راعي، فلما عرفت هذا اتعي جاً برون ون ال بينا,../data/muharaf_prepared_resized/train/train_005680.png,2025-11-26T21:43:10,Sana
train_016163,Valid but hard,,0.4047619047619047,الخورى وبايعى من نحو ثمانية عشرة سَنة والذي يؤكد ويحقق ملكيتها لبايعى هو بيعهم اياها بمشاهدة المدعيين ومعرفتهم ومشاهدتهم تصرفى بها من نحو خمسَة سَنين ولى البينة على ذلك,الخوى ى ن ن ية شَة الكي وكي وق ميها بعى هو يوهم اياها بمراهدة المدعين ومعراهم وشادتم ترب نا منوس وسَة نى ى ى ذلك,../data/muharaf_prepared_resized/train/train_016163.png,2025-11-26T21:43:11,Sana
train_015021,Valid but hard,,0.4038461538461538,من أهالي ماردين مع القضي السيد من أهالي الدير ما ...,اية امارين مع القاضي اليد من اهاله ليدر  ال,../data/muharaf_prepared_resized/train/train_015021.png,2025-11-26T21:43:13,Sana
train_016270,Valid but hard,,0.4037267080745341,اهدن نومرو ٢٤٨٥ حبه١٢ قيراط ٢ يحدها قبلةً ملك يوسَف رزق طيون وشرقاً البيت المباع من بولسَ المدعى عليه وشمالاً قناة ماء وغرباً ملك ديب الخورى ارنوعه ومن نحو سَنين,مدهدون ون ٢٥ ٢٥ ١ يدا قلاً م يوسَف رف طيون وشرقاً البيت المباع من يولسَ المدعى عيه وثلا ثاً وعاً لا ايل الير المخرر المه الا مسَمرين,../data/muharaf_prepared_resized/train/train_016270.png,2025-11-26T21:43:14,Sana
train_018253,Segmentation error,,0.4035087719298245,صهري اسعد حررت له وكان مرسلي عنوانه وانتم حرروا له بدوركم,حقيق كم و منان ر سي عنوانه وانت حرروا لله بيديركم,../data/muharaf_prepared_resized/train/train_018253.png,2025-11-26T21:43:23,Sana
train_016298,Valid but hard,,0.4029850746268656,وبتضمين المحكوم عليه للمحكوم له اربعة ريالات مجيديه للمدعى بدل مصارفات الدعوى واجرة وكيل المسَخر الذى اجاب بان الاوضة المدعى غصبها ملك,ون م الحيكم الكم الحوم الراعة بالات جي لمدعى بدل صارفات الدعوى اجة ويم المسَى الا الاى الا الا اى عاى ك,../data/muharaf_prepared_resized/train/train_016298.png,2025-11-26T21:43:32,Sana
train_016252,Valid but hard,,0.4028776978417266,ثاني ٣٠٣ ولاجله تحرر هذا الاعلام نسَختين من محكمة بداية قضا البترون ليعطى لكل فريق نسخة تحريراً فى ١٦ ربيع اول ٣٠٥ و١٩ تشرين الثانى سنة ٣٠٣,ان ٣   ر ها الا سَين من محكمة بداية قرضا البرون بعط لافريف سَخة تحرً فى را تشرين الثان ة٣٠٣,../data/muharaf_prepared_resized/train/train_016252.png,2025-11-26T21:43:33,Sana
train_016248,Valid but hard,,0.4023668639053254,قرشًا فبناءً عليه وعلى تمرد المدعى عليه عن الحضور للمحكمة بالوقت المعين حكم باتفاق الارآء حكماً غيابياً قابلاً الاعتراض والاسَتئناف والتمييز بلزوم المدعى عليه دفع المبلغ,شراً اً ً عى العى الى الع ين الو المحكمة بالقا المعين حكم باتفاق الاراء حكماً بياً بلاً الارا والان التي  ي الم المل لغ,../data/muharaf_prepared_resized/train/train_016248.png,2025-11-26T21:43:34,Sana
train_009120,Valid but hard,,0.4017094017094017,وبينحكم بوجه الحقانين ويرفعوا اسقالهم عنا وكل شي راجع لامر سيادتكم ونكرر لثم اناملكم النقيه ثانياً وثالثاً ١٦ اىار ٩٢,وبتنمه جه الماية ودعوا اسقاله عنا وكل شي راجع ل سيادتكم ونر لم اكمة اليا واً لاً,../data/muharaf_prepared_resized/train/train_009120.png,2025-11-26T21:43:36,Sana
train_008619,Valid but hard,,0.4016393442622951,٤ سلب اربعون ليره عثمانيه وستة ليرات انكليز وسبعة ريالات مجيدى وخمسة بشالك من اسكندر سركيس من قرية مشتى بيةِ الحلو التابعة,ي البور بعله مانين سن يرا الين وسبعة ريا مجدى وخسة بشالك من الكنورسه م رمية تتية ة ل الاية,../data/muharaf_prepared_resized/train/train_008619.png,2025-11-26T21:43:37,Sana
train_015000,Valid but hard,,0.4,البعض من .. اهل ... الين معنا. ثم سافرنا,البض م ال.م. اهل ارونضانه الدين معنا. فمسافرنا,../data/muharaf_prepared_resized/train/train_015000.png,2025-11-26T21:43:40,Sana
train_018646,Script mismatch (non-Arabic),,0.4,YAL2A-14 3,YAL2A-2,../data/muharaf_prepared_resized/train/train_018646.png,2025-11-26T21:43:45,Sana
train_007858,Script mismatch (non-Arabic),,0.4,JEH2F1-305,JEH21-9,../data/muharaf_prepared_resized/train/train_007858.png,2025-11-26T21:43:47,Sana
train_001635,Irrelevant / signature,,0.4,عيسى مخايل,يس محال,../data/muharaf_prepared_resized/train/train_001635.png,2025-11-26T21:43:52,Sana
train_002721,Script mismatch (non-Arabic),,0.4,٢٣ ك٢ ١٩٢٩,٣ ك٢ ٢٥,../data/muharaf_prepared_resized/train/train_002721.png,2025-11-26T21:43:55,Sana
train_002526,Segmentation error,,0.4,١٣٤٣	٢٧ ج١,١٣٤٧ ج,../data/muharaf_prepared_resized/train/train_002526.png,2025-11-26T21:43:57,Sana
train_002317,Script mismatch (non-Arabic),,0.4,"N.M. DIAB,","NM DA,",../data/muharaf_prepared_resized/train/train_002317.png,2025-11-26T21:43:59,Sana
train_020842,Script mismatch (non-Arabic),,0.4,SUCURSALES,SOURSAEL,../data/muharaf_prepared_resized/train/train_020842.png,2025-11-26T21:44:09,Sana
train_004709,Script mismatch (non-Arabic),,0.4,PATRIARCHATUS ANTIOCHENUS,PARACCHTUS ANTNU,../data/muharaf_prepared_resized/train/train_004709.png,2025-11-26T21:44:11,Sana
train_016050,Valid but hard,,0.4,عليه من محكمة قضا المتن مجاز له بهِ كلما يجوز للموكل ان يفعله حاصل الاسَتدعا المحرر انه قد حكم لموكله على الخورى يوسَف حيمور من بشرى بمبلغ خمسَة الاف وماية,علميه من ممن مة م ل اله هيه ل المكول ان عله حل اسَتعا المرانه د حكم المكل على الخورى يسَف موم مربر ب لسة لسفة الماية,../data/muharaf_prepared_resized/train/train_016050.png,2025-11-26T21:44:13,Sana
train_016228,Valid but hard,,0.4,عصو          عصو                     رىس,عصو    عصو             س,../data/muharaf_prepared_resized/train/train_016228.png,2025-11-26T21:44:15,Sana
train_014810,Valid but hard,,0.4,نصًا أخيرًا، ونهائيًا، وأنا تعوّدتُ,نصاً أخيراً، ونهائياً، وأنا,../data/muharaf_prepared_resized/train/train_014810.png,2025-11-26T21:44:16,Sana
train_002293,Script mismatch (non-Arabic),,0.4,N.M. DIAB.,"NM DIA,",../data/muharaf_prepared_resized/train/train_002293.png,2025-11-26T21:44:19,Sana
train_002509,Segmentation error,,0.4,١٣٤٣ ٢٣ جا,١٣٤٣ ج,../data/muharaf_prepared_resized/train/train_002509.png,2025-11-26T21:44:23,Sana
train_007732,Script mismatch (non-Arabic),,0.4,JEH2F1-302,JEH21-9,../data/muharaf_prepared_resized/train/train_007732.png,2025-11-26T21:44:32,Sana
train_003032,Irrelevant / signature,,0.4,فليكس فارس,خاليك تارس,../data/muharaf_prepared_resized/train/train_003032.png,2025-11-26T21:44:42,Sana
train_020505,Valid but hard,,0.4,إضافة للخدمتشي والان الان الطلب كبير على غرف بكون يوم الخميس,اخاف لنحد منشي والان الصلب كبير على وف يكون بوم,../data/muharaf_prepared_resized/train/train_020505.png,2025-11-26T21:44:45,Sana
train_010836,Valid but hard,,0.4,عن ماننكتون وسَط فيرجنيا في ٢٣ اب سنة ٩٩,عن مانكون وسف فرجنا ي  ة ٩٣١,../data/muharaf_prepared_resized/train/train_010836.png,2025-11-26T21:44:48,Sana
train_000052,Valid but hard,,0.4,شعر :,شغر:,../data/muharaf_prepared_resized/train/train_000052.png,2025-11-26T21:44:50,Sana
train_019456,Segmentation error,,0.4,فكنت غريبا كريماً في المجاهدين,وتزع ري كريما الع المجاهدي,../data/muharaf_prepared_resized/train/train_019456.png,2025-11-26T21:45:02,Sana
train_004863,Valid but hard,,0.4,اليك.,ابك.,../data/muharaf_prepared_resized/train/train_004863.png,2025-11-26T21:45:07,Sana
train_018564,Valid but hard,,0.4,اللجنَة الوَطنيَّة لِلموسِيقى في لبْنَان,الجنة (وقطنسَين للموريقى في لبشسناف,../data/muharaf_prepared_resized/train/train_018564.png,2025-11-26T21:45:10,Sana
train_018430,Valid but hard,,0.4,شبلي يعقوب رشال جورج منير جنات,شبلي يعقوب شال جورج مير جنات ورض والدي,../data/muharaf_prepared_resized/train/train_018430.png,2025-11-26T21:45:17,Sana
train_011118,Script mismatch (non-Arabic),,0.4,DEALERS IN,DELERS,../data/muharaf_prepared_resized/train/train_011118.png,2025-11-26T21:45:20,Sana
train_017934,Script mismatch (non-Arabic),,0.4,"""AGABRIEL""","""AREL""",../data/muharaf_prepared_resized/train/train_017934.png,2025-11-26T21:45:21,Sana
train_014996,Valid but hard,,0.4,فوصلنا مجل وطح عدل على جرف الشط ...,وصلنا معى مطح عدل على .ف ا.ط يح .يان,../data/muharaf_prepared_resized/train/train_014996.png,2025-11-26T21:45:24,Sana
train_007655,Script mismatch (non-Arabic),,0.4,JEH2E1-597,JEH21-2,../data/muharaf_prepared_resized/train/train_007655.png,2025-11-26T21:45:26,Sana
train_018683,Script mismatch (non-Arabic),,0.4,YAL2A-23 2,YAL2A-9,../data/muharaf_prepared_resized/train/train_018683.png,2025-11-26T21:45:30,Sana
train_002586,Valid but hard,,0.4,"""ميّ""","تيّ""",../data/muharaf_prepared_resized/train/train_002586.png,2025-11-26T21:45:32,Sana
train_016086,Valid but hard,,0.4,مذيل بما نصه ان الكافل (بين اسَمه واسَم ابيه وشهرته) كفل على انه اذا اسَتحق المبيع او كان البيع المذكور سَبباً لهلاك دين سَابق بذمة البايعة فملزوم بدفع مثل,قي  ال اان ال البيه واامه وسه به كت على انى اذا استحق المبيع اوكان البع المذكور سَباً ل ليا سَتة الة المة مم بم ل,../data/muharaf_prepared_resized/train/train_016086.png,2025-11-26T21:45:34,Sana
train_006619,Valid but hard,,0.4,=تمت=,تمف=,../data/muharaf_prepared_resized/train/train_006619.png,2025-11-26T21:45:36,Sana
train_009637,Irrelevant / signature,,0.4,خادم رعية مرتموره القبيات,خادم رعية مركيوره,../data/muharaf_prepared_resized/train/train_009637.png,2025-11-26T21:46:01,Sana
train_010410,Segmentation error,,0.4,ويطلبوا لكم السَعادة والتوفيق ودمتم,طب اي التعادة والتوفيق ع مس,../data/muharaf_prepared_resized/train/train_010410.png,2025-11-26T21:46:37,Sana
train_004513,Valid but hard,,0.4,حرفوش,جرفوس,../data/muharaf_prepared_resized/train/train_004513.png,2025-11-26T21:46:46,Sana
train_016216,Valid but hard,,0.4,بتاريخ ٩ تشرين تانى / ٣٠٣ اجل لهذه المحكمة اسَتدعا مُقدم من جرجسَ عسَاف صقر وطنوس يعقوب مينا من البترون حاصله انه يطلب لهما مبلغ خمسَماية وواحد وعشرين,بتايرخ ن ا ن ٣ ل لهذه الحمةاسَدعا مقتم من جرسَ عسافاضو مطنوس بعقوب بمن من التوت اه هبه ل ل ما وساة وع وشرين,../data/muharaf_prepared_resized/train/train_016216.png,2025-11-26T21:46:48,Sana
train_017927,Script mismatch (non-Arabic),,0.4,IMPORTADOR,ORTAOR,../data/muharaf_prepared_resized/train/train_017927.png,2025-11-26T21:46:50,Sana
train_017553,Valid but hard,,0.4,فهمان    (لحسني) انت ارتاح مش شوغلك  . .,فام الحسا انت ارتاح مش شوغك,../data/muharaf_prepared_resized/train/train_017553.png,2025-11-26T21:46:58,Sana
train_016260,Valid but hard,,0.3986928104575163,الفريقين بالصورة القانونية حضر بالوقت المعين لروية الدعوى الواقع فى١٧ تشرين الثانى /٣٠٣ المعترض عليه المذكور واما المعترضتان فلم تحضرا حالة كونهما تبلغتا,الفين الصارة الرية بحية الات المعين لية الدعى الاف ف ١ تشرين الان سن ٣٠ المعر علي الموم المر الترا الضا احاه اه ا نلت,../data/muharaf_prepared_resized/train/train_016260.png,2025-11-26T21:47:00,Sana
train_016179,Valid but hard,,0.3986928104575163,المذكورين وفقاً للفقرة الاخيرة من المادة الـ ١٨١٧ من المجلة وتبلغ هذا القرار للفريقين وسَئل وكيل المدعين تسَمية شهود فاجابهم الشيخ يوسَف داود شعيا ودوميط,المذكوين الفان لفقفة الماة المة المامة الـ١ من المجلة وبلغ هذا القر لفقين وسَل لي المدي مسية ع ه  الي الش وش وشا ووا وي,../data/muharaf_prepared_resized/train/train_016179.png,2025-11-26T21:47:01,Sana
train_015618,Valid but hard,,0.3983050847457627,الاعتراض والاستناف والتمييز ضمن المدات القانونية اعلن تفهيمه الشفاهى على سمع                وكيل معاونه المدعى العمومى,الاعض والاستاف والتير ضمن الموات القاونية اعلن تفهيمه الشفاهى ل  ا الالمعوى,../data/muharaf_prepared_resized/train/train_015618.png,2025-11-26T21:47:01,Sana
train_008759,Valid but hard,,0.3983050847457627,للآن بالحالة الحاضرة التي كدرة واشغلت افكار سَيادتكم واوجبت لنا ولعموم السَكان اضرار جمًة ولذلك اسَمحو ان سَيادتم نقول,ل ا الحة الة الكية واف الكار سَيادتكم واوجيت لنا وعوم السَان ارار جه و ال اس م و,../data/muharaf_prepared_resized/train/train_008759.png,2025-11-26T21:47:02,Sana
train_011050,Valid but hard,,0.3978494623655914,تمنها خمسة الاف ايره لم انتم ذاكرين عنه الليل اءهل انكليزيو ام فرنساوية ام عثملية ام خمس ماية,تمه خله الخال بل والان من انتة اكرين عز اللير اوهل انكليز ام فرسَياة م علة الخم اسم ماية,../data/muharaf_prepared_resized/train/train_011050.png,2025-11-26T21:47:03,Sana
train_011705,Valid but hard,,0.3974358974358974,بكفيّا أَم لترحل بكفيّا قبل وصولكَ إليها فالذي كدَّرني من هذا لا نسَيان العلبة,كًّ لَ ل حبت قبل وصلكة اليها فالذي كري من هذا الان المعية,../data/muharaf_prepared_resized/train/train_011705.png,2025-11-26T21:47:06,Sana
train_016308,Valid but hard,,0.3972602739726027,سَوا كان العقار معدًا للاسَتغلال اولا كما يوئد ذلك المادة الـ٤٣٢ من المجلة ثالثاً اعتراضه انه لا يجوز الحكم عليه غياباً قبل احضاره مردود بانه اخطر,سَوا ان المعر عما السَقلا الو كا يد ذلك المادة الـ١٧ من المجلة ثلماً عراه ها او لحكهم لبا با البا الراه ه ا ر,../data/muharaf_prepared_resized/train/train_016308.png,2025-11-26T21:47:08,Sana
train_018718,Valid but hard,,0.396694214876033,ان ما تسطرهُ يداي اولاً لتفقد من تركتهُ ضيرًا وتانياً ممّا جعلني افتخر به لوجودهُ شابًا وخصوصًا عند وقوع نظري على كتاباتك,اان ان سَي ية ولا تم تركمة يرا واتياً ما صلني انتخر به لوجد شاباً وصاً عن دون طر على كتاباك,../data/muharaf_prepared_resized/train/train_018718.png,2025-11-26T21:47:10,Sana
train_005693,Valid but hard,,0.396694214876033,فماذا لك ان القول فيه ربما تجاوبني ان محبته ما كانت مخلصة لانها كانت ظاهره لاباطنه. فعلى هذا  لا انا ولا انت يمكن ان نحكم,فذا ل و رور رما بان بن مية ما كانت مخصه لانها كانت ما هره لاو طنه. حعل هذا ان ا ن  احكم,../data/muharaf_prepared_resized/train/train_005693.png,2025-11-26T21:47:11,Sana
train_015459,Valid but hard,,0.396551724137931,وبان يردَّ ما اختلس من العقار الموصوف فى سياق الضبط الى المدعيين الشخصيين سليم عيسى واخويه نقولا ونخله حكماً وجاهياً,ون ان ات ا امعد المصوص ف ساق اقضب الىامدعين التخين سليم ي واخوين ولا ولاً حاً وجاًً,../data/muharaf_prepared_resized/train/train_015459.png,2025-11-26T21:47:13,Sana
train_006785,Valid but hard,,0.396551724137931,فكري طغاني ورحت وديتو                     بسَفرا بعيدي تاه,فكرب طفاني ورحت وديتو          سبي ياه,../data/muharaf_prepared_resized/train/train_006785.png,2025-11-26T21:47:16,Sana
train_020891,Valid but hard,,0.3962264150943396,لاترجم فكنت اجلس امام الشفور حتى اخنق من البرد والذلج,لانرم فكنف ابس امم الشقورح فبقى البرى وانلج م,../data/muharaf_prepared_resized/train/train_020891.png,2025-11-26T21:47:19,Sana
train_015079,Valid but hard,,0.3958333333333333,غيوم البارد ولم نقدر .. الا في النهار وصلنا ساعة,البار ولم نقدر ن.ل الا الساعة ١ من النهار وصلنا ساعة,../data/muharaf_prepared_resized/train/train_015079.png,2025-11-26T21:47:23,Sana
train_008815,Valid but hard,,0.3939393939393939,اكرر لثم انامكم تانيا ولد سَيادىم,اكرر لثم انامكم تاميا,../data/muharaf_prepared_resized/train/train_008815.png,2025-11-26T21:47:25,Sana
train_007374,Valid but hard,,0.3939393939393939,قصيدة غزلية عنوانها    .    .    .     مثلك قطعت الليل محروم الغفى,قصيدة غزلية عنوانها            ال ال الالفى,../data/muharaf_prepared_resized/train/train_007374.png,2025-11-26T21:47:29,Sana
train_005617,Valid but hard,,0.3939393939393939,غب لثم وجناتكم المحبوبة اعرض للان حررت لكم جمة وما حصلت على الجواب فما عتبت على ذلك كوني كنت عارفاً,غلثم لثم كم ة ن اان حرت ك جة وما حلت على الجواب من تبت على ذك ن فاً,../data/muharaf_prepared_resized/train/train_005617.png,2025-11-26T21:47:32,Sana
train_016389,Valid but hard,,0.3939393939393939,عليه ورضاه التام صار قيده عيناً بدفتره المخصوص واستوفى الرسم لعدم وجود وراق بول وسيصير تعطيل مقداره,عليه ورا والام مصارقيده عنا ب فروا امخص وسنوي الرم لدم وجود ورولة ول ي  ار,../data/muharaf_prepared_resized/train/train_016389.png,2025-11-26T21:47:33,Sana
train_000014,Valid but hard,,0.3928571428571428,من بعد السلام عليكم والسوال عنكم عساكم بخير انتم وعيالكم,الله اتم والسدال عنكم معساكم نير التم الكم,../data/muharaf_prepared_resized/train/train_000014.png,2025-11-26T21:47:38,Sana
train_015307,Valid but hard,,0.392156862745098,رجال ونساء واولاد ارمن ونصارى ...واورواح اغلبهم ...,برصال ونساء والاد ارمن ونصاري كا قروك وارام اام,../data/muharaf_prepared_resized/train/train_015307.png,2025-11-26T21:47:39,Sana
train_013508,Valid but hard,,0.391304347826087,شتأً ⸗ ⸗ بـ ⸗ ٥ ⸗ ٨ ⸗ ⸗,شاشيأ ⸗⸗ ⸗ ب ⸗ ٥⸗ ٨⸗⸗⸗,../data/muharaf_prepared_resized/train/train_013508.png,2025-11-26T21:47:43,Sana
train_016352,Valid but hard,,0.3904109589041096,واسَعد طنوسَ الدويهى وبشاره غسَطين ويوسَف بشاره ابي اسَطفان ومخايل بولسَ معوض ولا بنية لموكلى خلافهم غير ان له بنية التواتر فلا لزوم تسَميتها وقدم,واسَد ادوس الدي اشره شَين ون شره الي اسفان مخاير يوسَ معض ولا بنة مول خفام غيرا ينة الارور والم سم وقدم,../data/muharaf_prepared_resized/train/train_016352.png,2025-11-26T21:47:44,Sana
train_015295,Valid but hard,,0.3902439024390244,وكنت الى الركاب بدرجة يرثى لها فهم يتقيون,كنت وولى الحابا برجد ير الها ي يقون,../data/muharaf_prepared_resized/train/train_015295.png,2025-11-26T21:47:45,Sana
train_016088,Valid but hard,,0.3892617449664429,التمن المسَطر لهذه المحكمة الخ ثم خلت هيئة المحكمة للمذاكره مرة ثانية فاتخذت فيها القرار الاتى بما ان كفالة المدعى عليها مشروطة يكون بيعها سَبب لهلاك,الامن الشَه اله المكم او بيه المحكمة الكرة مرة ثانية فاتخذت فيها القر الاى بمان كلة المعة عرة ر ه ه با لاك,../data/muharaf_prepared_resized/train/train_016088.png,2025-11-26T21:47:46,Sana
train_018736,Valid but hard,,0.3888888888888889,السَيدات البنت عمكم وابناتها مع ولدكم المحروسَ عبدالله هذا ما تره تحريره ودمتم الى ابن عمك,سَدان البنت كمكم والبنانها مع ذلك المحرو احل عبدا ال هذه ماتى تحر دكم ا ال,../data/muharaf_prepared_resized/train/train_018736.png,2025-11-26T21:47:47,Sana
train_019423,Valid but hard,,0.3888888888888889,ابنِ ماءِ السَماء،,ماء السماء،,../data/muharaf_prepared_resized/train/train_019423.png,2025-11-26T21:47:55,Sana
train_010192,Segmentation error,,0.3888888888888889,عن قبيات عكار في ٢٦ تشرين ٢ سنة ١٩٣٥,عن زيت عح في ٢ شري نة ١٩٢١,../data/muharaf_prepared_resized/train/train_010192.png,2025-11-26T21:48:09,Sana
train_002314,Script mismatch (non-Arabic),,0.3888888888888889,"""THE DAILY MIRROR""","""N DLY MIRR""",../data/muharaf_prepared_resized/train/train_002314.png,2025-11-26T21:48:13,Sana
train_021926,Valid but hard,,0.3888888888888889,وفي ١۹ منه عصر ذلك النهار فقصد يبرود,وفي ١٩ منه عصارى النهار قوجه الى برود,../data/muharaf_prepared_resized/train/train_021926.png,2025-11-26T21:48:17,Sana
train_015017,Valid but hard,,0.3888888888888889,حتى يقصدون بالطيري يصرفون ...حتى ...,حتى بصد قرت باطرة يصرفون .... .تى .ل,../data/muharaf_prepared_resized/train/train_015017.png,2025-11-26T21:48:19,Sana
train_018108,Script mismatch (non-Arabic),,0.3888888888888889,J. Darwich & Irmão,K. rwch & mã,../data/muharaf_prepared_resized/train/train_018108.png,2025-11-26T21:48:25,Sana
train_016001,Valid but hard,,0.3877551020408163,غياباً وتلى اسَتدعا المدعى فصادق عليه واكتفى بهِ سَئل الوكيل المسَخر عن ذلك فاجاب منكراً وبالمذاكره تقرر بالاتفاق طلب البينة من المدعى لاثبات دعواه,غاً بسوسً الستعدعى المعادى قداه ليه واكيه بي شل لكيل المسَر عن ذل فاجاب كراً وبالمذاكرة تر بالاق لبل بية الم المدل الى عاه,../data/muharaf_prepared_resized/train/train_016001.png,2025-11-26T21:48:28,Sana
train_015041,Valid but hard,,0.3877551020408163,بحيث الذي ... الماء ينحدر وتبللت فراشنا فصرنا ...,حيث الذي . ماء للادر وبلت فرشا و.. .,../data/muharaf_prepared_resized/train/train_015041.png,2025-11-26T21:48:31,Sana
train_020540,Valid but hard,,0.3870967741935484,الى مرسيليا كان الطقس جميل جدًا,الى ميل في الطق جيل ج,../data/muharaf_prepared_resized/train/train_020540.png,2025-11-26T21:48:34,Sana
train_008692,Valid but hard,,0.3870967741935484,وقتها لان دايماً يتهددونا في الحكم العرفي ولا يحفا سَيادتكم في هاكذ تهديدات خلت القرية بحالةً,وقلا ا ا يجيدا ون في احكم العدفي ولا يحنا سَيدتكم فيه اه تو ل الرة الحري الة,../data/muharaf_prepared_resized/train/train_008692.png,2025-11-26T21:48:36,Sana
train_014967,Valid but hard,,0.3867924528301887,سفركم وتحويل المبل لنا فافتكرنا ان التلغراف كتابك يصير سندًا للتلغرافيا ويصير التعويض وبعد ذلك ... بالعقول,سركم وجل الجلغ لنا افاركنا ان لعراف النابك يصير سندا للغرافنا ويصر الانو. و  باقبول,../data/muharaf_prepared_resized/train/train_014967.png,2025-11-26T21:48:37,Sana
train_010586,Valid but hard,,0.3866666666666666,نعود الى البنطلون النحس – ولا تاخذي الكلام في غير معناه  – قلت لك لا ترسليه,ى الن الون والور وا ا ذي الكلا من غير مناه. قل ل لا سليه,../data/muharaf_prepared_resized/train/train_010586.png,2025-11-26T21:48:39,Sana
train_005717,Valid but hard,,0.3858267716535433,تصرفاتهم معنا فاذا لا نحن ولا الخوري فتحنا الباب لمثل هذه الاختلافات بل هم بسوء تصرفاتهم جعلونا ان نشمئذ منهم لما رئساهم يشينوا,تصراهم ها ا ذا الل لخوري تم البا مل هذه الاختلافات بلهم بسوت ترانتهم عله انان ش رم م م  شيا,../data/muharaf_prepared_resized/train/train_005717.png,2025-11-26T21:48:41,Sana
train_008856,Valid but hard,,0.3858267716535433,حكومة شكلة قومسَيون لمعاينة القرعه العسَكريه العموميه على المسَيحين وغير المسَيحين عن سنه ٣٢٦ وتعين ولدكم عضواً لذاك القومسَيون,ة مة من الماعنة العرة السَاية الموميه على المسَيمين وغير المسَين عن ن ٣ وم ووكم الوا الو لون,../data/muharaf_prepared_resized/train/train_008856.png,2025-11-26T21:48:49,Sana
train_016060,Valid but hard,,0.3851351351351351,مضر بحق موكلته ومخالفاً القانون فيعترض عليه بما ياتى اولاً ان المحكمة اخطئة بسَماعها هذه الدعوى لان المبلغ المدعى بهِ مربوط بكمبيالة لامر وعليه تكون,مضر كمة وا واان التقان تقريه عله بيانى الاً ان المحكمة اخطئة بماعها هذ المدوى ان المبع المعى بمر بل بل ولولة وكون,../data/muharaf_prepared_resized/train/train_016060.png,2025-11-26T21:48:51,Sana
train_019217,Script mismatch (non-Arabic),,0.3846153846153846,YS - 1D  070f,YS- 1D- 05a,../data/muharaf_prepared_resized/train/train_019217.png,2025-11-26T21:48:54,Sana
train_013662,Segmentation error,,0.3846153846153846,١٥ ك سنة ١٩٣١,١٣سنة ١٩٩٣١,../data/muharaf_prepared_resized/train/train_013662.png,2025-11-26T21:48:57,Sana
train_020446,Valid but hard,,0.3846153846153846,نحب تقبيل ايديكم وايادي جدتي والاعزاء ميشال وشفيقة وذكية وفكتوريا,ي يل ايديكم واي دي والاعرار ميال وفيعه وذكم وتكوره اصص,../data/muharaf_prepared_resized/train/train_020446.png,2025-11-26T21:49:02,Sana
train_016057,Valid but hard,,0.3841059602649007,من اهدن بالوكلة عن منتوره المدعى عليها الثابتة بسَند مصدق عليه من هذه المحاكمة مجاز له به المرافعه والصلح والاقرار والابرا وطلب الحلف واسَقاط والاعتراض,فن ن الن ن مرة المع عيها الثاتة سند مصدق عليه من هذه المحكمة جار ليم اعم الا والا والاطا والاطا الا الا الضرض,../data/muharaf_prepared_resized/train/train_016057.png,2025-11-26T21:49:20,Sana
train_012404,Valid but hard,,0.3833333333333333,وكانت تصدر نصف شهرية في مواعيدها المحددة وصدر منها ٧٦٥ عدداً,وكانت تصدر نصف شهرية في حعى العيدا المحادة  دا,../data/muharaf_prepared_resized/train/train_012404.png,2025-11-26T21:49:28,Sana
train_021048,Valid but hard,,0.3833333333333333,عندي وقت لاححرك لك فانك تعذرني فبالاسبوع القادم اشرح لك مطول,ي وت لكرك فاك نذي بالاسبوح النادمه اشرح الله مطوك,../data/muharaf_prepared_resized/train/train_021048.png,2025-11-26T21:49:31,Sana
train_016361,Valid but hard,,0.3829787234042553,اليمين شهد طبق شهادة يوسَف سَمعان فرنجيه وشاهدًا هو الشيخ لحود فرنجيه من اهدن وغب حلفه اليمين شهد ان القطعة الارض المحدودة قبلة بملك ورثة رزق,يمين شين شهده شهدة وسَمان ريجه واداً هو الشيخ لور فنيه من هن وغب لفه المين شهذ ن اقة الماى المروة ة ة ه ق,../data/muharaf_prepared_resized/train/train_016361.png,2025-11-26T21:49:32,Sana
train_015959,Valid but hard,,0.3828125,بتاريخه قد باع نقولا طنوس نقولا باحالة عن نفسَه وبوكالته الرسمية عن شقيقه عبود مسجلة في محكمة بداية قضاء الفريق بتاريخ ٢٣ حزيران,بتاريخه قدا قوا وطنسن قولا بالة عن نسه وبوك مة الرسة عن شقريه بواد ملة بالمة بيداة قرا والقري والخرخ رن,../data/muharaf_prepared_resized/train/train_015959.png,2025-11-26T21:49:33,Sana
train_018637,Valid but hard,,0.3823529411764705,فى ١٥ ك١ ١٩٢٠    نعمه الياسَ مخايل,ف ة ١٥٠٢ ١٩ فعه الياس مخايل,../data/muharaf_prepared_resized/train/train_018637.png,2025-11-26T21:49:42,Sana
train_003300,Valid but hard,,0.3823529411764705,جليل هو علمك املك وشريف املك وحلمك. فإذا كان ينقصك المال تقول: سيحقق,ل ملكم، وراي الولك. فاذا كان يقصك المال تقول: يَُحق,../data/muharaf_prepared_resized/train/train_003300.png,2025-11-26T21:49:47,Sana
train_018755,Valid but hard,,0.3823529411764705,جناب ابن العم الاجل الماجد المحترم,جنا بين الم الال اجيد الم,../data/muharaf_prepared_resized/train/train_018755.png,2025-11-26T21:49:49,Sana
train_016053,Valid but hard,,0.3821656050955414,مشتمله على غراسَ عريش بمحل قرني بخراج بشرى ممسَوحه تحت نمرو ٣٨٧١ قيراط ١٢  فقد باعتها المحكمة لوفا الدين ووزعت تمنها على الداينين فاصاب موكله الف وماية وسَتة,مشل اعى عى عشرى شري بشيل الاب بمو مت ر ر ٩٥ فقد باعتها المحكمة لوقا الدين وزعت منا على الداين فاب موكه الف واية وسَة,../data/muharaf_prepared_resized/train/train_016053.png,2025-11-26T21:49:50,Sana
train_016275,Valid but hard,,0.3819444444444444,ورومانوس معوض وسَمعان الصباغ معوض وسَمعان انطون فرنجيه وبريص فرنجيه والخورى سَمعان يمين وسَمعان البدوى فرنجيه ومخايل البدوى فرنجيه ويوسَف البدوى,روون سَ ومَمان الب عو اسَعان نطون ارجيه وبريص فرنيه والخورى سَعان ين وسعن الويى وخجه الا الوى ووف ويف وى,../data/muharaf_prepared_resized/train/train_016275.png,2025-11-26T21:49:51,Sana
train_009292,Valid but hard,,0.3818181818181818,ميخاىل الدرىىى                        ارسانيوس الفاخوري,ميخامل الدرى                 الخوري,../data/muharaf_prepared_resized/train/train_009292.png,2025-11-26T21:49:52,Sana
train_016196,Valid but hard,,0.38125,الحال حرر هذا الصك للبيان تحريراً فى ٢٢ آب سنة ١٨٧٨ وتمانماية وتمانية وسَبعين مسَيحية المقر بما فيه صحيحاً بطرس شمشوم واولاد عمه مطنوس واخيه جبرايل واولاد يونسَ,الحر ر ها الحلب با ريى س ن ٩٣ واماية ومامية وسَعين مسَيحية المقر بافي صحياً بطر شم وا عمه مطون واجر جيل وال وسَ,../data/muharaf_prepared_resized/train/train_016196.png,2025-11-26T21:49:54,Sana
train_015035,Valid but hard,,0.3809523809523809,بلخان دون .. بتنا هناك حتى الليل الساعة ١٢,بان دون نصب جاد ريتنا هناك حتى الرباح الساعة ١١,../data/muharaf_prepared_resized/train/train_015035.png,2025-11-26T21:49:55,Sana
train_002315,Script mismatch (non-Arabic),,0.3809523809523809,93 WASHINGTON STREET.,9WANGON STET.,../data/muharaf_prepared_resized/train/train_002315.png,2025-11-26T21:49:58,Sana
train_013496,Valid but hard,,0.3809523809523809,جلسَة ٢١ شباط سنة ٩٢٦,جلسَ ٢٨ شكه سنة ١٩٣١,../data/muharaf_prepared_resized/train/train_013496.png,2025-11-26T21:50:07,Sana
train_000487,Valid but hard,,0.3809523809523809,٢ عطاره ومعكرون عدد ٢,٢ عكار ومعك ان سعد,../data/muharaf_prepared_resized/train/train_000487.png,2025-11-26T21:50:16,Sana
train_006346,Valid but hard,,0.3809523809523809,في الوقت الذي كانت فيه الجهات الاخرى صامتت,حتي يتشوفت البذي كانن متر الجبات الاخرى قاده,../data/muharaf_prepared_resized/train/train_006346.png,2025-11-26T21:50:17,Sana
train_014958,Valid but hard,,0.38,باتم الصحة مع لفيف العائلة اذ لا يبق بالكم بطرفنا نسألة الولى ان يحفظكم ويلاقينا معكم بالخير والسرور,باتم الصحة مع لفيف العائلة اذا ل بيغ بالكم بطرفنا نسأل و  انا  ل ال ل,../data/muharaf_prepared_resized/train/train_014958.png,2025-11-26T21:50:19,Sana
train_015177,Valid but hard,,0.38,الخوري يوسف ... واخذنا رحنا عند الخوري بولس اور في,يوسف منجاج واخدنا ورجنا عند الخوي اوجس اود في,../data/muharaf_prepared_resized/train/train_015177.png,2025-11-26T21:50:24,Sana
train_005694,Valid but hard,,0.3793103448275862,لان البواطن لله ولنا الظوهر فانا كنت ارى ان هذا الخوري يحبني ويعتبرني فمن الواجب على ان اكاتبه بالمثل وما لى ولباطنه,ون اطول لن نا الظوا انا ك ارى ان هذا الخورني يجني ويعشتري فى الراجب بلى ا ايت الملة ول وية,../data/muharaf_prepared_resized/train/train_005694.png,2025-11-26T21:50:25,Sana
train_007336,Valid but hard,,0.3789473684210526,كل الذكرتو بالغنج والتكتكي                                           وحياة عينك والصبا خلقو لكي,كل   ا                                             ب ع ا ا ا لوكي,../data/muharaf_prepared_resized/train/train_007336.png,2025-11-26T21:50:33,Sana
train_008624,Valid but hard,,0.3787878787878788,ضرباً مؤلماً وكسر يد حنا قديج منسوب الى محمد اغا الكنج واخوه وابنه,غرباً مولاً ولمحريد حنا ديح منسوي الى محدا الخكيمة واه,../data/muharaf_prepared_resized/train/train_008624.png,2025-11-26T21:50:35,Sana
train_010565,Valid but hard,,0.3787878787878788,مع ستة افلام ثلاثه كبار وثلاثه صغار والبنطلون وقطع الاقمشة والقميص,ة قلا لاتة كاير وثلاثه صغفار والبلوصه وتطع الانسة والي,../data/muharaf_prepared_resized/train/train_010565.png,2025-11-26T21:50:36,Sana
train_005681,Valid but hard,,0.3786407766990291,لذلك اننى لا افنش مثلهم على امور كهذه ان لبعضهم اخذ يتشكى لان الريس عزله من وظيفة الى اخره فعليه كلامهم,ذ  نا ى ى على لمور كه ا ان بعضهم اخذ يتشكى لان الرس عغزية ون وية ار فيه له لاام,../data/muharaf_prepared_resized/train/train_005681.png,2025-11-26T21:50:42,Sana
train_019520,Valid but hard,,0.3777777777777777,المشاهد الخلابة التي يبسَطها العِلمُ امامكم :,الشاد الخلابة التني  العلم اكم.,../data/muharaf_prepared_resized/train/train_019520.png,2025-11-26T21:50:44,Sana
train_015127,Valid but hard,,0.3770491803278688,يوم شعرة تابع ... في ٢٦ اذار . العشرين. من ... حتى وصلنا لميم,ص اج ال.ل في ٢ اذار. العشرين. من يوفر حتى وصلينايم,../data/muharaf_prepared_resized/train/train_015127.png,2025-11-26T21:50:52,Sana
train_008953,Valid but hard,,0.3768115942028985,الحورى يوسف                  الحورى محاىل                 الحورى يوسف,الحو                            الخور محاى          ى وس,../data/muharaf_prepared_resized/train/train_008953.png,2025-11-26T21:50:56,Sana
train_004086,Valid but hard,,0.3768115942028985,أأبسمُ والآثام حولي بواسمٌ                أأبسمُ والدنيا تشدّ بمنكبي؟,أبسمُ والآتام حولي بواسمٌ            اا ا  كب؟,../data/muharaf_prepared_resized/train/train_004086.png,2025-11-26T21:51:00,Sana
train_016094,Valid but hard,,0.3766233766233766,علانية بتاريخ ٦ ربيع اول سنة ٣٠٥ وفى ٩ تشرين الثانى سنة ٣٠٣ ولاجله تحرر هذا الاعلام نسَختين من محكمة بداية قضا البترون يعرض على عزتلو قايمقام الافخم كى غب,لاية ية ارية ر  ة    ن ي الرا ٣ والة حر هذا الاعلام نسَختين من حمة بداية قضا الترون بعرض على لو قا الا ملمكم غب,../data/muharaf_prepared_resized/train/train_016094.png,2025-11-26T21:51:02,Sana
train_005772,Valid but hard,,0.375,المنصوره,انا نصوره,../data/muharaf_prepared_resized/train/train_005772.png,2025-11-26T21:51:03,Sana
train_019714,Script mismatch (non-Arabic),,0.375,22-11-15,2-1-5,../data/muharaf_prepared_resized/train/train_019714.png,2025-11-26T21:51:07,Sana
train_003310,Valid but hard,,0.375,يتحقق بالشاهنامة,يتحقق حكم بالشاهنامه.,../data/muharaf_prepared_resized/train/train_003310.png,2025-11-26T21:51:09,Sana
train_012790,Script mismatch (non-Arabic),,0.375,4I M 108,1 M 08,../data/muharaf_prepared_resized/train/train_012790.png,2025-11-26T21:51:14,Sana
train_001660,Script mismatch (non-Arabic),,0.375,Walter J. Bugby.,Wa J. Bgby,../data/muharaf_prepared_resized/train/train_001660.png,2025-11-26T21:51:15,Sana
train_010119,Irrelevant / signature,,0.375,حلىل حصو,حليل حر,../data/muharaf_prepared_resized/train/train_010119.png,2025-11-26T21:51:18,Sana
train_019546,Valid but hard,,0.375,وصحافة..,وهماشة..,../data/muharaf_prepared_resized/train/train_019546.png,2025-11-26T21:51:21,Sana
train_011413,Script mismatch (non-Arabic),,0.375,ME- 21 8,ME-211,../data/muharaf_prepared_resized/train/train_011413.png,2025-11-26T21:51:25,Sana
train_007255,Valid but hard,,0.375,قصيدة غزلية عنوانها  .   .   .   غلي بعرزال الهوى تا نفل,قصيدة غزلية عنوانها         عى ى  افل,../data/muharaf_prepared_resized/train/train_007255.png,2025-11-26T21:51:28,Sana
train_008227,Script mismatch (non-Arabic),,0.375,JPK2B-65,JPK2-1,../data/muharaf_prepared_resized/train/train_008227.png,2025-11-26T21:51:34,Sana
train_018780,Script mismatch (non-Arabic),,0.375,YAL2A-74,YALA-11,../data/muharaf_prepared_resized/train/train_018780.png,2025-11-26T21:51:35,Sana
train_008764,Valid but hard,,0.375,اوقاتهم فى خدمة كرم الرب مستعينين بكاهنين من القريه معاً لاجل يقوموا عمومهم باسَتماع اعترافات الشعب الذي بكل احد,وفاه فمى فدمة الم ارب مستعين باهين من اقره عاً ال يقو م بسَما عا الش ال ال اد,../data/muharaf_prepared_resized/train/train_008764.png,2025-11-26T21:51:37,Sana
train_012542,Script mismatch (non-Arabic),,0.375,MK2A7 21,MK2A-71,../data/muharaf_prepared_resized/train/train_012542.png,2025-11-26T21:51:40,Sana
train_004474,Valid but hard,,0.375,اللبنانى,اللقالى,../data/muharaf_prepared_resized/train/train_004474.png,2025-11-26T21:52:06,Sana
train_013350,Valid but hard,,0.375,جانبيه .,جطانيه.,../data/muharaf_prepared_resized/train/train_013350.png,2025-11-26T21:52:08,Sana
train_011285,Script mismatch (non-Arabic),,0.375,ME- 21 3,ME-211,../data/muharaf_prepared_resized/train/train_011285.png,2025-11-26T21:52:30,Sana
train_004438,Script mismatch (non-Arabic),,0.375,EAK1A-66,EAK1A8,../data/muharaf_prepared_resized/train/train_004438.png,2025-11-26T21:52:31,Sana
train_005601,Valid but hard,,0.375,على تحاريرك فهو لاجل انه يقدر يكتب لغيره فاذا لا تعتب عليه وهذا لا يلزم ان يمنعك,على تار وكو وال ان  يقدر يكت لعجره فاذا لاتق ليه وذا ام م,../data/muharaf_prepared_resized/train/train_005601.png,2025-11-26T21:52:34,Sana
train_013538,Valid but hard,,0.375,احترامي.,احترامي به,../data/muharaf_prepared_resized/train/train_013538.png,2025-11-26T21:52:35,Sana
train_011457,Script mismatch (non-Arabic),,0.375,ME- 21 9,ME-211,../data/muharaf_prepared_resized/train/train_011457.png,2025-11-26T21:52:38,Sana
train_014206,Script mismatch (non-Arabic),,0.375,MeM1C-22,MG1C-2,../data/muharaf_prepared_resized/train/train_014206.png,2025-11-26T21:52:45,Sana
train_008506,Segmentation error,,0.375,١ كانون اول ٩١١                      مسىمد دعاكم ولدكم ادىب سىحا,كانو اول ١٩١                                   دى دى ادى ىم,../data/muharaf_prepared_resized/train/train_008506.png,2025-11-26T21:53:12,Sana
train_013235,Valid but hard,,0.375,ديب ملعب,الرديب ملعب,../data/muharaf_prepared_resized/train/train_013235.png,2025-11-26T21:53:20,Sana
train_018746,Script mismatch (non-Arabic),,0.375,YAL2A-47,YAL2A1,../data/muharaf_prepared_resized/train/train_018746.png,2025-11-26T21:53:23,Sana
train_000272,Script mismatch (non-Arabic),,0.375,AF-304 1,AF-302,../data/muharaf_prepared_resized/train/train_000272.png,2025-11-26T21:53:26,Sana
train_006679,Valid but hard,,0.3734939759036144,انحسرت دموع اليأسَ على خدود الغرام                        متل شحتارا على بلاطة رخام,انه حرث دموع الياأسَ عىا داد القرام                                  مم ل العى ال خرام,../data/muharaf_prepared_resized/train/train_006679.png,2025-11-26T21:53:29,Sana
train_014970,Valid but hard,,0.3727272727272727,الجسر مقطوع واذا بكره  بقي مقطوع آخذها واعبّرها بل الى ان ينصبوه واتفق ان الجسر منذ ذاك اليوم حتى تاريخه مقطوع,الجر وا واك بمى مقطا علا اقر اخذها واعيرها بل الى ان ينصبوه واتق ان احسر من ذك اليويى اى حا رت طع,../data/muharaf_prepared_resized/train/train_014970.png,2025-11-26T21:53:30,Sana
train_016231,Valid but hard,,0.3724137931034483,بالصورة القانونية حضريا بالوقت المعين لروية الدعوى الواقع فى ١٧ تشرين الثانى ٣٠٣ سَركيسِ حبيب يمين من اهدن بالوكالة المصدقة عن المدعى واما المدعى,بالاصوة القرية اية الر المن مين العى اواق فى ١٧ تشرين الثالى ٣ ٠ رسَ حبي بين من اهذه بالكلة الما و م اى الم عى,../data/muharaf_prepared_resized/train/train_016231.png,2025-11-26T21:53:32,Sana
train_016735,Valid but hard,,0.3720930232558139,والمسوغ لهذا البيع هو لاجل نفقتهما الضرورية,والمسَوغ لهذا المبيع هو لاجل تفقهما الضروري تعلوا باليع,../data/muharaf_prepared_resized/train/train_016735.png,2025-11-26T21:53:33,Sana
train_000184,Valid but hard,,0.3714285714285714,بتاريخه انا الواضع اسمي ادناه فرحات فرح من قرية جاج قد استاجرت من الخوجات جرجي وحبيب بدارو من مدينة بيروت,بم ن الو اي اه خا رع من قرية جاج قد است حريرت من لوات جري وجب باره من منيهة برت,../data/muharaf_prepared_resized/train/train_000184.png,2025-11-26T21:53:34,Sana
train_008851,Valid but hard,,0.3712121212121212,والقريه اصبحت محصوره لا احد يتجرع الخروج منها كلياً لغاية هذه السَاعه ما قابل عطوفة المتصرف انما بعد الضهر انشالله تقابله ونعود نعرض,واوالقريه  صود الاد تع الروج مها لياً لغاية هذه الساعه ما قاين عطوة المترف ا عد الضره له  وض,../data/muharaf_prepared_resized/train/train_008851.png,2025-11-26T21:53:38,Sana
train_016204,Valid but hard,,0.3710691823899371,لا تسَمع قصداً بل من ضمن دعوى شرعية وحيث ان الدعوى الاصلية اضحت مسموعة بسَبب اقرار المدعى عليه سَنداً على المادة الـ ١٦٧٤ فاصبحت دعوى النسَب مسموعة ايضا نسبياً,الساً عاً ا من من عى شرة وجيه ان الدعى الاحية اخحت مسَمعة سَيب قرار المدعى عليه سَدً على الدة الى ح اح ام اسَا اا بعياً,../data/muharaf_prepared_resized/train/train_016204.png,2025-11-26T21:53:40,Sana
train_015329,Valid but hard,,0.3706293706293706,قابلاً الاستناف والتمييز ضمن المدة القانونية أُلقي الى الجانبين تفهيمه مشافهةً فى العلانية على سمع القائم بوظيفة المدعى العمومى مصدر هذا القرار,قاباً الاً التنين التي المعنة الانية ولى الى الجان فهميه هشافهً في العلانية على سم الماط بية الدى المدى الم  القور,../data/muharaf_prepared_resized/train/train_015329.png,2025-11-26T21:53:44,Sana
train_012364,Valid but hard,,0.3703703703703703,الرابع وبالحجم ذاته وان شاء,الرايح وبالحجمزائ ولدة شا,../data/muharaf_prepared_resized/train/train_012364.png,2025-11-26T21:53:47,Sana
train_008951,Valid but hard,,0.37,في مقبرة الدير كون بعيد عن دير مار ضومط                 الدير كوني بعيد عن دير مار ضوميط ولما تحوجني,في مقيرة الدير كون بعيد عنه ورمار ضوميط                               كد اي الي الي الي وي,../data/muharaf_prepared_resized/train/train_008951.png,2025-11-26T21:53:52,Sana
train_014808,Valid but hard,,0.3695652173913043,النوع من الورق المسطّر (على دفتر مدرسي). وكنتُ,النوع من الورق المسطرو على ذم مرس,../data/muharaf_prepared_resized/train/train_014808.png,2025-11-26T21:54:02,Sana
train_015187,Valid but hard,,0.3695652173913043,عملنا تلغراف ٢ لاواحد للأخ بطرس والثاني للخوري,عملنا تلغرغفات ٢ الواحد لغدا للاخ بطرسى والثاني ال,../data/muharaf_prepared_resized/train/train_015187.png,2025-11-26T21:54:07,Sana
train_016154,Valid but hard,,0.3694267515923566,الياسَ عواد عسَاف الخورى البيطار ثم قرر المدعى عليه انه اشترى العقار المحرر بمشاهدة المدعيين ومناظرتهم وانه تصرف به باطلاعهم ومناظرتهم بدون ادنى معارضه سَئِل,الاسا سعا اعا الر الر ارار الدعى العيه اهن اشرى القار المحر مشاهدة المدعين ومنضارتهم وات تصربه بالهم واتهم بدن  ى ئل,../data/muharaf_prepared_resized/train/train_016154.png,2025-11-26T21:54:15,Sana
train_016018,Valid but hard,,0.3691275167785235,وبما ان يوسَف احد المديونين المذكورين قد توفى وورثته مع بقية المديونين مترددون عن الدفع فيلتمسَان جلب احدهم اسَطفان والحكم عليه بدفع المبلغ المحرر مع,وبا ا ااس ا المين المكوين ون قوى ورة مى قية المديونين منر دون عن الدف فيلاَا جب احم سَام الهه عه عل الل الم المع,../data/muharaf_prepared_resized/train/train_016018.png,2025-11-26T21:54:17,Sana
train_014976,Valid but hard,,0.3689320388349514,ونومل ان يلحككم ايضًا ومن هنا الوالدين مع الضيف والزوج يقبلونكم بشوق ويدعون لكم بالعافي والنجاح والسلام,ول لان يحتكم اليضا ومن هنا والادين مع اليه والام بقبلاتكم بالسَوق ودعو لم بالضهة والج وسلام من,../data/muharaf_prepared_resized/train/train_014976.png,2025-11-26T21:54:34,Sana
train_001659,Script mismatch (non-Arabic),,0.3684210526315789,"Atlantic City, N.J.","Aalntic City,",../data/muharaf_prepared_resized/train/train_001659.png,2025-11-26T21:54:37,Sana
train_000491,Segmentation error,,0.3684210526315789,١/٤ يود محلول عدد ١,٤ يود محون مد١,../data/muharaf_prepared_resized/train/train_000491.png,2025-11-26T21:54:42,Sana
train_005912,Valid but hard,,0.3684210526315789,سيادة مولاي الجليل الحبر العلامة المفضال المطران عبدالله الكلي الشرف والوقار,سادة لية الي الجار الامة المفال المطا عد ال ال ال الار,../data/muharaf_prepared_resized/train/train_005912.png,2025-11-26T21:54:48,Sana
train_005660,Valid but hard,,0.3675213675213675,كما اخبركم سيادة الحويك الكلي الشرف والاحترام في ٢٨ حزيران تركت رومية متوحها الى نابولي بمعية حضرة الاب الجليل الفاضل,كا ركم ري اي اللي الشروف الاحرام في شرة بران شهر تركت رومة متوه لى قولي بمعة حضرة ال ال الل,../data/muharaf_prepared_resized/train/train_005660.png,2025-11-26T21:54:52,Sana
train_016130,Valid but hard,,0.3673469387755102,الى شىـخ صلح قرية بقرقاشا الآن من ثلاثة سَنين وضع يده عليها لحود والمدعى عليه المذكور بدون حق فالتمسَ رفع يده عنها وتسَليمها لى ولموكلى سَئل المدعى,ة اة اا ان ملة ثان اخى بره عليه تحود المدعى عليه المذكور بدون حق قالتسَ رف بده عها وسَليها ولى ولك سلمى المدعى,../data/muharaf_prepared_resized/train/train_016130.png,2025-11-26T21:54:53,Sana
train_016345,Valid but hard,,0.3669064748201439,وبولسَ بطرس غسَطين وسَمعان يوسَف نفليش وانطانيوس سَمعان فرنجيه ويوسَف سمعان فرنجيه وسَليمان يوسَف الست ويوسَف سَليمان الست ورومانوسَ الياسَ,وبطسَ سطيَ طين وسَان ويَن لي واطانوس سَعان جرنجه ويوسَف سعان فرجه وسَما وَيف السَ وسَين اسَ السَوَ الوَ والوَسَ,../data/muharaf_prepared_resized/train/train_016345.png,2025-11-26T21:54:58,Sana
train_012362,Valid but hard,,0.3666666666666666,مطانيوس الحلبي وذلك في قاعة المحاضرات لطب الاسنان في الجامعة,ايومس الحبي وذلك في فاعة المحاضرات بطب الا,../data/muharaf_prepared_resized/train/train_012362.png,2025-11-26T21:55:02,Sana
train_015256,Valid but hard,,0.3666666666666666,تاكوهي ليد ... وفي الساعة ١٢ من تلك الليلة يعني ليلة الاربعا,ي ليد خج.. وفي الساعة من لك اليم عين ل الرعا,../data/muharaf_prepared_resized/train/train_015256.png,2025-11-26T21:55:04,Sana
train_009137,Valid but hard,,0.3666666666666666,وبناءً على صحة وفاة جد القاصرين لوالدهم الذي كان وصياً عليهم,وبينأنر مح تحة وماة حة المعاهرن لولدهم الخومي كان وصيعا كليهم,../data/muharaf_prepared_resized/train/train_009137.png,2025-11-26T21:55:05,Sana
train_015361,Valid but hard,,0.3666666666666666,القرار الصادر بدعوى ورد بنت محمد جهجاه نصرالله على سليمان وامين سليمان نصرالله واولاد عمهم,القرار الصار بدعوى ود بنت محو هجاه تصر له على مسم وي سمن م  ل هم,../data/muharaf_prepared_resized/train/train_015361.png,2025-11-26T21:55:06,Sana
train_005438,Valid but hard,,0.3666666666666666,يسَرع شفاءَه حتى ترجعوا سَوية.,بسَرع ثلفاءؤة متى ترجيوا سَوبية؟له,../data/muharaf_prepared_resized/train/train_005438.png,2025-11-26T21:55:08,Sana
train_014746,Valid but hard,,0.3666666666666666,فوق شفاه سامعيه لكنها ارست، في,فوق شفاةٍ سامعية، مُ أرسَت، في,../data/muharaf_prepared_resized/train/train_014746.png,2025-11-26T21:55:10,Sana
train_016379,Valid but hard,,0.3658536585365853,وفي يده وتصرفه بمشاهدة الخورى منصور وبايعه وسَكوتهما مدة لاتسَمع الدعوى بعدها فيطلب جلب الخورى المحرر ونقض القرار المسَطر ولدى طلب الفريقين بالصورة القانونية حضر فى,وفيه يه اره ار الخر اخوه وابعه وهوهما مد لاسَمع الدعوى بعدها فبطلب حلب الخورى المحر وقتفر المر السَر الية القية القوي الان ال ضرفى,../data/muharaf_prepared_resized/train/train_016379.png,2025-11-26T21:55:12,Sana
train_005671,Valid but hard,,0.3655913978494624,ما خص سفرتي ووصولى بالسلامة. فلان اغتنم هذه لاننى حرٌّ بزيادة ان اجاوبك بالتفصيل على التحارير,ما خر سوي وب بالساة. فلان عثم هذه لاسن حترّ بزدادة ان اجات حرما وتصيل على التار التريت,../data/muharaf_prepared_resized/train/train_005671.png,2025-11-26T21:55:12,Sana
train_010074,Valid but hard,,0.3653846153846153,على نفسَي تحريراً في ايلول ١٧ سنة ١٩٣٤ المقر ىما فىه,على نفسَي تحريرًا في ايلول ١٧ نة ١٩١,../data/muharaf_prepared_resized/train/train_010074.png,2025-11-26T21:55:14,Sana
train_006789,Valid but hard,,0.3653846153846153,واللي مغمق جرحة اصحابو                   بيعقل مذهول,واللي مغحمت جرحة اصمابو        بق مول,../data/muharaf_prepared_resized/train/train_006789.png,2025-11-26T21:55:15,Sana
train_001011,Valid but hard,,0.3648648648648648,فرنكو رئيسَا لفرع من اركان الحرب، وفوض اليه امر اصلاح الجيش، واعادة تنظيمه,ي ى ران الحرب، وفوحن اليه امر الح الجبيش، واعادة تطظيمه.,../data/muharaf_prepared_resized/train/train_001011.png,2025-11-26T21:55:17,Sana
train_005689,Valid but hard,,0.3645833333333333,وعندئذ ابتدأوا يقللوا نحوه الاعتبار فاذا Mrgo الريس ما كان مستعبرنى كالقول بل ذلك هو كثرة ثقه في,عذ تدا وقعلوا نخوه الاعتار ماذا  الرمس اكان سَعبن كاتقو بل ذل ك ة ف في,../data/muharaf_prepared_resized/train/train_005689.png,2025-11-26T21:55:18,Sana
train_005540,Script mismatch (non-Arabic),,0.3636363636363636,Beyrouth le,Beyrhle,../data/muharaf_prepared_resized/train/train_005540.png,2025-11-26T21:55:20,Sana
train_005787,Script mismatch (non-Arabic),,0.3636363636363636,EAK1K1A-289,EAK1A-39,../data/muharaf_prepared_resized/train/train_005787.png,2025-11-26T21:55:21,Sana
train_007667,Script mismatch (non-Arabic),,0.3636363636363636,JEH2E1-5928,JEH21-2,../data/muharaf_prepared_resized/train/train_007667.png,2025-11-26T21:55:22,Sana
train_015015,Valid but hard,,0.3636363636363636,دافيًا وهذا أبو علي ... منزل في حدود ولاية حلب بعد قايم,ياً وهذا اوك اوا منزل ن حدود ولاية حلب ب قيومو,../data/muharaf_prepared_resized/train/train_015015.png,2025-11-26T21:55:25,Sana
train_001980,Script mismatch (non-Arabic),,0.3636363636363636,FÉLIX FARÈS,EALX FARÈ,../data/muharaf_prepared_resized/train/train_001980.png,2025-11-26T21:55:28,Sana
train_008068,Script mismatch (non-Arabic),,0.3636363636363636,JPK2B-45 	1,JPK2-41,../data/muharaf_prepared_resized/train/train_008068.png,2025-11-26T21:55:29,Sana
train_000226,Valid but hard,,0.3636363636363636,/ ٨ آب ١٩٣٦,١٨ آب ٩٣١,../data/muharaf_prepared_resized/train/train_000226.png,2025-11-26T21:55:34,Sana
train_018346,Script mismatch (non-Arabic),,0.3636363636363636,NAJA FRERES,NA FRES,../data/muharaf_prepared_resized/train/train_018346.png,2025-11-26T21:55:37,Sana
train_003465,Valid but hard,,0.3636363636363636,تلفون ٤٤/٧٠,تلفون ٩٤,../data/muharaf_prepared_resized/train/train_003465.png,2025-11-26T21:55:48,Sana
train_019959,Script mismatch (non-Arabic),,0.3636363636363636,ys-4C - 066,ys-4Cc-00,../data/muharaf_prepared_resized/train/train_019959.png,2025-11-26T21:55:51,Sana
train_018730,Valid but hard,,0.3636363636363636,بيت بقيمت خمسماية ليره انكليز وكسَور دفع قصم نقداً  وقصم على الوقت,ب بقمتالكيز وكسور رفع قص نقداً وقص على الوق,../data/muharaf_prepared_resized/train/train_018730.png,2025-11-26T21:55:54,Sana
train_006003,Script mismatch (non-Arabic),,0.3636363636363636,EAK1A - 681,EAK1A -,../data/muharaf_prepared_resized/train/train_006003.png,2025-11-26T21:56:02,Sana
train_016325,Valid but hard,,0.3636363636363636,المعترض عليه فقرر بانه لم يفِ له مال يقال واذ بلغت الدعوى درجة النهاية اعلن ختم المرافعة,لعرض ليه بقر با م يقلم ما يقال واريت الدوى ورجنه الهاهة اعى الى الم اعة,../data/muharaf_prepared_resized/train/train_016325.png,2025-11-26T21:56:04,Sana
train_015151,Valid but hard,,0.3636363636363636,يوم الجمعة في ٢٤ اذار. الثامن شر. شافرنا من ال...الحمام,يوم المحيا في٢ اذر والذني عشر. سافرنا من الشره الحام,../data/muharaf_prepared_resized/train/train_015151.png,2025-11-26T21:56:08,Sana
train_015483,Valid but hard,,0.3620689655172414,عدد ١١٣ بعد التامل فى مندرجات ضبطنا من المحاكمة وسائر اوراق الدعوى المتفرعة تبين ان اسماعيل عيسى يونس اطلق ماشية على,عد  الدى لمى را ا بطن من المحاكمة وسائر اوراق الدعوى المتفرعة بين ن اعيى عي  الة  ى,../data/muharaf_prepared_resized/train/train_015483.png,2025-11-26T21:56:09,Sana
train_005724,Valid but hard,,0.3620689655172414,الا وظيفة ادارة التلاميذ لا غيرها. ولا يرضى الا بتلت الاف فرنك مع ان الخورى جبرايل ياخذ الف رغما عما عنده من الاشغال,ال ية اياة التان ايرها والايرض الابلث الاف فرنك مع الن الخور راجي خا الر عا منا ما  الشال,../data/muharaf_prepared_resized/train/train_005724.png,2025-11-26T21:56:10,Sana
train_005723,Valid but hard,,0.3617021276595745,فقظ اريد ان تعرف بان هذه المرة الثانية التي هى افظع من الاولى ذلك الريس المسكين البسيط القلب اراد محبة به ان يرجع فى كلامه ويطلب له العفو لكن,ف رن ان ان اه الهذرة اتية التهيى اط من الاوى ذك الرى السكن السَيط العلب اد مجبة بن ان برجع فم مله وطله ال كن,../data/muharaf_prepared_resized/train/train_005723.png,2025-11-26T21:56:11,Sana
train_016152,Valid but hard,,0.3614457831325301,ومسَاحته وتمنه وقدره اربعماية وخمسَون قرش مقبوض تماماً بيعاً باتاً المصادقه الشرعيه باركانها ورسَومها المرعيه على الوجه المشروح والمشترى كفل على انه اذا اسَتحق المبيع,ومسَمة مه وده وه وامان ون ور قا ماً باً ا المصادقة اشرعيه باركانها ورسَومها المرعه على الوم الشرى والمت علل اله الا اا السبيع,../data/muharaf_prepared_resized/train/train_016152.png,2025-11-26T21:56:12,Sana
train_011197,Script mismatch (non-Arabic),,0.3611111111111111,"DRY GOODS, NOTIONS, SHOES, CLOTHING,","DRY G, NOIONS, SFOES, C,",../data/muharaf_prepared_resized/train/train_011197.png,2025-11-26T21:56:17,Sana
train_015037,Valid but hard,,0.3611111111111111,يم الخميس في ١٦ اذار يوم العاشر سافرنا من القايم الساعة ١٠ صباحًا مع ...,الخميس في ٨ اذار يوم العاشر اذنا من الغام الساة ا,../data/muharaf_prepared_resized/train/train_015037.png,2025-11-26T21:56:21,Sana
train_016668,Valid but hard,,0.3611111111111111,طبق الاصل فى ١٩ حزيران سنة ٩٤٠ سكرتر,طبق الاصل في ٩ حرنسنة ٩٠,../data/muharaf_prepared_resized/train/train_016668.png,2025-11-26T21:56:28,Sana
train_020679,Valid but hard,,0.3611111111111111,اشرف من جهة الPanthéon مارًا بساحتنا,اشرف من جهة ot فارًا بيساحتت,../data/muharaf_prepared_resized/train/train_020679.png,2025-11-26T21:56:30,Sana
train_004102,Valid but hard,,0.3611111111111111,أأبسم والشعب البريء مكبلّ                    ولا رأى في لبنان الا لمذنبِ,أبسم والشعب البريء مكلبّ                                     اري الايا الا الذنبِ,../data/muharaf_prepared_resized/train/train_004102.png,2025-11-26T21:56:31,Sana
train_017964,Valid but hard,,0.36,بوافر الأحترام أقبل يديكم واطلب رضاكم سائلاً المنه الألهية أن تهديكم مع العائلة العزيزة على ما ارجوه,وان الحام البل يديكم وطلب رضاكم سارنا النه ا لهيه ان يكم ع الة الية ال ال ا,../data/muharaf_prepared_resized/train/train_017964.png,2025-11-26T21:56:32,Sana
train_019442,Valid but hard,,0.36,هزَّ صليل جواده المشرقين،,صلب جعراده المشرقين،,../data/muharaf_prepared_resized/train/train_019442.png,2025-11-26T21:56:34,Sana
train_005227,Script mismatch (non-Arabic),,0.36,OSPIZIO COLLEGIO MARONITI,SOZIO COLGITO MARNI,../data/muharaf_prepared_resized/train/train_005227.png,2025-11-26T21:56:39,Sana
train_013522,Valid but hard,,0.36,شتأً ⸗ ⸗  ⸗ ١ ⸗ ٣ رأس بقر,شتأً ⸗ ⸗  ⸗ ٣ رئيسن نقير,../data/muharaf_prepared_resized/train/train_013522.png,2025-11-26T21:56:48,Sana
train_016180,Valid but hard,,0.3597560975609756,جرجسَ البعينى من مجدليا وتعين جلسَة نهار السَبت فى ٣ ت١ سنة ٣٠٣ وفيه حضر الشيخ مخايل الوكيل وحضر معه يوحنا مارون الدويهى من اهدن بالوكالة عن لحود الخورى المدعى عليه,جسيسن ين ين ين مجين ينة سهاة اسَتيت ٣ وفيه حضر الشيخ مخايل الوكيل محضر معه يوضا مارن الدوي من اد الكان من الموى الموى المعدلعيه,../data/muharaf_prepared_resized/train/train_016180.png,2025-11-26T21:56:49,Sana
train_015798,Valid but hard,,0.358974358974359,صورة طبق الاصل       بيروت ١ حزيران ٩٢٩,حورة طبل الاحك       بروبو ار ٩٢١,../data/muharaf_prepared_resized/train/train_015798.png,2025-11-26T21:56:53,Sana
train_016127,Valid but hard,,0.3583815028901734,المحكمة وادعى على الحاضرين فيها لحود الخورى انطانيوسَ من قرية بقورقاشا قايلاً بتقرر دعواه عليه انه فى الجارى على ملكى وملك موكلى من قديم الزمان ومتصل الينا فما باين ولابأينا,اى اعى عى المرى لهيه ه الخور انيَ من قرة برو ق قايلاً تقر دعواه عليه انه من الجارى على كى وملك ول ن قديم المان مان منن ا ا أبنا,../data/muharaf_prepared_resized/train/train_016127.png,2025-11-26T21:56:54,Sana
train_016339,Valid but hard,,0.3580246913580246,يده سنداً على المادة الـ ١٧٥٥ من المجلة وابلغ هذا القرار للفريقين وطلب من كل منها تسَمية شهوده فاجاب وكيل المدعى ان شهوده هم يوسَف الخورى فرنسَيسَ حنا ديب والخورى,عيدها ا الة الـا١ة الـ١٥ من الجل ولهذا الر لوين وطلب من لهما نسَية شهوره فاجب وكل المدع ان اشه بسَ الخورى فخسَ سَا و والخر,../data/muharaf_prepared_resized/train/train_016339.png,2025-11-26T21:56:55,Sana
train_016310,Valid but hard,,0.3576158940397351,تائيد الحكم الغيابي وتضمين المعترض العطل والضرر اما امين المعترض فقد طلب اولاً اعطا القرار بكون الدعوى من صلاحية المحكمة او ليسَت من صلاحيتها ينظر فيها,اي اليل الين اضيض المض العطل والضر اما امين المعرض فقد طلبالً عطا القار بن الدوى عى اية المحة امة ة ا ا ظيها,../data/muharaf_prepared_resized/train/train_016310.png,2025-11-26T21:56:56,Sana
train_020708,Valid but hard,,0.3571428571428571,وثم جثة البطل المجهول موضوعة على مدفع كبير,م اجنة البطل المجهمع فوضوعة على ادقيخ ال,../data/muharaf_prepared_resized/train/train_020708.png,2025-11-26T21:56:57,Sana
train_018750,Valid but hard,,0.3571428571428571,بفروغ حبر نخن بانتظار جوابكم,ويفروع مبر نحن بانتظار جراكم در,../data/muharaf_prepared_resized/train/train_018750.png,2025-11-26T21:57:00,Sana
train_010414,Valid but hard,,0.3571428571428571,الى التعرف بكم,ي التصرف يكم,../data/muharaf_prepared_resized/train/train_010414.png,2025-11-26T21:57:07,Sana
train_014189,Valid but hard,,0.3571428571428571,حضرة رئيس بلدية الشويفات المحترم : تحية واعتبار انه لما كان قد جرى فيما بيننا شجارات,حرة طيسَ لوي السويقا المحرتم نمة واعتبار انه لما كان قدو جرى ما س ال,../data/muharaf_prepared_resized/train/train_014189.png,2025-11-26T21:57:09,Sana
train_015008,Valid but hard,,0.3571428571428571,المنصورة هذه ...هناك وحدنا على افندي مامور,وصور هنك وال.. .ناك وحدنا على افندي ما م,../data/muharaf_prepared_resized/train/train_015008.png,2025-11-26T21:57:11,Sana
train_003397,Valid but hard,,0.3571428571428571,بكركي ٦ كانون الاول سنة ١٩١٩,بكولي ١٥ كانو الاول  ١٩٣١,../data/muharaf_prepared_resized/train/train_003397.png,2025-11-26T21:57:13,Sana
train_007303,Valid but hard,,0.3571428571428571,العنوان   .   .   .   العاشق,العنوان         اق,../data/muharaf_prepared_resized/train/train_007303.png,2025-11-26T21:57:16,Sana
train_012072,Script mismatch (non-Arabic),,0.3571428571428571,MG26-43   9/12,MG26-4312,../data/muharaf_prepared_resized/train/train_012072.png,2025-11-26T21:57:21,Sana
train_012016,Script mismatch (non-Arabic),,0.3571428571428571,MG26-43   6/12,MG26-4312,../data/muharaf_prepared_resized/train/train_012016.png,2025-11-26T21:57:22,Sana
train_011924,Script mismatch (non-Arabic),,0.3571428571428571,MG26-43   2/12,MG26-4312,../data/muharaf_prepared_resized/train/train_011924.png,2025-11-26T21:57:22,Sana
train_011996,Script mismatch (non-Arabic),,0.3571428571428571,MG26-43   5/12,MG26-4312,../data/muharaf_prepared_resized/train/train_011996.png,2025-11-26T21:57:23,Sana
train_003193,Valid but hard,,0.3571428571428571,امّنا، رُحماكِ,أَنا، ُحماك:,../data/muharaf_prepared_resized/train/train_003193.png,2025-11-26T21:57:27,Sana
train_011965,Script mismatch (non-Arabic),,0.3571428571428571,MG26-43   4/12,MG26-4312,../data/muharaf_prepared_resized/train/train_011965.png,2025-11-26T21:57:29,Sana
train_002682,Valid but hard,,0.3571428571428571,ومعاصروه 	طبعة,القاحروه -طبعة,../data/muharaf_prepared_resized/train/train_002682.png,2025-11-26T21:57:32,Sana
train_002330,Segmentation error,,0.3571428571428571,١٣٤١ ٢٧ ربيع ١,١٣٤ ١٢ ربيع,../data/muharaf_prepared_resized/train/train_002330.png,2025-11-26T21:57:37,Sana
train_015813,Script mismatch (non-Arabic),,0.3571428571428571,#QAJE5#L_1#0#9,QAJ5#L_#0,../data/muharaf_prepared_resized/train/train_015813.png,2025-11-26T21:57:39,Sana
train_005989,Script mismatch (non-Arabic),,0.3571428571428571,"STRASBOURG, LE","SABOUG,LE",../data/muharaf_prepared_resized/train/train_005989.png,2025-11-26T21:57:42,Sana
train_012064,Script mismatch (non-Arabic),,0.3571428571428571,MG26-43   8/12,MG26-4312,../data/muharaf_prepared_resized/train/train_012064.png,2025-11-28T09:36:55,Sana
train_004456,Valid but hard,,0.3563218390804598,باشد الاسف تلقينا منعى مثلث الرحمات المطران شكر الله شقيقكم العزيز الحبر المفضال فانقضّ,باد الالت تيونا مع مث الرحمات المطران شكر اللش وفيقتكم التير الزري الا,../data/muharaf_prepared_resized/train/train_004456.png,2025-11-28T09:36:59,Sana
train_005699,Valid but hard,,0.3557692307692308,واسمح لك ىان تخبره عنها وسترى اذا كان تنكر اذ اننى فهمت انه ينسَب طرده لزلات خفيفه ولبغض وانتقام الخوري),وسا لكم كن رنه عوا اسى اذان كر اذانى فهمت انه يسَب طروه لا فيهة وبع والتام الخري,../data/muharaf_prepared_resized/train/train_005699.png,2025-11-28T09:37:02,Sana
train_018961,Valid but hard,,0.3555555555555555,اعمالهم واغراضهم واليوم ستؤخذ صورة الاكليل ونهار الاثنين او الثلاثا يكون العروسان في بعلبك,عالهم واضا هم اليكم شؤخذ صورة الاكلي ونهار الاثني ا الا لكن   يك,../data/muharaf_prepared_resized/train/train_018961.png,2025-11-28T09:37:17,Sana
train_020010,Valid but hard,,0.3555555555555555,احد كما لا يقرب طال عزيز بقاك                                               الداعى لحضرتكم,ال                                                                الانى,../data/muharaf_prepared_resized/train/train_020010.png,2025-11-28T09:37:25,Sana
train_003799,Valid but hard,,0.3548387096774194,ويحبني الهزار ويحب وبرا الشحرور,وتحيي الزار ويجيا وبوا لتمرور,../data/muharaf_prepared_resized/train/train_003799.png,2025-11-28T09:37:32,Sana
train_019398,Valid but hard,,0.3548387096774194,حفلة تآبين المرحوم ابو علي سلام,فلة تكابين المرحوم الو م,../data/muharaf_prepared_resized/train/train_019398.png,2025-11-28T09:37:46,Sana
train_004363,Valid but hard,,0.3548387096774194,راجياً في الوقت ذاته ان تقدموا خالص احترامنا لصاحب الغبطه ايده,ركن الحوت ذاسه ان تقدمفوا خابد اختامنا لصاب البطة بد,../data/muharaf_prepared_resized/train/train_004363.png,2025-11-28T09:37:48,Sana
train_018661,Valid but hard,,0.3548387096774194,شريفبورت لوزيانا ٢٦ ايلول /١٩٠١,شريبوت لزينا ن٢ الو نة١٩٣١,../data/muharaf_prepared_resized/train/train_018661.png,2025-11-28T09:37:59,Sana
train_016327,Valid but hard,,0.3540372670807453,ملك ومن اسَتغل مال غيره بتاويل ملك لا يلزمه اجرة ولو كان معداً للاسَتغلال كما هو مصرح فى مادتى ال٥٩٦ وال ٥٩٧ من مجلة الاحكام العدلية هذا فصلاً عد ان المحكمة حكمت,لمل كمن اسَل له ريه ا ول لا لمه اجة ول كان معداً لاسَقال كاهو صرح في مادى ال ٥والـ ن مجلة المحكم المعية عف ا عا علحا المحام حمت,../data/muharaf_prepared_resized/train/train_016327.png,2025-11-28T09:38:01,Sana
train_016230,Valid but hard,,0.3537414965986394,وخمسَة وتسَعين قرشاً بموجب سند مسَتحق الاداء وبما انه متردد عن الدفع فيطلب جلبه والحكم عليه بالمبلغ المذكور وفايدته والعطل والضرر ولدى طلب الفريقين,خمسَة وسَتية قرا بمجون سَس مسَاة الراء ويا اك متردودعن الدفو نيطنين جايه والحكم عيه بالبابل المذكر واوياة والطلر والر وطل لل القري,../data/muharaf_prepared_resized/train/train_016230.png,2025-11-28T09:38:03,Sana
train_004103,Valid but hard,,0.3529411764705882,أأبسم والموتى تسير طروبة                 باثواب انسٍ في ضريحٍ مطيّبِ,أبعلم والموتى تسير طروية                            با ا   بّبِ,../data/muharaf_prepared_resized/train/train_004103.png,2025-11-28T09:38:27,Sana
train_017012,Valid but hard,,0.3529411764705882,-١- الخادم الامين,الخادم السلامين,../data/muharaf_prepared_resized/train/train_017012.png,2025-11-28T09:38:39,Sana
train_010707,Valid but hard,,0.3529411764705882,ربما تشكر بها امك,ريما تسر. لهما امك,../data/muharaf_prepared_resized/train/train_010707.png,2025-11-28T09:38:41,Sana
train_002080,Wrong transcription,,0.3529411764705882,8 شعبان تموز 1913,٨ شبان تموز ١٩٢٧,../data/muharaf_prepared_resized/train/train_002080.png,2025-11-28T09:39:01,Sana
train_002856,Wrong transcription,,0.3529411764705882,برلين 5 شباط 1934,برلي ٥ شباط ١٩٣٤,../data/muharaf_prepared_resized/train/train_002856.png,2025-11-28T09:39:10,Sana
train_009128,Valid but hard,,0.3529411764705882,غب لثم مواطي اقدامكم الطاهرة والتماس بركة ادعيتكم الباهرة الى الدوام، يعرض عبيدكم اهالي قرية ربله عموماً عن قضية الجسَر,غغب لث االم امكم الطارة والتا برة اعيتكم الباهره الى الاولم يعوض عبيكم اي قي مً اً ع الر,../data/muharaf_prepared_resized/train/train_009128.png,2025-11-28T09:39:15,Sana
train_015802,Valid but hard,,0.3529411764705882,لحضرة النائب العام لدى محكمة بداية,حضرة اب بالام لد مفكم راية,../data/muharaf_prepared_resized/train/train_015802.png,2025-11-28T09:39:24,Sana
train_003057,Valid but hard,,0.3529411764705882,الريحاني ومعاصرُه,لركاني ومعار,../data/muharaf_prepared_resized/train/train_003057.png,2025-11-28T09:39:30,Sana
train_002497,Segmentation error,,0.3529411764705882,١٣٤٣ ٩ جماد الاول,١٣ جاد الاولى,../data/muharaf_prepared_resized/train/train_002497.png,2025-11-28T09:39:33,Sana
train_008778,Valid but hard,,0.3524590163934426,غب لثم انامكم الطاهرة المقدسَة والتماسَ البركة من فمكم الاقدسَ على الدوام. المعروض لسَيادتكم قبلاً تشرفنا بمرسَومكم الكريم,غب لثم انامكم المطارمة المدة والمساسة البر كم الاقوسَ على الوا. المعوض سياكم كلين بغرا سرام كم,../data/muharaf_prepared_resized/train/train_008778.png,2025-11-28T09:39:38,Sana
train_016147,Valid but hard,,0.3513513513513513,منه بالشرا الشرعى بموجب صك غير مسَجل بتمن اربعة الاف قرش وعند ذلك قرر الفريقان بان قطعة الارض الموجودة بخراج ارده مباعة من الخورى يوسَف سَكر المذكور,من اا الشاع الع  وب حب سَل من ارعةالاف قرش وعن ذلك قر الفريقان بان قطعة الارض المجوة تار جة من الى الموى السَ المَ المكور,../data/muharaf_prepared_resized/train/train_016147.png,2025-11-28T09:39:39,Sana
train_005691,Valid but hard,,0.3513513513513513,كالكتابة وبهذا الى سبب عندك للملامه من يحب الثاني مجاناً فى هذه الدينا فاذا كان هذا الخورى آذنى (ازيد مدح ذاتي),كابية بهذا اشب بعدم الامه من حب الثاني جانا فى هذه الدياً فا ا هذا الخورى اى ا   ي,../data/muharaf_prepared_resized/train/train_005691.png,2025-11-28T09:39:41,Sana
train_007200,Valid but hard,,0.3513513513513513,العنوان     .    .    .    بحضن الحبق,العنوان       .      لحيق,../data/muharaf_prepared_resized/train/train_007200.png,2025-11-28T09:39:53,Sana
train_006764,Valid but hard,,0.3508771929824561,ومهري ان لبط قمة جبل بحوافرو     بتلطم بقمي غيرها وبتهدها,ومهري ان لبط قمة جبل بحوافرو ب ر بدها,../data/muharaf_prepared_resized/train/train_006764.png,2025-11-28T09:39:55,Sana
train_016115,Valid but hard,,0.3505747126436782,المدعى وسَعيد افندى فتوش من دير القمر بالوكالة عن المدعى عليه الثابتة بسَند مصادق عليه فى هذه المحكمة مجاز له به المرافعه والصلح والاقرار والابرا وطلب الحلف واسقاطه والاعتراض,المددى وسَدن فن  ر بر الال من المدعى عليه اثمة بسند مصادق عيه من هذه المحكم جاز ليه الاعه والم والارا والا والا والسَا والاراض,../data/muharaf_prepared_resized/train/train_016115.png,2025-11-28T09:39:58,Sana
train_014977,Valid but hard,,0.3505154639175257,صح تحرير لكم من ... صديقكم ... ويريد الجواب معكم بخصوص كيفية السفر والطريق لا وفق الاحسن يقول ...,حح حر ريم كم ار بعل صدتكم وزان وريد الواب معكم خص كيفي الشضر والطري وا ق الحسن وقول وس,../data/muharaf_prepared_resized/train/train_014977.png,2025-11-28T09:39:59,Sana
train_015759,Segmentation error,,0.35,١٩ ادار / ٩٢٦ طلب جدول كما هو محرر اعلاه,ف ١٩ ادار ٩ طلب جدول كما هو حر,../data/muharaf_prepared_resized/train/train_015759.png,2025-11-28T09:40:07,Sana
train_012836,Irrelevant / signature,,0.35,سليم الحاج ايلي قشوع,سيم اخاحايلي شرع,../data/muharaf_prepared_resized/train/train_012836.png,2025-11-28T09:40:12,Sana
train_020672,Script mismatch (non-Arabic),,0.35,فوصلنا الى ساحة Place de la Concorde وما,فوصلنا الى ساحة Pe Cacne وما,../data/muharaf_prepared_resized/train/train_020672.png,2025-11-28T09:40:18,Sana
train_015086,Valid but hard,,0.3488372093023256,... عن الشط رعد وبرق وباقي من مياه حراي ...,عبده عن الشط .عد . وساقي من مياه حراى,../data/muharaf_prepared_resized/train/train_015086.png,2025-11-28T09:40:21,Sana
train_019655,Valid but hard,,0.3484848484848485,"قال كسرى لوفد من امراء العرب : ""ما بالكم تتفرقون امارات صغيرة، ولا",قال ل رون عمن العار العر : ما بلكم مترون ار صرية، ولا,../data/muharaf_prepared_resized/train/train_019655.png,2025-11-28T09:40:24,Sana
train_001472,Script mismatch (non-Arabic),,0.3478260869565217,"N. A. MOKARZEL, Editor.","N. MOZEL, Eitor",../data/muharaf_prepared_resized/train/train_001472.png,2025-11-28T09:40:27,Sana
train_018682,Valid but hard,,0.3478260869565217,ارجوكم اذا قدرتم تسَفروا ولدنا مرعي الى عندنا سَرًا عن والدته باسَرع ما يمكن من كون لازم لنا,واكم دم دم تسروا ولا نرمي الى عنا سرا عن ولده باسع ا يمن من لزا لنا,../data/muharaf_prepared_resized/train/train_018682.png,2025-11-28T09:40:31,Sana
train_000248,Valid but hard,,0.3478260869565217,جاج المحترمين فى ٢٧ منه,جاع المحت رقن في ٢٧ ك,../data/muharaf_prepared_resized/train/train_000248.png,2025-11-28T09:40:46,Sana
train_019396,Valid but hard,,0.3478260869565217,كلمة الاستاذ السَودا في,كلم الاسيق السواء مي,../data/muharaf_prepared_resized/train/train_019396.png,2025-11-28T09:40:51,Sana
train_015208,Valid but hard,,0.3478260869565217,وكيل قنصل الميركان (القنصل أنطون يني) الذي ...,ويكيل قضصل الايران الخا انطون بني) الي,../data/muharaf_prepared_resized/train/train_015208.png,2025-11-28T09:40:53,Sana
train_002734,Script mismatch (non-Arabic),,0.3478260869565217,Prof. Ign. Kratchkovsky,Po Kratchkovsky,../data/muharaf_prepared_resized/train/train_002734.png,2025-11-28T09:40:56,Sana
train_002384,Valid but hard,,0.3478260869565217,ملحق خير انشاالله تعالى,ملحق خيرانشا الله,../data/muharaf_prepared_resized/train/train_002384.png,2025-11-28T09:41:07,Sana
train_016241,Valid but hard,,0.3478260869565217,لدى المذاكره ثبت باقرار المدعى عليه المذكور ان القطعة المرقومة متروكة عن الخورى يوسَف شعيا الذى توفى عمن ذكر من الورثة وحيث كان دعوى المدعى عليه وقوع القسَمة بين,لدى الذك امذر ار الى الديه المذكوان القطعة المقومة مدوكة عن الخرى يوسَف شعب الذى تفنى عن كمن المرة وا ن ا الى الى الموعة المسة سَين,../data/muharaf_prepared_resized/train/train_016241.png,2025-11-28T09:41:11,Sana
train_020510,Valid but hard,,0.3478260869565217,نحو عشرون ورقة عوري بسبب لصقهم على بعضهم البعض,نحو عشرون ولعوري بسبب ملسفهم في بعري بقض,../data/muharaf_prepared_resized/train/train_020510.png,2025-11-28T09:41:18,Sana
train_010997,Valid but hard,,0.3472222222222222,ذلك الحارة لا تكونو عملتم راي مناسب جدًا واكيم برهان على ذلك لو قصدتم ان,وكر الحار لاتكونو عملتم غ بل تونو عملتم راي فاسب جدًا واليكم برهان على ذالك لو قصدتم ان,../data/muharaf_prepared_resized/train/train_010997.png,2025-11-28T09:41:19,Sana
train_020856,Valid but hard,,0.3461538461538461,اخي العزيز جورج دمت سالمًا,ي العزي جوع ومت سانا,../data/muharaf_prepared_resized/train/train_020856.png,2025-11-28T09:41:25,Sana
train_003822,Valid but hard,,0.3461538461538461,ويحن عابالي  الجزل والكبار,ورحني عماباك الجزل موالكران,../data/muharaf_prepared_resized/train/train_003822.png,2025-11-28T09:41:27,Sana
train_016078,Valid but hard,,0.3443708609271523,قبل صدور الحكم بمدة اربعة اشهر هذا يخالف حكم المحكمة ويوكد عدمه وتبلغ هذا القرار للفريقين وصار الدخول  باسَاسَ الدعوى ولدى الكشف على قيودات المحكمة وجد,قبل الحلم الحركم برة الرة راها اخضلكم الحكة ود عم وبلغ هذا القرار للفريقين وصار الخولى بسَاد الدى ولى سَى عى الل المحة ود,../data/muharaf_prepared_resized/train/train_016078.png,2025-11-28T09:41:28,Sana
train_006787,Valid but hard,,0.3442622950819672,مسَكين عن بتخايلو محتار                    واكتر ما كان مجروح,مسَين عن بتخايلو محتار                                       اما مجوح,../data/muharaf_prepared_resized/train/train_006787.png,2025-11-28T09:41:29,Sana
train_016350,Valid but hard,,0.3441558441558441,وجريسَ شاهين عنتر وديب الزلوعا واسَعد مخايل القارح ومخايل موسَى القارح وبولس سَمعان بولس وسَليم انطانيوس كرم وخليل انطانيوس فرنجيه من اهدن ولا بينة لموكلى,شي ن وور بالبو اسعد مليل القار وخاي موس القارح ويوسَ سَمعان بوسَ وسَليم انطانوسَ رم وخل انانيس ريه من اند وان بنل كلى,../data/muharaf_prepared_resized/train/train_016350.png,2025-11-28T09:41:30,Sana
train_016326,Valid but hard,,0.3439490445859872,لدى المذاكرة وتدقيق النظر باعلام المحكمة الغيابي وجد واقعاً بغير محله من جهة الحكم باجرة الاوضه المرقومة على المعترض المرقوم الاوضه المتنازع فيها بدعواه انها,لدى المذكر المتر اتا الام المكمة الكاي وج واقاً ي محله من جهة الحكم باجرة الاراة المروع علعى المقر المرا اما الا الا الا ا ها,../data/muharaf_prepared_resized/train/train_016326.png,2025-11-28T09:41:31,Sana
train_011642,Valid but hard,,0.34375,البابور ثلاثة وثلاثون عربية عرفتكم امسَ سَلمولي على الجميع ودمتم,الجاير ثاثة وثلهون عربيه كما فرفكم المشَ سَلموا علي المجيم ومتم,../data/muharaf_prepared_resized/train/train_011642.png,2025-11-28T09:41:33,Sana
train_005844,Valid but hard,,0.34375,واقبلوا كرمًا مولاي تهنئتي الخلوصية وولآءي الصادق وتكرموا ببشائر,واقلا كرا ولا نرنَني اخوية ولادي العاو وتكروا بشائف,../data/muharaf_prepared_resized/train/train_005844.png,2025-11-28T09:41:34,Sana
train_001148,Valid but hard,,0.3432835820895522,واننا لنعلم ما لهؤلاء الحكام المحليين، مرابين كانوا او مستشارين، من,وانا لهم الالاحكا المحلبين. مرافنين كنوا الما شاري، من,../data/muharaf_prepared_resized/train/train_001148.png,2025-11-28T09:41:36,Sana
train_015986,Valid but hard,,0.3428571428571428,بتاريخه قد باع داود واسَعد ودوميط وتوفيق وديبه اولاد يوسَف دوميط الخورى من يعقوب انطون العلم كلهم من قرية,بتاخ  واد اد وسَد وي وقيق دبيه ولا يوسَف وميط الخورى من تقو النطون للم لكم  ية,../data/muharaf_prepared_resized/train/train_015986.png,2025-11-28T09:41:37,Sana
train_014755,Valid but hard,,0.3428571428571428,الهدف، اذ يحق ذلك فقط للمسجّلين لدى,الهدف، ذ يحقَ ذل نا للمجين فيت,../data/muharaf_prepared_resized/train/train_014755.png,2025-11-28T09:41:41,Sana
train_016220,Valid but hard,,0.3426573426573426,المسَطرين يتضمنان تعهدهما بدفع المبلغ وفايدته كافلين بعضهم بعضاً مؤرخ احدهما فى ٨ ك٢ / ٨٦ مؤجل لمرور سَبعة اشهر والاخر بتاريخ ٢ ادار /٨٦ مسَتحق,المسَطرين يقمان تعهدها بدفع المبع وفايد كافلين بعضهم بعضا مؤرخ احدهما ى ١ ٢ ال رو وسَية وشرة الاري الاري   حتتة,../data/muharaf_prepared_resized/train/train_016220.png,2025-11-28T09:41:42,Sana
train_005742,Valid but hard,,0.3425925925925926,ان نجد خوريا مثل هذا الريس متجرد وضحى ذاته يتعاطى مهام كثيره ولا يأخذ الا قيمة قليلة مع ان اللاتنن لا يتعاطى,النير مخري ل هذا الشري م متجر وضالى ذانه يتعاض مهم كثيره ولا ياخذ الاقيمة قلة با الان  اس,../data/muharaf_prepared_resized/train/train_005742.png,2025-11-28T09:41:43,Sana
train_015047,Valid but hard,,0.3421052631578947,المطر لكنه بارد وشديد وقع معنا هذا ...,لكن بار وشدلد وتع معنا هذا الا,../data/muharaf_prepared_resized/train/train_015047.png,2025-11-28T09:41:45,Sana
train_009129,Valid but hard,,0.3416666666666667,الذي اعرض لسيادتكم ولدكم اسَعد سَمعان وبحسَب امر سيادتكم حضر ولدكم المذكور وحجته تحرير سَيادتكم الى عند سَعادتلو قايمقام,الين ر سدكم المكم السَم عمان وبمسَه الر سيادتكم حضر ولدكم المذكور وصحت تحري سيادكم لى س سَ قلا,../data/muharaf_prepared_resized/train/train_009129.png,2025-11-28T09:41:46,Sana
train_002791,Valid but hard,,0.3411764705882353,ووزرائه ومنهم من هؤلاء الوزراء الشاعر بشاره الخورى فاخذ الجدال بيننا يحتد والبحر ساكن,وراه م  ال ا الر البشاره الخورى فاخذ الجدال بنيا يميد والبحريسن,../data/muharaf_prepared_resized/train/train_002791.png,2025-11-28T09:42:03,Sana
train_006336,Valid but hard,,0.3409090909090909,الطويل وتحملهم العناء وعلينا ان نوفر لهم اقل,احمهم العت، وعلين ان توفر بهم اقل,../data/muharaf_prepared_resized/train/train_006336.png,2025-11-28T09:42:05,Sana
train_019608,Valid but hard,,0.3404255319148936,المقبل الى جنب ممثلي ٥٤ دولة من اكبر دول الارض،,المقبل الى هئب مل ٥ ول عن الكر ول لصاض,../data/muharaf_prepared_resized/train/train_019608.png,2025-11-28T09:42:13,Sana
train_007243,Valid but hard,,0.3404255319148936,يلمنا لولا تفشلقنا                                                     واقف حرسَ ما بين خل وخل,ي ل                                                     ح ي خل,../data/muharaf_prepared_resized/train/train_007243.png,2025-11-28T09:42:18,Sana
train_016395,Valid but hard,,0.34,بتاريخه اقر معترفاً بان كامل الدين المنسوب لي على ذمة امين عبود نعمه فياض من كفرعقا بموجب حكمية صارت,بتراريخه قر قنا بان اكامل والدين النسوب لي على ذمه امية عبود فمه فيض من توف بجوب تريتة الحكية حاوتة,../data/muharaf_prepared_resized/train/train_016395.png,2025-11-28T09:42:19,Sana
train_014951,Valid but hard,,0.34,علا احسن حال فقط نريد يكون بينكم مليح ... يلافقينا,لا احمسن حال قط نود يكون كينكم ملجح بنا بكون بلاقينا,../data/muharaf_prepared_resized/train/train_014951.png,2025-11-28T09:42:20,Sana
train_001478,Valid but hard,,0.34,اجد الشر كل الشكر بأمثال المستكبرين على غير شيء لانهم لا يفهمون ان المشاريع لا تقول بدون جهاد وخصومة,بد الشرلر الشرير ابمال المستكرين على غرشي لانهم ايتعمن ان المشاري اقدوم بمده و صوية,../data/muharaf_prepared_resized/train/train_001478.png,2025-11-28T09:42:22,Sana
train_015166,Valid but hard,,0.34,نجيب سرسق في بيروت وجنابهم الى التلغراف نحو ساعة ٣,سرتقا في بيروت ورجنابم على التلر ا وح ساع ١,../data/muharaf_prepared_resized/train/train_015166.png,2025-11-28T09:42:23,Sana
train_016009,Valid but hard,,0.3395061728395062,قابلاً الاعتراض والاسَتئناف بلزوم رفع يد المدعى عليهما عن القطعة المحررة وتسَليمها للمدعى وتقديمهما له خمسَة ريالات مجيدية بدل مصارفات الدعوى واجرة الوكيل المسَخر,قا الا واسَان ان ر ردع لعى عيه ن القطعة المحرة وتسليمها للمدعى وتقريما له خحسَة ريلا مجيبدة ل صات الدوى ارجة الية المسَخ,../data/muharaf_prepared_resized/train/train_016009.png,2025-11-28T09:42:24,Sana
train_016349,Valid but hard,,0.3389830508474576,ليعطى لكل فريق نسَخة تحريراً فى ٢١ ربيع اول ٣٠٥ و ٢٤ ت٢ ٣٠٣,بعطل لكرير سَة تحرياً فى ٢ بع و ٣٥ و ت٢٣٠٣,../data/muharaf_prepared_resized/train/train_016349.png,2025-11-28T09:42:34,Sana
train_006915,Valid but hard,,0.3389830508474576,قصيدة غزلية عنوانها  .  .  .  يا اللي الحياة اكليل عا راسَك,قصيدة غنزلية عنوانها            ي لي ل ال اسَك,../data/muharaf_prepared_resized/train/train_006915.png,2025-11-28T09:42:36,Sana
train_007158,Valid but hard,,0.3389830508474576,قصيدة غزلية عنوانها   .   .   .   لو كون بيفجر الحياة نسَمي,قصيدة غزلية عنوانها                     ل مَمي,../data/muharaf_prepared_resized/train/train_007158.png,2025-11-28T09:42:37,Sana
train_005720,Valid but hard,,0.3385826771653543,ثالثاً تقول ان الريس تشكى من الرهبان لدى غبطه لكن هذا لما عرف لما عرف كيفيه طرد الاخ برنردوس يتعين ان اصل كلشي هو الخوري جبرايل,قبلاً ا ا ى ن كمن اده عى بل كن هذا لما عرف ما عرف كيفه طرد الاخ برنوي يتين ن صل كش جو الخوري بجرل,../data/muharaf_prepared_resized/train/train_005720.png,2025-11-28T09:42:42,Sana
train_014979,Valid but hard,,0.3381294964028777,باننا وقفنالك الى أخيه علي نقي واخذنا منه لها موصولًا. يلزم في بيروت تحولون لنا مبلغ كافي حتى يبقى عندنا لدفع المعاشات مع اهل الأشخاص ودمتم,نا ا له الى ليى ليه في وان مني يها صل. بلزم ن يروت تحرلوت لنا مبلغ وافي حت يصى عدنا لدع الماشات الى ال الاشخر ومتم,../data/muharaf_prepared_resized/train/train_014979.png,2025-11-28T09:42:43,Sana
train_016294,Valid but hard,,0.3381294964028777,الحكم المحرر ان المعلم بشاره ادعى بالوجه الغيابي بالوكالة عن القسَ هرون المذكور بان موكله اسَتاجر من يوسَف يعقوب عيسَى فياض الملاك العثمانى,الحكم الم ن ان ه بعده الب الاي ولكاة عن القسَ هرون المذكور بان موكله اسَاج من سَف بعبوس سيى في الاكم الماثعان,../data/muharaf_prepared_resized/train/train_016294.png,2025-11-28T09:42:44,Sana
train_006750,Valid but hard,,0.3378378378378378,لا قلبها تحنن ولا البلبل شدى                    ولا عروسَ الصبح جات مبسَمي,لا قلبها تحن ولا البليل شدع                  ا سَمي,../data/muharaf_prepared_resized/train/train_006750.png,2025-11-28T09:42:45,Sana
train_006749,Valid but hard,,0.3376623376623376,قضيت الليل سَهران في مجرى الودا                    من قلبها الصوان اطلب مرحمي,قضيت الليل سهران في مجرن الود                                   نن ملا الا الا محمي,../data/muharaf_prepared_resized/train/train_006749.png,2025-11-28T09:42:46,Sana
train_016313,Valid but hard,,0.3375796178343949,عليه من المنسَوبين اليها وذلك توفيقاً للمادة ال ١٨ من قانون اصول المحاكمات الحقوقية الموقت وابلغ هذا القرار للفريقين بتاريخ ١٠ جماد الاخر ٣٠٤ وفى ٢١ شباط ٣٠٢,عليله من السَنين اليه ولوك وقياً المادة ال١٨ من قانون احول المحاكمات الحقوية الموقت والبقهاه الر الريا تيري الايى الا ا   ١ ٣٠٣,../data/muharaf_prepared_resized/train/train_016313.png,2025-11-28T09:42:47,Sana
train_006769,Valid but hard,,0.3375,وليت اسَقي منا وما خصمي التراب                    تا انطفيت جهنم على الاربع جناب,وليت اشقي من وما خصمي التراب                                  تا طن العا الع الجاب,../data/muharaf_prepared_resized/train/train_006769.png,2025-11-28T09:42:48,Sana
train_018958,Valid but hard,,0.3373493975903614,اطلب الدعاء اولاً . ثم وصلت الى بيروت الساعه ٣ من بعد ظهر الاربعا ولحسن الحظ اهتديت,طلب العداد الا. م وحلت الايروت السع ١ من بعد ذ البا ون الطظه الهديت,../data/muharaf_prepared_resized/train/train_018958.png,2025-11-28T09:42:54,Sana
train_005646,Valid but hard,,0.3370786516853932,تأتوا. وبالاختصار تعرفون كم ان قلبي يريد ان تكون معي والله يعلم فيما يوجد به من الحب نحوك,أا وبلاتصار العون كه ان قلي يريد الاسكون معي والعله لعلم فيا جره من ان اخر,../data/muharaf_prepared_resized/train/train_005646.png,2025-11-28T09:42:57,Sana
train_005654,Valid but hard,,0.3363636363636363,عندك (كما الخوري جبرايل هو عندي) الكلمة المبذلة فيه فيمكنه ان يتكلم عن غرض عن بغض عن انتقام عن حسد كبقية البشر,ع ل الخري جيل هدي الملمة المذلة ه فيمكة ان يقكم عن عرض عن بض عن التقام محص ركي اللشر,../data/muharaf_prepared_resized/train/train_005654.png,2025-11-28T09:42:58,Sana
train_008649,Valid but hard,,0.3362068965517241,وعند التقأيهم بهم  وكانوا كثيرين قوصوهم وتكاشفوا عليهم وسلبوهم بواريدهم وذلك فى رابعة النهار محمد سعيد العوض واعوانه,وعند التاليهم به وكانا كثين وهم وتكا شعوا عليهم وسليوهم بواريدهم وذك ن ربقة الم  ال ا,../data/muharaf_prepared_resized/train/train_008649.png,2025-11-28T09:43:00,Sana
train_016011,Valid but hard,,0.3355704697986577,من محكمة بداية قضا البترون ليعرض على عزتلو قايمقام الافخم كى غب اجرا ايجابه يسَلم لكل فريق نسَخة تحريراً فى ٩ صفر سنة ٣٠٥ وفى ١٥ تشرين الاول سنة ٣٠٣.,من محكمة حية قا البون لعرض على ترو قيا من الاخم م غب اجر ايجابه سَيلم كل يف سخة حرًف ر سن ٣٠٥ ت ري الال سنة ٣٠,../data/muharaf_prepared_resized/train/train_016011.png,2025-11-28T09:43:02,Sana
train_016287,Valid but hard,,0.3354430379746835,هم المدرجة اسَمايهم بالسَند وليسَ له غيرهم واحضر بالجلسَة نفسَها مخايل يوسَف يمين وفي حلفه اليمين شهد بوجه الوكيل المسَخر ان المدعى عليه اشهده ان بذمته المبلغ,هم المردسمة اسايا السَ ول يهم واجب بالسة قسها مايل يوسَاة مين ورف حله المين شهد بوه الوكيل المسَرن المدى اليه عه ده ه البغ,../data/muharaf_prepared_resized/train/train_016287.png,2025-11-28T09:43:02,Sana
train_014769,Valid but hard,,0.3333333333333333,"أهذا مكتب أم ""مَخنَق""",وأهذا مكتب أم تُنق,../data/muharaf_prepared_resized/train/train_014769.png,2025-11-28T09:43:15,Sana
train_016659,Script mismatch (non-Arabic),,0.3333333333333333,QBat 5H-1067,QBat5H-50,../data/muharaf_prepared_resized/train/train_016659.png,2025-11-28T09:43:18,Sana
train_003388,Segmentation error,,0.3333333333333333,الحقير الياس,الح الاس,../data/muharaf_prepared_resized/train/train_003388.png,2025-11-28T09:43:38,Sana
train_011898,Script mismatch (non-Arabic),,0.3333333333333333,2/1,2/,../data/muharaf_prepared_resized/train/train_011898.png,2025-11-28T09:43:46,Sana
train_011205,Script mismatch (non-Arabic),,0.3333333333333333,190,10,../data/muharaf_prepared_resized/train/train_011205.png,2025-11-28T09:43:47,Sana
train_019135,Script mismatch (non-Arabic),,0.3333333333333333,YS-1D - 065a,YS- 1D- 05b,../data/muharaf_prepared_resized/train/train_019135.png,2025-11-28T09:43:51,Sana
train_009125,Valid but hard,,0.3333333333333333,مسىموس,مسلمدس,../data/muharaf_prepared_resized/train/train_009125.png,2025-11-28T10:05:04,Sana
train_005170,Script mismatch (non-Arabic),,0.3333333333333333,EAK1A-154,EAK1-12,../data/muharaf_prepared_resized/train/train_005170.png,2025-11-28T10:05:06,Sana
train_007428,Script mismatch (non-Arabic),,0.3333333333333333,JEH2A2-19,JEH21-9,../data/muharaf_prepared_resized/train/train_007428.png,2025-11-28T10:05:12,Sana
train_004719,Script mismatch (non-Arabic),,0.3333333333333333,EAK1A-138,EAK1AA-10,../data/muharaf_prepared_resized/train/train_004719.png,2025-11-28T10:05:22,Sana
train_019563,Valid but hard,,0.3333333333333333,يعتو للفاتحين :,يعيتوللنانحين:,../data/muharaf_prepared_resized/train/train_019563.png,2025-11-28T10:05:29,Sana
train_002450,Script mismatch (non-Arabic),,0.3333333333333333,١٨١,١٨,../data/muharaf_prepared_resized/train/train_002450.png,2025-11-28T10:05:32,Sana
train_004907,Valid but hard,,0.3333333333333333,ثانياً,"""انياة",../data/muharaf_prepared_resized/train/train_004907.png,2025-11-28T10:05:51,Sana
train_016422,Script mismatch (non-Arabic),,0.3333333333333333,QBat 4L-3,QBatL-2,../data/muharaf_prepared_resized/train/train_016422.png,2025-11-28T10:06:38,Sana
train_009220,Valid but hard,,0.3333333333333333,نمره ١,نمره,../data/muharaf_prepared_resized/train/train_009220.png,2025-11-28T10:06:48,Sana
train_011665,Script mismatch (non-Arabic),,0.3333333333333333,2/2,/2,../data/muharaf_prepared_resized/train/train_011665.png,2025-11-28T10:06:52,Sana
train_007528,Script mismatch (non-Arabic),,0.3333333333333333,JEH2E1-22,JEH21-9,../data/muharaf_prepared_resized/train/train_007528.png,2025-11-28T10:06:55,Sana
train_012528,Script mismatch (non-Arabic),,0.3333333333333333,MK2A-7 20,MK2A-71,../data/muharaf_prepared_resized/train/train_012528.png,2025-11-28T10:07:01,Sana
train_011549,Script mismatch (non-Arabic),,0.3333333333333333,MG1-45,MG1-6,../data/muharaf_prepared_resized/train/train_011549.png,2025-11-28T10:07:08,Sana
train_010482,Valid but hard,,0.3333333333333333,الخادم قبلهم يحمل لهم اسرتهم وهي تخوت نقالة portatifs يفرشها,الخادم قلهم مجي لهم اسرتهم وهي تخوت تغالة tم ويش,../data/muharaf_prepared_resized/train/train_010482.png,2025-11-28T10:07:52,Sana
train_011200,Script mismatch (non-Arabic),,0.3333333333333333,K. Joseph,K. oep,../data/muharaf_prepared_resized/train/train_011200.png,2025-11-28T10:08:03,Sana
train_014445,Irrelevant / non-text,,0.3333333333333333,xxx,xx,../data/muharaf_prepared_resized/train/train_014445.png,2025-11-28T10:08:08,Sana
train_011632,Script mismatch (non-Arabic),,0.3333333333333333,MG1-48,MG1-0,../data/muharaf_prepared_resized/train/train_011632.png,2025-11-28T10:08:11,Sana
train_016677,Script mismatch (non-Arabic),,0.3333333333333333,QBat 5L-9,QBatL-2,../data/muharaf_prepared_resized/train/train_016677.png,2025-11-28T10:08:12,Sana
train_001520,Valid but hard,,0.3333333333333333,انه جميل يريد ولكن لا يقدر لان ... فاعذره أيها الحبيب.,ان جليل ريد الن لا قد الية فما عنوره ايها الحبيب.,../data/muharaf_prepared_resized/train/train_001520.png,2025-11-28T10:08:22,Sana
train_015967,Script mismatch (non-Arabic),,0.3333333333333333,QBat1L-87,QBatL-2,../data/muharaf_prepared_resized/train/train_015967.png,2025-11-28T10:08:26,Sana
train_020625,Valid but hard,,0.3333333333333333,البول وما حدا دفع سعر جيد فاحسنهم,ول وما اجتافع سفر جيد فاحسم,../data/muharaf_prepared_resized/train/train_020625.png,2025-11-28T10:08:29,Sana
train_000628,Irrelevant / signature,,0.3333333333333333,ضون,حون,../data/muharaf_prepared_resized/train/train_000628.png,2025-11-28T10:08:33,Sana
train_013046,Wrong transcription,,0.3333333333333333,1 ناتب وئيل ريشل البلدية,نائب رئيس رئيس البلدية,../data/muharaf_prepared_resized/train/train_013046.png,2025-11-28T10:09:25,Sana
train_007591,Valid but hard,,0.3333333333333333,تقطبلك زرك فيها,تقطيلك زدك ف.,../data/muharaf_prepared_resized/train/train_007591.png,2025-11-28T10:09:29,Sana
train_016925,Script mismatch (non-Arabic),,0.3333333333333333,SB3A-1,S3A1,../data/muharaf_prepared_resized/train/train_016925.png,2025-11-28T10:09:37,Sana
train_000929,Valid but hard,,0.3333333333333333,كان,عان,../data/muharaf_prepared_resized/train/train_000929.png,2025-11-28T10:09:59,Sana
train_000420,Script mismatch (non-Arabic),,0.3333333333333333,AF-342,AF-31,../data/muharaf_prepared_resized/train/train_000420.png,2025-11-28T10:10:04,Sana
train_016868,Script mismatch (non-Arabic),,0.3333333333333333,SB1A-9,S1A-1,../data/muharaf_prepared_resized/train/train_016868.png,2025-11-28T10:10:08,Sana
train_019541,Valid but hard,,0.3333333333333333,والفاتحين,والقاتح,../data/muharaf_prepared_resized/train/train_019541.png,2025-11-28T10:10:21,Sana
train_016901,Script mismatch (non-Arabic),,0.3333333333333333,SB2A-1,SA-1,../data/muharaf_prepared_resized/train/train_016901.png,2025-11-28T10:10:23,Sana
train_019461,Script mismatch (non-Arabic),,0.3333333333333333,٥	YS_2C_004e,YS_2C_04d,../data/muharaf_prepared_resized/train/train_019461.png,2025-11-28T10:10:31,Sana
train_018829,Segmentation error,,0.3333333333333333,عدد ص٢,عدد ١١,../data/muharaf_prepared_resized/train/train_018829.png,2025-11-28T10:10:36,Sana
train_001613,Script mismatch (non-Arabic),,0.3333333333333333,Walter J. Bugby,Wal J Bgby,../data/muharaf_prepared_resized/train/train_001613.png,2025-11-28T10:10:39,Sana
train_000497,Script mismatch (non-Arabic),,0.3333333333333333,AF-356,AF-32,../data/muharaf_prepared_resized/train/train_000497.png,2025-11-28T10:10:43,Sana
train_018798,Script mismatch (non-Arabic),,0.3333333333333333,YAL4A-1 2,YALA-2,../data/muharaf_prepared_resized/train/train_018798.png,2025-11-28T10:10:44,Sana
train_016005,Valid but hard,,0.3333333333333333,لدى المذاكرة ثبت بالبينة الشرعيةالمذكاة سراً وعلناً ان للمدعى بذمة المدعى عليهم مبلغ الفين وثلاثماية وخمسَون قرشاً بموجب السَند المحرر فعليه وسَنداً على المادة الـ ١٨١٨,لدلم المذك الثبية البية الرة المراة اً اعلن المعدعى بدمه المدعى عليهم ملغ الغين وثلاثماية ومسَون شاً ب الحَد الحد سَ سَا عدا الدة الـ٨١٨,../data/muharaf_prepared_resized/train/train_016005.png,2025-11-28T10:10:53,Sana
train_003744,Valid but hard,,0.3333333333333333,عقود في بضعة              من العمر وصارت الى ما صرنا فيه بين حابل ونابل، ومشرق,علصو من العمر وصارت الى ما صرنا فيه بين حابل وناب، ويشرق,../data/muharaf_prepared_resized/train/train_003744.png,2025-11-28T10:10:55,Sana
train_016806,Script mismatch (non-Arabic),,0.3333333333333333,SB1A-4,S1A-1,../data/muharaf_prepared_resized/train/train_016806.png,2025-11-28T10:10:58,Sana
train_013666,Valid but hard,,0.3333333333333333,كاتب ⸗ ⸗ ⸗ ٤٥ خمسة واربعون ليره ⸗,كاحب:⸗⸗٥٥ خمسة واربعبون ليكه,../data/muharaf_prepared_resized/train/train_013666.png,2025-11-28T10:11:07,Sana
train_014949,Valid but hard,,0.3333333333333333,جان,جاني,../data/muharaf_prepared_resized/train/train_014949.png,2025-11-28T10:11:15,Sana
train_012384,Valid but hard,,0.3333333333333333,للثقافة الشعبية ١١/ ٧/ ١٩٩٩,لشفافة الشقيبة ١/ ٣/ ١٩٩,../data/muharaf_prepared_resized/train/train_012384.png,2025-11-28T10:11:19,Sana
train_000518,Script mismatch (non-Arabic),,0.3333333333333333,AF-357,AF-32,../data/muharaf_prepared_resized/train/train_000518.png,2025-11-28T10:11:26,Sana
train_005924,Irrelevant / signature,,0.3333333333333333,الخوراسقف,الخور سَقفا,../data/muharaf_prepared_resized/train/train_005924.png,2025-11-28T10:11:30,Sana
train_006799,Valid but hard,,0.3333333333333333,بيأرض قفر قفرا ما حدا فيها                     ضيع عن الطرقا,بير ضن قفراما حدا فيها                                 يع لطرق,../data/muharaf_prepared_resized/train/train_006799.png,2025-11-28T10:11:36,Sana
train_016117,Valid but hard,,0.3333333333333333,. واجلت الجلسَة لنهار الاربعا فى ١١ ت٢ سنة ٣٠٣ وبالوقت المعين حضر سَعيد وكيل المدعى عليه واما المدعى فلم يحضر ولا ارسَل عنه وكيلاً ولم يبد عذرا فطلب الوكيل الحكم لموكله,ا ال لسلة ا الرا ت ٣ والقت الحين حر سَيد وكيل المدعى عليه واما المدعى فلم يضر ولا رَل عنه وياً ول يد طا الكل الحكلم امك كه,../data/muharaf_prepared_resized/train/train_016117.png,2025-11-28T10:11:38,Sana
train_002671,Valid but hard,,0.3333333333333333,حميدا.,ميدار,../data/muharaf_prepared_resized/train/train_002671.png,2025-11-28T10:12:51,Sana
train_008992,Irrelevant / signature,,0.3333333333333333,الخورى بطرس حسن,الخور بطرس,../data/muharaf_prepared_resized/train/train_008992.png,2025-11-28T10:12:54,Sana
train_020637,Valid but hard,,0.3333333333333333,أي خصم ٧٥ من وهو يريد يتثنى الورقة الذي,اني خصم  وهو يريد يتحب اتورف الذي,../data/muharaf_prepared_resized/train/train_020637.png,2025-11-28T10:13:21,Sana
train_010728,Script mismatch (non-Arabic),,0.3333333333333333,etc - - -,t- - -,../data/muharaf_prepared_resized/train/train_010728.png,2025-11-28T10:13:29,Sana
train_004104,Valid but hard,,0.3333333333333333,أأبسم والجلاد تعْب نواظري ؟                  إذنْ أنا كذابُ لئيمُ التقلّبِ.,أأبسم والجلاّد نقب نواظري ؟                      ُ للِّ,../data/muharaf_prepared_resized/train/train_004104.png,2025-11-28T10:13:36,Sana
train_009260,Segmentation error,,0.3333333333333333,نمره ٢,مره ٣,../data/muharaf_prepared_resized/train/train_009260.png,2025-11-28T10:13:58,Sana
train_001734,Valid but hard,,0.3333333333333333,ابنأ جيرتى لعلهم يفرحون.,أ بجدت لعلهم يفرصون.,../data/muharaf_prepared_resized/train/train_001734.png,2025-11-28T10:14:16,Sana
train_012357,Valid but hard,,0.3333333333333333,التي تعادل البكالوريا,امني توادل اليق لوويا,../data/muharaf_prepared_resized/train/train_012357.png,2025-11-28T10:14:28,Sana
train_016525,Valid but hard,,0.3333333333333333,صفحة اولى/١           قرار رقم ١٥,ح          قرار رقم ١٥,../data/muharaf_prepared_resized/train/train_016525.png,2025-11-28T10:14:33,Sana
train_012422,Script mismatch (non-Arabic),,0.3333333333333333,MK2A-7 15,MK2A-1,../data/muharaf_prepared_resized/train/train_012422.png,2025-11-28T10:14:38,Sana
train_005603,Valid but hard,,0.3333333333333333,على حلب ابونا يوسف مات واعطاكم عمره رشيد عمونيل اتى لعند ريس العام بسَبب,على حلى انا وسف مات واعلاكمكل رشيد بعا موسل ان عدري العام ستب,../data/muharaf_prepared_resized/train/train_005603.png,2025-11-28T10:14:42,Sana
train_002722,Valid but hard,,0.3333333333333333,الرياض: فى ١١ شعبان ١٣٤٧,الرباضن اتى  شعبا ١٣٧,../data/muharaf_prepared_resized/train/train_002722.png,2025-11-28T10:14:52,Sana
train_016100,Valid but hard,,0.3333333333333333,لدى المذاكره ثبت من مراجعة قيود المحكمة بان المدعى عليها المرقومة اشترت من الخورى يوسَف حيمور المتوفى بعض عقارات بمبلغ ثلاثين الف قرش وانه ابرا ذمتها منه وقد كفلت,لد الاكم مذكمة ااة ة بحمة الماكمة من الدعى ليها المقومة اشرت من الورى يوسَف حيور المقرفى بعض عقارت بجل ثان القرن وا اا ه ه  لت,../data/muharaf_prepared_resized/train/train_016100.png,2025-11-28T10:14:53,Sana
train_003297,Valid but hard,,0.3333333333333333,علوم لإنقاذ طوس من عدوها,اتقاذ طوس من عدوها,../data/muharaf_prepared_resized/train/train_003297.png,2025-11-28T10:14:56,Sana
train_015284,Valid but hard,,0.3333333333333333,المعرض لشيحا نحو معهم مهاجرين لبلاد اميركا وأوروبا ...,حرضي ليشكا عو مضهم مهاجي لبلاد اميركا واوروبا,../data/muharaf_prepared_resized/train/train_015284.png,2025-11-28T10:14:58,Sana
train_000238,Script mismatch (non-Arabic),,0.3333333333333333,AF-296,AF-39,../data/muharaf_prepared_resized/train/train_000238.png,2025-11-28T10:15:03,Sana
train_003628,Script mismatch (non-Arabic),,0.3333333333333333,BEK2A-5 3,BEK2A-2,../data/muharaf_prepared_resized/train/train_003628.png,2025-11-28T10:15:04,Sana
train_014923,Irrelevant / signature,,0.3333333333333333,دام بقاوه,دام بق,../data/muharaf_prepared_resized/train/train_014923.png,2025-11-28T10:15:13,Sana
train_001443,Script mismatch (non-Arabic),,0.3333333333333333,Office,Ofie,../data/muharaf_prepared_resized/train/train_001443.png,2025-11-28T10:15:16,Sana
train_003572,Script mismatch (non-Arabic),,0.3333333333333333,BEK2A-5 2,BEAK2A-2,../data/muharaf_prepared_resized/train/train_003572.png,2025-11-28T10:15:20,Sana
train_018376,Script mismatch (non-Arabic),,0.3333333333333333,Conkry,Mokkry,../data/muharaf_prepared_resized/train/train_018376.png,2025-11-28T10:15:25,Sana
train_012467,Valid but hard,,0.3333333333333333,جوابي.,صيابي.,../data/muharaf_prepared_resized/train/train_012467.png,2025-11-28T10:15:38,Sana
train_016116,Valid but hard,,0.33125,ابنتها سَيده وبقيت العقارات بيدها لحين توفيها تم وضع المدعى عليه يده عليها من نحو سَنتين سَئل وكيل المدعى عليه عن ذلك فاجاب منكراً دعوى المدعى النسَب فى الملكية,بابتها سَقده وقا القا ايه ل ين يتمت م الدعى عله ده عليها من نوسَين سَئء وكيل المدعى على عن ذن فابا مرا عد الدى السَ والكية,../data/muharaf_prepared_resized/train/train_016116.png,2025-11-28T10:15:44,Sana
train_016280,Valid but hard,,0.3308270676691729,شاهدا اخر هو الشيخ سَمعان انطانيوس كرم من اهدن حلف اليمين شهد بوجه المدعى طبق شهادة الشاهد الاول ثم قدم المدعى شاهداً هو مخايل البدوى,شهذا اخهو الشيخ سَمعان انطانيوس كوم من ام ري ها ى المين شهد بوجه المدعى عله بت شاد الشه الال الم المد اع د شا ه الى لدوى,../data/muharaf_prepared_resized/train/train_016280.png,2025-11-28T10:15:45,Sana
train_014978,Valid but hard,,0.3303571428571428,هو علم وعت معكم ولازم انتم ايضًا تكونون على وعدكم ايَصا وقد تسوق بعض الإغراق من الانتيكات ويجلبها معه السفر. ...,وعل ع وكم وام اتم ايا كون على وعدكم ايضاً وقد توق بوض الاغر حن والانتيات وجلا عمه البسرة. .  ه,../data/muharaf_prepared_resized/train/train_014978.png,2025-11-28T10:15:45,Sana
train_005722,Valid but hard,,0.3303571428571428,هنا انك متيقن بان الاخ برنردوس طرد بغير حق لكن انا حباً بالحقيقه لا نميمة بالغير اريد ان اطلعك على سيرة هذا الاخ,هنا كنا تين بان الاب روس طر وعين حق لكن انا حباً بالحقيق لا بمة الي ارا اك عى   لا,../data/muharaf_prepared_resized/train/train_005722.png,2025-11-28T10:15:47,Sana
train_007060,Valid but hard,,0.3297872340425531,تفيي علينا وين ما كنا                                                 وعين العنايي صوبنا بتشوح,ت                                                     ع عن ن اوح,../data/muharaf_prepared_resized/train/train_007060.png,2025-11-28T10:15:52,Sana
train_019653,Valid but hard,,0.3287671232876712,وما ضرَّهم ان يُبطئوا ويتشاوروا، وفي الخمسة عشر المجتمعين، احبارٌ كثر ملء,ومم نا يطلا ويتشاروا. وفي الخمسة عشر الجمية، ار كر ملء,../data/muharaf_prepared_resized/train/train_019653.png,2025-11-28T10:15:56,Sana
train_016303,Valid but hard,,0.3286713286713286,يسَلم ولاوقف ولا معدة للاسَتغلال ثالثاً ان لا يسَوغ الحكم عليه غياباً قبل اخطاره بالاشعار الن لم يحضر تسَمع الدعوى غياباً ولم يصر ذلك رابعاً ان,يسَلم واق وماده السقلا ثاً ان ا سوغ الحكم عليه غياباً قبل اخطاره بالاشعار ان لي يحر سَت العوع ا لك ا راً با,../data/muharaf_prepared_resized/train/train_016303.png,2025-11-28T10:16:47,Sana
train_016312,Valid but hard,,0.3283582089552239,مواجهة علانية فى ١٨ ربيع اول ٣٠٥ وفى ٢١ ت٢ ٣٠٣ ولاجله تحرر هذا الاعلام نسَختين من محكمة بداية قضا البترون ليعطى لكل فريق نسَخة تحريراً,واجعة لية ر با ة ٣٢ ت ٠٣ ولاجه تحر هذا الاعلام تسَنين من محكمة بداية قضا البترون بيوى طل فيف سَاة حرً,../data/muharaf_prepared_resized/train/train_016312.png,2025-11-28T10:16:48,Sana
train_009249,Valid but hard,,0.328125,تقرير طنوسَ افندى ضاهر بعد حلفه اليمين القانونية لاجل تقرير الحق,تقرير اراسن القدى ضاهر بد لة الين الانويه ل لحري الحق,../data/muharaf_prepared_resized/train/train_009249.png,2025-11-28T10:16:51,Sana
train_005735,Valid but hard,,0.328125,بينك وبين ابن عمك فتامل الان جسَارة حكمك على هذا الخوري المسكين.,بيك وبين اراعله قامل الاجهراه علك عه هذا الخوى المسكين.,../data/muharaf_prepared_resized/train/train_005735.png,2025-11-28T10:16:53,Sana
train_015790,Valid but hard,,0.3278688524590163,ممنوعة بمقتضى المعاهدات الدولية لما ينتج عنها من الضرر العام.,مقض العالمدولية لما ينتج عنها من الضم العام.,../data/muharaf_prepared_resized/train/train_015790.png,2025-11-28T10:16:59,Sana
train_014981,Valid but hard,,0.3278688524590163,كان علي افندي مرسل من ثانية على الفرس ام لا الغاية فاذا كان هو بلحقيبة له رغبة بها فيرسل عليها غير طارش او ... يتراهم معنا,كان اعلنى عيدي سليل مان ايه على الفرسم الا الفاين فاذا كان هوب القيقة له غبه بها فرسل ليا غي شرا واخوب بتارهم عنا,../data/muharaf_prepared_resized/train/train_014981.png,2025-11-28T10:17:00,Sana
train_008650,Valid but hard,,0.3269230769230769,٢ شن الغارة على مخول طنوس مخايل وتشليحه بارودته وضربه بارض الجرد واشهار السلاح عليه اشقيا الهرمل معلومين,ن العاده على مل طنون مخايل وتشليح باروته وربه بارض الحجره والشها الم عل اش ل لين,../data/muharaf_prepared_resized/train/train_008650.png,2025-11-28T10:17:01,Sana
train_000479,Valid but hard,,0.3269230769230769,على جنابكم كما موضح بقفاه محرر ذهب ١٠٧٢٢ لزم افادتكم,على جنايكر كما موضح بقضاه م ف١٠ م ادتكم,../data/muharaf_prepared_resized/train/train_000479.png,2025-11-28T10:17:05,Sana
train_006330,Valid but hard,,0.3265306122448979,وكان العالم يضرب المثل بتعايشنا الاخوي - فلنتسآءل,وكان العاليضر المقل بتبائيف الاخوي وليتأل,../data/muharaf_prepared_resized/train/train_006330.png,2025-11-28T10:17:06,Sana
train_015063,Valid but hard,,0.3265306122448979,اكسلة نزلنا ... وننصنا الجادر حيث لم يكن لها معجع,البل نزلنا بالخارج ونصنا الجادر حيت لم يكن بها مهجوم,../data/muharaf_prepared_resized/train/train_015063.png,2025-11-28T10:17:08,Sana
train_015060,Valid but hard,,0.3260869565217391,يحق ان نسميها عله فدلخنا وصرنا ...الوصف الحفرة,ان نسميها عله فدخلنا وصرنا نقلو. الغبره,../data/muharaf_prepared_resized/train/train_015060.png,2025-11-28T10:17:09,Sana
train_010347,Valid but hard,,0.3260869565217391,السنة هذه كنت بالصيف في البيت بالقطين وكان معي عشرين فاعل يشتغلوا الشقفة خلف البيت التي كانت,ة ذ ات البت في اليت القطين وكان معي عشري ال ستغلوا السَفه الغ البي ا ات,../data/muharaf_prepared_resized/train/train_010347.png,2025-11-28T10:17:10,Sana
train_004448,Valid but hard,,0.3260869565217391,بان يلهمكم نعمة الصبر والسلوان على فقد العريز الكريم تغمد الله نفسَه السعيدة برضوانه واحصاها,بن م كم مة المحرير والان على قد العريز الكريم تقد اله فس السعبدة وبرا واحا حها,../data/muharaf_prepared_resized/train/train_004448.png,2025-11-28T10:17:11,Sana
train_005740,Valid but hard,,0.3260869565217391,ما وضع كاهنا لاتنيا حسب رجا البطرك لان اولئك الكهنه كانوا فى وظائفهم (آه يا حسرتي عليك قديشك,ما وعضا انا لتينا احس بها البطرط اك لانداولك اكلن كانوا فى طافهم كرا ا حري لي قديشك,../data/muharaf_prepared_resized/train/train_005740.png,2025-11-28T10:17:12,Sana
train_013589,Valid but hard,,0.3255813953488372,الثامنه صباحاً من نهار غد الاثنين الواقع فى ٤ الجاري موعداً لأجراء دور التسلم والتسليم,لثانه صاً من نها وغد الابن العراقع ام الجاري عدا الأجء وا التلم والسم,../data/muharaf_prepared_resized/train/train_013589.png,2025-11-28T10:17:13,Sana
train_014817,Valid but hard,,0.3255813953488372,المخطوطة لم تلبث ان تحوّلت الى رواية مطبوعة,المخط ة موّلت الى رواية مطبوعة,../data/muharaf_prepared_resized/train/train_014817.png,2025-11-28T10:17:14,Sana
train_016124,Valid but hard,,0.3253012048192771,نسَختين من محكمة بداية قضا البترون تحريراً فى ١٠ ربيع اول سنة ٣٠٥ وفى ١٣ ت٢ سنة ٣٠٣,نسَين من محكمة براية فض البترون تحريرً فى با ٣٠٥ و تسنة٣٠٣,../data/muharaf_prepared_resized/train/train_016124.png,2025-11-28T10:17:16,Sana
train_016323,Valid but hard,,0.325,فى ١٩ ربيع اول ٣٠٥ وفى ٢٢ تشرين ثانى ٣٠٣,ف١٩ اربيع اول ن ٣ ف تشرين ثان ٣٠,../data/muharaf_prepared_resized/train/train_016323.png,2025-11-28T10:17:20,Sana
train_015462,Valid but hard,,0.325,عدد ١١٤ لدى امعان النظر فى مشتملات ضبطنا من المحاكمة وسائر اوراق الدعوى المتفرعة ثبت ان يوسف اسطفان يوسف قد اقدم على شتم,عد ١ ى العدى الى لمناف مطان بطا من المحاكمة وسائر اوراق الدعوى المتفرعة بتا ا وسف اطاسن وسف ود عى عاكم,../data/muharaf_prepared_resized/train/train_015462.png,2025-11-28T10:17:23,Sana
train_012378,Valid but hard,,0.325,عربون وفاء وتقدير لمرجعيه الزجل اللبناني,عرعيون وخار وق قدير لمرحيه النجل الجناف,../data/muharaf_prepared_resized/train/train_012378.png,2025-11-28T10:17:25,Sana
train_010901,Valid but hard,,0.325,بعد اهدايكم السَلام والدعى لله بتوفيقكم لنحونا من حمده تعالى تاريخه بكل صحة انما,ديكم السلام والدى الين فقكم لتحونا من صمت تعالي تاري كل لح انما,../data/muharaf_prepared_resized/train/train_010901.png,2025-11-28T10:17:35,Sana
train_004803,Valid but hard,,0.325,له ان يجدد ثقتهِ بي اذ لا يمكن ان اخدَعه,له ان يجبرد ثفته بي منكن ان اخدعه,../data/muharaf_prepared_resized/train/train_004803.png,2025-11-28T10:17:44,Sana
train_015046,Valid but hard,,0.325,الساعة ... هذا ...علي ضديد فرق الفحم ...,ساعة . هذا غ على شديد وق الفيم ..,../data/muharaf_prepared_resized/train/train_015046.png,2025-11-28T10:17:47,Sana
train_014212,Valid but hard,,0.325,مصاره وعلى ما يلحقهم               فارسَ,مصاره وعلى ما يلحفهم       س,../data/muharaf_prepared_resized/train/train_014212.png,2025-11-28T10:17:49,Sana
train_016240,Valid but hard,,0.3247863247863248,فلم يحضر ولم يبد عذرًا فطلب الاول الحكم الغيابي مكتسبًا الحكم الوجاهى واذ بلغت الدعوى درجة النهايه اعلن ختام المرافعه,فلم وم رم عداً الا الول الحكم الغابي مكتسبا الحكم الوجاه وا بتقت الوعى الهة ال الا المام الم اعه,../data/muharaf_prepared_resized/train/train_016240.png,2025-11-28T10:17:50,Sana
train_020514,Valid but hard,,0.3243243243243243,السادسة صباحًا اكتب على ضوء الكهرباء.,السادسة صياحاً اكتب ويون الكهريات,../data/muharaf_prepared_resized/train/train_020514.png,2025-11-28T10:17:52,Sana
train_018676,Valid but hard,,0.3243243243243243,عن بعدًا اهديكم جزيل اشواقي القلبية الى مشاهدة نور وجهكم البهَّية مع اهداء,عب عنا اديكم بديل اشوقي القلبية الى اشاحدة لاورجكم البية عن ا,../data/muharaf_prepared_resized/train/train_018676.png,2025-11-28T10:17:53,Sana
train_005711,Valid but hard,,0.3238095238095238,الرهبان الذين تهمهم كانوا يقولون للريسَ ان لم تطرده نحن نشتكى عليه للحكومه لانه شان بشرفنا اما الريس اخده,ااد الين كم ا يقون لريسان لم تطرده كمن تشتكى عليه للخكوم لا شان شنا ما اري الخدة,../data/muharaf_prepared_resized/train/train_005711.png,2025-11-28T10:17:55,Sana
train_001140,Valid but hard,,0.3235294117647059,لتفذه الحكومة %% بمساعدة المراقبين,التفذه الحكومة المحزنبة عساعدة المراقبين.,../data/muharaf_prepared_resized/train/train_001140.png,2025-11-28T10:17:56,Sana
train_009014,Valid but hard,,0.3235294117647059,مكررين لثم اياديكم وادام الله بقاك,كرين لثم ابيايكم والكم المل ك,../data/muharaf_prepared_resized/train/train_009014.png,2025-11-28T10:17:58,Sana
train_016171,Valid but hard,,0.3225806451612903,اولادها بشاره وطوبيا وامين ورفقه وزينه ومسَيحيه الحاصلين لها من زوجها بولسَ ابى الياسَ ثم مات بشاره المذكور بنين هما حنه ومارتا وزوجته هى مريم لا اعرف اسَم,اها وشبا وبيا واه اين وره ويه وسَحه الحايه له من رجه بوسَ الي اليسَ ثم مات بشاره المذكور عن بين مان مه وار وجه ه يم ل الارف اسَم,../data/muharaf_prepared_resized/train/train_016171.png,2025-11-28T10:17:59,Sana
train_017542,Valid but hard,,0.3225806451612903,جميل     الى رجل   كلم ابو سليم,جل  جل     كلم ابو سليم,../data/muharaf_prepared_resized/train/train_017542.png,2025-11-28T10:18:01,Sana
train_020441,Valid but hard,,0.3220338983050847,المكاريه محرر هذه للاطمئنان وصار لي من نهار الاثنين وانا في,المكاريه محرير هذا لا متنانه جار ي واتهر الاتنين واي,../data/muharaf_prepared_resized/train/train_020441.png,2025-11-28T10:18:02,Sana
train_014175,Irrelevant / signature,,0.3214285714285714,شكري واعتباري 27 ايلول /1942,شكري واعتبياري رف ٢7 ايلول ن١٩940,../data/muharaf_prepared_resized/train/train_014175.png,2025-11-28T10:18:13,Sana
train_009481,Valid but hard,,0.3214285714285714,⸗        القديس جرجس - شويتا,"⸗""القديس جرجس - شويتًا",../data/muharaf_prepared_resized/train/train_009481.png,2025-11-28T10:18:18,Sana
train_005231,Valid but hard,,0.3214285714285714,السيد الحبيس +  الداعى شكركم,سيد الجليس الداعى شكم,../data/muharaf_prepared_resized/train/train_005231.png,2025-11-28T10:18:53,Sana
train_018266,Segmentation error,,0.3214285714285714,اهنئكم بقرب حلول عيد الفصح المجيد اعاده الله عليكم اعياد,وايكم تري مصلول عيد الفح الحير العاه الله علكيم الياد,../data/muharaf_prepared_resized/train/train_018266.png,2025-11-28T10:19:11,Sana
train_015158,Valid but hard,,0.3214285714285714,الساعة ١ من النهار وسرنا ايضًأ بذاك البرد الهوا و... مطر,ساعة من النهار سرنا ايضاً للاك الرد والهوا وبالاث ط,../data/muharaf_prepared_resized/train/train_015158.png,2025-11-28T10:19:16,Sana
train_013504,Valid but hard,,0.3214285714285714,الذبيح فعليه وبالنظر لما تقدم نرى لا بأسَ من التأخير في انشأ مجزر لحينما يتوفر لدينا,لنذي فليه والظ ما تقدم فر لا يأسَ من الشاخير في اتشا جز لمنا ن ولينا,../data/muharaf_prepared_resized/train/train_013504.png,2025-11-28T10:19:17,Sana
train_016402,Valid but hard,,0.3211009174311927,وبكل مقتضى شرعي ونظامي لاخر درجات المحاكمه واذا رجعت عن اقراري هذا اكون ملزو بارجاع المبلغ مع فائدته ليد طالب,وبكم شيع عري وايا لي اخربات المحاكمه واذا رجت عن افراري هذا اكون لزم باران البل مق ده لد البلاب,../data/muharaf_prepared_resized/train/train_016402.png,2025-11-28T10:19:19,Sana
train_008627,Valid but hard,,0.3211009174311927,٤ تشليح دابتين الى ابراهيم ملحم شاهين وابراهيم عبود قديح في الطريق المذكور بجوار مشتى الدنادشه وكل ذلك نهاراً,تي با ان ارهم لم شاين وابراهيم عبود قيخ في الطريق المذكور جوار شتىن الاسى ولى لا هاً,../data/muharaf_prepared_resized/train/train_008627.png,2025-11-28T10:19:22,Sana
train_016383,Valid but hard,,0.3209876543209876,حاصلاتها من يوم مشتراه اياها لحد الان وحيث قرر الفريقان بانه لم يبق لها ما يقال خلت هيئة المحكمة للمذاكرة فقررت بالاتفاق طلب البينة من الفريقين لاثبات كل منها وضع,صحات م م شرها ايها حلا ان وحيق قر الفيان باه لم يب لها ما يقال خلت هيئة المحكمة للمذكنه اقرت بالا لالبية من الري التا ا وا,../data/muharaf_prepared_resized/train/train_016383.png,2025-11-28T10:19:24,Sana
train_016058,Valid but hard,,0.3209876543209876,لدى المذاكره ثبت باقرار المدعى عليه المذكور توجب المبلغ المدعى وقدره الفان وتمانماية وسَتون قرشاً بذمته وذمة رفيقيه المحررين للمسَتدعين  المذكورين الصحيفة الثالثة,لدىذى المار امار العرعى العيى المذكور وجب بالملغ المدعى قدره الفاه وماماية وستون قرسَاً بذمته وزمه ري المحرين لمي و الحكوية الثاة اللثة,../data/muharaf_prepared_resized/train/train_016058.png,2025-11-28T10:19:27,Sana
train_009976,Valid but hard,,0.32,مُطرانية طرابلس المارونية,مطرنية طرالية الارية,../data/muharaf_prepared_resized/train/train_009976.png,2025-11-28T10:19:30,Sana
train_016366,Valid but hard,,0.3194444444444444,الخورى سطفان شلهوب من اهدن وغب حلفه اليمين شهد ان القطعة المرقومة وحددها هى بيد الخورى جرجسَ فرنجيه من سَبع او سَت سنوات يتصرف فيها للان وشاهداً,الخورى اطان نوه ن اهده وب لفه الين شهد ان القطعة المرقومة وصدها هى بيد الخورى جرَ جه م مسَن اسَ ا وا وا اهدا,../data/muharaf_prepared_resized/train/train_016366.png,2025-11-28T10:19:31,Sana
train_016211,Valid but hard,,0.3191489361702128,عما تعيصه بشهادة الشاهدين المحررين فاجاب انها متعصبان ضد موكلى واجلت الجلسَه لنهار الثلاثا ١٣ ت١ ٣٠٣ وفى خلال ذلك صارت تذكية الشاهدين سراً من,مان بلة بهاهة الشادين المحرين فاب انها متعبان ضد مكل واجلت الجسَة لنار الكا ى ١ ٣ و ال ل صار لكية الهرا سراً,../data/muharaf_prepared_resized/train/train_016211.png,2025-11-28T10:19:32,Sana
train_004455,Valid but hard,,0.3188405797101449,حبرنا الجليل المفضال المطران عبدالله خوري امدكم الله بالاجلال والوقار,بحيار الجليل المفضال الطران عبدالا خوي المكم ال ال لار,../data/muharaf_prepared_resized/train/train_004455.png,2025-11-28T10:19:33,Sana
train_016247,Valid but hard,,0.31875,لدى المذاكرة ثبت بشهادة الشاهدين المرقومين المذكيين سراً وعلنا ان للمدعى بذمة المدعى عليه المبلغ المحرر بموجب السَند المذكور وقدره الفان وتسعماية وخمسَة وتسَعين,ىلدى المذك شبين شهاه الاهدين المروفن المكين سراً وعلنا ان للمدعى بذدة المدى عي المل المجر م ور المرور المدرور الما واماة وسَية وَين,../data/muharaf_prepared_resized/train/train_016247.png,2025-11-28T10:19:35,Sana
train_001949,Valid but hard,,0.3181818181818182,يُقضي عليً اويُقضى لي.,نقضى علياً او يُقض لي..,../data/muharaf_prepared_resized/train/train_001949.png,2025-11-28T10:19:37,Sana
train_016414,Script mismatch (non-Arabic),,0.3181818181818182,الجمهورية اللبنانية					RÉPUBLIQUE LIBANAISE,الجمهورية اللبنانية						RRÉPUBQUS,../data/muharaf_prepared_resized/train/train_016414.png,2025-11-28T10:19:40,Sana
train_015092,Valid but hard,,0.3181818181818182,ونقالين منهم ماردينةومنهم من أهالي اطراف ...,وتعالين نهم ماري ن ومنهم من اها طرف ص,../data/muharaf_prepared_resized/train/train_015092.png,2025-11-28T10:19:43,Sana
train_012294,Valid but hard,,0.3170731707317073,صفحة ١٤ بعنوان عا صورتي معلق وسام الشجاعه,صفحة عنوان  دري موعلقا وشام الشجاعة,../data/muharaf_prepared_resized/train/train_012294.png,2025-11-28T10:19:52,Sana
train_001157,Valid but hard,,0.3170731707317073,المركز الأعلى، او في المركز الاوسط، او في المراكز الفرعيه. فيعطى المقيم العام حرية,ال ال الكر الاوسا، وفي المراكزه الغريه. فيعط المقيم المام حرية,../data/muharaf_prepared_resized/train/train_001157.png,2025-11-28T10:19:53,Sana
train_008482,Valid but hard,,0.3170731707317073,ايها السَيد الجليل والراعى النبل ماري انطون عريضه مطران اطرابلسَ شام الكلى الشرف والفائق الاحترام ادام سَمو رىاسَته للداوام,ايها السَيد الجليل والرعي النبيل مار انطون عريه مطران اريل الساكم الكلى الارف الاف الم ام   لوام,../data/muharaf_prepared_resized/train/train_008482.png,2025-11-28T10:19:54,Sana
train_015562,Valid but hard,,0.3170731707317073,صورة القرار الصادر بالدعوى المقامه على اسَمعيل رافع ابي شقره من عمطور لارتكابه جرم,صورة القصار الصاد الدعوى المقامه على سَمي اف الى شر م ا ر رم,../data/muharaf_prepared_resized/train/train_015562.png,2025-11-28T10:19:55,Sana
train_015273,Valid but hard,,0.3170731707317073,الا... رخصوا الركاب بالطلوع وكان وصلنا من,الام.. رضصوا الكانب بالطل.. وكان خرضا,../data/muharaf_prepared_resized/train/train_015273.png,2025-11-28T10:19:58,Sana
train_020639,Valid but hard,,0.3170731707317073,هذه الأصناف كتير. اما صاحبكم الذي اعطيطني,الاصباب كثير. اما صاحتكم الذي المطيعتي,../data/muharaf_prepared_resized/train/train_020639.png,2025-11-28T10:19:59,Sana
train_006875,Valid but hard,,0.3170731707317073,قصيدة غزلية عنوانها  .  .  .  الشمسَ صفرا,قصيدة غزلية عنوانا . .    رفا,../data/muharaf_prepared_resized/train/train_006875.png,2025-11-28T10:21:22,Sana
train_016156,Valid but hard,,0.3167701863354037,والمدعى عليه المحرر واحضر المدعى عليه المرقوم للشهادة من رايها يعقوب بن حنا الدبسَ شيخ قرية بزعون وشهد غب حلفه اليمين والاشهاد الشرعى بوجه الاصيل والوكيل المرقوم,والمعى اليى اله الره الرع عليه المقوم الشهاة وايها يعقو بن حنا الدين شيخ قي برعون وشهد غي حه الين واشا الرع والل الل ال المقوم,../data/muharaf_prepared_resized/train/train_016156.png,2025-11-28T10:21:24,Sana
train_016316,Valid but hard,,0.3161290322580645,المرقومة من صلاحية هذه المحكمة وبناءً عليه صارت المباشرة الى اكمال الدعوى الاعتراضية وجاهياً وقدم وكيل المعترض عليه قيمة مصارفات الدعوى وطلب الحكم بها وهذا,الممة مة مة هة الحكمة وباً على حات المبارة الى اكمال الدعوى الاعراضية وجاياً وقدم ويل المرية عيم ما الاراق والولى والله وه وهها,../data/muharaf_prepared_resized/train/train_016316.png,2025-11-28T10:21:26,Sana
train_012429,Valid but hard,,0.3157894736842105,وبقيت على هذا الحال,وبقيت على هذا الحال حوالي,../data/muharaf_prepared_resized/train/train_012429.png,2025-11-28T10:21:28,Sana
train_010919,Valid but hard,,0.3157894736842105,كونو برحة بال لنحوه,ككونص براحة يل لنحوة,../data/muharaf_prepared_resized/train/train_010919.png,2025-11-28T10:21:34,Sana
train_012273,Valid but hard,,0.3157894736842105,وحتى شجع مارون كرم ها الشخص يلي ما كنت,وحتى شع لر م الشلص يمي ما كنت,../data/muharaf_prepared_resized/train/train_012273.png,2025-11-28T10:21:35,Sana
train_017366,Valid but hard,,0.3157894736842105,اسعد : (( يتصنع المرض )) اخ . . اخ . .,اسعد :( يقضع المرض ) اخ اخ .,../data/muharaf_prepared_resized/train/train_017366.png,2025-11-28T10:21:49,Sana
train_005538,Script mismatch (non-Arabic),,0.3157894736842105,ARCHEVÊCHÉ MARONITE,ARHVÊHÉ MARTE,../data/muharaf_prepared_resized/train/train_005538.png,2025-11-28T10:21:52,Sana
train_008663,Valid but hard,,0.3153153153153153,١٢ شن الغارة على مكاريه كانوا ذاهبين فى الجرد واطلاق الرصاص عليهم وضربهم وارجاعهم عن طريقهم مراراً متعدده منسوب,ان العارة على كرايه كنا راهبين في الجد واطلاق الرصاص عليهم وخضبم وارجاه علير را ماً مد وب,../data/muharaf_prepared_resized/train/train_008663.png,2025-11-28T10:21:55,Sana
train_007106,Valid but hard,,0.3150684931506849,هيدي قطع ارواح مكبوسَي                            مطرطش عليها صباغ ترحالك,صيدي قطع ارواح مكبوسَي                                          ط طه عيب  رالك,../data/muharaf_prepared_resized/train/train_007106.png,2025-11-28T10:21:56,Sana
train_000824,Valid but hard,,0.3150684931506849,الحاج محمد الـتمين. (؟) رسول ولاء واجلال – وتجاره – الى الملك لويس، وارسل,الحاحب مد التحينن ( رسول ولاءٍ واجلال وتحاره م ك لوليس، وارسل,../data/muharaf_prepared_resized/train/train_000824.png,2025-11-28T10:22:01,Sana
train_009136,Valid but hard,,0.3150684931506849,المولودة في ٧/ ١٢/ ٥٨ وكاتيا المولودة في ١٥/ ٣/ ٥٤ اولاد المرحوم انطونيوس,لمولودة في  ١ /٥ وكماب الولووة ف ١/  اولاد المرحوم انطسو,../data/muharaf_prepared_resized/train/train_009136.png,2025-11-28T10:22:06,Sana
train_005701,Valid but hard,,0.3148148148148148,المدرسَة ما عدا دريان وذلل امام غبطته لكن لمفاده واحد تركوا راى كثيرين وقتئدئد طلب الخورى عدم الرجوع فالزمهُ,المدسة ومعد ورين ومام عبطة لن مراه واحد روا راى كثيرين فقندية طلب الحورى عدم الرجع واه,../data/muharaf_prepared_resized/train/train_005701.png,2025-11-28T10:22:07,Sana
train_015747,Valid but hard,,0.3148148148148148,مفتس العدليه العام           الى مدعى العام الاستئنافى,ضقتس العدليه العام          اى المى الى اسف,../data/muharaf_prepared_resized/train/train_015747.png,2025-11-28T10:22:09,Sana
train_015422,Valid but hard,,0.3148148148148148,هاتين المرأتين من نسب اليهما لفقدان الدلائل والامارات كما مرَّ وبتضمين المرأة نجمه المبطلة في دعواها الشخصيه,هايه التايمن نسيس الها لسقان اولائل والامارات كا مرَ وتضين المرا اجم المطلعة عد ا الشخيه,../data/muharaf_prepared_resized/train/train_015422.png,2025-11-28T10:22:11,Sana
train_011056,Valid but hard,,0.3142857142857143,واهي %% ونكون ذالك العلقة افرط من حات الخصوص الفونس النقاش وافيدونا كم,واهي بالتمن المعين وتكون ذلك العلقة اقرط من حات الخواص الفوسَ التقاش وافيدوناكم,../data/muharaf_prepared_resized/train/train_011056.png,2025-11-28T10:22:12,Sana
train_013634,Valid but hard,,0.313953488372093,سنه ٩٣١ واصل تلات ليرات سورية عما اصاب بلديتا كفرشيما من اسَتنساخ عن القديم الانتها به,٣ وال قلاة ليرات سورية عما اصاب بلدينا كفرسما من استنَا خ العيع الشاي,../data/muharaf_prepared_resized/train/train_013634.png,2025-11-28T10:22:27,Sana
train_013843,Valid but hard,,0.313953488372093,١٩٤١ والبالغة كميتة ثلاثماية وثمانون ليتراً بيعت من الاهالي بسعر الليتر ١٧ غروش كما هو,١ وابالة مية ثلاثناية مانون لتداً بيت من الاصاليه بسعر اللير عر  اد,../data/muharaf_prepared_resized/train/train_013843.png,2025-11-28T10:22:30,Sana
train_002635,Valid but hard,,0.3137254901960784,ولما لم يكن بد من التساهل واحتمال ما لا يمكن احتماله فى سبيل مصلحة البلاد فاننا لم نحجم عن هذه التضحية,ولم كم يرمن الساه والحتام ما اليكم احتماله فى سي مصلة البلاد فالنا مل ه هذه الية,../data/muharaf_prepared_resized/train/train_002635.png,2025-11-28T10:22:59,Sana
train_016000,Valid but hard,,0.3137254901960784,وكيلاً مسَخراً باجرة ريال مجيدى عن كل جلسَة يحضر بها المحكمة وذلك سَنداً على المادتين الـ ١٤٥ والـ ١٤٦ من قانون المحاكمات الحقوقية وبودر الى رؤيةَ الدعوى,وكياً مجياً جرة ال مجد عن كل جسَة بخربها لمحكمة وذلك سَنداً على المادين الـ١ والـ١ ن المحاة القوية والدة الوة الوى,../data/muharaf_prepared_resized/train/train_016000.png,2025-11-28T10:23:01,Sana
train_010812,Valid but hard,,0.3137254901960784,اخونا نجيب يهدكم السَلام وكذالك الخواجه طوبيا مهاوش,لاونا جب يدكم السَام وكذالك الخواج ل با,../data/muharaf_prepared_resized/train/train_010812.png,2025-11-28T10:23:05,Sana
train_008861,Valid but hard,,0.3135593220338983,ولدكم رجعت البارح لطرابلسَ بسَبب التعدي والهياج الذي حصل علينا من بعض اغاواة الدنادشي عشيرة بية الحسَن الذين بيوم واحد,ولمدكم جم الرارل رايسَ سَيب التعدي والهاح الذي حصل علين من بض اغعاة النادري شر رية الية السَي ا اد,../data/muharaf_prepared_resized/train/train_008861.png,2025-11-28T10:23:07,Sana
train_014363,Valid but hard,,0.3125,نصوص شعرية أو مسرحية بسيطة، تقوم,صرة  سرحية بسيطة، تقوم,../data/muharaf_prepared_resized/train/train_014363.png,2025-11-28T10:23:09,Sana
train_014794,Valid but hard,,0.3125,أريدُكِ أن تقرإي,-أريدُي ان تقراي,../data/muharaf_prepared_resized/train/train_014794.png,2025-11-28T10:23:11,Sana
train_018033,Valid but hard,,0.3125,بآرا في ٩ ت٢ ٩٢٣,بآر في ٩ ت٢  ١٩٣١,../data/muharaf_prepared_resized/train/train_018033.png,2025-11-28T10:23:27,Sana
train_016874,Valid but hard,,0.3125,اخبروني عن احوالكم وهل مراد السيد جوزيف ان ياتي عند السيدة اميلي التي كلمتكم عنها كثيرا وهي باذن الله تشفيه ؟ ..,اخبريون عن الك مهم راد اليد جزين ان اتي عند اليدة اميل التي لكم عا ثي وي اله له شي..,../data/muharaf_prepared_resized/train/train_016874.png,2025-11-28T10:23:31,Sana
train_011760,Valid but hard,,0.3125,بعد السَلام وصلنا جوابكم رقم ٣٠ الماضي وما به علم حسَب تعريفكم مرسَول لكم طى هذا,عد السَلم مالا جايك قم ٣٠ الماجه وايه لم بسَ تويقكم رَول لكم كلى ها,../data/muharaf_prepared_resized/train/train_011760.png,2025-11-28T10:23:40,Sana
train_012808,Valid but hard,,0.3125,محضر جلسة رقم 12,حضر جلسة وقمر ٢,../data/muharaf_prepared_resized/train/train_012808.png,2025-11-28T10:23:49,Sana
train_020709,Valid but hard,,0.3125,بعلم وورائها رئيس الجمهورية المسيو ملران والمسيو,بعليم ومورابرها رئيس وعرية المحيو شران واتسيو,../data/muharaf_prepared_resized/train/train_020709.png,2025-11-28T10:24:05,Sana
train_005664,Valid but hard,,0.3125,انتظره بفروغ صبر,النظر لفروغ صير,../data/muharaf_prepared_resized/train/train_005664.png,2025-11-28T10:24:14,Sana
train_018544,Script mismatch (non-Arabic),,0.3116883116883117,Tel. (01) 303344 - Fax (01) 311967 - Boite Postale 14/5312 - Beyrouth - Liban,.el. (0) 3034 Fax(01) 31967 - oite Posae 14/512 B-iban,../data/muharaf_prepared_resized/train/train_018544.png,2025-11-28T10:24:21,Sana
train_006784,Valid but hard,,0.3114754098360656,لا بيرجع ولا في يكفيها                         وخدك بكي وحرقا,لا بيرجع ولا في يكفيها                                         ووحي حرق,../data/muharaf_prepared_resized/train/train_006784.png,2025-11-28T10:24:25,Sana
train_016396,Valid but hard,,0.3113207547169811,من محكمه البترون العلية بتاريخ / ١١ تموز سنة ٩٢٣ عد ١٧٩٨ ساس ٩١٣ بمبلغ الفان وسبعماية وخمسة وثمانيون قرشاً,من حكمة البيانة الاحية ابير ١ نو نة ٣ د ١ سا ١ بمبلغ الفان وسبعماية وخمسة وان قرشاً,../data/muharaf_prepared_resized/train/train_016396.png,2025-11-28T10:24:28,Sana
train_020883,Valid but hard,,0.3111111111111111,كنت معزوم عنده على العشاء اول امس فكان العشاء,جسعد كساب كنت معزوم عنده على العشء اول اس فكان العشأ,../data/muharaf_prepared_resized/train/train_020883.png,2025-11-28T10:24:36,Sana
train_008850,Valid but hard,,0.3111111111111111,أيها السَيد الجليل الفاضل مار انطون عربضه الكلى الشرف والفايق الاحترام دامة رياسَتة للدوام,ايها السَيد الجليل القال ما اطون عريه الكل الشرف والات الاراتم   لام,../data/muharaf_prepared_resized/train/train_008850.png,2025-11-28T10:24:45,Sana
train_015401,Valid but hard,,0.3106796116504854,القرار الصادر بدعوى مرتى ابنة يوسف جرجس وبرباره زوجة جرجس توما وقمرا زوجة سليم العيسى ورفقاهم من حيتولي,القرار الصاد بدعوى مرش اية يوسف جرجس ورباه زوجة جرجس توا وقرا ارجة ام م م وي,../data/muharaf_prepared_resized/train/train_015401.png,2025-11-28T10:24:50,Sana
train_008647,Valid but hard,,0.3103448275862069,ربالين مجيدي بوادي الاسطوان بينما كان زاهباً الى مركز القضا حاملاً تحريرات للحكومه بوصف,بري ه اري مجيد بدادي الاطوان بينما كا زرها الى حركة القضا حلاً تحرياً للم حو وف,../data/muharaf_prepared_resized/train/train_008647.png,2025-11-28T10:24:54,Sana
train_015301,Valid but hard,,0.3103448275862069,هذه الليلة ايضًا في الإسكندرية بعدما ليلًا ... على القهاوي,هذه الليه ايضا بالاسكندرية بعد ما ليلاً تقضنا لى القادي,../data/muharaf_prepared_resized/train/train_015301.png,2025-11-28T10:24:58,Sana
train_001253,Valid but hard,,0.3103448275862069,كما تعلم وعملي ارفض موته شعر.,كما تعلم وعلى الاخص لانه شعر.,../data/muharaf_prepared_resized/train/train_001253.png,2025-11-28T10:25:17,Sana
train_016081,Valid but hard,,0.310126582278481,معه منتوره بنت ايوب الجميل كلاهما من قرية رشعين بموجب صك مؤرخ فى ١٣ ت١ سنة ٨٨٠  المتصل اليه بالشرا من مارينا بنت بطرس شاهين من نحو اربعين سَنة وهو حاره مشتملة,معه متره بن ابو الجيل كاه من قية شعن بو حكم ورفى ١ ت ن ٨ المتصل اليه بالشرا نه مارينا بنب برس شاي من ار ورين سنه واوه مة ملة,../data/muharaf_prepared_resized/train/train_016081.png,2025-11-28T10:25:18,Sana
train_005845,Valid but hard,,0.3098591549295774,عافيتكم ومروا بما يلزم خدم فاني رهين الامر والله المسئول بالأخذ بناصركم,عاقتكم وا با يزم خدم فاني دهين الار والمنه السل والخا خكم,../data/muharaf_prepared_resized/train/train_005845.png,2025-11-28T10:25:21,Sana
train_016309,Valid but hard,,0.3096774193548387,فى البوصلة الثالثة وهذا كاف رابعاً اعتراضه على صلاحية المحكمة واقع بغير محله ايضاً لانها هى محكمة المدعى عليه العاىد اليها روية الدعوى وبناءً عليه فهو يطلب,في الحوحة والالة وها ا براً اعاة على حابة الحركمة واقع بغير حله ايضاً لانها هى محكمة المدعى عليه الما ايرية العدية عايى ه  طل,../data/muharaf_prepared_resized/train/train_016309.png,2025-11-28T10:31:44,Sana
train_015874,Valid but hard,,0.3095238095238095,عدد ٤٣٥ اربعماية وخمسة وثلاثون / عدد١ يومي,عد ٥ ارسيماية وخسة وثلاون عديوي,../data/muharaf_prepared_resized/train/train_015874.png,2025-11-28T10:31:46,Sana
train_016358,Valid but hard,,0.3093525179856115,هو بدوى يوسَف الشدراوى من اهدن وغب حلفه اليمين شهد ان القطعة المرقومة وحررها هى بيد الخورى جرجسَ فرنجيه من عشر سنوات وشاهداً هو يوسف سَمعان,هوا ابدوى وسف الشرو من اهدن غب حله البين شهد ان القطعة المرقومة ودها هى بدوى الخورى جرجر وشه وشنا وشا وا وا وسَا َعان,../data/muharaf_prepared_resized/train/train_016358.png,2025-11-28T10:32:37,Sana
train_005222,Valid but hard,,0.3090909090909091,غبراىل قد للمجمع الشرقى استعفاه وقبلاه ومن يومين سَافر.,غبراسل نقدر للمجمع الشرق استنفع وتحلده ول يذبي مسافر.,../data/muharaf_prepared_resized/train/train_005222.png,2025-11-28T10:32:39,Sana
train_016198,Valid but hard,,0.3086419753086419,صالح بزعون نمرو ٤١٢ غب الاحالة حبه ٢٥ قيراط سنة ٩٥ و فى ١٩ ايلول سنة ٩٤ حضر محكمة قضا البترون بطرس بن يوسَف شمشوم بالاصالة عن نفسَه والوكالة عن طنوسَ وجبرايل ولدى,لالع عزون نرو الحالة ورة ناو ف اربو سن ٩ حضر محكمة قض البترون بطرس بن يوسَف تشوم بالاحلة عن نفسة والكالة عن نوسَ وجريل ولدى,../data/muharaf_prepared_resized/train/train_016198.png,2025-11-28T10:32:41,Sana
train_000252,Valid but hard,,0.3085106382978723,المستدعي: المحامي الياس عبدالله من جدايل بوكالته عن السيدة مَتيلدا ارملة سابا نصرالله واولادها,المستدي المحي البايع اله من جدايل بدكاله عن السيدة حسَيلا ملة بن باه والله ها,../data/muharaf_prepared_resized/train/train_000252.png,2025-11-28T10:32:43,Sana
train_005622,Valid but hard,,0.3085106382978723,فى سان سيلبيسَ جعل الله نهاية الامر على هذا المنوال خيراً فلا تجهلون انى هنا فى رومية من جمله.,فى سان بليَ جل لله لناية الامر على هذا المنال خيراً فا يكون الى ن نر يه مل,../data/muharaf_prepared_resized/train/train_005622.png,2025-11-28T10:32:44,Sana
train_008860,Valid but hard,,0.3083333333333333,وعند فكري ان سَيادتكم ترجحون الخورى يوسَف الحاج بالنظر لسَنه ومركزه في الناحيه تجاه الطايفه ومع هذا راجع الامر لسيادتكم.,وعند كين سيتكم بحون اخورى يسَف الجاج بالنرلسَنه وركفه فى الناصي باه الطاية وعه ه اا الار اتكم,../data/muharaf_prepared_resized/train/train_008860.png,2025-11-28T10:32:46,Sana
train_007291,Valid but hard,,0.3076923076923077,العاشق صنم واقف على مطل الوليف                      الحظ يبكي والامل يضحك عليه,العاشق ح واف على مطل الوليف                لا الي الي ال ليه,../data/muharaf_prepared_resized/train/train_007291.png,2025-11-28T10:32:47,Sana
train_009105,Valid but hard,,0.3076923076923077,القبيات ٢٢ تشرين ثانى ١٩١٨,القبيات ف ٢ تشري ن ١٩٠,../data/muharaf_prepared_resized/train/train_009105.png,2025-11-28T10:32:52,Sana
train_017306,Valid but hard,,0.3076923076923077,يقع على الارض,يبقمع على الاصن,../data/muharaf_prepared_resized/train/train_017306.png,2025-11-28T10:32:55,Sana
train_020192,Valid but hard,,0.3076923076923077,الى اضيق إطار,الى ا إطار.,../data/muharaf_prepared_resized/train/train_020192.png,2025-11-28T10:33:03,Sana
train_016080,Valid but hard,,0.3076923076923077,والتمييز بلزوم المدعى عليه المحرر دفع المبلغين المحررين للمسَتدعيين المحررين مع الفايدة البسَيطه من حين الاسَتحقاق لحين الدفع عملاً بتعهده المربوط بالسَندين,بلبيز اليم لمدرى الموعى الع ال المفين المرين المسَ عين المحرين مع الفايدة البسيط من حين الاسَتقاق حي الدع علاً بته الر السَين,../data/muharaf_prepared_resized/train/train_016080.png,2025-11-28T10:33:05,Sana
train_003750,Valid but hard,,0.3076923076923077,خبرٍ ما (...),خبر يا (.),../data/muharaf_prepared_resized/train/train_003750.png,2025-11-28T10:33:09,Sana
train_003716,Valid but hard,,0.3076923076923077,"صالحا "" (...)","صالحا""(..",../data/muharaf_prepared_resized/train/train_003716.png,2025-11-28T10:33:12,Sana
train_003384,Irrelevant / signature,,0.3076923076923077,بطرس الىطرىرك,طرس الطرك,../data/muharaf_prepared_resized/train/train_003384.png,2025-11-28T10:33:42,Sana
train_017392,Valid but hard,,0.3076923076923077,(( يعود الضوء,( يعود الصوء .,../data/muharaf_prepared_resized/train/train_017392.png,2025-11-28T10:33:46,Sana
train_018259,Valid but hard,,0.3076923076923077,انجال حرري لي دائما شقيقتي وطمنيني عنكم,انا لي واما شقيقتي وطنينين منكم,../data/muharaf_prepared_resized/train/train_018259.png,2025-11-28T10:33:51,Sana
train_004552,Valid but hard,,0.3076923076923077,بكاسَين فى ٢١ شباط سنة ٩٣٤,بكاسي ٢١ شياط سنة ١٩٣١,../data/muharaf_prepared_resized/train/train_004552.png,2025-11-28T10:33:54,Sana
train_008789,Valid but hard,,0.3076923076923077,عن القبيات في ٢ اب سنه ٩١٠,عن القبيا اب سنه ١٩٠,../data/muharaf_prepared_resized/train/train_008789.png,2025-11-28T10:33:58,Sana
train_004473,Valid but hard,,0.3076923076923077,الاب يوسف ىكد,الاى يوسعكد,../data/muharaf_prepared_resized/train/train_004473.png,2025-11-28T10:34:05,Sana
train_015036,Valid but hard,,0.3076923076923077,مع ... سافرنا الى ابوو علي,مع لش سافرنا الى ابو,../data/muharaf_prepared_resized/train/train_015036.png,2025-11-28T10:34:08,Sana
train_004629,Irrelevant / signature,,0.3076923076923077,الحورى سلىمان,لحورسى لمان,../data/muharaf_prepared_resized/train/train_004629.png,2025-11-28T10:34:12,Sana
train_007314,Valid but hard,,0.3076923076923077,يا ما عيون فيها بتتلاقه                                                وكل عين وفي لها حاجي,ي ا ا                                                      و و لي اجي,../data/muharaf_prepared_resized/train/train_007314.png,2025-11-28T10:34:15,Sana
train_001518,Valid but hard,,0.3076923076923077,واقصى أصدقائه,واخص اصدقائه.,../data/muharaf_prepared_resized/train/train_001518.png,2025-11-28T10:34:19,Sana
train_020971,Valid but hard,,0.3076923076923077,أتكلم احاديث واحكي قصص وبالسياسة والادب,انكلم اماديت واحكي قصص وبالسياسية,../data/muharaf_prepared_resized/train/train_020971.png,2025-11-28T10:34:21,Sana
train_015958,Valid but hard,,0.3076923076923077,شهود الفريقين,هود الفريفب,../data/muharaf_prepared_resized/train/train_015958.png,2025-11-28T10:34:41,Sana
train_015856,Valid but hard,,0.3076923076923077,٢٤ آب سنة ٩٣٣,٢ آب نة٩٣,../data/muharaf_prepared_resized/train/train_015856.png,2025-11-28T10:34:46,Sana
train_020687,Valid but hard,,0.3076923076923077,ذاهبًا الى قبة النصر Arc de Triomphe فكان في المقدمة,حبًا الى قية النصر e mh فان في المقدمة,../data/muharaf_prepared_resized/train/train_020687.png,2025-11-28T10:34:50,Sana
train_008950,Valid but hard,,0.3070175438596491,ولالي عادة ان اجنز  ام ادفن ميت رعيتي                                        عادة ان اجنز او ادفن ميت رعيتي بمقبرة,ولالي عادة ان اجنزر اصر دفن مي عي                                                ا ا برية,../data/muharaf_prepared_resized/train/train_008950.png,2025-11-28T10:34:51,Sana
train_016869,Valid but hard,,0.3069306930693069,اكتب هذه الاسطر خصوصا لاجل العزيزة ماري شاوي لاهنئها بعيدها المجيد واسال شفيعتها امنا العذراء الطاهرة,اتبذ هذا الار فروا ال العزيزة قاري شادي لا خنتها بعيدها الجيد وا فيها ان القاء الار ارة,../data/muharaf_prepared_resized/train/train_016869.png,2025-11-28T10:34:52,Sana
train_008754,Valid but hard,,0.3069306930693069,والاسَتبداد واستعملوا اوليك الكهنة آلت لبث سَموم نفاقهم ومفاسَدهم ضد اوليك الرهبان الاجلاً حتى اقلقوا,والاسَبدا واسَت وا وليك الكنة الت ليت سَلوم تقافهم ومعاسدهم خذ الك الربا الجلاً الى ا,../data/muharaf_prepared_resized/train/train_008754.png,2025-11-28T10:34:53,Sana
train_015889,Valid but hard,,0.3068181818181818,الحكام وطلب ردهم والدخول بصفة شخص ثالث والقسمة طوعاً ام جبرًا والتوكيل تحريرًا / ٢٥نيسان,المحكام مطب دهم والدخول بصفة تص ثالث والفسَة طوعً ام جيداً والذيت تحراً  ياسنة,../data/muharaf_prepared_resized/train/train_015889.png,2025-11-28T10:34:55,Sana
train_004539,Valid but hard,,0.3066666666666666,محباً ونحن خسَرنا به اباً رءوفًا ومواطنًا غيورًا وحبرًا جليلاً فاننا نسَأله,مجناً ونحن سَنابه ابا رؤوقاً ومواطناً غيوراً وحيرً جيلاً قانا سَالئم,../data/muharaf_prepared_resized/train/train_004539.png,2025-11-28T10:34:56,Sana
train_005856,Valid but hard,,0.3066666666666666,وسؤدداً ليزيد نوركم وافضالكم على الناس وتتم مشيئته تعالى بانتقآء رعاةً فيهم,وسؤداً ليز نوكم واضالكم عى الناس وتم شية لوى بالناءة فاة فيهم,../data/muharaf_prepared_resized/train/train_005856.png,2025-11-28T10:35:04,Sana
train_006722,Valid but hard,,0.3064516129032258,شمس عمري ما بقى فيها شعاع       اختنقت وماتت عا زنود برج الحمل,شمس عمري ما بقى فيها شعاع             ت ات ات الحمل,../data/muharaf_prepared_resized/train/train_006722.png,2025-11-28T10:35:06,Sana
train_021198,Valid but hard,,0.3061224489795918,لي شقيقتي العزيزة بانك مستفقدي ومشتاقة الى كثيرًا,شفيقي العزيزة انك وستقدي عي رمشئافة الى كثيرا,../data/muharaf_prepared_resized/train/train_021198.png,2025-11-28T10:35:37,Sana
train_016251,Valid but hard,,0.3057324840764331,الوكيل المسَخر ووجبت عليه رسَومات المحاكمة البالغة سَتة وثلاثون قرشاً وتبلغ هذا الحكم لوكيل المدعى والوكيل المسَخر مواجهة علانية فى ١٥ ربيع اول ٣٠٥ و١٨ تشرين,لكيك المسَل وجوي بله شروات المحاكمة الباغة سنة وثلثون قرشاً وتبلغ هذا الحكم مويل المدعى والويل المسَرة حراة عاية الا و و ر شرين,../data/muharaf_prepared_resized/train/train_016251.png,2025-11-28T10:35:40,Sana
train_001773,Valid but hard,,0.3055555555555556,وعند الملتقى نتخابر ملياً بهذا الامر,وعند الملتض ننيى قلتا بهذا الام,../data/muharaf_prepared_resized/train/train_001773.png,2025-11-28T10:36:31,Sana
train_011093,Valid but hard,,0.3055555555555556,افيدونا عن ذلك لان فايظ الماية في بلادنا ارخص من عندنا اذًا كان ذلك حقيق,نكم في عيدات ايضاً افيدونا عن ذلك لان فايظ الحاية في بلادنا ارخص من عندنا اذا كان ذالك حقيق,../data/muharaf_prepared_resized/train/train_011093.png,2025-11-28T10:36:32,Sana
train_006776,Valid but hard,,0.3055555555555556,واوتار صوتي تكفنت بالعنعنات                    والواح صدري رمدت من حرقتو,واوتار صوتي تكفنت بالعنعنات                                 لل الصد ححر ح رقتو,../data/muharaf_prepared_resized/train/train_006776.png,2025-11-28T10:36:34,Sana
train_020636,Valid but hard,,0.3055555555555556,دفع ربع عن أسعار كليا نوع ايڤر تاليه,دفع ربع عن كلفانوع ابقر تاله,../data/muharaf_prepared_resized/train/train_020636.png,2025-11-28T10:36:38,Sana
train_018520,Script mismatch (non-Arabic),,0.3048780487804878,… /… Tel. (01) 303344 - Fax (01) 311967 - Boite Postale 14/5312 - Beyrouth - Liban,…Tel. (01) 304 - Fax 1)31967 - Boit ote 4/131e - youthLiban,../data/muharaf_prepared_resized/train/train_018520.png,2025-11-28T10:36:49,Sana
train_017970,Valid but hard,,0.3048780487804878,احصل على كتابٍ من حضرتكم لسَببٍ أجهله: أهو قلة مكاتبة أو تضعضع المكاتيب على الطريق,ل على كنابر ن حنتك لسَبب أجهله. أهول وكانينز او تضع الكاتب على اطريق,../data/muharaf_prepared_resized/train/train_017970.png,2025-11-28T10:36:53,Sana
train_008462,Valid but hard,,0.3043478260869565,ايها السيد الجليل الكلى الشرف والفائق الاحترام ماري انطون عريضه ادام الله سمو رئاستهِ للدوام,ايها السَي الجليل ال اشف والفئق الاحترام ماري تطون عيه اه الم   لدوام,../data/muharaf_prepared_resized/train/train_008462.png,2025-11-28T10:36:59,Sana
train_007340,Valid but hard,,0.3043478260869565,ليك جفون النور عن يتفتحو                                        والشمسَ جايي للقمر تا تشوشحو,ك جفون الرو عن يتوخ                                          ا شوح,../data/muharaf_prepared_resized/train/train_007340.png,2025-11-28T10:37:01,Sana
train_015075,Valid but hard,,0.3043478260869565,بيوت شعر عرب عنزه نحو بيت مع غنم وراع واملاكهم,بيو شوعرن عندما نحو بيب مع غنم وابعر والادهم,../data/muharaf_prepared_resized/train/train_015075.png,2025-11-28T10:37:10,Sana
train_009084,Valid but hard,,0.3043478260869565,غب لثم اناملكم الطاهرة والتماس بركتكم الرسولية على الدوام المعروض لقد تكرر الآن العرف والاسترحام بخصوص ما حصل علينا,غب لثم انامكم الاركة والاة بتك السولة على الدوام المعرض قد كر الان العرعى الاتان تا صل نا,../data/muharaf_prepared_resized/train/train_009084.png,2025-11-28T10:37:12,Sana
train_017973,Valid but hard,,0.3043478260869565,وولدي جوزف حفيدكم يقبل يديكم ويدي اخواله وخالاته. هذا وفي الختام أطلب,ولدي جروف حقيدكم قبل بديكم ومي اخواله وخارة هاي المخام اللب,../data/muharaf_prepared_resized/train/train_017973.png,2025-11-28T10:37:13,Sana
train_020887,Valid but hard,,0.3043478260869565,مونتريا في ٢٣ شباط ١٩٢١,تتريا في ٢ شباط ٩٤,../data/muharaf_prepared_resized/train/train_020887.png,2025-11-28T10:37:46,Sana
train_003812,Valid but hard,,0.3043478260869565,وتبادل الافكار وهي شعور,ونتنادل الافيكار وحي وبفعور,../data/muharaf_prepared_resized/train/train_003812.png,2025-11-28T10:37:50,Sana
train_007134,Valid but hard,,0.3043478260869565,بتجيبها وبتردها هزة شقا                                           وسَيخ المنيي عن يحز حبالها,تجيها وترها ر                                               َسَ يحلها,../data/muharaf_prepared_resized/train/train_007134.png,2025-11-28T10:37:54,Sana
train_018650,Valid but hard,,0.3043478260869565,الداعي ابن ابنتك العزيز,الد اين تك العزيز,../data/muharaf_prepared_resized/train/train_018650.png,2025-11-28T10:37:56,Sana
train_002333,Valid but hard,,0.304,من عبد العزيز بن عبد الرحمن ال فيصل ال سعود الى حضرة الوطني الغيور والمصلح الكبير امين افندي الريحاني المحترم دام افضاله امين,م عبد العزيز اين احن الفيل السعود الى حضرة الوطني الغيور والمصح الحيار من فني الاي الحم ا  اله,../data/muharaf_prepared_resized/train/train_002333.png,2025-11-28T10:38:00,Sana
train_009592,Valid but hard,,0.3037974683544304,بملء الخضوع والخشوع والاحترام الثم اناملكم المقدسة مستمداً منكم البركة والرضاء.,بجل المخوع الشرع والاحترام الثم اناكم المندسة سَمدا م ة والرا,../data/muharaf_prepared_resized/train/train_009592.png,2025-11-28T10:38:28,Sana
train_008652,Valid but hard,,0.3035714285714285,٤ شن الغارة على اسبر ابراهيم عبده واخذ سبع بقرات منه بعد  ان اوسعوه ضرباً مولماً وربطوه بالمرس وتركوه مربوط وذلك,ن الفرارعة على اب ابراهيم عده واخذ سبع بقرات من يكد ان اسعوه ضرباً وماً طب الار وك وبوك ك,../data/muharaf_prepared_resized/train/train_008652.png,2025-11-28T10:38:29,Sana
train_009574,Valid but hard,,0.3035714285714285,المسماة قديماً  نسبة لمركزها الطبيعي مع ان الاثار القديمة الموجودة بها تدل على انها قبل المسيح كما يستدل من كثرة,المسماة قياً حصلا اسية مركها الطبعي مع ان لاثار القديم الوجودة ب تدل لىه هال المسي م م م كري,../data/muharaf_prepared_resized/train/train_009574.png,2025-11-28T10:38:31,Sana
train_005927,Valid but hard,,0.3027522935779816,المثلث الرحمات ودعوت بلسان الجريدة عموم المواطنين على اختلاف طبقاتهم ونحلهم لمشاركتنا في الاحتفال المحزن ولما,الثت الحرم و بسان الجيدة موم المواطنين على اخلاف طيقاتهم ونخلم اشا ي القحال الحتر ولملا,../data/muharaf_prepared_resized/train/train_005927.png,2025-11-28T10:38:33,Sana
train_018905,Valid but hard,,0.3023255813953488,يقبلوكم والقبلات الكثره لرياض ودمتم لوالدكم,وم والاقبلات المشر لرياض وملكم والدكم,../data/muharaf_prepared_resized/train/train_018905.png,2025-11-28T10:38:37,Sana
train_000659,Valid but hard,,0.3023255813953488,يملكون قسطاً وافراً من ثروة البلاد ويسيطرون,يمكون سنطا وانما موة البلاد، وسيطرون,../data/muharaf_prepared_resized/train/train_000659.png,2025-11-28T10:38:40,Sana
train_007051,Valid but hard,,0.3020833333333333,وكل يوم يحبنا ويروح                                                     وقلبو بسَيخ وداعنا مجروح,ول                                                          و َا مجوح,../data/muharaf_prepared_resized/train/train_007051.png,2025-11-28T10:38:42,Sana
train_020950,Valid but hard,,0.3018867924528302,من تاريخ فتوح محلي فكان اول يوم الاحد في ١٢ آذار ١٩٢١,ن اسخ ح محلي مكان اوال بعص الاحب في ١٧ اذار ١٩٣١,../data/muharaf_prepared_resized/train/train_020950.png,2025-11-28T10:38:43,Sana
train_015163,Valid but hard,,0.3018867924528302,بالعالم وحالًا .... بالمجمع. الاسم ابوهريره (المساعد),بالعالم وحالاً خنلنا بالمجمع. الام الوهر )( الساعة,../data/muharaf_prepared_resized/train/train_015163.png,2025-11-28T10:38:45,Sana
train_005674,Valid but hard,,0.3017241379310345,تصديقى مظهراً محبتى نحوك فانت لا اظن انك تشك بمحبتى كما لا اشك بمحبتك بل اقول لك الاشياء صريحا وانت تفكر بذالك وانظر,تصدقي مهاً محين حوك فنت الان اك بشك محتى كمالاتلا بحتك بل قوب لك الاسبا ريحا وانت لكر فوك وانظر,../data/muharaf_prepared_resized/train/train_005674.png,2025-11-28T10:38:46,Sana
train_015196,Valid but hard,,0.3015873015873015,فصار يمشي والبحر هاديًا حتى الصباح الساعة ٢ من النهار وصلنا ...,ما ريشي والبر هادياً حتى الصباح الساعة من الما صا وي,../data/muharaf_prepared_resized/train/train_015196.png,2025-11-28T10:38:47,Sana
train_007138,Valid but hard,,0.3015873015873015,مفتفت فؤاد الصبح عا طواقك                          ومدرور بحجرك,مفتفت مؤاد الصبح عا طواقك                                          ور رك,../data/muharaf_prepared_resized/train/train_007138.png,2025-11-28T10:38:49,Sana
train_001209,Valid but hard,,0.3013698630136986,الا مسرورين راضين. في كل حال ان الامر لعظمتكم. ولكني التمس منكم ان تأذنوا,الامروين ان في كل الر لعظمتكم. وكني التمى سكم مان تأذوا,../data/muharaf_prepared_resized/train/train_001209.png,2025-11-28T10:38:50,Sana
train_009024,Valid but hard,,0.3009708737864077,غب لثم نرى مواطي اقدمكم. نعرض انه بهاذا النهار توجه حبيب الذريبي لعند غبطته وكل هذا التحريك بهذه الدعوى,غب لث روم وامي اليكم عض ان هذا التهار توجه جيب الذربين لعند غطبة وكل هذا لحيك به اهل لدوى,../data/muharaf_prepared_resized/train/train_009024.png,2025-11-28T10:39:09,Sana
train_015292,Valid but hard,,0.3,بكير يعني الفجر واذا البحر هاج وماج وقام ريحًا عاصفًا شديدًا,ير عفي الفى واذا الجر هاج وماج وقام رياً عا ضاً داً,../data/muharaf_prepared_resized/train/train_015292.png,2025-11-28T10:39:10,Sana
train_018617,Script mismatch (non-Arabic),,0.3,YAL2A-11 2,YAL2A-2,../data/muharaf_prepared_resized/train/train_018617.png,2025-11-28T10:39:13,Sana
train_005818,Script mismatch (non-Arabic),,0.3,EAKA - 292,EAK1A - 129,../data/muharaf_prepared_resized/train/train_005818.png,2025-11-28T10:39:14,Sana
train_016266,Valid but hard,,0.3,محكمة بداية البترون تحريراً فى ١٦ ربيع اول/٣٠٥ وفى ١٩ تشرين الثانى ٣٠٣,محكمة باية ضا البترو تحرياً فى ١ بع وال ٣٠٥ و شرين الثان ٣,../data/muharaf_prepared_resized/train/train_016266.png,2025-11-28T10:39:33,Sana
train_013393,Valid but hard,,0.3,"/١٠,٠٠٠,٠٠٠/ ل. ل. عشرة ملايين",١٠/ ل. ل. عشرة ملايين,../data/muharaf_prepared_resized/train/train_013393.png,2025-11-28T10:39:37,Sana
train_011678,Valid but hard,,0.3,على فارس وعلى إِلين وجورج جميل,على فارس فارس وعلى إليى وجورج جميل م,../data/muharaf_prepared_resized/train/train_011678.png,2025-11-28T10:39:42,Sana
train_002665,Valid but hard,,0.3,فى ١٩ رجب			سنة ١٣٤٦,في ١٩٠ رجب سنة ١٩٤٦,../data/muharaf_prepared_resized/train/train_002665.png,2025-11-28T10:39:46,Sana
train_020657,Valid but hard,,0.3,تحية سلام. اما بعد اثبت لك تحريري رقم ١١,نج قو سلام. اما بعدنا ثبث لك تحريري رم,../data/muharaf_prepared_resized/train/train_020657.png,2025-11-28T10:39:50,Sana
train_015334,Script mismatch (non-Arabic),,0.3,QAJE 23D-2,QAJ3D-2,../data/muharaf_prepared_resized/train/train_015334.png,2025-11-28T10:39:52,Sana
train_018737,Valid but hard,,0.3,بشاره مرعى,شاره مرح,../data/muharaf_prepared_resized/train/train_018737.png,2025-11-28T10:39:55,Sana
train_019660,Valid but hard,,0.3,YS_2F_022c,YS_2F_05d,../data/muharaf_prepared_resized/train/train_019660.png,2025-11-28T10:39:56,Sana
train_018106,Irrelevant / signature,,0.3,اسعد درويش,سعد درو,../data/muharaf_prepared_resized/train/train_018106.png,2025-11-28T10:40:01,Sana
train_007512,Script mismatch (non-Arabic),,0.3,JEH2E1-212,JEH21-2,../data/muharaf_prepared_resized/train/train_007512.png,2025-11-28T10:40:05,Sana
train_003772,Script mismatch (non-Arabic),,0.3,BEK2A-17 2,BEK2A-1,../data/muharaf_prepared_resized/train/train_003772.png,2025-11-28T10:40:12,Sana
train_018633,Script mismatch (non-Arabic),,0.3,YAL2A-13 2,YAL2--12,../data/muharaf_prepared_resized/train/train_018633.png,2025-11-28T10:40:14,Sana
train_019613,Valid but hard,,0.3,جنيف مهيبة,جزيف رحيبة,../data/muharaf_prepared_resized/train/train_019613.png,2025-11-28T10:40:16,Sana
train_019820,Script mismatch (non-Arabic),,0.3,ys-4A-011F,Ys-4A-01,../data/muharaf_prepared_resized/train/train_019820.png,2025-11-28T10:40:25,Sana
train_005697,Valid but hard,,0.3,"المعتر المستقل بالوظائف والمهام اذا كان لنتخب احد التلاميذ الذين نخدمهم كالعين ونكلفه ببعض كتابات وبما انه له""",المعد المقل الطوف والما اذا كان تحت احد التلاصدً الذين الخدمهم كالين ويكله بع كات وا انه هبه,../data/muharaf_prepared_resized/train/train_005697.png,2025-11-28T10:40:31,Sana
train_003815,Valid but hard,,0.3,وسمعت من نظمنا أدوار,و  من ظمنا ادوار,../data/muharaf_prepared_resized/train/train_003815.png,2025-11-28T10:40:46,Sana
train_007831,Script mismatch (non-Arabic),,0.3,JEH2F1-304,JEH21-39,../data/muharaf_prepared_resized/train/train_007831.png,2025-11-28T10:40:50,Sana
train_018893,Valid but hard,,0.3,انسان وضع (مادّة) على ظاهر ايديهم تدعى (Glycerine),انسان ضع امادة، على اهديهم تدعى ( tern),../data/muharaf_prepared_resized/train/train_018893.png,2025-11-28T10:40:56,Sana
train_013476,Valid but hard,,0.3,جلسى ٢١ شباط سنة ٩٢٦,جلت ٢ تشباطل سنة ٩٢,../data/muharaf_prepared_resized/train/train_013476.png,2025-11-28T10:40:59,Sana
train_007784,Script mismatch (non-Arabic),,0.3,JEH2F1-303,JEH21-39,../data/muharaf_prepared_resized/train/train_007784.png,2025-11-28T10:41:02,Sana
train_016120,Valid but hard,,0.3,بالاتفاق بوجوب الاسَتعلام من شيخ صلح قرية بشرى وشيخ صلح قرية رشعين عما اذا كان للخورى يوسَف حيمور سَكر املاك بالوقت الحاضر وما هى وعن املاكه,بتاق واب ب الساين م خي خلق قرية برى وشيخ صل قرية رشعين عما اذا كان لخورى يوسَف مور سرا مكا القت الحار و ومن الاك,../data/muharaf_prepared_resized/train/train_016120.png,2025-11-28T10:41:08,Sana
train_016074,Valid but hard,,0.3,يصادق على صحة بيعه المار بيانه ويسَجله حسَب النظام واما ان يدفع للمدعى المبلغ المذكور حكماً غيابياً قابلاً الاعتراض وحيث قرر الفريقان يانه لم يقبلها ما يقال خلت,صياق فلى حلة بيعة اماربين وسَله حبن النكم وا ايدفع المدعى المبلغ لمذكور حكماً غيابا قبالً الاعرا وحيت ر القريا انه ليم ا ال خلت,../data/muharaf_prepared_resized/train/train_016074.png,2025-11-28T10:41:08,Sana
train_014699,Valid but hard,,0.3,هل تعرفني؟,- هل تعرفني؟.,../data/muharaf_prepared_resized/train/train_014699.png,2025-11-28T10:41:10,Sana
train_001476,Script mismatch (non-Arabic),,0.3,"""Mokarzel""","""Mokzlel""",../data/muharaf_prepared_resized/train/train_001476.png,2025-11-28T10:41:13,Sana
train_015981,Script mismatch (non-Arabic),,0.3,QBat1L-242,QBatL-2,../data/muharaf_prepared_resized/train/train_015981.png,2025-11-28T10:41:14,Sana
train_017937,Valid but hard,,0.3,نخلي منصور,لخالي منصو,../data/muharaf_prepared_resized/train/train_017937.png,2025-11-28T10:41:50,Sana
train_014053,Valid but hard,,0.3,تابع عدد ٩,تابع عد,../data/muharaf_prepared_resized/train/train_014053.png,2025-11-28T10:41:53,Sana
train_020515,Valid but hard,,0.3,عزيزي جورج,عزي جبرج,../data/muharaf_prepared_resized/train/train_020515.png,2025-11-28T10:42:24,Sana
train_016328,Valid but hard,,0.2994011976047904,باجرة المسَخر  بدون ان تحقق عليها ولذا قر القرار بالاتفاق بنقض الحكم الغيابي في هذه الحيثية وابقا مصارفه على المعترض المذكور وفقاً للمادة ال١٥٨ من قانون اصول المحاكمات,باة ة امن ون تق لها ولوا القرار بالافاق بنقض الحكم الغيالي من هذه الجبية وابقا مصارق على المعدرى المكور وقواً لادة الم م ن امن الحون المحمت,../data/muharaf_prepared_resized/train/train_016328.png,2025-11-28T10:42:26,Sana
train_008486,Valid but hard,,0.2992125984251969,في الدين وروسَآ الدين. والان ممّا يبرهن ويحقق ذالك اطلاع سَيادتكم على جريدة الاتحاد العثماني تحت عدد ٩٦٦ تاريخ فى ٢٢ ت٢ سنه ٩١١,في الدين وروسَا الدين. والان مَّ بيرهن ويحفق ذالك اطلاع سَيادتكم على جريدة الاتحاد العثماني حت,../data/muharaf_prepared_resized/train/train_008486.png,2025-11-28T10:42:27,Sana
train_015433,Valid but hard,,0.2991452991452991,بمضبطة الكشف على العقار المنازع فيه التى نظمها مامور المحكمة الناطقة بان الياس فعل ما اسند اليه من الجرم فى اول   اول,مبضطة الكلة عفى القر المتافن في الى نظها مامور المكمة الناطعة بان الياس فل م انده ا ال ا ا ال,../data/muharaf_prepared_resized/train/train_015433.png,2025-11-28T10:42:28,Sana
train_005652,Valid but hard,,0.2991452991452991,حكيمة فكانت مضادة للصواب. اولاً ايها العزيز انت اجريت حكماً دون ان تسمع الا فريقا واحدا فانا ما اخترتك ابداً لا اولاً,حكينة مان صادة الصاب. والا يها العز ابت اجريت حكماً ون ان سمع الافريق وادا فا اخحتا ا الا لا,../data/muharaf_prepared_resized/train/train_005652.png,2025-11-28T10:42:29,Sana
train_005732,Valid but hard,,0.2990654205607476,لى شيئا ما فى ذلك المكتوب بل ان فتح الله الخورى عبد عبيد الله كتبته من تلقاء ذاتي مبينا فيه افكارى الخصوصية,ما شا فى ذك المتوب ل انفتح الله الخورى عبد عيت الله كنة م تلارا في جينا في فار الخصية,../data/muharaf_prepared_resized/train/train_005732.png,2025-11-28T10:42:30,Sana
train_015965,Valid but hard,,0.2989690721649484,والفاصل حأيط وماء الشويري وغرباً طريق عام وتمامه متروك عن الياس طنوس صافي آل بجميع حقوق هذا البيع,اورافال مابط وماد الشوري وعغرباً طريقة عام ونامه مذدوك عن اباس لمذس حاني ا لجميع مفوه مذا البيع,../data/muharaf_prepared_resized/train/train_015965.png,2025-11-28T10:42:41,Sana
train_000253,Valid but hard,,0.2988505747126437,من نعيم وجميل وجورج وطنوس ولويزا المسجلة لدى كاتب عدل جبيل بتاريخ ٨ اذار سنة ٩٣٥ عدد ٤٧,منه نعيم وجيل روج اطنوس وليزا المسجلة لدى كاتب عدل جيل سارخ خارس٩ د٢,../data/muharaf_prepared_resized/train/train_000253.png,2025-11-28T10:42:43,Sana
train_019633,Valid but hard,,0.2987012987012987,ما اهتزَّ لبنان في مصاب، اهتزازه لفقد البطريرك اللبناني. ولا ترنّح لبنان لحدث,ما مهّ لن في صاب، اتازه لنقد البطريرك الليان. ولا تم لنا ث,../data/muharaf_prepared_resized/train/train_019633.png,2025-11-28T10:42:45,Sana
train_006689,Valid but hard,,0.2987012987012987,وسَحبت من اجفون الغرام خيال                           بلون الدهب صبغت جناحاتو,وسَحبت من اجفون الغرام خيال                                       لبل بلبه البها صاتو,../data/muharaf_prepared_resized/train/train_006689.png,2025-11-28T10:42:46,Sana
train_011905,Valid but hard,,0.2985074626865671,منظراً وأَتقنُ شغلاً ولكن يا لسَوء َالحظِّ ممّا حدثَ مع جناب الشقيق,نظراً وَ قلاً وك يالسَر الحظِ ما حدَ مع ناب الشقين,../data/muharaf_prepared_resized/train/train_011905.png,2025-11-28T10:42:47,Sana
train_019690,Valid but hard,,0.2985074626865671,وقد تختلف العروض، والجوهر واحد لا يتغير، فلتخرسِ أَلسنةُ المرجفين !,ند تلف العروض . والجوهر واحد له يتقير، فلتحرس الَفرة المجوينة,../data/muharaf_prepared_resized/train/train_019690.png,2025-11-28T10:42:48,Sana
train_005238,Valid but hard,,0.2985074626865671,وان تكونوا قد بلغتم المقر البطريركى الشتوى مع صاحب الغبطة ايده الله,انكن كون فر بلتكم الفر البطريرك التنورى مع حاب الفبطة ابده الله,../data/muharaf_prepared_resized/train/train_005238.png,2025-11-28T10:42:49,Sana
train_010219,Valid but hard,,0.2982456140350877,مع عائلته. وان حضرة الخوري اسْقف افادكم بنوع مجهول ومضمون,عالت. وان حضرة الخوري اشفق ادتكم بسوع لروسل وضمون,../data/muharaf_prepared_resized/train/train_010219.png,2025-11-28T10:42:51,Sana
train_015085,Valid but hard,,0.2982456140350877,ايضاً حول وحولنا لم يكن الا مجرى فريب من ساعة ١٢ وهدر ...,يضا هول وحولنا لم ي الو عرب فر عو ساعة ١ وهدر م,../data/muharaf_prepared_resized/train/train_015085.png,2025-11-28T10:43:00,Sana
train_005721,Valid but hard,,0.2980769230769231,"فعندئذ نصحه وارجعه الى رومية (الجمله المسطره ""طرد الاخ برنردوس"" كنت محيتها ووضعت فوقها ""الامور"" فيظهر من","فقد  ووه الاجعة امرمة الجله المسطره طرد الاخ برزدوس،"" كنت حيها وصعت فوقوها الاور فظهر من",../data/muharaf_prepared_resized/train/train_005721.png,2025-11-28T10:43:03,Sana
train_015091,Valid but hard,,0.2978723404255319,تقريبًأ وسوق صغير ودكاكين نحو ٣٠ زنارين وعطارين,غقرينا وسوق صغير وكالكين نحق ٠ رن وطرين,../data/muharaf_prepared_resized/train/train_015091.png,2025-11-28T10:43:05,Sana
train_015185,Valid but hard,,0.2978723404255319,نحو مجيدي اجت خان .... كان اسير... كلموه وبعدما,نحن مجيدي اج خان و. خفي كان اسرت وكلموه وبعم,../data/muharaf_prepared_resized/train/train_015185.png,2025-11-28T10:43:10,Sana
train_012376,Valid but hard,,0.2978723404255319,٢٠٠١ خلال مهرجان الزجل اللبناني في برجا ٢٠ تموز,٢٠٠ خلاق مهرجان المزجل نا يس في برجا ٠ المورة,../data/muharaf_prepared_resized/train/train_012376.png,2025-11-28T10:43:13,Sana
train_016114,Valid but hard,,0.2976190476190476,من والده ومن محبه بنت عمه سَركيسَ فيلتمسَ احالة عرضه للمحكمة لتجلب المدعى عليه وتحكم عليه له بملكه النصيب المسَطر وبرفع يده عنه الخ فطلب الفريقين بالصورة القانونية فحضر,منه امه مه يه بره رسَ سل الحضة عله لمحلمة لتبل المدعى عليه وتحكم عيه له ملكه النصب المسَط ورفي بده عنه هذ فطب المرين بالصورة القانوية حضير,../data/muharaf_prepared_resized/train/train_016114.png,2025-11-28T10:43:15,Sana
train_016010,Valid but hard,,0.2974683544303797,ووجبت عليهما رسَومات المحاكمة البالغة خمسَة قروش وتبلغ هذا الحكم للمدعى والوكيل المسَخر بتاريخ ٨ صفر سنة ٣٠٥ وفى ١٤ ت١ سنة ٣٠٣ ولاجله تحرر هذا الاعلام نسَختين,ودجيت عليها رسما الحكمة الباغة خسة فروش وتبلغ هذا الحكم للمدعى والوكيل المسَمة باريخ ر نة٣٠٥ وفى٢ ٣٠ ول حر ارا الا اسَحين,../data/muharaf_prepared_resized/train/train_016010.png,2025-11-28T10:43:17,Sana
train_011895,Valid but hard,,0.2972972972972973,متمتّعاً برخاءِ العيشِ وهنائهِ .. إنّي أَبذلُ جهدي لعلَّ الوقتَ يَسنحُ لنا,متعاً برخاٍ العبي وهنائهِ – - إيّ أبذل جدي لعلة الوقتَ سَعح لنا,../data/muharaf_prepared_resized/train/train_011895.png,2025-11-28T10:43:19,Sana
train_003221,Valid but hard,,0.2972972972972973,في القصر بغَزْنَه (١) عاصمة افغانساتن,"في القصر بَزنه "" عاحة افا سان",../data/muharaf_prepared_resized/train/train_003221.png,2025-11-28T10:43:34,Sana
train_001404,Valid but hard,,0.2972972972972973,وجئت الى نورث وين ومن بطلب إذ علمت ان,وجئت الىلارق وين يطلب اذ علمه ان,../data/muharaf_prepared_resized/train/train_001404.png,2025-11-28T10:43:36,Sana
train_020954,Valid but hard,,0.2972972972972973,التجارة قد الجهد قدرت ان احصل عليه من,تجارة ر الجهد حتى قدرت ان احصل عليه,../data/muharaf_prepared_resized/train/train_020954.png,2025-11-28T10:43:38,Sana
train_006746,Valid but hard,,0.2972972972972973,وبعدني كابسَ على جرحي الوجيع                    وعيني على درب الامال بدلها,وبعدني كابسَ على جرحي الوجيع                                 عي عين عل الا الادلها,../data/muharaf_prepared_resized/train/train_006746.png,2025-11-28T10:43:40,Sana
train_000020,Valid but hard,,0.2972972972972973,ي. م. ي. رسالة في ١١ كانون الاول ١٩٥٩,اي. رسالة في ١١ كلون الاول ٩٧,../data/muharaf_prepared_resized/train/train_000020.png,2025-11-28T10:43:45,Sana
train_007329,Valid but hard,,0.2972972972972973,قصيدة غزلية عنوانها   .   .   .   ليك,قصيدة غزلية عنوانها . . يك,../data/muharaf_prepared_resized/train/train_007329.png,2025-11-28T10:43:46,Sana
train_009323,Valid but hard,,0.2972972972972973,تجاوب عليه بكتاب سليم ضاهر ومخول جروج,جاجب عليه كن بيلم فاهر وخول جوج,../data/muharaf_prepared_resized/train/train_009323.png,2025-11-28T10:43:49,Sana
train_006704,Valid but hard,,0.296875,وهلال سَعدي عاجناح الليل ماع         قبل ما شفتو قبال عيني اكتمل,وملال سَعدي عاجناح الليل ماع                ق  اي اي متل,../data/muharaf_prepared_resized/train/train_006704.png,2025-11-28T10:43:51,Sana
train_018660,Valid but hard,,0.2967032967032967,لا يكون لك ادنى فكر. الجميع من هنا بخير يهدونكم ولمن ذكر اذكى التحيات. وبالختام اقبل وجناتك,لي ك كل افن فكر الجميع عن هنا بخير بهدكم ولمنذكر اذك الحات والقام بلت وبجابتك,../data/muharaf_prepared_resized/train/train_018660.png,2025-11-28T10:43:53,Sana
train_009022,Valid but hard,,0.2962962962962963,ايها السَيد الجليل والراعي النبيل ماري اسَطفانوسَ عواد الكلى الشرف والفايق الاحترام ادام سَمو رىاسَته للدوام,ايها السيد الجل والري اليل ماري اسطاوس عواد الكل الشرف والاتا والاترام ام م  وام,../data/muharaf_prepared_resized/train/train_009022.png,2025-11-28T10:43:54,Sana
train_015171,Valid but hard,,0.2962962962962963,اخذناهم على الحمص حيث كانت الحمص طيبة ولطيفة مبلطة ...,اخدناهم على المام حيث كانت الحمام طيبنه ويطفه مبلطه,../data/muharaf_prepared_resized/train/train_015171.png,2025-11-28T10:43:55,Sana
train_004440,Valid but hard,,0.2962962962962963,عرفه وعاشره وسَمع عنه فتياً لهذهِ الدنيا الخائنة وتباً لنعيمها فلا حياة فيها ايها,عروفه اسه وعن غيا لهنه الدنا الخائنة وتباً لزنعيها فلحاية فيا ايها,../data/muharaf_prepared_resized/train/train_004440.png,2025-11-28T10:43:57,Sana
train_010556,Valid but hard,,0.2962962962962963,انا اذا كنت ما رجعت اليوم على الحارك لطرابلس لاعطي الهديه لصاحبها الشيخ نعمة الله,اما اذا كنت مار جت ليم على الحارك لطرابسن اطي المدية باها الشر ام ل,../data/muharaf_prepared_resized/train/train_010556.png,2025-11-28T10:43:58,Sana
train_018987,Valid but hard,,0.2962962962962963,هنا العروسان بخير يسلمون على الجميع ودمتم        ولدكم,منا الفرسان بخير ليسمون على الجيع ودم لدكم,../data/muharaf_prepared_resized/train/train_018987.png,2025-11-28T10:44:02,Sana
train_014975,Valid but hard,,0.296,فيصير الجملة ززوج عدد ١٠٠ وطبق المطلوب وهذا ونختم هذه الاسطر بصرعة لان ... تسافر الآن مع الابنة نحرركم خلافًأ ايضًا الى بيروت,فيصر الحمل زوج ٠ طبق المطلوب هذا ونحتم هذه الاسط لرع لا ن صيوسط تشار الآن ومع الآكن حر كم خلافن اضينا الى يروت,../data/muharaf_prepared_resized/train/train_014975.png,2025-11-28T10:44:03,Sana
train_013791,Valid but hard,,0.2959183673469387,حصل فرق ما بين الطلمبة والكيلة اربع ليترات وربع اما الزيادة بالسعر المبيع بلغت مائتين وخمسين غرشاً,حل قان يامن الطية والية اري ليزات تديع اما الزيدة بالسعه المبيع بلت ماين ومين منرشاً,../data/muharaf_prepared_resized/train/train_013791.png,2025-11-28T10:44:04,Sana
train_007322,Valid but hard,,0.2954545454545454,وفياتو تحت ديالو                                                      عا خد الدنيا شامات,ول                                                         ا سات,../data/muharaf_prepared_resized/train/train_007322.png,2025-11-28T10:44:05,Sana
train_009015,Valid but hard,,0.2954545454545454,طنوس عبدو                    الخورى بطرس حسن,طنوسي عبدور                        ى ىىرس,../data/muharaf_prepared_resized/train/train_009015.png,2025-11-28T10:44:21,Sana
train_016219,Valid but hard,,0.2949640287769784,بتاريخ ١٧ ت٢ /٣٠٣ وبودر الى روية الدعوى وجاهاً وبعد تلاوة اسَتدعا المدعيين واكتفايهما به ابرزا سندين بالقيمة المحررة من امضا اسَطفان وولديه,بتاريخ ٣٠ وبر الى وجية الدعى وجاهاً وبعد تلادة اسَتدعا المدعين واكفا با باراَ سَدين الية المحرة مض ما سا دي,../data/muharaf_prepared_resized/train/train_016219.png,2025-11-28T10:44:29,Sana
train_008600,Valid but hard,,0.2948717948717949,نهيب بغلة حبيب جروج قسطون فى المكان ذاته والوقت ذاتة بحضور شفيق اوصا شمس الدين,هب بغلة حجيب روح قصوق في المان زاته والاقت ات تحور شيف فا اس الدين,../data/muharaf_prepared_resized/train/train_008600.png,2025-11-28T10:44:30,Sana
train_006821,Valid but hard,,0.2941176470588235,وفكرتو من الف هم مضعضعا                                  وبيمطرح البيدسَ جسَمو بيوجعو,ومقكرتو من القهم مضعا                                         م ي يسيم سَم مجعو,../data/muharaf_prepared_resized/train/train_006821.png,2025-11-28T10:44:31,Sana
train_006184,Valid but hard,,0.2941176470588235,انه لمن حق كل مواطن ان يبدي رأيه في الشؤون العامة ؛,ق مل امواظن ان يبدي رأيه في الشؤون العاقة,../data/muharaf_prepared_resized/train/train_006184.png,2025-11-28T10:44:41,Sana
train_009140,Valid but hard,,0.2941176470588235,وذلك في ٢٧/ ٨/ ٧٠,وذلك في ٧//٧,../data/muharaf_prepared_resized/train/train_009140.png,2025-11-28T10:44:47,Sana
train_010056,Irrelevant / signature,,0.2941176470588235,الخوري يوسف الحاج,الخوري يوسف ن,../data/muharaf_prepared_resized/train/train_010056.png,2025-11-28T10:45:36,Sana
train_012391,Valid but hard,,0.2941176470588235,عليها عربون تقدير ومحبة للشاعر والصحافي ميشال قهوجي,عريومه تقدير ومحبة للشاعر والصحفي ميشل لهد,../data/muharaf_prepared_resized/train/train_012391.png,2025-11-28T10:45:39,Sana
train_020588,Valid but hard,,0.2941176470588235,لم اسمع ولم أرى تونتر الحبيبة زكيه,ولم اسع ولم ارى تكوتوتير الحية زكية,../data/muharaf_prepared_resized/train/train_020588.png,2025-11-28T10:45:40,Sana
train_002590,Valid but hard,,0.2941176470588235,يوم الخميسً المنصرم. وتصف لي كم هي enjoying herself,يوم الخيسَ المنصرم. وتصف ي كم هي o ehre,../data/muharaf_prepared_resized/train/train_002590.png,2025-11-28T10:45:42,Sana
train_015174,Valid but hard,,0.2941176470588235,بنا وقال ان في ال... وكتب تحرير من,بنا وقال اني مح الخور.... ولك تحرير من,../data/muharaf_prepared_resized/train/train_015174.png,2025-11-28T10:45:46,Sana
train_015415,Valid but hard,,0.2941176470588235,نمرو ٦٦ ستة وستين,و ٦ سنة وستين,../data/muharaf_prepared_resized/train/train_015415.png,2025-11-28T10:45:51,Sana
train_007167,Valid but hard,,0.2941176470588235,مركب البحر سَاري                                                   وجاب منعاك الدياري,كل                                                    و ن اي,../data/muharaf_prepared_resized/train/train_007167.png,2025-11-28T10:45:57,Sana
train_016210,Valid but hard,,0.2941176470588235,فلم يحضر ولهذا طلب الاول الحكم عليه برد اعتراضه وتضمينه العطل والضرر,فلم يحضر ها طب الاو احكم على بدا اعراه وخضيهة والطل والطره,../data/muharaf_prepared_resized/train/train_016210.png,2025-11-28T10:46:00,Sana
train_008546,Valid but hard,,0.2941176470588235,ولد سيادتم ولد سَياكم الحورى ىوسَف,ولد سادسم ولدسيان الحورس يوصف,../data/muharaf_prepared_resized/train/train_008546.png,2025-11-28T10:46:03,Sana
train_008621,Valid but hard,,0.2934782608695652,٥ قواص وقتل حصان الياس غصن فى اراضي قرية عندقة كان مستأجره وراكبه شفيق اوصا شمس الدين من حمص,قواق وتصقل حان الاس خض فى الرضي قرية عندتة كان مستأجه ورا لره شقيق اصا شمله دين من مص ل,../data/muharaf_prepared_resized/train/train_008621.png,2025-11-28T10:46:05,Sana
train_016301,Valid but hard,,0.2932330827067669,وبلزوم الفريقين قسَمة القطعتين المرقومتين تكراراً وفق للمادة ال١٢من نظامنامه جبل لبنان حكماً وجاهياً غير قابل الاستئناف تبلغ للفريقين,وبالتروم القين قسَة القطبين المروتين تكاراً وقا لتلمادة ال١ من فظا مام جبل بيان حكماً وجاها فير فيل الاستات ل وفين,../data/muharaf_prepared_resized/train/train_016301.png,2025-11-28T10:46:09,Sana
train_005679,Valid but hard,,0.293103448275862,"من ذلك الحين وابتداء يلقبونه ""بكاتم الاسرار"" وفى سنة ما اراد الريس ان يعملني راعيا على التلاميذ فاخذوا يقولو "" ياخيّ",فن ك لين واتا يوق والكم المراء، وفى سَ ما اراد الريس ان يعملن راعيا على التلادي فخذاي قلو اخيّ,../data/muharaf_prepared_resized/train/train_005679.png,2025-11-28T10:46:14,Sana
train_016226,Valid but hard,,0.2929936305732484,ووجب عليه رسَوم المحاكمة حكماً وجاهياً قابلاً للتمييز غير قابل الاسَتئناف تبلغ الطرفين بتاريخ ١٤ ربيع اول / ٣٠٥ وفى ١٧ ت٢/ ٣٠٣ ولاجله تحرر هذا الاعلام نسختين,وجبت عليه سوم المحاكمة كماً وجهاًقبلاً التميزغير قايل الاسَتناف تبلغ للطرقين بتاريخ ١ اربيع اول س٣٥ فى١ ٣٠ والح حر ا الا ح,../data/muharaf_prepared_resized/train/train_016226.png,2025-11-28T10:46:16,Sana
train_006858,Valid but hard,,0.2929292929292929,لو صار تراب الارض فرسَان ونصال                                        شو هم طير الباز من كتر الحجال,لوصار تراب الالض ض سا ت                                          ر ني را الجال,../data/muharaf_prepared_resized/train/train_006858.png,2025-11-28T10:46:19,Sana
train_010567,Valid but hard,,0.2926829268292683,البروجكتور projecteur المختص بآلة التصوير وقد وصلت الى بعبدا من نهار الجمعه الفائت,البر جكتر necere المخص بآلة التصوري وقد وله الى عيا من نهر الري الاقت,../data/muharaf_prepared_resized/train/train_010567.png,2025-11-28T10:46:27,Sana
train_004097,Valid but hard,,0.2926829268292683,أأبسم والبأساء في كل موضعٍ                             وحق اليتامى ملك باعٍ مذبذبِ,أبسم والسشاء يكل موضع                                   ا الا ال ا ذبِ,../data/muharaf_prepared_resized/train/train_004097.png,2025-11-28T10:46:31,Sana
train_009478,Valid but hard,,0.2926829268292683,الغربية -         ⸗       الاربعين شهيداً,الغ             الاربعين شهيدًا,../data/muharaf_prepared_resized/train/train_009478.png,2025-11-28T10:46:32,Sana
train_015237,Valid but hard,,0.2926829268292683,وصول الوابور الى يافا فطلعنا هناك الى ...,ل الوابوز الى ياقا فطلعنا هناك الى البوسط. ..,../data/muharaf_prepared_resized/train/train_015237.png,2025-11-28T10:46:33,Sana
train_006791,Valid but hard,,0.2923076923076923,ان قلتلها تايه بولد شر                           وجايز ع غفلي تجن,ان قلها تايه بولد شر                                         يجيجا جن,../data/muharaf_prepared_resized/train/train_006791.png,2025-11-28T10:46:35,Sana
train_009903,Valid but hard,,0.2921348314606741,وثمن المواد وكل لوازم العمل تقدم لرئيس اللجنة بحضور او معظمها للمصادقة عليها وتحويلها الى,وثمن الموادً وكل لوازم العمل تقدم لرئيس اللجنة للو ا مه لها وحويه و اى,../data/muharaf_prepared_resized/train/train_009903.png,2025-11-28T10:46:36,Sana
train_015670,Valid but hard,,0.2921348314606741,في اول مارت من كل سنه تتألف لجنه من رئيس محكمة الجزاء ومن المدعى العام لدى محكمة البدائية,اي ا را من مل سنة تال حنه من رئيس محكمة الجزاء ومن المعى علدى ممكم م الية,../data/muharaf_prepared_resized/train/train_015670.png,2025-11-28T10:46:37,Sana
train_015945,Valid but hard,,0.291970802919708,للبايعة وملكها ومتصل اليها بالارث عن شقيقها جبرايل المتوفي من مدة اربعة عشر سنة تقريباُ والمبيع هو خمسَة قراريط شايعة من اصل اربعة وعشرون,ب ة له وكلا الها ارات عشن شيا جريل المتوفي من مدة اربعة عشر سنة تقريباً والمبيع و حمسَة قراي شاة من ا ال واشو,../data/muharaf_prepared_resized/train/train_015945.png,2025-11-28T10:46:39,Sana
train_007027,Valid but hard,,0.2916666666666667,ونقعد على ركاب النجم نحكي                         والعتم صندوقة سَرايرنا,ونقعد لى كاب النجم نحكي                                    و الو اسَم يَيرنا,../data/muharaf_prepared_resized/train/train_007027.png,2025-11-28T10:46:43,Sana
train_019072,Valid but hard,,0.2916666666666667,عن صيدا فى ١٥ ايار /١٩٣٣,عن صيدا ٤ ايار ١٩٣١,../data/muharaf_prepared_resized/train/train_019072.png,2025-11-28T10:46:48,Sana
train_007055,Valid but hard,,0.2916666666666667,ولو راد مرا الهجر يطعنا                                               ومسَلت فكار وبينحسَب مجنوح,ولورادور الهرا                                                  ك كم م منوح,../data/muharaf_prepared_resized/train/train_007055.png,2025-11-28T10:46:51,Sana
train_009160,Valid but hard,,0.2916666666666667,وذلك بتاريخ ١٤ / ٧/ ٩٦٤.,وذلك تاريخ ١٤ /٧/,../data/muharaf_prepared_resized/train/train_009160.png,2025-11-28T10:46:55,Sana
train_016322,Valid but hard,,0.2913907284768212,يوم ٦ مع اجرة المركوب ثمان ليرات انكليزية الجمله وثمانية وثمانين اجرة عن جلسَتين فى ١٦ ت٢ و١٨ منه ٣٠٣ ٤٠ عن كل يوم عشرين قرشاً فيكون جملة المطلوب اربعة,ويم مى اجرة المكويب من برات اكلبية الجله وثمانية ثماني اجرة عن جلسَي فى ١ ت و١ من ٣٠ ٣ وكلي يوم عي شاً كون جيلة الطور بالرابعة,../data/muharaf_prepared_resized/train/train_016322.png,2025-11-28T10:46:59,Sana
train_016027,Valid but hard,,0.2913907284768212,ومخايل فقط بثلاثة ريالات مجيدى اجرة الوكيل المسَخر وذلك سَنداً على المادتين الـ١٣٤ والـ١٤٦ من قانون المحاكمات الحقوقية حكماً وجاهياً بحق دومينا الحاضرة,ومايل ال بثاة باية جد اجر الكيل المسَخر وذلك سَنداً على المادين الـ١٤١ والـ١ من تقون المحكات القوقية وحاً وحاً وحيا و الحرة,../data/muharaf_prepared_resized/train/train_016027.png,2025-11-28T10:47:01,Sana
train_017965,Valid but hard,,0.2912621359223301,لكم من الصحة والعافية. أنا بحمده تعالى ورضاكم مع ابنة عمي ولدكم أدما وولدي جوزف بالصحة التامة التي نرغب,لكم كم الصاعة والاية بانا بحدة تعلى ورضاكم مع انية عي ولكم ادما ولي جزن الاصحة الاية الني ي,../data/muharaf_prepared_resized/train/train_017965.png,2025-11-28T10:47:02,Sana
train_016288,Valid but hard,,0.2911392405063291,المذكور للمدعى بموجب السَند المحرر وان يوضع شهادته فيه وتاجل استماع بقية الشهود الى يوم الاربعا فى ١٨ تشرين سنة ٣٠٣ وفيه حضر وكيل المدعى والوكيل المسَخر واحضر,المذكور العى بجوب السند المحر وان بضع شهادته فيه رتاجل اسَتع بقية الشهود الى يوم الاربعا ى تريشس ٣٠ وض ري ع العيى المي المَم اخر,../data/muharaf_prepared_resized/train/train_016288.png,2025-11-28T10:47:03,Sana
train_006771,Valid but hard,,0.2911392405063291,دبحت القمر والشمس عا ركاب الغيوم                    وشلحتهم عالارض زعزعت التخوم,وبحت الفمر والشمس عا ركاب النيوم               تت الا الا الا لخوم,../data/muharaf_prepared_resized/train/train_006771.png,2025-11-28T10:47:05,Sana
train_014922,Valid but hard,,0.2909090909090909,مطلع جناب الأخ الاجل الافخم الخواجا يوسف اوساني المحترم,ا  الا اليدالفخم الخواجا يوسف اوسافي المحترم,../data/muharaf_prepared_resized/train/train_014922.png,2025-11-28T10:47:09,Sana
train_007698,Valid but hard,,0.2909090909090909,لو انو الناس بالكلمه بتقنع     بدل هالمدفع اللي مسلطينو,لوانو الناس باكمل بتقع     بده لافقع ال ومطينو,../data/muharaf_prepared_resized/train/train_007698.png,2025-11-28T10:47:11,Sana
train_006657,Valid but hard,,0.2906976744186046,ودمعك بيجري يا ترا بتكفكفيه                              تاشوف سَن الدهر يا وجه الصبوح,ودمعك بيجريد ياثرا بتكفيه                                      شا شَا اله ا لوح,../data/muharaf_prepared_resized/train/train_006657.png,2025-11-28T10:47:18,Sana
train_009847,Valid but hard,,0.2903225806451613,//٤٠٠٠٠٠٠.٠٠// فقط أربعة ملايين ليرة لبنانية و٣٦٧٥.٠٠ $، ثلاثة,٠/ فقط أربعة ملايين ليرة لبنانية و٣٠ $ ثلاثة,../data/muharaf_prepared_resized/train/train_009847.png,2025-11-28T10:47:19,Sana
train_018956,Valid but hard,,0.2903225806451613,بيروت السبت في ١٧ ايار سنة ١٩٣٠,بيروت الستجبك في ١٧ بارسنة ١,../data/muharaf_prepared_resized/train/train_018956.png,2025-11-28T10:47:22,Sana
train_006337,Valid but hard,,0.2903225806451613,وسائل العيش وادنى وسائل الدفاع.,وساثل الله وادتي وسائل الرقاع,../data/muharaf_prepared_resized/train/train_006337.png,2025-11-28T10:47:26,Sana
train_019472,Valid but hard,,0.2903225806451613,كسّر نبيُّ العرب الأصنام وقوَّض,كشَرنيُّ العرب الأحتام وقوصى,../data/muharaf_prepared_resized/train/train_019472.png,2025-11-28T10:47:48,Sana
train_007358,Valid but hard,,0.2903225806451613,وكلما ذوبت شعري عالورق                                              اسَمك بيطلع من شفاف القلم,وكلما و شعر                                              س َ َ القلم,../data/muharaf_prepared_resized/train/train_007358.png,2025-11-28T10:47:50,Sana
train_006822,Valid but hard,,0.29,قلبي خسَرتو وانقطع منو الامل                                           حسَني بوجه الحب تا اخبر خاطري,قبيس خرو اقطعل مو ا ا                                            سَح جا با خاري,../data/muharaf_prepared_resized/train/train_006822.png,2025-11-28T10:47:51,Sana
train_016360,Valid but hard,,0.2899408284023668,بتاريخ ١٨ اغوسَتوس ٣٠٣ احيل لهذه المحكمة استدعا مقدم من الخورى جرجس افرنجيه العثمانى من اهدن حاصله انه تبلغ قراراً من هذه المحكمة معلقاً على استدعا متقدم من الخورى منصور,بتاريخن وسن س٣٠ ل الهذه المحكمة استدا امقد من الخرى جرسَ اريه الثانا من اهدن حال ان تبلغ قراً من هذه الحمة معاً على الستد عمدم المى المضور مخور,../data/muharaf_prepared_resized/train/train_016360.png,2025-11-28T10:47:54,Sana
train_012358,Valid but hard,,0.2894736842105263,١٩٣٢ اشتغلت في الطباعة واصبحت عضواً في,١٩٢ اشتنغالتني الطباعة واصبح عدر حراً في,../data/muharaf_prepared_resized/train/train_012358.png,2025-11-28T10:47:56,Sana
train_005959,Valid but hard,,0.2894736842105263,فلسَطين عن مدينة جنين في ٢٢ شباط / ٩٣٤,طين عن موتنه جنين في ٢ شبا س ٩٣١,../data/muharaf_prepared_resized/train/train_005959.png,2025-11-28T10:48:00,Sana
train_007286,Valid but hard,,0.2894736842105263,العاشق وصل وحدو على حد الجنون                      تعبان من حالو ولو صبح اثر,العاشق وصل وحدو على حد الجنون                                     عن ن لا وا حار,../data/muharaf_prepared_resized/train/train_007286.png,2025-11-28T10:48:01,Sana
train_012365,Valid but hard,,0.2894736842105263,الله خلال هذا العام ٢٠٠٢ وصدور  الخامس,الله خاصل هذا العتام ٢٠ وصدور المحتاس.,../data/muharaf_prepared_resized/train/train_012365.png,2025-11-28T10:48:08,Sana
train_011900,Valid but hard,,0.2894736842105263,إنّ سَوءَ الحظِ وتعاسَته قد حرماني لذّة َمشاهدتكم فما كانَ أَشدَّ اسفي لانني,ّ سَوا الحر ولاسَه قد حراني لذنًّ مشاهدتكم فما كانَ سَ اسَلي اني,../data/muharaf_prepared_resized/train/train_011900.png,2025-11-28T10:48:10,Sana
train_014961,Valid but hard,,0.2894736842105263,السفر راسًا الى الاسكندرون  وان يحوّلأ ٤٠ ... لنا ورد تحرير من كتابك الثماني ... وفيه يقول ان نبلغ ٤٠ ... حضرة تحت,بالبعر راسً لى الاسكندرون وان ح . لنا. ورد تحرير من البابك الثماني ماكم وله يقوال ان مبلغ .٠ حضرة تحت,../data/muharaf_prepared_resized/train/train_014961.png,2025-11-28T10:48:11,Sana
train_015566,Valid but hard,,0.2894736842105263,عدد ١٢٥ لدى التروى في ضبطنا من المحاكمة وسائر اوراق الدعوى المتفرعة لم يقم دلائل ولا امارات كافيه على ان يوسف فارس,عد ١٢ لدى الى فى بطنا من المحاكمة وسائر اوراق المدعوى المتفرعة لم يم وال لا ا عان الن ى  س,../data/muharaf_prepared_resized/train/train_015566.png,2025-11-28T10:48:12,Sana
train_016359,Valid but hard,,0.2894736842105263,فرنجيه من اهدن وغب حلفه اليمين شهد ان القطعه المرقومة وحددها هي بيد الخورى جرجسَ فرنجيه من ثمان سَنوات وشاهداً هو مخايل الخورى حنا العم من اهدن وغب حلفه,من نجه من اهدن وغب صلفه الين شهد ان القطعة المرقومة وحدها هى بيد الخورى جرجسَ فرجه من سواً وشهاً ما الخى الخى الم ان ااد له,../data/muharaf_prepared_resized/train/train_016359.png,2025-11-28T10:49:58,Sana
train_006744,Valid but hard,,0.2891566265060241,قضيت العمر طايف على السَهل الوسَيع                      وتزرد على عنقي الامور وحلها,قضيت العمر طايف على الَهل الوسَيع                                 تت عى علعل الو الصلها,../data/muharaf_prepared_resized/train/train_006744.png,2025-11-28T10:50:02,Sana
train_015197,Valid but hard,,0.2888888888888888,فوقف المركب هناك نحو ساعة ٢ استلم ... حمل ...,فوقف المركب هناك حو سعة استلم و..,../data/muharaf_prepared_resized/train/train_015197.png,2025-11-28T10:50:10,Sana
train_013665,Valid but hard,,0.2888888888888888,بجانبها هي طريق عربات عامة ومختصة بالبلدية اما القرار رقم ١٢ تاريخ ٦ ت١ الماضي الذي اتخذته,بجانها هي طراي عغربان عامة ومخسَعة بالدية ايا القرار قم ٢٣ تريخ ٩ ٩ الاي الي ا,../data/muharaf_prepared_resized/train/train_013665.png,2025-11-28T10:50:12,Sana
train_016257,Valid but hard,,0.2887323943661972,بتاريخ ١٨ تشرين اول ٣٠٣ احيل لهذه المحكمة اسَتدعا مقدم من مرون ولطيفه بنتى جرجسَ شديد من مزرعة بيت ابي صعب حاصله ان يوسَف طنوس طربيه من تنورين,بتاريخ ٨ ن  ن ٣ ليل هذه المحكمة اسَتدعا مقدم ن مرون ولطية بنى جسَ شديد من زعة بت ايى صلب حصله ن اوسة سَوسَ ط م روين,../data/muharaf_prepared_resized/train/train_016257.png,2025-11-28T10:50:13,Sana
train_007697,Valid but hard,,0.2884615384615384,وعناقيد الغضب تنزل وتفقع     بشيخ وطفل ما كملت سنيىو,وعنا قيد الضيب تنالر فق      بشخ وطل ما مت ينو,../data/muharaf_prepared_resized/train/train_007697.png,2025-11-28T10:50:14,Sana
train_000804,Valid but hard,,0.288135593220339,ويثيرون الفتن، تحقيقاً لمآربهم الخاصة، ولمآرب دولهم العامه،,وبرون الفن، تحقيا لماربه الخصاة والمور والم العامه،,../data/muharaf_prepared_resized/train/train_000804.png,2025-11-28T10:50:19,Sana
train_020520,Valid but hard,,0.288135593220339,والذي فيها لا تقبل أولاد أولاد حقار أولاد الشيخ محمد فوجدنا,والذي فيها لا تقبل اولاد صفا وا ولا الشيح محد قلون,../data/muharaf_prepared_resized/train/train_020520.png,2025-11-28T10:50:20,Sana
train_001144,Valid but hard,,0.2878787878787879,فيستميلهم اليه، ويقنعهم بوجوب التقيد للقانون، وبما في ذلك من الخير,سيلهم الي، ويقهم بجوب النفيد الفانو، ويمان فذك من اخير,../data/muharaf_prepared_resized/train/train_001144.png,2025-11-28T10:50:22,Sana
train_010443,Valid but hard,,0.2878787878787879,"طلع لي ورقة يانصيب بالف او بخمسين الف ليرة فانك تقولين ايضا ""شرحه""",طلع علي رقة بانيب بلغ اد نجمين الفغايره فاك تقولن ايضاً اشرحة,../data/muharaf_prepared_resized/train/train_010443.png,2025-11-28T10:50:51,Sana
train_011726,Valid but hard,,0.2878787878787879,سَداد مطلوبه عرفونا ماذا تم بذلك محمد علي قبيل بلغنا من علي سَعفان,سَدار ومطلوبه عرفنت ماذا ثم بذلك حم يك قبل بنا زعلي سَعوني,../data/muharaf_prepared_resized/train/train_011726.png,2025-11-28T10:50:52,Sana
train_004100,Valid but hard,,0.2878787878787879,أأبسم والتاريخ في شفق العلى           يسيل دماً كالشلو نيط بمخلب ؟,أبسم والتاريخ في شفق العلى            ييا ال  خب؟,../data/muharaf_prepared_resized/train/train_004100.png,2025-11-28T10:50:54,Sana
train_016293,Valid but hard,,0.2878787878787879,ال١٥٧ وال١٥٨ من قانون المحاكمات الحقوقية وشرع بروية مادة الاعتراض وجاهياً تلى كاتب الضبط ابرهيم افندى العلم اورق الدعوى فتبين من قبل,٥ ٥ وال من انان والمحاتات الحوقية وشع برية مادة الاعراض وجاجياً تلى كاتب الط اريم عن الم الدوق الدو من من ال,../data/muharaf_prepared_resized/train/train_016293.png,2025-11-28T10:50:55,Sana
train_016244,Valid but hard,,0.2875816993464052,كل من المدعين موكلى الشيخ مخايل نصيبه منها بحسَب الفريضة الشرعية على الوجه الاتى لجرجس شيت الخورى قيرطان وعشر حبات ولحبيب وحنا وبشاره اولاد الخورى يوسَف+,كمن المامن المدعيى عكن الشخي خايل نصيه ها بسَب الفريضة الشرعية على الوجه الانى لرجَ شبت الخورى فران عربا ولي وبا بشه والاور الخورى يوسف,../data/muharaf_prepared_resized/train/train_016244.png,2025-11-28T10:50:56,Sana
train_014166,Valid but hard,,0.2875,مقدار ماية وثمانون غرشا  لبنانياً ولما كان يوجد من يملكون في بلدتنا مقدار ثمانية,يقدار ماية وثمانون رن لبنابة ولما كان يوخدف عليكو في بلدتا معد ارنانية,../data/muharaf_prepared_resized/train/train_014166.png,2025-11-28T10:50:57,Sana
train_007244,Valid but hard,,0.2872340425531915,يلمنا لولا تفشلقنا                                                      وبالنور والرهجي مطوقنا,بي                                                                 ولو الور ول طقنا,../data/muharaf_prepared_resized/train/train_007244.png,2025-11-28T10:50:58,Sana
train_005706,Valid but hard,,0.2871287128712871,كنايس فى رومية يوم جمعة الحزينة اعترض غير قدر المشي معلناً ان تلك الزيارات ليست ضرورية وتركنا فى الصف,كاي رسى مروة وميم اعة الحزية اعر ض غير قر المشى علنا ان لك الزرات ليرت ضوية وكا فن الصف,../data/muharaf_prepared_resized/train/train_005706.png,2025-11-28T10:50:59,Sana
train_005692,Valid but hard,,0.2868852459016393,حافضاً قوانيني رافقا في دروسي مطيعاً له وكلفني بان احرر له كتاباته الرسمية للبطرك والمطارين حباً باللياقه نظراً لبشاعة خطه,حضاً قاً انين اراقاً فى ويس طيعاً له كلفني بان اجر له كتابية الرسمية بلطرك والمطارين جباً باللريف ظا لشاعه خظيه,../data/muharaf_prepared_resized/train/train_005692.png,2025-11-28T10:51:00,Sana
train_012893,Valid but hard,,0.2857142857142857,كميل نصر عفيف ريمون فرحات اديب وهبه,كيل نصر عفيف اب ريحوما فرحت امعيب وهبه,../data/muharaf_prepared_resized/train/train_012893.png,2025-11-28T10:51:01,Sana
train_018433,Script mismatch (non-Arabic),,0.2857142857142857,Conkrey,Cokry,../data/muharaf_prepared_resized/train/train_018433.png,2025-11-28T10:51:05,Sana
train_013512,Valid but hard,,0.2857142857142857,وزير الداخلية عدد ٣٣٩ وبخصوص الاسَتيفأ عن المواد الملتهبة التي يتشبث بتحصيلها,وزرير الالخة عد١٩٣ وبخصول الاستيقاأ عن المذار الملتهي التي شبت تصيها,../data/muharaf_prepared_resized/train/train_013512.png,2025-11-28T10:51:18,Sana
train_010376,Valid but hard,,0.2857142857142857,ايام ..,ايام:.,../data/muharaf_prepared_resized/train/train_010376.png,2025-11-28T10:51:22,Sana
train_016334,Valid but hard,,0.2857142857142857,طرابلوس,طربوس,../data/muharaf_prepared_resized/train/train_016334.png,2025-11-28T10:51:24,Sana
train_020187,Valid but hard,,0.2857142857142857,ت٢ ١٩٢٥,٢ ٩٢٥,../data/muharaf_prepared_resized/train/train_020187.png,2025-11-28T10:51:27,Sana
train_001470,Script mismatch (non-Arabic),,0.2857142857142857,O ffice,Ofice,../data/muharaf_prepared_resized/train/train_001470.png,2025-11-28T10:51:30,Sana
train_001844,Valid but hard,,0.2857142857142857,يُقرأ. وهذا هو,يُراً.وهذا هو,../data/muharaf_prepared_resized/train/train_001844.png,2025-11-28T10:51:34,Sana
train_013489,Segmentation error,,0.2857142857142857,عدد ١٣١,عدد ١,../data/muharaf_prepared_resized/train/train_013489.png,2025-11-28T10:51:38,Sana
train_004758,Valid but hard,,0.2857142857142857,الفغالي,الغغالى,../data/muharaf_prepared_resized/train/train_004758.png,2025-11-28T10:51:42,Sana
train_011870,Script mismatch (non-Arabic),,0.2857142857142857,MG1-367,MG-37,../data/muharaf_prepared_resized/train/train_011870.png,2025-11-28T10:51:45,Sana
train_003206,Valid but hard,,0.2857142857142857,مبتسمًا,(مبتسمًا),../data/muharaf_prepared_resized/train/train_003206.png,2025-11-28T10:51:47,Sana
train_016537,Valid but hard,,0.2857142857142857,مامور فريد كرم,ماصور وبد كرم,../data/muharaf_prepared_resized/train/train_016537.png,2025-11-28T10:51:52,Sana
train_012107,Script mismatch (non-Arabic),,0.2857142857142857,MG26-43  10/12,MG26-43/12,../data/muharaf_prepared_resized/train/train_012107.png,2025-11-28T10:51:54,Sana
train_012116,Script mismatch (non-Arabic),,0.2857142857142857,MG26-43  11/12,MG26-43/12,../data/muharaf_prepared_resized/train/train_012116.png,2025-11-28T10:51:55,Sana
train_005774,Valid but hard,,0.2857142857142857,الداعين,الراعن,../data/muharaf_prepared_resized/train/train_005774.png,2025-11-28T10:51:58,Sana
train_005776,Valid but hard,,0.2857142857142857,ومدامته,ومرمته,../data/muharaf_prepared_resized/train/train_005776.png,2025-11-28T10:52:00,Sana
train_012041,Script mismatch (non-Arabic),,0.2857142857142857,MG26-43   7/12,MG26-43/12,../data/muharaf_prepared_resized/train/train_012041.png,2025-11-28T10:52:02,Sana
train_012415,Valid but hard,,0.2857142857142857,"عام اسست فرقة زجلية "" فرقة الزغلول""","مام أست جوه فرقة زجلية ""فرقة الزغول",../data/muharaf_prepared_resized/train/train_012415.png,2025-11-28T10:52:05,Sana
train_019775,Valid but hard,,0.2857142857142857,الستمائة جنيهاً مصرياً كما ثبت لي ذلك من دفاتري .,التمائية جنها مصرية كا ثبت لي الك منا ان بتري.,../data/muharaf_prepared_resized/train/train_019775.png,2025-11-28T10:52:06,Sana
train_013643,Valid but hard,,0.2857142857142857,حضرة محافظ جبل الأفخم,حضرة محافظ جبل لبنان الأفخم,../data/muharaf_prepared_resized/train/train_013643.png,2025-11-28T10:52:09,Sana
train_019049,Valid but hard,,0.2857142857142857,صيدا ٩٣٣/١١/٢٣,صيدا ٩٣/١٣,../data/muharaf_prepared_resized/train/train_019049.png,2025-11-28T10:52:12,Sana
train_012400,Valid but hard,,0.2857142857142857,١٩٩٩ تاريخ استلم من وزارة التربية في قصر اليونسكو,٩٩ تاريخ ستكم عن وزلة اللقرية في قشر العرسكو,../data/muharaf_prepared_resized/train/train_012400.png,2025-11-28T10:52:25,Sana
train_012574,Script mismatch (non-Arabic),,0.2857142857142857,MK2A-82,MK2A-5,../data/muharaf_prepared_resized/train/train_012574.png,2025-11-28T10:52:29,Sana
train_004141,Valid but hard,,0.2857142857142857,أُحسُّ في جسدي شوقاً يعذّبني,أجسّ في جسدي شوعاً بقدّني,../data/muharaf_prepared_resized/train/train_004141.png,2025-11-28T10:52:31,Sana
train_001001,Valid but hard,,0.2857142857142857,والتجسس,التجس,../data/muharaf_prepared_resized/train/train_001001.png,2025-11-28T10:52:35,Sana
train_006723,Valid but hard,,0.2857142857142857,بدروة سَياج الدير ببقى ناطرك                         وكيف مارحت بعيوني برافقك,بدروة سَياج الدير بيق ناطرك                                  ووك ب بر ر رياتك,../data/muharaf_prepared_resized/train/train_006723.png,2025-11-28T10:52:37,Sana
train_021084,Valid but hard,,0.2857142857142857,عنكم...,عنهم..,../data/muharaf_prepared_resized/train/train_021084.png,2025-11-28T10:52:39,Sana
train_009760,Valid but hard,,0.2857142857142857,القبيات في ١٩ /١٢/ ٦٨,القبيان في ١٦/١/٨,../data/muharaf_prepared_resized/train/train_009760.png,2025-11-28T10:52:43,Sana
train_011343,Script mismatch (non-Arabic),,0.2857142857142857,ME-21 5,ME-211,../data/muharaf_prepared_resized/train/train_011343.png,2025-11-28T10:52:46,Sana
train_012480,Valid but hard,,0.2857142857142857,القلعه:,القلاه :,../data/muharaf_prepared_resized/train/train_012480.png,2025-11-28T10:52:48,Sana
train_018975,Valid but hard,,0.2857142857142857,لمنشئها,لمنتها,../data/muharaf_prepared_resized/train/train_018975.png,2025-11-28T10:53:21,Sana
train_012593,Script mismatch (non-Arabic),,0.2857142857142857,MK2A-83,MK2A-7,../data/muharaf_prepared_resized/train/train_012593.png,2025-11-28T10:53:23,Sana
train_019163,Irrelevant / signature,,0.2857142857142857,اخوانكم,اخداتكم,../data/muharaf_prepared_resized/train/train_019163.png,2025-11-28T10:53:27,Sana
train_004740,Valid but hard,,0.2857142857142857,الفغالى,العلالى,../data/muharaf_prepared_resized/train/train_004740.png,2025-11-28T10:53:36,Sana
train_015052,Valid but hard,,0.2857142857142857,جبانة و.. ورده من الاستانة رسم ولاي البصرة,طان وتعك ورده من الاستانه ريم ولاية الر,../data/muharaf_prepared_resized/train/train_015052.png,2025-11-28T10:53:42,Sana
train_009094,Valid but hard,,0.2857142857142857,الدرىىى,الدريىس,../data/muharaf_prepared_resized/train/train_009094.png,2025-11-28T10:53:49,Sana
train_015038,Valid but hard,,0.2857142857142857,أبو علي حتى وصلنا أبو علي الساعة ٥ من النهار وكان نهارًأ صحيحًا صافيًا,وال حتى وصلنا ابوكل الساعة من النهار وكان هراً حيحا حايً,../data/muharaf_prepared_resized/train/train_015038.png,2025-11-28T10:53:51,Sana
train_003184,Valid but hard,,0.2857142857142857,الفريكة,الفرين,../data/muharaf_prepared_resized/train/train_003184.png,2025-11-28T10:53:54,Sana
train_020817,Valid but hard,,0.2857142857142857,وانت أيها الأخ الحبيب ويا أيها الاب الحنون,وانت أيها لاخ بج وجا ايها الايالحسنون,../data/muharaf_prepared_resized/train/train_020817.png,2025-11-28T10:53:55,Sana
train_019036,Script mismatch (non-Arabic),,0.2857142857142857,YFS2A-1,YFS-1,../data/muharaf_prepared_resized/train/train_019036.png,2025-11-28T10:53:58,Sana
train_011383,Script mismatch (non-Arabic),,0.2857142857142857,ME-21 7,ME-211,../data/muharaf_prepared_resized/train/train_011383.png,2025-11-28T10:53:59,Sana
train_006745,Valid but hard,,0.2857142857142857,وكل مره انذبح متل القطيع                    وروحي تطير وتعود تغط محلها,وكل مره انذبج مثل القطيع                                وور ور او حلها,../data/muharaf_prepared_resized/train/train_006745.png,2025-11-28T10:54:04,Sana
train_014210,Valid but hard,,0.2857142857142857,بالشهود,الشهد,../data/muharaf_prepared_resized/train/train_014210.png,2025-11-28T10:54:06,Sana
train_019518,Valid but hard,,0.2857142857142857,لامانيّكم وزغردوا لمطالع نبوغكم ...,لامايتكم وزغزواء لمطلح بنوغكم ..,../data/muharaf_prepared_resized/train/train_019518.png,2025-11-28T10:54:07,Sana
train_018999,Script mismatch (non-Arabic),,0.2857142857142857,YFS2A-2,YFSA-7,../data/muharaf_prepared_resized/train/train_018999.png,2025-11-28T10:54:10,Sana
train_009288,Valid but hard,,0.2857142857142857,مىحاىل الدرىىى,محامىل الدرمى,../data/muharaf_prepared_resized/train/train_009288.png,2025-11-28T10:54:14,Sana
train_018529,Script mismatch (non-Arabic),,0.2857142857142857,TB1A-19,T1A-11,../data/muharaf_prepared_resized/train/train_018529.png,2025-11-28T10:54:17,Sana
train_019118,Script mismatch (non-Arabic),,0.2857142857142857,YFS5A-9,YFSA-2,../data/muharaf_prepared_resized/train/train_019118.png,2025-11-28T10:54:19,Sana
train_011312,Script mismatch (non-Arabic),,0.2857142857142857,ME-21 4,ME-212,../data/muharaf_prepared_resized/train/train_011312.png,2025-11-28T10:54:20,Sana
train_004979,Valid but hard,,0.2857142857142857,الاهدني,الهكدني,../data/muharaf_prepared_resized/train/train_004979.png,2025-11-28T10:54:23,Sana
train_015682,Valid but hard,,0.2857142857142857,(النايب العام),(النياس العوام),../data/muharaf_prepared_resized/train/train_015682.png,2025-11-28T10:54:26,Sana
train_019164,Valid but hard,,0.2857142857142857,مهاجرين,مراجريين,../data/muharaf_prepared_resized/train/train_019164.png,2025-11-28T10:54:29,Sana
train_010855,Valid but hard,,0.2857142857142857,راسَاً وبعد جمعتين من تاريخه هذا سَنرسَل لكم الدراهم على قدر مطلوبكم ام زيادة,راً وبد عين من تاريه هذه نرسل ليكم الداهم على قر مطلوكم ميا باة,../data/muharaf_prepared_resized/train/train_010855.png,2025-11-28T10:54:31,Sana
train_012267,Script mismatch (non-Arabic),,0.2857142857142857,MK2A-76,MK2A-1,../data/muharaf_prepared_resized/train/train_012267.png,2025-11-28T10:54:33,Sana
train_004995,Valid but hard,,0.2857142857142857,لاولادك,لا وادك,../data/muharaf_prepared_resized/train/train_004995.png,2025-11-28T10:54:36,Sana
train_012353,Valid but hard,,0.2857142857142857,من مواليد ١٩١٢,حن موالير ١٩,../data/muharaf_prepared_resized/train/train_012353.png,2025-11-28T10:54:43,Sana
train_009337,Valid but hard,,0.2857142857142857,"١"" سليم الضاهر",سلم الضاهر,../data/muharaf_prepared_resized/train/train_009337.png,2025-11-28T10:54:49,Sana
train_007608,Valid but hard,,0.2857142857142857,وقيس الجن قبلي بحب ليلى   جنونو ما بيفرق عن جنوني,وقي لجن قبلي يجب بلل    جطنو ما يقر عن جنور,../data/muharaf_prepared_resized/train/train_007608.png,2025-11-28T10:54:50,Sana
train_016452,Valid but hard,,0.2857142857142857,مقدار مساحتها حـه ١٢ قيراط ١,مقدار صساحتها حـ غيرا١,../data/muharaf_prepared_resized/train/train_016452.png,2025-11-28T10:54:52,Sana
train_011891,Script mismatch (non-Arabic),,0.2857142857142857,MG1-374,MG1-33,../data/muharaf_prepared_resized/train/train_011891.png,2025-11-28T10:54:55,Sana
train_019574,Valid but hard,,0.2857142857142857,بحريته واستقلاله، حامي ممر اللاجئين,بجرية واستقلاله  خابي حم اللاجي,../data/muharaf_prepared_resized/train/train_019574.png,2025-11-28T10:54:57,Sana
train_019577,Valid but hard,,0.2857142857142857,الابيض المتوسط,الاميض الموسطيه,../data/muharaf_prepared_resized/train/train_019577.png,2025-11-28T10:54:59,Sana
train_016225,Valid but hard,,0.2838709677419355,المجلة حكم باتفاق الاراء بالضرر دفع كامل المبلغ المحرر للمدعيين مع الفايدة القانونية البسَيطه من حين الاستحقاق فصاعداً عملاً بتعهده المربوط بالسَند المذكور,المجحكمة كاة اة الا الر ارم مل المليغ المرمال لمعدعين من الفايدةالقانونية البسَطه من حين الاسَحقاق قصعدعً علاً بمه البرب بالسَ المذكور,../data/muharaf_prepared_resized/train/train_016225.png,2025-11-28T10:55:01,Sana
train_014171,Valid but hard,,0.2837837837837837,الرصيد تجدونه طيه لذلك جئنا نطلب دفع الرصيد الباقي مع ناقله والسَلام عليكم,وصيد جدوه طيه مذلك يشًا نطلب دفع الرضيد البياي اقم والسَام لكم,../data/muharaf_prepared_resized/train/train_014171.png,2025-11-28T10:55:02,Sana
train_016285,Valid but hard,,0.2835820895522388,وانطانيوسَ الخوري جرجسَ واسَطفان الخورى معوض ومخايل يوسَف يمين سَئل الوكيل المسَخر عن ذلك فاجاب ناكراً ولدى المذاكره تقرر بالاتفاق طلب,واناون الخورى جرسَ وسَطان الخورى معوض ومخالي يوسَف يمين نئل الوكيل المسَر من لك ا كراً وملى الم ارا را طا طل,../data/muharaf_prepared_resized/train/train_016285.png,2025-11-28T10:55:02,Sana
train_015265,Valid but hard,,0.2830188679245283,نظرنا الجبال القريبة الى مرسيليا مع قطع ... منها بوسط,طرنا الجبال القرين الى وسيليا مع قطع صار نا .,../data/muharaf_prepared_resized/train/train_015265.png,2025-11-28T10:55:03,Sana
train_010009,Valid but hard,,0.2830188679245283,وكام رطل سكر ام ذبيحه ماعز سعر ١٣٥ ورطل قهوى ام رطلين,وكام وطل كرام ذليه ما غر ع٢ وطل قوى ام رلين,../data/muharaf_prepared_resized/train/train_010009.png,2025-11-28T10:55:05,Sana
train_009375,Valid but hard,,0.2828282828282828,المتفرقة ويهتمون بمصالحنا العموميَّه وينهضون بنا حتى اذا سرنا ولو خطوة واحدة في طربق النجاح والوفاق,المتفرة مومن وحصالنا العومية وينه ضون بنا حتى اذا سرنا ول طر وادة فريس الجاف والواف,../data/muharaf_prepared_resized/train/train_009375.png,2025-11-28T10:55:05,Sana
train_005928,Valid but hard,,0.2828282828282828,ازف الوقت والساعة المعينين واحتشد الجمع في الكنيسَة التي غصت به على وجها احتفلت بجناز صارخ بكل خشوع,ر الوق والسعة المين وحه الجمع في الكنية التي صت به على وها اتل بيناد دل ل شوع,../data/muharaf_prepared_resized/train/train_005928.png,2025-11-28T10:58:56,Sana
train_008703,Valid but hard,,0.2826086956521739,افندي يحول التحرير الى البك وان ولدكم وصلته الى جانبه وكمشة التحرير من قبل ان يخلصهُ بل كان.,افن ي اليل الريى الباك وان الكم وصلة الى جانبه وكثشة التحرير من لا ان بجبل كان.,../data/muharaf_prepared_resized/train/train_008703.png,2025-11-28T10:58:57,Sana
train_021531,Script mismatch (non-Arabic),,0.2826086956521739,Turenne للصف الاعلى الفرنسوي وهو من الفرنسويين,To لصف اعلى الفرنسوي وهو من الرزنوين,../data/muharaf_prepared_resized/train/train_021531.png,2025-11-28T10:59:56,Sana
train_002823,Valid but hard,,0.2826086956521739,الوكة مخلص لحضرة الخطيب امين افندي دامت نوافله,الكة تحل لحضرة الخطي اين اخذي وات وواله,../data/muharaf_prepared_resized/train/train_002823.png,2025-11-28T11:00:13,Sana
train_015281,Valid but hard,,0.2826086956521739,كما والحمدلله ركب النهار لم يفعل بنا شيء ابدًا,وطني كما والجمدللد ذكي النهار لم يفعل بناشي ابداً,../data/muharaf_prepared_resized/train/train_015281.png,2025-11-28T11:00:14,Sana
train_006847,Valid but hard,,0.2823529411764706,بالسَيف في صدر العدا بنفتح طريق                            وبالدم بنسَطر قصايد عالحرم,بالسَيف في صدر العد ابفتح طريق                                    الا السا اسا اا الحرم,../data/muharaf_prepared_resized/train/train_006847.png,2025-11-28T11:00:15,Sana
train_016411,Valid but hard,,0.282051282051282,لجانب رياسة المحكمه الصلحيه لقضا الاساس,لجاب راة المحكمة العلية لفضها الاس,../data/muharaf_prepared_resized/train/train_016411.png,2025-11-28T11:00:19,Sana
train_015033,Valid but hard,,0.282051282051282,بها خان نقطة للعسكر الضبطية وكم بيت ...,بها خان نقطه للعسكر الضبطية وكم بيت ضارمع مدير,../data/muharaf_prepared_resized/train/train_015033.png,2025-11-28T11:00:20,Sana
train_007090,Valid but hard,,0.28125,الكوكب من ليل وجودك                               عا حسَنو انغار,اكتوكب من ليل وجودك                                            عَ انفاد,../data/muharaf_prepared_resized/train/train_007090.png,2025-11-28T11:00:22,Sana
train_008608,Valid but hard,,0.28125,١٥ وحماره الى ابراهيم شاهين هلال,ساع وصارة الى ابرهيم شهين هال,../data/muharaf_prepared_resized/train/train_008608.png,2025-11-28T11:00:24,Sana
train_007905,Valid but hard,,0.2808988764044944,"فهلاً ""استلحقنا"" بقاء امثال الشاعر القروي وبدوي الجبل وعمر ابو ريشة ونزار قباني وسعيد عقل","فهلاً ""ود وستحقاً باً اماَ الع الادوي الجيل وعمر ابوريشة ونزار قباني وسعيد يحقل",../data/muharaf_prepared_resized/train/train_007905.png,2025-11-28T11:00:26,Sana
train_003773,Valid but hard,,0.2807017543859649,حقاً انك تعدّيت مرحلة الشباب - شباب الجسد - ولكن .. ألستَ,حقاً انك تعديّت مرحلة الشباب. شاب السد الجبد. ولكن . أسَت,../data/muharaf_prepared_resized/train/train_003773.png,2025-11-28T11:00:27,Sana
train_015628,Valid but hard,,0.2803738317757009,قابلاً التمييز دون الاستناف ضمن المدة القانونية ألقى تفهيمه الشفاهى للجانبين فى العلانية على سمع وكيل معاون,قابلا المتيزن ون الستاف من المةاقنانوسية القى تفهيمه الشفاهى لجان فنى الاية على وعى عل ماو,../data/muharaf_prepared_resized/train/train_015628.png,2025-11-28T11:00:28,Sana
train_015990,Valid but hard,,0.2803738317757009,الباقى تكملة الاربعة وعشرين قيراطاً من شى ٤٨ حـ ٤ يحدها قبلة ملك خليل الخورى جرجسَ ابراهيم وشركاه شرقاً ملك,باتى كلة العرة وعشين قرا من نش ح م يحوها قبلة ملك خليل الخورى جرسَ اهم وشكا شراً لك,../data/muharaf_prepared_resized/train/train_015990.png,2025-11-28T11:00:30,Sana
train_005935,Valid but hard,,0.28,عزورڤيل في ١٣ أذار / ١٩٣٤,عن رقيل في ٣ اذار س ١٩٣,../data/muharaf_prepared_resized/train/train_005935.png,2025-11-28T11:01:16,Sana
train_019774,Valid but hard,,0.28,فاني اشتغلت من يناير ١٩١٢ الى يناير ١٩١٣ بما يناهز,فاني اشتغل من ياير ١٩٣ الى نيار ١٩٣٠ باين ضر,../data/muharaf_prepared_resized/train/train_019774.png,2025-11-28T11:01:19,Sana
train_015001,Valid but hard,,0.28,في الحادي الساعة ١١ ليلًا,المادي الساعة ١ ليلاً,../data/muharaf_prepared_resized/train/train_015001.png,2025-11-28T11:01:45,Sana
train_018938,Valid but hard,,0.28,اللطيف ودمتم لأخيكم ادمون,طيف ودقتم لأخيكم اوم,../data/muharaf_prepared_resized/train/train_018938.png,2025-11-28T11:01:47,Sana
train_018175,Valid but hard,,0.28,اقبل اياديكم طالباً رضاكم,ايادكم طالبا رضاكم,../data/muharaf_prepared_resized/train/train_018175.png,2025-11-28T11:01:49,Sana
train_005670,Valid but hard,,0.2796610169491525,مسأ كنت فى حيفا فاتى لملاقاتى العزيز قيصر والان موجود في هذه المدينة وعن قريب اتوجه الى الجبل هرباً من الحر الشديد هذا,مسان كفى فا فالى الملاق العزية قير والان موحود في هذه المدية وعن قريب اوه الى الجبر ب م الش الد,../data/muharaf_prepared_resized/train/train_005670.png,2025-11-28T11:01:51,Sana
train_006805,Valid but hard,,0.2795698924731182,قلة نجاح وجروح طامرها العمل                                  وفجعات اقسَى من الدياب على الحمل,قلة فجاج وروح طامرحا العمل                                       َ عَى عى لمل,../data/muharaf_prepared_resized/train/train_006805.png,2025-11-28T11:01:52,Sana
train_016341,Valid but hard,,0.2795031055900621,والشيخ اسَعد يوسَف كرم ومخايل الخورى حنا العم وسَليمان اغناطيوس فرنجيه ويوسَف اغناطيوسَ افرنجيه وبولسَ موسَى افرنجيه وسَمعان البدوى افرنجيه وبطرس رومانوسَ سَعاده,الشيخ اعيع وسَوفم ومخايل الخور ضا الم وسَليمان اغناطيوس رنجيه ويوسَف اغناطيوسَ فرنجه وبوس مسَ وارجه وسمن الدوى بجبره وبر و سَاعداده,../data/muharaf_prepared_resized/train/train_016341.png,2025-11-28T11:01:53,Sana
train_001047,Valid but hard,,0.2794117647058823,في هذا الانقلاب؟ قرأت مرة في جريدة  انكليزية رصينه مقالًا لكاتبها في,في هذا الاقاب؟ فرات مرة في جرية اكلية صين قلا الا في,../data/muharaf_prepared_resized/train/train_001047.png,2025-11-28T11:01:54,Sana
train_009317,Valid but hard,,0.2792792792792792,خلاف عن كل الاوقاف بهذه البلاد وفي المرة الماضية حضرة الدراهم للوقف باسم ولد سيادتكم يوسف سركيس سلوم نظراً لثقة,خان عن علن الاف بهذه الاد في المرة المافية حضرة الدراهم لوف باسم ول ساتك يفسر سيم ماً لراً فغة,../data/muharaf_prepared_resized/train/train_009317.png,2025-11-28T11:01:55,Sana
train_013483,Valid but hard,,0.2792792792792792,َوواصل طيه ايضاً عريضة مقدمة من اهالي القرية وعند مطالعتها تعلمون الحالة الحرجة التي نحن فيها الان والامر لوليه,وطايه طيه اضه ضية قدة من الي القرية وعند مطالتهما تعلمون الحالة الجرجة التي في هنا ا الموم وليه,../data/muharaf_prepared_resized/train/train_013483.png,2025-11-28T11:01:56,Sana
train_015135,Valid but hard,,0.2790697674418604,الجابري تسجل على مايتين بيت وزراعه وغير ذلك,جابرى نشمل على مايين بيت ورراعه وغبررك,../data/muharaf_prepared_resized/train/train_015135.png,2025-11-28T11:01:58,Sana
train_006696,Valid but hard,,0.2790697674418604,ماشي سَباحا فوق دماتو                                                   ورايح تايندهلا,ش   و     فقو                                                       ي يدلا,../data/muharaf_prepared_resized/train/train_006696.png,2025-11-28T11:01:59,Sana
train_016049,Valid but hard,,0.2789115646258503,بتاريخ ٣٠ تموز سنة ٣٠٣ احيل لهذه المحكمة اسَتدعا مقدم من الشيخ اسَعد ابى رعد من بشرى بالوكالة عن عمه حضرة الاب افرام جعجع من بشرى الثابة بسَند مصدق,بتاريخ ٣ تنو ن ٣ ل لهذه المحكمة اسَتدعا مقدم من الشيخ اسَعد الجدعد من بشرى بالوكالة معد عم حرة الا را م م ال بسة دق,../data/muharaf_prepared_resized/train/train_016049.png,2025-11-28T11:01:59,Sana
train_003646,Valid but hard,,0.2784810126582278,"والهوى، لو يفهم الناي الهوى،                    لم تلد، لولا الهوى،  امّ ولد !""",والهوى لويفهم الناي الهوى،                               ال ال ال !,../data/muharaf_prepared_resized/train/train_003646.png,2025-11-28T11:02:01,Sana
train_008743,Valid but hard,,0.2783505154639175,غب لثم انامكم الطاهرة المقدسَة والتماسَ البركة من فمكم  الاقدس على الدوام. المعروض لسَيادتكم بانه,غلب لثم انامكم الطاهرة المدسة التاسة ابرة من فكم الاقدت على الدوام على الدوام المعوض سَياتم باته,../data/muharaf_prepared_resized/train/train_008743.png,2025-11-28T11:02:03,Sana
train_016993,Script mismatch (non-Arabic),,0.2777777777777778,Ammiq El-Mounassif,Amql-Mounasif,../data/muharaf_prepared_resized/train/train_016993.png,2025-11-28T11:02:06,Sana
train_005036,Valid but hard,,0.2777777777777778,٢٤ تشرين الثانى ٩٣,٢ تشرير الثانة ١٩٣١,../data/muharaf_prepared_resized/train/train_005036.png,2025-11-28T11:02:10,Sana
train_012396,Valid but hard,,0.2777777777777778,بمناسبة يوبيل مجلته الدهبي وعطائه المستمر خلال ٥٠ عاما,بمنا ريرة يوبيل فلت الي وعطارة المستمر ملال ن عاما,../data/muharaf_prepared_resized/train/train_012396.png,2025-11-28T11:02:14,Sana
train_009124,Valid but hard,,0.2777777777777778,دامة رياسته للدوام,دامست رياست للواح,../data/muharaf_prepared_resized/train/train_009124.png,2025-11-28T11:02:25,Sana
train_015286,Valid but hard,,0.2777777777777778,لو يوسع محط الرجل. وكان البحر رايقًا هاديًا حتى الصباح,ويوسع فحط ارصل. وكان البحر رايقاً هارياً حا الح,../data/muharaf_prepared_resized/train/train_015286.png,2025-11-28T11:02:27,Sana
train_014172,Valid but hard,,0.2777777777777778,كفرشيما 12/ 12/ 42,كفرشيما 2  12/٢,../data/muharaf_prepared_resized/train/train_014172.png,2025-11-28T11:02:32,Sana
train_020614,Valid but hard,,0.2777777777777778,بالاكتر الحفهم هنا,بالاتمالحقهم هنا.,../data/muharaf_prepared_resized/train/train_020614.png,2025-11-28T11:02:38,Sana
train_002210,Valid but hard,,0.2777777777777778,وفى الختام تفضلوا بقبول تحيتى واحترامى والله يحفظكم من,في النتم تفضلوا يقبول نحتي واحتراى رالتله بحضظكم ك,../data/muharaf_prepared_resized/train/train_002210.png,2025-11-28T11:02:39,Sana
train_007605,Valid but hard,,0.2777777777777778,وبعدما ينتهي عمري بدقيقه   امرقو عليي انا وبالنعش نايم,وبعد ما نيتهي عمري بريقه     مرو علي نا بالنشراكم,../data/muharaf_prepared_resized/train/train_007605.png,2025-11-28T11:14:02,Sana
train_011862,Valid but hard,,0.2777777777777778,الاب الياس ابي خير,الاب اليالالي خب,../data/muharaf_prepared_resized/train/train_011862.png,2025-11-28T11:14:11,Sana
train_004401,Valid but hard,,0.2777777777777778,فى ١٧ تموز سنة ٩٤١,١٧ تموز ن ٩٤١,../data/muharaf_prepared_resized/train/train_004401.png,2025-11-28T11:14:22,Sana
train_016016,Valid but hard,,0.2774193548387096,من المجلة حكم بالاتفاق بثبوت المبلغ المحرر بذمة المدعى عليهم وبلزومهم دفعه للمدعى ووجبت عليهم رسَومات المحاكمة البالغة ثلاثة وعشرين قرشاً ونصف وتقديم طنوسَ,من المحجة المجلة بلا اقف بت ال المحر بده المدعى عليهم وبلزوهم دفعه للمدعى وجت عليهم مرَومات المحاكمة الباثة ثاثة وعي شرً ون وقرم طوَ,../data/muharaf_prepared_resized/train/train_016016.png,2025-11-28T11:14:25,Sana
train_018747,Valid but hard,,0.2772277227722772,ونوضع موضعه طونى ابن حرمة فارسَ جبرايل البدوى افهمي ابنة  عمنا غسَطين تقبل ايدى قرينتكم المصونة وتهدى,ونوضع موضو طون ابر حرة قارسَ جبدايل البدوى فهو ايد غما غشطيه نقبل الامن فريتكم الصوة وتهدى,../data/muharaf_prepared_resized/train/train_018747.png,2025-11-28T11:14:33,Sana
train_013511,Valid but hard,,0.2771084337349397,(١) المعروض تشرفنا بمناولة الامر الكريم عدد ٨٤ تاريخ ٢٥ الماضي المبني على امر معالي,(١) المعون شرنا بناولة الامر الكريم د ٢٠ تاريخ الاي العيع على ل ماي,../data/muharaf_prepared_resized/train/train_013511.png,2025-11-28T11:14:34,Sana
train_019143,Valid but hard,,0.2769230769230769,المقدمين لحضرتكم الوفاً من المهاجرين اللبنانيين يقدمون اليكم مزيد,عدي الحضرتكم القا من الها جرين اللبنانين يقدون لكم منديد,../data/muharaf_prepared_resized/train/train_019143.png,2025-11-28T11:14:35,Sana
train_008642,Valid but hard,,0.2765957446808511,١ احاطة ستة لصوص وقطاع الطرق على الطريق العام بخراج قرية شدرا برجل من القبيات واطلاقهم الرصاص.,ة اطة منة صوة وقاع الطرف على الطريق الام خراج قرية شوده بر ملن القباق والاهم لاصراة,../data/muharaf_prepared_resized/train/train_008642.png,2025-11-28T11:14:37,Sana
train_015049,Valid but hard,,0.2765957446808511,الساعة ٩ من النهار ونزلنا خارج الخان ورقينا ...,الساعة من انهار ونزلنا فار. الخان .ا اح,../data/muharaf_prepared_resized/train/train_015049.png,2025-11-28T11:14:38,Sana
train_010747,Script mismatch (non-Arabic),,0.2765957446808511,"* Jobbers * in * Dry * Goods * and * Notions, *",* Jbers * nd * Dry * os * an * Nns *,../data/muharaf_prepared_resized/train/train_010747.png,2025-11-28T11:14:43,Sana
train_005668,Valid but hard,,0.2764227642276423,المدينه ونهار الخميس الواقع في غره هذا الشهر نهار الاحد صباحاً وصلنا الاسكندرية فرافقنى لدير العاذارين احد اباء هذه الجمعية,المهدينه ونار الريس السوا في ره هذا الشير تهار الاحد احباً وصلتاى الاسكندرية فراقى لي ادا اين ان ا ا الية,../data/muharaf_prepared_resized/train/train_005668.png,2025-11-28T11:14:46,Sana
train_005917,Valid but hard,,0.2761904761904762,فليبكه الوطن ويسح عليه العيرات السخينة فلتبكه صور القديمه بدموع غزيرة لينح عليه سكانها ليندب الفضل من شاد,قيك اايله وس سليعه العيرات السَينة فلبكه صور القديمه يدوع غزيز ليع عليه سكها بين ال م شاد,../data/muharaf_prepared_resized/train/train_005917.png,2025-11-28T11:14:48,Sana
train_008616,Valid but hard,,0.2761904761904762,حريق بيوت عدد ٢ الى اسبر ابراهيم عبده بمزرعة شماع خراج القبيات وحصل الكشف القانوني عليهم فى ١٣ تشرين تانى,ريق بوت ع٦ الى ابر ابراهيم عبده بمذرعة كماع حرج البيات وحاصل الاسف القانوي عليهم في ر,../data/muharaf_prepared_resized/train/train_008616.png,2025-11-28T11:14:48,Sana
train_010908,Valid but hard,,0.2758620689655172,صح تاريخ عزيزتي البر بدونه شر,.ح وتاريخ عزيزق اليريدون شر,../data/muharaf_prepared_resized/train/train_010908.png,2025-11-28T11:14:50,Sana
train_008283,Valid but hard,,0.2758620689655172,غير الزاوية التي اواجهها انا منها، أن اتوقَّف عن التمادي في توثيق الصلة بيني وبينكِ، بل,ف ال الي اواجها انا منها، أن اتوقَّف عن التمادي في توقيق الصلة بتي,../data/muharaf_prepared_resized/train/train_008283.png,2025-11-28T11:14:51,Sana
train_016370,Valid but hard,,0.2758620689655172,اليمين شهد ان القطعة المرقومة هى ملك الخورى جرجس فرنجيه وبيده من ثمان سَنوات وحددها طبق تحديد الشاهد الاول وشاهداً هو يوسَف البدوى فرنجيه من اهدن,لي ن اان الطعة المقوة م مك الخور جسَ فرجيه وبيده من تمان سَفات وحدها طبق تحديد الشه الاو وشا د يوسَ الوسى فه مه اهدن,../data/muharaf_prepared_resized/train/train_016370.png,2025-11-28T11:14:52,Sana
train_000508,Valid but hard,,0.2758620689655172,عن كوماسَي فى ٢٧ ايار سنة ٩٢٥,عنى كواسي ف ٢٧ ايار س ٩٣,../data/muharaf_prepared_resized/train/train_000508.png,2025-11-28T11:14:55,Sana
train_006653,Valid but hard,,0.2758620689655172,ومن كتر سَقمي اسَتضيعو فيي الدوا                           تالخيزراني النابتي بمصفق هوا,ومن كت سَقمي اسَتضيعوفي لدو                                   للي الي ا اا قوا,../data/muharaf_prepared_resized/train/train_006653.png,2025-11-28T11:15:30,Sana
train_016624,Valid but hard,,0.2758620689655172,بتاريخ ١٣ كانون اول سنة ٩٤٠ ارسل الرئيس دعوة للاعضآ موعدها,ابتاريخ ١ كانون الوسنة ٩٣٠ ارى نائب الريس دعقة للاعضا معدعدها,../data/muharaf_prepared_resized/train/train_016624.png,2025-11-28T11:15:35,Sana
train_007577,Valid but hard,,0.2758620689655172,لنا خلقتي والك نحنا حلقنا      وما عاش اللي على غصونك تجنا,لنا خلتي والك بحا حقن      م اش الي عى رل حجنا,../data/muharaf_prepared_resized/train/train_007577.png,2025-11-28T11:15:36,Sana
train_004743,Valid but hard,,0.2758620689655172,ابن حاقل بتاريخ ٢٢ اب سنة ٩٣٥,اليرهت حالل بتاريخ ٢ اب سنة ٩٢٥,../data/muharaf_prepared_resized/train/train_004743.png,2025-11-28T11:15:37,Sana
train_016123,Valid but hard,,0.2754491017964072,وضرره والمصارفات الرسَمية حكماً غيابياً قابلاً الاعتراض والاسَتئناف والتمييز تبلغ لوكيل المدعى عليه بتاريخ ٩ ربيع اول سنة ٣٠٥ وفى ١٢ ت٢ سنة ٣٠٣ ولاجله تحرر هذا الاعلام,وحره والمارات الرية حكا بياً قابلاً الاعتراض والاستئاف والتميز تبغ لوكيل المدعى عليه تاريخ ١ ربيع اول ة٣٠٥ فى ١ ٣٠والح  هاوام,../data/muharaf_prepared_resized/train/train_016123.png,2025-11-28T11:15:38,Sana
train_011688,Valid but hard,,0.2753623188405797,من البوابّ هنا فوجدتك معتذراً لي عمّا حدثَ ولكننيّ لا أَقبلُ لك عذراً,من البا نا نجدتك مقرً لي عمّا حدة وكنيّ لا أُبل ل عذاً,../data/muharaf_prepared_resized/train/train_011688.png,2025-11-28T11:15:39,Sana
train_001018,Valid but hard,,0.2753623188405797,اليمين التي أُقسمت في جبل كنامه  من حيث يقوم اليوم هذا النصب التذكاري,الين التي رنسحت في جبل كنامه حبث يقوم اليم هذا الاي الذاء,../data/muharaf_prepared_resized/train/train_001018.png,2025-11-28T11:15:40,Sana
train_006751,Valid but hard,,0.2753623188405797,والزهر مفرش للنسَيم وللندى                    وزهرتي بين الجروح مكممي,والزهر مفرش للنسَيم وللندد                                  ز ي   مكمي,../data/muharaf_prepared_resized/train/train_006751.png,2025-11-28T11:15:41,Sana
train_015282,Valid but hard,,0.275,فذاك ايضًأ من فضل ربي حيث نمت حامدًا ...,فذاك ايضًا من فضل ري حيث نمت حامدًا المراق ال,../data/muharaf_prepared_resized/train/train_015282.png,2025-11-28T11:15:49,Sana
train_014997,Valid but hard,,0.275,... قبور عرب تلك الأطراف هناك ينزلون ...,قبور ع.ب لك الوطراف هناك ينزلوت  ا,../data/muharaf_prepared_resized/train/train_014997.png,2025-11-28T11:15:50,Sana
train_005727,Valid but hard,,0.275,فانا ما سالت القرداحى لكن سالت المونسنيور نفسَه وهذا اكد لى الضد فلا اظن به يكذب انما كان الواجب عليه اذا كان ذلك صحيحاً,فانا نا اسل القرا لكن سات الموسنيو نسته وهذا اكر الى القد فلا اطن ان كنا ام كن اوجع عليه اذا ذا كل حياً,../data/muharaf_prepared_resized/train/train_005727.png,2025-11-28T11:15:51,Sana
train_005651,Valid but hard,,0.2747252747252747,وقعت واوقع فى الضلال نفسه لانك اردت ان تطلعنى على الحقيقه فاخطأت لانك ادران ان تعطيني نصائح,وق وافع فى الفل نسه لانك ارون ان تطلفى على الحقيقه فناطائت لانك اروان لاطين نائ,../data/muharaf_prepared_resized/train/train_005651.png,2025-11-28T11:15:52,Sana
train_001119,Valid but hard,,0.2745098039215686,سيدي هىاشم يخاطبهم: ارفعوا علمًا أحمر (١) مثل علمهم,سَيدي هاشر بخاطهم: ارفعوا علمً احمرا امل علمهم.,../data/muharaf_prepared_resized/train/train_001119.png,2025-11-28T11:15:53,Sana
train_016356,Valid but hard,,0.2745098039215686,شهد ان القطعة المرقومة وحددها طبق تحديد الشيخ سَليمان فرنجيه هى بيد الخورى جرجسَ فرنجيه من تسَع او عشر سنوات وشاهداً هو خليل انطانيوس فرنجيه من اهدن وشهد,شد ان القطعة المقرومة وصدها طبت تحديد الشيخ سَيمان فرجه هى بيد الخورى جرسَ فرجه من سَع اعر شوتا وشادا وخا الناون ونين من من وه وشه,../data/muharaf_prepared_resized/train/train_016356.png,2025-11-28T11:15:54,Sana
train_020985,Valid but hard,,0.2745098039215686,عند أيوب. من محل أيوب ما اخذت بضائع لأني لا اريد ان,عند ابو من محل ابوب ما لهذت الصائع لاني ل اريدة ان,../data/muharaf_prepared_resized/train/train_020985.png,2025-11-28T11:15:55,Sana
train_014980,Valid but hard,,0.2741935483870967,لسبب فيضان النهر والاهوية المتداومة ومنذ ذلك اليوم سليمان المرقوم ما رجع عندنا فلا واجهناه وكاين ان رجع أبو غريب ولا نعلم ان,اللسي غي ضن انه الاديه المتاو وفنذ ذك اليوم سليان المرقوم ما رجع عندنا ولا واجهنا والاين ن رع الى اغرب وعا الم مان,../data/muharaf_prepared_resized/train/train_014980.png,2025-11-28T11:15:56,Sana
train_011702,Valid but hard,,0.273972602739726,خاطر العزيز فيليب وأَفدني هل وصلت العلبة أَم لا أو وصلت لديكم صاغاً ودمتم,طر العزيز زلب واأَدني هل وصلت العلة أمَ لأو صحلت ديكم صا ودتكم,../data/muharaf_prepared_resized/train/train_011702.png,2025-11-28T11:15:57,Sana
train_015426,Valid but hard,,0.2736842105263158,وبرباره زوجة جرجس توما وقمرا زوجة سليم العيسى ورفقا زوجة نقولا عيسى والياس يوسف فاضل قد تضاربوا,وبرايه زجة جس سما وقر زجة سليم اليس وفا زوجة نقولا عي والياي يسف فض تضوا,../data/muharaf_prepared_resized/train/train_015426.png,2025-11-28T11:15:58,Sana
train_010915,Valid but hard,,0.2736842105263158,القهر وتحفظ ناخذها منه لبلا النة ما تبيعها %% %% فيما بينها وبين سيدي الوالد الخلاصة في أي وقهة,القبير وتحقظطا اخرها مته لبلا السنة ما تبيعه لناحيش بوحد تفورفيما بينها وبين سَيدي الوالد الخلاصة في اي وقة,../data/muharaf_prepared_resized/train/train_010915.png,2025-11-28T11:15:59,Sana
train_016052,Valid but hard,,0.2733812949640288,وسَبعماية وخمسَة وتسَعين قرشاً ومن كون المديون المحكوم عليه توفى عن ابن ابن عمه يوسَف طنوسَ المعدور سَكر من بشرى ولم يترك سَوى نصف قطعة ارض,وسَماية ومسَة سَية عاً من الدين المحكوم عليه تفى عن ان ين عله يوسَف اطنوسَ المعدو سا من بشرى ومتر سون ن صعرعة ارض,../data/muharaf_prepared_resized/train/train_016052.png,2025-11-28T11:16:00,Sana
train_016300,Valid but hard,,0.2733333333333333,المجلة تصرح بوجوب حضور المؤجر والمسَتاجر وقت الادعا بالشى الماجور فكان من الواجب حضور اخيه وقت ادعا المدعى عليه ثانياً ان المحكمة حكمت عليه يدفع غرشين,الحجلة حار وب حضر المر والمستحاج رق الادعا بالشى الاجور كان من الواجب حضولاخيه وقت ارعا المدرع عليه بياً امحكم عة علية ع ششرين,../data/muharaf_prepared_resized/train/train_016300.png,2025-11-28T11:16:00,Sana
train_016176,Valid but hard,,0.2732558139534883,وجرجسَ شيت الخورى يوسَف من بزعون الثابتة بسند مصادق عليه فى هذه المحكمة مجاز له به المرافعة لاخر درجة الدعوى فى الصلح والاقرار والابرار وطلب الحلف واسَقاط وتقديم الاسَتدعات,جرجس شت الخورى يسَف فمن زعون الثابة بصد مصاق عليه من هذه المحكمة مجازله به المراعة لاضر ورجة الدعوى والصح الاقر والار وال والقطا وقد سدت,../data/muharaf_prepared_resized/train/train_016176.png,2025-11-28T11:16:01,Sana
train_012352,Valid but hard,,0.2727272727272727,ميشال قهوجي,متال قهوبي,../data/muharaf_prepared_resized/train/train_012352.png,2025-11-28T11:16:04,Sana
train_005319,Script mismatch (non-Arabic),,0.2727272727272727,EAK1A - 161,EAK1A- 10,../data/muharaf_prepared_resized/train/train_005319.png,2025-11-28T11:16:07,Sana
train_018649,Valid but hard,,0.2727272727272727,بتمام الصحة,جمدم الصحة,../data/muharaf_prepared_resized/train/train_018649.png,2025-11-28T11:16:09,Sana
train_005403,Script mismatch (non-Arabic),,0.2727272727272727,EAK1A - 170,EAK1A 10,../data/muharaf_prepared_resized/train/train_005403.png,2025-11-28T11:16:12,Sana
train_005296,Script mismatch (non-Arabic),,0.2727272727272727,EAK1A - 160,EAK1A-10,../data/muharaf_prepared_resized/train/train_005296.png,2025-11-28T11:16:15,Sana
train_003972,Irrelevant / signature,,0.2727272727272727,ادهم الجندى,ادهم المبدك,../data/muharaf_prepared_resized/train/train_003972.png,2025-11-28T11:16:18,Sana
train_019295,Script mismatch (non-Arabic),,0.2727272727272727,YS-1D- 071c,YS-1D- 05F,../data/muharaf_prepared_resized/train/train_019295.png,2025-11-28T11:16:20,Sana
train_005323,Valid but hard,,0.2727272727272727,اثباتات او ايضاحات كافية يقدمها علاوة على ما ذكر في التقرير المؤرخ في ٢٠ شباط,ابتات وايا ات اكافية يقدمها علادة على ماذكي في التري المخ فخي بشي,../data/muharaf_prepared_resized/train/train_005323.png,2025-11-28T11:16:23,Sana
train_018180,Valid but hard,,0.2727272727272727,محرر عن بسَكريما رأساً,محر عن بنسكريما اً,../data/muharaf_prepared_resized/train/train_018180.png,2025-11-28T11:16:24,Sana
train_004578,Valid but hard,,0.2727272727272727,سرحال مارون,رحال مادومن,../data/muharaf_prepared_resized/train/train_004578.png,2025-11-28T11:16:26,Sana
train_016445,Valid but hard,,0.2727272727272727,في ٨ تشرين اول سنة ٩٢٣,٨ تشرين لول سنة٩٢,../data/muharaf_prepared_resized/train/train_016445.png,2025-11-28T11:16:29,Sana
train_016607,Script mismatch (non-Arabic),,0.2727272727272727,QBat 5H-856,QBat5H-52,../data/muharaf_prepared_resized/train/train_016607.png,2025-11-28T11:16:31,Sana
train_015254,Valid but hard,,0.2727272727272727,منصور وعن طيه كتاب لنا من الأخ بطرس فتلوناه بحمده تعالى,ور وعن طينه كاب لنا من الوخ بطرسى فلوناه بمدة بق,../data/muharaf_prepared_resized/train/train_015254.png,2025-11-28T11:16:34,Sana
train_018063,Valid but hard,,0.2727272727272727,اسَعد درويش,اسعد دروس,../data/muharaf_prepared_resized/train/train_018063.png,2025-11-28T11:16:55,Sana
train_005505,Script mismatch (non-Arabic),,0.2727272727272727,EAK1A - 178,EAK1A-17,../data/muharaf_prepared_resized/train/train_005505.png,2025-11-28T11:16:59,Sana
train_001691,Valid but hard,,0.2727272727272727,فورتوين في ١ نوار ١٩٠١,كورنوني في ١ نوار ٩٠,../data/muharaf_prepared_resized/train/train_001691.png,2025-11-28T11:17:03,Sana
train_016552,Valid but hard,,0.2727272727272727,اعضاء  رئيس,اعاء رئين,../data/muharaf_prepared_resized/train/train_016552.png,2025-11-28T11:17:16,Sana
train_016557,Valid but hard,,0.2727272727272727,الينا للنظر,الينا للنظر ..,../data/muharaf_prepared_resized/train/train_016557.png,2025-11-28T11:17:20,Sana
train_015775,Valid but hard,,0.2727272727272727,١١ تموز ٩٢٩,١ تموز ١٩٢٥,../data/muharaf_prepared_resized/train/train_015775.png,2025-11-28T11:17:23,Sana
train_009095,Valid but hard,,0.2727272727272727,ولد سىادىكم,لد سىادى,../data/muharaf_prepared_resized/train/train_009095.png,2025-11-28T11:17:26,Sana
train_000058,Valid but hard,,0.2727272727272727,رحمهما الله,رلمههما الله.,../data/muharaf_prepared_resized/train/train_000058.png,2025-11-28T11:17:33,Sana
train_005525,Script mismatch (non-Arabic),,0.2727272727272727,EAK1A - 179,EAK1A- 10,../data/muharaf_prepared_resized/train/train_005525.png,2025-11-28T11:17:36,Sana
train_012329,Valid but hard,,0.2727272727272727,او عشر دقايق على هالدردشه واذ بمارون بطل على,او عشر دقاى علي ها ال بمارون يطل على,../data/muharaf_prepared_resized/train/train_012329.png,2025-11-28T11:17:38,Sana
train_010704,Valid but hard,,0.2727272727272727,تشترك معي بوالجب نحوكم,نشترك معي بالواجب بحدكم,../data/muharaf_prepared_resized/train/train_010704.png,2025-11-28T11:17:54,Sana
train_019528,Valid but hard,,0.2727272727272727,من الجاهلية,من الى هعلية,../data/muharaf_prepared_resized/train/train_019528.png,2025-11-28T11:17:56,Sana
train_005942,Script mismatch (non-Arabic),,0.2727272727272727,EAK1A - 328,EAK1AA - 37,../data/muharaf_prepared_resized/train/train_005942.png,2025-11-28T11:17:59,Sana
train_016556,Script mismatch (non-Arabic),,0.2727272727272727,QBat 5H-559,QBat5H-52,../data/muharaf_prepared_resized/train/train_016556.png,2025-11-28T11:18:00,Sana
train_005672,Valid but hard,,0.2727272727272727,الاثنين التى ارسلتها لى بينما كنت مريضا والتى ما اطلعت عليها الا يومين قبل سَفرى من رومية. ايها العزيز تحاريرك,الان التى التستلا لى يما كن قرينا والتما طبعت عليها الايومن قيل سوي من زومية. ايها الغري اتحريك,../data/muharaf_prepared_resized/train/train_005672.png,2025-11-28T11:18:02,Sana
train_020617,Valid but hard,,0.2727272727272727,امس نهار الأربعاء زرت كل تجار ورق,س نهار الابعاء زش كل تجاراوت,../data/muharaf_prepared_resized/train/train_020617.png,2025-11-28T11:18:06,Sana
train_010361,Valid but hard,,0.2727272727272727,اطلت عليك الشرح الى اللقاء قبلات عديدة مكررة واشواق لكم,وعل لك الشرعه الى اللقاء مبلابت عديدة كرة واقاقكم,../data/muharaf_prepared_resized/train/train_010361.png,2025-11-28T11:18:07,Sana
train_019833,Script mismatch (non-Arabic),,0.2727272727272727,YS-4A--011G,YS-4A-01,../data/muharaf_prepared_resized/train/train_019833.png,2025-11-28T11:18:10,Sana
train_002423,Segmentation error,,0.2727272727272727,١٣٤٢ ٣ شوال,١٣٤٢ وال,../data/muharaf_prepared_resized/train/train_002423.png,2025-11-28T11:18:12,Sana
train_019873,Valid but hard,,0.2727272727272727,تعجيزًا ...,تعجدا ...,../data/muharaf_prepared_resized/train/train_019873.png,2025-11-28T11:18:15,Sana
train_016221,Valid but hard,,0.2720588235294117,الاداء فى ١ اب /٨٦ سَئل المدعى عليه عن ذلك من جديد مقرًا بالسندين المذكورين وبكلما تضمنان وبان قيمتهما بذمته وذمة ولديه وحيث قرر الطرفان,الاواءى ر  سَئل المدعى عليه عن ذلك منى جابد قرا بالسَندين المذكورين ويكلما تضن وبا قم بم ومد ولده وحرير وار الطران,../data/muharaf_prepared_resized/train/train_016221.png,2025-11-28T11:18:17,Sana
train_018748,Valid but hard,,0.2719298245614035,الاكرام لانجالكم المحروسَين نكلفكم بالسَلام لابن عمنا غسَطين وابن عمنا سَليم يقبل ايديكم وايدي قرينتكم ويسَال خاطر,الاروكم لبالكم المحروَين نكلفكم باسلام لان غما غسَطين مره ن عمن نسم بقبل يدكم وايدى فريتكم وسَياخ خطر,../data/muharaf_prepared_resized/train/train_018748.png,2025-11-28T11:18:18,Sana
train_001453,Valid but hard,,0.2717391304347826,لا يصلحون للغد وقد اعجبني قولك بأنك تكذب وتنافق وتخبث وتلؤم وانت تريد التطرق الى غيرك فأسألك,ليلا يحمون ول قد البني ولك باك كتذب وتنافق وتخبت وتلؤم واتاتريد التطرق الى غير كاك,../data/muharaf_prepared_resized/train/train_001453.png,2025-11-28T11:18:19,Sana
train_006809,Valid but hard,,0.2717391304347826,والليل فوقو لو بسَط جنحو الثقيل                                   وسَاقبت مرا وغفي بين الزعل,والليل لا فو لو يسَط جنوا الثقبيل                                    و ا اف اي معل,../data/muharaf_prepared_resized/train/train_006809.png,2025-11-28T11:18:19,Sana
train_001106,Valid but hard,,0.2716049382716049,البربرية والفينيقية والفرعونية لا تمت الى العرب بصلة ما، بل هل والعروبة متناقضتان,برية والقنية والرونية لاتحت الى العرب وجلة ما بل هى والعرونة منا قنا,../data/muharaf_prepared_resized/train/train_001106.png,2025-11-28T11:18:20,Sana
train_007155,Valid but hard,,0.2716049382716049,يا نفسَ لحمي ذاب والعظم انبرى                       ومع كل لحظى واختها بيمرق قطوع,يانفسَ لحمي ذاب والعظم انبرى                             م ل ال ن طع,../data/muharaf_prepared_resized/train/train_007155.png,2025-11-28T11:18:21,Sana
train_015059,Valid but hard,,0.2711864406779661,به بل سافرنا راسًا الى عانه حتى وصلنا الى راس تلم عانه اكثر,بسافر نااسًا الى عاته حتى وصلنا الى راستلعان الت,../data/muharaf_prepared_resized/train/train_015059.png,2025-11-28T11:18:21,Sana
train_015279,Valid but hard,,0.2708333333333333,بدرجة اعظم وبعد المغرب بدا نوعًا ما مايل للتهاون,هد اعظم واجد المغرب بدا نوعًا ا فا بالتهاور,../data/muharaf_prepared_resized/train/train_015279.png,2025-11-28T11:18:22,Sana
train_007023,Valid but hard,,0.2708333333333333,قصيدة غزلية عنوانها   .   .   .   خلقنا بظل الحب,قصيدة غزلية عنوانها .             لحب,../data/muharaf_prepared_resized/train/train_007023.png,2025-11-28T11:18:23,Sana
train_003355,Valid but hard,,0.2708333333333333,الذي تألم الاماً كادت تزهق الروح لولا عنايه الله,اليلكم ما كات تزهق الروح اولا عناية الل,../data/muharaf_prepared_resized/train/train_003355.png,2025-11-28T11:18:24,Sana
train_006648,Valid but hard,,0.2705882352941176,راح الحبيب ما قدرت لحظة صبرو                           وبالعين دمعه وبالقلب كومة جروح,راح الحبيب ما قدرت لحظة صبرو                                    دا بلبيا اليا ب بروح,../data/muharaf_prepared_resized/train/train_006648.png,2025-11-28T11:18:25,Sana
train_001413,Valid but hard,,0.2702702702702703,واقرأ لهم التحرير اذا ان يعلموا شيئًا,واقرا لهم التحرير اذا اطبوا ان يعلموا شباً,../data/muharaf_prepared_resized/train/train_001413.png,2025-11-28T11:18:25,Sana
train_000495,Valid but hard,,0.2702702702702703,طيه محرر ذهب ٩٩٣ نقد جرى قيدهم امامنا,طيه مح ر ٢ نقد جريى ميدهم امامنا,../data/muharaf_prepared_resized/train/train_000495.png,2025-11-28T11:18:27,Sana
train_020688,Valid but hard,,0.2702702702702703,ورئيس الوزارة ورؤساء المجالس وكثير من,وريس الوزارة وااء المجاس وكتيوي,../data/muharaf_prepared_resized/train/train_020688.png,2025-11-28T11:18:30,Sana
train_012219,Valid but hard,,0.2702702702702703,شباط ١٩٤٧ اي بعد شهر من استلام الرخصة,شباط ١٩٧ ايي بعد شهر طن   الرصة,../data/muharaf_prepared_resized/train/train_012219.png,2025-11-28T11:18:35,Sana
train_014788,Valid but hard,,0.2702702702702703,الثياب المدنية العصرية... ان لتك تفضح,الثباب المرنية العحصرية.. إن لفَّركَ تفضح,../data/muharaf_prepared_resized/train/train_014788.png,2025-11-28T11:18:36,Sana
train_016256,Valid but hard,,0.2699386503067484,المدعى عليه وكيلاً مسخراً ابراهيم ضاهر الشموتى من البترون باجرة ريال مجيدى عن كل جلسَة وفقاً للمادتين ال١٤٥ وال١٤٦ من قانون المحاكمات الحقوقية وتلى الصحيفة السابعة,المى ليىه كيه اياً اً ارها ها المتو من البرون باجرة ريال مجيدى عن كل جلسَ وفقاً للمادين الـ١٥والـ١ من نون المحات المقوقية وقل الحصية الساعة,../data/muharaf_prepared_resized/train/train_016256.png,2025-11-28T11:18:37,Sana
train_007169,Valid but hard,,0.2696629213483146,بحورنا زايد طمعها                                                     رغم ما في كنوز معها,بي                                                           م م م معها,../data/muharaf_prepared_resized/train/train_007169.png,2025-11-28T11:18:38,Sana
train_020458,Valid but hard,,0.2692307692307692,والباب انشالله يكونوا بخير وعافيه واطلب منهم المعذرة,وليك اشاة يكلدلو بخير وعافيهم واطلب منهم المعزرة,../data/muharaf_prepared_resized/train/train_020458.png,2025-11-28T11:18:39,Sana
train_009886,Valid but hard,,0.2692307692307692,جودات ضاهر -     ⸗    رابع,جودات ضاهر -      ع,../data/muharaf_prepared_resized/train/train_009886.png,2025-11-28T11:18:40,Sana
train_015974,Valid but hard,,0.2689075630252101,والبيع هو اثنى عشر قيراط من اصل اربعة وعشرون قيراط شائعين بكامل قطعه الارض الكائنة بمحل البلان بخراج شكا شكا شراكة اخيه,وايعه وهن اعى شراه من ال ارية وعشرون قراط شائعين لبكال قطعه الارض الكانة مبمل الفبان اخوج جشاشا شراكه اخيه,../data/muharaf_prepared_resized/train/train_015974.png,2025-11-28T11:18:41,Sana
train_010514,Valid but hard,,0.2686567164179104,"ينكتوا على امهم بمسائل الخياطه او مسائل الطبخ ""وناهده فعلاً اقول لك",نكوا على ام بس الخياطه امسائ الطبح وناهن فقلاً اول كلك,../data/muharaf_prepared_resized/train/train_010514.png,2025-11-28T11:18:42,Sana
train_000809,Valid but hard,,0.2686567164179104,وكانت فرنسا ابعد الدول هدفاً، واكثرها نفوذاً واكثرها نفوذاً، واشدها,وكانت فرنسها ابعد الدول هدفاً، وكثرها نفوذًا، واشرها,../data/muharaf_prepared_resized/train/train_000809.png,2025-11-28T11:18:42,Sana
train_002136,Valid but hard,,0.2682926829268293,وموسًى والاسًرائيليّين دفعة واحدة. علّتي،,ولاسى والاسَرايلين دفعة واحدة.  حلتّي،,../data/muharaf_prepared_resized/train/train_002136.png,2025-11-28T11:18:43,Sana
train_006783,Valid but hard,,0.2682926829268293,مسَتحيل تبقى بوجودي زائرا                               ما زالها بتذكر فعالي بجدها,مسَتجل تبقى بوجوهي زاثر                                      ا لا ا دها,../data/muharaf_prepared_resized/train/train_006783.png,2025-11-28T11:18:44,Sana
train_003474,Valid but hard,,0.2682926829268293,على أثر المصالحة التي تمت بيني وبين وزير الانباء الَسَابق على ان اسَقط الدعوى التي,ع اأر المصحة التي تمت بني بين زائسية لاباء السابع على ان استد العوى التي,../data/muharaf_prepared_resized/train/train_003474.png,2025-11-28T11:18:45,Sana
train_006792,Valid but hard,,0.2682926829268293,من الحسَد دولاب ايامي ان برم                        وصار كل سَاعه بزيد نفور وينصرم,من الحسَد دولا ب ايامي ان برم                                   وا السَ سَد و نرم,../data/muharaf_prepared_resized/train/train_006792.png,2025-11-28T11:18:46,Sana
train_020737,Valid but hard,,0.2682926829268293,والناولون الى كولومبيا لا يعزها الشيخ علي,والناون مى كتروبا لا يعزها الن شيخ عالي,../data/muharaf_prepared_resized/train/train_020737.png,2025-11-28T11:18:47,Sana
train_010461,Valid but hard,,0.2682926829268293,بطريقة اوتوماتيكية . وبكل سرور ورضى وقبول,بطريقه التر ما تبكية. وكل سرور رض وقبول.,../data/muharaf_prepared_resized/train/train_010461.png,2025-11-28T11:18:48,Sana
train_014988,Valid but hard,,0.2682926829268293,...على ارض يصل شط الفرات هناك بضنا الجادر,.صر اخر على ارض شال شط الفرات هناك نضنا الجارر,../data/muharaf_prepared_resized/train/train_014988.png,2025-11-28T11:18:49,Sana
train_019803,Valid but hard,,0.2682926829268293,لماذا يا اخي يتبادر الى ذهنكم سؤ الظن قبل,عاذا بيافي يتبادر الى ذهنكم أسؤظف قبل,../data/muharaf_prepared_resized/train/train_019803.png,2025-11-28T11:18:52,Sana
train_020473,Valid but hard,,0.2678571428571428,فلو كنت قادر ان اطير واقبل لكم من قلبي المجروح من الفراق,فلو كنت فاد ان اطير واقمل انكنم خلى المحروح من الشر,../data/muharaf_prepared_resized/train/train_020473.png,2025-11-28T11:18:53,Sana
train_015675,Valid but hard,,0.2678571428571428,١٣٥    نبلغ حضرتكم صورة التعليمات الصادرة الينا من النيابة المامة الاستئنافيه المبين صورتها اعلاه وقبول الاحترام,٢ بلغ ضرم ومة التبلمات الصارة النيا من الباية العامة الاستنافيه المبين صرنها الا قول احترام,../data/muharaf_prepared_resized/train/train_015675.png,2025-11-28T11:18:54,Sana
train_010207,Valid but hard,,0.2676056338028169,حضرة الاب الخوري يوسَف حنا الحديث قائلًا. انا الذي عمدت ابن سَليم معيكى,حضرة الاب الخوري يوسف حنا الحديث قائلاً. انا  متوت اسَلم عليم يكي,../data/muharaf_prepared_resized/train/train_010207.png,2025-11-28T11:18:55,Sana
train_013014,Valid but hard,,0.2676056338028169,"المجلس الحساب القطعي عن ١٩٦٦ وبلغ النقد المدوّر لسنة١٩٦٧ ٢٩١٢٧,٩٦ / ل.ل",المجلس الحساب القطي عن ١٩٦ وبلغ الكند المذورة لسنة ١٦٧٦١٧٠/ل..,../data/muharaf_prepared_resized/train/train_013014.png,2025-11-28T11:18:56,Sana
train_016076,Valid but hard,,0.267515923566879,ان يعترض على الحكم الا فيما يمسَ حقوقه فقط كما فى المادتين الـ١٦١ والـ١٦٩ من قانون المحاكمات الحقوقية واعتراضه على عدم ارسَال المحكمة ثلاث بوصلات دعوة للمدعى,اعن عض عضلى المكم الماي سَ ق قط افى الماديتن ال١٨ وال١٦٧ من قانون المحاكمات الحقوقية واعتراضه على عدم رسال المحمة لا باوة وولة ولدعى,../data/muharaf_prepared_resized/train/train_016076.png,2025-11-28T11:18:57,Sana
train_007318,Valid but hard,,0.2674418604651162,الحور برهجة اشكالو                                                  مطفطف عالاربع جهات,والح                                                    ط ط الع جاتا,../data/muharaf_prepared_resized/train/train_007318.png,2025-11-28T11:18:58,Sana
train_010113,Valid but hard,,0.2672413793103448,القطلبة المعروفة مني بالذات وبحضوري وحضور الشاهدين مطانيوس يوسف سركيس وخليل ابرهيم الياس خطار كلاهما من القبيات صدقت,القطلبة المروة ضي بالذات وبخوري وضور الشاهدبن مطانيوس يوسف مركيس وحلي اريم الماس ضاه كاها ما  الون,../data/muharaf_prepared_resized/train/train_010113.png,2025-11-28T11:18:59,Sana
train_015977,Valid but hard,,0.2671755725190839,واليه ومنه بثمن قدره الفان غرش عملة دارجة باعتبار الليره الافرنسَية ماية وواحد واربعون غرشاً قبضه البائع من الشاري بمجلسَ عقده نقدا,واليه يه ن ن دن الافن عر علة اة بغار الميه الافرسَية باية واح اربعون غرشاً قيضه البائع من الشاري جملس عده تقداً,../data/muharaf_prepared_resized/train/train_015977.png,2025-11-28T11:19:00,Sana
train_008580,Irrelevant / signature,,0.2666666666666666,فى ١٨ ك٢  ٩١١  الخورى بطرس حسن,ى ١ ك٢ ٩١ الخورى بطرسس,../data/muharaf_prepared_resized/train/train_008580.png,2025-11-28T11:19:17,Sana
train_000374,Valid but hard,,0.2666666666666666,اخي ومهجت فوادي موسي حفظك الله,اخي وصيحة فوالدي موي ضفك الله,../data/muharaf_prepared_resized/train/train_000374.png,2025-11-28T11:19:23,Sana
train_008874,Valid but hard,,0.2666666666666666,غب لثم ايديكم والثماسَ دعاكم. نعرض. كون الان حطونا بتحريركم الحاوي رفضكم قبول الجنازات في كنيسَتكم اي دير,غب لثم ايم والان عاكم. ونعضة كون ان طونا بتحركم الحاوي رفضتكم قبول الجات في يتم اير,../data/muharaf_prepared_resized/train/train_008874.png,2025-11-28T11:19:24,Sana
train_011119,Script mismatch (non-Arabic),,0.2666666666666666,BUFFALO STREET.,BUALO STET.,../data/muharaf_prepared_resized/train/train_011119.png,2025-11-28T11:19:27,Sana
train_005662,Valid but hard,,0.2666666666666666,اذا امكن بعد قرأتك هذا التحرىر,اذا كل بد قراستك هذا التحر,../data/muharaf_prepared_resized/train/train_005662.png,2025-11-28T11:19:34,Sana
train_015018,Valid but hard,,0.2666666666666666,يصل نصراني من اهل الدير جاية لها القايمقم ...,صل نرين من احل الدير جائة لنها القايو. .,../data/muharaf_prepared_resized/train/train_015018.png,2025-11-28T11:19:35,Sana
train_006780,Valid but hard,,0.2666666666666666,موشح  . . . غزل,موشح  . عغزل,../data/muharaf_prepared_resized/train/train_006780.png,2025-11-28T11:19:35,Sana
train_015586,Valid but hard,,0.2666666666666666,٧٢ اثنين وسبعين,٢ اسين وسعين,../data/muharaf_prepared_resized/train/train_015586.png,2025-11-28T11:19:39,Sana
train_015645,Valid but hard,,0.2666666666666666,وثلاثمايه والف.,وثلاثاي والغا,../data/muharaf_prepared_resized/train/train_015645.png,2025-11-28T11:19:41,Sana
train_019914,Valid but hard,,0.2666666666666666,ان يردوها اليه.,اوا يردوما اليه,../data/muharaf_prepared_resized/train/train_019914.png,2025-11-28T11:19:42,Sana
train_016988,Valid but hard,,0.2666666666666666,سلام خصوصي لحضرة الحاج الدسوقي,سلام خصوصي طرة الاحم الدوفي,../data/muharaf_prepared_resized/train/train_016988.png,2025-11-28T11:19:43,Sana
train_009003,Irrelevant / signature,,0.2666666666666666,الخورى بطرس حبس,الخورى بطرس,../data/muharaf_prepared_resized/train/train_009003.png,2025-11-28T11:19:48,Sana
train_011486,Segmentation error,,0.2666666666666666,هاتف : كابين بتدين اللقش لبنان,هاف : كاين بتدين القشن,../data/muharaf_prepared_resized/train/train_011486.png,2025-11-28T11:20:01,Sana
train_002312,Script mismatch (non-Arabic),,0.2666666666666666,MERAAT-UL-GHARB,MERA-UL-ARB,../data/muharaf_prepared_resized/train/train_002312.png,2025-11-28T11:20:04,Sana
train_013864,Valid but hard,,0.2666666666666666,في ٢ ايلول ١٩٤١,في ٢ ايلول سنه ١٩٤١,../data/muharaf_prepared_resized/train/train_013864.png,2025-11-28T11:20:08,Sana
train_010147,Valid but hard,,0.2666666666666666,١٠ سىاط سنة ٩٣٦,١٠ سطر سنة ١٩٣٦,../data/muharaf_prepared_resized/train/train_010147.png,2025-11-28T11:20:17,Sana
train_015253,Valid but hard,,0.2666666666666666,طلع الخوري نجيب سرسق الى الوابور سلمان كتاب من الخوري إسكندر,طلع الوا جنيب رق اله الوابور سلمنا كاب من اخوم اسندر,../data/muharaf_prepared_resized/train/train_015253.png,2025-11-28T11:20:28,Sana
train_003224,Valid but hard,,0.2666666666666666,(٢) عاصمة ايران,عاصمة ايران,../data/muharaf_prepared_resized/train/train_003224.png,2025-11-28T11:20:32,Sana
train_018989,Valid but hard,,0.2666666666666666,فليكتب الى توفيق بسرعة شيطانية,فليكتب الى لا شيق نسرعة شطايفة,../data/muharaf_prepared_resized/train/train_018989.png,2025-11-28T11:20:33,Sana
train_014809,Valid but hard,,0.2666666666666666,ولا أزال أتجنّبه. كما لفتني اعتادُه المسودَّة,ولا أزال الجنَّه م لفبتي عتمادُه المسَودّة,../data/muharaf_prepared_resized/train/train_014809.png,2025-11-28T11:20:34,Sana
train_007323,Valid but hard,,0.2666666666666666,بيتغنج من جما لو                                                      بيعمل حرفي بالنسَمات,بي                                                       ب ب ب ل سمات,../data/muharaf_prepared_resized/train/train_007323.png,2025-11-28T11:20:35,Sana
train_016162,Valid but hard,,0.2662721893491124,بايعها طوبيا البحرى وبطرس وجبرايل وطنوسَ اولاد عيسَى شمشوم متصلة اليهم بالارث الشرعى عن مورثهم الاول الخورى يوسَف شعيا وقد وقعت بنصيبهم بالقسَمة العادلة التى جرت بين شيت,بايعى بوب الطرى وطوى وطيَ ونوسَ والا عيى شعوم مصلة اليهم بالات الشرعى عن مورثهم الاول الخورى يوسَف شي وقد وقت بتضهم بالسَمة الالة التحترية بديت,../data/muharaf_prepared_resized/train/train_016162.png,2025-11-28T11:20:40,Sana
train_015517,Valid but hard,,0.2660550458715596,الخمسة المذكورين في سياق الضبط لكلٍ منهم نصف ريال حكماً وجاهياً قابلاً  الاستناف والتمييز ضمن المدة القانونية,مسة المكوري في ساق الضب كل منم نصف ريال حكماً وجاهيا قالً الاستان والمين مة الم اليه,../data/muharaf_prepared_resized/train/train_015517.png,2025-11-28T11:20:44,Sana
train_001149,Valid but hard,,0.2658227848101265,الاعمال التي لا يستقيم فيها خير حكومتهم ولا خير البلاد. نوحيها المصلحة الخاصة -,الا لي لتقيم يها خير مكومنهم ولاخير البلاد. وجها الحصحة الخاصة,../data/muharaf_prepared_resized/train/train_001149.png,2025-11-28T11:20:45,Sana
train_011949,Valid but hard,,0.2658227848101265,الموظفين الفرنسين قد استعيض عنهم بالكثير الكثير من الاختصاصيين في حقل المساعدات,الموطظفين الفرسين قد استعيض عنهم بالكثير الكثير من    ال السات,../data/muharaf_prepared_resized/train/train_011949.png,2025-11-28T11:20:46,Sana
train_000877,Valid but hard,,0.265625,فقد اغتنم الحسن الفرصة في انهزام فرنسه في حربها وبروسية سنة ١٨٧٠,فقد اتم المس الفرضمة أنزام فرنسه في جربها ورسية سنة ٠,../data/muharaf_prepared_resized/train/train_000877.png,2025-11-28T11:20:47,Sana
train_005650,Valid but hard,,0.2654867256637168,تلك البساطه القلبية التى انت ممتاز بها ومن جهة اخرى تاسفت كثيرا لانك بالوقت الذي به تريد ان تكشف الضلال عن مخيلتى,للكن البة اللية اليى الت ماليها ومن خهة احرينا سفت كثير لانك الوقت الذي به تيد ان كشف الفال عل خيلى,../data/muharaf_prepared_resized/train/train_005650.png,2025-11-28T11:20:54,Sana
train_020692,Valid but hard,,0.2653061224489796,قوى يوقفني على ظهر الاوتومبيل قبل بكثير ما الهواء,قوي يوفتي على ظهر الاوتو قبل ت بكذر فا الهوار,../data/muharaf_prepared_resized/train/train_020692.png,2025-11-28T11:21:20,Sana
train_005625,Valid but hard,,0.2650602409638554,فبالنتيجه مررت على حيفا فكنت قبلا ضربت تلغرافا لعمى ابراهيم واخبرته بذلك فلاقاني مع,فبالنيه ورت على حيف فكنت قبلا ضرب تلفرفا لعلى برهيم واجزتة بذك فلان وجو,../data/muharaf_prepared_resized/train/train_005625.png,2025-11-28T11:21:20,Sana
train_008894,Valid but hard,,0.2649572649572649,غب لثم اناملكم الطاهرة المقدسَة والتماسَ البركة من فمكم الاقدسَ علي الدوام. المعروض لسَيادتكم بانوا قد حضر الاب يوسَف,غب لثم انالثكم الطاهرة المقاوسة والماسَ البركة من فمكم الاوسَ علي الدوام المض اسَيتام دا ادا ال َ,../data/muharaf_prepared_resized/train/train_008894.png,2025-11-28T11:21:21,Sana
train_010112,Valid but hard,,0.2649572649572649,الذوق حيث دعيت اليه انا يوسف الزمز الكاتب العدل بالقبيات السيدة نزها ابنة طنوس ساسين زوجة طنوس ابرهيم نادر من القبيات,الل ت  لا الن يوسف الذ الكاتب العول بالقبيات السيد نزها بنة طنوس ساسيف راجة نوس اريم مر من البيات,../data/muharaf_prepared_resized/train/train_010112.png,2025-11-28T11:21:23,Sana
train_006773,Valid but hard,,0.2647058823529412,وبيقفى ايدي ضربت على النجوم                    كل اصبع شق وادي بخدها,ويقفى ايدي ضريت على النجوم                               الي ايا ي يخدها,../data/muharaf_prepared_resized/train/train_006773.png,2025-11-28T11:21:24,Sana
train_013613,Valid but hard,,0.2647058823529412,واقبلوا اعتىاري فى ١١ تمرر سنة ٩٣١,واتبلوا العتاري ١ تر سنة ٩٣١,../data/muharaf_prepared_resized/train/train_013613.png,2025-11-28T11:21:28,Sana
train_001712,Valid but hard,,0.2647058823529412,تماماً.	اختم بقبلة لحيتكم وعوارضكم,تماماًا. اخم بقلة حيكم وعورفتكم,../data/muharaf_prepared_resized/train/train_001712.png,2025-11-28T11:21:31,Sana
train_006675,Valid but hard,,0.264367816091954,بصبوص عين العشق من ذاتو                                                   عالدرب يهديها,بي                                                             اد يديها,../data/muharaf_prepared_resized/train/train_006675.png,2025-11-28T11:21:36,Sana
train_007324,Valid but hard,,0.264367816091954,وبيصير يخروع حالو                                                     تا يبوسَ شربيناتو,وي                                                           اشاي بياتو,../data/muharaf_prepared_resized/train/train_007324.png,2025-11-28T11:21:36,Sana
train_016546,Valid but hard,,0.2641509433962264,الكتابية وبما ان رئيس البلدية اضطر لاجراء عدة اتصالات,اكتتع يه وبما ان رئيس البلدية اخط لاجراء عدة اصالات ومراح,../data/muharaf_prepared_resized/train/train_016546.png,2025-11-28T11:21:37,Sana
train_005260,Valid but hard,,0.2641509433962264,اينما حلت لانها حية برضا الله ورضاكم لانكم شملتموني بعنايتكم في ايام صعبة وفي الايام الرحبة اما انا فاعدها,البنما لت لناهية غضا له ورضاكم لاتكم ملتمون بعنا بكم في ا صية وفي الايام الرية الا ا فقدها,../data/muharaf_prepared_resized/train/train_005260.png,2025-11-28T11:21:47,Sana
train_002126,Valid but hard,,0.2641509433962264,لما جرى على طور سًينا منذ ... كذا آلاف من ألا...جيال.,لما جرى على طورشينا مذ . ذا الاف م لأان جيال.,../data/muharaf_prepared_resized/train/train_002126.png,2025-11-28T11:21:48,Sana
train_009114,Valid but hard,,0.2637362637362637,غب الانحنا للثم راحاتكم المقدسة الكرام بكمال التوفير ووفور الاحترام واغتنام بركتكم واستمطار,غب ا الثم الام المدكمة الراكم بمال التوفير ودوفور الاحترام وانام بركم وستطار,../data/muharaf_prepared_resized/train/train_009114.png,2025-11-28T11:21:49,Sana
train_006819,Valid but hard,,0.2637362637362637,بحاكي الرياح بلكي عا دربا بتقشعوا                            يماات بلكي عليك شي مرا بتسَمعو,بحاي الرياح بكي عا ور با بتقشعوا                                        ي الي اي  شسمعو,../data/muharaf_prepared_resized/train/train_006819.png,2025-11-28T11:21:50,Sana
train_008098,Valid but hard,,0.2637362637362637,الظرف الحالك، إلا هنا، حتى غدا هذا اللقاء الدوليّ مناسبةً تُنتظر وتُعدُّ، ارتقاباً لحلولها،,الظرف الحالك، الا ه، حت دام اللقاء الحوليّ مناسية ُنتظر وتُقدّ، رقاً لوا ها,../data/muharaf_prepared_resized/train/train_008098.png,2025-11-28T11:21:51,Sana
train_007198,Valid but hard,,0.2637362637362637,وعا زنودها بتصير تنقلنا                                            من حضن حبقا الحضن جارتها,وعازودمنا يتير ن                                              م من ا ارتها,../data/muharaf_prepared_resized/train/train_007198.png,2025-11-28T11:21:51,Sana
train_016271,Valid but hard,,0.2631578947368421,باعها من بولسَ المكارى من محله بتمن الفى قرش على انه يعطيه بقيمة ذلك توت بجوار بيته من قطعة اشتراها من ريسَة دير مار سَمعان القرن وحيث ان صك شراه لم يكن,اباه عن ل المكار من حه من الاف رى على انه بعطيه بتمة ذل توت بجوار بيه من قطعة اشتراها من رسَة ويرار سما القرفن وحرين ان ش ام م كين,../data/muharaf_prepared_resized/train/train_016271.png,2025-11-28T11:21:52,Sana
train_007364,Valid but hard,,0.2631578947368421,تعبان من حملة هواك والجفا                                            ولا قسَي قلبي ولا قلبك رحم,تعيان من مل حاوك ا ف                                            ا ق قل لرحم,../data/muharaf_prepared_resized/train/train_007364.png,2025-11-28T11:21:59,Sana
train_020649,Valid but hard,,0.2631578947368421,لا تناسب غريب متلي يريد لنفسه من الفرص,لا تياسيا غريب مثلي بريد ليسنفيد من الفرض,../data/muharaf_prepared_resized/train/train_020649.png,2025-11-28T11:22:00,Sana
train_013691,Valid but hard,,0.2631578947368421,في 2 ايلول سنه 1940,في ٢ ايلول سنه ١٩٤١,../data/muharaf_prepared_resized/train/train_013691.png,2025-11-28T11:22:04,Sana
train_006627,Valid but hard,,0.2631578947368421,لما ببو عينها زق                           وتلفت صوبي مره,لما بيبو عينك زق                                      وتف مره,../data/muharaf_prepared_resized/train/train_006627.png,2025-11-28T11:22:07,Sana
train_006734,Valid but hard,,0.2631578947368421,وتاكون مره ما كسَرت بخاطرك                        من كل قلبي بقول الله يوفقك,وتاكون مره ما كسَرت بخاطرك                                    م لبل بلب بي لوقك,../data/muharaf_prepared_resized/train/train_006734.png,2025-11-28T11:22:08,Sana
train_006928,Valid but hard,,0.2631578947368421,واول ما قلي تا انسَلخ قلبي عليه                                  ليل الما فيش نصيب ليتو ما يكون,ا ول ما قليا اسلخ قلبي عليه                                     لي الي اي يون,../data/muharaf_prepared_resized/train/train_006928.png,2025-11-28T11:22:09,Sana
train_004267,Valid but hard,,0.2631578947368421,اكرر لثم يديكم وطلب دعاكم. اطال الله وجود سَيادتكم الداعي,اكرر لم يدكم وطب رعاكم. احال الله رجو بكم الدا,../data/muharaf_prepared_resized/train/train_004267.png,2025-11-28T11:22:11,Sana
train_017541,Valid but hard,,0.2631578947368421,رجع فهمان وجلس . . ورجع الرجل الى جميل,جه فهما وجلس ورجع الرجل ان حميل,../data/muharaf_prepared_resized/train/train_017541.png,2025-11-28T11:22:12,Sana
train_003434,Valid but hard,,0.2631578947368421,٢١ تشرين الاول ١٩١٩,٢١ تشرين الاول سة ١٩٣١,../data/muharaf_prepared_resized/train/train_003434.png,2025-11-28T11:22:15,Sana
train_015346,Valid but hard,,0.2631578947368421,نمرو ٦٤ اربعة وستين,نرو ٩٤ ربة وسَين,../data/muharaf_prepared_resized/train/train_015346.png,2025-11-28T11:22:17,Sana
train_000000,Valid but hard,,0.2631578947368421,لبنان في ١٧/١٠/١٩٦٠,لبنان في ١٩٧/٠/٦,../data/muharaf_prepared_resized/train/train_000000.png,2025-11-28T11:22:18,Sana
train_020579,Valid but hard,,0.2631578947368421,ذكيه كيف حال توترها,للية كيف حال تونترها.,../data/muharaf_prepared_resized/train/train_020579.png,2025-11-28T11:22:21,Sana
train_005656,Valid but hard,,0.2626262626262626,الاخرون فهذا من مقتضيات العدل والانصاف (١) فمن ثم اريد ان ابرهن لك انك انسبقت فى حكمك عليّ وانك انت,الاخون فغقدا ا متقينا العلد والانصاف اليا من ثم ازيد ان ابرهن لك انك اسَبعت فى حكم علي اك النت,../data/muharaf_prepared_resized/train/train_005656.png,2025-11-28T11:22:23,Sana
train_005716,Valid but hard,,0.2622950819672131,وسَياً فهذا خرب الرهبان اذا انهم بغياب الريس قطعو معنا كل علاقه كله فشكيت من ذلك لكاتم الاسرار وهذا انبههم والوكيل على سوء,وسَيداً فاذا خذر البا ان اهم بيات الريق قطول معن كل علاكه فشكي جن ذلك لكات الابشرا وذا ايهم والكل على سوء,../data/muharaf_prepared_resized/train/train_005716.png,2025-11-28T11:22:24,Sana
train_006673,Valid but hard,,0.2619047619047619,وديت روحي بطين جراها                                                     ردها الاهلا,ول                                                       رهالها,../data/muharaf_prepared_resized/train/train_006673.png,2025-11-28T11:22:25,Sana
train_010328,Valid but hard,,0.2619047619047619,مع قبلات كل افراد العائلة هنا         اخوك,مع قبلات كل افراد العالية هنا احوك,../data/muharaf_prepared_resized/train/train_010328.png,2025-11-28T11:22:26,Sana
train_017299,Valid but hard,,0.2619047619047619,امين : ما معى غير // ٢٥ //  ما بقي غيرهم .,امين: ما معى غيل /٢/ م بي غيرهم.,../data/muharaf_prepared_resized/train/train_017299.png,2025-11-28T11:22:27,Sana
train_011698,Valid but hard,,0.2615384615384615,لأَنّها ضمن صندوقة خشب ثمَّ أخبرك عن رجوعي من البيت أخذتُ تحريركم,لأّها صن صدقة خب ثم أبرك عن رجوي من البيت اخت احركم,../data/muharaf_prepared_resized/train/train_011698.png,2025-11-28T11:22:28,Sana
train_004089,Valid but hard,,0.2615384615384615,تدافع عن حقٍ؟ الم ترَ انه               ضحية ظلمٍ دفنتها الشرائعُ,تدافع عن حقٍ؟ الم ترَ انه                   ن  ل لئعُ,../data/muharaf_prepared_resized/train/train_004089.png,2025-11-28T11:22:29,Sana
train_001154,Valid but hard,,0.2615384615384615,ولكننا نظلم الحكام المحليين اذا افترضنا انهم جميعًا مثل ما ذكرنا.,ولكنانلكم الحام الحلبين اذا افترضنا رنه ميا عل م مكنا.,../data/muharaf_prepared_resized/train/train_001154.png,2025-11-28T11:22:30,Sana
train_008618,Valid but hard,,0.2615384615384615,نهيب بغل عزيز موسي جبور في ارض عقبة شدرا آخر حدود عكار بارض الحصن,هب بل عزين مسي جور فى ارض عبة شد اخر حدود قار بارض اض,../data/muharaf_prepared_resized/train/train_008618.png,2025-11-28T11:22:31,Sana
train_003319,Valid but hard,,0.2615384615384615,الأكبر، واني واثق بالله وبمولاي الغازي اننا سنتغلب على هذا العدو.,الاكبر. واني واثق اله بمولاي الفازي المظفر  على هذا العدود.,../data/muharaf_prepared_resized/train/train_003319.png,2025-11-28T11:22:32,Sana
train_004458,Valid but hard,,0.2613636363636363,كان لسيادته رحمه الله من المبرات فى خدمة الدين والانسانية فكان نبراس العلوم والفضائل فقد,كا سيده ه اله من المبرات فى خدمة الين والاسَاية كان بس العال والائف قد,../data/muharaf_prepared_resized/train/train_004458.png,2025-11-28T11:22:32,Sana
train_015667,Valid but hard,,0.2608695652173913,بيروت / ١٠ مارس سنة ٩٢٧,كروت ١٠ ماريل سنة ٩٢٧,../data/muharaf_prepared_resized/train/train_015667.png,2025-11-28T11:22:40,Sana
train_015210,Valid but hard,,0.2608695652173913,ثم صدقنا ورقتنا مع .. من بعض ..كان على الاسكلة,م صدفنا ورقتنا مع .له من بعرس الدي كان على الاسكل,../data/muharaf_prepared_resized/train/train_015210.png,2025-11-28T11:22:46,Sana
train_004099,Valid but hard,,0.2608695652173913,أأبسم والاخلاق يطمي فسادها               وظلم الموالي موكب اثر موكب ؟,أبسم والاخلاق يطمي فسادها                   للل الك ال  كب؟,../data/muharaf_prepared_resized/train/train_004099.png,2025-11-28T11:22:51,Sana
train_010364,Valid but hard,,0.2608695652173913,سنرسله عاجلا ونفهمك عنه,سرمله عاجلاً وفهحمك عن,../data/muharaf_prepared_resized/train/train_010364.png,2025-11-28T11:22:57,Sana
train_001861,Valid but hard,,0.2608695652173913,مريجات في ٣١ اذار / ٩٠٨,مريجات في ٣ اليار ٩٠٦,../data/muharaf_prepared_resized/train/train_001861.png,2025-11-28T11:22:59,Sana
train_003809,Valid but hard,,0.2608695652173913,يهديه ااشواقًا فوق بدور,يهديك اشواقوا اطون بدور,../data/muharaf_prepared_resized/train/train_003809.png,2025-11-28T11:23:00,Sana
train_019575,Valid but hard,,0.2608695652173913,اليه، رافع منار الثقافة,"الينّ"" رافع جثار الثقاقة",../data/muharaf_prepared_resized/train/train_019575.png,2025-11-28T11:23:01,Sana
train_001728,Valid but hard,,0.2608695652173913,حضرة الاخ الاعز المحترم,محصرة الاخ الاعذ الحدّم,../data/muharaf_prepared_resized/train/train_001728.png,2025-11-28T11:23:03,Sana
train_000641,Valid but hard,,0.2608695652173913,رأيتني اشحذ القلم واللسان بالانكليزيةـ واحبِّر,يني استخد القلم واللسان بالانكيزية، واحتبر,../data/muharaf_prepared_resized/train/train_000641.png,2025-11-28T11:23:05,Sana
train_016153,Valid but hard,,0.2606060606060606,وكان هذا البيع سَبباً لهلاك دين سَابق بذمة البايعين فملزوم بدفع متل التمن المسَطر لهذه المحكمة وبناءً على ما ذكر حكم بصحة البيع وتسَجل صكه بحسَب النظام شهود المصادقة,وكا هنا بي سَيا بلا ين سَاق دمن الباين مزوم بع شمل التمن المسَطر هذه الحكمة وبناءً على ما كر حكم بصحة البع وسَح ح بسَب الن هو الصاحرة,../data/muharaf_prepared_resized/train/train_016153.png,2025-11-28T11:23:06,Sana
train_014984,Valid but hard,,0.2605042016806723,حنا لا يزال مجاهد في بيعه ويوجد امل بهذه كي يقدر يتصرّف واذا لا فنقنّعه يأخذ نصفه ونصرف عليه اثنيننا مناصفة الى ان يرهم,ضنا لا ل ما ي يعه وجد امل هذا الكم يوم يتصرّف واذا لا فنققه ماخذ نصفه ونصرف عليه التنين ن صة الى ان يرهم,../data/muharaf_prepared_resized/train/train_014984.png,2025-11-28T11:23:07,Sana
train_006752,Valid but hard,,0.2602739726027397,وبليلة الما كان سَاهرها حدا                    عا مذبح الهجران يتماوج دمي,وبليلة الما كان سَاحرها حدا                             اا ا اه دي,../data/muharaf_prepared_resized/train/train_006752.png,2025-11-28T11:23:08,Sana
train_006747,Valid but hard,,0.2602739726027397,حتى بزفيري يحترق عشب الربيع                     ونيسَان تتشولط جعودو كلها,حتى بزفيري يحترق عشب الربع                                  ن    كلها,../data/muharaf_prepared_resized/train/train_006747.png,2025-11-28T11:23:09,Sana
train_020996,Valid but hard,,0.26,بضائع كافية وابيع اكتر منهم. فكان فلره صاحبكم أيوب,بضائع كامية واجميع الكترمهم ثكان مكره صاحيكم ايو,../data/muharaf_prepared_resized/train/train_020996.png,2025-11-28T11:23:10,Sana
train_015193,Valid but hard,,0.26,في الوادور الفرنسواي في شركة (ميساوي) اسمه (جورمن),الابور الفرنساي من شركه (ميساجي) اسن (جور من),../data/muharaf_prepared_resized/train/train_015193.png,2025-11-28T11:23:11,Sana
train_015186,Valid but hard,,0.26,وصلنا الخان ورتناهم و... واكلنا القمح واسترحنا ...,صلنا نحات ورتناهم و.م واكلنا لمد استرحنا ج.,../data/muharaf_prepared_resized/train/train_015186.png,2025-11-28T11:23:12,Sana
train_007678,Valid but hard,,0.26,ودوا بعطيك نتفة قابلييّ     لأنك عم بتضعف يا ضنايي,ودوا بعطيك نقة قابلي     لأمك عل بتطع في اخناي,../data/muharaf_prepared_resized/train/train_007678.png,2025-11-28T11:23:12,Sana
train_015170,Valid but hard,,0.26,منا الجمعة ريان وحمص فاجبنا كلبهم وجبنا المزين ...,نا الجماع رينات وحم فاجنا طلهم وجبنا المزين ولهم,../data/muharaf_prepared_resized/train/train_015170.png,2025-11-28T11:23:13,Sana
train_020067,Valid but hard,,0.26,ان توضع هذه الكتابات حالًا وتُرسل في اقرب وقت ممكن,ان يتض هذه الطباً حاً وُرسل في اقهب وقت مكب,../data/muharaf_prepared_resized/train/train_020067.png,2025-11-28T11:23:20,Sana
train_016111,Valid but hard,,0.2597402597402597,شايعة بقطعة ارض زيتون بالصوان نمرو ٢٣٩ قيراط ٥ حبه ٦ يحدها من الاربع جهات، ملك الشيخ كنعان الضاهر وابن اخيه الشيخ ضاهر وبقطعة ارض سَليخ وزيتون وتوت ومختلف,سايعة بقة الرين بين والا ن ٥ قر د يدها من الابع جهات، ملك الشيخ كفان المضار وان اخيه الشيخ خاهر وبقطعة ارض سَليخ وزيون وتوت وخلف,../data/muharaf_prepared_resized/train/train_016111.png,2025-11-28T11:23:22,Sana
train_016183,Valid but hard,,0.2597402597402597,ولم يبق لنا بذمته بارة النرد بيعاً وشراءً صحيحين شرعيين باتين نافدين لازمين مرعيين خاليين من الغبن والغرر والاكراه والاجبار والتخلية والاطوار وكل شرط فسَد,ولم بن م بارة الرة بياً وشرً حيمن شرعين باتين نافدين لازين مرعينخالين من الفين والفر والاكرا والاجار والخية والاور ك ش ش,../data/muharaf_prepared_resized/train/train_016183.png,2025-11-28T11:23:23,Sana
train_015141,Valid but hard,,0.2592592592592592,الساعة ١٢ من النهار والبلد معنا والهواء نوعًا قليل حتى,الساعة ٩ ة الهاد ولر معنا رالهواء نوعاً تليل حتى,../data/muharaf_prepared_resized/train/train_015141.png,2025-11-28T11:23:29,Sana
train_006308,Valid but hard,,0.2592592592592592,- المحبة تبني والبغضاء تهدم,المحبة تبني والبغف انهدم,../data/muharaf_prepared_resized/train/train_006308.png,2025-11-28T11:23:31,Sana
train_006658,Valid but hard,,0.2592592592592592,ومن سَرختكت ليش الحمام بتزوديه                       تا يخبرك اني على الفرقا بنوح,ومن سَرختك ليش الحمام بتزوديه                                     اي الي الاي ل نوح,../data/muharaf_prepared_resized/train/train_006658.png,2025-11-28T11:23:41,Sana
train_012379,Valid but hard,,0.2592592592592592,الصحافي والشاعر ميشال قهوجى,الصحافي والشاعر مي وب,../data/muharaf_prepared_resized/train/train_012379.png,2025-11-28T11:23:45,Sana
train_015097,Valid but hard,,0.2592592592592592,بلد مستجده طيبه مظهرها لطيف أسواقها حلوه بيوتها الأعلى,بله مشحدة طيبة مظرها لطف اسواعها حلوم بيوتها الاجل,../data/muharaf_prepared_resized/train/train_015097.png,2025-11-28T11:23:46,Sana
train_014973,Valid but hard,,0.2589285714285714,بفكر وان شاء الله الحين ورود تلغرافكم في بيروت تكون حضرة ويصير ... بموجب تفويضكم في بيروت الذي نحن بانتظاره فصور,بفكر وان شاء الله حني ورود تلورافكم من جروت لن حضرة ويصير شحها موجب تور فيه مروت الذي نحن بانتعطاره. تصور,../data/muharaf_prepared_resized/train/train_014973.png,2025-11-28T11:24:11,Sana
train_007012,Valid but hard,,0.2588235294117647,والغرام بيسَتحي فينا                                                    وبيصير تاركنا,وال                                                       بي رنا,../data/muharaf_prepared_resized/train/train_007012.png,2025-11-28T11:24:12,Sana
train_016291,Valid but hard,,0.2587412587412587,له صورة مصدقة عن الاسَتدعا المذكور وفى الوقت المعين حضر المعترض المحرر والمعلم بشاره طعمه الشويرى قاطن البترون بالوكالة المصدقة عن المعترض عليه,له ورة قدة عى السَعا المذرور فى الوت المعين حضر المعرض المحرر والمعلم بشار عه الشور اطان البر بالماكة المة المضضة المض اليه,../data/muharaf_prepared_resized/train/train_016291.png,2025-11-28T11:24:16,Sana
train_000205,Valid but hard,,0.2584269662921348,بالرضا والقبول والايجاب والتسلم والتسليم من الطرفين وقد خرجت كل قطعة من ملك مالكها الاصلي,بالبرا والقولي والايب والسَلم والسليم من الطرفين وقد خرب كل فوه مل كا الاصلي,../data/muharaf_prepared_resized/train/train_000205.png,2025-11-28T11:24:18,Sana
train_007305,Valid but hard,,0.2584269662921348,طايرا بقلبها وافكارها                                             ومكسَرا جناحاتها ومنتفي,طاير ا بيتقلبها  واف ار                                              ا نتفي,../data/muharaf_prepared_resized/train/train_007305.png,2025-11-28T11:24:19,Sana
train_005484,Valid but hard,,0.2580645161290322,الجمهور المنتظر عملنا بياناً عموميًا لاجل طيه واظنه برضي ارباب,الجهور المتر طملنا باتاً مدياً لاطل طيه وانه بي اراب,../data/muharaf_prepared_resized/train/train_005484.png,2025-11-28T11:24:20,Sana
train_000247,Valid but hard,,0.2580645161290322,لحضرة مختار وهيأة اختياره لقرية,لحضرة قمار جهيئة اخثياره كرية,../data/muharaf_prepared_resized/train/train_000247.png,2025-11-28T11:24:24,Sana
train_000345,Valid but hard,,0.2580645161290322,اني مرسل خمس ليرات لطوني وجانات,اني مرسل بجانت خت ليرات لطوني وجانات,../data/muharaf_prepared_resized/train/train_000345.png,2025-11-28T11:24:26,Sana
train_010449,Valid but hard,,0.2580645161290322,بعد قبلتك واهدائك الشوق انشالله تعالى تكوني انتِ وعائلتك بتمام,بعد قبلك واهائك الشون الناله لقالى توني ات عالك تام,../data/muharaf_prepared_resized/train/train_010449.png,2025-11-28T11:24:27,Sana
train_008952,Valid but hard,,0.2577319587628865,ولما تحوجني الضرورة اتم ذلك مثل غيري كاتب                          الضرورة اتمم ذلك متل غيري كاتب,ولما تحدجني الضرورة اتم ذلك مثل غيري كاتب                                  للالا الحر الحرم ح اكاب,../data/muharaf_prepared_resized/train/train_008952.png,2025-11-28T11:24:28,Sana
train_014165,Valid but hard,,0.2577319587628865,بالامكان التغاضي عن السَير بالكرم المذكور ولما كان هذا التهدم يؤدي على خطر محتم على جسَر قريب جدا,لاكن ااي من السَيد بالكم المذكور ولما كان هذا الكمهم عؤودي على خظر متم على حر قي حداك,../data/muharaf_prepared_resized/train/train_014165.png,2025-11-28T11:24:29,Sana
train_008833,Valid but hard,,0.2574257425742574,عرفت ان كهنة ديرهم الذين عمّا يقدسَوا بالدير متل الخوري ابراهيم الذريبى والصافتلي هولا معيَّن لهما ٢٥,عرت ان كهنة براهم الذين عمًّ يندسَوا بالدير مثل الخوري براهم الذي والصافلي لا ي اا,../data/muharaf_prepared_resized/train/train_008833.png,2025-11-28T11:24:29,Sana
train_010989,Valid but hard,,0.2574257425742574,عن حضرتكم %% وذلك غاية الوصية تكون عنا الرب الا الله يسال عنكم بقدير اتفاقيه ونحن من حين رضاكم ودعاكم,عن نحضركم الا وذلك غاية الوصيدة تسَلون عنا الدب الله يسَا عنكم بعدير انعامه وتحنوا من حسن رضاكم وعاكم,../data/muharaf_prepared_resized/train/train_010989.png,2025-11-28T11:24:30,Sana
train_015966,Valid but hard,,0.2574257425742574,وتوابعه وما يعرف به ويوكل اليه شرعاً بثمن سبعة واربعين الف قرش سَوري مقبوض تماماً بيعاً وشراءً صحيحين,ونواعرد ما بعرفبه وبوك اليه شرعاً بهن سبعة واربعين اسف فرش سَوري بغورض فاما بيعاً وشرا جلين,../data/muharaf_prepared_resized/train/train_015966.png,2025-11-28T11:24:31,Sana
train_013397,Valid but hard,,0.2571428571428571,"مبلغ أجمالي قدره / ١١,٥٠٠,٠٠٠/ل. ل.","بمبلغ أجمالي قدره ١,٠٠٠/ ل. ل.",../data/muharaf_prepared_resized/train/train_013397.png,2025-11-28T11:24:38,Sana
train_015147,Valid but hard,,0.2571428571428571,....ودكان فيه نصراني يصرف ... واكثر,... وكان فيه نصرني .صرف .. وو و,../data/muharaf_prepared_resized/train/train_015147.png,2025-11-28T11:24:39,Sana
train_008954,Irrelevant / signature,,0.2571428571428571,الحاج القبيات                               الدرىى القىىات                                    رعد القبيات,الحا                                             لد ى الى                                       اب,../data/muharaf_prepared_resized/train/train_008954.png,2025-11-28T11:24:44,Sana
train_015354,Valid but hard,,0.2571428571428571,وبناءٍ على ذلك حكم والراى متفق فى الدرجة الاولى بتبرئة كلا هذين الشخصين مما عزي اليهما وبتضمينهما اشراكاً,وبناء على الى حكم والمرى متق فى الدرجة الول بتراة كلا هذين الشخي م الزي الها وما شراً,../data/muharaf_prepared_resized/train/train_015354.png,2025-11-28T11:24:46,Sana
train_015818,Valid but hard,,0.2571428571428571,استرداده متى شاء تحريراً ١١ ت١ ١٩١٩,سترواده متى شاء تحريرً / ١ ب١٩٣١,../data/muharaf_prepared_resized/train/train_015818.png,2025-11-28T11:24:48,Sana
train_005604,Valid but hard,,0.2567567567567567,دراهم المتوفى الباشا اتي لهنا فهو يشبه خليل غازي فمر لعند البطرك ونام هناك,راهم العوفى البا اني لنا فهو يتي خليل غادي فر عتد البطرا وام نها,../data/muharaf_prepared_resized/train/train_005604.png,2025-11-28T11:24:49,Sana
train_016980,Valid but hard,,0.2566371681415929,ما اشعر اني حسب العادة موجود فيما بينكم احدثكم وبلحظة ارى ذاتي بعيداً عنكم فيشملني الحزن والاسف واندب سؤ حظي الذي,ما اسشوا ب العادة مو فنا بنكم احدتكم وبلخة ارى ذاتي بعياً عنك يشملي الزن والاس واندس وجطي الذي,../data/muharaf_prepared_resized/train/train_016980.png,2025-11-28T11:24:51,Sana
train_016004,Valid but hard,,0.2565789473684211,هي ملك المدعى المحرر وبيده وتصرفه من عشرين سَنة واما الان فهى بيد المدعى عليهما وشاهداً اخر هو ابراهيم عبدالله من اميون وغب حلفه اليمين شهد بوصيه الوكيل,هه المدك المعرى المحر وبيه وصوته من عرية سنة واما الن فهى بيد المعى ليها وشاهداً اضر هو ابرهيم عبد اله من ابنو وبغ له المي ه ه ال كل,../data/muharaf_prepared_resized/train/train_016004.png,2025-11-28T11:24:52,Sana
train_010878,Valid but hard,,0.2564102564102564,على تحريركم هذه يطلع على كل شي ولا لزوم,على تحريركم هن يضلع على كلي ولا,../data/muharaf_prepared_resized/train/train_010878.png,2025-11-28T11:24:55,Sana
train_006335,Valid but hard,,0.2564102564102564,لا يكفي ان نتكلم على الجنوبيين في صبرهم,لا كي ان نتكم على لجنوين اي هم,../data/muharaf_prepared_resized/train/train_006335.png,2025-11-28T11:24:57,Sana
train_005678,Valid but hard,,0.2564102564102564,فى السَنة الاولى بكاملها كان دائماً يكلف الاخ بولس ذاته حتى يحرر له تحاريره ولما راى بعض فشي سرّ عَدَل فاغتاط الجماعة,فسى السَة الالى بكلها انا اً يلف الاخ بلس راته حتى تحر له تكاريرُ ولبا راي يعض شي شرَ َد العاط الجاعة,../data/muharaf_prepared_resized/train/train_005678.png,2025-11-28T11:24:58,Sana
train_010106,Valid but hard,,0.256198347107438,والتصرف به كتصرفها باملاكها الخصوصية اقراراً صحيحاً شرعياً بايجاب وقبول تحريراً في ٢٠ تشرين الثاني سنة ١٩٥ المقرة بما فيه,والتر به تفراها بم كا الخصوصية اراً حياً شرعياً بيجاب وقبل تحرً في٢ شرين الثاني ن ٩ المرم من فايه,../data/muharaf_prepared_resized/train/train_010106.png,2025-11-28T11:25:07,Sana
train_005855,Valid but hard,,0.2560975609756097,نعمائه وهىئًا للوظيفة التي نالتكم ونلتموها وهنئًا لكم بما رقيتم واذادكم الله علآءً,نعائه وهناً لوطيفة التي نالتكم ونلتموها وهنا لكم باقيم واذام ال كر,../data/muharaf_prepared_resized/train/train_005855.png,2025-11-28T11:25:10,Sana
train_007130,Valid but hard,,0.2560975609756097,وبكرا متى وصلت بنا الشط الحمام                        وموج الغنا طرطش على رفاريفها,وبكرا متى وصلت بنا الشط الحمام                                   ول الى الرى فر رفها,../data/muharaf_prepared_resized/train/train_007130.png,2025-11-28T11:25:11,Sana
train_000244,Valid but hard,,0.2558139534883721,لفًا اوراق التمغة اللازمة ورسم طابع المختار,لفاً ادراض التمفة اللازية رسم اطمال المختار,../data/muharaf_prepared_resized/train/train_000244.png,2025-11-28T11:25:13,Sana
train_015229,Valid but hard,,0.2558139534883721,لم نرى له اخ حتى يومنا هذا و...قيل كلمة علم,م نرى له واخي حتى يومنا هذا وه  فل كلق على,../data/muharaf_prepared_resized/train/train_015229.png,2025-11-28T11:25:15,Sana
train_018873,Valid but hard,,0.2558139534883721,بعد ان عجز عن افهامه بما كان يفهمه من اللغة,بعد ان عز عن افهامه بما كان يفعمه,../data/muharaf_prepared_resized/train/train_018873.png,2025-11-28T11:25:25,Sana
train_011586,Valid but hard,,0.2553191489361702,بكلوربة ايه انا حاعلم كستا سنه اتنين (pratique),للوربة ايه انا حاعلم كستاسنه اثنين (e,../data/muharaf_prepared_resized/train/train_011586.png,2025-11-28T11:25:27,Sana
train_014999,Valid but hard,,0.2553191489361702,ويعملون الطريق منزلين ... المنزل ليناموا قليلًا,يعملون الطريق مانزلين . المرل لنانيوا قلاً,../data/muharaf_prepared_resized/train/train_014999.png,2025-11-28T11:25:29,Sana
train_006857,Valid but hard,,0.2553191489361702,لو صار تراب الارض فرسَان ونصال                                  وموج البحر يفقش على الشاطي حمم,لو صارة تراب الارض فرساى ونصال                                      ل لي ا حم,../data/muharaf_prepared_resized/train/train_006857.png,2025-11-28T11:25:30,Sana
train_010397,Valid but hard,,0.2553191489361702,ولكن الله مهو زيدله يفرح شبابه ) اعز دني يانجال,وكن الله رع بدله يفدح ثبابه) عزني يانجال,../data/muharaf_prepared_resized/train/train_010397.png,2025-11-28T11:25:35,Sana
train_000753,Valid but hard,,0.2549019607843137,جانباً – برفقٍ، ارجوك، لا بعنف – وتستمر في التدخين،,جانباً – يرفق ادو لغف – وتستمر في التخين،,../data/muharaf_prepared_resized/train/train_000753.png,2025-11-28T11:25:37,Sana
train_014992,Valid but hard,,0.2549019607843137,يوم الخميس ٩ اذار طلعنا من القلعة الساعة ٨ من الليل,يوم الثال الخيس ٩ اذار. طلعنا من الفلص الساعة من الليل,../data/muharaf_prepared_resized/train/train_014992.png,2025-11-28T11:25:43,Sana
train_020481,Valid but hard,,0.2549019607843137,ارجوك أيها الأخ ان تطمن بالها فاني لا اخالف نصائحها,فارجوك ايها الاخ ان طمن باليها فاني الالمجالف نصار,../data/muharaf_prepared_resized/train/train_020481.png,2025-11-28T11:25:45,Sana
train_016382,Valid but hard,,0.2547770700636942,المدعى وقد اتصلت اليه بالشرا بموجب صك مسَجل من يوسَف جبور الشيخا الذى كان واضعاً يده عليها ومتصرفاً بها من مدة طويلة مما يؤكد كون القطعة ملك موكله وبيده اخذه,المدى وقت اله البرا وب حكم سَل من يسَ جور الشينا الذى كان واضعاً يده عليها وتصرفا با من مدة وطية وم يك ون القعة له مكه ويه اخده,../data/muharaf_prepared_resized/train/train_016382.png,2025-11-28T11:25:46,Sana
train_016214,Valid but hard,,0.2547770700636942,هذا الاعلام نسَختين من محكمة بدايه قضا البترون يعرض على عزتلو قايمقام الافخم كى غب اجرا ايجابه يسَلم لكل فريق نسَخة تحريراً فى ١٤ ربيع اول /٣٠٥ وفى ١٧ت٢ /٣٠٣,هذا اللا عم سَتين من حكمة باي قضا الترون بعض على غرتو ايق ام الافم كى غب اجرا ايجابه سَلم ل في نسَخة تحريرً فى ري لس ٣٠ وى ١ س٣٠٣,../data/muharaf_prepared_resized/train/train_016214.png,2025-11-28T11:25:47,Sana
train_004380,Valid but hard,,0.2545454545454545,امّا الكنائسَ بقيت سَالمة رغمَا عن اضرار خفيفة. والسَهل,امّا الكناسَ فنفيت سَالمة دغماً عن اخرار خقيقة، والشهى,../data/muharaf_prepared_resized/train/train_004380.png,2025-11-28T11:25:48,Sana
train_015834,Valid but hard,,0.2543859649122807,بتاريخ ادناه انا الموضوع اسَمي بذيله سليمان بن حبيب سليمان يعقوب العثماني من سبعل قد وكلت والدي حبيب المرقوم ليدفع,بتاراخ ه انانا الموض اساي يه سليمان بن حب سليمان يعقوب العماني من سبل قتد ولت الدي بي المرم م,../data/muharaf_prepared_resized/train/train_015834.png,2025-11-28T11:25:49,Sana
train_015267,Valid but hard,,0.2542372881355932,للمينا وجدنا مظهره لطيف للغاية من الجهتين محصن بالاستحصانات,لينا وصدنا مطر لطيف للغايه من الجهتنين محصضن الرسح الان,../data/muharaf_prepared_resized/train/train_015267.png,2025-11-28T11:25:50,Sana
train_020884,Valid but hard,,0.2542372881355932,كروش وهو بصحة جيدة ويرسل سلامه الى اهله واخوه الخواجة نقولا,مكرورس وهو يصة جيدة وبرسل سلامه الى اصله واخو لحرا تقدلا,../data/muharaf_prepared_resized/train/train_020884.png,2025-11-28T11:25:51,Sana
train_010406,Valid but hard,,0.2542372881355932,بان اعظم هدية عنده اني لا ازعل ولا اتعب وهذي هدية نعمه الله,بان عظم هدية نده اني وازهل ولا لتعب وهذه هدية عه,../data/muharaf_prepared_resized/train/train_010406.png,2025-11-28T11:25:52,Sana
train_016229,Valid but hard,,0.2539682539682539,المحكمه استدعا مقدم من اسَعد امطانيوسَ الشيخه العثماني من اهدن حاصله انه يطلب من خليل جبور الشيخا من محله مبلغ الفين وتسَعماية,الا المحكمة استدعا معدم في اسَند انطائيرسَ الشيق العيمانى من هدن حاحله انه يطلب له من خليل جور الشيخا من مل مل الغاي وسَحمياية,../data/muharaf_prepared_resized/train/train_016229.png,2025-11-28T11:25:53,Sana
train_008296,Valid but hard,,0.2539682539682539,... ووافت اللحظة الغرّاء حين غدا		عقدُ الاواصر مبنيّاً على خطلِ,وانت الحخظة الغرار حين غدا عقدُ الاداهر مبنياً على خطلٍِ,../data/muharaf_prepared_resized/train/train_008296.png,2025-11-28T11:25:54,Sana
train_016744,Valid but hard,,0.2539682539682539,ثلاثة قراريط من اصل اربعة وعشرون قيراطاً بكامل القطعة الأرض الشهيرة بمحلة صلان شراكة الحاج حسَين عويض عبد الباقي الكاينة بخراج,اة ري امن ال اراعة وشرين قراطاً بكامل القطعة الأرض الشتيرة بحلة صلا شركة الحاح حين عريه حيد الاي الانية جرج,../data/muharaf_prepared_resized/train/train_016744.png,2025-11-28T11:25:55,Sana
train_018731,Valid but hard,,0.2537313432835821,انما صار الو دين عند بعض اناسَ في العمشت واحوال ماشيت.. ..  واصل طه,ما صار الوديز عند بعض اناس في الضن واحوالا ماشية. . واحل طرب,../data/muharaf_prepared_resized/train/train_018731.png,2025-11-28T11:25:56,Sana
train_018599,Valid but hard,,0.2535211267605634,السَيدة ابنت عمكم وانجالكم المحروسين ودام الله شريف وجودكم للدوام سيديَ,السيدة ابت م وانجالك والمروسين ودم الله شرف وجيودمَ للدوجح سَيدى,../data/muharaf_prepared_resized/train/train_018599.png,2025-11-28T11:25:57,Sana
train_007116,Valid but hard,,0.2533333333333333,والسهر حتى السهر ذاتو                                مشركل الف غفوي برمشاتو,والسهر حتى السهر ذاتو                                         كر لر الفر رشراتو,../data/muharaf_prepared_resized/train/train_007116.png,2025-11-28T11:25:58,Sana
train_015597,Valid but hard,,0.2533333333333333,القرار الصادر بدعوى حبيب لحود عازار وداود شهدان نجم كليهما قاطنان قصبة جزين,القرار الصادر بعوى حبيب لحور عزار وداد شهوان نخجيم ليم ا قنية رين,../data/muharaf_prepared_resized/train/train_015597.png,2025-11-28T11:25:59,Sana
train_018061,Valid but hard,,0.2533333333333333,فريد التحيات. هذا وفي الختام اكرر تقبيل يديكم وطلب رضاكم ودعاكم ودمت سالمين,مري حات. هذا وفي تام اكر قبيل يديكم وطلب رضكم وماكم وم ثاين,../data/muharaf_prepared_resized/train/train_018061.png,2025-11-28T11:25:59,Sana
train_010965,Valid but hard,,0.2533333333333333,ازًا كفة حرن الى النية وقلة لها تسلخه ولدك الفين غرش كنهة حرك لها ذالك يكون,اذً كنة حر% الى النة وقلبة لها سلمة ولد الفين غرش فاذً كنهة صررة لها ذاك يكون,../data/muharaf_prepared_resized/train/train_010965.png,2025-11-28T11:26:01,Sana
train_006763,Valid but hard,,0.2533333333333333,الدنيا اذا افتخترت برفعة قدها                    شطرين في ضربة حسَامي بقدها,الدينا اذا افتخرت برفعة قدها                            ر بي بي ي بدها,../data/muharaf_prepared_resized/train/train_006763.png,2025-11-28T11:26:03,Sana
train_006760,Valid but hard,,0.2533333333333333,قضيت العمر سَهران انا وقلبي سَوا                نتلاطم تنيناتنا ببحر الولوع,قضيت العمر سَهرات انا وقلبي سَوا              نن انا ا الوع,../data/muharaf_prepared_resized/train/train_006760.png,2025-11-28T11:26:06,Sana
train_006770,Valid but hard,,0.2531645569620253,وحتى  المنية ان فتحت عليي بواب                     بسَتف الجماجم والعظام بسَدها,وحتى المنية ان فحت علي بواب                   تا الا بلم َدها,../data/muharaf_prepared_resized/train/train_006770.png,2025-11-28T11:26:07,Sana
train_006650,Valid but hard,,0.2531645569620253,راح الحبيب عا جناح نسَمات الغوى                       وبقيت وحدي قاعد بخلوة نوى,راح الحبيب عا جناح نسَمات الفوى                                   قق ق ا ا لنوى,../data/muharaf_prepared_resized/train/train_006650.png,2025-11-28T11:26:08,Sana
train_016118,Valid but hard,,0.2530864197530864,باسَقاط المدعى من حق المحاكمة وتضمينه العطل والضرر والمصارفات الرسَمية فتاجل النظر بطلبه لنهار الجمعة الواقع فى ١٣ ت٢ سنة ٣٠٣ قد حضر وكرر طلبه المسَطر فاعلن الرئس,باسَقاف المدى عن حن المحاكمة وتضيه العطل والضرر والمارقات الرسمة فتاجل انظر بطليه لهار الجمع الواق ى س ٣٠ قر ر طلط السطة عر الرئس,../data/muharaf_prepared_resized/train/train_016118.png,2025-11-28T11:26:09,Sana
train_016254,Valid but hard,,0.253012048192771,اعلام دعوى مرون ولطيفه بنتى جرجسَ شديد من مزرعة بيت ابي صعب مع يوسَف طنوسَ طربيه من,اعلام عوى مرون وطليه بنتحر رجسَ شديد من زعة بيت اجب ع وسف اطسَ طريه من,../data/muharaf_prepared_resized/train/train_016254.png,2025-11-28T11:26:11,Sana
train_007287,Valid but hard,,0.253012048192771,بتخمنو ورقة خريف تحت الغصون                          وابواب جفنو حارسَ عليها السَهر,بتخمنو ورقة خريف تحت الغصون                                    وبوا ا ا الالَر,../data/muharaf_prepared_resized/train/train_007287.png,2025-11-28T11:26:12,Sana
train_010934,Valid but hard,,0.253012048192771,متعلق بنا غير فنا حتى سيدي الوالد لم له تعلق %% وانا وثق بقي يدًا واحتى %% كانه ذاك,متعلق بنا غير تحلافنا حتى سيدي الوالد لم له تعلق بذلك وانا وشقايقي يدا واحد فاذًا كان ذلك,../data/muharaf_prepared_resized/train/train_010934.png,2025-11-28T11:26:13,Sana
train_000234,Valid but hard,,0.2527472527472527,فى السجل الموجود عندكم والمبادرة حالاً ببذل كلما في جهدكم لتحصيل مال هذه السنة مع مال سنتين,في السجل الجوع اندكم والمبادة حلً بول كما في جدكم لخصي ل هذه النة معم الا شتين,../data/muharaf_prepared_resized/train/train_000234.png,2025-11-28T11:26:14,Sana
train_015309,Valid but hard,,0.2526315789473684,"الجرم. وبناءٍ على ما تقدم وتوفيقاً للمادة الـ١٧٩ فقرتها الاولى من قانون الجزاءِ ونصها ""..."" حكم",الجرم. وبناعا لا تقدم وتويقاً لمادة الـ١٣١ فقرتها الاولى من قون الجرء و . وحكم,../data/muharaf_prepared_resized/train/train_015309.png,2025-11-28T11:26:15,Sana
train_002645,Valid but hard,,0.2524271844660194,فى الوصول الى النتيجة التى نسعى اليها جميعاً، ويشهد الله اننا لم نؤثر على المصلحة العامة شيئاً ولم نسعى,فى الو لنى التية الن سى اليها جميعاً، ويشهد الله انتن لم ثور على المصلحة الشاةً وباً ومسع,../data/muharaf_prepared_resized/train/train_002645.png,2025-11-28T11:26:17,Sana
train_008636,Valid but hard,,0.2524271844660194,مجيدى وخمسة بشالك وضربه ضرباً مولماً واشهار السلاح عليه وتهديده بالقتل وذلك على الطريق العام بخراج خربة,مجورى ورسشة بال وخره ضياً ولاً واشهار السلاح عليه وتهديه بالقل وذك على الرف الما جر جربة,../data/muharaf_prepared_resized/train/train_008636.png,2025-11-28T11:26:18,Sana
train_016164,Valid but hard,,0.2515723270440251,فسَئل عن اسَما شهوده فاجاب هم يوسَف طنوسَ البطى وموسَى نوهرا الشمار ومخايل طنوسَ البطى واكثر من ذلك ما عنده تم بتاريخ ٢٧ ايلول سنة ٢٩٩ حضر دانيال ولحود المذكور,فسَلَ عن سَا هوه فخا بهم يوسَف طنوس ابط وموسى نوها الشمار مخايل طنوسَ البط واكثرم ذلك ما عنده م بارخ ٢ يل سنة٩٠ ضريا ال المو المكيرن,../data/muharaf_prepared_resized/train/train_016164.png,2025-11-28T11:26:19,Sana
train_004213,Valid but hard,,0.25,ابى راسد,ابي راس,../data/muharaf_prepared_resized/train/train_004213.png,2025-11-28T11:26:21,Sana
train_004397,Valid but hard,,0.25,وابرشية صيدا هما اللتان قد نكبتا وكانا فدا لبنان هذه,وبرسية صيداهما اللتاب فد نكيقار كا نا قد البنان هذه,../data/muharaf_prepared_resized/train/train_004397.png,2025-11-28T11:26:22,Sana
train_009846,Valid but hard,,0.25,"٢""\- الأموال","٢"" -ألأموال",../data/muharaf_prepared_resized/train/train_009846.png,2025-11-28T11:26:25,Sana
train_021394,Valid but hard,,0.25,دمشق,ومشق,../data/muharaf_prepared_resized/train/train_021394.png,2025-11-28T11:26:26,Sana
train_010801,Valid but hard,,0.25,عن ماننت وسَط فرجنيا,عن ما ننت ولسط فرجسَيا,../data/muharaf_prepared_resized/train/train_010801.png,2025-11-28T11:26:28,Sana
train_007332,Valid but hard,,0.25,وشوفي الضفاف قايم مخلق عالمياه                          من عياط النهر جفلت غفوتو,وشوفي الضفاق قايم مخلت عليه                                  عن عل الظ غ فوتو,../data/muharaf_prepared_resized/train/train_007332.png,2025-11-28T11:26:29,Sana
train_007308,Valid but hard,,0.25,قصيدة غزلية عنوانها  .  .  .  عرزالك,قصيدة غزلية عنوانها    زالك,../data/muharaf_prepared_resized/train/train_007308.png,2025-11-28T11:26:30,Sana
train_004577,Valid but hard,,0.25,ولدكم الاسيف,ولدك الاسق,../data/muharaf_prepared_resized/train/train_004577.png,2025-11-28T11:26:35,Sana
train_003174,Valid but hard,,0.25,١٩٢٣,١٩٢,../data/muharaf_prepared_resized/train/train_003174.png,2025-11-28T11:26:37,Sana
train_003217,Valid but hard,,0.25,الفردوسي,الفردسي:,../data/muharaf_prepared_resized/train/train_003217.png,2025-11-28T11:26:41,Sana
train_010879,Valid but hard,,0.25,ان احرر لحضرته بذاك الشان بما اني اعلم جيداً,حضرر الحضرة بذاكم الشان بما اني اعله جيدا,../data/muharaf_prepared_resized/train/train_010879.png,2025-11-28T11:26:45,Sana
train_004542,Script mismatch (non-Arabic),,0.25,EAK1A-88,EAK1A-6,../data/muharaf_prepared_resized/train/train_004542.png,2025-11-28T11:26:47,Sana
train_020682,Valid but hard,,0.25,في باريس والورق بول للآن ما تيسر شيء,باريس والورق يقل للآنما تنير شيء.,../data/muharaf_prepared_resized/train/train_020682.png,2025-11-28T11:26:50,Sana
train_004642,Script mismatch (non-Arabic),,0.25,EAK1A-99,EAK1A-5,../data/muharaf_prepared_resized/train/train_004642.png,2025-11-28T11:26:52,Sana
train_020385,Valid but hard,,0.25,والنقل .,والفقل.,../data/muharaf_prepared_resized/train/train_020385.png,2025-11-28T11:27:01,Sana
train_002193,Valid but hard,,0.25,"""النادي العائلي""",الفادي العائي,../data/muharaf_prepared_resized/train/train_002193.png,2025-11-28T11:27:03,Sana
train_010931,Script mismatch (non-Arabic),,0.25,1902,190,../data/muharaf_prepared_resized/train/train_010931.png,2025-11-28T11:27:07,Sana
train_004506,Script mismatch (non-Arabic),,0.25,EAK1A-81,EAK1A-2,../data/muharaf_prepared_resized/train/train_004506.png,2025-11-28T11:27:09,Sana
train_005702,Valid but hard,,0.25,البطرك بامر الطاعة بالرجوع فاذا البطرك اعطى حق للخوري وفي بادي الامر يظهر (كماقال المطران الياس) ان غبطه طرد,البطر امر الاعة بالرجوف فاذ البر على حق للوري وضي عادي الامر يضير كما قال المطري الان ان طه,../data/muharaf_prepared_resized/train/train_005702.png,2025-11-28T11:27:12,Sana
train_004416,Valid but hard,,0.25,شاكراً. والجنرال كاترو اجاب انشالله قريباً نشاهد,شاكراً. والحنرال كانر واجاب اناه قرباً عد,../data/muharaf_prepared_resized/train/train_004416.png,2025-11-28T11:27:19,Sana
train_015763,Valid but hard,,0.25,- هذا المنصبيه -,- حها المنضبي -,../data/muharaf_prepared_resized/train/train_015763.png,2025-11-28T11:27:20,Sana
train_019112,Script mismatch (non-Arabic),,0.25,BEYROUTH,BEYOTH,../data/muharaf_prepared_resized/train/train_019112.png,2025-11-28T11:27:22,Sana
train_012973,Valid but hard,,0.25,كميل نصر,كليلا نصر,../data/muharaf_prepared_resized/train/train_012973.png,2025-11-28T11:27:25,Sana
train_014662,Valid but hard,,0.25,على عواهِنِها ؛ بل حاولت التّدَخُّلَ,على عواجنبها ؛ بل حاولتُ التَّحّلَ,../data/muharaf_prepared_resized/train/train_014662.png,2025-11-28T11:27:26,Sana
train_014864,Valid but hard,,0.25,"المنسي من الوطن؟""...","المنسيّ من الوطن""؟",../data/muharaf_prepared_resized/train/train_014864.png,2025-11-28T11:27:27,Sana
train_015740,Valid but hard,,0.25,""" تعميم""",""" نعيم""",../data/muharaf_prepared_resized/train/train_015740.png,2025-11-28T11:27:28,Sana
train_011540,Script mismatch (non-Arabic),,0.25,ME-21 12,ME-211,../data/muharaf_prepared_resized/train/train_011540.png,2025-11-28T11:27:31,Sana
train_013490,Segmentation error,,0.8775510204081632,٢١ شباط سنة ٩٢٦  رئىس بلديه كفرشيما ابرهىم الحىاط,رسيي ل,../data/muharaf_prepared_resized/train/train_013490.png,2025-11-28T11:54:30,Sana
train_018980,Script mismatch (non-Arabic),,0.875,BAALBECK,AO,../data/muharaf_prepared_resized/train/train_018980.png,2025-11-28T11:54:34,Sana
train_004672,Script mismatch (non-Arabic),,0.875,s'impose,o,../data/muharaf_prepared_resized/train/train_004672.png,2025-11-28T11:54:42,Sana
train_010683,Script mismatch (non-Arabic),,0.8666666666666667,I hope that fit,ta,../data/muharaf_prepared_resized/train/train_010683.png,2025-11-28T11:54:44,Sana
train_016729,Script mismatch (non-Arabic),,0.25,QBat8L-3,QBatL-2,../data/muharaf_prepared_resized/train/train_016729.png,2025-11-28T11:54:46,Sana
train_012703,Valid but hard,,0.25,"النفقات ٦١٦,٩٩٦٧٤٤ ل . ل","النفقات ٦,٤٤ ل . ل",../data/muharaf_prepared_resized/train/train_012703.png,2025-11-28T11:54:54,Sana
train_012815,Script mismatch (non-Arabic),,0.25,13IM 108,13I M08,../data/muharaf_prepared_resized/train/train_012815.png,2025-11-28T11:55:08,Sana
train_011523,Script mismatch (non-Arabic),,0.25,ME-21 11,ME-211,../data/muharaf_prepared_resized/train/train_011523.png,2025-11-28T11:55:15,Sana
train_011482,Script mismatch (non-Arabic),,0.25,ME-21 10,ME-211,../data/muharaf_prepared_resized/train/train_011482.png,2025-11-28T11:55:16,Sana
train_015115,Valid but hard,,0.25,قصدناها قريه صغيره لكنها جيدة نحوى ٦ كلم بين ...,قصدنا ها قرين صغين لكنها جيدة تحوى عل بيت. .,../data/muharaf_prepared_resized/train/train_015115.png,2025-11-28T11:55:21,Sana
train_013357,Valid but hard,,0.25,"- رواتب عمال مياومين ١,٥٠٠,٠٠ / ل. ل",رواتب عمال مياومين ١٠ / ل . ل,../data/muharaf_prepared_resized/train/train_013357.png,2025-11-28T12:06:18,Sana
train_018666,Valid but hard,,0.25,ليره  توزيع الدراهم الباقين ليره/١١٦,يره توزيع الدراهم الباقين دي٩٠,../data/muharaf_prepared_resized/train/train_018666.png,2025-11-28T12:06:27,Sana
train_020035,Script mismatch (non-Arabic),,0.25,16 - 10 - 12,16 - 10 -7,../data/muharaf_prepared_resized/train/train_020035.png,2025-11-28T12:06:46,Sana
train_000332,Script mismatch (non-Arabic),,0.25,AF-304 6,AF-3042,../data/muharaf_prepared_resized/train/train_000332.png,2025-11-28T12:06:49,Sana
train_000302,Script mismatch (non-Arabic),,0.25,AF-304 3,AF-3041,../data/muharaf_prepared_resized/train/train_000302.png,2025-11-28T12:06:51,Sana
train_009339,Valid but hard,,0.25,"٢"" نحول جروح",نحول جروح,../data/muharaf_prepared_resized/train/train_009339.png,2025-11-28T12:06:54,Sana
train_003468,Script mismatch (non-Arabic),,0.25,place des Martyrs - Beyrouth,pelae des Martyrs Byrou),../data/muharaf_prepared_resized/train/train_003468.png,2025-11-28T12:06:58,Sana
train_019945,Script mismatch (non-Arabic),,0.25,7 - 5 17,57 - 5 7,../data/muharaf_prepared_resized/train/train_019945.png,2025-11-28T12:07:02,Sana
train_009568,Valid but hard,,0.25,"١٩/٥٦  وبنائه المهندس ""اريكوني"".",٩٦٥ وبنائه المهندس رايكوني,../data/muharaf_prepared_resized/train/train_009568.png,2025-11-28T12:07:43,Sana
train_003974,Script mismatch (non-Arabic),,0.25,EAC-C- 1,EAC-C-9,../data/muharaf_prepared_resized/train/train_003974.png,2025-11-28T12:07:53,Sana
train_000317,Script mismatch (non-Arabic),,0.25,AF-304 4,AF-3042,../data/muharaf_prepared_resized/train/train_000317.png,2025-11-28T12:07:55,Sana
train_004527,Script mismatch (non-Arabic),,0.25,EAK1A-87,EAK1A-9,../data/muharaf_prepared_resized/train/train_004527.png,2025-11-28T12:07:56,Sana
train_018608,Script mismatch (non-Arabic),,0.25,YAL2A-82,YAL2A-7,../data/muharaf_prepared_resized/train/train_018608.png,2025-11-28T12:07:57,Sana
train_020142,Script mismatch (non-Arabic),,0.25,19 - 10 - 17,1 - 10-17,../data/muharaf_prepared_resized/train/train_020142.png,2025-11-28T12:08:00,Sana
train_001661,Script mismatch (non-Arabic),,0.25,1901,190,../data/muharaf_prepared_resized/train/train_001661.png,2025-11-28T12:08:05,Sana
train_016384,Script mismatch (non-Arabic),,0.25,QBat3D-6,QBatD-2,../data/muharaf_prepared_resized/train/train_016384.png,2025-11-28T12:20:39,Sana
train_020075,Script mismatch (non-Arabic),,0.25,YS - 4D- 054,YS-4D- 04,../data/muharaf_prepared_resized/train/train_020075.png,2025-11-28T12:20:46,Sana
train_020247,Valid but hard,,0.25,١١ /٣/ ٢٤ من المسيو دى ريفي.,١/ ٢ من المسيودى ريضي.,../data/muharaf_prepared_resized/train/train_020247.png,2025-11-28T12:25:13,Sana
train_007944,Script mismatch (non-Arabic),,0.25,JPK2B-41,JPS2-41,../data/muharaf_prepared_resized/train/train_007944.png,2025-11-28T12:25:22,Sana
train_008140,Script mismatch (non-Arabic),,0.25,JPK2B-56,JPK2-6,../data/muharaf_prepared_resized/train/train_008140.png,2025-11-28T13:07:04,Sana
train_005848,Valid but hard,,0.25,عن صلحية صيد ا مديرية اقليم التفاح فى ٧ اذار ٩١١,عن صلية صيد امدية اقليم التفاح ف ذار ١٨٩٣,../data/muharaf_prepared_resized/train/train_005848.png,2025-11-28T13:07:24,Sana
train_005810,Script mismatch (non-Arabic),,0.25,ALEP (Syrie),AL(Syrie),../data/muharaf_prepared_resized/train/train_005810.png,2025-11-28T13:07:28,Sana
train_016073,Valid but hard,,0.2482758620689655,بغيابه وبعد ان اثبت وكيل المدعى دعواه ببينة تزكها شرعاً حكمت المحكمة بثبوت مبلغ الدين المحر وقدره قروش ٥١٠٠ بذمة الخورى يوسَف سَكر ويلزموه اما ان,بغياية ودا ان اثت وبيل المدع وعاه بين نكت شرعاً حت المحكمة بوت مبلغ الين المحرر وقدره فر٠ يذمة الخورى يوسف سكر وبلزره ما ان,../data/muharaf_prepared_resized/train/train_016073.png,2025-11-28T13:07:31,Sana
train_013653,Valid but hard,,0.2475247524752475,المعروض تبلغنا امركم الكريم عدد ١٣٤٤ رقم ١٤ الجاري وبناء على ما جاء فيهِ توجهنا للمكان الذي باشر فيهِ,العروض بنا المكم الريم عد ١ ق ٤ الجاري وبناء على ماجاء في توجه لمكان الذي شر به,../data/muharaf_prepared_resized/train/train_013653.png,2025-11-28T13:07:32,Sana
train_015995,Valid but hard,,0.2466666666666666,بتاريخ ٤ اغوسَتوس سنة ٣٠٣ احيل لهذه المحكمة اسَتدعا مقدم من الشيخ اسَعد الحاج رفول من اجبع حاصله انه من الجارى بملكه وبيده وتصرفه بالاسَتقلال دون غيره,بتارخ فنوسنة٣ ال هذه الحمة اسَتدعا مقدم من الشيخ اسَعد الحاج رقول من اجع حاصله ان منالجار مله ويدت وترفه الاستل لود غره,../data/muharaf_prepared_resized/train/train_015995.png,2025-11-28T13:07:35,Sana
train_015194,Valid but hard,,0.2459016393442623,الذي كان ورد بذاك النهار وفي الساعة ٢ من هذه الليلة يعني ليلة,في كان رد بالك الهار وفي الساعة من هذه البليهة ني لة,../data/muharaf_prepared_resized/train/train_015194.png,2025-11-28T13:07:37,Sana
train_013404,Valid but hard,,0.2456140350877192,"لزوم البلدية بناء للعرض الأول بمبلغ قدره/١٠,٠٠٠,٠٠٠/ ل. ل",لزوم البلدية بناء للعرض الأول بمبلغ قدره /١٠٠,../data/muharaf_prepared_resized/train/train_013404.png,2025-11-28T13:07:39,Sana
train_009182,Valid but hard,,0.2448979591836734,وبناء على قرار هذه المحكمة الصادر في ٤/ ١١/ ١٩٨٠؛,وبناءَ على قرار هذه المحكمة العارف في ٤//١,../data/muharaf_prepared_resized/train/train_009182.png,2025-11-28T13:07:41,Sana
train_015531,Valid but hard,,0.2429906542056074,صنوبر جارية على ملك المدعى الشخصي يوسف جرجس بنوره بخراج محلتهما قيتولى فى ١١ تموز سنة ١٨٩٠ كما ثبت باعترافه,قبر براية على ملك المدعى الشخصي يوسف جرجس بوره بخراج محلتهما قيول لى توسن ١٩٠ لكت بترافه,../data/muharaf_prepared_resized/train/train_015531.png,2025-11-28T13:07:44,Sana
train_016391,Valid but hard,,0.2424242424242424,المحرر تحريراً في ١٢ ايار سنة ٩٢٤,التحر حيريرا فى ٢ ايار سنة ٩٢,../data/muharaf_prepared_resized/train/train_016391.png,2025-11-28T13:07:48,Sana
train_022086,Valid but hard,,0.2424242424242424,۳٠  مترًا على شارع خزال باس اكمله,٠ حترا على شارع خد ال باس الحمله,../data/muharaf_prepared_resized/train/train_022086.png,2025-11-28T13:07:51,Sana
train_014325,Valid but hard,,0.2424242424242424,اما المتفرفات فهي جمل مضرب الامثال حرف آللالف بتاريخ اخر  ١٩٦٧ ٩٤٧,اما المتعرفان فهي جمل مضرب الامثال حرق الكول بتاريخ افر سنة ١٩,../data/muharaf_prepared_resized/train/train_014325.png,2025-11-28T13:07:56,Sana
train_002625,Valid but hard,,0.2424242424242424,القدس الشريف / ١٥ حزيران سنة ١٩٢٧,القدس الشريف ٥ حزيران  ١٩٣١,../data/muharaf_prepared_resized/train/train_002625.png,2025-11-28T13:07:59,Sana
train_015119,Valid but hard,,0.2413793103448276,الطريق من البللب والبد انوفنا عن البردات الساعة ١٢ قبل ...,الطريق من البلل والبرد الفرفنا عن الكرات ساعة ١ بل. .و,../data/muharaf_prepared_resized/train/train_015119.png,2025-11-28T13:08:00,Sana
train_013361,Valid but hard,,0.2413793103448276,"بدل محروقات  ١,٠٠٠,٠٠٠ / ل. ل",بدل محروقات ١٠٠ / ل. ل,../data/muharaf_prepared_resized/train/train_013361.png,2025-11-28T13:08:05,Sana
train_016148,Valid but hard,,0.2411347517730496,لدير قزحيا بموجب صك مسَجل بالمحكمة ولدى مراجعة قيود الصكوك وجد ذلك الصك مقيداً تحت نمرو ٩٧٢ بتاريخ ٩ ذى الحجه سنة ٩٧ و٣٠ ت١ سنة ٩٦ وقرر الشيخ,مدير قريا بوجب حك سَجل بالمحكمة ولدى واجعة قيود الصكوك وجد ذلك الصك مقيراً تحت نر ٥ بتاريخ ٩ ذ الج سة ٣٥ ى  ر الشيخ,../data/muharaf_prepared_resized/train/train_016148.png,2025-11-28T13:08:06,Sana
train_014974,Valid but hard,,0.2410714285714285,هكالات الروج عدد ٣٦ ايضًا صرنا ناخذها ونرسلها مع المهافيف وعندنا زوج ٢ فتصير زوج ٣٨ وعندكن زوج ٦٢  اخد عنها معكم,الكلالرت الزروج عس ٣ ايضًا صرنا فاخذها ورسَلها مع المهافيف وعندنا زروج دقيه فنصر زوج ٣ وعندكم زوج ٢ اخذد ا مكم,../data/muharaf_prepared_resized/train/train_014974.png,2025-11-28T13:08:08,Sana
train_016269,Valid but hard,,0.2402597402597402,بتاريخ ٢٤ نيسَان /٣٠٣ احيل لهذه المحكمة اسَتدعا مقدم من سَلمان طيون من اهدن حاصله انه من الجارى بملكه قطعة ارض مشتمله على اشجار توت شهيرة بغضه الجور بخراج,بتاريخ  اسن ٣ ل لهذه المحكمة اسَتدعا مقدم من سَلمان طيون من اهدن حاصه ازر من الجارى بمكة قطعة ارض ملعه على اشا وت شريه ه ال جر,../data/muharaf_prepared_resized/train/train_016269.png,2025-11-28T13:08:09,Sana
train_018239,Valid but hard,,0.24,كنريا في ١٧ اذار سنة ١٩٣٦,كنريا في ١٧ اذار ١٩۳١,../data/muharaf_prepared_resized/train/train_018239.png,2025-11-28T13:08:12,Sana
train_015303,Valid but hard,,0.24,اكثر من ٤\٥ ساعة بالسكة الحديدية اخيرًأ صباح الاحد,ك م سا بالسكة الجديدية اخيرًا صباح الاحد,../data/muharaf_prepared_resized/train/train_015303.png,2025-11-28T13:08:16,Sana
train_015996,Valid but hard,,0.2387096774193548,قطعة ارض سَليخ فى بعزكتا بخراج بشرى نمرو ٢٧٧ حبه ١٢ قيراط ٥ يحدها قبلةً طريق عام وشرقاً كذلك وتمامه ملك الخورى يوحنا شبيعه وشمالاً ملك الخورى سَمعان وبركات,طة رى ارف ف بكت تج لجرس و  حد رطا يحدها قبلةً طريق عام وشرقا كذلك وتمامه ملك الخورى يوحنا شبيعه وشمالاً ملك الخورى سَمعان وبركات,../data/muharaf_prepared_resized/train/train_015996.png,2025-11-28T13:08:17,Sana
train_002745,Script mismatch (non-Arabic),,0.238095238095238,Académie des Sciences,Acdémie des Snes,../data/muharaf_prepared_resized/train/train_002745.png,2025-11-28T13:08:29,Sana
train_010154,Valid but hard,,0.2371134020618556,اجاب ان له ٦٢ لىر سورى اثنين وستون ليره مصارفات رغم طلبه تأجيل خلاص الشغل لبعد فوات مدة الأستئناف,اجاب ان د ٢ الثين وستون ليه وصارفاترغم طلبه تأجيل خلوصه الشغل لبعد فات مدة الاستاف,../data/muharaf_prepared_resized/train/train_010154.png,2025-11-28T13:08:32,Sana
train_005565,Valid but hard,,0.2368421052631578,(2) فهذه القطعة يجب ان ترجع وهى مقروّة,2) فهذه القطفة بحد ان ترجع وهيى معرّورة,../data/muharaf_prepared_resized/train/train_005565.png,2025-11-28T13:08:33,Sana
train_008972,Valid but hard,,0.2363636363636363,نكرر لثم اناملكم ايها السَيد الجليل فى ١٧  ادار سنة ٩٢١,كرر ثم اناملكم ليها السَيد المليل فى ١ ار  ١٩٣١,../data/muharaf_prepared_resized/train/train_008972.png,2025-11-28T13:08:34,Sana
train_015960,Valid but hard,,0.2357723577235772,سنة ٣٢٦ عدد ٢٥١ ايجاز / فيها البيع من املاك شقيقه موكله المذكور ما هو ملك الوكيل وملك البايع نقولا المذكور وبيدهما وتصرفهما,اد٩٥ المار فيها البيع ن املاك شقيقه مدلكه الذكور ما هو للك الوكل ولك البايع نقولا المذكور ويدها وتصرفها,../data/muharaf_prepared_resized/train/train_015960.png,2025-11-28T13:08:35,Sana
train_004077,Script mismatch (non-Arabic),,0.2352941176470588,EAC-D-47c (copie),EAC-47c(cpie),../data/muharaf_prepared_resized/train/train_004077.png,2025-11-28T13:08:38,Sana
train_022052,Valid but hard,,0.2352941176470588,كبيا دلمونتي ١۹٠٥,كبيا ولمنتي ١۹٥٠,../data/muharaf_prepared_resized/train/train_022052.png,2025-11-28T13:08:47,Sana
train_015260,Valid but hard,,0.2340425531914893,تابع رحلة سفرنا من بغداد لشيكاغو في ٧ اذار ١٨٩٣,ج رصلة سفنا من بعداد لشكافو في ١٧ اذار ٨٩٣,../data/muharaf_prepared_resized/train/train_015260.png,2025-11-28T13:08:49,Sana
train_015352,Valid but hard,,0.2336448598130841,عدد ١٠٦ لدى مراجعة ضبطنا من المحاكمة وسائر اوراق الدعوى المتفرعة والتروى في ما اشتملت عليه لم تقم البرهانات,عد ١٢ لدى لرض ضطا من المحاكمة وسائر اوراق الدعوى المتفرعة والتروى فى ا تله عليه الهم اه الانت,../data/muharaf_prepared_resized/train/train_015352.png,2025-11-28T13:08:50,Sana
train_010906,Valid but hard,,0.2333333333333333,عــ ٩ فغب ان تسَتلمون الدراهم من البنك نرجو ان تعرفونا بوصول,فب ا ستلمون الدراهم من البنكل ترجو لن تعرفعنا بوصول,../data/muharaf_prepared_resized/train/train_010906.png,2025-11-28T13:08:51,Sana
train_010889,Valid but hard,,0.2333333333333333,عن ماننكتون في ١٣ ايلول سنة ٩٩,عن اسكنور في ١٢٣ ايلول سنة ٩٢,../data/muharaf_prepared_resized/train/train_010889.png,2025-11-28T13:08:52,Sana
train_012402,Valid but hard,,0.2325581395348837,عام ١٩٤٦ استحصلت عا رخصة اسبوعية باسم الادب,عام ١٩٤ استحصلت عا ر خصة اسبود م العاوب,../data/muharaf_prepared_resized/train/train_012402.png,2025-11-28T13:08:53,Sana
train_005585,Script mismatch (non-Arabic),,0.2325581395348837,فراجعنا 18 - و 18 bis -  و 18 tes - حىى نصل,فراجعنا 18 - و18bs 18 es - حى نصل,../data/muharaf_prepared_resized/train/train_005585.png,2025-11-28T13:09:00,Sana
train_009240,Valid but hard,,0.2323232323232323,وتدينهم) بدعوى وفاة ابرهيم يوسف ضاهر .. يوم الاثنين في ٥ تشرين ثانى ١٩٢٨ الساعة ٨ افرنجيه قبل الظهر,وتدينهم) بدعوى وفاة ابرهم وسف ضاهر.. يوم الاثنين في ٢ تزينانى سنة ١ الساعة ار بيه الاهر,../data/muharaf_prepared_resized/train/train_009240.png,2025-11-28T13:09:07,Sana
train_010499,Valid but hard,,0.2318840579710145,والباطون المسلّح لئلا  تفجره المياه وورّقته من الداخل بالسمنتو Ciment,والبطون السَلح ثلا تفجره المياه وورّقته من الداخل بالسَنم ra,../data/muharaf_prepared_resized/train/train_010499.png,2025-11-28T13:09:08,Sana
train_019272,Script mismatch (non-Arabic),,0.2307692307692307,YS - 1D- 071b,YS- 1D- 05b,../data/muharaf_prepared_resized/train/train_019272.png,2025-11-28T13:09:10,Sana
train_002723,Valid but hard,,0.2307692307692307,وصل مى ٤ جاري,وصل ي  جاري,../data/muharaf_prepared_resized/train/train_002723.png,2025-11-28T13:09:13,Sana
train_016207,Valid but hard,,0.2297297297297297,بما ان مخايل حنا لويسَ الفلاح العثماني من عبرين لم يرضخ للحكم الغيابي الصادر عليه من هذه المحكمة المؤرخ فى ١٦ ذو الحجة ٣٠٤  وفى ١٣ اوغوستوسَ/٣٠٣ تحت,بما من اخليل لا ويسَ الفاع العثمان من عبرين لم يضخ للحكم الغبابي العادر عليه من هذه المحكمة المؤرخ فى ١٨ ذل الج ٣٥ وف الوس ٣ تن,../data/muharaf_prepared_resized/train/train_016207.png,2025-11-28T13:09:14,Sana
train_000194,Valid but hard,,0.2297297297297297,ليصير العمل بموجبه عند الاقتضاء وللبيان حرر فى ٢٥ آب ٩٢٤           الدكتور,ليصير العمل بموجبه عند الاقتضاء ولليان حرر ف ٢٥ آب سنة ١٩    وم,../data/muharaf_prepared_resized/train/train_000194.png,2025-11-28T13:09:15,Sana
train_016580,Valid but hard,,0.2295081967213114,يوم الاحد الواقع في ٦ ايلول سنة ٩٥٣ الساعة التاسعة صباحاً عقد,ليوم الامد الراع في ٦ يلو سنة ١٩٥ السَاعة التاعستة صباً عند,../data/muharaf_prepared_resized/train/train_016580.png,2025-11-28T13:09:17,Sana
train_003968,Valid but hard,,0.2295081967213114,٢-. زوجته (وألغا بنت . . . . واسمآء اولاده المحروسين بالتسلسل,-. زوحية (الغانيت .... واسمآء اولاده المحروسين بالتسل,../data/muharaf_prepared_resized/train/train_003968.png,2025-11-28T13:09:18,Sana
train_015368,Valid but hard,,0.2280701754385964,عدد ١٠٥ لدى الاطلاع على ضبطنا والمحاكمة وسائر اوراق الدعوى المتفرعة وتدقيق النظر فى مشتملاتها لم يقم دلائل وامارات,عد ١٢٠ د الدعلاع على ضط من المحاكمة وسائر اوراق الدعوى المتفرعة وتدقيق النظر فى مشملاهم يل ل ول الات,../data/muharaf_prepared_resized/train/train_015368.png,2025-11-28T13:09:19,Sana
train_015012,Valid but hard,,0.2280701754385964,يوم الثاني الاربعا في ٨ آذار. طلعنا من البوغريب ... وصلنا,يوم الثاني الاربعا في ٨ انار. طلعنا من الواغريو الساعة   وصلنا,../data/muharaf_prepared_resized/train/train_015012.png,2025-11-28T13:09:22,Sana
train_009744,Valid but hard,,0.2278481012658227,٦) على الكاهن الامتناع عن التشهير بالافراد من على مذبح الكنيسة مهما كان السبب .,) على الكان الاتاع عن الشهر بلاراد من على مذي الكنية سم ان النب.,../data/muharaf_prepared_resized/train/train_009744.png,2025-11-28T13:09:23,Sana
train_010927,Script mismatch (non-Arabic),,0.2272727272727272,... BUFFALO STREET ...,... BUFALO STET..,../data/muharaf_prepared_resized/train/train_010927.png,2025-11-28T13:09:26,Sana
train_016278,Valid but hard,,0.2272727272727272,٢٧ ك٢ /٨٦ مع فايض القانونى من الاسَتحقاق فصاعداً ومشهوراً به من الخورى جرجسَ معوض وحنا بطرسَ يمين وبطرس مخايل حليسَ وخليل يوسَف يمين,٢٣  م ايضة القانونى من الاسَتحقاق قاداً ومشهراً با من الخورى جرجس معوض وضنا بطرسَ مين برس مخل حسَ ول وسف مين,../data/muharaf_prepared_resized/train/train_016278.png,2025-11-28T13:09:31,Sana
train_013628,Valid but hard,,0.2058823529411764,لبنانيه ورق وذلك رصيد ما يطلب منا للجنة المذكوره عن سنة ١٩٣١ الحالية,لبنانيه ورمه وذلك رهي ما يطلب منا للجاة المذكور من سنة١ الاجة,../data/muharaf_prepared_resized/train/train_013628.png,2025-11-28T13:10:11,Sana
train_016106,Valid but hard,,0.2051282051282051,على المدعى عليه رسَومات المحاكمة البالغة قروش ٧٦٢ وتبلغ هذا الحكم للفريقين مواجهة علانية بتاريخ ٩ ربيع اول سنة ٣٠٥ وفى ١٢ ت٢ سنة ٣٠٣ ولاجله تحرر هذا الاعلام,على المدى عليه رَوا من المحاكمة البلغة ر٠ وتبلغ هذا الحكم للفريقين مواجة علامية بتاريخ ٩ ربيع اول سنة ٣٥ فى ٢ س ٣٠ والت حره ا الاعلام,../data/muharaf_prepared_resized/train/train_016106.png,2025-11-28T13:10:11,Sana
train_013377,Valid but hard,,0.2051282051282051,"- بدل تعويضات مستحقة  ٤٠,٠٠٠,٠٠٠ / ل. ل",- بدل تعويضات مستحقة ٠٠٠٠/ ل. ل,../data/muharaf_prepared_resized/train/train_013377.png,2025-11-28T13:10:13,Sana
train_013953,Valid but hard,,0.2048192771084337,(١٨٨٥) الف وثمانماية وخمسة وثمانون ليترًا وجرى التوزيع حسب ما هو مبين في الجدول خمس,(٥٠ لق وثمانايا وخمسة وثمانون ليترا وجرى التهزيع حب ما حدمين في الجول فخمس,../data/muharaf_prepared_resized/train/train_013953.png,2025-11-28T13:10:14,Sana
train_016683,Valid but hard,,0.2045454545454545,فرده اليه على سبيل العارية بحيث يحق له استرداده متى شاء تحريراً \ ٢٢ تشرين ثانى سنة ١٩٢١,فر البلا عى سبيل العارية بحيث يحق له استراده تن شاء تحرً ى٢ تشرين ثن سنة ١٩٠١,../data/muharaf_prepared_resized/train/train_016683.png,2025-11-28T13:10:15,Sana
train_008630,Valid but hard,,0.2045454545454545,٧ تشليح عبود الشدياق بارودة ودابته وضربه في قرية المشتى من عبد اللطيف اغا الرسَتم دندشلي,٧ تشليح عيده الشدياق باروته وؤئيته وخربه في ترية المشتى من عبد اللطيف اعنا المسَتة ود شي,../data/muharaf_prepared_resized/train/train_008630.png,2025-11-28T13:10:15,Sana
train_013477,Valid but hard,,0.2037037037037037,بتاريخ ٢١ شباط سنة ٩٢٦ اجتمعه هيئة بلدية كفرشيما مؤلفه من الرئيسَ ابراهيم افندي الخياط والاعضأ الافندية نعوم,بتاريخ ٢ شياه سنة ٩ اجمعه هئية بلدية تريا مؤئفه من الدئيسَ ابراهيم اندي الخيه والاعاض الاندية عوهم,../data/muharaf_prepared_resized/train/train_013477.png,2025-11-28T13:10:16,Sana
train_014990,Valid but hard,,0.2037037037037037,انزلنا هناك من جهة الهواء ومياه حتى الساعة ٨ من الليلة,يرنا هناك من جهة الهداء والياه حتى الساعة من اليل,../data/muharaf_prepared_resized/train/train_014990.png,2025-11-28T13:10:17,Sana
train_018096,Valid but hard,,0.2033898305084746,مالية محولة الى اسمكم عددها ٤٦٣٨٧١ قيمتها ٦٤٠ فرنكا ايتاليا,مالية محولة الى سمكم عودها  قيمتها ٤٠ فركا ايها ليا,../data/muharaf_prepared_resized/train/train_018096.png,2025-11-28T13:10:18,Sana
train_015136,Valid but hard,,0.203125,يوم الاثنين في ٢٧ اذار (اليوم الحادي والعشرين) سافرنا من وقت رسم,م الاثين ي ٢٧ اذر واليوم الجاري والعقيرين) سافرنا من قردرسم,../data/muharaf_prepared_resized/train/train_015136.png,2025-11-28T13:10:19,Sana
train_010433,Valid but hard,,0.2025316455696202,الرسالة. التي اخبرك فيها انني نجحت في الشهادة التي يدعونها بالافرنسي Certificat,لرسالة التي اخرك فيها لني نحت في الهادة التي بدعونها بالافرني trtie,../data/muharaf_prepared_resized/train/train_010433.png,2025-11-28T13:10:20,Sana
train_015591,Valid but hard,,0.2019230769230769,عدد ١٢٧ لدى امعان النظر فى ما حوت جريدة المحاكمة وسائر اوراق الدعوى المتفرعة تبين ان ناصيف سعيد حنينه قد,عد ١ لدى المدان النظرفى محدة جرية المحاكمة وسائر واراق الدعوى المتفرعة بين ان صيس سعد ني قد,../data/muharaf_prepared_resized/train/train_015591.png,2025-11-28T13:10:20,Sana
train_015420,Valid but hard,,0.2017543859649122,عدد ١١١ لدى امعان النظر فى مشتملات ضبطنا من المحاكم ومتفرعات اوراق الدعوى لم يقم برهان كافٍ على ان مريم زوجه شاهين,عد ١ لدى امعان النظر فى متو ضطنا ن الحكمة ومتفرعات اوراق الدعوى لم يقم برها كاقي على ان ميم زه اره شاي,../data/muharaf_prepared_resized/train/train_015420.png,2025-11-28T13:10:21,Sana
train_020113,Script mismatch (non-Arabic),,0.2,YS-47-054b,YS-4D-05b,../data/muharaf_prepared_resized/train/train_020113.png,2025-11-28T13:10:28,Sana
train_019358,Script mismatch (non-Arabic),,0.2,YS-1E-005a,YS-1F-05a,../data/muharaf_prepared_resized/train/train_019358.png,2025-11-28T13:10:30,Sana
train_020279,Script mismatch (non-Arabic),,0.2,ys-5H-011F,ys-5H-01,../data/muharaf_prepared_resized/train/train_020279.png,2025-11-28T13:10:31,Sana
train_009390,Valid but hard,,0.2,٥  رسالة :,٥ الرسالة :,../data/muharaf_prepared_resized/train/train_009390.png,2025-11-28T13:10:43,Sana
train_019791,Script mismatch (non-Arabic),,0.2,YS-4A-011b,YS-4A-01,../data/muharaf_prepared_resized/train/train_019791.png,2025-11-28T13:10:55,Sana
train_003044,Valid but hard,,0.2,١٦ شارع أبو السًباع،,٦ شارع أبيه السَباع،,../data/muharaf_prepared_resized/train/train_003044.png,2025-11-28T13:11:16,Sana
train_019420,Script mismatch (non-Arabic),,0.2,YS_2C_004b,YS_2C_04d,../data/muharaf_prepared_resized/train/train_019420.png,2025-11-28T13:11:23,Sana
train_013356,Valid but hard,,0.2,"- رواتب شهرية ثابتة ٣,٥٠٠,٠٠٠ / ل. ل للمثىتين",رواتب شهرية تابتة ٣٥٠٠ / ل. ل للمثتين,../data/muharaf_prepared_resized/train/train_013356.png,2025-11-28T13:11:27,Sana
train_019846,Script mismatch (non-Arabic),,0.2,YS-4A-011H,YS-4A-01d,../data/muharaf_prepared_resized/train/train_019846.png,2025-11-28T13:11:30,Sana
train_019859,Script mismatch (non-Arabic),,0.2,YS-4A-011I,YS-4A-01,../data/muharaf_prepared_resized/train/train_019859.png,2025-11-28T13:11:31,Sana
train_003472,Valid but hard,,0.2,١٤ / تموز /١٩٥٢,١٤ / تموز س٩٥,../data/muharaf_prepared_resized/train/train_003472.png,2025-11-28T13:11:46,Sana
train_010027,Valid but hard,,0.2,١ - لانني سبقت واعطيته شهادة مطلق حال في ١٩٧٤/٢/٧.,١ - لانني سبقت واعطيته شهاة مل قال في ٩٢٨/.,../data/muharaf_prepared_resized/train/train_010027.png,2025-11-28T13:11:50,Sana
train_005753,Valid but hard,,0.2,روسَاريو الارجنتين في ٢ نيسان /١٩٣٤,روسَاريولاوجني في ٢ نيسان ١٩٣١,../data/muharaf_prepared_resized/train/train_005753.png,2025-11-28T13:11:52,Sana
train_015567,Valid but hard,,0.2,بطرس قد ارتكب جرم السرقه الذى اسنده اليه المدعى الشخصي طنوس لياس متى فى ٢٢ صفر سنة ٣٠٦ داخل محلتهما مليخ وبناءٍ على,بطر ق داتك جر المرمة الذى السنده اليه المدعى الخصي طنوس لياس متى فى ٢ فر سنة ٣٠ واحم حلهما الي وباء على,../data/muharaf_prepared_resized/train/train_015567.png,2025-11-28T13:11:53,Sana
train_005518,Script mismatch (non-Arabic),,0.2,DE BEYROUT,DE BEYOUTH,../data/muharaf_prepared_resized/train/train_005518.png,2025-11-28T13:12:01,Sana
train_016634,Valid but hard,,0.2,ادار سنة ٩٤٢ رقم ١٠٣٩ يحتم على صاحب الامتياز اعطأ النور عند وقوع الظلام حتى تمام,اذار سنة ٩٤ رقم ١ يجنم به على صاحب الامياز اعطاأ السور عن وتوع الظلام حتى تام,../data/muharaf_prepared_resized/train/train_016634.png,2025-11-28T13:12:08,Sana
train_020369,Script mismatch (non-Arabic),,0.2,ys-5H-017d,ys-5H-01b,../data/muharaf_prepared_resized/train/train_020369.png,2025-11-28T13:13:42,Sana
train_010587,Valid but hard,,0.2,بيروت ٩ تشرين ١ ١٩٥٧,بيروت ى ٩ تشرين ١٩٥٧,../data/muharaf_prepared_resized/train/train_010587.png,2025-11-28T13:13:57,Sana
train_014052,Valid but hard,,0.2,عدد ٧,عد ٧,../data/muharaf_prepared_resized/train/train_014052.png,2025-11-28T13:14:08,Sana
train_001807,Valid but hard,,0.2,رأي القائلين بصحة الجسم من صحة الروح le magnétisme,رأي القائلين بصحة الجسم من صحة الروح nmgi,../data/muharaf_prepared_resized/train/train_001807.png,2025-11-28T13:14:15,Sana
train_014950,Valid but hard,,0.2,بغداد في ١٤\٩٣ أيلول,بغداد في \٩٤ ايلول,../data/muharaf_prepared_resized/train/train_014950.png,2025-11-28T13:14:23,Sana
train_016438,Script mismatch (non-Arabic),,0.2,QBat 4L-12,QBat4L-1,../data/muharaf_prepared_resized/train/train_016438.png,2025-11-28T13:14:25,Sana
train_019590,Script mismatch (non-Arabic),,0.2,YS_2F_015O,YS_2F_05a,../data/muharaf_prepared_resized/train/train_019590.png,2025-11-28T13:14:44,Sana
train_007497,Script mismatch (non-Arabic),,0.2,JEH2E1-211,JEH21-21,../data/muharaf_prepared_resized/train/train_007497.png,2025-11-28T13:14:45,Sana
train_019521,Script mismatch (non-Arabic),,0.2,YS_2F_015e,YS_2F_05c,../data/muharaf_prepared_resized/train/train_019521.png,2025-11-28T13:14:47,Sana
train_009146,Valid but hard,,0.2,١٨٤ والمادة ١٨٥ من قانون الاحوال الشخصية,١٩٨٤ ولادة ١٥ من قانون الاحوال بخصة,../data/muharaf_prepared_resized/train/train_009146.png,2025-11-28T13:14:54,Sana
train_020256,Script mismatch (non-Arabic),,0.2,ys-5H-011C,ys-5H-01d,../data/muharaf_prepared_resized/train/train_020256.png,2025-11-28T13:14:59,Sana
train_003757,Script mismatch (non-Arabic),,0.2,BEK2A-17 1,BEK2A-11,../data/muharaf_prepared_resized/train/train_003757.png,2025-11-28T13:15:01,Sana
train_012672,Valid but hard,,0.2,"في يوم الثلاثاء الواقع في ٢٢ / ٢ / ٢٠٠٠      سنة ٢٠٠٠ عناد الساعة ٦,١٥",في يوم الثلاثاء الواقع في ٢٢/ ٢/ ٢ سنة ٢٠٠ عند الساعة ١٥,../data/muharaf_prepared_resized/train/train_012672.png,2025-11-28T13:15:08,Sana
train_019904,Script mismatch (non-Arabic),,0.2,ys-4B-089b,ys-4B-05b,../data/muharaf_prepared_resized/train/train_019904.png,2025-11-28T13:15:11,Sana
train_010515,Valid but hard,,0.2,انها خياطه شاطره وعشيّة من نمره ١ وهذا هي مشهوره به فلا,ها خياطه شاطره وعشبّة. من مه وهذا هي مشهوره به خلمه,../data/muharaf_prepared_resized/train/train_010515.png,2025-11-28T13:15:21,Sana
train_019640,Script mismatch (non-Arabic),,0.2,YS_2F_022b,YS_2F_02d,../data/muharaf_prepared_resized/train/train_019640.png,2025-11-28T13:15:24,Sana
train_019469,Script mismatch (non-Arabic),,0.2,YS_2C_004f,YS_2C_04b,../data/muharaf_prepared_resized/train/train_019469.png,2025-11-28T13:15:25,Sana
train_019509,Script mismatch (non-Arabic),,0.2,YS_2F_015d,YS_2F_05F,../data/muharaf_prepared_resized/train/train_019509.png,2025-11-28T13:15:26,Sana
train_011010,Script mismatch (non-Arabic),,0.2,"DRY GOODS, NOTIONS, CLOTHING, LADIES' FURNISHINGS,","DRY GDS, NOTIONS, CLOING, LDIES' FUSING,",../data/muharaf_prepared_resized/train/train_011010.png,2025-11-28T13:15:28,Sana
train_005242,Script mismatch (non-Arabic),,0.2,EAK1A- 158,EAK1A- 10,../data/muharaf_prepared_resized/train/train_005242.png,2025-11-28T13:15:36,Sana
train_013359,Valid but hard,,0.2,"- رواتب شرطة  ٣,٥٠٠,٠٠٠ / ل. ل",- رواتب شرطة ٣٠٠٠ / ل. ل,../data/muharaf_prepared_resized/train/train_013359.png,2025-11-28T13:15:39,Sana
train_008610,Valid but hard,,0.2,١٦ فردة بقر الى الياس شاهين الخوريه,٤ فرة يقير الى الياس شهين الخوري,../data/muharaf_prepared_resized/train/train_008610.png,2025-11-28T13:15:40,Sana
train_019870,Script mismatch (non-Arabic),,0.2,YS-4A-011K,YS-4A-01,../data/muharaf_prepared_resized/train/train_019870.png,2025-11-28T13:15:43,Sana
train_019776,Script mismatch (non-Arabic),,0.2,YS-4A-011a,YS-4A-01d,../data/muharaf_prepared_resized/train/train_019776.png,2025-11-28T13:15:44,Sana
train_019149,Script mismatch (non-Arabic),,0.2,YS-1D-065b,YS- 1D-05b,../data/muharaf_prepared_resized/train/train_019149.png,2025-11-28T13:15:44,Sana
train_020398,Script mismatch (non-Arabic),,0.2,YS-5H-023a,YS-5H-02b,../data/muharaf_prepared_resized/train/train_020398.png,2025-11-28T13:15:45,Sana
train_019578,Script mismatch (non-Arabic),,0.2,YS_2F_015N,YS_2F_05d,../data/muharaf_prepared_resized/train/train_019578.png,2025-11-28T13:15:46,Sana
train_011196,Script mismatch (non-Arabic),,0.2,K.JOSEPH & BROS,K.JOEPH & BS,../data/muharaf_prepared_resized/train/train_011196.png,2025-11-28T13:15:47,Sana
train_016456,Script mismatch (non-Arabic),,0.2,QBat5H-517,QBat5H-54,../data/muharaf_prepared_resized/train/train_016456.png,2025-11-28T13:15:48,Sana
train_013648,Valid but hard,,0.1978021978021978,المعروض تبلغنا امركم الكريم عدد ١٠٧٣ تاريخ ٢١ ت١ الفائت وبخصوص الموظفين الذي يتقاضون مرتبات,المعون تبلغا اركم الكريم عد ١٠ تاريخ ٢١ ت١ الفائت وبخصوص الوظفين الذي تياموت,../data/muharaf_prepared_resized/train/train_013648.png,2025-11-28T13:15:50,Sana
train_014148,Valid but hard,,0.1975308641975308,ترون ذيلاً علمًا مفصلاً عن المصارفات التي صرفناها لغاية الان غروش ل : /٥٨٠٠/ آجرة,برون ذبلاً علمً موضلاً عن المصارفات التي جرفنا هنا بعاية الان عروشرل : /٥٠ لرآجرة,../data/muharaf_prepared_resized/train/train_014148.png,2025-11-28T13:15:51,Sana
train_009825,Valid but hard,,0.1971830985915492,//٤٦٨٣٢٨.٠٠// اربعماية وثماني وستون الفاً وثلاثماية وثمانية وعشرون ليرة,٨.٠/ اربعماية وثماني وشون الفاأ ثلاثماية وثمانية وعشون ليرة,../data/muharaf_prepared_resized/train/train_009825.png,2025-11-28T13:15:52,Sana
train_009753,Valid but hard,,0.1971830985915492,٧ تقوم لجنة الوقف بجباية مبلغ /١٠ ل.ل./ عن كل بيت وتدفع منها دفعة واحدة,تقوم لطبنة الوقف ويجياية مبلغ/١٠ .ل عن كل بيت وتدف منها ودعة واحدة,../data/muharaf_prepared_resized/train/train_009753.png,2025-11-28T13:15:52,Sana
train_018184,Valid but hard,,0.1964285714285714,مقطوع على بنك سوريا ولبنان في بيروت وباسمكم ونمرته ٣١٠٦٠,مطوح على بنك سعوريا ولبنان في بيروت ربانسَمكم وفرته ٣٠,../data/muharaf_prepared_resized/train/train_018184.png,2025-11-28T13:15:53,Sana
train_015449,Valid but hard,,0.1964285714285714,شجر المدعى الشخصي جرجوره الحداد بخراج محلتهما قرية روم اوائل تموز سنة ١٨٩٠ فاوقعت بها ضرراً كاوَّل اخبار الناطور,شجر المدعى الشخي جروه الحاد براج محلتهما قرية روم اوائل تمو سنة ١٩٠ وق ها راً ال الخار الاطر,../data/muharaf_prepared_resized/train/train_015449.png,2025-11-28T13:15:54,Sana
train_013606,Valid but hard,,0.1951219512195122,حسَب امركم الكريم عدد ١٥٢ تاريخ ٨ حزيران سنة ٩٣١ الملحق بعدد ١١٩٦ المورخ فى ٧ أيار,حبسَب المركم الكريم عد ١٤ تاريخ ٨ حزيران سنة ٩٣ الحلحق بعد ١٩٦ المرخ ١ يا,../data/muharaf_prepared_resized/train/train_013606.png,2025-11-28T13:15:54,Sana
train_015116,Valid but hard,,0.1951219512195122,تابع رحلة سفرنا الى شيكاغو في ٧ اذار ١٨٩٣,تابع صلة سفرنا الى شيكا غخو ي ١٧ اذار١٩٣,../data/muharaf_prepared_resized/train/train_015116.png,2025-11-28T13:15:55,Sana
train_005564,Valid but hard,,0.1951219512195122,صفحات. ما عدا الممحو في صفحه ٧ (7) نمرة ٢,صحاب. ما عدا المحمحو في صفحه ٧ ٤) مة٢,../data/muharaf_prepared_resized/train/train_005564.png,2025-11-28T13:15:56,Sana
train_021733,Valid but hard,,0.1944444444444444,وفي 1 ت سنة 1892 فتحت المدرسه فدخلها,وفي ١ ت سنة ١٩٤٢ تحت المدرسة فدخلها,../data/muharaf_prepared_resized/train/train_021733.png,2025-11-28T13:15:57,Sana
train_014308,Valid but hard,,0.1935483870967742,وجمعت ٦ دفاتر زجل لي ولاخوتي ولبعض الزجالين فيهم كل ما لذ وطاب,ومعرفت فالر زجل لى ولاخوتي ولبنض النزجالهن يهم كل ما لذوطاب,../data/muharaf_prepared_resized/train/train_014308.png,2025-11-28T13:15:58,Sana
train_015580,Valid but hard,,0.1929824561403508,عدد ١٢٣ لدى التامل فى ضبطنا من المحاكمة وسائر اوراق الدعوى المفرعه تبين ان سمعيل رافع ابى شقره مرتكب بحضور المحكمة,عد ١٢ لدى التا م ضطبطا من المحاكمة وسائر اوراق الدعوى المتفرعه بين ان سعيل افع على اشره مت بحر الحكمة,../data/muharaf_prepared_resized/train/train_015580.png,2025-11-28T13:15:58,Sana
train_016224,Valid but hard,,0.1925465838509316,لدى المذاكرة ثبت باقرارا المدعى عليه انه بذمته للمدعين مبلغ خمسَماية وواحد وعشرين قرشاً وثلاثين باره بموجب السَندين المذكورين فعليه وسَنداً على الماده الـ١٨١٧ من,دلمار المذكرة بة برار الدعى عيه ان برمة لمدعين مبلغ خمسَماية واحد وعشرين قرشاً وثلاثين باره بموج السَين المذكوي فعيه وسَاً على الاده الـ١٣ ممن,../data/muharaf_prepared_resized/train/train_016224.png,2025-11-28T13:15:59,Sana
train_017952,Valid but hard,,0.1923076923076923,عددها ٥٤٧٨٣ تاريخها اول حزيران قدرها ثلاثماية وثلاثة,عدد تاريخا اول حزيران قدمرها ثلاثماية وثلاثة,../data/muharaf_prepared_resized/train/train_017952.png,2025-11-28T13:16:00,Sana
train_002741,Valid but hard,,0.1923076923076923,الأيّام عدداً من مجلّة Survey Graphic يحتوي مقالة عن,الأيّام عدداً من مجلّة S Goh يحتوي مقالة عن,../data/muharaf_prepared_resized/train/train_002741.png,2025-11-28T13:16:01,Sana
train_004587,Valid but hard,,0.1923076923076923,باريسَ ١٨ فى شباط سنة ١٩٣٤,باريس ١٨ ١ شباط نة ١٩٤,../data/muharaf_prepared_resized/train/train_004587.png,2025-11-28T13:16:05,Sana
train_010524,Valid but hard,,0.1923076923076923,الاصوات من افواه الجميع ماري وجهينه ونعمه الله Horah,الاحوات منه افرا اجميع ماري وجهنه ونعور الله ora,../data/muharaf_prepared_resized/train/train_010524.png,2025-11-28T13:16:17,Sana
train_015345,Valid but hard,,0.1919191919191919,في ١٥ تموز سنة ١٨٩٠ على ان جرأة المرأة فرحة كانت اشد اما يوسف حنا السغبينى فلم يثبت ما اسند اليه من,في مون٨ على ان جرأة المرأة فرحة كانت اشد اما يوسف حنا السقيني فلم يت ما سند اليه منه,../data/muharaf_prepared_resized/train/train_015345.png,2025-11-28T13:16:30,Sana
train_010560,Valid but hard,,0.1911764705882352,ابتدوا منذ اسبوع لا يعطوا السائق الا عشرة ليترات (٢ غالون) كل يومين.,اتدوا منذا مبوح لا بعطوا الاعة الاعشرة لينران ( غالون) كل يومين.,../data/muharaf_prepared_resized/train/train_010560.png,2025-11-28T13:16:31,Sana
train_009583,Valid but hard,,0.1909090909090909,قرينة الشيخ جواد عبدو سنة ١٩٣٥ وقد اذن صاحب السيادة راعينا الجليل باقامة الذبيحة الالهية فيها يوم عيدها الواقع,قرينة الشخ واديسن ١٩ قد اذن صاحب السيادة راعيا بلجيل باقامة الذيحة الاهية فيا يوم عدها والاقع,../data/muharaf_prepared_resized/train/train_009583.png,2025-11-28T13:16:32,Sana
train_013363,Valid but hard,,0.1904761904761904,"مياه ومجاري صحية وخلافه   ٥,٠٠٠,٠٠٠ / ل. ل",مياه ومجاري صحية وخلاته ٥٠٠٠٠/ ل. ل,../data/muharaf_prepared_resized/train/train_013363.png,2025-11-28T13:16:38,Sana
train_018209,Valid but hard,,0.1904761904761904,كنديا في ٢٣ أيار ١٩٣٣,كنديا في ٣ ايار ١٩٣۳٧,../data/muharaf_prepared_resized/train/train_018209.png,2025-11-28T13:16:41,Sana
train_012367,Valid but hard,,0.1904761904761904,"١٩٥٠  صدر له اول كتاب زجلي باسم "" الزغلول""","١٩٠ صدر له اول كتاب فرحعي باسم "" المزغول""",../data/muharaf_prepared_resized/train/train_012367.png,2025-11-28T13:16:42,Sana
train_001010,Valid but hard,,0.1896551724137931,فلما قلّد خيل روبليس (Gil Rubles) فنصب الوزارة عين الجنرال,فلما قلَد خيل روئيس (Gle) نصب الوزارة عين الجنرال,../data/muharaf_prepared_resized/train/train_001010.png,2025-11-28T13:16:44,Sana
train_009841,Valid but hard,,0.1896551724137931,المستند : موافقة مطرانية طرابلس المارونية بتاريخ ١٩٨٧/٥/٣٠,المستيد احواقة مطرانية طرالك المارونية بتاريخ ١٩٨ /١/٩٨,../data/muharaf_prepared_resized/train/train_009841.png,2025-11-28T13:16:47,Sana
train_012520,Valid but hard,,0.1515151515151515,في صيف ١٩٤٦ قلت في حفلة فرقتي على,في صيف ١٩٦ قلت في حقلة قرمني على,../data/muharaf_prepared_resized/train/train_012520.png,2025-11-28T13:17:37,Sana
train_016068,Valid but hard,,0.1510791366906475,ان المدعى المرقوم ادعى على الخوري يوسَف حيمور سَكر من بشرى قاطن رشعين بمبلغ قروش ٥١٠٠ بموجب كمبياله وان الخوري يوسَف المحرر باعه ثمانيه عشر,ان الدعى المرقوم الدعى على الخورى يوسَف حيمور ساكر من بشرى قاطن شعين بمبلغ قر ٠ بوجب كوجايله وان الخورى يوسَف المحر اعه مانيه وعر,../data/muharaf_prepared_resized/train/train_016068.png,2025-11-28T13:17:38,Sana
train_008606,Valid but hard,,0.1509433962264151,١٢: جوز بقر الى مارون نادر طنوس من ملكه في خراج عندقة,١ لاجز بقر الى مارون تالور طنوس من ملكه في خراج عندقوة,../data/muharaf_prepared_resized/train/train_008606.png,2025-11-28T13:17:41,Sana
train_015271,Valid but hard,,0.1509433962264151,تابع يوم الاربعا ١٢ نيسان (السابع والثلاثين) يستغرقون,تابع يوم الربها ف ١ نيسان (الساع والثلاثين) يستعرفون,../data/muharaf_prepared_resized/train/train_015271.png,2025-11-28T13:17:42,Sana
train_008651,Valid but hard,,0.1506849315068493,٣ شن الغاره على ابراهيم اسبر عبده واخذ ثلاثة دواب كمه نهاراً من امام بيته,٢ شن الغاره على ابراهم غبده واخذ ثلاثة دواب من نهاراً من امام يته,../data/muharaf_prepared_resized/train/train_008651.png,2025-11-28T13:17:43,Sana
train_016725,Valid but hard,,0.1505376344086021,بكامل القطعة الكائنة بمحل الجدار توت وبيت سكن ممسوح نمرو ١٠١٧ حـ ١٠ والبيت مؤلف من تسع عينيات,بكال القطعة الكائفة بمل الجدار توت وبيت مسكن مسو و ١ ـ١٠ والبيت مؤلف من تسع عينيات,../data/muharaf_prepared_resized/train/train_016725.png,2025-11-28T13:17:44,Sana
train_008556,Valid but hard,,0.1505376344086021,لا بل يرسَلون ىحضرَّوها لعندهم بالتمليق. وذالك ضد منطوق المجمع اللبناني وجه ١١١. القايل ان كل,لا بل ليرسَلون بحضرَّها لعندهم بالمتمليق. وذالك هذد قنطوق الجيع اللباني وجه ١٠ القايل ان كل,../data/muharaf_prepared_resized/train/train_008556.png,2025-11-28T13:17:45,Sana
train_021652,Valid but hard,,0.15,١٨٨٨: مدرسة عين تراز,١٨: مدرسه عين تراز,../data/muharaf_prepared_resized/train/train_021652.png,2025-11-28T13:17:48,Sana
train_021688,Valid but hard,,0.15,غوبري Goupri يعلمنا الفرنسويه واليونانية,غوبري G يعلمنا الفرسويه واليونانية,../data/muharaf_prepared_resized/train/train_021688.png,2025-11-28T13:17:50,Sana
train_013818,Valid but hard,,0.15,والارز البالغة كميتها ٣٨٧ كيلو سكر و ١٠٤٧  كيلو ارز وذلك بسعر كيلو السكر ٤٠ غرشا,والارز البالة كمتها ٣٧ كيلو سكر و ١٧٧ كيلو ارز وذلك بسعر كيل الكر ٢٠ كر,../data/muharaf_prepared_resized/train/train_013818.png,2025-11-28T13:17:51,Sana
train_009842,Valid but hard,,0.15,"١""\- الاعمال المنفذة",١\- الاعمال المنعزة,../data/muharaf_prepared_resized/train/train_009842.png,2025-11-28T13:17:53,Sana
train_016095,Valid but hard,,0.15,اجرا ايجابه يسَلم لكل فريق نسَخة تحريراً فى ٧ ربيع اول سنة ٣٠٥ وفى ١٠ ت١ سنة ٣٠٣,اجرار اجابه يسَليم مكل فريق نسَخة تحرياً فى ٧ ربيع اول سنة ٠ ف ١ ت سنة٣٠٣,../data/muharaf_prepared_resized/train/train_016095.png,2025-11-28T13:17:54,Sana
train_013366,Valid but hard,,0.15,"مشتروات تمت هذا العام  ١٧,٠٠٠,٠٠٠ / ل. ل",مشتروات تمت هذا العام ١٧٠٠٠ / ل. ل,../data/muharaf_prepared_resized/train/train_013366.png,2025-11-28T13:18:00,Sana
train_015101,Valid but hard,,0.15,يوم الجمعة في ١٧ اذر الحادي عشر. شافرنا من أبو قار الساعة ١٢,يوم الجمع في ١٧ اذار الحاري عشر. سافرنا من ابو  الساعة ١١,../data/muharaf_prepared_resized/train/train_015101.png,2025-11-28T13:18:02,Sana
train_018502,Valid but hard,,0.15,البوسطة ب ٤ ساعات واما تحريركم رقم ۳١ اب,البوسَطة ب ٤ ساعات الاواما تحريركم رقم  اب,../data/muharaf_prepared_resized/train/train_018502.png,2025-11-28T13:18:10,Sana
train_002609,Valid but hard,,0.1495327102803738,بعد التحيه والاكرام وصلتنا كتبكم الاول والثاني المؤرخات ١٨ ربيع الاخر سنة ١٣٤٥ و٢١ جماد الاول سنة ١٣٤٥ وكنا,بعد التحيه والاكرام وصلتنا كتبكم الاول والثاني المؤرخات ١٨ ربع الاخر سنة ٩٣ وى٢ ما الال س ٩٥٠ وكن,../data/muharaf_prepared_resized/train/train_002609.png,2025-11-28T13:18:12,Sana
train_014149,Valid but hard,,0.1494252873563218,فعلة عدد ٢٩ سَعر ٢٠٠ بخلال شهر حزيران سنه ١٩٤٢ ثمن مصفاة للقصطل واجرة تركيبها /٢٥٠/ ثمن,فعلة عد ٢ سَع ٠ بجلال شهر حزيران سنة ١٩٤٢ ثمن مصفاة للقطل واجرة ترميها /٢/ ثمنة,../data/muharaf_prepared_resized/train/train_014149.png,2025-11-28T13:18:12,Sana
train_002202,Valid but hard,,0.1489361702127659,قررت في جلستها المنعقدة في 31 ك2 سنة 1910 تقديم,قررت في جلسَتها المتعقدة في ٣١ ك٢ سنة 19٠0 قديم,../data/muharaf_prepared_resized/train/train_002202.png,2025-11-28T13:18:13,Sana
train_009912,Valid but hard,,0.1486486486486486,١- إقتراح كل الاعمال والمشاريع التي تتعلّق بصيانه الوقف، وتجميله، وتطويره،,- اترا كمل العال والمَاريع التي تتقلق بصيانه الوقف، وتجميله، وتويره،,../data/muharaf_prepared_resized/train/train_009912.png,2025-11-28T13:18:14,Sana
train_016545,Valid but hard,,0.1486486486486486,بلدية تنورين يوم الاحد الواقع في ٦ ايلول ٩٥٣ الساعة التاسعة صباحا عقد مجلس,بلدية تقرين بيوم الاحد المواقعو في ٦ يلول ٩٥ الساعة التاسبغة صباحًا عفد مجلس,../data/muharaf_prepared_resized/train/train_016545.png,2025-11-28T13:18:15,Sana
train_002516,Valid but hard,,0.1481481481481481,من جريدة ام القرى العدد ١ والعدد٢ تطلعون عليهن مسرورين,من جريدة ام القرى اعد والعد تطلعون عليين مسرورين-,../data/muharaf_prepared_resized/train/train_002516.png,2025-11-28T13:18:22,Sana
train_002962,Valid but hard,,0.1481481481481481,بلدية الاسكندرية ٢٥ / ٢ /٣٨,بلدية الاسكتدرية ٢٥ /٢/٣,../data/muharaf_prepared_resized/train/train_002962.png,2025-11-28T13:18:26,Sana
train_017949,Valid but hard,,0.1475409836065573,قداسا المرسلة لكم في ت٢ السنة الماضية. وما ذكرتموه بشان ارسال,قبراتنا المرسلة لكم  ت٢ المنة الماضية. وما ذكر تموه بشان رسال,../data/muharaf_prepared_resized/train/train_017949.png,2025-11-28T13:18:27,Sana
train_010353,Valid but hard,,0.1470588235294117,تدنيت الف ليرة من اخيها وجاء اليوم يطالبني بها . اعمل لي حساب ١٤ سنة,ندنيت الس ليره من احينها وجاء اليوم يطلبني ها اعمل لي حساب ٤ سنة,../data/muharaf_prepared_resized/train/train_010353.png,2025-11-28T13:18:28,Sana
train_013022,Valid but hard,,0.1470588235294117,جلسة نهار الثلاثاء في ٧ - ٣ - ١٩٦٧,بلسة نهار الثلاثاء في ٧ ٧- ١٩٦٧,../data/muharaf_prepared_resized/train/train_013022.png,2025-11-28T13:18:30,Sana
train_007771,Valid but hard,,0.1470588235294117,حفلة ام القيوان الخميس ٢٤ - ٣ - ٨٨,حفلة ام القيوان الخمين ٢- ٣- ٨,../data/muharaf_prepared_resized/train/train_007771.png,2025-11-28T13:18:31,Sana
train_013933,Valid but hard,,0.146788990825688,رقم ١٠ تاريخ ٢٣ آب سنه ١٩٣١ الدكتور نايف سعيد كنعان طبيباً للبلدية نهرياً ثم حصل له تعويضاً سنوياً قدره خمسَة,رقم ١٠ تاريخ ٢ آب نة ١٩٤ الدكتور نامين سعين كنسان طبيباً للبلدية نحرياً عم خصل له تعديضا سَوياً قدره خمسة,../data/muharaf_prepared_resized/train/train_013933.png,2025-11-28T13:18:32,Sana
train_007743,Valid but hard,,0.1463414634146341,تابع مذكراتي فى رحلتي الى الخليج عام ١٩٨٨,تابع مذكراي في رحلتي الى الخليح ع ١٨٨,../data/muharaf_prepared_resized/train/train_007743.png,2025-11-28T13:18:33,Sana
train_012462,Valid but hard,,0.1463414634146341,- سنة ١٩٤٨ ٩ آب في قهوة الميدان دير القمر,سنة ١٩٤٨ ٩ آب في قهوة المبدان وير الفقر,../data/muharaf_prepared_resized/train/train_012462.png,2025-11-28T13:18:34,Sana
train_012981,Valid but hard,,0.1463414634146341,جلسة نهار الجمعة الواقع في ١١ - ١١ - ١٩٦٦,جلسة نهار المجمعة الواقع في ١ - ١ ١٩٦,../data/muharaf_prepared_resized/train/train_012981.png,2025-11-28T13:18:34,Sana
train_002520,Valid but hard,,0.1454545454545454,(١) ما هو مركز الامير علي في الحجاز. (٢) ما هو مركز حكومة نجد في الحجاز وما هي الحقوق الذي ستكون لها في الحجاز,(١) ما هو مركز الامير علي في الحجا. ٢ ما هومركز كوة نجد في الجاز وما هي الحقوق الذي سكون انان الياج,../data/muharaf_prepared_resized/train/train_002520.png,2025-11-28T13:18:35,Sana
train_012983,Valid but hard,,0.1454545454545454,الجلسة. المحددة بتاريخ ١١- ١١ - ١٩٦٦. وبعد ان تبلغ كافة,الجلسة. المددة تباريخ ١- ١- ١٩٦. وبعد ان تبلغ كانة,../data/muharaf_prepared_resized/train/train_012983.png,2025-11-28T13:18:36,Sana
train_010905,Valid but hard,,0.1451612903225806,تلاتون ليره انكليز عــ ٣٠ وتسَعة شلونات عــ ٩ وتسَعة اسَترالية,تلاثون ليره انكليز عـ٣٠ وتسَعة شلونات عـ ٢٢ وتسعة استرالين,../data/muharaf_prepared_resized/train/train_010905.png,2025-11-28T13:18:37,Sana
train_013568,Valid but hard,,0.1451612903225806,الواقع فى ٣ الجاري الساعة العاشرة من قبل الظهر وبما انني بموعد,الواقع فى ٣ الجاريس السالعة العاسرما من قبل الظهروبما الني يمو عد,../data/muharaf_prepared_resized/train/train_013568.png,2025-11-28T13:18:38,Sana
train_009962,Valid but hard,,0.144927536231884,٤ - للجّنه مجتمعة حق الاطلاع على حساب الصندوق متى شاءَت اطمئناناً الى,- لجنه مجتمعة حت الاطلاع على حساب الصفوق متى شأءت اطمئنانا الى,../data/muharaf_prepared_resized/train/train_009962.png,2025-11-28T13:18:38,Sana
train_005267,Valid but hard,,0.1444444444444444,قمت فى ٢٨ ايلول مساء فوصلتها صباح ٢٩ الثلثا الموافق عيد مار روحانا شفيع الخوري فرنسيس زوين,مت فى ٢٨ اليوس مساء فحلها صباح ٢ الثلن الموافق عيد مار دوحانا شفيع الخوري فريس زوين,../data/muharaf_prepared_resized/train/train_005267.png,2025-11-28T13:18:39,Sana
train_015434,Valid but hard,,0.1442307692307692,تموز سنة ١٨٩٠ بمحلة نهر شماس وبناءٍ على ذلك وعدولاً الى جزاءِ الجرم الاشد وتطبيقا للمادة الـ٢٢٧ من قانون,مو سنة ١٠ جلة منهرشماس وبناءٍ على ذلك وعدولاً الى جزاء الجرم الاشد وتطيقا للمادة الـ١ م قانون,../data/muharaf_prepared_resized/train/train_015434.png,2025-11-28T13:18:40,Sana
train_013847,Valid but hard,,0.1428571428571428,بخصوص عريضة مقدمة من ايفا ملحم الشويري في ١٢ آب سنه ١٩٤١,بخصوص ريضة مقدرية من ايقا ملم الشديري في ١ ب سنه ١٩٤١,../data/muharaf_prepared_resized/train/train_013847.png,2025-11-28T13:18:41,Sana
train_012354,Valid but hard,,0.1428571428571428,عام ١٩٢٥ دخل مدرسة الفرير - الجميزه,عام ١٩٥ دخل مددسة التفرير - المجميز,../data/muharaf_prepared_resized/train/train_012354.png,2025-11-28T13:18:41,Sana
train_004517,Valid but hard,,0.1428571428571428,عن بكاسين في ١٩ شباط سنة ٩٢٤,عن بكاسين في ١٩ كشبلا سنة ٩٤,../data/muharaf_prepared_resized/train/train_004517.png,2025-11-28T13:18:45,Sana
train_013138,Valid but hard,,0.1428571428571428,"مجموح المصارفات /٦٥١٨,٤٥/ل.ل","جموح المصارفات /٦٥,,٥/ل.ل",../data/muharaf_prepared_resized/train/train_013138.png,2025-11-28T13:18:47,Sana
train_004030,Script mismatch (non-Arabic),,0.1428571428571428,EAC-C-9,EAC-C-,../data/muharaf_prepared_resized/train/train_004030.png,2025-11-28T13:18:49,Sana
train_018895,Script mismatch (non-Arabic),,0.1428571428571428,YFS1A-7,YFSA-7,../data/muharaf_prepared_resized/train/train_018895.png,2025-11-28T13:18:51,Sana
train_012306,Script mismatch (non-Arabic),,0.1428571428571428,MK2A-78,MK2A-71,../data/muharaf_prepared_resized/train/train_012306.png,2025-11-28T13:18:57,Sana
train_008611,Valid but hard,,0.1428571428571428,١٧ الى يوسف نادر يوسف,الى يوسف نادر يوسف,../data/muharaf_prepared_resized/train/train_008611.png,2025-11-28T13:19:01,Sana
train_014150,Valid but hard,,0.1428571428571428,ترابة شوال عدد ٢٠ اي طون /٧٣٣٠/ آجرة نقل ترابة من بيروت الى كفرشيما طن,تراية شو ال عد ٢٠ اي طون /٣٠/ آجرة نقل ترابة منز بروت الى كفرشما طنير,../data/muharaf_prepared_resized/train/train_014150.png,2025-11-28T13:19:08,Sana
train_008667,Valid but hard,,0.1428571428571428,٢٣ وخمسة ريالات مجيدى واشهروا عليه السلاح وتهددوه بالقتل,/وخسةريالوت بجيدس واشهروا عليه السلاح وتهددوه بالقتل,../data/muharaf_prepared_resized/train/train_008667.png,2025-11-28T13:19:09,Sana
train_001981,Valid but hard,,0.1428571428571428,بيروت في ٢ ايلول /٩٠٩,بيروت في ٢ ايلول ١٩٥٨,../data/muharaf_prepared_resized/train/train_001981.png,2025-11-28T13:19:11,Sana
train_000232,Valid but hard,,0.1428571428571428,مرسل لكم طيه جدولاً باسماء المكلفين لدفع بدل الطريق عن سنة ١٩٣٦ للقرى المذكورة ادناه,مسرل لكم يه جدولاً باسماء المكلوين لدفع بول الطريق عن سنة ١٩٠ لفرى المكورة انه,../data/muharaf_prepared_resized/train/train_000232.png,2025-11-28T13:19:12,Sana
train_013147,Valid but hard,,0.1428571428571428,٦ - اجراء استدراج عروض لشراء مشمعات وجزمات لعمال النظافة,٦ - الجوراء استدراج عروض لشراء مسَمعات وجزمات لعمل النظيات,../data/muharaf_prepared_resized/train/train_013147.png,2025-11-28T13:19:13,Sana
train_016715,Valid but hard,,0.1428571428571428,لبيع حصة القاصر هو لاجل النفقة الضرورية عليه ولاجله حرر / ٨ اب سنة ٩٢١,لبيع حصة القصر هو لاجل النققة الضرورية عليه ولا جور ١ اب سنة ٩٢١,../data/muharaf_prepared_resized/train/train_016715.png,2025-11-28T13:19:14,Sana
train_016882,Valid but hard,,0.1428571428571428,عنواني : المملكة الاردنية الهاشمية - نابلس ص ب ٨٤,عنواني : ة الاردنية الهاشمية - نابلس ص ب ٤,../data/muharaf_prepared_resized/train/train_016882.png,2025-11-28T13:19:15,Sana
train_007461,Script mismatch (non-Arabic),,0.1428571428571428,"C. POSTAL, 347","C. PSTAL, 47",../data/muharaf_prepared_resized/train/train_007461.png,2025-11-28T13:19:17,Sana
train_003223,Valid but hard,,0.1428571428571428,(١) كانت عزبة في ذلك الزمان.,(١) كانت عره في ذلك الزمان,../data/muharaf_prepared_resized/train/train_003223.png,2025-11-28T13:19:20,Sana
train_012805,Valid but hard,,0.1428571428571428,١- خط من مفرق الدير مبانى أنيس وهبه,١- حط من مفرق الدير سه مباني أنيس وهبه,../data/muharaf_prepared_resized/train/train_012805.png,2025-11-28T13:19:22,Sana
train_012864,Script mismatch (non-Arabic),,0.1428571428571428,1 M 108,1 M 08,../data/muharaf_prepared_resized/train/train_012864.png,2025-11-28T13:19:24,Sana
train_012732,Valid but hard,,0.1428571428571428,محضر جلسة ٢٦/ ٤/ ٢٠٠٠,محضر جلسة ٢٦/ ٢/٢٠٠,../data/muharaf_prepared_resized/train/train_012732.png,2025-11-28T13:19:27,Sana
train_018580,Script mismatch (non-Arabic),,0.1428571428571428,YAL2A-1,YAL2A-12,../data/muharaf_prepared_resized/train/train_018580.png,2025-11-28T13:19:29,Sana
train_011811,Script mismatch (non-Arabic),,0.1428571428571428,MG1-150,MG1-50,../data/muharaf_prepared_resized/train/train_011811.png,2025-11-28T13:19:30,Sana
train_018013,Valid but hard,,0.1428571428571428,عن فانك في ٤ تموز ٩٢٣,عن فانك في ٤ تمواز ١٩٣,../data/muharaf_prepared_resized/train/train_018013.png,2025-11-28T13:19:33,Sana
train_019234,Script mismatch (non-Arabic),,0.1428571428571428,YS - 1D - 070h,YS - 1D - 004,../data/muharaf_prepared_resized/train/train_019234.png,2025-11-28T13:19:36,Sana
train_020031,Valid but hard,,0.1428571428571428,عن مصر ١٢ اكتوبر ١٩١٦,عن مصر ١ كتوبر ١٩١٧,../data/muharaf_prepared_resized/train/train_020031.png,2025-11-28T13:19:40,Sana
train_008434,Valid but hard,,0.1428571428571428,ودعاكم علينا فى ١٤ ك٢ سنه ١٩١٠ ولد سىادىكم,ودعاكم علينا فى ٢ ك٢ سنة ١٩١ ولد سادكم,../data/muharaf_prepared_resized/train/train_008434.png,2025-11-28T13:20:00,Sana
train_000181,Valid but hard,,0.1428571428571428,توجب دفعه من مال الاميرية والطراقات لجهة الماجور المذكور تحريرا/ ٢٦ نسان /٩١٦,بتوجب دفعه ن مال الاميرية والطرقات لجهة الماجور المذكور تحريرا فى ٢ ان ١٩٠١,../data/muharaf_prepared_resized/train/train_000181.png,2025-11-28T13:20:01,Sana
train_014039,Valid but hard,,0.1428571428571428,عدد ٩ سَعادة محافظ جبل لبنان الافخم,عد سَعاده محافظ جبل لبنات الافخم,../data/muharaf_prepared_resized/train/train_014039.png,2025-11-28T13:20:02,Sana
train_007398,Valid but hard,,0.1428571428571428,سان باولو ٩ اذار ١٩٦٣,ان باولو ٩ اذر ١٩٦,../data/muharaf_prepared_resized/train/train_007398.png,2025-11-28T13:20:06,Sana
train_012776,Valid but hard,,0.1428571428571428,٢- مناسبات عشرون مليون ليرة لبنانية,٢ - مناسات عشرون مليون لرة لبنانيه،,../data/muharaf_prepared_resized/train/train_012776.png,2025-11-28T13:20:07,Sana
train_012563,Script mismatch (non-Arabic),,0.1428571428571428,MK2A-81,MK2A-71,../data/muharaf_prepared_resized/train/train_012563.png,2025-11-28T13:20:10,Sana
train_003473,Script mismatch (non-Arabic),,0.1428571428571428,BEK1A-2,BEK1A-5,../data/muharaf_prepared_resized/train/train_003473.png,2025-11-28T13:20:12,Sana
train_010439,Script mismatch (non-Arabic),,0.1428571428571428,عن بعبدا ٩ ايلول ١٩٤٧,عن بعبدا ٩ ايلول نة٩٤١,../data/muharaf_prepared_resized/train/train_010439.png,2025-11-28T13:20:15,Sana
train_005685,Valid but hard,,0.1416666666666666,ان لم تكن تحاريرك مبنية على اساس فاسد. تقول فى تحريرك الاول تاريخ ١٠ ايار أولاً ان محبة الخوري لي هي كونى اقدم له خدامات,ان لم كن تحاريك منة على اس فاسداً. تقدل فى تحريك الاول تاريخ ١٠ ايار اولاً ان قخجة الخورى في هي كون اقدم له خدامات,../data/muharaf_prepared_resized/train/train_005685.png,2025-11-28T13:20:19,Sana
train_015980,Valid but hard,,0.1415929203539823,بالبيع والمبيع والثمن ابراء عاماً مستقلاً وبعد تصادق الطرفين على مندرجات هذا الصك حرر بالتوقيع / ١٠ ايلول سنة ٩٢٨,بالبيع والمبيع والشمن ابراء عاماً مشقلاً وبعد تصادق الطرقين على مند رجات هو الصك حرر بالقواقع ١٠ ال سنة ٩٢١,../data/muharaf_prepared_resized/train/train_015980.png,2025-11-28T13:20:20,Sana
train_016692,Valid but hard,,0.1414141414141414,بالجزوع والاخشاب ممسوح نمرو ١٠٣ حب ٤ مـ يحد جميع ذلك قبلة متروك عن مخايل ابراهيم النجار شرقاً متروك,الجزوع والاخشاب مسوم سنة ١٠ حث مب يجد جميع ذلك قبلة متروك عن مخايل ابراهيم النجار شراً متروك,../data/muharaf_prepared_resized/train/train_016692.png,2025-11-28T13:20:21,Sana
train_014125,Valid but hard,,0.1411764705882353,لبنانية وفاوصلنا منها مبلغ خمسَون ليرة بموجب الايصال عدد ٨ جلد ٢ تاريخ ٢٨ اب سنه ١٩٤٢,لبنانية وقا دخلنا منها مبلغ خمسَون ليرة بمواجب الايصال عد ٨ جلد تاريخ ٢٨ اب سنة ٩٢١,../data/muharaf_prepared_resized/train/train_014125.png,2025-11-28T13:20:22,Sana
train_016263,Valid but hard,,0.141025641025641,لدى المذكره انه بناءً على تمرد المسَتدعين المرقومين عن الحضور الى المحاكمة بالوقت المعين حالة كونهما ابلغتا الطلب رسَمياً فسنداً على المادة الـ ١٤٢ من قانون,لدى المذكارة ان اً على تر المستدين المرمين عن الحور الى المحكمة بالوقت المعين حالة كونهما ابلغا الطلب رسَمياً عسَنداً على المادة الـ١٢ م انو,../data/muharaf_prepared_resized/train/train_016263.png,2025-11-28T13:20:22,Sana
train_014236,Valid but hard,,0.141025641025641,وروى البطرك الدويهي تلك الحروب بالتفصيل سنة  ١٢٦٦ ان الموارنة رافقوا الصليبيين,وروى البطروك الدويهي تلك التحروب بالتفصيل سنة ١٩٢ ان الموانة رافوا الصلين,../data/muharaf_prepared_resized/train/train_014236.png,2025-11-28T13:20:23,Sana
train_002214,Valid but hard,,0.1408450704225352,الىّ فى كتابكم المؤرخ فى 25 حزيران سنة 921 والتى سيبقى أثرها في نفسى ما,التى فى كتابكم المؤرخ في ٢٥ حزيران سنة ٩٣ والتى سبقى أثرها فى نفسى ما,../data/muharaf_prepared_resized/train/train_002214.png,2025-11-28T13:20:24,Sana
train_009837,Valid but hard,,0.1408450704225352,١١ - تم تنفيذ جميع البنود الواردة في الموافقة المدرجة في المستند أعلاه،,- ثم تنعيز جميع المنبود الواردة في الموافقة المدرجة في المستند أميلاه،,../data/muharaf_prepared_resized/train/train_009837.png,2025-11-28T13:20:24,Sana
train_012842,Valid but hard,,0.140625,في يوم الثلاثاء الواقع في ٢٠٠٢/٢/١٩  سنة ٢٠٠٢ عند الساعة السادسة,في يوم الثلاثاء الواقع في ٢/  سنة ٢٠ عند الساعة السادسة,../data/muharaf_prepared_resized/train/train_012842.png,2025-11-28T13:20:26,Sana
train_005442,Valid but hard,,0.140625,قبل سَفره الذي يكون في ٣ تموز وهو يقول لكم ما ينويه... (وهل ينوى,قبل شفره الذي يكون في ٣ تموز وهو بقول مكم مانينويه . (وهل بنوس,../data/muharaf_prepared_resized/train/train_005442.png,2025-11-28T13:20:27,Sana
train_012605,Valid but hard,,0.1403508771929824,منذ ست سنوات لا تزيد في هذا التاريخ من كل سنة عن ٤٠ مترًا,مغذت منواث لا تزريد في هذا التاريخ من كل سنة عن ٤٠ قرًا,../data/muharaf_prepared_resized/train/train_012605.png,2025-11-28T13:20:31,Sana
train_004725,Valid but hard,,0.14,على شقيقها حنا بماية ليرا دهب بتاريخ ٢٢ اب سنة ٩٣٥,على شفيوها حنا باية ليرا هب تاريخ ٢ اب سنة ٩٣,../data/muharaf_prepared_resized/train/train_004725.png,2025-11-28T13:20:32,Sana
train_015039,Valid but hard,,0.14,تابع رحلة سفرنا من بغداد الى شيكاغو ف ١٧ آذار ١٨٩٣,تابع رولة سرنا من بعداد الى شيكاو في ٧ اذار ١٨٩٣,../data/muharaf_prepared_resized/train/train_015039.png,2025-11-28T13:20:33,Sana
train_008629,Valid but hard,,0.1397849462365591,٦ تشليح فردة بقر الى يوسَف نادر يوسف وظهرت وانطلب فكاكها خمسون ريال مجيدى عند اغاواة الدنادشه,٦٥ تشليحم فردة بقر الى يوسف نادر فوسف وظهرت وانطلب فالها فحسون ريال جيدى عند اغاوة الداوش,../data/muharaf_prepared_resized/train/train_008629.png,2025-11-28T13:20:34,Sana
train_006331,Valid but hard,,0.1395348837209302,الجنوب صمد منذ عام ١٩٦٧ - وكان صموده رائعاً,الجنوب صمد مند عام ١٩٦٧ - وكان لموه اقاً,../data/muharaf_prepared_resized/train/train_006331.png,2025-11-28T13:20:37,Sana
train_012955,Valid but hard,,0.1395348837209302,جلسة نهار الأربعاء الواقع في ٩ - ١١ - ١٩٦٦.,جلسة نهاد الأربعاء الواقع في ٩ -١ ١٩٦.,../data/muharaf_prepared_resized/train/train_012955.png,2025-11-28T13:20:37,Sana
train_012344,Valid but hard,,0.1395348837209302,١٩٤٤ كانت فرقته اول فرقة زجلية دخلت الاذاعة,١٩٤ كانت فرقته او فرقة زجية وخالت الافاعة,../data/muharaf_prepared_resized/train/train_012344.png,2025-11-28T13:20:38,Sana
train_015287,Valid but hard,,0.1395348837209302,يوم الاثنين ١٠ نيسان (يوم الخامس والثلاثين),يوم الاثين ن ١ نيسان)(يوم الخامس والثارين),../data/muharaf_prepared_resized/train/train_015287.png,2025-11-28T13:20:39,Sana
train_013927,Valid but hard,,0.1395348837209302,٢٥ ايلول ١٩٤١ وقدره الفان وثمانماية واربعة واربعون كيلو فبيع من الاهالي الفان وسبعماية,٥ ايمو ن ١٩٤ وقدره النان مثانماية واربعة واربعون كيلو نبيع من الاصالي النان وسبعاية,../data/muharaf_prepared_resized/train/train_013927.png,2025-11-28T13:20:41,Sana
train_011187,Valid but hard,,0.1395348837209302,سأله صهرنا عن الحساب فقا له انه دفعه له إياه في ٢۹ تموز ١۹٠٧ بين الساعة عشره واحدى عشر,سأنه صهرا عن الحساب فقال له انه دفعه له اياه في ٢٩ تموز ن ١٩٣٠ بين السَاعة عشره واحد عشر,../data/muharaf_prepared_resized/train/train_011187.png,2025-11-28T13:20:41,Sana
train_012852,Valid but hard,,0.1395348837209302,كفرشيما تشمل العقارات ٧٢٣ - ٧٢٤ - ٧٢٥ - ٧١٦,كفرشيما بتشمل العقارات ٣٣ - ٧٢٤٢- ٢٢٥ - ٧٦,../data/muharaf_prepared_resized/train/train_012852.png,2025-11-28T13:27:42,Sana
train_012720,Valid but hard,,0.1388888888888889,سنة ١٩٩٩ (طلب نائب الرئيس سهيل طعمه),سنة ١٩٩ بنائب الرئيس سهيل طعمه),../data/muharaf_prepared_resized/train/train_012720.png,2025-11-28T13:27:45,Sana
train_013929,Valid but hard,,0.1382978723404255,فتكون قيمة الكمية المستلمة ٦٢٥٦٨ غروش اما الكمية المباعة فبلغت ٦١٥٧٨ غروش فتكون القيمة المكسور,يتكون قيمة الكمية المستلمة ٦٨ غش اما الكمية المباعة فبلغت ٦٨ غر فتكون القيمة المكو,../data/muharaf_prepared_resized/train/train_013929.png,2025-11-28T13:27:48,Sana
train_012795,Valid but hard,,0.1379310344827586,١- تلاوة محضر الجلسة السابقة.,لمستلادة محضر الجلسة السابقة.,../data/muharaf_prepared_resized/train/train_012795.png,2025-11-28T13:27:48,Sana
train_015731,Valid but hard,,0.1379310344827586,بيروت \ ٥ ت١ ٩٢٧ المفتش العام,بيروت ٥ ت ٩٢ المفتش العام,../data/muharaf_prepared_resized/train/train_015731.png,2025-11-28T13:27:51,Sana
train_002549,Valid but hard,,0.1379310344827586,بعد اهدأ التحية والسلام. اخذت كتابكم المؤرخ ٢١ ج٢ ١٣٤٣ وسررت بصحتكم وشكرتكم على ارسالكم,اهداً التحية والسلم. اذت كتابكم المؤخ ٢١ ج ١٣ وسررت بصحتكم وشكرتكم على ارسالكم,../data/muharaf_prepared_resized/train/train_002549.png,2025-11-28T13:27:52,Sana
train_011619,Valid but hard,,0.1379310344827586,المنصوره في ٥ لوليو ٩٢٧ بكفيا,المنصور في٥ لولو ٩٢٧ بكفي,../data/muharaf_prepared_resized/train/train_011619.png,2025-11-28T13:27:56,Sana
train_015095,Valid but hard,,0.1379310344827586,يوم احد في ١٩ اذار. الثالث عشر. سافرنا من ميادين الساعة ١٠,موم الاحد في ١٩ اذار . الثالثة عشر . مسافرنا من ميادين الساعة ١١,../data/muharaf_prepared_resized/train/train_015095.png,2025-11-28T13:27:58,Sana
train_004237,Valid but hard,,0.1375,سَنة لا ادفع سوى ثمن القسَاطل وكلفة تمديدها . ثم زرعت ٢٠٠ شجرة زيتون مطعمة و ٢٠٠,سَنة لا ادفع سوى ثمي التساطل وكلفة تمديدها ثم نزرعت ٠ شجرة زيتون مطعمة و٠,../data/muharaf_prepared_resized/train/train_004237.png,2025-11-28T13:27:59,Sana
train_015233,Valid but hard,,0.1372549019607843,من هنا للاخ بطرس ايضاً ورجعنا للوابور وفي الساعة ١١,من هنا للاح ابطرسن ايضا ورجعا للوابول وفي الساعة ١٢,../data/muharaf_prepared_resized/train/train_015233.png,2025-11-28T13:28:00,Sana
train_009236,Valid but hard,,0.1363636363636363,كان عمرة تقديرا نحو ٣٥ سنة وكان من صف الرديف,ج كان عمره تقديرا نكو ٣٥ سنة وكان من حف الرويف,../data/muharaf_prepared_resized/train/train_009236.png,2025-11-28T13:28:01,Sana
train_000850,Valid but hard,,0.1363636363636363,عبد الرحمن (١٨٢٢-١٨٥٩) بن سليمان (١٧٩٢-١٨٢٢),عبد الرحمن (١٨٢-١٨) بن سليمان (١٧٧-١٨٢),../data/muharaf_prepared_resized/train/train_000850.png,2025-11-28T13:28:02,Sana
train_012137,Valid but hard,,0.1363636363636363,بيروت في ٢ ك١ سنة ١٩٥٤,بيروت في ٢ ك١ سنه ١٩٤١,../data/muharaf_prepared_resized/train/train_012137.png,2025-11-28T13:28:04,Sana
train_021240,Script mismatch (non-Arabic),,0.1363636363636363,POR TELEGRAFO: SAIKALI,POR TEGRAFO: SAKALI,../data/muharaf_prepared_resized/train/train_021240.png,2025-11-28T13:28:06,Sana
train_011485,Segmentation error,,0.1363636363636363,مرخص بموجب علم وخبر رقم ٢٤/اد تاريخ ٩ /١/ ٦٥,مرخصبموجب علم وخبرقم ٢٤/اد تاريخ ٩/ ١/٦٥,../data/muharaf_prepared_resized/train/train_011485.png,2025-11-28T13:28:12,Sana
train_005552,Valid but hard,,0.1363636363636363,كذلك نقلنا للقراءَة السَهله N 2 - في صفحه ١١,كذلك تقلنا للقراءَه السَهله  - في صفحه ١,../data/muharaf_prepared_resized/train/train_005552.png,2025-11-28T13:28:19,Sana
train_021465,Valid but hard,,0.1363636363636363,اولاد البرتو 32 البرتو,اولاد الرتو 3 الدرتو,../data/muharaf_prepared_resized/train/train_021465.png,2025-11-28T13:28:20,Sana
train_012348,Valid but hard,,0.1363636363636363,١٩٤٧ استحصل على رخصة رسمية واصدر مجلة الاديب,١٩٣ استحصل على رخصة رسميرة واصدر مجلة الحروب,../data/muharaf_prepared_resized/train/train_012348.png,2025-11-28T13:28:21,Sana
train_017271,Valid but hard,,0.1363636363636363,"امين : انته ما دخلك . الاغا طلب مني بي ""٥٠٠""","امين : انته ما دخلك، الاغا طلب مني في ""٠",../data/muharaf_prepared_resized/train/train_017271.png,2025-11-28T13:28:31,Sana
train_015669,Valid but hard,,0.1358024691358024,لي الشرف ان ابلغكم ربط صورة عن تعليمات وزارة العدليه بتاريخه ١٣٣٠ المتعلق بالاشيا,لي التشرف ان ابلفكم ربط صدرة عن تعليمات وزارة العد ليه ناريخه ٣٠ المقلق بالاشا,../data/muharaf_prepared_resized/train/train_015669.png,2025-11-28T13:28:32,Sana
train_016745,Valid but hard,,0.135593220338983,قرية ارده والممسَوحة تحت لون ٢٢ مدالى ٤ ومشتملة على ارض سَليخ وزيتون ومختلف يحد كاملها قبلةً ملك الخوري واكيم فضل الله,قرية اده والمسَوحة تحن و٠ مدالى ومشتملة على ارضى سَلخ وذتون ويختلف يحد كاملها قبلةً ملك الخوري واكيم فضصل الله,../data/muharaf_prepared_resized/train/train_016745.png,2025-11-28T13:28:33,Sana
train_013082,Valid but hard,,0.135593220338983,بحملة تعشيب في البلدة . . كما جرى حجز اعتماد قدره ١٤٠٠٠/ل.ل,لجملة تعشيب في البلدة . كما جرى محز اعتماد قدره ١٠٠/ل.ل,../data/muharaf_prepared_resized/train/train_013082.png,2025-11-28T13:28:34,Sana
train_005577,Valid but hard,,0.1351351351351351,الصبر وطال عزيز بقاكم  ٢ حزيران / ٩٣٥,الصبر وطال عزيز بقاكم ٢ حزيران سنة ٩٢٥,../data/muharaf_prepared_resized/train/train_005577.png,2025-11-28T13:28:35,Sana
train_015244,Valid but hard,,0.1346153846153846,حتى الساعة ١٢ بحوالي نصف ساعة بعد المغرب قلع من يافا,حتى الساع ٢ بعمايل نصف ساعة بعد المغرب قل من يافا,../data/muharaf_prepared_resized/train/train_015244.png,2025-11-28T13:28:36,Sana
train_009585,Valid but hard,,0.134020618556701,"في الثامن من ايلول. طولها ٨ امتار عرضُها ٥ امتار علوها ٤ امتار ولا يوجد بها سند تمليك . /٧"" كنيسة","في العن من ايلول. طولا ١ امتار عرضها امتار علوها ي امتار ولا يوجد بها سند تليك /"" كنيسة",../data/muharaf_prepared_resized/train/train_009585.png,2025-11-28T13:28:38,Sana
train_019623,Valid but hard,,0.1333333333333333,فالمجمع اللبناني كان دستور الاستقلال الطائفي، كما كان بروتكول ١٨٦١، ولاحبار,الجع اللباني كان وستور الاستقلال الطائفي، كما كان برتول ١٨، ولاجبار,../data/muharaf_prepared_resized/train/train_019623.png,2025-11-28T13:28:48,Sana
train_003444,Valid but hard,,0.1333333333333333,عن المعاملتين ٩ حزيران سنة ٩٣٠,عن المعاملته ٩ حزيران سنة ١٩٣١,../data/muharaf_prepared_resized/train/train_003444.png,2025-11-28T13:28:55,Sana
train_013149,Valid but hard,,0.1333333333333333,٧- الموافقة على صرف مبلغ /٧٠٠/ ل.ل لمديرية الدفاع لأجل تجهيز,٧ - الموافقة على صرو يمبلغ /٠٠/ل.ل لمديرية الدناع لأجل بمهيز,../data/muharaf_prepared_resized/train/train_013149.png,2025-11-28T13:28:56,Sana
train_005550,Valid but hard,,0.1333333333333333,بقاءَها. اما الفصل الثالث (III) فقد نقل بعدها,بقاءَها. اّا الفصل الثالث (I) فقد تفل بعدهنا,../data/muharaf_prepared_resized/train/train_005550.png,2025-11-28T13:28:57,Sana
train_015620,Valid but hard,,0.1333333333333333,٧٣ ثلاثة وسبعين,٧ لاثة وسبعين,../data/muharaf_prepared_resized/train/train_015620.png,2025-11-28T13:28:59,Sana
train_013118,Valid but hard,,0.1333333333333333,"علوان وشلهوب معلوف تحصيلاً لمبلغ /947,70/ل.ل.",علوان وشلهوب معلوف لحصيلاً لمبلغ /7/ل.ل.,../data/muharaf_prepared_resized/train/train_013118.png,2025-11-28T13:29:00,Sana
train_015064,Valid but hard,,0.1333333333333333,خان ولا دكان فقط خرايب وبساتين ووصلنا ساعة ١١,خان ولادكان فقط ضريب وبسانين ووصولنا ساعة ١,../data/muharaf_prepared_resized/train/train_015064.png,2025-11-28T13:29:01,Sana
train_012661,Valid but hard,,0.1333333333333333,محضر جلسة رقم ١,محضر جلسة رقم:,../data/muharaf_prepared_resized/train/train_012661.png,2025-11-28T13:29:02,Sana
train_014049,Valid but hard,,0.1333333333333333,في ٢٤ ايار ١٩٤٢,في ٢٤ ايار س ١٩٤٢,../data/muharaf_prepared_resized/train/train_014049.png,2025-11-28T13:29:08,Sana
train_008660,Valid but hard,,0.1326530612244898,١٠ هجوم عصابة من الاشقيا على احدى حاراة القبيات الساعه الرابعه ليلاً بوجود قنصل دولة فرنسا الفخيمة,هوم عصابة من الاشقيا على احدى حاراة القبيات الساعة الرابعه ليلاً يوجد فضصل دولة غرسنا الفخية,../data/muharaf_prepared_resized/train/train_008660.png,2025-11-28T13:29:09,Sana
train_009330,Valid but hard,,0.1326530612244898,قيمتها ١٢٥٠ غرش حجر والقيمة باقيه ضمن الشاري إبراهىم عيسي المذكور لا يسلمها الا بموجب امركم الكريم,وعني قيمتها ٢٥٠ غرش حجر والقيمة بافيه ضمن الشاري ابراهيم عيل المذكور لا يسلما الا يموجب امركم الكريم,../data/muharaf_prepared_resized/train/train_009330.png,2025-11-28T13:29:10,Sana
train_007197,Valid but hard,,0.1325301204819277,وحلوي الصدف لما بتجعلنا                                      kجنينة الملقا ونضارتها,وحلوي الصدف لما بتجعلنا                                         نلن الا ارتها,../data/muharaf_prepared_resized/train/train_007197.png,2025-11-28T13:29:11,Sana
train_008659,Valid but hard,,0.1325301204819277,٩ مخول طنوس مخايل الترس هو باطراف القريه ونهبوا وعطلو كلما بهِ منسوب للمحررين اعلاه,مخول طنوس مخايل الذى هو باطراق القريه ونهبوا وعطلوا كلما بهِ مسوب للحرين لعلاه,../data/muharaf_prepared_resized/train/train_008659.png,2025-11-28T13:29:11,Sana
train_016212,Valid but hard,,0.1324503311258278,لدى المذاكرة بما ان المعترض المذكور تبلغ الطلب بطريقة رسَمية ولم يحضر بالوقت المعين فقد قر القرار بالاتفاق برد اعتراضه سَنداً على المادة ال١٥٩ من قانون,عرى المذاكره بما ان المعرض الذكور تبلغ الطلب بطريق سَمة ولم يحضر بالوقت المعين فقدر القرار بالاتقوق برد اغراه سَنداً على المادة الـ١ من قون,../data/muharaf_prepared_resized/train/train_016212.png,2025-11-28T13:29:12,Sana
train_018097,Valid but hard,,0.1320754716981132,وهي حسنة ٢٠٠ مايتين قداس المرجو الوصل بها حسَب العادة,وهي حسَنة ٢٠٠ ما يتين قداس المرجع الوصل بمها حسَب القسية,../data/muharaf_prepared_resized/train/train_018097.png,2025-11-28T13:29:13,Sana
train_011582,Valid but hard,,0.1320754716981132,في اجزخانه سنه واحده (pratique)  وبعده اقدم الى مدرسة,فن اجزخانه سنه واحده (tqe) وبعده اقدم الى مدرسة,../data/muharaf_prepared_resized/train/train_011582.png,2025-11-28T13:29:14,Sana
train_015692,Valid but hard,,0.1318681318681318,لو قلنا انه يستوفى اجرة عدل ١٠ غروش تركية اذا كانت قيمة ان السند من الفين الى عشرة الاف غرش,لوقلنا انه يستد فى اجرة عدل ١٠ غرش تركية اذا كات قيمة السند المجل من القين الى عشرة الاف غرش,../data/muharaf_prepared_resized/train/train_015692.png,2025-11-28T13:29:15,Sana
train_012874,Valid but hard,,0.131578947368421,حلسة نهار الجمعة الواقع في ٩- ٩- ١٩٦٦.,جلسة نهار الجمعة الواقع في ٩ - ٩ - ١٩٦,../data/muharaf_prepared_resized/train/train_012874.png,2025-11-28T13:29:16,Sana
train_012012,Valid but hard,,0.1311475409836065,٦ ونكون اخيرا قد اوجدنا مجالا لتشجيع اصحاب المشاريع على تحقيق,ذكن اخير اد اوجدنا مجالا لتشجيع اصحاب المشاريع على حقيق,../data/muharaf_prepared_resized/train/train_012012.png,2025-11-28T13:29:17,Sana
train_003967,Valid but hard,,0.1311475409836065,١- . اسم والد الفقيد وجده، وأصل أسرته وسبب تسميتها (ابو شبكه),١-. اسم والد الفقيد وجده، أصل أسرتة وسبيب سميها (أبو شبكه,../data/muharaf_prepared_resized/train/train_003967.png,2025-11-28T13:29:17,Sana
train_009233,Valid but hard,,0.1308411214953271,ج عمري ٣٠ سنه.. انني اعرفه جيدا لانه من جيراني وابن خال والدي وقد سيق معي للخدمه العسكريه ابان الحرب الكبرى,ج عمري ٠. اني اعرفه جيدا لانه من جيراني وابن خال والدي وقد سيق معي للحدم العسكره با الحرب الكري,../data/muharaf_prepared_resized/train/train_009233.png,2025-11-28T13:29:18,Sana
train_015709,Valid but hard,,0.1304347826086956,بيروت \ ١٤ ايار سنة ٩٢٧,بيروت \ ١٤ ايار سن٩٣٧,../data/muharaf_prepared_resized/train/train_015709.png,2025-11-28T13:29:20,Sana
train_011116,Script mismatch (non-Arabic),,0.1304347826086956,"Ready-made Goods and Ladies' and Gents' Shoes,",Ready=Mde Gods and Ladies' and Gent' Shoes.,../data/muharaf_prepared_resized/train/train_011116.png,2025-11-28T13:29:23,Sana
train_003345,Valid but hard,,0.1304347826086956,٨ تشرين الثاني سنة ١٩١٨,٨ تشرين الثاني س١٩١٨,../data/muharaf_prepared_resized/train/train_003345.png,2025-11-28T13:29:26,Sana
train_011062,Script mismatch (non-Arabic),,0.1304347826086956,Ready=Made Goods and Ladies' and Gent's Shoes.,Redy=Mde Gods and Ldies' and Gents Shoes,../data/muharaf_prepared_resized/train/train_011062.png,2025-11-28T13:29:28,Sana
train_016568,Script mismatch (non-Arabic),,0.25,QBat 5 H-574,QBat5H-54,../data/muharaf_prepared_resized/train/train_016568.png,2025-11-28T13:32:41,Sana
train_015321,Valid but hard,,0.2260869565217391,عدد ١٠٤ بعد الوقوف على ضبطنا من المحاكمة وسائر اوراق الدعوى المتفرعة وامعنا النظر فى مندرجاتها وجد ان ما فعله شاهين,عد ٤ د القوق لى بطنا من المحاكمة وسائر اوراق الدعوى المتفرعة وامعان النظرف من راه وجنا فا مشا شهين,../data/muharaf_prepared_resized/train/train_015321.png,2025-11-28T13:32:47,Sana
train_016649,Valid but hard,,0.2258064516129032,صورة طبق الاصل في _______________________________ سنة       ١٩,صودة طبق الاصل في _____________________________________,../data/muharaf_prepared_resized/train/train_016649.png,2025-11-28T13:32:50,Sana
train_018790,Valid but hard,,0.225,فى ٢٥ ادار /١٩٠٤ عن سَان انطونيو تكسَاسَ,ف ٢٥ ادار ١٩٠ عن سان انطونيو نكس مفن,../data/muharaf_prepared_resized/train/train_018790.png,2025-11-28T13:32:53,Sana
train_018694,Valid but hard,,0.225,في ٢٨ ادار /١٩٠٤ عن سَان انطونيو تكسَاسَ,فى ١٢ ادار ١٩٤ عنة سَان انطونيو تكساف,../data/muharaf_prepared_resized/train/train_018694.png,2025-11-28T13:32:55,Sana
train_015024,Valid but hard,,0.2244897959183673,القايمقم وتانسنا عنده الى الساعة ٤ ليلًا وهو غاية,ناتموم وتانسنا عنده الى الساعة ليلاً وهدغاية,../data/muharaf_prepared_resized/train/train_015024.png,2025-11-28T13:32:56,Sana
train_015013,Valid but hard,,0.2241379310344827,ساعة ٦ الفلوجة الساعة ٦ من النهار غير الجسر ونزلنا في جانب,اساعة الوجه الساعة من النهار فيرا الجسير وزلنا في جاب,../data/muharaf_prepared_resized/train/train_015013.png,2025-11-28T13:32:56,Sana
train_015201,Valid but hard,,0.2241379310344827,حتى الساعة ٦ اشتد عليه الريح والساعة ١٠ وصلنا طرابلس الشام,حتى الساعة١ اشتد عيه الي والساعة ١ وصلنا جاي الساح,../data/muharaf_prepared_resized/train/train_015201.png,2025-11-28T13:33:00,Sana
train_009156,Valid but hard,,0.2241379310344827,جان المولود في ٩ /١٢/ ٦٠ وجورج المولود في ٦ /٤ / ٥٦ وجانيت,جان المونود في ٢/١٢/  وصورح المبونود في ٦/٤/٥ وجانيت,../data/muharaf_prepared_resized/train/train_009156.png,2025-11-28T13:33:03,Sana
train_018762,Script mismatch (non-Arabic),,0.2222222222222222,YAL2A-652,YAL2A-2,../data/muharaf_prepared_resized/train/train_018762.png,2025-11-28T13:34:08,Sana
train_020120,Script mismatch (non-Arabic),,0.2222222222222222,YS-4D-060,YS-4D- 00,../data/muharaf_prepared_resized/train/train_020120.png,2025-11-28T13:34:09,Sana
train_012375,Script mismatch (non-Arabic),,0.2222222222222222,MK2A-7 12,MK2A-71,../data/muharaf_prepared_resized/train/train_012375.png,2025-11-28T13:34:10,Sana
train_015932,Script mismatch (non-Arabic),,0.2222222222222222,QBat1L-52,QBatL-2,../data/muharaf_prepared_resized/train/train_015932.png,2025-11-28T13:34:11,Sana
train_015912,Script mismatch (non-Arabic),,0.2222222222222222,QBat1L-51,QBatL-52,../data/muharaf_prepared_resized/train/train_015912.png,2025-11-28T13:34:12,Sana
train_016696,Script mismatch (non-Arabic),,0.2222222222222222,QBat7F-12,QBat7F-7,../data/muharaf_prepared_resized/train/train_016696.png,2025-11-28T13:34:12,Sana
train_007376,Script mismatch (non-Arabic),,0.2222222222222222,JEH2A2-17,JEH2A-7,../data/muharaf_prepared_resized/train/train_007376.png,2025-11-28T13:34:13,Sana
train_007576,Script mismatch (non-Arabic),,0.2222222222222222,JEH2E1-26,JEH21-2,../data/muharaf_prepared_resized/train/train_007576.png,2025-11-28T13:34:14,Sana
train_019895,Script mismatch (non-Arabic),,0.2222222222222222,ys-4B-089,yS-4B-08,../data/muharaf_prepared_resized/train/train_019895.png,2025-11-28T13:34:15,Sana
train_012464,Script mismatch (non-Arabic),,0.2222222222222222,MK2A-7 17,MK2A-71,../data/muharaf_prepared_resized/train/train_012464.png,2025-11-28T13:34:16,Sana
train_012509,Script mismatch (non-Arabic),,0.2222222222222222,MK2A-7 19,MK2A-71,../data/muharaf_prepared_resized/train/train_012509.png,2025-11-28T13:34:17,Sana
train_007543,Script mismatch (non-Arabic),,0.2222222222222222,JEH2E1-23,JEH21-2,../data/muharaf_prepared_resized/train/train_007543.png,2025-11-28T13:34:18,Sana
train_012401,Script mismatch (non-Arabic),,0.2222222222222222,MK2A-7 14,MK2A-71,../data/muharaf_prepared_resized/train/train_012401.png,2025-11-28T13:34:19,Sana
train_004167,Script mismatch (non-Arabic),,0.2222222222222222,EAC-D-51g,EAC-D-53,../data/muharaf_prepared_resized/train/train_004167.png,2025-11-28T13:34:20,Sana
train_007592,Script mismatch (non-Arabic),,0.2222222222222222,JEH2E1-27,JEH21-2,../data/muharaf_prepared_resized/train/train_007592.png,2025-11-28T13:34:21,Sana
train_006133,Script mismatch (non-Arabic),,0.2222222222222222,ES1D-19 ١,ES1D-191,../data/muharaf_prepared_resized/train/train_006133.png,2025-11-28T13:34:22,Sana
train_004144,Script mismatch (non-Arabic),,0.2222222222222222,EAC-D-51f,EAC-D-52,../data/muharaf_prepared_resized/train/train_004144.png,2025-11-28T13:34:22,Sana
train_012360,Script mismatch (non-Arabic),,0.2222222222222222,MK2A-7 11,MK2A-71,../data/muharaf_prepared_resized/train/train_012360.png,2025-11-28T13:34:24,Sana
train_020053,Script mismatch (non-Arabic),,0.2222222222222222,YS-4D-05٠,YS-4D-00,../data/muharaf_prepared_resized/train/train_020053.png,2025-11-28T13:34:24,Sana
train_014343,Script mismatch (non-Arabic),,0.2222222222222222,""" قائدات "" (Leaders). وكانت","""قائدات "" (rs). وكانت",../data/muharaf_prepared_resized/train/train_014343.png,2025-11-28T13:34:28,Sana
train_012445,Script mismatch (non-Arabic),,0.2222222222222222,MK2A-7 16,MK2A-71,../data/muharaf_prepared_resized/train/train_012445.png,2025-11-28T13:34:29,Sana
train_007481,Script mismatch (non-Arabic),,0.2222222222222222,JEH2E1-19,JEH21-9,../data/muharaf_prepared_resized/train/train_007481.png,2025-11-28T13:34:30,Sana
train_004663,Script mismatch (non-Arabic),,0.2222222222222222,EAK1A-137,EAK1A-11,../data/muharaf_prepared_resized/train/train_004663.png,2025-11-28T13:34:31,Sana
train_012341,Script mismatch (non-Arabic),,0.2222222222222222,MK2A-7 10,MK2A-70,../data/muharaf_prepared_resized/train/train_012341.png,2025-11-28T13:34:32,Sana
train_015723,Script mismatch (non-Arabic),,0.2222222222222222,QAJE3G_42,QAJ3G_2,../data/muharaf_prepared_resized/train/train_015723.png,2025-11-28T13:34:33,Sana
train_005009,Script mismatch (non-Arabic),,0.2222222222222222,EAK1A-146,EAK1A-10,../data/muharaf_prepared_resized/train/train_005009.png,2025-11-28T13:34:34,Sana
train_004921,Script mismatch (non-Arabic),,0.2222222222222222,EAK1A-142,EAK1A-1,../data/muharaf_prepared_resized/train/train_004921.png,2025-11-28T13:34:34,Sana
train_005492,Script mismatch (non-Arabic),,0.2222222222222222,EAK1A-172,EAK1A-10,../data/muharaf_prepared_resized/train/train_005492.png,2025-11-28T13:34:35,Sana
train_005216,Script mismatch (non-Arabic),,0.2222222222222222,EAK1A 157,EAK1A15,../data/muharaf_prepared_resized/train/train_005216.png,2025-11-28T13:34:36,Sana
train_020036,Script mismatch (non-Arabic),,0.2222222222222222,YS-4D-047,YS-4D-08,../data/muharaf_prepared_resized/train/train_020036.png,2025-11-28T13:34:38,Sana
train_005338,Script mismatch (non-Arabic),,0.2222222222222222,EAK1A 162,EAK1A 19,../data/muharaf_prepared_resized/train/train_005338.png,2025-11-28T13:34:38,Sana
train_005093,Script mismatch (non-Arabic),,0.2222222222222222,EAK1A 150,EAK1A-10,../data/muharaf_prepared_resized/train/train_005093.png,2025-11-28T13:34:40,Sana
train_001475,Script mismatch (non-Arabic),,0.2142857142857142,"CABLE ADDRESS,","CABLE ADES,",../data/muharaf_prepared_resized/train/train_001475.png,2025-11-28T13:34:43,Sana
train_010492,Valid but hard,,0.2142857142857142,للسباحة natation. وهذا - وهنا بيت القصيد - كل يوم صباحاً,للباحة an. وهذا وهنا بيت القصيد - كل يوم صاجا,../data/muharaf_prepared_resized/train/train_010492.png,2025-11-28T13:34:46,Sana
train_019251,Script mismatch (non-Arabic),,0.2142857142857142,YS - 1D - 071a,YS - 1D - 057,../data/muharaf_prepared_resized/train/train_019251.png,2025-11-28T13:34:48,Sana
train_002205,Valid but hard,,0.2105263157894736,دمشق 15 آب سنة 1921,دمق ١٥5 آب سنة 192,../data/muharaf_prepared_resized/train/train_002205.png,2025-11-28T13:34:51,Sana
train_005567,Valid but hard,,0.2105263157894736,ما بعده ١٧ 17 - وكررنا ١٨ 18 تلات مرات,ما بعبده ١٧ - كررنا ١٨8 تلات مراب,../data/muharaf_prepared_resized/train/train_005567.png,2025-11-28T13:34:53,Sana
train_004428,Script mismatch (non-Arabic),,0.2105263157894736,ARCHEVECHÉ MARONITE,ARCHVCHÉ MAROTE,../data/muharaf_prepared_resized/train/train_004428.png,2025-11-28T13:34:57,Sana
train_019111,Script mismatch (non-Arabic),,0.2105263157894736,QUOTIDIEN POLITIQUE,QUODIEN POLIQUE,../data/muharaf_prepared_resized/train/train_019111.png,2025-11-28T13:34:57,Sana
train_013839,Valid but hard,,0.2105263157894736,في ٢٧ اذار سنه 1941,في ٢٧ اذار سنه ١٩٤١,../data/muharaf_prepared_resized/train/train_013839.png,2025-11-28T13:35:00,Sana
train_000991,Valid but hard,,0.1896551724137931,على الحكم في فبراير ١۹۳٦، عزل الرئيس سامورا (Zamora) وأقيم,على الحكم، في فبراير ١۹۳، غزلوه الرئيس ساموا (Zaoa) وتافيم,../data/muharaf_prepared_resized/train/train_000991.png,2025-11-28T13:35:02,Sana
train_021460,Valid but hard,,0.1851851851851851,3: الياس - ابنا عيسى 4 يوسف,٣ : الساس - ابنا عيس 1 يوسف,../data/muharaf_prepared_resized/train/train_021460.png,2025-11-28T13:35:03,Sana
train_021238,Script mismatch (non-Arabic),,0.1818181818181818,MERCANCIAS Y NOVEDADES,MERCACIAS Y NOVDES,../data/muharaf_prepared_resized/train/train_021238.png,2025-11-28T13:35:05,Sana
train_005860,Script mismatch (non-Arabic),,0.1818181818181818,EAK1A - 325,EAK1A- 35,../data/muharaf_prepared_resized/train/train_005860.png,2025-11-28T13:35:07,Sana
train_005554,Script mismatch (non-Arabic),,0.1818181818181818,EAK1A - 180,EAK1A- 10,../data/muharaf_prepared_resized/train/train_005554.png,2025-11-28T13:35:07,Sana
train_005539,Script mismatch (non-Arabic),,0.1818181818181818,DE BEYROUTH,DEBEYOUTH,../data/muharaf_prepared_resized/train/train_005539.png,2025-11-28T13:35:10,Sana
train_015873,Script mismatch (non-Arabic),,0.1818181818181818,QBat 19D-86,QBat19D-6,../data/muharaf_prepared_resized/train/train_015873.png,2025-11-28T13:35:11,Sana
train_019197,Script mismatch (non-Arabic),,0.1818181818181818,YS-1D- 070d,YS-1D- 00b,../data/muharaf_prepared_resized/train/train_019197.png,2025-11-28T13:35:13,Sana
train_004976,Valid but hard,,0.1794871794871795,الكردينال Binet رئيسَ اسَاقفة Besançon.,الكردينال oiet رئيس اسَاقفة Baçn.,../data/muharaf_prepared_resized/train/train_004976.png,2025-11-28T13:35:16,Sana
train_020720,Valid but hard,,0.1764705882352941,مارشيه (Bon marché) منهم اربعه الى,ما رشيه ( mahé) منهم اربعه الى,../data/muharaf_prepared_resized/train/train_020720.png,2025-11-28T13:35:17,Sana
train_005561,Valid but hard,,0.175,وهو منمر وبعض نمره مراجعه bis و  tes حتى,وهو نمر. وبعض شمره مراجعه is وes حتى,../data/muharaf_prepared_resized/train/train_005561.png,2025-11-28T13:35:18,Sana
train_000418,Valid but hard,,0.1739130434782608,عنكم ولو كل شهر مكتوب الى عنوان  Georges Ruree,عنكم ولو كل شهر مكتوب الى عنوان oore Mre,../data/muharaf_prepared_resized/train/train_000418.png,2025-11-28T13:35:19,Sana
train_022091,Valid but hard,,0.1714285714285714,جانبه غرفه ٥ x  ٤  وفي ىخر سنة ١۹٠٦,جانبه عرفه ٥ x ٤ وفي اخر سنة ١٩۹٦,../data/muharaf_prepared_resized/train/train_022091.png,2025-11-28T13:35:22,Sana
train_010462,Valid but hard,,0.1698113207547169,قلت لك ان العمل اصبح عندهم automatic نعم وهم مَسرورون,قلت لك ان العمل اصبح عندهم uiio نعم وهم مسَورون,../data/muharaf_prepared_resized/train/train_010462.png,2025-11-28T13:35:23,Sana
train_013781,Valid but hard,,0.1685393258426966,تاريخ 21 ك1 سنه 1940 نواطيرًا على الارزاق بناءً على طلب الملاكين فلما كان احدهم فريد ياغي,تاريخ ٢٠ ك١ سنة ١90 نواطيراً على الازاق بناءً على طلب الملاكي فظا كان اجدهم فويد يا غي,../data/muharaf_prepared_resized/train/train_013781.png,2025-11-28T13:35:23,Sana
train_016823,Script mismatch (non-Arabic),,0.1666666666666666,SB1A-5,S1A-5,../data/muharaf_prepared_resized/train/train_016823.png,2025-11-28T13:35:26,Sana
train_011747,Script mismatch (non-Arabic),,0.1666666666666666,MG1-64,MG1-4,../data/muharaf_prepared_resized/train/train_011747.png,2025-11-28T13:35:27,Sana
train_011687,Script mismatch (non-Arabic),,0.1666666666666666,MG1-51,MG1-57,../data/muharaf_prepared_resized/train/train_011687.png,2025-11-28T13:35:27,Sana
train_000259,Script mismatch (non-Arabic),,0.1666666666666666,AF-303,AF-305,../data/muharaf_prepared_resized/train/train_000259.png,2025-11-28T13:35:28,Sana
train_000206,Script mismatch (non-Arabic),,0.1666666666666666,AF-291,AF-21,../data/muharaf_prepared_resized/train/train_000206.png,2025-11-28T13:35:29,Sana
train_012322,Script mismatch (non-Arabic),,0.1666666666666666,MK2A-7,MK2A-1,../data/muharaf_prepared_resized/train/train_012322.png,2025-11-28T13:35:30,Sana
train_005070,Valid but hard,,0.1666666666666666,زاد على ماكنا نعلمه عن استعدادات المدعي العام Régis . Mancet,زاد على ماكنا نعلم عن استعدادات المدعي العام Ré ce,../data/muharaf_prepared_resized/train/train_005070.png,2025-11-28T13:35:33,Sana
train_021125,Script mismatch (non-Arabic),,0.1666666666666666,Comericiante,Comeciante,../data/muharaf_prepared_resized/train/train_021125.png,2025-11-28T13:35:35,Sana
train_005551,Valid but hard,,0.1666666666666666,القطعة الى غير موضع صفحه (tes 8 ٨ ).,القطعة الى عير موضع صفحه (t- 8 ),../data/muharaf_prepared_resized/train/train_005551.png,2025-11-28T13:35:43,Sana
train_000381,Script mismatch (non-Arabic),,0.1666666666666666,AF-321,AF-322,../data/muharaf_prepared_resized/train/train_000381.png,2025-11-28T13:35:46,Sana
train_011645,Script mismatch (non-Arabic),,0.1666666666666666,MG1-50,MG1-0,../data/muharaf_prepared_resized/train/train_011645.png,2025-11-28T13:35:59,Sana
train_000180,Script mismatch (non-Arabic),,0.1666666666666666,AF-280,AF-20,../data/muharaf_prepared_resized/train/train_000180.png,2025-11-28T13:36:00,Sana
train_016859,Script mismatch (non-Arabic),,0.1666666666666666,SB1A-6,S1A-6,../data/muharaf_prepared_resized/train/train_016859.png,2025-11-28T13:36:00,Sana
train_010795,Script mismatch (non-Arabic),,0.1666666666666666,Jobbers * in * Dry Goods * and * Notions *,Bebers * n * Dy Goods * and * Noons *,../data/muharaf_prepared_resized/train/train_010795.png,2025-11-28T13:36:02,Sana
train_001473,Script mismatch (non-Arabic),,0.1666666666666666,"247 S. 9th Street,","247 S 9th Stre,",../data/muharaf_prepared_resized/train/train_001473.png,2025-11-28T13:36:03,Sana
train_016756,Script mismatch (non-Arabic),,0.1666666666666666,SB1A-1,S1A-1,../data/muharaf_prepared_resized/train/train_016756.png,2025-11-28T13:36:04,Sana
train_010495,Valid but hard,,0.1636363636363636,واحد المايو maillot المختص به ويغطسَوا بالبركة المذكورة,واحد المايو at لمختصى به ويبغطسَوا بالبركية المذكورة,../data/muharaf_prepared_resized/train/train_010495.png,2025-11-28T13:36:07,Sana
train_010444,Valid but hard,,0.1636363636363636,فما لى اذاً الاّ ان اعمل لك ربورتاج Reportage عن العيشة,فمالى اذا الّ ان اعمل لك ربورتاج prg عن العيشة,../data/muharaf_prepared_resized/train/train_010444.png,2025-11-28T13:36:07,Sana
train_000709,Valid but hard,,0.1632653061224489,العام الكولونيل خوان بايبدد في تطواف العامره Juan,العام الكولونيل خوان با بد في تطوان العامره,../data/muharaf_prepared_resized/train/train_000709.png,2025-11-28T13:36:08,Sana
train_001033,Valid but hard,,0.1612903225806451,هو اغتيال العلامة كلفو سوتيلو (Calvo Sotilo) زعيم الحزب الملكي,هو اغيال العلامة كلفو سوتيلو (Clve Soe) زعيم الحرب المكي.,../data/muharaf_prepared_resized/train/train_001033.png,2025-11-28T13:36:09,Sana
train_005145,Valid but hard,,0.1607142857142857,Régis - Mançet وقد شكرنا لسيادتكم الشكر الجزيل هذه الهمة,e - Mçes وقد شكرنا لسيادتكم الشَكر الجزيل هذه الهمة,../data/muharaf_prepared_resized/train/train_005145.png,2025-11-28T13:36:10,Sana
train_002197,Valid but hard,,0.16,بيروت في 16 شباط سنة 1910,بيرفوت في ١٦6 شباط سنة ١1910,../data/muharaf_prepared_resized/train/train_002197.png,2025-11-28T13:36:15,Sana
train_022090,Valid but hard,,0.15625,ان سالون الزاوية متر ۹ x  ٥ والى,النا سالون الزاوية من ۹ x ٥ والى,../data/muharaf_prepared_resized/train/train_022090.png,2025-11-28T13:36:20,Sana
train_002316,Script mismatch (non-Arabic),,0.1538461538461538,NEW YORK CITY,NW YOK CITY,../data/muharaf_prepared_resized/train/train_002316.png,2025-11-28T13:36:22,Sana
train_019318,Script mismatch (non-Arabic),,0.1538461538461538,YS - 1D - 073,YS - 1D - 08,../data/muharaf_prepared_resized/train/train_019318.png,2025-11-28T13:36:26,Sana
train_007464,Script mismatch (non-Arabic),,0.1538461538461538,HABIB MASSOUD,HABIB MASOD,../data/muharaf_prepared_resized/train/train_007464.png,2025-11-28T13:36:27,Sana
train_001442,Script mismatch (non-Arabic),,0.1538461538461538,CABLE ADDRESS,CABLE ADRES,../data/muharaf_prepared_resized/train/train_001442.png,2025-11-28T13:36:29,Sana
train_000826,Script mismatch (non-Arabic),,0.1538461538461538,(Sr. Pidou de Saint-Olan) يرج الزياره (١٦٩٣) وقد سُر,(S. Paiu de Sait-Olan) ير الزياره (١٩٧) وقد سُر,../data/muharaf_prepared_resized/train/train_000826.png,2025-11-28T13:36:32,Sana
train_019172,Script mismatch (non-Arabic),,0.1538461538461538,YS - 1D - 068,YS - 1D- 008,../data/muharaf_prepared_resized/train/train_019172.png,2025-11-28T13:36:33,Sana
train_004244,Valid but hard,,0.1294117647058823,"والى الڨاتيكان فأشتريت منه النشرة المسَماة ""Ecclesia"" بمبلغ ثلاثة آلاف وخمسَماية فرنك","والى الفاتيكان قاشتريت منه النشرة المسَماة  ce"" بمبلغ ثلاثة آلاَف وخمسَماية فرنك",../data/muharaf_prepared_resized/train/train_004244.png,2025-11-28T13:36:36,Sana
train_014188,Valid but hard,,0.1282051282051282,الاحترام كفرشيما 10 تشرين ثاني سنه 1942,الاحترام كفرشيما ١0 تشرين ثاني س ١9٤2,../data/muharaf_prepared_resized/train/train_014188.png,2025-11-28T13:36:40,Sana
train_004248,Script mismatch (non-Arabic),,0.125,EAK1A-35,EAK1A-5,../data/muharaf_prepared_resized/train/train_004248.png,2025-11-28T13:36:42,Sana
train_004460,Script mismatch (non-Arabic),,0.125,EAK1A-67,EAK1A-6,../data/muharaf_prepared_resized/train/train_004460.png,2025-11-28T13:36:43,Sana
train_021453,Valid but hard,,0.125,ابراهيم 13 سمعان 14 عبود,براهيم 1 سمعان 14 بود,../data/muharaf_prepared_resized/train/train_021453.png,2025-11-28T13:36:45,Sana
train_018702,Script mismatch (non-Arabic),,0.125,YAL2A-24,YAL2A-2,../data/muharaf_prepared_resized/train/train_018702.png,2025-11-28T13:36:48,Sana
train_018675,Script mismatch (non-Arabic),,0.125,YAL2A-16,YAL2A-11,../data/muharaf_prepared_resized/train/train_018675.png,2025-11-28T13:36:49,Sana
train_021239,Script mismatch (non-Arabic),,0.08,COMPRA DE FRUTOS DEL PAIS,COMPRA DE FRUTOS DEL PA,../data/muharaf_prepared_resized/train/train_021239.png,2025-11-28T13:37:05,Sana
train_021906,Valid but hard,,0.0789473684210526,وفتح مدرسة يبرود باسمه في 20 شباط وذلك,وفتح مدرسة يبرود باسم في ٢٠ شباط وذلك,../data/muharaf_prepared_resized/train/train_021906.png,2025-11-28T13:37:07,Sana
train_021668,Valid but hard,,0.0789473684210526,لتوعك صحته ثم شفي بعد ايام وفي اليوم 3,لتوعك صحتةه ثم شفى بعد ايام وفي اليوم ٣,../data/muharaf_prepared_resized/train/train_021668.png,2025-11-28T13:37:08,Sana
train_019336,Script mismatch (non-Arabic),,0.0769230769230769,YS - 1D - 074,YS - 1D - 07,../data/muharaf_prepared_resized/train/train_019336.png,2025-11-28T13:37:12,Sana
train_021374,Valid but hard,,0.0769230769230769,1834 حين تنزل عنها في ايام,184 حن تنزل عنها في ايام,../data/muharaf_prepared_resized/train/train_021374.png,2025-11-28T13:37:15,Sana
train_021451,Valid but hard,,0.0769230769230769,9 عيسى 10 حنا,9 عيسى 18 حنا,../data/muharaf_prepared_resized/train/train_021451.png,2025-11-28T13:37:20,Sana
train_021461,Valid but hard,,0.074074074074074,5 جروس - ابنا يوسف 6 مخائيل,5 جروس - انا يوسف 9 مخائيل,../data/muharaf_prepared_resized/train/train_021461.png,2025-11-28T13:37:22,Sana
train_013395,Valid but hard,,0.073170731707317,العرض الثاني - مقدم من مؤسسة ICM للسيارات,العرض الثاني - مقدم من مؤسة I للسيارات,../data/muharaf_prepared_resized/train/train_013395.png,2025-11-28T13:37:23,Sana
train_021234,Script mismatch (non-Arabic),,0.0714285714285714,Miguel Saikali,Miguel Sakali,../data/muharaf_prepared_resized/train/train_021234.png,2025-11-28T13:37:25,Sana
train_021389,Valid but hard,,0.0689655172413793,باسم غريغوريوس في 4 ايار 1849,باسم غريغوريوس في ٤ ايار 184,../data/muharaf_prepared_resized/train/train_021389.png,2025-11-28T13:37:33,Sana
train_001337,Script mismatch (non-Arabic),,0.0666666666666666,FORT WAYNE.IND.,FORT WAYNE. IND.,../data/muharaf_prepared_resized/train/train_001337.png,2025-11-28T13:37:36,Sana
train_010525,Valid but hard,,0.0638297872340425,Horah الله ينصره جات الماما معنا وصرنا حزب واحد,rh الله ينصره جات الماما معنا وصرنا حزب واحد,../data/muharaf_prepared_resized/train/train_010525.png,2025-11-28T13:37:39,Sana
train_021469,Valid but hard,,0.0625,20 الياس 21 نخله,20 الياس 2١ نخله,../data/muharaf_prepared_resized/train/train_021469.png,2025-11-28T13:37:40,Sana
train_004121,Script mismatch (non-Arabic),,0.0625,EAC-D-47m(copie),EAC-D-47(copie),../data/muharaf_prepared_resized/train/train_004121.png,2025-11-28T13:37:42,Sana
train_013985,Valid but hard,,0.0615384615384615,بناءً على توريع سعادتكم رقم ٣٦٥ تاريخ ٣ ت٢ سنi ١٩٤١ نقدم لسعادتكم,بناءً على توريع سعادتكم رقم ٣٥ تاريخ ٢ ت٢ سنه ١٩٤١ تقدم لسعادتكم,../data/muharaf_prepared_resized/train/train_013985.png,2025-11-28T13:37:45,Sana
train_016990,Script mismatch (non-Arabic),,0.0588235294117647,Couvent St Michel,Covent St Michel,../data/muharaf_prepared_resized/train/train_016990.png,2025-11-28T13:37:47,Sana
train_021464,Valid but hard,,0.0588235294117647,ليوبولدو 31 نسطور,يوبولدو 31 نسطور,../data/muharaf_prepared_resized/train/train_021464.png,2025-11-28T13:37:52,Sana
train_021385,Valid but hard,,0.0571428571428571,اكليمنضوس الى يبرود 1814 واقام فيها,اكليمنوس الى يبرود 184 واقام فيها,../data/muharaf_prepared_resized/train/train_021385.png,2025-11-28T13:37:59,Sana
train_005378,Script mismatch (non-Arabic),,0.0526315789473684,Archevêché Maronite,Archevêché Marnite,../data/muharaf_prepared_resized/train/train_005378.png,2025-11-28T13:38:01,Sana
train_021237,Script mismatch (non-Arabic),,0.0526315789473684,Monteria = Colombia,Monteia = Colombia,../data/muharaf_prepared_resized/train/train_021237.png,2025-11-28T13:38:06,Sana
train_021466,Valid but hard,,0.0526315789473684,خورخي 33 ميكال انخل,خورخي 3 ميكال انخل,../data/muharaf_prepared_resized/train/train_021466.png,2025-11-28T13:38:11,Sana
train_011752,Script mismatch (non-Arabic),,0.0476190476190476,CANGE & ELIAS GEMAYEL,CANGE & ELIAS GMAYEL,../data/muharaf_prepared_resized/train/train_011752.png,2025-11-28T13:38:16,Sana
train_011594,Script mismatch (non-Arabic),,0.0454545454545454,CANGE & ELIAS  GEMAYEL,CANGE & ELIAS GEMAYEL,../data/muharaf_prepared_resized/train/train_011594.png,2025-11-28T13:38:17,Sana
train_021473,Valid but hard,,0.0454545454545454,اولاد مخائيل 26 البرتو,اولا مخائيل 26 البرتو,../data/muharaf_prepared_resized/train/train_021473.png,2025-11-28T13:38:19,Sana
train_013390,Valid but hard,,0.0425531914893617,1 - العرض الأول - مقدم من مؤسسة لودي عزيز فرحات,١ - العرض الأول - مقدم من مؤسية لودي عزيز فرحات,../data/muharaf_prepared_resized/train/train_013390.png,2025-11-28T13:38:21,Sana
train_002307,Valid but hard,,0.0416666666666666,يوم الخميس الموافق 23 شباط اباً وصارت زوجتي اماً,يوم الخميس الموافق 33 شباط اباً وصارت روجتي اماً,../data/muharaf_prepared_resized/train/train_002307.png,2025-11-28T13:38:22,Sana
train_021463,Valid but hard,,0.0416666666666666,اولاد نديم 29 رودولفو 30,اولاد نديم 29 رورولفو 30,../data/muharaf_prepared_resized/train/train_021463.png,2025-11-28T13:38:23,Sana
train_021468,Valid but hard,,0.0416666666666666,عبود 18 يوسف 19 انطونيوس,بود 18 يوسف 19 انطونيوس,../data/muharaf_prepared_resized/train/train_021468.png,2025-11-28T13:38:23,Sana
train_021467,Valid but hard,,0.04,اولاد سمعان 17 عزيز اولاد,اولاد سمعان 1 عزيز اولاد,../data/muharaf_prepared_resized/train/train_021467.png,2025-11-28T13:38:33,Sana
train_011115,Script mismatch (non-Arabic),,0.04,"Dry Goods, Notions, Clothing, Ladies' Furnishings,","Dry Goods, Notions, Cloting, Ladies' Funishings,",../data/muharaf_prepared_resized/train/train_011115.png,2025-11-28T13:38:35,Sana
train_011754,Script mismatch (non-Arabic),,0.0344827586206896,Boite Postale 77-Téléphone 72,Boite Postale 7-Téléphone 72,../data/muharaf_prepared_resized/train/train_011754.png,2025-11-28T13:38:37,Sana
train_021471,Valid but hard,,0.0333333333333333,ابراهيم 24 انطونيوس 25 وجبران.,ابراهيم 24 انطونيوس 2 وجبران.,../data/muharaf_prepared_resized/train/train_021471.png,2025-11-28T13:38:42,Sana
train_021869,Valid but hard,,0.032258064516129,في 24 شباط تم انتخاب السيد بطرس,في 24 شباط ثم انتخاب السيد بطرس,../data/muharaf_prepared_resized/train/train_021869.png,2025-11-28T13:38:43,Sana
train_021728,Valid but hard,,0.03125,في 27 اب انتقل والدي الى الدمينه,في ٢7 اب انتقل والدي الى الدمينه,../data/muharaf_prepared_resized/train/train_021728.png,2025-11-28T13:38:44,Sana
train_021730,Valid but hard,,0.0303030303030303,وفي اول ت1 افتتحت المدرسة فاستلمت,وفي اولست1 افتتحت المدرسة فاستلمت,../data/muharaf_prepared_resized/train/train_021730.png,2025-11-28T13:38:45,Sana
train_021725,Valid but hard,,0.0303030303030303,وفي صباح 17 اتينا الى الراس ومنها,وفي صباح ١17 اتينا الى الراس ومنها,../data/muharaf_prepared_resized/train/train_021725.png,2025-11-28T13:38:47,Sana
train_021372,Valid but hard,,0.0303030303030303,الى ان مات بوباء الطاعون سنة 1827,الى ان مات بوباء الطاعون سنة 182,../data/muharaf_prepared_resized/train/train_021372.png,2025-11-28T13:39:00,Sana
train_021387,Valid but hard,,0.0285714285714285,الخوري مخائيل عطا وبعد وكالة 11 سنة,الخوري مخائيل عطا وبعد وكالة ١1 سنة,../data/muharaf_prepared_resized/train/train_021387.png,2025-11-28T13:39:03,Sana
train_011492,Script mismatch (non-Arabic),,0.0232558139534883,Cultural Sporting Club of Bteddine El-Lukch,Cultral Sporting Club of Bteddine El-Lukch,../data/muharaf_prepared_resized/train/train_011492.png,2025-11-28T13:39:06,Sana
train_006061,Valid but hard,,0.0196078431372549,2 ٢) ان نفعل معاً، عندما نوطّد العزم، ونحزمُ الامر.,2٢) ان نفعل معاً، عندما نوطّد العزم، ونحزمُ الامر.,../data/muharaf_prepared_resized/train/train_006061.png,2025-11-28T13:39:14,Sana
train_001471,Script mismatch (non-Arabic),,0.0,of,of,../data/muharaf_prepared_resized/train/train_001471.png,2025-11-28T13:39:17,Sana
train_021711,Valid but hard,,0.0,15 اب بارحت المدرسة التي اوتني,15 اب بارحت المدرسة التي اوتني,../data/muharaf_prepared_resized/train/train_021711.png,2025-11-28T13:39:21,Sana
train_017704,Script mismatch (non-Arabic),,0.0,15,15,../data/muharaf_prepared_resized/train/train_017704.png,2025-11-28T13:39:24,Sana
train_011589,Script mismatch (non-Arabic),,0.0,MG1-46,MG1-46,../data/muharaf_prepared_resized/train/train_011589.png,2025-11-28T13:39:27,Sana
train_004899,Script mismatch (non-Arabic),,0.0,EAK1A-140,EAK1A-140,../data/muharaf_prepared_resized/train/train_004899.png,2025-11-28T13:39:27,Sana
train_021382,Valid but hard,,0.0,حمص وقارا سنة 1810 وكانت,حمص وقارا سنة 1810 وكانت,../data/muharaf_prepared_resized/train/train_021382.png,2025-11-28T13:39:31,Sana
train_019536,Script mismatch (non-Arabic),,0.0,YS_2F_015F,YS_2F_015F,../data/muharaf_prepared_resized/train/train_019536.png,2025-11-28T13:39:33,Sana
train_020213,Script mismatch (non-Arabic),,0.0,YS-5H-008,YS-5H-008,../data/muharaf_prepared_resized/train/train_020213.png,2025-11-28T13:39:34,Sana
train_020198,Script mismatch (non-Arabic),,0.0,YS-5H-004,YS-5H-004,../data/muharaf_prepared_resized/train/train_020198.png,2025-11-28T13:39:34,Sana
train_000355,Script mismatch (non-Arabic),,0.0,AF-305,AF-305,../data/muharaf_prepared_resized/train/train_000355.png,2025-11-28T13:39:44,Sana
train_016991,Script mismatch (non-Arabic),,0.0,(El-Shouf),(El-Shouf),../data/muharaf_prepared_resized/train/train_016991.png,2025-11-28T13:39:44,Sana
train_001415,Script mismatch (non-Arabic),,0.0,FORT WAYNE. IND.,FORT WAYNE. IND.,../data/muharaf_prepared_resized/train/train_001415.png,2025-11-28T13:39:50,Sana
train_000293,Script mismatch (non-Arabic),,0.0,(3),(3),../data/muharaf_prepared_resized/train/train_000293.png,2025-11-28T13:39:54,Sana
train_011212,Script mismatch (non-Arabic),,0.0,ME-21,ME-21,../data/muharaf_prepared_resized/train/train_011212.png,2025-11-28T13:39:55,Sana
train_000309,Script mismatch (non-Arabic),,0.0,(4),(4),../data/muharaf_prepared_resized/train/train_000309.png,2025-11-28T13:39:56,Sana
train_021877,Wrong transcription,,0.75,1898,١90,../data/muharaf_prepared_resized/train/train_021877.png,2025-12-13T12:09:02,Sana
train_011608,Script mismatch (non-Arabic),,0.0,MG1-47,MG1-47,../data/muharaf_prepared_resized/train/train_011608.png,2025-11-28T13:40:03,Sana
train_005379,Script mismatch (non-Arabic),,0.0,D'ALEP,D'ALEP,../data/muharaf_prepared_resized/train/train_005379.png,2025-11-28T13:40:05,Sana
train_012479,Script mismatch (non-Arabic),,0.0,X,X,../data/muharaf_prepared_resized/train/train_012479.png,2025-12-13T09:57:19,Sana
train_013067,Script mismatch (non-Arabic),,0.0,5,5,../data/muharaf_prepared_resized/train/train_013067.png,2025-12-13T10:02:01,Sana
train_012479,Script mismatch (non-Arabic),,0.0,X,X,../data/muharaf_prepared_resized/train/train_012479.png,2025-12-13T10:15:31,Sana
train_013067,Script mismatch (non-Arabic),,0.0,5,5,../data/muharaf_prepared_resized/train/train_013067.png,2025-12-13T10:15:34,Sana
train_011722,Valid but hard,,0.0,اخي الياسَ الجميل ادام بقاك,اخي الياسَ الجميل ادام بقاك,../data/muharaf_prepared_resized/train/train_011722.png,2025-12-13T10:15:50,Sana
train_004762,Script mismatch (non-Arabic),,0.0,2,2,../data/muharaf_prepared_resized/train/train_004762.png,2025-12-13T10:15:58,Sana
train_004689,Valid but hard,,0.0,مبارك,مبارك,../data/muharaf_prepared_resized/train/train_004689.png,2025-12-13T10:16:06,Sana
train_012234,Script mismatch (non-Arabic),,0.0,MK2A-7,MK2A-7,../data/muharaf_prepared_resized/train/train_012234.png,2025-12-13T10:16:24,Sana
train_012242,Script mismatch (non-Arabic),,0.0,4,4,../data/muharaf_prepared_resized/train/train_012242.png,2025-12-13T10:16:27,Sana
train_012276,Script mismatch (non-Arabic),,0.0,6,6,../data/muharaf_prepared_resized/train/train_012276.png,2025-12-13T10:16:29,Sana
train_012202,Script mismatch (non-Arabic),,0.0,2,2,../data/muharaf_prepared_resized/train/train_012202.png,2025-12-13T10:16:31,Sana
train_012213,Script mismatch (non-Arabic),,0.0,MK2A-7,MK2A-7,../data/muharaf_prepared_resized/train/train_012213.png,2025-12-13T10:16:34,Sana
train_013918,Valid but hard,,0.0,حضرة محافظ جبل لبنان الافخم,حضرة محافظ جبل لبنان الافخم,../data/muharaf_prepared_resized/train/train_013918.png,2025-12-13T10:16:38,Sana
train_013924,Valid but hard,,0.0,حضرة محافظ جبل لبنان الافخم,حضرة محافظ جبل لبنان الافخم,../data/muharaf_prepared_resized/train/train_013924.png,2025-12-13T10:16:43,Sana
train_013888,Valid but hard,,0.0,حضرة محافظ جبل لبنان الافخم,حضرة محافظ جبل لبنان الافخم,../data/muharaf_prepared_resized/train/train_013888.png,2025-12-13T10:16:54,Sana
train_013935,Valid but hard,,0.0,حضرة محافظ جبل لبنان الافخم,حضرة محافظ جبل لبنان الافخم,../data/muharaf_prepared_resized/train/train_013935.png,2025-12-13T10:17:03,Sana
train_013951,Valid but hard,,0.0,حضرة محافظ جبل لبنان الافخم,حضرة محافظ جبل لبنان الافخم,../data/muharaf_prepared_resized/train/train_013951.png,2025-12-13T10:17:05,Sana
train_013775,Valid but hard,,0.0,حضرة محافظ جبل لبنان الافخم,حضرة محافظ جبل لبنان الافخم,../data/muharaf_prepared_resized/train/train_013775.png,2025-12-13T10:17:11,Sana
train_013779,Valid but hard,,0.0,حضرة محافظ جبل لبنان الافخم,حضرة محافظ جبل لبنان الافخم,../data/muharaf_prepared_resized/train/train_013779.png,2025-12-13T10:17:14,Sana
train_013710,Valid but hard,,0.0,حضرة محافظ جبل لبنان الافخم,حضرة محافظ جبل لبنان الافخم,../data/muharaf_prepared_resized/train/train_013710.png,2025-12-13T10:17:19,Sana
train_013733,Valid but hard,,0.0,حضرة محافظ جبل لبنان الافخم,حضرة محافظ جبل لبنان الافخم,../data/muharaf_prepared_resized/train/train_013733.png,2025-12-13T10:17:23,Sana
train_013738,Valid but hard,,0.0,حضرة محافظ جبل لبنان الافخم,حضرة محافظ جبل لبنان الافخم,../data/muharaf_prepared_resized/train/train_013738.png,2025-12-13T10:17:24,Sana
train_013740,Valid but hard,,0.0,حضرة محافظ جبل لبنان الافخم,حضرة محافظ جبل لبنان الافخم,../data/muharaf_prepared_resized/train/train_013740.png,2025-12-13T10:17:26,Sana
train_013744,Valid but hard,,0.0,حضرة محافظ جبل لبنان الافخم,حضرة محافظ جبل لبنان الافخم,../data/muharaf_prepared_resized/train/train_013744.png,2025-12-13T10:17:30,Sana
train_013845,Valid but hard,,0.0,حضرة محافظ جبل لبنان الافخم,حضرة محافظ جبل لبنان الافخم,../data/muharaf_prepared_resized/train/train_013845.png,2025-12-13T10:17:37,Sana
train_013857,Valid but hard,,0.0,حضرة محافظ جبل لبنان الافخم,حضرة محافظ جبل لبنان الافخم,../data/muharaf_prepared_resized/train/train_013857.png,2025-12-13T10:17:41,Sana
train_013807,Valid but hard,,0.0,حضرة محافظ جبل لبنان الافخم,حضرة محافظ جبل لبنان الافخم,../data/muharaf_prepared_resized/train/train_013807.png,2025-12-13T10:17:45,Sana
train_013810,Valid but hard,,0.0,حضرة محافظ جبل لبنان الافخم,حضرة محافظ جبل لبنان الافخم,../data/muharaf_prepared_resized/train/train_013810.png,2025-12-13T10:17:46,Sana
train_013816,Valid but hard,,0.0,حضرة محافظ جبل لبنان الافخم,حضرة محافظ جبل لبنان الافخم,../data/muharaf_prepared_resized/train/train_013816.png,2025-12-13T10:17:48,Sana
train_014380,Script mismatch (non-Arabic),,0.0,5,5,../data/muharaf_prepared_resized/train/train_014380.png,2025-12-13T10:17:52,Sana
train_014371,Irrelevant / non-text,,0.0,xxx,xxx,../data/muharaf_prepared_resized/train/train_014371.png,2025-12-13T10:17:58,Sana
train_014416,Script mismatch (non-Arabic),,0.0,8,8,../data/muharaf_prepared_resized/train/train_014416.png,2025-12-13T10:18:03,Sana
train_014396,Script mismatch (non-Arabic),,0.0,6,6,../data/muharaf_prepared_resized/train/train_014396.png,2025-12-13T10:18:38,Sana
train_014347,Script mismatch (non-Arabic),,0.0,2,2,../data/muharaf_prepared_resized/train/train_014347.png,2025-12-13T10:18:40,Sana
train_014101,Valid but hard,,0.0,حضرة محافظ جبل لبنان الافخم,حضرة محافظ جبل لبنان الافخم,../data/muharaf_prepared_resized/train/train_014101.png,2025-12-13T10:18:44,Sana
train_014321,Script mismatch (non-Arabic),,0.0,5,5,../data/muharaf_prepared_resized/train/train_014321.png,2025-12-13T10:18:47,Sana
train_014296,Script mismatch (non-Arabic),,0.0,4,4,../data/muharaf_prepared_resized/train/train_014296.png,2025-12-13T10:18:51,Sana
train_020132,Valid but hard,,0.0,الداعى,الداعى,../data/muharaf_prepared_resized/train/train_020132.png,2025-12-13T10:18:55,Sana
train_003550,Script mismatch (non-Arabic),,0.0,2,2,../data/muharaf_prepared_resized/train/train_003550.png,2025-12-13T10:18:58,Sana
train_013651,Valid but hard,,0.0,حضرة محافظ جبل لبنان الافخم,حضرة محافظ جبل لبنان الافخم,../data/muharaf_prepared_resized/train/train_013651.png,2025-12-13T10:19:02,Sana
train_013701,Valid but hard,,0.0,حضرة محافظ جبل لبنان الافخم,حضرة محافظ جبل لبنان الافخم,../data/muharaf_prepared_resized/train/train_013701.png,2025-12-13T10:19:23,Sana
train_013706,Valid but hard,,0.0,حضرة محافظ جبل لبنان الافخم,حضرة محافظ جبل لبنان الافخم,../data/muharaf_prepared_resized/train/train_013706.png,2025-12-13T10:19:35,Sana
train_013687,Valid but hard,,0.0,حضرة محافظ جبل لبنان الافخم,حضرة محافظ جبل لبنان الافخم,../data/muharaf_prepared_resized/train/train_013687.png,2025-12-13T10:19:37,Sana
train_006655,Script mismatch (non-Arabic),,0.0,6,6,../data/muharaf_prepared_resized/train/train_006655.png,2025-12-13T10:19:58,Sana
train_006577,Script mismatch (non-Arabic),,0.0,22,22,../data/muharaf_prepared_resized/train/train_006577.png,2025-12-13T10:20:01,Sana
train_006323,Script mismatch (non-Arabic),,0.0,5,5,../data/muharaf_prepared_resized/train/train_006323.png,2025-12-13T10:20:04,Sana
train_006298,Script mismatch (non-Arabic),,0.0,4,4,../data/muharaf_prepared_resized/train/train_006298.png,2025-12-13T10:20:06,Sana
train_006373,Script mismatch (non-Arabic),,0.0,4,4,../data/muharaf_prepared_resized/train/train_006373.png,2025-12-13T10:20:08,Sana
train_008956,Valid but hard,,0.0,صح,صح,../data/muharaf_prepared_resized/train/train_008956.png,2025-12-13T10:20:15,Sana
train_008957,Valid but hard,,0.0,صح,صح,../data/muharaf_prepared_resized/train/train_008957.png,2025-12-13T10:20:32,Sana
train_006269,Script mismatch (non-Arabic),,0.0,2,2,../data/muharaf_prepared_resized/train/train_006269.png,2025-12-13T10:20:42,Sana
train_006216,Script mismatch (non-Arabic),,0.0,6,6,../data/muharaf_prepared_resized/train/train_006216.png,2025-12-13T10:20:45,Sana
train_006195,Script mismatch (non-Arabic),,0.0,5,5,../data/muharaf_prepared_resized/train/train_006195.png,2025-12-13T10:20:47,Sana
train_006187,Script mismatch (non-Arabic),,0.0,4,4,../data/muharaf_prepared_resized/train/train_006187.png,2025-12-13T10:20:53,Sana
train_006457,Script mismatch (non-Arabic),,0.0,10,10,../data/muharaf_prepared_resized/train/train_006457.png,2025-12-13T10:20:58,Sana
train_006417,Script mismatch (non-Arabic),,0.0,6,6,../data/muharaf_prepared_resized/train/train_006417.png,2025-12-13T10:21:01,Sana
train_006395,Script mismatch (non-Arabic),,0.0,5,5,../data/muharaf_prepared_resized/train/train_006395.png,2025-12-13T10:21:04,Sana
train_006439,Script mismatch (non-Arabic),,0.0,7,7,../data/muharaf_prepared_resized/train/train_006439.png,2025-12-13T10:22:01,Sana
train_007319,Script mismatch (non-Arabic),,0.0,25,25,../data/muharaf_prepared_resized/train/train_007319.png,2025-12-13T10:22:04,Sana
train_006975,Script mismatch (non-Arabic),,0.0,15,15,../data/muharaf_prepared_resized/train/train_006975.png,2025-12-13T10:22:08,Sana
train_006931,Script mismatch (non-Arabic),,0.0,14,14,../data/muharaf_prepared_resized/train/train_006931.png,2025-12-13T10:22:11,Sana
train_007113,Script mismatch (non-Arabic),,0.0,6,6,../data/muharaf_prepared_resized/train/train_007113.png,2025-12-13T10:22:13,Sana
train_008176,Script mismatch (non-Arabic),,0.0,2,2,../data/muharaf_prepared_resized/train/train_008176.png,2025-12-13T10:22:33,Sana
train_008139,Script mismatch (non-Arabic),,0.0,2,2,../data/muharaf_prepared_resized/train/train_008139.png,2025-12-13T10:22:37,Sana
train_011287,Valid but hard,,0.0,التاريخ,التاريخ,../data/muharaf_prepared_resized/train/train_011287.png,2025-12-13T10:22:38,Sana
train_005194,Script mismatch (non-Arabic),,0.0,2,2,../data/muharaf_prepared_resized/train/train_005194.png,2025-12-13T10:22:52,Sana
train_005392,Valid but hard,,0.0,المطران,المطران,../data/muharaf_prepared_resized/train/train_005392.png,2025-12-13T10:22:58,Sana
train_005429,Valid but hard,,0.0,المطران,المطران,../data/muharaf_prepared_resized/train/train_005429.png,2025-12-13T10:23:50,Sana
train_011065,Script mismatch (non-Arabic),,0.0,190,190,../data/muharaf_prepared_resized/train/train_011065.png,2025-12-13T10:23:54,Sana
train_011120,Script mismatch (non-Arabic),,0.0,190,190,../data/muharaf_prepared_resized/train/train_011120.png,2025-12-13T10:23:56,Sana
train_011015,Script mismatch (non-Arabic),,0.0,190,190,../data/muharaf_prepared_resized/train/train_011015.png,2025-12-13T10:23:58,Sana
train_004871,Script mismatch (non-Arabic),,0.0,6,6,../data/muharaf_prepared_resized/train/train_004871.png,2025-12-13T10:24:00,Sana
train_004853,Script mismatch (non-Arabic),,0.0,5,5,../data/muharaf_prepared_resized/train/train_004853.png,2025-12-13T10:24:03,Sana
train_004890,Script mismatch (non-Arabic),,0.0,7,7,../data/muharaf_prepared_resized/train/train_004890.png,2025-12-13T10:24:16,Sana
train_004829,Script mismatch (non-Arabic),,0.0,4,4,../data/muharaf_prepared_resized/train/train_004829.png,2025-12-13T10:24:34,Sana
train_011638,Valid but hard,,0.0,اخي الياسَ الجميل ادام بقاك,اخي الياسَ الجميل ادام بقاك,../data/muharaf_prepared_resized/train/train_011638.png,2025-12-13T10:24:38,Sana
train_011581,Script mismatch (non-Arabic),,0.0,2/2,2/2,../data/muharaf_prepared_resized/train/train_011581.png,2025-12-13T10:24:41,Sana
train_004958,Script mismatch (non-Arabic),,0.0,2,2,../data/muharaf_prepared_resized/train/train_004958.png,2025-12-13T10:25:10,Sana
train_009565,Valid but hard,,0.0,ولدكم,ولدكم,../data/muharaf_prepared_resized/train/train_009565.png,2025-12-13T10:26:53,Sana
train_005579,Valid but hard,,0.0,احوكم,احوكم,../data/muharaf_prepared_resized/train/train_005579.png,2025-12-13T10:26:57,Sana
train_005715,Script mismatch (non-Arabic),,0.0,2,2,../data/muharaf_prepared_resized/train/train_005715.png,2025-12-13T10:27:01,Sana
train_014905,Script mismatch (non-Arabic),,0.0,2,2,../data/muharaf_prepared_resized/train/train_014905.png,2025-12-13T10:27:03,Sana
train_012479,Script mismatch (non-Arabic),,0.0,X,X,../data/muharaf_prepared_resized/train/train_012479.png,2025-12-13T10:33:03,Sana
train_016652,Script mismatch (non-Arabic),,0.0,4,4,../data/muharaf_prepared_resized/train/train_016652.png,2025-12-13T10:41:46,Sana
train_017074,Script mismatch (non-Arabic),,0.0,4,4,../data/muharaf_prepared_resized/train/train_017074.png,2025-12-13T10:43:14,Sana
train_017120,Script mismatch (non-Arabic),,0.0,7,7,../data/muharaf_prepared_resized/train/train_017120.png,2025-12-13T10:43:17,Sana
train_017112,Script mismatch (non-Arabic),,0.0,6,6,../data/muharaf_prepared_resized/train/train_017112.png,2025-12-13T10:43:19,Sana
train_015940,Valid but hard,,0.0,شهود التعريف,شهود التعريف,../data/muharaf_prepared_resized/train/train_015940.png,2025-12-13T10:43:36,Sana
train_015578,Script mismatch (non-Arabic),,0.0,5,5,../data/muharaf_prepared_resized/train/train_015578.png,2025-12-13T10:43:57,Sana
train_015508,Script mismatch (non-Arabic),,0.0,4,4,../data/muharaf_prepared_resized/train/train_015508.png,2025-12-13T10:44:00,Sana
train_015646,Script mismatch (non-Arabic),,0.0,6,6,../data/muharaf_prepared_resized/train/train_015646.png,2025-12-13T10:44:17,Sana
train_016403,Script mismatch (non-Arabic),,0.0,2,2,../data/muharaf_prepared_resized/train/train_016403.png,2025-12-13T10:44:24,Sana
train_001336,Script mismatch (non-Arabic),,0.0,190,190,../data/muharaf_prepared_resized/train/train_001336.png,2025-12-13T10:44:31,Sana
train_001358,Script mismatch (non-Arabic),,0.0,190,190,../data/muharaf_prepared_resized/train/train_001358.png,2025-12-13T10:44:34,Sana
train_001379,Script mismatch (non-Arabic),,0.0,190,190,../data/muharaf_prepared_resized/train/train_001379.png,2025-12-13T10:44:43,Sana
train_001417,Script mismatch (non-Arabic),,0.0,190,190,../data/muharaf_prepared_resized/train/train_001417.png,2025-12-13T10:44:45,Sana
train_016245,Script mismatch (non-Arabic),,0.0,5,5,../data/muharaf_prepared_resized/train/train_016245.png,2025-12-13T10:44:48,Sana
train_001401,Script mismatch (non-Arabic),,0.0,190,190,../data/muharaf_prepared_resized/train/train_001401.png,2025-12-13T10:44:50,Sana
train_000279,Script mismatch (non-Arabic),,0.0,(2),(2),../data/muharaf_prepared_resized/train/train_000279.png,2025-12-13T10:45:01,Sana
train_014530,Script mismatch (non-Arabic),,0.0,2,2,../data/muharaf_prepared_resized/train/train_014530.png,2025-12-13T10:45:08,Sana
train_014441,Script mismatch (non-Arabic),,0.0,10,10,../data/muharaf_prepared_resized/train/train_014441.png,2025-12-13T10:45:27,Sana
train_014489,Script mismatch (non-Arabic),,0.0,14,14,../data/muharaf_prepared_resized/train/train_014489.png,2025-12-13T10:45:56,Sana
train_017272,Script mismatch (non-Arabic),,0.0,17,17,../data/muharaf_prepared_resized/train/train_017272.png,2025-12-13T10:46:12,Sana
train_014656,Script mismatch (non-Arabic),,0.0,6,6,../data/muharaf_prepared_resized/train/train_014656.png,2025-12-13T10:46:18,Sana
train_017152,Script mismatch (non-Arabic),,0.0,10,10,../data/muharaf_prepared_resized/train/train_017152.png,2025-12-13T10:46:23,Sana
train_017478,Script mismatch (non-Arabic),,0.0,4,4,../data/muharaf_prepared_resized/train/train_017478.png,2025-12-13T10:49:31,Sana
train_014584,Script mismatch (non-Arabic),,0.0,6,6,../data/muharaf_prepared_resized/train/train_014584.png,2025-12-13T10:49:33,Sana
train_014569,Script mismatch (non-Arabic),,0.0,5,5,../data/muharaf_prepared_resized/train/train_014569.png,2025-12-13T10:49:35,Sana
train_014613,Script mismatch (non-Arabic),,0.0,2,2,../data/muharaf_prepared_resized/train/train_014613.png,2025-12-13T10:49:36,Sana
train_017434,Script mismatch (non-Arabic),,0.0,2,2,../data/muharaf_prepared_resized/train/train_017434.png,2025-12-13T10:49:38,Sana
train_011375,Script mismatch (non-Arabic),,0.0697674418604651,Cultural Sporting Club of Bteddine El-Lukch,Cuuural Sporting Club of Bteddine El-ukch,../data/muharaf_prepared_resized/train/train_011375.png,2025-12-13T10:50:54,Sana
train_006876,Script mismatch (non-Arabic),,0.0909090909090909,.    .    .,.    .     .,../data/muharaf_prepared_resized/train/train_006876.png,2025-12-13T10:52:09,Sana
train_011232,Script mismatch (non-Arabic),,0.0930232558139534,Cultural Sporting Club of Bteddine El-Lukch,Cuttral Sporting Club of Btedine El-ukch,../data/muharaf_prepared_resized/train/train_011232.png,2025-12-13T10:52:12,Sana
train_011436,Script mismatch (non-Arabic),,0.0930232558139534,Cultural Sporting Club of Bteddine El-Lukch,Cutural Spoting Club of Btedine El-ukch,../data/muharaf_prepared_resized/train/train_011436.png,2025-12-13T10:52:13,Sana
train_011290,Script mismatch (non-Arabic),,0.0930232558139534,Cultural Sporting Club of Bteddine El-Lukch,Cuuuural Spotting Club of Bteddine El-ukch,../data/muharaf_prepared_resized/train/train_011290.png,2025-12-13T10:52:15,Sana
train_004880,Script mismatch (non-Arabic),,0.1111111111111111,EAK1A-140,EAK1A-10,../data/muharaf_prepared_resized/train/train_004880.png,2025-12-13T10:53:24,Sana
train_004814,Script mismatch (non-Arabic),,0.1111111111111111,EAK1A-140,EAK1A-14,../data/muharaf_prepared_resized/train/train_004814.png,2025-12-13T10:53:27,Sana
train_011406,Script mismatch (non-Arabic),,0.1162790697674418,Cultural Sporting Club of Bteddine El-Lukch,Cututral Sporting Club of Btdine El-ukch,../data/muharaf_prepared_resized/train/train_011406.png,2025-12-13T10:53:55,Sana
train_012758,Valid but hard,,0.125,ديب ملعب,ديب ملع,../data/muharaf_prepared_resized/train/train_012758.png,2025-12-13T10:54:21,Sana
train_012931,Valid but hard,,0.125,كميل نصر,لميل نصر,../data/muharaf_prepared_resized/train/train_012931.png,2025-12-13T10:54:27,Sana
train_011259,Script mismatch (non-Arabic),,0.1395348837209302,Cultural Sporting Club of Bteddine El-Lukch,Cuural Sporing Club of Btdine El-ukch,../data/muharaf_prepared_resized/train/train_011259.png,2025-12-13T10:55:09,Sana
train_011318,Script mismatch (non-Arabic),,0.1627906976744186,Cultural Sporting Club of Bteddine El-Lukch,Cural Sporing Club of Btdine El-ukch,../data/muharaf_prepared_resized/train/train_011318.png,2025-12-13T10:55:37,Sana
train_011349,Script mismatch (non-Arabic),,0.1627906976744186,Cultural Sporting Club of Bteddine El-Lukch,Cuuturl Spoting Club of Btdne El-Lukfh,../data/muharaf_prepared_resized/train/train_011349.png,2025-12-13T10:55:47,Sana
train_011464,Script mismatch (non-Arabic),,0.1627906976744186,Cultural Sporting Club of Bteddine El-Lukch,Cural Sporing Club of Btdine El-ukch,../data/muharaf_prepared_resized/train/train_011464.png,2025-12-13T10:55:50,Sana
train_003325,Segmentation error,,0.1666666666666666,الحقير الياس,الحعر الياس,../data/muharaf_prepared_resized/train/train_003325.png,2025-12-13T10:55:58,Sana
train_009175,Valid but hard,,0.1666666666666666,مطرانية طرابلس المارونية,مطرانية طرالني المرونية,../data/muharaf_prepared_resized/train/train_009175.png,2025-12-13T10:56:04,Sana
train_012189,Script mismatch (non-Arabic),,0.1666666666666666,MK2A-7,MK2A7,../data/muharaf_prepared_resized/train/train_012189.png,2025-12-13T10:56:13,Sana
train_007344,Script mismatch (non-Arabic),,0.1818181818181818,.    .    .,.      .   .,../data/muharaf_prepared_resized/train/train_007344.png,2025-12-13T11:04:36,Sana
train_007136,Script mismatch (non-Arabic),,0.1818181818181818,.    .    .,.  .     .,../data/muharaf_prepared_resized/train/train_007136.png,2025-12-13T11:04:59,Sana
train_007031,Script mismatch (non-Arabic),,0.1818181818181818,.    .    .,.  .     .,../data/muharaf_prepared_resized/train/train_007031.png,2025-12-13T11:05:01,Sana
train_006946,Script mismatch (non-Arabic),,0.1818181818181818,.    .    .,.     .     .,../data/muharaf_prepared_resized/train/train_006946.png,2025-12-13T11:05:02,Sana
train_007013,Script mismatch (non-Arabic),,0.1818181818181818,.    .    .,.     .     .,../data/muharaf_prepared_resized/train/train_007013.png,2025-12-13T11:05:04,Sana
train_006879,Script mismatch (non-Arabic),,0.1818181818181818,.    .    .,.    .      .,../data/muharaf_prepared_resized/train/train_006879.png,2025-12-13T11:05:05,Sana
train_001316,Script mismatch (non-Arabic),,0.1875,FORT WAYNE. IND.,ORT WAYN. ND.,../data/muharaf_prepared_resized/train/train_001316.png,2025-12-13T11:05:17,Sana
train_015212,Valid but hard,,0.1914893617021276,تابع رحلة سفرنا من بغداد لشيكاغو في ٧ اذار ١٨٩٣,ج رحلة سفرنا من بعداد لشكافو في ٧ اذار١٩٣,../data/muharaf_prepared_resized/train/train_015212.png,2025-12-13T11:05:22,Sana
train_004346,Valid but hard,,0.2,مبارك,بارك,../data/muharaf_prepared_resized/train/train_004346.png,2025-12-13T11:05:29,Sana
train_016784,Script mismatch (non-Arabic),,0.2,(El-Shouf),(El-huf),../data/muharaf_prepared_resized/train/train_016784.png,2025-12-13T11:05:33,Sana
train_011342,Segmentation error,,0.2,هاتف : كابين بتدين اللقش لبنان,هاتف : كابين بتدين اللقش,../data/muharaf_prepared_resized/train/train_011342.png,2025-12-13T11:05:38,Sana
train_011368,Segmentation error,,0.2,هاتف : كابين بتدين اللقش لبنان,هاتف : كابين بتدين اللقش,../data/muharaf_prepared_resized/train/train_011368.png,2025-12-13T11:05:40,Sana
train_011257,Segmentation error,,0.2,هاتف : كابين بتدين اللقش لبنان,هاتف : كابين بتدين اللقش,../data/muharaf_prepared_resized/train/train_011257.png,2025-12-13T11:05:50,Sana
train_004555,Valid but hard,,0.2,ولدكم,اولدكم,../data/muharaf_prepared_resized/train/train_004555.png,2025-12-13T11:06:02,Sana
train_020034,Valid but hard,,0.2,دريان,دربيان,../data/muharaf_prepared_resized/train/train_020034.png,2025-12-13T11:06:07,Sana
train_011284,Segmentation error,,0.2,هاتف : كابين بتدين اللقش لبنان,هاتف : كابين بتدين اللقش,../data/muharaf_prepared_resized/train/train_011284.png,2025-12-13T11:06:16,Sana
train_011424,Segmentation error,,0.2,هاتف : كابين بتدين اللقش لبنان,هاتف : كابين بتدين اللقش,../data/muharaf_prepared_resized/train/train_011424.png,2025-12-13T11:06:18,Sana
train_001985,Valid but hard,,0.2,فليكس,فليلس,../data/muharaf_prepared_resized/train/train_001985.png,2025-12-13T11:06:25,Sana
train_001820,Valid but hard,,0.2,فليكس,فلكس,../data/muharaf_prepared_resized/train/train_001820.png,2025-12-13T11:06:27,Sana
train_002268,Irrelevant / signature,,0.2,فليكس فارس,فاليك فارس,../data/muharaf_prepared_resized/train/train_002268.png,2025-12-13T11:06:36,Sana
train_002171,Irrelevant / signature,,0.2,فليكس فارس,فلك فارس,../data/muharaf_prepared_resized/train/train_002171.png,2025-12-13T11:06:38,Sana
train_004911,Valid but hard,,0.2,ولدكم,ولدك,../data/muharaf_prepared_resized/train/train_004911.png,2025-12-13T11:06:48,Sana
train_004253,Valid but hard,,0.2,ولدكم,ولديكم,../data/muharaf_prepared_resized/train/train_004253.png,2025-12-13T11:06:50,Sana
train_011451,Segmentation error,,0.2,هاتف : كابين بتدين اللقش لبنان,هاتف : كابين بتدين اللقش,../data/muharaf_prepared_resized/train/train_011451.png,2025-12-13T11:06:53,Sana
train_011317,Segmentation error,,0.2,هاتف : كابين بتدين اللقش لبنان,هاتف : كابين بتدين اللقش,../data/muharaf_prepared_resized/train/train_011317.png,2025-12-13T11:06:55,Sana
train_011400,Segmentation error,,0.2333333333333333,هاتف : كابين بتدين اللقش لبنان,هاتف : كابين بتدين القش,../data/muharaf_prepared_resized/train/train_011400.png,2025-12-13T11:12:13,Sana
train_003371,Segmentation error,,0.25,الحقير الياس,الحو الياس,../data/muharaf_prepared_resized/train/train_003371.png,2025-12-13T11:12:28,Sana
train_012833,Valid but hard,,0.25,ديب ملعب,ديبب ملعن,../data/muharaf_prepared_resized/train/train_012833.png,2025-12-13T11:12:51,Sana
train_001376,Script mismatch (non-Arabic),,0.25,FORT WAYNE. IND.,ORT WNY. IND.,../data/muharaf_prepared_resized/train/train_001376.png,2025-12-13T11:12:54,Sana
train_001355,Script mismatch (non-Arabic),,0.25,FORT WAYNE. IND.,ORT WAYN IND,../data/muharaf_prepared_resized/train/train_001355.png,2025-12-13T11:12:56,Sana
train_004315,Valid but hard,,0.2580645161290322,مِطرَانيَةُ بَيرُوت المارونيَّة,مطرانيَة بيروت المالاونيّة,../data/muharaf_prepared_resized/train/train_004315.png,2025-12-13T11:13:02,Sana
train_006941,Script mismatch (non-Arabic),,0.2727272727272727,.    .    .,.    .       .,../data/muharaf_prepared_resized/train/train_006941.png,2025-12-13T11:13:08,Sana
train_006923,Script mismatch (non-Arabic),,0.2727272727272727,.    .    .,.     .      .,../data/muharaf_prepared_resized/train/train_006923.png,2025-12-13T11:13:10,Sana
train_007033,Script mismatch (non-Arabic),,0.2727272727272727,.    .    .,.   .       .,../data/muharaf_prepared_resized/train/train_007033.png,2025-12-13T11:13:12,Sana
train_005986,Valid but hard,,0.2727272727272727,ولد سىادىكم,ولسىادىك,../data/muharaf_prepared_resized/train/train_005986.png,2025-12-13T11:13:18,Sana
train_018049,Valid but hard,,0.2727272727272727,اسَعد درويش,اسعد درو,../data/muharaf_prepared_resized/train/train_018049.png,2025-12-13T11:13:26,Sana
train_006878,Script mismatch (non-Arabic),,0.2727272727272727,.    .    .,.   .       .,../data/muharaf_prepared_resized/train/train_006878.png,2025-12-13T11:13:32,Sana
train_007153,Script mismatch (non-Arabic),,0.2727272727272727,.    .    .,.  .        .,../data/muharaf_prepared_resized/train/train_007153.png,2025-12-13T11:13:33,Sana
train_012673,Script mismatch (non-Arabic),,0.2857142857142857,1 M 108,11M 100,../data/muharaf_prepared_resized/train/train_012673.png,2025-12-13T11:13:39,Sana
train_012838,Script mismatch (non-Arabic),,0.2857142857142857,1 M 108,1M 100,../data/muharaf_prepared_resized/train/train_012838.png,2025-12-13T11:13:44,Sana
train_015854,Valid but hard,,0.3076923076923077,٢٤ آب سنة ٩٣٣,٢ آب ن ٩٣,../data/muharaf_prepared_resized/train/train_015854.png,2025-12-13T11:14:41,Sana
train_001399,Script mismatch (non-Arabic),,0.3125,FORT WAYNE. IND.,ORT WY IND.,../data/muharaf_prepared_resized/train/train_001399.png,2025-12-13T11:14:44,Sana
train_005087,Script mismatch (non-Arabic),,0.3333333333333333,D'ALEP,D'EP,../data/muharaf_prepared_resized/train/train_005087.png,2025-12-13T11:14:50,Sana
train_019992,Irrelevant / signature,,0.3333333333333333,المطران يوسف دريان,المطران يوسف,../data/muharaf_prepared_resized/train/train_019992.png,2025-12-13T11:15:17,Sana
train_010987,Script mismatch (non-Arabic),,0.3333333333333333,190,١90,../data/muharaf_prepared_resized/train/train_010987.png,2025-12-13T11:15:20,Sana
train_004771,Script mismatch (non-Arabic),,0.3333333333333333,EAK1A-140,EA1A-1,../data/muharaf_prepared_resized/train/train_004771.png,2025-12-13T11:15:22,Sana
train_004861,Script mismatch (non-Arabic),,0.3333333333333333,EAK1A-140,AK1A-4,../data/muharaf_prepared_resized/train/train_004861.png,2025-12-13T11:15:24,Sana
train_004837,Script mismatch (non-Arabic),,0.3333333333333333,EAK1A-140,EK1A-0,../data/muharaf_prepared_resized/train/train_004837.png,2025-12-13T11:15:26,Sana
train_004790,Script mismatch (non-Arabic),,0.3333333333333333,EAK1A-140,EEK1A-4,../data/muharaf_prepared_resized/train/train_004790.png,2025-12-13T11:15:28,Sana
train_012251,Script mismatch (non-Arabic),,0.3333333333333333,MK2A-7,MK2A,../data/muharaf_prepared_resized/train/train_012251.png,2025-12-13T11:15:31,Sana
train_005332,Script mismatch (non-Arabic),,0.3333333333333333,D'ALEP,D'LP,../data/muharaf_prepared_resized/train/train_005332.png,2025-12-13T11:15:33,Sana
train_005313,Script mismatch (non-Arabic),,0.3333333333333333,D'ALEP,D'EP,../data/muharaf_prepared_resized/train/train_005313.png,2025-12-13T11:15:35,Sana
train_011656,Script mismatch (non-Arabic),,0.3333333333333333,2/1,1/1,../data/muharaf_prepared_resized/train/train_011656.png,2025-12-13T11:15:38,Sana
train_014345,Irrelevant / non-text,,0.3333333333333333,xxx,xx,../data/muharaf_prepared_resized/train/train_014345.png,2025-12-13T11:15:50,Sana
train_005164,Script mismatch (non-Arabic),,0.3333333333333333,D'ALEP,D'EP,../data/muharaf_prepared_resized/train/train_005164.png,2025-12-13T11:15:52,Sana
train_007442,Script mismatch (non-Arabic),,0.3571428571428571,"C. POSTAL, 347","C. POAIL,34",../data/muharaf_prepared_resized/train/train_007442.png,2025-12-13T11:15:56,Sana
train_007330,Script mismatch (non-Arabic),,0.3636363636363636,.    .    .,.    ..,../data/muharaf_prepared_resized/train/train_007330.png,2025-12-13T11:16:09,Sana
train_019086,Valid but hard,,0.3636363636363636,اَلحُرِيّةُ,اَلحرية,../data/muharaf_prepared_resized/train/train_019086.png,2025-12-13T11:16:14,Sana
train_007030,Script mismatch (non-Arabic),,0.3636363636363636,.    .    .,..     .,../data/muharaf_prepared_resized/train/train_007030.png,2025-12-13T11:16:26,Sana
train_002399,Valid but hard,,0.3636363636363636,بسم الله الرحمن الرحيم,لبسم الالحن الحم,../data/muharaf_prepared_resized/train/train_002399.png,2025-12-13T11:16:42,Sana
train_007346,Script mismatch (non-Arabic),,0.3636363636363636,.    .    .,.    ..,../data/muharaf_prepared_resized/train/train_007346.png,2025-12-13T11:16:45,Sana
train_012709,Valid but hard,,0.375,ديب ملعب,الدديب ملعب,../data/muharaf_prepared_resized/train/train_012709.png,2025-12-13T11:16:50,Sana
train_005535,Irrelevant / signature,,0.375,اغناطيوس,اقناطعو,../data/muharaf_prepared_resized/train/train_005535.png,2025-12-13T11:16:54,Sana
train_011618,Script mismatch (non-Arabic),,0.3809523809523809,CANGE & ELIAS GEMAYEL,CA& ES GEMAEL,../data/muharaf_prepared_resized/train/train_011618.png,2025-12-13T11:17:49,Sana
train_013373,Script mismatch (non-Arabic),,0.3846153846153846,Wafaa EL-Murr,Waaaa-EL Mr,../data/muharaf_prepared_resized/train/train_013373.png,2025-12-13T11:17:56,Sana
train_020703,Irrelevant / signature,,0.4,ميشال,مال,../data/muharaf_prepared_resized/train/train_020703.png,2025-12-13T11:18:05,Sana
train_001936,Valid but hard,,0.4,فليكس,فاليك,../data/muharaf_prepared_resized/train/train_001936.png,2025-12-13T11:18:21,Sana
train_001862,Valid but hard,,0.4,فليكس,اليك,../data/muharaf_prepared_resized/train/train_001862.png,2025-12-13T11:18:28,Sana
train_020773,Irrelevant / signature,,0.4,سبعلي,بعلى,../data/muharaf_prepared_resized/train/train_020773.png,2025-12-13T11:18:38,Sana
train_004686,Valid but hard,,0.4,احوكم,احو,../data/muharaf_prepared_resized/train/train_004686.png,2025-12-13T11:19:11,Sana
train_004340,Valid but hard,,0.4,احوكم,احاك,../data/muharaf_prepared_resized/train/train_004340.png,2025-12-13T11:19:13,Sana
train_005533,Valid but hard,,0.4,احوكم,احضك,../data/muharaf_prepared_resized/train/train_005533.png,2025-12-13T11:19:15,Sana
train_019958,Valid but hard,,0.4,دريان,دراس,../data/muharaf_prepared_resized/train/train_019958.png,2025-12-13T11:19:24,Sana
train_007388,Script mismatch (non-Arabic),,0.4285714285714285,"C. POSTAL, 347",C. OSIL34,../data/muharaf_prepared_resized/train/train_007388.png,2025-12-13T11:19:48,Sana
train_007420,Script mismatch (non-Arabic),,0.4285714285714285,"C. POSTAL, 347",C. POSI34,../data/muharaf_prepared_resized/train/train_007420.png,2025-12-13T11:19:50,Sana
train_013999,Irrelevant / signature,,0.4285714285714285,نائب رئيس البلدية شكري كنعان,نائل رئيس البلدية,../data/muharaf_prepared_resized/train/train_013999.png,2025-12-13T11:19:55,Sana
train_011733,Script mismatch (non-Arabic),,0.4285714285714285,CANGE & ELIAS GEMAYEL,CG& ES GMAEL,../data/muharaf_prepared_resized/train/train_011733.png,2025-12-13T11:19:58,Sana
train_002606,Valid but hard,,0.4347826086956521,بسمِ الله الرحمن الرحيم,بسيم الدالرم الر,../data/muharaf_prepared_resized/train/train_002606.png,2025-12-13T11:20:02,Sana
train_014071,Irrelevant / signature,,0.4347826086956521,نائب الرئيسَ شكري كنعان,نائب ارئيسَ ن,../data/muharaf_prepared_resized/train/train_014071.png,2025-12-13T11:20:07,Sana
train_021034,Script mismatch (non-Arabic),,0.44,COMPRA DE FRUTOS DEL PAIS,COMPA DES FS D P,../data/muharaf_prepared_resized/train/train_021034.png,2025-12-13T11:20:11,Sana
train_021096,Script mismatch (non-Arabic),,0.44,COMPRA DE FRUTOS DEL PAIS,COMP D FS DS PS,../data/muharaf_prepared_resized/train/train_021096.png,2025-12-13T11:20:13,Sana
train_019975,Irrelevant / signature,,0.4444444444444444,المطران يوسف دريان,الطران يعسف,../data/muharaf_prepared_resized/train/train_019975.png,2025-12-13T11:20:18,Sana
train_021033,Script mismatch (non-Arabic),,0.4545454545454545,MERCANCIAS Y NOVEDADES,MCCIAS Y NNDS,../data/muharaf_prepared_resized/train/train_021033.png,2025-12-13T11:20:21,Sana
train_019067,Valid but hard,,0.4545454545454545,اَلحُرِيّةُ,أَلجحريُّ,../data/muharaf_prepared_resized/train/train_019067.png,2025-12-13T11:21:02,Sana
train_002527,Valid but hard,,0.4545454545454545,بسم الله الرحمن الرحيم,سم الاله الحم,../data/muharaf_prepared_resized/train/train_002527.png,2025-12-13T11:21:10,Sana
train_006886,Script mismatch (non-Arabic),,0.4545454545454545,.    .    .,.  . .,../data/muharaf_prepared_resized/train/train_006886.png,2025-12-13T11:21:13,Sana
train_002458,Valid but hard,,0.4545454545454545,بسم الله الرحمن الرحيم,سم الل الرحم,../data/muharaf_prepared_resized/train/train_002458.png,2025-12-13T11:21:16,Sana
train_013214,Script mismatch (non-Arabic),,0.4615384615384615,Wafaa EL-Murr,aaaaEL Mr,../data/muharaf_prepared_resized/train/train_013214.png,2025-12-13T11:21:27,Sana
train_013300,Script mismatch (non-Arabic),,0.4615384615384615,Wafaa EL-Murr,aaaaEMrr,../data/muharaf_prepared_resized/train/train_013300.png,2025-12-13T11:21:29,Sana
train_016814,Valid but hard,,0.4642857142857143,الرهبانية الباسيلية المخلصية,الزيبية التارية الخ,../data/muharaf_prepared_resized/train/train_016814.png,2025-12-13T11:21:32,Sana
train_016788,Script mismatch (non-Arabic),,0.4705882352941176,Couvent St Michel,Cet St Me,../data/muharaf_prepared_resized/train/train_016788.png,2025-12-13T11:21:35,Sana
train_011715,Script mismatch (non-Arabic),,0.4761904761904761,CANGE & ELIAS GEMAYEL,A& ELI GEEL,../data/muharaf_prepared_resized/train/train_011715.png,2025-12-13T11:21:37,Sana
train_014077,Irrelevant / signature,,0.4782608695652174,نائب الرئيسَ شكري كنعان,نائب الرئيسَ,../data/muharaf_prepared_resized/train/train_014077.png,2025-12-13T11:21:48,Sana
train_014068,Irrelevant / signature,,0.4782608695652174,نائب الرئيسَ شكري كنعان,نائب الرئيسَ,../data/muharaf_prepared_resized/train/train_014068.png,2025-12-13T11:22:34,Sana
train_011621,Script mismatch (non-Arabic),,0.4827586206896552,Boite Postale 77-Téléphone 72,Boite P 7-Tép 7,../data/muharaf_prepared_resized/train/train_011621.png,2025-12-13T11:22:38,Sana
train_015822,Valid but hard,,0.5,كاتب,كان,../data/muharaf_prepared_resized/train/train_015822.png,2025-12-13T11:22:45,Sana
train_017288,Script mismatch (non-Arabic),,0.5,18,16,../data/muharaf_prepared_resized/train/train_017288.png,2025-12-13T11:22:48,Sana
train_017322,Script mismatch (non-Arabic),,0.5,20,0,../data/muharaf_prepared_resized/train/train_017322.png,2025-12-13T11:22:50,Sana
train_006899,Script mismatch (non-Arabic),,0.5,13,11,../data/muharaf_prepared_resized/train/train_006899.png,2025-12-13T11:22:53,Sana
train_011066,Script mismatch (non-Arabic),,0.5,DEALERS IN,DAERIS,../data/muharaf_prepared_resized/train/train_011066.png,2025-12-13T11:24:25,Sana
train_004739,Valid but hard,,0.5,المطران ىطرس,المصون بطسن,../data/muharaf_prepared_resized/train/train_004739.png,2025-12-13T11:26:22,Sana
train_010983,Script mismatch (non-Arabic),,0.5,DEALERS IN,DAERIS,../data/muharaf_prepared_resized/train/train_010983.png,2025-12-13T11:26:24,Sana
train_007226,Script mismatch (non-Arabic),,0.5,20,29,../data/muharaf_prepared_resized/train/train_007226.png,2025-12-13T11:26:32,Sana
train_017255,Script mismatch (non-Arabic),,0.5,16,11,../data/muharaf_prepared_resized/train/train_017255.png,2025-12-13T11:26:36,Sana
train_003320,Valid but hard,,0.5,صح,2ح,../data/muharaf_prepared_resized/train/train_003320.png,2025-12-13T11:27:11,Sana
train_007270,Script mismatch (non-Arabic),,0.5,22,23,../data/muharaf_prepared_resized/train/train_007270.png,2025-12-13T11:27:14,Sana
train_005393,Irrelevant / signature,,0.5,اغناطيوس,امناطر,../data/muharaf_prepared_resized/train/train_005393.png,2025-12-13T11:27:18,Sana
train_006529,Script mismatch (non-Arabic),,0.5,18,11,../data/muharaf_prepared_resized/train/train_006529.png,2025-12-13T11:27:21,Sana
train_014466,Script mismatch (non-Arabic),,0.5,12,1,../data/muharaf_prepared_resized/train/train_014466.png,2025-12-13T11:27:26,Sana
train_014477,Script mismatch (non-Arabic),,0.5,13,1,../data/muharaf_prepared_resized/train/train_014477.png,2025-12-13T11:27:34,Sana
train_002362,Valid but hard,,0.5,بسم الله الرحمن الرحيم,سم اله الحم,../data/muharaf_prepared_resized/train/train_002362.png,2025-12-13T11:27:37,Sana
train_006505,Script mismatch (non-Arabic),,0.5,16,11,../data/muharaf_prepared_resized/train/train_006505.png,2025-12-13T11:27:48,Sana
train_006541,Script mismatch (non-Arabic),,0.5,19,11,../data/muharaf_prepared_resized/train/train_006541.png,2025-12-13T11:27:54,Sana
train_002328,Valid but hard,,0.5,بسم الله الرحمن الرحيم,بلم الاه الرم,../data/muharaf_prepared_resized/train/train_002328.png,2025-12-13T11:27:57,Sana
train_006517,Script mismatch (non-Arabic),,0.5,17,11,../data/muharaf_prepared_resized/train/train_006517.png,2025-12-13T11:27:58,Sana
train_006493,Script mismatch (non-Arabic),,0.5,15,1,../data/muharaf_prepared_resized/train/train_006493.png,2025-12-13T11:28:00,Sana
train_005583,Script mismatch (non-Arabic),,0.5,18,1١,../data/muharaf_prepared_resized/train/train_005583.png,2025-12-13T11:28:02,Sana
train_014025,Irrelevant / signature,,0.5,نائب الرئيس شكري كنعان,نائب الرئيس,../data/muharaf_prepared_resized/train/train_014025.png,2025-12-13T11:28:05,Sana
train_002416,Valid but hard,,0.5,بسم الله الرحمن الرحيم,سم الدال اطرم,../data/muharaf_prepared_resized/train/train_002416.png,2025-12-13T11:28:07,Sana
train_014050,Irrelevant / signature,,0.5,نائب الرئيس شكري كنعان,نائب الرئيس,../data/muharaf_prepared_resized/train/train_014050.png,2025-12-13T11:28:09,Sana
train_001614,Script mismatch (non-Arabic),,0.5,1901,1100,../data/muharaf_prepared_resized/train/train_001614.png,2025-12-13T11:28:12,Sana
train_006611,Script mismatch (non-Arabic),,0.5,25,22,../data/muharaf_prepared_resized/train/train_006611.png,2025-12-13T11:28:13,Sana
train_017186,Script mismatch (non-Arabic),,0.5,12,1,../data/muharaf_prepared_resized/train/train_017186.png,2025-12-13T11:28:15,Sana
train_006589,Script mismatch (non-Arabic),,0.5,23,22,../data/muharaf_prepared_resized/train/train_006589.png,2025-12-13T11:29:16,Sana
train_006481,Script mismatch (non-Arabic),,0.5,14,11,../data/muharaf_prepared_resized/train/train_006481.png,2025-12-13T11:29:38,Sana
train_006469,Script mismatch (non-Arabic),,0.5,12,11,../data/muharaf_prepared_resized/train/train_006469.png,2025-12-13T11:29:40,Sana
train_017238,Script mismatch (non-Arabic),,0.5,15,1,../data/muharaf_prepared_resized/train/train_017238.png,2025-12-13T11:30:03,Sana
train_017203,Script mismatch (non-Arabic),,0.5,13,1,../data/muharaf_prepared_resized/train/train_017203.png,2025-12-13T11:30:32,Sana
train_013988,Irrelevant / signature,,0.5357142857142857,نائب رئيس البلدية شكري كنعان,نانب ري البدية,../data/muharaf_prepared_resized/train/train_013988.png,2025-12-13T11:30:34,Sana
train_012707,Script mismatch (non-Arabic),,0.5384615384615384,Wafaa EL-Murr,WaaEEur,../data/muharaf_prepared_resized/train/train_012707.png,2025-12-13T11:30:38,Sana
train_002489,Valid but hard,,0.5454545454545454,بسم الله الرحمن الرحيم,سه اللى الحم,../data/muharaf_prepared_resized/train/train_002489.png,2025-12-13T11:30:41,Sana
train_003327,Irrelevant / signature,,0.5454545454545454,بطرس البطرىرك الانطاكى,طرس الطررك,../data/muharaf_prepared_resized/train/train_003327.png,2025-12-13T11:30:46,Sana
train_021072,Script mismatch (non-Arabic),,0.5454545454545454,MERCANCIAS Y NOVEDADES,MCPAIS Y DES,../data/muharaf_prepared_resized/train/train_021072.png,2025-12-13T11:30:49,Sana
train_011635,Script mismatch (non-Arabic),,0.5517241379310345,Boite Postale 77-Téléphone 72,Boite P -ép 7,../data/muharaf_prepared_resized/train/train_011635.png,2025-12-13T11:30:51,Sana
train_011717,Script mismatch (non-Arabic),,0.5517241379310345,Boite Postale 77-Téléphone 72,Boite P 7-Tép,../data/muharaf_prepared_resized/train/train_011717.png,2025-12-13T11:30:53,Sana
train_011596,Script mismatch (non-Arabic),,0.5517241379310345,Boite Postale 77-Téléphone 72,Boit P 7-ép 7,../data/muharaf_prepared_resized/train/train_011596.png,2025-12-13T11:30:59,Sana
train_011735,Script mismatch (non-Arabic),,0.5517241379310345,Boite Postale 77-Téléphone 72,Bote P 7-ép 7,../data/muharaf_prepared_resized/train/train_011735.png,2025-12-13T11:31:01,Sana
train_013539,Irrelevant / signature,,0.5555555555555556,رئيس البلدية ابراهىم الحىاط,رئيس البلدية,../data/muharaf_prepared_resized/train/train_013539.png,2025-12-13T11:31:03,Sana
train_021216,Script mismatch (non-Arabic),,0.56,COMPRA DE FRUTOS DEL PAIS,CPA D FS  P,../data/muharaf_prepared_resized/train/train_021216.png,2025-12-13T11:31:06,Sana
train_021193,Script mismatch (non-Arabic),,0.56,COMPRA DE FRUTOS DEL PAIS,CPA D FS S P,../data/muharaf_prepared_resized/train/train_021193.png,2025-12-13T11:31:08,Sana
train_008025,Irrelevant / non-text,,0.5714285714285714,*		*		*,***,../data/muharaf_prepared_resized/train/train_008025.png,2025-12-13T11:31:13,Sana
train_008015,Irrelevant / non-text,,0.5714285714285714,*		*		*,***,../data/muharaf_prepared_resized/train/train_008015.png,2025-12-13T11:31:22,Sana
train_008005,Irrelevant / non-text,,0.5714285714285714,*		*		*,***,../data/muharaf_prepared_resized/train/train_008005.png,2025-12-13T11:31:24,Sana
train_021191,Script mismatch (non-Arabic),,0.5789473684210527,Monteria = Colombia,Mon = Co,../data/muharaf_prepared_resized/train/train_021191.png,2025-12-13T11:31:27,Sana
train_005163,Script mismatch (non-Arabic),,0.5789473684210527,Archevêché Maronite,Acêé Moe,../data/muharaf_prepared_resized/train/train_005163.png,2025-12-13T11:31:32,Sana
train_005312,Script mismatch (non-Arabic),,0.5789473684210527,Archevêché Maronite,Ahêé Mon,../data/muharaf_prepared_resized/train/train_005312.png,2025-12-13T11:31:35,Sana
train_005086,Script mismatch (non-Arabic),,0.5789473684210527,Archevêché Maronite,Achêé Mo,../data/muharaf_prepared_resized/train/train_005086.png,2025-12-13T11:31:36,Sana
train_005331,Script mismatch (non-Arabic),,0.5789473684210527,Archevêché Maronite,Arcvvé Me,../data/muharaf_prepared_resized/train/train_005331.png,2025-12-13T11:31:39,Sana
train_011012,Script mismatch (non-Arabic),,0.5869565217391305,Ready=Made Goods and Ladies' and Gent's Shoes.,ay  Gs dd Gds' d Gns' S,../data/muharaf_prepared_resized/train/train_011012.png,2025-12-13T11:31:43,Sana
train_021192,Script mismatch (non-Arabic),,0.5909090909090909,MERCANCIAS Y NOVEDADES,MCS Y NDS,../data/muharaf_prepared_resized/train/train_021192.png,2025-12-13T11:31:45,Sana
train_002346,Valid but hard,,0.5909090909090909,بسم الله الرحمن الرحيم,س ال الرم,../data/muharaf_prepared_resized/train/train_002346.png,2025-12-13T11:31:49,Sana
train_021194,Script mismatch (non-Arabic),,0.5909090909090909,POR TELEGRAFO: SAIKALI,POREEEAF S,../data/muharaf_prepared_resized/train/train_021194.png,2025-12-13T11:32:57,Sana
train_002535,Valid but hard,,0.5909090909090909,بسم الله الرحمن الرحيم,سم ال الحه,../data/muharaf_prepared_resized/train/train_002535.png,2025-12-13T11:33:00,Sana
train_021174,Script mismatch (non-Arabic),,0.5909090909090909,MERCANCIAS Y NOVEDADES,MCCS Y ND,../data/muharaf_prepared_resized/train/train_021174.png,2025-12-13T11:33:03,Sana
train_005537,Valid but hard,,0.6,مبارك,مبد,../data/muharaf_prepared_resized/train/train_005537.png,2025-12-13T11:33:06,Sana
train_001441,Script mismatch (non-Arabic),,0.6,"""Mokarzel""","""""oa""",../data/muharaf_prepared_resized/train/train_001441.png,2025-12-13T11:33:09,Sana
train_005039,Valid but hard,,0.6,ولدكم,والد,../data/muharaf_prepared_resized/train/train_005039.png,2025-12-13T11:33:14,Sana
train_017946,Irrelevant / signature,,0.6,القس طوبيا,الطنولا,../data/muharaf_prepared_resized/train/train_017946.png,2025-12-13T11:33:17,Sana
train_020134,Valid but hard,,0.6,دريان,ورا,../data/muharaf_prepared_resized/train/train_020134.png,2025-12-13T11:33:20,Sana
train_021128,Script mismatch (non-Arabic),,0.6,COMPRA DE FRUTOS DEL PAIS,CPA D F S P,../data/muharaf_prepared_resized/train/train_021128.png,2025-12-13T11:33:23,Sana
train_010779,Irrelevant / signature,,0.6111111111111112,خليل يوسف نادر رعد,جليل يوس,../data/muharaf_prepared_resized/train/train_010779.png,2025-12-13T11:33:37,Sana
train_012835,Script mismatch (non-Arabic),,0.6153846153846154,Wafaa EL-Murr,Waa u,../data/muharaf_prepared_resized/train/train_012835.png,2025-12-13T11:33:40,Sana
train_007439,Script mismatch (non-Arabic),,0.6153846153846154,HABIB MASSOUD,CA MS SUU,../data/muharaf_prepared_resized/train/train_007439.png,2025-12-13T11:33:47,Sana
train_012861,Script mismatch (non-Arabic),,0.6153846153846154,Wafaa EL-Murr,Waaapu,../data/muharaf_prepared_resized/train/train_012861.png,2025-12-13T11:33:52,Sana
train_005430,Irrelevant / signature,,0.625,اغناطيوس,عنطو,../data/muharaf_prepared_resized/train/train_005430.png,2025-12-13T11:33:55,Sana
train_003406,Irrelevant / signature,,0.625,المطران بولس عقل,(لمططف لوس,../data/muharaf_prepared_resized/train/train_003406.png,2025-12-13T11:33:57,Sana
train_010985,Script mismatch (non-Arabic),,0.6304347826086957,Ready=Made Goods and Ladies' and Gent's Shoes.,d  Gs d dds'  Gns' s,../data/muharaf_prepared_resized/train/train_010985.png,2025-12-13T11:34:04,Sana
train_021071,Script mismatch (non-Arabic),,0.631578947368421,Monteria = Colombia,Mo = Co,../data/muharaf_prepared_resized/train/train_021071.png,2025-12-13T11:34:07,Sana
train_021094,Script mismatch (non-Arabic),,0.631578947368421,Monteria = Colombia,Mo = Co,../data/muharaf_prepared_resized/train/train_021094.png,2025-12-13T11:34:08,Sana
train_021213,Script mismatch (non-Arabic),,0.631578947368421,Monteria = Colombia,Mo = Co,../data/muharaf_prepared_resized/train/train_021213.png,2025-12-13T11:34:10,Sana
train_021126,Script mismatch (non-Arabic),,0.631578947368421,Monteria = Colombia,Mo = Co,../data/muharaf_prepared_resized/train/train_021126.png,2025-12-13T11:34:11,Sana
train_019070,Script mismatch (non-Arabic),,0.631578947368421,QUOTIDIEN POLITIQUE,ORIEA POU,../data/muharaf_prepared_resized/train/train_019070.png,2025-12-13T11:34:14,Sana
train_019089,Script mismatch (non-Arabic),,0.631578947368421,QUOTIDIEN POLITIQUE,ORIIES PI,../data/muharaf_prepared_resized/train/train_019089.png,2025-12-13T11:34:17,Sana
train_021173,Script mismatch (non-Arabic),,0.631578947368421,Monteria = Colombia,Mo = Co,../data/muharaf_prepared_resized/train/train_021173.png,2025-12-13T11:34:20,Sana
train_007333,Script mismatch (non-Arabic),,0.6363636363636364,.    .    .,.. .,../data/muharaf_prepared_resized/train/train_007333.png,2025-12-13T11:34:33,Sana
train_021214,Script mismatch (non-Arabic),,0.6363636363636364,MERCANCIAS Y NOVEDADES,MCS Y ND,../data/muharaf_prepared_resized/train/train_021214.png,2025-12-13T11:34:46,Sana
train_007345,Script mismatch (non-Arabic),,0.6363636363636364,.    .    .,.. .,../data/muharaf_prepared_resized/train/train_007345.png,2025-12-13T11:34:49,Sana
train_021074,Script mismatch (non-Arabic),,0.6363636363636364,POR TELEGRAFO: SAIKALI,COEAO: SA,../data/muharaf_prepared_resized/train/train_021074.png,2025-12-13T11:34:52,Sana
train_005453,Script mismatch (non-Arabic),,0.6363636363636364,Beyrouth le,Beyo,../data/muharaf_prepared_resized/train/train_005453.png,2025-12-13T11:34:54,Sana
train_005452,Script mismatch (non-Arabic),,0.6363636363636364,DE BEYROUTH,DEEST,../data/muharaf_prepared_resized/train/train_005452.png,2025-12-13T11:34:58,Sana
train_004431,Script mismatch (non-Arabic),,0.6363636363636364,Beyrouth le,By oe,../data/muharaf_prepared_resized/train/train_004431.png,2025-12-13T11:35:00,Sana
train_021095,Script mismatch (non-Arabic),,0.6363636363636364,MERCANCIAS Y NOVEDADES,MEIS Y S,../data/muharaf_prepared_resized/train/train_021095.png,2025-12-13T11:35:02,Sana
train_021175,Script mismatch (non-Arabic),,0.64,COMPRA DE FRUTOS DEL PAIS,MMPP D  DS P,../data/muharaf_prepared_resized/train/train_021175.png,2025-12-13T11:35:05,Sana
train_016746,Script mismatch (non-Arabic),,0.6470588235294118,Couvent St Michel,Coy S M,../data/muharaf_prepared_resized/train/train_016746.png,2025-12-13T11:36:16,Sana
train_002634,Irrelevant / non-text,,0.6551724137931034,المجلس الشرعى الاسلامى الاعلى,ملة الاة الل,../data/muharaf_prepared_resized/train/train_002634.png,2025-12-13T11:36:23,Sana
train_002289,Script mismatch (non-Arabic),,0.6666666666666666,MERAAT-UL-GHARB,MEA-A,../data/muharaf_prepared_resized/train/train_002289.png,2025-12-13T11:36:25,Sana
train_013604,Irrelevant / signature,,0.6666666666666666,رىس ىلدية كفرشيما ىعوم دىب العارح,لى الدية كفرم,../data/muharaf_prepared_resized/train/train_013604.png,2025-12-13T11:36:28,Sana
train_014420,Irrelevant / non-text,,0.6666666666666666,xxx,x,../data/muharaf_prepared_resized/train/train_014420.png,2025-12-13T11:36:32,Sana
train_016807,Script mismatch (non-Arabic),,0.6666666666666666,Ammiq El-Mounassif,Amql Ms,../data/muharaf_prepared_resized/train/train_016807.png,2025-12-13T11:36:35,Sana
train_016758,Script mismatch (non-Arabic),,0.6666666666666666,Ammiq El-Mounassif,Amql Ms,../data/muharaf_prepared_resized/train/train_016758.png,2025-12-13T11:36:36,Sana
train_011643,Script mismatch (non-Arabic),,0.6666666666666666,CANGE & ELIAS GEMAYEL,A& E MME,../data/muharaf_prepared_resized/train/train_011643.png,2025-12-13T11:36:38,Sana
train_011559,Script mismatch (non-Arabic),,0.6666666666666666,2/1,-/,../data/muharaf_prepared_resized/train/train_011559.png,2025-12-13T11:36:41,Sana
train_004254,Irrelevant / signature,,0.6666666666666666,عرىر حورى,عصور,../data/muharaf_prepared_resized/train/train_004254.png,2025-12-13T11:36:47,Sana
train_001314,Script mismatch (non-Arabic),,0.6666666666666666,190,99,../data/muharaf_prepared_resized/train/train_001314.png,2025-12-13T11:36:51,Sana
train_021127,Script mismatch (non-Arabic),,0.6818181818181818,MERCANCIAS Y NOVEDADES,CCCS Y N,../data/muharaf_prepared_resized/train/train_021127.png,2025-12-13T11:36:59,Sana
train_021176,Script mismatch (non-Arabic),,0.6818181818181818,POR TELEGRAFO: SAIKALI,POREEE S,../data/muharaf_prepared_resized/train/train_021176.png,2025-12-13T11:37:02,Sana
train_021217,Script mismatch (non-Arabic),,0.6818181818181818,POR TELEGRAFO: SAIKALI,CEEEAF SI,../data/muharaf_prepared_resized/train/train_021217.png,2025-12-13T11:37:04,Sana
train_010982,Script mismatch (non-Arabic),,0.6875,"K. JOSEPH BROS.,",M.OE S...,../data/muharaf_prepared_resized/train/train_010982.png,2025-12-13T11:37:05,Sana
train_007391,Script mismatch (non-Arabic),,0.6923076923076923,HABIB MASSOUD,AABMS SM,../data/muharaf_prepared_resized/train/train_007391.png,2025-12-13T11:37:06,Sana
train_007409,Script mismatch (non-Arabic),,0.6923076923076923,HABIB MASSOUD,CAMS SUS,../data/muharaf_prepared_resized/train/train_007409.png,2025-12-13T11:37:09,Sana
train_011011,Script mismatch (non-Arabic),,0.7,DEALERS IN,AERRD,../data/muharaf_prepared_resized/train/train_011011.png,2025-12-13T11:37:11,Sana
train_011061,Script mismatch (non-Arabic),,0.7,"Dry Goods, Notions, Clothing, Ladies' Furnishings,","s ns Cns, Ns' n hs",../data/muharaf_prepared_resized/train/train_011061.png,2025-12-13T11:37:15,Sana
train_013621,Irrelevant / signature,,0.7058823529411765,بلدية كفرشيما رئىس ىعوم دىب العارح,بلدية كفري,../data/muharaf_prepared_resized/train/train_013621.png,2025-12-13T11:37:25,Sana
train_016776,Script mismatch (non-Arabic),,0.7058823529411765,Couvent St Michel,Ct  M,../data/muharaf_prepared_resized/train/train_016776.png,2025-12-13T11:37:28,Sana
train_008034,Irrelevant / non-text,,0.7142857142857143,*		*		*,**,../data/muharaf_prepared_resized/train/train_008034.png,2025-12-13T11:37:31,Sana
train_013977,Irrelevant / signature,,0.7142857142857143,نائب رئيس البلدية شكري كنعان,رئيس الي,../data/muharaf_prepared_resized/train/train_013977.png,2025-12-13T11:37:34,Sana
train_021211,Script mismatch (non-Arabic),,0.7142857142857143,Miguel Saikali,Mi S,../data/muharaf_prepared_resized/train/train_021211.png,2025-12-13T11:37:36,Sana
train_016781,Script mismatch (non-Arabic),,0.7222222222222222,Ammiq El-Mounassif,mml Ms,../data/muharaf_prepared_resized/train/train_016781.png,2025-12-13T11:37:39,Sana
train_005519,Script mismatch (non-Arabic),,0.7272727272727273,Beyrouth le,Byo,../data/muharaf_prepared_resized/train/train_005519.png,2025-12-13T11:37:41,Sana
train_005497,Script mismatch (non-Arabic),,0.7272727272727273,Beyrouth le,Byo,../data/muharaf_prepared_resized/train/train_005497.png,2025-12-13T11:37:44,Sana
train_005496,Script mismatch (non-Arabic),,0.7272727272727273,DE BEYROUTH,DUT,../data/muharaf_prepared_resized/train/train_005496.png,2025-12-13T11:37:46,Sana
train_003374,Script mismatch (non-Arabic),,0.7272727272727273,MARONITARUM,AAIA,../data/muharaf_prepared_resized/train/train_003374.png,2025-12-13T11:37:47,Sana
train_021070,Script mismatch (non-Arabic),,0.7272727272727273,Comeiciante,Com,../data/muharaf_prepared_resized/train/train_021070.png,2025-12-13T11:37:49,Sana
train_021092,Script mismatch (non-Arabic),,0.7272727272727273,Comeiciante,Com,../data/muharaf_prepared_resized/train/train_021092.png,2025-12-13T11:37:51,Sana
train_021129,Script mismatch (non-Arabic),,0.7272727272727273,POR TELEGRAFO: SAIKALI,MOREAA S,../data/muharaf_prepared_resized/train/train_021129.png,2025-12-13T11:37:56,Sana
train_021097,Script mismatch (non-Arabic),,0.7272727272727273,POR TELEGRAFO: SAIKALI,OEAO S,../data/muharaf_prepared_resized/train/train_021097.png,2025-12-13T11:37:58,Sana
train_014091,Irrelevant / signature,,0.7272727272727273,نائب الرئيس شكري كنعان,الرئيس,../data/muharaf_prepared_resized/train/train_014091.png,2025-12-13T11:38:02,Sana
train_010986,Script mismatch (non-Arabic),,0.7333333333333333,BUFFALO STREET.,O SE,../data/muharaf_prepared_resized/train/train_010986.png,2025-12-13T11:38:05,Sana
train_013646,Irrelevant / signature,,0.7368421052631579,رىس ىعوم دىب العارح,يعوم اب,../data/muharaf_prepared_resized/train/train_013646.png,2025-12-13T11:38:10,Sana
train_004761,Valid but hard,,0.75,وديع,واليو,../data/muharaf_prepared_resized/train/train_004761.png,2025-12-13T11:38:13,Sana
train_011009,Script mismatch (non-Arabic),,0.75,"K. JOSEPH BROS.,",O S..,../data/muharaf_prepared_resized/train/train_011009.png,2025-12-13T11:38:16,Sana
train_004408,Irrelevant / signature,,0.75,اغناطيوس,نا,../data/muharaf_prepared_resized/train/train_004408.png,2025-12-13T11:38:19,Sana
train_018374,Script mismatch (non-Arabic),,0.75,Krougar Attallah,oe Caa,../data/muharaf_prepared_resized/train/train_018374.png,2025-12-13T11:38:24,Sana
train_019071,Script mismatch (non-Arabic),,0.75,BEYROUTH,SUT,../data/muharaf_prepared_resized/train/train_019071.png,2025-12-13T11:38:27,Sana
train_019090,Script mismatch (non-Arabic),,0.75,BEYROUTH,OT,../data/muharaf_prepared_resized/train/train_019090.png,2025-12-13T11:39:04,Sana
train_003347,Script mismatch (non-Arabic),,0.76,PATRIARCHATUS ANTIOCHENUS,CS AOS,../data/muharaf_prepared_resized/train/train_003347.png,2025-12-13T11:39:06,Sana
train_021073,Script mismatch (non-Arabic),,0.76,COMPRA DE FRUTOS DEL PAIS,CRR F P,../data/muharaf_prepared_resized/train/train_021073.png,2025-12-13T11:39:09,Sana
train_015922,Irrelevant / signature,,0.7777777777777778,كفيل نخله جبرايل النخل طرزا,فيل يزي,../data/muharaf_prepared_resized/train/train_015922.png,2025-12-13T11:39:12,Sana
train_015337,Irrelevant / signature,,0.7777777777777778,عن عضو ملحم سعيفان,معنعضو,../data/muharaf_prepared_resized/train/train_015337.png,2025-12-13T11:39:16,Sana
train_015367,Irrelevant / signature,,0.7777777777777778,عن عضو ملحم سعيفان,مع عضو,../data/muharaf_prepared_resized/train/train_015367.png,2025-12-13T11:39:17,Sana
train_016500,Irrelevant / signature,,0.7777777777777778,عضو امين اسعد سلوم,عضوو,../data/muharaf_prepared_resized/train/train_016500.png,2025-12-13T11:39:19,Sana
train_019936,Irrelevant / signature,,0.7777777777777778,المطران يوسف دريان,ا يو,../data/muharaf_prepared_resized/train/train_019936.png,2025-12-13T11:39:21,Sana
train_010984,Script mismatch (non-Arabic),,0.78,"DRY GOODS, NOTIONS, CLOTHING, LADIES' FURNISHINGS,",OR NS O OS IS,../data/muharaf_prepared_resized/train/train_010984.png,2025-12-13T11:39:37,Sana
train_021068,Script mismatch (non-Arabic),,0.7857142857142857,Miguel Saikali,Mo S,../data/muharaf_prepared_resized/train/train_021068.png,2025-12-13T11:39:40,Sana
train_021091,Script mismatch (non-Arabic),,0.7857142857142857,Miguel Saikali,M S,../data/muharaf_prepared_resized/train/train_021091.png,2025-12-13T11:39:42,Sana
train_013486,Irrelevant / signature,,0.7857142857142857,عصو سعىد كىعان,عصو,../data/muharaf_prepared_resized/train/train_013486.png,2025-12-13T11:39:46,Sana
train_021190,Script mismatch (non-Arabic),,0.7857142857142857,Miguel Saikali,M S,../data/muharaf_prepared_resized/train/train_021190.png,2025-12-13T11:39:49,Sana
train_021124,Script mismatch (non-Arabic),,0.7857142857142857,Miguel Saikali,Mo Ck,../data/muharaf_prepared_resized/train/train_021124.png,2025-12-13T11:39:51,Sana
train_011014,Script mismatch (non-Arabic),,0.7894736842105263,"Mannington, W. Va.,",CNnWW. W,../data/muharaf_prepared_resized/train/train_011014.png,2025-12-13T11:40:01,Sana
train_001544,Script mismatch (non-Arabic),,0.7894736842105263,"Atlantic City, N.J.",Man C,../data/muharaf_prepared_resized/train/train_001544.png,2025-12-13T11:40:08,Sana
train_002614,Irrelevant / non-text,,0.7931034482758621,المجلس الشرعى الاسلامى الاعلى,لل الا,../data/muharaf_prepared_resized/train/train_002614.png,2025-12-13T11:40:11,Sana
train_011063,Script mismatch (non-Arabic),,0.8,BUFFALO STREET.,COOETE,../data/muharaf_prepared_resized/train/train_011063.png,2025-12-13T11:40:16,Sana
train_018521,Script mismatch (non-Arabic),,0.8,Toufic El Bacha,o  Mo,../data/muharaf_prepared_resized/train/train_018521.png,2025-12-13T11:40:18,Sana
train_002294,Script mismatch (non-Arabic),,0.8,MANAGING EDITOR,MA AU,../data/muharaf_prepared_resized/train/train_002294.png,2025-12-13T11:40:21,Sana
train_004409,Valid but hard,,0.8,مبارك,وبالار,../data/muharaf_prepared_resized/train/train_004409.png,2025-12-13T11:40:30,Sana
train_010926,Script mismatch (non-Arabic),,0.8043478260869565,"Ready-made Goods and Ladies' and Gents' Shoes,",s n Gs  s',../data/muharaf_prepared_resized/train/train_010926.png,2025-12-13T11:41:06,Sana
train_007034,Script mismatch (non-Arabic),,0.8181818181818182,.    .    .,..,../data/muharaf_prepared_resized/train/train_007034.png,2025-12-13T11:41:09,Sana
train_021196,Script mismatch (non-Arabic),,0.8181818181818182,Comeiciante,Cotre C,../data/muharaf_prepared_resized/train/train_021196.png,2025-12-13T11:41:15,Sana
train_018621,Irrelevant / signature,,0.8181818181818182,كاترين يزبك,ان,../data/muharaf_prepared_resized/train/train_018621.png,2025-12-13T11:41:18,Sana
train_021172,Script mismatch (non-Arabic),,0.8181818181818182,Comeiciante,Co,../data/muharaf_prepared_resized/train/train_021172.png,2025-12-13T11:41:24,Sana
train_021212,Script mismatch (non-Arabic),,0.8181818181818182,Comeiciante,Co,../data/muharaf_prepared_resized/train/train_021212.png,2025-12-13T11:41:26,Sana
train_004430,Script mismatch (non-Arabic),,0.8181818181818182,DE BEYROUTH,EEEE,../data/muharaf_prepared_resized/train/train_004430.png,2025-12-13T11:41:29,Sana
train_010925,Script mismatch (non-Arabic),,0.82,"Dry Goods, Notions, Clothing, Ladies' Furnishings,",ns s ns Ns s,../data/muharaf_prepared_resized/train/train_010925.png,2025-12-13T11:41:31,Sana
train_016498,Irrelevant / signature,,0.8333333333333334,عضو اسعد طنوس سلوم,عضو,../data/muharaf_prepared_resized/train/train_016498.png,2025-12-13T11:41:34,Sana
train_001446,Script mismatch (non-Arabic),,0.8333333333333334,"247 S. 9th Street,",M tri,../data/muharaf_prepared_resized/train/train_001446.png,2025-12-13T11:41:37,Sana
train_001610,Script mismatch (non-Arabic),,0.8333333333333334,Hotel Dennis,ot,../data/muharaf_prepared_resized/train/train_001610.png,2025-12-13T11:41:39,Sana
train_015332,Irrelevant / signature,,0.8333333333333334,عن عضو ملحم سعيفان,نعض,../data/muharaf_prepared_resized/train/train_015332.png,2025-12-13T11:41:44,Sana
train_003373,Script mismatch (non-Arabic),,0.84,PATRIARCHATUS ANTIOCHENUS,AS FSS,../data/muharaf_prepared_resized/train/train_003373.png,2025-12-13T11:41:46,Sana
train_010928,Script mismatch (non-Arabic),,0.8421052631578947,"MANNINGTON, W. VA.,",NW W,../data/muharaf_prepared_resized/train/train_010928.png,2025-12-13T11:41:48,Sana
train_016041,Irrelevant / non-text,,0.8421052631578947,عضو حبيب نبهان ١٨٨٠,عضو,../data/muharaf_prepared_resized/train/train_016041.png,2025-12-13T11:41:52,Sana
train_016037,Irrelevant / non-text,,0.8421052631578947,عضو حبيب نبهان ١٨٨٠,عضو,../data/muharaf_prepared_resized/train/train_016037.png,2025-12-13T11:41:53,Sana
train_016140,Irrelevant / non-text,,0.8421052631578947,عضو حبيب نبهان ١٨٨٠,عضو,../data/muharaf_prepared_resized/train/train_016140.png,2025-12-13T11:41:55,Sana
train_005495,Script mismatch (non-Arabic),,0.8421052631578947,ARCHEVÊCHÉ MARONITE,S MA,../data/muharaf_prepared_resized/train/train_005495.png,2025-12-13T11:41:58,Sana
train_005516,Script mismatch (non-Arabic),,0.8421052631578947,ARCHEVÊCHÉ MARONITE,SÉ M,../data/muharaf_prepared_resized/train/train_005516.png,2025-12-13T11:42:00,Sana
train_001447,Script mismatch (non-Arabic),,0.8461538461538461,PHILADELPHIA.,DL,../data/muharaf_prepared_resized/train/train_001447.png,2025-12-13T11:42:02,Sana
train_018955,Script mismatch (non-Arabic),,0.8571428571428571,YFS2A-1,AA--4,../data/muharaf_prepared_resized/train/train_018955.png,2025-12-13T11:42:05,Sana
train_016501,Irrelevant / signature,,0.8571428571428571,عضو سليم سعدالله سلوم,عضو,../data/muharaf_prepared_resized/train/train_016501.png,2025-12-13T11:42:11,Sana
train_021030,Script mismatch (non-Arabic),,0.8571428571428571,Miguel Saikali,Mo C,../data/muharaf_prepared_resized/train/train_021030.png,2025-12-13T11:42:14,Sana
train_020296,Script mismatch (non-Arabic),,0.8571428571428571,21.5.68,5-,../data/muharaf_prepared_resized/train/train_020296.png,2025-12-13T11:42:20,Sana
train_021171,Script mismatch (non-Arabic),,0.8571428571428571,Miguel Saikali,Mi,../data/muharaf_prepared_resized/train/train_021171.png,2025-12-13T11:42:27,Sana
train_001771,Irrelevant / signature,,0.8666666666666667,جرجي دمتري سرسق,مصرع,../data/muharaf_prepared_resized/train/train_001771.png,2025-12-13T11:42:31,Sana
train_010924,Script mismatch (non-Arabic),,0.875,"K. JOSEPH BROS.,",.O,../data/muharaf_prepared_resized/train/train_010924.png,2025-12-13T11:42:33,Sana
train_016090,Irrelevant / non-text,,0.88,عضو حسين العلم الحاج يوسف,عضو,../data/muharaf_prepared_resized/train/train_016090.png,2025-12-13T11:42:36,Sana
train_003386,Script mismatch (non-Arabic),,0.88,PATRIARCHATUS ANTIOCHENUS,S A,../data/muharaf_prepared_resized/train/train_003386.png,2025-12-13T11:42:40,Sana
train_016040,Irrelevant / non-text,,0.88,عضو حسين العلم الحاج يوسف,عضو,../data/muharaf_prepared_resized/train/train_016040.png,2025-12-13T11:43:26,Sana
train_016139,Irrelevant / non-text,,0.88,عضو حسين العلم الحاج يوسف,عضو,../data/muharaf_prepared_resized/train/train_016139.png,2025-12-13T11:43:28,Sana
train_016036,Irrelevant / non-text,,0.88,عضو حسين العلم الحاج يوسف,عضو,../data/muharaf_prepared_resized/train/train_016036.png,2025-12-13T11:43:30,Sana
train_016039,Irrelevant / non-text,,0.8823529411764706,رىس سليم باز ١٨٨٣,رس,../data/muharaf_prepared_resized/train/train_016039.png,2025-12-13T11:43:31,Sana
train_002290,Script mismatch (non-Arabic),,0.8888888888888888,"""THE DAILY MIRROR""","D""",../data/muharaf_prepared_resized/train/train_002290.png,2025-12-13T11:43:37,Sana
train_001612,Script mismatch (non-Arabic),,0.8947368421052632,"Atlantic City, N.J.",an,../data/muharaf_prepared_resized/train/train_001612.png,2025-12-13T11:43:39,Sana
train_013487,Irrelevant / signature,,0.8947368421052632,عصو حلىل نعوم الرحى,عضو,../data/muharaf_prepared_resized/train/train_013487.png,2025-12-13T11:43:42,Sana
train_005450,Script mismatch (non-Arabic),,0.8947368421052632,ARCHEVÊCHÉ MARONITE,S M,../data/muharaf_prepared_resized/train/train_005450.png,2025-12-13T11:43:45,Sana
train_016092,Irrelevant / non-text,,0.8947368421052632,عضو حبيب نبهان ١٨٨٠,ضو,../data/muharaf_prepared_resized/train/train_016092.png,2025-12-13T11:43:52,Sana
train_012839,Irrelevant / non-text,,0.9,الجمهوريّة اللبْنانيَة - وزارة الدَاخليّة محَافظة جبَل لبنان,ة لي ن,../data/muharaf_prepared_resized/train/train_012839.png,2025-12-13T11:43:56,Sana
train_010932,Script mismatch (non-Arabic),,0.9,DEALERS IN,AM,../data/muharaf_prepared_resized/train/train_010932.png,2025-12-13T11:43:58,Sana
train_002708,Script mismatch (non-Arabic),,0.9047619047619048,Académie des Sciences,CA d,../data/muharaf_prepared_resized/train/train_002708.png,2025-12-13T11:44:00,Sana
train_003348,Script mismatch (non-Arabic),,0.9090909090909092,MARONITARUM,DA,../data/muharaf_prepared_resized/train/train_003348.png,2025-12-13T11:44:03,Sana
train_002703,Script mismatch (non-Arabic),,0.9130434782608696,Prof. Ign. Kratchkovsky,,../data/muharaf_prepared_resized/train/train_002703.png,2025-12-13T11:44:05,Sana
train_001445,Script mismatch (non-Arabic),,0.9130434782608696,"N. A. MOKARZEL, Editor.",Do.,../data/muharaf_prepared_resized/train/train_001445.png,2025-12-13T11:44:08,Sana
train_001542,Script mismatch (non-Arabic),,0.9166666666666666,Hotel Dennis,o,../data/muharaf_prepared_resized/train/train_001542.png,2025-12-13T11:44:10,Sana
train_001196,Irrelevant / signature,,0.9230769230769232,امين الريحاني,ي,../data/muharaf_prepared_resized/train/train_001196.png,2025-12-13T11:44:19,Sana
train_002292,Script mismatch (non-Arabic),,0.9230769230769232,NEW YORK CITY,f Ee,../data/muharaf_prepared_resized/train/train_002292.png,2025-12-13T11:44:22,Sana
train_001715,Irrelevant / signature,,0.9333333333333332,جرجي دمتري سرسق,رو,../data/muharaf_prepared_resized/train/train_001715.png,2025-12-13T11:44:36,Sana
train_001545,Script mismatch (non-Arabic),,0.9375,Walter J. Bugby.,Wo,../data/muharaf_prepared_resized/train/train_001545.png,2025-12-13T11:44:38,Sana
train_018432,Script mismatch (non-Arabic),,0.9375,Krougar Attallah,oo,../data/muharaf_prepared_resized/train/train_018432.png,2025-12-13T11:44:50,Sana
train_011060,Script mismatch (non-Arabic),,0.9375,"K. JOSEPH BROS.,",O,../data/muharaf_prepared_resized/train/train_011060.png,2025-12-13T11:44:55,Sana
train_016141,Irrelevant / non-text,,0.9411764705882352,رىس سليم باز ١٨٨٣,لس,../data/muharaf_prepared_resized/train/train_016141.png,2025-12-13T11:44:58,Sana
train_016093,Irrelevant / non-text,,0.9411764705882352,رىس سليم باز ١٨٨٣,رئ,../data/muharaf_prepared_resized/train/train_016093.png,2025-12-13T11:45:03,Sana
train_002291,Script mismatch (non-Arabic),,0.9523809523809524,93 WASHINGTON STREET.,MO,../data/muharaf_prepared_resized/train/train_002291.png,2025-12-13T11:45:06,Sana
train_016047,Script mismatch (non-Arabic),,0.9629629629629628,محكمة بدايت قضاء بترون ١٣٠١,ة,../data/muharaf_prepared_resized/train/train_016047.png,2025-12-13T11:45:08,Sana
train_012674,Irrelevant / non-text,,0.9833333333333332,الجمهوريّة اللبْنانيَة - وزارة الدَاخليّة محَافظة جبَل لبنان,ات,../data/muharaf_prepared_resized/train/train_012674.png,2025-12-13T11:45:10,Sana
train_015408,Script mismatch (non-Arabic),,1.0,2,2د,../data/muharaf_prepared_resized/train/train_015408.png,2025-12-13T11:45:12,Sana
train_011013,Script mismatch (non-Arabic),,1.0,BUFFALO STREET.,&,../data/muharaf_prepared_resized/train/train_011013.png,2025-12-13T11:45:14,Sana
train_004909,Script mismatch (non-Arabic),,1.0,8,6,../data/muharaf_prepared_resized/train/train_004909.png,2025-12-13T11:45:22,Sana
train_016330,Script mismatch (non-Arabic),,1.0,6,66,../data/muharaf_prepared_resized/train/train_016330.png,2025-12-13T11:45:31,Sana
train_000770,Irrelevant / signature,,1.0,امين الريحاني,,../data/muharaf_prepared_resized/train/train_000770.png,2025-12-13T11:45:37,Sana
train_016042,Irrelevant / non-text,,1.0,رىس سليم باز ١٨٨٣,,../data/muharaf_prepared_resized/train/train_016042.png,2025-12-13T11:45:39,Sana
train_006775,Script mismatch (non-Arabic),,1.0,9,1,../data/muharaf_prepared_resized/train/train_006775.png,2025-12-13T11:45:48,Sana
train_016191,Script mismatch (non-Arabic),,1.0,4,١4,../data/muharaf_prepared_resized/train/train_016191.png,2025-12-13T11:45:50,Sana
train_000339,Valid but hard,,1.0,جورج,,../data/muharaf_prepared_resized/train/train_000339.png,2025-12-13T11:45:56,Sana
train_010239,Script mismatch (non-Arabic),,1.0,23,ح,../data/muharaf_prepared_resized/train/train_010239.png,2025-12-13T11:45:59,Sana
train_016035,Script mismatch (non-Arabic),,1.0,محكمة بدايت قضاء بترون ١٣٠١,,../data/muharaf_prepared_resized/train/train_016035.png,2025-12-13T11:46:00,Sana
train_004266,Valid but hard,,1.0,ولدكم,ا,../data/muharaf_prepared_resized/train/train_004266.png,2025-12-13T11:46:08,Sana
train_007154,Script mismatch (non-Arabic),,1.0,7,2,../data/muharaf_prepared_resized/train/train_007154.png,2025-12-13T11:46:10,Sana
train_013133,Script mismatch (non-Arabic),,1.0,9,1,../data/muharaf_prepared_resized/train/train_013133.png,2025-12-13T11:46:12,Sana
train_014641,Script mismatch (non-Arabic),,1.0,4,٧,../data/muharaf_prepared_resized/train/train_014641.png,2025-12-13T11:46:31,Sana
train_006695,Script mismatch (non-Arabic),,1.0,7,1,../data/muharaf_prepared_resized/train/train_006695.png,2025-12-13T11:46:33,Sana
train_002287,Script mismatch (non-Arabic),,1.0,OFFICE OF,,../data/muharaf_prepared_resized/train/train_002287.png,2025-12-13T11:46:37,Sana
train_006553,Script mismatch (non-Arabic),,1.0,20,55,../data/muharaf_prepared_resized/train/train_006553.png,2025-12-13T11:47:08,Sana
train_006565,Script mismatch (non-Arabic),,1.0,21,13,../data/muharaf_prepared_resized/train/train_006565.png,2025-12-13T11:47:11,Sana
train_006453,Script mismatch (non-Arabic),,1.0,8,3,../data/muharaf_prepared_resized/train/train_006453.png,2025-12-13T11:47:15,Sana
train_006632,Script mismatch (non-Arabic),,1.0,4,44,../data/muharaf_prepared_resized/train/train_006632.png,2025-12-13T11:47:17,Sana
train_014718,Irrelevant / non-text,,1.0,...,٣٣,../data/muharaf_prepared_resized/train/train_014718.png,2025-12-13T11:47:24,Sana
train_006237,Script mismatch (non-Arabic),,1.0,7,27,../data/muharaf_prepared_resized/train/train_006237.png,2025-12-13T11:47:29,Sana
train_016098,Script mismatch (non-Arabic),,1.0,محكمة بدايت قضاء بترون ١٣٠١,,../data/muharaf_prepared_resized/train/train_016098.png,2025-12-13T11:47:31,Sana
train_012550,Script mismatch (non-Arabic),,1.0,X,1,../data/muharaf_prepared_resized/train/train_012550.png,2025-12-13T11:47:42,Sana
train_012205,Script mismatch (non-Arabic),,1.0,X,2,../data/muharaf_prepared_resized/train/train_012205.png,2025-12-13T11:47:43,Sana
train_006733,Script mismatch (non-Arabic),,1.0,8,3,../data/muharaf_prepared_resized/train/train_006733.png,2025-12-13T11:47:45,Sana
train_017314,Script mismatch (non-Arabic),,1.0,19,١٩,../data/muharaf_prepared_resized/train/train_017314.png,2025-12-13T11:47:48,Sana
train_001444,Script mismatch (non-Arabic),,1.0,of,4,../data/muharaf_prepared_resized/train/train_001444.png,2025-12-13T11:47:50,Sana
train_014433,Script mismatch (non-Arabic),,1.0,9,3,../data/muharaf_prepared_resized/train/train_014433.png,2025-12-13T11:47:52,Sana
train_014408,Script mismatch (non-Arabic),,1.0,7,2,../data/muharaf_prepared_resized/train/train_014408.png,2025-12-13T11:47:54,Sana
train_014367,Script mismatch (non-Arabic),,1.0,4,14,../data/muharaf_prepared_resized/train/train_014367.png,2025-12-13T11:47:56,Sana
train_012332,Script mismatch (non-Arabic),,1.0,9,1,../data/muharaf_prepared_resized/train/train_012332.png,2025-12-13T11:47:58,Sana
train_012258,Script mismatch (non-Arabic),,1.0,5,3,../data/muharaf_prepared_resized/train/train_012258.png,2025-12-13T11:48:00,Sana
train_017093,Script mismatch (non-Arabic),,1.0,5,3,../data/muharaf_prepared_resized/train/train_017093.png,2025-12-13T11:48:02,Sana
train_017136,Script mismatch (non-Arabic),,1.0,8,6,../data/muharaf_prepared_resized/train/train_017136.png,2025-12-13T11:48:04,Sana
train_005991,Script mismatch (non-Arabic),,1.0,19,-1٠,../data/muharaf_prepared_resized/train/train_005991.png,2025-12-13T11:48:06,Sana
train_017221,Script mismatch (non-Arabic),,1.0,14,١٧,../data/muharaf_prepared_resized/train/train_017221.png,2025-12-13T11:48:10,Sana
train_006601,Script mismatch (non-Arabic),,1.5,24,,../data/muharaf_prepared_resized/train/train_006601.png,2025-12-13T11:48:34,Sana
train_005584,Script mismatch (non-Arabic),,1.5,17,,../data/muharaf_prepared_resized/train/train_005584.png,2025-12-13T11:48:36,Sana
train_014554,Script mismatch (non-Arabic),,3.0,4,,../data/muharaf_prepared_resized/train/train_014554.png,2025-12-13T11:48:39,Sana
train_012204,Script mismatch (non-Arabic),,3.0,X,,../data/muharaf_prepared_resized/train/train_012204.png,2025-12-13T11:48:41,Sana
train_017036,Script mismatch (non-Arabic),,3.0,2,,../data/muharaf_prepared_resized/train/train_017036.png,2025-12-13T11:48:45,Sana
train_017036,Script mismatch (non-Arabic),,3.0,2,,../data/muharaf_prepared_resized/train/train_017036.png,2025-12-13T11:48:47,Sana
train_017036,Script mismatch (non-Arabic),,3.0,2,,../data/muharaf_prepared_resized/train/train_017036.png,2025-12-13T11:48:48,Sana
train_017036,Script mismatch (non-Arabic),,3.0,2,,../data/muharaf_prepared_resized/train/train_017036.png,2025-12-13T11:48:49,Sana
train_017036,Script mismatch (non-Arabic),,3.0,2,,../data/muharaf_prepared_resized/train/train_017036.png,2025-12-13T11:48:50,Sana
train_003208,Wrong transcription,,0.64,الفردوسي: صدقوا يا مولاي.,الفردوسي:,../data/muharaf_prepared_resized/train/train_003208.png,2025-12-13T12:08:49,Sana
train_003203,Wrong transcription,,0.64,الفردوسي: صدقوا يا مولاي.,الفردوسي:,../data/muharaf_prepared_resized/train/train_003203.png,2025-12-13T12:08:54,Sana
train_021862,Wrong transcription,,0.75,1898,١8٩٩,../data/muharaf_prepared_resized/train/train_021862.png,2025-12-13T12:09:07,Sana
train_020823,Wrong transcription,,0.8,ميشال,مسالما,../data/muharaf_prepared_resized/train/train_020823.png,2025-12-13T12:09:15,Sana
train_014865,Wrong transcription,,1.0,2,٢,../data/muharaf_prepared_resized/train/train_014865.png,2025-12-13T12:09:18,Sana
train_014756,Wrong transcription,,1.0,8,٨,../data/muharaf_prepared_resized/train/train_014756.png,2025-12-13T12:09:20,Sana
train_013799,Wrong transcription,,1.0,8,٣,../data/muharaf_prepared_resized/train/train_013799.png,2025-12-13T12:09:22,Sana
train_020772,Wrong transcription,,1.4,ميشال,مسال وسان,../data/muharaf_prepared_resized/train/train_020772.png,2025-12-13T12:09:42,Sana
