GroundTruth,Prediction
و 0.172 # و 0.142 على التوالي,و101ر# و25ار على التوالي
من مدخراتهم ، وأجروا مساحات متزايدة # من أرضهم إلى الفلاحين,ن مد خرالهم، وأجردا مساحات قتزايدة # من أرصرهم إلى العلاحين
ومع توسع المتمدين ، وتكريس التعاملات النقدية ، وتعميم اقتصاد السوق ،,ومع توسع المتمدين، وتكريس التعاملات الفقدية ، وتعميم اقتصاد السوق،
الاعصار في المحيط الاطسي ومنطقة الكارببي بالهريكان بينما يسمى نفس الاعصار,الاعصار في المحيط الأطلي وننطقة الكاريبي بالهريكات يينما يسمى نفو الإعصار
أثرا مجمنعين في العرب وكونتا فيها هذه العفلية التي حددها ورسم معالمها في النعوت,أثثرا مجمنمعين في العرب وكونتا فيها هذه العفلية التي حددها ورسم معالمها فيه النخرت
ستهدَف هذا البعث بصفة أساسية تحويو المُسْتوى المَعْرفي والمَهاري لزُرَّاع,ستهدف هذا البعن بصفة اساسية تعويد المستوى المعرفي ولمهاري لزذع
تبلغ مساحة غابات الأمازون والتي تقع في قارة امريكا الجنوبية 7 مليون كيلومتر مربع,تبلغ مساحة غابات الأمازون والتي تقع في قارة امريكا الجلوبية ح هليون كيلومتل مريع
وقد ذكر المسعودي أن قدوم أصحاب الفيل # مكة، كان يوم الأحد لسبع عشرة ليلة خلت من المحرم,وقد ذكر المسعودي أن قدوم أصحاب الضل #مكة، كان يوم الأحد لسيع عشرة ليلة حلت من المحم
تمثل في تخريب شامل للمنازل والمؤسسات الإنتاجية .,ميل في تخريب شامل للمنازل والمؤسسات الإنتاجية.
العادية حيث تشتمل هذه الاوساط على بيئة المعلول الغذائي,العاديه حين تشقمل هذه الاوساط على بيئة المحلول الغذالي
بدأت أستوعب الأبعاد الحقيقية لظاهرة هادي بونر في صباح الثامن من يوليو 2000,بدأن أستوعب الأبعاد الحقيقة لظاهرة هاري بوثر في صباح الثأمن من يوليو900
أنه يبدد الظلام,الة يددد الظلام.
الوسطى . وكان قدر من القانون البحري قد ظل قائما من العهود القديمة,الوسطى. وكان قدر من القائون البحري قدظل قائماً من العهود القديمية
تجتاح العالم المعاصر  .,تجتاع العالم المعاصر.
هو  ما  يؤدى     .,هو ما يؤدي
مع أخيه الإنسان، تفكك أفراد المجتمع، وتصارعوا، وتناهبوا مصالحهم،,مع أخيه الإنسان، تفكك أخراد المجتمع ، وتصارعوا، وتتظهيو امصالحهم،
كلا من المتجادلين في جانب مما يذهبون إليه، إذ أن المعول عليه في هذا,كلاً من المتجادلين في جانب مما يدهيون إليه، إذ أن المعول عليه في هذا
والإفريقى ، مكتسبات آساسية لمغرب اليوم . ومن ثم ، تشكل صيانة هذه المكتسبات في,والإفرييوي ، مكتسبات أياسية لمغرب اليوم. ومن ثمر، تتددل ميانة لعذه الماتسبات في
ضعف عمق العين السداسيه للنحل الغربي،بالتالي يبلغ طول شغالة النحل العملاق,ضعف عمق العين السرأيييه للنحل الغربي # بالتالي يبلغ طول شغالة التحل العملام
ومما يؤسف عليه كثيرا أننا لا نملكـ النسخ الأصلية التي كتبها أولئك العلماء,ومما يؤصف عليه كثيرا أننا لا نملك النسخ الأصلية التي كبتها أويئك العلماء
إنتاج تصنيف واقعي يمكن الاعتماد عليه .,إنتاج تصتيف واقعيا يمكن الأعتماد عليه.
إن إرتفاعها يؤدي إلى زيادة عملية التبخر وذك لان,إن إرتفاعها يؤدي إلى زيادة عملية التبخر وذكك لان
وبأسماء الملوك والأشخاص الذين وردت أسماؤهم في المؤلفات العربية .,وبئماء اللوك والاأتخاص الذينادردت ألما حمم في للالغات الحربية
إلا ان الزياده في تركيزات هذه الغازات التي اطلقت بعد الثوره الصناعيه,إلا أن الزياده في تركيزات هذه الغازات الي اطلقت بعد الثورع الصايه
نظم الزراعة المتلتية الكثافة إلى نطم الزراعة الكتبطة والعالمية الكثافة ، انجه,نظم الزرالمة المتنية الكثافة إلى نظم الزراعة الكتبطة والعالمية الكثافة ، اتجه
للمحافظه على حياتها في الدفاع والهجوم .,للمحافظه على حياتها في الدفاع والهجوم.
درجه حراره مياه البحار والمحيطات اعتباراً من عام 1970 م والتي,ورجه مراره مياه البعار والمحيطات اعتباراً من عام 11990م والتي
تبلغ سعة التخزين لقرص الأشعة الزرقاء خمسين ميغا بايت. أي ستة أضعاف,تبلغ سبعة التخزين لقر ه الأشعة الزرقاء خمسين ميغابايت . أي ستة أصعاف
انتقلت الأسرة # تدريجياً ، من بنية ممتدة و أبوية,انققلتا الأسرة # تدريجياً، من بنبية ممندة وأبويية
لتحديد الكثافة اعثلى للأشجار بحدود 2600 - 4000  شجرة / هـ .,لتحديد الكثافة العثلى للأشجار بمحدود 1005 - 1000 شجرة اه.
"ويستقبل الزوار وعابرى السبيل ،  ثم ""يتعشى "" معهم  ومع أسرته  فى","ويستقبل الزوار وعابري السبيل، ثم ""يتعشى ""معهم ومع أسرته في"
"بوفرة تحت طبقات الرمال والصخور . و أما جبل ""طويق"" فهو مرتفعات تقع في الوسط","بوفرة تحت طبقات الرمال والصخور. وأما جبل ""طويق"" فنهو مرتفعات تقع في الوسط"
رساله سهل بن هارون ابي محمد راهبون الى عمه من آل راهبون جين دموا مذهبه في البخل,رساله سهل ين هارون أى محمد ااهبون الى عمه من ال راجون جين ذمراً ختهبه في انحل
"والقصود  "" ريما"" : ولكن الشاعى نون  الكلمه بالسكى ، وانت التنوين في","والمقصود ""ريماً. ولكن الشاعر نون الككمه بالسكى، واننت التنوين في"
العالية للأشعة . تؤدي عملية الإمتصاص,العالية للاشعة. تؤدي عملية الإحصاص
"مثل حرة ""القوس"" التي قيل إنها كانت ترى كأنها حريق مشتعل، و ""حرة لبن""","مشل حره ""القوس"" التي غيل إنها كانن ترى كأنها حريق مشعل، و""حرة لين"""
خططها  من جهة معينة بل يترك فيها للباحث الحرية,خططها من جهة معينة بليترك فيرها للباحث الحرية
غير تقليدية  بما يىنفي الجديد والذي يعبر عنه بالأصالة العلمية التي,غير تقليدية بما ينفي الجديد والذي يعر عنه بالأصالة العلمية التيه
هي دون القبيلة ، لأنها في منزلة الفروع من الشجرة. ثم اختلفوا في عدد الفروع المتفرعة,هي دون القبيلية ، لأنها في منزلة الفرولا من الشجرة . ثم اختلفوا في عدد الفروا المتفرعة
وكانت نفايات القرن الحادي عشر الطائفية جميعها تقريباً نفايات للتجار ، ولم,وكانت تقابات القرن الحادي عشر الطائفية جميعها تقريباً تقايات للتجار، ولم
وغلافها الغازي يقابلها ارتفاع ملحوظ في عدد وشدة الاعاصير المدمرة .,وغلافها الغازي يقابلها ارتفاع ملحوظ في عدد وشدة الاعاصير المدمدة.
لذلك تقوم البقع الجليدية في القطبين الشمالي والجنوبي وفي جزيرة ايسلاند,لذلك تقوم البقع الجلييوية في القطبين الشمالي والجنوبي وفي جزورة ايسلاند
وبالتالي تداول مآثرهم وأقوالهم وحكاياتهم في هذه المناطق,وبالتالي تداول مآثرهم وأقوالهم وحكاياتهم في هذه المناطق
أو مسرحية شعبية ، أو تزاوج بين هذه الأشكال مجتمعة,أومسوحية شعبية ، أو تزاوج بين هذه الأشكال مجتمعة
يدفعون نفس رسوم الطلبة  الأجانب. وقد قامت مؤخرا المحكمة  الهندية العليا بوضع,حتى ولو ناوا يحملون الجنسيق الحهندية ولكتحم لايسكنون في جمعغورية الهر دانيا:
بلدان شمال  أفريقيا على  استكمال البرامج  الوطنية ، وبلدان  اتحاد المغرب,حيوية كبيرة مهددة بالتصحر. وستساعد الاتفاقية ، عن طريق حفر
وبدون أشعة الشمس و الطاقة عنها لأصبحت الأرض كوكباً بارداً لا يمكن العيش به ولا,وبدون أشعة الشمسى والطاقة عنها لاصجت الأرض كوكباً بارداً لايمكن العيش به ولا
يستعمل غاز ثنائي أوكسيد الكربون بشكله الصلب (الثلج الجاف) في الطائرات للتبريد،,يستعمل غاز ثنائي أوكسيد الكربون بشكله العلب (الثلج إلجاف) في الطائرات للتبريدو
"ذ يك الصخاليف ؟ قلت أجل , قال : حين تجيها و تقرع  ترى القرية دونك . .. فــشكرته وفعلت",ذيك الصخاليف: قلت أجل ، قال :حين تجها وتقرع ترى القرية دويك... فشكرته وععلت
يست نظريات محكمة مثلها مثل نظريات جذب الطلب، تقوم على أساس,يستاتظريات محكمة مثلها مثل نظريات جدب الطلب وتقوع على أساس
في الغلاف الجوي و تساعد على حدوث ظاهرة التغير المناخي لكوكب الأرض بسبب,في الغلاف الجوي ومشاعد على حدوئش ظاهي التغير المناخي لكوكب الاض لسيب
التصحر، ويحصره يشكل أساسي في المناطق الجافة، والمناطق شبه الجافة، والمناطق شبه الرطبة,التصحر، ويحصرهـ يشكل أساس في المناطق الجافة، والمناطق سبه الجاوة، والمناطعر سبه الرطيه
العقبة حتى مصب شط العرب في الخليج العربي، فيكون النفوذ المشالي,العقبة حتى مصبب ثط العرب في الخليج الغري، فكون النقوذ المشالي
وبذلك ترفع من درجه حراره الأرض ويعتمد معامل الانعكاس,وبذلك ترفع من درجه حراره الأرض ويعتجد معامل الاتعكاس
التصحر هو مصطلح إعلامي مبهم وذو دلالات متعددة . وقد دخل,وبجمع هذا رنتوم كميات جغرة منا العل الذي فتهر يفو ائده الطيه في صاظقه
متوسط إنتاج الشجرة من كل صنف ، ومن خلال خربه بعد الأشجا ر في الدونم يتم الحصول على إنتاج الدونم,متوسط إنتاجي الشحرة من كل صنف، ومن خلال خربه بعد الأشجار في الرونم يتم الحصول على إنتاج الدوغ
منه ونصوا على أكثر الفاسد منه. ولم يقل أحد منهم أن الشعر الجاهلي موضوع كله، فاسد أصل له. فدعوى مثل هذه، هي دعوى,منه ونهوا على أكثر الغاس منه. ولم يقل احل منهم إن الشعر الجاهلي موضوع كله، فاسل اصل له. فدعوى هذه، هي دعوى
ويرى أهل الاختصاص في مجالي الأرصاد الجوية,ويرى أهل الاختصاص في مجالي الأرجاد الجوية
فضل البحر والملح تطورات السياحة في هانقو في السنوات الأخيرة، حيث يمكن,فضل البحر والملح نطورات السياحة في هامقو في السنوات الآخيرة ، ميث يمكم
ووصو القديمة ،وفارس، كذلك فإن الوثائق العديدة المكتشفة في بلاد ما بين النهرين .,ووصو القديعة ،وفادس، كذلك فإن الوثائق العديدة المكتثفة في بلادما بين النهرين .
ويقصدون بها جهة الشرق .,ويقصون بها جهة كثرف.
الجنوب الألماني وتورنجرفالد في شرق ألمانيا إلى اصابة مئات ألألاف من السكان بمختلف,الكنوب لألمانن وتور بجرفالد في شرق ألمانيا إلى اصابة مئات ألألاف من السكان بخمتلق
هذه  هي  المنطلقات  الأساسية للحضارة  الوسط ومن الضروري على أصحاب,هذه هي المنطلقات الأساسية للحضارة الوسط ومن الضروري على أسدراب
التي حققت في زمن قصير ما عجزت عنه الأمم المعاصرة عبر # قرون . وقد أكدت إحدى,التي حققت في زمن قصير ما عجزن عنه الأمم المعاصرة عبر # قرون. وقد أكدت إددى
الحرار,الحرار
في لغة الآدب القديم مما لم يعد مستخدما في هذا العصر في النصوص العضيحة ، بينما خلل,في لغة الآدب القديم قمالم يعد مستخدما في هذا العصر في البضوص المضيحة ؛ بينما خلل
إذا أن معدل العوادث الناجمة عنه يفوق معدل الحوادث الناجمة عن,إذا أن معدل العوادث الناجمة عنه يفوق معدل العوادث الناجمة عن
هي أهم عنصر ينمى عملية الإبداع لدى الفرد . التعامل مع التقنيات الحديثة خاصة,هي أهم عنصر ينمي عملية الإبراع لدى الفرد. التعامل مع التقنيات الحريثة حاصية
وهي طبقة متاينة ومشحونة كهربائياً بسبب تصادم,وهي طبقة متاينة ومشحونة كهريائياً بسبب تصادم
قبل الثورة الصناعية .,قبل الثورة الصناعية
اكتساب المحبة بمؤاكلتهم وإن كان أكترائك غامر الاجتهاد سترت نفسك وانفردأت,اكتساب المجبة بمؤا كلتهم وإن كان اكترائك غامر الاجتهاد سترت نسك انعردأن
فيها الآبار .,فيها الآبار.
"الاقطاعية , و أخذوا يطالبون  بأن تحل حكومة مركزية محل القوانين",الاقطاعية ، وأخذوا يطالبيون بأن تحل مكومة مركزية محل القوانين
"والاسقرار، مثل مدينة ""الطائف"" مصيف أهل مكة منذ الجاهلية","والاسقرار، مثل هدينة ""البطائف"" مصيف أهل مكة منذ الجاهلية"
"التعاون #  الجماعي , ومن لا يملك زرعا"" يستطيع في هذا الموسم # أن",التقارن الا الجماعى وومن لا يعلك زرعاً يستطيع في هذا الموسم # أن
طبقة التروبوسفير تقريباً# كامل حجم وكمية بخار الماء الموجودة في الغلاف الجوي,طبقة التعروبوسغيير تقريباًد كامل حجم وكمية بخامر الماء الموجودة في الغلاف الجوي
"الجيولوجية""، فإن باطن الهلال وحدة لا يستطيع فصلها عن تربة","الجولوجيته""، فان باطن الهلال وحدة لا يتبطع فصلها عن تعربة"
الأمكنة المرتفعة منها، التي تتوافر فيها المياه، وتتساقط عليها,الأمكنة المرتفعة منها، التي تتوافر فيها المياه، وتتساقط عليها
بالأطعمه المجلوبة من خارج البلاد ، ويلبسون الثياب الغالية .,بالأطقهه المجلويه من خارج البلاد، ويليسوف الثياب الغاليه.
لها الصانع هي التى تحدد   ماينتجه ، وكانت هذة السوق عامة  أو لأهواء,لها الصانع هي التي تحدد ما ينتجه، وكانت هذه السوق عامة أو لأهواء
و 2% سينح ، و2% بوذيون . الهند مقسمة إلى 28 ولاية وسبع مناطق إتحادية,و1%% سينخ، و2%% بوديون. الهتد قصسمة إلى 25 ولاية وسبع مناطق اتحادية
عدد الاشخاص البالغين سن العمل سنويا ، باطراد كما سيصبح عدد السكان,عدد الاشغاص البالفين سن العمل سنويا، باملراًد كما يسيصيح عدد السكان
اعلى تركيز لطاقة الأمواج بين خط عرض  40 إلى 60  درجة.,اعلى تركيز نطاقة الأمواج بين خط عرض 10 إلى 10 درجة.
الاختيارات الأساسية للدولة مجهودات جبارة : مشاورات وطنية,الاختيارات الأساسية للدولي مجهودات جبارة : مشاورات وطنيه
الدراسه في الهند  لاتقل جوده عن قوة  الدراسه في بريطانيا  او امريكا او كندا  ،,الدراسه في الهند لاتقل جوده عن قوة الدراسه في بريطانيا اوامريكا او كندا،
الاسلام عن الجاهلية،إلا إذا وقفنا بها إلى حدود القرن السادس للميلاد,الاسلام عن الجاهلية، إلا إذا وقفنابها إلى حدود القرن السادسس للميلاد
وتفشي الأمراض والأوبئة,وتفشي الأمراض والأوبئة
وسائله العلمية في التطبيق - بأن العلم يتعدى كونه عملية تحصل نظري تجريدي و,وسائله العلمية في التطبيق - بأن العلم يتعدى كونه عملية تحصيل نظري تجريدي و
الوسطى المحصورة بن أقسم عهد من عهود تأريخ اليمن.,الوسطى المحصورة بن أقسم عهد من عهود تأديخ اليمن.
توجد بلادنا اليوم في وضعبة انتقال ديموغرافي يتجسد في تباطؤ,توجد بلادنا اليوع في وقبية انتعال ديمو غرافي يج ميد في نبأطلوا
أكثرمما هو ملاءمة للتدبير التنمية المحلية . وبالفعل ،ففي سنة 1960 كان,أكثرمما هو ملاءمة للتدبيل التيمية المحلية . وبالفعل، ففي سنة 1990 كان
في حوض اللغة العربية الممتدة من الأطلسي إلي الهضبة الإيرانية,في حوض اللفة العربية الممتدة من الأطلسي إلي الهضية الايراية
فتركوا لنا فجوات و ثغرا لم نتمكن من سدها وردمها حتى الآن، ولا سيما في تأريخ,فتركو النابجوات وتغرا مرنتمكن من سدها وودمها حتى الآن، ولاسيما في تأريخ
"شرع في أيام "" عمر "" بتسجيل النسب","شرع في أيام ""عمر"" بتسجيل النسب"
ومنزله.,وفتزله.
وتتكون تلال مهد ذهب من الحجاره المترسبه التي تعرضت لتغيرات طبيعيه عديده،,وتتكون تلال مهد ذهب من الححاره المترلسبه التي تقرضت لتغيرات طبيعيده عديك،
و الثقافية السائدة فى هذة المناطق ، ومن السهل فعم أن الأراضى الجافة وشبة الجافة,والثقافية السائدة في هذة المناطق ، وهن السهل فهم أن الأراضي الجافة وشبه الجافة
أما السواحل ،فخلقت من سكانها ربال البحر، يحبون ركوب البحر واستخراج ما,أما الصعوايل، فخلقت من سكانها ربال الدحر، يحبون ركوب السحر واستخراجما
غالت في المادية والاهتمام بالمادة وكان دورها.,غالت في المادية والاهتمام بالمادة وكان دورها.
فيظهر من خلال فجواتها وجه الأرض الأصليه .,فيظهر من خلال فجواتها وجه الأرض الاصليه .
الغابات ، ونظم الإعتناء بالأشجار ونحسين السلا لات ، وهذا يساهم بدوره,الغابات ؛ وتظم الإعنتاع مالأشجار وتحسين السلالات ، وميدا يساهم بدوره
حقوق التصميم.,حقوق التصمم
أن يعني الادب الشعبي، أدب الانحلال والتبذل والانحطاط ويتفق مع هذا المعنى الدكتور,أن يعني الادب الشعبي، أرب الاغلال والتبذل والانحطاط ويتفق مع هذا المعتى الدكتور
العهد بأمد، وربما كان قبل الألف الثاني قبل الميلاد,العهد بأمد ، وربعاكان قبل الألق الثاني قبل الميلاد
الأمور قيل أن توصله إلي قال : لا. قال: فلم اخترته على جميع من رأيته قال: يومنا يوم,الأمود قيل أن توصله إلي قال: لا. قال: فلم اخترته على جميع من رأيته قال: يومنا يوم
السنن غير أنها لم تصنع بأيدي الأسطوات.,السنن غير أرها لم تصنع بأيدي الأسطوات.
و طول النهار ؛ لذاقا لوا عن اليوم العصيب : هذا يوم لحبوم الحصاد .,وطول النار؛ لذاقالواعن اليوم العصب : هذا يوم لجدوم الىهاد.
عليه الطعام ونحن نأكل . وكان أبخل من خلق الله . قال:,عليه الطعاع ونحن نأكل. وكان أبخل من خلق الله. قال :
والذي تشهد علية أبراج هذه العمارة على جبال  السعيد وفي حدود مملكة سبأ,والذي تشهد علية أراج هذه العمارة على جبال السعيند وفي حدود مملتة سباً
30%من سكان العالم اي مايعادل مليار ونصف شخص في مثل هذا النوع من العمارة,10%% من سكن العالمم اية ما يعادل مليار ونصف شخص في مثل هذا النوع من الحمارة
اما الغاز الطبي : فىغير من انطف امعادر الإحفوريه للطافه وىحتدى على وحدار,اها الغاز الصيي : ضغي من انطف المصادر الاحنوريم للطاق وكتر على رحدار،
سيد إقطاعي  ، ويتحقق من شخصيتــه ، ويستولي عليـــه من أرقاء ارضــة,سيد إقطاعي، ويتحقق من شخصيته، ويستولي عليه من أرفاء ارزهية
بعكس كميات كبيرة من الاشعة الشمسية وبذلك تقوم بتخفيض درجة حرارة,بعكس كميات كبيعة من الاشعة الشمسية وبذلك تقوم بتمخضيعا درجة حرارة
"هذا  اللون هو أيضا"" تطوير للمربع ، بمضاعفة بيت المربع المكون من بيتي شعر ، أي أربع شطرات ليصبح",هذا اللون هو ايضا تطويد للمربع؛ بمضاعفة بيت المربع المكون من ببيي شعر، اي اربع شطرات ليصبح
الحـــاسبه و في تشغيل أبراج الإرسال.,الحاسه وفي تشغيل أيراج الإرسال.
الشمس فلا ظل لها  ،ويطلع القمر والنجوم فلا حائل، تيعث,الشمس فلاظل لها، ويطلع القمرو الفجوم فلاحائل. تيعث
عندما أدت الأمطار الشديده التي بلغت شدتها 312 لتر/مترمربع/يوم #. الى فيفانات,عنوما أدت الأصطار الشريده التي بلفق شرتها 155 لتر) متر مربع يوم #. الى فيفانات
لقد كانت ظروف الحياة مشاقة،وقاسية ، ولكن الأنسان كان يعيش في حالة توازن,لقد كانت ظروف الحياة شاقه، وقاية، ولكن الأنصان كان يعيمن في حالة توازن
واستخدامها كتطبيق عملي تكنيكي في الواقع يستغرق آلاف السنين,واستخدامها كتطبيق علي بكتيكي في الواقع يستغرق آلاف السنين
أننا نعلم أن الذاكرة لا يمكن أن تحفظ نصا بالحرف الواحد إذا,أننا ذصلم أن الذالرة لا يدكن أن تحفظ ذصا بالحرف الواحد إذا
التروبوسفير . تعمل الأحياء الدقيقه مثل الفطريات والخمائر والطحالب,التروبوسغير. تعمل الأحياء الدقيقة مثل القطريارت والخماثر والصحالد
فيها يؤثر في حدوث بعضاً من هذه الكوارت البيئيه الطبييه، فعلى سبيل المثال يتسبب لإنسان,فيها يؤثر في حدوت بعضاأً مر هذه الكوارت البيئيره الطبيييم، معلى سبيل المتال يتسب الإنأم
ثم يجمعون      خيوطهم . فإن أعادوا الملازقة أعادوا تلك الخيوط لأنها قد تشربت,ثم يصمعون خيوطهم. فإن أعادوا الملارقة أعادرا تلك الخيوط لأنها قد تشوبت
البوادي عندهم، حتى جعلها عالماً خاصاً # يقابل عالم الحضارة,البوادي عندهم، حتى جعله عالماً خاصاً # يقابل عالم الحصاره
المحيطات و البحار و البحيرات و الانهار و الغلاف الصخري و التربة,المحمطات والبحار والبحرات والانهار والغلاف الصخري والتربة
بالبيئة ينتبهون للخطر الجديد الذي يمكن أن يحصد أرواح الالاف من البشر خلال,بالبيئة ينتبهون للخطر الجديد الذي يمكن أن يعصد أرواح الالاف من البشى خلال
لفتح بلاد العرب و ما كان من اخفاقه . و لاخبار هذه الحماة التي دونتها,لفتح بلاد العرب وما كان من اخفاقه . ولاخبار هذه الحماة التي دونتها
"و أود أن ألفت أنظار العلماء إلى أهمية روايات ""وهب بن منبه"" وأخبار","وأود أن ألفت أنطار العلماء إلى أهمية روايات"" وهب بن منبه وأخبار"
منفعة كبيرة، و بالتالي سيتحصل على شهرة كبيرة أيضا، كما تهدف إلى المساهمة,منفعة كبيرة روبالتالي سيتحعل على شمرة كبيرة أيفار كما تعدف إلى المسامعة
بالزراعة المستدامة والتي تراوحت بين 19 درجة في حدها الأدنى,بالمزراعة المندامة والتي تراوحت بين 10 درجة في حدها الأدنى
"واعتمدت على الوسائط  المتعددة, وبلغ عدد الطلاب في كل الدورات",واعتمدت على الوسائط المتعددة . وبلغ عدد الطلاب في كل الدورات
#و تساهم كمصدر مهم للطاقة والمواد الخام،كما لعبت الغابات على مد العصور دوراً حصرياً,## وتساهم كمهدر #م للغاقة والمواد الخام، كما لعبت الغابات على هر العصور دوراً حمرياً
عن إضافات حضارية .,عن إصافات حصارية..
وتعد حالات المناخ محصلة وتراكم لحالات الطقس قصيرة الامد.,وتعل حالات المناخ محصلة وتراكم لحالات الطقس قصيرة الأمل.
ن المخطط ، الأقاليم الرئيسية في العالم التي تستعمل التراب في البناء إذا يعيش,ن المخللط، الأقاليم الرئيسية في العالم التيي تستعمل التراب في البناء إذا يحيةم
هو قليل لا يكفي لإعطاء أحكام علمية عن حيوانات جزيرة العرب في العصور البرنزية و الحديدية و الحجرية,هو قليل لا يكفي لإعطاء ألكام علمية عن حيوانات جزيرة العربفي العصور البجرنزنة والحديدية والعجرية
الحين ، أعلنت التربية أسبقية وطنية أولى ، بعد  الوحدة الترابية. وإلى غاية اليوم ، بذلت,الحين ، أعلنت التربيه أسبقية وطنية أولى ، بعد الوحدة الترابية . وإلى غاية اليوم ، بذلت
المنهج # الدراسي ، يتوجب على فريق التدريس أن يعروا بعض التعديلات .,المنهج طا# الدراسي ، يقوجب على فريق العدريس أن يجريوا بعض التعديلات .
نهر الفرات الغربية، و امتدوا في البادية حتى بلغوا أطراف,نهر الغرات الغرببية ، وامتسدوا في البادية حتى بلغوا أطراف
"عاصمة ""قتبان"" ولمعبدها الشهير ولبقايا مقبرتها، وعثرت على كتابات",عاصية قببان ولمعيلها الشهير وبقاي مقبرتها، وعثرت على كتابات
الهواء .,الهواء.
وقد اخذ  ابن خلدون هذه  النظرية  واعتبرها  محوراً  لافكاره عن التاريخ,وقد اخذ ابن خلدون هذه النقرية واعتبرها محوراً لأفعاره عن التارنخ
خلال الخمسين سنة الفارطة ، حيث اتسم النمو الاقتصادي بالفتور ، منذ سنة 1955،و بضعف,خلال الخمسين سنة الفارطة ، حين اتم النمو الافتصادي بالفتور، منذ سنة 1990 و بضعف
و أما الحدود الشمالية، فغير ثابتة بل كانت تتبدل بحسب الأوضاع السياسية.,وأما الحدود الشملية ، فغير ثابتة بل كانت تتبدل بحسب الأوضاع السياسية.
هذه المشكلة تمس كل مناطق العالم (الجدول 2). ويحدد التعريف الوارد في جدول أعمال القرن 21 نطاق,هذه المشكلة تمس كل مناطق العالم (الجدول 1). ويحدد التعريف الوارد في جدول اعمال الغرن إ# داق
أما الان ،فهي خرائب,أما الان ، وهي حرائب
وفي الشعر الجاهلي الواصل الينا، شعر صحيح وشعر موضوع منحول حمل على الشعراء. وقد شخص أهل الفراسة بالشعر الصحيح,وفي الشعر الجاهلي الوامل إلينا، شعر محيج وشعر موضوع منخول حمل على الشعراء. وقد شخص أهل الغوراسة بالشعر المجبيع
كيلومتراً في الساعة من إثارة الطبقات الرملية الخفيفة.,حيلومتراً في الساعة من إئارة السطبفات الرملية الحفيفة.
مثل وادي القرى في الحجاز، والأحساء على الخليج العربي . وفي الأودية والأماكن التي تكثر فيها,مثل وادي القرى في الحجاز ، والأحساء على الخليج العربي . وفي الأودية والأماكن التي تكثر فيها
دلت على أن هناك آراء مختلفة حول أصل النحل العامل،وعدد وتوزيع وتسمية,ولت عل أن هناك آراء مختلفه حول أصل النحل العاملل، وعدد وتوزيع وتسميية
تعطينا فكرة أقرب للوضوح عن الفكر البشري ، و تطوره عبر الاجيال ،,تعطينا فكره أقرب للوضوح عن الطاء البشري ، وتطوره عبر الاجيال ،
الجزيرة حاليآ بالقطيف عبر الخليج قد قامت الحكومة السعودية,الجزيرة حالياً بالقطيف عبر الخلبج قد قامت الحكومة السعودية
عندها درجات الحرارة ضمى الحدود الطبيعية، وقد مركوكب الأرض باخر,عندها درجات الحرارة فمى الحدود الطبيعية، وقد مر كوكب الارم باحر
ومن الأمثلة على ذلك مفاعلات الماء المغلي و مفاعلات الماء المضغوط ،,ومن الأمثلة على ذلك مفاعلات الماء المغلي ومفاعلات الماء المضفدط.
حيث يعتمد هذا النظام على زراعة النباتات في فنوات بلاستبكية,حيث يعتمد هذا النظام على زرعة النباتات في فنوات بلاستكية
ولحد يومنا هذا. يختزن النبات الطاقه الشمسيه بعمليه التركيب الضوتى,ولحد يومنا هذا. يختزن الئبات الطاقه الشمسيه بعمليه التركبب الضوئي
من الضروري بلورة إستراتيجية جديدة، لإعادة تنظيم قطاع الصحة العمومية وتمويله وتدبيره، بغية إيقاف,من الضروري بلورة إستواتيبية جديدة، لإعادة تتظيم قطاع الصحة العمومية وتمويكه وتدبيره، بغية إيقان
الى تأخير مرود الكرة الأرضية بالعصر الجليدي الطبيعي القادم,الى تأخير مرود الكرة الأرضيية بالعصر الجليدي الطبيعي القادم
فقال له صاحبه : لولا أني أعلم أنك آكل مني لأدخلت لك هذا الكلام,فقال له صاعبه : لولا أني أعلم أنك آكل مثي لأدخلت للأهذا الكلام
في معدلات درجات الحرارة السنوية و التلوث الهوائي و نقص المياه يؤثر سلباً,في معدلات درجات الحرارة السنوية والتلوق الهواي ونفصى المياه يؤلر سلياً
وذلك بعدف تطوير نوعية التعليم ومستواه في دولة اسبانيا . ملامح تعليمية,وذلك بعدف تطوير نوعية التعليم ومستواة في دولة اسبانيا . ملامح تعليميته
"ولقد قال ""كولد تزهير"" و ""بروكلمن"" بوجود أثر فارسي في ظهور علم التأريخ عند المسلمين","ولقد قال"" كولد تزهيد"" و""بروعلمن "" بوجود أثر فارسي في ظهور علم التأريخ عند المسلمين"
من عوادم الأليات,من عوادم الأيات.
الكليات في جمهورية الهند . وان ادارتهم تكون من قبل الولايات .,الكعيات في جمهورية الهند. وان ادارتهم تكون م قبل جكوقة الولايات .
فإذا حان وقت النوم وضعت الحشيات على الأرض أو على أسّرة منخفضة من الخشب,فإذا حان وقت النوم وضعت الحشيات على الأرض أوعلى أتسرة منخفضة من الحشب
نزل بها القرآن الكريم، وباللهجات اليمانية و بالمعلومات الجغرافية المدّونة في الكتب العربية،,نزل بها لقرآن الكريم، وباللهجان اليماية وبالمعلومات الجغراقية المتونة في الكتب العريية ،
في كل اللغات السامية ولم تكن نفهم إلا بهاذا المعنى,في عل اللفات السعامية ولم تكن نفهم إلا بهازاالمعى
مدة ثلاث سنوات ودرجة الماجستير في مدة سنتين وتتراوح,فدة ثلات سنوات ودرجة الكاجتير في مدة سنتين وتتراوح
الحضارة  الوسط .,الحضارة الوسط.
"أنه لم يكن ملما بها # إلماما كافيا . وقد ذهب ""البرايت"" إلى أن","أنه لم يكن ملمابها # إلماما كافيا. وقد ذهب""البرايت"" إلى أن"
العضوية والسلطان، فكان في الدرجة السفلى منها صبي التمرين الذي يبلغ العاشرة,العضوية والسلطان، فكان في الدرجة السغلى مها صبي التمرين الذي يبلغ العاشرة
كان تاجرا من التجار الذين كانوا يطرفون في هذه الأنحاء للاتجار، ولم,كان تاجرا من التجار الذين كانوا يطرفون في هذه الأنحاء للاتجار، ولم
"جون نوتن ، مراسل الأنترنت المحنك لدى صحيفة الأوبزرفر ، أن ""الجزء المؤشر","جون نوتن ، مراسل الأنترنت المحنك لدى صحيفة الأوبزرفر، أن ""الجزء المؤشر"
الطاقه الكيميائيه : وهي الطاقه التي نربط يين ذرات يعضها ببعض,الطاقه الجيميائيه : وفي الطاقه التى نريطين ذرات يعضها بيصفى
"نهر النيل في ""العربية"" أي بلاد العرب .","فهر التيل في ""العربية"" أي بلاد العرب."
"إطلاق لفظة ""مؤرخ"" و ""المؤرخ"" و ""تاريخ"" بصوره واسعة في هذا العهد، وفي","إطلاق لفظة ""مؤرخ"" وألعؤرخ"" و""تاريخ بصوره ولسعه في هذذا العهد، وفي"
الزراعة بدون تربة فهو يشمل جميع الأنظمة السابقة بالإضافىة إلى نظم الذراعية,الزراعة بدون تربة فهو يسمل جميع الأنظمة السابقة بالإضافية إلى نظم الذراعية
الثاني عشر من تموز عام 2003,المثاني عيشر من تموز عام 1000
من وجهة نظرنا ما جعل الررح التي تنود في كثير من القصائد الشعبية المعاصرة,من وجهة نظرنا ما جعل الروح التي تمود في كثير من القصائد الشعبية المداصرة
"فالمسرح وهو ما يدعونه "" أبو الفنون ""، لأنه يجمع كثيراً من الفنون الجميلة، فيوجد في الفن المسرحي","فالمسرح وهو ما يدعونه"" أبو الفنون""، لأنه بجمع كثيراً من الغنون الجميلة، فيوجد في الفن المسرجي"
هدفت إلى تحسين الأصول والأصناف المستخدمة وطرق التربية وتطوير,هدفت إلى تحسين الأصول والأصناق المستخدمة وطرق التربية وتطوير
تمناز الكتله الحيويه بسهوله نفلها وخزنها.,تمناز الكثله الجيويه يسهوله نفلها وخزنها.
ومن الاهتمام والعناية بالأشجار من جعة أخرى  .,ومن الاهتمام والعناية بالأشجار مند جعة أخى.
وتتكون أعلب الأرضين في جزيرة العرب من بواد وسهول، تغلب عليها الطبيعه الصحراويه، لكن قسماً كبيراً منها يمكن إصلاحه,وتتكون أعلب الارضين في جزيرة العرب من بولد وسهول، تغلبب عليها الطبيعه الصحراويه ، لكن قسماً كبيراً منها يمكن إصلاحه
كثيره  والقناطر قليلة . وكانت الأحمال تنقل على ظهور البغال أو الخيل,كثيره والفاطر قليلة . وكانت الأحمال تنقل على ظهور البغال أو الخيل
ولقد كان من بين نتائج التأخر الذي حصل في إدماج مثل هذا المنطق ، هيمنة تدبير يعاني,ولقد كان من ين نتائج التأخر الذي حصل في إدماج مثل هذا المنطق، همنة تدير يعاني
المياه العذبة السطحية والجوفية بسبب تزايد حالات,المياه العذية الطجية والجوفية ببسيب تزايد جالات
لنموذج جديد من التعليم الخاص ، ترتكز فلسفته على مبادئ تطبيع العاجزاو المعاق حتث,لتموذج جديد من القليم الخاصب، ترتكز فلسفته على مبادى تطبيع العاجزا والمعاق حتب
"التى تحويها الفضلات الإشعاعية والمساحة اللازمة لخزنها يعتبر صغيراٌ ,",الق تحويها الفضلات الإشعاعية والمساحة اللازقة لخرنها يعتبر صيعيراً،
و مع ذلك  وبالإضافة إلى الانحرافات والممارسات غير القانونية ، يمكن  تسجيل أشكال,ومع ذلكك وبالإضافة إلى الاغرافات والمارسات غير القانونية ، يمكن تسجيل أشكل
وتغيض مياهه في الرمال في مواضع,وتغيض مياهه في الرمال في مواضع
محعول نباتي يتكون من مواد عفوية هيدروكربونية تولد حين احتراقها غاز,محصول نباتي يتكون من مواد عضوية هيد روكربونية تولد حين احتراقها غاز
المكان كان منجماً للذهب قبل الإسلام.,المكان كان منجماً للذهب قبل الإملام.
اليوم هو أن تكون واحدا من أكثر الأحياء حظا.,اليوم هو أن تكون واحدا صن أكثر اللأصياء حظا.ار
ألفاظها بطرق تؤدي  غرضه وتعبر عن مكنونـــه,ألفاظها بطرق تؤدي غرضه وتعبر عن مكنونه
كلاً منهم من استعدادات خاصة . ووفق هذا الأساس,كللاً منهم من استعدادات خاصة. ووفق هذا الأساس
انتاج كميات من الغذاء والأدوات التي تزيد عن الحاجة،عندها دخل في مجال التجارة,انتاج كميات من الغذاء والأدوات التي تزيد عن الحاجة، عندها دخل في مجال التجارة
المرحلة إلى دورتين، مدة كل منهما ثلاث سنوات .الهدف من هذه المرحلة  ويتلخص الهدف من التعليم في هذه المرحلة في الآتي: 1 ـ تنمية,المرحلة إلى دورين ، مدة كل منهما ثلات سنواك . الهدف من هذه المرحلة ويتلخص الهدف من التعليم في هذد المرحلة في الآتي: ! - تنعية
"رأى من كثرة الثعابين في الأماكن التي نزل بها في جملتها ""وادي السرحان"" .","رأنى من كثرة التعابين في الأماكن التي نزل بها في جمتها""وادي السرحان""."
أهم النتائج التي تم التوصل إليها من خلال آراء المختصين في مجال أصل وتصنيف النحل ،,أهم التتاجج التي تم التوصل إليها من خلال أراء المختصيلة في مجال أصل وتضيق النحل ،
# بالتالي مواد تتحول من شكل إلى آخر نتيجة تفاعلها مع غيرها من المواد الكيميائية وتؤدي,ها بالتاي مواد تتمول من شكل إلى آخر نتيجة تقاعلها مع ئيرها من المواد الكيميائية ونؤدي
من جانب اخر اثبتت التقارير العليه الصادره عن الاكاديميه,من حائب آحر اثبتت التقارير العلميه الصادره عن الاكادبميه
للمحيطات واليحار واليحيرات والأنهار وعملية النتح للغطاء للنبائي,للمحيطات واليحار واليحيرات وللأنهار وعملية النقح للظطاء للنيائي
أرفف المكتبات أو أنها ستخدم مجتمع آخر وهو الذي اقتبست منه أفكار,أرفف المكتبات أد أنا ستخدم مجتمع آخر دهو الذي اقتسبت منه أوكار
على  الصُعد  دون الإقليمة والوطنية والمحلية .  وتشير  مختلف  التقارير,على الصعد دون الإقليمة والوطية والمحلية . وتشير مختلف. التقارن
شهد القرن الماضي إرتفاعاً ملحوظاً في معدلات درجات الحرارة,شهد القرن الحاضي إرتفاعاً ملحوظاً في معدلات درجات الحرارة
يعلن أن الخبرة في مجال نظم الزراعة الكثيفة والعالية الكثافة اتاحت المجال,يعلن أن الحهرة في مجال نظم الزراعة الكثيفة والعالية الكثافة إتاحت المحال
درجة حرارة منخفضة وإنعدمت سبل الحياة فيه. تدور الأرض في فضاء,درجة مرارة منخفضة وإنعد مت سبل الحياة فيه . تدور الأرض في فضاء
# ففي الماضي كان الأنسان يعيش حياة بسيطة ، تنحصر في فلاحة الأرض وزرعها,ف فضي الماضي كان الأنمان يعي حياة بميطة، تفخصر في فلاحة الأر وزدعها.
يرينا أن التقدم المادي قفر الى اعلى الصفحه بينما الاخر يراوح نقطه,يرينا أن التقدم المادي قطر الى اعلى الصفمه بينما الاخر يراوح نقطه
على مصادر المياه والأراضي الزراعية  .,عاى مصادر المياه والأراضي الزراعية
والفلور محل ذرات الهيدروجين في المركب العضوي ويرمز لها بالرمز,والغلور محل ذرات الهيد روجين في المركب المعضوي ورمزطا بالرمز
ولكنني على الرغم من ورود هذه الأخبار لا أستطيع ان اقف منها,ولكتبي على الرغم من ورود هذه الأخبارلا أستطيع إن اقف منها
هذه النويعات أو السلالات الجغرافية حسب التوزيع الجغرافي أو اللون,هذه النويعات أو السلالات الجغرافيه حصب التوزيع الجغرافي او اللون
"و قد أفرد "" سترابون"" في جغرافيته فصلاً خاصاً من الكتاب السادس عشر","وقد أخرد ""سترابون"" في جغرافيته فصلاً خاصاً من الكتاب السادس عش"
الناحية  ماكانت عليه اشعاد الجاهلية من حفولها بشواهد الغريب ولهجات القبائل  والمباني,الناحية ماكانت عليه اشعار الجاهلية من حفولها بشواهد الغريب ولهجات القبائل والمباني
كتاب صغير ذو عنوان فرعي مخيف  .,كتاب صغير ذو عنوان فرعي محيف.
العالية كلما اقتربت درجة الحرارة إلى الصفر المئوي او,العالية كلما اقتربت درجة الحرارة إلى الصغر المئوي او
الموجودة في الصحراء أدى إلى استغلالها بشكل شيئ,الموجودة في الصعراء أدسى إلى استغلالما يشكل شيئ
تتمثل مخاطر النقبر المناخي و إرتفاع معدلات درجات ااحرارة بتأثيراتها السلبية على النباتات,تتمثل مخاطر النقبر الماخي وإرتفاع معد لات درجات الحرارة يتأثرتها السلبية على النباتات
في السنوات الاخيرة، إطلاق مجموعة من الأوراش والإصلاحات التشريعية والتنظيمية والمالية,في السيوات الاخيرة ، طلاق لجموعة من الأوراش والإحلاحات التشريعيه والتنطيهية والماليه
رابع المنطلقات الأساسية للحضارة الوسط  هو أن تكون قوية قادرة على الدفاع عن نفسها,رابع المنطلقات الأساسية للحضارة الوسط هو أن تكون قوية قادرة على الدفاع عن نفسها
التحويل الكهروضوئي :و يعتمد على مبدأ تحويل الأشعاع,التحويل الكهر وضوئي : ويعتمد على ميدأ تحويل الأشعاع
الملاحظة والاستكشاف للأجواء المحيطة بهم من طبيعة وأسرة ومجتمع. 5 ـ بث الثقة في الأطفال وتشجيعهم على التحلي بالمبادرة في أعمالهم .,الملاحظة والاستكشاف للأجواء المحيطة بهم من طبيعة وأسرة ومجتمع . 2.بث الثقة في الأطعال وتشجيعهم على التحلي بالمبادرة في أعالهم .
والبحر العربي- من وقوع الأمطار في اواسط بلاد العرب,والبحر العربي- من قوع الأعطار في اواسط ببلاد العرب
والذي يعنيه ما سبق أن الفن الإسلامي مذهب مستقل، يتباين,والذي يعنيه ماسيق أن القن الإسلامي مذهب مستقل، يتباين
قلك - في بريطانيا ، على سبيل المثال ، أحد المواقع المسؤولة مثل فولبس ليبريس -,قلك - في بريطانيا، على سييل مشال ، أحد المواقع المؤولة مثل فولبي ليريس -
"كانوا قد سمعوا يما ود د عن حادث ""نجران"" من أخبار. وقد ذكر أن",كانوً قد سمعوا بما ودد عن حادث تجرات من أخبار وقد ذكر أن
وقتل بالدواء . فترقيع الثوب يجمع مع الإصلاح والتواضع . وخلاق ذلك يجمع مع الإسراف التكبر,وقتل بالدواء . فترقيع الثوب يحمع مع الإصلاح التواضع . وخلاق ذلك بجمع مع الإسدراق التكبر
وهكذا تنوعت التسميات .,وهكذاً تنوعت التسميات .
الداخلة الى الغلاف الجوي لكوكب الأرض بينما يسمىح بمرور الأشعة الحراريه,الداخلة إلى الغلاق الجوي لكوكب الأرض بينما يسمح بعرور الأشعة الحراريه
واللغة المحلية الرسمية، وكذلك الإتقان لإحدى   اللغات,واللغة المحليه الرسمية، وكذلك الإتقان لاحدى اللغاق
جيل جديد من الكتاب - هاري، كوي ، كونى ، و مونيكا علي ، عيران ديساى ؛بيترهو ديفيز ،,جيل جديد من الكتباب - حاري، كونى، و مونيكا علي، عيران ويساع ؛ بيترهو ديغيز،
سن السادسة عشرة دراستهم المتقدمة سواء .,من السادمه عيثرة دراتهم القدقة سواء.
الطاقة الشمسية : وهي مصدر للطاقة لا ينضب ، ولكنها تصل الينا بشكل,الطاقة الشمسية : وحي مصدد للطاقة لا ينضبب، ويكنها تصل الينا يشكل
إن أشعة الشمس التي تصل للأرض هي المعدر الأساسي للطاقة ومنها تستمد الأرض الحرارة,إن أشعة الشمس التى تصد للأرض مى المعدر الأساسي لدطاقة ومنها تستمد الأرض الحارة
ولا أعتقد إن عناية العرب المسلمين بحديث رسول الله كانت,ولا أعتقد إن عناية العرب المسلمين بحديث رسول الله كانت
في الأقتصاد الياباني  .  ولتجنب قائمة طويلة من الأسباب ،,في الاقتصاد اليلاتي . ولتجنب قائمة طويلة من الأشباب،
يبلغ عدد سكان الكرة الأرضية حالياً أكثر من ستة مليارات نسمة موزعين,يبلغ عدد سكان الكرة الأدضية حالياً ألثر من ستة مليارات نسمة موزعين
وكان يأكل وحده فقلت له : لم تأكل لوحدك قال: ليس علي في هذا الموضع مسألة.,وكان يأكل وحده فقلت له: لم تأكل كوحدك قال : أيس علي في هذا الموضع مسألة .
"من سلطان  ومع ذلك تمكن من الحصول على ""255"" نقشاً رجع بها إلى أوروبه .","من سلطان. ومع ذلك تمكن من الحصول عى ""225 ""نقساً رجع بها إلى اوروبه."
الى اليابسه يقوم بإقنلاع الاشجار رنهدم البيوت واقتلاعها,الى البابه لقوم بإقنلاع الاشجار تهدم البيوت واقتلئيا
التصدي للمشاكل التي ما تزال عالقة ، باعتماد استراتيجيات,التصدي للمشاكل التي ما تزال عالقسة ، باعتماد استرايتجيات
وعندما حاول قراءتها لم يتمكن من ذلكـ فوقع في أوهام، وجا بأمثلة من ذلك,وعندما حاول قراءتها لم يتمكن من ذلك فوقع في أوهام وجا بأمثلة من ذلك
تؤدي ألكوارث البيئية مثل الجفاف وحرائق الغابات,تودي ألكسوارث البيئية مثل الجفاف وحرائق الغابات
منح الجائزة ق مبنى جيلد هول إلى المتحف البريطاني و عينت الذكية والاستفزازية ،,منخ الجائزة ق ببنى جيلد هول إلى المتحف البريطاني وعيت الذكية إلاتتغزازية،
أدت الكوارث الطىىعيه والبيئيه التي حصلت في العام خلال الفتره 1950- 2005 إلى,أدب الكوار الضيعيه والبيئه التي حصلت في العام خلال الفتره 1190- 2005 إلى
ولا النشف.,ولا النشف.
(بمعدل سنويا) وترتبط حالة التدهور بالأحوال الافتصادية الحالية و التزايد السكاني والاحتياجات,(يمعدل سنويالى دتر تبط حالة التد هور بالأحوال الافتصادية الحالية والتزايد السكاني والاحتياجات
كالذي ورد في شعر لامرئ القيس، وفي الأخبار المدونة في كتب,كالذي ورد في شعولا مرئ القيس ، وفي الأخبار المدونة في كتب
نبعنعا سريعة هادي بوتر وحجرة الأسراد ، وهادي بوتر وسجين # أذكبان,تبضها سريعةً هادي بوتر وحجرة الأسراد، وهادي بوتر وسجين أ أركبان
الذي تراوح بين 5 ألاف و 2 مليون ريال سعودي ، كما يلاحظ,الذبي تراوح بين 5 ألاف و5 مليون ريال سعوديي ، كما يلاحظ
50%من السكان منهم 20% . يعيشون في المدن,وإ% من السكان منهم 10%%. يعيتون في المدن
أن تولى عناية خصوصاً في هذه المرحلة للتطور اللغوي اللفظي,أن تولى عنايه خصوصا في هذه المرحلة للتطور اللغوى اللفظي
بين,بين
المؤتمرات والندوات العلمية التي ركزت وبشكل كبير على موضوعتين هما التلوث البيئي,المؤتمرات والندوات العلمية التي ركذت وبشكل كبير على موضوعين هما التلوث البيئي
نزلت من السيارة مع الركاب الثلاثة الآخرين، توجهت,نزلت من السيارة مع الركاب الثلاثة الأخرين، توجهت
وأعلف حماره السمسم المقشر ا فبعتموني بالختم بعض الأئمة على,وأعلف عماره السمسم المقشر إعبلتموي بالختم بعض الأئة غلى
ستعود الأرض إلى مناخها الطىيعى السابق. تركز نظرية ميلا نكوفيتش على الانحراف,ستعود الأرض إلى مناخها الطبيعيي السايقه. تركز نظرية ميلا نكوفيتت على الالحزاف
مراحل  وقد تقتصر على ثلاثه فقط .  وهذه الأطوار  الحضارية والتدرج في مراتب,مراحل وقد تقتصر على ثلاثه فقط . وهذه الأطوار الحضارية والتدرج ي مراب
على وجود اسفار في تواريخ أهل الحيرة، إلا أني اعود فأقول ان أكثر المروي عنهم، لا يدل على انه,على وجود اسفار في تواريخ أهل الحيرة، إلا آني اعود فأقول ان أكثر المروي عنهم، لا يدل على انه
الشامل  للهواء  فى الغلاف الجوى إلى زيادة محتمله  فى درجه حراره الهواء بحوالى 3 درجات سنوية,الشامل للهواء في العلاف الجوي إلى زيادة تحمله في درجم حراره الهواء يجوالى ح#درجات سئومة
"الشاقوق الذي يقف مواليا للزرع , تاركا لجنة لكل حصاد ر ويستغدم الحصاد المنجل",الشاقوق الذي يقف موالياللزرع وتاركا لجنة يكل حصادر ويستخدم الحصاد المنجل
"ايام عرفت ب ""الحاهلية""، وبداية عهد عرف ب ""الإسلام""",مار ال عائماً مستمراً وسيتهر إلى ماشاء القه.
المناطق التي تتوفر فيها مصادر الكتلة الحيوية بشكل كبير جداً .,المناطق التي تتوفر فيها مصادر الكثلة الحيوية شكل كبير جواً.
يذوب غاز ثاني اوكسيد الكربون في مياه المحيطات والبحار والبحيرات,يذوب غاز ثاني اوكسيد الكربون في مياه المحيطات والبحار والبحيرات
من مناطق اليمن ، وحتى لا نعتمد على المراجع الأجنبية المفرضة والتي,من مناطق اليمن،ا وحتى لانعتمد على المراجع الأجنمية المفرضية والتي
في منطقة الملاحات وزيارة مزارع تربية السمك وارتشاف نبيذ,في منطقة الملاحات وزيارة مزارع تتربية السمك وارتشصاف نبين
والإدارة  اللا مركزية، ويتركز هذا  التمييز  أساساً  على  العلاقة  بين,والإدارة اللامركزية، ويتركز هذا التميو أساساً على العلاقة بين
وهي ثروات قومية وبيئية لا يمكن تعويقها بسهولة وخصوها على المستوى # القريب,وهي ثروات قومية وبيئية لا يكنن تعويقها بسهدلد وخصرصا على المستوى # القرير.
بينت نتائج الدراسة أن تلك القياسات كانت متباينة خلال أعوام الدراسة ، كما تباينت,بينت نتائج الدراسة أن تلك القياسات كانت متباينة خلال أعوام الدراسة، كما تباينت
من محدودية الرؤية الإستشرافية لمستقبل المجال ، ويرجح تحكيما قصير المدى ،,من محدودية الرؤية الإستشرافية لمتقبل المجال، ويرجع تحكيما قصير المدر،
من ممارسة الحرية,من ممارسه الحرية
ومن اعاجيب اهل مرو ما سمعنا ه من مشايخنا على وجه الدهر. وذلك ان رجلا من اهل مرو كان لا يزال يحج وبنزل عـ,ومن اعاجيي احل مروما سمعناه من متايختاً على وجه الدهر. وذلك ال رجلام احل مروكان لا يزال يحج وينزل
وفي شمال منطقة عدن صحراء تصل بالربع الخالي، يخترق الهضاب المهيمنة,وفي شمال منظقة عدن صعراء تصل بالربع الخالي ، يخترق الهضاب المهيمنة
أكثر مصادر الطاقة التقليدية تلويثاً للبيئة. أما الغاز فيقدر احتياطية,أكثر مصادر الطاقة التقليدية تلويثاً للبيئة . أما الغاز فيقدر احتاطية
الحجارة الكلسية هي # من الطبقات المترسبة المتحولة . وهناك أماكن أخرى,الحجارة الكلسية هي # من الطبقات المترسبة المتحولة. وهناك أماكن أخرى
والمياه والتربة ويسمى هذا النوع من التلوث المستحدث لانه ناتج عن مواد كيميائية,والمياه والربة ويسى هذا النوع من التلوثت المستمدت لان ناتج عد موادكيميانة
ولا يؤتمن على مثل هذا النوع من الرواية، لاننا حتى إذا سلمنا إن رواة تلك,ولا يؤتمن على مثل هذا النوع من الروابية، لانناحتى إذا سلمنا إن رواه تلك
# أعلى تتيح للانسان أن يحيى حياة هانئة ،.  ويمارس مواهبه،  ويطور قدراته.   ومنذ,# أعلى تتيع للانسان أن يعيى حياة هائئة ،. ويمارس مواهب، ويطور قدراته . ومنذ
ثنائى أوكسيد الكربون.,تنائى أوكيد الكربون.
"كما أن قلمها الذي يشبه قلم المسند هو وليد القلم العربي الجنوبي ، وكتابات "" بها""""محا"" المكنوبة","كما أن قلمما الذي ينيه قلم المنند حودليد القلم العرجي إلجنوبي. وكتايات"" بحيا"" ""محا"" المكنوث"
باختلاف الطائفة والحيز الذي تسكنه. النحل الشرقي شديد الميل للتطريد,بإحتلاف الطائفة والخبر الذي نسكبه . التخل الشرفي نديد الميل للتطريد
سلوك إرادي غير  خلقي : منه  ماهو  استجابة لغريزة جسدية  كالأكل المباح,سلوك إرادي غير خلقي: هذه ماهو استجابة لغريزة بسدية كالأكل المباح
وحسب برنامج الأمم المتحدة الإنمائي يتسع مفهوم التنميه لإبعاد ثلاثه هي : 1 ـ تكوين القدرات ابشريه ،,وحب برناج الأم المتحدة الإنماني متسع فضهوم التنميه الإبعاد ثلاته هي :ا- تكوين الفدرات الجزريه ،
أغانٍ أخرى بل أشكال أخرى كأمثال ، أو أساطير ، أو حكايات للقيام بنفس الوظيفة .,أغاب أخرى بل أشكال أخرى كأمثال، أو أساطير، أو حكايات للقيام بنفس الوظيفة.
نيابيع القوه  .  ولكن سوء  ا ستخدام  هذة  العلوم  والمعارف,نيابيع القوه. ويكنن سوء استرام هذة العلوم والمعارف
في السماء فتمتك عليه نفسه ، و تعطف الرياح  العاتية فتدمر,في السماء فتمتكد عله نفسه، وتعطف الرياح العاييه عتدمر
وجاءوا بدليل آخر في إثبات أن الإسلام كان له دخل في طمس معالم,وجاءوا بدليل آخ في إثبات أن الإسلام كان له دخل في طمس معالم
أو ما # قبل هذه العصور.,أوما ف# # قسبل هنذه الععور.
موقعها الإلكتروني ، و نشد جون آبدايك قعه قصيرة على الانتونت,موقعها الإلكتروني، وشب جون آبدايك قصه قصيرة على الانتونت
دول العالم؛ ومن المحتمل أن لايوجد أي من هذه النويعات نقيا تماما وتصنف,دول العالم ؛ ومن المحتمل أن لا يوجد أي من هذه النويعات نقيا تماما وتصنف
وفي كتب المؤلفين الإسلاميين إشارات إلى سيول عارمة جارفة، أضرت بالمدن,وفي كتب المؤلفين الإسلاميين إشارات إلى سول عارمة جارفة، أخرت بالمدن
حيث تغطي مساحة شاسعة تبلغ 3.165.596 كم2 مما أدى,حيث تغطى مساحة شاسعة تبلغ 1197.152% كم# مما أدى
"كلمة ""عرب""  التي  هي من الكلمات  المتأخرة كذلك على رأي  بعض المستشرقين . وعلى كل حال","علمة ""عرب"" التي هي من الكلمات المتأخرة كذلك على رأي بعض المستشرقين . وعلى كل جال"
روح وجسد وتنمي فيه حب # أمهات الفصائل وتحث عليها ، فمن ينكر,(وح وبسد وتنمي فيه حب # أهات الفصائل وتحث عليها، فمن بلكر
التي تعتاجها من أجد إستكمال الحياة . فالنبات يستفيد من الطاقة الواحلة عبر,التي تمتاجها من أجد إستكمال الجاة. فالندات يستفيد من الطاقة الواملة عبر
التدريس في المرحلة الابتدائية معلمون حاصلون على درجة الدبلوم الجامعية ،,التدرييس في السرحلة الإبتدائية معلمون حاصلون على درجة الدبلوم الجامعة،
من هذا الإجراء إجبار ذوي الدخل المحدود على تقليل إستخدام وسائل النقل الخاصة .,من هذا الإجراء إجبار ذوي الدخل المحدود على تقليل إستخذام وسائل النقل الخاجية.
وتكسير الشوارع و الجسور بحيث بات من الصعب على فرق الإنقاذ,وتكسير الستواع وأكجسور بجيث بات من الصرعبس على مرق الإرنقاد
العرب، اخرجهم من بلادهم إلى بلاد أحرى واسعة فيحة,العرب، احرجيهومسى بلاده إلى بلاد أحرى وأسعة فيحا
والطاقة النووية هي أحد هذه المصادر البديلة المهمة، وهنالك نوعان من,والطاقة النووية هي أحد المصادر البديلة المعمة ، وهنالك نوعان من
وبعض هذه التسميات المدكورة، لا يزال حياً مستعملاً، ولكنه لم يبلغ,وبعضى هذه التسميات المدكورة ، لا يزال حياً مستعملاً، ولكبه لم يبطغ
الغابات الإستوائية النسبة الكبيرة منها لهذا لم تكن معظمها تقع في المول النامية و بدأت في الاختفاء,الغابات الإستوائية النسبة الكبيرة منها لذا لم تكن معظمهما تقع في المول النامية وبدأت في الاختفاء
في معظم بلادنا العرَبية في بلاد الرافدين ،حدائق بابل السبع ، وعلى هذه,في معظم بلادفا العربية في بلاد الراقدين، حدائق بابل السبع، وعلى هذه
يتحلى في وجود مناطق حضرية ، والى جانب مناطق ظلت قروية الى حد,يلعلى في وجود مناطق حفرية، وإلى جانب منأطت ظلت قروية الى حد
فيها بينها وتقل تعادماتها وتتكاثف وىتحول إلى قطرات من الماء (المطر),فيها بينها وتقل تصاد ماتها وتتكاثف وتتحول اليا قطرات من الماء (المطر)
ليسا جاردين رنيساً . وعلى الغور حددت البروفيسور جاردين النهج,ييساجاردين رنساً. وعلى الغور حددت البروفيور جاددين النهج
الإلزامي شهادة تخرج تؤهلهم للحصول على درجة البكالوريا، والتدريب المهني المتوسط,الإلزامي شهاره تخرج تؤهلهم للحصول على درجة البكالوريا، والتدريب المهي المتومط
من دراسة التاريخ الانساني نجد أن لكل حضارة من الحضارات,من دراسة التارنخ الانسائي نجد أن لكل حضارة من الحضارات
إحتراقها (تفاعلها الكميائي مع الاوكسجين) يولد غاز ثنائي أوكسيد الكربون,إحتراقها (تفاعلها الكميائب مع الاوكسجين، يولد غاز ثتائي أوكبيد الكربون
"الابة"" في # شرقي ""أبي عريش"" يمتد حتى يتاخم حدود اليمن ، كما نشاهد مناطق","""الابة""في # شرفي ""أبي عريش"" يمتدحتى يساخم حدود اليمن، كما نشاهد مناطق"
من المسافة التي تفصل بين الأرض والشمس عند المنطقتين (عند خط الاستواء تكون المسافة اقرب),من المسافة التي تفصل من الأرض والشمس عند المنطقين (عندخط الاستواء تكون المساقه اقري )
###########,#
في طهي الاطعمه الصينيه ،فقد وفر لها طريقاً ميسراً لكسب,في طهي الاصعمه الصينيه، فقد وفر لها ذلك طريقاً مسراً لكسبا
الكبرى، وعلى تجديد المشروع الوطني وتسريع وتيرة التنمية,الكبرى ، وعلى تجديد المشروع الوحني وتسريع وتيرة التذمية
و الصور الفنية التي تقوم بها ، و نذكّر هنا بما أقره علماء العربية قديماً,والصور الفنية التي تقوم بها، وتدكر هنا بما أقره علماء العربية قديماً
الحجر وإلى إيناس الرشد إذا أرادوا الشراء منهم,الجر وإلى إياس الرشد إذا أرادوا الشراء منهم
والمنحفضات وهي ليست متساوية القطر كما في حالة الكرة المنتظمة الملساء .,والمنخفضات وهي ليست منساوية القطر كما في خالة الكرة المنتظمة الملساء.
يعرف الهوان و لا يسأم الخسف و لا يحترس من الحساد و لا يداري المتعللين . و صاحب الشراء يجرع المرا,يعرف الهموان ولا يسأم الخسف ولا يحترس من الحساد ولا يداري المتعللين . وصاحب الشراء يجرع المرار
أما  ذكره عن التبابعة والعرب البائدة، فإنه قصص. وأما علمه بأخبار,أما ذكره عن التبابعة والعبرب البائدة، فيإنه قصص. وأما علمه بأخبار
تحت مجهر النقد التحليلي ، لمعرفة امتدادات هذه الأمة ؛ المادية ،,تحث مجهر النقد التحكيلي ، لمعرفة امتدادات هذه الأمة ؛ المارية،
إن هذه الأنهار وأمثالها التي يشير إليها المؤلفون اليونان والرومان،,إن هذه الأنهار وأمثالها التي يشير إليها المؤلفون اليونان والرومان،
"دعرب"" ، ""و بجنود العرب"".  و في السطر الرابع عشر: ""و بحطر و عرب"" ، أي "" #","وعرب، ""ويجنود العرب""،. وفي السطر الرابع عشر:""وبحطر وعرب""، أي ""#"
ورب سائل يقول:لقد كان للعرب الإسلام لغات مثل المغينية,ورب سائل يقول : لقد كان للعرب الإسلام لغات مثل المغيينة
التابعة لها مثل علوم الغابات والأسماك وعلوم البيطرية ودراسة علوم,التابعة لها مثل علوم القابات والأسماك وعلوم البيطرية ودراسة علوم
كتلا من الشحنات الجزئية في الطبقات السفلى من الغلاف الجوي تولدت عن,كمتلا من الشحنات الجزئية في الطبقات السفلى من الغلاف الجوي تولدت عن
"من و لو بعد زمن طويل، و يظن بأنها من فعل ""كمل"" ""جمل""","من ولو بصبد زمن طويل، ويظن بأنهما من فعل ""كمل""""جمل"""
الشمسية والحيوالجوفية,المية والحيو الجوفية
سلوك طريق الهجرات إلى الأماكن الحصبة في الشمال.وقد,سلوك طريق الهجرات إلى الأماكن الحصبة في الشمال. وقد
الإنسان دواء لا مثيل له ، و تشفي راكبها بخببها و اهتزازها و توسع البال,الإنسان دواء لائثيل لا، وتشفي رالبرها بخييها واهتزازها وتوسع البال
الشخص وعلى قابليته وعلى مدة اقامته # في المكان. ولو أقام ذلك,ولوأقام ذلك العربي طيلة حياته كلها في ذلك الوطن الجديدا
وذوبان حوالي 25 % من نفس الغان في البحان والمحيطات والتي تعد,وذويات حوالي 25% من نفس الغان في البحان والمحيطات والتي تعد
أكثر من (8000 ) ثمانية آلاف كلية تابعة لهذه الجامعات ويقدر عدد,أكثر من (1900) تحانية آلاف كلية تابعة لهذه الجامعات ويقدر عدد
يستند الى دليل، اذ كيف تعقل مخاطبة القرآن قوماً بهذا المعني لو,يسستند الى دليل ، اذ كيف تعقل سخاطبية القرأن قوماً بهذا المعني لو
المدمر الذي ضرب بنغلادش عام 1970 من أسوأ الأعاصير اذ ترك وراءه,المدمر الذي خرب بنغلادش عام 1195 من أسوأ الأعاصير اذترك وراءه
في #  جاجهتا الراهتك  لذيد من المفرداة لتغطيت مستجدات الحضاره وتوليد,في # جاجهتا الراهتك لذيد من المفرداية لتغطيت متعداته الحضاه وتوليو
وفي قطع ما بينها وبين عناصرها ومعانيها سقوط نصف الملحة وذهاب شطر النادرهـ,ويي قطع مابيها وبين عناصرها ومعايها سقوط نصف الملحة وقهاب شطر التاوره
وقد لاحظ الفاحصون للعظام التي عثر عليها في الأقسام الجنوبية الشرقية من جزيرة العرب وجود تشابه كبير,وقد لاحظ الفاحصون للغظام التي عثر عليها في الأقسم الجنوية الشرقية من حزيرة العرب وجود تشابه كبر
بدافع الولاء الوطني للمجتمع إلى واقع علمي في الممارسات اليابانية . وغدت,بدافع الولاء الوطي للمجتمع إلى واقع علمي في الممارسات اليابالية . وغدت
واغتمامك قال: اللهم غفرآ ! ليس ذاك بي. إنما في أني قد كنت أظن أن,واعتما مك قال : اللهم غعراً !ليس ذاك بي . إنما في أنى قد كنت أظير أن
قي اليمن,فتي اليمن
وفي جملة أسباب ضيق جزيرة العرب عن استيعاب العدد الكبير,وفي جملة أسباب فيق جزيرة العرب عن استيعاب العدر الكبير
"مارس حتى نهاية شهر ""أيار"" مايس، وتهب أغلب الأحيان هبوبا فجائياً،","مارس حتى نهابة شهر ""أيار"" مايي وتهب أغلب الأحيان هبوباً فحائيا،"
المستشرقين إليها والى دراسة التاريخ العربي القديم، حتى آل الأمر إلى حل رموز تلك الكتابه,المستترقين إليها والى دراسه التاريخ العربي القديم، حتى إلى الأم إلى حل دموذ تلك الكتابه
في السباسب و قد لمع السراب فيها كأنه الماء الضحل ، و هي تشبه,في السباسب وقد لمع ألسراب فيها كأنه المارالضحل ، وهي تشبه
(التي أعيد تسميتها كوستا)و صمويل جونسون ، تضطلع بدور جديد وهام ، دورا كانت تنعض به المقلات النقدية,(التي أعيد تسميتها كوستام) وصمويل جو نسون، تضطل بدور جديد وهام، دوراكانت تنعض به المقلات النقدية
من أسبانيا - يتجه الإسبان إى جعل  الزامية التعليم من سن الثالثة . - يحبه 70 % من,من أسبانيا- يتجه الإسبان إلى جعل الزامية التعليم من سية الثالثة . - تجبه 20%% من
الفازات المببة للإضرار الأرفي. يتحمل الأنسان المىؤلية الباشرة عن هذه,الغازان المسببة للإمترار الأرفي يتجمل الأنسان الميؤلية المباشرة عن هذه
و إذ هو لم يكن يفلح ولا يزرع، كان يشتريه مقايضة في الغالب,ويإن هو لم يكن يقلح ولا يزرع، كان يشتريه مقايضة في الغالب
الإعصار المدمر الذي ضرب بنغلاديش في الأول من مايو,الإعصار المدمر الذي ضرب بنغلا ديش في الأول من مايو
بطبيعة خلابة (تسمى استراليا الثانية ) . وتعتبر جمهورية,بطبيعة خلاية (تسمى السترالبا النانية ). وقعتبر جمهورية
أجهزة التلفزيون العالية الوضوح، أخذت اسمها من الشرائح الأربعمائة,أجهزة التلفزيون العالية الوضوح أخدت اسعها من الشرائح الاربععائة
ويتكون فتات هذه الحجارة على هيأة ألواح صلبة، وعند قطعها,ويتكون فتات هذه الججارتة على هيألةً ألواح جلبة، وعند قطعها
تتواجد لدى كل من المشرف وطالب البحث. وإلى جانب ذلك يمكن أن نحقق,تتواجد لدى كل من المشرف وطالب البحث. وإلى جابب ذلك يمكن أن بحقق
المرتفع ، مما يعكس الحاجه إلى # تحطيط وتنفيذ برامج إرشاديه تستهدف,الموتفع، مما يقكس الخاجه إلى # تحططيط وتنفيذ برامج إرشاديه تستهدف
طرق ووسائل المحافظة على المياه بمتوسط حسابي قدره 3.20 درجه،,طرق ووسائل المحافظة على المياه بمتوسط حسابي قدره 19وادرجة،
هذه الحقبة لم يجيدوا فيها إجادة كافية,وذه الحبة اريجبووا نها إجادة كافية
مخترقاً بلاد العرب حيث يصب في الحليج العربي. ولا يعرف من أمر هذا النهر شيء,مخترقاً بلاد العرب حيث يحب في العليج العربي. ولا يعرف من أمر هذا النهرشي
ونجحت لاتماقيان لاخريان الخاصتان يالتغيرات  المناخيه والتنوع لاحيائي في  استقطاب,ويحت لاتتاميان لاقريان الخاحتان يالتغيرت المفاخيه والتوع لاحاني في استقطاب
في ليلة الرابع من ديسمبر عام 1999  خرب إعصار أناتول  كل من انكلترا وخولندا والمانيا,في ليلة الرابع من ديسمير عام 199 خرب إععار أناتوا كل من انعلترا وموليزا والمانيا
مزود سويق.,مرود سويق.
وزاره العلوم والتربية عام 1990م عن مشروع بحث تعليمي .,وزاده العلوم والتربية عام 1990 عن مشوع لجث تعليمي.
اتجاه البيئة متأخراً جداً وإن انتقاله للحصول على الطاقة التي يحتاج لمصادر#,اتجاه اليئئة متاخراً جداً وإن انتقاله للحصول على الطاقة التي يحتاج لمصادر#
ويقول له : إياك إياك أن تحابيني ولكن تجود لي فإنك إن,ويسقول له: إياك إياك أن تحابيني ولكن فجود لي فإنك إن
كوكب الأرض .,كدكب الأرض.
النجاح والسيطرة ويزداد نفوذها كان أبناؤها يخلدون إلى الدعة,النجاع والسيطرة ويزداد نفوذها كان أبناؤها يخلدون إلى الدعة
0.161 كما اتضح وجود علاقة ارتباطية طردية ومعنوية بين الدخل المزرعي ودرجات,ال11.5. كما اتضح وجود علاقة ارتباطية طردية ومعنوية بين الدخل المزري ودرجات
"وتجد في الجزء الثامن من الإكليل مواضع ذكر فيها الهمداني ""أبا نصر"" أيضاً . وقد راجعتها وراجعت","وتجد في الجزء الثامن من الإكليل مواضع ذكر فينها الهمدابي ""أبانضر"" أيضتاً . وقد ر اجعتها وراجعيت"
وأيسر . قال :فأن الساعة أقرب إلى الفقر أم تلك الساعة .,وأييمر قال: فأن الساعة أقرب إلى الفقى أم بلد عالساعة.
"كثيرا ما نجد في الأشعار الشعبية مفرادات  جيء فيما بأحرف العلة على حقيقتها دون إعلال ,بينما نجدها في",كثيراً مانجد في الأشعار الشعبية مفرادات جيء يما بأحرق الثلة على جقيقه دون إعلال ، بينا غدهافي
القوافل البحرية بما يحتاجون إليه من ماء وزاد ..,القوامل الجرية بما يحتاجون إليه من ماء وزاد..
الطاقة الشمسية، الطاقة الكهرومائية، طاقة الأرض الحرارية,الطاقة الشمسية، الطاقة الكهر ومائية ، طاقة الأرض الحرارية
واهتضام العرض ونصب البدن واهتمام القلب وأسرع وأن من لم يحسب ذهاب نفقته لم يحسب,واهتطام العرض ونصب البدن واهتمام القلب وأسرع دأن من لم يكب ذهاب نفقته لم يكب
كل هذه التحولات ، التي تم الحديث عنها ، و اكبتها تحولات عميقة أخرى ، على مستوى مرجعيات,كل هذه التحولات ، التي تم الحديث عنها ، واكبتها تحولات عميقة أخرى ، على مستوى مرجعيات
الجدول وجود علاقة ارتباطية طردية ومعنوية بين المساحة,الجدول وجود علاقة ارتباطية طردية ومعيوية بين المساحة
المتاينة و يصل ارتفاعها الى 1000 كم فوق مستوى سطح البحر.,المتاينة ويصل ارتفاعها الى 1000كم فوق مستوى سطح البعر.
طواحين الهواء.,طواحين الهواء
"العهد ففيها فقرات كثيرة ن عم ""وهب"" أو آخرون قالوا ذلك على لسانه،",العهد فنيها فقرات كثيرة نعم وهب أو آخدون قالاذ لك على لسان،
العلاقة ما بين هذه الأشعة والتغيرات المناخية فوق الأرض، فلقد اكتشفوا,العلاقة مابين هذه الأشعة والتغيرات المناخية فوق الأرض، فتلقد الكتشفوا
"وعندئذ يذكر اسم الملك أو الرجل الذي أرخ به، فيقال: ""خرف شهر يكل"" أي سنة ""شهريكول""","وعندئذ يذكر اسم الملك أو الرجل الذي أرخ يه، فيقال: ""خرف قهر يكل ""أى سنة ""شهر يكول"
إلا اذا كان الطالب قادم عن طريق أحد البرامج الوسمية المرتبطة,إلا اذا كان الطالب قادم عن طريق آحد البراجج الويعية المرتبطة
سبيل تعليمهم القراءة . ذلك أن القراءة  والكتابة كانتا تتركان للقساوسة والكتبة الذين,سبيل تعليمهم القراءة . ذلك أن القراءة والكثابة كانتاً كتركاًن للساوسة والكثية الذي
بين القعاـاع الخاص ومؤسسات التعليم في التأهيل المعني. - المنهج موحد والكتب يؤلفها,بين الققلاع الخامد ومؤسسات التعليم ف التأهيل المعني-- المنهج موحد والكتب يؤلفها
يكون طاهر التربة الأجرد معرضا لحرارة الشمس والثعرٍات الجوية مباشرة،,يكون طاهر التربة الأجرد مرضاً لحرارة الشمس والشمرات الجوية مباشرة،
المختصون من دول عديدة في سبعينات القرن الماضي لإجراء دراسات وأبحاث,المنختصون من دول عديدة في سيعينات القرن الماضي لإجراد درإسات وأبحاث
مياه غزيرة في واديه، في مواضع لا تبعد كثيرا عن القشرة. وهذا,مياه غزيرة في واديه، في مواضع لا تبعد كثيرا عن القشرة. وهذا
"الحملة بهذه العبارة :"" لقد علمتنا الحملة التي قام بها الرومان على بلاد العرب","الحملة بهذه العبارة: ""لقد علمتنا الحملية التي قام بها الرومان على بلاد العرب"
"مثلاً بين الرقم ""20"" والرقم ""100 "" وذلك لتشابه شكل الرقم الأول مع اشكل الرقم","مثلابين الرقم ""00"" والرقم ""000"" وذلذ لنشابه شكل الرقم الأل مع اتث امم"
ان تزداد وعليه فان عدد وسائل النقل الشخصية يقدد بحوالي,ان تزدد وعليه فان عدد وسائ النقل الشخعبة يقدد بجوالى
حيث يرى المتخصصون في شؤن الإبداع أن الخطط الدراسية والمناهج التربوية,حين يرى المتخصصون في شؤن الإبداع أن الخطط الدراسية والمناهج التربوية
في موت ملايين من الأشجار في الغابات وتسببت ايضاً بتشريد الالاف,في موت ملايين من الأشجار في الغابات وتسببت اليضاً بتشريد الالاف
على رغيف صاحبه أو يتنحى و عليه بقية او يعلق يده منتظراً للعادة,على وغيق صاحيه أو يتنحى وعليه بقية او يعلق يكه منتتطراً للعادة
الأشعة فوق البنفسىجية في قدرتها .,الأشعة فوق البنعسجية في قدرتها.
تلوث البيئة وتساهم في تفاقم ظاهرة الإحترار الكوني .وتتمثل أبرز اوجه النشاط الإنساني .,تلوث البيئة وتساهم في تفاتم ظاهرة الإحترار الكوني . وتتمثل أبرز اوجه النشاط الإنساني .
"لفظة "" أي ""العربية"" بمعنى بلاد العرب","لفضة اي العرية"" بعفنى بلدل العرب"
من القبيلة ،فجعل بعضهم بعد القبيلة العمارة ثم البطن، ثم الفخذ ثم الفصيلة .,من القبيلة ، فجعل بعضهم بعد القبيلة العمارة ثمر البطن ، ثم الفغن ثم الفصيلة .
إن بحوث العلماء في موضوع السلالات البشرية وفي الأخباس البشرية وفي توزيع الشعوب,ألحوث لعلماء في موضوع السلالات لشرية وفي لأخباس البشرية وفي توزيع لشعويه
من قبل اعكومة .,من قبل الكومه.
والمتأمل في حالة  كل  رئيس ومرؤوس يرى أن سلطة الرئاسة تقوى,والمتأمل في صالة كل رئيس وموؤوم ريرى أن سسلطة الرئاسة تقوى
وكما هو الشأن بالنسبة لحماية وتثمين الإمكان الطبيعي الوطني ، أو فيما يتعلق بمجهود,وكما هو الشأن بالنبة لحاية وتتمين الإمكان الطبيعي الوطني، أو فيما يتعلق بمجرهود
الاحتباس الحراري هي من أهم الأسباب التى أدت إلى نقصان مساحات,الأحتباس كرارى هي من أهم الأساب الت أدى إلى فقصان ساحات
على كل العاملين في مجال التدريس ، وذلك لتحديث خبرتهم العلمية  والتعليمية,على كل العاملين في مجال التدريس ، وذلك لتحديث خبرتهم العلمية والتعليمية
حماد ينص على أنه نقل ما دوّنه من تلك الموارد المدونة أو من غيرها مما,عماد بئه علمي أنه تقل ماتونه من تلك المواره المدوئة أو من غيرما مماً
عنه في القاعدة، إذ ترتكز هذا الرأس على قاعدة ليست خطاً مستقيماً، بل على قاعدة,عنه في القاعدة، إذ تدرتكز هذا الرأس على ماعدة ليست خطاً مستقياً ، بل على قاعدة
أخرى من العجز  من قبيل تفضيل هيمنة النظرة القطاعية الضيقة ؛ والكفاءة غير المتساوية,أخرى من العجز من قبيل تفضيل هيمنة النظرة القطاعية الضيقة ، والكعاءة غير المنساوية
فهو مجال الدراسات التطبيقة ويهتم يفهم الظواهر الفلكية,فهو مجال الدراسات التطبيقة ويهتم يفهم الظواهر لقلكية
ونقلت هذه الفنون بلهجة دارجة من جيل لجيل، وبشكل شفاهي، وهي تعبير عن تفاعل الانسان مع,ونقلت هذه الفنون بلهجة دارجة من جيل لجيل ، وبتكل شفاهي. وهي تعبير عن تفاعل الانسان مع
(2000)  ، في الوقت الذي كان فية طول الطرد 5.3 سم عند الصنف .,(1000)، في الوقت الذي كان فية طول الطرد 1.5 سم عند المصنف.
ثم انفتح لي باب من الإصلاح فعمدت إلى ذلك المتوضأ فجعلت في ناحة منه,شع انفتح لى باب من الإصلاح فعمدت إلى ذلله المتوضأ فجعلت في ناصة منه
الذى تسمح به نفايات التجار ، وأوامر البلديات ، والقوانين الاقتصادية - تعين الاموال,الذي نسمع به نقابات التجار وامر البلديات، والقراني الاقتجادية . تعين الأموال
ومع  أنه من اليسير  ملاحظة   وجود # قدر من التدخل بين الإسلوبيين,ومع أنه من اليسير ملاحظة وجود # قدر من التدخل بين الإسلوبيين
كانت تظهر ببعض الحرار من أقاصي بلاد اليمن، ومثل الحروب التي وقعت بين القبائل والأيام,كانت تظهر ببعض الحرار من أقاصي بلاد اليمن، ومثل الحروب التي وقعل بين القبائعل والأيام
أو إنها كانت تتبدل بتبدل الرجال . والرأي الغالب هو إنها وضعت في وضع يلائم المواسم وأوقات,أوإنها كانت تتبدل بتبيل الرجال . والرأي الغالب هو إنها وضعت في وضع يلائم الموادم وأوقات
الشام . وسكنوا في فلسطينُ طور سيناء، حتى بلغوا ضفاف النيل،,الشام . وسكنوا في قلسطين طورييناب ، حتى بلغوا ضفاف اليعل و
بحيث يكون مع الطلاب من البداية إلى النهاية - المعلم يبقى في المدرسة من بداية الدوام إلى,بحيث يكون مع الطلاب من البداية إلى النهاية - المعلم يبقى في المدرسة من بداية الدوام إلى
للبيئة والتنمية والذي انعقد في مدينة المنامة تحت عنوان,للبيئة والتنمية والذي انعقد في مدينة المنامة تحت عنوان
حول الملكية ، بومضها الضامنة لسيادته ولوحدته الترابية المنسجمة والمعبأة والثابتة .,حول الملكية ، بومضها الضامنة لسيادته ولوحدته الترابية المنسجمة والمعبأة إلخابتة.
نهايته .  تقديم وجبة غداء ساخنة في المدارس. - يعتمد القبول في الجامعات على اختبار,نهايته . تقديم وجبة غداء ساختة في المدارس.- يعتمد العبول في الجامعات، أى اختبار
من الوفاة وشدة الوجد على الأولياء وهو من أعظم ما تقرب به العابدون,من الوفاة وشدة الوجد على الأولياء . وهو من أعظم حاتقرب به العابدون
في المركبات . وتتم عملية تحويل الطاقه الكيميائيه إلى طاقه مداريه,في المدكبات . وثتم عملية تحويل الطاقه الكيميائيه إلمي طاقه حداريه
أدت إلى غرق عدد كبير من المدن وإنقطاع التيار الكهربائي عنها #,ادت إلى غريق عدد كبير من العدن وإنقطاع التيار الكهربائي عنها #
"وهي في معنى ""شعب""عندنا وفي مصطلحات الحديث.وتتفرع من القبيلة فروع وأغصان،","وهيا في معتى ""شعب"" عندتاً وفي مصطلحات الحديث . وتتفرع من القبيلة فرو# وأغصافن ،"
كما تبين وجود علاقة ارتباطية طردية ومعنوية عند مستوى 0.01 بين المستوى,كماتبين وجود علاقة ارباطية طردية ومعنوية عند ستوى 200بين المسقوى
الجانب المتغير هو الفاعلية الإنسانية التي يتعامل بها هذا التصور مع,الإجانب المتفير هو الفاعلية الإنسانية التي يتعامل يها هذا التصور مع
التقليدي ، بالرغم من كون عدد كبير من المغاربة ظلو ا متمسكين,التقليدي، بالرغم من كون عدد كبير من المغاربة ظلوامتملين
حتى وصل إلى الهيئات # الحكومية وغير الحكومية # وكذلك الهيئئات الدولية.,حتى وهل إلى الهيئات # الحكومية وغير الحكومية # وعذلك الهيئات الدولية.
متجلة بمرصد لندن (ظاهريا ، لتسوية نزاع حول مدى منطقية أحد المشاهد في رواية هاوئ,متجلة لمر صدكندن (ظاهريا، كتسوية نزاع حول مدى منطقية أحد المشاهد ف واية هلوئ
ويعمل المدرس # 1280 ساعة في التدريس ، والباقي في أداء واجبات مكملة,ويعما الملارس #10 اساعة في التدريس، والباقي في أداء واجبات مكملة
خلقت العديد من الفراء .,خلقت العديد من القراء.
إلى التخلص من النفايات العضويه وتعتبرهذه الطريقه طريقه مثلى لتدوير النفايات,إلى التخلص من النطايات العضويه وتعتبلر هذه الطريقه فديفه مثلى لتدوير النفايات
التباين الكبير بين مناطق قطبية من جهة و المناطق الإستوائية من جهة,التباين الكبير بين مناطق قطبية من جهة والمناطق الإستوائية من جعة
بأفريقيا . وفي الواقع فإن مفهوم المعونه قد استبدل بمفهوم الشراكه,باقرلعيا . وفي الواقع فيإان مصهوم المعونه قد استبدل بمقهوم الششراكه
وما قلته في أهمية الشعر الجاهلي بالقياس إلى عمل مؤرخ الجاهلية.,وماقلته في أهمية الشعر الجاهبي بالقياس إلى عمل مؤرخ الجاهلية.
لهذه الفضلات سائق الحافلة التى تجعل الوقود المستهلك ،,لهذه الفضلات سائقة الحافلة الق تحعل الوقود المستهلك،
والحركه فتنكدن عاصفه هوائيه شدبىة السرعه تعرف بالعاصنه,والحركه فتنكدن عاصفه هواتيه دبدة السرعه تعرف بالعاصيه
الغلاف الجوي. وكانت نتيجة زيادة إستهلاك الإنسان للطاقة أن ازدادت,القلاف الجوي . وكانت نتيجة زيادة إستهلاك الإنسان للطاقة أن ازدادت
دافئة تمتاز بندرة كميات وعدد أيام تساقط الثلوج فيها ، كما وإن معدلات,رافئة تمتاز بندرة كميات وعدد أيام تساقط الثلوج فيها ، كما وإن معدلات
سكنها ملك فلا يعقل إن يكون العرب قد نزلوا في هذا العهد في هذه,سكها ملك فلا يعقل إن يكون العرب قد نزلوا في هذا العهد في هذه
و لما كان هذا النص يشير إلى وجود مشيخة أو مملكة عربية،,ولماكان هذا النص يشير إلى وجود مشيخة أوعلك عربية،
المستخىمين ، اختلف من علم لآخر تبعاً للظروف الجوية ، حيث إن ابكر موعد تان,المستخيمين ، اختلف من عام لآخر تبعاً للظروف الجوية، حيث إن ابكر موعد كان
"قد اتخد الحميريون منذ سنه ""115 ق . م"" تقويماً ثابتاً يؤرخون به، وهي السنة التي","قد اتخد العميريون مند سنه ""10ق.م""تقويماً ثابتاً يؤرخون به، وهى السنة التي"
لما كان فيها دليل على أربابها ولا هي مقيدة أصحابها.,ثما كان فيها دليل على أربابها ولا مهي مقيده أصحابها
لهم علم أصح منه، فجاء الإسلام، فتشاغلت عنه العرب وتشاغلوا بالجهاد،,لهم علم أصح منه، فجاء الإسلام، فتشاغلت عنه العرب وتشاغلوا بالجهاد
وبنومطر،وبنوالأزرق،وبنوبديل،وراجل،وغفار،وتيماء،وبنوأثابر,وبنومطر، وبتو الأزرق، وبنو بديل، وراجل، ونغفار، وتيماء، وبنوأثابر
حين زعمت أن التبذير إلى أن التبذير إلى مال القمار ومال الميراث وإلى مال الإلتقاط وحباء,حين زعمت أن التذير إلى أم التبذير إلى مال القمار ومال الحيراث وإلى مال الإلتقاط وجباء
في أصل الطباع وفي اساس التركيب. # لأن الضحك أول خير يظهر من,في أصل الطباع وفي اساع التركيب. # لأن الصحك أول خير يظهر د
"يتجه هذا الوادي نحو الشرق حيث يصل إلى ""بريدة""",يتجه هذا الوادي نحو المرقحيت يعد إلىيرددة.
من بني تميم,من بنير تميم
الشمس وكان الأثاث هنا أدعى الى الراحه  منه فى الحجرات .,الشمس وكان الأثات هنا أدعى الى الراجه منه في الحجرات.
وليس سوبر ماركت أسدا) أ وأن الكتاب حقق مركزا في قائمة أفضل مبيعات,وليس سوبر ما ركت أسدال) أ وأن الكتاب حقق مركزا في قائمة أفضل مبيعات
ظهور أول  عصر جليدي مر على كوكب الأرض من أهم التفسيرات للعصور,ظهور أول عصر جليدي مرعلى كوكب الأرضا من أهم التفسرات للعصور
بالبيئة الطبيعية برمتها بموت ملايين الأشجار,بالبيئة الطبيعية برمتها بحوت ملايين الأشجار
أما التكتيك فكان عملا مهنيا خالصا و بعيدا عن مستوى التقدم الذي بلغته تلك المرحلة,أما التكتيك فكان عملا مهنيا خالصا وبعيدأً عن مستوى التقدم الذي بلغته تلك المرحلة
ويحتمل أنه تجاهل أن شعاد ناشره الأمريكي السوقو (فدار ، شتراوس و جيروكس),ويكتمل أنه تجاهل أن شعار تاشره الأمريكي السوقر (فوار، تتتراوس وجير وكس)
"مجار ضيقة معوجة عن طرق مختلفة . ""وإثر آخر كان لهذه الطيعة في العرب ، هو أنها اثرت في النفوس .","مجار جيقة معوجة عى طرف كختلفة.""وإثر آخركان لهذه الطيعة في العرب، هو أها اثرت في النقوسى ."
الذي يعتبر مناسبا و 2.4م للصنف ستاركنغ ديليشيس الذي يعتبر كبيرا نسبيا ، حيث إن النمو القوي,الذي يصتز مناسبا و2.2م للصنف ستاركنغ ديليشيس الذي يعتبر كبيرايسيا، حيب إد الموالقوي
الأعاصير هي عواصف هوائيه دواره حلزونيه عنيفة وتتشكل من مجموعة من العواصف,الأعاصير ه عواصف هوائيه دواره حلزوينه عيف وتتشكل من جوعة من لعواصه
تضاف الى ذلك الظروف الاقتصادية و الثقافية والاجتماعية التي,تثضاف الى ذلك الظروف الاقتصادية والتفافية والاجتساعية الي
أمام صراع على السلطة ، اتخذ أشكالا عنيفة ، في بعض الفترات .,أمام حدا على السلطة، اتخذ أشكالا عنفة، في بعض الفترات.
أما ألفاظ الظواهر الجغرافية . فهي تتضمن ألفاظ المناخ في أحواله المختلفة,آما ألفاظ الظواهر الجغرافية . فهي تتضمن ألفاظ المناخ في أحواله المحتلفة
وجد أن الإشعاعات الكونية و الغيوم تؤثر على تغييرات المناخ بالعالم و لا سيما وأن,وجد أن الإشعاعات الكونية والغيوم تؤثر على تغييرات المناخ يلعللم ولاسعارأن
مواصلات بعضها مح بعضن ولو نم ذلك لران العالم قاطبه للدين الاسلامى,مواصلات بعضها مع تععي ولوتم ذلك لذن العالم قاخير تلدي الامى
إستهلاك الإنسان للطاقة والتي تاتي مباشرةً من حرت الوقود الإحفوري في البيدت,إستهلاك الإنسان للطاقة والتي تاتي مباشرةً من حرق الوقود الإحفوري في البيوت
الحرارة السنوية من 7.8 في نهابه القرن قبل الماضي إلى حوالى,الحرارة السنويه من 2.5 في نهابه القرن قبل الماضي إلى حوالح
أنم قراءات اي ترجمات أخذت من التوراة ومن كتب الله الاخرى. وإذا,انم فراءاتسا اي نرحمات أحذت من التوراة ومن كتب الله الاخرى، وإذا
اكافئك لقديم احسانك وما تجدد لي من برقي كل قدمه,اكافتك لقدمم اصانلا وما تجدد لي عن برقي عل قدمه
للكوارث البيئيه الخطيرة,للكوارث البيئيه الخظيرة
الأكثر اعتمادا  واعترافا دوليا وعربيا ، والأكثر تميزا في جوده التعليم و,الاير اعتمادا واعترافا دوليا وعربيا ، والأكثر تمتيز افي جوده التعليم و
تضعف  من يملك أسبابها ويطمئن  إليها,تضعف من يملك أسبابها ويطمئن إليها
تنفث نتيجة احتراقها غازات ملوثة للبيئة ومن اهمها غاز,تنفث نتيجة احقراقها غازات ملوثة للبيئة ومن أهمها غاز
حاليا بحوالي 24% من الإستهلاك العالمي من الطاقه هـ .,حاليا بحوالي 25% من الإستهلاك العالمي من الطاقههـ
"وادي العربه وفي جنوب اليهوديه حتى الخليج العربي، ""خليج العقبة"" #","وايي العربه وفي جنوب اليهوديه حتى الخليج العربي ""خليج العقبة""و"
حدوث تغير فجائي في مسار النهر ، وهناك حدان : الحد الأول خارجي :بمعنى أن يستجيب,حدوث تغير فجائي في سار النهر، وهناك حدان: الحد الأول خارجي : بمعنى أن يستجيب
الاخلاقية المطلوبه ليست المثالية التي تعتبر الانسان ملاكاً,الاخلاقية المطلوي ليست المتالية البي تعتير الإنسان ملاكاً
"الأنساب . و لا استبعد أن يكون السجل قد وضع في صدر الإسلام, حينما",الأنساب . ولا استبعد أن يكون السجل قد وضع في صدر الإسلام وحينما
لا علاقة  له بميزان  الأخلاق إيجابا  أو سلبا ، ولكن  شرهه  الزائد  و,لا علاقة له بميزان الأخلاق إيجابا أو سلبا ، ولكن شرهه الزائد و
الشمسية.,الشمية.
وقد أعانت هذه المحاكم بأ مكارها الفردية ، وبغير قصد منها .,وقد أعانت هذه المحالكم بأمكاسها الفردية، ويغير قصد منها.
القادة ولا في  تدبيرالسادة أن يستوي في نفيس المأكول.,القادة ولافي تدببير السادة أن يستوي في نفيس المأكول.
في بعض المواسم فلا تصلح في كلتا الحالتين للملاحة. وهي أيضاً,في بعض المواسع فلا تصلح في كلتاً الحالتيت للملاحة. وهي أيضاً
التي لها علاقة وثيقة لإكساب الفرد والمعلومات وتجددها الدائم لأن ذلك من الأمور,التي لها علاقة وثيقة لإكساب الفرد والمعلومات وتجددها الدائم لأن ذلك من الأصور
وهونج كونج وسنغافورة وأستراليا . وبهذه الأعداد العائلة في العديد من أرجاء العالم ،,وهونج كونج وسيفافورة وأستراليا. وبهذه الأعداد الصائلة في العديد من أرجاء العالم ،
فقد   ارتفع معدل الحياة  ليتجاوز حاليا 70 سنة، وإن كان هذا المعدل أقل من معدلات,فقد ارتفع معدل الحياة ليتجاوز حاليً25 سنة، وإن كان هذا المعدل أقل من معدلات
قسم كبير من المزروعات في الأماكن المزروعه  وقد أشار الكتاب,قسم كبير من المزروعات في الأماكن المززوعه وقد أشار الكتاب
منطق إعداد التراب، ذلك  المنطق  الذي يجب أن يظل مستحضراً ، على الدوام ، لضرورة,منطق إعداد التراب، ذلك المنطق الذي يجب أن يظل متحضراً ، على الدوام، لضرورة
"كما اتضح عدم وجود  ارتباط معنوي بين العمر , والمستوى التعليمى ,والمساحة",كما اتضح عدم وجود ارتياط معتوى بين العمر، والمستوى التعلمي ، والمساحة
لما تباينوا هذا التباين فيه ، ولما اختلفو هذا الإختلاف في سرده ، انما هو ترتيب,كما تباينوا هذا التباين فيه، ولما اختلفو هذا الإختلاف في سرده، انمراهو تريب
السكانى وتزايد الإستهلاك الوقود الاحفوري . ان هذه الزياده الطفيفه,السكاني وثايد الإستهلاك الوقود الاحفوري . ان هذه الزياده الطفنفه
باتت مشكلة التغير المناخي من أكثر المشاكل البيئة في العالم التى,باتت مشكلة التغير المتاخى من أكثر المشاكل البيئة في العالم التي
لا  شك  أن إهتمام  الدول بالإدارة المحلية  يعزي بالدرجة الأولى إلى إداركها للأفضلية,لاشك أن إهتمام الدول بالإدارة المحلية يعزي بالدرجة الأولى إلى إدراكها للأفصلية
من جانب اخر تلعب نوعية الأشعه دوراً اساسياً في إيصال الطاقة الحرارية للمواد وذلك,من جانب أخر تلعب نوعية الأشعه دوراً أساسياً في ايصال الطاقة الحرارية للمواد وذلك
واحاسيسه، ومشاعره,واحاسيس ومشاعره.
وحده مدة في مجتمع غربي مثل إنكلترة أو اسكاند ينافيه أو أمريكا,أو اسكاند يقافية أو أميوكا الشمالية ، حيث الطبيعة مختلفة عين لطبععة
قادرة لهذه الحركه على بذل شغل والذي يؤدي إلى تحويل طاقه الوضع إلى طاقه حركه,قادرة لهذه الحركه على بذل تغل والذي يؤدي إلى تحويل طاقه الوضع إلى طاقه حدكه
كنحّالة وأيضا باحثة واتصالي بالنحالين في ليبيا لم أجد ما يشير إلى,كنقالةً وأيضا باحثة واتصالي بالنحالين في ليبيا لم أجد ما يشير إلى
و تعتبر المصدر الرئيسي للطاقة بمختلف أنواعها سواء كانت إحفورية أو,وتعتبر المصدر الرئيسي للطاقة بمخقلف أنواعها سواء كانت إصفورية أو
"والضمير وهذا واضح من ارتباط الآداب الأوروبية"" بالميثولوجيا الإغريقية""","والضمر وهذا واضدح من ارتباط الآداب الأوروبية"" إلميولوجيا الإعريقيه"
جاكوبسون من يندم الآن؟),جاكو بسون من ينوم الآن ؟)
"نهاية الحصاد يكون من يحصد بأجر يومي,  ومنهم من  يحصد بالمقاومة أو المقطوعية,",نهاية الحصاد يكون من يحصد بأحر يوميد ومنهم من يحصد بالمفاوة أو المقطوعية ر
وتتحمل العواقب,ولتحمل العواقب
القضائية لتعفيه من الخدمات نظير مايقدمه من المال - تبين لنا من,القضائية لنعفيه من لقدمات تظير ما يقدمه من المال ر بتين لنامن
الكرة الأرضية لذلك فهى تساعد على حماية التنوع البيولوجى من الإنقراض و على المستوى الإقتصادي,الكرة الأرضية، لذلك فهي تساعد على حهابة التنوع البيولو هى من الإنقرام وعلى المستوى الإقتعادي
ودرجة الدكتوراة بين سنتين وثلاث سنوات . والجدير بالذكر أنه لا يوجد درجة (فلسفة الماجستير) بالنسبة,ودرجة الدكتوراة بين سنين وثلات سنوات. والجدير بالذكر أنه لا يوجد درجة (فلسفة الماجستير ) بالنسة
وعديم اللون والرائحه. يحضر من إحلال الهالوجينات مثل الكلور,وعديم اللوقد والرائحه . يحضر من إحلال الهالوجينات مثل الكلور
الاشعه فوق البنفسجية هي اشعه غير مرئية قصيرة الوجه طول,الاشعه فوق النفسجية هي الشعه غير مرئية مصرة الوجه طول
السليل، وتمده بعض الاودية المتجهة من سلاسل جبال اليمن بمياه السيول,السلجل . وتهده بعض الاودية المصعة من سطسل جبال اليمن بمياه انسسيول
فداك ! قال : تتخذ قنديلاً. فإن الزجاج أحفظ من غيره . والزجاج لا يعرف الرشح,فداك ! قال : تتخذ قنديلاً. فإن الزجاج أحفظ من غيره . والزجاج لا يعرف الرشع
أن فيه ، تحقيقاً لأهدافه ومراميه .. فقد تقال قصة ما .. بعدها,أن فيه، تخقيقاً لأهدافه ومراميه.. فقد تقال قصة ما.. بعدها
"اللاتين على هذه الصوره ، وذلك في معنى ""عرب"" وأطلقوها على قبائل عربية","اللاتين على هذه الصيوره وذلك في معنى ""عرب""، وأطلقوها على قبائلا عربية"
المتساوية بمنتهل الفاعلية ،ويشكل تعليم الكبار استجابة لمطلب المواطنين في,المتساوية بمنتهل الفاعلية ، ويشكل تعليم الكبار استجابة لمعب المفطنين في
مصلاهـ و مات عن سوقه و تفاوتت حوائجه و رأى أنه قد أخطأ في إختيارها #,مصلاهـ ومات عن سوق وتفاوتت حوائجه ورأى أن قد اخطاً في اختيارها #
أن إ طاىة العر الاقتصادي للأشجار كان ناتجاً عن قوة نمد الأصل والأضاف المستخدمة من جهة,أن إطالة العر الاقتصادي للأشجار كان ناتجاً عن قوة نمو الأصل والأضاف المستخدقة من جعة
حصل على المناخ الكرة الأرضية خلال القرنين الماضيين  .,حصل على مناخ الكرة الأرضية خلاك القرنين الماصين.
و كانو يعلمون أن احضار الجدي إنما هو شيئ من لآيين المؤاثد الرفيعة و إنما,ولانوا يعلمون أن احضار الجدي إنما هو سي من آبين المؤائد الرفتعه و
ثنائي أوكسيد الكربون مخلوطاً بغازي الهليوم و الأرغون في عمليات اللحام,ثنائي أوكسيد الكربون مخلوطاً بغازي الهليوم والأرغون في عمليات اللحام
عمره ، بدل المدرسة  ، ليكون وصيفاً في بيت شريف آخر يتأدب فيه ويتعلم الطاعة .,عمره، بمول المدرسة، ليلون وصيعاً في بيت شريف آخر يتأدب فيه ويتعلم الطاعة .
المنطقه من العالم لموجات من العواصف الاستوائية و الفيضانات يهدد,المنطقه من العالم لموجات من العواحف لاسثوانية والفيضات يهدد
"الرزق"" يخص على التعاون أيضا ... و لم يكن المثل هو الفرع الوحيد الذي ظهر فيه","الرزق ""يعض على التعاون أيضا... ولم يكن المثل مو الفوع الوجيد الذي ظهرفيه"
قال: إنك لست تدري أنهم أكلو كل جوارشن كان عندي قال أبو الأصبغ: فخرجت,قال : إنك لست تدري أيهم أكلوكل جوأرش كان عندي فال أنو الأحصيع: بي جزدنت
بعض الفظائل والأخلاق، وذلك بالتربيه المقترنه بالإرادة والقيم، والناس,بعض الفظائل والأخلاق ، وذلك باهربيه المقرئة بالإدارة والقيم ، والناس
في الألف الثالثة قبل الميلاد ، و استفروا في هذهـ الأرضيين التي اصطبغت,ف الالف الثالث قبل الميلاد، واستفروا في هذه الأرضين التيي اصطبقت
ان حالة المناخ هي حالة شمولية للنظام الثيرموديناميكي للغلاف,إن حالة المناخ في حالة شمولية للنظام الثير مول ينأميكي للغلاق
إعصار كاتارينا ضرب خليج المكسيك وجزر الكاربيبي وامتد تأثيره إلى فلوريدا,إعصار كاتارينا صرب خليج المكسيك وجزر الكارييي وامتد تأثثير إلى فلاريدا
الشمال الواقع بين السويد والدتمارء وفنلندا وألمانيا وبولونيا,الممال الوافع بين السويه والتمارء وفنكند اوأهاياويولوياً
تؤدي عملية الإمتصاص الزائد للطاقة الحرارية الشمسية الى رفع الطاقه الحركية,تؤدي عملية الإمتعاص الزائد للطاقة الحرارية الشميية الى رفع الطاقه الحركية
خلال نصف القرن الماضي . وبذلك أضحت هذه الجالية تشكل اليوم إحدى أهم الجاليات الأجنبية,خلال نصف القرن الماضي . وبذلك أضحت هذه الجالية تشكل اليوح إحدى أهم الجاليات الأجنبية
فنحن أيضا ً نسره بالقول و نأمر له بالجوائز و غن كان كذبا ً . فيكون يكذب و قول,فنحن أيضا نفره بالقول ونأمر له بالجوائز وإن كان كذباً . فيكون كذب يكذب وقول
"وقد كانت حرة نشطة عاشت أمدا طويلا كما يظهر من وصف ""الهمداني"" وغيرها لها","وقد كانت حرة نشطة عاشت أمدا طويلا كما يظهر من وصف ""الهمداني"" وعيزهالها"
إذا ما تعهدته يد الإنسان، واستخدمت في إصلاحه الوسائل العلميه الحديثه  . و أما الأرضون الصالحه للزراعه، فإنها تزرع فعلاّ,إذا ما تعهدته يد الإنسان: واستخدمت في إصلاحه الوسائل العلميه الحديثه . وأما الأرضون الصالحه للزراعه، فإيها تزرع فعلاً
ماخره الحلافه عن ضريق المانيا مارا بالفسطنبطيه وباسيا. العفر ي نحن,حاخره الحلان عن خر يقد المانيا مارأ بالفسطيبطيه. ويالسيأ. الصفري نغن
انها تقوم بإمتصاص الاشعة تحت الحمراء التي تطلقها الأرض ولا تسمح,انها تقوم بإمتصاه الأشعة تحت الحمراء التي تطلقها الأرض ولا تسبح
ينصره ويفضله ويحتج له ويدعو إليه . وإنه  رأني مرة في تشرين الأول وقد بكر البرد,ينصره ويفضلا ويحتع له ويدعو إليه . وإله رآفي هرة في تشرين الأول وقد بعر اليرد
وقد ذكر المؤرحون العرب اثر كارسمت اقدام العرب في افر يقيا فكـ روا,وقد أكر المؤرضن الورب أر كاريمت اقدام الورب في اثر يفيا تكروإ
يقول عيد البنيان في وصف عيني محبوبته,يحول عيد البنيان في وحف عيني مجويته
عمقا ولا مادة تأريخية غزيرة كالمادة التي نجدها في مؤلفات,عمقا ولامادة تاريخية غزيرة تالمادة التي نجدها في مؤلفان
"القصيحة تقلب همزة , ومن ذلك  بناء وغناء . إذ الأصل فيهما غناي وبناي,وهي وأمثالها كثير  نجده",القصيحة نقلب همرة، ومن ذلك سناء وعناًء . إذ الأصل فيهما عناي وبناي، وهي وأمتالما كثير بجده
هذا منك لا يكون إلا من قلة الشكر له ! تم دعاء له و خرج . قال,هذا منك لا يكون إلا من قلة الشكل له !تم دعاء له وفرج. قال
النحل  الكبير (العملاق)يعتبر هذا النوع من أكبر وأشرس أنواع النحل،فهو كثير الهجرة وغير ومتأنس .,التحل الكبير ا العملاق) يعتبد هذا النوع من أكبد وأشرس أنواع النحل، فهوكثير الهجرة وغير متأنس.
تعد دول الكاريبى من اكثر الدول تعانى من مشكلة,تعد دول الكاريي من آلثر الددل التى تقاني هن متتسكلة
مكن لها أن تتقدم بسرعة، في السنوات الاخيرة هذا التقدم يرتكز على ما يسمى,مكن لما أن تتقدم بسرعة افم السفرات الاخيرة هذا التغدم يرتكز على ما يسي
الخشبية المثبت في أسافلها سكاكين أومساميد لتقطيع القس وتنعيمه ، وبذا يتحول,الخشبية الثيت في أسافلها سكاكين أو مساميو لتقصيع القس وتتعيهه، وبذا يتحول
هذا الربيع يمكن أن يزعم عن جدارة أنه شهد النفطة الفاصلة في التطور التجاري,هذا الربيع يمكن أن يزعم عن جدارة انه شهد النقطة الفاصلة في التطور التحاي
و إن كان قد دعاه و طلب إليه - أراد ان يحتال له أو الرابع إن ابتلي كل واحد منهما بصاحبه .,وإن كان قد دكاه وطلب إليه - أراد أن يحتال له أو الرابع إن التيلي كل وإقد منهما بصاحبه.
لا ترتفع كثيراً عن مستوى سطح البحر .,لا ترتفع كثيرا عن مستوى سطح البحر.
بالبلدان الأخرى بالتي  تمتلكها  الهند  من ناحية جوده التعليم,بالبلدأن الأخرى بالتيي تمتلكها الهند من ناحية جوده التعليم
الأغراض التنموية  من  خلال المشاركة الشعبية الفاعلة ، وذلك بالإضافة إلى قدرتهـ,الاغراض التنموية من خلال المشاركة الشعبية الفاعلة، وذلك الإقاقة إلى قدرية
ذلك أن الكلمة عربية المبنى . وهي مشتقى من فعل شائع  .,ذلك أن الكلمهعرية المنى . وهي مشتقى من فعل شائع
وتكون حضنة الشغالات في الوسط يليها حضنه الذكور ثم  بيوت الملكات في الطرف السفلي للقرص.,وتكونحضنة الشفالات في الوسط يليها مضنه الذكوركم بيوت الملكات في الطرف السفلى للقرجد.
المتوسطة النمو هو 15 عاما كما ذكر (جراد  وآخرون 1995 ). من هنا  يمكن ملاحظة,المتوسطة النمو هو1ا عاما كماذكر (جرار دآخرون 199ا). من هنا يمكن ملاخظة
تريح عضلاتهم وتبلي أعصابهم .,تريع عضلاتهم وتبلي أعصابهم.
الحاصلة من الريف الى المدن و ازدادت عدد المناجم .,الحاصلة من الريف الى المسدن وازدادت عدد الناجم.
مجالاته المتنوعة المتوفرة بمقتضى النظام . وقد وضع المرسوم الدستوري للنظام التعليدي,سجالاته المتنوعة الومتوغرة بمقتض النظام. وقد وصع المرسوم الدستوري للنظام التعلبدس
وأمرحترمام ؛ غير أنعا حين نشرت عام 2005 ، حظيت يوم السبت بالنجاح الذي لا يمكن تفسيره,وأمر حترهام ؛ غير أنهاحين نشرت عام 1005، حظيت يوم السبت بالنجاع الذي لا يمكن تفسيره
وما أشك أنك إذا أكلت رغيفك ونصف رغيفي ستجده مباركاً ! عنما كان ينبغي أن أكون أجده أنا,وما أشك أنك إذا أكلن رغيفك ونصف رغيفي ستجده مباركاً !عنما كان ينبغي أن أكون أجد
"معها ، و من هذه الصور الكثيرة التي يقع فيها التشابه "" المثل الشعبي""","معريا ومن هذت الصور الكثيرة التي يقع فييها التشابه "" المثل الستفيي"
# الدراسات الإنسانية وهو مجموعة العلوم التي أصطلح على تسميتها,# الدرانات الإنسانية وهو مجموعة العلوم التي أمطلح على تسمتية
"بتكلفة غير باهظة لمدة قرن على الأقل ، وإذا ما استعمل ما يسمى "" بالمفاعل النووي المنتج""","بتكلفه غير ياهظة لمدة قرى على الأقل ، واذاما استعمل مايمى ""بالمفاعل النووي المنج،"
تقدمها  للشركاء الماليين . ويجب  أن يعمد  التنفيذ  المتكامل  لهذه,تقدمها للشركاء الماليين. ويجب أن يعمد التنفيذ المتكامل إعيزة
لحصد القمح والشعير و خصوصا في # الأراضي الطينية # الخصبة التي يعلو,لحصد الفمع والشعير وخصوصا في # الأراضي الطينية ### الخصبة التي يعلو
وتراه  في  مناظر متاخرة  عن هذا  المنظر ، وقد أجهده كدحه قي خلق المون ،,وتراه في مناظر متأخمرة عن هذا المنظر، وقد أجهده كدحه في خلق المون ،
من الزاعه تعتبر ضيقه نسبيا ، ها يقتضي زبادتها قليلا من خلال زياده المسافه بين الصفوف الأشجار بحدود,من الزاعه تقير صقه سه ما رحعه ذياديها عليل مم حال ذيده المسانه بن الصفوف الاتعاد حدود
القارئ العادي . في رأيي ، يبعث القارئ العادي حرارة أكثر من الضوء .,القارعأ العادي. في رأيي، يبعت القارئ العادي حرارة أكثر من الصوء.
العالم . وتأتى فى المرتبة الثانية بعد أمريكا الشمالية القارة الأفريقية التى بلغت,العالم . وتأتتي في المرتبة الثائية بعد أمريكا الشمالية القارت الأفريقية التي بلفت
عليها بشكل مائل دائماً . و تنخفض الأشعة الشمسية الساقطة على مناطق,عليها شكل مائك دائما . وتتخفض الأشعة الشمسية الساقطة على مناصق
إستخدام بغض أنواع النفايات المطبخيه والبلاستيكيه كمصدر للطاقه,إستفخدام بعض أنواع النفايات المطبخيه والبلاستيسكيه كمصدر للطاقه
يحيط الأرض غلاف عظيم من الهواء يطلق عليه الغلاف الجوي او الغازي يتكون الغلاف الجوي الغريب من,يحيط الأرض غلاف عظيم م الجهواء يطلق علية الغلاف الجوي او الغازي يتكون الغلاف الجوي الفري من
الأحرار بأجر نقدي ، واستأجروا عمالاً أحراراً يعملون,"الأحرار بأجر تقدي""، واستأجروا عمالاً أحراراً يعملوه"
- وهو  حياة الإنسان وموته . ففى تشارتر  ولاءون ، وليون ، واكسير ، وبورج,ه وهو حياة الإنسان وموته. ففي تشارتر ولاءون، وليون ، وأكسير، وبورج
زيارة حاملة الطائرات ، والتمتع بعادات وتقاليد تشنقتوقو اليحرية،,زيارة حاملة الطائرات، والتمتع بعارات وتقالي تشنقتوقو اليحريتي،
لم   يكن له نظير منذ  ألف عام على الرغم  من انتشار  الأوبئة,لم يكن لن نظير منذ ألف عام على الرعم من انتشار الأوبئة
من كبى حجم الأمرة لغالية الزراع مالذي بلغ عدد متوسط أفرادها,من كبي حمم اسلأسرة لغالية الزرائ والذي بلغ عدد متوصط أفرادها
يؤدى إلى باب حديدى .,يؤدي إلى باب حديبي.
إلى قسمين رئيسين من حيث طريقىة استخداح المحلول المغذي .,إلى مسين رئيسين من حيث طريعيه استخدام المحلول لمغذي.
بني مروان عرضوها على احد ولو كان تلك الدواوين موجودة,بلى مروان عرضوها على اود ولوكان تلك الدواوينن موجودة
قليلة من الأسماك.,قليية من الالممك.
حكومية . - استخدام شبكة الانترنت في المدارس والمؤسسات,حكومية.- استتخدم شسكة الانتدنن في المؤارس ولمؤسسات
مما جعل نظام الزراعه المستخدم كثيفا، علما بأن الشجرهـ الصنقبن,مما جعل نظام الزراعه المستخدم كثبفاً، علماً تأن الشجرهـ لصنقين
مع الغلاف الجوي (71% من الغلاف الجوي يقع فوق هذه المسطحات,مع الغلاف الجوي (اأ% صن العلاق الجوي يقع فوق هذه المطحال
تاريخياً  كما رجحنا سابقاً وإنما - حقوقياً كذلك فإنه إذا كان الأصل هو أن,تاريخياً كمارجحنا سابقا وإنما- حقوقياً كذلك فإنه إذا كان الأصل هوان
إطلاق أوراش  مهمة للإصلاح، كما تجتاز فيها بلادنا,إطلاق أوراش مهمتة للإصلاح ، كما تجتاز فيها بلاديا
التقنية. في البداية ، بدا و كأنه مشروع هامشي : ففي عام 1996 باعت امازون,التقنية. في البداية ، بدا وعأنه مشروع هاشي: ففي عام 1991 باعت امازون
ثانيا:   الإستفادة من المبدعين والمخترعين يساهم في  تحقيق الأطروحة #,ثانيا: الإستفادة من المبدعيف والمخترعين بساهم في تحقيق الأطرودة #
ربحا وافراً . ومن كان له نخل وافر كان غنيا ثريا . وقد ربح,ريجا وافراً . ومذ كان له تخل وافر كان عنياثريا . وقد ربج
والمفاهيمية ، # المتداولة اليوم ،,والمفاهيمية ، # المتداولة اليوم،
"والواحدة ""مأسدة"" . ومن هذه الأماكن ""عثّر""، واليها نسبت ""أسود عثر""","والواحدة ""مأسدى"". ومن هذه الأماكن ""عثر""، واليها نسبت ""أسود عتر"""
في نفس الظاهرة ، مسببة ارتفاع درجة # حرارة الأرض . ورغم,في نقس الظاهرة، مسبية ارتقاع درجة # حرارة الأرض . ووغم
قبل مدته . فقيل له: ويحك استلبت لقمه الامير من يده وقد رفعها غليه,قبل مدته. فقيل له: ويحك استلبت لفمه الاقير من يده وقد رفعها غليه
أما النظام المناخي فهو الحالة الناتجة عن تفاعل مجموعة من الأنظمة,أما النظام المنافي فهو الحالة الناتجة عن تفاعل مجموعة من الأنظمة
وتنفيذ حملات إرشــاديه إعلاميه مكثفة لتوعية المزارعين,وتنقيذ حملات إسشاديه إعلاميه مكثفة لتوعيه الملارعين
أو المحلية شبه الرسمية المستخدمة في المجتمعات المستقلة، بالإضافة إلى البدء في تعلم لغة,أو المحليه شبه الرسمية المستخدمة في المجتمعات المستقلة، بالإضافة إلى البدء في تعلا لفة
الأرض بالدفئ والحرارة عن طريق الأشعة الكونية التي تمر بالغلاف الجوي وصولاً,الأرض بالدفئ والحرارة عن طريق الأشعة الكونية التي تمر بالغلاف الجوي وصولةً
وكمان أن عجز الملوك  عن حماية  ممالكهم  كان سبباً  في  نشأة,وكمان أن عجز الملوك عن حماية مالكهم كان سبباً في نشأة
بدل إستهلاك الوقود الأحفوري مما قلل من كميات إسهلاكه.,بدل إستهلاك الوقود الأحفوري مما قلل من كميات إسهلاله.
المعروفة بالكلام، وبين كسرى المذكور.,المحروفة بالكلامر، وبين كبرى المذكور
في اموالنا.,في اموالنا.
وإتخذت مجموعة من الإجراءات التي تهدف إلى التقليل من إنبعاث الغازات المسببة للتغير,وإتخذت مجموعة من الإجراءات التي تهدف إلى التقليل من إنيعات الغازات المسبين للتغير
المناطق المختلفة من الأرض  يتكون الغلاف الجوي من مجموعة من الطبقات الهوائية,المناطق المختلفة من الأرض يتكون الغلاف الجوي من مجموعة من الطبقات الهوائية
وجذب ذلك  شراء السمن ثم جذب السمن غيره وصار هذا الدبس أضر علينا,وجذب ذلك شراء السمن تم جذب السعى غيره ومار هذا الديس أضر عليناً
التي مرت في العصور المختلفة دوراً ، كان يجب عليها القيام به,التي حرت في العصور المختلفة دوراً، كان يجب عليها القيام به
ينحرك الاعطار فوق مياه المحيطات ريؤدى الى تكدين الأــماج العاليه,ينحرك الاعطار فوق مياه المحيطات ريؤدى الى تكدين لاسعاج العاليه
"بأن أعلنت أن القائحة النهائية لعام 2002 تمثل "" بداية عهد جديد "" .","بأن أعلن آن القائجة النهائية لعام 2005 تمثل ""بداية عهد جديد"""
الوثنية القديمة لا تزال راسخة حتى الآن في نفوس الأعراب وأكثر سكان القرى والمدن، وقد اظهر هذا الرحالة ميلاً عظيماً لدراسة حياة البدو,الوثية القدية لا تزل إسخة حتى الآان في نفوس الأعراب وتكر سكان القرى والمدن، وقد أخهر هذا لرحالة ميلاً غظهماً لدراسة جياة البدو
المحيط، كما عثر فيها على آثار جاهلية لم يعرف من أمرها.,المحيدط كما عثر فيها على آتارجاهلية لم يعرف من أمرها.
تشكيل مادتي الهيستامين و الميلانين اللتان تكسبان الجسم مناعة ضد,تشكيل مادتي الهيستامين والميلايين اللتان تكسبان الجسم مناعة ضد
وإدخال أنواع نباتية على الغابات الطبيعية له فوائد كثيرة ،,وإدخار أنواع نباتية على الغابات الطبيعية لت فوائد كثيرة،
أما فيها يتعلق بالدخل المزرعي فلاحظ التباين الكبي في الدخل المزارعن,أما فيها يتعلق بالدخل المزرعي فلاحظ البياين الكي في الدخل المزارعي
ظاهرة التأثير الكهروضوئي . و تعتبر هذه الظاهره الصوره,ظاصرة التأثر الكهروصتوئي. وتعتر هذه القاهره الصوره
في نهيرات جزيرة العرب، وذلك لأن هذه النهيرات أما قصيرة,في نهيرات جزيدة العرب، وذلكلأن هذه التهيرات أما وصيرة
اهتمام آخر  .,اهتمام آخر
في البلاد  أنه قد يكون من الأفضل للطلاب ذوي المتطلبات التعليمية الخاصة,في البلاد أنه قد يكون من الأفضل للطلاب ذوي المتطلبات التعليمية الخاصة
الحدائق # والبستنة # وتمنح الكليات درجة البكالوريوس,الحدائق # والبستنة # وتمنح الكليات دددية البكالوريونرا
لقد  وصف عبد الرحمن الكواكبي العلم  في كتابه الشهير طبائع الاستبداد فقال,لقد وصف عبد الرحن الكواكبي العلم في كتابه الشيهير طبأئع الاتيداد فقال
،(الدولار الأمريكي يساوي 6،8 يوانات) يعتبر خطوة كبيرة صناعة المرئيات,(الدولار الأمريكي يساوي لا يوايات) يعبر خطوة كبيرة صياعة المرييات
قلت إن هنالك مناطق في الحجاز مكونة من طبقات مترسبة  من أحسن,قلث إن منالك مناطق في الحجاز مكونة من طبقات مترسيية من أحسن
و باستغلال مصادر الطاقة المتجددة يمكننا الإستفادة من الطاقات غير المتجددة في,الصباعاي اليتر #يماوية الهامة بدل من حرقها كوقود وهدرها وإذجات
الغابات ، ونظم الزيادة بمدى التغير الذي يتم إحرازه في برامج إدارة,الغابات ، ونظم النزيادة بمدي التغير الذي يتم إحرازه فن برامج إدارة
يمكن تقسيمها إلى قسمين رئيسيين : مفاعلات اليورانيوم المخصب : و يستعمل في هذه,يمكن تقسيمها إلى قسمين رنيسيين : مفا علات اليور نيوم المخصب : ويستعمل في هده
المختلفة في الصناعة والزراعة والنقل والتعدين,المختلفة في الصناعة والزراعة والنقل والتعدين
"إذ هي تقول :""ورخت الكتاب توريخاً ""","إذ هي تقول: ""ورخت الكتاب توريخاً"""
لكن هذا لم يمنع من ظهور بعض المفكرين الذين حذروا من الإفراط في آستعمال,لكف هذ الهم يجنع من ظهور تعف المقثرين الديف وذروا من الإهواطفي إستعمال
ثم اندفع شيخ ## منهم فقال: يا قوم لا تحقروا صغار الأمور فإن كل  # كبير صغير .,ثم اندفع شيغ # منهم فقال : ياقوم لا تحقروا صغار الأمور فإن كل # كبير صغير .
مكان الى اخر داخل الغلاف الجوي مما يؤدي إلى االتباينات في حالات الطقس و المناخ في,مكان الى اخر داخل الغلاف الجوى مما يؤدي إلى التبانيات في حالات الطقس والمناح تو
"مذهب الغالبية التي تجعل بداية  سنة ""115 ق  . م""، عرفنا أن تاريخ هذا النص","مذهب الغالبية التي تجعل بدائة سنة ""11)ق. م، عرفما أن تماريخ هذا النص"
من المعروف ان غازات الإحتباس الحراري و خصوصاً بخار الماء و ثنائي,من المعروف الدغازات الإحتباس الحراري وخصوصاً بخار الماء وثناعي
المرحلة من سن الثانية عشرة حتى سن السادسة عشرة . الهدف من هذه المرحلة,المرحلة من سن التانية عشرة حتى سن السادسة عشرة . الهدف عن هذه المرحلة
أخرى.    3. # تطوير القدرة على المشاركة في الحياة الاجتماعية والثقافية والسياسية,أخرى. 1.# تطوير القدرة على المشاركة في الصياة الاجتماعية والثقافية والسياسية
الشمسية الساقطة على الجليد ( البيرو ) ستقل مما يسبب في,الشمية الساقطة على الجليد (البيدو) ستقل مما سبب في
و بعدأ ن تجف البيادر  أو الجرون تماما، تدرس بواسطة البهائم التي تبحر الألواح,وبعد أن تجف البيادر أو الجرون تماما، تدوس بواسطة البهائم التي تجر الألواح
وكان يهدف إلى  حماية سكانة أكثر مما يهدف إلى راحتهم . وكان أبعد وسائل,وكاقم يهدف إلى حماية سكانة أكثر مما يهدف إلى راحتهم. وكان أبعد وسائل
تستثمر هذا اعصدر المتجدد للطاقة في مجال النقل. تستهلك,تستثمر هذا المصدر المتجدد للطاقة في مجال النقل . تستهلك
و الأشجار على مقاومة التغيرات المناخية,والأشجار على مقاومة التقيرات المنائية
أو بربئين. وكانت تعطى مرتباً سنوياً طوال حياته.,أو بريعينه ،وكانت تقطى مرتباً سنؤياً طوال هياته.
وجاد وصفا لهم نجد بداً من شربه ولهم تطب أنفسنا بتركه. فإن قعدت في البيت .,وحاد وصفالمه ذحد بداً من شربه ولم تطب أنفضا بتركه. فإن قعدت في البيت
كرناتكا  ومهرا شترا واندارا برايش وتميل  نادوا. وان هذه الكليات لا,عرناكا وهراتزا وانذارا برايت وقل نادوان وان هذه الكليات لا
"قراءتها . واشتكى ديفيد بادييل "" وكأنها معادلة حسابية "" ،""فهم يحاولون أن","قراءتها. واشتكى ديغيد بادييل"" وكانها معادلة حابية""، ""فهم يحاولون أن"
وبالتالي سيكون  مصير  مثل تلك الأملروحة الجمود ومعلوماتها لا تتعدى,وبالتالي ميكون معير مثل قلك الأملردحة الجمود ومعلوماتا لا تتعدى
وقيل لصفوان بن محرز عند ## طول بكائه وتذكر أحزانه : إن طول البكاء يورث,وقيل لصغدان بن محزز عند # طول بكائه وتذكر أحزانه إن طول البكاء يورث
وإن كان  بالإمكان ملاحظة تقد مات كمية ملموسة في تعميم التمدرس وفي إطلاق,وإن كان بالإمكان ملاحظة تقد مات كمية ملموسة في تعميم التمدرس وفي إطلاقا
التعبير وصل إلى اليمن من المغرب العربي،,التعبيد وصل إلى اليمن من المغرب العربي،
الحضارة  تقوي  الإنسان ولا تضعفه لأنها معارف وعلوم,الكضارة تقوي إلإنسان ولا تضعفه لأنها معارف وعلوم
إقترب المناخ الشتوي في ألمانيا خلال الربع قرن الأخير (أعتباراً من عام 1988 ),إقترب المناخ الشتوي في ألمايا خلال الربع قرن الأخير (أعتباراً من عام 1990)
في الأحراش و الجبال ، ولم يتمكن الإنسان  من استئناسها؛أما النحل # الغربي فيبني,في الأحراع والجبال، ولم يتمكن الإنسان من استئناسها؛ أما النحل # القربي فييني
على مسافة 3.80 م بين الصفوف و 1.85 م بين الأشجار في الصفه ، وهذا,على مافة 190م بن الصقوف و15.5م بين الأشجار في الصفه ، وهذا
يتصاعد إلى الغااف ااجوي. وبعكس هذه العملية  حيث تؤدي إنخغاض درجة,يتحاعد إلى الغاف ،اجوي. وبعكس هذه العملية حيث تؤدي انخعاف درجة
فقدموا النظر قبل العزم . وتذكروا ما عليكم قبل أن تذكروا ما لكم.,فقد موا النظر قبل العزم. وتذكروا ما عليكم قيل أن تذ لروا عالعم.
المناطق المنخفضة، وهي تهائم اليمن، بالرمال . وكذلك المنطقة التي يقال,المناطق المنخفضة، وهي تهائم اليمن ، بالرمال. وكذلك المنطقة التي يقال
إستطاعت بعض البلدان النامية من تطوير أمكانياتها في,إستطاعن بعض اليلدان النامية من تطويد أمكانياتها فين
التي تقابله والتغلب عليها. ويعد اىدين أهم العوامل التي تؤثر في توجيه مسيرة,التي تعابله والتغلب عليها . ويعد الدين أهم العوامل التي تؤثر في توجيه مسيرة
جاي الرجل الرجل يجابيه مجاياة و مجايأة إذا مشى إليه و سار نحوه . و عد ذلك في,جاي الرجل الرجل يجابيه مجاياة ومجايأة إذا مشي إليه وسارنخوه . وعد ذلك في
يناسب الوزن الذي بنيت عليه طلعته,يناسب الوزن الذي بنيت عليه طلعته
من نتائج غلبة الطبيعة الصحراه ية على ارض جزيرة العرب ،إن انحصر امتداد شرايين الواصلات في اماكن,من نتائج غلية الطبيعة الصعراهية على ارض جزيرة العرب ، إن انعصر اقتدا شراين الواصلات فيا اعاكف
حتى إن الريادة الغفيفة للصنف ستار كنغ ديليشيس تعود تعود لكون أقوى نمواً من الصنف غودرن,فى إن الريادة الطفيفة للصنف ستار كنغ ديليشي تعود لكون أقوى نمواً من الصنف عوددن
إن مرفقة المرء رفقه في معيشته . فلستم علي تردون ولا رأي تفندون,إن مرفقة المرء رفقه في يعيشته . فلستح علي تردون ولارأي تعدرون
الى الأرض. تكتسب الأرض كأي جسم صلب الحرارة وتصخن وتقوم بعد ذلك بإطلاق,إلى الأرض. تكتسب الأرض كأي جسم حلب الحرارة وتسخن وتقوم بعد ذلك بإطلاق
كما أنها تمنع تدهور التربة و تآكلها ، تحمى ينابيع المياه  ، و تحافظ على استقرار الجبال  ،,كما أنها تمنع تدهور التربة وتاًكلها، تحمى ينابيع المياه، وتحافظ على استقراء الحبال ،
و الفياضانات و الجفاف و الحرائق  . بينت القياسات الحديثة لتركيزات,والفيضانات والجطان والحرائق. يينت القياسات الحدثية يركيزات
صغير، يقفز قفز بعض السمك فوق سطح البحر، أو الهوام وبعض الحشرات,صغير، تقضيز قضز بعض البيمك فوق مطع البجر، أو الهوام وبعض الحشرات
الشك في أصل بعض القبائل المذكورة في كتب اليهود أو في مؤلفات,الشك في اصل بعض القبائل المذكورة في كتب اليهود أو في مؤلفات
ولا علم بأحوال أسلافهم، وكانت الأسباب قد تقطعت بينهم وبين من,ولا علم بإحوال أسلافهم، وكانت الأسباب قد تقصعت بينهم وين هن
وبالبيئة الاجتماعية ما بحيط بالأمة من نطم إجتماعية كنطام حكومة ودين وأسرة ونحو ذلك,وبالبيئة الاحتماعية ما بجيها بالأمة من نظم إحتى عية كظام صكدةة وديند و أسرة وخو ذلك
حجم المباني والتعمير وحجم البقع الجليديه الموجوده على سطح,حمم المباني والتعمير وحجم البقع الجليديه الموجوده على سطح
"الكتابات العربية الحنوبية المدونة والواصلة الينا إلى قبيل الأسلام بقليل ""449 م""","الكتابات العربية الحنوبية المدونة والواصلة الينا إلى قبيل الأسلام بقليل ""وا ق"
وفي هذا الصدد ، فإن التقرير ظل يستحضر الأبعاد المحددة للتنمية البشرية التي تعتبر بدورها محددة ليس فقط,وفي هذا بالصدد ، فإن التقرير ظل يستحضر الابعاء المحدده لتنمية البشرية التي يعتبر بدورها وحددة ليس فقط
الطبيعى الجغرافي لمنطقة تجد وتجد هي التي أجمع المؤرخون,الطييصي للجغراقي لمنطقة تجد وتجد هي التي أجع المؤرخون
"صاحب السره، و ""أبي مخنف"" و ""الواقدي"" و ""الهيثم بن عدي"" و ""أبي البختري"".","صاحب السو، و""ابي مطنف"" والوادي""و""الهيئم بن عدي"" وأبي البختري""."
وهو حزين منكسر . فقلت له إنما يحزن من لا يجد بداً من إسلاف الصديق,وهو حريض مناسر. فقلت له إنما يحزن من لا يجد يداً من إسلاف الصري
"عليها طبقات من الحجاره ""البازلت""  وفي حجارة المناجم خامات معادن متعددة، وتوجد","عليها طيقات من الحجاره ""البازلت"" وفي جارة المناجع خامات معادن متعددة، وتوجد"
الرياح، وتغطي مساحات واسعة من الأرض . ويمكن العثور على المياه في قيعانها,الرياح، وتخطي مساحات واسعة من الأرض. ويمكن العثور على المياه في قيعانها
"أما النصوص العربيّة الجنوبيّة، فقد وردت فيها لفظة ""أعرب"" ""بمعنى""","أما النصوم العريقية الجنوبية، فقد وردت فيها لفظلة ""أعرب"""" تمعنى"""
وبعضها الآخر غير تام ، في كثير من  الحالات ؛ فقد تحولت المنظومة التربوية إلى آلة ثقيلة ، قليلة المردودية،,وبعضها الآخر غير تام ، في كثير من الحالات ؛ فقد تحولت المنظومة التربوية إلى آلة ثقيلة، قليلة المردورية ،
ودريسدان اضافةً لعدد لبير من القرى والمدن الصغيرة.,ودريدر افافة لعرد جر من القرى والمرى الصغيرة
الصخور والطبقات الأرضية، ملائمة للنفط والفحم، إن هنالك مناطق,الصفور والطبقات الأرضية، ملائمة للذفط والفحم، إن هنالك مناطف
عشرين نويعاَ أو سلالة جغرافية، وهي التي يعتمد عليها في إنتاج العسل في معظم,عشرين نويعا أوسلالة جغرافية، وهي لتى يعتمد عليها في إنتاج العسل في معظم
عليها الأشعة السينية : وهي عبارة عن أشعة غيرمرئية ذات,عليها الأستعة السينية: وهي عباة عن أشعة غير مرئية ذات
كنساً أزال عنه كل أثر لشك الجمال . وتهب في # شهر نيسان # رياح حارة من الشرق,كنساً أزال عن كل أتر لشك الجمال . وتهب في # ثهر نسيان # رياح حارة من الثرق
وجود أماكن مريحة تناسب حياتهم التي تعودوها إلا أنهم لم يبالوا ذلك ولم يحلفوا,وجود أساعن مريجة تناسب نباتهتم التي تفود ولها إلا أنهتم لم يبائو ذلك ولم يجثفوا
وبالحرى ان نغلط في مقدارها فتببخس من حقها وقد كتبنا لك أحاديث كثيرة مضافه,وبالحرى ان نغلط في مقدارها فتبخس من حقها قيكتبنا لك أحاديث كثيرة بضاق،
وهنالك نوعان من التفاعلات النووية التي يمكن عن طريقها إنتاج الطاقة,وهنالك نوعان من التقاعلات النووية التي يمكن عن طريقها إنتاج الطاقة
نحى المحرر الأدبي لجريدة الأر بزونر ، روبرت ماك كروم ، هذا الشهر بعد  أكثر من عشر,نحى المحرر الأدبي لجريدة الأوبزرفر، روبرت ماك كروم، هذا الشهر بعد أكثر من عشر
الألماني بتركيب عدسة أيونية ضخمة في إحدى الطائرات، فوجدوا القياسات,الألماني بتركيب عدسة أيوينة خخمة في إحدى الطائرات، فوجدوا القيأسأب
الكوارث الطبيعية البيئية والمتمثلة بالأعاصير والعواصف الاستوائية. اذ ان السنوات,الكوارث الطبيعية البيئية والمتمثلة بالأحماصير والعواصف الاستوائية . اذ ان السنوات
حرف الوقود الاحفوري .,جرف الوقود الأحعوري
يحاول أن يرسم صورة استشرافية لآفاق سنة 2025. على أن اللجنة المديرية,يجادل أن يرسم صورة استشر افية لآخاق سنة 1205. على أن اللحنة المديرية
"سامية  أخرى . ويدل ذلك  عذ  أن  لفظة "" عرب""  في تلك  اللغات  المتقاربة  هو البداوة","سامية أخرى. ويدل ذلك عذ أن لفظة ""عرب"" في تلك اللغات المتقارية هو البيدادة"
بقول . فأما أن يكون كذب بصدق و قول و يقال و إن هذا المثل ال\ي قد جرى على ا,بقول. فأما أن يكون كذب بصدق وقول ويقال وان هذا المثل الذى قد جرى على
المشهور عند اليونان وللرومان .,المشهور عند اليونان وللرومان.
"بأصحاب البلاد الاصليين, اما سواحل عمان و الخليج# فقد اجتذبت",بأصحاب البلاد الإصليين . اماسواحل عمان والخليج فقد اجتذين
وعلى مستوى آخر ، # فقط  هم التحول ، في الآن ذاته ، التراتبات و أشكال الحركية,وعلى مستوى آخر ، وو# فقط هم التحول ، في الآن ذاتة، التراتبات وأشكال الحركية
فلم يرض بذكر الماء حتى أردفه # بالكلإ . وعبتموني حين ختمت على سر عظيم,فلم يرض بذكر الماء حتى أردفه ب# بالكلإ . وعبهموني حين ختمت على سد عظيم
وقد تكونت بفعل البراكين،ويشاهد منها نوعان:نوع يتألف من فجوات البراكين نفسها،ونوع تتكون من,وقد تكونت بفعل البراكين، ويشاهد منها نوعان: نوع يتأئف من فجوات البراكين نفسها، ونوع تكون من
سبحان الله تتوضأ بالعذب والبئر لك معرضة.,سبحات الله تتوضاً بالعذب والبئر لكع مصرضة.
إعصار مسجل لحد الآن حيث بلغت سرعة الرياح فيه 295 كم/الساعة,اعصار مسحل لحد الآدما حيث بلغت سرداة الرياح فيه 200 كم الاماعة
ان الشكل الدائري # للارض ودورانها حول الشمس يجعل أجزائها تتلقى مقادير,ان الشكل الدائري #ر للارض ودورانها حول الشمس يجعل أجزائها تتلق مقادير
تحركها أماما  الثاني : - هي طاقة الوضع لهذه الأمواج في,تحتركها أماما الثاني :- حي طاقة الوضع هذه الأمواج في
وكان لها طائفة من الموظفين الكبار، ومسجلين، وخذنة للأموال، ومأمورين،,وكان لها طائفة من الموظفين الكبار، ومسجلين، وخذنة للأموال، ومأمورين،
التجاري ، كان هذا  العجز  سببا في  اضعاف السادة الاقطاعيين,التحاي، كان هدا العجز سبيا في إضعاف السارة الاقطاعيين
"في عصر رقمي . "" في "" مارس من هذا العام .","في عصد رقعي."" في ""مارس ن هذا العام."
بين العمر ودرجات استخدام الأسمدة العضوية في الإنتاج الزراعي ،,بين العمر ودرجات استخدام الأسمدة العضوية في الإنتاج الزراعي،
عصر النهضة و هي مرحلة بعد الثورة الصناعية، شهدت هده المرحلة تقاربا متزايداً,عصر النهضة وهي مرحلة بعد الثورة الصناعية وشهدت هده المرحلة يقاريا متزايدً
حيث تكون أعلاها في لبنان 600 مليمتر سنوياً .,حيت تكون أعلاها في لبنات 100 هليمتر سنوياً.
بها مثل الطائف واليمن. و أما الأشجار المثمرة الأخرى مثل الرمان,يها مثل الطائف واليمن. وأها الأشجار المشمرة الأخرى مثل الرمان
ولم يظهروا فيها براعة ومهارة، ولم يطرقوا كل الأبواب أو الموضوعات التي تخص الجاهلية.,وام يظهر وافيها براعة ومهارة، واو يطرقواعلى الأبواب أو الموضوعات التي تخص الجاهلية .
يليها في الترتيب المعرفة بطرق الامتخدام الآمن للمبيدات,يليها في الترييب المعرقة بطرف الاستخدام الآمن للمبددات
الصفر، حيث تقوم تلك الغازات بإمتصاص جرء من الأشعة تحت الحمَراء,من الأشصة كت العمراء التي تنبعيث من سطع الأرص كانعك من للانشرقة الباقطة على
جديدة و متجددة. وهي أهم مصدر من مصادر الطاقة الجديدة حيث,جديدة ومتجددة. وهي أهم مصدر من مصادر الطاقة الحديدة حيث
أعقبها. تلعب زيادة تركيزات غان ثنائي أوكسيد الكربون دورا كبيرا,أعقبها. تلعب زيادة تركيزات غان ثنائي أوعسيد الكربون دورا عبيرا
حرارة كوكب الأرض  .,حرارة لموكب الآرض.
في إضعاف إمكانية  إرساء لامركزية حقيقية ومتحررة . وبالفعل ، وفي,في إضعاف إمكانية إرساء لا مركزية حقيقية ومتحررة . وبالفعل، وفي
واحده متكرره عاسبة حزينة ، و لغته غنية بالألفاظ، إذا كانت,واحدة متكررة عاسبة حزيية، ولغته عنيه بالألفاط، إذا كانت
تعد دول منطقة القرن الافريقى من اكثر المناطق تأثرا بالتغير# المناخى,تعد دول منطقة القرن الافريق من اكثر المناطق تأثرا بالتغيرة # المنافي
"وهكذا بدأ النظام القنصلي الذي تقيم الأمة التجارية حسب نصوصه ""قناصل"" لها","وهكذا بدأ النظام القنصلي الذي تقيم الأمة التجارية حسب لصوصه ""قتاصل ""لها"
ينطلق اساسـا من المشكلة الاقتصـاديه والتنافس على الرزق,ينطلق اساسامن المشكملة الاقتصاريه والتنافس على الززف
على إنجاز البحث ومن هنا قد تكون الأطروحة تقليدية أو إبداعية ويكون الفاصل الرئيسي في ذلك,على إنجاز البحت ومن هنا قد تكون الأطروعة تقليدية أو ابدامية ويكون الفاصل الرئيسي في ذلك
في شمال أوربا والمنطقة الإسكندتافية وروسيا الأمر الذي أدى إلى تقليص مساحاتها,في شمال أوريا والمنطقة الإسكنقافية ورويا الأمر الذي أدى إلى تقليص ماحائها
"أشباه المشاهد . و مؤخرا صرحت : "" إذا كنت فتاة تتمتع بحسن المظهر","أشباه المناهد. ومؤخراً لرحت:"" إذا كنت فتاة تتمتع بحين المظاهر"
لهذه الخبرة، بأن الحوادث بعيدة الاحتمال، وأنها لن تحدث أبداً,لهذه الخبرة، بأن الحوادث بعيدة الاحتمال، وأنها لن تحدث أبدا
غير مدخنه الى أواخر العصور الوسطى ، وكان الدخان يخرج من فتحه,غير مدخته الى أواخر العصور الوسطى ، وكان الدخاى يخرج من فتره
كانت عليه قبل الثوره الصناعية مما يهدد بحصول كوارث طبيعيه كالاعاصير,كانت علي قبل الثوره الصناعية ما يهدد لجصول كوارث طبيعية كالاعاصر
الشرقية الجنوبية من نجد حيث تتجه في الشرق، وفي المناطق الجنوبية والجنوبية الغربية,العشرقعة الجنوبيه من نجد حيث تتجه في الشرقد، وفي المناطق الجنوبيه والجنويية الغربية
فى هذا النظام .,في هذا التظام.
بالتعب، لم يأخذوا من معين إلا قليلا، مع أن فيها مادة غنية عن نواح كثيرة.,بالتعب، لم ياخذوا من معين إلا قليا، مع أن فيها مادت غنية عن نواح كثيرة.
أن تحدث ويأتي الإرتباط لتحديد مدى إمكانية توقع الإحساس,ان تحدث وياتي الإرتباط لحديد مدى إمكادية توقع الإجساد)
ـ الأملروحة الإبداعية: غالباً ما تحقق الأملروحة الإبداعية هدفها الرئيسي,الأملروحة الإبداعية: غالباً ماتحقق الأملردحة الإبداعية هدفا الرئيسي
نسب نفس الغاز في هواء الشهيق نتيجة التفاعلات الكيميائية.,نسب نفس الغاز في هواء الشهيق نتيجة التفاعلات الكيميائية.
نويع.,نويع.
هى من أقدم وأهم مصادر الطاقه المتجددة التى عرضا الإنسان منذ تكوينه,هن من أقدم وأهم مصادر الطاقه المتجددة التى عرضها الإئسان مثذ تكوينه
السبب يعود كما تؤكد هذه التقارير الى قلة المتساقطان,السيب يعود كما تؤكد هعده التقارير الى قلة المتساقطات
الرعديه وتمثل أكبر أنواع العواصف المداريه والإستوائيه وتسمى العاصفه,الرعديه وتمثل أكبر أنواع العواصف المداريه والإستوائيه وتسمى العاصفه
ساحل البحر الأحمر # لحماية سفنهم من القرصانه وللاتجار مع الأعراب، ولتموين رجال,ساحل البحر الأحمر ## لحماية سفنهم من القرحانه وللاتجار مع الأعراب، ولتموين رجال
اليابانية ،# البرتغالية ،الرومانية ، الروسية ، والإسبانية بالنسبة للأجانب >> . تعليم الكبار,ليابانية،# البرتغالية، الرومانية، الرويدة ، والإسبانية باننسبة للأجاني)). تعليم الكبار
،# # أعاصير,## # # عاصيز
رمل مسدير، في وسطه فجوة، وهي الدوره، وتجمع الدارة على درات . فهي,دمل مسدير،ا في وسطه وجوة، وهي الدوره، وتجمع الدارة عل درات . فهي
مما ادى إلى إنخفاض درجة حرارة الأرض ومحيطها الغازي وهذا ما ساعد في,مما أدى إلى إنخفاض حرارة الأرض ومحيطها الغازي وهذا ما ساعد في
سورة السجدة ),سورة السجدة)
المتعددة من التعايش ومن تنمية وعي بالانتماء الجماعي  .,المتعددة من التعايث ومن تنمية وعي بالانتماء الجماعي
انظمة التدفيئة والتسخين المائي في منازلهم إلى مصادر الطاقه المتحدره,اتظمة التدفيئة والتخيم الحائي في منازلم إلى مصادر الطاقه المتحدره
نفس الفترة الزمنية بدات عمارة التراب تأخذ طريقها . ففي عام 1943م,نفس الفترة الزمنيتة بدات عمارة التراب تأخذ طريقها. ففي عام 11190م
خلال آلاف سنوات وجوده تغير مستوى الماء في البحر الميت بصورة متطرفة ( جف الجر,خلال الاف سنوات وجوده تغير مستوى الماء في البجر الميث بصورة متطرفة (بف البجر
من أهم الأسباب التي تؤدي الى حدوث الجفاف ندرة الأمطار وارتفاع درجة,من أصم الأسباب التي تؤدي الى حددن الجفاف ندرة الأمطار واريفاع درجة
أن موجة الجفاف التى اجتاحت غابات الأمازون من عام 2005 ميلادية,أن موجة الجفاق التي ابتاحت غايات الأمازون في عام 12005 ميلادية
تحتوي على الاوكسجين الذري والاوكسجين و النيتروجين و الهيليوم,تحتوي على الاوكسجين الذري والاوكسجين والتيتروجين والهيليوم
أخرى للتدريب في المستشفيات،أما الدكتوراة مثلها مثل الهندسة والماجستير مدتها 3 سنوات .,أحرى للتدريب في المستشفيات، أما الدكتوراة مثلها مثل الهندسة والماجستير مدتها 35 سنوات .
الغلاف الجوي   يمثل نظاماً مناخياً تنتقل فيه الحرارة والرياح والأمطار,الغلاف الجوي يمثل نظاماً مناخياً تنتفل فيه الحرارة والرياح والأمطرر
ما رووا، وكانوا أصحاب ملكة حسنة دات قدرة في النقد و التمييز,مارووا، وكانوا أصحاب ملكن حسنة دات قدرة في النقد والتمييز
الخلقية، وفي حدود هذا الاستعداد العام وردت التكاليف الشرعية الربانية العامه ، ثم,الخلقية، وفي حدور هذا الاستعداد العام وردت التكاليف الشرعية الربانية العامه، ثم
أصحاب الفساد.,أصحاب الفساد.
125 مليار دولار أمريكي,155 ملياد دولار أمريكي
في جماعة العرب,في جماعة العرب
مناخيه وبيئيه جوهريه في الكره الأرضيه خلال العقود الاربعه الماضيه سببها,مناخيه وبيئيه جوهريه في الكره الارضيه فلال العقود الاربعه الماميه سبيها
قال له الرجل : إني والله قد خفت هذا بعينه فلم أضع جنبي إلى الأرض حتى جيبته لامرأتي .,قال له الرجل : إنى والله قد ففت هذا بعينه فلم أضع جنبي إلى الأوض عتى جيبته لامرأتي.
الحياة العصرية وخصوطاً في السدول الصناعية,الحياة العصرية وخصوطاً في السدول الصناعية
تبذل الدول جهوداً كثيرة عن طريق البحوث العلمية لتطوير الطرق,تتبذل الدول جهودًاًكثيرة عن طريق البحوث العلمية لتطوعر الطرق
قال ابن عوف عن ابن سيرين. قال عمر بن الخطاب: كان الشعر علم قوم لم يكن,"""قال ابن كوف عن ابن سيرين . قال عمر بن الخظاب: كان الشعر علم قوم لم يكن"
"وقد استمر  "" أحمد أمين "" ، في شرح أثرالبيئة الطبيعية في عقلية العرب و في مظاهر تلك العقلية التي حصرها كما ذ كرت في اللغة والشعر","وقد استمر ""أصمد أمين""، في شرع أثراليئة الطبيعية في عقلية العرب وفي مظاهر تلك العقلية التي حصرها كماد كرت في اللغة والشعمر"
على قومية وجنس معلوم، له موطن معلوم،له موطن معلوم، وله لسان,على قوميه وجنس معلوم ، له مو طن معلوم، له موطق معلوم ولهلييان
حول كتاب يأكل ، يقتل ويغادر لجعله من أفضل الكتب مبيعاً في كوريا,حول كتاب ياكل، يقتك ويغادر لجعله من أفضل الكتب مبيعاً في كوريا
بالمحاصيل الزراعية وموت اعداد هائلة من المواشي.,بالمحاصيل الزراعية ومون اعداد هائلة من المواشي.
امتناعهم عن رواية الشعر الجاهلي أو أخبار الجاهلية.,أمتناعهم عن رواية الشعر العاهي أو أخبار الجاهلية.
وجود علاقة ارتباطية طردية ومعنوية عند مستوى 0.01 بين العمر باستغدام,وجود علاقة اربباطية طردية ومعنوية عند مستوى أ9# بين العمر باستعدام
ولا أدري كيف يمكَن الاطمئنان إلى نص قصة طويلة فيها كلام,ولا أدري كيف يوكن الإلامئان إلى ذص قصة طويلة فييها كلام
# الكربون ، والميثان ، وأكسيد النيتروز والأوزون هي غازات,# الكربون، والميثان، وأكسبد النيتروز والأوزون وكي عارات
بلاد الشام المشرفة على البادية، المتحكمة فيها تحكم الجنود في القلاع  . وبعض قمم,بلاد الشام المشرفة على البادية، المتجعمة ميها تحكم الجنود عي القلاع . ويعض فمهم
الحكيم ، وبطريقة جريئة لا تأخذ ها في الله لومة لائم،ولا تخضع لرؤى جامدة,الحكيم، وبطريقة جريئة لا تأخذها في الثه لومة لائم، ولا تخضع لرؤى جاقدة
عابرة الأطلنطي,عابدة الاطلنطي
الناس وهربهم الى البوادي وتحول الأرضين الخصبة الى أرصينن جرد.,الناس وهربهم الى البوادي وتحول الأرضين الخصبة الى أرصين جرد.
والوقت و طول الليل والنهاء . تعادل شدة الأشعه الشمسية والطاقة الحرارية الواصلة,والوقق وطول الليل والنهاء. تعادل شدة الأشعه الشميسية والطاقة الحرارية الواصلة
وتتسح بالعمومية والتوحد في طبيعتها. وتضح المرحلة ستة صفوف تستغرق ست سنوات دراسية,وتتسح بالهومية والتوحد في طبيعتها. وتضح المرحلة متة صفوق تستعدرق ست سنوات دراسية
وهذه النظرية، بالرغم من دفاع بعض كبار علماء اللغات والأجناس,ومعذه النظرية بالرغم من دفاع لعض كبار علما، اللغات والأجاض
لكن الغيوم تعتبر ظواهر قادرة على امتصاص الأسعة تحت الحمراء،لأن الغيوم العالية تكون,لكن الغيوم تعتبر ظواهر قادرة على اهتصاص الأسعة تحت الحمراء، لإثنالفيوم العالية تكون
"في مكان ما خلال فترة وجيزة من الزمن تتراوح بين الساعة الواحدة إلى عدة شهور "",","في مكان ما خلال خترة وجيزة من الزمن تتراوح بين الساعة الواحدة إلى عدة شهدر""و"
وكان دوره رائد فى المحاور العربية والإفريقيه والإسلامية ، كما برهن عل,نوكان دوره رائد في المحافل العربية والإفريقية والإسلامية، كمابر من على
هذا اللون هو تطوير للمربع بزيادة شطرة واحدة على شطرات المرجع لتصبح خمسا . والغالب,هذا اللون هو تطوير للمربع بزيادة شطرة واحدة على شطرات المربع لتصبح خمسا. والغالب
على المناطق الساحلية، وتلعب المسطحات المائية دوراً مهماً في تقليل,على المناطق الباحلية ، وتلعب المسطحات المائية دوراً مهماً في تقليل
عاش في شمال أفريقيا في القرن الخامس الهجري و كان مبعث دهشتي أن هذا,عاش في شمال أخريقياً في القرن الخامس الهجري وكان مبعث رحشئي أن هذا
على وجوب استعمال كل الصفات لتحديد النويعات سواء صفات مرفومترية,على وجوب استعمال كل الصفات لتحديد النويعات سواء صفات مرفو مترية
الخضراوات.  هانغقو لوحة رائعة، يدهشك فيها مشهد الملح المتألق,الحضراوات. هانقو لوحة رائعة، يدهشك فيها مشه# للملج المتأق
يغتمد تركيز بخار الماء في الجو على درجة الحرارة حيث,يغتجد تركيز بخار الماء في الجوعلى درجية الحرارة حيث
من إدارته ومراقبته السياسية والاجتماعية .,من إدارته ومراقبته السياسية والاجتماعية.
بعد أن ضرب غلمانه بيوم فقلت له: ما هذا الضرب المبرح وهذا الخلق السيء هؤلاء,بعد أن صيرب غلمانه بيوم فقلت له: ما هذا الحجترب المبرح ويهذ الخلق السى ت ؤلاء
العجز تستدعي قدراً عالياً جداً من التكييف والتعديل للمنهج الدراسي الخاص,العجز تتدعي قدراً عالياً جداً من التكين والتعديل للمنهج الدراسي الخاص
وتفاوت الاستعداد والطبائع لا ينافي وجود استعداد عام صالح لاكتساب مقدار من الصفحات,ولفاوت الاستعداد الطبائع لا ينافي وجود استعدار عام صالح لاكتساب تقدار من الصفحات
خارجي أحسن من النموذج الأول لجعل المنتوج أجمل، لكن يمكن لاي,خارجي أحسن من النموذج الأولع لجمل المنتوج أجمل لكن يمكن لاي
ما دخل في هذا الكتاب ومنها ما دخل في كتاب الأيامً .وقال في,"مادخل في هذا الكتاب . ومنها مادخل في كتاب الأيام"". وتقال في"
إن تحديد أبعاد قطر تاج الشجرة من خلال # تعقيب فروعها الطويلة والفدين خصوماً,إن تحديد أبعاد قظر ناج الشبجرة من خلال # تقضب فروعها الطويلة والغدين نصوماً
وقد أشير إلى الدهناء في بيت شعر للاعشى هذا نصه: يمرون بالدهناء خفافاً عيابهم,وقد أشير إلى الدهناء في بيت شعر للا عشى هذا نصه : يمر بالدهناء خفافاً عيابهم
في شمال غرب البلاد وكذالك الموجود في شمال شرقها يحتلف عن,في شمال غرب البلاد وكذالك الموجود في شمال شرقها يختلف عن
وأنا أزعم أن البكاء صالح للطبائع ومحمود المغبة إذا وافق الموضع ولم يجاوز,وأنا أزعم آن البكاء صالع للطباتع ومحمود المفبمة إذا وافق الموضع ولم كجادور
الذي طبق حلى الأشجار بسبب تقدمها في العمر ، مما اتقضى  إزالة بعض تلك الفروع خصوصًا بعد,الذي طبق على الأشجار بسبب تقدمها في العمر، مما اققضى إزالة بعض تلك الفروع خصوجتاً بعد
المثمرة قبل حوالي 5500 سنة . عرفت مناطق معينة من العالمـ مثل,المثمرة قبل حوالي 1005 سنة. عرفت مناطق هعينة من العالم مثل
لممارسة حقوقهم التعليمية. وتستأثر الدولة أيضاً بعدة سلطات تنفيذية,لممارسة حقوقهم التعليمية، وتستاثر الدولة أيضاً بعدة سلطات تنفيذيه
العربي  على استكمال  برنامجها ، في  إحداث  تغيرات جذرية,بلدان شمال أفريقيه على استكمال البرامج الوطنية ، وبلدان اتحاد المغري
وصير الأماكن إباء وأجداداً، وجعل أسماء القبائل أسماء رجال، تم هـ,وصير الأماكن إباء وأجداداً، وجعل أسماء القبائل أسماء رجال، تم له
أفضلية الإسلوب اللامركزي على الإسلوب المركزي  في الإدارة...,أفضلية الإسلوب اللامركزي على الإسلوب المركزي في الإدارة..
كما لا تستوي مواضعهم في المجلس ومواقع أسمائهم في العنوانات وما,كما لاتستوي هواضعهم في المجليل ومواقع أسماهم في العنوافات وها
استبانة صممت لأغراض جمع البيانات الأولية عن طريق المقابلة,استبانة صممت لأعراص جمع البيانات الاولية عن طريق المقابلة
قد تخرج الأطروحة عن نطاق هدفها الرئيسي حيث يخطط بها بناء على أبحاث سابقة مألوقة و,قد تخرج الأطروجة عن نطاق هدطها الرئيسي حيث يخطط لها بناء على ألحات سابقة مألوقة و
تربة البستان حمراء متوسطة العمق . توضعت فيها الأشجار في صفوفه عارية,ترية البستان جمراء متوسطة العمق . توضفت فيها الأشجار في صفوفه عارية
أبراج اليمن أبراج التراب ما زالت صامدة منذ آلاف السنين أمام,أبراج اليمن أبراح التراب مازالت صامدة منذ آلاف السنين أمام
وبالرغم من ـ وأحيانا بسبب ـ اعتماد سلسلة من الإصلاحات ، التي كان بعضها مرتجلا ، في بعض الأحيان ،,وبالرغم من - وأحيانا بسب - اعتماد سلسلة من الإصلاحات، التي كان بعضها مرتجلا، في بعض الأحياز ،
ووادي الحمض من الجنوب، ويلتقي به واد آخر هو وادي التبج، أي وادي السلسلة.,وواري الحمض من الجنوب، ويلنقي به واد آخر هو وادي التبج، اي دادي السلسلة.
لا نتمكن من الاطمئنان إليه، لأنه لم يرد به سند مدون، ولم,لانتمكن عن الاطمئنان إليه، لأنه لم يردبه سند مدون، ولم
و أضافت الثوره الاقتصادية التى قامت فى القرن الثانى عشر طبقه جديده إلى هذه,وأخافت الثوره الاقتصادية الي قامت في القرن الثاني عشر طببقه جديده إلى هذه
وأوضحت هذه النتائج أيضا آراء مختلفة حول انتشار النويع الشمال إفريقي ، فمن جهة,وأو ضحت هذه النتاعج أيضا آراء مكتلطة حول انتشار النويع الشمال إقريقرا، فمن جهة
الشخصية ، اشتملت الاستبانة على ثلاثة أقسام رئيسية للوفاء,الشخصية ، اشتملت الاستبانة على كلاثة أقسام رئيسية للوفاء
لقدرتها الفائقة على إمتصاص الاشعة الشمسية بسبب نفاذيتها,لقدمت الفائقة على اجتصاص الاشيعة الشمسية بسبب نفازير،
وعدم الإستعداد لاستلام السيف . وكان ألقــاب الشرف لا حصر لها وكانت متفاوته المنزلة,وعدم الإستعداد لاستلام السيف . وكان ألقاب الشرف لا مصد لها وكانت متفاوته المنرلة
الفروع الهيكلية ونعف الهيكلية  ، مجلتا بأن عملية التقليم الجائز تعتبر من أكثر عمليات الحدمة,الغروع الهيكلية ونعف المبكلية اعلتاً بأن عملي التقيم الجائر تعبر من أكثر عمليات الحدمة
الجنوبية والسواحل الشرقية، تعرضت هي أيضاً لهزّات عديدة، فخسفت في مواضع,الجنوية والسواحل الشروية، تعرضت هي أيضاً لهزات عديدة، فخسفت في مواضع
مدارى,صدارك
المشروبات الغازية المذاق الحامض. بسبب برودته وعدم تفاعله مع الأوكسجين يستخدع,المشروبات الغازية المذاق اللحامفا . بسبب برودته وعدم تفاعله مع الأوكسجين يشخدع
الاتصال اللا سلكي حن خلال نظام يطلق عليه ويسبر نت .,الاتصال اللسلككي حن خلال نظام يطلق عليه ويسبرنت.
أسمائه في اللغة ومن ورود اسمه في الشعر الجاهلي، أنه كان كثيراً فيها،,أسمائه في اللعة ومن ورود اسمه في الشعر الجاهلي، أنه كان كثيراً فيها،
خضوع تام   من قبل السلطات  الإدارية   العامة,خضوع تام من قيل السلطات الإدارية العامة
على شكل منشجرات نسب إلى ذلك الديوان فصار مجموعة # سجلات . واهذا,على شكل مشجرات نسب إلى دلك الديوان مصار مجموعة # سحلات . واهذا
وتتمثل رسالته الرئيسية في التأكيد على أنه بفضل هذه النظرة التأملية في,وتتمثل رسالته الرئيسية في التأحيد على أنه بفضل هذه النظرة التأملية في
البلاد و أماكنها الاثريه، و عاد بنصوص معينة مهمه دخلت في ممتلكات المتحف البريطاني .,البلاد وأماكنها الاتديه، وعاد بنهوها مينة مهمه دخلت في تتلككات المتحق الإياني .
ويتبين من هذه الملاحظات أن السجل المشار إليه هو مجموعة أجزاء وضعها جملة,ويتبين من هذه الملاخظات أن السجل المشار إليه هو مجموعة أجزاء وضعها جملة
و قال عوف بن القعقع لمولاه: اتخذ لنا طعاما يشبع فضله أهل الموسم. قلتم : فلما رأى الخبز الرقاق,وقال عوق بن القعقل المواه : اتخذ لناطعاماً بشع فضله أهل المو. قلتم : فهطما ر أى الجبز لم قاق
كان أبخل من برأ الله وأطيب من برأ الله . وكان له في الحل كلام . وهو أحد من,ككان أبخل من برأ الله وأطيب ما برأالله. وكأن له في البعل كلام. وهو أحد من
ما حقق مساحة غذائية للشجرة مقدارها 7.03م2 بكثافة 124.2 شجرة / دونم,"ما حعق ماحة عذائية للشجرة ققدارها (15م"" بكثافه 195 شجرة (دونم"
الأشعة فوق البنفسجية الضارة ويبلغ اقصى كثافة له,الأشعة فوق البرفسجية الضارة ويبلع اقصى كنافة له
المتعددة هو المسبب لظاهرة الاحتباس الحراري. وكان التقرير الأخير لهذه الهيئة والصادر,المتعددة هو المسب لظاهرة الاحتباس الحراري. وكان التقرير الأخير لهذه الهيئة والصادر
حناعة السكائر من الصناعات التي تدر أرباحاً خيالية على شركات حناعة السكائر. التبغ,صناعة السكائر من الصناعات التي تدر أرباحاً خيالية على شركات صناعة السكائر . التبغ
المعمرة كما # وأدى إلى انحسار المياه فى الأنهار والمسطحات المائية .,المعمرة كما # وأدى إلى انحسار المياه في الأنهار والمطمات المائية.
"و لا يغيب عن الذهن ان الحادي يردد الشطر الاول عدة مرات ,وبعيدخلفه الحصادون",ولا يغيب عن الذهن ان لحادي يردد الشطر الاول عدة مرات، ويعيدة لفه لحصادون
وكان أرباب  الحرف في كل صناعة ممنوعين عادة من  الانضمام إلى نقابات التجار ،,وكان أرباب الحرف في كل صناعة ممنوعين عادة من الاتضمام إلى نقابات التجار،
كاحد مصادر الطاقه الرئيسية لتوليد الكهرباء خلال النصف الأول من القرن الأول.,ك حد مصادر الطاقه الرئيسية لتوليد الكهلباء خلال النصفا الأول هن القدن الأول.
فصلين للمدارس الريفية .- يهتم القائمون على التعليم   في المدارس,فصلين للمدارس الريغية.- يهتم القائون على الثعلم في المداسن
أهل الجاهلية، وعلى قوم كانوا قد تسلطوا وتحكموا وتجروا بحكم العرف والعادات,أهل الجاهلية، وعلى قوم كانوا قد تسلطوا وتحكموا وتجروا بحكم العرف والعادات
"ويعمل  الحصادون تحت أشعة الشمس عارقة , وكي يروحوا عن انفسهم ,ويلهوها عن هذ ا",ويعمل حصادون تحت أشعة الشمس الحارقة، وكي يروحوا عن انفسهم، ويكهوها عن هذا
ه####,هذ##ب
بجنوب آسيا في بلاد الهند وماليزيا والصين واندونيسيا، ورغم أن هذا النوع غير مستأنس,بحيوب آسيا في بلاد الهندوماليذيا والصين واندوينسيا، ورغم أن هذا النوع غير مسأثس
نخطوها نحو المستقبل لتكون ثابتة ومثمرة وأن لا نقبل كل جديد مكلف لأنه جديد .,نخطوها نخو المستقبل لتكون ثابتة ومثمرة وأن لا نقبل كل جديد مكلف لأنه حديد.
وهذا يعتمد على نوع الأحياء الدقيقه التي تقوم بتحليل المركبات العضويه,وهذا يعتمد على نوع الأحياء الدقيقه الت تقوم يتحليل المركبات الفضويه
الحيونات، امتدت من هذا النهر إلى البادية مسيرة انثتي عشر يوماً، حملت,الحيرنلات. إمددة من هذا التهر إلى اليادية ملسيرة إنتيي عشر يوها حملت
نوعية الثمار . الري : رغم توفر الأمطار السنوية .,نوعية التمار. الري :رغم توفر لأمطار السنوية.
إلا أن هذا الإطلاق لم يكن واسعاً كثير# الاستعمال، وفي استطاعتنا ذكر,إلا أن هذا الإطلاق لم يكن واسعاً كثير# الاسعمال، وفي استطاعها دحر
"النبط، استولى الامبراطور ""تراجان"" عام ""106 م"" على هذه المقاطعه وضمها #","النبط، استولى الآمبراطور ""تراجان ""عام 15م""على هذه المقاطعه وضمها #"
التوازن بين القيم الماديه ، و القيم الأخلاقيه ( الانسانيه ) تتسم طبيعة,التوازن بين القيم الماديه ، والقيم الاخلاقيه (الانسانيه) تتسم طبيعة
الشمس أشعتها المحرقة القاسية فتصيب أعماق نخاعه ، ويسطع,الشمس أشعتها المحرقة القاسية فتصيب اعماق نخاعه، وسعطم
ظهورها بالعصي والسياط كي  تسرع في دورانها، وهم يدفعون أمواتهم بالأهاذيج الشعبية,ظهورها بالعصي والسياا كي تسرع في دورانها، وهم يرقعون أمدواتهم بالأهازيج الشمية
التحول إلى مصادر الطاقة المتجددقه والمتمثلة بالكتلة الحيوية. تعتبر,التحول إلى مصادر الطاقة المتجددة والمتمثلة بالكتلة الجيوية . تعتبر
و تنوع الغطاء النباتي الموجود في الأمازون تعد هذه الغابة بمثابة رئة كوكب الأرض وذلك,وينوع الغطا النابتي الموجود في الأمازون تعد هذه الغابة بمئابة رئة كوكن تلأرضن وذلك
درجة حرَارة سطح الأرض مَا بين 19درجة و15 درجة مئوية تحت,درجة حرارة سطح الأرض متابين 1ل درجة وآادرجية مكوية ثحت
وطرق معيشتهم، وهو يتشوق إلى الصحراء ويحـن  حنين البدو،,وطرق معيشتهم، وهو يتشوقة إلى الصحراء ويحسن حين البدو،
و تشتت و إمتصاص الأشعة الشمسية. إذ تقوم السطوح السوداء اللون,وتشتت وإمنصاصد الإشعة الشميسية. إذ تقوم السطوع الوداء اللوية
صفات  حميدة  لأنها من فضائل  الأخلاق ، فآثارها تابعه لها  في  الحكم .,دفاعا عن الحق ، وإزهاقا للباطل حال كونه نابعاعن الشجاءه، فهذه
وأنا واثق باعتزامك وتصميمك وبقلة المبالاة بتخيل الناس لك . مما وجه انكسارك,وأنا واثق باعتزامك وتصميمك وبقلة المبالاة بنخيل الناس لك.مما وجه الكساك
الدولة.,الدولة.
ساسية مساوية في الحجم قطاعها العرضي لمثيلاتها في اقراص النحل الغربي ،لكن بعمق يساوي,سداسية مساويه في الججم قطاعها العرضي لمثيلاتلها في اقراص النحل الفربي ، لكن بعمقا يساوي
الحريق لأهل الفساد و هجومهم مع ذلك على سرمكتوم و خبئ مستور من صيف مستخف,الحريق لأهل الفادوهجو#م مع ذلك على سرمكتوم وخبئ مستور من صيف مستخف
يكون وقت الشهيق أطول من وقت الزفير ويتراوح معدل التنفس عند الرجل السوي بين 13-18 دورة في,يكون وقت الشهيق أطول من وقت الزفير ويتراوج معدل التنظس عند الرجل السوي بين 15- 95 دورة في
الكتب المدرسية ملك المدرسة - الحصة في المدرسة مقدارها 50 دقيقة ويخصص معلم لكل فصل،,الكتب المدرسية ملك المدرسة - الحصة في المدرسة مقدارها 15 دقيقة ويخصص معلم لكل فصل،
تلقى فى الجهة الداخلية منة تكون حاجزاًعالياً تدق فيه عمد أربعة يرتبط بعضها,تلقرى في الجهة الداخلية منه تكون حاجزاً عايياً قدق فيه عمد أربعة يرتبط بعضها
مختلف المجالات يمكّنها من المشاركة في تأسيس نموذج معرفي عربي أصيل.,مختلف المجالات يملنها من المشاركة ي تأسيس نحوذج معرفي عربي اجيل.
والسبئيه و الحمرية والصفوية والثمودية واللحيانيه وأمثالها، اختلفت,والسبئيه والهمرية والصفوية والتمودية واللحيانيه وأمتاًلها ، اختلور
"""قناة البحار"" ، التي كان من المفروض أن تنقل مياه من البحر المتوسط إلى البحر الميت","""قتاة البمار""، التي كان من المفروض أن تتقل مياه من البيعر المتوسط إلى البحر يلميت ."
"وكان ""الهمداني""، قد نص في الجزء الأول من ""الإكليل"" على أن ذلك السجل، هو","وكان ""الههداني""، قد نص في الجرء الأول من ""الإكيل"" على أن ذلك السجل ، هو"
وقد  نشأت فى هذة الأبراج فى القرنين الحادى عشر  والثانى عشر,وقد تشأت من هذه الأيراج في القريين الحاري عشر والقاني عشر
خلال القرنين الماضيي أدى إلى زيادة كبيرة وملحوظة في استهلاك,خلال القرين الماطيي أوى إلى زيادة كبيرة وملحوظة في استهلاك
يستقبلون به من التحيات . وكيف و هم لا يفقدون من ذلك ما يفقد,ييستقتلون به من التحيات . وكيف رهم لا يققدون من ذلك ما يذفد
اليورانيوم اللازمة لتوليد كمية معينة من الكهرباء، مقارنة بالكمية التى,اليورانيوم اللازمة لتوليد كمية معينة من الكهرباء، مقارنة بالكمية القي
للطاقة ، ومتحملا  لأعباء مكلفة في هذا المجال. ولذلك ، فإن تطوير الطاقات المتجدّدة ، وكذا,للطاقة، ومتحملا لأعباء مكلفة في هذا المجال. ولذلك، فإن تطوير الطاقات المتجددة، وكذا
ويرجع بعض العلماء ظاهرة الاحتباس الحراري إلى التلوث وحده فقط حيث يقولون بأن هذه,ويرجع بعض العلماء ظاهرة الاحقباس الحراري إلى التلوث وحده فقدا حيث يقولون بأن هذه
"هذه السلسلة مرتفعة . وقد تتساقط الثلوج عليها كجبل دباغ للذي يرتفع ""2،200"" متر","هذه السلسلة مرتفعة . وقد تتتساقط التلوج عليها كجبيل دباغ للذي برتفع ""10995 ""متر"
الجوي نتيبة لزيادة إنبعاث غاز ثنائي أوكسيد الكربون بسبب مرق الفحم الحجري.,الجوي نتيمة لزيادة إنبعاث غاز ثنائي أوكسيد الكربون بسبب مرق الفحم الججري.
تلعب المسطحات المائية دوراً مهما ومؤثراً في مناخ الأرض وهي تغطي,تكعب المسطحات المائية دوراً مها ومؤثراً في ضاخ الأرض وهي تغظى
مع إخضاعة لدينامية تجديدية ، من الناحية الفنية # والثقافية . وهكذا ، فسواء,مع إخضاعة لدنامية تحديدية، من النامية الفية # والثقافية . وهكذا، فسواء
التواجد المفارق لوزارات متضخمة إلى جانب أخرى محدودية الصلاحية ،,التواجد المغارق لوزارات متضخمة إلى جانب أخرى محوودية الصلاحية.
"الصبي وقد تطيبنفسه وعليه ينبت شحمه ويكثر دمه الذي هو عله سرورهـ ومادة قوته ,",الصبي وقد تطيبنفسه وعليه ينبت شحمه ويكثر دمه الدي هو علىه مردره ومادة قوته
طبقاتها الفوقية أكثر برودة من نظيرتها في الغيوم المنخفضة وبالتالي فإنها تعكس قدراً أقل من,طبعاتها الفوقية أكثر برودة من نظيرتها في الغيوم المتخقضة وبالتالي فإنها تعكس قدرا أقل من
المطروحة عليه ، ويقف على اتجاهات الوازنة # لتطوره الحالي ، والتي سيكون لها تأثير على مستقبل,المطروحة عليد ، ويقف على اتحاهات الوارية # لتظوره الحالي ، والتي سيكون لها تأثير على مستقبل
أتاه وللجليس إذا طال جلوسه.,أتاه وللجلييس إذا طال جلومه.
لما كان قد أهمل الإشارة إلى أصحاب تلك الكتابات،,(ما كان قد أهمل الإشارة إلى أححاب تلك الكتابات،
غير واعد ة عالمياً .,غير واعدة عالمياً.
وقد استخدمت عدة طرق للتخلص من هذه الفضلات ، علماٌ بأن الحجم,وقد استخدقت عدة طرق للتخلم من هذه الفضلات ، علماً بأن الحجم
يتمثل التغير المناخي بإتفاع درجة # حرارة الجو # والتغير الحاصل في أوقات فصول السنة وإزاحة,يتمثل التغبير المناض بإتفاع درجة # حرارة الجو# والتغير الحاصل في أوقات فصول السنة وإزاحة
ينطفئ أشغف رأس الفتيلة بذلك . قال: فقلت له: ما بال العود مربوطاً قال: هذا عود قد تشرب الدهن.,ينطفئ أشخص رأس الفتيلة بذلك . قال : فقلت له: ها بال العود مربوطاً قال: هذا عود قد تشرب الدهن .
ما نهرا من الأنهار، غير أننا لا نستطيع إن نتكهن في أمر هذا الوادي,ها نهرا من الأنمار غير أننا لا نستتطيع إن نتكمن في أمر هذا الوادي
إيمكانية النقل، و هذا ما يشكل عائقا . أمام التطور الصناعي الصحيح .,"إيمكانية النفل"" وهذا ما يتكل عاعقاً. أما م التطور الضاعي الصحدح."
مع الثانية حيث بلغ معامل # الارتباط البسيط 0.128 ، و 0.125 على التوالي .,مع الثعية حيث بلغ معامل ### الاربقاط البسيط 191.0، و1905 على التوالي .
فيقول عن اول دخوله و خلع نعله و هو رافع سوته بالتنويه و بالشنيع: هات يا مبشر,"فيقول عند أول دخوله وفلع نعله وهو رافع صدته بالتويه وبالبشنيع ""هان يإمبتر"
خلال رحلاتها كانت مالى تقيم في خيمه تحملها وتتناول الاطعمه,حلال رحلراتها كانن مالى تققيم في خيمه بحقلها وتتباول الاضعمية
"تاريخي معروف ، فلا أدب بلا اصل ، إما أصل حقيقي، أو رمزي ..""فسيرة","تاريخى معروف ، غلا أدب بلا اصل ، إما أصل حقيقى، أو رمزي . ""فسرة"
"استعمالها وهو ""داوود""، ومنذ ذلك الحين،أقبلوا على تربيتها والإستفادة","استعمالها وهو""داووذ""، وهنذ ذلك الحين، اقبلوا على تربيتها والإستفادة"
فإذا اهتدينا إليها صار من السهل على رأيه التوصل إلى معرفة الوطن الأصل,فإذا اهتدييا إليها صار م السمل عى رأيه التوصل إلى معرفة الوطب الأصل
وصحراء (الربع النحالى ) حسب المراعي والكلأ فهم رمل فحيث ما تسقط,وصعراء (الربع التحالي ) حسب المراعي والكلأقهم رمل فحيث ماشقط
الناس حددا ثيابه لبسا فظننت به الحزم.,الناس جددا وثيابه ليسافطتت به الحزم.
وانتشارها، وعلى المستوى العالمي هناك تضارب في الآراء حول,وإنتشارها، وعلى المستوى العالم هناك تضارب في الآراء حول
"مطبخيه , ورقية معدنيه زجاجيه بلاستيكيه.أدت هذه الطريقه إلى",مطبخيه ورقية معدنيه زجاجيه بلاستيكيه. أدت هذه الطريقه إلى
وخصوصاً غاز ثنائي اوكسيد الكربون حيث إرتفعت نسبته من 270 جزء بالمليون,وخصوصاً غاز ثنائي اوكسيد الكربون حيث إرتفعت من 105 جزء بالمليون
الطاقه الميكانيكيه : وهي الطاقه الناتجه عن حركه الأجسام من مكان لآخر حيث أنها,الطاقه المكانيكيه: وفي الطاقه الناتجه عن مدكه الأجام من مكان لاخد حيث أنها
لأن كل فرد ومبدع أعلم بمجتمعه وبيئته فمثل تلك الاطروحات تولد وتنمي,لأن كل فر. ومبدع أعلم بمجتمعه وبيئته فمثل بلك الاطر وحات تول وتنمي
ونشوة. قلما طال تغافله وطال تغافله وطالتمدافعته وعرضوا له بذلك فتغافل,ونصوة . قلما طالتغافله وطالت مرافعته وعر ضواله يذلك فتقافل
مياه البحار والمحيطات ممكن له ان يزيد حموضه المياه مما قد يؤثر,فياه البحار والمحيطات ممكن له ان يزيد حموضه المياه مما قد يؤثر
و خصائص و مميزات الأجناس لا تزال بحوثاً قلقة غير مستقرة . و لهذا تجد نتائج بحوثهم,وخصائض وميميزات الأجناس لاتزال بجوثاً قلقة غير مستقرة . ولهذا تجد نتائج بحويهم
فقلت لأصحابنا:- لولا أنه بعيد العهد بالاكل في بيته و ان ذلك,ققلت لأصحاننا: لولا انه تعين العهد بالاكل في بعته إن ذلك
واأني لأرى هذا القول قد وقع منك هذا الموضع اجعلها عشرين,وأفي لأرمى نهذا القول قد وقع منك هذا الموعع الجعلها عشرين
عالم تجرا على البحث في تاريخ العرب قبل عام الفيل . لكن لم,عالم تجرا على البحث في تاريخ الغرب قبل عام الغيل. لكن لم
حيث يحتجز ثاني أكسيد الكربون و غازات آخرى في الجو بعض حرارة كوكب,حيث يحتجز ثاني أكسيد الكربود وغازات آخرى في لجو بعض حرارة كوكب
كما تم اعتمدا التعليم التجديدي للوحدات الإثمارية ، بهدف تجديدها وتطويرها بما يلائم تحسين,كماتم اعتمدا البعليم التجديدي للوحدات الإمارية، بهدف تجديدها وتطويرها بما يلائم حسين
تطغى عليها السيول عند سقوط الأمطار، فصير وكأنها طاغية مزبدة,تطفي عليها السيول عند سقوطا الأمطار، فعير وكأنها طاغية مزبدة
بالنسبة نفسها من الأشعة الساقطة على المناطق الإستوائية . تفسر هذه الإختلافات,بالنسبة نقسها من الأشعة الساقطة على المناطق الإلتوائية . تفسر هذه الإحتلافات
تكون الغازات المختلفة 1-5% من الحجم الكلي للماغما البركانية و ياتي على راسها,تكون الغازات المختلفة (-5% من الحجم الكلي للماغما البركانية وياتي على راسها
فكليلية و دمنة مثلاً التي دفع ابن المقفع حياته تمناً لها لمهاجمته السلطة,فكليلة ودمنة مثلاً التي دفع إبن المقفع حياته تمناً لها غهاجمته السلطة
والمساء مثل الجليد والرمال بعكس كميات أكبر من الأشعه الشمسيه بينما تقوم,والمساء مثل الجليد والرمال بعكس كميات أكبر من الأشعه الشمسيبه بنما نقون
1850. في حين يعد إعصار فيلمر والذي ضرب كل من كوبا وجزر,1900. في محين يعد إعصار فيلمر والذي ضرب كل من كوبا وجزر
أحيبت المكسيك في الثالث من نوفنمبر عام 2007 بكارثة مدمرة نتيجة العواصف الممطرة,أحيبت المكسيك في الثالث من نوفغير عام 12000 بكارثة مدمرة نتيجة العواصف المعطرة
الارض، وازالوا بعض الجدر و# الاسوار وحيطان البيوت.,الارض وازالوبعص الجدر و# الاسوار وحيطان البيوت.
تحتاج كل هذه الأنشطة الانسانية وغيرها إلى استهلاك مصادر الطاقة وتؤدي إلى تحرير غازات,تحتاج كل هذه الأنشطة الانسانية وغيرها إلى استهلاك مصادم الطاقة وتؤدي إلى تحرير غازات
هناك حضارات تغالي في الجوانب الروحية .,هناك مضارات تقالي في الجوانب الروجية.
والمؤسسات الأكاديميه والمجتمات المحليه ، ومنظمات المجتمع  المدني من,والمؤسسات الأكاديميه والمجتمات المحليه ، ومنظمات المحتمع المدني منم
المزرعية ودرجات المهادة في استخدام معىدات الرياح الشجرية .,المزرعية ودرجات المهادة في استخدام مصدات الرياع الشجرية.
إن تزايد نشاط الإنسان في المجال الصناعىي والزراعىي والمنزلي وغيرها من النشاطات,إن تزايد نشاط الإنسان في المجال الصناعي والزراعي والمتزلي وغيرها من النشاطات
البلاد المفتوحة، ووجود مناعات فيها ومعادن اثمانها أرخص من أثمان,البلاد المقوحة، ووجود صناعات فيها ومعادن أثمانها ارخص من أثمان
والفيضانات والأعاصير إلى هجرة المواطنين والسكان,و الفيضيانات والأعاصير إلى هجرة المواطنين والسعكان
والتاسع عشر . أما النفط فقد بدأ باستعماله كاحد مصادر الطاقة.,والتامع عتر . أما النفط فقد بدأ باستعماله كاحد مصادر الطاقة.
عن جوع ، والشرب  المباح عن ظمأ ، فقد يجوع الإنسان  فيأكل ملبيا,عن جوع، والشرب المباح عن ظماأ، فقد يجوع الإنسان فيأكل ملييا
"وفى عرحله مثائيه عطو# هذا امسكل بأن تحرر جزئيا من الالنزام جروى واحد فى جميع قوافى العصيدة , مضار",وفي طرحله لتائيه عطو# هذا لسكل بأن تحرر جزئيا من لالنزام جروى واجدئى جميع فوافي العصيدة ومصار
رقم (3) أن المتوسط الحسابي للدرجات المعبرة عن مهارات الزراع الخاصة بالزراعه المستدامه,وقم إد) أن المتوسط الحسابي للدرجات المعبرة عن مهارات الزراع الخاصة بالزراعه المسدامه
والظاهر إن البوادي كانت منازل طيبة للثعابين . وقد تذمر الأسرائيليون من,والظاهر إن البوادي كانت منازل طيبة للثعابين . وقد تذمر الأسرائيليون من
ومنطقة بينهاي السكنية التجارية الواقعة في جنوبه وأنشئت على جانبيه أربع مناطق وظيفية رئيسية,ومنطقة منهاي السكنية النحاية الواقعة في جنونم وانشئت على جانسه أربع مناطق وظيعية رئيسية
وكانت هادي بوتر وحجح الفيلسوف قد نشدت - وهذا درس مفيد - بطبعة أولى حغيرة,وكانتا هادي بوتر وحجم الفيلسوف قد نشوتا- وهذا درس مفيد - بطبعة أولى حقرة
استغلال صناعي على مدى سنين، لا سيما بواسطة مصانع البحر الميت التي نستخرج,استغلال صناعي على مدى سنين فا لايما بواسطة مصانع البحر الميت التي صتخرج
ترتبط هذه الزيادة بمدى التغير الذي يتم إحرازه في برامج إدارة,ترترظ هذه الزيادة بمدى التغيد الذي يتم إحرازه في برامج إدارة
السقوط ناهيك عن لون الثلج والجليد الذي يعكس بدوره كميات أكبر من,القوط ناهيك عن لون الثلج والجليد الذي يعكس بدوره كميات أكبر من
من حوادث الحريق، وغرق السفن، وغيرهما من الكوارث والأضدار، بل تعدت هذا النوع إلى,فند حوادت الحريقي ، وغرق السقن ، ويدهما من الكوارث والأضرار، بل تعدت هذا التوع إلى
مبدعاً يسعى إلى وضع خطة بحثية اصيلة علمياً ويتحكم في ذلك  سماته الشخصية,مبدعاً يسعى إلى وضع خطة بحثية اصلية علمياً ويتعلم في ذلك سماته الشخصية
الطاقات البشرية فيها بشكل جيد. - تقام مبان مدرسية صغيرة ءات,الطاقات البشرية فيها بشكل جيد.- تقام جبان مدرسية ذات
وهذا يعود لكون عدد هذه الفروع عنده أقل ، علاوة على ان نمو فروعة,وهذا يعود لكون عدد هذه الفروع عنده أقل، علاوة على ان نمو فروعة
،( حتى إن لم يمكن متعلماً),دحنه إن لم يمكن متعد مكد
موطناً للزراع والزرع . وبعض، هذه العيون، تتدفق من الجبال والهضاب,موطناً للزراع والزرع. وبعض، هذه العيون، تتدفق من الجبال والهضاب
مر كوكب الارض بعدة عصور جليدية و بمعدل عصر جليدي كل مئة الف عام تفصلها,مر كوكب الادض بعدت عصور جليدية وبمعدل ع#ر جليدي كل متة الف عام تفصلها
عمان الشمالية، كما كانت سوقاً من أسواق الجاهلية، وسكانها # من الأزد  والعمانيون من الشعوب,عمان الثمالية ، كما كان سوقا من أسواف الجاهلية ، وسكانها # من الأرد. والعمايون من الغوب
فلما حضر وقت الغداء صوت بغلامة - و كان ضخماً جهير الصوت صاحب تقعير و تفخيم,فلما حضر وقت الغداء صوت يغلامة -يوكان ضخاً جهير الموت صاعب تقعير وتفحيم
البحر.,البحر
(وهو مصدر طاقة كيميائية وبروتين ) وكوسيلة للتنقل والقيام بالأعمال الزارمية التي مكنتة من,(وهو مصدر طاقة كيميائية وبروين ) وكوسيلة للتنقل والقيام بالأعمال الزارعية التي مكننة من
يا مبشر ! هات منالخبر تمام عمد الرءوس قلت : و من فرض لهم هذه الفريضلة و من أجزم عليهم هذا الجرم,يإمبشر إحلاً من الخيز تمام عار الووى قلت: ومن ضرض لهم هذه القريطلة ومأجياً عليهم هذ ا الجرم
و البحث في موفوع نفسيات الشعوب وأمول تفكيرها و ميزات عقلها ، بحث,والبعث في موضوع نفسيات الشعوب وأمول تفكيرها وميزات عقلها، بعث
فإذا دخل عليه الصديق له و قد عزم على اطعام الزائر قبله و ضاق صدره بالثالث,فإذا دخل عليه الصديق له وقد عزم عاى اطعام الزائر قبلة وصناف صدره بالنالث
الأطفال يكتسبون من خلاله المفاهيم الثقافية الأساسية، والمهارات المتعلقة بالتعبير .,الأطفال يكتسبون من خلاله المفاهيم الثقافية الأساسية، والمهارات المتقلقة بالتعبير.
فيضانات كبيرة تضر منها حوالى 285 ألف شخص من جراء الدمار .,فيضانك كبيرة تضر منها حوالى 205 ألف شخص من جراء الدمار.
فيه  أنها ستحقق  بحلول  سنة 2010 الشروط الواجب توافرها في المنطقة,فن أنها ستحقق علول سنة 20% الشروط الواجب توافرها في المنطقة
لتحافظ على درجة # حرارة الارض في معدلها الطبيعي..وقد تعاظمت,لتحامظ على درجة # حرارة الارص في معدلها الجبيعي .. وقد تعاظمد
والتربية البدنية والفنية واللغات الأجنبية . ثالثاً : مرحلة التعليم الثانوي الإلزامي.,والتربية البدنية والفية واللغات الأجنبية . تالثا: مرحلة التعليم التانوي الإلزامي
"الأدب على ألسنة بعض الجاهليين . ورأي ""ملر"" هذا، رأي ضعيف لا","الأرب على ألة معض العاهلين. ووأي ""ملو"" هذا، رأئى ضمعف ها"
ولقلة المياه في بلاد العرب، انحصرت الزراعة فيها في الأماكن التي حبتها الطبيعة,ولقلة المياه في بلاد العرب، الخصرت الزراعة فيها في الأماكن التي حبتها الطبيعة
الطبيعي) غاز ثنائي أوكسيد الكربون الذي يتصاعد إلى الغلاف الجوي . يقوم,الطبيعب) غاز ثنائي أوعيد الكريون الذي يتصاعد إلى الغلاف الجوي. يقوم
ولعله أن يرزق الولد على اليأس أو يحدث عليه بعض مخبآت الدهور مما لا يخطر على البال,ولعله أن يرزق الولد على اليأس أو يعدث عليه بعض فجسبات الدهور مما لا يخطر على البال
لكن الجميع تقريبا كان قد# بدأ في انتظار اليوم الذي سيعل فيه كتابا الكترونيا علميا.,لكن الجميع تقريبا كان قد# بدأ في انتطار اليوم الذي سيعل فيه كتابا الكتروينا علميا.
تشرط هذه الأختيارات. وحعكذا  فإن محاولة القيام بقراءة لماضينا وتاريخنا في ضوء المرجعية القانونية والإثنية,تشرط لهذه الأختيارات . ومكذا فإن مطاوق القيام بقراءة لمأضينا و تاريخنا في ضوء المرجعية القانونية والإثية
التضخم ، وتطوير نظام  مالي وظني ، و كذا  بناء نسيج  مهم  .,التضخع، وتطوير نظام مالي وظني، وكذا بناء سيج مهم.
و مثلبة، وحاول طمس كل أثر لها وكل ما كان فيها، حتى ظهرت تلك الأيام,ومثلبة، وحلاول طمس كل أثر لها وكل ماكان فيها، حتى ظهرت تلك الأيام
طورت جامعة جياوتونغ بشانغهاي نظاما لقيادة السيارة بتشغيل الفكر في بيئة,طورت بامعة جياوتونغ بشانغهاي نظامً لقيادة السيارة بتشغيل الفكر في بيئة
عيشهم الأمر الذي أدى إلى نزوحهم إلى مناطق و دول أخرى تاركين مواطن,عيشهم الأمر الذي أدى إلى تزوحهم إلى مناطق ودبول أخرى تاركين مواطين
لا يكون فقط بالتلقيح الصناعي ،وإنما مجرد نقل نويع ووضعه بجانب آخر.,لا يكون فقط بالتلفيح الصناعي، وإنما مجرد نقل نويع ووضعه بجانب آخر.
أخل بالتوازن الغازي لمكونات الغلاف الجوي مما أدى إلى إرتفاع في نسبه,أخل بالتوازن النازيي لمكونات الغلاف الجوي مما أده إلى إرتقاع فيي نسبه
المجتمع العربي حتى تتضح الصورة للأجيال القادمة  .,المجتمع العربي حتى تتضع الصورة للأجيال القادمة.
الصناعي ، وساعات غيابه عن العمل أقل بكثير من المتوسط السائد عالميا . # العامل,الصناعي، وساعات غيابه عن العمل أقل بكيير من المتوسط السائد عالميا. # العامل
"ثم ان كثيراً من علماء "" الأنثروبولوجي"" يرون أن إفريقية تأثرت بالسماء الأسيوية.","ثم ان كثيراً من علماء ""الأنتروبولوجي"" يرون أن إخريقية تأرت بالسعاء الأسيوية."
التنقيب عن اليورانيوم : إن مراحل التنقيب عن الوقود النووي، و طرق استعماله و طرحه ،,التنقيب عن اليورانيوم: إن مراحل التنقيب عن الوقود النوويه ، وطرق التعماله وطرحه ،
المتبعة من قصر ريفي إلى قصرآخر مثله . وكان هذا الانتقال إلى الإقتصاد النقدي كثير,المتعبة من قصر ريفي إلى قصر آًخر مثله . وكان هذا لانتقاآل إلى الإقتصاد النقدي كثير
من نتائج هذه  التغيرات المناخية إختفاء او إنقراض انواع من النباتات او الحيوانات.,من نتائج هذه التغيرات المناخية إختفاء او إنقراض انواع من النباقات اوالحيوانات.
و هي كذلك  أضعفت فيها حركة المرور ، فلم يستطع السير فيها إلا الجمل، فصب على المدينات المجاورة,وهي كذلك أضعف فيها حركة المرعد، فلم يستطع السير فيها إلا الجل، مضبب على المدينات المجاورة
والقبيلة هي المجتمع الأكبر بالنسبة إلى أهل البادية ، فليس فوقها مجتمع عندهم.,والقبيلة هي المجتمع الأكير بالنسبة إلى أمل البادية، فليس فوقها مجتمع عندهم.
الى  منطقة  الضغط  الجوي  المنخفضه ذات الحراره المرتفعه في مركز الإعصار,المى منطفة الطقط الجوى المنخفضه ذات الحراره المرتفعه في مركز الإعصار
يركز أصجاب هذه النظرية على أن شدة   الأشعة الشمسية الواصلة إلى الأرض,يركز أصحاب هذه النظرية على أن شدة الأشعة الشمسية الواصلة إلى الأرض
الشباب : من غريب المفارقات أنه بالرغم من كون الشباب يمثل  النسبة الأكبر,الشباب : من غريب المغارقات أنه بالرغم من كون الشباب يمحثل النسبة الأكر
الخارج  نطاق الرابطة الاقطاعية طبقة غنيه متزايدة العدد ، ولم,الخارج نطاق الرابطة الاقطاعية طبقة غنية متزايده العدد، ولم
"""27"" درجة و ""30"" دقيقة، بما يزيد على150 متراً، أي  هذه البادية مرتفعة في الغرب","""25 ""درجة و""د0 ""دقيمة، بما يزيد على 15 امتداً، أي هذه البادية موتفعة في لغرب"
نواتج ضارة للبيئة كما هو الحال,نواتج ضارة للبيئة كماهـ الحال
زرعت بشكل متبادل أي صف من كل صنف .,ررعت بشلل قتبادل أي صق ميدكل صينف.ا
العمل في البوادي ذات الرمال، كما انها لا تستطيع الصبر.,العمل في البوادى ذات الرصال، عما انها لا تستطيع الجبيد.
كما كان هذا العام هو العام الذي دشنت فيه دار نشر راندم هاوس,كما كان هذا العام هو العام الذي دنت فيه دار نشو راندم ها وسن
في عبور الزمان الفاصل بن افريقيا وارروبا ومضمن حبل ضارق، وفي حيا كان,فى عيرر الرقات التاصل بند ائرامعيا واررويا ومضين جل خارق، وفى حياكان
وإذا كان هذا التمول قد طرأ  لصالح المدن التي يفوق حدد  سكانها,وإذا حكان هذا الستمول قد طرأ لصالح المدن التي يفوق امدد سكانها
في اليونان واميركا وايطاليا والبرتغال ولبنان وتركيا واستراليا واسبانيا في العامين,في اليونان واحيركا وايطاليا والبرتغال ولبينان وتركيا واستراليا واسبانيا في العامين
السائل ، مثل بنزين السيارات والطائرات..أما الفحم الحجري فيوجد منه احتياطي,السائل، مثل بنزين السيارات والطائرات.. أما الفحم الحجري فيوجد منه احتياطي
ولكن لم يكن هناك حادث واحد قد نجم عن تسرب مواد مشعة,ولكن لم يكن هناك حادث واحد قد نجم عن تسرب مواد مشعة
وفيما يخص تحديد النويعات تتفق هذه الدراسة مع في أن تميز النويعات الشرعية,وفيما يخص تحديد النويعات تفق هذه الدراسة مع في أن تميز النويعات الشرعية
على الإختلالات الكبيرة في استثمار #  الموارد  البشرية,على الإخقلالات الكيرة في السثار # المواره البشرية
من تلوث البيئة وتخل بالتوازن البيئي الطبيعي. ويتحمل الإنسان من خلال نشاطاته,من تلوث البيئة وتخل بالتوازن البيئي الطيعي. ويتحمل الونسان من خلال نشاطاته
"،إذ قال . ""فهذه الآن بطونها على ما روى رجال خولان و حمير بصعدة . وقد","، إن قال.""فهذه الآن بطونها على ماروى رجال حولان وحهير بصعذة. وقد"
من تأثيرات خطيرة و مدمرة للكثير من المجتمعات .  تعتبر الدول النامية,من تأثثيرات خطيرة ومدمرة للكثير من المجتمعات . (تمتتبر الدول النامية
الوقود والذي يؤدي الى إنطلاق مختلف أنواع الغازات إلى الغلاف الجوي وعلى رأسها الغازات,الوقود والذي يؤدي إلى إنطلاق محتلف أنواع الغازات إلى الغلاف الجوي وعلى رأسها الغازات
"ويغلب  على  الظن   إَنها  استعملت  في  زمن   متأخر ، وأنها كانت  بمعنى ""أعراب""  على نحو","ويغلب على الظن إنها استعملت في زمن متأخر ، وأعها كانت بمعنى ""أعراب"" على كو"
دراسية مقسمة إلى دورتين كل # منهما مدتها سنتان . وينخرط الطلاب في هذه,وراسية مقمة إلى دورتين كل # منهما مدتهاسنتان . وينخرط الطلاب في هذه
و انذال الناس,نذل الناس
"فن الأداء، وهو التمثيل، وفن الإخراج، وهو ""الرؤيا"" والفن التشكيلي، ويتمثل في تصميم الديكور وتصميم الأزياء","في الأداء، وهو التمثيل، وفن الإخراج، وهو الرؤياً"" والفن التشكبلي، ويتمثل في تصصع الديكو وتممم الآنياء"
الحملة ، و قد كان صديقاً لقائدها ، فوصفه و صف شاهد عيان . و قد استهل وصف,الحملة، وقد كان صديقاً لقائدها، فوصفه وصف شاهد عيان . وقد استهل وصف
ومن ابرز جمله هذه الاسباب هو ليست لأنها ارخص بلد في العالم بل,ومن ابرز جمله هذه الاسباب هو ليست لأنها ارخص بلد في العلم بل
عنهم، وأنهم عاشوا في أيام لم نبعد بعدا كبيراً عن الإسلام، وأنهم كانوا يكتبون,عنهم، وأنهم عاشف في أيام لم نبعد بعدا كبيراً من الإسلام، وأنهم كانوا يكتبون
الوضع والصنعة بها واسع كيبر، لما للعواطف القبيلية فيها من يد,الوضو والصنعة بها والع كيير لما للواطف القبيلية فيها من يد
خاص به يميزه عن سائر الألسنة ، من بعد الميلاد حتى اليوم,خاص به يعيزه عن سائر الألسعة، من بعد الميلاد حتى اليوم
"مائه , تخرجوا في أواسط ديسمبر عام 2008 .",مائه . تخرجوا في أواسطا ديسمبر عام 200.
علاوة على غازات ثنائي اوكسيد الكبريت وكبريتيد الهيدروجين,علاوة على غازات ثنائي أوكيلد الكبريت وكبر يتيد الهيدر وجين
وأما الطاقة النووية فقد بدأ باستعمالها في إنتاج الكهرباء منذ الخمسينات من,وأما الطاقة النووية فقد بدأ بستعمالها في إنتاج الكورباء منذ الخمسيينات من
مقدت حوالي 18 %,فقدت حوالي 10%
دورات عملية مركزة للغاية تمكنهم من التكيف مع أي متغيرات تواجههم في حياتهم العملية .,دوران عملية مركزة للغاية تمكنهم عن التكيف مع أي متغيرات تواجههم في حياتهم العملية .
الناس ماداموا فقراء وماداموا مرضى ، وماداموا أميين ، وضحايا أو,الباس ما داموا فقراء وما داهوامرضي، وماداهوا أمين، وضعابا أو
ونحن لا نزال  نميز الأعراب عن الحضر، ونعتدهم طبقة خاصة تختلف عن,ونحت لانزال تميز الأعراب عن الحضر، ونهتدهم طيقة خاصة تختلف عن
وذات مجرى أعمق، وانحدار أشد، والمياه تسيل فيها بسرعة فتجرف,وذات جرى أعمق، والعدار أشد، والمياه تسييل فيها بسرعة فتجرف
للمبيدات ، واتخدام الدورات الزراعية لتحسين خصوبة التربة,للحيدات، واستخدام الدورات الزراعية لتحسين خصوية التربة
و غمر على التبادل) . بينما في مطلع القرن الـ 20 بلغ مستوى البحر الميت أوجه،,وتحمر على التبادل) . بينما في مطلع القرن ال2ح بلغ متوى الحر المين أوبه #
ولم يتمكن العلماء الذين عالجوا مشكلة الكتابة العربية الجنوبية من معرفة الحروف كلها،,ولم يتمكن العلماء الذين عالجوا متكثة الكتلية العربية اللجنوية من معرقة الحروف كلها،
"فلا غرابة أن تكون التسمية التاريخية لهذا الجزيرة الخضراء هو عشتاروت . وخاصة عندما""","فلا غرابية أنة تكون القسمية التارينخية لهذا الجترير # الخفراء هو عشتاروت. وضاصة عندما"""
إن الكرة الارضية تمرالان في نهاية الفترة الدافئه التي تلت العصر الجليدي,إن الكرة الارضية تمر الان في نهاية الفترة الدافئه التي تلت العصر الجليدي
في هذا الحقل ومنذ زمن أمثال فرانك ليود رايت في القارة الأمريكية,في هذا الحقل وفتذ زمن أمثال فرانك ليود رايت في القارة الأمريكية
الحراري إلى خفض هطول الامطار على الارض، فتتصحر مناطق وقد لا تعود لمعظم,الحراري إلى خفض هطول الامطار على الارض، فتتصحر مناطق وقد لا تعود لمعظم
وقد قوي  هذا الإهتمام في إسبانيا بعد مشاركة البلاد الفعالة والنشطة في  المحافل الدولية,وقد قوي هذا الإهتمام في إسبانيا بعد متاركة البلاد الفعالة والنشطة في المحافل الدولية
والذي يحتوي على طاقه هـ كيميائيه هـ كامنه هـ والتي نشأت أصلاً من الطاقه هـ,والذي يحتوي على طاقه هـ كيميائيه هـ كامنه هـ والتي نشأن أصلاً من الطاقرهـ
الشاذروانشيخ لنا من أهل خراسان,الشادروان شيخ كنا من كحل خرامان
النار جعله الله يوم القيامة طعاماً للنار ! قال الشيخ: فكيف أصنع جعلت,التار جعله الكه يوم القيامة طعاماً للنار ! قال الشيخ: فكيف أصع جعلت
مدل و دق من يخاف -,مدل ودق من نخاف-
ويقصد بها الفترة الختامية # للتعليم الأساسي ، ومدة هذه المرحلة أربع سنوات,ويقصد بها الفترة الختامية # للمتعليم الأساس، ومدة هذه المرحلة أربع سنوات
إلى الفقراء من أعضائها، والبائنات إلى بناتهم، وتدفن موتاهم، وتغىي بأراملهم،,إلى الفقراء من أعضائها- والبائنات إلى سبالهم، وتدفن موتاهم، وتغيي بأراملهم،
وان  أعداد هذه الكليات الحرفية المتخصصة  آخذ في الازدياد في كلا من ولاية,وإن أعداد هذه الكليات الحرفية المتخصصة آنذ في الازدياد في كلا من ولايدة
من إكتشفات أهمية الطاقة البخارية فقام بتصنيع أول ماكنة ألية تعمل بالطاقة,من إكتسفات أهمية الطاقه البخارية فقام بتصيع أول ماكنة أليه تعمل يالطاقة
ومنه النصوص على قصرها وغلطها، أفادت في تدوين تاريخ العرب قبل الإسلام إفادة غير مباشرة لأنها لفتت أنظار,ومنه التصوص على قصرها وغلطها، أفادت في تدهين تاريخ العرب قبل الإسلام إخادة غير مباشرة لأنهالفتت أنطار
وكان الجزء الغربي من البحر الذي يفصل بينها وبين القطيف ضحلأ،,وكان الجزء الغربي من البحر الذي يفصل بينها وبين القطيف ضحلا،
مشرف بدرجة أستاذ أو مشارك أو مساعد يساهم بدور الإشراف #,مشرف بدرجة أستاذ أو مشارك أو مساعد يساهم بدور الإشراف #
من كروي أوشبه بيضوي إلى بيضوي متبعد حيناً عن الشمس وتقترب حيناً وتحصل,من كروي أوشبه بيضوي إلى ببيضوي متبعد حيناً عن الشمس وتقترب حباً وتحتصل
نلاحظ ان موعد بدء القياسات الاسبوعية للطرود المحددة للدراسة عند الصنفين,تلاخظ ان موعد باى القياسات الاسبوعية للطرود المحددة للدراسة عند الصيفين
"و بالحضر و بالعرب"".  و وردت في النص: ""193"" ،# ملكادي عرب""","ويالحضر وبالعرب،،. وردئ في النص: ""191""# ملكادي عرب)"
الأشعة و التغيرات المناخية  فوق الأرض.,الأشعة والغغييرات المناخية قوق الارض،
أى وقت ليراقب سير العمل . ولم يكن الوسيط فى هذا النظام  هو الذى يسيطر على,أي وقت ليراقب سير العمل. ولم يكن الوسيط في هذا النظام هو الذي يسيطر على
ادى الى إرتفاع تركيزاته عن المستوى العام لتزكيزات هذا الغاز,ادى الى إرتفاع تركيزاته عن المستوى العام لتزكيزات هذا الغاز
بشكل و فير و بخاصة في المناطق الأقل حظاً من ناحية التطور الحضاري.,بشكل وفير وغاصة في المناطق الأقل حظاً مف ناحية التطور الحضاري .
ولكن هذا العالم كله - عالم النبات والزهر ، والحيوان والطير - كان في المرتبة,ولكن هذا العالم كله - عالم النبات والزهر ، والجيوان والطبير- كان في المرتبة
تحويلها الى سكريات معقدة مثل النشا ، و السيليلوز تبني من خلالها,تكويلها الىإسكريات معقدة مثل النشاء والسليلوز تبني من خلائها
مما أدى إلى ظهور عدة نويعات ( سلالات جغرافية ) عدّدتها بعض المصادر إلى أكثر من,مما أدى إلى ظهور عدة نويعات (سلالات جغراغية ، عددتها بعض المصادر إلى أكثر من
بلقمته من الخبز حتى تصير مكانه قطعة من لحم و هو في ذلك كأنه يطلب بلقمته,بلقمته من الخبز حتى تصير مكانه قطعة من لحم وهو في ذلك كأنه يطلب بلقمته
القياسات على الأشجار سنوياً أثناء فتره السكون ، والتي شملت كل من قطر الساق الذي,العياسات على الأشجار سنوياً أثناء فتره السكون، والتي شملت كل من قطر الساق الذي
والنحت البارز ، والزجــاج # الملون ، و إلى أى حد أثرت هذه في زخارف الكتب .,والنحت البارز، والزجاج # الملان ، وإلى أي حد أثرت هذه في زخارف الكتب.
تكن تضم إلا التجار المستقلين ورؤساء العمال ، وكانت تحرم من,تكن تضم إلا التجار المستقلين ورؤساء العال ، وكانت تحرم فيه
القطاعات الاقتصادية الأخرى فلم تستطع  مستوى كاف  من النمو .,القطاعات الاقدصادية الاخرى فلم تتطع متوى كاف ن النمو.
قسوة الطبيعة وعنجهية الانسان المتمرد على الماضي العريق وما قدمته,قسوة الطبيعة وعنجهية الإنسان المتمرد على المافي العريق وما قدمته
و هي التي جعلته كريما على فقره .,وهي اليا حعلته لريما على فقوه.
بسىب الضغط الجوى المنخفض وسط الاعصار. تعتمد القوه,بسين الففط لحوى المنخفص سط الاعصار. تعتمد القوه
الإعصار الذي ضرب بنغلاديش عام 1970 والفيضافات التي رافقته والتي,الإعصار الذي خرب بغغلديش عام 1995 والفيضافات التي رافقته والتي
الرجال بعد الساعة السادسة مساء ، وتعاقب الاعضاء لما يطلبونه من أثمان عالية ، وما عساهم,الرجال بعد الساعة السادسة مساء ، وتعاقب الاعضاء لما يطليونه مى أتمان عالبة، وما عساهم
منها ، وهي مصدر نظيف فلا ينتج عن إستعماله اي غازات  او,منها، وهي مصد نظيف فلاينتج عن إستعماله اي غازات او
# بلدهـ ، فعند توافق هذه الأسماء مع غيرها في اليمين سوف تميط اللثام عن,# بلده، فعند توافق هذه الأسماء مع غيرها في اليمين سوف تميط اللثام عنا.
العنب وتنسم الهواء النفي ، من يزور حي هانغقو لا يود مغادرته,العنب وتنم الحهواء النفي. من يزور في هانفقو لايويد مفادرته
يسود دخان العود بياض قميصة. فإن اتسخ فأتى بالبخور لم يرض بالتبخر واستقصاء,يسود دفان العود بياض قميصة . فإن اتسخ فأني بالبخور لم يرض بالتبخر واستقصاء
خ تداخل الفروع مع بعضها  .,خ تداخل الفروع مع بعضها.
العالم بشكل عام من الطاقه . أما النسبه الباقيه فتأتي من خلال المفاعلات النوويه .,العالم بمتبكل عام من الطاقه . أما النبه الباقيه فتأتي من خلال المفاعلات النوويه .
وهذا كان حطر البداوة على العرب ، يوازي خطر الغرباء البعداء عليهم، وصارت البداوة مشكلة عويصة,ولعد اكان خطر الداوة على العرب ، يواري خطر الفيوباء البعداء عليهح ، وصارت البراوت منكان عومصة
والبعض يقول أن النجوم لها تأثير غير مباشر على المناخ العام فوق الأرض.,والبعض يقول أن التجوم لها تأثير غير مباشر على المناخ العام فوق الأرض.
بينما يندفع الهواء البارد  ذي الضغط العالي من أعلى الى أسفل . تتحرك الرياح,بينما يذرفع الهواء البارد ذي الضعط العالي من أعلى الى أسفل . تتحرك الرياح
وكان يمنح في نظير هذه الخدمة الطعام، والكساء، والمأدى، وتعلم الحرفة، ويعطى,وكان يمنح في تظير هذه الخدمة الطعام ، والكساء ، والمأدى، وتعلم الحرفة،! وبعطى
حيث أقرت الإحصائيات بأن نسبة الغابات التي تعرضت للتدهور وصلت إلى نصف مساحتها و خاصة خلال,حيث أقرت الإحمائيات بأن نسبة الغابات التي تعرضت للتدهور وحلت إلى نهف ساحتها وخاهة خلال
"بالسقف ، وكان من خلف المصطبه  باب يوصل الى "" مشمسه "" يستطيع","بالسقف ، وكان من خلف المصطيه باب يوصل الى ""شمه"" يستطيع"
ولم يقتصر الأمر على الترجمة الحرفية  والنقل المباشر بل تجاوزه إلى المواد والنصوص,ولم تقتصر الأمر على الترجمة الحرمية والفعل المباسي بل بعاوزه إلى المواد والتعوص
الزمن الحاضر. لذلكـ كانت تمكث فيه السيول والأمطار المتساقطة على,الزهن الحاض لذيك كانت تمكث فيه السيول والأمطار المتساقطة على
وتتبرع بالعمال والمال # لبناء,وتتبرع بالعمال والمال # لبباء
لدرحات الحرارهـ الصغرى والعطمى فيا ملائمة لزراعة التفاح (5.7 و11.3 م)- أما,لدرحات الررهـ الصغرى والعطمى فيا ملائمة لزراعة التفاح (17 و1.0م أما
"وقد اشتهرت أماكن خاصة منها يكثرة أسودها حتى قيل لها ""مآسد""","وقد اشتهرت أماكن خاصة منها يكثرة أسودها حتى قيل لها ""مأسد"""
يتأثر مناخ المانيا كثيراً بعاملين اساسيين هما المنخفض الجوي في,يتأثر مناخ المانيا كثيراً بعاملين اسايين هما المنخفض الجوي في
ضعيفا في التأريخ وفي أخبار العرب,ضعيفا في التأريخ وفي أخبار الهرب
الإستوائية الذي ساهم في إرتفاع معدلات تراكيز غازات الإحتباس الحراري في الغلاف,الاستوائية الذي ساهم في إرتفاع معدلات تراكيز غازات الإحتباس الحراري في الغلاف
المناحق فوق سطح الكرة الأرضية.,المناطق فوق سطع الكرة الأرخية.
يعطي طائفة جديدة فيما بعد. وأماكن تواجد هذا النوع من النحل,يعطي طائفة جديدة فيما بعد . وأما كن تواجد هذا النوع من البجل
أو  الميدان العام . ولكننا يجب أن نضيف إلى هذه الصورة أن شوارعها  كانت أزقة,أو الميدان العام . ولكنتايجب أن نضيف إلى هذه الصورة أن شوارعها كانت أزقة
"المزرعيه , والداخل المزرعى مع المتوسط العام لدرجات مهارات الزارع",المزرعيه ، والواخل المزرعيي مع المتوسط العام عدرجات مهارات الزارع
بهذا الأسلوب أقام المعهد في الأشهر الأخيرة من عام الفين وثمانية دورات في,بهذا الأسلوب أقام المعهد في الأشهر الأخيرة من عام الفين وثمانية دورات في
الوقت المناسي حيث يكون الهواء مستقد وخفيفا ليسهل العمل ، ويتم فرز الحب عن التبن ،,الوقت المناسي حيث يكون الهواء مستقورا وخفيفا لميسهل العمل، ويتم فوز الجيعن التبن،
الجوانب غير الأساسية مثل السلطات الإدارية التنفيذية . المراحل التعليمية,الجوانب غير الأساسية مثل البططات الإداريه التنفيذية . المراحل التعليمية
جديدة وقدرت سقوط تلك العاصمة .,جريدة وقدرت مقوط تلكء العاصمة.
تخزين الفضلات الإشعاعية :-  ومن أهم الصفات غير المرغوبة فى التوليد,تخرين الفضلات الاشعاعية :- ومن أهم الصفات غير العرغوية في التوليد
حول الكنيسه  أو القصر الحصين,حول الكينسه أو القصر الحصين
التي يقترفها يوماً بعد يوم تجاه بيئته ، ويمضى قدما تجاه مصيره,التي يقترفصا يوماً بعد يوم تجاه بيئته ، ويعضى قدما تجاه مصيره
وكان في وسع  السيد  الإقطاعي أن يمتلك أكثر من ضيعة  واحدة ، وكان يعين,وكان في وسع السيد الإفطاعي أن يمثلك أكثر من ضيعة وامدة، وكان يعين
الجديدة . بالإضافة إلى القراء الجدد ، شهدت الألفية صعدد جيل أدي,العديدة . بالإضاقة إلى القراء الجد، شهدر الألفية صعود جيل أدي
البحر ومعروف انه كلما ارتفعنا عن مستوى سطح البحر انخفضت درجة,البحر ومعروف انه كلما ارتفعنا عن متوى سطح البجر انخفضت درجة
في خواصها الفيزيائية باختلاف الأطوال الموجية ،ومن الأمثلة,في خوامها الفيزيائية باختلاف الأطوال الموجية، ومن الأمثلة
نجران.,مجر ف
و تمتاز الأجسام السوداء بخاصية تساوي قدرتي الإمتصاص و الإشعاع للطاقة الحرارية.,وتمتاز الأجسام السوداء بخاصية تسادي قدريتي الإمتصاص والإشعاع للطاقه الحرارية.
غازات الاحتباس الحراري بوضوح أن الانسان ومن خلال تنوع أنشطته المختلفة,غازات الاحتياس الحراري يوضوح ان الانان ومن خلال تنوع أنشطته المحتاة
كان حاسما ، لكن احد لا يعلم متى وكيف سينتهي . امر واحد  اكيد :,كان حاسما، لكن احد لا يعلم متى وكين ينتهي . امر وأحد اكيد:
من الارض ويشكل خاص القطبين الشمالي والجنوبي وتنعكس # بنفس زاوية,من الارض ويشكل خاص القطبين الشمالي والجنوبي وتنعكس # بتفس زاوية
"كل سكان بلاد العرب من بدو و من حضر، فورد: ""و اعرب ملك حضرموت"" أي ""و أعراب","على سكان بلاد العرب من بدو ومن حضر، فؤرد: ""واعرب ملك حضر مون""أي"" وأعراب"
الاصطناعي تعتبر طبيعيه وليس للإنسان دخل فيها مبرراً غير دقيقة ،فتدخل الإنسان,الاصطناعي يعتبر طبيعيه وليسب للإنسان دخل فيها مبرراً غير دقيق، فتدخل الإنسان
الأنسان وعناصر البيئة # . لوحظ الفترة الأخيرة اهتماما متزايدا,الأنسان وعناصر إليته #. لوخط في الفترة الأحيرة اهتماما متزايدا
وتبويبها الممكن بذلك من معرفة المسميات المشتركة والمسميات التي ترد بكثرة في اغلب تلك,وتبويبها الممكن بذلك من معرفة المميات المشركة والمسميات الي ترة بكيثرة في الغلب تلك،
نقوش  أولية  تروى قصة الخلق . وفي لاءون يعد الخالق على أصابعه مابقى,نقوثش أولية شروي قصة الخلق . وفي لاسون يعد الخالق على أصابعه ما بقي
فى الممرات .  كان أهل الدار كلهم ينامون فى هذه الحجرة الوحيدة تججهم حواجز,في الممرات. وكان أهل الدار كلهم ينامون في هذه الحجرة الوحيدة تججهم حواجز
وأكسيد النترون بمعدل 17% عن معدلاتها قبل الثوره الفرنسية.,واكسيد النترون يمعدل 19% عن معدلاتها قبل الثوره الغرنسية.
إلى وسط اوروبا مما يسبب ارتفاع درجة الحرارة في الصيف,إلى وسط اوروبا مما يسبب ارتفاعه درجة الحرارة في الصيف
مغربي ، ذي اتجا ه ليبرالي مطبوع ، في الوقت نفسه ، بالاقتصاد المختلط والنز عتين,فغربي، ذي اتجاه لبرالي مطبوع، في الوقت نفسه ، بالاقتصاد المختلط والنز عين
فتكون بعض الواحات التي يستقى منها، ويزرع عليها. ويلاحظ وجود,فتكون بعض الواحات التي يستقى منها، ويزرع عليها . ويلاحظ وجود
مرحلة تصبح فيها آثارها,مرحله تصبح فيها اتارها
الشعر الجاهلي .,الشعر الجاملي.
وفي نهاية هذه المرحلة يجب أن يصبح الأطفال #,وفي نهاية هذه المرحلة يجب أن يصبح الأطفال #
خلاياه في تجاويف الصخور و الأشجار وغيرها وهو قابل للإيواء في الخلاياالتي يصنها الإنسان,خلاياه في تجاويف العخور والأشجار وغيرها وهو قابل للإيواء في الخلايا التي يصنها الإنير
"مفردها غمر - وبعد الحصاد تجمع هذه الغمور إلى كوم كبير في طرف الزرع ؛ يد على ""حلة ""","مغردها غمر - وبعد الحصاد تجمع هذه الضمور إلى كوم كبير في طرف الزرع ؛ يدعلى ""حلة"""
الأمطار ينتقلون طلباً للمراعي لمواشيهم الموصوفة بالكثرة ،ودليل,الأمطار يتقلون طلياً للمراعي لمواشيهم الموصوقه باللثرة، ودليل
العير،عوج العراقيب،والرأل لصغير النعام،والحزب ذكر الحباري والثلب والظليم والشاهين,العير، عوج العراقيب، والوآل لهغير النعام، والحزب ذكر الجاري والثلب والظليم والشاهين
يلزم من يريد العمل في التدريس الحصول على إجازة تدريس . - يوزع الطلاب في المرحلة الابتدائية,يلزم في يريد العمل في التدريس الحصول على إجازة تدريس.- يوزع الطلاب في الحرحلة الابتدائيه
"العلماء إن القسس الآخر وهو ""العربية الصخرية"" هو من إضافة","العلماء إن العسس الآخر وهو ""العربية الصخرية"" هو من إضافه"
الى غرق مناطق شاسعة وموت ألفا شخص وتشريد مليون وثمانمائة الفا مواطن,الى عرق مناطق شاسعة وهوت ألفا شخص وتشريد مليون وثمانمائة الفامواطت
"أرى لزاماً علي أن أتحدث # عن ألفاظ أخرى استعملت بمعنى # ""عرب""","أوى لزاماً علي أن أتحدث # عن ألفاظ أخرى استعملت بمعنى # ""عرب"""
حديتة عهد بالنسبة إلى كتابات السينين ،  كما ينهن اعتبار كتابة أشماء بها الأماني,حدئلة عهد بالدية إلى كتايات البينين، عما ينهن اعتار ثنايه أشماء بهاً الأماي
"لفطة ""عرب"" في الشهرة و الإنتشار  فقد صارت لفطة عرب علماً","لضطة ""عرب"" في الشهرة والإنتشار فقد صارت لفطة عرب علمماً"
الذرات . أما في حالة السوائل الصلبة # حيث تتكاثف,الذرات، أما في حالة السوائل الصلية # حيث تتكاثف
حرَارة أدنى طبقات الغلاف الجوى المحيط بالأرض؛كنتيجة لزيادة,طبقات الغلاف الجوي الملحيط بالأرض؛ كفتيجة لزيادة إنعاثات غازات
فى درجة الحرارة قد سببت الكثير من الكوارث البيئيه المتمثله بالفضيانات,فن درجة الحرارة قدسببت الكيثرين الكوارث البيئيه المتمثلة بالقيضاناًت
أو التدريب المهني المتقدم ، أو إدراج الظلاب في سوق المطلوبين,أو التدريب المهيي المتقدم، أو إدراج الطلاب في سوق المطلوبين
وأكلي مع غيري زيادة في الأصل . وحدثني إبراهيم بن السندي قال: كان على ربع,وأكلي مع غيري زيادة في الأصل . وحدثني إبراهيم بن السندي قال : كان على دبع
وذلك لانه يساعد على نمو النباتات بشكل أسرع لاعتمادها عليه في,وذلك لانه يساعد على نمو النباتات بشكل أسرع لاعتمادها عليه في
"يمسكوا بموضوع مهم ، وأن يتناولوه بجدية مبتذلة صارخة . ونوع من التظاهر الرنان "".","يمسكوا بموضوع مهم، وأن يتناولوه بجدية مبتذلة صارخة ، ونوع م التظاهر الرنان"""
المتصاعدة للطاقة. كما وإن تحسن مستوى معيشة القرد نتيجة التطور,المتصاعدة للطاقة . لما وإن تكسن متوى معيشة الغرد نتحة التطور
تمثل الأخسشاب وأدراق الأشجار ونفايات المزارع والمعانع الغذائيه,تمثلد الأخشاب وأوراق الأمجار ونطايات المزارع والمصانع الغفائيه
بيوت وأكواخ ، وحوانيت ذات سقف من العيش أو القرميد تزدحم,بيون والواح ، وحوايت ذات سقف من القش أو القرميد تزدهم
درجة حرارة الارص سيبلغ عند نهاية القرن الحالي  1.4 -5.8  درجه مئوية,درجة حرارة الارض سيبلغ عند نهاية القرن الحالي 1.0-2.5 درجه مئوية
دخله ولم يحسب الدخل .,دخله ولم يكبب الدخل.
و بالتالي حرية الإستعمال و كلما كان الإختراع مهما. كلما وجبت,وبالتالي حرية الاتعمال وكلما كان الإخترا مهما . حلما وجبت
مستحثات النحل وجدت في عينات من طبقات الكهرمان التي ترجع إلى,ستعثات النعل وجدت في عينات من طبيقات الكهر مان التي ترجع إلى
فربما فطعها بنترة فيكون لها انتفاح و هو الذي إذا أكل مع أصحابه,فربما فطعها بنترة فيكون لها أنتضاح وهو الذي إذا أكل مع أصحايه
وإن كانوا خاضعين  لنظمها الاقتصادية ، ولهذا أخذوا  في القرن  الثاني عشر يؤلفون,وإن كانوا خاصعين لتظمها الاقتصادية، ولهذا أخذوا في القرن الثاني عشر يؤلفون
وفي جنوى ثلاث وثلاثون ، وفي فلورنس إحدى وعشرون ، وفي كولوني  ست وعشرون,وفي جيوى ثلاث وثلاثون ، وفي فلورنس إحدى وعشرون ، وفي كولوني ست وعشرون
العظيمة لشركة مان جروب ، نقل مديرو جائزة البووكر حفل عشاء,العظيمة لشركة مان جروب، نقل مديرو جائزة البووكر حضل عشاء
التى تد ىصل ارتفاعها الى عدة امتار رالتى تضرب السعاحل رتؤدى,الى قد بصل ارتفاعهاً الى عدة استار رالتي تضدب لسولاحل رتؤدى
تعد الكتله الحيويه والوقود الحيوى من مصادد الطاقه المتجدده تساهم بشكل,تعد الكتله الجيويه والوقود الحيوى من مصادر الطافه المتجدده تاهم بكلل
ما يصل الى1141 متر عن مستوى سطح ألبحر وهي أعلى قمة حبيلة في,ما يصل الى 1110قر عن مسستوى سيطع أبجر وهي أعلى قمة حببلة في
لما تطلبه من كلفة إضافية للحفاظ على الأمن وإدارة المراقبة,لها تطلبه من كلفة إضافتت للمفاظ على الأمن وإدارة المراقية
بعضها قصير الموجه طويل الموجه . يقوم الاشعاع الشمسى,يعضها قصير الموجه طول الموجه وبقوحم الاشعاع الشمسى
قيس على ارتفاع 25 سم .,فيس على ارسفاه 2ح سم.
تناقص كميات المياه على النشاط الإقتصادي لهذه البلدان مما,تناقع لكميات المياه على النشاط الإقتصادي هذه البلران مما
طلحة الفياض . زكان في ثوب عمر رقاع أدم . وقال: من لم يستحي من,طحة الفاض . وكان في تؤب عممر رقاع أدم. وقال من لم يستذتى من
غازات سامة غطت مساحة كبيرة من منطقة  جنوب شرق آسيا مما نتج عنه ظهور,غازات سامة غطت مساحة كبيرة من منطقة جنوب شرق أسيا مانتج غيه ظهور
الاصطلاحاه المناسبت .  غير أن المجال لا يتسع هنا لمثل هذه الدارسه .,الاصطلاحاه الناسبه . غير أن المجال ل( يقع ها لمثل هذه الداسه .
كانت لا تزال ظاهرة قائمة، واستعملوا الحجارة الضخمة التي كانت مترامية على سطح,كانت لاتزاك خاهرة قائمة ، واستعملوا الججارة الضخمة التي كاتت مترامية على سطع
والأجزاء اليابسة من الأرض (القارات) بعضها مع البعض الآخر مما يؤثر,والأجزاء اليابسة من الأرض (القارات) بعضها مع البعض الآخرمما يؤثر
وكان التجار الأغنياء يرمون من غطرسه الأشراف ، ويحتقرون ويستقلون طبقه,وكان التجار الأغتياء يرمون من غطرسه الأشراف، ويحتقرون ويستغلون طبقه
و صاحب هذا التطور في عمليه الإنتاج حاجة ملحة,وصاحب هذا التطورفي عمليه الإنتاج صاجة ملحة
إعتماداً على تركيز الغازات و نوعيتها و كثافة  وضغط الهواء و الوزن الجزيئي للذرات,إعتماداً على تركيز الغازات ونوعيتها وكثاقة وضغط الهواء والوزن الجريئيي للذرات
وبعد الشاو والقطامي ونحو ذلك ونورد في ما يلي أبياتا تضمنت بعضاً من هذه المفردات,وبعد الشاو والقطاصي ونخو ذلك ونودد في ما يلي (بياتاً تضمث بعضاً من هذه المضردات
يقوم بالعصف الذهني الذي يدفع إلى الإبداع لحل المشكلة بطريقة,يقوم نالعصف الأهني الذي يدفع إلى الإبداع لحل المشكلة بعلريقة
"وهي، كما تقول البعثة، من أقدم الكتابات التي عثر عليها حتى ألان في العربية الشمالية . وكان ""فلبي""","وهي، كما تقول البعثة، من أقدم الكتابات التي عثر عليها حتى آلان في العربية الشمالية . وكان ""فلبي"""
جميع الفلاحين المقيمين في القرى المجاورة لها للمجئ إليها والإقامة فيها أحراراً ؛ودفعت,جميع الفلاحين المقيمين في القرى المجاورة لها للمجى إليها والإقامة فيها أحراراً ؛ ودفحت
الترتيب على ان هذا الترتيب لم يكن ترتيباً جاهلياً اجمع الجاهلون عليه،و# إلا,الترتيب على ان هذا التريتب لم يلق ترتبباً جاهلياً اجمع الجاهلون عليه، و# إلا
تعيش في الغابات والأحراش وقضت على مصادر عيشهم. لازالت,تقيش في الغابات والأحراش وقضت على مصادر عيشهم . لازالت
كان يربط هذا النوع من التعليم .,كان يربط هذا النوع مذ التعليدم.
تعد وسائط التقل المختلفة عاملا اساسيا في نزايد تلوث الهواء ، اذ,لعد وسائط التقل المتلقة عاملا اساسياحي نزايد تلون العواء، اذ
لأن تكون رسالته قد أسئ فهمها .,لأن تكون رسالته قد أسي فرهها.
من المعروف أن الشمس هي  المصدر الرئيسي للطاقة في الكون وهي التي تمد,من المعروف أن الشمس هي المصدر الرئيسي للطاقة في الكون وهي التي تمد
وعن أناس  أنهم عاشوا دهرا طويلا قبل الإسلام: ونحن نعلم من كتابات,إعن أناس أذهم عاشواد هدا طويلا قبل الإسلام: ونحن ندام من كتابات
المدنية   والمدارس القروية بالاجمتماعات الدورية. -هناك,المدنية والمدارس القروية بالاحمتماعات الدورية - هناك
يكون منطلق أساسي  من منطلقاتها . ولكن العلم يجب أن يتبعه عمل,يكون مفطلق اسعبي من مدطلقاتها . ولكن العلم بجب أن يتبعه عمل
يعد يخار الماء الموجود في الغلاف الجوي أعثر للغازات للمسيبة لظاهرة احترار للأ رض,يعد يكار الماء الموجود هي للغلاف الحوي أعثر للغازات للمسيبة لظظاهرة احترار للأرط
يعد بالتنسيق مع وزارة التربية .,يعد بالتتسيق مع وزارة التربية .
سوار عند الاستخراج والنقل أو عند انتاج الطاقة، الأمر الذي قد,سسواء عن الاستخراج والنقل أو عند انتاج الطاقة، الأمر الذي قد
ـ1761 للميلاد برحلة إلى جزيرة العرب، أول رائد من روّاد العزب,125؟ للميلاد برحلة إلى جزيرة العرب، أول رائد من رواد العزب
أو الخاص فيعد الطلاب لمهنة معينة بذاتها . وتتكون فترة التدريب المهني النوعي من سلسلة,أو الخاص فيعد الظلاب لمهنة معينة بداثيا . وتتكون فثرة التدريب المهي النوعي من سلسلة
لعمله . ويتمتع المعلمون بإجازة صيفية مدتها شهران علاوة على عطلتي,لعمه . ويقمتع المعلمون بإجازة صبيفية مدتهاشهر أن علاوة على عطلتي
جليدي زحفت خلالها الثلوج إلى وسط وجنوب أوربا وانخفضت خلالها,مليدى زحفت خلالها الثلوج إلى وسط وجنوب أوربا وانخفضت خلالها
يسير الجمل متبخراً فخوراً بنفسه معتزاً،بطراً لا يقضم منها إلا ما يعتقد أنه طعام لذيذ له ،يقضم من موضع ثم,يسير الجمل متبخراً فخوراً بنفسه معتزاًت بطراً لا يقضم منها إلا ما يعتقد أنه طعام يديذله ،ا يقضم من موضع ثم
الأختلاف المؤقت  التقطّع في الأحداث  احتمالية توزيع الأحداث  التغذية,الأختلاف المؤقت الققطع في الأحداث احد الية توزيع الأحداث التغذية
لحقق نجاحا كبيراً لدرجة أنعا كانت أحد الأبناء في أخبار المساء على محطة أي تي ان التليفزيونية . وكانت,تحقق نجاخاً كبيراً لدرجة ألفا كانت أحد الأنياء في أخبار المساء على محطلة أى قي إن التلغزيوينة وكنت
تتمكن الاشعه فوف البنفسجيه من نقكيكها مما يؤدي الى انطلاق ابوىات الفلور والكلور,تتمكن الأشعه فوف البنفسجيه من نقكياكها مما يؤدي الى انطلاق ابوا، الفلور والكلور
الأنتاج العالمي من الكهرباء المولدة بطاقة الرياح,الأنتاج العالهي من الكهرياء المولدة بطاقة الرياح
الطنين الواهن للرقاقات المدمجته متناهية الصغى .,الطيف الواهن للرقاقات المدوجتة متناهية الصغر.
ثقة وطمأنينة ، السبيل الواعد لتنمية بشرية أفضل  .,ثقة وطمانينة، السبيل الواعد لتنمية بشرية أفضل.
الدخل المدري للزراع 271.6 آلاف ريال سعودي .,الدخل الرري للزراع 1.15 ألاف ريال صعوديي.
اليىئة ليست ما يحيط بنا عن قرب فقط و إنما كل شئ تىضمنه الكرة الأرضية  ، وتعتير الغابات,اليئة ليست ما يحيط بناعن قرب فقط وإنما كل شئ تتضمنه الكرة الأرضية، وتعتير العاباً
المترابطة,المترابطة.
يقال لها في علم طبقات الأرض ، تكون نوعاً من الصخور يتأثر ببعض المؤثرات,يقال لها في علم طيقات الأرض، تكوك توعاً من الصخور يتأثر ببعض المؤثرات
التي نشرت مؤخرا بمجلة (جيوفيزيكال ويسيرتش ليترز ) التي يصدرها الاتحاد,التي نشرت مؤض ابرجلة (جيو فيريكال ريسيرتش لبنزز) التي يحدرها الإنحاب
مما سبب تضرر البيئة وفقدان التوازن البيئي للكرة الأرضية و التوازن الطبيعي من الغطاء النباتي .ومن الضروري العناية بالنباتات والأشجار,مما سبب تضرر البيئة وفقدان التوارن البيئي للكرة الأرضية والتوازن الطبيعي من الخظاء النباتي. ومن الفروري العناية بالنباتات والأشجعر
التركيز على الغاز والاقتصاد  الممنهج  للطاقة ، والاستعمال المبكر للتقنيات والآلات ،,التركيز على الغاز والاقتصاد الممنهج للطاقة، والاستعمال المبكر للتقنيات والآلات ،
وجعلو من أهله ا قال الأحنف بن قيس : يا معشر بني تميم لا  تسرعوا الى الفتنه.,وجعلوا من اهله أقال الاحنف بن فيس: يامعثربي يم لانرحد األى انفيه
"الصورة :""ورخس ذو سحر خرف.... "" ،أو ""ورخس ذو تمنع خرف ... "" ، أي","الجورة: ""ورخس ذو سحر خرف....""، أو""ورخس ذو تمنع خرف...""، أي"
درجة الحرارة جعلت معدلات درجات الحرارة في الشتاء الألماني,درجة الحرارة جعلت معدلات درجات الحرارة في الشتاء الألمان
الأشعة الشمسية.,الأشعة الشمسية.
و تاريخياً هائلاً حيث كانت موطناً للعنصر البشرى منذ القدم.,وتاريخياً هائلاً حيث كانت موطاً للعنهر البترى منذ القوم.
فلما لم يرشيئاً بكر على الحسن فقال : حسن ما صنعت بي ضمنت لي الغلف فانفقت,فلما لم يرشيئاً بكر على العسن فقال: حسن ما صنعت بي ضمنت لي الغلف فأنفقت
أثار التبر، ويظهر انه كان من المواضع التي استغلت قديماً لاستخراج الذهب منها .,أثار التبر، ويظهرانه كان من المواضع التي استغلت قديقاً لاستخراج الذهب منها.
وينتج سبعين بالمائة من الانتاج العالمي لأقراص الاشعة الزرقاء وتبلغ طاقته,وينتج سسبعن بالمائة من الانتاح العالصي أقراص الانعة الرفاء وتبلغ طاقة
والآثار والقبور في بحثا عن الذهب والاحجار الكريمة والأشياء النفيسة الأخرى، هي عادة,والاثلاو القبود في بخحثاعن النهب والاجار الكرعة والأشياء التقسية الأخرى، هي عادة
دجلة والفرات وروافدهما والبحيرات، الأهواء والمياه الجوفية,دجلة والغرات وروافدهما والبحيرات الاهواء والمياه الجوفية
كل من بخار الماء و ثاني أوكسيد الكربون و النيتروجين  و ثاني أكسيد الكبريت.,كل من بخار الماء وثاني أوكسيد الكربون والنيتروجين وثانى اوكسيد الكبريت.
إجرائها الظروف الطبيعية .,إجرائها الظرويف الطلبيعية.
"أحببت اليمن أكثر، فقد عاملني اليمنيون معاملة كبار الزوار""","أحيبت اليمن أكثر، فقد عاملني اليمنيون حعاملة كبار الزوار"""
ذو تاثير كبير قبل الثورة الصناعية عه معدلات تركيز غاز  بسبب,ذو تاثر كبر قبل الثورة الصاعية على معدلات ترليز غاز بسبب
الحاجه اللازمة للطاقة لقرون عديدة .والجديد بالذكر ان هذا المفاعل المنتح يولد,الحاجه اللازمة للطاقة لقرون عديدة . والجديد بالذكوان هذا المفاعل المنتح يولسد
الطبيعة، ومع الانسان، والاب الشعبي بهذا المفهوم عباره عن تتويج لخبرات الانسان ومعارفه،,الطبيعه، ومع الانسان، والاب الشعبي بهذا المفهوم عباره عن تتويج جبرات الانسان ومعارقة ،
وذلك باستغلال غاز ثنائى لاوكسيد الكربون على شكل كتله حيويه ويعدم,وذلك باستغلال غاز ثناني لاوكسيد الكربون على شككل كتله جيويه ويعوم
خلال  نشر ثقافتهم  وفكرهم  في مدى  أوسع من الدول  وبين عدد أكبر من البشر .,خلال نشر ثقافتهم وفكر هم في مدى أوسع من الدول وبين عدد أكبره ي اليش
جديدة أكثر إنتاجية منه في وحدة المساحة و أخذين بعين الإعتبار .,جديد # أكثر إنتاجية منه في وحدة المسامة . آخذين بعين الإعتبار
الغابات في الدول النامية والفقيرة  .أدت موجات الجفاف المتتالية التى أصابت,الغابات في الرول الناته والغقيرة .أدت موجات الجناف المتالتي الت أصات
من خلال الصقل المستمر لعقولهم من خلال عصف أذهانهم #,من خلال الصقل المستصر لعقولهم من خلال عصف أذهانهم #
في المناطق الجبليه ألتي ترتفع كثيراُ عن مستوى سطح البحر حيث سجلت درجات الحرارة ارتفاعاً مقداره 3.2 درجة,في المناطق الجيلية ألة ترتفع كثير آًعن مستوى سطح البحر حيث سجلت درجات الحرارة ارتفائاً عدتداره2 أدردة
وأن تفتديهم إذا هوجموا أو سجندا. وكانت تشرف على أخلاق أعضائها وآدابهىم، وثيابهم,وأن تفتدبهم إذا هوجموا أو سجنوا. وكانت ترف على أحلاف أعصائها وآدابهام: وتيابهم
غازات الدفيئه  فى العقود القادمه إلى  احترار  المناخ تدريحياٌ . وفى الواقع تشير نماذج الدوران,"غازات الدفيئه في العقود القادم إلى احترار المناخ تدرقحياً"" . وفي الواقع تشير غاذج الدوران"
تفرك وتؤكل او # تجفف ثم تجرش وتطبخ ، ويصنعون كذلك,تخرك وتؤكل أو # تجظف ثم تجرش وتطبح،# ويصفون كذلك
"# المتوارت من الجاهلية, فمن أخبارهم مادخل في هذا الكتاب,ومنها",# المتوارت من الجاهلية . ممن أخبارهم مادخل في هذا الكتاب. ومنها
يجب الاشارة إلى # أننا نستخدم مصطلح السلالة الجغرافية أو البيئية أي بمعنى,يجبب الاشارة إلى ## أننا نستخدم مصطلع السلالة الجغرافية أو البيئية أي بمعنه
ألم يأن الأوان للكلمة المطبوعة أن تتاح,الم يأن الاوان للكلمه المطبوعة أن تتاح
في الحصول عليه ، و هذا اّعتماداً على معارف و معلومات متوفرة مسبقاً تدفع,في الحصول عليه ووهذاآعتصاداً على معارف ومعلومات متوفرة مسبقاً تدفع
اللغات و التوصل بهذه الطريقة إلى الوقوف على أقدم الحيوان و النبات عند تلك الشعوب،,اللفاع والتوصل بجذه الطريقة إلى الوقوق على أقدم ألحيوات والنبات عن تلك عوب،
في تقرير نشرته وكالة حماية البيئة عما يقوله كثير من العلماء وخبراء المناخ من أن أنشطة بشرية مثل تكرير,في تقدير نشرته دتالة حماية البيئة عما يتوله كثير من العلماء وجبراء المناخ من أن ألنشطة شرية مثل تكرير
و كما هو موضح في الجدول رقم (2) قفد تبين أن أغلبية المبعوثين (89.2%) يقعون في,وقماهو موضع في الجدول رقم (15) ققد تبين أن أغلبيه المبعوثين (1.195) يقعون في
لمدة تتراوح ثلاث وأربع سنوات,لمدة قتراوح ثلات وأدبع ستوات
البادية، بل تشير كل الدلائل إلى إن وجودهم فيها كان قبل هذا,الباديةة، بل تشير كل الدلائل إلى إن وجودهم فيها كان قبل هذا
يعد النفط الوقود الرئيسي في وسائط النقل المختلفة في الدول الصناعية وتصل,يعد النفط الوقود الرئيسي في وسائط النقل المختلفية في الدول الصناعية وتصل
في مجال الزراعه المستدامه متوسطا,في مجال الزراعه المستدامة متوسطاً
بينما دفعت الكتب إلي حافة الرادار . ووضعت سلسلة صيفرة  لكن  مؤثرة,ينما دفعت الكتب إلى حافة الرادار . ووضعق سلسة حيغرة لكن مؤثوة
ويميز الكتاب  بين  نوعين  من  الإدارة العامة هما   الإدارة  المركزية,ويميز الكتاب بين نوعين من الإدارة العامة هما الإدارة المركزية
لقد بات من الضروري اليوم البحث عن بدائل جديدة للطاقة، نظراً لكون,لقد بات من الضروري اليوم البحث عن بدأئل جديدة للطاقة، نظراً لكون
"فلبي الذي أسلم # فأطلق على نفسه ""الحاج عبد الله فلبي""  وقد ألّف هذا",بغلس له للصابط لرمتك . سألق راححهل بلغ أصجابنا طعك ،ث ح حن، ب س يث ، صع #
حفرة و صهرجتها و ملستها حتى صارت كأنها صخرة منقورة . وصوبت إليها المسيل,جفرة وصهرجتهاً وملستهاً حتى صارب فأنها صخرة منقورة . وصويت إليهاً لمسيل
وحديد المقلى يحترق إذا كان الذي يقلى فيه ليس بدسم . وكيف لا أعيرك,وحديد المقليى يحترق إذا كان الزي يقلى فيه ليسن بدسم. وكيف لا أميرك
عبر  العالم . وفضلاً عن تدفق التحويلات بالعملة الصعبة، يمكن للمغرب أن  يستفيد من,عبر العالم. وفصلا عن تدفقر التحويلات بالعملة الصعبة، يمكن للمغرب إن يستفيد من
2003 لكتاب يأكل ، يقتل ويغادر . الفصل التاسع : يأكل ، يقتل ويفادر,2005 لكتاب يأكل ، يقعل ويفادر . العضل التاسع # يآكل ، يقيل ويفأدر
وقد ذهب بعض الباحثين إلى إن كثيراً من أودية جزيرة العرب كانت,ووقد ذهبا بعض الباحثين إلى إن كثيراً من أودية جزيرة العرب كانت
من الملاحط ان الأشعة الشمسية تسقط بشكل مائل على الاجزاء الشمالية  والجنوبية,من الملاحط ان الأشعة الشمسية تسقط يشكل مائل على الاجزاء الشمالية والجنوبية
الزراعي والمجتمع الريفي # بكلية علوح الأغذية والزراعة,الزراعي والمجتمع الريفيي # بكلية علوح الأغذية والزراعة
المغربية الضرورية ، لتعويض الخلف وتحقيق التنمية  .,المغربية الضروية، لتعويض الخلف وتحقيق التمية.
كفاءة لإنتاج الكهرباء ، و قد لعبت دورا هاما و رئيسيا في تنمية المجتمعات,كفاءة لاتاج الكنباد ، وقد لعبة دور اهاما ورئيسيا في تنمية المجتممان
في تخطي جميع مظاهر  العجز الحاصل في ميدان التنمية البسرية,في حصي جميع مظاهر العجز الحاصل في ميدان التنمية البسرية
سنة # ثمانمائة واثنتين -وثمانين سنة للاسكندر وست عشرة سنة ومئتين من تاريخ العرب الذي,يسنة # تمافمائة وانتيب - وثمانين سنة للاسكندروس عسعره سنه ومئتين من تاريخ العرب الذير
من   50 % من مستويات الصفوف غير الجامعية ، وما زال النظام التعليمي,ن 15% من مستويات الصفوف غير الجامعية، وما زال النظام التعليمي
– عبارة عن تلول مرتفعة تطل على الساحل مباشرة وينتشر فوق سطحها العديد من,- كبارة عن تكول مرتفة تطل على الساحل مباشرة وينتشر فوق سطحها العرير من
ولعل مما يؤكد ذلك عملياً التلازم  الملحوظ  بين معدلات النمو  العالية واللامركزية,ولعل مما يؤكد ذلك عملياً التلازم الملحوظ بين معدلات النمو العالية واللامركزية
الطالب ويشجعه إلى مثل تلك الأبحاث غير المسبوقة خاصة,الطالب ويشبعه إلى قتل تلك الابحان عي المسبوقة خاصة
عندك فرأيت شيئاًمتفاوتاً و امراً متفاقماً. فاحسب أن البخل عليهم غالب و أن,عندك فرايت شيثاً متفاوتاً واحراً متفاقماً . فاحب أن البخل علهم غالب وأف
وخبرة وتجارب وكل  هذا  يزيد  ملكات الإنسان  وتفجر فية,وخبرة وتجارب وكل هذا يزيد ملكات الإنسان ولعجر فية
اجتاحت شمال القارة الأسترالية في السادس من شباط عام 2009 والتى,اجتاحت شمال القارة الأترالية في السادس من شباط عام 2005 والتي
"عنهم أكثره"". وورد عن ""أبي عمرو بن العلاء"" انه قال: ""ما انتهى إليكم مما قالت","عنهم أكترة"". وودعن ""أبيا عمر وبن العلاء "" انه قال:""ما اتهى إليلم مما قالتا"
العام لدرجات معرفة الزراع ببعض المجالات الخامة بالزراعة,العام لدرجات معرفة الزراع ببعض المجللات الخاصة بالزراعة
ضرورة بناء برامج إرشاديه لتقابل الاحتياجات المعرفيه والمهارية للزارع,خرورة بباء برامج إرشادمه لتقابل الاحتاجات المعرقيه والمهارية للزارع
المشاركة : تعني أن يتمكن الناس باعتبارهم مواطنين متساويين في الحقوق والواجبات من,المشارلة :تعتي ان يتمكن الناس باعتبارهم مواطين مساوين في الحقوق والواجيات من
والزي، و الحكاية، والمأكولات الشعبية ، وتنسج منها ثقافة تدافع عنها,والزي، والحلاية، والمأكولات الشعبية، وتنسج منها ثقافة ترافع عنها
الذي تعقد فيه محكمه المالك والذى يستخدم فضلاًعن ذلك مطعماً، وحجره لجلوس,الذي تعقد فيه محكمه المالك والذي يستخدم فضلاً عن ذلك مطعماً، وججره لجلويل
عليهم وعلى بلادهم، فصارت علمية عند أو# لئك الاعاجم,علي#م وعلى بلادهم، فقارت علمية عقد أو# لئك الاعامم
#والتفاح والمشمش وأمثالها، فقد غرست في مناطق,# والمفاح والمشمش وأمثالها، فقد غرست في مناطق
وفي الحفاظ على التنوع البيولوجي لكنها مهددة أيضا بالإنقراض ويرجع ذلك لأسباب إقتصادية لتحفيق,وهي الحفاظ على التنوع البيولوي لكنها مهددة أيضا بالإنقراض ويرجع ذلك لأسباب إقتمادية لتحفيق
فى مجال الزراعة المستدامه . وتتفق هذه النتائج مع دراسه السبيعى (2006م),في مجال الزراعة المستدامه. وتتفق هذه النتائج مع دراسه العبيعيي (2000م)
عهداً في التسمية..,عهدا في التسمية..
"و ""الجاهلية"" اصطلاح مستحدث ظهر بظهور الإسلام وقد أطلق","و ""الجايلية""اصعللاح مستعدث ظظهر بفلهوب الإسلام وقد أطللق"
يصدرونه إلى الأماكن البعيدة ويحملون الطري منه إلى الأماكن التي لا تبعد كثيراً عن الساحل . و,يصدرونه إلى الأمائن اليعيد، ويصملون الطري منه إلى الأملكن التي لا تبعد كثيراً عن الساحل. و
نحو.,لحو.
# # # يعود احتمام الحكومه الالمانيه بالأجرارات والقوانين,ذب #مه يعود اخمام الحكومه الالحانيه بالأجرارات والقوانيي
ووصلت درجة الحرارة فوق هذه القمه الجبليه الى 28.2 درجة مئوية وهي اعلى درجه حرارة سجلت في هذه,ووصلت درحة الحرارة فوق هذه القه الجيليه الى12.00 درجة مئويةً وه الإدرجه حرارة سحيلة في هد،
2008 وجود زيادة كبيرة في معدلات الطلب على المنتجات البترولية.,1000 وجود زيادة كبيرة في معدلات الطلي على المتجات البرولية.
و الصناعيه ، و على سبيل المثال تسخين المياه و التدفئة,والصاعيه، وعلى سييل المثال تسحيين المياه والتلافئة
أما الطرن التجاري للكتب - مكتبات دبليوإتش  سميث ، ديلوتر و ووترستونز - فكان,أما الطرن التجاري للكتب - مكبات دبليوإنش سحيث، ديلوتر ودوترستونز - فكان
عشرة اشخاصى,عشرة (شخاسي
والناس،,والناس
الأول إلى تقوية نسيج التراب الوطني ، بوصفه شرطا  لتنميته ولتأكيد وحدته,الآول إلى تقوية نسيج التراب الوطفي ، بوصفه شرطا لتنميته ولتأكيد وحديه
من الزمن. وتقسم الكوارث البيئية حسب نوعية المسبب للكارثة البيئية الى,من الزمن. وتقسم الكوارث البيئية حسب نوعية المبب للكارثة البيئية الى
وىالحرى أن تغلط في مقدارها فنبكثيرة مضافهخس من حقها . وقد كتبنا لك أحاديث,ونالحرى أن تغلط في مقدارها فيرض من حقرا. وقد كتبنا لك أحاديث كثيرة مضاف
"في العصور الوسطى مليئه بالأتربه ، و الأوحال , ولم تكن هناك قنوات أو",في العصور الوسطي مليئه بالأتربه، والأوحال، ولم تكن هناك قنوات أو
من المتوقع أن تأتي في هذا العام ، وربما ني الخريف . وهذا التوقع أمر رائع ، حيث,من المتوقع أن تأتي في هذا العام ، وربماني الخريف . وهذا التوقع أمررائع ، حيت
المبدع القائم على رصيدنا وإرثنا الحضاري الهام ، لنضمن تطورنا وإستمرار عطاؤنا و,المبدع القائم على وصيدنا وإرتنا الحضاري الهام، لنضمن تطورنا وإستمرار عطاؤنا و
الأثر و التأثير بين الآداب : كثيراً ما نرى صورة من صور الأدب,الأثر والتأثثير بين الآداب: ككثيراً مانرى صورة من صور الأرب
و أما السجلات الأخرى، فقد كانت من وضع علماء آخرين من علماء النسب,وأما السجلات الأخرى ، فقد كانت من وضع علماء آخرين من علماء الننس
"آخرى مؤلفه من هذه الحجارة في مواضع عديدة بين ""شقيق"" و","آخرى مؤلفه من هذها الحجارة في مواضع عديدة بين ""شقيق""و"
زراعية ورعوية مما أسهم في إختلال التوازن البيئي العالمي. يعود السبب الرئيسي,زراعية ورعوية لما أسهم في إخثلال التوازن البيئي العالمي. يعود السيب الرئئسي
تعلم ان اللعبة قد انتهت بالنسبة للنشر التقليدي حين تلقي المدير التنفيذي,تعلم ان اللعية قد انتصت بالنسبة للنشر الققليدي حين تلقي المدير التنفيذي
وتشمل البترول والفحم الحجري والغاز الطبيعي.ومن المعلوم أن البترول مادة قابلة,وتشمل البترول والفحم الحجري والغاز الطبيعي . ومن المعلوم أن البترول مادة قلطلة
وقد يصل محصول العسل فيه من30-40 كيلوجرام ؛ ويكون هذا القرص معلقا في نتؤات الصخور,وقد يصل معصول العسل فيه من 10-10 عيلوجرام ؛ ويكون هذا القرص معلقا في نتؤئات الصفور
لأن المسافه الحية عنده مكانت 140سم هذه المسافة الناتجة من طرح متوسط قطر تاج,لان المساعه الكيه علده داس 10م عده الللسامة الكاب من تصرى موس معريح
وذلك لمساعدة الغريجين على أن يشقوا طريقهم في العياة بشكل مستقل ومشرف. تأهيل المعلمين,وذلك لمساعدة الفريجين على أن يثقوا طريقهم في العياة بشكل مستقل وشرف . تأميل المعلمين
مصادرها التقليدية محدودة، ونظراً لوجود استعمالات مهمة لها وبخاصة,مصادرها التقليدية محدودة ، ونظرا لوجود استعمالات مهمة لها وبخاصية
مما يعتبر عاملاً عماً من عوامل زيادة تركيزات غازات الإحتباس الحراري .,ما يعتبر عاملاً هماً من عوامل زيادة ترتكيزات غازات الإحتباسي الحراري
أما من حيث علمه بتأريخ اليمن القديم، فإنه وإن.  عرف بعض,أما من حيث علمه بتأريخ اليمن القديم، فإنه وإن عرق بعض
التربة من المياه والعناصر الغذائية . وعند توفير هذا الدعم والعناصر,طبيعيه وعلى هذا الأساس بين فكرة الزراعة لدون ترية
فقد رأيت صاحب سفط قد اعتقد مائه جريب في أرض العرب ولربما رأيته يبيع الفلفل,فقد رأيت صاحب سفط قد امتقد مائه جريب في أرض العرب ولربما رأيته يببيع الفلفل
وشيعوا كلامه في الكتب : بسم الله الرحمن الرحيم اصلح الله امركموجمع شملكم وعلمكم الخير,وتشعيوا كلامه في الكت : بسم الكه الرهن الرحيم إملح الله امركم وجمع شملكم وعلمكم الخير
الاقتصادية والاجتماعية و الثقافية متباينة .,التمالية، حيث الطمعة مختلفة عف طببعه بلاده وحيت الطروي
والاحتفاظ بخصب التربة في الأقطار الواقعة شمال جبال الألب ؛ وترك الزراع,والاحتفاظ بخصب التربة في الأقطار الواقعة شمال جال الألب ؛ وترك الزراع
منها ظاهرة الإحتباس الحراري واثيراته في الإنسان والحياة على الكرة الأرضية .,منها ظاهدة الإحتباس الحراري وياييداته في الإنسان والحياة على الكرة الأرضية .
كان يستعمل على خوانه من الخدع و المكايد و التدبيير ما لم يبلغ بعضه قيس,كان يستعمل على خوانه من الخذع والمكايد والتدير مالم يبلغ بعضه قيب
"هو في وجود خط عمودي في وسط الكأس هو امتداد لرجل الكأس، وذلك في حرف ""الحاء""، أما الهاء، فلا يوجد فيه هذا","هو في وجود خط عمودي في وسط الكأس هوا متداد لرجل الكأس، وذلك في حرف ""الحاء ""أما الهاء، فلا يوجد فيه هذا"
الانجليزي المستعرب عدة كتب بالانكليزيه وصف فيها أسفارها في بلاد,أنفا في الطج . هل تعلم فائدة الكلكات # التالية لهذا خزص: مسمس، دراققاعيظ، ناء،
المناسبات ومن قبل كل مدرسة على حدة .,المفاسبات ومن ميل كل مدرسة على حدة.
نقابة التجار في ليسز في في سوق بسطن,نقابة التجار في لييستر في في سوق بص.
وسقفها بالرسوم التى تمثيل موضوعات شرقيه . وكان المهندسون والصناع,وسقفها بالرسوم التيى تمثل موضوعات شرقيه. وكان المهند سون والصاع
فقط استطاع المجتمع المغربي ، على مدى خمسين سنة ، أن يحتفظ بأجزاء كامله من هذا التراث ،,فقط استطاع المجتمع المغربي ، على مدى حميسين سنة، أن متفظ بأجزاء كامله من هذا التراث ،
وهي مساحات من الأرضين تعلوها رمال حمر في الغالب، تمتد من النفود,وهي مساحات من الأرضين تعلوهارمال حمر في الغالب، تمتد من النفود
في ذلك أن جميع المواد تكون متعادلة كهربائيا،والطاقة,في ذلك أن جميع المواد تكون متعادلة كهربائيا، والطماقة
إلزام أصحاب البيوت و المباني السكنيه على تركيب خلايا أوالواح,إلزام أصحاب البيوت والمباني السكنيه على تركيب خلايا أو الواح
كبير يكفي لعدة مئات من السنين وتشير # الاحصاءات إلى أنه من عام 1380 هـ,كبير يكفي لعدة مئات من السيين وتشير # الاحصاءات إلى أنه من عام 1100ه
والمسؤولية الأخلاقية في الطلاب بالإضافة إلى مشاعر التضامن والتامح ، وذلك للقضاء,والمسؤولية الأخلاقية في الطلاب بالاضافة إلى مشاعر التضام والسامح، وذلك للقضاء
تعود أسباب ظاهرة الإحترار الكوني الى عدة أسباب كما يراها العلماء,تعود أسباب ظاهرة الإمترار الكوني إلى عدة اسباب كما يراها العلماء
فقال : أكنت ذا معرفه به قال: لاولا رأيته قبل ساعته. قال: أفناقلته الكلام وفاتحة,فقال : أكنت ذا معرقه به قال: لا ولا رأيته قبل ساعته . قال: أفناقلته الكلام وفاتحة
وتظهر بالطائفة الأمهات الكاذبة بعد فقد الملكة مباشرة ؛ كما أن تطريده,وتطعر بالطائنه الأمهات الكاذية بعد فقد المللة مباشره : لما أت تطريده
من بعده عدد منهم.,من بعده عدد منهم.
وقد أشير إلى العربية السعيدة والعربية الصحراوية في الموارد,وقد أشير إلى العربية السعيدة والعربية الصحراوية في الموارد
المشاركة في صنع القرارات ؛حتى يسهموا بفعالية في العمليات الاقتصادية والاجتماعية,المشاركة في صنع القرارات  حتى يسهموا بفعالية في العمليات الاقتصادية والاجتماعيه
"كتابات عربية شمالية"" ، فيها أسم ""العرب""، غير نص واحد، هو","حتابات عربية تقمالية""، فيها أسم ""العرب""، غير نص واحر، قو"
المصادفة والتلاعب # بالألفاط ولا شك,المصادفة والتلاع #با لألفاظ ولاطك
في كلام حتى ادخل الاعتذار من ذلك في عرض كلامه. فكان مما احتج به في شدة رؤية,في كلام حتى ارخل الاعتذار من ذلك في عرف كلاقه . فكان مما احتج به في شدة رؤية
الجوي مباشرةً وتؤدي الى ارتفاع تركيزات هذا الغاز في طبقة,الجوي مباشرة وتؤدي الى ارتقاع تركيزات هذا الغاز في طبقة
آخر يلاحظ ان بعض النباتات والحيوان قد إنتقلت من مناطقها,آخر يلاحظ ان بعضه النباتات والحيوان قد إنتعلت من مناطقرها
الغازات الدفيئة الغازات المسببة للاحتباس الحراري ذات شفافية معقولة بالنسبة,الغازات الدفيئة الغازات المسببة للاحتباس الحراري ذات شفافية معقولة بالنسبة
نتيجةً لإستمرار إرتفاع معدلات درجات الحرارة في ألمانيا ومحيطها من البلدان,نييجة لإستمرار إرتفاع معدلات درجات الحرارة في ألمانيا ومميطهها من البلدان
فيشترط على المعلم   الحصول على درجة الليسانس في علوم التربية أو درجة,فيشترط على المعلم الحصول على درجة الليسائس في علوم التربية أودرجة
المحيط الأطلنطي # فوق جزيرة أيسلندة حيث يؤدي هذا المنخفض,الححيط الأطلنطي # فوق جزيرة أيسلندة حيث يؤدي هذا المتخفض
، والأنسب منها هي ( 3.80 * 2م ) للصنف الأول و (3.90 * 2.10م) للصنف الثاني .,، والأنسب منها هي (19.122م) للصنف الأول و(1987 192.2م) للصنف الثاني.
السنوي الواحد ، فمن الواضح أنه كان عند الصنف  ستاركنغ ديشليسيس .,السنوي الواحد، فمن الواضح أنه كان عند الصنف ستاركنغ ديشليسيس.
البعثات المتخصصة بمختلف الشؤون، لذلك نتطلع إلى اليوم الذي,البعثات المتخصصة بمختلف الشؤون، لذلك نتطلع إمى اليوم الذي
"لا وطن له#"".. .  وكثيراً ما استخدمت عناصر التراث لتدعيم قضية",لا وطن له#.. وكثيراً ما استخدمت لمناصر التراث لتدعيم قضية
من التطبيقات الممكنة لهذه التكنولوجيا. سوف تساعد هذه الدراسة المعاقين,من التطقات الممكنة لهذلا التكنوتوجيا، سوف تساع هذه الدراسة المعاقين
# # قومي يعدف إلى إجراء  إصلاح شامل كماً وكيفاً في النظام التعليمي للبلاد .,# # قومي يعدف إلى إجراء إصلاح شامل كماً وكيفاً في النظام التعليمي للبلان
بواسطة توربينات عملاقة. و تعتبر طاقة الرياح الطاقة الأكثر,بواسطة تورينات عملاقة. وتعتبر طاقة الرياح الطاقة الأكثر
ثنائي اوكسيد الكربون. ونتيجة لإنتشار الادمان على هذه العادة السيئة والمفرة,ثنائي أوكسيد الكربون. ونتيجة لإنتشار الادمان على هذه العادة السيئة والمفرة
حيث أنه أثناء الطيران التزاوجي يصطحب الملكة عددا من الشغالات,حين أنه أتناء الطيران التزاوجي يصطعب الملكة عددا من الشغالات
اللحظة حين اكتسحت التكنولوجيا الجلديدة لستة قرون من الحبروالورقه في,اللحظلة حين حتسحت التكنولوجيا الجلديدة ستبة قرون من الجبر والورق في
النباتات في عمليه التركيز الضوئي كمصدر  للطاقه تقوم  من,البباتات في عحليه التركي، الصدئي كمصر للطاته تقوم من
وكانت العقوبات المقرره في هذة القوانين صارمة ، ولكن بلوح أن هذه الصرامه,وكاثت العقوبات المقرره في هذة القوانين صارمة ، ولكن يلوح أن هذه الصراقه
وفي هذه المواضيع من العربية الجنوبية وفي الأوديه وحافات الهضاب والجبال التي كانت تنبت,وفي هذه المواضيع من العربيه الجنوبية وفي الأوديه وعافات الهضاب والجبال التي كانت تبيت
يسهم غان ثتائي أوكسيد الكربون بحوالي 50 % من إسهامات غازات,يسهم غان ثثائي أوكسيد الكربون بحوالي 20% من إسهامات غازات
كالإلياذة والأوديسا، وتقدم هذا الأدب من وجهة إنسانيه نتيجه هذا,كالإلياذة والأوميسا، وتقدم هذا الأدب من وجهة إنسانيه تتيجه هفا
وكيندل هو هو بنات أفكار جيف بيزوس ، المدير التنفيذي لأمازون ،,وكيندلهو بنات أفكار جيف بيزوس، المدير التنفيذي لأماروق ،
نسبيا نظرا لتوفر النفط و الفحم بأسعار معقولة وهذا باستثنا,نسبيا نظرا لتوفر النقط والفحم بأسعار معقولة وهذا باستشا
جوزيف ادهيمر عام 1840 والتي نصت على إن التغير في محور دوران,جوزيف ادهيمر عام .105 والتي نصت على إن التغير في محور دوران
الأساطير والخرافات والمبالغات .,الأساطيد والحزافات والمبالغات.
وبنو عبد ضخم.,ويبو عيد ضط،
أن بني هلال نزحوا عنها في القرن الخامس الهجري,أن يني هلال ترحواعنها في القرن الخامس الهيحري
على خوان ليس عليه إلا ذكرتوالخراساني معنا يأكل . فرايته,علىى حوان ليس عليه إلا ذلرف والخراساي معنا يأحل . عرايته
كثيراً ما يصقل تفكير الطالب لمواجهته المستمرة لأمور تتطلب التفكير لحل المشكلة,كثيواً ما يصقلا تفكير الطالب مواجهته المستمدة لأرور تتطلي التفكير بحل المشكلة
جهود لتقليص الطلب الطلب ، أتت أكلها نسبيا  على مستوى الماء  الشروب . وقد,جبهود لتقليص الطلب الطلب، أيته أكلها نسبيا على مستوى الماء المشروب. وقد
نظام  الاقطاع ، كذلك كان  أعجز  أمراء  الاقطاع عن حفظ  النظام فيما,نظام الاقطاع ، كذلك كان أعجز أمراء الاقطاع عن حفظ النقام فيا
"الخط الذي يقسم باطن الكأس إلى نصفين . ويشبه حرف ""الخاء"" حرف ""الهاء"" في رسم رأس الكأس، ولكنه يختلف","الخط الذي يقسم باطن الكأس إلى نصفين . ويشبه حرق ""الحاء""حرف ""الهاء"" في رسم رأس الكأس، ولكله يختلف"
تدل على وجود تدوين للشعر عند الجاهليين. الا أننا لا نجد حماداً ولا غير.,تدل على وجل #بد وين للشعر عند الجامليين. ألا أثنا لا بجد عماداً ولاغير.
أوراش جديدة في المجالات البيداغوجية واللاتمركز وأساليب التدبير فإن الكثير ما,أوراش جديدة في المبعالات البيداغوجية واللاتمركز وأساليب التدير فإن المثير ما
و الستينات ) هي الحقبة الذهبية لنمط العمارة الدولية الذي إنتشر على نطاق واسع,والستينات) هي الحفبة الذهبية لنمط العمارة الدولية الذي إنتشر على نطاق واسع
هذا النوع من الجامعات هو السائد في شثى الولايات الهندية وهو يثمثل في أن,هذااالنوع من الجامعات هو السائد في شتى الولايات الهندية وهو يتمثل في أن
علاوة على ذلك، يمكن الإشارة إلى أن الظواهر الأخرى مثل ظاهرة الدفيئة، والاحترار العالمي،,علاوة على ذلك، يمكن الإشارة إلى أن الظواهر الأخرى مثل ظاهرة الدفيئة ، والاصرار العالمي
وآثار طبيعة واجتماعية - إقتصادية مثل إزالة  الغابات ، وتدهور المراعي,أما قدجدى عت هاتردهم الغلين ويصيح عداالامراد كيرا ميت رعمل الغللات
بالقضاء على آفة الفقر # المستشرية. صحيح أن نسبة الفقر، التي كانت تتجاوز 50 %,بالقضاء على آخة الفقر # المستشرية . صحيح أن سبة الفقر، التي كانت تجاوز 1%
ومن ناحية أخرى ، فمن  المحتمل أن تكون  الوصاية وشروط ممارستها ، قد  أسهمت,ومن ناحية أخرى، فن المحتمل أن تكون الوصاية وشروط ممارستها، قد أسهمن
اتجهت الأنظار لأول مرة الى مؤلفه أسنان بيضاء في عام 1997 ، حين,اتجهت الأنظار لأول مرة إلى مؤلفه أسنان بيضاء في عام 1990، حين
والتي تمثل الغلاف الجوي والمحيطات والبحار والبحيرات والأنهار,والتي تمثل الغلاف الجوي والمحيحلات والبحار والبحيرة والأنهار
"ويكسون  الكسراء حصة من الزرع  أو كجية من الحبوب ، لذا نجد الحصاد حريصا""",ويكون الكراء حصة من الزرع أوكية من الجبوب؛ لذا نجد الحصاد حريصاً
منذ أن تبرع جون بيرجى بجائزته المالية(عن روايته جي ) لحزب الفهود السود. بعد ذلك،في لحظة,منذ آن جرع جون بيرج بجائزيته المالية اعن موايته جى )لحزب الفرهود السول . بعد ذلك، في حظة
و من أواسط افريقية إلى جبال طوروس، من حيث ألفاظها و معانيها,ومن أواسط افريقية إلى جبال طوروس، من حيث ألفاظها ومعانيها
فعلت لم أكله ولم أعد إليك . واغدر الغبن ف‘ن الغبون لا محمود,فعلت لم أكله ولم أعد إليكك . واغذر الفبن فإن المغيون لايحمود
0.05 للعبارة الثالثة حيث بلغ معامل الارتباط البسيط 0.193,00 للعبارة الثالثية حيث بلغ معامل الارتباطا البسيطا 190و.
تفسير ظامرة دفء الأرض عندما أشار الى إحتمال إرتفاع درجة حرارة الأرض وغلفها,تغسيد ظامرة دفء الأرض عندما أشار إلى احتمال إرتقاع درجة حراره الأرض وقلافها
طول موجي قصير جدا وتستخدم في المجال الطبي,طول موجي قصير جدا ونستخدم في المرجال الطبي
أما فهم النصوص واستنباط معانيها بوجه صحيح دقيق، فأرى أنه لم يكن ذا قدرة,أما فهم النصوص واستباط معانيها بوجة محيع دقيق، فأرى أنه لم يكن ذا قدرة
كثيرة من الحيوانات والنباتات .,كثيرة من الحيوانات والنباتات.
هو أن تبدأ طلعة المثمن بمطلع.,هو أن تبعأً طلعة المثمن بمطلع .
عام 2001 قد توقع أن ترتفع درجة# حرارة المحيط الجوى لكوكب الارض,عام 2000 قد توقع أن ترتفع درجة # حرارة المحيط الجوى لكوكب الارض
الهملايا ما أ دى  وسيؤدي الى ضياع الاحتياطي العالمي,الهملايا من أدى وسيؤدي الىجياع الاحثياطي العالمي
مما يشير إلى افتقاره إلى الحزم والمثابرة والإبداع.  كانت,مما يشير إلى افتقاره إلى الحزم والمثابرة والإبداع .كانت
يارحـ ة لجرمت على أحسن ما يكون ولو ولد نادرة حارة في نفسها ملجة في معناها ثم أضافها,ياروة لجرمت على أحسن ما يكون ولو ولد تادرة حارة في نفتها ملجة في معتاها كلم أضافه
التعيرات .  فإذا انقطعت الأمطار، جفت التربة، فتفتت تدريجاً، وتستطيع,التعيرات. فإذ انقطعت الأمطار، جفت التربة، فتفنت تدريجاً، وتستطيع
المياه الجوفية، حيث استنبطت المياه منها بحفر الآبار.,المياه الجوفية، حيث استنبطق المياه منها بحفر الآبار.
التي تظهر أثناء إنجاز البحث والتي قد تحتاج إلى أصالة في التفكير,التي تظهر أثتاء إنجاز البحت وإلتي قد تحتاح إلى أصالة في التفكير
التي يسرت  الأعمال التجاريه والمائيه كل هذا  كان سبباً,التي يسرى لأعمال التجاريه والمائيه كل هذا كان سبياً
تاماً، وان باطن الأرض.,تاماً، وان باطن الأرض.
تحيط بالناس ثم التكوذ الجسماني ومظهره . ومن هنا,تحيهط بالنام حم التلموذ الجبماني ومظهره. ونن هنا
يختلف عن ذلك المعروف في الخلايا المستأنسة والشائعة في الوقت الحالي,يعتلف عن ذلك المعروف في الخلايا المستأسة والشائعة في الؤمن الحالي.
ثم العترة .ورتب بعض النسابين طبقات النسب على هذا النحو:جزم ، ثم جمهور,ثم العترة، ورتب بعض النسابين طبقات النسب على هذا النصو: جذم، تم حمصور
والحاسمه عن الانتقال الديموغرافي . ففي الأعوام القادمه ، سيتزايد,والحاسمه عن الانتقلال الديمو غرافي . بمفى الأعواع الكدمه ن سيتزايد
و قد بحث القائلون  بهذا الرأي عن الأسباب التي أدت إلى وقوع تلك,وقد بحث القائلون بهذا الرأي عن الأسباب التي أدن إلى وفوع تلك
وخليج البنغال من الشرق ، وسريلانكا من الجنوب الشرقي عبر مضيف,وخليج البنغال من الشرق، وسرييلانكامن الجنوب الشرقي عبرم اطبق
الاخبار كانوا منزهين عن الميول والعواطف، وانهم كان صدوقين في كل,الاخيار كانوا منزهين عن الميول والعواطف، وانهم كان حد وقين في كل
حيث تربى في عيون سداسية تماثل العيون السداسية التي تربى فيها الشغالات.يتواجد النحل العملاق,حيثاً تربي في عيون سراسية تماتل العيون السراسية التي تربي فيها الثغالاتة. يتواجد الزحل العملافم
ومذهب صحصح في تفضيل النسيان على كثير من الذكر وأن الغباء في الجملة أنفع من الفطىنة,ومذهب صعصح في تفضيل النسيان على كثير من الذكر وأن الغباء ي الجملة آنفع من الفظية
تضم باحثين وخبراء ، أنجزوا دراسات متخصصة ، في العديد من محاور الموضوعات,تضم باحثين وخبراء، أنجزوا دراسات متخصصة ، في العديد من محاور الموضوعأن
باختلاف النسخ اختلافا كبيرا.,باختلاف البسخ اختلاما كبيرا.
كما ينبغي له: لأن ها هنا أحاديث كثيرة أطلعنا منها حرفاً,كماً منيفى له: لأن هاها أحاديقاً كثيرة متى أطلهنا منها حرفاً
تحتاج إلى طاقة عالية والتي كانوا يحصلون عليها من خلال حرق كميات كبيرة من الأخشاب ،,تحتاج إلى طاقة عالية والتي كانوا يحصلون عليويا من خذل حرق كميات كبيرة من الأخشاب ،
ومركز الأبحاث المشتركه في المفوضيه الأروبيه من أن تغير أنماط المناخ,ومركز الأكاث المشتركه في المفوضيه الأوروييه من أن تعير أغاط المناخ
إدراك الجمال وظيفة الحواس التي خلقها الله في الإنسان، ومن الخطأ,فاد اك الجمال وطيغة الحواس التي خلقها الله في الإنسان ، ومن الخطأ
و نتيجة لكون هذا الغاز لا يشتعل ولا يساعد على الاشتعال يستعمل غاز,وتييجة لكون هذا الغاز لا يشتعل ولا يساعله على الاشتعال يستعمل عاز
الأحول والأحناف الضيفه والمتوسطه النمو ، والتي أدت إلى تكثيف الأشجار,الحول والاحياو الصعيفه والمتوسطة النمو، والى ادت إلى تكثيف الأشجار
"اليماني"" أبا عقبة الصنعاني الأبناوي، كان يشتري الكتب لأخيه. وَلعله","اليماني"" أباعقبة الصنعافي الأبناوي، كان يشري الكتب لأحية. ولعله"
بالأوكسجين . اما في مجال الزراعة فانه يستخدم في البيوت الزجاجية كمخصب,بالأوكجين . أما في محال الزراعة فانه يستخدم في البيوت الزطاجية كمخصب
الجيولوجية . وتقوم على مبد أ حفر آبار عميقة لإطلاق الحرارة العالية التي,والجبولوجية . ولقوم على مبدأحفر آبار عميقة لإطلاق الحرارة والعالية التي
أضعاف احتياطي الوقود التقليدي مجتمعاً .,أضعاف اختيطي الوقود التقليوي مجتمعاً.
بسبب عدم توفر اليرقات والحشرات التى تتعدى عليها. من جانب,بسبب عدم توفر اليرقات والحشرات التى تتعدي عليها، من جانب
الامازون في جندب القارة الامريكيه او في حرائق الغابات التي حصلت في أستراليا,الامازون في جيذب القارة الامريكيه أو في حرائق الغابات التي حصلت في أستراليا
حصلت على مقدم لم يسمع به من قبل أشيع أنه 250.000 جنيه استرليني ،,حصلت على مقدم لم يسمع به من قبل أشيع أنه 1000000 جنيه أسترليفي ،
وتسمى في بعض الاحيان بالفلوروكلورو ميثان ثم اكتشاف هذه الغازات,وتسمي في يعض الاحيان بالفلور وكلورو ميثان تم اكتشاف هذة العازات
اذا أمعنا في الأدقام المشار اليها اعلاه نتوصل الى ان شخص,اذا أمعنا في الأدقام المشار إليها اعلاه نتوصل الى ان شخص
شهدت العقود الخمسه المنعرمة إعتباراً  من ستينات القرن الماضي,شهدت العقود الخمسه المنعرمة إعتياراً من ستينات القرن الماحتي
أول مستويات النظام التعليمي ، إلا أنه اختياري وليس إلزامياً ، ويلتحق بهذه المرحلة الأطفال حتى سن السادسة من العمر، وتنقسم تلك,أول مستويات النظام التعليمي ، إلا أنه اختياري وليس إلزامياً ، ويلتحق بهذه المرحلة الأطفال حتى سن السادسة من العر، وتصسم تلك
واحد منهم لا تبلغ مقدار الذي يحتمل أن يطبخ وحده,واحد منهم لا تبلغ مقدار الذي يعتمل أن يطبغ وحده
وهكذا، فإلى غاية نهاية السبعينات تمكنت المنظومة التريوية من,وهكذا فإلى غاية نهاية السبعيات تمكنت المنظومة التريوية من
إلى أربابها وأحاديث كثيرة غير مضافه إلى أربابها إما بالخوف منهم وأما,إلى أربابها وأحاديث كثبرة غير مضافه إلى أريابها إما بالخوف منهم وإما
حالات ريعية، تحولت ، بالتدريج إلى قوى حقيقية للجمود . هذا بالإضافة,حالات ريعية، تحولت ، بالتدريج إلى قوى حقيقية للجمود . هذا بالإضافة
وقد اشتهرت ديار بني سليمبوجود المعادن فيها، وفي جملتها معدن الذهب، ويستغل,وقد اشتهرت ديلربني سليمبوجود المعادن فيها، وفي جملتها معدن الذهب، ويستغل
من طبقة القصاص. لم يصل إلى مستوى أهل الأخبار، ولعله وجد نفسه,من طبقة القصاص. لم يصل إلى مستوى أهل الأخبار، ولعلة وجد نفسه
ذو حدود معينة مرسومة ، و قوانيه تقاليد الفبيلة وعرف الناس,دوحدود معيية مرسومة وقواييه تقاليد القبيلة وعرف الباص
وعبتم على قولي : من لم يعرف مواقع السرف في الموجود الرخيص لم يعرف مواقع الأقتصاد,وعبتم عل قولي: من لم يعرف مواقع السرف في الموجود الرخيص لم يعرق مواقع الأقكار
الرئيسي للبلومز بيري في لندن لأخذ # نسختي ، مررت بمشهد غير عادي .,الدئيسي للبلومز بيري في لندن لأخذ # نسختي ، مدرت بمشهد غير عادي.
الأمور في سير عمل المدارس. - تتم احتفالات النشاط حسب,الأمور في سين عمل المدارس- تتم احتفالات الناط حب
أعضائها أن يعدضوا منازعاتهم على محكمة النقابة قبل أن# يلجئوا إلى قانون,أعضائها أن يعدضوا منازعاتهم على محكمة النقابة قبل أن # يلجئوا إلى قانون
المجتمع من خلقي والأمانه على أقل التقدير.,المجتمع من خلقي والأمانه على أقد التقديد.
المناطق التي كثيراً ما يقع بها أعاصيى مدمرة وذلك لأن الأرض هناك,المناطق التي كثيرا ما يقع بها أعاصيى مدمرة وذلك لأن الأرض هناك
إن اي عاولة للجزم مبكرة للغابة فهذه قصة لا تزال نهاتبها غامضة .,إن اي مكاولة للجم مبكرة للفاتم فهذه قحية لاتزال نماتها غامحة .
لتبادل هذه الحقوق القنصلية من حيز المصادر التي استمد منها القانون الدولي في العصور,لتبادل هذه الحقوق القتصلية من حير المصادر التى الستمد منها القائون الرولل في العصور
على أثنين وذلك بين طرفي الاتجاهين المتكامدين والذي تم ايغاً بواسطة,على أثنين وذلك بين طرقي الاتجاهين المتكامدين والذي تمايضاً بوامطة
التقصير الشديد لمحاور الأشجار وهذا ما جعل حددها ينخفض على محور الشجرهـ خلال,التقصير الشديد لمحاور الأشجار وهذا ما جعل جددها ينخفض على محور الشجرهـ خلال
سائر الأخبار الواردة في الكتاب، فغالب عليها السذاجة، إذ لا نجد فيها,سائر الأخبار الواردة في الكناب، فغالب عليها السداجة، إذ لا نجد فيها
ان التزايد المستمر في استهلاك الطاقة والذي يؤدي إلى ارتفاع في تركيزات,ان التزايد المستمر في استهلاك الطاقة والذي يؤدي إلى ارتفاع في تركيزات
والإختيارات الأساسية  للبلاد . هذا التوافق يبقى مفتوحاً على كل التعديلات الدستورية التي يمكن أن لمليها متطلبات توطيد,والإختيارات الأساسية للبلاد . هذا التوافق ببقى مفتوحاً على كل التعد يلات الدستورية التي يمكين أن يمليها متطلبات توطيد
عن السرى، و إذا كان الصباح تكون قد قطعت مسافة بعيدة فإذا بها,عن السرى، وإذا كان الصباح تكون قد قطعت مسانة بعيدة فإذابها
الحالة عادة ، الماء الطبيعي # كمهدئ للنيوترونات ولنقل الحرارة ،,وامىالة عادة، الماء الطبيعي ## كمهدئء للنيوترونات ولتقل الحرارة،
وكيف لا يكون موقعه من سرور النقس عظيماً ومن مصلحة الطباع كبيراً وهو شيء,وكيف لايكون موقعه من سرور النقس عظيماً ومنا مصلحة لطباع كببراً وهو تي
المناهج  الدراسية,هذه الكليات المذكورة أعلاه تتبخ جميع أنظمة الجامعات التابعة لدها، فيا خه، تتدربس
زيادة في معدلات التنفس تقدر بحوالي 40% عن المعدل الطبيعي .,زيادة في معدلات التنفس تقدر بجوالي 10% عن المعدل الطبيعي.
فنحن نمارس كثيراً من فنون تراثنا و أنشطته بشكل تلقاني ،,فنحن نمارس كثيراً من فنون تراثنا وأنشطته لبشكل تلقاني ،
البهاما وجامايكا وهندوراس ونيكوراغوا في الخامس وامشرين من أكتوبر  2005 هو أشد,البهاما وجامايكا وهد ورالس في الخامس اوشرين من أكتوبر 200 هو أشد
قيل عن محبي ديكنز المتحمسين في نيورك بأنهم # حميوا السفن,قيل عن محبي ديكينز المتحمسين في نيويورك بأنهم # حيوا السفن
الأقاليم المناخية وزيادة حرارة و# حموضة البحار و# المحيطات وإرتفاع مستويات سطوحها,الأقاليم المناخية وزيادة حرارة و# حموضة الجارء # المحيطات وإرتفاع مستويات سطوها
يسىب زيادة معدلات النمو السكاني العالمي,يبب زيارة معدلات النمو السكاني العالمي
أما الكروم، فقد غرست في مناطق من الجزيرة اشتهرت وعرفت,أما الكروم، فقد غرست في مناطق من الجزيرة اشتهرت وعرفت
المعمرين، وفي الأيام، وفي البلدان، وفي المعجمات والجغرافية,المعمرين، وفي الأيام، وفي البلدان، وفي المعجما والجغرافية
بالرغم من قيام الشركات الأجنىة بالبحث، في أنحاء منها، عن طييعة,بالرغم من قيام الشركات الأجينية باليحث، في أنحاء منها، عن طيعة
ماذهبت إليه وجود أربع قبائل كيري من بني هلال فى المناطق المذكورة,مادهيت إليه وجود أريع قيامل ليري من يتي هلال قتى المناطق المزكورة
طهور نهاية لدور ومبدأً لتاريخ دور ونهاية,"ايام عيمت بدد العاهلية""ع) وبدايةً "" عنهو العرف ب115 إسلاه"
الانطلاق ، وهذا ينعى خللاً و اطحاً في اساسيات البنيه الاجتماعيه .,الانطلاق، وهذا ينى خللاً واطماً في اساسيات الئيه الاجتماعيه.
وممليات طويلة من ضعط هذه السلسلة الجبلية الطويلة التي تكون,ومهليات صويلة من ضعط هذا السلسلة الجبلية الطويلة التي تكون
الجامعات ، وسائل الإعلام ، الأندية و غيرها .. و لعل الأدب الشعبي كان أهمها,الجامعات ، وسائل الإعلام، الأيدية وغيرها .. لعل الأدب الشعبي كان أهعما
حيث تلاحظ الحجارة البركانية على مقربة من باب المندب.,حيث تلاحظ الحجارة البركانيه على مقربة من باب المقدب.
واتخاذ القرار النهائي في طلبات المنح الدراسية . وتمثل وزارة التعليم والعلوم,واتخاذ القرارر النهائي في طلبات المنح الدراسية . وتمثل وزارة التعليم والعلوم
من أنبعاتات غازية مثل أمريكا الشماليه وأوربا وجنوب شرق أسيا ودلك لات مدة المنالق,من أتيعا غازيه مثل أمريها الشماليه وأوربا وجنوب شرق أسيا ودلك لان هدة المنالق
الرسمى فحسب، ذلك  أن الدبلوماسيات  الموازية ، التى يقوم بها المجتمع المدنى,الرسمي فيسب؛ ذلك أن الدبلوماسيات الموازية، التي يقوم كبا المحنهع إمددز
بن ابي بردة كان أعراض الأشراف متسرعاً,من أي حردة عان أعراف الأثراف مترعاً
الوطني والمجالات المحلية من خلال هدف مزدوج الاتجاه :  يرمي  اتجاهه,الوطفي والمجالات المحلية من خلال هدف مزدوج الاتجاه : يرمي اتجاهه
شمال وتعتبر من أكبر مقاطعات مساحةً، لها سواحل طويلة على بحر الشمال,شمال وتعتبر من أكبر مقاطعات مساحة ، لهاسواحل طويلة على بحر الشمال
أن يقترب المؤلف من الأستديو . كنا نريد حديثاً فالصاً عن الكتب . واستعنا بالمشاهير لاننا لم نرد,أن يقترب المؤلف من الأستديو . كنانريد حديثاً فالصاًعى الكتب . واستعنا بالمشأهير لانتالم ترد
مبتدئين بمقدمة عن الجاهيه وعن المواود التي استقيانا منها,مبتوئين بمقدمة عن الجاهيه وعن المواود التي استقانا منا
والانهار وتتمكن النباتات المائيه والطحالب من الإستفاده منه بعمليه,والانهار وتتمكن البباتات المائيه والطعالي من الإستتاده منه بعمليه
لذلك فإن معدل الجرعة الإشعاعية التي يمكن أن يتعرض لها الإنسان نتيجة ذلك صغيرة جدًا ،,لذلك فإن معدل الجرعة الإشعاعية التي يمكن أن يتعرض لها الإنسان نتيجة ذلك صغيرة حداً،
تكاثر سكان  المدن  وازدياد الثراء . واساليب الجديده,تمعاثر سلان المدن وازدياد لثراء . واساليب لجيريده
مئات الآلاف من المواطنين على الاسنفادة من المنح الحالية المقدمة في تغير,ققان الآلاف من المواطنيم على الاسنيادة مم المتح الحالية المقدمة في تقير
الإنسان للوقود الاحفوري وذلك لتأمين احتياجات الإنسان,الإنسان للومود الإحفوري وذلك لتاين اخياجات لانسان
"هذا اللون فهو عادة لحذ المربع العادي المألوف , لكنه يمكن أن يأتي على أي لحذ",هذا اللون فهو عادة لحى المربع العادي المألوف ، لكنه يمكن أن يأتي على أي لحذ
وهذا يدل على إن فعل البراكين في جزيرة العرب، لم يكن قد انقطع انقطاعاً,وهذا يدل على إن فعل البراكين في جزيرة العرب، لم يكن قد انقطع انقطاعاً
مدارس العالم إلى ما بعد انتهاء القرون الوسطى . جمع فيه بطلميوس ما عرفه,"مدارس العالم إلى ما يعد انتهاء القرون الوسطى ""جمع فيه يطلميوسا ما عرفه"
،# فالمشجر#ات المذكورة هي من هذا النوع المألوف,ف## فالمشجراات المذكورة هي من هذا النوع المألوف
بدون تربة باستخدام البيئات الصلبة مثل الرمل حيث تم إنتاج بعض المحاصيل بعذه,بدون تدية باستخرام البيئات الصلية مثل الدمل حيث تم إنتاج بعض المحاميل بهذه
الاوزون لاول مرة   فوف القطبين الشمالي والجنوبي لذلك صارفة مجموعه من البلدان,الإاوزون لاول ره فوف القطبين الشاي والجنوبي لذلك صارقة مجهوعه من البعدات
أشعة الشمس مستفيداً من الكربون الموجود في غاز ثنائي اوكسيد الكربون واعاء ليقوم,اشعرة الشمس مستفيداً من الكبون العوجو في غاز ثنائي اوكسيه الآربون والماء ليقوم
عن طريق إستهلاك الطاقة.,عن حريق إستهلاك الطاقة.
القرى المحاكم الإقطاعية ماكان لها من سلطان على الفلاحين ، وأخذ  سكان القرى,القرى المحالم الإقطاعية ما كان لها من سلطان على القلاحين، وأخد سكان الفرى
الذي احتكم للمرحله السياسيه ، وحكمت عليه السياسه بقتله ، اوتشريد,الذي احتلم للمرحله السياسيه ، وحكمت عليه السياسه بقتله ، أونشةد
الجوي والتي تكون تركيزاتها متساوية في جميع,الجوي والتيا تكون تركيزاتها متساوية في جميع
له موضعاً كما جعل لكل دهر رجالا ولكل مقام مقالا . وقد أحيا بالسم ومات بالغذاء وأغص بالماء,له موضعاً كما جعل لكل دهر وجالا ولكل مقام مقالا . وقد أحيا بالسم ومات بالغداء وأعص بالاء
"وهذا نرى لفظه ""أخبار"" بمعنى تاريخ، ورد في ""الفهرست"" في أثناء الحديث عن","وهذا نرى لفظه ""أخبار""لمجنى تاريخ، وردفي ""الفهرست"" في أثناء الحديت عن"
للجاهلية من صلة بتاريخ الرسول، كما تعرضت لها كتب الأدب كتب,للجاهلية من حلة بتاريخ الرسول، كما تصرضت لهاكتب الأدن كتب
أرأيت إن لم يشبع أحدهم رغيفه أليس لا بد له من ان يعول,أرأيت إن لم يشبع أحدهم رغيف ألين لابددله من أن يعول
على تخمير السكريات البسيطه والمعقده وتحولها الى كحول,على تخمير السكريارت البسيطه والمعقده وتحويلها الى كحول
أوكسيد الكربون و أوكسيد النتروزد الميثان لهم دوراً مهماً في رفع درجة,أوكسيد الكربون وأوكسيد التروزد الحيثان لهم ددراً مهعاً في رضع درجةة
في الإسلام و في الحياة و في المثل الجاهلية و فيه تعرض النواح فى الحياة,في الإسلاع وفي الحياه و في المثل الجاهلية وفيه تعرض لنواح فن الحياتها
تأثير المجتمع الكبير والممثل بوطنه الذي يعيش فيه خاصة المؤسسات التعليمية,تأثير المجتمع الكبير والمثل بوطنه الذي يعيش فيه حاصة المؤسسات التعليمية
فيمكث في الارض منذ يوح .هذا بالطبع في الاماكن الدافتة نوعا ما. ويصنعون من,فيمكث في الأرض منة يعم هذا بالطبع في الامالت الدامه لوعاوا. ويصنجون من
فإن الوقود النووي سيسد الحاجه اللازمه للطاقه لقرون عديدة.,فإن الوقود النووي سيسد الحاجه اللازمه للطاقة لقرون عديدنه.
إطلاق كميات هائله من غاز ثنائي أوكسيد الكربون والتي تصل الى الغلاف,إطلاق كميات هائله من غاز ثنائي أوكسيد الكريون والتي تصل الى الغلاف
كل منها ناظر أو مأمور  ، وكان هو ينتقل من ضيعة إلى ضيعه ومعه أفراد أسرته,كل منها ناظرأ ومأسور، وكان هو يتقل مناضيعة إى ضيعه ومعه أقراد أسرقه
المدن فأنشئوا لهم جمعيات ريفية ، وأقسموا أن يعملوا مجتمعين,المدمه فألشئؤالهم ججعيات ريفية، وأقسموا ألا يعملوا مجتمعين
لجمع النصوص الشعبية خوفاً من ضياعها ولتأكيد الهوية القومية .,لجمع النصوص الشعبية ضوفاً من جنياعها ولتأكيد الهوية القومية.
على هذا اللون أن يبدأ بمطلع  هو عبارة عن بيت من المربع أي أربع شطلات ، تلتز م الأولى,على هذا اللون أن يبدأ بمطلع هو عبارة عن بيت من المربع أي أربع شطلات ؛ تكتزم الأولر
في أمر المعلقات: إن حمادا هو الذي جمع السبع الطوال، ولم يثبت ما ذكره الناس من أنها,في أمر المعلقات: إن حمادا هو الذي جمع السبع الطولل، ولم يثبت ما ذكرة الغاس من أنها
إلى زيادة معدلات تراكيز غاز ثنائي أوكسيد الكربون في الغلان الجوي وهو يمثل,"أني زيادة بعدلات تراكيز نائي ""ولسيد الكربون في الغلان الجوي وهو يمثل"
الشمس باعتبارها مصدر الطاقه الاساسي في الكون,الشمس باتيارها مصرر الطاقه الاسانسي يي الكونس
الإحصائي,الإحصائيو
له: كل و لا تقصر في الاكل قال: يفطى لفضل ما بين التقصير وغيرهـ و إن قصر,له: كل ولا تقصر في الأكل قال: يفط لفضل ما يين التقصير وتغيره وإن قصر
من قبل وسائل الاعلام المرئية والمسموعة والمفروئة بمظاهر التغير المناخي بإعتبارما,من قبل وسائل الاعلاه المرئية والمسموعة والمفروئة بمظاهر التغير المناخي بإعتبارما
باستخدام بيئات صلبة عضوية . كما تنقصم أنظمة الزراعة بدون تربة,باستخدام بيئات صلبة عضوية. كما تنقصيمر أنظمة الزراعة بدون تربة
"وطريقة ""فون كريمر"" في هذه النظرية، دراسة أسماء النبات و الحيوان في اللغات السامية و تصنيفها","وطريقة ""فون كريم"" في هذه النظرية ، دراسة أسماء الببات والمحيواء في اللغات السامية وتصبيضها"
من فرس وروم أن تستعمر الجزيرة ، و تفيض عليها من ثقافتها ، اللهم إلا ما تسرب منها في,من مرس وروم أن تستمر الجزيرة، وتفطي عليها من ثفاعتها، اللهم إلاماتسرب لنهافي
وأعالي وأدنى الروافد النهرية والقنوات والهول الفيضية وهذه تدرس من حيث اتصالها وانفصالها,وأعالي وأدفى الرواخد النهرية والقنواة والسهول الفيفية وهذه تدرى منحيت اتصبالها وانفصي
دراستهم في المرحلة الابتدائية ، وأنهى    16  %  ممن هم فوق,دراستهم في المرحلة الأببدائية ، وأنهى 10% ممن هم موقا
وحتى التعليم الجامعي . ولكي يحقق هؤلاء الطلاب الأهداف المرجوة ويجتازوا,وحتى التعليم الجامعي. ولكي يحقق هؤلاء الطلاب الأهداف المرجوة ويجتازوا
على صور التميير والتفرقة بأشكالها المختلفة . 6 ـ تعلم التحليل للعناصر الفاعلة في,على صور التميي والتفرقة بأشكائها المختلفة .6 - تعلم التحليل للضاصر الفاعلة في
البلطيق وبحر الشمال فيما يكاد يخلوا الجنوب من هذه التكنولوجيا الحديثة لإنتاج,البلطيق وبحر الشمال فيما يكاد يخلوا الجنوب من هذه التككولوجيا الحديثة لإنتاج
ولما كا الإسلام أعظم حادث نجم على الإطلاق في تاريخ,ولماكا الإسلام أعظ حادث نجم عى الإطلاق في تارية
من مخلفات المستعمرات اليونانية القديمة التي كان الملاحون والتجار اليونانيون قد أقاموها عند,من جلفات المستعرات اليونانية القديمة المي كان الملاحون والتجار اليونا نيون قد أقاموها عن
في الجملة وأن عيش البهائم أحسن موقعاً من النفوس من عيش العقلاء وارنك لو,في الجملة وآن عيش البعائم المسن موقعاً من النفوس مر عش العقلاد وإرنك لر
فتقيد الطلاب ذوي المتطلبات التعليمية الخاصة الدائمة والمصحوبة بحالة من,فتقيد الطلاب ذوي المتطليات التعليمية الخاصة الدائمة والمصحوبة بجالة من
"إلى فلسطين . وقد أفزعت السياح المحدثين والمستشرقين ومنهم ""لورنس"" الذي هاله ما","إلى فلسطين. وقد أفرعب السياح المحدثين والمستمشرقين ومنهم ""لورن"" الذي هالهما"
هذا النوع من الطاقة في توليد الكهرباء لا يتعد ى 0.3% وهذه الطاقة,هذ النوع من الطاقة في توليد الكهرباء لا ييعدى 2.0%% وهذه الطاقة
ثم شعب ، ثم قبيلة ، ثم عمارة ، ثم بطن ، ثم ففذ .,تم شعب : تم قبيلة ، ثم عمارة ، ثم بطف، ثم ففذ.
"كان ينبّه ""الهمداني"" إلى الموارد","كان ينبه ""الهمداني"" إلى الموارد"
تحت الحمراء التي ترفع درجة حرارة الأرض وتمدها بالدفء . تكمن خطورة,حت المحراء التي ترفع درجة حرارة الأرض وتقدها بالدف. تكعن خطورة
إلى الواحدة ونصف ظهراً ، ثم فترة راحة   وغداء لمدة,إلى الواحدة وتصف ظهراً ، م فترة راحة وغداء لمدة
النشيطة ، مما سيطرح تحديات جديه أمام منضومتنا التربويه ومقاولاتنا,النشيصة، مما سيصرح تحديات جديه أماع منظومتنا التوبويه ومقاولايقا
سعيداً وأن هذه الحضارات عندما كانت تتقدم وتحقق بعض,سعيدا وأن هذه الحضارات عندما كانت تتقدم وتحقق بعض
مثل رحى وأدوات تنظيف وِمدقات ومصابيح، وشاهدت آثار القوم,مثل رعى وأدوات تنظليف ومدقات ومصابيح، وشاهدت آشار القوم
قلما كانوا يرسلون إلى المدارس العامة ، ولم يكن في كثير من الحالات يبذل أى مجهود فى,قلما كانوبايرسلون إلى المدارس العامة ، ولم يكن في كثير من الحالات بيذل أي مجهود في
مدمرة في شرق المانيا وخصوصاً في حوض نهر الالبا حيث غرقت مدن لبيرة مثل لايبزج,هرمرة في شرق المانيا وخصوصاً في حوضي نهر الاباعيث غرقت مرن لبيرة منل لايبرة
او نصوصاً طويله أْخذت منه، حتى يسهل علي الحكم من قراءتي.,او نصوصاً طويله أخذت منه ، حتى يسهل علي الحكل من قراءتي .
مصادر الطاقه غير المتجدده : وهي عباره عن المصادر الناضبه -أي التي ستنتهي مع الزمن لكثرة الإستخدام - وهي,مصادر الطاقه غير المتجدده : وهي عباره عن المصادر الناضيه - أي التي ستنتهي مع الزمن ككثرة الإستخدام - وهي
والفرروع إلى جانب تسهيل كلية جني الحعول ، كما يساعد على تعرض تيجان الأشجار للضوء شكل,والفرروء إلى جانب تتهيل علية جني الحصول، كما ياعد على تعرض تيجات الأشجار للعدء شكل
الظاهرة تسببه من كوارث طبيعبة,الظاهرة تسببه من كوارث طبيعية
الحجري فقد بدأ استخدامة في العصور الوسطي واختراع المحرك البخاري في القرن الثامن,الحجري فقد بدأ استخدامة في العصور الوسطي واختراع المحرك البخاري في القرن التامة
مصدر مهم من مصادر هذا الغاز. لم يكن هذا المصدر (المصدر البشري),وصدر مهم من وصادر هذا الغاز، لم يكن هذا المصدر ( المصدر البشري)
أشجار الكروم.,أشجار الكروم.
"""عتود"" وهي قرية نسبت إليها الأسود كذلك ،","، ""عتود"" وهي قرية نسبت إليها الأشود كذلك."
الاعتراف باختراع ما و تحول لصاحبها شخصا كان أم مؤسسة حق الملكية,الإعتراف باخترام ما وتحول لصاحبها نخها كان أم مؤنسسة حق الملكية
"""حين بدأنا اعتدنا أن نزور موقع أمازون قبل العرض وبعد.",ثيس بد أنا اعتدنا أن خزور موقع أفازون قبل العرض وبعد،
ولكن كتب التفاسير -ويا للأسف - غير مفهرسة ولا مطبوعة طبعا حديثا، وهي في أجزاء ضخمة,ولكن كتب التفاسير. ويالأسف - غير مفهرسة ولا مطبوعة طبعا عديثاً، وهي في أجزاء مخمق
والشحم الحيواني ونفايات المنازل أنواع من الكتله الحيويه والتي يمكن تحويلها إلى وقود,والشحم الحيواني ونطايات المنازل أنواع من الكتله الحيويه والتى يمكن تحويلها إىى وفود
ويفسح المجال لمحتاربات وتجاوزات مختلفة . وفضلا عن ذلك ، فإن التدبير الحضري ، #,ويفسح المجال لمحتاريات وتجاوزات مختلفة . وفضلا عن ذلك، فإن التدبير الحضري، #
والذي يتكوّن من المحيطات والبحار والبحيرات والأنهار وجليد,والذي يتكوّن من المحيطات والبحارو البجيرات والأرهار وحليد
النوع طلباً متزايداً بفضل الإهتمام المتزايد بمعرفة اللغات الأخرى في أي مجتمع حديث,النوع طلياً متزايداً بفضل الإهتمام المتزايد بمعرفة اللغات الأخرى في أي مجتمع حديث
في مهد الذهب لأنه من أغزر تلك الأماكن .,في مهد الذهب لأنه من أغرر تلك الأماكن.
بالعالم الخارجي و اطلاع على أحوال من كان حولهم,بالعالم الأرجي واطلاع على أحوال من كان حوهم
"إن""ورخ"" و""توريخ ""مثل ""أرخ"" و""تاريخاً ،هما قريتان من استعمال تميم،","إن""ورح"" و""توريخ ""مثل ""أرخ"" و""تاريخاً، هما قرييتان من استعمال تميم:"
فزعم لنا صديقنا الثوري وهو - ما علمت - أحد المرشدين أن عراجين الأعذاق تنوب عن ذلك,فزعم لنا حديفنا الثوري وهو - ها علمت - أحد المرشدين أن عراجين الأعداق تنوب عد دلك
الشرقي من نجد وفي جنوب شرقي الرياض، وتتألف من الحجارة الرملية.,الشرة من نجد وفي جنوب شرقي الرياض، وتألف من الحجارة الرملية.
وقد علمنا أن الخلق في موضعه مثل الجديد في موضعه. وقد جعل الله عز وجل لك شيء قدرا وبوأ,وقد علمنا أن الخلق في موضعه مثل الجديد في موضعه . وقد جعل الله عزوجل لكل شي قدد وبوأ
وحدّها الشمالي خط وهمي يمتد في اصطلاح العلماء العرب من خليج,وحدها الشمالي خط وهمي يمتد في اصطلاح العلماء العرب من خليج
كانت الموطن الذي ذلّل فيه هذا الحيوان في الشرق الأدنى، استدلوا على ذلك,كانت الموطن الذي ذتل فيه هذ ا الحجيوان في الشرق الادنى، استدلوا على ذلك
"الوقت ، وشرعت اتجول حول العالم """,الوقت، وشرعت اتجول حول العالم.
الطاقة الحرارية : وتعتبر من الصور الاساسية للطاقة التي يمكن ان تتحول كل,الطاقه الحراية : وتعتسد من الصور الأساسية للطاقة التي يمكن أن تخول كل
بشرية مما يتسبب في ارتفاع المتوسط العالمي للجرارة ..,بشرية عا يتسبب في ارتفاع المتويوا العالمي للحولرة..
وتوفير الغذاء من رحيق وحبوب لقاح لصغارها,وتوفير الغذاء من رحيق وجبوب لقاى لصغارها.
في # حاجة إلى التطوير. وينبغي تجنب التركيز على القرارات الصادرة عن,في # حاجة إلى التطوير. وينبغ، تحنب التوكيز على القرارات الصادرية علن
(استخلاص أملاح معدنية) ، لسياحه الاستجمام والعلاج (ينابيع,(استخلاص أملاح معدنية)، لسياحه الاستجمام والعلاح (ينابيع
كانت جدرانها  الحجرية  المنيعة عماد  قوة  الملاك ضد مستأجريهم,كاتي جدراتها الحجرية المنيعة عماد قوة الملاك هتد ميتاجريهم
شمال هذا الخط قبل الميلاد بمئات السنين . سكنوا في العراق من ضفة,ثمال هذا الخط قبل المسيلاد بمتات السين . سكنوا في العراق نن ضعة
الى اكثر من 119 كم/الساعه تتحول العاصفة المداريه الى إعصار,الى اكثر من 100كم االساعه تتحول  العاصه المداريه الى إعصار
"الكتاب المذكور قد ألف في # حوالي السنة ""80"" بعد الميلاد","الكتاب المذكور قد ألف في # حوالي السنة ""00"" يعد الميلاد"
توزع كل من المحيطات  والغلاف الجوي الحرارة الشمسية الساقطة على الأرض,توزع كل من المحيطات والعلانف الجوي، الحرارة الشمسية الساقطة على الأرض
ويرى العلماء إن الانسان ذلل الجمل حتى صيره أليفاً مطيعاً له,ويرى العلماء إن الإنسان ذلل الجمل حتى حيره أليفاً مطيعاً له
وفي بلاد الشام  تأثرت بلغة بني إرم، فكتبة بها، كما فعل غيرهم من الناس,وفي بلاد الثام تأثرت بلغة بني إرم فكتبة بها كما معل غيرهم من الناس
ودخل، وللحزبية والأغراض فيها من تأثير. وطالما نسمع أن فلاناً,ودخل وللجزللة والأغراض فيها من تأثير وطالها نسمع أن ولنا
وتكثر الحرار في الأقسام الغربية من جزيرة العرب،وتمتد حتى تتصل بالحرار التي في بلاد,وتكثر الحرار في الأقصام الغريية من جزيرة العرب، وتمتد حتى تتصل بالحراد الت في بلاد
"الشعبية من افواه افراد الشعب ليثبت اصالة الألمان وعبقريتهم ويقوم الأخوان ""جرايم""","الشعبية من افواه أخراد الشعب ليشت أصالة الألمان وعبقريتهم ويقوم الأخوان ""جرايم"""
من المشاركة في الحفاظ على هذا الميراث وتحسينه . ويتولى مهمة,من الشارعة في الحضاظ على هذا الميرات وتحينه . ويتولى مهمة
وغير المتوافق ) . الإنخراط في المؤسسات التعليمية القائمة والإندماج في,وغير المتوافق). الإنخراط في المؤسسات التعليمية القائمة والإندهاج في
ويبلغ حجم القرص 15x15 سم ،ويجمع هذا النوع كميات صغيرة من العسل.,وييلغ حجم القرص 11ا 5ا سم، وبجمع هذا النوع كميات صغيرة من المسل
ولكن  الحضارة الوسط تتعامل مع الإنسان بجوانبه المختلفة من عقل و,ولكن الحضارة الوسط نتعامل مع الإنسان بجوانبه المختلفة تفي عفلو
تعرضت الهند الى مجموعة من الفيضانات كان اخرها الاعصار اوريسا و الفيضانات,تعرقة الهند الى محموعه من الفيضاتات إن افرصا الاعصار اوريا وافيضانت
فألفو ذلك وقد هلك من العرب من هلك بالموت والقتل، فحفظوا أقل ذلك، وذهب,فألفو ذلك وقد ملك من العرب من هلك بالموت والقتل، فحفظوا أقل ذلك، ودهب
وتتألف أرض عمان من أماكن جبلية، وهضاب متموجة، وسهول ساحلية . واكثر حجارتها,وتتألف أرض عمان من أماكن حيلية، وهضاب متموحه، وسهول ساحليه. واكثر حجلرتلها
البيئية ووسائل الإعلام و مراكز الأبحاث و المواطنين لما لهذه المشكلة,الييئية ووسائل الإعلام ومرأكز الأبجات والمواطيين لما لهذه المشكلة
أهمية الصدق والأمانة والوفاء والصبر والعفاف والحياء والشجاعة وغيرها,أمهية الصدق والأمانة والوفاء والصبر والمفاف والحياء والشحاعه وغدردها
تنتشر  المولدات الهوائية للطاقة الكهربائية في الجزء الشمالي و الشرقي من حيث,تنشر المولدات الهوائية للطاقة الكهربائية في الجزء الشمالي والشرفي من حيث
بمجموعتهم العمرية.  ويستمر التعليم الأساسي الإلزامي للطلاب المقيدين في مؤسساتـ,يمجموعتهم العمرية . ويستمر التعليم الأساسي الإلزامي للطلاب المقيدين في مؤسسات
جزءا لا يتجزأ من البيئة فهي تساهم في استقرارها . ولكن للأسف فهي تضيع من بين,جزءا لا يدجزأ من البيئة فهي تساهم في استقرارها. ولكن للأسف فهي تضبع معديين
مرةً ثانية عن حاجز الثماني والعشرين درجة مئوية، ويعد شهر يوليو 2006 الاكثر حرارةً في هذه المنطقة,مرة ثانية عن حاجز القاني والدشرين درجة عئوية، ويعد شهر يوليوء205 الاكثر حدارةً في هذه المرطية
في تلك الأيام .,ي ششفل ولأيام.
من تقلبات  اقتصادية جنونية,من تقلبات اقتصادية جنونية
"لقد جب الله ذلك بالإسلام، فلم الرجوع"".  # فوجدوا في","لقدجب الكه ذلك بالإسلام، فلم الرجوع"" # فوجدو في"
ففي نفس الوقت الذي بدأت فيه الأنهار والجبال الجليديه تذوب # في القطبين,قفي نفس الوقت الذي بدات فيه الإنهاد و الجبال لجليديه تذون # في لقكبي
علاقة صراع أم علاقة تعاون؟,علاقة صراع أم علاقت تعاون م
وجعلو من أهله ا قال الأحنف بن قيس : يا معشر بني تميم لا  تسرعوا الى الفتنه.,"وجعلو من امله إقال ""الاحف بن قيس: يامعشر بني تهم لا تسرعدا الى الفتنه."
تطور الدخل الفردي . وهو ما يعزى ، بالدرجة الأولى ، إلى ارتكاز الاقتصاد المغربي ، بالأساس ،,تطور الدخل الفردي . وهو ما يغرى ، بالدرجة الأولى ، إلى ارتكاز الاقتصاد المغربي، بالأساسي،
متحجرة ؛ تمعن النظر، وتكتشف مواطن الخلل والزيغ، وتزن الامور بميزان العدل ، ثم,متحجره؛ تمعن النظر، وتكتشف مواطن الخلل والزيغ، وتزن الاعور بميزان العدل ، لم
مشاكل صحية وبيئية ،و قد نشبت الحرائق  في حوالى موقعا ً تم تحديدها بصور,مشاكل صحية وبيئئية، وقد نشبت الحرائق في حوالي موققاً تم تحديدها يصور
نحو الجنوب على هيأة ثعبان منتصب ذي قرنين . أما باقي جسمه، فإنه البحر العربي .,لعو الجنوب على هيأة تعبان منتصب ذي قديين . أما باقي جسمة، فإنه البحر العربي .
الى حدوث تغيرات كبيره فى مناخ الكرة الارضيه منها ازدياد عدد الكوارث,الى حدوث تغيرات كيره في مناح العرة الارضيه منها ازدياد عدد الكوارث
قصوى واستثنائية ، بعد مضي خمسيه سنة من نيله للاستقلال ، فإنه يظل ملتئما بالإجماع,قصوى واستشنائية ، بعد مفي غميسيد سنة من ييله للاستقلال ،ا فإنه يظل ملتئما بالإجماع
الطاقة الرئيسي الذي يزود الأرض بالحرارة والطاقة اللاّزمة,الطاقة الرئئسي السذي يزود الأرض بالحرارة والطاقة اللأزمة
وكارثة أجيال لا تستطيع إتخاذ أية إجراءات وقائية بعيداً عن السياسات و الحكومات ، ولكن عليها أن تدفع الثمن,وكارثة أجيال لاتستطليع إنخاذ أية إجراءات وقائية بعيداً عن السياسات والحكوعات، ولكن عليها أن تدفع التمن
إستطاع الإنسان و بفضل تطور الإكتشافات العلمية و زيادة,إستطاع الإنسان وبفضل تطور الإكتشافات العلميت وزيادة
و المفاعلات المير#دة بغاز ثاني أكسيد الكربون البريطانية . و من المقدار,والمفاعلات الميدهدة بغازثاني أكسيد الكريون اليديطايه . ومن المقدر
شمال ألمانيا. إذ سجلت محطات الإرصاد الجوي إرتفاعاً ملحوظاً في معدلات,شمال أنمانياً إذ سجلت محطات الإرصاد الجوي إرتفاعاً ملحوظاً في مقدلات
الوقت والبعد الشديد عن الحياة الأكاديمية . كنا نجتمع في شهر أكتوبر في مبنى جيلد هول  .,الوقت والبعد الشديد عن الحيا الأكاديمية . كا نجتمع في شهر أكتوبر في مينى جيلد هول.
و في القرآن الكريم ذكر لبعض اصنام اهل الحجاز و ذكر لجالهم مع الرسول,وفي القرآن الكريم ذكر ليعض اصنام اهل الحجاز وذكر لجدلهم مع المسول
الذرات و الجزيئات يقلل # إحتمالات تصادم الأشعة الشمسية مع هذه,الذرات والجزيئات يقلل # إحتمالات تصادم الأشعة الشمسة مع هنه
بل من خط النساخ، فلا أستبعد وقوع المسح في صور حروف المسند في,بل من خط النساخ، فلا استبعد وقوع المح في حور حروف المسد في
الأسماء إلا أنه خلط فيها في الغالب، فجعل اسم الرجل الواحد اسمين،,الأسماء إلا أنه خلط فيها في الغالب، فجعل اهم الرجل الواحد اسمينن
بينما السحب العليا تميل وتتجه نحو الحرارة، لهذا السحب العليا تقوم بحجب نور الشمس,بينما السحب العليا تميل وتتجه نحو الحرارة، لهذا السحب العليا تقوم بحجب نور الشمي
إلى تصنيف المدن التاريخية ذات طابع معماري الطيني مثل  أروبرتو,إلى تصيف المدن التاريخية ذات طابع معماري الطيني مثثل اروبرتو
بالضبط ! بعد زيارة كلينتون الدعائية في الأرياف (من يمكن أن ينى الأسلوب الذي تعامل به مع الجمهور ؟).,بالضب# ! بعد زيارة تليتون الرعائية في الأرياف رمن يمكن أن ينى الأسلوب الذي تعامل به ع# الجمهور)
العالم جوزيف ادهيمد واثبت من خلال نظريته المشهوره والتي اعترف,العالم جوزيف ادهيمر واتبت من خلال نظريته المشهوره والتي اعترف
نشاً بعضها من تعدد لهجات العرب ولغالها، اذ # تسمى قبيلة البادية باسم ربما لا تعرفه قبيله أخرى،,ننثاًبعضها من قعدد لهجات العرب ولغالها، اذ# تسمى قبيلة البادتة باسم ريما لا تعرق قببل أخرى ،
ويفكهونه ويحكمونه. ولم يشكوا أنه سيدعوهم مرة وأن يجعلوا بيته نزهة,ويغكهوته ويحكهونه. ولم يشكوا أنه دميدعوهم مره وان يجعلوا بية زرحة
نلخصها.,ذاخهها.
والسياحات وغير ذلك، فورد في ثناياها أخبار قيّمة عن هذه الجاهلية,والسياحلة وغير ذلك. فوردفي تناياها أخبار قيمة عن هذه الجاهلية
والغذائيه ، فقد تم اتباع الأساليب الحديثه في التربيه المعتمره أساساً على استخدام,والغزاييه، فقد لتم اتباع الأسالين الحديثه في الترييه المعتموهـ أساساً على ستخدام
بارتفاعها المنخفضه مثل بنغلاديش وهولندا وجزد الكاريبي ومذن مثل هامبورغ وهونج كونج,بأوتتاعها المنخفضه مثل بفعلاديس وهو لنداً وجدر الكاريبي ومذن ثل همبورغ وصوئج كونج
منه سواحل الملح، وإلى الغرب بساتين العنب وإلى الشمال حقول,منك سواحل الملح، وإلى الغرب بساتين العنب وإلى الشمال حقول
وبذرر الزرع والأعشاب الدارسة . # ويعحد بعض العقراء إلى جمع هذه السنابل في,ولذرر الزرع والأعشاب الدارسة . ## يعحد بعض العقراء إلى جمع هذه السنايل في
والشتاء في ألمانيا . أما المرتفع الجوي الذي يقع فوق كلاً,والشقاء في ألمانيا . أما المرتفع الجوي الذي يقع فوق كلاً
على المنهج الدراسي . وتضم المدارس الابتدائية والثانوية العادية التي تقيد,على المنهج الدراسي . وتضم المدارس الابتدائية والثانوية العادية التي تقيد
"موضع: ""وقال بعض وضعة السجل ونساب الهميسع""","موضع: ""وقال بعض وضعة السجل ونساب الهميسع"""
سعيا وراء تأمين قوت طعامه وتوفير الدفء وكانت حاجته إلى الطاقه بطبيعة,معيا وراء تامين قوت طعامه وتوفير الدفء وكانت حاجته إلى الطاقه بطبيع
بروح الريف، متداولة بشكل يومى . ويقرر آخرون ، أن تناول,بروح الريف، متداولة بشكل يومى. ويقرر إحرون، ان تناول
الجيوفيزيائي الأمريكي . و قد جاء بها أنهم عثروا على أدلة على للعلاقة ما بين هذه,الرجيوفيزياي الأمريكي. وقد جاءيها أنهم عثر واعى أدلة على للعلاقة مانين هذه
في نظام الزراعة الكثيف ، من خلال إجراء القياسات المختلفة على أعضاء الشجرة خلال أعوام,في نظام المزراسمة الكثيف، من خلال إجراء القياسات المختلقة على أعضاء الشجرة خلال أدوام
على أن تظفر بعمــال جدد أعلنت أن أي شخص يقيم في مديــنه 366 يوماً دون أن يطلبه,على أن تظفر بعمال جدد أعلنت أن أي شخص يقيم في مدينه 100 يوماً دون أن يطلبه
التجارية، المعلومات السرية المتعلقة بالتجارة، حقوق الطبع، حقوق,التحارية، المعلوة السرية المتعلة بالتجارة، حقوق الطبع. فقوق
لديها خطة عالية المستوى لا آفاق لنموها. استفاد حي هانقو في السنوات الأخيرة من تجارب,لديها خظة عالية المستوى لاآفاق لنموها. استفاد عي هانعو في السوات الأحيرة من بجارب
اليمنية وأبراج سبقت تكنولوجيا العمارة المعاصرة في نيويورك وشنكهاي,اليمنية ولبراج يديدقن تكنو لوجيا العمارة المعاصرة في نيويورك وتتكهاي
وعرفت جزيرة العرب الأسد، الذي قل وجوده فيها في الإسلام، ويظهر من كثرة,وعرفتا جزيرة العرب الأسد، الذي قل وجوده فيها في الإسلام، ويظهر من كثرة
في لندن ولنكلن  ، وأكسفورد ، وحذا حذوهم  بعد قليل من ذلك الوقت .,في لندن ولنكلن، وأكسفؤرد ، وهذا حوهم بعد قليل من ذلك الوغت.
المنطقة منذ بداية مرحله التسجيل. هذا وارتفعت درجه الحرارة فوق هذه القمه في العشرين من يوليو عام 2006,المدصقة من جدابه مرحله السجيل . هذا وارتمعى درد الواره قوق هذه العمه في لحتوير عن يؤليو عنم 100)
في عام 2002 ، كرد فعل فرح بالأموال الجديدة والطموحات الثقافية,في عام 2005. كرد فعل فرع بالأموال الجديدة والطموحات الثقافية
ويبدو عدم تطابق لون السلالة الايطالية و السلالة المصرية رغم أنها تندرج من,ويبد وعدم تطابق لون السلالة الايطابية والسلالة المصرية رغم أنها تندرج من
تحقيق  استقرار,حفيق استقرار
على الطبيعة ،تشاهد كهوف ومغاور غريبة و أبارو كتابات جاهلية بالمسند ، آثار مقابر تتحدث,على الطبعة، تشاهد عهوف ومغاور غريبة وابار وكتابات جاهليه بالمند ، آثار معابر تتحدت
من غاز ثاني اوكسيد الكربون .,من غاز ثاني أوكصيد الكربون.
عند الصنفين المىتخدمين 2.4 و 2.5م كان مناسبا جدا في نظاح الزراعة # المستخدم ،# على,عند الهنقين المتخد مين 2.5 و25م كان مناسببا جها في نظام الزراعة #مستخدم، ول
دفنه . و أخذ أحمد وحده ألف ألف و ثلثمائة الف درهم و سبعين الف دينار,دفيه. واخذ احمد وحده ألف ألفا وتلتائة الفادرهم وسبيعيث الفدينا.
من العيال . وإن أنا جعلة نبيذاً احتجت إلى كراء القدور وإلى شراء الحب وإلى,من العبال . وإن أنا دعلةه فبيذاً احتجت إلى كراء القدور وإلى شراء الحد وإلى
ورغم هذا لم يتم التعرف إلى الآن وبشكل كامل على عمل هذه الغيوم، إلا أن كميات,ورغم هذا لم يتم التعرف إلى الآن وبشكل كامل على عمل هذه الغيوم، إلا أن راميأن
نتيجة ذوبان الجبال الثلجية وثلوج القطبين الشمالي والجنوبي والفيضانات والجفاف والعواصف,تتيجة دوبان الجبال التلجية وثلوج القطبيق الشمالي والجنوبي والفيضانات والجفاف والعواجف
بإجمال:  إن دراست  القضايا الصرفيه الكثيره التي يحفل بها الشعى العربي,بإجمال: إن دراسة القضايا الصرفيه الكثيره التي يحفل بها الشعى العربي
والأطفال. تؤدي هذه الأمراص إلى حصد أرواح الملايين من الأشخاص بسبب,والأطفال. تؤدي هذه الأواض إلى حصد أرواح الملايين من الأشخاص بسبب
هذا المؤرخ. فقد أسهم أكثر الشعراء المخضرمين في أحداث وقعت,هذا المؤر. فقد أسهم أحثر الشعراء الحدخضرمين في أحداث وفعت
لأقرانهم ، خصوصاً في مراحل التعليم التمهيدية ، والابتدائية ، والثانوية,لأقرانهم، خصوصاً في مراحل التعليم التمهيدية، والابتدائية، والغانوية
والماني  في هذه المناطق وأدت الى تشريد الملايين من,الحاي في هذه المناطق وأدت الى تشريد الملايين من
غير الكثرة الغالبــــه  من المحاريث ظلت مع ذلك تضع من الخشب,غير أن الكثرة الغاليه من المحاريي ظلت مع ذلك تضع من الخنشب
لا يمكنون للقدور إلا على متن السطح حيث ليس بينهم و بين القصب و الخشب إلا الطين الرقيق,لا يملنون للقدول إلاعلى متن السعح حين ييس بينها وبين القصب والخش إلا الطين الرقيق
أولها النوعية المتميزة نسبيا للإنسان الياباني في القرن العشرين (واقصد نوعيته كمنتج ومستهلك أوكوحدة,أولها النوعية المتميزة نسبيا للإنسان الياباني في القرن العشرين (واقصد نوعينه كمنتج ومستهلك أوكوحدة
كانوا بمدينة صعدة، وقد جمعوا أنساب خولان وحمير وقبائل أخرى، و أضافوها,"كانوا بهدينة صعدة، وقد حمهوا أنناب حولان وحهير وقبائل أخرن"" وأضاموها"
أن طريقه الابتداد بالزمان ثم ابتداء الحلق وعدد أيام الخلق وخلق آدم ثم التحدث,أن طريقة الاتتداد بالزمان ثمر انتداء الحلق وعدد أيام الخلق وخلق آدم م التحدث
الألمانية أو الفرنسية أو الإنكليزية عن تأريخ اليمن القديم,الألمانية أو الفرنسية أو الإندليزية عن تأريخ اليمن القديم
تعتبر دول الكاريبى من الدول الفقيرة والتى تمتاز بصقف,تقتبر دول الكارييي من الدول الققيرة والت تمثان يصقق
هذا النوع من الكليات يشكل حوالي170% من مجموع الكليات في جمهورية الهند ،,هذا الفوع من الكليات يشكل حوالي 312% من مجموع الكليات في جمهورية الهد،
ونجدهم أيضا يتداولون الكثير من الأمثال الشعبية,ولجدهم أيضاً يتدا ولون الكثير من الأمثال الشعبية
الكنائسية أسماء رجال من أهل الحيرة ساهموا في المجالس الكنائسية التي انعقدت للنظر,الكنائسية أسماء رجال من اهل الحيرة ساهموا في المجالس الكنائسية التي انعقدت للتخر
الإنسان بالإستفاده من هذه الطاقه على شكل غذاء او مصدر للطاقه,الإنسان بالإستفاده من هذه الطاقه على شكل غزاء او مصد رللطاقه
"الضاحية"" في اصطلاح القدامى . ثم تقسم الحضر وتسميهم أيضاً ب ""أهل الطين""","ألضاحية"" في اصطلام القدام ثم تقسم الحضد وتسميهم أيضاً ب ""أهل الطين"""
المعارضة ، وبين ضمان الأمن والحرية والمشاركة في الحكم واستمرارية,المعارضة، وبين صمان الأمن والحرية والمشاركة في الحكم وستمراريى
"وهناك موضع على مقربة من ساحل البحر الأحمر إسمه ""قرح"" على المسافة","وهتاى مرضع على مقرية ن ساحل اليحر التحمر إسمه ""قرح""على المساقة"
يزال يتعين  القيام به ، حيث إن المشاكل المرتبطة بالهدر المدرسي ، والجودة ومضامين,يزال يتعين القيام به ، حيث إن المشاكل المرتبطة بالهدر المدرسي، والجودة ومضاميئن
لنفسه شكلاً معيناً ، ولا يأنف أن يستعير لنفسه أي شكل يجد,لنفسه شكلاً معينأ، ولا يأنف أن يستعير لنفسه أي شكل يجد
الزائد لهذه الأشعة إلى إصابة الأنسان والحيوانات بسرطانات الجلد كما يؤدي,الزائد هذه الأشعة إلى إصابة الأنسان والحيوانات بسركانات الجلد كما يؤدي
وذلك في الوقت الذي تعرقل فيه النواقص التي يعاني منها # اللاتمركز إمكانية اعتماد,وذلك في الوقت الذي تعرقل فيه النواقص التي يعاني مفها # اللاتمد كن إمكانية اعتماء
الحريريه الفخمه والثياب المطرزه بالذهب ، وكان صناع العاج,الحريريه الفحمه والثياب المطرزه بالذهب، وكان ضناع العاج
الصين والعراق ومصر والهند و بنغلاديش والمانيا بكثرة الفيضانات,الصين والعراق ومصر والهند وبنغلاديش والمانيا بكثرة الفيدضانات
من الغض من قيمة المبادئ الأخلاقية التي يتحلى بها . ومما لاحظه على البدو، عدم اهتمامهم بعبادتهم كالصلوات,من الفض من قيمة المبادئ الأخلاقية التي يتحلى بها. ومما لاخظه على السدو، عدم الهمامهم بعباد تهم كالصلوا
في السنوات الأخيرة دخلت الأشجار مرحلة النمو البطىء مما انعكس سلباً على نموها,في السنوات الأخيرة دخلت الأشجار مرحلة النمو البطيء مما انعكس سلباً على يموها
لأن الكوارث الطبيعية باتت من أهم الأخطار التي تواجه الحياة على سطح,لأن الكوارث الطبيعية باتت من أهم الأخطار التي تواجه الحياة على سطح
تشهد كل  هذه الإصلاحات علي سريان دينامية غير مسبوقة ، وهي  اصلاحات تجري في سياق,تشهد كل هذه الإصلاحات علي سريان دينامية غير مسبوقة، وهي اصلاحات تجري في سياق
على الأشجار المدروسة لوحات بلا ستيكية كتب عليها رقم الصف ، دقم الشجرة في الصف واهم,على الأسجار المدروسة لوجات بلامتبكية كتب عليهارم الصف، رقم الشجرة ف الصف واهم
"قديماً لاستخراج ""التبر"" منها ولكنها تركتها لعدم يمكنها من الحصول على","قديماً لاستمراج ""التبر""منها ولكنها تركتها لعدم يمكنها من الحصول على"
الإنفعالات، وهو عند المرأة أكثر منه عند الرجل بدورتين . وبما إن التنفس هو عملية يتم بها تبادل,الإنقعالات، وهو عند المرأة أكثر منه عند الرجل بدورين . ويما إن التنفس هو عملية يتمدبها تبادل
و يمكن إهمالها إذا ما قورنت بالجرعة الإشعاعية الطبيعية التي يتعرض لها الانسان من الأشعة الكونية ،,ومكن إهما لها إذا ما قورنت بالجرعة الإشعاعية الطببعية التي بتعدض لها الاسان من الأشعة الكونية ،
"مقربه من ""ذمار"" تكون الارض بركانيه . وتوجد الحرار في القسم الشمالي من ""وادي","مقربه من ""ذحار"" تكون الارضبركاييه. وتوجد الحرار في القسم الشمالي من ""وادي"
إذْ لا أشجار تحميه، ولا أعشاب تحافظ على تماسك ذراته وحفظها من تلك,إذ لا أشعار تحميه، ولا أعشاب تحافسظ على تماسك ذراته ومنظها من تلك
بتسخين العالم والبعض الآخر يساهم في إخفاء البرودة علية .,بتسخين العالم والبعض الآخريساهم في إضفاء البرودة علية .
وشيوع الجفاف فيها مما أثر على قشرنها وعلى أحيائها،,وتيوع الجفاف فيها مما أثر على قشرنها وعلى أحياثها.
كنت اشنري الملابس الجينز و الشورتات من على حدود بولندا وابيعها,كنت اشتري الملالب الجيز والشورتات من على حدود يولندا وابيعها
"حوالي 112,600 كم2 سنوياً و المساحات المتبقية منها صغيرة.",حوالى 1999110 كم2 سنوياً والمساعات المتبقية منها صغيرة.
وتصل إلى إرتفاع يقارب 80 كم فوق مستوى سطح البحروبسمك,وتصل إلى إدتفاع يقارب 20 كم فوق مستوى سطح البحر وبسما
دوران كوكب الأرض من الدائري الى البيغوي مرة كل مائة الف عام,دوران كوكب الأرض من الدائري الى البيطوي مرة كل مائه الف عام
بالإضافة إلى معلمين محترفين ومتخصصين في المجالات الخاصة بالموسيقا,بالإضافة إلى معلمين محتر فين ومتخصصين في المجالات الخاصة بالموسيقا
ورقيها بما يحمله من عقل يترجم أفكاره ليخط بها في صفحات الواقع . ليعبر,ورقيها بما يحمله من عقل يترجم أفلاره ليخط بها في صعحات الواقع . لبعير
ملحوظاً في معدلات درجات الحرارة خلال العقود الجمس الأخيرة ناتجة عن,لحوظاً في معدلات درجات الحرارة حلال العقود الخمس الأخيرة ناتجة عن
الأرقام مرة أخرى بالعربية,لأرقام ممورة اخرى بالعرببه
كالنبط على ما ذكرت والعرب المجهولين كل الجهل الذين لم يكن للمسلمين,عالنبط على ما ذكرت والعرب المجهولين كل الجهل الذين لم يكن للم سملمين
"ء  43  كيلومتر من ""الحجر"" في المكان يمر به خط الحديد الحجازي في منطقة","1# كيلومتر من ""العجر ""في المكان يمربه خلا الحديد الحجازي في منطقة"
بالتنفس حتى اللحظة الاخيرة للحياة.,بالتنفس عتى اللحظه الاخيرة للجياة.
ويعلق العالم الإنجليزي(ريكيامار) على هذه الظاهرة المميرة بقوله ، إن أستراليا,ويعلة العالم الإنجليزي (ويكيامار) على هذه الظاهدة المميرة بقدله، إن أستد اليا
لكل القوى الحية في القضايا الوطنية والترابية للبلاد ، وبسبب المرونة والليونة التي اكتستها بعض المواقف الحزبية,لكل القوى الحية في القضايا الوطية والترابية للبلاد ، وسبه المرونة ولليونة التي اكتستها بعض المواقق الحزيية
تازي في الفارسية معنى صحراوي من تاز بمعنى الأرض الخالية ولذلك نسب بعض الباحثين,تاري في اللقارسيي فعنى صحراوي من ثازة يمعنى الأرض انخالية ولذلك فسفب يغض الاباعثية
له  من الأيام حتى يتم عمله .,له من الأيام حثى يتم عمل
كما تبني العديد من مهندسي العمارة المعروفين عالمياً.,كما تبني العديد منة سهندسي العمارة المعروميية عالمياً.
عليها من الزراع نظير الرســوم المفروضة عليهم قدأصبح لها من الثبات في العصور الوسطى,عليها من الزراع نظير الرسوم المفروضة عليهم قد أصبح لها من التبات في العهور الوسط
وغاز الميثان ومركبات الكلورو فلوروكاربون ) نتيجة الحاجة لحرق الوقود الحجري والفحم,وغاز الميثان ومركبات الكلورو فلورو كاربون ) نتيجة الحاجة لحرق الوقود الججري والفحم
في الطّنوج، وهي الكراريس، فكتبت له ثم دفنها في قصره الأبيض.,في الطنوج، وهي الكراريس مكتبت لهتم دفنها في قهره الأبيم
المستدامة. كما  ساعدت هذه البرامج المنظمات غير الحكوميه والسلطات العامة على,المستدامة. كما ساعدت هذه البرامج المنظمات غير الحكوميه والسلطار الصامة عيى
تبدأ من سن السادسة حتى سن الثانية عشرة . وتنقسم هذه المرحلة إلى ثلاث دورات ، مدة كل منها,تبدأً من سن السارسة حتى من الثانية عشرة. وتنقسم هذه المرحلة إلى ثلات دورات، مدة كل منها
تماماً كما يحدث داخل الشمس لتوليد الطاقة الشمسية . الانشطار النووي:,نماماً كما يحدث دأخل الشمس لتوليد الطاقة الشمسية . الانشطار النووجية.
"ولو كان الاسلام قد حث على طمس أخبار الجاهليه أو إطفاء ذكر الاصنام والاوثان، لما كان في وسع ""ابن الكلبي"" ولا غيره التحدث","ولو كان الاسلام قد حث على طمس أخبار الجاهليه أو إطفاء ذكر الاصنام ولاثان ، لما كان في وسع "" ابن الكلي ""ولا غيرة التحدت"
صحيح أن إحدى الإكراهات المرتبطة بذلك، ترجع إلى محدودية الوسائل المالية. غير أنه صار,صايح أن إحدى الإلحراهات المرتبطة بذلك، تربع إلى محدودية الوسائل الحاية . غير أنه حار
التفاعلات النووية التي يمكن عن طريقها إنتاج الطاقة وهما: الاندماج,التفاعلات النووية التي يمكن عن طريقها إنتاح الطاقة وهما: الاندماج
معادن الجزيرة، ثم تقدم العالم بعد ذلك وظهور الثورة الصناعية .,معادن الجزيرة اثم تقدم اللعالم بعد ذلك وظهور الثورة الصناعية.
وبذلك، فإن توطيف  هذا المفهوم ، حديث الأستعمال نسبيا ،,ويذلك، فإن توطيف هذا المفهوم ، حديث الأستعمال نسبيا،
و قد طورت الولايات المتحدة الأمريكية هذا النوع من المفاعلات .,وقد طورت الولايات المنخة الأمريكية هذا النوع من المفاعالات
ساهمت ظاهرة الإحتباىى الحراري وما نتج عنها من تغيير في المناخ مع إنخفاض مناسيب المياة,ساهمت ظاهرة الإحتباس الحراري ومانتج عنها من تعير في لمناخ مع إنخفاض مناسيب المياة
"سنة 1960، قد تراجعت، بشكل ملحوظ، لتنحصر حاليا في 14,2 %. إلا أنه، بالنظر للنمو",سنة .190، قد تراجعت، بشكل ملحوظ، لتحص عاليا في 185%. إلا أنه، بالنظر للنمو
بدونه لأنه هو الضمانه الاساسية  لاستمراريتها ، والقيم,بدونه لأنه هو الضمانه الاساسية لاستموارتتها، والقيم
النزيف الذي يعاني منه، والارتقاء به إلى مستوى يستجيب لمتطلبات التنمية البشرية للسكان. وتتمثل,التريف الذي يعاني منه، والارتقاءبه إلى ستوى يستجيب لمتطلبات التنمية البشرية للسكان . وتتمثلل
لم يكن لهم علم سابق به؟ # وفي الآيات دلالة واضحة لي أن القوم,لم يكن لهم علم سايق بيه؟ # وفي الآيات الالة واضصة عي آن القوم
النباتات ، كذلك يتفاعل ثاني أكسيد الكربون في الجو مع الماء فتنتج هطول,النباتات ، كذلك يتفاعل ثاني أكسيد الكربون في الجومع الماء فتنتج هطول
شحيحة بالثورة بالثروة الخيوانية ، وليس فيها إلا مقادير,شحيحة بالتورة بالتروة الخيوانية، وليس فيها إلامقادير
"عنها والإشاره اليها، ولما أخذ العلماء عنه ورووا كتبه وتوارثوا كتاب ""الأصنام"" بل القرآن نفسه حجه في ردّ هذا الزعم، فعيه ذكر","عنها والإساره اليها، ولما أخذ العلماء عله ورووا كتبه وتوارتوا كتاب الأصنام"" بل القران نشه جه في ردهذا الرعم، فهيه دلى"
ينشرون الملح تحت الشمس، إلا أنني شهدت منظر ساحر,ينشرون لملح قت الشمس، إلا أتي شهدت منظر ساحر
قوالب لتضغط و لتخرج اكثر صلابة و الطريقه الثانيه هي الاجر,قوالب لتضفط ولتحرح اكثر صلايه والطريقه الثأنيهم الاجر
الساكنه النسويه ، تمكنت البلاد من التحكع في نمو ساكنتبا .ومن ثم ،,الساكنه النسويه ، تمكنت البلاد مي التحكع في نموساكنتقبا ومن تعهه
طوية الصوجة صن الإفلات للفضاء الخارجي,طوية الصوجة من الإملان للفضاء الخارجيي
إعصاراً عندما تزيد سرعة الرياح عن 119كم بالساعه (الحناوي.2004 ) يسمى,إعصاراً عندما تزيد سرعة الرياح عن 10كم بالساعه (الحناوي . 20# ) يسحى
أكياس .,أكياسف.
الكرنيولية في الشمال الشرقي منها،ونجاح السلالتين في المنطقة,الكرنيولية في الشمال الشرقي منها، ونجاح السلالتين في المنطقة
ويهتم التعليم في # هذه المرحلة بإعداد الطلاب للعمل في مجال معين ، وذلك من خلال منح الطلاب,ؤبهة التعليم في # هذه المرحلة بإعداد الغلاب تلعمل في جال معين ، وذلك من خلال منح الغلاب
إلى رئيس غلمانه فقلت: ويلك مالك وللجوارشن وما رغبتك فيه .,إلى رئئيس غلمانه تفقلت: ويلك مالك وللجوارشت رومار كتبتا فية
والتقويم للحياة المعاصرة. # وتهتم أيضاً بدراسة  أصول,والتقويم للحياة المعاصرة.# وتهتم أرضاً بدراسية أصول
يتألف ثلثا الأقسام الشرقية من أرض المملكة العربية السعودية، من طبقات رسوبية,يتألف ثلثا الأقام الشرقية من أرض المملكة العربية العودية مامن طيقات رسويية
"نص بعض الكتبة ""الكلاسيكيين"" على وجود أنهار في جزيرة","نص بعد الكتبتا ""الكلاسيكيرة"" على وجود أنهار في جزيرة"
والأخباري في عرف ذلك اليوم وقبل إن ينتشر التأليف وتتصنف المعارف، هو من,والأخباري في عرف ذلك اليوم وقبل إن يتشر التأليفا وتتصنف المعارف، هو من
غازات الاحتباس الحراري يعزيها العلماء و المهتمين إلى النشاط الإنساني,غازات الاحتباس الحراري يغريها العلماء والمهتمين إلى النشاط الإنساني
معظم الشعراء المعاصرين، أو الذين يكتبون الشعر الحر، يتطرقون,معطم الشعراء المعاصرين، أو الذين يكثيون الشعر الحر، يتطرقون
تقليم وتوجيه فروعه . أشجار هذا هذا الصنف تدخل متأخرة بمرحلة الإثمار وتعمر لفترة طويلة ، ونتطلب,تعليم ولوجيه فروعه . أشجار هذ الصنف تدخل متأخرة بعر حلة الإثمار وتعمر الفترة طويلة، ونتطلب
التسعينيات ، تنحو نفس  منحى آليات اشتغال كبرى شبكات  الجاليات,التعينات ، تنجو نفس منحى آليات اشعال كبرى شبكات الجاليات
له منه . و ليس علينا حرج في سقيه منه .,له منه وليى علين مره فيسيه رله
على الحياة في الغابات وزادت من معدلات التلوث الهوائي,عى الياة في الغابات وزادت من معدلات التلوث الهوائي
القصبات المدرجة . بالنسبة لكل من الفروع الهيكلية والفروع على المحور وكذلك,القجبات المدرجة. بالنبة لكف من الغروع الهيكلية والفروع على المحور وكذلك
وبسبب التصورالذي طرأ على الحياة الأسريه والسلوكات الانجابيه لدى,وبسبب التصور الذي طداً على الجياة الأسريه والسلوكات الانجابيه لدى
"ولعل قوة نيران ""حرة ضوران"" وشدة قذفها للحمم وارتفاع لهيبها، هي التي دفعت أهل","ولعل قوة نيران ""حرة منوران"" وسشدة قذفها للحمم وارتفاع لهيبها، هي إلي دففت أهل"
الخضراء. تنتج 20 % من تراكيزان غاز ثنائي اوكسيد الكربون المنطلقة إلى الغلاف الجوي,الخضراء . تنتج 0% من تراكيزات غاز ثنالي اوكسيد الكربون المنطلقة إلى القلاف الجوي
أراضيهم بين المزروعات المختلفة . وكان الزراع الذين يفلحون في القرن الثالث عشر,أراضيهم بين المزروعات الممتلفه . وكان الزراع الذين يفلحون في القرن الثالق عشد
قال # لولا أنك تغديت لغديتك بغداء طيب . وإن قال : لا قال : لو كنت,تال # لولا أنكد تغديت لغديتك بغداء طيب . وإن قال  لا قال يوكذت
حجارة الكلس المكونه له، لاستخراج النورة واستعمالها في البناء . وهذه,حجارة الكلس المكونة له، لاستحراج النورة واستعمالها في البتاء . وهذها
أطلت على بطن راحتي و قرأت بها سجل محمد ابن أبان الخنفري,أطلت على بطف راحتي وقدأت بها سجل محمد ابن أبان الخنفري
فإن انتاجه من العسل يشكل ما نسبته 60-70 % في الهند. النحل الشرقي يحتل النحل,فإن انتاجه من العسل يشكل ماتيتة #-20% في الهن. النحل الشرقي يحتل النحل
يوما بعد  يوم تتطور  الهند  لتصبح الدراسه في الجامعات الهنديه الأمنيه,يوما بعد يوم تتطور الهند لتصبح الدراسه في الجامعات الهنديه الأمنيه
يوجد # في الطبيعة مع الراديوم وسلسلة تحلله التى ض بينها غاز,يوجد # في الطبيعة مع الراويوم وسلسلة تحلك التى ضن يينها غاز
وشحت بالقليل من الطعم وقد علم أن الذي منع يسير في جنب ما بذل وأنه لو شاء  أن,وتسهت بالغليل من الطعم وقد علم أن الذي منع يسيد في جيب ما بذل وأنه لوشاد أن
تكون سلسلة جبال السرات العمود الفقري لجزيرة العرب، وتصل فقراته بسلسلة جبال,تكون سلسلة حبال السرات العمود الفقري لجزيرة العوب، وتصل فقواته بسلسلة حيال
وتعد المصادر المائيه بكل أنواعها ومحتوياتها من الكائنات الحية,وتعد المصادر المائيه بكل أنواعها ومحتوياتها من الكائنات الحية
ميعود سبب ذلك إلى رجوع الرماد إلى موارد مدونة ، أو إلى شهود عيان,ميعود سبب ذلك إلى رجوع الرواة إلى موارد حدوية، أو إلى شهود عيان
بالرغم من أن  اليابان خرجت  من  الحرب  العالمية الثانية مهزومة ، وأن  سكانها لا يتجاوزن,بالرغم من أن اليابان خرجت من الحرب العالمية الثانية مهزوهة، وان سكابها لا يغاوزن
من نتائج الاعاصير التي تصيب بعض البلدان مثل بنغلادش والهند إستفحال الفقر,من نتائج الاعاصير التي تجيب بعض البلدان مثل بتغلادشى والهند إستفحال الفقر
إنتهجت الدولة ومنذ وقت مبكر طريقة فصل النفايات وتدويرها في,إنتهبجت الدولة ومنذوقت مبكر طريقة قصل النفايات وتدويرها في
الذهب منها بصورة تجارية، تأتيها بأرياح حسنة، واكتفت بتوسيع عملها,الذهب منها بصورة بجاية تأنيها بأرياح حسة، واكتفت بتوسيع عملها
على نطاق واسع ، إعداد ومراجعة الدستور ، إقرار وتحيين القوانين,على نطاق واسع، إعداد ومراجعه الحدستوى، إقدار وتحيين القوانين
السيورة  لم تمكن بلادنا من التوفر,السيورة لم تمك بلادنا من التوفر
على ما فيها من خطأ أهمية كبيرة، لأنها وردت فيها أخبار تاريخية وجغرافية كبيرة الخطورة،,على ما فيها من خطا أهمية كبيرة، لأنها وردت فيها أخجبار تاريخية وجغرافية كبيرة الخظورة،
علاُّقة بشكل البادية وظاهر وجهها، ومنها ما لها علاقة بطبيعتها ويتركيبها ، إلى غير ذلك من مصطلحات،,علإقة بشكل البادية وظهر وجهها، ومنها ما لصاعلاقد بطيعتها ويتركيبها، إلى ذلك من مصطلحات ،
سريعة الجريان منحدرة انحداراً شديداً، و أما ضحلة تجف مياهها,لسريعة الجريات متحدرة انحداراًشديداً، وأما ضحلة تجف مياهها
أكثر أصغر حجماً ، مولدة بذلك طاقة هائلة لفرق الكتلة بين مجموع الكتل,أكثر أضغر حجماً ، مولدة بذلك طاقة هائلة لفرق الكتلة بين مجموع الكتل
وخصوصا في  المناطق ذات النمو  السكاني العالي في آسيا وأمريكا اللا تينية حيث الطلب على,وخصوصاً في المناطق ذات النمو السكاي العالي في آسياو أميكا اللايتننبة حيث الطلان على
# الساعه الخامسه ، ويأوي عادةً الى  فراشه فى الساعه التاسعه,# الساعه الخاسه ، ويأوي عادةً الى فراشه في الساعه التاسعه
السفوح الشرقية لجبال اليمن مدة أطول مما هي عليه الآن. والرأي عندي,السفوح الشرقية لجبال اليمن مدة أطول مما هي عليه الآن . والرأي عندي
"وقد فزع جيش ""أسرحدون"" في أثناء اختراقه البادية من كثرة الثعابين والحيات","وقد فزع حيش ""أسر حدون""في أثناء اختراقه البادية من كثرة الثعابين والجبا."
أضف الى كل ذلك عوامل أخرى  تؤثر في جسم الإنسان وفي تصرفاته وإتجاهاته من تركيب جسم و من,أخف إرعلى ذلك عواسل أخرى تؤثر ي جسع الإنسان وفي تصرفاته وإتجاياته بين تركين جسم ومن
في عهد من العهود وعند بعض، الشعوب . فقد استعمل اليونان كلمة  ، واستعملها,في عهد من العهود وعن بعضي، الشعوب . فقد استعمل اليونان كلمة ، واستعملها
"فلم يتحدث عنه و لم يشر إلى فعله ، ولم يتكلم على أنواع تلك البيئة و مقوماتها  التي ذكرها  في أثناء تعريفه لها ، وهي : "" مايحيط","قلم بتعدث عنه ولم يشر إلى معله، ولم يتكلم على أنواع تلك البيئة ومقوماتها التي ذكرها في أثناء تعريفع لها ، وهي : ""لماحيط"
وهذا يعني أن النمو السكاني يتطلب زيادة في معدلات الاستهلاك  .,وهذا يعي أن الفوالسكافي يتطلب زيادة في معدلات الاستهلاك
عاتبتك في مسارج الحجارة فأعتبتني بالخزف . أو علمت أن الخزف والحجارة يحسوان,غاتيتك في مادج الحارة أأعتبتني بالخزف . أو علمت أن الخزف والجارة يموان
الأطراف العصبية، فالجمال مادة وروح وإحساس وشعور وعقل,الأطراف العصبية، فالجمال مادة وروح وإحساس وشعور وعقال
ويبني عدة أقراص متوازية من الشمع، و يختلف حجم هذه الأفراص,ويبني عدة أفراص منوازية من الشمه : وحتلف وجم هذه الأفرابين
الالتحاق بمرحلة البكالوريا التي تعد الطلاب بالتعليم   الجامعي،,الالتحاق لمرحلة البكالوريا التي تعد الطلاب بالتغليم الجامعي،
الساقط على الارض بنقل الطاقه الحرارية والضوء من,الساقط على الارض تنقل الطاقه الحرارية والضوء من
"ثمودية ونبطية، أهمها الكتابات التي وجدها في قمة ""جبل غنيم""","لمؤدية وبنطية، أهها الكتابات التي وجدها في قمة ""جبل عنينم"""
ونجاحة في المحور  الممتد  بين القنيطرة و الجديدة ، وعدم التناسق ، الذي,ونجاحة في المحور الممتد بين القيطرة والجديدة ، وعدم الناسق، الذي
اخر يمثل القيم الاخلاقيه الانسانيه ، و لرسم بياني بسيط يقارن,أخر يمثل القيم الاخلافيه الإنسانيه ، ولرسم بياني بسيط يقارن
وفي السياق نفسه ، ظهرت قنوات جديدة للتعبير ، وبرز فاعلون,وفي السياقد نفسه، ظهرتا قنواتا جديدة للتعبير ، ورز فاعلون
جديدة للحياة والعمل ، والاستهلاك والسلوك . وهكذا ،,جديدة للحياة والعمل، والاستهلاك والسلوك. وهلذا،
وقد كانت أسفار أولئك السياح مغامرات ومجازفات،إذا تعرضت حياة أكثرهم,وقد كانت أسفار أولئك السباح منامزت ومعازفات. إذا لغردنت بباع أكرهم
عديد من الكتاب # والاقتصاديين حاولوا تفسير هذه الظاهرة ، منهم من ارجعها لروح الانتقام,عديد من الكتاب و##صادين حلولوا تفسيد هذه الظاهرة ، ضهم من ارجها لروح الانتوام
الأرض حول الشمس وما يرافقها من اختلاف,الأرض حول الشمس وما يرافقها من اختلاف
من الحدود التي تفصل الهلال الخصيب عن جزيرة العرب  أما من الناحية,من الحدود القي تخصل الهلال الحصيب عن جزيرة العرب أمسامن الناجية
التعليمية. - يبدأ اليوم الدراسي من التـــاسعة والنصفـ,القعليمية- يدأ اليوم الدراسي من التاسعة والدصف
الدولية الكبرى ، ونشامله فى حظيرة هيئة الامم المتحدة . وقد بعد الانفتاح الاقتصادي,الدولية الكبرى، ونشاعلع في حظيرة لهيئة الامم المتددة . وجد بعد إلانغتاج الاقييات
يعاني العراق إنخفاضاً ملحوظاً وكبيراً في موارده المائية بسبب إنخفاض,يعاني العراق إنخفاضاً علحوظاً وكبيراً في موارده المائية بسبب إنخفاض
لم يكن عجيبا أن الخطاطين والرسامين تمتعوا بأعلى مكانة اجتماعية,لم يكن عجيبا أن الخظاطين والرسامين تمتعوا بأعلى مكانة اجتماعية
تعرضاً للاشعة الشمس وحرارتها من المناطق الشمالية والجنوبية والقطبين الشمالي,تعرضاً للأشعة الشعس وحرارتها من المناطق الشعالية والجنوبية والقطبين الشعالي
القريبة من المحيطات والبحار. وبسبب المساحات الشاسعه للمسطحات,القريية من المحيطات والبحار. وبسدت المساحادة الشاسع للمطحان
المائية 0.02 بليون متر مكعب سنوياً. تتفاوت المعدلات السنوية للتساقطات بين بلدان المنطقة,المائية 2.و. بليون متر مكعب سنوياً . تتفاوت المعدلات السنوية للتساقطات بين بلدان المنطقة
"وجاسم بن عمان بن سباً بن يقشان بن إبراهيم.أما""الهمداني""،فقد عدّ كل القبائل","وجاسم بن عمان بن سبباً بن يقشاز ين إبراهيم. أما ""الهمداني""، فقد عد كل إئل"
اعتمد أساساً على التقليم الجائر بهدف  تجديد شباب الأشجار كونه يلائم العمر المتقدم للأشجار ،,اعتمد أساياً على التقليم الجائر بهدف تجديد شباب الأشجار كونه يلائم العمر المتقدم للأشجار،
(ولولا تزال المغضلة لوى جمهور قراء جائزة البووكر).وبدأت جوائز الكتاب وأهمها أورانج ، # و يتبريد,"(ولولا تزال المفضلة لوى جمعور قراء جائزة البووكو). وبوأت جوائز الكتب وأهمها اورانج ، #"" ويتبريد"
والبرامج العادية أن يتم قيدهم أيضاً في المستويات التعليمية نفسها,والبرامج العادية أن يتم قيدهم أيضاً في المستويات التعليمية نفسها
يزال أحدهم يسل من الخيط القطعة بعد القطعة حتى يبقى الحبل لا شيء فيه.,يزال أحدهم يسل من الخيط القطعة بعد القطعة حتى يبقى الجبل لاشيئ فيه.
في هذا العمر المتعدم وني هذا النظام من الزراعة . المواد وطرق البحث :,في هذا العم# المتعدم وني هذا النظام من الزراعة . المواد وطرق البمث:
وفيه شيء ثمين من فاكهة نفيسة ومن رطبة غريبة على عبد نهم وصبي جشع وآمه,وفيه شرئ ثمسنا من فاكمة نفيسة ومن رطبة غريبة على عدد نهم وطبي حشع وآمه
"المدني والحربي في الجو. ئبلغ نسية يخار الماء في الهواء 0,25% وئختلفمن",المدنمع والحريي في الجو تيلغ نسية يكار الماء في الهواء 20% وتحثلف من
أجنبية. ويولى التعليم في هذه المرحلة اهتماماً جليلاً لاستقلالية الطلاب في أنشطتهم اليومية,أجنبية. ويولى التعليم في هذه المرحلة إفتماماً جليلاً لاستقلالية الطلاب في أنشطتهم اليومية
المسند ومن المؤلفات اليونانية والسريانية، أنهم لم يكونوا على ما ذكروه,المسند وهن المؤلفات اليونانية والسريانية، أنهم لم يكونوا على ما ذكروه
تلك # المناطق,تلك # المناطق
بين السكان وإعاقة خطط التنمية المستدامة في هذه البلدان. ويعد الإعصار,بين السكان وإعاقة خطط التنمية المتدالة في هذه البلدان . ويعد الإعصار
خطيرا . عندما نشد العمل في عام 2000 كان هناك الكثير من النقاد الحاسدين,خطيرا . عندما نشف العمل في عام 2000 عان هناك الكثير من الفقاد الحاسدين
ومتى فقد الأخلاق التي هي الوسيط الذي لا بد منه لانسجام الإنسان,وملى فقد الأطلاق التي هي الوسيط الذي لابد منه لانسجام الإنسان
إخفاقاته ، والمعتمد على نسائه ورجاله وشبابه وقدمائه ؛ أن يسلك ، بكل,إخفاقاته ؛ والمعتمد على نسائه ورجاله وشبابه وقدمائه ؛ أن يسلك ، بكل
لا بد إن يثمن ويقدر، ويميز على غيره . وهذا صارت النخلة,لابد إن يثمن ويقدر، ويميز على غيره . وهذا صارت النخلة
ساعة ونصف   ، ثم تستأنف الدراسة من الساعة الثالنة,ساعة وتهف، م تستأنف الدراسة من الساعة الثالتيه
المارة  وهم سائرون فيها  على  مهل في ذلك العصر الذى لم تكن فيه آلات,المارة وهم سائرون فيها على مهل في ذلت العصر الدى لم تكن فيه آلات
تعد المحيطات والبحار مصدر للمنخفضات الجوية والعديد من الحالات الجوية المتطرفة,تعد المحيطات والبحار معدر للمنخفضات الجوية والعديد من الحالات الجوية المتطرفة
10 - 16 فرعاً والتي يتم تجديدها خلال 3 - 4 أعوام بمعدل 5 فدوع في العام الواحد ، أما,10-1ا فرعاً والتي يتم تجديدها فلال 2-  أعوام بمعدل ك فدوع في العام الوامد، أما
إلى ديوان مدون ولا كتاب مكتوب.,إلى ديوان مدون ولا كتاب مكتوب.
تعرف طبقة الثرموسفير باسم  الطبقة الحرارية او الطبقة,تعرف طبقة الثرموسغير باسم الطبقة الحرارية اوالطبقة
برابخ تنقل الماء من الطرق ، ولهذا كثرت فيها الحفر والبرك ؛ وكانت الخاضات,برابح تنقل الماء من الطرق، ولهذا كثرت فيها الحضر والبرك ؛ وكانت المخاضات
من يؤذيه، لذلك زعم أنه يبقى حاقداً على المسيء إليه حتى ينتقم,من يؤذيه، لذلك رعم أنه يبقى حاقداً على المسيء إليه حتى ينتقم
أيعد هذا دليلا على أخذه من موارد قديمة مكتوبة مدونة ?,أيعد هذاد ليلا على أخذد من موارد قديبعة عكتوبة مدونة ؟
ىغتبر الدول الناحية والفقيده من أكثر البلدان استهلاكاً للكتلة,تعتبر الدول النامية والفقيوه من أكثر البلدات استهلاكاً للكتلة
لأشجار هذا الصنف كان حاضرا,لأشجار هذا الصنف كان حاخرا
المجموعات الطلاب المعاقين وتقدم لهم النصح بشأن التكيف مع الأوضاع,الجموعات الطلاب المعاقين وتقدم لهم النصح بشأن التكيف مع الأوضاع
والبقر من الحيوانات القديمة في بلاد العرب، وهي من الحيوانات الملازمة لأهل,والبعر من الحيوانات القديمة في بلاد العرب، وهي من الحيوانات الملازية لمأهل
فترات دافئة تدوم لفترة عشرة آلاف سنة تقريبا و كان آخرها العصر الجليدي,فتران داضية تدوم لفترة عشرة آلاف سنة تفريبا وكان أخرها العصر الجليدي
وتلعب هذه الظاهره دوراً تبيراً في تفاقم مشكله التغير المناخي,وتلعب هذه الظاحره دوراً تبراً في تفاقم شكله التغير المناخي
يقتصر دور الأدب الشعبي في ترسيخ القيم و العادات و نشرها فحسب,يفتصر دور الأدب الشعبيا في ترسيخ القيم والعادات ونشرها فحسب
الساميين وعقليتهم وعن العتليه العربية. تليها بحوث,الثاميين وعقته وى القبليه العربية. تليها بحوث
والمهتمون بالبيئة. إذا يرى فريق من العلماء أن غازات الإحتباس,والمهتمون بالبيئة . إذايرى فريق من العلماء أن غازات الإحتاس
لأولئك السادة ، فاستبدولوا بالقروص الإقطاعية القديمة مقادير من,لأولئك السارة ، فاستبدلوا بالقروض الإقطاعية القدية مقادر من
"""طور سيناء"" إلى شواطئ النيل . وقد أطلق بعض الكتاب اليونان على الأرضين الواقعة","""طور ميناء"" إلى شواطئ النيل . وقد أطلق بضى الكتاب اليونان على الأرضين الوأمة"
"المتقدمة بزيارة مواضع من المملكة العربية السعودية، فزارت ""سكاكة"" ""سككه"" والجوف","المتقدمة بزيارة مواضع من الملكة العربية السعودية، فزارت ""سكاكة"" ""سككه"" والجوف"
فطالما مكلنا عقولنا وجهناها إلى فكر وعطاء دائم ومتجدد فيقودنا ذلك إلى,فطالما مكلتاً عقولن وجهناها إلى فكر ومعطاء دائم ومتحدد فيقودنا ذلك إلى
بين عمليتي  محاربة  القفر في المناطق الرلقية . وإدارة الموارد الطيعىة . وتنحى اتصاقيه مكافه,يين علمليتي محارية الققر في المتاطق الريقية . وإدارة الموادد الطيعية . وتتحى اتصامية مياقه
كلية طب ، لمنح درجة بكالوريوس في الطب والجراحة ، ومدة الدراسة أربع سنوات ونصف وسنة,كليه طب، لمنخ درحة بكالوريوس في الطب والجراحة ، ومدة الدراسة أربع سنوات ونصف ومنة
إلى الجنوب من حي هانقو يقع خليج بحر بوهاي وإلى # الشرق,إلى الجنوب من حي هانقو خليج بحز بوهاي وإلى # الشرق
بالأعلام ، الأسلحة ، والدوع . وكان من المتسطاع وقايه الحجرة من التيارات,يالأعلام، الأسلتحة، والدوع . وكان من المتسطاع وقايه الحجرة من التيارات
هذه الكتب وعدّها، وما دامت الحال على هذا المنوال، فليس من المعقول,هذه الكتب وعدها، وما دامت الحال على هذا المنوال، فليسمت المعقول
لجزيئات الماء مما يؤدي الى تسريع عمليات التبخر وهذا بدوره يرفع نسبة تساقط,لجزيئات الماء مما يؤدي الى تسريع عمليات التبخر وهذا بدوره يرفع نبة تساقط
صورة أخرى مما تتضمنه القصيدة الجاهلية لولا المستوى اللغوي الذي تمتاز,صدورة أخرى مما تتضمنه القصيدة الجاهلية لولا المسقوى النغوي الذي تمتاز
في فترات تكون  الإنسانية شديدة  الإنغماس في الرومانيات وترفض أى شكل مادي سواء,في فترات تكون الإنسانية شديدة الإنغماس في الرومانيات وترقض أي شكل مادي عواء
و الجزيئات من بعضها البعض مما يتيح إمكانية أكبر الأشعة الشمسية,والجزيئات من بعضها البعض مما يتيع إمكانية أكبر لتصادم الأشعة الشمسين
"البلاد ، كما يحدد "" بؤر المستقبل "" التي تحمل العديد من الإشكاليات الكبرى  .","البلاد، يا يجدد ""بؤر المستقبل البي حمل العديد م الإرصاليات العبرى ."
عن سطح البحر ، اعنطقة معتدلة تميل للبرودهـ شتاء حيث المتوسط اليومي,عن سطح البجر، المنطقه معددلة تميل للبرورهـ شتاء حيث المتوسط اليوي
لا فضت أفواهم ! لم نسمع مثل هذا الكلام .,لافضت أنواهم ! لم نسمع مثل هذا الكلام.
هذا وقد اعتبر ) فرجي ، 1985 ) أن النظام الأمثل للزراعة هو الذي يشغل أقل,ههذا وقد اعتبر) فرجي، 1995) أن النظام الأعثل للزراعة ههو الذي يشحل أمل
تسمح الأوساط الغازية للأشعة الشمسية المرور خلالها أكثر من السوائل,تسمع الأوساط الغازية للأشعة الشمسية المرور خلالها أكثر من السوائل
ومن تلك الدول التي غدت مثاراً للإعجاب و # حقلاً للدراسات والتحليل دولة اليابان,ومن تلك الدول التي غدت متاراً للإعجاب و# حقلاً للدرانات والتحليل دولة اليابان
والبصرة بالغرق. سيؤدي هذا الأمر مستقبلاً الى نزوح الملايين من البش من مناطق سكنهم,والبصرة بالقرق . بيؤدي هوا الأسر مستتقبلاً آلى تزوح العلابين من البشر من مناطق سكنهم
"الاطلسي"" عام  1968 حول البرمجيات وقد أخد هذا المصطلح بالانتشار منذ","الاطلسي"" عام 195 حول البرمحيات وقد أخ هذا المصطلح بالانتشار منذ"
أما فيما يخص النويع الشمال إفريقي فانه ومن واقع مشاهداتي,أما فيما يخص النويع الشمال إفريقي فانه ومن واقع مشاهراتي
أنهاراً في يوم من الأيام. واستدلوا على ذلك بوجود ترسبات في هذه الأودية،,أنهاراًفي يوم من الأيام. واستدلوا على ذلك بوجود ترسبات في هذه الطودية،
تؤدي الكوارث البيئية وبشكل خاص الفيضانات والأعاصير إلى انتشار الأمراض,تؤدي الكوارث البيئية وبشكل خاص الفيضانات والأعاصير إلى انتشار الأمراص
خيبر حيث يصب في البحر الأحمر,خيبر حين يعب في البحر الحمو
العلم النافع ليس فقط العلم الشرعي ولكن يضاف اليه علوم الحياة المختلفة التى تيسر للأفراد,العلم النافع ليس فقط العلم الشرعي ولكن يضاف إليه علوم الحياة المختلفة التي ييسر للأفراء
يبلغ طول خط الساحل البحري لحي هانقوا 28 كيلومترا، وتبلغ مساحة الشاطئ,يجلغ طول خط الساحل البحري لحي ها نقوا #ف كيلو منرا، وتبلغ مساحة الشاطي
الثاني ،ودورة في الارشاد السياحي ، مدة الدراسة لكل منها ستون ساعة ىدريس,الثاني، ودورة في الارشاد السياحي ، مدة الدراسة لكل منها ستون ساعة بدريير
وكان إذا كان جديد القميص ## ومغسولة ثم أتوه بكل بخور في الأرض لم يتبخر مخافة أن,وكان إذا كان جديد القميص و#صسا ومغسولة تم أثوه بكل بخور في الأرض لم يتبخر مخاطة أن
منذ عام 2008، يبلغ عدد الأيام ذات جودة الهواء والبيئة في هانقو أكثر,متدعام 2.0، يبلغ عدد الأيام ذات جودة الهواء والبيئية في هانقو أكثر
"وبدأ الكتاب الجدد الذين وجدوا قراء في السوق العالمية طلب ,قدمات كبيرة . وبنهاية التسعينات ،",وبدأً الكتاب الجرد الذين وجدوا قراء في السوق العالمية طلب قدمات كبيرة . وبنهاية التسعينات ،
وبتحويل ملايين الكيلومترات المربعة من الغابات الاستوائية في,وبتحويل ملايين الكيلومترات المربعة من الغابات الاستوائية في
"وتضعف بنسبة نقصان علم المرؤوس وزيادته "". وهذا الوصف والتعريف",وتصعف بنسبة نقصان علم المرؤون وزيادته. وهذا الوصف والتعريف
القيمة التي مع نظامى لم في اليجن ووجود معبد في الحسينة  .,الجية في كتر مع تطاعى لم ي اليجى ودجود معد في المينة
تسلبها أبرز الصفات التي تميزها عن غيرها من الأمم ، و هذا في حقيقة الأمر,تسلبها أبرز الصفات التي تميزها عن غيرها من الغمم، وهذا في حقيقة الأمر
ظل الشعب المغربي وما يزال متشبثاً بجذوره ، منفتحاً ، بصفة عامة ، على محيطه,ظل الشعب المغربي وما يزال متشبثاً بجزوره، منفتحاً، بصفة عامة، على محيطه
إنما المسألة على من أكل مع الجماعة لأن ذلك هو التكلف. وأكلي وحدي هو الأصل,إنما المسأئة على من أكل مع الجماعة لأن ذلك كهو التكلف . وأكلي وحدي كهو الأصل
ظل فقر القيم الانسانيه ، و الروحيه المعنويه ... ولا بد للمجتمع المتحضر,"ظل فقر القيم الانسائيه ، والروحيه المعنويه "".، ولا بد للمجتمع المتحضر"
الدراسة المرجعية . بها أن كثافة الاشجار في وحدة المساحة تشكل احدى العناصر الاساسية في نحديد,الدراسة المرجعلة .ها أن كتراقه الاشجار في وحدة المساحة تشكل احدى العداصر الاساسية في زدريد
هانقو التي بلورها الملح والبحر . وتعتبر تيانجين مهد ثقافة الملح الصينية,عانقو التي بلورها الملح والبجر # ورعتبر تيانجين مهد تقافة ملح الصينية
بين الخطين في القرن العشرين ،,بين الخطين في القرن العشرين ،
وكان على كل حال يفر من الميساني إلا أن يضطر إلية ويقول: هو ناعم ضعيف ونار المعدة شيطان فإنما,وكان على كل حال يقر من الميساني إلا أن يضطر إلية ويقول : هو ناعم ضعيف ونار المعدة تشيطان فإنما
الإعلام العصرية ، والتفتح على الأمكار والنماذج المتداولة  في,الإعلام العصرية، والتضصح على الأمكار والنماذج المتداولة في
الجود  بقلب ثابت ، ولكنه  لم يعن أقل عناية بتعلم القراءة ، ولم يحتفظ الأشراف بتقاليدهم,الجود بقلي ثايت، ولكته لم يعن أقل عناية بتعلم القراءة ؛ ولم يحتفظ الأشراف بتقاليدهم
يمنحوا هذه الشهادة بل حرموا منها، ونص على إخراجهم من العرب,يمنحوا هذه الشهادة بل حرموا منها، ونصى على إمراجهم من العرب
مدنهم وقراهم .,"مدننهم وقر""ه"
الاحتباس الحراري ولها القدرة على امتصاص ما نسبته 25% من,الاحتباس الحراري ولها العدرة على امتصاص مانسبته 25 %% من
معابدهم بصورها واستعمل سعفها الأخضر في استقبال الأعياد,معابدهم بصوىها وإستعمل سعفها الأخضر فيي إستقيال الأعياد
فإن هذا الخط الوهمي المتصور، هو وهم وخطأ، فقد سكن العرب في,فإن هذا الخط الوهي المتصور، هووهم وخطأ، فقد سكن العرب في
تؤدي الدقائق العلبة العالفة بالهواء دوراً ثانوياً في ظاهرة الإختباس,تتؤدي الدقائف المببة العالفة بالدصواءد وراثانويا في ظاهرة المحتباس
بمواسم تتساقط فيها الأمطار مثل العربية الجنوبية، وفي الأماكن التي ظهرت فيها عون وينابيع,بمواسم تتساقط فيها الأمطار مثل العربية الجنوبية ، وفي الأماكن التي ظهرت فيها عون وينابيع
ينتج غاز ثنائي اوكسيد الكربون ..,ينتج غازتائي اوكسيد الكريون..
قائض ولم أزل أتعوق عقول الناس بطعامهم ولباسهم في مثل هذا اليوم . ورأيت تياب,قأئض ولم أزل أتقوق عقول الناس بطعامهم ولباسهم في مثل هذا اليوم . ورأيت ثياب
"عن ""حمّاد الراوية"" أنه ذكر أن النعمان ملك الحيرة أمر فنسخت له أشعار العرب","عن حقاد الراوية""أنه ذكران لنعمان ملك الحيرة أمر فنسخت له أشعار العرب"
المائية ). يؤدي إرتفاع درجة حرارة المسطحات المائية الى زيادة,المائية ). يؤدي ارتفاع درجة حرارة المسطحات المائية الى زيادة
يحصد بأجر .,يحصد بأحر.
وتستمر يومين أو ثلاثة أيم وتنتهي في بعض الأحيان برعد وبرق  وعند حدوث هذه,وتستعر يومين أوثلاثة اليم وتنتهي في بعص الأحيان برعد وبرق. وعند هدوث هذه
ممتزجه السماء ،كلما كانت قريبة من ساحل مقابل ،كان مظهر الاختلاط والإمتزاج,ممتزجه السماء ، كلما كانت قريبة من سلعل مقابل، كان مقلهر الإنتلاط والإمتزاع
الثانوية ودرجات مختلفة من العلاقات بين العناصر مثل : الروافد والقنوات ، أعالي وأدنى الروافد,الثانوية ودرجات مختلفة من العلاقات بين العناص مثل: الروافد والقنوات ، أعالي وأدنن الرواعد
بخط أيديهم، حتى نرى رسمهم لحروف المسند. فإن الصور المرسومة في,بخط أيديهم، حتى نرى رسمهم لحروف المسند. فإن الصور المرسومة في
وكانت بلادنا مقسمة إداريا في عهد الرسول صلى الله عليه وآله,وكانتت بلادنا مقسمة إداريا في عرهد امرسول حي الله علية وآله
على تحقيق  الريادة والتميز والرقي بالأوطان . وما تحقق عبر هذه الأضلاع,على تحقيق الريادة والتميز والرقي بالأوطان . وما تحقق عبر هذه الأضلاع
ولم يعمل المسلسل الطويل ، الهادف إلى طي ملف الوحدة الترابية إلا على,ولم يعمل المسلسل الطويل، الهادف إلى طي ملف الوصدة الترابية إلا على
"إن التمسك بالمورث الشعبي ظاهرة صحية، وقد قبل : ""من لا تراث له ..","إن التمسك بالمورث الشعي ظاهرة صحية، وقد قبل :"" من لاتراث له.."
إن أعلى تركيز لغاز ثنائي أوكسيد ألكربون فوق أوربا قد سجل من قبل,إن أعلى تركيز لغاز ثنائي أولكسيد ألكربون فوق أوربا قد سجل من قبل
الذاتي . وتختص الدولة بسلطات ذات طبيعة تنظيمية ، وتهتم بالعناصر,الذاتي . وتختص الدولة سلطات ذات طبيعة تنظيمية، وتهتم بالعناصر
والولي والمستور والمتجمل . وليس يفي حسن الفائدة لكم بقبح الجناية,والولي والمستولر والمتجمل. وليس يفي حستا القائدة لكم يقبع الجنامية
منذ آلاف السنين ، عمارة صممت بروعة مادة التراب من وحي الطبيعة,منذ الافي السنين، عمارة حسمت بيروعت مادة النراب من وحي الطديوة
تتباين في طولها الوجي وتنتقل هذه الاشعه دون الحاجه,تتباين في طوتها الوجيي وتنتل هذة الاشعا دون الحاجه
موقع لاخر ومن وقت لاخر في المكان الواحد.,موقع لاحر ومن وؤت لانر قي المكان الواحد.
حيث يتكثف ريتساقط على شكل اسطار او ثلوج. تبدأ,حين يدكثف ويتساقط على شكل اطار او ثلوج. تبدأ
الطبيعة التخلص من الفائض من هذه الغازات سبب خللاً في التوازن البيئي,الطبيعة التخلص من الفائض من هذه الغازات سبب خللات في التوازت البيئي
الطبقات الرسوىية في الدرجة الأولى من الحجارة الكلسية وتتكون أرض,الطبقات الرسوية في الدرجة الأولى من الححارة الكلية وتتكون أرض
تقدمهم فلم يكن لديهم ما يقولونه عن ماضيهم غير هذا الذي وعوه,ق مهم فلتم يكن لديهم ما رعولوبه عن ماخيهم تغير هذا الذي وعوه
أوصافها و خصائصها و الجنس الذي تعود لليه  ، كما قام بعضهم بدراسة أجسام الأحياء,أرصافها وخصائصها والجسي الذي تعود لليه، كما قام بعضهم بدراسة أجساه الأصاد
وتسبب في نفوق الالاف من الحيوانات والمواشي . واخيراً الفيضانات التي,وتسبب في نفوق الالاف من الحيوانات والمواشي . واخيراً الفيضانات التي
وقوعهم في الخطأ. ومن هنا فإن من غير الممكن إصدار رأي في مقدار إتقان,وقوعهم في الخطأ . ومن هنا فإن من غير الممكن إحدار رأي في مقدار إنقان
"من أخبار المحطات التليفزيون التجارية . لقد كان اليوم الذي أصبحت فيه أحد الروايات لـ ""روائي أدبي ""","من أخبار المحطات التليفزيون التجارية . لقد كان اليوم الذي أصبحت فيه أحد الروايات ( ""روائي أدبي"""
ومسجلاَ في سجلات الأنساب في تلك الأيام.,ومسجلاً في سحلات الأنساب في تلك الأيام .
وأيبسه. فلما دق جسمه واشتىـ هزاله سمي بالمهزول.,وأيبسه . فلما دق جسمه واشتد هزاله سمي بالمهزول.
ويرى بعض العلماء أن جزءا هاما من الزيادة التي شهدتها درجات حرارة,ويرى بعض العلماء أن جزءاهاما من الزيادة التي شهدتها درجات حرارة
الجبلية في أوربا واسيا سكان المناطق المنخفظة مثل دلتا النيل,الجبلية في أوربا واسياسكان المناطق المنخقضة مثل دلتا النيل
"تقول ما لي: ""من بين المائة والخمس والعشرين دولة التي زرتها","تقول مالي:""من بين المائة والخمس والعشريت دولة إلتي زرتها"
وعملية الانتقال من مرحله وضع # برامج,وعيلة الاشقال من مرحله وضع # بوابج.
الحقل ، إلا أنه بقي إستعمال التراب كمادة عمارة خاصة في فترة الخمسينا,الحقل ، إلا أنه بقي إستعمال التراب كمادة عمارة خاصة في فقرة الخمسين.
"ترتفع زهاء ""1500"" قدم عن مستوى سطح الوادي الموصل إلى",ترتفع زمهاء 155 قدم عن مستوى سطح الوادي الموجل إلى
المقذوف الغازي على خليط من الغازات يبلغ نسبة غازثنائي أوكسيد الكربون,المقذدف الغازي على خيلر من الغازات يلغ نسبة عازثنائي وكسيد الكربون
فجعلته كثيبا صارما بغلب عليه الوجد، موسيقاه ذات نغمة,فجعلته كثبيا مارما يغلب عليه الوجد، موسقاه دات نعمة
أقل من عنايته برواية ما جرى مثل بن النعمان بن المنذر وبين كسرى,أقل من عنايته برواية ما جرى مثل بن النعمان بن المنذر وبين كسرى
بعد مواسم من الجفاف و القحط إجتاحت المنطقة الحدودية الواقعة,يعد مواسم من الجفاق والتحط إجتامت المنطقة الكدورية الواقعة
متوسط درجة حرارة كوكب الارص ارتفعت فى المئة سنة الاخيرة 0.6 درجه مئوية,توسط درجة حرارة كوكب الارض ارتفعت في المئة سنة الاجيزة 1.0 درجه مئؤية
الشعبي، وذلك لكي يحقق الأدب إنسانيته ، ويصور تطور الوجوان,الشعبي، وذلك لكي يحقق الأدب إنساينته ، وحصور تطور الوجوان
أن العقيدة كلما اقتربت من فكرة التدحيد والايمان بالحياة الأخرى.,أن العقيدة كلما اقربت من قكرة التوجيد والايحان بالحياة الأخرى.
في الصف وبين الصفوف اي مع نظاح الزراعة المتبع . إن # متوسط ارتفاع الشجرة .,في الصف وببين الصفوف اي مع نظام الزراعة المتبع. إن ##سط ارتفع الشجرة.
ويعتبر من حين الى حين إذا  قامت الحرب . وكثيراً  ماكان يقيم الولائم .,وييعير من حين الى حين إذا قامت الحرب. وكثيراً ماككان يقيم الولائ
رموزاً لها من الحجر والخشب – لم تؤد # بها ايى الرقي بتلك الجمتمعات على حين,رحوزاً لها من الججر والخشب - لم تؤد #بها إلي الرقي بتلك الجمتمعات على حين
فالطبيعة إذن من حر وبرد ومن اختلاف في الضغوط الجوية ومن,فالطبيعة إذن من حر وبرد ومن اختلاف تى الضغوة الحوية ومن
عن الظروف المذكورة في بلادة ، تغير وتبدل واضطر مختارا أو,عن الظرويف المفكه في بلاد يغير وتدل أطرم.تاراأو
الدخان كانت تخرج في عهد الخليفة عثمان من بعض الجبال القريبة من المدينة .,الدخان كانت تخرج في عهد الخليفة عثمان من بعض الجبال القريبة من المدينة.
إنها  مرحلة التساؤلات العميقة القادرة على بلورة المشاريع,إنها مركلة التساؤلات العميقة القادرة على بلورة المشاريع
في أمور الكنيسة ومشكلاتها،,في أمور الكنيسة ومشكلاتها،
ربما يكون مرده إلى تغيرات حدثت في أنشطة الشمس، وليس فقط فيما يسمى,ربما يكون مرده إلى تغيرات حدثت في أنشطة الشمس، وليس فقط فيما يسعى
اسنان بيضاء نجاحا دعمته سوقا عالمية جديدة . وكان الأنى شبه فوري. فقد أصبح الناشرون,اسنان بنصاء نجاحا دعمته سوقاً عالمية جديدة . وكان الأثى شبه فوري. فقد أصبح الناشرون
زيد الهلالي أو ذياب بن غانم أو حسن بن سرحان وغيرهم ،,خيد الهلالي أو ذياب بن غالم أو حسن بن سر حان وشيرهم ما
حيث اصطف على الرصيف خارج مكتبه هاتشاردز .,حيث اصطف على الدصيف خارج مكتبة ها تشاردز.
في حفر العروق التي تكون الذهب وأمثال ذلك مما يدل على إن هذا,في حفر العروق التي تكون الذهب وأمتشال ذلك ما يدل علىا إن هذا
# ، وألف الخلايا البدائيه قديما وألِف بعدها الخلايا الحديثة ، وكنتيجة لانتشاره طبيعيا ونقله,#، وألت الخلايا البدائيه قديما وألف بعدها الخلايا الحديثة، وكنتيجة لانتشأره طبيعيا ونقله
مواقع عديدة ذات أهمية حضارية - تاريخية مثل مسادة,مواقع عديدة ذات أهمية حضارية -تاريخية مثل مسإدة
المشتركة لتحلية المياه وانتاج التيار الكهرباني.,المشتقركة لتحلية المياه واتاج اليتار الكهرياني.
هنا ، اضطلعت السوق العالمية بدورها . وأدى انتشار الأقاويل على المستوى العالمي,هنا، اضطلعت السوق العالميه بدورها . وأدى انتشار الأقاويل على المستوى العالمى
من الماء الغدب و الصاع للاستهلاك البشري والزراعي,"من الحاء الغدب والصاع للامتهلاك التبري ولزد""عي"
مما انفرس في جوهر حياتهم و لوّن بأصباغه ثقافتهم العامه ووقاهم كثيراً,ما انفرس في جوهر حياتهم ولؤّن بأصباغه ثقافتهم العامه ووقاهم كثيراً
في الضياع الجديدة  يبتكرون ويغامرون كما يشــاءون  ولم يفرض عليهم تقسيــــم,في الصنياع لجديدة يبتكرون ويعامرون كما يشاءون ولم يغرض عليهم تفسيم
المستثمرين  أو المشترين  البعيدين عنه ، ولم يكن  يعرف مايطرأ على، السوق,المستشمر ين أو المشترين البعيدين عنه ؛ ولم يكن يعرف ما يطرأ على، السوق
الذي ضرب الصحراء الأفريقية الكبرى وحولها من مناطق زراعية إلى صحاري,الذي ضرب الصحراء الأفريقية الكبري وحولها من مناطق زراعية إلى صحاري
يديره رجال مجهولون يرتدون البذل ، لم يلتفت إلي آرائهم كثيرا . كانت التجارة تجارة  .,يديره رجال مجهولون يرتدون البذل ، لم يلتفت إلى آرائهم كثيرا . كانت التجارة تجارة.
يشهد  النظام التعليمي الإسباني في الوقت الحالي عملية إصلاح شاملة,يشهد النظام التعليمي الإسباني في الوقى الحالي عمليه إملاح شاملة
من العالم هي مناطق مناعيه عظمى وتستهلك نسبه عاليه من حجم أستهلاك العالم للطاقه,من العالم هي مناطق مناعيه عظمي وتستهلك نسبه عاليه من ججم أستهلار# العالم للطاق
الأطروحة العلمية هي بحث علمي يقوم به الطالب للحصول على درجة علمية ويجب أن,الأطروحة العلمية هي بعث علمي يقوم به الطالب للحصول على درجة علمية ويجب أن
تشريب المرق دون إراغة اللحم. و المحول : هو الذي إن رأى كثرة,تشريب المرق دون إراغة اللحم . والمحول: هو الذي إن ارأ هنر
متكئاً على عصاه ، وجالساً  ليستريح ، ونائماً  ذلك  إله يسع كل فلاح ساذج,منكاً على عصاه ، وجالساً ليستريع ، ونائماً ذلك إله يسع كل فلاح ساذج
على مستوى العالم في تزايد مستمر  ، وإن تنوعها محدود أ  لاىتعدى نوعا او اكثر قليلاً ، فقد تم اختيار هدة النباتات,على مسوى العالم في يزايد مستر، وؤن كان تنوعها عدودألاتعدي توعه اواكثر قليلاً فقد نعر اختار هدة البناتات
"ما يقصد  من  كلمي ""عُربي"" و ""أعربي""  في  لهجة  أهل العراق لهذا  العهد . وهي تقابل","ما يقصد من كلمي ""غربي"" و""أعربي"" في لهجة أهل العراق لهذا العهد . وهي نقايل"
مساءً . وكان  هذا العمل الرتيب يتغير فى  بعض الأيام إذا ذهب,مساء . وكان هذا العمل الرييب يتغير في لعضى الأسام إذا ذهب
وقوداً نوويا أكثر مما يستهلك.وبذلك يفوق احتياطي الوقود النووي,وقوداً نوويا أكثر مما يستهلك. وبذلك يفوقد احتياطي الوقود النووي
العربية الحجرية،.  على شبه جزية سيناء على المملكة النبطية،,العربية الججريةة،. على شبه جزية يناء على المملكة النبطية ،
الحيوان ، الجيولوجيا، الأجنة وغيرها من المجالات التي لا يمكن حصرها في هذه العجالة .,الحيوان ، الجيولوحيا، الأجنة وغيرها من المجالات التي لا يمكن حصرها في هذه المحالة.
تولي الدولة عناية فائقة لمسألة تأهيل العاملين في الحق التعليمي، وذلك لتوفر كوادر علمية قادرة على الاهتمام,تولي الدولة عنلية فائقة لمسألة تأهيل العاملين في الحق التعليمي، وذلك لتوفر كوادر علمية قادرة على الاهتمام
بالقيم الأسرية ، عن اقتناع أو لضروره سوسيو -اقتصادية.,بالقيم الأسرية ، عن اقتاع أو لضروره سوسو- اقتصاديةة.
"درجة الحرارة في هذا ألشهر 11,9 درجة مئوية بزيادة مقدارها 0,4 درجة #",درجة الحرارة في هذا ألشهر 1 درجة مئوية بزيادة مقدارها عر درجة #
"لفظ ""أخبار"" بمعنى ""تاريخ""،","لفظ ""أخبلاً يمعنى ""تاريخ،"
الاقل ، بل حصل معظمهم على شهادة اتمام هذه المرحلة ، وأتم 34 % من السكان,الاقل، بل حصل معظمهم على تهادة اتمام هذه المرحله ، وأثتم 19% من السكان
المعماررتي البكبجكي ميشيل لويكس .,المعماررتي البكبجكي ميشعل لويكسد).
متنوعة في مجال  ا لتدريب المهني المتوسط . ثالثاً : مرحلة البكالوريا تعتبر البكالوريا,متنوعة في مجال التدريب المهني المتوسط . ثالثاً : مرحلة البكالور يا تعقبر البكالوريا
شهادة العروبة، بحسب طريقتهم في تقسيمهم إلى طبقات، وفي,شهادة العروبه، بحسب طريقتهم في تقسيمهم إلى طبقات، وفي
تماما عن تلك المذاهب الفنية التي نشأت عن تطور المفاهيم العلمانية,تماما عن تلك المداهب الفنية التي تشأت عن تطور المفاهيم العلمانية
ويأتي ذلك عن طريق العمل على تغيير النظرة الإجتماعية تجاه المرأة، واعتماد قوة,ويأتي ذلك عن طريق العمل على تغيسير النظرة الإجتماعية تجاه المرأة، واعتماد قوة
"الهمداني وبقية العلماء لرسم حروف الخط المسند. وقد أشار ""الدكتور كرنكو""","الممداني وبقية العلماء لرسم حروف الخط المسند. ويقذ أششار ""الدكتور كر يكو"""
موضع الضيم والنقمه فإن كانت لائمه او عجز فعليك وإن عذر قلي ووىك,موضع الضيم والنقمه فإن كانت لائمه اوعجن فعليك وإن عذر فلي وويك
"فقد دكر ""هيرودوتس"" نهرأَ سماه ""كورس"" زعم أنه نهر كبير عطيم يصيب","ققد دكر""هيرود وتس""""تهر أًسماه ""كورس"" زعم أنه نهر كبير عطيم ريصيب"
"وذكر ""بطلميوس"" نهراً عظيماً سماه ""لار"" ، زعم انه ينبع من منطقة ""نجران""،","وذكر""بطلميوسن"" نهراً عظيهاً سماه ""لار""، زعم انه ينبع من هنطقة""نجران""،"
صرحوا له .,مرحواله.
والوكلاء الأدبيون . ويعتبر كيندل ، المنافس المباشر لسوني ريدر ، جهاز,والوكلاء الأدبيون . ويعتبر كيندل، المنافس المباشر لسوني ريدر ، جهاز
وان هذا الارتفاع فى درجة الحرارة سوف يزداد بالمستقبل بسبب الإنفجار,وان هذا الارتفاع في درجة الحرارة سوف يزداد بالمستقبل يسبب الإنفجار
وفضلات الكائنات الحيه .,وقضلات الكائنات الحيه.
يستطيع بما وهبه الله من استعداد عاقر أن يتعلم نسبة من العلوم، والفنون,يستطيع ببا وهبه البه من استعداد عام أن يتعلم حبة من العلوم، والفون
اليوم. انقرض هذ ا  العالم تقريبا .  احتفت الكثير من # اسماء الاحلام,اليوم. انقرض هذا العالم تقريبا . اقتف الكي من # اسماء الإحلام
قاحله ، أثبتت الدراسات ان هذه المنطقة كانت من المناطق الزراعية,قاحله ، أثبتت الدراسات ان هذه المنطقة كانت من المناطق الزراعية
لا حول لها ولا قوة، لا مزوعات واسعة ولا أشجار ياسقة ، تطلع,لا حول لما ولاقوة، لامزوعات واسعة ولاأشجار باديقة، تطلج
يواجه سكان نسبه القارة الهندية مشاكل جمة جراء تعرضهم للمشاكل,يوابه سعان شبه القارة العندية مشاكل جمة جراء تعرفهم يمشأئل
اللذي مرت به الارض و اللذي استمر الي ما قبل الاف سنة . تعرض كوكب الارض,الغلايل مالقهيه الجليضي واللذير لكير لي ماشيي الإير منةهي يعرض كوتب الارض
في   زوربا  الاقطاعية .,في أوربا الاقطاعية.
يجفف ويدق ليكون طعاماً عند الحاجة إليه، كما يكون ضعاما لحيواناتهم كذلك . ولا يزال سكان,يحفف ويدق يعكون طعاماً عند الحاجة إليه ، كما يكون ضعاما ليحيواناتهم كذلك. ولا يزال سكان
وطاقتما الحركية مما يؤدي الى ازدياد تصادمات جزيتاتما مع بعضما البعض ومع,وطاقتها الحركية مما يؤدي إلى ازدساد تصادمات جزيتاتما مع بعضها البعص ومغ
حوالي 71% من مساحة سطح الكرة الأرضية وتتفاعل بشكل مباشر,حوالي ا% من مساحة سطج الكرة الارضية وتتفاعل بشكل جباشر
"برغم أنها مدينة للبنك تقول: ""أفعل ما أشاء لأسعد نفسى تعكف السيدة ما لي حاليا على تأليف كتاب بعنوان","بوغم أها مديئة للبنك تقولي ""أفعل ما أشاء لأسعد نفسى تعكف الميدة مالمي حاليا على نأليف كنب بعنوان"
"ترديع المشاهد ""","ترويع المشاهد """
كبير  بوضع سياسه مكافحه  التصحر، وبرامج  التخفيف من حدة,بير لوضع سياسه مكافجه التصحر، وبرامج التخضيف من حوه
الواحد  قد تىاخلت فيما بينها على التوالي مقدار 55 سم و 55 ىىم .,الواحد قد تداخلت فما بينها على التولي مصدار 10 نم وكن سم.
الشمس،,الشم،
بكالوريوس الهندسة التي مدتها أربع سنوات ما عدا الهندسة # المعمارية التي,بكالوريوس الهندسة التي هدتها أربع ستوات ماعداالهندسة # المعمادرة التي
من أسوء الكوارث التي مرت بالمانيا تلك التي حصلت في الرابع عشر من آب عام 2002,من أسوو الكوارث التي مرت بالمانيا تلك التي حصلت في الرابع عشر من آب عام 2000
فيما وراء السفوح المرقية للسرة والسقوح الشمامية للسلاسل الجىلية,فيما وراء السقوح المرقية لليرة والبقوح التمامتة للعلاسل الحيلة
والسمك هو من أهم مواد . العيش لسكان سواحل الجزيرة، يعيشون عليه ويبيعونه لحماً جافاً و,والسمك هو من أهم مواد العين لسكان سواحل الجزيرة، يعيشون عليه ويبيعونهلحماً جافاً و
وعلى الرغم من وجود بعض أشكال الاحسان العمومي والمساعدات التي تقدمها  الدوله،,وعلى الرغيم من وجود بعض أشكال الاحسان العمومي والمساعدات التي تقد مها الدوله ،
وكانت هذه الهزات والتصدعات استجابة لتصدع واهتزازات حدثت في الشمال على مقربة,وكانت هذه الهزات والتصدعات استجابة لتصدع وامتزازات حدئث في الثمال على مقربة
المزرعية ودرجات المهارة في طرق الانتاج بدون حرث ، حيث بلغ معامل الارتباط البسيط,المزرعية ودرجات المهارة في ظرق الإنتاج بدون حرث، حيت بلغ معامل الارتباط البيط
حفرت في طبقات أرضية مؤلفة من حجارة الكلس، تتخللها,صفرت فى طربقات أرضية مؤلفة منف كجارة الكلس، تتخللها
مساحة تغذية من التربة وأقل حجم للأشجار وأكبر سطح مثمر مع تأمين,مساحة تغذية من التربة وأقل حجم للأشجار وأكبر سطع مثمر مح تأمين
(2008) في ملخص تقريرهما عن نتائج اعمال المنتدى العربي,(1000) في ملخص تقريرهما عن نتائج العمال المتدى العربي
التغيير المختلفة بحسب الكفاءة والمهارة والتمكن والقدرة وليس من مصدر,التغير المغتلفة بحسب الكفاءة والدهارة والتمكن والقدرة وليس من مصحر
في استخدامها قد يترك آثارا بيئية سلبية مثل  استغلال الأراضي الجيدة والتي تكون عاد ة قريبة,في استخداها قد يرك آثارا بيئئية سلبية مثل استغلال الأراجي الجيدة والتي تكون عادة قري،
تاريخ جنوب بلاد العرب، قليلة  وكذلك الكتابات التي ترجع إلى العصور الحميرية المتأخرة،أي,تاريخ جنوب بلاء العرب، قلية وكذلك الكتابات التي ترجع إلى العصور الحميرية المتأخرة، أي
التصحيحية ، تتعرض الأراضى فى أفريقيا التى تتفاوت حدة تدهورها إلى أخطار تفوق,التصحيمية، تتصرص الأراضي في أفريقيا التي تتفاوت حدة تدهورها إلى أخطار تفوق
ومن الواضح ايضاً ان شدة الإشعاعات الشمسية الواصلة إلى الأرض تختلف بإختلاف,ارقفاه الشعمس
والعتبات وهنا تظهر المراوح الفيضية والهول الفيضية بدور عدد الاتصال.,والعتبت وهنا تظهر المراوج الغيفية والسهول الفيضية بدور عدد الاتصال.
قد وفق المؤرخون العرب في كتابة تأريخ الاسلام توفيقا كبيرا، من حيث,قدوفق المؤرخون العرب في كتابة تأري الاسلم توفزما كبيرا، من حيث
النويعات نفسها يجعل من الصعب رسم خط فاصل لتحديد النويع.,النويعات نفسها يجعل من الصعب رسم خط فاصل لتحد يد النويع
النظام القديم،,النظار القديم.
الشديدة أدت إلى وفاة أكثر من ألف شخص و تسببت في هجرة و رحيل,اشديدة أدت إلى وفاة أكثر من ألت شخص وتسبيت في هجرة ورهيل
و نحن نعلم ما ثار  حول دراسة الأدب الشعبي من جدل ، و قد نؤيد,وخن تعلم ماتاًر حول دراسة الأرب الشعبي من جدل، وقد نؤيد
ما الذين بقوا في ضياع سادة الإقطاع فقد أخذوا يعارضون في أداء الضرائب,ما الذييد يقوافي ضياع سارة الإقطاع فقد أخذوا يعارضون في أواء الضرائب
والتقدم يلي ذلك مرحلة  الصعود والسيطرة  وأخيراً مرحلة  التراجع والاندثار,والتقدم يلي ذلك ورحة الصعود والسيطة وأخيراً مرحلة التراجع والانرتار
الركب  .,الركب.
حظي بدعم قوي من قبل أعلى سلطة  في  الدولة وتم تكريسه في ميثاق وطني . ومنذ ذلك,حظي بدعم قوي من قبل أعلى سلطة في الدولة وتم تكريسه في ميثاق وطنيي . ومنذ ذلك
مثل تحسين الصحه وتطويد المعرفه والمهارات ؛ 2. استخدام ابشريه لهذه القدرات في,مثل تحسين الصحه وتطوير المعدفه والمهارات ؛ 2. أستخدم البشربه لهذه القدات في
"""ساحل"" . ويطلق اليوم أسم ""الشحر"" على الميناء الغربي وحده.  وفي","أساجل"". ويطلق اليوم اسم ""الشعر"" على الميناء الغربي وحده . وفي"
فيما يتعلق بالإصلاحات الدستورية ونماذج التنمية المتبناه ، وكثمرة ، كذلك ، للتوافق الواسع الذي حصل حول المؤسسات,فيما يتعلق بالإصلاحات الدستورية ونمانع التنمية المتبناء، وكثمرة، كذلك، للتوافق الواسع الذي حصل حول المؤصسات
لم تكن لهم صلات بالعالم الخارجي ولم يكن للعالم الخارجي اتصال بهم,م تكن لهم صلات بالعالم الخارجي ولم يكن للعالم الغارجي اتمصال بم
مما يسمح بامتصاص أكبر للأشعة يضاف إلى ذلك أن هذه المناطق تكون داكنة اللون,مما يسمح بامتصاص أكبر للأشعة يضاف إلى ذلك أن هذه المناطق تكون داكنة اللون
في اللهجات العربية الجنوبية المختلفة تحتاج إلى دراسة لمعرفة ترتيبها بالنسبة,في اللهجات العربيه الجنوبية المختلفة تحتاج إلى دراسة لمعرفة ترنيبها باليسياة
غير أن وسائل النقل أقل العوامل تقدماً، فقد كانت معظم الطرق الرئيسيه,غمير أن وسائل النقل أقل العوامل تقدماً، فقد كانت معظم الطرق الرئيسيه
مذاكرة الرجال تلقح الألباب.,مذاكرة الرجال تلقح الألباب.
بين الصومال و كينيا مناطق في أثييوبيا موجة من الأمطار و الأعاصير,بين الصومال وكينيا مناطق في أثييوبيا موجة من الأمطار والأعاصي
كونستيتوشن عذل معددها الأدبي نهائيا . ودوى عويل الألم عبر أنحاء الولايات الأميركية .,كونستيتوشن عذل مصردها الأدبي نهائيا . ودوى عويل الألم عبر أنهاء الولايات الأميركية .
الأملاح في البحر الميت 34% و في البحر المتوسط 3.5% ),الأملاح في البحر الميت 100% وفي البحر التوسط 1ر5
وقد قضى نفر منهم نحبه في أسفاره هذه .  وقد كانت اكثر أسفار هؤلاء,وقد قضى نفر منهم نجبه في أسفاره هذه. وقد كانت اكثر أسفار هؤلاء
والتهم حماد الرواية بالكذب وبوضع الشعر على ألسنة الشعراء، فقيل فيه: وكان غير موثوق به.,والتهم حماد الراوية بالكذب وبوضع الشعر على ألسنة الشعراء، فقيل فيه: وكان غير موثوق به .
الأشعة المرئية هي من الأشعة القصيرة - المتوسطة، يتراوح طول موجاتها بين,الأشعة المرئية هي من الأشعة القصيرة - المتوسطة، يتراوح طول موجاتها بين
و بدأت دار نشر فيثتيدج سلسلة من أدله القراءة لتشجيع نوادي الكتب,وبدأت دار نشو فيتيدج سلسلة من أدله القراءة لتشعيع نوادي الهتب
"وقد وردت في الشعر الجاهلي إشارات إليها . وكانت إِحدى الحرار، وهي ""حرة النار""","وقد وردت في الشعر الجاهلي إشارات إليها . وكانت إحدى الحرار، وهي ""حرة النار"""
لها بالنفاذ الى الفظاء الخارجي فتحبسما في طبقات الهواء القريبة من سطح,لها بالنفاذ إلى الفظاء الخاجي فتجبسها في طبفات الهواء القريبة من سطح
ولقد فسخ بناء نطام سياسي جديد ، غداة الاستقلال المجال,ولسقد فسخ بناء نطام سباسي جديد، غداة الاستقلال المحال
المغرب : ورش الإصلاح التربوي مع  الميثاق الوطني للتربية والتكوين ؛ دخول  التأمين,المغرب: ورش الإصلاح التربوي مع الميثاق الوطني للتربية والتكوين ؛ وخول التأمين
ن هذا المنطق وهو حماية التراث الانساني الكبير والمعطاء ، شاركت,ن هذا المنطق وهو حماية الأرات الانساني الكبير والمعطاء، شارتعث
الدراسة ، لعرفة مدى تناسب قطرتاجها مع المسافات المستخدمة بين الاشجار .وىالتالي,الدراسة، لمعرفة مدى تناسبب قطرتاجها مع المسانات المستخدمة بين الأشجار. وبالتالي
معروفاً عندك نظرت : فإن كان احتمالك فاضلاً على بغلك دمت على إطعامهم وعلى,معروفاً عندك نظدت : فان كان اهتمالك فاضلاً على بفلك دمت على إطعامهم وعلى
في المحيط الهندي وجنوب شرق آسيا بالثايقون  .,في المحيط الهندي وجنوب شرق آسيا بالت يقون.
الكربون في الغلاف الجوي من 190 جزء بالمليون إلي  270 جزء بالمليون,الكريون في الغلاف الجوي من 190 جزء بالمليون إلي 100 جزء بالمليون
الإشعاع الفضائي، وهذه الكتل تؤدي إلي ظهور الأشكال النووية المكثفة التي تتحول,الإشعاع الففاصي، وهذه الكتل تؤدي إلي ظهور الأشكال النووية المكثقة التي تتحول
كما  أن  ملفات حاسمة حظيت بعناية خاصة، في تجاوب مع أهداف الألفية للتنمية، التي انخرط فيها,كما أن ملفات جاسمة حظيت بعناية خاصة ، في تجاوب مع أهداف الألفية للنمية ، التي انخرط فيها
تراوح بين 2.85 درجه في حده الأدنى و 3.23 درجه في حده الأقصى ويعتبر المستوى المهاري للذراع,ترادح بين 10.% درجه في حده الأرني و155 درجه في حده الأهلى ويعتبر المستوى المهداي للزراع
"ميلا إلى الجنوب الغربي من ""حما""","ميلا إلى الجنوب العزفي مي""هكما"""
تحت مختلف التعميمات .,نحت مختلف التعميمات.
يفلح ولا يزرع، كان يشتريه مقايضة في الغالب من تجار التمور.,يقلح ولا يزرع ، كان يشتريه مقايضة في الغالب من تجاع التعور.
للأجهزة الكهربائية في البيوت ( طبخ ، كوي ، غسل ، تدفئة .. الخ ) هو من العوامل الأساسية,للأجهزة الكهربائية في البيوت دطبج، كوي ، غسل، تدفئة . الخ) هو من العوامل الأساسية
ومن النصوص المؤرخة، نص تأريخه سنة385 من سني التقويم الحميري  وإذا ذهبنا,ومن النصوص المؤرفة، نض تارقيه سنة 155 من سني التقويم الحميري. وإذاذ هبنا
المناطق الجافة إلى المناطق شبه الجافة، وزحف المناطق,المناطق الجافة إلى المناطق شبه الجافة، وزحف المناطق
وهتكت عن أستار الأدعياء وقرقت بين الحقيقة والرياء .,وصتكن عن أستار الأدعياء وقرقت بين الحقيقة والرباء .
ديمقراطية وسياسية وديموغرافية   ومجتمعية واقتصادية وثقافية .,(يمق اطبية وسياسية وديمو غرافية ومجتمعية واقتمارية وتقافية.
الناجمة عن نقل الفضلات المشعة ضئيلة جداٌ ، ولعل  أكثر الأشخاص تعرضاٌ,الناجقة عن نقل الفضلات المشعة طئيلة جدا، ولعل أكثر الأشخاص تعرصا
في الجزيرة . وهو الذي صار لهم واسطة لنقل الأموال # بالطرق,في الجزيرة. وهو الذي صار لهم واسطة لنقل الأموال # بالطرق
عن ذي قبل. إن ما وصفته بالفعل هو آلام المخاض لعصر ذهبي,عن ذسي قبل. إذها ولصدفه بالفعل هدا آلام المنخاض لعصر ذهي
ولأن القدر الواحدة أمكن من أن يقدر كل واحد منهم على قدر . فإنما يختارون,ولأن القدر الواحدة أمكن من أن يقدر كل واعد منهم على قدر. فإنما يفتارون
لقد كانت تلى الاضطرابات التي عصفت بعالم الكتابة طاغية جداً لدرجة أنه لم يلتفت إلا القليل,لقد كلانت تلل الإضطرابات التي عصفت بعاط الكتاية طاغية جداً لدرجة أنه م بلتفت إلا لتكبل
تمتد من نهاية طبقة التروبوسفير والى ارتفاع 5 5 كم فوق مستوى سطح # البحر ووهي طبقة,تمتد من نهاية طبقة التعروبوسغير والى ارتفاع 55كم فوق مستوى سطح # البعلر ووهي طبعة
العام السابع عشر من عمد الأشجار ( 1999 ). شملت الدراسة قياس كل من,العام السابع عشد من عمد الأشجار (9999). شملت الدراسة قياس كل من
ومثل التشابه بين حرفي الصاد والسين، فكلاهما على هيئية كأس وضعت وضعاً مقلوباً بحيث صارت القاعدة التي ترتكز,ومثل التشابه بين حريي الصاد والسين، فيلاهما على هيئة كأس وضعت وضعاً معلوباً تحيث صارت القعدة التي تركز
"وتهب مثل هذه الرياح في الشمال الغربي من جزيرة العرب من نهاية شهر ""آذار""",وتهب مثل هذه الرياح في الشعال الغري من جزيرة العرب من نهاية شصر آذار
والقرى والمزارع وبالقوافل والناس، إذ كانت قوية مكنتها من جرف الأبنية,والاقرى والفزارع والقوافل والناس، إذ كانت قوية مكنتها من جرف الأبيئة
الرادون. فكل عمليات التنقيب تنطوى دائماً على مخاطد وأضرار،,الرادون. فكل عمليات التنقيب تنطوى دائماً على مخاطر وأضرار،
لا تقيم مهرجانا أدبيا من نوع ما . من المعروف أن المتعة الخاصة للكتاب كانت في اجتماعك به,لل تعيم مهرجانا أدبيا من نوع ما . من المعروف أن المتعة الخاحية للكتاب كأنت في اجتماعك بم
أو تشريحية أوسلوكية وغيرها وعدم الاقتصار.,أو تشريحية أوسلولكية وغيرها وعدم الاقتصار.
عصر الأيوسين مند 40 ميلون سنة؛ وتوزع النحل من تلك المناطق إلى,عصر الأيويعن منذ 10 مليون سنة؛ وتوزع النحل من تلك المنظاطق إلى
البكالوريوس في الهندسة ، وذلك ليتمكن من تدريس محالات معينة في مرحلة,البكالوريوسن في الهندسة، وذلك ليتمكن من تديبب معالات معينة في مرجلة
لقد عزا بعض الباحثين هذا التقصير إلى الإسلام، فزعم إن رغبة الإسلام كانت,لقد عزا دوض الباحثين هذا التقصير إلى الإسلادم، فزعم إن رغبة ألإسلام كانت
ولكن هذه الجنة الأرضية قصيرة العمر، لا يدوم عمرها إلا أسابيع قليلة، ثم يحل بها الجفاف، وتهب,ولكن هدة الجنة الأرضية تقيرة العمر، لا يدوم عمرها إلى أسابيع قليلة، ثم يحل بما الحفاف، وتهب
ومن السياح الذين اختلطوا بقبائل بلاد العرب ، ولا سيما في بلاد الأنباط، من التجار وأصحاب,"ومن السياح الذين اختلطوا بقبائل بلاد العرب، ولا ميما في يلاد الأنباط، ""التجار و أصحاب"
الطاقة الشمسية : تعتبر الشمس مصدر الطاقة اللازم للحياة على الأرض،,الطاقة الشمسية: تعبر الشمس مصدر الطاقة اللازم للحياة على الأرصا،
من حهه أخرى ( موسى، 1996)  . تتمكن النباتات البرية و البحرية,من حهه أخرى (موس، 1999). تتمكن النباتات البرية والججرية
الروّاد أسفاراً فردية قام بها أفراد من العلماء ومن الضباط والمغامرين .,الرواد أسفاراً فردية قام بها أفراد من العلماء ومن الضباط والمفامرين.
وأنساب آل نصر ومبالغ أعمار من عمل منهم، وتاريخ سنيهم من بيع الحيرة,وأنسان آل نصر ومبالغ اعمار من عمل منهم. وتاريح سيعهم من ييع الحيرة
التحويل الحراري : و يعتمد على مبدأ امتصاص الأجسام,التحويل الحراريي : ويعتمد على ميدأ امتصاص الأجام
وهذا ما انعكس على مجموع أطوال تلك الفروح . أما بخصوص متوسط طول الفرع,وهذا ما انعكس على مجموع أطوال تلك الفروع . أما بخصوص متوسط طول الفرع
إلى حالتها الطبيعية (حالتها الأولى) في ظروف حماية كلبة أو شبه كلية للبيئة خلال,إلى حالثها الطيعية (مالتها الأولى) في ظروف حماية كلية أوشبه كلية للسئة خلال
وصفاً مجملاً لحالة المغرب خلال سنة 2005، مثيراً ، في سياق ذلك ، التساؤلات الكبرى,وصق مجملاً لحالة المغرب خلال منة 200، قيعراً، في سياق ذلك، التشاؤلات الجرى
الأزمنه الجيولوجية، فابتعدت بذلك بلاد العرب عن أفريقية، إلا من ناحية الشمال.,الأزمنه الجيولوجية، فابتعدت بذلك بلاد العرب عن أقريعية، إلامن ناحية الشمال.
الإجتماعية ، حيث أدت إلى تبلور طبقات وسطى . هذه الأشكال الجديدة للتباين,الإجتماعية ، حيث أدت إلى تبلور طبقات وسطى. هذه الأشكال الجديدة للتباين
وقد عثرت الشركة في أثناء بحثها عن الذهب في مهد الذهب على أدوات,وقد عثرت الشركة في أثناء بحثها من الذهب في مهد الذهب على أدوات
"""إسطبل عنتر""، كلتا تعرف به في الزمن","""إسطبر عنتر""علتاتعرف به في الزمن"
"الذي و سم ب ""79"" حيث جاء في السطرين التاسع و العاشر ""وبجندا","الذي ولسم و 197""حيث جاء في السطرين التاسع والعاشر ""ويجندا"
بتثبيت فيتامين الضروري.,بتثبيت فيتامين الضروري.
ثم سلم كافة سلطات الحكم تقريبا,ثم سلم كاقة سلطات الحكم تقريب
الوسط هي الحضارة الخاتمه ويجب أن تظل إلى قيام الساعة .,الوسط هي الحضارة الخاتمه ويجب أن تظل إلى قيام الساعة.
# الجليد المخزونة فيها. أما في الأعوام الأخيرة فان الفقدان قد,(# الجليد الختزونة فيها . أما في الأعدام الأخيذة فإن الفقدان قد
بأسماء مختلفة كأرباب الحرف ، والجمات ، فكان في مدينة البندقية منها ثمان وخمسون ،,بأسماء مختلفة كأرباب الحرف ، والجمات ، فكان في مدينة البدقية منها ثمان وخون،
أو شبابيك الشيش تمنع عنه معظم  المطر والكثير من الضوء ، وكاتت,أو شبابيك الشيش تمتع عنه معظم المطر والكثير فن الهنوء، وكانة
لم يـ كن مدونا مكتوبا، ولهذا جوّز اهل الحديث رواية حديث الرسول,لم يكن مدونا وكتوبا، ولهذا جوّز اهل الحديث رواية حديث الرسول
الأرضية، فتكون من أحسن الأماكن الملائمة لليترول والفحم. وتتألف هذه,الأرضية، قتكون من أحن الأماكن الملائمة لليرول والقحم. وتتألف هذه
"""إيليا الحاوى"" فقال :- أن هذه الألفاظ قد تكون عامية، مشبعة","""إيليا الحاوي"" فقال:- أن هذه الألفاظ قد تكون عامية، مشبعة"
أنّ المنتج هو الذي يعرض منتوجه على المستهلك ، كما يخلق فيه الحاجة و الرغبة,"أن المنتج هو الذي بعرضي ""منتوجه علو المستهلك وكما يخلق فيه الحاجة والرغية"
فالتمر هو مادة ضرورية للأعرابي يعيش عليها ويأتدم بها، و إذ هو لم يكن,فالتمر هو مادة ضرورية للأعرابي يعيش عليها ويأتدم بها، وإذهو لم يكن
النساء المغربيات ، وبفضل ارتفاع مستوى التعليم والتحولات المجتمعيه,النسار المقربيات، وبفضل ارتفاع متوى التعليم والتحولات المجتمعيه
بعضهم عن بعض . وكانت الحجرات تطلى بالجير أو بالوان الزيتيه ، وتزين,بعظهم عن بعض. وكانت الججرات تطلى بالجيرأ وبالألوان الزيتيه، وكزين
في كثير من الاحيان الى اغراق السفن رالسعاحل. عند رصول الاعصار,في كثير من الاحيان الى اغراق السفن السواحل . عند رصول لاعصار
"في ""البحر الأريتوي"" ويقصد به البحر الأحمر، وزعم إن العرب يدكرون إن","حى ""اليحر الأريثري"" ويقصدبه اليحر الأحمروزعيم إن العرب يدكرون إن"
عيشهم الأصلية .,عيشهم الأصلية.
الحياة المحققة في الدول المتقدمة. وبعض مؤشرات صحة الطفل والأم ما تزال,الحياة المحققة في الدول المتقدمة. وبعض مؤشرات صحة الطفل والأم ما تزال
يتركه بطراً إلى موضع آخر،و قد كان قبل ذلك من جوعه يأكل كل ما يقع بصره عليه و يراه .,يتركه بطراً إلى موضع أآخر، وقد كان قبل ذلك من جوعه يأكل كل ما يقع بعره عليه ويراه .
ولا تعني هدة الملاحظات إننا ننكر وجود مدونات عند أهل الحيرة في التاريخ أو في الشعر أو في اي,ولاتعني هدة الملاحظات إنتانتل وجول مدونات عند أهل الحيرة في التاريخ أو في الشعرأ وفي إي
في عملية التركيب الضوئي مما يؤدي إلى زيادة الأنتاج .,في عملية التركيب الصوئي مما يؤدي إلى زيادة الأنتاج.
وشعرهم وغير ذلك، إن غالبية أهل الجاهلية لم تكن لهم كتب مدونة في تأريخهم،,وسعرهم وغير ذلك، إن غالية أهل الجاهلية لم تكن لهم كتب مدونة في تأريخهه،
الجوي (درجة الحرارة والأمطار والضغط الجوي و الرياح ... الخ),الجوي (درجة الحرارة والأمطار والضغط الجوي والرياح... الخ)
و تخلص الغلاف الجوى من تزايد تركبزاته,وتخلص الغلاف الجوى من تزايد تتركبزاته.
"يكن التجار راضين عن الضرائب الاقطاعية , و أخطار النقل داخل الممتلكات",يكن التمار راخين عن راصرايب الاقطاعية ، وأخصار النقل داحل المتتكتان
عبارة عن نوعين : الأول : - وهي طاقة حركة الأمواج عند,عبادة عن نوعين : الأول :- وهي طاقة حركة الأمواج عند
"لعرب الحيرة او الغساسنة أو عرب في. فهو في هذا الباب مثل ""عبيد بن شرية""","لعرب الحيرة اوالفساسئة أوعرب في . قهو في هذا الباب مثل ""عيدد بنشرية"""
إلى حضرموت ومهرة في الجنوب، واليمن في الغرب، وعمان في الشرق . وفيها,إلى حضرموت ومهرة في الجنوب، واليمن في الغرب، وعمان في الشرق . وفيها
الملوك أسرع وأن الحفظ من المال المكتسب والغنى المجتلب وإلى ما يعرض فيه لذهب الدين,الملوك أسرع وأن الحفة إلى المال المكتسب والقني المجتلب وإلى ما يعرض فيه لذهب الدين
المعنيه بتغير المناخ والذي اعدته الوكاله الاوربيه للبيئه والمكتب الاوربي لمنظمه الصحه العلميه,المعنيه بتغير المناغ والذي أعدته الوكاله الاوربيد لليئك والمكبب الاوروي لمنظه و الصحة العلمية
أملاحها معدنية من مياهه، قلة الرواسب  في المنطقة و تقليص بارز بكمية الماء,أملاها معدلية من صياه## قلة الرواسب في المنطقة وتظايم بارز يكبية الماء
"أشخاص, كل جزء سجل قائم بذاته في الأنساب, وهو متفاوت الأزمنة ,",أشخاص. كل جزء سعل قائم بذاته في الأنساب. وهو متفاوت الأزمية.
بها  الفاتحون من اهل الغرب . كذلك كانت أنوال بالرم تنسخ الاقمشه,بها القاتمون في احل الغرب . كذلك كانت أنوال بالرم تتسبج لاقمشه
أيضاً إلى تلف المحاصيل الزراعية أو إلى تقليل إنتاجها بنسبة قد تصل إلى,"أيضأً إلى تلف المحاصيل الزراعية ""أو إلى تقليل إنتاجها بنسبة قد تصل إلى"
في كل من أسيا وأفريقيا واميركا اللاتينية. تشكل,مي كل من أسيا وأفريقيا واميركا اللانينية. تشكل
لها حسب التخصصات العلمية,ها حدب التخصصات العلمية
ومن مهود أوبرا بينغجو . وقد صاغت تيانجين لنفسها ماركة,ومن متهود الوبر يينجو. وقد صافت تيانجين لتصما ماركه
وقد عانت المكسيك أيضاً من الجفاف على مدار سبعين عاماً كما أدى إلى نشوب الحرائق لتقضي على حوالى من الأرض,وقد عانت المكسيك أيضاًقن الجفاف على مدار سبعين عاماً كما أدى إلى تشوب الحرائق لتقضي على حوالى من الأرض
في تركيزات غازات الدفيئة في الغلاف الجوي للأرض. إن العصور الجليدية وماصاحبها من,في تركيزات غازات الدفيئة في الغلاف الجوي للأرض. إن العصور الجليدية وماصاجها من
علمياً عميقاً عن تركييها,علمياً عميقاً عن تركييها
لها الرملة . وتتكون التربة في تهامة وفي سهل صنعاء من المواد الصلصالية,لها الرملة . وتتكون التربة في تهامة وفي سهل صنعاء من المواد الصلصالية
الناس والماشية على وقع حوافر الدواب وطقطقة الأحذية الخشبية ، وأصوات,الناس والماشية على وقع حوافر الدواب وطقطقة الأحذية الىشبية ، وأصوات
ارض البيوت ، وجدرانها .,ارض البيوت؛ وجد رانها.
ولم يكن ذلك مبعثه فرقعة مشاهير أو خصوصات هائلة ( فتلك كانت مكتبة هاتشارد,ولم يكن ذلك مبعثه ف قعة مشاهير أوخصومات هائلة (فتلك كانت مكتبة هاتشارد
الذي تتخذ الهجرة السرية ، ومحنة العاطلين من حملة الشهادات ؛ كلها تشهد,الذي تتخذ الهجرة السعرية، ومحنة العاطلين من حملة الشجادات ؛ كلها تشهد
وكما هو الشأن بالنسبة للماء ، فإن المغرب يبغى متأثرا بالتداعيات الكبرى للسوق الدولية,وكما هو الشأن بالنسبة للماء ، فإن المغرب يبفى متأثرا بالتداعيات الكبرى لسوق الدولية
إلى جانب الذكور، وبعد التلقيح تلازم الشغالات الملكة وتكوّن طردا,إلى جانب الذكور، وبعد التلقيح تلازم الشغالات الملكة وتكون طردا
بعضها في أيام الرسول. أما حوادث النهر ،أو أخبار الفرس مع العرب لبعيدة ،,بعضها في أيام لرسول. أما حوادت النصر ، أو أخبار القرس مع العرب لعيدة،
"النادرة . فكأننا بالشاعر الشعبي المعاصر لا يرى له حدا"" يقف عنده في التصرف بلغته وسلك",النادرة . فكأننا بالشاعر الشعبي المعاصر لايرى له حداً يقف عنده في التصرف بلغته وسلك
"بالياء , أوبالواو  لماكانه واوي  الأصل  في الشعر الشعبي , لا سيما الليبي منه . يقول رحومة بن مصطفى",بالياء، أو بالواو لما كان واويو الأصل في الشقر الشعبي ، لاسما اللبي منه . يقول رحومة ين مصطفى
"وقالوا في ذلك من الأمثال : "" إن طاب ريحك ذري على دقت صاحجك ""","وفالوا في دلك من الأمثال: وإن طلاب ريحك ذري على دقت هاجبك""،"
"الباكر , ليحصد كل واحد زرعه و أو ليحصدوا جميعا"" زرع أحد المدارعين أو الملاك ,",الباكر؛ ليحصد كل واحد زرعه وأو ليحصدوا جيعاً زرع أحد المعرارعين أو الملاكو
3.80      1.85         7.03       124.2,091001.1#19
ثالثاً :- الشكل : يعتبر الأدب الشعبى قمة الوعى الفنى ، فهو لا يحدد,ثالثاً :- الشكل : يعتبر الأدب الشعبي قمة الوعى الفني، فهو لا يحدد
وإنتاجها الذي أصبح ضعيفاً ، وهذا ما يتطلب إزالة الأشجار بعد عام أو عامين على,وإنتاجها الذي أصبع صغيفاً ، وهذا ما يتظلب إزالة الأششجار بعد عام أو عامين على
و قد لزمت سكان الأرضين التي تغيث السماء أرضهم، بإنزال الغيث عليها، الاستفاده,وقد لزمت سكان الأرضين التي تغيث السماء أرضهم ، بإنزال الغيث عليها، الاستقاده
وتتألف من سلسلتين، يقال لإحداهما أجأ، و للأخرى سلمى . وهناك منابع عديدة للمياه,وتتألف من سلسلئين، يقال لإحداهما أجأ، وللأخرى سلمى . وهناك منابع عديدة للمياه
يعد الغلاف الجوي و بكل مكوناته الغازية الأنفة الذكر نظاماً حرارياً ضحماً يتسمد طاقته,يعد الغلاف الجوي وبكل مكونات الغارية الأنفة الذكو تظاماً حرارياً ضحماً تسمد هاقت
و الهيئات لوضع السياسات العلمية، فبريطانيا مثلاً أنشأت وزارة,والهيئات لوضع السياسات العلمية وفيريطانيا مثلا أنشأت وزارة
بسبب إنحسار المياة في حوض نهر الامازون وادى أيضاً الى هجرة سكان المنطقة من قراهم بسبب,بسبب إنصار المياة في حوض نهر الامازون وادى أيضاً الى هجرة سكان المنطقة من قراهم بسبب
انبعاثات غازات الصوبة الخضراء، فمنذ بدَاية الثورة الصناعية ، وغازات,انيعاثات تغازات الصوبة لحخراء، فصن بتاية التورة الصناعية، وغازات
أو الثانية عشرة من العمر، يرسله والده ليعيش مع صانع متمرن مدة من الزمن,أو الثانية عشرة من العمر، يرسله والده ليعيش مع صانع متمرن مدة من الزض
يمكن استغلالها لتد وير توربينات تعمل على البخار ، وحالياً فإن المساهمة,يمكن استغلالها لتدويد توربينات تعمل على البخار ، وحالياً فإن المساهمة
إن صاحب الكراء الخيار في يده و الامر إليه فكل دار هي له منتزه إشاء و متجر إن,إن صاحب الكراء الخيار في يده والامر إليه فكل دارهي له منتزه إشاء ومتجر إن
وخضعت لنفوذ الرومان والبيزنطيين . ويطلق ذلك الاسم، أي,وخضعت لنفوذ الرومان والبيزنطين. ويطلق ذلك للاسم، أي
"""وأرخ في شهر سحر من سنة .... ""و""أرخ في شهر تمنع من سنة ..."" ويلاحظ","وارح في شهر سحر من سنة ...""و""أرح في شهر تمنع منه سنة..."". ويلاجظ"
و الأعاصير وانقراض انواع من الحيوانات والنباتات وإنتقال الأمراض. قد تمتد هذه التأثيرات إلى,والأعاصير وانقتراض اتواع من الحيوانات والنباتات وإنتقال الأمراض . قد متد هذه التاثيرات إلى
في الغرب، ولكن ذلك لا يعني في نفس الوقت أن الفن الإسلامي,في الغري، ولكن ذلك لا يعني في نفس الوقت أن القن الإسلامي
مجمع مائي الأكثر ملوحة بالعالم . ملوحة البحر الميت أعلى,مجمع مائي الأكثر ملومة بالعالم. ملومة البحر الميت أعلى
سادات العرب. فورد في شعرهم أخبارهم وأحوالهم وطباعهم ويخر ذلك,سادات العرب . فور في سعرهه كنارهم وأموالمم وطبامهم ويجزلك
فيه 14.67% . تعد البراكين المصادر التي تزيد نسبة غاز ثنائي اكسيد الكربون,فيه 11191% . تعد البراكين المصادر التي تزيد نسبة غازتنائي السيد الكريون
أدت الى وفاة ثلاثمائة الف مواطن هي كارثة بيئية جعلت العلماء والمهتمين,أدت الى وفاة تلاثمائة الق مواطن هي كارثة بيئية جعلت العلماء والمهتمين
تغيرات كبيره في المناخ العالمي وخصوصاً في الدول النامية لفقير,تغيرات كبيره في المناخ العالمي وخصوصاً في الدول الناميه لفقر
وكان الأدب حرفة أخرى . كانت الاجواء متواضعة بعيدة عن الرفاهية ، مع تقديس,وكان الأدب حرفة أخرى. كانت الأجواء تواضعة بعيدة عن الرفاهية، مع تقديس
مروراً بالدنمارك الى دول البلطيق وادى الى دمار لبير # بالمناطق التي مر,مروراً فيإلر نمادك الىدول البلطيق وادى الى دمار لبير ب## بالمناطق التي مر
من الأمطار المنهمرة،يحصرها وتوجيهها إلى مخازن تحزنها لوقت الحاجه # وذلك بإنشاء,من الأمطار المنهمرة، ليحصرها وتوجيهها إلى مخازن تحزنها لوقت الحاحه # ومذلك بإنشاء
ما يتعلق باستخدام الأسمدة العضوية في # الأنتاج الزراعي ، و,ما يتعلق باستخدام الأسمدة العضوية في # الأنتاج الزراعي ، و
توجيه التحكم في السيارة. نظاما قيادة السيارة بتشغيل الفكر واحد فقط,توجيه التفكم في السيارة، نظاما قيادة السارة بتشغيل الفكر واحدفقط
إذا  لم يكن عدلاً  ترد شهادته وترفض ، وكما ورد في الامثال العربيه,إذا لم يكن عدلاً ثردشادنه وترفض، وكما ورد ف الامتال العربيه
الملايين من الأشجار وتفشي الأوبئة والأمراض,الملايين من الأشجار وتفشي الأوبئة والأمراض
النشيطين ، ولعشر سنين أخرى ، أكبر من أعداد الساكنه غير,النشيطين ، ولعشر سني أخرى ، أكبر من أعدار الساكنه بغير
التغير آلافاً من المنين حتى حول بلاد العرب أرضين غلبت,التعير آلافاً عن المنين حتى حول بلاد العريا أرصين غليت
للعلم يوضح لماذا  تتطلب الحضارة الوسط أن  يهتم أن يهتم أبنائها بالعلم وأن,للعلم يوضع مماذا تتطلب الحضارة الوسط أن يهتم أبنائها بالعلم وأن
ويمثل الخيار المغاربى والشراكة الأورومتوسطية وما وراء الأطلسية والعمق العربي,وعثل الغيار المفاربي والشراكة الأور ومتوسطية وما ورات الأطلسية والهمة العربي
"عن العرب ""بلينيوس"" بلينى الأقدام.","عن الحرب ""بلينيوسة"""" بليى الأحدم."
فى المستقبل.,في المستقبل.
المحلية   لمدائن العصور الوسطى من أعمال ينطق بمهارة,المحلية لمدائن العصور الوسطى من أعمال ينطق بسهارة
إن تعابير التراث ، الناجمة عن إرث   متجذر في تارغ يمتد عبر آلاف السنيــن ،,إن تعابير التراث ، الناجمة عن إرث متجذر في تاريغ يمئد عر آلاف السيين،
لان الادب في هذه الحاله ما هو إلا تعبير عن سياسة الحاكم. يحيا,لان الادب في هذه الحاله ما هو إلا تعبير عن سياسة الحاكم يحيا
وقد وسع الإسلام رقعه بلاد العرب، كما وسع مجال اللعه العربية،,وقد وسع الإسلام رقعه بلاد العرب، كا وسع مجال اللعه العربية،
التقنيات المتقدمة و الأبحاث الفنية نجد أن ظاهرة الاحتباس,التقيات المتقدمة والأبجات المضيية تجد أن خلاهرة الاحتبس
وعدد الكواءث الطبيعية إلتي خربت الكثيى من البلدان وإءتفعت الخسائر المادية التي نجت عن هذه,وعدد الكواءث الطبيعية إلتى فربق الكثي في البلدان وإءرتفعت الخساء الحادية التي نجت عن هذه
إذ أن المحافظات المذكورة على أطرق الريع النحالي المجاورة لصحراء,إذ أن المحاقظات المتركسورة على أطرق الريع النخالي المجاورة لصحرإء
المبادئ و القواعد التصنيفية التي حددها قانون التصنيف، حتى نستطيع,المبادئ والقواعد التصنيفية التي حددها قانون التصنيف، حتى نستطيع
التصور (الجدولان  2 و 3 ) ونتيجة للظواهر المذكورة  أعلاه,"القصور (الجعولان 2و5) وفقيجبة""للظواهو المذكورة أعلاه"
وانتشرت هذه النقابات في القرن الثالث عشر في جميع أنحاء أوربا وسميت فيها,وانتشرت هذه النقابات في القرة الثالث عشرفي جميع أناء أوربا وسمين فيا
إزدياد عدد وشدة الأعاصيد والليفانات وحرائق الغابات وموجات الجفاف التي حصلت في مناطق,إزدياد عدد وشدة الأعاصير والليفانات وحرائق الغابات وموجات الجفاف التى ححلت في مناطق
"ومنحه ، وعرضة وقراءتة "". ويضيف تشاركين ، بقوة ، "" على عكى الأقراص المدمجة","ومنحد، وعرضة وقراءتة"". ويضيف تشاركين، بقوة،"" على عكى الأقراص الملامجة"
"بالمسند في حد ذاتها أنها دليل على أثر العر ب الجنوبيين في الامر يفيين "" الكوشيين"" وهذه الكتابات","بالمنن في حد ذالها ءليل على أثر الرب الجنوبيين في الإمر بغين "" الكوشين"" وهذه الكتابا"
تعمم بإنحدار معدر بحث ينساب خلالهاا محلول المغذي على  شكل,تعمم بإنحدار معدد يحث ينساب خلالها لمعلول المغذيعلى شكل
بعمله عام 1385 هـ والذي يبلغ طوله حوالي خمسة أميال.,بعمل عام 1150ه والذي يبلغ طوله موالبي خيسة أميال
"وعند هذا المصب بقايا قرية يونانية قديمة، وبقايا معبد يعرف عند الأهلين ""كصر كريم"" وهو","وعند هذا المجبابقايا قربية بونانية قديمة ، وبقاياً معبد يعرف عند الأهلين ""كصد كريم"" وهو"
ومن ثم تطورت عمليات استخدام طاقة المياة في أعمال الري وطحن الحبوب . أما الفحم,ومن تثم تطورت عمليات استخدام طاقة المياة في أعمال الري وطحن الحبيوب . أوا الفحم
ا لكهرباء باسنخدام تورببنات.,الكهرياء بالسنحدام توربينات
محكمة الضيعة . وفي الأرقاء من كانوا يجدون  في أنفسهم  هذه الجرأة،,محلمة الضيعة. ومن الارقاء من كانوا بجدون في أتفسهم هذه الجر أت
على القطاع الفلاحي ، الذي يبقى بدوره رهينا بالتقلبات المناخية . أما بخصو ص,على القطاع الفلاحي ، الذي يبقى بدوره رهينا بالتقلبات المناخية . أما بخصو ص
والإدارية وغيرها فإن الإدارة  المحلية تمثل الصورة الواقعية المثلى لتمكين الشعب,ولإدارية وغيرها فإن الإدارة المحلية تمثل الصورة الواقعية المتلى لتمكين الشعب
يوضح موقت فدانزين ذلك مفارقة هذا العقد و هي أنه كلما أزدادت الفرص الذهبية,يوضع موقت فراتزين ذلك مفارقة هذا العقد وهي أنه كلما ازرادت العرص الدهبيد
أشار التقرير الصادر فى شباط 2007 عن الهيئة الحكومية الدولية المعنية بتغير المناخ,أشار التقرير الصادر في شباط 2000 عن الحهيئية الحكومية الدولية المعنية يتغير المناخ
وأن يكتسب مقدارا ما من أي مهارة علمية من العمارات .,وأن يكتب مقداراً مسا من أي مهارة علمية من المهارات.
وبرامج التخطيط العائلي ، التي انخرطت فيها شرائح كبيره من,وبرامج التغصليهل العائلي ، التي انخرصت فيها راتع كبيرة من
تلاقى إهتماماً متزايداً من قبل المنظمات الدولية و الحكومات و المنظمات,تلاقى إهتماماً متزايداً من قبل المنظمات الدولية والحكومات والمنظمات
عن التاريخ الجاهلي، حتى إن المستشرقين المعروفين بصبرهم وبجلدهم وبعدم مبالاتهم,عن التاريخ الجاهلي، حتي إن المستشرقين المعروفين بصبرهم وبجلدهم وبعدم مبالاتهم
ولتشبع نفسها بعد جوع و عطش . و تفرح الإبل ، و # يدر لبنها ، ويكثر نسلها ، وتتضاعف بذلك ثروة أصحابها، و,ولتشبع تقسها بعد جوع وعطش . وتفرح الإبل ، وه يدرلينها، ويكثر نسلهان وتعناعف بذلك ثروة أصعاها، و
والحضارة وخلاصتها  أن البداوة  هي  أول مرحلة  من  مراحل  الحضارة  عندما,والحضارة وخلاصتها أن البداوة هي أول مرحة من مراحل الحضارة عنرها
تلويثاً للبيئة وأسهلها استعمالاً. وهناك مصادر طبيعية أخرى للطاقة يمكن,تلويثاً للبيئة وأسهلها استعمالاً. وهناك مصادر طبيعية أخرى للطاقة يمكن
أخرى في معدلات درجة الحرارة .,أخرى في معدلات درجة الحرادة.
بتأثير فعل الرياح في الصخور الرملية  ويكثر وجود الصخور المتبلورة في الحجاز وفي,بتأثير خعل الرياح في الصخور الرملية. ويكثر وجود المخور المتبلورة في الحجاز وفي
بشكل أقل مما تفعله السحب المنخفضة كما هو معروف.,بشكل أقل مما تفوله السحب المنخفضة كما هو معروف.
في السابع والعشرين من اكتوبر عام 1998  ضرب اعصار يدعى,في السابع والعشرين من اكتوبر عام 1990 ضرب اعصار يدكى
توجه لحل مشكلة في مجتمع الباحث .,توجه لحل مشكلة في مجتمع الباحث.
أما العربية الحجرية، فتشمل الأرضين التي كان يسكن فيها الأنباط،,أما العربية الججرية فتتمل الأرضين التي كان يسكن فيها الأنباط،
على عدن عدد من الأودية الجافة يظهر أنها كانت مسايل مياه، وأنها من,على عدن عدد من الأودية الجافة يظهر أنها كانت مسايل مياه، وأنها من
الهند سابع أكبر دولة من حيث المساحة في العالمـ .,الكهن سابع أكر دولة من حريث لمساحية في العلم.
أعد من مؤىسة إعادة التامين في ميونخ إن السنوات الأخيرة شهدت تزايداً ملحوظاً في شدة,أعد من مؤسصة إعاد التامبي في ميونح إن السنورات الاخيئر شهدت تزايدا ملحوظاً في شة
ووجدان، فإذا التقى فلاسفة الجمال فى بعض الجوانب أو العناصر,ووجدان، فإذا التقى ملاسعة الجعال في بعض الجوانب أو العناصر
أريد هذا # دواؤه يسير. وقد وقعت على ولكن ما علمت أن أن موضع,أرن هذا ددراذه سد: وقد دقت عليه وبعذن ععت فن أن مدسية
"و لو و رد لفظة ""العرب"" في النص الذي يعود عهده إلى سنة ""328 ""","ولو ورد لفظة"" ""العرب"" في النص الذي يدود عهده إلى سنة ""20%."
لهذا فإن المدة المقدرة لىضوبه هي 125 سنة، كما يعتبر من أقل المصادر التقليدية,لهذا فإن المدة المقدرة لنضوبه هي 25اسنة ، كما يعتبر من أقل المصادر التقليدية
ولا شركه العقول فيسترده ممن لا يردهـ ويظهر الشكوى إلى من لا يرحمه أضعف,ولا تدركه العقول فيسرده ممن لا يردهـ ويظهر الشعلول إلى من لايرحمه أضعف
من السنابل قبل نضوجها البسيسة .,من السنابل قبل نضوجها البسدسة
العالية الوضوح في الصين، ويُعتقد أنه أحدث مصنع لأقراص الأشعة الزرقاء في العالم،,العالية الوضو في الحي، ويعنقد أنه أحدث مصن لأقراص الأثعة الزرقاء في العالم
في ظل الأوضاع العالمية والانسانية التي كانت سائدة في وقتها،,في ظل الأوضاع العالمية والانسانية التي كانت سائدة في وقترها ،
في حالة المد فلا يمكن إجتيازه إلا بالقوارب الصغيرة. وترتبط,في حالة المدفلا يمدكن إجتيازه إلا بالقوارب الصعيرة. ويرتبط
"الجاهلي"" أو تأريخ الجاهلية وان يذهبو إلى إن العرب","الجاملي"" أو تاريخ الجاملية وان يذهبو إلى إن العرب"
"التي أولها""جاسم""وآخرها""عَبس الأولى""من العرب العاربة.والقبائل المذكورة","التي أولها ""جاسم"" وآخها ""تميس الأولى"" من العرب العاربة""والقبائل المذكورة"
باب النوادر و الغريب ، ومن الطريف أن هذه الكلمة ماتت في الفصحى من بعد أبي,باب النوادر والغريب، وطن الطريف أن هذه الكلمة ماتت في الفصحى هن بعد أبي
"دراسة موضع ""هجر بن حميد"" حيث عثرت على فخار ومواد أخرى يعود","دراسة موضع ""هجر بل حميد"" حيث عثرت على فخار وموارأقرى يعود"
بالابناء بما يحقق الأهداف المرجوة من العملية التعليمية . وتشترط الدولة على المعلمين الذين يقومون بالتدريس,بالابناء بما يحقق الأصداف المرجوة من المعملية التعيليمية . وتشقرط الدولة على المعلمين الذين يقوموت بالقدريس
ويجدر بنا أن نذكر أن التعليم العام يضم ما يسى بالتدريب المهني الأساسي الذي يقدم للطالب الأسس,وبجدر بناً أن نذكر أن التعليم العام يضم ،ا يسى بالتدريب المهي الأساي الذي يقدم للطالي الأسس
بلد  العلماء ، واللغه  الانجليزية,بلد العلماء ، واللغه الانجليزية
في المتحف الدولي لأعمال الحفر على الخشب وبطاقات تعريف الكتب الذي انشأه ليو,في المتحف الدولي لأعمال الحفر على الخييب وبطاقات تعريف الكتب الذي انشاي ليو
واستنفاذ  الأراضي المزروعة، وملوحة الأراضي المروية ، وتعرية التربة,واكارجيعة وجتماعية. إقتصادية حثل إزالة الغابات ، وتدهور المواعى
الإنسان  فتصور الفلاحين في الحقل .,الإنسان فتصور القلاحين في الحقل.
من أدخنة المصانع و محطات تكرير البترول ومن عوادم السيارات (مثلا),من أدختة المصانع ومحطات تكرير الترول ومن عوادم السيارات (متلا)
مع أنَه كان أكبر حند الصنف خولدن ديلشيس,مع أنه كان أكبر حند الصتنف خولدن ديليشيس
يعتمد عليها في الإنتاج.و أصبح التقدم التكنولوجي مقياس لدرجة التقدم,يعتمد عليها في الإنتاج. وأصبح التقدم التكتولوجي مقياس لدرجة التقدم
ولو أنا رجلاً ألزق نادرة بأبي الحارث جمـــــين والهيثم بن مطهر وبمزيد وابن الأحمر ثم كان,ولوأشار جلاً ألزق ناورة بأبي الجارث ججين والهثم بن مطه وبجزيد وابن الأحمر م كان
يحتاج إليها من الفحم الحجرى في المحطات التقليدية (النسبة تقريباً,يحتاج إليها من الفحمر العجرى في المعطات التقليدية (النببة تقريباً
فالصالح العام هو الأهم والأعم ، وعليه فإن واجب المؤسسات العامة,فالصالع العام هو الأهم والأعم، وعليه فإن واجب المؤسسات العامة
لما كانت هناك حاجه إلى قيام الإنسان فما بعد بإتمام العمل الذي لم تكمله الطبيعة،,لما كانت هناك حاجه إلى قيام الإنسان فما بعد بإتمام العمل الذي لم تكمله الطبيعة ،
#,ومن الواصع ايضاً أن شدة إلإشعاعات الشعسية الواصلة الى الأرض تمتلف باختلاف
"التجارية و الإجتماعية و الإقتصادية ، و حملة ""أوليوس غالوس"" المعروفة","التجارية والإجتماعية والإقتصادية ، وحملة ""أوليوس غالوس"" المعروفة"
"حجاره ""الكوارتس"" وتوجد في منطقه الطائف صورة ""الغرانيت"" وفي نهاية","دجاره ""الكوارتس"" وتوجد في منطقه الطائف صورة ""العزانيق"" وفي نهاية"
درهم و أربعين و مائه الف دينار. فافتسمها هو و أخوهـ حاتم قبل,درهم واربعين ومائه ألف ديتار. فا فتسمهما هو واخوه حاتم قبف
والإبتعاد عن الإجتهادات غير الواضحة.. وعليه فإن تمكين المرأة أولاً في,والإبتعاد عن الإجتهادات عير الواضحة .. وعليه فإى تمكين الحجراة أولا في
والكتابات المؤرخة قليلة . هذا أمر يؤسف علية، إذ يكون المؤرخ في حيرة من أمره في,والكتايات المؤرخة قليلة . هذا أمر يؤسف علية، إذا يكون المؤرخ في حيرة من أمره ف
الحرارة الممتصة . في العديد من الإستخدامات المنزلية,الحرارة الممدصة. في العديد من الاستخدامات المترلية
الجوي سنوياً. وتعتبر الدول الصناعية العظمى ودول الخليج العربي,الجوي سنوياً . وتعتبر الدول الصناعية العظمي ودول الخليج العربي
العرب الآخرين، فيكاد يكون صفراً، فلا نجد في رواياته شيئا يعد تاريخا,العرب الآخرين ، فيكاد يكون صفراً، فك نجد في رواياته شيئا بعد تاريخا
حرارة الأرض وما يصاحبها من متغيرات مناخية مؤثرة في المحيط الحيوي بكل مكوناته.,حرارة الأرض وما يصاجها من متغيرات مناخية مؤثرة في المحيط الحيوي بكل مكوناتة #
نعبر عنه هنا بالمثالية الواقعية، يجمع ما بين الثابت والمتغير.,تعير عنه هنا يالمثالية الواقعية، يجمع ما يين الثايت والمتغير.
ما للعادات المألوفــة ، ولم يكن في مقدورهم أن يزيـــدوها بنفس الســرعة .,ما للعادال المألوفة، ولم يكن في مقدورهم أن يزيدوها بنفس السرعة.
المدرجة في المشروع . كما تم تنظيم اجتماعات ونقاشات ولقاءات للتفكير الجماعي ،,المدرجة في المشروع. كماتم تنظيم اجتماعات ونقاشات ولقاء ات للتفكير الجماعي،
الشفهي، والقراءة، والكتابة والحساب ،والإستقلال التدريجي في سلوكهم في بيئتهم المحيطة بهم,الشفهي، والقراءة، والكتابة والحساب، والإستقلال التدريجي في سلوكهم في بيتهم المحيطة بهم
"يقف المطالع في  الىشعر الشعبي على  كثير من  أوزان العربية المهجورة , فهو يمثل من هذه",يقف المطالع في الشعر الشعبي على كثير من أوزان العربية المهجورة، فهو يمثل من هذه
الصناعي. و الحرب العالمية الثانية  دافعا للإسراع بإنشاء المجالس,الصناعي . والحرب العالمية الثانية دافعا للإسراع بإنشاء العجالس
وغنجيهة الإنسان.,وغتجيهة الإنسان.
وفي العربية ألفاظ عديدة لها صلة بالبوادي، كثرت وتعددت لاتصال حياة العرب بها، منها ما لها,وفي العربية ألفاظ عديدة لهاحلة بالبوادي ، كثرت وتعددت لاتصال حياة العرب بها : منها مالها
إلى الأفغان ، فزعموا أنهم كانوا هناك ثم هاجروا منها  إلى مواطنهم الجديدة في العربية,إلى الأففان، فزعموا أفهم كانوا هناك ثم هاجوروا منها إلى مواطنهم الجديدة في العربية
العرب ، حيث تعد اليوم المواطن الرئيسيه,العرب، حيث تعد اليوم المواطن العرئيسيه
مفاعلات اليورانيوم الطييعى  . و فيها يستعمل الماء الثقيل كمبدء و مهدئ,مفاعلات اليورانيوم الطبيعي. وغيها يستعمل الماء الثقيل كمبدو ومهدك
بدل القوة العضليه للإنسان القابلة للتعب و الإرهاق .,بدل القوة العضليه للإنسان القابلة للتعب والإرهاق.
عدد كبير من السكان يزيد على طاقتها ، فلا يبقى أمامهم غير,عدر كبدر من السكان يزيد على طافتها، فلا يبقى أمامهم غير
شخص. إذ اجتاحت امواج البحر خليج البنغال بإرتفاع,شخص. إذ اجتاحت امواج البحر خليج البنغال بإرتفاع
والمياه وخسائر كبيره بالحياة البرية . الإعصار الذي ضرب خليج البنغال في,والمياه وخسائر كبيره بالحياة البرية. الإعصار الذي ضرب خليج البنغال في
وترد التواريخ في الكتابات العربية الجنوبية ، ولا سيما الكتابات القتبانية ،على هذ,وترد التواريخ في الكتابات العربية الجنوبية ، ولاسيما الكتابات القتبانية، على هذ
"بطول 1 ر 1.5 , 2 م  اما قطر التاج فقاسه بالعرض والعمق مقسوماً  .",بطول ار11 و1م اما قطو التاج فقاسه بالعرض والعمق مقيوماً.
الموضوعات والأسئلة ، المترابطة ، في الغالب ، مع بعضها,المو ضوعات والأسئلة، المترايطة، في الغالب، مع بعصها
إلى تسميتها شبه القارة الهندية ، وتحدها باكستان من الشمال الغربي,إلى تسميتها شبه القارة الهندية ، وتحدها باكستان من الشمال الغربي
تقع هذه الطبقة بين طبقة الستراتوسفير و طبقة الثرموسفير,تقع هذه الطبقة بين طبقة الستراتوسغير وطبقة الثرموسغير
مع اكتسابهم للعادات الا جتماعية  الخاصة بالصحة والاستهلاك والبيئة. 5 . غرس روح التعاون ،,مع اكسابهم للعادات الاحتماعية الخاصة بالصحة والاستهلاك والبيئة .؟. غعرس روح التعاون،
محافظات مأرب ، الجوق ، شبوة ، حضرموت ، هي الإمتداد,محاقظات مأرب، للجوف، شبوة، حضرموك، هي الإمتداد
اعتمدت هذه الدراسة على استخداح أسلوب المسع من خلال استخداح,اعتملق هذه الدراسة على استخدام أسلوب المسع من خلال استخداع
الأساسية # ، وتتميز هذه المرحلة بأنها إلزامية ومجانية للجميع،,الأساسية #، وتتميز هذه المرحلة بأنها إلزامية ومجانية للجميع،
الغابات التي تحصل بفعل ارتفاع درجة حرارة المواد العضوية مثل,العاار التي تحصل بقعل ارتفاع درة حرارة المراد العصوبة ميل
بازدياد التقدم الصناعي للمجتمعات تزداد الحاجة للطاقة بصورة تثير المخاوف .،,بإزدياد الققدم الصفاعي للمجتمعات تزداد الحاجة للطاقة بصورة ثثير المخاوو،
ذا أنه من المعروف ومن بديهيات الحياة تشبث الإنسان بذكر وطنه الم فيطلق الأسماء,ناأنهمن ام عيوضومن بديهياتب الحياة تشبث الإنسان بفك# وطنه الم فيطلق الأسماء
الذي اصاب البنية التحتية وإتلاف الاف الهكتارات من المحاصيل,الذي احياب البنية التحثية وإنلاف الاف الهكتارات من المحاصيل
بل  أكدت أن العنصر البشري بالعزيمة والتخطيط والتنظيم والاستمرارية قادر,بل أكدت أن العنضر البشري بالعزيمة والتخظيط والتيظيم والاستمزارية قادر
"معدنية أكثرها ذات درجات حرارة مرتفعة.  وتوجد آبار في ""الباطنة"" وفي المناطق المجاورة","معدنيه أكثرها ذات درجات حرارة مرتفعة. وتوجد آبار فيك الباطنة"" وفي المناطق المجاورة"
. نعم آخذة لأنه يصلح لامرأتي كما يصلح لامرأتك. قال: فإنه عند الصباغ. قال: فهاته. قال:,نعم آخذة لأنه يصلع لامرأتي كما يملح لامرأتك. قال : فإنه عند الصباغ . قال :فها.
بخدمة الإنسان والمجتمع وعليه يعتبر الإنسان الوسيلة الثمينة لثروة الشعوب,بخدمة الإسان والمجتمع وعليه يعتبر الإنسان الوسيلة التمينة لثروة الشعوب
1995م ، كان 35 % من السكان قد اجتازوا مرحلة التعليم الثانوي على,19م: كان 15% من السكان قد اجتازوا مرحله التعليم الثانوي على
ما... لكن هذا الأساس هو مركز الدائرة عند رمي حجر في بركة ماء...فالدوائر المتلاحقة,ما..- لكن هذا الأساس هو مركفز الداكرة عدرفي حجر في بركة ماء... فالدوائر المتلاحقة
دبابير تتبع فصيلة، التي تخلت عن الافتراس في سبيل الاعتناء,دبابير تتبع فصيلة ، التي تخلت عن الافتراس في سبيبل الاعتناء
والجنوب، ورياح في شهور الصيف .,والجدب، ورياه في تهور لصف.
بل أكبرجزيرة فيه بعد جزيرة البحرين ! ويبدو طرفها القريب,بل أكبر جزجرة فيه بعد جزيرة البحرين ! ويبدو طرقها القربب
نفذت الىداىه في منطقن صافيتا ناحية مشتى الحلو ، على ارتفاع 650-700م,نغذت الدرايه في منطقن صافيتاً ناحيه مشتى الحلوه على ارتفاع 155 -100م
الأفراد سيظلون ىفضلون حمل كتاب مطبوع ، و # تحسس ، وتعيره ،,الأفراد سيظلون نفضلون حمل كتاب مطبوع، و# تحسس ، وتعديره ،
على محور التاج المغزمي المتطاول فينتثر عليه 16 -22 فرعاً . وبخصوص عمر الأشجار في نظم,على محور التاج المغزمي المتطاول فينتشر عليد 15-2# فرعاً . وبجضوص عمر الأشجار في نظم
بينها بفعل إرتفاع درجة الحرارة . يندفع الهواء الساخن إلى الأعلى في حركة حلزونيه,بينها بفعل إرتفاع درجة الحرارة ، يندفع الهواء الساخن إلى الأعلى في حركة حلزوييه
منها في أرض فلسطين . ويظهر إن قدماء العبرانيين لم يكونوا يعرفون البغال،,منها في أرض فلسطئن . ويظهر إن قدهاء الجرانيين لم يكونوا يعرفون البغال،
وعلاوة على العوامل السالفة ،يجدر التذكير بأن إرساء اللامركزية الترابية في الستينات,وعلاوة على العوامل السالقة ، جدر النذير بأن إرساء اللامر كزية القرابية في الصسينات
التي أصبحت الآن مرتبطة على نحو قريب من خلال الشبكة العالمية ،,التي اصبحت الان مرتبطة على نخوقريب من خلال لشبكة العالمية،
"لكنها تسير على أنظمة قواف تختلف من طلعة إلى أخرى، ولعل أكثر تلك الأنظمة شيوعا""",لكنها تسير على أنظمة قواف تختلف من طلعة إلى أخرى، ولعل أكثر تلك الأنظمة شيوعاً
تحمي المدن من الفياضانات إضافة للسدود التي تحجز مياه البحيرات,تحمي المدن من الفبيضانات إضافة للسدود التي تعجز مباه البحيرات
البحر الميت هو موقع خاص و هام ، تستعمل مياهه في الصناعة,البجر الميت هو مومع خاص وهام، تستعمل مياهه في الصناعة
والأقتصادية للزراع ، واشتمل القسح الثاني على أسئلة خاصة بالمستوى,والأقتصادية للزراع، واشتمل القسح الثاني على أسئلة خاصة بالمسوى
الحقيقى للمواد المشعة .,الحقيعق للعواد المششعة.
ومدى توافق تلك المسافات مع آليات الخدمة الزراعية والمتعلقة أساساً بقوة,ومدى تواقق تلك المسافات مع آليات الخدية الزراعية والمتعلقة أساساً بقوي
في النظام المناخي للأرض .  يؤدي الإختلاف في شدة الأشعة الشمسية الحرارية,في النظام المتاخي للأرض. يؤدي الإختلاف في شدة الأشعة الشمسية الحرارية
و بلد متقدم تكنلوجيا وصناعيا ، نظام التعليم فيه  تحت  التاج البريطاني ،,وبلد متقدم تكنلوجيا وصاعيا، نظام التعليم فيه تحت التاج البريطائي،
مما أدى إلى إندفاع الماء وبقوة إلى المدن والقرى والذي أدى,مما أدى إنى إندفاع المساء وبقوة إلى المدن والقى والذي أدى
والضرر . وبعد أن عرضنا لمفهوم  الحضارة ونشأتها   ومراحل تطورها .,والضرر . وبعد أن عرضن لعهوم الحصارة ونشاسها ومراحل تطوريها.
وتتفتح الزهور به   في ثلاثة فصول وتستمر الخضرة على مدار الفصول,وتتفتح الزهوربه في ثلاثة فصيول وتستمر الخضرة على مدار العضول
كما أوضحت النتائج # وجود علاقة ارتباطية عكسية عند مستوى 0.05 بين المساحة,كما أوضحت النتائج # وجود علاقة ارتباطية عكسية عند مستوى (100 بين المساحة
وإن  تنصيص القانون  الأساسي الأول على مبادئ # الملكية الدستورية ،,وإن تنصيص القانون الأساسي الأول على مبادئ # الملكية الدستورية،
الذي اطلقها عام 1974 كل من ماريو مولينا وفرانك شيروود رونالد,الذبي اطلقها عام 1190 كل من ماريو مولينا ومرانك ثير وود روبالد
الإحتباس الحراري بالجو المحيط بالأرض مازالت لغزا محيراً ولا سيما,الإحتباس الحراري بالير المحيط بالأرض مازالت لغزا محيراً ولاسيها
غير أننا  بحق لنا  نقول بوجه عام   أن قامت  بها  الحكومات,غير أننا بجق لنا لقول بوجه عام أن قامت بها الحكومان
مضافاً إلى أتساع الأسواق الزراعيه . من أسباب  تحسن,مضافاً الى أتساع لأسواق الزراعيه . من أسباب تمسن
قد بينت للعلماء والمهتمين بان المستقبل سيكون أشد قساوةً من الماضي وذلك,قد بينت للعلماء والمهتمين بان المستقبل سيكون أشد قساوة من الماحي وذلك
ببعض ليتكون منها سور متصل . وكان جسر متحرك مثبت طرفه الداخلى,ببعض ليتكون منها سور متصل. وكان جسر متمرك مثبت طرفه الداخلي
المناطق الاستوائية و المداريه,المناطق الاستوائيه والمداريه
ارتباطية عكسية ومعنوية عند مستوى 0.01 بين الدخل المزرعي,ارتباطية عكسية ومعنوية مند مستوى ا.0 بين الآخل المزرعي
من الظواهر الطبيعيه التي عرفها الانسان منذ العصور القديمه هي حرائق,من الظواهر الطبيعيه التي عرفها الانسان منذ العصور القديمه هي حرائق
اوراق الاشجار المتساقطة  أو الحشائش الجافة في فصل الصيف,اوراق الاسيار المناقطة أو الكشاش الجافة في فصل الصينف
حيث تقطع الأشجار المعمرة لأغراض # صناعية مثل إنتاج الأثاث المنزلي #,حيث تقطع الأشجار المعمرة لأغراض # صناعية مثل إنتاج الأثان المنزلي #
انه رجع إلى تلك الطّنوج والدواوين فاًخذ منهما او أن,أنه رجع إلى تلك الطنوج والدواوين واحد هما اوان
من القضاء على العديد من الأمراض والأوبئة ، التي كانت تفتك بالبلاد. وهكذا ،,من القظاء على العديد من الأمراض والأوبئة ، ألتي كمانت تفتك بالبلاد . وهكذا ،
الانسان كالحيوان وتبرر  له من السلوك مالايليق به ، ولكن,الانسان كاكيوالن وتبرر له من السلوك ما لا يليقيه، ولكن
رساله سهل بن هارون ابي محمد راهبون الى عمه من آل راهبون جين دموا مذهبه في البخل,رساله سل بنها رون إني مكمد اجبون الى عمهه من آل اجبون جين دموا ضهبه في البحل
و لم يكن ممكنا الاستفناء عن أمازون في هذه العملية .فقد حققت أمرا واحدا بسيطاذا آثار عميقة,ولم يكن مكنا الاستفناء عن أمازون في هذه العملية . فقد حققت أمراً واحدا بسيطا ذا آثار عميقة
ارتفاع الشجرة ، قطر ساقها وقطر تاجها ، وتم عد الفروع الهيكلية والفروع,ارتفاء الشجرة، قطر ساقها وقطر تابها، وتم عد الفروع الهيكلية والفروع
تغييرات جذرية تؤدي إلى اّختراع وسائل و أساليب تكنولوجية جديدة,تغييو جدرية تؤدي إلى أخترا وسائل وأساليب تكنولوجية جديدة
خطرا يهدد القوافل والمدن والأملاك، ويأتي على الناس بأفدح الخسائر,خطرا يهدد القوافل والمدن والأملاك، ويأتي على الناس بأفدح المخسائر
جزيرة تاروت أوسع الجزر الواقعة على شاطئ الخليج داخل المملكة,جزيرة تاروت أوسع الجزر الواقعة على شاطئ الخليج داخل المملكة
حياً لدلالاتة القديمة في الأدب الشعبي المعاصر سواء في مشرق الوطن ومغربه ونستعرض,حتاًلدلالاته المديقة ي للأدب الشعبي المعاحر سول، في مشرق الوطن ومغربه وستعرض
"تتعلق بما ذكره ""ابن الكلي"" من مدد حكم اولئك الملوكـ فوجد أنه لم يميز","تتعلق بما ذكره ""ابن الئلي"" من مدد مكم اولئك الملون فوجد أنه لم يميز"
و الجدير يالذكر أن هذا المفاعل المنتج يولد وقوداً نووياً أكثر مما يستهلك,والجدير بالذكر أن هذا المفاعل المنتج يولد وقوداً بووريا أكثر مما يسولك
القيام بدور هام وفعال في سياق القرارات الخاصة بالأنشطة والاستراتيجيات,القيام بدورهام وفعاد في سياق القرارات الخاصة بالأنشطة والاسنراييجيات
ناهيك عن الخسارهـ الفادحه للأخشاب و الثروة النباتيه و الحيوانيه والبشريه,ناهيك عن الخسارهـ الفاءح للأخشاب والثروه النبائيه والحيوانيه والبشريه
المحكوم ، أساسا ، بمسألة السكن والمشاكل المترتبة عنها ، يقدم  دليلا قاطعاً,المحكوم، أساسا، بائة السكن والمشاككل المترتبة عنها، يقدم دليلا تاطعاً
وليس في استطاعة أحد التحدث عن ملاحة بالمعنى المفهوم من الملاحة,وليس في استطاعة أحد التحدث عن ملاحة بالمعنى المفهوم من الملاحة
وغيرها مما دعا المختصين والعلماء لدراسة أسباب هذه الظاهره,وغيرها ممادعا المختصين والعلماء لدراسة أسباب هده الظاهرة
فـ#ا ستحيت منه فقلت : سبحان الله لو دنوت فأصبت معنا مما نأكل !,ف ستحيت منه فقلت أسبعان الله لودنوت فأصيت معنا مهان كل إ
والراحة ويفقدون الرغبة في العمل وبذل الجهد,و الراحه ويفقدون الرغبة في العمل وبذل الجهد.
حياة ومستقبل أكثر من 1.8 مليون مواطن في هذه المنطقة,حياة ومستقبل أكثر من 1.0 مليون مواطن في هذه المنطقة
"جنوب ""صنعاء"" حتى مدينه ""عدن"" . وقد تمكن من جمع معلومات مهمه عن طبغرافية","جنؤب ""صنعاء"" حت مديئةً ""عدت. وقد تمكن من جمع معلومات مهم لعن طغرافية"
فخلف الوجه البراق للتكنلوجيا الجديدة ، الأموال الجديدة والأمواق الجديدة ، كان هناك بالفعل تجديداً,فخلف الوجه البراق للتكنولوجيا الجديدة ، الأموال الجديدة والأسواق الجديدة ، كان هناك بالفعل تجديداً
أصولها وهي المنافسة والتجارة الحرة ... الثالث، معاهدة الدفاع الأمريكية  اليابانية التي أزالت الأعباء,أصولها وهي المنافسة والتحارة الحرة ... التالث ، معاهده الدفاع الأمريكية الياباية التي أزالت الأعياء
ضربت منطقة دءيزدن في المانيا في حزيران  2002.,فربعق منطقة دءيزدن في المانيا في طزير ان 2000.
إضافة الى فترات الجفاف الطويلة التي أصابت هذه المناطق بفعل تأثيرات ظاهرة,إضافة الى فترات الجفاف الطويلة التى أصاته هذه الماطق بغيل تأثيرات ظاهرة
تعترف الاتفاقية الدولية بشأن التصحر أن الجفاف والتصحر يشكلان مشكلة ذات بعد عالمي، نظراً لأن,تعترف الاتفاقية الدولية بستأن التصحر أن الجفاف والتصحر يشكلان شكلة ذأت بعد عالمي، يطرا لأد
تقدر ب ( 200 – 1000 )  درجة مئوية وتعتبر مصد را  هاما  من مصاد ر  الطاقة الجد يدة والمتجددة .,تقدر ب (90- 1900) درجة مئوية وتعتبر مصدرا هاما من مصادر الطاقة الجديدة والمتجردة.
كل  مكونات جاليته ، على  مستوى الإشعاع الخارجي ، وتكوين لوبيات,كل مكونات جاليته، على مستوعه الاشعاحع الخارجي، وتكوين لوبيت
أطهر وأكثر، وهذا احتضنت تهامة .,أههر وأكثر وهذا اعتضفن تهامة.
الكتلة الحيوية 65% من الطاقة المستهلكة في افريقيا.,الكتلة الحيوية 2% من الطاقة المستهلكة في أخربقيا.
مصير العالم العربي من مصير البيئة.,فصير العالم العربي من مصير البيئة.
"وفي أرض، اليمن عدد كبير من الحِرار، ذكر السياح بعضها، مثل حرة ""أرحب""، وتقع","وفي أرض، اليمن عدد كبيل من الحرار، ذكر السياح بعضها، مثل حرة ""أرجب""، وتقع"
# الاقليمية، أو المحلية. وفي كل بلد. يتطلب نجاح تنفيذ برامج,# الاقليهية، أو المحلية. وفي كل بلد يتطلب نجاح تنفيذ برامج
منها ما هو حديث التكوين ،  ويشاهد في الزمن الحاضر لسان بارز من,هذها ماهو حديث التكوين، ويشاهد في الزهن الحاضر لسان بازز من
"يقال له ""بئر الحسنية"" فيه بئر يبلغ عمقها ""129"" قدما ، وقد حفرت","يقار له ""بير الحسنية""فيه ئير يبلغ عمقها ""19 ""قدما ، وقد حفرت"
لحل المشكلة  لكونها غير مسبوقة بأبحاث سابقة والعكس صحيح بمعنى إذا كان المشرف,كل المشكلة لكونا غير مسموقة بأبحات سابقة والعكس صحيع بمعنى إذا كان المشرف
خططتها الطبيعة نفسها للانسان ، فجعلتها تسير بمحاذاة الأودية ومواضع الحياه و الآبار، وهي السبل الوحيدة التي,خظطب الطبيعة بصصا للاتسان ، فبعلتها تير بحاداة الأودية مومواضع الحياه والآيبار، وبهر الببل الوجية التر
وألفت كتابا مقبولا يمكن أن تكسي مبالغ ملائلة بسدعة كبيرة .,وألفت عتابا مقبولاً يمكن أن تكسيي مبالغ ملاعلة بسوعة كيرة.
المهارات ذات العلاقة بالفرص الوظيفية ،,المهارات ذات العلاقة بالفرص الوظيفية،
انخفضت عن هذا المعدل. ينخفض الضغط الجوي كلما ارتفعنا .,انخفضت عن هذا المعدل. ينخفض الصنغط الجوي كلما ارتفعنا.
أمام لجنة من أعصلاء نقابته ، فإذا ابتار الامتحان أصبح رئيساً. وكان يطلب إلى الرئيسى,أمام لجنة من أعصطاء نقايته ، فإدا ابتار المامتحان أصيبح رئيساً . وكان يجلب إلى الرتب
التقارير لا يوفر معلومات كافية عن نوعية هذا الإدماج كما أن مشاركة,التقارير لايوفر معلومات كافية عن نوعية هذا الإدماج كما أرب مامتاركة
"""سترابون"" في جغرافيته ، اهمية خاصة .","""سترابون"" في جغرافيته، أهمية خاصة."
الف درهم و كاد الشاعر يخرج من جلدة ! فلما رأى فرحة قد تضاعف,اللفدرهم وكاد الشاعر بحرج من جلهة ! فلما رأى فرحه قد تصاعف
يعطون فرصة اختصار الدراسة في التعليم العام لسننين . - تتفق وزارة التربية مع مدارس,يعطون فرصة اختصار الدراسة في التعليم العام لسننين . -تتفقر وزارة التربية مع مذه
الشرقي مركز الوصط من حيث افراده,الشرقي مركتر الوحط من حيت اخراده
"ولا بهدم الجاهلية، وقد استل من حديث طويل ورد في صحيح مسلم في ""باب كون الإسلام","ولا بهم الجالهلية وقد استل من حديث طويل ورد في صحيح صسلم في ""باب كون الإرم"
بالغ الصعوبة لأسباب أهمها تغير الإنتشار الطبيعي للنويعات بسبب نقل النحل,بالغ الصعوبة لأسباب أهمها تغير الإنتشار الطبيعي للنويعات بسب نقل الخل
يؤخذ من نص مكتوب، وإنما أخذه أفواه الرجال.,يؤخد من نص مكتوب ،وادنما أخده أفواه الرجال.
في انساب العرب، ثم ندخل بعد ذلك في التاريخ السياسي العرب,في انصاب ألعرب، بم عدحل بعد ذلك في التاريخ السياي العرب
كما هو حاصل في التدفئة والطبخ باستخدام الغاذ الطبيعي اد بشكل غير مباشر,كما هو حاصل في التدفئة والطبج باستخدام الغاذ الطبيعي او بشكل غير سباشر
حيث يذكر : ستسمر سوق للكتب المطبوعة لفترة طويلة جداً . أعتقد أن معظم,حيت يذكر : ستم سوق للكتب المطبوعة لفرة طويلة جداً . أعتقد أن معظم
أحياناً- ولم يكن هنا إلا في أواخى العصود,أجاناً . ولم يكن هذا إلا في أواخر العصور
تحفظ  النظام في ميع  أنحاء المملكة ، وأوجدت  التجارة والصناعة في,تحفظ النظام في ميع أنحاء المملكة ، وأوجدت القارة والصناعية في
حرارة الأرض و لولاهم لكانت معدلات درجه حرارة الأرض و غلافها,حرارة الأرض ولولاهم لكانت معدلات درجه حرارة الأرض وغلافها
أو يقويان مفعول التدفئة لأشعة الشمس .ففي الدفينة الزجاجية تدخل أشعة الشمس,أو يقويان مفقول العدفنة لأشعة الشمسر . فني الدفيئة الزجاجية تدخل أشعة الشمس
وينمي التعليم في تلك المرحلة مهارات استخداح  اللغة الإسبانية الرسمية ،وكذلك اللغة الوطنية,وينمي التعليم في تلك المرحلة مهارات استخداح اللقة الإسبانية الرسية ،وكذلك اللنة الوطيية
# ظعرت بعض الصعوبان لهذا النوع من الزراعة ولكن استمد تطوير نظم الزراعة,# طعرت بعض الصعوبات لهذا النوع من الذراعة ولكن استمر تطويد نظم الزراعة
بالمنازل والمدارس والمستشفيات وادى الى أضرار فادحة #,بالمناز ل والمستشفيات وادسى الى أضرار فادحة #
"والاقتصادي والثقافي وطرق التدبير ، لتتخذ شكل "" وصاية توجيهية ""","والاقتصادي والثقافي وطرق التدبير ، لتتخ شكل ""وصاية توجيجية"""
الفروع الىىنوية الاكبر من 25سم على الشجرة- تم عد كل منها مع قياس مجموع,الغروع السوية الاكبومن سم على الشجرة -تم عد كل منها مع قياس مجموع
في الزمن الحاضر، ولعله كان وادياً من الاودية التي كانت تسيل فيها المياه,في الزم الحاخر، ولعله كان واديا من الاودية التي كانت تسيل فيها المياه
حضارات، وقد تكا لبت علينا الأمم ، و الصهيونية العالمية تسرق الأرض ،,حضارات ، وقد تكالبت علينا الأمم، والصهيويية العالمية تسرق الأرض،
من المنطقة الساحلية. يعود سبب إهتمام مقاطعة السفلى بمصادر الطاقة,من المنطقة الساحلية . يعود سبب إهتمام مقاطقة السفلى . بمصادر الطاقة
شهدت بعض المناطق والمدن الألمانيه ومنها مدينه روستوك إرتفاعاً,شهدت بعض المناطق والمدن الألمائيه وحنها مدينه روستوك إرتفاعاً
ونعني بالغريب حوشي الألفاظ الذي كان يستخدم قديما، و نادرها، إضافة إلى الألفاظ المألوفة,ونعيي بالغريب حوشى الآلفاظ الذي كان يستخدم قديها، ونادرها ، إخافة إلى الآلفاظا المألوفة
الحافظ . وإنك يوم تطمع أن تضيع مالك ويحفظة غيرك لجشع,الحافظ. وإئك يوم تطمه أن قضيمع مالكعم وبحفظة غرك لجع
في الصغر وتغزو مختلف الكواكب بقياسات مختلفة حسب قوة الرياح الشمسية وربما,في الصغر وتغزو مختكف الكواكب بقياسات مختلفة حب قوة الرياح الشمسية وربما
في نظم الزراعة  بدون تربة,في نظم الذراعة بدون ترية
فيما بينهم  أو إقامة  الحكومة  الموحدة  التي يتطلبها النظام الاقتصادي,فيما بينهم أو إقامة الحكومة الموحدة التي يتطليهها النصم الاقده أدي
في الأصل في المواطن التي تكثر فيها الرؤوس المستديرة ، وأن هذه المواطن هي من آسية الصغرى,في الأصل ي المواطن التي تكثر فيها الرؤوس المستديرة، وأن هذه المواطن هي من أسبة الصغري
التقاعد اختيارياً عند بلوغهم سن  ## الخامسة والستين,التقاعد اختياريا عند بلوغهم ملن ## الخامسةو السيدن
تمكن أهمية دراسة الأدب الشعبي في توطيد العلاقة بين ماضي الشعب وحاضره ،,تكمن أهمية دراسة الأدب الشعبي في توطيد العلاقة بين ماضي الشعب وحاضره،
بن سيار النظام : دعانا جار لنا فأطعمنا تمراً وسمناً  سلاءً ونحن,بن سيار النظام: دعانا حار لفا فأطعمنا تمراً وسمناً سببلاء ونجن
الطبيعية مثل حرائق الغابات والبراكين والتذبذب في شدة,الطبيعية مثل حرائق الغابات والبراكين والتذيدب في شدة
تقع في نصف الكرة الجنوبي ، وبهذا المعدل لذوبان الجليد قد تخسر تركة البيئة,تقع في نصيف الكرة الجنوبي ، وبهذا المعدل لذويان الجليد قد تخسد تركة البيئة
"لم تكن روح فدانزين الفنية لتسمح بذلك . قيل أنه نكر : ""أدى هذا الكتاب","لم تكن روح فرانوين الفنية لتشمح بذلك. قيل أنه نكز: ""أدى هذا الكباب"
المستمد من المسند، ولو كان قد وقف على ترجمات كتابات,المستهد من المسند، ولوكان قد وقف على ترجمات كتسابا
للمشروع تتحمل المسؤولية المتعلقة بخطة التحريري . وفضلاً عن ذلك ، تم إرفاق التقرير,للمشروع تتحمل المسؤولية المتعلقة بخطة الحريري. وفضلاً عن ذلك . تم إرفاق التغرير
من لاة ملوك الفرس وعمالهم على ثغر العرب الذين هم ببادية,من لاة ملسوك الخريت وعن الهم على سع لعرب الدينهم ببادية
عليها الطبيعة الصحراوية,عليها الطبيعة الصحراوية
تحرك مناطق المناخ الإيكولوجي من حيث خطوط العرض والطول,تحرك مناطق المناخ الإيكولوجي من حيث خطوط العرض والطول
وإنما  ننبت  إلى ضرورتها,وإما ننبك ألى ضعورتها
إلى تحسين طرق تصميم وتطوير البرمجيات على جميع المستويات وذلك بطريقة,إلى تحسيين طرق تصيميم وتطوير البرمجيات على جميع المستويات وذلك بطريقة
مثلاً على إطلاق كميات كبيرة جداً من بخار الماء وغاز ثنائي أوكسيد الكربون,مثلاً على إطلاق كميات كيرة جداً من بخار الماء وغازثنائي اوكسيد الكربون
يحطم البحر الميت أرقاما قياسية عللمية :  فهو يقع في منخفض عميق,يحطم البحر الميت أرقاما قياسة علمية: فهو يقع في منخفض عميف
ثم سبب آخر ، هو أن الإسلام ثورة على مجتمع قائم ثابت وعلى مثل تمسك بها,ثم سبب آخر، هو أن الإسلام ثورة على مجتمع قائم تابت وعلى مثل تمسك بها
فقام بحرق مئات الألاف من الكيلومترات المربعة من الغابات وحولها إى أراضي,فقام بجرق مئات الألاف من الكيلومترات المربعة من الغابات وحولها إلى أراجي
و الإرسال إليهم و الحرص على إجابتهم. و القوم ليس يلقون انفسهم عليك و انما,والإرسال إليهم والحرص على إجابتهم. والقوم لس يلقون اتفسمم عليك واتما
"الطبيعية في نكوين العفلية ومن هنا انتفد""هيكل""","السطبيمة ي تكوين العدلية ومن هيا التفد ""هيكل"""
فيها فتيلة في غاية الدقة وإذا هو قد ألقى في دهن المسرجة شيئاً من ملح ولولا أنك يريد أكثر .,فيها فتيلة في نغابية الدقه وإذا هو قد ألقى في دهن المسرجة سيئاً من علح ولولا أنك تريد أكثر#
تأثر سكان منطقة الأمازون من موجة الجفاف الشديدة التى اجتاحت,تأثر تعاب منطقة الامازون من موجة الحفاق المشديدة الت اجتادت
احسامها و تستفيد منها كمصدر للطاقه في فعالياتها الحيوية  . و تقوم,أحسامها وتستفيد مها كصدر للطاقه في فعالياتها الجيوية. وتقوم
الكوارث البيئية الطبيعية هي كوارث تؤدي الى حدوث دمار كبير في البيئة عرفها الإنسان.,الكوارث البئية الطبيعية هيا كوارث تؤدي الى حدون دمار كبير في البيئة عرفيها الإنان.
ويرى بعض العلماء إن تاجك و تجك و تارك هي من الأصل المتقدم  من أصل لفظة طيء3 ولكلمة,ويرى بعص العلماء إن تاجك وتجرء وتارك جي من الأصل المتقدم من أصل لقظه حيء وتلمن
الجليدية (وهي تغيرات مناخية) ما توصل إليه عالم الرياضيات البلجيكي,الجليدية (وهي تغيرات مناخية ) ماتوصل إليه عالم الرياضيات البلجيكي
تنقل وعدم استقرار لا يحترفون الحرف على شاكلة اهله,تتقل وعدم استقرار لا يجر فون الحرف على شاكلة امعله
العربية من مصر و الجزائر والمغرب,العريية من منعن دالجة الترد المغزي
وتقليل التلون البيئي الناتج عنما والتقليل من إستهلاك الوقود الإحفوري كمصدر للطاقة.,وتقليل التلون البيئي الناتج عنها والتقليل من إستهلاك الوقود الإحفوري كعصد للطاقة
الاجتماعية ، ونظرا للتأجيل المتكرر لأولويات البلاد ، على,الاجتماعية، ونظرا للتأجيل لمتكرى لأولويات البلاد، على
والمستوى التعليمي والمساحة المزرعية والدخل المزرعي مع المتوسط,والمستوى التعليمي والمساحة للمزرعيية والدخل المزرعي مع المتوسط
بمهمة التدريب مراتز المعلمين والجامعات ، وذلك تحت إشراف وزارة العلوم,بمهمة التدريب مراتز المعلمين والجامعات ، وذلك تحت إثراف وزارة العلوم
عثور السياح على عاديات وآثار سكن على حافات الأودية. ومن,عثور السياح على عاديات وآثا تسكن على حافت الأودية. ومن
وعلى مسافة اثني عشر ميلاَ من مكة جبل، يقال له جبل النورة، حيث تحرق,وعلى مسافة اثني عشر هيلاً من كة جبل، يقال له جبل النورة، حيث تحرق
اسقة يا غلام ما أصب من الشراب. فلما سقاهـ استقله و طلب الزيادهـ منة.,اسقة ياغلام ما أحت من الشراب. فلما سقاه استقله وطلب الزيادة منة.
الكلأ الذى يتخذ غذاء للحيوان أو البقول . وكان زوجان من الثيران  القويــــة,الحلأ الذي يتخز غذاء للحيوان أو البقول . وكان زروجان مق الثيران القوسسة
أما الرحله الثانية، فكانت في نيسان سنة 1885 م ودامت حتى فبراير سنة 1886،,أما الرحله التانية، فكانت في يسان سة 1995م ودامت حق فرايد نسنة 1995،
سكنت بها سنة، فأطلعت على أخبار خولان و أنسابها و رجالها، كما أطلعت,سكن بها منة، فأطلعت على أخار خولان وأنسلها ورجالها، كما أطللعت
بينت حداد ( 2008 ) ان جليد القطب الشمالي قد خسر,بيفت حداد (2000) ان جليد القطب السمال قد حسر
الحرارة داخل الدفيئة ،كذلك تتسبب الغازات الضارة التي تنبعث,الحرارة داخل الدفيئة ، كذلك تتسبب الغازات الضارة التى تنبعث
لهم. ولو لا أنك سألتني هذا الكتاب لما تكلفته وبما وضعت كلامي موضع الضيم,لهم. ولو لا أنك سألتني هذا الكتاب لما نكلفته ولما وضعتت كلاسي بوضع الضم
صور الطاقة اليها،فعند تشغيل الألات المختلفة باستخدام الوقود ،تكون,صور الطاقة آليها، فعند تشغيل الألات المختلفة باستخدام الوقود، تكون
أميركي. أما الإعصار كاترينا الذي ضرب الولايات المتحدة,أميركي. أما الإعصار كاترميا الذي ضرب الولايات المخدة
متخصصون في البوادي وفي الحواضر و في كل مكان من جزيرة العرب ، روعي عند,شخعصون في البوادي وفي الحوافر وفي كل مكان مي جزيرة العرب، روعلى عنن
أوكسيد الكربون هي الأعلى منذ 700 ألف سنة مضت بعكس ذلك العلاقه,أو كيد الكربون هي الأعلى من100 ألف سنه مضب بعكي ذلك العلاقه
العلم و التكنولوجيا حتى يخدمان الإنسان و لا  يضران به. نستنتج إذاً,العلم والتكنولوبييا حتى يخدمات إلإنسان ولا يضوان به. يستنتج إذاً
يوجة العلماء باللائمه ، على نطاق واسع ، على انبعاثات الغازات الناجمة,يوجة العملما باللائعه، على نطاق واسع، على انبعاثات الغازات الناجمة
هو الهند وسيلان. النحل الغربي (العاسل)  وتعني كلمة النحل الناقل,هو الهند وسيلان. الكنعل الغربي (العاسل) وتعيي كلمة الحل الناقل
العين أو تسمعها الأذن أو يشمها الأنف أ تتحرك لها لمسات,العين اوتسمعها الأذن اوبشمها الأنف اتتحرك لهالمسات
العمى . فقال : ذلك لها شهادة . فبكى حتى عمى  وقد مدح بالبكاء ناس كثير:,العمي . فقال: ذلك لها شهادة. فبكى حتى عمى وقد صدح باللكاء ناس كقر:
منطقة أبار,منطقة أبار
حتى وصلت الى 190 جزء بالمليون,حتى وصبلت إلى 190 جزء بالمليون
تقفز فوق درجه الصفر المئوي,تقض فوق درجه الصفر الحئوي.
و كذب من قال ذلك و لكنا اهوينا معاً فوفقت يدي مني مقدم الشحمه,وكذب من قال ذلك ولكنا أهوينا معاً فوفقت يدي عني مقدم الشحمره.
فوق سطح الأرض. فلا يشعر المار إلا وأمامه حية قافزة تفزعه وترعبه,فوق سطح الارض. فلا ييشعر المار إلا وأمامه حية قافزة تفرعه وترعيه
كل إنشاءات التدريس مجهزة تماما .كلها جديدة و متقدمة ، فشاشات الكمبيوتر,كل إنشاءات التدريس مجهزة تماما - كلها جديدة ومتقدمة ، فشاشات الكمبوتد
غير الحكومية ، في خلق وتدبير وصيانة الخدمات الأساسية . وفي,غنير الحكومية، في خلق وتدبير وصيانة الخدمات الأساسية. وي
المحترف .,المحتدف.
المعلومات الإرصادية عالمياً في عام 1861. تشير هذه المعلومات خلال العشرين سنه الاخيرة الى أن,المعلومات للإرصادية عالمياً في عام 1195. تشير هذه الهلومات خلال العشرين سله الاخيرة الى أن
الفيضان الذي ضرب الصين في تموز- آب من عام 1931 هو أسوأ كارثة بيئية مرت بها الصين في العصر,القيضات الذي خرب الصين في تموز - آب من عام (199) هو أسوأً كارثةً بيئية مرت با الصين في العص
سنوات الدراسة ،,سنوات الدراسة،
إن المنطقة الشرقية من النفوذ أوطأ من مستوى المنطقة الغربية عند خط طول,إن المنطقة الشدعية من النفوذ أوطأ من متوى المنطقة الغرية عند النخط طول
إلى صالح بن حنين .,إلى صالح بن ضين.
يحتوي على مختلف أنواع الأحياء النباتية و الحيوانية البىية و كذلك الأحياء المائية . بسبب ضخامة,يحتوي على مختكلق انوا#ر لأحيل النباتية والحيوانية البية وكذلك الأحياء المائئة السبب ضخامة
وعلاقاتهم الجماعية . ويتم تعريف الطلاب بميراثهم الثقافي حتى يتمكنوا,وعلاقاتهم الجماعية، وينم تعريف الطلاب بميراتهم التقافي حتى يتمكنوا
تواجه الكثير من البلدان الأفريقية والاسيوية ومنها الدول العربية,تواجه الكثير من البلان الأفريقية والاسيوية وضها الدول العربية
وطاقة المد والجزر، وطاقة الرياح.,وطاقة المد والجزر ، وطاقة الرياح.
من سكان الهند بالهندوسية ((وهي ديانة ترجع في أصولها إلى الهند ).,هن سكان الهند بالهندوسية ((وهي ديانة ترجع في أحولها إلى الهيد).
الى إطلاق تراكيز متزايدة من غازات الإ حتباس الحراري والملوثات ( اكسيد الكربون والنايتروجين,الى إطلاق تراكيز متزايدة من غازات الإحقباى الحراري والملوثات (اكسيد الكربون والنايتر وجين
الجالية المغربية المهاجرة إلى  الخارج : إذا كانت الهجرة المغربية نحو أوروبا قد تمت بشكل,الجالية المغربية المهاجرة إلى الخارج: إذا كانت الججرة المغربيعة نحو أوروبا قد تمت بشكل
في هذه الكليات تكون مرتفعت جدا،,في هذه الكليات تكون مرتفعت جداً ،
الخلال خفت مؤنته وقل كبره . وقالوا : لا جديد لمن لا يليس الخلق .,الغلال خقت مؤنته وقل كبره . وقالوا :لاجديد لمن لايلس دالو.
قال والله فعلت. فقال الكندي : ما بعد الله شيء ! قال عمر : فكتفه,قال والله فعلت . فقال الكندي : ما بعد الله شيء ! قال عمر : فكتفه
ومستشعر لنداء المستقبل . وهكذا ، فقد اتسمت ساكنة البلاد ، في الوقت نفسه ،,ومستشعر لنداء المستصبل . وهـكذا، فقر التسمت ساكنة البلاد، في الوقت نفسه،
تعزز نتيجة القصة بمثل ما ، أو تحول القصة إلى أغنية شعبية ..,تعزز نتيجة القصة بمثل ما، أو تحول القصة إلى أغنية شعبية..
من مساقط المياه وكذلك التبخير والتأثيرات المناخية والترسبات وغيرها إلا أنها ستبقى كأحد,من مساقط المياه وكذلك التخير والتأثيرات المناخية والترسبات وغيرها إلا أنها ستبقى كأحد
الزوابع يغبر الأفق ويكفهر وجه السماء، ثم تهب بعد لحظات عواصف شديدة و,الزوابع يعبر الأفف ويكفهر وجه السماء ، تثم تهب بعد لحطات كواصف مشسدية و
نعم ثم ينفذون المطابخ في العلالي على ظهور السطوح و إن كان في أرض الدارفصل و في,تعم فم ينهذون المطابخ في العلالي على ظهور السطوح وإن ككان في أرض الدارفصل وفي
للصحراء.,للصحراء.
للإنسان أن يستغلها إلا أنها محدودة أو باهظة التكاليف، وهذه المصادر هي:,للإنسان أن يستغلها إلا أنمنا محدددة أوباهظة التكاليف، وهذه المصادرهي:
الحراري لأن لها دوراً صزدوجاً. فهي من جانب تساهم خي عكس ال شعة,الهراري لأن لهاد ورامنزدوجا. فهي من جانب تتسام في ءكلذن الاشعة
لزيادة إستهلاك الطاقة والتي تأتي نسبة عالية منها عن طريق إستهلاك مختلف أنواع,لزيادة إستهلاك الطاقة والتي تأتي نسبة عالية منها عن طريق إستهلاك مختف أنواع
والشفافية والثبات لتصل إلى مستوى يؤهل كل فرد في المجتمع الوصول إلى غايته,والشفافية والثبات لتصل إلى مستوى يؤهل كل فرد في المجتمع الوصول إلى غايته
المتزايدة للحصول على مساحات أوسع و أرحب لتواكب النمو السكاني و الضغط على المواد الطبيعية,المتزايدة للحصول على مساحات أوسع وأرجب لتواكب النعو السكاي والضخط على المواء الطبعية
فيما لوحظ إنتقال أنواع من نباتات شرق آسيا إلى سواحل البحيرة وبالمقابل تأثرت,فيما لوحظ إنتقاًل أنواع من نباتات شدق آسيا إلى سواحل البعيرة وبالمقابل تأثرت
بل أحياناً يتطلب  الأمر  الحصول على دبلوم البكالوريا أولاً.  ب ـ تعليم اللغات: ويلقى هذا,بل أحياناً يتطلب الأمر الحصول على ديلوم البكالوريا أولاً . ب- تعليم اللغات: ويلقى هذا
يقوم بها الإنسان ومنها الصناعية والزراعية والمنزلية والتعدين والتنفس ...... .الخ .,يقوم بها الإنسان ومنها الصناعية والزرالعية والمنرلية والتعدين والتنفس .......الخ.
فلما امتنع قالوا : اجعلها دعوة ليس لها أخت . فلما أكلوا وفسلوا أيدهم,فلما امتتع قالوا: اجعلها دعوة يس لها أخت .فلما أكلوا ومسلواأيدبه
المال تؤدي دفعة واحدة ، وباعوا أرقاء الأرض حريتهم بأثمان يؤدونها,المال تؤدي رفعة واحدة ، وباموا أرقاء الأرض حرييهم بأثماة يؤدديرها
ما كان الطلب واقبح ما يكون به الكسب . فعبتوني بذلك وقد قال عمرو بن العاص : اعمل,ما كان الطلب واقبع ما يكون به الكسب . فعيتموفي بذلك وقد قال عحرومن العاص : العمل
يقدمون عليه من معاملات غير شريفة,يقد مون عليه في معاملات عير شريفة
كبيرة لا يمكن إن يقولها أحد. إنما اختلفوا في درجة نسبة الصحيح إلى الفاسد.,كيرة لا يمكن إن يقولها أعه إنم اختلفو افي درعة تسبة الصجبح إلى الغاس.
لم يسكت عنها رواة الشعر الجاهلي وطلابة الذين كانو يبحثون,لم يسلت عنها رواة الشعر الجاهلي وطلابة الذين خانو يبحثون
تبلغ درجة حرارة الماغما المندفعة من فوهة البركان 500 درجة مئوية و يحتوى,تلغ درجة حرارة الماغما المندفعة ن فؤهة البركان 25 درجة ئوية ويحتوى
أيضا، وأحيطت عندهم بهالة من التقديس والتعظيم . وزخرفت,أيضا، وأحيط عندهم بهالة من التقديس والتعظييم. وزخرفت
"فزار الدكتور ""سيتزن"" جنوبي بلاد العرب، يمكن من نقشر صور نصوص عربية جنوبية أرسلها إلى أوروبه عام 1810 م","هزار الاكتور ثيتنزن"" جنوبي بلاد العرب، يمكن من نقشما صور نصوص عربيلة جنوبيه أرسلها إلى أوره بله علم 1990م"
المدينة، كثير النمل والزرع، في طريق الحاج، سلكه الرسول غير مرة، وعليه قرية,المديدة، كثير النمل والزرع، في طريق الحاج، ملكه الرسول غيرمرة ، وعليه قرية
"شرق ال ، أي الخابور اسم  كما أدخل ""هيرودوتس"" أرض طور سيناء إلى شواطئ","شرق ال، أي الخايور امم كما أدخل ""هي ودوتى"" أرض طور ميناء إلى شواطيء"
اعتباراً من الثورة الصناعية وإلى يومنا هذا. إن انتباه الانسان لسؤ # سلوكه,اعتباراً من الثورة الصناعية وإلى يومنا هذا. إن انتباه الإنسان لسؤسالا سلوكا
"عهدها، كما يرى خبراء البعثه إلى ألفي سنه . ودراسه أخرى لمدينه ""تمنه""","عهدها، كمايدى خبراء البعثه إلى ألفي سنه. ودراسه أخرى لحدينه ""تحنه"""
بإمتصاص للإشعة الشمسية. إذ تقوم السطوح السوداء اللون,بإمتصاص امل للأشقة الشمسية بميما الحسطوح فاتحة اللوننسة علية
ويرى بعض الباحثين إن البحر الأحمر لم يكن وحده نتيجة خسف أصاب بلاد العرب، ففصلها عن,ويرى بعض الباحثين إن البحر الأحمر لم يكن وحده يتجة خسف أهحاب بلاد العرب، ففصلها عن
الذي جرى بين وفد النعمان الذي اختاره من خيرة ألسنة القبائل,الذي جره ين وقد النهان الذي اختاره من خيرة ألمنة القبائل
بربطانيا وفرنسا حيث كانت نتوفر طواحبن لطحن الحبوب تعمل,بريطانيا وفرنسا حيث كانت نتوقر طواحين لطحن الجبوب تعمل
ان المعلومات الارصادية الموثقة لدى المنظمه العالمية للإرصاد الجوي تؤكد على ان السنوات,إن المعلومات الارصاديلة الموثقة لدى المتطمه العالمية للإرصاد الجوي تؤكد على ان السنوات
الاسره ، ونوم معظم أفرادها . وقد يكون فى إحدى اطرافها مصطبة مرتفعة ، يتاول عليها,الاسره، ونوم معظم أفرادها. وقد يكون في إحدى اطرافها مصطبة مرتفعة ، يتاول عليها
الذين حكموا على كتابها بالموت ما إن طرح,الذين حكموا على كتابها بالموة ما إن طوح
مما يحمل على الاعتقاد بوجود مجاري أرخية  سطح الوادي، وإنه في يوم,مما يحمل على الاعتقاد بوجود مجاري أرخية سطح الوادي، وإنه في يوم
لبناء تجمعات عماليه سكانية تستوعب الهجرة,لبناء تجمعات عماليه سكانية تستوعب الهبجرة
المسببة للإحتباس الحدادي . من جهة ثانية تسبب الإنسان عن قصد بقطع الأشجار.,السيبة للإحتباس الحراري. من جهة ثانية تسببب الإنسان عن قصد بقطع الأشجار.
"يهدم ما قبله، وكذا الهجرة والحج""، وبعد ""باب هل يؤاخذ بأعمال الجاهلية"" وقد","يهدم ماقبله، وكذا الهجدة والحج""، وبعد""باب هل يؤاخذ بأمال الجاهلية"" وقد"
وهو منظمة  إقليمية تتمتع  بعضوية 20  دولة في شمال  وغرب وشرق,وهو منظمة إقليمية تتمتع بعضوية 00 دولة في شمال وغرب وشرق
تد يرها مياه تصب من أعالي السد ود .  طاقة الأمواج : وهي,تديرها مياه تصيب من أعالي السددد. طاقة الأمواج: وحي
"هو سنة 27 م تقريباً، وصاحبه هو الملك ""يسر يهنعم"" ""ياسر يهنعم"" ""ياسر ينعم"" ملك","هو يينه (10م تقريباً؛ وهاًحبه هو الملك يسر يعمنهم""يإسر ينعم ""ملك"
يوجد عدد كبير من الكليات لدراسة العلوم الطبية وتوزع حسب التخصصات العلمية كما يأتي : (151),يوجد عدد كبير من الكليات لدراسة العلوم الطسية وتوزع حسب التخصصات العلمية كماياتي: (115)
على التحكم في الأجهزة الخارجية، ومنها الكراسي المتحركة، الأطراف,على التخكم في الأجهزة الخارجية، ومنها الكراسي المتحرعة، الاطراق
إذا جاءت بمعلومات عن نواحى من تأريخ العرب تجهلها ، و قد شارك هو نفسه في,إذا جاءت بمعلومات عن نواصى من تأريخ العرب تجهلها، وقد شارك هونفه في
في ما يلي طائفة من الألفاظ تؤكد ذلك .,في ما يلي طلائفة من الألفاظ توكد ذلك.
الداكنه للإشعاع و تحويله إلى حرارة و التي يدورها,الداكنه للإشعاع وتحويله إلى حرارة والتي يدورها
هنا وقد تبين أن أكثر المجالات معرفة هي أكتر مهارة ، وأقلها معرفة # معادة ، الأمر,هذا وقد تبين أن اكثر المجالات معرقة حي أكتو مهارة، وأقلها معرقة # معارة، الأمر
الكرة الارفية بعدة تغيرات مناخية على مدى ملايين السنوات المافية وكانت,الكرة الارضية بعدة تغيرات مناخية على مدى ملايين السنوات الماضية وكانت
ومتى أريد بالمزح النفع وبالضحك الشيء الذي له جعل الضحك صار,ومتى أريد ابالمزح النفع وبالضوك الشيء إلذي له جعل الضعك صار
وربط هذا الحاضر بتطلعات الشعب المستقبلية ، ومن هنا تتعاظم أهمية #,وربط هذا الحاضر بتطلعات الشعب المستقبلية، ومن هنا تتعاظم أهمية #
أما أثر الموارد الفارسيه في ماده الفصول المدونه عن الفرس وعن ملوك الحيرة,أما أثر الموارد الفارسيه في مساده الفصول المدولة عن الفوس وعن ملوك الحيرة
الرتيب للمواد المشعة من المفاعلات النووية.,الريتب للموار المشعة من المفاعلات النروية.
وإيواء من لا مؤى لهم .,وإيواء من لا مؤى لهم.
حاملة حرارتها إلى داخل الدفيئة ومن ثم لا تشرب الحوارة خارجاً بنفس المعدل . .,حاملة حوارثها إلى داخل الدفيئة ومن ثم لاتشرب الحوارة خارجاً بنغس المعدل ..
بدرب بالمدارس الحامة و يتمتع بقوى سحرية في نفس الثهر الذي ننحى فيه توني بلير عن رئاسة الوزراء,بددب بالمدارس العامة ويتمتع بقوى محرية في نفس التهر الذي ننخى فيه تويني يلير عن دئامة الوزراء
قراءة لاسلكي يمكن حمله باليد كما يمكنه الاحتفاظ بجميع صور المادة,قراءة لاسلكي بمكن حمله باليد كما يمكنه الاحتفاظا بجميع صور المادة
من الادارة المحلية وربما أمكننا تشبيه علاقة شيوخ,من الادارة المعلية وريما أمكنا نتبيه علاقة شيوف
اعوام . يعانى اكثر من نصف مليون شخص من المجاعة التامة ويعتمدون,اعوام. يعاني أكثر من نصف مليون شخص من المماعة التامة ويعقدون
ولم يشر المسعودي إلى العرب الذين أرخوا بالتقويم المذكور،,وع يشر المسعودي إلى العرب الذي أرخوا بالتقويم المذكور،
الظروف المناخية التي تلائم السلالة المفضلة وفي ليبيا تُستورد,الظروف المناخية التي تلائم السلالة المفضلة وفي ليبيا تستورد
وكانت قواعد النقايات تحدد عدد الروؤساء فى كل منطقة ، وعددالصبيان الذين يدربون عند,وكانت قواعد النقايات تحدد عدد الرؤساء في كل فدطقة، وعدد العبيان الذين يدربون عق
قليل مثل غازي الهليوم والهيدروجين. وهي طبقة متخلخلة تكون,قليل مثل غازي الهليوم والهيدر وجين وهي طبقة متخلخلة تكون
الخمس التي تتكون منها الطلعة,الخمس التي تتكون منها الطلعة
تبدأ جميع الكائنات الحية الحيوانية بما فيها الانسان بالتنفس منذ اللحظة الاولى للولادة وتستمر,تبدأ جميع الكائنات الحية الجبوانية بما فيها الانصان بالتنفس منذ اللحخلة الاولى للولادة وتستمر
وضع كتاباً في مثالب القبيلة الفلانية أو في مدحها ترضية لرجال تلك القبيلة,وفع كتاباً في متالب القبيلة الغلانية أوي مدحها لرحيه لربال تلد العبيله
دورات تنتهي بالحصول على شهادة التدريب  .,دوران تننهي بالحصول على شهادة التدربب
سرعة الرياح فيه تبلغ 280 كم بالساعة,سرعة الرياح فيل تبلغ 0 كم بالساعلا
حتى يتمكنو  من  أن تعتلي الحضارة الوسط المكانة  التي تستحقها,حتى يتمكنو من أن نعتظي الحضارة الوسط المكانة الذى يسنحعقة
"بكثرة , بينما نجد ه في الشعر الشعبي هنا وهناك حيا"" خالدا"" شاهدا"" على أن هذ ا الثعر صالح لأن",يكثرة، بنما نجده في الشعر الشعبي هنا وهناك حياً خالواً شاهداً على أن هذا الشعر صالح لأن
معدلات الدفء بها. بدات العصور الجليدية مباشرة بعد انتهاء العصر الطباشيري,معدلات الدف بها . بدات العصور الجليدية مباشرة بعد انتهاء العصر الطباشيري
ويبدو أن النحل عموما ظهر في العصر الثالث في المناطق الأستوائية،وأقدم,ويبد وأن الذصل عمو ما ظهر في العصر الثالث ي المناطق الاستوائية، وأقدم
المائية من أسماك وبرمئيات نتيجة انخفاض مستويات المياه عن الانهار,المائية من اسماك ومائيات نتيجة الخقاتت مسستويات المياه عن الإسفار
"وأثار امتعاضا"" واسع الانتشار كان قدار الجديدة اليومية الجورجية ، أتلانتا جورنال",وأثار امتعاضاً واسع الانتشار كان قرار الجريدة اليومية الجورحية ، أثلانتاً جورنال
فيها صخور بركانية ونارية: وقد تكوّ ن أكرها بعد تغييرات كبيرة,"فيها صفور بركانية ونارية : وقد نكوّن اكرها بعد تغبير""ت ليبرة"
على ستة قادات يعتمد جميعهم تقريباً على الطاقة الكهربائية المنتجة في محطات توليد,على ستة قارات يعتمد جميعهم تقريباً على الطاقة الكهربائية المنتجة في محطات توليد
من 1600 مليون ( 1.6 مليار ) عام 1900 إلى 5300 مليون (5.3 مليار ) عام 1990م ،,من 1190 مليون (15 مليار) عام 1190 إلى 100 مليون (1.5 ملياد) عام 11990م،
وسواء سميناهم أو ذكرنا ىما يدل على أسمائهم . منهم  الصديق,وسواء سميناهمأ وذكرنا ما يدل على أسمائهم مننهم الصلل يقه
وغلافها الجوي تتأثر بالتغير الحاصل في مدار دوران الأرض حول الشمس وحينما تقترب,وغلاقها الجوي تتأثر بالتغير الحاصل في مداد دورات الأرض حول الشمس فحينى تقترب
ذلك كاتت بداية نظام التأمين في القرن الثالث عشى، فكانت تقابات التجار تؤمن أعضاءها,ذلك كانت بداية دظام التأمين في القرن الثالث عش، فكانت تقابات التجار تؤمن أعضاءها
طاقة الرياح : حيث يتم تحويل الرياح الى طاقة كهربائية,طاقة الرياح : حيث يتم تحويل الرياح الى طاقة كهربائية
آثار الجفاف.,آثار الجفاف.
أعوام، وكان لديه من المال ما يستطيع به فتح حانوت مستقل امتحن لمعرفة كنايته الفنية,أعوام، وكان لديه من المال ما يستطبع به فتح كانوت ستقل امتمن لمعرفة كياينه الأنيه
انخفاض المستوى  .  ينزل المستوى باستمرار   بقدر كبيرنتيجة نشاط الإنسان حوله,انحغاض المسعرى . ينزل المستوى بانتمرار بقدر كبير نتيجة نتباط الإنسان حوله
حمايته على أوسع نطاق.,حتايته على أوسع نطاق.
تقدر كمية بخار الماء الموجودة في الغلاف  لكوكب  بـ 4 مكعب,تقد ركمية بخار الماء الموجودة في الغلاف لكوكباب ما مكعبا
من الفخ العطم .,"من القح"" الققم."
طاقة كهربائية مثل تحويل الطاقة الميكانيكية,طاقة كهر بائية مثل تحويل الطاقة الميكا نيكية
جدد في هذا  المجتمع المتحول ، من بينهم ، على  الخصوص ، حركة,جدد في هذا المبجتمع المتحول، من بينهم، على الخصوص ، جركية
بالوقف ماحتالت القضاة على اولادهم بالإستحجار. ما أسرعهم إلى إطلاق,بالوقف ماحتالت القضاة على اولادهم بالإستججار ما أسركيهم رلى إجالاه.
معامل الارتباط البسيط 0.174و 0.157 و 0.139 على التوالي . كما تبين وجود علاقة,معامل الارتباط البيط 191.9و 191.7 و 191.5 على التوالي . كما تبيثق وحود علاقق
مما أدى إلى تزايد أعدادها وانتشارها الكبير في الكثير من المناطق والغابات الألمانيه .,مما أدى إلى تزايد أعدادها وانتشارها الكبير في الكثيل من المناطق والغابات الأكانيه.
أن قال : نظر خالد المهزول في الجاهلية يوماً إلى ناس يأكلون وإلى ابل تجتر. فقال,أن قال: نظى خالد المهنول في الجاهلية يوماً إلى ناس يأكلون وإلى الك تجتر . فقال
المزح جداً والضحك وقاراً . وهذا كتاب لا أغرك منه ولا أستر,المرح جداً وألضحك وقاراً. وهذا كتاب لا أغرك منه ولا أسر
ساعات برودة كثيرة ، لهذ تنجح زراعتها على ارتفاع 1000 - 1200 م عن سطح البحر .,ساعات برودة كثيرة، كهذا تنج ززاعها على ارتفاع 1100 1000م عن سطح البجر.
الشمالية ، حيث الطبيعة مختلفة عن طبيعة بلاده و حيث الظرون,بلاده وحيث الظروف الاقتصادية والاجتماعية والثقافية متباينه،
من سطح التربة ( فوق نقطة التطعيم ) . وتح ذلك بواسطة المتر الطولي,من سطح التربة (فوق نقطة التطعم)، وتم ذلك بواسطة المتر الطولي
مختلفة مثل الكبريت والنيتروجين والرحاص وغيرها علاوة على غاز ثنائي,مختلفة مثل الكبريت والنيتروجين والرحاص وغيرها علاوة على غاز ثنائي
عدم توفر الماء والغذاء الفيضانات و الأمطار الشديدة في اثيوبيا عام 2006 أدت,عدم توفر الماء والغذاء الفيضانات والأمطار الشديدة في اثيوبيا عام 200 أدت
نصف قرن الماضي ، سيكون بإمكان المغرب ، المتصالح مع نفسه ومع,نصف قرن الماخي، سيكون بإمكان المغرب، المتصارح مع نفس، ومخ
3.الجامعات التقنية والهندسية : توجد في الهند ( 18 ) جامعة متخصصة لدراسة العلوم,2. الجامات التقنية والهندسة : توجد في المند (15) جامعة متخضصة لدراسة العلوم
يشكل التغيير الحاصل في بنية أعمار الساكنه إحدى التعبيرات العميقه,يشكل التغيير الحاصل في بنية أعمار الساكنه احدى التعبيرات العميقه
في جمهورية النيَجر والتي تعتبر أفقر دولة عالميا إلى تهديد,في جمهورية النتجر والتي تعتبر أفقر دولة عالميا إلى شهديد
كلاً من جمهورية الجيك وبولندا . تبلغ مساحتها 357104 كيلومترمربع,كلاً من جمهورية الجيك وبولسندا . تبلغ مساحتها 199955 كيلو مترمربع
توفر عملية الإنتقال من الوقود الإحفوري كمصدر للطاقة إلى مصادر الطاقة المتجددة,توفر عملية الإنتتال مين الوقود الإحفوري كمصدر للطاقة إلى مصادر الطاقة المتجيدة
يجران المحاريث ذات الســـهام الحديدية تتعمق الارض  أكثر من ذى قبل,يجران المحاريث ذات السهام الحديدية تعمق الارض أكثر من ذي قبل.
على حقهم في أن يحاكموا في المنازعات الخاصة بهم  وحدهم أمام مندوبين من بلادهم ؛,على مرقهم في إن يحاكموا في المنازعات الخاصة بهم وحدهم إمام ميدوبين من بلادهم؛
المتحدة بلغ نحو 50 بليون دولار# عام 1989م,المتحدة بلغ نحو 15 بليون دولار# عام و995م
فلم أنشطه و لم أحته قال: لولا أنه وافق هواهـ ! ثم قال : و مد رجل,فلم أنشطه ولم أحته قال: لولا أنه وافق هواه! ثم قال: ومد رجل
يصنعون اقداحاً صغيره مشكله او محفوره ذات صور خياليه,يصنعون اقداحاً صغيره مشكله او ممضوره ذات صور حياليه
"الأربعة.  أجازت حكومة هانقو  مؤخرا ""برنامج بناء الحي الإيكولوجي"" الذي حددت","الأريعة. أجازت حكوقة هانقو مؤخرأً ""برناجج بناء الحي الإيطولوجي ""الذي حددت"
متوالية اكتسحت جميع مناطق العربية الجنوبية، وأتت على مدنها، إذ استعمل القادة سياسة حرق,متوالية اكتسحت جميع مناطق العربية الجنوبية، وأتق على مدنها، إذ الستعمل القادة سياسة مرق
حاجة عضويتة ، وهنا نقول:  إن تناوله للطعام   بتأثير دوافع  الجوع  سلوك,حاجة عضويتة، وهنا نقول إن تناوله للطعام بتأثير دوأفع الجوع سلوك
أمريكي. من مجموع عدد ضحايا الكوارث الطىيعيه والبيئيه والبالغ عددهم 1.75 مليار,أمريلي . من مجموع عدد ضغايا لكوار الطيعيه والسئيه والبالغ عددهر ر1.5 عليا
مثل الصين والهند والبرازيل خلال العقود الأربعة الأخيرة  .,مثل الحين والهند والبرازيل خلال العقود الأربيعة الأخيرة.
المختلفة ، كما أنها تعتبر في الوقت الحاضر المصر شبه الوحيد في الحصول على الوقود,المختلفة ، كما أنها تعتبر في الوقت الحاضر المصرشبه الوحيد في الحصول على الوقود
فقد عاد آلامر و بطل قلت : هذا ما لاشك فية . و قد علمت عندي بالثواب,ققل عاد الامر وبطلل قلت : هذ اما لأشك فية. وقل علمت عنديي بالحواب
اقتصادية).. الثاني، إجادة والتزام اليابان بقواعد اللعبة الاقتصادية التي وضعت الولايات المتحدة,اقتصادية).. النالي، إجادة والتزام اليابات بقواعد اللعبة الاقصدية التي وصعت الولايات المتحدة
الدفيئه الغازات المسببة للاحتباس الحراري,الدفيته الغازات المسببة للاحتباس الحراري
وهكذا سجلت السنوات الاخيرة حدوث منعطفات نوعية في التعامل مع القضايا الاجتماعية ،,وهكذا سجلت السنوات الافيرة حدوث معطفات نوعية في التعائل مع القضايا الاجتماعية ،
الكلأ وقل الماء،ارتحلوا إلى مواضع جديدة وهكذا حياتهم حياة,الكلأ وقل الماء، ارتحلو إلى مواضع جدية وهكذا حياتهم حياة
إستخدام الالات منَ تطوير الإنتاج الصناعي و الزراعي,إستخدام الالات من تطوير الإنتاج الصناعي والزراعي
بعض التجدد ، من خلال الأنماط الجديدة  للنشاط الاقتصادي والإجتماعي ، غير أن هذه,بعض التجدد ، من خلال الأنماط الجديدة للنشاط الاقتصادي والإجتماعي ، غير أن هذه
طبقة الستراوسفير على معظم كمية غاز الأوزون (90%) الذي يجمي كوكب الأرض من تاثيرات,طبقة الستراوسغير على معظم كمية غاز الأونرون (19%) الذي يحمي كوكب الأمرض من تاثيرات
حتى  تعم فائدته وتنتشر,حى لعم فائدمه ونتتشر
اذ بلغت كمية الأمطار الساقطة على المتر المربع الواحد,أذ بلغت كمية الأمطار الساقطة على المتر المربع الواحد
والسطوح الصلبة وذلك لأن ذرات # و جزيئات الغاز تكون متباعدة,والسطوع الصلية وذلك لأنه ذرات # وجزيئاًت الغاز تكومن متباعدة
الانسان .,الانسان.
الدفاع عنه من الخارج خندق عريض عميق : وكانت الأتربة الناتجة من حفره والتى,الدفاع عنه من الخارج خندق عريض عميق : وكانت الأتربة الناتجة من جفره والتي
ظاهرا. فاقتصر علمهم فيه على الأمور القريبة من الإسلام، على أنهم حتى في,ظاحر مامتص علمهمر فيه على الأمور القريبة من الإسلام، على انهم حتى في
"والنص الوحيد الذي وردت فيه لفظة ""العرب"" علماً على العرب جميعاً من","والثص الوحيد الذي وردت فيه لقظة ""العوب"" علماً على العرب جميقاً ه"
"بالأمة من نظم اجتماعية كنظام حكومة ودين لأسرة ونحو ذلك""، ثم خلص من بحثه عنالعقلية العربية  و عن مظاهرها و كأنه نسي","بالأمة من نظم اجتماعية كنظام مكومة ودين فأسرة وخو ذلك""، ثم خلص من كثه عن العقلية العربية وعن مظاهرها وكانه نسي"
المهارة في استخدام طرق ووسائل المحافظة على المياه ، وطرق الاستخدام الآمن للمبيدات .,المهارة في استخدام طرق ووسائ المحافظة على الحياه ، وطرق الاستخدام الآمن للمبيدات.
كتاب الله، وتبسط ما كان عالقا بأذهان الناس عن الأ التي سبقت الإسلام، وتحكي ما سمعوه,كتاب الله، وتبسط ما كان عالقا بأذهان الناس عن الأالتي مببقت الإسلام، وتتكي ها سمكود
كانت هناك العديد من إشراقات الفجر الزائفة في عالم النشر الرقمي الجديد ، لكن,كانت هناك العديد من إشراقات الفجر الزائفة في عالم النشر الرقمي الجديد، لكن
طور العالم الفيزيائي والفلكي الصربي ميلوتان يانكوفيتش عام 1930 تفسير,طور العالم الفيزيائي والفلكي الصربي ميلوتان يانكوفيتش عام 199ا تفسير
ذلك الحين ؛ بدأ للجميع  أن  الرأسمال  المادي,ذلك العين ؛ بدأللجميع أن الرأمال المادي
من المناخ # الخريفي حيث شهدت الأعوام الأخيرة بروز مواسم شتوية,من المناخ # الحريفي حيث شهدت الأعوام الأخيرة بروز مواسم شتوية
حيث الأمطار أقل بنسبه 20% على الأقل في بعض المناطق من العالم .,حيث الأمطار أقى بنسبه 9 على الأقر في بعض المناطق من العالم .
الارض . كما وان غازات الإحتباس الحراري عندما  تمتص الأشعة تحت,الأرض .كما وان غازت الإحبباس الحراري عندما تمتص الأشعة تحت
(موسى ، 1996) تموت سنوياً أعداداً لا تحصى من الكائنات الحيه,(موسى، 1990) تموت ستوياً أعداداً لاتحصى من الكائنات الحيه
بعض الشعر لأغراض، منها العصبية القبيلية، كما ساًتحدث عن ذلك فيما,يعض الشعر لأغراض. منها العحيية القبيلية . عماسأنحدت عن دلك فيما
بالإحتباس الحراري الناجم عن الإفراط في استخدام المحروقات. وقد قام الفريق,بالإحتباس الحراري الناجم عن الإفراط في استحدام المحروقات. وقد فام الفريق
في ذلك، وهو عندي في هذا الباب مثل غيره من قراء الخط الحم! ودليلي على ذلك,في ذلك ، وهو عندي في هذا الباب مثل غيره من قراء الخط الحم ! ودليلي على ذلك
للدراسات العليا وتقوح بمهمة إجراء الأبحاث - وتكون هناك كليات عديدة,للدرطات العليا وتقوم ببمهمة إجراء الأبحاث - وتكون هناك كليات عديدة
أى من العناعات الساسية الكبيرة. غير أن الكلفة الكلية,أى من الصناعات الساسية الكبعرة. غير أن الكلفة الكلية
الأملروحة وبالتالي سيتمخض عن ذلك هدر  للجهد العلمي و الوقت,الأملروحة وبالنالي سيتمحض عن ذلك هدر للجيد العلمي والوقت
أو شبه كلية للبيئة خلال فترة حياة جيل كامل (أي 25 سنة). ولذلك يجب,اوشبه كلية للبيئة خلال غتمرة حياة جيل كمامل رأى 25 سنة لع ولذلك بد
ضعف شغالة النخل الغربي ،كما أن ذكور النحل العملاق لا تختلف في حجمها على الشغالات.,ضعف شفالة النخل الغربي، كما أن ذكور النحل العملاق لا تختلف في ججمها على المةالات.
النووي في المفاعلات. والوقود الإحفوري عبارهـ عن مركبات,النووي في المضاعلات . والوقود الإحفوري عبارهـ عن المركبائ
ثبت بع مقابلتها بنصوص التوراة والتلمود,ببت بع مغابلتها بنصوص التوراة والتلمود
حتى إن مجموع أطوال تلك الفروع قد انخفض هو الآخر ، في الوقت الذي حان فيه متوسط,حتى إن مجموع أطوال تلك الفروع قد انخفض هو الآخر، في الوقت الذي كان فيه متوسط
بتطوير القدرات الخاصة ، بإتقان اللغة الإسبانية القشتالية ،,بتتطوير القدرات الخاصة ، يإنقان اللغة الإسبانية القشتالية،
عند اكتسافه في فيلالفيا عام(1865م)# ثم في غروزني(1900م)ولم يبدأ,عند اكسافه في فيلاد لفياعام (150 # ثم في غر وزيي (1095م) ولم يبدا
وهذا # ما فعلته حقا . حيث حققت السيدة دولينج مبيعات بلغت الآن 400 مليون نسخة,وهذا ##ا ما فعلته حقا. حيث حقفت السيدة رولينج مبيعات بلغن الآن 190ا مليون نسخة
بالعبرانية، مما يبعث على الظن أنها أخذت من مورد يهودي. وأما,بالعراسية، مما يبعت على الظن أنهاً أخذت من مور يهودي . وأما
المنضبط ، كما هي الحال في الانشطار النووي ، فهناك أنواع من مفاعلات الانشطار النووي,المنضيط ، كما هي الحال في الانشطار الفووي ، فهناك أنواع من مفاعلات لانشظار النووي
زيادة في عدد  وشدة حرائق الغابات التي اجتاحت كثيرة من العالم,زيادة في عدد مشدة حرائق الغاباس التي اجباحت كثيرة فن العالم
ففي كل هذه المواضع و مواصع اخرى، وردت بمعنى اعراب  اما اهل المدن و المتحضرون فكانو,ففي كل هذه المواصع وواصع اخوى ورد بصعني اعراب اما اهل المدن والمتحضوون فكانو
المسالك  القائمة بين صانع السلعة والمنتفع بها . وكانت  السوق التى ينتج,المسالك القائمة بين صانع السلعة والمنتفع بها . وكانت السوق التي ينتج
"الفارسي"" ، وما زال يعرف بهذه التسمية المأخوذة عن اليونانية في المؤلفات","الفارسي""، وما زال يعرف بهذه التسمية المأنوذة عن اليونانية في المؤلفات"
إطاراً قانونياً جديداً يتجاوز الاتجاه السائدة من قبل بشأن تعليم الكبار ، والذي,إطاراً قانونياً جديدا يتجاوز الاتجاه السايده من قبل بشأن تعليم الكبار، والذر
"""ظب قرشك الأبيض ليومك الأسود""، مثل شعبي يقال المسرف و تنبهه من","""ظب قرشك الأييضي ليومك الأسود""، مثل شعبي يقال المسرق وتتبيهه من"
القوم الذين صار يعيش بينهم  .  ويتوقف هذا التحول بالطبع على عمر,القوم الذيف صار بعي بينهم. وييوقق هذا لتحتول بالجبع على عمر
و في هذه الدراسة نتقفّى امتداد القصيدة الجاهلية في الشعر الشعبي,وفي هذه الدراسة نتقفى امتداد القصيدة الجاهلية في الشعر الشعبي
"مكونا"" من أربعة أبيات ، أي ثماني شطرات ، وهو كالمربع ، تلتزم الطلعة الأولى منه ببحر واحد",مكوناً من أربعة أبيات ، أي ثماني شطرات، وهو كالمربع ، تلتزم الطلعة الأولى منه يبحر واحد
و الأزرق و الأخضر و الأصفر و الأحمر و تكون بمجموعها اللون المرئي,والأزرق والأخضر والأصفر والأحمر ولكون بمجموعها اللون المرئي
أو ميسرة ،حتى تكاد تقارب العامية فى الشكل الظاهرى ، أما,أوميسرة ، حتى تكاد تقارب العامية في الشكل الظاهري ، أما
"معتمداً على الرياضيات و الفلك ,فقد عثر في كهوف ما قبل التلريخ على رسوم تصور الحيوانات و النباتات",معتداً على الرياضيات والفلك وفقد عثر في كهوف ما قبل التاريخ على سوع تصور الحيوانات والنباتات
وهو  ما كان  نابعا عن صفه نفسية قابلة  للمدح  أو  الذم  كإعطاء  الفقير ،,وهو ما كان نابعا عن صفه نفسية قابلة للمدح أو الذم كإعطاء الفقير،
"وأمّا ""الخنفري""، صاحب السجل، فهو: ""محمد بن أبان بن ميمون ابن حريز الخنفري"".  ولد في ولاية معاوية","وأماً ""الختفري""، صاحب السجل، فهو:""محمدين أبان ميمون ابن حديز الخنفري"". ولد في ولاية معاوية"
الأخرى و التي جاءت نتيجة الانتخاب المبرمج من قبل الإنسان أي أن الأولى فيما عدا التلقيح,الأخرى والتي جاءت نتيجة الاتتخاب المبرفج من قبل الإنسان أي أن الأولى فيما عدا التلقيج
يؤدي إلى مخاطر جسيمة للبيئة,يؤدي إلى مخاط جسيمة للبيئة
"باسم # ""الشحر"" . ومعنى كلمة ""مهرة"" في العربية الجنوبية القديمة","باسم ا ""الشحر"". ومعنى كلمة ""مهرة"" في العربية الجنوبية القديمة"
التي تحتم عليه ذلك لأن من صفة المبدع السعي إلى كل جديد وغير تقليدي وبالتالي سيدفع,التي تحتم علي ذلك لأن من صفة المبدع السعي إلى كل بديد وغير تقليدي والتالي سيدفع
يكون مجرد تجميع لها . ويوطد هذا التقرير العبر المستخلصة من التقويم الاسترجاعي ، كما,يعون مجرد لجميع لها. ويوطد هذا التقديد العبر المستخلقة من التقويم لاستوحاعي ، كما
عدم تكرار أو حدوث تتابع القعرية أو الإرساب ، ربما يكون نتيجة زيادة عتبة أوحد التعرية، أي,عدم تكرار أو مدوث تتابع القعرية أو الإرساب، ربما يكون نتيجة زيادة عتبة أويد التعرية، أي
ومع بداية الثمانينيات ، بدأت  المنظومة التربوية ، في التراجع ، لتدخل  بعد ذلك ، في أزمة طويلة ؛,ومع بداية الثمانيات ، بدأت المنظومة التربوية ، في التراجع ، لتاخل بعد ذلك، في أزمة طويلة ؛
والفقيرة . كانت إنبعاثات الدول الصناعية تمثل 60% من الإنبعاثات العالمية عام,والفقيرة . كانت إنبعانات الدول الصناعية تمكل 10% من الإنبعاثات العالمية عام
يعن إلا  بأحوال السواحل . أما الأقسام الداخلية من جزيرة العرب، فيظهر,يعن إلا . يأحوال السواحل. أما الأقسام الداخلية من جزيرة العرب، فيظهر
خلال البساط الاخضر الذي يمتص غاز ثاني أكسيد الكربون.,خلال البساط الاخضو الذي يقتص غاز ثالي اكسيد الكربون.
السواحل يصيدون السمك بالطرق التي تعود آهل الجاهلية.,السواحل يصيد ون السمك بالطرف التي تعود آهل الجاهلية.
في ذلك متفاوتون. بمدى سبقهم وارتقائهم في سلم الفضائل كما أن كل إنسان عاقل,في ذلك متفاوتول بمدى سبقهم وارتقائهم في سلم الفضائل كما أن كل إنسان عاقل
أو الاختلافات في مدار دوران الارض حول الشمس يؤدي إلى تغير في كمية وشدة,أو الاحتلافلت في مدار دوران الارض حول الشمس يؤديه إلى تغيرفي كمبة ومشدة
وكان جميع  المنتمين إلى  الحرفة هم الذين يختارون زعماءها مرة  فى كل عام ، ولكنهم,وكان جميع المنتمين إلى الحرفة هم الذين يختارون زعماءها مرة في كل عام، ولكنهم
سرعة الضوء,سرعةة الضوء
والثقافية والسياسية التي تؤثر في حياتهم. 5- الحرية - تقول التنمية البشرية إن,والثقافية والسياسية التي تؤثر في حياتهم .5- الحرية . تقول التمية الشرية إن
والرقم العربية . وقد أثارت رحلته هذه همم العلماء والسياح، فرحل,والرقم العربية . وقد أثارت رحلته هذه همم العلماء والسياح ، فرحل
علية  الترف  فيفسد  ويضمحل    وهذا   القول يجانبة الصواب لأن,علية الترف فيفسد ويضممل وهذا الققل يجانبة الصواب لأن
من إجازة الاحتجاج بأشعار سكان البوادي.,من إجازة الاحتجان بأشعار سكان البوادي.
الشمسيه هـ التي قامت عليها النباتات بواسطه هـ عمليه هـ التمثيل,الشمسيه هـ التي قامت عليها النبائات بواسطه هـ عمليههـ التمثيل
من خلال # # ذلك دفع تلك الفئة المتميزة إلى مزيد من الإبداع,من خلال # ذلك دفع تلك الفئة المتميزة إلى مزيد من الإبداع
أدكسفورد .,الانترنت لكنه على الأقل يمكن أن يتخذ موقفاً جول قدسية فاصلة
في المبحث الأول. أشار باول # كروتزن والحائز على جائزة نوبل,في المبحت الأول. أشار باول # كروتزن والحائز على جائزة نوبل
و أما مبدأ وادي الحمض و إضم كما كان يسمى قديما، فمن جنوب حرة,وأها مبد أوادي الحمض وإنفم كما كان يسمى قديها، عمن جنوب حرت
لم تدرس طبيعة أرض جزيرة العرب دراسة علمية مستفيضة لشاملة،,لم تدرس طبيعة أرض جزيرة العرب دراسة علمية مستفيضة لشاملة،
على أي قصاريه سقط من فوت الحديث المؤنس والسماع الحسن,على أي قطاري سقط من فوت المديث المؤنس والسماع المسن
العلمية و الفنية والمهارات المشتركة اللازمة لمجموعة من الحرف والمهن . أما التدريب المهني النوعي,العلمية والفنية والمهارات المشتركة اللازمة لمجمرعة من الحرف والمهن . أما التدريب المهي النوعي
"شمالي ""صنعاء"" ولها لابه استخراج منها الناس حجارة سوداء لبناء البيوت . وعلى","شمالي ""صنعاء"" ولها لابه استخراج هنها الناس حجارة سوراء ليناء البيوت . وعلى"
قي اليمن,قي اليمو)
النباتات # في محلول # مغذي في التجارب الزراعية إلى القرن السابع عشر و,النباتات # في مكلول # مغذي في التجارب الزراعية إلى القرن السابع عشر و
من هنا نرى ان هناك أمثلة كثيرة وحية تعرضت لها بعض البلدان,من هنانوى ان هناك أمثلة كثيرة وحية تعرضت لها بعض البلدان
فقد كانا يدعيان إلى الطعام و إلى الإكرام لظرفهما و حلاوتهما و حسن حديثهما و قمر يومهما .,فقد كانا يد عيان إلى الطعام وإلى الآكرام لظرفهما وحلاوتهما وحسن حديثهما وقعر يومهما .
وبلحيكا وفرنسا ومن الجنوب سويسرا والنمسا اما من الشرق فيحدها,وبلحيكا وفرنسا ومن الجنوب سويسرا والنمسا أما من السرف فيحدها
كذلك قد تشتمل علي خليط من كل هذه المكونات أو بعضها . وتعود فكدة زراعة,كذلك قد تشتمل على خليط من كل هذه المكونات أو بعضها. وتعود فكره زراعة
بصور مضبوط بعض الضبط للكتابات القديمة التي لم يكن بوسعه الذهاب إلى,بصور مضوط بعض الضبط للكتابات القديمة التي لم يكن بوسعه الذعاب إلى
سيناء وما يتصل بها من فلسطين إلى الأردن . فهو في رأي هؤلاء أحدث,سيناء وما يتصل بها من فلسطين إلى الأردن. فهو في رأي هؤلاء أحدث
و كان جبل خرج ليلاً من موضع كان فيه فخاف الطائف و لم يأمن المستقفي فقال : لو دققت,وكان جبل خرج ليلاً من موضع كان فيه فخاف الطائف ولم يأمن المستقفي فقال : لودققق
طبقة رقيقة تنمو فيها جذور النباتات ثم يهع المعلول المنعرت,طبفة رقيقة تنمو فيمها جذور النبانات ثم يهع المعلول المنعرن
وظاهر أنه كان # عالماً بأحوال الهند وشواطئ أفريقية الشرقية، ولعله,وظاهر أنه كان # عالماً بأحوال الهند وشواطئ أفريقية الشرقية، ولعله
و الإشجار باعتبارها تلعب دوراً إقتصادياً و بيئياً مهماً في الحياة . إن التغير الكبير,والإشجارباعتبارها تلعب دوراً إقتضادياً ويئياً مهماً في الرجياة. إن التغير الكبير
العالم الأمريكي شيمبرلين,العالم الأم يسكي تيمبر لسين
و يذلك يفوق احتياطي الوقود النووي أضعاف احتياطي الوقود التقليدي,ويذليك يقوق احتياطي الوقود النووي أضعاف احتباطي الومو ب التعليدي
مركب كلوروفلوروكربون هو مركب عضوي هيدروكربوني خامل لا يحترق,مركب كلود وفلور وكبجون هو مركب عضوي هيدر وكربوني خامل لايحترق
أثر بالع في تكوّن الطباع وفي خلق التمايز بين الأجناس البشرية,أثر بالع في تدون الطباع في خلق التمايز بين الأجناسي البشرية.
مثل العواصف والأعاصير (مثل التسونامي وكاترينا والنينو) تقوم التيارات,مثل العواصط والأعاصير (مثل التسونامي وكاترينا والنينو) وتقوم التيارات
للعسل ويطلق عليه أيضا اسم وتعني النحل الصانع للعسل,للعسل ويطلق عليه أيضا اسم وتعني الثخل القانع للعسل.
نجم هذا الإرتفاع وبشكل كبير عن إحراق #الوقود الأحفوري الذي يطلق ثاني أكسيد,لجم هذا الإرتفاع وشكل كبير عن إحراق # الوقود الأحفوري الذي يطلق ثاني أكبسيد
هناك # مناطق في الصومال و ثيوبيا و كينيا في منطقة القرن الأفريقي لم تسقط,صنال # مناطق في الصومال وييوبيا وكينيا في منطقة القرن الأفريفي لم تسقط
(الهيدروجين ) مع إثنين من النيوترونات لتكوين ذرة واحدة من الهليوم.,(الهيدروجين ) مع إثنين من النيوترونات لتكوين ذرة واحدة من الهليوم.
"وأشكــالها في نقوش  الجدران واللــوحات المصورة , و الصور المقدسة ، ونقوش الخزف ،",وأشكالها في نقوش الجدران واللوحات المحورة، والصور المقدسة ، ونقوت الخزف ،
و التراكيب و بذلك لا بد من توافق شيء من ذلك الشعر مع ما هو,والتراكيب وبذلك لابد من توافق شي من ذلك الشعر مع ماهو
أن تتولى زمام الأمور وأن تعيد السطوة إلى - المصطلح المحترم عبر الزمن -,أن تتولى زمام الأمور وأن تقيد السطوة إلى - المصطلح المحترم عبر الزمن -
الوطنية. وهكذا، فان هـ,"الوطنية. ووهكذاما فاده""1ل9%ا"
كان لهم ادراك لهذا المعنى قبل الإسلام، وإنهم كانوا ينعتون لسانـ,كان لهم امراك لهذا المعنى قبل الإسلام، وإنهم كانوا سنعتون لساذ
حيث الأستقرار في خلاياه التي لا يرحل عنها . تواجد الأنواع السابقة باستثناء النحل,حيث الاستقرار في خلاياه التي لايرحل عنها . تواجد الأنواع السابقه باسثناء النحل
يقف المطالع في الأدب لشعبي العربي على حقائق جليلة ، تتصل,يقف المطالع في الأدب التعبي العربي على حقائق جليلة ، تتصل
الذي يوضع تحت المسرجة والنخالة التي توضع هناك لتسويقها وتصويبها,الذي يوضع تحت المسرجة والنخالة التي توضع هناك لتسويتها وتصويبها
تستهلك هذه الكائنات كبيرة من غاز الاوكسجين في عملية التنفس ( الشهيق والزفير ) وينتج,تستهلك هذه الكائنات كبيرة من غاز الاوكسجين في عملية التنفس ( الشهبيق والذغير ، وينتج
فيها نسبة تدهور التربة,فيها نسبة تدهور التربة
وشرطة... وكانت لها محاكمها الخاصة يحاكم فيها أعضائها، وكانت تحتم على,وشرطة ... وكانت لها محاكمها الخاصة يحاهم فيها أعضائها، وكانت كتم على
بفكرة إشراك السكان أنفسهم ، والمتدخلين الخواص والمنظمات,بفكرة إشر الك السكان أنفهم ، والمتدخلين الخواص والمنطرت
لا يستطيع أحد أن يدعي إبداع أي مورون شعبي، وهذا لا يناقض القول أن مبدعاً,لا يشطع أحد أن يدعلى إبداع أي مورون شعبي، وهذا لا يناقض القول أن مبدعاً
لها # بتوفر ثلاثة أضلاع لمثلث التفوق الصناعي هي البحث العلمي ، والترجمة ، والجودة .,لها # بتومن ثلاتة أخلاعى لمثلت التفوق الصناعي هي البحث العلمي ، والترجمة ، والجودة.
يؤكد جيردس من معهد الفريد فيكيز في المانيا ان تحليل البيانات,يؤكد جيردس من معهد القريد فيكيز في المانياان تكليل البيانات
ومستوى معيشة السكان، والبيئة الإيكولوجية  وبحلول سنة 2015 .,ومدستوي معيشة السكان ، والديئة الإيكولوجية وجلول سنة 10.0
بناء المستشفيات والمدارس، وتقوم بالتأمين المختلف الأنواع، وتقدم المعونة,بباء المستشفيات والمدارس، وتقوم بالتأمين المختلف الأنواع، وتقم المعونة
العربية الجنوبية.,العربية الجنوبية.
ملكهم كان قد عمل ثلاثة أنابيب صنعها من الجلود الثيران وغيرها من,ملكهم كان قد عمل ثلاثة انابيب هنظها من الجلود التيران وغيرها تن
في خضم إنارة الانتعاشة الالكترونية ، التي بزغ من خلالها نجم أمازون,في فضم إثارة الانتعاشة الالكترونية، التي بزغ من خلالها نجم أمازون
أمريكية، وأعطاها إلى المرأة الصينية، مرحبا بها نيابة عن الشعب اليمني.,امريكية، واعطاها إلى الحرأة الصينية، مرجتاًبها نيابة عن الشعب المني.
وما رواه الرواة من أخبار تلك الطبقات ،لم يرد ألينا من النصوص الجاهلية،,ومارواه الرواة من أخبار تلك الطيقات ، لم يرد ألينا من النصوص الجاهلية،
من جانب آخر تؤكد دائرة بيئة المقاطعة على وجود تغيرات ملحوظة للنظام البيئي,من جانب آخر تؤكد دائرة بيئة المقاطعة على وجود تغيرات ملحوظة للنظام البيئي
إليها الهنود و الفرس ، و قد عُثر في مواضع من سواحل عمان على بقايا,إليها الهنود والغرس، وقد كثر في مواضع من سواجل عمان على يقاا
وفي المدينة المنورة والتي أنارت النور للبشرية في بناء أول مسجد للمسلمين,وفي المدينة المنورة واليق أنارت النور للبشرية في بناء أول مسجد للمسلميت
محورا رئيسيا يربط  بين المنطقة السكنية الحضرية الحديثة الواقعة في شماله,محورا رئيسيا بربط بين المنطقة السكينة العضرية الحديثة الواقعة في شماله
فتمد بذلك الأرض بعصر جليدي وقد تحدثنا عن هذا الموضوع>.,فتمو بذلك الأرض يعصر جليدي وقد تحدثناعن هذا الموضوع ،.
الالاف عن منازلهم وكانت الخسائر المادية قد قدرت بحوالي,الالاف عن منازلهم وكانت الكمائو المسادية قد قدرت بحواني
فقط ذوو أسرة صغية يقل عدد أفردها عن 5 أفراد ، وعلى الرغم,فقط ذوو أسر صغية يقيل عدد أفرادها عن 5 أفرار، وعلى الرعم
لوحظ في سبعينيات القرن الل في ان انطلاق كميات كبيره من هذه الغازات الى الغلاف الجوي,لوضظ في سبعنيات الؤن الافي ان انطلاق كميات كبير، فن هذه الغازات الى الغلاق الحوي
إن زيادة نسبة غازات الإحتباس الحراري في الهواء وعدم إمكانية,إن زيادة نسبة غازات الإحتباس الحراري في الهواء وعدم إمكانية
أنجزت أشغال التقرير في خضم مرحلة يشهد خلالها المغرب,أنجزت أشغال التقرير في خضمر مرعلة يشهد غلالها المعري
توسعو في إستعمال اللفظة، حتى صارت تشمل أكثر العرب على إعتبار,توسعو في إستعمال اللفضة، حتى صادت تشمل أكثر العرب على إعتبار
موجوده في الطبيعه بكميات محدوده وغير متجددة ، وهي بالإضافه إلى ذلك ملوثه للبيئه ، وتشكل 86% من حاجة,موجوده في الطبيعه بكميات محدوده وغير متجددة، وهي بالإضنافه إلى ذلك ملوثه للبيئه، وتشكل 1ا% من حاجة
ضفاف الانار الامريكيه شمالا وجنوبا في حالة بدائية. وكذلك في مبيئات,ضفاف الانار الامريكية شمالا وجوبا في حلة بدائية . وكذلك في اجبيئات الغابات
حيث بعود الفضل في تقدم أبحاث تغذية النباتات إلى استغدام الزراعة الرملية #,عيث بعود الفضل في تقدم أبجاث تغذية النباتات إلى استخدام الزراعة الرملية #
العراق عند أهل الحيرة متعالماً، مثبتا عندهم في كنائسهم,العرارقا على احل الحيرة متعالماً. عببتا عندهم في كنا ئيسهم
ولقد لفقت سعدى بنت عواف إزاد طلحة وهو جواد قريش وهو,ولقد لفقت لسعدى بنت عواف إزار طحة وهو جواد قريش وهو
وقد علق على عمود المنارة عوداً بخيط وقد حزفيه حتى صار فيه مكان للرباط . فكان المصباح إذا كاد,وقد علق على عمود المنارة عوداً بخيط وقدحز فيه حتى صار فيه مكان للرباف . فكان المصباح إذا كاد
والباحثين والمهتمين بالبيئة وعامة الناس وتعدى هذا الاهتمام اوساطا اخرى,والباحثين والمهدمين بالبيئا وعامه الناس وتعدى هذا الاهتماه اوسالها اخرى
يتكون الإعصار عندما تسخن المياه السطحيه للمحيطات الإستوائيه بالقرب من خط الإستواء,يتكون الإعصار عنوما تسخن المياه السطحيه للمحيكلات الإستوائيه بالقرب من خط الإسواء
ومراده عبر إجراءات شفافة يتساوى أمامها الجميع . اليابان لم تأتي بشيء خرافي .,ومراده عبر إجراءات شفافة يتساوى أمامها الجميع . اليابان لم تأتي بشيء خرافي .
تساقط الأمطار على سطح الكرة الأرضية وخصوصاً في المناطق,لساقط الأخطار على سطح الكرة الأرضية وجصوصاً في المناطعة
(النفوذ)  النجدية وكان بني هلال  يتنقلون في صحراء (النفوذ),(النقوذ) التجرية وكان يتي هلال يتقلون في صحراء ( التقوذ)
الساكنين في # هذه # اللأرضين مع انهم لم يكونوا من بني إرم  ولهذا حسبوا على بني إرم,الاكنين في # هذه # اللأرضمين مع انهم لم يكونوا من بني إرهم ولهذا حسيوا على بني إدم
عميقة  ومقابلة ما ورد فيها من قراءات للنصوص مع قراءات العلماء المحدثين,عميقة. ومقابلة ما ورد فيها من قراءات للنصوص مع قراءات العلماه المحدثين
ونستعرض في ما يلي طائفة,ونستعرض في ما يلي طائفة
التكون، حقق المناخ السياسي ، شيء فشيئا ، صفاءه وهدوءه . ولقد حدث هذا التطور بفضل الإنخراط الوطني,التكون، حقق المناخ السياسي، شرء فشيئا، صفاءه وهدوءة. ولقد حدث هذ التطور بفضل الإنخراط الوطني
كما وان ذوبان الجليد يبطل مفعوله التبريدي العاكس لاشعه الشمس,كما وان ذويان الجليد يبطل مفعوله التبريدي العاكس لاشعل الشع
الحمل و في عالم التجارة و الإقتصاد . و من حق العربي إذا ما عبّر عن,الحمل وفي عالمم التحارة والإقتصاد . ومن حق العربي إذا ما عبر عن
من مجتمع بعيد ليس له أية صلة .,من يجتمع بعيد ين له أية صلة.
"""شأن كبير ""غير أننا لا نستطيع أن نقول: إن لفظة ""العرب"" هنا،","""شأن عبير"" غير أننا لإنستطد أن تقول: إن لفقله ""العرب"" هنا،"
ألمانيا مركز الصدارة عالمياً في مجال أستغلال طاقة الرياح، و يبلغ,المانيا مركز الصرارة عالمياً في مجال أستغلال طاقة الرياح، ويبلغ
الصفات المرفومترية التي غالبا ما تكون غير دقيقة . كما أن التباين داخل,الصفات المرفومترية التي غالبا ما تكون غير دقيقة . كما أن التباين داخل
ننجه للإرىقاع الدي حصل في معدلات درجه حرارة كوسجى المرض وارقاع,نتجه للاريقاع الدي حصل في معدلات درجه مرارة كو جى الصفي مارقاع
مثل القواقع وأنواع من الأسماك من مناطق بعيدة في أسيا إلى مياه البحيرة العذبة .,مثل القواقع وأنواع من الأسماك من مناطق بعيدة في أسيا إلى فياه البحيرة العذية .
على الغطاء النباتي و يتجلى ذلك في كثير من الأحيان في عدم  قدرة النباتات,على الغطاء النياتي ويتجلى ذلك في كثير من الأحيان في عدم قدرة اليياتات
وتتكمن ذرة واحدة من الكلور مثلاً  من مهاجمة # وتحطيم حوالي,وتتمكن ذرة واحدة من الكلور مثلاً من مهاجمة # وتحطيم حوالي
منه و شكرهـ له . ثم قال:و كيف أطعم من إن رأيته يقصر في الأكل فقلت,منه وشكرهـ له. ثم قال: وكيف أطعم من إن رأيته يقصر في الأكل فقلت
الأطروحة هي دراسة بحثية لا ينفرد الباحث فقط أي الطالب في تخطيطها بل هناك,الأطروحة هي دراسة بحثية لا ينفرد الباحث فقط أي الطالب في تخطيطها بل هناك
وإعادة إنتاجه عن طريق قبولها له ،,وإعادة إنتاجه عن طريق قبولها له،
"وأما ما يذكره ""الهمداني"" من أن أصل السجل القديم واساسه جاهلي، فأمر","وأما ما يذكره ألهمداني"" من أن أصل السجل القديه واساسه جاهلي ، فأمر"
الصناعات البتروكيماوية الهامة بدلا من حرقها كوقود و هدرها وإذبات,لنفطوم اف
للعلوم الى أن ظاهرة الإحتباس الحراري وزيادة تركيزات غاز ثنائي,للعلوم الى أن ظاهره الإحتباس الحراري وزيأدة تركيزات غاز ثنائي
وبطريقة القوالب الجبسية وبطرق أخرى  وقد تمكن بهذا الأسلوب الجديد من الظفر,وتطريقة القوالب الجبسية وبطرق أخرى . وقد تمكن بهذا الأسلوب الجديد من الظفر
يروي الأخبار، تمييزاً له عن الآخرين الذين اشتغلوا بالنسب، فعرف أحدهم,يروي الأخبار، لميزالسه عن الآخرين الذين اشتغلوا بالنسب، فعرف أحدهم
متباينه. فتحول كل شي كلن مني لقمته بتلك الجذيه لقمتي لا تصال الجنس,لتبانيه. فتحول كل شي كلن في لقمته ببلك الجذبه لقمتي لاتصال الحنس
للأزمة الأخرى الهائلة لتلك السنيه ، حرب العراق . من الناحية الأدبية ، كانت هذه الكلب الذي,للأزمة الأخرى الهائلة لتلك السنين ، حرب العراق . من المناحية الأدية، كانت هذه الكطب الذي
المانيا بالذات ،حيث مؤسس الحركة الرومانسية وملهمها هيرور، الذي اهتم بجمع الأغاني,المائيا بالذات ، حيث فؤسس الحركة الرومانسية وعلهمها هيدور، الذي اهتم بجمع الأغاني
الدرجات العلمية المختلفة وذلك نظراً لتميزهم (حيث أن حسب القانون الهندي لا يحق لأي جهة,الدرجات العلمية المختلفة وذلك نظراً لتميزهم (حيث أنه حسب القانون الهندي لا يحق لأي هة
والذي ما يزال  في طور التعميق ، قد أثرى ، بالتأكيد.,والذي ما يزال في طور التعميق ، قد أثرى، بالتأكيه.
على الأرض باستمرار، ولم يكن يستنزف مستودعات الطاقة الطبيعية ، أما في هذه,على الأرص بامتمرار، ولم يكن يستنزف مستودعات الطاقة الطبيعية، أما في وذه
للعلوم الزراعية والهندسية والطبية . حيث يتأهل الطالب الحائز على درجة الماجستير إلى درجة,للعلوم الزراعية والهندسية والطبية . حيث يمتاهل الطبالب الحائز على درجة الماجستير إلى درجة
وبذلك تقلل من ترليزاته في الهواء. من جانب اخر تنغدي الكائنات,وبذلك تقلل من ترليزاته في الهواء. من جانبب اخر تنغذي الطاثنات
وأما أن كان سببا  من  اسبابه  فلأنه أوجد اسواقاً مطرده,وأحا أن كان حببا من اسبايه فلأنه أوبد اسواقاً مطردن
الذيادة في عدد السكان.,الذيادة في عدد السكان.
اتسعت حدودها حتى بلغت نهايتها الشماليه مدينه دمشق .  ولما ضعف أمر,اتسعت حدودها حتى بلغت نهايتها الشماليه مدينه دمشق . ولما ضعف أمر
"سجل ""محمد بن أبان الحنفري""، وذلك في أثناء حديثه على بطون ""صعدة""","سجل ""محمد بن أنان الحنفري""، ودلك في أثناء حديثه على يطون ""صعدة"""
تؤثر طببعة السطوح والاجسام (ملسا او خشنة) والوانها (فاتحة او داكنة) في,توثر حبعة السطوح والاجسام (ملسااوخشنة) والواتها (فائحة اوداكنه) في
الاوبزرفر أقوى شخص في عالم الكتاب البريطاني فإن # تقييمات أمازون هي التي,الاوبزرفر أقوى شخص في عالم الكتاب البريطاني نإن ققيمات أمازون هي التي
حسدا منكم لنعمته . فلا المفسد ينجو ولا المصلح  ## يسلم. فتكلم يوما فما زال يبخل كلاماً,حسدا منكم لنعمته . فلا المفسد ينجو ولا المصلح ي## يسلم . فتكلم يوما فما زال ييخل كلاقاً
"أولاً :- اللغة : وصفها الدكتور ""محمود ذهني"" :- بأنها فصحى مسهلة ،","أولاً:- اللغة : وصفها الدكتور ""محمود ذهي"" :- بأنها فصحى مسهلة ."
من السكان تغير مستمر طرأ عليها ، أدى إلى انحباس الأمطار عنها,من السكمان تغير مستمر طرأ عليها، أدى إلى انحباس الأمطار عنهما
(انطلقت # عام 1995 ) كناج محظوظ ، كان رفى التغيير الأعثر وضوحا هو الزواج,(أنطلقن # علم 1991) عناج مخطوظ، كان رف التغير الأعتر وضصوحا هو الزواج
والصين وأفغانستان وبوتان ونيبال من الشمال ، وميانمار وبنغلاديش,والصين وأفغانسقان وبوتان وفيبال من الشمال ، وهيانماروبنغلا ديث
مقلاكم فإني أحتاج إليه.قال : قد كان لنا مقلى ولكنه سرق.,مقلاكم فإني أحتاج إليه . قال : قد كان لنامقلى ولكنه سوق .
عمارات كاملة فن التراب لتلبي حاجة الناس من الوحدات السكنية ،,عسمارات كاملة فن التراب لتلي حاجة الناس من الوحدات السكية
أكثر من مثيلاتها في السوائل و المواد الصلبة كما و أن هذا التباعد بن,أكثر من ميثلاتها في السوامل والمواد الصلية كما وأن هذا القياعد ين
وكان الحصاد يتم بالأيدي والمناجل و فتخرج القرية أو العشيرة عن بكرة أبيها في الصباح,وكان الحصاديتم بالأيدي والمناجل وفتخرج القرية أو العشيرة عن بكرة أبيها في الصباح،
في المكان الوحيد .,في الكان لوحير.
عشر على درجة من الحريــة والرخاء لم يستمتعوا بمثلها مدى ألف عام . وفقدت,عشر على درجة من الحرية والرخاء لم ليستمتعوا بمثلها مدى ألف عام . وفقدت
واسترحم به الخائفون . وقال بعض الحكماء لرجل اشتد جزعه,واسترحم به الخائفون . وقال بعض الحكماء لوجل اشتد جزعه
والمعنوية، والقيم، والمفاهيم ،  والاتجاهات ، التى كانت أساساً لثقافتها،,والمعنوية، والقيم، والمفاهيم، والاتجاهات ، التي كانت أساساً لثقافتها،
"إنها كانت من مناطق  البركانية . وفي مناطق التلال وفي ""جعلان"" عيون ومجاري مياه","إنها كانت من مناطق البركانية . وفي مناطق التلال وفي ""جعلائ"" عيون ومجاري ميان"
و كانا يتشهيان الغرائب و يقترحان الطرائف و يكلفان الناس المؤن الثقال و ويهتحنمان ما عندهم,وكانا يتشهيان الفرائب ويقترعان اللطرائف ويكلفان الناس المؤن الثقال ويهتحان ما عندهم
الصحيحة إلى الكتاب والسنة، وتحديد مكانة المرأة فيهما بالرؤية الصحيحة..,الصجدحة إلى الكتاب والستة، وتحديد مكانة المرأة فيهما بالرؤية الصحيحة ..
وبعضها  يدار من قبل حكومات الولايات والبعض الآخر من قبل جهات خاصت.,وبعضها يدار من قبل حكومات الولايان والبعض الآخر من قبل جدةات خاصدة.
كان بنحل شعر الرجل غيره، ويزيد في الأشعار. وقال أبو جعفر النحاس المتوفي سنة 328 للهجرة,كان ينحل شعر الرجل غيره . ويزيد في الأشعار. وقال أيوجعفر النحاس المتوفي سنة 195 للهجرة
الفتوح، واطمأنت العرب بالأمصار، راجعوا رواية الشعر فلم يئلوا,الفتوح. واطمأنت العرب بالأمهار، رأججوا رواية الشعر فلمم يئلوا
بدل هــذا كــله تطام الزراعــة تبديــلاً كبيراً  . ذلك  أن البلديــات لحرصها,"بدل هذا كسله تطام الزراعة تتبديلاً كبيراً""، ذلك أن البلديات لحرصها"
والأخبار الوحيدة التي يمكن ان تكون منقولة من موارد مدوّنة هي الأخبار المتأخرة,والأخبار الوحيدة التي بقلن ان تكون منقولة من موارد مدونة هي الأخبار المتاخرة
بارضه ولا يستقرون في مكان ألا إذا وجدوا فيه الكلأ و الماء ، فإذا جفّ,يارضه ولا يستقرون في مكان ألا إذا وجدوا فيه الكلأ والماء، فإذاحف
كلاً من الدنمارك وبحر الشمال وبحر البلطيق ومن الغرب هولندا ولوكسومبورغ,كلاً من الدنمارك وبجر الشمال وبجر البلطيق ومن الغرب هولذدا ولوكسومبورغ
عىى امتلاك او قيادة وسيلة نقل. اما عالمياً فان هذه النسبة يمكن,على املاك او قيادة ويسيلة تقل . اما عالمياً فان هذه النسية يمكف
خشبية و يترك فى ينشف اما . تحديث هذه الطريقة . فيتم من خلال عيض التراب,خسبية ويتدك فى ينشف اما . تحدية هذة الطريقة فيتثم من خلال عيمن التراب
تعد ظاهرة الاحترار الكوني من اكثر الظواهر إثارة للجدل بين أوساط العلماء,تعد ظاهرة الاحترار الكوني من إكتر الظواهر إنارة للجدل بين أوساط العلماء
"الكتبة ""الكلاسيكين"" على اعتبار أفها أخطأت في إدخالها","الكتبة ""الكلاميكين ""على اعتبار أفها أخطأت في إدخالها"
البادية، لذلك لم يقبلوا عليها، ولم يعتنوا بتربيتها، بل ربما نظروا إلى اصحابها,البادية، لذلك لم يقبلواً عليها، ولم يعتنوا بتربيتها، بل ربما نظروا إلى اصعابها
الشحم إلى البهيمة أسرع وعن ذات العقل والهمة أبطأ  .,الشحم إلى البصيمة آشرع ومن ذات العقل والهتمه أبطأ.
البلدان النامية والفقيرة فقدت أجزاء كبيرة من حجم غاباتها أوغطائها النباتى,البلدان النامية والفقيرة فقدت أجزار كبيردة من حجم غاباتها أوغظائها البائي
ويغلب على الظن ان  اهل الاقليم المحصور بين الموزل  والرين قد,ويفلب على الظن ان اهل الاقليم المححور بين الموزل والرين قد
الغابات. وكثيراً ما أدت هذه الحرائق الى موت سكان القبائل التي,الغابات . وكثراً ما أدت هذه الحرائق الى موت سكان القبائل التي
ليس هو وحده  الضامن الحقيقي لرفاه وسعادة الإنسان ،  بل، لابد أن يكون هناك  استثمار,ييس هو وحلهه الفامن الحقيقي لرفاه وسعادة الإنسان، بل، لابد أن يكون هناك استتمار
الأنساب،ولا حاجة بنا إلى أن نعود،فنقول:إن كل ما روي من هذا التقسيم,الأنساب، ولاحاج بنا إلى طن نعود، فتقول: إن كل ماروي منهذا التقيم
والألعاب  المختلفة لتعزيز التطور الشخصي للطلاب ، بالإضافة,والالعاب المختلفة لتعزيز التطور الشخص للطلاب، بالاضافة
التى يعمل فيها  أعضاؤها ، والأجور التى يتقاضونها ، والأثمان التى يحددونها,التي يعمل فيها أعضاؤها، والأجور التي يتقاضونها، والأثمان التي يحددونها
الموجود في طبقة الستراتوسفير في حجز هذة الاشعاعات .,الموجود في طيقة الستراتوسغير في حجذ هذة الاشعاعات.
البخر-نتح المحتمل؛ حدة ظواهر التصحر بسبب انخفاض حاصل,البخر- نتح المحتمل ؛ حدة ظواهر التصحر بسب انخفاض داحل
و على المستوى العربي فقد شهدت احتياطيات الغاز الطبيعي في الدول العربية,ع ع عه لبه  ال جبه ي ل العلعية
سيكون ممكنا أن تراها من البحر، وستصبح وجه نيانجين الذي يطل على,سيئون ممانا أن تزاها من البحر، ويستصبح وجه ديانجين ألذمي بظل علن
"حملة ""أبرهة"" على مكة","حملة ""أبرهة"" على مكة"
بالضرائب # الجمركيه الحامية المرتفعة,بالطرائي # الجمر كيه الحامية المرتفعة
الشمسية مما هو عليه في الاجزاء الشمالية و الجنوبية للأرض . وهنا تجدر الإشارة ألى,الشمسية مما هو عليه فين الاجزاء المالية والجنوييية للأرض . وهنا تجور الإشارة ألى
وسائط النقل يستهلك الوقود الاحفوري على شكل بنزين وديزل وغاز، وكل هذه المصادر,وسائطا النقل يستهلك الوقود الاحضوري على شكل بنزين وديزل وغازو وكل هده المصادر
وقد قدماء العبرانيين على أنفسهم تربئية البغال، و أول من أباح ذلك وجوز لهم,وقد قدماء العبريزين على أنفسهم تربية البغال، وأول من أباح ذلك وجوز لهم
ما يلي لأ أعرف كيف سأعيش حياتي الباقية في المستقبل ربما الشي الأكثر,ما يلي (أعرف كيف سأعيش حياتي البافية في المسقبل ربما الشي الأكثر
1970 م وانخفضت إلى حوالي 49% حالياً والسبب يعود إلى تزايد إنبعاثات بعض الدول النامية,999م وانخفضت إلى حوالي 1ا% جاليا والسبب يعود إلى تزرايد إنبعاثات بعض الدول الناميه
والثقافية لإستعمال مادة التراب في العمارة . لقد أتت هذه المؤتمرات لتكون داعمة رئيسية,والثقافية لإستعهال مادة التراب في العمارة. لقد أتت هذه المؤتعدات لتكون داعمة رئبسيا
عن الانبياء بحسب تسلسل رسالاتهم وهي الطريفه التي سار عليها من دون ي,عن الانبياء بحسبب تسلسل رسالاتهم وهي الطريفه التيى سار عليها من دوني
على الحضر.والصفه الغالبة علهم ، انهم لا يرتبطون بالارض ارتباط المزارع,على الحضر. والسصفه الغالبة علهم، انهم لا يرتبطون بالارض ارتباط لمزارع
ومنذ تصعوراتها الأولية،  ركزت  السياسة المائية المتبعة في  المغرب، ولمدة طويلة على تعبئة الموارد . ولقد تطلب,ومنذ تصوراتها الأولية، (كزت السياس المائية المتبعة في المغرب، ولمدة طويلة على تعينة الموارد . ولقد تطاب
الكذب بتناسب مناقبه وتذكر مثالبه ويحابون الصدق بتذكر منافعه وبتناسب مضاره وإنهم,الكذب بيناسي مناقبه وتذلر مثالبه ولكابون الصدق بتذكر منافعه وبتناسي مضاره وإ
هذه هي المراحل الأربعة في تطور الحضارات عند ابن خلدون وقد  تطول  إلى ستة,هذه هي المراحل الأربعة في تصور الحضارات عند ابن خلدون وقد تطول إلى ستة
تستهلك 60% من العربات,تستهلك 10% من العرباسة
كما أن الإجراءات الإدارية اليابانية اتسمت باعتناقها لمفهوم الجودة بالوضوح,كما أن الإجراءات الإدارية اليابانية اتسمت باعشاقها لمفهوم الجودة بالوضوع
في عملية التمثيل الضوئي لبناء مركبات عضوية ( كربوهيدراتية) على,في عملية التمثيل الضوئي لبناء مركبات عضوية (كربوهيداقة) على
الحيه الحيوانيه على النباتات وتستفيد من المواد العضويه التي انتجتها,الحيه الحيوايه على النباتات وتستغيد من المواد العضويه التي اننحتها
كل جزء من أجزائها، حتى أنهم لم يتركوا شيئاً.,كل بزء من أجزائها، حترى أنهم لم يتركها شييئاً .
اليونان والمسلمون يشيدون الكنائس ، والاديرة ، والقصور,اليويان والمسلمون يشيدون الكنائ، والاديرة، والتصور
والستينات هامشي وبدائي مقارنة مع وسائل الإنتاج الحديثة ففي ظل,والستينات هامشي وبدائي مقارنة مع وسائل الإنتاج الحديثة ففي ظل
مع تعاقب السنوات ، وبفعل الإنفتاح الذي تشجعه الثقة في رسوخ مقومات الدولة الفتية ، التي كانت ما تزال قيد,مع تعاقب السنوات ، وبفعل الإنفتاح الذي تشتجعه الثقة في رسوغ متومات الدولة الفتية ،التي كانت ماتزال قيد
ظهور أعاصير في أماكن لم تكن تظهر بها من قبل . كما يربط  بعض العلماء التلوث الحاصل بتغير في,ظهور أعاصير في أماكن لم تكن تظهر بها صد قبل . كما يربط بعض العلماء التلوث الحاصل بلتغير ف
منذ  استقلاله، انطلق  المغرب ، في #  السير  المطود نحو تحقيق #,منذ استقلاله ، انطلق المغرب ، في # السير المطود نحو تحقيق #
قدمت وزارة البيئة مادياً للموطنين الذين حولوا نظام التدفئه الذي,قدمت وزارة الببئة مادياً للموطنين الذين حولوا نظام التدقئه الذي
مفاتيح الحل لإنتاج الطاقة الكهربائية في ا لمستقبل ، نظرا لتوفر مصاد ر هذه الطاقة الكهربائية في مناطق,مفاتيح الحل لإنتاج الطاقة الكهربائية في المستقبل ، نظرا لتوضر مصادر هذه الطامة الكهربائية في يناطذ
تعتبر طاقة محلية و طبيعية متيسرة لكافة الأفراد و الشعوب و الدول,تعتبر طاقة محلية وطبيعية متيسرة لكافة الأخراد والشعوب والدول
حل معلم آخر لتلك الأوقات - المهرجان الأدبي -,حل معلم آخر لتلك الأوقات - المعرجان الأدبي .
ان اللأشعه الشمسيه تسقط  بشكل مائل على الأجزاء,ان اللأشعه الشمسيه تسقط شكل جائل على الأجزاذ
وأراد سادة الإقطاع أن يستبقوا الفلاحين في أرضهم ، ويجعلوا عملهم مربحاً,وأرادساتة الإقطاع أا يستبقوا الفلاصين في أرضهم، ويججاوا عملهم مرجاً
إلى أن يسيغ لقمته بالشراب. فلما طال ذلك على المهلب قال:,إلى أن يسيغ لقمته بالشراب. فلما طال ذلك على المهلب قال:
المعمرة وتؤثر سلباً في الإنسان والحياة البرية والطبيعية في المناطق المنكوبه.,المعمرة وتؤثر سلبا في الإنسان والحياة البرية والصبيعية في المناطق المنكوبه.
السدّ و إصلاحه في عام 657 الحميري.,السد وإصلاحا في عام 155 الحميري.
فلما دفعنا ايدينامعا كنت انا اسرع حركه و كانت الامعاء متصله غير,فلما رقضا ايدينا مها كنت ان اسرع حركه وكانت الامعاء هتصله عير
في جدادل خاصة مع حساب متوسطاتها في كل عام من أعوام # الدراسة . هذا وقد ثبت,ي جدادل خاصة مع حساب متوسطاتها في كل عام من أعوام ### الدراسة . هذا وقد ثتت
بالمعنى، إذا تعذرت روايته بالنص.,بالمعنى ، إذا تهذرت روايته بالذص.
و الضغط الجوي و ينجم عن تيارات هوائية تنقل الحرارة و الرطوبة ( بخار الماء و الغيوم) من,والضغط الجوي وينجم عن تيارات هوانيتة تقل الحرارة والرطون (بخار الماء والغيوم) من
وكان القراء ينشرون آراء نقدية على أمازون لمدة عام . والآن ، يمكن لمدونات الكتب,وكان القراء ينشر ون آراء نقدية على أماز ون لمدة عام . والآن ، عكن لمدونات الكتب
غير جائز. قلت : و لم قال : لأن غبار الصيف يتداخله.,غير جائز. قلف : و# قال : لأن غبار الصيين يتداخله.
عوامل وأسباب بشرية مثل حرت الغابات وتحويلها الى مراعي او اراضي زراعيه,عواما وأسباب بشرية مثل حرق الغابات وتحويلها الى مراعي اواراضي زراعيه
، واليمن.,، واليمن
من  قبل : دعم المواد  الغذائية الأساسية ؛ فإن المكافحة الممنهجة للفقر، تعتبر حديثة العهد ،,من قبل: دعع المواد الغذائئة الأساسية؛ فإن الملافعة الممنهيعة للفقرة تعتبر حديثة العودة
تعتبر # سليمة من الناحية البيئية و لا تتسبب في إصدار غازات تضر,تعتبر م# سليمة من الناحية البدئية ولا تتسبب في إصدار غازات تضر
الجوي على الرغم من إمتعاص النباتات لحوالي 25 % من هذا الغان,الجوي على الرغم من إمتصاص النباتات لحوالي 2#% من هذا الغان
وتوجد خامات ومعادن أخرى في الحجاز منها الكبريت والنحاس والقصدير,وتوجد خامات ومعادن أخرى في الحجاز منها الكبريت والنحاه والقصدير
ضيقة ملتوية ، ( وتلك أحسن وسيلة للدفاع ومنع وهج الشمس) يسير فيها,صيقة ملتوية، (وتلك أحسن وسيلة للدفاع ومنع وهج الشم) يسير فيها
وما ينساقط من النبات على الارض من ثمار واوراق واغصان ومواد اخرى.,وما ينساقط من النبات على الارض من ثمار واوراق واعضان ومواد اخرى.
"يتكون ""وادي الرمة"" عند ""حرة خيبر"" أو ""حرة فدك"" من التقاء بضعة","يدكون ""وادي الرمة""عنل ""حرة خير"" أو ""حرة قدأ""من النقاد بفعة"
الغلاف الجوي من جهه و الكائنات الحية النباتية و الحيوانية و مياه,الغلراق الجوي من جهه والكائفات الجية النبائية والحيوانية ومياه
تصب في البحر الأحمر أو في البحر العربي، فإنها قصيرة بعض الشيء,تحب في البحر الأحمر أو في البحر العربي، فإنها قحيرة بعض الشيء
كان من الممكن بلوغ هذه النتائج ، بفضل إدخال نظام التسعيرة ، بحسب مستوى الاستهلاك,كان من الممكن بلوغ عده النتائج، بفضل ادخال نظام التسعيرة ، بعسبه مستوى الاستهلائ
أميون عبدة أصنام,أميون عبوة أصنام
منفعة أو ميزة قيمة . وهي في العادة مساحة من الارض ومن عليها من ارقاء الارض ،,فنقعة أو ميزة قيمة . وهي في العادة مساحة من الارض ومن عليها من ارقاء الارض ما
المثال ،يذكر أنتوني تشيتعام ، رئيس داركويركس للنشر أنه حين فازت رواية ستيف بني ، رقة الذناب،,المنال ، يذكر أنوي تشيتعام، ريس دار كويركس للنشر أنه حين فازت رواية سيبف بني، رفة الذخاب،
بين الصنفين . أما المسافات المحددة للأشجار (3.80 *  1.85م )  فكانت ضيقة نسبياً,بين الصنفين . أما المسافات المحددة للأشجار (19.8 119.9م) فكانت ضيقة نسبياً
عند خط الاستواء 2.5  ضعف الأشعة الساقطة على القطبين وهذا يعتمد على كل,عند خط الاستواء 2.5 ضعف الأشعة الساقطة على القطبين وهذا يعتمد على كل
و تصور الدراسة كيفية تفاعل الانسان مع بيئته ،,وتصور العراسة كيفية تطاعل الانسان مع بيئته،
وفي أحل التمولات الكبرى التي شسدها المغرب ، توجد ايضاً ظاهرة التمدين,وفي أحل التمولات الأبي التى شدها المغرب، توجد ايسفاً ظاهرة الستمدين
حرق الوقود الإحفوري والاستعمال المتذايد لوسائل النقل ( طائدات ، قطارات ، باصات ،,حرق الوقود الإحفوري والاستعمال المتزايد لوسائل النقل (طائرات ، قطارات، باصات،
ثم قال : اشتكيت أياماً ## صدري من سعال كان #  أصابني.,لم مال: اشتكيت أياماً # صعدري من سعال كان # أصابنبي.
كما  أن الحضارة الوسط يجب أن تتسم بالعدل وأن يكون ملازم,كما أن الحضارا الوسط يجب أن تتسم بالعدل وأن يكون ملازم
ظاهرة الإحترار الكوني هي حقيقة واقعة,ظاهرة الاحترار الكوني هي حقيقة واقعلة.
يلاحظ أن عقائد الجماعات البدائية التي تتعبد لظواهر الطبيعة - وتتخذ,يلاحظ أن عقائد الجماعات ابيدائية التي تتعبد لظواهر الطبيعة - وتتخذ
متراً و اسعة الأنتشار في ألمانيا و التي تعيش في وسط أروبا و بشكل خاص في المناطق,متراًر واسعة الأنتشار في ألمانيا والتي تعيش في وسط أروبا وشكل خاص في الماطق
الأمازون والغابات الإستوائية في جنوب أسيا وكذلك في الغابات الواقعة,الأمازون والغابات الإستوائيه في جنوب أسيا وكذلك في الغابات الواقعة
"شطر ة أولى لها , وتستكمل بنية الفقرة الفنية ملتزمة بنظام الروي المذكور , أمالحن",شطرة أولى لها، وتستكمل بنية الفقرة الففية ملتزمة بنظام الروي المذكور، أما لحذ
غرب آسيا وشمال إفريقيا وأوروبا ، واستطاع أن يتأقلم ويعيش,غرب آمسيا وشمال إفريقيا وأوردبا، واستطاع أن يتأقلم وييعيش
الواحد وبين الصنفين أيضا، حتى إن عتوسطه عندهما 2.3 م مصنف غولىن دبليشيس,الواحد وبين الصنفين أنضاه عتى إن ستوسطه عندها 25 م مصنف غولين بيليشعي
من مكان إلى آخر وتؤثر في الأنظمة الأخرى فان الغلاف المائي,من مكان إلى آخر وتؤثر في الأنظصة الأخري فإن الغلاف المائي.
ومن أمثلة المحاريب الإسلامية الرائعة محراب السيدة رقية بالمتحف المصري الإسلامي .,ومن أمثله المحاريب الإسلامية الرائعة معراب السمعة بقيه بالمتحف المصري الإسلاي.
الطبيعيه والذوبان المتسارع لثلوج القطبين الشمالى والجنوبى وانقراض انواع,الطبيعيي والذويان المتارع لثلوج القطبين الشمالي والجنوبي واتقراض انواع
و إن أقام فيها ألزمته المؤن و عرضته للفتن إر أساءوا جوارهـ و انكر مكانه و بعد,وإن أقام فيها الزمت المؤن وعرضت للفتن إر أساء واجوارهـ وانكر مكانه وبعد
حتى لا تكون هناك قطيعة تامة، وارتفعت بذلك السواحل الغربية، نتيجة انخساف الأرض،,حتى لا تكون هناك قطيعة تامة، وارتفعت بذلك السواحل الغربية، نتيجة انخساف الأرض،
قامت فيها الدولة الحميرية -على رأي بعض . العلماء- فأخذ الحميرويون  بهذا,قامت فيها الداولة اليعميوية -على راي بعض. العلماء- فاخذ العميرويون بهذا
الصوبة الحضراء والتى يتكون معطمهَا من بخار المَاء، وثاني أكسيد,العوبة لحضراء والتي يتكون معطمةا من بخار الماء، وثاني أكلسيد
و أهوية ورياح ومن طبيعة أرض وموقع، ومن هبة الطبيعة إلى,وأهويدة ورياح ومن طبيعة أرضى وموقع، ومن هبة الطبيعت إلى
ضعف الإنتاح الصناعي الالي والزراعي الاي. من جانب أخر لم تكن,ضغف الإنتاع الصاعي الالي والزراعي الالي . من جانب أخر لم تكن
بالاكرام لهم . ولو لا أنك سألتني هذا الكتاب لما تكلفته ولما وصعت كلامي,بالاكرام لهم. ولولا ذنكا سألتي هذا الكتاب لما نكلفته لما وصعت كلامي
على حال قبل الإسلام تمييزاً وتفريقاً لها عن الحالة التي صار عليها,على حلل قبل الإسلام تمييزاً وتتفريقاً لها عن الحالة التي صار عليها
الجيزان ويستخرج الاهلون منها مسحوقا لاستعماله في عمل المفرقعات كما إن,الجيزان ويستضرج الاهلون منها محوقا لاستعماله في عهل المفرقعات كما إن
حتى إذا انصدع عمود الصبح خرجت في أوائل المدلجين . فدق عليه الباب دق واثق و دق,حتى إذا انصدع عمود الصبح خرجت في أوائل المويجين . فددق عليه الباب دق واتق ودق
سبأ ومأرب والتي أعطت للحضارة البشرية أعظم انجاز في عمارة التراب,سبأ ومأرب والتي اعطت للحضارة البشرية اعظم انجاز في عمارب الزراب
مع بعضهما البعض لتكوين ذرة واحدة كبيدة، هي الهيليوم الذي تقل,فع بعضهما البعض لتكوين ذرة واحدة كبيرة، هي العيليوم الذي تقل
الا ان تسير في خطين متوازيين . خط يمثل القيم الماديه ، و خط,الاان تسير في خطين متوازيين. خط يمثل القيم الماديه ، وخط
وقدرتنا على خلق وسيانه بيئة,وقدرتنا على خلق وصيانه بينة
أثناء دورانها عن الشمس حسب نظرية ميلا نكوفيتش إلى مرور الارض بعصر جليدي,أثناء دورانها عن الشمس حسب نظرية ميلا نكو فيتب إلى مرور الارض بعصر جليدي
والمال في مجال غير مجدي للمجتمع .,والمال في مجال غير مجديه للمجتمع.
"يشك في صحة ورود كلمة ""العرب"" علماً لقومية في الشعر الجاهلي","يشك في صعة ورود كلمه ""ألعرب"" علت لقومية في الثعر الجاهلي"
المهنية العليا : مرحلة التعليم الابتدائي أولى المراحل التعليمية,المهيية العليا: مرحلة التعليم الابتدائي أولى المداحل التعليمية
أجل مواءمة  الاستراتيجيات والبرامج والخطط  الخاصة بإدارة الموارد الطبيعية,أجل مواءعة الاسترايجيات والبرامج والخظط الخاصة بإدارة الموار ولطايي
و بشكل خاص إرتفاع درجات الحرارة المفاجئ . تعتبر شجرة الشربين و تسمى علمياً,ويشكل قاص إرتفاع درجات الحرارة المفاجي. تعتبير شحرة الشربين وتسمى علمياً
وكان بعض هذه الغرف في العصور الوسطى صروحاً مزخرفة أحسن زخرف.,وكان بعض هذه الغرف في العصور الوسحى صروحاً مزخرفة أحس نزخرف.
في خارج بلادها اي مسقشارين لحماية مواطنيها ومساعدتهم,في خارج بلادها أي مسقشارين لحماية موالطنيها ومساعدهم
إنخفاض الماء باليابس عن طريق مخاضة يبلغ طولها ميلأ شمال,إنخفاض الماء باليابس عن طربق مخاضة يبلغ طولها ميلأ ثمال
يهود الحجاز # أرباحاً طائلة من اشتغالهم بزراعة النخيل هناك .,يهود الحبجاز # أرباحاً طائلة من إشتغاهم بزراعة النغيل هناك .
المدارس الفنية الأخرى,الهدارعن العتية الأحرى
من فنون القول، التي أبدعها اللسان العربي، من الشعر والنثر والمقامة والقصة والملحمة،,من فنون القول ، التي أبدعها اللمان العربي ، من القعر والنقر والققامة والقصة والملحمة،
القمر فيرسل أشعته الفضية الوادعة فتبر لبّه ، و تتألق النجوم,القمر فيرسل أشمعته الفضية الوادعة فتبرلته، وتتالق أنتجوم
من هجمات العحيان المسلح اللغة وعارات الموت في  حميم عل مهاملة ادىىة,من هجات العحيان المسلح اللفة وعاات الموت في حميم كل مهامة ادسة
إلا من خلال هذه السوق الجديدة العالمية للأدب الانجليزي . وبعد الأسبوع الأول لنشرها ، كانت يوم السبت.,إلامن خلال هذه السوق الجديدة العالمية للأدب الانجليزي . وبعد الأسبوع الأدل لنشرهات، كلانت يوم لبت.
رجل من اهل العراق فيكرمه ويكفيه مؤنته. تم كان كثيراً ما يقول لذلك العراقي: ليت اني رايتك بمرو حتى,رجل من اهل العراق فيكرمه ويكفيه مؤته. تم كان كثيراً مايقول لذلك العاقية ليت اني رايتك بجرو حى
ونذكر من ذلك الخزذ-ذكر الأرانب والخشف ،صغير الغزلان والجبح ، بمعنى خلية النحل ، والقط,وتذكر من ذلك الخرز- ذكر الآرانب والخشف، صغير الغرلاة والجبج، بمعنى خلية النخلد ، والقطا
الأدبية  إلا في إيطاليا  وبيزنطية . وكان ابن أسرة الفرسان يرسل في السابعة  من,الأديية إلا في إيطاليا وبيزنطية ، وكان ابي أسرة القرسان يرسل في السابعة من
منذ بداية تسجيل درجاة الحرارة.,منذبداية تجيل درحاة الحراوة.
"ومن أهم مواضع وادي القرى ""العلا""، وقد نزله الرسول في طريقه إلى تبوك. ويقع في موضع ""ديدان""","ومن أهم مواضع وادي القري العلاً""، وقد تزله الربتول في طريقه إلى تبوك . ويقع في موع ديدان"
إلى طاقة كهربائية كما هو الحال في المولد الكهربائي,إلى طاقة كهربائية كما هو الحال في المولد الكهدياًئي
ولا تتنوفر الطاقة الحرارية بصورة مباشرة في الطبيعة الافي مصادر الحرارة الجوفية,ولاتتوفر الطاقة الحرارية بصورة مباشرة في الطبيعة الافي مصادر الحرارة الجوفية
وهي أكبر غابات العالم . تقع بين مجموعة من البلدان أهمها البرازيل والارجنتين,وهي أكبب غابات العالم. تقع بين مجموعة من البلدات أهمها البرازيل والأرجنين
بذلك أهل مرو بقدر ما خصوا به . قال اصحابنا : يقول المروزي للزائر إذا,بذلك أصل مرو بقدر ماخصوا به . قال اصحابنا: يقول المرو في للزائر إذا
من الجدول رقم (3) أن هناك ارتفاعاً ملحوظاً لوقيرة .,من الجدول رقم (5) أن هناك ارتفاعاً ملحوظاً لوقيرة.
مخافة ألا يرجع إليه ماله ولا يعد ذلك هبة منه أو رجل يخاف الشكية,مخافة ألا يرجع إليه مالدولا يعد ذلك هبة منه أورجل يحام الغاري
القريبة المتصلة بالإسلام  ولذلك أصبحت أكثر الكتابات التي عثر عليها حتى الآن من العهود,القريبة المتطله بالإسلام. ولذلك أصبحت آكثر الكتابات التي عثر عليها حتى الأن من المهود
وكانت نساؤهم يغطين أجسامهن  الكبيره بالحرير والفراء والمخمل,وكانت نساؤهم يفطين أجسا مهن الكبيره بالحرير والفراء والمخمل
"عام 1987م حيث سيتم تنفيذ "" جامعة من التراب و سفارة من التراب فندق ومتحف","عام 1990م حيث سيتم تنميذ ""جامعة من التراب وسغارة من التراب فيدق وقتجو"
ما يحيط بالشعب طيعاً من جبال وأنهار وصحراء ونحوذلك .,مايجيط بالشجب طيعاً من جمال وأنهار وصحراء ونخوذلك.
فضلاً عن ان الأوروبي يستهلك من الطاقة عشرة أضعاف ما يستهلكه الفرد في بعض الدول النامية,فضلاً عن ان الأورويي يستهلك من الطاقة عشرة أضعاف ما يستهلكه الغرد في بعض الدول النأمية
المحركة من الأشعة الشمسية الحرارية الواصلة الى الأرض مروراً بالغلاف الجوي  .,المحركة من الأشعة الدثمسة الحرارية الواصلة الى الأرض مروراً بالغلاق الجوي.
لفروع الأشجار التي تحتق المسافات الحية بين صفوف الأشجار ، والتي من خلالها,لفروع الأشجار التي تحتق المسافات الحية ببين صفوف الأشجار، والني من خلالها
ضخامة الكميات .,ضخاقة الكميات.
المقروءة لم تكن مضبوطة ضبطاً تاماً، فاستطاع هذا العالم بجهوده العطيمة قراءة كل النصوص,للتقروءة لم تكن مضبوطة خبطاً تاماً، واسظاع هذا العالم يجموه العطيمة قراءة كل النضوص
هذا وينتج عن حرق الوقود الإحفوري الحاوي على شوائب من عناصر كيميائية,هذا وينتج عن حرق الوقود الإحفوري الحاوي على شوائب من عناصر كيميائية
من حافظة نقوده ألفي ريال يمني، وهي تساوي عشرة دولارات,من حافظة بصودة ألفي يال يمني، وهي تساوي عشره دولارات
يمكن معرفة مدى تناسي قون نمو الأشجار المستخدمة مع المسافات بين الأشحار,يمكن معرفة مدى ثناسي قون نمو الأشجار المستخدمة مع المصافات يين الأشجار
على بلاد العرب وعلى سكانها، وأطلق لذلك كتبة الاتين واليونان على  العرب,على بلإد العربه وعلى سكانها، وأطلف لذفق كتببة الأقين واليونان على العرب
ويعد  إعصار كاترينا سادس أقوى إعصار سجل لحد الآن منذ عام,ويعد إعصار حاترينا سادس أقوى إعصار سجل لحد الآن منذ عام
الكهربائية لا تنشأ إلا بتحويل نوع من أنواع الطاقة إلى,الكهربائية لا تنثأ الا بتحويل نوع من أنواع الطاقة إلى
يحصل بالقليل مما جاد به أضعاف ما بغل به كان ذلك عتيداً ويسيراً موجوداً وقلت .,يحصل بالقليل مما جاد به أضعاق ما بغل به كان ذلك عنيداً ويسيداً موجوداً وقلت.
بولونيا وغيرها من المدن المال إلى سادة الإقطاع لكي يسمحوا لأرقاء أراضيهم  .,بولونيا وغيرها من المدن المال إلى سادة الإقطاع لكي لسيمحوا لأزقاء أراحيهم.
مما يضر العيال . فألزموهه القب . فعابو زياداً بذلك. و زعموا أنه استثقل حضوره كل يوم و أراد,مما يضر العيال. فألز موه التب . فعابوا زياداً بذلك. وأعم وا أنه استشقل هضوره كل يوم وأراد
سبب هذه الهجرات بعدم استطاعة جزيرة العرب تبول,سبب هذه الهجرات بعدم استطاعة جزيرة العرب تبول
الكربون,الكربون
الشجرة من المسافة بيه الصفوف (3.80 - 2.40=1.40م ). إن هذه المسافة لهذا الصنف في هذا النظام,الشجرة من المسانة بيع الصفون و9.3- 11.2111.1م). إن هذه المسافة لهذا الصنف في هذا النظام
"بن أبي سفيان في سنة خمسين، وتوفي في سنة خمس وتسعين ومائة ، ودفن في رأس ""حدبة صعدة"" . هذا","بن أي سفيان في سنة خمسين ، وتوفي في يسنة خمس وتسعين ومائة، ودفن في رأس ""حدية صعدة"". هذا"
شكل سكريات بسيطة مثل سكر الكلوكوز و تتمكن فيما بعد من,شكل سكريات بعسيطة مقل سكر الكلوكوز وتتمكن فيما بعد من
على الصورة التي انتهت إلينا.,على الصورة انتي انتهت إلينا.
كلها (بلور مسال) ، السبورات آلية يمكن تحويلها إلى شاشات للعرض .,كلها (بلور مسال)، السبورات آلية يمكن تحويلها إلى ثاثات بلعرض.
العشرين الاخيرة شهدت أعلى معدلاً مسجلاً لارتفاعات درجة حرارة سطح الأرض,العشرين الاخيرة شهدت أعلى معدلا مسجلاً لارتفاعات ورجة حرارة سطح الأرض
وكان هذا النجاح الثفاهي الذي حمل بلومز بيري على اتخاذ الخطوة غير المسبوقة,ومكان هذا النجاح الشفاهي الذي حمل بلومز بيري على اتخاذ الخطوة غير المسبوقة
في تقريرها الصادر عام 2002,في تقريرها الصادر عام 2000
الوعي لدى الأطفال بحواسهم.,الوعي لدى الأطفال بحواسهم.
الخمس والصوم.,الخمس والصوم.
الجوي . إن تزايد تركيزات غاز ثنائي أوكسيد الكربون في,الجوي . إن تزايد تركيزات غماز ثنائي أوكسيد الكربون في
الطمع مخذول الأمل . احتال الآباء في حبس الأموال على أولادهم,الطمع مخذول الأآمل . احتال الآباع في حبس الأموال على أولادههم
التكنولوجيا خاصة المتعلقة بالأسلحة، و نادوا بظرورة التحكم في مسار,التكنولوجيا ماصة المنعاقة بالأسلحة، ونادوا بطوورة التحكم في مسار
والاقتصادية للبلاد.,والاقتصادية للبلاد.
إن مصدر بخار الماء الموجود في الغلاف الجوي هو عمليات التيتر المائي,إن مصدر يخار الماء الموجود في الغلاف الجوي هو عمليات التيئر المائيي
أما بخصوص الإنتاج فقد تم # عن الثمار على الأشجاد المدروسة بعد انتهد السقوط الفــيولوجي,أما نخصوص الإنتاج فقدتم # عن الثمار على الأشجار المدروية بعد اتهاد السقوط الفيولوجي
عديدة في الغالب، ولهذا صعب على الباحثين الرجوع إليها لاستخراج ما يحتاج إليه من مادة,عديدة في الغالب، ولهذا حعب على الباحثين الرجوع إليها لاستخراج ما يحتاج إليه من مادة
وغيرها وهذا يرجع إلى دور اىعقل ومدى قدرته على مواجهة الصعوبات,وغيدها وهذا يرجع إلي دور العقل ومدى قدرته على مواجهة الصعوبات
والمهنية من حين لآخر ، على أن تكون تلك الدورات التدريبية مجانية ، وتقوم,والمهية من حينه لآخر ، على أن تكون تلك الدوران التدريبية مجانية ، وتقوم
القطبين يمثل نظاماً مؤثراً في المناخ. ان يقوم هذا النظام بتزويد,القطبين يمثل نظاماً مؤثراً في المناخ. ان يقوم هذا انتخظام بترويد
من جذوره .,من جزوره.
وشجعت المؤ سسات الخاصة ودور النشر والطباعة والانتاج #  الوطنية على التنافس,وشجعت المؤسيات الخاصة ودور النشر والطباعية والانتاج # الوطية على الناف
وتذوق الطعام البحري لمطعم تسايجيابو، والتجول في ميدان بينخه، والنزة,وتنوق العطام البحري لمطعم تسيجيابو والتجول في ميدان بينخه والنرة
إحدى مقومات هذه الاستراجية  في التأمين  الإجباري,إعدى مقومات هذه الاستراجية في التأمين الإجباري
تكون هناك حركات متوخاة، تصدر انواع مختلفة من الإشارات الموجية في المخ,تكون هناف مركات متوناة، فصدر انواع مختلفة من الإشارات الموجية في المخ
في القرن العشرين ومنها المانيا ، حسين تعرضت بعض مدنها للدمار,في القرن العشريز ومنها المانينا، حسين تعرضت بعض مدنها للرمار
"في المنقول منه  في كتاب ""الإكليل"" ما يشير الى # جاهليه وأصل جاهلي","في المنقول منه في كتاب ""الإكليل"" ما يشجر الى #جاهليه وأصل جاهلي"
م يستطع أحد حتى الان استغلال الاندماج النووي في انتاج الطاقة النووية عن طريق النفاعل,م يستطع أحد حتى الان استغلال الاندماج النووي في انتاج الطاقة النودية عن طريق النقاعل
في بحيرة بودن سي ( أكبر بحيرة للمياه العذبة في أوربا ) تتمثل في إنتقال أحياء مائية,في بحيرة بودن سي (أكبر بحيرة للمياه العذبة في أوربا) تتتمثل في إنتقال أحياء مائية
إن أي مجتمع من المجتمعات الإنسانية لا يستطيع أفراده أن يعيشوا متفاهمين,إن أي مجتمع من المجتمعات الإنسانية لايستطيع أفراده أن يعيشوا متفاهميذ
من التأثيرات السلبية لمادة كلورو فلوروكاربون التي يستخدمها,من التأثرات السلبية لمادة كلورو فلور وكاربون التي يستخدمها
وغزوا فارس والروم، ولهيت عن الشعر وروايته. فلما كثر الإسلام. وجاءت,وغزوا فارسا والروم، ولهيت عن الشعر وروايته . فلما كثراً لإسلام . وجاءة
عنها من تغير في مناخ المنطقة كان له دوراً سلبياً على البيئة فيها . تعاني الكثير من البلدان,عنها من تغير في مناخ المنطقة كان له دوااً سلبياً على البيئة فيها . تعاني الكثير من البلدان
الظاهر أنه كان قد أخذها من المؤلفات النصرانية أو من أشخاص,الظاهر أنه كان قد أخذها من المؤلفات النصرائية أو من أشخاص
اسلم ضحيته وقد # سن قانون للآداب بتعه أفراد المجتمع الرلقي  .,اسلم ضيعته وق# سن قانون للآًاب يتبعه أقراد الجبمع الدلقي.
كبير  ، و كذا من  خلال اتشار  السكن .,كبير. وكذامن خلال اتتار السكر.
"ويسمون هذه الجردة الجماعية عونة و أو فزعة ,وهذا بالطبع مـظهر من مظاهر",ويسعمون هذه الجردة الجماعية عونة وأو فزعة ووهذا بالطبع مظعى من مظاهر
"عظام بشرية اتضح انها بقايا الهنود ""الدراوديين"" سكان الهند القدماء .","عظام بشرية اتضح انها يقايا لهنودا الدراوديين""سكان هنو القدماء."
وللتباين و للتباين و للتراتبية الإجتماعية ، التي عرف تشكلها في عهد الحماية، ستشهد,وللتباين وللتباين وللتراتبية الإجتماعية ، التي عرف شكلها في عهد الحماية، ستشهد
و أنا اعلم أنك كلما داينتني قد ازددت فرحاً زدتني في الجائزه . و قبول,وأنا اعلم أنك كلما رأيتى قد ازددت فرحاً زدتنف في الجائزه. وقيول
منذ قديم الزمان وتلعب الطبيعة الدوى الأساسي في حصولها مثل الهزات الارضية والزلازل والبراكين,من قديم الزمان وتلعب الطبيعة الدوسى الأساسي في حصولها مثل الهرنات والنولازل و البراكلين
يستعمل بشكله الغازي المضغوط في تعبئة المشروبات الغازية والروحية لإعطاء الشعور,يستعمل بشكله الغازي المضغوط في تعبئة المشروبات الغازية والروحية لإعطاء الشعور
الإدارة المحلية في الحضارات اليمنية القديمة قائلاً,الإدارة المجلية فما الحضارات اليمنيه القديمة فائلا
شبه الجافة إلى المناطق شبه الرطبة بسبب انخفاض حاصل التهطال/,شبه الجافة إلى المناطق شبه الرطبة بسبب أنخفاض حاصل التقطال)
جيد عما يحىن من نوعية .,جيد ما يحتى من نوعية.
افكار  اومايا ونظام كــــيزن للتحسين المستمر واقعاً علمياً لا,افكار اوحايا ونظام كيزن للتحسين امستمر واقعاً علمياً لا
و سأل زياد عن رجل من أصحابه فقيل : إنه لملازم و ما يغيب غداء الأمير . فقال زياد: قليغبه فإن ذلك,وسأل زياد عن جبل من أخحايه فقيل ، إنه لملازم وها يغيب غداء الأير. فقال زياد : قليغبه فإن ذلك
وقد زار في أثنائها المناطق الجنوبيه الشرقية والمنطقة الجنوبيه الممتده من,وقد زار في أثتائها المناطق الجنوبيه القرقية وللنطقة الحنوييه المعتدن من
للإشعاع # الشمسي الداخل ولكنها معتمة نسبياً بالنسبة الإشعاع الحراري ذي الموجات,للإنعاع ا# الشمسي الداخل ولكنها معتمة نسبياً بالنسبة للإشعاع الحراري ذي الموبات
أن هذا الجبل قد فقد نسبة عالية جداً  .,أن هذا الجبل قد فقد نبة عالية جداً
"في عهد الحارث الرابع ملك الأنباط ""من سنه 9 ق . م إلى سنة 40 ب . م""","في عهد الحارث أكرابع ملك الأنباط""من سنه وق .م إلى سنة ه#ب.م"""
لتنظيم مؤتمر دولي حول عمارة التراب تحت عنوان مؤتمر التراب والذي ستندرج,لتنظليم مؤتمر دولي حول عمارة التراب تحت عنوان مؤتمر التراب والذي ستتدرج
النفط ومحطات الطاقة وحادم السيارات أسباب مهمة لارتفاع حوادث الكون وقالت الإدارة,التقوو محفات لطاقة وحادم السيارات أساب مهمة لارتفاع حوارت الكون مقالت الإدارة
تعد الشمس أهم العوامل المؤثرة في المناخ  وذلك لأنها مصدر,تعد الشمس أمهم العوامل المؤثرة في الماخ وذلك لأنجا مصدر
إذا إستعلمت كبديل للوقود الإحقورى . الكتله الحيويه هي عباره عن مواد,إذا إستعلمت كيديل للوقود الإصقودى . الكتله الحيويه هي عباره عن مواد
الإلزامية ، وبرامج الضمان الإجتماعي ، والبكالوريا ، والتدريب المهني بل,الإلزامية ، وبرامج الضمان الإجتماعي ، والبكالوريا، والتدريب المهني بل
البرازيل من الدول المنقدمة مي هذا المجال حيث إستطاعت ان,البوازيل من الدول المتقدمة في هذا المجال حين إستطاعت ان
الأجنبية ، بالإضافة إلى التحليل النقدي,الأجنبية، بالإخافة إلى التجليل النقدي
ولكن الغابات الحدودية ( التي تقع على الحدود) مازالت تلعب دوراً كبيراً في البقاء على حياة الغابات,وبكن المابات الحدودية ( التى تقع على الحدود) ما زالت تلمعب دوراً كبيراً في البقاء على حياة الغابات
جهاز الدولة الرسمي في هذا المضمار . أما سلطات المجتمعات المستقلة فتتركز,جهاتز الدولة الرسمي فيهذا المضمار. أما سلطات المجتمعات المستقلة فتركز
العلاقة بين الحضارة الوسـط والحضـارات الأخرى وهل هي,العلاقه بين الحضارة الوسط والحضارات الأخرى وددل هي
واستبدالات # . وهكذا ، فالبلاد تعرف انتقالا تتعايش ضمنه مرجعية تقليدية إلى,واستبدالات #. وهكذا، فالبلاد تعرف انتقالا تتعايش ضعنه مرجعية تقتيدية إلى
العقود الثلاثة الأخيرة . في الفترة ما بين العام 1990-1995 وصلت نسبة الفاقد منها إلى,العقود الثلاثة الأخيرة . في الغترة سابين العام 1990- 1995 وصلتا نبة القاقد منها إلى
كل رئيس  ، وتحرم إستخدام  نساء فى الصناعات  عدا زوجة الرئيس ، كما تحرم إستخدام,كل رئيس ، وتحرم إستخدام نساء في الصناعات عدا زوجة الرئيس ، كما تحرم إستدرام
وتبعوا كلامه في الكتب : بسم الله الرحمن الرحيم اصلح الله امركم وجمع شملكم وعلمكم الخير,وتبعواًكلامه ف الكب : تيسم الله الرعن الرحيم اصلح الله امركم وجمع مملكم وعلمكم النخير
ان التاج المستخدم هو المغزلي الذي مستعمل بكثرة في تطم الزراعة الكثيفة عريض في قاعدته,أن الباج المستخدم هو المغزلي الذي ستعمل بكثرة في تظم الزراعة الكقيفة عريض في قاعدية
قال : وإن فرحك يتضاعف على قدر تضاعف القول ! أعطه يا فلان,مال : وإن فرحكا بتنضاعض على قار تضاعف القول ! أعمه ياقلان
لطرق الزراعة الاخرى و حيث ظعرت أنواع أخرى من البيئات إلى يمكن استخرامها,بطرق الزراعة الأخرى وحيث ظعرن انواع أخرى من البيئات إلى يمكن استخرامها
من خلال التقليم أمكن وضع حد لنمو الفروع وأمكن بالتالي تحديد الابىاد,من خلال التقتليم أمكن وضع حد لنمو الفروع وأمكن بالتالي تحديد الابعاد
تسببت من موت الاشجار والأحراش وكذلك موت الكثير من الاحياء,سبيت من موت الاتجار والأحرادت وكذلك موت الكتب من الاحياء
كما وشهدت الأجزاء الشمالية من ألمانيا خلال نفس الشهر أعل معدل لشروق,كما وشهدت الأجزاء الشمالية من ألمانيا خلال نفس الشهر أعل معدل لشروق
وهو إيصال البحر الأحمر إلى البحر الأبيض بقناة السويس.,وهو إيصال البحر الأحمر إلى البحر الأبيض بقناة السويس .
حارة ، طين  ومياه ذات خصائص علاجية) ، على مقربة منه,حارة، طين ومياه ذات خصائص علاجية)، على مقربة منه
ما الشعر فلا غرو بأنه (ديوان العرب) وهو سجل دقيق لحياتهم في جميع,ما الشعر فلا غرو بأنه (ديوان العرب) وهو سجل دقيق لحياتهم في جميع
هذا وقد عين بعض الباحثين المصريُين بدراسة ما عثر عليه في بعض القبور العادية من عظام  ، لتعيين,هذا وقد عي بعض الباحيين المحرثين براسة ما عثر عليه في بعض القبور العاديه من عظام. لتعين
وحاولت ان تجد عملاً في الدول الجاوره للمجر . في سنة 1992 . غادرت,وحاولت ان تجد عهلاً في الدول الجاوره للمجر. في سنة 19990. غادرياً
يده إلى صاحب الشراب يستسقيه و هو على خوان المهلب فلم يره الساقي,يده إلى صاحب الشراب يستسقيه وهو على خوان المهلب فلم يره الساقى
به وتؤدي الى خسائر بشرية وبيئية ومادية فادحة ويدوم تاثيرها لفترة طويلة,به وتؤدي إلى خائر الشرية وبيئية ومادية فادحة ويدوم تاثيرها لفترة طويلة
4-3 درجات مئوية عن مثيلاتها في الأعوام 1951- 1980,1-1 درجات مئوية عن مثيلاتها في الأعوام 1190-1990
في الطبيعة و متجددة باستمرار ما دامت الحياة قائمة.,وباستغط##الطقة المجدية يمكننا الإستفادة  الطلقاتة غير المتجد دقية
الأرض من الشمس أثناء تغير دورانها تشتد قوة الأشعة # الشمسية فتزداد,الأرض من الشمس أثناء تغيرد ورانها تشقد قوة الأشوة # الشميسية فتزداد
دخل عال من الثمار بنوعية جيدة .,دخل عال من الثمار بوعية جيدة.
معظمها في الجو مباشرة ، بواسطة المداخن ، و على شكل غازات حارة  .,معظما في الجومباشرة ، بواعطة المداخن ، وعلى شعل غازات حارة.
تحديد ار تعاع الشجرة من خلال قص محورها فوق فرع ضعيف غائبما تكون وضعتة أقرب إلى الأفقية ،,تعدواوتقاع الشجرة من حلال قص محورها فوق فرع ضيعف غاتبما تكون وضعتغ أقرب إلى الافقية .
الطعام ؛ يسمونها عوّاسة . ولأن الحصاد يأني في الصيف حيث الحر و القيظ,الطعام ؛ يسمونها عؤاسة . ولأن الحصاد يأني في الصيف جث لحر والقوظ
عكس الأشعة الشمسيه الحراريه وإمتصاصها. إذ تقوم السطوح البيضاء وفاتحة اللون,عكس الأشعة الشمسيه الحراريه وإمتصاصها. إذ تقوم السلوح البيضاء وفانحة اللون
إلا أنها لا تخلو من بعض العيوب البسيطة .,إلا أنها لاتخلو من بعضى العيوب البسيطة.
سيقضي تلوث الغطاء الجوى  للأرض  بسبب إىبغاث غاز ثانى إكسيد  الكربون وغير ه من,سبقضي ثلون القطاء الجوي للأرض بسببب إيغات غاز ثاني إلكيد الكريود وغيرهـ من
بها و منها الأرض . تعرف الأشعه الشميه بأنها إشعاعات كهرومغناطيسيه تنبعث فى مسار,بها ومنها الأرض. تعرف الأشعه الشميه يأنها إشعاعات لهر وفضاخييه تبعث في مسار
وتسببت في هجرة الكثير منهم من الريف إلى  المدن ، أدى,وتسببت في هجرة الكثير منهم من الربف إلى اطدن ، أدى
الطاقة في ازدياد .  طاقة حرارة  جوف الأرض وهي الحرارة الهائلة الكامنة تحت قشرة الأرض والتي,الطاقة في ازدياد . طاتة حرارة جوف الأرض وهي الحرارة الهائلة الكامنة تحت قشرة الأرب والتي
بعد جيل ، ويشمل الفنون القولية مثل الحكاية الشعبية ، والأغاني الشعبية ،,بعد جيل ، ويشمل الفنون القولية مثل الحكاية الشعبية ، والأغاني الشعبية ،
الشعبي لشعب ما، و قد تشابهت مع صورة أخرى ، أو حتى توحدت,الشعبي لشعب ما، وقد تشابيت مع سورة أخرى ، أوحتى توجدت
يعد تفسخ وتحلل المركبات العضوية من اكبر مصادر غاز ثنائي,يعد تفسخ وتكلل المركبات العضوية من اكبر مصادر غاز ثنائي
أو صناعة الورق او إستعمالها تحطب ووقود.,فر صناعة الورق :وإستعالما ترطب ووحود.
العنف .  أما فيما يتعلق بدتيرة نمود الطرود الأسبوعية ،,الصف. اما فيما يتعلق بديرة نمود الطردد الأسبوعية،
فهم دورة ديفز باختصار :   فهم الخصائص الطبيعية للنهر وتغيرها مع الزمن,فهم دورة ديفز باختصار: فهم الخصائص الطبييعية للنهر وتغيرها مع الغرمن
وتعرضت كتب السير والمغازي لأخبار الجاهلية بقدر ما كان,وتعوضت كتب السير والمغازي لأخبار الجاهلية بقودرها كان
مرت بعدد كبير من الكوارث الطبيعية، من اكثر الدول تعرضاً,مرت بعدد كبير من الكوارئ الطبيعية . من أكثر الدول تعرضاً
"""وادي تبن"" ، وهو من بقايا نهر طويل، له فروع عديدة، وتمر به الطريق","""وادي تبن""، وهو من بقايا نهر طويل، له فروع عديدة، وتمربه الطريق"
فارسيه، لأن الفرس مجوس، والمجوس لا يعتقدون بهؤلاء الرسل والأنبياء.,فارسيه، لأن الفويس مجوس، والمجوس لا يعتقدون بهؤلاء الرسيل والأنيياء.
"وقامت في سنة ""1962""م بعثة أمريكة من المستشرقين الأميركان، لا علاقة لها بالبعثة","وقامت في سنة ""1195""م بعثة أمريكة من المستتشرقين الأمير كان، لا علاقة لها باليعثة"
للكاتب . فما ذكر من رأي قد يناسب الزمان والمكان,للكابب . فما ذكر من رأي قد يناسب الزمان والمكان
إرتفاعاً ملحوظاً في معدلات درجه كوكب الأرض كانت نتيجتها,إرتفاعاً ملحوظاً في معدلات درجه كوكب الأرض كانت نتيجتها
على الحياة الطبيعيه للاحياء البحريه والشعب المرجانيه  .,على الحياة الطبيعيه للاحياء البحريه والشعب المرجانيه.
وقد وصف العلماء العرب الحرار،  فقالوا: الحرة أرض ذات حجارة سود نخرة.,وقد وصف العلماء العرب الحرار،. فعالوا: الحرة أرض زات حجارة سود نخرة.
إلى أربابها وأحاديث كثيرة غير مضافه إلى أربابها إما بالخوف منهم وأما بالاكرام,إلى أريابها وأحاديث كثيرة غير مضافه إلى أربابها إما بالخوف منهم وأما بالاكرام
مجهودات مهمة ، غير أن النتائج المحرزة تظل غير كافية ، بالنظر إلى الأهداف المرسومة .,مجوداتا مهمة ، غير أن النتائج المحرزة تظل غير كافية، بالنظر إلى الأهداف المرسومة .
ودرجة المعرفة بطرق الإنتاج بدون حرث حيث بلغ معامل الارتباط,ودرجة المصرفة بطرق الإنتاج بدون حرت حيث بلغ معاسل الارتباط
"الى الصيد ، ويتغير كذلك أحياناً قليله إذا لعب ""البرجاس ""","الى الصير، وتتغير كذلك أحياناً قلايلة إذا لعب ""البرجاس""،"
"ونجد مناطق واسعة من ""الابات"" مبعثرة على طول هذه السلسلة،","ونجد مناطق واسعة من ""الابات"" مبعثرة على طول هذه السلسلة ،"
البيئية و بشكل خاص استفحال مشكلة التغير المناخي . ان تعرض هذه,البيئية ويشكل خاص استغمال شكلة التغر المنافي. ان تعرف هذه
النووي : ويحدث عند # اندماج نواتين لذرتين خفيفتين، مثل الهيدروجين,النووي : ويحدث عن ## اندماج نواتين لذريقين خفيفتين ، مثل الهيدر وجين
كلمة تازي إلى هذا المعنى فقالوا إنها أطلقت على العرب لما استهر عنهم أنهم صحراويون,تلمة نازي إلى هذ المعخفا لوا إهاةً طلقت على لاعرب لما اسهر غنهم أنهخ صحراويون
الإستواتية أو المىاريه. عند وصول سرعه الهواء نر العاصنه المىاريه,الاستواتيه اوالمياريه. كند وصو لسوعه البواء فن العاصنه المناديه
و أما الأقسام الباقيه ، فكانت تستكنها في قبائل # عربيه.,وأما الأقسام الباقيه، فكانت تستكنها في قبائل # عربيه.
بالرياض للتأكد من صدقها ، كما تح اختبار ثبات الاستيانه على,بالحريياض للتأكد من صدقها، كما تع اختبار ببيات الاستيانه على
اللغة الصينيه على # مستوى المبتدئين والمستوى الأول والمستوى,اللغة الصينيه على م# مستوى المبتدئين والمستوى الأول والمستوى
ولعدٌل حتماً في حدود تعريفه للعقلية العربية,ولعدل حنما في حدود تعريفت للعقلية العربية
ومن حيث جودة الثماد ذكر ( استينو ، 1992 ) أنها تزداد بزيادة عدد الأوراق,ومن جيث جودة الثمار ذكر ( اسشييو، 1996) أنها توداد بزيادة عدد الأوراق
، إلى جانب الجهود التي بذلت في مجال السقي ، باعتباره يشكل القطاع الأكثر  استهلاكا للمياه,، إلى جانب الجهود التي بذلت في مجال السقي ، باعتباره يشكل القطاع الأكثر أستهلاك للميان
طبيعية وعلى هذا الأساس بنيت فكرة الزراعة بدون تربة,طبيعيه وعلى هذا الأساس بين فكرة الزراعة لدون ترية
كما أنها تحد من تأثير المدافئ الخضراء و التي تساهم في ظاهرة الاحتباس الحراري في العالم من,كما أنها تحد من تأير المدافئ الخضراء والتي تساهم في ظاهرة الاحتباس الحراري في العالم من
بقيادة أوليوس غالوس فى أيامنا هذه أشياء كثيرة عن تلك البلاد  . و ممن تحدث,بقيادة أوليوس غالوس في أيامنا هذه أشياء كثيرة عن تلك البلاد . ومن تحدث
لاستنباطه واسـتـخراجه والتعرف عليه . من الخطأ أن نتصارع,لاستنباطه واستخراجه والتعرف عليه. من الخطأأن نتسارع
أما حدودها، فلم يعينها الكتاب اليونان واللاتين تعيين أَ دقيقاً . ويفهم من مؤلفاتهم,أما حدودها، فلم يعينها التكتاب اليونان واللاتين تعبين أدقيقاً . ويفهم من مؤلفاتهم
بالعحة العامة تنطلق كميات كبيرة من غاز ثنائي أوكسيد الكربون  إلى الغلاف الجوي.,بالصحة العامة تنطلق كميات كبيرة من غاز ثنائي أوكسين الكربون إلى الغراف الجوي.
اقتصادية ومالية ، ونقل العلوم و التكنولوجيا و # الإغناء  الثقافي,اقتصلديه ومالية ، ونقل العلوم والتكنولوجيا و## الإغناء الثطافي
المدن والمواقع والمزارع، وقتل السكان بالجملة فأدى ذلك إلى اندثار الآثار وتشريد,المدن والمواقع والمزارع ، وقتل السكان بالجملة فأدى ذلك إلى اندثار الآثار وتشريد
تربتها للتوصل يذاك إلى اكتشاف ما في باطنها من ثروات. فأرض جزيرة العرب،,تريتها للتوصل يذاك إلى اكتشاف مافي باختها من ثروات . قأرض جزيرة العرب،
"من التراب"" إذ ستعطي هذه المجموعة العمرانية المتكاملة مدلولاً معمارياً وحضارياً","من التراب"" إذ ستعطي هذه المجوعة العمرانية المتكامله مدلولا معمارياً وحضارياً"
الحرارة وزيادة نسبة التبخر المائي.,الحرادة وزيادةة نبة التبيخر الماني.
ولقد  اتسمت المرحلة الممتدة  من بداية  الاستقلال إلى سنة 1982 بروز نموذج اقتصادي,ولقد اتسمت المرحلة المتدة من بداية الاتتقلال إلى سنة 1195 بروز نموذج اقتصدادي
يومياً 944 مليمتر  بينما بلغت الخسائر البشرية وفاة 1150,يومياً 99 مليمتر بينما بلغت الخسائر البشرية وخاة 190
ولم يكن من قبيل الصدفة ان تكون الدراسات الشعبية على يد الرومانسية ، في,ولم يكن من قبيل الصدفة ان يكون بداية الدراسات الشعبية علىايد الروماننسية ، في
ما هو الفن ؟,ما هو الفن ؟
الدسم ورويت .وليس تناهدهم من طريق الرغبة في المشاركة ولكن لأن     بضاعة كل,الدسم ورويت. وليس تناهدهم من طويق الرغبية في المشاركة ولكن لأن بضاعة كل
"شهر ""ذو تمنع""و""ذو سحر"" وغير ذلك. وقد تجمعت لدينا أسماء عدد من الشهور","بتتهر ""ذو تمتع"" و""ذو سعر"" وغير ذلك. وقد تجعت لدينا أمماء عدد من التهور"
البسيط - 0.187 كما تبين عدم وجود ارتباط بين العمر,البسيط -191.5. كما تبيتن عدم وجود ارتباط مصوي بين العمر
مطلقة كميات كبيره من غاز ثنائي أوكسيد الكربون الى الجو,مطلقة كميات كبيره من غاز ثنائي أوكسيد الكربون الى الجو
# غليظة يثبت في طرفها حامل  حديدي بأربع أصابع على هيئة شوكة طعام ، وبعد,# غليظة يثبب في طرفها حامل حديدي بأربع أصابع على حيئة شوكة طعام، ولقد
فوجيتو وهو أعلى رقم  مسجل من حيث عدد الأعاصيرا المدمرة في عام واحد اعتباراً من,فوجيو وهو أعلى رقم مسجل من حيث عدد الأعاصيرا المدمرة في عام واحد اعتباراً من
خاصة بالتكنولوجيا.,خاحة بالتكنولوجيا.
الآمن للمبيدات,الأمن للمبيدات
نظرة ازدراء وعدم احترام .,نظرة اردراء وعدم اصرام.
لوحظ في العقود الأخيرة إن هناك إستغلال فاحش وغير مدروس لغابات,لوحظ في العقود الأخيرة إن هناك إستغلال فاحش وغير مدروس لغابات
الحضارة حتى  اثدثارها  يعود - كما يقول أصحاب  هذه النظرية - ألى أن الحضارة,العضارة حتى اندثارها يعود- كما يقول أصحاب هذه النظرية . إلى أن الحضارة
يختارون حكامهم ، ولم يكن هؤولاء يقســمون يمين الولاء .,يختارون حكامهم، ولم يكن هؤلاء يقسمون يعين الولاء .
جميع مرافق الدوله.بما فيها المنازل بحيث بات على المواطن فصل النفايات إلى,جميع مرافق الدوله بما فيها المنازل بحيت بات على المواطن خصل النفايات إلى
الغازات.,الغازات.
وتقوم بذلك شركة تستعمل الوسائل الحديثة، تحرت في مواضع عديدة من,وتقوم بذلك شركة تسعمل الوسائل الحديثة، تحرت في مواضع عديدة من
وكذلك درجة الحموضة في المحلول المغذي,وكذلف دريية الهوفة في المحهول المضذي
الأرض الطيبة المقدسة.,الأرض الطيبة المقدسة.
كلها عن قوم كانوا قد استوطنوا هذه الأماكن قبل الإسلام بزمان طويل .,كلها عن قوم كانوا قد استوطنوا هذه الأماكن قبل الإسلام بزمان طويل .
الدقيقة وفي المتوسط 16 دورة في الدقيقة ويزداد هذا المعدل في حالات إرتفاع درجة الحرارة والعمل و,الدقيقة وفي المتوسظ ، إ دورة في الدقيقة ويزدلء هذا المعدل في حالات إرفاع درجة الحرارة والعمل و
بن الزراعة إذ أن 1% فقط ذكروا أن عدد من أفراد الأسرة,بن الزراعة إذ أن ا% فقط ذكروا أن عدد من أفراد اللأسرة
"""محمد ذهني""، ففي دراسته لموضوع الادب الشعبي يسترسل في وضع تعليمات .","""محمد ذهيا""، ففي دراسته لموضوع الادب الشعبي يسترسل في وضع تعلمات."
المطعمين على فسائل الصنف البلدي . استغرقت الدراسة ثلاثة أعوام بدءاً من,المطعمين على فسائل الصنف البلدي . استفرقت الدراسة ثلاثة أعوام بدءاً من
كثيرة والانترنت ، جوائز مربحة ، ومهرجانات أدبية ، كل ذلك ساعد في إحداث,كثيرة . الانترنت ، جوائز مربجة ، ومهرجانات أدبية، كل ذلك ساعد في إحداث
المرتبه الأولى في انتاج العسل تجارياً حيث أظهر # تفوقاً كبيراً على النحل الشرقي من,المرتيه الأولى في اننتاج العسل تجارياً حيث أظهر # تفوقاً كبيراً على النحل الشر في من
فكما أن هناك أخلاق فطرية، كذلك بإمكان أي إنسان أن يكتسب,مكلم أن هناك أخلاق قطرية، كذلك نامكان ألي أنسان أن يكتسب
مبعثر وتحتاج الى تقنية حديثة ( خلايا شمسية ) لتجميعها والاستفادة,مبعثر وتحتاج الى تقنية حدينة (خلاياتمسيية) لتجميعها والاستفادة
"لرا ندم هاوس محاضرة بعنوان "" فصل جديد أم الصفحة الأخيرة ؟ نشر الكتب","ليرانم هاوس محاضرة بعنوان"" فصل جدي أم الصفحة الأخيرة إنشر الكتب"
الصحي الإجباري إلى حيز التنفيذ ؛ برامج السكن الاجتماعي ،,الصي الإجباري إلى جيز التنفيذ ؛ برامج السكن الاجتاعي،
بلاد .,بلاد.
و زاد من إنتاجية العمل بعد ان زاد من إستخدام الالات,وزاد من إنتاجية العمل بعد ان زاد من إستخدام الالات
الاحتمالي 0.01 للعبارة الأولى ، و 0.05 للعبارتسيعر الثانية والثالثة ، حيث بلغ,الاحتمالي 1000 للعبارة الأولى: و100 للعبارتسيع النانيه والثالتة، جيث بلغ
الدور في التغير المناخي لكوكب الأرض سواءاً كان هذا الدور,الدور في التغير المناخي لكوكب الأرض سواداً كان هذا الدود
العمل الوطنية ودون الاقليمية إلى مرحة تشغيل هذه البرامج هي عمليه معقده,العمل الوطنية ووون الاقليية إلى مرحة تشغيل هذه البرامج هي عمليه ملقوه
باتفاقيات ثقافية مع جمهورية الهند,باتفاقيات ثقافية مع جبهورية الهند
صعبة ، مما يتطلب منها العمل على تجاوز هذه الظروف من خلال تدبير شؤون الحياة,صعبة، مما يتطلب منها العمل على تجاوز هذه الظروفا من خلال تدبير شؤون الحياة
أرض واسعة، تغطي الرمال اكثر مساحة، فليس من السهل اليحث فيها يحثاً,أرض واسعة، تقضي الرمال الكثر مساحة ، قليس من السهل الحث فيها بحتاً
حاصل البيئة الطبيعية وحدها ، أو حاصل البيئة الاجتماعية وحدها. وخطًا من أنكر أثر البيئة,حاصل البيئة الطيعية وحدما، أو حا صل البيئة الاجتماعية وحدها . وخطاً من أنكر أثر البيمة.
المائية فإنها مثل خزانات عظيمة للطافة الشمسية الحرارية وذلك,المائية فإنها مثل خزانات عظفة للطافة الشمية الحراريه وذلك
20 مزارعاً,20 مزارعا
الأيام فقد تزايد استهلاكه في مختلف أوجه حياته اليومية .,الأيام فقد تزايد امتهلاكه للطاقة في مختتلف أوجه حياته اليومية.
هو الذي خصص الكلمة وجعلها علماً لقومية تشمل كل العرب و,هو الذي خصص الكلمة وجعلها علهاً لقومة تشمل كل العربو
و من المفارقه التي تستحق البحث ( لعبة باديس) و لقد دهشت عند ما وقعت عيني عليها,ومن المفارقه التي تستحق البحث العبة باديس) ولقد دهشت عند ما وقعت عينني عليها
من التلوج وارتفاع درجه الحراره، حيث ان درجه الحراره,من التلوج ماريقاع درجه الحرار.. حيث ان درجه الحراره
المنسوبة لأبي زيد الهلالي ، ومن هذه الأمثال الشعبية,المنسويب لألي زيد الهلالي، ومن هذه الأمثال الشعبية
المكتسبات الديمقراطية ، وبناء الدولة العصرية وكذا# الدفاع عن الوحدة الترابية  .,المكتسبات الديمقراطية، وبئاء الدولة العصرية وكذا# الدفاع عن الوحدة الترابية.
ومن رجوع أهل الأخبار الى الأعراب لأخذ أخبار قبائلهم وأيامهم وأنسابهم,ومن رجوع أهل الأخبار الى الأعراب لأفذ أخبار قيائلهم وأيامهم وأنسابهم
الهجرات، فوضعوا لهم جملة فرضيات . ظهر الاميون على مسرح الوجود,الهجرإن، فوضعوالهم جعلة فرضيات. ظهر الاميون على مسرح الوجود
في التخفيف من الضغط الذي بحدث على الحياة النباتية في الصحراء.,في التحفيف من الضغيظ الذي يحدت على الحياة النباييت في الصحراء.
تُذكر بالمجتمع الذي يعيش فيه الباحث والمشرف  فيخرج عن حدود الإستفادة,تذكز بالمجتمع الذي يعيش فيه الباحت والمسشرف فيخرج عن حددد الإستيادة
من القراء من خلال اللغة الانجليزية ، كانت التكنولوجيا تسارع حتى تلحق,من القراء من خلال اللغة الانجليزية، كانت التكنولوجيا تسارع حتى تلحق
للخطر، بسبب عدم استقرار الأمن إذا ذاك، وسبب سوء الأوضاع الصحية، ولعدم,للخظر ، سبب عدم استقراد الأمن إذا ذاك، وسبب سوء الأودناع الطحية . للدم
و لهذه الإبل رقاب كرقاب صغارالنعام ، و هي تقتحم البر ، و تأتيها بالفرج و تدراي,ولههذها لإبل رقاي كرقاب صفار النعام، وهي تقتحم البر، وتأتيا بالؤرج وتدراي
تسميتها أو تصنيفها. أصل النحل: يُعتقد أن النحل انحدر من,نسميتها اوتصنيفها. أصل النحل: يعتقد ان النحل انحدر من
وطبا يستطبون بها لمعالحة عدد من الأمراض  ومادة استخرجوا منها دبساً وخمراً وشراباً وأفادهم,وكبا يستطونا لمعالحة عدد من الأمراض ومادة استخرجوا مهياد بساً وخمراً وتراية وأفلايهم
مثل الهيدروجين مع بعضها البعض لتكوين ذرة واحدة كبيرة ،هي الهيليوم,مثل الهيدروجين مع بعضهما البعض لتكوين ذرة وحدة كبيرة، هي الهيليوم
البرامج العادية أو القيد في مدارس التعليم الخاص . المساواة   في الفرص ويحق,البرامج العادية أو القيد في مدارس التعليم الخاص . المساواة في الفرص يويحق
أن العمر الاقتصادي للأشجار في نظم الزرامة الكثيفة في حالة الأصول والأصناف,أن العمر الإقتصادي للأشجار في نظ الزراعة الكثيفة في حالة الأهول والأضنات
موضوع آخر، ولا أعتقد أن في استطاعة احد نكران وجود التأليف عندهم. فقد ورد في التواريخ,موضوع أخر، ولا اعتقد ان في استقاعة احد تكران وجود التالبف عنرهم فقد ورد قي التواريخ
الماء .,الماء.
بلغات اليمن القديمة.,بلفات اليمن القديمة.
الاسمدة العضوية في الاىثاج الزراعي ، وطرق الاستغدام الآمن للمبيدات ، حيث بلغ,الاسمدة العضوية في الانشاج الزراعي ، وطرق الاستقدام الآمن للمبيدات، حيث بلغ
المائية بنقل الحرارة  وتبادلها بين البقع الجغرافية للأرض وتؤثر بشكل كبير,المائية بنقل الحرارة وتبادلها بين اليقع الجغرافية للأرض ويؤثر يشكل كبير
والمتطورة جعل إستخدام الأجهزة الكعربائية (تلفذيدن،  حاسبة، ثلاجة، غسالة،,ولمتطورة جعل إستخدام الأجهزة الكهربائية (تلفزيون ،حاسبة ، ثلاجة، غسالة ،
أي إلى وقته تسمي العرب ساراقينوس . وذكر خبر طريفاً عن ملك الروم نقفورالمعاصر ل,أي إلى ومة مشى لاعرب ساراقينوس. وذكر جنز طرايفاً عة ملك لاروم تققور المعمرل
شوه هاي، أكثر من 16000 قطعة رائعة من الأعمال الفنية الأصلية من أعمال الحفر على,شوه هاي، أكثر من 1000 قضفة إئعة من الأعمال الفنيه الأصلية من أعمال الحفر على
وانخفاضه يمكن استغلاله كمصدر هام من مصادر الطاقه المتجد دة,وانخفاصه يمكن استغلاله كمصدر هام من مصادر الطاقة المتجددة
كرها عن غريزة ةتطور كامنة فيه الى التأقلم والانسجام مع,حرها عن غويرة مطور كامنه فيه الى التأقلو والاسجام مع
اعتماد الادب الشعبي على الادب الرسمي . لم بأت الموضوع في الادب الشعبي,اعتماد الادب الشعبي على الادب الى سمي . لم بات الموضوع في الاوب الشعبي
جبل عرق الإنسان المسلم مع تراب هذه الأرض المقدسة في بطحاء مكة,ببل عرق الإنسان المسلم مع تراب هده الأرض المقدسة في بطحاء مكة
على أكتافها تعميق مفهوم السعي إلى الجوده في سلوك الفرد,على أكتانها تعميق مفصدم السعي إلى الجوده في سلوك الفرد
9 أفراد ، إلا أنه يلاحظ قلة عدد أفراد الأسرة العاملين,# أفراد، إا أنه يلا حظ قلة عدد أفراد الأسرة الصاملين
التعليمي ودرجات المهارة في استخدام الأسمدة العضوية في الإنتاج الزراعي,التعلمي ودبعات المهارة في استخدام الأجمدة العضوية في الإناج الزراعي
ووردت عنه أيضاً حكاية أهل مكة للمعلقات على الكعبة. ووردت أخبار أخرى,ووردت عله أيظا حكاية أهل مكة للمعلقات على الكعبة. ووردت أخبار أخرى
التي جاء بها السياح والعلماء، وتعيين أشكال الحروف.,الحتي جايها الباح والعلماء، وتكيسين أتكال الحروفا.
والجنوبي للأرض حيث تسقط الأشعة الشمسية .,والجنوبي للأرض حيث تسقط الأشعة الشمسية
ومن ثم، يسود الانطباع بأننا ندور في حلقة مفرغة، بالنظر إلى أن الشوائب التي تعترض اللامركزية,ومن ثم ، يسود الانطباع بأنانور في حلقة مضرغة، بالنظر إلى فن المشوائب التي تعتر ض اللامر كزية
# حيث انهم قد انشئوا من قبل جهات خاصة ، عادة ما تكون على شكل جمعيات,# حيث انهم قد انشئوا من قبل جهات خاصة، عارة ما تكون على شكل جمعيات
حساب المشاكل الاجتماعية لأغلبية الساكنة .,حساب المشاكل الاجتماعية أغلبية الساكنة.
"وقد عالج بعض الباحثين زعم ""ابن الكلبي"" أنه كان يستخرج أخبار العرب","وقد عالج بعض الباحثين زعم ""ابن الكلبي"" أنه كان يستخرج أخبار العرب"
من الزنوج والهنود.,من الذنوج والهوء.
هو احتمال ضئيل جداً. ومن الناحية الأخرى فإن لا يمكن الجزم نتيجة,هو احتمال خئيل جداً . ومن الناحيته الاحرى فإن لا يملن الجزم نتيجة
الحراري .,الحراريي.
منطقة الامازون في أميركا الجنوبية وفي الفابات الاستوائية في,منطقة الامازون في أميركا الجبوبية وي الغابات الاستوائة ف
يصنف الديزل الحيوي على أنه وقود غير سام وقابل لتحلل بيولجياً. ينتج عن طريق تعليل,يضدف الديزل الحيوية على أنه وقود غير سام وقابل لتحلل بيولجياً . ينتج عن اطريع تجليل
10000/1).الاطلاق الرتيب لكمية من المواد المشعة:,1900001). الاطلاق الرتيب لكمية من المواد المشرعة:
أما عن الفن في الاصطلاح أو فى الاستعمال؛ فنقطة المنطلق للحديث,أما عن الفن في الإصلاح أوفى الاتعمال؛ فنقطة المنطلق للحديث
و أما الأرضون المحصورة بين هذه السلسلة وساحل البحر، فإنها صيقة، تسيطر عليها هذه المرتفعات، وتنحدر إليها,وأما الأرضوي المحصورة مين هذه السلسلة وساحل البجر، فإنها جيقة، تسيط عليها هذه المرتفعات، وتحدر إليها
الأخص فيما يخص التغير المناخي الناتج عن العصور الجليدية .,الأخص فيما نخص التغير المناخي الناتج عن العصور الجليدية.
والاعتماد عليها في قلوب الخاضعين لها . ذلك أن العصور الوسطى,والاعتماد عليها في قلوب الخاضعين لها. ذلك أن العصور الوسطى
مناطقهم مما أدى إلى رحيلهم عن مناطق سكناهم .,مناطقهم مما ادى إلى رنيلهم عن مناطق شفناهم.
"بـ ""بادية الشام"" . ويكون نهر الفرات الحدود الشرقية لها إلى ملتقى الحدود بالعربية السعيدة  .","ب""بادية الشام"". ويكون نهر الفرات الحدود الشرقية لها إلى ملتقى الحدور بالعربية السعيدة ."
لأن  العرب تميل الألف و الفتحه جهة الياء والكسرة بكثرة . ومما نحفطه,للأن العرب تعيل الألف والضعه جهة الياء والكسرة بكثيرة . وما نخفظه
أفريقيا ، فضلاً  عن عضوية المنظمات  دون  الإقليمية  لهذه البلدان,أخريقيا، فخلاً عن عضوية المنظمات دون الإقليمية لهذه البلدان
سعة أضغاف أقراص دي في دي التقليدية. أقراص الأشعة الزرقاء التي تناسب,سعة أضعاف أقراص دي في دي التقليدية. أفاص الأئعة الزرقاء الي تناب
الجبليه المرتفعة و من أكثر الأشجار تمرضاً لمخاطر التغير المناخي.,الجيليه المرتققة ومن أكثر الأشجار تقرضاً لمخاطر التغير المنافي.
إذ تعد هذه المسطحات مغاطس طبيعية لهذا الغاز المسبب لظاهرة,إذ تعد هذه المسطحات مغاطس طبيعية لهذا الغاز المسبب لظاهرة
مستقبل أجيالنا . من هذا المنطلق كان واجب علينا أن ندرس كل خطوة,مستقبل أجيالنا . من هذا المنطلق كان واجب عليفا أن ندرص كل خطوق
يوفد عربية هذا العصو بألفاظ  وأوزان تسعفها في سد العـجذ الناجم عن ثورة المعرنـة التي,يوقد عربية هذا العصو بألفاظ وأوزان تسعفها في سد العجز الناجم عن ثورة المعرمة التي
الاعاصير والفيضانات والجفاف والتصحر. حذر التقرير الرابع للهيئه الحكوميه الدوليه,المعنيه يتغير المناخ والذي أعدته الوكاله الاوربيد لليئل والمكتب الاوروي لمنظه ه الصحة العلمية
"وأذكر هنا أنني ضللت الطريق عن تنومة عير إلى بلدة ربوع قريش عام 1388هـ  , وصرت إلى جبال",وأذكر هنا أنتي ضللت الطريق عن توة عير إلى بلدة ربوع قركن عام 1919، وحرت إلى جيال
في وقت من الأوقات، حيث ضآلة حجم و قلة فاعلية الوسائل الأخرى ، و لم,فياوقت من الاومات، حيث خالة ججم وقلة فا علية الوسائل الأخرى، ولم
مضاعف على وقود الديزل والبنزين مما أدى إلى رفع الأسعار للوقود بشكل حاد ، كان الهدف,مضاعف على ورقود الديزل والبغزين مما أدى إلى رفع الأسعار للوقود بشكل حار، كان الهدف
وقد اثر هذا التغير فر السلوك الطيور المهاجره وبشكل حاض,وقد اثر هذا التغير في السلوكة الطيور المهاجره وبشكل حاض
عام ما بهم،,عام ماسهع،
وقد أدت هذه الفيضانات بسبب استمرار هطول الأمطار إلى تكسر السدور التي,وقد أدن هذه الفبضانات بسببا إستموار معطول الأمطار إلى تكسر السدور التي
أن نظم الزراعه تتوقف على إحتياج الأشجار من الضوء والسطوع الشمسى,أن زظم الزراعه تتوقق على إحقياج الأشجار من الضوء والسطوع الشمسي
مناظره الجميلة، حيث المياه النقية والسماء الزرقاء . تنتشر في # الحي الأشجار,فناحره الجميلة، حيث المياه الفقية والماء الزرقاء. تتتر في # الحى الأتحار
"وفي  هذا  الصدد ، فقد عرف ""مغاربة العالم"" نهضة ملحوظة  منذ منتصف","وفي هذا الصدد ، فقد عرف ""مغاربة العالم ""نعضة ملحوظة منن منتصف"
ويضاف الى ما تقم عامل آخر هدم الآثار عليها بالجملة وأعني به الحروب . وسوف نرى حروباً,ويضاذ الى ما تقم علمل آقر هدم الآثار عليها بالجملة وأعني به الحروب. وسوف ندنى مروباً
الادب الشعبي: هو مجمل الفنون القولية التلقائية، وهذه الفنون هي على رأس قائمه فروع التراث،,الادب الشعبي: هو مججل الفنون القولية التلقائية ، وهذه الضون هي على رأس قائمه فروع التراث.
ما كل هو جديد وغير مألوف ولو باليسير من العطاء الإنساني خاصة الذي يتميز,ما كل هو جديد وغير مألوق ولوباليسير من العطاء الإساي خاصة الذي يتمينز
ب 10  أضعاف  من تلك المميزة للبحار الكبيرة و المحيطات (تركيز,ب10 أضعاق من تللو المحيزة للبحار الكبيرة والحيطات (تركيز
على # تولي المسؤوليات وممارسة حقوقهم وتهيئتهم .,على # تولي المسؤويات ومارسة حقوقهم وتهيفتهم.
وهى بذلك لا تشكل خطراٌ كبيراٌ . نقل الفضلات المشعة :- إن المخاطر,وهي يذلك لا تشكل خطراً حبيراً . نقل النضلات الشعة :- إن المخاطر.
من مناطقهم إلى مناطق ودول أخرى في ظاهرة جديدة,سن مناطقهم إلى مناطق ولول أخرى في طاحرة جديدة
الأكيل عليه وفي نفوره منه .,الأكيل عليه وفي نعوره منه .
الهدف من هذه المرحلة والهدف من التدريب المهني هو تأهيل الطلاب للاضطلاع بالعمل في الحرف المختلفه .,الهدف من هذه المرحلة والهدف من التدريب المهني هو تأهيل الطلاب للاضعلاع العمل في الحرف المختلد .
ساعات معدودة. ناحيك عن نفوق الملايين من الحيوانات وموت واقتلاع,ساعات معدودة. ناهيك عن نفوق الملاين من الحيوانات ومون واقتلاع
لقوتها ، لان مجتمع القوة دون العدل يصبح غابه ، والشاهد,لقونها، لان مجتمع القوة دويد العدل يصبح غابه ، والشاه
"في المجر "" . ولكنها عملت ايضاً مربيه اطفال وساعيه بريد وعامله هاتف ،","في المجر"". ولكنها عملت الضاً مدييه اطفال وساعية بريد وعأمله هاتو،"
الخطوة الاول وهي حرق الوقود والحصول على طاقة حرارية تتحول بعد ذلك,الحظوة (لاولا وص حرق الوقود والحصول على طاقة مرارية تتحول بعد ذلك.
ويبلغ عدد سكانها حوالي 82.2 مليون نسمة .,ويبلع عدد سكانها حوالي 205 مليون نسمة.
وليس  سيطرة  الانسان على أدوات الحضارة ، وليس المقصود  هنا هو عدم  السيطرة,ولييس سيطرة الانسان على أدوات الحضارة، وليس المقصود هنا هو عدم السلمرة
يصل منها الي سطح الارض 2% فقط بسبب دور غاز الأوزون,يصل منها الى سطح الارض 1%% فقط يسبب دور عاز الاوزون
العلماء اليونان وما سمعه هو بنفسه ومما شاهده هو بعينه، وقسّم الأقاليم #,العلماء اليونان وما سمعه هوننفسه ومما شاهده هو يعينه، وقسم الأقاليم #
ولم تكن الرابطة الاولى في هذه الصلات المعقدة هي الرابطه الاقتصادية ، بل كانت هي,وع تكت الراسطة الاولى في هذه الصلات المعقدة هي الرإبط الاقتصادية ، بل كانت هي
وإلى اليوم تجدهم لا تخلو مجالسهم وأسمارهم عن ذكر لأبي,وإلى اليوم تجدهم لاتخلو مجالسهم وأسمارهم عن ذكر لابي
"الجفاف في منطقة الساحل، والهيئه  الحكومية  الدولية للتنمية ""ايقاد"").","الجفاف في منطقة الساحل، والهيئه الحكومية الدولية للتمية ""ايقاد"")."
"الآن في، لندن وسيدني، ودلهي ، ونيويورك متأهبين لـ "" رواية زادي، سميث القادمة"" ،","الآن في، لندن وسيدني، ودلهي، وييويورك متأهبين ل ""رواية زادي، سميث القادمة""،"
و أثر البيئة الطيعية في العرب  ، أنها جعلت بلادهم بقعة صحراوية تصهرها الشمس، ويقل فيها الماء  ،ويجف الهواء ،,وأثر الية الجيعة في الرب ، أنها حعلت بلادهم بقعة حراوية تهرها الشمس. ويقل فيهالماد، ويجف الهواء،
المجال هناك رأي مختلف حول مدلول السلالة الجغرافية نفسه.,المجال هناك رأي مختلفا حول مدلول السلالة الجفرافية نفسه.
الارض ،  وهذا يجعل الارض اكثر سخونه ، وقد يؤدي هذا الاحتباس,الارض ، وهذا يجعل الارض اكثر سخونه ، وقد يؤدي هذا الاحتباس
لعمليات التنقيب عن الوقود النووى أقل بكثير من التكاليف المترتبة,لعمليات التنقيب عن الوقود النووى أقل بكثير من التكاليف المترتبة
أن مصدر التكنولوجيا هو العلم بدرجة كبيرة جداً، و سلوك الإنسان,أن تتصدر التكنولوجياهو العلم بدرجة كبيرة جداً و وملوى إلإنسان
"ومن شرق سيحوت تبتدئ سواحل ""مهرة""، وتعرف عند الجغرافيين","ومن شرق سيحوت تبتدئ سواحل ""مهرة""، وتعرف عند الجغرافيين"
يحتوي على كائنات حية. و الشمس هى عبارة عن مفاعل نووي هائل تحدث فيه تفاعلات,كيوي على كائنات حية. والشمى هي عبارة عن مفاعل نووي هائل تكدث فيه تفعلات
(الانعكاس الاشعه الشمسيه وعودتها للفضاء الخارجي),(الاتعكاس الأشعه الشمسيه وعودتها للفضاء الخارهي)
"ونستطيع إن نعد السائع الدانماركي ""كارستن نيبور  الذي قام في سنة","وتستطيع إن فعد السائع الدانمارعي ""كارستن نيبور الذي قام في سنة"
والأسفار الفردية، مهما كانت، لا تأتي بالنتائج التي تنجم عن دراسات,والأسفار الفردية، مهما كانت، لاتأتي بالنتائح التي تنجم عن دراسات
التي تتميز بها الإدارة المحلية  عن الإدارة المركزية من حيث فاعليتها  المشهودة في تحقيق,التي تتميزبها الإدارة المحلية عن الإدارة المركزية من حيث فاعليتها المشهودد في تحضو
ـ##,#
الضوئي منذ ملايين السنين . وقد كان الفحم من اهم المصادر الطبيعيه هـ,الضوفي منذ ملأبين السنين . وقد كان الفحم مناهم المصادر الطبيعي ه
فإن ضاع ولم يحفظ احتجنا إلى واحد عطشان. فإذا كان هذا دأبنا ودأبه ضاع من دهننا,فإن ضاع ولم يحفظ احتجنا إلى واحد عطشان . فإذا كان هذا دأبنا ووأبه ضاع مذ دهننا
أو الانبعاثات الغازية الناتجة عن عمليات النصنيع المختلفة وعملية,أء الاتيعاثان االغازة التتجه عن عملمات النصع المختطفة وعميية
تتمكن فيه البعثات العالمية الكبيرة من اختراق آفاق بلاد العرب,تتمكن فيه البعثات العالمية الكبيرة من اختراق آفاق بلاد العرب
نرى أنه صورة طبق الأصل عن المثل العربي,نوى أنه صورة طبق الأصل من المثل العربي
في مناطقواستطاع شديدة البرودة كالقطب الشمالي مثلا .,ي مناطق شويدة البوودة كالقطب الشمالي ملاً.
من خلال الزواج الغعلي بين أمازون وعالم تكنولوجيا  الأنترنت ،,من خلال الزواج الفعلي بين أما زون وعالم تكنو لوجيا الأنشرتت،
كثيرة من العالم .,كثيرة دن العالم.
مساحات واسعة.,ماحات وسعة.
# وقد زدت في الكمين وخذقت المقديم. فإن أردت بعد هذا كله أن تأخده فخذه . فقال:,# وقدزدت في الكمين وخذقت المقاديم. فإن أردت بعد هذا كله أن تأخدة فخده . فقال :
تأمينهم من القضايا التي تقام عليهم لجرائم ارتكبوها- سواء كان هؤلاء الأعضاءمذنين,قامينهم من القضاي التي تقام عليهم الجرائم اريكبوها - سواء كلن هؤلاء الأدضاء صذ نيي
الموجودة بعد طهور أحداث تزلزلها وتتمكن من وذلك لتمييزها,الموجودة بعد طهور أحداث تزلزلها وتتمكن من وذلك لتميزهاً
"ويضع الحصاد ما يجمعه على ا لأرض على هيئة أكوام صغيرة منتظحة , وتسحى هذه ""غمورا"" ــ","ويضع الحصاد مايجمعه على الأرض على هيئة أكوام مغيرة منتظعة . وتسى هذه ""عمورا""-"
أنه بات من المؤكد بالنسبة للعلماء بان الحرق الزائد للوقود الاحفوري  فى الانشطة البشرية,أنه بات من المؤكد بالسببة للعلماء بان الحرق الزائد للوقود الاحفورى في الانشطة البيشرية
التلوث الحراري : و يقصد بذلك تفريغ فضلات الحرارة من محطات توليد الطاقة,التلوث العراري: ويقصد بذلك تفريغ فضلات الحرارة من محطات توليد الطاقة
ولم تمنع النزعة الأخوية بين رؤساء نقابات الحرف أن يكون فيها درجات متفاوتة في,ولم تمنع النزعة الأخوية بين رؤساء نقابات الحرف أن يكون فيها درجات متفاوتة في
من قبل الإنسان إلى مناطق جغرافيه # وبيئات مختلفة ، اكتسب صفات وميزات تلائم,من قبل الإنسان إلى مناطق جغراف# # وبيئات مختلعة، الكسي صفات وميزات تلاثم
"ثم ذكر أنهم أرخوا أيضا بما كان يقع لديهم من أحدا جسيمة في نظرهم، مثل ""نار صوان""، وهي نار","ثم ذكر أنهم أرخوا ايضابما كان يقع لديهم من أحدا جسيجة في نظرهم، مثل ""نار صوان""، وهي نار"
درجات الحرارة خلال السنوات العشرين المنصرمة كان أشدها في,درجات الحرارة خلال السنوات العششرين المنصرمة كان أشدها في
لأصحابه: أتروني بمثل هذه العين التي أرى بها الناس والابل قالوا: نعم. فحلف بإلهه,لأصحابه: أتروفي بمثل هذه العين التي أرى بها الناس ولايل قالوا. نغم فخلف بالهه
إلى هبوب الرياح الدافئة من المحيط الأطلسي عبر فرنسا وبلجيكا,إلى هبوب الرياح الدافئة من المحيط الأطلسي عبر فرنا وبلجيكا
قد اتجهت إلى استئصال كل ما يمت إلى أيام الوثنية في الجزيرة العربية بصلة,قد انجهت إلى استتئصال كل مايعت إلى أيام الوئنية في الجزيرة الكربين بجلية
الشرط الأساسي لجذب الاستثمارات الضخمة هو التخطيط الكبير والرؤية البعيدة فالمدينة التي ليس,الشرط الأساسي بجذب الاستثمارات الضخمة هو التخطيط الكبري والرؤية البعيدة فالمدينة التي ليس
أمضاه في الحكم، الخط والفن، فلم تحظ القضايا السياسية المعقدة من وقته,أمضاه في الكم، الخط والفن، فلم تحظ القضاي السياسية المعقدة من وقته
الكرنية الحراربة المتجهه للارض مروداً بالغاف الجوي وبهذا تساهم,الكونية الحرارية المتجهة للارض مرووا بالغلاف الجوي وهذا تتساهم
يتطرق فاروق خورشيد إلى قضيه دبط الأدب الرسمي بالموروث,يتطرق فاروق خورشيد إلى قضيه دبط الأدب الوسم بالموروث
وفي سياق برامج العمل الوطنية، أُخذت في الاعتبار #######,وفي سياق برامج العمل الوطنية، اخذت في الاعتبار ###
الحالات الى نشوب حرائق # في المدن و الغابات مما يزيد من إنطلاق غاز ثنائي,الحالات الى نشوب حرائق # في المدن والغابات مما يزيد من إنطلاق غاز ثنائي
المفضلة واضح. وبالرغم من المزايا الكبيرة للسلالات القياسية ،,المفضضلة واضح. وبالرغم من الهزايا الكبيرة للسلالات القياسية،
المباشرة بين التغير المناخي الذي يـود الأرضا حالياً وزيادة معدلات تركيزات,المباشرة بيي التغير المناخي الذي يود الأرضا حالياً وزيادة مصد لان تركيزات
بطيب زادك ودخلت مع الغمار وعشت عيش المستورين .,بطيب زادك ودخلت مع الغمار وعشت عيش المستورين .و
ضيط الزمن الذي دوّن فيه النص، ولم نتمكن حتى الآن كل من الوقوف على تقويم ثابت كان,يكيط عرى من الذى دوّن فيا لنصى، ولم نمكن حتى الآن كل من الوقوف على تقويم تابت كان
وبسبب التباين الشاسع في كمية و شدة الأشعة الواصلة إلى بعض المناطق من الأرض فلاحظ تبايناً,وبسبب التباين الشاسع في كمية وشدة الأشعة الواصلة إلى بعض المناطق من الأوض يلاحظ تباياً
من جانب آخر فإن العام 2004 شهد وقوع أربع أعاصير مدمرة في منطقة الكاريبي و فلوريدا في الولايات المتحدة,من جانب آخر فإن العام 2000 شهد وقوع أربع أعاصير مدمرة في منطقة الكاريي وفلوريدا في الولايات المتحدة
لتتم عملية الحدق وينتج عن ذلك الحراره . وهذا النوع من الطاقه متوفر في الطبيعة,اتتم علية الحدق ويتجم عن ذلك المحراره. وهذا النوع من الطاقه متوقد في الطيعة
كالطين والخشب، أن يصنع محاريب المساجد من الخزف أو الخشب أو الجص، بعد أن أثراها بالزخرفة,كالطين والخشب، أن يصنع معاريب المساجء من الخزف أو الخشب أو الجص : بعد أن أثراها بالتخرفة
وهذا الاتصال قد يكون طولي أو عرضي . وقد توجد الحواجز الكبيرة أو العقبات الصغيرة,وحذا الاتصال قديكون طوي أوعرضي . وقد تود الحواجز الكبيرة أو العقبات الصغيرة
وذلك من خلال الاستفادة من تلك الفئة المتميزة لحل مشكلات المجتمع,وذلك من خلال الاستفادة من تلك الفئئة المتصيزة لعلى مشكلات اليجتمع
وإذا كانت عملية غرس اكتساب المعرفة من أهع القضايا في التحول الحثيث إلى نمط,وإذا كانت عملية غرس الكتساب المعرفة من أصم القضايا في التحول الحثيث إلى نمط
وذلك عند المستوى الاحتمالي 0.01 للعبارتين الأولى والثانيه ، و,وذلك عند المستوي الاحتمالي ا.ر. للعميارتين الأولى والثانيه، و
الصحيح للإنجليزية ، قد لمس وترا . حيث تناول كتاب يشرب ، يأكل ويغادر بشغف,الصحيع للإنجليزية، قد لمس وترا. حيث تناول كتاب يشرب ، يأكل ويغادر بشعف
بكتابة شفرتة بل تحسين عملية التطوير ويضع البرنامج من المواصفات التي يضعها,بكتابة شفرلة بل تكسين عملية التطوير ويضع البريامج من المواحقات التي يضيعا
حكامة ترابية الله يرحم والديك ريحنا من الستى سكلز ترابية ناجعة ومنسجمة,حكامة ترابية الله يرحم والديك ريكنا من الستدى سكلنز ترابية ناجعة ومسجمة
وفعلا  اهتديت.,وفقلا اهقديت.
الجفاف الناتجة عن تناقص وعدم إنتظام سقوط الأمطار. يؤثر,الحضاف الناتجة عن تتاقص وعدم إنتظام سقوط الأمطار. يؤتر
التي تخعها وبزيادة شدة السطوع الشمسي . حتى إن ( جانيك ، 1988 ) قد حدد,التي كصها وبزيادة شره السطوع الشمسي. حتى إن (جانيك، 1991ل) قد حدد
كانت واجبة لتثبيت التقاليد والعادات الخاصه بالانظمه البحريه ، وبث الثقه بها,كانت واجبة لتتثيت التقاليد والعادات الخاصه بالانظمه البحريه ، ويث الثقه بها
في كيفيه عرض التاريخ ومي أسلوب تدوينه وتبويبه ، فدعوى أرها غير صحيحه.,في كيفيه ورض التاريخ وفي أسلوب تدوينه وتبويبه، فدعوى أرها غير صحيحه.
البشرية الأخرى مثل عمليات التعدين وعمليات # توليد الطاقة في المحطات التي تعمل على,البشرية الأخرى مثل عمليات التتعدين وعمليات # توليد الطاقة في المحطات التي تعمل على
معارفهم من الرجال الذين اشتركوا في الحملات التي أرسلها اليونان أو الرومان إلى بلاد العرب.,معارضهم من الوجال الذين اشتركوا في الحملات التي أرسلها اليونان أو الرومان إلى بلاد العرب.
من  المناطق الجافة المخصصة لأغراض الزراعة وتربية الحيوان . غير أن تدهور التربة أكثر حدة,من المناطق الجافة المخصصة لأغراض الزراعة وتربية الحيوان . غير أن تدهور التربة أكثر حدة
الماء من النهر إلى مواضع منقورة,الماء من التهر إلى مراضع منقورة
أبو زيد : إذا جاء ضيف جاء للضيف ضيفنفأودي بما يقرى الضيوف,أبو زيد: إذا جاء فيف جاء للضيف فيمفنفأ ودي بما يقرى الضعوف
وتعويض ما يفقد منها وذلك منعا للتصحر وزحف أو توسع الصحراء على حساب الرقعة الخضراء.,وتعويضر ما يفقد منها وذلك سعا للتصمر وزحف أوتوسع الصحراء على حساب الرقعة الخضراء.
والصراع  الحضاري قد  يأخذ  أشكالا  مادية - الصراع  على الوصول .,وللصداعي الحضادي قد يأخذ أشكالا هادية - الصداع على الوصول
"قال ""الطبري"": ""وكان امرال نصر بن ربيعة ومن كان","قسال ""الطبري"": وكان امرال نصر ببربيعة ومن كان"
العلميه الصينيه في بكينا من ان الجبال الثلجيه المتواجده بالصين,العلميه الصينيه في بكينا من ان الجبال الثلجييه المتوجده بالصين
معيشتهم وتعينهم على القيام برسالتهم  في الحياة ، وبدون  العلم وحب العمل وبذل الجهد,معيشتهم وتعينهم على القيام برسالتهم في الحياة ، وبدون العلم وحب العمل وبذل الجهد
بالمسند وبلسان يختلف عن هذا اللسان الذي نزل به القران ثم خد ما ذكروه عن,بالمسند وبلسان يختلف عن هذا اللسان الذي نؤلبه القران ثم خدما ذكروه عن
بالنسبة الى من يريد الوقوف على الدراسات التوراتية والتلمودية في ذلكـ,بالنسبت الى من برسد الوقوف على الدراسات التورانية والتلمودية في ذلك
الى وسط مادي في شكل موجات كهرومنغناطيسية,الى ونسط مادي في شكل موجات كهرومنغناطيسية
الأستناعية وفأرة الكمبيوتر. بدء تصنيع اقراص الأشعة.,الأستناعية وفأدة الكمبيوتر، بدا تضيم اقراه الأشعة.
الطاقة النووية . فالمحطات التقليدية لا بد لها من أن تتخلص من الحرارة الفائضة التي ينطلق,الطاقة النووية. فالمحطات التقليدية لا بدلما من أن تتغلص من الحرارة الفائضة التي ينطلق
المتاحة لكتاب ،بدا أكثرهامشية وحتى ضعفاً .وعلى الرغم وربما بسبب ،,المتاحة لكتاب، بدا أكثر ها مشية وص ضعفاً. وعلى الرعم، وربما بسببا،
والإدارية والتربوية . وفي هذا السياق ، يجدر التأكيد على ضرورة تنسيق جميع هذه العمليات,والادارية والتريوية . وفي هذا السياق، يحدر التاكيسد على ضرورة تسسيف جميع هذه العمليان
# الرهان الكبير  للمشروع الوطني الموجود قيد الإنجاز ؛ مشروع يهم الدولة ،كما يعني,# الرهان الكبير للمشروع الوطني الموجود قيد الإنجاز ؛ مشروع يهم الدولة ، كما يعني
و أخذت لنفسك بالثقة إن وفيت بهذا القول . وكان أكثر ما يقول,وأخذت لفقسك بالئقة إن وقق مهذاً القول . وكان أكثر ما يقول
يعيق نمو خطط التنمية المستدامة والتي تحتاجها,لعيق نغر خطط التينمية المتداقة والتي تحتاجها
مائله او عموديه) دوراً مهماً في ظاهره البيرو . من الملاحظ,(مائاه أو عمودي) دوراً مهماً في ظاهره البيرو. من الملاخه
في اليمن و في مناطق محددة بعينها في بلد الأجداد .,في اليمن وفي مناطق محددة بعينها في بلد الأجداد.
إنها كذلك، حتى تبين لهم النصوص  جيء بها أخيرا لم تكن جميعها نصوصا حميرية.,إنها كذلك، حتى تبين لهم النصوصجياء بها آخيراً لم تكن جميعا نحوحا حميرية.
الطاقة. بدات خلال عام 2009 بالتوسع في إنتاج الطاقة الكهربائية عن طريق,الطاقة . بدأت خلال عام 000 بالتوسع في إنتاج الطاقة الكهربائية عن طريق
بأن السلالة في تهجين النحل تعني الانتخاب الطبيعي،وهي غير السلالة في الحيوانات,بأن السلالة في تهجين الحل تعني الالتخاب الطبيعي، وهي غير السلالة في الحيوابات
وما وعوه عن القبائل العربية البائدة ورد لها ذكر مقتضب في السور,وما معن من القبائل العديية البادون ود لوم ركد مفتمذفه السود
في البرازيل وصنعاء ومدينة شبام في لليمن. يمن المعرفة حضارة,في البرازيل وصنعاء ومسدينة تبام في لليمن، ودن المعرفة حضارة
إلا أنه في الأشجار المدروسة فقد انخفض حدد الفروع حلى المحور من حام لآخر حند كلا الصنفين الجائر,إلا أنه في الأشجار المدروسة فقد انخقص حدد الفووع على المحور من حام لآخر حند كلا لصنفين الجائر
ما نسبه إلى العامل  الثاني من فعل، بل الذي رأيته و نعمته من خلال  ماكتبه.,ماسبه إلى العامل الثاني من نعل، بل الذي رأيته ونهمته من خلال ما كتبه.
على موائد# متنقله توضع أمام مقاعد فى ممرات هذا الطابق .,على موائله متنقله توضع أمام مقاعد في ممرات هذا الطابق.
البشرية في كافة أنحاء العالم ، و حاليا فإن حوالي 19% من إنتاج,التشرية في كافة أنخاء العالم، وحاليا فإن حوالي 10% من إنتاج
تغديت لسقيتك خمس أقداح. فلا يصير في يده على الوجهين مليل ولا كثير .,تغديت لسقيتك خي أقداح. فلا يصير في يده على الوجهين وليل ولا كثير.
تتعلق هذه الأسئلة أساسا،  بغياب إطار استراتيجي للعمل ومنظور شمولي لمنظومة,تتعلق هذه الأسئلة أساسا، بغياب إلطار استراتيجي للعمل ومنظور شمو لي المنظومة
الكوارت بشكل كبيى. ويسوف معد التقريى الكاءثة البيئية والثمثلة # في الفياضانات التي,الكوارث بشكل كبين. ويسوف معد التقريي الكارئة البيئية والمتمثلة ال# في الفداضانات التي
"""قارة"" مدينة ""ظفار""، وهي غير ظفار اليمن . وعند خليج ظفار كان موضع","قارة"" مدينه ""ظفار""، وهي غير ظفار اليمن . وعند خليج ظفار كان موضع"
تجهيز البلاد ، فإن  حكامة المجال ، بمفهومها الراهن ، لم تدرج ،إلا بشكل متأخر في إطار,تجرهيز اليلاد، فإن حكامة المجال، بفهومها الراهن، لم تدرج، إلا شكل متأخر في إلطار
يتصدى العلماء القوميون لكشف الحقائق التاريخية ، ودراسة مكونات,يتصدى العلماء القوميون لكشف الحقائق التاريخية، ودراسة مكونات
العرب،,يث ) حض
الشكل تحتوي تضاريسه الخارجية على نتوءات وتعرجات كالجبال والهضاب والوديان,الشكل تعنوي تضديسه الاخارجية على نتوءات وتعرجات كالجبال والهضاب والوديان
الأسلام، ووقوفهم # على القرآن الكريم، وتكلمهم باللغة التي نزل بها وذلك بفصل الأسلام بالطبع,الأبلام ووقوفهم ف# على العرآن الكديم وتكلمهم بالعة التي ذذل بها ونله بفصل ، لأسلام بالطبط
ني القطبين الشمالي والجنوبي وفي جزيرة ايسلاند وفي المناطق,ني القطبين الشمالي والجنوبي وفي جزيرة ايسلانر وفي المناطق
الكبرى ، والطابع الساحلي ، الذي يتجسد في هيمنة الساحل الأطلسي,الكبرى، والطابع الساحلي، الذي يتجسد في هيمنة الساحل الأخلي
هذه العملية مرة واحدة كل حوالي مائة ألف سنه    . يؤدي ابتعاد,هذه العملية مرة واحدة كا حوالي مائة ألفسنه. يؤدي اتعاد
بالعلوم التظرية ومثل علم النفس وعلم الإجتماع وأما القسم الثاني,بالعلق النظرية وحثل علم التصس وعلم الإجتماع وأصاالقم الثاثي
و الصورة لست حرداء لهذا الحد ، ولكن ىوحد حانبا مشرقا فيها حيث ان إجمالي المساحات المزروعة للغابات,وتصورة لسن حرداء لهذا المحد، ويكن لوحد مانبا مشرقاً فيلا حيث ان إجمالي المساحات المزروعية للغابات
مكواة... الخ ) حاجة يومية ملحة لا يمكن الإستغناء عنها. ذادت هذه الحالة من,مكواة ..- الخ) حاجه يومية ملحة لا يمكن الإستغناء عنها . زادت هذه الحالة من
العضو يه هـ الناتجه هـ عن عمليات البناء الضوئي ، حيث ان المواد,العضويرهـ النائجههـ عن عمليات البناء الضوئي ، حيث ان المواد
و زيادة ملوحتها . تتأثر نوعية المياه في المنطقة العربية بالتلوث البيئي و الاستخدام المفرط للمياه العذبة,وزيادة ملوحتها . تتأثر توعية لمياه في المنظقة العربية بالتلوت البيئي والاستحدام المفرط للمياه العذية
الغطاء النباتي بإلاستمفادة من ربع كمية هذا الغاز,الفطار التباتي بإلإستتمفادة من ربع كمية هذا الغان
فالطريقة الاولى اللبن يعجن التراب مع القش بواسطة الماء ثم يوضع فى قوالب,فالطريقة الاولى اللين يعجن القراب مع القثر يواسطة الماء ئم يوضع فى قوالب
وتهدف هذه المرحلة  إلى منح جميع الطلاب خلفية ثقافية أساسية ، وتدربهم,وتهدف هذه المرحلة إلى منح جميع الطلاب خلفية ثقافية أساسية، وتدربهم
الصين . وطبقا لتقديرات عام 2001,الصين ، وطبق لتقدي انت هام 1999
على بطن راحتي،,على بطلين راحتي،
بموجب المرسوم الدستوري  الخاص بالتنظيم  العام للنظام  التعليمي إحدى المراحل,بيموجب المرسوم الدستوري الخاص بالتتظيم العام للنظام التعليمي إحدى المراحل
أصبحت للهرجانات الأدبية صيحة الدولا أند دول الجديدة . وسرعان ما لم تعد في بريطانيا بلدة,أصببحت للمهرجانات الأدبية صيحة الرولا أند رول الجديدة . وسرعات ما لم تعيبد يطانيا بلدة
غير أن إضفاء الطابع اللامركزي على أنشطة الإدارات التقنية لا يزال,غير أن إضفاء الطابع اللاموكز في على أنشطة الإدارات التقية لايزال
فإن اللغة و الطريقة التي يحكي بها الأدب هي التي تحدد رسميته أو شعبيته ..,فيإن اللغة والطريقة التي يحلى بمها الأدب هي لتي تحدد وسمينه أو شعبيته..
فريقا من علماء المناخ الألمان بمعهد ماكس بلانك بهايدلبرج في دراستهم للمناخ,فويقامتن علما إالمناح الألمان بع#هد ماكس يلاتك يها يدلبرج في دراستهم للمناخ
بعد. وفي الجملة إن المؤرخ الحادق الناقد لن تفوته هذه الملاحظة حين,بعد. وخه الجعلته إن المؤرخ الحادق الناقد لن تفوتة هذه الممطحظة حين
الموارد اللاتيننة واليوناينة والِكتابات الجاهلية . وإذا جاز لأحد,الموارد اللاتينيه واليونانية والكتابات الجاهليه. ود جازلأحد
بلدان الشرق الأوسط حتى اليوم، بالرغم من وجود قوانين تحرم هذا الاعتداء .,بلدان الشرق الأوسط حتى اليوم، بالدعم من وجور قوانين تحرم هذا الاعتداء .
التربة وحتى قمة النموات في تاج الشجرة بوساطة القعبات المدرجة,الترية وحتى قمة النموات في تاج الشجرة بوساطة القجات المدرجة
في الزراعة ، وطرق ووسائل المحافظة على الحياه ، وطرق الاسخدام الآمن,في الزراعة، وطرق ووسائل المحافظة على الحياه، وطرق الاسخدام الآمن
"هم العرب المقيمون على حافات البوادي والأرياف أي في معنى ""عرب","هم العرب المقيمون على حايهات اليوادي والأرياف أي في معنى ""عربه"
هندسة البرمجيات: وهي فرع من فروع علم الحاسب يهدف الى تطوير الأسس والقواعد التي تؤدي,هنذسة البرمجيات : وهي فرع من فروع علم الحاسب يهدف الى تطوير الأسس والقواعد التي تؤدي
مما يرفع نسبة بخار الماء في الغلاف الجوي والذي يؤدي بدوره لزيادة,مما يرضع نسية بجار الماء في العلاف الجوال والذي يؤدي لدورة لزسارة
عند  قوة ولكن قوة الاقتصاد  أيضاً .,عند قوة ولكن قوة الاقتصاد أيصا.
إلا بالقليل . وفي البداية جعل قاو تشيو، لاعب كرة القدم، قائدا للجيش،,إلا بالقليل . وفي البداية جعلا قاو تشيو، لاعب كرة القدم ، قائد ا للجيش،
"والمساحه المزرعيه واستخدام مصدات الرياح الشحريه فى الزراعه ,",والمساحة المزرعيه واستخدام مصدات الرياح الشحريه في الزراعة،
ترك أبوهـ في منزله يوم مات ألفي ألف درهم و ستمائة ألف,ترك أبوه في مزرل يوم مات ألفي ألف دم وستمائة ألف
وهذا عمل شاق أصعب من الحصاد نفسه ؛ لأن الشمس قد اعتلت كبد السماء .  وأخذت,وهذا عمل شاق اصعه من الحصاد نفسه ؛ لأن الشمس قد اعتلت كبد السحاء . وأخذت
"على الزرع حرص صاحبه نفسه ، إذ يعتبر نفسه  شريكا"" ليس أجيرا"" .",على الزرع حرص صاجبه نفسيه ؛ إذ يعتبر نفس شريكاً ليس أجيراً.
في معظم الأحوال إلا حجرة واحدة فى كل طايق من أطباقة الثلاثه ،,في معظم الأحوال إلا ججرة وأحدة في كل طايف من أطباقه الثلاقه؛
مثل طريقة السرد، الخيال و المبالغة ، لا منطقية الأحداث . باختصار شديد,مثل طريقة السرد، الخيال والمبالفة، لا متطقية الأجداث . باحتصار تديد
إنفسنا والتابع للمركز الألماني للهواء والرحلات الفضائيه فوق المنطقه,إنفستا والتابع للمركز الألمائي للهواء والرحلات القضائيه فوق المنطقه
التى تهاجح جزيئات الأوزون وتحطمها (الجناوي، 2004). في عام 1985 تم اكتشاف ثقب,الترتهاج جزيات الأورون وتحلمها (الجناوي ، 2000). في عام 1990م تم الكنشاف تقب
و في البدء يحرث الفلاح خطوطا متباعدة قليلا ( بين كل كل خط والذي يليه مقدار,وفي البدء عرث الفلاح خطوطا متباعدة قليلا (بين كل خط والذي يليه مقدار
المالك وأسرتة ، ومن يستضيفه طعامهم . أما  غيرهم فكانوا يتناولون طعامهم,المالك وأسرتة ، ومن يستتضيفمه طعامهم. أما غيرهم فكانوا يتيخاولون طعامهم
الى طاقة ميكانيكية او الى نوع من أنواع الطاقة .,الى طاقة ميكانيكية أو الى نوع من أنواع الطاقة.
الزراعية . دمرت الاعاصير الشديدة والعواصف الاستوائية التي ضرين,الزراعيه . دمدت الاعاصر الشديدة والعواصف الاستوائية التى ضوين
ما يجعل درجة الحرارة في هذه الطبقة مرتفعة وتقل بها كثافة,ما يجعل درجة الحرارة في هذه الطبقة مرتفعة وتقل بها كثافة
الســنابل قبل نضوجها تماما الفريكة و حيث تدضع جرزالسنابل في منار، ثم,السنابل تبل نضوجها تماما الخريكة وحيث توصع جرد السنابل في لبار، ثم
لفلان .,لغالان.
والكتابة المىاصرة  كانت قد شابها الغمام في إسراف من التعليقات ، ابتداء من الواقع,والكتابة المعاصرة كانت قد شابها الغمام في إسراف من التعليفات ، ابتداء من المواقع
محل  الحلل من السكان المحصود ترعى المــاشية مكان الحصيد . فتنلفط السنابل الساقطة,سمل الحلل من السكان الممصود ترعى الحائية مكان الحصيد، فتتلغط السغابل الأغطة
صراع وطنية، وكسب حقوق ، ونحن اليوم في مواجهة سارقي,صراع وطنية، وكسب حقوق، وعن اليوم في مواجهة سارقي
وأصبحت منتجات اليابان من الجودة بمكان بحيث لا يجاريها الآن إلا القليل .,وأصبحت منتجات اليابان من الجودة بمكان بيحيث لا يجاريها الآن إلا القليل .
اخرى منها الكبريت و الرصاص و النتروجين و الأوكسجين .,احرى مدهما الكبريت والرصاص والنيتروجين والأوكسجين.
والسلام . نبدأ بأهل خرسان لإكثار الناس في أهل خرسان . ونخص,والسلام . فبدأ بأصل خرسات لإكمار الناس في أصل خرسات. وذتصل
كما لاحظ من جهة أخرى إن الخوف من وجود إِلَه يكاد يكون أعمق آثرا في نفوس هؤلاء من الحضر  ولا حظ أيضاً إن جذور,كما لاحظ منجهة أخرى إن الخوف من وجود إله يكاد يكون أعق آثراً في نفوس هؤلاء من الحضر. ولاحظ أيضاً إن جدوار
من  أهم الوسائل التي تحقق البحوث والاطروحات الابداعيه هو الاستفادة من,من أهم الوسائل التي تحقق البجوث والاطروحات الابداعيه هو الاستفارة من
و تستوردها الدول الغير منتجة لتلك السلالات وذالك حسب,وتستتوردها الدول الغير منتجة لتلك السلالات وذالك حسب
ولقد تطلب الحفاظ على التوازن بين استقرار المؤسسات ودينامية,ولقد تطلب الحغاظ على التوازن بين استقرار المؤسسات ودينامية
لا رسمها .. ولنا في ذلك حديث في مقال قادم . هذا المقال هو رأي شخصي,لارسمها. ولنا في ذلك حديث في مقال قادم. هذا المقال هو رأي شخصي
وطلبت المساوئ  التي نشأت من الافراط  في الحرية سلطه موحدة,وطلبت المساوئ التي نشأت من الاقراط في الحرية سلط، سوحرة
( أتحاد المغرب العربي ، واللجنة الدائمة  المشتركة بين الدول لمكافحة,(أتحاد المغرب العربي، واللجنة الرائمة المشتركة بين الدول لمكافجة
الثانوية الإلزامية رغم بلوغهم سن السادسة عشرة ، وذلك بهدف تزويدهم,الثانوية الإلزامية وغم بلوغهم سن السادسة عشرة ، وذلك بهدف تزويدهم
الحركية فتتباعد الجزيئات فيعا بينها وتزداد التعادمات,الحركية فتتباعد الجزيئات فيهابيتها وتزداد التجادمات
وتشجعهم في مسيرتهم التعيلمية . أما مؤسسات التعليم الخاص .,وتشجعهم في مسيرتهم التعيلمية . أما مؤسسات التعليم الخاص.
في الغالب ، ولا يختلفون أبداً في أن القبائل والأنساب كانت على منازل ودرجات.,في الغالب ، ولا يفتلفون أبداً في أن القبائل والأنساب كانت على منازل ودرجات.
به، وتحايلوا بمختلف الحيل للتغلب على تلك الصعوبات ولكسب ود رؤساء القبائل,ببد، وكايلوا مصتلف الحيل للتغلب على تلك الصعوبات ولكس ود رؤساء النيائر
وهي في الغالب طويلة، تسير في اتجاه ميل الأرض. أما الأودية التي,وهي في الغالب طويلة ، تسير في اتجاه ميل الأرض، أما الأودية التي
ينبغي أن لا ينصب على الرفاه المادي  حسب،  بل ينبغي أن يمتد إلى تحقيق مستويات ثقافية,ينبيضي أن لا ينصب على الرقاه الملادي حسب، بل ينبغي أن يمتد إلى تعقيق مستويات ثقافية
والحكام لتسهيل # مهمتهم.,والحعام لتسقيل # مهعتهم.
العصر الذي نعيشه ، بالماديه ، و التقدم العلمي و التكنولوجي ، في,العصر الذي نعيشه، بالماديه ، والتقدم العلمى والتنكولوجي، في
ادت الى غرق عدد كبير من المدن والقرى,ادت الى عغرق عدد كبير من المدن والقرى
السلطة والمال والجاه.,البلطة وامال والجاه.
"وإذا قامت بعثات علمية بالبحوث ""الأنثروبولوجية في مواضع أخرى من جزيرة","وإذا قامت بعثات علمية بالبحوث ""الأنثروبولوجية في مواضع أخرى من جزيرة"
التي لا تستهلك كميات كبيرة من البترول ، مع التحسيس  المكثف للساكنة  .,التي لا تستهلك كميات كبيرة من البترول، مع التعسيس المكثف للساكفة.
"من أن يعد لنفسه وسائل الدفاع  العسكرية ، ويؤدي مراسم "" الولاء ""","من أن يعد لنفه وسائل الدرقاع العسكريه ، ويؤدي مراسم د الولاء"""
ليستهلكوا اغلاقها في مواضع  إنتاجها ، وقد يكون له قصر صعين في كل واحد منها .,ليستهلكوا غلاثها في مواضع إنتاجها، وقد يكون له قصر صصين في كل واحدنها.
وهي أرضون أدخلها الكتب القدامى من يونان ولاتين وعبرانيين وسريان في جملة مساكن,وهي أرضون أدظلها الكتب القدامى من يونان ولاتين وعبرانين وسديان في جمله ماكن
وكانت  تدفأ  من  وسطها  من موقد يحرق فيه الخشب  وظلت الدار  من,وكانت تدفأ من وسطها من موقد يحرق فيه الخشب وظلت الرار مي
"وفي بلاد العرب ""الدرات""، والدارة: كل جوبه بين جبال في حنزن كان ذلك او اسهل او","وفي بلاد العرب "" الدرات""، والدارة: كل جويه بين جبال ح حتزن كان ذلك اواسهل أو"
نجاح المناطق المتقدمة في الصين وخارجها وعزز التخطيط  العمراني للحي حيث بتخد,نخاح المناطق المتقدمة # الصن وخارجها وعزن التحطيا العمراي للحي حيث بتعد
وضحك الصالحون ومزحوا. وإذا مدحوا قالوا : هو ضحوك الىن وبسام العشيات وهش,وضحك الصالحون ومزحوا. وإذا مدحوا قالوا: هو ضحوك الن وبسام العشيات وهش
أرى لراماً علينا الدخول في صلب موصوعنا وهو تاريخ العرب،,أرى لراما عليتاً الدخول في صالي موصو عنا وهو تاريخ العرب،
الذي تقل كتلته عند مجموع كتلتي الهيدروجين ،وهذا الفرق  يتحول,الذي تقل كتلته عند مجموع كتكثي الهيدروجين، وهذا الفرق يتحول
ولم تكن عندهم عادة تدوين الحوادث وتسجيل ما يقع لهم في كتب وسجلات، بل كانوا,ولم تكن عندهم عادة تدوين الحوادث وتسجيل ما يقع لهم في كتب وسجلات ، يل كانوا
من تحليل المركبات العضوية ( الكربوهيدرات والبروتينات والدهون),من عقيل المركيات العضويه ( الكربوهيدرات والبروينتات والرهون)
في كونهم فئة متميزة علميًا وعليه يجب أن ينظر في ترقية تلك الفئة إلى الكيف في,في كونهم فئة متميزة علمياً وعليه يجب أن ينظر في ترقية تلك الفئة إلى الكيف في
و النظر للأدب بصورة شمولية مفتوحة .,والنظر للأدب بصورة شمولية مفتوحة.
(خفض) درجة حرارة الأرض من خلال قوة أمتصاصه العالية للأشعة,(خفض) درجة حرادة الأرض في خلالقوة أمتصاجن العالية للأشحدة
الطاقه الشمسية (نظام التدفئه ولتسخين المائي باالطاقه,الطاقه الشمسية (نظام لتدفئه ولتسخين المائي با الطاقه
ثانياً : رواية جانب أو جوانب تاريخ الفكر البشري : إن دراسة التراث,ثانياً :وواية جانب أو جوائب تاريخ الفار البشري: إن دراسة التراث
نقمه وهلاكا وعدوا انحباسها عنهم غضبا من الآلهة ينزل بهم، ولهذا كان الجاهليون,نفمه وهلاكا وعدوا انخياسها عنهم عضبا من الآلهع بزل بهم ولهذا كان الجامليون
وجود علاقة طردية بين ارتفاع درجات الحرارة في كوكب الأرض من جهة وزيادة عدد وشدة,وجود علاقة طردية بين ارتفاع درجات الحرارة في كوكب الأرض من جهة وزيادة عدد وشدة
بين المتخصصين على المستوى المحلي أو الإقليمي بشأن توزيعها,بين المتخصصين على المستوى المحلي أو الإقليمي بشان توزيعها
فالجمل أذن هو الذي فتح لأهل جزيرة العرب آفاق البوادي، ووسع,فألجمل أذن هو الذي فتع لأهل جزيرة العرب آغان البوادي ، ووسع
البسيطه ،واذا نفذ ما معها من مال ، لا تجد غضاضه من العمل في سوق,الييطه، واذا نقذ ما معها من مال ، لا تجد غضاضه من العمل في سواً
والتجاري خيارا استراتيبيا ، وانخرط ، خلال العقدين الاخيرين فى عدة اتفاقيات,بوالتجاري خيارا استواتيدبيا، وانخرط، خلال العقدين الاحيوين، ميعدة ادضاءيات
كان بإمكانها  أن  تتطور ، بصوره  مواكبة لتحولات  المحيط  الاجتماعي,كان بإمكانها أن تتطور، بصوره مواكبة لتحولات المحيط الاجتماعي
لريتشادو ماسون . وكاىت دوريس لييىنج ، الحائزة على جائذة,لريتشلاو ماسون. وكانت دوريس ليسينج، المائزة على جائزة
تضفي على الجو لوناً قائماً،وأحياناً مائلاّ إلى الصفرة أو الحمرة بحسب لون,دضفي على الجولوناً قائعاً، وأحياناً مائلاً إلى الصفرة أو الحمرة لحسد لون
وعلى الرغم من أهمبة الغابات،فما زالت التقارير تشير إلى التدهور المستمر في هذه المساحة الشاسعة،,وعلى الرغم من أهمبة الغابات ، فما زالت التقارير ثثير إلى التدهور المتمر في هذه المساحة الداسعة،
"فأما عبيد بن شرية، فقد كان من أهل صنعاء ""في رواية"" أو من سكان الرقة ""في رواية أخرى"".","فأما عييد بن شرية، فقد كان من أهل صنعاء "" في رواية"" أو من سكان الرقة "" في رواية أخرى""."
مثل الحوادث.,مثل الحوادث.
الزراعية في هذه السنوات من عمر الأشجار من أجل تجديد شباب # الأشجار وتعيسر نمو الوحدات,الخزراعت في هذه السوات من عحر الاشجار من اجل بعديد شباب ها الاتجار وتعسر نمو الوحدات
في القطر العربي السودي بدأ الأهتمام في هذا المجال خصوصاً بما يتعلق بالاختيار,في القطر العربى السودي بدأ الأهتمام في هذا المجال حصوصا بما ييعلق بالاضتيار
مختلفة مه العالم وخصوصاً في المناطق التى يزداد بها أستهلاك الوقود الأحفوري وما يعاحبه,معتلفه من اعالم وخعوصاً في للكناطيق الى يزداد بها أستهلاك الوقود الأمفودي وما يعامبه
بلسان العربي،,بليسات العريمي، ،
"في عمان مدن قديمة، منها ""صحار"" و ""نزوة"" و ""دبا"" أو ""سما""، وكانت من المدن المهمة في أيام الرسول، وهي عاصمة","في عمان مدن قدبمة ، منها ""صهار"" وتزدةً"" ودبا"" أو ""سما""، وكانت من المدن المهمة في أبلم الرسول، وهي عاصمة"
سرعة الكتل والتيارات الهوائية والرياح كما يزيد من سرعة تيخر,سرعة السلتل والتتاران الهوائية والرياح كما يزيد من سرعة يتخر
الكامل وأصبح الشعب يعاني من ندرة المادة و المأوى ، فبنت,الكسامل وأصبح الشعب يعاني من ندوة الحادة والمأوى، فينة
هجرهم المبكر للدراسة. ويتجاوب المفهوم الحالي لتعليم الكبار مع متطلبات التدريب الكفء،,هجرهم المبكر للدراسة . ويتباوب المفهوم الحالي لتعليهم الكبار مع متطلبات التدريب الكفء ،
والله كتفاً لا يستطيع معه قبضاً ولا بسطاً وتركه .,والله كتفاً لا يستطيع معه قبضاً ولا بسطاً وتركه .
"الحادث، و اعتدوه مبدأً لتقويمهم , وقد درسة المستشرقون، فوجدوه يقابل",العادث، واعتدوه مبدا لتقويمهم، وقد درسه الممعتصوقون، فوجده يقابل
أما بقية السلالات أو النويعات فهي غير قياسية ، ولايوجد اتفاق,أما بقية السلالات أو النويعات فهى غير قياسية، ولا يوجد اتفاق
عام 1991 وادى الى مقتل أكثر من نصف مليون,عام 1995 وادى الى مقتل أكثر من نطف مليون
يمثل الغلاف الجوي الغازي نظاماً حرارياً حركياً ثيرموديناميكي ،تنتقل فيه الطاقة الحرارية عبر حركة,يمثل الغلاف الجوي الغازي نظاماً حرارياً حركياً ثير موديناميكي، تنتقل فيه الطاقة الحرارية عبر حركة
بعملية التركيب الغوئي اللازما لإستمرار الحياة فوق الأرض كما في المعادلة التالية.,بعملية التركيب الفوئي اللازما لإسترار الحياة فوق الأرض كافي المعادلة التالية.
يخزن العسل في الجانب العلوي في القرص وتحتل الحضنه الجانب السفلي وتربى الشغالات في عيون,يخزن العسل في الجانب العلوي من القرص وتحتل الحضته الجاني السغلي وتربي التغالائ في عيوث
بشكل كامل بعد الانتهاء من اعمال الطبخ في الغابات وكذلك النيران التي تخرج,بشكل كامل بعد الانتهاء من اعمال الطبج في الغابات وكذلك الميزان التي خزج
"للطاقه هـ خلال القرن الماضي ومازال يستعمل حتى يومنا هذا , ويساهم",للطاقرهـ خلان القرن المأضي وما زال يستعمل حئى بومنا هذا و ويسناهم
كما تبين وجود علاقة ارتباطية طردية ومعنوية . بين مستوى تعليم المبحوث ورجات,كما تبين وجود علاقة ارتباطية طردية ومعوية بين مستوى تعليم المبحون ورجات
وهو من أجل شخصيات الفروسية ، جميع فنون الحرب ، وتعود مواجهة كل # تقلبات,وهو من أجل شخصيات الفروسية، جميع فتوك الحرب، وتعود مواجهة كل ## ثقلبات
اقتلاع مئات الألاف من الأشجار وتشريد آلاف السكان من منازلهم وموت,اقتلاع مئات الالاف من الأشجار وتشيرء آلاف السسكبان من منازلهم ومون
0.4- 0.9 مايكروميتر و تمثل 41%  من مجموع الأشعة الشمسية الواصلة,1.0- 9.0 ما يكر ومتر وتمثل 15% من مجموع الأشعة الشمسية الواصلة
أكثر الدول استخداماً للسيارات الشخصية. أشار طىلبة وصعب,أكثر الدول استخداماً للسيارات الشخصية. أشار طعلية وصعب
وبعد مجرى قصير تعود فتدخل باطن الأرض كما هو الحال في أرض,وبعد مجرى قصير تعود فتتخل باطن الأرض كما هو الحال في أرض
السياسات الوطنيه ، فضلاً عن سياسات شمال افريقيا الرامية إلى تحقيق التنميه,السياسات الوطنيه، فغلاً عن سياسات شمال افريقيا الرامية إلى تحصف السو
هناك اكثر . من عشرين . طريقة تقليدية لبناء الطين و لكزه يمكننا ان,هناك اكثر. من عثوين . طريقة تقليرية ببناء الطين ولكزه يمكتنا ان
ولم يبق منها إلا تلول أثرية تقع على ساحل البحر الأحمر بالقرب من قرية قوز الجعافرة,ولم يبق منها إلا تلول أثرية تقع على ماحل البحر الأحمر بالقرب من قرية قوز الجعافرت
نتيجة لدورها الكبير في تخليص للغلاف الجوي من الملوثات وبشكل خاص غاز ثاني اوكسيد,نيجة لدودها للكبي في تخليص للغلاف الجوي من الملوثات وبسكل خاص غان تثلتي اوكسيد
الأشعاعات,الأسعاعات.
والقليل من رحمة # الناس خير من المال الكثير . وصرت محتالاً بالنهار واستعملت,والقليل من رحمه ## الناس فير من المال الكثير . وصرت محتالاً بالنهار واستعهلت
النقص الكبير في مصادر المياه خلال العقود الثلاثة الماضية,النقص الكبير في مصادر المياه خلال العقود التراثة الماخدة
. الجامعات الزراعية : إضافة إلى أقسام الجامعات المتخصصة توجد ( 34) جامعة,الجاموات الزراعية : إضافة إلى أقسام الجامعات المتخصصة توجد (20) جامعة
بعض الغازات وبشكل خاص الغازات التي تؤثر وبشكل مباشر في رفع درجة حرارة,بعض الغازات وبشكل قاص الغازات التي تؤثر ويشكل مباشر في رفع درجة حرارة
والقوة . وجعل  العلم مثل النور وضاماً للخير فضاحاً للشر ، يولد في النفوس,والقوة . وجعل العلم مثل النور وصناماً للخير فضاحاً للشر ويولد في التفوس
المتمئلة في طرح الرواية الجديدة ، هاري بوتد و كأس النار ، للإعلام الأدبي,المتمئلة في طرح الدواية الجديدة # هاري بوتر وكأس النار، للإعلام الأدبي
الإحتباس الحراري الأخرى بسبب كمياته العالية المنطلقة للغلاف,الإحتباس الحراري الأخرى بسبب كمياته العالية المنطلقة للغلاف
كتاباته انعكاسا لحكمه ، فقد أدمن تشاو جي، خلال الربع قرن الذي,كتاباته انعكاسا لحكمه، فقد أدمن تشاوجي ، خلال الريع قرن الذي
"مستدلا بحديث: الإسلام يهدم ما قبله""، فدعا ذلك إلى تثبيط همم العلماء","مستد لا نحديث"" الإسلام يعدم ما قيله""، فدعاذ لك إلى تثبيط هسم العلماء"
تاريخ هندسه البرمجيات : استخدمت هندسة البرمجيات كمفهوم نظري من حبن لآخر في,تاريخ هندسه البرمجيات : استخدمت حندسة البرمجيات كخهوم نظري من حين لآخر في
"في الجاهلية. وكان منهم من جالس ""آل نصر"" و ""آل"" غسان""، وبقيمه",في الجاعلية. وكان منهم من جالس آلا نحز وآًلغسات. وبفيجنه
التفسير ثروة تأريخية قيمة تفيد المؤرخ في تدوين هذا التاريخ، تشر ما جاء مقتضبا في,التفسير ثرةة تأريئية قيمت تفيد المؤرخ في تدوين هذا التاريخ، تشدها جاء مقتضبافي
وكان شتاء 2006-2007 من اكثر المواسم دفئاُ في منطقة الهارتز وفي ألمانيا حيث ندر فيه تساقط الثلوج إلا,وكان شتاء 1000- 2000 من اكثر الواسم دفتاً في منطقة الهايتز وفي ألمانيا حيث ثن رفيه ذ إزدا البلوع إلى
وتقنياً و تنفيذياً ، زبهذه المناسبة قررت الحكومة الفرنسية # واعتماداً,وتقنياً وتنفيذياً ، وبهذه المناسبة قدرت الحكومة الغرنسية # وإعتماداً
حيث إنخفضت معدلات تركيزات غاز ثنائي أوكسيد الكربون في الغلاف الجوي,حيث إنخفضت معدلات تركيزات غاز ثثائي أوكسيد الكربون في الغلاف الجوي
تسلط لهيبها على الحاصدين,تسلط لهيبها على العاضين
عند المباشرة في الحصاد يقف. لرجال والنساء صفا .واحدا أمام المراد حصادها و  يتقدمهم,عند المباشرة في الحصاد يقف . الرجال والنساء صفا واحدا أمام المراد حصادها ويتقروهم
متأخر ، بالمقارنة مع بلدان الجنوب الأخرى ، فإن عدد المغاربة المقيمين بالخارج لم يفتأ يتزايد ،,متأخر ، بالمقارنة مع بلدان الجنوب الأخرى ، فإن عدد المغاربة المقيمين بالحارج لم يفتأ يتزايد ،
وان الحصول على مقاعد للدراسة فيهم بالنسبة للطلبة الأجانب يكون صعبه,وأن الحعول على مقاعد للدراة فيهم بالنسبة للطلبة الأجانب يكون صعبه
وكان الضغط الجوي المنخفض جداً في مركة الإعصلر.,وكان الضفط الجوي المنخقض حداً في صركي الاعصلر.
"عديد مثل ""عدن""،حيث تكون خليج عدن، ومثل الخريج العربي","عديد مئل ""عدن""، حين تكون خليج عدن، ومئل الخريع العربي"
أو برواية الشعر وما شاكل ذلك من معارف . فهو مؤرخ ذلك الزمان إذاً.,أوبرواية الشعر وماشاكن ذلك من معارت. فهو مؤرخ ذلك الزيان إذأ.
".""خور البرك"" مثلاً حيث تصل ""الابة"" إلى البحر الأحمر فتدخل فيه","""خور البرك"" مثثلاً حيث تصل ""الابة"" إلى البح الأحر فتدخلل فيه."
ان تتطلب القوائم والأسلاك لسندها .,ان تطلب القوائم والأسلاك لسندها.
ما نسبته,ما نسبته.
اتفاقية مكافحة التصحر على توفير التمويل عن طريق الشراكه ، ولاسيما عن طريق المرقق الخاص,اتقاقية مانحه التصحر على توقيم التمويل عن طريقة الشتراكه . ولا سيما عق طرعقة المرق خاص
إلى تنمية إدراكهم الفني والأدبي . وتتركز دراسة مرحلة البكالوريا,إلى تنميه إدراكهم الفيي والأدبي . وتتزكز دراسة مرحلة ألبكالوريا
تغيرات جذريه وعميقه في أنماط السلوك ، وعمليه  اتخاذ  القرارات السياسيه,تغيرات جذريه وعميقه في أنماط السلوك ، وعميه اتخاذ القرارات اسياس
نعم، من الجائز أن يكون قد اًخذ من صحف كانت قد دونت,نعسم لعن الجائز أن يكون قد أخذ ما صحفا كانتت فدؤونت
خشب الفلفل . فلم يزل يجمع من الصغار الكبار حتى اجتمع ما اشترى به مائه جريب .,خب الفلفل . فلم يزل يجمع من الصغار الكبار حتى احتمع ما اشترى به مأئه جرين.
السيد وأسرته وضيفه  أن يستريحوا  فيها  ويستمعوا  بأشعة,السير وأسرته وضيفه أن يستريجوا فيها ويستمتقوا بأشعة
ويدل اختلاف النسابين في ضبط اسماء ما فوق القبيلة او ما تقتها،واضطرابهم في,ويدل اختلاف النسابين في ضبط اسماء مافوق القبيلة اوماتقتها، واضطرابهم في
فخذها من حكيم مجري ومن ناصح مشفق. وكان لا يفارق منازل ‘خوانه.,فحذها من حكيم مجري ومن ناصع مشنفق. وكان لايفاراً منازل إلطوانه.
كان أحسن و أجمل تغافله عنه أم شفقته عليه فكان هذا جزاءهـ,كان أص وأجمل تغاقله كنه أم شفقته عليه فكان هذا جزاءه
ذلك الحين ولاقى  اهتماماً متزايداً  في نواتج # مختلفة,ذلك الحين ولاقى اهتماماً قزايداً في نواتج مختلفة
هو الأوطأ بالعالم (حوالي 400 متر تحت صلح الجر)،وهو أيضا أكبر,هو الأوطأ بالعالم (حوالي 200 متر تحت سطح البجر)، وهو أيضا أكبر
الانتاج الآلي الصناعي الواسع.,الانتاج الآلي الصناعي الواسع.
الزمان باختلاف مواقع الأرض من الشمس والقمر ،وتمثل هذه الألفاط صلب,الزمان باختلاف مواقع الأرض من احشمس والقمر، وتمثل هذه الألفاط جيلب
و النشاط الإشعاعي في القشرة الأرضية .,والنشاط الإشعاعي في القدشرة الأرضية.
عمودي على المناطق الاستوائية والمدارية للأرض وبذلك تكون هذه المناطق اكثر,كمودي على المناطق الاستوائية والمدارية للأرض وبذلك تكون هده الهنأطق أكثر
لجفاف والتصحر من الكوارث الطبيعية التي تحصل نتيجة نقص المياه وبشكل خاص,لجفاف والتصحر من الكوارث الطبيعية التي تحصل نتيجة نقص المياه وبشكل خاص
إن الطاقة الحرارية الهائلة المنطقة من البراكين إلى الغلاف الجوي و سطح,إن الطاقة الحرارية الهائلة المنطقة من البراكين إلى الغلاف الجوي ويطح
السمائم، فتقضي على كل ما نبت في هدة البادية، فتبدوا كاحلة عابسة مزعجة منفرة، وكأن أنسانا كنس وجهها,المائم، فتقضي على كل مابنق في هدة البادية، فتبدوا كاحلة عابسة مزكجة منفردة ، وكأن انسانا كنس وجمهما
ورؤساء  أرباب الحرف من أهل المدن ، ولم تكن هذه  الطبقه قد ضمنت وقنئذ,ورؤساء أرباب الحرف من أصل المدن، ولم تكن هذه الطبقه قد خمنت وفئذ
المتخفية من محركات البحث ، يتراوح ما بين 400 إلى 750 مرة اكبر من ذلك .,المتخفية من محركات البحث ، يتراوح مابين 20% إلى 190 مرة اكجبر من ذلك.
وإخوانه مخاصيب مناويب أصحاب نفح وترف . وكانوا يتحفونه ويدللونه,واخواته مخاصيب مناويب أصحاب تفح ورق. وكانواً يتحفودة ويدللونه
الجنوبية من الدهناء فيسميها الجغرافيون المحدثون,الجنوبية من الدهناء فيسميها الجغر افيون المحدتون
الصنف منتج وتحمل أشجارة بنزارة ، ثماره متوسطة إلى كبيرة الحجم .,الصنف فنتج وتحمل أشجارة بتزارة ، ثماره متوسطة إلى كيرة الحجم
القياسات الفضائية في مجلة حوارات في كيمياء وفيزياء الغلاف الجوي .,القياسان القصنائية في مجلة هوارات في كيمياء وفيزياء الغلاف الجوي.
المناطن ، وزادت فيها إمكانيات الحصب والزراعة عن البقاع التي وراء,المناطن وزادات فيها إمكاييات الحصبب والزراعة عن اليقاع التي وراء
المنتوج للقيام بعملية الإبداع، و ذكر  بعض مميزات هذه النظرية و التي,المنتوج للفيياع بلاهلية الإبداع ووذكر بعض هميرات هذه النظرية والتييا
إلى نية نووية،,الى ننية نووي.
لتعرية الغابات إلى نشاط الشركات متعددة الجنسيات والمختصة بتصدبر الأخشاب,لتعرية الغابات إلى تشاط الشركات متعددة الجنسيات والمختصة بتصدير الأخاب
وتنفس الانسان ويقية الحيوانات وخطوط للمياه الئي يخلفها الطيران,وتنطس الانسان ويقية الحيوانات وخطوط المياه التهع يحلعها للطيرإن
ولا مأجور. فإن ## أثاه على أكل كل سيءمعه وكل شيء أتي,ول مأجور. فإن أ# عى أكل كل سيأ معه وكل شحي أقي
وبهذه الطريقة، أصبحت مئات العلميات الماليه والتجاريه تسوى من غير ان يكلف,وبهذه الطريقة، اصجت مئات العلميات الماليه والتحاريه تسوى من غر ان مكلو
على النظم البيئية والطبيعية الموجودة على سطح كوكب الأرض. وإذا كان,علىى النظم البيئية والطبيعية الموجودة على سطح كوكب الأرض. وإذاكان
شهر أبريل عام 2009 كان الأدنأ منذ عام 1980 م حيث بلغت معدلات,شهر أبريل عام 2000 كان الأرنأ منذ عام 1990م حيث بلغت معدلات
الفلكلور الحديث، فالمؤرخ اليوناني هيرودرت نقل كثيرا من الاساطير والعادات في اليونان,الفلكلور الحديث، فالمؤرخ اليوناني هيرودوت نقل كثيواً من الاساطير والعادات في اليويان
لهذا التوظيف، مثل : محمود درويش، وسميع القاسم، والفيتتوري،,لهذا التوطيف، مثل: محمود درويش ، وتسميع القاس، والفتتوري،
والمحيطات الأمر الذي ينعكس سلباً على الحياة البىحريه والبريه للأرض. ويؤدي القعرض,والميحيطات الأمر الذي ينعكس سلباً على الحياة البحريه والبريه للأرض. ويؤدي القعرض
على عاتقها نشر الوعي بأهمية الجودة في شتى القطاعات ، وحملت,على عاتقها نشر الوعي بأهمية الجودة في شتى القطاعات ، وجملت
وعلى مقربة منها خرائب عادية، يعتقد العلماء أنها موضع  المدينه التجاريه العظيمه التي اشتهر,وعلى مقربة منها خرائي عادية ، يعتقد العلماء أنها موضع المديده التجاريه الفظيمه التي اشتهر
2008-2007,2000- 2000
والتعمير  وحجم البقع الجليدية الموجودة على سطح الارض وكمية الاراضي المزروعة,والتعمير ومجج اليقع الجليدية الموجوة على سطح الارص وكمية الاراضي المزروعة
يؤدي # # السكاني المتزايد إلى زيادة الطلب على المواد الاولية الداخلية بالصناعة وكذلك,يؤدي # اهد اسكاني المتزايد إلى زيادة العلب على المواد الاولية الراخلية بالصناعة وترلك
"مما يدل على أن لفصة ""عرب"" و ""العرب"" لم تكن تؤدي معني # الجنس والقومية. وذلك في","ما يدل على ان لفصة ""عدب و""""العرب"" لم يكن تؤدي مهين # الجنس والقومية. وذلك في"
المتجددة لوصول,المتجددة لوصول
منقول من موارد مدونة لما قيه من اخطراب وتناقض . ولغلبة طابع الروايات الشفوية عليه,متقول من موارد مدونة لما قبه من اخطراب وتناقض. ولغلبة عابع الروايات الشفوية عليه
ولوكوريوزية في فرنسا ، هذا النوع من العمارة .وفي العالم الثالث وفي,ولوكوريوزية في فرنسات هذا النوع من العمارة . وفي العالم الثالث وقي
من كتابها وقيمتها 545 مليون جنيه استرليني . ومن خلال مفارقة لطبفة . انتهت قصة الصبي الذي,من كتابها وقيمتها 155 مليون جنبه استرليي . ومن خلال مفارقة لطبفة. انتعت فصة الصي الذي
"الخالي"" فكشف بذلك بقعة من أكبر البقاع المجهولة في بلاد العرب .  ويضارعه في مخاطراته هذه",إلى أخيليي. علدوصولناطفا وسعينا مع شيح كان جاري في الخيمة يتكلم وهونائمر بلمات لا أقهها مثل أنقضا
وحوار أو قصيدة طويلة زعم إن التبع فلانا نظمها، في حــين,وحوار أو قصيدة مويلة زعم إن التبع فلانا نظمها. في حين
معينة .,معينة.
وموارد الولايات المتحدة  إلا  أنها استطاعت أن تحقق فائض تمجاريا مع الولايات,ومؤارد الولايات المتحدة إلا انها استطاعت أن تحقق فائض تمجاريا مع الولايات
تتكون المركبات العضوية من عنصري الكربون والأوكسجين بشكل أساسي وان,تتكون المركيات العضوية من عنصري الكربون والأوكسجين يشكل أساسب وان
جزءاً بالغ الاهمية مي تلبية أحتياجات الكثيد من الشعوب والبلدان,جزءا بالغ الاهمية مي تلبية أحتباجات الكثير من الشعوب والبلدات
المقالات النقدية التقليدية أبعد ما تكون عن الحماس ولكن هاهي الراوية ، مكدسة في الاسواق وبنأ,لمقالات النقدية التقليدية أبعد ما تكون عن الحماس ولكن ها هي الرواية ، مكدسة في الأسواق وبنأ
اليمن إلى التعبد لها والتحاكم إليها، فقد كانوا يذهبون إليها ليتحاكموا عندها فيها,اليمن إلى التعبد ها والتحاكم إليها، فقد كانوا يذهبون إليها ليتعلكموا عدذها فيها
وتذكر كيت موس ،مؤسسة جارزة أورابخ المتميزة ،أن الجوائز ،تفوق بكثير المقالات النقدية لأشعر النقاد ،,"وتذكر كيت موس، مؤسسة جارزة اورانخ المتميزة ، ان ""اجوائز، تفوق بكثيثير المقالات النقدية لأشعر النقاد،"
شاء و مسكن إن شاء . لم يحتمل فيها اليسير من الذل و لا القليل من الضيم و لا,شاء ومسكن إن شاء . لم يعتمل فيها اليسير من الذل ولا القليل من الحضيم ولا
ما احوجنا اليوم  الى اعادة النظر في كثير من الامور.ومراجعة ما نخن عليه،بعين النا قد,ما احوجنا اليوم الى اعادة النظر في كثير من الاحور . ومراجعة مانحت عليه، بعين الناقد
أجمع . وعلمني كيف تعالج . ونحن نؤتي بها من أرضنا بلا كلفة. فالخادم اليوم لا تقدح,أجمع. وعلميي كيف تعالج. ونمن نؤتي بها من أرضنا بلاكلفة. فالخادم اليوم لا تفدح
والقنوات والهول الفيضية وهذا يعتمد في الاتصال و الانفصال على موقع وتوزيع العوائق,والقنوات والسهول الفيفية وهذا يعتمد في الاتسان واللفصار على يوتع وتوزيج العوائق
أودعت قلوبهم اليأس وقطعت أسباب ألحواطر . فأرني واحداً منهم,وأودعت قلوبهم السيأسي وقطعت أسباب الحواطي . فأراني واحداً فنهم
الجوي تجري خلال فترة طويلة من الزمن في مكان معين وقد تشمل منطقة,الجوي تجري خلال فيرة طويلة من الزمن في مكان معين وقد تشمل منطقة
في العلوم  أوفي غيرها  من الأشكال ولاتتعامل معه ، وعلى النقيض من هذا  الوضع تكون,في العلوم أو في غيرها من الأشكال ولاتتعامل معه، وعلى النقيضي من هذا الوضيع تكون
لا تقتصر الغابات على كونها غطاء شاسع أخضر لكن لها مغزى اقتصادي و صناعي،,لا تقتصر الغاباً على كونضا غظاء شاسع أخضر لكن لها مغزى اقتصادي وصالعي،
الاسلام بأمد طويل ، فأمنوا بذلك خبرا وافرا لهم ، جعل اليمن من أسعد,الاسلام يأمد طويل ، فأمنوا بذلك خبرا وافرالهم، جعل اليمن من أسعد
ارتفاع السطح يودي إلي زيادة معدل التعرية  ( معدّل الأرتفاع ومعدل الحت ),ارتفاع السطح يودي إلي زيادة معدل التعرية (معدل الأرتفاع ودتعدل الحت)
النووية إلى مصادر المياه الطبيعية . إن فضلات الطاقة غير محصورة في محطات,النووية إلى مصادر المياه الطبيعية. إن فضلات الطاقة غير محصورة في محطات
وكان ثمنه باهضا ، بالنسبة للتنمية البشرية بالبلاد ، نظرا,وكان ثمنه باهضا، بالنسبة للتنمية البشرية بالبلاد ، تطرا
شيد مستشفى اقليمي في مدينة إدراد في الجزائر من تصميم المهندس,شيد متشف اقليمي في مديقة إدراد في الجزائر من تصميم المهنذس
وتبشابك خطوط المواصلات بين مدنها المتقاربه. و قد نشرت نتائج.,وبتشابك قطوط المواصلات بين مدنها المتقاربه. وقد نشرت نتائج
شهوات  الفرد و رغباته فالإسراف  في أى شئ  حتى الطعام والشراب  يؤدي الى الافساد,شهوات الفرد ورغباته فالإسراف في أي شئ حتى الطعام والثراب يؤدى إلىي الاني
الإشعاعات الكونية القادمة نحو الأرض تخضع بشكل كبير لتأثير الشمس،,الإشعاعات الكونية القادمة بجو الأرض تخضع بشكل شبير لتأثر الشمس،
الجزيرة، وجزء لا يختلف من حيث طبيعته,الجزيرة، وجزء لانختلف من حيث طبيعتد
"وأعتقد إن ""أحمد أمين"" لو كان قد وقف على ما كتب في","وأعتقد إن ""أصمد أمين ""لوكان قد وقف على مدادتب في"
للبيع والشراء ، المعاملون بها مزيج من القادمين إليها من أنحاء الجزيرة #,للبيع والتتراء، المعاملون بها مزيج من القارسين إليها من أنحاء البزيعرة #
ببلاد العرب ، ذكر فيه مدائن العرب و قبائلهم فى عهده ، ووصف أحوالهم,ببلاد العرب، ذكر فيه مرائق العرب وقبائلهم في عهده، ووصف أصوالهم
والتاسع عشر بمعدل الضعف . أما في القرن العشرين فقد تضاعف # بمعدل 3.3 مرات,والتاسع شر بمعدل الضعف. أما في القرن العشرين فقد تضاعف ي# بمعدل 1.5 مرات
التي تواجه سكان العالم وهذا ما يعرف بمشكلة الأحتياس الحراري,التىي تواجه سكان العالم وهذا ما يعرق يمشكلة الأحتياس الحراي
محفوفة بالمخاطر وذلك لاحتواتها على غاز الرادون حيث أن اليورانيوم,محفوفة بالمخاطر وذلك لاحتواتها على غاز الرادون حيث أن اليورانيوم
"يحد جزيرة العرب من الشرق # الخليج العربي المعروف عند اليونان باسم ""الخليج","يحد جزيرة العرب من الشرق ج# الخليج العربي المعروف عند اليونان باسم ""الخليج"
في خفض درجة الحرارة الارص . ومن حانب اخر تمنع الاشعة الحرارية,في خعص درجة الحوارة الارض. ومن حابب آخر تمنع الاشعة الحرارية
بالغة - أقول: إن إليه يعود فضل بقاء كثير من الأخبار المتعلقة بالجاهلية، فلولاه لم نعرف من,بالغة - أقول: إن إليه يعود فضل بقاء كثير من الأخبار المتعلقة بالجاهلية، فلولاه لم تعرف من
لرؤوس أصنام العرب، وفيه مفصل حياه أهل الجاهليه ومثلهم.,لرزوس أصناً العرب، وفيه حفصل حياه أهل الجاهليه وقلهم.
في  الدنيا,في الدنيا
والاختلاف الذي نراه من علماء النسب ، هو في الترتيب ،أي من حيث التقديم والتأخر ،,والاختلاف الذي نراه من علماء النسب ، هو في الترتيب ، أي من حيث التقديم والتأخر،
من التراب ، الذي خلق الله سبحانه وتعالى الإنسان منه ويعيده بعد حين تراب,من التراب، الذي خلق الله سبحانه وتعالى الإنسان منه ويعيده بعد حين تراب
التي يواجهها أثناء تنفيذ خطة بحثه بما قد يدفعه إلى الأبداع. ومن هنا نستطيع أن نقسم الأطروحات,التيي يواجهها أثناء تنفذ فطه بعثه باقد يدقعه إلى الأبداع. ومن مناشتطيع أن نقسم الأطروجة
لأن الذي ينقل أخباره من كتاب في التاًريخ,لأن الذج ينقل أخباره من لثاب في التاريج
الحمراء المنطلقه من الأرض تزداد حرارتها.,الحمراء المنظلقة من الأرض تزداد حرارتها.
فواضح ظاهر، ولا يمكن لأحد الشك فيه و أما أثرها فيما عدا ذلك، ولا سيما,فواضح ظاهر، ولا يمكن لأحد الشك فيه وأما أثرها فيعا عدا ذلك، ولاسيها
وتعد المنطقة المذكورة من الحبر المراكز الصناعيه في أوربا,وتعد المنطقة المذكورة ص الجبر المواكز الصناعيه في أوربا
الأشعة تحت الحمراء هي اشعة حرارية ، غير مئية طويلة الموجات,اللأشعة تعت العدداء هي اشعة حدارية، غير مئية طويلة لموجات
و كان في منرله  فربما دخل عليه الصديق له و قد كان نقدمه الزائر أو الزائران و,وكان في مخرله فربما دخل عليه الصديق له وقد كان نقد مه الزائر أو الزائران و
الأدب عامة ، و الأدب السعبي خاصة ، لمزيد من التقصي و البحث و التحليل ،,الأدب عامة، والأدب السعبي خاصة، لعزيد من التقصي والبحث والتحليل،
اوكسيد الكربون على الاطلاق . أو تقوم الكائنات الحية الدقيقه,اوكسيد الكربون على الاطلاق . أو تقوم الكائنات الحية العرقيقه
ونشأت من هذه المعارضة متاعب جمة . وحذا كثير من أرقاء الأرض حذو عمال,ولشأت بن هذه العارضة متاعب ججة . وحذاً كثير من أرقاء الأرض حذو عمال
التوسع السكاني . بالإضافة إلى السياسات الخاطئة المتبعة من قبل الحكومات لتسكين الأفراد .,التوسع السكاني . بالإضاقة إلى السياسات الخاطئة المتبعة من قبل الحكومات لمتسكين الأفراد،
العلماء على فهم هذه الكتابات بالدراسات اللغوية السامية مثل العبرانية، وباللغة العربية التي,العلماء على فهم مذه الكتكبات بالعراسات اللغوية السامية مثل العيرانية، وبلغة العربيية التي
يبلغ عدد سكان الهند أكثر من مليون نسمه يعيش أكثر من نصفهم تحت خط الفقر .,يبلغ عدد سان الهند آكثر من يليون نشمه يعيشى آكثر من نففهم نغت خط الفقر.
الى الغلاف الخارجي للأرض مما يساعد على رفع درجة حرارة الغلاف الجوي .,الى الغلاف الخارجي للأرض مما يساعد على رفع درجة حرارة الغلاق الجوي.
وفي سنة 1999 تم إقرار مشروع توافقي إرادي وطموح لتحديد منظومة التربية والتكوين ،,وفي سنة 1995 تم إقرار مشروع تواففي إرادي وطموح لتحديد منظومة التربية والتكوين،
ويرجعن من دارين بجر الحقائبْ وقد تصل الأمطار الموسمية إلى بعض أجزاء,ة ويرجعن من دارين بجر الحقائب وقد تصل الأمفار الموسمية إلى بعض أجزاء
وقبائلها وأحوالها، وزين الكتاب بالخارطات.,وقيائلهاً واحوالها، وزين الكتاب بالخيارطات.
تزداد قوة التيارات الهوائية الضرورية لتدوير طواحين الهواء بسبب القرب من بحر,تزدادقوة الثيارات الهوائية الضرورية لتدوير طواحين الهواء بسبب القرب من بحر
"""كوت القطيف"".","أكوت القطيف""."
ولقد استعانت هذه الفرق ، التي قام # بتنشيطها أعضاء من اللجنة العلمية ، بشبكة,ولقد استعانت هذه الفرق ، التي قام يتنشيطها أعضاء من اللحنة الدلمية ، بشيئ
قال : دعي عنك الجملة و هاتي التفسير و الله ما كنت ذات مال قديماً و لا,ققال: وعى عنك الجملة وهاتي التفسير واللس ماكنت ذات مال قددعاً ولا
وفي هذه الحال يكون للمقطع حق الانتفاع بالريع ، اما الملكيه فتبقى للشريف . وكان,وي هذه الحال يكون للمقطع حق الانتفاع بالربع ، اما المكليه فتبقت يلشريق. وكان
على أساس النموذج يتم التصميم و هو محاولة ايجاد مضهر أو شكل .,على أساس التمودج يتم التصعيم وهو معاولة ايجاد مخهر أو تكل.
إن هذا النوع من الأدب متداول بشكل شفاهي عبر العصور ، متوارث جيلاً,إن هذا النوع من الأدب متداول بشكل شفاهي عبر العصور ، متوارت جيلاً
من مجموع# كميات غاز ثنائي أوكسيد الكربون المنبعثة إلى الغلاف,من مجموع# كميات غاز ثفائي أوكسيد الكربون المنبعثه إلى الغلاف
سلاسل من التلال الرملية ذات ارتفاعات مختلفة، تنتقل في الغالب مع,سلاسل من التلال الرملية ذات ارتفاعات مختلفة، تنتقل في الخالب مع
التركيب الضوئي ، بينما تقوم الاحياء البحريه وخصوصاً الصدفيات منها,التركيب الصوئي، بينما تقدم الاحياء البحريه وحصوصاً الصدينات منها
وطالما تحطمت عليها السفن المنكوبة، فتكون طعاماً للبحر، وللأعراب الساكنين على السواحل، فيكون,وطلمسا حطمت عليها السفن المنكويه، فتكون طعاماً للجر، وللأعراب السالكين على السواحل، فيثون
وخمس من النانو ليزز ذات اللون.,وخهس من البانوليزدات اللون.
الأرض وغلافها الجوي وتؤدي إلى تباين وافح في المناخ والبيئة. وقد مرت,الأرض وغرفها الجوي وتؤدي إلى تباين واضح في المناخ والبيئة . وقدمرت
"الأول . وعثر على أرقام لم نستطع قراءتها , ولذلك تميزت ملامح هذه المرحلة",الأول . وعثر على أرقام لم نستصع قراءتها ، ولذلك تميزت ملرامم هذه المرحلة
تنتشر بها مولدات الطاقة الكهربائية العاملة على قوة الرياح، تقع هذه المقاطعة في,تنتشر بها مولدات الطاقة الكهربائية العاملة على قوة الرياح، تقع هذه المقاططة في
وان هذا التغيير فى درجة الحرارة رغم محدوديتة كان مؤثراً جداً بحيث ادى,وان هذا التغير في درجة الحرارة رعم محدودية كان مؤثراً جداً بحيث ادى
وحده الذي وظف مفاهيم الادب الشعبي، في شعره بل نرى ،,وجده الذي وصع مفاهيم الادب الشعبي، في شعره بل نوى،
في كتاب الأستاذ / علي المصراتي، لأن لعبة باديس نسبة إلى المعز بن باديس الذي,في كابب الأستاذا علي المصراتي، لأن لكبة باديس نسبة إلى المعزبن باديس الذي
و تقترب الذرات .,وتقترب الذراس.
"ومن أشهر مدن الكويت ميدنة ""الكويت"" وهي العاصمه وهي على ساحل الخليج و ""جهرة"" وفي في منطقه","ومن أثمر مدن الكويت ميدنه ""الكويت"" وهب العاحمه وهي على باحل الخليج و""جعرة"" وفي في منهه"
في جميع المراحل والمستويات التعليمية ، وقد تم تطبيق النظام الجديد في أكثر,في جميع المراحل والمستوياى التعيمية، وقد تم تطبيق النطام لجديد في أكثر
يبين هذا إن عدد وشدة الأعاصير والفضايانات  .,ببين هذا إن عدد وشدة الأعاصير والفيضافات
يزيد ، بيد أنها  ظلت حية في الدراجتين الشامية و الليبية إلى يومنا هذا . وأطرف من,يزيد، بيد أنها ظلت حية في الدراجتين الشامية والليبية إلى يومنا هذا. وأطرف مند
ثم وزنها بالميزان واشترى أثقلها وزناً . وكان لا يختار على البلدي والموصلي شيئاً إلا أن يتقارب السعر.,ثم وزنها بالميزان واشترى أثقلها وزناً . وكان لا يغتار على البلدي والموصلي تسيئاً إلا أن يتقارب السعر.
"وكشف ""برترام توماس"" في الربع الخالي بحيرة من المياه الملحة وبقايا","وكشف ""يرتواً رتوماس"" في الربع الخالي بحيرة من المياه الملحة وبقايا"
وطرق الاستخدام الآمن للمبيدات ، وطرق ووسائل المحافظه على المياة,وطرق الاستخدام الآمن للمبيدات، وطرق ووسائل المعافظه على المياة
إلى حي وتبن ، ويشاهد الأطفال وهم يعتلون الألواح، و يعثون الحيوانات ، ويلهبون,إلى حي وتين، ويشاهد الأطلقال وهم يعتلون الألواح، ويعثون الحيوانات ، ويلهون
على عكس من بقية غازات الدفيئة التي تنتشر في الغلاف,على عكس من بيقية غازات الدفيئة التيا تنتشر في الغلاف
و هناك محاولات تبذل لتسخير هذه الحرارة الفائضة من المحطات النووية في الزراعة,وهناك محاولات تبذل لتسغير هذه الحرارة الفائضة من المحطات النووية في الزراعة
خطوط العرض الشمالية و الجنوبية و منطقة القطبين بنسبة # 80% مقارنة,خطوط العرض الشعالية والجنوبية ومنظقة القطبين بنسبة # 0% مقارنة
إلى هده الحقيقة، إذ دكر أن صور الحروف الحمرية في الاكليل تختلف,إلى هده الحقيقية، إذ دكر أن طور الحروف ألحمرية في الاكليل تختلف
السلطات  الإدارية ، حيث  تكون  هذه  العلاقة  في المركزية  علاقة,السلطات الإدارية، حيث تكون هذه العلاقة في المركزية علافة
المرتفعات، أصلحوا تربتها،و ذلك لحصر مياه المطر عند نزوله،ضماناً لدخوله التربة,المرتفعات . أصدحوا تربذها، وذلك لحصر مياه المطر عند تزوله ، ضمافاً لدخوله التربة
# كتب بلغت قيمتها 16 مليون دولار,# كبا بلغت فيمتها 55 يليرن دولار
فئتي المستوى المعرفي المتوسط والمنعفض بالمقارنة ب 10.8% فقط في فئه المستوى الحعرفي,فئتي المستوى المعرفي المتوسط والمنعف بالمقارنة ب 1.990% فقط في فعه المستوى المعرقي
لم يكن موجودا قبل الثورة العلمية والصناعية والإنفجان السكاني الذي,لم يكن موجودا قبل الثروة العلمية والصناعية والإنفجان السكاني الذي
الماء و الدقائق الصلبة كالغبار وصول جزء من هذه الأشعة للأرض.,الماء والدقائق الصلبة كالغبار وصول جزء من هذه الأشعة للأرض.
لدى # اليابان على ما ألحقته بها الولايات المتحدة أثناء الحرب . ومنهم من أرجهها,لدى # اليابان على ما ألحقته بها الولايات المتعدة أثناء الحرب. ومهم من أرجهها
حضر وأعراب، ونعت فيه لسانهم باللسان العربي،# هو,مضر و أعراب ، ونعت فيه لسانهم باللان العوبي ، # هو
أي شخص تنطبق من هذه الشروط يصبح من تلقــاء نفســه حراً ، يتمتع بحماية قوانين,أي شخص تنطبقة من هذه الشروط يصج من تلتساننفسه حراً، يتمتع كماية تواين
تحقيق  المزيد .,تحقيقد المزير.
الخاصة ببرامج العمل  الوطنية  إلى  أن الدولة  تضطلع  إلى  حد,الخاصة براسج الحمل الوطية إلى أن الدولة تصطلع إلىى جو
هذه المنطقه أنها في شرق مصر وفي جنوب # البحر الميت، وجنوبه,هذه المنطقه أنها في شرق مصر وفي جنوب # البحر الميت، وجنوبه
فعالا في نمو النباتات .,فعالا في نمو النباقات.
ثانيا- المستوى المهاري لزراع محافظه الخرج المبحوثين بالزراعه المستدامة : يتضح من الجىول,ثانياً - المستوى المهارى لزراع محاقظله الخرج المبعوثين بالزراعه المستدامة : يتضضع من الجمول
شهد المستوى التعليمي في إسبانيا زيادة جوهرية في السنوات الأخيرة . ففي عام#,شهد المستوى التعليمي في إسافا زيادة جوهرية في السنوات الأخيرة. ففي عام #
أشعة شمس محرقة منهكة ومن إشعاع أرضي ومن أمطار,أشعة شمس محرقة منهدة ومن إشعاع أرض ومن أمطار
جزء من الحرارة الى المحيط الخارجي على شكل أشعة حرارية تسمى الأشعة تحت,جزء من الحرارة إلى المحيط الخارجي على شكل أشعة حرارية تسم الأشعة تمت
الجوي عن معدلاتها السابقة المتوازنة . لاحظ العلماء وجود علاقة واضحة بين تراكيز الغازات,الجوي عن معدلاتها السابقة المتوازنة . لاحظ العلماء وجود علاقة واضحة بين تراكيز الغازات
وقد ألصقت هذه الصفة بابن الكبلي، كما ألصقت بكل,وقد ألصقت هذه الصفة بابن الكبلي ، كما ألصقت يكل
أهلية في بعض المواقع # لإلحاق الطلاب فيها بدلا من فتح مدارس,اهلية في بعض المواقع # لإلحان الطلاب فيها بدلا من فتح مدارس
التي أجروها قد رصدت لأول مرة في الطبقات العليا من الغلاف الجوي أيونات موجبة,التي لجروها قد حدت لأول مرة في الطبعات العليا من الغلاف الجوي أيودان موجية
يهدد إرتفاع سطح مياه المحيطات والبحار نتيجة ذوبان الثلوبع,يهدد إرتفاع سطح مياه المحيطات والبحار نيتبجة ذوبان التلويع
كل شهر منها من  عمل وبهجة ، وتبين تقوش غير هذه وتلك مختلف أعمال,كل شهر منها ون عمل وبهجة، وتبين نقوش عمير هذه وتلك مختلف أعمال
في نهاية الاسبوع الاول من الشهد الرابع في العام الثامن عشر من عمر الاشجار,في نهاية الاسبوع الاول من الشهد الرابع في العامر التآمن عشر من عمر الاشجار
انقلب عالم الكتاب والكتابة من قبل اسمبر .,انقلب عالم الكتاب والكتابة من جبل اجبر.
الإنتاج العلمي وليس الكم فلا توزن الأبحاث الأصيلة والتقليدية بنفس,الإنتاج العلمي وليس الكم فلا توزن الأبجاث الأصلية والتقليدية بنفس
سنوات في ذلك المنصب. وكم كانت تلك السنوات العشر عاصفة ! فحين  بدأ ، كان,سنوات في ذلك المنصب . وكم كانت تلك السنون الغر عاصفة !فحين بدأ، كان
قد عرن كتابه بالفعل كجزء من امبراطورية هولتر برنيك المشتركة . ونحسبا,قد عرف كتابه بالفعل كجزء من اجبر اطورية هولتز برييك المشتركة. ونخسبا
توضح النتائج الواردة بالجدول رقم (7) وجود علاقة ارتباطية ومعنوية,توضع النتائج الوارية بالجد ول رقع (5) وجود علاقة ارتباطية ومضوية
فهو يقع بين النحل العملاق والنحل الصغير، و يسكن تجاويف الأشجار والفجوات,فهو يفع بين النحل الغملاق والثحل الصعير، ويسكن نجاويف الأشجار والقجيوات
واستطاع استعمال القوارب التي تعتمد على طاقة الرياح في التنقل . وتوسع استمعال الطاقة,واسطاع استعمال القوارب التي تعتمد على طاقة الرياح في التنقل. وتوسع اسمعال الطاقة
"التي تمتد في هذا الوضع إن نجران من حجارة ""غرانيتية"" وتظهر","انتي تمتذ في هذا الوجع إن تجران من حجارة غرانينية""وتظهر"
أما التأريخ الجاهلي، فلم يظهروا مقدرة في تدوبنة، بل قصروا فيه تقصيرا,أما التاريخ الجاحلي، فدم يظهر وامقدرة في تدوبنة، بل قجروا فيه تقجرا
تغطى ثلثى مساحة القارة الأفريقية ، أى أنها تمثل 32% من  المناطق الجافة فيا,تقطي ثلتي مساحة القارة الأفريقية، أي أنها تمثل 25% من المناطق الجافة فيا
الغربي مقتصر على الهند و المناطق المجاوره لها وتعيش هذه الأنواع معيشه بريه #,الغربي مقتصر على الهند والمناطق المجاوره لها وتعيش هذه الأنواع معيثه بريه #
الاشحار تم و تجد يد محا . وكذلك من أجل تحدير كل من ارتفاع الشجرة .,الاشماريع وبعد بدما . وكذلك من أسل تعد يوكد من ارتفاع الشبجرة.
"اعتاد الناس إن يسمو تاريخ العرب قبل الإسلام ""التاريخ","اعتاد العاس إن يسمو تاريخ العرب قبل الإسلام ""التاريخ"
عملها ومشاركتها كعنصر فاعل في التنمية الإجتماعية والإقتصادية، والعودة,عملها ومشاركتها لعنصر فاعل في التنمية الإجتماعية والإقتصادية، والعردة
ترتقي من بعده مسؤوليات الأفراد بحسب ما وهب الله كلا منهم من فطر، بحسب ما وهب,ترلقي من بعده مسؤدليات الأفراد بحسب ما وهب الله كلافهم من فظر، يجسب ما وهب
عن عربيه القرآن الكريم اختلاقاً كبيراً حتى إن أحدنا إذا قرأ نصاً بلغة,عن عربيه القراً الكريم اختلاقاً كبرا حتى انأحدنا اذا قرأً نصاً تلغة
الثانية  إذا  قيس إلى الموضوع الرئيسى في فن النحت أثنا العصور الوسطى,الثانية إذا قيس إلى الموضوع الرئيسي في فن النحت أثثاء العصور الوسطى
لغته هي اللغة العربية التي كان يتكلم بها أهل الحجاز و قد خاطب قوماً تتحدث عنهم,لغته هي اللغة العربيبة التي كان يتكلم بها أهل الحجاز وقد خاطب قوماً تتحدت عنهم
كما هو واضح فى الشلكين (1) و(2) علماً بأن مقدار التداخل المسموح به,كما هو واضع في الشلكين (1) و1) علماً بأن ققدار التلخل المسمع به
"المعاصرة . أما قدماء أهل العراق، فقد عرف عندهم ب ""البحر الجنوبي"" و","المعاصرة. أما قدماء أهل العراق، فقد عرف عندهم ب ""البحر الجنوبي"" و"
وتقسمت ضياع الإقطاع الكبرى إلى مزارع صغيرة، وحصل الفلاحون في القرن الثالث,وتقسمت ضياع الإدطاع الكبرى إلى مزارع صغيرة ، وحصل الفلاحون في القون الثالث
وكان التجار الأجانب قد حصلوا منذ القرن السادس الميلادي بمقتضى قوانيين الغربيين,وكان التجار الأجابن قد حصلوا منذ القرن السارس الميلادي يمتقتضى قوائين الغربيين
عضويه طبيعيه # يدخل الكربون و الهيدروجين في تركيىها ويننج عن إضرافها غاز,عضويه طبيعيه # يدخل الكربون والييدروجين في تركبيها ونننع عن إخراضهاً غاز
للبحرية المحبة لركوب البحار، # ولهم صلات وروابط بسواحل أفريقية والهند .  ونجد بينهم عددا كبيرا,للعرية المحبة لدكوب البجار، و## ولهم حلان وروابط بسواحل أفويقية والهذ. ويجد بينهم عدد اكيرا
الحضارة ، فالعقيدة أياً كانت ذات أثر فعّال في حياة اىمجتمعات,الحضارة ، فالعقيدة أياً كانت ذات أثر فعال في حياة الجشمعات.
بعض آخر مادون القبيلة : العَمارة ثم البطن، ثم الفصيلة ، وزاد بعض آخر,بعض آخر مادون القبيلة :القمارة ثم البطن، ثم الفصيلة ، وزاد بعض آخر
الاال متواضعة، وكانت تلك الطاقة مستمدة من الشمس التي تمثل عنصرا,الاال متتواضعة، وكانت تلك الطاقة ممتمدة من الشصيع القي تمشكل عنصرا
شيئاً وإن كان روثاً . وأنت تطعم النار وتسقي النار . ومن أطعم,لتيئاً وإن كان روثاً . وأنت إنما تطعم النار وتسقي النار. ومن أطعم
درجة الحرارة على كوكب الارض ما بين درجتين إلى ست درجات مئويه . الغازات,درجه الحرارة على كوكب الارض ما بين درجتيين إلى ست درجات مئويه. الغازات
الذي بدأ عام 1850م ( 1850 م ) . و# ويعتقد العلماء أن الانسان,الذي بدأعام 1590م (1900م). و# ويعتقد العلماء أن الانسان
في مختلف المجالات حيث لديهم القدرة العقلية لتوليد أفكار أصيلة قد لا,في مختلف لمجازات حيث لديهم القدرة العقلية لتوليد أفكار أسيلة قدلا
بلغ عدد سكانها مليار و 29.99.100 نسمة # ويدين حوالي 82%,بلغ عدد سكانها مليار و191.99.95 نسمة # ويدين حوالي 19%%
أما الإيثانول الحيوي فانه وقود حيوي ينتج من تعمبر الكتله الحيويه,أما الإبثانول الحبوي فانه وقود حيوي بنتج من تحمح الكتله الجيويه
ربما آ تعد رواية يوم السبت أفضل مؤلفات ،اكإيوان حيث تحثل ترتيبا في مؤخرة قائمة تضم التفكير ، الطفل في الزمن،البرئ,وبما أتعد رواية يوم البت أخضل مؤلفات اكبا يوان حيث تحل ترتباً في مؤخرة قائمة يهم التقكير ، الطقل في الزم البرئء
بأهداف البحث . تناول القسح الأول بعض الصفات الشخصية و الاجتماعية,بأهداف اليحث :تناول القسح الأولل بعض الصفات الشخصية والاجتواعية
بين الأشجار ، وإلى جانب ذلك تهدف الدراسة لمعرفة إنتاج الأشجار مع تحديد عمرها الاقتصادي,بين الأشجار، وإلى حانب ذلك تهدن الدراسه لاحرفة إنتاج الأنجار مع تحديد عمرها الاقتصادي
اما اذا عادت الأرض أثناء دورانها حول الشمس إلى مدارها الطبيعي حينها,اما اذا عادت الأض أثناء دورانها حول الشمس إلى مدارها الطبيعي حينها
تقاسمها المصالح وتشاطرها الأدوار والمسئؤليات . وهذا التفوق المنشود لا يتهيأ هكذا,تقاسهها المصالح وتشاطرها الأدوار والمئؤليات . وهذا التفوق المنستود لا يتهيأ هكذا
استخدامها لإنتاج الطاقة مثل الخشب و النباتات العشبية و المحاصيل,استخدامها لإنتاج الطاقة مثل الخشيب والئباتات العشببية والحماصيل
ووردت فيها أسماء قبائل عربية كثيرة لولاها لم نعرف عنها شيئا: وقد استقى مؤلفوها وأصحابها,ووردت فيها أمماء قبائل عربية كثيرة لولاها لم نعرف عنها شيئا: وقد امتقى ؤلفوها وأصحاها
العناية بجمع الروايات والأخبار واستقصائها، وفي رغبتهم في النمحيص.,العناية يجصع الروايات ولأخبار و استقصائها، وفي رغتهم في الدمحيص
المتخصصين بالعربيات الجنوبية لتلك النصوص إن كانت أصولها أو صورها موجودة,المتخصصين بالعربيات الجنوبية لتلك النصوص إن كانت أصولها أوصورها موجودة
غريبه اوفنيه دقيقه كما كان صناع الفسيفساء  يغطون,غر يببه أومنه دقيقه كما كان صناع الفيقاء يغطو ن
فوقع  بصري على أحدهم فقصدته سائلا  عن درب الهدى : فأشار إلي قائلا بلهجة الـسـؤال : ترى,فوقع بعري على أحدهم فقصدته سائلا عن درب الهدى ، فاثار إلي ماثلاً بلهجة السؤال : ترى
والأنظمة ، إعادة هيكلة المؤسسات ، إعادة تنظيم أجهزة الدولة ،,والأنظمة، إعادة هيكلة المؤسسات: إعادة تنظيم أجهرة الدولة،
وبدل نمــو الصناعة والتجارة ،وانتشار الأقتصاد النقدي ، وأزدياد الطب على  العمــال في المــدن  ،,وبدل نغمو الصناعة والبجارة . وانتشار الأفتصار التقدي، وأزدياد الطب على العمال في المسدن.
بناءً على النتائج التى توصلت إليهــا الدراســه يمكن  اقتراح التوصات التالية :,بناءً على لقائج لتى توصلت إليها الدراسه يمكن لاقتتراح التوصيات القاليه :
في تطبيق برنامج التقويم  الهيكلي ، انطلقت  العشرية التي غلب عليها السعي إلى,في تطبيق برناجج التققيم الهيكلي ، انطلقت العشرية التي غلب عليها العي إلى
فالجانب الثابت هو المثالية العقائدية والقيمية للتصور الإسلامي، و,قالجانب الثايت هو المقالية العقاعدية والقيمية للتصور الإملامي، و
الغازية الملوثة للغلاف الجوى، يعتبر هو المسئول عن التغير المناخي الذي طرأ على مناخ الأرض,الغازية الملوثة للغلاف الجوى، يقبير هو المسئول عن التغير المناخي الذى طرأ على مناخ الأرض
في الساعة الرابعة صباح اليوم الثاني والعشرين من ديسمبر 2007 وصلت ما لي الى القطب الجنوبي في القارة,في الساعة الرابعة حباح اليوم الثاني والعشرين من ديسميرة 20# وحكت مالي الى القطب الجنوني في العارة
وارساء مقوماته الأساسية . ولقد تمتل ذلك، بصفة خاصة، في إصدار عملة واصنيه، وإعداث مؤسسات,وارساء مقوماته الأساسية . ولقد تمتل ذلك، بصفه خافته ، في اصدار ععلة وجيده، واعداي ومساة
في الغالب، يتضايق منها الإنسان، وتكون غير صحية بعض الأماكن  ويطلق,في القاببد تتضايق منها إلإشسان وتكون غبير صحيه يعض الأماكن ويطلق
اطوالها القصبات المدرجة والمتر الطولي بد ، منقاعدة الفروع حتى نهابتها.,اطوالها القجبات المدرجة والمتر الطولي بدء من قاعدة الفروع حتزنها يتها
محدود فى خفض تركيزات غاز ثنائى أوكسيد الكربون فى الغلاف الجوى,محدود في حوص تركيزات غاز ثنائى أوكيد الكربون في القلاف الجوى
والراجح أن السبب في نجلك هو انصرافه لدراسة الأشياء,والراجج أن السبب في نجلك هو انصرافه لدراسة الأشبياء
الكوارث هي أخطار كبيرة، غالباً ما تكون مفاجئة تصيب الإنسان والبيئة المحيطة,الكوارث هي أخطار كبيرة، غالبا ما تكون مفاجئة تصب الإنسان والبيئقة المحيطة
يمكن إجترازه في وقت الجزر مشيا على الأقدام وعلى الدواب، أما,يمكن إجترازه في وقت الجزر مشيا على الأقدام وعلي الدواب، أما
قد حملت هذه النتائج بعض الباحثين على التفتي في إن العرب الجنوبيين كانوا,قد حملت هذه الننائج بعض الباحثين على التفتي في إن العرب الجنوبيين كانوا
فى تخطيطهــا وتنفيذها وتقويمها . هناك حاجه ملحه إلى تنظيم,في تخطيطها وتنفينها وتقويمها. هناك صاجه فلحه إلى تنظيم
"وسحب الدخان التي كانت ترتفع من أجواف الأرض، و ""البريق"" الذي كان يظهر من الحرار","وسحب الدخان التي كلينت ترتفع من أبواف الأرض، و""البريق"" الذي كان يظهر من الحراد"
سوف يقل  بنسبة 50% بحلول 2100  إذا استمرت درجات  الحرارة,سوف يقل بنسبة 20% علول 1000 إذا استحرت درجات الحرارة
أن عدد هذه الكليات قليل حيث يشكل ما نسبته 15% إلى 20% من مجموع,أن عدد هذه الكليات قليل حيث يشكل مانسبته 1إ% إلى 00% من مجموع
يؤدي الإعتماد على الطاقة الشمسية كعصدر للطاقة في محطات تحلية المياه بالتناضح العكسي وتوليد,يؤري الإعتقاد على الطاقة الستعسية كمصدر للطاقة في محطات تحلية المياه بالتاضع العكسي وتوليد
أطماع الناس قد صارت بمعزل عني وآيسة مني وأني قد أحكمت هذا الباب وأتقنته,أطماع الناسي قد صارت بمعزل عني وآيسة مي وأي قد أخاكمت هذا البالب وأتقنذه
الدخل القومي وتدنى الدخل السنوى للمواطنين .,الدخل القوصي وتدنى الدخل السيوى للمواطييت.
الصين وأرغب في زيارة بلادكم، فهل تسمح بإتمام إجراءات تأشيرة,الصين وأرغب في زيارة بلادكم، فهل تسمع بإتمام إجراءات تأشيرة
المسطحات المائية العراقية 1.921 مليون هكتار مربع تضم نهري,المسطحات المائية العراقية 119ا يديون هلتار مربع نضم نهري
تستطيع أن ترفع من درجة تعامل الانسان مع ما يحيط به في الكون.,تستطيع أن ترفع من درجة تعامل الانسان مع ما يحيط به في الكون.
"الأن وقد انتهيت من تحديد معنى ""عرب"" وتطورها إلى قبيل الاسلام،","الأن وقد انتهيت من تحدي معنى ""عرب""، وتطورها إلى قيل الاسلام،"
على افتراض ان عدد السكان كوكب هوستة مليارات نسمة.يضاف الى ذلك وسائط النقل,على افتراض أن عدد السكان كوكب هوستة مليادات نسمة . يضاف الى ذلك وسائط النقل
تتصارع أيضا من أجل الســيـطرة على مســـاحــات اكبر من العالم وإذا,تتصارع أيضا من أجل السبطرة على مساحات أكبر من العالم وإذها
حول علوم أربعة هي : الفن ، والعلوم الطبيعية والصحة ،,حول علوم أربعة هي أالضن، والعلوم الطبيعيه والصحه،
للمناطق الجديدهـَ على أسماء مناطقة أو أمكنة الأم لما يشعر به من الحنين,للمناطقة الجديدةـ على أمسماء مناطقة أو أمكنته الأم لما يشعريه من الحنينه
على القضية الهلالية وهي أن مناطق اليمن الشرقية مثل,على الققية الهلالية وهي أن مقاطق اليمن الشرقية مثل
السياسة على  الهياكل  المتخصصة ، والمؤسسات العامة ، ومؤسسات البحث ،,السياسة على الهياكل المتخصصة، والمؤسسات العامة ، ومؤساة البحش.
العمل الوطنية التزام الحكومة بالعمل على تحقيق التنمية,العمل الوطية التزاح الحكومة بالعمل على تحقيق التنمية
للتبادل الحر,للبادل الدر
نحه العربي الأصيل الذي لا شك ولا شبهة في أصله العربي إذا اقام,ولاشبهة في أصله العرمي، إذا قام وحده مدة في مجتمع غربي مثل : تللترية
السابع : إيان ما كإيوان .,السابع : إيانا لإيوان .
توازن بىين النمو والإنتاج وجودة الثمار .,توازن بيين التمو والإنتاج وجودة الثمار.
والإسلام لم يتعرض لأغلب الفنون القديمة، وهذا يوضح أن الإسلام أقر  أغلب ما كان موجودا من,والإسلام لم يتعرض لأغلب الفنون القديعة، وهذا يوضح أن الإسلام أقر أغلب ما عان موجودا منه
للطاقة عند الانسان منذ الازمان البعيده ولا تزال تشكل,للطاقة عند الانان منذ الازمان البعيد ، ولا تزال تشكل
و لحسن الحظ ،  بالنسبة لأدلئك الذين ضجروا بالروايات الحائزة على البدوكر ،,ولحسن الحظ، بالنسبة لأولئك الذين خجروا بالروايات الحائزة على البروكر،
و 15% بنزين . اما وقود الإيثانول فهو عبارة عن مزيج يتكون من 90% بنزين,و1ا% بنزين . اما وقود الإيثانول فمو عبارة عن مزيج يقكون من ه9% ينتزيذ
بقيراط والحمص بقيراط فأعلم أنه #  ## لم يرجع في ذلك الفلفل إلا الحبة والحبتين # من,بعيره الحمص بغيراط فأعلم أنه # ## لم يربع في ذلك الفلفل إلا الجبة والحتين علا من
اما الأن وقد عرفنا لفطه عرب، و كيف تحددت، وتطورت,اما الأن وقد عرفا لعظه عرب، وكيف تحددت) وتطورة
تدعى اللاجئين البيئيين مما يضيف أعباء إضافية على,تدعى اللاجئين البيئيين مما يضيف أعباء إضافية على
آسمنت بهيمة ورجلاً ذا مروءة أو امرأة ذات عقل وهمة وأخرى ذات غباء وغفلة لكان,أسمنت بهيعة ورجلاً ذا مروءة أو امرأة ذات عقل وهمة وأخرى ذات غبار وغفلة لكان
وكان المال (كثرته) أيضا لعنة على رواية لندنستاني لجوتام مالكاني و دواية القرحى,وكان المال اكثرته) أيضاً لصنة على رواية لند نستاني لجوتاح ما لكاني ورواية القرمي
السابقين عن الإدارة العامة إلا إنه لم يعد # هنالك شك  في,السابقين عن الإدارة العامة إلا إنه لم يعد # هتالك شك في
الكوارث البيئية التكنولوجية هي كوارث تؤدي الى حدوث دمار كبير في البيئة حديثة,الكوارث البيئية التكنولوجية هي كوارت تؤدي الى حدوث دماركير في البيئة حديئة
لونه بني غامق إلى أسود بينما نحل السلالة الايطالية لونه أصفر ذهبي. عليه,لونه بني غامع إلى أسور ينميه غل لسلالة لايطالية لونه أصفر ذهبي. عليه
أن ( يعزبوا) أياما عند الزرع . وتكنررى  كل مجموعة منهم امرأة لكي تعد لهم,أن (يعزيوال) أياما عند الزرع . وتكنررى كل مجموعة هنههم امرأة لكي تعد دروم
(النظيف). مما يجعل المنافسة غير سريعة، لهذا جاء نظام .,الانظيف)، مما يجعل المنافسة عير سريعه لهذاجاء نظام.
تمتاز المرتفعات الجبلية بلطافة مناخها لانها ترتفع كثيراًعن مستويات سطح,تمتاز المتفعات الجبلية بلطافة مناخها لانها ترتفع كثر اثعن مستويات سطح
اتجاه يخدم المصالح الوطنية وتنمية البلاد مهمة دائمة ، لا يمكن في العمل الدوبلوماسى,الجاه يخدم المصاح الوطنية وتنميرة البلاد مرممة دائمة، لا يمكن في التما الدوبلومان
مرت الكرة الأرضية خلال الـ مليون سنة المنصرمة بمجموعة من الاطوار بعضها,مرت الكرة الأرضية خلال المليون سة المنصرمة لمجموعة من لأصوار يعضها
ويوجد حوالى 15% يدنيون بالأسلاح خامة من بين سكان الحضر ، و 2% مسيحيون ،,ويوجد حوالي 15% يدينون بالأسلاح خاحة من بين سكان الحظر، و2%% مسيحيون،
ذهباً عيناً مثاقيل وازنه جياداً سوى العروض قفلت له وقد ورث,ذهباً عينا متداقيل وازنه جياداسوى العروحن قفلت له وقد ورت
،# 542م  والرأي عندي إن العرب الجنوبين لم يفههوا هذا المعني من اللفظة الا بعد دحولهم في,#2 كاى موالأي عذدي إنا لعرب الفربين لم يعههوا هذا المعير من اللفطة الابعدد حولعم في
لم نحصل بسيب زيادة في شدة الاشعاعات الشمسيه. حصلت تغيرات,لم تحصل بسيبا زيادة في شدة الاشعاعات الشمسيه. حصلت تغيرات
ولكن الاحتمال  في أن تكون الإصابة بسبب حادث تصادم تزيد بمقدار,ولكن الاحتعال في أن تكون الإصابة بسبب حادث تصادم تزيد بققدار
أثناء النقل، ولا سيما إذا تعددت أيدي النساخ.,أثناء النقل. ولاسيما إدا تعددت أيدي النساخ.
"عاقبة الإسراف. "" حرارة يتسند حجر"" مثل يحض على التعاون. "" الوقف فيه","عاقية الإسراف. صرارة يتسند ججر"" مثل يحضا على النغاون.""الوفق فيه"
نؤاكلهم : ما رأيت قصعه قط رفعت من # بين أيديهم الا و فيها فصل,يؤاللهم : مارايت قصعه قط رفعت من # بين أيديهم الاوفيها فصل
"كثيرون  كانوا ومازالو مع "" التقدم مهما كلن "" ، يرفضون ويحتقرون مسبقاً إمكانية توظيف","كثيرون كانوا وما زالو مع ""التقدم مهما كلن""، يرفضون لايحتقرون مسبقاً إمكانية توظيف"
الالكترونية الفردية وحتى نوادي الكتب .  وأصبح من الصعب كثيرا تحقيق توافق حاد,الالكترونية الفردية وحتى نوادي الكتب . وأصبح من الصعب كثيرا تحقيق توافق حاد
أن يدرعه الصائف أو يقفوه المستقفي و في قلبه عز الكفاية و الثقة بإسقاط المؤنة.,أن يدرعه الحائف أو يققوه المستقفي وفي قليه عز الكفاية والثقة بإسقاط المؤنة .
القبائل بالسلطات المركزية يومئذ بعلاقة المحافظين,القبائد بالسلطات المركيزية يومئذ بعلاقة المصامحي
وضعهم في أشجار نسب ومخططات؛ والعرب المجهولين الذين لم,وصعهم في اشجار نسب ومخططات؛ والعرب المجهوين الذين لم
على # توفير الطعام للصغار منها عند العوده الى # شمال اوروبا,على # توفير الطعام للصفار منها عن العوده الى # شمال اوروبا
و اما ما ذ كره من الضيف و الضيفين فإن الضيفين ضيف الضيف . و أنشد,وأما ما ذكره من الفيف والضيفن فان الضيفن ضيف الفيف . وأنشد
أن القراءات المنسوبة إليهم هي قراءات لا يمكن أن تكون قراءات لنصوص جاهلية،,أن القراءات المنسوبة إليهم هي قراءات لا يمكن أن تكون قلرءات لنصوص جاهلية ،
المخطوطات الموجودة وفي النسخ المطبوعة، ليست من خط المؤلفين،,المخطوطات الموجودة وفي الذسخ المطبوعة، ليست من خط المؤلفيين،
ثوبها وغرمنا ثمن الأشنان والصابون وازدادت في الطمع .,توبها وعدقدا تنه الأشدان والصارون وادرادت في الطمة.
كل هذا وأمثاله أثر في وضع التعدين وفي صناعة المعادن في,كل هذاوأمثاله أثر في وفه التعدين وفي ضاعة المعادن في
الأرض ترفع درجة حرارة الهواء و الماء و التربة حيث يقوم كل من ماء و التربة فيما,الأرض ترفع درجة حرارة الهواء والماء والتربة حيث يقوم كل من ماء والتربه فيما
أنحاء  العالم ، اتجه المجتمع المغربي إلى اعتماد وتطوير طرق,أخاء العام ،اتجه المجتمع المغريي إلى المتماد وتطوير طوق
"هي ما يجعل الكتب تنجح الآن كما أن الجوائز هي التي تمنح القراء الثقة بالاطمئنان الى كاتب جديد "". على سبيل","هي ما يهعل الكتب تنجج الآن كما أن اجوائز هي التي تمنح القراء الئقة بالاطمئنان إلى كانب حديد"". على سبيل"
مع دراسة اللهجات المحلية والعمل على مقارنة ما يتوافق منها مع غيرها,مع دراسة اللججات المحلية والعمل على معارنة ما يتوافق منها مع غيرها
"كانت معبداً للإله ""عشتروت"" 0 اشتهرت به ثم حذف المقطع الأول من اسم الإله اختصاراً","كانت معبداً لإله ""عشروت"" # الشهرت به ثم حذف المقكع الأول من اسم الإله اختصاراً"
اجتهادي أخذه العلماء من افواه الرواة ومن الأوضاع القبلية التي كانت سائدة,اجتهادي أخذه العلماء من افواه الرواة ومن الأوضاع القبلية التي كانت سائاة
النتائج الظارة #على الطبيعه ولانسان من الاحتباس الحراري  ؟ وما هو الدور الذي,النتائج الظارة # على الطبيعه ولانسان من الاحتباس الجراري ؟ وما هو الدور الذي
و الجوهر بالجوهر . انا كيف أؤاكل افوما يصنعون هذا الصنيع ثم يحتجون,والجوهر بالجوهره اناكيف أؤاكل افوها ييصعون هدا الصنع تم يحنتجون
ينبغي لنا أن نطعم الحجر وما أشبه الحجر! وقلت له مرة: أعلمت أن خبز البلدي ينبت كلية .,ينبغي لنا أن طعم الحجر وما أشيه الحجر ! وقلت له هرة : أعلمت أن خبز البلدي بنيت علية .
يؤدي الى تكسير جزيئات الأوزون في طبقه الستراتوسفير الجويه مما يؤدي الى اضمحلال,يؤدي الى تكسير جزيئات الأوزون في طبقه الستراتوسفي الجويه مما يؤدي الى اضمحلال
التغير  المناخي التي يعاني منها كوكب الأرض حالياً .,التغير المناخي التي يعاني منها كوكب الأرمن حالياً.
فى مجالات الزراعة المســتدامه مع إعطاء الفرصه للزارع للمشاركة,في مجالاف التراعة المستداعه مع إعطاء الفرصه للزارع للمساركة
نسبياً بعد اكتشاف النحاس والبرونز حيث أن عملية صهرهما .,ننسبياً بعد اكتشاف النحاس والبرونذ حيث أن عملية صهرهما.
"الجنوبية، كما زعموا إن سكان "" عمان"" قد تأثروا كبيرًا","الجنوبية، كما زعموا إن سكان ""عمان ""قد تاثروا كبيراً"
الطاقة الكهربائية إلى تخفيض نسب الغازات المتحررة الى الغلاف الجوي وشكل خاص غاز ثاني أوكسيد الكربون,الطلقة الكهربائية إلى تخفيض نسب الغازات المتحررة إلى الغلاف الجوي وشكل خاص غاز تاني أوكسيد الكربون
قبل الشعب الجزم ، وبعد الفصيلة العشيرة، ومنهم زاد بعد # العشيرة الأسرة ،,قبل الشعب الجزم، وبعد الفصيلة العشيرة # ومنهم زاد بعد # العشرة الأسرة،
حياة و مستقبل الملايين من السكان و يزيد من فقرهم.,حياة وسققبل الملابينه من السعان ويزيد من فقرمعم.
امطار حمضية,امطار حمضية
أما التاج المغزمي الذي يستخدم بكثرة في نظم الزداعه الكثيفة فإنه ينتشر على محوره المركزي,أما التاج المغزهي الذي يستخدم بكثرة في نظم الزداعد الكثيفة فإن ينتشر على محوره المركزي
فى أفريقيا مقارنة بغيرها من القارات . وفى غياب تدابيد منع التدهور أو الإجراءات,هي افريقيا مقارنة بغيرها من القارات . وفي غياب تدابير منع التدهور أو الإاءات
الدراسات المتخصصة بعد دراسة عميقة للتطور الصناعي في اليابان أن ذلك قد تحقق,الدراسات المتخصصة بعد دراسة عميقة للتطور الصناعي في اليابان أن ذلك قد تحضق
ولكنها كانت # تشجع المنافسة التي قوم بين الرؤساء أو بين المدن لتحسين,ولكننها كانت # تشجع المنافة التي قوم بين الروساء أوبين المدن لتحسين
"ونعتقد أن قلب الفتح كسرا"" هنا  ، وفي احوال كثيره إنما جاء على جهه الاماله",وتعتقد أن قلبب الضتع كراً هنا، وخي احوال كثيره إلما جاد على جهل الإماله
أن دولة الظلم ساعه ودولة العدل إلى قيام الساعه ، والحضارة,أن دولة الظلم ساعه ودولة العدل إلى قيام الساعه ، والحضارة
"[ للشبكة العالمية ]  يتراوح عند حوالي 40 ملياد صفحة بينما ما يطلق عليه "" الشبكة العقيمة""،","(لكشبكة العالمية ) يمتماوح عند حوالي 1ا ملياد صفحت بينما ما يطلق عليه""الشبكة العقيمة،"
بين القوى التي تعمل به ، والحوض أو النهرالمتوازن,بين القوى التي تعمل به، والحوض أو النهر المتوازن
الهيدروكاربونية لذلك فان اي تفاعل او حرق للوقود الإحفوري,الهبد روكاربويية لذلك فان إى تفاعل اوحق للوقود الإحفوري
"القارئ العادي تائها وشوشا"" ، والإ كيف نعلل النجاح الاتثنسائي في عام",التارع العادياتائها ومشوشا ؛ والاكيف نغلل النجاح الاتشائي في عام
و في شكلها السائد وفق البحوث العلمية المتقدمة، و ما يتبعها من أحداث,وفي شكلها السائد وفق البحوث العلميد المتقدمة ووما يتبعها من أحداث
رجوعه إلى هذا الشعر والى ما ورد على ألسنة الشرّاح,رجوعا إلها هذا الشعر وإلسه ما ورد علد ألسنة الشراح
نظراً لأهميه ثمار التفاح على النطاقين العالمي والمحلي ، من الناحيتين الإقتصاديه,تظراً لإهميه لثمار التقالى على النطاقين العالمي والمحلي ، من النأحيتن الإقتصاديه
الفرنسية حذوها في العمل في اثناء القرن الثاني عشر ؛ وكان ماعقد من الاتفاقات,الفرنسيية حدوها في هذا العمل في اتناء القرن الثاني عشر؛ وكان ما عقد من الاتفاقات
الكنل الهدائيه ذ#ات العواصف الرعديه رالبرقيه نر الددران,الكتل الىيوائيه ذوات العواصف الرعديه والبرقيه نز الددران
الإختراع تهدف إلى ضمان الأمانة العلمية خاصة إدا كان الشيء المخترع ذوا,الإختراع تهدف إلى خمان الأمانة العلميية خامة إدا كان الشي المخترع ذوا
سيدة الشجر، لا عند العرب وحدهم بل عند قدماء الساميين,سيدة الشجر، لا عند العرب وحدهم بل عند قدماء الساميين
الجوي تقل عن درجة الصفر المئوي بكثير ولانعدمت الحياة,الجوي تقل عن درجة الصعر المئوي بكير ولاتغرمت الحي
"ويعرف باسم ""جغرافية بطلميوس"" . وهنا الكتاب شهرة واسعة، وقد درس في أكثر","ويعرف باسم ""جغرافية يطلميوس"". وهنا الكتاب شهرة والسعة، وقد درس في أكثر"
أحيانا قد تؤدي ضغوط هذه السوق الجديدة للكتب,أحياناً قد تؤدي ضغوط هذه السوق الجديدة الكية،
فقلت لرجل إلى جنبي: ما لأبي فلان يضيع سمن القوم ويسئ المؤاكلة,فقلت لرجل إلى جنيي: ما لأبي فلان يضيع سمن القوم وبيسمة المؤاكلة
إلى مجموعة كبيرة من السلبيات في الاقتصاد الأمريكي أو إلى مجموعة كبيرة من الإيجابيات,إلى مجموعة كبرة من السلبيات في الاقتصاد الامريكي أو إلى مجموعة كبيرة من الإيجهاسات
مئوية عن المعدل العام . تاثرت مخزونات المياه في منطقه الهارتز بالنقص الحاصل في كميات الأمطار والثلوج,مؤدة عن المعدل العام . تاثرت محترونات المياه في منطقه الهارتر بالنقدص الحاصل في تميات الامطر والتلوح
الراجعة حالة التوازن : الوضع الحالي للنظام النهري يعكس توازن,الراجعة حالة التوازن: الوضع الحالي للنظام النعري يعكس توازن
خريجي الثانوية إى الجامعات  والـ  30 % إلى المعاهد المعنيه ، ورغم هذا فإن الإسبان -,خريجي المنانوية إى الجامعات وال0% إلى المعاهد الضنيه، ورغم حدذا يإن الإسبان.
المستدامة .,المستدامة.
شخص في حين بلغت الخسائر الإقتصادية 5 مليارات دولار,شخرصر في حين بلغت الخسائي الإقصادية # مليارات دولار
الشمسي مباشرة إلى تيار كهربائي و ذلك باستخدام,السمسي مباشرة إلى تيار كهربائي وذلك بإست خدام
و البئة الطبيعية أيضا ، هي التي أثرت - على رأيه - في طبع العربي,والبئة الطبيية أيضا، هي التي أثرت على رأيه - في طبع العربي
ويسق بكأس الغيظ .,ويسيقه بكأى الغيط.
الغربي وفي شمال العربيه السعيده و غربها  وان الأنباط يقيمون في الأرضين,الغريي وفي شمال العربيه السعيده وغربها وأن الأنباط يقيمون في الأرضين
أنهم يقصدون بها البادية الواسعة الفاصلة بين العراق والشام، أي البادية المعروفة عندنا,أنهم يقصدون بها البادية الواسعة الفاصلة بين العراق والشام، أي البادية المعروفة عندنا
لعب دوراً اساسياً في تعاظم ظاهرة الاحتباس الحراري وفي التغيير الذي,لعب دوراً اساسياً في معاظم ظاصرة الاحتباس الحراري وفي التغير الذي
في وحدة المساحة ، وهذا يعني زيادة الإنتاج الذي يتم الحصول عليه بأسرع وقت .,في وحدة المساحه، وهذا يعني زيادة الإنتاج الذي يتم الححول عليه بأسرع وفت.
في عهد الخليفة عمر لا تزال ثائرة تخرج النار منها . وقد ذكر إن سحب,في عهد الخليفة عمر لاتزال ثائرة تخرج النار منها. وقد ذكر إن سحب
وإقتلاع الالاف من الأشجار المعمرة وتخريب الطرق وتهديم الجسور,وإقتلاع الالاف من الأشجار المعمرة وتخربب الطريق وتهديم الجسور
فإن نبهك التصفح لها على عيب قد أغفلته عرفت مكانه فاجتنبته . فإن كان عتيراً ظاهراً,فإن نبهك التصفع لها على عيب قد أغمفلته عرفت مكانه فاجتبنه . فإن كان عتيداً ظاهراً
الحراري هي المسؤلة عن إرتفاع درجة حرارة الأرض والتغيرات المناخية.,الحراري هي المسؤلة عن إرتفاع درجة حرارة الأرض والتغيرات المناخية.
هذا المصطلح حيز  الاستخدام  الشائع منذ  انعقاد مؤتمر الأمم المتحده,نواحدة وحيشة وهي الهمدروماليقي وتايلاتد وإترونيا.
في العام الماضي، هددت تلك الموجه أحيانا باكتساح العديد من المعالم القديمة على ساحل,في العام الماضي، هددت تلك الموجة أحيانا باكتساح العديد من المعالم القديمة على ساحل
تتأثر حركة الأرض في مدارها حول الشمس بالتغير الطفيف في محور دورانها,تتأثر حركة الأرض في مدارها حول الشمس بالتغير الطفيف في ملحور دورانها
المتدفقة من تركيا وسوريا وإيران في زيادة إنخفاض مناسيب المياه في شط العرب مما,المتدفقة من تركيا وسوريا وإيران في زيادة إنخفاض مناسيب المياد في شط العرب مما
وكائن له هذه الفوائد والمنفعة، ينمو ويثمر بسهولة ويُسر,وكائن له هذه الفوائد والمنفعة، ينمو ويثمر يسهولة وييسل
"للعام الدولي للإسكان الذي أحيته الأمم المتحدة تحت عنوان "" العام الدولي للإسكان","للعام الدولي للإسكان الذي أحيته الأمم المتحدة تمت عنوان ""العام الددلي للإسكان"
"بطلميوس"" العالم الجغرافي الشهير، وقد قصد به برية شبه جزيرة","""بطيلموس""العالم الجغرافي الشهير، وقد قصدبه برية شبه جزيرة"
في نفوق مئات الألاف من الماشية وإلى موت المحاصيل الزراعية مما يفاقم من اشتداد,في نفوق مثات الألان من الماشية وإلى موت المحاصيل الزراعية مما يفاعم من اشتداد
سلفه ، سوني ريدر ، غير إن حايميز كيندل عن غيره هو خاصبة واحدة جديدة :,سلفيه، سوني ريدر، غير إن حايميز كيندل عن غيره هو خاصبية واحدة جديدة:
الابتذال والانحطاط تلحق بكتاب الادب، لا بالشعب.. إذ بأية حال من الاحوال لا يمكن,الابتذال والانحطاط تلحق بكتاب الادب، لا بالشعب.. إذ يأية حال من الاحوال لا يمكن
مقدمة : مع تطور زراعة التفاح على النطاق العالمي والتي انتقلت تدريجياً من,مقدمة : مع تطور زراعة التقاع على النطاق العالمي والتي انتقلت تدريجيياً من
وخلوها من الماء والمراعي ولكثرة هبوب العواصف الرملية فيها،,وخلوها من الماء والمراعي ولكثرة هبوب العواصف الرملية فيها،
مئات # ألالاف من مناطق سكناهم و عيشهم ، هددت هذه الفيضانات,عتات ## ألااف من مناخق سكناهم وييشهم، هدرت هذه الفيضانات
وتمتاز بوجود مرتفعات جبلية. تزداد سرعة الرياح كلما اقتربنا في هذه المقاطعة,وتمتاز بوجود مرتفعات جبلية . تزداد سرعة الرياح كلما اقتربنا في هذه المقاطقة
بل كان الدافع له رغبة القراء الشفوفة في الحصول على الجزء القادم . ومثلما,يل كان الرافع له رغبة القراء الشفوفة في المصول على الجزء القادم . ومثلما
هي متعددة   المعالم سواء تعلق الأمر بالآثار الأنثروبولوجية ، أو  بالانجازات,هي متعددة المعالم سواء تعلق الأمر بالآثار الأنتروبولوجية، أو بالانجازات
كتلته عن مجموع كتلتي الهيدروجين، وهذا الغرق يتحول إلى طاقة هائلة،,كتلته عن مجموع لتلي الهيدوجين ، وهذا الغرق يتحول إلى طاقة هائلة،
"ويشترك في تلقي هذا الأثر جميع البشر مهما تتفاوت حظوظهم من الحضارة , لكن",ويشترك في تلقي هذا الأثر جيع البشرمهما تدفاوت حظوظهم ص الحضارة ولكن
الشام، في منطقة حوران، ولا سيما في الصفاة، وتوجد في المناطق الوسطى، وفي المناطق,الشام، في منطقة موران، ولايما في الصفاة، وتوجد في المناطق الوسيطن، وفي المفاطق
الذوبان السريع لجبال الجليد في القطبين الشمالي والجنوبي وجبال,الذربان السريع لجال الجليد في القطبين الشمالي والحنوبي وجبال
"سبأ وذو ريادان و ابنه ""شمر يهرعش""  وللملك ""ياسر يهنعم"" نص آخر","سبادد ورياءات وابفهه تمر يهرعن"": وللملك"" فيإسويهنعم"" نص اخر"
لتقفنا على حقائق خصيرة ، وتمدنا بفوائد جليله من شأنها أن تسعف العربيه,لتعضاً على حقائق خطيرة، وتعدنا بفوائد حليله من شأنها أن تسعف العربيب
امزراعه الكثيفة والعالية الكثافه فلا تعر طويلاً .,الهزراعدد الكتيفة والعالية الكثافن فلاتعر طويلاً.
"فسالت إلى الأرض المنخسفة مياه البحر العربي، ولو تم الخسف، وامتد إلى ""طور سيناء"" فشطرها،","فسالت الى الأرض المنخسفة مياه البحد العربي، ولوتم الحسف، وامتد إلى ""ظفر سيناء"" فشطرها،"
المادية الكبيره التي صاحبت الفيضان والمعانات الانسانيه التي تمخضت عنه ،,المادية الكبسيره التي صاحت الفيضان والمعانات الانانيه التي تمخصت عنه،
"""مارس"" من سنه 1884 م، وكانت الحاله السياسية في ذلك الزمن مضطربه،","""مارس"" من منه 1199م، وكانت الحاله الياسية في ذلك الأمن مضط بها،"
الطاقة من الذرة بواسطة الإنشطار ، احتواء قضبان الوقود الستعملة فى,الطلاقة ون الذرة بواسطة الإنشطار، احتواء قضبان الوقود المستتعملة في
إلى غيوم كثيفة تقوم بدور أساسي في العمليات المناخية حيث يقوم بعضها,إلى غيوم كثيقة تقوم يدود أساسى عني العمليات المنافيةة حيث يقوم بعضها
والتسيير الجماعي ، تبدو وكأنها تقدم نوعاً من المشروعية للمقاومة ، ذات النزوع نحو التمركز ،,والتسيير الجماعي، قبدو وكأنهها تقدم بوقاً من المشروعية للمقاومة، ذات النرو خو التمر كذت
الشموع والمشاعل تستخدم فى الإضاءة الإصطناعية ، ولم تكن هناك,الشموع والمشاعل ستخدم مي الإضاءة الاصيطتاعية، ولم لكتي هفاك
فانتاجية العامل الياباني مرتفعة ، فهو يعمل عددا   من الساعات يفوق مثيله في دول العالم,فانتاجية العامل الياباني مرتفعة ، فهو يعل عددا من الساعات يقوق مثيله في دول العالم
خلال الألعاب و الأنشطة  الفنية وأشكال التعبير الأخرى. ويجب,خلال الألعاب والأنفيطة الفنية وأسكال التعبير الأخرى. ويجي
تخصص ، ويشترك للالتحاق بالتعليم المتخصص إنهاء الدراسة الثانوية الإلزامية على الأقل ،,تخصص، ويشترك للالتحاق بالتعليم المتخصص إنهاء الدراسة الثانوية الإلزامية على الأقل ،
إلى إندفاع الماء وبقوة إلى المدن والقرى والذي أدى إلى غرق المدن,إلى إندفاع المساء ولقوة إلى المدن والقرى والذي أدى إلى غرق المدن
جزيرة مدغشقر المحاصيل الزراعية لأكثر من 200 ألف مزارع .,جزايرة هد غشقر المحاصيل الزراعية لأكثر من 200 ألف مزارع.
الأمريكية وحدها  كانت مجموع الخسائرالمادية الناتجة عنها 62  مليار دولار أمريكي. أما العام 2005  فقد كان عاماً,الأمريكية وحدها كانت مجمع الخسائر العادية الناتجة عها 25 مليار دولار أمريكي. أما العام 2007 فقد كان عاماً
بالرحعانات والأختيارات السياسية ولكن أيضاً بالسياقات المختلفة والظرفيات الداخلية والخارجية # التي,بالمرطهانات والأختيارات للسياسية ولكن أيضاً بالسياقات المختلفة والظرفيات الداخلية واخارجية # للتي
فان ربط اللون بالمنطقة الجغرافية غير دقيق خصوصاَ في سلالات النحل القياسية,فان ربط اللون بالمنطقة الجغرافية غير دقيق خصوصاً في سلالات النخل القياسية
الظاهرة شبيهة إلى حد بعيد بالدفيئات الزجاجية وأن هذه الغازات و التلوث يمنعان,الظهرة شيععة إلى حدمص بالدفيئات الزجاجية وأن هذه الغازات . التلوث يمنعان
وعدم استقرار موظفي الوزارات والمسؤولين الإداريين ، عدم الاعتبار الممنهج للاستحقاق,وعدم استقرار موظفي الوزارات والمسؤولين الاداريين . عنم الاعتبار الممنهج للاستخقاق
الطاقة الكهربائية:حيث لا يوجد مصدر طبيعي للكهرباء والسبب,الطاقة الكهربائية: حيث لا يوجد مصد رطبيعي للكهرباء، والسبب
كا لإشراف العام,كالإشراق العام
جزيرة العرب,جزرة العرب
تتضمن الاطفال والشيوخ والمرضى وغيرهم من الاشخاص غيد القادريق,تتضمق الاطفال والشيوخ والمرضي وغيرهم من الاشغاص غيو القادريق
مدرسة فنية غير قابلة للتجدد؛ لأن التصور الإسلامي للوجود، والذي,مدرسة فنية غير قايلة للتجدد؛ لأن التصور الإملامي للوجود، والذي
أواخر الخميسنيات وبداية الستينيات من القرن الماضي أما الاستخدام الأول لهذا,أواضر الخميسييات وبداية الستيئيات من القرن الماضي أما الالتخدام الأول لهذا
على هذا الكوكب . تلعب غازات الدفيئة دوراً مهماً في رفع درجة,على هذا الكوكب . تلعب غازات الدفيئة دوراً مهماً ي رفع درجة
في الآراء . حيث بدا  أن  أوامر التجارة تهدد السلطه التقليديه للناقد.  هل يمكن أن,في الآراء . حيث بدا أن أوامر التجارة تهدد السلطه التقليديه للناقد. هل يمكن ان
عن عملها الذي كان قيد الإعداد .# كانت مثل تلك الفرقعة أمرا,عن عملها الذي كان قيد الإعداد. # كانت مثل تلك الفوقعة أمرا
و في إضافة بعض المصطلحات أو في نقصها . أما من حيث العموم ، فإننا نجدهم يتفقون,وفي إضافة بعض المصطلمات أو في نقصها . أما من حيث العموم، فإنضا تجدهم يتفقون
ظهر في القرون الحديثة، وصف بلاد العرب، ولفت أنظار العلماء إلى المسند,ظهر في القرون الحديثة ، وصف بلاد العرب، ولفت أنظار العلماء إلى المسند
"للنيوترونات ، ومن الأمثله على ذلك مفاعلات "" كندو"" الكندية ،","للنيوترونات أومن الأمثله علمى ذلك مفاعلات ""كندو ""الكتديةي"
"بتلث الت إسمية القديمة.  ويستعمل اهل العراق في الوقت الحاضر لفظة اخرى، هي ""الشرحية""، أي ""الشرقية""","بتلث الت إمية التريعة. ورستعمل اهل العراف في الوقت الحاضر لفطة افرى، هي الشرجية إفي ""الزفية"""
غازي الأوكسجين وثنائي أوكسيد الكاربون تختلف عن نسبة نفس الغازين في الهواء الخارج من,غازي الأوكسجين وثنائي أوكسيد الكاربون تختلف عن نسببة نفس الغازين في الهواء الخارج من
مع أن اصلهم من جنس آخر . وفي ضمن هؤلاء قبائل عربية عديدة ضاع اصلها,مع أن اصلمهم من جنس آغر وفي ضمن هؤلاء فمبائل عربجية عديدة ضاع اصلها
قادرين على تذكر وتمثيل جوانب متنوعة من الواقع والتعبير عنها من,قادرين على تذكر وتمثيل جو أنب متنوعة من الواقع والقعبير عنها من
المواد العضويه,المواد العضويه
المشرف بمعنى قد يكون الطالب مبدعاً والمشرف غير ذلك وبالتالي وفي كثير من الاحيان,المشرف بمعى قد يكون الطالب مبدعاً والمشرف غير ذلك وبالتالى وفي كثر من الاسيان
بتد فق مياه البحر أثناء المد والجزر . أما الأن فإنها تستخد م التوليد,بتدفق مياه البعر أتتاء المد والجزد . أما الأن فإنها تستحدم التوليد
لا نتمكن من الاطمئنان إلى هذه الاخبار والروايات المدونة في الموارد,لاتتمكن من الاطمئنان إلى هذه الاخبار والروايات المدونة في الموارد
بالمعنى المفهوم من الكتاب فذلك ما أشك فيه,سالمعنى المفهوم من الكثاب فذلك بااسك فيه
الطلاب الذين يدرسون بهذه الجامعات والمعاهد أكثر من خمسة ملايين,الطلاب الذين يدر مون بهذه الجامعات والحعاهد أكثر من كمسة ولايير
والأوضاع غير مساعده، والفوضى عامة في بلاد اليمن، ولم يكن للحكومه على القبائل,والاوضاع عو مساعده، والفوض عامة في بلاد اليمن ، ولم يئن للحكومه على القبائل
بـ 1× 10 16 قدم مكعب,و11515 قدمم مكمه
التي التفطتها الاقمار الصناعية اعنياراً من العام 1979 تشير الى ان,التي التقطتها الاقمار الصناعية اعنياراً من العام 1190 تشير الى ان
لأن الغازات السامه  لهذهـ  الحرائق تمتد إلى البلدان المجاورهـ ولا تقف عند,لأن الغازائ السان لهذه الحرائق تمتد إلى البلان المجاورهـ ولائقف عند
مما يعني ازدياداً في الاحترار الكوني و اختلالاً في انماط الطقس,عما يضي ازدياداً في الاحترار الكوي واختلالاً في انغاط الطقي
أفريقيا وأمريكا الجنوبية وجنوب # شرق آسيا إلى موت الأحراش والأشجار,أفريتيا وأمريا) المنوبية وجوب ## سرق اسيا إلى موت الأحراش والأشمار
حرارة وفي  الرؤوس شهامة . العلم نور الجهل ظلام ومن طبيعة النور,حرارة وفي الرؤوس شهامة . العلم نور والجهل ظلام ومن طبيعة التور
كل منها على حزم من الفوتونات ،وتختلف الموجات الكهرو مغناطيسية,كل منها على حزم من الفوتونات، وتختلف الموجات اللهرو معناطسة
الحجاز الذهب والفصة ومعادن أخرى، فوجدت أماكن عديدة، استغلت,الججز الذهب والفصة ومعادن تخرى، فوجدت أماكن عديدة، استعلت
جزيرة العرب، حيث تجد فراغا واسعا، وهو أمر يدعو إلى التساؤل عن الأسباب التي دعت,جزيرة العرب، حيث تجد فراغا واسعا، وهو أمر يدعو إإلى التماؤل عن الأساب الت رعت
تعاني الغابات الطبيعية في العالم إلى عمليات إبادة وقطع نتيجة للتوسع السكاني (العمراني)وزحف الـمدينة إلى الريف,تعاني الغابات الطيعية في العالم إلى عمليات إبادة وقطع نتجة للتوسع السكاني (العمراني، وزكن المسدينة إلى الريف
هذا وقد عرف العرب ان الروم يسمونهم ساراقينوس فقد ذكر المسعودي ان الروم إلى  إلى هذا الوقت,هذا وقذ عرف لعري ان لاروح ييموهغ سارا فينوس ققد ذكر المسعوي ان الاروم إلى إلى هزر الوض
بعد # بإشعاع الحرارة #الى الغلاف الجوي. كما و تؤدي البراكين في كثير من,بعد # بإشعاع الحرارة إلى الغلاف الجوي. كما وتؤدي البراكين في كثير من
بينها وتتحررمن قوة الشد التي تربطها بالجزيئات الأخرى,بينها وتتعررمن قوة الشد التي تربطها بالجزيئات الأخرى
الأطول من سطح الأرض وكلما زادتركيز هذه الغازات في الهواء فإن الإشعاع الشمسي,الأطول من سطح الأرضد وعلما زاد تركيز هذه الغازات في الهواء فإن الإشعاع الشمسي
الي الأرض .,الي الأرض.
ويقال : إنك متى وضعت مسرجة فيها مصباح وأخرى لا مصباح فيها لم تلبث,ويقال: إنك متى وضعت مسرجة فيها مصباح وأخرى لا مصباح فيها لم تلبث
إلى الخامسة والنصف عصراً . -  يوجد فكرة جمع المدارس,إلى الخامسة والنطف عحراً.- يوجد فكرة جمع المدارسن
وطريقة سقوط الأشعة الشمسية على الأرض اذ تسقط عند خط الاستواء.,وطريقة سقوط الأشعة الشمسية على ألأرض اذ تسقط عند خط الاستواء.
استقى أخباره عن بعض الأمور المتعلقة بالنصرانية .,استقى أخباره عن بعض الأمور المتعلقة بالنصرائية.
تتعرض الكثير من الدول العربية الغير نفطية إلى ظروف إقتصادية أقل ما يقال عنها أنها,تتعرض الكثير من الدول العربية الغير نفطية إلى ظروق إقتصادية أقل ما يقال عنها أنها
تمدرس الأطفال المغاربة وتزويد الإدارة والاقتصاد الوطنيين بالأطر,تمدرس الأطفال المغارية وتزويد الإدارة والاقتصاد الوطنيين بألاط
إلى هيمنة التمركز المفرط  لإدارة الصحة، وضعف تطور المرافق الجهوية، وأزمة,إلى هيمنة التمركز المفرط لإدارة الصعة، وضعف تطور المرافق الجهوية، وأزمة
الطبقات الثلاث -أهل المدن أو الطبقه الوسطى العاملة . وقوامها الخبازون والتجار،,الطبقات الثلات - أهل المدن أو الطبقه الوسطى العاملة . وقوامها الخبازون والتجار،
ومكافحة الآفات وذلك عند المستوى الاحتمالي 0.01 للحجال,ومكاحة الآفات وذلكه عند المستوى الاصتمالي 29. للحجال
السياسية  والاقتصادية والاجتماعية . أما  اتجاهه الثاني فيتمثل  في  التمكن,السياسية والاقتصادية والاجتماعية . أما اتجاهه التاني فيتمتل في التمكن
و يعتبر تسخين المياه لغرض الإستعمال المنزلى من,ويعتر تسحين المياه لقرض الإستعمال المتزلى من
وهناك أمثلة عدة في مجالات عدة مختلفة # شملت : الزراعة ،الفلك ،الرياضيات ،,وهناك أمثلة عدة في مجالات عدة مختلفة # شملت: الزراعة ، الفلك، الرياضيات ،
ولما كانت الأمطار رحمه ونعمه كبرى إذا انحبست نفقت إبل العرب ومواشيهم صار انحباسها,ولما كانت الأمطار رحمه وتعمه كبرى إذا انخست نفقت بل العررومواسيهم صار انحيا
في تقديم كل جديد باللغة المحلية .,في تقديم كل جديد باللغة المحلية.
"وعند انتهاء الدرس تبدأ التذرية ، والمذراة كالدقدان, ولكن # أصابعها خشبية ، ويحمل",وعند انتهاء الدرس تبدأ التذرية ، والمذراة كالدقران، ولكن # أصابعها خشبية، ويعمل
"و أما جزيرة ""تاروت"" الصغيرة التي في هذا الخليج فالظاهر إنها جزيرة في جغرافية","وأما جزيرة ""تاروت"" الصغيرة التي في هذا الخليج فالظاهر إلنها جزيرة في حغراعية"
الأدب الشعبيى بالفصحى يجعله يتنازل عن قدر كبير من الحرية الشفوية,الأدب الشعبي بالفصحى يجعله يتنازل عن قدر لبير من الحرية الشفوية
وفي كتير من الاحيان بشكل مباشر في # إندلاع حرائق الغابات كما هد حاصل في غابات,وفي كير من الاحيان بشكر حياشر في # إند لاع حرائق الغاباتة كما هد ححل في غايار
ابن الكلبي وفي مؤلفات الهمداني الذي عاش بعده.,إبن الكلبي وفي مؤلفات الهمداني الذي عاش بعده.
فيها توالت بعد ذلك المؤتمرات والندوات العلمية,فيها توالت بعد ذلك المؤقمرات والندوات العلميه.
وهو يدرك الواقع ، ولكن المسألة ليست بهذه البساطة؛ لأن تجريد النظر إلى الواقع من الفكر المسبق ليس كافيًا.,وهو يدرك الواقع، ولكن المسائة ليست بهذه البساطة؛ لأن تجريد الظر إلى الواقع من الفكر المسبق ليس كاقيا
نمواً و الأسرع على المستوى العالمي في الطاقات الجديدة ، وتحتل,نمواً والأسرعه على المسوى العالمي في الطاقات الجد يدةا ، وتمتل
التي اصابتها عبر التاريخ,التي اصابتها عبر التاريخ
في زيادة نمو النباتات لإعتمادها عليه في عملية التركيب الضوئي.,في زيادة نمو النباتات لإعتمادها عليه في عمليه التركيب الخوئي.
"وكانت في جملة ما درسته هذه البعثه نظم الـ ي في مملكة ""قتبان"" . و","وكانت في جملة ما درستته هذه البعثه نظم الي في مملكة دقتبان"".و"
# وفي  إلحاق الكذب بمرتية الصدق وفي # حط الصدق إلى موضع الكذب وأن الناس يظلمون,# وي إلحام الكذب بمرئية الصدم وفي #حط الصدق إلى مرضع الكذب وأن الناسي يطلمون
جهاز قياس تركيزات الغازات والموجود في القمر الصناعي الأوربي,جهاز قياس تركيزات الغازات والموجودفي القمر الصناعي الأوري
يؤدي إلى مضاعفة الإختلال بين شمال  الكره الأرضيه المشبع بالمياه بنسبة ارتفعت,يؤدي إلى مضاعفة الإختلال بين شمال الكره الأرضيه المشبع بالمياه بنسية ارتفعت
الجبليه وفي المرتفعات المتصله بها التي في شرق البحر الميت وفي شرق,الجبليه في المرتفعات المتصله بها التي في شرق البحر المين و في شرق
عن طريق امراره على محلول كاربونات الكالسيوع حيث يتعكد المحلول يتحول الى اللون,عن طريق امراره على محلول كاربونات الكالسيوع حيث يتعكر المعلول يتحول إلى اللون
سلبياً او ايجابياً .,سليياً أو ابجابياً.
# # #  تنام  الشعور ##  بالإحباط و اليأس . و لعل الظواهر,# # # تنام الشعور # بالإجباط واليأس. ولعل الظواهر
الإبداعية: الإستفادة من موهبة المبدعين والمخترعين سيساهم في,الإبداعية: الإستفادة من موهببة المبدعين والمخترعين سيساهم في
فقد كان الرجــال إذا  التقوا يسلم بعضهم على بعظهم على بعض باليد ، كأن هذا عهد منهم بالمسالمة,فقد كان الرجال إذا التقوا ييلم بعضهم على بعظهم على بعض باليد، لكأن هذا عهد منهم بالمسالمة
"عدة تعرف ب ""بساتين القرح""، وعلى مقربة منها ""سقيا يزيد"" أو ""قصرعنتر""","عدة تكرف ب ""بساتين القرح"" وعلى مقربة منها ""سقيا يزيد"" أو ""قصر عنتر"""
نلاحظ من جدول 3 أن عدد سكان الأرض قد إزداد حلال القرن الثامن عشر #,نلاحظ من جدول 1 أن عدد سكان الأرض قد إزدداد خلال القرن الثامن عشر #
مؤثرة عند بداية الثورة الصناعية. إن تضاعف عدد سكان الكرة الأرضية,مؤثرة عند بداية الثورة الضاعية . إن تضاعف عدد سكان الكرة الأرضة
من تجار التمور، ولا يوجد مكان في جزيرة العرب فيه ماء، إلا,من تجار التمور ولا يوجد مكان قي جزيرة العرب فيه ماء، إلا
و الطحالب و بعض انواع البكنيريا من الاستفادة من غاز ثنائي الكربون الموجود,فيالطجالب وبعض انواع البكنيريا من الاستفارة من غاز ثفاتي أكسيد الكربون الموجور
العلمية إلى قسمين : 1- الأطروحة التقليدية : يجب تحقيق الهدف الرئيسي .,الععمية إلى قمين : ا- الأطروحه التظلياية : يجب تحقيق الهدف الرئيسي.
و للأشعة فوق البنفسجية أهمية حيوية للانسان و الحيوان لدورها في,وللأشعة فوق البنفسجية أهمية حيوية للانسان والحيوان لدورها في
نوع المنتجات. وكانت نعابات الحرف تقوم بما تقوم به نقابات التجار من,نوع المنتجات . وكانت نعابات الحرف تقوم بما تقوم به نقابات التجار من
على سواها و أنه لم يوفق لرشدهـ حيث آثرها .,على سواها رأن ع يونن لرحه سيه أحره.
"""كامل"" ""جامل""، أي انتقم، مع أنها تعني ""حمل"" أيضاً  و","كاصل"" ""جامل""، أي انتقم، مع أنهرا تعنى ""حمل ""أيضاً."
وفي الإطار نفسه ، يلاحظ   أن  الرفع من مستوى التنمية البشرية ببلادنا يبقى رهينا,وفي الإطارنفسه، يلاحظ أن الرفع من مستوي الشمية البشرية ببلادنا يبقى رهينا
على جدول أعماله :الإمكانيات والظروف السياسية والإقتصادية والإجتماعية والفنية,على جدول أعماله: الإمكانيات والظلروف السياسية والإقتصادية والإنجتماعية والقنية
جاءت الهجرة الهلالية  وهنا لابدأن ألقي بعض الضوء,جاءت الهيجرة الطلالية وهنا لايد أن ألقي لعجن الضوء
المناخي ،كانت أولى هذه # الإجراءات هي زيادة الضريبة المتحصلة على الوقود وبشكل,المناخي، كانت أولى هذه # الإجراءات هي زيادة الضرية المستحصلة على الوقود وبشكل
1987 ، 1995 ، 1997 ، 1998 و 2001-2005 هي السنوات الأكثر حرارة متذ بداية تسجيل,11995، 19911 199،1990 و2000. 2000 هي السنوات الأكثر حراته متد بداية تسجيل
وقد أدخل الدستور  الأسباني لعام 1979م ومرسوم الاندماج الاجتماعي لعام 1982م الخاص بالمعافين,وقد ادخل الدستور الأسباني لعام 1999م ومرسوم الاندماج الاجتماعي لعم 19990م الخاص بالمعاغين
القيمة فتتساوي كفتي الميزان بما يُشعر المبدع بالإحباط وعدم معرفة قيمة تفكيره,القيمة فتتساوي كفي الميزان بما يشعر المبدع بالإحباط وعدم معرفة قيمة تفكيره
الواقعه ما بين مدينة أمستردام الهولنديه ومدينة فرانكفورت الألمانيه .,الواقعه ما ين مدينة أمستردام الهولنديه وهديية قر الكفورت الألمانيه.
مدينة صبيا المعروفة,مدينة مبين الععروفة
إلى احتباس الحرارة داخل الغلاف الجوي في تغيرات المناخ ، ويقدر العلماء أن ترتفع,إلى احتباس الحرارة داخل الغلاف الجوي في تغيرات المناخ ، ويقدر العلماء أن ترتفع
لأشجار الغابات الإستوائية,لأشجار الغابات لإستوائية
التي تعيق الاتصال .وتلعب المراوح والهول الفيضية دور الحواجز لمنع الأتصال,التي تعيق الاتصال. وتلعب المرو# والسهولى الفيضية دور الحواجر لميع الاتصال.
الجافة في الكرة الأرضية،,الجافة في الكرة الأرضية،
أوكسيد الكربون والتي نتجت عن النشاطات البشرية قد تؤدي,أوكسيد الكربون والتي نتجت عن النشاطات البشوية التي قد تؤدي
لى الفضاء على البلانكتون البىحري وبذلك تىحطم السلسلة الغذائيه في البحار,لى الفضاء على البلانكتون البحري وبذلك تتحطم السلسلة الفذايه في البعار
وتتولى السلطة التعليمية في إسبانيا كل من الدولة والمجتمعات المتمتعة بالحكم,وتتؤلى الساطة التعليميمة في إسانيا كل من الدولة والمجتمعات المتمتعة بالحكم
صغيرها ، وقلما كاتت  لها ألواح زجاجية . وكان الخيش أو الورق,هيضيرها، وقما كاتي لها الواح زجاجية. وكان الحنس أو الورق
ثم تقوم بتسليم الراية إلى حضارة أخرى، فنجد الحضارات التي,ثم تقوم بتسليم الراية إلى حضارة أخرى ، فنجد الحضارات إلتي
أخيرا أقول لكم إن تيانجين وإن كانت مدينة ساحلية فإنك لا تراها من البحر,أخيرا أقول لكم إن نيانجين كدانت مدينة ساحية فإنك لاتراما من البحر
تزرع النباتات في البيوت المصمية تقليديا و مباشرة في التربة حيث توفر التربة,تررع النباتات في البيوت المصمية تقليديا ومباشرة في التربة حيث توفر لتربة
الوقود السائل منه، غير أن عملية استخراجه باهضة التكاليف وهو يعتبر من,الوقود السائل ميه ، غير أن عملية استخراجه باحفة التكاليف وهو يعتبر من
كانت تقيم في بادية الشام,كانت تقيم في بادية الثام
الحواضر,الحواضر
استعملها الأولون قبل الإسلام في استخراج الذهب واستخلاصه من شوائبه,اسعملها الأولون قبل الإسلام في استخراج الذهب واستخلاصه من شوائبه
إلا ليلة أو ليلتين حتى ترى السفلى ملآنة دهناً . واعتبر أيضاً ذلك بالملح,إلا ليلة أو ليلتين حتى ترى السفلى ملآنة دهناً . واعتبر أيضاً ذلك بالملح
الهوائية .,الهوائية.
وكان الاقطاع من الوجهة النظرية نظامأ عظيماً .,وكان الاقطاع من الويهة التظرية نظامأ عظيماً.
تصل الى درجة 90 تحت الصفر المئوي في الجزء الأعلى منها .,تصل الى درجة 10 تحت الصفر المئوي في الجزء الأعلى منها.
احتياجاتنا وأرزاقنا هو البحث عن هذا الرزق والسعي حثيثا,احتياجاتنا وأرزاقناهو البحث عن هذا الرزق والسعب حنيثا
"""عماة الطين""   وفي البلدان على طريق النمو يأوي # هذا النوع من العمارة ما يقارب","""عماة الطين وفي البلدان على طريق النمو. يأوي # هذا النوع هن العمارة ها يقارب"
زراعة وتربية وانتــاج النباتات في اوساط اخرى غير التربة,زراعة ومربية وانتهاج النباتات في اوسهط اخرى غير التربة،
المعبرة # عن الشكل  المأساوي ، في بعض # #  الأحيان,المعبرة # عن الشكل المأساوى، في بعض # # الأحيان
100.000 نسمة  فإن اتجاه التطور الذي حصل خلال العشرين سنة,190.900 نسمة فإن التجاد التطور الدي حعل خلال الششرين سنة
على الطاقة الشمسية أو الطاقة الحيو-حرارية.شجع هذا الأجزاء,على الطاقة الشمية أو الطاقة ألحيو- حرارية. سجع هذا الأجزار
الصحراوية و خواصه عن سائر أنحاء بلاد العرب  وأما من الناحية التاريخية،,الصحراوية وخواص عن سائر آنخاء بلاد العرب، وأما من الناجية التاءيخية ،
لن تستطيع الحضارة الوسط أن تقوم بدورها .,لن تستطيع لحصاره الوسط ان تقوم بدورها.
""" العلم قبسة من نور الله وقد خلق الله النور كشافاً مبصراً ، ولاداً للحرارة","""العلم قبسة من تور الله وقد خلق الله التور كشاقاً ميصراً و ولاداً للحرارة"
كل رقيق يجد في نفسه الجرأة الكافية أن يجهر برأيه في,كل رقيق بجد في نفسه الجرأة الكافية أن بجهر برأيه في
يدخل الكربون كمكون اساسي في التركيب الكيميائي للجزيئات,يدخل الكربون كمكون اساسي في التركيب الكيميائي للجزيئات
مما نتج عنه هـ تكون هذا الوقود .,ممانتج عنرهـ تكون هذا الوفود.
لا شك ان هذا العقد الانتقالي من القرن العشرين إلى القرن الحادي والعشرين,لاشك ان هذا العقد الانتقالي من القرن العشرين إلى القرن الحادي والشري
وعلى الرغم من هذه المشاركة الفعالة للمعماريين على مدى السنوات الماضية في,وعلى الرغم من هذه المشاركة الفعالة للمعماريين على مدى السنوات الماضية في
لا و الله ان فلاناً حبسني ولا و الله الا ان فلاناً عزم علي. فأما ما بسثتى و يشترط,لا والله أن ملانا حبسني ولا والله الا ان قلاناً عرج علي. فأماها بيتتى ويتزط
الثلاثة يمكن  أن يتحقق في بيئتنا المحلية عبر المراجعة المتأنية لجوهر هذه الأضلاع,الثلاثة يمكن أن يتحقق في بيئثنا المحلية عير المراجعة المتأية لجوهر هذه الأخلاع
به  حوالي 80 كيلومترا مربع وبعد الانتهاء من بناء ناطحات السحاب به,به حوالى 10 كديو مترا مربع، وبعد الإنتها دهن ننار ناطدات السدارابه
وهي أمور  لم  تسمح للنبات أن يكثر ، ولا للمزروعات أن تنمو، آلآ كلأً مبعثراً هنا وهناك ، و أنواعاً من الأشجار,وهي أمور لم تسمع للنات أن يكثر، ولا تحزروعات أن تنمو الأكلاً مبعزاً هنا ذهناك ، وأنواعة من الأشخار
فهلك من هلك وهاجر من هاجر من جزيرة العرب،وقد استمر هذا,فهلك من هلك  وهاجر من هابر من جزيرة العرب، وقد استمر هذا
ومن الممكن الاستفادة منها في الأغراض الزراعية والصناعية. وقد تكون السيول,ومن الممكن الاستفادة منها في الأغراض الزراعية والصناعية. وقد تكون السيول
المستشفى العمومي. وبفعل المنافسة,المستشفى العمومي. وبفعل المنافسة
المنهج و البحث العلمي ، وكذلك استخدام التربية البدنية,المنهج والدحث العلمي ، وكذلك استخدام التربيه البديية
واضحاً في كمية الأمطار والثلوج الساقطة وسرعة الرياح والضغط الجوي و التشمس والاضاءة,واضحاً في كمية الأمطار والثلوج الساقطة وسرعة الرياح والضخط الجوي والتشعس والاضاءة
بمحض الصدفة أو بتغير الظروف .  ولكن بالتخطيط السليم والعمل الدؤوب الجاد لتحقيق,بمحض الصدفة أو بتغير الظروف . ولكن بالتخطيط السليم والعمل الدؤوب الجاد لتحقيق
في الزراعة و تردي نوعية المياه و زيادة نسبة الملوحة فيها . مرت الكثير من الدول العربية في العقود,في الزراعة وتردي لوعية المياه وزيادة نسبة الملوحة فيها . مرت الكير من الدول العربية في العقود
المقدار ولم يعدل عن الجهة ودليل الدقة والبعد من القسوة . وربما عد,المقدار ولم يعدل عن الجهاة ودليل على الدقة والبعل من القسوة . وربما عل
والعمل في الحضارة الوسط هو العمل الصالح الذى تستفيد منه الأمة والبشرية كلها . كما أن,والعمل في العضارة الوسط هو الععل الصالح الذي تستفيد منه الأمة والبشرية كلها. كما أن
تقوم الكائنات الدقيقه والبكتيريا بتحليلها وتنتج عن هذه العمليه,تقوم الكسائنات الدقيقة والبكقيريا بتحليلها وتنتج عن هذه العمليه
من السفر في الصحراء كانت على الحدود العمانية اليمنية .  بعد أن,ممن السفر في الصحراء كانت على الحدود العمانية اليمية. بعد أن
المسببة لظاهرة الإحتباس الحراري في الغلاف الجوي والتغير المناخي في إرتفاع درجة,المسبية لظاهرة الاحتباس الحراري في الغلاف الجوي والتغير المناخي في إريعال) درجة
الرئيسة,الرئيي
"وفي نوفمبر 2007 ، تقاربت هاتان القوتان أخيرا"" مع الاطلاق الأميركي",وفى نوفمبر 1105) تقاربت عاتان القويان أخيراً مع الاطلاق الأميركي
لغة التعامل الرسمية ولغة التعليم في الجامعات الهندية والمجتمع الهندي,لغة التقامل ولريسمية ولغة التعليم في الجامئات الهندية والمجمع الهندي
به هذة عن تلك .,به هذة عن تكل.
"ملك حضرموت""، و ورد: "" واعر ملك سبا"" ، أي ""و أعراب ملك سبأ""  و كالذي ورد","ملك حضرموت""، وورد: عاعد ملك سبا""، أي""واعراب ملكسبا""، وكالذي ورد"
يعمل معه ، في حين يعتمد 99% من الزداع المبحوثين على العمالة,يعمل معه، في حين يعتمد 29% من الزداع المبحوثين على العمالة
الأمطار، فتنبت الأعشاب، وينتجعها الأعراب . اما الأقسام,الأمطار، فتتبت الأعتاب وينتجعها الأعراب . أما الأقسام
البترول. وكذلك نظراً لما تحدثه هذه المصادر التقليدية من تلوث البيئة,البترول . وكذلك نظراً لما تحدثه هذه المصادر التقليدية من تلوث البيئة
"ويظهر من إشارات ""الهمداني"" اليه، انه قصد # بهذا السجل ""السجل القديم""،","ويظهر من إشارات ""الهمدانيي""، اليه ، أنه فصد # بهذا السجل ""السجل القديم""،"
كما وتخلف هذه الكائنات الحيه مخلفات تقدر بملايين الأطنان,كما وتخلف هذه الكائنات الحيه مخلفات تقدر بملاين الأطنان
الاشعة . يكون سقوط الاشعة الشمسية يشكل عمودي أو شبه عمودي في,الاشعة. يكون سقوط الاثعة الشسية يشكل عمودي أو شبه عمودي فن
وجود هذا النويع في ليبيا جسب الوصف الوارد فالنحل المحلي الموجود,وجود هذا النويع في ليبيا حسب الوصف الوارد فالنحل المحلي الموجور
التأثيرات الضارة للأشعة الشمسية . كما و تقوم هذه الأشعة,التأثيرات الضارة للأعة الشمسية. كما وتقوم هذه الأأششعة
على المستوى الميداني ، وتفعيلها بسرعة مع ايلائها كامل العناية . هذا فضلاً عن أهمية,على المستوى الميداني ، وتفييلها بسرعة مع ابلائهاكامل العناية . هذا فضلاً عن اهيمية
الامراض ومن أبرزها إلتهابات أغشيه الدماغ والحساسيه الجلدية .,الاواض ومن أبرزها إلتتهابات أغشيه الدماع والحسايه الجلديه.
ديلشيس . إن التفليم الجائر عن طريق التقضيب الذي طبق سنويا على الأسجار ، لعب دورا سواء في,ديلشبس. إن النقليم الجائر عن طريق التققيب الذي خبق سنويا عل الاسبجار، لص دور اسوءي
"أن مهرجان هي "" مهرجان وودستوك للعقول "".","أن مهرجان هي ""مهرجان وود ستول للققول""."
المسند أو الكتابات الثمودية والصفوية واللحيانية،,المسند أو الكتابات الثمودية والصفوية واللحيانيت،
"الدكتوراة مباشرة "" . 4 .الجامعات الطبية : إضافة إلى (14) جامعة لتدريس الطب بأنواعه وتحصصاته","الدكتوراة مباشرة "".5 الجامعات الطبيسة، إضافة إلى (11) جامعة لتدريس الطب بأنواعد وتححصاته"
أمور على جانب خطير من الأهمية بالقياس إلى المسلمين، فهل يعقل بقاء أخبار,أمود على بانب نعير من الأهميا بالقياس إلى المسلمن ، فهمل يعقل بقاء أخار
عن شهر أبريل عام 2007 وألذي كان يعتبر الأدفأ في الأحصائيات السابقة .,عن شهر أبريل عام 12.00 وألذي كان يعتبر الأدفأ في الأحصائيات السابقة.
والألغاز ، والنكات ، والنوادر ، ونداءات الباعة ، وشعارات المظاهرات ، والتعبيرات,والألغاز ، والنكات ، والنوادر، ونداءات الباعة ، وشعارات المظاهرات ، والتغبيرات
الكربون . تدخل الإنسان بشكل مباشر في تكوين طبيعية الغابات,الكوبون . تدخل الإنسان بشكل مباهل في تكوين طبيعية الغابات.
وإقتلاع مئات الالاف من الأشجار كما أنه خلف اكثر من 4500 قتيل وأكثر من,وإقتراع مئات الالاف من الأششجار كما أنه حلف اكثر من 1090 قتيل وأكثر من
اتجاهاً جديراً بخصوص فهم أصل العجز والإعاقة ومعناهما ، ومن ثم أرس الأسس,اتجاهاً جديراً بخصوص فض اصل العجز والإعاقة ومعناهما ، ومن ثم أرس الأسسر
فداحتها الحيوان .,مدحيها لحيول.
دوله نوويه عظمى ، ثورة  الاتصالات والبرامجيات فيها  في دروتها ،,دوله نؤديه عظمي، نؤرة الاتصالات والبرامجييات فيها في دروتها،
يعد التدخين من الظواهر الحديثه و التي لم تكن معروفه على نطاق واسع عالمياً قبل,يعد التدخين من الظواتعر الحديثه والتي عم تكن معردته على نطاق واسع عالمياً قبل
من روسيا وجمهورية روسيا البيضاء,من روسيا وجمهورية روسيا البيضاد
وإدماج النخب السياسية والإدارية.,وإدماج النخب السسياسية والإدارية.
(10) ميجاوات و يعتبر سوق تقنيات الكتلة الحيوية حاليا صغير,(10) ميجادات ويقتبر حوق تقيات الكثلة الحيوية اليا صغير
ويفضي التصحر الناجح عن انخفاض حاصل التهطال/البخر-,ويفضي التصحر الناجج عن انخفاض حاصل التهطال عر البخر-
الجفاف الحاد التي يعاني منها ألعراق والمنطقه منذ عقود مضت. تبلغ مساحة,الجفاف الحاد التي يعاني فنها ألعراق والمنطقه منذ عقود مضت . تبلغ ساحة
ببرامج محو الأمية فقط ، أو بإتاحة الفرصة مرة أخرى أمام الفاشلين لمعالجة رسوبهم أو,ببرامج محو الأمية فقط، أو بإتاحة الفرصة مرة أخرى أمام الفاشلين لمعالجة رسوبهم أو
إن مدة بقاء بخار الماء في الغلف الجوي مهي المدة الزمنبة هابين انتبخر,إن مده رقاء بجار الملو في الغلاف المجوي وهي المدة الزميننة هايين التبخد
اوكسيد الكاربون  إنبعاث غازات أخرى مثل ثاني اوكسيد الكبريت والتي تزيد,اوكسيد الكاربون إنبعاث غازات أخرى مثل ثاني اركسيد الكبريت والتي تزيد
مسموعة ومرئية إلى اللغة اليابانية .   و أقبلت اليابآن على الحضارة   الغربية كتلميذ لا كزبون,مسموعة ومرئية إلى النعة اليابانية . وأقيبلت اليابات على الحضارة الغربية تتلميذ لاكربون
وذلك خلال فترة سكون الأشجار أيضاً.  وتم تسجيل معطيات تلك القياسات والقراءات,وذلك خلال فترة سكون الأشجار أيضاً. وتم تسجيل معطيات تلك القياسات والقراءان
لكيندل ، أول كتاب الكتروني يأسر خيال القراء المتخصطين - الناشرون,لكينذل، أول كتاب الكترويب يأسر خيال العراء المتخصطن - الناشرون
للعمل . الهدف من هذه المرحلة وتهتم مرحلة البكالوريا التعليمية,للعمل . الصدف من هذه المرحلة وتهتم مرحلة البكمالوريا التعليمية
سكان جزيرة العربيه #  فوائد عديدة، #حية وميتة، أفادتهم في تقديم ثمرة صارت إداماً للعرب،,سكان الجزيرة العربية # نوائء عديدة، #لميتم ومتة، أفادت هم ي تقديم تمرة صارت إداماً للعرب ،
حقليه وحرق الزارع من قبل الفلاحين بعد موسم الحصاد من اجل تحضيرها للموسم,حقليه وحرق المزارع من تبل الغلاحين بعد موسم الحصاد من اجل تحضيرها للمونم
هذه  الحضارة وأبنائها  أن يستعيدوا تلك  المنطلقات,لعذه الحسضارة وأبنائها أن يسنعيد واتلك المنهال فاتة
"ويقلب القش في الجرن باستمرار كي لا يتعض ""بالدقران"" أو ""الشاقول"" وهو عصا","ويقلب القش في الجرن باستماد كي لايتعض ""بالدقران"" أو ""الشاقول"" وجوعصا"
في السادسة صباح أحد أيام السبت. وبينما كنت أقود فجرا الى المكتب,في السادية صباح أحد أيام السبت . وبينما كنت أقود فجراً إلى المكتب
"الأماكن التي أشير فيها إليه في الجزء الأول، فتبين لي أن علم ""أبي نصر"" بتأريخ اليمن القديم هو على","الأماكان التي أشير فيها إلييه في الجزء الأول، فتبرين لي أن علم ""أبي نضر"" بتتأريدح اليمين القديم هو على"
أن # استخدام البترول في توليد الطاقة.,أن # استخدام البترول في توليد الطاقة
ثقافية مميزة تتمثل في الرسم والكتابة بالحفر على الخشب،,تقافيت مميزة مثمل في عرسم والكتابت بلحفر مل الخشب،
الحمراء.,الحمراء.
النباتيه والحيوانيه وهي تتكون اساساً من مركبات عضويه ولاعضويه,النباتيه والحيوانيه وهي تتكون اساساً من مركبات عضويه ولانضويه
يحصل بعدها الخريج على شهادة الكفاءة . آما اللغات التي يستطيع الطالب دراستها,يعصل بعدها الخريج علد شهادة الكفاءة. إما اللفات التي يسد تطيع الطالبب دراسته ،
الطبقات العليا من المواء,الطبقك العليا من المواء
عن طريق إحداث تفاعل كامل ييت المركب الكيميائي ويين الأكسجين,عن حذيق إحداث تفاعل كاملابيت المدكب الكيميائي وين الأكسيين
المشهور وعنب ميقويشيانغ ذا الرائحة الذكية، كما تشكلت فيها ثقافة,المشعور وعنب ميقومتيالفغ ذا لرائحه الذكية ، كما شبككت فيها ثقافة
او نتيجة للعوامل البشرية والصناعبة الناتجة عن عوادم وسائط النقل,اونينجه للوامل البشرة والصناعبه التي تجة عن عواوم وسائط النقل
من كل ثلاث اشخاص يمتلك وسيلة نقل شخصية وهذه النسبة,من كل ثلاث اشخاص يمتلك وسيلة نقل شخعية وهذه النسية
"الكلاسيكية""  القديمة مثل جغرافية ""سترابون"" . ويرى بعض","""الكلاسيكية"" القديمة مثل جغرافية ""سترابون"". ويرى بعضن"
وانتشار دخانها إلى جنوب الولايات المتحدة الأمريكية.ويمكننا وصف حرائق الغابات بأنها أعظم كارثة بيئية لهذا العقد,واتشار دخانها إلى جنوب الولايات المتحدرة الأمريكية . ويمكتا وصف عرإئق الغابات بأنها فظم كارتة بيئة لهذا العقد
السكان والمنظمات غير الحكومية في تخطيط الاستراتيجيات الإنمائية,السكان والمنظمات غير الحكومية في تخطيط الاستراتيجيات الإنمائية
المعمارية ، أو بالصناعة التقليدية ، أ بفنون الطبخ واللباس ، أو بالاساليب,المعمارية ، أو بالصناعة التقليدية، أبضنون الطبخ واللباس، أو بالاساليب
السنة المذكورة قبل الميلاد . والكتابات المؤرخة بموجب هذه الطريقة,السنة المذكوة قبل الميلاد و الكتابات المؤرخة بموجب هذه الطريقة
أن يكفي استعمال الوقود النووي  .,أن يكني استعمال الوقود التووي.
"""الثعابين الطائرة"" وفزعوا منها عندما كانوا يقطعون البوادي والفيافي في طريقهم","""الثغابين الطائرة"" وفزعوامنها عندما كانوا يقطعون البوادي والفيافي في طبريقهم"
والحقت افدح الخسائر في البيئة ، فضلاً عن الخسائر المادية التي تقدر بمليارات,والحقت اقدح الخساتر في البئة، فضلاً عن الخيائرا لمادية التيى تقد ربميارات
قلة أو إنعدام سقوط الأمطار وتؤدي الى موت المزروعات والمحاصيل والأشجار,قلة أو إلغدام سقوط الأمطار وتؤدي الى موت المزروعات والمحاصيل والأشجار
الهدف الأول هو اعادة تكوين النخب المحلية  بدون شك الأولوية بالنسبة  لأي,الهدف الأول هو اعادة تكوين التخب المحلية بدون ثل الأوطويةه بالنبيية لآى
بها تمثلت بتهريم البيوت والعمارات وإنقطاع التيار الكهربائي عن المدن و,با تمثلق بتهريع البيوت والهمارات وإنقطاع التيار الكهرنائء كن المرن و
مما تقدم أرى انه يجب أن تكون الآراء وان اختلفت لا تخرج عن نطاق,مما تقدم أرى انه يجب أن تكون الآراء وان اختلفت لاتخرج عن نطاق
لتعيش في مناطق اخرى نتيجه التغير المناخي الذي كان #,لتعيش في مناطق اخرى نتيجه التغير المناضي الذي كان #
القادر على خفض هذه للإنبعاثات للغازية.,الطادر على خفض هذ لا لإنيعاثلات للطلزية.
الزراعي التالي ورمي اعقاب السكائر المشتعله من قبل الماره رعدم إطفاء النيران,الزراعي التاي ويفي اعقاب السكائر الشتعله من قبل الاره رعدم احفاء البيزران
الذاتية المطلقة للتفكير والتخطيط ومن ثم التنفيذ للبحث وهنا قد يتحقق الإبداع أو لا يتحقق,الذاية المطلقة للتفكير والتخطيط ومن ثم التنفيذ للبحة وها قد يتحقق الإبداع أو لا يتحقق
الحرارة والضغط الجوي. في الوقت نفسه كلما اقتربنا قمم الجبال,الحرارة والضغط الجوي . في الوقة نفه كلما اقتربنانن قهم الجيال
وفنون مسرحية ، وفنون جميلة ، وتصميم . وتختلف سنوات الدراسة الأكاديمية حسب كل #,وفننون مسرحية، وفنون جميلة، وتصميم. وتختلف سنوات الدراسة الأكاديمية حسب كل #
الصناع . ويقيمون في # بيوت مزخرفه ، ويبتاغون الاثاث الجميل ، ويتفنون,الصناع ويقبمون في # بيوت مزخرفه ، ويبتاعون الاثات الجبيل، ويتفذون
"وصارت تعرف بالمقطعين الأخيرين، و هما ""تاروت""","وصارت تعرف بالمقطعين الأخيرين وهما ""تاروت"""
للطلاب ذوي المتطلبات التعليميه الخاصة المقيدين في المؤسسات .,للطلاب ذيوي المعطلبات التعليميه الخاصة المقيدين في المؤسسات.
وكانت فنون الشرق تستخدم في تزيين القصور والبيوت التى يقيم,وكانت فنون الشرق تستمدم في تزيين الوقون والبيوت الت يقيم
يتكون الطيف الشمس من انواع من الاشعه الشمسية,يتكون الطف الشمسى من أنواع من الاشعه الشمسية
بالحياة العربية بوجه عام ، و بدور اللغة في صياغة تلك الحياة ة و التبعير عنها،,بالحياة العربية يوجه عام ، وبددر اللغة في صياغة تلك الحيات والبعيرعنها،
بدء تصنيع أقراص الأشعة الزرقاء في بر الصين الرئيسي، وذلك بمدينة شانغهاي.,بدء تصيع أقراص الأستعة الزرقاء في بر الحين الرئيسي، وذلك بعدينة شانغهاي.
ولشدة حرارتها التي يصعب احتمالها في أثناء النهار، وأقاموا في,ولسدة حرارتها التي يصعب احتمالها في أثناء النهار وأقامواف
انحداراً شديداً قصيراً.  وسواحلها المهيمنه على البحر، صخريه في أغلب الأحيان. يصعب رسو السفن فيها .,الخداراً شديدأً قصيداً . وسواحلها المهيمنه على البجد، صخريه في أغلب الأحيان . يصعب رسوالسفن فيها.
لهذا تعد طبقة الأوزون درع الأرض الواقي من أثارها المدمرة كما و يعيق بخار,لهذا تعد طبقة الأوزون درع الأرض الواقي من أثارها المدمرة كما ويعيف بخاء
يؤدي التفريغ المائل لهذه الطاقة الحرارية الفائضة إلى اضطراب في توازن البيئة الأرضية .,يؤديه التفريغ المائل لهذه الطاقة الحرارية الفائضة إلى اضطراب في توازن البيئة الأرضية.
قد وضع حجر الأساس لقصه ما أو مثل ما ...في بيئة ما وزمان ما نتيجة تجربة شخصية,قد وضع حجر الأساس لقصة ما أو محلا ما.. فيايئة ما وزمان مانيتجة تجوية شخصية
الطاقة الضوئية:هي عبارة عن موجات كهرومغناطيسية تحتوي,الطاقة الضوئعيية: هي عبارة عن موجات كهر ومغنا طبسية تحنوي
و لا بد من أن تعرفني  الهنات التي نمت على المتكلفين ودلت على حقائق المتموهين,ولابد من أن تعرفي الهنات التي نمت على المتكلفيت ودلت على مقائق المتموهين
وإن تضمنت بعض أسماء يمانية قديمة،,وإن تضمنت بعض أسماء يماية قديمة،
"إلى ""قارين"" #  و الواحد ""قروني""،وهم المستقرون الدين لهم أماكن ثابتة","إلى ""قارين ""# والواحد ""قروني""، وهم المستقرون الدين لهم أما كن ثابتة"
والنقطة  الأهم من ذلك هو ان  الهند  بلد رخيص جداً مقارنة,والنقطة الأهم من ذلك هو ان الهند بلد رخيص جداً مقارئة
منطقية أو قارية أو عالمية . تكون هذه النظرية مناسبة لتفسير مرور,منطقية أو قارية أو عالمية . تكون هذه التظرية مناسبة لتفسر مرور
"قصدهم من ""البحر"" الخليج، وأن لفظة ""الجمل"" ""جملو"" ""كَمَلو""","قصد بهح مي البخر الخليج، وان لفظة الجعل"" ""جملو"" ""تحقلو"""
مما يعيق محور الأرض في الدوران المنتظم في المدار حول الشمس وتغير مدارها,ما ييعيق ملحور الأرض في الدوران المنتظم في المدار حول الشمس وتغير مدارها
ومن المقدر أن يكفني استعمال الوقود النووي بتكلفة غبر باهظة لمدة قرن,ومنا المقدر أن يكوني استعمال الوقود النووي بتكلفة غير باهظة لمدة قرن
والتسونامي والفيضانات والجفاف والتصحر والإنزلاقات الأرضية وحرائق الغابات,والتسوناهي و الفيضانات والجفاف والتصح والإنزلاقات الأرضية وحرائق الغابات
متبانية من الأشعة الشمسية الحرارية. إذ تسقط أشعة الشمس بشكل عمودي او شبه,عتبانية من الأشعة الشمسية الحرارية . إذ تسقط أشعة الشمس بشكل عمودي أوثبه
هيدرات هي مصادر الطاقة .,هيدرات هي مصادر الطاقة.
بالاعتماد على العوامل .,بإلاعتماد على العوامل.
كانت تريد الخير ليس لمجتمعها فقط ولكن للبشرية جمعاء فلماذا,كانت تريد الخير ليس لمجتمعها ففط ولكن للبشرية جيه إء فلهذا
والتتقنية ثم تحويرها وتطويرها بما يتناسب مع المجتمعات والأسواق المستهدفة .,والتقية ثم تحويرها وتطويرها بما يتناسبامع المتمتمعات والأسواق المستهدعه.
طول الفرع حند الصنفين واحدًا تقريبًا ، كما كان مقبولاً أيضًا . أما القروع السنوية الأحبر,خول القرع هند الصنفيع واحداً تقريباً ، كما كان ققبولاً أيضاً . أما القروع السنوية الأكبر
أما حدها الغربي، فارض الحضر في بلاد الشام . وتدخل في العربية بادية فلسطين و,أما حدما الخربي، فارض الحضر في بلاد الثام. وتدخل في العربية بادية فلطين و
كالطبخ والإستحمام والتدفئة والإضاءة والكدي... الخ (المقدادي، 2006). ان نمط,الصبخ والإستحمام والتدفئه والإصاءة والكدي..- الخ (المقداديد ، 00). ان ممط
"الرمال التي تحملها الرياح، وتختقي الشمس، وتؤثر هذه ""العجاجة"" في","الرمال التي تحتملها الرياح، وتختفي الشمس، وتؤثر هذه ""العجاجة"" في"
عام 1472 اول مؤتمر دولي ناقش هذا الموضوع وتم من خلاله الإشارة إلى,عام 1915 إول مؤتمرد ولي ناقص هذا الموضوع وتم من خلاله الإشارة إلى
الأنساب والمثالب والبيوتات ومجامع الامثال والكتب التي ألفت في أخبار,الأنساب والمثالب والبيوتات ومجاهع الامثال والكتب التي ألفت في أخبار
مقداره  25 كم. تتكون عادةً من غازات حفيفة وزنهاالجزيئي,مقداره 25 كم. تتكون عادةً من غازات خفيفة وزنها الجزيئي
ويتفاوت التصحر حسب المناطق المتأثرة وحسب الممارسات الاجتماعية -الاقتصادية,ويتفاوت التصحر حسب المناطق المتأثرة وصب الممارسات الاجتماعية - الاقتصلاية
"أوله حجه العدد ""حجة الغدر""، ولسنة أربعين من ملك كسرى أنوشروان .","أوله ححه العدد"" دجة الهدر""، ولسنة أربعين من ملك كسرى انوشروان."
الجامعات التقليدية : بالإضافة إلى أقسام الجامعات الموحدة توجد أكثر,الجامعات التقليدية : بالإضافة إلى أفسام الجامعات الكوحدة توجد أكثر
الريفيــــة والريفية الصغيرة تحت إدارة واحدة وتستثمر   .,الريفية والريفية تحت إدارة واحدة وتتشم
"بالرجوع إلى مؤلفات ""الهمداني"" وغيره من علماء اليمن لدراستها دراسة نقد","بالرجوع إلىى مؤلفات ""الهمداني"" وغيره من علماء اليمن لدراستها دراسة نقد"
مع زحف المناطق الشديدة الجفاف إلى المناطق الجافة، وزحف,مع زحف المناطق الشديدة الجفاف إلى المناطق الجافة، وزحف
بقايا أنهار جفت، وتسيل في بعضها المياه عند سقوط الأمطار، ومنها,بقاياً أنهار جفت، وتسيل في بعضها المياه عند سقوط الأمطار، ومنها
واعتزال الكتاب في منتصف العمر ، وغلق المكتبات الصغيرة في جميع أرجاء البلاد . وفي الوقت نفسه ،,واعتزال الكتاب في منتصق العمر ، وغلق المكتبات الصغيرة في جميع أرجاء البلاد . ومن الوفت نفسه ؛
من القيم الضرورية والمهمة في حياة الإنسان التي تتحقق له السعادة,من الفيم الضرورية والمهمة في مياة الإنسان التى تتحفق له السعادن
صاحبه ، بعد ان تغيرت المرحله السياسيه  .,صاحبه، بعد ان تغيرت المرحله السياسيه.
"أما حديث ""الإسلام يهدم ما قبله""، فهو حديث لا علاقة له البته بتأريخ الجاهلية","أما حديث ""الإسلام يهدم ما قبله""، فهو حديث لاعلاقة له البته بتأريغ الجاهليه-"
داخلياً هائلاً في دور نشر الكتب : بتقاعد كبار المحررين مبكراً ، وبيع الطبعات الصغيرة ، وقلة دمج المجلات ،,داخلياً هائلاً في دور نشر الكتب : بتقاعد كبار الحروين مبكراً، وبيع الطبعات الصغيرة ، وقلة دمج المجلان،
كانت معلقة على الكعبة،,مكانت معلقة على الكعبة،
الجفاف،الاعاصير،وحرائق الغابات .كما اشارت توقعات اخرى الى ان متوسط,الجناف، الاعاصير، وحرائق الغابات .كما اشارت توقعات اخرى الى ان متوسط
بالصبغة الاميه، وهي الهلال الخصيب و شبه جزيرة سيناء وجزيرهـ,بالصبغه الاسيه، وه الصلال الخصيب وشبد جزيرة سيناء وجزيرهـ
الضعف لهم شامل و أن سوء الظن يسرع أليهم خاصة,الضعف لهم شامل وأن سوء الظن يسرع إليهم خاصة
أدى انتشار انواع القرار في الغابات الألمانيه وخصوصاً في منطقتي شفاروزفالد في,أدى انتشار انظاع القراد في الغابات الألمانيه وخعوصاً في مصقتي شفاررخال في
درجة الدكتوراة بين سنتين  وثلاث سنوات في حين أن بعض الجامعات,درجة الدلتوراه بين سنتين وتلان سنوات في حين أن بعص الحامعار
مناخية كبيرة  وخطيرة في مناخ الأرض  . إن زيادة معدلات تركيزات غاز ثنائي أوكسيد,مناطية كبيرة دخطيرة في مناخ الأيض . إن زيادة معدلات تركيزات غاز ثناي أوكسيد
سنتان . الهدف من هذه المرحلة وتستهدف المرحلة الإبتدائية توفير تعليم مشترك لكل,سنتان . الهدف من هذه المرحلة وتستهدف المرحلة الإبتدائية توفير تعليم مشترك لكل
الأسد مربوط في الشجرة، يفكر بطريقة يحل بها # وثاقه ..وهو على هذا الحال إذا بفأر,الأسد مربوط في الشجرة، يفعر بطريقة يحل بها # وثاقه.. وهو على هذا الحال إذا بفأر
"بإطلاق العراقيين القدماء على الجمل اسم ""حمار البحر""، وقالوا إن","بإطلاق العراقيين القدماء على الجمل اسم ""حمار البحر""، وقالوا إن"
الجامعات والمعاهد العليا والكليات التابعة والدرجة العلمية التي تمنحها توجد,الجامعات والمعاهد العليا والكليات التابعة والدرجة العلمية التي تمنحها توجد
يقطر السمن على الخوان .,يقطر السمن على الخوان.
ومنطقة القرن الأفريقي والهند وبنغلاديش نقصاً حاداً في,ومنطقة القرن الأخريقي والحفند وبنغلاد يش نقصا صاراً في
صنف أمريكي قوي النحو تفرعاته أقرب بنموها للرضعبة العمودية ، لهذا نتطلب عناءً أكثر ني,صنف أمريكي قوي النحو تفرعات أقرب بنموها للوضعبة العمودية ، لهذا نتطلب عناءً أكثر في
تركيزات غار ثنائي أوكسيد الكربون بمعدل 30% والمثان بمعدل 150%,تركيزات غار ثنائي أوكسيد الكربون بيمعدل 10% والميثان بمعدل 108%%
الرجل الذي يمنعه كبرياؤه او تمنعه قوته من ان يكون رفيق ارض ولكنه اضعف,الرمل الذي عنعه كرياؤءن اوعنده قوته من أن يكون رفيق ارض وللته اصتعف
هذا يصل لك آللص كان يصنع بي أكثر من هذا و الفلق يكون معجلاً و مؤجلاً.,هذا يعل لك أللص كان يصنع بي أثر من هذا والفلف يكون معجلاً ومؤعلاً.
"ونورد في مايلي بعض الأوزان النادرة التي نص عليها أهل العربيه قديما ممالم يعد مستخدما"" في الفصيعة",ونورد في مايي بعض الأوزان النادرة التي نص عليها أهل العربية قديما ممالم يعد مستخدواً في الفصيدحة
هذا وقد ## شهد نفس العام هبوب 15 اعصارا مدمراً من الدرجة الخامسة على مقياس,هذا وقد # شهد تفس العام هبوب 115 اعصاراً مدمراً من الدرجة الخامسدة على مقياس
لأستمرار الحياة ولولا الطاقة الشمسية لتحولت الأرض إلى كوكب بارد ذي,لأشمرار المياة ولولا الطاقة التمسية لتحولت الأرض إلى كوكبا بارددي
وأدى إلى موت 1322 شخص في مدينة نيوأورليانز والى نزوح مئات,وأدى إلى موت 1995 شخص في مدينة نبو أورليانز والسد نزح مئات
لما # لذالك من علاقه وثيقه بالمحعول وجودته وإحتياجاته لعمىليه الخدمه التي,لما ا لزالك من علاقه وثيقه بالمححول وجودته وإحتياجاته لعميليه الخزمه التتي
بالرغم من تاريخ مؤلم في بعض الأحيان ، ومتسم بفترات انطواء وركود ،,بالرغم من تأريخ مؤلم في بعض الأحيان، ومتسم بغترات انطواء وركود،
ومن ثم لاتتسرب الحرارة خارجاً بنفس المعدل ، مما يؤدي إلى ارتفاع درجة,ومن ثم لا تتسرب الحرارة خارجاً بنفس المعدل، مما يؤدي إلى ارتفاع دربة
فور تلقى هذه الإشارات، وبعد تحليل دقيق يمكن للكوبيوتر ان تحددها ويرسل اشارات,فور تلقى هذه الإشارات، وبعد تحليل دقيق يمكن للكويوثر ان تحددها ويرسل اشارات
او مطعم او متجر في المكان الذي تكون فيه ،من حسن حظها انها بارعه,ادمطعم اومتجر في المكان الذي تكون فيه ، من حسن حظها انها بارعه
ذالك الوصف تماما. كما أن نحل شمال غرب .,ذالك الوصف تماما. كما أن نحل شمال غرب.
فوق هذا للحيل في النهارفي موسم الشتاء تعدت الصفر المئوي,قوق هذا بلحيل في النمار في موسم الشتاء تعدت الصغر المئوي
بالإنتعاش كما يذوب 0.2% منه بالماء ويكون حامض الكربونيك الضعيف مما يكسب,بالإنتعاش كما يذوب 20% منه بالماء ويكون حاهض الكربونيك الضعيف مما يكسب
فقد انخفض المستوى في الثلاثين سنة الأخيرة بنحو 25 متراً ، و مؤخراً حتى زاد تسارع,فقذ انتفغي المسشتوىا في الثلائين سنة الاخيرة بحو (5 متراً ، ومؤخراً هي زاد تسارع
البنفسجية الضارة. إذ يمتص هذا الغاز مابين97 - 99 % من هذه الأشعة,البففسجية الضارة . إذ يمتص هذا الغاز مابين 19: - و9% من هذه الأشعة
و من خلال مبيعات على مستوى العالم بلغت أكثر من مليوني، نسخة ، نالت رواية,ومن خلال مبيئات على مستوى العالم بملغت أعثر من مليوني، نحة ، ثالت وايه
"عبيد بن شريه الجرهمي ومعاويه: فسأله ""أي معاوية عن الأخبار المتقدمة","عبيد بب شرية الجرهمي ومعاويه: فأله ""أي معاوية عن الأخبار المتقدمة"
"جمله العهد الذي عاش فيه ""ابن الكلبي""، ما دام العرف فيه إطلاق","جمله العه الذي عاش عيه ""ابن الكلبي""، مادام العرف فيه إطلاق"
تتراوح بين ثلاث سنين واثنتي عشرة سنة، ويقوم بخدمته في حانوته,تتراوح بين ثلاث سيين واثنتي عشرة سنة، ويقوم نجدمته في حانوته
المحاصيل # مثل الذره وفول الصويا أو مزارع لانتاج الكتلة الحيوية أو مراعى # للأبقار.,المحاحيل # مثل الذره وفول الصويا أو مزارع لانتاج الكتلة الكيوية أو مراعى # للأبقار
صورها الاجتماعية و السياسية و الاقتصادية وهو وعاء لمفردات,صورها الاجتماعية واليياسية والاقتصادية وهو وعاء لمغردات
ثورة في عالم الكتب  .,تورة في عالم الكتب.
أدت نشاطات الإنسان خلال الثورة العلمية والصناعية التي شهد تها أوربا,أدت نشاطات الإنسان خلال الثورة العلمية والصناعية التي شهدتها أوريا
الكرة الأرضية. يلاحظ هنا ان خليج البنغال والأراضي المطلة عليه يعد من,الكرة الأرضية. يلاخظ هنا دن خليج البنغال والأراضي المطلة عليه يعد من
وانطلقت الفكرة بخطى حثيثة .وجاءت النقطة الفاحلة لمهرجان هي في عام 2001 بزيادة الرئيس,وانطللقت الغلرة بخطلى حتيتة. وجاءت النقطة ان لمهر جان هي في عام 200 يزيارة الرئس
الحجري والغاز الطبيعي لإنتاج الطاقة المستضدمة في إدارة عمليات الإنتاج الصناعي والزراعي,الحجري والغاز الطبيعي لإنتاج الطاقة المستخدعة في ادارة عمليات الإنتاج الصناعي والزراعي
العرب في العصور السحيقة لما قبل الإسلام . فما عثر عليه من بقايا عظام قديم، أو أصداف و محار،,العرب في الععور السحيقة لماقبل الإسلام. فما عثر عليه من بقيايا عظام تديم أو أصداف ومحارة
والمتمثل في حل مشكلة في المجتمع والتي تكون بمثابة المحك الذي,والمتمتل في حل مشدكلة في المجتمع والتي لكون بمتابة المحك الذيب
أميركا ودول أخرى خلال القرون الستة الماضية ..,أميركا ودول أخرى خلال القدون السستة الماضية..
كيف تجدهما ينعصران دهناً . وهذا كله خسران وغبن لا يتهاون به إلا,كيف تجدهما ينعصران دهناً . وهذا كله خسران وغين لا يتهاون به إلا
غازات مضرة بالبيئة مثل اكاسيد الكبريت .,عازات عترة إلبيئة مل آناسيد الكيري.
ويتسلم  لنعيمها   فتخور  قوته ويقل حماسه  للجهاد ويستولى,و يتسلم لنغيمها فتخور قوته ويقل حماسه للجهاد ويستوي
"وهباً كان يستعين بالكتب، وأن أخاه ""همام بن منبه بن كامل بن في شيخ","وهباًكان يستعين بالكتب، وأن أخاه ""همام بن مئبه بن كامل بن يتيخ"
داوم على الهرب حرم عليه الاشتغال بالحرفة. وإذا أتم خدمته عين عاملاً بالمياومة .,داوم على الهرب حرم عليه الاشتغال بالحرفة . وإذا أثم غدمته عين عاملاً بالمياومة.
"العالم عالم ""السجائر ،والقهوة والكحوليات "" . غيرأت  ذلك كله تغير - كتاب جدد , أموال","العالم عالم ""السجائر ، والقهوة والكحوليات"". غير أن ذلك كله تغير - كتاب جدر، أموال"
وقام بإعداد نماذج حسابية لتحديد مقادير الزيادة في درجات الحرارة وكمية,وقام بإعداد نماذج حهابية لتحديد مقادير الزيادة في درجات الحرارة وكمية
معدلات تركيزات غازات  .,معدلات ترييزات غازات.
أخبارها،  ثم بمقدمات عن جزيرة العرب وعن صبيعتها وعن,أخرارها،دم بمقدمات ن جخزيرة العرب وعن صبيعتها وع
و مع الفتوحات الاسلامية انتر العيانيون فى كل حوض البر الابيض المتوسط,ومع الفتوطق الاسلام أنر المبياييو ن في كل حوحة الير الامق المنوسط
و العلم الحديث جعل إمكانية أن تحل الآلة محل الإنسان، و لقد أعيد النظر,والعلم الحديت جعل إمكانية أن تحل الآلة محل إلإنسان، ولقد أعيد النظر
و الشيئ لا يقي. هذا مع حفة المؤنه في أحكامها و أمن القلوب من المتالف بسببها. فإن,والشيئ لايقي . هذا مع حفة المؤنه في أحكامها وأمن القلوب مين المتالف بسيها. فان
في مرحلة رياض الأطفال .,في مرحلة رياص الأخقال.
الإنسان إلى أساليب و طرق مختلفة لنشر هذه المعارف منها: الأدب الشعبي,إلإنسان إلىا أساليب وطرق مختلفة لنشر هذه المعارف هنها: الأدب الشعمية
"على مبادرة ""خطة التعمير""","على مبادرة ""خطة التعمير"""
حقول  فلاندرز المســـــتحصلة من المســـتنقعات يتبعون الدورة الزراعيه الثلاثية .,حقول فلاندرفز المستحصلة من المستنقعات يتبعون الداورة الزراعي الثلاشية .
خوليا  دام عدة أيام اجزاء من المانيا وتسبب بفيضانات شديدة,خولياً دام عدة أيام اجزاء من المانيا وتسبب بفيضانات شديدة
هناك مجالات متعددة للعلم يمكن تقسيمها إلى قسمين ، الأول محو مجال,هناك مجالاتمتعددة للعلم يمكت تقسيمها إلى قسمين، الأول محو مجال
المذري الدريس ويرفعه عاليا كي ليتطايرالتبن ،ويسقط الحب ،ويجب أن ينتضر المذرعي,المذري الحريس ويرفصه عاليا كي ليتطاير التبن، ويسقط الحي، ويجب أن ينتهز الذريي
من حواص غازات ثنائي أكسيد الكربون والميثان واوكسيد النتروز وبخار الماء,من حواص غازلت ثنائي أكسيل الكربون والميثان واوكسيد النترون وبجار الماء
تركيز واهتمام في النظامية بدور المجتمعات المحلية وأولياء,تدليز واهتمام في النظامية بدور المجتمعات المحلية وأولياء
ولابد أن تكون أكثر هذه المصطلحات مصطلحات أهل الجاهلية القريبين,ولابد أن تلون أكثر هذه المصطلحات مصطلعات أمل الجاهلية القريبين
والإنسانية واللغات والعلاقات الدولية وتمنح درجة البكالوريوس في,والإنسانية واللغات والعلاقات الدولية وتمنح درجة البكالوريوس في
إذ ا قام المشرف بتوضيح أهميتها للطالب بالإضافة إلى مستقبلها العلمي الزاهر وذلك,إإذ اقام المشرف يتوضيح أحمتها لطالب بالإضاخة إلى ستقبلها الهمي الزامر وذلك
ولذلك لم يستطيعوا قراءة أكثر النصوص التي حيء بها الى واروية وفهم معناها، كما إن النصوص,ولذك لم يستطيعوا قواءة أكثر النصوص التي حيء يها الى أوروية وفهم معناها ، كما إن النضوص
مؤلفة من 500 نسعة في عام 1997 ، ولاقت نقدا متواضعاً لئه متحمس ثىر,مؤلفة من 105 نسعة في عام 1995، ولاقت تقد أمتواضعاً لعه متحمس ثر
موت 1.75 مليون شخص وبلغت الخسائر الماديه الناتجه عنها 1700 مليار دولار,مون 1#وا فليون شخص وبلغت الكنائر الماديه الناتجه عنها 195 ولياد دولار
في مرحلة التدريب المهني أو في التعليم الجامعي . هيكل النظام التعليمي في إسبانيا,في مرحلة التدريب المهي أو في التعليم الجامعي . هيكل النظام التعليمي فذ إسانيا
على  حل  #  كثير من المشاكل الإدارية التي تنجم عن الإدارة المركزية،,على حل # كثير من المشاكل الإدارية التي تنجم عن الإدارة المركزية،
ولا تروي إلا بالعرجون . قال القوم. قد مرت بنا اليوم فوائد كثيرة . ولهذا قال الأول :,ولا ترويه إلا بالعرجوبه. قال القوم. قد مرت بنا اليوم فوائد كثيرة . ولهذا قال الأول :
إزاحتها رأسيا كلما مرت الموجه على نقطة معينه .ويكون,إزاحتهاً رأسيا كلما مرت الموجه على نقطة معينه . ويكون
التهطال/البخر-نتح السنوي المحتمل,التهاطل/ البخر - نتح السنوي المحتمل.
ألا يأكل بقلاً وإن مات هزلاً. وكان يتغذى اللبن ويصيب من الشراب. فأضمره ذلك,ألاياكل بقلاً وإن مات هزلاً . وكان يتغذي اللبين ويصيب من الشران . فأضمره ذلك
بها العلماء فيما بعد بأن العصور الجليدية تحصل حين يتغير محور,بها العلماء فيما بعد بأن العصور الجليدية تحصل حين يتغير محور
والتضاريس .والغطاء النباتي ، والمياه . ونحوذلك مما له إتصال بتبدل طبائع,والتطاريى. والغطاء النباتي، والمياه . ونخوذلك مما له إتصال بتبدل طبائع
(1.5) فى الطبقة السفلى  للغلاف الجوى,(1.5) في الطيق السفلى للغلاف الجوي
المعرفة باستخدام الاسمدة الحضوية في الانتاج الزراعي ، وطرق الاستعدام,المعرفة باستخدام الاسمدة العضوية في الانتاج الزراعي ، وطرق الاستعدام
الأهداف الإجرائية والمرحلية المؤدية إليه # في المستقبل الواعد الذي يقترب زمانه,الأهداف الإجرائية والموحلية المؤدية إليه في المستقبل الواعد الذي يقترب زمانه
تظلمون المتلف لماله باسم الجود إدارة له عن شينه وتظلمون المصلح لماله باسم البخل,تظلمون المتلف لماله باسم الجود إدارة له عن شينه وتظلمون المصلح لماله باسم الدخل
عنك عيبه . لأنه لا يجوز أن يكمل لما تريده ولا يجوز أن يوفر حقه,كلك كيبه. لأنه لا يجوز أن يكل لما تريده ولا يجوز أن يوفر حهه
التي تعود إلى أواخر أيام الحيرة،,التي تعورإله أوراخى أيام الحيرة.
عدد سكان كوكب الارض يبلغ حالياً أكثر من 6 مليار نسمة و إن هذ العدد للزيادة,عدد سكان توكب الارض ييلغ مالياً أثر من ا مليار نسمة وإن هذ العدد للزيادة
كان الجاهليون يصطادونه,كان الجاهليون يصطاد منه
"الفحول وما مدح به هو وأهل بيته، فصار ذلك إلى بني مروان أو صار منه"". وورد","القحول وما مدح به موروأمل بيته. خصار ذلك إلى بني مروان أوصارمئه"". وورد"
للأطروحة العلمية وهو حل مشكلة معينة خاصة بالمجتمع الذي تولد فيه الأطروحة ولكن,للأطروحة العلمية وحوحل مشكلة ينة ظاصة بالمجتمع الذي تولوطيه الأطروحه ولكن
و هي من الأسنجار الصنوبرية و الأبرية دائمة الخضرة يصل أرتفاعها حتى خمسين,وهي من الأسجار الصوبرية والأبرية دائمة الخضرة يعل أرتفاعها حتى غمسين
العام بملحق في سكل # أطلس  .,العام بملحق في سكل  أطلمس.
منهم يحيى البكاء وهيثم البكاء . وكان صفوان بن محرز يسمى البكاء . وإذا كان,منهم يحيى البكاء وهيثم البكاء . وكان صفوان بن محرز يسمى البكاء . وإذاكا
و من اتخذ داراً فقد أقام كفيلاً لا يخفر و زعيما لا يغرم. وإن غان عنها حن اليها .,ومن اتغذ داراً فقد أقام كفيلاً لا يخفر وزعيماً لا يغرم . وإن غاب عنها حن اليها.
هذا التحول من السوت، لم يشعر القارئ العادي والكثير من المؤلينن بالامتنان .,هذا التحول في السوت، لم يشعر القارئ العادي والكثير من المؤلين بالأمتنان .
الأكثر ، أي بعد مضي 21 أو 22 عاماً من عمر الأشجار ، والاستعاضة عنها بزراعة,الأكثر ، أي بعد مضي 1# أو25 عاماً من عمر لأشجار، والاستعاضة عنها بزراعة
نووية تصل درجة الحرارة حوالي 15 مليون مطلقة. إذ تتخذ اثنين من البروتونات,نوويه تصل درجة الحرارة حوالي كا مليون وطلقة . إذتتخد اثين من البروتونات
الأخيرة بموجات من الجفاف كانت نتيجتها زيادة التصحر.,الأخيرة بموجات من الجفاف عانت تتيجها زيادة التقمى
عن نطاق الأطروحات العلمية ( أبحاث أعضاء هيئة التدريس ) من زاوية عدم التحكم في,عن لطاق الأطروحات العلمية (أحاث أعضاء هيئة التدرين، من زاوية عدم التحكم في
إنتقالية ترتفع فيها درجة الحرارة حتى تصل الى درجة الصفر المئوي في مستوياتها العليا . تحتوي,إنتقالية ترتفع فيها دمرجة الحعرارة حتى تصل الى دمرجة الصفر المئوي في مستوياتها العليا. تحتوي
ماضيه ، والقوي بنجاحاته المحرزة ، والمستفيد من العبر المستخلصة من,ماضيه، والقوي بنجاحاته المحرزة، والمستفيد من العبر المستخلصة من
وفق نظام المجموعات . - الوسائل والكتب المساندة تتوفر في الفصول والممرات الموهبون,وفق نظام المجموعات . - الوسائل والكتب المساندة تتوقر في الفصول والممرات الموهبون
جزيئات الماء وبارتفاع درجة الحرارة تزداد طاقتها,جزيئات إلماء وبارتفاع درجة الحرارة تزداد طاقتها
"نعم جاء في الأخبار أنه ""قد كان عند النعمان بن المنذر منه ديوان فيه أشعار","نعم جاء في الأخبار أنه "" قد كان عند النعمان ين المئطر منه ويوان فيه أشعار"
"وقد سكنت بها عشرين سنة , فأطلت على أخبار خولان وأنسابها ورجالها كما",وقد سكنت بها عشرين سنة و فأطلت على أخبار خولان وأنسابها، ورجالها كمما
عرفت بالخصب، وبتوافر الماء فيها، ويميل أهلها إلى الزراعة,عرفت بالخصب، ويتوافد الماء فيها، ويميل أهلها إلى الزراعة
ّ2 مليار وسيلة نقل.,ح ملياد وسيلة نقل.
على التنقيب عن الفحم الحجرى. ولعل السبب فى ذلك يعود إلى صغد كمية,على التنقيب على الفحم الصجري. ولعل السبب في ذلك يعود إلى صغر كمية
وقد ورد فيه اسم العرب في جمله من كان يعارض السياسة الأشورية،,وقد وردفيه اسم العرب في جمله من كان يعارض السياسة الأشورية،
ممكنة وتكاليفها كثيرة بالنسبة إليهم، ثم إنها لا تستطيع تحمل طبيعه,ممكنة وتكاليفها كثيرة بالنسبة إليهم، ثم إنها ماتستطيع تصمل طبيعه
الصحة، وبتضارب مصالح العاملين والمتدخلين في هاته المنظومة، ووجود عدة,الصحة، وبتفارب مصالع العاملين والمتدخلين في هاته المنظومة ، ووجود عدة
كبير لكن لم يظهر حتى الآن دليل يؤيد صحة ذلك،لأن السحب المنخفضة تميل إلى البرودة ،,كبير لكن لم يظهر حتى للآن دليل يؤيد صحة ذلك، لأله السحب المنخفضة تميل إلى البرودة،
"التي تعود إلى الأزمنة ""الجيولوجية""، المتأخرة، ومن المتكونات ""الأيولينية"" التي حصلت","التي تعود إلى الأزمنة ""الجيولوجية""، المتأخرة ، ومن المتكونات ""الأيولينية"" التي حصلت"
"الملون  أو  المصاريع  الخشبية ,",الملون أو المصاريع الخقبية،
نسبة استخدامة حوالي 97% بينما يمثل الغاز الطبيعي 2% والطاقه الكهربائية,نسبه استخدامة حوالي 10%% بينما يمثل الغاز الطبيعي 2% والطاقه الكهربائية
"وخلاصة ما تقدم إن لفظة ""ع رب""، ""عرب""، هي بمعنى التبدي و الاعرابية","وخلامة ماتقدم إن لفظية ""عرب""، ""عرب""، هي المعنى التبدي والاعرابية"
ويُعتبر  مرصد  الصحراء  الكبرى  والساحل  مركزاً  حيوياً,ويعتبر مرحد الصمراء الكري والساحل مركزاً حيوياً
الخاصة باستغلالها كطاقة بديلة للنفط و الغاز.,الخاصة باستغلالها كطاقة بديلة للنفط والغاز.
التى ارتفعت نسبتها من  29 % سنة 1960 الى  55  % سنة   2004,التي ارتفعت نيتبها من 10%سنة 1995 الى 15 %اسنة 29
غلمان ولهم حرمة وكفاية وتربية . وانما هم ولد . هؤلاء كانوا إلى غير هذا أحوج.,"غلمان ولهم حرملة وكفاية وتربية. وانماهم ولد بغؤءلا"" كاواً إلى غير ههذا أدوج."
إنتاج أقراص الأشعة الزرقاء في شانغهاي والذي تبلغ استثماراته 70 مليون يوان,إنتاج أقراص الأنعة الزرقاء في شانغهاي والذي تبلغ استدما إنه25 مليون يوان
"تسمث ""الجنة "" ثم تبذر الحبوب ، ويحدث الخطان في الوسط لطمر لبذار،","تسمع ""الجنة""ثم تبندر الجبوب، وحرث الخطان في الوسط اطم لبدار،"
السطوح الخشبه والمتعرجه وداكنه اللون بامتصاص او تشتيت هذه الأشعة,السطوح الخبه والمتعرجه وداكنه اللون بامتصامب اوتششيت هذه الأشعة
ان الزيادة في عدد السكان يقود بالتأكيد إلى زيادة في إستهلاك الطاقة وذلك لتعدد النشاطات التي,ان الزيادة في عدد السكان يقود بالتأكيد إلى زيادة في إستمهلاك الطاقة وذلك لتعدد النشاطات القي
على أن المفسدين غنما يطعمون الناس ويسقون الناس وهم على حال يستخلفون,على أن المسدين غنما يطعمون الناس ويسقون الناس وهم على حال يستخلفون
والثانية والرابعة منها الروي ذاته ، بينما تأتي الثالثة على روي مغاير ، بعد ذلك تأتي الفقرات,والثانية والرابعه منها الروي ذاته ، بينما تأتي النالقة على روي معاير، بعد ذلك تأتي الفقرات
و شكل البحر الأحمر، شكل يلفت النظر، يظهر و كأنه خسط منظم ممتد من الشمال,وشكل البحر الأحمر، شكل يلفت النطر، يظهر وكأنه خسط منظم ممتد من الشمال
كالذي حدث عندنا من تباين الخطوط باختلاف خطوط كتبته، فأدى تباين الخط هذا,كالذي حدث عندنا من تباين الخظوط باختلاف خظوط كتبته، فأدى تباين الخظهذا
الاجنية .,الاجية.
"في كثير من الأحيان يُطلق عليها لفظ "" قتلت # بحثاً "" والمشكلة الأكبر حين يقتبس البحث","في كثير من الأحيان يطلق عليها لغظ ""قتلت # بعثاً"" والمشكلة الأعبر حين يقتبس الببحث"
نحو ثلث مساحته .,كو كلن صاحه.
شهراً حتى رويت من الدهن رياً لا تحتاج معه أبداً إلى ## شيء. قال : ليس هذا,حهر أً حتى رويت من الدهن ريأً لاتعتاج سه أبداً إلى # شيئء . عال. ليسى هذا
يلعب التغير المناخي و ارتفاع درجة الحرارة في المنطقة دوراً أساسياً في انخفاض إحتياطيات هذه الدول من المياه,يلعب التغير المنافي وارتفاع درجة الحرارة في المنظقة دوراً أسايسيراً في اتخفاض إجتياطياتهذه الدول من المياه
العلوم الاعجازية التي يذخر بها القرآن الكريم والسنة النبوية وهي العلوم,العلوم الاعجازيه التي يذخر بها القرآن الجسيم والسنة النبوية وهي السعلوم
الشمسية الحرارية ونفاذيته العالية لها. كما ويمتص الغلاف المائي,الشمسية الحرارية ونفاذيته العالمة (ها. كما ويمتصن انغلاف الماتي
بالذرات و الجزيئات و يقلل من نفاذها خلال هذه الأوساط . كما تؤثر,بالذرات والجزيئات ويقلل من نفاذها خلال هذه الأوساط .كا تؤث
"هذا و ليست لدينا كتابات جاهلية من النوع الذي يقول له المستشرقون ""","هذ اوليست لدبنا كتابات جما ملية من النوع الذي يقول له المستشرقون"")"
(الذي أحسن كل شيئ خلقه وبدأ خلق الإنسان من طين ..الآية (6) من,(الذي أحست كل شيئ خلقه وبد أخلق الإنسان من طين .. الأية (1) من
التي كان يخرج منها ما يشبه البرق، ويسمع منها أصوات كأنها صياح.,التي كان يخرج منهاما يشبه البرق، ويسمع منها أصوات كأنها صياح.
التقليم : يعتبر من أهم عمليات الخدق الزراعية التي طبقت على الأشجار خلال فترة الدراسة ، حيث,التقليم : يعتبر من أهم عمليات الخدق الزراعية التي طبقت على الأشجار خلال فيرة الدراسة، حيث
و هي المسؤلة عن ظهور ضوء النهار . يمكن رؤية مكونات الضوء المرئي,وهي المسؤلة عن ظهور ضوء النهار. يمكن رؤية مكونات الضوء المرئي
وأعمال الإنسان و بالإضافة إلى الظواهر الطبيعية مثل كيوكبات النجوم التي راقبها الإنسان,وأعمال الإنسان وبالإضاقة إلى الظواهر الطبيعية مثل كيوكبات النجوم التي راقبها الإنان
(مواد نباتية عضوية) تمتص أثناء نموها غاز ثاني أوكسيد الكربون,(مواد نبايية عضوية) تمتص أثناء نموها غاز ثثائي أوكسيد الكربون
وتقوم نطرية أحمد أمين في العفلية العربية على أساس إنها حاصل شيئين وخلاصة عاملين,وتقوم نطرية أحد أصين في العفلية العربية على أساسى إلها حاصل شيئيم وخلاصةً عاللين
والأبطال والملوك وكبار الضيوف,والأبطال والملوك وكبار الصيوف
هذا القرن ونتيجة لارتفاع أسعار النفط في السبعينات بدأت الدول الصناعية,عذا القدنا ونتيجة لارتفاع أسعار النغط فر السبعينات بدأت الدول الصناعية
تلبي احتياجات المستخدمين هندسة البرمجيات لا تهتم بكتابة البرنامج نفسه أي,تلبي احتياجات المستخدمين هندسة البرمحيات لاتهتم بكابة البرنامج نفسه أي
شخص أن يرى هذا المضهر الخارجي مما يعرض المنتوج إلى #,لتخص أذيرى هذا المضهر الجارجي هما يعرض المنتوج إلى #
"القرآن الكريم  وقد # ذهب ""د . ه . ملر"" الى أن القرآن الكريم","القرآن الكويم . وقد # ذهب د.ه. ملر"" الى أن القرآت الكريم"
للثمار ( سقوط حزيران ). وعند جني المحصول ثم جمع الثمار من كل شجرة مدروسة وثم وزنها  بهدف مسار,للتمار اسقوط حزيران ). وعن جي المحصول ثم جمع التمار من كل جرة مدروسة وتم وزها بهدف مار
والنخلة هي سيدة المزروعات فيه، بل تكاد تكون النبات المتفرد,والنخلة هي سيدة المذر وعات فيه، يل تكاد تكون النيات المتغرد
الأستمتاع ، أو الأنتاج ـ سلعاً وخدمات - أو المساهمه الفاعله في # النشاطات,الأستمناع ، أو الأنباج - سلعاً وخدحات - أو المساهمه الفاعله في # الشناطات
الطاقة إستخداماً في الدول العربية على الرغم من وجوده في يعض الدول,الططقة إسحداماً في الدول العريية على الم عم من وجوده في يعجن الدل
ينتقل من رئيسى إلى رئيسى ويعمل بأجر يومي. فإذا مر عليه وهو بهذه الحلل عامان أو ثلاثة,ينتقل من رئيس إلى رئس ويعمل يأجر بومي. فإذا مر عليه وهو بهذه الحمل عإمان أوتلاتية
"مدين"".  وهنالك عيون تتوقف حياتها على المطر ..","""مدين"". وهنالك عيون تتوقف حياتها على المطر."
من (1000) كلية للآداب والعلوم والتجارة والدراسات الاجتماعية,من (1000) كلية للآداب والعلوم والتجارة والدراسات الاجتعاعية
"المصطلح  في  مؤتمر عقد من قبل اللجنة العلمية في منظمة ""حلف شمال","المصطلح في مؤتمر عقد من قبل اللجنة العلمية في منظمة ""حلف شمال"
يستهلك الوقود الأحفوري فقط في منازلهم الى نظام تدفئة يعتمد,مستهلك الوقود الأحفوري فقط في منازلهم الى تظام تدقئة يعيمد
حضور دائم ، عل المعيد الدولى ، يشهد عل ذلك انضمامه إلى المعاهد ات,حضوردائم ، على المعيد الدولي، يتهد عار ذلك انضيمارمه إلى المعالهدات
بليون متر مكعب سنوياً هً. بينما تعتبر الكويت من أفقر دول العالم مائيا حيث تبلغ مجموع مواردها,بليون مترمكعب سنوياًة . بينما تعتبر الكويت من أققردول العالم مائياميث تبلغ مجموع مواردها
شروط الحياة اللارمة لم تكن تتوفر بها  ،اللهم الا في المواصع النن توجد لها أبار او واحات,شتروط الحياة اللارمة لهر تكن تتوفربها، اللهمر الافي المواصع التن توجد بها أيارا واحات
أما المستشرقون وعلماء التوراة الحدثون فقد تتبعوا تأريح الكلمة وتتبعوا في اللغات السامية,أما المستشرقون وعلماء القوراة الحدثون فقد تقبعوا تأريع الكلمة وتتبعوا في اللفان السامية
و ليست لدينا في الزمن الحاضر دراسات علمية دقيقة عن أنواع الحيوانات التي عاشت في # جزيرة,وليس ليدينافي الزمن الساخر دراسات علمية دقيقة عن أنواع الحيوانات التكي عاشت في #حزيت
ضوابط  وقوانين فيما يختص بعملية الالتحاق بهذه الكليات والرسوم الدراسية . وان مختلف,يد فعون نفس زسوم الطلبة الأجانب . وقد قامت مؤخخاً المحكمة الدهيديد العلا بوضع
أساليب   الزراعة وأدوتها . ومحصولاتها . كما كان,أساليب لرراعة وأدوتها. ومحصولاتها .كما حان
بالإستفاده من هذا الغاز ببناء الأجزاء الخارجيه  من أجسامها والمتكونه,بالإستفاده من هذا لغاز بيناء الأجزاء الخارجيه من أجمها والمتكونه .
رحلة حول العالم لتحقيق الحلم السفر يعني الحركة أما الآن وقد انتهي السفر وجاء الحديث عن المستقبل تقول,وحلة حول العالم لتجقيق العلم السفر يعني الحركة أما الآن وقد انتهي السغروجاء الحديث عن المستققل تقول
تراجعت زراعة محصول القطن والتي تمثل أهم صادرات جمهورية,تراجعت زرعة حصول القضن والثي تمثل أهم صادرت جممورية
للامتناع عن أداء الرسوم والضرائب الإقطاعية .,للامتناع عن أواء الرسوم والفرائب الإقطاعية.
الدول كوارث بيئية ادت الى تدمير البيئة التحتية لهذه البلدان,الدول كوارت بيئية ادت الى تدهير البنية الئمنية لهذه الدلارات
في شعاب هذه المسلسلة وفي السهل الكبر المنبسط بينهما . ويمكن الحصول على المياه فيها,في شعاب هذه المسلسلة وفي السهل الكبر المنسط بيخهما . ويمكن الصول على المياه فيها
للجامعة حرم جامعي واحد أو أكثر يظم كليات ودوائر تقدم برامج,للجمعة حرم جاهي واحد أو أكثر يظم كلييات ودوائر تقدم برامج
"تحت طبقات من التربه هـ الرمليه هـ والطينيه هـ والجبريه هـ ,",حث طبقات من التربههـ الرمليههـ والطبنيهـ والجيربههـو
والزهور # والشجرات والأعشاب .,والزهور # الشجيرات والأعشاب.
بالك ، وتعد الهند ثاني أكبر دولة في العالم من حيث عدد السكان بعد,بالك، وتعد اهندثاً في لأكبر دولة في العالم من حيث ويد السكان بعد
إلى طاقة هائله ، تماماً كما يحدث داخل الشمس لتوليد الطاقة,إلى طاقة هائله ، تماماً كما يحدت واخل السمس لتوليد الطاقة
في الولايات المتحده الأمريكية في السابع والعشرين من مارس عام 2004,"في الولايات المتحده الأمريكين في السابع والمشرين من مارس عام ""2.05"
تكون هذه هي الحلقة المفقودة في تأثير الاشعة الكونية على المناح فوق كوكبنا,تكون هذه هي الحلقة المفقودة في تأير الاسعة الكوية على المناخ فوق كوكبنا
بدأ يصعد جيل جديد من منظمي المشروعات الأدبية المدركين لطبيعة السوق . وكان احد الكتب الأولى,بد أيصعد جيل جريل من منظمي المشروعات الأربية المدركين لطبيعة السوق . وكان أحد الكتب الأولى
فيما بيننا # على المتاح والظاهر امامنا نتيجة اعتقادنا,فيما بيننا لاعلى المتاح والظاهراما منانتيجة اعتقادنا
إعطاء  دفعة قوية للإحساس الوطني. وإذا كان المغرب ، وما يزال،يبذل جهوداً,إعطاء دفعة قوية للإحساس الوطي. وإذا كان المغرب، وما يزالت ي يبذل جهوداً
مصادر الطاقة المتجددة: و هي عبارة عن مصادر طبيعية دائمة و غير ناضجة و متوفرة,أت   م
سوّدها كثة حجارتها، وتدانيها . وتكون الحرة مستديرة، فإذا فيها شىء مستطيل,سؤّدها كثه حجارتها، وتدانيها. وتكون الحرة مستيدرة، فإذا فيها شئ مستطيل
العهد على الإنسان ويلعب الأنسان الدور الأساسي في حصولها من خلال نشاطاته,العهد على الإنسان ويلعب الأنسان الدور الأساسي في حصولها من خلال لنشاطاته
"""بطليموس"" وفيها مدينه ""دارين""  ويظهر إنها أقيمت على أنقاض أبنية قديمه، ولعلها","""يطليموس""، وفيها مدينه الارين ، ويظهر إنها أقيمت على أنقساص أنية قديمه، ولعلها"
افق افريقيا موسى ين نصير محهز جتا لقيارة طارق في زياد وكان ما كان,البر افريقيا موسا يه لضير محهز جتيأ يغيارة طارقة ني زياد دكاراما كان
أن تعالج برامج مكافحة التصحر مشاكل # تدهور البيئة قبل أن تبلغ هذه المشاكل,أن يعالج بإمج مكامعة التصح مشاكل # تدهود البيئة قبل أن تبلغ هذه المشاكل
كلسية و غرانيتية، و فيها أيضا حجارة بركانية . والظاهر إنها كانت من مناطق,كلسيه وغرانيتية، وفيها أيضا ججارة بركانية . والظاهر إنها كابت من مناطق
"وحياة البادية ، أي  بمعنى "" أعراب"" . واذا راجعنا  المواضع التي وردت  فيها كلمة ""عربي""","وحياة البادية ، أي بمعنى""أعراب"". واذا رجعنا المواضع التي وردت فيها كلم ""فرلي"""
هناك (11) أحد عشر معهداً في مختلف الولايات الهندسية حاصلة على الصلاحية الخاصة بإعطاء,هناك (11) أحد عشر معهداً في مختلف الولايات الهفدية حاصلة على الصلاهية الخاصية باعطاء
إذاً ماهو لاحتباس الحراري ، وما هي الاسباب وراء  حدوث هذه الظاهره ؟وما هي,إذاً ماهو لاحتباس الحراري ، وما هي الإسباب وراء حدوث هذه الظاهره إ ومن هي
الجزئيات والذرات مع الأشعة الشمسية عالية الطاقة وهذا,الجزيئات والذرات مع الأشعة الشمسية عالية الطاقة وهذا
هذا الوجه: إحاطة بأنساب القبائل اليماىنيه على النحو الني كان شائعاً ومتعارفاً في أيامه,هذا الوجه، إحاطة بأساب القتبائئل اليمانييه على النحو التي كان شاتعاً ومتعارفا في أيامه
و شحا لها فاه من غير مؤانسه ولاممازحة سالفه . قال لم يكن الامر كذلك.,وشحالها فاه من كير مؤانسه ولاممازحه سالفه . قال: لم يكن الاعركذلك .
الارض وكميه الاراضي المزروعه وأخيراً لون الطبقه الطحيه,الارض وكميه الاراضي المزروعه وأخيراً لون الطبقة الصحيه
بين جسم الكائن الحي والهواء فان نسب الغازات الداخلة الى الجهاز التنفسي (الشهيق) وخصوصاً,بين جسم الكائن الحي والهواء فان تسب الغازات الواخلة الى الجهاز التنفسي (الشهيق ) وخصوصاً
طبيعية تلعب دورًا مهماً .,طبيعية تلعب دوراً معمتاً
والأسم الأول الأكثر شيوعاً رغم عدم دقته . وهذا النوع وكما هو معروف يحتل,والأس الأول هو الأكثر شيوعاً رغم عدم دقته . وهذا النوع وكما هو معروف يعتل
الوبائية مثل الكوليرا والملاريا والإسهال بين السكان وبشكل خاص الشيوخ,الوبائية مثل الكويرا والملاريا والإسهال بين السكان ويشكل خاص الشيوخ
الكتب أكثر من أي وقت مضى، فالكتاب نفسه يبدو أقل محورية,الكبي أكثور مذ أي وقت عضل، فالكةاب تنساء إيد وأقاً، هكورية
في الألف الثانية قبل الميلاد. وقد ذهب بعضهم إلى إن العربية الشرقية,في الألف الثانية قبل الميلاد . وقد ذهب بعضه إلحى لإن العربية الشرقية
أما في منطقة الهاتز الحبيلة في شمال ألمانيا وألتي يبلغ  إرتفاع أعلى قمة فيها,أما في مفطقة الهاتز الحبيلة في شمال ألمانيا وألتي يبلغ إرتفاع أعلى قمة ميها
في حصولها. يثير الارتفاع في أسعار النفط في الأسواق العالمية في النصف الأخير من عام,في حصولها. يثير الارتفاع في أسعار النفط في الأسواق العالمية في التضف الأخير من عام
بحياته ، ويموت بوفاته ، ولا يعبر عن تطور الوجداني الجمعي الشعبي،,بحيانه، ويموت بوفاته ، ولا يعبر عن تطور الوجدالي اطمعي الشعبي،
ويلم إلى خمس مناطق هي صنعاء، كندة، حضرموت، الجند، زبيد،,ويلم إلى خمس مناطق هى صعاء، كندة ، حهر لون، الحند، زييد
وترى علماء العربية حيارى في تعيين أول من نطق بالعربية، فبينما,ويرى علماء العريية حيارى في تعيدل أول عن نطق بالعربية، فيدتما
المعرفي,المعرفي
قديمة جدأَ، ربما رافقت الانسان منذ يوم وجوده  وهي عادة لا تزال معروفة في كثير من,قديمة جباً، ربما رافقت الانسان منذ يوم وجوده، وهي عادة لا تزال معروفة في كثير من
اليونان والرومان إلى البادية ، كما عرفها العبرانيون .,اليونان والرومان إلى الباديية، كها عرفها العبرانيون.
حيث بلغ عددها إثنا عشر إعصاراً,حيث بلغ عددها إثناعشر إعصاراً
وتظل هذه  الظاهرة متسمة بتفاوتات واضحة اهمها;  التمركز في بعض المدن,وتظل هذه الظاهرة متسمة بتفاويات واضخة اهميا: التمركز في لعض المدن
الجنوبية لذلك الأودية القصيرة التي تسيل فيها . المياه في هذا,الجبويية لذالك االأردية القصرة البي تسيل فيها. المياه في هذا
الابتكاري للقراءة الإلكترونية . بينما توسعت السوىق ، وحرد الكثير والكثير,الابتكاري للقراءة الإلكترونية. بينما توسعت السوقق، وحرد الكثير والكثير
تتبعها (170) كلية لمنح درجة البكالوريوس الزراعة و #  التخصصات,تتبعها (195) كلية لمنح درجة البكالوريوس الزراعة و# التخييهدات
التدمىريه للاعصار او النورنادو,الندميريه للاعضارا والتورنادو
خالية تماماً من أبو سكني ، وتبلغ مساحة موقعها حوالي 2 × 1 كم ، وهي كما اسلفنا,فألية تماماً من أبوسكني، وتبلغ مساحة موقتها موالي ح لااكم، وهي كما اسلنها
و ليس في طاقتى إعتاب المتجني و لا رد المتسرع . قلت له إني قد رأيت اكلهم,وليس في طاقتى إعتاب المتجني ولا رد المتسرع . قلت له: إني قدرأين أكلهم
يجب أن تلعبه الدول في التقليل من هذه الظاهرة  ؟ وماذا تستطيع فعله  الكوارث,يجب أن تلعبه الدول في التقليل من هذه الظاهرة ؟ وماذا تستطيع فعله الكوارث
التغير المناخي هو كل تغير في مناخ الكرة الارفية تنخفض او ترتفع عنده درجة حرارة,التغير المناخي هوكل تغير في مناخ الكرة الارضية تنخفض اوترتفع عنده درجة حرارة
هناك نوعين من وقود الإيثانول وهو عبارة عن مزبج عن مزيج عن 85% إيثانول,هناك نوعين من وقود الإيثانول وهو عيارة عن مزيج عن 19% إيثانول
والتربية وأقاليم البلاد المستقلة . إصلاح شامل للتعليم وأخيراً فقد أعلنت,والتربية وأقاليم البلاد المستقلة . إصلاح شامل للتعليم وأخيراً فقد أعلنت
ومنذ ذلك الحين أصبح  تدبير الطلب مبدأ موجها للسياسة العمومية للماء ، فقد بذلت,ومنذ ذلك العين أصبح تديير الطلبه مبد أموجها للسياسة العمومية للماء، فقد بذلت
ثم لا تداوي هذا الأمر بما لا مؤنة فيه و بالشيئ الذي لا قدرله أو لا تدع دعائهم,ثم لا تداوي هذا الأمر مما لا مؤنة وفيه وبالشيء الذي لا قدرله أولا قدع دعاءهم
البرية الطويلة التي تربط أجزاء الجزيرة بعضها ببعض، و تربط طرق,البرية الطويلة التي تربط أجزاء الجزيرت بعضظها ببعض، وتربط طرق
فالربيع يأتي مبكرا عن  مواعيده وهذا يرجحونه لظاهرة الإحتباس الحراري .,فالدبيع يأتي مبكرا عن مواعيده وهذا يرجحونه لظاهرة الإحتباس الحراري.
وبعد هذه الكلمة القصيرة في الشعر الجاهلي - الذي سأتحدث عنه بإطناب في الجزء الخاص,وبعد هذه الكلمة القصيرة في الشعر الجاهلي - الذي سأتحدث عنه بإطتابفي الجزء الخاص
خيبر، ثم يتجه نحو الجنوب الغربي إلى إن يصل إلى يثرب حيث تتصل به,حتير،تم يتجه نحو الجنوب الغريي إلى إن يعل إلى يثرب حيث تتعلبه
عند القطلبين الشمالي والجنوبي للكره الارضيه. وتعد غازات فلوروكلوروكربون.,عند القطلين الشمالي والجيوبي للكره الارضيه . وتعد غازات فلوروكلور وكربون.
لقد  كان بين  هذه  الفنون تبادل  كثير في موضوعاتها وأنماطها ، وتفاعل مستمر  .,لقده كان بين هذه القنون تبادل كثير في موضوعاتها وأنماطها، وتفاعل مستمر.
المتفشية ، ولكن من التوظيف الأمثل لنافذته الديموغرافية ، بتوفير فرص شغل منتجة لتلك,المتفشبة، ولكن من التوظين الأمتل لنساقدته الديموغرانية، بنوير مرص شغل منتجه لتلك
حيوية  كبيرة  مهددة  بالتصحر . وستساعد الاتفاقية ، عن طريق حفز,أفريقيا لتجنب آثار تدهور الأراضي . وتاوي المنطقة منظومات جغرافيه
طبقات من الحجارة الرملية غير أنها ليست ثخينة. أما أرض,طبقات قى الحجارا الرمليه غيرأنها لبيست ثخينة. أما أض
"هل نحن الآن على وشك رؤبىة ""لحطة الأببود"" للكتب التى طالما تنبأنا بها ،","هل نحن الآن على وشك رؤببة ""لحطلة الأببود"" للكتب التي حالما تنبأنابها،"
"وينتظر الفلاح سبعين يوما"" ليحصد الشعير والعدس وحكر سنة ، أما القمـح",وينتظر الخلاح سبعين يوما ليحصد الشجير والحدس والكرسنة، أما الضفح
أي من الجانب الشرقي من السلسلة الجبلية، ثم يسير نحو الجهة الشمالية الشرقية,أي من الجانب الشرقي من السلسلة الجبلية. ثم بسير نحو الجهة الشمالية الشريية
الدهن حسواً قال: جعلت فداك دفعتها إلى صديق لي دهان فألقاها في المصفاة,الدهن مواً عال: بعلت حداك دفقعها إلى صيديق لي دهات فألقاف في المصواة
بنسب اكبر عن المتوسط,بنسب اجبر عن المنوي#
أكان نهرا جاريا في زمن بطلموس كما أشار إلى ذلكـ.,أكان نمراجاريا في نمن بطلموس كما أشار إلى ذلك.
وتعتبر الغابات بيئة وموطناً طبيعياً للحيوان و النبات حيث تضم حوال 66% من كائنات,وتعتبر الغابات بيئة وموطاناً طبيعياً للدحيوان والغبات حيثاتضم حوالميه 20% من كائمان
الكيميائيه الحيويه,الكيميائيه الحيويه
فقد فقدت جبال الألب الأوربية بما فيها الأجزاء الواقعة في ألمانيا,فقد فقدت جبال الألب الأوربية باميها الأجزاء الواققة في ألمايا
إلى وجود مدرسين نفسانيين في طاقم التدريس العادي للمدرسة . وتتابع هذه,إلى وجود مدرسين فسانين في طاقم التدريس العادي للمدرسة . وتتابع هذه
والزوايا الخشية على مبدأ الثوبلر . كما تم قياس ارتفاع الشجرة ابتداء من سطح,والزوايا الخشية على هبد الشوبعر- كماتم قياس ارتفاع الشجرة ابتداء من سطح
والمجاعات والحروب . وكان  اولئك السكان قد  أخذوا,والمجاعاق والعروب. وكان اولئله السكان قد أضذما
فكان في وسع التجار المقيمين في سائر ا#نحاء.,مكان في وسع البجار المقيمين في سائر ا#نخاء.
التعليم الخاص لمدة عشر سنوات . وتركز سنوات الدراسة الأخيرة على,التعليم الخاص لحدة عشر سنوات . وتركز سنوات الدراسة الأخيرة على
كوكب الأرض وغلافه الغازي بعد الثورة الصناعية والذي ترافق مع زيادة ملحوظة .,كوكب الأرض وغلافه الغازي بعد التورة الصناعية والذي تراف مع زيادة ملحوظة.
النباتات و الصحالب و البكيزيا بتثبيت ملايين من الاطنان سنوياً,النياتات والصحالب والبكيزيا بقثيت ملايين من الاطنان سنويا
بين # الكتاب المطبوع الذي بلغ من العمر 600 عام و عالم البيع عبر الانترنت عالي ،,بين # الكتبب المطبوخ الذي بلغ من العمر 00 عام وعالم البيع بعبر الانترنت علي،
لكوكب الارض على عده عوامل اهمها ارتفاع عدد السكان وزياده,لكوكب الارض على عده عولعل اهمها ارتفاع عدد الركان وزياحه
الموجوده في اجساد الكائنات الحيه الميته وكذلك #مخلفات,الموصوده في الجاد الكائنات الحيه المييكه وكذلك ع#ملفاتاً
"وقد تركت الأصوات المزعجة، و ""الصيحات"" المرعبة، والنيران التي كانت ترى من مسافات بعيدة","وقد تركت الأصوات المزععة، والصيحات "" المرعية ، والنيران التي كانت ترى من مسافات بعيدة"
تقوم يرفع حرارة الجسم الداكن و تستخدم هذه,تقوم يرفع حرارة الحسم الواكن وتستخدم هذه
"كتابة علمية  وقد زار آثار الأنباط وعاصمتهم ""البتراء"".","كتابة علمية. وخدزار آثار الأنباط وعاصتمتهم ""البتراء."
مما يؤدي مستقبلاً إلى المساهمة في تقليل التأثيرات السلبية لظاهرة الاحتباس الحراري وما تمخض,مما يؤدي مستقبلاً إلى المساهمة في تقليل التأثيرات السلبية لظاهرة الاحتباس الحراري وما تمخص
هي من نوع الترسبات التي تكون في العادة في قيعان الأنهار، ومن,هي منانوع الترسبلات التيا تكون في العادة في قيعان الأنهار، ومن
ينطبق أيضا على أهمية شعر الشعراء المخضرمين بالقياس إلى عمل,ينطبق أيضا على أهمية المشعر الشعراء المخضر مين بالقياس إلى عمل
من جانب آحر يلعب المكان وكيفيه سقوط الأشعه,من جانب آخر بلعب المككان وتيفيه سقوط الأشهر
تأتي الشطرات الزوجية (2468 ) على روي مغاير .,تأني الشطرات الزوجية (16 95) على روي مغاين.
ويمكن  تحديد  مجموعة من  العوامل المفسرة  لهذا الأداء الاقتصادي الضعيف ، ومنها ، على,ويمكن تحديد مجموعة من العوامل المفسرة لهذا الأداء الاقتصادي المعيف ، ومنها ، على
والنخيل، هي مثل الجمال ثروة ورأس مال يسر على صاحبه,والنخيل، هي مثل الجمال ثروة ورأس مال يسر على صاحبه
ولفضل حصال الضحك عند العرب نسمى أولادها بالضحاك وبسّام,ولفضل حصالالضحك عند العرب نسمى أولادها بالضحاك وتام
المتولدة و الكتلة الاصلية حسب معادلة إينشتاين : الطاقة = الكتلة الفانية * مربع,المتولدة والكتلة الاصلية حسب معادلة إينشتاين : الطاقة : الكتلة الفانية لا مربع
و رب دار متوار و من شراب مكروه.,ورب دار متوار ومن شراب مكروه.
الخشب وبطاقات تعريف الكتب، أبدعها فنانون كبار من أكثر من سنين دولة،,الحنش وبطاقات نعرف الكتب ، أبهعها فناتون كبار من أكثر من سنين دولت:
"في نص ""أبرهة""","في نصلأأبر هه"""
غير ان هىالك حماعة من الباحثين ىرى ان نجداً لا يمكن ان ىكون المواطن الاول ، ودلك لأن,غيير ان هيالك حماعة من. لباحئين لرى ان نجداً لا يمكف اه يكون المواطن الاول، ودلك لأن
شراء الماء وإلى كراء من يوقد تحته وإلى التفرغ له. فإن وليت ذلك الخادم اسود,شراء الحاء وإلى كراء من نوقد تحته وإلى التفرع له. فإن وليت دلك الحاوم أسود
لايخطئ ، وهي أيضا ليست الإفراط في الواقعية والتى تعتبر,لايخطرء، وه أيضاليست الإفراط في الواقعية والتر تعتبير
لا # أريد ان ابت فيه الآن . لا اريد أن أنفيه، ولا أريد أن أثبته,لا# أريد ان ابت فيه الآن . لا أريد أن أنفيه ، ولا أريد أن أثبته
كل حوض مائي، مع الحرص على جعل التدبير,كل حوض مائي، مع الحرص على ججل التوبير
حيث بلغ معامل الارتباط البسيط 0.168 كما تبين من نفس بيانات,حيث بلغ معامل الارتباط البيط 100.5 كماتين من نفس بيانات
دخله المزرعي عن 100 ألف ريال سعودي سنوياً ، من حين بلغ متوسط,وخله المزرعي عن 100 ألف ريال سعودي سوياً ، فن حيمن بلغ متوسط
هذا، وإن مما يلاحظ على الكتابات العربية الجنوبية أن التي ترجع منها إلى العهود القديمة من,هذا، وإن مما يلاحظ على الكبات العربية الجنوبية أن التي ترج منها إلى العهود للقديمة من
وهو رجل حقق بالفعل ثروة من بيع الكتب عن طريق الانترنت عالميا .,وهو رجل حتقق بالغعل ثروة من بيع الكثب عن طريق الاشرتت عايميا.
و يحدث عند تهشم بعض الذرات الكبيرة مثل اليورانيوم، لتكوين ذرتين أو,ويحدث عند تهشم بعض الذرات الكبيرة مثل اليور نيوم، لتكوين ذرتيي او
بصبح البحر المتوسط على عباره عن بحر فوسط للخلافه الاسلام كذا,بعبج البر المنوسط على عياره عن تجر فوسط للخلام الاسلامم كذا
ايضا . بل أقف منه موقف المحايد الحذر، لأني لا أجد في المنقول منه,ايضا. بل أقف منه موقف المحايد الحذر، لأني لا أجد في المنقول منه
بالكلف الشداد . فكان بزاؤهم من إحسانهم ما قد علمتم . قال : و من ذلك ان بلال,بالكلف الشداد . فكان جزاؤهم من إحسانهم ما قد علمتم. قال: ومن ذلك آن بلال
تأثيرات ظاهرة الإحتباس الحراري التي تعم العالم ولاتقتصر على منطقة,تاثيرات ظاهرة الإحتباس الحراري التي تعم العالم ولاتقتصر على منطقة
والتقدم النسبي في مجالي الصحة والتربية ، وولوج وسائل,والتقدم النسبيي في مجالي الصحة والترببية ، وولوج وسائل
درجه مئويه يشكل خطوره كبيرة على حياه الأسماك والأحياء البحرية,درجه مئويه يشكل خطوره كبيرة على حياه الأسماك والأحياء البحرية
إنتاج هذه الطاقة على كميات كبيرة من الفضلات المشعة  التى تشكل بحد,إنتاج هذه الطاقة على كمياة كبيرة من الفضلات المشعة التي تشكل بحد
الهواء والرياح من مكان إلى # آخر # داخل هذا النظام وتؤدي إلى تغيرات مناخية بعضها,الهواء والرياح من مكان إلى # آخر # دلاخل هذا النظاع وتؤدي إلى تغيرات مناخية بعضها
على أدوات الدمار من أسلحة وبارود   وخلافه  فقط  ولكن  هو عدم التحكم  في,على أدوات الدمار من أسلحة وبارور وفلافه فقط ولكن هذ عدم التحكم في
جديد ، كتاب ولدوا في الستينيات و السبعينيات ،,جديد ، كتاب ولدوا في الستنيات والسبيعينيات ،
الرسول . ووادي تخال، ويصب في الصفراء بين مكة والمدينه . والصفراء واد من ناحية,الرسول، ووادي تخال، ويصب في الصفراء ين مكة والمديننه . والصعراء وادمن باحية
وهو أحد المنطلقات الهامه التي لايمكن للحضارة الوسط أن تقوم,وهو أحد المنططلقات الهابه ألتى لايمكن للحضارة الوسطا أن تقوم
وتيماء ومدائن صالح والعلا وتبوك، وظفرت بنماذج من فخار قديم، ونقلت صوراً لكتابات,وييماء ومدائت صالح والعلا وتبوك، وظغرت بنهاذج من خار قديع، وتقلت صوراً لكتابات
وسترد في بحثنا عن تاريخ الجاهلية أسماء قبائل عربية كثيرة عديدة لا عهد,وستردفي بحثنا عن تاريخ الجباهلية أسماء قبائل عربية كثيرة عديدة لاعهد
لكوكب الارض عى عدة عوامل اهمها ارتفاع عدد السكان وزيادة ححم المباني,لكوكب الارض على عدة عوايل اهمها ارتفاع عدر السكان وزيادة حجم المباقي
والتهاطلل قصيرة جداً + تتعدى بغعة أيام عكس بفبة غازات الدفيئة,والتقاطلل قصيرة جدا لاتتعدى بخعة أيام عكس دفية غازات الدفيئة
على أنا نجب أن نأخذ بعض هذه الموارد المدكورة بجدر جدّ شديد,على أنانجب أن نأخذ بعض هذه الموارد المد كورة بجار جدشديد
عن حرق الغابات والحقول الزراعية.,عن حرف الغابات والحقول الزراعية.
أدى إلى إصابة العاملين فى المحطة. وهذا يدل على  احتمال وقوع حادث كبير-,أدى إلى إصابة العاملين في المحطة. وهذا يدل على احتمال وقوع حادث كبير
نري صورة العمة تتطرق لأحاديث تاريخية شعبية ، وقد اطلقت,نري صورة العمة تتطرق لأحاديث تاريجية شعبيية، وقد اطلقت
المذكورة. والعاملات في رأيه هما: البيئة الطبيعية و البيئة الاجتماعية. وعنى بالبيئة الطبيعة,المذكدرة . والعاملات في رأيه هما: البيئة الطبيعية والبيئة الاجتماعية . وجنى بالبية الطبيعة
تعلمهم في المافي . أهداف تعليم الكبار  وبناء على ذلك فقد أصبحت ## تشتمل على :,تعلمهم في المافي . أهداق تعليم الكبار وبناء على ذلك فقد أصبعت تع## تشتمل على :
جهوي ودولي يتسم  أيضاً بسلسة من التحولات . ولذلك يعد استكمالها وتحصينها,جهوي ودولي يتسم أيضأ بسلسلة من التحولات . ولذلك يعد استكمالها وتحصيها
الأرض في القرن العشرين،,الأرض في القرن العشرين ،
النمو المستمر لإقتصاد الدول . والاستهلاك المتزايد لها . تأثير غازات المدافئ الخضراء ومتطلبات,النمو المستمر الإقتصاد الدول . والاستملاك الحتزايد لما . تأثير غازات الدافئ الخضرا، ومطلبات
فيما يرى فريق آخــر أن الاسباب تعود إلى تأثير العوامل,فيما يرى فريق آخ أن الاسباب تعود إلى تأثير العوامل
من 3.7 مليون شخص يسبب الغرق والمجاعه وتفشي الامراض ناهيك عن الخسائر,من 1.5 مليون شخصة يسبب الغرعه والياعه وتفشي ألامراض ناهيك عن الخسائر
فنون في الأمم السابقة، مما علم به المسلمون من نحت، وعمارة، ورسم، وأيضًا مما مارسه العرب,فنون في الأمم المابقة، مها علم به المسلمون من نحت ، وعمارة، ورسم، وأيضتاً مما دارسه العربه
الحجارة الرملية في القسم الجنوبي الغربي من هذه المنطقة التي,الحجارة الرملية في القسم الجنوديي الغربي من هذا المنطقة الي
حيث التقسيم تحت مجموعة واحدة هي مجموعة النحل الأصفر؛ فنحل السلالة المصرية,حيث النوسي تحت مجموعة واحدة هي مجموعة النحل الأصفر ؛ منحل لسلالة المصرية
وممدوح عدوان,وممدوح عدوان
الانسان احد اسباب الرئيسية  .,الانسان احد اسباب الرئييية.
وهما معاً مجمتمعين غير منفصلين، أثرا في تلك العفلية .ولهذا الدمض أن نكون تلك العفلية,وهما مقاً مجمتقعين غير منفصلين ، أثثرا في تلكه العفلية . ولهذا الدقض أن تكون تلك العفلية
الآن موقفاً ايجابيا ً،اذ لم أسمع  أحداً من رواة الشعر ذكر,الأن موقفا ايجابياء إذلم أسمع أحدا من رواة الشعر ذثر
أما  عثر فتقع على بعد حوالي ثلاثة كيلومترات إلى الغرب من قرية القوز المذكورة ، وهي,أما عثر فتقع على بع حوالي ثلراثة كيل و مترات إلى الغرب من قرية القوز المنكورة، وهي
،يحدث عندهم من خلاف، والرأي عندهم إن النار تخرج فتأكل الظالم وتنصف المظلوم #,# يحدث عندهم من خلافي ، والرأي عنهم إن النار تخرج فتأكل الظالم وتنصف المظلوم.
حدود دوله معينه .ومن الأمثله الأخرى لحرائق  الغابات تلك الحرائق,حدود دولد معين. ومن الأمثله الأخرى الحرائق الغابات قلك الحرائق
فيه للتعيش به وتصريفه في الأسواق،كما جعلتهم أصحاب ضيافة،يقدمون,فيه للتعيش به وتصريفه في الأسواق، ها جعلتهم اصحان منافة، بقدمون
والمفاخرة والمنافرة، وسائر فنون الأدب.,والمفاخرة والمنافرة، وسائر فنون الأدب.
الكربون كمادة ناتجة فرعية،قد تتوقع استفادة النبات من تنامي ثاني أكسيد الكربون في الجو ،إلا أنه,الكريون كمادة ناتجة فزعية، قد تترقع استفادة النبات من تنامي تاني أكسيد الكربون في الجو، إلا أنة
الرابطه العسكرية ، فقد كان  الرجل يقدم الخدمة العسكرية والولاء الشخصي ، أو يدين بهما ،,الرابط الصكرية، فقد كان الرجل يقدم الخدمة العتكرية والولاء الشخضي ، أو يدين بهما،
تأريخ الجاهلية، أو ينشدوا بعض الأشعار الجاهلية، فكان جوابهم:,تأريغ الجاهلية، أو ينمثدوا بعض الأمشعار الجاهليه، فكان جوابهمف
الأمريكية في الثامن والعشرين من أوغسطس عام 2005 وكانت,الأمريكية في الثامن والعشرين من أوغسط عام 2000 وكانت
وطرق الانتاج بأدنى مستويات الحراثة ، حيث كانت العلاقة مع الاولى وعكسية,وطرق الانتاج بأدنى مستويات الحراثة ، حيث كانت العلاقة مع الاولى وعلسية
مرت قارة أفريقيا بعدد من النغيرات المناخية كانت اخرها الجفاف,مرت قارة أفريقيا بعدد من الذغيرات المناخية كانت اخرها الجفاف
"الأنترنت "". إن "" لحظة الأيبود "" في عالم الكتاب ، التي غالبا"" ما أجلت","الأنترنت: إن تحظة الأيبود"" في عالم الكتابه، التي غالباً ما أجلت"
التصحر بصفه الى محاربة القفر عن طريق المشاريع المتكامله,التصحر لصقه الى محارية الققر عن طريعة المستاريع المقعمل
تلك ال لفاظ من خروريات الحياه في المعيشة البدوية  ، وشعره,تلك ال لفاظ من خروريات الحياة في المعيسة اليدوية، وشعره
الدفاعية عن # اليابان مما هيأ لها فرصة توجيه .,الدفاعية عن ## اليابلن مما هيأ لها فرصة توجيه.
وقد عرف أهل اليمن الأذكياء كيف يستغلون تربتهم، فعملوا مدارج على سفوح جبالهم وعلى,وقد عرف أهل البمن الأذكياء كيف ستعلون تربدهم، معملوا مدارج على سفوح جبالهم وعلى
عن متابعة الدراسات المتصلة بالجاهلية، وإلى محو أثار كل شيء تفرع عن,عنا متابجة الذراسات المتصلة بانجاهلية. وإلى حو أثار كل شيئ تفرع عن
الأخيرة كان مطبوعاً بإعادة الاتشار ، لحساب المدن المتوسطة والصغرى .,للأخيرة كان مطبوعاً بإعيادة الاشار، لحساب المدى المتوسفة والصورى.
الإقتصادية و السياسية عندهم و ذكر تجارتهم مع العلم الخارجي ووقوفهم,الإقدصادية والسياسية عنده وذكر تجارتمهم مع العلم الخارجي ووقوقهم
والتفسير، مصدر آخر من المصادر المساعدة لمعرفة تاريخ العرب قبل الإسلام وفي كتب,والتفسير . محدد آخر هن المحادر المساعدة لمعرفة تاريح العرب قبل الإسلام وفي كتب
التعليمي .   2. تعزيز المؤهلات المهنية أو اكتساب الخبرة اللازمة لممارسة حرف أو ممن,التقليمي . أ. تعزيز المؤهلات الممنية أو اكتساب الخبرة اللازمة لممارسة فرق أوممن
أكثر من 300 ألف قىيلاً ناهيك عن الخسائر المادية والدمار الذي أحدثه,أثثر من 100 الف قتيلاً ناهيل عن الخسائر المادية والدمار الذي أحدثه
الأخير والتي تتميز ليس فقط بإعتدال # معدلات درجة الحرارة وانما ايضاً بانتظام,الأخير والتي تتميز ليس فقط بإعتدال # معدلات درجة الحرارة وانما ايضاً بانتظام
بين رفاء تارة وكساد تارة أخرى . وكانت ساعات عمله كثيرة تختلف من ثمان,بين رقاء تارة وكساد قارة أخرى. وكانت ساعات عمله كثيرة تختلف من ثمان
القيم ، وتحدث  هذه التغيرات ، أساسا ، عبر ترسبات معقدة ، لا من خلال قصعيات,القيم، وتحدث هذه اليغيرات ، أساسا ، عبر ترسبات معقدة ، لا من خلال قصعيات
تعلق الأمر بالأشكال التعبيرية التقليدية أو بالاجناس الحديثة ) مسرح ، سينما ، فنون,تعلق الأمر بالأشكال التعبيرية التقليدية أو بالاجناس الحديثة ) مسرح ، سينما، فيون
الإنتاج في وحدة المساحة .,الإنناج في وحدة المساحة.
في ملاحة تشانغلو مثل القصور البلورية.  برغم أنني لم أر العمال وهم,في ملاحة تشاتغلو مثل القصور البلورية. برعم أني كم أى الحمال وهم
وقذفت الطبيعة بالاعراب في كل مكان من امكنة الجزيره ، حتى زاد عددهم,وقذفت الطبيعة بالاعراب في كل مكان من امكنة الجزيري، حتى زاد عددهم
تنفض على اهدافها لا تلوي على ولا تعقب ،حتى ننجز مشروعنا الحضاري .,تنقض على اهدافها لا تلوي على ولا تعقب ، حتى ننجز مشروعن الحضاري.
هذه الطبقه وتكوين ثقباً كبيراً في هذه الطبقه يسمى ثقب الاوزون ياخذ بالتوسع وخصوصاً,هذه الطبق وتكوين تقباً كبيراً في هذه الطبقه يسمى ثقب الاوزون ياخذ بالتوسع وفصوصاً
بنسخ أحدهم عن ناسخ آخر. وهكذا. فليس للنساخ علم بالمسند، ولذا لا أستبعد,"بنسخ ""أحدهم عن ناسخ آخر. وهكذا. فليس للنساخ علم بالمستد، ولذا لاأستبعد"
( التعبير البديل المستخدم لعبارات العاجز ، المعاق ، غير السوي ، غير المتكيفـ,(التعبير البديل المستخدم لعبارات العاجز، المعاق، غير السوي غير المتكيف
حيث تعانى شعوب هذه الدول من الجفاف والمجاعة منذ اكثر من عشرة .,حيب تعاني شعوب هذه الدول من الجفاق والمجاعة منذ اكثر من عشرة.
من فراغ ، فلا بد من اعتماده على بيئه معروفه ، أو زمان معروف ، أو بطل,من فراغ، فلا بد من اعتماده على بيئه معروفه ، أو رمان معروف، أو بطل
تكون هذه السلاسل مانعاً - لأبخرة المتصاعدة من البحر الأحمر,تكون هذ ااسلامل مانعاً- لاتجرة المتصاعد من البحر الأحمد
وليس من حقنا أن ندعى أن مدينة العصور الوسطى هي الأمثل الأعلى لما يجب,وليسن من حقنا أن ندعي أن مدينة العصور الوسطى هي الأمثل الأعلى لما يجب
القبائل الساكنه في مضارب قريبه من الارياف ومن الحضر، تشتري الخيل وتعتني بها,القبائل الساكنه في وضارب قريه من الارياف ومن الحضر، تشتري الغيل وتعتني بها
أما   ثالث الأضلاع فقد كان الإهتمام بالجودة بمفهومها الواسع,أما ثالث الأضلاع فقد كان الإهتمام بالجودة ممفهوقها الواسع
الواصلة إلى الأرض إلى # إختلاف في درجة الحرارة,الواصلة إلى الأرض إلى # إختلاف في درجة الحرارة
طلاباً ذوي متطلبات تعليمية خاصة ، معلمين ذوي تعليم خاص ، بالإضافة,طلاباً ذوي متطلبات تعليمية خاصة، معلمين ذوي تعليم نخاص ، بالإضافة
وكما تقرر المدير التنفيذي للنادي ، أما نىا روس ، التي أطلق عليها أحد استطلاعات صحيفة,وكما تقرر المدير التنفيذي للنادي ، أماننا روس، التي أطلق عليها أحد استطلاعات مدحيقة
بما ئيرىوح بين 1.8 الى 5.8 درجة متوية كلول عام 2100 وتؤكد التقارير المذكورة أن,بما ئيريوح بين ل1.5 إلى 1.5 درجة حتوية اكلول هام 1000 وتؤكد التقاري المذكورة أن
أما هذا الثعبان، فقد كان أرضاً في الأصل، خسفت على هذه الصورة في الزمن للثالث من,أها هذا الثعبان، فقد كان أرضاً هي الأصل، حسفت على هذه الصورة في الزمن للثالث من
التي قرر الإسلام طمسها، أعني بذلك الديانات والطقوس الوثنية,التي قرر الإسلام طمسها، أعني بذلك الديانات والطقوس الوثنية
كإختلاف .,كإختلاف.
في هذه الحالة وكيلاً له يشرف على أملاكه أي على ضياعة كلها  ، وكان له في,في هذه الحالة وكيلاً له شرف على أملاكه أي على ضياعة كلها، وكان له فن
"ويشمل القبائل والناس. و قد جمعت جمعاً, على طريقة رواة النسب في رواية",ويشمل القبائل والناس. وقد جمعت جمعاًو على طريقة رواة النسب في روإية
فرأى ان كتابات أهل الحرة كانت بالكتابة النبطية وبالأرقام النبطية، كما,فرأى ان كتبابات أهل الحرة كانت بالكتابه النبطية وبالأرقام النمطية، كما
ينبي قرصا واحدا كبيرا تتراوح أبعاده ما بين 66 سم طولا و 36 سم عرضا ،وسمكه # من أعلى 15سم وأسفل 1 سم،,ينبي قدصا واحدا كبيرا تراوي أبعاده مابين 2، سم طولا و15 سم عرضا، وسحكة من أعلى 15سم وأسغل اسم،
خلاله بإنجاز جميع فعالياتها الحيويه . وبمساعده الأوكسجين الذي,خلاله بإنجاز جميع ففالياتها الحيويه . ولماعده الأوكسجين الذي
الأمطار. كما تقوم هذه المسطحات المائية بتحرير واشعاع الطاقة الحرارية المخزونة,الأمطار. كما تقوم هذه المسطحات المائية يتحرير واشعاع الطاقة الحرارية المخزوية
التي أصبحت في الوقت الحاضر علماً على كامل المكان بما يلي في ذلك موقع عثر نفسها،,التي أصبحت في الوقت العاضر علماً على كامل المكان بمايلى في ذلك موجع عتثر نفسها،
الكهربائية المنتجة في محطات توليد الطاقه الكهربائية. أدى الإنفجار,الكدربائية المنتبجة في محطات توليد الطاقه الكمربائية. أدى الإنفجار
"وقد أورد الهمداني في الجزء الثاني من كتابه ""الإكليل "" جملة تدل على أن ""السجل القديم ""","وقد أورد الهمداني في الجذء الثاني من كتابه ""الإكليل ""جملة تتل على أن ""السجل الغديم """
مهددين بنزاعات عنفية ،,مهددين ببزاعات عيفة،
ادت الامطار الغزيرة التي ضربت موزنبيق مع بداية عام 2007 إلى وقوع,ادت الامطار الغزيرة التى طرببق موزنبيق مع براية عام 2000 إلى وقوع
وكان المهلب أوضاهم ،,وكان المهلب أوضاهم و
وتبدز نفسها من خلال الانفجارات البركانية والينابيع الحارة وبعض الظواهر,وتبوز لفسها من خلال الانفجارات البركانية والينابيع الحارة وبعض الطواهر
بدا الحساب أخيرا بات مستحقا . ألم يأن الأوان لنقول وداعا لجوتنبرج ،,جدا الحساب اخيرا بات مستدحقا. ألم يأن الأوان لتقول وداعا لحوتنرج،
"فيها الزرع ليبلغ قامة الرجل, وقد غمر الضمي  أجزاء منه  ، فيصعب قلعه",فيها الزرع ليبلغ قامة الرجل، وقد غمر الظمي أجزاء منه ؛ فيصعب قلعه
مناسيب مياه نهري دجلة والفرات وروافدهما في الاراضي العراقية وظاهرة,مناسيب مياه دجلة والغرات وروافدهما في الاراض العراقية وظاهرة
في مشاركة الدولة في وضع معايير التعليم الأساسية، بالإضافة إلى تنظيم,في شاركة الدولة في وضع معايير التعليم الأساسية، بالإضافة إلى تتظيم
نموه  المؤسساتي و السياسي ، هاد فا بذلك إ لى بناء دولة عصرية .,نموه المؤسساتي والساسي ، مادفا بذلك إلى بناء دولة عصوية.
تشيرالابحاث والدراسات والتجارب المختبرية ألى أن هذه التركيزات لفاز ثنائي,تشر الابحات والدراسات والتجارب المختبرية آلى أن هذه التركيزات لغاز ثنائي
و من تصدق و شرط الشروط استحق العرمان .,وهن تصدق وتشرط الشروط استحق العرمان .
"وفرت البينات الضرورية لـ "" معالجة الكتب درامياً "" من خلال التليفزيون . وتتذكر قاتلة :","وفرت البينات الفرورية (""معالجة الكتب درامياً"" من خلال التليفزيون . وتذكر قاتلة :"
واخيراً لون الطبقة السطحية للارض ، وتبلغ نسية معامل الإنعكاس للارض حالياً,واخيراً لون الطيقة السفحية للارض . وتبلغ نبة معامل الإنخكاس للارحي حالياً
بدور مهم واساسي في تكوين مناخ الأرض كما وتلعب نفس,بدور مهم واساسي في تكوين مناخ الأرض كما وتلعب نفس
لا يمكن التعميم، ما دمنا لا نملك بحوثا و دراسات علمية منسقة ، قام بها علماء,لا يمكن التعميم ماد منا لاتصلك بعوثاً ودراسات علمية منسقة، قام بها علماء
وخليج البنغال ومدينة البصرة بالغرق. تعتبر بنغلادش والتي,وخايج النفال ومدينة البصرة بالغرق. تعتببر بنغلادشد والتي
لا يختلف عن غيره في جهله بتأريخ اليمن القديم، فملأ الفراغ بإيراده,لا يختلف عن غيره في جهله بتأريخ اليمن القديم، فملأ الغراغ بإيراد
التي تليها ؟؟؟؟ 1- الأبحاث البعيدة عن الأطروحات العلمية : لو نظرنا إلى الأبحاث العلمية الخار#,التي تليها ؟؟؟ ؟ 1- الأبحاث البعيدة عن الأطروحات العلمية: لونظرنا إلى الأبحات العلمية الجاري
محفوظة، وعندئذ يمكن الحكم حكماً علمياً سليماً على مقدار علم أولئك العلماء,محضوظة، وعندئذ يمكن الحكم حكماً علمياً سليماً على مقدار علم أولئك العلماء
بعد بدايه الثورة الصناعيه واستهلاكه المتزايد للوقود الإحفوري ادى,بعد يدايه الثورة الصنتاعيه واستهلاكه المتزايد للوقود الإحفوري ادى
"و عاصمتها ""بطرا"" ""بترا"" ""البتراء"" . وكانت حدود هذه المنطقه تتوسع وتتقلص","وعاصمتهاً بطوا"" ""بتبراً"" ""البتراء"". وكانت حدود هذه المنطقه تتوسع وتتقلص"
الهامة لتنمية الإبداع .,الهامة لتنمية الإبداع.
في السين الأخيرة من الخدمة أجراً وأدوات؛ فإذا ما قضي مدة التمرين أعطى منحة,في السنين الأخيرة من الخدمة أجراً وأدوان ؛ فإذا ما قضي مد التمرين أعطى مدتة
30%.,10%
أن يفهمه . وثمة  نقوش بارزة في أخرى تصور أشهر العام وما  اختص به,أن يفهه . وثمة نقوش بارزة في أخرى تصور أشهر العلام وما اختصبه
"وقد تحدث ""ابن النديم"" في كتابه ""الفهرست""، في المقالة الثالثة التي خصصها","وقد تعدث ""ابن النعيم"" في كتالو ""الفهرست""، في المقالة الثالرة التي خصصها"
مجتمعاً .,مجتمها.
من قبل توماس مدجلي العامل في شركة جيزال موتورز الأمريكية,من مبل توياس مدجي العامل في شرلة جيزال موتورز الأشريكية
من ينجو بنفسه.,من ينجوبنفسه .
"من الحجارة الرملية الايولينية الحمراء، وعلى مسافة ""35""","من الحجارة الرملية الايوليفية الحمراء، وعلى مسافة""ك5"""
ورد جوابا عن أسئلة الصحابة عن أعمال منافية للإسلام ارتكبوها في الجاهلية،,ورد جوابا عن أسئله الصحابة عن أعمال منافية يلإسلام اوتكبوها في الجاهلية،
وتقع قرية القوز أو قوز الجعافرة على بعد حوالي 30 كيلومتراً إلى الشمال الغربي من,وتقع قرية القوز أو قوز الجعافزة على بعد حوالى 20 كيلومراً إلى الشمان الغربي من
والجواهر ؛ وكان مما ألم  جين  النافارية,والجواحر؛ ومكان بما آلم جين النافارية
فإنه لم يستطع أحد أن يقدم دليلاً عن اسباب الاختلافات الموجودة في مستويات الحرارة بالمناخ,فإنه لم يستطع أحد أن يقدم ءليلاً عن اساب الاختلافات الموجودة في مستويات الحرارة بانخناح
إذا أردت الطباهج والمقلى بعد الرد من وقال أبو إسحاق إبراهيم,إذا أردت الطباهج والمقلى بعد الرد من وقال أبو إسجاف إبراهيم
كوسط لنمو النباتات ، أي المقصود بمفهوم الزراعة بدون تربه هو,كوسط لغمو النباتات، أي المقصود بمفهوم الزراعة بدون تربه هو
يصبح سوياً في حياته، ثم مساعدته على الاندماج في مجمعتة ويرى خبراء التعليم .,يصبح سوياً في حياته، تم مساعيدته على الانزماج في مجمعقة ويرى خبراء التقليم .
السلالة الايطالية ، حيث تربى في شمال غرب البلاد ، والسلالة,السلالة الانطالية ، حيث تربى في شمال غرب البلاد ، والسلالة
التخاطب . أما التدريس في المرحلة الثانوية,التتاطب . أما التدريس في المرحلة التانوية
يستأجرون بأقل الأجور . وأن الكثرة الغالبة من فرسان الاقطاع .,يستأجرون يأقل الأجور . وأن الكثرة الغالية من فرسات الاقطاع.
"و ""عرب""  في التوراة ، نجدها  بهذا  المعنى تماماً . ففي  كل المواضع التي وردت فيها","و""عرب"" في التوراة ، نجدها بهذا المعنى تماماً . ففي كل المواصع التي وردت فيها"
والتي يمكن أن تعرف . بأنها زراعة النباتات بدون استخدام التربة الطبيعية,والتي يمكن أن تقرف . بأنها زراعة النباتات بدون استخدام التربة الطبيعية
الكونية أو الشمسية الواصلة للأرض عبر غلافها الجوي مما يؤدي إلى تغيرات مناخية,الكونية أو الشمستة الواصلة للأرض عبر غلافها الجوي ما يؤوي إلى تغيرات مناخية
من 25 سم على الشجرهـ فقد ثباين حددها هي الأخدى من عام لآخر كما تباين بين الضفين ،,من 25 سم على الشجرهـ فقد تباين حددها هي الأخوى من عام لآخر كما تباين بين الضفين،
فصرنا في لنا ولا علينا . واستلف منه على الأسوري مائة درهم . فجائني,فصرنا في حال لناو لا علينا . واستلف منه على الأسواري مائة ورهم . مجائتى
والسواحل العربية الجنوبية عدداً كبيراً من الافريقيين ، هاجروا,والسواحل العربية الجنوبية عدداً كبيراً من الاريقيين، هاجروا
"وأسفارهم""، وتدل هذه الملاحظة التي تؤيد رواية ""ابن الكلبي""","أسغاه""، وتدل هذد المسلاخظت التي تؤيد يوإنت ""اب الكلبة"""
التغير المناخى لوقوعها من طريق مرور العواصف الإستوائيه,التغير المداخى لوقوعها فن طريق مرور العواصف الإستوائيه
ويرد تيمور على تساؤلاته: أن الادب المنحط المبتذل لا يمكن نعته بالشعبي، لأن صفة,ويرد يتمور على تساؤلاته : أن الادب المنحط المبذل لا يمكن نعته بالشعبي، لأن صفة
تبلغ المائة عدا ، وكان من العادات الظريقة أن يخاطب كل كبير بلقبه و # اسمه الأول أو,تبلغ المائة عدا ، وكان من العادات الظريقة أن يخاطب كل كبيد سلقبه و# اسمه الأول أو
أدركوا أنفسهم الحوادث ، وكلها من الحوادث القريبه من الاسلام وللتي وقع,أدو كواء انطسهم الحوادث ،وكلها من الجوادت القريبه من الدلام ولتي وقع
يعتبر إهداراً لهذه المادة الثمينة التي يمكن أن يستخرج منها العديد من المنتجات,يعتبر إهداراً لهذه المادة الثمينة التي يمكن أن يستخرج منها العديد من المنتجات
أخرى هامة من تسويق الجوائز الأدبية أخذت # جاردين تجنة الحكام في جولة,أخرى مة من تسويو الجوائز الأدبية أخذت # جلردين مجنة الحكام فيتجولة
له أن يؤدي إلى تاخير أو عدم مرور كوكب الأرض بعصر جليدي جديد ، إن أي تغيير في,له أن يؤدي إلى تاخير أو عدم مردر كوكب الأرض بعصير جليدي جديد ، إن أي تقير في
في المانيا بلع حوالي درجه مئوية حيث ارتفعت معدلات درجه,في المانيا بلع حوالي درجه صئوية حيت ارتفعت معدلات درجم
قلت : قد حدث من البرد بمقداره. ولو كان هذا البرد الحادث في تموز وآب لكان,قلت : قد حدث من البرد بمقداره. ولوكان هذا البحرد الحادث في تموز وآب ككان
الانسان ومن خلال نشاطاته المتعددة أصبح يواجه مشاكل بيئية كبيرة كان هو السبب الريئسي,الانضلن ومن قلال نشاطاته الميقددة أصبح يواجه مشاكل بيئية كبيرة كان هو السبي الرييني
بتخصيص أموال لأعمال البحث والتطوير ىهدف استغلال طاقة الرياح والطاقة,بتخصي أموالن لأعمال البحث والتطوير بهدق استغلال طاقة الرياح والطاقة
بل أصبحت أيضا تقدم له الظروف المتوافقة للعمل في شتى المجتمعات و الأماكن.,بل أصبحت أيضا تقدم له الظروف المتوافقة للعمل في شى المجتمعاك والأماكن.
وقد استخد م المد والجزر لتوليد الطاقة في التاريخ القد يم في,وقد استخدم المد والجرو لتوليد الطاقة في التاريخ القديم في
الرطب أو و الدفاع : الذي إذا وقع في القصعة عظم فصار مما يليه نحاه,الرطب أو والدفاع : الذي إذا وقع في القصعة عظم فصدار مما يليه نحاه
أو القرن الخامس على أكثر تقدير. أما ما روي على أنه فوق ذلك، فإننا,أوالقرن الخامس على أكثرتقدير. أما ماروي على أننه فوق ذلك، فإننا
ليشمل الجودة  والتميز بالفعالية والريادة بالكفاءة . وأخذت,ليشمل الجودة والتصيز بالفعاليه والريادة بالكفاعرة . واخذت
وتعيش في الرمال وفى الغابات وبين الصخور، فصائل من الحيات مختلفه الأحجام، بعضها,وتعيش في الرمال وفي الغابات ويين الصخور، مصائل من الحيات مختففة الاجام، بعضها
واستنادا  إلى التوجهات  الموروثة ، غداة الاستقلال فقد تحدد  تدبير المجال,واستنادا إلى التوجهات الموروثة . غداة الاستقلال فقد تحدد تدبي المجال
من المال يبدأ بها عمله مستقلاً، فإذا هرب من معلمه أعيد إليه وعوقب على هربه، فإذا,من المال يبدأبها عمله مستقلاً ، فإذا هرب من معلمه أعيد إليه وعوفت على هربه ، فيذا
والشروط التي يصح للسفينة التجاريه أويجب عليها بمقتضاها أن تتحول الى سفينه حربيه  .,والشروط التي يصح للسفينة التجاريه أويجب عليها بمقتضاها أن نتحول إلى سفين حربيه.
وكنت في قنزل ابن أبي كريمة وأصله من مرو . فرآني أتوضأ من كوز خزف فقال:,وكنت في قنزل ابن أبي كريمة وأصله من مرد. فرآى أتوضأً من كور خرف فقال.
إليها من السواحل الافريقية المقابلة واستقروا فيها بكثرة واختلطوا,إليها من السواحل الاقريقية المقابلة واستقروا فيها يكثرة واختلطوا
2 . تنمية علاقاتهم مع الآخرين من خلال وسائل التعبير. 3 . إكسابهم قدراً معيناً من الاستقلال في أنشطتهم اليومية. 4 ـ تنمية مهاراتهم في,2. تنمية علاقاتهم مع الآخرين من خلال وسائل التجبير.2. إكمابهم قدراً معيناً من الاستقلال في أنشطتهم اليومية . 1 - تنمية مهاراتعم في
ويقدر الأحتياطي الموجود داخل باطن الأرض بمئات البلايين من,ويقدل الأحتياطت الموصود داخل بلاطن الأرضن يمئات اليلايين من
عمد الاشجار ، والتي تختلف من نوع لاخر ومن صذف لاخر ومن منطفة لأخرى . ففي الولايات المتحدة الامريكية,عمد الاشجار، والتي تختلف من نوع لاخر ومن صتذف لاذر ومن مدطاقه لأخرى. ففي الولايات المتحدة الامريكية
لدنياك عمل من يعيش أبدأ.,لدياك عمل من يعيش أبدأ.
فضلاً عن الزيادة الكبيرة والمتسارعة في نمو سكان الكرة الارضية و القطع المتزايدة,فضلاً عن الزيادة الكبيرة والمتسارعة في نمو سكان الكرة الارضية والقطع المتزايدة
السابق للولايات المتحدة ، بيل كلينتون . وأعلن كلينتون ، بعبقريته في ابتكار شعارات واسعة الانتشار ،,السابق للولايات لمتحدة، بيل تكينتون . وأعلن كلينتون ، بصبقريته في ابتلار شعارات واسعة الاششار،
"ب ""النسابه""، وقيل عن أحدهم ""أحد النسابين"" أو ""وكان ناسبا""، أو بالتسفـير","ب ""النسابه"". وقيل عن أحدهم ""أحد النابين""او ""وكان ناسبا، أو بالتفير"
و 3.13 درجة وانحراف معياري 0.77 ، 0.089 على التوالي ،,و1(1 درجة وانحراف معياري لالا.، و9.و# على التوالي،
الحدس والتخمين، وبعد حيرة شديدة في إيجاد تعليل مقبول,الحرسل والتخمين، ويعد حيرة تسديدة في إيحاد دتعليل مقيول
تجميع نظام الارض وقطاعات الأودية يمكن  تفسير إتعال أو انفصال على متوى الأحواض,مجميع نظام الارض وقطاعات الأودية يمكن تفير إنقال أو انفصل على متهوى الأحواض
أما تأثيرها في دماء أهل الشرق الأدنى وفي سماء سكان جزيرة العرب  ،,أما تأثيرها في دماء اهل الشرق الأدنى وفي سماء سكان جزييرة العرب ،
والأمثله الطبيعيه لهذا النوع من الطاقه هي حركه الرياح وظاهرة المدو الجزر،,والأقتله الطبيعيه لهذا الزوع من الطاقه هي حدكه الرياح وظاهرة المد والجزر،
حجم الجليد الموجود في القطب الشمالي تراجع الى اقل مستوياته.,حجم الجايد الكوجبد في القطب الشمالي ترجع لى احل متوياته
الحرارة إلما فقدان الجزيئات للطاقة الحركية فتنقارب الجزىئان,الحوارة العافقدان الجزيئات للطاقة الحوكية مسقارب لجزيكان
فترة تاريخية ، تميزها العديد من السيرورات الانتقالية:,فترة تاريغية، تمير هيا العديد من السيرورات الأنتقالية:
تعرف ظاهرة الاحتباس الحرَاري على أنهَا الزيادة التدريجية في درجة,تعرف ظاهرة الاحتباس الحراري على أنها الزيادة التد بعية في دحة
و هي المرحلة التي أصبحت فيها التكنولوجيا تمدّ العلم بأدواته و أجهزته المختلفة،,وهي المرحلة التي أصحت فيها التكنولوجيا تمد العلم بأدواتة وأجهزبه المختلفة .
الغنى إن يعبر بكثرة ما عند الإنسان من إبل .,الغنى إن يعبر بكثرة ماعند الإنسان مي إيل.
والحديد، وتستخرج الاملاح من الصخور الملحية التي في الحجاز وفي عسير عند,والحديدء وتستتخرج الاملاح من الصخور الملحية الي في الججان وفي عسير عند
وفي منتصف الخمسينيات من القرن الماضي، # ساد الاعتقاد بان اهتمام علم اقتصاد التنمية ،,وفي منتصف الخمسنيات من القرن الماضي، وساد الاعتقاد بان اهتمام على اقتصاد التنمية،
من البشر بسبب حرق بيوتهم ومزارعهم وموت اغنامهم والى تلوث كبير للهواء,من البشر بسبب حرق بيوتهم ومزارعهم وموت اغنامهم وإلى تلوث كبير للهواء
مغاطس لغاز ثنائي أوكسيد الكربون تقلل من تركيزاته في الغلاف,مغاطص لغازثنائي أوكسيد الكريون تقلل مف تركيزاته في الغلاف
المناهج والبرامج ، وبتكوين المدرسين ، وبالقيام التي تروج لها المدرسة ، ما تزال مطروحة.,المناهج والبرامج، وبتكوين المدرسين ، وبالقيام التي تروج لها المدرسة، ما تزال مطروحة .
في مايو 2007 انطلقت من سلطة عُمان، وبعد ست ساعات,في مايو 2000 انطلقت من سلطة عمان، وبعد ست ساعات
وعلة الجهجاه في تحسين الكذب بمرتبة الصدق  في ### مواضع وفي تقبيح الصدق في مواضع,وعلة الجصجاه في كسي الكذب بمرئيه الصدق يي ## مواضتع وفي تقبيح الصدق في مراطتع
العضويه هـ للنباتات والحيوانات لم تتحلل كاملاً بل طمرت,العضويه # لليياتات والحيوانات لم تتحلل كاملاً بل طمركا
الحديث حيث أدى ارتفاع منسوب المياه في نهر يانغستي نتيجه الامطار الشديده إلى موت أكثر,الحديث حين أدى ارتقاع مسون الياه في نهد يانفستي نتجه الامطار الشديدة إلى يويه أكثر
فلم يفطن له. ففعل ذالك مراراً و المهلب يراهـ و قد أمسك عن الأكل,خلم يفطن له. ففعل ذالك مراراً والمهلب يراه وقد أمسك عن الأكل
وهما:الاندماج النووي :ويحدث عند اندماج نواتين لذرتين خفيفتين،,وها: الاندماج النووي : ويحدث عند اندماج نواتين لذرتين خقيفين،
بما فيها مدينة دلهي . والعاصمة هي نيودلهي .,بماخيها ميعيمة دلهي . والعاهمة هي ييودلهي.
أوكسيد الكربون إلى الجو.,أوكسيد الكربون إلى الجو.
وكانت تفرض على أعضائها أن يمدوا بالمعونة زملائهم النقابيين في حالات المرض والكوارث،,كانت تفرض على أعضائها أن يمدوا بالمعونة زملائهم النقابين في حالات المرض والكوارث
مع بيئته ، وكان يستهلك كمية قليلة من فائض الطاقة المتولدة من الشمس التي تسقط,مع بيئته، وكان يستهلك كمية قليلة من فائض الطاقة المتولدة من الشمبي القي تسق#
طبيعة السطح الخارجي للمادة ( خشناً أم أملساً ) و لونة في إنعكاس,طبيعية السطح الخارجي للمادة (خشناً أم أملساً ) ولونة في إنعطاس
بخصوص متوسط قطر تاج الشجره ، من الواضح أنه كان متقارب جدا خلال أعوام الدراسه عن الصنف,نخصوص متوسط قطر باج اللتجره، من الوامخ أنه كان متلاربة جدا ملال أعوالم الدراسه عن الصنف
لأحد  شعراء # شمى قوله,لأجد شعراء هو شمى قوله
أرتفاع الدخل المزرعي لغالية الزراع إذ أن 72.7% مخصم من يد,أرتفع الدخل المزرعي، لغالية الزراع إذ أن 120 مخسم فن يد
"وتعد النفوذ من الأماكن المائلة أو المنحدرة، ويظهر من القياسات ""وان كانت قليلة جداً""","وتعد النفوذ من الأماكن المأئلة أو المذحدرة، ويظهر من الفياسات"" وان كانت قليلة جداً"
"عملاً إبداعيا خاصاً بي ولم أكن أديد شعاد الملكية المشتركة ذاك عليه"".#","عملاً إبداعياً خاصاً بي ولم أكن أريد شعار الملكية المشتركة ذأك عليه"". ##"
"ولم ينج هذا الشعر أيضا من الوضع، فحل على بعض الشعراء مثل ""حسان ابن ""","ولم ينج هذا الشعر أيخا من الوخع فحل على بعف الشعراء مثلا حسان ابت"""
من كلام، أو من رواية ذلك الكلام المنمق والحديث الطويل العذب،,من كلام: أو من رواية ذاغر الكلام المنمق والحديث الطويل الهذب،
عن النشاط البشري مثل غازي الميثان وثاني اكسيد الكربون والتي تؤدي,عن النشاط البشري مثل غمازي الميثان وثائي اكسيد الكربون والتي تؤدي
يعود السبب في ذلك الى التأثيرات الخطيرة و المدمرة لهذه # الظاهرة على كل من,يعود السبب حي ذلك الى التأيرات الخظيرة والمدمرة لهذه # الظاهرة على عل من
"""الربع الخالي"" # لخلوها من الناس.","""الربع الخالي"" # لخلوها من الناس."
للضبط ، واعتماد  آليات ناجعة للسياسات الجبائية والمالية والنقدية ، والتحكم في,للضط، واعتماد آليات ناجعة للسياسات الجبائية والمالية والنقديه، والحكي في
في كل بلدة  نقابات  خاصة بهم  ، فنهد في 1099  نقابات لطوائف  الناجين,فيي كل بلدة نقابات خاصة بهم، فنهد في 1990 تقابات لطوائف الناعين
"زراعيه خصبه ذات أبار على قربه من خليج الكويت , ويظن إن الخندق الذي أمر بحفره ""سابور ذو","زراعه خصبه ذات أبار على قربه مف خلخ الكوبيت وديظن إن الخدق الذي أمر بحزره ""بابوردو"
والأدب.مند أقدم الازمنة وحتى العصور الحديثة.غنية بالمادة الفلكلورية بمفهوم .,والأوب. فند اقدم الإزمنة وحق العصور الحديثة. عنية بالعادة الفلكلورية بمفهوم..
كأنها أحرقت بالنار، ويكون ما تحتها أرضاً غليظة، من قاع ليس بأسود، وانما,كأنها أحرقق بالنار، ويكون ماتحتها أرضاً غلينظة، من قاع ليس بأسود، وانما
الحيوية كمصدر للطاقة. كانت  الكتلة الحيوية المصدر الرئيسي,الحيوية كمصدر للطاقة. كانت الكتلة الجيوية المصدر الرئيسي
قدرة الحوض على التنظيم الذاتي ودخول أي عنصر ينصهر في النهاية.,قدرة الحوض على التنظيم الذاتي ودخول أي عنصر ينصهر في البهاية .
أبراج اليمن أبراج التراب ما زالت صامدة منذ آلاف  السنين أمام قسوة الطبيعة,أرج اليمن التراب ما زالت حامدة مند الاف السين أمام قسوت الطبيعت
مادة التراب كمادة أساسية في العمارة بشكل رسمي وفعال .  وكانت تلك الفترة (فترة الخمسينات,مادة التراب كمادة أساسية في العمارة بشكل رسمي وفعال . وكانت تلك الفترة (فترة الخمينات
لهذا المركز ما هي إلا مشاركات الجماهير الشعبية  .,لهذا الممركتز ما هي إلا مشاركات الجما هير الشعبية.
فهو إن لم يسلف كرماً أسلف خوفاً . وهذا باب الشهرة فيه قرة عينك.,فهو إمد لم يسلف كرماً أسلف خوفاً . وهذا ياب الشهرية ميه قرلاً عينك.
ولقد أنشأت جنوى قنصلية لها من هذا النوع في عكا عام   1180 ، وحذت المدن,ولقد أشأت جيوى قنصلية لها من هذا النوع في عكاعام 1116، وحذت المدن
الباب على أبي مازن فبت عنده في ادنى بيت أو في دهليزه و لم ألزمه من مؤنتي شيئاً .,الباب على أبي مازن فيق عنده في أدفى بينت أو في دهليزه ولم ألزمه من مؤنتي شيئاً .
"على الاقل ، وإذا ما استعمل ما يسمى""بالمفاعل النووي المنتج"" فإن الوقود النووي سيسد","على الاقل، وإذا ما استعمل ما يسمى ""بالمفاعل النووي المنتج"" فإن الوقود النووي سيسد"
والخيار  الأفضل للطلاب  العرب في الحصول  على شهاده جامعيه قويه و,والخيار الأفضل للطلاب العرب في الحصول على شهاده جامعيه قويه و
ضرورة # دراسة هذه الظاهرة وايجاد المعالجات والحلول اللازمة لوقفها .,مرورة ## دراسه هذه الظاهرة وايجاد المعالجات والحلول اللازمة لوفعها.
تشير المؤلفات القديمة الى ان الاهتمام بالفلكلور ليس حديثاً، فكتب الرحلات والتاريخ,شير المؤلفات القديمة الى ان الاهتام بالظلكلوو ليسى حديثاً، فكتب الرجلاات والتاريع
الخاصه.,الخاصيه.
بخسائر مادية تقدر بالمليارات من الدولارات الامريكية. تسببت الحرائق التي نشبت,بضسائر مادية تقدر بالمليارات من الدولارات الأمريكية . تسبت الحرائق التي نشبت
إلى المناطق الإستوائية .,إلى المناطق الإستوائية.
الاعداد المتزايدة من الأفراد ، الوافدة على سوق العمل . وفي النهاية ، فإذا كانت إدارة المغرب ثابتة,الإعداد المتزايدة من الأفراد ، لواقدة على سوف العمل. وفى النهابة، فإذا كانت إدارة المغرب تاتة
"الحضر، فنطلق عليهم لفظة ""عرب"" في معنى بدو وأعراب، أي بالمعني الأصلي","الحضير، فتطلق عليهم لفطا عرب""، في مطنى يدو وأعراب، أي يالمعني الأصلى"
وترفض أى احتمال بالمادة  من أصل إبراز  النموذج  الروحي الصرف على البشرية و الإنسانية,وترفض أي اهتمام بالمارة من أجل إبراز التموذج الروهي الصرف على البشرية والإنانية
وتطورهاو وذلك استناداً إلى أن الفارق الزمني بين الكشف أو القانون أو النظرية,وتطورها و وذلك استناداً إلى أن الفارق الزفي بين الكشف أو القانون أو النظرية
مع فقدان قدر قليل من الكتلة التي تتحول إلى طاقة حرارية هائلة تطلقها الشمس إلى الكواكب المحيطه,مع فقدات قدر قكيل مي الكتلة التي تتحول إلى طاقة حرارية هائلة تطلقها الشمر إلى الكواكب المحرطه
ويمتد اقليم ظفار من سيحوت إلى حدود عمان، وهو هضبة يبلغ ارتفاعها ثلاثة آلاف,ويمتد اقليم ظفار من سيحوت إلى حدود عمان، وهو هضية ببلغ ارتفاعها ثلاته الاقا
والنقش، مما جعل هذه المحاريب قمة في الجمال والجلال .,والنقش، سا جعل قذه المعاريب قمة في العمال والجلال.
تدني مستوى الرعاية الصحية في البلدان الفقيرة. تؤكد منظمة الصحة العالمية,تدني مسنوى الرعابة الصحبة في البلدان الققيرة. تؤكد منظمة الصحة العالمية
الهندسية والتقنية و 6 معاهد تكنولوجية وتوجد (438) كلية هندسة لمنح درجة,الهندسية والتقنية و6 معاقد تكنولوجية وتوجد (996) كلية هندسة لمنح درجة
المسجل في البداية ، ومن النمو الديموغرافي المطرد ، في الرفع من فرص,المسجل في البداية، ومن النمو الديموغرافي المطرد، في الرمع من فرص
و الفقيرة من أكثر الدول تاثرأ بهذه الظاهرة و يعود السبب فى ذلك .,والققيرة من أكثر الددل تاثرأ بهذه الظاهرة ويعود السبب في ذلك .
الوراثية للمحاصيل، والاستخدام الأمثل  للموارد الرعوية، وبالطبع رفع كفاءة وفعالية تقنيات الري.,الورائية للمحاصيل، والاستخدام الأمثل للموارد الرعوية ، وبالطبع رفع كفاءة وفعالية تقنيات الرى..
ذاتها خطيراٌعلى حياة الإنسان .,ذاتها خطراً على حياة الإنسان.
"خطين ) ويسـمون ذلك بالتلجين , والمسافة هذه الاتي بين الخطين",خطين) ويمون ذلك بالتلجيب ، والمسافة هذه الي بي الخصيت
"وتتم الحراثة بهد أن تجف الارض قليلا"" من المطر الموسمي، وهناك من",وتتم الحراثة بعد أن تجف الأرض قليلاً من العطر الموسهي ، وهناك عن
لوجود المياه فيها . أما الارضون التي تعد اليوم من المجموعه الصحراويه.,لوجود المياه فيها . اما الارضون التي تعد اليوم من المجموعه الصحراويه.
قبل الثورة الصناعية الى حوالي 380 جزء بالمليون تقريباً عام2005,قبل الثورة الصناعية إلى حوالي 199 جزء بالمليون تقريباً عام 2005
واستخدام الدورات الزراعية لتحسين خصوبة التربة ومكافحة الآفات وذلك عند المستوى,واستخدام الدورات الزراًعية لتحين خصوبة الربة ومكافحة الآفات وذلك عند المستوى
العام من حافلات و قاطرات وطائرات وبواخر وسفن وشاحنات. كل هذا العدد الهائل من,العام من من فلات وقاطوات وطائرات وبواغر وسفن وشاعنات. كل هذا العدد الهائل من
يلعب الأوزون دوراً كبيراً في وقاية كوكب الأرض من تأثيرات الأشعة فوق,يلعب الأوزون دوراً كبيداً في وقاية كوكب الأرض من تأثيرات الأشعة فوق
9 درجات مئوية في نهايه القرن الماضي . هذه الزيادة في,# درجات مئوية في نهايه القرن الماضي. هذه الزيادة في
هذه ا لكليات المذكورة أعلاه  تتبغ جميع أنظمة الجامعات  التابعة لها، فيما يخص بتدريس,ضوابط وقوانين فيما يختص بعملية الالتعاق بهذه الكليات والرسوم الدرانسية . وان وج تلف
جريت الدراسة على ست أشجار عمرها 17 عاماً ، تم اختيارها عشوائياً من الصنفين غو لدن ديلشيس,جريد الدراسة على ست أشجار عمرها 1 عاماً، ثم اختيارها عشوأئياً من الصنفين غولدن ديليسيس
حرائق الغابات تشكل مصدر خطر للإنسان والبيئه التي يعيش بها كما,حرائق الغابات تشكل مصدد خطر للإنسان والبيئه الي بعيش بها كما
نتنفسه الحيوانات (الشهيق) تقوم هذه الكائنات الحيه بإستهلاك,تتنفسه الحيوانات ( الشهيق) تقوم هذه الكانات الحيه بإستهلاك
قائماً في مناطق مختلفة من البلاد .,مائماً في مناطق مختلفة من البلاد
التفوق الصناعي حلم كل # وطن وأمنية كل دولة تسعى إلى الوقوف في مصاف الدول المتقدمة,التفوق الصناعي علم كل # وطن وأمينة كل دولة تعى إلى الوقوف في مصاف الدول المتقدمة
بحسب درجات الطول والعرض . وقد تكلم في كتابه على مدن البلاد العربية,يحسب درحات الطول والعرض. وقد تكلم في كتابه على مدن البلاد العربية
درجة الحرارة في مواسم # الشتاء خلال الربع قرن الأخير إرتفعت بمعدل,درجة الحرارة في مواسم # الشتاء خلال الربع قرن الأخير إرتفعت بمعدل
نصف سكان الولايات المتحدة ، ومساحتها ومواردها الطبيعية لا تتجاوز عشر مساحـ,لصف بكان الولايات المتحدة، وماتتها ومواردها الطبيعية لا تتجاوز عشر ماد
تشغيل المفاعل بصورة اعتيادية يتم اطلاق منتظم لكميات صغيرة من المواد المشعة إلى الهواء و الماء الخارجين .,تشفيل المفاعل بصورة اعيادية يتم اطلاق منتظم لكميات صغيرة من المواد المشعة إلى الهواء والماء الخارجين .
الطاقة المتجددة والبديلة والمتمثلة بالطاقة المنتجة عن طريق الرياح.,الطاقة المتجددة والبديلة والمتمثلة بالطاقة المنتجة عن طويق الرياح.
الصفراء، وماؤها عيون تجري الى ينبع، وهي لجهينة والانصار,المفراء، وماوها عيون تجري الى ينبع، وهي لجهنة والارصار
"غرفة بسيطة، وقالت للشخص الموجود بها: ""أنا قادمة من","عرقة بسييطة، وقالت للشخص الموجود بها: ""أنا قادمة من"
بتنوع كبير، وبقدرة فائقة على الاندماج والتلاحم . لقد تمكنت روافده,بتنوع كبير، وبقدرة فائقة على الاندماج والققلاحم. لقد تمكنت رواقده
من الغازات الخامله عندما توجه بالقرب من سطح الارض وعندما تصل الى طبقه الستراتوسفير,من الغازات الخامل عنما توج بالورب من سطح الارف وعندما تصل الى طبق الستراتوفيد
وجده مدوّناً. وهذا ما حدا العلماء قديما وحديثا إلى البحث في هذا الموضوع:,وبده مدوّثاً. وهذا ماعداالعلما، قديما ودديئاً إلى البحث في هذا الموصوع.
3000 مفقود من سكان المنطقه وتهجير وتشر يد مئات الالاف من السكان,2000 مفقود من سكان المنطقه وتهجير وتشريد مئات الالاف من السكان
ورثتيه حديثاً. و ما أنت بخائنة في نفسك و لا في مال بعلك. إلا أن,ورتته حديثاً . وما أنت نجائنة في نفسك ولا في عال بعلك. إلا أن
عن سطح البحر، وجيل وثر وجبل شيبان . وتنخفض هذه السلسلة عند دنوها من مكه.,عن سطح البجر، وجيل دثو دجيل شيبان. وتنحفض هذه السلسلة عند دنوها من مكه.
هذا المعنى أي  معنى البداوة والأعرابية  والجفاف والقفر ، وردت اللفظة  في العبرانية  وفي لغات,هذا المعنى أي معنى البداوة والأعرابية والجفاف والقضر ، وردت اللفظة في العرانية وفي لفات
"اليوم الموضع الذي يقال له ""مهد الذهب""، ويقع إلى الشمال من المدينة باستخراج الذهب","اليوم الموصع الذي يقال له ""مهد الذهب""، ويقع إلى الشمال من المدينة باستخراج الذهب"
نوهتنا كثيراً وشوهت تاريخنا وفرقتنا ولاشك بأنه أن الأوان أن,توهتنا كثيراً وشوهت تاديخنا وفرقتنا ولاشك بأنه آن الأوان أن
نوبل ، في مأمن لتفصح عن اعتراضها على التسويق العنيد للمؤلفين الشباب,نوبل، في مأمن لتفصح عن اعتراضها على التسويف الصنيد للمؤلفين الثباب
خلق أطروحة إبداعية,خلق أطروحة إبداعية
و سواء با النسية .,وسوار باالنب..
باظافة نسبة من الاسمنت 2 الى 3% بواسطة الماء ثم توضع الخلطة فى,لأنخافة نسبية من الاسمتت 2 الى 1% يواسطة الماء ثم تكوطع احلهة ف
وتتخلل الحجاز أودية عديدة، منها وادي إضم الذي ورد ذكره في اشعار الجاهلية وفي اخبار سرايا,وتتخلل الحجاز أودية عديدة، منها وادي إضم الذي ورد تكره في اشعار الجاهلية وفي أخبار مرايا
". و يتم عقد برامج ""ضمان اجتماعي"" للطلاب الذين لم يحققوا المستوى المطلوب في المرحلة","ويم عقد لرامج ""خمان اجتماعي"" للطلاب الذين لم يعققوا المستوى المطلوب في المرجلة"
أن يكون عليه المدن .  نعم إنها تبدو  للناس فى هذه الأيام في صورة,أن يكون عليه المدن . نهم إنها تبدد للناس في هذه الأيام في صورة
لم ينبح . صحيح أنه كانت هناك العديد من التحتيتات الصحفية من بفداد (أهمها بوابة القتلة لجورج,لم ينبج . صمح أنه كانت هناك لعديد من لتحنيقات الصحضة من عداد أأهمها بوابة القتلة لجورج
ظاهرة الاحتباس الحراري:,طاعرة الاحتباس الحاري.
الديموغرافي#  فإن العدد المطلق للفقراء  استقر في خمسة ملايين ، في المعدل  المتوسط ،,الديموغم افي فإن العدد المطلق للفقراء استقر في حمسة ملايين ، في المعدل المتوسط،
عرف أصحايها  .,عرق أصحايها.
الحضر في الغالب، ولا سيما لأهل الريف، أما الأعراب فإن استفادتهم منها غير,الحضر في الغالب، وكاسيما مأهل الريف، أعبا الأعراب فإن استفادتهم فها غير
للأرض .وتبلغ نسبه معامل الانعكاس للأرض حالياً 3%,لعلأرض . وتبلغ نبه معامل الاتعكاس للأرضرا حالياً 2%
جمعوية ، أضحى نشاطها يتزايد بإطراد ، خلال العشرين سنة الأخيرة .,جمعوية، أضحى نشاطها يتزايد بإطراد، خلال المشدين سنة الأخيرة.
تنظم حياة الإنسان حصيلة من القيم والمعارف الثقافية ، و لقد لجأ,تنظم حياة إلإنسان حصيلة من القيم والمعارف الثقافية، ولقد لجأ
مما يؤدي الى بروز عصر مناخي جديد سماه العصر البشري.,مما يؤدي الى بروذ عصر مناخي جديد سماه العصر البشري.
إن القطع المتزايد للأشجار للأغراض الصناعية وتحويل الغابات إلى مزارع الانتاج,إن القطع المتزايد للأشجار للأصغراض الصاعية وتحويل الغابات إلى مزائع الإانساج
بالارتفاع  عن معدلاتها .  وهذا يعني أن  خاصية  عكس الأشعة,بالارتفاع عن معدلاتها . وهذا يعنى اكن خاصية عك الأشعة
المتميزة التي لم يسبق أن توصل إليها الانسان فهي العلوم الربانيه التي أوحاها,المتميزة العي لم يسبعد أن توصل إليها الانسان فهي العلوم الربانيه التي أوحاها
و 10% إيثانول . يخفض الوقود الحيوى غازات الدفيئة لأن الكتلة الحيوية,و10% إيثاتول، يخفض الوقود الجيوى غازات الدفيئة لان الكتلة الحيوية
فدخل عليه رجل كان له جاراً وكان لي صديقاً . فلم يعرض,فدخل عليه رجل كان له جاراً وكان لي صديقاً . فلم يعرض
البعض، مما يجعل  من الصعب  تناولها بمقاربات أحادية التخصص .,البعض ، مما يجعل من الصعب تناولها بمقاريات أعادية التخصص.
الحمائية والتدخلية  الاقتصادية والاجتماعية للدولة . ومع سنة 1983 ، وبموازاة مع الشروع,الجمانية والتدخلية ولاقتصاديه والاجتما عية للدولة . ومع سنة 1990، وبموازاة مع الشردع
الأولى من تاريخ العلم في علاقته بالتكنولوجيا .,الأولى من تاريشخ العلم في علاقت بالتكنولوجيا.
الوصول إلى المنكو بين .,الوصول إلى المنكوبين.
ويبلغ هذا  الأجر نصف ما يحصده الرجل وعائلته أو ثلثه ، حسب خصوبة الموسم و و في,ويبلغ هذا الأجر نصف ما يحصده الرجل وعائلته أوثلثه ؛ سبب خصوبة الموسم ووفي
حكومة المدينة وسلطانها  . وذهبت فلورنس إلى أبعد من هذا فدعت في عام  1106,حكومة المدينه وسلطانها. وذهبت فلورنس إلى أبعد من هذا فدعت في عام 100
ما بين 10- 40% في القرن العشرين وجنوب الكره الأرضيه اذ يتفاقم جفافه,فاين 10- 100% في القرن العشرين وجنوب الكره الأرضيه اذتيفاًقم جفافه
وقد يتغير الطقس بين ساعة واخرى اومن يوم إلى أخر او من فصل إلى أخر في,وقد يتغير الطقس بين سساعة وائرى اومن يوح إىا أخر اومن قصل إلى قصل أخر في
ومختلف  أشكال  العوز و الحاجة ؛ كلها  معطيات تدفع # إلى,ومختلف أثكال العوز والحاجة؛ كلعا معطيات تدفع # إلى
شخص، توفى 55% منهم بسبب البراكين والهزات الارضيه والتسونامي و36% نىيحه للاعاصير.,سحص، نوعى 15%مهم ببا اليرا والهرزاب الارضية والستونايي و15 أيدعي الاى صير
النبات والأشجار تأثيراً كبيراً . واذا استمرت مدة طويلة، سببت تلف,النبات والأشجار تأثثيراً كبيراً. واذا استعرت مدة طويلة، سبيت تلف
الغلاف الجوّي بالرّطوبة (بخار الماء) ويعتبر عامل أساسي في تلطيف,الغلاف الجوي بالرطوية (بخار الماء) ويعتبر عامل أساسي في تلطييف
"بدأ الرحله الأولى ""في اكتوبر من سنه 1882م""، وختمها في شهر آذار","بدأ الرحلا الأور"" في اكتوبل من سه1992م، وختمها في شهر اذار"
اعتبار أن التاج المنخفض يسهل من عمليات الخدمة الزراعية ا خصوصا عمليتي التقليح وتوحيه نمو الطرود,اعتبار أن التاج المنخفض يسهل من عمليات الخدمة الذراعية ،خصوصا عمليتي التقليم وتوحيه نحو الطرود
ّ1% (دنجر، 2009). ينتج عن استهلاك وسائط النقل عالمياً كحميات هائلة,اإ% (دبجر و2005% ينتج عن استهلاك وسائط النقل عالمياً كحميات هائلة
بما فيها بلجيكا وروسيا، وايطاليا الخ والمقتنيات فيه وافرة ونادرة للغاية,بما فيها بلجيك وريوسيا وابطالي الخ والمقتييات فيه وافرة ونادرة للغاية
أمرها شيئا. ولست مبالغا إذا قلت إن كثيرا من الأخبار قد ماتت لموت الشعر الذي قيل في مناسباتها،,أمرها شيئا. ولست مبالغا إذا قلة إن كثيرا من الأخيار قدماتت لموت الشعر الذي قيل في مناسباتها،
انطلاقا من وضعية اقتصادية صعبة ، عمل المغرب المستقبل على  بناء  اقتصاد  وطني عصري ،,انطلاقاً من وضعية اقتطادية صعبة ، عمل الغرب المستقبل على بناء اقبصاد وطي عصري :
على عدتك . و أن اليوم مذكذا سنة أنتظر ما و عدت لا أرى منة مليلاً و لا كثيراً,على عديك . وأن اليوم مذ كذا وكذا سنة أنتظر ما وعدت لا أرى منة مليلاً ولاكثيراً
أولاً : رياض الأطفال يعد تعليم رياض الأطفا ل,أولاً : رياض الأطفال يعد تعليم رياض الأطضاد
ألسنه العوام من قولهم : ينظر إلى ا شزراً كأني أكلت اثنين و اطعمته واحد ً,ألسنه العوام من قولهم : ينظر إلى شزرأ كأي أكلت اثنين وأطعمته واحدا
وصل الى عشرين متراً مما أدى الى الحاق اضراراً كبيرة,وصل الى عشرين متراً مما أدهى الى الحاق اضراراً كبيرة
هذا ويلاحظ أ عدداً من القبائل العربية الضاربة في الشمال والساكنة في العراق,هذا ويلاحض أعدداً من القبائل العربية الصتارية في الشمال والساكنة في العراق
"في بلاد العرب"" .","في بلاد العرب""."
العام 1850 ولحد الان. في حين سجل العام 1969 ثاني أعلى معدل للاعاصير المدمرة,العام 1995 ولحد الان. في حين سجل العام و195 ثاني أعلى معدل للاعاصير المدمرة
اللهجات و تراكيب اللغة و مرجع يفزع إليه في معاني هذه المفردات,اللهجات وتراكيب اللفة وموجع يفزع إليه في معاني هذه المغردات
نمو الأصل والأصناف المستخدمة وبنظاح الزراعة المتبع ، والتي تساهم بتمديد المسانات,ممو الأصل والأصناف المستخدمة وبنظام الزراعة المتبع، والتي تساهم بتمديد المسانات
"العمود الفقري لجزيرة العرب. وترتفع زهاء ""9000 - 11000"" قدم","العمود الفقري لجزيرة العرب وترتفع زهاء 100- 1000"" قدم"
التى تتجه نحو دول اميركا الشمالية كثيراً ما اصابت هذه,ولتى تتجه غصد ول أميركا المدتمالية كثيراً ما اصايت هذهه
عن مدنهم وقراهم مما أدى الى زيادة في معانات السكان بسبب الفقر والمجاعة,عن مدنهم وقراهم مما أدى الى زيادة في معانات السكان بسبب الفقر والمجاعة
طاقة الكتلة الحيوية و هي كل انواع المواد المشتقة من النبات التي يمكن,طاقة الكتلة الجيوية وهي كل انواع الموادا لمشتقة من النبات التي يمكن
أيدينا تدريجياً و مَعرض للضياع لنضيف بذلك عنصراً آخر لانتهاكات الانسان,أيدينا تدريجاً ومعرض للضياع لفضيف بذلك عنصراً آخر لانتصاكات الإنسان
وإنما ورد ألينا متواتر أمن الكتب المدونة في الإسلام .,وإنما ورد ألينا متواتر أمن الكتب المدونة في الإسلام.
يعالق  و معلط لح هيدروبونك على أنظمة الزراعة في عحاليل مغذية بدون,يصالق ومصلط لح هيددروبونك على أنظمة الزراعة في محاليل مغذية بدون
تزايد بشكل أكبر وصل إلى حد ان كميات الجليد المتواجدة فوق هذه الجبال,تزايد شكل أكير وصل إلى حد ان كميات الحليد المتواجدة فون هذه الكبال
عن طريق استخدام الحرارهـ الناتجه هـ عن عمليات الإنشطار,عن طريق استخد ام الحرارهـ الناتجههـ عن عمليات الإنشطار
الكتاب الرقمي لايمكن تخيلها. كي تكون كاتبا باللغة الانجليزية,الكقاب القمي لايمكن تحتلها. كي تكون كامي باللغة لاتتجليزية
وبعض زياد ر جلآ له محدثاً واشتراه على الرائد أن يكون مسدداً,وبعص ريادر جلةً له محرثاً واشتراط على الران أن يكون مسدداً
نوعياته ، وفي إذا ما كانت السلالة الجغرافية للنويع أو تمثل مرتبة أدنى، وفي هذا,نوعياته ، وفي إذا ما كانت اسلالة الجفرافية للنويع أو تمثل مربنة أدف، وفي هذا
على أنها كراسة موصفات  جامدة  شأنها  شأن قوائم  المشاريع  التي,على أنها كراسة موصفات جامدة شأنها شأن قوائم المشاريع التي
أن كروية الارض ودورانها حول الشمس يجعل الاشعة الشمسية الحرارية تصل,أن كدوية الارض ودورانها حدل الشمس يجعل الاشعة الشمسية الحرارية تصل
اللغة وقوامها ذلك مما لمدلولاتها من أثر في توجيه الحياه على الأرض وصياغتها,اللغة وقوامها ذلك لما لمدلولاتها من أشر في توجيه لحياه على الأرجن وجياغتها
السابقة الذكر فهل يتحفقق في المراحل التعليمية التالية والتي نعني بها الدراسات العليا والأبحاث,السابقة الذكر فهل يتحفق في المراحل التعليمية التالية والتي نصي بها الدراسات العلياو الأمحات
"فى حلاقه المستوى التعليمى بإستخدام الأسمدة العضويه فى الانتاج الزراعى ,",في حلاقه المستوى المتعلمسي بإستحدام الأسمدة العضويه في الافتاج الزراعي،
"هذة السلسلة الجبليه الطويله التي تنتهي في اليمن تشاهد ""لابات"" الحرِار وبقايا","هذة السلسلة الجيليه الطونيه التي تنتهي في اليمن تشاهد ""لابات"" الحرار وبقلا"
منخفض الحرارة ذي درجة حرارة بحوالي 70 درجة مئوية تحت الصفر,منخفض الحرارة ذي درجة حرارة بحوالي 10درجة مئوية تحت الصفر
يحصل التلوث الهوائي نتيجة للعوامل الطبيعية النمتلة بالبراكين وحرائق,يحصل التلوت الهوائي نتجة للعوامل الطبيعية المتمتلة بالبراكيو حرأئق
(السي الدي) ، لا أعتقد أن الكتب ستستبدل بمواد يتم تحميلها من على,(السي الدي)، لا أعتقد أن الكتب ستستبدل بموال يتم تحميله من على
معدلات درجة حرارة كوكب الارض ومحيطها الغازي وبعضهما وصلت,معدلات درجة حرارة كوكب الأرضى ومحيطها الغازي وبعضها وصلب
تعاون اوسع واموال اكثر لانهما تماولتا الجوانب السية عن قرب.  وتشدد نصوص,"تعاون اوسع داسوال اكور"" لانهما تماولتا الجوانب الصية عن قرب . وتشدد تصوص"
الذي يجعل ضرورة بناء برنامج إرشادية لتقابل هذه الاحتياجات المعرفية في مجالات,الزي يجعل ضرورة بناء برنامج إرشادية لتقابل هذه الاحتياجات المعرفية في مجالات
"كثير  من الحالات ، شكلت "" الوصاية الإحلالية""  عامل كبح في الوقت الذي","كثير من الحالات، شكلت ""الوصاية الإحلالية"" عامل كبح في الوقت الذي"
"قصير الامد وتسمى بالطقس وبعضها طويلة الأمد وتسمى المناخ.ويعرف الطقس بانه ""حالة الغلاف","قصير الامدوتسمى بالطقس وبعصها طويلة الأمد وتسمى بالمناح . ويعرف الطقسى بانه ""حالة الغلاف"
السكاني وتزايد الحاجه للطاقة الى زيادة استهلاك الوقود الاحفوري,السكاني وتزايد الحاجه للطاقة الى زيادة استهلاك الوقود اللاحفوري
"الشاب الانكليزي المستشرق الذي استطاع في شباط سنه 1929 م إن يخترق لأول مرة ""الربع",نهب نوح مظفر ضر غام بصحبه رؤوق بن لؤي رايقظا فر عطعوط وهلال خازن خيف لحج برأت ة وافلكبيع اج
والإنسانيات والدراسات الاجتماعية ، والتقنية.,والإنساييات والدراسات الاجتماعيه ، والتظييه.
"و يشاهد في وداي تثليث على مقربة من ""حمضة"" و على مسافة 183 ميلا من نجران","ويشاهد في وادي تثليث على مقربة من ""حمضة"" وعلى مسافة 19% ميلا من نجران"
رأس السنة الميلادية ، وعيد الفصح . ويستغل باقي الإجازة الصيفية,راس السنة الميلاديية، وعيد الفصح: ويستغل باقى الإجازة الصيغية
"وأقصد بالكتب "" الكلاسيكية"" الكتب اليونانية والاتينية المؤلفة قبل الإسلام . ولهذه الكتب -","وأقصد بالكتب ""الكلاسيكية"" الكتب اليونانية والاتينية المؤلفة قبل الإسلام . ولهذه الكتب-"
وأكاسيد النتروجين. من جانب آخر يؤدي الإعتماد على الطاقة الشمسية في تشغيل المحطات,وأكاسيد النتروجين. من جائب آخر يؤدي الإعتماد على الطاقة الشعسية في تشغيل المحطات
الى اختلالاً واضحاً بالتوازن الطبيعي لغاز ثنائي اوكسيد الكربون مما,الى اختلالاً واضعاً بالتوازن الطبيعي لغاز ثنائي اوكسيد الكربون مما
وهناك طائفة من المؤرخين النصارى من روم وسريان عاشوا,وهناك طائفة من المؤرخين النصاري من روم وسريات عاشوا
الجزيرة مع الطرق الخارجية . و بفضل الجمل القادر على تحمل العطش .,الجزيرة مع الطرق الخارجية . وبفضل الجمل القادر على تحمل العطش.
في صياغة التكنولوجيا،,في صياعة التكنولوجياء
عادة قلع المباني القديمة لاستخدام أنقاضها فيَ مبان جديدة، والاعتداء على الأطلال,عادة قلع المباني القديمة لا ستخدام انقاضها في مبان جديدة، وللاعتداء على الأطلال
يكون هدفها الرئيسي حل مشكلة بطريقة علمية وتختلف عن السابق في كون,يكون هدفها الرئيسي حل مشكلة بطريقة علمية وتختلف عن المسابق في كون
تركيز غاز ثناني اوكسيد الكربون في الغلاف الجوي.,تركيز غاز ثاني اوكسيد الكريون في الغلاق الجوي .
التواصل. وينعى خورشيد، فكرة تقسيم الأدب العربي إلى مراجل سياسييه,التواصل. وينعى خور ثيبد، فكرة تقييم الأدب العربي إلى مراجل سياسينه
الطاقة الكهربائية في تامين إحتياجاتهم اليدمية المتزايدة في مجلات الحياة المختلفة,الطاقة الكهربائية في تامين إحتياجاتهم اليدمية المتزايدة في مكلات لحياة المختلفة
بإهميه الزراعة المســتدامه و إقناعهم بمجالات استحدامها .,يإرهميه الزراعة المستداعه وإقتاعهم يمجالات (ستحدامها.
من غوائل الدهر التي من شأنها أن تذيب الشعوب و تشتت شملها أو,من غوائل الرهد التي من شأنها أن تذيب الشعوب وتشتت تملها أو
"ووضع أسس متينة لدراسة عرفت بعد ذلك باسم ""الدراسة العربية الجنوبية"" وقد استعان","ووضع أسس عتبتة لعراسة عوفت بعد ذلك باسم ""الدراسة العربية البمنويية"" وقد اسعان"
ما نصنع بالجوارشن واشتد على غلمانه في تصفية الماء وفي تبريدة وتزميله لأصحابه,ما لصتع بالجوارشن وأشتل على غلمانه في تصفية الماء وفي ببريدة وتزميله لأوباه
و مساقط المياه لإنتاج الطاقه ، و تعتبر من أنظف الطاقات المتجدده والأكثر,ومسساقط المياه لإنتاج الطاقه ، وتقبر من أنظف الطاقات المتجدده والأكثر
وظل الرواة يتوارثون هذا التقسيم كلما بحثوا في تاريخ العرب قبل الإسلام،وفي موضوع,وظل الرواة يتوارثون هذا التقصيم كلما بجثوا في تاريئخ العرب قبل الإسلام، وفي موضوق
أو أن يفهم رسالته في الحياة فهماً صحيحاً حتى يتمكن مع أن يعيش,أو ان يفهم رسالته في الحياة فهاً صحيياً حتى يتمكن مع أن يعيش
في تعريف الجنس وفي صفات الأخباس وفى  المسائل الأخرى المتعلقة بهذا الموضوع مختلفة  ، ولا سيما,في تعريف الجنس وفي صفات لأجناس وفي المسائل لأخرى المعلقة بهذا لموضوع منمتلفة، ولأسيما
"ديوانه بالنون ، ولابأس في ذلك اذ هو نون حقا""، ولكن لاوجه  للكسر،",ديوانه بالنون، ولا يأس في ذلك اذهو نوم حقاً، ولكن لاوجل للكر،
عنه في كل مكان,عنه في خل معان
"و وردت لفظة ""عرب"" في عدد كبير من كتاب ""الحضر""  و وردت مثلا في النص","ووردت لفظة ""عرب"" في عدد كبير من كتاب ""الحهر"". ووردت مثلافي النص"
بأسرع من خطفه البازي و انحدار العقاب من غير ان يكون اكل عنده,بأسرع من خطقه البازبي وانحدار العقاب م# عيزان يكون اكل كند
تسبب الكوارث البيئية وبشكل خاص الجفاف والتصحر والفيضانات في بعض الأقاليم,تسبب الكوارت البدئية وبشكل خاص الجفاف والتصحر والفيضانات عى بعض الأقليم
"مالي المجر الى استراليا ومنها الى دول عديدة . تقول ""  منذ ذلك","مالي المجر الى استراليا ومها الى دول عدايدة . تقول"" منذ ذلك"
الإيكولوجية الوطنية، وستحسن نوعية النمو الاقتصادي، ونسبة استخدام الموارد,الإيكولوجية الوطيته، وستتحس نوعية النمو الاقتصادي ، وندسبتة استخدام الموارد
و هي أكثر الدول تعاني من مساويء هذه الظاهرة  (شكُلْ 3),وهي أكثر الدول تماني من مساوي هذه الظاهرة. (شكل كم
الموقع له  في المضرة  سلوك ناتج عن خلق غير محمود .,الموقع له في المصرت سلوك ناتج عن خلق غير ملمود.
حقوق الملكية الثقافية مثل حقوق براءة الإختراع، حقوق العلامة,حقون الملكية الثقافية متل رقوق برادة الإختراع، حقوق ال#مق
الرياح إن تعبث فيها بكل سهولة  وتتمكن الرياح التي سرعتها 18,الرياح إن تبعث فيها بعل سهولة وتتمكن الرياع التي سرعتها ك
"العنان لذاكرتها، تسرد كل ما يخطر ببالها. إنه يس ""السياب""","الضان لذاكرتها، تسرد كل ما يظر ببالها. إنه ييس السيداب"""
إنما هو لأهل مرو . قال : و قال ألمروزي: لولا أنني أبني مدينه .,إنما هو لأهل مرو. قال : وقال المروزي: لولا أنني أبتني مدينه .
الانتاجية في الشهر,الاتاجيية في المنهى
أما الفقرات التي تلي الفقره الأولى ، فإن كلا منها تأخذ الشطرة الرابعة من سابقتها فتجعلها,أما الفقرات التي تلي الفقرة الأولى ؛ فإن كلا منها تأخذ الشطرة الرابعة من سابقتها فتجعلها
وتشجع برامج العمل الوطنية على إدماج السكان، ومنظمات المجتمع المدني، غير أن,وتشجع برامج العمل الوطنية على إدهاج السكان، ومنظهات المجتمع المدين، غير أن
في غلاف كحوكحب الارض. يستهلك قطاع الإسكان في منطقة الخليج,في غلاف كحو كب الارض. يستهلك قطاع الإسكان في منطقة الغليج
من العسير علينــا  أن نــقول  إلى أى حد أثرت زخارف  الكتب من حيث موضوعها,من العسير علينا أن تقول إلى أي عد أثرت زخارف الكتب من حيث موضوعها
سيارات صغيرة ) وما تستهلكه من أنواع الوقود ناهيك عن الإستخدام المتزايد والمفدط,سيارات صغيرة ) وما تستهلكه من أنواع الوقود ناهيك عن الإستخدام المتزايد والمفرط
للإسلامين بها،  ذكروا في التوراة وفى كتب اليهود الأخرى وفي,للإسلامعن بها، ذكر وافي التوراة وفي كتب اليهود الأخرى وفي
الرلقية. غير ان  التقارير الوطنية لا تساعد على تسليط  الضوء  بصورة واضحة على التآزر,الريقية . غيران التقارير الوطية لاتتساعد على تسليط الصود لصورة واجقحه على التأزر
كل ما أتت عليه,كل ما أتتا عليه.
وكان  أبناؤها يتلقون تعليماً يختلف كل الاختلاف عن تعليم الجماعات . لإن أبناء الأشراف,وكان أيتاؤها يتلقون تعليماً يحتلق كل الاخثلاف عن تعليم الجماعات . لأة أيقاء الأمشراق
والسدود المائية وموت ستة أشخاص نتيجة أرتفاع منسوب مياه الأنهر .,والسدود المائية وموت ستة أشخاص تتيجة أرتفاع منسوب مياه الأنهر
تقع جمهورية ألمانيا الإتحادية (الفدرالية ) في وسط أوربا ، يحدها من الشمال,تقع جمهورية ألمانيا الإتحادية (الفدرالية ) في وسط أوربا ، يجدها من الشمال
إلى سطح الأرض . وتتكون هذه الأشعة من ألوان مختلفة هي : البنفسجي,إلى سطح الأرض. وتتكون هذه الأشعة من ألوان مختلفة هي: النفسجي
ثم ياتي بالشطر الثاني ويكرره كذلك مراه عديدة . وينصح حاد آخر الحصادين لكي,تم ياتي بالثطر الثاني ويكوره كذلك مرت لديدة. وينصح حاد آخر لحصادين لكي
النفقة على الملاك الإقطاعيين . ذلك أن إيجار أرضهم والأموال التي كانوا يحصلون,النفقة على الملاك الإقطاعيي . ذلك أن إجار أدضهم والأموال التي كننوا يحصلون
40% من العربان في البدازيد الإيثانول 100% كوقود بينما,15% من العربان في البرازيل الإيثانول 110% كوقود بينها
"ان اتبحر فيه وفي أصله ما دمت لا أملك ""السجل"" نفسه، لا القديم منه ولا الجديد","ان اتبحر فيه وفي أصله مادمت لا أملك ""السجل""نفسه، لا القديد منه ولا الجديد"
جرث ويبذر قبل نزول المطر و,عرث ويبذر قبل تزول المصر و
الاستباية مبدئياً بعرضها على ستة من أعضاء هيئة التدريس بقسح الإرشاد,الاستباية مبدئياً بعرضها على ستة من أعضاءهيئة التدريس بقسح الإرشلا
هي تلك لإيام (هيوز ، موردوك ، مايلر ، هيلر ، جان ، ميلر . فونجته ).,هي تلكك الايام (هيوز،. موردوك، مايلى، هيلر، جان ، ميلى . فونجت )
وقد عرف الجمل بوجود غزيرة الإنتقام فيه، و بعدم نسيانه أذى,وقد عرف الجمل بوجود غزيرة الإنتقام فيه، وبعدم نسيانه أذى
وفى الاندلس وفرنسا ان قد كان مقصد موسى تن نصير رحمه الله العوده الى دشف,وفى الاندلس وفرنسا ان قد عان معصد موس ثند يضير رحهر الن العوده الى نشف
السادس عشر من تشرين الثاني 2007 وادى الى دماد كبير في البيئة,السادم عشر من تشوين الثاني 2000 وادى الى دمار كبير في البيئة
من جانب آخر  تؤكد بعض  التقارير إن الجليد في القطب الشمالي,من جاني آخر تؤكد بعض التقارير إن الجليد في القطب الشمالي
لاستشراف العقدين المقبلين . ولذلك فهو يتوخى مساهمة وطنية ، # تحركها الروح الوطنية ومراعاة شروط الموضوعية.,لاستشراف العقدين المقبلين . ولذلك فه ويتوخى مالهمة وطنية ، # تحركها المروط الوحية ومراعاة شروط الموضوعية .
قضية تشغل حيزا كبيرا من اهتمامات الراي العام . وكان مؤتمر ستوكهولم للبيئة,قضيه تشغل جيز اكبيرا من اهتمامات الراي العام . وكان مؤتمر ستوكهولم للبيئة
خارج الهرم الجامعي تقدم برامج لجامعة وتنتشر ضمن منطقة جغرافية محددة,خارج الهرم الجاممي تقدم براجج لجامعة وتنقشر ضمن منطقة جغرافية محددة
أدت هذه الأسباب إلى زيادة الصراعات بين السكان,ادت هذه الأسباب إلى زيادة الصرعات منه السكان
تمتلك كلاً من العراق و السودان و مصر أكبر موارد مائية مقدارها على التوالي 58.65.75,تمتلك كلاً من العراق والسودان ومصر أكير مواردمائية مقد ارها على التوالي 11.19.50
صحروية، وكان في الأزمنة السابقة من المحلات المزروعة، وبه بساتين,صحروية وكان في الأزمة السايفة من المحلاك المرروعة، وبه يسايين
الاعمال الذين كانوا يشرفون عليها  وبشجاعتهم . فقد,الأعمال الذين كالوا ينرمؤن عليها وبشجاعةم. فتد
ويمكن أن ننشأ الطاقه الميكانيكيه .,ويمكن أن نشأ الطاقه الميكانيكيه.
"""أعراب"" و لم يقصد بها قوميّة، أي علم لهذا الجنس المعروف، الذي يشمل","أمراب"" ولم يقصد بها قومية، أي علام لهذا الجنس المعروف، الذي يشمل"
وقد علل القائلون بنظرية أن حزيرة العرب هي مهد العرب,وقد علل القائلون بنظرية أن لزيرة العرب هي مهد العرب
تهافتهم عليها  أن اقرارتها  لم تكن شديدة الظلم وكان في مقدور,قهافتههم عليها أن اقرارثها لم تكن شديدة الظلم وكان في مقدور
وتيرة تزايد عدد السكان,وشيرة تذايو عددلسكان
في منازلهم و عند اخوانهم و في حالات كثيره و مواضع مختلفة و رأيت اكلهم,في مناذلهم وعدد اخوافهم وفي حالات كثره ومواضع نختلفة ورأيت اكلهم
"وإذا ما سألتني عن معنى لفظة ""عرب"" عند علماء العربية، فإني أقول لك: إن","وإذا ما سالتتي عن معنلى لقظة ""عرب"" عند علماء العربية، فإنى أقول لك. إن"
"وقد قام الصيدلي الفرنسي ""توماس يوسف أرنو""  برحلة إلى اليمن، كانت","وقدقا م الحيدلي الغرنسي ""توما س يوسف أرنو "" برحلة إلى اليمن ، كانت"
، وككل ثورة تقع وكما يقع حتى الآن، وسم الإسلام الجاهلية، بكل منقصة و,، وككل ثورة تقع وكما يقع حتى الآن ، وسم الإسلام الجاهلية، بكل منقصة و
فكانت الأرض تزرع كل عام ولكن خصبها كان يجدد مرة كل ثلاث سنين بزرع,فكانت الأرض تزرع كل عام ولكن خصبها كان يجدد مرة كل ثلات سنين بإرع
"المكملة "" للتعليم الثانوي الإلزامي ""  وتستمر هذه المرحلة "" البكالوريا "" سنتين وتشكل","المكملة """"للتعليم الثانوي الإلزامي "" وتستمر هذه الجرحلة .البكالوريا"" سننتن وتشكل"
فإنها ما زالت ترقع قميصاً لها وتلبسه حتى صار القميص الرقاع وذهب القميص الأول . ورفت كسائها,فيإنها ماز الت ترقع قميماً لها وتليسه حتى صار القميص الرقاع وذهب المقميص الأول. ورفت كسائها
من بساطة في تصميمها وخفية عناصرها .ولنا الكثير من الأمثلة المشابهة,من بساطة في تصميمها وخغية عناصرها. ولنا الكثير من الأمثلة المشابهة
وان أخبارا خلقت خلقا،,وان أخبارا خلقت خلقا،
شرع بعض من زملانها الحكام بتعليقات سريعة عن الروايات التي طلب إليهم,شرع بعض ق زعلاخها الحكام بتعليقات سريعة عن الروايات التي طلب إليمهم
اليونسكو في تثمين هذا التراث للتاريخ الانساني القديم، ودعت,اليونسكو في تتمين هذا الراث للتاريخ الانسافي القديم، ودعت
وتسارعت الكوارث الناجمه عن الظروف المناخيه والبيئيه حول العالم، #,وسارعت الكوارث الناجمة عن الإظروف لمناخيه ولبيئيه حول العالم. #
في التطور الصناعي,في التطور الصناعي
وقد أورد في الكتاب أسماء أخذت من التوراة ذكرها بنصه كما تلفظ,وقد أورد في الكتاب أسما، أخذنا من التدراة ذكردما بنصه آماً تلفظ
أعتباراُ من الأعوام 1850-1970 ميلادية حوالي 50% من # كميات,أعتباراً من الأعوام 190- 1995 ميلادية حوالي 15% مند #كميات
التى يتمتع بها .,إلتي يتمتع بها.
المستقبلية القادمه ؟ هذا ما سنحاول لاجابة عليه في هذه المقاله :,المستقبليه القلادمه ؟ هذا ما سنحاول لاجابه عليه في هذه المقاله :
"الدخول لي؟"".  أتم الموظف المسؤول الإجراءات بأدب جم، ثم أخرج",النخول لى ن.أثم الموظف المسؤول الإجراءات بأدب جيم، تم اخرج
التي ادت الى هطول أمطار غزيرة تسببت في تشريد مليون شخص من مدنهم وقراهم وتسببت,التي ادت الى هطول أمطار غزيرة تسببت في تشريد مليون شخص من مدنهم وقراهم وتسبت
السكان من طعام غني أو فقير، من حبوب وأثمار وخضر وحيوان،,السكان من طعام عنى أو فقير، من جبوب وأتصار وخضر وحيوان،
والنقمه . فإن كانت لائمه او الخوف ######## . ولولا انك سألتني,والنقمه . فإن كانت لانمه او بالخوف ## بالعريم لهمن وملولاي فكي فااي
واتضح من البيانات الواردة بنفس الجدول أن أكثر هذه المجالات معرفة هي,واتضح من البيانات الواردة بنقس الجدول ان الكثر هذه المجالات معرفه هي
والعمل على تلافي تواحي القصور  في الهياكل  الاساسية . الخدمات لاساسية. وتنمية المناطق,والعمل على تلافي تواصي القصور في الهياكل لاساسية الحويات لاساسية. وتتمية المناطق
وفي باريس  مائة . وفي عام 1245  أصدر إثين بوالو .,وفي باريس مائة . وفي عام 11095 أصدر إين بوالو
وىعي الطريقة الطبيعية للتطريد في النحل وبها يزيد من عدد طوائفه.يخزن النحل الصغير العسل في أعلى القرص,ويعي الطريقة الطبيعية للتطريد في النحل وبها يزيد من عدد وائفه . لخزن الذحل اصغير العسل في أعلى القرص
زيادة  ارتفاع حرارة  كوكب الأرض وقد يفاقم مشكلة,زيادة ارتفاع حرارة كوكب الأرض وقو يفاقم وشكلة
المركز. كما # يتعين تشجيع الأنشطة المحلية التي تضطلع بها المؤسسات,المركر . كاي# دتعين تسجيع الانشطة المحلية التي تضطلع بها المؤسسات
ايضاً إلى تحرير ابخرة وغازات تتصاعد إلى الغلاف الجوي وتسبب تلوثاً خطيراً للهواء,ايفياً إى تحرير انجرة وغازات تتصاعد إلى الغلاف الجوي وتسبب تلوما خطيراً سهواء
لأنحاء العالم ،والاختلاف بين المصنفين والمربين في استخدام الصفات . وهنا اشدد,لأنخاء العالم، والاختلاف بين المصنفين والمربين في استخدام الصفات . وهنا أشاد
ويتمتع الجهاز بالكثير من الخواص التي يتمتع بها الكتاب الإلكتروني,ويتمتع الجهاز بالككثير من الخواص التي ييمتع بها الكتاب# إلكتروى
مغاطس طبيعية تخلص المحيط الحيوي من غاز ثنائي أوكسيد الكربون,منحيه يعن تقله المسيط الحيف من غان تنات أوكسه الكريون
في بعض بلدان الاستقبال ، كما تمثل إمكانا مهما لبلدها الأصلي .,في ض بلدان الاستقبال ، كما تمثل إمكانا مهما لبلدها الأصلي.
"هي""جاسم"" الذين نزلوا بعمان والبحرين،وبنوهيف،وسعد،وهزان الأولى","هي ""جاسم"" الذين نزلوا بعمان والبحرين، وبنوهيف، وسعد، وهزات لأولى:"
الإضطلاع بمهامها إلى حد كبير ، حيث نجحت ، بالرغم من العجز المهول ،,الإخدطلاع بمهامها الى حد كبيرف حيث نجعت ، بالرغم من العجز المهول،
والغريب بشأن انتعاشة الكتب تلك في زمن حزب العمال الجديد أنها,والغريب بشأن انتتعاشة الكتب نلك مي زمن حزب العمال الجديد أنها
اله سيد ، وكان مايعطي له من الارض جزاء له على خدمته وولائه لا اكثر ولا أقل .,الحنسيد، وكان ما يعطي له من الارض جزاء له على حدمته وولاته لا اكثي ولا أقل.
وتتحول بدلك من الحالة السائلة على شكل بخار ماء.,وتتحول بدلك من الحالة السائلة على شكل بخار ماء.
فنحن الآن إذا اغتسلنا صار الماء صافياً لم يخالطه شيئ . والحمار أيضاً لا تقزز,منمن الأن إذا اغتسلناصار الجاد صاقياً لم نجالطر شيئ . والجمار أيضاً لاتقزز
الطريقة ولكن لم # تستطع هذه الطريقة الصمود أمام المنافسة الشديدة,الطريقة ولكن لم # تستطع هذه الطريقة الصمود أمام المنافسة الشريدة
يتجمع  البشر في  جماعة  بدوية ثم  ينتقلون إلى مرحلة أخرى وهي مرحلة الحضر والقوة,يتجمع البشر في جماعة بدوية ثم ينتقلون إلى وحة أخرى وهي مرحلة الحضر والقوة
الواحد بعد تحويله إلى طن .,الداق بعد كويله إلى طن .
والرسوم الإقطاعية التي أضحت لطول العهد بأدائها مقررة واجبة الأداء ،,والرسوم الإقطاعية التي أضحت لطول العهد بأرائها مقررة واجية الأداء،
المهاجرين والدول المستقبلة لهم. يتجلى ذلك بشكل كبير,الحهاجرين والدول المستتقبلة لحم يتجلى ذلك بنشعل كببر
الشعبية الشائعة .. وهو لا يستند لفرد بعينه ، بل نشارك الجماهير في إبداعه,الشعبية الشائعة .. وهو لا يستند لفرد بعينه ، بل نشارك الجماهير في إبداعه
تركيزات هذا الغاز المنبعثة للغلاف الجوي . تساهم المسطحات المائية,تركيزات هذا الغاز المنعثة للغلاف الجوي . تساهم المسطحات المائية
الزراعة المستدامة ، عند توزيع الزراع المبعوثين وفق للغيم الرقمية المعدة من مسنوى مهاراتهم,الزراعة المندامة، وعند توزيع الزراع المبعويدن وفق للغيم الرضمية المعرة من منوى معارانح
والموارد المختلفة ، والحضارة الوسط تؤكد علينا بأن دورنا للحصول على,والموارد المختلقة، والحضارة الوسط تؤكد علينا بأن دورنا للحيول على
وشمالأ رأس تنورة الممتد إلى محاذاة الجزيرة من الشرق. وتعتبر,وشما لأرأس تنورة الممتد إلى محاذاة الجزبرة من الشرق . وتعتبر
نتج مدينة تيانجين التي تطل على ساحل البحر وضفة النهر، ملح تشانغلو,نتج مدينت تياغين التي تطل على ساحل البجر ضفة الييهر، ملح تشانغلو
"أية أدله أخرى غير هذا التشابة اللفظي الذي نلاحظة بين ""سرسين"" وبين ""سارقين""، وهو من قبيل","أية أدله اخرى غيمر هذا التشابة اللفظي الذي نلاحظة ين ""ريين"" وبين ""سارقين""، وهو من قبيل"
بعض الغموض من الذي يكتنف هذا الجانب و سنتعرف على الأماكن الأصليه في اليمن.,بعضه الغمومن الذي يكتنف هذا الجانب وسنتعرف عى الأماكن الأصليه في اليمن-
الأرض من النيتروجين بنسبة 78% والأوكسجين بنسبة 21%  وغازات أخرى## مثل الأركون,الأرض من اليتروجين بنيسية 19%% والأوكسجين بسة 11% وغازك أخرى ## مثل الأركون
وكما أفاد الجمل أهله الفوائد المذكورة المعلومة، من ناحية حمله ولحمه وجلده ووبره، كذلك أفادت النخلة,ويما أنفاد الجمل أهلا الفؤاد المذكورة المعلوعة، من ناحية عمله ولعمه وجليد ووبره ، كذلك أخارت النخلة
"التأريخ العام من المسلمين مثلاّ، فعل ""الطبري"" في تأريخه، طريقه لا يمكن أن تكون","التأريع العام من المسلمين مثلاً، فعل ""الطبري"" في تأريخه، طريقه لا يمكن أن تكون"
الجهاز التنفسي (الزفيز). حيث تزداد نسب غاز ثنائي اوكسيد الكربون في هواء الزفير عن,الجهاز التنفسي (الزفيز، حيث تزداد نسب غاز ثنائي أوكسيد الكربون في هواء الزقير عن
وسيسبب خسائر ماديه تقدر بالاف المليادات من الدولارات.,وسيسبب خسائ باديه تقدد بالاق المليادات من ولدوالارات.
الرئيسية المؤدية إلى اليمن .,الريئسية المؤدية إلى اليمن.
الكسر الفخارية المتنوعة وبعضه يعود إلى عصور ما قبل الإسلام,الكر الفخارية المتنوعة وبعضه يعود إلى عصور ما قبل الإسلام
في تدفئة سطح الأرض حتى يمكن الحيَاة علية ، فبدونها قد تصل,في تلدفئة سطح الأرض حتى يمكن لحياة علية، فيدونها قن تصل
آخده في الانخفاض والميل في الشرق.,أخده في الأنفاض والميل عني الشرق.
مدخل عدم التسامح فيما يتعلق بعلامات الترقيم - والذي يمثل دعوة من لين تروس للاستخدام,مدخل عدم التسامح فيما يتعلق بعلامات الترقيم - والذي يمثل دعوة من لين تروس للاستخدام
وعلى صعيد التنفيذ و التجربة قررت الحكومة الفرنسية تنفيذ حارة أخرى في ضاحية إيل دابو,وعلمى صعيد التنفيذ والتجرية قررت الحكومة الزرنسية تنفيذ حارة أخرى في ضاحية إيل دابو
انهم أهل بادية وأن حياتهم حياة الاعراب . ومن هنا غلبت,أمهم أهل البادية وان جياتهم حياة الاعراب. ومن هنا غليت
على نحو يصبح فيه التصحر عاملاً يحول دون عودة هذه النباتات والتربة والنظم الإيكولوجية,على تحو يصبح فيه التصحر عاملاً يعول ددن عورة هذه البباتات والتزبة والنظم الإيكولوبية
وإن خالفت سلبيلي صار مالك وديعةً عن غيرك وصار غيرك,"وإن خالفت سلبيلي صار مالكع وديعة"" عن غيرك وصار غيرك"
1 ـ اكتساب وتعديث التعليم # الأساسي ، والانفتاح على المستويات المختلفة للنظام,ا.اكتساب وتعديث التعليم # الأساي ، والأنفتاح على المستويات المفتلفة للنظام
ما يعرضها من عوائق.,ما يعرضها من عوائق .
منذ الاستقلال، حقق مستوى الصحة لدى المغاربة، تقدما ملحوظا، تمكنت بلادنا، بفضله،,منذ الاستقلال، حقق مستوى الصحة لدى المغاربة، تقدما ملحوظا، تمكنت بلادنا، بفظله ،
العرب الذين تعارف العلماء الإسلاميون على اعتبارهم عرباً فمنحوهم,العرب الذين تعارف العلماء الإحلاميون على اعتبارهم عربا فمنحوهم
صحنها متسع مع ما في ذلك من الخطار بالأنفس و التغريز بالأموال و تعرض الحرم ليلة,صحنها متسع مع ما في ذلك من الخطار بالأنف والتغريز بالأموال وتعرض الحرم ليلة
استخدام بيئات صلبة بالإضافة إلى استخداح بيئات صلبة خاملة ، أما مصطلح,استخدام بيئات صلبة بالإضافة إلى استخداح بيئات صلبة خاملة ، أما مصطلح
"و تربية الكائنات المائية "" كالربيان و الأسماك "" غير أن هناك من يخشى أن","وتربية الكائنات المائية ""كالربيان والأسماك ""غير أن هناك من يخشي أن"
وتأكدت ظاهره الحركية السوسيو-  جغرافية ، وتراجع التضامن,وتأكدت ظاهره الحركية السوسيو- جغرافية، وتراجع التضامن
من هنا هدفت الدراسة الى تمديد نمو أشجار الصنفين المطعمين على الفسائل والمسنحدمين,من هنا هدفت الدراسة إلى تحديد نمو أشجار الصنفين المطعمين على الفسائل والمسمدين
وضد الملك . وكان البرج من داخل  مظلماً، ضيقاً محصوراً ، قليل النوافذ,وهقد الملك . وكان اليرج من داقل مظلماً، ضيقاً محصوراً ؛ عليل البواقق
أكثر تطبيقات التحويل ،,أأكشر تطبيقات التحويل.
مما يسفر عن حجب هذه الاشعة القصيرة و امتصاص الاشعة الطويلة ،وقد يكون تأثير السحب,هما يسفر عن حجب هذه الاشعة القصيرة وامتصام الاشعة الطويلة، وقد يكون تأثير السحب
مضغوطاً في قناني الإطفاء لإطفاء الحرائق.,مضؤطاً في قناني الإطفاء الإطفاء الحرائق.
و سل عني المشتبهة و ذباجي الجزيرة : كيف بطشي ساعة و البطش و كيف حيلتي ساعة الحيلة,وسل غي الميشيهة وذباجي الجزيوة :كيف بطيئي ساعة البطشى وكيف حيلتي ساعة الحيلية
كثافة الهواء بها قليلة و تنخفض بها درجة الحرارة حتى,كثافة الهواء بها قليلة وتن خفض بها درجة الحرارة حتى
"ولاسيما كتب ""الاخبار والمثالب والمناقب والمآثر والأنساب"" فإنّ مجال","ولاسبما كتد الاخبار والمثالب والمناقب والمالد والألساب"" فإن مجال"
قصور  الأشراف فى إنجلترا ، وألمانيا ، وفرنسا ، وهى القصور التى,مصور الأشراف في إفجلترا، والمماتيا، وفرتسا، وهي القصدور إلتي
وبعد دراسة التطورات ومكامن العجز والمكتسبات ، في مختلف الميادين ، يقترح التقرير,وبعد دراسة التطورات ومكامن العجز والمكتسبات، في مختلف الميادين ، يقتدح التقدير
و العصور الجليدية التي مرت بها الأرض . تشير نظريته إلى أن الأرض كوكب دائري # غير منتظم,والعصور الجييدية التي مرت بها الارض . تشير نظريته إلى أن الأرض كوكب دائري # غير منتظم
وتقوية  الملوك ، وكان  تحمس  الاشراف  في المنازعات الحربية,وتقوية الملوك، وكان تحمس الاسراف في المنازعات ولحريية
رفع مستوى معارف الزراع بمنطقه الخرج في كافه مجالات الزراعه المتقدمه,رفع مستوى معارف الزراع بمنطلقه الخرج في كافه مجالات الزراعه المتقدمه
(الزراعة المـــائية ) أو الحصي أو الرمل أو البيرليت أو الفورموكوليت,(الزراعة المائية ) أو الحصي أو الرمل أو البيرليت أو الفور موكوليت
